枠,順位,キャラID,名前,コスト,HP,Power,スキルターン,スキル種類,v7下限勝率,完成デッキ勝率,完成デッキコスト,残コスト,デッキ探索数,運用例採用,完成デッキ
1,1,em-3e2d46063b3e,なっとくん様,70,8026,4618,1,skill_reduction,0.5177,0.5764,199,1,8,いいえ,なっとくん様 / vにゅーさん / トランシルヴァニア家族 / クェーサルと仲間たち / 巨大カンテツ
1,2,em-22f9d46fe6f4,ウサウサ八幡,88,10872,5964,6,skill_reduction,0.5122,0.5139,185,15,7,いいえ,ウサウサ八幡 / コロちゃん / ????? / ブハラ師匠 / モンさんミッシェル
1,3,em-dec390a52ee6,英国ストヘン技師,70,8861,4260,2,damage_reduction,0.5063,0.6111,199,1,8,いいえ,英国ストヘン技師 / vにゅーさん / トランシルヴァニア家族 / クェーサルと仲間たち / 巨大カンテツ
1,4,em-3deff3291fd4,有閑カノープス,70,5112,6816,2,attribute_change,0.4858,0.5903,199,1,8,いいえ,有閑カノープス / vにゅーさん / トランシルヴァニア家族 / クェーサルと仲間たち / 巨大カンテツ
1,5,em-05c5072dc080,橘の元祖☆みっちー,75,9798,4515,4,skill_reduction,0.4752,0.4931,199,1,8,いいえ,橘の元祖☆みっちー / vにゅーさん / サルパちゃん / 愛のぴよ子 / 財閥だ浅ちゃん！
1,6,em-39a2f0d8ec72,ロードスのエルフ騎士,44,4430,5623,6,skill_reduction,0.4636,0.5417,190,10,8,いいえ,ロードスのエルフ騎士 / ノローニャ・パイセン / 夜光虫ほたるん / 跛荒の鉄男大先生 / 財閥だ浅ちゃん！
1,7,em-8d38e9c3aa92,オルカアタッカー虎子,70,9202,6134,1,attack_buff,0.4619,0.4931,200,0,8,いいえ,オルカアタッカー虎子 / vにゅーさん / サルパちゃん / 愛のぴよ子 / ダル飯☆杏
1,8,em-daac43f51729,四悪妖・鵺,88,9542,5964,1,attribute_change,0.4588,0.4931,200,0,7,いいえ,四悪妖・鵺 / ペーチパイセン / 愛のぴよ子 / 跛荒の鉄男大先生 / ラパヌイ先生
1,9,em-d6ea073b633e,鬼八先生,60,8861,2556,3,delay,0.4538,0.5139,191,9,8,いいえ,鬼八先生 / ペーチパイセン / トランシルヴァニア家族 / ブハラ師匠 / 財閥だ浅ちゃん！
1,10,em-7c0ef69518eb,有砂小町２ＰＣ,40,5112,5112,4,delay,0.4519,0.5208,186,14,8,いいえ,有砂小町２ＰＣ / ノローニャ・パイセン / 夜光虫ほたるん / 跛荒の鉄男大先生 / 財閥だ浅ちゃん！
1,11,em-d7873747b412,藤のフヒッティ,75,10735,3578,1,damage_reduction,0.4469,0.5,180,20,8,いいえ,藤のフヒッティ / ノローニャ・パイセン / ????? / ブハラ師匠 / 旧市街地の魔物
1,12,em-cec2f0ad9373,Dr.フォックス,40,4089,4430,4,delay,0.4437,0.5347,186,14,8,いいえ,Dr.フォックス / ノローニャ・パイセン / 夜光虫ほたるん / 跛荒の鉄男大先生 / 財閥だ浅ちゃん！
1,13,em-076a0181e290,夏の海の天の川伝説,77,9372,5623,6,heal,0.442,0.5278,195,5,8,いいえ,夏の海の天の川伝説 / 北間・クラリス嬢 / ????? / 百華百彩久連子 / 財閥だ浅ちゃん！
1,14,em-cd52b65347bc,フローラさま,75,11161,3408,1,attack_buff,0.4409,0.4931,198,2,7,いいえ,フローラさま / vにゅーさん / トランシルヴァニア家族 / 愛のぴよ子 / シミ
1,15,em-adcf70bfd425,2人はフェレナント君,37,2982,5964,1,attribute_change,0.4405,0.5417,194,6,8,いいえ,2人はフェレナント君 / ノローニャ・パイセン / 田島の春 / 諏訪子成長期 / モンさんミッシェル
1,16,em-a447724e3bc1,ヴァレサバ☆関くん,54,4055,5759,0,guard,0.4403,0.5069,197,3,8,いいえ,ヴァレサバ☆関くん / vにゅーさん / トランシルヴァニア家族 / トキシッくんｵｯｽｵｯｽ / 財閥だ浅ちゃん！
1,17,em-37ae218b7e9e,有砂小町,40,5112,5112,7,skill_reduction,0.4395,0.4931,186,14,8,いいえ,有砂小町 / ノローニャ・パイセン / 夜光虫ほたるん / 跛荒の鉄男大先生 / 財閥だ浅ちゃん！
1,18,em-bbce42d72486,東がエデン,50,5112,5112,0,attribute_change,0.4374,0.5,199,1,8,いいえ,東がエデン / vにゅーさん / トランシルヴァニア家族 / 諏訪子成長期 / 巨大カンテツ
1,19,em-378cec222ec5,熱ぅい！地獄雀,45,5964,3408,5,revive,0.4367,0.5833,200,0,8,いいえ,熱ぅい！地獄雀 / ノローニャ・パイセン / ターヌムンゴネキ / ブハラ師匠 / 財閥だ浅ちゃん！
1,20,em-21f078527946,マノすん博士,40,4771,3408,7,delay,0.4365,0.5417,186,14,8,いいえ,マノすん博士 / ノローニャ・パイセン / 夜光虫ほたるん / 跛荒の鉄男大先生 / 財閥だ浅ちゃん！
1,21,em-e15fbf6ecd0c,シャーロック&エッジュ,41,4260,5112,2,skill_reduction,0.4363,0.5139,187,13,8,いいえ,シャーロック&エッジュ / ノローニャ・パイセン / 夜光虫ほたるん / 跛荒の鉄男大先生 / 財閥だ浅ちゃん！
1,22,em-2f36c9341591,☆龍神☆尊氏様,85,9372,5623,2,multi_hit_attack,0.4358,0.4861,170,30,7,いいえ,☆龍神☆尊氏様 / コロちゃん / ????? / ブハラ師匠 / シミ
1,23,em-cd5bbd27a3ee,熊とか絶対殺すマン,40,4086,4771,5,delay,0.4346,0.5069,186,14,8,いいえ,熊とか絶対殺すマン / ノローニャ・パイセン / 夜光虫ほたるん / 跛荒の鉄男大先生 / 財閥だ浅ちゃん！
1,24,em-23b2ea75fccd,金野デメ子さん,39,4430,5112,0,attribute_change,0.4333,0.4931,196,4,8,いいえ,金野デメ子さん / ノローニャ・パイセン / 田島の春 / 諏訪子成長期 / モンさんミッシェル
1,25,em-2a5e6ca1207c,ケーンクラちゃん,81,9713,4089,6,damage_reduction,0.4329,0.5347,193,7,7,いいえ,ケーンクラちゃん / 北間・クララさん / 田島の春 / 財閥だ浅ちゃん！ / シミ
1,26,em-70a9a07ea8d9,うさ☆八幡さま,60,5964,5964,6,delay,0.4298,0.4514,186,14,8,いいえ,うさ☆八幡さま / 北間・クラリス嬢 / 田島の春 / 家族贖罪という字面 / 御嶽さん
1,27,em-32538f7c8341,熊殺しのサンタマン,58,6560,4345,5,delay,0.4296,0.4722,199,1,7,いいえ,熊殺しのサンタマン / vにゅーさん / トランシルヴァニア家族 / 愛のぴよ子 / 財閥だ浅ちゃん！
1,28,em-6ceef8f285a4,可愛馬！真純ちゃん,41,5964,4566,2,multi_hit_attack,0.4291,0.5208,187,13,8,いいえ,可愛馬！真純ちゃん / ノローニャ・パイセン / 夜光虫ほたるん / 跛荒の鉄男大先生 / 財閥だ浅ちゃん！
1,29,em-a06f040c9490,冬の加奈多パレード,80,9542,5282,2,attack_buff,0.4285,0.4792,200,0,7,いいえ,冬の加奈多パレード / トランシルヴァニア家族 / 愛のぴよ子 / みどりのたけしマン / ラパヌイ先生
1,30,em-e7f75bf37d9f,あっついさん,40,6134,2726,0,heal,0.426,0.5139,200,0,8,いいえ,あっついさん / コロちゃん / 哀哭のオオウミガラス / ブハラ師匠 / 八狗神伏姫様
1,31,em-09a7a163b0cd,沼南ぱモーセ,38,2556,5623,2,attack_buff,0.4243,0.5417,195,5,8,いいえ,沼南ぱモーセ / ノローニャ・パイセン / 田島の春 / 諏訪子成長期 / モンさんミッシェル
1,32,em-c2dc184a86c0,爆誕！さくどん,45,3408,4260,9,delay,0.4241,0.5139,191,9,8,いいえ,爆誕！さくどん / ノローニャ・パイセン / 夜光虫ほたるん / 跛荒の鉄男大先生 / 財閥だ浅ちゃん！
1,33,em-4784572b893f,シントラーのリスボン,32,5680,3786,0,attribute_change,0.4225,0.5,199,1,8,いいえ,シントラーのリスボン / vにゅーさん / トランシルヴァニア家族 / 跛荒の鉄男大先生 / シミ
1,34,em-33880cee5e60,三貴子ツクヨミ,75,10735,4686,3,damage_reduction,0.4207,0.4722,199,1,8,いいえ,三貴子ツクヨミ / vにゅーさん / サルパちゃん / 愛のぴよ子 / 財閥だ浅ちゃん！
1,35,em-3e7e7e54a83d,妖精女王ミカーンニア,45,3408,4771,2,skill_reduction,0.4203,0.5139,191,9,8,いいえ,妖精女王ミカーンニア / ノローニャ・パイセン / 夜光虫ほたるん / 跛荒の鉄男大先生 / 財閥だ浅ちゃん！
1,36,em-9667a89799b5,冬の双子姫,77,9628,4686,2,damage_reduction,0.4199,0.4722,185,15,8,いいえ,冬の双子姫 / コロちゃん / 田島の春 / 諏訪子成長期 / 巨大カンテツ
1,37,em-94dc3d86f691,碧海のオフタルもん,75,10054,3919,4,multi_hit_attack,0.4189,0.5,182,18,7,いいえ,碧海のオフタルもん / 脱力コンビあろま＆るる / ????? / ブハラ師匠 / まそお姉ちゃん
1,38,em-93a9275d427c,肉食ドゥブロさん,32,5106,3404,3,attack_buff,0.4184,0.5556,196,4,8,いいえ,肉食ドゥブロさん / ノローニャ・パイセン / 田島の春 / ブハラ師匠 / 財閥だ浅ちゃん！
1,39,em-bdcce3725e8b,修験鬼ギュウちゃん,85,9372,5453,1,damage_reduction,0.418,0.4444,199,1,8,いいえ,修験鬼ギュウちゃん / 北間・クラリス嬢 / ????? / 跛荒の鉄男大先生 / 財閥だ浅ちゃん！
1,40,em-95e1d74be5b6,Ｈ・Ｆ・ウーマン,47,6305,3748,2,guard,0.4166,0.5139,196,4,8,いいえ,Ｈ・Ｆ・ウーマン / vにゅーさん / トランシルヴァニア家族 / 諏訪子成長期 / 巨大カンテツ
1,41,em-681c8662f2b6,まさか殿(ｼﾞｬｰｼﾞ),55,6475,3748,6,delay,0.4166,0.4722,196,4,8,いいえ,まさか殿(ｼﾞｬｰｼﾞ) / vにゅーさん / トランシルヴァニア家族 / 愛のぴよ子 / 財閥だ浅ちゃん！
1,42,em-814151a5ca65,登別ッキー,35,2556,6134,2,skill_reduction,0.4163,0.4861,196,4,8,いいえ,登別ッキー / vにゅーさん / トランシルヴァニア家族 / 花火戦隊サイガーRe / シミ
1,43,em-e394b3795363,伝説の少女キャンディ,50,5507,5507,7,skill_reduction,0.4146,0.4583,200,0,8,いいえ,伝説の少女キャンディ / 北間・クラリス嬢 / 田島の春 / 跛荒の鉄男大先生 / ラパヌイ先生
1,44,em-a7fc49aa8c73,広報担当：アッシュ,37,5112,3748,2,attribute_guard,0.4136,0.5278,178,22,7,いいえ,広報担当：アッシュ / vにゅーさん / トランシルヴァニア家族 / 愛のぴよ子 / 財閥だ浅ちゃん！
1,45,em-4c764571b9ab,お稲荷様のパシリ,47,6816,3408,1,attack_buff,0.4116,0.4931,192,8,8,いいえ,お稲荷様のパシリ / ノローニャ・パイセン / 田島の春 / 諏訪子成長期 / シミ
1,46,em-c3d00c8f1bd5,竜馬は撃ちぬけない,30,4430,4430,1,attribute_change,0.4114,0.5,197,3,8,いいえ,竜馬は撃ちぬけない / vにゅーさん / トランシルヴァニア家族 / 跛荒の鉄男大先生 / シミ
1,47,em-11cceded3ad2,創造主・アヌンナキ,70,4260,5964,3,damage_reduction,0.4091,0.5139,199,1,8,いいえ,創造主・アヌンナキ / vにゅーさん / トランシルヴァニア家族 / クェーサルと仲間たち / 巨大カンテツ
1,48,em-f3be7c12380c,魔女ランダ,44,3067,5623,2,attribute_change,0.4086,0.5139,197,3,8,いいえ,魔女ランダ / ノローニャ・パイセン / 田島の春 / 跛荒の鉄男大先生 / 巨大カンテツ
1,49,em-9d5a58645c8c,カロニスタ・ヴェニ子,37,4444,4444,2,attack_buff,0.4082,0.5139,198,2,8,いいえ,カロニスタ・ヴェニ子 / vにゅーさん / トランシルヴァニア家族 / 花火戦隊サイガーRe / シミ
1,50,em-94f677409ee2,月甲のルナタスピス,75,10224,4543,3,guard,0.4082,0.4583,200,0,8,いいえ,月甲のルナタスピス / 北間・クラリス嬢 / 伊予・タウロス / みどりのたけしマン / 御嶽さん
1,51,em-039b9996f6f0,おろろセット先輩,45,1363,5623,5,delay,0.4081,0.5069,191,9,8,いいえ,おろろセット先輩 / ノローニャ・パイセン / 夜光虫ほたるん / 跛荒の鉄男大先生 / 財閥だ浅ちゃん！
1,52,em-49b522eac464,ジェヴォたんは狼？,43,3006,6022,4,multi_hit_attack,0.408,0.5347,189,11,8,いいえ,ジェヴォたんは狼？ / ノローニャ・パイセン / 夜光虫ほたるん / 跛荒の鉄男大先生 / 財閥だ浅ちゃん！
1,53,em-563e34211286,大抵カールのせい,50,4686,5112,1,damage_reduction,0.4078,0.4931,199,1,8,いいえ,大抵カールのせい / vにゅーさん / トランシルヴァニア家族 / 諏訪子成長期 / 巨大カンテツ
1,54,em-a04fcf6167db,いはと先生,17,2093,3059,3,delay,0.4074,0.5278,200,0,8,いいえ,いはと先生 / ノローニャ・パイセン / 田島の春 / 跛荒の鉄男大先生 / ラパヌイ先生
1,55,em-f2a813466bbe,The★Youなリバ子,50,5770,3113,0,heal,0.407,0.4861,182,18,8,いいえ,The★Youなリバ子 / コロちゃん / 田島の春 / ブハラ師匠 / 財閥だ浅ちゃん！
1,56,em-7547c480c963,ウミユリーず,60,4430,6475,5,skill_reduction,0.4062,0.4444,191,9,8,いいえ,ウミユリーず / ペーチパイセン / トランシルヴァニア家族 / ブハラ師匠 / 財閥だ浅ちゃん！
1,57,em-5819b668aba5,ﾌﾗｲﾝｸﾞ･ﾀﾞｯﾁさん,41,3403,4601,5,delay,0.4047,0.4861,187,13,8,いいえ,ﾌﾗｲﾝｸﾞ･ﾀﾞｯﾁさん / ノローニャ・パイセン / 夜光虫ほたるん / 跛荒の鉄男大先生 / 財閥だ浅ちゃん！
1,58,em-6b4baf5a6b1b,ＫＫマリテレ様,51,6368,2926,1,attribute_change,0.4037,0.4931,192,8,8,いいえ,ＫＫマリテレ様 / vにゅーさん / トランシルヴァニア家族 / 愛のぴよ子 / 財閥だ浅ちゃん！
1,59,em-6262a008b5c9,脱力コンビあろま＆るる,38,3067,5623,2,skill_reduction,0.4029,0.4653,179,21,8,いいえ,脱力コンビあろま＆るる / vにゅーさん / トランシルヴァニア家族 / 愛のぴよ子 / 財閥だ浅ちゃん！
1,60,em-a818769b8b91,田島の春,44,1618,5112,2,multi_hit_attack,0.402,0.5347,190,10,8,いいえ,田島の春 / ノローニャ・パイセン / 夜光虫ほたるん / 跛荒の鉄男大先生 / 財閥だ浅ちゃん！
1,61,em-90b0d123f99e,かんきゅっちゃん,15,2817,2817,5,delay,0.4017,0.5139,193,7,8,いいえ,かんきゅっちゃん / 北間・クラリス嬢 / 哀哭のオオウミガラス / 百華百彩久連子 / 財閥だ浅ちゃん！
1,62,em-08c96cb40803,ノローニャ・パイセン,43,5964,3410,1,attack_buff,0.4016,0.4931,197,3,8,いいえ,ノローニャ・パイセン / vにゅーさん / 愛のぴよ子 / 跛荒の鉄男大先生 / ラパヌイ先生
1,63,em-010ca8278422,伊賀NINJA!,42,1704,5112,3,skill_reduction,0.4014,0.5,188,12,8,いいえ,伊賀NINJA! / ノローニャ・パイセン / 夜光虫ほたるん / 跛荒の鉄男大先生 / 財閥だ浅ちゃん！
1,64,em-f565b0314902,覚醒大氷怪・雪愛,37,4345,4515,1,attribute_change,0.4014,0.4931,194,6,8,いいえ,覚醒大氷怪・雪愛 / ノローニャ・パイセン / 田島の春 / 諏訪子成長期 / モンさんミッシェル
1,65,em-35db097208c5,勝斧・冠,60,6816,4089,1,attack_buff,0.4013,0.4583,200,0,7,いいえ,勝斧・冠 / 北間・クラリス嬢 / ????? / 家族贖罪という字面 / 碧海のオフタルもん
1,66,em-45aa4b2348d2,鬼一方眼,80,12780,3578,5,attack_buff,0.4012,0.4653,200,0,7,いいえ,鬼一方眼 / トランシルヴァニア家族 / 愛のぴよ子 / みどりのたけしマン / ラパヌイ先生
1,67,em-490ce6c4d005,ア、ショーカ大王,45,3067,4601,3,multi_hit_attack,0.401,0.5347,191,9,8,いいえ,ア、ショーカ大王 / ノローニャ・パイセン / 夜光虫ほたるん / 跛荒の鉄男大先生 / 財閥だ浅ちゃん！
1,68,em-6b69fff3a46d,怒るよ!!勝斧さん,47,6164,3748,1,attack_buff,0.4008,0.4792,190,10,8,いいえ,怒るよ!!勝斧さん / 脱力コンビあろま＆るる / 愛のぴよ子 / みどりのたけしマン / 碧海のオフタルもん
1,69,em-370ba5df8d09,悪霊狩人ちび大助,81,8776,5879,5,multi_hit_attack,0.4004,0.4792,200,0,7,いいえ,悪霊狩人ちび大助 / 北間・クララさん / 鹿喰らいの狼マン / みどりのたけしマン / バビるわバビル君。
1,70,em-d518108f13e3,トランシルヴァニア家族,45,5350,6059,2,multi_hit_attack,0.4,0.4722,198,2,8,いいえ,トランシルヴァニア家族 / vにゅーさん / サルパちゃん / ブハラ師匠 / 八狗神伏姫様
1,71,em-d1a3ff650b2f,メテオ大好きっこ,26,4669,3229,0,attack_buff,0.3998,0.4931,196,4,8,いいえ,メテオ大好きっこ / vにゅーさん / トランシルヴァニア家族 / ブハラ師匠 / 八狗神伏姫様
1,72,em-27802083d7f5,チュニスさん,50,5964,3919,4,skill_reduction,0.3994,0.4583,199,1,8,いいえ,チュニスさん / vにゅーさん / トランシルヴァニア家族 / 諏訪子成長期 / 巨大カンテツ
1,73,em-814b464a2192,ナナホシ,50,5044,5044,3,skill_reduction,0.3994,0.4514,197,3,8,いいえ,ナナホシ / vにゅーさん / 愛のぴよ子 / 跛荒の鉄男大先生 / 財閥だ浅ちゃん！
1,74,em-1749aff71419,ミシャグジさまさま,60,6986,3578,2,attack_buff,0.3992,0.4931,197,3,7,いいえ,ミシャグジさまさま / 北間・クラリス嬢 / 田島の春 / 諏訪子成長期 / ラパヌイ先生
1,75,em-760bb0daf1c9,ゲキ悪オヤジ(神),53,5112,5112,6,delay,0.399,0.4444,193,7,8,いいえ,ゲキ悪オヤジ(神) / vにゅーさん / トランシルヴァニア家族 / ブハラ師匠 / ハリウッドナナコ師匠
1,76,em-fca49f3752f8,電波姫☆いまりちゃん,38,3919,4260,3,delay,0.3989,0.4722,199,1,8,いいえ,電波姫☆いまりちゃん / vにゅーさん / トランシルヴァニア家族 / 花火戦隊サイガーRe / シミ
1,77,em-b2d6a846bb36,哀哭のオオウミガラス,75,9713,4941,2,damage_reduction,0.3985,0.4444,196,4,8,いいえ,哀哭のオオウミガラス / 脱力コンビあろま＆るる / 愛のぴよ子 / 諏訪子成長期 / 財閥だ浅ちゃん！
1,78,em-b78d9042e361,サルパちゃん,28,4362,3748,2,multi_hit_attack,0.3984,0.5139,198,2,8,いいえ,サルパちゃん / vにゅーさん / トランシルヴァニア家族 / ブハラ師匠 / 八狗神伏姫様
1,79,em-28c6b952551d,海の昇竜貫,33,4601,3408,2,attack_buff,0.398,0.5139,200,0,8,いいえ,海の昇竜貫 / vにゅーさん / トランシルヴァニア家族 / 跛荒の鉄男大先生 / シミ
1,80,em-2a26d74bb300,鮫っ子！フカオちゃん,21,4430,2996,5,attack_buff,0.3973,0.5417,200,0,8,いいえ,鮫っ子！フカオちゃん / vにゅーさん / トランシルヴァニア家族 / ブハラ師匠 / ダル飯☆杏
1,81,em-225255ba2e90,華美なるミシュル嬢,22,3864,2524,1,heal,0.3963,0.5417,200,0,8,いいえ,華美なるミシュル嬢 / vにゅーさん / トランシルヴァニア家族 / 諏訪子成長期 / ダル飯☆杏
1,82,em-33e6bfd45207,みさきパイセン,22,2737,3059,3,multi_hit_attack,0.3962,0.5486,200,0,8,いいえ,みさきパイセン / コロちゃん / きぬたン / 三貴子ツクヨミ / ダル飯☆杏
1,83,em-e121ae05cb4a,戦国ドラグーン,32,3919,5112,0,attribute_change,0.396,0.4583,188,12,8,いいえ,戦国ドラグーン / 脱力コンビあろま＆るる / きぬたン / 諏訪子成長期 / モンさんミッシェル
1,84,em-d020ce26e899,ＴＡＳマニア先輩,40,5964,3418,3,skill_reduction,0.3955,0.4653,186,14,8,いいえ,ＴＡＳマニア先輩 / ノローニャ・パイセン / 夜光虫ほたるん / 跛荒の鉄男大先生 / 財閥だ浅ちゃん！
1,85,em-357427c8f331,反魂タン昼食TIME,27,3067,5623,4,attack_buff,0.3952,0.5139,200,0,8,いいえ,反魂タン昼食TIME / 北間・クラリス嬢 / 田島の春 / 三貴子ツクヨミ / ダル飯☆杏
1,86,em-4e2a71a8e1a6,ハチモドキアブ,55,5623,6100,2,revive,0.3952,0.4653,182,18,8,いいえ,ハチモドキアブ / えかちぇたん / 田島の春 / みどりのたけしマン / 八狗神伏姫様
1,87,em-f5955c15b029,ばんば新年2026,60,7668,3438,1,attack_buff,0.3951,0.4583,195,5,7,いいえ,ばんば新年2026 / 脱力コンビあろま＆るる / 愛のぴよ子 / ????? / 碧海のオフタルもん
1,88,em-ffde6d61f228,有頂天☆安倍晴明,45,3936,4771,5,skill_reduction,0.3944,0.4653,191,9,8,いいえ,有頂天☆安倍晴明 / ノローニャ・パイセン / 夜光虫ほたるん / 跛荒の鉄男大先生 / 財閥だ浅ちゃん！
1,89,em-03ca4c2f4e9d,勝手にストゥッツさん,51,6560,3786,0,attribute_change,0.3942,0.4444,200,0,8,いいえ,勝手にストゥッツさん / vにゅーさん / トランシルヴァニア家族 / 諏訪子成長期 / 巨大カンテツ
1,90,em-7fafc017f6f6,水蛭子リターンズ,43,6816,3408,7,revive,0.3933,0.5139,193,7,8,いいえ,水蛭子リターンズ / 北間・クラリス嬢 / 田島の春 / 跛荒の鉄男大先生 / ラパヌイ先生
1,91,em-824a4dbb010c,守護天狗くまのたん,41,1874,7668,3,aoe_attack,0.3931,0.5,187,13,8,いいえ,守護天狗くまのたん / ノローニャ・パイセン / 夜光虫ほたるん / 跛荒の鉄男大先生 / 財閥だ浅ちゃん！
1,92,em-42e9353377ee,吉野スライム♂,40,5078,2078,3,skill_reduction,0.3927,0.5,186,14,8,いいえ,吉野スライム♂ / ノローニャ・パイセン / 夜光虫ほたるん / 跛荒の鉄男大先生 / 財閥だ浅ちゃん！
1,93,em-4533a7697d48,謀反人ミッツ,60,6645,4430,3,damage_reduction,0.3924,0.4861,187,13,8,いいえ,謀反人ミッツ / 北間・クラリス嬢 / 田島の春 / 財閥だ浅ちゃん！ / 八狗神伏姫様
1,94,em-0e9d90fcbf69,テオティワちーちゃん,66,11928,149,1,multi_hit_attack,0.3922,0.5139,200,0,8,いいえ,テオティワちーちゃん / vにゅーさん / トランシルヴァニア家族 / みどりのたけしマン / 巨大カンテツ
1,95,em-abcae044297d,ラ・ショー・ドさん,44,5453,3424,5,delay,0.3918,0.4583,190,10,8,いいえ,ラ・ショー・ドさん / ノローニャ・パイセン / 夜光虫ほたるん / 跛荒の鉄男大先生 / 財閥だ浅ちゃん！
1,96,em-474d7b7d3bbe,イチャン～(から),26,3606,2850,2,aoe_attack,0.3917,0.5347,200,0,8,いいえ,イチャン～(から) / ノローニャ・パイセン / きぬたン / 諏訪子成長期 / ラパヌイ先生
1,97,em-c1bbe00e5d61,ジョンは時を知らない,48,4771,3493,0,attack_buff,0.3917,0.4722,191,9,8,いいえ,ジョンは時を知らない / 北間・クラリス嬢 / 田島の春 / ラパヌイ先生 / ダル飯☆杏
1,98,em-05133b447edd,コメツキ,55,5453,5406,5,skill_reduction,0.3909,0.4097,199,1,8,いいえ,コメツキ / 北間・クラリス嬢 / 田島の春 / ????? / 碧海のオフタルもん
1,99,em-3a859cb07c11,こんぴらさん先輩,25,2898,2898,10,delay,0.3907,0.4931,199,1,8,いいえ,こんぴらさん先輩 / 北間・クラリス嬢 / 哀哭のオオウミガラス / 跛荒の鉄男大先生 / 財閥だ浅ちゃん！
1,100,em-0f3dc5f343f5,?????,40,2954,3316,8,delay,0.3901,0.4931,186,14,8,いいえ,????? / ノローニャ・パイセン / 夜光虫ほたるん / 跛荒の鉄男大先生 / 財閥だ浅ちゃん！
1,101,em-81078d011501,年齢不詳！エンゼル様,22,2215,3237,3,heal,0.39,0.5486,200,0,8,いいえ,年齢不詳！エンゼル様 / vにゅーさん / トランシルヴァニア家族 / 諏訪子成長期 / ダル飯☆杏
1,102,em-82d7b7a877f8,電ドロ白鷺嬢,39,6816,2556,2,heal,0.3898,0.4931,195,5,8,いいえ,電ドロ白鷺嬢 / ノローニャ・パイセン / きぬたン / 花火戦隊サイガーRe / シミ
1,103,em-ab9b2ce76191,B・O・B,37,4935,3244,3,delay,0.3895,0.4722,187,13,8,いいえ,B・O・B / 北間・クラリス嬢 / 田島の春 / 跛荒の鉄男大先生 / ラパヌイ先生
1,104,em-a5e1e009bda8,くまのたん伝説,80,8861,8179,5,attack_buff,0.3895,0.4306,200,0,7,いいえ,くまのたん伝説 / トランシルヴァニア家族 / 愛のぴよ子 / みどりのたけしマン / ラパヌイ先生
1,105,em-c4c6b3b17960,青コリくんは怒らない,24,2350,3834,0,damage_reduction,0.3894,0.4861,199,1,8,いいえ,青コリくんは怒らない / 脱力コンビあろま＆るる / 愛のぴよ子 / 百華百彩久連子 / 碧海のオフタルもん
1,106,em-ceda64319ca1,蜜香のウミリンゴ,75,8520,5453,1,attack_buff,0.3894,0.4097,197,3,7,いいえ,蜜香のウミリンゴ / 北間・クラリス嬢 / 田島の春 / みどりのたけしマン / ラパヌイ先生
1,107,em-0784bb7beecf,ダリア・宮子・9,42,4771,4089,0,heal,0.3893,0.4514,183,17,8,いいえ,ダリア・宮子・9 / vにゅーさん / トランシルヴァニア家族 / 愛のぴよ子 / 財閥だ浅ちゃん！
1,108,em-c4b0b6848f16,?????,17,2828,2470,3,skill_reduction,0.389,0.5278,195,5,8,いいえ,????? / 北間・クラリス嬢 / 哀哭のオオウミガラス / 百華百彩久連子 / 財閥だ浅ちゃん！
1,109,em-682cda3863fb,脱力コンビあろま＆るる,48,3067,5623,2,skill_reduction,0.389,0.4514,197,3,8,いいえ,脱力コンビあろま＆るる / vにゅーさん / トランシルヴァニア家族 / 諏訪子成長期 / 巨大カンテツ
1,110,em-a97f49a1b6e8,篠島しらす子,41,5453,2726,5,skill_reduction,0.3885,0.4722,187,13,8,いいえ,篠島しらす子 / ノローニャ・パイセン / 夜光虫ほたるん / 跛荒の鉄男大先生 / 財閥だ浅ちゃん！
1,111,em-2b9338d5254c,電撃のびゃ子,58,2641,6219,0,attack_buff,0.3884,0.4514,198,2,7,いいえ,電撃のびゃ子 / なっとくん様 / デロスの月陽姉弟 / トキシッくんｵｯｽｵｯｽ / シミ
1,112,em-1eb5e932843b,ダンブッラの蘭,38,5112,3578,2,damage_reduction,0.3874,0.4931,179,21,7,いいえ,ダンブッラの蘭 / vにゅーさん / トランシルヴァニア家族 / 愛のぴよ子 / 財閥だ浅ちゃん！
1,113,em-2849b1a72ff2,生足魅惑の☆ハクさん,80,11246,5112,5,attack_buff,0.3874,0.4444,188,12,7,いいえ,生足魅惑の☆ハクさん / 総統エビユルゲ / 田島の春 / 諏訪子成長期 / シミ
1,114,em-f3ce9865b46f,BeasT5,38,4116,4664,7,delay,0.3874,0.4444,199,1,8,いいえ,BeasT5 / vにゅーさん / トランシルヴァニア家族 / 花火戦隊サイガーRe / シミ
1,115,em-361f82120d03,オイボくん,40,6645,2556,2,attack_buff,0.3873,0.5069,190,10,8,いいえ,オイボくん / 北間・クラリス嬢 / 田島の春 / 跛荒の鉄男大先生 / ラパヌイ先生
1,116,em-83c97b8f4e6e,アルルのキャミー,40,4001,6236,4,heal,0.3867,0.4861,200,0,8,いいえ,アルルのキャミー / コロちゃん / 哀哭のオオウミガラス / ブハラ師匠 / 八狗神伏姫様
1,117,em-7e4426102b17,タンジャンじゃん,22,3139,3139,3,revive,0.386,0.5417,200,0,8,いいえ,タンジャンじゃん / vにゅーさん / トランシルヴァニア家族 / 諏訪子成長期 / ダル飯☆杏
1,118,em-b7d1205bd3a7,すーぱーサイアン,60,5964,5964,12,attack_buff,0.3858,0.4861,195,5,7,いいえ,すーぱーサイアン / 脱力コンビあろま＆るる / 愛のぴよ子 / ????? / 碧海のオフタルもん
1,119,em-f9fcb91b983d,アエネウスと弟くん,60,4175,4175,0,damage_reduction,0.3858,0.4583,200,0,8,いいえ,アエネウスと弟くん / vにゅーさん / トランシルヴァニア家族 / ブハラ師匠 / ハリウッドナナコ師匠
1,120,em-32ef1535a66a,ハバキたん,60,6816,4260,3,damage_reduction,0.3857,0.4792,187,13,8,いいえ,ハバキたん / 北間・クラリス嬢 / 田島の春 / 財閥だ浅ちゃん！ / 八狗神伏姫様
1,121,em-a8e1bfbd68cd,秋のタツタちゃん,80,10224,4771,4,multi_hit_attack,0.3854,0.4444,195,5,7,いいえ,秋のタツタちゃん / 北間・クラリス嬢 / トランシルヴァニア家族 / ????? / ラパヌイ先生
1,122,em-1e8ec25622df,切間・ンジャロさん,39,5871,3442,4,skill_reduction,0.3851,0.4514,189,11,8,いいえ,切間・ンジャロさん / 北間・クラリス嬢 / 田島の春 / 跛荒の鉄男大先生 / ラパヌイ先生
1,123,em-1e3b5bb54d35,ナナフシ,30,4175,2999,2,attribute_change,0.385,0.5208,186,14,8,いいえ,ナナフシ / 脱力コンビあろま＆るる / デロスの月陽姉弟 / ブハラ師匠 / 財閥だ浅ちゃん！
1,124,em-8b710fe84fda,モチノ・ウオ丸,32,3902,3254,1,attack_buff,0.3848,0.4931,199,1,8,いいえ,モチノ・ウオ丸 / vにゅーさん / トランシルヴァニア家族 / 跛荒の鉄男大先生 / シミ
1,125,em-2b584e87473c,ウルルさんのオフ曜日,41,2958,6816,1,attack_buff,0.3845,0.4514,195,5,8,いいえ,ウルルさんのオフ曜日 / vにゅーさん / トランシルヴァニア家族 / 諏訪子成長期 / シミ
1,126,em-0183a7a13db2,かーたん・べーり,32,4089,4089,5,attribute_guard,0.3832,0.5139,186,14,8,いいえ,かーたん・べーり / 北間・クラリス嬢 / 田島の春 / 百華百彩久連子 / ラパヌイ先生
1,127,em-5d063141c6e0,ブルーフェイス姐さん,33,3919,4260,0,attribute_change,0.3832,0.4444,200,0,8,いいえ,ブルーフェイス姐さん / vにゅーさん / トランシルヴァニア家族 / 跛荒の鉄男大先生 / シミ
1,128,em-b127f99ae530,キラー・ｻﾞ・ｷﾗｰ,55,5964,3408,2,damage_reduction,0.383,0.4861,182,18,8,いいえ,キラー・ｻﾞ・ｷﾗｰ / 北間・クラリス嬢 / 田島の春 / 諏訪子成長期 / 八狗神伏姫様
1,129,em-7a8534cb5af6,クレリゴス子様,41,6731,2951,3,guard,0.3828,0.4861,182,18,8,いいえ,クレリゴス子様 / vにゅーさん / トランシルヴァニア家族 / 愛のぴよ子 / 財閥だ浅ちゃん！
1,130,em-54cb13a72721,不思議の海のモヅルン,60,6475,4941,3,attribute_guard,0.3824,0.4653,187,13,8,いいえ,不思議の海のモヅルン / 北間・クラリス嬢 / 田島の春 / 財閥だ浅ちゃん！ / 八狗神伏姫様
1,131,em-bd98030ead3e,首領子襲来!!,33,5680,3786,4,heal,0.3823,0.4931,195,5,8,いいえ,首領子襲来!! / 脱力コンビあろま＆るる / 田島の春 / 花火戦隊サイガーRe / 八狗神伏姫様
1,132,em-962f1faafed7,三貴子アマテラス,75,10309,5112,5,revive,0.3822,0.4444,197,3,8,いいえ,三貴子アマテラス / vにゅーさん / サルパちゃん / 諏訪子成長期 / ハリウッドナナコ師匠
1,133,em-285a6b18bfb1,いろはの曙ちゃん,18,2705,2705,0,heal,0.3821,0.5069,196,4,8,いいえ,いろはの曙ちゃん / 北間・クラリス嬢 / 哀哭のオオウミガラス / 百華百彩久連子 / 財閥だ浅ちゃん！
1,134,em-ac3306faeab5,マサムネーダー,32,3919,5112,1,attribute_change,0.382,0.4653,179,21,8,いいえ,マサムネーダー / vにゅーさん / 愛のぴよ子 / 跛荒の鉄男大先生 / 財閥だ浅ちゃん！
1,135,em-df40dba7c56a,高野さん,34,4089,4089,5,skill_reduction,0.382,0.4514,181,19,8,いいえ,高野さん / vにゅーさん / 愛のぴよ子 / 跛荒の鉄男大先生 / 財閥だ浅ちゃん！
1,136,em-ff5dd5331817,デメ子ちゃん,18,1704,3067,2,attribute_change,0.3816,0.5278,176,24,8,いいえ,デメ子ちゃん / ノローニャ・パイセン / 田島の春 / 跛荒の鉄男大先生 / シミ
1,137,em-0d48fb639618,どうする？リオンさん,18,2093,2737,3,delay,0.3816,0.5208,196,4,8,いいえ,どうする？リオンさん / 北間・クラリス嬢 / 哀哭のオオウミガラス / 百華百彩久連子 / 財閥だ浅ちゃん！
1,138,em-06ed1eae98fc,ソンな福ちゃん,31,3377,3377,1,attribute_change,0.3816,0.4931,198,2,8,いいえ,ソンな福ちゃん / vにゅーさん / トランシルヴァニア家族 / 跛荒の鉄男大先生 / シミ
1,139,em-4819d53ddb48,ブハラ師匠,39,5708,3237,3,heal,0.3814,0.4861,200,0,8,いいえ,ブハラ師匠 / 脱力コンビあろま＆るる / デロスの月陽姉弟 / 諏訪子成長期 / ダル飯☆杏
1,140,em-d5ea84224259,ﾌﾗﾝﾀﾞｰｽのわんわんお,38,5538,3190,3,guard,0.3812,0.4931,170,30,7,いいえ,ﾌﾗﾝﾀﾞｰｽのわんわんお / ノローニャ・パイセン / 得琉田浜蔵 / ブハラ師匠 / 財閥だ浅ちゃん！
1,141,em-418076b2d218,イシマンガリソ先輩,42,5367,3067,1,attribute_guard,0.3812,0.4722,183,17,8,いいえ,イシマンガリソ先輩 / vにゅーさん / トランシルヴァニア家族 / 愛のぴよ子 / 財閥だ浅ちゃん！
1,142,em-a66d3edc0ac1,水戸Come On!,38,3493,3237,4,delay,0.3811,0.4722,179,21,8,いいえ,水戸Come On! / vにゅーさん / トランシルヴァニア家族 / 愛のぴよ子 / 財閥だ浅ちゃん！
1,143,em-10b41d0249c9,ホタル,40,4396,5163,1,attribute_change,0.3806,0.4583,187,13,8,いいえ,ホタル / vにゅーさん / 愛のぴよ子 / 跛荒の鉄男大先生 / 財閥だ浅ちゃん！
1,144,em-e4561d587562,幼心のデメ子さん,25,3178,4089,1,attribute_change,0.3804,0.4722,199,1,8,いいえ,幼心のデメ子さん / 北間・クラリス嬢 / 哀哭のオオウミガラス / 跛荒の鉄男大先生 / 財閥だ浅ちゃん！
1,145,em-d0ab149939aa,製鉄所★澤先輩,24,5313,1771,3,skill_reduction,0.3803,0.4931,198,2,8,いいえ,製鉄所★澤先輩 / 北間・クラリス嬢 / 哀哭のオオウミガラス / 跛荒の鉄男大先生 / 財閥だ浅ちゃん！
1,146,em-a68c8ce48bea,こんにゃく姫,37,5964,2726,7,attack_buff,0.38,0.5208,198,2,8,いいえ,こんにゃく姫 / 北間・クラリス嬢 / 田島の春 / 三貴子ツクヨミ / 御嶽さん
1,147,em-902bd624dbdb,パンタナルの狼男,70,5898,4260,5,revive,0.3795,0.4861,197,3,8,いいえ,パンタナルの狼男 / 北間・クラリス嬢 / 田島の春 / 諏訪子成長期 / 八狗神伏姫様
1,148,em-d72497692e5c,バリ……トゥンク…王,41,1530,5279,0,guard,0.3795,0.4653,182,18,8,いいえ,バリ……トゥンク…王 / vにゅーさん / トランシルヴァニア家族 / 愛のぴよ子 / 財閥だ浅ちゃん！
1,149,em-7930454375ec,パラワン探検隊,18,3219,3333,4,aoe_attack,0.3794,0.5139,176,24,8,いいえ,パラワン探検隊 / ノローニャ・パイセン / 田島の春 / 跛荒の鉄男大先生 / シミ
1,150,em-9ec6297ea6ca,バスてとにゃん,38,4260,4771,3,attack_buff,0.3788,0.4861,195,5,8,いいえ,バスてとにゃん / ノローニャ・パイセン / 田島の春 / 諏訪子成長期 / モンさんミッシェル
1,151,em-5088462f1ee9,日本一の桃たろす,45,4260,5964,2,attribute_change,0.3787,0.4583,199,1,8,いいえ,日本一の桃たろす / vにゅーさん / トランシルヴァニア家族 / 諏訪子成長期 / シミ
1,152,em-cf2619ce2878,俺っち氷河,28,3864,3222,2,attribute_change,0.3786,0.5,169,31,8,いいえ,俺っち氷河 / vにゅーさん / トランシルヴァニア家族 / 愛のぴよ子 / 財閥だ浅ちゃん！
1,153,em-d1302899cad6,ナポレオーヌ一世,32,3512,2930,1,attack_buff,0.3784,0.4931,188,12,8,いいえ,ナポレオーヌ一世 / 脱力コンビあろま＆るる / デロスの月陽姉弟 / ブハラ師匠 / 財閥だ浅ちゃん！
1,154,em-a5655f550318,眠れる海のネムリん,60,7327,5282,5,attack_buff,0.3783,0.4514,195,5,7,いいえ,眠れる海のネムリん / 脱力コンビあろま＆るる / 愛のぴよ子 / ????? / 碧海のオフタルもん
1,155,em-b2125332555b,呵々Doの閑雅・ルー,85,9883,4771,5,guard,0.3782,0.4375,199,1,8,いいえ,呵々Doの閑雅・ルー / 北間・クラリス嬢 / ????? / 跛荒の鉄男大先生 / 財閥だ浅ちゃん！
1,156,em-1d6b42059506,レーティッシュ凛子,35,5623,3229,3,attack_buff,0.3778,0.4931,199,1,8,いいえ,レーティッシュ凛子 / 北間・クラリス嬢 / 田島の春 / 三貴子ツクヨミ / 八狗神伏姫様
1,157,em-cc181917eaeb,無双中な宗茂さん,60,6405,4941,2,aoe_attack,0.3776,0.4444,200,0,7,いいえ,無双中な宗茂さん / 北間・クラリス嬢 / ????? / 家族贖罪という字面 / 碧海のオフタルもん
1,158,em-01ed0ad1bb88,ムガるぞ！フマゆん,78,8350,6805,3,aoe_attack,0.3776,0.4167,191,9,7,いいえ,ムガるぞ！フマゆん / vにゅーさん / トマティーナ少佐 / 愛のぴよ子 / バビるわバビル君。
1,159,em-bc840d35c547,ジ・あるじや,20,4025,1610,4,skill_reduction,0.3774,0.5069,198,2,8,いいえ,ジ・あるじや / 北間・クラリス嬢 / 哀哭のオオウミガラス / 百華百彩久連子 / 財閥だ浅ちゃん！
1,160,em-5d34c0af44dd,白兎神★ばうあー,72,3878,5487,3,skill_reduction,0.3772,0.4375,196,4,8,いいえ,白兎神★ばうあー / vにゅーさん / サルパちゃん / 愛のぴよ子 / 財閥だ浅ちゃん！
1,161,em-4805525cb8a4,ｴﾝｾﾞﾘｯｸ☆エンゼル,60,6816,4771,3,heal,0.377,0.4583,194,6,8,いいえ,ｴﾝｾﾞﾘｯｸ☆エンゼル / vにゅーさん / サルパちゃん / みどりのたけしマン / 御嶽さん
1,162,em-9b97e564ea43,ユールシスター☆ノエルん,43,5523,4112,3,multi_hit_attack,0.3769,0.4792,186,14,8,いいえ,ユールシスター☆ノエルん / 北間・クラリス嬢 / 田島の春 / ラパヌイ先生 / ダル飯☆杏
1,163,em-5cd1890be20b,イーネちゃんの舟屋,41,3748,4771,1,guard,0.3769,0.4583,195,5,8,いいえ,イーネちゃんの舟屋 / vにゅーさん / トランシルヴァニア家族 / 諏訪子成長期 / シミ
1,164,em-68c38b69771b,ぱんつぁーぴよ子,28,4412,3287,1,attribute_guard,0.3768,0.4861,182,18,8,いいえ,ぱんつぁーぴよ子 / 北間・クラリス嬢 / 田島の春 / 百華百彩久連子 / ラパヌイ先生
1,165,em-ad82a61bcc2a,ｺﾄﾖﾛ!巳ーちゃん様,55,6901,3451,4,damage_reduction,0.3768,0.4861,182,18,8,いいえ,ｺﾄﾖﾛ!巳ーちゃん様 / 北間・クラリス嬢 / 田島の春 / 諏訪子成長期 / 八狗神伏姫様
1,166,em-96c4c1bf7f87,畳リーゼントの御頭,40,4345,4345,2,attack_buff,0.3768,0.4722,196,4,8,いいえ,畳リーゼントの御頭 / vにゅーさん / 愛のぴよ子 / みどりのたけしマン / 碧海のオフタルもん
1,167,em-96a3648b46e2,チョコ染めの安井さん,32,3646,4089,3,guard,0.3766,0.4931,199,1,8,いいえ,チョコ染めの安井さん / vにゅーさん / トランシルヴァニア家族 / 跛荒の鉄男大先生 / シミ
1,168,em-60119eda4c9c,猿田彦大先輩,80,7838,7157,5,attack_buff,0.3766,0.4236,200,0,7,いいえ,猿田彦大先輩 / 北間・クララさん / 諏訪子成長期 / 家族贖罪という字面 / 御嶽さん
1,169,em-4e3940289203,スーパー軍師兵衛ズ,60,7838,2385,3,skill_reduction,0.3765,0.4306,197,3,8,いいえ,スーパー軍師兵衛ズ / 北間・クラリス嬢 / 田島の春 / 諏訪子成長期 / ラパヌイ先生
1,170,em-4c8a3408455b,泳ぐカネヒラさん,28,3748,3408,2,attribute_change,0.3758,0.4931,195,5,8,いいえ,泳ぐカネヒラさん / vにゅーさん / トランシルヴァニア家族 / 跛荒の鉄男大先生 / シミ
1,171,em-c25db2f5b4ff,メルヘン☆グリ子,80,9202,3748,4,damage_reduction,0.3754,0.4514,198,2,8,いいえ,メルヘン☆グリ子 / 北間・クラリス嬢 / ????? / 百華百彩久連子 / 財閥だ浅ちゃん！
1,172,em-5976d2863ad8,タオるんGT,32,4260,4732,14,guard,0.3751,0.5069,186,14,8,いいえ,タオるんGT / 北間・クラリス嬢 / 田島の春 / 百華百彩久連子 / ラパヌイ先生
1,173,em-7ba25345ffb0,シーさま,60,4601,4601,3,delay,0.3749,0.4306,197,3,8,いいえ,シーさま / 北間・クラリス嬢 / 田島の春 / 諏訪子成長期 / ラパヌイ先生
1,174,em-52de8bb54262,ボビンちゃん,33,3748,4771,3,damage_reduction,0.3746,0.4792,200,0,8,いいえ,ボビンちゃん / vにゅーさん / トランシルヴァニア家族 / 跛荒の鉄男大先生 / シミ
1,175,em-d07cd0c8b0b0,二条城☆浴衣モード,19,2656,2495,1,attribute_guard,0.3745,0.5208,197,3,8,いいえ,二条城☆浴衣モード / 北間・クラリス嬢 / 哀哭のオオウミガラス / 百華百彩久連子 / 財閥だ浅ちゃん！
1,176,manual-nijo-yukata-mode,二条嬢☆浴衣モード,19,2656,2495,1,attribute_guard,0.3745,0.5208,197,3,8,いいえ,二条嬢☆浴衣モード / 北間・クラリス嬢 / 哀哭のオオウミガラス / 百華百彩久連子 / 財閥だ浅ちゃん！
1,177,em-53fae101e208,水海　月,34,3288,4260,1,attribute_guard,0.3744,0.4722,195,5,8,いいえ,水海　月 / vにゅーさん / トランシルヴァニア家族 / 花火戦隊サイガーRe / シミ
1,178,em-f3861e35df6f,暗黒王まはーかーらん,47,3731,3926,4,delay,0.3742,0.4514,188,12,8,いいえ,暗黒王まはーかーらん / vにゅーさん / トランシルヴァニア家族 / 愛のぴよ子 / 財閥だ浅ちゃん！
1,179,em-d7d6357dff74,フェニックス師匠,32,4508,4830,0,heal,0.3742,0.4236,179,21,8,いいえ,フェニックス師匠 / vにゅーさん / 愛のぴよ子 / 跛荒の鉄男大先生 / 財閥だ浅ちゃん！
1,180,em-bd35a359234a,ジョーカーくん,18,805,3935,3,skill_reduction,0.3741,0.4861,175,25,8,いいえ,ジョーカーくん / うどんの天使 / 田島の春 / 跛荒の鉄男大先生 / シミ
1,181,em-65efdfdd59b3,「ぼ」じゃなくてゔぉたん,40,4941,3408,1,attribute_change,0.3741,0.4653,181,19,8,いいえ,「ぼ」じゃなくてゔぉたん / vにゅーさん / トランシルヴァニア家族 / 愛のぴよ子 / 財閥だ浅ちゃん！
1,182,em-9974d2b554c4,ｼｬﾐｯ子！シャーミー君,36,4652,3919,1,attack_buff,0.3736,0.4653,200,0,8,いいえ,ｼｬﾐｯ子！シャーミー君 / 北間・クラリス嬢 / 田島の春 / 三貴子ツクヨミ / 八狗神伏姫様
1,183,em-64fa899f397f,ダル飯☆杏,44,5896,3340,4,guard,0.3735,0.4861,198,2,8,いいえ,ダル飯☆杏 / vにゅーさん / トランシルヴァニア家族 / 諏訪子成長期 / シミ
1,184,em-7e81ebc98ef9,稼働！K-MEN,57,6475,3067,1,guard,0.3733,0.4583,198,2,8,いいえ,稼働！K-MEN / vにゅーさん / トランシルヴァニア家族 / 愛のぴよ子 / 財閥だ浅ちゃん！
1,185,em-ba817035b6a5,ハクさんの本気,38,4601,4089,5,attack_buff,0.3731,0.4931,199,1,8,いいえ,ハクさんの本気 / vにゅーさん / トランシルヴァニア家族 / 花火戦隊サイガーRe / シミ
1,186,em-5a81e8231a65,宗像スリーピース,39,4601,4089,5,aoe_attack,0.373,0.4931,200,0,8,いいえ,宗像スリーピース / vにゅーさん / トランシルヴァニア家族 / 花火戦隊サイガーRe / シミ
1,187,em-9a1b8b33af97,バレチョコすわ子,46,3646,1874,0,multi_hit_attack,0.3728,0.5,200,0,8,いいえ,バレチョコすわ子 / vにゅーさん / トランシルヴァニア家族 / 諏訪子成長期 / シミ
1,188,em-3740a2113341,ぴぐぺん選手,22,950,3220,0,attribute_guard,0.3726,0.5,200,0,8,いいえ,ぴぐぺん選手 / 北間・クラリス嬢 / 哀哭のオオウミガラス / 百華百彩久連子 / 財閥だ浅ちゃん！
1,189,em-3c7a40d5b751,宇和島マタドーるん,19,2737,3059,1,damage_reduction,0.3725,0.5069,197,3,8,いいえ,宇和島マタドーるん / 北間・クラリス嬢 / 哀哭のオオウミガラス / 百華百彩久連子 / 財閥だ浅ちゃん！
1,190,em-ad084af57188,魔法使い らくがーる,38,4601,3663,2,attack_buff,0.3723,0.4861,195,5,8,いいえ,魔法使い らくがーる / ノローニャ・パイセン / 田島の春 / 諏訪子成長期 / モンさんミッシェル
1,191,em-981bf693e8c3,メガネパンダ系の何か,19,2576,2415,6,skill_reduction,0.3717,0.5069,197,3,8,いいえ,メガネパンダ系の何か / 北間・クラリス嬢 / 哀哭のオオウミガラス / 百華百彩久連子 / 財閥だ浅ちゃん！
1,192,em-1be59b60bcb4,アメンボ,30,2215,3919,0,attack_buff,0.3716,0.4653,200,0,8,いいえ,アメンボ / コロちゃん / 哀哭のオオウミガラス / ブハラ師匠 / ラパヌイ先生
1,193,em-c8ed16119cbe,ヴェルラの木こり,28,3014,3162,2,guard,0.3713,0.5,195,5,8,いいえ,ヴェルラの木こり / vにゅーさん / トランシルヴァニア家族 / 跛荒の鉄男大先生 / シミ
1,194,em-a78326864213,発音王・S・サイアン,88,10650,6560,8,attack_buff,0.3713,0.4167,200,0,7,いいえ,発音王・S・サイアン / トランシルヴァニア家族 / 愛のぴよ子 / ????? / ラパヌイ先生
1,195,em-215080a7a05b,?????,39,4924,4413,4,skill_reduction,0.3712,0.4236,190,10,8,いいえ,????? / ノローニャ・パイセン / 得琉田浜蔵 / 跛荒の鉄男大先生 / ラパヌイ先生
1,196,em-ccfeb40e6439,更にThe★Youなリバ子,50,1509,5770,0,heal,0.3711,0.4444,191,9,8,いいえ,更にThe★Youなリバ子 / vにゅーさん / トランシルヴァニア家族 / 愛のぴよ子 / 財閥だ浅ちゃん！
1,197,em-9991a7ad9a04,ヒラメさん進化中,22,4004,2556,1,attribute_change,0.3709,0.4861,200,0,8,いいえ,ヒラメさん進化中 / 北間・クラリス嬢 / 哀哭のオオウミガラス / 百華百彩久連子 / 財閥だ浅ちゃん！
1,198,em-42016d3a2172,織田フィナーレ,42,2556,5964,5,multi_hit_attack,0.3707,0.4861,188,12,8,いいえ,織田フィナーレ / ノローニャ・パイセン / 夜光虫ほたるん / 跛荒の鉄男大先生 / 財閥だ浅ちゃん！
1,199,em-2a823144560b,パンのん☆春間,56,3919,3408,0,damage_reduction,0.3706,0.4583,183,17,8,いいえ,パンのん☆春間 / 北間・クラリス嬢 / 田島の春 / 諏訪子成長期 / 八狗神伏姫様
1,200,em-29be2edf2271,餅子・ﾏｰﾒｲﾄﾞｽﾀｲﾙ,60,4797,5308,5,damage_reduction,0.3702,0.4792,187,13,8,いいえ,餅子・ﾏｰﾒｲﾄﾞｽﾀｲﾙ / 北間・クラリス嬢 / 田島の春 / 財閥だ浅ちゃん！ / 八狗神伏姫様
1,201,em-490281caead8,にくぁう羽子板・辰,36,3449,3449,0,attack_buff,0.3698,0.4583,200,0,8,いいえ,にくぁう羽子板・辰 / 北間・クラリス嬢 / 田島の春 / 三貴子ツクヨミ / 八狗神伏姫様
1,202,em-748c1a866dbc,Hey Yeah 清盛,75,11417,2896,3,guard,0.3698,0.4375,186,14,8,いいえ,Hey Yeah 清盛 / 北間・クラリス嬢 / サルパちゃん / 諏訪子成長期 / 八狗神伏姫様
1,203,em-712f122e2051,オロモ君は欝気味,17,1536,2684,1,guard,0.3696,0.5208,195,5,8,いいえ,オロモ君は欝気味 / 北間・クラリス嬢 / 哀哭のオオウミガラス / 百華百彩久連子 / 財閥だ浅ちゃん！
1,204,em-73652bbd630f,ツノザヤ君とｱｲｺﾃﾞｼｮ,60,2044,5112,0,damage_reduction,0.3696,0.4444,192,8,8,いいえ,ツノザヤ君とｱｲｺﾃﾞｼｮ / ノローニャ・パイセン / 得琉田浜蔵 / ブハラ師匠 / 財閥だ浅ちゃん！
1,205,em-983cb2f685ee,再びニートだ浅ちゃん,40,2044,6816,2,attack_buff,0.3694,0.4583,196,4,8,いいえ,再びニートだ浅ちゃん / vにゅーさん / 愛のぴよ子 / みどりのたけしマン / 碧海のオフタルもん
1,206,em-7a58e59098c4,森神ブーナッド,36,4941,3408,2,heal,0.3691,0.4722,177,23,8,いいえ,森神ブーナッド / vにゅーさん / トランシルヴァニア家族 / 愛のぴよ子 / 財閥だ浅ちゃん！
1,207,em-b95ac93b816d,キタキツネの神様,29,3748,4771,3,attack_buff,0.3689,0.4792,199,1,8,いいえ,キタキツネの神様 / vにゅーさん / トランシルヴァニア家族 / ブハラ師匠 / 八狗神伏姫様
1,208,em-c750011c554d,夢奈マコ（16才）,60,7497,2130,5,guard,0.3687,0.4931,197,3,8,いいえ,夢奈マコ（16才） / 北間・クラリス嬢 / 田島の春 / 諏訪子成長期 / ラパヌイ先生
1,209,em-73250febc8f5,財閥だ浅ちゃん！,38,2556,7327,4,multi_hit_attack,0.3685,0.4653,194,6,8,いいえ,財閥だ浅ちゃん！ / vにゅーさん / 愛のぴよ子 / みどりのたけしマン / 碧海のオフタルもん
1,210,em-9fe53d26e9cb,ロイ・マタ先輩,46,2726,6816,3,multi_hit_attack,0.3685,0.4653,200,0,8,いいえ,ロイ・マタ先輩 / vにゅーさん / 愛のぴよ子 / 跛荒の鉄男大先生 / ラパヌイ先生
1,211,em-7a57f923ab2c,ありえんキャット様,61,6069,5622,1,attribute_change,0.3685,0.4097,198,2,8,いいえ,ありえんキャット様 / 北間・クラリス嬢 / 田島の春 / 諏訪子成長期 / ラパヌイ先生
1,212,em-5f311c45014a,パーントゥ大先生,37,2409,4819,3,attack_buff,0.3682,0.4931,198,2,8,いいえ,パーントゥ大先生 / 北間・クラリス嬢 / 田島の春 / 三貴子ツクヨミ / 御嶽さん
1,213,em-49cfaec18be0,富士五子ＢＴ５,20,2415,2737,6,delay,0.3682,0.4792,198,2,8,いいえ,富士五子ＢＴ５ / 北間・クラリス嬢 / 哀哭のオオウミガラス / 百華百彩久連子 / 財閥だ浅ちゃん！
1,214,em-3111e08d3ca9,ヒラズゲンセイ,40,6134,3067,0,guard,0.3682,0.4306,181,19,8,いいえ,ヒラズゲンセイ / vにゅーさん / トランシルヴァニア家族 / 愛のぴよ子 / 財閥だ浅ちゃん！
1,215,em-1c28be3f3366,モンさんミッシェル,32,3748,5623,8,multi_hit_attack,0.368,0.4792,200,0,8,いいえ,モンさんミッシェル / vにゅーさん / 家族贖罪という字面 / ブハラ師匠 / 財閥だ浅ちゃん！
1,216,em-c87499b64151,ラパヌイ先生,45,6441,3067,4,guard,0.3678,0.4792,194,6,8,いいえ,ラパヌイ先生 / 北間・クラリス嬢 / 田島の春 / 跛荒の鉄男大先生 / ダル飯☆杏
1,217,em-42c90dd17240,GSPS！秀郷先生,34,3578,4601,2,attack_buff,0.3678,0.4722,195,5,8,いいえ,GSPS！秀郷先生 / vにゅーさん / トランシルヴァニア家族 / 花火戦隊サイガーRe / シミ
1,218,em-904dc3a6cb19,ɚすぃとLulu？,24,4260,2726,3,guard,0.3677,0.5,199,1,8,いいえ,ɚすぃとLulu？ / 脱力コンビあろま＆るる / 愛のぴよ子 / 百華百彩久連子 / 碧海のオフタルもん
1,219,em-aff304b1eab4,日本一の桃たろす,42,4260,5964,2,attribute_change,0.3677,0.4514,196,4,8,いいえ,日本一の桃たろす / vにゅーさん / トランシルヴァニア家族 / 諏訪子成長期 / シミ
1,220,em-b943dbad0d0c,姫武者伏姫,54,6253,3823,5,guard,0.3676,0.4722,181,19,8,いいえ,姫武者伏姫 / 北間・クラリス嬢 / 田島の春 / 諏訪子成長期 / 八狗神伏姫様
1,221,em-d932b3b4e7ed,狼先生ジョン,18,1963,2869,1,attribute_change,0.3672,0.5139,196,4,8,いいえ,狼先生ジョン / 北間・クラリス嬢 / 哀哭のオオウミガラス / 百華百彩久連子 / 財閥だ浅ちゃん！
1,222,em-c08850a0aec0,いなば☆うわぁああ！,20,2579,3220,4,skill_reduction,0.3671,0.4792,198,2,8,いいえ,いなば☆うわぁああ！ / 北間・クラリス嬢 / 哀哭のオオウミガラス / 百華百彩久連子 / 財閥だ浅ちゃん！
1,223,em-76691ebd833d,特攻のびゃこ,38,2641,6219,2,attack_buff,0.3668,0.4583,194,6,8,いいえ,特攻のびゃこ / vにゅーさん / 愛のぴよ子 / みどりのたけしマン / 碧海のオフタルもん
1,224,em-0e768525b557,ヘラクレス先輩,70,5885,6230,4,multi_hit_attack,0.3668,0.4444,200,0,8,いいえ,ヘラクレス先輩 / vにゅーさん / サルパちゃん / 愛のぴよ子 / ダル飯☆杏
1,225,em-4c03ad40dce9,源のゴライコー,75,7923,6390,4,attack_buff,0.3667,0.4097,189,11,7,いいえ,源のゴライコー / vにゅーさん / トマティーナ少佐 / トキシッくんｵｯｽｵｯｽ / 財閥だ浅ちゃん！
1,226,em-f8e6761b2883,青龍,36,1704,6816,3,attack_buff,0.3664,0.4722,197,3,8,いいえ,青龍 / vにゅーさん / トランシルヴァニア家族 / 花火戦隊サイガーRe / シミ
1,227,em-5b1667b398d0,?????,46,4430,5112,2,multi_hit_attack,0.3664,0.4583,200,0,8,いいえ,????? / vにゅーさん / 愛のぴよ子 / 跛荒の鉄男大先生 / ラパヌイ先生
1,228,em-fc0a4778a432,リチャード・リターンズ,23,2576,3220,5,aoe_attack,0.3663,0.5139,193,7,8,いいえ,リチャード・リターンズ / vにゅーさん / トランシルヴァニア家族 / ブハラ師匠 / 八狗神伏姫様
1,229,em-93bcb3ddcb90,蝦夷の鬼武者,50,5367,4771,1,attack_buff,0.3663,0.4306,193,7,8,いいえ,蝦夷の鬼武者 / 脱力コンビあろま＆るる / 愛のぴよ子 / みどりのたけしマン / 碧海のオフタルもん
1,230,em-6a50fe1ba475,青き春の酔竜,70,2556,7668,3,attack_buff,0.3662,0.4514,200,0,8,いいえ,青き春の酔竜 / vにゅーさん / サルパちゃん / 愛のぴよ子 / ダル飯☆杏
1,231,em-712bee050113,ターヌムンゴネキ,35,4089,4089,2,attack_buff,0.366,0.4792,199,1,8,いいえ,ターヌムンゴネキ / 北間・クラリス嬢 / 田島の春 / 三貴子ツクヨミ / 八狗神伏姫様
1,232,em-898fce321115,にゅー師匠,22,1610,4186,1,guard,0.366,0.4722,197,3,8,いいえ,にゅー師匠 / 脱力コンビあろま＆るる / 愛のぴよ子 / 百華百彩久連子 / 碧海のオフタルもん
1,233,em-6fd11d4d3308,超天狗くまのたん,35,1704,7497,3,attack_buff,0.366,0.4583,191,9,8,いいえ,超天狗くまのたん / vにゅーさん / 愛のぴよ子 / みどりのたけしマン / 碧海のオフタルもん
1,234,em-5e67f5f55234,?????,88,10224,4941,5,attack_buff,0.3659,0.4236,200,0,7,いいえ,????? / 北間・クラリス嬢 / 田島の春 / みどりのたけしマン / 八狗神伏姫様
1,235,em-a44b56d26d84,聖夜の又マタドーるん,45,3919,4260,1,damage_reduction,0.3656,0.4583,195,5,8,いいえ,聖夜の又マタドーるん / 北間・クラリス嬢 / 田島の春 / 跛荒の鉄男大先生 / ラパヌイ先生
1,236,em-b16382731bd5,華燭なカネヒラさん,60,5793,4771,2,attribute_change,0.3655,0.4375,197,3,8,いいえ,華燭なカネヒラさん / 北間・クラリス嬢 / 田島の春 / 諏訪子成長期 / ラパヌイ先生
1,237,em-0592fa7cc27f,クェーサルと仲間たち,18,3542,2898,3,multi_hit_attack,0.3654,0.4931,176,24,8,いいえ,クェーサルと仲間たち / ノローニャ・パイセン / 田島の春 / 跛荒の鉄男大先生 / シミ
1,238,em-a03649b8e724,巨大カンテツ,15,3220,3220,5,heal,0.3653,0.5139,193,7,8,いいえ,巨大カンテツ / 北間・クラリス嬢 / 哀哭のオオウミガラス / 百華百彩久連子 / 財閥だ浅ちゃん！
1,239,em-4e77469f1fc4,綺麗な金平さん,42,5112,4260,1,attribute_change,0.3653,0.4306,196,4,8,いいえ,綺麗な金平さん / vにゅーさん / トランシルヴァニア家族 / 諏訪子成長期 / シミ
1,240,em-da18dad9d936,もけーれ！ムベちゃん,53,2896,6475,4,multi_hit_attack,0.3652,0.4653,200,0,8,いいえ,もけーれ！ムベちゃん / vにゅーさん / トランシルヴァニア家族 / 愛のぴよ子 / ダル飯☆杏
1,241,em-7fe8d05d0c62,艶やかヤッコ,30,3135,3408,0,attribute_change,0.3652,0.4514,186,14,8,いいえ,艶やかヤッコ / 脱力コンビあろま＆るる / デロスの月陽姉弟 / ブハラ師匠 / 財閥だ浅ちゃん！
1,242,em-dade81e05fdb,紫式部@物語執筆中,25,1771,3220,0,damage_reduction,0.3651,0.4792,199,1,8,いいえ,紫式部@物語執筆中 / 北間・クラリス嬢 / 哀哭のオオウミガラス / 跛荒の鉄男大先生 / 財閥だ浅ちゃん！
1,243,em-e795d2bbe2f0,北政所ねね様,60,5623,4601,3,attribute_guard,0.3649,0.4583,187,13,8,いいえ,北政所ねね様 / 北間・クラリス嬢 / 田島の春 / 財閥だ浅ちゃん！ / 八狗神伏姫様
1,244,em-f4025e805468,best of 長田さん,50,3500,7000,1,attribute_change,0.3649,0.4236,199,1,8,いいえ,best of 長田さん / vにゅーさん / トランシルヴァニア家族 / 諏訪子成長期 / 巨大カンテツ
1,245,em-9b1b7dceab8e,ブダ山ペスト太郎,40,6305,2044,0,damage_reduction,0.3644,0.4514,190,10,8,いいえ,ブダ山ペスト太郎 / 北間・クラリス嬢 / 田島の春 / 跛荒の鉄男大先生 / ラパヌイ先生
1,246,em-37e222cb9f2b,いんばーぬたん,53,3748,4771,2,attack_buff,0.3643,0.4583,194,6,8,いいえ,いんばーぬたん / vにゅーさん / トランシルヴァニア家族 / 愛のぴよ子 / 財閥だ浅ちゃん！
1,247,em-8d98226e5962,玉稜の首領・たまうー,29,3067,4260,4,delay,0.364,0.4375,200,0,8,いいえ,玉稜の首領・たまうー / vにゅーさん / 愛のぴよ子 / 諏訪子成長期 / 碧海のオフタルもん
1,248,em-c736bc52077a,漱石先生と吾輩たち,15,1610,3461,5,skill_reduction,0.3639,0.4653,199,1,8,いいえ,漱石先生と吾輩たち / vにゅーさん / 愛のぴよ子 / 跛荒の鉄男大先生 / 碧海のオフタルもん
1,249,em-d77542ffe604,?????,42,6475,3067,2,attack_buff,0.3637,0.4653,190,10,8,いいえ,????? / vにゅーさん / トランシルヴァニア家族 / 愛のぴよ子 / ラパヌイ先生
1,250,em-90c9b7a939a7,九十九里流,37,2982,5112,4,attack_buff,0.3636,0.4792,198,2,8,いいえ,九十九里流 / vにゅーさん / トランシルヴァニア家族 / 花火戦隊サイガーRe / シミ
1,251,em-3c2628783368,すまぁとヤスマサニキ,50,4260,5623,2,attack_buff,0.3635,0.4514,199,1,8,いいえ,すまぁとヤスマサニキ / vにゅーさん / トランシルヴァニア家族 / 諏訪子成長期 / 巨大カンテツ
1,252,em-bd7b9f8f305f,レドニツェ嬢,36,6816,2556,0,attack_buff,0.3635,0.4306,192,8,8,いいえ,レドニツェ嬢 / vにゅーさん / 愛のぴよ子 / みどりのたけしマン / 碧海のオフタルもん
1,253,em-beaaa8c15744,カメハメハワイ大王,50,3059,5879,2,attack_buff,0.3633,0.4514,199,1,8,いいえ,カメハメハワイ大王 / vにゅーさん / トランシルヴァニア家族 / 諏訪子成長期 / 巨大カンテツ
1,254,em-40350463a9fa,ハンドさんは泳がない,27,2044,3578,3,damage_reduction,0.363,0.5069,191,9,8,いいえ,ハンドさんは泳がない / ノローニャ・パイセン / きぬたン / 諏訪子成長期 / 八狗神伏姫様
1,255,em-eb8dcb3ecb46,ヨーコ須賀パイセン,45,5964,3237,3,attribute_guard,0.363,0.4722,195,5,8,いいえ,ヨーコ須賀パイセン / 北間・クラリス嬢 / 田島の春 / 跛荒の鉄男大先生 / ラパヌイ先生
1,256,em-fef48f3b2f9e,まん丸！シャーミー君,28,3800,3237,1,attack_buff,0.363,0.4722,198,2,8,いいえ,まん丸！シャーミー君 / vにゅーさん / トランシルヴァニア家族 / ブハラ師匠 / 八狗神伏姫様
1,257,em-80894fcaa10c,とんこつ神！博多美子,40,4089,5350,3,attack_buff,0.363,0.4514,196,4,8,いいえ,とんこつ神！博多美子 / vにゅーさん / 愛のぴよ子 / みどりのたけしマン / 碧海のオフタルもん
1,258,em-8a1f54dc1206,讃えよ！ヒンヌー教徒,46,3393,4260,1,attribute_change,0.363,0.4514,200,0,8,いいえ,讃えよ！ヒンヌー教徒 / vにゅーさん / トランシルヴァニア家族 / 諏訪子成長期 / シミ
1,259,em-05de078a2e7c,幼妻！エンゼルちゃん,22,1993,2913,3,heal,0.3628,0.5208,200,0,8,いいえ,幼妻！エンゼルちゃん / vにゅーさん / トランシルヴァニア家族 / 諏訪子成長期 / ダル飯☆杏
1,260,em-bc5f259cf576,まさか殿(微マジ),60,5453,6305,7,multi_hit_attack,0.3628,0.4444,195,5,7,いいえ,まさか殿(微マジ) / 脱力コンビあろま＆るる / 愛のぴよ子 / ????? / 碧海のオフタルもん
1,261,em-404f12535630,祇園祭の素戔嗚さま,88,5964,6390,2,multi_hit_attack,0.3627,0.4167,200,0,7,いいえ,祇園祭の素戔嗚さま / 北間・クラリス嬢 / 田島の春 / みどりのたけしマン / 八狗神伏姫様
1,262,em-5c142a19c12c,菅大臣・どうしん様,24,2649,2504,1,heal,0.3624,0.4931,198,2,8,いいえ,菅大臣・どうしん様 / 北間・クラリス嬢 / 哀哭のオオウミガラス / 跛荒の鉄男大先生 / 財閥だ浅ちゃん！
1,263,em-5e6cf1fe4c4c,まそお姉ちゃん,15,2898,3059,5,attack_buff,0.362,0.5,173,27,8,いいえ,まそお姉ちゃん / ノローニャ・パイセン / 田島の春 / 跛荒の鉄男大先生 / シミ
1,264,em-d5ed773d56cd,夏至祭のヴァサクサ君,18,3976,2156,2,skill_reduction,0.362,0.4722,196,4,8,いいえ,夏至祭のヴァサクサ君 / 北間・クラリス嬢 / 哀哭のオオウミガラス / 百華百彩久連子 / 財閥だ浅ちゃん！
1,265,em-2e6dfffcc947,グレート三重子ちゃん,50,4473,4473,0,attribute_change,0.362,0.4167,191,9,8,いいえ,グレート三重子ちゃん / vにゅーさん / トランシルヴァニア家族 / 愛のぴよ子 / 財閥だ浅ちゃん！
1,266,em-e9b3dc6478a4,アヌラさま,33,2495,2978,2,attribute_guard,0.3619,0.5,174,26,8,いいえ,アヌラさま / vにゅーさん / トランシルヴァニア家族 / 愛のぴよ子 / 財閥だ浅ちゃん！
1,267,em-2e6716824578,横きゅっちゃん,19,2817,2817,5,delay,0.3619,0.4653,197,3,8,いいえ,横きゅっちゃん / 北間・クラリス嬢 / 哀哭のオオウミガラス / 百華百彩久連子 / 財閥だ浅ちゃん！
1,268,em-cf3fd175f595,プチさんグロさん,27,2807,2895,2,aoe_attack,0.3615,0.5069,200,0,8,いいえ,プチさんグロさん / 北間・クラリス嬢 / 田島の春 / 三貴子ツクヨミ / ダル飯☆杏
1,269,em-f89a98dd9893,大魔神！せいタン降臨,48,2044,6305,4,attack_buff,0.3613,0.4722,197,3,8,いいえ,大魔神！せいタン降臨 / vにゅーさん / トランシルヴァニア家族 / 諏訪子成長期 / 巨大カンテツ
1,270,em-78804a795640,ズンビージョンきゅん,39,1448,4771,6,revive,0.3612,0.5,195,5,8,いいえ,ズンビージョンきゅん / ノローニャ・パイセン / きぬたン / 花火戦隊サイガーRe / シミ
1,271,em-dfa3c95f9720,雪童雪愛たん,17,2495,2656,1,attribute_change,0.3611,0.4861,200,0,8,いいえ,雪童雪愛たん / ノローニャ・パイセン / 田島の春 / 跛荒の鉄男大先生 / ラパヌイ先生
1,272,em-679b3b1b58a8,シャフとリサブス,25,2944,3548,1,heal,0.3611,0.4653,199,1,8,いいえ,シャフとリサブス / 北間・クラリス嬢 / 哀哭のオオウミガラス / 跛荒の鉄男大先生 / 財閥だ浅ちゃん！
1,273,em-83954a93a691,閃きのヒラメちゃん,60,6560,4430,2,attribute_change,0.3611,0.4306,191,9,8,いいえ,閃きのヒラメちゃん / ペーチパイセン / トランシルヴァニア家族 / ブハラ師匠 / 財閥だ浅ちゃん！
1,274,em-c4663d98c2ff,海・百合男,33,3748,4430,5,skill_reduction,0.361,0.4236,180,20,8,いいえ,海・百合男 / vにゅーさん / 愛のぴよ子 / 跛荒の鉄男大先生 / 財閥だ浅ちゃん！
1,275,em-cea68c425163,跛荒の鉄男大先生,51,4686,6625,3,multi_hit_attack,0.3609,0.4306,191,9,7,いいえ,跛荒の鉄男大先生 / vにゅーさん / トランシルヴァニア家族 / ブハラ師匠 / ハリウッドナナコ師匠
1,276,em-a02f06328adf,ゼネコン大公,60,6134,2726,2,guard,0.3607,0.4583,197,3,8,いいえ,ゼネコン大公 / 北間・クラリス嬢 / 田島の春 / 諏訪子成長期 / ラパヌイ先生
1,277,em-13df10c62ab6,MUNAKATA,42,5453,4089,6,aoe_attack,0.3602,0.4653,196,4,8,いいえ,MUNAKATA / vにゅーさん / トランシルヴァニア家族 / 諏訪子成長期 / シミ
1,278,em-82e546e8de79,ランたん,29,2198,3612,2,attribute_change,0.3601,0.4931,185,15,8,いいえ,ランたん / 脱力コンビあろま＆るる / デロスの月陽姉弟 / ブハラ師匠 / 財閥だ浅ちゃん！
1,279,em-5d696ecc61dd,カミキリ,75,5845,6134,1,attack_buff,0.36,0.3958,199,1,7,いいえ,カミキリ / vにゅーさん / サルパちゃん / 愛のぴよ子 / 財閥だ浅ちゃん！
1,280,em-5a8b6c2acb19,ユスリカ,45,5282,1414,0,aoe_attack,0.3598,0.4722,177,23,8,いいえ,ユスリカ / ノローニャ・パイセン / 得琉田浜蔵 / ブハラ師匠 / 財閥だ浅ちゃん！
1,281,em-1bcd64d199fb,ケロッとる☆キング,31,1533,5708,2,attribute_change,0.3598,0.4653,198,2,8,いいえ,ケロッとる☆キング / vにゅーさん / トランシルヴァニア家族 / 跛荒の鉄男大先生 / シミ
1,282,em-dbd545e946e6,嫁劇！くーにゃん,40,2556,6816,4,attack_buff,0.3598,0.4583,196,4,8,いいえ,嫁劇！くーにゃん / vにゅーさん / 愛のぴよ子 / みどりのたけしマン / 碧海のオフタルもん
1,283,em-e3e851204c8b,イカすぜ！よりりん,18,2576,2576,2,attribute_change,0.3595,0.5139,196,4,8,いいえ,イカすぜ！よりりん / 北間・クラリス嬢 / 哀哭のオオウミガラス / 百華百彩久連子 / 財閥だ浅ちゃん！
1,284,em-9c344f264735,カロリスト・カル子,40,6999,2499,5,attribute_guard,0.3594,0.4722,187,13,8,いいえ,カロリスト・カル子 / vにゅーさん / 愛のぴよ子 / 跛荒の鉄男大先生 / 財閥だ浅ちゃん！
1,285,em-7419b64dec0e,天の飛龍巻,42,5623,3748,2,attribute_change,0.3594,0.4444,183,17,8,いいえ,天の飛龍巻 / vにゅーさん / トランシルヴァニア家族 / 愛のぴよ子 / 財閥だ浅ちゃん！
1,286,em-501834a284b1,加賀友☆禅野さん,38,4175,4771,2,attribute_change,0.3593,0.4444,179,21,8,いいえ,加賀友☆禅野さん / 脱力コンビあろま＆るる / きぬたン / みどりのたけしマン / 御嶽さん
1,287,em-5266a394fb35,伊予・タウロス,60,4430,4941,2,multi_hit_attack,0.3593,0.4444,195,5,7,いいえ,伊予・タウロス / 脱力コンビあろま＆るる / 愛のぴよ子 / ????? / 碧海のオフタルもん
1,288,em-9d511711422e,禍殃☆ももとふ姫,17,2737,3059,3,heal,0.3592,0.5069,195,5,8,いいえ,禍殃☆ももとふ姫 / 北間・クラリス嬢 / 哀哭のオオウミガラス / 百華百彩久連子 / 財閥だ浅ちゃん！
1,289,em-99eb90e0260f,傾国の二条嬢,17,2656,2495,2,attribute_guard,0.3591,0.5139,195,5,8,いいえ,傾国の二条嬢 / 北間・クラリス嬢 / 哀哭のオオウミガラス / 百華百彩久連子 / 財閥だ浅ちゃん！
1,290,em-4f7f91fb4514,うどんの天使,42,3067,3748,1,attack_buff,0.3591,0.4583,183,17,8,いいえ,うどんの天使 / 脱力コンビあろま＆るる / きぬたン / みどりのたけしマン / 御嶽さん
1,291,em-106b8d6fe4c5,ドヤ顔の女帝瑠璃,60,4430,4089,1,damage_reduction,0.3591,0.4306,192,8,8,いいえ,ドヤ顔の女帝瑠璃 / ノローニャ・パイセン / 得琉田浜蔵 / ブハラ師匠 / 財閥だ浅ちゃん！
1,292,em-90d2686cfd0d,花火戦隊サイガーRe,45,4515,5367,3,multi_hit_attack,0.359,0.4514,177,23,8,いいえ,花火戦隊サイガーRe / ノローニャ・パイセン / 得琉田浜蔵 / ブハラ師匠 / 財閥だ浅ちゃん！
1,293,em-c3c3a8e92b71,仮面のいはと先生,25,2095,3063,3,delay,0.3588,0.4653,199,1,8,いいえ,仮面のいはと先生 / 北間・クラリス嬢 / 哀哭のオオウミガラス / 跛荒の鉄男大先生 / 財閥だ浅ちゃん！
1,294,em-ae8585ed525d,一服のうっぴー,46,6475,3408,3,heal,0.3588,0.4583,187,13,8,いいえ,一服のうっぴー / vにゅーさん / トランシルヴァニア家族 / 愛のぴよ子 / 財閥だ浅ちゃん！
1,295,em-2c5d06641a28,ジャックレムリン,55,7497,3748,7,aoe_attack,0.3586,0.4583,198,2,7,いいえ,ジャックレムリン / 脱力コンビあろま＆るる / 愛のぴよ子 / みどりのたけしマン / 碧海のオフタルもん
1,296,em-3ff69ed35fe7,wiーん・ザ・ウルフ,19,2898,2898,4,attribute_change,0.3582,0.5139,197,3,8,いいえ,wiーん・ザ・ウルフ / 北間・クラリス嬢 / 哀哭のオオウミガラス / 百華百彩久連子 / 財閥だ浅ちゃん！
1,297,em-ea05427d05f5,ナポレオーヌくん,32,3121,2603,1,attack_buff,0.3581,0.4792,188,12,8,いいえ,ナポレオーヌくん / 脱力コンビあろま＆るる / デロスの月陽姉弟 / ブハラ師匠 / 財閥だ浅ちゃん！
1,298,em-b5e0f2fbff78,養老のバッカス,65,6475,3408,4,revive,0.3581,0.4583,182,18,8,いいえ,養老のバッカス / コロちゃん / きぬたン / 諏訪子成長期 / シミ
1,299,em-2f0a120135a2,神降ろし！宮子様,24,3578,3152,0,heal,0.3581,0.4514,200,0,8,いいえ,神降ろし！宮子様 / vにゅーさん / トランシルヴァニア家族 / 花火戦隊サイガーRe / 八狗神伏姫様
1,300,em-773b001a1189,おづぬ様,60,4260,6816,5,attack_buff,0.3581,0.4375,195,5,7,いいえ,おづぬ様 / 脱力コンビあろま＆るる / 愛のぴよ子 / ????? / 碧海のオフタルもん
1,301,em-276d7f996bbe,竜也エボリューション,49,2044,6305,3,attack_buff,0.358,0.4653,194,6,8,いいえ,竜也エボリューション / ノローニャ・パイセン / 田島の春 / 諏訪子成長期 / シミ
1,302,em-814e01d05463,非伝説の潮真,60,7535,2423,1,attribute_guard,0.3579,0.4306,197,3,8,いいえ,非伝説の潮真 / 北間・クラリス嬢 / 田島の春 / 諏訪子成長期 / ラパヌイ先生
1,303,em-41b8799b7505,まおーちゃん,50,3748,4941,3,revive,0.3578,0.4653,197,3,8,いいえ,まおーちゃん / vにゅーさん / 愛のぴよ子 / 跛荒の鉄男大先生 / 財閥だ浅ちゃん！
1,304,em-ab3947962bd3,姫騎士なコンクさん,60,4856,3237,1,damage_reduction,0.3578,0.4514,192,8,8,いいえ,姫騎士なコンクさん / ノローニャ・パイセン / 得琉田浜蔵 / ブハラ師匠 / 財閥だ浅ちゃん！
1,305,em-14092b64f08d,コハク糖の魔導師,46,4379,5367,3,attribute_change,0.3578,0.4444,187,13,8,いいえ,コハク糖の魔導師 / 脱力コンビあろま＆るる / きぬたン / みどりのたけしマン / 御嶽さん
1,306,em-065f680177c4,ﾍﾟﾀももたろす,17,3059,3059,2,attribute_change,0.3576,0.4931,195,5,8,いいえ,ﾍﾟﾀももたろす / 北間・クラリス嬢 / 哀哭のオオウミガラス / 百華百彩久連子 / 財閥だ浅ちゃん！
1,307,em-cf78c5cc3134,オタテカモ次郎,28,4186,3059,2,attribute_change,0.3576,0.4722,184,16,8,いいえ,オタテカモ次郎 / 脱力コンビあろま＆るる / デロスの月陽姉弟 / ブハラ師匠 / 財閥だ浅ちゃん！
1,308,em-4efe36123302,輝け☆椛マン！,35,4260,3408,3,heal,0.3573,0.4722,176,24,8,いいえ,輝け☆椛マン！ / vにゅーさん / トランシルヴァニア家族 / 愛のぴよ子 / 財閥だ浅ちゃん！
1,309,em-314fadaf0ea9,オシラサマ,28,4260,3322,3,heal,0.3572,0.4722,169,31,8,いいえ,オシラサマ / vにゅーさん / トランシルヴァニア家族 / 愛のぴよ子 / 財閥だ浅ちゃん！
1,310,em-ad53908276ac,ピコ島ぴーこ,47,4007,5112,1,heal,0.3572,0.4306,197,3,8,いいえ,ピコ島ぴーこ / 北間・クラリス嬢 / 田島の春 / 跛荒の鉄男大先生 / ラパヌイ先生
1,311,em-29cc8a9cf9cd,ビール売りの小娘,18,1516,3638,3,skill_reduction,0.3571,0.4583,175,25,8,いいえ,ビール売りの小娘 / うどんの天使 / 田島の春 / 跛荒の鉄男大先生 / シミ
1,312,em-3151d77efe3f,チンチョーロさん,37,4805,4805,7,revive,0.357,0.4722,187,13,8,いいえ,チンチョーロさん / 北間・クラリス嬢 / 田島の春 / 跛荒の鉄男大先生 / ラパヌイ先生
1,313,em-89a1a863b8a0,ベファーナさん二千歳,46,7200,1874,1,multi_hit_attack,0.357,0.4583,200,0,8,いいえ,ベファーナさん二千歳 / vにゅーさん / 愛のぴよ子 / 跛荒の鉄男大先生 / ラパヌイ先生
1,314,em-423f5963c7c2,超患部ぴよフェッサー,15,3220,2093,2,revive,0.3569,0.5,193,7,8,いいえ,超患部ぴよフェッサー / 北間・クラリス嬢 / 哀哭のオオウミガラス / 百華百彩久連子 / 財閥だ浅ちゃん！
1,315,em-d0c26ab1312e,シガー☆直哉,22,3542,2125,1,attribute_change,0.3569,0.5,200,0,8,いいえ,シガー☆直哉 / 北間・クラリス嬢 / 哀哭のオオウミガラス / 百華百彩久連子 / 財閥だ浅ちゃん！
1,316,em-039a051d72bb,伊万里の重畳,36,4260,3919,3,delay,0.3569,0.4306,197,3,8,いいえ,伊万里の重畳 / vにゅーさん / トランシルヴァニア家族 / 花火戦隊サイガーRe / シミ
1,317,em-2c691fe63d0d,ブッシュドノエルん,38,3652,5354,2,attack_buff,0.3566,0.4444,192,8,8,いいえ,ブッシュドノエルん / 雪の美女と魔獣 / 田島の春 / みどりのたけしマン / 八狗神伏姫様
1,318,em-ec5b8324ab06,袴着！いつくしーみん,36,3401,3401,2,attack_buff,0.3564,0.4722,192,8,8,いいえ,袴着！いつくしーみん / vにゅーさん / 愛のぴよ子 / みどりのたけしマン / 碧海のオフタルもん
1,319,em-d368809aa822,ﾜﾙﾌﾟﾙｷﾞｽなメル子様,39,6560,3152,3,attribute_guard,0.3563,0.4514,189,11,7,いいえ,ﾜﾙﾌﾟﾙｷﾞｽなメル子様 / 北間・クラリス嬢 / 田島の春 / 跛荒の鉄男大先生 / ラパヌイ先生
1,320,em-0dca19ae5992,降臨！天草トッキー,43,4260,5964,4,attack_buff,0.3562,0.4444,197,3,8,いいえ,降臨！天草トッキー / vにゅーさん / トランシルヴァニア家族 / 諏訪子成長期 / シミ
1,321,em-4d9586371e6c,鞭・打つ子さん,38,4106,4106,3,multi_hit_attack,0.356,0.4653,194,6,8,いいえ,鞭・打つ子さん / vにゅーさん / 愛のぴよ子 / みどりのたけしマン / 碧海のオフタルもん
1,322,em-2eebc4f8633d,すわっ！かつより君,60,5350,4771,5,aoe_attack,0.356,0.4514,195,5,7,いいえ,すわっ！かつより君 / 脱力コンビあろま＆るる / 愛のぴよ子 / ????? / 碧海のオフタルもん
1,323,em-4debcfcadf66,艶奴太夫,60,3919,5964,1,attribute_change,0.356,0.4167,197,3,8,いいえ,艶奴太夫 / vにゅーさん / サルパちゃん / 諏訪子成長期 / シミ
1,324,em-88028fdebb04,オペラハウス侯爵,24,3154,3177,3,revive,0.3559,0.4792,198,2,8,いいえ,オペラハウス侯爵 / 北間・クラリス嬢 / 哀哭のオオウミガラス / 跛荒の鉄男大先生 / 財閥だ浅ちゃん！
1,325,em-9ca244c83a38,ʤouカー＆ʧouカー,16,1510,2124,4,delay,0.3556,0.5,194,6,8,いいえ,ʤouカー＆ʧouカー / 北間・クラリス嬢 / 哀哭のオオウミガラス / 百華百彩久連子 / 財閥だ浅ちゃん！
1,326,em-9413da55b7e0,ヤマピカリャーコ,47,4515,5095,2,multi_hit_attack,0.3556,0.4375,197,3,8,いいえ,ヤマピカリャーコ / vにゅーさん / トランシルヴァニア家族 / トキシッくんｵｯｽｵｯｽ / ラパヌイ先生
1,327,em-cc1dd429dace,?????,58,4171,4737,1,damage_reduction,0.3556,0.4306,199,1,7,いいえ,????? / vにゅーさん / トランシルヴァニア家族 / 愛のぴよ子 / 財閥だ浅ちゃん！
1,328,em-de301e40803c,どうしんフェス様,88,6816,4515,5,heal,0.3555,0.4444,190,10,8,いいえ,どうしんフェス様 / vにゅーさん / サルパちゃん / クェーサルと仲間たち / ハリウッドナナコ師匠
1,329,em-e84c5851ba6b,地下大河のルーシー,73,7668,2641,1,attack_buff,0.3554,0.4236,200,0,7,いいえ,地下大河のルーシー / 脱力コンビあろま＆るる / 愛のぴよ子 / 諏訪子成長期 / ダル飯☆杏
1,330,em-40c34074cbb0,おかいこさま,17,2756,2511,4,attribute_change,0.3553,0.5069,195,5,8,いいえ,おかいこさま / 北間・クラリス嬢 / 哀哭のオオウミガラス / 百華百彩久連子 / 財閥だ浅ちゃん！
1,331,em-a74603ad2679,白虎,36,5112,3408,4,attack_buff,0.3553,0.4653,192,8,8,いいえ,白虎 / vにゅーさん / 愛のぴよ子 / みどりのたけしマン / 碧海のオフタルもん
1,332,em-5284c689c7b6,ジャウー大先生,15,805,3220,4,skill_reduction,0.355,0.4722,199,1,8,いいえ,ジャウー大先生 / vにゅーさん / 愛のぴよ子 / 跛荒の鉄男大先生 / 碧海のオフタルもん
1,333,em-afce812f791d,めい子のMAY DAY,35,4123,4226,4,attribute_guard,0.3549,0.4653,196,4,7,いいえ,めい子のMAY DAY / vにゅーさん / トランシルヴァニア家族 / 花火戦隊サイガーRe / シミ
1,334,em-c1c986f4f89a,爆誕！ももたろす,62,4260,5964,1,attribute_change,0.3547,0.4167,199,1,8,いいえ,爆誕！ももたろす / vにゅーさん / サルパちゃん / 諏訪子成長期 / シミ
1,335,em-6b8007792f3c,因幡WAHHH!!,32,3578,4771,4,attack_buff,0.3546,0.4583,199,1,8,いいえ,因幡WAHHH!! / vにゅーさん / トランシルヴァニア家族 / 跛荒の鉄男大先生 / シミ
1,336,em-83113af84b95,降臨☆三原色ばうあー,45,3578,5868,5,aoe_attack,0.3545,0.4583,199,1,8,いいえ,降臨☆三原色ばうあー / vにゅーさん / トランシルヴァニア家族 / 諏訪子成長期 / シミ
1,337,em-d65d8f8b3d2e,エズ in スミス,20,3542,1771,1,attribute_guard,0.3543,0.4931,198,2,8,いいえ,エズ in スミス / 北間・クラリス嬢 / 哀哭のオオウミガラス / 百華百彩久連子 / 財閥だ浅ちゃん！
1,338,em-572c57cf5e18,湘南大水曜日ボーイ,28,2044,5623,4,attack_buff,0.3543,0.4722,184,16,8,いいえ,湘南大水曜日ボーイ / 脱力コンビあろま＆るる / デロスの月陽姉弟 / ブハラ師匠 / 財閥だ浅ちゃん！
1,339,em-4c2a43ecd770,ナンマトル君,14,2115,2115,2,skill_reduction,0.3538,0.4931,192,8,8,いいえ,ナンマトル君 / 北間・クラリス嬢 / 哀哭のオオウミガラス / 百華百彩久連子 / 財閥だ浅ちゃん！
1,340,em-cdd7690ef318,京都コーラマン,59,5959,2800,4,damage_reduction,0.3538,0.4722,196,4,7,いいえ,京都コーラマン / 北間・クラリス嬢 / 田島の春 / 諏訪子成長期 / ラパヌイ先生
1,341,em-ceb860c3dbdd,美姫お市,60,5964,2556,0,attack_buff,0.3538,0.4167,195,5,7,いいえ,美姫お市 / 脱力コンビあろま＆るる / 愛のぴよ子 / ????? / 碧海のオフタルもん
1,342,em-7a8f08b97855,カルボ姉（ねえ）,18,3792,2556,1,multi_hit_attack,0.3537,0.4722,176,24,8,いいえ,カルボ姉（ねえ） / ノローニャ・パイセン / 田島の春 / 跛荒の鉄男大先生 / シミ
1,343,em-31758a7d7c63,ﾗｰｶﾞﾙﾌﾘｮｩﾄﾙﾑりん,47,5700,2292,3,damage_reduction,0.3537,0.4722,196,4,8,いいえ,ﾗｰｶﾞﾙﾌﾘｮｩﾄﾙﾑりん / vにゅーさん / トランシルヴァニア家族 / 諏訪子成長期 / 巨大カンテツ
1,344,em-d7e6501e0b63,ダークるる,60,4771,4771,3,damage_reduction,0.3537,0.4444,192,8,8,いいえ,ダークるる / ノローニャ・パイセン / 得琉田浜蔵 / ブハラ師匠 / 財閥だ浅ちゃん！
1,345,em-6885c7d684d6,雪の美女と魔獣,52,4304,3016,1,heal,0.3535,0.4583,184,16,8,いいえ,雪の美女と魔獣 / コロちゃん / 田島の春 / ブハラ師匠 / 財閥だ浅ちゃん！
1,346,em-f119f767f457,アダム＆エバ,50,5112,4260,4,attack_buff,0.3534,0.4583,199,1,8,いいえ,アダム＆エバ / vにゅーさん / トランシルヴァニア家族 / 諏訪子成長期 / 巨大カンテツ
1,347,em-d111f497df0f,湘南大水曜日ボーイ,40,2044,5623,4,attack_buff,0.3532,0.4653,194,6,8,いいえ,湘南大水曜日ボーイ / vにゅーさん / トランシルヴァニア家族 / 諏訪子成長期 / シミ
1,348,em-7f6d8a20493b,寝起きのクラリス,60,7668,1704,0,heal,0.3532,0.4236,195,5,8,いいえ,寝起きのクラリス / vにゅーさん / トランシルヴァニア家族 / 愛のぴよ子 / 御嶽さん
1,349,em-1de8c880f196,ヴィヒー先生,17,2114,2718,2,damage_reduction,0.3531,0.5069,195,5,8,いいえ,ヴィヒー先生 / 北間・クラリス嬢 / 哀哭のオオウミガラス / 百華百彩久連子 / 財閥だ浅ちゃん！
1,350,em-78c90c30a11c,夜光虫ほたるん,14,2265,3020,2,attribute_change,0.3531,0.4792,198,2,8,いいえ,夜光虫ほたるん / vにゅーさん / 愛のぴよ子 / 跛荒の鉄男大先生 / 碧海のオフタルもん
1,351,em-710becd5b772,雪女フェス祭カーニバル,54,7497,2556,6,attribute_guard,0.353,0.4653,181,19,8,いいえ,雪女フェス祭カーニバル / 北間・クラリス嬢 / 田島の春 / 諏訪子成長期 / 八狗神伏姫様
1,352,em-91f26ad56eaa,神喫！さくらん兄妹,12,1510,1887,5,skill_reduction,0.3529,0.5,190,10,8,いいえ,神喫！さくらん兄妹 / 北間・クラリス嬢 / 哀哭のオオウミガラス / 百華百彩久連子 / 財閥だ浅ちゃん！
1,353,em-51bdb94ec3b1,熱ぅい！地獄雀,43,5964,3408,4,revive,0.3529,0.4514,184,16,8,いいえ,熱ぅい！地獄雀 / vにゅーさん / トランシルヴァニア家族 / 愛のぴよ子 / 財閥だ浅ちゃん！
1,354,em-23638c0715eb,ばけごろう,30,1757,5743,1,attribute_change,0.3528,0.4375,197,3,8,いいえ,ばけごろう / vにゅーさん / トランシルヴァニア家族 / 跛荒の鉄男大先生 / シミ
1,355,em-454ebee4a0cd,3人はフォニピュア,60,4941,3578,2,damage_reduction,0.3527,0.4514,192,8,8,いいえ,3人はフォニピュア / ノローニャ・パイセン / 得琉田浜蔵 / ブハラ師匠 / 財閥だ浅ちゃん！
1,356,em-0bcb369cdcd9,キタキツネの神様,36,3748,4771,3,attack_buff,0.3526,0.4514,197,3,8,いいえ,キタキツネの神様 / vにゅーさん / トランシルヴァニア家族 / 花火戦隊サイガーRe / シミ
1,357,em-aeee7aac1b71,ジンジャーブレッド男,20,4143,2440,2,attack_buff,0.3525,0.4861,190,10,8,いいえ,ジンジャーブレッド男 / ノローニャ・パイセン / 田島の春 / 花火戦隊サイガーRe / 財閥だ浅ちゃん！
1,358,em-5861838d2e36,ばうあー泥棒,35,4771,3033,4,attack_buff,0.3523,0.4792,199,1,8,いいえ,ばうあー泥棒 / 北間・クラリス嬢 / 田島の春 / 三貴子ツクヨミ / 八狗神伏姫様
1,359,em-12386dff9bd5,サリエリ許さないマン,21,2827,2827,4,revive,0.3522,0.4931,199,1,8,いいえ,サリエリ許さないマン / 北間・クラリス嬢 / 哀哭のオオウミガラス / 百華百彩久連子 / 財閥だ浅ちゃん！
1,360,em-eea7e5ad714b,饅頭石餅子,30,3433,4114,5,attribute_guard,0.3521,0.4792,184,16,8,いいえ,饅頭石餅子 / 北間・クラリス嬢 / 田島の春 / 百華百彩久連子 / ラパヌイ先生
1,361,em-ed2bb6e12815,ラスコー原人,14,604,3624,1,attribute_change,0.352,0.4792,198,2,8,いいえ,ラスコー原人 / vにゅーさん / 愛のぴよ子 / 跛荒の鉄男大先生 / 碧海のオフタルもん
1,362,em-7747ea5c5a73,諏訪子成長期,38,3067,5623,3,multi_hit_attack,0.352,0.4444,195,5,8,いいえ,諏訪子成長期 / 北間・クラリス嬢 / 哀哭のオオウミガラス / 家族贖罪という字面 / 御嶽さん
1,363,em-4afb3d011e67,得琉田浜蔵,12,2696,1992,3,attribute_change,0.3518,0.5069,200,0,8,いいえ,得琉田浜蔵 / vにゅーさん / 愛のぴよ子 / 百華百彩久連子 / 碧海のオフタルもん
1,364,em-7f847f5ad505,電ドロ白鷺嬢,40,6816,2556,1,heal,0.3516,0.4375,200,0,8,いいえ,電ドロ白鷺嬢 / コロちゃん / 哀哭のオオウミガラス / ブハラ師匠 / 八狗神伏姫様
1,365,em-4d47f8a702ed,モヘン女ダロぉ,47,3374,6202,1,damage_reduction,0.3516,0.4167,196,4,8,いいえ,モヘン女ダロぉ / vにゅーさん / トランシルヴァニア家族 / 諏訪子成長期 / 巨大カンテツ
1,366,em-825d090d7d15,比保々田 真純,31,4601,3714,2,multi_hit_attack,0.3515,0.4444,199,1,8,いいえ,比保々田 真純 / vにゅーさん / 家族贖罪という字面 / ブハラ師匠 / 財閥だ浅ちゃん！
1,367,em-2c6fd048179d,ジョン・鮭児,23,1448,2726,0,attack_buff,0.351,0.4792,193,7,8,いいえ,ジョン・鮭児 / vにゅーさん / トランシルヴァニア家族 / ブハラ師匠 / 八狗神伏姫様
1,368,em-eb9cb098a2c1,加留多ヘナ造,18,2898,2737,2,damage_reduction,0.3509,0.4792,196,4,8,いいえ,加留多ヘナ造 / 北間・クラリス嬢 / 哀哭のオオウミガラス / 百華百彩久連子 / 財閥だ浅ちゃん！
1,369,em-0e6d3baf12ca,ネギ少女じゅんちゃん,36,3544,3544,1,heal,0.3509,0.4444,177,23,8,いいえ,ネギ少女じゅんちゃん / vにゅーさん / トランシルヴァニア家族 / 愛のぴよ子 / 財閥だ浅ちゃん！
1,370,em-47c29240fd33,大晦日のネギそば給仕少女,40,3834,3834,2,guard,0.3508,0.4583,190,10,8,いいえ,大晦日のネギそば給仕少女 / 北間・クラリス嬢 / 田島の春 / 跛荒の鉄男大先生 / ラパヌイ先生
1,371,em-59dbe02c39e1,吸血くん,18,1757,3067,1,attribute_guard,0.3507,0.4861,196,4,8,いいえ,吸血くん / 北間・クラリス嬢 / 哀哭のオオウミガラス / 百華百彩久連子 / 財閥だ浅ちゃん！
1,372,em-7f58743c664e,ポリミタス☆おかいこ,34,4771,3069,2,attribute_change,0.3503,0.4583,200,0,8,いいえ,ポリミタス☆おかいこ / ペーチパイセン / 哀哭のオオウミガラス / ブハラ師匠 / あ、シュールさんだ。
1,373,em-0984e8e9ee06,加賀のカブキ者,60,4430,6816,2,attack_buff,0.3499,0.4028,200,0,7,いいえ,加賀のカブキ者 / 北間・クラリス嬢 / ????? / 家族贖罪という字面 / 碧海のオフタルもん
1,374,em-309fbe104636,いーびルン,15,2254,2576,7,guard,0.3497,0.5139,193,7,8,いいえ,いーびルン / 北間・クラリス嬢 / 哀哭のオオウミガラス / 百華百彩久連子 / 財閥だ浅ちゃん！
1,375,em-86926ff7d06c,満喫♪新年にくぁう,24,2085,3449,1,damage_reduction,0.3497,0.4722,198,2,8,いいえ,満喫♪新年にくぁう / 北間・クラリス嬢 / 哀哭のオオウミガラス / 跛荒の鉄男大先生 / 財閥だ浅ちゃん！
1,376,em-30793b1211b4,ウルルさんは役者やで,15,1310,2189,1,damage_reduction,0.3496,0.5139,193,7,8,いいえ,ウルルさんは役者やで / 北間・クラリス嬢 / 哀哭のオオウミガラス / 百華百彩久連子 / 財閥だ浅ちゃん！
1,377,em-d08c9e36ef51,地獄雀！阿蘇さん,17,3413,2061,1,attribute_guard,0.3496,0.4931,195,5,8,いいえ,地獄雀！阿蘇さん / 北間・クラリス嬢 / 哀哭のオオウミガラス / 百華百彩久連子 / 財閥だ浅ちゃん！
1,378,em-a6fe320c7afa,戸隠忍者はハント中,31,937,5027,1,attack_buff,0.3496,0.4514,198,2,8,いいえ,戸隠忍者はハント中 / vにゅーさん / トランシルヴァニア家族 / 跛荒の鉄男大先生 / シミ
1,379,em-1eee6f61a8bd,キングな勝斧さん,31,4601,2726,1,attack_buff,0.3494,0.4444,198,2,8,いいえ,キングな勝斧さん / vにゅーさん / トランシルヴァニア家族 / 跛荒の鉄男大先生 / シミ
1,380,em-5e492c884ca0,三貴子素戔嗚,75,8946,6475,5,multi_hit_attack,0.3494,0.3958,198,2,7,いいえ,三貴子素戔嗚 / vにゅーさん / トランシルヴァニア家族 / 愛のぴよ子 / シミ
1,381,em-7b7bc6faa9ba,パティは実況勢,41,5623,3352,2,damage_reduction,0.3492,0.4444,191,9,8,いいえ,パティは実況勢 / 北間・クラリス嬢 / 田島の春 / 跛荒の鉄男大先生 / ラパヌイ先生
1,382,em-acc7e76f32c6,満開☆チゥりっぷちゃん,20,563,2957,2,attribute_change,0.349,0.5069,198,2,8,いいえ,満開☆チゥりっぷちゃん / 北間・クラリス嬢 / 哀哭のオオウミガラス / 百華百彩久連子 / 財閥だ浅ちゃん！
1,383,em-aefb52be8eca,半間鮫子,52,3411,6823,2,multi_hit_attack,0.349,0.4167,192,8,7,いいえ,半間鮫子 / vにゅーさん / トランシルヴァニア家族 / ブハラ師匠 / ハリウッドナナコ師匠
1,384,em-8038935d7100,竜宮の翁,38,4771,3748,2,attack_buff,0.3489,0.4444,194,6,8,いいえ,竜宮の翁 / vにゅーさん / 愛のぴよ子 / みどりのたけしマン / 碧海のオフタルもん
1,385,em-2a20d82018a7,強飯式太子君,43,4771,3408,1,heal,0.3487,0.4306,184,16,8,いいえ,強飯式太子君 / vにゅーさん / トランシルヴァニア家族 / 愛のぴよ子 / 財閥だ浅ちゃん！
1,386,em-d95aa4fb8de0,北海！白川だるま,45,4473,2556,1,attack_buff,0.3486,0.4583,195,5,8,いいえ,北海！白川だるま / 北間・クラリス嬢 / 田島の春 / 跛荒の鉄男大先生 / ラパヌイ先生
1,387,em-bf60c5d7bbe5,ワイン塗れのぐっすん,39,2453,5555,1,attack_buff,0.3486,0.4236,195,5,8,いいえ,ワイン塗れのぐっすん / vにゅーさん / 愛のぴよ子 / みどりのたけしマン / 碧海のオフタルもん
1,388,em-3c1078996c9c,めい子のNEW DAY,25,2760,2862,4,attribute_guard,0.3484,0.4861,199,1,8,いいえ,めい子のNEW DAY / 北間・クラリス嬢 / 哀哭のオオウミガラス / 跛荒の鉄男大先生 / 財閥だ浅ちゃん！
1,389,em-0a34a4b839d5,堕落勇者オトシゴ,60,4732,5111,8,damage_reduction,0.3483,0.4583,187,13,8,いいえ,堕落勇者オトシゴ / 北間・クラリス嬢 / 田島の春 / 財閥だ浅ちゃん！ / 八狗神伏姫様
1,390,em-480a0eef6d7b,ピカリャー射的ｽﾀｲﾙ,45,3786,3786,2,aoe_attack,0.3481,0.4583,199,1,8,いいえ,ピカリャー射的ｽﾀｲﾙ / vにゅーさん / トランシルヴァニア家族 / 諏訪子成長期 / シミ
1,391,em-14cb05f591ca,牛鬼だうわーっ！,45,3919,2556,2,multi_hit_attack,0.348,0.4792,191,9,8,いいえ,牛鬼だうわーっ！ / ノローニャ・パイセン / 夜光虫ほたるん / 跛荒の鉄男大先生 / 財閥だ浅ちゃん！
1,392,em-8476f5773554,エーランドちゃん,30,6070,2160,7,delay,0.3476,0.4236,186,14,8,いいえ,エーランドちゃん / 新・ウオ丸くん / 得琉田浜蔵 / ブハラ師匠 / ラパヌイ先生
1,393,em-6c9a66a7da8c,抹殺音ズース,40,5623,3408,6,heal,0.3475,0.4653,200,0,8,いいえ,抹殺音ズース / コロちゃん / 哀哭のオオウミガラス / ブハラ師匠 / 八狗神伏姫様
1,394,em-3fef7ee3dc51,トゥバタハのシレーナ,60,3919,4601,3,aoe_attack,0.3474,0.4444,191,9,7,いいえ,トゥバタハのシレーナ / ノローニャ・パイセン / 得琉田浜蔵 / 諏訪子成長期 / 財閥だ浅ちゃん！
1,395,em-52f594fdc52e,後楽園☆池田,43,5623,2896,1,attack_buff,0.3473,0.4306,199,1,8,いいえ,後楽園☆池田 / vにゅーさん / 愛のぴよ子 / みどりのたけしマン / 碧海のオフタルもん
1,396,em-48a7e7dd243f,鮫男子・ニタりん,60,4601,7157,3,multi_hit_attack,0.3473,0.4167,193,7,7,いいえ,鮫男子・ニタりん / コロちゃん / 得琉田浜蔵 / 三貴子ツクヨミ / 八狗神伏姫様
1,397,em-ee43bce0e25f,vにゅーさん,51,3567,5271,1,damage_reduction,0.3472,0.4167,194,6,8,いいえ,vにゅーさん / 北間・クララさん / 伊予・タウロス / 財閥だ浅ちゃん！ / 八狗神伏姫様
1,398,em-35e37020b193,æッシュちゃん,17,3542,2254,5,attribute_guard,0.3471,0.5,195,5,8,いいえ,æッシュちゃん / 北間・クラリス嬢 / 哀哭のオオウミガラス / 百華百彩久連子 / 財閥だ浅ちゃん！
1,399,em-9d7275c7d84e,ハンドさんの匍匐前進,27,1840,3220,3,damage_reduction,0.3471,0.4931,191,9,8,いいえ,ハンドさんの匍匐前進 / ノローニャ・パイセン / きぬたン / 諏訪子成長期 / 八狗神伏姫様
1,400,em-b8168a7a90ca,大杉に願いを☆ミ,39,5129,3067,2,attribute_guard,0.347,0.4514,189,11,7,いいえ,大杉に願いを☆ミ / 北間・クラリス嬢 / 田島の春 / 跛荒の鉄男大先生 / ラパヌイ先生
1,401,em-a0601347b042,グラーツ君,36,2896,5282,3,attack_buff,0.3467,0.4514,192,8,8,いいえ,グラーツ君 / vにゅーさん / 愛のぴよ子 / みどりのたけしマン / 碧海のオフタルもん
1,402,em-66075c4def49,K・Y・イマガワ,40,5793,3237,5,attack_buff,0.3466,0.4653,190,10,8,いいえ,K・Y・イマガワ / 北間・クラリス嬢 / 田島の春 / 跛荒の鉄男大先生 / ラパヌイ先生
1,403,em-258850fee1ca,時計塔の魔女娘,30,5523,1614,2,skill_reduction,0.3466,0.4375,197,3,8,いいえ,時計塔の魔女娘 / vにゅーさん / トランシルヴァニア家族 / 跛荒の鉄男大先生 / シミ
1,404,em-942c8f8de44d,エンゼルちゃん,22,1772,2590,3,heal,0.3465,0.5069,200,0,8,いいえ,エンゼルちゃん / 北間・クラリス嬢 / 哀哭のオオウミガラス / 百華百彩久連子 / 財閥だ浅ちゃん！
1,405,em-5c46e7a79c7f,ギャルド・スイス先輩,45,3408,5453,4,multi_hit_attack,0.3463,0.4514,177,23,8,いいえ,ギャルド・スイス先輩 / ノローニャ・パイセン / 得琉田浜蔵 / ブハラ師匠 / 財閥だ浅ちゃん！
1,406,em-433922ef3e4e,夏至祭のぺた也君,53,7266,2153,2,skill_reduction,0.3463,0.4028,194,6,8,いいえ,夏至祭のぺた也君 / vにゅーさん / トランシルヴァニア家族 / 愛のぴよ子 / 財閥だ浅ちゃん！
1,407,em-6dcd90bb7df5,花めく☆まつやマン,24,4669,2173,1,heal,0.3462,0.4653,198,2,8,いいえ,花めく☆まつやマン / 北間・クラリス嬢 / 哀哭のオオウミガラス / 跛荒の鉄男大先生 / 財閥だ浅ちゃん！
1,408,em-fd111e204918,アルビールパイセン,19,467,2608,3,delay,0.3461,0.4861,197,3,8,いいえ,アルビールパイセン / 北間・クラリス嬢 / 哀哭のオオウミガラス / 百華百彩久連子 / 財閥だ浅ちゃん！
1,409,em-b27009a57b71,架けろきしわだっしー,49,1559,6672,3,attack_buff,0.3461,0.4444,194,6,8,いいえ,架けろきしわだっしー / ノローニャ・パイセン / 田島の春 / 諏訪子成長期 / シミ
1,410,em-d25a7727f654,プラハ嬢,32,1482,4991,4,damage_reduction,0.3459,0.4722,186,14,8,いいえ,プラハ嬢 / 北間・クラリス嬢 / 田島の春 / 百華百彩久連子 / ラパヌイ先生
1,411,em-aae4f48cb489,もん親方,28,3748,3748,2,attribute_guard,0.3458,0.4583,182,18,8,いいえ,もん親方 / 北間・クラリス嬢 / 田島の春 / 百華百彩久連子 / ラパヌイ先生
1,412,em-7e9ffb70cffa,企業だ浅ちゃん！,32,1192,7327,4,attack_buff,0.3458,0.4444,199,1,8,いいえ,企業だ浅ちゃん！ / vにゅーさん / トランシルヴァニア家族 / 跛荒の鉄男大先生 / シミ
1,413,em-32dd2642183e,ハイパーハンギョジン,60,5889,3996,3,attack_buff,0.3458,0.4375,195,5,7,いいえ,ハイパーハンギョジン / 脱力コンビあろま＆るる / 愛のぴよ子 / ????? / 碧海のオフタルもん
1,414,em-684248c89e03,ストックレー帝,22,3013,3181,0,attribute_change,0.3456,0.4444,200,0,8,いいえ,ストックレー帝 / 北間・クラリス嬢 / 哀哭のオオウミガラス / 百華百彩久連子 / 財閥だ浅ちゃん！
1,415,em-84d3175a9388,コン勝神☆くー様,48,3809,7024,4,attack_buff,0.3456,0.4306,197,3,8,いいえ,コン勝神☆くー様 / vにゅーさん / トランシルヴァニア家族 / 諏訪子成長期 / 巨大カンテツ
1,416,em-2d179e9f0835,ﾇｯと出る☆ウイス君,36,5354,2486,2,attack_buff,0.3455,0.4514,190,10,8,いいえ,ﾇｯと出る☆ウイス君 / 雪の美女と魔獣 / 田島の春 / みどりのたけしマン / 八狗神伏姫様
1,417,em-a85045965911,まさか殿(マジ),100,7463,6628,3,attack_buff,0.3451,0.3819,200,0,7,いいえ,まさか殿(マジ) / 脱力コンビあろま＆るる / 愛のぴよ子 / みどりのたけしマン / 御嶽さん
1,418,em-4f3eddbe87bf,キルワくん,17,2141,3226,1,attack_buff,0.345,0.4583,197,3,8,いいえ,キルワくん / vにゅーさん / トランシルヴァニア家族 / ブハラ師匠 / ラパヌイ先生
1,419,em-78c7d71a75d2,美音三銃士を連れてきたよ,50,6475,3748,5,revive,0.345,0.4375,191,9,8,いいえ,美音三銃士を連れてきたよ / vにゅーさん / トランシルヴァニア家族 / 愛のぴよ子 / 財閥だ浅ちゃん！
1,420,em-75c1af17d152,浴衣美人な日女路嬢,38,5623,3748,3,heal,0.345,0.4306,164,36,8,いいえ,浴衣美人な日女路嬢 / ノローニャ・パイセン / 得琉田浜蔵 / 跛荒の鉄男大先生 / シミ
1,421,em-f7f78d464e92,ウミウサーヌ,60,3408,4601,3,guard,0.3448,0.4514,192,8,8,いいえ,ウミウサーヌ / ノローニャ・パイセン / 得琉田浜蔵 / ブハラ師匠 / 財閥だ浅ちゃん！
1,422,em-337e85c2cd90,ユーコ☆スターダスト,60,6053,4354,4,revive,0.3447,0.4306,197,3,8,いいえ,ユーコ☆スターダスト / 北間・クラリス嬢 / 田島の春 / 諏訪子成長期 / ラパヌイ先生
1,423,em-96f9283052eb,ロロちゃんさん先輩,22,2254,2737,5,revive,0.3445,0.5069,200,0,8,いいえ,ロロちゃんさん先輩 / 北間・クラリス嬢 / 哀哭のオオウミガラス / 百華百彩久連子 / 財閥だ浅ちゃん！
1,424,em-02e0499d8e24,朱雀,36,4430,4941,4,attack_buff,0.3445,0.4444,183,17,8,いいえ,朱雀 / 脱力コンビあろま＆るる / トリニダの怪人 / 跛荒の鉄男大先生 / ラパヌイ先生
1,425,em-c67e33bb61cf,鎌倉式ＤＢ２涅槃型改,19,4105,1690,9,guard,0.344,0.5,197,3,8,いいえ,鎌倉式ＤＢ２涅槃型改 / 北間・クラリス嬢 / 哀哭のオオウミガラス / 百華百彩久連子 / 財閥だ浅ちゃん！
1,426,em-2325681e1b59,BON JOVE,24,3220,3220,5,aoe_attack,0.3439,0.4792,194,6,8,いいえ,BON JOVE / vにゅーさん / トランシルヴァニア家族 / ブハラ師匠 / 八狗神伏姫様
1,427,em-1ab18da48960,白い悪魔の小町さん,24,3461,3300,5,aoe_attack,0.3439,0.4722,194,6,8,いいえ,白い悪魔の小町さん / vにゅーさん / トランシルヴァニア家族 / ブハラ師匠 / 八狗神伏姫様
1,428,em-3dc0af65e330,ランたんちゃん,43,3425,5295,2,attribute_change,0.3439,0.4306,184,16,8,いいえ,ランたんちゃん / 脱力コンビあろま＆るる / きぬたン / みどりのたけしマン / 御嶽さん
1,429,em-eb57ed2cb1f2,ペパりんズクッキング,60,6305,3237,3,delay,0.3436,0.3958,197,3,8,いいえ,ペパりんズクッキング / vにゅーさん / サルパちゃん / 諏訪子成長期 / シミ
1,430,em-438753e77e6c,デロスの月陽姉弟,41,3237,5453,2,heal,0.3434,0.4306,191,9,8,いいえ,デロスの月陽姉弟 / 北間・クラリス嬢 / 田島の春 / 跛荒の鉄男大先生 / ラパヌイ先生
1,431,em-8cb75e870411,マンいーたち,50,3408,6816,4,aoe_attack,0.3434,0.4306,200,0,8,いいえ,マンいーたち / vにゅーさん / トランシルヴァニア家族 / トキシッくんｵｯｽｵｯｽ / ラパヌイ先生
1,432,em-3600ec808f3f,日本海女中,15,1288,2898,0,attack_buff,0.3433,0.4583,200,0,8,いいえ,日本海女中 / 北間・クラリス嬢 / 哀哭のオオウミガラス / 百華百彩久連子 / ラパヌイ先生
1,433,em-c42ef00ed018,ｗｗナレースワンｗｗ,25,2560,2584,4,delay,0.3433,0.4514,199,1,8,いいえ,ｗｗナレースワンｗｗ / 北間・クラリス嬢 / 哀哭のオオウミガラス / 跛荒の鉄男大先生 / 財閥だ浅ちゃん！
1,434,em-5ca14322a82d,蓮那由太郎,43,4771,3493,5,attack_buff,0.3432,0.4583,199,1,8,いいえ,蓮那由太郎 / vにゅーさん / 愛のぴよ子 / みどりのたけしマン / 碧海のオフタルもん
1,435,em-048f5c5385db,Mr.バトラー,34,4771,3067,1,attribute_change,0.3429,0.4306,175,25,8,いいえ,Mr.バトラー / vにゅーさん / トランシルヴァニア家族 / 愛のぴよ子 / 財閥だ浅ちゃん！
1,436,em-a07828a97733,降臨！いつくしーみん,19,1761,3381,1,attack_buff,0.3427,0.4583,199,1,8,いいえ,降臨！いつくしーみん / vにゅーさん / トランシルヴァニア家族 / ブハラ師匠 / ラパヌイ先生
1,437,em-7941e8376c00,堕楽・ぴよボロス,46,756,7572,4,attack_buff,0.3427,0.4444,200,0,8,いいえ,堕楽・ぴよボロス / vにゅーさん / 愛のぴよ子 / 跛荒の鉄男大先生 / ラパヌイ先生
1,438,em-d295de1e4086,海の日シスターズ♪,40,3823,4657,4,attack_buff,0.3426,0.4514,194,6,8,いいえ,海の日シスターズ♪ / vにゅーさん / トランシルヴァニア家族 / 諏訪子成長期 / シミ
1,439,em-fa3191833d67,エヴァン,28,3381,2776,2,damage_reduction,0.3425,0.4722,182,18,8,いいえ,エヴァン / 北間・クラリス嬢 / 田島の春 / 百華百彩久連子 / ラパヌイ先生
1,440,em-076deec8d0c8,羊蟹☆こ祝いくん,24,2093,2737,3,delay,0.3425,0.4583,198,2,8,いいえ,羊蟹☆こ祝いくん / 北間・クラリス嬢 / 哀哭のオオウミガラス / 跛荒の鉄男大先生 / 財閥だ浅ちゃん！
1,441,em-410cc22d32bc,アロハる☆水島神人,16,3246,1887,2,attribute_change,0.3424,0.4931,194,6,8,いいえ,アロハる☆水島神人 / 北間・クラリス嬢 / 哀哭のオオウミガラス / 百華百彩久連子 / 財閥だ浅ちゃん！
1,442,em-95a008b67c52,権現くまのたん,22,1030,4234,2,attack_buff,0.3424,0.4722,200,0,8,いいえ,権現くまのたん / 北間・クラリス嬢 / 哀哭のオオウミガラス / 百華百彩久連子 / 財閥だ浅ちゃん！
1,443,em-e0dcffe4d5d0,大魔神！せいタン降臨,44,2044,6305,4,attack_buff,0.3424,0.4444,200,0,8,いいえ,大魔神！せいタン降臨 / vにゅーさん / 愛のぴよ子 / みどりのたけしマン / 碧海のオフタルもん
1,444,em-72f5e94185a5,MAIKOちゃん,34,3834,3834,6,attribute_guard,0.3422,0.4583,166,34,8,いいえ,MAIKOちゃん / ノローニャ・パイセン / 得琉田浜蔵 / ブハラ師匠 / 財閥だ浅ちゃん！
1,445,em-6d8ed6eb36b3,えかちぇたん,25,4260,2385,1,multi_hit_attack,0.3422,0.4444,195,5,8,いいえ,えかちぇたん / vにゅーさん / トランシルヴァニア家族 / ブハラ師匠 / 八狗神伏姫様
1,446,em-f9ca1348e6ed,斎王代「鵺」,48,6884,3748,3,attribute_change,0.3422,0.4236,189,11,8,いいえ,斎王代「鵺」 / vにゅーさん / トランシルヴァニア家族 / 愛のぴよ子 / 財閥だ浅ちゃん！
1,447,em-4dc27428f645,よりりんＫ林スタイル,24,2576,2576,2,attribute_change,0.3421,0.4792,198,2,8,いいえ,よりりんＫ林スタイル / 北間・クラリス嬢 / 哀哭のオオウミガラス / 跛荒の鉄男大先生 / 財閥だ浅ちゃん！
1,448,em-edd2253df045,怪奇！変身鬼人形,25,3408,3834,3,attribute_change,0.3421,0.4583,199,1,8,いいえ,怪奇！変身鬼人形 / 北間・クラリス嬢 / 哀哭のオオウミガラス / 跛荒の鉄男大先生 / 財閥だ浅ちゃん！
1,449,em-2f9e3ad50fc8,やまなしーヌの心,25,2415,2576,3,skill_reduction,0.3417,0.4514,199,1,8,いいえ,やまなしーヌの心 / 北間・クラリス嬢 / 哀哭のオオウミガラス / 跛荒の鉄男大先生 / 財閥だ浅ちゃん！
1,450,em-594e492a6818,ヤンなるネポムちゃん,50,3397,2930,1,attack_buff,0.3417,0.4444,199,1,8,いいえ,ヤンなるネポムちゃん / vにゅーさん / トランシルヴァニア家族 / 諏訪子成長期 / 巨大カンテツ
1,451,em-bc583c6ff83e,卍石★モチ子,40,4625,4966,5,attribute_guard,0.3414,0.4444,184,16,8,いいえ,卍石★モチ子 / 北間・クラリス嬢 / 田島の春 / 花火戦隊サイガーRe / ラパヌイ先生
1,452,em-dfbe69861ff7,餅もちにくぁうさん,36,3449,3789,1,damage_reduction,0.3414,0.4375,168,32,7,いいえ,餅もちにくぁうさん / ノローニャ・パイセン / 得琉田浜蔵 / ブハラ師匠 / 財閥だ浅ちゃん！
1,453,em-79322ee550e2,スーパーににぎ状態,60,5623,4430,5,attack_buff,0.3414,0.4236,195,5,7,いいえ,スーパーににぎ状態 / 脱力コンビあろま＆るる / 愛のぴよ子 / ????? / 碧海のオフタルもん
1,454,em-faea6a503d7f,討ち入り☆花子,58,5350,4907,3,aoe_attack,0.3413,0.4236,193,7,7,いいえ,討ち入り☆花子 / 脱力コンビあろま＆るる / 愛のぴよ子 / ????? / 碧海のオフタルもん
1,455,em-86055d05ee01,ラムネ少女じゅんちゃん,14,2113,2113,2,heal,0.3411,0.4931,192,8,8,いいえ,ラムネ少女じゅんちゃん / 北間・クラリス嬢 / 哀哭のオオウミガラス / 百華百彩久連子 / 財閥だ浅ちゃん！
1,456,em-7e0f073f3656,年中無休な落花妖精,41,5538,3834,8,damage_reduction,0.341,0.4583,191,9,8,いいえ,年中無休な落花妖精 / 北間・クラリス嬢 / 田島の春 / 跛荒の鉄男大先生 / ラパヌイ先生
1,457,em-b7b738711fb0,ちくわサンド,23,2817,2656,2,attack_buff,0.3409,0.4792,197,3,8,いいえ,ちくわサンド / 北間・クラリス嬢 / 田島の春 / 三貴子ツクヨミ / ラパヌイ先生
1,458,em-e931902358ae,弘法大師Ｑ改,15,1359,1963,3,skill_reduction,0.3408,0.4861,193,7,8,いいえ,弘法大師Ｑ改 / 北間・クラリス嬢 / 哀哭のオオウミガラス / 百華百彩久連子 / 財閥だ浅ちゃん！
1,459,em-744815bd68e5,旋回のヘリコプリオン,75,8997,2675,2,aoe_attack,0.3408,0.4028,200,0,7,いいえ,旋回のヘリコプリオン / vにゅーさん / トランシルヴァニア家族 / オペラハウス侯爵 / ハリウッドナナコ師匠
1,460,em-36d4f380dee2,ギャングなウツ雄様,60,4856,4856,5,damage_reduction,0.3406,0.4444,197,3,8,いいえ,ギャングなウツ雄様 / vにゅーさん / サルパちゃん / 諏訪子成長期 / シミ
1,461,em-78785b8bf619,企業だ浅ちゃん！,42,1192,7327,4,attack_buff,0.3405,0.4375,198,2,8,いいえ,企業だ浅ちゃん！ / vにゅーさん / 愛のぴよ子 / みどりのたけしマン / 碧海のオフタルもん
1,462,em-6acd0e20d832,たこむすめ,39,1363,4089,5,heal,0.3403,0.4861,200,0,8,いいえ,たこむすめ / うどんの天使 / ターヌムンゴネキ / ブハラ師匠 / ラパヌイ先生
1,463,em-a0159af9ab81,カネヒラくん,14,2385,2556,2,attribute_change,0.3403,0.4722,198,2,8,いいえ,カネヒラくん / vにゅーさん / 愛のぴよ子 / 跛荒の鉄男大先生 / 碧海のオフタルもん
1,464,em-c2219f10d4e0,青コリくん,16,1533,2556,0,damage_reduction,0.3401,0.4583,200,0,8,いいえ,青コリくん / vにゅーさん / 愛のぴよ子 / 跛荒の鉄男大先生 / 碧海のオフタルもん
1,465,em-f5c067498bab,深窓のやまなしーヌ,17,1661,1812,3,skill_reduction,0.3399,0.4861,195,5,8,いいえ,深窓のやまなしーヌ / 北間・クラリス嬢 / 哀哭のオオウミガラス / 百華百彩久連子 / 財閥だ浅ちゃん！
1,466,em-076ae15080b8,ゾウムシ,40,7293,2044,7,damage_reduction,0.3399,0.4722,190,10,8,いいえ,ゾウムシ / 北間・クラリス嬢 / 田島の春 / 跛荒の鉄男大先生 / ラパヌイ先生
1,467,em-419c23e0ec81,新生☆ＢＴ５!!,35,3287,3615,3,damage_reduction,0.3399,0.4583,167,33,7,いいえ,新生☆ＢＴ５!! / ノローニャ・パイセン / 得琉田浜蔵 / ブハラ師匠 / 財閥だ浅ちゃん！
1,468,em-45dad5139056,ベギン改・修道女,37,4565,4467,4,revive,0.3396,0.4444,187,13,8,いいえ,ベギン改・修道女 / 北間・クラリス嬢 / 田島の春 / 跛荒の鉄男大先生 / ラパヌイ先生
1,469,em-1e9e4475c353,ゲラー･ｻﾞ･ｸﾞﾗﾃﾞｨｴｲﾀｰ,55,3408,5964,2,attack_buff,0.3396,0.4167,199,1,8,いいえ,ゲラー･ｻﾞ･ｸﾞﾗﾃﾞｨｴｲﾀｰ / 北間・クラリス嬢 / 田島の春 / ????? / 碧海のオフタルもん
1,470,em-31f11b9a8df8,ももとふFREEダム,40,3408,4260,3,heal,0.3394,0.4514,200,0,8,いいえ,ももとふFREEダム / コロちゃん / 哀哭のオオウミガラス / ブハラ師匠 / 八狗神伏姫様
1,471,em-832edc9513ca,Ｈ・Ｆ・ウーマン,45,6305,3748,4,guard,0.3393,0.4306,186,14,8,いいえ,Ｈ・Ｆ・ウーマン / vにゅーさん / トランシルヴァニア家族 / 愛のぴよ子 / 財閥だ浅ちゃん！
1,472,em-dba7b79429bc,サルパ王＆女王,60,5453,3748,2,multi_hit_attack,0.3393,0.4167,200,0,7,いいえ,サルパ王＆女王 / vにゅーさん / トランシルヴァニア家族 / ブハラ師匠 / ハリウッドナナコ師匠
1,473,em-00734b7bf0e4,アパカ☆アイガー師匠,16,1551,2733,1,attack_buff,0.3389,0.4653,200,0,8,いいえ,アパカ☆アイガー師匠 / vにゅーさん / 愛のぴよ子 / 跛荒の鉄男大先生 / 碧海のオフタルもん
1,474,em-6d3c1934f67c,エンパさんの夏,50,5623,4430,2,aoe_attack,0.3387,0.4097,193,7,8,いいえ,エンパさんの夏 / 脱力コンビあろま＆るる / 愛のぴよ子 / みどりのたけしマン / 碧海のオフタルもん
1,475,em-9cd3d68e61d0,渦巻王ナルテュール,45,1704,6134,6,multi_hit_attack,0.3386,0.4514,199,1,8,いいえ,渦巻王ナルテュール / vにゅーさん / トランシルヴァニア家族 / 諏訪子成長期 / シミ
1,476,em-4206205a0bb1,リュウ・ツカイ,60,5708,4515,2,attack_buff,0.3386,0.4097,195,5,7,いいえ,リュウ・ツカイ / 脱力コンビあろま＆るる / 愛のぴよ子 / ????? / 碧海のオフタルもん
1,477,em-bffb26ad3975,アイヌ☆らっくるん,60,2896,6645,2,attack_buff,0.3385,0.4028,195,5,7,いいえ,アイヌ☆らっくるん / 脱力コンビあろま＆るる / 愛のぴよ子 / ????? / 碧海のオフタルもん
1,478,em-05476daa6b31,だんじり鉄砲隊,26,805,3599,4,attack_buff,0.3384,0.4861,196,4,8,いいえ,だんじり鉄砲隊 / vにゅーさん / トランシルヴァニア家族 / ブハラ師匠 / 八狗神伏姫様
1,479,em-3767457f6cce,ｷﾗﾒｷﾒﾗ☆ヒラメ様,40,5367,2215,1,attribute_change,0.3383,0.4306,181,19,8,いいえ,ｷﾗﾒｷﾒﾗ☆ヒラメ様 / vにゅーさん / トランシルヴァニア家族 / 愛のぴよ子 / 財閥だ浅ちゃん！
1,480,em-18279a838450,白刃舞うは存亡の秋,70,6816,4260,4,attack_buff,0.3383,0.4097,198,2,8,いいえ,白刃舞うは存亡の秋 / 脱力コンビあろま＆るる / 愛のぴよ子 / 諏訪子成長期 / ラパヌイ先生
1,481,em-f70fc38ed477,栗栖　益子さん,40,4175,4106,4,multi_hit_attack,0.3381,0.4444,196,4,8,いいえ,栗栖　益子さん / vにゅーさん / 愛のぴよ子 / みどりのたけしマン / 碧海のオフタルもん
1,482,em-edb254f0a679,カナちゃんのなごみ,41,5453,3408,2,heal,0.3379,0.4306,182,18,8,いいえ,カナちゃんのなごみ / vにゅーさん / トランシルヴァニア家族 / 愛のぴよ子 / 財閥だ浅ちゃん！
1,483,em-698af6462642,反魂タン昼食TIME,32,3067,5623,4,attack_buff,0.3378,0.4444,196,4,8,いいえ,反魂タン昼食TIME / 北間・クラリス嬢 / 田島の春 / 三貴子ツクヨミ / 八狗神伏姫様
1,484,em-58dbb7bc9653,六点魔王ノッブ,58,3408,5964,3,multi_hit_attack,0.3377,0.4167,193,7,7,いいえ,六点魔王ノッブ / 脱力コンビあろま＆るる / 愛のぴよ子 / ????? / 碧海のオフタルもん
1,485,em-24b5b550f587,ジョロウグモ,10,937,2113,3,damage_reduction,0.3375,0.5139,188,12,8,いいえ,ジョロウグモ / 北間・クラリス嬢 / 哀哭のオオウミガラス / 百華百彩久連子 / 財閥だ浅ちゃん！
1,486,em-8f7b014ebd06,すわ子isGOD！,18,2254,2737,2,multi_hit_attack,0.3375,0.4653,176,24,8,いいえ,すわ子isGOD！ / ノローニャ・パイセン / 田島の春 / 跛荒の鉄男大先生 / シミ
1,487,em-48fc0bb31337,踊る☆なまずおじさん,60,5793,2130,3,damage_reduction,0.3375,0.4514,200,0,8,いいえ,踊る☆なまずおじさん / 北間・クララさん / トランシルヴァニア家族 / 花火戦隊サイガーRe / ヤマトタケルぅ！
1,488,em-313faf3b400a,バルパラ★イソ子,36,3237,3067,1,attribute_guard,0.3374,0.4444,168,32,7,いいえ,バルパラ★イソ子 / ノローニャ・パイセン / 得琉田浜蔵 / ブハラ師匠 / 財閥だ浅ちゃん！
1,489,em-a62aee8d3548,レゲエじゃまいか,40,5453,3748,4,revive,0.3374,0.4444,200,0,8,いいえ,レゲエじゃまいか / コロちゃん / 哀哭のオオウミガラス / ブハラ師匠 / 八狗神伏姫様
1,490,em-e6496091dd0f,シャーミーくん,20,2948,2556,1,attack_buff,0.3373,0.4653,194,6,8,いいえ,シャーミーくん / 北間・クラリス嬢 / 田島の春 / 三貴子ツクヨミ / ラパヌイ先生
1,491,em-d695befcbdc2,収穫☆にいがタン,26,4508,3655,3,attribute_guard,0.3372,0.4375,200,0,8,いいえ,収穫☆にいがタン / 北間・クラリス嬢 / 哀哭のオオウミガラス / 跛荒の鉄男大先生 / 財閥だ浅ちゃん！
1,492,em-bbda291d459c,漆黒及び純白のポワン,20,1704,2896,3,guard,0.3371,0.4861,198,2,8,いいえ,漆黒及び純白のポワン / 北間・クラリス嬢 / 哀哭のオオウミガラス / 百華百彩久連子 / 財閥だ浅ちゃん！
1,493,em-5f5281ba5e2a,黄泉還り！反魂タン,9,1812,1963,3,revive,0.337,0.5069,187,13,8,いいえ,黄泉還り！反魂タン / 北間・クラリス嬢 / 哀哭のオオウミガラス / 百華百彩久連子 / 財閥だ浅ちゃん！
1,494,em-42b503c8643c,姉上と青コリくん,48,3322,3322,0,damage_reduction,0.3369,0.4167,174,26,8,いいえ,姉上と青コリくん / ノローニャ・パイセン / 得琉田浜蔵 / 跛荒の鉄男大先生 / シミ
1,495,em-845ebf2f059a,うどんの女神,39,4771,2385,2,multi_hit_attack,0.3367,0.4653,188,12,8,いいえ,うどんの女神 / ノローニャ・パイセン / きぬたン / みどりのたけしマン / 八狗神伏姫様
1,496,em-d138d4e46038,きぬたン,48,3067,4771,2,attack_buff,0.3367,0.4306,197,3,8,いいえ,きぬたン / vにゅーさん / トランシルヴァニア家族 / 諏訪子成長期 / 巨大カンテツ
1,497,em-e7480334e10e,脱力系アテナ,33,4186,1610,0,attack_buff,0.3366,0.4583,197,3,8,いいえ,脱力系アテナ / 北間・クラリス嬢 / 田島の春 / 三貴子ツクヨミ / 八狗神伏姫様
1,498,em-6193e7af4d97,がうがうは考える,44,1704,5964,3,damage_reduction,0.3363,0.4375,198,2,8,いいえ,がうがうは考える / vにゅーさん / トランシルヴァニア家族 / 諏訪子成長期 / シミ
1,499,em-aa92178d2205,糸巻万太朗,40,5623,4260,2,attribute_change,0.3363,0.4097,181,19,8,いいえ,糸巻万太朗 / vにゅーさん / トランシルヴァニア家族 / 愛のぴよ子 / 財閥だ浅ちゃん！
1,500,em-d09d2f80d34e,トマティーナ少佐,16,3748,2130,2,multi_hit_attack,0.3361,0.4653,174,26,8,いいえ,トマティーナ少佐 / ノローニャ・パイセン / 田島の春 / 跛荒の鉄男大先生 / シミ
1,501,em-41c5d9f739e4,健やか泰三,44,3052,5964,5,revive,0.3361,0.4375,170,30,8,いいえ,健やか泰三 / ノローニャ・パイセン / 得琉田浜蔵 / 跛荒の鉄男大先生 / シミ
1,502,em-b17b3174de7d,ネギtheフィクサー,45,2405,5135,3,damage_reduction,0.336,0.4444,199,1,8,いいえ,ネギtheフィクサー / vにゅーさん / トランシルヴァニア家族 / 諏訪子成長期 / シミ
1,503,em-f9383e2e4919,ユハンヌスのサウナー,42,5231,3067,3,damage_reduction,0.336,0.4375,174,26,8,いいえ,ユハンヌスのサウナー / ノローニャ・パイセン / 得琉田浜蔵 / ブハラ師匠 / 財閥だ浅ちゃん！
1,504,em-a85f091d502f,スウェルくん,11,1452,2058,2,damage_reduction,0.3358,0.4861,199,1,8,いいえ,スウェルくん / vにゅーさん / 愛のぴよ子 / 百華百彩久連子 / 碧海のオフタルもん
1,505,em-845e49247e45,ウサポワン海人,20,1533,2607,3,guard,0.3357,0.4931,198,2,8,いいえ,ウサポワン海人 / 北間・クラリス嬢 / 哀哭のオオウミガラス / 百華百彩久連子 / 財閥だ浅ちゃん！
1,506,em-c6a0a8b51afe,ライオットうお太,41,3152,4175,4,damage_reduction,0.3355,0.4514,182,18,8,いいえ,ライオットうお太 / vにゅーさん / トランシルヴァニア家族 / 愛のぴよ子 / 財閥だ浅ちゃん！
1,507,em-469fc4e70bad,エヴァンジェ・凛,48,5091,3428,5,heal,0.3354,0.4444,189,11,8,いいえ,エヴァンジェ・凛 / vにゅーさん / トランシルヴァニア家族 / 愛のぴよ子 / 財閥だ浅ちゃん！
1,508,em-cf9464eec3b4,ヒラメちゃん,13,2370,2044,1,attribute_change,0.3353,0.4722,191,9,8,いいえ,ヒラメちゃん / 北間・クラリス嬢 / 哀哭のオオウミガラス / 百華百彩久連子 / 財閥だ浅ちゃん！
1,509,em-15b63ea7b4c3,タオるんさん先輩師匠,14,1510,2180,2,attribute_guard,0.3351,0.4931,192,8,8,いいえ,タオるんさん先輩師匠 / 北間・クラリス嬢 / 哀哭のオオウミガラス / 百華百彩久連子 / 財閥だ浅ちゃん！
1,510,em-f49b19428b58,ちび丸のハロウィン,17,255,2896,4,revive,0.335,0.5,195,5,8,いいえ,ちび丸のハロウィン / 北間・クラリス嬢 / 哀哭のオオウミガラス / 百華百彩久連子 / 財閥だ浅ちゃん！
1,511,em-7b76cc31326e,迷走のヴァニ江,36,4379,2505,2,damage_reduction,0.3349,0.4583,186,14,7,いいえ,迷走のヴァニ江 / 北間・クラリス嬢 / 田島の春 / 跛荒の鉄男大先生 / ラパヌイ先生
1,512,em-c37c2a529421,ディワリのｱﾗｸｼｭﾐｰ,38,4771,3408,2,heal,0.3349,0.4375,179,21,8,いいえ,ディワリのｱﾗｸｼｭﾐｰ / vにゅーさん / トランシルヴァニア家族 / 愛のぴよ子 / 財閥だ浅ちゃん！
1,513,em-a3563f41a151,ラクダンデス隊長,38,4941,3578,2,guard,0.3348,0.4306,188,12,7,いいえ,ラクダンデス隊長 / 北間・クラリス嬢 / 田島の春 / 跛荒の鉄男大先生 / ラパヌイ先生
1,514,em-08c36f307e1c,3年ε組！エレナ先生,38,4430,4260,3,attack_buff,0.3348,0.4306,194,6,8,いいえ,3年ε組！エレナ先生 / vにゅーさん / 愛のぴよ子 / みどりのたけしマン / 碧海のオフタルもん
1,515,em-d8d7722f9f21,赤パジャマさん,20,2240,3262,5,attribute_guard,0.3346,0.4792,198,2,8,いいえ,赤パジャマさん / 北間・クラリス嬢 / 哀哭のオオウミガラス / 百華百彩久連子 / 財閥だ浅ちゃん！
1,516,em-62994b487456,浪漫歌人♪晶子さん,25,3059,3059,2,revive,0.3346,0.4583,200,0,8,いいえ,浪漫歌人♪晶子さん / ノローニャ・パイセン / きぬたン / ブハラ師匠 / ラパヌイ先生
1,517,em-6eed78e1fe62,リア充の権化安倍晴明,100,6782,6271,3,heal,0.3343,0.375,200,0,8,いいえ,リア充の権化安倍晴明 / ペーチパイセン / 田島の春 / ????? / 御嶽さん
1,518,em-4d4a6386f8f8,九周年ぴよ子,99,6815,5111,5,guard,0.3341,0.4028,199,1,8,いいえ,九周年ぴよ子 / コロちゃん / 田島の春 / 愛のぴよ子 / 財閥だ浅ちゃん！
1,519,em-86798e95c07f,ほたるん！卒業祭り,18,1132,2567,0,attribute_change,0.334,0.4653,196,4,8,いいえ,ほたるん！卒業祭り / 北間・クラリス嬢 / 哀哭のオオウミガラス / 百華百彩久連子 / 財閥だ浅ちゃん！
1,520,em-09abce425d92,超悦者・有砂小町,60,5453,5453,5,attribute_change,0.3338,0.4167,185,15,8,いいえ,超悦者・有砂小町 / 北間・クラリス嬢 / 田島の春 / 跛荒の鉄男大先生 / シミ
1,521,em-7f3eb7b8272c,にゅー先生,15,700,2200,2,guard,0.3337,0.5,193,7,8,いいえ,にゅー先生 / 北間・クラリス嬢 / 哀哭のオオウミガラス / 百華百彩久連子 / 財閥だ浅ちゃん！
1,522,em-32f5c4968406,正月カナちゃん。,66,5282,5282,6,revive,0.3337,0.4236,200,0,8,いいえ,正月カナちゃん。 / 北間・クラリス嬢 / 田島の春 / 花火戦隊サイガーRe / 八狗神伏姫様
1,523,em-bc514db974f0,化石人骨ルーシー,23,3783,2173,3,revive,0.3336,0.4792,197,3,8,いいえ,化石人骨ルーシー / 北間・クラリス嬢 / 哀哭のオオウミガラス / 跛荒の鉄男大先生 / 財閥だ浅ちゃん！
1,524,em-de36aab296aa,月下皇帝ランたん様,50,3150,5367,3,revive,0.3336,0.4306,200,0,8,いいえ,月下皇帝ランたん様 / 北間・クラリス嬢 / 田島の春 / 跛荒の鉄男大先生 / ラパヌイ先生
1,525,em-1fcc8f4c1ae3,ヴェルサイユの朝,45,2556,6645,5,attack_buff,0.3335,0.4306,199,1,8,いいえ,ヴェルサイユの朝 / vにゅーさん / トランシルヴァニア家族 / 諏訪子成長期 / シミ
1,526,em-3ac00001d30a,ネギの向こう側,20,2262,2273,0,heal,0.3334,0.4583,198,2,8,いいえ,ネギの向こう側 / 北間・クラリス嬢 / 哀哭のオオウミガラス / 百華百彩久連子 / 財閥だ浅ちゃん！
1,527,em-bb22778026f9,吸血さん,43,6645,2839,1,attribute_guard,0.3334,0.4028,184,16,8,いいえ,吸血さん / vにゅーさん / トランシルヴァニア家族 / 愛のぴよ子 / 財閥だ浅ちゃん！
1,528,em-0d449e302187,水神ヨッカブイ先生,54,3714,5418,5,damage_reduction,0.3333,0.4306,181,19,8,いいえ,水神ヨッカブイ先生 / 北間・クラリス嬢 / 田島の春 / 諏訪子成長期 / 八狗神伏姫様
1,529,em-437f98caf8e3,ぺた也君,35,4710,3006,1,multi_hit_attack,0.3333,0.4306,186,14,8,いいえ,ぺた也君 / ノローニャ・パイセン / 得琉田浜蔵 / 跛荒の鉄男大先生 / ラパヌイ先生
1,530,em-3434078c33f2,橋の上のかずら,20,2012,2173,2,guard,0.3332,0.4931,198,2,8,いいえ,橋の上のかずら / 北間・クラリス嬢 / 哀哭のオオウミガラス / 百華百彩久連子 / 財閥だ浅ちゃん！
1,531,em-e8331e3aec6c,辰の子ぴよ子,70,6898,4089,10,multi_hit_attack,0.3332,0.4306,200,0,7,いいえ,辰の子ぴよ子 / vにゅーさん / サルパちゃん / 愛のぴよ子 / ダル飯☆杏
1,532,em-523af93f71e3,神田祭らーの集い,88,5027,6901,4,aoe_attack,0.3332,0.3958,200,0,7,いいえ,神田祭らーの集い / 北間・クラリス嬢 / 田島の春 / みどりのたけしマン / 八狗神伏姫様
1,533,em-7aeb7561c788,ににぎのミコト,50,4941,3748,5,attack_buff,0.3331,0.4375,199,1,8,いいえ,ににぎのミコト / vにゅーさん / トランシルヴァニア家族 / 諏訪子成長期 / 巨大カンテツ
1,534,em-9e9fc5ee5a9c,深淵のエルフ,18,2537,3059,4,attack_buff,0.333,0.4653,198,2,8,いいえ,深淵のエルフ / vにゅーさん / トランシルヴァニア家族 / ブハラ師匠 / ラパヌイ先生
1,535,em-17a8d3f2a8d3,牛迫 角子さん,31,3282,4260,1,attack_buff,0.3329,0.4167,198,2,8,いいえ,牛迫 角子さん / なっとくん様 / 愛のぴよ子 / ????? / 碧海のオフタルもん
1,536,em-98730869df6a,朱染めの夏炎・朱雀,70,5282,6475,3,attack_buff,0.3329,0.3958,194,6,8,いいえ,朱染めの夏炎・朱雀 / vにゅーさん / サルパちゃん / 愛のぴよ子 / 財閥だ浅ちゃん！
1,537,em-251adb8af3dc,にくぁう餃子権現,30,1365,3638,4,attack_buff,0.3328,0.4722,200,0,8,いいえ,にくぁう餃子権現 / vにゅーさん / トランシルヴァニア家族 / ブハラ師匠 / 八狗神伏姫様
1,538,em-0f41288ed104,青玉の供犠ぴよ子,6,1609,1609,0,none,0.3327,0.4722,184,16,8,いいえ,青玉の供犠ぴよ子 / 北間・クラリス嬢 / 哀哭のオオウミガラス / 百華百彩久連子 / 財閥だ浅ちゃん！
1,539,em-93e0810ca88c,宇壺田ウツ雄,25,3067,3067,6,damage_reduction,0.3326,0.4722,199,1,8,いいえ,宇壺田ウツ雄 / 北間・クラリス嬢 / 哀哭のオオウミガラス / 跛荒の鉄男大先生 / 財閥だ浅ちゃん！
1,540,em-e6c445da9312,おしゃまなタコむすめ,39,1704,5112,5,heal,0.3326,0.4583,200,0,8,いいえ,おしゃまなタコむすめ / うどんの天使 / ターヌムンゴネキ / ブハラ師匠 / ラパヌイ先生
1,541,em-34ff44ed1803,富士さんは魔女,42,5112,4260,4,revive,0.3326,0.4167,189,11,8,いいえ,富士さんは魔女 / vにゅーさん / 愛のぴよ子 / 跛荒の鉄男大先生 / 財閥だ浅ちゃん！
1,542,em-a87c308ef7c4,トミスLOVE様,52,4686,4686,4,revive,0.3326,0.4167,199,1,8,いいえ,トミスLOVE様 / vにゅーさん / 愛のぴよ子 / 跛荒の鉄男大先生 / 財閥だ浅ちゃん！
1,543,em-c1544fb41324,元キャプテン・hɔーク,13,1359,1963,1,attribute_guard,0.3321,0.4861,191,9,8,いいえ,元キャプテン・hɔーク / 北間・クラリス嬢 / 哀哭のオオウミガラス / 百華百彩久連子 / 財閥だ浅ちゃん！
1,544,em-769713d8548b,ザ・NPfLやすなり,20,1800,1800,0,attribute_change,0.3321,0.4722,198,2,8,いいえ,ザ・NPfLやすなり / 北間・クラリス嬢 / 哀哭のオオウミガラス / 百華百彩久連子 / 財閥だ浅ちゃん！
1,545,em-2a96e91a2f35,雪男フェス祭カーニバル,38,5793,1874,5,revive,0.332,0.4583,200,0,8,いいえ,雪男フェス祭カーニバル / 脱力コンビあろま＆るる / 田島の春 / 花火戦隊サイガーRe / 八狗神伏姫様
1,546,em-57768559e8b8,旋律！タコ幼女,39,1533,4601,5,heal,0.3318,0.4653,200,0,8,いいえ,旋律！タコ幼女 / うどんの天使 / ターヌムンゴネキ / ブハラ師匠 / ラパヌイ先生
1,547,em-e2feaf3c95b1,古の才次郎先生,13,1812,1963,1,attribute_change,0.3315,0.4792,191,9,8,いいえ,古の才次郎先生 / 北間・クラリス嬢 / 哀哭のオオウミガラス / 百華百彩久連子 / 財閥だ浅ちゃん！
1,548,em-960c8d1446c2,GC・アガッシィΩ,42,3578,3578,4,multi_hit_attack,0.3315,0.4583,186,14,8,いいえ,GC・アガッシィΩ / ノローニャ・パイセン / 得琉田浜蔵 / 跛荒の鉄男大先生 / 財閥だ浅ちゃん！
1,549,em-405f3e1dc3af,べるりん★最高潮,45,5367,3663,6,attribute_guard,0.3315,0.4444,186,14,8,いいえ,べるりん★最高潮 / vにゅーさん / トランシルヴァニア家族 / 愛のぴよ子 / 財閥だ浅ちゃん！
1,550,em-5ff7c4f20f2b,ヤマトタケルぅ！,40,85,8520,5,multi_hit_attack,0.3315,0.4236,196,4,8,いいえ,ヤマトタケルぅ！ / vにゅーさん / 愛のぴよ子 / みどりのたけしマン / 碧海のオフタルもん
1,551,em-b9e75bc0b1f9,わっしょいミカ先生,20,4186,3220,5,attack_buff,0.3313,0.4514,200,0,8,いいえ,わっしょいミカ先生 / vにゅーさん / トランシルヴァニア家族 / ブハラ師匠 / ラパヌイ先生
1,552,em-57dce5f944a3,うらうらら,50,4260,6390,4,multi_hit_attack,0.3311,0.4028,193,7,8,いいえ,うらうらら / 脱力コンビあろま＆るる / 愛のぴよ子 / みどりのたけしマン / 碧海のオフタルもん
1,553,em-252e0359c5e1,巳ーちゃん,25,3451,2599,3,multi_hit_attack,0.331,0.4722,199,1,8,いいえ,巳ーちゃん / 北間・クラリス嬢 / 田島の春 / 三貴子ツクヨミ / ラパヌイ先生
1,554,em-b0799e52d0a8,カヌーイング・ケベック,28,3674,2641,1,attack_buff,0.331,0.4306,198,2,8,いいえ,カヌーイング・ケベック / vにゅーさん / トランシルヴァニア家族 / ブハラ師匠 / 八狗神伏姫様
1,555,em-8803e5b07894,風林火山のぶくろ公,22,2254,2576,5,aoe_attack,0.3307,0.4861,200,0,8,いいえ,風林火山のぶくろ公 / コロちゃん / きぬたン / 三貴子ツクヨミ / ダル飯☆杏
1,556,em-8e1d0fa65dc4,厩戸之太子大先生,24,2866,2447,1,heal,0.3307,0.4583,198,2,8,いいえ,厩戸之太子大先生 / 北間・クラリス嬢 / 哀哭のオオウミガラス / 跛荒の鉄男大先生 / 財閥だ浅ちゃん！
1,557,em-07c5bc08f69e,朦朧ボディマンΩ,16,755,3020,10,multi_hit_attack,0.3306,0.4861,174,26,8,いいえ,朦朧ボディマンΩ / ノローニャ・パイセン / 田島の春 / 跛荒の鉄男大先生 / シミ
1,558,em-10aded4f89d1,ゲイコツガブリムシ,13,820,2300,5,revive,0.3304,0.5069,191,9,8,いいえ,ゲイコツガブリムシ / 北間・クラリス嬢 / 哀哭のオオウミガラス / 百華百彩久連子 / 財閥だ浅ちゃん！
1,559,em-d0639c20e6b1,ユーコ☆宇宙,24,4260,2556,4,revive,0.3304,0.4583,198,2,8,いいえ,ユーコ☆宇宙 / 北間・クラリス嬢 / 哀哭のオオウミガラス / 跛荒の鉄男大先生 / 財閥だ浅ちゃん！
1,560,em-b97fa105ba34,うまうーさん♪,40,5793,3067,5,attribute_guard,0.3303,0.4375,194,6,8,いいえ,うまうーさん♪ / vにゅーさん / トランシルヴァニア家族 / 諏訪子成長期 / シミ
1,561,em-7a5536e43124,因幡WAHHH!!,31,3578,4771,4,attack_buff,0.3303,0.4375,195,5,8,いいえ,因幡WAHHH!! / 北間・クラリス嬢 / 田島の春 / 三貴子ツクヨミ / 八狗神伏姫様
1,562,em-1ad78d7d3c2f,狐仮面,22,2215,1789,4,revive,0.3299,0.5069,200,0,8,いいえ,狐仮面 / 北間・クラリス嬢 / 哀哭のオオウミガラス / 百華百彩久連子 / 財閥だ浅ちゃん！
1,563,em-cd23be41d901,美顔なエンパナさん,40,5623,4089,8,revive,0.3298,0.4375,190,10,8,いいえ,美顔なエンパナさん / 北間・クラリス嬢 / 田島の春 / 跛荒の鉄男大先生 / ラパヌイ先生
1,564,em-9eb7fd81d237,ユウ・レーカさん,20,2044,2556,4,revive,0.3296,0.4792,198,2,8,いいえ,ユウ・レーカさん / 北間・クラリス嬢 / 哀哭のオオウミガラス / 百華百彩久連子 / 財閥だ浅ちゃん！
1,565,em-e9d9b60eefb1,鈴鹿忍者,20,1623,2189,5,skill_reduction,0.3294,0.4583,198,2,8,いいえ,鈴鹿忍者 / 北間・クラリス嬢 / 哀哭のオオウミガラス / 百華百彩久連子 / 財閥だ浅ちゃん！
1,566,em-a236725222d2,紺碧のＰＬぴよ子,60,3656,3656,1,attribute_change,0.3293,0.4167,197,3,8,いいえ,紺碧のＰＬぴよ子 / vにゅーさん / サルパちゃん / 諏訪子成長期 / シミ
1,567,em-fcf6ec919e80,ｱﾙﾊﾟ力のお兄(父)さん,10,763,2205,3,heal,0.3292,0.4861,198,2,8,いいえ,ｱﾙﾊﾟ力のお兄(父)さん / vにゅーさん / 愛のぴよ子 / 百華百彩久連子 / 碧海のオフタルもん
1,568,em-908fa1696f0d,速いぞサラマンダー！,12,3186,1431,6,skill_reduction,0.3292,0.4514,200,0,8,いいえ,速いぞサラマンダー！ / vにゅーさん / 愛のぴよ子 / 百華百彩久連子 / 碧海のオフタルもん
1,569,em-6cd949ff7539,?????,53,1842,6475,2,guard,0.3292,0.4097,194,6,8,いいえ,????? / vにゅーさん / トランシルヴァニア家族 / 愛のぴよ子 / 財閥だ浅ちゃん！
1,570,em-3f6affd1acff,ハンニバル力(りょく),58,7497,2385,3,aoe_attack,0.3291,0.4375,191,9,7,いいえ,ハンニバル力(りょく) / コロちゃん / 得琉田浜蔵 / 三貴子ツクヨミ / 八狗神伏姫様
1,571,em-bc6da5addf52,桜ブーナッド,46,5547,4013,5,heal,0.329,0.4306,196,4,8,いいえ,桜ブーナッド / 北間・クラリス嬢 / 田島の春 / 跛荒の鉄男大先生 / ラパヌイ先生
1,572,em-28604c08091f,純白のアンナ大先輩,51,6305,3748,5,aoe_attack,0.329,0.4236,185,15,7,いいえ,純白のアンナ大先輩 / 北間・クラリス嬢 / 田島の春 / ラパヌイ先生 / 八狗神伏姫様
1,573,em-67c9c425e81c,大いなる奇なる皇女,60,4260,4260,5,multi_hit_attack,0.3288,0.4444,193,7,7,いいえ,大いなる奇なる皇女 / コロちゃん / 得琉田浜蔵 / 三貴子ツクヨミ / 八狗神伏姫様
1,574,em-299bbc95ef27,タコンナ,60,4260,5964,5,heal,0.3288,0.4167,200,0,8,いいえ,タコンナ / 北間・クラリス嬢 / 田島の春 / 跛荒の鉄男大先生 / 八狗神伏姫様
1,575,em-d74e6be8b4b9,クビキリギス,40,3800,3544,4,damage_reduction,0.3287,0.4514,172,28,8,いいえ,クビキリギス / ノローニャ・パイセン / 得琉田浜蔵 / ブハラ師匠 / 財閥だ浅ちゃん！
1,576,em-378e340695dc,スクナクナクナクス,50,6816,3408,2,aoe_attack,0.3287,0.3958,200,0,8,いいえ,スクナクナクナクス / vにゅーさん / トランシルヴァニア家族 / トキシッくんｵｯｽｵｯｽ / ラパヌイ先生
1,577,em-f334c541bf84,納得ん★福曼荼羅,17,1763,1860,2,attribute_change,0.3286,0.4931,195,5,8,いいえ,納得ん★福曼荼羅 / 北間・クラリス嬢 / 哀哭のオオウミガラス / 百華百彩久連子 / 財閥だ浅ちゃん！
1,578,em-2c71a7740b67,エルチェの椰子少女,42,4601,4601,5,attack_buff,0.3285,0.4236,192,8,8,いいえ,エルチェの椰子少女 / 北間・クラリス嬢 / 田島の春 / 跛荒の鉄男大先生 / ラパヌイ先生
1,579,em-ed68f4e03a58,欣喜ぴよ子,10,1785,1812,2,guard,0.3284,0.4861,188,12,8,いいえ,欣喜ぴよ子 / 北間・クラリス嬢 / 哀哭のオオウミガラス / 百華百彩久連子 / 財閥だ浅ちゃん！
1,580,em-489782f8e31c,愛のぴよ子,7,1631,1993,3,heal,0.3283,0.4931,185,15,7,いいえ,愛のぴよ子 / 北間・クラリス嬢 / 哀哭のオオウミガラス / 百華百彩久連子 / 財閥だ浅ちゃん！
1,581,em-9960799ef9aa,ににぎのミコト,35,4941,3748,5,attack_buff,0.3281,0.4375,199,1,8,いいえ,ににぎのミコト / 北間・クラリス嬢 / 田島の春 / 三貴子ツクヨミ / 八狗神伏姫様
1,582,em-4016fa16a6ca,Dr.&萌やﾁﾝｹﾞｰﾙ,14,773,2573,1,heal,0.328,0.4722,192,8,8,いいえ,Dr.&萌やﾁﾝｹﾞｰﾙ / 北間・クラリス嬢 / 哀哭のオオウミガラス / 百華百彩久連子 / 財閥だ浅ちゃん！
1,583,em-6c2ea8631e0d,深海美少年モヅルン,37,5964,2385,3,attribute_guard,0.328,0.4375,187,13,7,いいえ,深海美少年モヅルン / 北間・クラリス嬢 / 田島の春 / 跛荒の鉄男大先生 / ラパヌイ先生
1,584,em-759ef91c7c65,古の灰かぶりロドピス,47,4175,3578,1,damage_reduction,0.3279,0.4167,188,12,8,いいえ,古の灰かぶりロドピス / vにゅーさん / トランシルヴァニア家族 / 愛のぴよ子 / 財閥だ浅ちゃん！
1,585,em-562269adda28,ブルジョワジー下仁田,20,2265,2276,1,guard,0.3277,0.4583,198,2,8,いいえ,ブルジョワジー下仁田 / 北間・クラリス嬢 / 哀哭のオオウミガラス / 百華百彩久連子 / 財閥だ浅ちゃん！
1,586,em-fd155a3410b2,鯰坊主と子供たち,45,5793,2130,3,damage_reduction,0.3277,0.4375,186,14,8,いいえ,鯰坊主と子供たち / vにゅーさん / トランシルヴァニア家族 / 愛のぴよ子 / 財閥だ浅ちゃん！
1,587,em-8cff13c7ab2a,ツボの中のウツボン,13,1917,1917,6,damage_reduction,0.3276,0.5,191,9,8,いいえ,ツボの中のウツボン / 北間・クラリス嬢 / 哀哭のオオウミガラス / 百華百彩久連子 / 財閥だ浅ちゃん！
1,588,em-b343077dd75f,塚井さんは4人乗り,38,4294,3374,2,attack_buff,0.3275,0.4306,194,6,8,いいえ,塚井さんは4人乗り / vにゅーさん / 愛のぴよ子 / みどりのたけしマン / 碧海のオフタルもん
1,589,em-8de6e4494a60,称えよ☆メジェド様！,25,2415,2415,2,guard,0.3273,0.4653,200,0,8,いいえ,称えよ☆メジェド様！ / 脱力コンビあろま＆るる / 愛のぴよ子 / 百華百彩久連子 / 碧海のオフタルもん
1,590,em-8b48dbb598d6,高杉ぃ高杉ぃぃ！,60,7500,1704,1,attack_buff,0.3273,0.4167,195,5,7,いいえ,高杉ぃ高杉ぃぃ！ / 脱力コンビあろま＆るる / 愛のぴよ子 / ????? / 碧海のオフタルもん
1,591,em-f53bffc021ea,曲弾動物ウーミン,33,2999,3544,5,skill_reduction,0.3269,0.4097,174,26,8,いいえ,曲弾動物ウーミン / vにゅーさん / トランシルヴァニア家族 / 愛のぴよ子 / 財閥だ浅ちゃん！
1,592,em-74c87c37d930,むぅむぅ,30,2839,2525,3,multi_hit_attack,0.3268,0.4653,191,9,8,いいえ,むぅむぅ / ノローニャ・パイセン / きぬたン / 諏訪子成長期 / モンさんミッシェル
1,593,em-a93e62a47cbd,ホレズ先生,25,3494,3043,6,revive,0.3267,0.4514,199,1,8,いいえ,ホレズ先生 / 北間・クラリス嬢 / 哀哭のオオウミガラス / 跛荒の鉄男大先生 / 財閥だ浅ちゃん！
1,594,em-9372502bc6a4,餞のガブリン,42,1913,5367,4,revive,0.3265,0.4375,189,11,8,いいえ,餞のガブリン / vにゅーさん / 愛のぴよ子 / 跛荒の鉄男大先生 / 財閥だ浅ちゃん！
1,595,em-587d1ec0e30f,偉人さんトーマスん,14,1359,2038,2,attribute_change,0.3264,0.4931,192,8,8,いいえ,偉人さんトーマスん / 北間・クラリス嬢 / 哀哭のオオウミガラス / 百華百彩久連子 / 財閥だ浅ちゃん！
1,596,em-d5465017bfd1,チュパカブ先輩,59,4819,2811,1,heal,0.3264,0.4236,196,4,8,いいえ,チュパカブ先輩 / 北間・クラリス嬢 / 田島の春 / 諏訪子成長期 / ラパヌイ先生
1,597,em-2c08686a6d88,猿もの追い払いネキ,42,4171,3977,5,damage_reduction,0.3262,0.4375,174,26,8,いいえ,猿もの追い払いネキ / ノローニャ・パイセン / 得琉田浜蔵 / ブハラ師匠 / 財閥だ浅ちゃん！
1,598,em-d76a5850c323,牛追いガウガウ,40,5964,1704,4,damage_reduction,0.3261,0.4514,190,10,8,いいえ,牛追いガウガウ / 北間・クラリス嬢 / 田島の春 / 跛荒の鉄男大先生 / ラパヌイ先生
1,599,em-52a11488ce9e,新・ウオ丸くん,60,4294,3578,1,attack_buff,0.3261,0.3958,200,0,7,いいえ,新・ウオ丸くん / vにゅーさん / トランシルヴァニア家族 / ブハラ師匠 / ハリウッドナナコ師匠
1,600,em-f7db929b2ed5,シャボテンの世界,17,1510,1812,5,revive,0.326,0.5,195,5,8,いいえ,シャボテンの世界 / 北間・クラリス嬢 / 哀哭のオオウミガラス / 百華百彩久連子 / 財閥だ浅ちゃん！
1,601,em-7688ea925e5e,瑠璃ノ宮,27,3408,2726,1,damage_reduction,0.326,0.4236,189,11,8,いいえ,瑠璃ノ宮 / ノローニャ・パイセン / 得琉田浜蔵 / 三貴子ツクヨミ / 御嶽さん
1,602,em-21262d62b170,ホーク＆フック,25,2093,2173,1,attribute_guard,0.3258,0.4722,199,1,8,いいえ,ホーク＆フック / 北間・クラリス嬢 / 哀哭のオオウミガラス / 跛荒の鉄男大先生 / 財閥だ浅ちゃん！
1,603,em-d9e193a7c929,斑鳩の太子くん,36,4260,2896,2,heal,0.3258,0.4236,162,38,8,いいえ,斑鳩の太子くん / ノローニャ・パイセン / 得琉田浜蔵 / 跛荒の鉄男大先生 / シミ
1,604,em-a11a3441fd8e,レンネルアルケニー,43,2896,3919,2,damage_reduction,0.3256,0.4306,175,25,8,いいえ,レンネルアルケニー / ノローニャ・パイセン / 得琉田浜蔵 / ブハラ師匠 / 財閥だ浅ちゃん！
1,605,em-7e70673d97ae,セント・キルダ音楽隊,13,1344,1963,0,attribute_guard,0.3255,0.4722,191,9,8,いいえ,セント・キルダ音楽隊 / 北間・クラリス嬢 / 哀哭のオオウミガラス / 百華百彩久連子 / 財閥だ浅ちゃん！
1,606,em-bc2106c87bcd,?????,15,511,2811,3,damage_reduction,0.3253,0.4792,193,7,8,いいえ,????? / 北間・クラリス嬢 / 哀哭のオオウミガラス / 百華百彩久連子 / 財閥だ浅ちゃん！
1,607,em-f13a3baa139d,伝説のビスカやん！,9,1893,1241,2,skill_reduction,0.3253,0.4792,197,3,8,いいえ,伝説のビスカやん！ / vにゅーさん / 愛のぴよ子 / 百華百彩久連子 / 碧海のオフタルもん
1,608,em-ecc88d69f40d,恋愛成就☆どうしん様,25,2649,2504,1,heal,0.3252,0.4444,199,1,8,いいえ,恋愛成就☆どうしん様 / 北間・クラリス嬢 / 哀哭のオオウミガラス / 跛荒の鉄男大先生 / 財閥だ浅ちゃん！
1,609,em-2a2200aaa8bd,バロック神父そん,18,1993,1812,6,attribute_guard,0.325,0.5,196,4,8,いいえ,バロック神父そん / 北間・クラリス嬢 / 哀哭のオオウミガラス / 百華百彩久連子 / 財閥だ浅ちゃん！
1,610,em-14d31235a3f8,かっちゃんのBIG強飯,48,3067,4601,4,attack_buff,0.325,0.4375,198,2,8,いいえ,かっちゃんのBIG強飯 / 北間・クラリス嬢 / 田島の春 / 跛荒の鉄男大先生 / ラパヌイ先生
1,611,em-7c8471edf1df,ハロハロ☆ナモミさま,36,2556,4260,2,attack_buff,0.325,0.4236,192,8,8,いいえ,ハロハロ☆ナモミさま / vにゅーさん / 愛のぴよ子 / みどりのたけしマン / 碧海のオフタルもん
1,612,em-6c5a2955b199,ほぼネ甲ネイ・テウケ,26,3059,2737,2,attack_buff,0.3249,0.4444,200,0,8,いいえ,ほぼネ甲ネイ・テウケ / 北間・クラリス嬢 / 田島の春 / 三貴子ツクヨミ / ラパヌイ先生
1,613,em-c86ef788e307,ベルりん絶好調,40,4089,4686,5,attribute_guard,0.3249,0.4306,172,28,8,いいえ,ベルりん絶好調 / ノローニャ・パイセン / 得琉田浜蔵 / ブハラ師匠 / 財閥だ浅ちゃん！
1,614,em-7b3e9b66e40d,叶う！クルス様,12,1699,1699,1,attribute_change,0.3248,0.4792,190,10,8,いいえ,叶う！クルス様 / 北間・クラリス嬢 / 哀哭のオオウミガラス / 百華百彩久連子 / 財閥だ浅ちゃん！
1,615,em-abc85163565c,コキリコ・QB,23,2817,2978,2,attribute_change,0.3248,0.4444,197,3,8,いいえ,コキリコ・QB / 北間・クラリス嬢 / 哀哭のオオウミガラス / 跛荒の鉄男大先生 / 財閥だ浅ちゃん！
1,616,em-86e0d0475819,使い魔のミナヅキ,22,2385,3067,2,attack_buff,0.3247,0.4514,180,20,8,いいえ,使い魔のミナヅキ / ノローニャ・パイセン / 田島の春 / 跛荒の鉄男大先生 / シミ
1,617,em-e85f4ced46d6,ツノザヤ君は脳天気,27,43,3360,0,damage_reduction,0.3243,0.4444,193,7,8,いいえ,ツノザヤ君は脳天気 / なっとくん様 / 愛のぴよ子 / 跛荒の鉄男大先生 / 財閥だ浅ちゃん！
1,618,em-f895c0235d10,アスクとエムブラ,38,2737,4508,5,guard,0.3243,0.4375,170,30,7,いいえ,アスクとエムブラ / ノローニャ・パイセン / 得琉田浜蔵 / ブハラ師匠 / 財閥だ浅ちゃん！
1,619,em-cf5373dcdc2a,コンゴーニャスパス,17,1886,1723,3,guard,0.3241,0.5,195,5,8,いいえ,コンゴーニャスパス / 北間・クラリス嬢 / 哀哭のオオウミガラス / 百華百彩久連子 / 財閥だ浅ちゃん！
1,620,em-089a6280b9d6,御嶽さん,32,5112,3067,4,aoe_attack,0.3233,0.4236,158,42,8,いいえ,御嶽さん / ノローニャ・パイセン / 得琉田浜蔵 / 跛荒の鉄男大先生 / シミ
1,621,em-d941ef4d2c66,紫禁嬢,34,4692,2801,2,damage_reduction,0.3232,0.4236,184,16,8,いいえ,紫禁嬢 / 北間・クラリス嬢 / 田島の春 / 跛荒の鉄男大先生 / ラパヌイ先生
1,622,em-eeba5b4dcba6,カニパンだっ！,23,2737,2415,2,guard,0.3229,0.4583,197,3,8,いいえ,カニパンだっ！ / 北間・クラリス嬢 / 哀哭のオオウミガラス / 跛荒の鉄男大先生 / 財閥だ浅ちゃん！
1,623,em-3776e81d3ee0,ヒポポタリーナ,23,3237,2862,3,multi_hit_attack,0.3227,0.4375,185,15,8,いいえ,ヒポポタリーナ / ノローニャ・パイセン / 得琉田浜蔵 / 三貴子ツクヨミ / 御嶽さん
1,624,em-322b7fbdab7e,むろまち様,34,2556,5112,7,aoe_attack,0.3227,0.4306,191,9,8,いいえ,むろまち様 / 北間・クラリス嬢 / 哀哭のオオウミガラス / 家族贖罪という字面 / 御嶽さん
1,625,em-e362f95d25c3,巳ーちゃんさん,35,4303,3451,3,multi_hit_attack,0.3225,0.4306,191,9,8,いいえ,巳ーちゃんさん / vにゅーさん / 愛のぴよ子 / みどりのたけしマン / 碧海のオフタルもん
1,626,em-71504e292ebf,キャミー・the.女,13,1208,2567,3,heal,0.3222,0.4722,191,9,8,いいえ,キャミー・the.女 / 北間・クラリス嬢 / 哀哭のオオウミガラス / 百華百彩久連子 / 財閥だ浅ちゃん！
1,627,em-2def672b1533,バターリャ後悔王子,30,3213,3213,3,damage_reduction,0.3222,0.4444,191,9,8,いいえ,バターリャ後悔王子 / ノローニャ・パイセン / デロスの月陽姉弟 / ブハラ師匠 / 財閥だ浅ちゃん！
1,628,em-b8c4235090fa,バビるわバビル君。,39,5367,3441,4,damage_reduction,0.3221,0.4236,180,20,7,いいえ,バビるわバビル君。 / vにゅーさん / トランシルヴァニア家族 / 愛のぴよ子 / 財閥だ浅ちゃん！
1,629,em-40bd3b1e44fa,五月病の悪魔の契約,55,4123,4226,4,aoe_attack,0.322,0.4236,195,5,7,いいえ,五月病の悪魔の契約 / vにゅーさん / トランシルヴァニア家族 / ブハラ師匠 / ハリウッドナナコ師匠
1,630,em-dce9e83b7c07,長靴履いたなろう猫,42,3786,2726,3,attribute_change,0.3219,0.4514,192,8,8,いいえ,長靴履いたなろう猫 / 北間・クラリス嬢 / 田島の春 / 跛荒の鉄男大先生 / ラパヌイ先生
1,631,em-7f18b9c64c74,家族贖罪という字面,40,5964,1704,3,damage_reduction,0.3219,0.4375,194,6,8,いいえ,家族贖罪という字面 / vにゅーさん / トランシルヴァニア家族 / 諏訪子成長期 / シミ
1,632,em-83b1d87342f9,コン美なん吉先生,20,882,3381,4,revive,0.3218,0.4653,182,18,8,いいえ,コン美なん吉先生 / ノローニャ・パイセン / 得琉田浜蔵 / 三貴子ツクヨミ / 御嶽さん
1,633,em-5514b5658aa3,ハリウッドナナコ師匠,5,2503,1093,9,delay,0.3215,0.4583,193,7,8,いいえ,ハリウッドナナコ師匠 / vにゅーさん / 愛のぴよ子 / 百華百彩久連子 / 碧海のオフタルもん
1,634,em-70f1d39031ed,うにうにする虎,50,6816,681,0,attack_buff,0.3214,0.4375,193,7,8,いいえ,うにうにする虎 / 脱力コンビあろま＆るる / 愛のぴよ子 / みどりのたけしマン / 碧海のオフタルもん
1,635,em-85dad7ff7aa2,ディヤの魔人,18,2385,1704,2,heal,0.3212,0.4861,196,4,8,いいえ,ディヤの魔人 / 北間・クラリス嬢 / 哀哭のオオウミガラス / 百華百彩久連子 / 財閥だ浅ちゃん！
1,636,em-f346c1f4c45d,八狗神伏姫様,35,5538,2130,4,guard,0.3211,0.4375,176,24,7,いいえ,八狗神伏姫様 / vにゅーさん / トランシルヴァニア家族 / 愛のぴよ子 / 財閥だ浅ちゃん！
1,637,em-95a2dbeaf4ea,神使！ナモミさま,18,805,4025,2,attack_buff,0.3206,0.4375,198,2,8,いいえ,神使！ナモミさま / vにゅーさん / トランシルヴァニア家族 / ブハラ師匠 / ラパヌイ先生
1,638,em-9c9f188ea0a8,やる気勢ナルテュール,56,1704,7838,6,attack_buff,0.3206,0.4097,196,4,8,いいえ,やる気勢ナルテュール / vにゅーさん / トランシルヴァニア家族 / ブハラ師匠 / ハリウッドナナコ師匠
1,639,em-b041a6f6cf00,テヅルモヅルン,37,5367,2147,3,attribute_guard,0.3204,0.4375,187,13,7,いいえ,テヅルモヅルン / 北間・クラリス嬢 / 田島の春 / 跛荒の鉄男大先生 / ラパヌイ先生
1,640,em-7d5a30231904,「ふ」じゃなくてふゅーま,60,4260,2556,0,attribute_change,0.3204,0.4097,197,3,8,いいえ,「ふ」じゃなくてふゅーま / 北間・クラリス嬢 / 田島の春 / 諏訪子成長期 / ラパヌイ先生
1,641,em-95694ab0605a,超★メジェド様,44,2300,3432,2,guard,0.3203,0.4375,176,24,8,いいえ,超★メジェド様 / ノローニャ・パイセン / 得琉田浜蔵 / ブハラ師匠 / 財閥だ浅ちゃん！
1,642,em-5ad05ec11a09,三連星のオコオコ,37,3834,3834,3,multi_hit_attack,0.3203,0.4236,193,7,8,いいえ,三連星のオコオコ / vにゅーさん / 愛のぴよ子 / みどりのたけしマン / 碧海のオフタルもん
1,643,em-237ca774c5e5,ルナプリ☆かぐや様,66,8861,1584,1,aoe_attack,0.3202,0.3958,200,0,8,いいえ,ルナプリ☆かぐや様 / vにゅーさん / トランシルヴァニア家族 / みどりのたけしマン / 巨大カンテツ
1,644,em-7e8ca5d8d19a,小林伯爵,15,3020,1812,5,revive,0.3201,0.4722,193,7,8,いいえ,小林伯爵 / 北間・クラリス嬢 / 哀哭のオオウミガラス / 百華百彩久連子 / 財閥だ浅ちゃん！
1,645,em-a81a753351d9,戸定梨香,28,3216,3534,4,revive,0.3198,0.4375,179,21,8,いいえ,戸定梨香 / ノローニャ・パイセン / 得琉田浜蔵 / 跛荒の鉄男大先生 / ラパヌイ先生
1,646,em-67859050336b,マジ☆マシニッさん,36,4089,4430,6,multi_hit_attack,0.3194,0.4236,187,13,8,いいえ,マジ☆マシニッさん / ノローニャ・パイセン / 得琉田浜蔵 / 跛荒の鉄男大先生 / ラパヌイ先生
1,647,em-0af21062aa7c,ｻﾗﾏﾝﾀﾞｰ祝High気分,30,2898,2817,6,skill_reduction,0.3194,0.4097,197,3,8,いいえ,ｻﾗﾏﾝﾀﾞｰ祝High気分 / vにゅーさん / トランシルヴァニア家族 / 跛荒の鉄男大先生 / シミ
1,648,em-c8db19de00fd,ワロンマイナー輩先,13,2953,1328,1,heal,0.3193,0.4583,197,3,8,いいえ,ワロンマイナー輩先 / vにゅーさん / 愛のぴよ子 / 跛荒の鉄男大先生 / 碧海のオフタルもん
1,649,em-80d193bc7d7f,あ、シュールさんだ。,43,3408,5112,6,revive,0.3193,0.4236,190,10,8,いいえ,あ、シュールさんだ。 / vにゅーさん / 愛のぴよ子 / 跛荒の鉄男大先生 / 財閥だ浅ちゃん！
1,650,em-18cdc04bd0d0,ｼﾞｬｯｸｵｰ・ランちゃん,20,1022,3578,5,attribute_guard,0.319,0.4653,198,2,8,いいえ,ｼﾞｬｯｸｵｰ・ランちゃん / 北間・クラリス嬢 / 哀哭のオオウミガラス / 百華百彩久連子 / 財閥だ浅ちゃん！
1,651,em-4b4011b90d8c,ロータス先輩,16,1932,1932,6,damage_reduction,0.3188,0.4792,200,0,8,いいえ,ロータス先輩 / vにゅーさん / 愛のぴよ子 / 跛荒の鉄男大先生 / 碧海のオフタルもん
1,652,em-9ffce070b31f,レモなんとかさん,40,5793,2215,3,revive,0.3188,0.4375,190,10,8,いいえ,レモなんとかさん / 北間・クラリス嬢 / 田島の春 / 跛荒の鉄男大先生 / ラパヌイ先生
1,653,em-8522b1e6c291,百華百彩久連子,55,5282,5282,3,multi_hit_attack,0.3188,0.3819,193,7,7,いいえ,百華百彩久連子 / vにゅーさん / トランシルヴァニア家族 / 愛のぴよ子 / 八狗神伏姫様
1,654,em-2ddce7bebb05,ツノザヤ君は握手ﾁｭｳ,27,37,3023,0,damage_reduction,0.3183,0.4444,193,7,8,いいえ,ツノザヤ君は握手ﾁｭｳ / なっとくん様 / 愛のぴよ子 / 跛荒の鉄男大先生 / 財閥だ浅ちゃん！
1,655,em-f4ac535052c1,ɑム・ɑクト・パップ,13,1341,2416,4,heal,0.3182,0.4792,191,9,8,いいえ,ɑム・ɑクト・パップ / 北間・クラリス嬢 / 哀哭のオオウミガラス / 百華百彩久連子 / 財閥だ浅ちゃん！
1,656,em-629cc99564e0,帝王ヒルズ様,17,1867,3333,1,attack_buff,0.3182,0.4306,197,3,8,いいえ,帝王ヒルズ様 / vにゅーさん / トランシルヴァニア家族 / ブハラ師匠 / ラパヌイ先生
1,657,em-75c067942d62,大内先生,11,1699,1699,4,heal,0.3181,0.4861,189,11,8,いいえ,大内先生 / 北間・クラリス嬢 / 哀哭のオオウミガラス / 百華百彩久連子 / 財閥だ浅ちゃん！
1,658,em-cc5e3cfa7400,綺麗なソフィアさん,62,7157,1704,1,multi_hit_attack,0.3181,0.4028,184,16,7,いいえ,綺麗なソフィアさん / 北間・クラリス嬢 / 田島の春 / みどりのたけしマン / ラパヌイ先生
1,659,em-cb9a138787d0,摩陀羅　潮真,27,7194,1741,2,attribute_guard,0.3179,0.4097,193,7,8,いいえ,摩陀羅　潮真 / 北間・クラリス嬢 / 伊予・タウロス / 跛荒の鉄男大先生 / ラパヌイ先生
1,660,em-b820799215bb,ベレンだガマ,15,1,2145,0,damage_reduction,0.3177,0.4653,177,23,8,いいえ,ベレンだガマ / ノローニャ・パイセン / 得琉田浜蔵 / 三貴子ツクヨミ / 御嶽さん
1,661,em-c545b5a51997,トリニダの怪人,13,4077,1057,2,skill_reduction,0.3177,0.4444,196,4,8,いいえ,トリニダの怪人 / ノローニャ・パイセン / 田島の春 / 跛荒の鉄男大先生 / ラパヌイ先生
1,662,em-db7ee0abcada,ＫＲ２ジョーの戦い,30,2385,4601,3,damage_reduction,0.3177,0.4236,184,16,8,いいえ,ＫＲ２ジョーの戦い / 北間・クラリス嬢 / 田島の春 / 百華百彩久連子 / ラパヌイ先生
1,663,em-ab5422bc92f7,猫キャットマンジョン,7,493,1762,1,heal,0.3176,0.4861,185,15,8,いいえ,猫キャットマンジョン / 北間・クラリス嬢 / 哀哭のオオウミガラス / 百華百彩久連子 / 財閥だ浅ちゃん！
1,664,em-15545bc62fe7,幽霊烏賊図,60,3408,4260,3,revive,0.3176,0.4097,194,6,8,いいえ,幽霊烏賊図 / vにゅーさん / 愛のぴよ子 / 諏訪子成長期 / 財閥だ浅ちゃん！
1,665,em-c358b6553866,ご機嫌斜めのウィーン様,58,4941,2896,5,attack_buff,0.3175,0.4306,193,7,7,いいえ,ご機嫌斜めのウィーン様 / 脱力コンビあろま＆るる / 愛のぴよ子 / ????? / 碧海のオフタルもん
1,666,em-55cdacc97f8e,バーチャルおぅぼっと,25,4025,1610,7,damage_reduction,0.3171,0.4653,199,1,8,いいえ,バーチャルおぅぼっと / 北間・クラリス嬢 / 哀哭のオオウミガラス / 跛荒の鉄男大先生 / 財閥だ浅ちゃん！
1,667,em-1a3ab3b1acf7,聖☆いんてぃないか,19,2817,2334,4,aoe_attack,0.3171,0.4653,200,0,8,いいえ,聖☆いんてぃないか / 北間・クラリス嬢 / 哀哭のオオウミガラス / 跛荒の鉄男大先生 / ラパヌイ先生
1,668,em-fe9fc4184474,聖えぇじゃないか,17,2817,2334,4,aoe_attack,0.3171,0.4514,175,25,8,いいえ,聖えぇじゃないか / ノローニャ・パイセン / 田島の春 / 跛荒の鉄男大先生 / シミ
1,669,em-a58c4fcc6b2e,けねず大先生,14,1699,1699,4,damage_reduction,0.317,0.4861,192,8,8,いいえ,けねず大先生 / 北間・クラリス嬢 / 哀哭のオオウミガラス / 百華百彩久連子 / 財閥だ浅ちゃん！
1,670,em-f35caa7e177a,モンポスさん,40,5112,2556,4,damage_reduction,0.317,0.4306,172,28,8,いいえ,モンポスさん / ノローニャ・パイセン / 得琉田浜蔵 / ブハラ師匠 / 財閥だ浅ちゃん！
1,671,em-558066e14c81,ダブル・ブロッコリー,33,2595,2436,3,damage_reduction,0.3168,0.4583,187,13,8,いいえ,ダブル・ブロッコリー / 北間・クラリス嬢 / 田島の春 / 百華百彩久連子 / ラパヌイ先生
1,672,em-0c67088a1447,わさわさ大根,11,2623,1184,6,delay,0.3165,0.4583,199,1,8,いいえ,わさわさ大根 / vにゅーさん / 愛のぴよ子 / 百華百彩久連子 / 碧海のオフタルもん
1,673,em-c33cc8cd4298,ほたるんるんるん,12,1100,1600,2,attribute_change,0.3164,0.4861,190,10,8,いいえ,ほたるんるんるん / 北間・クラリス嬢 / 哀哭のオオウミガラス / 百華百彩久連子 / 財閥だ浅ちゃん！
1,674,em-2f3cf0f345e4,ふらっとウッズ子さん,59,5112,2272,0,attribute_guard,0.3164,0.3889,200,0,7,いいえ,ふらっとウッズ子さん / vにゅーさん / トランシルヴァニア家族 / 愛のぴよ子 / 財閥だ浅ちゃん！
1,675,em-c6337efaceae,ｴﾚｶﾞﾝﾄ☆トラボル子,47,4260,4771,5,aoe_attack,0.3163,0.4097,197,3,8,いいえ,ｴﾚｶﾞﾝﾄ☆トラボル子 / vにゅーさん / トランシルヴァニア家族 / トキシッくんｵｯｽｵｯｽ / ラパヌイ先生
1,676,em-f76821f7daba,スライディング・ケベック,18,2532,1993,1,attack_buff,0.3162,0.4444,198,2,8,いいえ,スライディング・ケベック / vにゅーさん / ☆龍神☆尊氏様 / ブハラ師匠 / ハリウッドナナコ師匠
1,677,em-4ae7fba92e2c,アデヤッコちゃん,27,2351,2556,0,attribute_change,0.3162,0.4167,198,2,8,いいえ,アデヤッコちゃん / vにゅーさん / 愛のぴよ子 / 諏訪子成長期 / 碧海のオフタルもん
1,678,em-ed21bd124ab2,牛タソ☆行進曲,14,755,1812,2,guard,0.3161,0.4861,192,8,8,いいえ,牛タソ☆行進曲 / 北間・クラリス嬢 / 哀哭のオオウミガラス / 百華百彩久連子 / 財閥だ浅ちゃん！
1,679,em-8660ff550c92,うどんの天使,40,3067,3748,1,attack_buff,0.316,0.4097,194,6,8,いいえ,うどんの天使 / vにゅーさん / 愛のぴよ子 / 跛荒の鉄男大先生 / ラパヌイ先生
1,680,em-14bbe92902df,ネムりん,11,2726,1633,5,attack_buff,0.3158,0.4653,169,31,8,いいえ,ネムりん / ノローニャ・パイセン / 田島の春 / 跛荒の鉄男大先生 / シミ
1,681,em-3b47fb031e0a,上京！世界師匠,36,1704,4260,4,multi_hit_attack,0.3154,0.4375,192,8,8,いいえ,上京！世界師匠 / vにゅーさん / 愛のぴよ子 / みどりのたけしマン / 碧海のオフタルもん
1,682,em-d6cc97b363eb,ユウレイイカさん,10,1363,1704,5,revive,0.3153,0.4861,188,12,8,いいえ,ユウレイイカさん / 北間・クラリス嬢 / 哀哭のオオウミガラス / 百華百彩久連子 / 財閥だ浅ちゃん！
1,683,em-10c2721383dd,京子☆リフレッシュ,23,2035,3239,5,damage_reduction,0.3152,0.4444,197,3,8,いいえ,京子☆リフレッシュ / 北間・クラリス嬢 / 哀哭のオオウミガラス / 跛荒の鉄男大先生 / 財閥だ浅ちゃん！
1,684,em-e36d35de9441,青谷やよい,42,3578,3374,4,damage_reduction,0.3151,0.4375,192,8,8,いいえ,青谷やよい / 北間・クラリス嬢 / 田島の春 / 跛荒の鉄男大先生 / ラパヌイ先生
1,685,em-2c2759ede728,?????,44,4771,2385,1,attack_buff,0.3151,0.4097,194,6,8,いいえ,????? / 北間・クラリス嬢 / 田島の春 / 跛荒の鉄男大先生 / ラパヌイ先生
1,686,em-9298dde558c4,超豹！ペパりんさん,30,2119,2545,2,delay,0.3147,0.4306,186,14,8,いいえ,超豹！ペパりんさん / 新・ウオ丸くん / 得琉田浜蔵 / ブハラ師匠 / ラパヌイ先生
1,687,em-28f044d525d7,スーリヤ様が見てる,7,489,1446,3,skill_reduction,0.3144,0.4792,185,15,8,いいえ,スーリヤ様が見てる / 北間・クラリス嬢 / 哀哭のオオウミガラス / 百華百彩久連子 / 財閥だ浅ちゃん！
1,688,em-cdd2ac5f0a12,クイーンなコンク様,44,3578,2385,1,damage_reduction,0.3143,0.4306,194,6,8,いいえ,クイーンなコンク様 / 北間・クラリス嬢 / 田島の春 / 跛荒の鉄男大先生 / ラパヌイ先生
1,689,em-5a047ed41d97,KJの少女Hi児,48,4941,3919,5,multi_hit_attack,0.3142,0.4097,191,9,8,いいえ,KJの少女Hi児 / 脱力コンビあろま＆るる / 愛のぴよ子 / みどりのたけしマン / 碧海のオフタルもん
1,690,em-c3ea022d7d2f,にゅーさん,12,500,1900,3,guard,0.3141,0.4861,190,10,8,いいえ,にゅーさん / 北間・クラリス嬢 / 哀哭のオオウミガラス / 百華百彩久連子 / 財閥だ浅ちゃん！
1,691,em-c57874d99dcd,三重子大先生,11,1699,1699,1,attribute_change,0.314,0.4722,189,11,8,いいえ,三重子大先生 / 北間・クラリス嬢 / 哀哭のオオウミガラス / 百華百彩久連子 / 財閥だ浅ちゃん！
1,692,em-6b4ea2116a46,降臨先祖★ににぎくん,20,2334,2817,5,attack_buff,0.3138,0.4514,194,6,8,いいえ,降臨先祖★ににぎくん / 北間・クラリス嬢 / 田島の春 / 三貴子ツクヨミ / ラパヌイ先生
1,693,em-3911cf0df99b,あずま京子という女,14,1687,1687,3,damage_reduction,0.3137,0.4792,192,8,8,いいえ,あずま京子という女 / 北間・クラリス嬢 / 哀哭のオオウミガラス / 百華百彩久連子 / 財閥だ浅ちゃん！
1,694,em-583f38470462,さくらエビライダー,26,2414,2414,2,attribute_change,0.3137,0.4444,200,0,8,いいえ,さくらエビライダー / 北間・クラリス嬢 / 哀哭のオオウミガラス / 跛荒の鉄男大先生 / 財閥だ浅ちゃん！
1,695,em-e8fc5c7a59a4,猫毘沙門天,36,4430,4089,4,aoe_attack,0.3137,0.4097,192,8,8,いいえ,猫毘沙門天 / vにゅーさん / 愛のぴよ子 / みどりのたけしマン / 碧海のオフタルもん
1,696,em-654601ffb56d,スースちゃん,15,1132,2265,0,damage_reduction,0.3136,0.4514,193,7,8,いいえ,スースちゃん / 北間・クラリス嬢 / 哀哭のオオウミガラス / 百華百彩久連子 / 財閥だ浅ちゃん！
1,697,em-c6e2304d0b02,パプアさん,26,3365,2270,3,damage_reduction,0.3136,0.4514,200,0,8,いいえ,パプアさん / 北間・クラリス嬢 / 哀哭のオオウミガラス / 跛荒の鉄男大先生 / 財閥だ浅ちゃん！
1,698,em-fd03da115e54,まさか殿,35,4396,4413,6,multi_hit_attack,0.3136,0.4167,186,14,8,いいえ,まさか殿 / ノローニャ・パイセン / 得琉田浜蔵 / 跛荒の鉄男大先生 / ラパヌイ先生
1,699,em-a20c59ca87c1,Let's☆ハチ公,33,6560,1448,5,delay,0.3135,0.3889,199,1,8,いいえ,Let's☆ハチ公 / 北間・クラリス嬢 / 伊予・タウロス / 跛荒の鉄男大先生 / ラパヌイ先生
1,700,em-0fd17c65da62,大患部！ぴよ子大佐,18,2415,2861,2,multi_hit_attack,0.3133,0.4375,176,24,8,いいえ,大患部！ぴよ子大佐 / ノローニャ・パイセン / 田島の春 / 跛荒の鉄男大先生 / シミ
1,701,em-a9738b409d24,カジランガ守り隊員,45,7668,1533,2,attack_buff,0.3132,0.4097,199,1,8,いいえ,カジランガ守り隊員 / vにゅーさん / 愛のぴよ子 / 跛荒の鉄男大先生 / ラパヌイ先生
1,702,em-1e4dd5118669,三春瀧さくら,38,3919,3408,4,damage_reduction,0.3129,0.4306,188,12,7,いいえ,三春瀧さくら / 北間・クラリス嬢 / 田島の春 / 跛荒の鉄男大先生 / ラパヌイ先生
1,703,em-6722337c6d78,雨降る倉敷のみかん姐,15,2718,1963,4,aoe_attack,0.3122,0.4583,173,27,8,いいえ,雨降る倉敷のみかん姐 / ノローニャ・パイセン / 田島の春 / 跛荒の鉄男大先生 / シミ
1,704,em-9cc423bd9843,沼んだーライド！,21,1585,1887,5,aoe_attack,0.3121,0.4792,200,0,8,いいえ,沼んだーライド！ / vにゅーさん / トランシルヴァニア家族 / ブハラ師匠 / ダル飯☆杏
1,705,em-8a030b3f4f33,無給の皇帝,44,4601,2790,2,damage_reduction,0.3117,0.4167,176,24,8,いいえ,無給の皇帝 / ノローニャ・パイセン / 得琉田浜蔵 / ブハラ師匠 / 財閥だ浅ちゃん！
1,706,em-ea2d3d13fc78,いなば☆うあー,18,1300,1700,4,skill_reduction,0.3116,0.4653,196,4,8,いいえ,いなば☆うあー / 北間・クラリス嬢 / 哀哭のオオウミガラス / 百華百彩久連子 / 財閥だ浅ちゃん！
1,707,em-7e5ff582788f,INする★パンドラ,28,3059,1932,6,attribute_guard,0.3115,0.4583,169,31,8,いいえ,INする★パンドラ / vにゅーさん / トランシルヴァニア家族 / 愛のぴよ子 / 財閥だ浅ちゃん！
1,708,em-e5fb3c6a3323,ガジュ・まる子さん,34,3748,4430,5,revive,0.3112,0.4097,196,4,8,いいえ,ガジュ・まる子さん / 脱力コンビあろま＆るる / 田島の春 / 花火戦隊サイガーRe / 八狗神伏姫様
1,709,em-ba3e87e06882,ぴよ子ファーザー,20,357,3577,4,attack_buff,0.3111,0.4514,200,0,8,いいえ,ぴよ子ファーザー / vにゅーさん / トランシルヴァニア家族 / ブハラ師匠 / ラパヌイ先生
1,710,em-45d954b40bc4,ジェラする？かめ姫,60,4941,3237,3,multi_hit_attack,0.3111,0.4097,193,7,7,いいえ,ジェラする？かめ姫 / コロちゃん / 得琉田浜蔵 / 三貴子ツクヨミ / 八狗神伏姫様
1,711,em-68afa2dec462,みどりのたけしマン,23,2592,2432,3,damage_reduction,0.311,0.4444,197,3,8,いいえ,みどりのたけしマン / 北間・クラリス嬢 / 哀哭のオオウミガラス / 跛荒の鉄男大先生 / 財閥だ浅ちゃん！
1,712,em-b6adaf9bf556,こうせえっつう女中,17,805,2898,0,attack_buff,0.311,0.4236,198,2,8,いいえ,こうせえっつう女中 / 北間・クラリス嬢 / 哀哭のオオウミガラス / 跛荒の鉄男大先生 / ラパヌイ先生
1,713,em-24a892c6ebea,Mt.CACHI×2,38,2556,3578,2,multi_hit_attack,0.311,0.4167,200,0,8,いいえ,Mt.CACHI×2 / vにゅーさん / 家族贖罪という字面 / ブハラ師匠 / 御嶽さん
1,714,em-d239e5e972de,ズンビーフック,17,2012,3220,4,multi_hit_attack,0.3108,0.4375,175,25,8,いいえ,ズンビーフック / ノローニャ・パイセン / 田島の春 / 跛荒の鉄男大先生 / シミ
1,715,em-8a9a0a93b442,メジーナ,15,2415,2415,6,attack_buff,0.3106,0.4583,173,27,8,いいえ,メジーナ / ノローニャ・パイセン / 田島の春 / 跛荒の鉄男大先生 / シミ
1,716,em-83399e4df86b,必罰のエルフ,18,2093,3281,4,attack_buff,0.31,0.4444,198,2,8,いいえ,必罰のエルフ / vにゅーさん / トランシルヴァニア家族 / ブハラ師匠 / ラパヌイ先生
1,717,em-ef6acbb9fe3a,ﾌｫﾆｰ・ぴよ・ｶﾞｰﾙｽﾞY,25,3703,1771,4,attribute_change,0.3099,0.4583,199,1,8,いいえ,ﾌｫﾆｰ・ぴよ・ｶﾞｰﾙｽﾞY / 北間・クラリス嬢 / 哀哭のオオウミガラス / 跛荒の鉄男大先生 / 財閥だ浅ちゃん！
1,718,em-59636157ae2e,コーベンパイア天爵,45,5282,1757,2,damage_reduction,0.3099,0.4306,195,5,8,いいえ,コーベンパイア天爵 / 北間・クラリス嬢 / 田島の春 / 跛荒の鉄男大先生 / ラパヌイ先生
1,719,em-d67f8f409078,芋神よしあき,31,4130,2753,2,multi_hit_attack,0.3099,0.4028,157,43,8,いいえ,芋神よしあき / ノローニャ・パイセン / 得琉田浜蔵 / 跛荒の鉄男大先生 / シミ
1,720,em-6aaeda4f2f3a,ギガキプ☆アガッシイ,35,2726,2726,4,multi_hit_attack,0.3095,0.4514,200,0,8,いいえ,ギガキプ☆アガッシイ / vにゅーさん / トランシルヴァニア家族 / オペラハウス侯爵 / ラパヌイ先生
1,721,em-af9542637cdd,群れを成すサルパ,28,5453,756,2,multi_hit_attack,0.3094,0.4444,189,11,8,いいえ,群れを成すサルパ / ノローニャ・パイセン / きぬたン / 諏訪子成長期 / モンさんミッシェル
1,722,em-c0b8a38b4040,鹿喰らいの狼マン,47,4771,3748,2,multi_hit_attack,0.3094,0.3889,190,10,8,いいえ,鹿喰らいの狼マン / 脱力コンビあろま＆るる / 愛のぴよ子 / みどりのたけしマン / 碧海のオフタルもん
1,723,em-01a16cce900c,伝説のロロちゃん,35,3748,3067,5,attack_buff,0.3093,0.4236,185,15,8,いいえ,伝説のロロちゃん / 北間・クラリス嬢 / 田島の春 / 跛荒の鉄男大先生 / ラパヌイ先生
1,724,em-1211d6248533,ピンクなコンクさん,32,3067,2044,1,damage_reduction,0.3092,0.4375,186,14,8,いいえ,ピンクなコンクさん / 北間・クラリス嬢 / 田島の春 / 百華百彩久連子 / ラパヌイ先生
1,725,em-c46238c7c677,ケラ,70,3067,7157,3,attack_buff,0.3089,0.375,194,6,8,いいえ,ケラ / vにゅーさん / サルパちゃん / 愛のぴよ子 / 財閥だ浅ちゃん！
1,726,em-f8bc07a12f5c,Ir☆D☆F！,19,1,2839,6,attribute_guard,0.3088,0.4653,197,3,8,いいえ,Ir☆D☆F！ / 北間・クラリス嬢 / 哀哭のオオウミガラス / 百華百彩久連子 / 財閥だ浅ちゃん！
1,727,em-0e376d1892df,メネリくん一世,72,6134,3067,4,guard,0.3088,0.4028,200,0,7,いいえ,メネリくん一世 / 北間・クラリス嬢 / トランシルヴァニア家族 / 諏訪子成長期 / 八狗神伏姫様
1,728,em-e6110f879f18,ユーコ隊,24,3408,2044,4,revive,0.3086,0.4514,198,2,8,いいえ,ユーコ隊 / 北間・クラリス嬢 / 哀哭のオオウミガラス / 跛荒の鉄男大先生 / 財閥だ浅ちゃん！
1,729,em-872b1096af45,アシナガ,80,3748,6816,1,attack_buff,0.3085,0.3264,190,10,7,いいえ,アシナガ / vにゅーさん / トランシルヴァニア家族 / トキシッくんｵｯｽｵｯｽ / ハリウッドナナコ師匠
1,730,em-59a8f156dec4,クロアリ,60,4089,4089,3,multi_hit_attack,0.3083,0.3958,193,7,7,いいえ,クロアリ / コロちゃん / 得琉田浜蔵 / 三貴子ツクヨミ / 八狗神伏姫様
1,731,em-a058dba31969,月見だよ！叡智州利偉,10,1100,2002,4,attack_buff,0.3082,0.4722,198,2,8,いいえ,月見だよ！叡智州利偉 / vにゅーさん / 愛のぴよ子 / 百華百彩久連子 / 碧海のオフタルもん
1,732,em-0e2c4b783eb7,南極翁・カノープス,55,3408,5964,7,multi_hit_attack,0.3079,0.3958,183,17,7,いいえ,南極翁・カノープス / 北間・クラリス嬢 / 伊予・タウロス / みどりのたけしマン / 八狗神伏姫様
1,733,em-ffdcaffc4a41,雑煮入り☆うるっしー,36,3443,3443,4,guard,0.3077,0.4236,186,14,7,いいえ,雑煮入り☆うるっしー / 北間・クラリス嬢 / 田島の春 / 跛荒の鉄男大先生 / ラパヌイ先生
1,734,em-b8872ecc31c1,オバケな☆らんちぇん,31,1533,5367,5,attribute_guard,0.3077,0.4167,185,15,8,いいえ,オバケな☆らんちぇん / 北間・クラリス嬢 / 田島の春 / 百華百彩久連子 / ラパヌイ先生
1,735,em-3488d6542112,クロゴキ,65,6134,2113,2,multi_hit_attack,0.3077,0.3958,200,0,8,いいえ,クロゴキ / 脱力コンビあろま＆るる / 愛のぴよ子 / ????? / 碧海のオフタルもん
1,736,em-4b24f34b41a1,レジェント・八郎ニキ,42,4941,852,1,multi_hit_attack,0.3076,0.4444,188,12,8,いいえ,レジェント・八郎ニキ / ノローニャ・パイセン / 夜光虫ほたるん / 跛荒の鉄男大先生 / 財閥だ浅ちゃん！
1,737,em-28a4ccf4cbfc,ステンバーイちび蔵,24,596,3748,4,revive,0.3076,0.4375,198,2,8,いいえ,ステンバーイちび蔵 / 北間・クラリス嬢 / 哀哭のオオウミガラス / 跛荒の鉄男大先生 / 財閥だ浅ちゃん！
1,738,em-b193a8ecb394,どんぶりBros.,15,1963,1812,0,heal,0.3074,0.4375,199,1,8,いいえ,どんぶりBros. / vにゅーさん / 愛のぴよ子 / 跛荒の鉄男大先生 / 碧海のオフタルもん
1,739,em-24d6f242799c,大浜美波さん,32,3748,3408,5,revive,0.3072,0.4167,173,27,8,いいえ,大浜美波さん / vにゅーさん / トランシルヴァニア家族 / 愛のぴよ子 / 財閥だ浅ちゃん！
1,740,em-f33de53ee597,遊無給(ニート)な小町,100,7327,5623,3,attack_buff,0.3072,0.3403,200,0,7,いいえ,遊無給(ニート)な小町 / 脱力コンビあろま＆るる / 愛のぴよ子 / みどりのたけしマン / 御嶽さん
1,741,em-7499fb228620,にほりん,15,2898,3059,5,attack_buff,0.3071,0.4306,173,27,8,いいえ,にほりん / ノローニャ・パイセン / 田島の春 / 跛荒の鉄男大先生 / シミ
1,742,em-deea7d56d1a1,淡路な文楽軒師匠,12,1512,1551,6,skill_reduction,0.307,0.4444,190,10,8,いいえ,淡路な文楽軒師匠 / 北間・クラリス嬢 / 哀哭のオオウミガラス / 百華百彩久連子 / 財閥だ浅ちゃん！
1,743,em-e99bfc1ea066,ご入学ぴよ子,9,883,2397,2,attack_buff,0.3069,0.4583,194,6,8,いいえ,ご入学ぴよ子 / 北間・クラリス嬢 / 哀哭のオオウミガラス / 百華百彩久連子 / ラパヌイ先生
1,744,em-cb0ef748882f,八狗神伏姫様,35,5538,2130,4,guard,0.3067,0.4306,185,15,7,いいえ,八狗神伏姫様 / 北間・クラリス嬢 / 田島の春 / 跛荒の鉄男大先生 / ラパヌイ先生
1,745,em-68c24ce7bf95,女帝！カるたーニャ,40,3408,3408,4,attack_buff,0.3067,0.4236,196,4,8,いいえ,女帝！カるたーニャ / vにゅーさん / 愛のぴよ子 / みどりのたけしマン / 碧海のオフタルもん
1,746,em-2905dc6523ff,都会の貴腐人,44,6475,2811,6,revive,0.3066,0.4097,194,6,8,いいえ,都会の貴腐人 / 北間・クラリス嬢 / 田島の春 / 跛荒の鉄男大先生 / ラパヌイ先生
1,747,em-269e75871422,瑠璃☆瑠璃,27,2726,2181,1,damage_reduction,0.3065,0.4236,189,11,8,いいえ,瑠璃☆瑠璃 / ノローニャ・パイセン / 得琉田浜蔵 / 三貴子ツクヨミ / 御嶽さん
1,748,em-6870ddfd0fbb,大道芸！エʃ＆エʒ,12,1661,1661,3,skill_reduction,0.3063,0.4444,200,0,8,いいえ,大道芸！エʃ＆エʒ / vにゅーさん / 愛のぴよ子 / 百華百彩久連子 / 碧海のオフタルもん
1,749,em-271fbedbbf39,レオ,22,2737,2093,4,damage_reduction,0.3061,0.4583,200,0,8,いいえ,レオ / 北間・クラリス嬢 / 哀哭のオオウミガラス / 百華百彩久連子 / 財閥だ浅ちゃん！
1,750,em-f3d2c338aec3,セビリアンナ先輩,18,1963,1359,0,multi_hit_attack,0.3059,0.4583,176,24,8,いいえ,セビリアンナ先輩 / ノローニャ・パイセン / 田島の春 / 跛荒の鉄男大先生 / シミ
1,751,em-bb2bd26d4796,のり男の浪漫,36,3098,2695,2,attribute_guard,0.3057,0.4236,186,14,7,いいえ,のり男の浪漫 / 北間・クラリス嬢 / 田島の春 / 跛荒の鉄男大先生 / ラパヌイ先生
1,752,em-cf1f3fbef79d,紅玉の供犠ぴよ子,6,1609,1609,0,none,0.3054,0.4375,194,6,8,いいえ,紅玉の供犠ぴよ子 / vにゅーさん / 愛のぴよ子 / 百華百彩久連子 / 碧海のオフタルもん
1,753,em-6de5eba89049,天孫降臨ににぎくん,25,2334,2817,5,attack_buff,0.3054,0.4375,199,1,8,いいえ,天孫降臨ににぎくん / 北間・クラリス嬢 / 田島の春 / 三貴子ツクヨミ / ラパヌイ先生
1,754,em-98053d851e29,炎上魔女ベファーナ,59,2088,3748,2,revive,0.3052,0.4167,200,0,8,いいえ,炎上魔女ベファーナ / vにゅーさん / トランシルヴァニア家族 / 愛のぴよ子 / 財閥だ浅ちゃん！
1,755,em-2b266990d35f,エトナさん・ＦＸ,50,5673,2130,1,aoe_attack,0.3052,0.4028,200,0,8,いいえ,エトナさん・ＦＸ / vにゅーさん / トランシルヴァニア家族 / トキシッくんｵｯｽｵｯｽ / ラパヌイ先生
1,756,em-85946f26dcf5,鉄人！ガヨーマルト,18,3381,1610,1,attribute_change,0.3051,0.4444,196,4,8,いいえ,鉄人！ガヨーマルト / 北間・クラリス嬢 / 哀哭のオオウミガラス / 百華百彩久連子 / 財閥だ浅ちゃん！
1,757,em-149e96a7721b,大黒まはーかーらん,20,2576,2737,10,attack_buff,0.305,0.4514,194,6,8,いいえ,大黒まはーかーらん / 北間・クラリス嬢 / 田島の春 / 三貴子ツクヨミ / ラパヌイ先生
1,758,em-9bad632dc3a9,秋田世界発見伝,24,3838,845,4,guard,0.3049,0.4722,188,12,8,いいえ,秋田世界発見伝 / ノローニャ・パイセン / きぬたン / 諏訪子成長期 / 八狗神伏姫様
1,759,em-f3234f88661c,氷の大魔女カナリン,43,7497,1641,5,revive,0.3049,0.4097,193,7,8,いいえ,氷の大魔女カナリン / 北間・クラリス嬢 / 田島の春 / 跛荒の鉄男大先生 / ラパヌイ先生
1,760,em-e51e56c23fa1,上級国民ロヴィーサ,44,2832,2984,4,attribute_guard,0.3048,0.4306,176,24,8,いいえ,上級国民ロヴィーサ / ノローニャ・パイセン / 得琉田浜蔵 / ブハラ師匠 / 財閥だ浅ちゃん！
1,761,em-a41e1401ab71,こんぴらさんさん,19,1500,1500,9,delay,0.3045,0.4444,197,3,8,いいえ,こんぴらさんさん / 北間・クラリス嬢 / 哀哭のオオウミガラス / 百華百彩久連子 / 財閥だ浅ちゃん！
1,762,em-0ba3ddcc384c,雛段芸人☆さくらんず,16,1510,1887,5,skill_reduction,0.3042,0.4375,194,6,8,いいえ,雛段芸人☆さくらんず / 北間・クラリス嬢 / 哀哭のオオウミガラス / 百華百彩久連子 / 財閥だ浅ちゃん！
1,763,em-8bc827a54303,勝斧・カンムーリ,15,2896,1704,1,attack_buff,0.3042,0.4306,195,5,8,いいえ,勝斧・カンムーリ / vにゅーさん / ☆龍神☆尊氏様 / ブハラ師匠 / ハリウッドナナコ師匠
1,764,em-35dfd8c60675,はぎみタンさん,55,4430,4771,4,aoe_attack,0.3042,0.3819,183,17,7,いいえ,はぎみタンさん / 北間・クラリス嬢 / 伊予・タウロス / みどりのたけしマン / 八狗神伏姫様
1,765,em-5d62afcf01d5,転がる！けねず君,37,3408,2044,4,damage_reduction,0.3039,0.4375,178,22,7,いいえ,転がる！けねず君 / vにゅーさん / トランシルヴァニア家族 / 愛のぴよ子 / 財閥だ浅ちゃん！
1,766,em-fc5d66138cad,端午ぴよ子,13,1543,2512,5,aoe_attack,0.3038,0.4444,171,29,8,いいえ,端午ぴよ子 / ノローニャ・パイセン / 田島の春 / 跛荒の鉄男大先生 / シミ
1,767,em-d90aa04af44f,グウィネズ兄弟,34,2066,3197,5,multi_hit_attack,0.3034,0.4306,190,10,8,いいえ,グウィネズ兄弟 / vにゅーさん / 愛のぴよ子 / みどりのたけしマン / 碧海のオフタルもん
1,768,em-344c7687cce5,アウス大先輩,17,1924,1924,2,attribute_change,0.3033,0.4514,192,8,8,いいえ,アウス大先輩 / 脱力コンビあろま＆るる / きぬたン / 花火戦隊サイガーRe / ダル飯☆杏
1,769,em-d9bd2d5de563,コンクちゃん,20,2556,1704,1,damage_reduction,0.3032,0.4444,198,2,8,いいえ,コンクちゃん / 北間・クラリス嬢 / 哀哭のオオウミガラス / 百華百彩久連子 / 財閥だ浅ちゃん！
1,770,em-e3dab98c64af,試作型おこしん,8,2265,1510,2,attribute_guard,0.3028,0.4444,196,4,8,いいえ,試作型おこしん / vにゅーさん / 愛のぴよ子 / 百華百彩久連子 / 碧海のオフタルもん
1,771,em-f3091896bc28,腹話フック,15,1610,3220,4,multi_hit_attack,0.3027,0.4375,195,5,8,いいえ,腹話フック / vにゅーさん / トランシルヴァニア家族 / ブハラ師匠 / ラパヌイ先生
1,772,em-ea000314e767,ＫＲ２ジョー少佐,13,921,2476,3,attack_buff,0.3026,0.4583,198,2,8,いいえ,ＫＲ２ジョー少佐 / 北間・クラリス嬢 / 哀哭のオオウミガラス / 百華百彩久連子 / ラパヌイ先生
1,773,em-628e695d4365,カクラム先生,16,2256,2397,4,multi_hit_attack,0.3026,0.4444,174,26,8,いいえ,カクラム先生 / ノローニャ・パイセン / 田島の春 / 跛荒の鉄男大先生 / シミ
1,774,em-fa2d14d3eb33,大天姿☆ぴよ子,46,7572,756,5,skill_reduction,0.3026,0.3889,187,13,8,いいえ,大天姿☆ぴよ子 / 脱力コンビあろま＆るる / きぬたン / みどりのたけしマン / 御嶽さん
1,775,em-e11205ce4a3f,紅蓮のＰＬぴよ子,60,3656,3656,1,attribute_change,0.3026,0.3819,191,9,8,いいえ,紅蓮のＰＬぴよ子 / ペーチパイセン / トランシルヴァニア家族 / ブハラ師匠 / 財閥だ浅ちゃん！
1,776,em-7d756ba8373e,謹賀新年のびゃこ,47,2300,6219,4,attack_buff,0.3022,0.3889,197,3,8,いいえ,謹賀新年のびゃこ / 北間・クラリス嬢 / 田島の春 / 跛荒の鉄男大先生 / ラパヌイ先生
1,777,em-272a71a9c15d,キラカードなエッシュ,12,1812,1510,3,skill_reduction,0.3018,0.4375,190,10,8,いいえ,キラカードなエッシュ / 北間・クラリス嬢 / 哀哭のオオウミガラス / 百華百彩久連子 / 財閥だ浅ちゃん！
1,778,em-bff3cff5162a,トキシッくんｵｯｽｵｯｽ,9,2253,1267,3,revive,0.3015,0.4583,197,3,8,いいえ,トキシッくんｵｯｽｵｯｽ / vにゅーさん / 愛のぴよ子 / 百華百彩久連子 / 碧海のオフタルもん
1,779,em-cfe553ea56a6,あまのちゃんパイセン,22,3220,805,3,multi_hit_attack,0.3013,0.4722,200,0,8,いいえ,あまのちゃんパイセン / コロちゃん / きぬたン / 三貴子ツクヨミ / ダル飯☆杏
1,780,em-294f61da0084,Ｃ・Ｃ☆電車姫,22,3741,1973,4,attack_buff,0.3013,0.4375,192,8,8,いいえ,Ｃ・Ｃ☆電車姫 / vにゅーさん / トランシルヴァニア家族 / ブハラ師匠 / 八狗神伏姫様
1,781,em-ec64495c1963,レブカ大先生,38,5793,2984,5,aoe_attack,0.3013,0.3958,195,5,8,いいえ,レブカ大先生 / 北間・クラリス嬢 / 哀哭のオオウミガラス / 家族贖罪という字面 / 御嶽さん
1,782,em-124d2df2b85e,ディオクレ君,23,2416,1449,4,skill_reduction,0.3012,0.4375,197,3,8,いいえ,ディオクレ君 / 北間・クラリス嬢 / 哀哭のオオウミガラス / 跛荒の鉄男大先生 / 財閥だ浅ちゃん！
1,783,em-c89260e1ef3b,曲芸師・ブンブク,60,6305,2996,4,revive,0.3012,0.3958,200,0,8,いいえ,曲芸師・ブンブク / 北間・クラリス嬢 / 田島の春 / 跛荒の鉄男大先生 / 八狗神伏姫様
1,784,em-a5d6506eec58,瓜だね女中,15,3220,1610,4,heal,0.3011,0.4583,193,7,8,いいえ,瓜だね女中 / 北間・クラリス嬢 / 哀哭のオオウミガラス / 百華百彩久連子 / 財閥だ浅ちゃん！
1,785,em-b54ea6cda2a4,塚井さん,38,3817,2999,2,attack_buff,0.3009,0.4097,185,15,8,いいえ,塚井さん / 脱力コンビあろま＆るる / トリニダの怪人 / 跛荒の鉄男大先生 / ラパヌイ先生
1,786,em-ca249600bce3,アレス暮らし,24,2737,1932,1,attack_buff,0.3008,0.4167,197,3,8,いいえ,アレス暮らし / vにゅーさん / トランシルヴァニア家族 / ブハラ師匠 / 財閥だ浅ちゃん！
1,787,em-b1988954d3bc,織田フィナーレ,50,2556,5964,5,multi_hit_attack,0.3008,0.3958,200,0,8,いいえ,織田フィナーレ / vにゅーさん / トランシルヴァニア家族 / トキシッくんｵｯｽｵｯｽ / ラパヌイ先生
1,788,em-ae529aca2139,夜鳥の会会長,35,3408,4260,3,attribute_change,0.3007,0.3958,182,18,8,いいえ,夜鳥の会会長 / vにゅーさん / 愛のぴよ子 / 跛荒の鉄男大先生 / 財閥だ浅ちゃん！
1,789,em-68e23b3f15d7,あっぴーの外出,15,1610,3500,3,attack_buff,0.3005,0.4236,195,5,8,いいえ,あっぴーの外出 / vにゅーさん / トランシルヴァニア家族 / ブハラ師匠 / ラパヌイ先生
1,790,em-94a55ee81090,瑠璃の君,27,3067,2453,1,damage_reduction,0.3005,0.4028,198,2,8,いいえ,瑠璃の君 / 脱力コンビあろま＆るる / 愛のぴよ子 / 跛荒の鉄男大先生 / 碧海のオフタルもん
1,791,em-999d33621829,おたべ妖精,7,1272,1131,4,delay,0.3004,0.4514,195,5,8,いいえ,おたべ妖精 / vにゅーさん / 愛のぴよ子 / 百華百彩久連子 / 碧海のオフタルもん
1,792,em-b07f62000b94,雪兎フェス祭カーニバル,22,4089,1192,5,revive,0.2999,0.4444,200,0,8,いいえ,雪兎フェス祭カーニバル / vにゅーさん / トランシルヴァニア家族 / 諏訪子成長期 / ダル飯☆杏
1,793,em-599b57f2e5c4,Halloweenの蘭子さん,37,2044,5964,5,revive,0.2999,0.3889,184,16,8,いいえ,Halloweenの蘭子さん / vにゅーさん / 愛のぴよ子 / 跛荒の鉄男大先生 / 財閥だ浅ちゃん！
1,794,em-34853ed0f0f8,ユーコちゃん,24,2556,1533,4,revive,0.2997,0.4583,187,13,8,いいえ,ユーコちゃん / コロちゃん / 哀哭のオオウミガラス / ブハラ師匠 / 財閥だ浅ちゃん！
1,795,em-fc61ebfabf67,(Ｕ^ω^)亭馬琴,20,2576,644,0,guard,0.2996,0.4583,197,3,9,はい,(Ｕ^ω^)亭馬琴 / テオティワちーちゃん / 超患部ぴよフェッサー / 跛荒の鉄男大先生 / ラパヌイ先生
1,796,em-22dd126a0f3a,どーん竜馬,17,2898,2898,3,attack_buff,0.2996,0.4236,198,2,8,いいえ,どーん竜馬 / 北間・クラリス嬢 / 哀哭のオオウミガラス / 跛荒の鉄男大先生 / ラパヌイ先生
1,797,em-79b4540e0f7f,ヤック(中の人),16,2176,2418,4,multi_hit_attack,0.2995,0.4444,197,3,8,いいえ,ヤック(中の人) / 北間・クラリス嬢 / 哀哭のオオウミガラス / 跛荒の鉄男大先生 / ラパヌイ先生
1,798,em-826b6ae61786,スワン王,9,1229,1173,4,skill_reduction,0.2994,0.4514,197,3,8,いいえ,スワン王 / vにゅーさん / 愛のぴよ子 / 百華百彩久連子 / 碧海のオフタルもん
1,799,em-2080ae65b62a,モヅルン,37,3771,1908,3,attribute_guard,0.2994,0.4375,187,13,7,いいえ,モヅルン / 北間・クラリス嬢 / 田島の春 / 跛荒の鉄男大先生 / ラパヌイ先生
1,800,em-1c71acfdc139,星の白金ぴよ子,5,999,999,0,none,0.2993,0.4583,193,7,8,いいえ,星の白金ぴよ子 / vにゅーさん / 愛のぴよ子 / 百華百彩久連子 / 碧海のオフタルもん
1,801,em-a7be30f0211a,烏枢さま降臨！,13,1359,2416,2,attack_buff,0.2992,0.4375,197,3,8,いいえ,烏枢さま降臨！ / vにゅーさん / 愛のぴよ子 / 跛荒の鉄男大先生 / 碧海のオフタルもん
1,802,em-57e25e9e3446,にゅーくん,8,400,1700,4,guard,0.2991,0.4722,186,14,8,いいえ,にゅーくん / 北間・クラリス嬢 / 哀哭のオオウミガラス / 百華百彩久連子 / 財閥だ浅ちゃん！
1,803,em-52b1a63b86dd,ヤマさんヤミーさん,27,1288,3220,1,attack_buff,0.2991,0.4167,200,0,8,いいえ,ヤマさんヤミーさん / vにゅーさん / 愛のぴよ子 / 家族贖罪という字面 / 碧海のオフタルもん
1,804,em-e49404c0e4be,?????,43,5350,2712,3,attack_buff,0.2989,0.4028,193,7,8,いいえ,????? / 北間・クラリス嬢 / 田島の春 / 跛荒の鉄男大先生 / ラパヌイ先生
1,805,em-4b386c59ef08,キマシ塔の温泉娘,20,1245,2781,5,attack_buff,0.2979,0.4444,194,6,8,いいえ,キマシ塔の温泉娘 / 北間・クラリス嬢 / 田島の春 / 三貴子ツクヨミ / ラパヌイ先生
1,806,em-3e5e9519eb9b,風林火山のぶくろ！,47,4089,4430,5,aoe_attack,0.2978,0.3889,195,5,8,いいえ,風林火山のぶくろ！ / vにゅーさん / 愛のぴよ子 / ????? / 碧海のオフタルもん
1,807,em-76311eb8b6ba,Halloweenな藤原マミー,18,1208,1963,5,revive,0.2976,0.4583,196,4,8,いいえ,Halloweenな藤原マミー / 北間・クラリス嬢 / 哀哭のオオウミガラス / 百華百彩久連子 / 財閥だ浅ちゃん！
1,808,em-9cbbb04818bd,シミ,20,1704,2215,4,heal,0.2976,0.4514,198,2,8,いいえ,シミ / 北間・クラリス嬢 / 哀哭のオオウミガラス / 百華百彩久連子 / 財閥だ浅ちゃん！
1,809,em-ebd6f9bf2bee,中野華蓮(日本人),17,1516,3638,4,attack_buff,0.2975,0.4236,197,3,8,いいえ,中野華蓮(日本人) / vにゅーさん / トランシルヴァニア家族 / ブハラ師匠 / ラパヌイ先生
1,810,em-6f409bf9b5bd,素敵なステチュさん,14,211,2115,2,damage_reduction,0.2973,0.4583,192,8,8,いいえ,素敵なステチュさん / 北間・クラリス嬢 / 哀哭のオオウミガラス / 百華百彩久連子 / 財閥だ浅ちゃん！
1,811,em-eaadf81fc136,サリー,55,4686,4004,4,aoe_attack,0.2971,0.375,195,5,7,いいえ,サリー / vにゅーさん / トランシルヴァニア家族 / ブハラ師匠 / ハリウッドナナコ師匠
1,812,em-7960727b4ac3,伝説のひろし,15,1681,1714,5,attack_buff,0.2969,0.4514,173,27,8,いいえ,伝説のひろし / ノローニャ・パイセン / 田島の春 / 跛荒の鉄男大先生 / シミ
1,813,em-5f292317fd1c,墨染のＰＬぴよ子,60,3656,3656,5,attribute_change,0.2969,0.4028,197,3,8,いいえ,墨染のＰＬぴよ子 / 北間・クラリス嬢 / 田島の春 / 諏訪子成長期 / ラパヌイ先生
1,814,em-e2624c3cfdbc,美才能♪かの子さん,18,1288,4025,5,multi_hit_attack,0.2967,0.4167,176,24,8,いいえ,美才能♪かの子さん / ノローニャ・パイセン / 田島の春 / 跛荒の鉄男大先生 / シミ
1,815,em-228697ae4ca1,かつお☆カーニバル,7,1128,1198,2,skill_reduction,0.2966,0.4444,195,5,8,いいえ,かつお☆カーニバル / vにゅーさん / 愛のぴよ子 / 百華百彩久連子 / 碧海のオフタルもん
1,816,em-84589d5b3594,コロちゃん,11,1551,1551,1,attack_buff,0.2965,0.4444,199,1,8,いいえ,コロちゃん / vにゅーさん / 愛のぴよ子 / 百華百彩久連子 / 碧海のオフタルもん
1,817,em-739aae6480ff,男前やできっしん,14,755,2605,4,attack_buff,0.2964,0.4514,199,1,8,いいえ,男前やできっしん / 北間・クラリス嬢 / 哀哭のオオウミガラス / 百華百彩久連子 / ラパヌイ先生
1,818,em-f21bf8aa6e67,独眼竜！梵天。,23,2254,2576,5,aoe_attack,0.2964,0.4306,197,3,8,いいえ,独眼竜！梵天。 / 北間・クラリス嬢 / 田島の春 / 三貴子ツクヨミ / ラパヌイ先生
1,819,em-c816189f2294,ブッダがやって来る！,17,1510,1510,2,delay,0.2963,0.4375,195,5,8,いいえ,ブッダがやって来る！ / 北間・クラリス嬢 / 哀哭のオオウミガラス / 百華百彩久連子 / 財閥だ浅ちゃん！
1,820,em-916052b33162,リンゴルモア大王,7,1269,1128,3,delay,0.2962,0.4444,195,5,8,いいえ,リンゴルモア大王 / vにゅーさん / 愛のぴよ子 / 百華百彩久連子 / 碧海のオフタルもん
1,821,em-d3aec6288103,カニシカ大先生,39,6034,1440,5,heal,0.2961,0.4306,200,0,8,いいえ,カニシカ大先生 / うどんの天使 / ターヌムンゴネキ / ブハラ師匠 / ラパヌイ先生
1,822,em-8d766096773e,おんじとゆかいな子供達,36,5316,1704,1,damage_reduction,0.2958,0.3958,186,14,7,いいえ,おんじとゆかいな子供達 / 北間・クラリス嬢 / 田島の春 / 跛荒の鉄男大先生 / ラパヌイ先生
1,823,em-301c11f4a1d7,ウサポワンちゃん,20,1363,2317,3,guard,0.2956,0.4444,198,2,8,いいえ,ウサポワンちゃん / 北間・クラリス嬢 / 哀哭のオオウミガラス / 百華百彩久連子 / 財閥だ浅ちゃん！
1,824,em-2d3e693a8406,ツキマシモン,35,3919,1704,2,attack_buff,0.2956,0.4306,199,1,8,いいえ,ツキマシモン / 北間・クラリス嬢 / 田島の春 / 三貴子ツクヨミ / 八狗神伏姫様
1,825,em-414540146c27,びぐべん選手,30,3220,1610,0,attack_buff,0.2955,0.4167,200,0,8,いいえ,びぐべん選手 / vにゅーさん / トランシルヴァニア家族 / ブハラ師匠 / 八狗神伏姫様
1,826,em-9ac3c0929f90,オコオコ,11,1704,1704,3,attack_buff,0.2954,0.4514,199,1,8,いいえ,オコオコ / vにゅーさん / 愛のぴよ子 / 百華百彩久連子 / 碧海のオフタルもん
1,827,em-82e855b7910f,栗林掬太郎,33,5453,2385,4,heal,0.2954,0.3958,184,16,8,いいえ,栗林掬太郎 / vにゅーさん / トランシルヴァニア家族 / みどりのたけしマン / 御嶽さん
1,828,em-3cce096dfee9,カギサナ子,15,2415,2415,4,attack_buff,0.2953,0.4375,200,0,8,いいえ,カギサナ子 / 北間・クラリス嬢 / 哀哭のオオウミガラス / 百華百彩久連子 / ラパヌイ先生
1,829,em-b791d78202d5,英国面の本気,38,6816,1363,5,multi_hit_attack,0.2953,0.4097,194,6,8,いいえ,英国面の本気 / vにゅーさん / 愛のぴよ子 / みどりのたけしマン / 碧海のオフタルもん
1,830,em-9329de26d52c,iびるん大魔王,14,1812,1963,5,guard,0.2949,0.4514,192,8,8,いいえ,iびるん大魔王 / 北間・クラリス嬢 / 哀哭のオオウミガラス / 百華百彩久連子 / 財閥だ浅ちゃん！
1,831,em-a33630899eb2,河口本栖子,18,1200,1500,6,delay,0.2948,0.4375,196,4,8,いいえ,河口本栖子 / 北間・クラリス嬢 / 哀哭のオオウミガラス / 百華百彩久連子 / 財閥だ浅ちゃん！
1,832,em-663696ccf728,夏の一次幹,22,3408,2215,2,attack_buff,0.2947,0.4028,192,8,8,いいえ,夏の一次幹 / vにゅーさん / トランシルヴァニア家族 / ブハラ師匠 / 八狗神伏姫様
1,833,em-0e45f68a7bc6,ツノザヤ君は腕ﾌﾘﾁｭｳ,27,34,2688,0,damage_reduction,0.2944,0.4167,193,7,8,いいえ,ツノザヤ君は腕ﾌﾘﾁｭｳ / なっとくん様 / 愛のぴよ子 / 跛荒の鉄男大先生 / 財閥だ浅ちゃん！
1,834,em-11f22e87203d,骨喰　花蟲,60,2300,5708,4,revive,0.2944,0.3889,194,6,8,いいえ,骨喰　花蟲 / vにゅーさん / サルパちゃん / みどりのたけしマン / 御嶽さん
1,835,em-3b878e796aba,なまず仙人,35,4941,1618,4,damage_reduction,0.2943,0.4167,176,24,7,いいえ,なまず仙人 / vにゅーさん / トランシルヴァニア家族 / 愛のぴよ子 / 財閥だ浅ちゃん！
1,836,em-f88796a335ca,勇者オトシゴ,12,1324,1703,5,damage_reduction,0.294,0.4653,190,10,8,いいえ,勇者オトシゴ / 北間・クラリス嬢 / 哀哭のオオウミガラス / 百華百彩久連子 / 財閥だ浅ちゃん！
1,837,em-2110fa48fdc1,グリンすマン・ﾌｨｰﾊﾞｰ!,22,1661,1736,5,delay,0.2939,0.4236,200,0,8,いいえ,グリンすマン・ﾌｨｰﾊﾞｰ! / 北間・クラリス嬢 / 哀哭のオオウミガラス / 百華百彩久連子 / 財閥だ浅ちゃん！
1,838,em-5a3998126178,TAGOのBOOTH,17,2896,2385,6,multi_hit_attack,0.2936,0.4236,175,25,8,いいえ,TAGOのBOOTH / ノローニャ・パイセン / 田島の春 / 跛荒の鉄男大先生 / シミ
1,839,em-c8baf5b3e504,斑鳩の太子くん,36,4260,2896,4,heal,0.2936,0.4097,186,14,8,いいえ,斑鳩の太子くん / 北間・クラリス嬢 / 田島の春 / 跛荒の鉄男大先生 / ラパヌイ先生
1,840,em-65cc0d6a4bcc,TAGIの映画祭,31,3748,2726,5,multi_hit_attack,0.2935,0.4097,188,12,8,いいえ,TAGIの映画祭 / 北間・クラリス嬢 / 哀哭のオオウミガラス / 家族贖罪という字面 / 御嶽さん
1,841,em-795ca1ffcb95,カム着火べあぱわー,12,664,2355,2,attack_buff,0.2933,0.4444,197,3,8,いいえ,カム着火べあぱわー / 北間・クラリス嬢 / 哀哭のオオウミガラス / 百華百彩久連子 / ラパヌイ先生
1,842,em-8765daafca7a,トマティーナ中佐,40,3748,2130,2,multi_hit_attack,0.2929,0.4097,191,9,8,いいえ,トマティーナ中佐 / ノローニャ・パイセン / 得琉田浜蔵 / 跛荒の鉄男大先生 / ラパヌイ先生
1,843,em-a24482970c23,ご機嫌斜めのウィーン様,42,4941,2896,5,attack_buff,0.2929,0.4028,196,4,8,いいえ,ご機嫌斜めのウィーン様 / vにゅーさん / トランシルヴァニア家族 / 諏訪子成長期 / シミ
1,844,em-4e78a5d0dc7a,中央アルプスの少女達,13,1812,1510,1,damage_reduction,0.2925,0.4375,191,9,8,いいえ,中央アルプスの少女達 / 北間・クラリス嬢 / 哀哭のオオウミガラス / 百華百彩久連子 / 財閥だ浅ちゃん！
1,845,em-e778e99b9218,不敵な笑みのニタりん,16,1363,2556,3,multi_hit_attack,0.2924,0.4306,174,26,8,いいえ,不敵な笑みのニタりん / ノローニャ・パイセン / 田島の春 / 跛荒の鉄男大先生 / シミ
1,846,em-109e54a3645a,グラン・プラスの魔女,38,1499,3404,3,guard,0.2924,0.4167,170,30,7,いいえ,グラン・プラスの魔女 / ノローニャ・パイセン / 得琉田浜蔵 / ブハラ師匠 / 財閥だ浅ちゃん！
1,847,em-8cd856412a10,にくぁうぅぅぅぅぅ！,17,1355,3638,4,attack_buff,0.2924,0.4167,197,3,8,いいえ,にくぁうぅぅぅぅぅ！ / vにゅーさん / トランシルヴァニア家族 / ブハラ師匠 / ラパヌイ先生
1,848,em-4089c86a52af,夢奈・マコ,15,2470,1363,6,attribute_guard,0.2922,0.4514,199,1,8,いいえ,夢奈・マコ / vにゅーさん / 愛のぴよ子 / 跛荒の鉄男大先生 / 碧海のオフタルもん
1,849,em-049ada05607b,眠里　不可緒,16,3578,2315,5,attack_buff,0.292,0.4097,196,4,8,いいえ,眠里　不可緒 / vにゅーさん / ☆龍神☆尊氏様 / ブハラ師匠 / ハリウッドナナコ師匠
1,850,em-da8da47e0c9c,さるぼぼ・ぼーぼぼ,14,1661,2114,3,aoe_attack,0.2916,0.4375,172,28,8,いいえ,さるぼぼ・ぼーぼぼ / ノローニャ・パイセン / 田島の春 / 跛荒の鉄男大先生 / シミ
1,851,em-67aa8e3ee215,川越料理長,17,1175,3655,4,attack_buff,0.2914,0.4167,197,3,8,いいえ,川越料理長 / vにゅーさん / トランシルヴァニア家族 / ブハラ師匠 / ラパヌイ先生
1,852,em-59fa5fa098ba,繭神！おかいこさま,32,5027,1704,3,attribute_change,0.2912,0.4028,173,27,8,いいえ,繭神！おかいこさま / vにゅーさん / トランシルヴァニア家族 / 愛のぴよ子 / 財閥だ浅ちゃん！
1,853,em-9d5f7901aacf,サタデーナイト☆郡上,17,1812,1963,5,aoe_attack,0.2911,0.4375,175,25,8,いいえ,サタデーナイト☆郡上 / ノローニャ・パイセン / 田島の春 / 跛荒の鉄男大先生 / シミ
1,854,em-8dfd3b91ca8d,総統エビユルゲ,6,1244,1159,1,attribute_change,0.2909,0.4444,194,6,8,いいえ,総統エビユルゲ / vにゅーさん / 愛のぴよ子 / 百華百彩久連子 / 碧海のオフタルもん
1,855,em-cf62aeacc244,やまたのおろちん,40,2726,2726,3,multi_hit_attack,0.2906,0.4028,191,9,8,いいえ,やまたのおろちん / ノローニャ・パイセン / 得琉田浜蔵 / 跛荒の鉄男大先生 / ラパヌイ先生
1,856,em-6fe67318189a,劇場版ＪＡＸＡイル,18,1304,3526,4,multi_hit_attack,0.2904,0.4167,198,2,8,いいえ,劇場版ＪＡＸＡイル / vにゅーさん / トランシルヴァニア家族 / ブハラ師匠 / ラパヌイ先生
1,857,em-96ed71805a40,白鷺日女路嬢,21,4830,1255,3,heal,0.2904,0.4167,199,1,8,いいえ,白鷺日女路嬢 / 北間・クラリス嬢 / 哀哭のオオウミガラス / 百華百彩久連子 / 財閥だ浅ちゃん！
1,858,em-ec978322ece8,タイプ：テン,20,3864,966,4,guard,0.2903,0.4444,198,2,8,いいえ,タイプ：テン / 北間・クラリス嬢 / 哀哭のオオウミガラス / 百華百彩久連子 / 財閥だ浅ちゃん！
1,859,em-c623973fc8a5,うおぬまンダーＲ上Ｘ,15,1208,2567,4,aoe_attack,0.2902,0.4306,173,27,8,いいえ,うおぬまンダーＲ上Ｘ / ノローニャ・パイセン / 田島の春 / 跛荒の鉄男大先生 / シミ
1,860,em-cdfbe8acd59f,はんばー先輩,24,4444,563,2,revive,0.2901,0.4375,187,13,8,いいえ,はんばー先輩 / コロちゃん / 哀哭のオオウミガラス / ブハラ師匠 / 財閥だ浅ちゃん！
1,861,em-46432847d531,ＢＥＷ雪玉,8,2538,705,3,attack_buff,0.2899,0.4583,196,4,8,いいえ,ＢＥＷ雪玉 / vにゅーさん / 愛のぴよ子 / 百華百彩久連子 / 碧海のオフタルもん
1,862,em-bbff6b354f45,くうかいさん,12,700,1100,4,skill_reduction,0.2898,0.4514,200,0,8,いいえ,くうかいさん / vにゅーさん / 愛のぴよ子 / 百華百彩久連子 / 碧海のオフタルもん
1,863,em-bbcd19672515,ＭＲ凜子様,13,1699,1699,4,attack_buff,0.2896,0.4375,171,29,8,いいえ,ＭＲ凜子様 / ノローニャ・パイセン / 田島の春 / 跛荒の鉄男大先生 / シミ
1,864,em-8561e29b5d2e,まんまんちゃん,12,1524,1682,3,attack_buff,0.2892,0.4375,200,0,8,いいえ,まんまんちゃん / vにゅーさん / 愛のぴよ子 / 百華百彩久連子 / 碧海のオフタルもん
1,865,em-d5d58dc5e468,子供神・わらしちゃん,7,565,1131,4,delay,0.2889,0.4514,195,5,8,いいえ,子供神・わらしちゃん / vにゅーさん / 愛のぴよ子 / 百華百彩久連子 / 碧海のオフタルもん
1,866,em-7c7befcdeb38,メル子大先生,16,1773,1934,2,attack_buff,0.2885,0.4236,200,0,8,いいえ,メル子大先生 / vにゅーさん / 愛のぴよ子 / 跛荒の鉄男大先生 / 碧海のオフタルもん
1,867,em-7b3f53eed84e,?????,14,1380,2675,4,attack_buff,0.2881,0.4236,172,28,8,いいえ,????? / ノローニャ・パイセン / 田島の春 / 跛荒の鉄男大先生 / シミ
1,868,em-db1935c2a136,コーベリアル公爵,10,1229,1173,1,attribute_guard,0.2878,0.4444,198,2,8,いいえ,コーベリアル公爵 / vにゅーさん / 愛のぴよ子 / 百華百彩久連子 / 碧海のオフタルもん
1,869,em-874769710492,さふらんらん,8,1734,888,3,skill_reduction,0.2878,0.4375,196,4,8,いいえ,さふらんらん / vにゅーさん / 愛のぴよ子 / 百華百彩久連子 / 碧海のオフタルもん
1,870,em-ea813aee5d92,ブラジリアン首都術,8,1812,1963,4,aoe_attack,0.287,0.4306,166,34,8,いいえ,ブラジリアン首都術 / ノローニャ・パイセン / 田島の春 / 跛荒の鉄男大先生 / シミ
1,871,em-535fe684b32f,新・フィッシャーマン,10,1286,1116,1,heal,0.2868,0.4444,198,2,8,いいえ,新・フィッシャーマン / vにゅーさん / 愛のぴよ子 / 百華百彩久連子 / 碧海のオフタルもん
1,872,em-f2d052955a43,大正義・フクちゃん,7,1128,1269,2,attribute_change,0.2867,0.4444,195,5,8,いいえ,大正義・フクちゃん / vにゅーさん / 愛のぴよ子 / 百華百彩久連子 / 碧海のオフタルもん
1,873,em-6437dd94e076,河口西子,15,900,1300,6,delay,0.2865,0.4375,193,7,8,いいえ,河口西子 / 北間・クラリス嬢 / 哀哭のオオウミガラス / 百華百彩久連子 / 財閥だ浅ちゃん！
1,874,em-306ef0a3ce60,大納言鮒麿,14,1812,1548,4,heal,0.2864,0.4444,192,8,8,いいえ,大納言鮒麿 / 北間・クラリス嬢 / 哀哭のオオウミガラス / 百華百彩久連子 / 財閥だ浅ちゃん！
1,875,em-06a82dd4f95a,やまとーる海将,18,2567,1208,4,damage_reduction,0.2863,0.4444,196,4,8,いいえ,やまとーる海将 / 北間・クラリス嬢 / 哀哭のオオウミガラス / 百華百彩久連子 / 財閥だ浅ちゃん！
1,876,em-55828eea72b7,スーリヤ大先輩,48,5360,1951,2,aoe_attack,0.2862,0.3819,191,9,8,いいえ,スーリヤ大先輩 / 脱力コンビあろま＆るる / 愛のぴよ子 / みどりのたけしマン / 碧海のオフタルもん
1,877,em-d22cc44e6b53,ニタりん,16,1090,2044,3,multi_hit_attack,0.2858,0.4375,174,26,8,いいえ,ニタりん / ノローニャ・パイセン / 田島の春 / 跛荒の鉄男大先生 / シミ
1,878,em-bb70b91588ed,夜魔・マヤー,12,1661,2114,4,multi_hit_attack,0.2858,0.4306,170,30,8,いいえ,夜魔・マヤー / ノローニャ・パイセン / 田島の春 / 跛荒の鉄男大先生 / シミ
1,879,em-3a0ce37a12ff,おこしんMK-2,8,1510,2265,4,multi_hit_attack,0.2858,0.4236,166,34,8,いいえ,おこしんMK-2 / ノローニャ・パイセン / 田島の春 / 跛荒の鉄男大先生 / シミ
1,880,em-e2135a9d657f,ねぶるータスお前もか,18,2173,2656,2,attack_buff,0.2856,0.4097,199,1,8,いいえ,ねぶるータスお前もか / 北間・クラリス嬢 / 哀哭のオオウミガラス / 跛荒の鉄男大先生 / ラパヌイ先生
1,881,em-04bcad8262b9,現実リオンさん,12,700,1300,4,delay,0.2855,0.4444,200,0,8,いいえ,現実リオンさん / vにゅーさん / 愛のぴよ子 / 百華百彩久連子 / 碧海のオフタルもん
1,882,em-a2165d67f8cb,こんぴらくん,12,900,900,7,delay,0.2853,0.4514,190,10,8,いいえ,こんぴらくん / 北間・クラリス嬢 / 哀哭のオオウミガラス / 百華百彩久連子 / 財閥だ浅ちゃん！
1,883,em-fc0926b017ef,なまずのおじさん,25,4260,1278,5,damage_reduction,0.2853,0.4236,200,0,8,いいえ,なまずのおじさん / 脱力コンビあろま＆るる / 愛のぴよ子 / 百華百彩久連子 / 碧海のオフタルもん
1,884,em-30e2f325f3af,尾索戦隊ｻﾙﾊﾟﾝｼﾞｬｰ,28,4907,1022,2,multi_hit_attack,0.2849,0.4097,198,2,8,いいえ,尾索戦隊ｻﾙﾊﾟﾝｼﾞｬｰ / vにゅーさん / トランシルヴァニア家族 / ブハラ師匠 / 八狗神伏姫様
1,885,em-b5fa3fe8e44e,ディープワン・ゴロウ,8,1214,1189,2,attack_buff,0.2847,0.4444,196,4,8,いいえ,ディープワン・ゴロウ / vにゅーさん / 愛のぴよ子 / 百華百彩久連子 / 碧海のオフタルもん
1,886,em-75717188c18a,あ、しょーか大先生,13,1812,1963,4,multi_hit_attack,0.2847,0.4236,171,29,8,いいえ,あ、しょーか大先生 / ノローニャ・パイセン / 田島の春 / 跛荒の鉄男大先生 / シミ
1,887,em-aae1801458f8,ɚすぃとあろま？,12,3748,681,3,guard,0.2846,0.4444,200,0,8,いいえ,ɚすぃとあろま？ / vにゅーさん / 愛のぴよ子 / 百華百彩久連子 / 碧海のオフタルもん
1,888,em-6ead69ef1b01,精霊ブーナッド,16,4025,805,2,heal,0.2844,0.4236,200,0,8,いいえ,精霊ブーナッド / vにゅーさん / 愛のぴよ子 / 跛荒の鉄男大先生 / 碧海のオフタルもん
1,889,em-5b97cf2d5a88,やまたのおろちん,40,2726,2726,3,multi_hit_attack,0.2843,0.4097,191,9,8,いいえ,やまたのおろちん / ノローニャ・パイセン / 得琉田浜蔵 / 跛荒の鉄男大先生 / ラパヌイ先生
1,890,em-bdf5b4886e9a,シーホーすん,12,1191,1532,5,damage_reduction,0.2842,0.4514,200,0,8,いいえ,シーホーすん / vにゅーさん / 愛のぴよ子 / 百華百彩久連子 / 碧海のオフタルもん
1,891,em-c7cd54f2e503,ケラマ☆マジカ,7,1057,1198,2,attribute_guard,0.2842,0.4444,195,5,8,いいえ,ケラマ☆マジカ / vにゅーさん / 愛のぴよ子 / 百華百彩久連子 / 碧海のオフタルもん
1,892,em-c8d0b7ef1b10,めい子お姉さま,9,1159,1244,4,attribute_guard,0.2841,0.4514,197,3,8,いいえ,めい子お姉さま / vにゅーさん / 愛のぴよ子 / 百華百彩久連子 / 碧海のオフタルもん
1,893,em-b90efc9e636b,婆娑羅でどーよ,18,1046,4105,4,attack_buff,0.2841,0.4028,199,1,8,いいえ,婆娑羅でどーよ / 北間・クラリス嬢 / 哀哭のオオウミガラス / 跛荒の鉄男大先生 / ラパヌイ先生
1,894,em-54ee851ff3fb,zuス様とsiラ様,10,1410,987,4,attack_buff,0.284,0.4583,198,2,8,いいえ,zuス様とsiラ様 / vにゅーさん / 愛のぴよ子 / 百華百彩久連子 / 碧海のオフタルもん
1,895,em-4d4bf14cc827,いはと先輩,15,1000,1400,3,delay,0.284,0.4306,193,7,8,いいえ,いはと先輩 / 北間・クラリス嬢 / 哀哭のオオウミガラス / 百華百彩久連子 / 財閥だ浅ちゃん！
1,896,em-af839f0be824,譲らざる者,13,966,2394,5,attack_buff,0.2837,0.4375,198,2,8,いいえ,譲らざる者 / 北間・クラリス嬢 / 哀哭のオオウミガラス / 百華百彩久連子 / ラパヌイ先生
1,897,em-bb16895fa31d,ハルキさんとゲニアさん,26,3074,813,6,delay,0.2837,0.4236,200,0,8,いいえ,ハルキさんとゲニアさん / 北間・クラリス嬢 / 哀哭のオオウミガラス / 跛荒の鉄男大先生 / 財閥だ浅ちゃん！
1,898,em-d86fc6931627,ふくしメイト・じゅん,19,1812,1661,3,skill_reduction,0.2836,0.4167,197,3,8,いいえ,ふくしメイト・じゅん / 北間・クラリス嬢 / 哀哭のオオウミガラス / 百華百彩久連子 / 財閥だ浅ちゃん！
1,899,em-5d34df1253d1,氷点下のレーカさん,40,2044,2556,3,revive,0.2836,0.4097,181,19,8,いいえ,氷点下のレーカさん / vにゅーさん / トランシルヴァニア家族 / 愛のぴよ子 / 財閥だ浅ちゃん！
1,900,em-132feeb6206a,傭兵戦隊サイガー３,12,756,2284,4,multi_hit_attack,0.2834,0.4306,170,30,8,いいえ,傭兵戦隊サイガー３ / ノローニャ・パイセン / 田島の春 / 跛荒の鉄男大先生 / シミ
1,901,em-dff6ba115611,トゥーさん,44,3067,3067,3,revive,0.2834,0.3958,185,15,8,いいえ,トゥーさん / vにゅーさん / トランシルヴァニア家族 / 愛のぴよ子 / 財閥だ浅ちゃん！
1,902,em-6a0e464e2855,収穫ぴよ子,10,1426,1304,1,attribute_change,0.2831,0.4375,198,2,8,いいえ,収穫ぴよ子 / vにゅーさん / 愛のぴよ子 / 百華百彩久連子 / 碧海のオフタルもん
1,903,em-573a74e6170b,God of 魚ぉ！,8,1269,1128,4,heal,0.283,0.4514,196,4,8,いいえ,God of 魚ぉ！ / vにゅーさん / 愛のぴよ子 / 百華百彩久連子 / 碧海のオフタルもん
1,904,em-48860dff9f84,カナ★パラ,20,1661,1812,5,revive,0.2829,0.4375,198,2,8,いいえ,カナ★パラ / 北間・クラリス嬢 / 哀哭のオオウミガラス / 百華百彩久連子 / 財閥だ浅ちゃん！
1,905,em-3ad7d27f7887,ハワイる水島神人,19,2567,1208,2,guard,0.2827,0.4306,197,3,8,いいえ,ハワイる水島神人 / 北間・クラリス嬢 / 哀哭のオオウミガラス / 百華百彩久連子 / 財閥だ浅ちゃん！
1,906,em-5c824e4dff20,ほたるんるん,9,1000,1500,3,attribute_change,0.2826,0.4444,187,13,8,いいえ,ほたるんるん / 北間・クラリス嬢 / 哀哭のオオウミガラス / 百華百彩久連子 / 財閥だ浅ちゃん！
1,907,em-bcb9b03bfeed,サンカクドナウ,13,1739,1739,3,multi_hit_attack,0.2826,0.4236,171,29,8,いいえ,サンカクドナウ / ノローニャ・パイセン / 田島の春 / 跛荒の鉄男大先生 / シミ
1,908,em-87a6c85241fe,蝶々ペッパーくん,30,1482,1781,2,delay,0.2825,0.4167,186,14,8,いいえ,蝶々ペッパーくん / 新・ウオ丸くん / 得琉田浜蔵 / ブハラ師匠 / ラパヌイ先生
1,909,em-ec52e54bb473,ﾀｰｷｰﾃﾞ-なじとっこ君,10,706,2403,4,attack_buff,0.2823,0.4306,195,5,8,いいえ,ﾀｰｷｰﾃﾞ-なじとっこ君 / 北間・クラリス嬢 / 哀哭のオオウミガラス / 百華百彩久連子 / ラパヌイ先生
1,910,em-a71ad4631750,絶許！近所のあん子,9,1131,989,4,heal,0.2821,0.4583,197,3,8,いいえ,絶許！近所のあん子 / vにゅーさん / 愛のぴよ子 / 百華百彩久連子 / 碧海のオフタルもん
1,911,em-e3dd4898ff56,ﾃﾗももたろす,15,1600,1600,3,attribute_change,0.2819,0.4444,193,7,8,いいえ,ﾃﾗももたろす / 北間・クラリス嬢 / 哀哭のオオウミガラス / 百華百彩久連子 / 財閥だ浅ちゃん！
1,912,em-cbed7e550323,ちわっしータミ,12,2249,1376,3,heal,0.2818,0.4375,200,0,8,いいえ,ちわっしータミ / vにゅーさん / 愛のぴよ子 / 百華百彩久連子 / 碧海のオフタルもん
1,913,em-53a13d10258e,コドモドラゴン！,10,1833,987,3,damage_reduction,0.2816,0.4444,198,2,8,いいえ,コドモドラゴン！ / vにゅーさん / 愛のぴよ子 / 百華百彩久連子 / 碧海のオフタルもん
1,914,em-2d1c8d50a6d1,スマートouぼっと,17,2265,1510,5,damage_reduction,0.2816,0.4306,175,25,8,いいえ,スマートouぼっと / ノローニャ・パイセン / 田島の春 / 跛荒の鉄男大先生 / シミ
1,915,em-7fd9b48cee31,七夕星人☆たたるんるん,20,3220,1610,2,attack_buff,0.2816,0.4167,194,6,8,いいえ,七夕星人☆たたるんるん / 北間・クラリス嬢 / 田島の春 / 三貴子ツクヨミ / ラパヌイ先生
1,916,em-7914d5cdb04d,芋神よしあき,32,4130,2753,3,multi_hit_attack,0.2814,0.3819,200,0,8,いいえ,芋神よしあき / vにゅーさん / 家族贖罪という字面 / ブハラ師匠 / 財閥だ浅ちゃん！
1,917,em-618de9bba906,関大先生,9,1201,1201,3,guard,0.2813,0.4444,197,3,8,いいえ,関大先生 / vにゅーさん / 愛のぴよ子 / 百華百彩久連子 / 碧海のオフタルもん
1,918,em-7b2daf42204c,モモトじゃねーの?,14,1400,1600,3,heal,0.2807,0.4444,192,8,8,いいえ,モモトじゃねーの? / 北間・クラリス嬢 / 哀哭のオオウミガラス / 百華百彩久連子 / 財閥だ浅ちゃん！
1,919,em-7f906b3752a5,華麗なびわ子たん,10,1213,1190,3,damage_reduction,0.2807,0.4444,198,2,8,いいえ,華麗なびわ子たん / vにゅーさん / 愛のぴよ子 / 百華百彩久連子 / 碧海のオフタルもん
1,920,em-c7ca0cfdb77b,護国の盾,14,1887,1510,5,attribute_guard,0.2806,0.4375,192,8,8,いいえ,護国の盾 / 北間・クラリス嬢 / 哀哭のオオウミガラス / 百華百彩久連子 / 財閥だ浅ちゃん！
1,921,em-6cbfcc23cd10,発光大王ほたるーニャ,9,1057,1198,3,attribute_change,0.28,0.4444,197,3,8,いいえ,発光大王ほたるーニャ / vにゅーさん / 愛のぴよ子 / 百華百彩久連子 / 碧海のオフタルもん
1,922,em-bf58cd7d185a,ホーク元船長,12,700,1100,1,attribute_guard,0.2799,0.4444,200,0,8,いいえ,ホーク元船長 / vにゅーさん / 愛のぴよ子 / 百華百彩久連子 / 碧海のオフタルもん
1,923,em-455191024aba,偉いぞさいごー丼,15,2718,1132,3,attribute_guard,0.2797,0.4306,193,7,8,いいえ,偉いぞさいごー丼 / 北間・クラリス嬢 / 哀哭のオオウミガラス / 百華百彩久連子 / 財閥だ浅ちゃん！
1,924,em-f4980131820e,ﾊﾛｳｨﾝのヴラドさん,41,4089,1757,2,damage_reduction,0.2797,0.4028,191,9,8,いいえ,ﾊﾛｳｨﾝのヴラドさん / 北間・クラリス嬢 / 田島の春 / 跛荒の鉄男大先生 / ラパヌイ先生
1,925,em-2f152df51cdc,エトナさん,50,5673,1704,1,aoe_attack,0.2797,0.3681,200,0,8,いいえ,エトナさん / vにゅーさん / トランシルヴァニア家族 / トキシッくんｵｯｽｵｯｽ / ラパヌイ先生
1,926,em-6c5c24ebebea,こんぴらさん,15,1100,1100,8,delay,0.2796,0.4306,193,7,8,いいえ,こんぴらさん / 北間・クラリス嬢 / 哀哭のオオウミガラス / 百華百彩久連子 / 財閥だ浅ちゃん！
1,927,em-fea44f2a7dd8,だが男だ彦にゃん,15,2793,1132,3,skill_reduction,0.2796,0.4097,193,7,8,いいえ,だが男だ彦にゃん / vにゅーさん / トランシルヴァニア家族 / 愛のぴよ子 / 碧海のオフタルもん
1,928,em-ffea90d62e77,テイヤさん,55,1874,5282,3,multi_hit_attack,0.2795,0.3611,183,17,7,いいえ,テイヤさん / 北間・クラリス嬢 / 伊予・タウロス / みどりのたけしマン / 八狗神伏姫様
1,929,em-6c1c64d0e4ed,七夕ぴよ子,7,1104,1104,3,revive,0.2794,0.4444,195,5,8,いいえ,七夕ぴよ子 / vにゅーさん / 愛のぴよ子 / 百華百彩久連子 / 碧海のオフタルもん
1,930,em-8cafabee26c4,ホルトバージ君,22,5285,830,4,attack_buff,0.2794,0.4167,195,5,8,いいえ,ホルトバージ君 / vにゅーさん / 愛のぴよ子 / 家族贖罪という字面 / 碧海のオフタルもん
1,931,em-1374a3351d4c,忍！fuま＆voたん,17,1510,1510,3,guard,0.2791,0.4375,195,5,8,いいえ,忍！fuま＆voたん / 北間・クラリス嬢 / 哀哭のオオウミガラス / 百華百彩久連子 / 財閥だ浅ちゃん！
1,932,em-577ab88ffefc,河口精進子,8,800,1100,7,delay,0.2791,0.4306,186,14,8,いいえ,河口精進子 / 北間・クラリス嬢 / 哀哭のオオウミガラス / 百華百彩久連子 / 財閥だ浅ちゃん！
1,933,em-c547f488bc34,警告！クジラの尊,12,30,1410,1,attribute_change,0.2788,0.4444,190,10,8,いいえ,警告！クジラの尊 / 北間・クラリス嬢 / 哀哭のオオウミガラス / 百華百彩久連子 / 財閥だ浅ちゃん！
1,934,em-5275d879d803,ｻｲｯｺくたにん,12,800,1000,2,attribute_change,0.2785,0.4514,200,0,8,いいえ,ｻｲｯｺくたにん / vにゅーさん / 愛のぴよ子 / 百華百彩久連子 / 碧海のオフタルもん
1,935,em-267a29792afd,ウーミン,33,2249,2658,5,skill_reduction,0.2785,0.3681,200,0,8,いいえ,ウーミン / vにゅーさん / トランシルヴァニア家族 / 跛荒の鉄男大先生 / シミ
1,936,em-f1ed908b1438,竹輪大明神,10,493,1762,2,attack_buff,0.2783,0.4375,184,16,8,いいえ,竹輪大明神 / ノローニャ・パイセン / 伊予・タウロス / 跛荒の鉄男大先生 / シミ
1,937,em-59ac9769ef60,神犬八房伏姫様,24,4093,1223,4,guard,0.2783,0.4167,198,2,8,いいえ,神犬八房伏姫様 / 北間・クラリス嬢 / 哀哭のオオウミガラス / 跛荒の鉄男大先生 / 財閥だ浅ちゃん！
1,938,em-25fed9fde1ce,かっさーWoo！,16,1131,2403,4,attack_buff,0.2781,0.4236,197,3,8,いいえ,かっさーWoo！ / 北間・クラリス嬢 / 哀哭のオオウミガラス / 跛荒の鉄男大先生 / ラパヌイ先生
1,939,em-d05fca3e00df,ほたるん,6,700,1000,3,attribute_change,0.2779,0.4514,194,6,8,いいえ,ほたるん / vにゅーさん / 愛のぴよ子 / 百華百彩久連子 / 碧海のオフタルもん
1,940,em-3738f743f200,復活！チワワんこ,8,1128,1269,3,heal,0.2779,0.4444,196,4,8,いいえ,復活！チワワんこ / vにゅーさん / 愛のぴよ子 / 百華百彩久連子 / 碧海のオフタルもん
1,941,em-f18c065bbb1d,白水大師匠,18,1510,1887,5,aoe_attack,0.2778,0.4306,176,24,8,いいえ,白水大師匠 / ノローニャ・パイセン / 田島の春 / 跛荒の鉄男大先生 / シミ
1,942,em-c09c9bb81a01,蓮十郎,7,1215,1187,2,skill_reduction,0.2773,0.4236,195,5,8,いいえ,蓮十郎 / vにゅーさん / 愛のぴよ子 / 百華百彩久連子 / 碧海のオフタルもん
1,943,em-dd80c8492923,?????,22,3067,1533,1,attack_buff,0.2773,0.4028,196,4,8,いいえ,????? / 北間・クラリス嬢 / 田島の春 / 三貴子ツクヨミ / ラパヌイ先生
1,944,em-57204b8d6ee6,伝説のWoo怪,12,1126,2393,4,multi_hit_attack,0.2769,0.4097,170,30,8,いいえ,伝説のWoo怪 / ノローニャ・パイセン / 田島の春 / 跛荒の鉄男大先生 / シミ
1,945,em-a66f91385c36,伝説のキャミー,10,700,1100,4,heal,0.2767,0.4514,198,2,8,いいえ,伝説のキャミー / vにゅーさん / 愛のぴよ子 / 百華百彩久連子 / 碧海のオフタルもん
1,946,em-062228a8b4d2,キャニオン雄大,25,2737,2737,5,attack_buff,0.2766,0.4028,199,1,8,いいえ,キャニオン雄大 / 北間・クラリス嬢 / 田島の春 / 三貴子ツクヨミ / ラパヌイ先生
1,947,em-547d0e27e1f1,魚堅くん,3,400,500,7,skill_reduction,0.2765,0.4583,200,0,8,いいえ,魚堅くん / vにゅーさん / 哀哭のオオウミガラス / ブハラ師匠 / 御嶽さん
1,948,em-e5027c0cc6fa,みかんの姐御,17,2265,1510,3,aoe_attack,0.2765,0.4167,175,25,8,いいえ,みかんの姐御 / ノローニャ・パイセン / 田島の春 / 跛荒の鉄男大先生 / シミ
1,949,em-be212cb2b1d8,いはとさん,12,760,840,3,delay,0.2764,0.4444,200,0,8,いいえ,いはとさん / vにゅーさん / 愛のぴよ子 / 百華百彩久連子 / 碧海のオフタルもん
1,950,em-7a7f1cd12450,スオ面スナイパー,13,1132,1812,1,attack_buff,0.2764,0.4097,186,14,8,いいえ,スオ面スナイパー / vにゅーさん / 愛のぴよ子 / 家族贖罪という字面 / 碧海のオフタルもん
1,951,em-737815742386,タオるんさん先輩,12,800,1000,3,attribute_guard,0.2761,0.4514,200,0,8,いいえ,タオるんさん先輩 / vにゅーさん / 愛のぴよ子 / 百華百彩久連子 / 碧海のオフタルもん
1,952,em-2998c94ac8cc,ギガ☆キプちゃん,28,1874,1874,4,multi_hit_attack,0.2761,0.4236,189,11,8,いいえ,ギガ☆キプちゃん / ノローニャ・パイセン / きぬたン / 諏訪子成長期 / モンさんミッシェル
1,953,em-e73e837049b5,ｿﾞﾝﾋﾞｶﾞｰﾙ･ガブリン,28,1366,3834,4,revive,0.276,0.3889,169,31,8,いいえ,ｿﾞﾝﾋﾞｶﾞｰﾙ･ガブリン / vにゅーさん / トランシルヴァニア家族 / 愛のぴよ子 / 財閥だ浅ちゃん！
1,954,em-6f8dfc0a39eb,近すぎリオンさん,16,1000,1500,4,delay,0.2757,0.4236,194,6,8,いいえ,近すぎリオンさん / 北間・クラリス嬢 / 哀哭のオオウミガラス / 百華百彩久連子 / 財閥だ浅ちゃん！
1,955,em-dab58d0db3e1,夕陽のカウボーイ,17,1661,1661,5,revive,0.2753,0.4375,195,5,8,いいえ,夕陽のカウボーイ / 北間・クラリス嬢 / 哀哭のオオウミガラス / 百華百彩久連子 / 財閥だ浅ちゃん！
1,956,em-29a5da4c1e2f,有棘画工,20,4025,805,3,multi_hit_attack,0.2753,0.4167,178,22,8,いいえ,有棘画工 / ノローニャ・パイセン / 田島の春 / 跛荒の鉄男大先生 / シミ
1,957,em-c88f65fb7899,グラディ瑛太,16,4653,423,3,delay,0.2752,0.3958,194,6,8,いいえ,グラディ瑛太 / 北間・クラリス嬢 / 哀哭のオオウミガラス / 百華百彩久連子 / 財閥だ浅ちゃん！
1,958,em-ad0fa41f1980,輝け！叡智通,12,1102,1300,4,attack_buff,0.2749,0.4444,200,0,8,いいえ,輝け！叡智通 / vにゅーさん / 愛のぴよ子 / 百華百彩久連子 / 碧海のオフタルもん
1,959,em-d8349efcae1b,鰹でよくね?,5,700,700,7,skill_reduction,0.2748,0.4444,183,17,8,いいえ,鰹でよくね? / 北間・クラリス嬢 / 哀哭のオオウミガラス / 百華百彩久連子 / 財閥だ浅ちゃん！
1,960,em-31faaa08a3e5,ジャノメぴよ子,8,1105,1122,7,attribute_guard,0.2748,0.4444,186,14,8,いいえ,ジャノメぴよ子 / 北間・クラリス嬢 / 哀哭のオオウミガラス / 百華百彩久連子 / 財閥だ浅ちゃん！
1,961,em-bf54cef3c3e9,タツノコくん,12,1058,1362,5,damage_reduction,0.2747,0.4444,200,0,8,いいえ,タツノコくん / vにゅーさん / 愛のぴよ子 / 百華百彩久連子 / 碧海のオフタルもん
1,962,em-9f9bdf00a915,ハンドフィッシュさん,27,1635,2862,3,damage_reduction,0.2747,0.4028,189,11,8,いいえ,ハンドフィッシュさん / ノローニャ・パイセン / 得琉田浜蔵 / 三貴子ツクヨミ / 御嶽さん
1,963,em-0ccc51b405ca,初代畳リーゼント,13,1045,2258,4,attack_buff,0.2744,0.4236,198,2,8,いいえ,初代畳リーゼント / 北間・クラリス嬢 / 哀哭のオオウミガラス / 百華百彩久連子 / ラパヌイ先生
1,964,em-fbb333645878,戸隠ちび大助,14,226,2193,2,attack_buff,0.2742,0.4167,199,1,8,いいえ,戸隠ちび大助 / 北間・クラリス嬢 / 哀哭のオオウミガラス / 百華百彩久連子 / ラパヌイ先生
1,965,em-99460641a41d,奇岩妖精ペリバじゃん,40,6816,852,3,attack_buff,0.2741,0.3889,196,4,8,いいえ,奇岩妖精ペリバじゃん / vにゅーさん / 愛のぴよ子 / みどりのたけしマン / 碧海のオフタルもん
1,966,em-595b1ebc9a59,戦え！ブルりん,16,1400,1600,4,damage_reduction,0.274,0.4375,194,6,8,いいえ,戦え！ブルりん / 北間・クラリス嬢 / 哀哭のオオウミガラス / 百華百彩久連子 / 財閥だ浅ちゃん！
1,967,em-c573b4be1553,ｷﾞｶﾞももたろす,12,1300,1300,3,attribute_change,0.274,0.4375,200,0,8,いいえ,ｷﾞｶﾞももたろす / vにゅーさん / 愛のぴよ子 / 百華百彩久連子 / 碧海のオフタルもん
1,968,em-fc400150cadd,サンタぴよ子,10,1173,1173,4,skill_reduction,0.274,0.4236,198,2,8,いいえ,サンタぴよ子 / vにゅーさん / 愛のぴよ子 / 百華百彩久連子 / 碧海のオフタルもん
1,969,em-13a4b4b54b04,北間・クラリス嬢,10,3959,701,1,heal,0.2738,0.4167,198,2,8,いいえ,北間・クラリス嬢 / vにゅーさん / 愛のぴよ子 / 百華百彩久連子 / 碧海のオフタルもん
1,970,em-b71282ef08a8,出番です！鴨先生！,18,1358,1356,2,guard,0.2737,0.4306,196,4,8,いいえ,出番です！鴨先生！ / 北間・クラリス嬢 / 哀哭のオオウミガラス / 百華百彩久連子 / 財閥だ浅ちゃん！
1,971,em-f781988d359e,ヤル気勢！うっす様,11,500,1300,2,attack_buff,0.2735,0.4444,199,1,8,いいえ,ヤル気勢！うっす様 / vにゅーさん / 愛のぴよ子 / 百華百彩久連子 / 碧海のオフタルもん
1,972,em-85a7b3e2cb7d,剥ぐぞ！ナモミ先生,16,400,2100,2,attack_buff,0.2735,0.4167,197,3,8,いいえ,剥ぐぞ！ナモミ先生 / 北間・クラリス嬢 / 哀哭のオオウミガラス / 跛荒の鉄男大先生 / ラパヌイ先生
1,973,em-ae65fe2577b0,葉月ぴよ子,8,590,2110,6,attack_buff,0.2733,0.4236,166,34,8,いいえ,葉月ぴよ子 / ノローニャ・パイセン / 田島の春 / 跛荒の鉄男大先生 / シミ
1,974,em-c5e484c5d286,マウント取瑠代,31,6076,1850,3,revive,0.273,0.3681,197,3,8,いいえ,マウント取瑠代 / 北間・クラリス嬢 / 伊予・タウロス / 跛荒の鉄男大先生 / ラパヌイ先生
1,975,em-d7e5ef0e4b97,実はこんにゃくちゃん,9,1198,1204,7,guard,0.2727,0.4375,187,13,8,いいえ,実はこんにゃくちゃん / 北間・クラリス嬢 / 哀哭のオオウミガラス / 百華百彩久連子 / 財閥だ浅ちゃん！
1,976,em-d8af1ee7968e,ザ★女王の世界,42,1936,2006,3,attack_buff,0.2725,0.4028,198,2,8,いいえ,ザ★女王の世界 / vにゅーさん / 愛のぴよ子 / みどりのたけしマン / 碧海のオフタルもん
1,977,em-24d2ab142253,アグスティンさん,12,2869,1359,5,multi_hit_attack,0.272,0.4236,182,18,8,いいえ,アグスティンさん / vにゅーさん / 哀哭のオオウミガラス / ブハラ師匠 / ハリウッドナナコ師匠
1,978,em-210e07c4044b,偉いよ！どうしん先生,19,1245,1155,1,heal,0.2719,0.4306,197,3,8,いいえ,偉いよ！どうしん先生 / 北間・クラリス嬢 / 哀哭のオオウミガラス / 百華百彩久連子 / 財閥だ浅ちゃん！
1,979,em-a71e0044e313,舞楽！いつくしーみん,15,800,1600,1,attack_buff,0.2718,0.4167,200,0,8,いいえ,舞楽！いつくしーみん / 北間・クラリス嬢 / 哀哭のオオウミガラス / 百華百彩久連子 / ラパヌイ先生
1,980,em-4980bf27b119,淡路な浄瑠璃さん,10,708,700,7,skill_reduction,0.2716,0.4444,188,12,8,いいえ,淡路な浄瑠璃さん / 北間・クラリス嬢 / 哀哭のオオウミガラス / 百華百彩久連子 / 財閥だ浅ちゃん！
1,981,em-3e54a6be4029,おかいこ先輩,15,1206,1276,5,attribute_change,0.2714,0.4375,199,1,8,いいえ,おかいこ先輩 / vにゅーさん / 愛のぴよ子 / 跛荒の鉄男大先生 / 碧海のオフタルもん
1,982,em-3725122fa93d,ホーク元船員,9,600,850,1,attribute_guard,0.2713,0.4444,197,3,8,いいえ,ホーク元船員 / vにゅーさん / 愛のぴよ子 / 百華百彩久連子 / 碧海のオフタルもん
1,983,em-d9ea7f0897f2,山ガール！？さなこりん,15,2567,1225,6,multi_hit_attack,0.2712,0.4236,200,0,8,いいえ,山ガール！？さなこりん / 北間・クラリス嬢 / 哀哭のオオウミガラス / 百華百彩久連子 / ラパヌイ先生
1,984,em-39a55990bbc4,願え！クルスさん,11,800,800,1,attribute_change,0.2711,0.4444,199,1,8,いいえ,願え！クルスさん / vにゅーさん / 愛のぴよ子 / 百華百彩久連子 / 碧海のオフタルもん
1,985,em-4ea698949c11,侵略成功!?イカ翁,20,1131,1272,2,revive,0.2711,0.4375,198,2,8,いいえ,侵略成功!?イカ翁 / 北間・クラリス嬢 / 哀哭のオオウミガラス / 百華百彩久連子 / 財閥だ浅ちゃん！
1,986,em-b422734eb78b,たたーる星人,15,1812,1510,2,attack_buff,0.2711,0.4167,199,1,8,いいえ,たたーる星人 / vにゅーさん / 愛のぴよ子 / 跛荒の鉄男大先生 / 碧海のオフタルもん
1,987,em-231cdc0f0757,忠犬八太郎,14,3775,755,6,delay,0.2711,0.4028,192,8,8,いいえ,忠犬八太郎 / 北間・クラリス嬢 / 哀哭のオオウミガラス / 百華百彩久連子 / 財閥だ浅ちゃん！
1,988,em-d35809f53912,鎌倉式ＤＢ２零式,15,1807,856,9,guard,0.2706,0.4444,193,7,8,いいえ,鎌倉式ＤＢ２零式 / 北間・クラリス嬢 / 哀哭のオオウミガラス / 百華百彩久連子 / 財閥だ浅ちゃん！
1,989,em-c912b76e4dda,妖怪雪愛さま,15,950,1350,2,attribute_change,0.2706,0.4306,193,7,8,いいえ,妖怪雪愛さま / 北間・クラリス嬢 / 哀哭のオオウミガラス / 百華百彩久連子 / 財閥だ浅ちゃん！
1,990,em-842f3d28d20e,のり男師匠,8,1285,1118,2,attribute_guard,0.2705,0.4306,186,14,8,いいえ,のり男師匠 / 北間・クラリス嬢 / 哀哭のオオウミガラス / 百華百彩久連子 / 財閥だ浅ちゃん！
1,991,em-b9ee6ac8db32,爆走！えるたそ,13,2114,1661,4,attack_buff,0.2701,0.4167,171,29,8,いいえ,爆走！えるたそ / ノローニャ・パイセン / 田島の春 / 跛荒の鉄男大先生 / シミ
1,992,em-2b7450b3b8b1,トンコー先生,15,1510,1510,3,multi_hit_attack,0.2701,0.4167,173,27,8,いいえ,トンコー先生 / ノローニャ・パイセン / 田島の春 / 跛荒の鉄男大先生 / シミ
1,993,em-458c94f99220,ほたるーニャ,3,350,500,5,attribute_change,0.27,0.4653,200,0,8,いいえ,ほたるーニャ / vにゅーさん / 哀哭のオオウミガラス / ブハラ師匠 / 御嶽さん
1,994,em-199bdad6398b,なるティス,12,1000,900,3,attack_buff,0.2699,0.4444,200,0,8,いいえ,なるティス / vにゅーさん / 愛のぴよ子 / 百華百彩久連子 / 碧海のオフタルもん
1,995,em-ff9248487a17,じょーカー＆ちょーカー,14,800,1000,5,delay,0.2698,0.4306,192,8,8,いいえ,じょーカー＆ちょーカー / 北間・クラリス嬢 / 哀哭のオオウミガラス / 百華百彩久連子 / 財閥だ浅ちゃん！
1,996,em-080293573ea5,ダヴィアさん,19,2567,1914,2,attack_buff,0.2698,0.3889,199,1,8,いいえ,ダヴィアさん / vにゅーさん / トランシルヴァニア家族 / ブハラ師匠 / ラパヌイ先生
1,997,em-837ddd274c7d,夢見る夢ナマコ,15,2224,1226,6,attribute_guard,0.2697,0.4236,199,1,8,いいえ,夢見る夢ナマコ / vにゅーさん / 愛のぴよ子 / 跛荒の鉄男大先生 / 碧海のオフタルもん
1,998,em-df95e8471300,名家ぴよ子お嬢様,10,1331,1374,5,attack_buff,0.2695,0.4306,198,2,8,いいえ,名家ぴよ子お嬢様 / vにゅーさん / 愛のぴよ子 / 百華百彩久連子 / 碧海のオフタルもん
1,999,em-690a803a0c00,タッターさん,47,4089,2222,2,multi_hit_attack,0.2694,0.375,197,3,8,いいえ,タッターさん / vにゅーさん / トランシルヴァニア家族 / トキシッくんｵｯｽｵｯｽ / ラパヌイ先生
1,1000,em-8680261975a6,キタマクラさん,10,3166,558,1,heal,0.2693,0.4236,188,12,8,いいえ,キタマクラさん / 北間・クラリス嬢 / 哀哭のオオウミガラス / 百華百彩久連子 / 財閥だ浅ちゃん！
1,1001,em-a4adc4bc9b7c,魁！安井道さん,12,1215,1187,5,guard,0.269,0.4375,190,10,8,いいえ,魁！安井道さん / 北間・クラリス嬢 / 哀哭のオオウミガラス / 百華百彩久連子 / 財閥だ浅ちゃん！
1,1002,em-a5abadbcbc7d,ちょーカーちゃん,10,700,900,5,delay,0.269,0.4306,198,2,8,いいえ,ちょーカーちゃん / vにゅーさん / 愛のぴよ子 / 百華百彩久連子 / 碧海のオフタルもん
1,1003,em-13a4725c1c03,砂のんべぇ,20,3220,1288,1,multi_hit_attack,0.2686,0.4028,190,10,8,いいえ,砂のんべぇ / vにゅーさん / 哀哭のオオウミガラス / ブハラ師匠 / ハリウッドナナコ師匠
1,1004,em-4586795c80d9,スノーガイ,7,1500,300,4,attack_buff,0.2685,0.4583,192,8,8,いいえ,スノーガイ / 北間・クラリス嬢 / 哀哭のオオウミガラス / 百華百彩久連子 / ラパヌイ先生
1,1005,em-b50530766df4,夏の妖精白良さん,19,1699,1699,4,attack_buff,0.2684,0.4167,200,0,8,いいえ,夏の妖精白良さん / 北間・クラリス嬢 / 哀哭のオオウミガラス / 跛荒の鉄男大先生 / ラパヌイ先生
1,1006,em-371b0bc06848,やっとの神,50,2933,2919,3,multi_hit_attack,0.2684,0.3681,184,16,8,いいえ,やっとの神 / 北間・クラリス嬢 / 田島の春 / ラパヌイ先生 / 八狗神伏姫様
1,1007,em-050f0ee87c24,妖精雪愛さん,12,770,830,2,attribute_change,0.2683,0.4444,200,0,8,いいえ,妖精雪愛さん / vにゅーさん / 愛のぴよ子 / 百華百彩久連子 / 碧海のオフタルもん
1,1008,em-7fdcbcbf0ae4,ももとふさん,12,1000,1200,3,heal,0.2683,0.4375,200,0,8,いいえ,ももとふさん / vにゅーさん / 愛のぴよ子 / 百華百彩久連子 / 碧海のオフタルもん
1,1009,em-4f0b20692fd7,コンドアーズ,17,273,2120,3,attack_buff,0.2679,0.4167,175,25,8,いいえ,コンドアーズ / ノローニャ・パイセン / 田島の春 / 跛荒の鉄男大先生 / シミ
1,1010,em-8b0ee22a5cd7,ドナドナう皮,26,1676,1664,3,guard,0.2675,0.4167,200,0,8,いいえ,ドナドナう皮 / 北間・クラリス嬢 / 哀哭のオオウミガラス / 跛荒の鉄男大先生 / 財閥だ浅ちゃん！
1,1011,em-188f3b3f954c,凄ェたっくん,8,636,1767,5,attack_buff,0.2673,0.4236,166,34,8,いいえ,凄ェたっくん / ノローニャ・パイセン / 田島の春 / 跛荒の鉄男大先生 / シミ
1,1012,em-d51ded51621f,華麗なる塚ジェンヌ,13,1684,1676,3,revive,0.2673,0.4167,191,9,8,いいえ,華麗なる塚ジェンヌ / 北間・クラリス嬢 / 哀哭のオオウミガラス / 百華百彩久連子 / 財閥だ浅ちゃん！
1,1013,em-ce7547fb3ccd,いぬやマンリメイク！,16,1661,1661,7,attack_buff,0.2672,0.4167,197,3,8,いいえ,いぬやマンリメイク！ / 北間・クラリス嬢 / 哀哭のオオウミガラス / 跛荒の鉄男大先生 / ラパヌイ先生
1,1014,em-19a1ef813069,絶品！さくらん兄妹,10,780,820,5,skill_reduction,0.2671,0.4306,198,2,8,いいえ,絶品！さくらん兄妹 / vにゅーさん / 愛のぴよ子 / 百華百彩久連子 / 碧海のオフタルもん
1,1015,em-2c819cc3029c,お稲荷さん,9,808,808,3,attack_buff,0.2669,0.4444,197,3,8,いいえ,お稲荷さん / vにゅーさん / 愛のぴよ子 / 百華百彩久連子 / 碧海のオフタルもん
1,1016,em-9467ad3af2e0,大杵社のユッフィー,19,1699,1699,5,attack_buff,0.2668,0.4167,200,0,8,いいえ,大杵社のユッフィー / 北間・クラリス嬢 / 哀哭のオオウミガラス / 跛荒の鉄男大先生 / ラパヌイ先生
1,1017,em-bca7c94c15fe,ひろしマンＲ,10,1128,1128,2,heal,0.2667,0.4306,198,2,8,いいえ,ひろしマンＲ / vにゅーさん / 愛のぴよ子 / 百華百彩久連子 / 碧海のオフタルもん
1,1018,em-a8f48fb9a527,タミちゃんの火祭り,15,1,2402,4,aoe_attack,0.2667,0.4097,173,27,8,いいえ,タミちゃんの火祭り / ノローニャ・パイセン / 田島の春 / 跛荒の鉄男大先生 / シミ
1,1019,em-dd5697e42ab7,まお先輩,9,600,850,5,skill_reduction,0.2666,0.4306,197,3,8,いいえ,まお先輩 / vにゅーさん / 愛のぴよ子 / 百華百彩久連子 / 碧海のオフタルもん
1,1020,em-6df3fac7ad2e,ウナギーヌ社長,9,1833,775,2,heal,0.2662,0.4375,200,0,8,いいえ,ウナギーヌ社長 / vにゅーさん / トランシルヴァニア家族 / 跛荒の鉄男大先生 / ダル飯☆杏
1,1021,em-72aeeb632038,石見神楽どんちっちん,15,1812,1661,6,aoe_attack,0.2662,0.4167,173,27,8,いいえ,石見神楽どんちっちん / ノローニャ・パイセン / 田島の春 / 跛荒の鉄男大先生 / シミ
1,1022,em-3f6d9cba0059,いなばうあー,12,700,1100,6,skill_reduction,0.2661,0.4236,200,0,8,いいえ,いなばうあー / vにゅーさん / 愛のぴよ子 / 百華百彩久連子 / 碧海のオフタルもん
1,1023,em-e128354ca2de,シュレーダー帝,31,1795,3097,6,revive,0.2659,0.3889,182,18,8,いいえ,シュレーダー帝 / ノローニャ・パイセン / 得琉田浜蔵 / 跛荒の鉄男大先生 / ラパヌイ先生
1,1024,em-4b8003f0f990,メル子さま,12,800,800,3,attack_buff,0.2658,0.4444,200,0,8,いいえ,メル子さま / vにゅーさん / 愛のぴよ子 / 百華百彩久連子 / 碧海のオフタルもん
1,1025,em-e7a0d1a547b6,ラス・マノスんさん,10,1979,494,1,aoe_attack,0.2653,0.4375,195,5,8,いいえ,ラス・マノスんさん / 北間・クラリス嬢 / 哀哭のオオウミガラス / 百華百彩久連子 / ラパヌイ先生
1,1026,em-2be7abbe40d1,大晦日！ナモミ先輩,14,300,1700,2,attack_buff,0.2653,0.4167,199,1,8,いいえ,大晦日！ナモミ先輩 / 北間・クラリス嬢 / 哀哭のオオウミガラス / 百華百彩久連子 / ラパヌイ先生
1,1027,em-c70398ce7406,讃岐・S.K.O.T神,9,2106,493,3,heal,0.2649,0.4444,200,0,8,いいえ,讃岐・S.K.O.T神 / vにゅーさん / トランシルヴァニア家族 / 跛荒の鉄男大先生 / ダル飯☆杏
1,1028,em-90e071b9735c,乗り海苔カスティリャ,16,2707,1223,2,attribute_guard,0.2645,0.4028,200,0,8,いいえ,乗り海苔カスティリャ / vにゅーさん / 愛のぴよ子 / 跛荒の鉄男大先生 / 碧海のオフタルもん
1,1029,em-c358a9d61a43,PiぐPeんとBiぐBeん,15,1208,1510,2,attack_buff,0.2644,0.4167,200,0,8,いいえ,PiぐPeんとBiぐBeん / 北間・クラリス嬢 / 哀哭のオオウミガラス / 百華百彩久連子 / ラパヌイ先生
1,1030,em-8527b3dd869a,帰って来たいぬやマン,21,1661,1661,4,attack_buff,0.2643,0.4167,195,5,8,いいえ,帰って来たいぬやマン / 北間・クラリス嬢 / 田島の春 / 三貴子ツクヨミ / ラパヌイ先生
1,1031,em-f13588602944,生イカのアーニー,15,3220,1610,4,attack_buff,0.2639,0.3889,200,0,8,いいえ,生イカのアーニー / 北間・クラリス嬢 / 哀哭のオオウミガラス / 百華百彩久連子 / ラパヌイ先生
1,1032,em-830856ac5a07,トキシッくん先輩,7,1000,800,4,revive,0.2638,0.4375,195,5,8,いいえ,トキシッくん先輩 / vにゅーさん / 愛のぴよ子 / 百華百彩久連子 / 碧海のオフタルもん
1,1033,em-2c51c9073e5a,強化ゆる骨格のススメ,50,1704,1704,12,attribute_guard,0.2636,0.4167,187,13,8,いいえ,強化ゆる骨格のススメ / 北間・クラリス嬢 / 田島の春 / 財閥だ浅ちゃん！ / ラパヌイ先生
1,1034,em-c67ab163f5d6,さくらこはダムです,12,2092,735,1,attribute_guard,0.2636,0.4167,200,0,8,いいえ,さくらこはダムです / vにゅーさん / 愛のぴよ子 / 百華百彩久連子 / 碧海のオフタルもん
1,1035,em-980bac842ec7,ウシュか☆丸か,5,1410,1404,10,revive,0.2635,0.4167,193,7,8,いいえ,ウシュか☆丸か / vにゅーさん / 愛のぴよ子 / 百華百彩久連子 / 碧海のオフタルもん
1,1036,em-df28e035685e,ハル先輩,11,626,1096,5,heal,0.2634,0.4375,199,1,8,いいえ,ハル先輩 / vにゅーさん / 愛のぴよ子 / 百華百彩久連子 / 碧海のオフタルもん
1,1037,em-3ba3c1cd24cc,P.O☆うるっしー,25,3220,1449,4,guard,0.2634,0.4028,189,11,8,いいえ,P.O☆うるっしー / ノローニャ・パイセン / きぬたン / 諏訪子成長期 / 八狗神伏姫様
1,1038,em-950b687b1f04,タオるん先輩,9,700,900,4,attribute_guard,0.2628,0.4375,197,3,8,いいえ,タオるん先輩 / vにゅーさん / 愛のぴよ子 / 百華百彩久連子 / 碧海のオフタルもん
1,1039,em-354b4786550a,魔滅！鷹山先生,27,1283,1283,4,delay,0.2627,0.4028,198,2,8,いいえ,魔滅！鷹山先生 / vにゅーさん / 愛のぴよ子 / 諏訪子成長期 / 碧海のオフタルもん
1,1040,em-3ff47465be07,怪傑猫キャット,6,250,1100,1,heal,0.2622,0.4306,194,6,8,いいえ,怪傑猫キャット / vにゅーさん / 愛のぴよ子 / 百華百彩久連子 / 碧海のオフタルもん
1,1041,em-b0a6405ce878,ヒルズキング,15,859,1598,1,attack_buff,0.2622,0.4097,200,0,8,いいえ,ヒルズキング / 北間・クラリス嬢 / 哀哭のオオウミガラス / 百華百彩久連子 / ラパヌイ先生
1,1042,em-53e02d48f02a,It’s a ちーちゃん,33,6816,149,2,multi_hit_attack,0.2622,0.3889,194,6,8,いいえ,It’s a ちーちゃん / ノローニャ・パイセン / きぬたン / 諏訪子成長期 / モンさんミッシェル
1,1043,em-d9f30734dd50,草カロ花子,7,1159,1244,5,heal,0.262,0.4236,195,5,8,いいえ,草カロ花子 / vにゅーさん / 愛のぴよ子 / 百華百彩久連子 / 碧海のオフタルもん
1,1044,em-41ff91d7d090,有馬スター,9,1159,1244,4,heal,0.2618,0.4236,197,3,8,いいえ,有馬スター / vにゅーさん / 愛のぴよ子 / 百華百彩久連子 / 碧海のオフタルもん
1,1045,em-4c448c54f095,実底超真幽子さん,15,1187,1215,5,revive,0.2618,0.4236,199,1,8,いいえ,実底超真幽子さん / vにゅーさん / 愛のぴよ子 / 跛荒の鉄男大先生 / 碧海のオフタルもん
1,1046,em-dcc91a9c2ed6,ブルたそ,12,1000,1200,5,damage_reduction,0.2616,0.4306,200,0,8,いいえ,ブルたそ / vにゅーさん / 愛のぴよ子 / 百華百彩久連子 / 碧海のオフタルもん
1,1047,em-9d861b51bd30,波乗りキング,18,776,2582,3,attack_buff,0.2615,0.3889,199,1,8,いいえ,波乗りキング / 北間・クラリス嬢 / 哀哭のオオウミガラス / 跛荒の鉄男大先生 / ラパヌイ先生
1,1048,em-f439af6dc206,さんとくん大先生,12,3020,755,3,delay,0.2614,0.4028,190,10,8,いいえ,さんとくん大先生 / 北間・クラリス嬢 / 哀哭のオオウミガラス / 百華百彩久連子 / 財閥だ浅ちゃん！
1,1049,em-2f5dd4b0a739,大内先輩,9,800,800,4,heal,0.2611,0.4375,197,3,8,いいえ,大内先輩 / vにゅーさん / 愛のぴよ子 / 百華百彩久連子 / 碧海のオフタルもん
1,1050,em-cc0425cf3835,鎌倉式ＤＢ２改,12,1200,612,8,guard,0.261,0.4444,190,10,8,いいえ,鎌倉式ＤＢ２改 / 北間・クラリス嬢 / 哀哭のオオウミガラス / 百華百彩久連子 / 財閥だ浅ちゃん！
1,1051,em-ae9fd7e6b2dc,ヘヴィなじとっ子君,8,607,1795,4,attack_buff,0.261,0.4097,166,34,8,いいえ,ヘヴィなじとっ子君 / ノローニャ・パイセン / 田島の春 / 跛荒の鉄男大先生 / シミ
1,1052,em-86b8f3a86278,レボリューション凜子,10,800,800,4,attack_buff,0.2608,0.4375,198,2,8,いいえ,レボリューション凜子 / vにゅーさん / 愛のぴよ子 / 百華百彩久連子 / 碧海のオフタルもん
1,1053,em-2449b6ff9d58,スマトラのウータン,12,2703,657,2,attribute_change,0.2608,0.4167,200,0,8,いいえ,スマトラのウータン / vにゅーさん / 愛のぴよ子 / 百華百彩久連子 / 碧海のオフタルもん
1,1054,em-922ebe667c19,けねず先輩,12,800,800,4,damage_reduction,0.2604,0.4375,200,0,8,いいえ,けねず先輩 / vにゅーさん / 愛のぴよ子 / 百華百彩久連子 / 碧海のオフタルもん
1,1055,em-f203cae3d671,ペーチパイセン,9,1974,1100,1,attack_buff,0.2602,0.4028,197,3,8,いいえ,ペーチパイセン / vにゅーさん / 愛のぴよ子 / 百華百彩久連子 / 碧海のオフタルもん
1,1056,em-1b9a55c9478e,熊犬八太郎,12,2100,400,6,delay,0.2601,0.4236,190,10,8,いいえ,熊犬八太郎 / 北間・クラリス嬢 / 哀哭のオオウミガラス / 百華百彩久連子 / 財閥だ浅ちゃん！
1,1057,em-1cd0c7153e75,みさき先輩,18,1400,1600,4,multi_hit_attack,0.2601,0.4028,176,24,8,いいえ,みさき先輩 / ノローニャ・パイセン / 田島の春 / 跛荒の鉄男大先生 / シミ
1,1058,em-1eb8ca42b88a,日南のモア蔵,14,3534,424,3,guard,0.26,0.4167,192,8,8,いいえ,日南のモア蔵 / 北間・クラリス嬢 / 哀哭のオオウミガラス / 百華百彩久連子 / 財閥だ浅ちゃん！
1,1059,em-1b8d4b845182,キャミーという女,8,600,800,4,heal,0.2599,0.4375,196,4,8,いいえ,キャミーという女 / vにゅーさん / 愛のぴよ子 / 百華百彩久連子 / 碧海のオフタルもん
1,1060,em-b9b869c15b9f,ルリマダラー,15,3786,378,2,attribute_guard,0.2596,0.4097,193,7,8,いいえ,ルリマダラー / 北間・クラリス嬢 / 哀哭のオオウミガラス / 百華百彩久連子 / 財閥だ浅ちゃん！
1,1061,em-85da0a137fe9,北間・クララさん,10,3561,629,1,heal,0.2596,0.4028,198,2,8,いいえ,北間・クララさん / vにゅーさん / 愛のぴよ子 / 百華百彩久連子 / 碧海のオフタルもん
1,1062,em-ce4a4d623424,ケンＺＯ４号,8,502,1901,5,attack_buff,0.2594,0.4097,166,34,8,いいえ,ケンＺＯ４号 / ノローニャ・パイセン / 田島の春 / 跛荒の鉄男大先生 / シミ
1,1063,em-309e9bdb12e4,萌やし戦士,14,773,2573,4,attack_buff,0.2594,0.3889,199,1,8,いいえ,萌やし戦士 / 北間・クラリス嬢 / 哀哭のオオウミガラス / 百華百彩久連子 / ラパヌイ先生
1,1064,em-7affb78d3b91,渇求するネギの果て,10,754,754,4,guard,0.2593,0.4375,198,2,8,いいえ,渇求するネギの果て / vにゅーさん / 愛のぴよ子 / 百華百彩久連子 / 碧海のオフタルもん
1,1065,em-97272e288cf7,ホークくん,6,500,750,1,attribute_guard,0.2592,0.4306,194,6,8,いいえ,ホークくん / vにゅーさん / 愛のぴよ子 / 百華百彩久連子 / 碧海のオフタルもん
1,1066,em-4e9bf489ecd9,怒りのマッキニキ,14,2416,1359,3,damage_reduction,0.2591,0.4028,198,2,8,いいえ,怒りのマッキニキ / vにゅーさん / 愛のぴよ子 / 跛荒の鉄男大先生 / 碧海のオフタルもん
1,1067,em-c08f9d20049a,激辛ふとし君,8,701,1702,5,attack_buff,0.2588,0.4167,193,7,8,いいえ,激辛ふとし君 / 北間・クラリス嬢 / 哀哭のオオウミガラス / 百華百彩久連子 / ラパヌイ先生
1,1068,em-ec43e91715ed,大谷雪之ちゃん,13,3171,604,2,damage_reduction,0.2586,0.4097,191,9,8,いいえ,大谷雪之ちゃん / 北間・クラリス嬢 / 哀哭のオオウミガラス / 百華百彩久連子 / 財閥だ浅ちゃん！
1,1069,em-594f4648caff,金閣鹿苑大先生,7,1201,1201,4,revive,0.2585,0.4167,195,5,8,いいえ,金閣鹿苑大先生 / vにゅーさん / 愛のぴよ子 / 百華百彩久連子 / 碧海のオフタルもん
1,1070,em-36ce9827163b,検非違使なけいび氏,28,6024,878,2,heal,0.2585,0.3681,199,1,8,いいえ,検非違使なけいび氏 / vにゅーさん / 愛のぴよ子 / 諏訪子成長期 / 碧海のオフタルもん
1,1071,em-5b3eb6a3a507,なるリッシュ,20,1812,1510,2,attack_buff,0.2584,0.3958,194,6,8,いいえ,なるリッシュ / 北間・クラリス嬢 / 田島の春 / 三貴子ツクヨミ / ラパヌイ先生
1,1072,em-e4cc96d741ac,クル彦さん,9,702,702,1,attribute_change,0.2583,0.4306,197,3,8,いいえ,クル彦さん / vにゅーさん / 愛のぴよ子 / 百華百彩久連子 / 碧海のオフタルもん
1,1073,em-6588c893ceb4,船師かっさーのん,3,300,400,6,attack_buff,0.2579,0.4514,200,0,8,いいえ,船師かっさーのん / vにゅーさん / 哀哭のオオウミガラス / ブハラ師匠 / 御嶽さん
1,1074,em-6c215846fcb0,アン・ごろう,16,1356,1189,2,attack_buff,0.2579,0.4167,197,3,8,いいえ,アン・ごろう / 北間・クラリス嬢 / 哀哭のオオウミガラス / 跛荒の鉄男大先生 / ラパヌイ先生
1,1075,em-a4d82c09dd0f,魂入！とちぎソウル,7,565,1837,4,attack_buff,0.2578,0.4028,192,8,8,いいえ,魂入！とちぎソウル / 北間・クラリス嬢 / 哀哭のオオウミガラス / 百華百彩久連子 / ラパヌイ先生
1,1076,em-6a3f787c507e,梵天くん,12,700,900,7,aoe_attack,0.2575,0.4306,197,3,8,いいえ,梵天くん / 北間・クラリス嬢 / 哀哭のオオウミガラス / 百華百彩久連子 / ラパヌイ先生
1,1077,em-b08b3e6f22a8,フィッシャーマン三平,17,1286,1316,2,guard,0.2575,0.4097,195,5,8,いいえ,フィッシャーマン三平 / 北間・クラリス嬢 / 哀哭のオオウミガラス / 百華百彩久連子 / 財閥だ浅ちゃん！
1,1078,em-a16d639a61fc,水軍衆かっさーのん,9,1128,1269,3,attack_buff,0.257,0.4097,194,6,8,いいえ,水軍衆かっさーのん / 北間・クラリス嬢 / 哀哭のオオウミガラス / 百華百彩久連子 / ラパヌイ先生
1,1079,em-37fd7478d2d8,壺風味の何か,16,2809,888,1,damage_reduction,0.257,0.4028,178,22,8,いいえ,壺風味の何か / ノローニャ・パイセン / きぬたン / 跛荒の鉄男大先生 / シミ
1,1080,em-bb2b760b2dfe,いぬやマン,6,400,400,7,attack_buff,0.2567,0.4514,191,9,8,いいえ,いぬやマン / 北間・クラリス嬢 / 哀哭のオオウミガラス / 百華百彩久連子 / ラパヌイ先生
1,1081,em-5f9efdc805e5,呼んでますトムさん,15,1269,1269,3,attribute_guard,0.2563,0.4097,199,1,8,いいえ,呼んでますトムさん / vにゅーさん / 愛のぴよ子 / 跛荒の鉄男大先生 / 碧海のオフタルもん
1,1082,em-608e027bd3d8,建国の騎士団,12,800,700,8,attribute_guard,0.2561,0.4375,190,10,8,いいえ,建国の騎士団 / 北間・クラリス嬢 / 哀哭のオオウミガラス / 百華百彩久連子 / 財閥だ浅ちゃん！
1,1083,em-07585cdaab4c,だいこっくんさん,12,1000,1200,9,attack_buff,0.2561,0.4236,200,0,8,いいえ,だいこっくんさん / vにゅーさん / 愛のぴよ子 / 百華百彩久連子 / 碧海のオフタルもん
1,1084,em-1d5e8b5832c0,続・いぬやマン,12,400,400,7,attack_buff,0.2557,0.4514,197,3,8,いいえ,続・いぬやマン / 北間・クラリス嬢 / 哀哭のオオウミガラス / 百華百彩久連子 / ラパヌイ先生
1,1085,em-c5dbda5d8d5b,湘南パボーイ,12,318,911,4,attack_buff,0.2556,0.4306,200,0,8,いいえ,湘南パボーイ / vにゅーさん / 愛のぴよ子 / 百華百彩久連子 / 碧海のオフタルもん
1,1086,em-6e1b672bdbe8,いやひこにゃん,18,2718,1057,3,delay,0.2554,0.3889,197,3,8,いいえ,いやひこにゃん / vにゅーさん / 愛のぴよ子 / 跛荒の鉄男大先生 / ヘラクレス先輩
1,1087,em-9f9a1c0e673f,リアルリオンさん,10,600,1100,5,delay,0.2552,0.4097,198,2,8,いいえ,リアルリオンさん / vにゅーさん / 愛のぴよ子 / 百華百彩久連子 / 碧海のオフタルもん
1,1088,em-635af81fa283,ＪＡＸＡイルＲ,15,688,1706,5,multi_hit_attack,0.2551,0.4097,173,27,8,いいえ,ＪＡＸＡイルＲ / ノローニャ・パイセン / 田島の春 / 跛荒の鉄男大先生 / シミ
1,1089,em-92e16a3efe92,ク・うぃーん王女,12,1100,1100,5,attribute_change,0.2549,0.4236,200,0,8,いいえ,ク・うぃーん王女 / vにゅーさん / 愛のぴよ子 / 百華百彩久連子 / 碧海のオフタルもん
1,1090,em-87b19d1c9d4e,ベリーズさん,9,1057,1692,5,attack_buff,0.2549,0.3958,167,33,8,いいえ,ベリーズさん / ノローニャ・パイセン / 田島の春 / 跛荒の鉄男大先生 / シミ
1,1091,em-1fd25fee47a1,いなば・うあー,15,1000,1400,5,skill_reduction,0.2547,0.3958,193,7,8,いいえ,いなば・うあー / 北間・クラリス嬢 / 哀哭のオオウミガラス / 百華百彩久連子 / 財閥だ浅ちゃん！
1,1092,em-902df874fa74,でらマジカ,6,650,700,3,attribute_guard,0.2546,0.4306,194,6,8,いいえ,でらマジカ / vにゅーさん / 愛のぴよ子 / 百華百彩久連子 / 碧海のオフタルもん
1,1093,em-e718c5b250d7,彩れくたにん,9,600,700,2,attribute_change,0.2546,0.4306,197,3,8,いいえ,彩れくたにん / vにゅーさん / 愛のぴよ子 / 百華百彩久連子 / 碧海のオフタルもん
1,1094,em-5b5d08d879f7,おかいこさん,12,797,816,5,attribute_change,0.2546,0.4306,200,0,8,いいえ,おかいこさん / vにゅーさん / 愛のぴよ子 / 百華百彩久連子 / 碧海のオフタルもん
1,1095,em-6145c94ca696,ｽﾌﾟﾗ♡な琵琶子たん,13,1213,1190,3,damage_reduction,0.2546,0.4097,197,3,8,いいえ,ｽﾌﾟﾗ♡な琵琶子たん / vにゅーさん / 愛のぴよ子 / 跛荒の鉄男大先生 / 碧海のオフタルもん
1,1096,em-6d1e4c915f30,チートモードな楽趣味さん,48,5964,1278,1,multi_hit_attack,0.2546,0.3403,198,2,8,いいえ,チートモードな楽趣味さん / vにゅーさん / トランシルヴァニア家族 / トキシッくんｵｯｽｵｯｽ / ラパヌイ先生
1,1097,em-ae6ea6bc1914,ズースくん,3,500,400,4,attack_buff,0.2545,0.4444,200,0,8,いいえ,ズースくん / vにゅーさん / 哀哭のオオウミガラス / ブハラ師匠 / 御嶽さん
1,1098,em-8594f11c20bf,替え玉ひろし,12,790,810,5,attack_buff,0.2544,0.4306,200,0,8,いいえ,替え玉ひろし / vにゅーさん / 愛のぴよ子 / 百華百彩久連子 / 碧海のオフタルもん
1,1099,em-fa48dd1cff0a,祭りだ浅ちゃん！,7,800,1603,4,attack_buff,0.2542,0.4028,165,35,8,いいえ,祭りだ浅ちゃん！ / ノローニャ・パイセン / 田島の春 / 跛荒の鉄男大先生 / シミ
1,1100,em-b54c325797a5,フク先生,6,600,700,3,attribute_change,0.2541,0.4306,194,6,8,いいえ,フク先生 / vにゅーさん / 愛のぴよ子 / 百華百彩久連子 / 碧海のオフタルもん
1,1101,em-b09ebd864da6,みずがめəろまちゃん,14,1057,1198,4,revive,0.2541,0.4167,192,8,8,いいえ,みずがめəろまちゃん / 北間・クラリス嬢 / 哀哭のオオウミガラス / 百華百彩久連子 / 財閥だ浅ちゃん！
1,1102,em-40f4824b1c65,芋煮千十郎,9,1901,502,4,multi_hit_attack,0.254,0.4306,194,6,8,いいえ,芋煮千十郎 / 北間・クラリス嬢 / 哀哭のオオウミガラス / 百華百彩久連子 / ラパヌイ先生
1,1103,em-cd0a21cda0bb,タキシラ師匠,6,1861,733,0,heal,0.254,0.3958,194,6,8,いいえ,タキシラ師匠 / vにゅーさん / 愛のぴよ子 / 百華百彩久連子 / 碧海のオフタルもん
1,1104,em-cecb4ccbb927,蝶々胡椒鯛くん,30,847,1018,2,delay,0.2539,0.4167,186,14,8,いいえ,蝶々胡椒鯛くん / 新・ウオ丸くん / 得琉田浜蔵 / ブハラ師匠 / ラパヌイ先生
1,1105,em-db2c3576c544,すわ子☆神,15,1100,1400,3,multi_hit_attack,0.2538,0.4028,200,0,8,いいえ,すわ子☆神 / 北間・クラリス嬢 / 哀哭のオオウミガラス / 百華百彩久連子 / ラパヌイ先生
1,1106,em-18a6642e277e,旧市街地の魔物,8,2799,16,4,attack_buff,0.2537,0.4375,193,7,8,いいえ,旧市街地の魔物 / 北間・クラリス嬢 / 哀哭のオオウミガラス / 百華百彩久連子 / ラパヌイ先生
1,1107,em-e37685227f53,さくちゃん,9,680,724,5,skill_reduction,0.2537,0.4167,197,3,8,いいえ,さくちゃん / vにゅーさん / 愛のぴよ子 / 百華百彩久連子 / 碧海のオフタルもん
1,1108,em-54f582db41b4,みかん姉さん,10,1000,500,6,aoe_attack,0.2536,0.4375,195,5,8,いいえ,みかん姉さん / 北間・クラリス嬢 / 哀哭のオオウミガラス / 百華百彩久連子 / ラパヌイ先生
1,1109,em-3bd6544e0bce,窓辺のやまなしーヌ,13,700,800,4,skill_reduction,0.253,0.4167,191,9,8,いいえ,窓辺のやまなしーヌ / 北間・クラリス嬢 / 哀哭のオオウミガラス / 百華百彩久連子 / 財閥だ浅ちゃん！
1,1110,em-e6cd26662fe8,クイーン・ク・うぃーん,15,1500,1500,4,attribute_change,0.2529,0.4028,199,1,8,いいえ,クイーン・ク・うぃーん / vにゅーさん / 愛のぴよ子 / 跛荒の鉄男大先生 / 碧海のオフタルもん
1,1111,em-55bda88e7993,パンダ系メガネ,16,1300,1200,6,skill_reduction,0.2528,0.3889,200,0,8,いいえ,パンダ系メガネ / vにゅーさん / 愛のぴよ子 / 跛荒の鉄男大先生 / 碧海のオフタルもん
1,1112,em-4bb28e84009d,吉野スライメスト,13,1809,735,5,guard,0.2527,0.4236,191,9,8,いいえ,吉野スライメスト / 北間・クラリス嬢 / 哀哭のオオウミガラス / 百華百彩久連子 / 財閥だ浅ちゃん！
1,1113,em-a91beec21e3d,やよいチゥりっぷ☆神,13,2957,563,2,attribute_change,0.2524,0.4097,191,9,8,いいえ,やよいチゥりっぷ☆神 / 北間・クラリス嬢 / 哀哭のオオウミガラス / 百華百彩久連子 / 財閥だ浅ちゃん！
1,1114,em-75bbcd3130fb,みかんさん,6,700,500,7,aoe_attack,0.2523,0.4375,191,9,8,いいえ,みかんさん / 北間・クラリス嬢 / 哀哭のオオウミガラス / 百華百彩久連子 / ラパヌイ先生
1,1115,em-a6068b231beb,ハトラちゃん,10,299,1488,7,guard,0.2523,0.4167,198,2,8,いいえ,ハトラちゃん / vにゅーさん / 愛のぴよ子 / 百華百彩久連子 / 碧海のオフタルもん
1,1116,em-2f6ae2b54633,フクちゃん,3,300,400,4,attribute_change,0.2522,0.4444,200,0,8,いいえ,フクちゃん / vにゅーさん / 哀哭のオオウミガラス / ブハラ師匠 / 御嶽さん
1,1117,em-c69e39cf7701,伏ちゃん,12,1597,516,5,guard,0.2522,0.4306,190,10,8,いいえ,伏ちゃん / 北間・クラリス嬢 / 哀哭のオオウミガラス / 百華百彩久連子 / 財閥だ浅ちゃん！
1,1118,em-f9ed70b034c7,チロ江さん,16,3020,1510,6,multi_hit_attack,0.2518,0.3889,174,26,8,いいえ,チロ江さん / ノローニャ・パイセン / 田島の春 / 跛荒の鉄男大先生 / シミ
1,1119,em-f7e845fc0a39,鎌倉式ＤＢ２,8,811,412,7,guard,0.2514,0.4375,186,14,8,いいえ,鎌倉式ＤＢ２ / 北間・クラリス嬢 / 哀哭のオオウミガラス / 百華百彩久連子 / 財閥だ浅ちゃん！
1,1120,em-4fddbba71de4,大熊びぐべん,9,600,700,2,attack_buff,0.2514,0.4306,182,18,8,いいえ,大熊びぐべん / vにゅーさん / 愛のぴよ子 / 家族贖罪という字面 / 碧海のオフタルもん
1,1121,em-9b717b0ffa22,地獄めぐりベッピー,19,1733,1664,5,attack_buff,0.2513,0.3958,177,23,8,いいえ,地獄めぐりベッピー / ノローニャ・パイセン / 田島の春 / 跛荒の鉄男大先生 / シミ
1,1122,em-67086191a83f,マダラなシオマネキ君,27,5490,1059,2,attribute_guard,0.2511,0.3542,198,2,8,いいえ,マダラなシオマネキ君 / 脱力コンビあろま＆るる / 愛のぴよ子 / 跛荒の鉄男大先生 / 碧海のオフタルもん
1,1123,em-690b5b221287,メルクさん,17,2114,1812,2,aoe_attack,0.2508,0.375,175,25,8,いいえ,メルクさん / ノローニャ・パイセン / 田島の春 / 跛荒の鉄男大先生 / シミ
1,1124,em-a91eca479689,嗚呼ヴァサクサ君,10,1880,374,2,skill_reduction,0.2507,0.4097,193,7,8,いいえ,嗚呼ヴァサクサ君 / ノローニャ・パイセン / 田島の春 / 跛荒の鉄男大先生 / ラパヌイ先生
1,1125,em-8a847b9e3d1d,アストロ・あっしゅ,15,1900,1100,5,attribute_guard,0.2504,0.4097,193,7,8,いいえ,アストロ・あっしゅ / 北間・クラリス嬢 / 哀哭のオオウミガラス / 百華百彩久連子 / 財閥だ浅ちゃん！
1,1126,em-955edfecd83b,天晴！ぶんぶくん,22,1883,1162,4,revive,0.2503,0.4097,200,0,8,いいえ,天晴！ぶんぶくん / vにゅーさん / トランシルヴァニア家族 / 諏訪子成長期 / ダル飯☆杏
1,1127,em-a48bcdd76e03,サーファー岡田,15,419,1298,4,attack_buff,0.2501,0.4097,199,1,8,いいえ,サーファー岡田 / vにゅーさん / 愛のぴよ子 / 跛荒の鉄男大先生 / 碧海のオフタルもん
1,1128,em-32e57ebd5904,ハンザギルドさん,12,1551,423,5,attribute_guard,0.2494,0.4306,190,10,8,いいえ,ハンザギルドさん / 北間・クラリス嬢 / 哀哭のオオウミガラス / 百華百彩久連子 / 財閥だ浅ちゃん！
1,1129,em-2697b5e55b56,あろまちゃん+空気,6,650,700,4,revive,0.2493,0.4236,194,6,8,いいえ,あろまちゃん+空気 / vにゅーさん / 愛のぴよ子 / 百華百彩久連子 / 碧海のオフタルもん
1,1130,em-879d09afc46a,アイアン下仁田,17,907,900,2,guard,0.2493,0.4167,195,5,8,いいえ,アイアン下仁田 / 北間・クラリス嬢 / 哀哭のオオウミガラス / 百華百彩久連子 / 財閥だ浅ちゃん！
1,1131,em-198e928f6d0b,なるとマン,9,800,700,4,attack_buff,0.2492,0.4236,197,3,8,いいえ,なるとマン / vにゅーさん / 愛のぴよ子 / 百華百彩久連子 / 碧海のオフタルもん
1,1132,em-640d19558093,聖なる打毬神！みるるん,19,1208,1963,2,attack_buff,0.2492,0.3819,200,0,8,いいえ,聖なる打毬神！みるるん / 北間・クラリス嬢 / 哀哭のオオウミガラス / 跛荒の鉄男大先生 / ラパヌイ先生
1,1133,em-6e2c76ad098c,まおちゃん,6,500,750,6,skill_reduction,0.249,0.4097,194,6,8,いいえ,まおちゃん / vにゅーさん / 愛のぴよ子 / 百華百彩久連子 / 碧海のオフタルもん
1,1134,em-9bd1ce6f159b,ハントン先輩,6,650,700,6,multi_hit_attack,0.2489,0.4306,199,1,8,いいえ,ハントン先輩 / 脱力コンビあろま＆るる / きぬたン / 三貴子ツクヨミ / 御嶽さん
1,1135,em-b078ec458c73,ににぎさん,12,770,830,6,attack_buff,0.2489,0.4236,200,0,8,いいえ,ににぎさん / vにゅーさん / 愛のぴよ子 / 百華百彩久連子 / 碧海のオフタルもん
1,1136,em-bd2931324bdc,夢ナマコちゃん,15,1976,1090,6,attribute_guard,0.2489,0.4028,193,7,8,いいえ,夢ナマコちゃん / 北間・クラリス嬢 / 哀哭のオオウミガラス / 百華百彩久連子 / 財閥だ浅ちゃん！
1,1137,em-33289e43e28b,ほたるーニャん☆ミ,7,650,700,4,attribute_change,0.2488,0.4236,195,5,8,いいえ,ほたるーニャん☆ミ / vにゅーさん / 愛のぴよ子 / 百華百彩久連子 / 碧海のオフタルもん
1,1138,em-ebf10919d982,ミラクル凜子,8,700,704,4,attack_buff,0.2488,0.4236,196,4,8,いいえ,ミラクル凜子 / vにゅーさん / 愛のぴよ子 / 百華百彩久連子 / 碧海のオフタルもん
1,1139,em-f8a5ad2fd004,どうしん様,15,805,795,1,heal,0.2488,0.4167,193,7,8,いいえ,どうしん様 / 北間・クラリス嬢 / 哀哭のオオウミガラス / 百華百彩久連子 / 財閥だ浅ちゃん！
1,1140,em-682cd1ab4ae4,ホーリーエンジェるん,16,1812,1661,5,attack_buff,0.2487,0.3889,200,0,8,いいえ,ホーリーエンジェるん / vにゅーさん / 愛のぴよ子 / 跛荒の鉄男大先生 / 碧海のオフタルもん
1,1141,em-4299af9bd2dc,皐月むりょく,4,614,614,6,skill_reduction,0.2484,0.4097,182,18,8,いいえ,皐月むりょく / 北間・クラリス嬢 / 哀哭のオオウミガラス / 百華百彩久連子 / 財閥だ浅ちゃん！
1,1142,em-a2d073a6cd6c,納豆問屋のご隠居様,8,944,893,1,skill_reduction,0.2483,0.4028,196,4,8,いいえ,納豆問屋のご隠居様 / vにゅーさん / 愛のぴよ子 / 百華百彩久連子 / 碧海のオフタルもん
1,1143,em-69c457dd7e6a,スミθ＆エð,13,3020,755,2,attribute_guard,0.2482,0.3889,191,9,8,いいえ,スミθ＆エð / 北間・クラリス嬢 / 哀哭のオオウミガラス / 百華百彩久連子 / 財閥だ浅ちゃん！
1,1144,em-53084d488de2,川越ザ・サード,15,666,1607,4,attack_buff,0.2479,0.4028,199,1,8,いいえ,川越ザ・サード / vにゅーさん / 愛のぴよ子 / 跛荒の鉄男大先生 / 碧海のオフタルもん
1,1145,em-cc9db541b1b4,メル子さん,9,600,700,4,attack_buff,0.2477,0.4236,197,3,8,いいえ,メル子さん / vにゅーさん / 愛のぴよ子 / 百華百彩久連子 / 碧海のオフタルもん
1,1146,em-6ff1562355a9,ファジル先生,12,2256,1128,2,multi_hit_attack,0.2477,0.3889,185,15,8,いいえ,ファジル先生 / vにゅーさん / 愛のぴよ子 / 家族贖罪という字面 / 碧海のオフタルもん
1,1147,em-0b273c3da2d3,ぴぐぺん＆びぐべん,12,700,900,2,attack_buff,0.2476,0.4167,185,15,8,いいえ,ぴぐぺん＆びぐべん / vにゅーさん / 愛のぴよ子 / 家族贖罪という字面 / 碧海のオフタルもん
1,1148,em-04cdb17f3b71,ひろし多め,9,690,714,6,attack_buff,0.2475,0.4236,194,6,8,いいえ,ひろし多め / 北間・クラリス嬢 / 哀哭のオオウミガラス / 百華百彩久連子 / ラパヌイ先生
1,1149,em-144acde7efe5,魚臣！又土くん,4,500,650,7,skill_reduction,0.2475,0.4097,182,18,8,いいえ,魚臣！又土くん / 北間・クラリス嬢 / 哀哭のオオウミガラス / 百華百彩久連子 / 財閥だ浅ちゃん！
1,1150,em-1a6fa57fc44e,朦朧ボディマンβ,12,400,1500,10,multi_hit_attack,0.2474,0.4028,170,30,8,いいえ,朦朧ボディマンβ / ノローニャ・パイセン / 田島の春 / 跛荒の鉄男大先生 / シミ
1,1151,em-962fa89cd31d,極東恋姫☆霧子たん,15,1243,1161,5,revive,0.2473,0.4097,193,7,8,いいえ,極東恋姫☆霧子たん / 北間・クラリス嬢 / 哀哭のオオウミガラス / 百華百彩久連子 / 財閥だ浅ちゃん！
1,1152,em-1232a815b671,みさきさん,16,1000,1200,5,multi_hit_attack,0.247,0.4097,197,3,8,いいえ,みさきさん / 北間・クラリス嬢 / 哀哭のオオウミガラス / 跛荒の鉄男大先生 / ラパヌイ先生
1,1153,em-0985c7675d5c,みかん姐さん,13,1100,600,4,aoe_attack,0.2468,0.4236,186,14,8,いいえ,みかん姐さん / vにゅーさん / 愛のぴよ子 / 家族贖罪という字面 / 碧海のオフタルもん
1,1154,em-c749ad6eefee,トーテムゆ～る,16,1413,1201,3,delay,0.2467,0.3819,200,0,8,いいえ,トーテムゆ～る / 脱力コンビあろま＆るる / 哀哭のオオウミガラス / 跛荒の鉄男大先生 / シミ
1,1155,em-204ef16c9e26,カピ原雄さん,6,300,500,6,revive,0.2466,0.4306,184,16,8,いいえ,カピ原雄さん / 北間・クラリス嬢 / 哀哭のオオウミガラス / 百華百彩久連子 / 財閥だ浅ちゃん！
1,1156,em-671838a10625,皐月ニート,4,614,614,6,skill_reduction,0.2465,0.4097,182,18,8,いいえ,皐月ニート / 北間・クラリス嬢 / 哀哭のオオウミガラス / 百華百彩久連子 / 財閥だ浅ちゃん！
1,1157,em-471b1ba55d5c,有馬んば,13,1413,1244,4,heal,0.2464,0.4028,191,9,8,いいえ,有馬んば / 北間・クラリス嬢 / 哀哭のオオウミガラス / 百華百彩久連子 / 財閥だ浅ちゃん！
1,1158,em-a6a4e9c825f7,ハズクの姐御,14,1359,1510,6,multi_hit_attack,0.2463,0.3958,172,28,8,いいえ,ハズクの姐御 / ノローニャ・パイセン / 田島の春 / 跛荒の鉄男大先生 / シミ
1,1159,em-8421c50f30c7,しょーかさん,8,700,800,6,multi_hit_attack,0.2459,0.4167,193,7,8,いいえ,しょーかさん / 北間・クラリス嬢 / 哀哭のオオウミガラス / 百華百彩久連子 / ラパヌイ先生
1,1160,em-643d05a15e4e,エビユルゲ大佐,5,520,460,2,attribute_change,0.2457,0.4236,198,2,8,いいえ,エビユルゲ大佐 / 脱力コンビあろま＆るる / きぬたン / 三貴子ツクヨミ / 御嶽さん
1,1161,em-618372c0cf56,しょーか先生,10,800,900,5,multi_hit_attack,0.2452,0.4167,180,20,8,いいえ,しょーか先生 / vにゅーさん / 哀哭のオオウミガラス / ブハラ師匠 / ハリウッドナナコ師匠
1,1162,em-472362bb4365,超えぇじゃないか,12,840,760,6,aoe_attack,0.245,0.4167,197,3,8,いいえ,超えぇじゃないか / 北間・クラリス嬢 / 哀哭のオオウミガラス / 百華百彩久連子 / ラパヌイ先生
1,1163,em-70e79fbffe3c,怪人エビユルゲ,3,305,297,4,attribute_change,0.2449,0.4375,200,0,8,いいえ,怪人エビユルゲ / vにゅーさん / 哀哭のオオウミガラス / ブハラ師匠 / 御嶽さん
1,1164,em-7e35b72ac7e4,琵琶子ｲﾘｭｰｼﾞｮﾝ！,13,1809,1190,3,damage_reduction,0.2449,0.3958,191,9,8,いいえ,琵琶子ｲﾘｭｰｼﾞｮﾝ！ / 北間・クラリス嬢 / 哀哭のオオウミガラス / 百華百彩久連子 / 財閥だ浅ちゃん！
1,1165,em-cd7c55cabc32,ゴジュウゲリヲン,19,3020,1132,5,guard,0.2449,0.3958,197,3,8,いいえ,ゴジュウゲリヲン / 北間・クラリス嬢 / 哀哭のオオウミガラス / 百華百彩久連子 / 財閥だ浅ちゃん！
1,1166,em-7db55d8e78d1,やまなしーヌさん,6,400,500,6,skill_reduction,0.2448,0.4167,184,16,8,いいえ,やまなしーヌさん / 北間・クラリス嬢 / 哀哭のオオウミガラス / 百華百彩久連子 / 財閥だ浅ちゃん！
1,1167,em-34a894a8519d,ロロ先輩,16,1100,1400,6,revive,0.2448,0.4028,194,6,8,いいえ,ロロ先輩 / 北間・クラリス嬢 / 哀哭のオオウミガラス / 百華百彩久連子 / 財閥だ浅ちゃん！
1,1168,em-5fba2111c2ae,くろこップ,7,498,482,9,skill_reduction,0.2447,0.4167,185,15,8,いいえ,くろこップ / 北間・クラリス嬢 / 哀哭のオオウミガラス / 百華百彩久連子 / 財閥だ浅ちゃん！
1,1169,em-99ad2fb4f1bc,いはとくん,8,580,640,3,delay,0.2447,0.4097,196,4,8,いいえ,いはとくん / vにゅーさん / 愛のぴよ子 / 百華百彩久連子 / 碧海のオフタルもん
1,1170,em-5793db0a4078,リンゴール伯爵,5,700,600,4,delay,0.2444,0.4097,183,17,8,いいえ,リンゴール伯爵 / 北間・クラリス嬢 / 哀哭のオオウミガラス / 百華百彩久連子 / 財閥だ浅ちゃん！
1,1171,em-5c4a86842734,芹沢殿,10,703,698,3,guard,0.2441,0.4167,198,2,8,いいえ,芹沢殿 / vにゅーさん / 愛のぴよ子 / 百華百彩久連子 / 碧海のオフタルもん
1,1172,em-9625a8dc4056,祟らない幽子,8,370,410,7,revive,0.244,0.4306,186,14,8,いいえ,祟らない幽子 / 北間・クラリス嬢 / 哀哭のオオウミガラス / 百華百彩久連子 / 財閥だ浅ちゃん！
1,1173,em-aad8fae6b05f,やまとーる海佐,12,1000,700,5,damage_reduction,0.244,0.4167,200,0,8,いいえ,やまとーる海佐 / vにゅーさん / 愛のぴよ子 / 百華百彩久連子 / 碧海のオフタルもん
1,1174,em-4a6952f30578,愛犬八太郎,11,1700,300,6,delay,0.244,0.4097,189,11,8,いいえ,愛犬八太郎 / 北間・クラリス嬢 / 哀哭のオオウミガラス / 百華百彩久連子 / 財閥だ浅ちゃん！
1,1175,em-1cb67f0b7d2d,スノーな大谷,9,1100,200,2,damage_reduction,0.2439,0.4306,187,13,8,いいえ,スノーな大谷 / 北間・クラリス嬢 / 哀哭のオオウミガラス / 百華百彩久連子 / 財閥だ浅ちゃん！
1,1176,em-1acdee18dc58,生きろ！モア蔵,7,1540,240,3,guard,0.2439,0.4236,185,15,8,いいえ,生きろ！モア蔵 / 北間・クラリス嬢 / 哀哭のオオウミガラス / 百華百彩久連子 / 財閥だ浅ちゃん！
1,1177,em-e9a9af4ae9bc,梨豚ぴぐぺん,6,500,600,2,attack_buff,0.2438,0.4236,179,21,8,いいえ,梨豚ぴぐぺん / vにゅーさん / 愛のぴよ子 / 家族贖罪という字面 / 碧海のオフタルもん
1,1178,em-f354ab7f7554,漆黒のいびるん,12,800,1000,5,guard,0.2438,0.4097,200,0,8,いいえ,漆黒のいびるん / vにゅーさん / 愛のぴよ子 / 百華百彩久連子 / 碧海のオフタルもん
1,1179,em-6ecee0316b6d,梵天。,15,1100,1300,6,aoe_attack,0.2437,0.3958,200,0,8,いいえ,梵天。 / 北間・クラリス嬢 / 哀哭のオオウミガラス / 百華百彩久連子 / ラパヌイ先生
1,1180,em-dac0a350706a,くたにん,6,500,600,3,attribute_change,0.2435,0.4167,199,1,8,いいえ,くたにん / 脱力コンビあろま＆るる / きぬたン / 三貴子ツクヨミ / 御嶽さん
1,1181,em-883c35b094ae,淡路でくろこップ,8,605,600,8,skill_reduction,0.2434,0.4097,186,14,8,いいえ,淡路でくろこップ / 北間・クラリス嬢 / 哀哭のオオウミガラス / 百華百彩久連子 / 財閥だ浅ちゃん！
1,1182,em-627c09c619f8,さくら…こなのか,7,888,482,1,attribute_guard,0.2433,0.4167,185,15,8,いいえ,さくら…こなのか / 北間・クラリス嬢 / 哀哭のオオウミガラス / 百華百彩久連子 / 財閥だ浅ちゃん！
1,1183,em-405a608fae19,大内さん,7,702,702,5,heal,0.2432,0.4167,195,5,8,いいえ,大内さん / vにゅーさん / 愛のぴよ子 / 百華百彩久連子 / 碧海のオフタルもん
1,1184,em-e9a4c94598fc,深海人ゴロウ,6,500,480,2,attack_buff,0.2429,0.4236,191,9,8,いいえ,深海人ゴロウ / 北間・クラリス嬢 / 哀哭のオオウミガラス / 百華百彩久連子 / ラパヌイ先生
1,1185,em-8d2b5bd68a94,ズースさんとシーラさん,6,800,600,4,attack_buff,0.2427,0.4167,191,9,8,いいえ,ズースさんとシーラさん / 北間・クラリス嬢 / 哀哭のオオウミガラス / 百華百彩久連子 / ラパヌイ先生
1,1186,em-3f58266f2bab,スカン・グ☆愛,12,2886,890,1,damage_reduction,0.2426,0.3819,190,10,8,いいえ,スカン・グ☆愛 / 北間・クラリス嬢 / 哀哭のオオウミガラス / 百華百彩久連子 / 財閥だ浅ちゃん！
1,1187,em-30a1d9f3d52f,けねずさん,9,702,702,5,damage_reduction,0.2425,0.4167,197,3,8,いいえ,けねずさん / vにゅーさん / 愛のぴよ子 / 百華百彩久連子 / 碧海のオフタルもん
1,1188,em-58f4a804ff7f,マリンな白良さん,12,710,694,4,attack_buff,0.2424,0.4167,197,3,8,いいえ,マリンな白良さん / 北間・クラリス嬢 / 哀哭のオオウミガラス / 百華百彩久連子 / ラパヌイ先生
1,1189,em-3e1bbfb34a76,芳一大師匠,14,1128,1269,4,revive,0.2422,0.4028,192,8,8,いいえ,芳一大師匠 / 北間・クラリス嬢 / 哀哭のオオウミガラス / 百華百彩久連子 / 財閥だ浅ちゃん！
1,1190,em-5558b35b9413,フゥーま＆ヴォたん,14,800,800,3,guard,0.2419,0.4097,192,8,8,いいえ,フゥーま＆ヴォたん / 北間・クラリス嬢 / 哀哭のオオウミガラス / 百華百彩久連子 / 財閥だ浅ちゃん！
1,1191,em-a0e736cc95fd,ユッフィーさん,12,704,700,5,attack_buff,0.2418,0.4167,200,0,8,いいえ,ユッフィーさん / vにゅーさん / 愛のぴよ子 / 百華百彩久連子 / 碧海のオフタルもん
1,1192,em-554c0093231a,おあげさん,7,505,495,3,attack_buff,0.2416,0.4236,192,8,8,いいえ,おあげさん / 北間・クラリス嬢 / 哀哭のオオウミガラス / 百華百彩久連子 / ラパヌイ先生
1,1193,em-e31de348c40b,湘南ボーイ,8,300,700,4,attack_buff,0.2416,0.4167,196,4,8,いいえ,湘南ボーイ / vにゅーさん / 愛のぴよ子 / 百華百彩久連子 / 碧海のオフタルもん
1,1194,em-fe5ed60fbf2d,強いぞさいごー丼,9,930,574,3,attribute_guard,0.2415,0.4167,187,13,8,いいえ,強いぞさいごー丼 / 北間・クラリス嬢 / 哀哭のオオウミガラス / 百華百彩久連子 / 財閥だ浅ちゃん！
1,1195,em-3bdc05dce56c,シャボテンコンビ,14,600,800,6,revive,0.2415,0.4167,192,8,8,いいえ,シャボテンコンビ / 北間・クラリス嬢 / 哀哭のオオウミガラス / 百華百彩久連子 / 財閥だ浅ちゃん！
1,1196,em-2e3e250aef5e,IMO NI FESTIVAL 2018,14,1837,1161,3,aoe_attack,0.2414,0.3889,199,1,8,いいえ,IMO NI FESTIVAL 2018 / 北間・クラリス嬢 / 哀哭のオオウミガラス / 百華百彩久連子 / ラパヌイ先生
1,1197,em-48b5d909c409,南紀な白良さん,15,800,800,4,attack_buff,0.2413,0.4097,200,0,8,いいえ,南紀な白良さん / 北間・クラリス嬢 / 哀哭のオオウミガラス / 百華百彩久連子 / ラパヌイ先生
1,1198,em-b057fb6325c7,常飲！とちぎソウル,5,200,600,5,attack_buff,0.2412,0.4236,178,22,8,いいえ,常飲！とちぎソウル / vにゅーさん / 愛のぴよ子 / 家族贖罪という字面 / 碧海のオフタルもん
1,1199,em-615e4701fc7f,華麗！いつくしーみん,12,660,1040,2,attack_buff,0.2411,0.3958,197,3,8,いいえ,華麗！いつくしーみん / 北間・クラリス嬢 / 哀哭のオオウミガラス / 百華百彩久連子 / ラパヌイ先生
1,1200,em-25185336f7f4,しょーかくん,5,400,500,7,multi_hit_attack,0.241,0.4236,198,2,8,いいえ,しょーかくん / 脱力コンビあろま＆るる / きぬたン / 三貴子ツクヨミ / 御嶽さん
1,1201,em-9671099553c0,唸れ！阿蘇さん,12,1020,680,1,attribute_guard,0.241,0.4097,200,0,8,いいえ,唸れ！阿蘇さん / vにゅーさん / 愛のぴよ子 / 百華百彩久連子 / 碧海のオフタルもん
1,1202,em-1dbd8ae5b939,国宝！白鷺嬢,12,1200,500,3,heal,0.2409,0.4167,190,10,8,いいえ,国宝！白鷺嬢 / 北間・クラリス嬢 / 哀哭のオオウミガラス / 百華百彩久連子 / 財閥だ浅ちゃん！
1,1203,em-13af16d2213d,ににぎくん,8,590,630,6,attack_buff,0.2409,0.4167,193,7,8,いいえ,ににぎくん / 北間・クラリス嬢 / 哀哭のオオウミガラス / 百華百彩久連子 / ラパヌイ先生
1,1204,em-de449f69edb5,タミフルニキ,14,1257,1147,3,damage_reduction,0.2408,0.3958,192,8,8,いいえ,タミフルニキ / 北間・クラリス嬢 / 哀哭のオオウミガラス / 百華百彩久連子 / 財閥だ浅ちゃん！
1,1205,em-575ad888f045,スワン先生,5,400,380,6,skill_reduction,0.2407,0.4167,183,17,8,いいえ,スワン先生 / 北間・クラリス嬢 / 哀哭のオオウミガラス / 百華百彩久連子 / 財閥だ浅ちゃん！
1,1206,em-74b9082a787c,暫時バル状態,19,2938,838,4,damage_reduction,0.2407,0.3889,197,3,8,いいえ,暫時バル状態 / 北間・クラリス嬢 / 哀哭のオオウミガラス / 百華百彩久連子 / 財閥だ浅ちゃん！
1,1207,em-a3fc429e3d74,にくぁうさま,15,606,1876,4,attack_buff,0.2406,0.3889,200,0,8,いいえ,にくぁうさま / 北間・クラリス嬢 / 哀哭のオオウミガラス / 百華百彩久連子 / ラパヌイ先生
1,1208,em-f14da6dc7d26,チャイナさん,15,606,1876,4,attack_buff,0.2406,0.3889,200,0,8,いいえ,チャイナさん / 北間・クラリス嬢 / 哀哭のオオウミガラス / 百華百彩久連子 / ラパヌイ先生
1,1209,em-461e884c1b94,ひろし多美子,8,590,615,6,attack_buff,0.2405,0.4167,193,7,8,いいえ,ひろし多美子 / 北間・クラリス嬢 / 哀哭のオオウミガラス / 百華百彩久連子 / ラパヌイ先生
1,1210,em-cfa8f59c143b,いぬやマン再び,9,500,500,7,attack_buff,0.2404,0.4236,194,6,8,いいえ,いぬやマン再び / 北間・クラリス嬢 / 哀哭のオオウミガラス / 百華百彩久連子 / ラパヌイ先生
1,1211,em-33efacdd0b0b,ににぎ先輩,18,1100,1300,5,attack_buff,0.2403,0.3958,199,1,8,いいえ,ににぎ先輩 / 北間・クラリス嬢 / 哀哭のオオウミガラス / 跛荒の鉄男大先生 / ラパヌイ先生
1,1212,em-4b42211e8e80,ナモミさん,12,200,1200,2,attack_buff,0.2402,0.3958,170,30,8,いいえ,ナモミさん / ノローニャ・パイセン / 田島の春 / 跛荒の鉄男大先生 / シミ
1,1213,em-ce7e2e4f30af,らん坊,8,580,626,4,skill_reduction,0.2401,0.4028,196,4,8,いいえ,らん坊 / vにゅーさん / 愛のぴよ子 / 百華百彩久連子 / 碧海のオフタルもん
1,1214,em-5c3bfcbbd109,ネギさん,80,4260,4260,500,attack_buff,0.24,0.3125,195,5,7,いいえ,ネギさん / 北間・クラリス嬢 / トランシルヴァニア家族 / ????? / ラパヌイ先生
1,1215,em-a94a52532d71,あまのちゃん先輩,20,1200,500,3,multi_hit_attack,0.2399,0.4167,193,7,8,いいえ,あまのちゃん先輩 / vにゅーさん / 愛のぴよ子 / 家族贖罪という字面 / 碧海のオフタルもん
1,1216,em-8646cdffe6eb,ブーナッドさん,12,1700,300,3,heal,0.2398,0.4167,190,10,8,いいえ,ブーナッドさん / 北間・クラリス嬢 / 哀哭のオオウミガラス / 百華百彩久連子 / 財閥だ浅ちゃん！
1,1217,em-74a94c7750af,スーちゃん,8,603,603,1,attribute_change,0.2398,0.4097,196,4,8,いいえ,スーちゃん / vにゅーさん / 愛のぴよ子 / 百華百彩久連子 / 碧海のオフタルもん
1,1218,em-4eb01150430f,ミス・エズさん,9,1100,300,4,attribute_guard,0.2397,0.4236,187,13,8,いいえ,ミス・エズさん / 北間・クラリス嬢 / 哀哭のオオウミガラス / 百華百彩久連子 / 財閥だ浅ちゃん！
1,1219,em-8c598f1908e7,ももとふちゃん,8,800,1000,3,heal,0.2397,0.4028,196,4,8,いいえ,ももとふちゃん / vにゅーさん / 愛のぴよ子 / 百華百彩久連子 / 碧海のオフタルもん
1,1220,em-ba09169b5b3d,あまのちゃん,12,300,200,4,multi_hit_attack,0.2396,0.4375,197,3,8,いいえ,あまのちゃん / 北間・クラリス嬢 / 哀哭のオオウミガラス / 百華百彩久連子 / ラパヌイ先生
1,1221,em-804bc17d075c,雪壁の大谷,11,1500,300,2,damage_reduction,0.2396,0.4167,189,11,8,いいえ,雪壁の大谷 / 北間・クラリス嬢 / 哀哭のオオウミガラス / 百華百彩久連子 / 財閥だ浅ちゃん！
1,1222,em-d0ab2c82078b,デルモンテ嬢,23,3020,453,6,attribute_guard,0.2396,0.4028,197,3,8,いいえ,デルモンテ嬢 / 北間・クラリス嬢 / 哀哭のオオウミガラス / 跛荒の鉄男大先生 / 財閥だ浅ちゃん！
1,1223,em-2a6ad62952da,スホクラント先生,15,1841,904,3,damage_reduction,0.2394,0.3889,199,1,8,いいえ,スホクラント先生 / vにゅーさん / 愛のぴよ子 / 跛荒の鉄男大先生 / 碧海のオフタルもん
1,1224,em-11e2e69b2674,フクさん,5,400,500,3,attribute_change,0.239,0.4167,198,2,8,いいえ,フクさん / 脱力コンビあろま＆るる / きぬたン / 三貴子ツクヨミ / 御嶽さん
1,1225,em-251852280bcf,どうしんさん,12,615,605,1,heal,0.239,0.4097,200,0,8,いいえ,どうしんさん / vにゅーさん / 愛のぴよ子 / 百華百彩久連子 / 碧海のオフタルもん
1,1226,em-d0ce0f8b817c,あまのさんちゃん,17,600,300,4,multi_hit_attack,0.2389,0.4306,198,2,8,いいえ,あまのさんちゃん / 北間・クラリス嬢 / 哀哭のオオウミガラス / 跛荒の鉄男大先生 / ラパヌイ先生
1,1227,em-88669edc6480,京子はまだやれる！,10,718,694,4,damage_reduction,0.2389,0.4097,198,2,8,いいえ,京子はまだやれる！ / vにゅーさん / 愛のぴよ子 / 百華百彩久連子 / 碧海のオフタルもん
1,1228,em-d80a2b82ab9f,ブーナッドちゃん,8,1200,200,3,heal,0.2388,0.4236,186,14,8,いいえ,ブーナッドちゃん / 北間・クラリス嬢 / 哀哭のオオウミガラス / 百華百彩久連子 / 財閥だ浅ちゃん！
1,1229,em-2f3883a74098,jaック・ザ・ナイト,10,1408,1267,4,multi_hit_attack,0.2388,0.3889,195,5,8,いいえ,jaック・ザ・ナイト / 北間・クラリス嬢 / 哀哭のオオウミガラス / 百華百彩久連子 / ラパヌイ先生
1,1230,em-6f76a23db620,伏姫さま,17,2006,676,4,guard,0.2386,0.4028,195,5,8,いいえ,伏姫さま / 北間・クラリス嬢 / 哀哭のオオウミガラス / 百華百彩久連子 / 財閥だ浅ちゃん！
1,1231,em-6e37519134b1,スワン君,4,310,302,6,skill_reduction,0.2384,0.4167,182,18,8,いいえ,スワン君 / 北間・クラリス嬢 / 哀哭のオオウミガラス / 百華百彩久連子 / 財閥だ浅ちゃん！
1,1232,em-f8a40042a8dc,王家の騎士,10,650,550,8,attribute_guard,0.2384,0.4167,188,12,8,いいえ,王家の騎士 / 北間・クラリス嬢 / 哀哭のオオウミガラス / 百華百彩久連子 / 財閥だ浅ちゃん！
1,1233,em-299066b18ca7,バイカル子,14,2999,499,5,attribute_guard,0.2384,0.3958,198,2,8,いいえ,バイカル子 / vにゅーさん / 愛のぴよ子 / 跛荒の鉄男大先生 / 碧海のオフタルもん
1,1234,em-1555cadff0cf,おぅぼっと,6,800,300,4,damage_reduction,0.2383,0.4236,184,16,8,いいえ,おぅぼっと / 北間・クラリス嬢 / 哀哭のオオウミガラス / 百華百彩久連子 / 財閥だ浅ちゃん！
1,1235,em-794f6427298a,さいごー丼,8,830,476,3,attribute_guard,0.2383,0.4167,186,14,8,いいえ,さいごー丼 / 北間・クラリス嬢 / 哀哭のオオウミガラス / 百華百彩久連子 / 財閥だ浅ちゃん！
1,1236,em-53cfa10130db,みさきちゃん,10,800,1000,5,multi_hit_attack,0.2383,0.4028,180,20,8,いいえ,みさきちゃん / vにゅーさん / 哀哭のオオウミガラス / ブハラ師匠 / ハリウッドナナコ師匠
1,1237,em-14ab1de959d7,あくせんと・きゃー子,18,1400,400,6,attribute_change,0.2382,0.4167,196,4,8,いいえ,あくせんと・きゃー子 / 北間・クラリス嬢 / 哀哭のオオウミガラス / 百華百彩久連子 / 財閥だ浅ちゃん！
1,1238,em-e626c795c8a8,スミス＆エズ,12,1200,400,3,attribute_guard,0.2381,0.4167,190,10,8,いいえ,スミス＆エズ / 北間・クラリス嬢 / 哀哭のオオウミガラス / 百華百彩久連子 / 財閥だ浅ちゃん！
1,1239,em-492dd4b96b0e,中央アルプスの少年,12,800,600,2,damage_reduction,0.238,0.4097,200,0,8,いいえ,中央アルプスの少年 / vにゅーさん / 愛のぴよ子 / 百華百彩久連子 / 碧海のオフタルもん
1,1240,em-cce942b02eb0,激えぇじゃないか,14,1300,1100,5,aoe_attack,0.238,0.3889,172,28,8,いいえ,激えぇじゃないか / ノローニャ・パイセン / 田島の春 / 跛荒の鉄男大先生 / シミ
1,1241,em-20d0672eefa5,実際かにろう,8,1269,987,4,delay,0.2379,0.375,196,4,8,いいえ,実際かにろう / vにゅーさん / 愛のぴよ子 / 百華百彩久連子 / 碧海のオフタルもん
1,1242,em-a769fc8e5005,真サタデーナイト郡上,12,800,1000,5,aoe_attack,0.2378,0.4028,182,18,8,いいえ,真サタデーナイト郡上 / vにゅーさん / 哀哭のオオウミガラス / ブハラ師匠 / ハリウッドナナコ師匠
1,1243,em-1c72b25f9096,エッシュ＆エッジュ,10,800,800,3,skill_reduction,0.2377,0.3958,198,2,8,いいえ,エッシュ＆エッジュ / vにゅーさん / 愛のぴよ子 / 百華百彩久連子 / 碧海のオフタルもん
1,1244,em-8e8c7fbfac2a,おたべくん,3,315,287,4,delay,0.2376,0.4165,186,14,8,いいえ,おたべくん / ノローニャ・パイセン / 田島の春 / 跛荒の鉄男大先生 / ラパヌイ先生
1,1245,em-8cdef0bc7893,戸隠ちび太夫,11,150,1200,3,attack_buff,0.2376,0.3958,196,4,8,いいえ,戸隠ちび太夫 / 北間・クラリス嬢 / 哀哭のオオウミガラス / 百華百彩久連子 / ラパヌイ先生
1,1246,em-af3decda6522,式部卿鮒麿,8,640,565,5,heal,0.2375,0.4167,186,14,8,いいえ,式部卿鮒麿 / 北間・クラリス嬢 / 哀哭のオオウミガラス / 百華百彩久連子 / 財閥だ浅ちゃん！
1,1247,em-e7b02783dd94,梵天ちゃん,8,500,700,8,aoe_attack,0.2375,0.4097,193,7,8,いいえ,梵天ちゃん / 北間・クラリス嬢 / 哀哭のオオウミガラス / 百華百彩久連子 / ラパヌイ先生
1,1248,em-f0bd2d18332e,Woo怪さん,8,600,700,6,multi_hit_attack,0.2375,0.4097,193,7,8,いいえ,Woo怪さん / 北間・クラリス嬢 / 哀哭のオオウミガラス / 百華百彩久連子 / ラパヌイ先生
1,1249,em-a0762b5d76ab,シーラちゃん,5,600,550,4,attack_buff,0.2375,0.4097,200,0,8,いいえ,シーラちゃん / 脱力コンビあろま＆るる / 得琉田浜蔵 / 三貴子ツクヨミ / ヘラクレス先輩
1,1250,em-504b87d4019a,ニタリくん,16,817,1533,3,multi_hit_attack,0.2375,0.3889,197,3,8,いいえ,ニタリくん / 北間・クラリス嬢 / 哀哭のオオウミガラス / 跛荒の鉄男大先生 / ラパヌイ先生
1,1251,em-08f945aef274,朦朧ボディマン,6,200,500,11,multi_hit_attack,0.2373,0.4236,199,1,8,いいえ,朦朧ボディマン / 脱力コンビあろま＆るる / きぬたン / 三貴子ツクヨミ / 御嶽さん
1,1252,em-549e080062a7,ぶんぶくん,22,1550,895,4,revive,0.2373,0.4028,200,0,8,いいえ,ぶんぶくん / vにゅーさん / トランシルヴァニア家族 / 諏訪子成長期 / ダル飯☆杏
1,1253,em-4db528322142,だいこっくん様,16,1300,1400,9,attack_buff,0.2373,0.3889,197,3,8,いいえ,だいこっくん様 / 北間・クラリス嬢 / 哀哭のオオウミガラス / 跛荒の鉄男大先生 / ラパヌイ先生
1,1254,em-94130e0ff2b5,かずら大先生,15,1057,1198,2,guard,0.2373,0.3889,199,1,8,いいえ,かずら大先生 / vにゅーさん / 愛のぴよ子 / 跛荒の鉄男大先生 / 碧海のオフタルもん
1,1255,em-e501cdcbd254,サタデーナイト郡上２,9,600,700,6,aoe_attack,0.2372,0.4097,194,6,8,いいえ,サタデーナイト郡上２ / 北間・クラリス嬢 / 哀哭のオオウミガラス / 百華百彩久連子 / ラパヌイ先生
1,1256,em-95d137a7328a,バス・スミスくん,6,900,200,5,attribute_guard,0.2371,0.4236,184,16,8,いいえ,バス・スミスくん / 北間・クラリス嬢 / 哀哭のオオウミガラス / 百華百彩久連子 / 財閥だ浅ちゃん！
1,1257,em-60fd008b3a8b,なるとくん,6,700,600,5,attack_buff,0.2371,0.4097,191,9,8,いいえ,なるとくん / 北間・クラリス嬢 / 哀哭のオオウミガラス / 百華百彩久連子 / ラパヌイ先生
1,1258,em-e900d5955acf,凄いぞさいごー丼,13,1050,650,3,attribute_guard,0.2371,0.4097,191,9,8,いいえ,凄いぞさいごー丼 / 北間・クラリス嬢 / 哀哭のオオウミガラス / 百華百彩久連子 / 財閥だ浅ちゃん！
1,1259,em-f18963ac0ea1,すわ子さま,12,700,1000,5,multi_hit_attack,0.2371,0.4028,182,18,8,いいえ,すわ子さま / vにゅーさん / 哀哭のオオウミガラス / ブハラ師匠 / ハリウッドナナコ師匠
1,1260,em-d46e72def2a2,いつくしーみん,8,380,840,2,attack_buff,0.237,0.4028,181,19,8,いいえ,いつくしーみん / vにゅーさん / 愛のぴよ子 / 家族贖罪という字面 / 碧海のオフタルもん
1,1261,em-d6397e37a32d,三山くまのたん,17,500,1900,3,attack_buff,0.2369,0.3819,198,2,8,いいえ,三山くまのたん / 北間・クラリス嬢 / 哀哭のオオウミガラス / 跛荒の鉄男大先生 / ラパヌイ先生
1,1262,em-091b1c77c643,戸隠ちび蔵,6,150,950,3,attack_buff,0.2368,0.4028,179,21,8,いいえ,戸隠ちび蔵 / vにゅーさん / 愛のぴよ子 / 家族贖罪という字面 / 碧海のオフタルもん
1,1263,em-ead779b4526c,乗っとるダム制度君,8,2115,535,2,revive,0.2368,0.3958,196,4,8,いいえ,乗っとるダム制度君 / vにゅーさん / 愛のぴよ子 / 百華百彩久連子 / 碧海のオフタルもん
1,1264,em-89dedc914b10,ふーちゃん,8,1014,413,5,guard,0.2366,0.4167,186,14,8,いいえ,ふーちゃん / 北間・クラリス嬢 / 哀哭のオオウミガラス / 百華百彩久連子 / 財閥だ浅ちゃん！
1,1265,em-ed707603ab87,荒ぶる水島神人,15,1200,600,3,guard,0.2366,0.4097,193,7,8,いいえ,荒ぶる水島神人 / 北間・クラリス嬢 / 哀哭のオオウミガラス / 百華百彩久連子 / 財閥だ浅ちゃん！
1,1266,em-428a2893945d,雪愛ちゃん,8,590,630,3,attribute_change,0.2365,0.4097,196,4,8,いいえ,雪愛ちゃん / vにゅーさん / 愛のぴよ子 / 百華百彩久連子 / 碧海のオフタルもん
1,1267,em-73a9cdab3511,リンゴール子爵,3,300,200,4,delay,0.2364,0.4236,200,0,8,いいえ,リンゴール子爵 / vにゅーさん / 哀哭のオオウミガラス / ブハラ師匠 / 御嶽さん
1,1268,em-20df4bd7efaf,白鷺嬢,8,800,420,3,heal,0.2364,0.4167,186,14,8,いいえ,白鷺嬢 / 北間・クラリス嬢 / 哀哭のオオウミガラス / 百華百彩久連子 / 財閥だ浅ちゃん！
1,1269,em-3e85387d97e5,荒ぶるこんにゃく,7,486,484,8,guard,0.2363,0.4167,185,15,8,いいえ,荒ぶるこんにゃく / 北間・クラリス嬢 / 哀哭のオオウミガラス / 百華百彩久連子 / 財閥だ浅ちゃん！
1,1270,em-4bde1481e932,黒電話おぅぼっと,9,1000,400,4,damage_reduction,0.2363,0.4167,187,13,8,いいえ,黒電話おぅぼっと / 北間・クラリス嬢 / 哀哭のオオウミガラス / 百華百彩久連子 / 財閥だ浅ちゃん！
1,1271,em-3850dfa89114,流浪の騎士,7,510,470,9,attribute_guard,0.236,0.4167,185,15,8,いいえ,流浪の騎士 / 北間・クラリス嬢 / 哀哭のオオウミガラス / 百華百彩久連子 / 財閥だ浅ちゃん！
1,1272,em-2a01f5ee5de4,ガラパゴスおぅぼっと,12,1200,600,4,damage_reduction,0.236,0.4097,190,10,8,いいえ,ガラパゴスおぅぼっと / 北間・クラリス嬢 / 哀哭のオオウミガラス / 百華百彩久連子 / 財閥だ浅ちゃん！
1,1273,em-c7088988ea18,ガンギマリのメル先生,12,597,341,5,multi_hit_attack,0.2359,0.4236,197,3,8,いいえ,ガンギマリのメル先生 / 北間・クラリス嬢 / 哀哭のオオウミガラス / 百華百彩久連子 / ラパヌイ先生
1,1274,em-462884d3af90,青竜ニート,4,346,397,6,heal,0.2358,0.4167,182,18,8,いいえ,青竜ニート / 北間・クラリス嬢 / 哀哭のオオウミガラス / 百華百彩久連子 / 財閥だ浅ちゃん！
1,1275,em-4090b70a0b17,さくらこちゃん,4,495,215,4,attribute_guard,0.2354,0.4236,182,18,8,いいえ,さくらこちゃん / 北間・クラリス嬢 / 哀哭のオオウミガラス / 百華百彩久連子 / 財閥だ浅ちゃん！
1,1276,em-a6927eca01fa,すわ子ちゃん,8,500,800,6,multi_hit_attack,0.2354,0.4097,178,22,8,いいえ,すわ子ちゃん / vにゅーさん / 哀哭のオオウミガラス / ブハラ師匠 / ハリウッドナナコ師匠
1,1277,em-a5c7dcdde3ff,水島神人発見される,10,900,400,4,guard,0.2353,0.4167,188,12,8,いいえ,水島神人発見される / 北間・クラリス嬢 / 哀哭のオオウミガラス / 百華百彩久連子 / 財閥だ浅ちゃん！
1,1278,em-fbc61d7306d8,ネ申・ぎょざる,11,1198,1204,6,aoe_attack,0.235,0.3889,169,31,8,いいえ,ネ申・ぎょざる / ノローニャ・パイセン / 田島の春 / 跛荒の鉄男大先生 / シミ
1,1279,em-59482d256e11,大森銀佐摩,15,2679,352,2,damage_reduction,0.2349,0.3958,193,7,8,いいえ,大森銀佐摩 / 北間・クラリス嬢 / 哀哭のオオウミガラス / 百華百彩久連子 / 財閥だ浅ちゃん！
1,1280,em-3d2c7dfded66,サタデーナイト郡上,6,500,600,7,aoe_attack,0.2347,0.4097,199,1,8,いいえ,サタデーナイト郡上 / 脱力コンビあろま＆るる / きぬたン / 三貴子ツクヨミ / 御嶽さん
1,1281,em-434faacf4307,Woo怪くん,6,500,600,7,multi_hit_attack,0.2347,0.4097,199,1,8,いいえ,Woo怪くん / 脱力コンビあろま＆るる / きぬたン / 三貴子ツクヨミ / 御嶽さん
1,1282,em-4d6101ee96b0,フィッシャーマン３,8,520,470,1,heal,0.2346,0.4097,188,12,8,いいえ,フィッシャーマン３ / ノローニャ・パイセン / 伊予・タウロス / ブハラ師匠 / 財閥だ浅ちゃん！
1,1283,em-983228ce32d4,あっしゅTHEｷｬｯﾄ,8,1300,500,5,attribute_guard,0.2345,0.4097,186,14,8,いいえ,あっしゅTHEｷｬｯﾄ / 北間・クラリス嬢 / 哀哭のオオウミガラス / 百華百彩久連子 / 財閥だ浅ちゃん！
1,1284,em-c301debd22fc,やまとーる海尉,9,900,600,6,damage_reduction,0.2345,0.4097,187,13,8,いいえ,やまとーる海尉 / 北間・クラリス嬢 / 哀哭のオオウミガラス / 百華百彩久連子 / 財閥だ浅ちゃん！
1,1285,em-1290652c5171,萌やし博士,10,408,1212,4,attack_buff,0.2345,0.3889,183,17,8,いいえ,萌やし博士 / vにゅーさん / 愛のぴよ子 / 家族贖罪という字面 / 碧海のオフタルもん
1,1286,em-bb5629a7c096,安井武勇伝,5,405,395,6,guard,0.2344,0.4167,183,17,8,いいえ,安井武勇伝 / 北間・クラリス嬢 / 哀哭のオオウミガラス / 百華百彩久連子 / 財閥だ浅ちゃん！
1,1287,em-f33518363cb8,マチョリスト☆ばん,13,1410,775,2,attack_buff,0.2344,0.3958,186,14,8,いいえ,マチョリスト☆ばん / vにゅーさん / 愛のぴよ子 / 家族贖罪という字面 / 碧海のオフタルもん
1,1288,em-674bf61c8b00,海賊衆かっさーのん,6,600,700,4,attack_buff,0.2343,0.4028,191,9,8,いいえ,海賊衆かっさーのん / 北間・クラリス嬢 / 哀哭のオオウミガラス / 百華百彩久連子 / ラパヌイ先生
1,1289,em-feafabb058cc,皐月けいび,4,614,614,6,skill_reduction,0.2343,0.3889,182,18,8,いいえ,皐月けいび / 北間・クラリス嬢 / 哀哭のオオウミガラス / 百華百彩久連子 / 財閥だ浅ちゃん！
1,1290,em-518934908b79,こんにゃくさん,5,400,400,8,guard,0.2342,0.4167,183,17,8,いいえ,こんにゃくさん / 北間・クラリス嬢 / 哀哭のオオウミガラス / 百華百彩久連子 / 財閥だ浅ちゃん！
1,1291,em-ba8324a2cbef,覚醒ニート,6,354,296,2,multi_hit_attack,0.2342,0.4167,199,1,8,いいえ,覚醒ニート / 脱力コンビあろま＆るる / きぬたン / 三貴子ツクヨミ / 御嶽さん
1,1292,em-e4f94dd73b29,あっしゅTHEﾗｯﾊﾟｰ,12,1500,700,5,attribute_guard,0.2341,0.4028,190,10,8,いいえ,あっしゅTHEﾗｯﾊﾟｰ / 北間・クラリス嬢 / 哀哭のオオウミガラス / 百華百彩久連子 / 財閥だ浅ちゃん！
1,1293,em-e6c115665fbd,上宮之太子さま,15,1300,1150,2,heal,0.2341,0.3819,199,1,8,いいえ,上宮之太子さま / vにゅーさん / 愛のぴよ子 / 跛荒の鉄男大先生 / 碧海のオフタルもん
1,1294,em-4c77b2b8ad46,トキシッくんさん,6,700,600,4,revive,0.234,0.4097,184,16,8,いいえ,トキシッくんさん / 北間・クラリス嬢 / 哀哭のオオウミガラス / 百華百彩久連子 / 財閥だ浅ちゃん！
1,1295,em-865f442bc56a,神魚！はたはタン,6,700,600,4,heal,0.234,0.4097,184,16,8,いいえ,神魚！はたはタン / 北間・クラリス嬢 / 哀哭のオオウミガラス / 百華百彩久連子 / 財閥だ浅ちゃん！
1,1296,em-91479d9f811c,奇術師！エッジュさん,9,700,700,3,skill_reduction,0.2339,0.3958,192,8,8,いいえ,奇術師！エッジュさん / ノローニャ・パイセン / 田島の春 / 跛荒の鉄男大先生 / ラパヌイ先生
1,1297,em-64a5161e8307,優美な二条嬢,15,1250,1150,2,attribute_guard,0.2338,0.3819,199,1,8,いいえ,優美な二条嬢 / vにゅーさん / 愛のぴよ子 / 跛荒の鉄男大先生 / 碧海のオフタルもん
1,1298,em-2f1780cfd053,どーよ様,15,500,1900,5,attack_buff,0.2338,0.3819,200,0,8,いいえ,どーよ様 / 北間・クラリス嬢 / 哀哭のオオウミガラス / 百華百彩久連子 / ラパヌイ先生
1,1299,em-fb6292300fc0,妖怪おたべ,5,525,455,4,delay,0.2336,0.4028,183,17,8,いいえ,妖怪おたべ / 北間・クラリス嬢 / 哀哭のオオウミガラス / 百華百彩久連子 / 財閥だ浅ちゃん！
1,1300,em-ab565d3596f4,さんとくん先輩,10,1500,400,4,delay,0.2336,0.3957,193,7,8,いいえ,さんとくん先輩 / ノローニャ・パイセン / 田島の春 / 跛荒の鉄男大先生 / ラパヌイ先生
1,1301,em-ac023f126b7d,レッサー系メガネ,14,900,800,5,skill_reduction,0.2336,0.3889,192,8,8,いいえ,レッサー系メガネ / 北間・クラリス嬢 / 哀哭のオオウミガラス / 百華百彩久連子 / 財閥だ浅ちゃん！
1,1302,em-407710659ecb,玄武ニート,4,330,320,6,damage_reduction,0.2335,0.4167,182,18,8,いいえ,玄武ニート / 北間・クラリス嬢 / 哀哭のオオウミガラス / 百華百彩久連子 / 財閥だ浅ちゃん！
1,1303,em-0c1036483550,kɔにー＆gæりー,13,1128,846,2,damage_reduction,0.2335,0.3889,191,9,8,いいえ,kɔにー＆gæりー / 北間・クラリス嬢 / 哀哭のオオウミガラス / 百華百彩久連子 / 財閥だ浅ちゃん！
1,1304,em-98054d952da8,ニート達の日常。,21,2968,296,3,delay,0.2335,0.3819,199,1,8,いいえ,ニート達の日常。 / 北間・クラリス嬢 / 哀哭のオオウミガラス / 百華百彩久連子 / 財閥だ浅ちゃん！
1,1305,em-0352f52bd9a3,スワン様,6,500,480,5,skill_reduction,0.2334,0.4028,184,16,8,いいえ,スワン様 / 北間・クラリス嬢 / 哀哭のオオウミガラス / 百華百彩久連子 / 財閥だ浅ちゃん！
1,1306,em-f8d808926639,吉野スライミング,8,690,390,5,guard,0.2333,0.4167,186,14,8,いいえ,吉野スライミング / 北間・クラリス嬢 / 哀哭のオオウミガラス / 百華百彩久連子 / 財閥だ浅ちゃん！
1,1307,em-86b9ae60356a,ブーナッドさま,14,2100,400,2,heal,0.2333,0.3958,192,8,8,いいえ,ブーナッドさま / 北間・クラリス嬢 / 哀哭のオオウミガラス / 百華百彩久連子 / 財閥だ浅ちゃん！
1,1308,em-0add6b5a96ff,朦朧ボディマンα,9,300,1000,10,multi_hit_attack,0.2332,0.3958,194,6,8,いいえ,朦朧ボディマンα / 北間・クラリス嬢 / 哀哭のオオウミガラス / 百華百彩久連子 / ラパヌイ先生
1,1309,em-84808a58aa1d,近江守鮒麿,11,764,640,5,heal,0.2331,0.4097,189,11,8,いいえ,近江守鮒麿 / 北間・クラリス嬢 / 哀哭のオオウミガラス / 百華百彩久連子 / 財閥だ浅ちゃん！
1,1310,em-b09b44b6b259,くだにょん,13,1128,1269,4,attack_buff,0.2331,0.3819,171,29,8,いいえ,くだにょん / ノローニャ・パイセン / 田島の春 / 跛荒の鉄男大先生 / シミ
1,1311,em-6197bad49878,水島神人,6,700,300,5,guard,0.233,0.4167,184,16,8,いいえ,水島神人 / 北間・クラリス嬢 / 哀哭のオオウミガラス / 百華百彩久連子 / 財閥だ浅ちゃん！
1,1312,em-1a835be38386,朱雀ニート,5,320,320,6,revive,0.2329,0.4167,183,17,8,いいえ,朱雀ニート / 北間・クラリス嬢 / 哀哭のオオウミガラス / 百華百彩久連子 / 財閥だ浅ちゃん！
1,1313,em-ceecd3afdba6,おかいこちゃん,8,614,613,6,attribute_change,0.2329,0.4097,186,14,8,いいえ,おかいこちゃん / 北間・クラリス嬢 / 哀哭のオオウミガラス / 百華百彩久連子 / 財閥だ浅ちゃん！
1,1314,em-0d41ec5f78f0,じょーカーくん,6,500,600,6,delay,0.2329,0.3958,184,16,8,いいえ,じょーカーくん / 北間・クラリス嬢 / 哀哭のオオウミガラス / 百華百彩久連子 / 財閥だ浅ちゃん！
1,1315,em-9dc006cdc69c,解決猫キャット,5,200,900,1,heal,0.2329,0.3958,193,7,8,いいえ,解決猫キャット / vにゅーさん / 愛のぴよ子 / 百華百彩久連子 / 碧海のオフタルもん
1,1316,em-ab3cf42ca015,銘菓ぴよ子零式,15,1155,1255,3,multi_hit_attack,0.2329,0.3819,173,27,8,いいえ,銘菓ぴよ子零式 / ノローニャ・パイセン / 田島の春 / 跛荒の鉄男大先生 / シミ
1,1317,em-efaa90d2f7dc,竹輪先生,3,150,700,5,attack_buff,0.2327,0.4097,200,0,8,いいえ,竹輪先生 / vにゅーさん / 哀哭のオオウミガラス / ブハラ師匠 / 御嶽さん
1,1318,em-e7adf536ba2f,やまなしーヌさま,9,500,600,5,skill_reduction,0.2327,0.3958,192,8,8,いいえ,やまなしーヌさま / ノローニャ・パイセン / 田島の春 / 跛荒の鉄男大先生 / ラパヌイ先生
1,1319,em-b4ff04580be9,安井のトンちゃん,4,305,297,6,guard,0.2326,0.4167,182,18,8,いいえ,安井のトンちゃん / 北間・クラリス嬢 / 哀哭のオオウミガラス / 百華百彩久連子 / 財閥だ浅ちゃん！
1,1320,em-646a258bedba,ロロちゃん,8,500,800,8,revive,0.2325,0.4028,186,14,8,いいえ,ロロちゃん / 北間・クラリス嬢 / 哀哭のオオウミガラス / 百華百彩久連子 / 財閥だ浅ちゃん！
1,1321,em-9c1df245a2ec,のぶくろお館,16,1100,1300,6,aoe_attack,0.2325,0.3889,186,14,8,いいえ,のぶくろお館 / vにゅーさん / 哀哭のオオウミガラス / ブハラ師匠 / ハリウッドナナコ師匠
1,1322,em-f1fdf84ea79d,どんちっちん,6,700,500,9,aoe_attack,0.2324,0.4097,199,1,8,いいえ,どんちっちん / 脱力コンビあろま＆るる / きぬたン / 三貴子ツクヨミ / 御嶽さん
1,1323,em-6572f5492885,ネオニート,6,330,306,6,attribute_guard,0.2323,0.4167,184,16,8,いいえ,ネオニート / 北間・クラリス嬢 / 哀哭のオオウミガラス / 百華百彩久連子 / 財閥だ浅ちゃん！
1,1324,em-d64cb9cf5bb3,それマジカ,3,350,500,5,attribute_guard,0.2323,0.4097,181,19,8,いいえ,それマジカ / 北間・クラリス嬢 / 哀哭のオオウミガラス / 百華百彩久連子 / 財閥だ浅ちゃん！
1,1325,em-b4a2096551c5,金閣明日香,15,1201,1343,4,revive,0.2322,0.3819,193,7,8,いいえ,金閣明日香 / 北間・クラリス嬢 / 哀哭のオオウミガラス / 百華百彩久連子 / 財閥だ浅ちゃん！
1,1326,em-6ed81c8341b0,萌やし紳士,8,308,898,4,attack_buff,0.2321,0.3958,193,7,8,いいえ,萌やし紳士 / 北間・クラリス嬢 / 哀哭のオオウミガラス / 百華百彩久連子 / ラパヌイ先生
1,1327,em-1a814a6b20cf,未来のモア蔵,5,920,160,4,guard,0.232,0.4167,183,17,8,いいえ,未来のモア蔵 / 北間・クラリス嬢 / 哀哭のオオウミガラス / 百華百彩久連子 / 財閥だ浅ちゃん！
1,1328,em-9164bb93f13d,ロロさん,12,700,1000,7,revive,0.232,0.3958,200,0,8,いいえ,ロロさん / vにゅーさん / 愛のぴよ子 / 百華百彩久連子 / 碧海のオフタルもん
1,1329,em-7e127d8718a5,魔人エビユルゲ,4,410,370,3,attribute_change,0.2319,0.4097,197,3,8,いいえ,魔人エビユルゲ / 脱力コンビあろま＆るる / きぬたン / 三貴子ツクヨミ / 御嶽さん
1,1330,em-c98972302fbd,爆誕！うっす様,9,300,1000,2,attack_buff,0.2319,0.3958,197,3,8,いいえ,爆誕！うっす様 / vにゅーさん / 愛のぴよ子 / 百華百彩久連子 / 碧海のオフタルもん
1,1331,em-511e9ea676be,Woo怪さま,10,700,1100,5,multi_hit_attack,0.2318,0.3889,183,17,8,いいえ,Woo怪さま / vにゅーさん / 愛のぴよ子 / 家族贖罪という字面 / 碧海のオフタルもん
1,1332,em-5528cf768569,リンゴール男爵,4,400,300,4,delay,0.2317,0.4097,182,18,8,いいえ,リンゴール男爵 / 北間・クラリス嬢 / 哀哭のオオウミガラス / 百華百彩久連子 / 財閥だ浅ちゃん！
1,1333,em-71820072d6c5,松浦凜子,6,603,603,4,attack_buff,0.2317,0.4028,191,9,8,いいえ,松浦凜子 / 北間・クラリス嬢 / 哀哭のオオウミガラス / 百華百彩久連子 / ラパヌイ先生
1,1334,em-07a788dc89b4,シャボテン丸,11,400,600,6,revive,0.2316,0.4097,189,11,8,いいえ,シャボテン丸 / 北間・クラリス嬢 / 哀哭のオオウミガラス / 百華百彩久連子 / 財閥だ浅ちゃん！
1,1335,em-13467c934268,五神合体法隆Ｇ,15,1050,550,6,guard,0.2316,0.4028,193,7,8,いいえ,五神合体法隆Ｇ / 北間・クラリス嬢 / 哀哭のオオウミガラス / 百華百彩久連子 / 財閥だ浅ちゃん！
1,1336,em-8060e6a7ab61,戸隠ちび丸,4,150,700,3,attack_buff,0.2313,0.4028,177,23,8,いいえ,戸隠ちび丸 / vにゅーさん / 愛のぴよ子 / 家族贖罪という字面 / 碧海のオフタルもん
1,1337,em-1a5f7bc3661b,萌やし男子,7,300,700,4,attack_buff,0.2313,0.4028,192,8,8,いいえ,萌やし男子 / 北間・クラリス嬢 / 哀哭のオオウミガラス / 百華百彩久連子 / ラパヌイ先生
1,1338,em-87d7d883c438,ニートエンペラー,10,459,565,7,damage_reduction,0.2312,0.4097,188,12,8,いいえ,ニートエンペラー / 北間・クラリス嬢 / 哀哭のオオウミガラス / 百華百彩久連子 / 財閥だ浅ちゃん！
1,1339,em-99d6f9e928d6,京子中学２４年生,8,620,612,4,damage_reduction,0.2312,0.4028,196,4,8,いいえ,京子中学２４年生 / vにゅーさん / 愛のぴよ子 / 百華百彩久連子 / 碧海のオフタルもん
1,1340,em-9fed59290cda,ユッフィー先生,15,800,800,5,attack_buff,0.2312,0.3958,200,0,8,いいえ,ユッフィー先生 / 北間・クラリス嬢 / 哀哭のオオウミガラス / 百華百彩久連子 / ラパヌイ先生
1,1341,em-51e67cfa8578,さくらこさーん,5,600,300,1,attribute_guard,0.2311,0.4097,183,17,8,いいえ,さくらこさーん / 北間・クラリス嬢 / 哀哭のオオウミガラス / 百華百彩久連子 / 財閥だ浅ちゃん！
1,1342,em-377a00f7a666,のり男,4,334,278,3,attribute_guard,0.231,0.4167,182,18,8,いいえ,のり男 / 北間・クラリス嬢 / 哀哭のオオウミガラス / 百華百彩久連子 / 財閥だ浅ちゃん！
1,1343,em-0f9cbc48c65a,船党かっさーのん,5,400,500,5,attack_buff,0.231,0.4097,178,22,8,いいえ,船党かっさーのん / vにゅーさん / 愛のぴよ子 / 家族贖罪という字面 / 碧海のオフタルもん
1,1344,em-5a3daf6cbf77,白良さん,8,600,605,4,attack_buff,0.2309,0.4028,193,7,8,いいえ,白良さん / 北間・クラリス嬢 / 哀哭のオオウミガラス / 百華百彩久連子 / ラパヌイ先生
1,1345,em-c47afb60b613,三重子先輩,10,800,800,2,attribute_change,0.2309,0.3958,198,2,8,いいえ,三重子先輩 / vにゅーさん / 愛のぴよ子 / 百華百彩久連子 / 碧海のオフタルもん
1,1346,em-1ec49f290f1e,ʌっぴーちゃん,8,1762,634,2,heal,0.2309,0.3889,186,14,8,いいえ,ʌっぴーちゃん / 北間・クラリス嬢 / 哀哭のオオウミガラス / 百華百彩久連子 / 財閥だ浅ちゃん！
1,1347,em-9da039c08ead,キャミー先生,6,500,600,4,heal,0.2307,0.4028,194,6,8,いいえ,キャミー先生 / vにゅーさん / 愛のぴよ子 / 百華百彩久連子 / 碧海のオフタルもん
1,1348,em-0051409a8e1f,芹沢さん,8,604,597,4,guard,0.2307,0.4028,196,4,8,いいえ,芹沢さん / vにゅーさん / 愛のぴよ子 / 百華百彩久連子 / 碧海のオフタルもん
1,1349,em-22dd952da197,ハントンの兄貴,11,1057,1198,5,multi_hit_attack,0.2307,0.3889,181,19,8,いいえ,ハントンの兄貴 / vにゅーさん / 哀哭のオオウミガラス / ブハラ師匠 / ハリウッドナナコ師匠
1,1350,em-f938c5c907fd,ももたろす,8,1000,1000,4,attribute_change,0.2307,0.3889,196,4,8,いいえ,ももたろす / vにゅーさん / 愛のぴよ子 / 百華百彩久連子 / 碧海のオフタルもん
1,1351,em-2d8e102d95f3,えぇじゃないか,8,640,580,7,aoe_attack,0.2305,0.4028,193,7,8,いいえ,えぇじゃないか / 北間・クラリス嬢 / 哀哭のオオウミガラス / 百華百彩久連子 / ラパヌイ先生
1,1352,em-1fcf0af60c7a,老舗の牛タソ,14,1000,150,3,guard,0.2303,0.4167,192,8,8,いいえ,老舗の牛タソ / 北間・クラリス嬢 / 哀哭のオオウミガラス / 百華百彩久連子 / 財閥だ浅ちゃん！
1,1353,em-786d95001098,可憐な二条嬢,12,810,790,2,attribute_guard,0.2303,0.3958,200,0,8,いいえ,可憐な二条嬢 / vにゅーさん / 愛のぴよ子 / 百華百彩久連子 / 碧海のオフタルもん
1,1354,em-e63df2359896,世界遺産な白鷺嬢,15,2100,600,3,heal,0.2302,0.3889,193,7,8,いいえ,世界遺産な白鷺嬢 / 北間・クラリス嬢 / 哀哭のオオウミガラス / 百華百彩久連子 / 財閥だ浅ちゃん！
1,1355,em-525fc1b65a26,吉野スライム,4,411,209,5,guard,0.23,0.4167,182,18,8,いいえ,吉野スライム / 北間・クラリス嬢 / 哀哭のオオウミガラス / 百華百彩久連子 / 財閥だ浅ちゃん！
1,1356,em-344fce469565,豊聡之太子さん,12,830,775,2,heal,0.23,0.3958,200,0,8,いいえ,豊聡之太子さん / vにゅーさん / 愛のぴよ子 / 百華百彩久連子 / 碧海のオフタルもん
1,1357,em-814278d8eb9b,轟け！阿蘇さん,15,1680,920,1,attribute_guard,0.23,0.375,199,1,8,いいえ,轟け！阿蘇さん / vにゅーさん / 愛のぴよ子 / 跛荒の鉄男大先生 / 碧海のオフタルもん
1,1358,em-804c07b6fa9a,メル子ちゃん,6,400,600,4,attack_buff,0.2298,0.4028,191,9,8,いいえ,メル子ちゃん / 北間・クラリス嬢 / 哀哭のオオウミガラス / 百華百彩久連子 / ラパヌイ先生
1,1359,em-65d0268c18cf,うっす様。,6,200,900,2,attack_buff,0.2297,0.3958,194,6,8,いいえ,うっす様。 / vにゅーさん / 愛のぴよ子 / 百華百彩久連子 / 碧海のオフタルもん
1,1360,em-036ee10985c7,大正義！反魂タン,7,800,1000,4,revive,0.2297,0.3889,195,5,8,いいえ,大正義！反魂タン / vにゅーさん / 愛のぴよ子 / 百華百彩久連子 / 碧海のオフタルもん
1,1361,em-ddba9f91bab7,注入！とちぎソウル,6,280,700,5,attack_buff,0.2296,0.4028,179,21,8,いいえ,注入！とちぎソウル / vにゅーさん / 愛のぴよ子 / 家族贖罪という字面 / 碧海のオフタルもん
1,1362,em-d603cde2467a,ほたるーニャん,5,450,650,4,attribute_change,0.2296,0.3958,198,2,8,いいえ,ほたるーニャん / 脱力コンビあろま＆るる / きぬたン / 三貴子ツクヨミ / 御嶽さん
1,1363,em-f6360fa6b0ca,伝統のうるっしー,16,1800,600,4,guard,0.2295,0.3958,194,6,8,いいえ,伝統のうるっしー / 北間・クラリス嬢 / 哀哭のオオウミガラス / 百華百彩久連子 / 財閥だ浅ちゃん！
1,1364,em-81fec3e48762,怪人おたべ,4,415,365,4,delay,0.2294,0.4028,182,18,8,いいえ,怪人おたべ / 北間・クラリス嬢 / 哀哭のオオウミガラス / 百華百彩久連子 / 財閥だ浅ちゃん！
1,1365,em-fae18e323cb5,美観之介曳山ん太郎,23,2194,1597,5,aoe_attack,0.2294,0.3611,181,19,8,いいえ,美観之介曳山ん太郎 / ノローニャ・パイセン / 田島の春 / 跛荒の鉄男大先生 / シミ
1,1366,em-484d995e3adb,くノ一！ヴォたん,9,700,700,4,guard,0.2293,0.3958,197,3,8,いいえ,くノ一！ヴォたん / vにゅーさん / 愛のぴよ子 / 百華百彩久連子 / 碧海のオフタルもん
1,1367,em-6f9254f46753,うわマジカ,4,450,650,4,attribute_guard,0.2292,0.3958,192,8,8,いいえ,うわマジカ / vにゅーさん / 愛のぴよ子 / 百華百彩久連子 / 碧海のオフタルもん
1,1368,em-69c72b6c10d2,紳士なトーマスん,12,765,835,3,attribute_change,0.2292,0.3958,200,0,8,いいえ,紳士なトーマスん / vにゅーさん / 愛のぴよ子 / 百華百彩久連子 / 碧海のオフタルもん
1,1369,em-c78db71c2d7b,ヒルズさん,12,517,1097,1,attack_buff,0.2292,0.3819,185,15,8,いいえ,ヒルズさん / vにゅーさん / 愛のぴよ子 / 家族贖罪という字面 / 碧海のオフタルもん
1,1370,em-0da991c52dd4,ギャリーくん,5,400,400,3,damage_reduction,0.229,0.4097,193,7,8,いいえ,ギャリーくん / vにゅーさん / 愛のぴよ子 / 百華百彩久連子 / 碧海のオフタルもん
1,1371,em-2f3689f15f09,ブルりん,8,800,1000,6,damage_reduction,0.229,0.3889,196,4,8,いいえ,ブルりん / vにゅーさん / 愛のぴよ子 / 百華百彩久連子 / 碧海のオフタルもん
1,1372,em-409b16959eac,唸るぜ！よりりん,12,795,805,3,attribute_change,0.2288,0.3958,200,0,8,いいえ,唸るぜ！よりりん / vにゅーさん / 愛のぴよ子 / 百華百彩久連子 / 碧海のオフタルもん
1,1373,em-8c223847d1b4,皐月ぴよ子,5,555,555,0,none,0.2288,0.3889,183,17,8,いいえ,皐月ぴよ子 / 北間・クラリス嬢 / 哀哭のオオウミガラス / 百華百彩久連子 / 財閥だ浅ちゃん！
1,1374,em-9c40d906d190,フィッシャーマン,4,296,314,1,heal,0.2287,0.4097,182,18,8,いいえ,フィッシャーマン / 北間・クラリス嬢 / 哀哭のオオウミガラス / 百華百彩久連子 / 財閥だ浅ちゃん！
1,1375,em-4dec28ac375f,いやひこさん,13,800,500,3,delay,0.2287,0.3957,196,4,8,いいえ,いやひこさん / ノローニャ・パイセン / 田島の春 / 跛荒の鉄男大先生 / ラパヌイ先生
1,1376,em-6e472849dc37,ほーい竜馬,12,1100,1100,3,attack_buff,0.2285,0.3819,185,15,8,いいえ,ほーい竜馬 / vにゅーさん / 愛のぴよ子 / 家族贖罪という字面 / 碧海のオフタルもん
1,1377,em-144424b04d69,あろまさん,5,450,650,4,revive,0.2283,0.3958,193,7,8,いいえ,あろまさん / vにゅーさん / 愛のぴよ子 / 百華百彩久連子 / 碧海のオフタルもん
1,1378,em-2276063b9e3e,鳴子姫,11,1128,1128,5,aoe_attack,0.2283,0.3819,169,31,8,いいえ,鳴子姫 / ノローニャ・パイセン / 田島の春 / 跛荒の鉄男大先生 / シミ
1,1379,em-e660791c3950,めい子さん,5,400,400,5,attribute_guard,0.2282,0.4097,183,17,8,いいえ,めい子さん / 北間・クラリス嬢 / 哀哭のオオウミガラス / 百華百彩久連子 / 財閥だ浅ちゃん！
1,1380,em-a787bb59ceca,トキシッくん,5,600,500,4,revive,0.2282,0.4028,183,17,8,いいえ,トキシッくん / 北間・クラリス嬢 / 哀哭のオオウミガラス / 百華百彩久連子 / 財閥だ浅ちゃん！
1,1381,em-cc5744474846,芳一さん,5,400,500,6,revive,0.2282,0.4028,183,17,8,いいえ,芳一さん / 北間・クラリス嬢 / 哀哭のオオウミガラス / 百華百彩久連子 / 財閥だ浅ちゃん！
1,1382,em-24679a7881f4,三重子さん,9,704,700,2,attribute_change,0.2279,0.3958,192,8,8,いいえ,三重子さん / ノローニャ・パイセン / 田島の春 / 跛荒の鉄男大先生 / ラパヌイ先生
1,1383,em-df4f003ab94e,熱いマッキニキ,11,1100,600,3,damage_reduction,0.2279,0.3958,199,1,8,いいえ,熱いマッキニキ / vにゅーさん / 愛のぴよ子 / 百華百彩久連子 / 碧海のオフタルもん
1,1384,em-2d728f34a59e,へーい竜馬,14,1500,1500,3,attack_buff,0.2279,0.3681,199,1,8,いいえ,へーい竜馬 / 北間・クラリス嬢 / 哀哭のオオウミガラス / 百華百彩久連子 / ラパヌイ先生
1,1385,em-f14c0a7296cf,コーベリアル伯爵,7,500,480,2,attribute_guard,0.2278,0.4028,185,15,8,いいえ,コーベリアル伯爵 / 北間・クラリス嬢 / 哀哭のオオウミガラス / 百華百彩久連子 / 財閥だ浅ちゃん！
1,1386,em-3803f94f5ae7,あろまちゃん,3,350,500,4,revive,0.2277,0.4028,181,19,8,いいえ,あろまちゃん / 北間・クラリス嬢 / 哀哭のオオウミガラス / 百華百彩久連子 / 財閥だ浅ちゃん！
1,1387,em-959e9037e6f6,だいこっくん,8,800,900,8,attack_buff,0.2276,0.3889,196,4,8,いいえ,だいこっくん / vにゅーさん / 愛のぴよ子 / 百華百彩久連子 / 碧海のオフタルもん
1,1388,em-b0a135da294f,デンマーくん三世,6,800,600,3,guard,0.2275,0.3958,194,6,8,いいえ,デンマーくん三世 / vにゅーさん / 愛のぴよ子 / 百華百彩久連子 / 碧海のオフタルもん
1,1389,em-c61b3e98a989,荒波のはたはタン,4,400,300,5,heal,0.2274,0.4097,182,18,8,いいえ,荒波のはたはタン / 北間・クラリス嬢 / 哀哭のオオウミガラス / 百華百彩久連子 / 財閥だ浅ちゃん！
1,1390,em-f05bf139bdc3,荒野のシンプソン,10,500,500,7,revive,0.2273,0.4028,188,12,8,いいえ,荒野のシンプソン / 北間・クラリス嬢 / 哀哭のオオウミガラス / 百華百彩久連子 / 財閥だ浅ちゃん！
1,1391,em-1527baa8e6c0,ジャックじゃない！と,6,400,500,6,multi_hit_attack,0.2271,0.4028,191,9,8,いいえ,ジャックじゃない！と / 北間・クラリス嬢 / 哀哭のオオウミガラス / 百華百彩久連子 / ラパヌイ先生
1,1392,em-7ada5b98126c,サイガーブルー,8,250,950,5,multi_hit_attack,0.227,0.3958,181,19,8,いいえ,サイガーブルー / vにゅーさん / 愛のぴよ子 / 家族贖罪という字面 / 碧海のオフタルもん
1,1393,em-ad8d69dc1ea4,強いできっしん,8,263,942,5,attack_buff,0.227,0.3958,181,19,8,いいえ,強いできっしん / vにゅーさん / 愛のぴよ子 / 家族贖罪という字面 / 碧海のオフタルもん
1,1394,em-e2c8365ae02e,ɔリバーくん,10,704,1689,3,attack_buff,0.227,0.3611,183,17,8,いいえ,ɔリバーくん / vにゅーさん / 愛のぴよ子 / 家族贖罪という字面 / 碧海のオフタルもん
1,1395,em-d4e50f80f825,コーベリアル,4,305,297,2,attribute_guard,0.2269,0.4097,182,18,8,いいえ,コーベリアル / 北間・クラリス嬢 / 哀哭のオオウミガラス / 百華百彩久連子 / 財閥だ浅ちゃん！
1,1396,em-b08be1a4ca3f,中央アルプスの少女,6,500,300,3,damage_reduction,0.2269,0.4097,184,16,8,いいえ,中央アルプスの少女 / 北間・クラリス嬢 / 哀哭のオオウミガラス / 百華百彩久連子 / 財閥だ浅ちゃん！
1,1397,em-bbcbbb9fef0a,こっちの大谷,6,1000,100,3,damage_reduction,0.2269,0.4097,184,16,8,いいえ,こっちの大谷 / 北間・クラリス嬢 / 哀哭のオオウミガラス / 百華百彩久連子 / 財閥だ浅ちゃん！
1,1398,em-70d6edc2819a,熟練の剣闘士,8,265,940,5,attack_buff,0.2269,0.3958,181,19,8,いいえ,熟練の剣闘士 / vにゅーさん / 愛のぴよ子 / 家族贖罪という字面 / 碧海のオフタルもん
1,1399,em-3b3dcabfe61f,ク・うぃーん女王,8,900,900,5,attribute_change,0.2269,0.3889,196,4,8,いいえ,ク・うぃーん女王 / vにゅーさん / 愛のぴよ子 / 百華百彩久連子 / 碧海のオフタルもん
1,1400,em-82f2d0dfc734,マジでたっくん,6,295,885,5,attack_buff,0.2267,0.3958,179,21,8,いいえ,マジでたっくん / vにゅーさん / 愛のぴよ子 / 家族贖罪という字面 / 碧海のオフタルもん
1,1401,em-fa09a3c6aeb6,アイヤーさん,8,314,913,5,attack_buff,0.2267,0.3958,181,19,8,いいえ,アイヤーさん / vにゅーさん / 愛のぴよ子 / 家族贖罪という字面 / 碧海のオフタルもん
1,1402,em-f1302d2783e5,八太郎,10,1200,200,7,delay,0.2267,0.3958,188,12,8,いいえ,八太郎 / 北間・クラリス嬢 / 哀哭のオオウミガラス / 百華百彩久連子 / 財閥だ浅ちゃん！
1,1403,em-5bdefb267838,どーよくん,8,310,910,5,attack_buff,0.2266,0.3958,181,19,8,いいえ,どーよくん / vにゅーさん / 愛のぴよ子 / 家族贖罪という字面 / 碧海のオフタルもん
1,1404,em-90f39743f105,伝説の牛タソ,19,2269,302,3,guard,0.2266,0.3889,197,3,8,いいえ,伝説の牛タソ / 北間・クラリス嬢 / 哀哭のオオウミガラス / 百華百彩久連子 / 財閥だ浅ちゃん！
1,1405,em-e507272ab5af,フィッシャーマン２,6,400,400,1,heal,0.2265,0.4028,184,16,8,いいえ,フィッシャーマン２ / 北間・クラリス嬢 / 哀哭のオオウミガラス / 百華百彩久連子 / 財閥だ浅ちゃん！
1,1406,em-61221298dafe,大内ちゃん,5,603,603,5,heal,0.2265,0.3958,193,7,8,いいえ,大内ちゃん / vにゅーさん / 愛のぴよ子 / 百華百彩久連子 / 碧海のオフタルもん
1,1407,em-8ed9900f451e,めい子ちゃん,4,281,309,5,attribute_guard,0.2264,0.4097,182,18,8,いいえ,めい子ちゃん / 北間・クラリス嬢 / 哀哭のオオウミガラス / 百華百彩久連子 / 財閥だ浅ちゃん！
1,1408,em-f5a7df3892f0,びわ子たん,4,300,302,5,damage_reduction,0.2264,0.4097,182,18,8,いいえ,びわ子たん / 北間・クラリス嬢 / 哀哭のオオウミガラス / 百華百彩久連子 / 財閥だ浅ちゃん！
1,1409,em-0a88e828f44f,あずま京子,7,500,500,4,damage_reduction,0.2263,0.4028,185,15,8,いいえ,あずま京子 / 北間・クラリス嬢 / 哀哭のオオウミガラス / 百華百彩久連子 / 財閥だ浅ちゃん！
1,1410,em-b827590fe52d,芹沢くん,7,500,500,4,guard,0.2263,0.4028,185,15,8,いいえ,芹沢くん / 北間・クラリス嬢 / 哀哭のオオウミガラス / 百華百彩久連子 / 財閥だ浅ちゃん！
1,1411,em-560cbdf184d6,ユッフィーちゃん,8,606,600,5,attack_buff,0.2262,0.3958,193,7,8,いいえ,ユッフィーちゃん / 北間・クラリス嬢 / 哀哭のオオウミガラス / 百華百彩久連子 / ラパヌイ先生
1,1412,em-8ece38ad97a5,デンマーくん大帝,17,1269,1057,2,guard,0.2262,0.375,200,0,8,いいえ,デンマーくん大帝 / vにゅーさん / 愛のぴよ子 / 百華百彩久連子 / ヘラクレス先輩
1,1413,em-32f3aa536bcf,境地！絶海のあん子,7,502,488,4,heal,0.226,0.4028,185,15,8,いいえ,境地！絶海のあん子 / 北間・クラリス嬢 / 哀哭のオオウミガラス / 百華百彩久連子 / 財閥だ浅ちゃん！
1,1414,em-26ea85de7340,のり男先輩,7,534,446,3,attribute_guard,0.2259,0.4028,185,15,8,いいえ,のり男先輩 / 北間・クラリス嬢 / 哀哭のオオウミガラス / 百華百彩久連子 / 財閥だ浅ちゃん！
1,1415,em-aeb1959eaece,ＫＲ２ジョー軍曹,9,394,1010,4,attack_buff,0.2259,0.3889,182,18,8,いいえ,ＫＲ２ジョー軍曹 / vにゅーさん / 愛のぴよ子 / 家族贖罪という字面 / 碧海のオフタルもん
1,1416,em-cbfa7306b010,めい子姉さん,7,479,511,5,attribute_guard,0.2258,0.4028,185,15,8,いいえ,めい子姉さん / 北間・クラリス嬢 / 哀哭のオオウミガラス / 百華百彩久連子 / 財閥だ浅ちゃん！
1,1417,em-2625991e40c1,恐れない幽子,11,470,510,6,revive,0.2258,0.4028,189,11,8,いいえ,恐れない幽子 / 北間・クラリス嬢 / 哀哭のオオウミガラス / 百華百彩久連子 / 財閥だ浅ちゃん！
1,1418,em-4694b1a256f8,悪魔！いびるん,9,600,700,5,guard,0.2258,0.3958,187,13,8,いいえ,悪魔！いびるん / 北間・クラリス嬢 / 哀哭のオオウミガラス / 百華百彩久連子 / 財閥だ浅ちゃん！
1,1419,em-0c931777e175,関くん,4,305,307,4,guard,0.2257,0.4097,182,18,8,いいえ,関くん / 北間・クラリス嬢 / 哀哭のオオウミガラス / 百華百彩久連子 / 財閥だ浅ちゃん！
1,1420,em-62efa937d743,素敵なびわ子たん,7,500,480,4,damage_reduction,0.2257,0.4028,185,15,8,いいえ,素敵なびわ子たん / 北間・クラリス嬢 / 哀哭のオオウミガラス / 百華百彩久連子 / 財閥だ浅ちゃん！
1,1421,em-c6785d8f86c3,中央アルプスの犬,9,600,400,2,damage_reduction,0.2257,0.4028,187,13,8,いいえ,中央アルプスの犬 / 北間・クラリス嬢 / 哀哭のオオウミガラス / 百華百彩久連子 / 財閥だ浅ちゃん！
1,1422,em-deac9db76555,ヒルズくん,8,408,812,1,attack_buff,0.2257,0.3889,181,19,8,いいえ,ヒルズくん / vにゅーさん / 愛のぴよ子 / 家族贖罪という字面 / 碧海のオフタルもん
1,1423,em-da4562cd6142,プレーン下仁田,10,500,500,4,guard,0.2256,0.4028,188,12,8,いいえ,プレーン下仁田 / 北間・クラリス嬢 / 哀哭のオオウミガラス / 百華百彩久連子 / 財閥だ浅ちゃん！
1,1424,em-090474161194,オム・オクト・パッス,12,888,900,5,heal,0.2256,0.3889,200,0,8,いいえ,オム・オクト・パッス / vにゅーさん / 愛のぴよ子 / 百華百彩久連子 / 碧海のオフタルもん
1,1425,em-0481f6c14fd9,関先輩,7,475,475,4,guard,0.2254,0.4028,185,15,8,いいえ,関先輩 / 北間・クラリス嬢 / 哀哭のオオウミガラス / 百華百彩久連子 / 財閥だ浅ちゃん！
1,1426,em-900c465878ea,たたらん先生,12,800,600,3,attack_buff,0.2254,0.3958,200,0,8,いいえ,たたらん先生 / vにゅーさん / 愛のぴよ子 / 百華百彩久連子 / 碧海のオフタルもん
1,1427,em-e275020a88a0,あん子ちゃん,4,289,300,4,heal,0.2253,0.4097,182,18,8,いいえ,あん子ちゃん / 北間・クラリス嬢 / 哀哭のオオウミガラス / 百華百彩久連子 / 財閥だ浅ちゃん！
1,1428,em-b5a4cfe168a6,安井大先生,7,505,475,5,guard,0.2251,0.4028,185,15,8,いいえ,安井大先生 / 北間・クラリス嬢 / 哀哭のオオウミガラス / 百華百彩久連子 / 財閥だ浅ちゃん！
1,1429,em-455f884e0481,迷菓ぴよ子先生,7,662,700,5,attack_buff,0.2251,0.3958,199,1,8,いいえ,迷菓ぴよ子先生 / ノローニャ・パイセン / 伊予・タウロス / 跛荒の鉄男大先生 / 財閥だ浅ちゃん！
1,1430,em-278299c58131,けねず君,8,603,603,5,damage_reduction,0.225,0.3958,196,4,8,いいえ,けねず君 / vにゅーさん / 愛のぴよ子 / 百華百彩久連子 / 碧海のオフタルもん
1,1431,em-b0bd2882f199,タオるん,6,500,600,5,attribute_guard,0.2249,0.3958,194,6,8,いいえ,タオるん / vにゅーさん / 愛のぴよ子 / 百華百彩久連子 / 碧海のオフタルもん
1,1432,em-664c9287613d,阿蘇さん,8,820,500,1,attribute_guard,0.2249,0.3889,186,14,8,いいえ,阿蘇さん / 北間・クラリス嬢 / 哀哭のオオウミガラス / 百華百彩久連子 / 財閥だ浅ちゃん！
1,1433,em-9f7e593bdb96,鮒麿,7,520,460,5,heal,0.2248,0.4028,185,15,8,いいえ,鮒麿 / 北間・クラリス嬢 / 哀哭のオオウミガラス / 百華百彩久連子 / 財閥だ浅ちゃん！
1,1434,em-4900e4471484,モア蔵,4,722,90,4,guard,0.2247,0.4097,182,18,8,いいえ,モア蔵 / 北間・クラリス嬢 / 哀哭のオオウミガラス / 百華百彩久連子 / 財閥だ浅ちゃん！
1,1435,em-8d7a9845b04b,コーベリアル男爵,5,400,380,2,attribute_guard,0.2247,0.4028,183,17,8,いいえ,コーベリアル男爵 / 北間・クラリス嬢 / 哀哭のオオウミガラス / 百華百彩久連子 / 財閥だ浅ちゃん！
1,1436,em-fd76872dafaf,くまのたん,8,300,920,3,attack_buff,0.2246,0.3889,181,19,8,いいえ,くまのたん / vにゅーさん / 愛のぴよ子 / 家族贖罪という字面 / 碧海のオフタルもん
1,1437,em-e4050c7db405,オム・オクト・パップ,9,888,400,6,heal,0.2244,0.3958,187,13,8,いいえ,オム・オクト・パップ / 北間・クラリス嬢 / 哀哭のオオウミガラス / 百華百彩久連子 / 財閥だ浅ちゃん！
1,1438,em-0a74c35caba2,畳リーゼント総長,10,512,912,4,attack_buff,0.2244,0.3889,183,17,8,いいえ,畳リーゼント総長 / vにゅーさん / 愛のぴよ子 / 家族贖罪という字面 / 碧海のオフタルもん
1,1439,em-8d9e942117e5,ウナギーヌ課長,6,1000,450,2,heal,0.2244,0.3889,184,16,8,いいえ,ウナギーヌ課長 / 北間・クラリス嬢 / 哀哭のオオウミガラス / 百華百彩久連子 / 財閥だ浅ちゃん！
1,1440,em-452bfe576bb9,ねぶるータス,16,950,1350,2,attack_buff,0.2242,0.3681,189,11,8,いいえ,ねぶるータス / vにゅーさん / 愛のぴよ子 / 家族贖罪という字面 / 碧海のオフタルもん
1,1441,em-9d8b6a4d2c9c,はたはタン,3,300,200,5,heal,0.2241,0.4097,181,19,8,いいえ,はたはタン / 北間・クラリス嬢 / 哀哭のオオウミガラス / 百華百彩久連子 / 財閥だ浅ちゃん！
1,1442,em-37ab32b36f96,ハントンさん,5,450,650,7,multi_hit_attack,0.224,0.3958,198,2,8,いいえ,ハントンさん / 脱力コンビあろま＆るる / きぬたン / 三貴子ツクヨミ / 御嶽さん
1,1443,em-6a28c73fe6b3,はーい竜馬,8,900,900,3,attack_buff,0.2239,0.3819,181,19,8,いいえ,はーい竜馬 / vにゅーさん / 愛のぴよ子 / 家族贖罪という字面 / 碧海のオフタルもん
1,1444,em-4c84ff6e1868,カカカのカ治郎,6,700,500,5,delay,0.2239,0.3819,184,16,8,いいえ,カカカのカ治郎 / 北間・クラリス嬢 / 哀哭のオオウミガラス / 百華百彩久連子 / 財閥だ浅ちゃん！
1,1445,em-2e5137a70580,やまとーる君,6,600,300,7,damage_reduction,0.2237,0.4028,184,16,8,いいえ,やまとーる君 / 北間・クラリス嬢 / 哀哭のオオウミガラス / 百華百彩久連子 / 財閥だ浅ちゃん！
1,1446,em-0560ed78022d,見事にびわ子たん,5,400,400,4,damage_reduction,0.2235,0.4028,183,17,8,いいえ,見事にびわ子たん / 北間・クラリス嬢 / 哀哭のオオウミガラス / 百華百彩久連子 / 財閥だ浅ちゃん！
1,1447,em-1287aab83f7d,驚愕！深海のあん子,5,400,400,4,heal,0.2235,0.4028,183,17,8,いいえ,驚愕！深海のあん子 / 北間・クラリス嬢 / 哀哭のオオウミガラス / 百華百彩久連子 / 財閥だ浅ちゃん！
1,1448,em-74e8fc67e60c,竹輪大臣,5,200,900,4,attack_buff,0.2235,0.3889,178,22,8,いいえ,竹輪大臣 / vにゅーさん / 愛のぴよ子 / 家族贖罪という字面 / 碧海のオフタルもん
1,1449,em-96c8b7af6f5c,ネギtheダーウィン,30,5112,0,5,attribute_change,0.2235,0.3681,186,14,8,いいえ,ネギtheダーウィン / 脱力コンビあろま＆るる / デロスの月陽姉弟 / ブハラ師匠 / 財閥だ浅ちゃん！
1,1450,em-10adad665687,コマンドー下仁田,13,597,614,3,guard,0.2234,0.3958,191,9,8,いいえ,コマンドー下仁田 / 北間・クラリス嬢 / 哀哭のオオウミガラス / 百華百彩久連子 / 財閥だ浅ちゃん！
1,1451,em-1d7c8481ec64,にくぁうちゃん,8,314,913,4,attack_buff,0.2234,0.3889,181,19,8,いいえ,にくぁうちゃん / vにゅーさん / 愛のぴよ子 / 家族贖罪という字面 / 碧海のオフタルもん
1,1452,em-da69b63392e4,手品師！エッシュさん,6,600,600,4,skill_reduction,0.2234,0.3819,184,16,8,いいえ,手品師！エッシュさん / 北間・クラリス嬢 / 哀哭のオオウミガラス / 百華百彩久連子 / 財閥だ浅ちゃん！
1,1453,em-1e1a4317070b,ＫＲ２ジョー,8,295,910,4,attack_buff,0.2232,0.3889,181,19,8,いいえ,ＫＲ２ジョー / vにゅーさん / 愛のぴよ子 / 家族贖罪という字面 / 碧海のオフタルもん
1,1454,em-357d76cd5b69,のり男さん,5,424,356,3,attribute_guard,0.2231,0.4028,183,17,8,いいえ,のり男さん / 北間・クラリス嬢 / 哀哭のオオウミガラス / 百華百彩久連子 / 財閥だ浅ちゃん！
1,1455,em-eaad577a957c,関さん,5,390,390,4,guard,0.2231,0.4028,183,17,8,いいえ,関さん / 北間・クラリス嬢 / 哀哭のオオウミガラス / 百華百彩久連子 / 財閥だ浅ちゃん！
1,1456,em-f3d5bcd42444,あっぴー先輩,6,1000,400,2,heal,0.223,0.3889,184,16,8,いいえ,あっぴー先輩 / 北間・クラリス嬢 / 哀哭のオオウミガラス / 百華百彩久連子 / 財閥だ浅ちゃん！
1,1457,em-d3961c13041f,光るぜ！よりりん,15,1200,1200,3,attribute_change,0.223,0.3681,199,1,8,いいえ,光るぜ！よりりん / vにゅーさん / 愛のぴよ子 / 跛荒の鉄男大先生 / 碧海のオフタルもん
1,1458,em-da8dd7644e31,法隆ジェット,7,600,400,6,guard,0.2228,0.3958,185,15,8,いいえ,法隆ジェット / 北間・クラリス嬢 / 哀哭のオオウミガラス / 百華百彩久連子 / 財閥だ浅ちゃん！
1,1459,em-4e0f06589604,新・やよいチゥりっぷ,9,1100,200,3,attribute_change,0.2227,0.4026,192,8,8,いいえ,新・やよいチゥりっぷ / ノローニャ・パイセン / 田島の春 / 跛荒の鉄男大先生 / ラパヌイ先生
1,1460,em-2837181f6574,うおぬまンダー,6,500,600,7,aoe_attack,0.2227,0.3958,199,1,8,いいえ,うおぬまンダー / 脱力コンビあろま＆るる / きぬたン / 三貴子ツクヨミ / 御嶽さん
1,1461,em-bf7beec08736,いやひこちゃん,10,700,400,4,delay,0.2226,0.3889,188,12,8,いいえ,いやひこちゃん / 北間・クラリス嬢 / 哀哭のオオウミガラス / 百華百彩久連子 / 財閥だ浅ちゃん！
1,1462,em-e535034b31b0,吉野スライマー,5,495,305,5,guard,0.2225,0.4028,183,17,8,いいえ,吉野スライマー / 北間・クラリス嬢 / 哀哭のオオウミガラス / 百華百彩久連子 / 財閥だ浅ちゃん！
1,1463,em-05688a606392,芳一くん,3,300,400,7,revive,0.2224,0.3958,181,19,8,いいえ,芳一くん / 北間・クラリス嬢 / 哀哭のオオウミガラス / 百華百彩久連子 / 財閥だ浅ちゃん！
1,1464,em-94033ed8057b,幽子さん,4,300,312,8,revive,0.2222,0.4028,182,18,8,いいえ,幽子さん / 北間・クラリス嬢 / 哀哭のオオウミガラス / 百華百彩久連子 / 財閥だ浅ちゃん！
1,1465,em-fe08214f98fe,さるぼぼん,6,400,600,6,aoe_attack,0.2222,0.3958,199,1,8,いいえ,さるぼぼん / 脱力コンビあろま＆るる / きぬたン / 三貴子ツクヨミ / 御嶽さん
1,1466,em-d6f4ebe1907b,猫キャット,4,150,700,1,heal,0.2222,0.3889,192,8,8,いいえ,猫キャット / vにゅーさん / 愛のぴよ子 / 百華百彩久連子 / 碧海のオフタルもん
1,1467,em-08c1cf17f632,青竜けいび,4,345,400,6,heal,0.2221,0.3958,182,18,8,いいえ,青竜けいび / 北間・クラリス嬢 / 哀哭のオオウミガラス / 百華百彩久連子 / 財閥だ浅ちゃん！
1,1468,em-b8d203bbae80,草カロ三郎,5,400,400,6,heal,0.222,0.3958,183,17,8,いいえ,草カロ三郎 / 北間・クラリス嬢 / 哀哭のオオウミガラス / 百華百彩久連子 / 財閥だ浅ちゃん！
1,1469,em-fd2a055eb394,コニー＆ギャリー,10,500,500,3,damage_reduction,0.222,0.3958,198,2,8,いいえ,コニー＆ギャリー / vにゅーさん / 愛のぴよ子 / 百華百彩久連子 / 碧海のオフタルもん
1,1470,em-e5c147f9dafc,異国のトーマスん,9,660,742,4,attribute_change,0.222,0.3889,192,8,8,いいえ,異国のトーマスん / ノローニャ・パイセン / 田島の春 / 跛荒の鉄男大先生 / ラパヌイ先生
1,1471,em-f86c4c085efd,メガネ系ほぬー類,12,700,600,4,skill_reduction,0.222,0.3819,190,10,8,いいえ,メガネ系ほぬー類 / 北間・クラリス嬢 / 哀哭のオオウミガラス / 百華百彩久連子 / 財閥だ浅ちゃん！
1,1472,em-17aeee13e460,こんにゃくん,4,287,308,9,guard,0.2219,0.4028,182,18,8,いいえ,こんにゃくん / 北間・クラリス嬢 / 哀哭のオオウミガラス / 百華百彩久連子 / 財閥だ浅ちゃん！
1,1473,em-addae93a6fe9,ニート,5,314,296,5,attribute_guard,0.2219,0.4028,183,17,8,いいえ,ニート / 北間・クラリス嬢 / 哀哭のオオウミガラス / 百華百彩久連子 / 財閥だ浅ちゃん！
1,1474,em-9bac78901113,有馬すん,5,375,405,6,heal,0.2219,0.3958,183,17,8,いいえ,有馬すん / 北間・クラリス嬢 / 哀哭のオオウミガラス / 百華百彩久連子 / 財閥だ浅ちゃん！
1,1475,em-b68e81559a03,ピカリャー,6,400,600,7,multi_hit_attack,0.2219,0.3958,199,1,8,いいえ,ピカリャー / 脱力コンビあろま＆るる / きぬたン / 三貴子ツクヨミ / 御嶽さん
1,1476,em-64f8ad5111a6,マッキニキ,9,1000,500,4,damage_reduction,0.2217,0.3889,187,13,8,いいえ,マッキニキ / 北間・クラリス嬢 / 哀哭のオオウミガラス / 百華百彩久連子 / 財閥だ浅ちゃん！
1,1477,em-c6a3687dad8c,ウナギーヌさん,5,900,350,2,heal,0.2216,0.3889,183,17,8,いいえ,ウナギーヌさん / 北間・クラリス嬢 / 哀哭のオオウミガラス / 百華百彩久連子 / 財閥だ浅ちゃん！
1,1478,em-401fb8fe2284,S.K.O.Tちゃん,3,750,200,6,heal,0.2213,0.3958,181,19,8,いいえ,S.K.O.Tちゃん / 北間・クラリス嬢 / 哀哭のオオウミガラス / 百華百彩久連子 / 財閥だ浅ちゃん！
1,1479,em-e44c80aa58d3,二条嬢,8,620,600,2,attribute_guard,0.221,0.3889,196,4,8,いいえ,二条嬢 / vにゅーさん / 愛のぴよ子 / 百華百彩久連子 / 碧海のオフタルもん
1,1480,em-01325fd9f459,いやひこさま,16,1200,600,3,delay,0.221,0.375,194,6,8,いいえ,いやひこさま / 北間・クラリス嬢 / 哀哭のオオウミガラス / 百華百彩久連子 / 財閥だ浅ちゃん！
1,1481,em-30e34a964d63,デンマーくん二世,5,700,450,3,guard,0.2209,0.3889,183,17,8,いいえ,デンマーくん二世 / 北間・クラリス嬢 / 哀哭のオオウミガラス / 百華百彩久連子 / 財閥だ浅ちゃん！
1,1482,em-3e7f24f8564c,かずらさん,6,450,650,2,guard,0.2204,0.3889,194,6,8,いいえ,かずらさん / vにゅーさん / 愛のぴよ子 / 百華百彩久連子 / 碧海のオフタルもん
1,1483,em-6d0b27bbd976,なっとくんおじさん,7,496,484,2,skill_reduction,0.2204,0.3889,195,5,8,いいえ,なっとくんおじさん / vにゅーさん / 愛のぴよ子 / 百華百彩久連子 / 碧海のオフタルもん
1,1484,em-9c37bba7df0f,ＫＲ２ジョー少尉,11,495,1105,3,attack_buff,0.2204,0.375,184,16,8,いいえ,ＫＲ２ジョー少尉 / vにゅーさん / 愛のぴよ子 / 家族贖罪という字面 / 碧海のオフタルもん
1,1485,em-1c29986cc8dd,玄武けいび,4,315,335,6,damage_reduction,0.2203,0.3958,182,18,8,いいえ,玄武けいび / 北間・クラリス嬢 / 哀哭のオオウミガラス / 百華百彩久連子 / 財閥だ浅ちゃん！
1,1486,em-950c6a19b78f,竹輪総理,6,250,1100,3,attack_buff,0.2201,0.375,179,21,8,いいえ,竹輪総理 / vにゅーさん / 愛のぴよ子 / 家族贖罪という字面 / 碧海のオフタルもん
1,1487,em-b34467071fa2,蓮三郎,6,500,450,3,skill_reduction,0.2199,0.3889,194,6,8,いいえ,蓮三郎 / vにゅーさん / 愛のぴよ子 / 百華百彩久連子 / 碧海のオフタルもん
1,1488,em-39adadcf380b,朱雀けいび,5,305,335,6,revive,0.2197,0.3958,183,17,8,いいえ,朱雀けいび / 北間・クラリス嬢 / 哀哭のオオウミガラス / 百華百彩久連子 / 財閥だ浅ちゃん！
1,1489,em-124dc5391da9,オクト・パップ,6,888,200,6,heal,0.2197,0.3958,184,16,8,いいえ,オクト・パップ / 北間・クラリス嬢 / 哀哭のオオウミガラス / 百華百彩久連子 / 財閥だ浅ちゃん！
1,1490,em-8d320a6b7512,いびるん,6,500,600,5,guard,0.2196,0.3889,184,16,8,いいえ,いびるん / 北間・クラリス嬢 / 哀哭のオオウミガラス / 百華百彩久連子 / 財閥だ浅ちゃん！
1,1491,em-0c10b95e36c6,激走！えるたそ,10,900,800,4,attack_buff,0.2196,0.3819,198,2,8,いいえ,激走！えるたそ / vにゅーさん / 愛のぴよ子 / 百華百彩久連子 / 碧海のオフタルもん
1,1492,em-020eecb1db52,草カロ四朗,4,296,316,7,heal,0.2195,0.3958,182,18,8,いいえ,草カロ四朗 / 北間・クラリス嬢 / 哀哭のオオウミガラス / 百華百彩久連子 / 財閥だ浅ちゃん！
1,1493,em-c687e673c7ff,有馬ん,4,285,317,7,heal,0.2194,0.3958,182,18,8,いいえ,有馬ん / 北間・クラリス嬢 / 哀哭のオオウミガラス / 百華百彩久連子 / 財閥だ浅ちゃん！
1,1494,em-4025a820b0a7,新・ぎょざる,5,400,400,6,aoe_attack,0.2193,0.3958,198,2,8,いいえ,新・ぎょざる / 脱力コンビあろま＆るる / きぬたン / 三貴子ツクヨミ / 御嶽さん
1,1495,em-8a7e4284ba4a,あっぴーさん,5,800,350,3,heal,0.2193,0.3889,183,17,8,いいえ,あっぴーさん / 北間・クラリス嬢 / 哀哭のオオウミガラス / 百華百彩久連子 / 財閥だ浅ちゃん！
1,1496,em-6c82396ace3f,マッシブ☆ばん馬ばん,7,800,450,3,attack_buff,0.2193,0.3889,192,8,8,いいえ,マッシブ☆ばん馬ばん / 北間・クラリス嬢 / 哀哭のオオウミガラス / 百華百彩久連子 / ラパヌイ先生
1,1497,em-ce589bb8d6d8,鳴子さん,5,400,400,7,aoe_attack,0.2192,0.3958,198,2,8,いいえ,鳴子さん / 脱力コンビあろま＆るる / きぬたン / 三貴子ツクヨミ / 御嶽さん
1,1498,em-bca5e711ca4b,あろま・シュワー,16,1060,1201,5,revive,0.2192,0.3681,200,0,8,いいえ,あろま・シュワー / vにゅーさん / 愛のぴよ子 / 跛荒の鉄男大先生 / 碧海のオフタルもん
1,1499,em-66a587f1a726,にくぁうさん,12,497,1116,4,attack_buff,0.2191,0.375,185,15,8,いいえ,にくぁうさん / vにゅーさん / 愛のぴよ子 / 家族贖罪という字面 / 碧海のオフタルもん
1,1500,em-72dbaccf035d,新・ＪＡＸＡイル,12,516,1106,6,multi_hit_attack,0.2189,0.375,170,30,8,いいえ,新・ＪＡＸＡイル / ノローニャ・パイセン / 田島の春 / 跛荒の鉄男大先生 / シミ
1,1501,em-47f3be71ea63,青竜むりょく,4,198,189,6,heal,0.2188,0.4028,182,18,8,いいえ,青竜むりょく / 北間・クラリス嬢 / 哀哭のオオウミガラス / 百華百彩久連子 / 財閥だ浅ちゃん！
1,1502,em-91791d21e202,ネオけいび,6,305,310,6,attribute_guard,0.2188,0.3958,184,16,8,いいえ,ネオけいび / 北間・クラリス嬢 / 哀哭のオオウミガラス / 百華百彩久連子 / 財閥だ浅ちゃん！
1,1503,em-0f6666d2132f,サイガーレッド,7,170,830,5,multi_hit_attack,0.2188,0.3889,180,20,8,いいえ,サイガーレッド / vにゅーさん / 愛のぴよ子 / 家族贖罪という字面 / 碧海のオフタルもん
1,1504,em-43c2f997e41c,きっしん,7,170,830,5,attack_buff,0.2188,0.3889,180,20,8,いいえ,きっしん / vにゅーさん / 愛のぴよ子 / 家族贖罪という字面 / 碧海のオフタルもん
1,1505,em-489695d715f8,ボボ・さるぼぼ,10,600,700,5,aoe_attack,0.2185,0.3889,183,17,8,いいえ,ボボ・さるぼぼ / vにゅーさん / 愛のぴよ子 / 家族贖罪という字面 / 碧海のオフタルもん
1,1506,em-f78f249e0088,剣闘士,7,168,812,5,attack_buff,0.2184,0.3889,180,20,8,いいえ,剣闘士 / vにゅーさん / 愛のぴよ子 / 家族贖罪という字面 / 碧海のオフタルもん
1,1507,em-eece08d90093,罠なくトロイ先輩,18,4830,16,4,multi_hit_attack,0.2184,0.3611,191,9,8,いいえ,罠なくトロイ先輩 / vにゅーさん / 愛のぴよ子 / 家族贖罪という字面 / 碧海のオフタルもん
1,1508,em-b080511b902a,かずらちゃん,3,350,500,2,guard,0.2182,0.3889,191,9,8,いいえ,かずらちゃん / vにゅーさん / 愛のぴよ子 / 百華百彩久連子 / 碧海のオフタルもん
1,1509,em-70861f8a23e9,ウナギーヌくん,3,800,200,2,heal,0.2179,0.3889,181,19,8,いいえ,ウナギーヌくん / 北間・クラリス嬢 / 哀哭のオオウミガラス / 百華百彩久連子 / 財閥だ浅ちゃん！
1,1510,em-0063b3d17f76,玄武むりょく,4,165,165,6,damage_reduction,0.2178,0.4028,182,18,8,いいえ,玄武むりょく / 北間・クラリス嬢 / 哀哭のオオウミガラス / 百華百彩久連子 / 財閥だ浅ちゃん！
1,1511,em-58b6cf5f2d45,忍者！フゥーま,6,500,500,5,guard,0.2178,0.3889,184,16,8,いいえ,忍者！フゥーま / 北間・クラリス嬢 / 哀哭のオオウミガラス / 百華百彩久連子 / 財閥だ浅ちゃん！
1,1512,em-3a3a23655699,とりころん・ぴー子,16,1200,300,7,attribute_change,0.2178,0.3889,194,6,8,いいえ,とりころん・ぴー子 / 北間・クラリス嬢 / 哀哭のオオウミガラス / 百華百彩久連子 / 財閥だ浅ちゃん！
1,1513,em-69fe49e9031d,かずら姉さん,11,650,700,2,guard,0.2178,0.3819,199,1,8,いいえ,かずら姉さん / vにゅーさん / 愛のぴよ子 / 百華百彩久連子 / 碧海のオフタルもん
1,1514,em-a37b305548ef,なっとくんさん,5,400,400,2,skill_reduction,0.2177,0.3889,193,7,8,いいえ,なっとくんさん / vにゅーさん / 愛のぴよ子 / 百華百彩久連子 / 碧海のオフタルもん
1,1515,em-d19d4f1b57e1,ロボうおぬまンダー,9,600,800,6,aoe_attack,0.2177,0.3819,182,18,8,いいえ,ロボうおぬまンダー / vにゅーさん / 愛のぴよ子 / 家族贖罪という字面 / 碧海のオフタルもん
1,1516,em-4442b5ee096e,朱雀むりょく,5,165,165,6,revive,0.2176,0.4028,183,17,8,いいえ,朱雀むりょく / 北間・クラリス嬢 / 哀哭のオオウミガラス / 百華百彩久連子 / 財閥だ浅ちゃん！
1,1517,em-7c5fdd7af70d,覚醒むりょく,6,198,89,3,multi_hit_attack,0.2175,0.4097,191,9,8,いいえ,覚醒むりょく / 北間・クラリス嬢 / 哀哭のオオウミガラス / 百華百彩久連子 / ラパヌイ先生
1,1518,em-fb54694c6adc,サイガーイエロー,9,357,1057,4,multi_hit_attack,0.2175,0.375,182,18,8,いいえ,サイガーイエロー / vにゅーさん / 愛のぴよ子 / 家族贖罪という字面 / 碧海のオフタルもん
1,1519,em-2f505dd0418a,とちぎソウル,4,150,400,5,attack_buff,0.2173,0.3958,177,23,8,いいえ,とちぎソウル / vにゅーさん / 愛のぴよ子 / 家族贖罪という字面 / 碧海のオフタルもん
1,1520,em-e42e99273751,輪島のうるっしー,12,1200,500,4,guard,0.2173,0.3819,190,10,8,いいえ,輪島のうるっしー / 北間・クラリス嬢 / 哀哭のオオウミガラス / 百華百彩久連子 / 財閥だ浅ちゃん！
1,1521,em-fa255d19986d,出発！えるたそ,8,800,700,4,attack_buff,0.2173,0.3819,196,4,8,いいえ,出発！えるたそ / vにゅーさん / 愛のぴよ子 / 百華百彩久連子 / 碧海のオフタルもん
1,1522,em-609b9d122d32,ネオむりょく,6,168,149,6,guard,0.217,0.4028,184,16,8,いいえ,ネオむりょく / 北間・クラリス嬢 / 哀哭のオオウミガラス / 百華百彩久連子 / 財閥だ浅ちゃん！
1,1523,em-b06129e327ac,ケンＺＯ３号,6,300,680,5,attack_buff,0.217,0.3889,179,21,8,いいえ,ケンＺＯ３号 / vにゅーさん / 愛のぴよ子 / 家族贖罪という字面 / 碧海のオフタルもん
1,1524,em-a2d0308a3d38,蓮次郎,5,400,380,3,skill_reduction,0.217,0.3889,193,7,8,いいえ,蓮次郎 / vにゅーさん / 愛のぴよ子 / 百華百彩久連子 / 碧海のオフタルもん
1,1525,em-cf865abec5e5,川越マン２世,12,516,1000,4,attack_buff,0.2168,0.375,200,0,8,いいえ,川越マン２世 / vにゅーさん / 愛のぴよ子 / 百華百彩久連子 / 碧海のオフタルもん
1,1526,em-502c02710bc4,覚醒けいび,6,345,300,2,multi_hit_attack,0.2167,0.3958,199,1,8,いいえ,覚醒けいび / 脱力コンビあろま＆るる / きぬたン / 三貴子ツクヨミ / 御嶽さん
1,1527,em-7e369f15337f,超辛ふとし君,6,321,659,5,attack_buff,0.2167,0.3889,179,21,8,いいえ,超辛ふとし君 / vにゅーさん / 愛のぴよ子 / 家族贖罪という字面 / 碧海のオフタルもん
1,1528,em-84a7ce7d3a80,ゴロウ,4,310,302,2,attack_buff,0.2166,0.3958,192,8,8,いいえ,ゴロウ / vにゅーさん / 愛のぴよ子 / 百華百彩久連子 / 碧海のオフタルもん
1,1529,em-17e6d828aa8d,かなりたっくん,5,195,685,5,attack_buff,0.2166,0.3889,178,22,8,いいえ,かなりたっくん / vにゅーさん / 愛のぴよ子 / 家族贖罪という字面 / 碧海のオフタルもん
1,1530,em-38a5d43fe466,畳リーゼント先輩,8,393,812,4,attack_buff,0.2166,0.3819,181,19,8,いいえ,畳リーゼント先輩 / vにゅーさん / 愛のぴよ子 / 家族贖罪という字面 / 碧海のオフタルもん
1,1531,em-f230094c0c4f,シンプソン君,5,400,400,8,revive,0.2165,0.3889,183,17,8,いいえ,シンプソン君 / 北間・クラリス嬢 / 哀哭のオオウミガラス / 百華百彩久連子 / 財閥だ浅ちゃん！
1,1532,em-5053fe8d941b,カカカのカ二郎,3,400,300,5,delay,0.2165,0.3889,200,0,8,いいえ,カカカのカ二郎 / vにゅーさん / 哀哭のオオウミガラス / ブハラ師匠 / 御嶽さん
1,1533,em-e2ba004694cc,ＪＡＸＡイル,8,394,794,6,multi_hit_attack,0.2164,0.3819,181,19,8,いいえ,ＪＡＸＡイル / vにゅーさん / 愛のぴよ子 / 家族贖罪という字面 / 碧海のオフタルもん
1,1534,em-ae6876a278ca,白水先生,9,680,724,7,aoe_attack,0.2164,0.3819,182,18,8,いいえ,白水先生 / vにゅーさん / 愛のぴよ子 / 家族贖罪という字面 / 碧海のオフタルもん
1,1535,em-667d96cceb87,さんとくん,6,1000,200,5,delay,0.2163,0.3819,184,16,8,いいえ,さんとくん / 北間・クラリス嬢 / 哀哭のオオウミガラス / 百華百彩久連子 / 財閥だ浅ちゃん！
1,1536,em-a71cd0e28586,ねぶるーさん,14,770,830,2,attack_buff,0.2162,0.375,187,13,8,いいえ,ねぶるーさん / vにゅーさん / 愛のぴよ子 / 家族贖罪という字面 / 碧海のオフタルもん
1,1537,em-efebd27cd58d,新・ひろしマン,7,600,600,3,heal,0.216,0.3819,195,5,8,いいえ,新・ひろしマン / vにゅーさん / 愛のぴよ子 / 百華百彩久連子 / 碧海のオフタルもん
1,1538,em-172b59ddb28b,白虎ニート,4,314,296,5,attack_buff,0.2159,0.3958,177,23,8,いいえ,白虎ニート / vにゅーさん / 愛のぴよ子 / 家族贖罪という字面 / 碧海のオフタルもん
1,1539,em-834effdc39a5,真・ぎょざる,8,499,491,6,aoe_attack,0.2159,0.3889,181,19,8,いいえ,真・ぎょざる / vにゅーさん / 愛のぴよ子 / 家族贖罪という字面 / 碧海のオフタルもん
1,1540,em-9791eaaeef3c,メーピスさん,8,600,700,6,multi_hit_attack,0.2159,0.3819,181,19,8,いいえ,メーピスさん / vにゅーさん / 愛のぴよ子 / 家族贖罪という字面 / 碧海のオフタルもん
1,1541,em-b83d457ef580,王国民ゴロウ,5,390,390,2,attack_buff,0.2157,0.3889,163,37,8,いいえ,王国民ゴロウ / ノローニャ・パイセン / 田島の春 / 跛荒の鉄男大先生 / シミ
1,1542,em-e07aaef6bd6e,三重子ちゃん,8,603,602,3,attribute_change,0.2157,0.3819,196,4,8,いいえ,三重子ちゃん / vにゅーさん / 愛のぴよ子 / 百華百彩久連子 / 碧海のオフタルもん
1,1543,em-de4906019fe7,キープ牧場の決斗,14,700,700,6,revive,0.2155,0.3819,192,8,8,いいえ,キープ牧場の決斗 / 北間・クラリス嬢 / 哀哭のオオウミガラス / 百華百彩久連子 / 財閥だ浅ちゃん！
1,1544,em-dc5f853080a2,ねぶるー,12,590,630,2,attack_buff,0.2154,0.3819,170,30,8,いいえ,ねぶるー / ノローニャ・パイセン / 田島の春 / 跛荒の鉄男大先生 / シミ
1,1545,em-c5623c38fcb8,反魂タン,5,500,600,4,revive,0.2154,0.3819,183,17,8,いいえ,反魂タン / 北間・クラリス嬢 / 哀哭のオオウミガラス / 百華百彩久連子 / 財閥だ浅ちゃん！
1,1546,em-a14b58fbc4fa,うるっしー,8,1000,400,5,guard,0.2154,0.3819,186,14,8,いいえ,うるっしー / 北間・クラリス嬢 / 哀哭のオオウミガラス / 百華百彩久連子 / 財閥だ浅ちゃん！
1,1547,em-3229594a4a2c,おあげちゃん,5,315,305,3,attack_buff,0.2153,0.3958,193,7,8,いいえ,おあげちゃん / vにゅーさん / 愛のぴよ子 / 百華百彩久連子 / 碧海のオフタルもん
1,1548,em-c92854d63199,さんとくんさん,8,1200,300,4,delay,0.2152,0.375,186,14,8,いいえ,さんとくんさん / 北間・クラリス嬢 / 哀哭のオオウミガラス / 百華百彩久連子 / 財閥だ浅ちゃん！
1,1549,em-9a3bd85e00a2,よりりん,8,605,615,4,attribute_change,0.2151,0.3819,186,14,8,いいえ,よりりん / 北間・クラリス嬢 / 哀哭のオオウミガラス / 百華百彩久連子 / 財閥だ浅ちゃん！
1,1550,em-2f8589eed296,畳リーゼント,7,300,700,4,attack_buff,0.215,0.3819,165,35,8,いいえ,畳リーゼント / ノローニャ・パイセン / 田島の春 / 跛荒の鉄男大先生 / シミ
1,1551,em-39011821f965,さるぼぼぼぼ～ん,12,800,1000,4,aoe_attack,0.2149,0.3681,170,30,8,いいえ,さるぼぼぼぼ～ん / ノローニャ・パイセン / 田島の春 / 跛荒の鉄男大先生 / シミ
1,1552,em-bfd568eb94ea,ベッピーさん,12,712,692,5,attack_buff,0.2148,0.3819,170,30,8,いいえ,ベッピーさん / ノローニャ・パイセン / 田島の春 / 跛荒の鉄男大先生 / シミ
1,1553,em-3ea6ac9a0933,オリバーWITHソー,8,400,800,3,attack_buff,0.2146,0.375,166,34,8,いいえ,オリバーWITHソー / ノローニャ・パイセン / 田島の春 / 跛荒の鉄男大先生 / シミ
1,1554,em-28a408b64836,真・銘菓ぴよ子,12,795,815,3,multi_hit_attack,0.2146,0.375,185,15,8,いいえ,真・銘菓ぴよ子 / vにゅーさん / 愛のぴよ子 / 家族贖罪という字面 / 碧海のオフタルもん
1,1555,em-c8e560adbea9,草カロ次郎,6,480,500,5,heal,0.2144,0.3819,184,16,8,いいえ,草カロ次郎 / 北間・クラリス嬢 / 哀哭のオオウミガラス / 百華百彩久連子 / 財閥だ浅ちゃん！
1,1556,em-cf71633a3be4,真・やよいチゥりっぷ,12,1500,300,3,attribute_change,0.2144,0.3819,190,10,8,いいえ,真・やよいチゥりっぷ / 北間・クラリス嬢 / 哀哭のオオウミガラス / 百華百彩久連子 / 財閥だ浅ちゃん！
1,1557,em-ee410ddd5211,鹿苑師匠,6,500,480,5,revive,0.2141,0.3819,184,16,8,いいえ,鹿苑師匠 / 北間・クラリス嬢 / 哀哭のオオウミガラス / 百華百彩久連子 / 財閥だ浅ちゃん！
1,1558,em-1fa3ac88ea78,有馬すた,7,475,505,5,heal,0.2141,0.3819,185,15,8,いいえ,有馬すた / 北間・クラリス嬢 / 哀哭のオオウミガラス / 百華百彩久連子 / 財閥だ浅ちゃん！
1,1559,em-57fe43e7ea10,鹿苑さん,4,307,295,6,revive,0.214,0.3889,182,18,8,いいえ,鹿苑さん / 北間・クラリス嬢 / 哀哭のオオウミガラス / 百華百彩久連子 / 財閥だ浅ちゃん！
1,1560,em-233989ddac07,法隆寺博士,4,480,220,6,guard,0.2139,0.3889,182,18,8,いいえ,法隆寺博士 / 北間・クラリス嬢 / 哀哭のオオウミガラス / 百華百彩久連子 / 財閥だ浅ちゃん！
1,1561,em-873c09a938ac,蓮太郎,4,310,302,3,skill_reduction,0.2139,0.3889,192,8,8,いいえ,蓮太郎 / vにゅーさん / 愛のぴよ子 / 百華百彩久連子 / 碧海のオフタルもん
1,1562,em-900d96f0b1d7,修験くまのたん,12,400,1200,3,attack_buff,0.2139,0.3611,170,30,8,いいえ,修験くまのたん / ノローニャ・パイセン / 田島の春 / 跛荒の鉄男大先生 / シミ
1,1563,em-3307021ed6b3,なっとくん,4,286,311,3,skill_reduction,0.2138,0.3889,192,8,8,いいえ,なっとくん / vにゅーさん / 愛のぴよ子 / 百華百彩久連子 / 碧海のオフタルもん
1,1564,em-2d076c59c4b7,わんこーラスそば,6,600,700,3,heal,0.2137,0.375,194,6,8,いいえ,わんこーラスそば / vにゅーさん / 愛のぴよ子 / 百華百彩久連子 / 碧海のオフタルもん
1,1565,em-c9268ab25340,大森銀さま,10,1600,200,3,damage_reduction,0.2134,0.3819,188,12,8,いいえ,大森銀さま / 北間・クラリス嬢 / 哀哭のオオウミガラス / 百華百彩久連子 / 財閥だ浅ちゃん！
1,1566,em-a84e9301da18,パワフル☆ばん馬ばん,5,600,350,4,attack_buff,0.2129,0.3889,178,22,8,いいえ,パワフル☆ばん馬ばん / vにゅーさん / 愛のぴよ子 / 家族贖罪という字面 / 碧海のオフタルもん
1,1567,em-75066f4bfd55,くーにょん,6,600,700,4,attack_buff,0.2127,0.375,198,2,8,いいえ,くーにょん / ノローニャ・パイセン / 伊予・タウロス / 跛荒の鉄男大先生 / 財閥だ浅ちゃん！
1,1568,em-2b3991ed5705,伝統の牛タソ,10,600,100,4,guard,0.2126,0.3958,188,12,8,いいえ,伝統の牛タソ / 北間・クラリス嬢 / 哀哭のオオウミガラス / 百華百彩久連子 / 財閥だ浅ちゃん！
1,1569,em-47063c22130f,わんこースそば,4,300,400,3,heal,0.2125,0.3889,192,8,8,いいえ,わんこースそば / vにゅーさん / 愛のぴよ子 / 百華百彩久連子 / 碧海のオフタルもん
1,1570,em-039828fc85d9,ひろしマン・改,6,400,400,3,heal,0.2124,0.3889,194,6,8,いいえ,ひろしマン・改 / vにゅーさん / 愛のぴよ子 / 百華百彩久連子 / 碧海のオフタルもん
1,1571,em-e1a6af095fc1,驀進叡智通,7,450,530,4,attack_buff,0.2123,0.3819,192,8,8,いいえ,驀進叡智通 / 北間・クラリス嬢 / 哀哭のオオウミガラス / 百華百彩久連子 / ラパヌイ先生
1,1572,em-3604a59c8292,囃せ！どんちっちん,12,1000,700,7,aoe_attack,0.2123,0.375,197,3,8,いいえ,囃せ！どんちっちん / 北間・クラリス嬢 / 哀哭のオオウミガラス / 百華百彩久連子 / ラパヌイ先生
1,1573,em-9c69c811a77c,ヤック・ザ・ナイト,8,600,700,5,multi_hit_attack,0.2122,0.375,166,34,8,いいえ,ヤック・ザ・ナイト / ノローニャ・パイセン / 田島の春 / 跛荒の鉄男大先生 / シミ
1,1574,em-08381d79cfef,大森銀さん,5,1300,150,4,damage_reduction,0.2119,0.3819,183,17,8,いいえ,大森銀さん / 北間・クラリス嬢 / 哀哭のオオウミガラス / 百華百彩久連子 / 財閥だ浅ちゃん！
1,1575,em-860d0191c03c,太子くん,8,650,590,2,heal,0.2119,0.375,196,4,8,いいえ,太子くん / vにゅーさん / 愛のぴよ子 / 百華百彩久連子 / 碧海のオフタルもん
1,1576,em-79dd6c0e027e,ロックなじとっ子君,6,365,585,5,attack_buff,0.2115,0.3819,179,21,8,いいえ,ロックなじとっ子君 / vにゅーさん / 愛のぴよ子 / 家族贖罪という字面 / 碧海のオフタルもん
1,1577,em-fe5e7769aa81,鹿苑先輩,5,390,390,5,revive,0.2115,0.3819,183,17,8,いいえ,鹿苑先輩 / 北間・クラリス嬢 / 哀哭のオオウミガラス / 百華百彩久連子 / 財閥だ浅ちゃん！
1,1578,em-9599a14be3a9,歴戦の剣闘士,10,350,1058,5,attack_buff,0.2113,0.3681,183,17,8,いいえ,歴戦の剣闘士 / vにゅーさん / 愛のぴよ子 / 家族贖罪という字面 / 碧海のオフタルもん
1,1579,em-f5eb41dbe671,たたらん先輩,9,600,400,4,attack_buff,0.2112,0.3819,194,6,8,いいえ,たたらん先輩 / 北間・クラリス嬢 / 哀哭のオオウミガラス / 百華百彩久連子 / ラパヌイ先生
1,1580,em-41c1f9333ff6,エグいできっしん,12,342,1062,5,attack_buff,0.211,0.3681,185,15,8,いいえ,エグいできっしん / vにゅーさん / 愛のぴよ子 / 家族贖罪という字面 / 碧海のオフタルもん
1,1581,em-ca4955abcfb2,水の供犠ぴよ子,4,120,120,0,none,0.2109,0.3958,182,18,8,いいえ,水の供犠ぴよ子 / 北間・クラリス嬢 / 哀哭のオオウミガラス / 百華百彩久連子 / 財閥だ浅ちゃん！
1,1582,em-220d63bfc07c,ハントンくん,3,350,500,8,multi_hit_attack,0.2109,0.3819,200,0,8,いいえ,ハントンくん / vにゅーさん / 哀哭のオオウミガラス / ブハラ師匠 / 御嶽さん
1,1583,em-b7a8623e2b49,のぶくろくん,8,500,700,8,aoe_attack,0.2109,0.375,166,34,8,いいえ,のぶくろくん / ノローニャ・パイセン / 田島の春 / 跛荒の鉄男大先生 / シミ
1,1584,em-9999a53f68e1,牛タソ,5,500,50,3,guard,0.2104,0.3889,167,33,8,いいえ,牛タソ / ノローニャ・パイセン / 得琉田浜蔵 / 三貴子ツクヨミ / 御嶽さん
1,1585,em-2d8f15eaba64,のぶくろさん,12,700,900,7,aoe_attack,0.2104,0.3681,170,30,8,いいえ,のぶくろさん / ノローニャ・パイセン / 田島の春 / 跛荒の鉄男大先生 / シミ
1,1586,em-54897d4f731d,ケンＺＯ２号,5,200,580,5,attack_buff,0.2103,0.3819,178,22,8,いいえ,ケンＺＯ２号 / vにゅーさん / 愛のぴよ子 / 家族贖罪という字面 / 碧海のオフタルもん
1,1587,em-5e86bff12fb7,ピリ辛ふとし君,5,211,569,5,attack_buff,0.2102,0.3819,178,22,8,いいえ,ピリ辛ふとし君 / vにゅーさん / 愛のぴよ子 / 家族贖罪という字面 / 碧海のオフタルもん
1,1588,em-1926af92f1af,カカカのカ次郎,5,500,300,5,delay,0.2102,0.375,183,17,8,いいえ,カカカのカ次郎 / 北間・クラリス嬢 / 哀哭のオオウミガラス / 百華百彩久連子 / 財閥だ浅ちゃん！
1,1589,em-5c8b9af61816,ぴっよコイン先生,60,1111,1111,12,damage_reduction,0.2102,0.3611,187,13,8,いいえ,ぴっよコイン先生 / 北間・クラリス嬢 / 田島の春 / 財閥だ浅ちゃん！ / 八狗神伏姫様
1,1590,em-03fc13420b08,鳴子お嬢様,8,600,600,6,aoe_attack,0.2099,0.375,181,19,8,いいえ,鳴子お嬢様 / vにゅーさん / 愛のぴよ子 / 家族贖罪という字面 / 碧海のオフタルもん
1,1591,em-1d206f58d0b7,マッキ,6,600,300,4,damage_reduction,0.2098,0.3819,184,16,8,いいえ,マッキ / 北間・クラリス嬢 / 哀哭のオオウミガラス / 百華百彩久連子 / 財閥だ浅ちゃん！
1,1592,em-422fdd383a00,芋煮百太郎,7,680,300,5,multi_hit_attack,0.2097,0.3819,200,0,8,いいえ,芋煮百太郎 / 脱力コンビあろま＆るる / きぬたン / 三貴子ツクヨミ / 御嶽さん
1,1593,em-2a715d5b73f6,白水師匠,12,780,820,6,aoe_attack,0.2097,0.3681,197,3,8,いいえ,白水師匠 / 北間・クラリス嬢 / 哀哭のオオウミガラス / 百華百彩久連子 / ラパヌイ先生
1,1594,em-5a100f5215c1,オリバーTHEトイ,6,300,600,3,attack_buff,0.2095,0.375,164,36,8,いいえ,オリバーTHEトイ / ノローニャ・パイセン / 田島の春 / 跛荒の鉄男大先生 / シミ
1,1595,em-b4d695a20bfa,ハズク姉さん,12,700,600,7,multi_hit_attack,0.2095,0.375,185,15,8,いいえ,ハズク姉さん / vにゅーさん / 愛のぴよ子 / 家族贖罪という字面 / 碧海のオフタルもん
1,1596,em-377c63de8d80,極・S.K.O.Tちゃん,6,1150,300,4,heal,0.2094,0.375,184,16,8,いいえ,極・S.K.O.Tちゃん / 北間・クラリス嬢 / 哀哭のオオウミガラス / 百華百彩久連子 / 財閥だ浅ちゃん！
1,1597,em-b34fc14eb133,ピカリャーは眠らない,10,800,1000,5,multi_hit_attack,0.2094,0.3611,168,32,8,いいえ,ピカリャーは眠らない / ノローニャ・パイセン / 田島の春 / 跛荒の鉄男大先生 / シミ
1,1598,em-f7484444c08c,じとっ子君,5,285,495,5,attack_buff,0.2091,0.3819,178,22,8,いいえ,じとっ子君 / vにゅーさん / 愛のぴよ子 / 家族贖罪という字面 / 碧海のオフタルもん
1,1599,em-a368a20e3521,ベッピーちゃん,8,611,595,5,attack_buff,0.209,0.375,196,4,8,いいえ,ベッピーちゃん / vにゅーさん / 愛のぴよ子 / 百華百彩久連子 / 碧海のオフタルもん
1,1600,em-eb78da4b3f28,えるたそ,6,500,400,4,attack_buff,0.2087,0.3819,198,2,8,いいえ,えるたそ / ノローニャ・パイセン / 伊予・タウロス / 跛荒の鉄男大先生 / 財閥だ浅ちゃん！
1,1601,em-ccd4db81276f,夜間学校な浅子さん,5,200,500,5,attack_buff,0.2085,0.3819,178,22,8,いいえ,夜間学校な浅子さん / vにゅーさん / 愛のぴよ子 / 家族贖罪という字面 / 碧海のオフタルもん
1,1602,em-1d111df2ae70,ヤックです,5,300,400,7,multi_hit_attack,0.2085,0.3819,198,2,8,いいえ,ヤックです / 脱力コンビあろま＆るる / きぬたン / 三貴子ツクヨミ / 御嶽さん
1,1603,em-0697e2f112ca,ケンＺＯ１号,4,102,510,5,attack_buff,0.2083,0.3819,177,23,8,いいえ,ケンＺＯ１号 / vにゅーさん / 愛のぴよ子 / 家族贖罪という字面 / 碧海のオフタルもん
1,1604,em-f074d8bb177d,たっくん,4,95,507,5,attack_buff,0.2082,0.3819,177,23,8,いいえ,たっくん / vにゅーさん / 愛のぴよ子 / 家族贖罪という字面 / 碧海のオフタルもん
1,1605,em-ec6b6491e6a3,ベッピー先生,15,808,792,5,attack_buff,0.2081,0.3681,173,27,8,いいえ,ベッピー先生 / ノローニャ・パイセン / 田島の春 / 跛荒の鉄男大先生 / シミ
1,1606,em-e668f3d46f31,超・S.K.O.Tちゃん,5,950,250,5,heal,0.208,0.375,183,17,8,いいえ,超・S.K.O.Tちゃん / 北間・クラリス嬢 / 哀哭のオオウミガラス / 百華百彩久連子 / 財閥だ浅ちゃん！
1,1607,em-20b521a22027,ふとし君,4,111,491,5,attack_buff,0.2079,0.3819,177,23,8,いいえ,ふとし君 / vにゅーさん / 愛のぴよ子 / 家族贖罪という字面 / 碧海のオフタルもん
1,1608,em-4a86c88e71a1,デンマーくん,3,600,300,3,guard,0.2079,0.375,181,19,8,いいえ,デンマーくん / 北間・クラリス嬢 / 哀哭のオオウミガラス / 百華百彩久連子 / 財閥だ浅ちゃん！
1,1609,em-c4c0bb3e4292,あっぴーちゃん,3,600,300,3,heal,0.2079,0.375,181,19,8,いいえ,あっぴーちゃん / 北間・クラリス嬢 / 哀哭のオオウミガラス / 百華百彩久連子 / 財閥だ浅ちゃん！
1,1610,em-4ccfc2b986b5,舞え！どんちっちん,8,900,600,8,aoe_attack,0.2079,0.3681,181,19,8,いいえ,舞え！どんちっちん / vにゅーさん / 愛のぴよ子 / 家族贖罪という字面 / 碧海のオフタルもん
1,1611,em-6ffc5801eae4,ぎょざる,4,293,312,6,aoe_attack,0.2077,0.3819,177,23,8,いいえ,ぎょざる / vにゅーさん / 愛のぴよ子 / 家族贖罪という字面 / 碧海のオフタルもん
1,1612,em-7c00cb96c261,バイオうおぬまンダー,12,700,1100,5,aoe_attack,0.2077,0.3611,182,18,8,いいえ,バイオうおぬまンダー / vにゅーさん / 哀哭のオオウミガラス / ブハラ師匠 / ハリウッドナナコ師匠
1,1613,em-564e1dfe9c75,コニーちゃん,3,300,300,4,damage_reduction,0.2076,0.3819,181,19,8,いいえ,コニーちゃん / 北間・クラリス嬢 / 哀哭のオオウミガラス / 百華百彩久連子 / 財閥だ浅ちゃん！
1,1614,em-02dd665173e3,超回復！反魂タン,6,600,700,4,revive,0.2075,0.3681,184,16,8,いいえ,超回復！反魂タン / 北間・クラリス嬢 / 哀哭のオオウミガラス / 百華百彩久連子 / 財閥だ浅ちゃん！
1,1615,em-89b0c363f296,川越マン,8,415,798,4,attack_buff,0.2074,0.3681,196,4,8,いいえ,川越マン / vにゅーさん / 愛のぴよ子 / 百華百彩久連子 / 碧海のオフタルもん
1,1616,em-ceae46610053,火の供犠ぴよ子,4,120,120,0,none,0.2073,0.3889,182,18,8,いいえ,火の供犠ぴよ子 / 北間・クラリス嬢 / 哀哭のオオウミガラス / 百華百彩久連子 / 財閥だ浅ちゃん！
1,1617,em-40b14b1190a7,芳一先生,6,600,700,5,revive,0.2069,0.3681,184,16,8,いいえ,芳一先生 / 北間・クラリス嬢 / 哀哭のオオウミガラス / 百華百彩久連子 / 財閥だ浅ちゃん！
1,1618,em-737d1a27052c,じとっ子,4,202,410,5,attack_buff,0.2068,0.3819,177,23,8,いいえ,じとっ子 / vにゅーさん / 愛のぴよ子 / 家族贖罪という字面 / 碧海のオフタルもん
1,1619,em-f2bb13033bf0,鳴子ちゃん,3,300,300,8,aoe_attack,0.2068,0.3819,200,0,8,いいえ,鳴子ちゃん / vにゅーさん / 哀哭のオオウミガラス / ブハラ師匠 / 御嶽さん
1,1620,em-32b98839a4c2,派遣社員だ浅子さん,6,380,600,5,attack_buff,0.2068,0.375,179,21,8,いいえ,派遣社員だ浅子さん / vにゅーさん / 愛のぴよ子 / 家族贖罪という字面 / 碧海のオフタルもん
1,1621,em-74ebc57ab0a9,ニーハオさん,12,397,1216,5,attack_buff,0.2068,0.3542,170,30,8,いいえ,ニーハオさん / ノローニャ・パイセン / 田島の春 / 跛荒の鉄男大先生 / シミ
1,1622,em-24ccb3f9affa,むりょく,5,159,144,5,guard,0.2066,0.3889,183,17,8,いいえ,むりょく / 北間・クラリス嬢 / 哀哭のオオウミガラス / 百華百彩久連子 / 財閥だ浅ちゃん！
1,1623,em-16634f0d7475,どーよさん,12,400,1200,5,attack_buff,0.2065,0.3542,170,30,8,いいえ,どーよさん / ノローニャ・パイセン / 田島の春 / 跛荒の鉄男大先生 / シミ
1,1624,em-b523340b244f,金のドナドナぴよ子,4,100,100,0,none,0.2064,0.3889,182,18,8,いいえ,金のドナドナぴよ子 / 北間・クラリス嬢 / 哀哭のオオウミガラス / 百華百彩久連子 / 財閥だ浅ちゃん！
1,1625,em-5d524aa44032,元祖・銘菓ぴよ子,8,605,625,4,multi_hit_attack,0.2062,0.3681,166,34,8,いいえ,元祖・銘菓ぴよ子 / ノローニャ・パイセン / 田島の春 / 跛荒の鉄男大先生 / シミ
1,1626,em-4b8a1db2788c,ニートな浅子さん,4,112,418,5,attack_buff,0.2061,0.3819,177,23,8,いいえ,ニートな浅子さん / vにゅーさん / 愛のぴよ子 / 家族贖罪という字面 / 碧海のオフタルもん
1,1627,em-9aec6212c779,白水兄さん,8,580,626,8,aoe_attack,0.206,0.3681,181,19,8,いいえ,白水兄さん / vにゅーさん / 愛のぴよ子 / 家族贖罪という字面 / 碧海のオフタルもん
1,1628,em-0828dfd9c618,トーマスん,8,560,645,5,attribute_change,0.2058,0.3681,186,14,8,いいえ,トーマスん / 北間・クラリス嬢 / 哀哭のオオウミガラス / 百華百彩久連子 / 財閥だ浅ちゃん！
1,1629,em-7a89b660417d,くーちゃん,5,400,500,4,attack_buff,0.2056,0.375,193,7,8,いいえ,くーちゃん / vにゅーさん / 愛のぴよ子 / 百華百彩久連子 / 碧海のオフタルもん
1,1630,em-7976e2f3d65d,迷菓ぴよ子先輩,5,502,530,5,attack_buff,0.204,0.3681,200,0,8,いいえ,迷菓ぴよ子先輩 / 脱力コンビあろま＆るる / 得琉田浜蔵 / 三貴子ツクヨミ / ヘラクレス先輩
1,1631,em-4d6fe3f2c9ae,くーさん,3,300,400,4,attack_buff,0.2038,0.375,191,9,8,いいえ,くーさん / vにゅーさん / 愛のぴよ子 / 百華百彩久連子 / 碧海のオフタルもん
1,1632,em-fb5bfa8a3429,ひろしマン,4,300,300,3,heal,0.2033,0.375,182,18,8,いいえ,ひろしマン / 北間・クラリス嬢 / 哀哭のオオウミガラス / 百華百彩久連子 / 財閥だ浅ちゃん！
1,1633,em-30cf649c4daf,けいび,5,295,300,5,attribute_guard,0.2033,0.375,183,17,8,いいえ,けいび / 北間・クラリス嬢 / 哀哭のオオウミガラス / 百華百彩久連子 / 財閥だ浅ちゃん！
1,1634,em-c879fe74178e,唸る！叡智通,5,370,410,4,attack_buff,0.2031,0.375,193,7,8,いいえ,唸る！叡智通 / vにゅーさん / 愛のぴよ子 / 百華百彩久連子 / 碧海のオフタルもん
1,1635,em-b0564825039b,わんこールそば,3,200,300,3,heal,0.2029,0.375,181,19,8,いいえ,わんこールそば / 北間・クラリス嬢 / 哀哭のオオウミガラス / 百華百彩久連子 / 財閥だ浅ちゃん！
1,1636,em-09c253fd0a61,オリバーTHEドッグ,5,200,500,3,attack_buff,0.2012,0.3681,163,37,8,いいえ,オリバーTHEドッグ / ノローニャ・パイセン / 田島の春 / 跛荒の鉄男大先生 / シミ
1,1637,em-0f4d66009260,叡智通,4,280,332,4,attack_buff,0.2009,0.375,192,8,8,いいえ,叡智通 / vにゅーさん / 愛のぴよ子 / 百華百彩久連子 / 碧海のオフタルもん
1,1638,em-b3d6d1b7e1a8,たたらん,6,500,300,5,attack_buff,0.2008,0.375,198,2,8,いいえ,たたらん / ノローニャ・パイセン / 伊予・タウロス / 跛荒の鉄男大先生 / 財閥だ浅ちゃん！
1,1639,em-8532615661b1,ハズクさん,10,500,400,8,multi_hit_attack,0.2003,0.3681,183,17,8,いいえ,ハズクさん / vにゅーさん / 愛のぴよ子 / 家族贖罪という字面 / 碧海のオフタルもん
1,1640,em-f7612fbdd637,大森さん,3,1000,100,5,damage_reduction,0.1987,0.3611,181,19,8,いいえ,大森さん / 北間・クラリス嬢 / 哀哭のオオウミガラス / 百華百彩久連子 / 財閥だ浅ちゃん！
1,1641,em-4e24a668056b,やよいチゥりっぷ,6,900,100,4,attribute_change,0.1986,0.3681,184,16,8,いいえ,やよいチゥりっぷ / 北間・クラリス嬢 / 哀哭のオオウミガラス / 百華百彩久連子 / 財閥だ浅ちゃん！
1,1642,em-f7eb502f39f3,芋煮十郎,5,580,200,6,multi_hit_attack,0.1981,0.3681,198,2,8,いいえ,芋煮十郎 / 脱力コンビあろま＆るる / きぬたン / 三貴子ツクヨミ / 御嶽さん
1,1643,em-2ce242ee5866,スノーメン,5,1300,200,5,attack_buff,0.1973,0.3611,163,37,8,いいえ,スノーメン / ノローニャ・パイセン / 田島の春 / 跛荒の鉄男大先生 / シミ
1,1644,em-fa9285840bae,白虎むりょく,4,158,149,5,attack_buff,0.1966,0.375,177,23,8,いいえ,白虎むりょく / vにゅーさん / 愛のぴよ子 / 家族贖罪という字面 / 碧海のオフタルもん
1,1645,em-081cdc2b5b45,スノーボーイ,4,1000,100,6,attack_buff,0.1948,0.3611,200,0,8,いいえ,スノーボーイ / 脱力コンビあろま＆るる / 哀哭のオオウミガラス / 跛荒の鉄男大先生 / 御嶽さん
1,1646,em-71b88b3e60d7,迷菓ぴよ子,4,346,356,5,attack_buff,0.1927,0.3611,192,8,8,いいえ,迷菓ぴよ子 / vにゅーさん / 愛のぴよ子 / 百華百彩久連子 / 碧海のオフタルもん
1,1647,em-dc6446295503,ハズクちゃん,8,400,300,9,multi_hit_attack,0.1925,0.3611,193,7,8,いいえ,ハズクちゃん / 北間・クラリス嬢 / 哀哭のオオウミガラス / 百華百彩久連子 / ラパヌイ先生
1,1648,em-eb4ef5fa8f2f,応援ぴよ子団長,60,1111,1111,12,attack_buff,0.1924,0.3333,195,5,7,いいえ,応援ぴよ子団長 / 脱力コンビあろま＆るる / 愛のぴよ子 / ????? / 碧海のオフタルもん
1,1649,em-4052b050ef42,白虎けいび,4,295,300,5,attack_buff,0.1922,0.3611,177,23,8,いいえ,白虎けいび / vにゅーさん / 愛のぴよ子 / 家族贖罪という字面 / 碧海のオフタルもん
1,1650,em-2a54c7e36890,ばん馬ばん,4,400,250,5,attack_buff,0.192,0.3611,177,23,8,いいえ,ばん馬ばん / vにゅーさん / 愛のぴよ子 / 家族贖罪という字面 / 碧海のオフタルもん
1,1651,em-c19b90bf546d,芋煮太郎,4,510,102,7,multi_hit_attack,0.1919,0.3611,177,23,8,いいえ,芋煮太郎 / vにゅーさん / 愛のぴよ子 / 家族贖罪という字面 / 碧海のオフタルもん
1,1652,em-0277eca3d9cf,ゆる神の像＆ピヨか？,60,426,511,3,guard,0.1695,0.3194,187,13,8,いいえ,ゆる神の像＆ピヨか？ / 北間・クラリス嬢 / 田島の春 / 財閥だ浅ちゃん！ / 八狗神伏姫様
1,1653,em-207f3b89da64,ピンギヌスのたまご,100,1,1,1,damage_reduction,0.1514,0.3194,200,0,8,いいえ,ピンギヌスのたまご / コロちゃん / 田島の春 / 愛のぴよ子 / 財閥だ浅ちゃん！
1,1654,em-53ece7a43871,キステチスのたまご,100,1,1,40,guard,0.1477,0.3125,200,0,8,いいえ,キステチスのたまご / コロちゃん / 田島の春 / 愛のぴよ子 / 財閥だ浅ちゃん！
1,1655,em-0454ff15fbd8,米倉英夫(ゆる),55,1,1,55,attribute_change,0.144,0.3056,196,4,8,いいえ,米倉英夫(ゆる) / vにゅーさん / トランシルヴァニア家族 / 愛のぴよ子 / 財閥だ浅ちゃん！
1,1656,em-0c70f71e4c1a,ルナのたまご,100,1,1,999,attack_buff,0.131,0.2778,193,7,7,いいえ,ルナのたまご / コロちゃん / 田島の春 / みどりのたけしマン / 巨大カンテツ
1,1657,em-7fe5a2875793,米倉英子(大学生),55,1,1,555,attack_buff,0.131,0.2778,198,2,7,いいえ,米倉英子(大学生) / 脱力コンビあろま＆るる / 愛のぴよ子 / みどりのたけしマン / 碧海のオフタルもん
1,1658,em-0ee8cd6c9dab,黄金時代！K・ワンダー,60,3,3,1,multi_hit_attack,0.1269,0.2778,193,7,7,いいえ,黄金時代！K・ワンダー / コロちゃん / 得琉田浜蔵 / 三貴子ツクヨミ / 八狗神伏姫様
1,1659,em-4ee2ea427154,タルタルなたまご,100,1,1,12,attribute_change,0.1183,0.2639,194,6,7,いいえ,タルタルなたまご / vにゅーさん / サルパちゃん / 愛のぴよ子 / 旧市街地の魔物
1,1660,em-0c2d5864e3da,グルグルなたまご,100,1,1,100,delay,0.1134,0.2569,194,6,7,いいえ,グルグルなたまご / vにゅーさん / サルパちゃん / 愛のぴよ子 / 旧市街地の魔物
2,1,em-8f7b014ebd06,すわ子isGOD！,18,2254,2737,2,multi_hit_attack,0.4415,0.5833,198,2,8,いいえ,ウサウサ八幡 / すわ子isGOD！ / ????? / ブハラ師匠 / 財閥だ浅ちゃん！
2,2,em-7a8f08b97855,カルボ姉（ねえ）,18,3792,2556,1,multi_hit_attack,0.4289,0.5208,198,2,8,いいえ,ウサウサ八幡 / カルボ姉（ねえ） / ????? / ブハラ師匠 / 財閥だ浅ちゃん！
2,3,em-0fd17c65da62,大患部！ぴよ子大佐,18,2415,2861,2,multi_hit_attack,0.4162,0.5694,198,2,8,いいえ,ウサウサ八幡 / 大患部！ぴよ子大佐 / ????? / ブハラ師匠 / 財閥だ浅ちゃん！
2,4,em-6d8ed6eb36b3,えかちぇたん,25,4260,2385,1,multi_hit_attack,0.4125,0.4792,200,0,8,いいえ,有砂小町 / えかちぇたん / 哀哭のオオウミガラス / 花火戦隊サイガーRe / 巨大カンテツ
2,5,em-5266a394fb35,伊予・タウロス,60,4430,4941,2,multi_hit_attack,0.4059,0.4583,197,3,8,いいえ,有砂小町 / 伊予・タウロス / 愛のぴよ子 / ????? / 碧海のオフタルもん
2,6,em-d518108f13e3,トランシルヴァニア家族,45,5350,6059,2,multi_hit_attack,0.3982,0.4306,199,1,8,いいえ,ダリア・宮子・9 / トランシルヴァニア家族 / 田島の春 / みどりのたけしマン / ラパヌイ先生
2,7,em-9413da55b7e0,ヤマピカリャーコ,47,4515,5095,2,multi_hit_attack,0.3937,0.4583,200,0,8,いいえ,うさ☆八幡さま / ヤマピカリャーコ / トリニダの怪人 / 花火戦隊サイガーRe / 八狗神伏姫様
2,8,em-2f36c9341591,☆龍神☆尊氏様,85,9372,5623,2,multi_hit_attack,0.3921,0.4097,198,2,8,いいえ,vにゅーさん / ☆龍神☆尊氏様 / 愛のぴよ子 / みどりのたけしマン / 御嶽さん
2,9,em-6d3c1934f67c,エンパさんの夏,50,5623,4430,2,aoe_attack,0.3889,0.4792,194,6,8,いいえ,ウサウサ八幡 / エンパさんの夏 / トリニダの怪人 / 諏訪子成長期 / ハリウッドナナコ師匠
2,10,em-dba7b79429bc,サルパ王＆女王,60,5453,3748,2,multi_hit_attack,0.3886,0.4583,197,3,8,いいえ,有砂小町 / サルパ王＆女王 / 愛のぴよ子 / ????? / 碧海のオフタルもん
2,11,em-5b1667b398d0,?????,46,4430,5112,2,multi_hit_attack,0.3874,0.4583,168,32,8,いいえ,日本海女中 / ????? / きぬたン / ブハラ師匠 / シミ
2,12,em-3e2d46063b3e,なっとくん様,70,8026,4618,1,skill_reduction,0.3854,0.4236,195,5,8,いいえ,vにゅーさん / なっとくん様 / トランシルヴァニア家族 / オペラハウス侯爵 / ハリウッドナナコ師匠
2,13,em-682cda3863fb,脱力コンビあろま＆るる,48,3067,5623,2,skill_reduction,0.3822,0.4931,198,2,8,いいえ,ダリア・宮子・9 / 脱力コンビあろま＆るる / ????? / 百華百彩久連子 / 財閥だ浅ちゃん！
2,14,em-437f98caf8e3,ぺた也君,35,4710,3006,1,multi_hit_attack,0.3807,0.4444,200,0,8,いいえ,vにゅーさん / ぺた也君 / デロスの月陽姉弟 / 諏訪子成長期 / 八狗神伏姫様
2,15,em-b78d9042e361,サルパちゃん,28,4362,3748,2,multi_hit_attack,0.3795,0.4444,198,2,8,いいえ,ダリア・宮子・9 / サルパちゃん / 伊予・タウロス / みどりのたけしマン / ラパヌイ先生
2,16,em-bb22778026f9,吸血さん,43,6645,2839,1,attribute_guard,0.3779,0.5625,190,10,8,いいえ,vにゅーさん / 吸血さん / 愛のぴよ子 / 跛荒の鉄男大先生 / 財閥だ浅ちゃん！
2,17,em-bdcce3725e8b,修験鬼ギュウちゃん,85,9372,5453,1,damage_reduction,0.3771,0.5347,199,1,8,いいえ,vにゅーさん / 修験鬼ギュウちゃん / 愛のぴよ子 / クェーサルと仲間たち / 財閥だ浅ちゃん！
2,18,em-a818769b8b91,田島の春,44,1618,5112,2,multi_hit_attack,0.3759,0.4236,187,13,8,いいえ,有砂小町 / 田島の春 / ﾌﾗﾝﾀﾞｰｽのわんわんお / 花火戦隊サイガーRe / シミ
2,19,em-cc181917eaeb,無双中な宗茂さん,60,6405,4941,2,aoe_attack,0.3751,0.4167,196,4,8,いいえ,ハリウッドナナコ師匠 / 無双中な宗茂さん / デロスの月陽姉弟 / ????? / 碧海のオフタルもん
2,20,em-6f409bf9b5bd,素敵なステチュさん,14,211,2115,2,damage_reduction,0.3722,0.6528,198,2,8,いいえ,ウサウサ八幡 / 素敵なステチュさん / 愛のぴよ子 / 跛荒の鉄男大先生 / 財閥だ浅ちゃん！
2,21,em-e15fbf6ecd0c,シャーロック&エッジュ,41,4260,5112,2,skill_reduction,0.3706,0.4583,188,12,8,いいえ,日本海女中 / シャーロック&エッジュ / きぬたン / ブハラ師匠 / ラパヌイ先生
2,22,em-6262a008b5c9,脱力コンビあろま＆るる,38,3067,5623,2,skill_reduction,0.3653,0.4375,179,21,8,いいえ,vにゅーさん / 脱力コンビあろま＆るる / トランシルヴァニア家族 / 愛のぴよ子 / 財閥だ浅ちゃん！
2,23,em-814151a5ca65,登別ッキー,35,2556,6134,2,skill_reduction,0.3646,0.4375,176,24,8,いいえ,vにゅーさん / 登別ッキー / トランシルヴァニア家族 / 愛のぴよ子 / 財閥だ浅ちゃん！
2,24,em-378e340695dc,スクナクナクナクス,50,6816,3408,2,aoe_attack,0.3598,0.4375,194,6,8,いいえ,ウサウサ八幡 / スクナクナクナクス / トリニダの怪人 / 諏訪子成長期 / ハリウッドナナコ師匠
2,25,em-d7873747b412,藤のフヒッティ,75,10735,3578,1,damage_reduction,0.3571,0.4653,186,14,8,いいえ,青玉の供犠ぴよ子 / 藤のフヒッティ / トランシルヴァニア家族 / 花火戦隊サイガーRe / 巨大カンテツ
2,26,em-0e9d90fcbf69,テオティワちーちゃん,66,11928,149,1,multi_hit_attack,0.3569,0.5139,200,0,9,いいえ,(Ｕ^ω^)亭馬琴 / テオティワちーちゃん / デロスの月陽姉弟 / 諏訪子成長期 / 八狗神伏姫様
2,27,em-563e34211286,大抵カールのせい,50,4686,5112,1,damage_reduction,0.3565,0.5345,190,10,8,いいえ,ダリア・宮子・9 / 大抵カールのせい / トマティーナ少佐 / 諏訪子成長期 / ダル飯☆杏
2,28,em-cc5e3cfa7400,綺麗なソフィアさん,62,7157,1704,1,multi_hit_attack,0.3542,0.4167,199,1,8,いいえ,有砂小町 / 綺麗なソフィアさん / 愛のぴよ子 / ????? / 碧海のオフタルもん
2,29,em-13a4725c1c03,砂のんべぇ,20,3220,1288,1,multi_hit_attack,0.3538,0.5,200,0,8,いいえ,ウサウサ八幡 / 砂のんべぇ / ????? / ブハラ師匠 / 財閥だ浅ちゃん！
2,30,em-2b266990d35f,エトナさん・ＦＸ,50,5673,2130,1,aoe_attack,0.3532,0.4444,194,6,8,いいえ,ウサウサ八幡 / エトナさん・ＦＸ / トリニダの怪人 / 諏訪子成長期 / ハリウッドナナコ師匠
2,31,em-6ceef8f285a4,可愛馬！真純ちゃん,41,5964,4566,2,multi_hit_attack,0.3531,0.4722,163,37,8,いいえ,日本海女中 / 可愛馬！真純ちゃん / きぬたン / ブハラ師匠 / シミ
2,32,em-08c96cb40803,ノローニャ・パイセン,43,5964,3410,1,attack_buff,0.3523,0.5139,187,13,8,いいえ,ダリア・宮子・9 / ノローニャ・パイセン / 田島の春 / みどりのたけしマン / 八狗神伏姫様
2,33,em-8d38e9c3aa92,オルカアタッカー虎子,70,9202,6134,1,attack_buff,0.3514,0.5208,195,5,8,いいえ,????? / オルカアタッカー虎子 / トランシルヴァニア家族 / 花火戦隊サイガーRe / シミ
2,34,em-4b24f34b41a1,レジェント・八郎ニキ,42,4941,852,1,multi_hit_attack,0.3507,0.4653,164,36,8,いいえ,日本海女中 / レジェント・八郎ニキ / きぬたン / ブハラ師匠 / シミ
2,35,em-4c2a43ecd770,ナンマトル君,14,2115,2115,2,skill_reduction,0.3485,0.5,199,1,8,いいえ,ウサウサ八幡 / ナンマトル君 / トランシルヴァニア家族 / 愛のぴよ子 / ラパヌイ先生
2,36,em-594e492a6818,ヤンなるネポムちゃん,50,3397,2930,1,attack_buff,0.3484,0.5556,192,8,8,いいえ,vにゅーさん / ヤンなるネポムちゃん / 超患部ぴよフェッサー / 諏訪子成長期 / 財閥だ浅ちゃん！
2,37,em-c0b8a38b4040,鹿喰らいの狼マン,47,4771,3748,2,multi_hit_attack,0.3484,0.4028,195,5,8,いいえ,vにゅーさん / 鹿喰らいの狼マン / 愛のぴよ子 / ????? / 碧海のオフタルもん
2,38,em-3e7e7e54a83d,妖精女王ミカーンニア,45,3408,4771,2,skill_reduction,0.3481,0.4514,195,5,8,いいえ,ダリア・宮子・9 / 妖精女王ミカーンニア / ????? / 百華百彩久連子 / 財閥だ浅ちゃん！
2,39,em-404f12535630,祇園祭の素戔嗚さま,88,5964,6390,2,multi_hit_attack,0.3476,0.3611,185,15,8,いいえ,ハリウッドナナコ師匠 / 祇園祭の素戔嗚さま / ????? / ブハラ師匠 / 財閥だ浅ちゃん！
2,40,em-433922ef3e4e,夏至祭のぺた也君,53,7266,2153,2,skill_reduction,0.3458,0.4236,199,1,8,いいえ,ダリア・宮子・9 / 夏至祭のぺた也君 / ????? / 跛荒の鉄男大先生 / 財閥だ浅ちゃん！
2,41,em-2b584e87473c,ウルルさんのオフ曜日,41,2958,6816,1,attack_buff,0.3453,0.5208,200,0,8,いいえ,有砂小町 / ウルルさんのオフ曜日 / ターヌムンゴネキ / ラパヌイ先生 / バビるわバビル君。
2,42,em-690b5b221287,メルクさん,17,2114,1812,2,aoe_attack,0.3452,0.5139,197,3,8,いいえ,ウサウサ八幡 / メルクさん / ????? / ブハラ師匠 / 財閥だ浅ちゃん！
2,43,em-480a0eef6d7b,ピカリャー射的ｽﾀｲﾙ,45,3786,3786,2,aoe_attack,0.3448,0.4167,199,1,8,いいえ,vにゅーさん / ピカリャー射的ｽﾀｲﾙ / 愛のぴよ子 / 跛荒の鉄男大先生 / ラパヌイ先生
2,44,em-5cd1890be20b,イーネちゃんの舟屋,41,3748,4771,1,guard,0.3417,0.4653,182,18,8,いいえ,vにゅーさん / イーネちゃんの舟屋 / トランシルヴァニア家族 / 愛のぴよ子 / 財閥だ浅ちゃん！
2,45,em-744815bd68e5,旋回のヘリコプリオン,75,8997,2675,2,aoe_attack,0.3414,0.4167,188,12,8,いいえ,vにゅーさん / 旋回のヘリコプリオン / 愛のぴよ子 / みどりのたけしマン / 御嶽さん
2,46,em-89a1a863b8a0,ベファーナさん二千歳,46,7200,1874,1,multi_hit_attack,0.3359,0.4167,189,11,8,いいえ,vにゅーさん / ベファーナさん二千歳 / ????? / ブハラ師匠 / 財閥だ浅ちゃん！
2,47,em-f13a3baa139d,伝説のビスカやん！,9,1893,1241,2,skill_reduction,0.3357,0.5069,194,6,8,いいえ,ウサウサ八幡 / 伝説のビスカやん！ / トランシルヴァニア家族 / 愛のぴよ子 / ラパヌイ先生
2,48,em-84589d5b3594,コロちゃん,11,1551,1551,1,attack_buff,0.3356,0.5208,196,4,8,いいえ,ウサウサ八幡 / コロちゃん / トランシルヴァニア家族 / 愛のぴよ子 / ラパヌイ先生
2,49,em-237ca774c5e5,ルナプリ☆かぐや様,66,8861,1584,1,aoe_attack,0.3354,0.4167,196,4,8,いいえ,vにゅーさん / ルナプリ☆かぐや様 / 愛のぴよ子 / 家族贖罪という字面 / 御嶽さん
2,50,em-d09d2f80d34e,トマティーナ少佐,16,3748,2130,2,multi_hit_attack,0.3344,0.4306,200,0,8,いいえ,ウサウサ八幡 / トマティーナ少佐 / 田島の春 / 愛のぴよ子 / ラパヌイ先生
2,51,em-898fce321115,にゅー師匠,22,1610,4186,1,guard,0.332,0.4653,193,7,8,いいえ,橘の元祖☆みっちー / にゅー師匠 / 愛のぴよ子 / 跛荒の鉄男大先生 / 財閥だ浅ちゃん！
2,52,em-258850fee1ca,時計塔の魔女娘,30,5523,1614,2,skill_reduction,0.3314,0.4097,187,13,8,いいえ,ダリア・宮子・9 / 時計塔の魔女娘 / 伊予・タウロス / みどりのたけしマン / 御嶽さん
2,53,em-d65d8f8b3d2e,エズ in スミス,20,3542,1771,1,attribute_guard,0.3311,0.5,198,2,8,いいえ,ウサウサ八幡 / エズ in スミス / トランシルヴァニア家族 / 愛のぴよ子 / 財閥だ浅ちゃん！
2,54,em-7e81ebc98ef9,稼働！K-MEN,57,6475,3067,1,guard,0.3307,0.4653,198,2,8,いいえ,vにゅーさん / 稼働！K-MEN / 愛のぴよ子 / 花火戦隊サイガーRe / 財閥だ浅ちゃん！
2,55,em-2f152df51cdc,エトナさん,50,5673,1704,1,aoe_attack,0.3297,0.4167,194,6,8,いいえ,ウサウサ八幡 / エトナさん / トリニダの怪人 / 諏訪子成長期 / ハリウッドナナコ師匠
2,56,em-14cb05f591ca,牛鬼だうわーっ！,45,3919,2556,2,multi_hit_attack,0.3288,0.4028,186,14,8,いいえ,vにゅーさん / 牛鬼だうわーっ！ / トマティーナ少佐 / ブハラ師匠 / 八狗神伏姫様
2,57,em-9667a89799b5,冬の双子姫,77,9628,4686,2,damage_reduction,0.3284,0.4861,200,0,8,いいえ,有砂小町 / 冬の双子姫 / 田島の春 / 愛のぴよ子 / モンさんミッシェル
2,58,em-228697ae4ca1,かつお☆カーニバル,7,1128,1198,2,skill_reduction,0.3275,0.5,192,8,8,いいえ,ウサウサ八幡 / かつお☆カーニバル / トランシルヴァニア家族 / 愛のぴよ子 / ラパヌイ先生
2,59,em-712f122e2051,オロモ君は欝気味,17,1536,2684,1,guard,0.3272,0.4792,193,7,8,いいえ,ハリウッドナナコ師匠 / オロモ君は欝気味 / デロスの月陽姉弟 / 百華百彩久連子 / 碧海のオフタルもん
2,60,em-474d7b7d3bbe,イチャン～(から),26,3606,2850,2,aoe_attack,0.3255,0.4097,191,9,8,いいえ,うさ☆八幡さま / イチャン～(から) / 愛のぴよ子 / みどりのたけしマン / 碧海のオフタルもん
2,61,em-418076b2d218,イシマンガリソ先輩,42,5367,3067,1,attribute_guard,0.3254,0.4931,189,11,8,いいえ,vにゅーさん / イシマンガリソ先輩 / 愛のぴよ子 / 跛荒の鉄男大先生 / 財閥だ浅ちゃん！
2,62,em-3c7a40d5b751,宇和島マタドーるん,19,2737,3059,1,damage_reduction,0.325,0.5139,195,5,8,いいえ,ハリウッドナナコ師匠 / 宇和島マタドーるん / デロスの月陽姉弟 / 百華百彩久連子 / 碧海のオフタルもん
2,63,em-85946f26dcf5,鉄人！ガヨーマルト,18,3381,1610,1,attribute_change,0.3246,0.5139,176,24,8,いいえ,ウサウサ八幡 / 鉄人！ガヨーマルト / トリニダの怪人 / 花火戦隊サイガーRe / 速いぞサラマンダー！
2,64,em-f203cae3d671,ペーチパイセン,9,1974,1100,1,attack_buff,0.3238,0.5,200,0,8,いいえ,ウサウサ八幡 / ペーチパイセン / 愛のぴよ子 / 跛荒の鉄男大先生 / ラパヌイ先生
2,65,em-ab3947962bd3,姫騎士なコンクさん,60,4856,3237,1,damage_reduction,0.3237,0.4792,200,0,8,いいえ,vにゅーさん / 姫騎士なコンクさん / 田島の春 / 愛のぴよ子 / 財閥だ浅ちゃん！
2,66,em-825d090d7d15,比保々田 真純,31,4601,3714,2,multi_hit_attack,0.3227,0.4444,198,2,8,いいえ,vにゅーさん / 比保々田 真純 / トランシルヴァニア家族 / 跛荒の鉄男大先生 / シミ
2,67,em-8b710fe84fda,モチノ・ウオ丸,32,3902,3254,1,attack_buff,0.3203,0.4931,186,14,8,いいえ,ダリア・宮子・9 / モチノ・ウオ丸 / 田島の春 / みどりのたけしマン / ラパヌイ先生
2,68,em-6d1e4c915f30,チートモードな楽趣味さん,48,5964,1278,1,multi_hit_attack,0.3191,0.4167,200,0,8,いいえ,うさ☆八幡さま / チートモードな楽趣味さん / ﾌﾗﾝﾀﾞｰｽのわんわんお / ブハラ師匠 / まそお姉ちゃん
2,69,em-52b1a63b86dd,ヤマさんヤミーさん,27,1288,3220,1,attack_buff,0.3171,0.4861,200,0,8,いいえ,日本海女中 / ヤマさんヤミーさん / 哀哭のオオウミガラス / 跛荒の鉄男大先生 / 御嶽さん
2,70,em-d5ed773d56cd,夏至祭のヴァサクサ君,18,3976,2156,2,skill_reduction,0.3152,0.4097,200,0,8,いいえ,ダリア・宮子・9 / 夏至祭のヴァサクサ君 / 田島の春 / 跛荒の鉄男大先生 / ラパヌイ先生
2,71,em-ee43bce0e25f,vにゅーさん,51,3567,5271,1,damage_reduction,0.3151,0.4444,160,40,8,いいえ,日本海女中 / vにゅーさん / ターヌムンゴネキ / ブハラ師匠 / シミ
2,72,em-501834a284b1,加賀友☆禅野さん,38,4175,4771,2,attribute_change,0.3149,0.5278,179,21,8,いいえ,ダリア・宮子・9 / 加賀友☆禅野さん / 田島の春 / みどりのたけしマン / 御嶽さん
2,73,em-d1302899cad6,ナポレオーヌ一世,32,3512,2930,1,attack_buff,0.3134,0.4931,195,5,8,いいえ,うさ☆八幡さま / ナポレオーヌ一世 / 愛のぴよ子 / 跛荒の鉄男大先生 / ラパヌイ先生
2,74,em-b2d6a846bb36,哀哭のオオウミガラス,75,9713,4941,2,damage_reduction,0.3129,0.4514,200,0,8,いいえ,vにゅーさん / 哀哭のオオウミガラス / トランシルヴァニア家族 / オペラハウス侯爵 / ハリウッドナナコ師匠
2,75,em-dfbe69861ff7,餅もちにくぁうさん,36,3449,3789,1,damage_reduction,0.3104,0.4792,198,2,8,いいえ,ダリア・宮子・9 / 餅もちにくぁうさん / 田島の春 / 諏訪子成長期 / 財閥だ浅ちゃん！
2,76,em-629cc99564e0,帝王ヒルズ様,17,1867,3333,1,attack_buff,0.31,0.5069,185,15,8,いいえ,有砂小町 / 帝王ヒルズ様 / トランシルヴァニア家族 / ブハラ師匠 / ダル飯☆杏
2,77,em-4d47f8a702ed,モヘン女ダロぉ,47,3374,6202,1,damage_reduction,0.3098,0.5,187,13,8,いいえ,ダリア・宮子・9 / モヘン女ダロぉ / トマティーナ少佐 / 諏訪子成長期 / ダル飯☆杏
2,78,em-7b76cc31326e,迷走のヴァニ江,36,4379,2505,2,damage_reduction,0.3097,0.5278,200,0,8,いいえ,橘の元祖☆みっちー / 迷走のヴァニ江 / 田島の春 / 愛のぴよ子 / 財閥だ浅ちゃん！
2,79,em-c09c9bb81a01,蓮十郎,7,1215,1187,2,skill_reduction,0.3093,0.4931,175,25,8,いいえ,ウサウサ八幡 / 蓮十郎 / トリニダの怪人 / 百華百彩久連子 / 速いぞサラマンダー！
2,80,em-106b8d6fe4c5,ドヤ顔の女帝瑠璃,60,4430,4089,1,damage_reduction,0.3088,0.4861,200,0,8,いいえ,vにゅーさん / ドヤ顔の女帝瑠璃 / 田島の春 / 愛のぴよ子 / 財閥だ浅ちゃん！
2,81,em-3488d6542112,クロゴキ,65,6134,2113,2,multi_hit_attack,0.3072,0.3681,187,13,8,いいえ,有砂小町 / クロゴキ / 田島の春 / みどりのたけしマン / 巨大カンテツ
2,82,em-845ebf2f059a,うどんの女神,39,4771,2385,2,multi_hit_attack,0.3067,0.3958,196,4,8,いいえ,ハリウッドナナコ師匠 / うどんの女神 / 哀哭のオオウミガラス / ブハラ師匠 / 財閥だ浅ちゃん！
2,83,em-3f58266f2bab,スカン・グ☆愛,12,2886,890,1,damage_reduction,0.3058,0.5,190,10,8,いいえ,ウサウサ八幡 / スカン・グ☆愛 / トランシルヴァニア家族 / 愛のぴよ子 / 財閥だ浅ちゃん！
2,84,em-814e01d05463,非伝説の潮真,60,7535,2423,1,attribute_guard,0.305,0.4444,200,0,8,いいえ,vにゅーさん / 非伝説の潮真 / 田島の春 / 愛のぴよ子 / 財閥だ浅ちゃん！
2,85,em-cd52b65347bc,フローラさま,75,11161,3408,1,attack_buff,0.3047,0.4514,199,1,8,いいえ,vにゅーさん / フローラさま / サルパちゃん / 愛のぴよ子 / 財閥だ浅ちゃん！
2,86,em-eb9cb098a2c1,加留多ヘナ造,18,2898,2737,2,damage_reduction,0.3042,0.5069,189,11,8,いいえ,橘の元祖☆みっちー / 加留多ヘナ造 / 愛のぴよ子 / 跛荒の鉄男大先生 / 財閥だ浅ちゃん！
2,87,em-6ff1562355a9,ファジル先生,12,2256,1128,2,multi_hit_attack,0.3042,0.4722,197,3,8,いいえ,ウサウサ八幡 / ファジル先生 / トランシルヴァニア家族 / 愛のぴよ子 / ラパヌイ先生
2,88,em-4f7f91fb4514,うどんの天使,42,3067,3748,1,attack_buff,0.304,0.4444,199,1,8,いいえ,うさ☆八幡さま / うどんの天使 / 愛のぴよ子 / ????? / 碧海のオフタルもん
2,89,em-ec43e91715ed,大谷雪之ちゃん,13,3171,604,2,damage_reduction,0.3032,0.5139,197,3,8,いいえ,ウサウサ八幡 / 大谷雪之ちゃん / 愛のぴよ子 / 跛荒の鉄男大先生 / 財閥だ浅ちゃん！
2,90,em-d9bd2d5de563,コンクちゃん,20,2556,1704,1,damage_reduction,0.3022,0.4861,196,4,8,いいえ,ハリウッドナナコ師匠 / コンクちゃん / デロスの月陽姉弟 / 百華百彩久連子 / 碧海のオフタルもん
2,91,em-d5465017bfd1,チュパカブ先輩,59,4819,2811,1,heal,0.3017,0.4583,198,2,8,いいえ,有砂小町 / チュパカブ先輩 / 田島の春 / みどりのたけしマン / 御嶽さん
2,92,em-f4025e805468,best of 長田さん,50,3500,7000,1,attribute_change,0.3012,0.5,200,0,8,いいえ,ダリア・宮子・9 / best of 長田さん / ????? / 百華百彩久連子 / 財閥だ浅ちゃん！
2,93,em-e3e851204c8b,イカすぜ！よりりん,18,2576,2576,2,attribute_change,0.3011,0.5208,176,24,8,いいえ,ウサウサ八幡 / イカすぜ！よりりん / トリニダの怪人 / 花火戦隊サイガーRe / 速いぞサラマンダー！
2,94,em-8765daafca7a,トマティーナ中佐,40,3748,2130,2,multi_hit_attack,0.301,0.3889,197,3,8,いいえ,うさ☆八幡さま / トマティーナ中佐 / 愛のぴよ子 / ????? / 碧海のオフタルもん
2,95,em-abc85163565c,コキリコ・QB,23,2817,2978,2,attribute_change,0.3008,0.5278,195,5,8,いいえ,有砂小町 / コキリコ・QB / きぬたン / 花火戦隊サイガーRe / バビるわバビル君。
2,96,em-4016fa16a6ca,Dr.&萌やﾁﾝｹﾞｰﾙ,14,773,2573,1,heal,0.3007,0.4653,200,0,8,いいえ,ダリア・宮子・9 / Dr.&萌やﾁﾝｹﾞｰﾙ / 伊予・タウロス / 花火戦隊サイガーRe / バビるわバビル君。
2,97,em-fa3191833d67,エヴァン,28,3381,2776,2,damage_reduction,0.3002,0.5069,199,1,8,いいえ,橘の元祖☆みっちー / エヴァン / 愛のぴよ子 / 跛荒の鉄男大先生 / 財閥だ浅ちゃん！
2,98,em-37fd7478d2d8,壺風味の何か,16,2809,888,1,damage_reduction,0.3002,0.4931,200,0,8,いいえ,ウサウサ八幡 / 壺風味の何か / 愛のぴよ子 / 跛荒の鉄男大先生 / 財閥だ浅ちゃん！
2,99,em-c1c986f4f89a,爆誕！ももたろす,62,4260,5964,1,attribute_change,0.3,0.4653,198,2,8,いいえ,ハリウッドナナコ師匠 / 爆誕！ももたろす / デロスの月陽姉弟 / ????? / 碧海のオフタルもん
2,100,em-e84c5851ba6b,地下大河のルーシー,73,7668,2641,1,attack_buff,0.2997,0.4375,186,14,8,いいえ,vにゅーさん / 地下大河のルーシー / 愛のぴよ子 / みどりのたけしマン / 御嶽さん
2,101,em-db1935c2a136,コーベリアル公爵,10,1229,1173,1,attribute_guard,0.299,0.4931,194,6,8,いいえ,ウサウサ八幡 / コーベリアル公爵 / 愛のぴよ子 / 跛荒の鉄男大先生 / 財閥だ浅ちゃん！
2,102,em-562269adda28,ブルジョワジー下仁田,20,2265,2276,1,guard,0.2987,0.4583,197,3,8,いいえ,ウサウサ八幡 / ブルジョワジー下仁田 / 田島の春 / 愛のぴよ子 / 財閥だ浅ちゃん！
2,103,em-6b69fff3a46d,怒るよ!!勝斧さん,47,6164,3748,1,attack_buff,0.2985,0.4444,198,2,8,いいえ,ハリウッドナナコ師匠 / 怒るよ!!勝斧さん / 哀哭のオオウミガラス / ブハラ師匠 / 御嶽さん
2,104,em-f334c541bf84,納得ん★福曼荼羅,17,1763,1860,2,attribute_change,0.2981,0.5347,175,25,8,いいえ,ウサウサ八幡 / 納得ん★福曼荼羅 / トリニダの怪人 / 花火戦隊サイガーRe / 速いぞサラマンダー！
2,105,em-ca249600bce3,アレス暮らし,24,2737,1932,1,attack_buff,0.2979,0.4583,187,13,8,いいえ,うさ☆八幡さま / アレス暮らし / 愛のぴよ子 / 跛荒の鉄男大先生 / ラパヌイ先生
2,106,em-69c457dd7e6a,スミθ＆エð,13,3020,755,2,attribute_guard,0.2978,0.5,197,3,8,いいえ,ウサウサ八幡 / スミθ＆エð / 愛のぴよ子 / 跛荒の鉄男大先生 / 財閥だ浅ちゃん！
2,107,em-d08c9e36ef51,地獄雀！阿蘇さん,17,3413,2061,1,attribute_guard,0.2967,0.4653,194,6,8,いいえ,ウサウサ八幡 / 地獄雀！阿蘇さん / 田島の春 / 愛のぴよ子 / 財閥だ浅ちゃん！
2,108,em-55828eea72b7,スーリヤ大先輩,48,5360,1951,2,aoe_attack,0.2966,0.3958,200,0,8,いいえ,うさ☆八幡さま / スーリヤ大先輩 / ﾌﾗﾝﾀﾞｰｽのわんわんお / ブハラ師匠 / まそお姉ちゃん
2,109,em-ea05427d05f5,ナポレオーヌくん,32,3121,2603,1,attack_buff,0.2956,0.4792,195,5,8,いいえ,うさ☆八幡さま / ナポレオーヌくん / 愛のぴよ子 / 跛荒の鉄男大先生 / ラパヌイ先生
2,110,em-a44b56d26d84,聖夜の又マタドーるん,45,3919,4260,1,damage_reduction,0.2951,0.4722,200,0,8,いいえ,有砂小町 / 聖夜の又マタドーるん / 田島の春 / 跛荒の鉄男大先生 / シミ
2,111,em-dec390a52ee6,英国ストヘン技師,70,8861,4260,2,damage_reduction,0.2947,0.4375,200,0,8,いいえ,有砂小町 / 英国ストヘン技師 / トランシルヴァニア家族 / 愛のぴよ子 / 財閥だ浅ちゃん！
2,112,em-ceda64319ca1,蜜香のウミリンゴ,75,8520,5453,1,attack_buff,0.2946,0.4236,199,1,8,いいえ,vにゅーさん / 蜜香のウミリンゴ / サルパちゃん / 愛のぴよ子 / 財閥だ浅ちゃん！
2,113,em-95e1d74be5b6,Ｈ・Ｆ・ウーマン,47,6305,3748,2,guard,0.2943,0.4444,200,0,8,いいえ,vにゅーさん / Ｈ・Ｆ・ウーマン / 田島の春 / 諏訪子成長期 / シミ
2,114,em-93bcb3ddcb90,蝦夷の鬼武者,50,5367,4771,1,attack_buff,0.2936,0.4444,180,20,8,いいえ,日本海女中 / 蝦夷の鬼武者 / 田島の春 / 跛荒の鉄男大先生 / シミ
2,115,em-313faf3b400a,バルパラ★イソ子,36,3237,3067,1,attribute_guard,0.2933,0.4722,200,0,8,いいえ,日本海女中 / バルパラ★イソ子 / ターヌムンゴネキ / 三貴子ツクヨミ / バビるわバビル君。
2,116,em-1211d6248533,ピンクなコンクさん,32,3067,2044,1,damage_reduction,0.2933,0.4653,200,0,8,いいえ,ダリア・宮子・9 / ピンクなコンクさん / 田島の春 / 諏訪子成長期 / ダル飯☆杏
2,117,em-ab5422bc92f7,猫キャットマンジョン,7,493,1762,1,heal,0.2929,0.4931,198,2,8,いいえ,ウサウサ八幡 / 猫キャットマンジョン / 愛のぴよ子 / 跛荒の鉄男大先生 / ラパヌイ先生
2,118,em-59dbe02c39e1,吸血くん,18,1757,3067,1,attribute_guard,0.2927,0.4722,200,0,8,いいえ,ダリア・宮子・9 / 吸血くん / 田島の春 / 跛荒の鉄男大先生 / ラパヌイ先生
2,119,em-8660ff550c92,うどんの天使,40,3067,3748,1,attack_buff,0.2927,0.4444,188,12,8,いいえ,vにゅーさん / うどんの天使 / 田島の春 / 諏訪子成長期 / 巨大カンテツ
2,120,em-aae4f48cb489,もん親方,28,3748,3748,2,attribute_guard,0.2926,0.5,199,1,8,いいえ,橘の元祖☆みっちー / もん親方 / 愛のぴよ子 / 跛荒の鉄男大先生 / 財閥だ浅ちゃん！
2,121,em-d67f8f409078,芋神よしあき,31,4130,2753,2,multi_hit_attack,0.2926,0.4097,188,12,8,いいえ,ハリウッドナナコ師匠 / 芋神よしあき / 哀哭のオオウミガラス / ブハラ師匠 / 財閥だ浅ちゃん！
2,122,em-52a11488ce9e,新・ウオ丸くん,60,4294,3578,1,attack_buff,0.2924,0.4306,193,7,8,いいえ,ハリウッドナナコ師匠 / 新・ウオ丸くん / 田島の春 / ブハラ師匠 / ラパヌイ先生
2,123,em-78c90c30a11c,夜光虫ほたるん,14,2265,3020,2,attribute_change,0.2923,0.5069,199,1,8,いいえ,ウサウサ八幡 / 夜光虫ほたるん / トランシルヴァニア家族 / 愛のぴよ子 / ラパヌイ先生
2,124,em-53fae101e208,水海　月,34,3288,4260,1,attribute_guard,0.292,0.4375,190,10,8,いいえ,うさ☆八幡さま / 水海　月 / 愛のぴよ子 / 跛荒の鉄男大先生 / 財閥だ浅ちゃん！
2,125,em-a2d073a6cd6c,納豆問屋のご隠居様,8,944,893,1,skill_reduction,0.2919,0.5,176,24,8,いいえ,ウサウサ八幡 / 納豆問屋のご隠居様 / トリニダの怪人 / 百華百彩久連子 / 速いぞサラマンダー！
2,126,em-4e2a71a8e1a6,ハチモドキアブ,55,5623,6100,2,revive,0.2916,0.4931,196,4,8,いいえ,vにゅーさん / ハチモドキアブ / トランシルヴァニア家族 / 愛のぴよ子 / 財閥だ浅ちゃん！
2,127,em-aa92178d2205,糸巻万太朗,40,5623,4260,2,attribute_change,0.2911,0.5,187,13,8,いいえ,vにゅーさん / 糸巻万太朗 / 愛のぴよ子 / 跛荒の鉄男大先生 / 財閥だ浅ちゃん！
2,128,em-ba8324a2cbef,覚醒ニート,6,354,296,2,multi_hit_attack,0.291,0.5556,197,3,8,いいえ,ウサウサ八幡 / 覚醒ニート / 愛のぴよ子 / 跛荒の鉄男大先生 / ラパヌイ先生
2,129,em-3ff47465be07,怪傑猫キャット,6,250,1100,1,heal,0.291,0.5069,199,1,8,いいえ,うさ☆八幡さま / 怪傑猫キャット / 田島の春 / 花火戦隊サイガーRe / ダル飯☆杏
2,130,em-1eb5e932843b,ダンブッラの蘭,38,5112,3578,2,damage_reduction,0.2906,0.4861,188,12,8,いいえ,有砂小町 / ダンブッラの蘭 / 田島の春 / 跛荒の鉄男大先生 / 巨大カンテツ
2,131,em-7f847f5ad505,電ドロ白鷺嬢,40,6816,2556,1,heal,0.2904,0.4583,191,9,8,いいえ,vにゅーさん / 電ドロ白鷺嬢 / トランシルヴァニア家族 / みどりのたけしマン / 御嶽さん
2,132,em-ed68f4e03a58,欣喜ぴよ子,10,1785,1812,2,guard,0.2903,0.4931,194,6,8,いいえ,ウサウサ八幡 / 欣喜ぴよ子 / 愛のぴよ子 / 跛荒の鉄男大先生 / 財閥だ浅ちゃん！
2,133,em-c8ed16119cbe,ヴェルラの木こり,28,3014,3162,2,guard,0.29,0.4722,199,1,8,いいえ,橘の元祖☆みっちー / ヴェルラの木こり / 愛のぴよ子 / 跛荒の鉄男大先生 / 財閥だ浅ちゃん！
2,134,em-1eee6f61a8bd,キングな勝斧さん,31,4601,2726,1,attack_buff,0.29,0.4514,198,2,8,いいえ,vにゅーさん / キングな勝斧さん / トランシルヴァニア家族 / 跛荒の鉄男大先生 / シミ
2,135,em-cf9464eec3b4,ヒラメちゃん,13,2370,2044,1,attribute_change,0.2898,0.4931,198,2,8,いいえ,ウサウサ八幡 / ヒラメちゃん / トランシルヴァニア家族 / 愛のぴよ子 / ラパヌイ先生
2,136,em-aff304b1eab4,日本一の桃たろす,42,4260,5964,2,attribute_change,0.2898,0.4861,199,1,8,いいえ,ウサウサ八幡 / 日本一の桃たろす / きぬたン / グラディ瑛太 / ハリウッドナナコ師匠
2,137,em-690a803a0c00,タッターさん,47,4089,2222,2,multi_hit_attack,0.2896,0.3889,184,16,8,いいえ,vにゅーさん / タッターさん / 田島の春 / 愛のぴよ子 / 八狗神伏姫様
2,138,em-8dfd3b91ca8d,総統エビユルゲ,6,1244,1159,1,attribute_change,0.2888,0.5,191,9,8,いいえ,ウサウサ八幡 / 総統エビユルゲ / トランシルヴァニア家族 / 愛のぴよ子 / ラパヌイ先生
2,139,em-8bc827a54303,勝斧・カンムーリ,15,2896,1704,1,attack_buff,0.2887,0.4653,200,0,8,いいえ,ウサウサ八幡 / 勝斧・カンムーリ / トランシルヴァニア家族 / 愛のぴよ子 / ラパヌイ先生
2,140,em-7419b64dec0e,天の飛龍巻,42,5623,3748,2,attribute_change,0.2884,0.4931,199,1,8,いいえ,ウサウサ八幡 / 天の飛龍巻 / きぬたン / グラディ瑛太 / ハリウッドナナコ師匠
2,141,em-c1544fb41324,元キャプテン・hɔーク,13,1359,1963,1,attribute_guard,0.2877,0.4653,197,3,8,いいえ,ウサウサ八幡 / 元キャプテン・hɔーク / 愛のぴよ子 / 跛荒の鉄男大先生 / 財閥だ浅ちゃん！
2,142,em-cb9a138787d0,摩陀羅　潮真,27,7194,1741,2,attribute_guard,0.2872,0.4514,199,1,8,いいえ,ハリウッドナナコ師匠 / 摩陀羅　潮真 / デロスの月陽姉弟 / 跛荒の鉄男大先生 / 碧海のオフタルもん
2,143,em-6cd949ff7539,?????,53,1842,6475,2,guard,0.2864,0.4792,189,11,8,いいえ,有砂小町 / ????? / 愛のぴよ子 / 跛荒の鉄男大先生 / 財閥だ浅ちゃん！
2,144,em-5d696ecc61dd,カミキリ,75,5845,6134,1,attack_buff,0.2864,0.4306,200,0,8,いいえ,vにゅーさん / カミキリ / トマティーナ少佐 / 財閥だ浅ちゃん！ / シミ
2,145,em-4e78a5d0dc7a,中央アルプスの少女達,13,1812,1510,1,damage_reduction,0.2859,0.4722,189,11,8,いいえ,ハリウッドナナコ師匠 / 中央アルプスの少女達 / デロスの月陽姉弟 / 百華百彩久連子 / 碧海のオフタルもん
2,146,em-af9542637cdd,群れを成すサルパ,28,5453,756,2,multi_hit_attack,0.2854,0.4167,185,15,8,いいえ,ハリウッドナナコ師匠 / 群れを成すサルパ / 哀哭のオオウミガラス / ブハラ師匠 / 財閥だ浅ちゃん！
2,147,em-99eb90e0260f,傾国の二条嬢,17,2656,2495,2,attribute_guard,0.2849,0.5,193,7,8,いいえ,ハリウッドナナコ師匠 / 傾国の二条嬢 / デロスの月陽姉弟 / 百華百彩久連子 / 碧海のオフタルもん
2,148,em-47c29240fd33,大晦日のネギそば給仕少女,40,3834,3834,2,guard,0.2848,0.4514,190,10,8,いいえ,うさ☆八幡さま / 大晦日のネギそば給仕少女 / トランシルヴァニア家族 / 愛のぴよ子 / 財閥だ浅ちゃん！
2,149,em-7b7bc6faa9ba,パティは実況勢,41,5623,3352,2,damage_reduction,0.2842,0.4653,185,15,8,いいえ,有砂小町 / パティは実況勢 / 田島の春 / 花火戦隊サイガーRe / 巨大カンテツ
2,150,em-4debcfcadf66,艶奴太夫,60,3919,5964,1,attribute_change,0.2837,0.4583,200,0,8,いいえ,vにゅーさん / 艶奴太夫 / 田島の春 / 愛のぴよ子 / 財閥だ浅ちゃん！
2,151,em-86926ff7d06c,満喫♪新年にくぁう,24,2085,3449,1,damage_reduction,0.2836,0.4444,200,0,8,いいえ,ハリウッドナナコ師匠 / 満喫♪新年にくぁう / デロスの月陽姉弟 / 百華百彩久連子 / 碧海のオフタルもん
2,152,em-cc1dd429dace,?????,58,4171,4737,1,damage_reduction,0.2836,0.4375,193,7,8,いいえ,ハリウッドナナコ師匠 / ????? / デロスの月陽姉弟 / 跛荒の鉄男大先生 / 財閥だ浅ちゃん！
2,153,em-502c02710bc4,覚醒けいび,6,345,300,2,multi_hit_attack,0.2835,0.5486,191,9,8,いいえ,ウサウサ八幡 / 覚醒けいび / トランシルヴァニア家族 / 愛のぴよ子 / ラパヌイ先生
2,154,em-a7be30f0211a,烏枢さま降臨！,13,1359,2416,2,attack_buff,0.2834,0.5,198,2,8,いいえ,ウサウサ八幡 / 烏枢さま降臨！ / トランシルヴァニア家族 / 愛のぴよ子 / ラパヌイ先生
2,155,em-0e6d3baf12ca,ネギ少女じゅんちゃん,36,3544,3544,1,heal,0.2832,0.4514,183,17,8,いいえ,vにゅーさん / ネギ少女じゅんちゃん / 愛のぴよ子 / 跛荒の鉄男大先生 / 財閥だ浅ちゃん！
2,156,em-13a4b4b54b04,北間・クラリス嬢,10,3959,701,1,heal,0.2832,0.4375,198,2,8,いいえ,vにゅーさん / 北間・クラリス嬢 / 愛のぴよ子 / 百華百彩久連子 / 碧海のオフタルもん
2,157,em-7fd9b48cee31,七夕星人☆たたるんるん,20,3220,1610,2,attack_buff,0.283,0.4931,198,2,8,いいえ,橘の元祖☆みっちー / 七夕星人☆たたるんるん / 愛のぴよ子 / 跛荒の鉄男大先生 / ラパヌイ先生
2,158,em-e3dab98c64af,試作型おこしん,8,2265,1510,2,attribute_guard,0.283,0.4722,184,16,8,いいえ,ハリウッドナナコ師匠 / 試作型おこしん / デロスの月陽姉弟 / 百華百彩久連子 / 碧海のオフタルもん
2,159,em-c98972302fbd,爆誕！うっす様,9,300,1000,2,attack_buff,0.2829,0.5347,200,0,8,いいえ,ウサウサ八幡 / 爆誕！うっす様 / 愛のぴよ子 / 跛荒の鉄男大先生 / ラパヌイ先生
2,160,em-ead779b4526c,乗っとるダム制度君,8,2115,535,2,revive,0.2827,0.5278,193,7,8,いいえ,ウサウサ八幡 / 乗っとるダム制度君 / トランシルヴァニア家族 / 愛のぴよ子 / ラパヌイ先生
2,161,em-e7a0d1a547b6,ラス・マノスんさん,10,1979,494,1,aoe_attack,0.2823,0.4583,195,5,8,いいえ,ウサウサ八幡 / ラス・マノスんさん / トランシルヴァニア家族 / 愛のぴよ子 / ラパヌイ先生
2,162,em-b5fa3fe8e44e,ディープワン・ゴロウ,8,1214,1189,2,attack_buff,0.2821,0.5139,199,1,8,いいえ,ウサウサ八幡 / ディープワン・ゴロウ / 愛のぴよ子 / 跛荒の鉄男大先生 / ラパヌイ先生
2,163,em-cdd2ac5f0a12,クイーンなコンク様,44,3578,2385,1,damage_reduction,0.2815,0.4306,200,0,8,いいえ,うさ☆八幡さま / クイーンなコンク様 / 愛のぴよ子 / 跛荒の鉄男大先生 / 財閥だ浅ちゃん！
2,164,em-454ebee4a0cd,3人はフォニピュア,60,4941,3578,2,damage_reduction,0.2812,0.4653,196,4,8,いいえ,有砂小町 / 3人はフォニピュア / 愛のぴよ子 / 跛荒の鉄男大先生 / 財閥だ浅ちゃん！
2,165,em-c545b5a51997,トリニダの怪人,13,4077,1057,2,skill_reduction,0.2811,0.3889,170,30,8,いいえ,ハリウッドナナコ師匠 / トリニダの怪人 / 哀哭のオオウミガラス / ブハラ師匠 / 財閥だ浅ちゃん！
2,166,em-68c38b69771b,ぱんつぁーぴよ子,28,4412,3287,1,attribute_guard,0.2808,0.4514,199,1,8,いいえ,橘の元祖☆みっちー / ぱんつぁーぴよ子 / 愛のぴよ子 / 跛荒の鉄男大先生 / 財閥だ浅ちゃん！
2,167,em-a07828a97733,降臨！いつくしーみん,19,1761,3381,1,attack_buff,0.2804,0.4792,195,5,8,いいえ,ダリア・宮子・9 / 降臨！いつくしーみん / 田島の春 / ????? / 碧海のオフタルもん
2,168,em-a6fe320c7afa,戸隠忍者はハント中,31,937,5027,1,attack_buff,0.2803,0.4583,192,8,8,いいえ,日本海女中 / 戸隠忍者はハント中 / 哀哭のオオウミガラス / 跛荒の鉄男大先生 / シミ
2,169,em-7b3e9b66e40d,叶う！クルス様,12,1699,1699,1,attribute_change,0.28,0.4931,197,3,8,いいえ,ウサウサ八幡 / 叶う！クルス様 / トランシルヴァニア家族 / 愛のぴよ子 / ラパヌイ先生
2,170,em-ed2bb6e12815,ラスコー原人,14,604,3624,1,attribute_change,0.2796,0.4792,199,1,8,いいえ,ウサウサ八幡 / ラスコー原人 / トランシルヴァニア家族 / 愛のぴよ子 / ラパヌイ先生
2,171,em-a0159af9ab81,カネヒラくん,14,2385,2556,2,attribute_change,0.2795,0.4792,199,1,8,いいえ,ウサウサ八幡 / カネヒラくん / トランシルヴァニア家族 / 愛のぴよ子 / ラパヌイ先生
2,172,em-67086191a83f,マダラなシオマネキ君,27,5490,1059,2,attribute_guard,0.2794,0.4722,200,0,8,いいえ,有砂小町 / マダラなシオマネキ君 / きぬたン / 花火戦隊サイガーRe / ヤマトタケルぅ！
2,173,em-bf60c5d7bbe5,ワイン塗れのぐっすん,39,2453,5555,1,attack_buff,0.279,0.4583,200,0,8,いいえ,vにゅーさん / ワイン塗れのぐっすん / トランシルヴァニア家族 / 花火戦隊サイガーRe / シミ
2,174,em-842f3d28d20e,のり男師匠,8,1285,1118,2,attribute_guard,0.2788,0.4931,186,14,8,いいえ,ウサウサ八幡 / のり男師匠 / トランシルヴァニア家族 / 愛のぴよ子 / 財閥だ浅ちゃん！
2,175,em-a06f040c9490,冬の加奈多パレード,80,9542,5282,2,attack_buff,0.2785,0.4305,200,0,7,いいえ,ダリア・宮子・9 / 冬の加奈多パレード / サルパちゃん / ????? / 八狗神伏姫様
2,176,em-94130e0ff2b5,かずら大先生,15,1057,1198,2,guard,0.2783,0.5069,199,1,8,いいえ,ウサウサ八幡 / かずら大先生 / 愛のぴよ子 / 跛荒の鉄男大先生 / 財閥だ浅ちゃん！
2,177,em-2449b6ff9d58,スマトラのウータン,12,2703,657,2,attribute_change,0.2782,0.5069,170,30,8,いいえ,ウサウサ八幡 / スマトラのウータン / トリニダの怪人 / 花火戦隊サイガーRe / 速いぞサラマンダー！
2,178,em-8a030b3f4f33,無給の皇帝,44,4601,2790,2,damage_reduction,0.2779,0.4722,200,0,8,いいえ,うさ☆八幡さま / 無給の皇帝 / 愛のぴよ子 / 跛荒の鉄男大先生 / 財閥だ浅ちゃん！
2,179,em-b8168a7a90ca,大杉に願いを☆ミ,39,5129,3067,2,attribute_guard,0.2777,0.4583,179,21,8,いいえ,ダリア・宮子・9 / 大杉に願いを☆ミ / トマティーナ少佐 / 諏訪子成長期 / ダル飯☆杏
2,180,em-bf58cd7d185a,ホーク元船長,12,700,1100,1,attribute_guard,0.2775,0.4861,188,12,8,いいえ,ハリウッドナナコ師匠 / ホーク元船長 / デロスの月陽姉弟 / 百華百彩久連子 / 碧海のオフタルもん
2,181,em-2a20d82018a7,強飯式太子君,43,4771,3408,1,heal,0.2775,0.4514,184,16,8,いいえ,vにゅーさん / 強飯式太子君 / トランシルヴァニア家族 / 愛のぴよ子 / 財閥だ浅ちゃん！
2,182,em-42c90dd17240,GSPS！秀郷先生,34,3578,4601,2,attack_buff,0.2774,0.4792,200,0,8,いいえ,vにゅーさん / GSPS！秀郷先生 / 田島の春 / 跛荒の鉄男大先生 / シミ
2,183,em-10b41d0249c9,ホタル,40,4396,5163,1,attribute_change,0.2773,0.4583,200,0,8,いいえ,有砂小町 / ホタル / きぬたン / 家族贖罪という字面 / モンさんミッシェル
2,184,em-e2feaf3c95b1,古の才次郎先生,13,1812,1963,1,attribute_change,0.2772,0.4722,198,2,8,いいえ,ウサウサ八幡 / 古の才次郎先生 / トランシルヴァニア家族 / 愛のぴよ子 / ラパヌイ先生
2,185,em-daac43f51729,四悪妖・鵺,88,9542,5964,1,attribute_change,0.277,0.4375,193,7,8,いいえ,ダリア・宮子・9 / 四悪妖・鵺 / トマティーナ少佐 / ????? / 御嶽さん
2,186,em-95694ab0605a,超★メジェド様,44,2300,3432,2,guard,0.2766,0.4653,193,7,8,いいえ,うさ☆八幡さま / 超★メジェド様 / 田島の春 / 愛のぴよ子 / 財閥だ浅ちゃん！
2,187,em-361f82120d03,オイボくん,40,6645,2556,2,attack_buff,0.2764,0.4514,194,6,8,いいえ,vにゅーさん / オイボくん / 愛のぴよ子 / 跛荒の鉄男大先生 / ラパヌイ先生
2,188,em-17a8d3f2a8d3,牛迫 角子さん,31,3282,4260,1,attack_buff,0.276,0.4514,198,2,8,いいえ,有砂小町 / 牛迫 角子さん / 田島の春 / ブハラ師匠 / ダル飯☆杏
2,189,em-7688ea925e5e,瑠璃ノ宮,27,3408,2726,1,damage_reduction,0.2757,0.4375,198,2,8,いいえ,橘の元祖☆みっちー / 瑠璃ノ宮 / 愛のぴよ子 / 跛荒の鉄男大先生 / 財閥だ浅ちゃん！
2,190,em-a3563f41a151,ラクダンデス隊長,38,4941,3578,2,guard,0.2755,0.4444,199,1,8,いいえ,vにゅーさん / ラクダンデス隊長 / トランシルヴァニア家族 / 花火戦隊サイガーRe / シミ
2,191,em-872b1096af45,アシナガ,80,3748,6816,1,attack_buff,0.2754,0.4097,200,0,8,いいえ,ダリア・宮子・9 / アシナガ / サルパちゃん / ????? / 八狗神伏姫様
2,192,em-2d3e693a8406,ツキマシモン,35,3919,1704,2,attack_buff,0.275,0.4722,198,2,8,いいえ,うさ☆八幡さま / ツキマシモン / 愛のぴよ子 / 跛荒の鉄男大先生 / ラパヌイ先生
2,193,em-663696ccf728,夏の一次幹,22,3408,2215,2,attack_buff,0.2749,0.4653,198,2,8,いいえ,ダリア・宮子・9 / 夏の一次幹 / 田島の春 / ????? / 碧海のオフタルもん
2,194,em-d138d4e46038,きぬたン,48,3067,4771,2,attack_buff,0.2747,0.4375,199,1,8,いいえ,ハリウッドナナコ師匠 / きぬたン / 哀哭のオオウミガラス / ブハラ師匠 / 御嶽さん
2,195,em-65d0268c18cf,うっす様。,6,200,900,2,attack_buff,0.2746,0.5139,198,2,8,いいえ,有砂小町 / うっす様。 / 哀哭のオオウミガラス / ブハラ師匠 / 財閥だ浅ちゃん！
2,196,em-4c764571b9ab,お稲荷様のパシリ,47,6816,3408,1,attack_buff,0.2745,0.4236,195,5,8,いいえ,vにゅーさん / お稲荷様のパシリ / 愛のぴよ子 / ????? / 碧海のオフタルもん
2,197,em-9d5a58645c8c,カロニスタ・ヴェニ子,37,4444,4444,2,attack_buff,0.2744,0.4722,200,0,8,いいえ,有砂小町 / カロニスタ・ヴェニ子 / きぬたン / 家族贖罪という字面 / 八狗神伏姫様
2,198,em-90e071b9735c,乗り海苔カスティリャ,16,2707,1223,2,attribute_guard,0.2743,0.4861,200,0,8,いいえ,ウサウサ八幡 / 乗り海苔カスティリャ / 愛のぴよ子 / 跛荒の鉄男大先生 / 財閥だ浅ちゃん！
2,199,em-3434078c33f2,橋の上のかずら,20,2012,2173,2,guard,0.2741,0.4792,197,3,8,いいえ,ウサウサ八幡 / 橋の上のかずら / 田島の春 / 愛のぴよ子 / 財閥だ浅ちゃん！
2,200,em-97272e288cf7,ホークくん,6,500,750,1,attribute_guard,0.2736,0.4861,182,18,8,いいえ,ハリウッドナナコ師匠 / ホークくん / デロスの月陽姉弟 / 百華百彩久連子 / 碧海のオフタルもん
2,201,em-3725122fa93d,ホーク元船員,9,600,850,1,attribute_guard,0.2735,0.4861,185,15,8,いいえ,ハリウッドナナコ師匠 / ホーク元船員 / デロスの月陽姉弟 / 百華百彩久連子 / 碧海のオフタルもん
2,202,em-30793b1211b4,ウルルさんは役者やで,15,1310,2189,1,damage_reduction,0.2735,0.4722,199,1,8,いいえ,ウサウサ八幡 / ウルルさんは役者やで / 愛のぴよ子 / 跛荒の鉄男大先生 / 財閥だ浅ちゃん！
2,203,em-eeba5b4dcba6,カニパンだっ！,23,2737,2415,2,guard,0.2733,0.4722,200,0,8,いいえ,ウサウサ八幡 / カニパンだっ！ / 田島の春 / 愛のぴよ子 / 財閥だ浅ちゃん！
2,204,em-adcf70bfd425,2人はフェレナント君,37,2982,5964,1,attribute_change,0.2733,0.4583,186,14,8,いいえ,vにゅーさん / 2人はフェレナント君 / トランシルヴァニア家族 / 財閥だ浅ちゃん！ / 巨大カンテツ
2,205,em-30e2f325f3af,尾索戦隊ｻﾙﾊﾟﾝｼﾞｬｰ,28,4907,1022,2,multi_hit_attack,0.2733,0.3819,185,15,8,いいえ,ハリウッドナナコ師匠 / 尾索戦隊ｻﾙﾊﾟﾝｼﾞｬｰ / 哀哭のオオウミガラス / ブハラ師匠 / 財閥だ浅ちゃん！
2,206,em-ed21bd124ab2,牛タソ☆行進曲,14,755,1812,2,guard,0.2732,0.4792,198,2,8,いいえ,ウサウサ八幡 / 牛タソ☆行進曲 / 愛のぴよ子 / 跛荒の鉄男大先生 / 財閥だ浅ちゃん！
2,207,em-3c2628783368,すまぁとヤスマサニキ,50,4260,5623,2,attack_buff,0.2731,0.4653,197,3,8,いいえ,vにゅーさん / すまぁとヤスマサニキ / 愛のぴよ子 / 跛荒の鉄男大先生 / 財閥だ浅ちゃん！
2,208,em-9974d2b554c4,ｼｬﾐｯ子！シャーミー君,36,4652,3919,1,attack_buff,0.2727,0.4375,192,8,8,いいえ,vにゅーさん / ｼｬﾐｯ子！シャーミー君 / 愛のぴよ子 / みどりのたけしマン / 碧海のオフタルもん
2,209,em-679b3b1b58a8,シャフとリサブス,25,2944,3548,1,heal,0.2725,0.4167,190,10,8,いいえ,vにゅーさん / シャフとリサブス / 田島の春 / 諏訪子成長期 / モンさんミッシェル
2,210,em-4ea698949c11,侵略成功!?イカ翁,20,1131,1272,2,revive,0.2724,0.5278,187,13,8,いいえ,橘の元祖☆みっちー / 侵略成功!?イカ翁 / トランシルヴァニア家族 / ????? / 御嶽さん
2,211,em-d07cd0c8b0b0,二条城☆浴衣モード,19,2656,2495,1,attribute_guard,0.2721,0.4514,195,5,8,いいえ,ハリウッドナナコ師匠 / 二条城☆浴衣モード / デロスの月陽姉弟 / 百華百彩久連子 / 碧海のオフタルもん
2,212,manual-nijo-yukata-mode,二条嬢☆浴衣モード,19,2656,2495,1,attribute_guard,0.2721,0.4514,195,5,8,いいえ,ハリウッドナナコ師匠 / 二条嬢☆浴衣モード / デロスの月陽姉弟 / 百華百彩久連子 / 碧海のオフタルもん
2,213,em-a71e0044e313,舞楽！いつくしーみん,15,800,1600,1,attack_buff,0.2717,0.5,200,0,8,いいえ,ウサウサ八幡 / 舞楽！いつくしーみん / トランシルヴァニア家族 / 愛のぴよ子 / ラパヌイ先生
2,214,em-4f3eddbe87bf,キルワくん,17,2141,3226,1,attack_buff,0.2717,0.4514,199,1,8,いいえ,ダリア・宮子・9 / キルワくん / 田島の春 / 跛荒の鉄男大先生 / ラパヌイ先生
2,215,em-b0799e52d0a8,カヌーイング・ケベック,28,3674,2641,1,attack_buff,0.2716,0.4375,193,7,8,いいえ,うさ☆八幡さま / カヌーイング・ケベック / 愛のぴよ子 / みどりのたけしマン / 碧海のオフタルもん
2,216,em-a11a3441fd8e,レンネルアルケニー,43,2896,3919,2,damage_reduction,0.2713,0.4653,199,1,8,いいえ,うさ☆八幡さま / レンネルアルケニー / 愛のぴよ子 / 跛荒の鉄男大先生 / 財閥だ浅ちゃん！
2,217,em-c3d00c8f1bd5,竜馬は撃ちぬけない,30,4430,4430,1,attribute_change,0.2711,0.4375,187,13,8,いいえ,ダリア・宮子・9 / 竜馬は撃ちぬけない / 伊予・タウロス / みどりのたけしマン / 御嶽さん
2,218,em-1de8c880f196,ヴィヒー先生,17,2114,2718,2,damage_reduction,0.271,0.4861,188,12,8,いいえ,橘の元祖☆みっちー / ヴィヒー先生 / 愛のぴよ子 / 跛荒の鉄男大先生 / 財閥だ浅ちゃん！
2,219,em-d95aa4fb8de0,北海！白川だるま,45,4473,2556,1,attack_buff,0.271,0.4236,196,4,8,いいえ,ハリウッドナナコ師匠 / 北海！白川だるま / 哀哭のオオウミガラス / ブハラ師匠 / 御嶽さん
2,220,em-9298dde558c4,超豹！ペパりんさん,30,2119,2545,2,delay,0.271,0.3889,184,16,8,いいえ,vにゅーさん / 超豹！ペパりんさん / トランシルヴァニア家族 / 財閥だ浅ちゃん！ / シミ
2,221,em-dd80c8492923,?????,22,3067,1533,1,attack_buff,0.2708,0.4583,200,0,8,いいえ,橘の元祖☆みっちー / ????? / 愛のぴよ子 / 跛荒の鉄男大先生 / ラパヌイ先生
2,222,em-86055d05ee01,ラムネ少女じゅんちゃん,14,2113,2113,2,heal,0.2706,0.4792,199,1,8,いいえ,ウサウサ八幡 / ラムネ少女じゅんちゃん / トランシルヴァニア家族 / 愛のぴよ子 / ラパヌイ先生
2,223,em-7a7f1cd12450,スオ面スナイパー,13,1132,1812,1,attack_buff,0.2706,0.4722,198,2,8,いいえ,ウサウサ八幡 / スオ面スナイパー / トランシルヴァニア家族 / 愛のぴよ子 / ラパヌイ先生
2,224,em-6885c7d684d6,雪の美女と魔獣,52,4304,3016,1,heal,0.2706,0.4028,193,7,8,いいえ,vにゅーさん / 雪の美女と魔獣 / トランシルヴァニア家族 / 愛のぴよ子 / 財閥だ浅ちゃん！
2,225,em-a85f091d502f,スウェルくん,11,1452,2058,2,damage_reduction,0.2703,0.4792,195,5,8,いいえ,ウサウサ八幡 / スウェルくん / 愛のぴよ子 / 跛荒の鉄男大先生 / 財閥だ浅ちゃん！
2,226,em-f5955c15b029,ばんば新年2026,60,7668,3438,1,attack_buff,0.2701,0.4236,197,3,8,いいえ,有砂小町 / ばんば新年2026 / 愛のぴよ子 / ????? / 碧海のオフタルもん
2,227,em-c7cd54f2e503,ケラマ☆マジカ,7,1057,1198,2,attribute_guard,0.2697,0.4792,191,9,8,いいえ,ウサウサ八幡 / ケラマ☆マジカ / 愛のぴよ子 / 跛荒の鉄男大先生 / 財閥だ浅ちゃん！
2,228,em-76691ebd833d,特攻のびゃこ,38,2641,6219,2,attack_buff,0.2689,0.4583,195,5,8,いいえ,うさ☆八幡さま / 特攻のびゃこ / 愛のぴよ子 / ????? / 碧海のオフタルもん
2,229,em-b9b869c15b9f,ルリマダラー,15,3786,378,2,attribute_guard,0.2687,0.4792,191,9,8,いいえ,ハリウッドナナコ師匠 / ルリマダラー / デロスの月陽姉弟 / 百華百彩久連子 / 碧海のオフタルもん
2,230,em-7f3eb7b8272c,にゅー先生,15,700,2200,2,guard,0.2683,0.4653,199,1,8,いいえ,ウサウサ八幡 / にゅー先生 / 愛のぴよ子 / 跛荒の鉄男大先生 / 財閥だ浅ちゃん！
2,231,em-ac3306faeab5,マサムネーダー,32,3919,5112,1,attribute_change,0.2682,0.4514,199,1,8,いいえ,vにゅーさん / マサムネーダー / トランシルヴァニア家族 / 跛荒の鉄男大先生 / シミ
2,232,em-e6496091dd0f,シャーミーくん,20,2948,2556,1,attack_buff,0.2677,0.4444,198,2,8,いいえ,橘の元祖☆みっちー / シャーミーくん / 愛のぴよ子 / 跛荒の鉄男大先生 / ラパヌイ先生
2,233,em-f781988d359e,ヤル気勢！うっす様,11,500,1300,2,attack_buff,0.2676,0.5,196,4,8,いいえ,ウサウサ八幡 / ヤル気勢！うっす様 / トランシルヴァニア家族 / 愛のぴよ子 / ラパヌイ先生
2,234,em-535fe684b32f,新・フィッシャーマン,10,1286,1116,1,heal,0.2676,0.4792,195,5,8,いいえ,ウサウサ八幡 / 新・フィッシャーマン / トランシルヴァニア家族 / 愛のぴよ子 / ラパヌイ先生
2,235,em-a91eca479689,嗚呼ヴァサクサ君,10,1880,374,2,skill_reduction,0.2676,0.4653,195,5,8,いいえ,ウサウサ八幡 / 嗚呼ヴァサクサ君 / トランシルヴァニア家族 / 愛のぴよ子 / ラパヌイ先生
2,236,em-f2d052955a43,大正義・フクちゃん,7,1128,1269,2,attribute_change,0.2675,0.4861,192,8,8,いいえ,ウサウサ八幡 / 大正義・フクちゃん / トランシルヴァニア家族 / 愛のぴよ子 / ラパヌイ先生
2,237,em-6d0b27bbd976,なっとくんおじさん,7,496,484,2,skill_reduction,0.2674,0.5,175,25,8,いいえ,ウサウサ八幡 / なっとくんおじさん / トリニダの怪人 / 百華百彩久連子 / 速いぞサラマンダー！
2,238,em-c57874d99dcd,三重子大先生,11,1699,1699,1,attribute_change,0.2674,0.4792,196,4,8,いいえ,ウサウサ八幡 / 三重子大先生 / トランシルヴァニア家族 / 愛のぴよ子 / ラパヌイ先生
2,239,em-06ed1eae98fc,ソンな福ちゃん,31,3377,3377,1,attribute_change,0.2672,0.4375,188,12,8,いいえ,ハリウッドナナコ師匠 / ソンな福ちゃん / 哀哭のオオウミガラス / ブハラ師匠 / 財閥だ浅ちゃん！
2,240,em-e99bfc1ea066,ご入学ぴよ子,9,883,2397,2,attack_buff,0.267,0.4792,200,0,8,いいえ,ウサウサ八幡 / ご入学ぴよ子 / 愛のぴよ子 / 跛荒の鉄男大先生 / ラパヌイ先生
2,241,em-b7b738711fb0,ちくわサンド,23,2817,2656,2,attack_buff,0.267,0.4653,195,5,8,いいえ,橘の元祖☆みっちー / ちくわサンド / トランシルヴァニア家族 / 愛のぴよ子 / ラパヌイ先生
2,242,em-62994b487456,浪漫歌人♪晶子さん,25,3059,3059,2,revive,0.2667,0.4861,200,0,8,いいえ,有砂小町 / 浪漫歌人♪晶子さん / トランシルヴァニア家族 / 花火戦隊サイガーRe / ラパヌイ先生
2,243,em-b080511b902a,かずらちゃん,3,350,500,2,guard,0.2666,0.5069,187,13,8,いいえ,ウサウサ八幡 / かずらちゃん / 愛のぴよ子 / 跛荒の鉄男大先生 / 財閥だ浅ちゃん！
2,244,em-a37b305548ef,なっとくんさん,5,400,400,2,skill_reduction,0.2666,0.5,190,10,8,いいえ,ウサウサ八幡 / なっとくんさん / トランシルヴァニア家族 / 愛のぴよ子 / ラパヌイ先生
2,245,em-d77542ffe604,?????,42,6475,3067,2,attack_buff,0.2666,0.4444,199,1,8,いいえ,ハリウッドナナコ師匠 / ????? / 哀哭のオオウミガラス / ブハラ師匠 / 財閥だ浅ちゃん！
2,246,em-ad53908276ac,ピコ島ぴーこ,47,4007,5112,1,heal,0.2662,0.4444,188,12,8,いいえ,vにゅーさん / ピコ島ぴーこ / トランシルヴァニア家族 / 愛のぴよ子 / 財閥だ浅ちゃん！
2,247,em-438753e77e6c,デロスの月陽姉弟,41,3237,5453,2,heal,0.2661,0.4514,188,12,8,いいえ,vにゅーさん / デロスの月陽姉弟 / 愛のぴよ子 / 跛荒の鉄男大先生 / 財閥だ浅ちゃん！
2,248,em-5088462f1ee9,日本一の桃たろす,45,4260,5964,2,attribute_change,0.2657,0.4583,186,14,8,いいえ,ダリア・宮子・9 / 日本一の桃たろす / 田島の春 / みどりのたけしマン / 御嶽さん
2,249,em-d941ef4d2c66,紫禁嬢,34,4692,2801,2,damage_reduction,0.2654,0.4444,184,16,8,いいえ,有砂小町 / 紫禁嬢 / 田島の春 / 跛荒の鉄男大先生 / 巨大カンテツ
2,250,em-c8db19de00fd,ワロンマイナー輩先,13,2953,1328,1,heal,0.2653,0.4236,186,14,8,いいえ,ハリウッドナナコ師匠 / ワロンマイナー輩先 / 哀哭のオオウミガラス / 百華百彩久連子 / 財閥だ浅ちゃん！
2,251,em-759ef91c7c65,古の灰かぶりロドピス,47,4175,3578,1,damage_reduction,0.2648,0.4306,198,2,8,いいえ,コメツキ / 古の灰かぶりロドピス / 愛のぴよ子 / 跛荒の鉄男大先生 / 財閥だ浅ちゃん！
2,252,em-a7fc49aa8c73,広報担当：アッシュ,37,5112,3748,2,attribute_guard,0.2645,0.4375,184,16,8,いいえ,vにゅーさん / 広報担当：アッシュ / 愛のぴよ子 / 跛荒の鉄男大先生 / 財閥だ浅ちゃん！
2,253,em-4e77469f1fc4,綺麗な金平さん,42,5112,4260,1,attribute_change,0.2642,0.4167,183,17,8,いいえ,vにゅーさん / 綺麗な金平さん / トランシルヴァニア家族 / 愛のぴよ子 / 財閥だ浅ちゃん！
2,254,em-cf3fd175f595,プチさんグロさん,27,2807,2895,2,aoe_attack,0.2641,0.4306,192,8,8,いいえ,うさ☆八幡さま / プチさんグロさん / 愛のぴよ子 / みどりのたけしマン / 碧海のオフタルもん
2,255,em-21262d62b170,ホーク＆フック,25,2093,2173,1,attribute_guard,0.264,0.4375,189,11,8,いいえ,橘の元祖☆みっちー / ホーク＆フック / 田島の春 / 愛のぴよ子 / 財閥だ浅ちゃん！
2,256,em-9dc006cdc69c,解決猫キャット,5,200,900,1,heal,0.2634,0.4583,190,10,8,いいえ,ウサウサ八幡 / 解決猫キャット / トランシルヴァニア家族 / 愛のぴよ子 / ラパヌイ先生
2,257,em-24a892c6ebea,Mt.CACHI×2,38,2556,3578,2,multi_hit_attack,0.2631,0.4444,195,5,8,いいえ,うさ☆八幡さま / Mt.CACHI×2 / 愛のぴよ子 / ????? / 碧海のオフタルもん
2,258,em-8d766096773e,おんじとゆかいな子供達,36,5316,1704,1,damage_reduction,0.2631,0.4167,177,23,8,いいえ,vにゅーさん / おんじとゆかいな子供達 / トランシルヴァニア家族 / 愛のぴよ子 / 財閥だ浅ちゃん！
2,259,em-d6f4ebe1907b,猫キャット,4,150,700,1,heal,0.2628,0.4583,189,11,8,いいえ,ウサウサ八幡 / 猫キャット / トランシルヴァニア家族 / 愛のぴよ子 / ラパヌイ先生
2,260,em-85da0a137fe9,北間・クララさん,10,3561,629,1,heal,0.2627,0.4167,161,39,8,いいえ,ウサウサ八幡 / 北間・クララさん / トリニダの怪人 / 諏訪子成長期 / 速いぞサラマンダー！
2,261,em-3e7f24f8564c,かずらさん,6,450,650,2,guard,0.2625,0.5,190,10,8,いいえ,ウサウサ八幡 / かずらさん / 愛のぴよ子 / 跛荒の鉄男大先生 / 財閥だ浅ちゃん！
2,262,em-b08b3e6f22a8,フィッシャーマン三平,17,1286,1316,2,guard,0.2617,0.4792,193,7,8,いいえ,ハリウッドナナコ師匠 / フィッシャーマン三平 / デロスの月陽姉弟 / 百華百彩久連子 / 碧海のオフタルもん
2,263,em-f1ed908b1438,竹輪大明神,10,493,1762,2,attack_buff,0.2617,0.4792,195,5,8,いいえ,ウサウサ八幡 / 竹輪大明神 / トランシルヴァニア家族 / 愛のぴよ子 / ラパヌイ先生
2,264,em-c47afb60b613,三重子先輩,10,800,800,2,attribute_change,0.2615,0.5139,195,5,8,いいえ,ウサウサ八幡 / 三重子先輩 / トランシルヴァニア家族 / 愛のぴよ子 / ラパヌイ先生
2,265,em-ec5b8324ab06,袴着！いつくしーみん,36,3401,3401,2,attack_buff,0.2614,0.4514,193,7,8,いいえ,うさ☆八幡さま / 袴着！いつくしーみん / 愛のぴよ子 / ????? / 碧海のオフタルもん
2,266,em-048f5c5385db,Mr.バトラー,34,4771,3067,1,attribute_change,0.2612,0.4444,180,20,8,いいえ,ダリア・宮子・9 / Mr.バトラー / ????? / 跛荒の鉄男大先生 / 財閥だ浅ちゃん！
2,267,em-69fe49e9031d,かずら姉さん,11,650,700,2,guard,0.2611,0.4931,195,5,8,いいえ,ウサウサ八幡 / かずら姉さん / 愛のぴよ子 / 跛荒の鉄男大先生 / 財閥だ浅ちゃん！
2,268,em-f3be7c12380c,魔女ランダ,44,3067,5623,2,attribute_change,0.2611,0.4583,185,15,8,いいえ,ダリア・宮子・9 / 魔女ランダ / 田島の春 / みどりのたけしマン / 御嶽さん
2,269,em-94a55ee81090,瑠璃の君,27,3067,2453,1,damage_reduction,0.2607,0.4236,198,2,8,いいえ,橘の元祖☆みっちー / 瑠璃の君 / 愛のぴよ子 / 跛荒の鉄男大先生 / 財閥だ浅ちゃん！
2,270,em-65efdfdd59b3,「ぼ」じゃなくてゔぉたん,40,4941,3408,1,attribute_change,0.2606,0.4306,197,3,8,いいえ,ハリウッドナナコ師匠 / 「ぼ」じゃなくてゔぉたん / 哀哭のオオウミガラス / ブハラ師匠 / 財閥だ浅ちゃん！
2,271,em-b16382731bd5,華燭なカネヒラさん,60,5793,4771,2,attribute_change,0.2605,0.4306,200,0,8,いいえ,vにゅーさん / 華燭なカネヒラさん / 田島の春 / 愛のぴよ子 / 財閥だ浅ちゃん！
2,272,em-24679a7881f4,三重子さん,9,704,700,2,attribute_change,0.2604,0.5139,194,6,8,いいえ,ウサウサ八幡 / 三重子さん / トランシルヴァニア家族 / 愛のぴよ子 / ラパヌイ先生
2,273,em-5275d879d803,ｻｲｯｺくたにん,12,800,1000,2,attribute_change,0.2602,0.5,197,3,8,いいえ,ウサウサ八幡 / ｻｲｯｺくたにん / トランシルヴァニア家族 / 愛のぴよ子 / ラパヌイ先生
2,274,em-ecc88d69f40d,恋愛成就☆どうしん様,25,2649,2504,1,heal,0.2601,0.4514,172,28,8,いいえ,vにゅーさん / 恋愛成就☆どうしん様 / 愛のぴよ子 / 跛荒の鉄男大先生 / 財閥だ浅ちゃん！
2,275,em-6a0e464e2855,収穫ぴよ子,10,1426,1304,1,attribute_change,0.26,0.4792,195,5,8,いいえ,ウサウサ八幡 / 収穫ぴよ子 / トランシルヴァニア家族 / 愛のぴよ子 / ラパヌイ先生
2,276,em-814278d8eb9b,轟け！阿蘇さん,15,1680,920,1,attribute_guard,0.2598,0.4514,199,1,8,いいえ,ウサウサ八幡 / 轟け！阿蘇さん / 愛のぴよ子 / 跛荒の鉄男大先生 / 財閥だ浅ちゃん！
2,277,em-6dcd90bb7df5,花めく☆まつやマン,24,4669,2173,1,heal,0.2596,0.4236,200,0,8,いいえ,vにゅーさん / 花めく☆まつやマン / トランシルヴァニア家族 / 花火戦隊サイガーRe / 八狗神伏姫様
2,278,em-2c691fe63d0d,ブッシュドノエルん,38,3652,5354,2,attack_buff,0.2594,0.4375,195,5,8,いいえ,うさ☆八幡さま / ブッシュドノエルん / 愛のぴよ子 / ????? / 碧海のオフタルもん
2,279,em-b71282ef08a8,出番です！鴨先生！,18,1358,1356,2,guard,0.259,0.4653,195,5,8,いいえ,ウサウサ八幡 / 出番です！鴨先生！ / 田島の春 / 愛のぴよ子 / 財閥だ浅ちゃん！
2,280,em-28c6b952551d,海の昇竜貫,33,4601,3408,2,attack_buff,0.259,0.4236,200,0,8,いいえ,vにゅーさん / 海の昇竜貫 / トランシルヴァニア家族 / 跛荒の鉄男大先生 / シミ
2,281,em-c67ab163f5d6,さくらこはダムです,12,2092,735,1,attribute_guard,0.2588,0.4444,196,4,8,いいえ,ウサウサ八幡 / さくらこはダムです / 愛のぴよ子 / 跛荒の鉄男大先生 / 財閥だ浅ちゃん！
2,282,em-35db097208c5,勝斧・冠,60,6816,4089,1,attack_buff,0.2588,0.3819,197,3,8,いいえ,ダリア・宮子・9 / 勝斧・冠 / トランシルヴァニア家族 / ????? / 八狗神伏姫様
2,283,em-c816189f2294,ブッダがやって来る！,17,1510,1510,2,delay,0.2585,0.3819,195,5,8,いいえ,橘の元祖☆みっちー / ブッダがやって来る！ / 愛のぴよ子 / 跛荒の鉄男大先生 / ラパヌイ先生
2,284,em-f8a5ad2fd004,どうしん様,15,805,795,1,heal,0.2584,0.4861,182,18,8,いいえ,橘の元祖☆みっちー / どうしん様 / トランシルヴァニア家族 / ????? / 御嶽さん
2,285,em-0984e8e9ee06,加賀のカブキ者,60,4430,6816,2,attack_buff,0.2584,0.4375,196,4,8,いいえ,ハリウッドナナコ師匠 / 加賀のカブキ者 / デロスの月陽姉弟 / ????? / 碧海のオフタルもん
2,286,em-269e75871422,瑠璃☆瑠璃,27,2726,2181,1,damage_reduction,0.2583,0.4375,196,4,8,いいえ,ダリア・宮子・9 / 瑠璃☆瑠璃 / 田島の春 / 諏訪子成長期 / ラパヌイ先生
2,287,em-6b4baf5a6b1b,ＫＫマリテレ様,51,6368,2926,1,attribute_change,0.2581,0.4167,184,16,8,いいえ,ダリア・宮子・9 / ＫＫマリテレ様 / 田島の春 / ????? / 御嶽さん
2,288,em-bb2bd26d4796,のり男の浪漫,36,3098,2695,2,attribute_guard,0.2579,0.4444,192,8,8,いいえ,うさ☆八幡さま / のり男の浪漫 / 愛のぴよ子 / 跛荒の鉄男大先生 / 財閥だ浅ちゃん！
2,289,em-795ca1ffcb95,カム着火べあぱわー,12,664,2355,2,attack_buff,0.2578,0.4653,197,3,8,いいえ,ウサウサ八幡 / カム着火べあぱわー / トランシルヴァニア家族 / 愛のぴよ子 / ラパヌイ先生
2,290,em-2c2759ede728,?????,44,4771,2385,1,attack_buff,0.2577,0.4167,198,2,8,いいえ,vにゅーさん / ????? / 愛のぴよ子 / 跛荒の鉄男大先生 / ラパヌイ先生
2,291,em-b0a6405ce878,ヒルズキング,15,859,1598,1,attack_buff,0.2576,0.4653,200,0,8,いいえ,ウサウサ八幡 / ヒルズキング / トランシルヴァニア家族 / 愛のぴよ子 / ラパヌイ先生
2,292,em-f565b0314902,覚醒大氷怪・雪愛,37,4345,4515,1,attribute_change,0.2575,0.4097,186,14,8,いいえ,ダリア・宮子・9 / 覚醒大氷怪・雪愛 / 伊予・タウロス / ????? / 御嶽さん
2,293,em-587d1ec0e30f,偉人さんトーマスん,14,1359,2038,2,attribute_change,0.2574,0.4722,199,1,8,いいえ,ウサウサ八幡 / 偉人さんトーマスん / トランシルヴァニア家族 / 愛のぴよ子 / ラパヌイ先生
2,294,em-fef48f3b2f9e,まん丸！シャーミー君,28,3800,3237,1,attack_buff,0.2572,0.4167,193,7,8,いいえ,うさ☆八幡さま / まん丸！シャーミー君 / 愛のぴよ子 / みどりのたけしマン / 碧海のオフタルもん
2,295,em-8d7a9845b04b,コーベリアル男爵,5,400,380,2,attribute_guard,0.257,0.5,200,0,8,いいえ,橘の元祖☆みっちー / コーベリアル男爵 / トランシルヴァニア家族 / 百華百彩久連子 / シミ
2,296,em-edb254f0a679,カナちゃんのなごみ,41,5453,3408,2,heal,0.2565,0.4375,200,0,8,いいえ,日本海女中 / カナちゃんのなごみ / きぬたン / 跛荒の鉄男大先生 / ラパヌイ先生
2,297,em-5c142a19c12c,菅大臣・どうしん様,24,2649,2504,1,heal,0.2564,0.4306,189,11,8,いいえ,vにゅーさん / 菅大臣・どうしん様 / 田島の春 / 諏訪子成長期 / モンさんミッシェル
2,298,em-a02f06328adf,ゼネコン大公,60,6134,2726,2,guard,0.2564,0.3889,194,6,8,いいえ,ダリア・宮子・9 / ゼネコン大公 / トランシルヴァニア家族 / ????? / 御嶽さん
2,299,em-3ad7d27f7887,ハワイる水島神人,19,2567,1208,2,guard,0.2562,0.4375,196,4,8,いいえ,ウサウサ八幡 / ハワイる水島神人 / 田島の春 / 愛のぴよ子 / 財閥だ浅ちゃん！
2,300,em-c33cc8cd4298,ほたるんるんるん,12,1100,1600,2,attribute_change,0.2561,0.4792,197,3,8,いいえ,ウサウサ八幡 / ほたるんるんるん / トランシルヴァニア家族 / 愛のぴよ子 / ラパヌイ先生
2,301,em-23638c0715eb,ばけごろう,30,1757,5743,1,attribute_change,0.2559,0.4236,193,7,8,いいえ,うさ☆八幡さま / ばけごろう / 愛のぴよ子 / 跛荒の鉄男大先生 / ラパヌイ先生
2,302,em-7c8471edf1df,ハロハロ☆ナモミさま,36,2556,4260,2,attack_buff,0.2556,0.4444,193,7,8,いいえ,うさ☆八幡さま / ハロハロ☆ナモミさま / 愛のぴよ子 / ????? / 碧海のオフタルもん
2,303,em-15b63ea7b4c3,タオるんさん先輩師匠,14,1510,2180,2,attribute_guard,0.2554,0.4514,198,2,8,いいえ,ウサウサ八幡 / タオるんさん先輩師匠 / 愛のぴよ子 / 跛荒の鉄男大先生 / 財閥だ浅ちゃん！
2,304,em-f33518363cb8,マチョリスト☆ばん,13,1410,775,2,attack_buff,0.2553,0.4931,198,2,8,いいえ,ウサウサ八幡 / マチョリスト☆ばん / トランシルヴァニア家族 / 愛のぴよ子 / ラパヌイ先生
2,305,em-37e222cb9f2b,いんばーぬたん,53,3748,4771,2,attack_buff,0.2549,0.4444,194,6,8,いいえ,vにゅーさん / いんばーぬたん / トランシルヴァニア家族 / 愛のぴよ子 / 財閥だ浅ちゃん！
2,306,em-6c5a2955b199,ほぼネ甲ネイ・テウケ,26,3059,2737,2,attack_buff,0.2549,0.4444,198,2,8,いいえ,橘の元祖☆みっちー / ほぼネ甲ネイ・テウケ / トランシルヴァニア家族 / 愛のぴよ子 / ラパヌイ先生
2,307,em-64a5161e8307,優美な二条嬢,15,1250,1150,2,attribute_guard,0.2548,0.4792,199,1,8,いいえ,ウサウサ八幡 / 優美な二条嬢 / 愛のぴよ子 / 跛荒の鉄男大先生 / 財閥だ浅ちゃん！
2,308,em-8680261975a6,キタマクラさん,10,3166,558,1,heal,0.2547,0.4167,161,39,8,いいえ,ウサウサ八幡 / キタマクラさん / トリニダの怪人 / 諏訪子成長期 / 速いぞサラマンダー！
2,309,em-225255ba2e90,華美なるミシュル嬢,22,3864,2524,1,heal,0.2547,0.3958,195,5,8,いいえ,ハリウッドナナコ師匠 / 華美なるミシュル嬢 / 哀哭のオオウミガラス / 百華百彩久連子 / 財閥だ浅ちゃん！
2,310,em-aeee7aac1b71,ジンジャーブレッド男,20,4143,2440,2,attack_buff,0.2545,0.4375,198,2,8,いいえ,橘の元祖☆みっちー / ジンジャーブレッド男 / 愛のぴよ子 / 跛荒の鉄男大先生 / ラパヌイ先生
2,311,em-c358a9d61a43,PiぐPeんとBiぐBeん,15,1208,1510,2,attack_buff,0.2544,0.4792,200,0,8,いいえ,ウサウサ八幡 / PiぐPeんとBiぐBeん / トランシルヴァニア家族 / 愛のぴよ子 / ラパヌイ先生
2,312,em-712bee050113,ターヌムンゴネキ,35,4089,4089,2,attack_buff,0.2541,0.4097,200,0,8,いいえ,うさ☆八幡さま / ターヌムンゴネキ / 愛のぴよ子 / みどりのたけしマン / 碧海のオフタルもん
2,313,em-fbb333645878,戸隠ちび大助,14,226,2193,2,attack_buff,0.2539,0.4722,199,1,8,いいえ,ウサウサ八幡 / 戸隠ちび大助 / トランシルヴァニア家族 / 愛のぴよ子 / ラパヌイ先生
2,314,em-59482d256e11,大森銀佐摩,15,2679,352,2,damage_reduction,0.2535,0.4653,199,1,8,いいえ,ウサウサ八幡 / 大森銀佐摩 / 愛のぴよ子 / 跛荒の鉄男大先生 / 財閥だ浅ちゃん！
2,315,em-a91beec21e3d,やよいチゥりっぷ☆神,13,2957,563,2,attribute_change,0.2529,0.4653,198,2,8,いいえ,ウサウサ八幡 / やよいチゥりっぷ☆神 / トランシルヴァニア家族 / 愛のぴよ子 / ラパヌイ先生
2,316,em-0c1036483550,kɔにー＆gæりー,13,1128,846,2,damage_reduction,0.2528,0.4861,189,11,8,いいえ,ハリウッドナナコ師匠 / kɔにー＆gæりー / デロスの月陽姉弟 / 百華百彩久連子 / 碧海のオフタルもん
2,317,em-4c8a3408455b,泳ぐカネヒラさん,28,3748,3408,2,attribute_change,0.2528,0.4236,185,15,8,いいえ,ハリウッドナナコ師匠 / 泳ぐカネヒラさん / 哀哭のオオウミガラス / ブハラ師匠 / 財閥だ浅ちゃん！
2,318,em-00734b7bf0e4,アパカ☆アイガー師匠,16,1551,2733,1,attack_buff,0.2527,0.4236,194,6,8,いいえ,橘の元祖☆みっちー / アパカ☆アイガー師匠 / 愛のぴよ子 / 跛荒の鉄男大先生 / ラパヌイ先生
2,319,em-9671099553c0,唸れ！阿蘇さん,12,1020,680,1,attribute_guard,0.2522,0.4583,188,12,8,いいえ,ハリウッドナナコ師匠 / 唸れ！阿蘇さん / デロスの月陽姉弟 / 百華百彩久連子 / 碧海のオフタルもん
2,320,em-1e9e4475c353,ゲラー･ｻﾞ･ｸﾞﾗﾃﾞｨｴｲﾀｰ,55,3408,5964,2,attack_buff,0.2522,0.4375,198,2,8,いいえ,有砂小町 / ゲラー･ｻﾞ･ｸﾞﾗﾃﾞｨｴｲﾀｰ / 愛のぴよ子 / 跛荒の鉄男大先生 / ラパヌイ先生
2,321,em-6df3fac7ad2e,ウナギーヌ社長,9,1833,775,2,heal,0.2519,0.4653,194,6,8,いいえ,ウサウサ八幡 / ウナギーヌ社長 / トランシルヴァニア家族 / 愛のぴよ子 / ラパヌイ先生
2,322,em-deac9db76555,ヒルズくん,8,408,812,1,attack_buff,0.2515,0.4792,199,1,8,いいえ,ウサウサ八幡 / ヒルズくん / 愛のぴよ子 / 跛荒の鉄男大先生 / ラパヌイ先生
2,323,em-51e67cfa8578,さくらこさーん,5,600,300,1,attribute_guard,0.2515,0.4792,200,0,8,いいえ,橘の元祖☆みっちー / さくらこさーん / トランシルヴァニア家族 / 百華百彩久連子 / シミ
2,324,em-1ec49f290f1e,ʌっぴーちゃん,8,1762,634,2,heal,0.2511,0.4653,193,7,8,いいえ,ウサウサ八幡 / ʌっぴーちゃん / トランシルヴァニア家族 / 愛のぴよ子 / ラパヌイ先生
2,325,em-f4980131820e,ﾊﾛｳｨﾝのヴラドさん,41,4089,1757,2,damage_reduction,0.2511,0.4444,185,15,8,いいえ,有砂小町 / ﾊﾛｳｨﾝのヴラドさん / 田島の春 / 花火戦隊サイガーRe / 巨大カンテツ
2,326,em-95a008b67c52,権現くまのたん,22,1030,4234,2,attack_buff,0.2507,0.4444,200,0,8,いいえ,橘の元祖☆みっちー / 権現くまのたん / 愛のぴよ子 / 跛荒の鉄男大先生 / ラパヌイ先生
2,327,em-3deff3291fd4,有閑カノープス,70,5112,6816,2,attribute_change,0.2506,0.4375,189,11,8,いいえ,ダリア・宮子・9 / 有閑カノープス / ????? / 跛荒の鉄男大先生 / ネムりん
2,328,em-9991a7ad9a04,ヒラメさん進化中,22,4004,2556,1,attribute_change,0.2504,0.4167,199,1,8,いいえ,ダリア・宮子・9 / ヒラメさん進化中 / トランシルヴァニア家族 / ????? / 碧海のオフタルもん
2,329,em-aefb52be8eca,半間鮫子,52,3411,6823,2,multi_hit_attack,0.2504,0.3958,197,3,8,いいえ,有砂小町 / 半間鮫子 / 愛のぴよ子 / みどりのたけしマン / 碧海のオフタルもん
2,330,em-cf78c5cc3134,オタテカモ次郎,28,4186,3059,2,attribute_change,0.2501,0.4444,182,18,8,いいえ,vにゅーさん / オタテカモ次郎 / トランシルヴァニア家族 / 財閥だ浅ちゃん！ / シミ
2,331,em-2be7abbe40d1,大晦日！ナモミ先輩,14,300,1700,2,attack_buff,0.2499,0.4722,199,1,8,いいえ,ウサウサ八幡 / 大晦日！ナモミ先輩 / トランシルヴァニア家族 / 愛のぴよ子 / ラパヌイ先生
2,332,em-52f594fdc52e,後楽園☆池田,43,5623,2896,1,attack_buff,0.2498,0.4028,199,1,8,いいえ,vにゅーさん / 後楽園☆池田 / 愛のぴよ子 / みどりのたけしマン / 碧海のオフタルもん
2,333,em-983cb2f685ee,再びニートだ浅ちゃん,40,2044,6816,2,attack_buff,0.2497,0.4236,197,3,8,いいえ,うさ☆八幡さま / 再びニートだ浅ちゃん / 愛のぴよ子 / ????? / 碧海のオフタルもん
2,334,em-c547f488bc34,警告！クジラの尊,12,30,1410,1,attribute_change,0.2496,0.4583,197,3,8,いいえ,ウサウサ八幡 / 警告！クジラの尊 / トランシルヴァニア家族 / 愛のぴよ子 / ラパヌイ先生
2,335,em-3dc0af65e330,ランたんちゃん,43,3425,5295,2,attribute_change,0.2496,0.4444,193,7,8,いいえ,ダリア・宮子・9 / ランたんちゃん / ????? / 百華百彩久連子 / 財閥だ浅ちゃん！
2,336,em-39a55990bbc4,願え！クルスさん,11,800,800,1,attribute_change,0.2494,0.4792,196,4,8,いいえ,ウサウサ八幡 / 願え！クルスさん / トランシルヴァニア家族 / 愛のぴよ子 / ラパヌイ先生
2,337,em-70861f8a23e9,ウナギーヌくん,3,800,200,2,heal,0.2493,0.4722,188,12,8,いいえ,ウサウサ八幡 / ウナギーヌくん / トランシルヴァニア家族 / 愛のぴよ子 / ラパヌイ先生
2,338,em-3767457f6cce,ｷﾗﾒｷﾒﾗ☆ヒラメ様,40,5367,2215,1,attribute_change,0.2493,0.4028,181,19,8,いいえ,ダリア・宮子・9 / ｷﾗﾒｷﾒﾗ☆ヒラメ様 / 田島の春 / みどりのたけしマン / 御嶽さん
2,339,em-e4cc96d741ac,クル彦さん,9,702,702,1,attribute_change,0.249,0.4792,194,6,8,いいえ,ウサウサ八幡 / クル彦さん / トランシルヴァニア家族 / 愛のぴよ子 / ラパヌイ先生
2,340,em-0b273c3da2d3,ぴぐぺん＆びぐべん,12,700,900,2,attack_buff,0.2488,0.4861,197,3,8,いいえ,ウサウサ八幡 / ぴぐぺん＆びぐべん / トランシルヴァニア家族 / 愛のぴよ子 / ラパヌイ先生
2,341,em-e9b3dc6478a4,アヌラさま,33,2495,2978,2,attribute_guard,0.2488,0.4306,197,3,8,いいえ,橘の元祖☆みっちー / アヌラさま / 田島の春 / 愛のぴよ子 / 財閥だ浅ちゃん！
2,342,em-1bcd64d199fb,ケロッとる☆キング,31,1533,5708,2,attribute_change,0.2483,0.4306,185,15,8,いいえ,vにゅーさん / ケロッとる☆キング / トランシルヴァニア家族 / 財閥だ浅ちゃん！ / シミ
2,343,em-cf2619ce2878,俺っち氷河,28,3864,3222,2,attribute_change,0.2482,0.4236,185,15,8,いいえ,ハリウッドナナコ師匠 / 俺っち氷河 / 哀哭のオオウミガラス / ブハラ師匠 / 財閥だ浅ちゃん！
2,344,em-492dd4b96b0e,中央アルプスの少年,12,800,600,2,damage_reduction,0.2479,0.4792,196,4,8,いいえ,ウサウサ八幡 / 中央アルプスの少年 / 愛のぴよ子 / 跛荒の鉄男大先生 / 財閥だ浅ちゃん！
2,345,em-7f58743c664e,ポリミタス☆おかいこ,34,4771,3069,2,attribute_change,0.2479,0.4236,185,15,8,いいえ,有砂小町 / ポリミタス☆おかいこ / きぬたン / 跛荒の鉄男大先生 / 速いぞサラマンダー！
2,346,em-1749aff71419,ミシャグジさまさま,60,6986,3578,2,attack_buff,0.2479,0.4167,197,3,8,いいえ,ダリア・宮子・9 / ミシャグジさまさま / トランシルヴァニア家族 / ????? / 八狗神伏姫様
2,347,em-4fddbba71de4,大熊びぐべん,9,600,700,2,attack_buff,0.2477,0.4861,194,6,8,いいえ,ウサウサ八幡 / 大熊びぐべん / トランシルヴァニア家族 / 愛のぴよ子 / ラパヌイ先生
2,348,em-7c7befcdeb38,メル子大先生,16,1773,1934,2,attack_buff,0.2476,0.4514,200,0,8,いいえ,ウサウサ八幡 / メル子大先生 / 田島の春 / 愛のぴよ子 / ラパヌイ先生
2,349,em-b422734eb78b,たたーる星人,15,1812,1510,2,attack_buff,0.2475,0.4583,200,0,8,いいえ,ウサウサ八幡 / たたーる星人 / トランシルヴァニア家族 / 愛のぴよ子 / ラパヌイ先生
2,350,em-74a94c7750af,スーちゃん,8,603,603,1,attribute_change,0.2472,0.4792,193,7,8,いいえ,ウサウサ八幡 / スーちゃん / トランシルヴァニア家族 / 愛のぴよ子 / ラパヌイ先生
2,351,em-627c09c619f8,さくら…こなのか,7,888,482,1,attribute_guard,0.2472,0.4514,191,9,8,いいえ,ウサウサ八幡 / さくら…こなのか / 愛のぴよ子 / 跛荒の鉄男大先生 / 財閥だ浅ちゃん！
2,352,em-5b3eb6a3a507,なるリッシュ,20,1812,1510,2,attack_buff,0.2468,0.4583,198,2,8,いいえ,橘の元祖☆みっちー / なるリッシュ / 愛のぴよ子 / 跛荒の鉄男大先生 / ラパヌイ先生
2,353,em-d0c26ab1312e,シガー☆直哉,22,3542,2125,1,attribute_change,0.2468,0.4097,199,1,8,いいえ,ダリア・宮子・9 / シガー☆直哉 / トランシルヴァニア家族 / ????? / 碧海のオフタルもん
2,354,em-53e02d48f02a,It’s a ちーちゃん,33,6816,149,2,multi_hit_attack,0.2467,0.4028,190,10,8,いいえ,ハリウッドナナコ師匠 / It’s a ちーちゃん / 哀哭のオオウミガラス / ブハラ師匠 / 財閥だ浅ちゃん！
2,355,em-e718c5b250d7,彩れくたにん,9,600,700,2,attribute_change,0.2465,0.4861,200,0,8,いいえ,ウサウサ八幡 / 彩れくたにん / 愛のぴよ子 / 跛荒の鉄男大先生 / ラパヌイ先生
2,356,em-83954a93a691,閃きのヒラメちゃん,60,6560,4430,2,attribute_change,0.2459,0.4097,200,0,8,いいえ,vにゅーさん / 閃きのヒラメちゃん / 田島の春 / 愛のぴよ子 / 財閥だ浅ちゃん！
2,357,em-8de6e4494a60,称えよ☆メジェド様！,25,2415,2415,2,guard,0.2453,0.4167,196,4,8,いいえ,橘の元祖☆みっちー / 称えよ☆メジェド様！ / 愛のぴよ子 / 跛荒の鉄男大先生 / 財閥だ浅ちゃん！
2,358,em-b127f99ae530,キラー・ｻﾞ・ｷﾗｰ,55,5964,3408,2,damage_reduction,0.2453,0.4028,196,4,8,いいえ,vにゅーさん / キラー・ｻﾞ・ｷﾗｰ / 愛のぴよ子 / 花火戦隊サイガーRe / 財閥だ浅ちゃん！
2,359,em-c912b76e4dda,妖怪雪愛さま,15,950,1350,2,attribute_change,0.2447,0.4722,200,0,8,いいえ,ウサウサ八幡 / 妖怪雪愛さま / トランシルヴァニア家族 / 愛のぴよ子 / ラパヌイ先生
2,360,em-e9a9af4ae9bc,梨豚ぴぐぺん,6,500,600,2,attack_buff,0.2446,0.4792,191,9,8,いいえ,ウサウサ八幡 / 梨豚ぴぐぺん / トランシルヴァニア家族 / 愛のぴよ子 / ラパヌイ先生
2,361,em-4b42211e8e80,ナモミさん,12,200,1200,2,attack_buff,0.2446,0.4722,197,3,8,いいえ,ウサウサ八幡 / ナモミさん / トランシルヴァニア家族 / 愛のぴよ子 / ラパヌイ先生
2,362,em-c78db71c2d7b,ヒルズさん,12,517,1097,1,attack_buff,0.2446,0.4653,197,3,8,いいえ,ウサウサ八幡 / ヒルズさん / トランシルヴァニア家族 / 愛のぴよ子 / ラパヌイ先生
2,363,em-8ece38ad97a5,デンマーくん大帝,17,1269,1057,2,guard,0.2442,0.4444,194,6,8,いいえ,ウサウサ八幡 / デンマーくん大帝 / 田島の春 / 愛のぴよ子 / 財閥だ浅ちゃん！
2,364,em-664c9287613d,阿蘇さん,8,820,500,1,attribute_guard,0.2437,0.4444,185,15,8,いいえ,ウサウサ八幡 / 阿蘇さん / 田島の春 / 愛のぴよ子 / 財閥だ浅ちゃん！
2,365,em-96c4c1bf7f87,畳リーゼントの御頭,40,4345,4345,2,attack_buff,0.2435,0.4167,197,3,8,いいえ,ハリウッドナナコ師匠 / 畳リーゼントの御頭 / 哀哭のオオウミガラス / ブハラ師匠 / 財閥だ浅ちゃん！
2,366,em-2d179e9f0835,ﾇｯと出る☆ウイス君,36,5354,2486,2,attack_buff,0.2435,0.3889,190,10,8,いいえ,ダリア・宮子・9 / ﾇｯと出る☆ウイス君 / 田島の春 / みどりのたけしマン / ラパヌイ先生
2,367,em-e9a4c94598fc,深海人ゴロウ,6,500,480,2,attack_buff,0.2432,0.4722,198,2,8,いいえ,有砂小町 / 深海人ゴロウ / 哀哭のオオウミガラス / ブハラ師匠 / 財閥だ浅ちゃん！
2,368,em-8038935d7100,竜宮の翁,38,4771,3748,2,attack_buff,0.2432,0.4097,200,0,8,いいえ,有砂小町 / 竜宮の翁 / トランシルヴァニア家族 / 諏訪子成長期 / バビるわバビル君。
2,369,em-95a2dbeaf4ea,神使！ナモミさま,18,805,4025,2,attack_buff,0.2427,0.4236,196,4,8,いいえ,橘の元祖☆みっちー / 神使！ナモミさま / 愛のぴよ子 / 跛荒の鉄男大先生 / ラパヌイ先生
2,370,em-e4561d587562,幼心のデメ子さん,25,3178,4089,1,attribute_change,0.2426,0.3958,182,18,8,いいえ,ハリウッドナナコ師匠 / 幼心のデメ子さん / 哀哭のオオウミガラス / ブハラ師匠 / 財閥だ浅ちゃん！
2,371,em-dfa3c95f9720,雪童雪愛たん,17,2495,2656,1,attribute_change,0.2425,0.4167,181,19,8,いいえ,日本海女中 / 雪童雪愛たん / 哀哭のオオウミガラス / ブハラ師匠 / 八狗神伏姫様
2,372,em-080293573ea5,ダヴィアさん,19,2567,1914,2,attack_buff,0.2424,0.4375,191,9,8,いいえ,橘の元祖☆みっちー / ダヴィアさん / トランシルヴァニア家族 / 愛のぴよ子 / ラパヌイ先生
2,373,em-344c7687cce5,アウス大先輩,17,1924,1924,2,attribute_change,0.2424,0.4097,200,0,8,いいえ,vにゅーさん / アウス大先輩 / 愛のぴよ子 / 百華百彩久連子 / ヘラクレス先輩
2,374,em-7a58e59098c4,森神ブーナッド,36,4941,3408,2,heal,0.2423,0.4236,200,0,8,いいえ,有砂小町 / 森神ブーナッド / 田島の春 / 花火戦隊サイガーRe / 八狗神伏姫様
2,375,em-87a6c85241fe,蝶々ペッパーくん,30,1482,1781,2,delay,0.2421,0.3819,184,16,8,いいえ,vにゅーさん / 蝶々ペッパーくん / トランシルヴァニア家族 / 財閥だ浅ちゃん！ / シミ
2,376,em-4dc27428f645,よりりんＫ林スタイル,24,2576,2576,2,attribute_change,0.242,0.4375,146,54,8,いいえ,ウサウサ八幡 / よりりんＫ林スタイル / トリニダの怪人 / グラディ瑛太 / ハリウッドナナコ師匠
2,377,em-4d6101ee96b0,フィッシャーマン３,8,520,470,1,heal,0.2418,0.4722,193,7,8,いいえ,ウサウサ八幡 / フィッシャーマン３ / トランシルヴァニア家族 / 愛のぴよ子 / ラパヌイ先生
2,378,em-d4e50f80f825,コーベリアル,4,305,297,2,attribute_guard,0.2416,0.4792,199,1,8,いいえ,橘の元祖☆みっちー / コーベリアル / トランシルヴァニア家族 / 百華百彩久連子 / シミ
2,379,em-c6785d8f86c3,中央アルプスの犬,9,600,400,2,damage_reduction,0.2416,0.4722,193,7,8,いいえ,ウサウサ八幡 / 中央アルプスの犬 / 愛のぴよ子 / 跛荒の鉄男大先生 / 財閥だ浅ちゃん！
2,380,em-36ce9827163b,検非違使なけいび氏,28,6024,878,2,heal,0.2416,0.4236,195,5,8,いいえ,日本海女中 / 検非違使なけいび氏 / 哀哭のオオウミガラス / ブハラ師匠 / 財閥だ浅ちゃん！
2,381,em-c6a3687dad8c,ウナギーヌさん,5,900,350,2,heal,0.2411,0.4653,190,10,8,いいえ,ウサウサ八幡 / ウナギーヌさん / トランシルヴァニア家族 / 愛のぴよ子 / ラパヌイ先生
2,382,em-f3d5bcd42444,あっぴー先輩,6,1000,400,2,heal,0.2411,0.4653,191,9,8,いいえ,ウサウサ八幡 / あっぴー先輩 / トランシルヴァニア家族 / 愛のぴよ子 / ラパヌイ先生
2,383,em-615e4701fc7f,華麗！いつくしーみん,12,660,1040,2,attack_buff,0.2408,0.4722,197,3,8,いいえ,ウサウサ八幡 / 華麗！いつくしーみん / トランシルヴァニア家族 / 愛のぴよ子 / ラパヌイ先生
2,384,em-210e07c4044b,偉いよ！どうしん先生,19,1245,1155,1,heal,0.2404,0.4444,186,14,8,いいえ,橘の元祖☆みっちー / 偉いよ！どうしん先生 / トランシルヴァニア家族 / ????? / 御嶽さん
2,385,em-1e3b5bb54d35,ナナフシ,30,4175,2999,2,attribute_change,0.2401,0.4167,177,23,8,いいえ,vにゅーさん / ナナフシ / 愛のぴよ子 / 跛荒の鉄男大先生 / 財閥だ浅ちゃん！
2,386,em-6c215846fcb0,アン・ごろう,16,1356,1189,2,attack_buff,0.24,0.4583,200,0,8,いいえ,ウサウサ八幡 / アン・ごろう / 田島の春 / 愛のぴよ子 / ラパヌイ先生
2,387,em-09a7a163b0cd,沼南ぱモーセ,38,2556,5623,2,attack_buff,0.2397,0.4097,200,0,8,いいえ,vにゅーさん / 沼南ぱモーセ / デロスの月陽姉弟 / 諏訪子成長期 / モンさんミッシェル
2,388,em-f76821f7daba,スライディング・ケベック,18,2532,1993,1,attack_buff,0.2396,0.3958,175,25,8,いいえ,ハリウッドナナコ師匠 / スライディング・ケベック / 哀哭のオオウミガラス / ブハラ師匠 / 財閥だ浅ちゃん！
2,389,em-a9738b409d24,カジランガ守り隊員,45,7668,1533,2,attack_buff,0.2394,0.4097,196,4,8,いいえ,ハリウッドナナコ師匠 / カジランガ守り隊員 / 哀哭のオオウミガラス / ブハラ師匠 / 御嶽さん
2,390,em-8d9e942117e5,ウナギーヌ課長,6,1000,450,2,heal,0.2392,0.4583,191,9,8,いいえ,ウサウサ八幡 / ウナギーヌ課長 / トランシルヴァニア家族 / 愛のぴよ子 / ラパヌイ先生
2,391,em-879d09afc46a,アイアン下仁田,17,907,900,2,guard,0.2389,0.4514,188,12,8,いいえ,橘の元祖☆みっちー / アイアン下仁田 / 愛のぴよ子 / 跛荒の鉄男大先生 / 財閥だ浅ちゃん！
2,392,em-c37c2a529421,ディワリのｱﾗｸｼｭﾐｰ,38,4771,3408,2,heal,0.2389,0.4236,185,15,8,いいえ,vにゅーさん / ディワリのｱﾗｸｼｭﾐｰ / 愛のぴよ子 / 跛荒の鉄男大先生 / 財閥だ浅ちゃん！
2,393,em-643d05a15e4e,エビユルゲ大佐,5,520,460,2,attribute_change,0.2388,0.4722,190,10,8,いいえ,ウサウサ八幡 / エビユルゲ大佐 / トランシルヴァニア家族 / 愛のぴよ子 / ラパヌイ先生
2,394,em-640d19558093,聖なる打毬神！みるるん,19,1208,1963,2,attack_buff,0.2386,0.4444,197,3,8,いいえ,橘の元祖☆みっちー / 聖なる打毬神！みるるん / 愛のぴよ子 / 跛荒の鉄男大先生 / ラパヌイ先生
2,395,em-b343077dd75f,塚井さんは4人乗り,38,4294,3374,2,attack_buff,0.2386,0.4028,195,5,8,いいえ,うさ☆八幡さま / 塚井さんは4人乗り / 愛のぴよ子 / ????? / 碧海のオフタルもん
2,396,em-804bc17d075c,雪壁の大谷,11,1500,300,2,damage_reduction,0.2385,0.4514,195,5,8,いいえ,ウサウサ八幡 / 雪壁の大谷 / 愛のぴよ子 / 跛荒の鉄男大先生 / 財閥だ浅ちゃん！
2,397,em-e507272ab5af,フィッシャーマン２,6,400,400,1,heal,0.2379,0.4653,191,9,8,いいえ,ウサウサ八幡 / フィッシャーマン２ / トランシルヴァニア家族 / 愛のぴよ子 / ラパヌイ先生
2,398,em-7a57f923ab2c,ありえんキャット様,61,6069,5622,1,attribute_change,0.2378,0.3958,181,19,8,いいえ,vにゅーさん / ありえんキャット様 / トマティーナ少佐 / 諏訪子成長期 / 巨大カンテツ
2,399,em-065f680177c4,ﾍﾟﾀももたろす,17,3059,3059,2,attribute_change,0.2372,0.4167,175,25,8,いいえ,ウサウサ八幡 / ﾍﾟﾀももたろす / トリニダの怪人 / 花火戦隊サイガーRe / 速いぞサラマンダー！
2,400,em-d9e193a7c929,斑鳩の太子くん,36,4260,2896,2,heal,0.237,0.4097,200,0,8,いいえ,有砂小町 / 斑鳩の太子くん / 田島の春 / 花火戦隊サイガーRe / 八狗神伏姫様
2,401,em-1cb67f0b7d2d,スノーな大谷,9,1100,200,2,damage_reduction,0.2369,0.4583,193,7,8,いいえ,ウサウサ八幡 / スノーな大谷 / 愛のぴよ子 / 跛荒の鉄男大先生 / 財閥だ浅ちゃん！
2,402,em-410cc22d32bc,アロハる☆水島神人,16,3246,1887,2,attribute_change,0.2364,0.4167,198,2,8,いいえ,ダリア・宮子・9 / アロハる☆水島神人 / 田島の春 / 跛荒の鉄男大先生 / ラパヌイ先生
2,403,em-d932b3b4e7ed,狼先生ジョン,18,1963,2869,1,attribute_change,0.2364,0.3958,189,11,8,いいえ,vにゅーさん / 狼先生ジョン / トランシルヴァニア家族 / 百華百彩久連子 / シミ
2,404,em-251852280bcf,どうしんさん,12,615,605,1,heal,0.2355,0.4653,197,3,8,いいえ,ウサウサ八幡 / どうしんさん / トランシルヴァニア家族 / 愛のぴよ子 / ラパヌイ先生
2,405,em-86e0d0475819,使い魔のミナヅキ,22,2385,3067,2,attack_buff,0.2348,0.4236,200,0,8,いいえ,橘の元祖☆みっちー / 使い魔のミナヅキ / 愛のぴよ子 / 跛荒の鉄男大先生 / ラパヌイ先生
2,406,em-ad084af57188,魔法使い らくがーる,38,4601,3663,2,attack_buff,0.2342,0.4028,195,5,8,いいえ,ハリウッドナナコ師匠 / 魔法使い らくがーる / 哀哭のオオウミガラス / ブハラ師匠 / 財閥だ浅ちゃん！
2,407,em-b83d457ef580,王国民ゴロウ,5,390,390,2,attack_buff,0.2335,0.4653,196,4,8,いいえ,ウサウサ八幡 / 王国民ゴロウ / 愛のぴよ子 / 跛荒の鉄男大先生 / ラパヌイ先生
2,408,em-786d95001098,可憐な二条嬢,12,810,790,2,attribute_guard,0.2325,0.4514,189,11,8,いいえ,ウサウサ八幡 / 可憐な二条嬢 / 田島の春 / 愛のぴよ子 / 財閥だ浅ちゃん！
2,409,em-9c40d906d190,フィッシャーマン,4,296,314,1,heal,0.232,0.4583,184,16,8,いいえ,ウサウサ八幡 / フィッシャーマン / トランシルヴァニア家族 / ????? / 御嶽さん
2,410,em-86b9ae60356a,ブーナッドさま,14,2100,400,2,heal,0.232,0.4514,199,1,8,いいえ,ウサウサ八幡 / ブーナッドさま / トランシルヴァニア家族 / 愛のぴよ子 / ラパヌイ先生
2,411,em-85a7b3e2cb7d,剥ぐぞ！ナモミ先生,16,400,2100,2,attack_buff,0.2317,0.4306,200,0,8,いいえ,ウサウサ八幡 / 剥ぐぞ！ナモミ先生 / 田島の春 / 愛のぴよ子 / ラパヌイ先生
2,412,em-a236725222d2,紺碧のＰＬぴよ子,60,3656,3656,1,attribute_change,0.2316,0.4097,200,0,8,いいえ,vにゅーさん / 紺碧のＰＬぴよ子 / 田島の春 / 愛のぴよ子 / 財閥だ浅ちゃん！
2,413,em-bca7c94c15fe,ひろしマンＲ,10,1128,1128,2,heal,0.2314,0.4444,188,12,8,いいえ,橘の元祖☆みっちー / ひろしマンＲ / 愛のぴよ子 / 跛荒の鉄男大先生 / ラパヌイ先生
2,414,em-beaaa8c15744,カメハメハワイ大王,50,3059,5879,2,attack_buff,0.2313,0.4028,193,7,8,いいえ,有砂小町 / カメハメハワイ大王 / 愛のぴよ子 / 跛荒の鉄男大先生 / ラパヌイ先生
2,415,em-050f0ee87c24,妖精雪愛さん,12,770,830,2,attribute_change,0.2309,0.4583,197,3,8,いいえ,ウサウサ八幡 / 妖精雪愛さん / トランシルヴァニア家族 / 愛のぴよ子 / ラパヌイ先生
2,416,em-acc7e76f32c6,満開☆チゥりっぷちゃん,20,563,2957,2,attribute_change,0.2303,0.4236,198,2,8,いいえ,橘の元祖☆みっちー / 満開☆チゥりっぷちゃん / 愛のぴよ子 / 跛荒の鉄男大先生 / ラパヌイ先生
2,417,em-d46e72def2a2,いつくしーみん,8,380,840,2,attack_buff,0.23,0.4583,199,1,8,いいえ,ウサウサ八幡 / いつくしーみん / 愛のぴよ子 / 跛荒の鉄男大先生 / ラパヌイ先生
2,418,em-e44c80aa58d3,二条嬢,8,620,600,2,attribute_guard,0.2291,0.4514,184,16,8,いいえ,ハリウッドナナコ師匠 / 二条嬢 / デロスの月陽姉弟 / 百華百彩久連子 / 碧海のオフタルもん
2,419,em-e2135a9d657f,ねぶるータスお前もか,18,2173,2656,2,attack_buff,0.2284,0.4167,190,10,8,いいえ,橘の元祖☆みっちー / ねぶるータスお前もか / トランシルヴァニア家族 / 愛のぴよ子 / ラパヌイ先生
2,420,em-8a1f54dc1206,讃えよ！ヒンヌー教徒,46,3393,4260,1,attribute_change,0.2284,0.3681,187,13,8,いいえ,ダリア・宮子・9 / 讃えよ！ヒンヌー教徒 / 田島の春 / みどりのたけしマン / 御嶽さん
2,421,em-8e1d0fa65dc4,厩戸之太子大先生,24,2866,2447,1,heal,0.2283,0.3958,171,29,8,いいえ,vにゅーさん / 厩戸之太子大先生 / 愛のぴよ子 / 跛荒の鉄男大先生 / 財閥だ浅ちゃん！
2,422,em-4206205a0bb1,リュウ・ツカイ,60,5708,4515,2,attack_buff,0.2276,0.375,192,8,8,いいえ,橘の元祖☆みっちー / リュウ・ツカイ / トリニダの怪人 / ブハラ師匠 / ハリウッドナナコ師匠
2,423,em-84a7ce7d3a80,ゴロウ,4,310,302,2,attack_buff,0.2274,0.4583,195,5,8,いいえ,ウサウサ八幡 / ゴロウ / 愛のぴよ子 / 跛荒の鉄男大先生 / ラパヌイ先生
2,424,em-583f38470462,さくらエビライダー,26,2414,2414,2,attribute_change,0.2271,0.4167,183,17,8,いいえ,ハリウッドナナコ師匠 / さくらエビライダー / 哀哭のオオウミガラス / ブハラ師匠 / 財閥だ浅ちゃん！
2,425,em-59636157ae2e,コーベンパイア天爵,45,5282,1757,2,damage_reduction,0.2266,0.3889,192,8,8,いいえ,vにゅーさん / コーベンパイア天爵 / 愛のぴよ子 / 跛荒の鉄男大先生 / 財閥だ浅ちゃん！
2,426,em-860d0191c03c,太子くん,8,650,590,2,heal,0.2264,0.4514,193,7,8,いいえ,ウサウサ八幡 / 太子くん / トランシルヴァニア家族 / 愛のぴよ子 / ラパヌイ先生
2,427,em-b54ea6cda2a4,塚井さん,38,3817,2999,2,attack_buff,0.2262,0.3958,200,0,8,いいえ,有砂小町 / 塚井さん / トランシルヴァニア家族 / 諏訪子成長期 / バビるわバビル君。
2,428,em-f14c0a7296cf,コーベリアル伯爵,7,500,480,2,attribute_guard,0.2259,0.4444,200,0,8,いいえ,ウサウサ八幡 / コーベリアル伯爵 / 伊予・タウロス / 愛のぴよ子 / 財閥だ浅ちゃん！
2,429,em-423f5963c7c2,超患部ぴよフェッサー,15,3220,2093,2,revive,0.2222,0.3889,188,12,8,いいえ,ハリウッドナナコ師匠 / 超患部ぴよフェッサー / 哀哭のオオウミガラス / 百華百彩久連子 / 財閥だ浅ちゃん！
2,430,em-a71cd0e28586,ねぶるーさん,14,770,830,2,attack_buff,0.2218,0.4514,199,1,8,いいえ,ウサウサ八幡 / ねぶるーさん / トランシルヴァニア家族 / 愛のぴよ子 / ラパヌイ先生
2,431,em-6ead69ef1b01,精霊ブーナッド,16,4025,805,2,heal,0.2212,0.3958,189,11,8,いいえ,ハリウッドナナコ師匠 / 精霊ブーナッド / 哀哭のオオウミガラス / 百華百彩久連子 / 財閥だ浅ちゃん！
2,432,em-bffb26ad3975,アイヌ☆らっくるん,60,2896,6645,2,attack_buff,0.2208,0.3958,192,8,8,いいえ,vにゅーさん / アイヌ☆らっくるん / サルパちゃん / 諏訪子成長期 / 巨大カンテツ
2,433,em-452bfe576bb9,ねぶるータス,16,950,1350,2,attack_buff,0.2196,0.4306,200,0,8,いいえ,ウサウサ八幡 / ねぶるータス / 田島の春 / 愛のぴよ子 / ラパヌイ先生
2,434,em-82d7b7a877f8,電ドロ白鷺嬢,39,6816,2556,2,heal,0.2195,0.3681,180,20,8,いいえ,vにゅーさん / 電ドロ白鷺嬢 / トランシルヴァニア家族 / 愛のぴよ子 / 財閥だ浅ちゃん！
2,435,em-dc5f853080a2,ねぶるー,12,590,630,2,attack_buff,0.2192,0.4514,197,3,8,いいえ,ウサウサ八幡 / ねぶるー / トランシルヴァニア家族 / 愛のぴよ子 / ラパヌイ先生
2,436,em-344fce469565,豊聡之太子さん,12,830,775,2,heal,0.219,0.4375,197,3,8,いいえ,ウサウサ八幡 / 豊聡之太子さん / トランシルヴァニア家族 / 愛のぴよ子 / ラパヌイ先生
2,437,em-cdfbe8acd59f,はんばー先輩,24,4444,563,2,revive,0.2169,0.4028,197,3,8,いいえ,ハリウッドナナコ師匠 / はんばー先輩 / 哀哭のオオウミガラス / 百華百彩久連子 / 財閥だ浅ちゃん！
2,438,em-e6c115665fbd,上宮之太子さま,15,1300,1150,2,heal,0.2137,0.4236,193,7,8,いいえ,橘の元祖☆みっちー / 上宮之太子さま / 愛のぴよ子 / 跛荒の鉄男大先生 / ラパヌイ先生
2,439,em-98053d851e29,炎上魔女ベファーナ,59,2088,3748,2,revive,0.2117,0.3889,198,2,8,いいえ,有砂小町 / 炎上魔女ベファーナ / 田島の春 / みどりのたけしマン / 御嶽さん
2,440,em-e11205ce4a3f,紅蓮のＰＬぴよ子,60,3656,3656,1,attribute_change,0.2109,0.3819,200,0,8,いいえ,vにゅーさん / 紅蓮のＰＬぴよ子 / トマティーナ少佐 / 財閥だ浅ちゃん！ / 八狗神伏姫様
2,441,em-ff5dd5331817,デメ子ちゃん,18,1704,3067,2,attribute_change,0.2107,0.3889,200,0,8,いいえ,ダリア・宮子・9 / デメ子ちゃん / 田島の春 / 跛荒の鉄男大先生 / ラパヌイ先生
2,442,em-8b48dbb598d6,高杉ぃ高杉ぃぃ！,60,7500,1704,1,attack_buff,0.21,0.3542,200,0,8,いいえ,vにゅーさん / 高杉ぃ高杉ぃぃ！ / 田島の春 / 愛のぴよ子 / 財閥だ浅ちゃん！
2,443,em-cecb4ccbb927,蝶々胡椒鯛くん,30,847,1018,2,delay,0.2093,0.3681,187,13,8,いいえ,ハリウッドナナコ師匠 / 蝶々胡椒鯛くん / 哀哭のオオウミガラス / ブハラ師匠 / 財閥だ浅ちゃん！
2,444,em-82e546e8de79,ランたん,29,2198,3612,2,attribute_change,0.2059,0.3819,183,17,8,いいえ,vにゅーさん / ランたん / トランシルヴァニア家族 / 財閥だ浅ちゃん！ / シミ
2,445,em-85dad7ff7aa2,ディヤの魔人,18,2385,1704,2,heal,0.1975,0.3681,191,9,8,いいえ,ハリウッドナナコ師匠 / ディヤの魔人 / 哀哭のオオウミガラス / 百華百彩久連子 / 財閥だ浅ちゃん！
2,446,em-0ee8cd6c9dab,黄金時代！K・ワンダー,60,3,3,1,multi_hit_attack,0.1714,0.3264,197,3,8,いいえ,有砂小町 / 黄金時代！K・ワンダー / 愛のぴよ子 / ????? / 碧海のオフタルもん
2,447,em-207f3b89da64,ピンギヌスのたまご,100,1,1,1,damage_reduction,0.1698,0.3403,196,4,8,いいえ,ハリウッドナナコ師匠 / ピンギヌスのたまご / 超患部ぴよフェッサー / 諏訪子成長期 / 財閥だ浅ちゃん！
3,1,em-3fef7ee3dc51,トゥバタハのシレーナ,60,3919,4601,3,aoe_attack,0.5019,0.5972,199,1,8,いいえ,橘の元祖☆みっちー / コロちゃん / トゥバタハのシレーナ / 諏訪子成長期 / 巨大カンテツ
3,2,em-5266a394fb35,伊予・タウロス,60,4430,4941,2,multi_hit_attack,0.5009,0.5208,199,1,8,いいえ,橘の元祖☆みっちー / コロちゃん / 伊予・タウロス / 諏訪子成長期 / 巨大カンテツ
3,3,em-14cb05f591ca,牛鬼だうわーっ！,45,3919,2556,2,multi_hit_attack,0.4959,0.5972,196,4,8,いいえ,橘の元祖☆みっちー / コロちゃん / 牛鬼だうわーっ！ / 花火戦隊サイガーRe / シミ
3,4,em-a818769b8b91,田島の春,44,1618,5112,2,multi_hit_attack,0.4882,0.5139,187,13,8,いいえ,vにゅーさん / 北間・クラリス嬢 / 田島の春 / 財閥だ浅ちゃん！ / ダル飯☆杏
3,5,em-490ce6c4d005,ア、ショーカ大王,45,3067,4601,3,multi_hit_attack,0.4782,0.5556,196,4,8,いいえ,橘の元祖☆みっちー / コロちゃん / ア、ショーカ大王 / 花火戦隊サイガーRe / シミ
3,6,em-5b1667b398d0,?????,46,4430,5112,2,multi_hit_attack,0.4729,0.5,200,0,8,いいえ,コメツキ / ノローニャ・パイセン / ????? / 得琉田浜蔵 / ダル飯☆杏
3,7,em-d518108f13e3,トランシルヴァニア家族,45,5350,6059,2,multi_hit_attack,0.4722,0.4444,199,1,8,いいえ,橘の元祖☆みっちー / ペーチパイセン / トランシルヴァニア家族 / 諏訪子成長期 / モンさんミッシェル
3,8,em-2f36c9341591,☆龍神☆尊氏様,85,9372,5623,2,multi_hit_attack,0.4714,0.4375,196,4,8,いいえ,ダリア・宮子・9 / ペーチパイセン / ☆龍神☆尊氏様 / ????? / ラパヌイ先生
3,9,em-faea6a503d7f,討ち入り☆花子,58,5350,4907,3,aoe_attack,0.4672,0.5556,197,3,8,いいえ,橘の元祖☆みっちー / コロちゃん / 討ち入り☆花子 / 諏訪子成長期 / 巨大カンテツ
3,10,em-c0b8a38b4040,鹿喰らいの狼マン,47,4771,3748,2,multi_hit_attack,0.4633,0.5139,200,0,8,いいえ,ウサウサ八幡 / コロちゃん / 鹿喰らいの狼マン / ブハラ師匠 / 巨大カンテツ
3,11,em-b78d9042e361,サルパちゃん,28,4362,3748,2,multi_hit_attack,0.4612,0.4931,199,1,8,いいえ,橘の元祖☆みっちー / vにゅーさん / サルパちゃん / 愛のぴよ子 / 財閥だ浅ちゃん！
3,12,em-cea68c425163,跛荒の鉄男大先生,51,4686,6625,3,multi_hit_attack,0.4595,0.4931,193,7,8,いいえ,有砂小町 / ノローニャ・パイセン / 跛荒の鉄男大先生 / ブハラ師匠 / シミ
3,13,em-45d954b40bc4,ジェラする？かめ姫,60,4941,3237,3,multi_hit_attack,0.4552,0.5556,199,1,8,いいえ,橘の元祖☆みっちー / コロちゃん / ジェラする？かめ姫 / 諏訪子成長期 / 巨大カンテツ
3,14,em-cc181917eaeb,無双中な宗茂さん,60,6405,4941,2,aoe_attack,0.4539,0.4444,196,4,8,いいえ,有砂小町 / vにゅーさん / 無双中な宗茂さん / 愛のぴよ子 / 財閥だ浅ちゃん！
3,15,em-9413da55b7e0,ヤマピカリャーコ,47,4515,5095,2,multi_hit_attack,0.4496,0.4514,200,0,8,いいえ,ウサウサ八幡 / コロちゃん / ヤマピカリャーコ / ブハラ師匠 / 巨大カンテツ
3,16,em-8522b1e6c291,百華百彩久連子,55,5282,5282,3,multi_hit_attack,0.4483,0.5,195,5,8,いいえ,ダリア・宮子・9 / vにゅーさん / 百華百彩久連子 / ????? / 御嶽さん
3,17,em-90d2686cfd0d,花火戦隊サイガーRe,45,4515,5367,3,multi_hit_attack,0.4448,0.4861,193,7,8,いいえ,ダリア・宮子・9 / vにゅーさん / 花火戦隊サイガーRe / みどりのたけしマン / 御嶽さん
3,18,em-404f12535630,祇園祭の素戔嗚さま,88,5964,6390,2,multi_hit_attack,0.4446,0.4236,196,4,8,いいえ,日本海女中 / vにゅーさん / 祇園祭の素戔嗚さま / 愛のぴよ子 / 八狗神伏姫様
3,19,em-6d3c1934f67c,エンパさんの夏,50,5623,4430,2,aoe_attack,0.4443,0.4722,194,6,8,いいえ,うさ☆八幡さま / 脱力コンビあろま＆るる / エンパさんの夏 / ＢＥＷ雪玉 / 財閥だ浅ちゃん！
3,20,em-480a0eef6d7b,ピカリャー射的ｽﾀｲﾙ,45,3786,3786,2,aoe_attack,0.4375,0.4792,196,4,8,いいえ,橘の元祖☆みっちー / コロちゃん / ピカリャー射的ｽﾀｲﾙ / 花火戦隊サイガーRe / シミ
3,21,em-48a7e7dd243f,鮫男子・ニタりん,60,4601,7157,3,multi_hit_attack,0.4332,0.4792,193,7,8,いいえ,ハリウッドナナコ師匠 / vにゅーさん / 鮫男子・ニタりん / ブハラ師匠 / 財閥だ浅ちゃん！
3,22,em-378e340695dc,スクナクナクナクス,50,6816,3408,2,aoe_attack,0.4283,0.4514,194,6,8,いいえ,うさ☆八幡さま / 脱力コンビあろま＆るる / スクナクナクナクス / ＢＥＷ雪玉 / 財閥だ浅ちゃん！
3,23,em-0592fa7cc27f,クェーサルと仲間たち,18,3542,2898,3,multi_hit_attack,0.4237,0.5903,188,12,8,いいえ,ウサウサ八幡 / 脱力コンビあろま＆るる / クェーサルと仲間たち / ブハラ師匠 / ハリウッドナナコ師匠
3,24,em-01ed0ad1bb88,ムガるぞ！フマゆん,78,8350,6805,3,aoe_attack,0.4185,0.5347,197,3,8,いいえ,日本海女中 / vにゅーさん / ムガるぞ！フマゆん / 諏訪子成長期 / 巨大カンテツ
3,25,em-d09d2f80d34e,トマティーナ少佐,16,3748,2130,2,multi_hit_attack,0.4156,0.4931,181,19,8,いいえ,vにゅーさん / ノローニャ・パイセン / トマティーナ少佐 / 跛荒の鉄男大先生 / シミ
3,26,em-474d7b7d3bbe,イチャン～(から),26,3606,2850,2,aoe_attack,0.4154,0.4722,200,0,8,いいえ,有砂小町 / トランシルヴァニア家族 / イチャン～(から) / 跛荒の鉄男大先生 / 財閥だ浅ちゃん！
3,27,em-7747ea5c5a73,諏訪子成長期,38,3067,5623,3,multi_hit_attack,0.4125,0.4375,200,0,8,いいえ,有砂小町 / vにゅーさん / 諏訪子成長期 / 跛荒の鉄男大先生 / シミ
3,28,em-824a4dbb010c,守護天狗くまのたん,41,1874,7668,3,aoe_attack,0.411,0.4375,190,10,8,いいえ,有砂小町 / vにゅーさん / 守護天狗くまのたん / 諏訪子成長期 / シミ
3,29,em-95e1d74be5b6,Ｈ・Ｆ・ウーマン,47,6305,3748,2,guard,0.4091,0.5347,196,4,8,いいえ,ダリア・宮子・9 / vにゅーさん / Ｈ・Ｆ・ウーマン / クェーサルと仲間たち / 財閥だ浅ちゃん！
3,30,em-4d9586371e6c,鞭・打つ子さん,38,4106,4106,3,multi_hit_attack,0.4081,0.4583,179,21,8,いいえ,vにゅーさん / ノローニャ・パイセン / 鞭・打つ子さん / ????? / 御嶽さん
3,31,em-ffea90d62e77,テイヤさん,55,1874,5282,3,multi_hit_attack,0.4077,0.4444,195,5,8,いいえ,有砂小町 / ノローニャ・パイセン / テイヤさん / 得琉田浜蔵 / ラパヌイ先生
3,32,em-6ceef8f285a4,可愛馬！真純ちゃん,41,5964,4566,2,multi_hit_attack,0.4067,0.5069,197,3,8,いいえ,vにゅーさん / 北間・クラリス嬢 / 可愛馬！真純ちゃん / 跛荒の鉄男大先生 / ダル飯☆杏
3,33,em-dba7b79429bc,サルパ王＆女王,60,5453,3748,2,multi_hit_attack,0.4031,0.3889,200,0,8,いいえ,有砂小町 / 北間・クラリス嬢 / サルパ王＆女王 / ????? / 碧海のオフタルもん
3,34,em-8f7b014ebd06,すわ子isGOD！,18,2254,2737,2,multi_hit_attack,0.4029,0.4444,199,1,7,いいえ,橘の元祖☆みっちー / 北間・クラリス嬢 / すわ子isGOD！ / 跛荒の鉄男大先生 / ラパヌイ先生
3,35,em-371b0bc06848,やっとの神,50,2933,2919,3,multi_hit_attack,0.4014,0.4861,192,8,8,いいえ,有砂小町 / ノローニャ・パイセン / やっとの神 / ブハラ師匠 / シミ
3,36,em-30e2f325f3af,尾索戦隊ｻﾙﾊﾟﾝｼﾞｬｰ,28,4907,1022,2,multi_hit_attack,0.4013,0.5139,199,1,8,いいえ,橘の元祖☆みっちー / vにゅーさん / 尾索戦隊ｻﾙﾊﾟﾝｼﾞｬｰ / 愛のぴよ子 / 財閥だ浅ちゃん！
3,37,em-744815bd68e5,旋回のヘリコプリオン,75,8997,2675,2,aoe_attack,0.4005,0.4167,185,15,8,いいえ,ダリア・宮子・9 / カルボ姉（ねえ） / 旋回のヘリコプリオン / ????? / 八狗神伏姫様
3,38,em-845ebf2f059a,うどんの女神,39,4771,2385,2,multi_hit_attack,0.396,0.4653,195,5,8,いいえ,うさ☆八幡さま / vにゅーさん / うどんの女神 / 愛のぴよ子 / 財閥だ浅ちゃん！
3,39,em-9b97e564ea43,ユールシスター☆ノエルん,43,5523,4112,3,multi_hit_attack,0.3949,0.5417,196,4,8,いいえ,ウサウサ八幡 / コロちゃん / ユールシスター☆ノエルん / 諏訪子成長期 / 眠里　不可緒
3,40,em-cf62aeacc244,やまたのおろちん,40,2726,2726,3,multi_hit_attack,0.3925,0.4722,196,4,8,いいえ,うさ☆八幡さま / vにゅーさん / やまたのおろちん / 愛のぴよ子 / 財閥だ浅ちゃん！
3,41,em-af9542637cdd,群れを成すサルパ,28,5453,756,2,multi_hit_attack,0.3919,0.5069,199,1,8,いいえ,橘の元祖☆みっちー / vにゅーさん / 群れを成すサルパ / 愛のぴよ子 / 財閥だ浅ちゃん！
3,42,em-690b5b221287,メルクさん,17,2114,1812,2,aoe_attack,0.3889,0.5208,192,8,7,いいえ,ウサウサ八幡 / 北間・クラリス嬢 / メルクさん / ラパヌイ先生 / 御嶽さん
3,43,em-252e0359c5e1,巳ーちゃん,25,3451,2599,3,multi_hit_attack,0.3879,0.5,200,0,8,いいえ,ダリア・宮子・9 / vにゅーさん / 巳ーちゃん / 諏訪子成長期 / ダル飯☆杏
3,44,em-47c29240fd33,大晦日のネギそば給仕少女,40,3834,3834,2,guard,0.387,0.5208,200,0,8,いいえ,ダリア・宮子・9 / カルボ姉（ねえ） / 大晦日のネギそば給仕少女 / 百華百彩久連子 / ラパヌイ先生
3,45,em-9667a89799b5,冬の双子姫,77,9628,4686,2,damage_reduction,0.3856,0.4931,193,7,8,いいえ,ダリア・宮子・9 / vにゅーさん / 冬の双子姫 / クェーサルと仲間たち / ハリウッドナナコ師匠
3,46,em-74c87c37d930,むぅむぅ,30,2839,2525,3,multi_hit_attack,0.3842,0.4792,196,4,8,いいえ,うさ☆八幡さま / 北間・クラリス嬢 / むぅむぅ / 跛荒の鉄男大先生 / ラパヌイ先生
3,47,em-e362f95d25c3,巳ーちゃんさん,35,4303,3451,3,multi_hit_attack,0.3822,0.4444,176,24,8,いいえ,ダリア・宮子・9 / ノローニャ・パイセン / 巳ーちゃんさん / 得琉田浜蔵 / ダル飯☆杏
3,48,em-4e2a71a8e1a6,ハチモドキアブ,55,5623,6100,2,revive,0.3817,0.5903,191,9,8,いいえ,ダリア・宮子・9 / コロちゃん / ハチモドキアブ / 跛荒の鉄男大先生 / モンさんミッシェル
3,49,em-0fd17c65da62,大患部！ぴよ子大佐,18,2415,2861,2,multi_hit_attack,0.3802,0.4375,200,0,7,いいえ,なっとくん様 / 脱力コンビあろま＆るる / 大患部！ぴよ子大佐 / ブハラ師匠 / 八狗神伏姫様
3,50,em-e15fbf6ecd0c,シャーロック&エッジュ,41,4260,5112,2,skill_reduction,0.3797,0.4653,194,6,8,いいえ,ウサウサ八幡 / コロちゃん / シャーロック&エッジュ / 諏訪子成長期 / 眠里　不可緒
3,51,em-9fe53d26e9cb,ロイ・マタ先輩,46,2726,6816,3,multi_hit_attack,0.375,0.4931,200,0,8,いいえ,コメツキ / ノローニャ・パイセン / ロイ・マタ先輩 / 得琉田浜蔵 / ダル飯☆杏
3,52,em-c8ed16119cbe,ヴェルラの木こり,28,3014,3162,2,guard,0.3749,0.5208,199,1,8,いいえ,橘の元祖☆みっちー / vにゅーさん / ヴェルラの木こり / 愛のぴよ子 / 財閥だ浅ちゃん！
3,53,em-a02f06328adf,ゼネコン大公,60,6134,2726,2,guard,0.3744,0.4861,197,3,8,いいえ,日本海女中 / vにゅーさん / ゼネコン大公 / 跛荒の鉄男大先生 / シミ
3,54,em-8765daafca7a,トマティーナ中佐,40,3748,2130,2,multi_hit_attack,0.3717,0.4375,190,10,8,いいえ,ウサウサ八幡 / コロちゃん / トマティーナ中佐 / ブハラ師匠 / 速いぞサラマンダー！
3,55,em-d6ea073b633e,鬼八先生,60,8861,2556,3,delay,0.371,0.4028,200,0,8,いいえ,ダリア・宮子・9 / vにゅーさん / 鬼八先生 / ????? / 御嶽さん
3,56,em-690a803a0c00,タッターさん,47,4089,2222,2,multi_hit_attack,0.369,0.4375,189,11,8,いいえ,有砂小町 / ノローニャ・パイセン / タッターさん / ブハラ師匠 / シミ
3,57,em-b2d6a846bb36,哀哭のオオウミガラス,75,9713,4941,2,damage_reduction,0.3689,0.4653,197,3,8,いいえ,有砂小町 / 北間・クラリス嬢 / 哀哭のオオウミガラス / 家族贖罪という字面 / 御嶽さん
3,58,em-d0ab149939aa,製鉄所★澤先輩,24,5313,1771,3,skill_reduction,0.3673,0.4931,188,12,8,いいえ,四悪妖・鵺 / コロちゃん / 製鉄所★澤先輩 / 花火戦隊サイガーRe / シミ
3,59,em-3488d6542112,クロゴキ,65,6134,2113,2,multi_hit_attack,0.3671,0.3889,191,9,8,いいえ,うさ☆八幡さま / 脱力コンビあろま＆るる / クロゴキ / ＢＥＷ雪玉 / シミ
3,60,em-5ad05ec11a09,三連星のオコオコ,37,3834,3834,3,multi_hit_attack,0.3656,0.5,170,30,8,いいえ,ハリウッドナナコ師匠 / vにゅーさん / 三連星のオコオコ / ブハラ師匠 / 財閥だ浅ちゃん！
3,61,em-dec390a52ee6,英国ストヘン技師,70,8861,4260,2,damage_reduction,0.3633,0.4861,200,0,8,いいえ,有砂小町 / ノローニャ・パイセン / 英国ストヘン技師 / ブハラ師匠 / 旧市街地の魔物
3,62,em-2d3e693a8406,ツキマシモン,35,3919,1704,2,attack_buff,0.3615,0.5208,198,2,8,いいえ,ダリア・宮子・9 / vにゅーさん / ツキマシモン / 諏訪子成長期 / 御嶽さん
3,63,em-d22cc44e6b53,ニタりん,16,1090,2044,3,multi_hit_attack,0.3597,0.5139,184,16,8,いいえ,ジョンは時を知らない / ノローニャ・パイセン / ニタりん / ブハラ師匠 / 財閥だ浅ちゃん！
3,64,em-d67f8f409078,芋神よしあき,31,4130,2753,2,multi_hit_attack,0.3597,0.4792,189,11,8,いいえ,ウサウサ八幡 / コロちゃん / 芋神よしあき / ブハラ師匠 / シミ
3,65,em-748c1a866dbc,Hey Yeah 清盛,75,11417,2896,3,guard,0.3596,0.5,191,9,8,いいえ,ダリア・宮子・9 / vにゅーさん / Hey Yeah 清盛 / クェーサルと仲間たち / ハリウッドナナコ師匠
3,66,em-33880cee5e60,三貴子ツクヨミ,75,10735,4686,3,damage_reduction,0.3591,0.4792,191,9,8,いいえ,ダリア・宮子・9 / vにゅーさん / 三貴子ツクヨミ / クェーサルと仲間たち / ハリウッドナナコ師匠
3,67,em-41b8799b7505,まおーちゃん,50,3748,4941,3,revive,0.3588,0.6111,188,12,8,いいえ,有砂小町 / ノローニャ・パイセン / まおーちゃん / みどりのたけしマン / 御嶽さん
3,68,em-d138d4e46038,きぬたン,48,3067,4771,2,attack_buff,0.3586,0.4792,196,4,8,いいえ,ダリア・宮子・9 / vにゅーさん / きぬたン / みどりのたけしマン / 御嶽さん
3,69,em-5d34c0af44dd,白兎神★ばうあー,72,3878,5487,3,skill_reduction,0.3579,0.4583,200,0,8,いいえ,有砂小町 / ノローニャ・パイセン / 白兎神★ばうあー / 愛のぴよ子 / 財閥だ浅ちゃん！
3,70,em-5b97cf2d5a88,やまたのおろちん,40,2726,2726,3,multi_hit_attack,0.3579,0.4514,196,4,8,いいえ,有砂小町 / vにゅーさん / やまたのおろちん / 花火戦隊サイガーRe / シミ
3,71,em-bd35a359234a,ジョーカーくん,18,805,3935,3,skill_reduction,0.3559,0.4722,194,6,7,いいえ,ウサウサ八幡 / コロちゃん / ジョーカーくん / ラパヌイ先生 / 御嶽さん
3,72,em-2d179e9f0835,ﾇｯと出る☆ウイス君,36,5354,2486,2,attack_buff,0.3547,0.4861,192,8,8,いいえ,うさ☆八幡さま / vにゅーさん / ﾇｯと出る☆ウイス君 / 愛のぴよ子 / 財閥だ浅ちゃん！
3,73,em-814151a5ca65,登別ッキー,35,2556,6134,2,skill_reduction,0.3543,0.4236,198,2,7,いいえ,ダリア・宮子・9 / vにゅーさん / 登別ッキー / 諏訪子成長期 / 御嶽さん
3,74,em-2e3e250aef5e,IMO NI FESTIVAL 2018,14,1837,1161,3,aoe_attack,0.3538,0.5764,182,18,8,いいえ,橘の元祖☆みっちー / ノローニャ・パイセン / IMO NI FESTIVAL 2018 / 得琉田浜蔵 / 財閥だ浅ちゃん！
3,75,em-69c457dd7e6a,スミθ＆エð,13,3020,755,2,attribute_guard,0.3533,0.5347,199,1,8,いいえ,ダリア・宮子・9 / vにゅーさん / スミθ＆エð / 百華百彩久連子 / 財閥だ浅ちゃん！
3,76,em-8a030b3f4f33,無給の皇帝,44,4601,2790,2,damage_reduction,0.3532,0.5417,200,0,8,いいえ,ダリア・宮子・9 / カルボ姉（ねえ） / 無給の皇帝 / 跛荒の鉄男大先生 / ラパヌイ先生
3,77,em-6ff1562355a9,ファジル先生,12,2256,1128,2,multi_hit_attack,0.3519,0.4931,200,0,8,いいえ,ダリア・宮子・9 / vにゅーさん / ファジル先生 / 跛荒の鉄男大先生 / ダル飯☆杏
3,78,em-2b7450b3b8b1,トンコー先生,15,1510,1510,3,multi_hit_attack,0.3518,0.4722,196,4,8,いいえ,橘の元祖☆みっちー / 北間・クラリス嬢 / トンコー先生 / 跛荒の鉄男大先生 / ラパヌイ先生
3,79,em-814b464a2192,ナナホシ,50,5044,5044,3,skill_reduction,0.351,0.4236,198,2,8,いいえ,ダリア・宮子・9 / vにゅーさん / ナナホシ / みどりのたけしマン / 御嶽さん
3,80,em-904dc3a6cb19,ɚすぃとLulu？,24,4260,2726,3,guard,0.3507,0.5278,198,2,8,いいえ,橘の元祖☆みっちー / 北間・クラリス嬢 / ɚすぃとLulu？ / 跛荒の鉄男大先生 / 財閥だ浅ちゃん！
3,81,em-795ca1ffcb95,カム着火べあぱわー,12,664,2355,2,attack_buff,0.3504,0.5556,200,0,8,いいえ,ウサウサ八幡 / トランシルヴァニア家族 / カム着火べあぱわー / みどりのたけしマン / 御嶽さん
3,82,em-cb9a138787d0,摩陀羅　潮真,27,7194,1741,2,attribute_guard,0.3499,0.4931,196,4,8,いいえ,ダリア・宮子・9 / vにゅーさん / 摩陀羅　潮真 / 諏訪子成長期 / 財閥だ浅ちゃん！
3,83,em-4f0b20692fd7,コンドアーズ,17,273,2120,3,attack_buff,0.3492,0.5972,200,0,8,いいえ,ウサウサ八幡 / コロちゃん / コンドアーズ / 花火戦隊サイガーRe / バビるわバビル君。
3,84,em-3c2628783368,すまぁとヤスマサニキ,50,4260,5623,2,attack_buff,0.3467,0.5139,200,0,8,いいえ,vにゅーさん / 北間・クラリス嬢 / すまぁとヤスマサニキ / 跛荒の鉄男大先生 / 財閥だ浅ちゃん！
3,85,em-32ef1535a66a,ハバキたん,60,6816,4260,3,damage_reduction,0.3467,0.5,199,1,8,いいえ,有砂小町 / 北間・クラリス嬢 / ハバキたん / 跛荒の鉄男大先生 / 財閥だ浅ちゃん！
3,86,em-55828eea72b7,スーリヤ大先輩,48,5360,1951,2,aoe_attack,0.3464,0.4028,194,6,8,いいえ,有砂小町 / 北間・クラリス嬢 / スーリヤ大先輩 / 跛荒の鉄男大先生 / ラパヌイ先生
3,87,em-d020ce26e899,ＴＡＳマニア先輩,40,5964,3418,3,skill_reduction,0.346,0.4167,182,18,8,いいえ,橘の元祖☆みっちー / ノローニャ・パイセン / ＴＡＳマニア先輩 / 得琉田浜蔵 / 速いぞサラマンダー！
3,88,em-33e6bfd45207,みさきパイセン,22,2737,3059,3,multi_hit_attack,0.3456,0.4792,176,24,7,いいえ,ウサウサ八幡 / 脱力コンビあろま＆るる / みさきパイセン / ＢＥＷ雪玉 / シミ
3,89,em-a04fcf6167db,いはと先生,17,2093,3059,3,delay,0.3453,0.4444,199,1,8,いいえ,ダリア・宮子・9 / vにゅーさん / いはと先生 / 跛荒の鉄男大先生 / 財閥だ浅ちゃん！
3,90,em-58dbb7bc9653,六点魔王ノッブ,58,3408,5964,3,multi_hit_attack,0.3449,0.4375,188,12,8,いいえ,vにゅーさん / えかちぇたん / 六点魔王ノッブ / トキシッくんｵｯｽｵｯｽ / ラパヌイ先生
3,91,em-3776e81d3ee0,ヒポポタリーナ,23,3237,2862,3,multi_hit_attack,0.3448,0.4861,177,23,8,いいえ,ウサウサ八幡 / 脱力コンビあろま＆るる / ヒポポタリーナ / ＢＥＷ雪玉 / シミ
3,92,em-8de6e4494a60,称えよ☆メジェド様！,25,2415,2415,2,guard,0.3447,0.4931,200,0,8,いいえ,ウサウサ八幡 / 北間・クラリス嬢 / 称えよ☆メジェド様！ / ア、ショーカ大王 / モンさんミッシェル
3,93,em-28c6b952551d,海の昇竜貫,33,4601,3408,2,attack_buff,0.3446,0.4861,199,1,8,いいえ,ダリア・宮子・9 / vにゅーさん / 海の昇竜貫 / 諏訪子成長期 / 八狗神伏姫様
3,94,em-423f5963c7c2,超患部ぴよフェッサー,15,3220,2093,2,revive,0.3438,0.5764,199,1,9,いいえ,ウサウサ八幡 / vにゅーさん / 超患部ぴよフェッサー / 愛のぴよ子 / 財閥だ浅ちゃん！
3,95,em-a06f040c9490,冬の加奈多パレード,80,9542,5282,2,attack_buff,0.3436,0.4583,196,4,8,いいえ,ダリア・宮子・9 / vにゅーさん / 冬の加奈多パレード / クェーサルと仲間たち / ハリウッドナナコ師匠
3,96,em-8ece38ad97a5,デンマーくん大帝,17,1269,1057,2,guard,0.3435,0.5278,200,0,8,いいえ,ウサウサ八幡 / 北間・クラリス嬢 / デンマーくん大帝 / 花火戦隊サイガーRe / ヤマトタケルぅ！
3,97,em-6f409bf9b5bd,素敵なステチュさん,14,211,2115,2,damage_reduction,0.3429,0.5556,164,36,8,いいえ,橘の元祖☆みっちー / ノローニャ・パイセン / 素敵なステチュさん / 得琉田浜蔵 / シミ
3,98,em-d77542ffe604,?????,42,6475,3067,2,attack_buff,0.3422,0.4792,196,4,8,いいえ,vにゅーさん / 北間・クラリス嬢 / ????? / 百華百彩久連子 / 財閥だ浅ちゃん！
3,99,em-825d090d7d15,比保々田 真純,31,4601,3714,2,multi_hit_attack,0.342,0.4167,184,16,8,いいえ,vにゅーさん / ノローニャ・パイセン / 比保々田 真純 / ブハラ師匠 / シミ
3,100,em-4206205a0bb1,リュウ・ツカイ,60,5708,4515,2,attack_buff,0.3414,0.4931,187,13,8,いいえ,vにゅーさん / カルボ姉（ねえ） / リュウ・ツカイ / 諏訪子成長期 / シミ
3,101,em-7b76cc31326e,迷走のヴァニ江,36,4379,2505,2,damage_reduction,0.3409,0.5278,199,1,8,いいえ,ダリア・宮子・9 / vにゅーさん / 迷走のヴァニ江 / 諏訪子成長期 / 御嶽さん
3,102,em-ab9b2ce76191,B・O・B,37,4935,3244,3,delay,0.3406,0.4097,200,0,7,いいえ,ダリア・宮子・9 / vにゅーさん / B・O・B / 諏訪子成長期 / 御嶽さん
3,103,em-6262a008b5c9,脱力コンビあろま＆るる,38,3067,5623,2,skill_reduction,0.3404,0.3958,188,12,8,いいえ,vにゅーさん / 北間・クラリス嬢 / 脱力コンビあろま＆るる / 跛荒の鉄男大先生 / 財閥だ浅ちゃん！
3,104,em-f1ed908b1438,竹輪大明神,10,493,1762,2,attack_buff,0.3399,0.5417,200,0,8,いいえ,有砂小町 / ノローニャ・パイセン / 竹輪大明神 / 三貴子ツクヨミ / 御嶽さん
3,105,em-0d48fb639618,どうする？リオンさん,18,2093,2737,3,delay,0.3391,0.4792,194,6,8,いいえ,ウサウサ八幡 / コロちゃん / どうする？リオンさん / ラパヌイ先生 / 御嶽さん
3,106,em-9ec6297ea6ca,バスてとにゃん,38,4260,4771,3,attack_buff,0.3386,0.5347,200,0,8,いいえ,有砂小町 / vにゅーさん / バスてとにゃん / 跛荒の鉄男大先生 / シミ
3,107,em-fca49f3752f8,電波姫☆いまりちゃん,38,3919,4260,3,delay,0.3386,0.3889,182,18,8,いいえ,vにゅーさん / 北間・クラリス嬢 / 電波姫☆いまりちゃん / 花火戦隊サイガーRe / 財閥だ浅ちゃん！
3,108,em-d9e193a7c929,斑鳩の太子くん,36,4260,2896,2,heal,0.3384,0.5208,192,8,8,いいえ,ダリア・宮子・9 / えかちぇたん / 斑鳩の太子くん / 跛荒の鉄男大先生 / 財閥だ浅ちゃん！
3,109,em-a3563f41a151,ラクダンデス隊長,38,4941,3578,2,guard,0.3381,0.4583,200,0,8,いいえ,有砂小町 / vにゅーさん / ラクダンデス隊長 / 跛荒の鉄男大先生 / シミ
3,110,em-076deec8d0c8,羊蟹☆こ祝いくん,24,2093,2737,3,delay,0.3376,0.4792,188,12,8,いいえ,四悪妖・鵺 / コロちゃん / 羊蟹☆こ祝いくん / 花火戦隊サイガーRe / シミ
3,111,em-e2c8365ae02e,ɔリバーくん,10,704,1689,3,attack_buff,0.3371,0.5764,200,0,8,いいえ,有砂小町 / ノローニャ・パイセン / ɔリバーくん / 三貴子ツクヨミ / 御嶽さん
3,112,em-ec43e91715ed,大谷雪之ちゃん,13,3171,604,2,damage_reduction,0.3363,0.5208,200,0,8,いいえ,ウサウサ八幡 / 北間・クラリス嬢 / 大谷雪之ちゃん / 跛荒の鉄男大先生 / 財閥だ浅ちゃん！
3,113,em-3ad7d27f7887,ハワイる水島神人,19,2567,1208,2,guard,0.3357,0.4931,200,0,8,いいえ,ウサウサ八幡 / 北間・クララさん / ハワイる水島神人 / 財閥だ浅ちゃん！ / 降臨☆三原色ばうあー
3,114,em-454ebee4a0cd,3人はフォニピュア,60,4941,3578,2,damage_reduction,0.3353,0.4583,196,4,8,いいえ,有砂小町 / vにゅーさん / 3人はフォニピュア / 愛のぴよ子 / 財閥だ浅ちゃん！
3,115,em-53a13d10258e,コドモドラゴン！,10,1833,987,3,damage_reduction,0.3349,0.5625,197,3,8,いいえ,ウサウサ八幡 / 北間・クラリス嬢 / コドモドラゴン！ / 跛荒の鉄男大先生 / 財閥だ浅ちゃん！
3,116,em-fa3191833d67,エヴァン,28,3381,2776,2,damage_reduction,0.3346,0.4792,199,1,8,いいえ,橘の元祖☆みっちー / vにゅーさん / エヴァン / 愛のぴよ子 / 財閥だ浅ちゃん！
3,117,em-a7be30f0211a,烏枢さま降臨！,13,1359,2416,2,attack_buff,0.334,0.5069,200,0,8,いいえ,vにゅーさん / 北間・クラリス嬢 / 烏枢さま降臨！ / 跛荒の鉄男大先生 / 碧海のオフタルもん
3,118,em-c98972302fbd,爆誕！うっす様,9,300,1000,2,attack_buff,0.3339,0.5625,200,0,8,いいえ,橘の元祖☆みっちー / ノローニャ・パイセン / 爆誕！うっす様 / 諏訪子成長期 / 八狗神伏姫様
3,119,em-eb57ed2cb1f2,ペパりんズクッキング,60,6305,3237,3,delay,0.3337,0.4028,193,7,8,いいえ,有砂小町 / ノローニャ・パイセン / ペパりんズクッキング / 得琉田浜蔵 / 財閥だ浅ちゃん！
3,120,em-e778e99b9218,不敵な笑みのニタりん,16,1363,2556,3,multi_hit_attack,0.3328,0.4375,197,3,8,いいえ,橘の元祖☆みっちー / 北間・クラリス嬢 / 不敵な笑みのニタりん / 跛荒の鉄男大先生 / ラパヌイ先生
3,121,em-9d5a58645c8c,カロニスタ・ヴェニ子,37,4444,4444,2,attack_buff,0.3326,0.5139,192,8,8,いいえ,ダリア・宮子・9 / ノローニャ・パイセン / カロニスタ・ヴェニ子 / 諏訪子成長期 / モンさんミッシェル
3,122,em-95694ab0605a,超★メジェド様,44,2300,3432,2,guard,0.3326,0.4722,200,0,8,いいえ,ダリア・宮子・9 / 脱力コンビあろま＆るる / 超★メジェド様 / 諏訪子成長期 / 財閥だ浅ちゃん！
3,123,em-ead779b4526c,乗っとるダム制度君,8,2115,535,2,revive,0.3319,0.5903,181,19,8,いいえ,四悪妖・鵺 / コロちゃん / 乗っとるダム制度君 / ブハラ師匠 / 八狗神伏姫様
3,124,em-d695befcbdc2,収穫☆にいがタン,26,4508,3655,3,attribute_guard,0.3308,0.5208,200,0,8,いいえ,vにゅーさん / ノローニャ・パイセン / 収穫☆にいがタン / ラパヌイ先生 / 八狗神伏姫様
3,125,em-a11a3441fd8e,レンネルアルケニー,43,2896,3919,2,damage_reduction,0.3308,0.4792,192,8,8,いいえ,日本海女中 / vにゅーさん / レンネルアルケニー / 跛荒の鉄男大先生 / 御嶽さん
3,126,em-ab3cf42ca015,銘菓ぴよ子零式,15,1155,1255,3,multi_hit_attack,0.3299,0.5139,200,0,8,いいえ,四悪妖・鵺 / ノローニャ・パイセン / 銘菓ぴよ子零式 / ????? / バビるわバビル君。
3,127,em-433922ef3e4e,夏至祭のぺた也君,53,7266,2153,2,skill_reduction,0.3299,0.3958,197,3,8,いいえ,vにゅーさん / 北間・クラリス嬢 / 夏至祭のぺた也君 / 花火戦隊サイガーRe / 財閥だ浅ちゃん！
3,128,em-8038935d7100,竜宮の翁,38,4771,3748,2,attack_buff,0.3292,0.4792,200,0,8,いいえ,有砂小町 / vにゅーさん / 竜宮の翁 / 跛荒の鉄男大先生 / シミ
3,129,em-504b87d4019a,ニタリくん,16,817,1533,3,multi_hit_attack,0.328,0.4931,200,0,8,いいえ,うさ☆八幡さま / 雪の美女と魔獣 / ニタリくん / 家族贖罪という字面 / 御嶽さん
3,130,em-cf3fd175f595,プチさんグロさん,27,2807,2895,2,aoe_attack,0.3269,0.5,200,0,8,いいえ,ウサウサ八幡 / コロちゃん / プチさんグロさん / ブハラ師匠 / 八狗神伏姫様
3,131,em-24a892c6ebea,Mt.CACHI×2,38,2556,3578,2,multi_hit_attack,0.3268,0.5278,198,2,8,いいえ,うさ☆八幡さま / 北間・クラリス嬢 / Mt.CACHI×2 / ????? / 碧海のオフタルもん
3,132,em-85a7b3e2cb7d,剥ぐぞ！ナモミ先生,16,400,2100,2,attack_buff,0.3266,0.5417,200,0,8,いいえ,ウサウサ八幡 / コロちゃん / 剥ぐぞ！ナモミ先生 / 花火戦隊サイガーRe / ヤマトタケルぅ！
3,133,em-109e54a3645a,グラン・プラスの魔女,38,1499,3404,3,guard,0.3259,0.5278,187,13,8,いいえ,有砂小町 / ノローニャ・パイセン / グラン・プラスの魔女 / 跛荒の鉄男大先生 / まそお姉ちゃん
3,134,em-53e02d48f02a,It’s a ちーちゃん,33,6816,149,2,multi_hit_attack,0.3258,0.4722,189,11,8,いいえ,vにゅーさん / 北間・クラリス嬢 / It’s a ちーちゃん / 跛荒の鉄男大先生 / ダル飯☆杏
3,135,em-361f82120d03,オイボくん,40,6645,2556,2,attack_buff,0.3255,0.4583,189,11,8,いいえ,ダリア・宮子・9 / vにゅーさん / オイボくん / 跛荒の鉄男大先生 / ハリウッドナナコ師匠
3,136,em-7fd9b48cee31,七夕星人☆たたるんるん,20,3220,1610,2,attack_buff,0.3254,0.4792,186,14,8,いいえ,うさ☆八幡さま / 北間・クラリス嬢 / 七夕星人☆たたるんるん / 跛荒の鉄男大先生 / ラパヌイ先生
3,137,em-7f18b9c64c74,家族贖罪という字面,40,5964,1704,3,damage_reduction,0.3251,0.4792,200,0,8,いいえ,ダリア・宮子・9 / カルボ姉（ねえ） / 家族贖罪という字面 / 百華百彩久連子 / ラパヌイ先生
3,138,em-d941ef4d2c66,紫禁嬢,34,4692,2801,2,damage_reduction,0.3242,0.4792,197,3,8,いいえ,ダリア・宮子・9 / vにゅーさん / 紫禁嬢 / 諏訪子成長期 / 御嶽さん
3,139,em-7a8534cb5af6,クレリゴス子様,41,6731,2951,3,guard,0.3242,0.4583,186,14,8,いいえ,ハリウッドナナコ師匠 / vにゅーさん / クレリゴス子様 / 跛荒の鉄男大先生 / 財閥だ浅ちゃん！
3,140,em-039a051d72bb,伊万里の重畳,36,4260,3919,3,delay,0.3242,0.4028,192,8,7,いいえ,ウサウサ八幡 / コロちゃん / 伊万里の重畳 / 得琉田浜蔵 / ラパヌイ先生
3,141,em-bcb9b03bfeed,サンカクドナウ,13,1739,1739,3,multi_hit_attack,0.3241,0.4861,163,37,7,いいえ,橘の元祖☆みっちー / ノローニャ・パイセン / サンカクドナウ / 得琉田浜蔵 / シミ
3,142,em-4e3940289203,スーパー軍師兵衛ズ,60,7838,2385,3,skill_reduction,0.3239,0.3611,193,7,8,いいえ,有砂小町 / ノローニャ・パイセン / スーパー軍師兵衛ズ / 得琉田浜蔵 / 財閥だ浅ちゃん！
3,143,em-e3e851204c8b,イカすぜ！よりりん,18,2576,2576,2,attribute_change,0.3236,0.5139,200,0,8,いいえ,ハリウッドナナコ師匠 / vにゅーさん / イカすぜ！よりりん / 跛荒の鉄男大先生 / 碧海のオフタルもん
3,144,em-da8da47e0c9c,さるぼぼ・ぼーぼぼ,14,1661,2114,3,aoe_attack,0.3233,0.4375,182,18,8,いいえ,橘の元祖☆みっちー / ノローニャ・パイセン / さるぼぼ・ぼーぼぼ / 得琉田浜蔵 / 財閥だ浅ちゃん！
3,145,em-e3dab98c64af,試作型おこしん,8,2265,1510,2,attribute_guard,0.3224,0.4861,195,5,8,いいえ,ウサウサ八幡 / 北間・クラリス嬢 / 試作型おこしん / 跛荒の鉄男大先生 / 財閥だ浅ちゃん！
3,146,em-29cc8a9cf9cd,ビール売りの小娘,18,1516,3638,3,skill_reduction,0.3221,0.4167,168,32,8,いいえ,ジョンは時を知らない / ノローニャ・パイセン / ビール売りの小娘 / ブハラ師匠 / シミ
3,147,em-7ba25345ffb0,シーさま,60,4601,4601,3,delay,0.3221,0.3889,187,13,8,いいえ,vにゅーさん / カルボ姉（ねえ） / シーさま / 諏訪子成長期 / シミ
3,148,em-46432847d531,ＢＥＷ雪玉,8,2538,705,3,attack_buff,0.322,0.5278,192,8,8,いいえ,ウサウサ八幡 / vにゅーさん / ＢＥＷ雪玉 / 愛のぴよ子 / 財閥だ浅ちゃん！
3,149,em-842f3d28d20e,のり男師匠,8,1285,1118,2,attribute_guard,0.3212,0.5,191,9,8,いいえ,ウサウサ八幡 / 北間・クラリス嬢 / のり男師匠 / 花火戦隊サイガーRe / ヤマトタケルぅ！
3,150,em-d51ded51621f,華麗なる塚ジェンヌ,13,1684,1676,3,revive,0.3192,0.5694,200,0,8,いいえ,オルカアタッカー虎子 / ノローニャ・パイセン / 華麗なる塚ジェンヌ / ブハラ師匠 / 八狗神伏姫様
3,151,em-b08b3e6f22a8,フィッシャーマン三平,17,1286,1316,2,guard,0.3192,0.4931,200,0,8,いいえ,ウサウサ八幡 / 北間・クラリス嬢 / フィッシャーマン三平 / 花火戦隊サイガーRe / ヤマトタケルぅ！
3,152,em-c5e484c5d286,マウント取瑠代,31,6076,1850,3,revive,0.3187,0.5486,195,5,8,いいえ,四悪妖・鵺 / コロちゃん / マウント取瑠代 / 花火戦隊サイガーRe / シミ
3,153,em-c09c9bb81a01,蓮十郎,7,1215,1187,2,skill_reduction,0.3187,0.5069,169,31,8,いいえ,うさ☆八幡さま / ノローニャ・パイセン / 蓮十郎 / ブハラ師匠 / シミ
3,154,em-916052b33162,リンゴルモア大王,7,1269,1128,3,delay,0.3186,0.4861,187,13,8,いいえ,ダリア・宮子・9 / vにゅーさん / リンゴルモア大王 / 百華百彩久連子 / 御嶽さん
3,155,em-c358a9d61a43,PiぐPeんとBiぐBeん,15,1208,1510,2,attack_buff,0.3184,0.5417,199,1,8,いいえ,ウサウサ八幡 / コロちゃん / PiぐPeんとBiぐBeん / 花火戦隊サイガーRe / ヤマトタケルぅ！
3,156,em-6cd949ff7539,?????,53,1842,6475,2,guard,0.3182,0.4306,199,1,8,いいえ,ハリウッドナナコ師匠 / 雪の美女と魔獣 / ????? / 跛荒の鉄男大先生 / 財閥だ浅ちゃん！
3,157,em-32dd2642183e,ハイパーハンギョジン,60,5889,3996,3,attack_buff,0.3181,0.4931,187,13,8,いいえ,vにゅーさん / カルボ姉（ねえ） / ハイパーハンギョジン / 諏訪子成長期 / シミ
3,158,em-b343077dd75f,塚井さんは4人乗り,38,4294,3374,2,attack_buff,0.3173,0.4722,200,0,8,いいえ,有砂小町 / vにゅーさん / 塚井さんは4人乗り / 跛荒の鉄男大先生 / シミ
3,159,em-258850fee1ca,時計塔の魔女娘,30,5523,1614,2,skill_reduction,0.3167,0.3889,199,1,8,いいえ,ダリア・宮子・9 / vにゅーさん / 時計塔の魔女娘 / 諏訪子成長期 / 財閥だ浅ちゃん！
3,160,em-3f6affd1acff,ハンニバル力(りょく),58,7497,2385,3,aoe_attack,0.3166,0.4722,199,1,8,いいえ,有砂小町 / えかちぇたん / ハンニバル力(りょく) / 諏訪子成長期 / 財閥だ浅ちゃん！
3,161,em-682cda3863fb,脱力コンビあろま＆るる,48,3067,5623,2,skill_reduction,0.3165,0.3819,198,2,7,いいえ,vにゅーさん / 北間・クラリス嬢 / 脱力コンビあろま＆るる / 跛荒の鉄男大先生 / 財閥だ浅ちゃん！
3,162,em-94f677409ee2,月甲のルナタスピス,75,10224,4543,3,guard,0.3164,0.4097,191,9,8,いいえ,ダリア・宮子・9 / vにゅーさん / 月甲のルナタスピス / クェーサルと仲間たち / ハリウッドナナコ師匠
3,163,em-4e9bf489ecd9,怒りのマッキニキ,14,2416,1359,3,damage_reduction,0.3162,0.5347,200,0,8,いいえ,ダリア・宮子・9 / vにゅーさん / 怒りのマッキニキ / 百華百彩久連子 / 財閥だ浅ちゃん！
3,164,em-14092b64f08d,コハク糖の魔導師,46,4379,5367,3,attribute_change,0.316,0.5208,194,6,8,いいえ,ダリア・宮子・9 / vにゅーさん / コハク糖の魔導師 / みどりのたけしマン / 御嶽さん
3,165,em-bb2bd26d4796,のり男の浪漫,36,3098,2695,2,attribute_guard,0.3156,0.4861,199,1,8,いいえ,うさ☆八幡さま / 北間・クラリス嬢 / のり男の浪漫 / 百華百彩久連子 / 財閥だ浅ちゃん！
3,166,em-ed21bd124ab2,牛タソ☆行進曲,14,755,1812,2,guard,0.3148,0.4861,187,13,8,いいえ,ダリア・宮子・9 / 脱力コンビあろま＆るる / 牛タソ☆行進曲 / 百華百彩久連子 / 財閥だ浅ちゃん！
3,167,em-314fadaf0ea9,オシラサマ,28,4260,3322,3,heal,0.3145,0.5069,198,2,8,いいえ,四悪妖・鵺 / コロちゃん / オシラサマ / 跛荒の鉄男大先生 / シミ
3,168,em-4dc27428f645,よりりんＫ林スタイル,24,2576,2576,2,attribute_change,0.3143,0.5072,184,16,8,いいえ,熊殺しのサンタマン / ノローニャ・パイセン / よりりんＫ林スタイル / ブハラ師匠 / シミ
3,169,em-4c2a43ecd770,ナンマトル君,14,2115,2115,2,skill_reduction,0.3143,0.4375,200,0,8,いいえ,ハリウッドナナコ師匠 / vにゅーさん / ナンマトル君 / 百華百彩久連子 / 碧海のオフタルもん
3,170,em-86055d05ee01,ラムネ少女じゅんちゃん,14,2113,2113,2,heal,0.3142,0.5069,200,0,8,いいえ,ハリウッドナナコ師匠 / vにゅーさん / ラムネ少女じゅんちゃん / 百華百彩久連子 / 碧海のオフタルもん
3,171,em-ec5b8324ab06,袴着！いつくしーみん,36,3401,3401,2,attack_buff,0.3142,0.5,191,9,8,いいえ,ダリア・宮子・9 / ノローニャ・パイセン / 袴着！いつくしーみん / 諏訪子成長期 / モンさんミッシェル
3,172,em-d5ed773d56cd,夏至祭のヴァサクサ君,18,3976,2156,2,skill_reduction,0.3139,0.4028,200,0,8,いいえ,ダリア・宮子・9 / vにゅーさん / 夏至祭のヴァサクサ君 / 跛荒の鉄男大先生 / 財閥だ浅ちゃん！
3,173,em-7914d5cdb04d,芋神よしあき,32,4130,2753,3,multi_hit_attack,0.3138,0.4653,200,0,8,いいえ,うさ☆八幡さま / 北間・クラリス嬢 / 芋神よしあき / みどりのたけしマン / 碧海のオフタルもん
3,174,em-29a5da4c1e2f,有棘画工,20,4025,805,3,multi_hit_attack,0.3138,0.4444,185,15,8,いいえ,vにゅーさん / ノローニャ・パイセン / 有棘画工 / 跛荒の鉄男大先生 / シミ
3,175,em-4533a7697d48,謀反人ミッツ,60,6645,4430,3,damage_reduction,0.3134,0.4653,197,3,8,いいえ,日本海女中 / vにゅーさん / 謀反人ミッツ / ブハラ師匠 / 御嶽さん
3,176,em-aff304b1eab4,日本一の桃たろす,42,4260,5964,2,attribute_change,0.3122,0.4722,198,2,8,いいえ,うさ☆八幡さま / vにゅーさん / 日本一の桃たろす / 愛のぴよ子 / 財閥だ浅ちゃん！
3,177,em-36ce9827163b,検非違使なけいび氏,28,6024,878,2,heal,0.312,0.4722,199,1,8,いいえ,橘の元祖☆みっちー / vにゅーさん / 検非違使なけいび氏 / 愛のぴよ子 / 財閥だ浅ちゃん！
3,178,em-d5ea84224259,ﾌﾗﾝﾀﾞｰｽのわんわんお,38,5538,3190,3,guard,0.312,0.4306,200,0,9,いいえ,有砂小町 / vにゅーさん / ﾌﾗﾝﾀﾞｰｽのわんわんお / ブハラ師匠 / 御嶽さん
3,179,em-62994b487456,浪漫歌人♪晶子さん,25,3059,3059,2,revive,0.3119,0.5417,174,26,8,いいえ,ウサウサ八幡 / コロちゃん / 浪漫歌人♪晶子さん / 得琉田浜蔵 / 財閥だ浅ちゃん！
3,180,em-aae1801458f8,ɚすぃとあろま？,12,3748,681,3,guard,0.3119,0.4931,176,24,8,いいえ,四悪妖・鵺 / コロちゃん / ɚすぃとあろま？ / 花火戦隊サイガーRe / シミ
3,181,em-2a6ad62952da,スホクラント先生,15,1841,904,3,damage_reduction,0.3113,0.5347,193,7,8,いいえ,橘の元祖☆みっちー / 北間・クラリス嬢 / スホクラント先生 / 百華百彩久連子 / 財閥だ浅ちゃん！
3,182,em-272a71a9c15d,キラカードなエッシュ,12,1812,1510,3,skill_reduction,0.3109,0.4514,198,2,8,いいえ,ハリウッドナナコ師匠 / vにゅーさん / キラカードなエッシュ / 百華百彩久連子 / 碧海のオフタルもん
3,183,em-de449f69edb5,タミフルニキ,14,1257,1147,3,damage_reduction,0.3106,0.5417,192,8,8,いいえ,橘の元祖☆みっちー / 北間・クラリス嬢 / タミフルニキ / 百華百彩久連子 / 財閥だ浅ちゃん！
3,184,em-b95ac93b816d,キタキツネの神様,29,3748,4771,3,attack_buff,0.3103,0.4861,192,8,7,いいえ,有砂小町 / ノローニャ・パイセン / キタキツネの神様 / ラパヌイ先生 / 八狗神伏姫様
3,185,em-2c819cc3029c,お稲荷さん,9,808,808,3,attack_buff,0.3102,0.5556,200,0,8,いいえ,橘の元祖☆みっちー / ノローニャ・パイセン / お稲荷さん / 諏訪子成長期 / 八狗神伏姫様
3,186,em-2449b6ff9d58,スマトラのウータン,12,2703,657,2,attribute_change,0.3096,0.5347,194,6,8,いいえ,ダリア・宮子・9 / vにゅーさん / スマトラのウータン / 跛荒の鉄男大先生 / 財閥だ浅ちゃん！
3,187,em-663696ccf728,夏の一次幹,22,3408,2215,2,attack_buff,0.3096,0.4583,187,13,8,いいえ,ウサウサ八幡 / 脱力コンビあろま＆るる / 夏の一次幹 / みどりのたけしマン / 眠里　不可緒
3,188,em-438753e77e6c,デロスの月陽姉弟,41,3237,5453,2,heal,0.3095,0.4375,182,18,8,いいえ,vにゅーさん / ノローニャ・パイセン / デロスの月陽姉弟 / ????? / 御嶽さん
3,189,em-f4980131820e,ﾊﾛｳｨﾝのヴラドさん,41,4089,1757,2,damage_reduction,0.3094,0.4931,197,3,8,いいえ,ダリア・宮子・9 / 脱力コンビあろま＆るる / ﾊﾛｳｨﾝのヴラドさん / 諏訪子成長期 / 財閥だ浅ちゃん！
3,190,em-ea000314e767,ＫＲ２ジョー少佐,13,921,2476,3,attack_buff,0.3092,0.5417,197,3,8,いいえ,哀哭のオオウミガラス / 北間・クラリス嬢 / ＫＲ２ジョー少佐 / 百華百彩久連子 / ダル飯☆杏
3,191,em-1eb8ca42b88a,日南のモア蔵,14,3534,424,3,guard,0.3089,0.5,200,0,8,いいえ,ダリア・宮子・9 / vにゅーさん / 日南のモア蔵 / 百華百彩久連子 / 財閥だ浅ちゃん！
3,192,em-fd111e204918,アルビールパイセン,19,467,2608,3,delay,0.3089,0.4375,173,27,8,いいえ,vにゅーさん / 北間・クラリス嬢 / アルビールパイセン / 百華百彩久連子 / 財閥だ浅ちゃん！
3,193,em-cfe553ea56a6,あまのちゃんパイセン,22,3220,805,3,multi_hit_attack,0.3086,0.4931,176,24,8,いいえ,ウサウサ八幡 / 脱力コンビあろま＆るる / あまのちゃんパイセン / ＢＥＷ雪玉 / シミ
3,194,em-8b0ee22a5cd7,ドナドナう皮,26,1676,1664,3,guard,0.3085,0.5069,194,6,8,いいえ,ウサウサ八幡 / 北間・クララさん / ドナドナう皮 / 諏訪子成長期 / モンさんミッシェル
3,195,em-52de8bb54262,ボビンちゃん,33,3748,4771,3,damage_reduction,0.3081,0.4653,192,8,8,いいえ,うさ☆八幡さま / 北間・クラリス嬢 / ボビンちゃん / 跛荒の鉄男大先生 / 財閥だ浅ちゃん！
3,196,em-71504e292ebf,キャミー・the.女,13,1208,2567,3,heal,0.3079,0.5347,196,4,8,いいえ,vにゅーさん / ノローニャ・パイセン / キャミー・the.女 / 跛荒の鉄男大先生 / 財閥だ浅ちゃん！
3,197,em-1e9e4475c353,ゲラー･ｻﾞ･ｸﾞﾗﾃﾞｨｴｲﾀｰ,55,3408,5964,2,attack_buff,0.3078,0.4514,191,9,8,いいえ,有砂小町 / vにゅーさん / ゲラー･ｻﾞ･ｸﾞﾗﾃﾞｨｴｲﾀｰ / 愛のぴよ子 / 財閥だ浅ちゃん！
3,198,em-98053d851e29,炎上魔女ベファーナ,59,2088,3748,2,revive,0.3076,0.4931,200,0,8,いいえ,vにゅーさん / ノローニャ・パイセン / 炎上魔女ベファーナ / ????? / 御嶽さん
3,199,em-59a8f156dec4,クロアリ,60,4089,4089,3,multi_hit_attack,0.3075,0.3958,200,0,8,いいえ,ダリア・宮子・9 / vにゅーさん / クロアリ / ????? / 御嶽さん
3,200,em-0bcb369cdcd9,キタキツネの神様,36,3748,4771,3,attack_buff,0.3074,0.4861,198,2,8,いいえ,有砂小町 / vにゅーさん / キタキツネの神様 / 跛荒の鉄男大先生 / シミ
3,201,em-42e9353377ee,吉野スライム♂,40,5078,2078,3,skill_reduction,0.3071,0.3681,196,4,8,いいえ,うさ☆八幡さま / vにゅーさん / 吉野スライム♂ / 愛のぴよ子 / 財閥だ浅ちゃん！
3,202,em-90e071b9735c,乗り海苔カスティリャ,16,2707,1223,2,attribute_guard,0.307,0.5,200,0,8,いいえ,ウサウサ八幡 / vにゅーさん / 乗り海苔カスティリャ / 愛のぴよ子 / 財閥だ浅ちゃん！
3,203,em-e931902358ae,弘法大師Ｑ改,15,1359,1963,3,skill_reduction,0.3065,0.4375,197,3,8,いいえ,ダリア・宮子・9 / vにゅーさん / 弘法大師Ｑ改 / 跛荒の鉄男大先生 / 財閥だ浅ちゃん！
3,204,em-aeee7aac1b71,ジンジャーブレッド男,20,4143,2440,2,attack_buff,0.3061,0.4583,185,15,8,いいえ,ウサウサ八幡 / 脱力コンビあろま＆るる / ジンジャーブレッド男 / みどりのたけしマン / 眠里　不可緒
3,205,em-3434078c33f2,橋の上のかずら,20,2012,2173,2,guard,0.3061,0.4444,194,6,8,いいえ,橘の元祖☆みっちー / 北間・クラリス嬢 / 橋の上のかずら / 跛荒の鉄男大先生 / 財閥だ浅ちゃん！
3,206,em-7b7bc6faa9ba,パティは実況勢,41,5623,3352,2,damage_reduction,0.3059,0.4444,187,13,8,いいえ,うさ☆八幡さま / 北間・クラリス嬢 / パティは実況勢 / 諏訪子成長期 / 財閥だ浅ちゃん！
3,207,em-a9738b409d24,カジランガ守り隊員,45,7668,1533,2,attack_buff,0.3055,0.4514,194,6,8,いいえ,ダリア・宮子・9 / vにゅーさん / カジランガ守り隊員 / 跛荒の鉄男大先生 / ハリウッドナナコ師匠
3,208,em-ad084af57188,魔法使い らくがーる,38,4601,3663,2,attack_buff,0.3052,0.4931,199,1,7,いいえ,vにゅーさん / 北間・クラリス嬢 / 魔法使い らくがーる / 百華百彩久連子 / ラパヌイ先生
3,209,em-76691ebd833d,特攻のびゃこ,38,2641,6219,2,attack_buff,0.305,0.4583,194,6,8,いいえ,うさ☆八幡さま / vにゅーさん / 特攻のびゃこ / 愛のぴよ子 / 財閥だ浅ちゃん！
3,210,em-ed68f4e03a58,欣喜ぴよ子,10,1785,1812,2,guard,0.3049,0.4653,197,3,8,いいえ,ウサウサ八幡 / 北間・クラリス嬢 / 欣喜ぴよ子 / 跛荒の鉄男大先生 / 財閥だ浅ちゃん！
3,211,em-86e0d0475819,使い魔のミナヅキ,22,2385,3067,2,attack_buff,0.3045,0.5069,192,8,8,いいえ,うさ☆八幡さま / 北間・クラリス嬢 / 使い魔のミナヅキ / 百華百彩久連子 / ラパヌイ先生
3,212,em-2def672b1533,バターリャ後悔王子,30,3213,3213,3,damage_reduction,0.3045,0.5,193,7,8,いいえ,うさ☆八幡さま / 北間・クラリス嬢 / バターリャ後悔王子 / 百華百彩久連子 / 財閥だ浅ちゃん！
3,213,em-d86fc6931627,ふくしメイト・じゅん,19,1812,1661,3,skill_reduction,0.3042,0.4653,200,0,8,いいえ,ウサウサ八幡 / 脱力コンビあろま＆るる / ふくしメイト・じゅん / みどりのたけしマン / モンさんミッシェル
3,214,em-24b5b550f587,ジョロウグモ,10,937,2113,3,damage_reduction,0.3038,0.5208,199,1,8,いいえ,ウサウサ八幡 / 北間・クラリス嬢 / ジョロウグモ / 跛荒の鉄男大先生 / ヤマトタケルぅ！
3,215,em-712bee050113,ターヌムンゴネキ,35,4089,4089,2,attack_buff,0.3038,0.4236,172,28,8,いいえ,有砂小町 / 脱力コンビあろま＆るる / ターヌムンゴネキ / ブハラ師匠 / シミ
3,216,em-95a2dbeaf4ea,神使！ナモミさま,18,805,4025,2,attack_buff,0.3036,0.4653,198,2,7,いいえ,うさ☆八幡さま / ノローニャ・パイセン / 神使！ナモミさま / ラパヌイ先生 / 御嶽さん
3,217,em-c3c3a8e92b71,仮面のいはと先生,25,2095,3063,3,delay,0.3036,0.3889,194,6,8,いいえ,ダリア・宮子・9 / vにゅーさん / 仮面のいはと先生 / 諏訪子成長期 / 財閥だ浅ちゃん！
3,218,em-e5027c0cc6fa,みかんの姐御,17,2265,1510,3,aoe_attack,0.3034,0.5139,187,13,8,いいえ,うさ☆八幡さま / 北間・クラリス嬢 / みかんの姐御 / 百華百彩久連子 / ラパヌイ先生
3,219,em-bc514db974f0,化石人骨ルーシー,23,3783,2173,3,revive,0.3031,0.5278,172,28,8,いいえ,ウサウサ八幡 / コロちゃん / 化石人骨ルーシー / 得琉田浜蔵 / 財閥だ浅ちゃん！
3,220,em-30e34a964d63,デンマーくん二世,5,700,450,3,guard,0.3031,0.5139,198,2,8,いいえ,ウサウサ八幡 / 北間・クラリス嬢 / デンマーくん二世 / 百華百彩久連子 / ヤマトタケルぅ！
3,221,em-edb254f0a679,カナちゃんのなごみ,41,5453,3408,2,heal,0.3031,0.4583,191,9,8,いいえ,ダリア・宮子・9 / えかちぇたん / カナちゃんのなごみ / 跛荒の鉄男大先生 / モンさんミッシェル
3,222,em-67086191a83f,マダラなシオマネキ君,27,5490,1059,2,attribute_guard,0.3028,0.4583,196,4,8,いいえ,ダリア・宮子・9 / vにゅーさん / マダラなシオマネキ君 / 諏訪子成長期 / 財閥だ浅ちゃん！
3,223,em-6ead69ef1b01,精霊ブーナッド,16,4025,805,2,heal,0.3027,0.5,180,20,8,いいえ,四悪妖・鵺 / コロちゃん / 精霊ブーナッド / 花火戦隊サイガーRe / シミ
3,224,em-f5c067498bab,深窓のやまなしーヌ,17,1661,1812,3,skill_reduction,0.3027,0.4306,192,8,8,いいえ,橘の元祖☆みっちー / ノローニャ・パイセン / 深窓のやまなしーヌ / 得琉田浜蔵 / ラパヌイ先生
3,225,em-7e4426102b17,タンジャンじゃん,22,3139,3139,3,revive,0.3025,0.5278,171,29,8,いいえ,ウサウサ八幡 / コロちゃん / タンジャンじゃん / 得琉田浜蔵 / 財閥だ浅ちゃん！
3,226,em-7f3eb7b8272c,にゅー先生,15,700,2200,2,guard,0.3023,0.4444,184,16,8,いいえ,ダリア・宮子・9 / 脱力コンビあろま＆るる / にゅー先生 / 跛荒の鉄男大先生 / 財閥だ浅ちゃん！
3,227,em-1d6b42059506,レーティッシュ凛子,35,5623,3229,3,attack_buff,0.3016,0.4722,198,2,8,いいえ,ダリア・宮子・9 / vにゅーさん / レーティッシュ凛子 / 諏訪子成長期 / 御嶽さん
3,228,em-c88f65fb7899,グラディ瑛太,16,4653,423,3,delay,0.3015,0.4514,188,12,8,いいえ,オルカアタッカー虎子 / ノローニャ・パイセン / グラディ瑛太 / ブハラ師匠 / シミ
3,229,em-eb8dcb3ecb46,ヨーコ須賀パイセン,45,5964,3237,3,attribute_guard,0.3014,0.4722,194,6,8,いいえ,ダリア・宮子・9 / vにゅーさん / ヨーコ須賀パイセン / クェーサルと仲間たち / 財閥だ浅ちゃん！
3,230,em-7e35b72ac7e4,琵琶子ｲﾘｭｰｼﾞｮﾝ！,13,1809,1190,3,damage_reduction,0.3009,0.5069,185,15,8,いいえ,橘の元祖☆みっちー / 北間・クラリス嬢 / 琵琶子ｲﾘｭｰｼﾞｮﾝ！ / 百華百彩久連子 / モンさんミッシェル
3,231,em-eb9cb098a2c1,加留多ヘナ造,18,2898,2737,2,damage_reduction,0.3009,0.4514,189,11,8,いいえ,vにゅーさん / トランシルヴァニア家族 / 加留多ヘナ造 / 百華百彩久連子 / シミ
3,232,em-010ca8278422,伊賀NINJA!,42,1704,5112,3,skill_reduction,0.3004,0.375,184,16,7,いいえ,橘の元祖☆みっちー / ノローニャ・パイセン / 伊賀NINJA! / 得琉田浜蔵 / 速いぞサラマンダー！
3,233,em-452bfe576bb9,ねぶるータス,16,950,1350,2,attack_buff,0.3003,0.5486,200,0,8,いいえ,ウサウサ八幡 / コロちゃん / ねぶるータス / 花火戦隊サイガーRe / ヤマトタケルぅ！
3,234,em-0984e8e9ee06,加賀のカブキ者,60,4430,6816,2,attack_buff,0.3002,0.4236,200,0,8,いいえ,ダリア・宮子・9 / vにゅーさん / 加賀のカブキ者 / ????? / 御嶽さん
3,235,em-6fd11d4d3308,超天狗くまのたん,35,1704,7497,3,attack_buff,0.3001,0.4861,177,23,8,いいえ,有砂小町 / ノローニャ・パイセン / 超天狗くまのたん / ブハラ師匠 / シミ
3,236,em-cf2619ce2878,俺っち氷河,28,3864,3222,2,attribute_change,0.3001,0.4653,198,2,8,いいえ,ハリウッドナナコ師匠 / vにゅーさん / 俺っち氷河 / ブハラ師匠 / 碧海のオフタルもん
3,237,em-65d0268c18cf,うっす様。,6,200,900,2,attack_buff,0.2994,0.5139,200,0,8,いいえ,ウサウサ八幡 / 北間・クラリス嬢 / うっす様。 / 跛荒の鉄男大先生 / ラパヌイ先生
3,238,em-c816189f2294,ブッダがやって来る！,17,1510,1510,2,delay,0.2993,0.4444,192,8,8,いいえ,橘の元祖☆みっちー / ノローニャ・パイセン / ブッダがやって来る！ / 得琉田浜蔵 / ラパヌイ先生
3,239,em-eeba5b4dcba6,カニパンだっ！,23,2737,2415,2,guard,0.2993,0.4375,199,1,8,いいえ,ダリア・宮子・9 / vにゅーさん / カニパンだっ！ / 跛荒の鉄男大先生 / 御嶽さん
3,240,em-c545b5a51997,トリニダの怪人,13,4077,1057,2,skill_reduction,0.2992,0.4236,195,5,8,いいえ,ダリア・宮子・9 / vにゅーさん / トリニダの怪人 / 跛荒の鉄男大先生 / 財閥だ浅ちゃん！
3,241,em-90f39743f105,伝説の牛タソ,19,2269,302,3,guard,0.2991,0.5,199,1,8,いいえ,ダリア・宮子・9 / vにゅーさん / 伝説の牛タソ / 百華百彩久連子 / 御嶽さん
3,242,em-4819d53ddb48,ブハラ師匠,39,5708,3237,3,heal,0.2991,0.4514,200,0,8,いいえ,有砂小町 / vにゅーさん / ブハラ師匠 / 諏訪子成長期 / 御嶽さん
3,243,em-b9b869c15b9f,ルリマダラー,15,3786,378,2,attribute_guard,0.299,0.4861,179,21,8,いいえ,四悪妖・鵺 / コロちゃん / ルリマダラー / 花火戦隊サイガーRe / シミ
3,244,em-983cb2f685ee,再びニートだ浅ちゃん,40,2044,6816,2,attack_buff,0.2985,0.4375,174,26,8,いいえ,vにゅーさん / 北間・クラリス嬢 / 再びニートだ浅ちゃん / 財閥だ浅ちゃん！ / 八狗神伏姫様
3,245,em-68afa2dec462,みどりのたけしマン,23,2592,2432,3,damage_reduction,0.2984,0.4583,186,14,8,いいえ,うさ☆八幡さま / 北間・クラリス嬢 / みどりのたけしマン / 百華百彩久連子 / 財閥だ浅ちゃん！
3,246,em-94130e0ff2b5,かずら大先生,15,1057,1198,2,guard,0.2979,0.4792,200,0,8,いいえ,ウサウサ八幡 / 北間・クラリス嬢 / かずら大先生 / 百華百彩久連子 / モンさんミッシェル
3,247,em-640d19558093,聖なる打毬神！みるるん,19,1208,1963,2,attack_buff,0.2976,0.4931,187,13,8,いいえ,うさ☆八幡さま / ノローニャ・パイセン / 聖なる打毬神！みるるん / 花火戦隊サイガーRe / シミ
3,248,em-344c7687cce5,アウス大先輩,17,1924,1924,2,attribute_change,0.2976,0.4236,195,5,8,いいえ,ウサウサ八幡 / なっとくん様 / アウス大先輩 / ＢＥＷ雪玉 / 速いぞサラマンダー！
3,249,em-a0601347b042,グラーツ君,36,2896,5282,3,attack_buff,0.297,0.4792,199,1,8,いいえ,ダリア・宮子・9 / vにゅーさん / グラーツ君 / 諏訪子成長期 / 御嶽さん
3,250,em-f781988d359e,ヤル気勢！うっす様,11,500,1300,2,attack_buff,0.2967,0.4792,198,2,8,いいえ,コメツキ / えかちぇたん / ヤル気勢！うっす様 / 三貴子ツクヨミ / 御嶽さん
3,251,em-bbda291d459c,漆黒及び純白のポワン,20,1704,2896,3,guard,0.2967,0.4653,194,6,8,いいえ,橘の元祖☆みっちー / 北間・クラリス嬢 / 漆黒及び純白のポワン / 跛荒の鉄男大先生 / 財閥だ浅ちゃん！
3,252,em-7a58e59098c4,森神ブーナッド,36,4941,3408,2,heal,0.2963,0.4861,192,8,8,いいえ,ダリア・宮子・9 / えかちぇたん / 森神ブーナッド / 跛荒の鉄男大先生 / 財閥だ浅ちゃん！
3,253,em-b71282ef08a8,出番です！鴨先生！,18,1358,1356,2,guard,0.2963,0.4583,187,13,8,いいえ,ダリア・宮子・9 / 脱力コンビあろま＆るる / 出番です！鴨先生！ / 跛荒の鉄男大先生 / 財閥だ浅ちゃん！
3,254,em-fcf6ec919e80,ｱﾙﾊﾟ力のお兄(父)さん,10,763,2205,3,heal,0.2958,0.5,200,0,8,いいえ,vにゅーさん / ノローニャ・パイセン / ｱﾙﾊﾟ力のお兄(父)さん / 跛荒の鉄男大先生 / ラパヌイ先生
3,255,em-68e23b3f15d7,あっぴーの外出,15,1610,3500,3,attack_buff,0.2958,0.4583,169,31,8,いいえ,vにゅーさん / 北間・クラリス嬢 / あっぴーの外出 / 百華百彩久連子 / 財閥だ浅ちゃん！
3,256,em-aefb52be8eca,半間鮫子,52,3411,6823,2,multi_hit_attack,0.2958,0.4306,200,0,8,いいえ,有砂小町 / 北間・クラリス嬢 / 半間鮫子 / みどりのたけしマン / 碧海のオフタルもん
3,257,em-37e222cb9f2b,いんばーぬたん,53,3748,4771,2,attack_buff,0.2952,0.4653,198,2,8,いいえ,橘の元祖☆みっちー / コロちゃん / いんばーぬたん / 跛荒の鉄男大先生 / おこしんMK-2
3,258,em-b27009a57b71,架けろきしわだっしー,49,1559,6672,3,attack_buff,0.295,0.4583,195,5,8,いいえ,ジョンは時を知らない / えかちぇたん / 架けろきしわだっしー / 諏訪子成長期 / 八狗神伏姫様
3,259,em-b54ea6cda2a4,塚井さん,38,3817,2999,2,attack_buff,0.2946,0.4444,200,0,8,いいえ,有砂小町 / vにゅーさん / 塚井さん / 跛荒の鉄男大先生 / シミ
3,260,em-1749aff71419,ミシャグジさまさま,60,6986,3578,2,attack_buff,0.2946,0.4236,200,0,8,いいえ,ダリア・宮子・9 / vにゅーさん / ミシャグジさまさま / ????? / 御嶽さん
3,261,em-7419b64dec0e,天の飛龍巻,42,5623,3748,2,attribute_change,0.2943,0.4583,190,10,8,いいえ,ダリア・宮子・9 / vにゅーさん / 天の飛龍巻 / みどりのたけしマン / 御嶽さん
3,262,em-a85f091d502f,スウェルくん,11,1452,2058,2,damage_reduction,0.2934,0.4931,198,2,8,いいえ,ウサウサ八幡 / 北間・クラリス嬢 / スウェルくん / 跛荒の鉄男大先生 / 財閥だ浅ちゃん！
3,263,em-e49404c0e4be,?????,43,5350,2712,3,attack_buff,0.2934,0.4722,199,1,8,いいえ,うさ☆八幡さま / vにゅーさん / ????? / 愛のぴよ子 / 財閥だ浅ちゃん！
3,264,em-6870ddfd0fbb,大道芸！エʃ＆エʒ,12,1661,1661,3,skill_reduction,0.2932,0.4444,198,2,8,いいえ,ハリウッドナナコ師匠 / vにゅーさん / 大道芸！エʃ＆エʒ / 百華百彩久連子 / 碧海のオフタルもん
3,265,em-22dd126a0f3a,どーん竜馬,17,2898,2898,3,attack_buff,0.2931,0.4861,188,12,8,いいえ,vにゅーさん / ノローニャ・パイセン / どーん竜馬 / ブハラ師匠 / 財閥だ浅ちゃん！
3,266,em-11cceded3ad2,創造主・アヌンナキ,70,4260,5964,3,damage_reduction,0.2928,0.4306,196,4,8,いいえ,有砂小町 / 北間・クラリス嬢 / 創造主・アヌンナキ / 諏訪子成長期 / 財閥だ浅ちゃん！
3,267,em-b080511b902a,かずらちゃん,3,350,500,2,guard,0.2924,0.5139,186,14,8,いいえ,ウサウサ八幡 / 北間・クラリス嬢 / かずらちゃん / 花火戦隊サイガーRe / ヤマトタケルぅ！
3,268,em-28f044d525d7,スーリヤ様が見てる,7,489,1446,3,skill_reduction,0.2924,0.4514,169,31,8,いいえ,うさ☆八幡さま / ノローニャ・パイセン / スーリヤ様が見てる / ブハラ師匠 / シミ
3,269,em-fbb333645878,戸隠ちび大助,14,226,2193,2,attack_buff,0.2921,0.4931,192,8,8,いいえ,哀哭のオオウミガラス / 北間・クラリス嬢 / 戸隠ちび大助 / 百華百彩久連子 / 財閥だ浅ちゃん！
3,270,em-4b42211e8e80,ナモミさん,12,200,1200,2,attack_buff,0.292,0.5139,200,0,8,いいえ,ウサウサ八幡 / トランシルヴァニア家族 / ナモミさん / みどりのたけしマン / 御嶽さん
3,271,em-558066e14c81,ダブル・ブロッコリー,33,2595,2436,3,damage_reduction,0.2918,0.4653,196,4,8,いいえ,うさ☆八幡さま / 北間・クラリス嬢 / ダブル・ブロッコリー / 百華百彩久連子 / 財閥だ浅ちゃん！
3,272,em-c4b0b6848f16,?????,17,2828,2470,3,skill_reduction,0.2918,0.3958,199,1,8,いいえ,ダリア・宮子・9 / vにゅーさん / ????? / 跛荒の鉄男大先生 / 財閥だ浅ちゃん！
3,273,em-3ea6ac9a0933,オリバーWITHソー,8,400,800,3,attack_buff,0.2917,0.5278,200,0,8,いいえ,橘の元祖☆みっちー / ノローニャ・パイセン / オリバーWITHソー / ブハラ師匠 / 八狗神伏姫様
3,274,em-6c2ea8631e0d,深海美少年モヅルン,37,5964,2385,3,attribute_guard,0.2916,0.4583,200,0,8,いいえ,ダリア・宮子・9 / vにゅーさん / 深海美少年モヅルン / 諏訪子成長期 / 御嶽さん
3,275,em-2f9e3ad50fc8,やまなしーヌの心,25,2415,2576,3,skill_reduction,0.2913,0.3889,175,25,8,いいえ,vにゅーさん / 北間・クラリス嬢 / やまなしーヌの心 / 跛荒の鉄男大先生 / 財閥だ浅ちゃん！
3,276,em-c6e2304d0b02,パプアさん,26,3365,2270,3,damage_reduction,0.2912,0.5,200,0,8,いいえ,橘の元祖☆みっちー / 北間・クラリス嬢 / パプアさん / 跛荒の鉄男大先生 / 財閥だ浅ちゃん！
3,277,em-95a008b67c52,権現くまのたん,22,1030,4234,2,attack_buff,0.291,0.4444,194,6,7,いいえ,有砂小町 / えかちぇたん / 権現くまのたん / 三貴子ツクヨミ / 御嶽さん
3,278,em-c7cd54f2e503,ケラマ☆マジカ,7,1057,1198,2,attribute_guard,0.2909,0.4722,194,6,8,いいえ,ウサウサ八幡 / 北間・クラリス嬢 / ケラマ☆マジカ / 跛荒の鉄男大先生 / 財閥だ浅ちゃん！
3,279,em-e9b3dc6478a4,アヌラさま,33,2495,2978,2,attribute_guard,0.2909,0.4514,196,4,8,いいえ,ダリア・宮子・9 / vにゅーさん / アヌラさま / 諏訪子成長期 / 御嶽さん
3,280,em-82d7b7a877f8,電ドロ白鷺嬢,39,6816,2556,2,heal,0.2905,0.4444,188,12,8,いいえ,vにゅーさん / ノローニャ・パイセン / 電ドロ白鷺嬢 / みどりのたけしマン / モンさんミッシェル
3,281,em-410cc22d32bc,アロハる☆水島神人,16,3246,1887,2,attribute_change,0.2903,0.4722,200,0,8,いいえ,ウサウサ八幡 / vにゅーさん / アロハる☆水島神人 / 愛のぴよ子 / 財閥だ浅ちゃん！
3,282,em-d368809aa822,ﾜﾙﾌﾟﾙｷﾞｽなメル子様,39,6560,3152,3,attribute_guard,0.2903,0.4375,181,19,8,いいえ,ダリア・宮子・9 / コロちゃん / ﾜﾙﾌﾟﾙｷﾞｽなメル子様 / 跛荒の鉄男大先生 / 財閥だ浅ちゃん！
3,283,em-f13a3baa139d,伝説のビスカやん！,9,1893,1241,2,skill_reduction,0.2901,0.4306,191,9,8,いいえ,ダリア・宮子・9 / vにゅーさん / 伝説のビスカやん！ / 跛荒の鉄男大先生 / 財閥だ浅ちゃん！
3,284,em-b127f99ae530,キラー・ｻﾞ・ｷﾗｰ,55,5964,3408,2,damage_reduction,0.2898,0.4444,192,8,8,いいえ,ダリア・宮子・9 / ペーチパイセン / キラー・ｻﾞ・ｷﾗｰ / 跛荒の鉄男大先生 / 八狗神伏姫様
3,285,em-99460641a41d,奇岩妖精ペリバじゃん,40,6816,852,3,attack_buff,0.2898,0.4306,173,27,8,いいえ,ハリウッドナナコ師匠 / vにゅーさん / 奇岩妖精ペリバじゃん / ブハラ師匠 / 財閥だ浅ちゃん！
3,286,em-cbed7e550323,ちわっしータミ,12,2249,1376,3,heal,0.2897,0.4931,199,1,8,いいえ,オルカアタッカー虎子 / ノローニャ・パイセン / ちわっしータミ / ブハラ師匠 / 八狗神伏姫様
3,287,em-a7fc49aa8c73,広報担当：アッシュ,37,5112,3748,2,attribute_guard,0.2897,0.4236,182,18,8,いいえ,ハリウッドナナコ師匠 / vにゅーさん / 広報担当：アッシュ / 跛荒の鉄男大先生 / 財閥だ浅ちゃん！
3,288,em-96a3648b46e2,チョコ染めの安井さん,32,3646,4089,3,guard,0.2889,0.4306,185,15,8,いいえ,うさ☆八幡さま / 北間・クラリス嬢 / チョコ染めの安井さん / 花火戦隊サイガーRe / 財閥だ浅ちゃん！
3,289,em-3911cf0df99b,あずま京子という女,14,1687,1687,3,damage_reduction,0.2884,0.5,200,0,8,いいえ,ダリア・宮子・9 / vにゅーさん / あずま京子という女 / 百華百彩久連子 / 財閥だ浅ちゃん！
3,290,em-bca7c94c15fe,ひろしマンＲ,10,1128,1128,2,heal,0.2883,0.5069,190,10,8,いいえ,ウサウサ八幡 / ペーチパイセン / ひろしマンＲ / 花火戦隊サイガーRe / 財閥だ浅ちゃん！
3,291,em-2c691fe63d0d,ブッシュドノエルん,38,3652,5354,2,attack_buff,0.2883,0.4167,194,6,8,いいえ,うさ☆八幡さま / vにゅーさん / ブッシュドノエルん / 愛のぴよ子 / 財閥だ浅ちゃん！
3,292,em-c3ea022d7d2f,にゅーさん,12,500,1900,3,guard,0.2882,0.4792,199,1,8,いいえ,ウサウサ八幡 / 北間・クラリス嬢 / にゅーさん / 跛荒の鉄男大先生 / 財閥だ浅ちゃん！
3,293,em-99eb90e0260f,傾国の二条嬢,17,2656,2495,2,attribute_guard,0.2881,0.4514,199,1,8,いいえ,ダリア・宮子・9 / vにゅーさん / 傾国の二条嬢 / 跛荒の鉄男大先生 / 財閥だ浅ちゃん！
3,294,em-80894fcaa10c,とんこつ神！博多美子,40,4089,5350,3,attack_buff,0.2874,0.4514,188,12,8,いいえ,ダリア・宮子・9 / vにゅーさん / とんこつ神！博多美子 / みどりのたけしマン / 御嶽さん
3,295,em-3e7e7e54a83d,妖精女王ミカーンニア,45,3408,4771,2,skill_reduction,0.2873,0.3472,190,10,7,いいえ,ハリウッドナナコ師匠 / vにゅーさん / 妖精女王ミカーンニア / 跛荒の鉄男大先生 / 財閥だ浅ちゃん！
3,296,em-40350463a9fa,ハンドさんは泳がない,27,2044,3578,3,damage_reduction,0.2872,0.4514,200,0,8,いいえ,ダリア・宮子・9 / 脱力コンビあろま＆るる / ハンドさんは泳がない / 百華百彩久連子 / 財閥だ浅ちゃん！
3,297,em-845e49247e45,ウサポワン海人,20,1533,2607,3,guard,0.2871,0.4653,189,11,8,いいえ,ダリア・宮子・9 / 脱力コンビあろま＆るる / ウサポワン海人 / 跛荒の鉄男大先生 / 財閥だ浅ちゃん！
3,298,em-b8168a7a90ca,大杉に願いを☆ミ,39,5129,3067,2,attribute_guard,0.2868,0.4236,184,16,8,いいえ,ハリウッドナナコ師匠 / vにゅーさん / 大杉に願いを☆ミ / 跛荒の鉄男大先生 / 財閥だ浅ちゃん！
3,299,em-df4f003ab94e,熱いマッキニキ,11,1100,600,3,damage_reduction,0.2867,0.5139,200,0,8,いいえ,ウサウサ八幡 / 北間・クラリス嬢 / 熱いマッキニキ / 跛荒の鉄男大先生 / ヤマトタケルぅ！
3,300,em-08c36f307e1c,3年ε組！エレナ先生,38,4430,4260,3,attack_buff,0.2866,0.4861,186,14,7,いいえ,ダリア・宮子・9 / vにゅーさん / 3年ε組！エレナ先生 / みどりのたけしマン / 御嶽さん
3,301,em-09a7a163b0cd,沼南ぱモーセ,38,2556,5623,2,attack_buff,0.2866,0.4375,194,6,8,いいえ,うさ☆八幡さま / vにゅーさん / 沼南ぱモーセ / 愛のぴよ子 / 財閥だ浅ちゃん！
3,302,em-28a408b64836,真・銘菓ぴよ子,12,795,815,3,multi_hit_attack,0.2861,0.4792,200,0,8,いいえ,ウサウサ八幡 / うどんの天使 / 真・銘菓ぴよ子 / 諏訪子成長期 / シミ
3,303,em-9d7275c7d84e,ハンドさんの匍匐前進,27,1840,3220,3,damage_reduction,0.2858,0.4583,200,0,8,いいえ,ダリア・宮子・9 / 脱力コンビあろま＆るる / ハンドさんの匍匐前進 / 百華百彩久連子 / 財閥だ浅ちゃん！
3,304,em-4a86c88e71a1,デンマーくん,3,600,300,3,guard,0.2853,0.4861,190,10,8,いいえ,ウサウサ八幡 / 北間・クラリス嬢 / デンマーくん / 跛荒の鉄男大先生 / 財閥だ浅ちゃん！
3,305,em-7c8471edf1df,ハロハロ☆ナモミさま,36,2556,4260,2,attack_buff,0.2852,0.4375,185,15,8,いいえ,有砂小町 / vにゅーさん / ハロハロ☆ナモミさま / 財閥だ浅ちゃん！ / シミ
3,306,em-fd155a3410b2,鯰坊主と子供たち,45,5793,2130,3,damage_reduction,0.2851,0.4514,200,0,8,いいえ,橘の元祖☆みっちー / 北間・クララさん / 鯰坊主と子供たち / 諏訪子成長期 / 御嶽さん
3,307,em-879d09afc46a,アイアン下仁田,17,907,900,2,guard,0.2849,0.4861,200,0,8,いいえ,ウサウサ八幡 / 北間・クラリス嬢 / アイアン下仁田 / 花火戦隊サイガーRe / ヤマトタケルぅ！
3,308,em-1eb5e932843b,ダンブッラの蘭,38,5112,3578,2,damage_reduction,0.2849,0.4375,194,6,8,いいえ,うさ☆八幡さま / vにゅーさん / ダンブッラの蘭 / 愛のぴよ子 / 財閥だ浅ちゃん！
3,309,em-6c5a2955b199,ほぼネ甲ネイ・テウケ,26,3059,2737,2,attack_buff,0.2847,0.4306,195,5,8,いいえ,ダリア・宮子・9 / vにゅーさん / ほぼネ甲ネイ・テウケ / 諏訪子成長期 / 財閥だ浅ちゃん！
3,310,em-7f906b3752a5,華麗なびわ子たん,10,1213,1190,3,damage_reduction,0.2845,0.5139,197,3,8,いいえ,ウサウサ八幡 / 北間・クラリス嬢 / 華麗なびわ子たん / 跛荒の鉄男大先生 / 財閥だ浅ちゃん！
3,311,em-e99bfc1ea066,ご入学ぴよ子,9,883,2397,2,attack_buff,0.2845,0.4722,187,13,8,いいえ,哀哭のオオウミガラス / 北間・クラリス嬢 / ご入学ぴよ子 / 百華百彩久連子 / 財閥だ浅ちゃん！
3,312,em-8d7a9845b04b,コーベリアル男爵,5,400,380,2,attribute_guard,0.2844,0.5069,198,2,8,いいえ,ウサウサ八幡 / 北間・クラリス嬢 / コーベリアル男爵 / 百華百彩久連子 / ヤマトタケルぅ！
3,313,em-6a50fe1ba475,青き春の酔竜,70,2556,7668,3,attack_buff,0.2844,0.4444,193,7,8,いいえ,有砂小町 / カルボ姉（ねえ） / 青き春の酔竜 / 花火戦隊サイガーRe / シミ
3,314,em-a0159af9ab81,カネヒラくん,14,2385,2556,2,attribute_change,0.2842,0.4583,198,2,8,いいえ,ウサウサ八幡 / vにゅーさん / カネヒラくん / 愛のぴよ子 / 財閥だ浅ちゃん！
3,315,em-db2c3576c544,すわ子☆神,15,1100,1400,3,multi_hit_attack,0.2842,0.3889,183,17,8,いいえ,ジョンは時を知らない / ノローニャ・パイセン / すわ子☆神 / ブハラ師匠 / 財閥だ浅ちゃん！
3,316,em-1374a3351d4c,忍！fuま＆voたん,17,1510,1510,3,guard,0.284,0.4792,200,0,8,いいえ,ウサウサ八幡 / 北間・クラリス嬢 / 忍！fuま＆voたん / 花火戦隊サイガーRe / ヤマトタケルぅ！
3,317,em-e626c795c8a8,スミス＆エズ,12,1200,400,3,attribute_guard,0.2837,0.5139,199,1,8,いいえ,ウサウサ八幡 / 北間・クラリス嬢 / スミス＆エズ / 跛荒の鉄男大先生 / 財閥だ浅ちゃん！
3,318,em-b17b3174de7d,ネギtheフィクサー,45,2405,5135,3,damage_reduction,0.2837,0.4444,199,1,8,いいえ,vにゅーさん / 北間・クラリス嬢 / ネギtheフィクサー / 百華百彩久連子 / 財閥だ浅ちゃん！
3,319,em-c9268ab25340,大森銀さま,10,1600,200,3,damage_reduction,0.2835,0.5,197,3,8,いいえ,ウサウサ八幡 / 北間・クラリス嬢 / 大森銀さま / 跛荒の鉄男大先生 / 財閥だ浅ちゃん！
3,320,em-874769710492,さふらんらん,8,1734,888,3,skill_reduction,0.2831,0.4375,194,6,8,いいえ,ハリウッドナナコ師匠 / vにゅーさん / さふらんらん / 百華百彩久連子 / 碧海のオフタルもん
3,321,em-59482d256e11,大森銀佐摩,15,2679,352,2,damage_reduction,0.283,0.4514,187,13,8,いいえ,橘の元祖☆みっちー / 北間・クラリス嬢 / 大森銀佐摩 / 百華百彩久連子 / モンさんミッシェル
3,322,em-bff3cff5162a,トキシッくんｵｯｽｵｯｽ,9,2253,1267,3,revive,0.2829,0.4722,172,28,8,いいえ,ウサウサ八幡 / ノローニャ・パイセン / トキシッくんｵｯｽｵｯｽ / 得琉田浜蔵 / シミ
3,323,em-3deff3291fd4,有閑カノープス,70,5112,6816,2,attribute_change,0.2828,0.4653,200,0,8,いいえ,橘の元祖☆みっちー / ペーチパイセン / 有閑カノープス / 財閥だ浅ちゃん！ / おこしんMK-2
3,324,em-1de8c880f196,ヴィヒー先生,17,2114,2718,2,damage_reduction,0.2825,0.4861,189,11,8,いいえ,橘の元祖☆みっちー / 北間・クラリス嬢 / ヴィヒー先生 / 百華百彩久連子 / モンさんミッシェル
3,325,em-edd2253df045,怪奇！変身鬼人形,25,3408,3834,3,attribute_change,0.2823,0.4722,198,2,8,いいえ,橘の元祖☆みっちー / ノローニャ・パイセン / 怪奇！変身鬼人形 / みどりのたけしマン / 御嶽さん
3,326,em-f9383e2e4919,ユハンヌスのサウナー,42,5231,3067,3,damage_reduction,0.2823,0.4444,187,13,8,いいえ,ハリウッドナナコ師匠 / vにゅーさん / ユハンヌスのサウナー / 跛荒の鉄男大先生 / 財閥だ浅ちゃん！
3,327,em-8561e29b5d2e,まんまんちゃん,12,1524,1682,3,attack_buff,0.2822,0.4792,190,10,8,いいえ,哀哭のオオウミガラス / 北間・クラリス嬢 / まんまんちゃん / 百華百彩久連子 / 財閥だ浅ちゃん！
3,328,em-c37c2a529421,ディワリのｱﾗｸｼｭﾐｰ,38,4771,3408,2,heal,0.2819,0.4444,194,6,8,いいえ,ダリア・宮子・9 / えかちぇたん / ディワリのｱﾗｸｼｭﾐｰ / 跛荒の鉄男大先生 / 財閥だ浅ちゃん！
3,329,em-3dc0af65e330,ランたんちゃん,43,3425,5295,2,attribute_change,0.2818,0.4583,200,0,7,いいえ,橘の元祖☆みっちー / ペーチパイセン / ランたんちゃん / 諏訪子成長期 / 八狗神伏姫様
3,330,em-489782f8e31c,愛のぴよ子,7,1631,1993,3,heal,0.2814,0.4583,193,7,8,いいえ,ハリウッドナナコ師匠 / vにゅーさん / 愛のぴよ子 / 百華百彩久連子 / 碧海のオフタルもん
3,331,em-69fe49e9031d,かずら姉さん,11,650,700,2,guard,0.2813,0.4722,196,4,8,いいえ,ウサウサ八幡 / 北間・クラリス嬢 / かずら姉さん / 百華百彩久連子 / モンさんミッシェル
3,332,em-b7b738711fb0,ちくわサンド,23,2817,2656,2,attack_buff,0.2812,0.4236,188,12,8,いいえ,ウサウサ八幡 / 脱力コンビあろま＆るる / ちくわサンド / みどりのたけしマン / 眠里　不可緒
3,333,em-b0a135da294f,デンマーくん三世,6,800,600,3,guard,0.2811,0.4792,193,7,8,いいえ,ウサウサ八幡 / 北間・クラリス嬢 / デンマーくん三世 / 跛荒の鉄男大先生 / 財閥だ浅ちゃん！
3,334,em-902df874fa74,でらマジカ,6,650,700,3,attribute_guard,0.281,0.5069,199,1,8,いいえ,ウサウサ八幡 / 北間・クラリス嬢 / でらマジカ / 百華百彩久連子 / ヤマトタケルぅ！
3,335,em-4c8a3408455b,泳ぐカネヒラさん,28,3748,3408,2,attribute_change,0.2807,0.4444,199,1,8,いいえ,橘の元祖☆みっちー / vにゅーさん / 泳ぐカネヒラさん / 愛のぴよ子 / 財閥だ浅ちゃん！
3,336,em-93a9275d427c,肉食ドゥブロさん,32,5106,3404,3,attack_buff,0.2801,0.4375,197,3,8,いいえ,ダリア・宮子・9 / vにゅーさん / 肉食ドゥブロさん / 家族贖罪という字面 / 御嶽さん
3,337,em-d6397e37a32d,三山くまのたん,17,500,1900,3,attack_buff,0.28,0.5068,200,0,8,いいえ,うさ☆八幡さま / ノローニャ・パイセン / 三山くまのたん / 花火戦隊サイガーRe / 八狗神伏姫様
3,338,em-59636157ae2e,コーベンパイア天爵,45,5282,1757,2,damage_reduction,0.2796,0.4236,199,1,8,いいえ,vにゅーさん / 北間・クラリス嬢 / コーベンパイア天爵 / 百華百彩久連子 / 財閥だ浅ちゃん！
3,339,em-82e546e8de79,ランたん,29,2198,3612,2,attribute_change,0.2795,0.4653,171,29,8,いいえ,有砂小町 / ノローニャ・パイセン / ランたん / ブハラ師匠 / シミ
3,340,em-409b16959eac,唸るぜ！よりりん,12,795,805,3,attribute_change,0.2793,0.5208,190,10,7,いいえ,哀哭のオオウミガラス / 北間・クララさん / 唸るぜ！よりりん / 百華百彩久連子 / 財閥だ浅ちゃん！
3,341,em-7f58743c664e,ポリミタス☆おかいこ,34,4771,3069,2,attribute_change,0.279,0.4375,197,3,7,いいえ,ダリア・宮子・9 / vにゅーさん / ポリミタス☆おかいこ / 諏訪子成長期 / 御嶽さん
3,342,em-64a5161e8307,優美な二条嬢,15,1250,1150,2,attribute_guard,0.2789,0.4861,200,0,8,いいえ,ウサウサ八幡 / 北間・クラリス嬢 / 優美な二条嬢 / 百華百彩久連子 / モンさんミッシェル
3,343,em-228697ae4ca1,かつお☆カーニバル,7,1128,1198,2,skill_reduction,0.2786,0.4167,169,31,8,いいえ,うさ☆八幡さま / ノローニャ・パイセン / かつお☆カーニバル / ブハラ師匠 / シミ
3,344,em-9999a53f68e1,牛タソ,5,500,50,3,guard,0.278,0.5069,198,2,8,いいえ,ウサウサ八幡 / 北間・クラリス嬢 / 牛タソ / 百華百彩久連子 / ヤマトタケルぅ！
3,345,em-2d728f34a59e,へーい竜馬,14,1500,1500,3,attack_buff,0.2776,0.4931,192,8,8,いいえ,哀哭のオオウミガラス / 北間・クラリス嬢 / へーい竜馬 / 百華百彩久連子 / 財閥だ浅ちゃん！
3,346,em-9ac3c0929f90,オコオコ,11,1704,1704,3,attack_buff,0.2773,0.4514,198,2,8,いいえ,vにゅーさん / 北間・クラリス嬢 / オコオコ / 跛荒の鉄男大先生 / 碧海のオフタルもん
3,347,em-f334c541bf84,納得ん★福曼荼羅,17,1763,1860,2,attribute_change,0.2772,0.4583,199,1,8,いいえ,ダリア・宮子・9 / vにゅーさん / 納得ん★福曼荼羅 / 跛荒の鉄男大先生 / 財閥だ浅ちゃん！
3,348,em-d7e6501e0b63,ダークるる,60,4771,4771,3,damage_reduction,0.2772,0.4375,199,1,8,いいえ,有砂小町 / 北間・クラリス嬢 / ダークるる / 跛荒の鉄男大先生 / 財閥だ浅ちゃん！
3,349,em-15b63ea7b4c3,タオるんさん先輩師匠,14,1510,2180,2,attribute_guard,0.2771,0.4583,183,17,8,いいえ,ダリア・宮子・9 / 脱力コンビあろま＆るる / タオるんさん先輩師匠 / 跛荒の鉄男大先生 / 財閥だ浅ちゃん！
3,350,em-aa92178d2205,糸巻万太朗,40,5623,4260,2,attribute_change,0.277,0.4167,188,12,8,いいえ,ダリア・宮子・9 / vにゅーさん / 糸巻万太朗 / みどりのたけしマン / 御嶽さん
3,351,em-78c90c30a11c,夜光虫ほたるん,14,2265,3020,2,attribute_change,0.2767,0.4583,172,28,8,いいえ,ウサウサ八幡 / コロちゃん / 夜光虫ほたるん / ブハラ師匠 / シミ
3,352,em-301c11f4a1d7,ウサポワンちゃん,20,1363,2317,3,guard,0.2765,0.4444,194,6,8,いいえ,橘の元祖☆みっちー / 北間・クラリス嬢 / ウサポワンちゃん / 跛荒の鉄男大先生 / 財閥だ浅ちゃん！
3,353,em-6145c94ca696,ｽﾌﾟﾗ♡な琵琶子たん,13,1213,1190,3,damage_reduction,0.2762,0.5069,200,0,8,いいえ,ウサウサ八幡 / 北間・クラリス嬢 / ｽﾌﾟﾗ♡な琵琶子たん / 跛荒の鉄男大先生 / 財閥だ浅ちゃん！
3,354,em-c573b4be1553,ｷﾞｶﾞももたろす,12,1300,1300,3,attribute_change,0.2761,0.5139,199,1,8,いいえ,うさ☆八幡さま / ノローニャ・パイセン / ｷﾞｶﾞももたろす / 花火戦隊サイガーRe / バビるわバビル君。
3,355,em-de36aab296aa,月下皇帝ランたん様,50,3150,5367,3,revive,0.2761,0.4792,188,12,8,いいえ,有砂小町 / ノローニャ・パイセン / 月下皇帝ランたん様 / みどりのたけしマン / 御嶽さん
3,356,em-583f38470462,さくらエビライダー,26,2414,2414,2,attribute_change,0.276,0.4722,188,12,8,いいえ,うさ☆八幡さま / ノローニャ・パイセン / さくらエビライダー / ブハラ師匠 / シミ
3,357,em-bc2106c87bcd,?????,15,511,2811,3,damage_reduction,0.2759,0.4444,188,12,8,いいえ,ダリア・宮子・9 / 脱力コンビあろま＆るる / ????? / 百華百彩久連子 / 財閥だ浅ちゃん！
3,358,em-502c02710bc4,覚醒けいび,6,345,300,2,multi_hit_attack,0.2758,0.5208,200,0,8,いいえ,ウサウサ八幡 / 北間・クラリス嬢 / 覚醒けいび / 跛荒の鉄男大先生 / ラパヌイ先生
3,359,em-ff5dd5331817,デメ子ちゃん,18,1704,3067,2,attribute_change,0.2757,0.4792,194,6,8,いいえ,ウサウサ八幡 / コロちゃん / デメ子ちゃん / ラパヌイ先生 / 御嶽さん
3,360,em-fea44f2a7dd8,だが男だ彦にゃん,15,2793,1132,3,skill_reduction,0.2757,0.4167,197,3,8,いいえ,ダリア・宮子・9 / vにゅーさん / だが男だ彦にゃん / 跛荒の鉄男大先生 / 財閥だ浅ちゃん！
3,361,em-83954a93a691,閃きのヒラメちゃん,60,6560,4430,2,attribute_change,0.2755,0.4236,200,0,8,いいえ,ダリア・宮子・9 / vにゅーさん / 閃きのヒラメちゃん / ????? / 御嶽さん
3,362,em-5f5281ba5e2a,黄泉還り！反魂タン,9,1812,1963,3,revive,0.2751,0.4722,159,41,8,いいえ,橘の元祖☆みっちー / ノローニャ・パイセン / 黄泉還り！反魂タン / 得琉田浜蔵 / シミ
3,363,em-b422734eb78b,たたーる星人,15,1812,1510,2,attack_buff,0.2751,0.4444,187,13,8,いいえ,うさ☆八幡さま / 脱力コンビあろま＆るる / たたーる星人 / ブハラ師匠 / 八狗神伏姫様
3,364,em-ba8324a2cbef,覚醒ニート,6,354,296,2,multi_hit_attack,0.2749,0.5139,200,0,8,いいえ,ウサウサ八幡 / 北間・クラリス嬢 / 覚醒ニート / 跛荒の鉄男大先生 / ラパヌイ先生
3,365,em-2be7abbe40d1,大晦日！ナモミ先輩,14,300,1700,2,attack_buff,0.2747,0.4722,192,8,8,いいえ,哀哭のオオウミガラス / 北間・クラリス嬢 / 大晦日！ナモミ先輩 / 百華百彩久連子 / 財閥だ浅ちゃん！
3,366,em-a16d639a61fc,水軍衆かっさーのん,9,1128,1269,3,attack_buff,0.2742,0.4792,187,13,8,いいえ,哀哭のオオウミガラス / 北間・クラリス嬢 / 水軍衆かっさーのん / 百華百彩久連子 / 財閥だ浅ちゃん！
3,367,em-1bcd64d199fb,ケロッとる☆キング,31,1533,5708,2,attribute_change,0.274,0.4373,194,6,8,いいえ,有砂小町 / ノローニャ・パイセン / ケロッとる☆キング / 花火戦隊サイガーRe / 八狗神伏姫様
3,368,em-88028fdebb04,オペラハウス侯爵,24,3154,3177,3,revive,0.2738,0.4514,200,0,8,いいえ,橘の元祖☆みっちー / vにゅーさん / オペラハウス侯爵 / 花火戦隊サイガーRe / ハリウッドナナコ師匠
3,369,em-5f311c45014a,パーントゥ大先生,37,2409,4819,3,attack_buff,0.273,0.4236,187,13,8,いいえ,vにゅーさん / 北間・クラリス嬢 / パーントゥ大先生 / 跛荒の鉄男大先生 / 財閥だ浅ちゃん！
3,370,em-455191024aba,偉いぞさいごー丼,15,2718,1132,3,attribute_guard,0.2729,0.4653,199,1,8,いいえ,ウサウサ八幡 / vにゅーさん / 偉いぞさいごー丼 / 愛のぴよ子 / 財閥だ浅ちゃん！
3,371,em-aae4f48cb489,もん親方,28,3748,3748,2,attribute_guard,0.2729,0.4167,199,1,8,いいえ,橘の元祖☆みっちー / vにゅーさん / もん親方 / 愛のぴよ子 / 財閥だ浅ちゃん！
3,372,em-beaaa8c15744,カメハメハワイ大王,50,3059,5879,2,attack_buff,0.2729,0.4167,200,0,8,いいえ,vにゅーさん / 北間・クラリス嬢 / カメハメハワイ大王 / 跛荒の鉄男大先生 / 財閥だ浅ちゃん！
3,373,em-6c82396ace3f,マッシブ☆ばん馬ばん,7,800,450,3,attack_buff,0.2724,0.5139,187,13,8,いいえ,うさ☆八幡さま / ノローニャ・パイセン / マッシブ☆ばん馬ばん / ブハラ師匠 / 財閥だ浅ちゃん！
3,374,em-f439af6dc206,さんとくん大先生,12,3020,755,3,delay,0.2724,0.4444,198,2,8,いいえ,ハリウッドナナコ師匠 / vにゅーさん / さんとくん大先生 / 百華百彩久連子 / 碧海のオフタルもん
3,375,em-dce9e83b7c07,長靴履いたなろう猫,42,3786,2726,3,attribute_change,0.2723,0.4585,194,6,8,いいえ,伝説の少女キャンディ / ノローニャ・パイセン / 長靴履いたなろう猫 / ブハラ師匠 / シミ
3,376,em-f33518363cb8,マチョリスト☆ばん,13,1410,775,2,attack_buff,0.2722,0.4931,191,9,8,いいえ,哀哭のオオウミガラス / 北間・クラリス嬢 / マチョリスト☆ばん / 百華百彩久連子 / 財閥だ浅ちゃん！
3,377,em-9d861b51bd30,波乗りキング,18,776,2582,3,attack_buff,0.272,0.4792,186,14,8,いいえ,うさ☆八幡さま / ノローニャ・パイセン / 波乗りキング / 花火戦隊サイガーRe / シミ
3,378,em-0c1036483550,kɔにー＆gæりー,13,1128,846,2,damage_reduction,0.2719,0.4861,200,0,8,いいえ,ウサウサ八幡 / 北間・クラリス嬢 / kɔにー＆gæりー / 跛荒の鉄男大先生 / 財閥だ浅ちゃん！
3,379,em-f33de53ee597,遊無給(ニート)な小町,100,7327,5623,3,attack_buff,0.2716,0.3958,197,3,8,いいえ,ハリウッドナナコ師匠 / vにゅーさん / 遊無給(ニート)な小町 / トキシッくんｵｯｽｵｯｽ / 御嶽さん
3,380,em-0da991c52dd4,ギャリーくん,5,400,400,3,damage_reduction,0.2715,0.5139,198,2,8,いいえ,ウサウサ八幡 / 北間・クラリス嬢 / ギャリーくん / 百華百彩久連子 / ヤマトタケルぅ！
3,381,em-91479d9f811c,奇術師！エッジュさん,9,700,700,3,skill_reduction,0.2713,0.4861,191,9,7,いいえ,四悪妖・鵺 / コロちゃん / 奇術師！エッジュさん / 花火戦隊サイガーRe / 財閥だ浅ちゃん！
3,382,em-98730869df6a,朱染めの夏炎・朱雀,70,5282,6475,3,attack_buff,0.2712,0.4514,186,14,8,いいえ,ダリア・宮子・9 / vにゅーさん / 朱染めの夏炎・朱雀 / クェーサルと仲間たち / ハリウッドナナコ師匠
3,383,em-96c4c1bf7f87,畳リーゼントの御頭,40,4345,4345,2,attack_buff,0.2712,0.4236,188,12,8,いいえ,ダリア・宮子・9 / vにゅーさん / 畳リーゼントの御頭 / みどりのたけしマン / 御嶽さん
3,384,em-a85045965911,まさか殿(マジ),100,7463,6628,3,attack_buff,0.2712,0.3958,200,0,8,いいえ,有砂小町 / カルボ姉（ねえ） / まさか殿(マジ) / 愛のぴよ子 / 八狗神伏姫様
3,385,em-900d96f0b1d7,修験くまのたん,12,400,1200,3,attack_buff,0.2711,0.5,192,8,8,いいえ,うさ☆八幡さま / ノローニャ・パイセン / 修験くまのたん / ブハラ師匠 / 財閥だ浅ちゃん！
3,386,em-6cbfcc23cd10,発光大王ほたるーニャ,9,1057,1198,3,attribute_change,0.2711,0.4861,171,29,7,いいえ,うさ☆八幡さま / ノローニャ・パイセン / 発光大王ほたるーニャ / ブハラ師匠 / シミ
3,387,em-7fdcbcbf0ae4,ももとふさん,12,1000,1200,3,heal,0.2706,0.5069,195,5,8,いいえ,vにゅーさん / ノローニャ・パイセン / ももとふさん / 跛荒の鉄男大先生 / 財閥だ浅ちゃん！
3,388,em-6e472849dc37,ほーい竜馬,12,1100,1100,3,attack_buff,0.2705,0.5,192,8,8,いいえ,うさ☆八幡さま / ノローニャ・パイセン / ほーい竜馬 / ブハラ師匠 / 財閥だ浅ちゃん！
3,389,em-4afb3d011e67,得琉田浜蔵,12,2696,1992,3,attribute_change,0.2705,0.4583,196,4,8,いいえ,ウサウサ八幡 / vにゅーさん / 得琉田浜蔵 / 愛のぴよ子 / 財閥だ浅ちゃん！
3,390,em-31758a7d7c63,ﾗｰｶﾞﾙﾌﾘｮｩﾄﾙﾑりん,47,5700,2292,3,damage_reduction,0.2705,0.4028,196,4,8,いいえ,ハリウッドナナコ師匠 / vにゅーさん / ﾗｰｶﾞﾙﾌﾘｮｩﾄﾙﾑりん / 百華百彩久連子 / 財閥だ浅ちゃん！
3,391,em-6193e7af4d97,がうがうは考える,44,1704,5964,3,damage_reduction,0.2703,0.4514,198,2,8,いいえ,vにゅーさん / 北間・クラリス嬢 / がうがうは考える / 百華百彩久連子 / 財閥だ浅ちゃん！
3,392,em-d4e50f80f825,コーベリアル,4,305,297,2,attribute_guard,0.27,0.4931,197,3,8,いいえ,ウサウサ八幡 / 北間・クラリス嬢 / コーベリアル / 百華百彩久連子 / ヤマトタケルぅ！
3,393,em-48fc0bb31337,踊る☆なまずおじさん,60,5793,2130,3,damage_reduction,0.2698,0.4236,199,1,8,いいえ,有砂小町 / 北間・クラリス嬢 / 踊る☆なまずおじさん / 跛荒の鉄男大先生 / 財閥だ浅ちゃん！
3,394,em-fd76872dafaf,くまのたん,8,300,920,3,attack_buff,0.2695,0.4931,200,0,8,いいえ,橘の元祖☆みっちー / ノローニャ・パイセン / くまのたん / ブハラ師匠 / 八狗神伏姫様
3,395,em-344fce469565,豊聡之太子さん,12,830,775,2,heal,0.2687,0.5069,176,24,8,いいえ,四悪妖・鵺 / コロちゃん / 豊聡之太子さん / 花火戦隊サイガーRe / シミ
3,396,em-1e3b5bb54d35,ナナフシ,30,4175,2999,2,attribute_change,0.2683,0.4236,199,1,8,いいえ,ダリア・宮子・9 / vにゅーさん / ナナフシ / 諏訪子成長期 / 財閥だ浅ちゃん！
3,397,em-618de9bba906,関大先生,9,1201,1201,3,guard,0.2676,0.4583,178,22,8,いいえ,ダリア・宮子・9 / 脱力コンビあろま＆るる / 関大先生 / 跛荒の鉄男大先生 / 財閥だ浅ちゃん！
3,398,em-cf5373dcdc2a,コンゴーニャスパス,17,1886,1723,3,guard,0.2676,0.4444,199,1,8,いいえ,ダリア・宮子・9 / vにゅーさん / コンゴーニャスパス / 跛荒の鉄男大先生 / 財閥だ浅ちゃん！
3,399,em-a91beec21e3d,やよいチゥりっぷ☆神,13,2957,563,2,attribute_change,0.2675,0.4444,195,5,8,いいえ,ダリア・宮子・9 / vにゅーさん / やよいチゥりっぷ☆神 / 跛荒の鉄男大先生 / 財閥だ浅ちゃん！
3,400,em-e9a9af4ae9bc,梨豚ぴぐぺん,6,500,600,2,attack_buff,0.267,0.4931,200,0,8,いいえ,橘の元祖☆みっちー / ノローニャ・パイセン / 梨豚ぴぐぺん / 諏訪子成長期 / 財閥だ浅ちゃん！
3,401,em-501834a284b1,加賀友☆禅野さん,38,4175,4771,2,attribute_change,0.2669,0.4167,200,0,8,いいえ,有砂小町 / vにゅーさん / 加賀友☆禅野さん / 跛荒の鉄男大先生 / シミ
3,402,em-4efe36123302,輝け☆椛マン！,35,4260,3408,3,heal,0.2668,0.4514,191,9,8,いいえ,ダリア・宮子・9 / えかちぇたん / 輝け☆椛マン！ / 跛荒の鉄男大先生 / 財閥だ浅ちゃん！
3,403,em-6c1c64d0e4ed,七夕ぴよ子,7,1104,1104,3,revive,0.2663,0.4861,192,8,8,いいえ,うさ☆八幡さま / カルボ姉（ねえ） / 七夕ぴよ子 / 三貴子ツクヨミ / 御嶽さん
3,404,em-9c37bba7df0f,ＫＲ２ジョー少尉,11,495,1105,3,attack_buff,0.2661,0.5069,199,1,8,いいえ,ウサウサ八幡 / トランシルヴァニア家族 / ＫＲ２ジョー少尉 / みどりのたけしマン / 御嶽さん
3,405,em-276d7f996bbe,竜也エボリューション,49,2044,6305,3,attack_buff,0.266,0.4236,191,9,8,いいえ,vにゅーさん / えかちぇたん / 竜也エボリューション / 跛荒の鉄男大先生 / 巨大カンテツ
3,406,em-786d95001098,可憐な二条嬢,12,810,790,2,attribute_guard,0.2655,0.4792,197,3,8,いいえ,ウサウサ八幡 / 北間・クラリス嬢 / 可憐な二条嬢 / 百華百彩久連子 / モンさんミッシェル
3,407,em-9298dde558c4,超豹！ペパりんさん,30,2119,2545,2,delay,0.2655,0.3819,180,20,8,いいえ,vにゅーさん / 北間・クラリス嬢 / 超豹！ペパりんさん / 跛荒の鉄男大先生 / 財閥だ浅ちゃん！
3,408,em-e795d2bbe2f0,北政所ねね様,60,5623,4601,3,attribute_guard,0.2651,0.4167,193,7,8,いいえ,ハリウッドナナコ師匠 / vにゅーさん / 北政所ねね様 / ブハラ師匠 / 財閥だ浅ちゃん！
3,409,em-3738f743f200,復活！チワワんこ,8,1128,1269,3,heal,0.2646,0.4583,193,7,8,いいえ,うさ☆八幡さま / カルボ姉（ねえ） / 復活！チワワんこ / 三貴子ツクヨミ / 御嶽さん
3,410,em-6a28c73fe6b3,はーい竜馬,8,900,900,3,attack_buff,0.2645,0.4861,188,12,8,いいえ,うさ☆八幡さま / ノローニャ・パイセン / はーい竜馬 / ブハラ師匠 / 財閥だ浅ちゃん！
3,411,em-1acdee18dc58,生きろ！モア蔵,7,1540,240,3,guard,0.2639,0.4722,194,6,8,いいえ,ウサウサ八幡 / 北間・クラリス嬢 / 生きろ！モア蔵 / 跛荒の鉄男大先生 / 財閥だ浅ちゃん！
3,412,em-ae529aca2139,夜鳥の会会長,35,3408,4260,3,attribute_change,0.2633,0.4444,198,2,7,いいえ,ダリア・宮子・9 / vにゅーさん / 夜鳥の会会長 / 諏訪子成長期 / 御嶽さん
3,413,em-1dbd8ae5b939,国宝！白鷺嬢,12,1200,500,3,heal,0.2631,0.5069,195,5,8,いいえ,vにゅーさん / ノローニャ・パイセン / 国宝！白鷺嬢 / 跛荒の鉄男大先生 / 財閥だ浅ちゃん！
3,414,em-b83d457ef580,王国民ゴロウ,5,390,390,2,attack_buff,0.2625,0.4861,200,0,8,いいえ,橘の元祖☆みっちー / ノローニャ・パイセン / 王国民ゴロウ / ブハラ師匠 / 財閥だ浅ちゃん！
3,415,em-abc85163565c,コキリコ・QB,23,2817,2978,2,attribute_change,0.2623,0.4167,177,23,8,いいえ,vにゅーさん / 北間・クラリス嬢 / コキリコ・QB / 百華百彩久連子 / 財閥だ浅ちゃん！
3,416,em-54cb13a72721,不思議の海のモヅルン,60,6475,4941,3,attribute_guard,0.262,0.4028,197,3,8,いいえ,日本海女中 / vにゅーさん / 不思議の海のモヅルン / 跛荒の鉄男大先生 / シミ
3,417,em-8cdef0bc7893,戸隠ちび太夫,11,150,1200,3,attack_buff,0.2618,0.4931,199,1,8,いいえ,ウサウサ八幡 / トランシルヴァニア家族 / 戸隠ちび太夫 / みどりのたけしマン / 御嶽さん
3,418,em-db7ee0abcada,ＫＲ２ジョーの戦い,30,2385,4601,3,damage_reduction,0.2617,0.4583,189,11,8,いいえ,うさ☆八幡さま / 北間・クラリス嬢 / ＫＲ２ジョーの戦い / 跛荒の鉄男大先生 / 財閥だ浅ちゃん！
3,419,em-cf78c5cc3134,オタテカモ次郎,28,4186,3059,2,attribute_change,0.2617,0.4097,199,1,8,いいえ,橘の元祖☆みっちー / vにゅーさん / オタテカモ次郎 / 愛のぴよ子 / 財閥だ浅ちゃん！
3,420,em-1ec49f290f1e,ʌっぴーちゃん,8,1762,634,2,heal,0.2616,0.4444,194,6,8,いいえ,ハリウッドナナコ師匠 / vにゅーさん / ʌっぴーちゃん / 百華百彩久連子 / 碧海のオフタルもん
3,421,em-080293573ea5,ダヴィアさん,19,2567,1914,2,attack_buff,0.2616,0.4306,184,16,8,いいえ,ウサウサ八幡 / 脱力コンビあろま＆るる / ダヴィアさん / みどりのたけしマン / 眠里　不可緒
3,422,em-6c215846fcb0,アン・ごろう,16,1356,1189,2,attack_buff,0.2614,0.4583,170,30,8,いいえ,vにゅーさん / 北間・クラリス嬢 / アン・ごろう / 百華百彩久連子 / 財閥だ浅ちゃん！
3,423,em-84a7ce7d3a80,ゴロウ,4,310,302,2,attack_buff,0.2613,0.4861,194,6,8,いいえ,有砂小町 / ノローニャ・パイセン / ゴロウ / 三貴子ツクヨミ / 御嶽さん
3,424,em-419c23e0ec81,新生☆ＢＴ５!!,35,3287,3615,3,damage_reduction,0.2609,0.4444,194,6,8,いいえ,うさ☆八幡さま / 北間・クラリス嬢 / 新生☆ＢＴ５!! / 跛荒の鉄男大先生 / 財閥だ浅ちゃん！
3,425,em-b5fa3fe8e44e,ディープワン・ゴロウ,8,1214,1189,2,attack_buff,0.2608,0.4444,178,22,8,いいえ,ダリア・宮子・9 / 脱力コンビあろま＆るる / ディープワン・ゴロウ / 花火戦隊サイガーRe / ラパヌイ先生
3,426,em-42c90dd17240,GSPS！秀郷先生,34,3578,4601,2,attack_buff,0.2604,0.4167,200,0,8,いいえ,ダリア・宮子・9 / vにゅーさん / GSPS！秀郷先生 / 諏訪子成長期 / 八狗神伏姫様
3,427,em-e9a4c94598fc,深海人ゴロウ,6,500,480,2,attack_buff,0.2596,0.4792,200,0,8,いいえ,橘の元祖☆みっちー / ノローニャ・パイセン / 深海人ゴロウ / 諏訪子成長期 / 財閥だ浅ちゃん！
3,428,em-4ea698949c11,侵略成功!?イカ翁,20,1131,1272,2,revive,0.2595,0.4931,197,3,8,いいえ,ハリウッドナナコ師匠 / vにゅーさん / 侵略成功!?イカ翁 / 跛荒の鉄男大先生 / ヘラクレス先輩
3,429,em-5c824e4dff20,ほたるんるん,9,1000,1500,3,attribute_change,0.2591,0.4722,171,29,7,いいえ,うさ☆八幡さま / ノローニャ・パイセン / ほたるんるん / ブハラ師匠 / シミ
3,430,em-5f9efdc805e5,呼んでますトムさん,15,1269,1269,3,attribute_guard,0.2591,0.4514,188,12,8,いいえ,ダリア・宮子・9 / 脱力コンビあろま＆るる / 呼んでますトムさん / 百華百彩久連子 / 財閥だ浅ちゃん！
3,431,em-6df3fac7ad2e,ウナギーヌ社長,9,1833,775,2,heal,0.2584,0.4375,195,5,8,いいえ,ハリウッドナナコ師匠 / vにゅーさん / ウナギーヌ社長 / 百華百彩久連子 / 碧海のオフタルもん
3,432,em-1c72b25f9096,エッシュ＆エッジュ,10,800,800,3,skill_reduction,0.2583,0.4583,172,28,7,いいえ,うさ☆八幡さま / ノローニャ・パイセン / エッシュ＆エッジュ / ブハラ師匠 / シミ
3,433,em-f7f78d464e92,ウミウサーヌ,60,3408,4601,3,guard,0.2583,0.3958,196,4,8,いいえ,有砂小町 / vにゅーさん / ウミウサーヌ / 愛のぴよ子 / 財閥だ浅ちゃん！
3,434,em-0b273c3da2d3,ぴぐぺん＆びぐべん,12,700,900,2,attack_buff,0.258,0.4792,192,8,8,いいえ,うさ☆八幡さま / ノローニャ・パイセン / ぴぐぺん＆びぐべん / ブハラ師匠 / 財閥だ浅ちゃん！
3,435,em-ae8585ed525d,一服のうっぴー,46,6475,3408,3,heal,0.2578,0.4306,195,5,8,いいえ,日本海女中 / vにゅーさん / 一服のうっぴー / 諏訪子成長期 / ラパヌイ先生
3,436,em-c46238c7c677,ケラ,70,3067,7157,3,attack_buff,0.2578,0.4236,200,0,7,いいえ,有砂小町 / えかちぇたん / ケラ / 花火戦隊サイガーRe / シミ
3,437,em-b041a6f6cf00,テヅルモヅルン,37,5367,2147,3,attribute_guard,0.2578,0.4097,200,0,8,いいえ,ダリア・宮子・9 / vにゅーさん / テヅルモヅルン / 諏訪子成長期 / 御嶽さん
3,438,em-587d1ec0e30f,偉人さんトーマスん,14,1359,2038,2,attribute_change,0.2571,0.4444,172,28,8,いいえ,ウサウサ八幡 / コロちゃん / 偉人さんトーマスん / ブハラ師匠 / シミ
3,439,em-3e7f24f8564c,かずらさん,6,450,650,2,guard,0.2568,0.4514,193,7,8,いいえ,ウサウサ八幡 / 北間・クラリス嬢 / かずらさん / 跛荒の鉄男大先生 / 財閥だ浅ちゃん！
3,440,em-5088462f1ee9,日本一の桃たろす,45,4260,5964,2,attribute_change,0.2568,0.4097,193,7,8,いいえ,ダリア・宮子・9 / vにゅーさん / 日本一の桃たろす / みどりのたけしマン / 御嶽さん
3,441,em-804bc17d075c,雪壁の大谷,11,1500,300,2,damage_reduction,0.2567,0.4583,198,2,8,いいえ,ウサウサ八幡 / 北間・クラリス嬢 / 雪壁の大谷 / 跛荒の鉄男大先生 / 財閥だ浅ちゃん！
3,442,em-f9ca1348e6ed,斎王代「鵺」,48,6884,3748,3,attribute_change,0.2564,0.4236,190,10,8,いいえ,有砂小町 / えかちぇたん / 斎王代「鵺」 / 花火戦隊サイガーRe / モンさんミッシェル
3,443,em-26ea85de7340,のり男先輩,7,534,446,3,attribute_guard,0.2563,0.4722,198,2,8,いいえ,ウサウサ八幡 / 北間・クラリス嬢 / のり男先輩 / 百華百彩久連子 / 財閥だ浅ちゃん！
3,444,em-4d4bf14cc827,いはと先輩,15,1000,1400,3,delay,0.2561,0.3958,190,10,8,いいえ,ジョンは時を知らない / ノローニャ・パイセン / いはと先輩 / ブハラ師匠 / ラパヌイ先生
3,445,em-e07aaef6bd6e,三重子ちゃん,8,603,602,3,attribute_change,0.2555,0.5,180,20,8,いいえ,なっとくん様 / ノローニャ・パイセン / 三重子ちゃん / ブハラ師匠 / シミ
3,446,em-f3d5bcd42444,あっぴー先輩,6,1000,400,2,heal,0.2554,0.4583,191,9,8,いいえ,うさ☆八幡さま / カルボ姉（ねえ） / あっぴー先輩 / 三貴子ツクヨミ / 御嶽さん
3,447,em-b16382731bd5,華燭なカネヒラさん,60,5793,4771,2,attribute_change,0.2552,0.3889,200,0,8,いいえ,ダリア・宮子・9 / vにゅーさん / 華燭なカネヒラさん / ????? / 御嶽さん
3,448,em-357d76cd5b69,のり男さん,5,424,356,3,attribute_guard,0.255,0.4722,196,4,8,いいえ,ウサウサ八幡 / 北間・クラリス嬢 / のり男さん / 百華百彩久連子 / 財閥だ浅ちゃん！
3,449,em-5a100f5215c1,オリバーTHEトイ,6,300,600,3,attack_buff,0.2547,0.4792,200,0,8,いいえ,橘の元祖☆みっちー / ノローニャ・パイセン / オリバーTHEトイ / 諏訪子成長期 / 財閥だ浅ちゃん！
3,450,em-69c72b6c10d2,紳士なトーマスん,12,765,835,3,attribute_change,0.2545,0.4931,190,10,7,いいえ,哀哭のオオウミガラス / 北間・クララさん / 紳士なトーマスん / 百華百彩久連子 / 財閥だ浅ちゃん！
3,451,em-091b1c77c643,戸隠ちび蔵,6,150,950,3,attack_buff,0.2545,0.4792,200,0,8,いいえ,橘の元祖☆みっちー / ノローニャ・パイセン / 戸隠ちび蔵 / 諏訪子成長期 / 財閥だ浅ちゃん！
3,452,em-8d9e942117e5,ウナギーヌ課長,6,1000,450,2,heal,0.2544,0.4514,191,9,8,いいえ,うさ☆八幡さま / カルボ姉（ねえ） / ウナギーヌ課長 / 三貴子ツクヨミ / 御嶽さん
3,453,em-9f9bdf00a915,ハンドフィッシュさん,27,1635,2862,3,damage_reduction,0.2544,0.4306,196,4,8,いいえ,ダリア・宮子・9 / 脱力コンビあろま＆るる / ハンドフィッシュさん / 跛荒の鉄男大先生 / 財閥だ浅ちゃん！
3,454,em-e44c80aa58d3,二条嬢,8,620,600,2,attribute_guard,0.2543,0.4583,195,5,8,いいえ,ウサウサ八幡 / 北間・クラリス嬢 / 二条嬢 / 跛荒の鉄男大先生 / 財閥だ浅ちゃん！
3,455,em-065f680177c4,ﾍﾟﾀももたろす,17,3059,3059,2,attribute_change,0.2542,0.4236,174,26,8,いいえ,うさ☆八幡さま / 脱力コンビあろま＆るる / ﾍﾟﾀももたろす / ブハラ師匠 / シミ
3,456,em-e6c115665fbd,上宮之太子さま,15,1300,1150,2,heal,0.2541,0.4722,198,2,8,いいえ,vにゅーさん / ノローニャ・パイセン / 上宮之太子さま / 跛荒の鉄男大先生 / 財閥だ浅ちゃん！
3,457,em-554c0093231a,おあげさん,7,505,495,3,attack_buff,0.2538,0.4722,197,3,8,いいえ,有砂小町 / ノローニャ・パイセン / おあげさん / 三貴子ツクヨミ / 御嶽さん
3,458,em-a94a52532d71,あまのちゃん先輩,20,1200,500,3,multi_hit_attack,0.2537,0.4444,188,12,8,いいえ,うさ☆八幡さま / 北間・クラリス嬢 / あまのちゃん先輩 / みどりのたけしマン / 碧海のオフタルもん
3,459,em-c6a3687dad8c,ウナギーヌさん,5,900,350,2,heal,0.2536,0.4583,190,10,8,いいえ,うさ☆八幡さま / カルボ姉（ねえ） / ウナギーヌさん / 三貴子ツクヨミ / 御嶽さん
3,460,em-7c7befcdeb38,メル子大先生,16,1773,1934,2,attack_buff,0.2536,0.4375,198,2,8,いいえ,ダリア・宮子・9 / vにゅーさん / メル子大先生 / 跛荒の鉄男大先生 / 財閥だ浅ちゃん！
3,461,em-c70398ce7406,讃岐・S.K.O.T神,9,2106,493,3,heal,0.2533,0.4444,195,5,8,いいえ,ハリウッドナナコ師匠 / vにゅーさん / 讃岐・S.K.O.T神 / 百華百彩久連子 / 碧海のオフタルもん
3,462,em-d46e72def2a2,いつくしーみん,8,380,840,2,attack_buff,0.2532,0.4792,186,14,8,いいえ,哀哭のオオウミガラス / 北間・クラリス嬢 / いつくしーみん / 百華百彩久連子 / 財閥だ浅ちゃん！
3,463,em-737815742386,タオるんさん先輩,12,800,1000,3,attribute_guard,0.253,0.4722,199,1,8,いいえ,ウサウサ八幡 / 北間・クラリス嬢 / タオるんさん先輩 / 跛荒の鉄男大先生 / 財閥だ浅ちゃん！
3,464,em-377a00f7a666,のり男,4,334,278,3,attribute_guard,0.2525,0.4722,195,5,8,いいえ,ウサウサ八幡 / 北間・クラリス嬢 / のり男 / 百華百彩久連子 / 財閥だ浅ちゃん！
3,465,em-fe5ed60fbf2d,強いぞさいごー丼,9,930,574,3,attribute_guard,0.2525,0.4722,200,0,8,いいえ,ウサウサ八幡 / 北間・クラリス嬢 / 強いぞさいごー丼 / 百華百彩久連子 / 財閥だ浅ちゃん！
3,466,em-950c6a19b78f,竹輪総理,6,250,1100,3,attack_buff,0.2524,0.4583,200,0,8,いいえ,ウサウサ八幡 / 北間・クラリス嬢 / 竹輪総理 / 跛荒の鉄男大先生 / ラパヌイ先生
3,467,em-f14c0a7296cf,コーベリアル伯爵,7,500,480,2,attribute_guard,0.2523,0.4514,194,6,8,いいえ,ウサウサ八幡 / 北間・クラリス嬢 / コーベリアル伯爵 / 跛荒の鉄男大先生 / 財閥だ浅ちゃん！
3,468,em-8646cdffe6eb,ブーナッドさん,12,1700,300,3,heal,0.2521,0.4792,199,1,8,いいえ,オルカアタッカー虎子 / ノローニャ・パイセン / ブーナッドさん / ブハラ師匠 / 八狗神伏姫様
3,469,em-15545bc62fe7,幽霊烏賊図,60,3408,4260,3,revive,0.2521,0.4514,196,4,8,いいえ,有砂小町 / vにゅーさん / 幽霊烏賊図 / 愛のぴよ子 / 財閥だ浅ちゃん！
3,470,em-5558b35b9413,フゥーま＆ヴォたん,14,800,800,3,guard,0.2519,0.4583,183,17,8,いいえ,ダリア・宮子・9 / 脱力コンビあろま＆るる / フゥーま＆ヴォたん / 跛荒の鉄男大先生 / 財閥だ浅ちゃん！
3,471,em-c6785d8f86c3,中央アルプスの犬,9,600,400,2,damage_reduction,0.2517,0.4722,184,16,8,いいえ,ジョンは時を知らない / ノローニャ・パイセン / 中央アルプスの犬 / ブハラ師匠 / ラパヌイ先生
3,472,em-a91eca479689,嗚呼ヴァサクサ君,10,1880,374,2,skill_reduction,0.2514,0.4375,192,8,8,いいえ,ダリア・宮子・9 / vにゅーさん / 嗚呼ヴァサクサ君 / 跛荒の鉄男大先生 / 財閥だ浅ちゃん！
3,473,em-31f11b9a8df8,ももとふFREEダム,40,3408,4260,3,heal,0.2514,0.4306,181,19,8,いいえ,vにゅーさん / ノローニャ・パイセン / ももとふFREEダム / ????? / 御嶽さん
3,474,em-acc7e76f32c6,満開☆チゥりっぷちゃん,20,563,2957,2,attribute_change,0.2511,0.4306,174,26,8,いいえ,vにゅーさん / 北間・クラリス嬢 / 満開☆チゥりっぷちゃん / 百華百彩久連子 / 財閥だ浅ちゃん！
3,475,em-87a6c85241fe,蝶々ペッパーくん,30,1482,1781,2,delay,0.251,0.3889,176,24,8,いいえ,ウサウサ八幡 / 脱力コンビあろま＆るる / 蝶々ペッパーくん / ＢＥＷ雪玉 / 速いぞサラマンダー！
3,476,em-c749ad6eefee,トーテムゆ～る,16,1413,1201,3,delay,0.2506,0.4097,198,2,8,いいえ,ハリウッドナナコ師匠 / vにゅーさん / トーテムゆ～る / 跛荒の鉄男大先生 / 碧海のオフタルもん
3,477,em-e900d5955acf,凄いぞさいごー丼,13,1050,650,3,attribute_guard,0.2504,0.4722,200,0,8,いいえ,ウサウサ八幡 / 北間・クラリス嬢 / 凄いぞさいごー丼 / 跛荒の鉄男大先生 / 財閥だ浅ちゃん！
3,478,em-428a2893945d,雪愛ちゃん,8,590,630,3,attribute_change,0.2503,0.4861,180,20,8,いいえ,なっとくん様 / ノローニャ・パイセン / 雪愛ちゃん / ブハラ師匠 / シミ
3,479,em-794f6427298a,さいごー丼,8,830,476,3,attribute_guard,0.2501,0.4722,199,1,8,いいえ,ウサウサ八幡 / 北間・クラリス嬢 / さいごー丼 / 百華百彩久連子 / 財閥だ浅ちゃん！
3,480,em-75c1af17d152,浴衣美人な日女路嬢,38,5623,3748,3,heal,0.2501,0.4167,169,31,8,いいえ,ウサウサ八幡 / コロちゃん / 浴衣美人な日女路嬢 / 得琉田浜蔵 / シミ
3,481,em-4fddbba71de4,大熊びぐべん,9,600,700,2,attack_buff,0.2496,0.4653,187,13,8,いいえ,哀哭のオオウミガラス / 北間・クラリス嬢 / 大熊びぐべん / 百華百彩久連子 / 財閥だ浅ちゃん！
3,482,em-492dd4b96b0e,中央アルプスの少年,12,800,600,2,damage_reduction,0.2491,0.4583,199,1,8,いいえ,ウサウサ八幡 / 北間・クラリス嬢 / 中央アルプスの少年 / 跛荒の鉄男大先生 / 財閥だ浅ちゃん！
3,483,em-ed707603ab87,荒ぶる水島神人,15,1200,600,3,guard,0.2491,0.4444,184,16,8,いいえ,ダリア・宮子・9 / 脱力コンビあろま＆るる / 荒ぶる水島神人 / 跛荒の鉄男大先生 / 財閥だ浅ちゃん！
3,484,em-5c4a86842734,芹沢殿,10,703,698,3,guard,0.2487,0.4444,197,3,8,いいえ,ウサウサ八幡 / 北間・クラリス嬢 / 芹沢殿 / 跛荒の鉄男大先生 / 財閥だ浅ちゃん！
3,485,em-3229594a4a2c,おあげちゃん,5,315,305,3,attack_buff,0.248,0.4861,200,0,8,いいえ,橘の元祖☆みっちー / ノローニャ・パイセン / おあげちゃん / ブハラ師匠 / 財閥だ浅ちゃん！
3,486,em-99ad2fb4f1bc,いはとくん,8,580,640,3,delay,0.248,0.4375,170,30,8,いいえ,うさ☆八幡さま / ノローニャ・パイセン / いはとくん / ブハラ師匠 / シミ
3,487,em-1cb67f0b7d2d,スノーな大谷,9,1100,200,2,damage_reduction,0.2474,0.4583,184,16,8,いいえ,ジョンは時を知らない / ノローニャ・パイセン / スノーな大谷 / ブハラ師匠 / ラパヌイ先生
3,488,em-bffb26ad3975,アイヌ☆らっくるん,60,2896,6645,2,attack_buff,0.2472,0.4028,187,13,8,いいえ,vにゅーさん / カルボ姉（ねえ） / アイヌ☆らっくるん / 諏訪子成長期 / シミ
3,489,em-f8e6761b2883,青龍,36,1704,6816,3,attack_buff,0.2471,0.4028,178,22,8,いいえ,有砂小町 / ノローニャ・パイセン / 青龍 / ブハラ師匠 / シミ
3,490,em-7c5fdd7af70d,覚醒むりょく,6,198,89,3,multi_hit_attack,0.2466,0.4931,200,0,8,いいえ,ウサウサ八幡 / 北間・クラリス嬢 / 覚醒むりょく / 跛荒の鉄男大先生 / ラパヌイ先生
3,491,em-9ffce070b31f,レモなんとかさん,40,5793,2215,3,revive,0.2466,0.4375,184,16,8,いいえ,vにゅーさん / ノローニャ・パイセン / レモなんとかさん / 得琉田浜蔵 / 財閥だ浅ちゃん！
3,492,em-fd2a055eb394,コニー＆ギャリー,10,500,500,3,damage_reduction,0.2461,0.4792,197,3,8,いいえ,ウサウサ八幡 / 北間・クラリス嬢 / コニー＆ギャリー / 跛荒の鉄男大先生 / 財閥だ浅ちゃん！
3,493,em-fb5bfa8a3429,ひろしマン,4,300,300,3,heal,0.2454,0.4792,185,15,8,いいえ,ダリア・宮子・9 / ノローニャ・パイセン / ひろしマン / 跛荒の鉄男大先生 / ラパヌイ先生
3,494,em-47063c22130f,わんこースそば,4,300,400,3,heal,0.2446,0.4653,185,15,8,いいえ,ダリア・宮子・9 / ノローニャ・パイセン / わんこースそば / 跛荒の鉄男大先生 / ラパヌイ先生
3,495,em-4dec28ac375f,いやひこさん,13,800,500,3,delay,0.2442,0.4583,191,9,7,いいえ,哀哭のオオウミガラス / 北間・クララさん / いやひこさん / 百華百彩久連子 / 財閥だ浅ちゃん！
3,496,em-b0564825039b,わんこールそば,3,200,300,3,heal,0.2441,0.4722,195,5,8,いいえ,ウサウサ八幡 / カルボ姉（ねえ） / わんこールそば / 跛荒の鉄男大先生 / 八狗神伏姫様
3,497,em-c4c0bb3e4292,あっぴーちゃん,3,600,300,3,heal,0.2437,0.4583,195,5,8,いいえ,ウサウサ八幡 / カルボ姉（ねえ） / あっぴーちゃん / 跛荒の鉄男大先生 / 八狗神伏姫様
3,498,em-8060e6a7ab61,戸隠ちび丸,4,150,700,3,attack_buff,0.2432,0.4583,194,6,8,いいえ,有砂小町 / ノローニャ・パイセン / 戸隠ちび丸 / 三貴子ツクヨミ / 御嶽さん
3,499,em-e3dd4898ff56,ﾃﾗももたろす,15,1600,1600,3,attribute_change,0.2431,0.4583,173,27,8,いいえ,ウサウサ八幡 / コロちゃん / ﾃﾗももたろす / ブハラ師匠 / シミ
3,500,em-cdfbe8acd59f,はんばー先輩,24,4444,563,2,revive,0.2429,0.4167,170,30,8,いいえ,ウサウサ八幡 / 脱力コンビあろま＆るる / はんばー先輩 / ＢＥＷ雪玉 / 速いぞサラマンダー！
3,501,em-85dad7ff7aa2,ディヤの魔人,18,2385,1704,2,heal,0.2427,0.4028,198,2,8,いいえ,有砂小町 / vにゅーさん / ディヤの魔人 / 跛荒の鉄男大先生 / 財閥だ浅ちゃん！
3,502,em-a71cd0e28586,ねぶるーさん,14,770,830,2,attack_buff,0.2417,0.4722,194,6,8,いいえ,うさ☆八幡さま / ノローニャ・パイセン / ねぶるーさん / ブハラ師匠 / 財閥だ浅ちゃん！
3,503,em-d3961c13041f,光るぜ！よりりん,15,1200,1200,3,attribute_change,0.2415,0.4514,173,27,7,いいえ,ウサウサ八幡 / コロちゃん / 光るぜ！よりりん / ブハラ師匠 / シミ
3,504,em-4805525cb8a4,ｴﾝｾﾞﾘｯｸ☆エンゼル,60,6816,4771,3,heal,0.2415,0.375,190,10,8,いいえ,コメツキ / ノローニャ・パイセン / ｴﾝｾﾞﾘｯｸ☆エンゼル / 得琉田浜蔵 / シミ
3,505,em-6e1b672bdbe8,いやひこにゃん,18,2718,1057,3,delay,0.2412,0.3889,200,0,8,いいえ,ダリア・宮子・9 / vにゅーさん / いやひこにゃん / 跛荒の鉄男大先生 / 財閥だ浅ちゃん！
3,506,em-59fa5fa098ba,繭神！おかいこさま,32,5027,1704,3,attribute_change,0.2409,0.4097,195,5,7,いいえ,ダリア・宮子・9 / vにゅーさん / 繭神！おかいこさま / 諏訪子成長期 / 御嶽さん
3,507,em-dc5f853080a2,ねぶるー,12,590,630,2,attack_buff,0.2407,0.4722,199,1,8,いいえ,コメツキ / えかちぇたん / ねぶるー / 三貴子ツクヨミ / 御嶽さん
3,508,em-09c253fd0a61,オリバーTHEドッグ,5,200,500,3,attack_buff,0.2407,0.4653,199,1,8,いいえ,ウサウサ八幡 / 北間・クラリス嬢 / オリバーTHEドッグ / 跛荒の鉄男大先生 / ラパヌイ先生
3,509,em-f2d052955a43,大正義・フクちゃん,7,1128,1269,2,attribute_change,0.2407,0.4167,184,16,8,いいえ,ダリア・宮子・9 / トランシルヴァニア家族 / 大正義・フクちゃん / 花火戦隊サイガーRe / ラパヌイ先生
3,510,em-70861f8a23e9,ウナギーヌくん,3,800,200,2,heal,0.2404,0.4375,195,5,8,いいえ,ウサウサ八幡 / カルボ姉（ねえ） / ウナギーヌくん / 跛荒の鉄男大先生 / 八狗神伏姫様
3,511,em-e2135a9d657f,ねぶるータスお前もか,18,2173,2656,2,attack_buff,0.2403,0.4167,190,10,8,いいえ,うさ☆八幡さま / 脱力コンビあろま＆るる / ねぶるータスお前もか / ブハラ師匠 / 八狗神伏姫様
3,512,em-10adad665687,コマンドー下仁田,13,597,614,3,guard,0.2394,0.4583,182,18,8,いいえ,ダリア・宮子・9 / 脱力コンビあろま＆るる / コマンドー下仁田 / 跛荒の鉄男大先生 / 財閥だ浅ちゃん！
3,513,em-b34467071fa2,蓮三郎,6,500,450,3,skill_reduction,0.2393,0.4514,168,32,8,いいえ,うさ☆八幡さま / ノローニャ・パイセン / 蓮三郎 / ブハラ師匠 / シミ
3,514,em-6d0b27bbd976,なっとくんおじさん,7,496,484,2,skill_reduction,0.2391,0.4514,169,31,8,いいえ,うさ☆八幡さま / ノローニャ・パイセン / なっとくんおじさん / ブハラ師匠 / シミ
3,515,em-f3be7c12380c,魔女ランダ,44,3067,5623,2,attribute_change,0.2382,0.3958,194,6,7,いいえ,vにゅーさん / 北間・クラリス嬢 / 魔女ランダ / 跛荒の鉄男大先生 / 財閥だ浅ちゃん！
3,516,em-c47afb60b613,三重子先輩,10,800,800,2,attribute_change,0.2375,0.4653,172,28,7,いいえ,うさ☆八幡さま / ノローニャ・パイセン / 三重子先輩 / ブハラ師匠 / シミ
3,517,em-dff6ba115611,トゥーさん,44,3067,3067,3,revive,0.2374,0.4375,175,25,8,いいえ,ウサウサ八幡 / コロちゃん / トゥーさん / 得琉田浜蔵 / シミ
3,518,em-873c09a938ac,蓮太郎,4,310,302,3,skill_reduction,0.2372,0.4583,166,34,8,いいえ,うさ☆八幡さま / ノローニャ・パイセン / 蓮太郎 / ブハラ師匠 / シミ
3,519,em-a37b305548ef,なっとくんさん,5,400,400,2,skill_reduction,0.2372,0.4514,167,33,8,いいえ,うさ☆八幡さま / ノローニャ・パイセン / なっとくんさん / ブハラ師匠 / シミ
3,520,em-3307021ed6b3,なっとくん,4,286,311,3,skill_reduction,0.237,0.4583,166,34,8,いいえ,うさ☆八幡さま / ノローニャ・パイセン / なっとくん / ブハラ師匠 / シミ
3,521,em-6eed78e1fe62,リア充の権化安倍晴明,100,6782,6271,3,heal,0.2364,0.3542,198,2,8,いいえ,ダリア・宮子・9 / ペーチパイセン / リア充の権化安倍晴明 / ????? / 御嶽さん
3,522,em-24679a7881f4,三重子さん,9,704,700,2,attribute_change,0.2361,0.4653,171,29,7,いいえ,うさ☆八幡さま / ノローニャ・パイセン / 三重子さん / ブハラ師匠 / シミ
3,523,em-a2d0308a3d38,蓮次郎,5,400,380,3,skill_reduction,0.2361,0.4514,167,33,8,いいえ,うさ☆八幡さま / ノローニャ・パイセン / 蓮次郎 / ブハラ師匠 / シミ
3,524,em-8c598f1908e7,ももとふちゃん,8,800,1000,3,heal,0.2361,0.4444,193,7,8,いいえ,うさ☆八幡さま / カルボ姉（ねえ） / ももとふちゃん / 三貴子ツクヨミ / 御嶽さん
3,525,em-86b9ae60356a,ブーナッドさま,14,2100,400,2,heal,0.236,0.4306,200,0,8,いいえ,ハリウッドナナコ師匠 / vにゅーさん / ブーナッドさま / 百華百彩久連子 / 碧海のオフタルもん
3,526,em-615e4701fc7f,華麗！いつくしーみん,12,660,1040,2,attack_buff,0.2356,0.4514,192,8,8,いいえ,うさ☆八幡さま / ノローニャ・パイセン / 華麗！いつくしーみん / ブハラ師匠 / 財閥だ浅ちゃん！
3,527,em-900c465878ea,たたらん先生,12,800,600,3,attack_buff,0.2355,0.4444,193,7,8,いいえ,哀哭のオオウミガラス / 北間・クラリス嬢 / たたらん先生 / 討ち入り☆花子 / 財閥だ浅ちゃん！
3,528,em-860d0191c03c,太子くん,8,650,590,2,heal,0.2354,0.4514,193,7,8,いいえ,うさ☆八幡さま / カルボ姉（ねえ） / 太子くん / 三貴子ツクヨミ / 御嶽さん
3,529,em-199bdad6398b,なるティス,12,1000,900,3,attack_buff,0.2353,0.4375,199,1,8,いいえ,コメツキ / えかちぇたん / なるティス / 三貴子ツクヨミ / 御嶽さん
3,530,em-7b2daf42204c,モモトじゃねーの?,14,1400,1600,3,heal,0.235,0.4306,200,0,8,いいえ,ハリウッドナナコ師匠 / vにゅーさん / モモトじゃねーの? / 百華百彩久連子 / 碧海のオフタルもん
3,531,em-20df4bd7efaf,白鷺嬢,8,800,420,3,heal,0.2347,0.4583,193,7,8,いいえ,うさ☆八幡さま / カルボ姉（ねえ） / 白鷺嬢 / 三貴子ツクヨミ / 御嶽さん
3,532,em-5b3eb6a3a507,なるリッシュ,20,1812,1510,2,attack_buff,0.2346,0.3889,186,14,8,いいえ,有砂小町 / vにゅーさん / なるリッシュ / 百華百彩久連子 / シミ
3,533,em-8a7e4284ba4a,あっぴーさん,5,800,350,3,heal,0.2344,0.4444,190,10,8,いいえ,うさ☆八幡さま / カルボ姉（ねえ） / あっぴーさん / 三貴子ツクヨミ / 御嶽さん
3,534,em-bbcbbb9fef0a,こっちの大谷,6,1000,100,3,damage_reduction,0.234,0.4514,193,7,8,いいえ,ウサウサ八幡 / 北間・クラリス嬢 / こっちの大谷 / 跛荒の鉄男大先生 / 財閥だ浅ちゃん！
3,535,em-e63df2359896,世界遺産な白鷺嬢,15,2100,600,3,heal,0.233,0.4375,188,12,8,いいえ,四悪妖・鵺 / コロちゃん / 世界遺産な白鷺嬢 / ブハラ師匠 / 八狗神伏姫様
3,536,em-2080ae65b62a,モヅルン,37,3771,1908,3,attribute_guard,0.233,0.4097,196,4,8,いいえ,うさ☆八幡さま / 北間・クラリス嬢 / モヅルン / 跛荒の鉄男大先生 / 財閥だ浅ちゃん！
3,537,em-2d076c59c4b7,わんこーラスそば,6,600,700,3,heal,0.2329,0.4306,191,9,8,いいえ,うさ☆八幡さま / カルボ姉（ねえ） / わんこーラスそば / 三貴子ツクヨミ / 御嶽さん
3,538,em-e718c5b250d7,彩れくたにん,9,600,700,2,attribute_change,0.232,0.4444,171,29,7,いいえ,うさ☆八幡さま / ノローニャ・パイセン / 彩れくたにん / ブハラ師匠 / シミ
3,539,em-1fcf0af60c7a,老舗の牛タソ,14,1000,150,3,guard,0.2316,0.4306,188,12,8,いいえ,橘の元祖☆みっちー / 北間・クラリス嬢 / 老舗の牛タソ / 跛荒の鉄男大先生 / 財閥だ浅ちゃん！
3,540,em-98054d952da8,ニート達の日常。,21,2968,296,3,delay,0.2307,0.4236,192,8,8,いいえ,ジョンは時を知らない / ノローニャ・パイセン / ニート達の日常。 / ラパヌイ先生 / 八狗神伏姫様
3,541,em-b08be1a4ca3f,中央アルプスの少女,6,500,300,3,damage_reduction,0.2301,0.4514,193,7,8,いいえ,ウサウサ八幡 / 北間・クラリス嬢 / 中央アルプスの少女 / 跛荒の鉄男大先生 / 財閥だ浅ちゃん！
3,542,em-c33cc8cd4298,ほたるんるんるん,12,1100,1600,2,attribute_change,0.229,0.4167,170,30,7,いいえ,ウサウサ八幡 / コロちゃん / ほたるんるんるん / ブハラ師匠 / シミ
3,543,em-96ed71805a40,白鷺日女路嬢,21,4830,1255,3,heal,0.2286,0.3958,184,16,8,いいえ,ダリア・宮子・9 / 脱力コンビあろま＆るる / 白鷺日女路嬢 / 花火戦隊サイガーRe / 財閥だ浅ちゃん！
3,544,em-4b8003f0f990,メル子さま,12,800,800,3,attack_buff,0.2283,0.4444,193,7,8,いいえ,哀哭のオオウミガラス / 北間・クラリス嬢 / メル子さま / 討ち入り☆花子 / 財閥だ浅ちゃん！
3,545,em-cf71633a3be4,真・やよいチゥりっぷ,12,1500,300,3,attribute_change,0.2282,0.4375,194,6,8,いいえ,ダリア・宮子・9 / vにゅーさん / 真・やよいチゥりっぷ / 跛荒の鉄男大先生 / 財閥だ浅ちゃん！
3,546,em-5d34df1253d1,氷点下のレーカさん,40,2044,2556,3,revive,0.2281,0.4306,190,10,8,いいえ,vにゅーさん / 北間・クラリス嬢 / 氷点下のレーカさん / 跛荒の鉄男大先生 / 財閥だ浅ちゃん！
3,547,em-be212cb2b1d8,いはとさん,12,760,840,3,delay,0.228,0.3889,189,11,7,いいえ,ダリア・宮子・9 / トランシルヴァニア家族 / いはとさん / 花火戦隊サイガーRe / ラパヌイ先生
3,548,em-81078d011501,年齢不詳！エンゼル様,22,2215,3237,3,heal,0.2269,0.3819,181,19,8,いいえ,vにゅーさん / えかちぇたん / 年齢不詳！エンゼル様 / 諏訪子成長期 / ラパヌイ先生
3,549,em-9d511711422e,禍殃☆ももとふ姫,17,2737,3059,3,heal,0.2267,0.3819,183,17,8,いいえ,vにゅーさん / えかちぇたん / 禍殃☆ももとふ姫 / 花火戦隊サイガーRe / ラパヌイ先生
3,550,em-4e0f06589604,新・やよいチゥりっぷ,9,1100,200,3,attribute_change,0.2265,0.4375,171,29,7,いいえ,うさ☆八幡さま / ノローニャ・パイセン / 新・やよいチゥりっぷ / ブハラ師匠 / シミ
3,551,em-efebd27cd58d,新・ひろしマン,7,600,600,3,heal,0.2261,0.4375,192,8,8,いいえ,うさ☆八幡さま / カルボ姉（ねえ） / 新・ひろしマン / 三貴子ツクヨミ / 御嶽さん
3,552,em-039828fc85d9,ひろしマン・改,6,400,400,3,heal,0.2253,0.4444,191,9,8,いいえ,うさ☆八幡さま / カルボ姉（ねえ） / ひろしマン・改 / 三貴子ツクヨミ / 御嶽さん
3,553,em-643d05a15e4e,エビユルゲ大佐,5,520,460,2,attribute_change,0.2248,0.4375,196,4,8,いいえ,vにゅーさん / 北間・クラリス嬢 / エビユルゲ大佐 / 百華百彩久連子 / 碧海のオフタルもん
3,554,em-b54c325797a5,フク先生,6,600,700,3,attribute_change,0.2243,0.4306,198,2,8,いいえ,vにゅーさん / 雪の美女と魔獣 / フク先生 / 跛荒の鉄男大先生 / 財閥だ浅ちゃん！
3,555,em-05de078a2e7c,幼妻！エンゼルちゃん,22,1993,2913,3,heal,0.2182,0.375,181,19,8,いいえ,vにゅーさん / えかちぇたん / 幼妻！エンゼルちゃん / 諏訪子成長期 / ラパヌイ先生
3,556,em-5275d879d803,ｻｲｯｺくたにん,12,800,1000,2,attribute_change,0.2177,0.4097,189,11,7,いいえ,ダリア・宮子・9 / トランシルヴァニア家族 / ｻｲｯｺくたにん / 花火戦隊サイガーRe / ラパヌイ先生
3,557,em-dac0a350706a,くたにん,6,500,600,3,attribute_change,0.2173,0.4236,198,2,8,いいえ,vにゅーさん / 雪の美女と魔獣 / くたにん / 跛荒の鉄男大先生 / 財閥だ浅ちゃん！
3,558,em-d05fca3e00df,ほたるん,6,700,1000,3,attribute_change,0.2169,0.4097,191,9,8,いいえ,哀哭のオオウミガラス / 北間・クラリス嬢 / ほたるん / 百華百彩久連子 / 降臨☆三原色ばうあー
3,559,em-11e2e69b2674,フクさん,5,400,500,3,attribute_change,0.2157,0.4236,197,3,8,いいえ,vにゅーさん / 雪の美女と魔獣 / フクさん / 跛荒の鉄男大先生 / 財閥だ浅ちゃん！
3,560,em-942c8f8de44d,エンゼルちゃん,22,1772,2590,3,heal,0.2149,0.375,199,1,8,いいえ,ハリウッドナナコ師匠 / vにゅーさん / エンゼルちゃん / 跛荒の鉄男大先生 / ヘラクレス先輩
3,561,em-050f0ee87c24,妖精雪愛さん,12,770,830,2,attribute_change,0.2137,0.4236,170,30,7,いいえ,ウサウサ八幡 / コロちゃん / 妖精雪愛さん / ブハラ師匠 / シミ
3,562,em-cecb4ccbb927,蝶々胡椒鯛くん,30,847,1018,2,delay,0.2115,0.375,195,5,7,いいえ,ダリア・宮子・9 / えかちぇたん / 蝶々胡椒鯛くん / みどりのたけしマン / 碧海のオフタルもん
3,563,em-d80a2b82ab9f,ブーナッドちゃん,8,1200,200,3,heal,0.2111,0.4167,194,6,8,いいえ,ハリウッドナナコ師匠 / vにゅーさん / ブーナッドちゃん / 百華百彩久連子 / 碧海のオフタルもん
3,564,em-7e127d8718a5,魔人エビユルゲ,4,410,370,3,attribute_change,0.2073,0.4167,195,5,8,いいえ,vにゅーさん / 北間・クラリス嬢 / 魔人エビユルゲ / 百華百彩久連子 / 碧海のオフタルもん
3,565,em-d8af1ee7968e,ザ★女王の世界,42,1936,2006,3,attack_buff,0.2055,0.375,198,2,8,いいえ,うさ☆八幡さま / vにゅーさん / ザ★女王の世界 / 愛のぴよ子 / 財閥だ浅ちゃん！
3,566,em-0277eca3d9cf,ゆる神の像＆ピヨか？,60,426,511,3,guard,0.1928,0.4097,192,8,8,いいえ,ジョンは時を知らない / カルボ姉（ねえ） / ゆる神の像＆ピヨか？ / 跛荒の鉄男大先生 / まそお姉ちゃん
3,567,em-c912b76e4dda,妖怪雪愛さま,15,950,1350,2,attribute_change,0.1871,0.3611,165,35,8,いいえ,vにゅーさん / 北間・クラリス嬢 / 妖怪雪愛さま / 跛荒の鉄男大先生 / 財閥だ浅ちゃん！
3,568,em-01325fd9f459,いやひこさま,16,1200,600,3,delay,0.1863,0.3542,186,14,7,いいえ,ダリア・宮子・9 / 脱力コンビあろま＆るる / いやひこさま / 花火戦隊サイガーRe / ラパヌイ先生
4,1,em-73250febc8f5,財閥だ浅ちゃん！,38,2556,7327,4,multi_hit_attack,0.509,0.5486,185,15,8,いいえ,vにゅーさん / ノローニャ・パイセン / 夜光虫ほたるん / 財閥だ浅ちゃん！ / バビるわバビル君。
4,2,em-824a4dbb010c,守護天狗くまのたん,41,1874,7668,3,aoe_attack,0.5016,0.5139,197,3,8,いいえ,うさ☆八幡さま / vにゅーさん / 愛のぴよ子 / 守護天狗くまのたん / 財閥だ浅ちゃん！
4,3,em-8522b1e6c291,百華百彩久連子,55,5282,5282,3,multi_hit_attack,0.4896,0.4931,183,17,7,いいえ,vにゅーさん / ノローニャ・パイセン / 夜光虫ほたるん / 百華百彩久連子 / シミ
4,4,em-cea68c425163,跛荒の鉄男大先生,51,4686,6625,3,multi_hit_attack,0.4836,0.4583,179,21,7,いいえ,vにゅーさん / ノローニャ・パイセン / 夜光虫ほたるん / 跛荒の鉄男大先生 / シミ
4,5,em-4d9586371e6c,鞭・打つ子さん,38,4106,4106,3,multi_hit_attack,0.4816,0.5139,182,18,8,いいえ,ダリア・宮子・9 / ノローニャ・パイセン / 夜光虫ほたるん / 鞭・打つ子さん / ラパヌイ先生
4,6,em-490ce6c4d005,ア、ショーカ大王,45,3067,4601,3,multi_hit_attack,0.4791,0.4861,196,4,8,いいえ,有砂小町 / vにゅーさん / トランシルヴァニア家族 / ア、ショーカ大王 / 巨大カンテツ
4,7,em-7747ea5c5a73,諏訪子成長期,38,3067,5623,3,multi_hit_attack,0.4781,0.4722,184,16,8,いいえ,vにゅーさん / ノローニャ・パイセン / 夜光虫ほたるん / 諏訪子成長期 / 財閥だ浅ちゃん！
4,8,em-01ed0ad1bb88,ムガるぞ！フマゆん,78,8350,6805,3,aoe_attack,0.4776,0.5833,199,1,8,いいえ,vにゅーさん / カルボ姉（ねえ） / 愛のぴよ子 / ムガるぞ！フマゆん / ラパヌイ先生
4,9,em-90d2686cfd0d,花火戦隊サイガーRe,45,4515,5367,3,multi_hit_attack,0.4746,0.4583,196,4,8,いいえ,有砂小町 / vにゅーさん / トランシルヴァニア家族 / 花火戦隊サイガーRe / 巨大カンテツ
4,10,em-ffea90d62e77,テイヤさん,55,1874,5282,3,multi_hit_attack,0.4655,0.4792,184,16,8,いいえ,ダリア・宮子・9 / コロちゃん / デロスの月陽姉弟 / テイヤさん / 八狗神伏姫様
4,11,em-0592fa7cc27f,クェーサルと仲間たち,18,3542,2898,3,multi_hit_attack,0.4585,0.6042,180,20,8,いいえ,vにゅーさん / ノローニャ・パイセン / きぬたン / クェーサルと仲間たち / シミ
4,12,em-faea6a503d7f,討ち入り☆花子,58,5350,4907,3,aoe_attack,0.4573,0.4653,197,3,8,いいえ,有砂小町 / 北間・クラリス嬢 / 田島の春 / 討ち入り☆花子 / ラパヌイ先生
4,13,em-57dce5f944a3,うらうらら,50,4260,6390,4,multi_hit_attack,0.4491,0.4653,190,10,8,いいえ,vにゅーさん / えかちぇたん / 田島の春 / うらうらら / シミ
4,14,em-5ad05ec11a09,三連星のオコオコ,37,3834,3834,3,multi_hit_attack,0.4442,0.5903,184,16,8,いいえ,vにゅーさん / ノローニャ・パイセン / 夜光虫ほたるん / 三連星のオコオコ / バビるわバビル君。
4,15,em-089a6280b9d6,御嶽さん,32,5112,3067,4,aoe_attack,0.4411,0.4931,200,0,8,いいえ,ダリア・宮子・9 / 脱力コンビあろま＆るる / 田島の春 / 御嶽さん / ダル飯☆杏
4,16,em-8cb75e870411,マンいーたち,50,3408,6816,4,aoe_attack,0.4407,0.5556,195,5,8,いいえ,ウサウサ八幡 / コロちゃん / 夜光虫ほたるん / マンいーたち / モンさんミッシェル
4,17,em-e362f95d25c3,巳ーちゃんさん,35,4303,3451,3,multi_hit_attack,0.4406,0.4792,200,0,8,いいえ,橘の元祖☆みっちー / 脱力コンビあろま＆るる / トリニダの怪人 / 巳ーちゃんさん / バビるわバビル君。
4,18,em-252e0359c5e1,巳ーちゃん,25,3451,2599,3,multi_hit_attack,0.4397,0.5208,176,24,8,いいえ,ウサウサ八幡 / コロちゃん / 夜光虫ほたるん / 巳ーちゃん / 財閥だ浅ちゃん！
4,19,em-35dfd8c60675,はぎみタンさん,55,4430,4771,4,aoe_attack,0.4393,0.4653,183,17,7,いいえ,vにゅーさん / ノローニャ・パイセン / 夜光虫ほたるん / はぎみタンさん / シミ
4,20,em-960c8d1446c2,GC・アガッシィΩ,42,3578,3578,4,multi_hit_attack,0.4358,0.6111,198,2,8,いいえ,有砂小町 / vにゅーさん / トランシルヴァニア家族 / GC・アガッシィΩ / シミ
4,21,em-48a7e7dd243f,鮫男子・ニタりん,60,4601,7157,3,multi_hit_attack,0.4346,0.4306,199,1,8,いいえ,有砂小町 / vにゅーさん / サルパちゃん / 鮫男子・ニタりん / シミ
4,22,em-cf62aeacc244,やまたのおろちん,40,2726,2726,3,multi_hit_attack,0.433,0.4722,186,14,8,いいえ,vにゅーさん / ノローニャ・パイセン / 夜光虫ほたるん / やまたのおろちん / 財閥だ浅ちゃん！
4,23,em-0e768525b557,ヘラクレス先輩,70,5885,6230,4,multi_hit_attack,0.4307,0.3958,200,0,8,いいえ,有砂小町 / vにゅーさん / 愛のぴよ子 / ヘラクレス先輩 / 御嶽さん
4,24,em-94dc3d86f691,碧海のオフタルもん,75,10054,3919,4,multi_hit_attack,0.4299,0.4097,196,4,7,いいえ,vにゅーさん / カルボ姉（ねえ） / 愛のぴよ子 / 碧海のオフタルもん / ラパヌイ先生
4,25,em-3fef7ee3dc51,トゥバタハのシレーナ,60,3919,4601,3,aoe_attack,0.4292,0.4028,189,11,8,いいえ,ダリア・宮子・9 / コロちゃん / デロスの月陽姉弟 / トゥバタハのシレーナ / 八狗神伏姫様
4,26,em-f70fc38ed477,栗栖　益子さん,40,4175,4106,4,multi_hit_attack,0.4285,0.4653,200,0,8,いいえ,ウサウサ八幡 / ペーチパイセン / きぬたン / 栗栖　益子さん / 巨大カンテツ
4,27,em-74c87c37d930,むぅむぅ,30,2839,2525,3,multi_hit_attack,0.4264,0.4861,181,19,8,いいえ,ウサウサ八幡 / コロちゃん / 夜光虫ほたるん / むぅむぅ / 財閥だ浅ちゃん！
4,28,em-45d954b40bc4,ジェラする？かめ姫,60,4941,3237,3,multi_hit_attack,0.426,0.4375,189,11,8,いいえ,ダリア・宮子・9 / コロちゃん / デロスの月陽姉弟 / ジェラする？かめ姫 / 八狗神伏姫様
4,29,em-6fe67318189a,劇場版ＪＡＸＡイル,18,1304,3526,4,multi_hit_attack,0.4191,0.5,200,0,8,いいえ,ダリア・宮子・9 / vにゅーさん / トランシルヴァニア家族 / 劇場版ＪＡＸＡイル / ダル飯☆杏
4,30,em-57204b8d6ee6,伝説のWoo怪,12,1126,2393,4,multi_hit_attack,0.4172,0.5069,187,13,8,いいえ,有砂小町 / ノローニャ・パイセン / きぬたン / 伝説のWoo怪 / ダル飯☆杏
4,31,em-371b0bc06848,やっとの神,50,2933,2919,3,multi_hit_attack,0.4164,0.4444,200,0,8,いいえ,ダリア・宮子・9 / vにゅーさん / トランシルヴァニア家族 / やっとの神 / 速いぞサラマンダー！
4,32,em-3b47fb031e0a,上京！世界師匠,36,1704,4260,4,multi_hit_attack,0.4139,0.4653,195,5,8,いいえ,うさ☆八幡さま / 北間・クラリス嬢 / 田島の春 / 上京！世界師匠 / ラパヌイ先生
4,33,em-5b97cf2d5a88,やまたのおろちん,40,2726,2726,3,multi_hit_attack,0.4128,0.4792,186,14,8,いいえ,vにゅーさん / ノローニャ・パイセン / 夜光虫ほたるん / やまたのおろちん / 財閥だ浅ちゃん！
4,34,em-18a6642e277e,旧市街地の魔物,8,2799,16,4,attack_buff,0.4088,0.5278,196,4,8,いいえ,ウサウサ八幡 / 北間・クラリス嬢 / トランシルヴァニア家族 / 旧市街地の魔物 / ラパヌイ先生
4,35,em-33880cee5e60,三貴子ツクヨミ,75,10735,4686,3,damage_reduction,0.4078,0.4722,191,9,8,いいえ,vにゅーさん / ノローニャ・パイセン / 夜光虫ほたるん / 三貴子ツクヨミ / ブラジリアン首都術
4,36,em-32dd2642183e,ハイパーハンギョジン,60,5889,3996,3,attack_buff,0.4066,0.5486,189,11,8,いいえ,vにゅーさん / カルボ姉（ねえ） / トランシルヴァニア家族 / ハイパーハンギョジン / 巨大カンテツ
4,37,em-a8e1bfbd68cd,秋のタツタちゃん,80,10224,4771,4,multi_hit_attack,0.4066,0.375,186,14,8,いいえ,ダリア・宮子・9 / コロちゃん / トランシルヴァニア家族 / 秋のタツタちゃん / おこしんMK-2
4,38,em-e8fc5c7a59a4,猫毘沙門天,36,4430,4089,4,aoe_attack,0.4036,0.625,192,8,8,いいえ,有砂小町 / vにゅーさん / トランシルヴァニア家族 / 猫毘沙門天 / シミ
4,39,em-99460641a41d,奇岩妖精ペリバじゃん,40,6816,852,3,attack_buff,0.403,0.4931,196,4,8,いいえ,有砂小町 / vにゅーさん / トランシルヴァニア家族 / 奇岩妖精ペリバじゃん / シミ
4,40,em-33e6bfd45207,みさきパイセン,22,2737,3059,3,multi_hit_attack,0.3992,0.5347,184,16,8,いいえ,vにゅーさん / ノローニャ・パイセン / きぬたン / みさきパイセン / シミ
4,41,em-132feeb6206a,傭兵戦隊サイガー３,12,756,2284,4,multi_hit_attack,0.3982,0.5208,187,13,8,いいえ,有砂小町 / ノローニャ・パイセン / きぬたン / 傭兵戦隊サイガー３ / ダル飯☆杏
4,42,em-523af93f71e3,神田祭らーの集い,88,5027,6901,4,aoe_attack,0.3946,0.375,194,6,7,いいえ,ダリア・宮子・9 / コロちゃん / トランシルヴァニア家族 / 神田祭らーの集い / 旧市街地の魔物
4,43,em-9b97e564ea43,ユールシスター☆ノエルん,43,5523,4112,3,multi_hit_attack,0.394,0.5,199,1,8,いいえ,有砂小町 / vにゅーさん / トランシルヴァニア家族 / ユールシスター☆ノエルん / シミ
4,44,em-9fe53d26e9cb,ロイ・マタ先輩,46,2726,6816,3,multi_hit_attack,0.3934,0.4861,197,3,8,いいえ,有砂小町 / vにゅーさん / トランシルヴァニア家族 / ロイ・マタ先輩 / 巨大カンテツ
4,45,em-ea813aee5d92,ブラジリアン首都術,8,1812,1963,4,aoe_attack,0.3913,0.5278,196,4,8,いいえ,ウサウサ八幡 / 北間・クラリス嬢 / トランシルヴァニア家族 / ブラジリアン首都術 / ラパヌイ先生
4,46,em-5c46e7a79c7f,ギャルド・スイス先輩,45,3408,5453,4,multi_hit_attack,0.3895,0.5069,196,4,8,いいえ,有砂小町 / vにゅーさん / トランシルヴァニア家族 / ギャルド・スイス先輩 / 巨大カンテツ
4,47,em-58dbb7bc9653,六点魔王ノッブ,58,3408,5964,3,multi_hit_attack,0.3885,0.4722,187,13,8,いいえ,ダリア・宮子・9 / コロちゃん / デロスの月陽姉弟 / 六点魔王ノッブ / 八狗神伏姫様
4,48,em-9ec6297ea6ca,バスてとにゃん,38,4260,4771,3,attack_buff,0.3844,0.5347,194,6,8,いいえ,有砂小町 / vにゅーさん / トランシルヴァニア家族 / バスてとにゃん / シミ
4,49,em-d6ea073b633e,鬼八先生,60,8861,2556,3,delay,0.3836,0.4306,199,1,8,いいえ,vにゅーさん / ノローニャ・パイセン / 愛のぴよ子 / 鬼八先生 / 財閥だ浅ちゃん！
4,50,em-7a8534cb5af6,クレリゴス子様,41,6731,2951,3,guard,0.383,0.4792,200,0,8,いいえ,ダリア・宮子・9 / vにゅーさん / サルパちゃん / クレリゴス子様 / 財閥だ浅ちゃん！
4,51,em-4533a7697d48,謀反人ミッツ,60,6645,4430,3,damage_reduction,0.3824,0.5347,192,8,6,いいえ,うさ☆八幡さま / ノローニャ・パイセン / 夜光虫ほたるん / 謀反人ミッツ / まそお姉ちゃん
4,52,em-1a3ab3b1acf7,聖☆いんてぃないか,19,2817,2334,4,aoe_attack,0.3818,0.4583,177,23,8,いいえ,ウサウサ八幡 / コロちゃん / 夜光虫ほたるん / 聖☆いんてぃないか / ラパヌイ先生
4,53,em-a8f48fb9a527,タミちゃんの火祭り,15,1,2402,4,aoe_attack,0.3812,0.4861,190,10,8,いいえ,橘の元祖☆みっちー / 北間・クラリス嬢 / トランシルヴァニア家族 / タミちゃんの火祭り / ラパヌイ先生
4,54,em-628e695d4365,カクラム先生,16,2256,2397,4,multi_hit_attack,0.3792,0.4653,171,29,8,いいえ,うさ☆八幡さま / ノローニャ・パイセン / 夜光虫ほたるん / カクラム先生 / 財閥だ浅ちゃん！
4,55,em-32ef1535a66a,ハバキたん,60,6816,4260,3,damage_reduction,0.3792,0.4653,195,5,6,いいえ,vにゅーさん / トランシルヴァニア家族 / 愛のぴよ子 / ハバキたん / 御嶽さん
4,56,em-79b4540e0f7f,ヤック(中の人),16,2176,2418,4,multi_hit_attack,0.3786,0.4653,171,29,8,いいえ,うさ☆八幡さま / ノローニャ・パイセン / 夜光虫ほたるん / ヤック(中の人) / 財閥だ浅ちゃん！
4,57,em-6aaeda4f2f3a,ギガキプ☆アガッシイ,35,2726,2726,4,multi_hit_attack,0.3772,0.5417,191,9,8,いいえ,有砂小町 / vにゅーさん / トランシルヴァニア家族 / ギガキプ☆アガッシイ / シミ
4,58,em-9ac3c0929f90,オコオコ,11,1704,1704,3,attack_buff,0.3746,0.5486,194,6,8,いいえ,ダリア・宮子・9 / vにゅーさん / トランシルヴァニア家族 / オコオコ / ラパヌイ先生
4,59,em-2b7450b3b8b1,トンコー先生,15,1510,1510,3,multi_hit_attack,0.3735,0.4514,167,33,8,いいえ,vにゅーさん / ノローニャ・パイセン / 夜光虫ほたるん / トンコー先生 / ダル飯☆杏
4,60,em-d5ea84224259,ﾌﾗﾝﾀﾞｰｽのわんわんお,38,5538,3190,3,guard,0.373,0.4444,191,9,8,いいえ,ダリア・宮子・9 / vにゅーさん / サルパちゃん / ﾌﾗﾝﾀﾞｰｽのわんわんお / 御嶽さん
4,61,em-b27009a57b71,架けろきしわだっしー,49,1559,6672,3,attack_buff,0.3724,0.5208,189,11,8,いいえ,vにゅーさん / えかちぇたん / 田島の春 / 架けろきしわだっしー / シミ
4,62,em-40bd3b1e44fa,五月病の悪魔の契約,55,4123,4226,4,aoe_attack,0.3699,0.4792,194,6,7,いいえ,有砂小町 / 北間・クラリス嬢 / 田島の春 / 五月病の悪魔の契約 / ラパヌイ先生
4,63,em-bb70b91588ed,夜魔・マヤー,12,1661,2114,4,multi_hit_attack,0.3698,0.4722,174,26,8,いいえ,vにゅーさん / ノローニャ・パイセン / きぬたン / 夜魔・マヤー / シミ
4,64,em-a0601347b042,グラーツ君,36,2896,5282,3,attack_buff,0.3696,0.5417,200,0,8,いいえ,vにゅーさん / えかちぇたん / 田島の春 / グラーツ君 / ダル飯☆杏
4,65,em-05c5072dc080,橘の元祖☆みっちー,75,9798,4515,4,skill_reduction,0.3687,0.3611,195,5,8,いいえ,うさ☆八幡さま / ノローニャ・パイセン / 夜光虫ほたるん / 橘の元祖☆みっちー / 大森さん
4,66,em-e778e99b9218,不敵な笑みのニタりん,16,1363,2556,3,multi_hit_attack,0.3672,0.4583,199,1,8,いいえ,ダリア・宮子・9 / vにゅーさん / トランシルヴァニア家族 / 不敵な笑みのニタりん / ラパヌイ先生
4,67,em-da8da47e0c9c,さるぼぼ・ぼーぼぼ,14,1661,2114,3,aoe_attack,0.367,0.4722,189,11,8,いいえ,橘の元祖☆みっちー / 北間・クラリス嬢 / トランシルヴァニア家族 / さるぼぼ・ぼーぼぼ / ラパヌイ先生
4,68,em-748c1a866dbc,Hey Yeah 清盛,75,11417,2896,3,guard,0.3668,0.4375,200,0,8,いいえ,vにゅーさん / えかちぇたん / 田島の春 / Hey Yeah 清盛 / ハリウッドナナコ師匠
4,69,em-e5027c0cc6fa,みかんの姐御,17,2265,1510,3,aoe_attack,0.3661,0.5972,200,0,8,いいえ,ダリア・宮子・9 / vにゅーさん / トランシルヴァニア家族 / みかんの姐御 / ラパヌイ先生
4,70,em-68afa2dec462,みどりのたけしマン,23,2592,2432,3,damage_reduction,0.3659,0.5,199,1,8,いいえ,vにゅーさん / ノローニャ・パイセン / 愛のぴよ子 / みどりのたけしマン / 碧海のオフタルもん
4,71,em-b95ac93b816d,キタキツネの神様,29,3748,4771,3,attack_buff,0.3658,0.5139,187,13,8,いいえ,vにゅーさん / ノローニャ・パイセン / 田島の春 / キタキツネの神様 / シミ
4,72,em-bbda291d459c,漆黒及び純白のポワン,20,1704,2896,3,guard,0.3653,0.5139,200,0,8,いいえ,ウサウサ八幡 / 北間・クラリス嬢 / 田島の春 / 漆黒及び純白のポワン / 財閥だ浅ちゃん！
4,73,em-2f3883a74098,jaック・ザ・ナイト,10,1408,1267,4,multi_hit_attack,0.365,0.5208,198,2,8,いいえ,ウサウサ八幡 / 北間・クラリス嬢 / トランシルヴァニア家族 / jaック・ザ・ナイト / ラパヌイ先生
4,74,em-40350463a9fa,ハンドさんは泳がない,27,2044,3578,3,damage_reduction,0.3649,0.5069,187,13,8,いいえ,四悪妖・鵺 / コロちゃん / デロスの月陽姉弟 / ハンドさんは泳がない / シミ
4,75,em-c623973fc8a5,うおぬまンダーＲ上Ｘ,15,1208,2567,4,aoe_attack,0.3647,0.4583,191,9,8,いいえ,有砂小町 / ノローニャ・パイセン / きぬたン / うおぬまンダーＲ上Ｘ / 降臨☆三原色ばうあー
4,76,em-2e3e250aef5e,IMO NI FESTIVAL 2018,14,1837,1161,3,aoe_attack,0.3636,0.5694,197,3,8,いいえ,ダリア・宮子・9 / vにゅーさん / トランシルヴァニア家族 / IMO NI FESTIVAL 2018 / ラパヌイ先生
4,77,em-3776e81d3ee0,ヒポポタリーナ,23,3237,2862,3,multi_hit_attack,0.3632,0.4861,181,19,8,いいえ,vにゅーさん / ノローニャ・パイセン / 田島の春 / ヒポポタリーナ / シミ
4,78,em-4e3940289203,スーパー軍師兵衛ズ,60,7838,2385,3,skill_reduction,0.3621,0.4375,199,1,8,いいえ,vにゅーさん / ノローニャ・パイセン / 愛のぴよ子 / スーパー軍師兵衛ズ / 財閥だ浅ちゃん！
4,79,em-94f677409ee2,月甲のルナタスピス,75,10224,4543,3,guard,0.3621,0.4028,200,0,8,いいえ,有砂小町 / 脱力コンビあろま＆るる / 田島の春 / 月甲のルナタスピス / 大森さん
4,80,em-14d31235a3f8,かっちゃんのBIG強飯,48,3067,4601,4,attack_buff,0.3618,0.5278,199,1,8,いいえ,有砂小町 / vにゅーさん / トランシルヴァニア家族 / かっちゃんのBIG強飯 / 巨大カンテツ
4,81,em-7930454375ec,パラワン探検隊,18,3219,3333,4,aoe_attack,0.3613,0.5486,194,6,8,いいえ,うさ☆八幡さま / vにゅーさん / トランシルヴァニア家族 / パラワン探検隊 / シミ
4,82,em-11cceded3ad2,創造主・アヌンナキ,70,4260,5964,3,damage_reduction,0.3608,0.4583,196,4,8,いいえ,有砂小町 / 北間・クラリス嬢 / 田島の春 / 創造主・アヌンナキ / 御嶽さん
4,83,em-da18dad9d936,もけーれ！ムベちゃん,53,2896,6475,4,multi_hit_attack,0.3602,0.4444,192,8,7,いいえ,有砂小町 / 北間・クラリス嬢 / 田島の春 / もけーれ！ムベちゃん / ラパヌイ先生
4,84,em-93a9275d427c,肉食ドゥブロさん,32,5106,3404,3,attack_buff,0.3601,0.5139,200,0,8,いいえ,ダリア・宮子・9 / 脱力コンビあろま＆るる / 田島の春 / 肉食ドゥブロさん / ダル飯☆杏
4,85,em-b8c4235090fa,バビるわバビル君。,39,5367,3441,4,damage_reduction,0.3597,0.5,200,0,8,いいえ,有砂小町 / 脱力コンビあろま＆るる / きぬたン / バビるわバビル君。 / 八狗神伏姫様
4,86,em-5f311c45014a,パーントゥ大先生,37,2409,4819,3,attack_buff,0.3596,0.4792,193,7,8,いいえ,有砂小町 / vにゅーさん / トランシルヴァニア家族 / パーントゥ大先生 / シミ
4,87,em-aae1801458f8,ɚすぃとあろま？,12,3748,681,3,guard,0.3575,0.5069,193,7,8,いいえ,ウサウサ八幡 / 北間・クラリス嬢 / トランシルヴァニア家族 / ɚすぃとあろま？ / 財閥だ浅ちゃん！
4,88,em-29cc8a9cf9cd,ビール売りの小娘,18,1516,3638,3,skill_reduction,0.357,0.4792,194,6,8,いいえ,ダリア・宮子・9 / vにゅーさん / トランシルヴァニア家族 / ビール売りの小娘 / 財閥だ浅ちゃん！
4,89,em-845e49247e45,ウサポワン海人,20,1533,2607,3,guard,0.3568,0.5069,200,0,8,いいえ,ウサウサ八幡 / 北間・クラリス嬢 / 田島の春 / ウサポワン海人 / 財閥だ浅ちゃん！
4,90,em-fe9fc4184474,聖えぇじゃないか,17,2817,2334,4,aoe_attack,0.3565,0.4028,200,0,8,いいえ,ダリア・宮子・9 / vにゅーさん / トランシルヴァニア家族 / 聖えぇじゃないか / ラパヌイ先生
4,91,em-f3091896bc28,腹話フック,15,1610,3220,4,multi_hit_attack,0.3564,0.5,198,2,8,いいえ,ダリア・宮子・9 / vにゅーさん / トランシルヴァニア家族 / 腹話フック / ラパヌイ先生
4,92,em-1e8ec25622df,切間・ンジャロさん,39,5871,3442,4,skill_reduction,0.3564,0.4306,198,2,8,いいえ,ダリア・宮子・9 / vにゅーさん / サルパちゃん / 切間・ンジャロさん / 財閥だ浅ちゃん！
4,93,em-d22cc44e6b53,ニタりん,16,1090,2044,3,multi_hit_attack,0.3559,0.4722,191,9,8,いいえ,橘の元祖☆みっちー / 北間・クラリス嬢 / トランシルヴァニア家族 / ニタりん / ラパヌイ先生
4,94,em-68e23b3f15d7,あっぴーの外出,15,1610,3500,3,attack_buff,0.3553,0.4861,188,12,8,いいえ,vにゅーさん / ノローニャ・パイセン / デロスの月陽姉弟 / あっぴーの外出 / 財閥だ浅ちゃん！
4,95,em-9d7275c7d84e,ハンドさんの匍匐前進,27,1840,3220,3,damage_reduction,0.3537,0.5,187,13,8,いいえ,四悪妖・鵺 / コロちゃん / デロスの月陽姉弟 / ハンドさんの匍匐前進 / シミ
4,96,em-3a0ce37a12ff,おこしんMK-2,8,1510,2265,4,multi_hit_attack,0.3525,0.4375,195,5,8,いいえ,ウサウサ八幡 / 北間・クラリス嬢 / 田島の春 / おこしんMK-2 / ラパヌイ先生
4,97,em-eaadf81fc136,サリー,55,4686,4004,4,aoe_attack,0.3514,0.5278,200,0,7,いいえ,ウサウサ八幡 / コロちゃん / デロスの月陽姉弟 / サリー / ウシュか☆丸か
4,98,em-7c0ef69518eb,有砂小町２ＰＣ,40,5112,5112,4,delay,0.3512,0.4167,199,1,8,いいえ,ダリア・宮子・9 / vにゅーさん / サルパちゃん / 有砂小町２ＰＣ / 財閥だ浅ちゃん！
4,99,em-1d6b42059506,レーティッシュ凛子,35,5623,3229,3,attack_buff,0.35,0.5,195,5,8,いいえ,ウサウサ八幡 / コロちゃん / デロスの月陽姉弟 / レーティッシュ凛子 / シミ
4,100,em-84d3175a9388,コン勝神☆くー様,48,3809,7024,4,attack_buff,0.3496,0.5278,199,1,8,いいえ,有砂小町 / vにゅーさん / トランシルヴァニア家族 / コン勝神☆くー様 / 巨大カンテツ
4,101,em-f119f767f457,アダム＆エバ,50,5112,4260,4,attack_buff,0.3476,0.5,190,10,8,いいえ,vにゅーさん / えかちぇたん / 田島の春 / アダム＆エバ / シミ
4,102,em-eb57ed2cb1f2,ペパりんズクッキング,60,6305,3237,3,delay,0.3475,0.4375,199,1,8,いいえ,vにゅーさん / ノローニャ・パイセン / 愛のぴよ子 / ペパりんズクッキング / 財閥だ浅ちゃん！
4,103,em-c5e484c5d286,マウント取瑠代,31,6076,1850,3,revive,0.3467,0.5694,168,32,8,いいえ,ダリア・宮子・9 / ノローニャ・パイセン / 夜光虫ほたるん / マウント取瑠代 / 財閥だ浅ちゃん！
4,104,em-215080a7a05b,?????,39,4924,4413,4,skill_reduction,0.3456,0.4236,198,2,8,いいえ,ダリア・宮子・9 / vにゅーさん / サルパちゃん / ????? / 財閥だ浅ちゃん！
4,105,em-4819d53ddb48,ブハラ師匠,39,5708,3237,3,heal,0.3453,0.4444,200,0,8,いいえ,有砂小町 / 脱力コンビあろま＆るる / 田島の春 / ブハラ師匠 / バビるわバビル君。
4,106,em-276d7f996bbe,竜也エボリューション,49,2044,6305,3,attack_buff,0.3449,0.4861,189,11,8,いいえ,vにゅーさん / えかちぇたん / 田島の春 / 竜也エボリューション / シミ
4,107,em-832edc9513ca,Ｈ・Ｆ・ウーマン,45,6305,3748,4,guard,0.3449,0.4861,192,8,8,いいえ,橘の元祖☆みっちー / ノローニャ・パイセン / 夜光虫ほたるん / Ｈ・Ｆ・ウーマン / 巨大カンテツ
4,108,em-41b8799b7505,まおーちゃん,50,3748,4941,3,revive,0.3445,0.5694,189,11,8,いいえ,ダリア・宮子・9 / ノローニャ・パイセン / 夜光虫ほたるん / まおーちゃん / ヤマトタケルぅ！
4,109,em-64fa899f397f,ダル飯☆杏,44,5896,3340,4,guard,0.3443,0.4514,197,3,8,いいえ,vにゅーさん / 北間・クラリス嬢 / 伊予・タウロス / ダル飯☆杏 / 御嶽さん
4,110,em-15545bc62fe7,幽霊烏賊図,60,3408,4260,3,revive,0.3442,0.5903,200,0,8,いいえ,ダリア・宮子・9 / トランシルヴァニア家族 / 田島の春 / 幽霊烏賊図 / 実はこんにゃくちゃん
4,111,em-cb0ef748882f,八狗神伏姫様,35,5538,2130,4,guard,0.3441,0.4792,199,1,8,いいえ,有砂小町 / トランシルヴァニア家族 / 田島の春 / 八狗神伏姫様 / 八狗神伏姫様
4,112,em-d020ce26e899,ＴＡＳマニア先輩,40,5964,3418,3,skill_reduction,0.344,0.4236,199,1,8,いいえ,ダリア・宮子・9 / vにゅーさん / サルパちゃん / ＴＡＳマニア先輩 / 財閥だ浅ちゃん！
4,113,em-7ba25345ffb0,シーさま,60,4601,4601,3,delay,0.3436,0.4236,199,1,8,いいえ,vにゅーさん / ノローニャ・パイセン / 愛のぴよ子 / シーさま / 財閥だ浅ちゃん！
4,114,em-59a8f156dec4,クロアリ,60,4089,4089,3,multi_hit_attack,0.3433,0.4167,199,1,8,いいえ,有砂小町 / 北間・クラリス嬢 / 田島の春 / クロアリ / ラパヌイ先生
4,115,em-c25db2f5b4ff,メルヘン☆グリ子,80,9202,3748,4,damage_reduction,0.3432,0.4583,196,4,8,いいえ,有砂小町 / 北間・クラリス嬢 / サルパちゃん / メルヘン☆グリ子 / 財閥だ浅ちゃん！
4,116,em-49b522eac464,ジェヴォたんは狼？,43,3006,6022,4,multi_hit_attack,0.3424,0.5139,199,1,8,いいえ,有砂小町 / vにゅーさん / トランシルヴァニア家族 / ジェヴォたんは狼？ / シミ
4,117,em-cf5373dcdc2a,コンゴーニャスパス,17,1886,1723,3,guard,0.3424,0.5,197,3,8,いいえ,ウサウサ八幡 / 北間・クラリス嬢 / 田島の春 / コンゴーニャスパス / 財閥だ浅ちゃん！
4,118,em-80894fcaa10c,とんこつ神！博多美子,40,4089,5350,3,attack_buff,0.3417,0.5,196,4,8,いいえ,有砂小町 / vにゅーさん / トランシルヴァニア家族 / とんこつ神！博多美子 / シミ
4,119,em-301c11f4a1d7,ウサポワンちゃん,20,1363,2317,3,guard,0.3416,0.4931,200,0,8,いいえ,ウサウサ八幡 / 北間・クラリス嬢 / 田島の春 / ウサポワンちゃん / 財閥だ浅ちゃん！
4,120,em-2def672b1533,バターリャ後悔王子,30,3213,3213,3,damage_reduction,0.3407,0.5069,186,14,8,いいえ,有砂小町 / ノローニャ・パイセン / デロスの月陽姉弟 / バターリャ後悔王子 / モンさんミッシェル
4,121,em-f9383e2e4919,ユハンヌスのサウナー,42,5231,3067,3,damage_reduction,0.3405,0.5,193,7,8,いいえ,ウサウサ八幡 / コロちゃん / 夜光虫ほたるん / ユハンヌスのサウナー / 財閥だ浅ちゃん！
4,122,em-ad82a61bcc2a,ｺﾄﾖﾛ!巳ーちゃん様,55,6901,3451,4,damage_reduction,0.34,0.4583,187,13,7,いいえ,うさ☆八幡さま / ノローニャ・パイセン / 夜光虫ほたるん / ｺﾄﾖﾛ!巳ーちゃん様 / 巨大カンテツ
4,123,em-5284c689c7b6,ジャウー大先生,15,805,3220,4,skill_reduction,0.3388,0.4583,200,0,8,いいえ,ウサウサ八幡 / コロちゃん / デロスの月陽姉弟 / ジャウー大先生 / ラパヌイ先生
4,124,em-de449f69edb5,タミフルニキ,14,1257,1147,3,damage_reduction,0.3385,0.5556,189,11,8,いいえ,橘の元祖☆みっちー / ノローニャ・パイセン / 夜光虫ほたるん / タミフルニキ / あ、シュールさんだ。
4,125,em-010ca8278422,伊賀NINJA!,42,1704,5112,3,skill_reduction,0.3378,0.4444,193,7,8,いいえ,ウサウサ八幡 / コロちゃん / 夜光虫ほたるん / 伊賀NINJA! / 財閥だ浅ちゃん！
4,126,em-fca49f3752f8,電波姫☆いまりちゃん,38,3919,4260,3,delay,0.3375,0.3889,197,3,8,いいえ,ダリア・宮子・9 / vにゅーさん / サルパちゃん / 電波姫☆いまりちゃん / 財閥だ浅ちゃん！
4,127,em-7e35b72ac7e4,琵琶子ｲﾘｭｰｼﾞｮﾝ！,13,1809,1190,3,damage_reduction,0.3371,0.5069,194,6,8,いいえ,ウサウサ八幡 / 北間・クラリス嬢 / トランシルヴァニア家族 / 琵琶子ｲﾘｭｰｼﾞｮﾝ！ / 財閥だ浅ちゃん！
4,128,em-109e54a3645a,グラン・プラスの魔女,38,1499,3404,3,guard,0.3368,0.4861,197,3,8,いいえ,ダリア・宮子・9 / vにゅーさん / サルパちゃん / グラン・プラスの魔女 / 財閥だ浅ちゃん！
4,129,em-7f18b9c64c74,家族贖罪という字面,40,5964,1704,3,damage_reduction,0.3355,0.4444,165,35,8,いいえ,ウサウサ八幡 / コロちゃん / 夜光虫ほたるん / 家族贖罪という字面 / 速いぞサラマンダー！
4,130,em-4c03ad40dce9,源のゴライコー,75,7923,6390,4,attack_buff,0.3354,0.4514,196,4,7,いいえ,vにゅーさん / えかちぇたん / 愛のぴよ子 / 源のゴライコー / 財閥だ浅ちゃん！
4,131,em-cec2f0ad9373,Dr.フォックス,40,4089,4430,4,delay,0.3352,0.3889,199,1,8,いいえ,ダリア・宮子・9 / vにゅーさん / サルパちゃん / Dr.フォックス / 財閥だ浅ちゃん！
4,132,em-6a50fe1ba475,青き春の酔竜,70,2556,7668,3,attack_buff,0.3351,0.4514,200,0,8,いいえ,有砂小町 / 北間・クラリス嬢 / トランシルヴァニア家族 / 青き春の酔竜 / 八狗神伏姫様
4,133,em-7e9ffb70cffa,企業だ浅ちゃん！,32,1192,7327,4,attack_buff,0.3348,0.5,188,12,8,いいえ,有砂小町 / vにゅーさん / トランシルヴァニア家族 / 企業だ浅ちゃん！ / シミ
4,134,em-572c57cf5e18,湘南大水曜日ボーイ,28,2044,5623,4,attack_buff,0.3344,0.5139,186,14,8,いいえ,vにゅーさん / ノローニャ・パイセン / 田島の春 / 湘南大水曜日ボーイ / シミ
4,135,em-c08850a0aec0,いなば☆うわぁああ！,20,2579,3220,4,skill_reduction,0.3339,0.4514,196,4,8,いいえ,ダリア・宮子・9 / vにゅーさん / トランシルヴァニア家族 / いなば☆うわぁああ！ / 財閥だ浅ちゃん！
4,136,em-ab9b2ce76191,B・O・B,37,4935,3244,3,delay,0.3339,0.4028,196,4,8,いいえ,ダリア・宮子・9 / vにゅーさん / サルパちゃん / B・O・B / 財閥だ浅ちゃん！
4,137,em-83b1d87342f9,コン美なん吉先生,20,882,3381,4,revive,0.3337,0.5833,196,4,8,いいえ,橘の元祖☆みっちー / vにゅーさん / トランシルヴァニア家族 / コン美なん吉先生 / ハリウッドナナコ師匠
4,138,em-27802083d7f5,チュニスさん,50,5964,3919,4,skill_reduction,0.3335,0.3819,200,0,8,いいえ,ダリア・宮子・9 / えかちぇたん / 哀哭のオオウミガラス / チュニスさん / 旧市街地の魔物
4,139,em-d368809aa822,ﾜﾙﾌﾟﾙｷﾞｽなメル子様,39,6560,3152,3,attribute_guard,0.3331,0.4722,198,2,8,いいえ,ダリア・宮子・9 / vにゅーさん / サルパちゃん / ﾜﾙﾌﾟﾙｷﾞｽなメル子様 / 財閥だ浅ちゃん！
4,140,em-7b3f53eed84e,?????,14,1380,2675,4,attack_buff,0.3328,0.5208,190,10,8,いいえ,ダリア・宮子・9 / vにゅーさん / トランシルヴァニア家族 / ????? / 財閥だ浅ちゃん！
4,141,em-f346c1f4c45d,八狗神伏姫様,35,5538,2130,4,guard,0.3325,0.4306,188,12,8,いいえ,ダリア・宮子・9 / vにゅーさん / サルパちゃん / 八狗神伏姫様 / 御嶽さん
4,142,em-039a051d72bb,伊万里の重畳,36,4260,3919,3,delay,0.3323,0.4236,195,5,8,いいえ,ダリア・宮子・9 / vにゅーさん / サルパちゃん / 伊万里の重畳 / 財閥だ浅ちゃん！
4,143,em-bcb9b03bfeed,サンカクドナウ,13,1739,1739,3,multi_hit_attack,0.3318,0.4722,196,4,8,いいえ,ダリア・宮子・9 / vにゅーさん / トランシルヴァニア家族 / サンカクドナウ / ラパヌイ先生
4,144,em-96a3648b46e2,チョコ染めの安井さん,32,3646,4089,3,guard,0.3318,0.4375,191,9,8,いいえ,ダリア・宮子・9 / vにゅーさん / サルパちゃん / チョコ染めの安井さん / 財閥だ浅ちゃん！
4,145,em-c87499b64151,ラパヌイ先生,45,6441,3067,4,guard,0.3317,0.4097,170,30,8,いいえ,ウサウサ八幡 / コロちゃん / 夜光虫ほたるん / ラパヌイ先生 / 速いぞサラマンダー！
4,146,em-7914d5cdb04d,芋神よしあき,32,4130,2753,3,multi_hit_attack,0.3316,0.4653,178,22,8,いいえ,vにゅーさん / ノローニャ・パイセン / 夜光虫ほたるん / 芋神よしあき / 財閥だ浅ちゃん！
4,147,em-2998c94ac8cc,ギガ☆キプちゃん,28,1874,1874,4,multi_hit_attack,0.3305,0.5069,187,13,8,いいえ,ダリア・宮子・9 / 脱力コンビあろま＆るる / 田島の春 / ギガ☆キプちゃん / 八狗神伏姫様
4,148,em-bc2106c87bcd,?????,15,511,2811,3,damage_reduction,0.3301,0.4792,190,10,8,いいえ,橘の元祖☆みっちー / ノローニャ・パイセン / 夜光虫ほたるん / ????? / あ、シュールさんだ。
4,149,em-d0ab149939aa,製鉄所★澤先輩,24,5313,1771,3,skill_reduction,0.33,0.4306,200,0,8,いいえ,ダリア・宮子・9 / vにゅーさん / トランシルヴァニア家族 / 製鉄所★澤先輩 / 財閥だ浅ちゃん！
4,150,em-0d48fb639618,どうする？リオンさん,18,2093,2737,3,delay,0.3298,0.4653,194,6,8,いいえ,ダリア・宮子・9 / vにゅーさん / トランシルヴァニア家族 / どうする？リオンさん / 財閥だ浅ちゃん！
4,151,em-0bcb369cdcd9,キタキツネの神様,36,3748,4771,3,attack_buff,0.3295,0.4514,192,8,8,いいえ,有砂小町 / vにゅーさん / トランシルヴァニア家族 / キタキツネの神様 / シミ
4,152,em-f33de53ee597,遊無給(ニート)な小町,100,7327,5623,3,attack_buff,0.3293,0.3889,197,3,8,いいえ,vにゅーさん / 北間・クラリス嬢 / トマティーナ少佐 / 遊無給(ニート)な小町 / シミ
4,153,em-814b464a2192,ナナホシ,50,5044,5044,3,skill_reduction,0.3284,0.3819,200,0,8,いいえ,ダリア・宮子・9 / えかちぇたん / 哀哭のオオウミガラス / ナナホシ / 旧市街地の魔物
4,154,em-68c24ce7bf95,女帝！カるたーニャ,40,3408,3408,4,attack_buff,0.3282,0.5347,196,4,8,いいえ,有砂小町 / vにゅーさん / トランシルヴァニア家族 / 女帝！カるたーニャ / シミ
4,155,em-0dca19ae5992,降臨！天草トッキー,43,4260,5964,4,attack_buff,0.3282,0.5,199,1,8,いいえ,有砂小町 / vにゅーさん / トランシルヴァニア家族 / 降臨！天草トッキー / シミ
4,156,em-ec978322ece8,タイプ：テン,20,3864,966,4,guard,0.3275,0.4931,200,0,8,いいえ,ウサウサ八幡 / 北間・クラリス嬢 / 田島の春 / タイプ：テン / 財閥だ浅ちゃん！
4,157,em-f49b19428b58,ちび丸のハロウィン,17,255,2896,4,revive,0.3272,0.5694,188,12,8,いいえ,ダリア・宮子・9 / トランシルヴァニア家族 / 田島の春 / ちび丸のハロウィン / ヤマトタケルぅ！
4,158,em-076deec8d0c8,羊蟹☆こ祝いくん,24,2093,2737,3,delay,0.3269,0.4583,200,0,8,いいえ,ダリア・宮子・9 / vにゅーさん / トランシルヴァニア家族 / 羊蟹☆こ祝いくん / 財閥だ浅ちゃん！
4,159,em-3cce096dfee9,カギサナ子,15,2415,2415,4,attack_buff,0.3262,0.4861,192,8,8,いいえ,ウサウサ八幡 / 北間・クラリス嬢 / デロスの月陽姉弟 / カギサナ子 / 財閥だ浅ちゃん！
4,160,em-f7f78d464e92,ウミウサーヌ,60,3408,4601,3,guard,0.3261,0.4444,199,1,8,いいえ,vにゅーさん / ノローニャ・パイセン / 愛のぴよ子 / ウミウサーヌ / 財閥だ浅ちゃん！
4,161,em-bd35a359234a,ジョーカーくん,18,805,3935,3,skill_reduction,0.326,0.4236,194,6,8,いいえ,ダリア・宮子・9 / vにゅーさん / トランシルヴァニア家族 / ジョーカーくん / 財閥だ浅ちゃん！
4,162,em-c89260e1ef3b,曲芸師・ブンブク,60,6305,2996,4,revive,0.3259,0.5486,199,1,8,いいえ,vにゅーさん / ノローニャ・パイセン / 愛のぴよ子 / 曲芸師・ブンブク / 財閥だ浅ちゃん！
4,163,em-271fbedbbf39,レオ,22,2737,2093,4,damage_reduction,0.3258,0.5139,198,2,8,いいえ,ダリア・宮子・9 / vにゅーさん / トランシルヴァニア家族 / レオ / 財閥だ浅ちゃん！
4,164,em-29a5da4c1e2f,有棘画工,20,4025,805,3,multi_hit_attack,0.3256,0.4167,182,18,8,いいえ,vにゅーさん / ノローニャ・パイセン / きぬたン / 有棘画工 / シミ
4,165,em-8d98226e5962,玉稜の首領・たまうー,29,3067,4260,4,delay,0.3256,0.4028,193,7,8,いいえ,有砂小町 / 脱力コンビあろま＆るる / きぬたン / 玉稜の首領・たまうー / 財閥だ浅ちゃん！
4,166,em-31758a7d7c63,ﾗｰｶﾞﾙﾌﾘｮｩﾄﾙﾑりん,47,5700,2292,3,damage_reduction,0.3253,0.4375,198,2,8,いいえ,有砂小町 / vにゅーさん / トランシルヴァニア家族 / ﾗｰｶﾞﾙﾌﾘｮｩﾄﾙﾑりん / 巨大カンテツ
4,167,em-904dc3a6cb19,ɚすぃとLulu？,24,4260,2726,3,guard,0.3252,0.4236,184,16,8,いいえ,vにゅーさん / トランシルヴァニア家族 / 田島の春 / ɚすぃとLulu？ / シミ
4,168,em-52de8bb54262,ボビンちゃん,33,3748,4771,3,damage_reduction,0.3251,0.4167,199,1,8,いいえ,vにゅーさん / なっとくん様 / 愛のぴよ子 / ボビンちゃん / 財閥だ浅ちゃん！
4,169,em-f13588602944,生イカのアーニー,15,3220,1610,4,attack_buff,0.325,0.5,193,7,8,いいえ,ウサウサ八幡 / コロちゃん / デロスの月陽姉弟 / 生イカのアーニー / 財閥だ浅ちゃん！
4,170,em-8527b3dd869a,帰って来たいぬやマン,21,1661,1661,4,attack_buff,0.3244,0.5139,197,3,8,いいえ,ダリア・宮子・9 / vにゅーさん / トランシルヴァニア家族 / 帰って来たいぬやマン / 財閥だ浅ちゃん！
4,171,em-ba3e87e06882,ぴよ子ファーザー,20,357,3577,4,attack_buff,0.324,0.5069,196,4,8,いいえ,ダリア・宮子・9 / vにゅーさん / トランシルヴァニア家族 / ぴよ子ファーザー / 財閥だ浅ちゃん！
4,172,em-fa48dd1cff0a,祭りだ浅ちゃん！,7,800,1603,4,attack_buff,0.3237,0.5278,195,5,8,いいえ,ウサウサ八幡 / 北間・クラリス嬢 / トランシルヴァニア家族 / 祭りだ浅ちゃん！ / ラパヌイ先生
4,173,em-c4b0b6848f16,?????,17,2828,2470,3,skill_reduction,0.3237,0.4514,193,7,8,いいえ,ダリア・宮子・9 / vにゅーさん / トランシルヴァニア家族 / ????? / 財閥だ浅ちゃん！
4,174,em-3f6affd1acff,ハンニバル力(りょく),58,7497,2385,3,aoe_attack,0.3237,0.4514,194,6,8,いいえ,有砂小町 / vにゅーさん / 愛のぴよ子 / ハンニバル力(りょく) / 財閥だ浅ちゃん！
4,175,em-b17b3174de7d,ネギtheフィクサー,45,2405,5135,3,damage_reduction,0.3233,0.4306,190,10,8,いいえ,有砂小町 / トランシルヴァニア家族 / 田島の春 / ネギtheフィクサー / 眠里　不可緒
4,176,em-a058dba31969,月見だよ！叡智州利偉,10,1100,2002,4,attack_buff,0.3229,0.5347,198,2,8,いいえ,ウサウサ八幡 / 北間・クラリス嬢 / トランシルヴァニア家族 / 月見だよ！叡智州利偉 / ラパヌイ先生
4,177,em-504b87d4019a,ニタリくん,16,817,1533,3,multi_hit_attack,0.3228,0.4653,199,1,8,いいえ,ダリア・宮子・9 / vにゅーさん / トランシルヴァニア家族 / ニタリくん / ラパヌイ先生
4,178,em-c3c3a8e92b71,仮面のいはと先生,25,2095,3063,3,delay,0.3228,0.4236,189,11,8,いいえ,有砂小町 / 脱力コンビあろま＆るる / きぬたン / 仮面のいはと先生 / 財閥だ浅ちゃん！
4,179,em-ffdcaffc4a41,雑煮入り☆うるっしー,36,3443,3443,4,guard,0.3225,0.4583,189,11,8,いいえ,ダリア・宮子・9 / vにゅーさん / サルパちゃん / 雑煮入り☆うるっしー / 御嶽さん
4,180,em-08c36f307e1c,3年ε組！エレナ先生,38,4430,4260,3,attack_buff,0.3219,0.5139,194,6,8,いいえ,有砂小町 / vにゅーさん / トランシルヴァニア家族 / 3年ε組！エレナ先生 / シミ
4,181,em-42e9353377ee,吉野スライム♂,40,5078,2078,3,skill_reduction,0.3216,0.3958,199,1,8,いいえ,ダリア・宮子・9 / vにゅーさん / サルパちゃん / 吉野スライム♂ / 財閥だ浅ちゃん！
4,182,em-b0a135da294f,デンマーくん三世,6,800,600,3,guard,0.3212,0.4861,187,13,8,いいえ,ウサウサ八幡 / 北間・クラリス嬢 / トランシルヴァニア家族 / デンマーくん三世 / 財閥だ浅ちゃん！
4,183,em-cfe553ea56a6,あまのちゃんパイセン,22,3220,805,3,multi_hit_attack,0.3207,0.4861,184,16,8,いいえ,vにゅーさん / ノローニャ・パイセン / きぬたン / あまのちゃんパイセン / シミ
4,184,em-e49404c0e4be,?????,43,5350,2712,3,attack_buff,0.3205,0.4514,178,22,8,いいえ,vにゅーさん / えかちぇたん / 田島の春 / ????? / 巨大カンテツ
4,185,em-a04fcf6167db,いはと先生,17,2093,3059,3,delay,0.3202,0.4028,193,7,8,いいえ,ダリア・宮子・9 / vにゅーさん / トランシルヴァニア家族 / いはと先生 / 財閥だ浅ちゃん！
4,186,em-6c2ea8631e0d,深海美少年モヅルン,37,5964,2385,3,attribute_guard,0.3197,0.4722,200,0,8,いいえ,ウサウサ八幡 / コロちゃん / 夜光虫ほたるん / 深海美少年モヅルン / うらうらら
4,187,em-a66d3edc0ac1,水戸Come On!,38,3493,3237,4,delay,0.3196,0.3889,197,3,8,いいえ,ダリア・宮子・9 / vにゅーさん / サルパちゃん / 水戸Come On! / 財閥だ浅ちゃん！
4,188,em-558066e14c81,ダブル・ブロッコリー,33,2595,2436,3,damage_reduction,0.3194,0.4444,193,7,8,いいえ,ウサウサ八幡 / コロちゃん / デロスの月陽姉弟 / ダブル・ブロッコリー / シミ
4,189,em-46432847d531,ＢＥＷ雪玉,8,2538,705,3,attack_buff,0.3186,0.4722,184,16,8,いいえ,ダリア・宮子・9 / vにゅーさん / トランシルヴァニア家族 / ＢＥＷ雪玉 / 財閥だ浅ちゃん！
4,190,em-bd98030ead3e,首領子襲来!!,33,5680,3786,4,heal,0.3182,0.4514,199,1,8,いいえ,有砂小町 / 脱力コンビあろま＆るる / 田島の春 / 首領子襲来!! / ダル飯☆杏
4,191,em-e0dcffe4d5d0,大魔神！せいタン降臨,44,2044,6305,4,attack_buff,0.3177,0.5,179,21,8,いいえ,vにゅーさん / えかちぇたん / 田島の春 / 大魔神！せいタン降臨 / 巨大カンテツ
4,192,em-c42ef00ed018,ｗｗナレースワンｗｗ,25,2560,2584,4,delay,0.3177,0.4236,189,11,8,いいえ,有砂小町 / 脱力コンビあろま＆るる / きぬたン / ｗｗナレースワンｗｗ / 財閥だ浅ちゃん！
4,193,em-6fd11d4d3308,超天狗くまのたん,35,1704,7497,3,attack_buff,0.3172,0.4653,191,9,8,いいえ,有砂小町 / vにゅーさん / トランシルヴァニア家族 / 超天狗くまのたん / シミ
4,194,em-54ee851ff3fb,zuス様とsiラ様,10,1410,987,4,attack_buff,0.3169,0.5208,198,2,8,いいえ,ウサウサ八幡 / 北間・クラリス嬢 / トランシルヴァニア家族 / zuス様とsiラ様 / ラパヌイ先生
4,195,em-5d34df1253d1,氷点下のレーカさん,40,2044,2556,3,revive,0.3162,0.5625,176,24,8,いいえ,ダリア・宮子・9 / 総統エビユルゲ / きぬたン / 氷点下のレーカさん / ヤマトタケルぅ！
4,196,em-90c9b7a939a7,九十九里流,37,2982,5112,4,attack_buff,0.3161,0.4653,193,7,8,いいえ,有砂小町 / vにゅーさん / トランシルヴァニア家族 / 九十九里流 / シミ
4,197,em-2f9e3ad50fc8,やまなしーヌの心,25,2415,2576,3,skill_reduction,0.316,0.4236,189,11,8,いいえ,有砂小町 / 脱力コンビあろま＆るる / きぬたン / やまなしーヌの心 / 財閥だ浅ちゃん！
4,198,em-d7e6501e0b63,ダークるる,60,4771,4771,3,damage_reduction,0.3159,0.4653,199,1,8,いいえ,vにゅーさん / ノローニャ・パイセン / 愛のぴよ子 / ダークるる / 財閥だ浅ちゃん！
4,199,em-30e34a964d63,デンマーくん二世,5,700,450,3,guard,0.3157,0.4792,186,14,8,いいえ,ウサウサ八幡 / 北間・クラリス嬢 / トランシルヴァニア家族 / デンマーくん二世 / 財閥だ浅ちゃん！
4,200,em-a4d82c09dd0f,魂入！とちぎソウル,7,565,1837,4,attack_buff,0.3152,0.5069,195,5,8,いいえ,ウサウサ八幡 / 北間・クラリス嬢 / トランシルヴァニア家族 / 魂入！とちぎソウル / ラパヌイ先生
4,201,em-d74e6be8b4b9,クビキリギス,40,3800,3544,4,damage_reduction,0.3152,0.4931,200,0,8,いいえ,有砂小町 / 脱力コンビあろま＆るる / 田島の春 / クビキリギス / 財閥だ浅ちゃん！
4,202,em-59ac9769ef60,神犬八房伏姫様,24,4093,1223,4,guard,0.3148,0.4444,184,16,8,いいえ,四悪妖・鵺 / コロちゃん / デロスの月陽姉弟 / 神犬八房伏姫様 / シミ
4,203,em-f35caa7e177a,モンポスさん,40,5112,2556,4,damage_reduction,0.3144,0.4583,199,1,8,いいえ,ダリア・宮子・9 / vにゅーさん / サルパちゃん / モンポスさん / 財閥だ浅ちゃん！
4,204,em-f3861e35df6f,暗黒王まはーかーらん,47,3731,3926,4,delay,0.3144,0.3819,200,0,8,いいえ,ダリア・宮子・9 / vにゅーさん / サルパちゃん / 暗黒王まはーかーらん / 御嶽さん
4,205,em-9f9bdf00a915,ハンドフィッシュさん,27,1635,2862,3,damage_reduction,0.3142,0.4583,194,6,8,いいえ,橘の元祖☆みっちー / 北間・クラリス嬢 / 田島の春 / ハンドフィッシュさん / 財閥だ浅ちゃん！
4,206,em-e2c8365ae02e,ɔリバーくん,10,704,1689,3,attack_buff,0.3139,0.5069,198,2,8,いいえ,ウサウサ八幡 / 北間・クラリス嬢 / トランシルヴァニア家族 / ɔリバーくん / ラパヌイ先生
4,207,em-d695befcbdc2,収穫☆にいがタン,26,4508,3655,3,attribute_guard,0.3138,0.4444,199,1,8,いいえ,有砂小町 / vにゅーさん / 愛のぴよ子 / 収穫☆にいがタン / 碧海のオフタルもん
4,208,em-4e9bf489ecd9,怒りのマッキニキ,14,2416,1359,3,damage_reduction,0.3137,0.4861,197,3,8,いいえ,ウサウサ八幡 / コロちゃん / 夜光虫ほたるん / 怒りのマッキニキ / ヘラクレス先輩
4,209,em-75717188c18a,あ、しょーか大先生,13,1812,1963,4,multi_hit_attack,0.3137,0.4514,196,4,8,いいえ,ダリア・宮子・9 / vにゅーさん / トランシルヴァニア家族 / あ、しょーか大先生 / ラパヌイ先生
4,210,em-8561e29b5d2e,まんまんちゃん,12,1524,1682,3,attack_buff,0.3136,0.5,200,0,8,いいえ,ウサウサ八幡 / 北間・クラリス嬢 / トランシルヴァニア家族 / まんまんちゃん / ラパヌイ先生
4,211,em-bc514db974f0,化石人骨ルーシー,23,3783,2173,3,revive,0.3133,0.5208,171,29,8,いいえ,vにゅーさん / ノローニャ・パイセン / 夜光虫ほたるん / 化石人骨ルーシー / ヤマトタケルぅ！
4,212,em-e931902358ae,弘法大師Ｑ改,15,1359,1963,3,skill_reduction,0.3125,0.4514,200,0,8,いいえ,ウサウサ八幡 / コロちゃん / デロスの月陽姉弟 / 弘法大師Ｑ改 / ラパヌイ先生
4,213,em-d295de1e4086,海の日シスターズ♪,40,3823,4657,4,attack_buff,0.3108,0.4792,196,4,8,いいえ,有砂小町 / vにゅーさん / トランシルヴァニア家族 / 海の日シスターズ♪ / シミ
4,214,em-02e0499d8e24,朱雀,36,4430,4941,4,attack_buff,0.3093,0.5069,200,0,8,いいえ,vにゅーさん / えかちぇたん / 田島の春 / 朱雀 / ダル飯☆杏
4,215,em-ed707603ab87,荒ぶる水島神人,15,1200,600,3,guard,0.3092,0.4861,196,4,8,いいえ,ウサウサ八幡 / 北間・クラリス嬢 / トランシルヴァニア家族 / 荒ぶる水島神人 / 財閥だ浅ちゃん！
4,216,em-14092b64f08d,コハク糖の魔導師,46,4379,5367,3,attribute_change,0.3085,0.4722,187,13,8,いいえ,vにゅーさん / えかちぇたん / トランシルヴァニア家族 / コハク糖の魔導師 / シミ
4,217,em-4805525cb8a4,ｴﾝｾﾞﾘｯｸ☆エンゼル,60,6816,4771,3,heal,0.3084,0.4444,199,1,8,いいえ,vにゅーさん / ノローニャ・パイセン / 愛のぴよ子 / ｴﾝｾﾞﾘｯｸ☆エンゼル / 財閥だ浅ちゃん！
4,218,em-a85045965911,まさか殿(マジ),100,7463,6628,3,attack_buff,0.3083,0.3819,197,3,8,いいえ,vにゅーさん / 北間・クラリス嬢 / トマティーナ少佐 / まさか殿(マジ) / シミ
4,219,em-d239e5e972de,ズンビーフック,17,2012,3220,4,multi_hit_attack,0.3075,0.4931,200,0,8,いいえ,ダリア・宮子・9 / vにゅーさん / トランシルヴァニア家族 / ズンビーフック / ラパヌイ先生
4,220,em-c46238c7c677,ケラ,70,3067,7157,3,attack_buff,0.3075,0.4583,196,4,8,いいえ,日本海女中 / vにゅーさん / トランシルヴァニア家族 / ケラ / 巨大カンテツ
4,221,em-bc840d35c547,ジ・あるじや,20,4025,1610,4,skill_reduction,0.3068,0.3958,196,4,8,いいえ,ダリア・宮子・9 / vにゅーさん / トランシルヴァニア家族 / ジ・あるじや / 財閥だ浅ちゃん！
4,222,em-d51ded51621f,華麗なる塚ジェンヌ,13,1684,1676,3,revive,0.3061,0.5347,198,2,8,いいえ,vにゅーさん / トランシルヴァニア家族 / 田島の春 / 華麗なる塚ジェンヌ / ラパヌイ先生
4,223,em-fcf6ec919e80,ｱﾙﾊﾟ力のお兄(父)さん,10,763,2205,3,heal,0.306,0.4653,184,16,8,いいえ,vにゅーさん / ノローニャ・パイセン / ターヌムンゴネキ / ｱﾙﾊﾟ力のお兄(父)さん / ラパヌイ先生
4,224,em-d86fc6931627,ふくしメイト・じゅん,19,1812,1661,3,skill_reduction,0.3056,0.4722,195,5,8,いいえ,ダリア・宮子・9 / vにゅーさん / トランシルヴァニア家族 / ふくしメイト・じゅん / 財閥だ浅ちゃん！
4,225,em-fb54694c6adc,サイガーイエロー,9,357,1057,4,multi_hit_attack,0.3053,0.4792,197,3,8,いいえ,ウサウサ八幡 / 北間・クラリス嬢 / トランシルヴァニア家族 / サイガーイエロー / ラパヌイ先生
4,226,em-28a408b64836,真・銘菓ぴよ子,12,795,815,3,multi_hit_attack,0.305,0.4792,200,0,8,いいえ,ウサウサ八幡 / 北間・クラリス嬢 / トランシルヴァニア家族 / 真・銘菓ぴよ子 / ラパヌイ先生
4,227,em-9d511711422e,禍殃☆ももとふ姫,17,2737,3059,3,heal,0.3049,0.4861,188,12,8,いいえ,ダリア・宮子・9 / トランシルヴァニア家族 / 田島の春 / 禍殃☆ももとふ姫 / ヤマトタケルぅ！
4,228,em-90f39743f105,伝説の牛タソ,19,2269,302,3,guard,0.3048,0.4375,179,21,8,いいえ,四悪妖・鵺 / コロちゃん / デロスの月陽姉弟 / 伝説の牛タソ / シミ
4,229,em-0e376d1892df,メネリくん一世,72,6134,3067,4,guard,0.3046,0.3884,198,2,8,いいえ,有砂小町 / 北間・クラリス嬢 / 田島の春 / メネリくん一世 / 御嶽さん
4,230,em-db2c3576c544,すわ子☆神,15,1100,1400,3,multi_hit_attack,0.3045,0.3819,190,10,8,いいえ,橘の元祖☆みっちー / 北間・クラリス嬢 / トランシルヴァニア家族 / すわ子☆神 / ラパヌイ先生
4,231,em-78785b8bf619,企業だ浅ちゃん！,42,1192,7327,4,attack_buff,0.3039,0.4514,198,2,8,いいえ,有砂小町 / vにゅーさん / トランシルヴァニア家族 / 企業だ浅ちゃん！ / シミ
4,232,em-618de9bba906,関大先生,9,1201,1201,3,guard,0.3037,0.4583,190,10,8,いいえ,ウサウサ八幡 / 北間・クラリス嬢 / トランシルヴァニア家族 / 関大先生 / 財閥だ浅ちゃん！
4,233,em-6722337c6d78,雨降る倉敷のみかん姐,15,2718,1963,4,aoe_attack,0.3036,0.3681,184,16,8,いいえ,vにゅーさん / なっとくん様 / サルパちゃん / 雨降る倉敷のみかん姐 / シミ
4,234,em-d25a7727f654,プラハ嬢,32,1482,4991,4,damage_reduction,0.3031,0.4931,192,8,8,いいえ,ウサウサ八幡 / コロちゃん / デロスの月陽姉弟 / プラハ嬢 / シミ
4,235,em-739aae6480ff,男前やできっしん,14,755,2605,4,attack_buff,0.3031,0.4722,191,9,8,いいえ,ウサウサ八幡 / 北間・クラリス嬢 / デロスの月陽姉弟 / 男前やできっしん / 財閥だ浅ちゃん！
4,236,em-c9268ab25340,大森銀さま,10,1600,200,3,damage_reduction,0.3028,0.4861,191,9,8,いいえ,ウサウサ八幡 / 北間・クラリス嬢 / トランシルヴァニア家族 / 大森銀さま / 財閥だ浅ちゃん！
4,237,em-b041a6f6cf00,テヅルモヅルン,37,5367,2147,3,attribute_guard,0.3028,0.4583,200,0,8,いいえ,ウサウサ八幡 / コロちゃん / 夜光虫ほたるん / テヅルモヅルン / うらうらら
4,238,em-ad0fa41f1980,輝け！叡智通,12,1102,1300,4,attack_buff,0.3027,0.5347,200,0,8,いいえ,ウサウサ八幡 / 北間・クラリス嬢 / トランシルヴァニア家族 / 輝け！叡智通 / ラパヌイ先生
4,239,em-75066f4bfd55,くーにょん,6,600,700,4,attack_buff,0.3026,0.5208,194,6,8,いいえ,ウサウサ八幡 / 北間・クラリス嬢 / トランシルヴァニア家族 / くーにょん / ラパヌイ先生
4,240,em-dbd545e946e6,嫁劇！くーにゃん,40,2556,6816,4,attack_buff,0.3024,0.4861,196,4,8,いいえ,有砂小町 / vにゅーさん / トランシルヴァニア家族 / 嫁劇！くーにゃん / シミ
4,241,em-1374a3351d4c,忍！fuま＆voたん,17,1510,1510,3,guard,0.3023,0.4514,197,3,8,いいえ,ウサウサ八幡 / 北間・クラリス嬢 / 田島の春 / 忍！fuま＆voたん / 財閥だ浅ちゃん！
4,242,em-28a4ccf4cbfc,ステンバーイちび蔵,24,596,3748,4,revive,0.3017,0.5208,200,0,8,いいえ,橘の元祖☆みっちー / vにゅーさん / トランシルヴァニア家族 / ステンバーイちび蔵 / ハリウッドナナコ師匠
4,243,em-2c819cc3029c,お稲荷さん,9,808,808,3,attack_buff,0.3015,0.5139,197,3,8,いいえ,ウサウサ八幡 / 北間・クラリス嬢 / トランシルヴァニア家族 / お稲荷さん / ラパヌイ先生
4,244,em-4f0b20692fd7,コンドアーズ,17,273,2120,3,attack_buff,0.3015,0.4792,182,18,8,いいえ,有砂小町 / 脱力コンビあろま＆るる / きぬたン / コンドアーズ / バビるわバビル君。
4,245,em-88028fdebb04,オペラハウス侯爵,24,3154,3177,3,revive,0.3014,0.4583,200,0,8,いいえ,橘の元祖☆みっちー / vにゅーさん / トランシルヴァニア家族 / オペラハウス侯爵 / ハリウッドナナコ師匠
4,246,em-1cd0c7153e75,みさき先輩,18,1400,1600,4,multi_hit_attack,0.3013,0.4653,200,0,8,いいえ,ダリア・宮子・9 / vにゅーさん / トランシルヴァニア家族 / みさき先輩 / ダル飯☆杏
4,247,em-05476daa6b31,だんじり鉄砲隊,26,805,3599,4,attack_buff,0.3012,0.4792,184,16,8,いいえ,vにゅーさん / ノローニャ・パイセン / 田島の春 / だんじり鉄砲隊 / シミ
4,248,em-22dd126a0f3a,どーん竜馬,17,2898,2898,3,attack_buff,0.2998,0.4514,192,8,8,いいえ,橘の元祖☆みっちー / 北間・クラリス嬢 / トランシルヴァニア家族 / どーん竜馬 / ラパヌイ先生
4,249,em-8d2b5bd68a94,ズースさんとシーラさん,6,800,600,4,attack_buff,0.2997,0.5069,194,6,8,いいえ,ウサウサ八幡 / 北間・クラリス嬢 / トランシルヴァニア家族 / ズースさんとシーラさん / ラパヌイ先生
4,250,em-a81a753351d9,戸定梨香,28,3216,3534,4,revive,0.2993,0.5069,165,35,8,いいえ,ダリア・宮子・9 / ノローニャ・パイセン / 夜光虫ほたるん / 戸定梨香 / 財閥だ浅ちゃん！
4,251,em-ab3cf42ca015,銘菓ぴよ子零式,15,1155,1255,3,multi_hit_attack,0.2993,0.4236,190,10,8,いいえ,橘の元祖☆みっちー / 北間・クラリス嬢 / トランシルヴァニア家族 / 銘菓ぴよ子零式 / ラパヌイ先生
4,252,em-7941e8376c00,堕楽・ぴよボロス,46,756,7572,4,attack_buff,0.2992,0.4375,197,3,8,いいえ,有砂小町 / vにゅーさん / トランシルヴァニア家族 / 堕楽・ぴよボロス / 巨大カンテツ
4,253,em-9eb7fd81d237,ユウ・レーカさん,20,2044,2556,4,revive,0.2991,0.5278,194,6,8,いいえ,有砂小町 / vにゅーさん / トランシルヴァニア家族 / ユウ・レーカさん / 財閥だ浅ちゃん！
4,254,em-7d756ba8373e,謹賀新年のびゃこ,47,2300,6219,4,attack_buff,0.299,0.4583,187,13,8,いいえ,vにゅーさん / えかちぇたん / 田島の春 / 謹賀新年のびゃこ / シミ
4,255,em-4a86c88e71a1,デンマーくん,3,600,300,3,guard,0.2988,0.4514,199,1,8,いいえ,ウサウサ八幡 / 北間・クラリス嬢 / 伊予・タウロス / デンマーくん / 財閥だ浅ちゃん！
4,256,em-ec52e54bb473,ﾀｰｷｰﾃﾞ-なじとっこ君,10,706,2403,4,attack_buff,0.2979,0.5069,198,2,8,いいえ,ウサウサ八幡 / 北間・クラリス嬢 / トランシルヴァニア家族 / ﾀｰｷｰﾃﾞ-なじとっこ君 / ラパヌイ先生
4,257,em-c6e2304d0b02,パプアさん,26,3365,2270,3,damage_reduction,0.2979,0.4653,193,7,8,いいえ,橘の元祖☆みっちー / 北間・クラリス嬢 / 田島の春 / パプアさん / 財閥だ浅ちゃん！
4,258,em-ea2d3d13fc78,いなば☆うあー,18,1300,1700,4,skill_reduction,0.2978,0.4722,194,6,8,いいえ,ダリア・宮子・9 / vにゅーさん / トランシルヴァニア家族 / いなば☆うあー / 財閥だ浅ちゃん！
4,259,em-6b8007792f3c,因幡WAHHH!!,32,3578,4771,4,attack_buff,0.2974,0.4583,200,0,8,いいえ,ダリア・宮子・9 / 脱力コンビあろま＆るる / 田島の春 / 因幡WAHHH!! / ダル飯☆杏
4,260,em-f89a98dd9893,大魔神！せいタン降臨,48,2044,6305,4,attack_buff,0.2971,0.4514,199,1,8,いいえ,有砂小町 / vにゅーさん / トランシルヴァニア家族 / 大魔神！せいタン降臨 / 巨大カンテツ
4,261,em-e51e56c23fa1,上級国民ロヴィーサ,44,2832,2984,4,attribute_guard,0.297,0.4653,197,3,8,いいえ,ダリア・宮子・9 / vにゅーさん / サルパちゃん / 上級国民ロヴィーサ / 御嶽さん
4,262,em-c3ea022d7d2f,にゅーさん,12,500,1900,3,guard,0.2969,0.4306,192,8,8,いいえ,ウサウサ八幡 / 北間・クラリス嬢 / 田島の春 / にゅーさん / 財閥だ浅ちゃん！
4,263,em-5d34c0af44dd,白兎神★ばうあー,72,3878,5487,3,skill_reduction,0.2968,0.3542,198,2,8,いいえ,日本海女中 / vにゅーさん / トランシルヴァニア家族 / 白兎神★ばうあー / 巨大カンテツ
4,264,em-3911cf0df99b,あずま京子という女,14,1687,1687,3,damage_reduction,0.2967,0.4861,190,10,8,いいえ,ハリウッドナナコ師匠 / vにゅーさん / トランシルヴァニア家族 / あずま京子という女 / 碧海のオフタルもん
4,265,em-fd111e204918,アルビールパイセン,19,467,2608,3,delay,0.2964,0.4167,195,5,8,いいえ,ダリア・宮子・9 / vにゅーさん / トランシルヴァニア家族 / アルビールパイセン / 財閥だ浅ちゃん！
4,266,em-5861838d2e36,ばうあー泥棒,35,4771,3033,4,attack_buff,0.2963,0.4514,200,0,8,いいえ,vにゅーさん / えかちぇたん / 田島の春 / ばうあー泥棒 / ラパヌイ先生
4,267,em-bbcd19672515,ＭＲ凜子様,13,1699,1699,4,attack_buff,0.2959,0.4653,185,15,8,いいえ,コメツキ / 脱力コンビあろま＆るる / デロスの月陽姉弟 / ＭＲ凜子様 / 財閥だ浅ちゃん！
4,268,em-6870ddfd0fbb,大道芸！エʃ＆エʒ,12,1661,1661,3,skill_reduction,0.2956,0.4514,188,12,8,いいえ,ダリア・宮子・9 / vにゅーさん / トランシルヴァニア家族 / 大道芸！エʃ＆エʒ / 財閥だ浅ちゃん！
4,269,em-eb8dcb3ecb46,ヨーコ須賀パイセン,45,5964,3237,3,attribute_guard,0.2956,0.4236,198,2,8,いいえ,ダリア・宮子・9 / vにゅーさん / サルパちゃん / ヨーコ須賀パイセン / 御嶽さん
4,270,em-83399e4df86b,必罰のエルフ,18,2093,3281,4,attack_buff,0.2951,0.4861,194,6,8,いいえ,ダリア・宮子・9 / vにゅーさん / トランシルヴァニア家族 / 必罰のエルフ / 財閥だ浅ちゃん！
4,271,em-28f044d525d7,スーリヤ様が見てる,7,489,1446,3,skill_reduction,0.2949,0.4583,183,17,8,いいえ,ダリア・宮子・9 / vにゅーさん / トランシルヴァニア家族 / スーリヤ様が見てる / 財閥だ浅ちゃん！
4,272,em-a0762b5d76ab,シーラちゃん,5,600,550,4,attack_buff,0.2948,0.5069,193,7,8,いいえ,ウサウサ八幡 / 北間・クラリス嬢 / トランシルヴァニア家族 / シーラちゃん / ラパヌイ先生
4,273,em-3c1078996c9c,めい子のNEW DAY,25,2760,2862,4,attribute_guard,0.2942,0.4722,200,0,8,いいえ,四悪妖・鵺 / コロちゃん / デロスの月陽姉弟 / めい子のNEW DAY / 八狗神伏姫様
4,274,em-fd155a3410b2,鯰坊主と子供たち,45,5793,2130,3,damage_reduction,0.2939,0.4375,192,8,8,いいえ,橘の元祖☆みっちー / ノローニャ・パイセン / 夜光虫ほたるん / 鯰坊主と子供たち / 巨大カンテツ
4,275,em-ea000314e767,ＫＲ２ジョー少佐,13,921,2476,3,attack_buff,0.2938,0.4931,189,11,8,いいえ,ダリア・宮子・9 / vにゅーさん / トランシルヴァニア家族 / ＫＲ２ジョー少佐 / 財閥だ浅ちゃん！
4,276,em-409b16959eac,唸るぜ！よりりん,12,795,805,3,attribute_change,0.2934,0.5139,188,12,8,いいえ,ダリア・宮子・9 / vにゅーさん / トランシルヴァニア家族 / 唸るぜ！よりりん / 財閥だ浅ちゃん！
4,277,em-5c4a86842734,芹沢殿,10,703,698,3,guard,0.2933,0.4653,191,9,8,いいえ,ウサウサ八幡 / 北間・クラリス嬢 / トランシルヴァニア家族 / 芹沢殿 / 財閥だ浅ちゃん！
4,278,em-1ad78d7d3c2f,狐仮面,22,2215,1789,4,revive,0.293,0.5347,198,2,8,いいえ,橘の元祖☆みっちー / vにゅーさん / トランシルヴァニア家族 / 狐仮面 / ハリウッドナナコ師匠
4,279,em-11f22e87203d,骨喰　花蟲,60,2300,5708,4,revive,0.293,0.5,199,1,8,いいえ,vにゅーさん / ノローニャ・パイセン / 愛のぴよ子 / 骨喰　花蟲 / 財閥だ浅ちゃん！
4,280,em-2a6ad62952da,スホクラント先生,15,1841,904,3,damage_reduction,0.2928,0.4722,180,20,8,いいえ,ウサウサ八幡 / ノローニャ・パイセン / 夜光虫ほたるん / スホクラント先生 / シミ
4,281,em-24b5b550f587,ジョロウグモ,10,937,2113,3,damage_reduction,0.2925,0.4861,193,7,8,いいえ,vにゅーさん / ノローニャ・パイセン / 田島の春 / ジョロウグモ / ラパヌイ先生
4,282,em-b09b44b6b259,くだにょん,13,1128,1269,4,attack_buff,0.2925,0.4792,191,9,8,いいえ,ウサウサ八幡 / コロちゃん / デロスの月陽姉弟 / くだにょん / 財閥だ浅ちゃん！
4,283,em-53a13d10258e,コドモドラゴン！,10,1833,987,3,damage_reduction,0.2921,0.4514,163,37,8,いいえ,vにゅーさん / ノローニャ・パイセン / 夜光虫ほたるん / コドモドラゴン！ / ラパヌイ先生
4,284,em-900c465878ea,たたらん先生,12,800,600,3,attack_buff,0.292,0.5069,200,0,8,いいえ,ウサウサ八幡 / 北間・クラリス嬢 / トランシルヴァニア家族 / たたらん先生 / ラパヌイ先生
4,285,em-d76a5850c323,牛追いガウガウ,40,5964,1704,4,damage_reduction,0.292,0.4444,199,1,8,いいえ,ダリア・宮子・9 / vにゅーさん / サルパちゃん / 牛追いガウガウ / 財閥だ浅ちゃん！
4,286,em-309e9bdb12e4,萌やし戦士,14,773,2573,4,attack_buff,0.2919,0.4514,191,9,8,いいえ,ウサウサ八幡 / 北間・クラリス嬢 / デロスの月陽姉弟 / 萌やし戦士 / 財閥だ浅ちゃん！
4,287,em-ae6ea6bc1914,ズースくん,3,500,400,4,attack_buff,0.2917,0.5,191,9,8,いいえ,ウサウサ八幡 / 北間・クラリス嬢 / トランシルヴァニア家族 / ズースくん / ラパヌイ先生
4,288,em-d3961c13041f,光るぜ！よりりん,15,1200,1200,3,attribute_change,0.2916,0.5,191,9,8,いいえ,ダリア・宮子・9 / vにゅーさん / トランシルヴァニア家族 / 光るぜ！よりりん / 財閥だ浅ちゃん！
4,289,em-f5c067498bab,深窓のやまなしーヌ,17,1661,1812,3,skill_reduction,0.2914,0.4167,193,7,8,いいえ,ダリア・宮子・9 / vにゅーさん / トランシルヴァニア家族 / 深窓のやまなしーヌ / 財閥だ浅ちゃん！
4,290,em-f6360fa6b0ca,伝統のうるっしー,16,1800,600,4,guard,0.2912,0.4931,197,3,8,いいえ,ウサウサ八幡 / 北間・クラリス嬢 / トランシルヴァニア家族 / 伝統のうるっしー / 財閥だ浅ちゃん！
4,291,em-950c6a19b78f,竹輪総理,6,250,1100,3,attack_buff,0.291,0.4861,194,6,8,いいえ,ウサウサ八幡 / 北間・クラリス嬢 / トランシルヴァニア家族 / 竹輪総理 / ラパヌイ先生
4,292,em-4efe36123302,輝け☆椛マン！,35,4260,3408,3,heal,0.2908,0.4583,200,0,8,いいえ,有砂小町 / 脱力コンビあろま＆るる / きぬたン / 輝け☆椛マン！ / バビるわバビル君。
4,293,em-40f4824b1c65,芋煮千十郎,9,1901,502,4,multi_hit_attack,0.2904,0.5139,197,3,8,いいえ,ウサウサ八幡 / 北間・クラリス嬢 / トランシルヴァニア家族 / 芋煮千十郎 / ラパヌイ先生
4,294,em-5558b35b9413,フゥーま＆ヴォたん,14,800,800,3,guard,0.2903,0.4653,195,5,8,いいえ,ウサウサ八幡 / 北間・クラリス嬢 / トランシルヴァニア家族 / フゥーま＆ヴォたん / 財閥だ浅ちゃん！
4,295,em-1eb8ca42b88a,日南のモア蔵,14,3534,424,3,guard,0.2903,0.4097,184,16,8,いいえ,ダリア・宮子・9 / vにゅーさん / トランシルヴァニア家族 / 日南のモア蔵 / 御嶽さん
4,296,em-6cbfcc23cd10,発光大王ほたるーニャ,9,1057,1198,3,attribute_change,0.2901,0.4931,185,15,8,いいえ,ダリア・宮子・9 / vにゅーさん / トランシルヴァニア家族 / 発光大王ほたるーニャ / 財閥だ浅ちゃん！
4,297,em-314fadaf0ea9,オシラサマ,28,4260,3322,3,heal,0.2899,0.4167,165,35,8,いいえ,ダリア・宮子・9 / ノローニャ・パイセン / 夜光虫ほたるん / オシラサマ / 財閥だ浅ちゃん！
4,298,em-b9ee6ac8db32,爆走！えるたそ,13,2114,1661,4,attack_buff,0.2896,0.4861,200,0,8,いいえ,ウサウサ八幡 / 北間・クラリス嬢 / 田島の春 / 爆走！えるたそ / ラパヌイ先生
4,299,em-7f906b3752a5,華麗なびわ子たん,10,1213,1190,3,damage_reduction,0.2895,0.5,191,9,8,いいえ,ウサウサ八幡 / 北間・クラリス嬢 / トランシルヴァニア家族 / 華麗なびわ子たん / 財閥だ浅ちゃん！
4,300,em-489782f8e31c,愛のぴよ子,7,1631,1993,3,heal,0.2878,0.4306,185,15,8,いいえ,vにゅーさん / ノローニャ・パイセン / 夜光虫ほたるん / 愛のぴよ子 / ヘラクレス先輩
4,301,em-40c34074cbb0,おかいこさま,17,2756,2511,4,attribute_change,0.2876,0.4514,186,14,8,いいえ,有砂小町 / ノローニャ・パイセン / デロスの月陽姉弟 / おかいこさま / ラパヌイ先生
4,302,em-c88f65fb7899,グラディ瑛太,16,4653,423,3,delay,0.2875,0.4236,178,22,8,いいえ,vにゅーさん / ノローニャ・パイセン / きぬたン / グラディ瑛太 / シミ
4,303,em-18279a838450,白刃舞うは存亡の秋,70,6816,4260,4,attack_buff,0.2873,0.4097,196,4,8,いいえ,ダリア・宮子・9 / vにゅーさん / サルパちゃん / 白刃舞うは存亡の秋 / ハリウッドナナコ師匠
4,304,em-a74603ad2679,白虎,36,5112,3408,4,attack_buff,0.2866,0.4375,199,1,8,いいえ,有砂小町 / 北間・クラリス嬢 / 哀哭のオオウミガラス / 白虎 / 財閥だ浅ちゃん！
4,305,em-337e85c2cd90,ユーコ☆スターダスト,60,6053,4354,4,revive,0.2865,0.4861,199,1,8,いいえ,vにゅーさん / ノローニャ・パイセン / 愛のぴよ子 / ユーコ☆スターダスト / 財閥だ浅ちゃん！
4,306,em-39011821f965,さるぼぼぼぼ～ん,12,800,1000,4,aoe_attack,0.2865,0.4653,200,0,8,いいえ,ウサウサ八幡 / 北間・クラリス嬢 / トランシルヴァニア家族 / さるぼぼぼぼ～ん / ラパヌイ先生
4,307,em-a94a52532d71,あまのちゃん先輩,20,1200,500,3,multi_hit_attack,0.2864,0.4792,182,18,8,いいえ,vにゅーさん / ノローニャ・パイセン / きぬたン / あまのちゃん先輩 / シミ
4,308,em-ebd6f9bf2bee,中野華蓮(日本人),17,1516,3638,4,attack_buff,0.2863,0.4653,192,8,8,いいえ,橘の元祖☆みっちー / 北間・クラリス嬢 / トランシルヴァニア家族 / 中野華蓮(日本人) / ラパヌイ先生
4,309,em-a16d639a61fc,水軍衆かっさーのん,9,1128,1269,3,attack_buff,0.2862,0.4653,197,3,8,いいえ,ウサウサ八幡 / 北間・クラリス嬢 / トランシルヴァニア家族 / 水軍衆かっさーのん / ラパヌイ先生
4,310,em-83c97b8f4e6e,アルルのキャミー,40,4001,6236,4,heal,0.286,0.4444,186,14,8,いいえ,vにゅーさん / ノローニャ・パイセン / 夜光虫ほたるん / アルルのキャミー / 財閥だ浅ちゃん！
4,311,em-8cafabee26c4,ホルトバージ君,22,5285,830,4,attack_buff,0.2859,0.4514,198,2,8,いいえ,ダリア・宮子・9 / vにゅーさん / トランシルヴァニア家族 / ホルトバージ君 / 財閥だ浅ちゃん！
4,312,em-54cb13a72721,不思議の海のモヅルン,60,6475,4941,3,attribute_guard,0.2859,0.4167,192,8,8,いいえ,有砂小町 / 北間・クラリス嬢 / 田島の春 / 不思議の海のモヅルン / 財閥だ浅ちゃん！
4,313,em-d0639c20e6b1,ユーコ☆宇宙,24,4260,2556,4,revive,0.2858,0.4861,198,2,8,いいえ,有砂小町 / vにゅーさん / トランシルヴァニア家族 / ユーコ☆宇宙 / 財閥だ浅ちゃん！
4,314,em-272a71a9c15d,キラカードなエッシュ,12,1812,1510,3,skill_reduction,0.2857,0.4097,188,12,8,いいえ,ダリア・宮子・9 / vにゅーさん / トランシルヴァニア家族 / キラカードなエッシュ / 財閥だ浅ちゃん！
4,315,em-34ff44ed1803,富士さんは魔女,42,5112,4260,4,revive,0.2856,0.4792,188,12,8,いいえ,vにゅーさん / ノローニャ・パイセン / 夜光虫ほたるん / 富士さんは魔女 / 財閥だ浅ちゃん！
4,316,em-955edfecd83b,天晴！ぶんぶくん,22,1883,1162,4,revive,0.2855,0.5347,198,2,8,いいえ,橘の元祖☆みっちー / vにゅーさん / トランシルヴァニア家族 / 天晴！ぶんぶくん / ハリウッドナナコ師匠
4,317,em-b90efc9e636b,婆娑羅でどーよ,18,1046,4105,4,attack_buff,0.2854,0.4792,194,6,8,いいえ,ダリア・宮子・9 / vにゅーさん / トランシルヴァニア家族 / 婆娑羅でどーよ / 財閥だ浅ちゃん！
4,318,em-6c82396ace3f,マッシブ☆ばん馬ばん,7,800,450,3,attack_buff,0.2852,0.5139,195,5,8,いいえ,ウサウサ八幡 / 北間・クラリス嬢 / トランシルヴァニア家族 / マッシブ☆ばん馬ばん / ラパヌイ先生
4,319,em-900d96f0b1d7,修験くまのたん,12,400,1200,3,attack_buff,0.2852,0.4861,200,0,8,いいえ,ウサウサ八幡 / 北間・クラリス嬢 / トランシルヴァニア家族 / 修験くまのたん / ラパヌイ先生
4,320,em-08381d79cfef,大森銀さん,5,1300,150,4,damage_reduction,0.2851,0.4792,186,14,8,いいえ,ウサウサ八幡 / 北間・クラリス嬢 / トランシルヴァニア家族 / 大森銀さん / 財閥だ浅ちゃん！
4,321,em-0ccc51b405ca,初代畳リーゼント,13,1045,2258,4,attack_buff,0.2849,0.4722,200,0,8,いいえ,ウサウサ八幡 / ノローニャ・パイセン / デロスの月陽姉弟 / 初代畳リーゼント / 巨大カンテツ
4,322,em-3ba3c1cd24cc,P.O☆うるっしー,25,3220,1449,4,guard,0.2846,0.4306,195,5,8,いいえ,ダリア・宮子・9 / vにゅーさん / トランシルヴァニア家族 / P.O☆うるっしー / 御嶽さん
4,323,em-e42e99273751,輪島のうるっしー,12,1200,500,4,guard,0.2844,0.4861,193,7,8,いいえ,ウサウサ八幡 / 北間・クラリス嬢 / トランシルヴァニア家族 / 輪島のうるっしー / 財閥だ浅ちゃん！
4,324,em-9ca244c83a38,ʤouカー＆ʧouカー,16,1510,2124,4,delay,0.2836,0.3889,192,8,8,いいえ,ダリア・宮子・9 / vにゅーさん / トランシルヴァニア家族 / ʤouカー＆ʧouカー / 財閥だ浅ちゃん！
4,325,em-d111f497df0f,湘南大水曜日ボーイ,40,2044,5623,4,attack_buff,0.2833,0.4514,196,4,8,いいえ,有砂小町 / vにゅーさん / トランシルヴァニア家族 / 湘南大水曜日ボーイ / シミ
4,326,em-06a82dd4f95a,やまとーる海将,18,2567,1208,4,damage_reduction,0.2833,0.4236,196,4,8,いいえ,vにゅーさん / トランシルヴァニア家族 / 愛のぴよ子 / やまとーる海将 / 碧海のオフタルもん
4,327,em-25fed9fde1ce,かっさーWoo！,16,1131,2403,4,attack_buff,0.283,0.4514,193,7,8,いいえ,ウサウサ八幡 / 北間・クラリス嬢 / デロスの月陽姉弟 / かっさーWoo！ / 財閥だ浅ちゃん！
4,328,em-c749ad6eefee,トーテムゆ～る,16,1413,1201,3,delay,0.2829,0.4653,192,8,8,いいえ,ダリア・宮子・9 / vにゅーさん / トランシルヴァニア家族 / トーテムゆ～る / 財閥だ浅ちゃん！
4,329,em-549e080062a7,ぶんぶくん,22,1550,895,4,revive,0.2828,0.5347,196,4,8,いいえ,有砂小町 / vにゅーさん / トランシルヴァニア家族 / ぶんぶくん / 財閥だ浅ちゃん！
4,330,em-db7ee0abcada,ＫＲ２ジョーの戦い,30,2385,4601,3,damage_reduction,0.2828,0.4583,197,3,8,いいえ,橘の元祖☆みっちー / 北間・クラリス嬢 / 田島の春 / ＫＲ２ジョーの戦い / 財閥だ浅ちゃん！
4,331,em-b09ebd864da6,みずがめəろまちゃん,14,1057,1198,4,revive,0.2827,0.5139,188,12,8,いいえ,有砂小町 / vにゅーさん / トランシルヴァニア家族 / みずがめəろまちゃん / 財閥だ浅ちゃん！
4,332,em-294f61da0084,Ｃ・Ｃ☆電車姫,22,3741,1973,4,attack_buff,0.2827,0.4306,198,2,8,いいえ,ダリア・宮子・9 / vにゅーさん / トランシルヴァニア家族 / Ｃ・Ｃ☆電車姫 / 財閥だ浅ちゃん！
4,333,em-48fc0bb31337,踊る☆なまずおじさん,60,5793,2130,3,damage_reduction,0.2826,0.4097,198,2,6,いいえ,vにゅーさん / 北間・クラリス嬢 / トランシルヴァニア家族 / 踊る☆なまずおじさん / 御嶽さん
4,334,em-2697b5e55b56,あろまちゃん+空気,6,650,700,4,revive,0.282,0.5208,200,0,8,いいえ,うさ☆八幡さま / vにゅーさん / トランシルヴァニア家族 / あろまちゃん+空気 / 財閥だ浅ちゃん！
4,335,em-6f8dfc0a39eb,近すぎリオンさん,16,1000,1500,4,delay,0.2819,0.4583,192,8,8,いいえ,ダリア・宮子・9 / vにゅーさん / トランシルヴァニア家族 / 近すぎリオンさん / 財閥だ浅ちゃん！
4,336,em-595b1ebc9a59,戦え！ブルりん,16,1400,1600,4,damage_reduction,0.2818,0.5,197,3,8,いいえ,ウサウサ八幡 / 北間・クラリス嬢 / トランシルヴァニア家族 / 戦え！ブルりん / 財閥だ浅ちゃん！
4,337,em-1acdee18dc58,生きろ！モア蔵,7,1540,240,3,guard,0.2817,0.4653,188,12,8,いいえ,ウサウサ八幡 / 北間・クラリス嬢 / トランシルヴァニア家族 / 生きろ！モア蔵 / 財閥だ浅ちゃん！
4,338,em-999d33621829,おたべ妖精,7,1272,1131,4,delay,0.2816,0.4236,183,17,8,いいえ,ダリア・宮子・9 / vにゅーさん / トランシルヴァニア家族 / おたべ妖精 / 財閥だ浅ちゃん！
4,339,em-59fa5fa098ba,繭神！おかいこさま,32,5027,1704,3,attribute_change,0.2814,0.4583,191,9,8,いいえ,ダリア・宮子・9 / vにゅーさん / サルパちゃん / 繭神！おかいこさま / 財閥だ浅ちゃん！
4,340,em-124d2df2b85e,ディオクレ君,23,2416,1449,4,skill_reduction,0.2814,0.4306,199,1,8,いいえ,ダリア・宮子・9 / vにゅーさん / トランシルヴァニア家族 / ディオクレ君 / 財閥だ浅ちゃん！
4,341,em-916052b33162,リンゴルモア大王,7,1269,1128,3,delay,0.2814,0.4236,183,17,8,いいえ,ダリア・宮子・9 / vにゅーさん / トランシルヴァニア家族 / リンゴルモア大王 / 財閥だ浅ちゃん！
4,342,em-5d524aa44032,元祖・銘菓ぴよ子,8,605,625,4,multi_hit_attack,0.2805,0.4722,196,4,8,いいえ,ウサウサ八幡 / 北間・クラリス嬢 / トランシルヴァニア家族 / 元祖・銘菓ぴよ子 / ラパヌイ先生
4,343,em-5f9efdc805e5,呼んでますトムさん,15,1269,1269,3,attribute_guard,0.2805,0.4444,190,10,8,いいえ,橘の元祖☆みっちー / ノローニャ・パイセン / 夜光虫ほたるん / 呼んでますトムさん / あ、シュールさんだ。
4,344,em-9ffce070b31f,レモなんとかさん,40,5793,2215,3,revive,0.2804,0.4792,176,24,8,いいえ,ダリア・宮子・9 / 総統エビユルゲ / きぬたン / レモなんとかさん / ヤマトタケルぅ！
4,345,em-fd76872dafaf,くまのたん,8,300,920,3,attack_buff,0.2804,0.4792,196,4,8,いいえ,ウサウサ八幡 / 北間・クラリス嬢 / トランシルヴァニア家族 / くまのたん / ラパヌイ先生
4,346,em-e1a6af095fc1,驀進叡智通,7,450,530,4,attack_buff,0.2801,0.5208,195,5,8,いいえ,ウサウサ八幡 / 北間・クラリス嬢 / トランシルヴァニア家族 / 驀進叡智通 / ラパヌイ先生
4,347,em-fa255d19986d,出発！えるたそ,8,800,700,4,attack_buff,0.2796,0.5208,196,4,8,いいえ,ウサウサ八幡 / 北間・クラリス嬢 / トランシルヴァニア家族 / 出発！えるたそ / ラパヌイ先生
4,348,em-eece08d90093,罠なくトロイ先輩,18,4830,16,4,multi_hit_attack,0.2796,0.5069,200,0,8,いいえ,ダリア・宮子・9 / vにゅーさん / トランシルヴァニア家族 / 罠なくトロイ先輩 / ダル飯☆杏
4,349,em-f4ac535052c1,ɑム・ɑクト・パップ,13,1341,2416,4,heal,0.279,0.4375,198,2,8,いいえ,vにゅーさん / トランシルヴァニア家族 / 田島の春 / ɑム・ɑクト・パップ / ラパヌイ先生
4,350,em-7a89b660417d,くーちゃん,5,400,500,4,attack_buff,0.2789,0.5,193,7,8,いいえ,ウサウサ八幡 / 北間・クラリス嬢 / トランシルヴァニア家族 / くーちゃん / ラパヌイ先生
4,351,em-357427c8f331,反魂タン昼食TIME,27,3067,5623,4,attack_buff,0.2787,0.4375,185,15,8,いいえ,vにゅーさん / ノローニャ・パイセン / 田島の春 / 反魂タン昼食TIME / シミ
4,352,em-a62aee8d3548,レゲエじゃまいか,40,5453,3748,4,revive,0.2786,0.4444,186,14,8,いいえ,vにゅーさん / ノローニャ・パイセン / 夜光虫ほたるん / レゲエじゃまいか / 財閥だ浅ちゃん！
4,353,em-45dad5139056,ベギン改・修道女,37,4565,4467,4,revive,0.2785,0.4653,183,17,8,いいえ,vにゅーさん / ノローニャ・パイセン / 夜光虫ほたるん / ベギン改・修道女 / 財閥だ浅ちゃん！
4,354,em-fc400150cadd,サンタぴよ子,10,1173,1173,4,skill_reduction,0.2784,0.4583,186,14,8,いいえ,ダリア・宮子・9 / vにゅーさん / トランシルヴァニア家族 / サンタぴよ子 / 財閥だ浅ちゃん！
4,355,em-f8e6761b2883,青龍,36,1704,6816,3,attack_buff,0.2782,0.4236,192,8,8,いいえ,有砂小町 / vにゅーさん / トランシルヴァニア家族 / 青龍 / シミ
4,356,em-144424b04d69,あろまさん,5,450,650,4,revive,0.2777,0.5208,194,6,8,いいえ,ウサウサ八幡 / vにゅーさん / トランシルヴァニア家族 / あろまさん / ハリウッドナナコ師匠
4,357,em-5d62afcf01d5,転がる！けねず君,37,3408,2044,4,damage_reduction,0.2777,0.4444,200,0,8,いいえ,ウサウサ八幡 / コロちゃん / 夜光虫ほたるん / 転がる！けねず君 / うらうらら
4,358,em-4d4bf14cc827,いはと先輩,15,1000,1400,3,delay,0.2776,0.4306,191,9,8,いいえ,ダリア・宮子・9 / vにゅーさん / トランシルヴァニア家族 / いはと先輩 / 財閥だ浅ちゃん！
4,359,em-bff3cff5162a,トキシッくんｵｯｽｵｯｽ,9,2253,1267,3,revive,0.2776,0.4236,198,2,8,いいえ,ウサウサ八幡 / vにゅーさん / トランシルヴァニア家族 / トキシッくんｵｯｽｵｯｽ / ハリウッドナナコ師匠
4,360,em-199bdad6398b,なるティス,12,1000,900,3,attack_buff,0.2771,0.4792,200,0,8,いいえ,ウサウサ八幡 / 北間・クラリス嬢 / トランシルヴァニア家族 / なるティス / ラパヌイ先生
4,361,em-6145c94ca696,ｽﾌﾟﾗ♡な琵琶子たん,13,1213,1190,3,damage_reduction,0.277,0.4861,194,6,8,いいえ,ウサウサ八幡 / 北間・クラリス嬢 / トランシルヴァニア家族 / ｽﾌﾟﾗ♡な琵琶子たん / 財閥だ浅ちゃん！
4,362,em-9e9fc5ee5a9c,深淵のエルフ,18,2537,3059,4,attack_buff,0.2768,0.4444,194,6,8,いいえ,ダリア・宮子・9 / vにゅーさん / トランシルヴァニア家族 / 深淵のエルフ / 財閥だ浅ちゃん！
4,363,em-9bad632dc3a9,秋田世界発見伝,24,3838,845,4,guard,0.2768,0.4097,194,6,8,いいえ,ダリア・宮子・9 / vにゅーさん / トランシルヴァニア家族 / 秋田世界発見伝 / 御嶽さん
4,364,em-ae9fd7e6b2dc,ヘヴィなじとっ子君,8,607,1795,4,attack_buff,0.2767,0.4861,196,4,8,いいえ,ウサウサ八幡 / 北間・クラリス嬢 / トランシルヴァニア家族 / ヘヴィなじとっ子君 / ラパヌイ先生
4,365,em-826b6ae61786,スワン王,9,1229,1173,4,skill_reduction,0.2764,0.4236,185,15,8,いいえ,ダリア・宮子・9 / vにゅーさん / トランシルヴァニア家族 / スワン王 / 財閥だ浅ちゃん！
4,366,em-1fcf0af60c7a,老舗の牛タソ,14,1000,150,3,guard,0.2763,0.4583,195,5,8,いいえ,ウサウサ八幡 / 北間・クラリス嬢 / トランシルヴァニア家族 / 老舗の牛タソ / 財閥だ浅ちゃん！
4,367,em-8b0ee22a5cd7,ドナドナう皮,26,1676,1664,3,guard,0.2761,0.3819,196,4,8,いいえ,ダリア・宮子・9 / vにゅーさん / トランシルヴァニア家族 / ドナドナう皮 / 御嶽さん
4,368,em-9999a53f68e1,牛タソ,5,500,50,3,guard,0.276,0.4583,186,14,8,いいえ,ウサウサ八幡 / 北間・クラリス嬢 / トランシルヴァニア家族 / 牛タソ / 財閥だ浅ちゃん！
4,369,em-7e4426102b17,タンジャンじゃん,22,3139,3139,3,revive,0.2759,0.4583,196,4,8,いいえ,有砂小町 / vにゅーさん / トランシルヴァニア家族 / タンジャンじゃん / 財閥だ浅ちゃん！
4,370,em-698af6462642,反魂タン昼食TIME,32,3067,5623,4,attack_buff,0.2757,0.4444,188,12,8,いいえ,有砂小町 / vにゅーさん / トランシルヴァニア家族 / 反魂タン昼食TIME / シミ
4,371,em-6193e7af4d97,がうがうは考える,44,1704,5964,3,damage_reduction,0.2752,0.4236,197,3,8,いいえ,ダリア・宮子・9 / vにゅーさん / サルパちゃん / がうがうは考える / 御嶽さん
4,372,em-04bcad8262b9,現実リオンさん,12,700,1300,4,delay,0.275,0.4583,188,12,8,いいえ,ダリア・宮子・9 / vにゅーさん / トランシルヴァニア家族 / 現実リオンさん / 財閥だ浅ちゃん！
4,373,em-a5d6506eec58,瓜だね女中,15,3220,1610,4,heal,0.2747,0.4167,200,0,8,いいえ,vにゅーさん / トランシルヴァニア家族 / 田島の春 / 瓜だね女中 / ラパヌイ先生
4,374,em-6e472849dc37,ほーい竜馬,12,1100,1100,3,attack_buff,0.2745,0.4792,200,0,8,いいえ,ウサウサ八幡 / 北間・クラリス嬢 / トランシルヴァニア家族 / ほーい竜馬 / ラパヌイ先生
4,375,em-86b8f3a86278,レボリューション凜子,10,800,800,4,attack_buff,0.2741,0.4861,198,2,8,いいえ,ウサウサ八幡 / 北間・クラリス嬢 / トランシルヴァニア家族 / レボリューション凜子 / ラパヌイ先生
4,376,em-b4a2096551c5,金閣明日香,15,1201,1343,4,revive,0.274,0.4931,191,9,8,いいえ,橘の元祖☆みっちー / vにゅーさん / トランシルヴァニア家族 / 金閣明日香 / ハリウッドナナコ師匠
4,377,em-9cbbb04818bd,シミ,20,1704,2215,4,heal,0.274,0.4097,168,32,8,いいえ,vにゅーさん / ノローニャ・パイセン / 夜光虫ほたるん / シミ / ヤマトタケルぅ！
4,378,em-dce9e83b7c07,長靴履いたなろう猫,42,3786,2726,3,attribute_change,0.274,0.4097,198,2,8,いいえ,有砂小町 / vにゅーさん / トランシルヴァニア家族 / 長靴履いたなろう猫 / シミ
4,379,em-98730869df6a,朱染めの夏炎・朱雀,70,5282,6475,3,attack_buff,0.2737,0.4097,183,17,8,いいえ,vにゅーさん / ノローニャ・パイセン / 夜光虫ほたるん / 朱染めの夏炎・朱雀 / ウシュか☆丸か
4,380,em-1290652c5171,萌やし博士,10,408,1212,4,attack_buff,0.2725,0.4722,198,2,8,いいえ,ウサウサ八幡 / 北間・クラリス嬢 / トランシルヴァニア家族 / 萌やし博士 / ラパヌイ先生
4,381,em-9d861b51bd30,波乗りキング,18,776,2582,3,attack_buff,0.2725,0.4514,194,6,8,いいえ,ダリア・宮子・9 / vにゅーさん / トランシルヴァニア家族 / 波乗りキング / 財閥だ浅ちゃん！
4,382,em-fea44f2a7dd8,だが男だ彦にゃん,15,2793,1132,3,skill_reduction,0.2725,0.4167,191,9,8,いいえ,ダリア・宮子・9 / vにゅーさん / トランシルヴァニア家族 / だが男だ彦にゃん / 財閥だ浅ちゃん！
4,383,em-902df874fa74,でらマジカ,6,650,700,3,attribute_guard,0.2724,0.4653,187,13,8,いいえ,ウサウサ八幡 / 北間・クラリス嬢 / トランシルヴァニア家族 / でらマジカ / 財閥だ浅ちゃん！
4,384,em-ae8585ed525d,一服のうっぴー,46,6475,3408,3,heal,0.2721,0.4306,171,29,8,いいえ,ウサウサ八幡 / コロちゃん / 夜光虫ほたるん / 一服のうっぴー / 速いぞサラマンダー！
4,385,em-57e25e9e3446,にゅーくん,8,400,1700,4,guard,0.2721,0.4236,188,12,8,いいえ,ウサウサ八幡 / 北間・クラリス嬢 / 田島の春 / にゅーくん / 財閥だ浅ちゃん！
4,386,em-0c10b95e36c6,激走！えるたそ,10,900,800,4,attack_buff,0.2719,0.5069,198,2,8,いいえ,ウサウサ八幡 / 北間・クラリス嬢 / トランシルヴァニア家族 / 激走！えるたそ / ラパヌイ先生
4,387,em-3738f743f200,復活！チワワんこ,8,1128,1269,3,heal,0.2719,0.4375,186,14,8,いいえ,vにゅーさん / ノローニャ・パイセン / 夜光虫ほたるん / 復活！チワワんこ / ヘラクレス先輩
4,388,em-6a28c73fe6b3,はーい竜馬,8,900,900,3,attack_buff,0.2712,0.4722,196,4,8,いいえ,ウサウサ八幡 / 北間・クラリス嬢 / トランシルヴァニア家族 / はーい竜馬 / ラパヌイ先生
4,389,em-484d995e3adb,くノ一！ヴォたん,9,700,700,4,guard,0.2703,0.4653,190,10,8,いいえ,ウサウサ八幡 / 北間・クラリス嬢 / トランシルヴァニア家族 / くノ一！ヴォたん / 財閥だ浅ちゃん！
4,390,em-6eed78e1fe62,リア充の権化安倍晴明,100,6782,6271,3,heal,0.2702,0.3333,199,1,8,いいえ,ダリア・宮子・9 / ペーチパイセン / トランシルヴァニア家族 / リア充の権化安倍晴明 / 大森さん
4,391,em-3ea6ac9a0933,オリバーWITHソー,8,400,800,3,attack_buff,0.2701,0.4653,196,4,8,いいえ,ウサウサ八幡 / 北間・クラリス嬢 / トランシルヴァニア家族 / オリバーWITHソー / ラパヌイ先生
4,392,em-74b9082a787c,暫時バル状態,19,2938,838,4,damage_reduction,0.2701,0.4444,200,0,8,いいえ,有砂小町 / 脱力コンビあろま＆るる / きぬたン / 暫時バル状態 / はぎみタンさん
4,393,em-0051409a8e1f,芹沢さん,8,604,597,4,guard,0.2699,0.4653,189,11,8,いいえ,ウサウサ八幡 / 北間・クラリス嬢 / トランシルヴァニア家族 / 芹沢さん / 財閥だ浅ちゃん！
4,394,em-594f4648caff,金閣鹿苑大先生,7,1201,1201,4,revive,0.2698,0.4792,196,4,8,いいえ,ウサウサ八幡 / vにゅーさん / トランシルヴァニア家族 / 金閣鹿苑大先生 / ハリウッドナナコ師匠
4,395,em-4d6fe3f2c9ae,くーさん,3,300,400,4,attack_buff,0.2693,0.4861,191,9,8,いいえ,ウサウサ八幡 / 北間・クラリス嬢 / トランシルヴァニア家族 / くーさん / ラパヌイ先生
4,396,em-81078d011501,年齢不詳！エンゼル様,22,2215,3237,3,heal,0.2691,0.4167,198,2,8,いいえ,橘の元祖☆みっちー / vにゅーさん / トランシルヴァニア家族 / 年齢不詳！エンゼル様 / ハリウッドナナコ師匠
4,397,em-d5d58dc5e468,子供神・わらしちゃん,7,565,1131,4,delay,0.2689,0.4375,183,17,8,いいえ,ダリア・宮子・9 / vにゅーさん / トランシルヴァニア家族 / 子供神・わらしちゃん / 財閥だ浅ちゃん！
4,398,em-6ed81c8341b0,萌やし紳士,8,308,898,4,attack_buff,0.2685,0.4722,196,4,8,いいえ,ウサウサ八幡 / 北間・クラリス嬢 / トランシルヴァニア家族 / 萌やし紳士 / ラパヌイ先生
4,399,em-75c067942d62,大内先生,11,1699,1699,4,heal,0.2684,0.4514,185,15,8,いいえ,vにゅーさん / ノローニャ・パイセン / ターヌムンゴネキ / 大内先生 / ラパヌイ先生
4,400,em-20d0672eefa5,実際かにろう,8,1269,987,4,delay,0.2682,0.4444,184,16,8,いいえ,ダリア・宮子・9 / vにゅーさん / トランシルヴァニア家族 / 実際かにろう / 財閥だ浅ちゃん！
4,401,em-c6a0a8b51afe,ライオットうお太,41,3152,4175,4,damage_reduction,0.2681,0.4028,194,6,8,いいえ,ダリア・宮子・9 / vにゅーさん / サルパちゃん / ライオットうお太 / 御嶽さん
4,402,em-4b8003f0f990,メル子さま,12,800,800,3,attack_buff,0.2679,0.5,200,0,8,いいえ,ウサウサ八幡 / 北間・クラリス嬢 / トランシルヴァニア家族 / メル子さま / ラパヌイ先生
4,403,em-251adb8af3dc,にくぁう餃子権現,30,1365,3638,4,attack_buff,0.2673,0.4514,188,12,8,いいえ,vにゅーさん / ノローニャ・パイセン / 田島の春 / にくぁう餃子権現 / シミ
4,404,em-e795d2bbe2f0,北政所ねね様,60,5623,4601,3,attribute_guard,0.2672,0.3889,200,0,6,いいえ,有砂小町 / カルボ姉（ねえ） / 愛のぴよ子 / 北政所ねね様 / 碧海のオフタルもん
4,405,em-a5c7dcdde3ff,水島神人発見される,10,900,400,4,guard,0.2669,0.4583,191,9,8,いいえ,ウサウサ八幡 / 北間・クラリス嬢 / トランシルヴァニア家族 / 水島神人発見される / 財閥だ浅ちゃん！
4,406,em-3803f94f5ae7,あろまちゃん,3,350,500,4,revive,0.2667,0.5,192,8,8,いいえ,ウサウサ八幡 / vにゅーさん / トランシルヴァニア家族 / あろまちゃん / ハリウッドナナコ師匠
4,407,em-6f76a23db620,伏姫さま,17,2006,676,4,guard,0.2667,0.4167,169,31,8,いいえ,橘の元祖☆みっちー / ノローニャ・パイセン / 夜光虫ほたるん / 伏姫さま / シミ
4,408,em-edd2253df045,怪奇！変身鬼人形,25,3408,3834,3,attribute_change,0.2666,0.4306,185,15,8,いいえ,vにゅーさん / トランシルヴァニア家族 / 田島の春 / 怪奇！変身鬼人形 / シミ
4,409,em-ebf10919d982,ミラクル凜子,8,700,704,4,attack_buff,0.2664,0.4792,196,4,8,いいえ,ウサウサ八幡 / 北間・クラリス嬢 / トランシルヴァニア家族 / ミラクル凜子 / ラパヌイ先生
4,410,em-5f5281ba5e2a,黄泉還り！反魂タン,9,1812,1963,3,revive,0.2661,0.4444,187,13,8,いいえ,vにゅーさん / ノローニャ・パイセン / 夜光虫ほたるん / 黄泉還り！反魂タン / ヘラクレス先輩
4,411,em-c879fe74178e,唸る！叡智通,5,370,410,4,attack_buff,0.266,0.5,193,7,8,いいえ,ウサウサ八幡 / 北間・クラリス嬢 / トランシルヴァニア家族 / 唸る！叡智通 / ラパヌイ先生
4,412,em-874769710492,さふらんらん,8,1734,888,3,skill_reduction,0.266,0.4097,184,16,8,いいえ,ダリア・宮子・9 / vにゅーさん / トランシルヴァニア家族 / さふらんらん / 財閥だ浅ちゃん！
4,413,em-9c37bba7df0f,ＫＲ２ジョー少尉,11,495,1105,3,attack_buff,0.2656,0.4931,199,1,8,いいえ,ウサウサ八幡 / 北間・クラリス嬢 / トランシルヴァニア家族 / ＫＲ２ジョー少尉 / ラパヌイ先生
4,414,em-0985c7675d5c,みかん姐さん,13,1100,600,4,aoe_attack,0.2656,0.4931,200,0,8,いいえ,ウサウサ八幡 / 北間・クラリス嬢 / 田島の春 / みかん姐さん / ラパヌイ先生
4,415,em-091b1c77c643,戸隠ちび蔵,6,150,950,3,attack_buff,0.2654,0.4792,194,6,8,いいえ,ウサウサ八幡 / 北間・クラリス嬢 / トランシルヴァニア家族 / 戸隠ちび蔵 / ラパヌイ先生
4,416,em-cbed7e550323,ちわっしータミ,12,2249,1376,3,heal,0.2653,0.4028,186,14,8,いいえ,有砂小町 / vにゅーさん / トランシルヴァニア家族 / ちわっしータミ / 財閥だ浅ちゃん！
4,417,em-74e8fc67e60c,竹輪大臣,5,200,900,4,attack_buff,0.2652,0.4792,193,7,8,いいえ,ウサウサ八幡 / 北間・クラリス嬢 / トランシルヴァニア家族 / 竹輪大臣 / ラパヌイ先生
4,418,em-5793db0a4078,リンゴール伯爵,5,700,600,4,delay,0.265,0.4514,190,10,8,いいえ,四悪妖・鵺 / コロちゃん / デロスの月陽姉弟 / リンゴール伯爵 / ラパヌイ先生
4,419,em-674bf61c8b00,海賊衆かっさーのん,6,600,700,4,attack_buff,0.2645,0.4722,194,6,8,いいえ,ウサウサ八幡 / 北間・クラリス嬢 / トランシルヴァニア家族 / 海賊衆かっさーのん / ラパヌイ先生
4,420,em-05de078a2e7c,幼妻！エンゼルちゃん,22,1993,2913,3,heal,0.2645,0.4167,170,30,8,いいえ,vにゅーさん / ノローニャ・パイセン / 夜光虫ほたるん / 幼妻！エンゼルちゃん / ヤマトタケルぅ！
4,421,em-0a74c35caba2,畳リーゼント総長,10,512,912,4,attack_buff,0.2642,0.4792,198,2,8,いいえ,ウサウサ八幡 / 北間・クラリス嬢 / トランシルヴァニア家族 / 畳リーゼント総長 / ラパヌイ先生
4,422,em-df4f003ab94e,熱いマッキニキ,11,1100,600,3,damage_reduction,0.2641,0.4444,200,0,8,いいえ,うさ☆八幡さま / 北間・クラリス嬢 / 田島の春 / 熱いマッキニキ / 碧海のオフタルもん
4,423,em-a84e9301da18,パワフル☆ばん馬ばん,5,600,350,4,attack_buff,0.2639,0.4931,193,7,8,いいえ,ウサウサ八幡 / 北間・クラリス嬢 / トランシルヴァニア家族 / パワフル☆ばん馬ばん / ラパヌイ先生
4,424,em-554c0093231a,おあげさん,7,505,495,3,attack_buff,0.2638,0.4722,195,5,8,いいえ,ウサウサ八幡 / 北間・クラリス嬢 / トランシルヴァニア家族 / おあげさん / ラパヌイ先生
4,425,em-9a3bd85e00a2,よりりん,8,605,615,4,attribute_change,0.2629,0.4861,184,16,8,いいえ,ダリア・宮子・9 / vにゅーさん / トランシルヴァニア家族 / よりりん / 財閥だ浅ちゃん！
4,426,em-e73e837049b5,ｿﾞﾝﾋﾞｶﾞｰﾙ･ガブリン,28,1366,3834,4,revive,0.2627,0.4653,165,35,8,いいえ,ダリア・宮子・9 / ノローニャ・パイセン / 夜光虫ほたるん / ｿﾞﾝﾋﾞｶﾞｰﾙ･ガブリン / 財閥だ浅ちゃん！
4,427,em-2d076c59c4b7,わんこーラスそば,6,600,700,3,heal,0.2626,0.4444,200,0,8,いいえ,うさ☆八幡さま / vにゅーさん / トランシルヴァニア家族 / わんこーラスそば / 財閥だ浅ちゃん！
4,428,em-e626c795c8a8,スミス＆エズ,12,1200,400,3,attribute_guard,0.2625,0.4444,190,10,8,いいえ,vにゅーさん / トランシルヴァニア家族 / 愛のぴよ子 / スミス＆エズ / 碧海のオフタルもん
4,429,em-7a5536e43124,因幡WAHHH!!,31,3578,4771,4,attack_buff,0.2625,0.4306,187,13,8,いいえ,有砂小町 / vにゅーさん / トランシルヴァニア家族 / 因幡WAHHH!! / シミ
4,430,em-58f4a804ff7f,マリンな白良さん,12,710,694,4,attack_buff,0.2612,0.4861,200,0,8,いいえ,ウサウサ八幡 / 北間・クラリス嬢 / トランシルヴァニア家族 / マリンな白良さん / ラパヌイ先生
4,431,em-88669edc6480,京子はまだやれる！,10,718,694,4,damage_reduction,0.261,0.4792,170,30,8,いいえ,ウサウサ八幡 / ノローニャ・パイセン / 夜光虫ほたるん / 京子はまだやれる！ / 巨大カンテツ
4,432,em-71820072d6c5,松浦凜子,6,603,603,4,attack_buff,0.261,0.4792,194,6,8,いいえ,ウサウサ八幡 / 北間・クラリス嬢 / トランシルヴァニア家族 / 松浦凜子 / ラパヌイ先生
4,433,em-f5eb41dbe671,たたらん先輩,9,600,400,4,attack_buff,0.2607,0.4861,197,3,8,いいえ,ウサウサ八幡 / 北間・クラリス嬢 / トランシルヴァニア家族 / たたらん先輩 / ラパヌイ先生
4,434,em-bbff6b354f45,くうかいさん,12,700,1100,4,skill_reduction,0.2604,0.4236,188,12,8,いいえ,ダリア・宮子・9 / vにゅーさん / トランシルヴァニア家族 / くうかいさん / 財閥だ浅ちゃん！
4,435,em-31f11b9a8df8,ももとふFREEダム,40,3408,4260,3,heal,0.2602,0.4167,186,14,8,いいえ,vにゅーさん / ノローニャ・パイセン / 夜光虫ほたるん / ももとふFREEダム / 財閥だ浅ちゃん！
4,436,em-02dd665173e3,超回復！反魂タン,6,600,700,4,revive,0.2599,0.4861,200,0,8,いいえ,うさ☆八幡さま / vにゅーさん / トランシルヴァニア家族 / 超回復！反魂タン / 財閥だ浅ちゃん！
4,437,em-e36d35de9441,青谷やよい,42,3578,3374,4,damage_reduction,0.2599,0.4444,194,6,8,いいえ,うさ☆八幡さま / 北間・クラリス嬢 / 田島の春 / 青谷やよい / 財閥だ浅ちゃん！
4,438,em-67aa8e3ee215,川越料理長,17,1175,3655,4,attack_buff,0.2599,0.4306,184,16,8,いいえ,有砂小町 / トランシルヴァニア家族 / 田島の春 / 川越料理長 / 財閥だ浅ちゃん！
4,439,em-38a5d43fe466,畳リーゼント先輩,8,393,812,4,attack_buff,0.2595,0.4861,196,4,8,いいえ,ウサウサ八幡 / 北間・クラリス嬢 / トランシルヴァニア家族 / 畳リーゼント先輩 / ラパヌイ先生
4,440,em-8cdef0bc7893,戸隠ちび太夫,11,150,1200,3,attack_buff,0.2595,0.4653,199,1,8,いいえ,ウサウサ八幡 / 北間・クラリス嬢 / トランシルヴァニア家族 / 戸隠ちび太夫 / ラパヌイ先生
4,441,em-aeb1959eaece,ＫＲ２ジョー軍曹,9,394,1010,4,attack_buff,0.2594,0.4931,197,3,8,いいえ,ウサウサ八幡 / 北間・クラリス嬢 / トランシルヴァニア家族 / ＫＲ２ジョー軍曹 / ラパヌイ先生
4,442,em-0f4d66009260,叡智通,4,280,332,4,attack_buff,0.2593,0.5,192,8,8,いいえ,ウサウサ八幡 / 北間・クラリス嬢 / トランシルヴァニア家族 / 叡智通 / ラパヌイ先生
4,443,em-6e1b672bdbe8,いやひこにゃん,18,2718,1057,3,delay,0.2593,0.4236,194,6,8,いいえ,ダリア・宮子・9 / vにゅーさん / トランシルヴァニア家族 / いやひこにゃん / 財閥だ浅ちゃん！
4,444,em-3b878e796aba,なまず仙人,35,4941,1618,4,damage_reduction,0.259,0.4167,194,6,8,いいえ,ダリア・宮子・9 / vにゅーさん / サルパちゃん / なまず仙人 / 財閥だ浅ちゃん！
4,445,em-cf865abec5e5,川越マン２世,12,516,1000,4,attack_buff,0.2588,0.4931,200,0,8,いいえ,ウサウサ八幡 / 北間・クラリス嬢 / トランシルヴァニア家族 / 川越マン２世 / ラパヌイ先生
4,446,em-3ff69ed35fe7,wiーん・ザ・ウルフ,19,2898,2898,4,attribute_change,0.2587,0.4375,195,5,8,いいえ,ダリア・宮子・9 / vにゅーさん / トランシルヴァニア家族 / wiーん・ザ・ウルフ / 財閥だ浅ちゃん！
4,447,em-51bdb94ec3b1,熱ぅい！地獄雀,43,5964,3408,4,revive,0.2584,0.4028,189,11,8,いいえ,vにゅーさん / ノローニャ・パイセン / 夜光虫ほたるん / 熱ぅい！地獄雀 / 財閥だ浅ちゃん！
4,448,em-66a587f1a726,にくぁうさん,12,497,1116,4,attack_buff,0.258,0.4931,200,0,8,いいえ,ウサウサ八幡 / 北間・クラリス嬢 / トランシルヴァニア家族 / にくぁうさん / ラパヌイ先生
4,449,em-dac0a350706a,くたにん,6,500,600,3,attribute_change,0.258,0.4792,182,18,8,いいえ,ダリア・宮子・9 / vにゅーさん / トランシルヴァニア家族 / くたにん / 財閥だ浅ちゃん！
4,450,em-1e1a4317070b,ＫＲ２ジョー,8,295,910,4,attack_buff,0.2578,0.4931,196,4,8,いいえ,ウサウサ八幡 / 北間・クラリス嬢 / トランシルヴァニア家族 / ＫＲ２ジョー / ラパヌイ先生
4,451,em-b54c325797a5,フク先生,6,600,700,3,attribute_change,0.2576,0.4722,182,18,8,いいえ,ダリア・宮子・9 / vにゅーさん / トランシルヴァニア家族 / フク先生 / 財閥だ浅ちゃん！
4,452,em-737815742386,タオるんさん先輩,12,800,1000,3,attribute_guard,0.2576,0.4583,193,7,8,いいえ,ウサウサ八幡 / 北間・クラリス嬢 / トランシルヴァニア家族 / タオるんさん先輩 / 財閥だ浅ちゃん！
4,453,em-71504e292ebf,キャミー・the.女,13,1208,2567,3,heal,0.2576,0.4236,189,11,8,いいえ,橘の元祖☆みっちー / vにゅーさん / トランシルヴァニア家族 / キャミー・the.女 / ハリウッドナナコ師匠
4,454,em-d6397e37a32d,三山くまのたん,17,500,1900,3,attack_buff,0.2575,0.4236,192,8,8,いいえ,橘の元祖☆みっちー / 北間・クラリス嬢 / トランシルヴァニア家族 / 三山くまのたん / ラパヌイ先生
4,455,em-b827590fe52d,芹沢くん,7,500,500,4,guard,0.2571,0.4514,188,12,8,いいえ,ウサウサ八幡 / 北間・クラリス嬢 / トランシルヴァニア家族 / 芹沢くん / 財閥だ浅ちゃん！
4,456,em-4586795c80d9,スノーガイ,7,1500,300,4,attack_buff,0.2571,0.4375,183,17,8,いいえ,ダリア・宮子・9 / vにゅーさん / トランシルヴァニア家族 / スノーガイ / 財閥だ浅ちゃん！
4,457,em-1a5f7bc3661b,萌やし男子,7,300,700,4,attack_buff,0.2568,0.4653,195,5,8,いいえ,ウサウサ八幡 / 北間・クラリス嬢 / トランシルヴァニア家族 / 萌やし男子 / ラパヌイ先生
4,458,em-e6110f879f18,ユーコ隊,24,3408,2044,4,revive,0.2568,0.4514,198,2,8,いいえ,有砂小町 / vにゅーさん / トランシルヴァニア家族 / ユーコ隊 / 財閥だ浅ちゃん！
4,459,em-12386dff9bd5,サリエリ許さないマン,21,2827,2827,4,revive,0.2568,0.4375,195,5,8,いいえ,有砂小町 / vにゅーさん / トランシルヴァニア家族 / サリエリ許さないマン / 財閥だ浅ちゃん！
4,460,em-d603cde2467a,ほたるーニャん,5,450,650,4,attribute_change,0.2567,0.4722,181,19,8,いいえ,ダリア・宮子・9 / vにゅーさん / トランシルヴァニア家族 / ほたるーニャん / 財閥だ浅ちゃん！
4,461,em-eaad577a957c,関さん,5,390,390,4,guard,0.2566,0.4514,186,14,8,いいえ,ウサウサ八幡 / 北間・クラリス嬢 / トランシルヴァニア家族 / 関さん / 財閥だ浅ちゃん！
4,462,em-96ed71805a40,白鷺日女路嬢,21,4830,1255,3,heal,0.2566,0.4097,197,3,8,いいえ,橘の元祖☆みっちー / vにゅーさん / トランシルヴァニア家族 / 白鷺日女路嬢 / ハリウッドナナコ師匠
4,463,em-99d6f9e928d6,京子中学２４年生,8,620,612,4,damage_reduction,0.2565,0.4792,189,11,8,いいえ,ウサウサ八幡 / 北間・クラリス嬢 / トランシルヴァニア家族 / 京子中学２４年生 / 財閥だ浅ちゃん！
4,464,em-8cd856412a10,にくぁうぅぅぅぅぅ！,17,1355,3638,4,attack_buff,0.2565,0.4375,192,8,8,いいえ,橘の元祖☆みっちー / 北間・クラリス嬢 / トランシルヴァニア家族 / にくぁうぅぅぅぅぅ！ / ラパヌイ先生
4,465,em-1e4dd5118669,三春瀧さくら,38,3919,3408,4,damage_reduction,0.2564,0.4236,197,3,8,いいえ,ダリア・宮子・9 / vにゅーさん / サルパちゃん / 三春瀧さくら / 財閥だ浅ちゃん！
4,466,em-f439af6dc206,さんとくん大先生,12,3020,755,3,delay,0.2563,0.4167,188,12,8,いいえ,ダリア・宮子・9 / vにゅーさん / トランシルヴァニア家族 / さんとくん大先生 / 財閥だ浅ちゃん！
4,467,em-cdd7690ef318,京都コーラマン,59,5959,2800,4,damage_reduction,0.2563,0.3889,198,2,9,はい,ダリア・宮子・9 / vにゅーさん / ﾌﾗﾝﾀﾞｰｽのわんわんお / 京都コーラマン / おこしんMK-2
4,468,em-bbcbbb9fef0a,こっちの大谷,6,1000,100,3,damage_reduction,0.2562,0.4653,187,13,8,いいえ,ウサウサ八幡 / 北間・クラリス嬢 / トランシルヴァニア家族 / こっちの大谷 / 財閥だ浅ちゃん！
4,469,em-0481f6c14fd9,関先輩,7,475,475,4,guard,0.2562,0.4514,188,12,8,いいえ,ウサウサ八幡 / 北間・クラリス嬢 / トランシルヴァニア家族 / 関先輩 / 財閥だ浅ちゃん！
4,470,em-10adad665687,コマンドー下仁田,13,597,614,3,guard,0.2561,0.4444,194,6,8,いいえ,ウサウサ八幡 / 北間・クラリス嬢 / トランシルヴァニア家族 / コマンドー下仁田 / 財閥だ浅ちゃん！
4,471,em-48b5d909c409,南紀な白良さん,15,800,800,4,attack_buff,0.256,0.4583,190,10,8,いいえ,橘の元祖☆みっちー / 北間・クラリス嬢 / トランシルヴァニア家族 / 南紀な白良さん / ラパヌイ先生
4,472,em-33289e43e28b,ほたるーニャん☆ミ,7,650,700,4,attribute_change,0.2558,0.4722,183,17,8,いいえ,ダリア・宮子・9 / vにゅーさん / トランシルヴァニア家族 / ほたるーニャん☆ミ / 財閥だ浅ちゃん！
4,473,em-c70398ce7406,讃岐・S.K.O.T神,9,2106,493,3,heal,0.2558,0.4028,187,13,8,いいえ,vにゅーさん / ノローニャ・パイセン / 夜光虫ほたるん / 讃岐・S.K.O.T神 / ヘラクレス先輩
4,474,em-8060e6a7ab61,戸隠ちび丸,4,150,700,3,attack_buff,0.2557,0.4722,192,8,8,いいえ,ウサウサ八幡 / 北間・クラリス嬢 / トランシルヴァニア家族 / 戸隠ちび丸 / ラパヌイ先生
4,475,em-198e928f6d0b,なるとマン,9,800,700,4,attack_buff,0.2556,0.4722,197,3,8,いいえ,ウサウサ八幡 / 北間・クラリス嬢 / トランシルヴァニア家族 / なるとマン / ラパヌイ先生
4,476,em-a58c4fcc6b2e,けねず大先生,14,1699,1699,4,damage_reduction,0.2556,0.4306,197,3,8,いいえ,vにゅーさん / ノローニャ・パイセン / 田島の春 / けねず大先生 / ラパヌイ先生
4,477,em-75c1af17d152,浴衣美人な日女路嬢,38,5623,3748,3,heal,0.2554,0.4028,199,1,8,いいえ,うさ☆八幡さま / vにゅーさん / トランシルヴァニア家族 / 浴衣美人な日女路嬢 / ハリウッドナナコ師匠
4,478,em-ae529aca2139,夜鳥の会会長,35,3408,4260,3,attribute_change,0.2554,0.3958,194,6,8,いいえ,ダリア・宮子・9 / vにゅーさん / サルパちゃん / 夜鳥の会会長 / 財閥だ浅ちゃん！
4,479,em-5a100f5215c1,オリバーTHEトイ,6,300,600,3,attack_buff,0.2553,0.4583,194,6,8,いいえ,ウサウサ八幡 / 北間・クラリス嬢 / トランシルヴァニア家族 / オリバーTHEトイ / ラパヌイ先生
4,480,em-c5623c38fcb8,反魂タン,5,500,600,4,revive,0.2552,0.4792,199,1,8,いいえ,うさ☆八幡さま / vにゅーさん / トランシルヴァニア家族 / 反魂タン / 財閥だ浅ちゃん！
4,481,em-b50530766df4,夏の妖精白良さん,19,1699,1699,4,attack_buff,0.2549,0.4236,174,26,8,いいえ,vにゅーさん / ノローニャ・パイセン / デロスの月陽姉弟 / 夏の妖精白良さん / シミ
4,482,em-89b0c363f296,川越マン,8,415,798,4,attack_buff,0.2547,0.4931,196,4,8,いいえ,ウサウサ八幡 / 北間・クラリス嬢 / トランシルヴァニア家族 / 川越マン / ラパヌイ先生
4,483,em-455191024aba,偉いぞさいごー丼,15,2718,1132,3,attribute_guard,0.2542,0.4097,198,2,8,いいえ,vにゅーさん / ノローニャ・パイセン / 田島の春 / 偉いぞさいごー丼 / ラパヌイ先生
4,484,em-82e855b7910f,栗林掬太郎,33,5453,2385,4,heal,0.2541,0.4097,196,4,8,いいえ,ダリア・宮子・9 / コロちゃん / 哀哭のオオウミガラス / 栗林掬太郎 / 八狗神伏姫様
4,485,em-f9ca1348e6ed,斎王代「鵺」,48,6884,3748,3,attribute_change,0.2541,0.3958,188,12,8,いいえ,vにゅーさん / えかちぇたん / 田島の春 / 斎王代「鵺」 / シミ
4,486,em-306ef0a3ce60,大納言鮒麿,14,1812,1548,4,heal,0.254,0.4028,188,12,8,いいえ,有砂小町 / vにゅーさん / トランシルヴァニア家族 / 大納言鮒麿 / 財閥だ浅ちゃん！
4,487,em-c5dbda5d8d5b,湘南パボーイ,12,318,911,4,attack_buff,0.2535,0.4792,200,0,8,いいえ,ウサウサ八幡 / 北間・クラリス嬢 / トランシルヴァニア家族 / 湘南パボーイ / ラパヌイ先生
4,488,em-5a3daf6cbf77,白良さん,8,600,605,4,attack_buff,0.2529,0.4722,196,4,8,いいえ,ウサウサ八幡 / 北間・クラリス嬢 / トランシルヴァニア家族 / 白良さん / ラパヌイ先生
4,489,em-b08be1a4ca3f,中央アルプスの少女,6,500,300,3,damage_reduction,0.2529,0.4653,187,13,8,いいえ,ウサウサ八幡 / 北間・クラリス嬢 / トランシルヴァニア家族 / 中央アルプスの少女 / 財閥だ浅ちゃん！
4,490,em-419c23e0ec81,新生☆ＢＴ５!!,35,3287,3615,3,damage_reduction,0.2529,0.4097,194,6,8,いいえ,ダリア・宮子・9 / vにゅーさん / サルパちゃん / 新生☆ＢＴ５!! / 財閥だ浅ちゃん！
4,491,em-da69b63392e4,手品師！エッシュさん,6,600,600,4,skill_reduction,0.2524,0.4583,191,9,8,いいえ,四悪妖・鵺 / コロちゃん / デロスの月陽姉弟 / 手品師！エッシュさん / ラパヌイ先生
4,492,em-7affb78d3b91,渇求するネギの果て,10,754,754,4,guard,0.2522,0.4514,191,9,8,いいえ,ウサウサ八幡 / 北間・クラリス嬢 / トランシルヴァニア家族 / 渇求するネギの果て / 財閥だ浅ちゃん！
4,493,em-573a74e6170b,God of 魚ぉ！,8,1269,1128,4,heal,0.2517,0.4167,197,3,8,いいえ,ウサウサ八幡 / vにゅーさん / トランシルヴァニア家族 / God of 魚ぉ！ / ハリウッドナナコ師匠
4,494,em-2d728f34a59e,へーい竜馬,14,1500,1500,3,attack_buff,0.2517,0.4097,189,11,8,いいえ,橘の元祖☆みっちー / 北間・クラリス嬢 / トランシルヴァニア家族 / へーい竜馬 / ラパヌイ先生
4,495,em-fb6292300fc0,妖怪おたべ,5,525,455,4,delay,0.2516,0.4514,190,10,8,いいえ,四悪妖・鵺 / コロちゃん / デロスの月陽姉弟 / 妖怪おたべ / ラパヌイ先生
4,496,em-1a814a6b20cf,未来のモア蔵,5,920,160,4,guard,0.251,0.4514,186,14,8,いいえ,ウサウサ八幡 / 北間・クラリス嬢 / トランシルヴァニア家族 / 未来のモア蔵 / 財閥だ浅ちゃん！
4,497,em-942c8f8de44d,エンゼルちゃん,22,1772,2590,3,heal,0.2507,0.4028,196,4,8,いいえ,有砂小町 / vにゅーさん / トランシルヴァニア家族 / エンゼルちゃん / 財閥だ浅ちゃん！
4,498,em-64f8ad5111a6,マッキニキ,9,1000,500,4,damage_reduction,0.2505,0.4444,198,2,8,いいえ,うさ☆八幡さま / 北間・クラリス嬢 / 田島の春 / マッキニキ / 碧海のオフタルもん
4,499,em-de36aab296aa,月下皇帝ランたん様,50,3150,5367,3,revive,0.2501,0.4236,189,11,8,いいえ,ダリア・宮子・9 / ノローニャ・パイセン / 夜光虫ほたるん / 月下皇帝ランたん様 / ヤマトタケルぅ！
4,500,em-e07aaef6bd6e,三重子ちゃん,8,603,602,3,attribute_change,0.2496,0.4861,184,16,8,いいえ,ダリア・宮子・9 / vにゅーさん / トランシルヴァニア家族 / 三重子ちゃん / 財閥だ浅ちゃん！
4,501,em-c573b4be1553,ｷﾞｶﾞももたろす,12,1300,1300,3,attribute_change,0.2496,0.4583,188,12,8,いいえ,ダリア・宮子・9 / vにゅーさん / トランシルヴァニア家族 / ｷﾞｶﾞももたろす / 財閥だ浅ちゃん！
4,502,em-0a88e828f44f,あずま京子,7,500,500,4,damage_reduction,0.2492,0.4722,188,12,8,いいえ,ウサウサ八幡 / 北間・クラリス嬢 / トランシルヴァニア家族 / あずま京子 / 財閥だ浅ちゃん！
4,503,em-2b3991ed5705,伝統の牛タソ,10,600,100,4,guard,0.2492,0.4514,191,9,8,いいえ,ウサウサ八幡 / 北間・クラリス嬢 / トランシルヴァニア家族 / 伝統の牛タソ / 財閥だ浅ちゃん！
4,504,em-cc9db541b1b4,メル子さん,9,600,700,4,attack_buff,0.249,0.4792,197,3,8,いいえ,ウサウサ八幡 / 北間・クラリス嬢 / トランシルヴァニア家族 / メル子さん / ラパヌイ先生
4,505,em-036ee10985c7,大正義！反魂タン,7,800,1000,4,revive,0.249,0.4653,185,15,8,いいえ,vにゅーさん / ノローニャ・パイセン / 夜光虫ほたるん / 大正義！反魂タン / ヘラクレス先輩
4,506,em-62efa937d743,素敵なびわ子たん,7,500,480,4,damage_reduction,0.2488,0.4722,188,12,8,いいえ,ウサウサ八幡 / 北間・クラリス嬢 / トランシルヴァニア家族 / 素敵なびわ子たん / 財閥だ浅ちゃん！
4,507,em-5c824e4dff20,ほたるんるん,9,1000,1500,3,attribute_change,0.2484,0.4444,185,15,8,いいえ,ダリア・宮子・9 / vにゅーさん / トランシルヴァニア家族 / ほたるんるん / 財閥だ浅ちゃん！
4,508,em-ba09169b5b3d,あまのちゃん,12,300,200,4,multi_hit_attack,0.2482,0.4792,200,0,8,いいえ,ウサウサ八幡 / 北間・クラリス嬢 / トランシルヴァニア家族 / あまのちゃん / ラパヌイ先生
4,509,em-11e2e69b2674,フクさん,5,400,500,3,attribute_change,0.2481,0.4653,181,19,8,いいえ,ダリア・宮子・9 / vにゅーさん / トランシルヴァニア家族 / フクさん / 財閥だ浅ちゃん！
4,510,em-950b687b1f04,タオるん先輩,9,700,900,4,attribute_guard,0.2462,0.4514,190,10,8,いいえ,ウサウサ八幡 / 北間・クラリス嬢 / トランシルヴァニア家族 / タオるん先輩 / 財閥だ浅ちゃん！
4,511,em-b5e0f2fbff78,養老のバッカス,65,6475,3408,4,revive,0.2462,0.4236,181,19,8,いいえ,vにゅーさん / ノローニャ・パイセン / 夜光虫ほたるん / 養老のバッカス / おこしんMK-2
4,512,em-fd2a055eb394,コニー＆ギャリー,10,500,500,3,damage_reduction,0.2457,0.4514,191,9,8,いいえ,ウサウサ八幡 / 北間・クラリス嬢 / トランシルヴァニア家族 / コニー＆ギャリー / 財閥だ浅ちゃん！
4,513,em-1c72b25f9096,エッシュ＆エッジュ,10,800,800,3,skill_reduction,0.2456,0.4375,186,14,8,いいえ,ダリア・宮子・9 / vにゅーさん / トランシルヴァニア家族 / エッシュ＆エッジュ / 財閥だ浅ちゃん！
4,514,em-a71ad4631750,絶許！近所のあん子,9,1131,989,4,heal,0.2452,0.4306,198,2,8,いいえ,ウサウサ八幡 / vにゅーさん / トランシルヴァニア家族 / 絶許！近所のあん子 / ハリウッドナナコ師匠
4,515,em-354b4786550a,魔滅！鷹山先生,27,1283,1283,4,delay,0.245,0.3889,191,9,8,いいえ,有砂小町 / 脱力コンビあろま＆るる / きぬたン / 魔滅！鷹山先生 / 財閥だ浅ちゃん！
4,516,em-0560ed78022d,見事にびわ子たん,5,400,400,4,damage_reduction,0.2445,0.4653,186,14,8,いいえ,ウサウサ八幡 / 北間・クラリス嬢 / トランシルヴァニア家族 / 見事にびわ子たん / 財閥だ浅ちゃん！
4,517,em-0da991c52dd4,ギャリーくん,5,400,400,3,damage_reduction,0.2445,0.4444,186,14,8,いいえ,ウサウサ八幡 / 北間・クラリス嬢 / トランシルヴァニア家族 / ギャリーくん / 財閥だ浅ちゃん！
4,518,em-9372502bc6a4,餞のガブリン,42,1913,5367,4,revive,0.2445,0.4167,182,18,8,いいえ,vにゅーさん / えかちぇたん / 田島の春 / 餞のガブリン / シミ
4,519,em-1d206f58d0b7,マッキ,6,600,300,4,damage_reduction,0.2444,0.4444,195,5,8,いいえ,うさ☆八幡さま / 北間・クラリス嬢 / 田島の春 / マッキ / 碧海のオフタルもん
4,520,em-7c5fdd7af70d,覚醒むりょく,6,198,89,3,multi_hit_attack,0.244,0.4792,194,6,8,いいえ,ウサウサ八幡 / 北間・クラリス嬢 / トランシルヴァニア家族 / 覚醒むりょく / ラパヌイ先生
4,521,em-377c63de8d80,極・S.K.O.Tちゃん,6,1150,300,4,heal,0.2439,0.4236,200,0,8,いいえ,うさ☆八幡さま / vにゅーさん / トランシルヴァニア家族 / 極・S.K.O.Tちゃん / 財閥だ浅ちゃん！
4,522,em-afce812f791d,めい子のMAY DAY,35,4123,4226,4,attribute_guard,0.2436,0.375,194,6,8,いいえ,ダリア・宮子・9 / vにゅーさん / サルパちゃん / めい子のMAY DAY / 財閥だ浅ちゃん！
4,523,em-eb78da4b3f28,えるたそ,6,500,400,4,attack_buff,0.2434,0.4792,194,6,8,いいえ,ウサウサ八幡 / 北間・クラリス嬢 / トランシルヴァニア家族 / えるたそ / ラパヌイ先生
4,524,em-1d7c8481ec64,にくぁうちゃん,8,314,913,4,attack_buff,0.2432,0.4722,196,4,8,いいえ,ウサウサ八幡 / 北間・クラリス嬢 / トランシルヴァニア家族 / にくぁうちゃん / ラパヌイ先生
4,525,em-47063c22130f,わんこースそば,4,300,400,3,heal,0.2431,0.4306,198,2,8,いいえ,うさ☆八幡さま / vにゅーさん / トランシルヴァニア家族 / わんこースそば / 財閥だ浅ちゃん！
4,526,em-b34467071fa2,蓮三郎,6,500,450,3,skill_reduction,0.2429,0.4583,191,9,8,いいえ,四悪妖・鵺 / コロちゃん / デロスの月陽姉弟 / 蓮三郎 / ラパヌイ先生
4,527,em-be212cb2b1d8,いはとさん,12,760,840,3,delay,0.2428,0.4167,188,12,8,いいえ,ダリア・宮子・9 / vにゅーさん / トランシルヴァニア家族 / いはとさん / 財閥だ浅ちゃん！
4,528,em-c8baf5b3e504,斑鳩の太子くん,36,4260,2896,4,heal,0.2424,0.4097,182,18,8,いいえ,vにゅーさん / ノローニャ・パイセン / 夜光虫ほたるん / 斑鳩の太子くん / 財閥だ浅ちゃん！
4,529,em-81fec3e48762,怪人おたべ,4,415,365,4,delay,0.2419,0.4444,189,11,8,いいえ,四悪妖・鵺 / コロちゃん / デロスの月陽姉弟 / 怪人おたべ / ラパヌイ先生
4,530,em-c8d0b7ef1b10,めい子お姉さま,9,1159,1244,4,attribute_guard,0.2414,0.4167,198,2,8,いいえ,うさ☆八幡さま / 北間・クラリス嬢 / 田島の春 / めい子お姉さま / 碧海のオフタルもん
4,531,em-865f442bc56a,神魚！はたはタン,6,700,600,4,heal,0.2413,0.4236,200,0,8,いいえ,うさ☆八幡さま / vにゅーさん / トランシルヴァニア家族 / 神魚！はたはタン / 財閥だ浅ちゃん！
4,532,em-91479d9f811c,奇術師！エッジュさん,9,700,700,3,skill_reduction,0.2411,0.4375,185,15,8,いいえ,ダリア・宮子・9 / vにゅーさん / トランシルヴァニア家族 / 奇術師！エッジュさん / 財閥だ浅ちゃん！
4,533,em-c4c0bb3e4292,あっぴーちゃん,3,600,300,3,heal,0.2407,0.4306,197,3,8,いいえ,うさ☆八幡さま / vにゅーさん / トランシルヴァニア家族 / あっぴーちゃん / 財閥だ浅ちゃん！
4,534,em-e3dd4898ff56,ﾃﾗももたろす,15,1600,1600,3,attribute_change,0.2406,0.4375,191,9,8,いいえ,ダリア・宮子・9 / vにゅーさん / トランシルヴァニア家族 / ﾃﾗももたろす / 財閥だ浅ちゃん！
4,535,em-2f8589eed296,畳リーゼント,7,300,700,4,attack_buff,0.2404,0.4653,195,5,8,いいえ,ウサウサ八幡 / 北間・クラリス嬢 / トランシルヴァニア家族 / 畳リーゼント / ラパヌイ先生
4,536,em-da4562cd6142,プレーン下仁田,10,500,500,4,guard,0.2401,0.4444,191,9,8,いいえ,ウサウサ八幡 / 北間・クラリス嬢 / トランシルヴァニア家族 / プレーン下仁田 / 財閥だ浅ちゃん！
4,537,em-a2d0308a3d38,蓮次郎,5,400,380,3,skill_reduction,0.2397,0.4583,190,10,8,いいえ,四悪妖・鵺 / コロちゃん / デロスの月陽姉弟 / 蓮次郎 / ラパヌイ先生
4,538,em-34853ed0f0f8,ユーコちゃん,24,2556,1533,4,revive,0.2395,0.4375,198,2,8,いいえ,有砂小町 / vにゅーさん / トランシルヴァニア家族 / ユーコちゃん / 財閥だ浅ちゃん！
4,539,em-3bd6544e0bce,窓辺のやまなしーヌ,13,700,800,4,skill_reduction,0.2393,0.4167,189,11,8,いいえ,ダリア・宮子・9 / vにゅーさん / トランシルヴァニア家族 / 窓辺のやまなしーヌ / 財閥だ浅ちゃん！
4,540,em-0c931777e175,関くん,4,305,307,4,guard,0.2391,0.4236,200,0,8,いいえ,ウサウサ八幡 / 北間・クラリス嬢 / 伊予・タウロス / 関くん / 財閥だ浅ちゃん！
4,541,em-8a7e4284ba4a,あっぴーさん,5,800,350,3,heal,0.2381,0.4306,199,1,8,いいえ,うさ☆八幡さま / vにゅーさん / トランシルヴァニア家族 / あっぴーさん / 財閥だ浅ちゃん！
4,542,em-d8af1ee7968e,ザ★女王の世界,42,1936,2006,3,attack_buff,0.2379,0.4028,198,2,8,いいえ,有砂小町 / vにゅーさん / トランシルヴァニア家族 / ザ★女王の世界 / シミ
4,543,em-377a00f7a666,のり男,4,334,278,3,attribute_guard,0.2378,0.4236,164,36,8,いいえ,ウサウサ八幡 / ノローニャ・パイセン / 夜光虫ほたるん / のり男 / 巨大カンテツ
4,544,em-6f9254f46753,うわマジカ,4,450,650,4,attribute_guard,0.2373,0.4236,200,0,8,いいえ,ウサウサ八幡 / 北間・クラリス嬢 / 伊予・タウロス / うわマジカ / 財閥だ浅ちゃん！
4,545,em-6c1c64d0e4ed,七夕ぴよ子,7,1104,1104,3,revive,0.2366,0.4236,196,4,8,いいえ,ウサウサ八幡 / vにゅーさん / トランシルヴァニア家族 / 七夕ぴよ子 / ハリウッドナナコ師匠
4,546,em-873c09a938ac,蓮太郎,4,310,302,3,skill_reduction,0.2361,0.4583,189,11,8,いいえ,四悪妖・鵺 / コロちゃん / デロスの月陽姉弟 / 蓮太郎 / ラパヌイ先生
4,547,em-3307021ed6b3,なっとくん,4,286,311,3,skill_reduction,0.236,0.4583,189,11,8,いいえ,四悪妖・鵺 / コロちゃん / デロスの月陽姉弟 / なっとくん / ラパヌイ先生
4,548,em-b0564825039b,わんこールそば,3,200,300,3,heal,0.236,0.4306,197,3,8,いいえ,うさ☆八幡さま / vにゅーさん / トランシルヴァニア家族 / わんこールそば / 財閥だ浅ちゃん！
4,549,em-3229594a4a2c,おあげちゃん,5,315,305,3,attack_buff,0.2358,0.4583,193,7,8,いいえ,ウサウサ八幡 / 北間・クラリス嬢 / トランシルヴァニア家族 / おあげちゃん / ラパヌイ先生
4,550,em-4900e4471484,モア蔵,4,722,90,4,guard,0.2358,0.4306,200,0,8,いいえ,ウサウサ八幡 / 北間・クラリス嬢 / 伊予・タウロス / モア蔵 / 財閥だ浅ちゃん！
4,551,em-e31de348c40b,湘南ボーイ,8,300,700,4,attack_buff,0.2357,0.4514,196,4,8,いいえ,ウサウサ八幡 / 北間・クラリス嬢 / トランシルヴァニア家族 / 湘南ボーイ / ラパヌイ先生
4,552,em-01325fd9f459,いやひこさま,16,1200,600,3,delay,0.2357,0.4375,192,8,8,いいえ,ダリア・宮子・9 / vにゅーさん / トランシルヴァニア家族 / いやひこさま / 財閥だ浅ちゃん！
4,553,em-804c07b6fa9a,メル子ちゃん,6,400,600,4,attack_buff,0.2356,0.4583,194,6,8,いいえ,ウサウサ八幡 / 北間・クラリス嬢 / トランシルヴァニア家族 / メル子ちゃん / ラパヌイ先生
4,554,em-cf71633a3be4,真・やよいチゥりっぷ,12,1500,300,3,attribute_change,0.2352,0.4167,188,12,8,いいえ,ダリア・宮子・9 / vにゅーさん / トランシルヴァニア家族 / 真・やよいチゥりっぷ / 財閥だ浅ちゃん！
4,555,em-a87c308ef7c4,トミスLOVE様,52,4686,4686,4,revive,0.2352,0.4028,191,9,8,いいえ,ダリア・宮子・9 / ノローニャ・パイセン / 夜光虫ほたるん / トミスLOVE様 / ヤマトタケルぅ！
4,556,em-e6cd26662fe8,クイーン・ク・うぃーん,15,1500,1500,4,attribute_change,0.2343,0.4375,191,9,8,いいえ,ダリア・宮子・9 / vにゅーさん / トランシルヴァニア家族 / クイーン・ク・うぃーん / 財閥だ浅ちゃん！
4,557,em-41ff91d7d090,有馬スター,9,1159,1244,4,heal,0.2338,0.4167,187,13,8,いいえ,vにゅーさん / ノローニャ・パイセン / 夜光虫ほたるん / 有馬スター / ヘラクレス先輩
4,558,em-830856ac5a07,トキシッくん先輩,7,1000,800,4,revive,0.2336,0.4097,196,4,8,いいえ,ウサウサ八幡 / vにゅーさん / トランシルヴァニア家族 / トキシッくん先輩 / ハリウッドナナコ師匠
4,559,em-2f6ae2b54633,フクちゃん,3,300,400,4,attribute_change,0.2334,0.4444,179,21,8,いいえ,ダリア・宮子・9 / vにゅーさん / トランシルヴァニア家族 / フクちゃん / 財閥だ浅ちゃん！
4,560,em-f86c4c085efd,メガネ系ほぬー類,12,700,600,4,skill_reduction,0.2334,0.4375,188,12,8,いいえ,ダリア・宮子・9 / vにゅーさん / トランシルヴァニア家族 / メガネ系ほぬー類 / 財閥だ浅ちゃん！
4,561,em-4c77b2b8ad46,トキシッくんさん,6,700,600,4,revive,0.2333,0.4236,200,0,8,いいえ,うさ☆八幡さま / vにゅーさん / トランシルヴァニア家族 / トキシッくんさん / 財閥だ浅ちゃん！
4,562,em-4e0f06589604,新・やよいチゥりっぷ,9,1100,200,3,attribute_change,0.2332,0.4167,185,15,8,いいえ,ダリア・宮子・9 / vにゅーさん / トランシルヴァニア家族 / 新・やよいチゥりっぷ / 財閥だ浅ちゃん！
4,563,em-09c253fd0a61,オリバーTHEドッグ,5,200,500,3,attack_buff,0.2328,0.4375,193,7,8,いいえ,ウサウサ八幡 / 北間・クラリス嬢 / トランシルヴァニア家族 / オリバーTHEドッグ / ラパヌイ先生
4,564,em-f14da6dc7d26,チャイナさん,15,606,1876,4,attack_buff,0.2327,0.4167,198,2,8,いいえ,ダリア・宮子・9 / vにゅーさん / ☆龍神☆尊氏様 / チャイナさん / ハリウッドナナコ師匠
4,565,em-8c598f1908e7,ももとふちゃん,8,800,1000,3,heal,0.2323,0.4236,186,14,8,いいえ,vにゅーさん / ノローニャ・パイセン / 夜光虫ほたるん / ももとふちゃん / ヘラクレス先輩
4,566,em-5528cf768569,リンゴール男爵,4,400,300,4,delay,0.2322,0.4375,189,11,8,いいえ,四悪妖・鵺 / コロちゃん / デロスの月陽姉弟 / リンゴール男爵 / ラパヌイ先生
4,567,em-ab565d3596f4,さんとくん先輩,10,1500,400,4,delay,0.2315,0.4306,186,14,8,いいえ,ダリア・宮子・9 / vにゅーさん / トランシルヴァニア家族 / さんとくん先輩 / 財閥だ浅ちゃん！
4,568,em-4e24a668056b,やよいチゥりっぷ,6,900,100,4,attribute_change,0.2314,0.4306,182,18,8,いいえ,ダリア・宮子・9 / vにゅーさん / トランシルヴァニア家族 / やよいチゥりっぷ / 財閥だ浅ちゃん！
4,569,em-99ad2fb4f1bc,いはとくん,8,580,640,3,delay,0.2309,0.4097,184,16,8,いいえ,ダリア・宮子・9 / vにゅーさん / トランシルヴァニア家族 / いはとくん / 財閥だ浅ちゃん！
4,570,em-2a01f5ee5de4,ガラパゴスおぅぼっと,12,1200,600,4,damage_reduction,0.2304,0.3819,188,12,8,いいえ,ハリウッドナナコ師匠 / vにゅーさん / トランシルヴァニア家族 / ガラパゴスおぅぼっと / 碧海のオフタルもん
4,571,em-ce7e2e4f30af,らん坊,8,580,626,4,skill_reduction,0.2301,0.4097,184,16,8,いいえ,ダリア・宮子・9 / vにゅーさん / トランシルヴァニア家族 / らん坊 / 財閥だ浅ちゃん！
4,572,em-357d76cd5b69,のり男さん,5,424,356,3,attribute_guard,0.2296,0.4028,185,15,8,いいえ,vにゅーさん / ノローニャ・パイセン / デロスの月陽姉弟 / のり男さん / ラパヌイ先生
4,573,em-4dec28ac375f,いやひこさん,13,800,500,3,delay,0.2293,0.4375,189,11,8,いいえ,ダリア・宮子・9 / vにゅーさん / トランシルヴァニア家族 / いやひこさん / 財閥だ浅ちゃん！
4,574,em-dff6ba115611,トゥーさん,44,3067,3067,3,revive,0.2292,0.4097,192,8,8,いいえ,ウサウサ八幡 / 脱力コンビあろま＆るる / トリニダの怪人 / トゥーさん / 実はこんにゃくちゃん
4,575,em-7b2daf42204c,モモトじゃねーの?,14,1400,1600,3,heal,0.2289,0.3958,188,12,8,いいえ,有砂小町 / vにゅーさん / トランシルヴァニア家族 / モモトじゃねーの? / 財閥だ浅ちゃん！
4,576,em-26ea85de7340,のり男先輩,7,534,446,3,attribute_guard,0.2288,0.3958,187,13,8,いいえ,vにゅーさん / ノローニャ・パイセン / デロスの月陽姉弟 / のり男先輩 / ラパヌイ先生
4,577,em-d05fca3e00df,ほたるん,6,700,1000,3,attribute_change,0.2285,0.4167,182,18,8,いいえ,ダリア・宮子・9 / vにゅーさん / トランシルヴァニア家族 / ほたるん / 財閥だ浅ちゃん！
4,578,em-53084d488de2,川越ザ・サード,15,666,1607,4,attack_buff,0.2285,0.4167,182,18,8,いいえ,有砂小町 / トランシルヴァニア家族 / 田島の春 / 川越ザ・サード / 財閥だ浅ちゃん！
4,579,em-3e1bbfb34a76,芳一大師匠,14,1128,1269,4,revive,0.2282,0.4236,188,12,8,いいえ,有砂小町 / vにゅーさん / トランシルヴァニア家族 / 芳一大師匠 / 財閥だ浅ちゃん！
4,580,em-fb5bfa8a3429,ひろしマン,4,300,300,3,heal,0.2267,0.4306,198,2,8,いいえ,うさ☆八幡さま / vにゅーさん / トランシルヴァニア家族 / ひろしマン / 財閥だ浅ちゃん！
4,581,em-039828fc85d9,ひろしマン・改,6,400,400,3,heal,0.2265,0.4306,200,0,8,いいえ,うさ☆八幡さま / vにゅーさん / トランシルヴァニア家族 / ひろしマン・改 / 財閥だ浅ちゃん！
4,582,em-c92854d63199,さんとくんさん,8,1200,300,4,delay,0.2264,0.4306,184,16,8,いいえ,ダリア・宮子・9 / vにゅーさん / トランシルヴァニア家族 / さんとくんさん / 財閥だ浅ちゃん！
4,583,em-1287aab83f7d,驚愕！深海のあん子,5,400,400,4,heal,0.2263,0.4306,199,1,8,いいえ,うさ☆八幡さま / vにゅーさん / トランシルヴァニア家族 / 驚愕！深海のあん子 / 財閥だ浅ちゃん！
4,584,em-f938c5c907fd,ももたろす,8,1000,1000,4,attribute_change,0.2257,0.4236,184,16,8,いいえ,ダリア・宮子・9 / vにゅーさん / トランシルヴァニア家族 / ももたろす / 財閥だ浅ちゃん！
4,585,em-1555cadff0cf,おぅぼっと,6,800,300,4,damage_reduction,0.2244,0.3958,186,14,8,いいえ,vにゅーさん / ノローニャ・パイセン / デロスの月陽姉弟 / おぅぼっと / ラパヌイ先生
4,586,em-564e1dfe9c75,コニーちゃん,3,300,300,4,damage_reduction,0.2241,0.4236,199,1,8,いいえ,ウサウサ八幡 / 北間・クラリス嬢 / 伊予・タウロス / コニーちゃん / 財閥だ浅ちゃん！
4,587,em-2f5dd4b0a739,大内先輩,9,800,800,4,heal,0.2238,0.4167,198,2,8,いいえ,ウサウサ八幡 / vにゅーさん / トランシルヴァニア家族 / 大内先輩 / ハリウッドナナコ師匠
4,588,em-98054d952da8,ニート達の日常。,21,2968,296,3,delay,0.2237,0.4097,197,3,8,いいえ,ダリア・宮子・9 / vにゅーさん / トランシルヴァニア家族 / ニート達の日常。 / 財閥だ浅ちゃん！
4,589,em-d0ce0f8b817c,あまのさんちゃん,17,600,300,4,multi_hit_attack,0.2227,0.4167,192,8,8,いいえ,橘の元祖☆みっちー / 北間・クラリス嬢 / トランシルヴァニア家族 / あまのさんちゃん / ラパヌイ先生
4,590,em-2080ae65b62a,モヅルン,37,3771,1908,3,attribute_guard,0.2223,0.375,196,4,8,いいえ,ダリア・宮子・9 / vにゅーさん / サルパちゃん / モヅルン / 財閥だ浅ちゃん！
4,591,em-4afb3d011e67,得琉田浜蔵,12,2696,1992,3,attribute_change,0.2222,0.3611,188,12,8,いいえ,ダリア・宮子・9 / vにゅーさん / トランシルヴァニア家族 / 得琉田浜蔵 / 財閥だ浅ちゃん！
4,592,em-bf7beec08736,いやひこちゃん,10,700,400,4,delay,0.2212,0.4306,186,14,8,いいえ,ダリア・宮子・9 / vにゅーさん / トランシルヴァニア家族 / いやひこちゃん / 財閥だ浅ちゃん！
4,593,em-4eb01150430f,ミス・エズさん,9,1100,300,4,attribute_guard,0.2208,0.3958,179,21,8,いいえ,ダリア・宮子・9 / vにゅーさん / トランシルヴァニア家族 / ミス・エズさん / 御嶽さん
4,594,em-4090b70a0b17,さくらこちゃん,4,495,215,4,attribute_guard,0.2199,0.4306,200,0,8,いいえ,ウサウサ八幡 / 北間・クラリス嬢 / 伊予・タウロス / さくらこちゃん / 財閥だ浅ちゃん！
4,595,em-7fdcbcbf0ae4,ももとふさん,12,1000,1200,3,heal,0.2199,0.3958,186,14,8,いいえ,有砂小町 / vにゅーさん / トランシルヴァニア家族 / ももとふさん / 財閥だ浅ちゃん！
4,596,em-a787bb59ceca,トキシッくん,5,600,500,4,revive,0.2196,0.4028,199,1,8,いいえ,うさ☆八幡さま / vにゅーさん / トランシルヴァニア家族 / トキシッくん / 財閥だ浅ちゃん！
4,597,em-a66f91385c36,伝説のキャミー,10,700,1100,4,heal,0.2192,0.4097,199,1,8,いいえ,ウサウサ八幡 / vにゅーさん / トランシルヴァニア家族 / 伝説のキャミー / ハリウッドナナコ師匠
4,598,em-4bde1481e932,黒電話おぅぼっと,9,1000,400,4,damage_reduction,0.2183,0.375,187,13,8,いいえ,vにゅーさん / トランシルヴァニア家族 / 愛のぴよ子 / 黒電話おぅぼっと / 碧海のオフタルもん
4,599,em-69c72b6c10d2,紳士なトーマスん,12,765,835,3,attribute_change,0.2176,0.4236,188,12,8,いいえ,ダリア・宮子・9 / vにゅーさん / トランシルヴァニア家族 / 紳士なトーマスん / 財閥だ浅ちゃん！
4,600,em-e900d5955acf,凄いぞさいごー丼,13,1050,650,3,attribute_guard,0.217,0.3958,183,17,8,いいえ,ダリア・宮子・9 / vにゅーさん / トランシルヴァニア家族 / 凄いぞさいごー丼 / 御嶽さん
4,601,em-a3fc429e3d74,にくぁうさま,15,606,1876,4,attack_buff,0.2154,0.4028,190,10,8,いいえ,橘の元祖☆みっちー / 北間・クラリス嬢 / トランシルヴァニア家族 / にくぁうさま / ラパヌイ先生
4,602,em-9da039c08ead,キャミー先生,6,500,600,4,heal,0.2145,0.4167,200,0,8,いいえ,うさ☆八幡さま / vにゅーさん / トランシルヴァニア家族 / キャミー先生 / 財閥だ浅ちゃん！
4,603,em-fe5ed60fbf2d,強いぞさいごー丼,9,930,574,3,attribute_guard,0.2139,0.3889,179,21,8,いいえ,ダリア・宮子・9 / vにゅーさん / トランシルヴァニア家族 / 強いぞさいごー丼 / 御嶽さん
4,604,em-794f6427298a,さいごー丼,8,830,476,3,attribute_guard,0.2138,0.3958,178,22,8,いいえ,ダリア・宮子・9 / vにゅーさん / トランシルヴァニア家族 / さいごー丼 / 御嶽さん
4,605,em-a48bcdd76e03,サーファー岡田,15,419,1298,4,attack_buff,0.213,0.3958,190,10,8,いいえ,橘の元祖☆みっちー / 北間・クラリス嬢 / トランシルヴァニア家族 / サーファー岡田 / ラパヌイ先生
4,606,em-32f3aa536bcf,境地！絶海のあん子,7,502,488,4,heal,0.2118,0.4028,196,4,8,いいえ,ウサウサ八幡 / vにゅーさん / トランシルヴァニア家族 / 境地！絶海のあん子 / ハリウッドナナコ師匠
4,607,em-471b1ba55d5c,有馬んば,13,1413,1244,4,heal,0.2118,0.3819,198,2,8,いいえ,vにゅーさん / トランシルヴァニア家族 / 田島の春 / 有馬んば / ラパヌイ先生
4,608,em-8e8c7fbfac2a,おたべくん,3,315,287,4,delay,0.2117,0.4028,179,21,8,いいえ,ダリア・宮子・9 / vにゅーさん / トランシルヴァニア家族 / おたべくん / 財閥だ浅ちゃん！
4,609,em-e275020a88a0,あん子ちゃん,4,289,300,4,heal,0.2113,0.4167,198,2,8,いいえ,うさ☆八幡さま / vにゅーさん / トランシルヴァニア家族 / あん子ちゃん / 財閥だ浅ちゃん！
4,610,em-efebd27cd58d,新・ひろしマン,7,600,600,3,heal,0.2109,0.3958,196,4,8,いいえ,ウサウサ八幡 / vにゅーさん / トランシルヴァニア家族 / 新・ひろしマン / ハリウッドナナコ師匠
4,611,em-e63df2359896,世界遺産な白鷺嬢,15,2100,600,3,heal,0.2079,0.375,191,9,8,いいえ,橘の元祖☆みっちー / vにゅーさん / トランシルヴァニア家族 / 世界遺産な白鷺嬢 / ハリウッドナナコ師匠
4,612,em-8646cdffe6eb,ブーナッドさん,12,1700,300,3,heal,0.207,0.3889,186,14,8,いいえ,有砂小町 / vにゅーさん / トランシルヴァニア家族 / ブーナッドさん / 財閥だ浅ちゃん！
4,613,em-73a9cdab3511,リンゴール子爵,3,300,200,4,delay,0.2043,0.4028,179,21,8,いいえ,ダリア・宮子・9 / vにゅーさん / トランシルヴァニア家族 / リンゴール子爵 / 財閥だ浅ちゃん！
4,614,em-ef6acbb9fe3a,ﾌｫﾆｰ・ぴよ・ｶﾞｰﾙｽﾞY,25,3703,1771,4,attribute_change,0.2014,0.3681,195,5,8,いいえ,ダリア・宮子・9 / vにゅーさん / トランシルヴァニア家族 / ﾌｫﾆｰ・ぴよ・ｶﾞｰﾙｽﾞY / 御嶽さん
4,615,em-70e79fbffe3c,怪人エビユルゲ,3,305,297,4,attribute_change,0.199,0.4028,179,21,8,いいえ,ダリア・宮子・9 / vにゅーさん / トランシルヴァニア家族 / 怪人エビユルゲ / 財閥だ浅ちゃん！
4,616,em-e5c147f9dafc,異国のトーマスん,9,660,742,4,attribute_change,0.1985,0.3958,185,15,8,いいえ,ダリア・宮子・9 / vにゅーさん / トランシルヴァニア家族 / 異国のトーマスん / 財閥だ浅ちゃん！
4,617,em-7e127d8718a5,魔人エビユルゲ,4,410,370,3,attribute_change,0.1984,0.3958,180,20,8,いいえ,ダリア・宮子・9 / vにゅーさん / トランシルヴァニア家族 / 魔人エビユルゲ / 財閥だ浅ちゃん！
4,618,em-428a2893945d,雪愛ちゃん,8,590,630,3,attribute_change,0.1968,0.3958,184,16,8,いいえ,ダリア・宮子・9 / vにゅーさん / トランシルヴァニア家族 / 雪愛ちゃん / 財閥だ浅ちゃん！
4,619,em-1dbd8ae5b939,国宝！白鷺嬢,12,1200,500,3,heal,0.1967,0.375,197,3,8,いいえ,vにゅーさん / トランシルヴァニア家族 / 田島の春 / 国宝！白鷺嬢 / ラパヌイ先生
4,620,em-1b8d4b845182,キャミーという女,8,600,800,4,heal,0.1947,0.375,197,3,8,いいえ,ウサウサ八幡 / vにゅーさん / トランシルヴァニア家族 / キャミーという女 / ハリウッドナナコ師匠
4,621,em-d80a2b82ab9f,ブーナッドちゃん,8,1200,200,3,heal,0.1945,0.375,197,3,8,いいえ,ウサウサ八幡 / vにゅーさん / トランシルヴァニア家族 / ブーナッドちゃん / ハリウッドナナコ師匠
4,622,em-922ebe667c19,けねず先輩,12,800,800,4,damage_reduction,0.1931,0.3681,182,18,8,いいえ,ダリア・宮子・9 / vにゅーさん / トランシルヴァニア家族 / けねず先輩 / 御嶽さん
4,623,em-20df4bd7efaf,白鷺嬢,8,800,420,3,heal,0.1829,0.3542,197,3,8,いいえ,ウサウサ八幡 / vにゅーさん / トランシルヴァニア家族 / 白鷺嬢 / ハリウッドナナコ師匠
4,624,em-0277eca3d9cf,ゆる神の像＆ピヨか？,60,426,511,3,guard,0.1603,0.3472,198,2,8,いいえ,コメツキ / 脱力コンビあろま＆るる / 愛のぴよ子 / ゆる神の像＆ピヨか？ / 財閥だ浅ちゃん！
5,1,em-57dce5f944a3,うらうらら,50,4260,6390,4,multi_hit_attack,0.5088,0.5278,200,0,7,いいえ,ダリア・宮子・9 / ノローニャ・パイセン / 夜光虫ほたるん / 跛荒の鉄男大先生 / うらうらら
5,2,em-e2624c3cfdbc,美才能♪かの子さん,18,1288,4025,5,multi_hit_attack,0.4774,0.5278,198,2,8,いいえ,有砂小町 / 北間・クラリス嬢 / 哀哭のオオウミガラス / 百華百彩久連子 / 美才能♪かの子さん
5,3,em-94dc3d86f691,碧海のオフタルもん,75,10054,3919,4,multi_hit_attack,0.4721,0.4236,196,4,8,いいえ,vにゅーさん / えかちぇたん / 愛のぴよ子 / 諏訪子成長期 / 碧海のオフタルもん
5,4,em-5a047ed41d97,KJの少女Hi児,48,4941,3919,5,multi_hit_attack,0.472,0.5278,198,2,8,いいえ,ダリア・宮子・9 / ノローニャ・パイセン / 夜光虫ほたるん / 跛荒の鉄男大先生 / KJの少女Hi児
5,5,em-089a6280b9d6,御嶽さん,32,5112,3067,4,aoe_attack,0.472,0.4931,197,3,8,いいえ,ウサウサ八幡 / 北間・クラリス嬢 / 田島の春 / みどりのたけしマン / 御嶽さん
5,6,em-8cb75e870411,マンいーたち,50,3408,6816,4,aoe_attack,0.4701,0.5694,200,0,7,いいえ,ダリア・宮子・9 / ノローニャ・パイセン / 夜光虫ほたるん / 跛荒の鉄男大先生 / マンいーたち
5,7,em-5ff7c4f20f2b,ヤマトタケルぅ！,40,85,8520,5,multi_hit_attack,0.4634,0.4375,195,5,8,いいえ,ウサウサ八幡 / 脱力コンビあろま＆るる / トリニダの怪人 / グラディ瑛太 / ヤマトタケルぅ！
5,8,em-73250febc8f5,財閥だ浅ちゃん！,38,2556,7327,4,multi_hit_attack,0.4613,0.4236,195,5,8,いいえ,vにゅーさん / 北間・クラリス嬢 / トランシルヴァニア家族 / 跛荒の鉄男大先生 / 財閥だ浅ちゃん！
5,9,em-35dfd8c60675,はぎみタンさん,55,4430,4771,4,aoe_attack,0.4575,0.4444,198,2,6,いいえ,有砂小町 / vにゅーさん / 愛のぴよ子 / 花火戦隊サイガーRe / はぎみタンさん
5,10,em-a8e1bfbd68cd,秋のタツタちゃん,80,10224,4771,4,multi_hit_attack,0.456,0.4028,198,2,8,いいえ,日本海女中 / vにゅーさん / トランシルヴァニア家族 / 愛のぴよ子 / 秋のタツタちゃん
5,11,em-67859050336b,マジ☆マシニッさん,36,4089,4430,6,multi_hit_attack,0.4523,0.4792,199,1,8,いいえ,うさ☆八幡さま / vにゅーさん / トランシルヴァニア家族 / 愛のぴよ子 / マジ☆マシニッさん
5,12,em-960c8d1446c2,GC・アガッシィΩ,42,3578,3578,4,multi_hit_attack,0.4515,0.6042,192,8,8,いいえ,ダリア・宮子・9 / ノローニャ・パイセン / 夜光虫ほたるん / 跛荒の鉄男大先生 / GC・アガッシィΩ
5,13,em-370ba5df8d09,悪霊狩人ちび大助,81,8776,5879,5,multi_hit_attack,0.4446,0.4097,199,1,8,いいえ,日本海女中 / vにゅーさん / トランシルヴァニア家族 / 愛のぴよ子 / 悪霊狩人ちび大助
5,14,em-6fe67318189a,劇場版ＪＡＸＡイル,18,1304,3526,4,multi_hit_attack,0.4442,0.5069,177,23,8,いいえ,vにゅーさん / ノローニャ・パイセン / 夜光虫ほたるん / 跛荒の鉄男大先生 / 劇場版ＪＡＸＡイル
5,15,em-f70fc38ed477,栗栖　益子さん,40,4175,4106,4,multi_hit_attack,0.4406,0.4236,195,5,8,いいえ,ウサウサ八幡 / 脱力コンビあろま＆るる / トリニダの怪人 / グラディ瑛太 / 栗栖　益子さん
5,16,em-fc5d66138cad,端午ぴよ子,13,1543,2512,5,aoe_attack,0.4392,0.5139,200,0,8,いいえ,vにゅーさん / ノローニャ・パイセン / きぬたン / 花火戦隊サイガーRe / 端午ぴよ子
5,17,em-9cd3d68e61d0,渦巻王ナルテュール,45,1704,6134,6,multi_hit_attack,0.4361,0.4167,200,0,8,いいえ,ウサウサ八幡 / 脱力コンビあろま＆るる / トリニダの怪人 / グラディ瑛太 / 渦巻王ナルテュール
5,18,em-bc5f259cf576,まさか殿(微マジ),60,5453,6305,7,multi_hit_attack,0.4345,0.4167,198,2,5,いいえ,ダリア・宮子・9 / ノローニャ・パイセン / 夜光虫ほたるん / ブハラ師匠 / まさか殿(微マジ)
5,19,em-13df10c62ab6,MUNAKATA,42,5453,4089,6,aoe_attack,0.4339,0.5417,192,8,8,いいえ,ダリア・宮子・9 / ノローニャ・パイセン / 夜光虫ほたるん / 跛荒の鉄男大先生 / MUNAKATA
5,20,em-0e768525b557,ヘラクレス先輩,70,5885,6230,4,multi_hit_attack,0.4333,0.3611,197,3,8,いいえ,vにゅーさん / 北間・クラリス嬢 / サルパちゃん / 諏訪子成長期 / ヘラクレス先輩
5,21,em-5e492c884ca0,三貴子素戔嗚,75,8946,6475,5,multi_hit_attack,0.429,0.3819,196,4,8,いいえ,vにゅーさん / えかちぇたん / 愛のぴよ子 / 諏訪子成長期 / 三貴子素戔嗚
5,22,em-57204b8d6ee6,伝説のWoo怪,12,1126,2393,4,multi_hit_attack,0.4287,0.4931,199,1,8,いいえ,vにゅーさん / ノローニャ・パイセン / きぬたン / 花火戦隊サイガーRe / 伝説のWoo怪
5,23,em-c87499b64151,ラパヌイ先生,45,6441,3067,4,guard,0.4283,0.5,195,5,8,いいえ,ダリア・宮子・9 / ノローニャ・パイセン / 夜光虫ほたるん / 跛荒の鉄男大先生 / ラパヌイ先生
5,24,em-1c28be3f3366,モンさんミッシェル,32,3748,5623,8,multi_hit_attack,0.4277,0.4097,193,7,8,いいえ,ダリア・宮子・9 / vにゅーさん / トランシルヴァニア家族 / みどりのたけしマン / モンさんミッシェル
5,25,em-83113af84b95,降臨☆三原色ばうあー,45,3578,5868,5,aoe_attack,0.4274,0.3958,194,6,8,いいえ,有砂小町 / vにゅーさん / 愛のぴよ子 / 跛荒の鉄男大先生 / 降臨☆三原色ばうあー
5,26,em-42016d3a2172,織田フィナーレ,42,2556,5964,5,multi_hit_attack,0.424,0.5347,192,8,8,いいえ,ダリア・宮子・9 / ノローニャ・パイセン / 夜光虫ほたるん / 跛荒の鉄男大先生 / 織田フィナーレ
5,27,em-322b7fbdab7e,むろまち様,34,2556,5112,7,aoe_attack,0.4198,0.4097,200,0,8,いいえ,vにゅーさん / えかちぇたん / トランシルヴァニア家族 / 花火戦隊サイガーRe / むろまち様
5,28,em-64fa899f397f,ダル飯☆杏,44,5896,3340,4,guard,0.4194,0.5139,200,0,8,いいえ,vにゅーさん / 北間・クラリス嬢 / 田島の春 / 跛荒の鉄男大先生 / ダル飯☆杏
5,29,em-d90aa04af44f,グウィネズ兄弟,34,2066,3197,5,multi_hit_attack,0.4186,0.4792,197,3,8,いいえ,うさ☆八幡さま / vにゅーさん / トランシルヴァニア家族 / 愛のぴよ子 / グウィネズ兄弟
5,30,em-3b47fb031e0a,上京！世界師匠,36,1704,4260,4,multi_hit_attack,0.4179,0.4306,199,1,8,いいえ,うさ☆八幡さま / vにゅーさん / トランシルヴァニア家族 / 愛のぴよ子 / 上京！世界師匠
5,31,em-b1988954d3bc,織田フィナーレ,50,2556,5964,5,multi_hit_attack,0.4166,0.5486,200,0,7,いいえ,ダリア・宮子・9 / ノローニャ・パイセン / 夜光虫ほたるん / 跛荒の鉄男大先生 / 織田フィナーレ
5,32,em-14d31235a3f8,かっちゃんのBIG強飯,48,3067,4601,4,attack_buff,0.416,0.5486,198,2,8,いいえ,ダリア・宮子・9 / ノローニャ・パイセン / 夜光虫ほたるん / 跛荒の鉄男大先生 / かっちゃんのBIG強飯
5,33,em-bb70b91588ed,夜魔・マヤー,12,1661,2114,4,multi_hit_attack,0.4137,0.5139,199,1,8,いいえ,vにゅーさん / ノローニャ・パイセン / きぬたン / 花火戦隊サイガーRe / 夜魔・マヤー
5,34,em-628e695d4365,カクラム先生,16,2256,2397,4,multi_hit_attack,0.4133,0.4861,175,25,8,いいえ,vにゅーさん / ノローニャ・パイセン / 夜光虫ほたるん / 跛荒の鉄男大先生 / カクラム先生
5,35,em-132feeb6206a,傭兵戦隊サイガー３,12,756,2284,4,multi_hit_attack,0.4112,0.5139,199,1,8,いいえ,vにゅーさん / ノローニャ・パイセン / きぬたン / 花火戦隊サイガーRe / 傭兵戦隊サイガー３
5,36,em-c623973fc8a5,うおぬまンダーＲ上Ｘ,15,1208,2567,4,aoe_attack,0.4103,0.5,174,26,8,いいえ,vにゅーさん / ノローニャ・パイセン / 夜光虫ほたるん / 跛荒の鉄男大先生 / うおぬまンダーＲ上Ｘ
5,37,em-2eebc4f8633d,すわっ！かつより君,60,5350,4771,5,aoe_attack,0.4101,0.3958,198,2,5,いいえ,ダリア・宮子・9 / ノローニャ・パイセン / 夜光虫ほたるん / ブハラ師匠 / すわっ！かつより君
5,38,em-e394b3795363,伝説の少女キャンディ,50,5507,5507,7,skill_reduction,0.4091,0.4931,200,0,7,いいえ,ダリア・宮子・9 / ノローニャ・パイセン / 夜光虫ほたるん / 跛荒の鉄男大先生 / 伝説の少女キャンディ
5,39,em-79b4540e0f7f,ヤック(中の人),16,2176,2418,4,multi_hit_attack,0.4088,0.4722,200,0,8,いいえ,ウサウサ八幡 / 脱力コンビあろま＆るる / トリニダの怪人 / 花火戦隊サイガーRe / ヤック(中の人)
5,40,em-1ab18da48960,白い悪魔の小町さん,24,3461,3300,5,aoe_attack,0.4081,0.5278,183,17,8,いいえ,vにゅーさん / ノローニャ・パイセン / 夜光虫ほたるん / 跛荒の鉄男大先生 / 白い悪魔の小町さん
5,41,em-a8f48fb9a527,タミちゃんの火祭り,15,1,2402,4,aoe_attack,0.4055,0.4861,199,1,8,いいえ,ウサウサ八幡 / 脱力コンビあろま＆るる / トリニダの怪人 / 花火戦隊サイガーRe / タミちゃんの火祭り
5,42,em-fc0a4778a432,リチャード・リターンズ,23,2576,3220,5,aoe_attack,0.4052,0.5278,182,18,8,いいえ,vにゅーさん / ノローニャ・パイセン / 夜光虫ほたるん / 跛荒の鉄男大先生 / リチャード・リターンズ
5,43,em-1a3ab3b1acf7,聖☆いんてぃないか,19,2817,2334,4,aoe_attack,0.4043,0.4583,178,22,8,いいえ,vにゅーさん / ノローニャ・パイセン / 夜光虫ほたるん / 跛荒の鉄男大先生 / 聖☆いんてぃないか
5,44,em-2325681e1b59,BON JOVE,24,3220,3220,5,aoe_attack,0.401,0.4514,183,17,8,いいえ,vにゅーさん / ノローニャ・パイセン / 夜光虫ほたるん / 跛荒の鉄男大先生 / BON JOVE
5,45,em-abcae044297d,ラ・ショー・ドさん,44,5453,3424,5,delay,0.3962,0.5,200,0,8,いいえ,ダリア・宮子・9 / vにゅーさん / トランシルヴァニア家族 / クェーサルと仲間たち / ラ・ショー・ドさん
5,46,em-b943dbad0d0c,姫武者伏姫,54,6253,3823,5,guard,0.3959,0.5139,199,1,6,いいえ,有砂小町 / vにゅーさん / トランシルヴァニア家族 / トキシッくんｵｯｽｵｯｽ / 姫武者伏姫
5,47,em-fe9fc4184474,聖えぇじゃないか,17,2817,2334,4,aoe_attack,0.3953,0.4306,176,24,8,いいえ,vにゅーさん / ノローニャ・パイセン / 夜光虫ほたるん / 跛荒の鉄男大先生 / 聖えぇじゃないか
5,48,em-523af93f71e3,神田祭らーの集い,88,5027,6901,4,aoe_attack,0.395,0.3264,193,7,7,いいえ,ダリア・宮子・9 / コロちゃん / トランシルヴァニア家族 / 愛のぴよ子 / 神田祭らーの集い
5,49,em-6aaeda4f2f3a,ギガキプ☆アガッシイ,35,2726,2726,4,multi_hit_attack,0.3944,0.5417,200,0,8,いいえ,日本海女中 / vにゅーさん / ゼネコン大公 / ブハラ師匠 / ギガキプ☆アガッシイ
5,50,em-28604c08091f,純白のアンナ大先輩,51,6305,3748,5,aoe_attack,0.3941,0.4028,189,11,7,いいえ,ダリア・宮子・9 / ノローニャ・パイセン / 夜光虫ほたるん / ブハラ師匠 / 純白のアンナ大先輩
5,51,em-f119f767f457,アダム＆エバ,50,5112,4260,4,attack_buff,0.3933,0.5069,200,0,7,いいえ,ダリア・宮子・9 / ノローニャ・パイセン / 夜光虫ほたるん / 跛荒の鉄男大先生 / アダム＆エバ
5,52,em-2c5d06641a28,ジャックレムリン,55,7497,3748,7,aoe_attack,0.3928,0.3958,193,7,6,いいえ,ダリア・宮子・9 / ノローニャ・パイセン / 夜光虫ほたるん / ブハラ師匠 / ジャックレムリン
5,53,em-24d2ab142253,アグスティンさん,12,2869,1359,5,multi_hit_attack,0.3921,0.5208,199,1,8,いいえ,vにゅーさん / ノローニャ・パイセン / きぬたン / 花火戦隊サイガーRe / アグスティンさん
5,54,em-b2125332555b,呵々Doの閑雅・ルー,85,9883,4771,5,guard,0.3916,0.4792,197,3,8,いいえ,ダリア・宮子・9 / カルボ姉（ねえ） / トランシルヴァニア家族 / 愛のぴよ子 / 呵々Doの閑雅・ルー
5,55,em-c6337efaceae,ｴﾚｶﾞﾝﾄ☆トラボル子,47,4260,4771,5,aoe_attack,0.3891,0.4722,200,0,8,いいえ,vにゅーさん / ノローニャ・パイセン / 夜光虫ほたるん / ラパヌイ先生 / ｴﾚｶﾞﾝﾄ☆トラボル子
5,56,em-22f9d46fe6f4,ウサウサ八幡,88,10872,5964,6,skill_reduction,0.3891,0.375,200,0,7,いいえ,ダリア・宮子・9 / カルボ姉（ねえ） / トランシルヴァニア家族 / 愛のぴよ子 / ウサウサ八幡
5,57,em-ad82a61bcc2a,ｺﾄﾖﾛ!巳ーちゃん様,55,6901,3451,4,damage_reduction,0.389,0.4792,193,7,6,いいえ,ダリア・宮子・9 / ノローニャ・パイセン / 夜光虫ほたるん / ブハラ師匠 / ｺﾄﾖﾛ!巳ーちゃん様
5,58,em-f21bf8aa6e67,独眼竜！梵天。,23,2254,2576,5,aoe_attack,0.388,0.4444,182,18,8,いいえ,vにゅーさん / ノローニャ・パイセン / 夜光虫ほたるん / 跛荒の鉄男大先生 / 独眼竜！梵天。
5,59,em-5c46e7a79c7f,ギャルド・スイス先輩,45,3408,5453,4,multi_hit_attack,0.3875,0.4792,198,2,8,いいえ,vにゅーさん / ノローニャ・パイセン / 夜光虫ほたるん / ラパヌイ先生 / ギャルド・スイス先輩
5,60,em-18a6642e277e,旧市街地の魔物,8,2799,16,4,attack_buff,0.3871,0.4722,167,33,8,いいえ,vにゅーさん / ノローニャ・パイセン / 夜光虫ほたるん / 跛荒の鉄男大先生 / 旧市街地の魔物
5,61,em-40bd3b1e44fa,五月病の悪魔の契約,55,4123,4226,4,aoe_attack,0.387,0.4792,193,7,6,いいえ,ダリア・宮子・9 / ノローニャ・パイセン / 夜光虫ほたるん / ブハラ師匠 / 五月病の悪魔の契約
5,62,em-27802083d7f5,チュニスさん,50,5964,3919,4,skill_reduction,0.3861,0.4722,200,0,7,いいえ,ダリア・宮子・9 / ノローニャ・パイセン / 夜光虫ほたるん / 跛荒の鉄男大先生 / チュニスさん
5,63,em-f3091896bc28,腹話フック,15,1610,3220,4,multi_hit_attack,0.3858,0.5208,193,7,8,いいえ,橘の元祖☆みっちー / vにゅーさん / トランシルヴァニア家族 / 愛のぴよ子 / 腹話フック
5,64,em-8803e5b07894,風林火山のぶくろ公,22,2254,2576,5,aoe_attack,0.3843,0.4792,181,19,8,いいえ,vにゅーさん / ノローニャ・パイセン / 夜光虫ほたるん / 跛荒の鉄男大先生 / 風林火山のぶくろ公
5,65,em-6722337c6d78,雨降る倉敷のみかん姐,15,2718,1963,4,aoe_attack,0.384,0.4722,199,1,8,いいえ,ウサウサ八幡 / 脱力コンビあろま＆るる / トリニダの怪人 / 花火戦隊サイガーRe / 雨降る倉敷のみかん姐
5,66,em-ea813aee5d92,ブラジリアン首都術,8,1812,1963,4,aoe_attack,0.3798,0.4722,167,33,8,いいえ,vにゅーさん / ノローニャ・パイセン / 夜光虫ほたるん / 跛荒の鉄男大先生 / ブラジリアン首都術
5,67,em-da18dad9d936,もけーれ！ムベちゃん,53,2896,6475,4,multi_hit_attack,0.3771,0.4444,191,9,7,いいえ,ダリア・宮子・9 / ノローニャ・パイセン / 夜光虫ほたるん / ブハラ師匠 / もけーれ！ムベちゃん
5,68,em-05133b447edd,コメツキ,55,5453,5406,5,skill_reduction,0.3761,0.4167,193,7,6,いいえ,ダリア・宮子・9 / ノローニャ・パイセン / 夜光虫ほたるん / ブハラ師匠 / コメツキ
5,69,em-67c9c425e81c,大いなる奇なる皇女,60,4260,4260,5,multi_hit_attack,0.376,0.4722,198,2,5,いいえ,ダリア・宮子・9 / ノローニャ・パイセン / 夜光虫ほたるん / ブハラ師匠 / 大いなる奇なる皇女
5,70,em-a24482970c23,ご機嫌斜めのウィーン様,42,4941,2896,5,attack_buff,0.3745,0.5208,192,8,8,いいえ,ダリア・宮子・9 / ノローニャ・パイセン / 夜光虫ほたるん / 跛荒の鉄男大先生 / ご機嫌斜めのウィーン様
5,71,em-3a0ce37a12ff,おこしんMK-2,8,1510,2265,4,multi_hit_attack,0.3744,0.4514,167,33,8,いいえ,vにゅーさん / ノローニャ・パイセン / 夜光虫ほたるん / 跛荒の鉄男大先生 / おこしんMK-2
5,72,em-f346c1f4c45d,八狗神伏姫様,35,5538,2130,4,guard,0.3744,0.4444,196,4,8,いいえ,ダリア・宮子・9 / vにゅーさん / トランシルヴァニア家族 / みどりのたけしマン / 八狗神伏姫様
5,73,em-07c5bc08f69e,朦朧ボディマンΩ,16,755,3020,10,multi_hit_attack,0.3743,0.4583,200,0,8,いいえ,ウサウサ八幡 / 脱力コンビあろま＆るる / トリニダの怪人 / 花火戦隊サイガーRe / 朦朧ボディマンΩ
5,74,em-84d3175a9388,コン勝神☆くー様,48,3809,7024,4,attack_buff,0.3726,0.5278,198,2,8,いいえ,ダリア・宮子・9 / ノローニャ・パイセン / 夜光虫ほたるん / 跛荒の鉄男大先生 / コン勝神☆くー様
5,75,em-5a81e8231a65,宗像スリーピース,39,4601,4089,5,aoe_attack,0.3716,0.4514,200,0,8,いいえ,ダリア・宮子・9 / vにゅーさん / トランシルヴァニア家族 / みどりのたけしマン / 宗像スリーピース
5,76,em-78785b8bf619,企業だ浅ちゃん！,42,1192,7327,4,attack_buff,0.3712,0.5139,192,8,8,いいえ,ダリア・宮子・9 / ノローニャ・パイセン / 夜光虫ほたるん / 跛荒の鉄男大先生 / 企業だ浅ちゃん！
5,77,em-65cc0d6a4bcc,TAGIの映画祭,31,3748,2726,5,multi_hit_attack,0.3704,0.4861,194,6,7,いいえ,うさ☆八幡さま / vにゅーさん / トランシルヴァニア家族 / 愛のぴよ子 / TAGIの映画祭
5,78,em-fd03da115e54,まさか殿,35,4396,4413,6,multi_hit_attack,0.3701,0.4792,200,0,8,いいえ,日本海女中 / vにゅーさん / ゼネコン大公 / ブハラ師匠 / まさか殿
5,79,em-39a2f0d8ec72,ロードスのエルフ騎士,44,4430,5623,6,skill_reduction,0.37,0.4583,200,0,8,いいえ,ダリア・宮子・9 / vにゅーさん / トランシルヴァニア家族 / クェーサルと仲間たち / ロードスのエルフ騎士
5,80,em-05c5072dc080,橘の元祖☆みっちー,75,9798,4515,4,skill_reduction,0.3698,0.3611,196,4,8,いいえ,vにゅーさん / えかちぇたん / 愛のぴよ子 / 諏訪子成長期 / 橘の元祖☆みっちー
5,81,em-37ae218b7e9e,有砂小町,40,5112,5112,7,skill_reduction,0.3696,0.4097,199,1,8,いいえ,ダリア・宮子・9 / vにゅーさん / サルパちゃん / 諏訪子成長期 / 有砂小町
5,82,em-df40dba7c56a,高野さん,34,4089,4089,5,skill_reduction,0.3692,0.4583,190,10,8,いいえ,うさ☆八幡さま / ノローニャ・パイセン / 夜光虫ほたるん / ブハラ師匠 / 高野さん
5,83,em-70a9a07ea8d9,うさ☆八幡さま,60,5964,5964,6,delay,0.3683,0.4028,198,2,5,いいえ,ダリア・宮子・9 / ノローニャ・パイセン / 夜光虫ほたるん / ブハラ師匠 / うさ☆八幡さま
5,84,em-832edc9513ca,Ｈ・Ｆ・ウーマン,45,6305,3748,4,guard,0.3681,0.4792,197,3,8,いいえ,ハリウッドナナコ師匠 / vにゅーさん / トランシルヴァニア家族 / 跛荒の鉄男大先生 / Ｈ・Ｆ・ウーマン
5,85,em-5a3998126178,TAGOのBOOTH,17,2896,2385,6,multi_hit_attack,0.3668,0.4861,176,24,8,いいえ,vにゅーさん / ノローニャ・パイセン / 夜光虫ほたるん / 跛荒の鉄男大先生 / TAGOのBOOTH
5,86,em-f9ed70b034c7,チロ江さん,16,3020,1510,6,multi_hit_attack,0.3663,0.5417,200,0,8,いいえ,ウサウサ八幡 / 脱力コンビあろま＆るる / トリニダの怪人 / 花火戦隊サイガーRe / チロ江さん
5,87,em-d9ea7f0897f2,山ガール！？さなこりん,15,2567,1225,6,multi_hit_attack,0.3642,0.5,199,1,8,いいえ,ウサウサ八幡 / 脱力コンビあろま＆るる / トリニダの怪人 / 花火戦隊サイガーRe / 山ガール！？さなこりん
5,88,em-32538f7c8341,熊殺しのサンタマン,58,6560,4345,5,delay,0.3618,0.3958,196,4,5,いいえ,ダリア・宮子・9 / ノローニャ・パイセン / 夜光虫ほたるん / ブハラ師匠 / 熊殺しのサンタマン
5,89,em-3cce096dfee9,カギサナ子,15,2415,2415,4,attack_buff,0.3616,0.5,174,26,8,いいえ,vにゅーさん / ノローニャ・パイセン / 夜光虫ほたるん / 跛荒の鉄男大先生 / カギサナ子
5,90,em-f7db929b2ed5,シャボテンの世界,17,1510,1812,5,revive,0.3609,0.5903,188,12,8,いいえ,ダリア・宮子・9 / ノローニャ・パイセン / きぬたン / 諏訪子成長期 / シャボテンの世界
5,91,em-b8c4235090fa,バビるわバビル君。,39,5367,3441,4,damage_reduction,0.3606,0.4444,186,14,8,いいえ,vにゅーさん / ノローニャ・パイセン / 夜光虫ほたるん / ブハラ師匠 / バビるわバビル君。
5,92,em-469fc4e70bad,エヴァンジェ・凛,48,5091,3428,5,heal,0.3596,0.5069,198,2,8,いいえ,ダリア・宮子・9 / ノローニャ・パイセン / 夜光虫ほたるん / 跛荒の鉄男大先生 / エヴァンジェ・凛
5,93,em-f88796a335ca,勇者オトシゴ,12,1324,1703,5,damage_reduction,0.3591,0.5347,200,0,8,いいえ,ウサウサ八幡 / 北間・クラリス嬢 / トランシルヴァニア家族 / 花火戦隊サイガーRe / 勇者オトシゴ
5,94,em-7aeb7561c788,ににぎのミコト,50,4941,3748,5,attack_buff,0.3588,0.5208,200,0,7,いいえ,ダリア・宮子・9 / ノローニャ・パイセン / 夜光虫ほたるん / 跛荒の鉄男大先生 / ににぎのミコト
5,95,em-7930454375ec,パラワン探検隊,18,3219,3333,4,aoe_attack,0.3586,0.5278,177,23,8,いいえ,vにゅーさん / ノローニャ・パイセン / 夜光虫ほたるん / 跛荒の鉄男大先生 / パラワン探検隊
5,96,em-cd5bbd27a3ee,熊とか絶対殺すマン,40,4086,4771,5,delay,0.3573,0.4167,199,1,8,いいえ,ダリア・宮子・9 / vにゅーさん / サルパちゃん / 諏訪子成長期 / 熊とか絶対殺すマン
5,97,em-3e5e9519eb9b,風林火山のぶくろ！,47,4089,4430,5,aoe_attack,0.357,0.4514,200,0,8,いいえ,vにゅーさん / ノローニャ・パイセン / 夜光虫ほたるん / ラパヌイ先生 / 風林火山のぶくろ！
5,98,em-f35caa7e177a,モンポスさん,40,5112,2556,4,damage_reduction,0.3564,0.4722,187,13,8,いいえ,vにゅーさん / ノローニャ・パイセン / 夜光虫ほたるん / ブハラ師匠 / モンポスさん
5,99,em-c750011c554d,夢奈マコ（16才）,60,7497,2130,5,guard,0.3554,0.4722,194,6,5,いいえ,vにゅーさん / えかちぇたん / 愛のぴよ子 / 跛荒の鉄男大先生 / 夢奈マコ（16才）
5,100,em-9cc423bd9843,沼んだーライド！,21,1585,1887,5,aoe_attack,0.3551,0.5208,180,20,8,いいえ,vにゅーさん / ノローニャ・パイセン / 夜光虫ほたるん / 跛荒の鉄男大先生 / 沼んだーライド！
5,101,em-c25db2f5b4ff,メルヘン☆グリ子,80,9202,3748,4,damage_reduction,0.3549,0.4306,190,10,8,いいえ,ハリウッドナナコ師匠 / vにゅーさん / トランシルヴァニア家族 / トキシッくんｵｯｽｵｯｽ / メルヘン☆グリ子
5,102,em-8d98226e5962,玉稜の首領・たまうー,29,3067,4260,4,delay,0.3545,0.4583,195,5,8,いいえ,ダリア・宮子・9 / vにゅーさん / サルパちゃん / 花火戦隊サイガーRe / 玉稜の首領・たまうー
5,103,em-90b0d123f99e,かんきゅっちゃん,15,2817,2817,5,delay,0.3544,0.4375,184,16,8,いいえ,有砂小町 / ノローニャ・パイセン / きぬたン / 諏訪子成長期 / かんきゅっちゃん
5,104,em-ba3e87e06882,ぴよ子ファーザー,20,357,3577,4,attack_buff,0.3535,0.5,179,21,8,いいえ,vにゅーさん / ノローニャ・パイセン / 夜光虫ほたるん / 跛荒の鉄男大先生 / ぴよ子ファーザー
5,105,em-681c8662f2b6,まさか殿(ｼﾞｬｰｼﾞ),55,6475,3748,6,delay,0.3535,0.4028,193,7,6,いいえ,ダリア・宮子・9 / ノローニャ・パイセン / 夜光虫ほたるん / ブハラ師匠 / まさか殿(ｼﾞｬｰｼﾞ)
5,106,em-c4663d98c2ff,海・百合男,33,3748,4430,5,skill_reduction,0.353,0.4514,199,1,8,いいえ,ダリア・宮子・9 / vにゅーさん / サルパちゃん / 花火戦隊サイガーRe / 海・百合男
5,107,em-7e8ca5d8d19a,小林伯爵,15,3020,1812,5,revive,0.3526,0.5764,186,14,8,いいえ,ダリア・宮子・9 / ノローニャ・パイセン / きぬたン / 諏訪子成長期 / 小林伯爵
5,108,em-9cbbb04818bd,シミ,20,1704,2215,4,heal,0.352,0.4722,170,30,8,いいえ,ダリア・宮子・9 / ノローニャ・パイセン / 夜光虫ほたるん / 跛荒の鉄男大先生 / シミ
5,109,em-306ef0a3ce60,大納言鮒麿,14,1812,1548,4,heal,0.3519,0.5208,185,15,8,いいえ,ダリア・宮子・9 / ノローニャ・パイセン / きぬたン / 諏訪子成長期 / 大納言鮒麿
5,110,em-0e376d1892df,メネリくん一世,72,6134,3067,4,guard,0.3518,0.4097,200,0,8,いいえ,vにゅーさん / えかちぇたん / 愛のぴよ子 / 花火戦隊サイガーRe / メネリくん一世
5,111,em-e8331e3aec6c,辰の子ぴよ子,70,6898,4089,10,multi_hit_attack,0.3517,0.3403,197,3,8,いいえ,vにゅーさん / 北間・クラリス嬢 / サルパちゃん / 諏訪子成長期 / 辰の子ぴよ子
5,112,em-78c7d71a75d2,美音三銃士を連れてきたよ,50,6475,3748,5,revive,0.3516,0.5556,200,0,7,いいえ,ダリア・宮子・9 / ノローニャ・パイセン / 夜光虫ほたるん / 跛荒の鉄男大先生 / 美音三銃士を連れてきたよ
5,113,em-a5d6506eec58,瓜だね女中,15,3220,1610,4,heal,0.3512,0.4861,186,14,8,いいえ,ダリア・宮子・9 / ノローニャ・パイセン / きぬたン / 諏訪子成長期 / 瓜だね女中
5,114,em-9d5f7901aacf,サタデーナイト☆郡上,17,1812,1963,5,aoe_attack,0.3499,0.4167,200,0,8,いいえ,ダリア・宮子・9 / 藤のフヒッティ / サルパちゃん / 諏訪子成長期 / サタデーナイト☆郡上
5,115,em-bdf5b4886e9a,シーホーすん,12,1191,1532,5,damage_reduction,0.3486,0.5278,200,0,8,いいえ,ウサウサ八幡 / 北間・クラリス嬢 / トランシルヴァニア家族 / 花火戦隊サイガーRe / シーホーすん
5,116,em-75717188c18a,あ、しょーか大先生,13,1812,1963,4,multi_hit_attack,0.3484,0.4931,200,0,8,いいえ,vにゅーさん / ノローニャ・パイセン / きぬたン / 花火戦隊サイガーRe / あ、しょーか大先生
5,117,em-b9e75bc0b1f9,わっしょいミカ先生,20,4186,3220,5,attack_buff,0.3477,0.4931,196,4,8,いいえ,ダリア・宮子・9 / vにゅーさん / トランシルヴァニア家族 / 諏訪子成長期 / わっしょいミカ先生
5,118,em-2d1c8d50a6d1,スマートouぼっと,17,2265,1510,5,damage_reduction,0.3473,0.5,198,2,8,いいえ,ウサウサ八幡 / 北間・クラリス嬢 / トランシルヴァニア家族 / 諏訪子成長期 / スマートouぼっと
5,119,em-f89a98dd9893,大魔神！せいタン降臨,48,2044,6305,4,attack_buff,0.3462,0.4931,198,2,8,いいえ,ダリア・宮子・9 / ノローニャ・パイセン / 夜光虫ほたるん / 跛荒の鉄男大先生 / 大魔神！せいタン降臨
5,120,em-06a82dd4f95a,やまとーる海将,18,2567,1208,4,damage_reduction,0.3459,0.4861,199,1,8,いいえ,ウサウサ八幡 / 北間・クラリス嬢 / トランシルヴァニア家族 / 諏訪子成長期 / やまとーる海将
5,121,em-ec64495c1963,レブカ大先生,38,5793,2984,5,aoe_attack,0.3457,0.4444,199,1,8,いいえ,ダリア・宮子・9 / vにゅーさん / トランシルヴァニア家族 / みどりのたけしマン / レブカ大先生
5,122,em-7c0ef69518eb,有砂小町２ＰＣ,40,5112,5112,4,delay,0.3454,0.4028,199,1,8,いいえ,ダリア・宮子・9 / vにゅーさん / サルパちゃん / 諏訪子成長期 / 有砂小町２ＰＣ
5,123,em-271fbedbbf39,レオ,22,2737,2093,4,damage_reduction,0.3453,0.5,181,19,8,いいえ,vにゅーさん / えかちぇたん / 田島の春 / ブハラ師匠 / レオ
5,124,em-a5655f550318,眠れる海のネムリん,60,7327,5282,5,attack_buff,0.3451,0.4444,198,2,5,いいえ,ダリア・宮子・9 / ノローニャ・パイセン / 夜光虫ほたるん / ブハラ師匠 / 眠れる海のネムリん
5,125,em-c736bc52077a,漱石先生と吾輩たち,15,1610,3461,5,skill_reduction,0.345,0.4375,184,16,8,いいえ,有砂小町 / ノローニャ・パイセン / きぬたン / 諏訪子成長期 / 漱石先生と吾輩たち
5,126,em-f18c065bbb1d,白水大師匠,18,1510,1887,5,aoe_attack,0.3436,0.5278,177,23,8,いいえ,vにゅーさん / ノローニャ・パイセン / 夜光虫ほたるん / 跛荒の鉄男大先生 / 白水大師匠
5,127,em-bf54cef3c3e9,タツノコくん,12,1058,1362,5,damage_reduction,0.3432,0.5278,200,0,8,いいえ,ウサウサ八幡 / 北間・クラリス嬢 / トランシルヴァニア家族 / 花火戦隊サイガーRe / タツノコくん
5,128,em-760bb0daf1c9,ゲキ悪オヤジ(神),53,5112,5112,6,delay,0.3431,0.3889,191,9,7,いいえ,ダリア・宮子・9 / ノローニャ・パイセン / 夜光虫ほたるん / ブハラ師匠 / ゲキ悪オヤジ(神)
5,129,em-a78326864213,発音王・S・サイアン,88,10650,6560,8,attack_buff,0.3427,0.3889,200,0,7,いいえ,ダリア・宮子・9 / カルボ姉（ねえ） / トランシルヴァニア家族 / 愛のぴよ子 / 発音王・S・サイアン
5,130,em-e0dcffe4d5d0,大魔神！せいタン降臨,44,2044,6305,4,attack_buff,0.3422,0.5069,200,0,8,いいえ,ダリア・宮子・9 / vにゅーさん / トランシルヴァニア家族 / クェーサルと仲間たち / 大魔神！せいタン降臨
5,131,em-5819b668aba5,ﾌﾗｲﾝｸﾞ･ﾀﾞｯﾁさん,41,3403,4601,5,delay,0.342,0.4167,200,0,8,いいえ,ダリア・宮子・9 / vにゅーさん / サルパちゃん / 諏訪子成長期 / ﾌﾗｲﾝｸﾞ･ﾀﾞｯﾁさん
5,132,em-c67e33bb61cf,鎌倉式ＤＢ２涅槃型改,19,4105,1690,9,guard,0.3417,0.4722,200,0,8,いいえ,ウサウサ八幡 / 北間・クラリス嬢 / トランシルヴァニア家族 / 諏訪子成長期 / 鎌倉式ＤＢ２涅槃型改
5,133,em-cec2f0ad9373,Dr.フォックス,40,4089,4430,4,delay,0.3408,0.4028,199,1,8,いいえ,ダリア・宮子・9 / vにゅーさん / サルパちゃん / 諏訪子成長期 / Dr.フォックス
5,134,em-635af81fa283,ＪＡＸＡイルＲ,15,688,1706,5,multi_hit_attack,0.3407,0.4583,174,26,8,いいえ,vにゅーさん / ノローニャ・パイセン / 夜光虫ほたるん / 跛荒の鉄男大先生 / ＪＡＸＡイルＲ
5,135,em-ba817035b6a5,ハクさんの本気,38,4601,4089,5,attack_buff,0.3406,0.4306,199,1,8,いいえ,ダリア・宮子・9 / vにゅーさん / トランシルヴァニア家族 / みどりのたけしマン / ハクさんの本気
5,136,em-f4ac535052c1,ɑム・ɑクト・パップ,13,1341,2416,4,heal,0.3397,0.4861,190,10,8,いいえ,vにゅーさん / ノローニャ・パイセン / 田島の春 / ブハラ師匠 / ɑム・ɑクト・パップ
5,137,em-bd98030ead3e,首領子襲来!!,33,5680,3786,4,heal,0.3397,0.4306,195,5,8,いいえ,日本海女中 / vにゅーさん / トランシルヴァニア家族 / 跛荒の鉄男大先生 / 首領子襲来!!
5,138,em-3a859cb07c11,こんぴらさん先輩,25,2898,2898,10,delay,0.3388,0.4306,198,2,8,いいえ,vにゅーさん / なっとくん様 / 愛のぴよ子 / 花火戦隊サイガーRe / こんぴらさん先輩
5,139,em-f3ce9865b46f,BeasT5,38,4116,4664,7,delay,0.3387,0.375,193,7,8,いいえ,ウサウサ八幡 / 脱力コンビあろま＆るる / トリニダの怪人 / グラディ瑛太 / BeasT5
5,140,em-59ac9769ef60,神犬八房伏姫様,24,4093,1223,4,guard,0.3371,0.4306,200,0,8,いいえ,ダリア・宮子・9 / vにゅーさん / トランシルヴァニア家族 / 諏訪子成長期 / 神犬八房伏姫様
5,141,em-f3861e35df6f,暗黒王まはーかーらん,47,3731,3926,4,delay,0.337,0.4236,199,1,8,いいえ,vにゅーさん / ノローニャ・パイセン / 愛のぴよ子 / 跛荒の鉄男大先生 / 暗黒王まはーかーらん
5,142,em-dab58d0db3e1,夕陽のカウボーイ,17,1661,1661,5,revive,0.3366,0.5556,188,12,8,いいえ,ダリア・宮子・9 / ノローニャ・パイセン / きぬたン / 諏訪子成長期 / 夕陽のカウボーイ
5,143,em-309fbe104636,いーびルン,15,2254,2576,7,guard,0.3362,0.5069,196,4,8,いいえ,ウサウサ八幡 / 北間・クラリス嬢 / トランシルヴァニア家族 / 諏訪子成長期 / いーびルン
5,144,em-d7e5ef0e4b97,実はこんにゃくちゃん,9,1198,1204,7,guard,0.3351,0.4861,197,3,8,いいえ,ウサウサ八幡 / 北間・クラリス嬢 / トランシルヴァニア家族 / 花火戦隊サイガーRe / 実はこんにゃくちゃん
5,145,em-14bbe92902df,ネムりん,11,2726,1633,5,attack_buff,0.3349,0.4653,188,12,8,いいえ,vにゅーさん / ノローニャ・パイセン / 田島の春 / ブハラ師匠 / ネムりん
5,146,em-4d4a6386f8f8,九周年ぴよ子,99,6815,5111,5,guard,0.3346,0.4514,193,7,7,いいえ,ハリウッドナナコ師匠 / ペーチパイセン / デロスの月陽姉弟 / ブハラ師匠 / 九周年ぴよ子
5,147,em-062228a8b4d2,キャニオン雄大,25,2737,2737,5,attack_buff,0.3345,0.5069,184,16,8,いいえ,vにゅーさん / ノローニャ・パイセン / 夜光虫ほたるん / 跛荒の鉄男大先生 / キャニオン雄大
5,148,em-739aae6480ff,男前やできっしん,14,755,2605,4,attack_buff,0.3345,0.4861,173,27,8,いいえ,vにゅーさん / ノローニャ・パイセン / 夜光虫ほたるん / 跛荒の鉄男大先生 / 男前やできっしん
5,149,em-72aeeb632038,石見神楽どんちっちん,15,1812,1661,6,aoe_attack,0.3343,0.4583,199,1,8,いいえ,ウサウサ八幡 / 脱力コンビあろま＆るる / トリニダの怪人 / 花火戦隊サイガーRe / 石見神楽どんちっちん
5,150,em-0d449e302187,水神ヨッカブイ先生,54,3714,5418,5,damage_reduction,0.3342,0.4583,199,1,6,いいえ,有砂小町 / vにゅーさん / トランシルヴァニア家族 / トキシッくんｵｯｽｵｯｽ / 水神ヨッカブイ先生
5,151,em-b4a2096551c5,金閣明日香,15,1201,1343,4,revive,0.3341,0.5764,186,14,8,いいえ,ダリア・宮子・9 / ノローニャ・パイセン / きぬたン / 諏訪子成長期 / 金閣明日香
5,152,em-f13588602944,生イカのアーニー,15,3220,1610,4,attack_buff,0.3341,0.4792,199,1,8,いいえ,ウサウサ八幡 / 脱力コンビあろま＆るる / トリニダの怪人 / 花火戦隊サイガーRe / 生イカのアーニー
5,153,em-eaadf81fc136,サリー,55,4686,4004,4,aoe_attack,0.3337,0.4861,193,7,6,いいえ,ダリア・宮子・9 / ノローニャ・パイセン / 夜光虫ほたるん / ブハラ師匠 / サリー
5,154,em-cd7c55cabc32,ゴジュウゲリヲン,19,3020,1132,5,guard,0.3337,0.4861,200,0,8,いいえ,ウサウサ八幡 / 北間・クラリス嬢 / トランシルヴァニア家族 / 諏訪子成長期 / ゴジュウゲリヲン
5,155,em-2f3883a74098,jaック・ザ・ナイト,10,1408,1267,4,multi_hit_attack,0.3331,0.4375,169,31,8,いいえ,vにゅーさん / ノローニャ・パイセン / 夜光虫ほたるん / 跛荒の鉄男大先生 / jaック・ザ・ナイト
5,156,em-6c9a66a7da8c,抹殺音ズース,40,5623,3408,6,heal,0.3328,0.4722,196,4,8,いいえ,日本海女中 / vにゅーさん / トランシルヴァニア家族 / 花火戦隊サイガーRe / 抹殺音ズース
5,157,em-572c57cf5e18,湘南大水曜日ボーイ,28,2044,5623,4,attack_buff,0.3328,0.4653,197,3,8,いいえ,有砂小町 / ノローニャ・パイセン / きぬたン / 諏訪子成長期 / 湘南大水曜日ボーイ
5,158,em-7b3f53eed84e,?????,14,1380,2675,4,attack_buff,0.3323,0.4653,173,27,8,いいえ,vにゅーさん / えかちぇたん / 田島の春 / ブハラ師匠 / ?????
5,159,em-2849b1a72ff2,生足魅惑の☆ハクさん,80,11246,5112,5,attack_buff,0.3319,0.3889,198,2,8,いいえ,日本海女中 / vにゅーさん / トランシルヴァニア家族 / 愛のぴよ子 / 生足魅惑の☆ハクさん
5,160,em-e8fc5c7a59a4,猫毘沙門天,36,4430,4089,4,aoe_attack,0.3315,0.4861,199,1,8,いいえ,うさ☆八幡さま / vにゅーさん / トランシルヴァニア家族 / 愛のぴよ子 / 猫毘沙門天
5,161,em-7e9ffb70cffa,企業だ浅ちゃん！,32,1192,7327,4,attack_buff,0.3314,0.4375,195,5,8,いいえ,うさ☆八幡さま / vにゅーさん / トランシルヴァニア家族 / 愛のぴよ子 / 企業だ浅ちゃん！
5,162,em-4c03ad40dce9,源のゴライコー,75,7923,6390,4,attack_buff,0.3305,0.375,196,4,8,いいえ,vにゅーさん / えかちぇたん / 愛のぴよ子 / 諏訪子成長期 / 源のゴライコー
5,163,em-2a5e6ca1207c,ケーンクラちゃん,81,9713,4089,6,damage_reduction,0.3304,0.3958,194,6,8,いいえ,vにゅーさん / ノローニャ・パイセン / 愛のぴよ子 / 得琉田浜蔵 / ケーンクラちゃん
5,164,em-c358b6553866,ご機嫌斜めのウィーン様,58,4941,2896,5,attack_buff,0.3303,0.4306,196,4,5,いいえ,ダリア・宮子・9 / ノローニャ・パイセン / 夜光虫ほたるん / ブハラ師匠 / ご機嫌斜めのウィーン様
5,165,em-076a0181e290,夏の海の天の川伝説,77,9372,5623,6,heal,0.33,0.4444,198,2,8,いいえ,vにゅーさん / えかちぇたん / 愛のぴよ子 / 諏訪子成長期 / 夏の海の天の川伝説
5,166,em-962f1faafed7,三貴子アマテラス,75,10309,5112,5,revive,0.3294,0.5,196,4,8,いいえ,vにゅーさん / えかちぇたん / 愛のぴよ子 / 諏訪子成長期 / 三貴子アマテラス
5,167,em-7547c480c963,ウミユリーず,60,4430,6475,5,skill_reduction,0.3294,0.3889,198,2,5,いいえ,ダリア・宮子・9 / ノローニャ・パイセン / 夜光虫ほたるん / ブハラ師匠 / ウミユリーず
5,168,em-6ecee0316b6d,梵天。,15,1100,1300,6,aoe_attack,0.3292,0.4583,199,1,8,いいえ,ウサウサ八幡 / 脱力コンビあろま＆るる / トリニダの怪人 / 花火戦隊サイガーRe / 梵天。
5,169,em-2a26d74bb300,鮫っ子！フカオちゃん,21,4430,2996,5,attack_buff,0.3291,0.4236,197,3,8,いいえ,有砂小町 / 北間・クラリス嬢 / 哀哭のオオウミガラス / 跛荒の鉄男大先生 / 鮫っ子！フカオちゃん
5,170,em-ffdcaffc4a41,雑煮入り☆うるっしー,36,3443,3443,4,guard,0.3291,0.4167,199,1,8,いいえ,うさ☆八幡さま / vにゅーさん / トランシルヴァニア家族 / 愛のぴよ子 / 雑煮入り☆うるっしー
5,171,em-a74603ad2679,白虎,36,5112,3408,4,attack_buff,0.329,0.4792,197,3,8,いいえ,ダリア・宮子・9 / vにゅーさん / トランシルヴァニア家族 / みどりのたけしマン / 白虎
5,172,em-a66d3edc0ac1,水戸Come On!,38,3493,3237,4,delay,0.3286,0.4028,197,3,8,いいえ,ダリア・宮子・9 / vにゅーさん / サルパちゃん / 諏訪子成長期 / 水戸Come On!
5,173,em-0dca19ae5992,降臨！天草トッキー,43,4260,5964,4,attack_buff,0.3284,0.4583,196,4,8,いいえ,vにゅーさん / ノローニャ・パイセン / 夜光虫ほたるん / ラパヌイ先生 / 降臨！天草トッキー
5,174,em-90c9b7a939a7,九十九里流,37,2982,5112,4,attack_buff,0.3284,0.4236,200,0,8,いいえ,うさ☆八幡さま / vにゅーさん / トランシルヴァニア家族 / 愛のぴよ子 / 九十九里流
5,175,em-49cfaec18be0,富士五子ＢＴ５,20,2415,2737,6,delay,0.328,0.4236,196,4,8,いいえ,ダリア・宮子・9 / vにゅーさん / トランシルヴァニア家族 / 諏訪子成長期 / 富士五子ＢＴ５
5,176,em-0ccc51b405ca,初代畳リーゼント,13,1045,2258,4,attack_buff,0.3273,0.5069,200,0,8,いいえ,vにゅーさん / ノローニャ・パイセン / きぬたン / 花火戦隊サイガーRe / 初代畳リーゼント
5,177,em-51bdb94ec3b1,熱ぅい！地獄雀,43,5964,3408,4,revive,0.327,0.4792,199,1,8,いいえ,日本海女中 / vにゅーさん / トランシルヴァニア家族 / 花火戦隊サイガーRe / 熱ぅい！地獄雀
5,178,em-1a6fa57fc44e,朦朧ボディマンβ,12,400,1500,10,multi_hit_attack,0.3267,0.4653,199,1,8,いいえ,vにゅーさん / ノローニャ・パイセン / きぬたン / 花火戦隊サイガーRe / 朦朧ボディマンβ
5,179,em-8527b3dd869a,帰って来たいぬやマン,21,1661,1661,4,attack_buff,0.3266,0.4583,180,20,8,いいえ,vにゅーさん / ノローニャ・パイセン / 夜光虫ほたるん / 跛荒の鉄男大先生 / 帰って来たいぬやマン
5,180,em-a97f49a1b6e8,篠島しらす子,41,5453,2726,5,skill_reduction,0.3265,0.3889,200,0,8,いいえ,ダリア・宮子・9 / vにゅーさん / サルパちゃん / 諏訪子成長期 / 篠島しらす子
5,181,em-18279a838450,白刃舞うは存亡の秋,70,6816,4260,4,attack_buff,0.3264,0.4236,197,3,8,いいえ,vにゅーさん / 北間・クラリス嬢 / サルパちゃん / 諏訪子成長期 / 白刃舞うは存亡の秋
5,182,em-fbc61d7306d8,ネ申・ぎょざる,11,1198,1204,6,aoe_attack,0.3263,0.5347,198,2,8,いいえ,vにゅーさん / ノローニャ・パイセン / きぬたン / 花火戦隊サイガーRe / ネ申・ぎょざる
5,183,em-908fa1696f0d,速いぞサラマンダー！,12,3186,1431,6,skill_reduction,0.3263,0.4375,181,19,8,いいえ,有砂小町 / ノローニャ・パイセン / きぬたン / 諏訪子成長期 / 速いぞサラマンダー！
5,184,em-22dd952da197,ハントンの兄貴,11,1057,1198,5,multi_hit_attack,0.3261,0.5,198,2,8,いいえ,vにゅーさん / ノローニャ・パイセン / きぬたン / 花火戦隊サイガーRe / ハントンの兄貴
5,185,em-5ca14322a82d,蓮那由太郎,43,4771,3493,5,attack_buff,0.3256,0.4236,196,4,8,いいえ,vにゅーさん / ノローニャ・パイセン / 夜光虫ほたるん / ラパヌイ先生 / 蓮那由太郎
5,186,em-fae18e323cb5,美観之介曳山ん太郎,23,2194,1597,5,aoe_attack,0.3254,0.5486,182,18,8,いいえ,vにゅーさん / ノローニャ・パイセン / 夜光虫ほたるん / 跛荒の鉄男大先生 / 美観之介曳山ん太郎
5,187,em-7499fb228620,にほりん,15,2898,3059,5,attack_buff,0.3252,0.4792,195,5,8,いいえ,有砂小町 / 北間・クラリス嬢 / 哀哭のオオウミガラス / 百華百彩久連子 / にほりん
5,188,em-cb0ef748882f,八狗神伏姫様,35,5538,2130,4,guard,0.3251,0.3889,182,18,8,いいえ,vにゅーさん / ノローニャ・パイセン / 夜光虫ほたるん / ブハラ師匠 / 八狗神伏姫様
5,189,em-f53bffc021ea,曲弾動物ウーミン,33,2999,3544,5,skill_reduction,0.325,0.4375,199,1,8,いいえ,ダリア・宮子・9 / vにゅーさん / サルパちゃん / 花火戦隊サイガーRe / 曲弾動物ウーミン
5,190,em-a058dba31969,月見だよ！叡智州利偉,10,1100,2002,4,attack_buff,0.3246,0.5,187,13,8,いいえ,vにゅーさん / ノローニャ・パイセン / 田島の春 / ブハラ師匠 / 月見だよ！叡智州利偉
5,191,em-d239e5e972de,ズンビーフック,17,2012,3220,4,multi_hit_attack,0.3246,0.5,195,5,8,いいえ,橘の元祖☆みっちー / vにゅーさん / トランシルヴァニア家族 / 愛のぴよ子 / ズンビーフック
5,192,em-294f61da0084,Ｃ・Ｃ☆電車姫,22,3741,1973,4,attack_buff,0.3236,0.4514,181,19,8,いいえ,vにゅーさん / ノローニャ・パイセン / 夜光虫ほたるん / 跛荒の鉄男大先生 / Ｃ・Ｃ☆電車姫
5,193,em-b07f62000b94,雪兎フェス祭カーニバル,22,4089,1192,5,revive,0.3235,0.5139,172,28,8,いいえ,ダリア・宮子・9 / ノローニャ・パイセン / 夜光虫ほたるん / 跛荒の鉄男大先生 / 雪兎フェス祭カーニバル
5,194,em-5284c689c7b6,ジャウー大先生,15,805,3220,4,skill_reduction,0.3235,0.4236,184,16,8,いいえ,有砂小町 / ノローニャ・パイセン / きぬたン / 諏訪子成長期 / ジャウー大先生
5,195,em-ffde6d61f228,有頂天☆安倍晴明,45,3936,4771,5,skill_reduction,0.3235,0.3958,198,2,8,いいえ,vにゅーさん / ノローニャ・パイセン / 夜光虫ほたるん / ラパヌイ先生 / 有頂天☆安倍晴明
5,196,em-93e0810ca88c,宇壺田ウツ雄,25,3067,3067,6,damage_reduction,0.323,0.5,175,25,8,いいえ,ダリア・宮子・9 / ノローニャ・パイセン / 夜光虫ほたるん / 跛荒の鉄男大先生 / 宇壺田ウツ雄
5,197,em-a4d82c09dd0f,魂入！とちぎソウル,7,565,1837,4,attack_buff,0.323,0.4792,198,2,8,いいえ,ウサウサ八幡 / vにゅーさん / トランシルヴァニア家族 / 愛のぴよ子 / 魂入！とちぎソウル
5,198,em-7c00cb96c261,バイオうおぬまンダー,12,700,1100,5,aoe_attack,0.3221,0.4931,199,1,8,いいえ,vにゅーさん / ノローニャ・パイセン / きぬたン / 花火戦隊サイガーRe / バイオうおぬまンダー
5,199,em-0f3dc5f343f5,?????,40,2954,3316,8,delay,0.3219,0.4028,199,1,8,いいえ,ダリア・宮子・9 / vにゅーさん / サルパちゃん / 諏訪子成長期 / ?????
5,200,em-2c08686a6d88,猿もの追い払いネキ,42,4171,3977,5,damage_reduction,0.3216,0.5208,198,2,8,いいえ,ダリア・宮子・9 / vにゅーさん / トランシルヴァニア家族 / クェーサルと仲間たち / 猿もの追い払いネキ
5,201,em-a03649b8e724,巨大カンテツ,15,3220,3220,5,heal,0.3216,0.4931,186,14,8,いいえ,ダリア・宮子・9 / ノローニャ・パイセン / きぬたン / 諏訪子成長期 / 巨大カンテツ
5,202,em-57e25e9e3446,にゅーくん,8,400,1700,4,guard,0.3211,0.4653,196,4,8,いいえ,ウサウサ八幡 / 北間・クラリス嬢 / トランシルヴァニア家族 / 花火戦隊サイガーRe / にゅーくん
5,203,em-773b001a1189,おづぬ様,60,4260,6816,5,attack_buff,0.3211,0.4167,198,2,5,いいえ,ダリア・宮子・9 / ノローニャ・パイセン / 夜光虫ほたるん / ブハラ師匠 / おづぬ様
5,204,em-a93e62a47cbd,ホレズ先生,25,3494,3043,6,revive,0.3205,0.4861,184,16,8,いいえ,vにゅーさん / えかちぇたん / 田島の春 / ブハラ師匠 / ホレズ先生
5,205,em-25fed9fde1ce,かっさーWoo！,16,1131,2403,4,attack_buff,0.3202,0.4722,200,0,8,いいえ,ウサウサ八幡 / 脱力コンビあろま＆るる / トリニダの怪人 / 花火戦隊サイガーRe / かっさーWoo！
5,206,em-e51e56c23fa1,上級国民ロヴィーサ,44,2832,2984,4,attribute_guard,0.32,0.4722,200,0,8,いいえ,ダリア・宮子・9 / vにゅーさん / トランシルヴァニア家族 / クェーサルと仲間たち / 上級国民ロヴィーサ
5,207,em-049ada05607b,眠里　不可緒,16,3578,2315,5,attack_buff,0.3199,0.4236,194,6,8,いいえ,橘の元祖☆みっちー / vにゅーさん / トランシルヴァニア家族 / 愛のぴよ子 / 眠里　不可緒
5,208,em-54ee851ff3fb,zuス様とsiラ様,10,1410,987,4,attack_buff,0.3198,0.4861,187,13,8,いいえ,vにゅーさん / ノローニャ・パイセン / 田島の春 / ブハラ師匠 / zuス様とsiラ様
5,209,em-83b1d87342f9,コン美なん吉先生,20,882,3381,4,revive,0.3195,0.5556,179,21,8,いいえ,vにゅーさん / えかちぇたん / 田島の春 / ブハラ師匠 / コン美なん吉先生
5,210,em-c2dc184a86c0,爆誕！さくどん,45,3408,4260,9,delay,0.3195,0.3681,200,0,8,いいえ,ウサウサ八幡 / 脱力コンビあろま＆るる / トリニダの怪人 / グラディ瑛太 / 爆誕！さくどん
5,211,em-b09ebd864da6,みずがめəろまちゃん,14,1057,1198,4,revive,0.3193,0.5694,185,15,8,いいえ,ダリア・宮子・9 / ノローニャ・パイセン / きぬたン / 諏訪子成長期 / みずがめəろまちゃん
5,212,em-76311eb8b6ba,Halloweenな藤原マミー,18,1208,1963,5,revive,0.3193,0.5417,189,11,8,いいえ,ダリア・宮子・9 / ノローニャ・パイセン / きぬたン / 諏訪子成長期 / Halloweenな藤原マミー
5,213,em-2e6716824578,横きゅっちゃん,19,2817,2817,5,delay,0.3192,0.4097,178,22,8,いいえ,vにゅーさん / えかちぇたん / 田島の春 / ブハラ師匠 / 横きゅっちゃん
5,214,em-fa48dd1cff0a,祭りだ浅ちゃん！,7,800,1603,4,attack_buff,0.3178,0.4722,184,16,8,いいえ,vにゅーさん / ノローニャ・パイセン / 田島の春 / ブハラ師匠 / 祭りだ浅ちゃん！
5,215,em-2a01f5ee5de4,ガラパゴスおぅぼっと,12,1200,600,4,damage_reduction,0.3177,0.4861,200,0,8,いいえ,ウサウサ八幡 / 北間・クラリス嬢 / トランシルヴァニア家族 / 花火戦隊サイガーRe / ガラパゴスおぅぼっと
5,216,em-5e6cf1fe4c4c,まそお姉ちゃん,15,2898,3059,5,attack_buff,0.3177,0.4514,195,5,8,いいえ,有砂小町 / 北間・クラリス嬢 / 哀哭のオオウミガラス / 百華百彩久連子 / まそお姉ちゃん
5,217,em-80d193bc7d7f,あ、シュールさんだ。,43,3408,5112,6,revive,0.3176,0.4722,199,1,8,いいえ,日本海女中 / vにゅーさん / トランシルヴァニア家族 / 花火戦隊サイガーRe / あ、シュールさんだ。
5,218,em-39011821f965,さるぼぼぼぼ～ん,12,800,1000,4,aoe_attack,0.3175,0.4931,199,1,8,いいえ,vにゅーさん / ノローニャ・パイセン / きぬたン / 花火戦隊サイガーRe / さるぼぼぼぼ～ん
5,219,em-5514b5658aa3,ハリウッドナナコ師匠,5,2503,1093,9,delay,0.3174,0.4306,194,6,8,いいえ,ダリア・宮子・9 / vにゅーさん / トランシルヴァニア家族 / 跛荒の鉄男大先生 / ハリウッドナナコ師匠
5,220,em-f49b19428b58,ちび丸のハロウィン,17,255,2896,4,revive,0.3173,0.5417,188,12,8,いいえ,ダリア・宮子・9 / ノローニャ・パイセン / きぬたン / 諏訪子成長期 / ちび丸のハロウィン
5,221,em-72dbaccf035d,新・ＪＡＸＡイル,12,516,1106,6,multi_hit_attack,0.317,0.4792,199,1,8,いいえ,vにゅーさん / ノローニャ・パイセン / きぬたン / 花火戦隊サイガーRe / 新・ＪＡＸＡイル
5,222,em-36d4f380dee2,ギャングなウツ雄様,60,4856,4856,5,damage_reduction,0.317,0.4653,194,6,5,いいえ,vにゅーさん / えかちぇたん / 愛のぴよ子 / 跛荒の鉄男大先生 / ギャングなウツ雄様
5,223,em-2998c94ac8cc,ギガ☆キプちゃん,28,1874,1874,4,multi_hit_attack,0.3169,0.4653,191,9,8,いいえ,うさ☆八幡さま / vにゅーさん / トランシルヴァニア家族 / 愛のぴよ子 / ギガ☆キプちゃん
5,224,em-3ba3c1cd24cc,P.O☆うるっしー,25,3220,1449,4,guard,0.3168,0.4306,175,25,8,いいえ,ダリア・宮子・9 / ノローニャ・パイセン / 夜光虫ほたるん / 跛荒の鉄男大先生 / P.O☆うるっしー
5,225,em-9960799ef9aa,ににぎのミコト,35,4941,3748,5,attack_buff,0.3167,0.4444,198,2,8,いいえ,うさ☆八幡さま / vにゅーさん / トランシルヴァニア家族 / 愛のぴよ子 / ににぎのミコト
5,226,em-215080a7a05b,?????,39,4924,4413,4,skill_reduction,0.3162,0.3681,200,0,8,いいえ,ダリア・宮子・9 / vにゅーさん / トランシルヴァニア家族 / みどりのたけしマン / ?????
5,227,em-1e8ec25622df,切間・ンジャロさん,39,5871,3442,4,skill_reduction,0.3159,0.3542,194,6,8,いいえ,ウサウサ八幡 / 脱力コンビあろま＆るる / トリニダの怪人 / グラディ瑛太 / 切間・ンジャロさん
5,228,em-d76a5850c323,牛追いガウガウ,40,5964,1704,4,damage_reduction,0.3158,0.4514,187,13,8,いいえ,vにゅーさん / ノローニャ・パイセン / 夜光虫ほたるん / ブハラ師匠 / 牛追いガウガウ
5,229,em-ec978322ece8,タイプ：テン,20,3864,966,4,guard,0.3154,0.4306,198,2,8,いいえ,橘の元祖☆みっちー / vにゅーさん / トランシルヴァニア家族 / 愛のぴよ子 / タイプ：テン
5,230,em-a6068b231beb,ハトラちゃん,10,299,1488,7,guard,0.3152,0.5278,198,2,8,いいえ,ウサウサ八幡 / 北間・クラリス嬢 / トランシルヴァニア家族 / 花火戦隊サイガーRe / ハトラちゃん
5,231,em-8a9a0a93b442,メジーナ,15,2415,2415,6,attack_buff,0.3151,0.4583,193,7,8,いいえ,橘の元祖☆みっちー / vにゅーさん / トランシルヴァニア家族 / 愛のぴよ子 / メジーナ
5,232,em-4bb28e84009d,吉野スライメスト,13,1809,735,5,guard,0.315,0.4722,194,6,8,いいえ,ウサウサ八幡 / 北間・クラリス嬢 / トランシルヴァニア家族 / 諏訪子成長期 / 吉野スライメスト
5,233,em-49b522eac464,ジェヴォたんは狼？,43,3006,6022,4,multi_hit_attack,0.3144,0.4514,196,4,8,いいえ,vにゅーさん / ノローニャ・パイセン / 夜光虫ほたるん / ラパヌイ先生 / ジェヴォたんは狼？
5,234,em-21f078527946,マノすん博士,40,4771,3408,7,delay,0.3141,0.3958,199,1,8,いいえ,ダリア・宮子・9 / vにゅーさん / サルパちゃん / 諏訪子成長期 / マノすん博士
5,235,em-309e9bdb12e4,萌やし戦士,14,773,2573,4,attack_buff,0.314,0.4444,173,27,8,いいえ,vにゅーさん / えかちぇたん / 田島の春 / ブハラ師匠 / 萌やし戦士
5,236,em-6de5eba89049,天孫降臨ににぎくん,25,2334,2817,5,attack_buff,0.3139,0.4792,184,16,8,いいえ,vにゅーさん / ノローニャ・パイセン / 夜光虫ほたるん / 跛荒の鉄男大先生 / 天孫降臨ににぎくん
5,237,em-8476f5773554,エーランドちゃん,30,6070,2160,7,delay,0.3139,0.375,193,7,8,いいえ,うさ☆八幡さま / vにゅーさん / トランシルヴァニア家族 / 愛のぴよ子 / エーランドちゃん
5,238,em-6f76a23db620,伏姫さま,17,2006,676,4,guard,0.3135,0.4514,198,2,8,いいえ,ウサウサ八幡 / 北間・クラリス嬢 / トランシルヴァニア家族 / 諏訪子成長期 / 伏姫さま
5,239,em-cce942b02eb0,激えぇじゃないか,14,1300,1100,5,aoe_attack,0.3135,0.4375,197,3,8,いいえ,ダリア・宮子・9 / 藤のフヒッティ / サルパちゃん / 諏訪子成長期 / 激えぇじゃないか
5,240,em-f18963ac0ea1,すわ子さま,12,700,1000,5,multi_hit_attack,0.3134,0.4583,199,1,8,いいえ,vにゅーさん / ノローニャ・パイセン / きぬたン / 花火戦隊サイガーRe / すわ子さま
5,241,em-48860dff9f84,カナ★パラ,20,1661,1812,5,revive,0.3125,0.5,198,2,8,いいえ,橘の元祖☆みっちー / vにゅーさん / トランシルヴァニア家族 / 愛のぴよ子 / カナ★パラ
5,242,em-83c97b8f4e6e,アルルのキャミー,40,4001,6236,4,heal,0.312,0.4444,178,22,8,いいえ,ダリア・宮子・9 / ノローニャ・パイセン / 夜光虫ほたるん / ブハラ師匠 / アルルのキャミー
5,243,em-c89260e1ef3b,曲芸師・ブンブク,60,6305,2996,4,revive,0.3117,0.5069,194,6,5,いいえ,vにゅーさん / えかちぇたん / 愛のぴよ子 / 跛荒の鉄男大先生 / 曲芸師・ブンブク
5,244,em-9bad632dc3a9,秋田世界発見伝,24,3838,845,4,guard,0.3116,0.4167,193,7,8,いいえ,うさ☆八幡さま / 脱力コンビあろま＆るる / きぬたン / みどりのたけしマン / 秋田世界発見伝
5,245,em-d25a7727f654,プラハ嬢,32,1482,4991,4,damage_reduction,0.3113,0.4722,188,12,8,いいえ,うさ☆八幡さま / ノローニャ・パイセン / 夜光虫ほたるん / ブハラ師匠 / プラハ嬢
5,246,em-bc840d35c547,ジ・あるじや,20,4025,1610,4,skill_reduction,0.3113,0.4028,196,4,8,いいえ,ダリア・宮子・9 / vにゅーさん / トランシルヴァニア家族 / 諏訪子成長期 / ジ・あるじや
5,247,em-1fcc8f4c1ae3,ヴェルサイユの朝,45,2556,6645,5,attack_buff,0.3112,0.4375,198,2,8,いいえ,vにゅーさん / ノローニャ・パイセン / 夜光虫ほたるん / ラパヌイ先生 / ヴェルサイユの朝
5,248,em-4b4011b90d8c,ロータス先輩,16,1932,1932,6,damage_reduction,0.311,0.5069,197,3,8,いいえ,ウサウサ八幡 / 北間・クラリス嬢 / トランシルヴァニア家族 / 諏訪子成長期 / ロータス先輩
5,249,em-ae65fe2577b0,葉月ぴよ子,8,590,2110,6,attack_buff,0.3109,0.4583,185,15,8,いいえ,vにゅーさん / ノローニャ・パイセン / 田島の春 / ブハラ師匠 / 葉月ぴよ子
5,250,em-c69e39cf7701,伏ちゃん,12,1597,516,5,guard,0.3106,0.4861,200,0,8,いいえ,ウサウサ八幡 / 北間・クラリス嬢 / トランシルヴァニア家族 / 花火戦隊サイガーRe / 伏ちゃん
5,251,em-af839f0be824,譲らざる者,13,966,2394,5,attack_buff,0.3095,0.5139,200,0,8,いいえ,vにゅーさん / ノローニャ・パイセン / きぬたン / 花火戦隊サイガーRe / 譲らざる者
5,252,em-eea7e5ad714b,饅頭石餅子,30,3433,4114,5,attribute_guard,0.3088,0.4931,196,4,8,いいえ,ダリア・宮子・9 / vにゅーさん / サルパちゃん / 花火戦隊サイガーRe / 饅頭石餅子
5,253,em-9b717b0ffa22,地獄めぐりベッピー,19,1733,1664,5,attack_buff,0.3086,0.5,178,22,8,いいえ,vにゅーさん / ノローニャ・パイセン / 夜光虫ほたるん / 跛荒の鉄男大先生 / 地獄めぐりベッピー
5,254,em-4c448c54f095,実底超真幽子さん,15,1187,1215,5,revive,0.3085,0.5347,186,14,8,いいえ,ダリア・宮子・9 / ノローニャ・パイセン / きぬたン / 諏訪子成長期 / 実底超真幽子さん
5,255,em-9ca244c83a38,ʤouカー＆ʧouカー,16,1510,2124,4,delay,0.3085,0.4306,185,15,8,いいえ,有砂小町 / ノローニャ・パイセン / きぬたン / 諏訪子成長期 / ʤouカー＆ʧouカー
5,256,em-aad8fae6b05f,やまとーる海佐,12,1000,700,5,damage_reduction,0.3083,0.4931,200,0,8,いいえ,ウサウサ八幡 / 北間・クラリス嬢 / トランシルヴァニア家族 / 花火戦隊サイガーRe / やまとーる海佐
5,257,em-b97fa105ba34,うまうーさん♪,40,5793,3067,5,attribute_guard,0.3076,0.4583,199,1,8,いいえ,ダリア・宮子・9 / vにゅーさん / サルパちゃん / 諏訪子成長期 / うまうーさん♪
5,258,em-5861838d2e36,ばうあー泥棒,35,4771,3033,4,attack_buff,0.3076,0.4306,196,4,8,いいえ,ダリア・宮子・9 / vにゅーさん / トランシルヴァニア家族 / みどりのたけしマン / ばうあー泥棒
5,259,em-91f26ad56eaa,神喫！さくらん兄妹,12,1510,1887,5,skill_reduction,0.3075,0.4306,181,19,8,いいえ,有砂小町 / ノローニャ・パイセン / きぬたン / 諏訪子成長期 / 神喫！さくらん兄妹
5,260,em-0af21062aa7c,ｻﾗﾏﾝﾀﾞｰ祝High気分,30,2898,2817,6,skill_reduction,0.307,0.4097,196,4,8,いいえ,ダリア・宮子・9 / vにゅーさん / サルパちゃん / 花火戦隊サイガーRe / ｻﾗﾏﾝﾀﾞｰ祝High気分
5,261,em-40c34074cbb0,おかいこさま,17,2756,2511,4,attribute_change,0.3066,0.4583,186,14,8,いいえ,有砂小町 / ノローニャ・パイセン / きぬたン / 諏訪子成長期 / おかいこさま
5,262,em-c6a0a8b51afe,ライオットうお太,41,3152,4175,4,damage_reduction,0.3061,0.4444,200,0,8,いいえ,ダリア・宮子・9 / vにゅーさん / サルパちゃん / 諏訪子成長期 / ライオットうお太
5,263,em-2276063b9e3e,鳴子姫,11,1128,1128,5,aoe_attack,0.3056,0.5139,198,2,8,いいえ,vにゅーさん / ノローニャ・パイセン / きぬたン / 花火戦隊サイガーRe / 鳴子姫
5,264,em-8cff13c7ab2a,ツボの中のウツボン,13,1917,1917,6,damage_reduction,0.3054,0.4861,194,6,8,いいえ,ウサウサ八幡 / 北間・クラリス嬢 / トランシルヴァニア家族 / 諏訪子成長期 / ツボの中のウツボン
5,265,em-c08850a0aec0,いなば☆うわぁああ！,20,2579,3220,4,skill_reduction,0.3053,0.4028,196,4,8,いいえ,ダリア・宮子・9 / vにゅーさん / トランシルヴァニア家族 / 諏訪子成長期 / いなば☆うわぁああ！
5,266,em-b09b44b6b259,くだにょん,13,1128,1269,4,attack_buff,0.3051,0.4583,172,28,8,いいえ,vにゅーさん / えかちぇたん / 田島の春 / ブハラ師匠 / くだにょん
5,267,em-45aa4b2348d2,鬼一方眼,80,12780,3578,5,attack_buff,0.3051,0.3681,193,7,8,いいえ,vにゅーさん / ノローニャ・パイセン / 愛のぴよ子 / 得琉田浜蔵 / 鬼一方眼
5,268,em-f895c0235d10,アスクとエムブラ,38,2737,4508,5,guard,0.305,0.4514,197,3,8,いいえ,ダリア・宮子・9 / vにゅーさん / サルパちゃん / 諏訪子成長期 / アスクとエムブラ
5,269,em-a769fc8e5005,真サタデーナイト郡上,12,800,1000,5,aoe_attack,0.3047,0.4583,199,1,8,いいえ,vにゅーさん / ノローニャ・パイセン / きぬたン / 花火戦隊サイガーRe / 真サタデーナイト郡上
5,270,em-a62aee8d3548,レゲエじゃまいか,40,5453,3748,4,revive,0.3042,0.4583,196,4,8,いいえ,日本海女中 / vにゅーさん / トランシルヴァニア家族 / 花火戦隊サイガーRe / レゲエじゃまいか
5,271,em-378cec222ec5,熱ぅい！地獄雀,45,5964,3408,5,revive,0.3037,0.4861,195,5,8,いいえ,日本海女中 / vにゅーさん / トランシルヴァニア家族 / ブハラ師匠 / 熱ぅい！地獄雀
5,272,em-0183a7a13db2,かーたん・べーり,32,4089,4089,5,attribute_guard,0.3034,0.4861,188,12,8,いいえ,うさ☆八幡さま / ノローニャ・パイセン / 夜光虫ほたるん / ブハラ師匠 / かーたん・べーり
5,273,em-34ff44ed1803,富士さんは魔女,42,5112,4260,4,revive,0.3032,0.4931,198,2,8,いいえ,日本海女中 / vにゅーさん / トランシルヴァニア家族 / 花火戦隊サイガーRe / 富士さんは魔女
5,274,em-05476daa6b31,だんじり鉄砲隊,26,805,3599,4,attack_buff,0.3029,0.4306,195,5,8,いいえ,有砂小町 / ノローニャ・パイセン / きぬたン / 諏訪子成長期 / だんじり鉄砲隊
5,275,em-2905dc6523ff,都会の貴腐人,44,6475,2811,6,revive,0.3028,0.4864,200,0,8,いいえ,vにゅーさん / 北間・クラリス嬢 / 田島の春 / 跛荒の鉄男大先生 / 都会の貴腐人
5,276,em-039b9996f6f0,おろろセット先輩,45,1363,5623,5,delay,0.3027,0.3889,198,2,8,いいえ,vにゅーさん / ノローニャ・パイセン / 夜光虫ほたるん / ラパヌイ先生 / おろろセット先輩
5,277,em-682cd1ab4ae4,ホーリーエンジェるん,16,1812,1661,5,attack_buff,0.3025,0.4583,194,6,8,いいえ,橘の元祖☆みっちー / vにゅーさん / トランシルヴァニア家族 / 愛のぴよ子 / ホーリーエンジェるん
5,278,em-7fafc017f6f6,水蛭子リターンズ,43,6816,3408,7,revive,0.3023,0.4653,181,19,8,いいえ,ダリア・宮子・9 / ノローニャ・パイセン / 夜光虫ほたるん / ブハラ師匠 / 水蛭子リターンズ
5,279,em-9c1df245a2ec,のぶくろお館,16,1100,1300,6,aoe_attack,0.3022,0.4444,200,0,8,いいえ,ウサウサ八幡 / 脱力コンビあろま＆るる / トリニダの怪人 / 花火戦隊サイガーRe / のぶくろお館
5,280,em-a4adc4bc9b7c,魁！安井道さん,12,1215,1187,5,guard,0.3021,0.4861,200,0,8,いいえ,ウサウサ八幡 / 北間・クラリス嬢 / トランシルヴァニア家族 / 花火戦隊サイガーRe / 魁！安井道さん
5,281,em-2c71a7740b67,エルチェの椰子少女,42,4601,4601,5,attack_buff,0.3021,0.4583,192,8,8,いいえ,ダリア・宮子・9 / ノローニャ・パイセン / 夜光虫ほたるん / 跛荒の鉄男大先生 / エルチェの椰子少女
5,282,em-9c344f264735,カロリスト・カル子,40,6999,2499,5,attribute_guard,0.3021,0.4444,199,1,8,いいえ,ダリア・宮子・9 / vにゅーさん / サルパちゃん / 諏訪子成長期 / カロリスト・カル子
5,283,em-9372502bc6a4,餞のガブリン,42,1913,5367,4,revive,0.3009,0.4931,198,2,8,いいえ,日本海女中 / vにゅーさん / トランシルヴァニア家族 / 花火戦隊サイガーRe / 餞のガブリン
5,284,em-ebd6f9bf2bee,中野華蓮(日本人),17,1516,3638,4,attack_buff,0.3009,0.4583,197,3,8,いいえ,有砂小町 / 北間・クラリス嬢 / 哀哭のオオウミガラス / 百華百彩久連子 / 中野華蓮(日本人)
5,285,em-10aded4f89d1,ゲイコツガブリムシ,13,820,2300,5,revive,0.3006,0.5278,200,0,8,いいえ,有砂小町 / vにゅーさん / トランシルヴァニア家族 / 跛荒の鉄男大先生 / ゲイコツガブリムシ
5,286,em-830856ac5a07,トキシッくん先輩,7,1000,800,4,revive,0.3004,0.4931,184,16,8,いいえ,vにゅーさん / ノローニャ・パイセン / 田島の春 / ブハラ師匠 / トキシッくん先輩
5,287,em-710becd5b772,雪女フェス祭カーニバル,54,7497,2556,6,attribute_guard,0.3002,0.4375,192,8,6,いいえ,ダリア・宮子・9 / ノローニャ・パイセン / 夜光虫ほたるん / ブハラ師匠 / 雪女フェス祭カーニバル
5,288,em-df28e035685e,ハル先輩,11,626,1096,5,heal,0.3001,0.4653,188,12,8,いいえ,vにゅーさん / ノローニャ・パイセン / 田島の春 / ブハラ師匠 / ハル先輩
5,289,em-a20c59ca87c1,Let's☆ハチ公,33,6560,1448,5,delay,0.2997,0.3819,196,4,8,いいえ,うさ☆八幡さま / vにゅーさん / トランシルヴァニア家族 / 愛のぴよ子 / Let's☆ハチ公
5,290,em-96f9283052eb,ロロちゃんさん先輩,22,2254,2737,5,revive,0.2994,0.5,200,0,8,いいえ,橘の元祖☆みっちー / vにゅーさん / トランシルヴァニア家族 / 愛のぴよ子 / ロロちゃんさん先輩
5,291,em-cdd7690ef318,京都コーラマン,59,5959,2800,4,damage_reduction,0.2994,0.4375,197,3,5,いいえ,ダリア・宮子・9 / ノローニャ・パイセン / 夜光虫ほたるん / ブハラ師匠 / 京都コーラマン
5,292,em-472362bb4365,超えぇじゃないか,12,840,760,6,aoe_attack,0.2993,0.4653,199,1,8,いいえ,vにゅーさん / ノローニャ・パイセン / きぬたン / 花火戦隊サイガーRe / 超えぇじゃないか
5,293,em-573a74e6170b,God of 魚ぉ！,8,1269,1128,4,heal,0.2993,0.4583,185,15,8,いいえ,vにゅーさん / ノローニャ・パイセン / 田島の春 / ブハラ師匠 / God of 魚ぉ！
5,294,em-45dad5139056,ベギン改・修道女,37,4565,4467,4,revive,0.2988,0.4792,200,0,8,いいえ,うさ☆八幡さま / vにゅーさん / トランシルヴァニア家族 / 愛のぴよ子 / ベギン改・修道女
5,295,em-41c1f9333ff6,エグいできっしん,12,342,1062,5,attack_buff,0.2987,0.4931,199,1,8,いいえ,vにゅーさん / ノローニャ・パイセン / きぬたン / 花火戦隊サイガーRe / エグいできっしん
5,296,em-c42ef00ed018,ｗｗナレースワンｗｗ,25,2560,2584,4,delay,0.2986,0.3958,184,16,8,いいえ,vにゅーさん / ノローニャ・パイセン / 夜光虫ほたるん / 跛荒の鉄男大先生 / ｗｗナレースワンｗｗ
5,297,em-267a29792afd,ウーミン,33,2249,2658,5,skill_reduction,0.2983,0.4306,199,1,8,いいえ,ダリア・宮子・9 / vにゅーさん / サルパちゃん / 花火戦隊サイガーRe / ウーミン
5,298,em-6a3f787c507e,梵天くん,12,700,900,7,aoe_attack,0.2978,0.4583,199,1,8,いいえ,vにゅーさん / ノローニャ・パイセン / きぬたン / 花火戦隊サイガーRe / 梵天くん
5,299,em-7941e8376c00,堕楽・ぴよボロス,46,756,7572,4,attack_buff,0.2977,0.4028,199,1,8,いいえ,vにゅーさん / ノローニャ・パイセン / 夜光虫ほたるん / ラパヌイ先生 / 堕楽・ぴよボロス
5,300,em-c301debd22fc,やまとーる海尉,9,900,600,6,damage_reduction,0.2972,0.4861,197,3,8,いいえ,ウサウサ八幡 / 北間・クラリス嬢 / トランシルヴァニア家族 / 花火戦隊サイガーRe / やまとーる海尉
5,301,em-5976d2863ad8,タオるんGT,32,4260,4732,14,guard,0.2971,0.4653,198,2,8,いいえ,ダリア・宮子・9 / vにゅーさん / サルパちゃん / 花火戦隊サイガーRe / タオるんGT
5,302,em-74b9082a787c,暫時バル状態,19,2938,838,4,damage_reduction,0.2969,0.4722,200,0,8,いいえ,ウサウサ八幡 / 北間・クラリス嬢 / トランシルヴァニア家族 / 諏訪子成長期 / 暫時バル状態
5,303,em-01a16cce900c,伝説のロロちゃん,35,3748,3067,5,attack_buff,0.2966,0.4514,198,2,8,いいえ,うさ☆八幡さま / vにゅーさん / トランシルヴァニア家族 / 愛のぴよ子 / 伝説のロロちゃん
5,304,em-b5e0f2fbff78,養老のバッカス,65,6475,3408,4,revive,0.2964,0.4931,199,1,8,いいえ,vにゅーさん / えかちぇたん / 愛のぴよ子 / 跛荒の鉄男大先生 / 養老のバッカス
5,305,em-11f22e87203d,骨喰　花蟲,60,2300,5708,4,revive,0.2964,0.4792,198,2,5,いいえ,ダリア・宮子・9 / ノローニャ・パイセン / 夜光虫ほたるん / ブハラ師匠 / 骨喰　花蟲
5,306,em-c7ca0cfdb77b,護国の盾,14,1887,1510,5,attribute_guard,0.296,0.4792,195,5,8,いいえ,ウサウサ八幡 / 北間・クラリス嬢 / トランシルヴァニア家族 / 諏訪子成長期 / 護国の盾
5,307,em-bbcd19672515,ＭＲ凜子様,13,1699,1699,4,attack_buff,0.296,0.4306,200,0,8,いいえ,vにゅーさん / 北間・クラリス嬢 / 哀哭のオオウミガラス / 跛荒の鉄男大先生 / ＭＲ凜子様
5,308,em-deea7d56d1a1,淡路な文楽軒師匠,12,1512,1551,6,skill_reduction,0.2957,0.4306,181,19,8,いいえ,有砂小町 / ノローニャ・パイセン / きぬたン / 諏訪子成長期 / 淡路な文楽軒師匠
5,309,em-e5fb3c6a3323,ガジュ・まる子さん,34,3748,4430,5,revive,0.2955,0.5,200,0,8,いいえ,ダリア・宮子・9 / vにゅーさん / サルパちゃん / 花火戦隊サイガーRe / ガジュ・まる子さん
5,310,em-0051409a8e1f,芹沢さん,8,604,597,4,guard,0.2951,0.4722,196,4,8,いいえ,ウサウサ八幡 / 北間・クラリス嬢 / トランシルヴァニア家族 / 花火戦隊サイガーRe / 芹沢さん
5,311,em-5d62afcf01d5,転がる！けねず君,37,3408,2044,4,damage_reduction,0.295,0.4583,196,4,8,いいえ,ダリア・宮子・9 / vにゅーさん / サルパちゃん / 諏訪子成長期 / 転がる！けねず君
5,312,em-2a96e91a2f35,雪男フェス祭カーニバル,38,5793,1874,5,revive,0.295,0.4514,200,0,8,いいえ,日本海女中 / vにゅーさん / トランシルヴァニア家族 / 跛荒の鉄男大先生 / 雪男フェス祭カーニバル
5,313,em-7e5ff582788f,INする★パンドラ,28,3059,1932,6,attribute_guard,0.2948,0.4861,197,3,8,いいえ,有砂小町 / ノローニャ・パイセン / きぬたン / 諏訪子成長期 / INする★パンドラ
5,314,em-484d995e3adb,くノ一！ヴォたん,9,700,700,4,guard,0.2948,0.4722,197,3,8,いいえ,ウサウサ八幡 / 北間・クラリス嬢 / トランシルヴァニア家族 / 花火戦隊サイガーRe / くノ一！ヴォたん
5,315,em-9e9fc5ee5a9c,深淵のエルフ,18,2537,3059,4,attack_buff,0.2945,0.4444,194,6,8,いいえ,ダリア・宮子・9 / vにゅーさん / トランシルヴァニア家族 / 諏訪子成長期 / 深淵のエルフ
5,316,em-b90efc9e636b,婆娑羅でどーよ,18,1046,4105,4,attack_buff,0.2943,0.4722,177,23,8,いいえ,vにゅーさん / ノローニャ・パイセン / 夜光虫ほたるん / 跛荒の鉄男大先生 / 婆娑羅でどーよ
5,317,em-1ad78d7d3c2f,狐仮面,22,2215,1789,4,revive,0.2942,0.5347,196,4,8,いいえ,有砂小町 / vにゅーさん / トランシルヴァニア家族 / 諏訪子成長期 / 狐仮面
5,318,em-83399e4df86b,必罰のエルフ,18,2093,3281,4,attack_buff,0.2942,0.4514,177,23,8,いいえ,vにゅーさん / えかちぇたん / 田島の春 / ブハラ師匠 / 必罰のエルフ
5,319,em-d6cc97b363eb,ユウレイイカさん,10,1363,1704,5,revive,0.294,0.5208,187,13,8,いいえ,vにゅーさん / ノローニャ・パイセン / 田島の春 / ブハラ師匠 / ユウレイイカさん
5,320,em-28a4ccf4cbfc,ステンバーイちび蔵,24,596,3748,4,revive,0.2939,0.5,183,17,8,いいえ,vにゅーさん / えかちぇたん / 田島の春 / ブハラ師匠 / ステンバーイちび蔵
5,321,em-0c67088a1447,わさわさ大根,11,2623,1184,6,delay,0.2938,0.4306,200,0,8,いいえ,ダリア・宮子・9 / vにゅーさん / トランシルヴァニア家族 / 跛荒の鉄男大先生 / わさわさ大根
5,322,em-12386dff9bd5,サリエリ許さないマン,21,2827,2827,4,revive,0.2934,0.4861,171,29,8,いいえ,ダリア・宮子・9 / ノローニャ・パイセン / 夜光虫ほたるん / 跛荒の鉄男大先生 / サリエリ許さないマン
5,323,em-902bd624dbdb,パンタナルの狼男,70,5898,4260,5,revive,0.2925,0.4514,198,2,8,いいえ,vにゅーさん / えかちぇたん / 愛のぴよ子 / 花火戦隊サイガーRe / パンタナルの狼男
5,324,em-d295de1e4086,海の日シスターズ♪,40,3823,4657,4,attack_buff,0.2924,0.4028,189,11,8,いいえ,有砂小町 / vにゅーさん / 愛のぴよ子 / 跛荒の鉄男大先生 / 海の日シスターズ♪
5,325,em-4c77b2b8ad46,トキシッくんさん,6,700,600,4,revive,0.292,0.4931,183,17,8,いいえ,vにゅーさん / ノローニャ・パイセン / 田島の春 / ブハラ師匠 / トキシッくんさん
5,326,em-b8872ecc31c1,オバケな☆らんちぇん,31,1533,5367,5,attribute_guard,0.292,0.4792,187,13,8,いいえ,うさ☆八幡さま / ノローニャ・パイセン / 夜光虫ほたるん / ブハラ師匠 / オバケな☆らんちぇん
5,327,em-0985c7675d5c,みかん姐さん,13,1100,600,4,aoe_attack,0.2918,0.5278,200,0,8,いいえ,vにゅーさん / ノローニャ・パイセン / きぬたン / 花火戦隊サイガーRe / みかん姐さん
5,328,em-75066f4bfd55,くーにょん,6,600,700,4,attack_buff,0.2918,0.4583,197,3,8,いいえ,ウサウサ八幡 / vにゅーさん / トランシルヴァニア家族 / 愛のぴよ子 / くーにょん
5,329,em-f3234f88661c,氷の大魔女カナリン,43,7497,1641,5,revive,0.2914,0.4583,181,19,8,いいえ,ダリア・宮子・9 / ノローニャ・パイセン / 夜光虫ほたるん / ブハラ師匠 / 氷の大魔女カナリン
5,330,em-2a715d5b73f6,白水師匠,12,780,820,6,aoe_attack,0.2913,0.5069,199,1,8,いいえ,vにゅーさん / ノローニャ・パイセン / きぬたン / 花火戦隊サイガーRe / 白水師匠
5,331,em-1232a815b671,みさきさん,16,1000,1200,5,multi_hit_attack,0.2912,0.4653,200,0,8,いいえ,ウサウサ八幡 / 脱力コンビあろま＆るる / トリニダの怪人 / 花火戦隊サイガーRe / みさきさん
5,332,em-188f3b3f954c,凄ェたっくん,8,636,1767,5,attack_buff,0.2912,0.4583,185,15,8,いいえ,vにゅーさん / ノローニャ・パイセン / 田島の春 / ブハラ師匠 / 凄ェたっくん
5,333,em-c08f9d20049a,激辛ふとし君,8,701,1702,5,attack_buff,0.291,0.4583,185,15,8,いいえ,vにゅーさん / ノローニャ・パイセン / 田島の春 / ブハラ師匠 / 激辛ふとし君
5,334,em-6b8007792f3c,因幡WAHHH!!,32,3578,4771,4,attack_buff,0.2909,0.4097,193,7,8,いいえ,ダリア・宮子・9 / vにゅーさん / トランシルヴァニア家族 / みどりのたけしマン / 因幡WAHHH!!
5,335,em-9329de26d52c,iびるん大魔王,14,1812,1963,5,guard,0.2908,0.4653,195,5,8,いいえ,ウサウサ八幡 / 北間・クラリス嬢 / トランシルヴァニア家族 / 諏訪子成長期 / iびるん大魔王
5,336,em-35e37020b193,æッシュちゃん,17,3542,2254,5,attribute_guard,0.2901,0.4653,198,2,8,いいえ,ウサウサ八幡 / 北間・クラリス嬢 / トランシルヴァニア家族 / 諏訪子成長期 / æッシュちゃん
5,337,em-4bde1481e932,黒電話おぅぼっと,9,1000,400,4,damage_reduction,0.2898,0.4583,197,3,8,いいえ,ウサウサ八幡 / 北間・クラリス嬢 / トランシルヴァニア家族 / 花火戦隊サイガーRe / 黒電話おぅぼっと
5,338,em-87d7d883c438,ニートエンペラー,10,459,565,7,damage_reduction,0.2896,0.4861,198,2,8,いいえ,ウサウサ八幡 / 北間・クラリス嬢 / トランシルヴァニア家族 / 花火戦隊サイガーRe / ニートエンペラー
5,339,em-c86ef788e307,ベルりん絶好調,40,4089,4686,5,attribute_guard,0.2896,0.4583,199,1,8,いいえ,ダリア・宮子・9 / vにゅーさん / サルパちゃん / 諏訪子成長期 / ベルりん絶好調
5,340,em-7d756ba8373e,謹賀新年のびゃこ,47,2300,6219,4,attack_buff,0.2891,0.3958,196,4,8,いいえ,有砂小町 / vにゅーさん / 愛のぴよ子 / 跛荒の鉄男大先生 / 謹賀新年のびゃこ
5,341,em-cd23be41d901,美顔なエンパナさん,40,5623,4089,8,revive,0.289,0.4236,196,4,8,いいえ,日本海女中 / vにゅーさん / トランシルヴァニア家族 / 花火戦隊サイガーRe / 美顔なエンパナさん
5,342,em-a787bb59ceca,トキシッくん,5,600,500,4,revive,0.2889,0.4931,182,18,8,いいえ,vにゅーさん / ノローニャ・パイセン / 田島の春 / ブハラ師匠 / トキシッくん
5,343,em-79322ee550e2,スーパーににぎ状態,60,5623,4430,5,attack_buff,0.2886,0.4028,198,2,5,いいえ,ダリア・宮子・9 / ノローニャ・パイセン / 夜光虫ほたるん / ブハラ師匠 / スーパーににぎ状態
5,344,em-4089c86a52af,夢奈・マコ,15,2470,1363,6,attribute_guard,0.2885,0.4792,184,16,8,いいえ,有砂小町 / ノローニャ・パイセン / きぬたン / 諏訪子成長期 / 夢奈・マコ
5,345,em-981bf693e8c3,メガネパンダ系の何か,19,2576,2415,6,skill_reduction,0.2884,0.4028,195,5,8,いいえ,ダリア・宮子・9 / vにゅーさん / トランシルヴァニア家族 / 諏訪子成長期 / メガネパンダ系の何か
5,346,em-8cafabee26c4,ホルトバージ君,22,5285,830,4,attack_buff,0.2878,0.4167,181,19,8,いいえ,vにゅーさん / えかちぇたん / 田島の春 / ブハラ師匠 / ホルトバージ君
5,347,em-a81a753351d9,戸定梨香,28,3216,3534,4,revive,0.2874,0.4722,187,13,8,いいえ,vにゅーさん / えかちぇたん / トランシルヴァニア家族 / 諏訪子成長期 / 戸定梨香
5,348,em-75c067942d62,大内先生,11,1699,1699,4,heal,0.2868,0.4653,188,12,8,いいえ,vにゅーさん / ノローニャ・パイセン / 田島の春 / ブハラ師匠 / 大内先生
5,349,em-3c1078996c9c,めい子のNEW DAY,25,2760,2862,4,attribute_guard,0.2867,0.4444,175,25,8,いいえ,ダリア・宮子・9 / ノローニャ・パイセン / 夜光虫ほたるん / 跛荒の鉄男大先生 / めい子のNEW DAY
5,350,em-5e67f5f55234,?????,88,10224,4941,5,attack_buff,0.2867,0.4097,200,0,7,いいえ,ダリア・宮子・9 / カルボ姉（ねえ） / トランシルヴァニア家族 / 愛のぴよ子 / ?????
5,351,em-a58c4fcc6b2e,けねず大先生,14,1699,1699,4,damage_reduction,0.2864,0.4653,195,5,8,いいえ,ウサウサ八幡 / 北間・クラリス嬢 / トランシルヴァニア家族 / 諏訪子成長期 / けねず大先生
5,352,em-ce4a4d623424,ケンＺＯ４号,8,502,1901,5,attack_buff,0.2861,0.4514,185,15,8,いいえ,vにゅーさん / ノローニャ・パイセン / 田島の春 / ブハラ師匠 / ケンＺＯ４号
5,353,em-e6c445da9312,おしゃまなタコむすめ,39,1704,5112,5,heal,0.286,0.4583,195,5,8,いいえ,日本海女中 / vにゅーさん / トランシルヴァニア家族 / 花火戦隊サイガーRe / おしゃまなタコむすめ
5,354,em-c7088988ea18,ガンギマリのメル先生,12,597,341,5,multi_hit_attack,0.2858,0.5278,199,1,8,いいえ,vにゅーさん / ノローニャ・パイセン / きぬたン / 花火戦隊サイガーRe / ガンギマリのメル先生
5,355,em-4586795c80d9,スノーガイ,7,1500,300,4,attack_buff,0.2856,0.4514,198,2,8,いいえ,ウサウサ八幡 / vにゅーさん / トランシルヴァニア家族 / 愛のぴよ子 / スノーガイ
5,356,em-29be2edf2271,餅子・ﾏｰﾒｲﾄﾞｽﾀｲﾙ,60,4797,5308,5,damage_reduction,0.2855,0.4306,194,6,5,いいえ,vにゅーさん / えかちぇたん / 愛のぴよ子 / 跛荒の鉄男大先生 / 餅子・ﾏｰﾒｲﾄﾞｽﾀｲﾙ
5,357,em-a71ad4631750,絶許！近所のあん子,9,1131,989,4,heal,0.2853,0.4722,186,14,8,いいえ,vにゅーさん / ノローニャ・パイセン / 田島の春 / ブハラ師匠 / 絶許！近所のあん子
5,358,em-e42e99273751,輪島のうるっしー,12,1200,500,4,guard,0.2853,0.4514,200,0,8,いいえ,ウサウサ八幡 / 北間・クラリス嬢 / トランシルヴァニア家族 / 花火戦隊サイガーRe / 輪島のうるっしー
5,359,em-980bac842ec7,ウシュか☆丸か,5,1410,1404,10,revive,0.2853,0.4306,182,18,8,いいえ,vにゅーさん / ノローニャ・パイセン / 田島の春 / ブハラ師匠 / ウシュか☆丸か
5,360,em-32e57ebd5904,ハンザギルドさん,12,1551,423,5,attribute_guard,0.2852,0.4653,200,0,8,いいえ,ウサウサ八幡 / 北間・クラリス嬢 / トランシルヴァニア家族 / 花火戦隊サイガーRe / ハンザギルドさん
5,361,em-999d33621829,おたべ妖精,7,1272,1131,4,delay,0.2851,0.4306,196,4,8,いいえ,ダリア・宮子・9 / vにゅーさん / トランシルヴァニア家族 / 跛荒の鉄男大先生 / おたべ妖精
5,362,em-3604a59c8292,囃せ！どんちっちん,12,1000,700,7,aoe_attack,0.2846,0.4722,199,1,8,いいえ,vにゅーさん / ノローニャ・パイセン / きぬたン / 花火戦隊サイガーRe / 囃せ！どんちっちん
5,363,em-1cd0c7153e75,みさき先輩,18,1400,1600,4,multi_hit_attack,0.2845,0.4236,177,23,8,いいえ,vにゅーさん / ノローニャ・パイセン / 夜光虫ほたるん / 跛荒の鉄男大先生 / みさき先輩
5,364,em-8d2b5bd68a94,ズースさんとシーラさん,6,800,600,4,attack_buff,0.2844,0.4514,197,3,8,いいえ,ウサウサ八幡 / vにゅーさん / トランシルヴァニア家族 / 愛のぴよ子 / ズースさんとシーラさん
5,365,em-68c24ce7bf95,女帝！カるたーニャ,40,3408,3408,4,attack_buff,0.2843,0.4236,187,13,8,いいえ,vにゅーさん / ノローニャ・パイセン / 夜光虫ほたるん / ブハラ師匠 / 女帝！カるたーニャ
5,366,em-afce812f791d,めい子のMAY DAY,35,4123,4226,4,attribute_guard,0.2841,0.4306,194,6,8,いいえ,ダリア・宮子・9 / vにゅーさん / サルパちゃん / 諏訪子成長期 / めい子のMAY DAY
5,367,em-d111f497df0f,湘南大水曜日ボーイ,40,2044,5623,4,attack_buff,0.2841,0.4167,187,13,8,いいえ,vにゅーさん / ノローニャ・パイセン / 夜光虫ほたるん / ブハラ師匠 / 湘南大水曜日ボーイ
5,368,em-d74e6be8b4b9,クビキリギス,40,3800,3544,4,damage_reduction,0.2839,0.4167,187,13,8,いいえ,vにゅーさん / ノローニャ・パイセン / 夜光虫ほたるん / ブハラ師匠 / クビキリギス
5,369,em-2d8f15eaba64,のぶくろさん,12,700,900,7,aoe_attack,0.2836,0.4583,199,1,8,いいえ,vにゅーさん / ノローニャ・パイセン / きぬたン / 花火戦隊サイガーRe / のぶくろさん
5,370,em-24d6f242799c,大浜美波さん,32,3748,3408,5,revive,0.2834,0.4514,200,0,8,いいえ,伝説の少女キャンディ / vにゅーさん / サルパちゃん / ブハラ師匠 / 大浜美波さん
5,371,em-2ce242ee5866,スノーメン,5,1300,200,5,attack_buff,0.2833,0.4653,196,4,8,いいえ,ウサウサ八幡 / vにゅーさん / トランシルヴァニア家族 / 愛のぴよ子 / スノーメン
5,372,em-f8d808926639,吉野スライミング,8,690,390,5,guard,0.2831,0.4514,196,4,8,いいえ,ウサウサ八幡 / 北間・クラリス嬢 / トランシルヴァニア家族 / 花火戦隊サイガーRe / 吉野スライミング
5,373,em-a5c7dcdde3ff,水島神人発見される,10,900,400,4,guard,0.283,0.4514,198,2,8,いいえ,ウサウサ八幡 / 北間・クラリス嬢 / トランシルヴァニア家族 / 花火戦隊サイガーRe / 水島神人発見される
5,374,em-64f8ad5111a6,マッキニキ,9,1000,500,4,damage_reduction,0.2828,0.4792,197,3,8,いいえ,ウサウサ八幡 / 北間・クラリス嬢 / トランシルヴァニア家族 / 花火戦隊サイガーRe / マッキニキ
5,375,em-41c5d9f739e4,健やか泰三,44,3052,5964,5,revive,0.2828,0.4792,200,0,8,いいえ,日本海女中 / vにゅーさん / トランシルヴァニア家族 / 花火戦隊サイガーRe / 健やか泰三
5,376,em-955edfecd83b,天晴！ぶんぶくん,22,1883,1162,4,revive,0.2824,0.5278,196,4,8,いいえ,有砂小町 / vにゅーさん / トランシルヴァニア家族 / 諏訪子成長期 / 天晴！ぶんぶくん
5,377,em-a6a4e9c825f7,ハズクの姐御,14,1359,1510,6,multi_hit_attack,0.2824,0.4514,173,27,8,いいえ,vにゅーさん / ノローニャ・パイセン / 夜光虫ほたるん / 跛荒の鉄男大先生 / ハズクの姐御
5,378,em-fb54694c6adc,サイガーイエロー,9,357,1057,4,multi_hit_attack,0.2821,0.4167,168,32,8,いいえ,vにゅーさん / ノローニャ・パイセン / 夜光虫ほたるん / 跛荒の鉄男大先生 / サイガーイエロー
5,379,em-b50530766df4,夏の妖精白良さん,19,1699,1699,4,attack_buff,0.2818,0.4375,195,5,8,いいえ,ダリア・宮子・9 / vにゅーさん / トランシルヴァニア家族 / 諏訪子成長期 / 夏の妖精白良さん
5,380,em-d3aec6288103,カニシカ大先生,39,6034,1440,5,heal,0.2814,0.3958,200,0,8,いいえ,ダリア・宮子・9 / vにゅーさん / トランシルヴァニア家族 / みどりのたけしマン / カニシカ大先生
5,381,em-357427c8f331,反魂タン昼食TIME,27,3067,5623,4,attack_buff,0.2813,0.4167,198,2,8,いいえ,vにゅーさん / ノローニャ・パイセン / ﾌﾗﾝﾀﾞｰｽのわんわんお / ブハラ師匠 / 反魂タン昼食TIME
5,382,em-076ae15080b8,ゾウムシ,40,7293,2044,7,damage_reduction,0.2811,0.4306,195,5,8,いいえ,ウサウサ八幡 / 脱力コンビあろま＆るる / トリニダの怪人 / グラディ瑛太 / ゾウムシ
5,383,em-ec52e54bb473,ﾀｰｷｰﾃﾞ-なじとっこ君,10,706,2403,4,attack_buff,0.281,0.4583,187,13,8,いいえ,vにゅーさん / ノローニャ・パイセン / 田島の春 / ブハラ師匠 / ﾀｰｷｰﾃﾞ-なじとっこ君
5,384,em-72f5e94185a5,MAIKOちゃん,34,3834,3834,6,attribute_guard,0.2809,0.4444,190,10,8,いいえ,うさ☆八幡さま / ノローニャ・パイセン / 夜光虫ほたるん / ブハラ師匠 / MAIKOちゃん
5,385,em-b7d1205bd3a7,すーぱーサイアン,60,5964,5964,12,attack_buff,0.2807,0.3819,198,2,5,いいえ,ダリア・宮子・9 / ノローニャ・パイセン / 夜光虫ほたるん / ブハラ師匠 / すーぱーサイアン
5,386,em-67aa8e3ee215,川越料理長,17,1175,3655,4,attack_buff,0.2806,0.4514,186,14,8,いいえ,有砂小町 / ノローニャ・パイセン / きぬたン / 諏訪子成長期 / 川越料理長
5,387,em-6b4ea2116a46,降臨先祖★ににぎくん,20,2334,2817,5,attack_buff,0.2806,0.4444,196,4,8,いいえ,ダリア・宮子・9 / vにゅーさん / トランシルヴァニア家族 / 諏訪子成長期 / 降臨先祖★ににぎくん
5,388,em-55cdacc97f8e,バーチャルおぅぼっと,25,4025,1610,7,damage_reduction,0.2799,0.4444,175,25,8,いいえ,ダリア・宮子・9 / ノローニャ・パイセン / 夜光虫ほたるん / 跛荒の鉄男大先生 / バーチャルおぅぼっと
5,389,em-d35809f53912,鎌倉式ＤＢ２零式,15,1807,856,9,guard,0.2799,0.4444,196,4,8,いいえ,ウサウサ八幡 / 北間・クラリス嬢 / トランシルヴァニア家族 / 諏訪子成長期 / 鎌倉式ＤＢ２零式
5,390,em-1e4dd5118669,三春瀧さくら,38,3919,3408,4,damage_reduction,0.2799,0.4375,199,1,8,いいえ,有砂小町 / えかちぇたん / トランシルヴァニア家族 / 跛荒の鉄男大先生 / 三春瀧さくら
5,391,em-826b6ae61786,スワン王,9,1229,1173,4,skill_reduction,0.2798,0.4306,198,2,8,いいえ,ダリア・宮子・9 / vにゅーさん / トランシルヴァニア家族 / 跛荒の鉄男大先生 / スワン王
5,392,em-e9d9b60eefb1,鈴鹿忍者,20,1623,2189,5,skill_reduction,0.2797,0.3889,196,4,8,いいえ,ダリア・宮子・9 / vにゅーさん / トランシルヴァニア家族 / 諏訪子成長期 / 鈴鹿忍者
5,393,em-b34fc14eb133,ピカリャーは眠らない,10,800,1000,5,multi_hit_attack,0.2796,0.4236,169,31,8,いいえ,vにゅーさん / ノローニャ・パイセン / 夜光虫ほたるん / 跛荒の鉄男大先生 / ピカリャーは眠らない
5,394,em-2697b5e55b56,あろまちゃん+空気,6,650,700,4,revive,0.2795,0.5069,183,17,8,いいえ,vにゅーさん / ノローニャ・パイセン / 田島の春 / ブハラ師匠 / あろまちゃん+空気
5,395,em-f6360fa6b0ca,伝統のうるっしー,16,1800,600,4,guard,0.2795,0.4375,197,3,8,いいえ,ウサウサ八幡 / 北間・クラリス嬢 / トランシルヴァニア家族 / 諏訪子成長期 / 伝統のうるっしー
5,396,em-b827590fe52d,芹沢くん,7,500,500,4,guard,0.2793,0.4583,195,5,8,いいえ,ウサウサ八幡 / 北間・クラリス嬢 / トランシルヴァニア家族 / 花火戦隊サイガーRe / 芹沢くん
5,397,em-962fa89cd31d,極東恋姫☆霧子たん,15,1243,1161,5,revive,0.2791,0.5278,186,14,8,いいえ,ダリア・宮子・9 / ノローニャ・パイセン / きぬたン / 諏訪子成長期 / 極東恋姫☆霧子たん
5,398,em-837ddd274c7d,夢見る夢ナマコ,15,2224,1226,6,attribute_guard,0.2789,0.4722,196,4,8,いいえ,ウサウサ八幡 / 北間・クラリス嬢 / トランシルヴァニア家族 / 諏訪子成長期 / 夢見る夢ナマコ
5,399,em-89dedc914b10,ふーちゃん,8,1014,413,5,guard,0.2789,0.4514,196,4,8,いいえ,ウサウサ八幡 / 北間・クラリス嬢 / トランシルヴァニア家族 / 花火戦隊サイガーRe / ふーちゃん
5,400,em-511e9ea676be,Woo怪さま,10,700,1100,5,multi_hit_attack,0.2785,0.3819,179,21,8,いいえ,ダリア・宮子・9 / 脱力コンビあろま＆るる / 田島の春 / 花火戦隊サイガーRe / Woo怪さま
5,401,em-0481f6c14fd9,関先輩,7,475,475,4,guard,0.2783,0.4583,195,5,8,いいえ,ウサウサ八幡 / 北間・クラリス嬢 / トランシルヴァニア家族 / 花火戦隊サイガーRe / 関先輩
5,402,em-dbd545e946e6,嫁劇！くーにゃん,40,2556,6816,4,attack_buff,0.2783,0.4167,187,13,8,いいえ,vにゅーさん / ノローニャ・パイセン / 夜光虫ほたるん / ブハラ師匠 / 嫁劇！くーにゃん
5,403,em-ce7547fb3ccd,いぬやマンリメイク！,16,1661,1661,7,attack_buff,0.2783,0.4097,175,25,8,いいえ,vにゅーさん / えかちぇたん / 田島の春 / ブハラ師匠 / いぬやマンリメイク！
5,404,em-204ef16c9e26,カピ原雄さん,6,300,500,6,revive,0.2781,0.5139,197,3,8,いいえ,ウサウサ八幡 / vにゅーさん / トランシルヴァニア家族 / 愛のぴよ子 / カピ原雄さん
5,405,em-3e1bbfb34a76,芳一大師匠,14,1128,1269,4,revive,0.278,0.5,185,15,8,いいえ,ダリア・宮子・9 / ノローニャ・パイセン / きぬたン / 諏訪子成長期 / 芳一大師匠
5,406,em-57768559e8b8,旋律！タコ幼女,39,1533,4601,5,heal,0.2777,0.4514,195,5,8,いいえ,日本海女中 / vにゅーさん / トランシルヴァニア家族 / 花火戦隊サイガーRe / 旋律！タコ幼女
5,407,em-c8d0b7ef1b10,めい子お姉さま,9,1159,1244,4,attribute_guard,0.2776,0.4653,197,3,8,いいえ,ウサウサ八幡 / 北間・クラリス嬢 / トランシルヴァニア家族 / 花火戦隊サイガーRe / めい子お姉さま
5,408,em-f8bc07a12f5c,Ir☆D☆F！,19,1,2839,6,attribute_guard,0.2775,0.4861,200,0,8,いいえ,ウサウサ八幡 / 北間・クラリス嬢 / トランシルヴァニア家族 / 諏訪子成長期 / Ir☆D☆F！
5,409,em-13467c934268,五神合体法隆Ｇ,15,1050,550,6,guard,0.277,0.4375,196,4,8,いいえ,ウサウサ八幡 / 北間・クラリス嬢 / トランシルヴァニア家族 / 諏訪子成長期 / 五神合体法隆Ｇ
5,410,em-a0762b5d76ab,シーラちゃん,5,600,550,4,attack_buff,0.2769,0.4514,196,4,8,いいえ,ウサウサ八幡 / vにゅーさん / トランシルヴァニア家族 / 愛のぴよ子 / シーラちゃん
5,411,em-0e2c4b783eb7,南極翁・カノープス,55,3408,5964,7,multi_hit_attack,0.2768,0.3958,193,7,6,いいえ,ダリア・宮子・9 / ノローニャ・パイセン / 夜光虫ほたるん / ブハラ師匠 / 南極翁・カノープス
5,412,em-bd2931324bdc,夢ナマコちゃん,15,1976,1090,6,attribute_guard,0.2765,0.4792,196,4,8,いいえ,ウサウサ八幡 / 北間・クラリス嬢 / トランシルヴァニア家族 / 諏訪子成長期 / 夢ナマコちゃん
5,413,em-a6927eca01fa,すわ子ちゃん,8,500,800,6,multi_hit_attack,0.2762,0.4236,199,1,8,いいえ,ウサウサ八幡 / vにゅーさん / トランシルヴァニア家族 / 愛のぴよ子 / すわ子ちゃん
5,414,em-9c9f188ea0a8,やる気勢ナルテュール,56,1704,7838,6,attack_buff,0.2762,0.4028,194,6,5,いいえ,ダリア・宮子・9 / ノローニャ・パイセン / 夜光虫ほたるん / ブハラ師匠 / やる気勢ナルテュール
5,415,em-7affb78d3b91,渇求するネギの果て,10,754,754,4,guard,0.276,0.4722,198,2,8,いいえ,ウサウサ八幡 / 北間・クラリス嬢 / トランシルヴァニア家族 / 花火戦隊サイガーRe / 渇求するネギの果て
5,416,em-bca5e711ca4b,あろま・シュワー,16,1060,1201,5,revive,0.2756,0.4861,197,3,8,いいえ,有砂小町 / vにゅーさん / トランシルヴァニア家族 / 花火戦隊サイガーRe / あろま・シュワー
5,417,em-31faaa08a3e5,ジャノメぴよ子,8,1105,1122,7,attribute_guard,0.2756,0.4653,196,4,8,いいえ,ウサウサ八幡 / 北間・クラリス嬢 / トランシルヴァニア家族 / 花火戦隊サイガーRe / ジャノメぴよ子
5,418,em-3bdc05dce56c,シャボテンコンビ,14,600,800,6,revive,0.2752,0.4861,185,15,8,いいえ,ダリア・宮子・9 / ノローニャ・パイセン / きぬたン / 諏訪子成長期 / シャボテンコンビ
5,419,em-9eb7fd81d237,ユウ・レーカさん,20,2044,2556,4,revive,0.2752,0.4792,198,2,8,いいえ,橘の元祖☆みっちー / vにゅーさん / トランシルヴァニア家族 / 愛のぴよ子 / ユウ・レーカさん
5,420,em-a87c308ef7c4,トミスLOVE様,52,4686,4686,4,revive,0.2751,0.4583,190,10,7,いいえ,ダリア・宮子・9 / ノローニャ・パイセン / 夜光虫ほたるん / ブハラ師匠 / トミスLOVE様
5,421,em-4b386c59ef08,キマシ塔の温泉娘,20,1245,2781,5,attack_buff,0.275,0.4653,198,2,8,いいえ,橘の元祖☆みっちー / vにゅーさん / トランシルヴァニア家族 / 愛のぴよ子 / キマシ塔の温泉娘
5,422,em-df95e8471300,名家ぴよ子お嬢様,10,1331,1374,5,attack_buff,0.2743,0.4583,187,13,8,いいえ,vにゅーさん / ノローニャ・パイセン / 田島の春 / ブハラ師匠 / 名家ぴよ子お嬢様
5,423,em-84808a58aa1d,近江守鮒麿,11,764,640,5,heal,0.2741,0.4583,188,12,8,いいえ,vにゅーさん / ノローニャ・パイセン / 田島の春 / ブハラ師匠 / 近江守鮒麿
5,424,em-594f4648caff,金閣鹿苑大先生,7,1201,1201,4,revive,0.274,0.4722,184,16,8,いいえ,vにゅーさん / ノローニャ・パイセン / 田島の春 / ブハラ師匠 / 金閣鹿苑大先生
5,425,em-1290652c5171,萌やし博士,10,408,1212,4,attack_buff,0.2739,0.4375,187,13,8,いいえ,vにゅーさん / ノローニャ・パイセン / 田島の春 / ブハラ師匠 / 萌やし博士
5,426,em-090474161194,オム・オクト・パッス,12,888,900,5,heal,0.2738,0.4514,189,11,8,いいえ,vにゅーさん / ノローニャ・パイセン / 田島の春 / ブハラ師匠 / オム・オクト・パッス
5,427,em-78804a795640,ズンビージョンきゅん,39,1448,4771,6,revive,0.2738,0.4444,195,5,8,いいえ,日本海女中 / vにゅーさん / トランシルヴァニア家族 / 花火戦隊サイガーRe / ズンビージョンきゅん
5,428,em-ae6ea6bc1914,ズースくん,3,500,400,4,attack_buff,0.2737,0.4444,194,6,8,いいえ,ウサウサ八幡 / vにゅーさん / トランシルヴァニア家族 / 愛のぴよ子 / ズースくん
5,429,em-595b1ebc9a59,戦え！ブルりん,16,1400,1600,4,damage_reduction,0.2736,0.4722,197,3,8,いいえ,ウサウサ八幡 / 北間・クラリス嬢 / トランシルヴァニア家族 / 諏訪子成長期 / 戦え！ブルりん
5,430,em-f14da6dc7d26,チャイナさん,15,606,1876,4,attack_buff,0.273,0.4514,199,1,8,いいえ,ウサウサ八幡 / 脱力コンビあろま＆るる / トリニダの怪人 / 花火戦隊サイガーRe / チャイナさん
5,431,em-865f442bc56a,神魚！はたはタン,6,700,600,4,heal,0.273,0.4444,183,17,8,いいえ,vにゅーさん / ノローニャ・パイセン / 田島の春 / ブハラ師匠 / 神魚！はたはタン
5,432,em-2f3689f15f09,ブルりん,8,800,1000,6,damage_reduction,0.2728,0.4931,196,4,8,いいえ,ウサウサ八幡 / 北間・クラリス嬢 / トランシルヴァニア家族 / 花火戦隊サイガーRe / ブルりん
5,433,em-0ba3ddcc384c,雛段芸人☆さくらんず,16,1510,1887,5,skill_reduction,0.2728,0.3958,175,25,8,いいえ,vにゅーさん / えかちぇたん / 田島の春 / ブハラ師匠 / 雛段芸人☆さくらんず
5,434,em-3151d77efe3f,チンチョーロさん,37,4805,4805,7,revive,0.2727,0.4514,192,8,8,いいえ,ウサウサ八幡 / 脱力コンビあろま＆るる / トリニダの怪人 / グラディ瑛太 / チンチョーロさん
5,435,em-3b878e796aba,なまず仙人,35,4941,1618,4,damage_reduction,0.2724,0.4236,196,4,8,いいえ,ダリア・宮子・9 / vにゅーさん / トランシルヴァニア家族 / みどりのたけしマン / なまず仙人
5,436,em-549e080062a7,ぶんぶくん,22,1550,895,4,revive,0.2723,0.5208,196,4,8,いいえ,有砂小町 / vにゅーさん / トランシルヴァニア家族 / 諏訪子成長期 / ぶんぶくん
5,437,em-d9f30734dd50,草カロ花子,7,1159,1244,5,heal,0.2722,0.4306,184,16,8,いいえ,vにゅーさん / ノローニャ・パイセン / 田島の春 / ブハラ師匠 / 草カロ花子
5,438,em-bc583c6ff83e,卍石★モチ子,40,4625,4966,5,attribute_guard,0.2722,0.4167,199,1,8,いいえ,ダリア・宮子・9 / vにゅーさん / サルパちゃん / 諏訪子成長期 / 卍石★モチ子
5,439,em-299bbc95ef27,タコンナ,60,4260,5964,5,heal,0.2718,0.4236,198,2,5,いいえ,ダリア・宮子・9 / ノローニャ・パイセン / 夜光虫ほたるん / ブハラ師匠 / タコンナ
5,440,em-e128354ca2de,シュレーダー帝,31,1795,3097,6,revive,0.2716,0.4583,200,0,8,いいえ,ダリア・宮子・9 / 脱力コンビあろま＆るる / 田島の春 / 花火戦隊サイガーRe / シュレーダー帝
5,441,em-599b57f2e5c4,Halloweenの蘭子さん,37,2044,5964,5,revive,0.2714,0.4653,199,1,8,いいえ,日本海女中 / vにゅーさん / トランシルヴァニア家族 / 跛荒の鉄男大先生 / Halloweenの蘭子さん
5,442,em-b5a4cfe168a6,安井大先生,7,505,475,5,guard,0.2711,0.4653,195,5,8,いいえ,ウサウサ八幡 / 北間・クラリス嬢 / トランシルヴァニア家族 / 花火戦隊サイガーRe / 安井大先生
5,443,em-dcc91a9c2ed6,ブルたそ,12,1000,1200,5,damage_reduction,0.271,0.4861,200,0,8,いいえ,ウサウサ八幡 / 北間・クラリス嬢 / トランシルヴァニア家族 / 花火戦隊サイガーRe / ブルたそ
5,444,em-74ebc57ab0a9,ニーハオさん,12,397,1216,5,attack_buff,0.2708,0.4861,199,1,8,いいえ,vにゅーさん / ノローニャ・パイセン / きぬたン / 花火戦隊サイガーRe / ニーハオさん
5,445,em-10c2721383dd,京子☆リフレッシュ,23,2035,3239,5,damage_reduction,0.2706,0.4444,199,1,8,いいえ,ダリア・宮子・9 / vにゅーさん / トランシルヴァニア家族 / 諏訪子成長期 / 京子☆リフレッシュ
5,446,em-3803f94f5ae7,あろまちゃん,3,350,500,4,revive,0.2704,0.5,180,20,8,いいえ,vにゅーさん / ノローニャ・パイセン / 田島の春 / ブハラ師匠 / あろまちゃん
5,447,em-d0639c20e6b1,ユーコ☆宇宙,24,4260,2556,4,revive,0.2704,0.4583,198,2,8,いいえ,有砂小町 / vにゅーさん / トランシルヴァニア家族 / 諏訪子成長期 / ユーコ☆宇宙
5,448,em-144424b04d69,あろまさん,5,450,650,4,revive,0.2703,0.5,182,18,8,いいえ,vにゅーさん / ノローニャ・パイセン / 田島の春 / ブハラ師匠 / あろまさん
5,449,em-02e0499d8e24,朱雀,36,4430,4941,4,attack_buff,0.2701,0.4167,199,1,8,いいえ,うさ☆八幡さま / vにゅーさん / トランシルヴァニア家族 / 愛のぴよ子 / 朱雀
5,450,em-6ed81c8341b0,萌やし紳士,8,308,898,4,attack_buff,0.27,0.4444,199,1,8,いいえ,ウサウサ八幡 / vにゅーさん / トランシルヴァニア家族 / 愛のぴよ子 / 萌やし紳士
5,451,em-471b1ba55d5c,有馬んば,13,1413,1244,4,heal,0.2699,0.4583,190,10,8,いいえ,vにゅーさん / ノローニャ・パイセン / 田島の春 / ブハラ師匠 / 有馬んば
5,452,em-cc0425cf3835,鎌倉式ＤＢ２改,12,1200,612,8,guard,0.2699,0.4514,200,0,8,いいえ,ウサウサ八幡 / 北間・クラリス嬢 / トランシルヴァニア家族 / 花火戦隊サイガーRe / 鎌倉式ＤＢ２改
5,453,em-036ee10985c7,大正義！反魂タン,7,800,1000,4,revive,0.2697,0.4861,184,16,8,いいえ,vにゅーさん / ノローニャ・パイセン / 田島の春 / ブハラ師匠 / 大正義！反魂タン
5,454,em-ad0fa41f1980,輝け！叡智通,12,1102,1300,4,attack_buff,0.2697,0.4514,181,19,8,いいえ,有砂小町 / ノローニャ・パイセン / きぬたン / 諏訪子成長期 / 輝け！叡智通
5,455,em-f0bd2d18332e,Woo怪さん,8,600,700,6,multi_hit_attack,0.2696,0.4236,199,1,8,いいえ,ウサウサ八幡 / vにゅーさん / トランシルヴァニア家族 / 愛のぴよ子 / Woo怪さん
5,456,em-0a34a4b839d5,堕落勇者オトシゴ,60,4732,5111,8,damage_reduction,0.2694,0.4028,198,2,5,いいえ,ダリア・宮子・9 / ノローニャ・パイセン / 夜光虫ほたるん / ブハラ師匠 / 堕落勇者オトシゴ
5,457,em-a5e1e009bda8,くまのたん伝説,80,8861,8179,5,attack_buff,0.2694,0.3333,193,7,8,いいえ,vにゅーさん / ノローニャ・パイセン / 愛のぴよ子 / 得琉田浜蔵 / くまのたん伝説
5,458,em-405f3e1dc3af,べるりん★最高潮,45,5367,3663,6,attribute_guard,0.2689,0.4167,200,0,8,いいえ,ウサウサ八幡 / 脱力コンビあろま＆るる / トリニダの怪人 / グラディ瑛太 / べるりん★最高潮
5,459,em-18cdc04bd0d0,ｼﾞｬｯｸｵｰ・ランちゃん,20,1022,3578,5,attribute_guard,0.2688,0.4514,179,21,8,いいえ,vにゅーさん / えかちぇたん / 田島の春 / ブハラ師匠 / ｼﾞｬｯｸｵｰ・ランちゃん
5,460,em-de4906019fe7,キープ牧場の決斗,14,700,700,6,revive,0.2687,0.4792,192,8,8,いいえ,橘の元祖☆みっちー / vにゅーさん / トランシルヴァニア家族 / 愛のぴよ子 / キープ牧場の決斗
5,461,em-ae9fd7e6b2dc,ヘヴィなじとっ子君,8,607,1795,4,attack_buff,0.2686,0.4514,185,15,8,いいえ,vにゅーさん / ノローニャ・パイセン / 田島の春 / ブハラ師匠 / ヘヴィなじとっ子君
5,462,em-08381d79cfef,大森銀さん,5,1300,150,4,damage_reduction,0.2681,0.4167,184,16,8,いいえ,vにゅーさん / トランシルヴァニア家族 / 田島の春 / ブハラ師匠 / 大森銀さん
5,463,em-0add6b5a96ff,朦朧ボディマンα,9,300,1000,10,multi_hit_attack,0.268,0.4167,200,0,8,いいえ,ウサウサ八幡 / vにゅーさん / トランシルヴァニア家族 / 愛のぴよ子 / 朦朧ボディマンα
5,464,em-9467ad3af2e0,大杵社のユッフィー,19,1699,1699,5,attack_buff,0.2679,0.4167,178,22,8,いいえ,vにゅーさん / えかちぇたん / 田島の春 / ブハラ師匠 / 大杵社のユッフィー
5,465,em-8421c50f30c7,しょーかさん,8,700,800,6,multi_hit_attack,0.2678,0.4583,199,1,8,いいえ,ウサウサ八幡 / vにゅーさん / トランシルヴァニア家族 / 愛のぴよ子 / しょーかさん
5,466,em-8cd856412a10,にくぁうぅぅぅぅぅ！,17,1355,3638,4,attack_buff,0.2678,0.4375,197,3,8,いいえ,有砂小町 / 北間・クラリス嬢 / 哀哭のオオウミガラス / 百華百彩久連子 / にくぁうぅぅぅぅぅ！
5,467,em-7ada5b98126c,サイガーブルー,8,250,950,5,multi_hit_attack,0.2678,0.4167,199,1,8,いいえ,ウサウサ八幡 / vにゅーさん / トランシルヴァニア家族 / 愛のぴよ子 / サイガーブルー
5,468,em-af3decda6522,式部卿鮒麿,8,640,565,5,heal,0.2675,0.4514,185,15,8,いいえ,vにゅーさん / ノローニャ・パイセン / 田島の春 / ブハラ師匠 / 式部卿鮒麿
5,469,em-fc0926b017ef,なまずのおじさん,25,4260,1278,5,damage_reduction,0.2674,0.4306,200,0,8,いいえ,有砂小町 / vにゅーさん / トランシルヴァニア家族 / ブハラ師匠 / なまずのおじさん
5,470,em-d8d7722f9f21,赤パジャマさん,20,2240,3262,5,attribute_guard,0.2671,0.4306,179,21,8,いいえ,vにゅーさん / えかちぇたん / 田島の春 / ブハラ師匠 / 赤パジャマさん
5,471,em-87b19d1c9d4e,ベリーズさん,9,1057,1692,5,attack_buff,0.266,0.4444,200,0,8,いいえ,ウサウサ八幡 / vにゅーさん / トランシルヴァニア家族 / 愛のぴよ子 / ベリーズさん
5,472,em-60119eda4c9c,猿田彦大先輩,80,7838,7157,5,attack_buff,0.266,0.3403,193,7,8,いいえ,vにゅーさん / ノローニャ・パイセン / 愛のぴよ子 / 得琉田浜蔵 / 猿田彦大先輩
5,473,em-6acd0e20d832,たこむすめ,39,1363,4089,5,heal,0.2658,0.4375,195,5,8,いいえ,日本海女中 / vにゅーさん / トランシルヴァニア家族 / 花火戦隊サイガーRe / たこむすめ
5,474,em-337e85c2cd90,ユーコ☆スターダスト,60,6053,4354,4,revive,0.2657,0.4375,199,1,5,いいえ,ハリウッドナナコ師匠 / vにゅーさん / トランシルヴァニア家族 / 諏訪子成長期 / ユーコ☆スターダスト
5,475,em-e73e837049b5,ｿﾞﾝﾋﾞｶﾞｰﾙ･ガブリン,28,1366,3834,4,revive,0.2655,0.4514,191,9,8,いいえ,うさ☆八幡さま / vにゅーさん / トランシルヴァニア家族 / 愛のぴよ子 / ｿﾞﾝﾋﾞｶﾞｰﾙ･ガブリン
5,476,em-32f5c4968406,正月カナちゃん。,66,5282,5282,6,revive,0.2655,0.4444,200,0,8,いいえ,vにゅーさん / えかちぇたん / 愛のぴよ子 / 跛荒の鉄男大先生 / 正月カナちゃん。
5,477,em-3e85387d97e5,荒ぶるこんにゃく,7,486,484,8,guard,0.2654,0.4375,195,5,8,いいえ,ウサウサ八幡 / 北間・クラリス嬢 / トランシルヴァニア家族 / 花火戦隊サイガーRe / 荒ぶるこんにゃく
5,478,em-2a2200aaa8bd,バロック神父そん,18,1993,1812,6,attribute_guard,0.2652,0.4653,199,1,8,いいえ,ウサウサ八幡 / 北間・クラリス嬢 / トランシルヴァニア家族 / 諏訪子成長期 / バロック神父そん
5,479,em-9c69c811a77c,ヤック・ザ・ナイト,8,600,700,5,multi_hit_attack,0.2651,0.4236,167,33,8,いいえ,vにゅーさん / ノローニャ・パイセン / 夜光虫ほたるん / 跛荒の鉄男大先生 / ヤック・ザ・ナイト
5,480,em-88669edc6480,京子はまだやれる！,10,718,694,4,damage_reduction,0.2649,0.4722,198,2,8,いいえ,ウサウサ八幡 / 北間・クラリス嬢 / トランシルヴァニア家族 / 花火戦隊サイガーRe / 京子はまだやれる！
5,481,em-577ab88ffefc,河口精進子,8,800,1100,7,delay,0.2647,0.4167,197,3,8,いいえ,ダリア・宮子・9 / vにゅーさん / トランシルヴァニア家族 / 跛荒の鉄男大先生 / 河口精進子
5,482,em-2110fa48fdc1,グリンすマン・ﾌｨｰﾊﾞｰ!,22,1661,1736,5,delay,0.2646,0.3889,198,2,8,いいえ,ダリア・宮子・9 / vにゅーさん / トランシルヴァニア家族 / 諏訪子成長期 / グリンすマン・ﾌｨｰﾊﾞｰ!
5,483,em-eece08d90093,罠なくトロイ先輩,18,4830,16,4,multi_hit_attack,0.2644,0.4653,177,23,8,いいえ,vにゅーさん / えかちぇたん / 田島の春 / ブハラ師匠 / 罠なくトロイ先輩
5,484,em-7960727b4ac3,伝説のひろし,15,1681,1714,5,attack_buff,0.2639,0.4097,193,7,8,いいえ,橘の元祖☆みっちー / vにゅーさん / トランシルヴァニア家族 / 愛のぴよ子 / 伝説のひろし
5,485,em-34a894a8519d,ロロ先輩,16,1100,1400,6,revive,0.2636,0.4792,187,13,8,いいえ,ダリア・宮子・9 / ノローニャ・パイセン / きぬたン / 諏訪子成長期 / ロロ先輩
5,486,em-66075c4def49,K・Y・イマガワ,40,5793,3237,5,attack_buff,0.2633,0.4097,189,11,8,いいえ,有砂小町 / vにゅーさん / 愛のぴよ子 / 跛荒の鉄男大先生 / K・Y・イマガワ
5,487,em-07a788dc89b4,シャボテン丸,11,400,600,6,revive,0.2627,0.4792,188,12,8,いいえ,vにゅーさん / ノローニャ・パイセン / 田島の春 / ブハラ師匠 / シャボテン丸
5,488,em-299066b18ca7,バイカル子,14,2999,499,5,attribute_guard,0.2627,0.4514,195,5,8,いいえ,ウサウサ八幡 / 北間・クラリス嬢 / トランシルヴァニア家族 / 諏訪子成長期 / バイカル子
5,489,em-7a89b660417d,くーちゃん,5,400,500,4,attack_buff,0.2625,0.4375,200,0,8,いいえ,うさ☆八幡さま / vにゅーさん / トランシルヴァニア家族 / ブハラ師匠 / くーちゃん
5,490,em-eaad577a957c,関さん,5,390,390,4,guard,0.2625,0.4306,199,1,8,いいえ,ウサウサ八幡 / 北間・クラリス嬢 / トランシルヴァニア家族 / 跛荒の鉄男大先生 / 関さん
5,491,em-081cdc2b5b45,スノーボーイ,4,1000,100,6,attack_buff,0.2623,0.4444,195,5,8,いいえ,ウサウサ八幡 / vにゅーさん / トランシルヴァニア家族 / 愛のぴよ子 / スノーボーイ
5,492,em-7a5536e43124,因幡WAHHH!!,31,3578,4771,4,attack_buff,0.2617,0.4097,178,22,7,いいえ,vにゅーさん / ノローニャ・パイセン / 夜光虫ほたるん / ブハラ師匠 / 因幡WAHHH!!
5,493,em-c8baf5b3e504,斑鳩の太子くん,36,4260,2896,4,heal,0.2617,0.4097,198,2,8,いいえ,日本海女中 / vにゅーさん / トランシルヴァニア家族 / 跛荒の鉄男大先生 / 斑鳩の太子くん
5,494,em-149e96a7721b,大黒まはーかーらん,20,2576,2737,10,attack_buff,0.2613,0.4028,196,4,8,いいえ,ダリア・宮子・9 / vにゅーさん / トランシルヴァニア家族 / 諏訪子成長期 / 大黒まはーかーらん
5,495,em-33efacdd0b0b,ににぎ先輩,18,1100,1300,5,attack_buff,0.2612,0.4444,177,23,8,いいえ,vにゅーさん / ノローニャ・パイセン / 夜光虫ほたるん / 跛荒の鉄男大先生 / ににぎ先輩
5,496,em-560cbdf184d6,ユッフィーちゃん,8,606,600,5,attack_buff,0.2609,0.4653,199,1,8,いいえ,ウサウサ八幡 / vにゅーさん / トランシルヴァニア家族 / 愛のぴよ子 / ユッフィーちゃん
5,497,em-66a587f1a726,にくぁうさん,12,497,1116,4,attack_buff,0.2608,0.4861,199,1,8,いいえ,vにゅーさん / ノローニャ・パイセン / きぬたン / 花火戦隊サイガーRe / にくぁうさん
5,498,em-a41e1401ab71,こんぴらさんさん,19,1500,1500,9,delay,0.2608,0.3889,195,5,8,いいえ,ダリア・宮子・9 / vにゅーさん / トランシルヴァニア家族 / 諏訪子成長期 / こんぴらさんさん
5,499,em-ebf10919d982,ミラクル凜子,8,700,704,4,attack_buff,0.2606,0.4514,199,1,8,いいえ,ウサウサ八幡 / vにゅーさん / トランシルヴァニア家族 / 愛のぴよ子 / ミラクル凜子
5,500,em-40f4824b1c65,芋煮千十郎,9,1901,502,4,multi_hit_attack,0.2603,0.4514,200,0,8,いいえ,ウサウサ八幡 / vにゅーさん / トランシルヴァニア家族 / 愛のぴよ子 / 芋煮千十郎
5,501,em-e6110f879f18,ユーコ隊,24,3408,2044,4,revive,0.2602,0.4583,198,2,8,いいえ,有砂小町 / vにゅーさん / トランシルヴァニア家族 / 諏訪子成長期 / ユーコ隊
5,502,em-124d2df2b85e,ディオクレ君,23,2416,1449,4,skill_reduction,0.26,0.3958,199,1,8,いいえ,ダリア・宮子・9 / vにゅーさん / トランシルヴァニア家族 / 諏訪子成長期 / ディオクレ君
5,503,em-922ebe667c19,けねず先輩,12,800,800,4,damage_reduction,0.2598,0.4722,200,0,8,いいえ,ウサウサ八幡 / 北間・クラリス嬢 / トランシルヴァニア家族 / 花火戦隊サイガーRe / けねず先輩
5,504,em-40b14b1190a7,芳一先生,6,600,700,5,revive,0.2592,0.4861,193,7,8,いいえ,有砂小町 / vにゅーさん / トランシルヴァニア家族 / 跛荒の鉄男大先生 / 芳一先生
5,505,em-74e8fc67e60c,竹輪大臣,5,200,900,4,attack_buff,0.2592,0.4444,200,0,8,いいえ,うさ☆八幡さま / vにゅーさん / トランシルヴァニア家族 / ブハラ師匠 / 竹輪大臣
5,506,em-da8dd7644e31,法隆ジェット,7,600,400,6,guard,0.2587,0.4236,195,5,8,いいえ,ウサウサ八幡 / 北間・クラリス嬢 / トランシルヴァニア家族 / 花火戦隊サイガーRe / 法隆ジェット
5,507,em-da4562cd6142,プレーン下仁田,10,500,500,4,guard,0.2586,0.4583,198,2,8,いいえ,ウサウサ八幡 / 北間・クラリス嬢 / トランシルヴァニア家族 / 花火戦隊サイガーRe / プレーン下仁田
5,508,em-b791d78202d5,英国面の本気,38,6816,1363,5,multi_hit_attack,0.2586,0.4236,199,1,8,いいえ,ダリア・宮子・9 / vにゅーさん / トランシルヴァニア家族 / みどりのたけしマン / 英国面の本気
5,509,em-fa2d14d3eb33,大天姿☆ぴよ子,46,7572,756,5,skill_reduction,0.2586,0.3542,199,1,8,いいえ,vにゅーさん / ノローニャ・パイセン / 夜光虫ほたるん / ラパヌイ先生 / 大天姿☆ぴよ子
5,510,em-9f7e593bdb96,鮒麿,7,520,460,5,heal,0.2585,0.4444,184,16,8,いいえ,vにゅーさん / ノローニャ・パイセン / 田島の春 / ブハラ師匠 / 鮒麿
5,511,em-1555cadff0cf,おぅぼっと,6,800,300,4,damage_reduction,0.2585,0.4236,200,0,8,いいえ,ウサウサ八幡 / 北間・クラリス嬢 / トランシルヴァニア家族 / 跛荒の鉄男大先生 / おぅぼっと
5,512,em-4eb01150430f,ミス・エズさん,9,1100,300,4,attribute_guard,0.2582,0.4375,197,3,8,いいえ,ウサウサ八幡 / 北間・クラリス嬢 / トランシルヴァニア家族 / 花火戦隊サイガーRe / ミス・エズさん
5,513,em-e501cdcbd254,サタデーナイト郡上２,9,600,700,6,aoe_attack,0.2581,0.4236,200,0,8,いいえ,ウサウサ八幡 / vにゅーさん / トランシルヴァニア家族 / 愛のぴよ子 / サタデーナイト郡上２
5,514,em-de301e40803c,どうしんフェス様,88,6816,4515,5,heal,0.2579,0.3819,200,0,7,いいえ,ダリア・宮子・9 / カルボ姉（ねえ） / トランシルヴァニア家族 / 愛のぴよ子 / どうしんフェス様
5,515,em-41ff91d7d090,有馬スター,9,1159,1244,4,heal,0.2578,0.4306,192,8,8,いいえ,ダリア・宮子・9 / 藤のフヒッティ / サルパちゃん / 諏訪子成長期 / 有馬スター
5,516,em-f7612fbdd637,大森さん,3,1000,100,5,damage_reduction,0.2577,0.4167,197,3,8,いいえ,ウサウサ八幡 / 北間・クラリス嬢 / トランシルヴァニア家族 / 跛荒の鉄男大先生 / 大森さん
5,517,em-a68c8ce48bea,こんにゃく姫,37,5964,2726,7,attack_buff,0.2577,0.3958,200,0,8,いいえ,うさ☆八幡さま / vにゅーさん / トランシルヴァニア家族 / 愛のぴよ子 / こんにゃく姫
5,518,em-a33630899eb2,河口本栖子,18,1200,1500,6,delay,0.2577,0.3889,194,6,8,いいえ,ダリア・宮子・9 / vにゅーさん / トランシルヴァニア家族 / 諏訪子成長期 / 河口本栖子
5,519,em-37ab32b36f96,ハントンさん,5,450,650,7,multi_hit_attack,0.2576,0.4375,200,0,8,いいえ,うさ☆八幡さま / vにゅーさん / トランシルヴァニア家族 / ブハラ師匠 / ハントンさん
5,520,em-950b687b1f04,タオるん先輩,9,700,900,4,attribute_guard,0.2575,0.4583,197,3,8,いいえ,ウサウサ八幡 / 北間・クラリス嬢 / トランシルヴァニア家族 / 花火戦隊サイガーRe / タオるん先輩
5,521,em-6437dd94e076,河口西子,15,900,1300,6,delay,0.2575,0.4028,184,16,8,いいえ,有砂小町 / ノローニャ・パイセン / きぬたン / 諏訪子成長期 / 河口西子
5,522,em-698af6462642,反魂タン昼食TIME,32,3067,5623,4,attack_buff,0.2575,0.3958,179,21,8,いいえ,vにゅーさん / ノローニャ・パイセン / 夜光虫ほたるん / ブハラ師匠 / 反魂タン昼食TIME
5,523,em-e36d35de9441,青谷やよい,42,3578,3374,4,damage_reduction,0.2574,0.4306,198,2,8,いいえ,ダリア・宮子・9 / vにゅーさん / トランシルヴァニア家族 / クェーサルと仲間たち / 青谷やよい
5,524,em-f354ab7f7554,漆黒のいびるん,12,800,1000,5,guard,0.2573,0.4444,200,0,8,いいえ,ウサウサ八幡 / 北間・クラリス嬢 / トランシルヴァニア家族 / 花火戦隊サイガーRe / 漆黒のいびるん
5,525,em-434faacf4307,Woo怪くん,6,500,600,7,multi_hit_attack,0.2565,0.4167,197,3,8,いいえ,ウサウサ八幡 / vにゅーさん / トランシルヴァニア家族 / 愛のぴよ子 / Woo怪くん
5,526,em-16634f0d7475,どーよさん,12,400,1200,5,attack_buff,0.2564,0.4861,199,1,8,いいえ,vにゅーさん / ノローニャ・パイセン / きぬたン / 花火戦隊サイガーRe / どーよさん
5,527,em-0c931777e175,関くん,4,305,307,4,guard,0.2564,0.4236,198,2,8,いいえ,ウサウサ八幡 / 北間・クラリス嬢 / トランシルヴァニア家族 / 跛荒の鉄男大先生 / 関くん
5,528,em-d5d58dc5e468,子供神・わらしちゃん,7,565,1131,4,delay,0.2563,0.4167,198,2,8,いいえ,ウサウサ八幡 / vにゅーさん / トランシルヴァニア家族 / 愛のぴよ子 / 子供神・わらしちゃん
5,529,em-0f6666d2132f,サイガーレッド,7,170,830,5,multi_hit_attack,0.2561,0.4097,198,2,8,いいえ,ウサウサ八幡 / vにゅーさん / トランシルヴァニア家族 / 愛のぴよ子 / サイガーレッド
5,530,em-5d524aa44032,元祖・銘菓ぴよ子,8,605,625,4,multi_hit_attack,0.256,0.4097,167,33,8,いいえ,vにゅーさん / ノローニャ・パイセン / 夜光虫ほたるん / 跛荒の鉄男大先生 / 元祖・銘菓ぴよ子
5,531,em-e7b02783dd94,梵天ちゃん,8,500,700,8,aoe_attack,0.2559,0.4167,199,1,8,いいえ,ウサウサ八幡 / vにゅーさん / トランシルヴァニア家族 / 愛のぴよ子 / 梵天ちゃん
5,532,em-82e855b7910f,栗林掬太郎,33,5453,2385,4,heal,0.2558,0.3819,196,4,8,いいえ,うさ☆八幡さま / vにゅーさん / トランシルヴァニア家族 / 愛のぴよ子 / 栗林掬太郎
5,533,em-cfa8f59c143b,いぬやマン再び,9,500,500,7,attack_buff,0.2557,0.4375,200,0,8,いいえ,ウサウサ八幡 / vにゅーさん / トランシルヴァニア家族 / 愛のぴよ子 / いぬやマン再び
5,534,em-6f9254f46753,うわマジカ,4,450,650,4,attribute_guard,0.2554,0.4375,198,2,8,いいえ,ウサウサ八幡 / 北間・クラリス嬢 / トランシルヴァニア家族 / 跛荒の鉄男大先生 / うわマジカ
5,535,em-198e928f6d0b,なるとマン,9,800,700,4,attack_buff,0.2553,0.4583,200,0,8,いいえ,ウサウサ八幡 / vにゅーさん / トランシルヴァニア家族 / 愛のぴよ子 / なるとマン
5,536,em-b9ee6ac8db32,爆走！えるたそ,13,2114,1661,4,attack_buff,0.2552,0.4097,200,0,8,いいえ,vにゅーさん / 北間・クラリス嬢 / 哀哭のオオウミガラス / 跛荒の鉄男大先生 / 爆走！えるたそ
5,537,em-4d6fe3f2c9ae,くーさん,3,300,400,4,attack_buff,0.255,0.4306,198,2,8,いいえ,うさ☆八幡さま / vにゅーさん / トランシルヴァニア家族 / ブハラ師匠 / くーさん
5,538,em-75bbcd3130fb,みかんさん,6,700,500,7,aoe_attack,0.2549,0.4722,197,3,8,いいえ,ウサウサ八幡 / vにゅーさん / トランシルヴァニア家族 / 愛のぴよ子 / みかんさん
5,539,em-ba09169b5b3d,あまのちゃん,12,300,200,4,multi_hit_attack,0.2547,0.4792,199,1,8,いいえ,vにゅーさん / ノローニャ・パイセン / きぬたン / 花火戦隊サイガーRe / あまのちゃん
5,540,em-a3fc429e3d74,にくぁうさま,15,606,1876,4,attack_buff,0.2547,0.4583,174,26,8,いいえ,vにゅーさん / ノローニャ・パイセン / 夜光虫ほたるん / 跛荒の鉄男大先生 / にくぁうさま
5,541,em-04cdb17f3b71,ひろし多め,9,690,714,6,attack_buff,0.2547,0.4514,200,0,8,いいえ,ウサウサ八幡 / vにゅーさん / トランシルヴァニア家族 / 愛のぴよ子 / ひろし多め
5,542,em-231cdc0f0757,忠犬八太郎,14,3775,755,6,delay,0.2546,0.4028,183,17,8,いいえ,有砂小町 / ノローニャ・パイセン / きぬたン / 諏訪子成長期 / 忠犬八太郎
5,543,em-2e5137a70580,やまとーる君,6,600,300,7,damage_reduction,0.2545,0.4375,200,0,8,いいえ,ウサウサ八幡 / 北間・クラリス嬢 / トランシルヴァニア家族 / 跛荒の鉄男大先生 / やまとーる君
5,544,em-02dd665173e3,超回復！反魂タン,6,600,700,4,revive,0.2544,0.4722,183,17,8,いいえ,vにゅーさん / ノローニャ・パイセン / 田島の春 / ブハラ師匠 / 超回復！反魂タン
5,545,em-ad8d69dc1ea4,強いできっしん,8,263,942,5,attack_buff,0.2542,0.4444,167,33,8,いいえ,vにゅーさん / ノローニャ・パイセン / 夜光虫ほたるん / 跛荒の鉄男大先生 / 強いできっしん
5,546,em-d19d4f1b57e1,ロボうおぬまンダー,9,600,800,6,aoe_attack,0.2537,0.4097,200,0,8,いいえ,ウサウサ八幡 / vにゅーさん / トランシルヴァニア家族 / 愛のぴよ子 / ロボうおぬまンダー
5,547,em-e2ba004694cc,ＪＡＸＡイル,8,394,794,6,multi_hit_attack,0.2535,0.3958,167,33,8,いいえ,vにゅーさん / ノローニャ・パイセン / 夜光虫ほたるん / 跛荒の鉄男大先生 / ＪＡＸＡイル
5,548,em-0a74c35caba2,畳リーゼント総長,10,512,912,4,attack_buff,0.2532,0.4306,169,31,8,いいえ,vにゅーさん / ノローニャ・パイセン / 夜光虫ほたるん / 跛荒の鉄男大先生 / 畳リーゼント総長
5,549,em-bc6da5addf52,桜ブーナッド,46,5547,4013,5,heal,0.2532,0.4167,196,4,8,いいえ,日本海女中 / vにゅーさん / トランシルヴァニア家族 / ブハラ師匠 / 桜ブーナッド
5,550,em-251adb8af3dc,にくぁう餃子権現,30,1365,3638,4,attack_buff,0.2532,0.4097,199,1,8,いいえ,ダリア・宮子・9 / 脱力コンビあろま＆るる / 田島の春 / 花火戦隊サイガーRe / にくぁう餃子権現
5,551,em-c5623c38fcb8,反魂タン,5,500,600,4,revive,0.253,0.4722,182,18,8,いいえ,vにゅーさん / ノローニャ・パイセン / 田島の春 / ブハラ師匠 / 反魂タン
5,552,em-f7e845fc0a39,鎌倉式ＤＢ２,8,811,412,7,guard,0.253,0.4444,196,4,8,いいえ,ウサウサ八幡 / 北間・クラリス嬢 / トランシルヴァニア家族 / 花火戦隊サイガーRe / 鎌倉式ＤＢ２
5,553,em-3e54a6be4029,おかいこ先輩,15,1206,1276,5,attribute_change,0.253,0.4306,184,16,8,いいえ,有砂小町 / ノローニャ・パイセン / きぬたン / 諏訪子成長期 / おかいこ先輩
5,554,em-fc400150cadd,サンタぴよ子,10,1173,1173,4,skill_reduction,0.253,0.4097,199,1,8,いいえ,ダリア・宮子・9 / vにゅーさん / トランシルヴァニア家族 / 跛荒の鉄男大先生 / サンタぴよ子
5,555,em-2d8e102d95f3,えぇじゃないか,8,640,580,7,aoe_attack,0.2529,0.4167,199,1,8,いいえ,ウサウサ八幡 / vにゅーさん / トランシルヴァニア家族 / 愛のぴよ子 / えぇじゃないか
5,556,em-a14b58fbc4fa,うるっしー,8,1000,400,5,guard,0.2526,0.4236,196,4,8,いいえ,ウサウサ八幡 / 北間・クラリス嬢 / トランシルヴァニア家族 / 花火戦隊サイガーRe / うるっしー
5,557,em-48b5d909c409,南紀な白良さん,15,800,800,4,attack_buff,0.2524,0.4236,184,16,8,いいえ,有砂小町 / ノローニャ・パイセン / きぬたン / 諏訪子成長期 / 南紀な白良さん
5,558,em-86b8f3a86278,レボリューション凜子,10,800,800,4,attack_buff,0.2524,0.4236,199,1,8,いいえ,ダリア・宮子・9 / vにゅーさん / トランシルヴァニア家族 / 跛荒の鉄男大先生 / レボリューション凜子
5,559,em-9bd1ce6f159b,ハントン先輩,6,650,700,6,multi_hit_attack,0.252,0.4167,197,3,8,いいえ,ウサウサ八幡 / vにゅーさん / トランシルヴァニア家族 / 愛のぴよ子 / ハントン先輩
5,560,em-25185336f7f4,しょーかくん,5,400,500,7,multi_hit_attack,0.2515,0.4583,200,0,8,いいえ,うさ☆八幡さま / vにゅーさん / トランシルヴァニア家族 / ブハラ師匠 / しょーかくん
5,561,em-4442b5ee096e,朱雀むりょく,5,165,165,6,revive,0.2514,0.5069,196,4,8,いいえ,ウサウサ八幡 / vにゅーさん / トランシルヴァニア家族 / 愛のぴよ子 / 朱雀むりょく
5,562,em-6c5c24ebebea,こんぴらさん,15,1100,1100,8,delay,0.2511,0.4028,184,16,8,いいえ,有砂小町 / ノローニャ・パイセン / きぬたン / 諏訪子成長期 / こんぴらさん
5,563,em-53cfa10130db,みさきちゃん,10,800,1000,5,multi_hit_attack,0.2509,0.4097,188,12,8,いいえ,橘の元祖☆みっちー / vにゅーさん / トランシルヴァニア家族 / 愛のぴよ子 / みさきちゃん
5,564,em-03fc13420b08,鳴子お嬢様,8,600,600,6,aoe_attack,0.2507,0.4583,199,1,8,いいえ,ウサウサ八幡 / vにゅーさん / トランシルヴァニア家族 / 愛のぴよ子 / 鳴子お嬢様
5,565,em-32f3aa536bcf,境地！絶海のあん子,7,502,488,4,heal,0.2507,0.4514,184,16,8,いいえ,vにゅーさん / ノローニャ・パイセン / 田島の春 / ブハラ師匠 / 境地！絶海のあん子
5,566,em-dd5697e42ab7,まお先輩,9,600,850,5,skill_reduction,0.2504,0.4236,198,2,8,いいえ,ダリア・宮子・9 / vにゅーさん / トランシルヴァニア家族 / 跛荒の鉄男大先生 / まお先輩
5,567,em-2625991e40c1,恐れない幽子,11,470,510,6,revive,0.2499,0.4722,188,12,8,いいえ,vにゅーさん / ノローニャ・パイセン / 田島の春 / ブハラ師匠 / 恐れない幽子
5,568,em-ddba9f91bab7,注入！とちぎソウル,6,280,700,5,attack_buff,0.2497,0.4375,197,3,8,いいえ,ウサウサ八幡 / vにゅーさん / トランシルヴァニア家族 / 愛のぴよ子 / 注入！とちぎソウル
5,569,em-1a5f7bc3661b,萌やし男子,7,300,700,4,attack_buff,0.2497,0.4306,198,2,8,いいえ,ウサウサ八幡 / vにゅーさん / トランシルヴァニア家族 / 愛のぴよ子 / 萌やし男子
5,570,em-a5abadbcbc7d,ちょーカーちゃん,10,700,900,5,delay,0.2495,0.4167,199,1,8,いいえ,ダリア・宮子・9 / vにゅーさん / トランシルヴァニア家族 / 跛荒の鉄男大先生 / ちょーカーちゃん
5,571,em-34853ed0f0f8,ユーコちゃん,24,2556,1533,4,revive,0.2488,0.4583,198,2,8,いいえ,有砂小町 / vにゅーさん / トランシルヴァニア家族 / 諏訪子成長期 / ユーコちゃん
5,572,em-5a3daf6cbf77,白良さん,8,600,605,4,attack_buff,0.2488,0.4514,199,1,8,いいえ,ウサウサ八幡 / vにゅーさん / トランシルヴァニア家族 / 愛のぴよ子 / 白良さん
5,573,em-ea2d3d13fc78,いなば☆うあー,18,1300,1700,4,skill_reduction,0.2485,0.3889,177,23,8,いいえ,vにゅーさん / えかちぇたん / 田島の春 / ブハラ師匠 / いなば☆うあー
5,574,em-4e24a668056b,やよいチゥりっぷ,6,900,100,4,attribute_change,0.2482,0.4444,197,3,8,いいえ,ウサウサ八幡 / vにゅーさん / トランシルヴァニア家族 / 愛のぴよ子 / やよいチゥりっぷ
5,575,em-3ff69ed35fe7,wiーん・ザ・ウルフ,19,2898,2898,4,attribute_change,0.2482,0.4097,197,3,8,いいえ,橘の元祖☆みっちー / vにゅーさん / トランシルヴァニア家族 / 愛のぴよ子 / wiーん・ザ・ウルフ
5,576,em-3d2c7dfded66,サタデーナイト郡上,6,500,600,7,aoe_attack,0.2481,0.4167,197,3,8,いいえ,ウサウサ八幡 / vにゅーさん / トランシルヴァニア家族 / 愛のぴよ子 / サタデーナイト郡上
5,577,em-608e027bd3d8,建国の騎士団,12,800,700,8,attribute_guard,0.2476,0.4444,200,0,8,いいえ,ウサウサ八幡 / 北間・クラリス嬢 / トランシルヴァニア家族 / 花火戦隊サイガーRe / 建国の騎士団
5,578,em-4694b1a256f8,悪魔！いびるん,9,600,700,5,guard,0.2476,0.4375,197,3,8,いいえ,ウサウサ八幡 / 北間・クラリス嬢 / トランシルヴァニア家族 / 花火戦隊サイガーRe / 悪魔！いびるん
5,579,em-674bf61c8b00,海賊衆かっさーのん,6,600,700,4,attack_buff,0.2475,0.4236,197,3,8,いいえ,ウサウサ八幡 / vにゅーさん / トランシルヴァニア家族 / 愛のぴよ子 / 海賊衆かっさーのん
5,580,em-d8349efcae1b,鰹でよくね?,5,700,700,7,skill_reduction,0.2475,0.4167,196,4,8,いいえ,ウサウサ八幡 / vにゅーさん / トランシルヴァニア家族 / 愛のぴよ子 / 鰹でよくね?
5,581,em-1d206f58d0b7,マッキ,6,600,300,4,damage_reduction,0.2473,0.4306,200,0,8,いいえ,ウサウサ八幡 / 北間・クラリス嬢 / トランシルヴァニア家族 / 跛荒の鉄男大先生 / マッキ
5,582,em-ec6b6491e6a3,ベッピー先生,15,808,792,5,attack_buff,0.2472,0.4236,193,7,8,いいえ,橘の元祖☆みっちー / vにゅーさん / トランシルヴァニア家族 / 愛のぴよ子 / ベッピー先生
5,583,em-bb2b760b2dfe,いぬやマン,6,400,400,7,attack_buff,0.2469,0.4306,197,3,8,いいえ,ウサウサ八幡 / vにゅーさん / トランシルヴァニア家族 / 愛のぴよ子 / いぬやマン
5,584,em-58b6cf5f2d45,忍者！フゥーま,6,500,500,5,guard,0.2467,0.4236,200,0,8,いいえ,ウサウサ八幡 / 北間・クラリス嬢 / トランシルヴァニア家族 / 跛荒の鉄男大先生 / 忍者！フゥーま
5,585,em-30a1d9f3d52f,けねずさん,9,702,702,5,damage_reduction,0.2465,0.4583,197,3,8,いいえ,ウサウサ八幡 / 北間・クラリス嬢 / トランシルヴァニア家族 / 花火戦隊サイガーRe / けねずさん
5,586,em-19a1ef813069,絶品！さくらん兄妹,10,780,820,5,skill_reduction,0.2464,0.4167,199,1,8,いいえ,ダリア・宮子・9 / vにゅーさん / トランシルヴァニア家族 / 跛荒の鉄男大先生 / 絶品！さくらん兄妹
5,587,em-a66f91385c36,伝説のキャミー,10,700,1100,4,heal,0.2463,0.4375,187,13,8,いいえ,vにゅーさん / ノローニャ・パイセン / 田島の春 / ブハラ師匠 / 伝説のキャミー
5,588,em-8a847b9e3d1d,アストロ・あっしゅ,15,1900,1100,5,attribute_guard,0.2462,0.4444,196,4,8,いいえ,ウサウサ八幡 / 北間・クラリス嬢 / トランシルヴァニア家族 / 諏訪子成長期 / アストロ・あっしゅ
5,589,em-2f5dd4b0a739,大内先輩,9,800,800,4,heal,0.2462,0.4375,186,14,8,いいえ,vにゅーさん / ノローニャ・パイセン / 田島の春 / ブハラ師匠 / 大内先輩
5,590,em-b057fb6325c7,常飲！とちぎソウル,5,200,600,5,attack_buff,0.2461,0.4444,200,0,8,いいえ,うさ☆八幡さま / vにゅーさん / トランシルヴァニア家族 / ブハラ師匠 / 常飲！とちぎソウル
5,591,em-e1a6af095fc1,驀進叡智通,7,450,530,4,attack_buff,0.2458,0.4375,198,2,8,いいえ,ウサウサ八幡 / vにゅーさん / トランシルヴァニア家族 / 愛のぴよ子 / 驀進叡智通
5,592,em-377c63de8d80,極・S.K.O.Tちゃん,6,1150,300,4,heal,0.2458,0.3958,189,11,8,いいえ,ダリア・宮子・9 / 藤のフヒッティ / サルパちゃん / 諏訪子成長期 / 極・S.K.O.Tちゃん
5,593,em-bb5629a7c096,安井武勇伝,5,405,395,6,guard,0.2453,0.4306,199,1,8,いいえ,ウサウサ八幡 / 北間・クラリス嬢 / トランシルヴァニア家族 / 跛荒の鉄男大先生 / 安井武勇伝
5,594,em-671838a10625,皐月ニート,4,614,614,6,skill_reduction,0.2453,0.4167,195,5,8,いいえ,ウサウサ八幡 / vにゅーさん / トランシルヴァニア家族 / 愛のぴよ子 / 皐月ニート
5,595,em-4025a820b0a7,新・ぎょざる,5,400,400,6,aoe_attack,0.2451,0.4583,196,4,8,いいえ,ウサウサ八幡 / vにゅーさん / トランシルヴァニア家族 / 愛のぴよ子 / 新・ぎょざる
5,596,em-834effdc39a5,真・ぎょざる,8,499,491,6,aoe_attack,0.2451,0.4583,199,1,8,いいえ,ウサウサ八幡 / vにゅーさん / トランシルヴァニア家族 / 愛のぴよ子 / 真・ぎょざる
5,597,em-b4d695a20bfa,ハズク姉さん,12,700,600,7,multi_hit_attack,0.245,0.4514,199,1,8,いいえ,vにゅーさん / ノローニャ・パイセン / きぬたン / 花火戦隊サイガーRe / ハズク姉さん
5,598,em-9fed59290cda,ユッフィー先生,15,800,800,5,attack_buff,0.2445,0.4167,193,7,8,いいえ,橘の元祖☆みっちー / vにゅーさん / トランシルヴァニア家族 / 愛のぴよ子 / ユッフィー先生
5,599,em-144acde7efe5,魚臣！又土くん,4,500,650,7,skill_reduction,0.2445,0.4167,195,5,8,いいえ,ウサウサ八幡 / vにゅーさん / トランシルヴァニア家族 / 愛のぴよ子 / 魚臣！又土くん
5,600,em-618372c0cf56,しょーか先生,10,800,900,5,multi_hit_attack,0.2442,0.4097,169,31,8,いいえ,vにゅーさん / ノローニャ・パイセン / 夜光虫ほたるん / 跛荒の鉄男大先生 / しょーか先生
5,601,em-20d0672eefa5,実際かにろう,8,1269,987,4,delay,0.2442,0.4028,199,1,8,いいえ,ウサウサ八幡 / vにゅーさん / トランシルヴァニア家族 / 愛のぴよ子 / 実際かにろう
5,602,em-6f8dfc0a39eb,近すぎリオンさん,16,1000,1500,4,delay,0.2441,0.3889,185,15,8,いいえ,有砂小町 / ノローニャ・パイセン / きぬたン / 諏訪子成長期 / 近すぎリオンさん
5,603,em-1a835be38386,朱雀ニート,5,320,320,6,revive,0.2436,0.4861,196,4,8,いいえ,ウサウサ八幡 / vにゅーさん / トランシルヴァニア家族 / 愛のぴよ子 / 朱雀ニート
5,604,em-455f884e0481,迷菓ぴよ子先生,7,662,700,5,attack_buff,0.2436,0.4375,198,2,8,いいえ,ウサウサ八幡 / vにゅーさん / トランシルヴァニア家族 / 愛のぴよ子 / 迷菓ぴよ子先生
5,605,em-0f9cbc48c65a,船党かっさーのん,5,400,500,5,attack_buff,0.2433,0.4444,200,0,8,いいえ,うさ☆八幡さま / vにゅーさん / トランシルヴァニア家族 / ブハラ師匠 / 船党かっさーのん
5,606,em-ee410ddd5211,鹿苑師匠,6,500,480,5,revive,0.2432,0.4653,183,17,8,いいえ,vにゅーさん / ノローニャ・パイセン / 田島の春 / ブハラ師匠 / 鹿苑師匠
5,607,em-71820072d6c5,松浦凜子,6,603,603,4,attack_buff,0.243,0.4375,197,3,8,いいえ,ウサウサ八幡 / vにゅーさん / トランシルヴァニア家族 / 愛のぴよ子 / 松浦凜子
5,608,em-c8e560adbea9,草カロ次郎,6,480,500,5,heal,0.2429,0.4236,183,17,8,いいえ,vにゅーさん / ノローニャ・パイセン / 田島の春 / ブハラ師匠 / 草カロ次郎
5,609,em-32b98839a4c2,派遣社員だ浅子さん,6,380,600,5,attack_buff,0.2428,0.4167,165,35,8,いいえ,vにゅーさん / ノローニャ・パイセン / 夜光虫ほたるん / 跛荒の鉄男大先生 / 派遣社員だ浅子さん
5,610,em-6e2c76ad098c,まおちゃん,6,500,750,6,skill_reduction,0.2427,0.4167,197,3,8,いいえ,ウサウサ八幡 / vにゅーさん / トランシルヴァニア家族 / 愛のぴよ子 / まおちゃん
5,611,em-6197bad49878,水島神人,6,700,300,5,guard,0.2423,0.4097,200,0,8,いいえ,ウサウサ八幡 / 北間・クラリス嬢 / トランシルヴァニア家族 / 跛荒の鉄男大先生 / 水島神人
5,612,em-461e884c1b94,ひろし多美子,8,590,615,6,attack_buff,0.2422,0.4514,199,1,8,いいえ,ウサウサ八幡 / vにゅーさん / トランシルヴァニア家族 / 愛のぴよ子 / ひろし多美子
5,613,em-518934908b79,こんにゃくさん,5,400,400,8,guard,0.2422,0.4167,199,1,8,いいえ,ウサウサ八幡 / 北間・クラリス嬢 / トランシルヴァニア家族 / 跛荒の鉄男大先生 / こんにゃくさん
5,614,em-2b3991ed5705,伝統の牛タソ,10,600,100,4,guard,0.2422,0.4097,198,2,8,いいえ,ウサウサ八幡 / 北間・クラリス嬢 / トランシルヴァニア家族 / 花火戦隊サイガーRe / 伝統の牛タソ
5,615,em-9791eaaeef3c,メーピスさん,8,600,700,6,multi_hit_attack,0.2421,0.3958,167,33,8,いいえ,vにゅーさん / ノローニャ・パイセン / 夜光虫ほたるん / 跛荒の鉄男大先生 / メーピスさん
5,616,em-99d6f9e928d6,京子中学２４年生,8,620,612,4,damage_reduction,0.2419,0.4514,197,3,8,いいえ,ダリア・宮子・9 / vにゅーさん / トランシルヴァニア家族 / 跛荒の鉄男大先生 / 京子中学２４年生
5,617,em-d603cde2467a,ほたるーニャん,5,450,650,4,attribute_change,0.2419,0.4306,196,4,8,いいえ,ウサウサ八幡 / vにゅーさん / トランシルヴァニア家族 / 愛のぴよ子 / ほたるーニャん
5,618,em-d64cb9cf5bb3,それマジカ,3,350,500,5,attribute_guard,0.2419,0.4306,197,3,8,いいえ,ウサウサ八幡 / 北間・クラリス嬢 / トランシルヴァニア家族 / 跛荒の鉄男大先生 / それマジカ
5,619,em-6ffc5801eae4,ぎょざる,4,293,312,6,aoe_attack,0.2416,0.4583,195,5,8,いいえ,ウサウサ八幡 / vにゅーさん / トランシルヴァニア家族 / 愛のぴよ子 / ぎょざる
5,620,em-4299af9bd2dc,皐月むりょく,4,614,614,6,skill_reduction,0.2415,0.4167,195,5,8,いいえ,ウサウサ八幡 / vにゅーさん / トランシルヴァニア家族 / 愛のぴよ子 / 皐月むりょく
5,621,em-ccd4db81276f,夜間学校な浅子さん,5,200,500,5,attack_buff,0.2413,0.4306,200,0,8,いいえ,うさ☆八幡さま / vにゅーさん / トランシルヴァニア家族 / ブハラ師匠 / 夜間学校な浅子さん
5,622,em-bbff6b354f45,くうかいさん,12,700,1100,4,skill_reduction,0.2412,0.3889,181,19,8,いいえ,有砂小町 / ノローニャ・パイセン / きぬたン / 諏訪子成長期 / くうかいさん
5,623,em-1fd25fee47a1,いなば・うあー,15,1000,1400,5,skill_reduction,0.2412,0.3889,184,16,8,いいえ,有砂小町 / ノローニャ・パイセン / きぬたン / 諏訪子成長期 / いなば・うあー
5,624,em-5793db0a4078,リンゴール伯爵,5,700,600,4,delay,0.2411,0.4167,196,4,8,いいえ,ウサウサ八幡 / vにゅーさん / トランシルヴァニア家族 / 愛のぴよ子 / リンゴール伯爵
5,625,em-33289e43e28b,ほたるーニャん☆ミ,7,650,700,4,attribute_change,0.2409,0.4306,198,2,8,いいえ,ウサウサ八幡 / vにゅーさん / トランシルヴァニア家族 / 愛のぴよ子 / ほたるーニャん☆ミ
5,626,em-b4ff04580be9,安井のトンちゃん,4,305,297,6,guard,0.2409,0.4236,193,7,8,いいえ,ダリア・宮子・9 / vにゅーさん / トランシルヴァニア家族 / 跛荒の鉄男大先生 / 安井のトンちゃん
5,627,em-2f1780cfd053,どーよ様,15,500,1900,5,attack_buff,0.2402,0.4375,199,1,8,いいえ,ウサウサ八幡 / 脱力コンビあろま＆るる / トリニダの怪人 / 花火戦隊サイガーRe / どーよ様
5,628,em-08f945aef274,朦朧ボディマン,6,200,500,11,multi_hit_attack,0.2402,0.4167,197,3,8,いいえ,ウサウサ八幡 / vにゅーさん / トランシルヴァニア家族 / 愛のぴよ子 / 朦朧ボディマン
5,629,em-a84e9301da18,パワフル☆ばん馬ばん,5,600,350,4,attack_buff,0.2396,0.4375,200,0,8,いいえ,うさ☆八幡さま / vにゅーさん / トランシルヴァニア家族 / ブハラ師匠 / パワフル☆ばん馬ばん
5,630,em-38a5d43fe466,畳リーゼント先輩,8,393,812,4,attack_buff,0.2396,0.4306,167,33,8,いいえ,vにゅーさん / ノローニャ・パイセン / 夜光虫ほたるん / 跛荒の鉄男大先生 / 畳リーゼント先輩
5,631,em-e4f94dd73b29,あっしゅTHEﾗｯﾊﾟｰ,12,1500,700,5,attribute_guard,0.2385,0.4444,200,0,8,いいえ,ウサウサ八幡 / 北間・クラリス嬢 / トランシルヴァニア家族 / 花火戦隊サイガーRe / あっしゅTHEﾗｯﾊﾟｰ
5,632,em-ef6acbb9fe3a,ﾌｫﾆｰ・ぴよ・ｶﾞｰﾙｽﾞY,25,3703,1771,4,attribute_change,0.2384,0.4306,184,16,8,いいえ,vにゅーさん / ノローニャ・パイセン / 夜光虫ほたるん / 跛荒の鉄男大先生 / ﾌｫﾆｰ・ぴよ・ｶﾞｰﾙｽﾞY
5,633,em-82f2d0dfc734,マジでたっくん,6,295,885,5,attack_buff,0.2383,0.4236,197,3,8,いいえ,ウサウサ八幡 / vにゅーさん / トランシルヴァニア家族 / 愛のぴよ子 / マジでたっくん
5,634,em-124dc5391da9,オクト・パップ,6,888,200,6,heal,0.2383,0.4097,197,3,8,いいえ,ウサウサ八幡 / vにゅーさん / トランシルヴァニア家族 / 愛のぴよ子 / オクト・パップ
5,635,em-e37685227f53,さくちゃん,9,680,724,5,skill_reduction,0.2381,0.4167,200,0,8,いいえ,ウサウサ八幡 / vにゅーさん / トランシルヴァニア家族 / 愛のぴよ子 / さくちゃん
5,636,em-220d63bfc07c,ハントンくん,3,350,500,8,multi_hit_attack,0.238,0.4167,198,2,8,いいえ,うさ☆八幡さま / vにゅーさん / トランシルヴァニア家族 / ブハラ師匠 / ハントンくん
5,637,em-1a814a6b20cf,未来のモア蔵,5,920,160,4,guard,0.238,0.4097,199,1,8,いいえ,ウサウサ八幡 / 北間・クラリス嬢 / トランシルヴァニア家族 / 跛荒の鉄男大先生 / 未来のモア蔵
5,638,em-7e0f073f3656,年中無休な落花妖精,41,5538,3834,8,damage_reduction,0.2379,0.3819,200,0,8,いいえ,ダリア・宮子・9 / vにゅーさん / サルパちゃん / 諏訪子成長期 / 年中無休な落花妖精
5,639,em-547d0e27e1f1,魚堅くん,3,400,500,7,skill_reduction,0.2378,0.4167,194,6,8,いいえ,ウサウサ八幡 / vにゅーさん / トランシルヴァニア家族 / 愛のぴよ子 / 魚堅くん
5,640,em-e535034b31b0,吉野スライマー,5,495,305,5,guard,0.2377,0.4097,199,1,8,いいえ,ウサウサ八幡 / 北間・クラリス嬢 / トランシルヴァニア家族 / 跛荒の鉄男大先生 / 吉野スライマー
5,641,em-983228ce32d4,あっしゅTHEｷｬｯﾄ,8,1300,500,5,attribute_guard,0.2373,0.4444,196,4,8,いいえ,ウサウサ八幡 / 北間・クラリス嬢 / トランシルヴァニア家族 / 花火戦隊サイガーRe / あっしゅTHEｷｬｯﾄ
5,642,em-cbfa7306b010,めい子姉さん,7,479,511,5,attribute_guard,0.2372,0.4444,195,5,8,いいえ,ウサウサ八幡 / 北間・クラリス嬢 / トランシルヴァニア家族 / 花火戦隊サイガーRe / めい子姉さん
5,643,em-564e1dfe9c75,コニーちゃん,3,300,300,4,damage_reduction,0.2372,0.4375,197,3,8,いいえ,ウサウサ八幡 / 北間・クラリス嬢 / トランシルヴァニア家族 / 跛荒の鉄男大先生 / コニーちゃん
5,644,em-54f582db41b4,みかん姉さん,10,1000,500,6,aoe_attack,0.2369,0.4444,169,31,8,いいえ,vにゅーさん / ノローニャ・パイセン / 夜光虫ほたるん / 跛荒の鉄男大先生 / みかん姉さん
5,645,em-b06129e327ac,ケンＺＯ３号,6,300,680,5,attack_buff,0.2369,0.4097,197,3,8,いいえ,ウサウサ八幡 / vにゅーさん / トランシルヴァニア家族 / 愛のぴよ子 / ケンＺＯ３号
5,646,em-bb16895fa31d,ハルキさんとゲニアさん,26,3074,813,6,delay,0.2369,0.3611,192,8,8,いいえ,有砂小町 / 脱力コンビあろま＆るる / きぬたン / 家族贖罪という字面 / ハルキさんとゲニアさん
5,647,em-d0ce0f8b817c,あまのさんちゃん,17,600,300,4,multi_hit_attack,0.2368,0.4306,200,0,8,いいえ,ダリア・宮子・9 / 藤のフヒッティ / サルパちゃん / 諏訪子成長期 / あまのさんちゃん
5,648,em-e4050c7db405,オム・オクト・パップ,9,888,400,6,heal,0.2366,0.4097,200,0,8,いいえ,ウサウサ八幡 / vにゅーさん / トランシルヴァニア家族 / 愛のぴよ子 / オム・オクト・パップ
5,649,em-43c2f997e41c,きっしん,7,170,830,5,attack_buff,0.2363,0.4167,166,34,8,いいえ,vにゅーさん / ノローニャ・パイセン / 夜光虫ほたるん / 跛荒の鉄男大先生 / きっしん
5,650,em-4900e4471484,モア蔵,4,722,90,4,guard,0.2363,0.4097,198,2,8,いいえ,ウサウサ八幡 / 北間・クラリス嬢 / トランシルヴァニア家族 / 跛荒の鉄男大先生 / モア蔵
5,651,em-4db528322142,だいこっくん様,16,1300,1400,9,attack_buff,0.2361,0.3958,175,25,8,いいえ,vにゅーさん / えかちぇたん / 田島の春 / ブハラ師匠 / だいこっくん様
5,652,em-95d137a7328a,バス・スミスくん,6,900,200,5,attribute_guard,0.2358,0.4167,200,0,8,いいえ,ウサウサ八幡 / 北間・クラリス嬢 / トランシルヴァニア家族 / 跛荒の鉄男大先生 / バス・スミスくん
5,653,em-0a88e828f44f,あずま京子,7,500,500,4,damage_reduction,0.2357,0.4444,196,4,8,いいえ,ダリア・宮子・9 / vにゅーさん / トランシルヴァニア家族 / 跛荒の鉄男大先生 / あずま京子
5,654,em-0560ed78022d,見事にびわ子たん,5,400,400,4,damage_reduction,0.2356,0.4444,194,6,8,いいえ,ダリア・宮子・9 / vにゅーさん / トランシルヴァニア家族 / 跛荒の鉄男大先生 / 見事にびわ子たん
5,655,em-4980bf27b119,淡路な浄瑠璃さん,10,708,700,7,skill_reduction,0.2356,0.4097,199,1,8,いいえ,ダリア・宮子・9 / vにゅーさん / トランシルヴァニア家族 / 跛荒の鉄男大先生 / 淡路な浄瑠璃さん
5,656,em-09abce425d92,超悦者・有砂小町,60,5453,5453,5,attribute_change,0.2356,0.3819,198,2,5,いいえ,ダリア・宮子・9 / ノローニャ・パイセン / 夜光虫ほたるん / ブハラ師匠 / 超悦者・有砂小町
5,657,em-62efa937d743,素敵なびわ子たん,7,500,480,4,damage_reduction,0.2352,0.4444,196,4,8,いいえ,ダリア・宮子・9 / vにゅーさん / トランシルヴァニア家族 / 跛荒の鉄男大先生 / 素敵なびわ子たん
5,658,em-959e9037e6f6,だいこっくん,8,800,900,8,attack_buff,0.2352,0.4028,199,1,8,いいえ,ウサウサ八幡 / vにゅーさん / トランシルヴァニア家族 / 愛のぴよ子 / だいこっくん
5,659,em-2837181f6574,うおぬまンダー,6,500,600,7,aoe_attack,0.2352,0.3958,197,3,8,いいえ,ウサウサ八幡 / vにゅーさん / トランシルヴァニア家族 / 愛のぴよ子 / うおぬまンダー
5,660,em-1b8d4b845182,キャミーという女,8,600,800,4,heal,0.2349,0.4306,185,15,8,いいえ,vにゅーさん / ノローニャ・パイセン / 田島の春 / ブハラ師匠 / キャミーという女
5,661,em-cc9db541b1b4,メル子さん,9,600,700,4,attack_buff,0.2348,0.4514,200,0,8,いいえ,ウサウサ八幡 / vにゅーさん / トランシルヴァニア家族 / 愛のぴよ子 / メル子さん
5,662,em-1287aab83f7d,驚愕！深海のあん子,5,400,400,4,heal,0.2347,0.4306,182,18,8,いいえ,vにゅーさん / ノローニャ・パイセン / 田島の春 / ブハラ師匠 / 驚愕！深海のあん子
5,663,em-7976e2f3d65d,迷菓ぴよ子先輩,5,502,530,5,attack_buff,0.2347,0.4306,196,4,8,いいえ,ウサウサ八幡 / vにゅーさん / トランシルヴァニア家族 / 愛のぴよ子 / 迷菓ぴよ子先輩
5,664,em-b7a8623e2b49,のぶくろくん,8,500,700,8,aoe_attack,0.2339,0.3958,199,1,8,いいえ,ウサウサ八幡 / vにゅーさん / トランシルヴァニア家族 / 愛のぴよ子 / のぶくろくん
5,665,em-a2165d67f8cb,こんぴらくん,12,900,900,7,delay,0.2339,0.3889,181,19,8,いいえ,有砂小町 / ノローニャ・パイセン / きぬたン / 諏訪子成長期 / こんぴらくん
5,666,em-9164bb93f13d,ロロさん,12,700,1000,7,revive,0.2337,0.4444,189,11,8,いいえ,vにゅーさん / ノローニャ・パイセン / 田島の春 / ブハラ師匠 / ロロさん
5,667,em-5b5d08d879f7,おかいこさん,12,797,816,5,attribute_change,0.2337,0.4097,181,19,8,いいえ,有砂小町 / ノローニャ・パイセン / きぬたン / 諏訪子成長期 / おかいこさん
5,668,em-6588c893ceb4,船師かっさーのん,3,300,400,6,attack_buff,0.2336,0.4306,198,2,8,いいえ,うさ☆八幡さま / vにゅーさん / トランシルヴァニア家族 / ブハラ師匠 / 船師かっさーのん
5,669,em-f05bf139bdc3,荒野のシンプソン,10,500,500,7,revive,0.2335,0.4306,187,13,8,いいえ,vにゅーさん / ノローニャ・パイセン / 田島の春 / ブハラ師匠 / 荒野のシンプソン
5,670,em-0d41ec5f78f0,じょーカーくん,6,500,600,6,delay,0.2335,0.4167,197,3,8,いいえ,ウサウサ八幡 / vにゅーさん / トランシルヴァニア家族 / 愛のぴよ子 / じょーカーくん
5,671,em-405a608fae19,大内さん,7,702,702,5,heal,0.2333,0.4306,184,16,8,いいえ,vにゅーさん / ノローニャ・パイセン / 田島の春 / ブハラ師匠 / 大内さん
5,672,em-54897d4f731d,ケンＺＯ２号,5,200,580,5,attack_buff,0.2333,0.4097,196,4,8,いいえ,ウサウサ八幡 / vにゅーさん / トランシルヴァニア家族 / 愛のぴよ子 / ケンＺＯ２号
5,673,em-f8a40042a8dc,王家の騎士,10,650,550,8,attribute_guard,0.2328,0.4375,198,2,8,いいえ,ウサウサ八幡 / 北間・クラリス嬢 / トランシルヴァニア家族 / 花火戦隊サイガーRe / 王家の騎士
5,674,em-0063b3d17f76,玄武むりょく,4,165,165,6,damage_reduction,0.2327,0.4167,193,7,8,いいえ,ダリア・宮子・9 / vにゅーさん / トランシルヴァニア家族 / 跛荒の鉄男大先生 / 玄武むりょく
5,675,em-04bcad8262b9,現実リオンさん,12,700,1300,4,delay,0.2327,0.3819,181,19,8,いいえ,有砂小町 / ノローニャ・パイセン / きぬたン / 諏訪子成長期 / 現実リオンさん
5,676,em-354b4786550a,魔滅！鷹山先生,27,1283,1283,4,delay,0.2327,0.3681,193,7,8,いいえ,有砂小町 / 脱力コンビあろま＆るる / きぬたン / 家族贖罪という字面 / 魔滅！鷹山先生
5,677,em-ce7e2e4f30af,らん坊,8,580,626,4,skill_reduction,0.2325,0.4167,199,1,8,いいえ,ウサウサ八幡 / vにゅーさん / トランシルヴァニア家族 / 愛のぴよ子 / らん坊
5,678,em-ff9248487a17,じょーカー＆ちょーカー,14,800,1000,5,delay,0.2325,0.3819,183,17,8,いいえ,有砂小町 / ノローニャ・パイセン / きぬたン / 諏訪子成長期 / じょーカー＆ちょーカー
5,679,em-24ccb3f9affa,むりょく,5,159,144,5,guard,0.2324,0.4097,196,4,8,いいえ,ウサウサ八幡 / vにゅーさん / トランシルヴァニア家族 / 愛のぴよ子 / むりょく
5,680,em-b68e81559a03,ピカリャー,6,400,600,7,multi_hit_attack,0.2324,0.3958,197,3,8,いいえ,ウサウサ八幡 / vにゅーさん / トランシルヴァニア家族 / 愛のぴよ子 / ピカリャー
5,681,em-a48bcdd76e03,サーファー岡田,15,419,1298,4,attack_buff,0.232,0.4097,193,7,8,いいえ,橘の元祖☆みっちー / vにゅーさん / トランシルヴァニア家族 / 愛のぴよ子 / サーファー岡田
5,682,em-489695d715f8,ボボ・さるぼぼ,10,600,700,5,aoe_attack,0.2319,0.3889,169,31,8,いいえ,vにゅーさん / ノローニャ・パイセン / 夜光虫ほたるん / 跛荒の鉄男大先生 / ボボ・さるぼぼ
5,683,em-53084d488de2,川越ザ・サード,15,666,1607,4,attack_buff,0.2318,0.4097,184,16,8,いいえ,有砂小町 / ノローニャ・パイセン / きぬたン / 諏訪子成長期 / 川越ザ・サード
5,684,em-8594f11c20bf,替え玉ひろし,12,790,810,5,attack_buff,0.2317,0.4028,190,10,8,いいえ,橘の元祖☆みっちー / vにゅーさん / トランシルヴァニア家族 / 愛のぴよ子 / 替え玉ひろし
5,685,em-525fc1b65a26,吉野スライム,4,411,209,5,guard,0.2316,0.4097,198,2,8,いいえ,ウサウサ八幡 / 北間・クラリス嬢 / トランシルヴァニア家族 / 跛荒の鉄男大先生 / 吉野スライム
5,686,em-407710659ecb,玄武ニート,4,330,320,6,damage_reduction,0.2315,0.4306,198,2,8,いいえ,ウサウサ八幡 / 北間・クラリス嬢 / トランシルヴァニア家族 / 跛荒の鉄男大先生 / 玄武ニート
5,687,em-883c35b094ae,淡路でくろこップ,8,605,600,8,skill_reduction,0.2313,0.4167,199,1,8,いいえ,ウサウサ八幡 / vにゅーさん / トランシルヴァニア家族 / 愛のぴよ子 / 淡路でくろこップ
5,688,em-c61b3e98a989,荒波のはたはタン,4,400,300,5,heal,0.2311,0.4167,195,5,8,いいえ,ウサウサ八幡 / vにゅーさん / トランシルヴァニア家族 / 愛のぴよ子 / 荒波のはたはタン
5,689,em-1527baa8e6c0,ジャックじゃない！と,6,400,500,6,multi_hit_attack,0.231,0.3958,197,3,8,いいえ,ウサウサ八幡 / vにゅーさん / トランシルヴァニア家族 / 愛のぴよ子 / ジャックじゃない！と
5,690,em-c879fe74178e,唸る！叡智通,5,370,410,4,attack_buff,0.2309,0.4167,200,0,8,いいえ,うさ☆八幡さま / vにゅーさん / トランシルヴァニア家族 / ブハラ師匠 / 唸る！叡智通
5,691,em-4ccfc2b986b5,舞え！どんちっちん,8,900,600,8,aoe_attack,0.2309,0.3889,167,33,8,いいえ,vにゅーさん / ノローニャ・パイセン / 夜光虫ほたるん / 跛荒の鉄男大先生 / 舞え！どんちっちん
5,692,em-2a54c7e36890,ばん馬ばん,4,400,250,5,attack_buff,0.2302,0.4375,199,1,8,いいえ,うさ☆八幡さま / vにゅーさん / トランシルヴァニア家族 / ブハラ師匠 / ばん馬ばん
5,693,em-9599a14be3a9,歴戦の剣闘士,10,350,1058,5,attack_buff,0.2301,0.4236,169,31,8,いいえ,vにゅーさん / ノローニャ・パイセン / 夜光虫ほたるん / 跛荒の鉄男大先生 / 歴戦の剣闘士
5,694,em-0697e2f112ca,ケンＺＯ１号,4,102,510,5,attack_buff,0.23,0.4097,195,5,8,いいえ,ウサウサ八幡 / vにゅーさん / トランシルヴァニア家族 / 愛のぴよ子 / ケンＺＯ１号
5,695,em-609b9d122d32,ネオむりょく,6,168,149,6,guard,0.23,0.4097,197,3,8,いいえ,ウサウサ八幡 / vにゅーさん / トランシルヴァニア家族 / 愛のぴよ子 / ネオむりょく
5,696,em-9625a8dc4056,祟らない幽子,8,370,410,7,revive,0.2299,0.4514,199,1,8,いいえ,ウサウサ八幡 / vにゅーさん / トランシルヴァニア家族 / 愛のぴよ子 / 祟らない幽子
5,697,em-ceecd3afdba6,おかいこちゃん,8,614,613,6,attribute_change,0.2299,0.4097,197,3,8,いいえ,ダリア・宮子・9 / vにゅーさん / トランシルヴァニア家族 / 跛荒の鉄男大先生 / おかいこちゃん
5,698,em-f5eb41dbe671,たたらん先輩,9,600,400,4,attack_buff,0.2298,0.4028,200,0,8,いいえ,ウサウサ八幡 / vにゅーさん / トランシルヴァニア家族 / 愛のぴよ子 / たたらん先輩
5,699,em-a0e736cc95fd,ユッフィーさん,12,704,700,5,attack_buff,0.2296,0.4028,190,10,8,いいえ,橘の元祖☆みっちー / vにゅーさん / トランシルヴァニア家族 / 愛のぴよ子 / ユッフィーさん
5,700,em-458c94f99220,ほたるーニャ,3,350,500,5,attribute_change,0.2294,0.4167,194,6,8,いいえ,ウサウサ八幡 / vにゅーさん / トランシルヴァニア家族 / 愛のぴよ子 / ほたるーニャ
5,701,em-1d111df2ae70,ヤックです,5,300,400,7,multi_hit_attack,0.2291,0.4097,200,0,8,いいえ,うさ☆八幡さま / vにゅーさん / トランシルヴァニア家族 / ブハラ師匠 / ヤックです
5,702,em-ae6876a278ca,白水先生,9,680,724,7,aoe_attack,0.2287,0.4167,200,0,8,いいえ,ウサウサ八幡 / vにゅーさん / トランシルヴァニア家族 / 愛のぴよ子 / 白水先生
5,703,em-278299c58131,けねず君,8,603,603,5,damage_reduction,0.2285,0.4444,196,4,8,いいえ,ウサウサ八幡 / 北間・クラリス嬢 / トランシルヴァニア家族 / 花火戦隊サイガーRe / けねず君
5,704,em-422fdd383a00,芋煮百太郎,7,680,300,5,multi_hit_attack,0.2285,0.4375,198,2,8,いいえ,ウサウサ八幡 / vにゅーさん / トランシルヴァニア家族 / 愛のぴよ子 / 芋煮百太郎
5,705,em-61221298dafe,大内ちゃん,5,603,603,5,heal,0.2285,0.4236,182,18,8,いいえ,vにゅーさん / ノローニャ・パイセン / 田島の春 / ブハラ師匠 / 大内ちゃん
5,706,em-fe08214f98fe,さるぼぼん,6,400,600,6,aoe_attack,0.2285,0.3958,197,3,8,いいえ,ウサウサ八幡 / vにゅーさん / トランシルヴァニア家族 / 愛のぴよ子 / さるぼぼん
5,707,em-e7adf536ba2f,やまなしーヌさま,9,500,600,5,skill_reduction,0.2284,0.4167,200,0,8,いいえ,ウサウサ八幡 / vにゅーさん / トランシルヴァニア家族 / 愛のぴよ子 / やまなしーヌさま
5,708,em-2f505dd0418a,とちぎソウル,4,150,400,5,attack_buff,0.2282,0.4375,199,1,8,いいえ,うさ☆八幡さま / vにゅーさん / トランシルヴァニア家族 / ブハラ師匠 / とちぎソウル
5,709,em-bfd568eb94ea,ベッピーさん,12,712,692,5,attack_buff,0.2282,0.4028,190,10,8,いいえ,橘の元祖☆みっちー / vにゅーさん / トランシルヴァニア家族 / 愛のぴよ子 / ベッピーさん
5,710,em-233989ddac07,法隆寺博士,4,480,220,6,guard,0.2282,0.3958,198,2,8,いいえ,ウサウサ八幡 / 北間・クラリス嬢 / トランシルヴァニア家族 / 跛荒の鉄男大先生 / 法隆寺博士
5,711,em-aeb1959eaece,ＫＲ２ジョー軍曹,9,394,1010,4,attack_buff,0.2281,0.4306,168,32,8,いいえ,vにゅーさん / ノローニャ・パイセン / 夜光虫ほたるん / 跛荒の鉄男大先生 / ＫＲ２ジョー軍曹
5,712,em-58f4a804ff7f,マリンな白良さん,12,710,694,4,attack_buff,0.2279,0.4097,181,19,8,いいえ,有砂小町 / ノローニャ・パイセン / きぬたン / 諏訪子成長期 / マリンな白良さん
5,713,em-fb6292300fc0,妖怪おたべ,5,525,455,4,delay,0.2277,0.4167,196,4,8,いいえ,ウサウサ八幡 / vにゅーさん / トランシルヴァニア家族 / 愛のぴよ子 / 妖怪おたべ
5,714,em-9a3bd85e00a2,よりりん,8,605,615,4,attribute_change,0.2276,0.3958,172,28,8,いいえ,有砂小町 / 脱力コンビあろま＆るる / きぬたン / 諏訪子成長期 / よりりん
5,715,em-1d5e8b5832c0,続・いぬやマン,12,400,400,7,attack_buff,0.2276,0.3958,199,1,8,いいえ,vにゅーさん / 北間・クラリス嬢 / 哀哭のオオウミガラス / 跛荒の鉄男大先生 / 続・いぬやマン
5,716,em-7e369f15337f,超辛ふとし君,6,321,659,5,attack_buff,0.227,0.4097,165,35,8,いいえ,vにゅーさん / ノローニャ・パイセン / 夜光虫ほたるん / 跛荒の鉄男大先生 / 超辛ふとし君
5,717,em-9f9a1c0e673f,リアルリオンさん,10,600,1100,5,delay,0.2268,0.3819,199,1,8,いいえ,ダリア・宮子・9 / vにゅーさん / トランシルヴァニア家族 / 跛荒の鉄男大先生 / リアルリオンさん
5,718,em-cc5744474846,芳一さん,5,400,500,6,revive,0.2265,0.4444,182,18,8,いいえ,vにゅーさん / ノローニャ・パイセン / 田島の春 / ブハラ師匠 / 芳一さん
5,719,em-55bda88e7993,パンダ系メガネ,16,1300,1200,6,skill_reduction,0.2265,0.375,185,15,8,いいえ,有砂小町 / ノローニャ・パイセン / きぬたン / 諏訪子成長期 / パンダ系メガネ
5,720,em-1e1a4317070b,ＫＲ２ジョー,8,295,910,4,attack_buff,0.2264,0.4306,167,33,8,いいえ,vにゅーさん / ノローニャ・パイセン / 夜光虫ほたるん / 跛荒の鉄男大先生 / ＫＲ２ジョー
5,721,em-b078ec458c73,ににぎさん,12,770,830,6,attack_buff,0.2261,0.4028,190,10,8,いいえ,橘の元祖☆みっちー / vにゅーさん / トランシルヴァニア家族 / 愛のぴよ子 / ににぎさん
5,722,em-60fd008b3a8b,なるとくん,6,700,600,5,attack_buff,0.226,0.4236,197,3,8,いいえ,ウサウサ八幡 / vにゅーさん / トランシルヴァニア家族 / 愛のぴよ子 / なるとくん
5,723,em-b0bd2882f199,タオるん,6,500,600,5,attribute_guard,0.226,0.4236,200,0,8,いいえ,ウサウサ八幡 / 北間・クラリス嬢 / トランシルヴァニア家族 / 跛荒の鉄男大先生 / タオるん
5,724,em-0352f52bd9a3,スワン様,6,500,480,5,skill_reduction,0.2259,0.4167,197,3,8,いいえ,ウサウサ八幡 / vにゅーさん / トランシルヴァニア家族 / 愛のぴよ子 / スワン様
5,725,em-17e6d828aa8d,かなりたっくん,5,195,685,5,attack_buff,0.2259,0.4167,200,0,8,いいえ,うさ☆八幡さま / vにゅーさん / トランシルヴァニア家族 / ブハラ師匠 / かなりたっくん
5,726,em-7db55d8e78d1,やまなしーヌさん,6,400,500,6,skill_reduction,0.2253,0.4167,197,3,8,いいえ,ウサウサ八幡 / vにゅーさん / トランシルヴァニア家族 / 愛のぴよ子 / やまなしーヌさん
5,727,em-efaa90d2f7dc,竹輪先生,3,150,700,5,attack_buff,0.2253,0.4097,194,6,8,いいえ,ウサウサ八幡 / vにゅーさん / トランシルヴァニア家族 / 愛のぴよ子 / 竹輪先生
5,728,em-fe5e7769aa81,鹿苑先輩,5,390,390,5,revive,0.2252,0.4444,196,4,8,いいえ,ウサウサ八幡 / vにゅーさん / トランシルヴァニア家族 / 愛のぴよ子 / 鹿苑先輩
5,729,em-8d320a6b7512,いびるん,6,500,600,5,guard,0.2246,0.4097,197,3,8,いいえ,ウサウサ八幡 / vにゅーさん / トランシルヴァニア家族 / 愛のぴよ子 / いびるん
5,730,em-a368a20e3521,ベッピーちゃん,8,611,595,5,attack_buff,0.2246,0.4097,199,1,8,いいえ,ウサウサ八幡 / vにゅーさん / トランシルヴァニア家族 / 愛のぴよ子 / ベッピーちゃん
5,731,em-401fb8fe2284,S.K.O.Tちゃん,3,750,200,6,heal,0.2245,0.3889,194,6,8,いいえ,ウサウサ八幡 / vにゅーさん / トランシルヴァニア家族 / 愛のぴよ子 / S.K.O.Tちゃん
5,732,em-5fba2111c2ae,くろこップ,7,498,482,9,skill_reduction,0.2241,0.4167,198,2,8,いいえ,ウサウサ八幡 / vにゅーさん / トランシルヴァニア家族 / 愛のぴよ子 / くろこップ
5,733,em-4b8a1db2788c,ニートな浅子さん,4,112,418,5,attack_buff,0.2241,0.4167,199,1,8,いいえ,うさ☆八幡さま / vにゅーさん / トランシルヴァニア家族 / ブハラ師匠 / ニートな浅子さん
5,734,em-0f4d66009260,叡智通,4,280,332,4,attack_buff,0.2238,0.4236,199,1,8,いいえ,うさ☆八幡さま / vにゅーさん / トランシルヴァニア家族 / ブハラ師匠 / 叡智通
5,735,em-e31de348c40b,湘南ボーイ,8,300,700,4,attack_buff,0.2235,0.4236,199,1,8,いいえ,ウサウサ八幡 / vにゅーさん / トランシルヴァニア家族 / 愛のぴよ子 / 湘南ボーイ
5,736,em-e668f3d46f31,超・S.K.O.Tちゃん,5,950,250,5,heal,0.2234,0.3889,196,4,8,いいえ,ウサウサ八幡 / vにゅーさん / トランシルヴァニア家族 / 愛のぴよ子 / 超・S.K.O.Tちゃん
5,737,em-07585cdaab4c,だいこっくんさん,12,1000,1200,9,attack_buff,0.2232,0.3819,199,1,8,いいえ,vにゅーさん / 北間・クラリス嬢 / 哀哭のオオウミガラス / 跛荒の鉄男大先生 / だいこっくんさん
5,738,em-57fe43e7ea10,鹿苑さん,4,307,295,6,revive,0.2226,0.4444,195,5,8,いいえ,ウサウサ八幡 / vにゅーさん / トランシルヴァニア家族 / 愛のぴよ子 / 鹿苑さん
5,739,em-b3d6d1b7e1a8,たたらん,6,500,300,5,attack_buff,0.2225,0.4097,185,15,8,いいえ,vにゅーさん / トランシルヴァニア家族 / 田島の春 / ブハラ師匠 / たたらん
5,740,em-71b88b3e60d7,迷菓ぴよ子,4,346,356,5,attack_buff,0.2223,0.4236,199,1,8,いいえ,うさ☆八幡さま / vにゅーさん / トランシルヴァニア家族 / ブハラ師匠 / 迷菓ぴよ子
5,741,em-646a258bedba,ロロちゃん,8,500,800,8,revive,0.2222,0.4306,185,15,8,いいえ,vにゅーさん / ノローニャ・パイセン / 田島の春 / ブハラ師匠 / ロロちゃん
5,742,em-3850dfa89114,流浪の騎士,7,510,470,9,attribute_guard,0.2221,0.4375,195,5,8,いいえ,ウサウサ八幡 / 北間・クラリス嬢 / トランシルヴァニア家族 / 花火戦隊サイガーRe / 流浪の騎士
5,743,em-9d8b6a4d2c9c,はたはタン,3,300,200,5,heal,0.2221,0.4097,194,6,8,いいえ,ウサウサ八幡 / vにゅーさん / トランシルヴァニア家族 / 愛のぴよ子 / はたはタン
5,744,em-feafabb058cc,皐月けいび,4,614,614,6,skill_reduction,0.222,0.3889,195,5,8,いいえ,ウサウサ八幡 / vにゅーさん / トランシルヴァニア家族 / 愛のぴよ子 / 皐月けいび
5,745,em-ce589bb8d6d8,鳴子さん,5,400,400,7,aoe_attack,0.2216,0.4236,200,0,8,いいえ,うさ☆八幡さま / vにゅーさん / トランシルヴァニア家族 / ブハラ師匠 / 鳴子さん
5,746,em-f938c5c907fd,ももたろす,8,1000,1000,4,attribute_change,0.2216,0.4097,199,1,8,いいえ,ウサウサ八幡 / vにゅーさん / トランシルヴァニア家族 / 愛のぴよ子 / ももたろす
5,747,em-462884d3af90,青竜ニート,4,346,397,6,heal,0.2206,0.4236,195,5,8,いいえ,ウサウサ八幡 / vにゅーさん / トランシルヴァニア家族 / 愛のぴよ子 / 青竜ニート
5,748,em-1fa3ac88ea78,有馬すた,7,475,505,5,heal,0.2204,0.4167,184,16,8,いいえ,vにゅーさん / ノローニャ・パイセン / 田島の春 / ブハラ師匠 / 有馬すた
5,749,em-fa255d19986d,出発！えるたそ,8,800,700,4,attack_buff,0.2201,0.4097,199,1,8,いいえ,ウサウサ八幡 / vにゅーさん / トランシルヴァニア家族 / 愛のぴよ子 / 出発！えるたそ
5,750,em-5f292317fd1c,墨染のＰＬぴよ子,60,3656,3656,5,attribute_change,0.2198,0.3958,198,2,5,いいえ,ダリア・宮子・9 / ノローニャ・パイセン / 夜光虫ほたるん / ブハラ師匠 / 墨染のＰＬぴよ子
5,751,em-172b59ddb28b,白虎ニート,4,314,296,5,attack_buff,0.2197,0.4306,199,1,8,いいえ,うさ☆八幡さま / vにゅーさん / トランシルヴァニア家族 / ブハラ師匠 / 白虎ニート
5,752,em-c19b90bf546d,芋煮太郎,4,510,102,7,multi_hit_attack,0.2196,0.4375,199,1,8,いいえ,うさ☆八幡さま / vにゅーさん / トランシルヴァニア家族 / ブハラ師匠 / 芋煮太郎
5,753,em-9da039c08ead,キャミー先生,6,500,600,4,heal,0.2192,0.4167,197,3,8,いいえ,ウサウサ八幡 / vにゅーさん / トランシルヴァニア家族 / 愛のぴよ子 / キャミー先生
5,754,em-fa09a3c6aeb6,アイヤーさん,8,314,913,5,attack_buff,0.2192,0.4097,167,33,8,いいえ,vにゅーさん / ノローニャ・パイセン / 夜光虫ほたるん / 跛荒の鉄男大先生 / アイヤーさん
5,755,em-91791d21e202,ネオけいび,6,305,310,6,attribute_guard,0.2191,0.4236,200,0,8,いいえ,ウサウサ八幡 / 北間・クラリス嬢 / トランシルヴァニア家族 / 跛荒の鉄男大先生 / ネオけいび
5,756,em-13af16d2213d,ににぎくん,8,590,630,6,attack_buff,0.2188,0.4236,199,1,8,いいえ,ウサウサ八幡 / vにゅーさん / トランシルヴァニア家族 / 愛のぴよ子 / ににぎくん
5,757,em-f230094c0c4f,シンプソン君,5,400,400,8,revive,0.2188,0.4097,196,4,8,いいえ,ウサウサ八幡 / vにゅーさん / トランシルヴァニア家族 / 愛のぴよ子 / シンプソン君
5,758,em-1c29986cc8dd,玄武けいび,4,315,335,6,damage_reduction,0.2188,0.4097,198,2,8,いいえ,ウサウサ八幡 / 北間・クラリス嬢 / トランシルヴァニア家族 / 跛荒の鉄男大先生 / 玄武けいび
5,759,em-e6cd26662fe8,クイーン・ク・うぃーん,15,1500,1500,4,attribute_change,0.2187,0.4028,193,7,8,いいえ,橘の元祖☆みっちー / vにゅーさん / トランシルヴァニア家族 / 愛のぴよ子 / クイーン・ク・うぃーん
5,760,em-f1fdf84ea79d,どんちっちん,6,700,500,9,aoe_attack,0.2186,0.3819,197,3,8,いいえ,ウサウサ八幡 / vにゅーさん / トランシルヴァニア家族 / 愛のぴよ子 / どんちっちん
5,761,em-5e86bff12fb7,ピリ辛ふとし君,5,211,569,5,attack_buff,0.2185,0.4167,200,0,8,いいえ,うさ☆八幡さま / vにゅーさん / トランシルヴァニア家族 / ブハラ師匠 / ピリ辛ふとし君
5,762,em-c5dbda5d8d5b,湘南パボーイ,12,318,911,4,attack_buff,0.2181,0.4028,181,19,8,いいえ,有砂小町 / ノローニャ・パイセン / きぬたン / 諏訪子成長期 / 湘南パボーイ
5,763,em-1d7c8481ec64,にくぁうちゃん,8,314,913,4,attack_buff,0.218,0.4236,167,33,8,いいえ,vにゅーさん / ノローニャ・パイセン / 夜光虫ほたるん / 跛荒の鉄男大先生 / にくぁうちゃん
5,764,em-81fec3e48762,怪人おたべ,4,415,365,4,delay,0.218,0.4097,195,5,8,いいえ,ウサウサ八幡 / vにゅーさん / トランシルヴァニア家族 / 愛のぴよ子 / 怪人おたべ
5,765,em-3bd6544e0bce,窓辺のやまなしーヌ,13,700,800,4,skill_reduction,0.2178,0.375,182,18,8,いいえ,有砂小町 / ノローニャ・パイセン / きぬたン / 諏訪子成長期 / 窓辺のやまなしーヌ
5,766,em-ab565d3596f4,さんとくん先輩,10,1500,400,4,delay,0.2177,0.4028,199,1,8,いいえ,ダリア・宮子・9 / vにゅーさん / トランシルヴァニア家族 / 跛荒の鉄男大先生 / さんとくん先輩
5,767,em-6572f5492885,ネオニート,6,330,306,6,attribute_guard,0.2173,0.4167,195,5,8,いいえ,ダリア・宮子・9 / vにゅーさん / トランシルヴァニア家族 / 跛荒の鉄男大先生 / ネオニート
5,768,em-2f8589eed296,畳リーゼント,7,300,700,4,attack_buff,0.217,0.4097,166,34,8,いいえ,vにゅーさん / ノローニャ・パイセン / 夜光虫ほたるん / 跛荒の鉄男大先生 / 畳リーゼント
5,769,em-2f6ae2b54633,フクちゃん,3,300,400,4,attribute_change,0.2169,0.4167,194,6,8,いいえ,ウサウサ八幡 / vにゅーさん / トランシルヴァニア家族 / 愛のぴよ子 / フクちゃん
5,770,em-17aeee13e460,こんにゃくん,4,287,308,9,guard,0.2169,0.4097,198,2,8,いいえ,ウサウサ八幡 / 北間・クラリス嬢 / トランシルヴァニア家族 / 跛荒の鉄男大先生 / こんにゃくん
5,771,em-3f6d9cba0059,いなばうあー,12,700,1100,6,skill_reduction,0.2166,0.3681,181,19,8,いいえ,有砂小町 / ノローニャ・パイセン / きぬたン / 諏訪子成長期 / いなばうあー
5,772,em-70d6edc2819a,熟練の剣闘士,8,265,940,5,attack_buff,0.2165,0.4167,199,1,8,いいえ,ウサウサ八幡 / vにゅーさん / トランシルヴァニア家族 / 愛のぴよ子 / 熟練の剣闘士
5,773,em-39adadcf380b,朱雀けいび,5,305,335,6,revive,0.2159,0.4444,196,4,8,いいえ,ウサウサ八幡 / vにゅーさん / トランシルヴァニア家族 / 愛のぴよ子 / 朱雀けいび
5,774,em-f2bb13033bf0,鳴子ちゃん,3,300,300,8,aoe_attack,0.2156,0.4167,198,2,8,いいえ,うさ☆八幡さま / vにゅーさん / トランシルヴァニア家族 / ブハラ師匠 / 鳴子ちゃん
5,775,em-92e16a3efe92,ク・うぃーん王女,12,1100,1100,5,attribute_change,0.2155,0.4097,190,10,8,いいえ,橘の元祖☆みっちー / vにゅーさん / トランシルヴァニア家族 / 愛のぴよ子 / ク・うぃーん王女
5,776,em-575ad888f045,スワン先生,5,400,380,6,skill_reduction,0.2154,0.4097,196,4,8,いいえ,ウサウサ八幡 / vにゅーさん / トランシルヴァニア家族 / 愛のぴよ子 / スワン先生
5,777,em-94033ed8057b,幽子さん,4,300,312,8,revive,0.2152,0.4306,195,5,8,いいえ,ウサウサ八幡 / vにゅーさん / トランシルヴァニア家族 / 愛のぴよ子 / 幽子さん
5,778,em-89b0c363f296,川越マン,8,415,798,4,attack_buff,0.2152,0.4167,199,1,8,いいえ,ウサウサ八幡 / vにゅーさん / トランシルヴァニア家族 / 愛のぴよ子 / 川越マン
5,779,em-b8d203bbae80,草カロ三郎,5,400,400,6,heal,0.2152,0.3958,196,4,8,いいえ,ウサウサ八幡 / vにゅーさん / トランシルヴァニア家族 / 愛のぴよ子 / 草カロ三郎
5,780,em-804c07b6fa9a,メル子ちゃん,6,400,600,4,attack_buff,0.2149,0.4236,197,3,8,いいえ,ウサウサ八幡 / vにゅーさん / トランシルヴァニア家族 / 愛のぴよ子 / メル子ちゃん
5,781,em-e275020a88a0,あん子ちゃん,4,289,300,4,heal,0.2147,0.4097,187,13,8,いいえ,ダリア・宮子・9 / 藤のフヒッティ / サルパちゃん / 諏訪子成長期 / あん子ちゃん
5,782,em-addae93a6fe9,ニート,5,314,296,5,attribute_guard,0.2146,0.4097,199,1,8,いいえ,ウサウサ八幡 / 北間・クラリス嬢 / トランシルヴァニア家族 / 跛荒の鉄男大先生 / ニート
5,783,em-0c10b95e36c6,激走！えるたそ,10,900,800,4,attack_buff,0.2144,0.3958,189,11,8,いいえ,vにゅーさん / トランシルヴァニア家族 / 田島の春 / ブハラ師匠 / 激走！えるたそ
5,784,em-8e8c7fbfac2a,おたべくん,3,315,287,4,delay,0.2141,0.4097,194,6,8,いいえ,ウサウサ八幡 / vにゅーさん / トランシルヴァニア家族 / 愛のぴよ子 / おたべくん
5,785,em-f7eb502f39f3,芋煮十郎,5,580,200,6,multi_hit_attack,0.2139,0.4236,200,0,8,いいえ,うさ☆八幡さま / vにゅーさん / トランシルヴァニア家族 / ブハラ師匠 / 芋煮十郎
5,786,em-fa9285840bae,白虎むりょく,4,158,149,5,attack_buff,0.2135,0.4236,199,1,8,いいえ,うさ☆八幡さま / vにゅーさん / トランシルヴァニア家族 / ブハラ師匠 / 白虎むりょく
5,787,em-f074d8bb177d,たっくん,4,95,507,5,attack_buff,0.2135,0.4097,195,5,8,いいえ,ウサウサ八幡 / vにゅーさん / トランシルヴァニア家族 / 愛のぴよ子 / たっくん
5,788,em-e660791c3950,めい子さん,5,400,400,5,attribute_guard,0.2131,0.4167,199,1,8,いいえ,ウサウサ八幡 / 北間・クラリス嬢 / トランシルヴァニア家族 / 跛荒の鉄男大先生 / めい子さん
5,789,em-5528cf768569,リンゴール男爵,4,400,300,4,delay,0.213,0.4097,195,5,8,いいえ,ウサウサ八幡 / vにゅーさん / トランシルヴァニア家族 / 愛のぴよ子 / リンゴール男爵
5,790,em-e5c147f9dafc,異国のトーマスん,9,660,742,4,attribute_change,0.2127,0.4097,198,2,8,いいえ,ダリア・宮子・9 / vにゅーさん / トランシルヴァニア家族 / 跛荒の鉄男大先生 / 異国のトーマスん
5,791,em-da69b63392e4,手品師！エッシュさん,6,600,600,4,skill_reduction,0.2124,0.3889,197,3,8,いいえ,ウサウサ八幡 / vにゅーさん / トランシルヴァニア家族 / 愛のぴよ子 / 手品師！エッシュさん
5,792,em-2c51c9073e5a,強化ゆる骨格のススメ,50,1704,1704,12,attribute_guard,0.2116,0.4097,200,0,7,いいえ,ダリア・宮子・9 / ノローニャ・パイセン / 夜光虫ほたるん / 跛荒の鉄男大先生 / 強化ゆる骨格のススメ
5,793,em-ac023f126b7d,レッサー系メガネ,14,900,800,5,skill_reduction,0.211,0.3819,173,27,8,いいえ,vにゅーさん / えかちぇたん / 田島の春 / ブハラ師匠 / レッサー系メガネ
5,794,em-f5a7df3892f0,びわ子たん,4,300,302,5,damage_reduction,0.2109,0.4167,198,2,8,いいえ,ウサウサ八幡 / 北間・クラリス嬢 / トランシルヴァニア家族 / 跛荒の鉄男大先生 / びわ子たん
5,795,em-6e37519134b1,スワン君,4,310,302,6,skill_reduction,0.2108,0.4097,195,5,8,いいえ,ウサウサ八幡 / vにゅーさん / トランシルヴァニア家族 / 愛のぴよ子 / スワン君
5,796,em-30cf649c4daf,けいび,5,295,300,5,attribute_guard,0.2107,0.4028,199,1,8,いいえ,ウサウサ八幡 / 北間・クラリス嬢 / トランシルヴァニア家族 / 跛荒の鉄男大先生 / けいび
5,797,em-d0ab2c82078b,デルモンテ嬢,23,3020,453,6,attribute_guard,0.2103,0.3958,198,2,8,いいえ,橘の元祖☆みっちー / 北間・クラリス嬢 / トランシルヴァニア家族 / 花火戦隊サイガーRe / デルモンテ嬢
5,798,em-f7484444c08c,じとっ子君,5,285,495,5,attack_buff,0.2101,0.4097,200,0,8,いいえ,うさ☆八幡さま / vにゅーさん / トランシルヴァニア家族 / ブハラ師匠 / じとっ子君
5,799,em-9aec6212c779,白水兄さん,8,580,626,8,aoe_attack,0.2101,0.3958,199,1,8,いいえ,ウサウサ八幡 / vにゅーさん / トランシルヴァニア家族 / 愛のぴよ子 / 白水兄さん
5,800,em-79dd6c0e027e,ロックなじとっ子君,6,365,585,5,attack_buff,0.2097,0.4028,165,35,8,いいえ,vにゅーさん / ノローニャ・パイセン / 夜光虫ほたるん / 跛荒の鉄男大先生 / ロックなじとっ子君
5,801,em-4090b70a0b17,さくらこちゃん,4,495,215,4,attribute_guard,0.2093,0.4097,198,2,8,いいえ,ウサウサ八幡 / 北間・クラリス嬢 / トランシルヴァニア家族 / 跛荒の鉄男大先生 / さくらこちゃん
5,802,em-4a6952f30578,愛犬八太郎,11,1700,300,6,delay,0.2093,0.3958,200,0,8,いいえ,ダリア・宮子・9 / vにゅーさん / トランシルヴァニア家族 / 跛荒の鉄男大先生 / 愛犬八太郎
5,803,em-c92854d63199,さんとくんさん,8,1200,300,4,delay,0.2092,0.3958,197,3,8,いいえ,ダリア・宮子・9 / vにゅーさん / トランシルヴァニア家族 / 跛荒の鉄男大先生 / さんとくんさん
5,804,em-0828dfd9c618,トーマスん,8,560,645,5,attribute_change,0.2087,0.4167,199,1,8,いいえ,ウサウサ八幡 / vにゅーさん / トランシルヴァニア家族 / 愛のぴよ子 / トーマスん
5,805,em-05688a606392,芳一くん,3,300,400,7,revive,0.2083,0.4097,190,10,8,いいえ,有砂小町 / vにゅーさん / トランシルヴァニア家族 / 跛荒の鉄男大先生 / 芳一くん
5,806,em-20b521a22027,ふとし君,4,111,491,5,attack_buff,0.207,0.4097,199,1,8,いいえ,うさ☆八幡さま / vにゅーさん / トランシルヴァニア家族 / ブハラ師匠 / ふとし君
5,807,em-4052b050ef42,白虎けいび,4,295,300,5,attack_buff,0.2068,0.4097,195,5,8,いいえ,ウサウサ八幡 / vにゅーさん / トランシルヴァニア家族 / 愛のぴよ子 / 白虎けいび
5,808,em-4c84ff6e1868,カカカのカ治郎,6,700,500,5,delay,0.2068,0.3819,185,15,8,いいえ,vにゅーさん / トランシルヴァニア家族 / 田島の春 / ブハラ師匠 / カカカのカ治郎
5,809,em-73a9cdab3511,リンゴール子爵,3,300,200,4,delay,0.2067,0.4097,194,6,8,いいえ,ウサウサ八幡 / vにゅーさん / トランシルヴァニア家族 / 愛のぴよ子 / リンゴール子爵
5,810,em-737d1a27052c,じとっ子,4,202,410,5,attack_buff,0.2064,0.4097,199,1,8,いいえ,うさ☆八幡さま / vにゅーさん / トランシルヴァニア家族 / ブハラ師匠 / じとっ子
5,811,em-f78f249e0088,剣闘士,7,168,812,5,attack_buff,0.2058,0.4097,198,2,8,いいえ,ウサウサ八幡 / vにゅーさん / トランシルヴァニア家族 / 愛のぴよ子 / 剣闘士
5,812,em-47f3be71ea63,青竜むりょく,4,198,189,6,heal,0.2056,0.4097,195,5,8,いいえ,ウサウサ八幡 / vにゅーさん / トランシルヴァニア家族 / 愛のぴよ子 / 青竜むりょく
5,813,em-8ed9900f451e,めい子ちゃん,4,281,309,5,attribute_guard,0.2054,0.4097,198,2,8,いいえ,ウサウサ八幡 / 北間・クラリス嬢 / トランシルヴァニア家族 / 跛荒の鉄男大先生 / めい子ちゃん
5,814,em-1b9a55c9478e,熊犬八太郎,12,2100,400,6,delay,0.2049,0.375,181,19,8,いいえ,有砂小町 / ノローニャ・パイセン / きぬたン / 諏訪子成長期 / 熊犬八太郎
5,815,em-5bdefb267838,どーよくん,8,310,910,5,attack_buff,0.2047,0.4097,199,1,8,いいえ,ウサウサ八幡 / vにゅーさん / トランシルヴァニア家族 / 愛のぴよ子 / どーよくん
5,816,em-cf865abec5e5,川越マン２世,12,516,1000,4,attack_buff,0.2044,0.3889,199,1,8,いいえ,vにゅーさん / 北間・クラリス嬢 / 哀哭のオオウミガラス / 跛荒の鉄男大先生 / 川越マン２世
5,817,em-eb78da4b3f28,えるたそ,6,500,400,4,attack_buff,0.204,0.4028,197,3,8,いいえ,ウサウサ八幡 / vにゅーさん / トランシルヴァニア家族 / 愛のぴよ子 / えるたそ
5,818,em-08c1cf17f632,青竜けいび,4,345,400,6,heal,0.204,0.3958,195,5,8,いいえ,ウサウサ八幡 / vにゅーさん / トランシルヴァニア家族 / 愛のぴよ子 / 青竜けいび
5,819,em-9bac78901113,有馬すん,5,375,405,6,heal,0.2032,0.3958,196,4,8,いいえ,ウサウサ八幡 / vにゅーさん / トランシルヴァニア家族 / 愛のぴよ子 / 有馬すん
5,820,em-020eecb1db52,草カロ四朗,4,296,316,7,heal,0.2028,0.3889,195,5,8,いいえ,ウサウサ八幡 / vにゅーさん / トランシルヴァニア家族 / 愛のぴよ子 / 草カロ四朗
5,821,em-5053fe8d941b,カカカのカ二郎,3,400,300,5,delay,0.2022,0.3889,194,6,8,いいえ,ウサウサ八幡 / vにゅーさん / トランシルヴァニア家族 / 愛のぴよ子 / カカカのカ二郎
5,822,em-f86c4c085efd,メガネ系ほぬー類,12,700,600,4,skill_reduction,0.2017,0.3819,171,29,8,いいえ,vにゅーさん / えかちぇたん / 田島の春 / ブハラ師匠 / メガネ系ほぬー類
5,823,em-f1302d2783e5,八太郎,10,1200,200,7,delay,0.2,0.3958,199,1,8,いいえ,ダリア・宮子・9 / vにゅーさん / トランシルヴァニア家族 / 跛荒の鉄男大先生 / 八太郎
5,824,em-70e79fbffe3c,怪人エビユルゲ,3,305,297,4,attribute_change,0.1998,0.3958,192,8,8,いいえ,ダリア・宮子・9 / vにゅーさん / トランシルヴァニア家族 / 跛荒の鉄男大先生 / 怪人エビユルゲ
5,825,em-c687e673c7ff,有馬ん,4,285,317,7,heal,0.1984,0.3958,195,5,8,いいえ,ウサウサ八幡 / vにゅーさん / トランシルヴァニア家族 / 愛のぴよ子 / 有馬ん
5,826,em-3b3dcabfe61f,ク・うぃーん女王,8,900,900,5,attribute_change,0.1978,0.3819,199,1,8,いいえ,ウサウサ八幡 / vにゅーさん / トランシルヴァニア家族 / 愛のぴよ子 / ク・うぃーん女王
5,827,em-667d96cceb87,さんとくん,6,1000,200,5,delay,0.1969,0.3819,185,15,8,いいえ,vにゅーさん / トランシルヴァニア家族 / 田島の春 / ブハラ師匠 / さんとくん
5,828,em-1926af92f1af,カカカのカ次郎,5,500,300,5,delay,0.1963,0.3889,196,4,8,いいえ,ウサウサ八幡 / vにゅーさん / トランシルヴァニア家族 / 愛のぴよ子 / カカカのカ次郎
5,829,em-bf7beec08736,いやひこちゃん,10,700,400,4,delay,0.1963,0.3819,199,1,8,いいえ,ダリア・宮子・9 / vにゅーさん / トランシルヴァニア家族 / 跛荒の鉄男大先生 / いやひこちゃん
5,830,em-eb4ef5fa8f2f,応援ぴよ子団長,60,1111,1111,12,attack_buff,0.1961,0.3472,198,2,5,いいえ,ダリア・宮子・9 / ノローニャ・パイセン / 夜光虫ほたるん / ブハラ師匠 / 応援ぴよ子団長
5,831,em-8532615661b1,ハズクさん,10,500,400,8,multi_hit_attack,0.1915,0.375,200,0,8,いいえ,コメツキ / vにゅーさん / トランシルヴァニア家族 / ブハラ師匠 / ハズクさん
5,832,em-dc6446295503,ハズクちゃん,8,400,300,9,multi_hit_attack,0.1911,0.3889,199,1,8,いいえ,ウサウサ八幡 / vにゅーさん / トランシルヴァニア家族 / 愛のぴよ子 / ハズクちゃん
5,833,em-3a3a23655699,とりころん・ぴー子,16,1200,300,7,attribute_change,0.1876,0.3819,175,25,8,いいえ,vにゅーさん / えかちぇたん / 田島の春 / ブハラ師匠 / とりころん・ぴー子
5,834,em-14ab1de959d7,あくせんと・きゃー子,18,1400,400,6,attribute_change,0.1833,0.3819,196,4,8,いいえ,橘の元祖☆みっちー / vにゅーさん / トランシルヴァニア家族 / 愛のぴよ子 / あくせんと・きゃー子
5,835,em-5c8b9af61816,ぴっよコイン先生,60,1111,1111,12,damage_reduction,0.1813,0.3472,198,2,5,いいえ,ダリア・宮子・9 / ノローニャ・パイセン / 夜光虫ほたるん / ブハラ師匠 / ぴっよコイン先生
5,836,em-96c8b7af6f5c,ネギtheダーウィン,30,5112,0,5,attribute_change,0.1572,0.3194,191,9,8,いいえ,ダリア・宮子・9 / vにゅーさん / トランシルヴァニア家族 / みどりのたけしマン / ネギtheダーウィン
5,837,em-0454ff15fbd8,米倉英夫(ゆる),55,1,1,55,attribute_change,0.1558,0.3403,193,7,6,いいえ,ダリア・宮子・9 / ノローニャ・パイセン / 夜光虫ほたるん / ブハラ師匠 / 米倉英夫(ゆる)
5,838,em-5c3bfcbbd109,ネギさん,80,4260,4260,500,attack_buff,0.1479,0.2639,198,2,8,いいえ,日本海女中 / vにゅーさん / トランシルヴァニア家族 / 愛のぴよ子 / ネギさん
5,839,em-7fe5a2875793,米倉英子(大学生),55,1,1,555,attack_buff,0.1428,0.3403,193,7,6,いいえ,ダリア・宮子・9 / ノローニャ・パイセン / 夜光虫ほたるん / ブハラ師匠 / 米倉英子(大学生)
5,840,em-4ee2ea427154,タルタルなたまご,100,1,1,12,attribute_change,0.1254,0.2708,194,6,7,いいえ,ハリウッドナナコ師匠 / ペーチパイセン / デロスの月陽姉弟 / ブハラ師匠 / タルタルなたまご
5,841,em-53ece7a43871,キステチスのたまご,100,1,1,40,guard,0.12,0.2708,194,6,7,いいえ,ハリウッドナナコ師匠 / ペーチパイセン / デロスの月陽姉弟 / ブハラ師匠 / キステチスのたまご
5,842,em-0c2d5864e3da,グルグルなたまご,100,1,1,100,delay,0.1056,0.2708,194,6,7,いいえ,ハリウッドナナコ師匠 / ペーチパイセン / デロスの月陽姉弟 / ブハラ師匠 / グルグルなたまご
5,843,em-0c70f71e4c1a,ルナのたまご,100,1,1,999,attack_buff,0.093,0.25,195,5,7,いいえ,ハリウッドナナコ師匠 / 脱力コンビあろま＆るる / トリニダの怪人 / ブハラ師匠 / ルナのたまご
