総合順位,有利獲得順位,対抗順位,予測使用順位,ID,名前,属性,レア度,コスト,HP,Power,スキルターン,スキル名,行動区分,評価盤面数,予測勝率,勝率信頼下限,実発動率,登場時発動可能率,盤面充足率,味方維持率,敵進行率,攻守均衡,有利獲得/盤面,対抗/盤面,推定所持率,予測使用率
1,105,30,2,em-e7a0d1a547b6,ラス・マノスんさん,fire,N,10,1979,494,1,1ターンの間、自身の攻撃が全体攻撃になる,counteraction,4,1,1,0,0,1,0.31,1,0.427,0,0,1,0.012155
2,106,31,3,em-0ba3ddcc384c,雛段芸人☆さくらんず,all,R,16,1510,1887,5,味方全員のスキルカウントを2減少させる,ignored,4,1,1,0,0,1,0.32,1,0.4232,0,0,1,0.011758
3,15,32,1,em-898fce321115,にゅー師匠,water,CR,22,1610,4186,1,1ターンの間、攻撃を自身に集中させる(70%カット),advantage_creation,4,1,1,1,0,1,0.31,1,0.4211,2,0,0.9899,0.014785
4,107,33,4,em-3a0ce37a12ff,おこしんMK-2,fire,CR,8,1510,2265,4,1ターンの間、自身の攻撃が2回連続攻撃になる,counteraction,4,1,1,0,0,1,0.3,1,0.4159,0,0,0.9899,0.01101
5,108,34,6,em-1fcc8f4c1ae3,ヴェルサイユの朝,fire_water,MZR,45,2556,6645,5,2ターンの間、水属性の敵に対する味方全員の攻撃力を600%増加させる,counteraction,4,1,1,0,0,1,0.3,1,0.4114,0,0,0.9195,0.009953
6,109,35,9,em-5c46e7a79c7f,ギャルド・スイス先輩,fire,MZR,45,3408,5453,4,3ターンの間、火属性の味方全員の攻撃が2回連続攻撃になる,counteraction,4,1,1,0,0,1,0.3,1,0.4114,0,0,0.9193,0.009675
7,110,36,5,em-062228a8b4d2,キャニオン雄大,fire,CR,25,2737,2737,5,4ターンの間、火属性の味方全員の攻撃力を120%増加させる,counteraction,4,1,1,0,0,1,0.31,1,0.4111,0,0,0.9898,0.010189
8,111,37,7,em-d0ab149939aa,製鉄所★澤先輩,fire_water,CR,24,5313,1771,3,風属性の味方全員のスキルカウントを2減少させる,ignored,4,1,1,0,0,1,0.3,1,0.4096,0,0,0.9898,0.009905
9,112,38,8,em-1de8c880f196,ヴィヒー先生,fire,R,17,2114,2718,2,1ターンの間、水属性の味方全員に風属性の敵からのダメージを80%軽減するシールドを与える,advantage_creation,4,1,1,0,0,1,0.3,1,0.4033,0,0,0.9999,0.009676
10,84,39,11,em-f9383e2e4919,ユハンヌスのサウナー,water_wind,MZR,42,5231,3067,3,1ターンの間、水属性の味方全員にダメージを78%軽減するシールドを与える,advantage_creation,4,1,1,0.5,0,1,0.3,1,0.4024,0.25,0,0.9188,0.008948
11,113,40,10,em-7e35b72ac7e4,琵琶子ｲﾘｭｰｼﾞｮﾝ！,all,N,13,1809,1190,3,1ターンの間、味方全員にダメージを65%軽減するシールドを与える,advantage_creation,4,1,1,0,0,1,0.29,1,0.3998,0,0,0.9999,0.009162
12,114,41,13,em-35db097208c5,勝斧・冠,water,MZR,60,6816,4089,1,8ターンの間、風属性の敵に対する自身の攻撃力を60%増加させる,counteraction,4,1,1,1,0,1,0.3,1,0.3981,0,0,0.9185,0.008532
13,115,42,12,em-252e0359c5e1,巳ーちゃん,fire,CR,25,3451,2599,3,2ターンの間、自身の攻撃が5回連続攻撃になる,counteraction,4,1,1,0,0,1,0.29,1,0.3963,0,0,0.9896,0.008569
14,116,43,18,em-b5e0f2fbff78,養老のバッカス,water,MZR,65,6475,3408,4,死亡している味方全員を1%のHPで蘇らせる,advantage_creation,4,1,1,0,0,1,0.3,1,0.3957,0,0,0.9182,0.007796
15,117,44,16,em-e128354ca2de,シュレーダー帝,fire_water,CR,31,1795,3097,6,死亡している火属性の味方全員を130%のHPで蘇らせる,advantage_creation,4,1,1,0,0,1,0.29,1,0.3932,0,0,0.9895,0.008158
16,65,45,14,em-7a8534cb5af6,クレリゴス子様,water,ZR,41,6731,2951,3,1ターンの間、攻撃を自身に集中させる(80%カット),advantage_creation,4,1,1,0.25,0,1,0.31,1,0.3926,0.75,0,0.9689,0.008404
17,118,46,17,em-a368a20e3521,ベッピーちゃん,fire,R,8,611,595,5,2ターンの間、火属性の味方全員の攻撃力を50%増加させる,counteraction,4,1,1,0,0,1,0.28,1,0.3922,0,0,0.9997,0.007826
18,119,47,21,em-ab9b2ce76191,B・O・B,fire_water,ZR,37,4935,3244,3,風属性の敵全員の攻撃カウントを1増加させる,ignored,4,1,1,0,0,1,0.29,1,0.3912,0,0,0.9687,0.007312
19,120,48,22,em-684248c89e03,ストックレー帝,fire,CR,22,3013,3181,0,1ターンの間、自身の属性を風属性に変更する,adaptive,4,1,1,0.75,1,1,0.29,1,0.3879,0,0,0.9894,0.007262
20,121,49,23,em-ea2d3d13fc78,いなば☆うあー,fire,CR,18,1300,1700,4,火属性の味方全員のスキルカウントを1減少させる,ignored,4,1,1,0,0,1,0.28,1,0.3865,0,0,0.9894,0.007129
21,122,50,24,em-d74e6be8b4b9,クビキリギス,fire,ZR,40,3800,3544,4,2ターンの間、自身にダメージを90%軽減するシールドを与える,advantage_creation,4,1,1,0,0,1,0.28,1,0.3865,0,0,0.9685,0.006718
22,123,51,20,em-08c96cb40803,ノローニャ・パイセン,water_wind,ZR,43,5964,3410,1,5ターンの間、火属性の敵に対する味方全員の攻撃力を30%増加させる,counteraction,4,1,1,1,0,1,0.29,1,0.3855,0,0,0.9684,0.007603
23,124,52,25,em-25fed9fde1ce,かっさーWoo！,fire_water,N,16,1131,2403,4,2ターンの間、リーダーの攻撃力を200%増加させる,counteraction,4,1,1,0,0,1,0.28,1,0.3842,0,0,0.9998,0.006573
24,125,53,26,em-ebd6f9bf2bee,中野華蓮(日本人),fire,CR,17,1516,3638,4,1ターンの間、自身の攻撃力を200%増加させる,counteraction,4,1,1,0,0,1,0.28,1,0.3841,0,0,0.9892,0.006335
25,126,54,28,em-7b76cc31326e,迷走のヴァニ江,all,MZR,36,4379,2505,2,1ターンの間、水属性の味方全員にダメージを66%軽減するシールドを与える,advantage_creation,4,1,1,0.25,0,1,0.29,1,0.3822,0,0,0.9168,0.005727
26,127,55,27,em-149e96a7721b,大黒まはーかーらん,fire,CR,20,2576,2737,10,1ターンの間、味方全員の攻撃力を400%増加させる,counteraction,4,1,1,0,0,1,0.29,1,0.3822,0,0,0.9892,0.005992
27,128,56,30,em-8cb75e870411,マンいーたち,fire_wind,MZR,50,3408,6816,4,3ターンの間、水属性の味方全員の攻撃が全体攻撃になる,counteraction,4,1,1,0,0,1,0.28,1,0.3773,0,0,0.9165,0.005414
28,129,57,35,em-bc6da5addf52,桜ブーナッド,fire_wind,MZR,46,5547,4013,5,風属性の味方全員のHPを270%回復する,advantage_creation,4,1,1,0,0,1,0.29,1,0.3756,0,0,0.9164,0.005279
29,130,58,32,em-e51e56c23fa1,上級国民ロヴィーサ,all,ZR,44,2832,2984,4,4ターンの間、火属性の攻撃を自身に集中させる(80%カット),advantage_creation,4,1,1,0,0,1,0.28,1,0.375,0,0,0.9679,0.00539
30,131,59,29,em-df4f003ab94e,熱いマッキニキ,fire,R,11,1100,600,3,2ターンの間、味方全員に水属性の敵からのダメージを60%軽減するシールドを与える,advantage_creation,4,1,1,0,0,1,0.27,1,0.3744,0,0,0.9995,0.005486
31,18,60,15,em-a44b56d26d84,聖夜の又マタドーるん,all,ZR,45,3919,4260,1,1ターンの間、味方全員に水属性の敵からのダメージを20%軽減するシールドを与える,advantage_creation,4,1,1,1,0,1,0.27,1,0.3738,1.75,0,0.9677,0.008341
32,132,61,39,em-93a9275d427c,肉食ドゥブロさん,fire_water,ZR,32,5106,3404,3,3ターンの間、火属性の敵に対する味方全員の攻撃力を100%増加させる,counteraction,4,1,1,0,0,1,0.27,1,0.3726,0,0,0.9676,0.005012
33,133,62,40,em-5f5281ba5e2a,黄泉還り！反魂タン,fire,R,9,1812,1963,3,死亡している風属性の味方全員を90%のHPで蘇らせる,advantage_creation,4,1,1,0,0,1,0.27,1,0.3677,0,0,0.9994,0.005002
34,134,63,42,em-594f4648caff,金閣鹿苑大先生,fire,N,7,1201,1201,4,死亡している水属性の味方全員を20%のHPで蘇らせる,advantage_creation,4,1,1,0,0,1,0.27,1,0.3652,0,0,0.9996,0.004873
35,135,64,47,em-5c8b9af61816,ぴっよコイン先生,all,ZR,60,1111,1111,12,1ターンの間、味方全員にダメージを100%軽減するシールドを与える,advantage_creation,4,1,1,0,0,1,0.26,1,0.3617,0,0,0.9674,0.004594
36,136,65,53,em-f4980131820e,ﾊﾛｳｨﾝのヴラドさん,fire_water,MZR,41,4089,1757,2,1ターンの間、火属性の味方全員にダメージを72%軽減するシールドを与える,advantage_creation,4,1,1,0,0,1,0.26,1,0.3605,0,0,0.9153,0.004248
37,137,66,50,em-7499fb228620,にほりん,fire,CR,15,2898,3059,5,1ターンの間、火属性の味方全員の攻撃力を500%増加させる,counteraction,4,1,1,0,0,1,0.27,1,0.3596,0,0,0.9888,0.004425
38,138,67,59,em-cea68c425163,跛荒の鉄男大先生,fire_water,MZR,51,4686,6625,3,2ターンの間、自身の攻撃が4回連続攻撃になる,counteraction,4,1,1,0,0,1,0.26,1,0.3575,0,0,0.915,0.003989
39,139,68,54,em-7b3f53eed84e,?????,fire,CR,14,1380,2675,4,2ターンの間、水属性の敵に対する味方全員の攻撃力を314%増加させる,counteraction,4,1,1,0,0,1,0.26,1,0.3556,0,0,0.9887,0.004225
40,140,69,66,em-bffb26ad3975,アイヌ☆らっくるん,fire_water,MZR,60,2896,6645,2,1ターンの間、風属性の敵に対する味方全員の攻撃力を170%増加させる,counteraction,4,1,1,0,0,1,0.26,1,0.3556,0,0,0.9147,0.003801
41,141,70,63,em-e362f95d25c3,巳ーちゃんさん,fire,ZR,35,4303,3451,3,2ターンの間、自身の攻撃が5回連続攻撃になる,counteraction,4,1,1,0,0,1,0.25,1,0.3547,0,0,0.9669,0.003921
42,142,71,65,em-3cce096dfee9,カギサナ子,fire,CR,15,2415,2415,4,2ターンの間、リーダーの攻撃力を400%増加させる,counteraction,4,1,1,0,0,1,0.25,1,0.3484,0,0,0.9887,0.003865
43,143,72,71,em-8d98226e5962,玉稜の首領・たまうー,fire_wind,ZR,29,3067,4260,4,敵全員の攻撃カウントを1増加させる,ignored,4,1,1,0,0,1,0.25,1,0.3478,0,0,0.9668,0.003683
44,40,73,38,em-ad53908276ac,ピコ島ぴーこ,fire_wind,MZR,47,4007,5112,1,風属性の味方全員のHPを42%回復する,advantage_creation,4,1,1,1,0,1,0.25,1,0.3478,1.25,0,0.9142,0.005033
45,144,74,75,em-2a96e91a2f35,雪男フェス祭カーニバル,water,ZR,38,5793,1874,5,死亡している味方全員を40%のHPで蘇らせる,advantage_creation,4,1,1,0,0,1,0.25,1,0.3452,0,0,0.9666,0.00349
46,145,75,74,em-c4b0b6848f16,?????,fire,CR,17,2828,2470,3,風属性の味方全員のスキルカウントを2減少させる,ignored,4,1,1,0,0,1,0.25,1,0.3425,0,0,0.9885,0.003505
47,146,76,87,em-c750011c554d,夢奈マコ（16才）,water,MZR,60,7497,2130,5,1ターンの間、攻撃を自身に集中させる(89%カット),advantage_creation,4,1,1,0,0,1,0.25,1,0.3425,0,0,0.9138,0.003128
48,9,77,19,em-c67ab163f5d6,さくらこはダムです,water,N,12,2092,735,1,1ターンの間、風属性の攻撃を自身に集中させる(80%カット),advantage_creation,4,1,1,1,0,1,0.24,1,0.3397,2.5,0,0.9995,0.007725
49,147,78,83,em-88028fdebb04,オペラハウス侯爵,water,CR,24,3154,3177,3,死亡している火属性の味方全員を100%のHPで蘇らせる,advantage_creation,4,1,1,0,0,1,0.24,1,0.3397,0,0,0.9884,0.003266
50,148,79,91,em-4c764571b9ab,お稲荷様のパシリ,water,MZR,47,6816,3408,1,2ターンの間、風属性の敵に対する自身の攻撃力を150%増加させる,counteraction,4,1,1,1,0,1,0.25,1,0.339,0,0,0.9134,0.002959
51,85,80,77,em-d08c9e36ef51,地獄雀！阿蘇さん,fire,CR,17,3413,2061,1,1ターンの間、水属性の攻撃を自身に集中させる(80%カット),advantage_creation,4,1,1,1,0,1,0.25,1,0.3366,0.25,0,0.9884,0.003479
52,149,81,93,em-d22cc44e6b53,ニタりん,fire,ZR,16,1090,2044,3,1ターンの間、味方全員の攻撃が2回連続攻撃になる,counteraction,4,1,1,0,0,1,0.25,1,0.3366,0,0,0.9661,0.0029
53,150,82,92,em-309fbe104636,いーびルン,fire,CR,15,2254,2576,7,2ターンの間、攻撃をリーダーに集中させる(95%カット),advantage_creation,4,1,1,0,0,1,0.25,1,0.3359,0,0,0.9883,0.00291
54,151,83,67,em-c1bbe00e5d61,ジョンは時を知らない,all,ZR,48,4771,3493,0,7ターンの間、自身の攻撃力を16%増加させる,counteraction,4,1,1,1,1,1,0.24,1,0.3331,0,0,0.9659,0.003782
55,152,84,100,em-b97fa105ba34,うまうーさん♪,water_wind,MZR,40,5793,3067,5,1ターンの間、火属性の攻撃を自身に集中させる(100%カット),advantage_creation,4,1,1,0,0,1,0.24,1,0.3331,0,0,0.9127,0.002535
56,153,85,103,em-e394b3795363,伝説の少女キャンディ,fire_wind,MZR,50,5507,5507,7,味方全員のスキルカウントを5減少させる,ignored,4,1,1,0,0,1,0.24,1,0.3298,0,0,0.9125,0.002466
57,154,86,99,em-7a8f08b97855,カルボ姉（ねえ）,fire_wind,CR,18,3792,2556,1,1ターンの間、リーダーの攻撃が2回連続攻撃になる,counteraction,4,1,1,0,0,1,0.23,1,0.3286,0,0,0.9882,0.002633
58,155,87,101,em-4e2a71a8e1a6,ハチモドキアブ,water,ZR,55,5623,6100,2,死亡している水属性の味方全員を50%のHPで蘇らせる,advantage_creation,4,1,1,0.25,0,1,0.24,1,0.3263,0,0,0.9656,0.002492
59,156,88,104,em-d695befcbdc2,収穫☆にいがタン,fire_wind,CR,26,4508,3655,3,2ターンの間、水属性の攻撃を自身に集中させる(70%カット),advantage_creation,4,1,1,0,0,1,0.25,1,0.321,0,0,0.9881,0.002465
60,157,89,114,em-7ba25345ffb0,シーさま,fire_wind,MZR,60,4601,4601,3,敵全員の攻撃カウントを1増加させる,ignored,4,1,1,0,0,1,0.24,1,0.3204,0,0,0.912,0.002216
61,158,90,102,em-59636157ae2e,コーベンパイア天爵,fire_water,ZR,45,5282,1757,2,2ターンの間、味方全員に火属性の敵からのダメージを33%軽減するシールドを与える,advantage_creation,4,1,1,0.25,0,1,0.23,1,0.3198,0,0,0.9654,0.00247
62,159,91,120,em-bc583c6ff83e,卍石★モチ子,fire_wind,MZR,40,4625,4966,5,1ターンの間、水属性の攻撃を自身に集中させる(100%カット),advantage_creation,4,1,1,0,0,1,0.23,1,0.3198,0,0,0.9117,0.002148
63,160,92,117,em-02e0499d8e24,朱雀,fire,ZR,36,4430,4941,4,1ターンの間、風属性の敵に対する味方全員の攻撃力を200%増加させる,counteraction,4,1,1,0,0,1,0.23,1,0.3177,0,0,0.9652,0.002169
64,161,93,116,em-228697ae4ca1,かつお☆カーニバル,water,N,7,1128,1198,2,リーダーのスキルカウントを2減少させる,ignored,4,1,1,0,0,1,0.22,1,0.3165,0,0,0.9993,0.002203
65,162,94,122,em-294f61da0084,Ｃ・Ｃ☆電車姫,fire_water,CR,22,3741,1973,4,3ターンの間、自身の攻撃力を200%増加させる,counteraction,4,1,1,0,0,1,0.22,1,0.3085,0,0,0.9879,0.00212
66,163,95,123,em-1a835be38386,朱雀ニート,water,N,5,320,320,6,死亡している水属性の味方全員を5%のHPで蘇らせる,advantage_creation,4,1,1,0,0,1,0.22,1,0.3072,0,0,0.9993,0.002079
67,164,96,128,em-96c8b7af6f5c,ネギtheダーウィン,all,ZR,30,5112,0,5,1ターンの間、味方全員の属性を全属性(3色混合)に変更する,adaptive,4,1,1,0,0,1,0.22,1,0.305,0,0,0.9649,0.001981
68,165,97,131,em-a24482970c23,ご機嫌斜めのウィーン様,fire,ZR,42,4941,2896,5,2ターンの間、味方全員の攻撃力を150%増加させる,counteraction,4,1,1,0,0,1,0.22,1,0.3003,0,0,0.9648,0.00192
69,166,98,132,em-d368809aa822,ﾜﾙﾌﾟﾙｷﾞｽなメル子様,water_wind,ZR,39,6560,3152,3,1ターンの間、火属性の攻撃を自身に集中させる(80%カット),advantage_creation,4,1,1,0.25,0,1,0.22,1,0.295,0,0,0.9648,0.00189
70,167,99,138,em-7d756ba8373e,謹賀新年のびゃこ,fire_wind,MZR,47,2300,6219,4,3ターンの間、水属性の敵に対する自身の攻撃力を999%増加させる,counteraction,4,1,1,0,0,1,0.21,1,0.2932,0,0,0.9106,0.001752
71,168,100,135,em-55cdacc97f8e,バーチャルおぅぼっと,water,CR,25,4025,1610,7,1ターンの間、味方全員に水属性の敵からのダメージを100%軽減するシールドを与える,advantage_creation,4,1,1,0,0,1,0.2,1,0.2911,0,0,0.9877,0.001837
72,169,101,137,em-285a6b18bfb1,いろはの曙ちゃん,fire_water,CR,18,2705,2705,0,自身のHPを50%回復する,advantage_creation,4,1,1,1,1,1,0.21,1,0.2905,0,0,0.9877,0.001766
73,170,102,222,em-4c03ad40dce9,源のゴライコー,all,伝,75,7923,6390,4,3ターンの間、自身の攻撃力を500%増加させる,counteraction,4,1,1,0,0,1,0.21,1,0.2856,0,0,0.3921,0.000692
74,171,103,225,em-a8e1bfbd68cd,秋のタツタちゃん,fire_water,伝,80,10224,4771,4,2ターンの間、自身の攻撃が8回連続攻撃になる,counteraction,4,1,1,0,0,1,0.2,1,0.2786,0,0,0.392,0.000667
75,172,104,140,em-a74603ad2679,白虎,water,ZR,36,5112,3408,4,1ターンの間、火属性の敵に対する味方全員の攻撃力を200%増加させる,counteraction,4,1,1,0,0,1,0.2,1,0.2758,0,0,0.9643,0.001621
76,173,105,144,em-c6337efaceae,ｴﾚｶﾞﾝﾄ☆トラボル子,all,ZR,47,4260,4771,5,3ターンの間、水属性の味方全員の攻撃が全体攻撃になる,counteraction,4,1,1,0,0,1,0.2,1,0.2758,0,0,0.9642,0.001563
77,174,106,153,em-1e9e4475c353,ゲラー･ｻﾞ･ｸﾞﾗﾃﾞｨｴｲﾀｰ,fire_wind,MZR,55,3408,5964,2,1ターンの間、水属性の敵に対する味方全員の攻撃力を181%増加させる,counteraction,4,1,1,0,0,1,0.2,1,0.2729,0,0,0.9097,0.001461
78,175,107,154,em-d5ea84224259,ﾌﾗﾝﾀﾞｰｽのわんわんお,water,MZR,38,5538,3190,3,2ターンの間、攻撃を自身に集中させる(68%カット),advantage_creation,4,1,1,0,0,1,0.2,1,0.2702,0,0,0.9095,0.001449
79,176,108,146,em-a07828a97733,降臨！いつくしーみん,water,CR,19,1761,3381,1,1ターンの間、風属性の敵に対する自身の攻撃力を120%増加させる,counteraction,4,1,1,1,0,1,0.19,1,0.2596,0,0,0.9874,0.0015
80,177,109,156,em-2c691fe63d0d,ブッシュドノエルん,fire_wind,ZR,38,3652,5354,2,1ターンの間、リーダーの攻撃力を250%増加させる,counteraction,4,1,1,0.25,0,1,0.17,1,0.2516,0,0,0.9639,0.001417
81,178,110,155,em-e3e851204c8b,イカすぜ！よりりん,fire,CR,18,2576,2576,2,1ターンの間、味方全員の属性を風属性に変更する,adaptive,4,1,1,0,0,1,0.17,1,0.2359,0,0,0.9874,0.001431
82,179,111,159,em-18a6642e277e,旧市街地の魔物,fire,N,8,2799,16,4,1ターンの間、自身の攻撃力を115000%増加させる,counteraction,4,1,1,0,0,1,0.17,1,0.2359,0,0,0.9991,0.001404
83,180,112,162,em-5a047ed41d97,KJの少女Hi児,all,MZR,48,4941,3919,5,2ターンの間、味方全員の攻撃が3回連続攻撃になる,counteraction,4,1,1,0,0,1,0.17,1,0.2303,0,0,0.9088,0.001281
84,181,113,151,em-1d6b42059506,レーティッシュ凛子,water_wind,ZR,35,5623,3229,3,2ターンの間、火属性の敵に対する味方全員の攻撃力を150%増加させる,counteraction,4,1,1,0.5,0,1,0.17,1,0.2303,0,0,0.9636,0.001473
85,182,114,160,em-d90aa04af44f,グウィネズ兄弟,all,CR,34,2066,3197,5,2ターンの間、味方全員の攻撃が4回連続攻撃になる,counteraction,4,1,1,0,0,1,0.16,1,0.2213,0,0,0.9872,0.001341
86,183,115,166,em-c8baf5b3e504,斑鳩の太子くん,fire,ZR,36,4260,2896,4,火属性の味方全員のHPを100%回復する,advantage_creation,4,1,1,0,0,1,0.16,1,0.2213,0,0,0.9634,0.001236
87,184,116,165,em-d6cc97b363eb,ユウレイイカさん,water,CR,10,1363,1704,5,死亡している水属性の味方全員を1%のHPで蘇らせる,advantage_creation,4,1,1,0,0,1,0.15,1,0.2211,0,0,0.9872,0.001271
88,185,117,163,em-de449f69edb5,タミフルニキ,fire_wind,N,14,1257,1147,3,2ターンの間、味方全員に水属性の敵からのダメージを80%軽減するシールドを与える,advantage_creation,4,1,1,0,0,1,0.12,1,0.1804,0,0,0.999,0.001279
89,186,118,171,em-c623973fc8a5,うおぬまンダーＲ上Ｘ,fire,R,15,1208,2567,4,2ターンの間、自身の攻撃が全体攻撃になる,counteraction,4,0.875,0.63,0,0,1,0.34,1,0.4346,0,0,0.9984,0.001174
90,187,119,174,em-d09d2f80d34e,トマティーナ少佐,fire_water,CR,16,3748,2130,2,2ターンの間、自身の攻撃が2回連続攻撃になる,counteraction,4,0.875,0.63,0,0,1,0.32,1,0.4062,0,0,0.9871,0.001135
91,66,120,129,em-31758a7d7c63,ﾗｰｶﾞﾙﾌﾘｮｩﾄﾙﾑりん,water,MZR,47,5700,2292,3,2ターンの間、火属性の味方全員にダメージを75%軽減するシールドを与える,advantage_creation,4,0.875,0.63,0.25,0,1,0.31,1,0.3979,0.75,0,0.9077,0.001955
92,10,121,34,em-c2219f10d4e0,青コリくん,water,CR,16,1533,2556,0,1ターンの間、味方全員に火属性の敵からのダメージを20%軽減するシールドを与える,advantage_creation,4,0.875,0.63,1,1,1,0.3,1,0.3943,2.5,0,0.987,0.005343
93,188,122,178,em-629cc99564e0,帝王ヒルズ様,fire,CR,17,1867,3333,1,1ターンの間、水属性の敵に対する自身の攻撃力を300%増加させる,counteraction,4,0.875,0.63,0.75,0,1,0.29,1,0.3818,0,0,0.987,0.00106
94,189,123,181,em-c573b4be1553,ｷﾞｶﾞももたろす,fire,CR,12,1300,1300,3,1ターンの間、自身の属性を風属性に変更する,adaptive,4,0.875,0.63,0,0,1,0.29,1,0.3795,0,0,0.9869,0.001035
95,26,124,80,em-c1c986f4f89a,爆誕！ももたろす,fire,MZR,62,4260,5964,1,1ターンの間、味方全員の属性を風属性に変更する,adaptive,4,0.875,0.63,0.75,0,1,0.29,1,0.3795,1.5,0,0.9072,0.003399
96,190,125,182,em-0ccc51b405ca,初代畳リーゼント,fire,R,13,1045,2258,4,1ターンの間、リーダーの攻撃力を300%増加させる,counteraction,4,0.875,0.63,0,0,1,0.28,1,0.3726,0,0,0.9983,0.001001
97,191,126,184,em-f4ac535052c1,ɑム・ɑクト・パップ,fire,R,13,1341,2416,4,味方全員のHPを88%回復する,advantage_creation,4,0.875,0.63,0,0,1,0.28,1,0.3716,0,0,0.9982,0.000978
98,192,127,187,em-4dc27428f645,よりりんＫ林スタイル,fire_water,CR,24,2576,2576,2,1ターンの間、味方全員の属性を風属性に変更する,adaptive,4,0.875,0.63,0,0,1,0.28,1,0.3716,0,0,0.9868,0.000945
99,193,128,179,em-f5955c15b029,ばんば新年2026,all,MZR,60,7668,3438,1,2ターンの間、風属性の敵に対する自身の攻撃力を120%増加させる,counteraction,4,0.875,0.63,1,0,1,0.29,1,0.3714,0,0,0.9066,0.001041
100,194,129,189,em-2a2200aaa8bd,バロック神父そん,fire,R,18,1993,1812,6,1ターンの間、火属性の攻撃を自身に集中させる(95%カット),advantage_creation,4,0.875,0.63,0,0,1,0.28,1,0.3668,0,0,0.9982,0.000915
101,195,130,192,em-fa3191833d67,エヴァン,fire_water,CR,28,3381,2776,2,1ターンの間、味方全員にダメージを50%軽減するシールドを与える,advantage_creation,4,0.875,0.63,0,0,1,0.27,1,0.361,0,0,0.9867,0.000887
102,196,131,183,em-3767457f6cce,ｷﾗﾒｷﾒﾗ☆ヒラメ様,water,MZR,40,5367,2215,1,2ターンの間、自身の属性を風属性に変更する,adaptive,4,0.875,0.63,0.5,0,1,0.27,1,0.3595,0,0,0.9062,0.000992
103,197,132,203,em-95694ab0605a,超★メジェド様,all,MZR,44,2300,3432,2,1ターンの間、攻撃を自身に集中させる(90%カット),advantage_creation,4,0.875,0.63,0,0,1,0.27,1,0.3587,0,0,0.9061,0.000778
104,198,133,205,em-bbce42d72486,東がエデン,fire_water,MZR,50,5112,5112,0,1ターンの間、自身の属性を火属性に変更する,adaptive,4,0.875,0.63,0,1,1,0.27,1,0.3587,0,0,0.906,0.000761
105,199,134,209,em-1749aff71419,ミシャグジさまさま,water_wind,MZR,60,6986,3578,2,1ターンの間、火属性の敵に対する味方全員の攻撃力を170%増加させる,counteraction,4,0.875,0.63,0.25,0,1,0.27,1,0.357,0,0,0.9058,0.000747
106,200,135,200,em-e2624c3cfdbc,美才能♪かの子さん,fire,CR,18,1288,4025,5,3ターンの間、自身の攻撃が7回連続攻撃になる,counteraction,4,0.875,0.63,0,0,1,0.27,1,0.3544,0,0,0.9865,0.000796
107,201,136,214,em-0183a7a13db2,かーたん・べーり,fire_water,MZR,32,4089,4089,5,1ターンの間、風属性の攻撃を自身に集中させる(100%カット),advantage_creation,4,0.875,0.63,0,0,1,0.28,1,0.352,0,0,0.9055,0.000719
108,202,137,204,em-a5d6506eec58,瓜だね女中,fire,CR,15,3220,1610,4,味方全員のHPを120%回復する,advantage_creation,4,0.875,0.63,0.25,0,1,0.26,1,0.3489,0,0,0.9864,0.000763
109,203,138,194,em-8038935d7100,竜宮の翁,fire,MZR,38,4771,3748,2,3ターンの間、自身の攻撃力を100%増加させる,counteraction,4,0.875,0.63,0.25,0,1,0.26,1,0.3476,0,0,0.9053,0.00086
110,204,139,320,em-962f1faafed7,三貴子アマテラス,fire_water,伝,75,10309,5112,5,死亡している味方全員を20%のHPで蘇らせる,advantage_creation,4,0.875,0.63,0,0,1,0.26,1,0.3396,0,0,0.3879,0.000288
111,205,140,227,em-6c9a66a7da8c,抹殺音ズース,fire_water,MZR,40,5623,3408,6,味方全員のHPを300%回復する,advantage_creation,4,0.875,0.63,0,0,1,0.25,1,0.3378,0,0,0.905,0.000658
112,206,141,216,em-8532615661b1,ハズクさん,fire,R,10,500,400,8,1ターンの間、火属性の味方全員の攻撃が3回連続攻撃になる,counteraction,4,0.875,0.63,0,0,1,0.27,1,0.3366,0,0,0.998,0.00071
113,16,142,62,em-0784bb7beecf,ダリア・宮子・9,water_wind,MZR,42,4771,4089,0,味方全員のHPを25%回復する,advantage_creation,4,0.875,0.63,1,1,1,0.25,1,0.336,2,0,0.9047,0.003924
114,207,143,223,em-8a847b9e3d1d,アストロ・あっしゅ,fire_water,CR,15,1900,1100,5,1ターンの間、火属性の攻撃を自身に集中させる(40%カット),advantage_creation,4,0.875,0.63,0,0,1,0.24,1,0.3277,0,0,0.9862,0.000681
115,208,144,196,em-490281caead8,にくぁう羽子板・辰,fire_water,MZR,36,3449,3449,0,6ターンの間、風属性の敵に対する自身の攻撃力を24%増加させる,counteraction,4,0.875,0.63,1,1,1,0.24,1,0.3277,0,0,0.9044,0.000853
116,209,145,228,em-83399e4df86b,必罰のエルフ,fire,CR,18,2093,3281,4,1ターンの間、火属性の敵に対する味方全員の攻撃力を120%増加させる,counteraction,4,0.875,0.63,0,0,1,0.24,1,0.3263,0,0,0.9862,0.00065
117,210,146,233,em-f119f767f457,アダム＆エバ,fire_water,ZR,50,5112,4260,4,2ターンの間、味方全員の攻撃力を100%増加させる,counteraction,4,0.875,0.63,0,0,1,0.24,1,0.3252,0,0,0.961,0.00062
118,211,147,231,em-df95e8471300,名家ぴよ子お嬢様,fire,R,10,1331,1374,5,1ターンの間、火属性の味方全員の攻撃力を150%増加させる,counteraction,4,0.875,0.63,0,0,1,0.24,1,0.3196,0,0,0.9978,0.000632
119,212,148,234,em-8de6e4494a60,称えよ☆メジェド様！,all,CR,25,2415,2415,2,1ターンの間、攻撃を自身に集中させる(80%カット),advantage_creation,4,0.875,0.63,0,0,1,0.25,1,0.3193,0,0,0.9861,0.000612
120,213,149,235,em-3ac00001d30a,ネギの向こう側,all,CR,20,2262,2273,0,味方全員のHPを1%回復する,advantage_creation,4,0.875,0.63,1,1,1,0.23,1,0.315,0,0,0.986,0.0006
121,214,150,245,em-7a5536e43124,因幡WAHHH!!,fire,MZR,31,3578,4771,4,1ターンの間、風属性の敵に対する自身の攻撃力を1780%増加させる,counteraction,4,0.875,0.63,0,0,1,0.23,1,0.3142,0,0,0.9036,0.000545
122,215,151,247,em-40bd3b1e44fa,五月病の悪魔の契約,fire_water,MZR,55,4123,4226,4,2ターンの間、水属性の味方全員の攻撃が全体攻撃になる,counteraction,4,0.875,0.63,0,0,1,0.23,1,0.3142,0,0,0.9035,0.00053
123,216,152,242,em-7c8471edf1df,ハロハロ☆ナモミさま,water_wind,ZR,36,2556,4260,2,1ターンの間、自身の攻撃力を200%増加させる,counteraction,4,0.875,0.63,0,0,1,0.23,1,0.3136,0,0,0.9605,0.000555
124,217,153,251,em-67c9c425e81c,大いなる奇なる皇女,fire,MZR,60,4260,4260,5,4ターンの間、水属性の味方全員の攻撃が5回連続攻撃になる,counteraction,4,0.875,0.63,0,0,1,0.23,1,0.3136,0,0,0.9032,0.000511
125,218,154,244,em-769713d8548b,ザ・NPfLやすなり,water,CR,20,1800,1800,0,1ターンの間、自身の属性を火属性に変更する,adaptive,4,0.875,0.63,0,1,1,0.23,1,0.3136,0,0,0.9859,0.000547
126,219,155,248,em-ec5b8324ab06,袴着！いつくしーみん,water,ZR,36,3401,3401,2,2ターンの間、風属性の敵に対する自身の攻撃力を753%増加させる,counteraction,4,0.875,0.63,0,0,1,0.23,1,0.3119,0,0,0.9603,0.000527
127,220,156,246,em-547d0e27e1f1,魚堅くん,water,N,3,400,500,7,リーダーのスキルカウントを3減少させる,ignored,4,0.875,0.63,0,0,1,0.23,1,0.3113,0,0,0.9986,0.000542
128,221,157,164,em-2c6fd048179d,ジョン・鮭児,all,CR,23,1448,2726,0,5ターンの間、自身の攻撃力を12%増加させる,counteraction,4,0.875,0.63,1,1,1,0.24,1,0.3095,0,0,0.9858,0.001275
129,222,158,253,em-f70fc38ed477,栗栖　益子さん,fire_water,ZR,40,4175,4106,4,1ターンの間、自身の攻撃が12回連続攻撃になる,counteraction,4,0.875,0.63,0,0,1,0.23,1,0.309,0,0,0.9601,0.0005
130,223,159,263,em-6ceef8f285a4,可愛馬！真純ちゃん,water,MZR,41,5964,4566,2,1ターンの間、火属性の味方全員の攻撃が2回連続攻撃になる,counteraction,4,0.875,0.63,0,0,1,0.23,1,0.3077,0,0,0.9024,0.000459
131,27,160,88,em-86926ff7d06c,満喫♪新年にくぁう,fire,CR,24,2085,3449,1,1ターンの間、味方全員にダメージを20%軽減するシールドを与える,advantage_creation,4,0.875,0.63,0.75,0,1,0.23,1,0.3055,1.5,0,0.9857,0.003116
132,224,161,267,em-74c87c37d930,むぅむぅ,all,MZR,30,2839,2525,3,2ターンの間、自身の攻撃が6回連続攻撃になる,counteraction,4,0.875,0.63,0,0,1,0.23,1,0.2993,0,0,0.9021,0.000445
133,225,162,256,em-a6a4e9c825f7,ハズクの姐御,fire,R,14,1359,1510,6,1ターンの間、火属性の味方全員の攻撃が3回連続攻撃になる,counteraction,4,0.875,0.63,0,0,1,0.22,1,0.298,0,0,0.9976,0.000485
134,226,163,264,em-e15fbf6ecd0c,シャーロック&エッジュ,fire_wind,ZR,41,4260,5112,2,水属性の味方全員のスキルカウントを1減少させる,ignored,4,0.875,0.63,0,0,1,0.22,1,0.298,0,0,0.9597,0.000457
135,227,164,259,em-d5ed773d56cd,夏至祭のヴァサクサ君,fire_water,CR,18,3976,2156,2,風属性の味方全員のスキルカウントを1減少させる,ignored,4,0.875,0.63,0,0,1,0.22,1,0.2944,0,0,0.9855,0.000465
136,55,165,143,em-95e1d74be5b6,Ｈ・Ｆ・ウーマン,water,ZR,47,6305,3748,2,1ターンの間、攻撃を自身に集中させる(70%カット),advantage_creation,4,0.875,0.63,0.5,0,1,0.23,1,0.2931,1,0,0.9595,0.001592
137,228,166,265,em-86e0d0475819,使い魔のミナヅキ,fire,CR,22,2385,3067,2,2ターンの間、風属性の味方全員の攻撃力を88%増加させる,counteraction,4,0.875,0.63,0,0,1,0.21,1,0.2882,0,0,0.9855,0.000451
138,229,167,268,em-b7b738711fb0,ちくわサンド,all,CR,23,2817,2656,2,1ターンの間、自身の攻撃力を250%増加させる,counteraction,4,0.875,0.63,0,0,1,0.21,1,0.2882,0,0,0.9854,0.000442
139,230,168,271,em-0d48fb639618,どうする？リオンさん,fire,CR,18,2093,2737,3,風属性の敵全員の攻撃カウントを2増加させる,ignored,4,0.875,0.63,0,0,1,0.21,1,0.2864,0,0,0.9854,0.000436
140,231,169,275,em-45dad5139056,ベギン改・修道女,fire_wind,ZR,37,4565,4467,4,死亡している火属性の味方全員を20%のHPで蘇らせる,advantage_creation,4,0.875,0.63,0,0,1,0.21,1,0.284,0,0,0.9592,0.000422
141,232,170,274,em-d8d7722f9f21,赤パジャマさん,fire_wind,CR,20,2240,3262,5,1ターンの間、水属性の攻撃を自身に集中させる(98%カット),advantage_creation,4,0.875,0.63,0,0,1,0.21,1,0.284,0,0,0.9853,0.000426
142,233,171,278,em-378cec222ec5,熱ぅい！地獄雀,fire,ZR,45,5964,3408,5,死亡している火属性の味方全員を100%のHPで蘇らせる,advantage_creation,4,0.875,0.63,0,0,1,0.21,1,0.2833,0,0,0.959,0.000411
143,234,172,276,em-bca5e711ca4b,あろま・シュワー,fire,N,16,1060,1201,5,死亡している火属性の味方全員を100%のHPで蘇らせる,advantage_creation,4,0.875,0.63,0,0,1,0.2,1,0.2828,0,0,0.9984,0.000416
144,235,173,287,em-d76a5850c323,牛追いガウガウ,water,MZR,40,5964,1704,4,1ターンの間、味方全員に火属性の敵からのダメージを93%軽減するシールドを与える,advantage_creation,4,0.875,0.63,0,0,1,0.2,1,0.2828,0,0,0.9004,0.00037
145,236,174,289,em-81078d011501,年齢不詳！エンゼル様,all,MZR,22,2215,3237,3,水属性の味方全員のHPを111%回復する,advantage_creation,4,0.875,0.63,0,0,1,0.2,1,0.2823,0,0,0.9003,0.000368
146,237,175,293,em-32538f7c8341,熊殺しのサンタマン,water_wind,MZR,58,6560,4345,5,敵全員の攻撃カウントを2増加させる,ignored,4,0.875,0.63,0,0,1,0.21,1,0.2815,0,0,0.9001,0.000359
147,238,176,282,em-4e9bf489ecd9,怒りのマッキニキ,fire,R,14,2416,1359,3,2ターンの間、味方全員に水属性の敵からのダメージを80%軽減するシールドを与える,advantage_creation,4,0.875,0.63,0,0,1,0.21,1,0.279,0,0,0.9973,0.000394
148,239,177,286,em-34ff44ed1803,富士さんは魔女,water,ZR,42,5112,4260,4,死亡している水属性の味方全員を10%のHPで蘇らせる,advantage_creation,4,0.875,0.63,0,0,1,0.2,1,0.2743,0,0,0.9586,0.000379
149,240,178,197,em-d1a3ff650b2f,メテオ大好きっこ,fire,CR,26,4669,3229,0,2ターンの間、自身の攻撃力を10%増加させる,counteraction,4,0.875,0.63,1,1,1,0.2,1,0.2743,0,0,0.9851,0.000829
150,241,179,285,em-b422734eb78b,たたーる星人,fire,R,15,1812,1510,2,1ターンの間、味方全員の攻撃力を30%増加させる,counteraction,4,0.875,0.63,0,0,1,0.2,1,0.2743,0,0,0.9972,0.000379
151,242,180,288,em-474d7b7d3bbe,イチャン～(から),fire_water,CR,26,3606,2850,2,1ターンの間、自身の攻撃が全体攻撃になる,counteraction,4,0.875,0.63,0,0,1,0.2,1,0.2743,0,0,0.985,0.000368
152,243,181,295,em-ffdcaffc4a41,雑煮入り☆うるっしー,all,ZR,36,3443,3443,4,2ターンの間、攻撃を自身に集中させる(80%カット),advantage_creation,4,0.875,0.63,0,0,1,0.2,1,0.2713,0,0,0.9582,0.000354
153,244,182,301,em-a81a753351d9,戸定梨香,all,MZR,28,3216,3534,4,死亡している味方全員を7%のHPで蘇らせる,advantage_creation,4,0.875,0.63,0,0,1,0.2,1,0.2661,0,0,0.8991,0.000328
154,245,183,255,em-14092b64f08d,コハク糖の魔導師,fire_wind,MZR,46,4379,5367,3,2ターンの間、味方全員の属性を風属性に変更する,adaptive,4,0.875,0.63,0.25,0,1,0.19,1,0.2567,0,0,0.899,0.000493
155,246,184,306,em-18279a838450,白刃舞うは存亡の秋,water,MZR,70,6816,4260,4,3ターンの間、火属性の敵に対する味方全員の攻撃力を222%増加させる,counteraction,4,0.875,0.63,0,0,1,0.19,1,0.2567,0,0,0.8989,0.00032
156,247,185,304,em-2a823144560b,パンのん☆春間,all,MZR,56,3919,3408,0,1ターンの間、味方全員に風属性の敵からのダメージを20%軽減するシールドを与える,advantage_creation,4,0.875,0.63,1,1,1,0.19,1,0.2563,0,0,0.8987,0.00032
157,56,186,149,em-85946f26dcf5,鉄人！ガヨーマルト,fire,CR,18,3381,1610,1,1ターンの間、味方全員の属性を風属性に変更する,adaptive,4,0.875,0.63,0.5,0,1,0.19,1,0.2563,1,0,0.9848,0.001487
158,248,187,298,em-a0601347b042,グラーツ君,fire,ZR,36,2896,5282,3,2ターンの間、水属性の敵に対する味方全員の攻撃力を150%増加させる,counteraction,4,0.875,0.63,0,0,1,0.19,1,0.2563,0,0,0.9578,0.000334
159,249,188,302,em-37ae218b7e9e,有砂小町,water,ZR,40,5112,5112,7,味方全員のスキルカウントを4減少させる,ignored,4,0.875,0.63,0,0,1,0.19,1,0.2563,0,0,0.9577,0.000328
160,250,189,299,em-99eb90e0260f,傾国の二条嬢,fire,CR,17,2656,2495,2,1ターンの間、水属性の攻撃を自身に集中させる(90%カット),advantage_creation,4,0.875,0.63,0,0,1,0.19,1,0.2563,0,0,0.9847,0.000333
161,251,190,297,em-08f945aef274,朦朧ボディマン,water,R,6,200,500,11,1ターンの間、味方全員の攻撃が4回連続攻撃になる,counteraction,4,0.875,0.63,0,0,1,0.19,1,0.254,0,0,0.997,0.00034
162,252,191,303,em-22dd126a0f3a,どーん竜馬,fire,CR,17,2898,2898,3,1ターンの間、自身の攻撃力を200%増加させる,counteraction,4,0.875,0.63,0,0,1,0.19,1,0.254,0,0,0.9846,0.000325
163,86,192,212,em-7b7bc6faa9ba,パティは実況勢,all,MZR,41,5623,3352,2,1ターンの間、自身にダメージを77%軽減するシールドを与える,advantage_creation,4,0.875,0.63,0.25,0,1,0.19,1,0.2528,0.25,0,0.8977,0.000733
164,253,193,317,em-d0639c20e6b1,ユーコ☆宇宙,all,MZR,24,4260,2556,4,死亡している風属性の味方全員を25%のHPで蘇らせる,advantage_creation,4,0.875,0.63,0,0,1,0.18,1,0.2483,0,0,0.8976,0.000293
165,254,194,307,em-da8da47e0c9c,さるぼぼ・ぼーぼぼ,fire,R,14,1661,2114,3,1ターンの間、自身の攻撃が全体攻撃になる,counteraction,4,0.875,0.63,0,0,1,0.18,1,0.2483,0,0,0.997,0.00032
166,255,195,313,em-aff304b1eab4,日本一の桃たろす,fire,ZR,42,4260,5964,2,1ターンの間、味方全員の属性を風属性に変更する,adaptive,4,0.875,0.63,0.25,0,1,0.18,1,0.2483,0,0,0.9571,0.000303
167,256,196,258,em-1e3b5bb54d35,ナナフシ,fire,ZR,30,4175,2999,2,3ターンの間、自身の属性を水属性に変更する,adaptive,4,0.875,0.63,0.25,0,1,0.18,1,0.2469,0,0,0.957,0.00047
168,257,197,310,em-a14b58fbc4fa,うるっしー,fire,CR,8,1000,400,5,1ターンの間、攻撃を自身に集中させる(70%カット),advantage_creation,4,0.875,0.63,0,0,1,0.18,1,0.2442,0,0,0.9844,0.000313
169,258,198,326,em-ad82a61bcc2a,ｺﾄﾖﾛ!巳ーちゃん様,all,MZR,55,6901,3451,4,2ターンの間、味方全員にダメージを66%軽減するシールドを与える,advantage_creation,4,0.875,0.63,0,0,1,0.18,1,0.2442,0,0,0.8969,0.000276
170,259,199,314,em-8803e5b07894,風林火山のぶくろ公,fire,CR,22,2254,2576,5,2ターンの間、味方全員の攻撃が全体攻撃になる,counteraction,4,0.875,0.63,0,0,1,0.17,1,0.2424,0,0,0.9843,0.000301
171,260,200,334,em-4e3940289203,スーパー軍師兵衛ズ,fire_water,MZR,60,7838,2385,3,水属性の味方全員のスキルカウントを2減少させる,ignored,4,0.875,0.63,0,0,1,0.17,1,0.2424,0,0,0.8966,0.000271
172,261,201,319,em-24d6f242799c,大浜美波さん,water_wind,ZR,32,3748,3408,5,死亡している水属性の味方全員を100%のHPで蘇らせる,advantage_creation,4,0.875,0.63,0,0,1,0.18,1,0.2413,0,0,0.9566,0.000291
173,262,202,322,em-93e0810ca88c,宇壺田ウツ雄,fire,ZR,25,3067,3067,6,3ターンの間、味方全員に水属性の敵からのダメージを85%軽減するシールドを与える,advantage_creation,4,0.875,0.63,0,0,1,0.17,1,0.2408,0,0,0.9566,0.000284
174,263,203,337,em-dce9e83b7c07,長靴履いたなろう猫,fire_water,MZR,42,3786,2726,3,2ターンの間、味方全員の属性を風属性に変更する,adaptive,4,0.875,0.63,0,0,1,0.17,1,0.2399,0,0,0.8962,0.000264
175,264,204,318,em-b9ee6ac8db32,爆走！えるたそ,fire,R,13,2114,1661,4,2ターンの間、風属性の敵に対する味方全員の攻撃力を200%増加させる,counteraction,4,0.875,0.63,0,0,1,0.17,1,0.236,0,0,0.9968,0.000293
176,265,205,324,em-eb8dcb3ecb46,ヨーコ須賀パイセン,fire_water,ZR,45,5964,3237,3,1ターンの間、火属性の攻撃を自身に集中させる(85%カット),advantage_creation,4,0.875,0.63,0.25,0,1,0.17,1,0.2343,0,0,0.9563,0.000277
177,266,206,323,em-cec2f0ad9373,Dr.フォックス,water_wind,ZR,40,4089,4430,4,敵全員の攻撃カウントを1増加させる,ignored,4,0.875,0.63,0,0,1,0.18,1,0.2324,0,0,0.9562,0.000278
178,267,207,328,em-9cbbb04818bd,シミ,all,ZR,20,1704,2215,4,味方全員のHPを200%回復する,advantage_creation,4,0.875,0.63,0,0,1,0.17,1,0.2315,0,0,0.9562,0.000274
179,268,208,342,em-7f58743c664e,ポリミタス☆おかいこ,fire_water,MZR,34,4771,3069,2,3ターンの間、自身の属性を風属性に変更する,adaptive,4,0.875,0.63,0,0,1,0.16,1,0.2308,0,0,0.8955,0.000258
180,57,209,158,em-4e78a5d0dc7a,中央アルプスの少女達,water,R,13,1812,1510,1,1ターンの間、味方全員に火属性の敵からのダメージを40%軽減するシールドを与える,advantage_creation,4,0.875,0.63,1,0,1,0.17,1,0.2295,1,0,0.9967,0.001408
181,269,210,329,em-a03649b8e724,巨大カンテツ,fire,CR,15,3220,3220,5,火属性の味方全員のHPを175%回復する,advantage_creation,4,0.875,0.63,0,0,1,0.17,1,0.2295,0,0,0.984,0.000274
182,270,211,348,em-9413da55b7e0,ヤマピカリャーコ,all,MZR,47,4515,5095,2,1ターンの間、リーダーの攻撃が3回連続攻撃になる,counteraction,4,0.875,0.63,0,0,1,0.17,1,0.2295,0,0,0.8951,0.000248
183,271,212,330,em-8cff13c7ab2a,ツボの中のウツボン,fire,CR,13,1917,1917,6,3ターンの間、味方全員に水属性の敵からのダメージを80%軽減するシールドを与える,advantage_creation,4,0.875,0.63,0,0,1,0.16,1,0.2197,0,0,0.9839,0.000274
184,272,213,335,em-e42e99273751,輪島のうるっしー,fire,CR,12,1200,500,4,1ターンの間、攻撃を自身に集中させる(70%カット),advantage_creation,4,0.875,0.63,0,0,1,0.16,1,0.2197,0,0,0.9839,0.00027
185,273,214,333,em-c1544fb41324,元キャプテン・hɔーク,water,R,13,1359,1963,1,1ターンの間、火属性の攻撃を自身に集中させる。(80%カット),advantage_creation,4,0.875,0.63,1,0,1,0.15,1,0.2187,0,0,0.9966,0.000271
186,274,215,332,em-6722337c6d78,雨降る倉敷のみかん姐,fire_water,R,15,2718,1963,4,1ターンの間、味方全員の攻撃が全体攻撃になる,counteraction,4,0.875,0.63,0,0,1,0.16,1,0.2148,0,0,0.9966,0.000271
187,275,216,167,em-d65d8f8b3d2e,エズ in スミス,water,CR,20,3542,1771,1,2ターンの間、火属性の攻撃を自身に集中させる(50%カット),advantage_creation,4,0.875,0.63,1,0,1,0.16,1,0.2148,0,0,0.9838,0.001212
188,276,217,343,em-5ad05ec11a09,三連星のオコオコ,fire_wind,ZR,37,3834,3834,3,2ターンの間、水属性の味方全員の攻撃が3回連続攻撃になる,counteraction,4,0.875,0.63,0,0,1,0.16,1,0.214,0,0,0.9554,0.000254
189,277,218,352,em-57dce5f944a3,うらうらら,fire_water,MZR,50,4260,6390,4,2ターンの間、味方全員の攻撃が2回連続攻撃になる,counteraction,4,0.875,0.63,0,0,1,0.15,1,0.2095,0,0,0.8941,0.000236
190,278,219,340,em-a93e62a47cbd,ホレズ先生,water_wind,CR,25,3494,3043,6,死亡している味方全員を80%のHPで蘇らせる,advantage_creation,4,0.875,0.63,0,0,1,0.15,1,0.205,0,0,0.9837,0.000259
191,279,220,351,em-6b4baf5a6b1b,ＫＫマリテレ様,water,MZR,51,6368,2926,1,1ターンの間、味方全員の属性を火属性に変更する,adaptive,4,0.875,0.63,0.25,0,1,0.14,1,0.2049,0,0,0.8938,0.000238
192,280,221,338,em-f439af6dc206,さんとくん大先生,fire,R,12,3020,755,3,水属性の敵全員の攻撃カウントを1増加させる,ignored,4,0.875,0.63,0,0,1,0.14,1,0.2041,0,0,0.9964,0.00026
193,281,222,357,em-2c71a7740b67,エルチェの椰子少女,water_wind,MZR,42,4601,4601,5,2ターンの間、風属性の敵に対する味方全員の攻撃力を500%増加させる,counteraction,4,0.875,0.63,0,0,1,0.14,1,0.1949,0,0,0.8935,0.000231
194,87,223,218,em-4819d53ddb48,ブハラ師匠,water,ZR,39,5708,3237,3,味方全員のHPを130%回復する,advantage_creation,4,0.875,0.63,0.25,0,1,0.15,1,0.1934,0.25,0,0.9549,0.000707
195,282,224,354,em-3e2d46063b3e,なっとくん様,all,MZR,70,8026,4618,1,リーダーのスキルカウントを1減少させる,ignored,4,0.875,0.63,0,0,1,0.14,1,0.1896,0,0,0.8932,0.000234
196,283,225,339,em-ea813aee5d92,ブラジリアン首都術,fire,R,8,1812,1963,4,1ターンの間、自身の攻撃が全体攻撃になる,counteraction,4,0.875,0.63,0,0,1,0.14,1,0.1896,0,0,0.9964,0.000259
197,284,226,350,em-3b878e796aba,なまず仙人,water,ZR,35,4941,1618,4,1ターンの間、味方全員に風属性の敵からのダメージを90%軽減するシールドを与える,advantage_creation,4,0.875,0.63,0,0,1,0.14,1,0.1896,0,0,0.9546,0.000242
198,285,227,344,em-94130e0ff2b5,かずら大先生,fire,R,15,1057,1198,2,1ターンの間、攻撃をリーダーに集中させる(60%カット),advantage_creation,4,0.875,0.63,0,0,1,0.12,1,0.1801,0,0,0.9963,0.000252
199,286,228,365,em-4e77469f1fc4,綺麗な金平さん,water,MZR,42,5112,4260,1,3ターンの間、自身の属性を火属性に変更する,adaptive,4,0.875,0.63,0,0,1,0.13,1,0.1742,0,0,0.8927,0.000227
200,287,229,347,em-d239e5e972de,ズンビーフック,fire_wind,CR,17,2012,3220,4,1ターンの間、風属性の味方全員の攻撃が3回連続攻撃になる,counteraction,4,0.875,0.63,0,0,1,0.13,1,0.1742,0,0,0.9833,0.000248
201,288,230,346,em-4fddbba71de4,大熊びぐべん,fire_water,R,9,600,700,2,1ターンの間、水属性の敵に対する自身の攻撃力を150%増加させる。,counteraction,4,0.875,0.63,0,0,1,0.05,1,0.0788,0,0,0.9963,0.000248
202,38,231,119,em-3c7a40d5b751,宇和島マタドーるん,fire,CR,19,2737,3059,1,1ターンの間、味方全員に水属性の敵からのダメージを50%軽減するシールドを与える,advantage_creation,30,0.7167,0.5631,0.9333,0,1,0.1907,0.9413,0.2555,1.3667,0,0.9832,0.002159
203,25,232,95,em-e7f75bf37d9f,あっついさん,water,MZR,40,6134,2726,0,自身のHPを60%回復する,advantage_creation,30,0.7,0.547,1,1,1,0.2,0.9707,0.2621,1.6,0,0.8921,0.00274
204,289,7,41,em-84589d5b3594,コロちゃん,fire,N,11,1551,1551,1,5ターンの間、水属性の敵に対する味方全員の攻撃力を25%増加させる,counteraction,30,0.7,0.547,0.8,0,1,0.1587,0.948,0.2166,0,0.9667,0.9977,0.004908
205,53,233,147,em-59dbe02c39e1,吸血くん,fire,CR,18,1757,3067,1,1ターンの間、水属性の攻撃を自身に集中させる(90%カット),advantage_creation,30,0.65,0.4862,0.7667,0,1,0.176,0.9027,0.2324,1.1667,0,0.9831,0.001487
206,36,234,125,em-f2a813466bbe,The★Youなリバ子,all,MZR,50,5770,3113,0,自身のHPを77%回復する,advantage_creation,30,0.6333,0.478,1,1,1,0.1507,0.948,0.2022,1.4667,0,0.8917,0.002057
207,54,235,152,em-30793b1211b4,ウルルさんは役者やで,fire,R,15,1310,2189,1,1ターンの間、味方全員に風属性の敵からのダメージを60%軽減するシールドを与える,advantage_creation,30,0.6333,0.471,0.7,0,1,0.156,0.9227,0.2079,1.0667,0,0.9962,0.00147
208,290,236,358,em-edd2253df045,怪奇！変身鬼人形,fire,ZR,25,3408,3834,3,1ターンの間、味方全員の属性を全属性(3色混合)に変更する,adaptive,4,0.75,0.4671,0,0,1,0.27,1,0.3301,0,0,0.9538,0.00023
209,291,237,362,em-e73e837049b5,ｿﾞﾝﾋﾞｶﾞｰﾙ･ガブリン,fire,ZR,28,1366,3834,4,死亡している火属性の味方全員を20%のHPで蘇らせる,advantage_creation,4,0.75,0.4671,0,0,1,0.23,1,0.2933,0,0,0.9537,0.000229
210,5,238,45,em-ab3947962bd3,姫騎士なコンクさん,all,MZR,60,4856,3237,1,1ターンの間、味方全員にダメージを30%軽減するシールドを与える,advantage_creation,4,0.75,0.4671,1,0,1,0.23,1,0.2852,3,0,0.8911,0.004673
211,292,239,384,em-11f22e87203d,骨喰　花蟲,fire,MZR,60,2300,5708,4,死亡している火属性の味方全員を60%のHPで蘇らせる,advantage_creation,4,0.75,0.4671,0,0,1,0.2,1,0.2614,0,0,0.891,0.000212
212,293,240,388,em-cb9a138787d0,摩陀羅　潮真,fire_water,MZR,27,7194,1741,2,1ターンの間、水属性の攻撃を自身に集中させる(80%カット),advantage_creation,4,0.75,0.4671,0.25,0,1,0.2,1,0.2614,0,0,0.8908,0.000212
213,294,241,353,em-091b1c77c643,戸隠ちび蔵,water,R,6,150,950,3,1ターンの間、火属性の敵に対する自身の攻撃力を200%増加させる,counteraction,4,0.75,0.4671,0,0,1,0.19,1,0.2516,0,0,0.996,0.000236
214,295,242,368,em-db7ee0abcada,ＫＲ２ジョーの戦い,fire,ZR,30,2385,4601,3,1ターンの間、自身に火属性の敵からのダメージを95%軽減するシールドを与える,advantage_creation,4,0.75,0.4671,0,0,1,0.19,1,0.2498,0,0,0.9533,0.000225
215,296,243,401,em-6c2ea8631e0d,深海美少年モヅルン,fire_water,MZR,37,5964,2385,3,2ターンの間、風属性の攻撃を自身に集中させる(85%カット),advantage_creation,4,0.75,0.4671,0,0,1,0.17,1,0.228,0,0,0.8904,0.000209
216,297,244,411,em-34853ed0f0f8,ユーコちゃん,all,MZR,24,2556,1533,4,死亡している風属性の味方全員を15%のHPで蘇らせる,advantage_creation,4,0.75,0.4671,0,0,1,0.17,1,0.228,0,0,0.8903,0.000209
217,298,245,359,em-6b4ea2116a46,降臨先祖★ににぎくん,water_wind,CR,20,2334,2817,5,3ターンの間、風属性の敵に対する味方全員の攻撃力を200%増加させる,counteraction,4,0.75,0.4671,0,0,1,0.17,1,0.228,0,0,0.9827,0.00023
218,299,246,355,em-7a89b660417d,くーちゃん,fire,N,5,400,500,4,1ターンの間、味方全員の攻撃力を40%増加させる,counteraction,4,0.75,0.4671,0,0,1,0.16,1,0.2153,0,0,0.9976,0.000232
219,300,247,356,em-6ffc5801eae4,ぎょざる,fire,N,4,293,312,6,1ターンの間、火属性の味方全員の攻撃が全体攻撃になる,counteraction,4,0.75,0.4671,0,0,1,0.14,1,0.188,0,0,0.9976,0.000232
220,301,248,364,em-2e6716824578,横きゅっちゃん,water_wind,CR,19,2817,2817,5,風属性の敵全員の攻撃カウントを2増加させる,ignored,4,0.75,0.4671,0,0,1,0.14,1,0.188,0,0,0.9826,0.000227
221,302,249,592,em-cc181917eaeb,無双中な宗茂さん,all,MZR,60,6405,4941,2,1ターンの間、自身の攻撃が全体攻撃になる,counteraction,4,0.75,0.4671,0,0,1,0.13,1,0.1734,0,0,0.8895,0.000205
222,303,250,371,em-433922ef3e4e,夏至祭のぺた也君,fire_water,ZR,53,7266,2153,2,風属性の味方全員のスキルカウントを2減少させる,ignored,4,0.75,0.4671,0,0,1,0.12,1,0.1724,0,0,0.9526,0.000219
223,304,251,361,em-6145c94ca696,ｽﾌﾟﾗ♡な琵琶子たん,water_wind,N,13,1213,1190,3,1ターンの間、味方全員に風属性の敵からのダメージを80%軽減するシールドを与える,advantage_creation,4,0.75,0.4671,0,0,1,0.11,1,0.1478,0,0,0.9975,0.000229
224,305,252,367,em-942c8f8de44d,エンゼルちゃん,all,CR,22,1772,2590,3,水属性の味方全員のHPを90%回復する,advantage_creation,4,0.75,0.4671,0,0,1,0.1,1,0.1446,0,0,0.9825,0.000225
225,306,253,832,em-4b24f34b41a1,レジェント・八郎ニキ,water,MZR,42,4941,852,1,1ターンの間、自身の攻撃が8回連続攻撃になる,counteraction,4,0.75,0.4671,0,0,1,0.07,1,0.1024,0,0,0.889,0.000203
226,37,254,126,em-7f6d8a20493b,寝起きのクラリス,fire,MZR,60,7668,1704,0,自身のHPを60%回復する,advantage_creation,30,0.6333,0.4644,1,1,1,0.14,0.9453,0.1918,1.4667,0,0.8888,0.001985
227,307,11,58,em-2c2759ede728,?????,water_wind,ZR,44,4771,2385,1,3ターンの間、風属性の敵に対する味方全員の攻撃力を35%増加させる,counteraction,30,0.6167,0.4493,0.7667,0,1,0.1613,0.912,0.2175,0,0.7667,0.9522,0.004031
228,63,12,37,em-f565b0314902,覚醒大氷怪・雪愛,fire_wind,ZR,37,4345,4515,1,2ターンの間、自身の属性を水属性に変更する,adaptive,30,0.6167,0.4429,0.7667,0,1,0.1547,0.9453,0.2067,0.9333,0.7,0.9521,0.005102
229,73,1,43,em-c3d00c8f1bd5,竜馬は撃ちぬけない,water,ZR,30,4430,4430,1,1ターンの間、味方全員の属性を水属性に変更する,adaptive,30,0.6,0.4414,0.9333,0,1,0.1267,0.9347,0.1693,0.5333,1.5667,0.9521,0.004853
230,39,255,175,em-dec390a52ee6,英国ストヘン技師,water_wind,伝,70,8861,4260,1,2ターンの間、味方全員に水属性の敵からのダメージを40%軽減するシールドを与える,advantage_creation,30,0.6,0.4345,1,0,1,0.1773,0.9427,0.2368,1.3667,0,0.3743,0.001134
231,308,9,52,em-b6adaf9bf556,こうせえっつう女中,fire_water,CR,17,805,2898,0,5ターンの間、リーダーの攻撃力を20%増加させる,counteraction,30,0.6,0.4345,1,1,1,0.1453,0.928,0.196,0,0.9,0.9822,0.004389
232,309,5,48,em-d1302899cad6,ナポレオーヌ一世,water,ZR,32,3512,2930,1,5ターンの間、水属性の敵に対する水属性の味方全員の攻撃力を23%増加させる,counteraction,30,0.6,0.428,1,0,1,0.1493,0.94,0.2043,0,1.1333,0.9518,0.004537
233,310,256,312,em-b17b3174de7d,ネギtheフィクサー,all,ZR,45,2405,5135,3,2ターンの間、味方全員にダメージを50%軽減するシールドを与える,advantage_creation,30,0.5833,0.42,0.0333,0,1,0.1373,0.912,0.1879,0,0,0.9517,0.00031
234,311,257,369,em-f334c541bf84,納得ん★福曼荼羅,fire_water,R,17,1763,1860,2,1ターンの間、味方全員の属性を風属性に変更する,adaptive,30,0.5833,0.42,0,0,1,0.1213,0.9253,0.1661,0,0,0.9956,0.000223
235,312,258,370,em-8cd856412a10,にくぁうぅぅぅぅぅ！,fire,CR,17,1355,3638,4,1ターンの間、風属性の敵に対する自身の攻撃力を1000%増加させる,counteraction,30,0.5833,0.4134,0,0,1,0.1667,0.9,0.2221,0,0,0.9821,0.00022
236,313,259,1124,em-bd98030ead3e,首領子襲来!!,water,MZR,33,5680,3786,4,味方全員のHPを111%回復する,advantage_creation,30,0.5833,0.4134,0,0,1,0.136,0.9067,0.1841,0,0,0.8874,0.000198
237,314,260,372,em-981bf693e8c3,メガネパンダ系の何か,fire,CR,19,2576,2415,6,味方全員のスキルカウントを3減少させる,ignored,30,0.5833,0.4134,0,0,1,0.1307,0.9,0.1772,0,0,0.982,0.000219
238,104,261,250,em-c57874d99dcd,三重子大先生,fire,R,11,1699,1699,1,1ターンの間、味方全員の属性を火属性に変更する,adaptive,30,0.5667,0.399,0.1333,0,1,0.1667,0.9227,0.2192,0.2,0,0.9956,0.000515
239,315,13,69,em-b0799e52d0a8,カヌーイング・ケベック,water,ZR,28,3674,2641,1,2ターンの間、水属性の敵に対する自身の攻撃力を75%増加させる,counteraction,30,0.55,0.3917,1,0,1,0.1293,0.928,0.1717,0,0.5333,0.9513,0.003767
240,316,262,391,em-96c4c1bf7f87,畳リーゼントの御頭,water,ZR,40,4345,4345,2,1ターンの間、風属性の敵に対する自身の攻撃力を999%増加させる,counteraction,30,0.55,0.3849,0.1333,0,1,0.1293,0.9053,0.1757,0,0,0.9512,0.000211
241,317,17,96,em-52f594fdc52e,後楽園☆池田,fire_water,ZR,43,5623,2896,1,1ターンの間、火属性の敵に対する自身の攻撃力を222%増加させる,counteraction,30,0.55,0.3783,1,0,1,0.1493,0.8907,0.2007,0,0.2667,0.9511,0.002712
242,318,263,1177,em-68c24ce7bf95,女帝！カるたーニャ,fire,MZR,40,3408,3408,4,1ターンの間、火属性の味方全員の攻撃力を300%増加させる,counteraction,30,0.5333,0.371,0,0,1,0.1187,0.9,0.16,0,0,0.8865,0.000196
243,82,264,206,em-8e1d0fa65dc4,厩戸之太子大先生,fire,CR,24,2866,2447,1,火属性の味方全員のHPを20%回復する,advantage_creation,30,0.5333,0.371,0.9333,0,1,0.116,0.924,0.1575,0.3333,0,0.9818,0.000761
244,319,265,375,em-9d511711422e,禍殃☆ももとふ姫,fire,CR,17,2737,3059,3,自身のHPを70%回復する,advantage_creation,30,0.5333,0.3644,0.0667,0,1,0.1307,0.9093,0.1783,0,0,0.9818,0.000216
245,320,266,406,em-bdf5b4886e9a,シーホーすん,fire,ZR,12,1191,1532,5,2ターンの間、味方全員にダメージを72%軽減するシールドを与える,advantage_creation,30,0.5167,0.3507,0,0,1,0.1,0.908,0.1373,0,0,0.9508,0.000209
246,321,267,1213,em-3e7e7e54a83d,妖精女王ミカーンニア,fire,MZR,45,3408,4771,2,風属性の味方全員のスキルカウントを2減少させる,ignored,30,0.5167,0.3507,0,0,1,0.0973,0.892,0.1332,0,0,0.886,0.000195
247,322,268,378,em-e3dd4898ff56,ﾃﾗももたろす,fire,CR,15,1600,1600,3,1ターンの間、自身の属性を風属性に変更する,adaptive,30,0.5167,0.3441,0,0,1,0.096,0.896,0.1332,0,0,0.9817,0.000215
248,64,8,49,em-dfa3c95f9720,雪童雪愛たん,water,CR,17,2495,2656,1,1ターンの間、味方全員の属性を水属性に変更する,adaptive,30,0.5,0.3306,0.9,0,1,0.1333,0.932,0.1789,0.9,0.9333,0.9817,0.004465
249,323,269,373,em-ad0fa41f1980,輝け！叡智通,fire,N,12,1102,1300,4,1ターンの間、火属性の味方全員の攻撃力を110%増加させる,counteraction,30,0.4833,0.3108,0,0,1,0.1267,0.8787,0.1682,0,0,0.9972,0.000218
250,324,29,111,em-d95aa4fb8de0,北海！白川だるま,water_wind,ZR,45,4473,2556,1,5ターンの間、風属性の敵に対する味方全員の攻撃力を15%増加させる,counteraction,30,0.4833,0.3108,0.7667,0,1,0.116,0.8827,0.1567,0,0.1,0.9504,0.002265
251,325,270,1244,em-773b001a1189,おづぬ様,fire_water,MZR,60,4260,6816,5,4ターンの間、リーダーの攻撃力を555%増加させる,counteraction,30,0.4833,0.3108,0,0,1,0.1133,0.8827,0.1537,0,0,0.8852,0.000193
252,326,271,374,em-f18c065bbb1d,白水大師匠,fire,R,18,1510,1887,5,2ターンの間、火属性の味方全員の攻撃が全体攻撃になる,counteraction,30,0.4667,0.2977,0,0,1,0.1,0.912,0.138,0,0,0.9953,0.000217
253,327,272,1257,em-e8fc5c7a59a4,猫毘沙門天,fire,MZR,36,4430,4089,4,3ターンの間、風属性の味方全員の攻撃が全体攻撃になる,counteraction,30,0.4333,0.2657,0,0,1,0.096,0.9053,0.1263,0,0,0.885,0.000193
254,328,273,1264,em-d6ea073b633e,鬼八先生,water,MZR,60,8861,2556,3,敵全員の攻撃カウントを1増加させる,ignored,4,0.75,0.26,0,0,1,0.34,0.89,0.435,0,0,0.8848,0.000192
255,329,274,376,em-1c72b25f9096,エッシュ＆エッジュ,fire,R,10,800,800,3,水属性の味方全員のスキルカウントを1減少させる,ignored,4,0.75,0.26,0,0,1,0.34,0.89,0.435,0,0,0.9952,0.000216
256,330,275,383,em-10aded4f89d1,ゲイコツガブリムシ,fire,CR,13,820,2300,5,死亡している火属性の味方全員を20%のHPで蘇らせる,advantage_creation,4,0.75,0.26,0,0,1,0.34,0.89,0.435,0,0,0.9814,0.000213
257,1,276,36,em-759ef91c7c65,古の灰かぶりロドピス,fire,MZR,47,4175,3578,1,1ターンの間、火属性の味方全員にダメージを33%軽減するシールドを与える,advantage_creation,4,0.75,0.26,1,0,1,0.34,0.98,0.4346,3.25,0,0.8844,0.005155
258,331,277,385,em-6e472849dc37,ほーい竜馬,fire,CR,12,1100,1100,3,1ターンの間、自身の攻撃力を100%増加させる,counteraction,4,0.75,0.26,0,0,1,0.34,0.9,0.4302,0,0,0.9813,0.000212
259,332,278,377,em-4e0f06589604,新・やよいチゥりっぷ,fire,N,9,1100,200,3,1ターンの間、味方全員の属性を水属性に変更する,adaptive,4,0.75,0.26,0,0,1,0.34,0.89,0.4302,0,0,0.9971,0.000215
260,11,279,51,em-efebd27cd58d,新・ひろしマン,fire,N,7,600,600,3,火属性の味方全員のHPを35%回復する,advantage_creation,4,0.75,0.26,0,0,1,0.32,0.88,0.4151,2.5,0,0.9971,0.00442
261,2,280,33,em-0e6d3baf12ca,ネギ少女じゅんちゃん,water,ZR,36,3544,3544,1,水属性の味方全員のHPを45%回復する,advantage_creation,4,0.75,0.26,1,0,1,0.32,0.9,0.4142,3.25,0,0.9495,0.005383
262,333,281,379,em-4ccfc2b986b5,舞え！どんちっちん,fire,R,8,900,600,8,2ターンの間、味方全員の攻撃が全体攻撃になる,counteraction,4,0.75,0.26,0,0,1,0.32,0.89,0.4142,0,0,0.9951,0.000214
263,334,282,381,em-af839f0be824,譲らざる者,fire,R,13,966,2394,5,1ターンの間、火属性の敵に対する自身の攻撃力を1000%増加させる,counteraction,4,0.75,0.26,0,0,1,0.32,0.89,0.4065,0,0,0.9951,0.000214
264,335,283,308,em-d7873747b412,藤のフヒッティ,fire_water,伝,75,10735,3578,1,3ターンの間、自身にダメージを30%軽減するシールドを与える,advantage_creation,4,0.75,0.26,1,0,1,0.31,0.9,0.4045,0,0,0.3703,0.000319
265,28,284,98,em-8d766096773e,おんじとゆかいな子供達,fire_water,ZR,36,5316,1704,1,1ターンの間、味方全員に風属性の敵からのダメージを50%軽減するシールドを与える,advantage_creation,4,0.75,0.26,1,0,1,0.31,0.89,0.4041,1.5,0,0.9491,0.002667
266,336,285,382,em-a2d073a6cd6c,納豆問屋のご隠居様,fire,N,8,944,893,1,リーダーのスキルカウントを1減少させる,ignored,4,0.75,0.26,0,0,1,0.31,0.88,0.4032,0,0,0.997,0.000214
267,19,286,76,em-4d47f8a702ed,モヘン女ダロぉ,fire,MZR,47,3374,6202,1,2ターンの間、味方全員に風属性の敵からのダメージを36%軽減するシールドを与える,advantage_creation,4,0.75,0.26,1,0,1,0.31,0.89,0.4032,1.75,0,0.8829,0.003484
268,337,287,1631,em-94dc3d86f691,碧海のオフタルもん,water,伝,75,10054,3919,4,5ターンの間、自身の攻撃が3回連続攻撃になる,counteraction,4,0.75,0.26,0,0,1,0.31,0.9,0.4013,0,0,0.3698,0.000079
269,338,288,398,em-6f8dfc0a39eb,近すぎリオンさん,fire,CR,16,1000,1500,4,風属性の敵全員の攻撃カウントを1増加させる,ignored,4,0.75,0.26,0,0,1,0.31,0.89,0.3986,0,0,0.9809,0.00021
270,339,289,1324,em-7fafc017f6f6,水蛭子リターンズ,water,MZR,43,6816,3408,7,死亡している水属性の味方全員を200%のHPで蘇らせる,advantage_creation,4,0.75,0.26,0,0,1,0.3,0.97,0.3943,0,0,0.8825,0.000189
271,3,290,31,em-6dcd90bb7df5,花めく☆まつやマン,fire_wind,CR,24,4669,2173,1,自身のHPを50%回復する,advantage_creation,4,0.75,0.26,1,0,1,0.31,0.9,0.3939,3.25,0,0.9808,0.005409
272,340,291,400,em-d3961c13041f,光るぜ！よりりん,fire,CR,15,1200,1200,3,1ターンの間、味方全員の属性を風属性に変更する,adaptive,4,0.75,0.26,0,0,1,0.3,0.9,0.3934,0,0,0.9808,0.000209
273,341,292,889,em-3e5e9519eb9b,風林火山のぶくろ！,fire,ZR,47,4089,4430,5,3ターンの間、火属性の味方全員の攻撃が全体攻撃になる,counteraction,4,0.75,0.26,0,0,1,0.3,0.97,0.3934,0,0,0.9485,0.000202
274,342,293,905,em-845e49247e45,ウサポワン海人,all,ZR,20,1533,2607,3,1ターンの間、攻撃を自身に集中させる(88%カット),advantage_creation,4,0.75,0.26,0,0,1,0.3,0.99,0.3934,0,0,0.9484,0.000202
275,343,294,920,em-ac3306faeab5,マサムネーダー,fire,ZR,32,3919,5112,1,1ターンの間、味方全員の属性を火属性に変更する,adaptive,4,0.75,0.26,0.25,0,1,0.3,0.9,0.3916,0,0,0.9483,0.000202
276,344,295,1334,em-b95ac93b816d,キタキツネの神様,fire,MZR,29,3748,4771,3,2ターンの間、自身の攻撃力を250%増加させる,counteraction,4,0.75,0.26,0,0,1,0.3,0.89,0.3916,0,0,0.8816,0.000188
277,345,296,387,em-d51ded51621f,華麗なる塚ジェンヌ,fire_wind,R,13,1684,1676,3,死亡している水属性の味方全員を13%のHPで蘇らせる,advantage_creation,4,0.75,0.26,0,0,1,0.3,0.9,0.3916,0,0,0.9948,0.000212
278,346,297,1632,em-05c5072dc080,橘の元祖☆みっちー,water_wind,伝,75,9798,4515,4,味方全員のスキルカウントを2減少させる,ignored,4,0.75,0.26,0,0,1,0.3,0.89,0.3916,0,0,0.3687,0.000078
279,347,298,1633,em-2849b1a72ff2,生足魅惑の☆ハクさん,fire,伝,80,11246,5112,5,4ターンの間、味方全員の攻撃力を100%増加させる,counteraction,4,0.75,0.26,0,0,1,0.3,0.89,0.3916,0,0,0.3685,0.000078
280,348,299,386,em-188f3b3f954c,凄ェたっくん,fire,N,8,636,1767,5,2ターンの間、自身の攻撃力を200%増加させる,counteraction,4,0.75,0.26,0,0,1,0.3,0.87,0.3916,0,0,0.9968,0.000212
281,349,300,390,em-fa255d19986d,出発！えるたそ,fire,R,8,800,700,4,1ターンの間、風属性の敵に対する味方全員の攻撃力を100%増加させる,counteraction,4,0.75,0.26,0.25,0,1,0.3,0.89,0.3916,0,0,0.9947,0.000211
282,350,301,217,em-2b584e87473c,ウルルさんのオフ曜日,water,MZR,41,2958,6816,1,5ターンの間、火属性の敵に対する自身の攻撃力を65%増加させる,counteraction,4,0.75,0.26,1,0,1,0.3,0.96,0.3916,0,0,0.8808,0.000709
283,351,302,389,em-00734b7bf0e4,アパカ☆アイガー師匠,water,N,16,1551,2733,1,1ターンの間、水属性の敵に対する味方全員の攻撃力を25%増加させる,counteraction,4,0.75,0.26,1,0,1,0.3,0.89,0.3889,0,0,0.9968,0.000211
284,58,303,161,em-d9bd2d5de563,コンクちゃん,all,CR,20,2556,1704,1,1ターンの間、味方全員にダメージを23%軽減するシールドを与える,advantage_creation,4,0.75,0.26,1,0,1,0.29,0.96,0.3832,1,0,0.9804,0.001287
285,14,304,73,em-cc1dd429dace,?????,fire_water,MZR,58,4171,4737,1,1ターンの間、味方全員に火属性の敵からのダメージを40%軽減するシールドを与える,advantage_creation,4,0.75,0.26,1,0,1,0.29,0.89,0.3818,2.25,0,0.8803,0.003594
286,352,18,94,em-9791eaaeef3c,メーピスさん,fire,R,8,600,700,6,1ターンの間、自身の攻撃が3回連続攻撃になる,counteraction,4,0.75,0.26,0,0,1,0.29,0.88,0.3818,0,0.25,0.9946,0.002754
287,353,305,427,em-64a5161e8307,優美な二条嬢,fire,CR,15,1250,1150,2,1ターンの間、水属性の攻撃を自身に集中させる(80%カット),advantage_creation,4,0.75,0.26,0,0,1,0.29,0.9,0.3818,0,0,0.9803,0.000207
288,354,306,1601,em-94f677409ee2,月甲のルナタスピス,water,伝,75,10224,4543,3,3ターンの間、攻撃を自身に集中させる(33%カット),advantage_creation,4,0.75,0.26,0.25,0,1,0.29,0.9,0.3818,0,0,0.3675,0.000138
289,355,307,1634,em-45aa4b2348d2,鬼一方眼,water,伝,80,12780,3578,5,3ターンの間、リーダーの攻撃力を600%増加させる,counteraction,4,0.75,0.26,0,0,1,0.29,0.9,0.3818,0,0,0.3674,0.000078
290,356,308,396,em-4dec28ac375f,いやひこさん,fire,R,13,800,500,3,火属性の敵全員の攻撃カウントを1増加させる,ignored,4,0.75,0.26,0,0,1,0.29,0.89,0.3818,0,0,0.9945,0.00021
291,357,19,173,em-8d38e9c3aa92,オルカアタッカー虎子,water_wind,伝,70,9202,6134,1,3ターンの間、火属性の敵に対する自身の攻撃力を111%増加させる,counteraction,4,0.75,0.26,1,0,1,0.3,0.9,0.3817,0,0.25,0.3671,0.001149
292,358,309,392,em-502c02710bc4,覚醒けいび,fire,N,6,345,300,2,1ターンの間、火属性の味方全員の攻撃が2回連続攻撃になる,counteraction,4,0.75,0.26,0,0,1,0.29,0.88,0.3814,0,0,0.9967,0.00021
293,359,310,393,em-5a100f5215c1,オリバーTHEトイ,fire_wind,N,6,300,600,3,2ターンの間、自身の攻撃力を50%増加させる,counteraction,4,0.75,0.26,0,0,1,0.29,0.96,0.3802,0,0,0.9967,0.00021
294,360,311,394,em-b057fb6325c7,常飲！とちぎソウル,water,N,5,200,600,5,1ターンの間、自身の攻撃力を200%増加させる,counteraction,4,0.75,0.26,0,0,1,0.29,0.9,0.3795,0,0,0.9967,0.00021
295,361,312,395,em-20d0672eefa5,実際かにろう,fire,N,8,1269,987,4,風属性の敵全員の攻撃カウントを2増加させる,ignored,4,0.75,0.26,0,0,1,0.29,0.88,0.3795,0,0,0.9967,0.00021
296,362,313,471,em-8a9a0a93b442,メジーナ,fire,CR,15,2415,2415,6,4ターンの間、火属性の味方全員の攻撃力を200%増加させる,counteraction,4,0.75,0.26,0,0,1,0.29,0.9,0.3795,0,0,0.98,0.000207
297,363,314,397,em-cbfa7306b010,めい子姉さん,water,N,7,479,511,5,2ターンの間、風属性の攻撃を自身に集中させる(80%カット),advantage_creation,4,0.75,0.26,0,0,1,0.29,0.88,0.3795,0,0,0.9966,0.00021
298,364,315,1069,em-2e6dfffcc947,グレート三重子ちゃん,fire,ZR,50,4473,4473,0,1ターンの間、味方全員の属性を火属性に変更する,adaptive,4,0.75,0.26,0.5,1,1,0.29,0.88,0.3795,0,0,0.9464,0.000199
299,365,316,403,em-bfd568eb94ea,ベッピーさん,fire,R,12,712,692,5,2ターンの間、火属性の味方全員の攻撃力を80%増加させる,counteraction,4,0.75,0.26,0,0,1,0.29,0.88,0.3771,0,0,0.9944,0.000209
300,366,317,404,em-124d2df2b85e,ディオクレ君,fire_water,R,23,2416,1449,4,味方全員のスキルカウントを2減少させる,ignored,4,0.75,0.26,0,0,1,0.29,0.93,0.3752,0,0,0.9943,0.000209
301,367,318,1356,em-960c8d1446c2,GC・アガッシィΩ,fire,MZR,42,3578,3578,4,3ターンの間、水属性の味方全員の攻撃が4回連続攻撃になる,counteraction,4,0.75,0.26,0,0,1,0.28,0.9,0.3726,0,0,0.878,0.000185
302,368,319,399,em-f7612fbdd637,大森さん,fire,N,3,1000,100,5,1ターンの間、味方全員にダメージを50%軽減するシールドを与える,advantage_creation,4,0.75,0.26,0,0,1,0.28,0.89,0.3716,0,0,0.9966,0.00021
303,369,320,407,em-64f8ad5111a6,マッキニキ,fire,R,9,1000,500,4,2ターンの間、味方全員に水属性の敵からのダメージを60%軽減するシールドを与える,advantage_creation,4,0.75,0.26,0.25,0,1,0.28,0.89,0.3716,0,0,0.9943,0.000209
304,370,321,409,em-7c00cb96c261,バイオうおぬまンダー,fire,R,12,700,1100,5,2ターンの間、自身の攻撃が全体攻撃になる,counteraction,4,0.75,0.26,0,0,1,0.28,0.89,0.3716,0,0,0.9943,0.000209
305,371,322,402,em-564e1dfe9c75,コニーちゃん,water_wind,N,3,300,300,4,1ターンの間、味方全員に水属性の敵からのダメージを40%軽減するシールドを与える。,advantage_creation,4,0.75,0.26,0,0,1,0.28,0.89,0.3713,0,0,0.9965,0.000209
306,372,323,558,em-95a2dbeaf4ea,神使！ナモミさま,water,CR,18,805,4025,2,1ターンの間、自身の攻撃力を200%増加させる,counteraction,4,0.75,0.26,0,0,1,0.28,0.99,0.3708,0,0,0.9796,0.000206
307,373,324,1362,em-90d2686cfd0d,花火戦隊サイガーRe,fire,MZR,45,4515,5367,3,6ターンの間、自身の攻撃が2回連続攻撃になる,counteraction,4,0.75,0.26,0,0,1,0.28,0.9,0.3708,0,0,0.8771,0.000184
308,29,325,105,em-7e81ebc98ef9,稼働！K-MEN,fire_wind,MZR,57,6475,3067,1,1ターンの間、攻撃を自身に集中させる(40%カット),advantage_creation,4,0.75,0.26,1,0,1,0.28,0.94,0.3697,1.5,0,0.877,0.002396
309,374,326,405,em-627c09c619f8,さくら…こなのか,water,N,7,888,482,1,1ターンの間、風属性の攻撃を自身に集中させる(70%カット),advantage_creation,4,0.75,0.26,0.75,0,1,0.28,0.92,0.3697,0,0,0.9965,0.000209
310,375,327,412,em-9999a53f68e1,牛タソ,water,R,5,500,50,3,1ターンの間、攻撃を自身に集中させる(60%カット),advantage_creation,4,0.75,0.26,0,0,1,0.28,0.88,0.3697,0,0,0.9941,0.000209
311,376,328,408,em-b4a2096551c5,金閣明日香,fire_wind,N,15,1201,1343,4,死亡している水属性の味方全員を50%のHPで蘇らせる,advantage_creation,4,0.75,0.26,0,0,1,0.28,0.89,0.3697,0,0,0.9965,0.000209
312,377,329,413,em-608e027bd3d8,建国の騎士団,water,R,12,800,700,8,3ターンの間、水属性の攻撃を自身に集中させる(70%カット),advantage_creation,4,0.75,0.26,0,0,1,0.28,0.89,0.3697,0,0,0.9941,0.000208
313,378,330,593,em-3a3a23655699,とりころん・ぴー子,fire,CR,16,1200,300,7,1ターンの間、味方全員の属性を全属性(3色混合)に変更する,adaptive,4,0.75,0.26,0,0,1,0.28,0.89,0.3668,0,0,0.9794,0.000205
314,379,331,410,em-3307021ed6b3,なっとくん,fire,N,4,286,311,3,リーダーのスキルカウントを1減少させる,ignored,4,0.75,0.26,0,0,1,0.27,0.89,0.361,0,0,0.9964,0.000209
315,380,332,1129,em-a97f49a1b6e8,篠島しらす子,water_wind,ZR,41,5453,2726,5,水属性の味方全員のスキルカウントを3減少させる,ignored,4,0.75,0.26,0,0,1,0.27,0.89,0.361,0,0,0.945,0.000198
316,88,333,238,em-2a20d82018a7,強飯式太子君,fire_water,MZR,43,4771,3408,1,火属性の味方全員のHPを40%回復する,advantage_creation,4,0.75,0.26,1,0,1,0.27,0.9,0.3597,0.25,0,0.8758,0.000593
317,381,14,64,em-594e492a6818,ヤンなるネポムちゃん,water,ZR,50,3397,2930,1,2ターンの間、水属性の敵に対する味方全員の攻撃力を50%増加させる,counteraction,4,0.75,0.26,1,0,1,0.27,0.89,0.3597,0,0.5,0.9448,0.0039
318,382,334,414,em-f1302d2783e5,八太郎,fire,R,10,1200,200,7,敵全員の攻撃カウントを1増加させる,ignored,4,0.75,0.26,0,0,1,0.27,0.96,0.3595,0,0,0.994,0.000208
319,383,335,415,em-f1fdf84ea79d,どんちっちん,fire,R,6,700,500,9,2ターンの間、味方全員の攻撃が全体攻撃になる,counteraction,4,0.75,0.26,0,0,1,0.27,0.92,0.3595,0,0,0.994,0.000208
320,384,336,1367,em-c4663d98c2ff,海・百合男,fire,MZR,33,3748,4430,5,味方全員のスキルカウントを2減少させる,ignored,4,0.75,0.26,0,0,1,0.27,0.9,0.3595,0,0,0.8752,0.000183
321,385,337,417,em-682cd1ab4ae4,ホーリーエンジェるん,fire_wind,R,16,1812,1661,5,3ターンの間、火属性の味方全員の攻撃力を200%増加させる,counteraction,4,0.75,0.26,0,0,1,0.27,0.89,0.3595,0,0,0.9939,0.000208
322,386,338,418,em-ae6876a278ca,白水先生,fire,R,9,680,724,7,1ターンの間、火属性の味方全員の攻撃が全体攻撃になる,counteraction,4,0.75,0.26,0,0,1,0.27,0.88,0.3595,0,0,0.9939,0.000208
323,387,339,1635,em-370ba5df8d09,悪霊狩人ちび大助,fire,伝,81,8776,5879,5,3ターンの間、自身の攻撃が8回連続攻撃になる,counteraction,4,0.75,0.26,0,0,1,0.27,0.9,0.3595,0,0,0.3633,0.000076
324,388,340,647,em-7fd9b48cee31,七夕星人☆たたるんるん,all,CR,20,3220,1610,2,2ターンの間、味方全員の攻撃力を30%増加させる,counteraction,4,0.75,0.26,0,0,1,0.27,0.89,0.3595,0,0,0.979,0.000205
325,389,341,653,em-bd35a359234a,ジョーカーくん,water,CR,18,805,3935,3,火属性の味方全員のスキルカウントを3減少させる,ignored,4,0.75,0.26,0,0,1,0.27,0.89,0.3587,0,0,0.9789,0.000205
326,390,342,1144,em-814b464a2192,ナナホシ,fire,ZR,50,5044,5044,3,味方全員のスキルカウントを1減少させる,ignored,4,0.75,0.26,0,0,1,0.27,0.92,0.3587,0,0,0.9441,0.000197
327,391,343,421,em-fae18e323cb5,美観之介曳山ん太郎,fire_wind,R,23,2194,1597,5,3ターンの間、風属性の味方全員の攻撃が全体攻撃になる,counteraction,4,0.75,0.26,0,0,1,0.27,0.99,0.3587,0,0,0.9938,0.000208
328,392,344,667,em-786d95001098,可憐な二条嬢,fire,CR,12,810,790,2,1ターンの間、水属性の攻撃を自身に集中させる(70%カット),advantage_creation,4,0.75,0.26,0,0,1,0.27,0.88,0.357,0,0,0.9788,0.000205
329,393,345,1370,em-0e2c4b783eb7,南極翁・カノープス,water_wind,MZR,55,3408,5964,7,4ターンの間、風属性の味方全員の攻撃が4回連続攻撃になる,counteraction,4,0.75,0.26,0,0,1,0.27,0.89,0.357,0,0,0.8739,0.000183
330,74,346,195,em-a7fc49aa8c73,広報担当：アッシュ,fire_water,ZR,37,5112,3748,2,1ターンの間、火属性の攻撃を自身に集中させる。(70%カット),advantage_creation,4,0.75,0.26,0.5,0,1,0.27,0.99,0.357,0.5,0,0.9438,0.000855
331,394,347,424,em-8527b3dd869a,帰って来たいぬやマン,fire_water,R,21,1661,1661,4,1ターンの間、味方全員の攻撃力を150%増加させる,counteraction,4,0.75,0.26,0,0,1,0.27,0.89,0.3566,0,0,0.9937,0.000208
332,395,348,416,em-e2c8365ae02e,ɔリバーくん,fire_wind,N,10,704,1689,3,2ターンの間、自身の攻撃力を100%増加させる,counteraction,4,0.75,0.26,0,0,1,0.27,0.89,0.3535,0,0,0.9962,0.000208
333,396,349,426,em-712f122e2051,オロモ君は欝気味,fire_water,R,17,1536,2684,1,1ターンの間、攻撃を自身に集中させる(66%カット),advantage_creation,4,0.75,0.26,0.75,0,1,0.27,0.89,0.3535,0,0,0.9937,0.000208
334,397,350,1636,em-076a0181e290,夏の海の天の川伝説,water,伝,77,9372,5623,6,味方全員のHPを250%回復する,advantage_creation,4,0.75,0.26,0,0,1,0.28,0.9,0.352,0,0,0.362,0.000076
335,398,351,1538,em-a06f040c9490,冬の加奈多パレード,water,伝,80,9542,5282,2,3ターンの間、自身の攻撃力を150%増加させる,counteraction,4,0.75,0.26,0.5,0,1,0.28,0.9,0.352,0,0,0.3619,0.000162
336,399,352,1155,em-aae4f48cb489,もん親方,fire,ZR,28,3748,3748,2,1ターンの間、火属性の攻撃を自身に集中させる(70%カット),advantage_creation,4,0.75,0.26,0.25,0,1,0.26,0.9,0.3509,0,0,0.9433,0.000197
337,67,353,188,em-d5465017bfd1,チュパカブ先輩,fire_wind,MZR,59,4819,2811,1,自身のHPを300%回復する,advantage_creation,4,0.75,0.26,1,0,1,0.27,0.93,0.3504,0.75,0,0.8727,0.000925
338,20,354,78,em-9c40d906d190,フィッシャーマン,water,N,4,296,314,1,水属性の味方全員のHPを5%回復する,advantage_creation,4,0.75,0.26,0.25,0,1,0.26,0.91,0.35,1.75,0,0.9962,0.003457
339,400,355,419,em-0481f6c14fd9,関先輩,water,N,7,475,475,4,1ターンの間、攻撃をリーダーに集中させる(60%カット),advantage_creation,4,0.75,0.26,0,0,1,0.26,0.87,0.35,0,0,0.9961,0.000208
340,401,356,712,em-3f6d9cba0059,いなばうあー,fire,CR,12,700,1100,6,火属性の味方全員のスキルカウントを1減少させる,ignored,4,0.75,0.26,0,0,1,0.26,0.88,0.35,0,0,0.9784,0.000204
341,402,357,715,em-4db528322142,だいこっくん様,fire,CR,16,1300,1400,9,1ターンの間、味方全員の攻撃力を200%増加させる,counteraction,4,0.75,0.26,0,0,1,0.26,0.88,0.35,0,0,0.9784,0.000204
342,403,358,1376,em-572c57cf5e18,湘南大水曜日ボーイ,fire,MZR,28,2044,5623,4,2ターンの間、水属性の味方全員の攻撃力を200%増加させる,counteraction,4,0.75,0.26,0,0,1,0.26,0.9,0.35,0,0,0.872,0.000182
343,404,359,1162,em-5976d2863ad8,タオるんGT,fire,ZR,32,4260,4732,14,3ターンの間、攻撃を自身に集中させる(100%カット),advantage_creation,4,0.75,0.26,0,0,1,0.26,0.9,0.35,0,0,0.9427,0.000197
344,405,360,420,em-28f044d525d7,スーリヤ様が見てる,fire_water,N,7,489,1446,3,味方全員のスキルカウントを1減少させる,ignored,4,0.75,0.26,0,0,1,0.26,0.89,0.35,0,0,0.9961,0.000208
345,406,361,1377,em-abcae044297d,ラ・ショー・ドさん,fire_water,MZR,44,5453,3424,5,風属性の敵全員の攻撃カウントを3増加させる,ignored,4,0.75,0.26,0,0,1,0.26,0.98,0.35,0,0,0.8715,0.000182
346,407,362,432,em-587d1ec0e30f,偉人さんトーマスん,fire,R,14,1359,2038,2,2ターンの間、自身の属性を水属性に変更する,adaptive,4,0.75,0.26,0,0,1,0.26,0.93,0.35,0,0,0.9934,0.000207
347,408,363,422,em-8ece38ad97a5,デンマーくん大帝,fire,N,17,1269,1057,2,1ターンの間、攻撃を自身に集中させる(80%カット),advantage_creation,4,0.75,0.26,0,0,1,0.26,0.9,0.35,0,0,0.996,0.000208
348,409,364,1164,em-fd03da115e54,まさか殿,fire,ZR,35,4396,4413,6,3ターンの間、火属性の味方全員の攻撃が2回連続攻撃になる,counteraction,4,0.75,0.26,0,0,1,0.26,0.9,0.35,0,0,0.9422,0.000197
349,410,365,434,em-f230094c0c4f,シンプソン君,fire,R,5,400,400,8,死亡している味方全員を40%のHPで蘇らせる,advantage_creation,4,0.75,0.26,0,0,1,0.26,0.89,0.3489,0,0,0.9934,0.000207
350,411,366,744,em-3b3dcabfe61f,ク・うぃーん女王,fire,CR,8,900,900,5,2ターンの間、味方全員の属性を火属性に変更する,adaptive,4,0.75,0.26,0,0,1,0.26,0.88,0.3489,0,0,0.978,0.000204
351,412,367,423,em-1c29986cc8dd,玄武けいび,fire,N,4,315,335,6,2ターンの間、味方全員に火属性の敵からのダメージを40%軽減するシールドを与える,advantage_creation,4,0.75,0.26,0,0,1,0.26,0.88,0.3489,0,0,0.996,0.000208
352,413,368,751,em-344fce469565,豊聡之太子さん,fire,CR,12,830,775,2,火属性の味方全員のHPを15%回復する,advantage_creation,4,0.75,0.26,0,0,1,0.26,0.92,0.3489,0,0,0.978,0.000204
353,414,369,755,em-92e16a3efe92,ク・うぃーん王女,fire,CR,12,1100,1100,5,2ターンの間、味方全員の属性を火属性に変更する,adaptive,4,0.75,0.26,0,0,1,0.26,0.89,0.3489,0,0,0.9779,0.000204
354,415,370,425,em-20b521a22027,ふとし君,fire,N,4,111,491,5,1ターンの間、自身の攻撃力を50%増加させる,counteraction,4,0.75,0.26,0,0,1,0.26,0.94,0.3476,0,0,0.996,0.000208
355,416,371,1382,em-a11a3441fd8e,レンネルアルケニー,fire_wind,MZR,43,2896,3919,2,1ターンの間、味方全員にダメージを60%軽減するシールドを与える,advantage_creation,4,0.75,0.26,0,0,1,0.26,0.9,0.3469,0,0,0.8701,0.000181
356,417,372,1384,em-5b1667b398d0,?????,fire,MZR,46,4430,5112,2,1ターンの間、自身の攻撃が4回連続攻撃になる,counteraction,4,0.75,0.26,0,0,1,0.26,0.89,0.3469,0,0,0.8699,0.000181
357,418,373,764,em-0fd17c65da62,大患部！ぴよ子大佐,fire,CR,18,2415,2861,2,1ターンの間、自身の攻撃が3回連続攻撃になる,counteraction,4,0.75,0.26,0,0,1,0.26,0.98,0.346,0,0,0.9778,0.000204
358,6,374,44,em-5cd1890be20b,イーネちゃんの舟屋,water,ZR,41,3748,4771,1,1ターンの間、攻撃を自身に集中させる(60%カット),advantage_creation,4,0.75,0.26,1,0,1,0.26,0.9,0.3454,3,0,0.9414,0.004777
359,419,375,446,em-e37685227f53,さくちゃん,water,R,9,680,724,5,火属性の味方全員のスキルカウントを2減少させる,ignored,4,0.75,0.26,0,0,1,0.26,0.89,0.3437,0,0,0.9932,0.000207
360,41,376,127,em-7e70673d97ae,セント・キルダ音楽隊,fire,R,13,1344,1963,0,1ターンの間、水属性の攻撃を自身に集中させる(80%カット),advantage_creation,4,0.75,0.26,1,1,1,0.26,0.94,0.3437,1.25,0,0.9932,0.001985
361,420,377,1387,em-eb57ed2cb1f2,ペパりんズクッキング,fire,MZR,60,6305,3237,3,風属性の敵全員の攻撃カウントを2増加させる,ignored,4,0.75,0.26,0,0,1,0.26,0.89,0.3437,0,0,0.8692,0.000181
362,421,378,450,em-dab58d0db3e1,夕陽のカウボーイ,fire,R,17,1661,1661,5,死亡している味方全員を40%のHPで蘇らせる,advantage_creation,4,0.75,0.26,0,0,1,0.27,0.9,0.3433,0,0,0.9931,0.000207
363,422,379,428,em-a85f091d502f,スウェルくん,water_wind,N,11,1452,2058,2,1ターンの間、味方全員に風属性の敵からのダメージを55%軽減するシールドを与える,advantage_creation,4,0.75,0.26,0,0,1,0.27,0.89,0.3433,0,0,0.9959,0.000207
364,423,380,448,em-86b8f3a86278,レボリューション凜子,water,R,10,800,800,4,1ターンの間、火属性の敵に対する味方全員の攻撃力を150%増加させる,counteraction,4,0.75,0.26,0,0,1,0.26,0.88,0.34,0,0,0.9931,0.000207
365,21,381,82,em-251852280bcf,どうしんさん,water,CR,12,615,605,1,水属性の味方全員のHPを5%回復する,advantage_creation,4,0.75,0.26,0.75,0,1,0.25,0.88,0.3398,1.75,0,0.9775,0.003302
366,424,382,429,em-5053fe8d941b,カカカのカ二郎,fire,N,3,400,300,5,風属性の敵全員の攻撃カウントを1増加させる,ignored,4,0.75,0.26,0,0,1,0.26,0.94,0.3396,0,0,0.9958,0.000207
367,425,383,1637,em-b2125332555b,呵々Doの閑雅・ルー,water_wind,伝,85,9883,4771,5,2ターンの間、攻撃を自身に集中させる(80%カット),advantage_creation,4,0.75,0.26,0,0,1,0.26,0.91,0.3396,0,0,0.3581,0.000075
368,426,384,784,em-d7d6357dff74,フェニックス師匠,fire,CR,32,4508,4830,0,自身のHPを20%回復する,advantage_creation,4,0.75,0.26,1,1,1,0.25,0.88,0.3388,0,0,0.9774,0.000204
369,42,385,130,em-c8db19de00fd,ワロンマイナー輩先,water,R,13,2953,1328,1,水属性の味方全員のHPを50%回復する,advantage_creation,4,0.75,0.26,1,0,1,0.25,0.94,0.3384,1.25,0,0.993,0.001934
370,427,386,455,em-d19d4f1b57e1,ロボうおぬまンダー,fire,R,9,600,800,6,2ターンの間、自身の攻撃が全体攻撃になる,counteraction,4,0.75,0.26,0,0,1,0.25,0.89,0.3384,0,0,0.993,0.000207
371,428,387,1389,em-405f3e1dc3af,べるりん★最高潮,fire,MZR,45,5367,3663,6,1ターンの間、火属性の攻撃を自身に集中させる(100%カット),advantage_creation,4,0.75,0.26,0,0,1,0.25,0.93,0.3384,0,0,0.8677,0.000181
372,17,388,70,em-e507272ab5af,フィッシャーマン２,water,N,6,400,400,1,水属性の味方全員のHPを10%回復する,advantage_creation,4,0.75,0.26,0.5,0,1,0.25,0.97,0.3378,2,0,0.9957,0.003746
373,429,389,792,em-ef6acbb9fe3a,ﾌｫﾆｰ・ぴよ・ｶﾞｰﾙｽﾞY,all,CR,25,3703,1771,4,1ターンの間、味方全員の属性を全属性(3色混合)に変更する,adaptive,4,0.75,0.26,0,0,1,0.25,0.9,0.3378,0,0,0.9772,0.000203
374,430,390,240,em-52b1a63b86dd,ヤマさんヤミーさん,fire,CR,27,1288,3220,1,5ターンの間、火属性の敵に対する味方全員の攻撃力を23%増加させる,counteraction,4,0.75,0.26,0.75,0,1,0.25,0.98,0.3378,0,0,0.9772,0.000581
375,431,391,1185,em-e11205ce4a3f,紅蓮のＰＬぴよ子,fire,ZR,60,3656,3656,1,1ターンの間、自身の属性を火属性に変更する,adaptive,4,0.75,0.26,0,0,1,0.25,0.9,0.3378,0,0,0.94,0.000196
376,432,392,430,em-c09c9bb81a01,蓮十郎,fire,N,7,1215,1187,2,風属性の味方全員のスキルカウントを1減少させる,ignored,4,0.75,0.26,0,0,1,0.25,0.99,0.3378,0,0,0.9957,0.000207
377,433,393,800,em-e4f94dd73b29,あっしゅTHEﾗｯﾊﾟｰ,fire_water,CR,12,1500,700,5,1ターンの間、火属性の攻撃を自身に集中させる(30%カット),advantage_creation,4,0.75,0.26,0,0,1,0.25,0.95,0.3378,0,0,0.9771,0.000203
378,434,394,1187,em-3111e08d3ca9,ヒラズゲンセイ,fire,ZR,40,6134,3067,0,1ターンの間、攻撃を自身に集中させる(0%カット),advantage_creation,4,0.75,0.26,0,1,1,0.25,0.88,0.3378,0,0,0.9397,0.000196
379,435,395,462,em-39011821f965,さるぼぼぼぼ～ん,fire,R,12,800,1000,4,1ターンの間、自身の攻撃が全体攻撃になる,counteraction,4,0.75,0.26,0,0,1,0.25,0.9,0.3362,0,0,0.9928,0.000207
380,436,396,431,em-220d63bfc07c,ハントンくん,fire,N,3,350,500,8,1ターンの間、味方全員の攻撃が2回連続攻撃になる,counteraction,4,0.75,0.26,0,0,1,0.25,0.89,0.336,0,0,0.9956,0.000207
381,437,397,1394,em-2c5d06641a28,ジャックレムリン,fire_wind,MZR,55,7497,3748,7,5ターンの間、味方全員の攻撃が全体攻撃になる,counteraction,4,0.75,0.26,0,0,1,0.25,0.9,0.336,0,0,0.8662,0.00018
382,438,398,1189,em-42c90dd17240,GSPS！秀郷先生,fire_water,ZR,34,3578,4601,2,2ターンの間、風属性の敵に対する自身の攻撃力を240%増加させる,counteraction,4,0.75,0.26,0,0,1,0.25,0.89,0.336,0,0,0.9394,0.000196
383,439,399,812,em-aeee7aac1b71,ジンジャーブレッド男,fire_wind,CR,20,4143,2440,2,1ターンの間、リーダーの攻撃力を200%増加させる,counteraction,4,0.75,0.26,0.25,0,1,0.25,0.9,0.336,0,0,0.9768,0.000203
384,440,400,816,em-62994b487456,浪漫歌人♪晶子さん,fire,CR,25,3059,3059,2,死亡している風属性の味方全員を15%のHPで蘇らせる,advantage_creation,4,0.75,0.26,0,0,1,0.25,0.92,0.336,0,0,0.9768,0.000203
385,441,401,433,em-ccd4db81276f,夜間学校な浅子さん,fire,N,5,200,500,5,1ターンの間、自身の攻撃力を300%増加させる,counteraction,4,0.75,0.26,0,0,1,0.25,0.89,0.336,0,0,0.9956,0.000207
386,442,402,1395,em-7fe5a2875793,米倉英子(大学生),all,MZR,55,1,1,555,1ターンの間、自身の攻撃力を55555%増加させる,counteraction,4,0.75,0.26,0,0,1,0.25,0.88,0.336,0,0,0.8654,0.00018
387,443,403,1396,em-09abce425d92,超悦者・有砂小町,all,MZR,60,5453,5453,5,3ターンの間、味方全員の属性を全属性(3色混合)に変更する,adaptive,4,0.75,0.26,0,0,1,0.25,0.9,0.3349,0,0,0.8653,0.00018
388,444,404,822,em-7e4426102b17,タンジャンじゃん,fire,CR,22,3139,3139,3,死亡している風属性の味方全員を100%のHPで蘇らせる,advantage_creation,4,0.75,0.26,0,0,1,0.25,0.93,0.3349,0,0,0.9767,0.000203
389,445,405,823,em-9f9bdf00a915,ハンドフィッシュさん,fire,CR,27,1635,2862,3,1ターンの間、味方全員にダメージを62%軽減するシールドを与える,advantage_creation,4,0.75,0.26,0,0,1,0.25,0.92,0.3349,0,0,0.9766,0.000203
390,446,406,1195,em-f35caa7e177a,モンポスさん,water_wind,ZR,40,5112,2556,4,1ターンの間、味方全員にダメージを80%軽減するシールドを与える,advantage_creation,4,0.75,0.26,0,0,1,0.26,0.96,0.3347,0,0,0.9387,0.000195
391,447,407,468,em-8594f11c20bf,替え玉ひろし,water,R,12,790,810,5,2ターンの間、水属性の味方全員の攻撃力を77%増加させる,counteraction,4,0.75,0.26,0,0,1,0.26,0.89,0.3343,0,0,0.9925,0.000207
392,448,408,472,em-b080511b902a,かずらちゃん,fire,R,3,350,500,2,1ターンの間、攻撃をリーダーに集中させる(10%カット),advantage_creation,4,0.75,0.26,0,0,1,0.25,0.9,0.3336,0,0,0.9925,0.000207
393,449,409,473,em-c301debd22fc,やまとーる海尉,water,R,9,900,600,6,2ターンの間、味方全員にダメージを50%軽減するシールドを与える,advantage_creation,4,0.75,0.26,0,0,1,0.25,0.88,0.3336,0,0,0.9925,0.000207
394,75,410,292,em-33880cee5e60,三貴子ツクヨミ,water_wind,伝,75,10735,4686,3,2ターンの間、味方全員にダメージを50%軽減するシールドを与える,advantage_creation,4,0.75,0.26,0.25,0,1,0.25,0.91,0.3327,0.5,0,0.3548,0.000362
395,450,411,1400,em-13df10c62ab6,MUNAKATA,water,MZR,42,5453,4089,6,4ターンの間、水属性の味方全員の攻撃が全体攻撃になる,counteraction,4,0.75,0.26,0,0,1,0.25,0.9,0.3327,0,0,0.8641,0.00018
396,451,412,828,em-2d8f15eaba64,のぶくろさん,fire,CR,12,700,900,7,2ターンの間、味方全員の攻撃が全体攻撃になる,counteraction,4,0.75,0.26,0,0,1,0.26,0.9,0.3315,0,0,0.9764,0.000203
397,452,413,1638,em-22f9d46fe6f4,ウサウサ八幡,water_wind,伝,88,10872,5964,6,火属性の味方全員のスキルカウントを2減少させる,ignored,4,0.75,0.26,0,0,1,0.25,0.89,0.3298,0,0,0.3544,0.000074
398,453,414,1639,em-2a5e6ca1207c,ケーンクラちゃん,water_wind,伝,81,9713,4089,6,2ターンの間、味方全員にダメージを80%軽減するシールドを与える,advantage_creation,4,0.75,0.26,0,0,1,0.25,0.89,0.3298,0,0,0.3543,0.000074
399,454,415,831,em-225255ba2e90,華美なるミシュル嬢,fire,CR,22,3864,2524,1,自身のHPを85%回復する,advantage_creation,4,0.75,0.26,1,0,1,0.25,0.89,0.3298,0,0,0.9763,0.000203
400,455,416,1403,em-9c9f188ea0a8,やる気勢ナルテュール,water,MZR,56,1704,7838,6,2ターンの間、水属性の味方全員の攻撃力を400%増加させる,counteraction,4,0.75,0.26,0,0,1,0.25,0.89,0.3298,0,0,0.8633,0.00018
401,456,417,435,em-628e695d4365,カクラム先生,fire,N,16,2256,2397,4,3ターンの間、自身の攻撃が3回連続攻撃になる,counteraction,4,0.75,0.26,0,0,1,0.25,0.94,0.3298,0,0,0.9954,0.000207
402,457,418,480,em-4a6952f30578,愛犬八太郎,fire,R,11,1700,300,6,敵全員の攻撃カウントを1増加させる,ignored,4,0.75,0.26,0,0,1,0.24,0.94,0.3292,0,0,0.9923,0.000206
403,458,419,482,em-739aae6480ff,男前やできっしん,fire,R,14,755,2605,4,2ターンの間、自身の攻撃力を300%増加させる,counteraction,4,0.75,0.26,0,0,1,0.26,0.88,0.3279,0,0,0.9923,0.000206
404,459,420,1404,em-5861838d2e36,ばうあー泥棒,all,MZR,35,4771,3033,4,2ターンの間、火属性の敵に対する自身の攻撃力を1780%増加させる,counteraction,4,0.75,0.26,0,0,1,0.24,0.98,0.3277,0,0,0.8627,0.000179
405,22,421,90,em-dfbe69861ff7,餅もちにくぁうさん,fire,ZR,36,3449,3789,1,1ターンの間、味方全員にダメージを24%軽減するシールドを与える,advantage_creation,4,0.75,0.26,1,0,1,0.24,0.9,0.3263,1.75,0,0.9374,0.003083
406,43,422,134,em-210e07c4044b,偉いよ！どうしん先生,water,CR,19,1245,1155,1,水属性の味方全員のHPを15%回復する,advantage_creation,4,0.75,0.26,0.75,0,1,0.24,0.89,0.3263,1.25,0,0.976,0.001853
407,59,423,169,em-1211d6248533,ピンクなコンクさん,all,ZR,32,3067,2044,1,1ターンの間、味方全員にダメージを27%軽減するシールドを与える,advantage_creation,4,0.75,0.26,1,0,1,0.24,0.89,0.3263,1,0,0.9372,0.001198
408,460,424,833,em-e6c115665fbd,上宮之太子さま,fire,CR,15,1300,1150,2,火属性の味方全員のHPを20%回復する,advantage_creation,4,0.75,0.26,0,0,1,0.24,0.89,0.3263,0,0,0.9759,0.000203
409,461,425,834,em-5bdefb267838,どーよくん,fire,CR,8,310,910,5,1ターンの間、風属性の敵に対する自身の攻撃力を100%増加させる,counteraction,4,0.75,0.26,0,0,1,0.24,0.89,0.3263,0,0,0.9759,0.000203
410,462,426,436,em-57fe43e7ea10,鹿苑さん,fire,N,4,307,295,6,死亡している水属性の味方全員を10%のHPで蘇らせる,advantage_creation,4,0.75,0.26,0,0,1,0.24,0.89,0.3263,0,0,0.9953,0.000207
411,463,427,488,em-b4d695a20bfa,ハズク姉さん,fire,R,12,700,600,7,1ターンの間、火属性の味方全員の攻撃が3回連続攻撃になる,counteraction,4,0.75,0.26,0,0,1,0.24,0.89,0.3263,0,0,0.9921,0.000206
412,464,428,490,em-da69b63392e4,手品師！エッシュさん,fire,R,6,600,600,4,水属性の味方全員のスキルカウントを2減少させる,ignored,4,0.75,0.26,0,0,1,0.24,0.9,0.3263,0,0,0.9921,0.000206
413,465,429,1203,em-23638c0715eb,ばけごろう,all,ZR,30,1757,5743,1,3ターンの間、自身の属性を全属性(3色混合)に変更する,adaptive,4,0.75,0.26,0,0,1,0.24,0.93,0.3263,0,0,0.9367,0.000195
414,466,430,495,em-ca4955abcfb2,水の供犠ぴよ子,water,R,4,120,120,0,なし,none,4,0.75,0.26,0,1,1,0.24,0.89,0.3263,0,0,0.9921,0.000206
415,467,431,439,em-1a814a6b20cf,未来のモア蔵,water,N,5,920,160,4,1ターンの間、攻撃を自身に集中させる(30%カット),advantage_creation,4,0.75,0.26,0,0,1,0.24,0.88,0.3263,0,0,0.9952,0.000207
416,468,432,498,em-e4cc96d741ac,クル彦さん,water,R,9,702,702,1,1ターンの間、自身の属性を火属性に変更する,adaptive,4,0.75,0.26,0,0,1,0.24,0.89,0.3263,0,0,0.992,0.000206
417,469,433,440,em-826b6ae61786,スワン王,water,N,9,1229,1173,4,味方全員のスキルカウントを1減少させる,ignored,4,0.75,0.26,0,0,1,0.24,0.88,0.3263,0,0,0.9952,0.000207
418,470,434,441,em-144acde7efe5,魚臣！又土くん,water,N,4,500,650,7,リーダーのスキルカウントを4減少させる,ignored,4,0.75,0.26,0,0,1,0.24,0.89,0.3263,0,0,0.9952,0.000207
419,471,435,1405,em-e121ae05cb4a,戦国ドラグーン,fire,MZR,32,3919,5112,0,2ターンの間、自身の属性を火属性に変更する,adaptive,4,0.75,0.26,0,1,1,0.24,0.9,0.3263,0,0,0.8605,0.000179
420,472,436,270,em-2ddce7bebb05,ツノザヤ君は握手ﾁｭｳ,water,ZR,27,37,3023,0,2ターンの間、味方全員に水属性の敵からのダメージを9%軽減するシールドを与える,advantage_creation,4,0.75,0.26,0.5,1,1,0.24,0.92,0.3263,0,0,0.9361,0.000437
421,473,437,443,em-addae93a6fe9,ニート,water,N,5,314,296,5,1ターンの間、水属性の攻撃を自身に集中させる(90%カット),advantage_creation,4,0.75,0.26,0,0,1,0.24,0.88,0.3261,0,0,0.9951,0.000207
422,474,438,442,em-377c63de8d80,極・S.K.O.Tちゃん,fire,N,6,1150,300,4,味方全員のHPを40%回復する,advantage_creation,4,0.75,0.26,0.5,0,1,0.24,0.95,0.3252,0,0,0.9951,0.000207
423,475,439,445,em-cd0a21cda0bb,タキシラ師匠,fire_water,N,6,1861,733,0,自身のHPを60%回復する,advantage_creation,4,0.75,0.26,1,1,1,0.24,0.89,0.3252,0,0,0.9951,0.000207
424,476,440,1407,em-32dd2642183e,ハイパーハンギョジン,fire,MZR,60,5889,3996,3,2ターンの間、味方全員の攻撃力を78%増加させる,counteraction,4,0.75,0.26,0,0,1,0.24,0.89,0.3252,0,0,0.8597,0.000179
425,477,441,437,em-3e85387d97e5,荒ぶるこんにゃく,water,N,7,486,484,8,3ターンの間、攻撃を自身に集中させる(70%カット),advantage_creation,4,0.75,0.26,0,0,1,0.25,0.88,0.3249,0,0,0.9951,0.000207
426,478,442,438,em-62efa937d743,素敵なびわ子たん,water,N,7,500,480,4,1ターンの間、味方全員に風属性の敵からのダメージを80%軽減するシールドを与える,advantage_creation,4,0.75,0.26,0,0,1,0.25,0.88,0.3249,0,0,0.9951,0.000207
427,479,443,499,em-48b5d909c409,南紀な白良さん,water,R,15,800,800,4,2ターンの間、水属性の味方全員の攻撃力を70%増加させる,counteraction,4,0.75,0.26,0,0,1,0.25,0.9,0.3249,0,0,0.9918,0.000206
428,480,444,444,em-422fdd383a00,芋煮百太郎,fire,N,7,680,300,5,1ターンの間、火属性の味方全員の攻撃が2回連続攻撃になる,counteraction,4,0.75,0.26,0,0,1,0.25,0.89,0.3249,0,0,0.9951,0.000207
429,481,445,507,em-75bbcd3130fb,みかんさん,water,R,6,700,500,7,2ターンの間、風属性の味方全員の攻撃が全体攻撃になる,counteraction,4,0.75,0.26,0,0,1,0.25,0.89,0.3249,0,0,0.9918,0.000206
430,482,446,360,em-cd52b65347bc,フローラさま,fire,伝,75,11161,3408,1,2ターンの間、水属性の敵に対する自身の攻撃力を250%増加させる,counteraction,4,0.75,0.26,1,0,1,0.25,0.94,0.3249,0,0,0.3504,0.000229
431,483,447,1640,em-a5e1e009bda8,くまのたん伝説,fire,伝,80,8861,8179,5,1ターンの間、自身の攻撃力を1000%増加させる,counteraction,4,0.75,0.26,0,0,1,0.25,0.91,0.3249,0,0,0.3503,0.000073
432,484,448,1408,em-79322ee550e2,スーパーににぎ状態,water_wind,MZR,60,5623,4430,5,3ターンの間、水属性の味方全員の攻撃力を220%増加させる,counteraction,4,0.75,0.26,0,0,1,0.25,0.99,0.3241,0,0,0.8585,0.000179
433,485,449,447,em-c08f9d20049a,激辛ふとし君,fire,N,8,701,1702,5,2ターンの間、自身の攻撃力を200%増加させる,counteraction,4,0.75,0.26,0,0,1,0.24,0.94,0.3239,0,0,0.995,0.000207
434,486,450,1409,em-010ca8278422,伊賀NINJA!,fire,MZR,42,1704,5112,3,味方全員のスキルカウントを1減少させる,ignored,4,0.75,0.26,0,0,1,0.24,0.92,0.3239,0,0,0.8582,0.000178
435,487,451,1410,em-438753e77e6c,デロスの月陽姉弟,fire_water,MZR,41,3237,5453,2,味方全員のHPを60%回復する,advantage_creation,4,0.75,0.26,0,0,1,0.24,0.89,0.3239,0,0,0.858,0.000178
436,488,452,1411,em-1ad78d7d3c2f,狐仮面,fire,MZR,22,2215,1789,4,死亡している味方全員を1%のHPで蘇らせる,advantage_creation,4,0.75,0.26,0.25,0,1,0.25,0.98,0.3232,0,0,0.8579,0.000178
437,489,453,451,em-6f409bf9b5bd,素敵なステチュさん,fire_wind,N,14,211,2115,2,2ターンの間、水属性の味方全員にダメージを70%軽減するシールドを与える,advantage_creation,4,0.75,0.26,0,0,1,0.24,0.88,0.323,0,0,0.995,0.000207
438,490,454,511,em-ed2bb6e12815,ラスコー原人,water,R,14,604,3624,1,1ターンの間、自身の属性を火属性に変更する,adaptive,4,0.75,0.26,0,0,1,0.24,0.9,0.323,0,0,0.9916,0.000206
439,491,455,1412,em-2eebc4f8633d,すわっ！かつより君,fire_water,MZR,60,5350,4771,5,2ターンの間、味方全員の攻撃が全体攻撃になる,counteraction,4,0.75,0.26,0,0,1,0.24,0.93,0.3206,0,0,0.8574,0.000178
440,492,456,1413,em-faea6a503d7f,討ち入り☆花子,fire,MZR,58,5350,4907,3,2ターンの間、自身の攻撃が全体攻撃になる,counteraction,4,0.75,0.26,0,0,1,0.24,0.92,0.3206,0,0,0.8573,0.000178
441,493,457,867,em-2080ae65b62a,モヅルン,fire_water,CR,37,3771,1908,3,1ターンの間、風属性の攻撃を自身に集中させる(80%カット),advantage_creation,4,0.75,0.26,0,0,1,0.24,0.93,0.3196,0,0,0.9747,0.000203
442,494,458,1641,em-a78326864213,発音王・S・サイアン,fire_water,伝,88,10650,6560,8,1ターンの間、自身の攻撃力を99999%増加させる,counteraction,4,0.75,0.26,0,0,1,0.24,0.9,0.3196,0,0,0.3489,0.000073
443,495,459,864,em-cce942b02eb0,激えぇじゃないか,water,CR,14,1300,1100,5,2ターンの間、自身の攻撃が全体攻撃になる,counteraction,4,0.75,0.26,0,0,1,0.25,0.89,0.3194,0,0,0.9746,0.000203
444,496,460,517,em-7a7f1cd12450,スオ面スナイパー,water_wind,R,13,1132,1812,1,1ターンの間、水属性の敵に対する自身の攻撃力を150%増加させる,counteraction,4,0.75,0.26,0.75,0,1,0.25,0.9,0.3194,0,0,0.9914,0.000206
445,497,461,518,em-ceae46610053,火の供犠ぴよ子,fire,R,4,120,120,0,なし,none,4,0.75,0.26,0,1,1,0.24,0.89,0.3188,0,0,0.9914,0.000206
446,498,462,1414,em-03ca4c2f4e9d,勝手にストゥッツさん,fire_wind,MZR,51,6560,3786,0,1ターンの間、自身の属性を風属性に変更する,adaptive,4,0.75,0.26,1,1,1,0.24,0.9,0.3188,0,0,0.8564,0.000178
447,499,463,1222,em-4d9586371e6c,鞭・打つ子さん,fire_water,ZR,38,4106,4106,3,1ターンの間、自身の攻撃が8回連続攻撃になる,counteraction,4,0.75,0.26,0,0,1,0.23,0.92,0.3176,0,0,0.9338,0.000194
448,500,464,512,em-ec6b6491e6a3,ベッピー先生,fire,R,15,808,792,5,2ターンの間、火属性の味方全員の攻撃力を120%増加させる,counteraction,4,0.75,0.26,0,0,1,0.23,0.94,0.3171,0,0,0.9914,0.000206
449,501,465,863,em-b0a6405ce878,ヒルズキング,fire,CR,15,859,1598,1,1ターンの間、水属性の敵に対する自身の攻撃力を200%増加させる,counteraction,4,0.75,0.26,0.5,0,1,0.24,0.94,0.3164,0,0,0.9744,0.000203
450,502,466,452,em-c9268ab25340,大森銀さま,fire,N,10,1600,200,3,1ターンの間、味方全員にダメージを50%軽減するシールドを与える,advantage_creation,4,0.75,0.26,0.25,0,1,0.23,0.93,0.3161,0,0,0.9948,0.000207
451,503,467,520,em-01325fd9f459,いやひこさま,fire,R,16,1200,600,3,火属性の敵全員の攻撃カウントを1増加させる,ignored,4,0.75,0.26,0,0,1,0.23,0.89,0.3161,0,0,0.9913,0.000206
452,504,468,874,em-f3091896bc28,腹話フック,fire,CR,15,1610,3220,4,1ターンの間、火属性の味方全員の攻撃が4回連続攻撃になる,counteraction,4,0.75,0.26,0,0,1,0.23,0.94,0.3161,0,0,0.9743,0.000203
453,505,469,449,em-f8d808926639,吉野スライミング,water,N,8,690,390,5,2ターンの間、攻撃を自身に集中させる(70%カット),advantage_creation,4,0.75,0.26,0,0,1,0.24,0.89,0.3152,0,0,0.9948,0.000207
454,506,470,521,em-484d995e3adb,くノ一！ヴォたん,water_wind,R,9,700,700,4,1ターンの間、攻撃をリーダーに集中させる(65%カット),advantage_creation,4,0.75,0.26,0,0,1,0.24,0.89,0.3152,0,0,0.9912,0.000206
455,507,471,877,em-90b0d123f99e,かんきゅっちゃん,water,CR,15,2817,2817,5,水属性の敵全員の攻撃カウントを2増加させる,ignored,4,0.75,0.26,0,0,1,0.24,0.87,0.3152,0,0,0.9742,0.000203
456,508,472,878,em-8476f5773554,エーランドちゃん,fire_water,CR,30,6070,2160,7,風属性の敵全員の攻撃カウントを5増加させる,ignored,4,0.75,0.26,0,0,1,0.24,0.89,0.3152,0,0,0.9742,0.000203
457,509,473,1225,em-c86ef788e307,ベルりん絶好調,fire,ZR,40,4089,4686,5,1ターンの間、火属性の攻撃を自身に集中させる(95%カット),advantage_creation,4,0.75,0.26,0,0,1,0.24,0.9,0.3152,0,0,0.9329,0.000194
458,510,474,1419,em-c87499b64151,ラパヌイ先生,fire_water,MZR,45,6441,3067,4,6ターンの間、攻撃を自身に集中させる(50%カット),advantage_creation,4,0.75,0.26,0,0,1,0.24,0.91,0.3152,0,0,0.8545,0.000178
459,511,475,1420,em-6a50fe1ba475,青き春の酔竜,water,MZR,70,2556,7668,3,2ターンの間、自身の攻撃力を400%増加させる,counteraction,4,0.75,0.26,0,0,1,0.24,0.89,0.3152,0,0,0.8544,0.000178
460,512,2,55,em-c98972302fbd,爆誕！うっす様,fire,R,9,300,1000,2,1ターンの間、水属性の敵に対する味方全員の攻撃力を150%増加させる,counteraction,4,0.75,0.26,0,0,1,0.23,0.89,0.3142,0,1.5,0.9911,0.004211
461,513,476,522,em-3bd6544e0bce,窓辺のやまなしーヌ,water,R,13,700,800,4,味方全員のスキルカウントを1減少させる,ignored,4,0.75,0.26,0,0,1,0.23,0.88,0.3142,0,0,0.9911,0.000206
462,514,477,525,em-bf7beec08736,いやひこちゃん,fire,R,10,700,400,4,火属性の敵全員の攻撃カウントを1増加させる,ignored,4,0.75,0.26,0,0,1,0.23,0.88,0.3142,0,0,0.9911,0.000206
463,515,478,454,em-401fb8fe2284,S.K.O.Tちゃん,fire,N,3,750,200,6,味方全員のHPを40%回復する,advantage_creation,4,0.75,0.26,0,0,1,0.23,0.88,0.3142,0,0,0.9946,0.000207
464,516,479,884,em-2f3689f15f09,ブルりん,fire,CR,8,800,1000,6,1ターンの間、味方全員に水属性の敵からのダメージを50%軽減するシールドを与える,advantage_creation,4,0.75,0.26,0,0,1,0.23,0.9,0.3142,0,0,0.9739,0.000202
465,517,480,1421,em-832edc9513ca,Ｈ・Ｆ・ウーマン,fire,MZR,45,6305,3748,4,1ターンの間、攻撃を自身に集中させる(88%カット),advantage_creation,4,0.75,0.26,0,0,1,0.23,0.89,0.3142,0,0,0.8535,0.000177
466,518,481,1642,em-0e9d90fcbf69,テオティワちーちゃん,water_wind,伝,66,11928,149,1,2ターンの間、自身の攻撃が10回連続攻撃になる,counteraction,4,0.75,0.26,0,0,1,0.23,0.89,0.3142,0,0,0.3459,0.000072
467,519,482,1422,em-41c5d9f739e4,健やか泰三,fire_wind,MZR,44,3052,5964,5,死亡している風属性の味方全員を100%のHPで蘇らせる,advantage_creation,4,0.75,0.26,0,0,1,0.23,0.97,0.3142,0,0,0.8532,0.000177
468,520,483,190,em-ea05427d05f5,ナポレオーヌくん,water,CR,32,3121,2603,1,4ターンの間、水属性の敵に対する水属性の味方全員の攻撃力を23%増加させる,counteraction,4,0.75,0.26,1,0,1,0.23,0.89,0.3142,0,0,0.9737,0.000908
469,521,484,528,em-3911cf0df99b,あずま京子という女,water,R,14,1687,1687,3,2ターンの間、味方全員に風属性の敵からのダメージを80%軽減するシールドを与える,advantage_creation,4,0.75,0.26,0.25,0,1,0.23,0.89,0.3142,0,0,0.9909,0.000206
470,522,485,529,em-a71ad4631750,絶許！近所のあん子,water,R,9,1131,989,4,水属性の味方全員のHPを100%回復する,advantage_creation,4,0.75,0.26,0,0,1,0.23,0.89,0.3142,0,0,0.9909,0.000206
471,523,486,530,em-9329de26d52c,iびるん大魔王,all,R,14,1812,1963,5,1ターンの間、攻撃をリーダーに集中させる(50%カット),advantage_creation,4,0.75,0.26,0,0,1,0.23,0.88,0.3142,0,0,0.9909,0.000206
472,524,487,887,em-eece08d90093,罠なくトロイ先輩,fire,CR,18,4830,16,4,1ターンの間、火属性の味方全員の攻撃が5回連続攻撃になる,counteraction,4,0.75,0.26,0,0,1,0.23,0.94,0.3142,0,0,0.9736,0.000202
473,525,488,456,em-980bac842ec7,ウシュか☆丸か,fire_wind,N,5,1410,1404,10,死亡している味方全員を200%のHPで蘇らせる,advantage_creation,4,0.75,0.26,0,0,1,0.23,0.94,0.3142,0,0,0.9945,0.000207
474,526,489,1233,em-ec64495c1963,レブカ大先生,fire_water,ZR,38,5793,2984,5,3ターンの間、火属性の味方全員の攻撃が全体攻撃になる,counteraction,4,0.75,0.26,0,0,1,0.23,0.99,0.3142,0,0,0.9314,0.000194
475,527,490,1234,em-87a6c85241fe,蝶々ペッパーくん,fire,ZR,30,1482,1781,2,風属性の敵全員の攻撃カウントを1増加させる,ignored,4,0.75,0.26,0,0,1,0.23,0.97,0.3142,0,0,0.9314,0.000194
476,7,491,46,em-85da0a137fe9,北間・クララさん,fire,ZR,10,3561,629,1,自身のHPを90%回復する,advantage_creation,4,0.75,0.26,1,0,1,0.23,0.89,0.3136,2.75,0,0.9313,0.004597
477,528,492,888,em-428a2893945d,雪愛ちゃん,water,CR,8,590,630,3,1ターンの間、味方全員の属性を水属性に変更する,adaptive,4,0.75,0.26,0,0,1,0.23,0.89,0.3136,0,0,0.9734,0.000202
478,529,493,1423,em-28604c08091f,純白のアンナ大先輩,fire,MZR,51,6305,3748,5,4ターンの間、自身の攻撃が全体攻撃になる,counteraction,4,0.75,0.26,0,0,1,0.23,0.88,0.3136,0,0,0.8515,0.000177
479,530,494,458,em-8a7e4284ba4a,あっぴーさん,fire,N,5,800,350,3,自身のHPを50%回復する,advantage_creation,4,0.75,0.26,0,0,1,0.23,0.89,0.3136,0,0,0.9944,0.000207
480,531,495,1425,em-b1988954d3bc,織田フィナーレ,fire,MZR,50,2556,5964,5,2ターンの間、火属性の味方全員の攻撃が3回連続攻撃になる,counteraction,4,0.75,0.26,0,0,1,0.23,0.93,0.3136,0,0,0.8511,0.000177
481,532,496,1426,em-b943dbad0d0c,姫武者伏姫,water,MZR,54,6253,3823,5,2ターンの間、攻撃を自身に集中させる(85%カット),advantage_creation,4,0.75,0.26,0,0,1,0.23,0.92,0.3136,0,0,0.851,0.000177
482,533,497,895,em-3776e81d3ee0,ヒポポタリーナ,water,CR,23,3237,2862,3,1ターンの間、火属性の味方全員の攻撃が2回連続攻撃になる,counteraction,4,0.75,0.26,0,0,1,0.24,0.9,0.3135,0,0,0.9732,0.000202
483,534,498,457,em-6588c893ceb4,船師かっさーのん,water,N,3,300,400,6,1ターンの間、リーダーの攻撃力を150%増加させる,counteraction,4,0.75,0.26,0,0,1,0.23,0.89,0.3119,0,0,0.9944,0.000207
484,535,499,535,em-de4906019fe7,キープ牧場の決斗,fire,R,14,700,700,6,死亡している味方全員を40%のHPで蘇らせる,advantage_creation,4,0.75,0.26,0,0,1,0.23,0.88,0.3119,0,0,0.9906,0.000206
485,536,500,1427,em-54cb13a72721,不思議の海のモヅルン,fire_water,MZR,60,6475,4941,3,1ターンの間、風属性の攻撃を自身に集中させる(92%カット),advantage_creation,4,0.75,0.26,0,0,1,0.23,0.93,0.3119,0,0,0.8504,0.000177
486,537,501,1238,em-e49404c0e4be,?????,fire,ZR,43,5350,2712,3,2ターンの間、水属性の敵に対する味方全員の攻撃力を214%増加させる,counteraction,4,0.75,0.26,0,0,1,0.23,0.92,0.3119,0,0,0.9304,0.000193
487,538,502,899,em-68e23b3f15d7,あっぴーの外出,fire,CR,15,1610,3500,3,3ターンの間、リーダーの攻撃力を250%増加させる,counteraction,4,0.75,0.26,0,0,1,0.23,0.99,0.3119,0,0,0.973,0.000202
488,539,503,453,em-2f505dd0418a,とちぎソウル,water,N,4,150,400,5,1ターンの間、自身の攻撃力を100%増加させる,counteraction,4,0.75,0.26,0,0,1,0.23,0.88,0.3113,0,0,0.9943,0.000207
489,540,504,898,em-85a7b3e2cb7d,剥ぐぞ！ナモミ先生,water,CR,16,400,2100,2,1ターンの間、自身の攻撃力を150%増加させる,counteraction,4,0.75,0.26,0,0,1,0.23,0.89,0.3113,0,0,0.9729,0.000202
490,541,505,1239,em-7e0f073f3656,年中無休な落花妖精,fire,ZR,41,5538,3834,8,1ターンの間、味方全員に風属性の敵からのダメージを95%軽減するシールドを与える,advantage_creation,4,0.75,0.26,0,0,1,0.23,0.94,0.3113,0,0,0.93,0.000193
491,542,506,538,em-690b5b221287,メルクさん,fire_wind,R,17,2114,1812,2,1ターンの間、自身の攻撃が全体攻撃になる,counteraction,4,0.75,0.26,0,0,1,0.23,0.9,0.3113,0,0,0.9905,0.000206
492,543,507,903,em-b78d9042e361,サルパちゃん,water,CR,28,4362,3748,2,1ターンの間、自身の攻撃が2回連続攻撃になる,counteraction,4,0.75,0.26,0,0,1,0.23,0.89,0.3113,0,0,0.9728,0.000202
493,544,508,1430,em-9960799ef9aa,ににぎのミコト,fire,MZR,35,4941,3748,5,3ターンの間、水属性の味方全員の攻撃力を222%増加させる,counteraction,4,0.75,0.26,0,0,1,0.23,0.9,0.3113,0,0,0.8491,0.000177
494,545,509,1431,em-58dbb7bc9653,六点魔王ノッブ,fire_water,MZR,58,3408,5964,3,2ターンの間、水属性の味方全員の攻撃が2回連続攻撃になる,counteraction,4,0.75,0.26,0,0,1,0.23,0.89,0.3113,0,0,0.849,0.000176
495,546,510,252,em-1eee6f61a8bd,キングな勝斧さん,water,ZR,31,4601,2726,1,5ターンの間、風属性の敵に対する自身の攻撃力を50%増加させる,counteraction,4,0.75,0.26,1,0,1,0.23,0.88,0.3113,0,0,0.9296,0.000505
496,547,511,300,em-ad084af57188,魔法使い らくがーる,fire,ZR,38,4601,3663,2,3ターンの間、風属性の味方全員の攻撃力を70%増加させる,counteraction,4,0.75,0.26,0.25,0,1,0.23,0.89,0.3113,0,0,0.9295,0.000329
497,548,20,86,em-ca249600bce3,アレス暮らし,water,CR,24,2737,1932,1,5ターンの間、水属性の敵に対する味方全員の攻撃力を20%増加させる,counteraction,4,0.75,0.26,1,0,1,0.23,0.89,0.3101,0,0.25,0.9726,0.003146
498,549,512,907,em-2325681e1b59,BON JOVE,all,CR,24,3220,3220,5,1ターンの間、味方全員の攻撃が全体攻撃になる,counteraction,4,0.75,0.26,0,0,1,0.23,0.98,0.3101,0,0,0.9726,0.000202
499,550,513,1243,em-65cc0d6a4bcc,TAGIの映画祭,water_wind,ZR,31,3748,2726,5,3ターンの間、水属性の味方全員の攻撃が3回連続攻撃になる,counteraction,4,0.75,0.26,0,0,1,0.23,0.9,0.3101,0,0,0.9293,0.000193
500,551,514,531,em-88669edc6480,京子はまだやれる！,water,R,10,718,694,4,2ターンの間、味方全員に風属性の敵からのダメージを80%軽減するシールドを与える,advantage_creation,4,0.75,0.26,0,0,1,0.23,0.88,0.309,0,0,0.9903,0.000206
501,552,515,460,em-0c1036483550,kɔにー＆gæりー,water_wind,N,13,1128,846,2,1ターンの間、味方全員に水属性の敵からのダメージを40%軽減するシールドを与える。,advantage_creation,4,0.75,0.26,0,0,1,0.23,0.9,0.309,0,0,0.9942,0.000207
502,553,516,461,em-feafabb058cc,皐月けいび,fire,N,4,614,614,6,火属性の味方全員のスキルカウントを1減少させる,ignored,4,0.75,0.26,0,0,1,0.23,0.88,0.309,0,0,0.9941,0.000207
503,554,517,1432,em-39a2f0d8ec72,ロードスのエルフ騎士,fire,MZR,44,4430,5623,6,味方全員のスキルカウントを4減少させる,ignored,4,0.75,0.26,0,0,1,0.23,0.92,0.3077,0,0,0.8476,0.000176
504,555,518,911,em-cf9464eec3b4,ヒラメちゃん,water,CR,13,2370,2044,1,1ターンの間、自身の属性を火属性に変更する,adaptive,4,0.75,0.26,0,0,1,0.23,0.89,0.3077,0,0,0.9723,0.000202
505,556,519,459,em-737d1a27052c,じとっ子,fire,N,4,202,410,5,2ターンの間、風属性の敵に対する自身の攻撃力を100%増加させる,counteraction,4,0.75,0.26,0,0,1,0.23,0.88,0.3073,0,0,0.9941,0.000207
506,557,520,1246,em-cd23be41d901,美顔なエンパナさん,fire,ZR,40,5623,4089,8,死亡している味方全員を150%のHPで蘇らせる,advantage_creation,4,0.75,0.26,0,0,1,0.22,0.89,0.3065,0,0,0.9286,0.000193
507,558,521,1434,em-a62aee8d3548,レゲエじゃまいか,fire,MZR,40,5453,3748,4,死亡している水属性の味方全員を110%のHPで蘇らせる,advantage_creation,4,0.75,0.26,0,0,1,0.22,0.89,0.306,0,0,0.847,0.000176
508,559,522,463,em-e668f3d46f31,超・S.K.O.Tちゃん,fire,N,5,950,250,5,味方全員のHPを40%回復する,advantage_creation,4,0.75,0.26,0,0,1,0.22,0.86,0.306,0,0,0.9941,0.000207
509,560,523,546,em-2a715d5b73f6,白水師匠,fire,R,12,780,820,6,2ターンの間、火属性の味方全員の攻撃が全体攻撃になる,counteraction,4,0.75,0.26,0,0,1,0.23,0.89,0.3055,0,0,0.9901,0.000206
510,561,21,118,em-bd7b9f8f305f,レドニツェ嬢,fire,MZR,36,6816,2556,0,1ターンの間、風属性の敵に対する自身の攻撃力を160%増加させる,counteraction,4,0.75,0.26,1,1,1,0.22,0.89,0.3055,0,0.25,0.8465,0.002163
511,562,524,1435,em-9fe53d26e9cb,ロイ・マタ先輩,fire,MZR,46,2726,6816,3,2ターンの間、火属性の味方全員の攻撃が2回連続攻撃になる,counteraction,4,0.75,0.26,0,0,1,0.22,0.9,0.3055,0,0,0.8463,0.000176
512,563,525,544,em-e07aaef6bd6e,三重子ちゃん,fire,R,8,603,602,3,1ターンの間、味方全員の属性を火属性に変更する,adaptive,4,0.75,0.26,0,0,1,0.23,0.88,0.305,0,0,0.99,0.000206
513,564,526,464,em-bb5629a7c096,安井武勇伝,water,N,5,405,395,6,1ターンの間、攻撃をリーダーに集中させる(70%カット),advantage_creation,4,0.75,0.26,0,0,1,0.23,0.91,0.305,0,0,0.994,0.000207
514,565,527,551,em-883c35b094ae,淡路でくろこップ,water,R,8,605,600,8,水属性の味方全員のスキルカウントを1減少させる,ignored,4,0.75,0.26,0,0,1,0.23,0.87,0.305,0,0,0.99,0.000206
515,566,528,465,em-ab5422bc92f7,猫キャットマンジョン,fire,N,7,493,1762,1,自身のHPを70%回復する,advantage_creation,4,0.75,0.26,0.5,0,1,0.23,0.94,0.305,0,0,0.994,0.000207
516,567,529,916,em-4b42211e8e80,ナモミさん,water,CR,12,200,1200,2,1ターンの間、自身の攻撃力を100%増加させる,counteraction,4,0.75,0.26,0,0,1,0.22,0.9,0.3015,0,0,0.9719,0.000202
517,568,530,918,em-9f9a1c0e673f,リアルリオンさん,fire,CR,10,600,1100,5,風属性の敵全員の攻撃カウントを1増加させる,ignored,4,0.75,0.26,0,0,1,0.22,0.88,0.3015,0,0,0.9719,0.000202
518,569,531,921,em-2d728f34a59e,へーい竜馬,fire,CR,14,1500,1500,3,1ターンの間、自身の攻撃力を180%増加させる,counteraction,4,0.75,0.26,0,0,1,0.22,0.89,0.3015,0,0,0.9718,0.000202
519,570,532,552,em-fea44f2a7dd8,だが男だ彦にゃん,fire_water,R,15,2793,1132,3,火属性の味方全員のスキルカウントを1減少させる,ignored,4,0.75,0.26,0,0,1,0.22,0.9,0.3015,0,0,0.9899,0.000206
520,571,533,1439,em-5f311c45014a,パーントゥ大先生,water_wind,MZR,37,2409,4819,3,1ターンの間、味方全員の攻撃力を150%増加させる,counteraction,4,0.75,0.26,0.25,0,1,0.22,0.89,0.3015,0,0,0.8449,0.000176
521,572,534,554,em-e2feaf3c95b1,古の才次郎先生,water,R,13,1812,1963,1,1ターンの間、味方全員の属性を火属性に変更する,adaptive,4,0.75,0.26,0.25,0,1,0.22,0.9,0.3015,0,0,0.9898,0.000206
522,573,535,924,em-35e37020b193,æッシュちゃん,fire_water,CR,17,3542,2254,5,1ターンの間、火属性の攻撃を自身に集中させる(50%カット),advantage_creation,4,0.75,0.26,0,0,1,0.22,0.94,0.3015,0,0,0.9717,0.000202
523,574,536,556,em-e4050c7db405,オム・オクト・パップ,fire,R,9,888,400,6,味方全員のHPを88%回復する,advantage_creation,4,0.75,0.26,0,0,1,0.22,0.88,0.3015,0,0,0.9898,0.000206
524,575,537,1249,em-7aeb7561c788,ににぎのミコト,water,ZR,50,4941,3748,5,3ターンの間、水属性の味方全員の攻撃力を200%増加させる,counteraction,4,0.75,0.26,0,0,1,0.22,0.94,0.3015,0,0,0.927,0.000193
525,576,538,1250,em-698af6462642,反魂タン昼食TIME,fire,ZR,32,3067,5623,4,2ターンの間、風属性の敵に対する自身の攻撃力を800%増加させる,counteraction,4,0.75,0.26,0,0,1,0.22,0.92,0.3015,0,0,0.9269,0.000193
526,577,539,1440,em-ba817035b6a5,ハクさんの本気,water,MZR,38,4601,4089,5,3ターンの間、味方全員の攻撃力を125%増加させる,counteraction,4,0.75,0.26,0,0,1,0.22,0.91,0.3015,0,0,0.844,0.000175
527,578,540,1441,em-73250febc8f5,財閥だ浅ちゃん！,fire,MZR,38,2556,7327,4,3ターンの間、自身の攻撃が4回連続攻撃になる,counteraction,4,0.75,0.26,0,0,1,0.22,0.93,0.3015,0,0,0.8438,0.000175
528,579,541,1442,em-299bbc95ef27,タコンナ,fire,MZR,60,4260,5964,5,火属性の味方全員のHPを260%回復する,advantage_creation,4,0.75,0.26,0,0,1,0.22,0.88,0.3015,0,0,0.8437,0.000175
529,580,542,1253,em-b041a6f6cf00,テヅルモヅルン,fire_water,ZR,37,5367,2147,3,2ターンの間、風属性の攻撃を自身に集中させる(82%カット),advantage_creation,4,0.75,0.26,0,0,1,0.22,0.9,0.3015,0,0,0.9266,0.000193
530,581,543,1254,em-215080a7a05b,?????,fire,ZR,39,4924,4413,4,風属性の味方全員のスキルカウントを3減少させる,ignored,4,0.75,0.26,0,0,1,0.22,0.94,0.3015,0,0,0.9265,0.000193
531,582,544,928,em-bc840d35c547,ジ・あるじや,water,CR,20,4025,1610,4,水属性の味方全員のスキルカウントを2減少させる,ignored,4,0.75,0.26,0,0,1,0.22,0.89,0.3015,0,0,0.9713,0.000202
532,583,545,1444,em-52de8bb54262,ボビンちゃん,water,MZR,33,3748,4771,3,1ターンの間、味方全員にダメージを66%軽減するシールドを与える,advantage_creation,4,0.75,0.26,0,0,1,0.22,0.92,0.3003,0,0,0.843,0.000175
533,584,546,561,em-04cdb17f3b71,ひろし多め,water,R,9,690,714,6,2ターンの間、水属性の味方全員の攻撃力を77%増加させる,counteraction,4,0.75,0.26,0,0,1,0.22,0.89,0.3003,0,0,0.9896,0.000206
534,585,547,562,em-f5eb41dbe671,たたらん先輩,fire,R,9,600,400,4,1ターンの間、味方全員の攻撃力を30%増加させる,counteraction,4,0.75,0.26,0,0,1,0.22,0.88,0.3003,0,0,0.9896,0.000206
535,586,548,1258,em-7747ea5c5a73,諏訪子成長期,water,ZR,38,3067,5623,3,2ターンの間、自身の攻撃が3回連続攻撃になる,counteraction,4,0.75,0.26,0,0,1,0.22,0.89,0.3003,0,0,0.9261,0.000193
536,587,549,1260,em-9d7275c7d84e,ハンドさんの匍匐前進,fire,ZR,27,1840,3220,3,2ターンの間、味方全員にダメージを50%軽減するシールドを与える,advantage_creation,4,0.75,0.26,0,0,1,0.22,0.92,0.3003,0,0,0.926,0.000192
537,588,550,564,em-e626c795c8a8,スミス＆エズ,water,R,12,1200,400,3,2ターンの間、火属性の攻撃を自身に集中させる。(90%カット),advantage_creation,4,0.75,0.26,0,0,1,0.23,0.88,0.2997,0,0,0.9895,0.000206
538,589,551,1445,em-55828eea72b7,スーリヤ大先輩,fire_water,MZR,48,5360,1951,2,2ターンの間、自身の攻撃が全体攻撃になる,counteraction,4,0.75,0.26,0,0,1,0.23,0.9,0.2997,0,0,0.8421,0.000175
539,590,552,1261,em-b8168a7a90ca,大杉に願いを☆ミ,water_wind,ZR,39,5129,3067,2,1ターンの間、水属性の攻撃を自身に集中させる(77%カット),advantage_creation,4,0.75,0.26,0.25,0,1,0.22,0.97,0.298,0,0,0.9257,0.000192
540,591,553,1262,em-24b5b550f587,ジョロウグモ,fire,ZR,10,937,2113,3,2ターンの間、味方全員に風属性の敵からのダメージを80%軽減するシールドを与える,advantage_creation,4,0.75,0.26,0,0,1,0.22,0.89,0.298,0,0,0.9256,0.000192
541,592,554,467,em-081cdc2b5b45,スノーボーイ,water,N,4,1000,100,6,2ターンの間、火属性の味方全員の攻撃力を150%増加させる,counteraction,4,0.75,0.26,0,0,1,0.22,0.86,0.2979,0,0,0.9936,0.000207
542,593,555,1446,em-7a58e59098c4,森神ブーナッド,water,MZR,36,4941,3408,2,風属性の味方全員のHPを120%回復する,advantage_creation,4,0.75,0.26,0,0,1,0.22,0.91,0.2979,0,0,0.8415,0.000175
543,594,556,932,em-271fbedbbf39,レオ,fire_wind,CR,22,2737,2093,4,1ターンの間、味方全員にダメージを80%軽減するシールドを与える,advantage_creation,4,0.75,0.26,0,0,1,0.22,0.89,0.2979,0,0,0.9709,0.000202
544,595,557,208,em-93bcb3ddcb90,蝦夷の鬼武者,fire,MZR,50,5367,4771,1,6ターンの間、火属性の敵に対する自身の攻撃力を50%増加させる,counteraction,4,0.75,0.26,1,0,1,0.22,0.89,0.2979,0,0,0.8412,0.000751
545,596,558,566,em-cd7c55cabc32,ゴジュウゲリヲン,fire,R,19,3020,1132,5,3ターンの間、攻撃を自身に集中させる(70%カット),advantage_creation,4,0.75,0.26,0,0,1,0.22,0.9,0.2979,0,0,0.9893,0.000206
546,597,559,1447,em-039a051d72bb,伊万里の重畳,fire,MZR,36,4260,3919,3,火属性の敵全員の攻撃カウントを1増加させる,ignored,4,0.75,0.26,0,0,1,0.22,0.88,0.2979,0,0,0.8408,0.000175
547,30,560,112,em-106b8d6fe4c5,ドヤ顔の女帝瑠璃,water,MZR,60,4430,4089,1,1ターンの間、水属性の味方全員に水属性の敵からのダメージを50%軽減するシールドを与える,advantage_creation,4,0.75,0.26,1,0,1,0.23,0.89,0.2964,1.5,0,0.8407,0.002235
548,598,561,466,em-1acdee18dc58,生きろ！モア蔵,water,N,7,1540,240,3,1ターンの間、攻撃を自身に集中させる(30%カット),advantage_creation,4,0.75,0.26,0,0,1,0.21,0.86,0.2949,0,0,0.9936,0.000207
549,599,562,937,em-d0ce0f8b817c,あまのさんちゃん,water,CR,17,600,300,4,1ターンの間、味方全員の攻撃が2回連続攻撃になる,counteraction,4,0.75,0.26,0,0,1,0.21,0.88,0.2949,0,0,0.9706,0.000202
550,600,563,557,em-455f884e0481,迷菓ぴよ子先生,fire,R,7,662,700,5,1ターンの間、火属性の味方全員の攻撃力を100%増加させる,counteraction,4,0.75,0.26,0.25,0,1,0.21,0.88,0.2944,0,0,0.9892,0.000206
551,601,564,938,em-3434078c33f2,橋の上のかずら,fire_wind,CR,20,2012,2173,2,1ターンの間、攻撃をリーダーに集中させる(70%カット),advantage_creation,4,0.75,0.26,0.25,0,1,0.21,0.9,0.2944,0,0,0.9706,0.000202
552,602,565,568,em-2b3991ed5705,伝統の牛タソ,water,R,10,600,100,4,1ターンの間、攻撃を自身に集中させる(60%カット),advantage_creation,4,0.75,0.26,0,0,1,0.21,0.89,0.2944,0,0,0.9892,0.000206
553,23,566,85,em-da8dd7644e31,法隆ジェット,fire,R,7,600,400,6,2ターンの間、攻撃を自身に集中させる(70%カット),advantage_creation,4,0.75,0.26,0,0,1,0.21,0.89,0.2944,1.75,0,0.9892,0.003167
554,603,567,939,em-6a28c73fe6b3,はーい竜馬,fire,CR,8,900,900,3,1ターンの間、自身の攻撃力を100%増加させる,counteraction,4,0.75,0.26,0,0,1,0.21,0.88,0.2944,0,0,0.9704,0.000202
555,604,568,931,em-a3fc429e3d74,にくぁうさま,fire,CR,15,606,1876,4,1ターンの間、風属性の敵に対する自身の攻撃力を600%増加させる,counteraction,4,0.75,0.26,0,0,1,0.22,0.89,0.2934,0,0,0.9704,0.000202
556,605,569,570,em-4016fa16a6ca,Dr.&萌やﾁﾝｹﾞｰﾙ,all,R,14,773,2573,1,味方全員のHPを40%回復する,advantage_creation,4,0.75,0.26,0.5,0,1,0.22,0.9,0.2934,0,0,0.9891,0.000206
557,606,570,1448,em-eaadf81fc136,サリー,water,MZR,55,4686,4004,4,3ターンの間、風属性の味方全員の攻撃が全体攻撃になる,counteraction,4,0.75,0.26,0,0,1,0.21,0.89,0.2934,0,0,0.8391,0.000174
558,607,571,1449,em-b127f99ae530,キラー・ｻﾞ・ｷﾗｰ,fire_water,MZR,55,5964,3408,2,1ターンの間、味方全員に風属性の敵からのダメージを72%軽減するシールドを与える,advantage_creation,4,0.75,0.26,0.25,0,1,0.22,0.92,0.2931,0,0,0.8389,0.000174
559,608,572,572,em-c92854d63199,さんとくんさん,fire,R,8,1200,300,4,水属性の敵全員の攻撃カウントを1増加させる,ignored,4,0.75,0.26,0,0,1,0.21,0.89,0.2928,0,0,0.989,0.000206
560,12,573,72,em-ccfeb40e6439,更にThe★Youなリバ子,all,MZR,50,1509,5770,0,味方全員のHPを22%回復する,advantage_creation,4,0.75,0.26,1,1,1,0.22,0.89,0.2909,2.5,0,0.8386,0.003612
561,609,574,565,em-b827590fe52d,芹沢くん,water,R,7,500,500,4,1ターンの間、攻撃をリーダーに集中させる(60%カット),advantage_creation,4,0.75,0.26,0,0,1,0.21,0.88,0.2888,0,0,0.989,0.000206
562,610,575,470,em-873c09a938ac,蓮太郎,fire,N,4,310,302,3,風属性の味方全員のスキルカウントを1減少させる,ignored,4,0.75,0.26,0,0,1,0.21,0.9,0.2888,0,0,0.9934,0.000207
563,611,576,575,em-679b3b1b58a8,シャフとリサブス,water_wind,R,25,2944,3548,1,リーダーのHPを110%回復する,advantage_creation,4,0.75,0.26,1,0,1,0.21,0.94,0.2888,0,0,0.9889,0.000206
564,612,577,941,em-79b4540e0f7f,ヤック(中の人),fire_wind,CR,16,2176,2418,4,2ターンの間、自身の攻撃が3回連続攻撃になる,counteraction,4,0.75,0.26,0,0,1,0.21,0.9,0.2888,0,0,0.97,0.000202
565,613,578,1268,em-2f152df51cdc,エトナさん,fire_water,ZR,50,5673,1704,1,1ターンの間、自身の攻撃が全体攻撃になる,counteraction,4,0.75,0.26,0,0,1,0.21,0.93,0.2888,0,0,0.9234,0.000192
566,614,579,943,em-c3c3a8e92b71,仮面のいはと先生,water_wind,CR,25,2095,3063,3,水属性の敵全員の攻撃カウントを1増加させる,ignored,4,0.75,0.26,0,0,1,0.22,0.94,0.2887,0,0,0.97,0.000202
567,615,580,1270,em-5b97cf2d5a88,やまたのおろちん,fire,ZR,40,2726,2726,3,2ターンの間、自身の攻撃が7回連続攻撃になる,counteraction,4,0.75,0.26,0,0,1,0.22,0.9,0.2887,0,0,0.9232,0.000192
568,616,22,107,em-2b9338d5254c,電撃のびゃ子,fire,MZR,58,2641,6219,0,2ターンの間、水属性の敵に対する自身の攻撃力を39%増加させる,counteraction,4,0.75,0.26,1,1,1,0.21,0.9,0.2882,0,0.25,0.8373,0.002321
569,617,581,1272,em-a20c59ca87c1,Let's☆ハチ公,fire_water,ZR,33,6560,1448,5,敵全員の攻撃カウントを2増加させる,ignored,4,0.75,0.26,0,0,1,0.21,0.88,0.2882,0,0,0.923,0.000192
570,618,582,474,em-db1935c2a136,コーベリアル公爵,water,N,10,1229,1173,1,1ターンの間、火属性の攻撃を自身に集中させる(90%カット),advantage_creation,4,0.75,0.26,0.75,0,1,0.21,0.89,0.2882,0,0,0.9933,0.000206
571,619,583,947,em-1fd25fee47a1,いなば・うあー,fire,CR,15,1000,1400,5,火属性の味方全員のスキルカウントを1減少させる,ignored,4,0.75,0.26,0,0,1,0.21,0.95,0.2882,0,0,0.9698,0.000202
572,620,584,577,em-f3d2c338aec3,セビリアンナ先輩,fire,R,18,1963,1359,0,1ターンの間、自身の攻撃が2回連続攻撃になる,counteraction,4,0.75,0.26,0,1,1,0.21,0.89,0.2882,0,0,0.9887,0.000206
573,621,585,469,em-6d0b27bbd976,なっとくんおじさん,fire,N,7,496,484,2,リーダーのスキルカウントを1減少させる,ignored,4,0.75,0.26,0,0,1,0.21,0.88,0.2882,0,0,0.9932,0.000207
574,622,586,571,em-2f8589eed296,畳リーゼント,fire,R,7,300,700,4,1ターンの間、リーダーの攻撃力を50%増加させる,counteraction,4,0.75,0.26,0,0,1,0.21,0.87,0.2882,0,0,0.9887,0.000206
575,623,587,1275,em-ae529aca2139,夜鳥の会会長,fire,ZR,35,3408,4260,3,1ターンの間、味方全員の属性を水属性に変更する,adaptive,4,0.75,0.26,0,0,1,0.21,0.98,0.2882,0,0,0.9225,0.000192
576,624,588,949,em-c8ed16119cbe,ヴェルラの木こり,water,CR,28,3014,3162,2,1ターンの間、攻撃を自身に集中させる(75%カット),advantage_creation,4,0.75,0.26,0.25,0,1,0.21,0.89,0.2882,0,0,0.9696,0.000202
577,625,589,261,em-e6496091dd0f,シャーミーくん,fire_wind,CR,20,2948,2556,1,2ターンの間、火属性の敵に対する自身の攻撃力を60%増加させる,counteraction,4,0.75,0.26,1,0,1,0.21,0.89,0.2882,0,0,0.9695,0.00046
578,626,590,475,em-b09b44b6b259,くだにょん,fire,N,13,1128,1269,4,1ターンの間、味方全員の攻撃力を80%増加させる,counteraction,4,0.75,0.26,0,0,1,0.21,0.94,0.2882,0,0,0.9932,0.000206
579,627,591,951,em-0af21062aa7c,ｻﾗﾏﾝﾀﾞｰ祝High気分,fire_water,CR,30,2898,2817,6,味方全員のスキルカウントを4減少させる,ignored,4,0.75,0.26,0,0,1,0.21,0.9,0.2882,0,0,0.9695,0.000202
580,24,592,89,em-c4c0bb3e4292,あっぴーちゃん,fire,N,3,600,300,3,自身のHPを40%回復する,advantage_creation,4,0.75,0.26,0,0,1,0.21,0.89,0.2864,1.75,0,0.9931,0.003096
581,628,593,952,em-a41e1401ab71,こんぴらさんさん,water,CR,19,1500,1500,9,敵全員の攻撃カウントを4増加させる,ignored,4,0.75,0.26,0,0,1,0.21,0.9,0.2864,0,0,0.9694,0.000202
582,629,594,1279,em-1eb5e932843b,ダンブッラの蘭,fire_water,ZR,38,5112,3578,2,1ターンの間、風属性の味方全員にダメージを70%軽減するシールドを与える,advantage_creation,4,0.75,0.26,0,0,1,0.21,0.93,0.2864,0,0,0.9218,0.000192
583,630,595,1452,em-b791d78202d5,英国面の本気,fire_water,MZR,38,6816,1363,5,1ターンの間、風属性の味方全員の攻撃が9回連続攻撃になる,counteraction,4,0.75,0.26,0,0,1,0.21,0.89,0.2864,0,0,0.8349,0.000174
584,631,596,476,em-d7e5ef0e4b97,実はこんにゃくちゃん,water,N,9,1198,1204,7,4ターンの間、攻撃を自身に集中させる(90%カット),advantage_creation,4,0.75,0.26,0,0,1,0.21,0.89,0.2864,0,0,0.9931,0.000206
585,632,597,477,em-7f906b3752a5,華麗なびわ子たん,water,N,10,1213,1190,3,1ターンの間、味方全員に風属性の敵からのダメージを80%軽減するシールドを与える,advantage_creation,4,0.75,0.26,0.25,0,1,0.21,0.89,0.2864,0,0,0.9931,0.000206
586,633,598,478,em-ae9fd7e6b2dc,ヘヴィなじとっ子君,fire,N,8,607,1795,4,2ターンの間、風属性の敵に対する自身の攻撃力を400%増加させる,counteraction,4,0.75,0.26,0,0,1,0.21,0.89,0.2864,0,0,0.9931,0.000206
587,634,599,479,em-2276063b9e3e,鳴子姫,fire,N,11,1128,1128,5,1ターンの間、火属性の味方全員の攻撃が全体攻撃になる,counteraction,4,0.75,0.26,0,0,1,0.21,0.88,0.2864,0,0,0.9931,0.000206
588,635,600,1454,em-0a34a4b839d5,堕落勇者オトシゴ,fire,MZR,60,4732,5111,8,1ターンの間、味方全員にダメージを100%軽減するシールドを与える,advantage_creation,4,0.75,0.26,0,0,1,0.21,0.9,0.2864,0,0,0.8341,0.000173
589,636,601,1455,em-a9738b409d24,カジランガ守り隊員,fire_wind,MZR,45,7668,1533,2,1ターンの間、水属性の敵に対する味方全員の攻撃力を220%増加させる,counteraction,4,0.75,0.26,0.25,0,1,0.21,0.96,0.2853,0,0,0.834,0.000173
590,637,602,249,em-f76821f7daba,スライディング・ケベック,water,CR,18,2532,1993,1,2ターンの間、水属性の敵に対する自身の攻撃力を60%増加させる,counteraction,4,0.75,0.26,1,0,1,0.21,0.89,0.2853,0,0,0.969,0.000517
591,638,603,958,em-ed68f4e03a58,欣喜ぴよ子,water,CR,10,1785,1812,2,1ターンの間、攻撃をリーダーに集中させる(30%カット),advantage_creation,4,0.75,0.26,0,0,1,0.21,0.93,0.2853,0,0,0.969,0.000201
592,639,604,579,em-5a3daf6cbf77,白良さん,water,R,8,600,605,4,1ターンの間、水属性の味方全員の攻撃力を50%増加させる,counteraction,4,0.75,0.26,0,0,1,0.21,0.9,0.2842,0,0,0.9883,0.000206
593,60,605,180,em-6885c7d684d6,雪の美女と魔獣,fire_water,MZR,52,4304,3016,1,自身のHPを220%回復する,advantage_creation,4,0.75,0.26,1,0,1,0.21,0.91,0.284,1,0,0.8333,0.00104
594,640,606,959,em-452bfe576bb9,ねぶるータス,fire,CR,16,950,1350,2,1ターンの間、風属性の敵に対する自身の攻撃力を150%増加させる,counteraction,4,0.75,0.26,0,0,1,0.21,0.88,0.284,0,0,0.9689,0.000201
595,641,607,481,em-c749ad6eefee,トーテムゆ～る,fire_wind,N,16,1413,1201,3,火属性の敵全員の攻撃カウントを1増加させる,ignored,4,0.75,0.26,0,0,1,0.21,0.9,0.284,0,0,0.9929,0.000206
596,642,608,586,em-132feeb6206a,傭兵戦隊サイガー３,fire,R,12,756,2284,4,2ターンの間、自身の攻撃が3回連続攻撃になる,counteraction,4,0.75,0.26,0,0,1,0.21,0.87,0.284,0,0,0.9882,0.000205
597,643,609,1457,em-e6110f879f18,ユーコ隊,all,MZR,24,3408,2044,4,死亡している風属性の味方全員を20%のHPで蘇らせる,advantage_creation,4,0.75,0.26,0,0,1,0.21,0.88,0.284,0,0,0.8327,0.000173
598,644,610,965,em-fc400150cadd,サンタぴよ子,fire,CR,10,1173,1173,4,味方全員のスキルカウントを1減少させる,ignored,4,0.75,0.26,0,0,1,0.21,0.91,0.284,0,0,0.9687,0.000201
599,645,611,1458,em-0e768525b557,ヘラクレス先輩,fire_water,MZR,70,5885,6230,4,4ターンの間、自身の攻撃が3回連続攻撃になる,counteraction,4,0.75,0.26,0,0,1,0.21,0.88,0.2833,0,0,0.8324,0.000173
600,646,612,584,em-1fcf0af60c7a,老舗の牛タソ,water,R,14,1000,150,3,1ターンの間、攻撃を自身に集中させる(60%カット),advantage_creation,4,0.75,0.26,0,0,1,0.21,0.88,0.2833,0,0,0.9881,0.000205
601,647,613,1459,em-712bee050113,ターヌムンゴネキ,fire,MZR,35,4089,4089,2,6ターンの間、自身の攻撃力を65%増加させる,counteraction,4,0.75,0.26,0,0,1,0.21,0.92,0.2833,0,0,0.8321,0.000173
602,648,614,484,em-f1ed908b1438,竹輪大明神,fire,N,10,493,1762,2,1ターンの間、自身の攻撃力を250%増加させる,counteraction,4,0.75,0.26,0,0,1,0.21,0.89,0.2833,0,0,0.9929,0.000206
603,649,615,1286,em-419c23e0ec81,新生☆ＢＴ５!!,fire_water,ZR,35,3287,3615,3,1ターンの間、味方全員に風属性の敵からのダメージを80%軽減するシールドを与える,advantage_creation,4,0.75,0.26,0.25,0,1,0.2,0.91,0.2828,0,0,0.9199,0.000191
604,650,616,485,em-4c77b2b8ad46,トキシッくんさん,water,N,6,700,600,4,死亡している火属性の味方全員を80%のHPで蘇らせる,advantage_creation,4,0.75,0.26,0,0,1,0.2,0.89,0.2828,0,0,0.9928,0.000206
605,651,617,587,em-bbcbbb9fef0a,こっちの大谷,water,R,6,1000,100,3,1ターンの間、味方全員に火属性の敵からのダメージを40%軽減するシールドを与える,advantage_creation,4,0.75,0.26,0.25,0,1,0.2,0.87,0.2823,0,0,0.988,0.000205
606,652,618,967,em-cf3fd175f595,プチさんグロさん,fire_wind,CR,27,2807,2895,2,1ターンの間、風属性の敵に対する味方全員の攻撃力を130%増加させる,counteraction,4,0.75,0.26,0,0,1,0.2,0.9,0.2823,0,0,0.9684,0.000201
607,653,619,969,em-16634f0d7475,どーよさん,fire,CR,12,400,1200,5,1ターンの間、風属性の敵に対する自身の攻撃力を300%増加させる,counteraction,4,0.75,0.26,0,0,1,0.2,0.96,0.2817,0,0,0.9684,0.000201
608,68,620,193,em-23b2ea75fccd,金野デメ子さん,water,MZR,39,4430,5112,0,1ターンの間、自身の属性を全属性(3色混合)に変更する,adaptive,4,0.75,0.26,0.25,1,1,0.21,0.89,0.2815,0.75,0,0.8309,0.00086
609,89,621,230,em-6a0e464e2855,収穫ぴよ子,fire,CR,10,1426,1304,1,1ターンの間、味方全員の属性を火属性に変更する,adaptive,4,0.75,0.26,0.25,0,1,0.21,0.89,0.2815,0.25,0,0.9683,0.000641
610,654,622,483,em-865f442bc56a,神魚！はたはタン,water,N,6,700,600,4,味方全員のHPを40%回復する,advantage_creation,4,0.75,0.26,0,0,1,0.21,0.87,0.2815,0,0,0.9928,0.000206
611,655,623,486,em-4c84ff6e1868,カカカのカ治郎,fire,N,6,700,500,5,風属性の敵全員の攻撃カウントを2増加させる,ignored,4,0.75,0.26,0,0,1,0.21,0.88,0.2815,0,0,0.9927,0.000206
612,656,624,487,em-3ea6ac9a0933,オリバーWITHソー,fire_wind,N,8,400,800,3,2ターンの間、自身の攻撃力を75%増加させる,counteraction,4,0.75,0.26,0,0,1,0.21,0.89,0.2815,0,0,0.9927,0.000206
613,657,625,1289,em-14d31235a3f8,かっちゃんのBIG強飯,fire_wind,ZR,48,3067,4601,4,2ターンの間、味方全員の攻撃力を120%増加させる,counteraction,4,0.75,0.26,0,0,1,0.21,0.93,0.2815,0,0,0.919,0.000191
614,658,626,589,em-b193a8ecb394,どんぶりBros.,fire_wind,R,15,1963,1812,0,自身のHPを80%回復する,advantage_creation,4,0.75,0.26,1,1,1,0.2,0.99,0.2807,0,0,0.9878,0.000205
615,659,627,489,em-cc5744474846,芳一さん,fire,N,5,400,500,6,死亡している火属性の味方全員を10%のHPで蘇らせる,advantage_creation,4,0.75,0.26,0,0,1,0.21,0.88,0.279,0,0,0.9927,0.000206
616,660,628,1290,em-7941e8376c00,堕楽・ぴよボロス,fire,ZR,46,756,7572,4,5ターンの間、自身の攻撃力を120%増加させる,counteraction,4,0.75,0.26,0,0,1,0.21,0.89,0.279,0,0,0.9187,0.000191
617,661,629,588,em-9aec6212c779,白水兄さん,fire,R,8,580,626,8,1ターンの間、火属性の味方全員の攻撃が全体攻撃になる,counteraction,4,0.75,0.26,0,0,1,0.2,0.89,0.278,0,0,0.9878,0.000205
618,662,630,591,em-410cc22d32bc,アロハる☆水島神人,fire_water,R,16,3246,1887,2,3ターンの間、自身の属性を水属性に変更する,adaptive,4,0.75,0.26,0,0,1,0.2,0.91,0.278,0,0,0.9877,0.000205
619,663,631,972,em-c08850a0aec0,いなば☆うわぁああ！,fire,CR,20,2579,3220,4,火属性の味方全員のスキルカウントを2減少させる,ignored,4,0.75,0.26,0,0,1,0.2,0.93,0.2772,0,0,0.9679,0.000201
620,664,632,491,em-59482d256e11,大森銀佐摩,fire,N,15,2679,352,2,1ターンの間、味方全員にダメージを40%軽減するシールドを与える,advantage_creation,4,0.75,0.26,0,0,1,0.2,0.89,0.2772,0,0,0.9926,0.000206
621,31,633,121,em-a447724e3bc1,ヴァレサバ☆関くん,water_wind,MZR,54,4055,5759,0,1ターンの間、攻撃をリーダーに集中させる(10%カット),advantage_creation,4,0.75,0.26,1,1,1,0.2,0.89,0.2755,1.5,0,0.8288,0.002146
622,44,634,139,em-bb22778026f9,吸血さん,fire,ZR,43,6645,2839,1,1ターンの間、水属性の攻撃を自身に集中させる(70%カット),advantage_creation,4,0.75,0.26,1,0,1,0.2,0.99,0.2755,1.25,0,0.9182,0.001699
623,665,635,492,em-9bd1ce6f159b,ハントン先輩,fire,N,6,650,700,6,1ターンの間、味方全員の攻撃が2回連続攻撃になる,counteraction,4,0.75,0.26,0,0,1,0.2,0.97,0.2755,0,0,0.9926,0.000206
624,666,636,493,em-87b19d1c9d4e,ベリーズさん,water,N,9,1057,1692,5,3ターンの間、水属性の敵に対する自身の攻撃力を100%増加させる,counteraction,4,0.75,0.26,0,0,1,0.2,0.89,0.2755,0,0,0.9926,0.000206
625,667,637,494,em-6ff1562355a9,ファジル先生,fire_wind,N,12,2256,1128,2,2ターンの間、自身の攻撃が2回連続攻撃になる,counteraction,4,0.75,0.26,0,0,1,0.2,0.9,0.2755,0,0,0.9926,0.000206
626,668,638,595,em-306ef0a3ce60,大納言鮒麿,water,R,14,1812,1548,4,味方全員のHPを80%回復する,advantage_creation,4,0.75,0.26,0,0,1,0.2,0.88,0.2755,0,0,0.9876,0.000205
627,669,639,497,em-a2d0308a3d38,蓮次郎,fire,N,5,400,380,3,風属性の味方全員のスキルカウントを1減少させる,ignored,4,0.75,0.26,0,0,1,0.2,0.89,0.2755,0,0,0.9925,0.000206
628,670,640,975,em-b90efc9e636b,婆娑羅でどーよ,fire,CR,18,1046,4105,4,2ターンの間、風属性の敵に対する自身の攻撃力を500%増加させる,counteraction,4,0.75,0.26,0,0,1,0.21,0.94,0.2754,0,0,0.9675,0.000201
629,671,641,496,em-4e24a668056b,やよいチゥりっぷ,fire,N,6,900,100,4,1ターンの間、味方全員の属性を水属性に変更する,adaptive,4,0.75,0.26,0,0,1,0.2,0.89,0.2743,0,0,0.9925,0.000206
630,672,642,976,em-db2c3576c544,すわ子☆神,water,CR,15,1100,1400,3,1ターンの間、自身の攻撃が3回連続攻撃になる,counteraction,4,0.75,0.26,0,0,1,0.2,0.9,0.2743,0,0,0.9675,0.000201
631,673,643,1292,em-dbd545e946e6,嫁劇！くーにゃん,fire,ZR,40,2556,6816,4,1ターンの間、火属性の味方全員の攻撃力を150%増加させる,counteraction,4,0.75,0.26,0,0,1,0.2,0.92,0.2743,0,0,0.9173,0.000191
632,674,644,1461,em-99460641a41d,奇岩妖精ペリバじゃん,fire_water,MZR,40,6816,852,3,1ターンの間、自身の攻撃力を5000%増加させる,counteraction,4,0.75,0.26,0,0,1,0.2,0.89,0.2743,0,0,0.827,0.000172
633,675,645,291,em-2def672b1533,バターリャ後悔王子,fire,CR,30,3213,3213,3,2ターンの間、味方全員に水属性の敵からのダメージを85%軽減するシールドを与える,advantage_creation,4,0.75,0.26,0.25,0,1,0.2,0.92,0.2743,0,0,0.9673,0.000364
634,676,646,597,em-87d7d883c438,ニートエンペラー,all,R,10,459,565,7,2ターンの間、味方全員にダメージを80%軽減するシールドを与える,advantage_creation,4,0.75,0.26,0,0,1,0.2,0.88,0.2743,0,0,0.9874,0.000205
635,677,647,979,em-6fe67318189a,劇場版ＪＡＸＡイル,fire,CR,18,1304,3526,4,2ターンの間、自身の攻撃が3回連続攻撃になる,counteraction,4,0.75,0.26,0,0,1,0.2,0.95,0.2743,0,0,0.9673,0.000201
636,678,648,980,em-615e4701fc7f,華麗！いつくしーみん,water,CR,12,660,1040,2,1ターンの間、風属性の敵に対する自身の攻撃力を100%増加させる,counteraction,4,0.75,0.26,0,0,1,0.2,0.89,0.2743,0,0,0.9672,0.000201
637,679,649,500,em-08381d79cfef,大森銀さん,fire,N,5,1300,150,4,1ターンの間、味方全員にダメージを50%軽減するシールドを与える,advantage_creation,4,0.75,0.26,0,0,1,0.2,0.99,0.2743,0,0,0.9924,0.000206
638,680,650,598,em-72aeeb632038,石見神楽どんちっちん,fire,R,15,1812,1661,6,2ターンの間、味方全員の攻撃が全体攻撃になる,counteraction,4,0.75,0.26,0,0,1,0.2,0.95,0.2743,0,0,0.9873,0.000205
639,681,651,983,em-ac023f126b7d,レッサー系メガネ,fire,CR,14,900,800,5,味方全員のスキルカウントを1減少させる,ignored,4,0.75,0.26,0,0,1,0.2,0.95,0.2743,0,0,0.9671,0.000201
640,682,652,501,em-22dd952da197,ハントンの兄貴,fire,N,11,1057,1198,5,1ターンの間、味方全員の攻撃が2回連続攻撃になる,counteraction,4,0.75,0.26,0,0,1,0.2,0.9,0.2743,0,0,0.9924,0.000206
641,683,653,1294,em-0bcb369cdcd9,キタキツネの神様,water,ZR,36,3748,4771,3,2ターンの間、自身の攻撃力を250%増加させる,counteraction,4,0.75,0.26,0,0,1,0.2,0.89,0.2743,0,0,0.9164,0.000191
642,684,654,502,em-c88f65fb7899,グラディ瑛太,water,N,16,4653,423,3,水属性の敵全員の攻撃カウントを1増加させる,ignored,4,0.75,0.26,0,0,1,0.2,0.88,0.2743,0,0,0.9923,0.000206
643,685,655,1463,em-b16382731bd5,華燭なカネヒラさん,water,MZR,60,5793,4771,2,4ターンの間、自身の属性を火属性に変更する,adaptive,4,0.75,0.26,0,0,1,0.2,0.9,0.2743,0,0,0.8252,0.000172
644,686,656,1464,em-599b57f2e5c4,Halloweenの蘭子さん,fire_wind,MZR,37,2044,5964,5,死亡している風属性の味方全員を20%のHPで蘇らせる,advantage_creation,4,0.75,0.26,0,0,1,0.2,0.99,0.2743,0,0,0.8251,0.000172
645,687,657,1296,em-f3861e35df6f,暗黒王まはーかーらん,fire_water,ZR,47,3731,3926,4,水属性の敵全員の攻撃カウントを2増加させる,ignored,4,0.75,0.26,0,0,1,0.2,0.93,0.2743,0,0,0.916,0.00019
646,688,658,321,em-3c2628783368,すまぁとヤスマサニキ,fire,MZR,50,4260,5623,2,2ターンの間、水属性の味方全員の攻撃力を100%増加させる,counteraction,4,0.75,0.26,0.25,0,1,0.2,0.88,0.2743,0,0,0.8247,0.000285
647,689,659,503,em-172b59ddb28b,白虎ニート,water,N,4,314,296,5,1ターンの間、水属性の敵に対する自身の攻撃力を200%増加させる,counteraction,4,0.75,0.26,0,0,1,0.2,0.88,0.2743,0,0,0.9923,0.000206
648,690,660,1298,em-760bb0daf1c9,ゲキ悪オヤジ(神),all,ZR,53,5112,5112,6,敵全員の攻撃カウントを3増加させる,ignored,4,0.75,0.26,0,0,1,0.2,0.92,0.272,0,0,0.9157,0.00019
649,691,661,1465,em-682cda3863fb,脱力コンビあろま＆るる,all,MZR,48,3067,5623,2,リーダーのスキルカウントを1減少させる,ignored,4,0.75,0.26,0,0,1,0.2,0.96,0.2717,0,0,0.8242,0.000171
650,692,662,988,em-14bbe92902df,ネムりん,water,CR,11,2726,1633,5,3ターンの間、自身の攻撃力を333%増加させる,counteraction,4,0.75,0.26,0,0,1,0.2,0.92,0.2717,0,0,0.9667,0.000201
651,693,663,504,em-a16d639a61fc,水軍衆かっさーのん,water,N,9,1128,1269,3,1ターンの間、リーダーの攻撃力を150%増加させる,counteraction,4,0.75,0.26,0,0,1,0.2,0.89,0.2717,0,0,0.9922,0.000206
652,694,664,603,em-78c90c30a11c,夜光虫ほたるん,water,R,14,2265,3020,2,1ターンの間、自身の属性を風属性に変更する,adaptive,4,0.75,0.26,0,0,1,0.2,0.92,0.2717,0,0,0.987,0.000205
653,695,665,505,em-471b1ba55d5c,有馬んば,fire_water,N,13,1413,1244,4,火属性の味方全員のHPを80%回復する,advantage_creation,4,0.75,0.26,0,0,1,0.2,0.89,0.2717,0,0,0.9922,0.000206
654,696,666,604,em-a6068b231beb,ハトラちゃん,fire_wind,R,10,299,1488,7,1ターンの間、攻撃を自身に集中させる(100%カット),advantage_creation,4,0.75,0.26,0,0,1,0.2,0.92,0.2717,0,0,0.9869,0.000205
655,697,667,506,em-d5d58dc5e468,子供神・わらしちゃん,all,N,7,565,1131,4,火属性の敵全員の攻撃カウントを1増加させる,ignored,4,0.75,0.26,0,0,1,0.2,0.89,0.2717,0,0,0.9922,0.000206
656,698,668,1301,em-76691ebd833d,特攻のびゃこ,fire,ZR,38,2641,6219,2,1ターンの間、水属性の敵に対する自身の攻撃力を999%増加させる,counteraction,4,0.75,0.26,0,0,1,0.2,0.89,0.2717,0,0,0.915,0.00019
657,699,669,1302,em-480a0eef6d7b,ピカリャー射的ｽﾀｲﾙ,fire_water,ZR,45,3786,3786,2,1ターンの間、自身の攻撃が全体攻撃になる,counteraction,4,0.75,0.26,0,0,1,0.2,0.94,0.2717,0,0,0.9149,0.00019
658,700,670,199,em-872b1096af45,アシナガ,water,ZR,80,3748,6816,1,2ターンの間、自身の攻撃力を88%増加させる,counteraction,4,0.75,0.26,1,0,1,0.2,0.89,0.2717,0,0,0.9148,0.000799
659,701,671,608,em-e5c147f9dafc,異国のトーマスん,fire,R,9,660,742,4,1ターンの間、自身の属性を水属性に変更する,adaptive,4,0.75,0.26,0,0,1,0.2,0.89,0.2717,0,0,0.9868,0.000205
660,702,672,508,em-1ec49f290f1e,ʌっぴーちゃん,fire,N,8,1762,634,2,自身のHPを70%回復する,advantage_creation,4,0.75,0.26,0,0,1,0.2,0.94,0.2717,0,0,0.9921,0.000206
661,703,673,993,em-14ab1de959d7,あくせんと・きゃー子,water,CR,18,1400,400,6,1ターンの間、味方全員の属性を全属性(3色混合)に変更する,adaptive,4,0.75,0.26,0,0,1,0.2,0.88,0.2717,0,0,0.9662,0.000201
662,704,674,1643,em-01ed0ad1bb88,ムガるぞ！フマゆん,fire,伝,78,8350,6805,3,2ターンの間、水属性の味方全員の攻撃が全体攻撃になる,counteraction,4,0.75,0.26,0,0,1,0.2,0.89,0.2717,0,0,0.3206,0.000067
663,705,675,995,em-663696ccf728,夏の一次幹,water,CR,22,3408,2215,2,3ターンの間、自身の攻撃力を80%増加させる,counteraction,4,0.75,0.26,0,0,1,0.2,0.89,0.2717,0,0,0.9661,0.000201
664,706,676,1305,em-89a1a863b8a0,ベファーナさん二千歳,fire_wind,ZR,46,7200,1874,1,1ターンの間、リーダーの攻撃が2回連続攻撃になる,counteraction,4,0.75,0.26,0,0,1,0.2,0.89,0.2717,0,0,0.9142,0.00019
665,707,677,1307,em-42e9353377ee,吉野スライム♂,water,ZR,40,5078,2078,3,風属性の味方全員のスキルカウントを2減少させる,ignored,4,0.75,0.26,0,0,1,0.2,0.91,0.2713,0,0,0.9142,0.00019
666,708,678,996,em-f938c5c907fd,ももたろす,fire,CR,8,1000,1000,4,1ターンの間、自身の属性を風属性に変更する,adaptive,4,0.75,0.26,0,0,1,0.19,0.88,0.2707,0,0,0.966,0.000201
667,709,679,1308,em-67086191a83f,マダラなシオマネキ君,fire_water,ZR,27,5490,1059,2,1ターンの間、水属性の攻撃を自身に集中させる(80%カット),advantage_creation,4,0.75,0.26,0.25,0,1,0.19,0.9,0.2707,0,0,0.914,0.00019
668,710,680,998,em-076deec8d0c8,羊蟹☆こ祝いくん,fire_wind,CR,24,2093,2737,3,風属性の敵全員の攻撃カウントを1増加させる,ignored,4,0.75,0.26,0,0,1,0.19,0.9,0.2707,0,0,0.9659,0.000201
669,711,681,509,em-5528cf768569,リンゴール男爵,water,N,4,400,300,4,火属性の敵全員の攻撃カウントを1増加させる,ignored,4,0.75,0.26,0,0,1,0.19,0.89,0.2702,0,0,0.992,0.000206
670,32,682,124,em-7f847f5ad505,電ドロ白鷺嬢,fire,MZR,40,6816,2556,1,自身のHPを70%回復する,advantage_creation,4,0.75,0.26,1,0,1,0.2,0.89,0.2694,1.5,0,0.8208,0.002071
671,712,23,97,em-8bc827a54303,勝斧・カンムーリ,water,CR,15,2896,1704,1,4ターンの間、風属性の敵に対する自身の攻撃力を40%増加させる,counteraction,4,0.75,0.26,1,0,1,0.2,0.89,0.2694,0,0.25,0.9658,0.002685
672,713,683,1003,em-82e546e8de79,ランたん,fire,CR,29,2198,3612,2,1ターンの間、味方全員の属性を全属性(3色混合)に変更する,adaptive,4,0.75,0.26,0,0,1,0.2,0.92,0.2694,0,0,0.9658,0.000201
673,714,684,613,em-c358a9d61a43,PiぐPeんとBiぐBeん,fire_water,R,15,1208,1510,2,1ターンの間、水属性の敵に対する自身の攻撃力を300%増加させる。,counteraction,4,0.75,0.26,0,0,1,0.2,0.88,0.2694,0,0,0.9865,0.000205
674,715,685,1467,em-47c29240fd33,大晦日のネギそば給仕少女,water_wind,MZR,40,3834,3834,2,2ターンの間、攻撃を自身に集中させる(60%カット),advantage_creation,4,0.75,0.26,0,0,1,0.2,0.99,0.2688,0,0,0.8201,0.00017
675,716,686,1309,em-089a6280b9d6,御嶽さん,water,ZR,32,5112,3067,4,3ターンの間、自身の攻撃が全体攻撃になる,counteraction,4,0.75,0.26,0,0,1,0.2,0.91,0.2688,0,0,0.9132,0.00019
676,717,687,614,em-d05fca3e00df,ほたるん,water,R,6,700,1000,3,1ターンの間、自身の属性を風属性に変更する,adaptive,4,0.75,0.26,0,0,1,0.2,0.89,0.2679,0,0,0.9865,0.000205
677,718,688,510,em-8d7a9845b04b,コーベリアル男爵,water,N,5,400,380,2,1ターンの間、火属性の攻撃を自身に集中させる(70%カット),advantage_creation,4,0.75,0.26,0,0,1,0.2,0.88,0.2679,0,0,0.9919,0.000206
678,719,689,618,em-ab565d3596f4,さんとくん先輩,fire,R,10,1500,400,4,水属性の敵全員の攻撃カウントを1増加させる,ignored,4,0.75,0.26,0,0,1,0.2,0.92,0.2679,0,0,0.9864,0.000205
679,720,690,1007,em-f895c0235d10,アスクとエムブラ,water_wind,CR,38,2737,4508,5,1ターンの間、攻撃をリーダーに集中させる(93%カット),advantage_creation,4,0.75,0.26,0,0,1,0.2,0.93,0.2679,0,0,0.9655,0.000201
680,721,691,1469,em-5d34c0af44dd,白兎神★ばうあー,fire,MZR,72,3878,5487,3,火属性の味方全員のスキルカウントを2減少させる,ignored,4,0.75,0.26,0,0,1,0.2,0.89,0.2679,0,0,0.8191,0.00017
681,722,692,315,em-4206205a0bb1,リュウ・ツカイ,fire,MZR,60,5708,4515,2,3ターンの間、自身の攻撃力を130%増加させる,counteraction,4,0.75,0.26,0.25,0,1,0.2,0.89,0.2679,0,0,0.8189,0.000297
682,723,693,1470,em-c89260e1ef3b,曲芸師・ブンブク,fire,MZR,60,6305,2996,4,死亡している味方全員を10%のHPで蘇らせる,advantage_creation,4,0.75,0.26,0,0,1,0.2,0.89,0.2679,0,0,0.8188,0.00017
683,724,694,1009,em-66a587f1a726,にくぁうさん,fire,CR,12,497,1116,4,1ターンの間、風属性の敵に対する自身の攻撃力を400%増加させる,counteraction,4,0.75,0.26,0,0,1,0.19,0.89,0.2674,0,0,0.9653,0.000201
684,725,695,1011,em-5b5d08d879f7,おかいこさん,water,CR,12,797,816,5,2ターンの間、味方全員の属性を風属性に変更する,adaptive,4,0.75,0.26,0,0,1,0.2,0.89,0.2661,0,0,0.9653,0.000201
685,45,696,150,em-563e34211286,大抵カールのせい,fire_water,MZR,50,4686,5112,1,1ターンの間、味方全員にダメージを20%軽減するシールドを与える,advantage_creation,4,0.75,0.26,1,0,1,0.2,0.93,0.2661,1.25,0,0.8183,0.001477
686,726,15,57,em-dd80c8492923,?????,water_wind,CR,22,3067,1533,1,3ターンの間、風属性の敵に対する味方全員の攻撃力を25%増加させる,counteraction,4,0.75,0.26,1,0,1,0.2,0.91,0.2661,0,0.5,0.9652,0.004061
687,727,697,1312,em-7c0ef69518eb,有砂小町２ＰＣ,fire,ZR,40,5112,5112,4,敵全員の攻撃カウントを1増加させる,ignored,4,0.75,0.26,0,0,1,0.2,0.89,0.2661,0,0,0.9121,0.00019
688,728,698,513,em-fa9285840bae,白虎むりょく,all,N,4,158,149,5,1ターンの間、自身の攻撃力を100%増加させる,counteraction,4,0.75,0.26,0,0,1,0.2,0.89,0.2661,0,0,0.9917,0.000206
689,729,699,514,em-a4d82c09dd0f,魂入！とちぎソウル,water,N,7,565,1837,4,1ターンの間、自身の攻撃力を400%増加させる,counteraction,4,0.75,0.26,0,0,1,0.2,0.94,0.2661,0,0,0.9917,0.000206
690,730,700,1471,em-6d3c1934f67c,エンパさんの夏,fire,MZR,50,5623,4430,2,1ターンの間、自身の攻撃が全体攻撃になる。,counteraction,4,0.75,0.26,0,0,1,0.2,0.93,0.2661,0,0,0.8174,0.00017
691,731,701,624,em-f781988d359e,ヤル気勢！うっす様,fire,R,11,500,1300,2,1ターンの間、水属性の敵に対する味方全員の攻撃力を200%増加させる,counteraction,4,0.75,0.26,0,0,1,0.19,0.9,0.2656,0,0,0.9861,0.000205
692,732,702,515,em-3803f94f5ae7,あろまちゃん,water,N,3,350,500,4,死亡している水属性の味方全員を5%のHPで蘇らせる,advantage_creation,4,0.75,0.26,0,0,1,0.19,0.89,0.2656,0,0,0.9917,0.000206
693,733,703,516,em-2a54c7e36890,ばん馬ばん,fire,N,4,400,250,5,1ターンの間、風属性の敵に対する自身の攻撃力を1750%増加させる,counteraction,4,0.75,0.26,0,0,1,0.2,0.88,0.2633,0,0,0.9916,0.000206
694,734,704,1013,em-1ab18da48960,白い悪魔の小町さん,water_wind,CR,24,3461,3300,5,3ターンの間、水属性の味方全員の攻撃が全体攻撃になる,counteraction,4,0.75,0.26,0,0,1,0.2,0.93,0.2625,0,0,0.9649,0.000201
695,735,705,628,em-7e8ca5d8d19a,小林伯爵,water,R,15,3020,1812,5,死亡している味方全員を15%のHPで蘇らせる,advantage_creation,4,0.75,0.26,0,0,1,0.19,0.98,0.2622,0,0,0.986,0.000205
696,736,706,630,em-91f26ad56eaa,神喫！さくらん兄妹,water,R,12,1510,1887,5,火属性の味方全員のスキルカウントを2減少させる,ignored,4,0.75,0.26,0,0,1,0.19,0.88,0.2622,0,0,0.986,0.000205
697,61,24,177,em-daac43f51729,四悪妖・鵺,all,伝,88,9542,5964,1,1ターンの間、自身の属性を水属性に変更する,adaptive,4,0.75,0.26,1,0,1,0.19,0.9,0.2616,1,0.25,0.3159,0.001066
698,737,707,627,em-1b9a55c9478e,熊犬八太郎,fire,R,12,2100,400,6,敵全員の攻撃カウントを1増加させる,ignored,4,0.75,0.26,0,0,1,0.19,0.9,0.2616,0,0,0.986,0.000205
699,738,708,1014,em-e7b02783dd94,梵天ちゃん,water,CR,8,500,700,8,2ターンの間、味方全員の攻撃が全体攻撃になる,counteraction,4,0.75,0.26,0,0,1,0.19,0.88,0.2616,0,0,0.9647,0.000201
700,739,709,1315,em-08c36f307e1c,3年ε組！エレナ先生,fire,ZR,38,4430,4260,3,2ターンの間、風属性の味方全員の攻撃力を150%増加させる,counteraction,4,0.75,0.26,0,0,1,0.19,0.9,0.2616,0,0,0.9108,0.000189
701,740,710,632,em-ea000314e767,ＫＲ２ジョー少佐,fire,R,13,921,2476,3,2ターンの間、風属性の敵に対する自身の攻撃力を500%増加させる,counteraction,4,0.75,0.26,0.25,0,1,0.19,0.88,0.2616,0,0,0.9859,0.000205
702,741,711,1316,em-501834a284b1,加賀友☆禅野さん,water_wind,ZR,38,4175,4771,2,4ターンの間、味方全員の属性を4属性に変更する,adaptive,4,0.75,0.26,0,0,1,0.19,0.9,0.2616,0,0,0.9107,0.000189
703,742,712,1317,em-9991a7ad9a04,ヒラメさん進化中,water,ZR,22,4004,2556,1,1ターンの間、自身の属性を水属性に変更する,adaptive,4,0.75,0.26,0,0,1,0.19,0.96,0.2616,0,0,0.9106,0.000189
704,743,713,1019,em-e99bfc1ea066,ご入学ぴよ子,fire,CR,9,883,2397,2,1ターンの間、火属性の敵に対する自身の攻撃力を190%増加させる,counteraction,4,0.75,0.26,0,0,1,0.19,0.88,0.2616,0,0,0.9645,0.0002
705,744,714,1017,em-6ecee0316b6d,梵天。,water,CR,15,1100,1300,6,2ターンの間、味方全員の攻撃が全体攻撃になる,counteraction,4,0.75,0.26,0,0,1,0.19,0.9,0.2596,0,0,0.9644,0.000201
706,745,715,1473,em-ffde6d61f228,有頂天☆安倍晴明,fire_wind,MZR,45,3936,4771,5,火属性の味方全員のスキルカウントを3減少させる,ignored,4,0.75,0.26,0,0,1,0.19,0.89,0.2596,0,0,0.8148,0.000169
707,746,716,1475,em-83c97b8f4e6e,アルルのキャミー,water,MZR,40,4001,6236,4,水属性の味方全員のHPを166%回復する,advantage_creation,4,0.75,0.26,0,0,1,0.19,0.89,0.2596,0,0,0.8146,0.000169
708,747,717,1476,em-cdd7690ef318,京都コーラマン,fire_water,MZR,59,5959,2800,4,1ターンの間、自身にダメージを96%軽減するシールドを与える,advantage_creation,4,0.75,0.26,0,0,1,0.19,0.92,0.2596,0,0,0.8144,0.000169
709,748,718,640,em-309e9bdb12e4,萌やし戦士,water,R,14,773,2573,4,2ターンの間、自身の攻撃力を300%増加させる,counteraction,4,0.75,0.26,0,0,1,0.19,0.89,0.2596,0,0,0.9857,0.000205
710,749,719,294,em-3ff69ed35fe7,wiーん・ザ・ウルフ,fire,CR,19,2898,2898,4,3ターンの間、味方全員の属性を火属性に変更する,adaptive,4,0.75,0.26,0.25,0,1,0.19,0.93,0.2596,0,0,0.9642,0.000354
711,750,720,641,em-cbed7e550323,ちわっしータミ,fire_wind,R,12,2249,1376,3,味方全員のHPを40%回復する,advantage_creation,4,0.75,0.26,0,0,1,0.19,0.9,0.2596,0,0,0.9857,0.000205
712,751,721,1319,em-78c7d71a75d2,美音三銃士を連れてきたよ,all,ZR,50,6475,3748,5,死亡している味方全員を20%のHPで甦らせる,advantage_creation,4,0.75,0.26,0,0,1,0.19,0.94,0.2596,0,0,0.9097,0.000189
713,752,722,221,em-5d696ecc61dd,カミキリ,fire,ZR,75,5845,6134,1,8ターンの間、火属性の敵に対する火属性の味方全員の攻撃力を20%増加させる,counteraction,4,0.75,0.26,1,0,1,0.19,0.88,0.2596,0,0,0.9096,0.000699
714,69,723,170,em-8a1f54dc1206,讃えよ！ヒンヌー教徒,water,ZR,46,3393,4260,1,2ターンの間、自身の属性を風属性に変更する,adaptive,4,0.75,0.26,0.75,0,1,0.19,0.89,0.2596,0.75,0,0.9095,0.001185
715,753,25,113,em-a71e0044e313,舞楽！いつくしーみん,water,CR,15,800,1600,1,1ターンの間、風属性の敵に対する自身の攻撃力を100%増加させる,counteraction,4,0.75,0.26,0.75,0,1,0.19,0.89,0.2596,0,0.25,0.964,0.002219
716,754,724,633,em-233989ddac07,法隆寺博士,fire,R,4,480,220,6,1ターンの間、攻撃を自身に集中させる(70%カット),advantage_creation,4,0.75,0.26,0,0,1,0.19,0.98,0.2596,0,0,0.9856,0.000205
717,755,725,519,em-70e79fbffe3c,怪人エビユルゲ,water,N,3,305,297,4,1ターンの間、自身の属性を火属性に変更する,adaptive,4,0.75,0.26,0,0,1,0.19,0.89,0.2596,0,0,0.9913,0.000206
718,756,726,642,em-8060e6a7ab61,戸隠ちび丸,water,R,4,150,700,3,1ターンの間、火属性の敵に対する自身の攻撃力を100%増加させる,counteraction,4,0.75,0.26,0,0,1,0.19,0.88,0.2596,0,0,0.9855,0.000205
719,757,727,1024,em-fc0a4778a432,リチャード・リターンズ,water,CR,23,2576,3220,5,3ターンの間、水属性の味方全員の攻撃が全体攻撃になる,counteraction,4,0.75,0.26,0,0,1,0.19,0.89,0.2596,0,0,0.9639,0.0002
720,758,728,1321,em-825d090d7d15,比保々田 真純,water,ZR,31,4601,3714,2,1ターンの間、火属性の味方全員の攻撃が2回連続攻撃になる,counteraction,4,0.75,0.26,0,0,1,0.19,0.89,0.2596,0,0,0.9089,0.000189
721,759,729,523,em-4ea698949c11,侵略成功!?イカ翁,fire_water,N,20,1131,1272,2,死亡している風属性の味方全員を1%のHPで蘇らせる,advantage_creation,4,0.75,0.26,0,0,1,0.19,0.96,0.2596,0,0,0.9913,0.000206
722,760,730,524,em-7c5fdd7af70d,覚醒むりょく,all,N,6,198,89,3,1ターンの間、味方全員の攻撃が2回連続攻撃になる,counteraction,4,0.75,0.26,0,0,1,0.19,0.89,0.2596,0,0,0.9912,0.000206
723,761,731,1478,em-51bdb94ec3b1,熱ぅい！地獄雀,water,MZR,43,5964,3408,4,死亡している火属性の味方全員を130%のHPで蘇らせる,advantage_creation,4,0.75,0.26,0,0,1,0.19,0.9,0.2596,0,0,0.8119,0.000169
724,762,732,1322,em-df40dba7c56a,高野さん,fire_water,ZR,34,4089,4089,5,風属性の味方全員のスキルカウントを4減少させる,ignored,4,0.75,0.26,0,0,1,0.19,0.98,0.2596,0,0,0.9085,0.000189
725,763,733,1479,em-64fa899f397f,ダル飯☆杏,water,MZR,44,5896,3340,4,2ターンの間、攻撃を自身に集中させる(80%カット),advantage_creation,4,0.75,0.26,0,0,1,0.19,0.9,0.2596,0,0,0.8115,0.000169
726,764,734,1480,em-7547c480c963,ウミユリーず,fire,MZR,60,4430,6475,5,味方全員のスキルカウントを2減少させる,ignored,4,0.75,0.26,0,0,1,0.19,0.91,0.2596,0,0,0.8114,0.000169
727,765,735,1481,em-a5655f550318,眠れる海のネムリん,water,MZR,60,7327,5282,5,3ターンの間、自身の攻撃力を666%増加させる,counteraction,4,0.75,0.26,0,0,1,0.19,0.91,0.2596,0,0,0.8112,0.000169
728,766,736,1482,em-21f078527946,マノすん博士,fire,MZR,40,4771,3408,7,火属性の敵全員の攻撃カウントを6増加させる,ignored,4,0.75,0.26,0,0,1,0.18,0.95,0.2586,0,0,0.811,0.000169
729,767,737,1029,em-c78db71c2d7b,ヒルズさん,fire,CR,12,517,1097,1,1ターンの間、水属性の敵に対する自身の攻撃力を100%増加させる,counteraction,4,0.75,0.26,0.5,0,1,0.18,0.88,0.2586,0,0,0.9635,0.0002
730,768,738,1323,em-690a803a0c00,タッターさん,fire_wind,ZR,47,4089,2222,2,1ターンの間、自身の攻撃が7回連続攻撃になる,counteraction,4,0.75,0.26,0,0,1,0.18,0.89,0.2586,0,0,0.908,0.000189
731,769,739,1030,em-065f680177c4,ﾍﾟﾀももたろす,fire,CR,17,3059,3059,2,1ターンの間、自身の属性を風属性に変更する,adaptive,4,0.75,0.26,0,0,1,0.19,0.99,0.2581,0,0,0.9634,0.0002
732,770,740,1031,em-bc514db974f0,化石人骨ルーシー,fire,CR,23,3783,2173,3,死亡している水属性の味方全員を35%のHPで蘇らせる,advantage_creation,4,0.75,0.26,0,0,1,0.19,0.94,0.2581,0,0,0.9633,0.0002
733,771,741,1025,em-e2ba004694cc,ＪＡＸＡイル,fire,CR,8,394,794,6,2ターンの間、自身の攻撃が3回連続攻撃になる,counteraction,4,0.75,0.26,0,0,1,0.19,0.89,0.2581,0,0,0.9633,0.0002
734,772,742,527,em-30e34a964d63,デンマーくん二世,fire,N,5,700,450,3,1ターンの間、攻撃を自身に集中させる(80%カット),advantage_creation,4,0.75,0.26,0.25,0,1,0.19,0.88,0.2581,0,0,0.9911,0.000206
735,773,743,1484,em-357427c8f331,反魂タン昼食TIME,water,MZR,27,3067,5623,4,2ターンの間、風属性の敵に対する自身の攻撃力を800%増加させる,counteraction,4,0.75,0.26,0,0,1,0.18,0.89,0.2581,0,0,0.8098,0.000168
736,774,744,1325,em-f53bffc021ea,曲弾動物ウーミン,fire,ZR,33,2999,3544,5,味方全員のスキルカウントを2減少させる,ignored,4,0.75,0.26,0,0,1,0.18,0.92,0.2581,0,0,0.9074,0.000189
737,775,745,526,em-e1a6af095fc1,驀進叡智通,fire,N,7,450,530,4,1ターンの間、火属性の味方全員の攻撃力を100%増加させる,counteraction,4,0.75,0.26,0,0,1,0.19,0.95,0.2567,0,0,0.991,0.000206
738,776,746,648,em-fe08214f98fe,さるぼぼん,fire,R,6,400,600,6,1ターンの間、自身の攻撃が全体攻撃になる,counteraction,4,0.75,0.26,0,0,1,0.19,0.89,0.2567,0,0,0.985,0.000205
739,777,747,1327,em-d111f497df0f,湘南大水曜日ボーイ,water,ZR,40,2044,5623,4,1ターンの間、水属性の味方全員の攻撃力を200%増加させる,counteraction,4,0.75,0.26,0,0,1,0.19,0.89,0.2567,0,0,0.9071,0.000189
740,778,748,650,em-8421c50f30c7,しょーかさん,water,R,8,700,800,6,1ターンの間、水属性の味方全員の攻撃が2回連続攻撃になる,counteraction,4,0.75,0.26,0,0,1,0.19,0.88,0.2567,0,0,0.985,0.000205
741,779,749,1328,em-4efe36123302,輝け☆椛マン！,water,ZR,35,4260,3408,3,水属性の味方全員のHPを50%回復する,advantage_creation,4,0.75,0.26,0,0,1,0.19,0.89,0.2567,0,0,0.9069,0.000189
742,780,750,1644,em-2f36c9341591,☆龍神☆尊氏様,water,伝,85,9372,5623,2,3ターンの間、自身の攻撃が2回連続攻撃になる,counteraction,4,0.75,0.26,0,0,1,0.19,0.9,0.2567,0,0,0.3097,0.000064
743,781,751,651,em-bb2b760b2dfe,いぬやマン,water,R,6,400,400,7,1ターンの間、味方全員の攻撃力を100%増加させる,counteraction,4,0.75,0.26,0,0,1,0.19,0.98,0.2563,0,0,0.9849,0.000205
744,782,752,1487,em-09a7a163b0cd,沼南ぱモーセ,water,MZR,38,2556,5623,2,1ターンの間、水属性の味方全員の攻撃力を100%増加させる,counteraction,4,0.75,0.26,0,0,1,0.19,0.89,0.2563,0,0,0.8083,0.000168
745,783,753,532,em-0da991c52dd4,ギャリーくん,water_wind,N,5,400,400,3,1ターンの間、味方全員に水属性の敵からのダメージを40%軽減するシールドを与える。,advantage_creation,4,0.75,0.26,0,0,1,0.19,0.89,0.2563,0,0,0.9909,0.000206
746,784,754,1329,em-2c51c9073e5a,強化ゆる骨格のススメ,all,ZR,50,1704,1704,12,1ターンの間、火属性の攻撃を自身に集中させる(100%カット),advantage_creation,4,0.75,0.26,0,0,1,0.19,0.93,0.2563,0,0,0.9064,0.000188
747,76,755,133,em-3f58266f2bab,スカン・グ☆愛,fire,R,12,2886,890,1,2ターンの間、味方全員に水属性の敵からのダメージを24%軽減するシールドを与える,advantage_creation,4,0.75,0.26,1,0,1,0.19,0.92,0.2563,0.5,0,0.9848,0.001859
748,90,756,229,em-4d6101ee96b0,フィッシャーマン３,water,N,8,520,470,1,水属性の味方全員のHPを10%回復する,advantage_creation,4,0.75,0.26,0.75,0,1,0.19,0.97,0.2563,0.25,0,0.9909,0.000643
749,785,757,1032,em-ceecd3afdba6,おかいこちゃん,water,CR,8,614,613,6,2ターンの間、味方全員の属性を風属性に変更する,adaptive,4,0.75,0.26,0,0,1,0.19,0.89,0.2563,0,0,0.9626,0.0002
750,786,758,533,em-3ff47465be07,怪傑猫キャット,fire,N,6,250,1100,1,自身のHPを80%回復する,advantage_creation,4,0.75,0.26,0.25,0,1,0.19,0.89,0.2563,0,0,0.9909,0.000206
751,787,759,266,em-6b69fff3a46d,怒るよ!!勝斧さん,water,MZR,47,6164,3748,1,6ターンの間、風属性の敵に対する自身の攻撃力を60%増加させる,counteraction,4,0.75,0.26,1,0,1,0.19,0.9,0.2563,0,0,0.8071,0.000446
752,788,760,1488,em-98730869df6a,朱染めの夏炎・朱雀,fire,MZR,70,5282,6475,3,2ターンの間、風属性の敵に対する味方全員の攻撃力を200%増加させる,counteraction,4,0.75,0.26,0,0,1,0.19,0.92,0.2563,0,0,0.8069,0.000168
753,789,761,534,em-3738f743f200,復活！チワワんこ,fire,N,8,1128,1269,3,味方全員のHPを30%回復する,advantage_creation,4,0.75,0.26,0,0,1,0.19,0.91,0.2563,0,0,0.9908,0.000206
754,790,762,1489,em-dba7b79429bc,サルパ王＆女王,water,MZR,60,5453,3748,2,1ターンの間、自身の攻撃が4回連続攻撃になる,counteraction,4,0.75,0.26,0,0,1,0.19,0.9,0.2563,0,0,0.8066,0.000168
755,791,763,1332,em-6aaeda4f2f3a,ギガキプ☆アガッシイ,fire,ZR,35,2726,2726,4,3ターンの間、水属性の味方全員の攻撃が3回連続攻撃になる,counteraction,4,0.75,0.26,0,0,1,0.19,0.9,0.2563,0,0,0.9055,0.000188
756,792,764,1490,em-b8c4235090fa,バビるわバビル君。,fire,MZR,39,5367,3441,4,3ターンの間、味方全員にダメージを55%軽減するシールドを与える,advantage_creation,4,0.75,0.26,0,0,1,0.18,0.94,0.2545,0,0,0.8063,0.000168
757,793,765,1037,em-9671099553c0,唸れ！阿蘇さん,fire,CR,12,1020,680,1,1ターンの間、水属性の攻撃を自身に集中させる(60%カット),advantage_creation,4,0.75,0.26,0.75,0,1,0.18,0.91,0.2545,0,0,0.9623,0.0002
758,794,766,1039,em-423f5963c7c2,超患部ぴよフェッサー,water,CR,15,3220,2093,2,死亡している火属性の味方全員を1%のHPで蘇らせる,advantage_creation,4,0.75,0.26,0,0,1,0.19,0.95,0.254,0,0,0.9622,0.0002
759,795,767,1491,em-e778e99b9218,不敵な笑みのニタりん,fire,MZR,16,1363,2556,3,1ターンの間、味方全員の攻撃が2回連続攻撃になる,counteraction,4,0.75,0.26,0,0,1,0.19,0.92,0.254,0,0,0.8057,0.000167
760,796,768,1041,em-86055d05ee01,ラムネ少女じゅんちゃん,water,CR,14,2113,2113,2,水属性の味方全員のHPを60%回復する,advantage_creation,4,0.75,0.26,0,0,1,0.19,0.89,0.254,0,0,0.9622,0.0002
761,797,769,185,em-ceb860c3dbdd,美姫お市,water_wind,MZR,60,5964,2556,0,3ターンの間、自身の攻撃力を30%増加させる,counteraction,4,0.75,0.26,1,1,1,0.19,0.99,0.254,0,0,0.8054,0.000967
762,798,770,1492,em-f9ca1348e6ed,斎王代「鵺」,fire,MZR,48,6884,3748,3,1ターンの間、味方全員の属性を全属性(3色混合)に変更する,adaptive,4,0.75,0.26,0,0,1,0.19,0.89,0.2535,0,0,0.8052,0.000167
763,799,771,662,em-a58c4fcc6b2e,けねず大先生,water,R,14,1699,1699,4,3ターンの間、味方全員に風属性の敵からのダメージを50%軽減するシールドを与える,advantage_creation,4,0.75,0.26,0,0,1,0.18,0.89,0.2514,0,0,0.9845,0.000205
764,46,772,157,em-a02f06328adf,ゼネコン大公,water,MZR,60,6134,2726,2,1ターンの間、攻撃を自身に集中させる(77%カット),advantage_creation,4,0.75,0.26,0.25,0,1,0.2,0.9,0.2502,1.25,0,0.8049,0.001416
765,800,773,1645,em-5e492c884ca0,三貴子素戔嗚,fire_wind,伝,75,8946,6475,5,2ターンの間、味方全員の攻撃が3回連続攻撃になる,counteraction,4,0.75,0.26,0,0,1,0.18,0.91,0.2494,0,0,0.3065,0.000064
766,801,774,663,em-b0bd2882f199,タオるん,water,R,6,500,600,5,1ターンの間、水属性の攻撃を自身に集中させる。(50%カット),advantage_creation,4,0.75,0.26,0,0,1,0.18,0.89,0.2483,0,0,0.9844,0.000205
767,802,775,664,em-795ca1ffcb95,カム着火べあぱわー,fire,R,12,664,2355,2,1ターンの間、水属性の敵に対する自身の攻撃力を1234%増加させる,counteraction,4,0.75,0.26,0.25,0,1,0.18,0.9,0.2483,0,0,0.9844,0.000205
768,803,776,1042,em-c67e33bb61cf,鎌倉式ＤＢ２涅槃型改,water,CR,19,4105,1690,9,4ターンの間、攻撃を自身に集中させる(90%カット),advantage_creation,4,0.75,0.26,0,0,1,0.18,0.89,0.2483,0,0,0.9618,0.0002
769,804,777,1493,em-27802083d7f5,チュニスさん,fire_wind,MZR,50,5964,3919,4,火属性の味方全員のスキルカウントを2減少させる,ignored,4,0.75,0.26,0,0,1,0.18,0.99,0.2483,0,0,0.804,0.000167
770,805,778,1494,em-41b8799b7505,まおーちゃん,fire,MZR,50,3748,4941,3,死亡している水属性の味方全員を33%のHPで蘇らせる,advantage_creation,4,0.75,0.26,0,0,1,0.18,0.9,0.2483,0,0,0.8038,0.000167
771,806,779,536,em-fa48dd1cff0a,祭りだ浅ちゃん！,fire,N,7,800,1603,4,1ターンの間、自身の攻撃力を400%増加させる,counteraction,4,0.75,0.26,0.25,0,1,0.18,0.89,0.2483,0,0,0.9906,0.000206
772,807,780,537,em-40f4824b1c65,芋煮千十郎,fire,N,9,1901,502,4,1ターンの間、火属性の味方全員の攻撃が2回連続攻撃になる,counteraction,4,0.75,0.26,0,0,1,0.18,0.9,0.2483,0,0,0.9906,0.000206
773,808,781,1044,em-c3ea022d7d2f,にゅーさん,water,CR,12,500,1900,3,1ターンの間、攻撃を自身に集中させる(80%カット),advantage_creation,4,0.75,0.26,0,0,1,0.18,0.88,0.2483,0,0,0.9616,0.0002
774,77,782,341,em-9667a89799b5,冬の双子姫,all,伝,77,9628,4686,2,1ターンの間、味方全員にダメージを50%軽減するシールドを与える,advantage_creation,4,0.75,0.26,0.25,0,1,0.19,0.88,0.2478,0.5,0,0.3053,0.000259
775,809,783,539,em-bca7c94c15fe,ひろしマンＲ,fire,N,10,1128,1128,2,火属性の味方全員のHPを35%回復する,advantage_creation,4,0.75,0.26,0,0,1,0.18,0.99,0.2471,0,0,0.9905,0.000206
776,810,784,1495,em-322b7fbdab7e,むろまち様,water,MZR,34,2556,5112,7,4ターンの間、味方全員の攻撃が全体攻撃になる,counteraction,4,0.75,0.26,0,0,1,0.18,0.89,0.2469,0,0,0.8028,0.000167
777,811,785,1496,em-bbda291d459c,漆黒及び純白のポワン,all,MZR,20,1704,2896,3,1ターンの間、攻撃を自身に集中させる(90%カット),advantage_creation,4,0.75,0.26,0.25,0,1,0.18,0.94,0.2469,0,0,0.8026,0.000167
778,812,786,1497,em-42b503c8643c,姉上と青コリくん,fire_water,MZR,48,3322,3322,0,1ターンの間、味方全員に火属性の敵からのダメージを20%軽減するシールドを与える,advantage_creation,4,0.75,0.26,1,1,1,0.18,0.94,0.2469,0,0,0.8025,0.000167
779,813,787,1046,em-59ac9769ef60,神犬八房伏姫様,water,CR,24,4093,1223,4,2ターンの間、攻撃を自身に集中させる(70%カット),advantage_creation,4,0.75,0.26,0,0,1,0.18,0.88,0.2469,0,0,0.9614,0.0002
780,814,788,540,em-e535034b31b0,吉野スライマー,water,N,5,495,305,5,1ターンの間、攻撃を自身に集中させる(60%カット),advantage_creation,4,0.75,0.26,0,0,1,0.18,0.88,0.2469,0,0,0.9904,0.000206
781,815,789,542,em-54897d4f731d,ケンＺＯ２号,fire,N,5,200,580,5,3ターンの間、自身の攻撃力を80%増加させる,counteraction,4,0.75,0.26,0,0,1,0.18,0.88,0.2469,0,0,0.9904,0.000206
782,816,790,675,em-5c824e4dff20,ほたるんるん,water,R,9,1000,1500,3,1ターンの間、自身の属性を風属性に変更する,adaptive,4,0.75,0.26,0,0,1,0.18,0.88,0.2469,0,0,0.984,0.000205
783,817,791,543,em-c7cd54f2e503,ケラマ☆マジカ,water,N,7,1057,1198,2,1ターンの間、火属性の攻撃を自身に集中させる。(90%カット),advantage_creation,4,0.75,0.26,0,0,1,0.18,0.95,0.2469,0,0,0.9904,0.000206
784,818,792,1498,em-5088462f1ee9,日本一の桃たろす,water,MZR,45,4260,5964,2,1ターンの間、味方全員の属性を火属性に変更する,adaptive,4,0.75,0.26,0,0,1,0.18,0.89,0.2469,0,0,0.8014,0.000167
785,819,793,1049,em-cf2619ce2878,俺っち氷河,water,CR,28,3864,3222,2,1ターンの間、味方全員の属性を風属性に変更する,adaptive,4,0.75,0.26,0,0,1,0.18,0.89,0.2469,0,0,0.9611,0.0002
786,820,794,1499,em-4533a7697d48,謀反人ミッツ,fire_water,MZR,60,6645,4430,3,2ターンの間、水属性の味方全員にダメージを67%軽減するシールドを与える,advantage_creation,4,0.75,0.26,0,0,1,0.18,0.9,0.2461,0,0,0.8011,0.000167
787,821,795,1500,em-84d3175a9388,コン勝神☆くー様,fire,MZR,48,3809,7024,4,3ターンの間、火属性の味方全員の攻撃力を130%増加させる,counteraction,4,0.75,0.26,0,0,1,0.17,0.88,0.2459,0,0,0.8009,0.000166
788,822,796,1501,em-6d1e4c915f30,チートモードな楽趣味さん,fire_water,MZR,48,5964,1278,1,2ターンの間、自身の攻撃が2回連続攻撃になる,counteraction,4,0.75,0.26,0,0,1,0.17,0.89,0.2459,0,0,0.8007,0.000166
789,823,797,1335,em-de36aab296aa,月下皇帝ランたん様,fire_water,ZR,50,3150,5367,3,死亡している風属性の味方全員を50%のHPで蘇らせる,advantage_creation,4,0.75,0.26,0,0,1,0.17,0.91,0.2459,0,0,0.9022,0.000188
790,824,798,207,em-8660ff550c92,うどんの天使,fire,ZR,40,3067,3748,1,5ターンの間、自身の攻撃力を40%増加させる,counteraction,4,0.75,0.26,1,0,1,0.17,0.9,0.2459,0,0,0.9021,0.000754
791,825,799,1337,em-c37c2a529421,ディワリのｱﾗｸｼｭﾐｰ,fire,ZR,38,4771,3408,2,火属性の味方全員のHPを80%回復する,advantage_creation,4,0.75,0.26,0.25,0,1,0.17,0.9,0.2459,0,0,0.902,0.000188
792,826,800,545,em-46432847d531,ＢＥＷ雪玉,water,N,8,2538,705,3,2ターンの間、火属性の味方全員の攻撃力を120%増加させる,counteraction,4,0.75,0.26,0,0,1,0.17,0.88,0.2454,0,0,0.9903,0.000206
793,33,801,106,em-8680261975a6,キタマクラさん,fire,CR,10,3166,558,1,自身のHPを80%回復する,advantage_creation,4,0.75,0.26,1,0,1,0.17,0.95,0.2448,1.5,0,0.9608,0.002361
794,827,802,1048,em-f14da6dc7d26,チャイナさん,fire,CR,15,606,1876,4,1ターンの間、自身の攻撃力を150%増加させる,counteraction,4,0.75,0.26,0.25,0,1,0.17,0.89,0.2448,0,0,0.9607,0.0002
795,828,803,1339,em-3dc0af65e330,ランたんちゃん,fire,ZR,43,3425,5295,2,1ターンの間、味方全員の属性を全属性(3色混合)に変更する,adaptive,4,0.75,0.26,0.25,0,1,0.17,0.9,0.2448,0,0,0.9016,0.000187
796,829,804,541,em-5d524aa44032,元祖・銘菓ぴよ子,fire,N,8,605,625,4,1ターンの間、自身の攻撃が3回連続攻撃になる,counteraction,4,0.75,0.26,0,0,1,0.17,0.89,0.2448,0,0,0.9902,0.000206
797,830,805,547,em-6c82396ace3f,マッシブ☆ばん馬ばん,fire,N,7,800,450,3,1ターンの間、風属性の敵に対する自身の攻撃力を1250%増加させる,counteraction,4,0.75,0.26,0,0,1,0.17,0.87,0.2448,0,0,0.9902,0.000206
798,831,806,548,em-9625a8dc4056,祟らない幽子,water,N,8,370,410,7,死亡している水属性の味方全員を50%のHPで蘇らせる,advantage_creation,4,0.75,0.26,0,0,1,0.17,0.89,0.2448,0,0,0.9902,0.000206
799,70,807,201,em-f4025e805468,best of 長田さん,fire,MZR,50,3500,7000,1,1ターンの間、自身の属性を風属性に変更する,adaptive,4,0.75,0.26,0.75,0,1,0.18,0.98,0.2442,0.75,0,0.7988,0.00079
800,832,808,1052,em-635af81fa283,ＪＡＸＡイルＲ,fire,CR,15,688,1706,5,2ターンの間、自身の攻撃が3回連続攻撃になる,counteraction,4,0.75,0.26,0,0,1,0.18,0.87,0.2442,0,0,0.9605,0.0002
801,833,809,683,em-48860dff9f84,カナ★パラ,water_wind,R,20,1661,1812,5,死亡している味方全員を50%のHPで蘇らせる,advantage_creation,4,0.75,0.26,0,0,1,0.18,0.9,0.2442,0,0,0.9836,0.000204
802,834,810,1055,em-4b4011b90d8c,ロータス先輩,water_wind,CR,16,1932,1932,6,2ターンの間、味方全員に水属性の敵からのダメージを90%軽減するシールドを与える,advantage_creation,4,0.75,0.26,0,0,1,0.18,0.9,0.2442,0,0,0.9604,0.0002
803,835,811,1503,em-3151d77efe3f,チンチョーロさん,fire_wind,MZR,37,4805,4805,7,死亡している風属性の味方全員を200%のHPで蘇らせる,advantage_creation,4,0.75,0.26,0,0,1,0.18,0.99,0.2442,0,0,0.7981,0.000166
804,836,812,1504,em-6cd949ff7539,?????,fire_water,MZR,53,1842,6475,2,1ターンの間、攻撃を自身に集中させる(92%カット),advantage_creation,4,0.75,0.26,0,0,1,0.18,0.89,0.2442,0,0,0.7979,0.000166
805,837,813,1057,em-5e6cf1fe4c4c,まそお姉ちゃん,water,CR,15,2898,3059,5,1ターンの間、水属性の味方全員の攻撃力を500%増加させる,counteraction,4,0.75,0.26,0.25,0,1,0.18,0.92,0.2442,0,0,0.9603,0.0002
806,838,814,684,em-deea7d56d1a1,淡路な文楽軒師匠,water,R,12,1512,1551,6,水属性の味方全員のスキルカウントを3減少させる,ignored,4,0.75,0.26,0,0,1,0.18,0.9,0.2442,0,0,0.9835,0.000204
807,839,815,549,em-bff3cff5162a,トキシッくんｵｯｽｵｯｽ,water,N,9,2253,1267,3,死亡している火属性の味方全員を100%のHPで蘇らせる,advantage_creation,4,0.75,0.26,0,0,1,0.18,0.9,0.2442,0,0,0.9901,0.000206
808,840,816,1340,em-7914d5cdb04d,芋神よしあき,fire,ZR,32,4130,2753,3,1ターンの間、火属性の味方全員の攻撃が2回連続攻撃になる,counteraction,4,0.75,0.26,0,0,1,0.18,0.89,0.2442,0,0,0.9003,0.000187
809,841,817,550,em-cf5373dcdc2a,コンゴーニャスパス,fire,N,17,1886,1723,3,1ターンの間、攻撃を自身に集中させる(84%カット),advantage_creation,4,0.75,0.26,0,0,1,0.18,0.95,0.2442,0,0,0.99,0.000206
810,842,818,1341,em-05de078a2e7c,幼妻！エンゼルちゃん,all,ZR,22,1993,2913,3,水属性の味方全員のHPを100%回復する,advantage_creation,4,0.75,0.26,0,0,1,0.18,0.99,0.2442,0,0,0.9001,0.000187
811,843,819,1505,em-4805525cb8a4,ｴﾝｾﾞﾘｯｸ☆エンゼル,all,MZR,60,6816,4771,3,自身のHPを200%回復する,advantage_creation,4,0.75,0.26,0.25,0,1,0.18,0.9,0.2442,0,0,0.7967,0.000166
812,844,820,1506,em-48a7e7dd243f,鮫男子・ニタりん,fire,MZR,60,4601,7157,3,1ターンの間、味方全員の攻撃が2回連続攻撃になる,counteraction,4,0.75,0.26,0,0,1,0.18,0.89,0.2442,0,0,0.7965,0.000166
813,845,821,1342,em-4c8a3408455b,泳ぐカネヒラさん,water,ZR,28,3748,3408,2,3ターンの間、自身の属性を火属性に変更する,adaptive,4,0.75,0.26,0,0,1,0.18,0.99,0.2442,0,0,0.8998,0.000187
814,846,822,1507,em-a3563f41a151,ラクダンデス隊長,fire_wind,MZR,38,4941,3578,2,1ターンの間、攻撃を自身に集中させる(70%カット),advantage_creation,4,0.75,0.26,0.25,0,1,0.18,0.9,0.2442,0,0,0.7961,0.000166
815,847,823,689,em-f78f249e0088,剣闘士,fire,R,7,168,812,5,1ターンの間、火属性の敵に対する自身の攻撃力を100%増加させる,counteraction,4,0.75,0.26,0,0,1,0.18,0.9,0.2442,0,0,0.9832,0.000204
816,71,824,186,em-1d206f58d0b7,マッキ,fire,R,6,600,300,4,2ターンの間、味方全員に水属性の敵からのダメージを50%軽減するシールドを与える,advantage_creation,4,0.75,0.26,0,0,1,0.18,0.88,0.2441,0.75,0,0.9832,0.000951
817,78,825,176,em-ee43bce0e25f,vにゅーさん,all,MZR,51,3567,5271,1,5ターンの間、自身にダメージを35%軽減するシールドを与える,advantage_creation,4,0.75,0.26,1,0,1,0.18,0.9,0.2441,0.5,0,0.7956,0.001119
818,848,826,1508,em-aefb52be8eca,半間鮫子,fire_water,MZR,52,3411,6823,2,1ターンの間、風属性の味方全員の攻撃が2回連続攻撃になる,counteraction,4,0.75,0.26,0,0,1,0.18,0.9,0.2441,0,0,0.7954,0.000165
819,849,827,1509,em-267a29792afd,ウーミン,fire,MZR,33,2249,2658,5,味方全員のスキルカウントを2減少させる,ignored,4,0.75,0.26,0,0,1,0.18,0.97,0.2441,0,0,0.7953,0.000165
820,850,828,553,em-a84e9301da18,パワフル☆ばん馬ばん,fire,N,5,600,350,4,1ターンの間、風属性の敵に対する自身の攻撃力を1500%増加させる,counteraction,4,0.75,0.26,0,0,1,0.17,0.88,0.2437,0,0,0.9899,0.000206
821,851,829,555,em-c8d0b7ef1b10,めい子お姉さま,water,N,9,1159,1244,4,2ターンの間、風属性の攻撃を自身に集中させる(90%カット),advantage_creation,4,0.75,0.26,0,0,1,0.17,0.88,0.2437,0,0,0.9899,0.000206
822,852,830,687,em-c47afb60b613,三重子先輩,fire,R,10,800,800,2,1ターンの間、味方全員の属性を火属性に変更する,adaptive,4,0.75,0.26,0,0,1,0.18,0.88,0.2434,0,0,0.9831,0.000204
823,853,831,1062,em-3ba3c1cd24cc,P.O☆うるっしー,fire,CR,25,3220,1449,4,2ターンの間、攻撃を自身に集中させる(70%カット),advantage_creation,4,0.75,0.26,0,0,1,0.18,0.88,0.2434,0,0,0.9595,0.000199
824,854,832,1343,em-2d3e693a8406,ツキマシモン,all,ZR,35,3919,1704,2,2ターンの間、味方全員の攻撃力を50%増加させる,counteraction,4,0.75,0.26,0,0,1,0.18,0.92,0.2434,0,0,0.8987,0.000187
825,855,833,1063,em-b9e75bc0b1f9,わっしょいミカ先生,fire_wind,CR,20,4186,3220,5,3ターンの間、火属性の敵に対する味方全員の攻撃力を250%増加させる,counteraction,4,0.75,0.26,0,0,1,0.18,0.9,0.2413,0,0,0.9594,0.000199
826,856,834,1511,em-ae8585ed525d,一服のうっぴー,fire,MZR,46,6475,3408,3,自身のHPを70%回復する,advantage_creation,4,0.75,0.26,0.25,0,1,0.17,0.89,0.2408,0,0,0.794,0.000165
827,857,835,559,em-b8d203bbae80,草カロ三郎,fire,N,5,400,400,6,味方全員のHPを40%回復する,advantage_creation,4,0.75,0.26,0,0,1,0.17,0.9,0.2399,0,0,0.9898,0.000206
828,858,836,1064,em-301c11f4a1d7,ウサポワンちゃん,all,CR,20,1363,2317,3,1ターンの間、攻撃を自身に集中させる(85%カット),advantage_creation,4,0.75,0.26,0,0,1,0.17,0.88,0.2388,0,0,0.9593,0.000199
829,859,837,699,em-58f4a804ff7f,マリンな白良さん,water,R,12,710,694,4,1ターンの間、水属性の味方全員の攻撃力を60%増加させる,counteraction,4,0.75,0.26,0.25,0,1,0.17,0.9,0.2388,0,0,0.9829,0.000204
830,860,838,1512,em-f89a98dd9893,大魔神！せいタン降臨,water,MZR,48,2044,6305,4,4ターンの間、水属性の味方全員の攻撃力を80%増加させる,counteraction,4,0.75,0.26,0,0,1,0.17,0.89,0.2368,0,0,0.7933,0.000165
831,861,839,560,em-fe5e7769aa81,鹿苑先輩,fire,N,5,390,390,5,死亡している水属性の味方全員を10%のHPで蘇らせる,advantage_creation,4,0.75,0.26,0,0,1,0.17,0.89,0.2355,0,0,0.9897,0.000206
832,862,840,1067,em-cecb4ccbb927,蝶々胡椒鯛くん,fire,CR,30,847,1018,2,風属性の敵全員の攻撃カウントを1増加させる,ignored,4,0.75,0.26,0,0,1,0.17,0.88,0.2343,0,0,0.9591,0.000199
833,863,841,1513,em-36d4f380dee2,ギャングなウツ雄様,fire,MZR,60,4856,4856,5,3ターンの間、味方全員に水属性の敵からのダメージを85%軽減するシールドを与える,advantage_creation,4,0.75,0.26,0,0,1,0.17,0.92,0.2343,0,0,0.7928,0.000165
834,864,842,1514,em-da18dad9d936,もけーれ！ムベちゃん,water,MZR,53,2896,6475,4,1ターンの間、水属性の味方全員の攻撃が4回連続攻撃になる,counteraction,4,0.75,0.26,0,0,1,0.17,0.89,0.2343,0,0,0.7926,0.000165
835,865,843,703,em-9b717b0ffa22,地獄めぐりベッピー,fire,R,19,1733,1664,5,2ターンの間、火属性の味方全員の攻撃力を200%増加させる,counteraction,4,0.75,0.26,0,0,1,0.17,0.9,0.2343,0,0,0.9828,0.000204
836,866,844,1068,em-2f9e3ad50fc8,やまなしーヌの心,water_wind,CR,25,2415,2576,3,味方全員のスキルカウントを1減少させる,ignored,4,0.75,0.26,0,0,1,0.17,0.89,0.2343,0,0,0.9589,0.000199
837,34,845,109,em-269e75871422,瑠璃☆瑠璃,water,CR,27,2726,2181,1,1ターンの間、水属性の味方全員に水属性の敵からのダメージを30%軽減するシールドを与える,advantage_creation,4,0.75,0.26,1,0,1,0.17,0.88,0.234,1.5,0,0.9589,0.002296
838,867,846,705,em-2837181f6574,うおぬまンダー,fire,R,6,500,600,7,2ターンの間、自身の攻撃が全体攻撃になる,counteraction,4,0.75,0.26,0,0,1,0.17,0.89,0.234,0,0,0.9827,0.000204
839,868,847,691,em-1a5f7bc3661b,萌やし男子,water,R,7,300,700,4,1ターンの間、自身の攻撃力を200%増加させる,counteraction,4,0.75,0.26,0,0,1,0.17,0.87,0.2336,0,0,0.9827,0.000204
840,869,848,704,em-618372c0cf56,しょーか先生,water,R,10,800,900,5,1ターンの間、水属性の味方全員の攻撃が2回連続攻撃になる,counteraction,4,0.75,0.26,0,0,1,0.17,0.9,0.2336,0,0,0.9826,0.000204
841,870,849,1344,em-6b8007792f3c,因幡WAHHH!!,water,ZR,32,3578,4771,4,2ターンの間、火属性の敵に対する自身の攻撃力を800%増加させる,counteraction,4,0.75,0.26,0,0,1,0.17,0.89,0.2336,0,0,0.897,0.000186
842,871,850,563,em-874769710492,さふらんらん,water,N,8,1734,888,3,火属性の味方全員のスキルカウントを2減少させる,ignored,4,0.75,0.26,0,0,1,0.17,0.88,0.2336,0,0,0.9896,0.000206
843,872,851,1517,em-13a4b4b54b04,北間・クラリス嬢,fire,MZR,10,3959,701,1,自身のHPを100%回復する,advantage_creation,4,0.75,0.26,1,0,1,0.17,0.89,0.2336,0,0,0.791,0.000164
844,873,852,1075,em-29cc8a9cf9cd,ビール売りの小娘,fire_wind,CR,18,1516,3638,3,味方全員のスキルカウントを1減少させる,ignored,4,0.75,0.26,0,0,1,0.17,0.93,0.2336,0,0,0.9586,0.000199
845,874,853,1345,em-72f5e94185a5,MAIKOちゃん,water,ZR,34,3834,3834,6,1ターンの間、風属性の攻撃を自身に集中させる(100%カット),advantage_creation,4,0.75,0.26,0,0,1,0.17,0.89,0.2336,0,0,0.8966,0.000186
846,875,854,1518,em-109e54a3645a,グラン・プラスの魔女,fire,MZR,38,1499,3404,3,1ターンの間、攻撃を自身に集中させる(96%カット),advantage_creation,4,0.75,0.26,0,0,1,0.17,0.98,0.2336,0,0,0.7904,0.000164
847,876,855,1073,em-e44c80aa58d3,二条嬢,fire,CR,8,620,600,2,1ターンの間、水属性の攻撃を自身に集中させる(60%カット),advantage_creation,4,0.75,0.26,0,0,1,0.16,0.94,0.2333,0,0,0.9584,0.000199
848,877,856,1077,em-f86c4c085efd,メガネ系ほぬー類,fire,CR,12,700,600,4,味方全員のスキルカウントを1減少させる,ignored,4,0.75,0.26,0,0,1,0.17,0.89,0.2315,0,0,0.9584,0.000199
849,878,857,1078,em-7e5ff582788f,INする★パンドラ,water,CR,28,3059,1932,6,1ターンの間、水属性の攻撃を自身に集中させる(100%カット),advantage_creation,4,0.75,0.26,0,0,1,0.17,0.89,0.2315,0,0,0.9584,0.000199
850,879,858,1079,em-414540146c27,びぐべん選手,fire,CR,30,3220,1610,0,1ターンの間、水属性の敵に対する自身の攻撃力を450%増加させる,counteraction,4,0.75,0.26,1,1,1,0.17,0.89,0.2315,0,0,0.9583,0.000199
851,880,859,710,em-aad8fae6b05f,やまとーる海佐,water,R,12,1000,700,5,2ターンの間、味方全員にダメージを50%軽減するシールドを与える,advantage_creation,4,0.75,0.26,0,0,1,0.16,0.88,0.2308,0,0,0.9824,0.000204
852,881,860,713,em-bb70b91588ed,夜魔・マヤー,fire,R,12,1661,2114,4,2ターンの間、自身の攻撃が3回連続攻撃になる,counteraction,4,0.75,0.26,0,0,1,0.16,0.99,0.2308,0,0,0.9823,0.000204
853,882,861,1519,em-4784572b893f,シントラーのリスボン,fire,MZR,32,5680,3786,0,1ターンの間、自身の属性を風属性に変更する,adaptive,4,0.75,0.26,0.75,1,1,0.16,0.92,0.2308,0,0,0.7892,0.000164
854,883,862,1520,em-2a26d74bb300,鮫っ子！フカオちゃん,water,MZR,21,4430,2996,5,3ターンの間、自身の攻撃力を555%増加させる,counteraction,4,0.75,0.26,0,0,1,0.17,0.99,0.2295,0,0,0.789,0.000164
855,884,863,1521,em-710becd5b772,雪女フェス祭カーニバル,water_wind,MZR,54,7497,2556,6,1ターンの間、水属性の攻撃を自身に集中させる(99%カット),advantage_creation,4,0.75,0.26,0,0,1,0.17,0.99,0.2295,0,0,0.7888,0.000164
856,91,864,191,em-313faf3b400a,バルパラ★イソ子,fire_water,ZR,36,3237,3067,1,2ターンの間、風属性の攻撃を自身に集中させる(70%カット),advantage_creation,4,0.75,0.26,1,0,1,0.17,0.89,0.2295,0.25,0,0.8955,0.000897
857,885,865,714,em-75717188c18a,あ、しょーか大先生,water,R,13,1812,1963,4,1ターンの間、水属性の味方全員の攻撃が2回連続攻撃になる,counteraction,4,0.75,0.26,0,0,1,0.17,0.87,0.2295,0,0,0.9822,0.000204
858,47,866,145,em-53fae101e208,水海　月,water,ZR,34,3288,4260,1,1ターンの間、火属性の攻撃を自身に集中させる(80%カット),advantage_creation,4,0.75,0.26,1,0,1,0.16,0.94,0.2283,1.25,0,0.8952,0.001536
859,886,867,567,em-4025a820b0a7,新・ぎょざる,fire,N,5,400,400,6,1ターンの間、火属性の味方全員の攻撃が全体攻撃になる,counteraction,4,0.75,0.26,0,0,1,0.16,0.88,0.2277,0,0,0.9893,0.000206
860,887,868,1346,em-d295de1e4086,海の日シスターズ♪,fire_water,ZR,40,3823,4657,4,3ターンの間、水属性の味方全員の攻撃力を80%増加させる,counteraction,4,0.75,0.26,0,0,1,0.16,0.92,0.2277,0,0,0.895,0.000186
861,888,869,716,em-9bad632dc3a9,秋田世界発見伝,fire_water,R,24,3838,845,4,2ターンの間、攻撃を自身に集中させる(70%カット),advantage_creation,4,0.75,0.26,0,0,1,0.16,0.88,0.2275,0,0,0.9821,0.000204
862,889,870,718,em-354b4786550a,魔滅！鷹山先生,water_wind,R,27,1283,1283,4,風属性の敵全員の攻撃カウントを2増加させる,ignored,4,0.75,0.26,0,0,1,0.16,0.9,0.2244,0,0,0.9821,0.000204
863,890,871,720,em-640d19558093,聖なる打毬神！みるるん,fire_wind,R,19,1208,1963,2,1ターンの間、火属性の敵に対する味方全員の攻撃力を100%増加させる,counteraction,4,0.75,0.26,0,0,1,0.17,0.89,0.2242,0,0,0.9821,0.000204
864,891,872,722,em-a5abadbcbc7d,ちょーカーちゃん,water,R,10,700,900,5,敵全員の攻撃カウントを1増加させる。,ignored,4,0.75,0.26,0,0,1,0.16,0.88,0.2242,0,0,0.9821,0.000204
865,892,873,1347,em-31f11b9a8df8,ももとふFREEダム,fire_wind,ZR,40,3408,4260,3,自身のHPを80%回復する,advantage_creation,4,0.75,0.26,0.25,0,1,0.16,0.89,0.2234,0,0,0.8945,0.000186
866,893,874,1082,em-1a3ab3b1acf7,聖☆いんてぃないか,fire_water,CR,19,2817,2334,4,3ターンの間、自身の攻撃が全体攻撃になる,counteraction,4,0.75,0.26,0,0,1,0.16,0.9,0.2234,0,0,0.9576,0.000199
867,894,875,723,em-e501cdcbd254,サタデーナイト郡上２,water,R,9,600,700,6,1ターンの間、味方全員の攻撃が全体攻撃になる,counteraction,4,0.75,0.26,0,0,1,0.16,0.89,0.2234,0,0,0.982,0.000204
868,895,876,724,em-ce7547fb3ccd,いぬやマンリメイク！,water,R,16,1661,1661,7,2ターンの間、味方全員の攻撃力を150%増加させる,counteraction,4,0.75,0.26,0,0,1,0.16,0.88,0.2213,0,0,0.982,0.000204
869,896,877,725,em-e9d9b60eefb1,鈴鹿忍者,water_wind,R,20,1623,2189,5,水属性の味方全員のスキルカウントを2減少させる,ignored,4,0.75,0.26,0,0,1,0.16,0.9,0.2197,0,0,0.9819,0.000204
870,897,878,1523,em-beaaa8c15744,カメハメハワイ大王,water_wind,MZR,50,3059,5879,2,1ターンの間、火属性の味方全員の攻撃力を120%増加させる,counteraction,4,0.75,0.26,0,0,1,0.16,0.9,0.2197,0,0,0.7861,0.000163
871,898,879,1085,em-cc9db541b1b4,メル子さん,water,CR,9,600,700,4,1ターンの間、風属性の味方全員の攻撃力を80%増加させる,counteraction,4,0.75,0.26,0,0,1,0.16,0.88,0.2197,0,0,0.9574,0.000199
872,899,880,727,em-9ca244c83a38,ʤouカー＆ʧouカー,water,R,16,1510,2124,4,敵全員の攻撃カウントを1増加させる。,ignored,4,0.75,0.26,0,0,1,0.16,0.89,0.2197,0,0,0.9819,0.000204
873,900,881,1524,em-fca49f3752f8,電波姫☆いまりちゃん,water,MZR,38,3919,4260,3,水属性の敵全員の攻撃カウントを1増加させる,ignored,4,0.75,0.26,0,0,1,0.16,0.88,0.2197,0,0,0.7856,0.000163
874,901,882,1525,em-5819b668aba5,ﾌﾗｲﾝｸﾞ･ﾀﾞｯﾁさん,water_wind,MZR,41,3403,4601,5,火属性の敵全員の攻撃カウントを3増加させる,ignored,4,0.75,0.26,0,0,1,0.16,0.89,0.2197,0,0,0.7854,0.000163
875,902,883,1526,em-83954a93a691,閃きのヒラメちゃん,fire_water,MZR,60,6560,4430,2,4ターンの間、自身の属性を全属性(3色混合)に変更する,adaptive,4,0.75,0.26,0,0,1,0.16,0.9,0.2197,0,0,0.7852,0.000163
876,903,884,1527,em-adcf70bfd425,2人はフェレナント君,water_wind,MZR,37,2982,5964,1,1ターンの間、自身の属性を水属性に変更する,adaptive,4,0.75,0.26,0.5,0,1,0.16,0.89,0.2197,0,0,0.785,0.000163
877,904,885,569,em-5793db0a4078,リンゴール伯爵,water,N,5,700,600,4,火属性の敵全員の攻撃カウントを1増加させる,ignored,4,0.75,0.26,0,0,1,0.16,0.88,0.2197,0,0,0.989,0.000206
878,905,886,573,em-6f9254f46753,うわマジカ,water,N,4,450,650,4,1ターンの間、火属性の攻撃を自身に集中させる。(90%カット),advantage_creation,4,0.75,0.26,0.25,0,1,0.16,0.88,0.2197,0,0,0.989,0.000206
879,906,887,1348,em-d020ce26e899,ＴＡＳマニア先輩,fire,ZR,40,5964,3418,3,水属性の味方全員のスキルカウントを2減少させる,ignored,4,0.75,0.26,0,0,1,0.16,0.91,0.2197,0,0,0.8931,0.000186
880,907,888,574,em-bcb9b03bfeed,サンカクドナウ,water,N,13,1739,1739,3,1ターンの間、水属性の味方全員の攻撃が3回連続攻撃になる,counteraction,4,0.75,0.26,0,0,1,0.16,0.89,0.2197,0,0,0.989,0.000206
881,908,889,1528,em-f7f78d464e92,ウミウサーヌ,all,MZR,60,3408,4601,3,1ターンの間、攻撃を自身に集中させる(92%カット),advantage_creation,4,0.75,0.26,0,0,1,0.16,0.9,0.2197,0,0,0.7841,0.000163
882,909,890,1529,em-bc5f259cf576,まさか殿(微マジ),all,MZR,60,5453,6305,7,1ターンの間、自身の攻撃が40回連続攻撃になる,counteraction,4,0.75,0.26,0,0,1,0.16,0.89,0.2197,0,0,0.7839,0.000163
883,910,891,1349,em-0f3dc5f343f5,?????,water,ZR,40,2954,3316,8,敵全員の攻撃カウントを5増加させる,ignored,4,0.75,0.26,0,0,1,0.16,0.9,0.2197,0,0,0.8927,0.000186
884,911,892,1089,em-a2165d67f8cb,こんぴらくん,water,CR,12,900,900,7,敵全員の攻撃カウントを2増加させる,ignored,4,0.75,0.26,0,0,1,0.16,0.89,0.2182,0,0,0.9568,0.000199
885,912,893,1090,em-cfe553ea56a6,あまのちゃんパイセン,water_wind,CR,22,3220,805,3,1ターンの間、味方全員の攻撃が2回連続攻撃になる,counteraction,4,0.75,0.26,0,0,1,0.16,0.9,0.2182,0,0,0.9568,0.000199
886,913,894,1350,em-437f98caf8e3,ぺた也君,fire,ZR,35,4710,3006,1,1ターンの間、自身の攻撃が2回連続攻撃になる,counteraction,4,0.75,0.26,0,0,1,0.16,0.89,0.2182,0,0,0.8924,0.000186
887,914,895,576,em-962fa89cd31d,極東恋姫☆霧子たん,fire_wind,N,15,1243,1161,5,死亡している味方全員を1%のHPで蘇らせる,advantage_creation,4,0.75,0.26,0,0,1,0.17,0.89,0.2178,0,0,0.9889,0.000206
888,915,896,1091,em-dade81e05fdb,紫式部@物語執筆中,fire_water,CR,25,1771,3220,0,1ターンの間、味方全員に風属性の敵からのダメージを20%軽減するシールドを与える,advantage_creation,4,0.75,0.26,1,1,1,0.15,0.93,0.2162,0,0,0.9566,0.000199
889,916,897,1092,em-cf1f3fbef79d,紅玉の供犠ぴよ子,fire,CR,6,1609,1609,0,なし,none,4,0.75,0.26,0,1,1,0.15,0.96,0.2162,0,0,0.9566,0.000199
890,48,898,141,em-ecc88d69f40d,恋愛成就☆どうしん様,water_wind,CR,25,2649,2504,1,水属性の味方全員のHPを18%回復する,advantage_creation,4,0.75,0.26,1,0,1,0.15,0.9,0.2162,1.25,0,0.9565,0.001601
891,917,899,1093,em-f13588602944,生イカのアーニー,water,CR,15,3220,1610,4,3ターンの間、火属性の敵に対する自身の攻撃力を600%増加させる,counteraction,4,0.75,0.26,0,0,1,0.15,0.89,0.2162,0,0,0.9565,0.000199
892,918,900,733,em-0c10b95e36c6,激走！えるたそ,fire,R,10,900,800,4,1ターンの間、風属性の敵に対する味方全員の攻撃力を150%増加させる,counteraction,4,0.75,0.26,0.25,0,1,0.15,0.88,0.2151,0,0,0.9814,0.000204
893,919,901,1531,em-e795d2bbe2f0,北政所ねね様,fire_wind,MZR,60,5623,4601,3,2ターンの間、風属性の攻撃を自身に集中させる(80%カット),advantage_creation,4,0.75,0.26,0,0,1,0.16,0.89,0.2148,0,0,0.7819,0.000163
894,920,902,736,em-24679a7881f4,三重子さん,fire,R,9,704,700,2,1ターンの間、味方全員の属性を火属性に変更する,adaptive,4,0.75,0.26,0,0,1,0.16,0.89,0.2148,0,0,0.9813,0.000204
895,921,903,1351,em-f346c1f4c45d,八狗神伏姫様,water,ZR,35,5538,2130,4,3ターンの間、攻撃を自身に集中させる(65%カット),advantage_creation,4,0.75,0.26,0,0,1,0.16,0.97,0.2148,0,0,0.8914,0.000185
896,922,904,331,em-65efdfdd59b3,「ぼ」じゃなくてゔぉたん,water_wind,MZR,40,4941,3408,1,2ターンの間、自身の属性を火属性に変更する,adaptive,4,0.75,0.26,0.25,0,1,0.16,0.89,0.2148,0,0,0.7814,0.000274
897,923,905,737,em-9cc423bd9843,沼んだーライド！,water_wind,R,21,1585,1887,5,3ターンの間、水属性の味方全員の攻撃が全体攻撃になる,counteraction,4,0.75,0.26,0,0,1,0.16,0.99,0.214,0,0,0.9812,0.000204
898,924,906,1352,em-d941ef4d2c66,紫禁嬢,water_wind,ZR,34,4692,2801,2,1ターンの間、味方全員に水属性の敵からのダメージを62%軽減するシールドを与える,advantage_creation,4,0.75,0.26,0.25,0,1,0.16,0.89,0.214,0,0,0.8911,0.000185
899,925,907,1353,em-80d193bc7d7f,あ、シュールさんだ。,fire,ZR,43,3408,5112,6,死亡している味方全員を101%のHPで蘇らせる,advantage_creation,4,0.75,0.26,0,0,1,0.16,0.93,0.214,0,0,0.891,0.000185
900,926,908,1533,em-523af93f71e3,神田祭らーの集い,fire_water,MZR,88,5027,6901,4,1ターンの間、味方全員の攻撃が全体攻撃になる,counteraction,4,0.75,0.26,0,0,1,0.16,0.9,0.214,0,0,0.7806,0.000162
901,927,909,1534,em-378e340695dc,スクナクナクナクス,fire_water,MZR,50,6816,3408,2,1ターンの間、自身の攻撃が全体攻撃になる,counteraction,4,0.75,0.26,0,0,1,0.16,0.94,0.214,0,0,0.7804,0.000162
902,928,910,1096,em-549e080062a7,ぶんぶくん,fire,CR,22,1550,895,4,死亡している味方全員を1%のHPで蘇らせる,advantage_creation,4,0.75,0.26,0,0,1,0.15,0.94,0.2129,0,0,0.956,0.000199
903,929,911,732,em-e275020a88a0,あん子ちゃん,water,R,4,289,300,4,水属性の味方全員のHPを30%回復する,advantage_creation,4,0.75,0.26,0,0,1,0.15,0.94,0.2095,0,0,0.9811,0.000204
904,930,912,743,em-75c067942d62,大内先生,water,R,11,1699,1699,4,水属性の味方全員のHPを60%回復する,advantage_creation,4,0.75,0.26,0,0,1,0.15,0.89,0.2081,0,0,0.9811,0.000204
905,931,913,1535,em-8522b1e6c291,百華百彩久連子,fire_wind,MZR,55,5282,5282,3,2ターンの間、自身の攻撃が5回連続攻撃になる,counteraction,4,0.75,0.26,0,0,1,0.15,0.99,0.2081,0,0,0.7797,0.000162
906,932,914,1536,em-b7d1205bd3a7,すーぱーサイアン,fire_water,MZR,60,5964,5964,12,1ターンの間、自身の攻撃力を99999%増加させる,counteraction,4,0.75,0.26,0,0,1,0.15,0.96,0.2081,0,0,0.7795,0.000162
907,933,915,210,em-4f7f91fb4514,うどんの天使,water,MZR,42,3067,3748,1,5ターンの間、自身の攻撃力を40%増加させる,counteraction,4,0.75,0.26,1,0,1,0.14,0.89,0.206,0,0,0.7793,0.000743
908,934,916,741,em-560cbdf184d6,ユッフィーちゃん,water,R,8,606,600,5,2ターンの間、水属性の味方全員の攻撃力を50%増加させる,counteraction,4,0.75,0.26,0,0,1,0.15,0.89,0.205,0,0,0.981,0.000204
909,935,917,578,em-4900e4471484,モア蔵,water,N,4,722,90,4,1ターンの間、攻撃を自身に集中させる(30%カット),advantage_creation,4,0.75,0.26,0,0,1,0.15,0.88,0.205,0,0,0.9886,0.000206
910,936,918,1100,em-4b8003f0f990,メル子さま,water,CR,12,800,800,3,1ターンの間、風属性の味方全員の攻撃力を120%増加させる,counteraction,4,0.75,0.26,0,0,1,0.15,0.87,0.205,0,0,0.9556,0.000199
911,937,919,1101,em-558066e14c81,ダブル・ブロッコリー,water_wind,CR,33,2595,2436,3,2ターンの間、味方全員にダメージを50%軽減するシールドを与える,advantage_creation,4,0.75,0.26,0,0,1,0.15,0.9,0.205,0,0,0.9556,0.000199
912,938,920,1103,em-fc5d66138cad,端午ぴよ子,water,CR,13,1543,2512,5,3ターンの間、自身の攻撃が全体攻撃になる,counteraction,4,0.75,0.26,0,0,1,0.15,0.89,0.205,0,0,0.9556,0.000199
913,939,921,749,em-b50530766df4,夏の妖精白良さん,water,R,19,1699,1699,4,2ターンの間、水属性の味方全員の攻撃力を100%増加させる,counteraction,4,0.75,0.26,0,0,1,0.15,0.89,0.205,0,0,0.9808,0.000204
914,940,922,1354,em-6d8ed6eb36b3,えかちぇたん,water,ZR,25,4260,2385,1,1ターンの間、自身の攻撃が2回連続攻撃になる,counteraction,4,0.75,0.26,0,0,1,0.15,0.9,0.205,0,0,0.8894,0.000185
915,941,923,1355,em-96a3648b46e2,チョコ染めの安井さん,water,ZR,32,3646,4089,3,1ターンの間、攻撃をリーダーに集中させる(85%カット),advantage_creation,4,0.75,0.26,0.25,0,1,0.15,0.89,0.205,0,0,0.8893,0.000185
916,942,3,84,em-70f1d39031ed,うにうにする虎,fire_wind,MZR,50,6816,681,0,1ターンの間、水属性の敵に対する自身の攻撃力を1513%増加させる,counteraction,4,0.75,0.26,1,1,1,0.15,0.9,0.2043,0,1.5,0.7777,0.003215
917,943,924,1106,em-b54ea6cda2a4,塚井さん,fire,CR,38,3817,2999,2,3ターンの間、自身の攻撃力を80%増加させる,counteraction,4,0.75,0.26,0,0,1,0.15,0.9,0.2043,0,0,0.9553,0.000199
918,944,925,1539,em-2c08686a6d88,猿もの追い払いネキ,fire_wind,MZR,42,4171,3977,5,2ターンの間、味方全員に風属性の敵からのダメージを85%軽減するシールドを与える,advantage_creation,4,0.75,0.26,0,0,1,0.15,0.89,0.2043,0,0,0.7773,0.000162
919,945,926,580,em-ce4a4d623424,ケンＺＯ４号,fire,N,8,502,1901,5,3ターンの間、自身の攻撃力を100%増加させる,counteraction,4,0.75,0.26,0,0,1,0.15,0.88,0.2043,0,0,0.9884,0.000205
920,946,927,581,em-a91beec21e3d,やよいチゥりっぷ☆神,fire,N,13,2957,563,2,1ターンの間、味方全員の属性を水属性に変更する,adaptive,4,0.75,0.26,0,0,1,0.15,0.89,0.2043,0,0,0.9884,0.000205
921,947,928,754,em-a7be30f0211a,烏枢さま降臨！,fire,R,13,1359,2416,2,1ターンの間、水属性の敵に対する味方全員の攻撃力を250%増加させる,counteraction,4,0.75,0.26,0,0,1,0.15,0.97,0.2043,0,0,0.9806,0.000204
922,948,929,281,em-fef48f3b2f9e,まん丸！シャーミー君,fire_wind,ZR,28,3800,3237,1,2ターンの間、火属性の敵に対する自身の攻撃力を70%増加させる,counteraction,4,0.75,0.26,1,0,1,0.15,0.89,0.2043,0,0,0.8886,0.000402
923,949,930,1357,em-5d62afcf01d5,転がる！けねず君,water,ZR,37,3408,2044,4,3ターンの間、味方全員に風属性の敵からのダメージを77%軽減するシールドを与える,advantage_creation,4,0.75,0.26,0,0,1,0.15,0.97,0.2043,0,0,0.8885,0.000185
924,950,931,582,em-4f0b20692fd7,コンドアーズ,fire,N,17,273,2120,3,4ターンの間、火属性の味方全員の攻撃力を40%増加させる,counteraction,4,0.75,0.26,0,0,1,0.14,0.89,0.2041,0,0,0.9883,0.000205
925,951,932,758,em-15b63ea7b4c3,タオるんさん先輩師匠,water,R,14,1510,2180,2,1ターンの間、水属性の攻撃を自身に集中させる。(50%カット),advantage_creation,4,0.75,0.26,0,0,1,0.14,0.89,0.2035,0,0,0.9805,0.000204
926,952,933,757,em-3604a59c8292,囃せ！どんちっちん,fire,R,12,1000,700,7,2ターンの間、味方全員の攻撃が全体攻撃になる,counteraction,4,0.75,0.26,0,0,1,0.14,0.96,0.2025,0,0,0.9805,0.000204
927,953,934,1108,em-d6397e37a32d,三山くまのたん,fire,CR,17,500,1900,3,1ターンの間、自身の攻撃力を200%増加させる,counteraction,4,0.75,0.26,0,0,1,0.14,0.97,0.2008,0,0,0.9549,0.000199
928,954,935,583,em-3e1bbfb34a76,芳一大師匠,fire,N,14,1128,1269,4,死亡している火属性の味方全員を20%のHPで蘇らせる,advantage_creation,4,0.75,0.26,0,0,1,0.14,0.9,0.2008,0,0,0.9883,0.000205
929,955,936,1358,em-1c28be3f3366,モンさんミッシェル,water,ZR,32,3748,5623,8,4ターンの間、味方全員の攻撃が6回連続攻撃になる,counteraction,4,0.75,0.26,0,0,1,0.15,0.89,0.1994,0,0,0.8878,0.000185
930,956,937,1540,em-6193e7af4d97,がうがうは考える,water,MZR,44,1704,5964,3,3ターンの間、味方全員に風属性の敵からのダメージを66%軽減するシールドを与える,advantage_creation,4,0.75,0.26,0,0,1,0.15,0.89,0.1994,0,0,0.775,0.000161
931,957,938,1630,em-b2d6a846bb36,哀哭のオオウミガラス,fire_wind,伝,75,9713,4941,2,5ターンの間、味方全員に火属性の敵からのダメージを25%軽減するシールドを与える,advantage_creation,4,0.75,0.26,0.25,0,1,0.15,0.94,0.1994,0,0,0.2823,0.000101
932,958,939,585,em-f3d5bcd42444,あっぴー先輩,fire,N,6,1000,400,2,自身のHPを50%回復する,advantage_creation,4,0.75,0.26,0,0,1,0.14,0.95,0.1989,0,0,0.9882,0.000205
933,959,940,1541,em-824a4dbb010c,守護天狗くまのたん,fire,MZR,41,1874,7668,3,1ターンの間、自身の攻撃が全体攻撃になる,counteraction,4,0.75,0.26,0,0,1,0.14,0.89,0.1974,0,0,0.7745,0.000161
934,960,941,1359,em-9cd3d68e61d0,渦巻王ナルテュール,water,ZR,45,1704,6134,6,3ターンの間、自身の攻撃が6回連続攻撃になる,counteraction,4,0.75,0.26,0,0,1,0.14,0.89,0.1949,0,0,0.8873,0.000184
935,961,942,1542,em-fd155a3410b2,鯰坊主と子供たち,water,MZR,45,5793,2130,3,1ターンの間、味方全員に風属性の敵からのダメージを90%軽減するシールドを与える,advantage_creation,4,0.75,0.26,0.25,0,1,0.14,0.88,0.1949,0,0,0.7741,0.000161
936,962,943,1543,em-0984e8e9ee06,加賀のカブキ者,all,MZR,60,4430,6816,2,1ターンの間、自身の攻撃力を350%増加させる,counteraction,4,0.75,0.26,0.25,0,1,0.14,0.89,0.1941,0,0,0.7739,0.000161
937,963,944,1360,em-6262a008b5c9,脱力コンビあろま＆るる,water,ZR,38,3067,5623,2,リーダーのスキルカウントを1減少させる,ignored,4,0.75,0.26,0,0,1,0.13,0.89,0.1914,0,0,0.887,0.000184
938,964,945,316,em-8a030b3f4f33,無給の皇帝,fire,MZR,44,4601,2790,2,2ターンの間、味方全員に水属性の敵からのダメージを55%軽減するシールドを与える,advantage_creation,4,0.75,0.26,0.25,0,1,0.13,0.87,0.1909,0,0,0.7735,0.000295
939,965,946,1115,em-e3dab98c64af,試作型おこしん,water,CR,8,2265,1510,2,1ターンの間、火属性の攻撃を自身に集中させる(80%カット),advantage_creation,4,0.75,0.26,0,0,1,0.13,0.89,0.1909,0,0,0.9543,0.000198
940,966,947,765,em-c545b5a51997,トリニダの怪人,fire_water,R,13,4077,1057,2,リーダーのスキルカウントを2減少させる,ignored,4,0.75,0.26,0,0,1,0.13,0.91,0.1909,0,0,0.9802,0.000204
941,967,948,1116,em-804c07b6fa9a,メル子ちゃん,water,CR,6,400,600,4,1ターンの間、風属性の味方全員の攻撃力を40%増加させる,counteraction,4,0.75,0.26,0,0,1,0.14,0.89,0.1896,0,0,0.9542,0.000198
942,968,949,767,em-2a01f5ee5de4,ガラパゴスおぅぼっと,water,R,12,1200,600,4,2ターンの間、味方全員にダメージを40%軽減するシールドを与える,advantage_creation,4,0.75,0.26,0,0,1,0.14,0.89,0.1896,0,0,0.9801,0.000204
943,969,950,1544,em-3fef7ee3dc51,トゥバタハのシレーナ,water_wind,MZR,60,3919,4601,3,2ターンの間、自身の攻撃が全体攻撃になる,counteraction,4,0.75,0.26,0,0,1,0.14,0.89,0.1896,0,0,0.7726,0.000161
944,970,951,1545,em-9d5a58645c8c,カロニスタ・ヴェニ子,water,MZR,37,4444,4444,2,1ターンの間、水属性の敵に対する自身の攻撃力を452%増加させる,counteraction,4,0.75,0.26,0,0,1,0.14,0.89,0.1896,0,0,0.7724,0.000161
945,971,952,1361,em-e5fb3c6a3323,ガジュ・まる子さん,fire_wind,ZR,34,3748,4430,5,死亡している風属性の味方全員を82%のHPで蘇らせる,advantage_creation,4,0.75,0.26,0,0,1,0.14,0.89,0.1896,0,0,0.8861,0.000184
946,972,953,219,em-8b710fe84fda,モチノ・ウオ丸,water,MZR,32,3902,3254,1,8ターンの間、水属性の敵に対する水属性の味方全員の攻撃力を23%増加させる,counteraction,4,0.75,0.26,1,0,1,0.14,0.87,0.1896,0,0,0.772,0.000704
947,973,954,1546,em-5d34df1253d1,氷点下のレーカさん,water,MZR,40,2044,2556,3,死亡している水属性の味方全員を1%のHPで蘇らせる,advantage_creation,4,0.75,0.26,0,0,1,0.14,0.87,0.1896,0,0,0.7718,0.00016
948,974,955,771,em-b523340b244f,金のドナドナぴよ子,fire,R,4,100,100,0,なし,none,4,0.75,0.26,0,1,1,0.14,0.92,0.1896,0,0,0.98,0.000204
949,975,956,1118,em-050f0ee87c24,妖精雪愛さん,water,CR,12,770,830,2,1ターンの間、味方全員の属性を水属性に変更する,adaptive,4,0.75,0.26,0,0,1,0.14,0.87,0.1896,0,0,0.9539,0.000198
950,976,957,772,em-cfa8f59c143b,いぬやマン再び,water,R,9,500,500,7,1ターンの間、味方全員の攻撃力を130%増加させる,counteraction,4,0.75,0.26,0,0,1,0.14,0.89,0.1896,0,0,0.9799,0.000204
951,977,958,1547,em-902bd624dbdb,パンタナルの狼男,water,MZR,70,5898,4260,5,死亡している水属性の味方全員を121%のHPで蘇らせる,advantage_creation,4,0.75,0.26,0,0,1,0.14,0.9,0.1896,0,0,0.7711,0.00016
952,978,959,1363,em-eea7e5ad714b,饅頭石餅子,fire_wind,ZR,30,3433,4114,5,1ターンの間、水属性の攻撃を自身に集中させる(99%カット),advantage_creation,4,0.75,0.26,0,0,1,0.14,0.97,0.1896,0,0,0.8854,0.000184
953,979,960,1119,em-b9b869c15b9f,ルリマダラー,fire_water,CR,15,3786,378,2,1ターンの間、水属性の攻撃を自身に集中させる(80%カット),advantage_creation,4,0.75,0.26,0,0,1,0.14,0.89,0.1896,0,0,0.9537,0.000198
954,980,961,1121,em-68afa2dec462,みどりのたけしマン,water_wind,CR,23,2592,2432,3,3ターンの間、味方全員にダメージを40%軽減するシールドを与える,advantage_creation,4,0.75,0.26,0,0,1,0.14,0.9,0.1896,0,0,0.9536,0.000198
955,981,962,1548,em-5266a394fb35,伊予・タウロス,water_wind,MZR,60,4430,4941,2,3ターンの間、自身の攻撃が2回連続攻撃になる,counteraction,4,0.75,0.26,0,0,1,0.14,0.9,0.1896,0,0,0.7703,0.00016
956,982,963,1646,em-60119eda4c9c,猿田彦大先輩,all,伝,80,7838,7157,5,3ターンの間、火属性の味方全員の攻撃力を200%増加させる,counteraction,4,0.75,0.26,0,0,1,0.14,0.89,0.1896,0,0,0.2785,0.000058
957,92,964,243,em-94a55ee81090,瑠璃の君,water,ZR,27,3067,2453,1,1ターンの間、水属性の味方全員に水属性の敵からのダメージを35%軽減するシールドを与える,advantage_creation,4,0.75,0.26,1,0,1,0.13,0.89,0.1886,0.25,0,0.8848,0.000553
958,983,965,1122,em-aae1801458f8,ɚすぃとあろま？,water_wind,CR,12,3748,681,3,1ターンの間、攻撃を自身に集中させる(66%カット),advantage_creation,4,0.75,0.26,0,0,1,0.13,0.9,0.1881,0,0,0.9535,0.000198
959,984,966,1123,em-ae65fe2577b0,葉月ぴよ子,fire,CR,8,590,2110,6,3ターンの間、自身の攻撃力を400%増加させる,counteraction,4,0.75,0.26,0,0,1,0.13,0.89,0.1864,0,0,0.9534,0.000198
960,985,967,1364,em-1be59b60bcb4,アメンボ,water,ZR,30,2215,3919,0,1ターンの間、水属性の味方全員の攻撃力を15%増加させる,counteraction,4,0.75,0.26,1,1,1,0.14,0.89,0.184,0,0,0.8845,0.000184
961,986,968,1549,em-c6a0a8b51afe,ライオットうお太,water,MZR,41,3152,4175,4,2ターンの間、味方全員に水属性の敵からのダメージを75%軽減するシールドを与える,advantage_creation,4,0.75,0.26,0,0,1,0.14,0.89,0.184,0,0,0.7692,0.00016
962,987,969,590,em-ae6ea6bc1914,ズースくん,water,N,3,500,400,4,3ターンの間、水属性の敵に対する味方全員の攻撃力を40%増加させる,counteraction,4,0.75,0.26,0,0,1,0.13,0.89,0.1795,0,0,0.9878,0.000205
963,988,970,1550,em-7419b64dec0e,天の飛龍巻,all,MZR,42,5623,3748,2,1ターンの間、味方全員の属性を風属性に変更する,adaptive,4,0.75,0.26,0,0,1,0.13,0.9,0.1795,0,0,0.7688,0.00016
964,989,971,1551,em-cb0ef748882f,八狗神伏姫様,fire,MZR,35,5538,2130,4,3ターンの間、攻撃を自身に集中させる(65%カット),advantage_creation,4,0.75,0.26,0,0,1,0.12,0.9,0.1788,0,0,0.7686,0.00016
965,49,972,142,em-02dd665173e3,超回復！反魂タン,fire,R,6,600,700,4,死亡している風属性の味方全員を80%のHPで蘇らせる,advantage_creation,4,0.75,0.26,0,0,1,0.12,0.94,0.1787,1.25,0,0.9795,0.001599
966,990,973,770,em-e31de348c40b,湘南ボーイ,water,R,8,300,700,4,1ターンの間、水属性の味方全員の攻撃力を30%増加させる,counteraction,4,0.75,0.26,0,0,1,0.12,0.89,0.1763,0,0,0.9795,0.000204
967,991,974,778,em-28a408b64836,真・銘菓ぴよ子,fire,R,12,795,815,3,1ターンの間、自身の攻撃が3回連続攻撃になる,counteraction,4,0.75,0.26,0,0,1,0.12,0.88,0.1763,0,0,0.9795,0.000204
968,992,975,779,em-30a1d9f3d52f,けねずさん,water,R,9,702,702,5,2ターンの間、味方全員に風属性の敵からのダメージを30%軽減するシールドを与える,advantage_creation,4,0.75,0.26,0,0,1,0.12,0.88,0.1763,0,0,0.9794,0.000204
969,993,976,1125,em-2be7abbe40d1,大晦日！ナモミ先輩,water,CR,14,300,1700,2,1ターンの間、自身の攻撃力を100%増加させる,counteraction,4,0.75,0.26,0,0,1,0.12,0.88,0.1763,0,0,0.9529,0.000198
970,994,977,1553,em-2b266990d35f,エトナさん・ＦＸ,fire,MZR,50,5673,2130,1,1ターンの間、自身の攻撃が全体攻撃になる,counteraction,4,0.75,0.26,0,0,1,0.12,0.98,0.176,0,0,0.7675,0.00016
971,995,978,1126,em-c42ef00ed018,ｗｗナレースワンｗｗ,water_wind,CR,25,2560,2584,4,火属性の敵全員の攻撃カウントを2増加させる,ignored,4,0.75,0.26,0,0,1,0.13,0.9,0.1742,0,0,0.9528,0.000198
972,996,979,1127,em-6ead69ef1b01,精霊ブーナッド,water,CR,16,4025,805,2,自身のHPを50%回復する,advantage_creation,4,0.75,0.26,0,0,1,0.13,0.89,0.1742,0,0,0.9528,0.000198
973,997,980,296,em-4debcfcadf66,艶奴太夫,water_wind,MZR,60,3919,5964,1,3ターンの間、自身の属性を水属性に変更する,adaptive,4,0.75,0.26,0.5,0,1,0.13,0.89,0.1742,0,0,0.7669,0.000353
974,998,981,594,em-9bac78901113,有馬すん,fire,N,5,375,405,6,火属性の味方全員のHPを60%回復する,advantage_creation,4,0.75,0.26,0,0,1,0.12,0.88,0.1732,0,0,0.9876,0.000205
975,999,982,1365,em-c46238c7c677,ケラ,fire,ZR,70,3067,7157,3,2ターンの間、火属性の味方全員の攻撃力を100%増加させる,counteraction,4,0.75,0.26,0,0,1,0.11,0.89,0.1641,0,0,0.8829,0.000184
976,1000,983,1128,em-a33630899eb2,河口本栖子,water,CR,18,1200,1500,6,敵全員の攻撃カウントを1増加させる,ignored,4,0.75,0.26,0,0,1,0.11,0.88,0.1616,0,0,0.9526,0.000198
977,1001,984,783,em-97272e288cf7,ホークくん,water,R,6,500,750,1,1ターンの間、火属性の攻撃を自身に集中させる。(50%カット),advantage_creation,4,0.75,0.26,0.75,0,1,0.11,0.97,0.1616,0,0,0.9792,0.000204
978,1002,985,1131,em-b078ec458c73,ににぎさん,water,CR,12,770,830,6,2ターンの間、水属性の味方全員の攻撃力を60%増加させる,counteraction,4,0.75,0.26,0,0,1,0.11,0.89,0.1616,0,0,0.9525,0.000198
979,1003,986,596,em-53a13d10258e,コドモドラゴン！,water,N,10,1833,987,3,2ターンの間、味方全員に火属性の敵からのダメージを80%軽減するシールドを与える,advantage_creation,4,0.75,0.26,0,0,1,0.11,0.89,0.1616,0,0,0.9875,0.000205
980,1004,987,1366,em-a68c8ce48bea,こんにゃく姫,fire,ZR,37,5964,2726,7,1ターンの間、火属性の味方全員の攻撃力を400%増加させる,counteraction,4,0.75,0.26,0,0,1,0.11,0.92,0.1578,0,0,0.8823,0.000183
981,1005,988,1554,em-9c344f264735,カロリスト・カル子,water,MZR,40,6999,2499,5,1ターンの間、風属性の攻撃を自身に集中させる(99%カット),advantage_creation,4,0.75,0.26,0,0,1,0.11,0.97,0.1534,0,0,0.7653,0.000159
982,1006,989,1555,em-9a1b8b33af97,バレチョコすわ子,water,MZR,46,3646,1874,0,1ターンの間、自身の攻撃が3回連続攻撃になる,counteraction,4,0.75,0.26,0,1,1,0.1,0.9,0.1462,0,0,0.7651,0.000159
983,1007,990,787,em-f7db929b2ed5,シャボテンの世界,water,R,17,1510,1812,5,死亡している味方全員を40%のHPで蘇らせる,advantage_creation,4,0.75,0.26,0,0,1,0.1,0.88,0.1462,0,0,0.979,0.000204
984,1008,991,788,em-9d5f7901aacf,サタデーナイト☆郡上,water,R,17,1812,1963,5,2ターンの間、味方全員の攻撃が全体攻撃になる,counteraction,4,0.75,0.26,0,0,1,0.1,0.89,0.1462,0,0,0.979,0.000204
985,1009,992,1556,em-fa2d14d3eb33,大天姿☆ぴよ子,all,MZR,46,7572,756,5,味方全員のスキルカウントを2減少させる,ignored,4,0.75,0.26,0,0,1,0.1,0.89,0.1424,0,0,0.7646,0.000159
986,1010,993,1133,em-959e9037e6f6,だいこっくん,fire,CR,8,800,900,8,1ターンの間、味方全員の攻撃力を100%増加させる,counteraction,4,0.75,0.26,0,0,1,0.09,0.92,0.1389,0,0,0.9521,0.000198
987,1011,994,1135,em-96f9283052eb,ロロちゃんさん先輩,fire,CR,22,2254,2737,5,死亡している火属性の味方全員を60%のHPで蘇らせる,advantage_creation,4,0.75,0.26,0,0,1,0.09,0.9,0.1368,0,0,0.9521,0.000198
988,1012,995,1136,em-cf78c5cc3134,オタテカモ次郎,all,CR,28,4186,3059,2,1ターンの間、味方全員の属性を水属性に変更する,adaptive,4,0.75,0.26,0.25,0,1,0.09,0.89,0.1341,0,0,0.9521,0.000198
989,1013,996,1557,em-a87c308ef7c4,トミスLOVE様,water,MZR,52,4686,4686,4,死亡している火属性の味方全員を1%のHPで蘇らせる,advantage_creation,4,0.75,0.26,0,0,1,0.09,0.89,0.1341,0,0,0.7638,0.000159
990,1014,997,791,em-2b7450b3b8b1,トンコー先生,water,R,15,1510,1510,3,2ターンの間、自身の攻撃が5回連続攻撃になる,counteraction,4,0.75,0.26,0,0,1,0.06,0.89,0.0942,0,0,0.9789,0.000203
991,1015,10,172,em-ceda64319ca1,蜜香のウミリンゴ,fire_water,伝,75,8520,5453,1,5ターンの間、風属性の敵に対する味方全員の攻撃力を25%増加させる,counteraction,30,0.4333,0.2592,0.8,0,1,0.1253,0.8573,0.1664,0,0.8,0.273,0.001156
992,1016,998,1558,em-f88796a335ca,勇者オトシゴ,fire,MZR,12,1324,1703,5,2ターンの間、味方全員にダメージを75%軽減するシールドを与える,advantage_creation,30,0.4333,0.2592,0,0,1,0.1253,0.8827,0.165,0,0,0.7632,0.000159
993,83,999,215,em-562269adda28,ブルジョワジー下仁田,water,CR,20,2265,2276,1,1ターンの間、攻撃をリーダーに集中させる(30%カット),advantage_creation,30,0.4167,0.2533,0.9667,0,1,0.1147,0.8947,0.1516,0.2667,0,0.9518,0.000711
994,1017,1000,1559,em-9298dde558c4,超豹！ペパりんさん,fire,MZR,30,2119,2545,2,風属性の敵全員の攻撃カウントを1増加させる,ignored,30,0.4167,0.2403,0,0,1,0.1,0.8773,0.1357,0,0,0.7628,0.000159
995,1018,1001,794,em-489695d715f8,ボボ・さるぼぼ,fire,R,10,600,700,5,1ターンの間、自身の攻撃が全体攻撃になる,counteraction,30,0.4,0.228,0,0,1,0.108,0.872,0.1448,0,0,0.9787,0.000203
996,81,16,81,em-7d5a30231904,「ふ」じゃなくてふゅーま,fire_wind,MZR,60,4260,2556,0,2ターンの間、自身の属性を火属性に変更する,adaptive,30,0.3833,0.2095,0.7333,1,1,0.1013,0.8493,0.1383,0.4333,0.4333,0.7624,0.003315
997,1019,1002,1368,em-f8e6761b2883,青龍,water,ZR,36,1704,6816,3,2ターンの間、火属性の敵に対する自身の攻撃力を300%増加させる,counteraction,4,0.625,0.1559,0,0,1,0.28,0.9,0.3384,0,0,0.8805,0.000183
998,1020,1003,599,em-fcf6ec919e80,ｱﾙﾊﾟ力のお兄(父)さん,water_wind,N,10,763,2205,3,味方全員のHPを40%回復する,advantage_creation,4,0.625,0.1559,0.5,0,1,0.24,0.89,0.303,0,0,0.9872,0.000205
999,1021,1004,796,em-f05bf139bdc3,荒野のシンプソン,fire,R,10,500,500,7,死亡している味方全員を40%のHPで蘇らせる,advantage_creation,4,0.625,0.1559,0,0,1,0.23,0.88,0.2933,0,0,0.9786,0.000203
1000,1022,1005,797,em-24d2ab142253,アグスティンさん,all,R,12,2869,1359,5,1ターンの間、味方全員の攻撃が5回連続攻撃になる,counteraction,4,0.625,0.1559,0,0,1,0.23,0.94,0.2933,0,0,0.9786,0.000203
1001,1023,1006,1561,em-d77542ffe604,?????,fire_wind,MZR,42,6475,3067,2,1ターンの間、自身の攻撃力を500%増加させる,counteraction,4,0.625,0.1559,0.25,0,1,0.23,0.93,0.2933,0,0,0.7615,0.000158
1002,1024,1007,799,em-71b88b3e60d7,迷菓ぴよ子,fire,R,4,346,356,5,1ターンの間、火属性の味方全員の攻撃力を50%増加させる,counteraction,4,0.625,0.1559,0,0,1,0.22,0.87,0.2835,0,0,0.9785,0.000203
1003,1025,1008,600,em-26ea85de7340,のり男先輩,water,N,7,534,446,3,2ターンの間、火属性の攻撃を自身に集中させる(70%カット),advantage_creation,4,0.625,0.1559,0,0,1,0.22,0.88,0.2835,0,0,0.9871,0.000205
1004,1026,1009,1139,em-53cfa10130db,みさきちゃん,water,CR,10,800,1000,5,1ターンの間、水属性の味方全員の攻撃が2回連続攻撃になる,counteraction,4,0.625,0.1559,0,0,1,0.22,0.89,0.2835,0,0,0.9513,0.000198
1005,1027,1010,601,em-b83d457ef580,王国民ゴロウ,water,N,5,390,390,2,1ターンの間、風属性の敵に対する味方全員の攻撃力を90%増加させる,counteraction,4,0.625,0.1559,0,0,1,0.22,0.89,0.2835,0,0,0.9871,0.000205
1006,1028,1011,1369,em-3488d6542112,クロゴキ,water,ZR,65,6134,2113,2,4ターンの間、自身の攻撃が2回連続攻撃になる,counteraction,4,0.625,0.1559,0,0,1,0.22,0.88,0.2835,0,0,0.8795,0.000183
1007,1029,1012,1140,em-4b386c59ef08,キマシ塔の温泉娘,fire_water,CR,20,1245,2781,5,2ターンの間、風属性の味方全員の攻撃力を314%増加させる,counteraction,4,0.625,0.1559,0,0,1,0.22,0.96,0.2831,0,0,0.9511,0.000198
1008,1030,1013,602,em-2f3883a74098,jaック・ザ・ナイト,fire_wind,N,10,1408,1267,4,2ターンの間、自身の攻撃が3回連続攻撃になる,counteraction,4,0.625,0.1559,0,0,1,0.22,0.9,0.2819,0,0,0.987,0.000205
1009,1031,1014,801,em-f9ed70b034c7,チロ江さん,fire_wind,R,16,3020,1510,6,2ターンの間、火属性の味方全員の攻撃が6回連続攻撃になる,counteraction,4,0.625,0.1559,0,0,1,0.21,0.94,0.2733,0,0,0.9784,0.000203
1010,1032,1015,1141,em-6acd0e20d832,たこむすめ,fire,CR,39,1363,4089,5,火属性の味方全員のHPを170%回復する,advantage_creation,4,0.625,0.1559,0,0,1,0.21,0.96,0.2733,0,0,0.951,0.000198
1011,1033,1016,803,em-af3decda6522,式部卿鮒麿,water,R,8,640,565,5,味方全員のHPを70%回復する,advantage_creation,4,0.625,0.1559,0,0,1,0.21,0.89,0.2733,0,0,0.9783,0.000203
1012,1034,1017,805,em-0add6b5a96ff,朦朧ボディマンα,water,R,9,300,1000,10,1ターンの間、味方全員の攻撃が3回連続攻撃になる,counteraction,4,0.625,0.1559,0,0,1,0.21,0.88,0.2733,0,0,0.9783,0.000203
1013,50,1018,168,em-edb254f0a679,カナちゃんのなごみ,fire_wind,MZR,41,5453,3408,2,水属性の味方全員のHPを120%回復する,advantage_creation,4,0.625,0.1559,0.25,0,1,0.22,0.9,0.2731,1.25,0,0.7591,0.001208
1014,1035,1019,605,em-c879fe74178e,唸る！叡智通,fire,N,5,370,410,4,1ターンの間、火属性の味方全員の攻撃力を80%増加させる,counteraction,4,0.625,0.1559,0,0,1,0.21,0.89,0.2725,0,0,0.9869,0.000205
1015,1036,1020,606,em-b820799215bb,ベレンだガマ,water,N,15,1,2145,0,1ターンの間、味方全員にダメージを13%軽減するシールドを与える,advantage_creation,4,0.625,0.1559,1,1,1,0.21,0.93,0.2725,0,0,0.9869,0.000205
1016,1037,1021,808,em-b3d6d1b7e1a8,たたらん,fire,R,6,500,300,5,1ターンの間、味方全員の攻撃力を30%増加させる,counteraction,4,0.625,0.1559,0,0,1,0.2,0.88,0.2627,0,0,0.9782,0.000203
1017,1038,1022,1371,em-75c1af17d152,浴衣美人な日女路嬢,water,ZR,38,5623,3748,3,風属性の味方全員のHPを180%回復する,advantage_creation,4,0.625,0.1559,0,0,1,0.2,0.99,0.2614,0,0,0.8782,0.000183
1018,1039,1023,1142,em-95a008b67c52,権現くまのたん,fire,CR,22,1030,4234,2,1ターンの間、自身の攻撃力を200%増加させる,counteraction,4,0.625,0.1559,0,0,1,0.2,0.97,0.2614,0,0,0.9506,0.000198
1019,1040,1024,1562,em-9ec6297ea6ca,バスてとにゃん,fire_wind,MZR,38,4260,4771,3,2ターンの間、水属性の味方全員の攻撃力を250%増加させる,counteraction,4,0.625,0.1559,0,0,1,0.19,0.99,0.2516,0,0,0.7579,0.000158
1020,1041,1025,607,em-0063b3d17f76,玄武むりょく,all,N,4,165,165,6,2ターンの間、味方全員にダメージを30%軽減するシールドを与える,advantage_creation,4,0.625,0.1559,0,0,1,0.19,0.89,0.2516,0,0,0.9868,0.000205
1021,1042,1026,810,em-9da039c08ead,キャミー先生,water,R,6,500,600,4,水属性の味方全員のHPを20%回復する,advantage_creation,4,0.625,0.1559,0,0,1,0.19,0.98,0.2498,0,0,0.978,0.000203
1022,1043,1027,811,em-bf58cd7d185a,ホーク元船長,water,R,12,700,1100,1,1ターンの間、火属性の攻撃を自身に集中させる。(70%カット),advantage_creation,4,0.625,0.1559,0.75,0,1,0.19,0.88,0.2498,0,0,0.978,0.000203
1023,1044,1028,609,em-a37b305548ef,なっとくんさん,fire,N,5,400,400,2,リーダーのスキルカウントを1減少させる,ignored,4,0.625,0.1559,0,0,1,0.19,0.89,0.2498,0,0,0.9868,0.000205
1024,1045,1029,814,em-7ada5b98126c,サイガーブルー,fire,R,8,250,950,5,1ターンの間、自身の攻撃が3回連続攻撃になる,counteraction,4,0.625,0.1559,0,0,1,0.19,0.89,0.2498,0,0,0.978,0.000203
1025,1046,1030,815,em-d86fc6931627,ふくしメイト・じゅん,fire_wind,R,19,1812,1661,3,味方全員のスキルカウントを1減少させる,ignored,4,0.625,0.1559,0,0,1,0.19,0.9,0.2498,0,0,0.9779,0.000203
1026,1047,1031,1372,em-57768559e8b8,旋律！タコ幼女,fire,ZR,39,1533,4601,5,火属性の味方全員のHPを180%回復する,advantage_creation,4,0.625,0.1559,0,0,1,0.19,0.98,0.2498,0,0,0.8772,0.000182
1027,1048,1032,818,em-667d96cceb87,さんとくん,fire,R,6,1000,200,5,水属性の敵全員の攻撃カウントを1増加させる,ignored,4,0.625,0.1559,0,0,1,0.19,0.94,0.2471,0,0,0.9779,0.000203
1028,1049,1033,610,em-ce589bb8d6d8,鳴子さん,fire,N,5,400,400,7,1ターンの間、火属性の味方全員の攻撃が全体攻撃になる,counteraction,4,0.625,0.1559,0,0,1,0.19,0.88,0.2471,0,0,0.9867,0.000205
1029,35,1034,108,em-47063c22130f,わんこースそば,fire,N,4,300,400,3,味方全員のHPを20%回復する,advantage_creation,4,0.625,0.1559,0,0,1,0.18,0.88,0.2401,1.5,0,0.9867,0.002302
1030,1050,1035,611,em-cf71633a3be4,真・やよいチゥりっぷ,fire,N,12,1500,300,3,1ターンの間、味方全員の属性を水属性に変更する,adaptive,4,0.625,0.1559,0,0,1,0.18,0.94,0.2401,0,0,0.9867,0.000205
1031,1051,1036,1373,em-e0dcffe4d5d0,大魔神！せいタン降臨,fire,ZR,44,2044,6305,4,3ターンの間、火属性の味方全員の攻撃力を80%増加させる,counteraction,4,0.625,0.1559,0,0,1,0.18,0.89,0.2401,0,0,0.8767,0.000182
1032,1052,1037,1563,em-2f0a120135a2,神降ろし！宮子様,fire,MZR,24,3578,3152,0,味方全員のHPを25%回復する,advantage_creation,4,0.625,0.1559,1,1,1,0.18,0.99,0.2401,0,0,0.7553,0.000157
1033,1053,1038,821,em-4afb3d011e67,得琉田浜蔵,water,R,12,2696,1992,3,2ターンの間、味方全員の属性を水属性に変更する,adaptive,4,0.625,0.1559,0,0,1,0.18,0.88,0.2401,0,0,0.9777,0.000203
1034,1054,1039,1564,em-845ebf2f059a,うどんの女神,fire,MZR,39,4771,2385,2,2ターンの間、自身の攻撃が4回連続攻撃になる,counteraction,4,0.625,0.1559,0,0,1,0.18,0.9,0.2401,0,0,0.7549,0.000157
1035,1055,1040,1143,em-40c34074cbb0,おかいこさま,water,CR,17,2756,2511,4,2ターンの間、味方全員の属性を風属性に変更する,adaptive,4,0.625,0.1559,0,0,1,0.18,0.89,0.2401,0,0,0.9498,0.000197
1036,1056,1041,1374,em-7e9ffb70cffa,企業だ浅ちゃん！,fire,ZR,32,1192,7327,4,2ターンの間、自身の攻撃力を400%増加させる,counteraction,4,0.625,0.1559,0,0,1,0.18,0.9,0.2401,0,0,0.8761,0.000182
1037,1057,1042,612,em-4c2a43ecd770,ナンマトル君,all,N,14,2115,2115,2,水属性の味方全員のスキルカウントを1減少させる,ignored,4,0.625,0.1559,0,0,1,0.18,0.89,0.2401,0,0,0.9866,0.000205
1038,1058,1043,1375,em-8765daafca7a,トマティーナ中佐,fire_water,ZR,40,3748,2130,2,2ターンの間、自身の攻撃が3回連続攻撃になる,counteraction,4,0.625,0.1559,0,0,1,0.18,0.98,0.2401,0,0,0.8759,0.000182
1039,93,1044,260,em-aa92178d2205,糸巻万太朗,fire,MZR,40,5623,4260,2,1ターンの間、味方全員の属性を水属性に変更する,adaptive,4,0.625,0.1559,0.25,0,1,0.18,0.9,0.2377,0.25,0,0.7539,0.000462
1040,1059,1045,615,em-0f4d66009260,叡智通,fire,N,4,280,332,4,1ターンの間、火属性の味方全員の攻撃力を40%増加させる,counteraction,4,0.625,0.1559,0,0,1,0.18,0.89,0.2377,0,0,0.9865,0.000205
1041,1060,1046,616,em-199bdad6398b,なるティス,water,N,12,1000,900,3,1ターンの間、水属性の味方全員の攻撃力を70%増加させる,counteraction,4,0.625,0.1559,0,0,1,0.18,0.89,0.2377,0,0,0.9865,0.000205
1042,1061,1047,617,em-24ccb3f9affa,むりょく,all,N,5,159,144,5,1ターンの間、攻撃を自身に集中させる(80%カット),advantage_creation,4,0.625,0.1559,0,0,1,0.17,0.9,0.2299,0,0,0.9865,0.000205
1043,94,1048,237,em-fb5bfa8a3429,ひろしマン,fire,N,4,300,300,3,火属性の味方全員のHPを30%回復する,advantage_creation,4,0.625,0.1559,0,0,1,0.17,0.89,0.228,0.25,0,0.9865,0.000593
1044,1062,1049,826,em-13467c934268,五神合体法隆Ｇ,fire,R,15,1050,550,6,3ターンの間、攻撃を自身に集中させる(70%カット),advantage_creation,4,0.625,0.1559,0,0,1,0.17,0.9,0.228,0,0,0.9774,0.000203
1045,1063,1050,1145,em-e63df2359896,世界遺産な白鷺嬢,water,CR,15,2100,600,3,自身のHPを50%回復する,advantage_creation,4,0.625,0.1559,0,0,1,0.17,0.89,0.228,0,0,0.9493,0.000197
1046,1064,1051,619,em-e9a4c94598fc,深海人ゴロウ,water,N,6,500,480,2,1ターンの間、風属性の敵に対する味方全員の攻撃力を100%増加させる,counteraction,4,0.625,0.1559,0,0,1,0.17,0.89,0.228,0,0,0.9864,0.000205
1047,1065,1052,620,em-b34467071fa2,蓮三郎,fire,N,6,500,450,3,風属性の味方全員のスキルカウントを1減少させる,ignored,4,0.625,0.1559,0,0,1,0.17,0.9,0.228,0,0,0.9864,0.000205
1048,1066,1053,621,em-40b14b1190a7,芳一先生,fire,N,6,600,700,5,死亡している火属性の味方全員を15%のHPで蘇らせる,advantage_creation,4,0.625,0.1559,0,0,1,0.17,0.88,0.228,0,0,0.9864,0.000205
1049,1067,1054,622,em-8d2b5bd68a94,ズースさんとシーラさん,water,N,6,800,600,4,3ターンの間、水属性の敵に対する味方全員の攻撃力を70%増加させる,counteraction,4,0.625,0.1559,0,0,1,0.17,0.89,0.228,0,0,0.9864,0.000205
1050,1068,1055,1146,em-eeba5b4dcba6,カニパンだっ！,fire_wind,CR,23,2737,2415,2,1ターンの間、攻撃を自身に集中させる(60%カット),advantage_creation,4,0.625,0.1559,0,0,1,0.17,0.9,0.228,0,0,0.9491,0.000197
1051,1069,1056,1565,em-c5e484c5d286,マウント取瑠代,fire_wind,MZR,31,6076,1850,3,死亡している水属性の味方全員を29%のHPで蘇らせる,advantage_creation,4,0.625,0.1559,0.25,0,1,0.17,0.9,0.228,0,0,0.7515,0.000156
1052,1070,1057,1147,em-504b87d4019a,ニタリくん,fire,CR,16,817,1533,3,1ターンの間、味方全員の攻撃が2回連続攻撃になる,counteraction,4,0.625,0.1559,0,0,1,0.17,0.89,0.228,0,0,0.949,0.000197
1053,1071,1058,1378,em-e4561d587562,幼心のデメ子さん,water,ZR,25,3178,4089,1,1ターンの間、自身の属性を全属性(3色混合)に変更する,adaptive,4,0.625,0.1559,0.25,0,1,0.17,0.89,0.228,0,0,0.8741,0.000182
1054,1072,1059,1379,em-490ce6c4d005,ア、ショーカ大王,water_wind,ZR,45,3067,4601,3,3ターンの間、自身の攻撃が3回連続攻撃になる,counteraction,4,0.625,0.1559,0,0,1,0.17,0.89,0.228,0,0,0.874,0.000182
1055,1073,1060,1148,em-13a4725c1c03,砂のんべぇ,fire,CR,20,3220,1288,1,1ターンの間、自身の攻撃が3回連続攻撃になる,counteraction,4,0.625,0.1559,0,0,1,0.17,0.89,0.228,0,0,0.9488,0.000197
1056,1074,1061,623,em-11e2e69b2674,フクさん,water,N,5,400,500,3,1ターンの間、味方全員の属性を火属性に変更する,adaptive,4,0.625,0.1559,0,0,1,0.17,0.88,0.228,0,0,0.9863,0.000205
1057,1075,1062,829,em-fbb333645878,戸隠ちび大助,water,R,14,226,2193,2,1ターンの間、火属性の敵に対する自身の攻撃力を400%増加させる,counteraction,4,0.625,0.1559,0,0,1,0.17,0.87,0.228,0,0,0.9771,0.000203
1058,1076,1063,830,em-3e7f24f8564c,かずらさん,fire,R,6,450,650,2,1ターンの間、攻撃をリーダーに集中させる(20%カット),advantage_creation,4,0.625,0.1559,0,0,1,0.17,0.88,0.228,0,0,0.977,0.000203
1059,1077,1064,1149,em-7c7befcdeb38,メル子大先生,water,CR,16,1773,1934,2,1ターンの間、風属性の味方全員の攻撃力を150%増加させる,counteraction,4,0.625,0.1559,0,0,1,0.17,0.88,0.228,0,0,0.9486,0.000197
1060,1078,1065,1380,em-9eb7fd81d237,ユウ・レーカさん,water,ZR,20,2044,2556,4,死亡している水属性の味方全員を1%のHPで蘇らせる,advantage_creation,4,0.625,0.1559,0,0,1,0.17,0.89,0.228,0,0,0.8733,0.000182
1061,1079,1066,1150,em-18cdc04bd0d0,ｼﾞｬｯｸｵｰ・ランちゃん,fire,CR,20,1022,3578,5,1ターンの間、火属性の攻撃をリーダーに集中させる(90%カット),advantage_creation,4,0.625,0.1559,0,0,1,0.17,0.96,0.228,0,0,0.9485,0.000197
1062,1080,1067,345,em-361f82120d03,オイボくん,fire_wind,MZR,40,6645,2556,2,4ターンの間、自身の攻撃力を95%増加させる,counteraction,4,0.625,0.1559,0.25,0,1,0.17,0.96,0.225,0,0,0.7493,0.000251
1063,1081,1068,1381,em-7f18b9c64c74,家族贖罪という字面,water,ZR,40,5964,1704,3,5ターンの間、味方全員に火属性の敵からのダメージを45%軽減するシールドを与える,advantage_creation,4,0.625,0.1559,0,0,1,0.16,0.89,0.2193,0,0,0.873,0.000181
1064,1082,1069,1566,em-98053d851e29,炎上魔女ベファーナ,fire,MZR,59,2088,3748,2,死亡しているリーダーを130%のHPで蘇らせる,advantage_creation,4,0.625,0.1559,0,0,1,0.16,0.93,0.2193,0,0,0.7489,0.000156
1065,1083,1070,625,em-1d111df2ae70,ヤックです,fire_wind,N,5,300,400,7,1ターンの間、自身の攻撃が3回連続攻撃になる,counteraction,4,0.625,0.1559,0,0,1,0.18,0.89,0.2186,0,0,0.9861,0.000205
1066,1084,1071,1567,em-78804a795640,ズンビージョンきゅん,water,MZR,39,1448,4771,6,死亡している水属性の味方全員を170%のHPで蘇らせる,advantage_creation,4,0.625,0.1559,0,0,1,0.16,0.89,0.2178,0,0,0.7485,0.000156
1067,1085,1072,626,em-fbc61d7306d8,ネ申・ぎょざる,fire,N,11,1198,1204,6,2ターンの間、火属性の味方全員の攻撃が全体攻撃になる,counteraction,4,0.625,0.1559,0,0,1,0.16,0.9,0.2178,0,0,0.9861,0.000205
1068,1086,1073,1151,em-595b1ebc9a59,戦え！ブルりん,fire,CR,16,1400,1600,4,1ターンの間、味方全員に水属性の敵からのダメージを50%軽減するシールドを与える,advantage_creation,4,0.625,0.1559,0,0,1,0.16,0.95,0.2153,0,0,0.9482,0.000197
1069,1087,1074,1383,em-9ffce070b31f,レモなんとかさん,fire,ZR,40,5793,2215,3,死亡している風属性の味方全員を50%のHPで蘇らせる,advantage_creation,4,0.625,0.1559,0.25,0,1,0.16,0.9,0.2153,0,0,0.8723,0.000181
1070,1088,1075,1152,em-4f3eddbe87bf,キルワくん,water,CR,17,2141,3226,1,1ターンの間、風属性の敵に対する自身の攻撃力を300%増加させる,counteraction,4,0.625,0.1559,1,0,1,0.16,0.89,0.2153,0,0,0.9481,0.000197
1071,1089,1076,629,em-609b9d122d32,ネオむりょく,all,N,6,168,149,6,1ターンの間、攻撃を自身に集中させる(90%カット),advantage_creation,4,0.625,0.1559,0,0,1,0.16,0.88,0.2153,0,0,0.986,0.000205
1072,1090,1077,836,em-6ed81c8341b0,萌やし紳士,water,R,8,308,898,4,1ターンの間、自身の攻撃力を300%増加させる,counteraction,4,0.625,0.1559,0,0,1,0.16,0.89,0.2153,0,0,0.9767,0.000203
1073,1091,1078,1153,em-c69e39cf7701,伏ちゃん,water,CR,12,1597,516,5,2ターンの間、攻撃を自身に集中させる(60%カット),advantage_creation,4,0.625,0.1559,0,0,1,0.16,0.88,0.2153,0,0,0.9479,0.000197
1074,1092,1079,1568,em-35dfd8c60675,はぎみタンさん,fire_wind,MZR,55,4430,4771,4,3ターンの間、自身の攻撃が全体攻撃になる,counteraction,4,0.625,0.1559,0,0,1,0.16,0.97,0.2118,0,0,0.7468,0.000155
1075,1093,1080,1385,em-28a4ccf4cbfc,ステンバーイちび蔵,fire_water,ZR,24,596,3748,4,死亡している水属性の味方全員を30%のHPで蘇らせる,advantage_creation,4,0.625,0.1559,0,0,1,0.16,0.89,0.2118,0,0,0.8716,0.000181
1076,1094,1081,631,em-511e9ea676be,Woo怪さま,water,N,10,700,1100,5,1ターンの間、自身の攻撃が3回連続攻撃になる,counteraction,4,0.625,0.1559,0,0,1,0.15,0.89,0.2082,0,0,0.9859,0.000205
1077,1095,1082,1386,em-6fd11d4d3308,超天狗くまのたん,fire,ZR,35,1704,7497,3,1ターンの間、自身の攻撃力を300%増加させる,counteraction,4,0.625,0.1559,0,0,1,0.15,0.89,0.2082,0,0,0.8714,0.000181
1078,1096,1083,839,em-38a5d43fe466,畳リーゼント先輩,fire,R,8,393,812,4,1ターンの間、リーダーの攻撃力を100%増加させる,counteraction,4,0.625,0.1559,0,0,1,0.15,0.89,0.2082,0,0,0.9765,0.000203
1079,1097,1084,634,em-41ff91d7d090,有馬スター,fire,N,9,1159,1244,4,火属性の味方全員のHPを80%回復する,advantage_creation,4,0.625,0.1559,0,0,1,0.15,0.89,0.2082,0,0,0.9859,0.000205
1080,1098,1085,840,em-a5c7dcdde3ff,水島神人発見される,water,R,10,900,400,4,1ターンの間、攻撃を自身に集中させる(70%カット),advantage_creation,4,0.625,0.1559,0,0,1,0.15,0.88,0.2082,0,0,0.9764,0.000203
1081,1099,1086,1154,em-bf54cef3c3e9,タツノコくん,fire,CR,12,1058,1362,5,2ターンの間、味方全員にダメージを70%軽減するシールドを与える,advantage_creation,4,0.625,0.1559,0,0,1,0.15,0.94,0.2072,0,0,0.9475,0.000197
1082,1100,1087,635,em-ddba9f91bab7,注入！とちぎソウル,water,N,6,280,700,5,1ターンの間、自身の攻撃力を300%増加させる,counteraction,4,0.625,0.1559,0,0,1,0.15,0.88,0.202,0,0,0.9858,0.000205
1083,1101,1088,636,em-0697e2f112ca,ケンＺＯ１号,fire,N,4,102,510,5,3ターンの間、自身の攻撃力を70%増加させる,counteraction,4,0.625,0.1559,0,0,1,0.15,0.89,0.202,0,0,0.9858,0.000205
1084,1102,1089,1156,em-eb9cb098a2c1,加留多ヘナ造,water,CR,18,2898,2737,2,1ターンの間、味方全員に火属性の敵からのダメージを70%軽減するシールドを与える,advantage_creation,4,0.625,0.1559,0,0,1,0.15,0.9,0.202,0,0,0.9474,0.000197
1085,1103,1090,637,em-39adadcf380b,朱雀けいび,fire,N,5,305,335,6,死亡している火属性の味方全員を5%のHPで蘇らせる,advantage_creation,4,0.625,0.1559,0,0,1,0.15,0.88,0.202,0,0,0.9858,0.000205
1086,1104,1091,638,em-039828fc85d9,ひろしマン・改,fire,N,6,400,400,3,火属性の味方全員のHPを30%回復する,advantage_creation,4,0.625,0.1559,0,0,1,0.15,0.89,0.202,0,0,0.9858,0.000205
1087,1105,1092,1569,em-15545bc62fe7,幽霊烏賊図,water,MZR,60,3408,4260,3,死亡している水属性の味方全員を1%のHPで蘇らせる,advantage_creation,4,0.625,0.1559,0,0,1,0.15,0.89,0.202,0,0,0.7442,0.000155
1088,1106,1093,639,em-4052b050ef42,白虎けいび,fire,N,4,295,300,5,1ターンの間、火属性の敵に対する自身の攻撃力を200%増加させる,counteraction,4,0.625,0.1559,0,0,1,0.15,0.88,0.1978,0,0,0.9857,0.000205
1089,1107,1094,1157,em-67aa8e3ee215,川越料理長,fire,CR,17,1175,3655,4,1ターンの間、風属性の敵に対する味方全員の攻撃力を250%増加させる,counteraction,4,0.625,0.1559,0,0,1,0.15,0.95,0.1978,0,0,0.9471,0.000197
1090,1108,1095,1570,em-49b522eac464,ジェヴォたんは狼？,all,MZR,43,3006,6022,4,3ターンの間、風属性の味方全員の攻撃が2回連続攻撃になる,counteraction,4,0.625,0.1559,0,0,1,0.15,0.89,0.1978,0,0,0.7435,0.000155
1091,1109,1096,1158,em-86b9ae60356a,ブーナッドさま,water,CR,14,2100,400,2,自身のHPを50%回復する,advantage_creation,4,0.625,0.1559,0,0,1,0.14,0.88,0.1961,0,0,0.947,0.000197
1092,1110,1097,1388,em-076ae15080b8,ゾウムシ,fire,ZR,40,7293,2044,7,1ターンの間、火属性の味方全員にダメージを100%軽減するシールドを与える,advantage_creation,4,0.625,0.1559,0,0,1,0.14,0.88,0.1961,0,0,0.8696,0.000181
1093,72,1098,220,em-d72497692e5c,バリ……トゥンク…王,fire_wind,MZR,41,1530,5279,0,1ターンの間、攻撃を自身に集中させる(50%カット),advantage_creation,4,0.625,0.1559,1,1,1,0.14,0.89,0.188,0.75,0,0.7429,0.000703
1094,1111,1099,1159,em-9a3bd85e00a2,よりりん,fire,CR,8,605,615,4,1ターンの間、味方全員の属性を風属性に変更する,adaptive,4,0.625,0.1559,0,0,1,0.14,0.88,0.188,0,0,0.9469,0.000197
1095,1112,1100,846,em-900c465878ea,たたらん先生,fire,R,12,800,600,3,1ターンの間、味方全員の攻撃力を30%増加させる,counteraction,4,0.625,0.1559,0,0,1,0.14,0.89,0.188,0,0,0.976,0.000203
1096,1113,1101,1571,em-0dca19ae5992,降臨！天草トッキー,water,MZR,43,4260,5964,4,2ターンの間、水属性の味方全員の攻撃力を130%増加させる,counteraction,4,0.625,0.1559,0,0,1,0.14,0.88,0.188,0,0,0.7423,0.000154
1097,1114,1102,1390,em-814151a5ca65,登別ッキー,water,ZR,35,2556,6134,2,水属性の味方全員のスキルカウントを1減少させる,ignored,4,0.625,0.1559,0,0,1,0.14,0.89,0.188,0,0,0.869,0.000181
1098,1115,1103,1572,em-371b0bc06848,やっとの神,water_wind,MZR,50,2933,2919,3,2ターンの間、自身の攻撃が8回連続攻撃になる,counteraction,4,0.625,0.1559,0,0,1,0.14,0.9,0.188,0,0,0.7419,0.000154
1099,1116,1104,1160,em-900d96f0b1d7,修験くまのたん,fire,CR,12,400,1200,3,1ターンの間、自身の攻撃力を200%増加させる,counteraction,4,0.625,0.1559,0,0,1,0.14,0.88,0.188,0,0,0.9466,0.000197
1100,1117,1105,849,em-9467ad3af2e0,大杵社のユッフィー,water,R,19,1699,1699,5,2ターンの間、水属性の味方全員の攻撃力を200%増加させる,counteraction,4,0.625,0.1559,0,0,1,0.14,0.89,0.188,0,0,0.9759,0.000203
1101,1118,1106,643,em-b09ebd864da6,みずがめəろまちゃん,water,N,14,1057,1198,4,死亡している水属性の味方全員を20%のHPで蘇らせる,advantage_creation,4,0.625,0.1559,0,0,1,0.14,0.88,0.188,0,0,0.9855,0.000205
1102,1119,1107,1161,em-ab3cf42ca015,銘菓ぴよ子零式,fire,CR,15,1155,1255,3,1ターンの間、自身の攻撃が3回連続攻撃になる,counteraction,4,0.625,0.1559,0,0,1,0.13,0.95,0.1845,0,0,0.9465,0.000197
1103,1120,1108,851,em-b34fc14eb133,ピカリャーは眠らない,fire,R,10,800,1000,5,1ターンの間、自身の攻撃が3回連続攻撃になる,counteraction,4,0.625,0.1559,0,0,1,0.13,0.9,0.1845,0,0,0.9758,0.000203
1104,1121,1109,1391,em-59fa5fa098ba,繭神！おかいこさま,water,ZR,32,5027,1704,3,1ターンの間、味方全員の属性を風属性に変更する,adaptive,4,0.625,0.1559,0,0,1,0.13,0.89,0.1845,0,0,0.8682,0.00018
1105,1122,1110,644,em-f7484444c08c,じとっ子君,fire,N,5,285,495,5,2ターンの間、風属性の敵に対する自身の攻撃力を200%増加させる,counteraction,4,0.625,0.1559,0,0,1,0.13,0.89,0.1845,0,0,0.9854,0.000205
1106,1123,1111,645,em-4090b70a0b17,さくらこちゃん,water,N,4,495,215,4,1ターンの間、風属性の攻撃を自身に集中させる(50%カット),advantage_creation,4,0.625,0.1559,0,0,1,0.14,0.87,0.1832,0,0,0.9854,0.000205
1107,1124,1112,854,em-69fe49e9031d,かずら姉さん,fire,R,11,650,700,2,1ターンの間、攻撃をリーダーに集中させる(50%カット),advantage_creation,4,0.625,0.1559,0.25,0,1,0.14,0.89,0.1832,0,0,0.9757,0.000203
1108,1125,1113,1392,em-dff6ba115611,トゥーさん,fire,ZR,44,3067,3067,3,死亡している風属性の味方全員を40%のHPで蘇らせる,advantage_creation,4,0.625,0.1559,0,0,1,0.14,0.98,0.1832,0,0,0.8677,0.00018
1109,1126,1114,1393,em-90c9b7a939a7,九十九里流,water,ZR,37,2982,5112,4,1ターンの間、自身の攻撃力を999%増加させる,counteraction,4,0.625,0.1559,0,0,1,0.14,0.89,0.1832,0,0,0.8676,0.00018
1110,1127,1115,366,em-5d063141c6e0,ブルーフェイス姐さん,water_wind,MZR,33,3919,4260,0,2ターンの間、自身の属性を水属性に変更する,adaptive,4,0.625,0.1559,1,1,1,0.14,0.89,0.1832,0,0,0.7394,0.000226
1111,1128,1116,1163,em-83b1d87342f9,コン美なん吉先生,water,CR,20,882,3381,4,死亡している味方全員を1%のHPで蘇らせる,advantage_creation,4,0.625,0.1559,0,0,1,0.14,0.89,0.1832,0,0,0.946,0.000197
1112,1129,1117,856,em-90f39743f105,伝説の牛タソ,water,R,19,2269,302,3,2ターンの間、攻撃を自身に集中させる(60%カット),advantage_creation,4,0.625,0.1559,0,0,1,0.14,0.87,0.1832,0,0,0.9755,0.000203
1113,1130,1118,857,em-8d320a6b7512,いびるん,all,R,6,500,600,5,3ターンの間、攻撃をリーダーに集中させる(5%カット),advantage_creation,4,0.625,0.1559,0,0,1,0.13,0.89,0.1812,0,0,0.9755,0.000203
1114,95,1119,239,em-05688a606392,芳一くん,fire,N,3,300,400,7,死亡している火属性の味方全員を5%のHPで蘇らせる,advantage_creation,4,0.625,0.1559,0,0,1,0.14,0.87,0.1771,0.25,0,0.9853,0.000582
1115,96,1120,273,em-06ed1eae98fc,ソンな福ちゃん,water,MZR,31,3377,3377,1,1ターンの間、味方全員の属性を火属性に変更する,adaptive,4,0.625,0.1559,0.25,0,1,0.14,0.89,0.1771,0.25,0,0.7383,0.000428
1116,79,1121,236,em-7688ea925e5e,瑠璃ノ宮,water,MZR,27,3408,2726,1,1ターンの間、水属性の味方全員に水属性の敵からのダメージを40%軽減するシールドを与える,advantage_creation,4,0.625,0.1559,1,0,1,0.13,0.89,0.1734,0.5,0,0.7381,0.0006
1117,97,1122,198,em-f9fcb91b983d,アエネウスと弟くん,fire_water,MZR,60,4175,4175,0,2ターンの間、味方全員に火属性の敵からのダメージを15%軽減するシールドを与える,advantage_creation,4,0.625,0.1559,1,1,1,0.13,0.9,0.1734,0.25,0,0.7379,0.000822
1118,1131,1123,860,em-a48bcdd76e03,サーファー岡田,water,R,15,419,1298,4,1ターンの間、水属性の味方全員の攻撃力を60%増加させる,counteraction,4,0.625,0.1559,0,0,1,0.13,0.88,0.1734,0,0,0.9754,0.000203
1119,1132,1124,646,em-82f2d0dfc734,マジでたっくん,fire,N,6,295,885,5,1ターンの間、自身の攻撃力を200%増加させる,counteraction,4,0.625,0.1559,0,0,1,0.13,0.88,0.1734,0,0,0.9852,0.000205
1120,1133,1125,861,em-2f5dd4b0a739,大内先輩,water,R,9,800,800,4,水属性の味方全員のHPを50%回復する,advantage_creation,4,0.625,0.1559,0,0,1,0.13,0.87,0.1734,0,0,0.9753,0.000203
1121,1134,1126,862,em-c33cc8cd4298,ほたるんるんるん,water,R,12,1100,1600,2,1ターンの間、自身の属性を風属性に変更する,adaptive,4,0.625,0.1559,0,0,1,0.13,0.89,0.1734,0,0,0.9753,0.000203
1122,1135,1127,305,em-e6cd26662fe8,クイーン・ク・うぃーん,fire,CR,15,1500,1500,4,2ターンの間、味方全員の属性を火属性に変更する,adaptive,4,0.625,0.1559,0.25,0,1,0.13,0.98,0.1734,0,0,0.9454,0.00032
1123,1136,1128,1397,em-cd5bbd27a3ee,熊とか絶対殺すマン,water,ZR,40,4086,4771,5,敵全員の攻撃カウントを2増加させる,ignored,4,0.625,0.1559,0,0,1,0.13,0.89,0.1734,0,0,0.8659,0.00018
1124,1137,1129,1398,em-469fc4e70bad,エヴァンジェ・凛,water_wind,ZR,48,5091,3428,5,味方全員のHPを200%回復する,advantage_creation,4,0.625,0.1559,0,0,1,0.13,0.99,0.1734,0,0,0.8658,0.00018
1125,1138,1130,1573,em-3f6affd1acff,ハンニバル力(りょく),fire,MZR,58,7497,2385,3,1ターンの間、火属性の味方全員の攻撃が全体攻撃になる,counteraction,4,0.625,0.1559,0,0,1,0.13,0.89,0.1734,0,0,0.7362,0.000153
1126,1139,1131,1574,em-0d449e302187,水神ヨッカブイ先生,water_wind,MZR,54,3714,5418,5,2ターンの間、味方全員にダメージを72%軽減するシールドを与える,advantage_creation,4,0.625,0.1559,0,0,1,0.13,0.89,0.1734,0,0,0.736,0.000153
1127,1140,1132,649,em-30cf649c4daf,けいび,fire,N,5,295,300,5,1ターンの間、火属性の攻撃を自身に集中させる(90%カット),advantage_creation,4,0.625,0.1559,0,0,1,0.13,0.87,0.1734,0,0,0.9851,0.000205
1128,1141,1133,1165,em-e2135a9d657f,ねぶるータスお前もか,fire,CR,18,2173,2656,2,1ターンの間、風属性の敵に対する自身の攻撃力を150%増加させる,counteraction,4,0.625,0.1559,0,0,1,0.13,0.96,0.1734,0,0,0.9451,0.000196
1129,1142,1134,1575,em-3deff3291fd4,有閑カノープス,water_wind,MZR,70,5112,6816,2,1ターンの間、味方全員の属性を全属性に変更する,adaptive,4,0.625,0.1559,0,0,1,0.13,0.9,0.1734,0,0,0.7353,0.000153
1130,1143,1135,865,em-231cdc0f0757,忠犬八太郎,fire,R,14,3775,755,6,敵全員の攻撃カウントを2増加させる,ignored,4,0.625,0.1559,0,0,1,0.12,0.92,0.1724,0,0,0.975,0.000203
1131,1144,1136,1166,em-34a894a8519d,ロロ先輩,fire,CR,16,1100,1400,6,死亡している火属性の味方全員を50%のHPで蘇らせる,advantage_creation,4,0.625,0.1559,0,0,1,0.12,0.88,0.1718,0,0,0.945,0.000196
1132,1145,1137,1399,em-5ca14322a82d,蓮那由太郎,water,ZR,43,4771,3493,5,2ターンの間、味方全員の攻撃力を150%増加させる,counteraction,4,0.625,0.1559,0,0,1,0.13,0.98,0.1677,0,0,0.8648,0.00018
1133,1146,1138,1401,em-314fadaf0ea9,オシラサマ,water,ZR,28,4260,3322,3,味方全員のHPを40%回復する,advantage_creation,4,0.625,0.1559,0,0,1,0.12,0.89,0.1673,0,0,0.8647,0.00018
1134,1147,1139,652,em-09c253fd0a61,オリバーTHEドッグ,fire_wind,N,5,200,500,3,2ターンの間、自身の攻撃力を25%増加させる,counteraction,4,0.625,0.1559,0,0,1,0.11,0.89,0.1597,0,0,0.9849,0.000205
1135,1148,1140,1167,em-c912b76e4dda,妖怪雪愛さま,water,CR,15,950,1350,2,1ターンの間、味方全員の属性を水属性に変更する,adaptive,4,0.625,0.1559,0,0,1,0.11,0.94,0.1586,0,0,0.9448,0.000196
1136,1149,1141,654,em-b54c325797a5,フク先生,water,N,6,600,700,3,1ターンの間、味方全員の属性を火属性に変更する,adaptive,4,0.625,0.1559,0,0,1,0.12,0.88,0.158,0,0,0.9849,0.000205
1137,1150,1142,1576,em-d67f8f409078,芋神よしあき,water,MZR,31,4130,2753,2,1ターンの間、水属性の味方全員の攻撃が2回連続攻撃になる,counteraction,4,0.625,0.1559,0,0,1,0.12,0.89,0.158,0,0,0.7336,0.000153
1138,1151,1143,1402,em-67859050336b,マジ☆マシニッさん,fire_wind,ZR,36,4089,4430,6,3ターンの間、味方全員の攻撃が4回連続攻撃になる,counteraction,4,0.625,0.1559,0,0,1,0.12,0.89,0.158,0,0,0.8641,0.00018
1139,1152,1144,1577,em-e8331e3aec6c,辰の子ぴよ子,all,MZR,70,6898,4089,10,6ターンの間、味方全員の攻撃が10回連続攻撃になる,counteraction,4,0.625,0.1559,0,0,1,0.12,0.89,0.158,0,0,0.7332,0.000152
1140,1153,1145,1578,em-d3aec6288103,カニシカ大先生,fire,MZR,39,6034,1440,5,味方全員のHPを200%回復する,advantage_creation,4,0.625,0.1559,0,0,1,0.11,0.89,0.1562,0,0,0.733,0.000152
1141,1154,1146,869,em-1a6fa57fc44e,朦朧ボディマンβ,water,R,12,400,1500,10,1ターンの間、味方全員の攻撃が4回連続攻撃になる,counteraction,4,0.625,0.1559,0,0,1,0.11,0.92,0.1526,0,0,0.9747,0.000203
1142,1155,1147,870,em-c816189f2294,ブッダがやって来る！,water,R,17,1510,1510,2,火属性の敵全員の攻撃カウントを2増加させる,ignored,4,0.625,0.1559,0,0,1,0.11,0.9,0.1526,0,0,0.9747,0.000203
1143,1156,1148,872,em-d9ea7f0897f2,山ガール！？さなこりん,water_wind,R,15,2567,1225,6,2ターンの間、味方全員の攻撃が3回連続攻撃になる,counteraction,4,0.625,0.1559,0,0,1,0.1,0.93,0.1446,0,0,0.9746,0.000203
1144,1157,1149,873,em-1cb67f0b7d2d,スノーな大谷,water,R,9,1100,200,2,1ターンの間、味方全員に火属性の敵からのダメージを40%軽減するシールドを与える,advantage_creation,4,0.625,0.1559,0,0,1,0.1,0.88,0.1415,0,0,0.9746,0.000203
1145,1158,1150,655,em-f13a3baa139d,伝説のビスカやん！,water_wind,N,9,1893,1241,2,火属性の味方全員のスキルカウントを1減少させる,ignored,4,0.625,0.1559,0,0,1,0.1,0.94,0.1372,0,0,0.9847,0.000205
1146,1159,1151,1579,em-1bcd64d199fb,ケロッとる☆キング,water,MZR,31,1533,5708,2,3ターンの間、自身の属性を風属性に変更する,adaptive,4,0.625,0.1559,0,0,1,0.1,0.9,0.1372,0,0,0.7317,0.000152
1147,1160,1152,1580,em-c2dc184a86c0,爆誕！さくどん,water,MZR,45,3408,4260,9,敵全員の攻撃カウントを6増加させる,ignored,4,0.625,0.1559,0,0,1,0.1,0.89,0.1372,0,0,0.7315,0.000152
1148,1161,1153,656,em-2d076c59c4b7,わんこーラスそば,fire,N,6,600,700,3,味方全員のHPを25%回復する,advantage_creation,4,0.625,0.1559,0,0,1,0.09,0.89,0.13,0,0,0.9847,0.000205
1149,1162,1154,1168,em-0f41288ed104,青玉の供犠ぴよ子,water,CR,6,1609,1609,0,なし,none,4,0.625,0.1559,0,1,1,0.09,0.89,0.13,0,0,0.944,0.000196
1150,1163,1155,875,em-8561e29b5d2e,まんまんちゃん,water,R,12,1524,1682,3,2ターンの間、風属性の敵に対する味方全員の攻撃力を200%増加させる,counteraction,4,0.625,0.1559,0,0,1,0.09,0.89,0.13,0,0,0.9744,0.000203
1151,1164,1156,1169,em-96ed71805a40,白鷺日女路嬢,water,CR,21,4830,1255,3,自身のHPを60%回復する,advantage_creation,4,0.625,0.1559,0,0,1,0.09,0.97,0.13,0,0,0.9439,0.000196
1152,1165,1157,1170,em-05476daa6b31,だんじり鉄砲隊,fire_water,CR,26,805,3599,4,2ターンの間、自身の攻撃力を300%増加させる,counteraction,4,0.625,0.1559,0,0,1,0.09,0.99,0.13,0,0,0.9439,0.000196
1153,1166,1158,1171,em-d46e72def2a2,いつくしーみん,water,CR,8,380,840,2,1ターンの間、風属性の敵に対する自身の攻撃力を100%増加させる,counteraction,4,0.625,0.1559,0,0,1,0.09,0.89,0.1261,0,0,0.9438,0.000196
1154,1167,1159,1172,em-89b0c363f296,川越マン,fire,CR,8,415,798,4,1ターンの間、風属性の敵に対する味方全員の攻撃力を50%増加させる,counteraction,4,0.625,0.1559,0,0,1,0.08,0.88,0.1179,0,0,0.9438,0.000196
1155,1168,1160,657,em-fd2a055eb394,コニー＆ギャリー,water_wind,N,10,500,500,3,1ターンの間、味方全員に水属性の敵からのダメージを40%軽減するシールドを与える。,advantage_creation,4,0.625,0.1559,0,0,1,0.08,0.88,0.1179,0,0,0.9846,0.000205
1156,1169,1161,658,em-fb6292300fc0,妖怪おたべ,water,N,5,525,455,4,風属性の敵全員の攻撃カウントを1増加させる,ignored,4,0.625,0.1559,0,0,1,0.08,0.88,0.1145,0,0,0.9846,0.000205
1157,1170,1162,1173,em-a6927eca01fa,すわ子ちゃん,water,CR,8,500,800,6,1ターンの間、自身の攻撃が3回連続攻撃になる,counteraction,4,0.625,0.1559,0,0,1,0.08,0.88,0.1145,0,0,0.9436,0.000196
1158,1171,1163,659,em-8e8c7fbfac2a,おたべくん,water,N,3,315,287,4,風属性の敵全員の攻撃カウントを1増加させる,ignored,4,0.625,0.1559,0,0,1,0.07,0.88,0.1065,0,0,0.9845,0.000205
1159,1172,1164,1174,em-1cd0c7153e75,みさき先輩,water,CR,18,1400,1600,4,1ターンの間、水属性の味方全員の攻撃が2回連続攻撃になる,counteraction,4,0.625,0.1559,0,0,1,0.07,0.89,0.1024,0,0,0.9435,0.000196
1160,1173,1165,660,em-37ab32b36f96,ハントンさん,fire,N,5,450,650,7,1ターンの間、味方全員の攻撃が2回連続攻撃になる,counteraction,4,0.625,0.1559,0,0,1,0.07,0.89,0.1024,0,0,0.9845,0.000205
1161,1174,1166,661,em-020eecb1db52,草カロ四朗,fire,N,4,296,316,7,味方全員のHPを30%回復する,advantage_creation,4,0.5,0.0999,0,0,1,0.13,0.88,0.1609,0,0,0.9845,0.000205
1162,1175,1167,1175,em-c736bc52077a,漱石先生と吾輩たち,water,CR,15,1610,3461,5,火属性の味方全員のスキルカウントを4減少させる,ignored,4,0.5,0.0999,0,0,1,0.12,0.89,0.1515,0,0,0.9433,0.000196
1163,1176,1168,1176,em-89dedc914b10,ふーちゃん,water,CR,8,1014,413,5,2ターンの間、攻撃を自身に集中させる(50%カット),advantage_creation,4,0.5,0.0999,0,0,1,0.11,0.88,0.1418,0,0,0.9433,0.000196
1164,1177,1169,883,em-461e884c1b94,ひろし多美子,water,R,8,590,615,6,1ターンの間、水属性の味方全員の攻撃力を77%増加させる,counteraction,4,0.5,0.0999,0,0,1,0.11,0.89,0.1418,0,0,0.974,0.000202
1165,1178,1170,1406,em-e36d35de9441,青谷やよい,fire_wind,ZR,42,3578,3374,4,1ターンの間、自身に水属性の敵からのダメージを99%軽減するシールドを与える,advantage_creation,4,0.5,0.0999,0,0,1,0.11,0.9,0.1418,0,0,0.8608,0.000179
1166,1179,1171,886,em-f8a40042a8dc,王家の騎士,water,R,10,650,550,8,2ターンの間、水属性の攻撃を自身に集中させる(60%カット),advantage_creation,4,0.5,0.0999,0,0,1,0.11,0.89,0.1418,0,0,0.974,0.000202
1167,1180,1172,665,em-4bb28e84009d,吉野スライメスト,water,N,13,1809,735,5,2ターンの間、攻撃を自身に集中させる(80%カット),advantage_creation,4,0.5,0.0999,0,0,1,0.11,0.89,0.1418,0,0,0.9844,0.000205
1168,1181,1173,1581,em-c358b6553866,ご機嫌斜めのウィーン様,all,MZR,58,4941,2896,5,3ターンの間、味方全員の攻撃力を150%増加させる,counteraction,4,0.5,0.0999,0,0,1,0.11,0.99,0.1418,0,0,0.7269,0.000151
1169,1182,1174,666,em-4c448c54f095,実底超真幽子さん,water,N,15,1187,1215,5,死亡している水属性の味方全員を100%のHPで蘇らせる,advantage_creation,4,0.5,0.0999,0,0,1,0.07,0.88,0.0983,0,0,0.9843,0.000205
1170,1183,1175,668,em-6df3fac7ad2e,ウナギーヌ社長,fire,N,9,1833,775,2,自身のHPを80%回復する,advantage_creation,4,0.5,0.0999,0,0,1,0.07,0.94,0.0983,0,0,0.9843,0.000205
1171,1184,1176,669,em-6572f5492885,ネオニート,water,N,6,330,306,6,1ターンの間、水属性の攻撃を自身に集中させる(99%カット),advantage_creation,4,0.5,0,0,0,1,0.24,0.87,0.303,0,0,0.9843,0.000205
1172,98,1177,280,em-d7e6501e0b63,ダークるる,water_wind,MZR,60,4771,4771,3,1ターンの間、味方全員に水属性の敵からのダメージを85%軽減するシールドを与える,advantage_creation,4,0.5,0,0.25,0,1,0.24,0.88,0.3026,0.25,0,0.726,0.000406
1173,1185,26,115,em-f2bb13033bf0,鳴子ちゃん,fire,N,3,300,300,8,1ターンの間、火属性の味方全員の攻撃が全体攻撃になる,counteraction,4,0.5,0,0,0,1,0.23,0.88,0.2933,0,0.25,0.9843,0.002208
1174,1186,1178,670,em-0c931777e175,関くん,water,N,4,305,307,4,1ターンの間、攻撃をリーダーに集中させる(60%カット),advantage_creation,4,0.5,0,0,0,1,0.23,0.86,0.2933,0,0,0.9842,0.000205
1175,1187,1179,671,em-79dd6c0e027e,ロックなじとっ子君,fire,N,6,365,585,5,2ターンの間、風属性の敵に対する自身の攻撃力を300%増加させる,counteraction,4,0.5,0,0,0,1,0.23,0.83,0.2933,0,0,0.9842,0.000205
1176,1188,1180,1178,em-646a258bedba,ロロちゃん,fire,CR,8,500,800,8,死亡している火属性の味方全員を40%のHPで蘇らせる,advantage_creation,4,0.5,0,0,0,1,0.23,0.78,0.2933,0,0,0.9426,0.000196
1177,1189,1181,672,em-2a6ad62952da,スホクラント先生,water,N,15,1841,904,3,2ターンの間、味方全員に水属性の敵からのダメージを63%軽減するシールドを与える,advantage_creation,4,0.5,0,0,0,1,0.23,0.84,0.2933,0,0,0.9842,0.000205
1178,1190,1182,232,em-17a8d3f2a8d3,牛迫 角子さん,fire,ZR,31,3282,4260,1,2ターンの間、水属性の敵に対する自身の攻撃力を70%増加させる,counteraction,4,0.5,0,1,0,1,0.23,0.86,0.2933,0,0,0.8591,0.000621
1179,1191,1183,673,em-8dfd3b91ca8d,総統エビユルゲ,water,N,6,1244,1159,1,1ターンの間、自身の属性を火属性に変更する,adaptive,4,0.5,0,0,0,1,0.23,0.88,0.2933,0,0,0.9841,0.000205
1180,1192,1184,1179,em-472362bb4365,超えぇじゃないか,water,CR,12,840,760,6,2ターンの間、自身の攻撃が全体攻撃になる,counteraction,4,0.5,0,0,0,1,0.23,0.83,0.2933,0,0,0.9424,0.000196
1181,1193,1185,1180,em-a71cd0e28586,ねぶるーさん,fire,CR,14,770,830,2,1ターンの間、風属性の敵に対する自身の攻撃力を100%増加させる,counteraction,4,0.5,0,0,0,1,0.23,0.83,0.2933,0,0,0.9423,0.000196
1182,1194,1186,1181,em-04bcad8262b9,現実リオンさん,fire,CR,12,700,1300,4,風属性の敵全員の攻撃カウントを1増加させる,ignored,4,0.5,0,0,0,1,0.23,0.83,0.2933,0,0,0.9423,0.000196
1183,1195,1187,674,em-9dc006cdc69c,解決猫キャット,fire,N,5,200,900,1,自身のHPを90%回復する,advantage_creation,4,0.5,0,0.25,0,1,0.23,0.84,0.2933,0,0,0.9841,0.000205
1184,1196,1188,1582,em-78785b8bf619,企業だ浅ちゃん！,water,MZR,42,1192,7327,4,2ターンの間、自身の攻撃力を400%増加させる,counteraction,4,0.5,0,0,0,1,0.23,0.85,0.2933,0,0,0.7233,0.00015
1185,1197,1189,1182,em-deac9db76555,ヒルズくん,fire,CR,8,408,812,1,1ターンの間、水属性の敵に対する自身の攻撃力を100%増加させる,counteraction,4,0.5,0,0,0,1,0.22,0.81,0.2835,0,0,0.9421,0.000196
1186,1198,1190,891,em-278299c58131,けねず君,water,R,8,603,603,5,1ターンの間、味方全員に風属性の敵からのダメージを30%軽減するシールドを与える,advantage_creation,4,0.5,0,0,0,1,0.22,0.84,0.2835,0,0,0.9734,0.000202
1187,1199,1191,892,em-922ebe667c19,けねず先輩,water,R,12,800,800,4,2ターンの間、味方全員に風属性の敵からのダメージを40%軽減するシールドを与える,advantage_creation,4,0.5,0,0,0,1,0.22,0.87,0.2835,0,0,0.9733,0.000202
1188,1200,1192,893,em-ce7e2e4f30af,らん坊,water,R,8,580,626,4,火属性の味方全員のスキルカウントを1減少させる,ignored,4,0.5,0,0,0,1,0.22,0.81,0.2835,0,0,0.9733,0.000202
1189,1201,1193,894,em-25185336f7f4,しょーかくん,water,R,5,400,500,7,1ターンの間、水属性の味方全員の攻撃が2回連続攻撃になる,counteraction,4,0.5,0,0,0,1,0.22,0.87,0.2835,0,0,0.9733,0.000202
1190,1202,1194,896,em-7db55d8e78d1,やまなしーヌさん,water,R,6,400,500,6,味方全員のスキルカウントを1減少させる,ignored,4,0.5,0,0,0,1,0.22,0.82,0.2835,0,0,0.9732,0.000202
1191,1203,1195,1183,em-85dad7ff7aa2,ディヤの魔人,fire,CR,18,2385,1704,2,火属性の味方全員のHPを70%回復する,advantage_creation,4,0.5,0,0,0,1,0.22,0.86,0.2835,0,0,0.9418,0.000196
1192,1204,1196,1647,em-748c1a866dbc,Hey Yeah 清盛,fire_wind,伝,75,11417,2896,3,1ターンの間、攻撃を自身に集中させる(77%カット),advantage_creation,4,0.5,0,0.25,0,1,0.22,0.83,0.2835,0,0,0.2391,0.00005
1193,1205,1197,676,em-6cbfcc23cd10,発光大王ほたるーニャ,water,N,9,1057,1198,3,1ターンの間、味方全員の属性を風属性に変更する,adaptive,4,0.5,0,0,0,1,0.22,0.85,0.2835,0,0,0.9839,0.000205
1194,1206,1198,897,em-344c7687cce5,アウス大先輩,fire_wind,R,17,1924,1924,2,11ターンの間、味方全員の属性を火属性に変更する,adaptive,4,0.5,0,0,0,1,0.22,0.86,0.2835,0,0,0.9731,0.000202
1195,1207,1199,677,em-5514b5658aa3,ハリウッドナナコ師匠,all,N,5,2503,1093,9,敵全員の攻撃カウントを4増加させる,ignored,4,0.5,0,0,0,1,0.22,0.87,0.2835,0,0,0.9839,0.000205
1196,1208,1200,678,em-f5a7df3892f0,びわ子たん,water,N,4,300,302,5,1ターンの間、味方全員に風属性の敵からのダメージを80%軽減するシールドを与える,advantage_creation,4,0.5,0,0,0,1,0.21,0.87,0.2733,0,0,0.9838,0.000205
1197,1209,1201,900,em-1d5e8b5832c0,続・いぬやマン,water,R,12,400,400,7,1ターンの間、味方全員の攻撃力を150%増加させる,counteraction,4,0.5,0,0,0,1,0.21,0.81,0.2733,0,0,0.973,0.000202
1198,1210,1202,1184,em-577ab88ffefc,河口精進子,water,CR,8,800,1100,7,敵全員の攻撃カウントを2増加させる,ignored,4,0.5,0,0,0,1,0.21,0.83,0.2733,0,0,0.9414,0.000196
1199,1211,1203,901,em-dac0a350706a,くたにん,water,R,6,500,600,3,1ターンの間、味方全員の属性を火属性に変更する,adaptive,4,0.5,0,0,0,1,0.21,0.84,0.2733,0,0,0.973,0.000202
1200,1212,1204,902,em-0d41ec5f78f0,じょーカーくん,water,R,6,500,600,6,敵全員の攻撃カウントを1増加させる。,ignored,4,0.5,0,0,0,1,0.21,0.94,0.2733,0,0,0.9729,0.000202
1201,1213,1205,1186,em-a0159af9ab81,カネヒラくん,water,CR,14,2385,2556,2,3ターンの間、自身の属性を火属性に変更する,adaptive,4,0.5,0,0,0,1,0.21,0.87,0.2733,0,0,0.9412,0.000196
1202,1214,1206,679,em-198e928f6d0b,なるとマン,water,N,9,800,700,4,1ターンの間、水属性の味方全員の攻撃力を50%増加させる,counteraction,4,0.5,0,0,0,1,0.21,0.85,0.2733,0,0,0.9837,0.000205
1203,1215,1207,680,em-f33518363cb8,マチョリスト☆ばん,fire,N,13,1410,775,2,1ターンの間、風属性の敵に対する自身の攻撃力を1000%増加させる,counteraction,4,0.5,0,0,0,1,0.21,0.84,0.2733,0,0,0.9837,0.000204
1204,1216,1208,1415,em-01a16cce900c,伝説のロロちゃん,water,ZR,35,3748,3067,5,1ターンの間、水属性の味方全員の攻撃力を300%増加させる,counteraction,4,0.5,0,0,0,1,0.21,0.85,0.2733,0,0,0.8558,0.000178
1205,1217,1209,1416,em-049ada05607b,眠里　不可緒,water,ZR,16,3578,2315,5,3ターンの間、自身の攻撃力を444%増加させる,counteraction,4,0.5,0,0,0,1,0.21,0.83,0.2733,0,0,0.8557,0.000178
1206,1218,1210,681,em-08c1cf17f632,青竜けいび,fire,N,4,345,400,6,火属性の味方全員のHPを50%回復する,advantage_creation,4,0.5,0,0,0,1,0.22,0.85,0.2731,0,0,0.9837,0.000204
1207,1219,1211,682,em-902df874fa74,でらマジカ,water,N,6,650,700,3,1ターンの間、火属性の攻撃を自身に集中させる。(90%カット),advantage_creation,4,0.5,0,0,0,1,0.2,0.85,0.2627,0,0,0.9836,0.000204
1208,1220,1212,1417,em-904dc3a6cb19,ɚすぃとLulu？,water_wind,ZR,24,4260,2726,3,1ターンの間、攻撃を自身に集中させる(80%カット),advantage_creation,4,0.5,0,0,0,1,0.2,0.93,0.2627,0,0,0.8553,0.000178
1209,1221,1213,1188,em-fe9fc4184474,聖えぇじゃないか,water,CR,17,2817,2334,4,2ターンの間、自身の攻撃が全体攻撃になる,counteraction,4,0.5,0,0,0,1,0.2,0.87,0.2627,0,0,0.9408,0.000196
1210,1222,1214,906,em-950b687b1f04,タオるん先輩,water,R,9,700,900,4,1ターンの間、水属性の攻撃を自身に集中させる。(50%カット),advantage_creation,4,0.5,0,0,0,1,0.2,0.89,0.2627,0,0,0.9726,0.000202
1211,1223,1215,1418,em-bf60c5d7bbe5,ワイン塗れのぐっすん,fire_wind,ZR,39,2453,5555,1,1ターンの間、水属性の敵に対する自身の攻撃力を200%増加させる,counteraction,4,0.5,0,1,0,1,0.2,0.92,0.2627,0,0,0.8549,0.000178
1212,51,1216,290,em-bdcce3725e8b,修験鬼ギュウちゃん,fire,伝,85,9372,5453,1,1ターンの間、味方全員に水属性の敵からのダメージを44%軽減するシールドを与える,advantage_creation,4,0.5,0,1,0,1,0.2,0.88,0.2614,1.25,0,0.2354,0.000366
1213,99,1217,283,em-454ebee4a0cd,3人はフォニピュア,all,MZR,60,4941,3578,2,1ターンの間、味方全員にダメージを60%軽減するシールドを与える,advantage_creation,4,0.5,0,0.25,0,1,0.2,0.89,0.2614,0.25,0,0.7168,0.000394
1214,1224,1218,908,em-4980bf27b119,淡路な浄瑠璃さん,water,R,10,708,700,7,水属性の味方全員のスキルカウントを2減少させる,ignored,4,0.5,0,0,0,1,0.2,0.85,0.2614,0,0,0.9725,0.000202
1215,1225,1219,910,em-036ee10985c7,大正義！反魂タン,fire,R,7,800,1000,4,死亡している風属性の味方全員を90%のHPで蘇らせる,advantage_creation,4,0.5,0,0,0,1,0.2,0.85,0.2614,0,0,0.9725,0.000202
1216,1226,1220,1190,em-53084d488de2,川越ザ・サード,fire,CR,15,666,1607,4,1ターンの間、風属性の敵に対する味方全員の攻撃力を200%増加させる,counteraction,4,0.5,0,0,0,1,0.2,0.87,0.2592,0,0,0.9404,0.000195
1217,1227,1221,685,em-2625991e40c1,恐れない幽子,water,N,11,470,510,6,死亡している水属性の味方全員を80%のHPで蘇らせる,advantage_creation,4,0.5,0,0,0,1,0.19,0.85,0.2525,0,0,0.9834,0.000204
1218,1228,1222,1583,em-237ca774c5e5,ルナプリ☆かぐや様,all,MZR,66,8861,1584,1,1ターンの間、自身の攻撃が全体攻撃になる,counteraction,4,0.5,0,0,0,1,0.2,0.83,0.2521,0,0,0.7156,0.000149
1219,1229,1223,912,em-5c4a86842734,芹沢殿,water,R,10,703,698,3,1ターンの間、攻撃をリーダーに集中させる(70%カット),advantage_creation,4,0.5,0,0,0,1,0.19,0.82,0.2516,0,0,0.9724,0.000202
1220,1230,1224,1191,em-2f1780cfd053,どーよ様,fire,CR,15,500,1900,5,1ターンの間、風属性の敵に対する自身の攻撃力を500%増加させる,counteraction,4,0.5,0,0,0,1,0.19,0.94,0.2516,0,0,0.9402,0.000195
1221,1231,1225,1192,em-a94a52532d71,あまのちゃん先輩,water,CR,20,1200,500,3,1ターンの間、味方全員の攻撃が2回連続攻撃になる,counteraction,4,0.5,0,0,0,1,0.19,0.81,0.2516,0,0,0.9401,0.000195
1222,1232,1226,914,em-69c72b6c10d2,紳士なトーマスん,fire,R,12,765,835,3,1ターンの間、自身の属性を水属性に変更する,adaptive,4,0.5,0,0,0,1,0.19,0.83,0.2516,0,0,0.9723,0.000202
1223,1233,1227,686,em-830856ac5a07,トキシッくん先輩,water,N,7,1000,800,4,死亡している火属性の味方全員を90%のHPで蘇らせる,advantage_creation,4,0.5,0,0,0,1,0.19,0.85,0.2516,0,0,0.9833,0.000204
1224,1234,1228,1584,em-276d7f996bbe,竜也エボリューション,fire,MZR,49,2044,6305,3,2ターンの間、自身の攻撃力を333%増加させる,counteraction,4,0.5,0,0,0,1,0.19,0.91,0.2516,0,0,0.7143,0.000148
1225,1235,1229,1585,em-e6c445da9312,おしゃまなタコむすめ,fire,MZR,39,1704,5112,5,火属性の味方全員のHPを190%回復する,advantage_creation,4,0.5,0,0,0,1,0.19,0.87,0.2516,0,0,0.714,0.000148
1226,1236,1230,688,em-618de9bba906,関大先生,water,N,9,1201,1201,3,1ターンの間、攻撃をリーダーに集中させる(60%カット),advantage_creation,4,0.5,0,0,0,1,0.19,0.88,0.2516,0,0,0.9833,0.000204
1227,1237,1231,1193,em-be212cb2b1d8,いはとさん,water,CR,12,760,840,3,風属性の敵全員の攻撃カウントを2増加させる,ignored,4,0.5,0,0,0,1,0.19,0.88,0.2516,0,0,0.9398,0.000195
1228,1238,1232,1194,em-33e6bfd45207,みさきパイセン,water,CR,22,2737,3059,3,1ターンの間、水属性の味方全員の攻撃が2回連続攻撃になる,counteraction,4,0.5,0,0,0,1,0.19,0.82,0.2516,0,0,0.9397,0.000195
1229,1239,1233,1586,em-53e02d48f02a,It’s a ちーちゃん,water_wind,MZR,33,6816,149,2,2ターンの間、自身の攻撃が10回連続攻撃になる,counteraction,4,0.5,0,0,0,1,0.19,0.91,0.2516,0,0,0.7131,0.000148
1230,1240,1234,1587,em-a6fe320c7afa,戸隠忍者はハント中,water,MZR,31,937,5027,1,1ターンの間、火属性の敵に対する自身の攻撃力を300%増加させる,counteraction,4,0.5,0,0.75,0,1,0.19,0.84,0.2516,0,0,0.7129,0.000148
1231,100,1235,262,em-c4c6b3b17960,青コリくんは怒らない,water,ZR,24,2350,3834,0,1ターンの間、味方全員に火属性の敵からのダメージを20%軽減するシールドを与える,advantage_creation,4,0.5,0,1,1,1,0.19,0.92,0.2498,0.25,0,0.8523,0.00046
1232,1241,1236,690,em-32b98839a4c2,派遣社員だ浅子さん,fire,N,6,380,600,5,1ターンの間、自身の攻撃力を400%増加させる,counteraction,4,0.5,0,0,0,1,0.19,0.88,0.2498,0,0,0.9832,0.000204
1233,1242,1237,692,em-1fa3ac88ea78,有馬すた,fire,N,7,475,505,5,火属性の味方全員のHPを70%回復する,advantage_creation,4,0.5,0,0,0,1,0.19,0.98,0.2498,0,0,0.9831,0.000204
1234,1243,1238,693,em-b0a135da294f,デンマーくん三世,fire,N,6,800,600,3,1ターンの間、攻撃を自身に集中させる(80%カット),advantage_creation,4,0.5,0,0,0,1,0.19,0.83,0.2498,0,0,0.9831,0.000204
1235,1244,1239,922,em-ad8d69dc1ea4,強いできっしん,fire,R,8,263,942,5,1ターンの間、自身の攻撃力を300%増加させる,counteraction,4,0.5,0,0,0,1,0.19,0.84,0.2498,0,0,0.9719,0.000202
1236,1245,1240,694,em-7e127d8718a5,魔人エビユルゲ,water,N,4,410,370,3,1ターンの間、自身の属性を火属性に変更する,adaptive,4,0.5,0,0,0,1,0.19,0.85,0.2498,0,0,0.9831,0.000204
1237,1246,1241,1424,em-42016d3a2172,織田フィナーレ,water,ZR,42,2556,5964,5,2ターンの間、水属性の味方全員の攻撃が3回連続攻撃になる,counteraction,4,0.5,0,0,0,1,0.19,0.88,0.2498,0,0,0.8515,0.000177
1238,1247,1242,269,em-9b1b7dceab8e,ブダ山ペスト太郎,all,MZR,40,6305,2044,0,2ターンの間、自身にダメージを20%軽減するシールドを与える,advantage_creation,4,0.5,0,1,1,1,0.19,0.86,0.2498,0,0,0.711,0.000439
1239,1248,1243,695,em-5e86bff12fb7,ピリ辛ふとし君,fire,N,5,211,569,5,1ターンの間、自身の攻撃力を100%増加させる,counteraction,4,0.5,0,0,0,1,0.2,0.84,0.2472,0,0,0.983,0.000204
1240,1249,1244,1196,em-fd76872dafaf,くまのたん,fire,CR,8,300,920,3,1ターンの間、自身の攻撃力を200%増加させる,counteraction,4,0.5,0,0,0,1,0.19,0.87,0.2471,0,0,0.939,0.000195
1241,1250,1245,311,em-8cafabee26c4,ホルトバージ君,water_wind,R,22,5285,830,2,4ターンの間、水属性の敵に対する自身の攻撃力を400%増加させる,counteraction,4,0.5,0,0.25,0,1,0.19,0.83,0.2471,0,0,0.9717,0.000312
1242,8,1246,79,em-73652bbd630f,ツノザヤ君とｱｲｺﾃﾞｼｮ,water,MZR,60,2044,5112,0,1ターンの間、味方全員に水属性の敵からのダメージを20%軽減するシールドを与える,advantage_creation,4,0.5,0,1,1,1,0.18,0.84,0.2401,2.75,0,0.7101,0.003411
1243,1251,1247,696,em-8ed9900f451e,めい子ちゃん,water,N,4,281,309,5,1ターンの間、風属性の攻撃を自身に集中させる(70%カット),advantage_creation,4,0.5,0,0.25,0,1,0.18,0.85,0.2401,0,0,0.983,0.000204
1244,1252,1248,697,em-b4ff04580be9,安井のトンちゃん,water,N,4,305,297,6,1ターンの間、攻撃をリーダーに集中させる(70%カット),advantage_creation,4,0.5,0,0,0,1,0.18,0.88,0.2401,0,0,0.9829,0.000204
1245,1253,1249,698,em-377a00f7a666,のり男,water,N,4,334,278,3,2ターンの間、火属性の攻撃を自身に集中させる(50%カット),advantage_creation,4,0.5,0,0,0,1,0.18,0.88,0.2401,0,0,0.9829,0.000204
1246,1254,1250,1197,em-d80a2b82ab9f,ブーナッドちゃん,water,CR,8,1200,200,3,自身のHPを30%回復する,advantage_creation,4,0.5,0,0,0,1,0.18,0.87,0.2401,0,0,0.9387,0.000195
1247,1255,1251,700,em-8d9e942117e5,ウナギーヌ課長,fire,N,6,1000,450,2,自身のHPを60%回復する,advantage_creation,4,0.5,0,0,0,1,0.18,0.82,0.2401,0,0,0.9829,0.000204
1248,1256,1252,926,em-a769fc8e5005,真サタデーナイト郡上,water,R,12,800,1000,5,1ターンの間、味方全員の攻撃が全体攻撃になる,counteraction,4,0.5,0,0,0,1,0.18,0.86,0.2401,0,0,0.9714,0.000202
1249,1257,1253,927,em-6197bad49878,水島神人,water,R,6,700,300,5,1ターンの間、攻撃を自身に集中させる(70%カット),advantage_creation,4,0.5,0,0,0,1,0.18,0.88,0.2401,0,0,0.9714,0.000202
1250,1258,1254,701,em-4586795c80d9,スノーガイ,water,N,7,1500,300,4,2ターンの間、火属性の味方全員の攻撃力を130%増加させる,counteraction,4,0.5,0,0,0,1,0.18,0.82,0.2401,0,0,0.9828,0.000204
1251,1259,1255,702,em-9c69c811a77c,ヤック・ザ・ナイト,fire_wind,N,8,600,700,5,1ターンの間、自身の攻撃が3回連続攻撃になる,counteraction,4,0.5,0,0,0,1,0.18,0.86,0.2401,0,0,0.9828,0.000204
1252,1260,1256,1428,em-bb2bd26d4796,のり男の浪漫,water_wind,ZR,36,3098,2695,2,2ターンの間、火属性の攻撃を自身に集中させる(75%カット),advantage_creation,4,0.5,0,0,0,1,0.18,0.89,0.2401,0,0,0.8495,0.000177
1253,1261,1257,1429,em-28c6b952551d,海の昇竜貫,water,ZR,33,4601,3408,2,3ターンの間、自身の攻撃力を110%増加させる,counteraction,4,0.5,0,0,0,1,0.18,0.89,0.2401,0,0,0.8494,0.000177
1254,1262,1258,226,em-3600ec808f3f,日本海女中,water,CR,15,1288,2898,0,5ターンの間、リーダーの攻撃力を20%増加させる,counteraction,4,0.5,0,1,1,1,0.18,0.88,0.2401,0,0,0.9382,0.000664
1255,1263,1259,1198,em-7affb78d3b91,渇求するネギの果て,water,CR,10,754,754,4,1ターンの間、攻撃をリーダーに集中させる。(30%カット),advantage_creation,4,0.5,0,0.25,0,1,0.18,0.86,0.2401,0,0,0.9382,0.000195
1256,1264,1260,929,em-99d6f9e928d6,京子中学２４年生,water,R,8,620,612,4,1ターンの間、味方全員に風属性の敵からのダメージを80%軽減するシールドを与える,advantage_creation,4,0.5,0,0,0,1,0.18,0.83,0.2401,0,0,0.9712,0.000202
1257,1265,1261,930,em-554c0093231a,おあげさん,water,R,7,505,495,3,2ターンの間、風属性の敵に対する味方全員の攻撃力を100%増加させる,counteraction,4,0.5,0,0,0,1,0.18,0.84,0.2401,0,0,0.9711,0.000202
1258,1266,1262,706,em-999d33621829,おたべ妖精,water,N,7,1272,1131,4,風属性の敵全員の攻撃カウントを2増加させる,ignored,4,0.5,0,0,0,1,0.18,0.87,0.2401,0,0,0.9827,0.000204
1259,1267,1263,707,em-f7eb502f39f3,芋煮十郎,fire,N,5,580,200,6,1ターンの間、火属性の味方全員の攻撃が2回連続攻撃になる,counteraction,4,0.5,0,0,0,1,0.18,0.83,0.2401,0,0,0.9827,0.000204
1260,1268,1264,1199,em-9164bb93f13d,ロロさん,fire,CR,12,700,1000,7,死亡している火属性の味方全員を40%のHPで蘇らせる,advantage_creation,4,0.5,0,0,0,1,0.18,0.86,0.2401,0,0,0.9379,0.000195
1261,1269,1265,1200,em-3a859cb07c11,こんぴらさん先輩,water,CR,25,2898,2898,10,敵全員の攻撃カウントを5増加させる,ignored,4,0.5,0,0,0,1,0.18,0.83,0.2401,0,0,0.9378,0.000195
1262,1270,1266,1201,em-1232a815b671,みさきさん,water,CR,16,1000,1200,5,1ターンの間、水属性の味方全員の攻撃が2回連続攻撃になる,counteraction,4,0.5,0,0,0,1,0.18,0.82,0.2401,0,0,0.9378,0.000195
1263,1271,1267,708,em-1527baa8e6c0,ジャックじゃない！と,fire_wind,N,6,400,500,6,1ターンの間、自身の攻撃が3回連続攻撃になる,counteraction,4,0.5,0,0,0,1,0.18,0.83,0.2401,0,0,0.9826,0.000204
1264,1272,1268,1202,em-10c2721383dd,京子☆リフレッシュ,water_wind,CR,23,2035,3239,5,2ターンの間、味方全員に風属性の敵からのダメージを75%軽減するシールドを与える,advantage_creation,4,0.5,0,0,0,1,0.18,0.9,0.2401,0,0,0.9377,0.000195
1265,1273,1269,709,em-ead779b4526c,乗っとるダム制度君,fire,N,8,2115,535,2,死亡している風属性の味方全員を1%のHPで蘇らせる,advantage_creation,4,0.5,0,0,0,1,0.18,0.85,0.2401,0,0,0.9825,0.000204
1266,1274,1270,1433,em-955edfecd83b,天晴！ぶんぶくん,fire,ZR,22,1883,1162,4,死亡している味方全員を1%のHPで蘇らせる,advantage_creation,4,0.5,0,0,0,1,0.18,0.91,0.2401,0,0,0.8476,0.000176
1267,1275,1271,933,em-9599a14be3a9,歴戦の剣闘士,fire,R,10,350,1058,5,1ターンの間、火属性の敵に対する自身の攻撃力を500%増加させる,counteraction,4,0.5,0,0,0,1,0.18,0.88,0.2401,0,0,0.9708,0.000202
1268,1276,1272,935,em-3850dfa89114,流浪の騎士,water,R,7,510,470,9,1ターンの間、水属性の攻撃を自身に集中させる(50%カット),advantage_creation,4,0.5,0,0,0,1,0.18,0.88,0.2401,0,0,0.9708,0.000202
1269,4,1273,68,em-cdd2ac5f0a12,クイーンなコンク様,all,MZR,44,3578,2385,1,1ターンの間、味方全員にダメージを30%軽減するシールドを与える,advantage_creation,4,0.5,0,1,0,1,0.18,0.83,0.2377,3.25,0,0.7036,0.003771
1270,101,1274,254,em-d07cd0c8b0b0,二条城☆浴衣モード,fire_water,CR,19,2656,2495,1,1ターンの間、風属性の攻撃を自身に集中させる。(80%カット),advantage_creation,4,0.5,0,1,0,1,0.18,0.84,0.2377,0.25,0,0.9373,0.000497
1271,1277,1275,936,em-41c1f9333ff6,エグいできっしん,fire,R,12,342,1062,5,2ターンの間、自身の攻撃力を300%増加させる,counteraction,4,0.5,0,0,0,1,0.18,0.88,0.2377,0,0,0.9707,0.000202
1272,1278,1276,711,em-84a7ce7d3a80,ゴロウ,water,N,4,310,302,2,1ターンの間、風属性の敵に対する味方全員の攻撃力を80%増加させる,counteraction,4,0.5,0,0,0,1,0.18,0.86,0.2377,0,0,0.9824,0.000204
1273,1279,1277,1204,em-f6360fa6b0ca,伝統のうるっしー,fire,CR,16,1800,600,4,1ターンの間、攻撃を自身に集中させる(70%カット),advantage_creation,4,0.5,0,0,0,1,0.18,0.84,0.2377,0,0,0.9371,0.000195
1274,1280,1278,1205,em-7b2daf42204c,モモトじゃねーの?,fire,CR,14,1400,1600,3,自身のHPを60%回復する,advantage_creation,4,0.5,0,0,0,1,0.18,0.93,0.2377,0,0,0.9371,0.000195
1275,1281,1279,1436,em-ba3e87e06882,ぴよ子ファーザー,water,ZR,20,357,3577,4,2ターンの間、自身の攻撃力を400%増加させる,counteraction,4,0.5,0,0,0,1,0.18,0.83,0.2377,0,0,0.8464,0.000176
1276,1282,1280,1437,em-2905dc6523ff,都会の貴腐人,fire,ZR,44,6475,2811,6,死亡している火属性の味方全員を150%のHPで蘇らせる,advantage_creation,4,0.5,0,0,0,1,0.18,0.88,0.2377,0,0,0.8462,0.000176
1277,1283,1281,279,em-0e45f68a7bc6,ツノザヤ君は腕ﾌﾘﾁｭｳ,water,CR,27,34,2688,0,2ターンの間、味方全員に水属性の敵からのダメージを8%軽減するシールドを与える,advantage_creation,4,0.5,0,0.5,1,1,0.18,0.82,0.2377,0,0,0.9369,0.000411
1278,1284,1282,1206,em-6c5c24ebebea,こんぴらさん,water,CR,15,1100,1100,8,敵全員の攻撃カウントを3増加させる,ignored,4,0.5,0,0,0,1,0.18,0.84,0.2377,0,0,0.9368,0.000195
1279,1285,1283,1438,em-5a81e8231a65,宗像スリーピース,water,ZR,39,4601,4089,5,2ターンの間、水属性の味方全員の攻撃が全体攻撃になる,counteraction,4,0.5,0,0,0,1,0.18,0.86,0.2377,0,0,0.8458,0.000176
1280,1286,1284,1207,em-5284c689c7b6,ジャウー大先生,water,CR,15,805,3220,4,水属性の味方全員のスキルカウントを2減少させる,ignored,4,0.5,0,0,0,1,0.18,0.85,0.2377,0,0,0.9367,0.000195
1281,1287,1285,336,em-b343077dd75f,塚井さんは4人乗り,fire,ZR,38,4294,3374,2,3ターンの間、自身の攻撃力を90%増加させる,counteraction,4,0.5,0,0.25,0,1,0.18,0.96,0.2377,0,0,0.8455,0.000269
1282,1288,1286,1588,em-14cb05f591ca,牛鬼だうわーっ！,water_wind,MZR,45,3919,2556,2,4ターンの間、自身の攻撃が2回連続攻撃になる,counteraction,4,0.5,0,0,0,1,0.18,0.89,0.2377,0,0,0.7004,0.000146
1283,1289,1287,1208,em-abc85163565c,コキリコ・QB,fire_wind,CR,23,2817,2978,2,1ターンの間、味方全員の属性を水属性に変更する,adaptive,4,0.5,0,0,0,1,0.17,0.89,0.2309,0,0,0.9365,0.000195
1284,1290,1288,1209,em-1d7c8481ec64,にくぁうちゃん,fire,CR,8,314,913,4,1ターンの間、風属性の敵に対する自身の攻撃力を200%増加させる,counteraction,4,0.5,0,0,0,1,0.17,0.88,0.228,0,0,0.9365,0.000195
1285,1291,1289,1210,em-3e54a6be4029,おかいこ先輩,water,CR,15,1206,1276,5,2ターンの間、味方全員の属性を風属性に変更する,adaptive,4,0.5,0,0,0,1,0.17,0.82,0.228,0,0,0.9364,0.000195
1286,1292,1290,717,em-ee410ddd5211,鹿苑師匠,fire,N,6,500,480,5,死亡している水属性の味方全員を20%のHPで蘇らせる,advantage_creation,4,0.5,0,0,0,1,0.17,0.83,0.228,0,0,0.9821,0.000204
1287,1293,1291,719,em-7e369f15337f,超辛ふとし君,fire,N,6,321,659,5,1ターンの間、自身の攻撃力を200%増加させる,counteraction,4,0.5,0,0,0,1,0.17,0.95,0.228,0,0,0.9821,0.000204
1288,1294,1292,721,em-b0564825039b,わんこールそば,fire,N,3,200,300,3,味方全員のHPを15%回復する,advantage_creation,4,0.5,0,0.25,0,1,0.17,0.87,0.228,0,0,0.9821,0.000204
1289,1295,1293,1211,em-99ad2fb4f1bc,いはとくん,water,CR,8,580,640,3,風属性の敵全員の攻撃カウントを1増加させる,ignored,4,0.5,0,0,0,1,0.17,0.85,0.228,0,0,0.9362,0.000195
1290,1296,1294,940,em-3bdc05dce56c,シャボテンコンビ,water,R,14,600,800,6,死亡している味方全員を40%のHPで蘇らせる,advantage_creation,4,0.5,0,0,0,1,0.17,0.83,0.228,0,0,0.9701,0.000202
1291,1297,1295,1212,em-9c1df245a2ec,のぶくろお館,fire,CR,16,1100,1300,6,2ターンの間、味方全員の攻撃が全体攻撃になる,counteraction,4,0.5,0,0,0,1,0.17,0.84,0.228,0,0,0.9361,0.000195
1292,1298,1296,1214,em-55bda88e7993,パンダ系メガネ,fire,CR,16,1300,1200,6,味方全員のスキルカウントを2減少させる,ignored,4,0.5,0,0,0,1,0.17,0.87,0.228,0,0,0.936,0.000195
1293,1299,1297,944,em-bbff6b354f45,くうかいさん,water,R,12,700,1100,4,水属性の味方全員のスキルカウントを1減少させる,ignored,4,0.5,0,0,0,1,0.17,0.88,0.228,0,0,0.97,0.000202
1294,1300,1298,1215,em-8c598f1908e7,ももとふちゃん,fire,CR,8,800,1000,3,自身のHPを40%回復する,advantage_creation,4,0.5,0,0,0,1,0.17,0.88,0.228,0,0,0.9359,0.000195
1295,1301,1299,945,em-124dc5391da9,オクト・パップ,fire,R,6,888,200,6,味方全員のHPを88%回復する,advantage_creation,4,0.5,0,0,0,1,0.17,0.85,0.228,0,0,0.9699,0.000202
1296,1302,1300,1443,em-039b9996f6f0,おろろセット先輩,fire,ZR,45,1363,5623,5,火属性の敵全員の攻撃カウントを2増加させる,ignored,4,0.5,0,0,0,1,0.17,0.86,0.228,0,0,0.8434,0.000175
1297,1303,1301,946,em-2449b6ff9d58,スマトラのウータン,water_wind,R,12,2703,657,2,1ターンの間、味方全員の属性を風属性に変更する,adaptive,4,0.5,0,0,0,1,0.17,0.87,0.228,0,0,0.9698,0.000202
1298,1304,1302,726,em-5f9efdc805e5,呼んでますトムさん,water_wind,N,15,1269,1269,3,3ターンの間、水属性の攻撃を自身に集中させる(70%カット),advantage_creation,4,0.5,0,0,0,1,0.17,0.9,0.228,0,0,0.9819,0.000204
1299,1305,1303,948,em-080293573ea5,ダヴィアさん,water_wind,R,19,2567,1914,2,1ターンの間、火属性の敵に対する自身の攻撃力を400%増加させる,counteraction,4,0.5,0,0.25,0,1,0.17,0.85,0.228,0,0,0.9698,0.000202
1300,1306,1304,1589,em-40350463a9fa,ハンドさんは泳がない,fire,MZR,27,2044,3578,3,2ターンの間、味方全員にダメージを56%軽減するシールドを与える,advantage_creation,4,0.5,0,0,0,1,0.17,0.88,0.228,0,0,0.696,0.000145
1301,1307,1305,1590,em-9372502bc6a4,餞のガブリン,fire,MZR,42,1913,5367,4,死亡している火属性の味方全員を40%のHPで蘇らせる,advantage_creation,4,0.5,0,0,0,1,0.17,0.88,0.228,0,0,0.6957,0.000145
1302,1308,1306,1591,em-814e01d05463,非伝説の潮真,fire_water,MZR,60,7535,2423,1,1ターンの間、水属性の攻撃を自身に集中させる(50%カット),advantage_creation,4,0.5,0,1,0,1,0.17,0.88,0.228,0,0,0.6955,0.000145
1303,1309,1307,1216,em-5a3998126178,TAGOのBOOTH,water_wind,CR,17,2896,2385,6,4ターンの間、水属性の味方全員の攻撃が3回連続攻撃になる,counteraction,4,0.5,0,0,0,1,0.17,0.89,0.228,0,0,0.9353,0.000194
1304,1310,1308,1592,em-b27009a57b71,架けろきしわだっしー,fire_wind,MZR,49,1559,6672,3,3ターンの間、自身の攻撃力を255%増加させる,counteraction,4,0.5,0,0,0,1,0.17,0.89,0.228,0,0,0.695,0.000144
1305,1311,1309,950,em-1287aab83f7d,驚愕！深海のあん子,water,R,5,400,400,4,水属性の味方全員のHPを50%回復する,advantage_creation,4,0.5,0,0,0,1,0.17,0.86,0.228,0,0,0.9696,0.000202
1306,1312,1310,728,em-0560ed78022d,見事にびわ子たん,water,N,5,400,400,4,1ターンの間、味方全員に風属性の敵からのダメージを80%軽減するシールドを与える,advantage_creation,4,0.5,0,0,0,1,0.17,0.86,0.228,0,0,0.9817,0.000204
1307,1313,1311,729,em-575ad888f045,スワン先生,water,N,5,400,380,6,味方全員のスキルカウントを1減少させる,ignored,4,0.5,0,0,0,1,0.17,0.88,0.228,0,0,0.9817,0.000204
1308,1314,1312,730,em-c61b3e98a989,荒波のはたはタン,water,N,4,400,300,5,味方全員のHPを35%回復する,advantage_creation,4,0.5,0,0,0,1,0.17,0.86,0.228,0,0,0.9817,0.000204
1309,1315,1313,1217,em-8f7b014ebd06,すわ子isGOD！,water,CR,18,2254,2737,2,1ターンの間、自身の攻撃が3回連続攻撃になる,counteraction,4,0.5,0,0,0,1,0.17,0.86,0.228,0,0,0.935,0.000194
1310,1316,1314,731,em-f0bd2d18332e,Woo怪さん,water,N,8,600,700,6,1ターンの間、自身の攻撃が3回連続攻撃になる,counteraction,4,0.5,0,0,0,1,0.17,0.86,0.228,0,0,0.9816,0.000204
1311,1317,1315,953,em-e718c5b250d7,彩れくたにん,water,R,9,600,700,2,1ターンの間、味方全員の属性を火属性に変更する,adaptive,4,0.5,0,0,0,1,0.17,0.86,0.228,0,0,0.9694,0.000202
1312,1318,1316,1218,em-dcc91a9c2ed6,ブルたそ,fire,CR,12,1000,1200,5,1ターンの間、味方全員に水属性の敵からのダメージを50%軽減するシールドを与える,advantage_creation,4,0.5,0,0,0,1,0.17,0.82,0.228,0,0,0.9348,0.000194
1313,1319,1317,954,em-91479d9f811c,奇術師！エッジュさん,fire,R,9,700,700,3,水属性の味方全員のスキルカウントを2減少させる,ignored,4,0.5,0,0,0,1,0.17,0.83,0.228,0,0,0.9693,0.000201
1314,1320,1318,955,em-908fa1696f0d,速いぞサラマンダー！,water,R,12,3186,1431,6,リーダーのスキルカウントを8減少させる,ignored,4,0.5,0,0,0,1,0.17,0.84,0.228,0,0,0.9693,0.000201
1315,1321,1319,1593,em-d25a7727f654,プラハ嬢,fire_water,MZR,32,1482,4991,4,2ターンの間、味方全員に火属性の敵からのダメージを75%軽減するシールドを与える,advantage_creation,4,0.5,0,0,0,1,0.17,0.86,0.228,0,0,0.6922,0.000144
1316,1322,1320,1219,em-c6e2304d0b02,パプアさん,fire,CR,26,3365,2270,3,1ターンの間、味方全員に火属性の敵からのダメージを85%軽減するシールドを与える,advantage_creation,4,0.5,0,0,0,1,0.17,0.96,0.228,0,0,0.9345,0.000194
1317,1323,1321,1220,em-e7480334e10e,脱力系アテナ,fire_water,CR,33,4186,1610,0,1ターンの間、風属性の敵に対する自身の攻撃力を355%増加させる,counteraction,4,0.5,0,1,1,1,0.17,0.88,0.228,0,0,0.9345,0.000194
1318,1324,1322,1221,em-e9b3dc6478a4,アヌラさま,water,CR,33,2495,2978,2,1ターンの間、水属性の攻撃を自身に集中させる(90%カット),advantage_creation,4,0.5,0,0.25,0,1,0.17,0.87,0.228,0,0,0.9344,0.000194
1319,1325,1323,956,em-58b6cf5f2d45,忍者！フゥーま,water_wind,R,6,500,500,5,1ターンの間、攻撃をリーダーに集中させる(65%カット),advantage_creation,4,0.5,0,0,0,1,0.17,0.87,0.225,0,0,0.9691,0.000201
1320,1326,1324,734,em-916052b33162,リンゴルモア大王,water,N,7,1269,1128,3,火属性の敵全員の攻撃カウントを1増加させる,ignored,4,0.5,0,0,0,1,0.17,0.81,0.225,0,0,0.9814,0.000204
1321,1327,1325,957,em-090474161194,オム・オクト・パッス,fire,R,12,888,900,5,味方全員のHPを88%回復する,advantage_creation,4,0.5,0,0,0,1,0.16,0.82,0.2193,0,0,0.969,0.000201
1322,1328,1326,363,em-2d179e9f0835,ﾇｯと出る☆ウイス君,water,MZR,36,5354,2486,2,4ターンの間、リーダーの攻撃力を140%増加させる,counteraction,4,0.5,0,0.25,0,1,0.18,0.82,0.2186,0,0,0.6904,0.000229
1323,1329,1327,735,em-0352f52bd9a3,スワン様,water,N,6,500,480,5,味方全員のスキルカウントを1減少させる,ignored,4,0.5,0,0,0,1,0.16,0.82,0.2178,0,0,0.9814,0.000204
1324,1330,1328,960,em-2e5137a70580,やまとーる君,water,R,6,600,300,7,2ターンの間、味方全員にダメージを50%軽減するシールドを与える,advantage_creation,4,0.5,0,0,0,1,0.16,0.82,0.2178,0,0,0.9689,0.000201
1325,1331,1329,961,em-c5623c38fcb8,反魂タン,fire,R,5,500,600,4,死亡している風属性の味方全員を70%のHPで蘇らせる,advantage_creation,4,0.5,0,0,0,1,0.16,0.83,0.2178,0,0,0.9689,0.000201
1326,1332,1330,962,em-804bc17d075c,雪壁の大谷,water,R,11,1500,300,2,1ターンの間、味方全員に火属性の敵からのダメージを50%軽減するシールドを与える,advantage_creation,4,0.5,0,0,0,1,0.16,0.81,0.2178,0,0,0.9688,0.000201
1327,1333,1331,963,em-dd5697e42ab7,まお先輩,water,R,9,600,850,5,水属性の味方全員のスキルカウントを1減少させる,ignored,4,0.5,0,0,0,1,0.16,0.88,0.2178,0,0,0.9688,0.000201
1328,52,1332,148,em-535fe684b32f,新・フィッシャーマン,water,N,10,1286,1116,1,水属性の味方全員のHPを15%回復する,advantage_creation,4,0.5,0,1,0,1,0.16,0.88,0.2153,1.25,0,0.9813,0.001487
1329,1334,1333,964,em-794f6427298a,さいごー丼,water,R,8,830,476,3,2ターンの間、風属性の攻撃を自身に集中させる(40%カット),advantage_creation,4,0.5,0,0,0,1,0.16,0.88,0.2153,0,0,0.9687,0.000201
1330,1335,1334,1223,em-dc5f853080a2,ねぶるー,fire,CR,12,590,630,2,1ターンの間、風属性の敵に対する自身の攻撃力を100%増加させる,counteraction,4,0.5,0,0.25,0,1,0.16,0.83,0.2153,0,0,0.9337,0.000194
1331,1336,1335,738,em-4d6fe3f2c9ae,くーさん,fire,N,3,300,400,4,1ターンの間、味方全員の攻撃力を30%増加させる,counteraction,4,0.5,0,0,0,1,0.16,0.82,0.2153,0,0,0.9812,0.000204
1332,1337,1336,966,em-b08be1a4ca3f,中央アルプスの少女,water,R,6,500,300,3,1ターンの間、味方全員に火属性の敵からのダメージを40%軽減するシールドを与える,advantage_creation,4,0.5,0,0,0,1,0.16,0.95,0.2153,0,0,0.9686,0.000201
1333,1338,1337,739,em-434faacf4307,Woo怪くん,water,N,6,500,600,7,1ターンの間、自身の攻撃が3回連続攻撃になる,counteraction,4,0.5,0,0,0,1,0.16,0.85,0.2153,0,0,0.9812,0.000204
1334,1339,1338,740,em-458c94f99220,ほたるーニャ,water,N,3,350,500,5,1ターンの間、味方全員の属性を風属性に変更する,adaptive,4,0.5,0,0,0,1,0.16,0.84,0.2153,0,0,0.9811,0.000204
1335,1340,1339,742,em-d8349efcae1b,鰹でよくね?,water,N,5,700,700,7,リーダーのスキルカウントを4減少させる,ignored,4,0.5,0,0,0,1,0.16,0.82,0.2153,0,0,0.9811,0.000204
1336,1341,1340,1224,em-6c5a2955b199,ほぼネ甲ネイ・テウケ,water,CR,26,3059,2737,2,1ターンの間、水属性の敵に対する味方全員の攻撃力を150%増加させる,counteraction,4,0.5,0,0.25,0,1,0.16,0.83,0.2153,0,0,0.9333,0.000194
1337,1342,1341,1594,em-83113af84b95,降臨☆三原色ばうあー,all,MZR,45,3578,5868,5,2ターンの間、味方全員の攻撃が全体攻撃になる,counteraction,4,0.5,0,0,0,1,0.16,0.88,0.2153,0,0,0.6865,0.000143
1338,1343,1342,968,em-70d6edc2819a,熟練の剣闘士,fire,R,8,265,940,5,1ターンの間、火属性の敵に対する自身の攻撃力を200%増加させる,counteraction,4,0.5,0,0,0,1,0.16,0.92,0.2153,0,0,0.9684,0.000201
1339,1344,1343,1595,em-0454ff15fbd8,米倉英夫(ゆる),all,MZR,55,1,1,55,55ターンの間、味方全員の属性を全属性(３色混合)に変更する。,adaptive,4,0.5,0,0,0,1,0.16,0.86,0.2153,0,0,0.686,0.000143
1340,1345,1344,970,em-b71282ef08a8,出番です！鴨先生！,water,R,18,1358,1356,2,1ターンの間、攻撃をリーダーに集中させる(70%カット),advantage_creation,4,0.5,0,0,0,1,0.16,0.83,0.2153,0,0,0.9683,0.000201
1341,1346,1345,745,em-518934908b79,こんにゃくさん,water,N,5,400,400,8,2ターンの間、攻撃を自身に集中させる(60%カット),advantage_creation,4,0.5,0,0,0,1,0.16,0.86,0.2153,0,0,0.981,0.000204
1342,1347,1346,1226,em-6a3f787c507e,梵天くん,water,CR,12,700,900,7,2ターンの間、味方全員の攻撃が全体攻撃になる,counteraction,4,0.5,0,0,0,1,0.16,0.86,0.2153,0,0,0.9329,0.000194
1343,1348,1347,746,em-2ce242ee5866,スノーメン,water,N,5,1300,200,5,2ターンの間、火属性の味方全員の攻撃力を140%増加させる,counteraction,4,0.5,0,0,0,1,0.16,0.82,0.2153,0,0,0.9809,0.000204
1344,1349,1348,747,em-144424b04d69,あろまさん,water,N,5,450,650,4,死亡している水属性の味方全員を10%のHPで蘇らせる,advantage_creation,4,0.5,0,0,0,1,0.16,0.88,0.2153,0,0,0.9809,0.000204
1345,1350,1349,748,em-54ee851ff3fb,zuス様とsiラ様,water,N,10,1410,987,4,3ターンの間、水属性の敵に対する味方全員の攻撃力を90%増加させる,counteraction,4,0.5,0,0,0,1,0.16,0.88,0.2153,0,0,0.9809,0.000204
1346,1351,1350,1450,em-048f5c5385db,Mr.バトラー,all,ZR,34,4771,3067,1,1ターンの間、自身の属性を風属性に変更する,adaptive,4,0.5,0,0.5,0,1,0.16,0.97,0.2153,0,0,0.8361,0.000174
1347,1352,1351,1227,em-d35809f53912,鎌倉式ＤＢ２零式,water,CR,15,1807,856,9,3ターンの間、攻撃を自身に集中させる(80%カット),advantage_creation,4,0.5,0,0,0,1,0.16,0.86,0.2118,0,0,0.9326,0.000194
1348,1353,1352,971,em-fb54694c6adc,サイガーイエロー,fire,R,9,357,1057,4,1ターンの間、自身の攻撃が3回連続攻撃になる,counteraction,4,0.5,0,0,0,1,0.16,0.88,0.2118,0,0,0.9681,0.000201
1349,1354,1353,750,em-2e3e250aef5e,IMO NI FESTIVAL 2018,fire_wind,N,14,1837,1161,3,2ターンの間、水属性の味方全員の攻撃が全体攻撃になる,counteraction,4,0.5,0,0,0,1,0.16,0.96,0.2118,0,0,0.9808,0.000204
1350,1355,1354,1451,em-5f292317fd1c,墨染のＰＬぴよ子,all,ZR,60,3656,3656,5,1ターンの間、味方全員の属性を全属性(3色混合)に変更する,adaptive,4,0.5,0,0,0,1,0.16,0.89,0.2118,0,0,0.8355,0.000174
1351,1356,1355,1228,em-49cfaec18be0,富士五子ＢＴ５,water,CR,20,2415,2737,6,敵全員の攻撃カウントを3増加させる,ignored,4,0.5,0,0,0,1,0.16,0.81,0.2118,0,0,0.9323,0.000194
1352,1357,27,136,em-8b48dbb598d6,高杉ぃ高杉ぃぃ！,fire,ZR,60,7500,1704,1,1ターンの間、火属性の味方全員の攻撃力を25%増加させる,counteraction,4,0.5,0,1,0,1,0.15,0.88,0.2082,0,0.25,0.8352,0.001826
1353,1358,1356,752,em-c8e560adbea9,草カロ次郎,fire,N,6,480,500,5,味方全員のHPを50%回復する,advantage_creation,4,0.5,0,0,0,1,0.15,0.83,0.2082,0,0,0.9807,0.000204
1354,1359,1357,1229,em-cc0425cf3835,鎌倉式ＤＢ２改,water,CR,12,1200,612,8,2ターンの間、攻撃を自身に集中させる(70%カット),advantage_creation,4,0.5,0,0,0,1,0.15,0.87,0.2082,0,0,0.9321,0.000194
1355,1360,1358,753,em-b5fa3fe8e44e,ディープワン・ゴロウ,water,N,8,1214,1189,2,1ターンの間、風属性の敵に対する味方全員の攻撃力を130%増加させる,counteraction,4,0.5,0,0,0,1,0.15,0.86,0.2082,0,0,0.9807,0.000204
1356,1361,1359,973,em-405a608fae19,大内さん,water,R,7,702,702,5,水属性の味方全員のHPを40%回復する,advantage_creation,4,0.5,0,0,0,1,0.15,0.85,0.2082,0,0,0.9678,0.000201
1357,1362,1360,1230,em-f18963ac0ea1,すわ子さま,water,CR,12,700,1000,5,1ターンの間、自身の攻撃が3回連続攻撃になる,counteraction,4,0.5,0,0,0,1,0.15,0.86,0.2082,0,0,0.9319,0.000194
1358,1363,1361,1453,em-82d7b7a877f8,電ドロ白鷺嬢,water,ZR,39,6816,2556,2,自身のHPを70%回復する,advantage_creation,4,0.5,0,0.5,0,1,0.15,0.95,0.2082,0,0,0.8343,0.000173
1359,1364,1362,974,em-3ad7d27f7887,ハワイる水島神人,water,R,19,2567,1208,2,1ターンの間、攻撃を自身に集中させる(70%カット),advantage_creation,4,0.5,0,0,0,1,0.16,0.83,0.2072,0,0,0.9677,0.000201
1360,1365,1363,756,em-834effdc39a5,真・ぎょざる,fire,N,8,499,491,6,1ターンの間、火属性の味方全員の攻撃が全体攻撃になる,counteraction,4,0.5,0,0,0,1,0.15,0.84,0.2072,0,0,0.9806,0.000204
1361,1366,1364,1231,em-860d0191c03c,太子くん,fire,CR,8,650,590,2,火属性の味方全員のHPを10%回復する,advantage_creation,4,0.5,0,0.5,0,1,0.15,0.87,0.2072,0,0,0.9317,0.000194
1362,1367,1365,1232,em-983228ce32d4,あっしゅTHEｷｬｯﾄ,fire_water,CR,8,1300,500,5,1ターンの間、火属性の攻撃を自身に集中させる(20%カット),advantage_creation,4,0.5,0,0,0,1,0.15,0.86,0.2072,0,0,0.9316,0.000194
1363,1368,1366,759,em-6c215846fcb0,アン・ごろう,fire_water,N,16,1356,1189,2,1ターンの間、風属性の敵に対する味方全員の攻撃力を230%増加させる,counteraction,4,0.5,0,0,0,1,0.15,0.91,0.2072,0,0,0.9805,0.000204
1364,1369,1367,760,em-74e8fc67e60c,竹輪大臣,fire,N,5,200,900,4,1ターンの間、自身の攻撃力を150%増加させる,counteraction,4,0.5,0,0,0,1,0.17,0.88,0.2031,0,0,0.9805,0.000204
1365,80,1368,211,em-f8a5ad2fd004,どうしん様,water,CR,15,805,795,1,水属性の味方全員のHPを10%回復する,advantage_creation,4,0.5,0,0.75,0,1,0.15,0.83,0.202,0.5,0,0.9314,0.000741
1366,1370,1369,761,em-9d8b6a4d2c9c,はたはタン,water,N,3,300,200,5,味方全員のHPを30%回復する,advantage_creation,4,0.5,0,0.25,0,1,0.15,0.87,0.202,0,0,0.9804,0.000204
1367,1371,1370,977,em-eb78da4b3f28,えるたそ,fire,R,6,500,400,4,1ターンの間、風属性の敵に対する味方全員の攻撃力を50%増加させる,counteraction,4,0.5,0,0,0,1,0.15,0.82,0.202,0,0,0.9674,0.000201
1368,1372,1371,1456,em-afce812f791d,めい子のMAY DAY,water,ZR,35,4123,4226,4,1ターンの間、風属性の攻撃をリーダーに集中させる(95%カット),advantage_creation,4,0.5,0,0,0,1,0.15,0.88,0.202,0,0,0.8328,0.000173
1369,1373,1372,978,em-7960727b4ac3,伝説のひろし,water,R,15,1681,1714,5,3ターンの間、水属性の味方全員の攻撃力を77%増加させる,counteraction,4,0.5,0,0,0,1,0.15,0.86,0.202,0,0,0.9673,0.000201
1370,1374,1373,762,em-842f3d28d20e,のり男師匠,water,N,8,1285,1118,2,2ターンの間、火属性の攻撃を自身に集中させる(80%カット),advantage_creation,4,0.5,0,0,0,1,0.15,0.86,0.202,0,0,0.9804,0.000204
1371,1375,1374,981,em-fe5ed60fbf2d,強いぞさいごー丼,water,R,9,930,574,3,2ターンの間、風属性の攻撃を自身に集中させる(50%カット),advantage_creation,4,0.5,0,0,0,1,0.15,0.84,0.202,0,0,0.9672,0.000201
1372,1376,1375,1235,em-8646cdffe6eb,ブーナッドさん,water,CR,12,1700,300,3,自身のHPを40%回復する,advantage_creation,4,0.5,0,0,0,1,0.15,0.85,0.202,0,0,0.9309,0.000194
1373,1377,1376,763,em-1926af92f1af,カカカのカ次郎,fire,N,5,500,300,5,風属性の敵全員の攻撃カウントを2増加させる,ignored,4,0.5,0,0,0,1,0.15,0.83,0.202,0,0,0.9803,0.000204
1374,1378,1377,982,em-4eb01150430f,ミス・エズさん,water,R,9,1100,300,4,2ターンの間、火属性の攻撃を自身に集中させる。(90%カット),advantage_creation,4,0.5,0,0,0,1,0.15,0.86,0.202,0,0,0.9671,0.000201
1375,1379,1378,1596,em-29be2edf2271,餅子・ﾏｰﾒｲﾄﾞｽﾀｲﾙ,fire_wind,MZR,60,4797,5308,5,1ターンの間、味方全員に水属性の敵からのダメージを99%軽減するシールドを与える,advantage_creation,4,0.5,0,0,0,1,0.15,0.89,0.202,0,0,0.6763,0.000141
1376,13,1379,56,em-4a86c88e71a1,デンマーくん,fire,N,3,600,300,3,1ターンの間、攻撃を自身に集中させる(70%カット),advantage_creation,4,0.5,0,0,0,1,0.15,0.8,0.1978,2.5,0,0.9802,0.004109
1377,1380,1380,984,em-65d0268c18cf,うっす様。,fire,R,6,200,900,2,1ターンの間、水属性の敵に対する味方全員の攻撃力を100%増加させる,counteraction,4,0.5,0,0,0,1,0.15,0.83,0.1978,0,0,0.967,0.000201
1378,1381,1381,1236,em-2998c94ac8cc,ギガ☆キプちゃん,fire,CR,28,1874,1874,4,2ターンの間、水属性の味方全員の攻撃が3回連続攻撃になる,counteraction,4,0.5,0,0,0,1,0.15,0.92,0.1978,0,0,0.9305,0.000193
1379,1382,1382,1237,em-489782f8e31c,愛のぴよ子,fire,CR,7,1631,1993,3,水属性の味方全員のHPを100%回復する,advantage_creation,4,0.5,0,0,0,1,0.15,0.95,0.1978,0,0,0.9305,0.000193
1380,1383,1383,766,em-e660791c3950,めい子さん,water,N,5,400,400,5,1ターンの間、風属性の攻撃を自身に集中させる(80%カット),advantage_creation,4,0.5,0,0,0,1,0.14,0.86,0.1966,0,0,0.9801,0.000204
1381,1384,1384,768,em-f2d052955a43,大正義・フクちゃん,water,N,7,1128,1269,2,1ターンの間、味方全員の属性を火属性に変更する,adaptive,4,0.5,0,0,0,1,0.14,0.86,0.1966,0,0,0.9801,0.000204
1382,1385,1385,985,em-0a74c35caba2,畳リーゼント総長,fire,R,10,512,912,4,1ターンの間、リーダーの攻撃力を200%増加させる,counteraction,4,0.5,0,0,0,1,0.14,0.81,0.1961,0,0,0.9668,0.000201
1383,1386,1386,769,em-525fc1b65a26,吉野スライム,water,N,4,411,209,5,1ターンの間、攻撃を自身に集中させる(50%カット),advantage_creation,4,0.5,0,0,0,1,0.14,0.88,0.1961,0,0,0.9801,0.000204
1384,1387,1387,986,em-84808a58aa1d,近江守鮒麿,water,R,11,764,640,5,味方全員のHPを80%回復する,advantage_creation,4,0.5,0,0,0,1,0.14,0.81,0.1961,0,0,0.9667,0.000201
1385,1388,1388,987,em-9c37bba7df0f,ＫＲ２ジョー少尉,fire,R,11,495,1105,3,1ターンの間、風属性の敵に対する自身の攻撃力を500%増加させる,counteraction,4,0.5,0,0,0,1,0.14,0.84,0.1961,0,0,0.9667,0.000201
1386,1389,1389,989,em-8cdef0bc7893,戸隠ちび太夫,water,R,11,150,1200,3,1ターンの間、火属性の敵に対する自身の攻撃力を300%増加させる,counteraction,4,0.5,0,0.25,0,1,0.14,0.86,0.1961,0,0,0.9667,0.000201
1387,1390,1390,1460,em-b8872ecc31c1,オバケな☆らんちぇん,fire,ZR,31,1533,5367,5,1ターンの間、火属性の攻撃をリーダーに集中させる(95%カット),advantage_creation,4,0.5,0,0,0,1,0.14,0.92,0.1961,0,0,0.8298,0.000173
1388,1391,1391,990,em-0051409a8e1f,芹沢さん,water,R,8,604,597,4,1ターンの間、攻撃をリーダーに集中させる(70%カット),advantage_creation,4,0.5,0,0,0,1,0.14,0.82,0.1961,0,0,0.9666,0.000201
1389,1392,1392,1240,em-72dbaccf035d,新・ＪＡＸＡイル,fire,CR,12,516,1106,6,2ターンの間、自身の攻撃が3回連続攻撃になる,counteraction,4,0.5,0,0,0,1,0.14,0.85,0.1961,0,0,0.9298,0.000193
1390,1393,1393,1241,em-7fdcbcbf0ae4,ももとふさん,fire,CR,12,1000,1200,3,自身のHPを50%回復する,advantage_creation,4,0.5,0,0,0,1,0.14,0.88,0.1961,0,0,0.9297,0.000193
1391,1394,1394,1597,em-3b47fb031e0a,上京！世界師匠,fire,MZR,36,1704,4260,4,3ターンの間、自身の攻撃が3回連続攻撃になる,counteraction,4,0.5,0,0,0,1,0.14,0.91,0.1961,0,0,0.6719,0.00014
1392,1395,1395,773,em-ec52e54bb473,ﾀｰｷｰﾃﾞ-なじとっこ君,fire_water,N,10,706,2403,4,2ターンの間、風属性の敵に対する自身の攻撃力を400%増加させる,counteraction,4,0.5,0,0,0,1,0.14,0.89,0.1961,0,0,0.9799,0.000204
1393,1396,28,110,em-52a11488ce9e,新・ウオ丸くん,water,MZR,60,4294,3578,1,6ターンの間、水属性の味方全員の攻撃力を20%増加させる,counteraction,4,0.5,0,1,0,1,0.15,0.87,0.1925,0,0.25,0.6713,0.002267
1394,1397,1396,774,em-4b8a1db2788c,ニートな浅子さん,fire,N,4,112,418,5,1ターンの間、自身の攻撃力を200%増加させる,counteraction,4,0.5,0,0,0,1,0.15,0.82,0.1925,0,0,0.9798,0.000204
1395,1398,1397,1242,em-2d8e102d95f3,えぇじゃないか,water,CR,8,640,580,7,2ターンの間、自身の攻撃が全体攻撃になる,counteraction,4,0.5,0,0,0,1,0.14,0.86,0.188,0,0,0.9294,0.000193
1396,1399,1398,991,em-9fed59290cda,ユッフィー先生,water,R,15,800,800,5,2ターンの間、水属性の味方全員の攻撃力を120%増加させる,counteraction,4,0.5,0,0,0,1,0.14,0.84,0.188,0,0,0.9663,0.000201
1397,1400,1399,992,em-0985c7675d5c,みかん姐さん,water,R,13,1100,600,4,2ターンの間、風属性の味方全員の攻撃が全体攻撃になる,counteraction,4,0.5,0,0,0,1,0.14,0.87,0.188,0,0,0.9662,0.000201
1398,1401,1400,994,em-5275d879d803,ｻｲｯｺくたにん,water,R,12,800,1000,2,1ターンの間、味方全員の属性を火属性に変更する,adaptive,4,0.5,0,0,0,1,0.14,0.86,0.188,0,0,0.9662,0.000201
1399,1402,1401,775,em-33289e43e28b,ほたるーニャん☆ミ,water,N,7,650,700,4,1ターンの間、味方全員の属性を風属性に変更する,adaptive,4,0.5,0,0,0,1,0.14,0.84,0.188,0,0,0.9797,0.000204
1400,1403,1402,1245,em-583f38470462,さくらエビライダー,water_wind,CR,26,2414,2414,2,1ターンの間、味方全員の属性を風属性に変更する,adaptive,4,0.5,0,0,0,1,0.14,0.88,0.188,0,0,0.929,0.000193
1401,1404,1403,776,em-98054d952da8,ニート達の日常。,all,N,21,2968,296,3,敵全員の攻撃カウントを1増加させる,ignored,4,0.5,0,0,0,1,0.14,0.84,0.188,0,0,0.9796,0.000204
1402,1405,1404,1598,em-32f5c4968406,正月カナちゃん。,all,MZR,66,5282,5282,6,死亡している風属性の味方全員を140%のHPで蘇らせる,advantage_creation,4,0.5,0,0,0,1,0.14,0.93,0.188,0,0,0.6687,0.000139
1403,1406,1405,777,em-d9f30734dd50,草カロ花子,fire,N,7,1159,1244,5,味方全員のHPを60%回復する,advantage_creation,4,0.5,0,0.25,0,1,0.14,0.86,0.188,0,0,0.9796,0.000204
1404,1407,1406,997,em-aeb1959eaece,ＫＲ２ジョー軍曹,fire,R,9,394,1010,4,1ターンの間、風属性の敵に対する自身の攻撃力を500%増加させる,counteraction,4,0.5,0,0,0,1,0.14,0.89,0.188,0,0,0.966,0.000201
1405,1408,1407,999,em-bbcd19672515,ＭＲ凜子様,water,R,13,1699,1699,4,2ターンの間、火属性の敵に対する味方全員の攻撃力を200%増加させる,counteraction,4,0.5,0,0,0,1,0.14,0.87,0.188,0,0,0.9659,0.000201
1406,1409,1408,1000,em-7b3e9b66e40d,叶う！クルス様,water,R,12,1699,1699,1,1ターンの間、自身の属性を火属性に変更する,adaptive,4,0.5,0,0,0,1,0.14,0.87,0.188,0,0,0.9659,0.000201
1407,1410,1409,1001,em-e7adf536ba2f,やまなしーヌさま,water,R,9,500,600,5,味方全員のスキルカウントを1減少させる,ignored,4,0.5,0,0,0,1,0.14,0.87,0.188,0,0,0.9658,0.000201
1408,1411,1410,1002,em-8b0ee22a5cd7,ドナドナう皮,all,R,26,1676,1664,3,2ターンの間、攻撃を自身に集中させる(60%カット),advantage_creation,4,0.5,0,0,0,1,0.14,0.79,0.188,0,0,0.9658,0.000201
1409,1412,1411,1462,em-418076b2d218,イシマンガリソ先輩,water,ZR,42,5367,3067,1,1ターンの間、風属性の攻撃を自身に集中させる(80%カット),advantage_creation,4,0.5,0,1,0,1,0.14,0.88,0.188,0,0,0.8262,0.000172
1410,1413,1412,1247,em-6c1c64d0e4ed,七夕ぴよ子,water,CR,7,1104,1104,3,死亡している風属性の味方全員を30%のHPで蘇らせる,advantage_creation,4,0.5,0,0,0,1,0.14,0.84,0.188,0,0,0.9283,0.000193
1411,1415,1414,780,em-03fc13420b08,鳴子お嬢様,fire,N,8,600,600,6,1ターンの間、火属性の味方全員の攻撃が全体攻撃になる,counteraction,4,0.5,0,0,0,1,0.13,0.88,0.1845,0,0,0.9794,0.000204
1412,1416,1415,1004,em-95d137a7328a,バス・スミスくん,water,R,6,900,200,5,2ターンの間、火属性の攻撃を自身に集中させる。(90%カット),advantage_creation,4,0.5,0,0,0,1,0.13,0.83,0.1845,0,0,0.9657,0.000201
1413,1417,1416,1005,em-54f582db41b4,みかん姉さん,water,R,10,1000,500,6,2ターンの間、風属性の味方全員の攻撃が全体攻撃になる,counteraction,4,0.5,0,0,0,1,0.13,0.85,0.1845,0,0,0.9656,0.000201
1414,1418,1417,1006,em-07a788dc89b4,シャボテン丸,water,R,11,400,600,6,死亡している味方全員を30%のHPで蘇らせる,advantage_creation,4,0.5,0,0,0,1,0.13,0.87,0.1845,0,0,0.9656,0.000201
1415,1419,1418,781,em-c70398ce7406,讃岐・S.K.O.T神,fire,N,9,2106,493,3,味方全員のHPを40%回復する,advantage_creation,4,0.5,0,0,0,1,0.13,0.89,0.1845,0,0,0.9793,0.000204
1416,1420,1419,1599,em-f3234f88661c,氷の大魔女カナリン,water,MZR,43,7497,1641,5,死亡している水属性の味方全員を100%のHPで蘇らせる,advantage_creation,4,0.5,0,0,0,1,0.13,0.9,0.1845,0,0,0.6647,0.000138
1417,1421,1420,1600,em-983cb2f685ee,再びニートだ浅ちゃん,fire,MZR,40,2044,6816,2,1ターンの間、自身の攻撃力を300%増加させる,counteraction,4,0.5,0,0,0,1,0.13,0.86,0.1845,0,0,0.6644,0.000138
1418,1422,1421,782,em-c687e673c7ff,有馬ん,fire,N,4,285,317,7,火属性の味方全員のHPを50%回復する,advantage_creation,4,0.5,0,0,0,1,0.14,0.81,0.1832,0,0,0.9792,0.000204
1419,1423,1422,1008,em-5fba2111c2ae,くろこップ,water,R,7,498,482,9,水属性の味方全員のスキルカウントを1減少させる,ignored,4,0.5,0,0,0,1,0.14,0.85,0.1832,0,0,0.9654,0.000201
1420,1424,1423,1010,em-19a1ef813069,絶品！さくらん兄妹,water,R,10,780,820,5,火属性の味方全員のスキルカウントを1減少させる,ignored,4,0.5,0,0,0,1,0.14,0.87,0.1832,0,0,0.9653,0.000201
1421,1425,1424,1602,em-9b97e564ea43,ユールシスター☆ノエルん,all,MZR,43,5523,4112,3,1ターンの間、火属性の味方全員の攻撃が3回連続攻撃になる,counteraction,4,0.5,0,0,0,1,0.14,0.87,0.1832,0,0,0.6632,0.000138
1422,1426,1425,1603,em-70a9a07ea8d9,うさ☆八幡さま,water_wind,MZR,60,5964,5964,6,火属性の敵全員の攻撃カウントを3増加させる,ignored,4,0.5,0,0,0,1,0.14,0.89,0.1832,0,0,0.6629,0.000138
1423,1427,1426,785,em-4442b5ee096e,朱雀むりょく,all,N,5,165,165,6,死亡している味方全員を5%のHPで蘇らせる,advantage_creation,4,0.5,0,0,0,1,0.14,0.85,0.1832,0,0,0.9791,0.000204
1424,1428,1427,786,em-d603cde2467a,ほたるーニャん,water,N,5,450,650,4,1ターンの間、味方全員の属性を風属性に変更する,adaptive,4,0.5,0,0,0,1,0.14,0.87,0.1832,0,0,0.9791,0.000204
1425,1429,1428,1012,em-4bde1481e932,黒電話おぅぼっと,water,R,9,1000,400,4,2ターンの間、味方全員にダメージを30%軽減するシールドを与える,advantage_creation,4,0.5,0,0,0,1,0.14,0.82,0.1832,0,0,0.9651,0.000201
1426,1430,1429,1466,em-80894fcaa10c,とんこつ神！博多美子,water,ZR,40,4089,5350,3,3ターンの間、水属性の味方全員の攻撃力を50%増加させる,counteraction,4,0.5,0,0,0,1,0.14,0.88,0.1832,0,0,0.8234,0.000171
1427,1431,1430,1248,em-f49b19428b58,ちび丸のハロウィン,fire_water,CR,17,255,2896,4,死亡している水属性の味方全員を30%のHPで蘇らせる,advantage_creation,4,0.5,0,0,0,1,0.14,0.84,0.1832,0,0,0.9271,0.000193
1428,1432,1431,789,em-a058dba31969,月見だよ！叡智州利偉,fire_wind,N,10,1100,2002,4,2ターンの間、火属性の味方全員の攻撃力を80%増加させる,counteraction,4,0.5,0,0,0,1,0.14,0.89,0.1832,0,0,0.979,0.000204
1429,1433,1432,790,em-94033ed8057b,幽子さん,water,N,4,300,312,8,死亡している水属性の味方全員を30%のHPで蘇らせる,advantage_creation,4,0.5,0,0,0,1,0.13,0.83,0.1812,0,0,0.979,0.000204
1430,1434,1433,1251,em-cf865abec5e5,川越マン２世,fire,CR,12,516,1000,4,1ターンの間、風属性の敵に対する味方全員の攻撃力を100%増加させる,counteraction,4,0.5,0,0,0,1,0.13,0.82,0.1812,0,0,0.9269,0.000193
1431,1436,1435,1252,em-7f3eb7b8272c,にゅー先生,water,CR,15,700,2200,2,1ターンの間、攻撃を自身に集中させる(75%カット),advantage_creation,4,0.5,0,0,0,1,0.13,0.8,0.1779,0,0,0.9268,0.000193
1432,1437,1436,1604,em-24a892c6ebea,Mt.CACHI×2,fire_wind,MZR,38,2556,3578,2,1ターンの間、風属性の味方全員の攻撃が2回連続攻撃になる,counteraction,4,0.5,0,0,0,1,0.14,0.91,0.1771,0,0,0.6599,0.000137
1433,1438,1437,1648,em-744815bd68e5,旋回のヘリコプリオン,water_wind,伝,75,8997,2675,2,2ターンの間、自身の攻撃が全体攻撃になる,counteraction,4,0.5,0,0,0,1,0.14,0.88,0.1771,0,0,0.1889,0.000039
1434,62,1438,202,em-2f3cf0f345e4,ふらっとウッズ子さん,fire_water,MZR,59,5112,2272,0,1ターンの間、風属性の攻撃を自身に集中させる(70%カット),advantage_creation,4,0.5,0,1,1,1,0.13,0.84,0.1734,1,0,0.6593,0.000785
1435,1439,1439,1255,em-fa09a3c6aeb6,アイヤーさん,fire,CR,8,314,913,5,1ターンの間、自身の攻撃力を100%増加させる,counteraction,4,0.5,0,0,0,1,0.13,0.83,0.1734,0,0,0.9265,0.000193
1436,1440,1440,1256,em-6f76a23db620,伏姫さま,water,CR,17,2006,676,4,2ターンの間、攻撃を自身に集中させる(60%カット),advantage_creation,4,0.5,0,0,0,1,0.13,0.85,0.1734,0,0,0.9264,0.000193
1437,1441,1441,1015,em-32f3aa536bcf,境地！絶海のあん子,water,R,7,502,488,4,水属性の味方全員のHPを70%回復する,advantage_creation,4,0.5,0,0.25,0,1,0.13,0.82,0.1734,0,0,0.9646,0.000201
1438,1442,1442,1016,em-74a94c7750af,スーちゃん,water,R,8,603,603,1,1ターンの間、自身の属性を火属性に変更する,adaptive,4,0.5,0,0.25,0,1,0.13,0.9,0.1734,0,0,0.9646,0.000201
1439,1443,1443,793,em-70861f8a23e9,ウナギーヌくん,fire,N,3,800,200,2,自身のHPを20%回復する,advantage_creation,4,0.5,0,0.25,0,1,0.13,0.85,0.1734,0,0,0.9787,0.000203
1440,1444,1444,1018,em-492dd4b96b0e,中央アルプスの少年,water,R,12,800,600,2,1ターンの間、味方全員に火属性の敵からのダメージを40%軽減するシールドを与える,advantage_creation,4,0.5,0,0,0,1,0.13,0.83,0.1734,0,0,0.9645,0.000201
1441,1445,1445,1259,em-57e25e9e3446,にゅーくん,water,CR,8,400,1700,4,1ターンの間、攻撃を自身に集中させる(85%カット),advantage_creation,4,0.5,0,0,0,1,0.13,0.89,0.1734,0,0,0.9261,0.000193
1442,1446,1446,795,em-2697b5e55b56,あろまちゃん+空気,water,N,6,650,700,4,死亡している水属性の味方全員を15%のHPで蘇らせる,advantage_creation,4,0.5,0,0,0,1,0.13,0.9,0.1734,0,0,0.9787,0.000203
1443,1447,1447,1020,em-f354ab7f7554,漆黒のいびるん,all,R,12,800,1000,5,2ターンの間、攻撃をリーダーに集中させる(20%カット),advantage_creation,4,0.5,0,0,0,1,0.13,0.85,0.1734,0,0,0.9644,0.0002
1444,1448,1448,1021,em-5558b35b9413,フゥーま＆ヴォたん,water_wind,R,14,800,800,3,1ターンの間、攻撃をリーダーに集中させる(65%カット),advantage_creation,4,0.5,0,0,0,1,0.13,0.87,0.1734,0,0,0.9644,0.0002
1445,1449,1449,798,em-0c67088a1447,わさわさ大根,water_wind,N,11,2623,1184,6,火属性の敵全員の攻撃カウントを2増加させる,ignored,4,0.5,0,0,0,1,0.13,0.92,0.1734,0,0,0.9786,0.000203
1446,1450,1450,1022,em-d0ab2c82078b,デルモンテ嬢,fire_wind,R,23,3020,453,6,1ターンの間、風属性の攻撃を自身に集中させる(96%カット),advantage_creation,4,0.5,0,0,0,1,0.13,0.88,0.1734,0,0,0.9643,0.0002
1447,1451,1451,1468,em-d138d4e46038,きぬたン,water_wind,ZR,48,3067,4771,2,8ターンの間、味方全員の攻撃力を18%増加させる,counteraction,4,0.5,0,0,0,1,0.13,0.95,0.1734,0,0,0.8198,0.00017
1448,1452,1452,1605,em-0e376d1892df,メネリくん一世,all,MZR,72,6134,3067,4,3ターンの間、攻撃を自身に集中させる(72%カット),advantage_creation,4,0.5,0,0,0,1,0.13,0.86,0.1734,0,0,0.655,0.000136
1449,1453,1453,1606,em-d518108f13e3,トランシルヴァニア家族,water,MZR,45,5350,6059,2,2ターンの間、自身の攻撃が2回連続攻撃になる,counteraction,4,0.5,0,0,0,1,0.13,0.84,0.1734,0,0,0.6547,0.000136
1450,1454,1454,1607,em-4089c86a52af,夢奈・マコ,water,MZR,15,2470,1363,6,1ターンの間、水属性の攻撃をリーダーに集中させる(100%カット),advantage_creation,4,0.5,0,0,0,1,0.13,0.85,0.1734,0,0,0.6543,0.000136
1451,1455,1455,1608,em-af9542637cdd,群れを成すサルパ,water,MZR,28,5453,756,2,1ターンの間、自身の攻撃が16回連続攻撃になる,counteraction,4,0.5,0,0,0,1,0.13,0.85,0.1734,0,0,0.654,0.000136
1452,1456,1456,380,em-9974d2b554c4,ｼｬﾐｯ子！シャーミー君,fire_wind,MZR,36,4652,3919,1,2ターンの間、火属性の敵に対する自身の攻撃力を80%増加させる,counteraction,4,0.5,0,1,0,1,0.13,0.89,0.1734,0,0,0.6537,0.000214
1453,1457,1457,1263,em-b07f62000b94,雪兎フェス祭カーニバル,water,CR,22,4089,1192,5,死亡している味方全員を40%のHPで蘇らせる,advantage_creation,4,0.5,0,0,0,1,0.13,0.83,0.1734,0,0,0.9252,0.000192
1454,1458,1458,1023,em-c7ca0cfdb77b,護国の盾,water,R,14,1887,1510,5,2ターンの間、水属性の攻撃を自身に集中させる(80%カット),advantage_creation,4,0.5,0,0,0,1,0.13,0.82,0.1734,0,0,0.9639,0.0002
1455,1459,1459,802,em-671838a10625,皐月ニート,water,N,4,614,614,6,水属性の味方全員のスキルカウントを1減少させる,ignored,4,0.5,0,0,0,1,0.13,0.84,0.1734,0,0,0.9783,0.000203
1456,1460,1460,804,em-462884d3af90,青竜ニート,water,N,4,346,397,6,水属性の味方全員のHPを50%回復する,advantage_creation,4,0.5,0,0,0,1,0.13,0.86,0.1734,0,0,0.9783,0.000203
1457,1461,1461,1609,em-de301e40803c,どうしんフェス様,water_wind,MZR,88,6816,4515,5,水属性の味方全員のHPを300%回復する,advantage_creation,4,0.5,0,0,0,1,0.13,0.83,0.1734,0,0,0.6521,0.000136
1458,1462,1462,1610,em-7a57f923ab2c,ありえんキャット様,fire_wind,MZR,61,6069,5622,1,1ターンの間、自身の属性を火属性に変更する,adaptive,4,0.5,0,0.5,0,1,0.13,0.9,0.1734,0,0,0.6518,0.000136
1459,1463,1463,806,em-51e67cfa8578,さくらこさーん,water,N,5,600,300,1,1ターンの間、風属性の攻撃を自身に集中させる(60%カット),advantage_creation,4,0.5,0,0.75,0,1,0.13,0.9,0.1734,0,0,0.9782,0.000203
1460,1464,1464,807,em-eaad577a957c,関さん,water,N,5,390,390,4,1ターンの間、攻撃をリーダーに集中させる(60%カット),advantage_creation,4,0.5,0,0,0,1,0.13,0.84,0.1734,0,0,0.9782,0.000203
1461,1465,1465,1026,em-a0e736cc95fd,ユッフィーさん,water,R,12,704,700,5,2ターンの間、水属性の味方全員の攻撃力を80%増加させる,counteraction,4,0.5,0,0,0,1,0.13,0.86,0.1734,0,0,0.9636,0.0002
1462,1466,1466,809,em-c6a3687dad8c,ウナギーヌさん,fire,N,5,900,350,2,自身のHPを40%回復する,advantage_creation,4,0.5,0,0,0,1,0.13,0.83,0.1734,0,0,0.9782,0.000203
1463,1467,1467,1027,em-e931902358ae,弘法大師Ｑ改,water,R,15,1359,1963,3,水属性の味方全員のスキルカウントを1減少させる,ignored,4,0.5,0,0,0,1,0.13,0.9,0.1734,0,0,0.9635,0.0002
1464,1468,1468,1028,em-2d1c8d50a6d1,スマートouぼっと,water,R,17,2265,1510,5,3ターンの間、味方全員にダメージを55%軽減するシールドを与える,advantage_creation,4,0.5,0,0,0,1,0.13,0.86,0.1734,0,0,0.9635,0.0002
1465,1469,1469,1611,em-681c8662f2b6,まさか殿(ｼﾞｬｰｼﾞ),all,MZR,55,6475,3748,6,敵全員の攻撃カウントを3増加させる,ignored,4,0.5,0,0,0,1,0.13,0.91,0.1734,0,0,0.6496,0.000135
1466,1470,1470,1265,em-12386dff9bd5,サリエリ許さないマン,water,CR,21,2827,2827,4,死亡している風属性の味方全員を100%のHPで蘇らせる,advantage_creation,4,0.5,0,0,0,1,0.13,0.86,0.1734,0,0,0.9241,0.000192
1467,1471,1471,1266,em-ff5dd5331817,デメ子ちゃん,water,CR,18,1704,3067,2,1ターンの間、自身の属性を全属性(3色混合)に変更する,adaptive,4,0.5,0,0,0,1,0.13,0.86,0.1734,0,0,0.9241,0.000192
1468,1472,1472,1612,em-68c38b69771b,ぱんつぁーぴよ子,fire_wind,MZR,28,4412,3287,1,1ターンの間、火属性の攻撃を自身に集中させる(10%カット),advantage_creation,4,0.5,0,1,0,1,0.13,0.89,0.1734,0,0,0.6486,0.000135
1469,1473,1473,813,em-ba8324a2cbef,覚醒ニート,water,N,6,354,296,2,1ターンの間、水属性の味方全員の攻撃が2回連続攻撃になる,counteraction,4,0.5,0,0,0,1,0.13,0.86,0.1734,0,0,0.978,0.000203
1470,1474,1474,1472,em-a236725222d2,紺碧のＰＬぴよ子,water,ZR,60,3656,3656,1,1ターンの間、自身の属性を水属性に変更する,adaptive,4,0.5,0,0,0,1,0.13,0.88,0.1734,0,0,0.8156,0.00017
1471,1475,1475,1613,em-37e222cb9f2b,いんばーぬたん,water,MZR,53,3748,4771,2,2ターンの間、水属性の敵に対する水属性の味方全員の攻撃力を100%増加させる,counteraction,4,0.5,0,0,0,1,0.13,0.84,0.1734,0,0,0.6476,0.000135
1472,1476,1476,817,em-f074d8bb177d,たっくん,fire,N,4,95,507,5,1ターンの間、自身の攻撃力を100%増加させる,counteraction,4,0.5,0,0.25,0,1,0.12,0.88,0.1724,0,0,0.9779,0.000203
1473,1477,1477,819,em-c19b90bf546d,芋煮太郎,fire,N,4,510,102,7,1ターンの間、火属性の味方全員の攻撃が2回連続攻撃になる,counteraction,4,0.5,0,0,0,1,0.12,0.87,0.1724,0,0,0.9779,0.000203
1474,1478,1478,213,em-f203cae3d671,ペーチパイセン,fire_wind,N,9,1974,1100,1,5ターンの間、自身の攻撃力を39%増加させる,counteraction,4,0.5,0,1,0,1,0.12,0.89,0.1724,0,0,0.9778,0.000721
1475,1479,1479,1474,em-36ce9827163b,検非違使なけいび氏,all,ZR,28,6024,878,2,自身のHPを210%回復する,advantage_creation,4,0.5,0,0.25,0,1,0.12,0.93,0.1724,0,0,0.8147,0.000169
1476,1480,1480,1269,em-74ebc57ab0a9,ニーハオさん,fire,CR,12,397,1216,5,1ターンの間、自身の攻撃力を150%増加させる,counteraction,4,0.5,0,0,0,1,0.12,0.89,0.1724,0,0,0.9233,0.000192
1477,1481,1481,1033,em-654601ffb56d,スースちゃん,fire,R,15,1132,2265,0,1ターンの間、味方全員に火属性の敵からのダメージを15%軽減するシールドを与える,advantage_creation,4,0.5,0,1,1,1,0.12,0.83,0.1724,0,0,0.9629,0.0002
1478,1482,1482,820,em-674bf61c8b00,海賊衆かっさーのん,water,N,6,600,700,4,1ターンの間、リーダーの攻撃力を150%増加させる,counteraction,4,0.5,0,0,0,1,0.12,0.87,0.1718,0,0,0.9777,0.000203
1479,1483,1483,1034,em-f5c067498bab,深窓のやまなしーヌ,water,R,17,1661,1812,3,味方全員のスキルカウントを1減少させる,ignored,4,0.5,0,0,0,1,0.12,0.91,0.1718,0,0,0.9628,0.0002
1480,1484,1484,1271,em-cdfbe8acd59f,はんばー先輩,water,CR,24,4444,563,2,死亡しているリーダーを44%のHPで蘇らせる,advantage_creation,4,0.5,0,0,0,1,0.12,0.83,0.1701,0,0,0.923,0.000192
1481,1486,1486,1477,em-5c3bfcbbd109,ネギさん,all,ZR,80,4260,4260,500,5ターンの間、味方全員の攻撃力を9999%増加させる,counteraction,4,0.5,0,0,0,1,0.13,0.85,0.1677,0,0,0.8135,0.000169
1482,1487,1487,1649,em-5e67f5f55234,?????,fire_wind,伝,88,10224,4941,5,3ターンの間、風属性の敵に対する味方全員の攻撃力を300%増加させる,counteraction,4,0.5,0,0,0,1,0.13,0.83,0.1677,0,0,0.1762,0.000037
1483,1488,1488,824,em-407710659ecb,玄武ニート,water,N,4,330,320,6,2ターンの間、味方全員に水属性の敵からのダメージを40%軽減するシールドを与える,advantage_creation,4,0.5,0,0,0,1,0.13,0.83,0.1677,0,0,0.9776,0.000203
1484,1489,1489,1273,em-409b16959eac,唸るぜ！よりりん,fire,CR,12,795,805,3,1ターンの間、味方全員の属性を風属性に変更する,adaptive,4,0.5,0,0,0,1,0.12,0.83,0.1673,0,0,0.9227,0.000192
1485,1490,1490,1274,em-07585cdaab4c,だいこっくんさん,fire,CR,12,1000,1200,9,1ターンの間、味方全員の攻撃力を150%増加させる,counteraction,4,0.5,0,0,0,1,0.12,0.83,0.1673,0,0,0.9226,0.000192
1486,1491,1491,1035,em-1555cadff0cf,おぅぼっと,water,R,6,800,300,4,2ターンの間、味方全員にダメージを20%軽減するシールドを与える,advantage_creation,4,0.5,0,0,0,1,0.12,0.85,0.1632,0,0,0.9625,0.0002
1487,1492,1492,1276,em-3c1078996c9c,めい子のNEW DAY,water,CR,25,2760,2862,4,2ターンの間、風属性の攻撃を自身に集中させる(90%カット),advantage_creation,4,0.5,0,0,0,1,0.12,0.81,0.1632,0,0,0.9225,0.000192
1488,1493,1493,1277,em-8c223847d1b4,皐月ぴよ子,water,CR,5,555,555,0,なし,none,4,0.5,0,0,1,1,0.12,0.83,0.1632,0,0,0.9224,0.000192
1489,1496,1496,825,em-b5a4cfe168a6,安井大先生,water,N,7,505,475,5,1ターンの間、攻撃をリーダーに集中させる(70%カット),advantage_creation,4,0.5,0,0,0,1,0.11,0.81,0.1586,0,0,0.9774,0.000203
1490,1497,1497,1036,em-6e2c76ad098c,まおちゃん,water,R,6,500,750,6,水属性の味方全員のスキルカウントを1減少させる,ignored,4,0.5,0,0,0,1,0.11,0.87,0.1586,0,0,0.9623,0.0002
1491,1498,1498,1038,em-6870ddfd0fbb,大道芸！エʃ＆エʒ,fire,R,12,1661,1661,3,水属性の味方全員のスキルカウントを2減少させる,ignored,4,0.5,0,0,0,1,0.11,0.89,0.1586,0,0,0.9623,0.0002
1492,1499,1499,827,em-6e37519134b1,スワン君,water,N,4,310,302,6,味方全員のスキルカウントを1減少させる,ignored,4,0.5,0,0,0,1,0.12,0.86,0.158,0,0,0.9773,0.000203
1493,1500,1500,1040,em-ed707603ab87,荒ぶる水島神人,water,R,15,1200,600,3,1ターンの間、攻撃を自身に集中させる(70%カット),advantage_creation,4,0.5,0,0,0,1,0.12,0.82,0.158,0,0,0.9622,0.0002
1494,1501,1501,1278,em-7930454375ec,パラワン探検隊,water,CR,18,3219,3333,4,2ターンの間、風属性の味方全員の攻撃が全体攻撃になる,counteraction,4,0.5,0,0,0,1,0.12,0.83,0.158,0,0,0.9219,0.000192
1495,1502,1502,1614,em-a818769b8b91,田島の春,all,MZR,44,1618,5112,2,3ターンの間、自身の攻撃が2回連続攻撃になる,counteraction,4,0.5,0,0,0,1,0.12,0.88,0.158,0,0,0.6396,0.000133
1496,1503,1503,325,em-e85f4ced46d6,ツノザヤ君は脳天気,water,MZR,27,43,3360,0,2ターンの間、味方全員に水属性の敵からのダメージを10%軽減するシールドを与える,advantage_creation,4,0.5,0,0.5,1,1,0.12,0.85,0.158,0,0,0.6392,0.000276
1497,1504,1504,1483,em-f3ce9865b46f,BeasT5,water,ZR,38,4116,4664,7,水属性の敵全員の攻撃カウントを5増加させる,ignored,4,0.5,0,0,0,1,0.12,0.95,0.158,0,0,0.8104,0.000168
1498,1505,1505,1280,em-9ac3c0929f90,オコオコ,fire_wind,CR,11,1704,1704,3,2ターンの間、水属性の味方全員の攻撃力を233%増加させる,counteraction,4,0.5,0,0,0,1,0.12,0.86,0.158,0,0,0.9215,0.000192
1499,1506,1506,1615,em-f3be7c12380c,魔女ランダ,water,MZR,44,3067,5623,2,2ターンの間、味方全員の属性を水属性に変更する,adaptive,4,0.5,0,0,0,1,0.12,0.88,0.158,0,0,0.6382,0.000133
1500,1507,1507,1485,em-59a8f156dec4,クロアリ,water,ZR,60,4089,4089,3,1ターンの間、水属性の味方全員の攻撃が3回連続攻撃になる,counteraction,4,0.5,0,0,0,1,0.12,0.89,0.158,0,0,0.8098,0.000168
1501,1508,1508,1281,em-6de5eba89049,天孫降臨ににぎくん,water,CR,25,2334,2817,5,3ターンの間、水属性の味方全員の攻撃力を120%増加させる,counteraction,4,0.5,0,0,0,1,0.12,0.85,0.158,0,0,0.9213,0.000192
1502,1509,1509,1282,em-a04fcf6167db,いはと先生,water,CR,17,2093,3059,3,風属性の敵全員の攻撃カウントを2増加させる,ignored,4,0.5,0,0,0,1,0.12,0.85,0.158,0,0,0.9212,0.000191
1503,1510,1510,1043,em-3725122fa93d,ホーク元船員,water,R,9,600,850,1,1ターンの間、火属性の攻撃を自身に集中させる。(60%カット),advantage_creation,4,0.5,0,0.75,0,1,0.12,0.87,0.158,0,0,0.9617,0.0002
1504,1511,1511,1486,em-a66d3edc0ac1,水戸Come On!,water,ZR,38,3493,3237,4,敵全員の攻撃カウントを1増加させる,ignored,4,0.5,0,0,0,1,0.12,0.88,0.158,0,0,0.809,0.000168
1505,1512,1512,1616,em-d9e193a7c929,斑鳩の太子くん,water,MZR,36,4260,2896,2,火属性の味方全員のHPを150%回復する,advantage_creation,4,0.5,0,0.25,0,1,0.12,0.86,0.158,0,0,0.636,0.000132
1506,1513,1513,1283,em-251adb8af3dc,にくぁう餃子権現,all,CR,30,1365,3638,4,2ターンの間、風属性の敵に対する自身の攻撃力を1000%増加させる,counteraction,4,0.5,0,0,0,1,0.12,0.88,0.158,0,0,0.9208,0.000191
1507,1514,1514,1284,em-0592fa7cc27f,クェーサルと仲間たち,water,CR,18,3542,2898,3,2ターンの間、火属性の味方全員の攻撃が3回連続攻撃になる,counteraction,4,0.5,0,0,0,1,0.12,0.89,0.158,0,0,0.9208,0.000191
1508,1515,1515,1045,em-74b9082a787c,暫時バル状態,water_wind,R,19,2938,838,4,2ターンの間、味方全員に水属性の敵からのダメージを70%軽減するシールドを与える,advantage_creation,4,0.5,0,0.25,0,1,0.12,0.88,0.158,0,0,0.9615,0.0002
1509,1516,1516,1617,em-337e85c2cd90,ユーコ☆スターダスト,all,MZR,60,6053,4354,4,死亡している風属性の味方全員を40%のHPで蘇らせる,advantage_creation,4,0.5,0,0,0,1,0.12,0.91,0.158,0,0,0.6346,0.000132
1510,1517,1517,349,em-7fe8d05d0c62,艶やかヤッコ,water_wind,ZR,30,3135,3408,0,2ターンの間、自身の属性を水属性に変更する,adaptive,4,0.5,0,1,1,1,0.12,0.89,0.158,0,0,0.8078,0.000243
1511,1518,1518,1285,em-9e9fc5ee5a9c,深淵のエルフ,water,CR,18,2537,3059,4,1ターンの間、水属性の敵に対する味方全員の攻撃力を120%増加させる,counteraction,4,0.5,0,0,0,1,0.12,0.82,0.158,0,0,0.9204,0.000191
1512,1519,1519,1618,em-404f12535630,祇園祭の素戔嗚さま,fire_wind,MZR,88,5964,6390,2,2ターンの間、自身の攻撃が2回連続攻撃になる,counteraction,4,0.5,0,0,0,1,0.12,0.88,0.158,0,0,0.6335,0.000132
1513,1520,1520,272,em-e84c5851ba6b,地下大河のルーシー,water_wind,MZR,73,7668,2641,1,4ターンの間、自身の攻撃力を50%増加させる,counteraction,4,0.5,0,1,0,1,0.12,0.88,0.158,0,0,0.6332,0.000431
1514,1521,1521,1047,em-0a88e828f44f,あずま京子,water,R,7,500,500,4,1ターンの間、味方全員に風属性の敵からのダメージを80%軽減するシールドを与える,advantage_creation,4,0.5,0,0,0,1,0.11,0.85,0.1562,0,0,0.9612,0.0002
1515,1522,1522,835,em-f14c0a7296cf,コーベリアル伯爵,water,N,7,500,480,2,1ターンの間、火属性の攻撃を自身に集中させる(80%カット),advantage_creation,4,0.5,0,0,0,1,0.11,0.82,0.1526,0,0,0.9767,0.000203
1516,1523,1523,837,em-5b3eb6a3a507,なるリッシュ,water,N,20,1812,1510,2,1ターンの間、水属性の味方全員の攻撃力を100%増加させる,counteraction,4,0.5,0,0,0,1,0.11,0.84,0.1526,0,0,0.9767,0.000203
1517,1524,1524,1050,em-4694b1a256f8,悪魔！いびるん,all,R,9,600,700,5,3ターンの間、攻撃をリーダーに集中させる(10%カット),advantage_creation,4,0.5,0,0,0,1,0.11,0.87,0.1526,0,0,0.961,0.0002
1518,1538,1539,1051,em-e900d5955acf,凄いぞさいごー丼,water,R,13,1050,650,3,2ターンの間、風属性の攻撃を自身に集中させる(60%カット),advantage_creation,4,0.5,0,0,0,1,0.11,0.82,0.1478,0,0,0.961,0.0002
1519,1539,1540,838,em-a4adc4bc9b7c,魁！安井道さん,water,N,12,1215,1187,5,1ターンの間、攻撃をリーダーに集中させる(80%カット),advantage_creation,4,0.5,0,0,0,1,0.11,0.83,0.1478,0,0,0.9766,0.000203
1520,1540,1541,1287,em-ba09169b5b3d,あまのちゃん,water,CR,12,300,200,4,1ターンの間、味方全員の攻撃が2回連続攻撃になる,counteraction,4,0.5,0,0,0,1,0.1,0.85,0.1446,0,0,0.9196,0.000191
1521,1541,1542,257,em-d0c26ab1312e,シガー☆直哉,fire_wind,CR,22,3542,2125,1,2ターンの間、自身の属性を水属性に変更する,adaptive,4,0.5,0,0.75,0,1,0.1,0.81,0.1446,0,0,0.9195,0.000482
1522,1542,1543,1288,em-fc0926b017ef,なまずのおじさん,water,CR,25,4260,1278,5,1ターンの間、味方全員に風属性の敵からのダメージを90%軽減するシールドを与える,advantage_creation,4,0.5,0,0,0,1,0.1,0.84,0.1446,0,0,0.9194,0.000191
1523,1543,1544,1053,em-7976e2f3d65d,迷菓ぴよ子先輩,fire,R,5,502,530,5,1ターンの間、火属性の味方全員の攻撃力を80%増加させる,counteraction,4,0.5,0,0,0,1,0.1,0.83,0.1446,0,0,0.9607,0.0002
1524,1544,1545,1054,em-6e1b672bdbe8,いやひこにゃん,fire,R,18,2718,1057,3,火属性の敵全員の攻撃カウントを1増加させる,ignored,4,0.5,0,0,0,1,0.1,0.92,0.1446,0,0,0.9607,0.0002
1525,1592,1592,841,em-2f6ae2b54633,フクちゃん,water,N,3,300,400,4,1ターンの間、味方全員の属性を火属性に変更する,adaptive,4,0.5,0,0,0,1,0.1,0.83,0.1415,0,0,0.9764,0.000203
1526,1593,4,61,em-b06129e327ac,ケンＺＯ３号,fire,N,6,300,680,5,3ターンの間、自身の攻撃力を90%増加させる,counteraction,4,0.5,0,0,0,1,0.1,0.87,0.1372,0,1.5,0.9764,0.003929
1527,1594,1593,842,em-643d05a15e4e,エビユルゲ大佐,water,N,5,520,460,2,1ターンの間、自身の属性を火属性に変更する,adaptive,4,0.5,0,0,0,1,0.1,0.86,0.1372,0,0,0.9763,0.000203
1528,1595,1594,843,em-81fec3e48762,怪人おたべ,water,N,4,415,365,4,風属性の敵全員の攻撃カウントを1増加させる,ignored,4,0.5,0,0,0,1,0.1,0.82,0.1372,0,0,0.9763,0.000203
1529,1596,1595,1619,em-ffea90d62e77,テイヤさん,fire_wind,MZR,55,1874,5282,3,3ターンの間、自身の攻撃が3回連続攻撃になる,counteraction,4,0.5,0,0,0,1,0.1,0.92,0.1372,0,0,0.6272,0.00013
1530,1597,1596,1056,em-0828dfd9c618,トーマスん,fire,R,8,560,645,5,1ターンの間、自身の属性を水属性に変更する,adaptive,4,0.5,0,0,0,1,0.09,0.78,0.1325,0,0,0.9604,0.0002
1531,103,1603,277,em-10b41d0249c9,ホタル,fire,ZR,40,4396,5163,1,1ターンの間、自身の属性を水属性に変更する,adaptive,4,0.5,0,1,0,1,0.09,0.88,0.13,0.25,0,0.8034,0.000412
1532,1604,1604,844,em-75066f4bfd55,くーにょん,fire,N,6,600,700,4,1ターンの間、味方全員の攻撃力を60%増加させる,counteraction,4,0.5,0,0,0,1,0.09,0.86,0.13,0,0,0.9762,0.000203
1533,1605,1605,1058,em-0b273c3da2d3,ぴぐぺん＆びぐべん,fire_water,R,12,700,900,2,1ターンの間、水属性の敵に対する自身の攻撃力を150%増加させる。,counteraction,4,0.5,0,0,0,1,0.09,0.87,0.13,0,0,0.9602,0.0002
1534,1606,1606,1059,em-272a71a9c15d,キラカードなエッシュ,water,R,12,1812,1510,3,風属性の味方全員のスキルカウントを2減少させる,ignored,4,0.5,0,0,0,1,0.09,0.93,0.13,0,0,0.9602,0.0002
1535,1607,1607,845,em-c547f488bc34,警告！クジラの尊,water,N,12,30,1410,1,2ターンの間、自身の属性を風属性に変更する,adaptive,4,0.5,0,0,0,1,0.09,0.85,0.13,0,0,0.9761,0.000203
1536,1608,1608,1291,em-ec978322ece8,タイプ：テン,water,CR,20,3864,966,4,1ターンの間、攻撃をリーダーに集中させる(90%カット),advantage_creation,4,0.5,0,0,0,1,0.09,0.82,0.13,0,0,0.9181,0.000191
1537,1609,1609,1060,em-455191024aba,偉いぞさいごー丼,water,R,15,2718,1132,3,2ターンの間、風属性の攻撃を自身に集中させる(70%カット),advantage_creation,4,0.5,0,0,0,1,0.09,0.82,0.13,0,0,0.96,0.0002
1538,1610,1610,847,em-299066b18ca7,バイカル子,water,N,14,2999,499,5,1ターンの間、風属性の攻撃を自身に集中させる(99%カット),advantage_creation,4,0.5,0,0,0,1,0.09,0.87,0.13,0,0,0.976,0.000203
1539,1615,1615,848,em-b08b3e6f22a8,フィッシャーマン三平,water_wind,N,17,1286,1316,2,1ターンの間、攻撃をリーダーに集中させる(70%カット),advantage_creation,4,0.5,0,0,0,1,0.08,0.88,0.1179,0,0,0.9759,0.000203
1540,1616,1616,1061,em-ebf10919d982,ミラクル凜子,water,R,8,700,704,4,1ターンの間、火属性の敵に対する味方全員の攻撃力を100%増加させる,counteraction,4,0.5,0,0,0,1,0.08,0.86,0.1179,0,0,0.9599,0.0002
1541,1617,1617,1620,em-d8af1ee7968e,ザ★女王の世界,water,MZR,42,1936,2006,3,1ターンの間、水属性の敵に対する水属性の味方全員の攻撃力を400%増加させる,counteraction,4,0.5,0,0,0,1,0.08,0.9,0.1179,0,0,0.6225,0.000129
1542,1618,1618,1621,em-5ff7c4f20f2b,ヤマトタケルぅ！,fire,MZR,40,85,8520,5,3ターンの間、自身の攻撃が7回連続攻撃になる,counteraction,4,0.5,0,0,0,1,0.08,0.87,0.1179,0,0,0.6221,0.000129
1543,1619,1619,850,em-a787bb59ceca,トキシッくん,water,N,5,600,500,4,死亡している火属性の味方全員を70%のHPで蘇らせる,advantage_creation,4,0.5,0,0,0,1,0.08,0.88,0.1145,0,0,0.9758,0.000203
1544,1620,1620,1622,em-cf62aeacc244,やまたのおろちん,water,MZR,40,2726,2726,3,2ターンの間、自身の攻撃が7回連続攻撃になる,counteraction,4,0.5,0,0,0,1,0.08,0.85,0.1145,0,0,0.6213,0.000129
1545,1621,1621,852,em-47f3be71ea63,青竜むりょく,all,N,4,198,189,6,自身のHPを90%回復する,advantage_creation,4,0.5,0,0,0,1,0.08,0.85,0.1145,0,0,0.9757,0.000203
1546,1627,1627,853,em-df28e035685e,ハル先輩,fire_water,N,11,626,1096,5,味方全員のHPを170%回復する,advantage_creation,4,0.5,0,0,0,1,0.07,0.87,0.1024,0,0,0.9757,0.000203
1547,1637,1637,1293,em-f7e845fc0a39,鎌倉式ＤＢ２,water,CR,8,811,412,7,1ターンの間、攻撃を自身に集中させる(70%カット),advantage_creation,4,0.5,0,0,0,1,0.06,0.85,0.0926,0,0,0.917,0.000191
1548,1414,1413,855,em-91791d21e202,ネオけいび,fire,N,6,305,310,6,1ターンの間、火属性の攻撃を自身に集中させる(99%カット),advantage_creation,4,0.375,0,0,0,1,0.16,0.8,0.1869,0,0,0.9756,0.000203
1549,1495,1495,1650,em-c25db2f5b4ff,メルヘン☆グリ子,fire_wind,伝,80,9202,3748,4,1ターンの間、味方全員にダメージを80%軽減するシールドを与える,advantage_creation,4,0.375,0,0,0,1,0.13,0.88,0.1609,0,0,0.1562,0.000032
1550,102,1525,284,em-32ef1535a66a,ハバキたん,fire_wind,MZR,60,6816,4260,3,2ターンの間、味方全員にダメージを60%軽減するシールドを与える,advantage_creation,4,0.375,0,0.25,0,1,0.12,0.9,0.1515,0.25,0,0.6188,0.000387
1551,1525,1526,1065,em-1290652c5171,萌やし博士,water,R,10,408,1212,4,1ターンの間、自身の攻撃力を300%増加させる,counteraction,4,0.375,0,0,0,1,0.12,0.85,0.1515,0,0,0.9592,0.000199
1552,1526,1527,1066,em-0f6666d2132f,サイガーレッド,fire,R,7,170,830,5,1ターンの間、自身の攻撃が3回連続攻撃になる,counteraction,4,0.375,0,0,0,1,0.12,0.87,0.1515,0,0,0.9592,0.000199
1553,1530,1531,1623,em-11cceded3ad2,創造主・アヌンナキ,water_wind,MZR,70,4260,5964,3,2ターンの間、味方全員にダメージを60%軽減するシールドを与える,advantage_creation,4,0.375,0,0,0,1,0.12,0.89,0.1515,0,0,0.6176,0.000128
1554,1537,1538,1502,em-05133b447edd,コメツキ,water,ZR,55,5453,5406,5,水属性の味方全員のスキルカウントを3減少させる,ignored,4,0.375,0,0,0,1,0.12,0.87,0.1515,0,0,0.7981,0.000166
1555,1546,1546,858,em-17aeee13e460,こんにゃくん,water,N,4,287,308,9,1ターンの間、攻撃を自身に集中させる(50%カット),advantage_creation,4,0.375,0,0,0,1,0.11,0.82,0.1418,0,0,0.9754,0.000203
1556,1547,1547,859,em-da4562cd6142,プレーン下仁田,water,N,10,500,500,4,1ターンの間、攻撃をリーダーに集中させる(30%カット),advantage_creation,4,0.375,0,0,0,1,0.11,0.84,0.1418,0,0,0.9754,0.000203
1557,1552,1552,1295,em-814278d8eb9b,轟け！阿蘇さん,fire,CR,15,1680,920,1,1ターンの間、水属性の攻撃を自身に集中させる(70%カット),advantage_creation,4,0.375,0,0.75,0,1,0.11,0.87,0.1418,0,0,0.916,0.00019
1558,1555,1555,1297,em-33efacdd0b0b,ににぎ先輩,water,CR,18,1100,1300,5,2ターンの間、水属性の味方全員の攻撃力を90%増加させる,counteraction,4,0.375,0,0,0,1,0.11,0.9,0.1418,0,0,0.9159,0.00019
1559,1557,1557,1070,em-dc6446295503,ハズクちゃん,fire,R,8,400,300,9,1ターンの間、火属性の味方全員の攻撃が3回連続攻撃になる,counteraction,4,0.375,0,0,0,1,0.11,0.82,0.1418,0,0,0.9588,0.000199
1560,1560,1560,1071,em-a66f91385c36,伝説のキャミー,water,R,10,700,1100,4,水属性の味方全員のHPを40%回復する,advantage_creation,4,0.375,0,0,0,1,0.11,0.83,0.1418,0,0,0.9587,0.000199
1561,1561,1561,1072,em-b68e81559a03,ピカリャー,fire,R,6,400,600,7,1ターンの間、自身の攻撃が3回連続攻撃になる,counteraction,4,0.375,0,0,0,1,0.11,0.84,0.1418,0,0,0.9587,0.000199
1562,1567,1567,1074,em-76311eb8b6ba,Halloweenな藤原マミー,water_wind,R,18,1208,1963,5,死亡している水属性の味方全員を90%のHPで蘇らせる,advantage_creation,4,0.375,0,0,0,1,0.11,0.9,0.1418,0,0,0.9586,0.000199
1563,1569,1569,1624,em-45d954b40bc4,ジェラする？かめ姫,water_wind,MZR,60,4941,3237,3,3ターンの間、自身の攻撃が3回連続攻撃になる,counteraction,4,0.375,0,0,0,1,0.11,0.84,0.1418,0,0,0.6133,0.000128
1564,1573,1573,1076,em-9d861b51bd30,波乗りキング,water,R,18,776,2582,3,1ターンの間、水属性の味方全員の攻撃力を70%増加させる,counteraction,4,0.375,0,0,0,1,0.11,0.86,0.1418,0,0,0.9585,0.000199
1565,1575,1575,1299,em-1dbd8ae5b939,国宝！白鷺嬢,water,CR,12,1200,500,3,自身のHPを40%回復する,advantage_creation,4,0.375,0,0,0,1,0.11,0.87,0.1418,0,0,0.9152,0.00019
1566,1576,1576,1300,em-5c142a19c12c,菅大臣・どうしん様,water,CR,24,2649,2504,1,水属性の味方全員のHPを20%回復する,advantage_creation,4,0.375,0,1,0,1,0.11,0.84,0.1418,0,0,0.9151,0.00019
1567,1582,1582,866,em-a0762b5d76ab,シーラちゃん,water,N,5,600,550,4,3ターンの間、水属性の敵に対する味方全員の攻撃力を50%増加させる,counteraction,4,0.375,0,0,0,1,0.11,0.86,0.1418,0,0,0.975,0.000203
1568,1585,1585,1080,em-f8bc07a12f5c,Ir☆D☆F！,water,R,19,1,2839,6,1ターンの間、水属性の攻撃を自身に集中させる(100%カット),advantage_creation,4,0.375,0,0,0,1,0.11,0.87,0.1418,0,0,0.9583,0.000199
1569,1586,1586,1510,em-837ddd274c7d,夢見る夢ナマコ,water,ZR,15,2224,1226,6,1ターンの間、水属性の攻撃をリーダーに集中させる(95%カット),advantage_creation,4,0.375,0,0,0,1,0.11,0.86,0.1418,0,0,0.7944,0.000165
1570,1587,1587,1267,em-48fc0bb31337,踊る☆なまずおじさん,water,MZR,60,5793,2130,3,2ターンの間、味方全員に風属性の敵からのダメージを85%軽減するシールドを与える,advantage_creation,4,0.375,0,0.25,0,1,0.11,0.86,0.1418,0,0,0.6102,0.000192
1571,1589,1589,1303,em-29a5da4c1e2f,有棘画工,water,CR,20,4025,805,3,5ターンの間、自身の攻撃が2回連続攻撃になる,counteraction,4,0.375,0,0,0,1,0.11,0.88,0.1418,0,0,0.9145,0.00019
1572,1598,1597,868,em-fd111e204918,アルビールパイセン,water,N,19,467,2608,3,水属性の敵全員の攻撃カウントを1増加させる,ignored,4,0.375,0,0,0,1,0.1,0.87,0.1316,0,0,0.9748,0.000203
1573,1601,1600,1304,em-3740a2113341,ぴぐぺん選手,water,CR,22,950,3220,0,1ターンの間、風属性の攻撃を自身に集中させる(91%カット),advantage_creation,4,0.375,0,0.75,1,1,0.1,0.84,0.1316,0,0,0.9143,0.00019
1574,1602,1601,1306,em-31faaa08a3e5,ジャノメぴよ子,water,CR,8,1105,1122,7,2ターンの間、水属性の攻撃を自身に集中させる(90%カット),advantage_creation,4,0.375,0,0,0,1,0.1,0.87,0.1316,0,0,0.9142,0.00019
1575,1613,1613,224,em-37fd7478d2d8,壺風味の何か,fire,N,16,2809,888,1,3ターンの間、味方全員に火属性の敵からのダメージを20%軽減するシールドを与える,advantage_creation,4,0.375,0,1,0,1,0.09,0.83,0.121,0,0,0.9747,0.000676
1576,1626,1626,871,em-573a74e6170b,God of 魚ぉ！,water,N,8,1269,1128,4,味方全員のHPを45%回復する,advantage_creation,4,0.375,0,0,0,1,0.08,0.82,0.1099,0,0,0.9747,0.000203
1577,1631,1631,1081,em-c6785d8f86c3,中央アルプスの犬,water,R,9,600,400,2,1ターンの間、味方全員に火属性の敵からのダメージを40%軽減するシールドを与える,advantage_creation,4,0.375,0,0,0,1,0.07,0.82,0.0983,0,0,0.9577,0.000199
1578,1633,1633,1515,em-258850fee1ca,時計塔の魔女娘,water,ZR,30,5523,1614,2,火属性の味方全員のスキルカウントを2減少させる,ignored,4,0.375,0,0,0,1,0.07,0.88,0.0983,0,0,0.7921,0.000165
1579,1635,1635,1516,em-eb4ef5fa8f2f,応援ぴよ子団長,all,ZR,60,1111,1111,12,1ターンの間、味方全員の攻撃力を500%増加させる,counteraction,4,0.375,0,0,0,1,0.07,0.85,0.0983,0,0,0.7918,0.000165
1580,1639,1639,1083,em-2c819cc3029c,お稲荷さん,water,R,9,808,808,3,2ターンの間、風属性の敵に対する味方全員の攻撃力を150%増加させる,counteraction,4,0.375,0,0,0,1,0.06,0.84,0.0862,0,0,0.9575,0.000199
1581,1640,1640,1084,em-204ef16c9e26,カピ原雄さん,water,R,6,300,500,6,死亡している味方全員を20%のHPで蘇らせる,advantage_creation,4,0.375,0,0,0,1,0.06,0.88,0.0862,0,0,0.9574,0.000199
1582,1646,1646,876,em-c7088988ea18,ガンギマリのメル先生,water,N,12,597,341,5,3ターンの間、風属性の味方全員の攻撃が3回連続攻撃になる,counteraction,4,0.375,0,0,0,1,0.03,0.86,0.0463,0,0,0.9744,0.000203
1583,1647,1647,1310,em-b7a8623e2b49,のぶくろくん,fire,CR,8,500,700,8,2ターンの間、味方全員の攻撃が全体攻撃になる,counteraction,4,0.375,0,0,0,1,0.02,0.79,0.0316,0,0,0.9132,0.00019
1584,1649,1649,1086,em-69c457dd7e6a,スミθ＆エð,water,R,13,3020,755,2,2ターンの間、火属性の攻撃を自身に集中させる。(90%カット),advantage_creation,4,0.375,0,0,0,1,0.02,0.82,0.0316,0,0,0.9573,0.000199
1585,1650,1650,1311,em-bd2931324bdc,夢ナマコちゃん,water,CR,15,1976,1090,6,1ターンの間、水属性の攻撃をリーダーに集中させる(90%カット),advantage_creation,4,0.375,0,0,0,1,0.01,0.84,0.0162,0,0,0.9129,0.00019
1586,1435,1434,1087,em-1e1a4317070b,ＫＲ２ジョー,fire,R,8,295,910,4,1ターンの間、風属性の敵に対する自身の攻撃力を500%増加させる,counteraction,4,0.25,0,0,0,1,0.15,0.78,0.1786,0,0,0.9571,0.000199
1587,1485,1485,1088,em-ed21bd124ab2,牛タソ☆行進曲,fire_water,R,14,755,1812,2,2ターンの間、攻撃を自身に集中させる(30%カット,advantage_creation,4,0.25,0,0,0,1,0.14,0.92,0.1699,0,0,0.9571,0.000199
1588,1494,1494,879,em-d6f4ebe1907b,猫キャット,fire,N,4,150,700,1,自身のHPを100%回復する,advantage_creation,4,0.25,0,0.25,0,1,0.13,0.78,0.1609,0,0,0.9742,0.000203
1589,1527,1528,880,em-73a9cdab3511,リンゴール子爵,water,N,3,300,200,4,火属性の敵全員の攻撃カウントを1増加させる,ignored,4,0.25,0,0,0,1,0.12,0.82,0.1515,0,0,0.9741,0.000203
1590,1528,1529,881,em-efaa90d2f7dc,竹輪先生,fire,N,3,150,700,5,1ターンの間、自身の攻撃力を100%増加させる,counteraction,4,0.25,0,0,0,1,0.12,0.83,0.1515,0,0,0.9741,0.000203
1591,1529,1530,882,em-950c6a19b78f,竹輪総理,fire,N,6,250,1100,3,1ターンの間、自身の攻撃力を200%増加させる,counteraction,4,0.25,0,0,0,1,0.12,0.83,0.1515,0,0,0.9741,0.000202
1592,1531,1532,1625,em-cc5e3cfa7400,綺麗なソフィアさん,water_wind,MZR,62,7157,1704,1,1ターンの間、自身の攻撃が4回連続攻撃になる,counteraction,4,0.25,0,0,0,1,0.12,0.82,0.1515,0,0,0.5997,0.000125
1593,1532,1533,885,em-acc7e76f32c6,満開☆チゥりっぷちゃん,fire_water,N,20,563,2957,2,1ターンの間、味方全員の属性を水属性に変更する,adaptive,4,0.25,0,0,0,1,0.12,0.82,0.1515,0,0,0.974,0.000202
1594,1533,1534,1313,em-f21bf8aa6e67,独眼竜！梵天。,water,CR,23,2254,2576,5,2ターンの間、味方全員の攻撃が全体攻撃になる,counteraction,4,0.25,0,0,0,1,0.12,0.82,0.1515,0,0,0.9118,0.00019
1595,1534,1535,1626,em-1e8ec25622df,切間・ンジャロさん,fire_wind,MZR,39,5871,3442,4,リーダーのスキルカウントを4減少させる,ignored,4,0.25,0,0,0,1,0.12,0.83,0.1515,0,0,0.5981,0.000124
1596,1535,1536,1522,em-82e855b7910f,栗林掬太郎,water_wind,ZR,33,5453,2385,4,水属性の味方全員のHPを100%回復する,advantage_creation,4,0.25,0,0,0,1,0.12,0.88,0.1515,0,0,0.787,0.000164
1597,1536,1537,1627,em-66075c4def49,K・Y・イマガワ,fire_wind,MZR,40,5793,3237,5,3ターンの間、風属性の味方全員の攻撃力を200%増加させる,counteraction,4,0.25,0,0,0,1,0.12,0.92,0.1515,0,0,0.597,0.000124
1598,1545,6,60,em-d932b3b4e7ed,狼先生ジョン,fire,R,18,1963,2869,1,2ターンの間、自身の属性を水属性に変更する,adaptive,4,0.25,0,0.75,0,1,0.11,0.85,0.1418,0,1,0.9563,0.00394
1599,1548,1548,1094,em-43c2f997e41c,きっしん,fire,R,7,170,830,5,1ターンの間、自身の攻撃力を300%増加させる,counteraction,4,0.25,0,0,0,1,0.11,0.82,0.1418,0,0,0.9562,0.000199
1600,1549,1549,1095,em-9f7e593bdb96,鮒麿,water,R,7,520,460,5,味方全員のHPを60%回復する,advantage_creation,4,0.25,0,0,0,1,0.11,0.82,0.1418,0,0,0.9561,0.000199
1601,1550,1550,1314,em-20df4bd7efaf,白鷺嬢,water,CR,8,800,420,3,自身のHPを30%回復する,advantage_creation,4,0.25,0,0,0,1,0.11,0.76,0.1418,0,0,0.9109,0.000189
1602,1551,1551,1097,em-71820072d6c5,松浦凜子,water,R,6,603,603,4,1ターンの間、火属性の敵に対する味方全員の攻撃力を50%増加させる,counteraction,4,0.25,0,0,0,1,0.11,0.82,0.1418,0,0,0.956,0.000199
1603,1553,1553,1098,em-39a55990bbc4,願え！クルスさん,water,R,11,800,800,1,1ターンの間、自身の属性を火属性に変更する,adaptive,4,0.25,0,0.25,0,1,0.11,0.84,0.1418,0,0,0.9559,0.000199
1604,1554,1554,1318,em-13af16d2213d,ににぎくん,water,CR,8,590,630,6,1ターンの間、水属性の味方全員の攻撃力を30%増加させる,counteraction,4,0.25,0,0,0,1,0.11,0.86,0.1418,0,0,0.9105,0.000189
1605,1556,1556,1099,em-61221298dafe,大内ちゃん,water,R,5,603,603,5,水属性の味方全員のHPを30%回復する,advantage_creation,4,0.25,0,0,0,1,0.11,0.81,0.1418,0,0,0.9558,0.000199
1606,1558,1558,890,em-60fd008b3a8b,なるとくん,water,N,6,700,600,5,1ターンの間、水属性の味方全員の攻撃力を30%増加させる,counteraction,4,0.25,0,0,0,1,0.11,0.83,0.1418,0,0,0.9734,0.000202
1607,1559,1559,1102,em-737815742386,タオるんさん先輩,water,R,12,800,1000,3,1ターンの間、水属性の攻撃を自身に集中させる。(50%カット),advantage_creation,4,0.25,0,0,0,1,0.11,0.85,0.1418,0,0,0.9556,0.000199
1608,1562,1562,1104,em-e9a9af4ae9bc,梨豚ぴぐぺん,fire_water,R,6,500,600,2,1ターンの間、水属性の敵に対する自身の攻撃力を150%増加させる。,counteraction,4,0.25,0,0.25,0,1,0.11,0.83,0.1418,0,0,0.9555,0.000199
1609,1563,1563,1105,em-ff9248487a17,じょーカー＆ちょーカー,water,R,14,800,1000,5,敵全員の攻撃カウントを1増加させる。,ignored,4,0.25,0,0,0,1,0.11,0.82,0.1418,0,0,0.9554,0.000199
1610,1564,1564,1530,em-1e4dd5118669,三春瀧さくら,fire_wind,ZR,38,3919,3408,4,1ターンの間、味方全員に水属性の敵からのダメージを50%軽減するシールドを与える,advantage_creation,4,0.25,0,0,0,1,0.11,0.86,0.1418,0,0,0.7825,0.000163
1611,1565,1565,327,em-4ae7fba92e2c,アデヤッコちゃん,water_wind,CR,27,2351,2556,0,2ターンの間、自身の属性を水属性に変更する,adaptive,4,0.25,0,1,1,1,0.11,0.8,0.1418,0,0,0.9095,0.000276
1612,1566,1566,1107,em-2110fa48fdc1,グリンすマン・ﾌｨｰﾊﾞｰ!,water_wind,R,22,1661,1736,5,敵全員の攻撃カウントを2増加させる,ignored,4,0.25,0,0,0,1,0.11,0.83,0.1418,0,0,0.9552,0.000199
1613,1568,1568,241,em-fc61ebfabf67,(Ｕ^ω^)亭馬琴,water,CR,20,2576,644,0,2ターンの間、攻撃を自身に集中させる(10%カット),advantage_creation,4,0.25,0,1,1,1,0.11,0.78,0.1418,0,0,0.9092,0.000572
1614,1570,1570,1320,em-1c71acfdc139,星の白金ぴよ子,water,CR,5,999,999,0,なし,none,4,0.25,0,0,1,1,0.11,0.84,0.1418,0,0,0.9091,0.000189
1615,1571,1571,1532,em-bc2106c87bcd,?????,water,ZR,15,511,2811,3,5ターンの間、自身にダメージを55%軽減するシールドを与える,advantage_creation,4,0.25,0,0,0,1,0.11,0.84,0.1418,0,0,0.7808,0.000162
1616,1572,1572,1109,em-c5dbda5d8d5b,湘南パボーイ,water,R,12,318,911,4,1ターンの間、水属性の味方全員の攻撃力を40%増加させる,counteraction,4,0.25,0,0,0,1,0.11,0.84,0.1418,0,0,0.9549,0.000199
1617,1574,1574,1110,em-10adad665687,コマンドー下仁田,water,R,13,597,614,3,1ターンの間、攻撃をリーダーに集中させる(30%カット),advantage_creation,4,0.25,0,0,0,1,0.11,0.81,0.1418,0,0,0.9548,0.000198
1618,1577,1577,1111,em-06a82dd4f95a,やまとーる海将,water,R,18,2567,1208,4,2ターンの間、味方全員にダメージを50%軽減するシールドを与える,advantage_creation,4,0.25,0,0,0,1,0.11,0.85,0.1418,0,0,0.9547,0.000198
1619,1578,1578,904,em-57204b8d6ee6,伝説のWoo怪,water,N,12,1126,2393,4,2ターンの間、自身の攻撃が3回連続攻撃になる,counteraction,4,0.25,0,0,0,1,0.11,0.79,0.1418,0,0,0.9728,0.000202
1620,1579,1579,1112,em-1b8d4b845182,キャミーという女,water,R,8,600,800,4,水属性の味方全員のHPを30%回復する,advantage_creation,4,0.25,0,0.25,0,1,0.11,0.8,0.1418,0,0,0.9545,0.000198
1621,1580,1580,1113,em-71504e292ebf,キャミー・the.女,water,R,13,1208,2567,3,水属性の味方全員のHPを40%回復する,advantage_creation,4,0.25,0,0,0,1,0.11,0.82,0.1418,0,0,0.9544,0.000198
1622,1581,1581,1114,em-1374a3351d4c,忍！fuま＆voたん,water_wind,R,17,1510,1510,3,1ターンの間、攻撃をリーダーに集中させる(75%カット),advantage_creation,4,0.25,0,0,0,1,0.11,0.85,0.1418,0,0,0.9543,0.000198
1623,1583,1583,1537,em-c0b8a38b4040,鹿喰らいの狼マン,fire_wind,ZR,47,4771,3748,2,3ターンの間、自身の攻撃が2回連続攻撃になる,counteraction,4,0.25,0,0,0,1,0.11,0.87,0.1418,0,0,0.7778,0.000162
1624,1584,1584,909,em-32e57ebd5904,ハンザギルドさん,water,N,12,1551,423,5,4ターンの間、水属性の攻撃を自身に集中させる(85%カット),advantage_creation,4,0.25,0,0,0,1,0.11,0.86,0.1418,0,0,0.9725,0.000202
1625,1588,1588,1117,em-86798e95c07f,ほたるん！卒業祭り,fire_wind,R,18,1132,2567,0,1ターンの間、自身の属性を水属性に変更する,adaptive,4,0.25,0,1,1,1,0.11,0.82,0.1418,0,0,0.954,0.000198
1626,1590,1590,1326,em-21262d62b170,ホーク＆フック,fire,CR,25,2093,2173,1,1ターンの間、火属性の攻撃を自身に集中させる(70%カット),advantage_creation,4,0.25,0,0.75,0,1,0.11,0.75,0.1418,0,0,0.9071,0.000189
1627,1591,1591,913,em-4299af9bd2dc,皐月むりょく,all,N,4,614,614,6,リーダーのスキルカウントを1減少させる,ignored,4,0.25,0,0,0,1,0.11,0.82,0.1418,0,0,0.9723,0.000202
1628,1599,1598,915,em-a91eca479689,嗚呼ヴァサクサ君,water,N,10,1880,374,2,風属性の味方全員のスキルカウントを1減少させる,ignored,4,0.25,0,0,0,1,0.1,0.82,0.1316,0,0,0.9723,0.000202
1629,1600,1599,1120,em-07c5bc08f69e,朦朧ボディマンΩ,water,R,16,755,3020,10,1ターンの間、味方全員の攻撃が5回連続攻撃になる,counteraction,4,0.25,0,0,0,1,0.1,0.79,0.1316,0,0,0.9536,0.000198
1630,1603,1602,1628,em-0277eca3d9cf,ゆる神の像＆ピヨか？,all,MZR,60,426,511,3,1ターンの間、攻撃を自身に集中させる(1%カット),advantage_creation,4,0.25,0,0,0,1,0.1,0.81,0.1316,0,0,0.5762,0.00012
1631,1611,1611,1330,em-4d4bf14cc827,いはと先輩,water,CR,15,1000,1400,3,風属性の敵全員の攻撃カウントを1増加させる,ignored,4,0.25,0,0,0,1,0.09,0.79,0.121,0,0,0.9062,0.000188
1632,1612,1612,917,em-0f9cbc48c65a,船党かっさーのん,water,N,5,400,500,5,1ターンの間、リーダーの攻撃力を150%増加させる,counteraction,4,0.25,0,0,0,1,0.09,0.82,0.121,0,0,0.972,0.000202
1633,1614,1614,919,em-a8f48fb9a527,タミちゃんの火祭り,fire_wind,N,15,1,2402,4,3ターンの間、自身の攻撃が全体攻撃になる,counteraction,4,0.25,0,0,0,1,0.09,0.74,0.121,0,0,0.9719,0.000202
1634,1622,1622,1331,em-879d09afc46a,アイアン下仁田,water,CR,17,907,900,2,1ターンの間、攻撃をリーダーに集中させる(30%カット),advantage_creation,4,0.25,0,0,0,1,0.08,0.79,0.1099,0,0,0.9056,0.000188
1635,1623,1623,923,em-d4e50f80f825,コーベリアル,water,N,4,305,297,2,1ターンの間、火属性の攻撃を自身に集中させる(50%カット),advantage_creation,4,0.25,0,0,0,1,0.08,0.81,0.1099,0,0,0.9718,0.000202
1636,1624,1624,1333,em-664c9287613d,阿蘇さん,fire,CR,8,820,500,1,1ターンの間、水属性の攻撃を自身に集中させる(50%カット),advantage_creation,4,0.25,0,0.5,0,1,0.08,0.83,0.1099,0,0,0.9051,0.000188
1637,1625,1625,925,em-357d76cd5b69,のり男さん,water,N,5,424,356,3,2ターンの間、火属性の攻撃を自身に集中させる(60%カット),advantage_creation,4,0.25,0,0,0,1,0.08,0.78,0.1099,0,0,0.9716,0.000202
1638,1628,1628,1130,em-90e071b9735c,乗り海苔カスティリャ,water_wind,R,16,2707,1223,2,1ターンの間、火属性の攻撃を自身に集中させる(83%カット),advantage_creation,4,0.25,0,0,0,1,0.07,0.8,0.0983,0,0,0.9526,0.000198
1639,1629,1629,309,em-1eb8ca42b88a,日南のモア蔵,water,N,14,3534,424,3,2ターンの間、攻撃を自身に集中させる(30%カット),advantage_creation,4,0.25,0,0.25,0,1,0.07,0.78,0.0983,0,0,0.9715,0.000315
1640,1630,1630,1132,em-e5027c0cc6fa,みかんの姐御,water,R,17,2265,1510,3,2ターンの間、風属性の味方全員の攻撃が全体攻撃になる,counteraction,4,0.25,0,0,0,1,0.07,0.86,0.0983,0,0,0.9523,0.000198
1641,1632,1632,1134,em-ec43e91715ed,大谷雪之ちゃん,water,R,13,3171,604,2,2ターンの間、味方全員に火属性の敵からのダメージを50%軽減するシールドを与える,advantage_creation,4,0.25,0,0,0,1,0.07,0.83,0.0983,0,0,0.9522,0.000198
1642,1634,1634,1629,em-0ee8cd6c9dab,黄金時代！K・ワンダー,all,MZR,60,3,3,1,1ターンの間、自身の攻撃が10回連続攻撃になる,counteraction,4,0.25,0,0,0,1,0.07,0.74,0.0983,0,0,0.5651,0.000117
1643,1636,1636,1552,em-5a8b6c2acb19,ユスリカ,water,ZR,45,5282,1414,0,1ターンの間、自身の攻撃が全体攻撃になる,counteraction,4,0.25,0,0,1,1,0.07,0.78,0.0983,0,0,0.7679,0.00016
1644,1638,1638,1137,em-3229594a4a2c,おあげちゃん,water,R,5,315,305,3,1ターンの間、風属性の敵に対する味方全員の攻撃力を50%増加させる,counteraction,4,0.25,0,0,0,1,0.06,0.81,0.0862,0,0,0.9517,0.000198
1645,1641,1641,1138,em-3d2c7dfded66,サタデーナイト郡上,water,R,6,500,600,7,1ターンの間、味方全員の攻撃が全体攻撃になる,counteraction,4,0.25,0,0,0,1,0.06,0.83,0.0862,0,0,0.9515,0.000198
1646,1642,1642,934,em-17e6d828aa8d,かなりたっくん,fire,N,5,195,685,5,1ターンの間、自身の攻撃力を150%増加させる,counteraction,4,0.25,0,0,0,1,0.06,0.82,0.0862,0,0,0.9708,0.000202
1647,1643,1643,1336,em-6437dd94e076,河口西子,water,CR,15,900,1300,6,敵全員の攻撃カウントを2増加させる,ignored,4,0.25,0,0,0,1,0.06,0.85,0.0862,0,0,0.902,0.000188
1648,1644,1644,1338,em-bb16895fa31d,ハルキさんとゲニアさん,water,CR,26,3074,813,6,火属性の敵全員の攻撃カウントを5増加させる,ignored,4,0.25,0,0,0,1,0.06,0.83,0.0862,0,0,0.9016,0.000187
1649,1645,1645,1560,em-30e2f325f3af,尾索戦隊ｻﾙﾊﾟﾝｼﾞｬｰ,water,ZR,28,4907,1022,2,1ターンの間、自身の攻撃が10回連続攻撃になる,counteraction,4,0.25,0,0,0,1,0.06,0.84,0.0862,0,0,0.7625,0.000159
1650,1648,1648,942,em-d64cb9cf5bb3,それマジカ,water,N,3,350,500,5,1ターンの間、火属性の攻撃を自身に集中させる。(90%カット),advantage_creation,4,0.25,0,0,0,1,0.02,0.82,0.0316,0,0,0.97,0.000202
