総合順位,有利獲得順位,対抗順位,予測使用順位,ID,名前,属性,レア度,コスト,HP,Power,スキルターン,スキル名,行動区分,評価盤面数,予測勝率,勝率信頼下限,実発動率,登場時発動可能率,盤面充足率,味方維持率,敵進行率,攻守均衡,有利獲得/盤面,対抗/盤面,推定所持率,予測使用率
1,152,75,7,em-ba817035b6a5,ハクさんの本気,water,MZR,38,4601,4089,5,3ターンの間、味方全員の攻撃力を125%増加させる,counteraction,4,0.875,0.63,1,1,1,0.2083,1,0.2922,0,0,0.92,0.011659
2,4,76,1,em-204ef16c9e26,カピ原雄さん,water,R,6,300,500,6,死亡している味方全員を20%のHPで蘇らせる,advantage_creation,4,0.75,0.4671,1,1,1,0.5,1,0.5,1,0,1,0.01787
3,153,77,5,em-2a01f5ee5de4,ガラパゴスおぅぼっと,water,R,12,1200,600,4,2ターンの間、味方全員にダメージを40%軽減するシールドを与える,advantage_creation,4,0.75,0.4671,1,1,1,0.375,1,0.4063,0,0,0.9999,0.011995
4,154,78,8,em-671838a10625,皐月ニート,water,N,4,614,614,6,水属性の味方全員のスキルカウントを1減少させる,ignored,4,0.75,0.4671,0,1,1,0.375,1,0.4063,0,0,0.9999,0.011313
5,71,79,6,em-df28e035685e,ハル先輩,fire_water,N,11,626,1096,5,味方全員のHPを170%回復する,advantage_creation,4,0.75,0.4671,1,1,1,0.3375,1,0.3869,0.25,0,0.9999,0.011808
6,155,80,12,em-9c344f264735,カロリスト・カル子,water,MZR,40,6999,2499,5,1ターンの間、風属性の攻撃を自身に集中させる(99%カット),advantage_creation,4,0.75,0.4671,0.5,1,1,0.3333,1,0.3795,0,0,0.9187,0.009836
7,156,81,15,em-960c8d1446c2,GC・アガッシィΩ,fire,MZR,42,3578,3578,4,3ターンの間、水属性の味方全員の攻撃が4回連続攻撃になる,counteraction,4,0.75,0.4671,0,1,1,0.3036,1,0.3579,0,0,0.9184,0.009562
8,20,82,2,em-78c7d71a75d2,美音三銃士を連れてきたよ,all,ZR,50,6475,3748,5,死亡している味方全員を20%のHPで甦らせる,advantage_creation,4,0.75,0.4671,1,1,1,0.2917,1,0.3125,0.75,0,0.9689,0.01341
9,72,83,10,em-28a4ccf4cbfc,ステンバーイちび蔵,fire_water,ZR,24,596,3748,4,死亡している水属性の味方全員を30%のHPで蘇らせる,advantage_creation,4,0.75,0.4671,1,1,1,0.2063,1,0.2574,0.25,0,0.9688,0.0103
10,157,84,14,em-455f884e0481,迷菓ぴよ子先生,fire,R,7,662,700,5,1ターンの間、火属性の味方全員の攻撃力を100%増加させる,counteraction,4,0.75,0.4671,1,1,1,0.1625,1,0.2209,0,0,0.9997,0.009576
11,158,85,16,em-dc6446295503,ハズクちゃん,fire,R,8,400,300,9,1ターンの間、火属性の味方全員の攻撃が3回連続攻撃になる,counteraction,4,0.75,0.4671,0,0,1,0.1667,1,0.2188,0,0,0.9996,0.009321
12,159,86,17,em-8527b3dd869a,帰って来たいぬやマン,fire_water,R,21,1661,1661,4,1ターンの間、味方全員の攻撃力を150%増加させる,counteraction,4,0.75,0.4671,1,1,1,0.1458,1,0.2029,0,0,0.9996,0.00906
13,160,87,22,em-e394b3795363,伝説の少女キャンディ,fire_wind,MZR,50,5507,5507,7,味方全員のスキルカウントを5減少させる,ignored,4,0.75,0.4671,0,0.5,1,0.125,1,0.1786,0,0,0.9168,0.008079
14,161,88,20,em-2f3883a74098,jaック・ザ・ナイト,fire_wind,N,10,1408,1267,4,2ターンの間、自身の攻撃が3回連続攻撃になる,counteraction,4,0.75,0.4671,0,1,1,0.1027,1,0.1481,0,0,0.9997,0.008569
15,162,89,21,em-198e928f6d0b,なるとマン,water,N,9,800,700,4,1ターンの間、水属性の味方全員の攻撃力を50%増加させる,counteraction,4,0.75,0.4671,1,1,1,0.0982,1,0.1436,0,0,0.9997,0.008336
16,163,90,19,em-d74e6be8b4b9,クビキリギス,fire,ZR,40,3800,3544,4,2ターンの間、自身にダメージを90%軽減するシールドを与える,advantage_creation,4,0.75,0.4671,1,1,1,0.0607,1,0.0934,0,0,0.9677,0.008793
17,164,91,26,em-bc5f259cf576,まさか殿(微マジ),all,MZR,60,5453,6305,7,1ターンの間、自身の攻撃が40回連続攻撃になる,counteraction,4,0.625,0.38,0,0,1,0.125,1,0.1563,0,0,0.9157,0.007222
18,38,92,18,em-1ad78d7d3c2f,狐仮面,fire,MZR,22,2215,1789,4,死亡している味方全員を1%のHPで蘇らせる,advantage_creation,4,0.625,0.38,1,1,1,0.0938,1,0.125,0.5,0,0.9155,0.009045
19,165,93,25,em-a84e9301da18,パワフル☆ばん馬ばん,fire,N,5,600,350,4,1ターンの間、風属性の敵に対する自身の攻撃力を1500%増加させる,counteraction,4,0.625,0.38,0,1,1,0.0625,1,0.0893,0,0,0.9996,0.007464
20,19,94,9,em-b943dbad0d0c,姫武者伏姫,water,MZR,54,6253,3823,5,2ターンの間、攻撃を自身に集中させる(85%カット),advantage_creation,30,0.45,0.2783,0.9667,0.8667,1,0.2417,0.7545,0.2819,0.9,0,0.9149,0.01098
21,166,95,27,em-309e9bdb12e4,萌やし戦士,water,R,14,773,2573,4,2ターンの間、自身の攻撃力を300%増加させる,counteraction,4,0.75,0.26,1,1,1,0.6188,0.775,0.6588,0,0,0.9993,0.00705
22,5,96,3,em-124dc5391da9,オクト・パップ,fire,R,6,888,200,6,味方全員のHPを88%回復する,advantage_creation,4,0.75,0.26,0.75,0.5,1,0.5492,0.8269,0.5952,1,0,0.9992,0.012621
23,6,97,4,em-07a788dc89b4,シャボテン丸,water,R,11,400,600,6,死亡している味方全員を30%のHPで蘇らせる,advantage_creation,4,0.75,0.26,0.75,0.75,1,0.5313,0.8056,0.5481,1,0,0.9992,0.012267
24,21,98,11,em-144424b04d69,あろまさん,water,N,5,450,650,4,死亡している水属性の味方全員を10%のHPで蘇らせる,advantage_creation,4,0.75,0.26,1,1,1,0.4759,0.9231,0.5477,0.75,0,0.9995,0.010119
25,167,99,33,em-354b4786550a,魔滅！鷹山先生,water_wind,R,27,1283,1283,4,風属性の敵全員の攻撃カウントを2増加させる,ignored,4,0.75,0.26,0,1,1,0.4634,0.8958,0.5401,0,0,0.9991,0.006314
26,73,100,28,em-59ac9769ef60,神犬八房伏姫様,water,CR,24,4093,1223,4,2ターンの間、攻撃を自身に集中させる(70%カット),advantage_creation,4,0.75,0.26,1,1,1,0.475,0.8409,0.5378,0.25,0,0.9884,0.006917
27,168,101,35,em-fc5d66138cad,端午ぴよ子,water,CR,13,1543,2512,5,3ターンの間、自身の攻撃が全体攻撃になる,counteraction,4,0.75,0.26,0,1,1,0.475,0.875,0.5378,0,0,0.9883,0.005919
28,169,102,36,em-d8349efcae1b,鰹でよくね?,water,N,5,700,700,7,リーダーのスキルカウントを4減少させる,ignored,4,0.75,0.26,0,0.25,1,0.475,0.825,0.5378,0,0,0.9994,0.005822
29,170,103,38,em-9fed59290cda,ユッフィー先生,water,R,15,800,800,5,2ターンの間、水属性の味方全員の攻撃力を120%増加させる,counteraction,4,0.75,0.26,1,1,1,0.483,0.8333,0.5311,0,0,0.999,0.005664
30,171,104,40,em-e4f94dd73b29,あっしゅTHEﾗｯﾊﾟｰ,fire_water,CR,12,1500,700,5,1ターンの間、火属性の攻撃を自身に集中させる(30%カット),advantage_creation,4,0.75,0.26,0.75,0.75,1,0.5,0.7917,0.5283,0,0,0.9881,0.005449
31,172,105,42,em-8421c50f30c7,しょーかさん,water,R,8,700,800,6,1ターンの間、水属性の味方全員の攻撃が2回連続攻撃になる,counteraction,4,0.75,0.26,0,0.75,1,0.4583,0.8462,0.5199,0,0,0.9989,0.005371
32,7,106,13,em-832edc9513ca,Ｈ・Ｆ・ウーマン,fire,MZR,45,6305,3748,4,1ターンの間、攻撃を自身に集中させる(88%カット),advantage_creation,4,0.75,0.26,1,1,1,0.4476,0.9063,0.5195,1,0,0.9117,0.009735
33,173,107,46,em-518934908b79,こんにゃくさん,water,N,5,400,400,8,2ターンの間、攻撃を自身に集中させる(60%カット),advantage_creation,4,0.75,0.26,0,0,1,0.4722,0.8654,0.5142,0,0,0.9993,0.005093
34,74,108,37,em-a5c7dcdde3ff,水島神人発見される,water,R,10,900,400,4,1ターンの間、攻撃を自身に集中させる(70%カット),advantage_creation,4,0.75,0.26,1,1,1,0.4429,0.9063,0.4959,0.25,0,0.9988,0.005705
35,174,109,50,em-609b9d122d32,ネオむりょく,all,N,6,168,149,6,1ターンの間、攻撃を自身に集中させる(90%カット),advantage_creation,4,0.75,0.26,0.75,0.75,1,0.4208,0.8929,0.4911,0,0,0.9993,0.004817
36,75,110,41,em-608e027bd3d8,建国の騎士団,water,R,12,800,700,8,3ターンの間、水属性の攻撃を自身に集中させる(70%カット),advantage_creation,4,0.75,0.26,0.25,0,1,0.4042,0.8864,0.4805,0.25,0,0.9987,0.005421
37,175,111,57,em-2a715d5b73f6,白水師匠,fire,R,12,780,820,6,2ターンの間、火属性の味方全員の攻撃が全体攻撃になる,counteraction,4,0.75,0.26,0,0.75,1,0.425,0.975,0.4798,0,0,0.9987,0.004559
38,22,112,23,em-cc5744474846,芳一さん,fire,N,5,400,500,6,死亡している火属性の味方全員を10%のHPで蘇らせる,advantage_creation,4,0.75,0.26,0.75,0.75,1,0.4236,0.7885,0.4747,0.75,0,0.9992,0.007983
39,76,113,48,em-f6360fa6b0ca,伝統のうるっしー,fire,CR,16,1800,600,4,1ターンの間、攻撃を自身に集中させる(70%カット),advantage_creation,4,0.75,0.26,1,1,1,0.4018,0.875,0.4728,0.25,0,0.9875,0.004992
40,176,114,65,em-f86c4c085efd,メガネ系ほぬー類,fire,CR,12,700,600,4,味方全員のスキルカウントを1減少させる,ignored,4,0.75,0.26,0,1,1,0.4122,0.85,0.4677,0,0,0.9875,0.004168
41,77,115,60,em-83c97b8f4e6e,アルルのキャミー,water,MZR,40,4001,6236,4,水属性の味方全員のHPを166%回復する,advantage_creation,4,0.75,0.26,1,1,1,0.3919,0.9231,0.4607,0.25,0,0.9093,0.004364
42,177,116,69,em-deea7d56d1a1,淡路な文楽軒師匠,water,R,12,1512,1551,6,水属性の味方全員のスキルカウントを3減少させる,ignored,4,0.75,0.26,0,0.75,1,0.3875,0.875,0.4604,0,0,0.9985,0.004
43,178,117,72,em-f9ed70b034c7,チロ江さん,fire_wind,R,16,3020,1510,6,2ターンの間、火属性の味方全員の攻撃が6回連続攻撃になる,counteraction,4,0.75,0.26,0,0.75,1,0.3921,0.8462,0.4568,0,0,0.9985,0.003886
44,179,118,77,em-f21bf8aa6e67,独眼竜！梵天。,water,CR,23,2254,2576,5,2ターンの間、味方全員の攻撃が全体攻撃になる,counteraction,4,0.75,0.26,0,0.75,1,0.3943,0.7917,0.4552,0,0,0.9872,0.003738
45,180,119,78,em-3e85387d97e5,荒ぶるこんにゃく,water,N,7,486,484,8,3ターンの間、攻撃を自身に集中させる(70%カット),advantage_creation,4,0.75,0.26,0.5,0.5,1,0.4,0.825,0.4551,0,0,0.999,0.003685
46,181,120,82,em-e1a6af095fc1,驀進叡智通,fire,N,7,450,530,4,1ターンの間、火属性の味方全員の攻撃力を100%増加させる,counteraction,4,0.75,0.26,1,1,1,0.35,0.8636,0.4441,0,0,0.999,0.003587
47,182,121,92,em-e8fc5c7a59a4,猫毘沙門天,fire,MZR,36,4430,4089,4,3ターンの間、風属性の味方全員の攻撃が全体攻撃になる,counteraction,4,0.75,0.26,0,1,1,0.35,0.8333,0.4441,0,0,0.9076,0.003171
48,183,122,86,em-83b1d87342f9,コン美なん吉先生,water,CR,20,882,3381,4,死亡している味方全員を1%のHPで蘇らせる,advantage_creation,4,0.75,0.26,1,1,1,0.3929,0.875,0.4432,0,0,0.9869,0.003356
49,78,123,81,em-51bdb94ec3b1,熱ぅい！地獄雀,water,MZR,43,5964,3408,4,死亡している火属性の味方全員を130%のHPで蘇らせる,advantage_creation,4,0.75,0.26,1,1,1,0.3607,0.9583,0.4318,0.25,0,0.9071,0.003635
50,23,124,24,em-4b4011b90d8c,ロータス先輩,water_wind,CR,16,1932,1932,6,2ターンの間、味方全員に水属性の敵からのダメージを90%軽減するシールドを与える,advantage_creation,4,0.75,0.26,0.75,0.5,1,0.3646,0.7885,0.4275,0.75,0,0.9868,0.007751
51,24,125,30,em-594f4648caff,金閣鹿苑大先生,fire,N,7,1201,1201,4,死亡している水属性の味方全員を20%のHPで蘇らせる,advantage_creation,4,0.75,0.26,1,1,1,0.3333,0.8846,0.4261,0.75,0,0.9989,0.006489
52,184,126,97,em-bc840d35c547,ジ・あるじや,water,CR,20,4025,1610,4,水属性の味方全員のスキルカウントを2減少させる,ignored,4,0.75,0.26,0,1,1,0.375,0.8636,0.4261,0,0,0.9867,0.003022
53,185,127,99,em-ad0fa41f1980,輝け！叡智通,fire,N,12,1102,1300,4,1ターンの間、火属性の味方全員の攻撃力を110%増加させる,counteraction,4,0.75,0.26,1,1,1,0.3532,0.8462,0.4216,0,0,0.9989,0.002994
54,186,128,103,em-f7eb502f39f3,芋煮十郎,fire,N,5,580,200,6,1ターンの間、火属性の味方全員の攻撃が2回連続攻撃になる,counteraction,4,0.75,0.26,0,1,1,0.3576,0.95,0.4201,0,0,0.9988,0.002917
55,187,129,107,em-35e37020b193,æッシュちゃん,fire_water,CR,17,3542,2254,5,1ターンの間、火属性の攻撃を自身に集中させる(50%カット),advantage_creation,4,0.75,0.26,0.75,1,1,0.3259,0.7917,0.412,0,0,0.9865,0.002795
56,188,130,100,em-bfd568eb94ea,ベッピーさん,fire,R,12,712,692,5,2ターンの間、火属性の味方全員の攻撃力を80%増加させる,counteraction,4,0.75,0.26,1,1,1,0.3482,0.8182,0.3936,0,0,0.998,0.002944
57,189,131,116,em-65cc0d6a4bcc,TAGIの映画祭,water_wind,ZR,31,3748,2726,5,3ターンの間、水属性の味方全員の攻撃が3回連続攻撃になる,counteraction,4,0.75,0.26,0,1,1,0.2986,0.95,0.3884,0,0,0.9614,0.002591
58,79,132,85,em-c6a0a8b51afe,ライオットうお太,water,MZR,41,3152,4175,4,2ターンの間、味方全員に水属性の敵からのダメージを75%軽減するシールドを与える,advantage_creation,4,0.75,0.26,1,1,1,0.3079,0.8846,0.3876,0.25,0,0.9047,0.003485
59,190,133,114,em-b9e75bc0b1f9,わっしょいミカ先生,fire_wind,CR,20,4186,3220,5,3ターンの間、火属性の敵に対する味方全員の攻撃力を250%増加させる,counteraction,4,0.75,0.26,1,1,1,0.3056,0.875,0.3866,0,0,0.9862,0.002701
60,191,134,124,em-cd23be41d901,美顔なエンパナさん,fire,ZR,40,5623,4089,8,死亡している味方全員を150%のHPで蘇らせる,advantage_creation,4,0.75,0.26,0.25,0,1,0.3,0.9167,0.386,0,0,0.961,0.002398
61,192,135,127,em-fd03da115e54,まさか殿,fire,ZR,35,4396,4413,6,3ターンの間、火属性の味方全員の攻撃が2回連続攻撃になる,counteraction,4,0.75,0.26,0,0.5,1,0.3,0.8542,0.386,0,0,0.9608,0.00233
62,80,136,98,em-f8bc07a12f5c,Ir☆D☆F！,water,R,19,1,2839,6,1ターンの間、水属性の攻撃を自身に集中させる(100%カット),advantage_creation,4,0.75,0.26,0.5,0.75,1,0.2946,0.8462,0.3844,0.25,0,0.9978,0.003014
63,25,137,47,em-a62aee8d3548,レゲエじゃまいか,fire,MZR,40,5453,3748,4,死亡している水属性の味方全員を110%のHPで蘇らせる,advantage_creation,4,0.75,0.26,1,1,1,0.2973,0.8182,0.3777,0.75,0,0.9033,0.005028
64,193,138,130,em-9bd1ce6f159b,ハントン先輩,fire,N,6,650,700,6,1ターンの間、味方全員の攻撃が2回連続攻撃になる,counteraction,4,0.75,0.26,0,1,1,0.3125,0.875,0.3709,0,0,0.9986,0.002255
65,81,139,117,em-a87c308ef7c4,トミスLOVE様,water,MZR,52,4686,4686,4,死亡している火属性の味方全員を1%のHPで蘇らせる,advantage_creation,4,0.75,0.26,0.5,1,1,0.3135,0.8182,0.3704,0.25,0,0.9027,0.00256
66,194,140,138,em-ba3e87e06882,ぴよ子ファーザー,water,ZR,20,357,3577,4,2ターンの間、自身の攻撃力を400%増加させる,counteraction,4,0.75,0.26,1,1,1,0.2771,0.975,0.3702,0,0,0.96,0.002119
67,195,141,141,em-71820072d6c5,松浦凜子,water,R,6,603,603,4,1ターンの間、火属性の敵に対する味方全員の攻撃力を50%増加させる,counteraction,4,0.75,0.26,0.75,1,1,0.3042,0.9167,0.3692,0,0,0.9976,0.002094
68,196,142,146,em-9c1df245a2ec,のぶくろお館,fire,CR,16,1100,1300,6,2ターンの間、味方全員の攻撃が全体攻撃になる,counteraction,4,0.75,0.26,0,1,1,0.2917,0.85,0.3684,0,0,0.9856,0.002015
69,197,143,151,em-f4ac535052c1,ɑム・ɑクト・パップ,fire,R,13,1341,2416,4,味方全員のHPを88%回復する,advantage_creation,4,0.75,0.26,1,1,1,0.3046,0.9063,0.3597,0,0,0.9975,0.001979
70,198,144,154,em-3a859cb07c11,こんぴらさん先輩,water,CR,25,2898,2898,10,敵全員の攻撃カウントを5増加させる,ignored,4,0.75,0.26,0,0,1,0.2813,0.8077,0.3594,0,0,0.9855,0.001915
71,199,145,156,em-53cfa10130db,みさきちゃん,water,CR,10,800,1000,5,1ターンの間、水属性の味方全員の攻撃が2回連続攻撃になる,counteraction,4,0.75,0.26,0,1,1,0.2708,0.8889,0.3592,0,0,0.9854,0.001861
72,200,146,162,em-2c51c9073e5a,強化ゆる骨格のススメ,all,ZR,50,1704,1704,12,1ターンの間、火属性の攻撃を自身に集中させる(100%カット),advantage_creation,4,0.75,0.26,0,0,1,0.2917,0.7679,0.3549,0,0,0.9591,0.001764
73,201,147,164,em-01a16cce900c,伝説のロロちゃん,water,ZR,35,3748,3067,5,1ターンの間、水属性の味方全員の攻撃力を300%増加させる,counteraction,4,0.75,0.26,1,1,1,0.2679,0.8929,0.3495,0,0,0.959,0.001722
74,202,36,79,em-e0dcffe4d5d0,大魔神！せいタン降臨,fire,ZR,44,2044,6305,4,3ターンの間、火属性の味方全員の攻撃力を80%増加させる,counteraction,4,0.75,0.26,1,1,1,0.2563,0.975,0.3359,0,0.25,0.9588,0.003662
75,203,148,168,em-02e0499d8e24,朱雀,fire,ZR,36,4430,4941,4,1ターンの間、風属性の敵に対する味方全員の攻撃力を200%増加させる,counteraction,4,0.75,0.26,0.25,1,1,0.2563,0.8542,0.3359,0,0,0.9586,0.001639
76,204,149,180,em-49b522eac464,ジェヴォたんは狼？,all,MZR,43,3006,6022,4,3ターンの間、風属性の味方全員の攻撃が2回連続攻撃になる,counteraction,4,0.75,0.26,0,1,1,0.25,0.9167,0.3348,0,0,0.8997,0.001501
77,82,150,133,em-afce812f791d,めい子のMAY DAY,water,ZR,35,4123,4226,4,1ターンの間、風属性の攻撃をリーダーに集中させる(95%カット),advantage_creation,4,0.75,0.26,0.5,1,1,0.2431,0.8333,0.3262,0.25,0,0.9583,0.002161
78,205,151,153,em-b50530766df4,夏の妖精白良さん,water,R,19,1699,1699,4,2ターンの間、水属性の味方全員の攻撃力を100%増加させる,counteraction,4,0.75,0.26,1,1,1,0.2405,0.8542,0.3261,0,0,0.9972,0.001959
79,206,152,174,em-2a54c7e36890,ばん馬ばん,fire,N,4,400,250,5,1ターンの間、風属性の敵に対する自身の攻撃力を1750%増加させる,counteraction,4,0.75,0.26,0.25,1,1,0.2396,0.9167,0.318,0,0,0.9983,0.001553
80,207,153,179,em-74ebc57ab0a9,ニーハオさん,fire,CR,12,397,1216,5,1ターンの間、自身の攻撃力を150%増加させる,counteraction,4,0.75,0.26,1,1,1,0.2292,0.9444,0.3166,0,0,0.9848,0.001509
81,208,154,269,em-94dc3d86f691,碧海のオフタルもん,water,伝,75,10054,3919,4,5ターンの間、自身の攻撃が3回連続攻撃になる,counteraction,4,0.75,0.26,0,1,1,0.2188,0.9,0.2976,0,0,0.3824,0.000566
82,209,155,183,em-1290652c5171,萌やし博士,water,R,10,408,1212,4,1ターンの間、自身の攻撃力を300%増加させる,counteraction,4,0.75,0.26,1,1,1,0.2071,0.9286,0.2859,0,0,0.997,0.001458
83,39,156,90,em-b5e0f2fbff78,養老のバッカス,water,MZR,65,6475,3408,4,死亡している味方全員を1%のHPで蘇らせる,advantage_creation,4,0.75,0.26,1,1,1,0.2083,0.8846,0.2813,0.5,0,0.8978,0.003232
84,210,157,193,em-cec2f0ad9373,Dr.フォックス,water_wind,ZR,40,4089,4430,4,敵全員の攻撃カウントを1増加させる,ignored,4,0.75,0.26,0,1,1,0.1974,0.8542,0.2713,0,0,0.9572,0.001321
85,211,158,201,em-357427c8f331,反魂タン昼食TIME,water,MZR,27,3067,5623,4,2ターンの間、風属性の敵に対する自身の攻撃力を800%増加させる,counteraction,4,0.75,0.26,0.5,1,1,0.1806,0.9167,0.2592,0,0,0.8972,0.001217
86,212,159,196,em-5a81e8231a65,宗像スリーピース,water,ZR,39,4601,4089,5,2ターンの間、水属性の味方全員の攻撃が全体攻撃になる,counteraction,4,0.75,0.26,0,0.75,1,0.1721,0.8654,0.2467,0,0,0.9569,0.001268
87,213,160,195,em-9164bb93f13d,ロロさん,fire,CR,12,700,1000,7,死亡している火属性の味方全員を40%のHPで蘇らせる,advantage_creation,4,0.75,0.26,0.5,0.25,1,0.154,0.7885,0.2154,0,0,0.9843,0.001278
88,214,161,197,em-e5c147f9dafc,異国のトーマスん,fire,R,9,660,742,4,1ターンの間、自身の属性を水属性に変更する,adaptive,4,0.75,0.26,0.75,1,1,0.1438,0.8438,0.2109,0,0,0.9968,0.001258
89,142,162,194,em-271fbedbbf39,レオ,fire_wind,CR,22,2737,2093,4,1ターンの間、味方全員にダメージを80%軽減するシールドを与える,advantage_creation,30,0.4,0.2345,1,1,1,0.1103,0.659,0.1423,0.2333,0,0.9842,0.001309
90,215,32,87,em-9467ad3af2e0,大杵社のユッフィー,water,R,19,1699,1699,5,2ターンの間、水属性の味方全員の攻撃力を200%増加させる,counteraction,30,0.3833,0.2227,0.9667,0.9333,1,0.1808,0.7357,0.2012,0,0.4,0.9967,0.003346
91,64,163,147,em-c750011c554d,夢奈マコ（16才）,water,MZR,60,7497,2130,5,1ターンの間、攻撃を自身に集中させる(89%カット),advantage_creation,30,0.3833,0.216,0.9667,0.8,1,0.1383,0.7232,0.169,0.4333,0,0.8956,0.002006
92,146,164,145,em-8cff13c7ab2a,ツボの中のウツボン,fire,CR,13,1917,1917,6,3ターンの間、味方全員に水属性の敵からのダメージを80%軽減するシールドを与える,advantage_creation,30,0.35,0.2003,0.7,0.6333,1,0.1021,0.6666,0.1242,0.1333,0,0.984,0.002021
93,65,165,134,em-39adadcf380b,朱雀けいび,fire,N,5,305,335,6,死亡している火属性の味方全員を5%のHPで蘇らせる,advantage_creation,30,0.3667,0.1977,0.7333,0.6667,1,0.1626,0.6294,0.1887,0.4,0,0.998,0.002154
94,216,166,205,em-92e16a3efe92,ク・うぃーん王女,fire,CR,12,1100,1100,5,2ターンの間、味方全員の属性を火属性に変更する,adaptive,30,0.35,0.1862,0.2667,0.9333,1,0.1612,0.5934,0.1878,0,0,0.9839,0.001175
95,68,167,113,em-93e0810ca88c,宇壺田ウツ雄,fire,ZR,25,3067,3067,6,3ターンの間、味方全員に水属性の敵からのダメージを85%軽減するシールドを与える,advantage_creation,30,0.35,0.1862,0.8,0.6667,1,0.1648,0.7343,0.187,0.3,0,0.9555,0.002736
96,217,17,62,em-c358b6553866,ご機嫌斜めのウィーン様,all,MZR,58,4941,2896,5,3ターンの間、味方全員の攻撃力を150%増加させる,counteraction,30,0.35,0.1862,0.9667,0.8667,1,0.0821,0.6663,0.1128,0,0.5333,0.8942,0.004349
97,66,168,158,em-a81a753351d9,戸定梨香,all,MZR,28,3216,3534,4,死亡している味方全員を7%のHPで蘇らせる,advantage_creation,30,0.3333,0.1752,1,1,1,0.1575,0.7554,0.174,0.4,0,0.8939,0.00182
98,218,15,54,em-14d31235a3f8,かっちゃんのBIG強飯,fire_wind,ZR,48,3067,4601,4,2ターンの間、味方全員の攻撃力を120%増加させる,counteraction,30,0.3333,0.1752,1,1,1,0.1007,0.6533,0.1296,0,0.6333,0.955,0.004695
99,219,169,221,em-a6a4e9c825f7,ハズクの姐御,fire,R,14,1359,1510,6,1ターンの間、火属性の味方全員の攻撃が3回連続攻撃になる,counteraction,30,0.3,0.1622,0,0.7667,1,0.0341,0.6223,0.0482,0,0,0.9964,0.000985
100,143,170,163,em-b8c4235090fa,バビるわバビル君。,fire,MZR,39,5367,3441,4,3ターンの間、味方全員にダメージを55%軽減するシールドを与える,advantage_creation,30,0.3167,0.1574,1,1,1,0.1261,0.7148,0.1494,0.1667,0,0.8931,0.001725
101,220,171,227,em-d6cc97b363eb,ユウレイイカさん,water,CR,10,1363,1704,5,死亡している水属性の味方全員を1%のHPで蘇らせる,advantage_creation,4,0.625,0.1559,1,1,1,0.5,0.9375,0.5,0,0,0.9834,0.00093
102,221,172,229,em-0af21062aa7c,ｻﾗﾏﾝﾀﾞｰ祝High気分,fire_water,CR,30,2898,2817,6,味方全員のスキルカウントを4減少させる,ignored,4,0.625,0.1559,0,0.75,1,0.4643,0.875,0.4773,0,0,0.9833,0.00091
103,222,173,235,em-760bb0daf1c9,ゲキ悪オヤジ(神),all,ZR,53,5112,5112,6,敵全員の攻撃カウントを3増加させる,ignored,4,0.625,0.1559,0,0.75,1,0.45,0.8125,0.4674,0,0,0.9542,0.000864
104,223,174,233,em-89b0c363f296,川越マン,fire,CR,8,415,798,4,1ターンの間、風属性の敵に対する味方全員の攻撃力を50%増加させる,counteraction,4,0.625,0.1559,0.25,1,1,0.4286,0.9286,0.4516,0,0,0.9832,0.000873
105,8,175,34,em-f346c1f4c45d,八狗神伏姫様,water,ZR,35,5538,2130,4,3ターンの間、攻撃を自身に集中させる(65%カット),advantage_creation,4,0.625,0.1559,1,1,1,0.4222,0.975,0.4499,1,0,0.9539,0.006107
106,224,176,238,em-9329de26d52c,iびるん大魔王,all,R,14,1812,1963,5,1ターンの間、攻撃をリーダーに集中させる(50%カット),advantage_creation,4,0.625,0.1559,1,1,1,0.425,0.8654,0.4489,0,0,0.9961,0.000849
107,225,177,220,em-3cce096dfee9,カギサナ子,fire,CR,15,2415,2415,4,2ターンの間、リーダーの攻撃力を400%増加させる,counteraction,4,0.625,0.1559,1,1,1,0.381,0.8269,0.4196,0,0,0.983,0.000992
108,9,178,43,em-4089c86a52af,夢奈・マコ,water,MZR,15,2470,1363,6,1ターンの間、水属性の攻撃をリーダーに集中させる(100%カット),advantage_creation,4,0.625,0.1559,0.75,0.75,1,0.3643,0.8889,0.4058,1,0,0.8908,0.005345
109,226,179,242,em-91f26ad56eaa,神喫！さくらん兄妹,water,R,12,1510,1887,5,火属性の味方全員のスキルカウントを2減少させる,ignored,4,0.625,0.1559,0,1,1,0.3568,0.8333,0.4029,0,0,0.996,0.000801
110,227,180,212,em-4bde1481e932,黒電話おぅぼっと,water,R,9,1000,400,4,2ターンの間、味方全員にダメージを30%軽減するシールドを与える,advantage_creation,4,0.625,0.1559,1,1,1,0.3375,0.9,0.3869,0,0,0.996,0.001128
111,40,181,105,em-2a2200aaa8bd,バロック神父そん,fire,R,18,1993,1812,6,1ターンの間、火属性の攻撃を自身に集中させる(95%カット),advantage_creation,4,0.625,0.1559,0.75,0.75,1,0.35,0.8125,0.3816,0.5,0,0.9959,0.002892
112,228,182,246,em-b827590fe52d,芹沢くん,water,R,7,500,500,4,1ターンの間、攻撃をリーダーに集中させる(60%カット),advantage_creation,4,0.625,0.1559,1,1,1,0.35,0.95,0.3816,0,0,0.9959,0.000754
113,229,183,250,em-a3fc429e3d74,にくぁうさま,fire,CR,15,606,1876,4,1ターンの間、風属性の敵に対する自身の攻撃力を600%増加させる,counteraction,4,0.625,0.1559,0.75,1,1,0.3214,0.8182,0.3662,0,0,0.9826,0.000731
114,230,184,252,em-6a3f787c507e,梵天くん,water,CR,12,700,900,7,2ターンの間、味方全員の攻撃が全体攻撃になる,counteraction,4,0.625,0.1559,0,0,1,0.3125,0.8125,0.3646,0,0,0.9825,0.000715
115,231,185,253,em-5e6cf1fe4c4c,まそお姉ちゃん,water,CR,15,2898,3059,5,1ターンの間、水属性の味方全員の攻撃力を500%増加させる,counteraction,4,0.625,0.1559,1,1,1,0.3036,0.8182,0.3579,0,0,0.9824,0.000702
116,232,186,231,em-a058dba31969,月見だよ！叡智州利偉,fire_wind,N,10,1100,2002,4,2ターンの間、火属性の味方全員の攻撃力を80%増加させる,counteraction,4,0.625,0.1559,1,1,1,0.3036,0.8182,0.3579,0,0,0.9975,0.000883
117,41,187,111,em-addae93a6fe9,ニート,water,N,5,314,296,5,1ターンの間、水属性の攻撃を自身に集中させる(90%カット),advantage_creation,4,0.625,0.1559,1,1,1,0.3,0.9444,0.3551,0.5,0,0.9974,0.002754
118,26,188,74,em-d8d7722f9f21,赤パジャマさん,fire_wind,CR,20,2240,3262,5,1ターンの間、水属性の攻撃を自身に集中させる(98%カット),advantage_creation,4,0.625,0.1559,1,1,1,0.2929,0.9167,0.351,0.75,0,0.9822,0.003794
119,233,37,126,em-32b98839a4c2,派遣社員だ浅子さん,fire,N,6,380,600,5,1ターンの間、自身の攻撃力を400%増加させる,counteraction,4,0.625,0.1559,1,1,1,0.2917,0.8636,0.3486,0,0.25,0.9974,0.002366
120,234,189,259,em-4025a820b0a7,新・ぎょざる,fire,N,5,400,400,6,1ターンの間、火属性の味方全員の攻撃が全体攻撃になる,counteraction,4,0.625,0.1559,0,0.75,1,0.2917,0.8125,0.3486,0,0,0.9974,0.000651
121,235,190,234,em-1fcc8f4c1ae3,ヴェルサイユの朝,fire_water,MZR,45,2556,6645,5,2ターンの間、水属性の敵に対する味方全員の攻撃力を600%増加させる,counteraction,4,0.625,0.1559,1,1,1,0.2841,0.875,0.3424,0,0,0.8872,0.000867
122,236,191,261,em-5d524aa44032,元祖・銘菓ぴよ子,fire,N,8,605,625,4,1ターンの間、自身の攻撃が3回連続攻撃になる,counteraction,4,0.625,0.1559,0,1,1,0.3125,0.9167,0.3393,0,0,0.9973,0.00063
123,237,192,264,em-ea2d3d13fc78,いなば☆うあー,fire,CR,18,1300,1700,4,火属性の味方全員のスキルカウントを1減少させる,ignored,4,0.625,0.1559,0,1,1,0.2667,0.8182,0.3239,0,0,0.9819,0.000609
124,238,193,267,em-42016d3a2172,織田フィナーレ,water,ZR,42,2556,5964,5,2ターンの間、水属性の味方全員の攻撃が3回連続攻撃になる,counteraction,4,0.625,0.1559,0,1,1,0.2652,0.7885,0.3177,0,0,0.9509,0.000578
125,239,194,279,em-5c46e7a79c7f,ギャルド・スイス先輩,fire,MZR,45,3408,5453,4,3ターンの間、火属性の味方全員の攻撃が2回連続攻撃になる,counteraction,4,0.625,0.1559,0,1,1,0.2708,0.875,0.3125,0,0,0.886,0.000531
126,240,195,266,em-f7612fbdd637,大森さん,fire,N,3,1000,100,5,1ターンの間、味方全員にダメージを50%軽減するシールドを与える,advantage_creation,4,0.625,0.1559,1,1,1,0.25,0.9,0.3059,0,0,0.9972,0.000588
127,241,196,268,em-564e1dfe9c75,コニーちゃん,water_wind,N,3,300,300,4,1ターンの間、味方全員に水属性の敵からのダメージを40%軽減するシールドを与える。,advantage_creation,4,0.625,0.1559,1,1,1,0.25,0.7813,0.3059,0,0,0.9972,0.000578
128,10,197,39,em-549e080062a7,ぶんぶくん,fire,CR,22,1550,895,4,死亡している味方全員を1%のHPで蘇らせる,advantage_creation,4,0.625,0.1559,1,1,1,0.2857,0.9091,0.3043,1,0,0.9815,0.005505
129,242,198,271,em-fe5e7769aa81,鹿苑先輩,fire,N,5,390,390,5,死亡している水属性の味方全員を10%のHPで蘇らせる,advantage_creation,4,0.625,0.1559,0.75,0.75,1,0.2643,0.8125,0.3008,0,0,0.9972,0.000558
130,243,199,273,em-72aeeb632038,石見神楽どんちっちん,fire,R,15,1812,1661,6,2ターンの間、味方全員の攻撃が全体攻撃になる,counteraction,4,0.625,0.1559,0,1,1,0.25,0.875,0.2976,0,0,0.9952,0.000548
131,244,200,276,em-20b521a22027,ふとし君,fire,N,4,111,491,5,1ターンの間、自身の攻撃力を50%増加させる,counteraction,4,0.625,0.1559,0.75,0.75,1,0.2321,0.8269,0.2951,0,0,0.9971,0.000541
132,245,201,278,em-e501cdcbd254,サタデーナイト郡上２,water,R,9,600,700,6,1ターンの間、味方全員の攻撃が全体攻撃になる,counteraction,4,0.625,0.1559,0,0.75,1,0.225,0.9,0.2878,0,0,0.9951,0.000533
133,246,202,280,em-4d6fe3f2c9ae,くーさん,fire,N,3,300,400,4,1ターンの間、味方全員の攻撃力を30%増加させる,counteraction,4,0.625,0.1559,1,1,1,0.2727,0.7885,0.2857,0,0,0.9971,0.000524
134,247,203,284,em-fc400150cadd,サンタぴよ子,fire,CR,10,1173,1173,4,味方全員のスキルカウントを1減少させる,ignored,4,0.625,0.1559,0,1,1,0.2375,0.8409,0.2819,0,0,0.9811,0.000508
135,248,204,286,em-6fe67318189a,劇場版ＪＡＸＡイル,fire,CR,18,1304,3526,4,2ターンの間、自身の攻撃が3回連続攻撃になる,counteraction,4,0.625,0.1559,0,1,1,0.2292,0.8269,0.2816,0,0,0.981,0.000502
136,249,205,237,em-a368a20e3521,ベッピーちゃん,fire,R,8,611,595,5,2ターンの間、火属性の味方全員の攻撃力を50%増加させる,counteraction,4,0.625,0.1559,1,1,1,0.2202,0.75,0.2704,0,0,0.995,0.000855
137,250,206,310,em-7d756ba8373e,謹賀新年のびゃこ,fire_wind,MZR,47,2300,6219,4,3ターンの間、水属性の敵に対する自身の攻撃力を999%増加させる,counteraction,4,0.625,0.1559,1,1,1,0.2083,0.8269,0.2699,0,0,0.8826,0.000437
138,251,207,290,em-17aeee13e460,こんにゃくん,water,N,4,287,308,9,1ターンの間、攻撃を自身に集中させる(50%カット),advantage_creation,4,0.625,0.1559,0,0,1,0.2167,0.8333,0.2658,0,0,0.9969,0.000487
139,252,208,296,em-0d41ec5f78f0,じょーカーくん,water,R,6,500,600,6,敵全員の攻撃カウントを1増加させる。,ignored,4,0.625,0.1559,0,0.75,1,0.2054,0.875,0.2617,0,0,0.9949,0.000478
140,83,209,157,em-cb0ef748882f,八狗神伏姫様,fire,MZR,35,5538,2130,4,3ターンの間、攻撃を自身に集中させる(65%カット),advantage_creation,4,0.625,0.1559,1,1,1,0.2125,0.8864,0.2474,0.25,0,0.8818,0.001823
141,253,210,298,em-0c931777e175,関くん,water,N,4,305,307,4,1ターンの間、攻撃をリーダーに集中させる(60%カット),advantage_creation,4,0.625,0.1559,0.75,1,1,0.1875,0.7955,0.2455,0,0,0.9969,0.000468
142,254,211,305,em-6437dd94e076,河口西子,water,CR,15,900,1300,6,敵全員の攻撃カウントを2増加させる,ignored,4,0.625,0.1559,0,0.75,1,0.1875,0.8077,0.2455,0,0,0.9806,0.000454
143,255,212,306,em-7e369f15337f,超辛ふとし君,fire,N,6,321,659,5,1ターンの間、自身の攻撃力を200%増加させる,counteraction,4,0.625,0.1559,1,1,1,0.1875,0.8542,0.2455,0,0,0.9968,0.000454
144,256,213,309,em-a6927eca01fa,すわ子ちゃん,water,CR,8,500,800,6,1ターンの間、自身の攻撃が3回連続攻撃になる,counteraction,4,0.625,0.1559,0,1,1,0.1875,0.875,0.2455,0,0,0.9804,0.000441
145,257,214,283,em-13467c934268,五神合体法隆Ｇ,fire,R,15,1050,550,6,3ターンの間、攻撃を自身に集中させる(70%カット),advantage_creation,4,0.625,0.1559,0.75,0.75,1,0.1833,0.9091,0.2452,0,0,0.9946,0.000512
146,258,215,312,em-0f6666d2132f,サイガーレッド,fire,R,7,170,830,5,1ターンの間、自身の攻撃が3回連続攻撃になる,counteraction,4,0.625,0.1559,0,1,1,0.1977,0.8654,0.2346,0,0,0.9946,0.000436
147,84,216,228,em-d76a5850c323,牛追いガウガウ,water,MZR,40,5964,1704,4,1ターンの間、味方全員に火属性の敵からのダメージを93%軽減するシールドを与える,advantage_creation,4,0.625,0.1559,0.75,1,1,0.175,0.8958,0.2298,0.25,0,0.8798,0.000913
148,259,217,317,em-2f3689f15f09,ブルりん,fire,CR,8,800,1000,6,1ターンの間、味方全員に水属性の敵からのダメージを50%軽減するシールドを与える,advantage_creation,4,0.625,0.1559,0.75,0.75,1,0.175,0.9444,0.2298,0,0,0.9801,0.00042
149,260,218,318,em-bbff6b354f45,くうかいさん,water,R,12,700,1100,4,水属性の味方全員のスキルカウントを1減少させる,ignored,4,0.625,0.1559,0,1,1,0.175,0.8462,0.2298,0,0,0.9945,0.00042
150,85,219,224,em-2a96e91a2f35,雪男フェス祭カーニバル,water,ZR,38,5793,1874,5,死亡している味方全員を40%のHPで蘇らせる,advantage_creation,4,0.625,0.1559,0.75,0.75,1,0.1813,0.8462,0.2266,0.25,0,0.9467,0.000951
151,261,220,350,em-f3234f88661c,氷の大魔女カナリン,water,MZR,43,7497,1641,5,死亡している水属性の味方全員を100%のHPで蘇らせる,advantage_creation,4,0.625,0.1559,1,1,1,0.1813,0.9318,0.2266,0,0,0.8786,0.000363
152,262,221,332,em-67859050336b,マジ☆マシニッさん,fire_wind,ZR,36,4089,4430,6,3ターンの間、味方全員の攻撃が4回連続攻撃になる,counteraction,4,0.625,0.1559,0,0.75,1,0.1625,0.975,0.2209,0,0,0.9463,0.000385
153,263,222,358,em-cdd7690ef318,京都コーラマン,fire_water,MZR,59,5959,2800,4,1ターンの間、自身にダメージを96%軽減するシールドを与える,advantage_creation,4,0.625,0.1559,1,1,1,0.1667,0.8864,0.2188,0,0,0.878,0.000353
154,264,223,325,em-9cc423bd9843,沼んだーライド！,water_wind,R,21,1585,1887,5,3ターンの間、水属性の味方全員の攻撃が全体攻撃になる,counteraction,4,0.625,0.1559,0,1,1,0.1583,0.9545,0.2178,0,0,0.9943,0.000397
155,265,224,331,em-2f1780cfd053,どーよ様,fire,CR,15,500,1900,5,1ターンの間、風属性の敵に対する自身の攻撃力を500%増加させる,counteraction,4,0.625,0.1559,0.25,1,1,0.1611,0.9063,0.2164,0,0,0.9797,0.000386
156,266,225,328,em-2f505dd0418a,とちぎソウル,water,N,4,150,400,5,1ターンの間、自身の攻撃力を100%増加させる,counteraction,4,0.625,0.1559,1,1,1,0.1548,0.8864,0.2136,0,0,0.9965,0.000391
157,267,226,349,em-215080a7a05b,?????,fire,ZR,39,4924,4413,4,風属性の味方全員のスキルカウントを3減少させる,ignored,4,0.625,0.1559,0,1,1,0.1571,0.95,0.2124,0,0,0.9455,0.000364
158,268,227,336,em-5528cf768569,リンゴール男爵,water,N,4,400,300,4,火属性の敵全員の攻撃カウントを1増加させる,ignored,4,0.625,0.1559,0,1,1,0.1607,0.925,0.2106,0,0,0.9965,0.000382
159,269,228,354,em-a74603ad2679,白虎,water,ZR,36,5112,3408,4,1ターンの間、火属性の敵に対する味方全員の攻撃力を200%増加させる,counteraction,4,0.625,0.1559,1,1,1,0.1607,0.8462,0.2106,0,0,0.9452,0.000357
160,270,229,347,em-c42ef00ed018,ｗｗナレースワンｗｗ,water_wind,CR,25,2560,2584,4,火属性の敵全員の攻撃カウントを2増加させる,ignored,4,0.625,0.1559,0,1,1,0.1607,0.8409,0.2106,0,0,0.9793,0.000366
161,27,230,88,em-24d6f242799c,大浜美波さん,water_wind,ZR,32,3748,3408,5,死亡している水属性の味方全員を100%のHPで蘇らせる,advantage_creation,4,0.625,0.1559,1,1,1,0.1528,0.9773,0.1994,0.75,0,0.9449,0.003281
162,271,231,348,em-e7adf536ba2f,やまなしーヌさま,water,R,9,500,600,5,味方全員のスキルカウントを1減少させる,ignored,4,0.625,0.1559,0,1,1,0.1333,0.8214,0.1872,0,0,0.994,0.000366
163,272,232,351,em-d19d4f1b57e1,ロボうおぬまンダー,fire,R,9,600,800,6,2ターンの間、自身の攻撃が全体攻撃になる,counteraction,4,0.625,0.1559,0,1,1,0.1071,0.8571,0.1543,0,0,0.9939,0.000362
164,273,233,326,em-2a26d74bb300,鮫っ子！フカオちゃん,water,MZR,21,4430,2996,5,3ターンの間、自身の攻撃力を555%増加させる,counteraction,4,0.625,0.1559,0.75,0.75,1,0.1063,0.7885,0.1522,0,0,0.8749,0.000395
165,86,234,144,em-ad82a61bcc2a,ｺﾄﾖﾛ!巳ーちゃん様,all,MZR,55,6901,3451,4,2ターンの間、味方全員にダメージを66%軽減するシールドを与える,advantage_creation,4,0.625,0.1559,1,1,1,0.0982,0.9688,0.1436,0.25,0,0.8746,0.002044
166,274,235,333,em-a5655f550318,眠れる海のネムリん,water,MZR,60,7327,5282,5,3ターンの間、自身の攻撃力を666%増加させる,counteraction,4,0.625,0.1559,0.75,0.75,1,0.0903,0.8393,0.1324,0,0,0.8743,0.000385
167,275,236,361,em-980bac842ec7,ウシュか☆丸か,fire_wind,N,5,1410,1404,10,死亡している味方全員を200%のHPで蘇らせる,advantage_creation,4,0.625,0.1559,0,0,1,0.0857,0.925,0.1279,0,0,0.9963,0.00035
168,276,237,230,em-1555cadff0cf,おぅぼっと,water,R,6,800,300,4,2ターンの間、味方全員にダメージを20%軽減するシールドを与える,advantage_creation,4,0.625,0.1559,1,1,1,0.0812,0.9375,0.1216,0,0,0.9937,0.000889
169,277,238,304,em-773b001a1189,おづぬ様,fire_water,MZR,60,4260,6816,5,4ターンの間、リーダーの攻撃力を555%増加させる,counteraction,4,0.625,0.1559,1,1,1,0.0694,0.9167,0.1056,0,0,0.8734,0.000457
170,278,239,368,em-804c07b6fa9a,メル子ちゃん,water,CR,6,400,600,4,1ターンの間、風属性の味方全員の攻撃力を40%増加させる,counteraction,4,0.625,0.1559,0.25,1,1,0.0667,0.9722,0.1016,0,0,0.9786,0.000335
171,279,33,101,em-48b5d909c409,南紀な白良さん,water,R,15,800,800,4,2ターンの間、水属性の味方全員の攻撃力を70%増加させる,counteraction,30,0.3,0.1544,1,1,1,0.0752,0.6883,0.0945,0,0.4,0.9936,0.002941
172,280,240,369,em-8e8c7fbfac2a,おたべくん,water,N,3,315,287,4,風属性の敵全員の攻撃カウントを1増加させる,ignored,30,0.2833,0.1449,0,1,1,0.1044,0.6394,0.1138,0,0,0.9962,0.000334
173,281,18,73,em-294f61da0084,Ｃ・Ｃ☆電車姫,fire_water,CR,22,3741,1973,4,3ターンの間、自身の攻撃力を200%増加させる,counteraction,30,0.2833,0.1371,1,1,1,0.1114,0.6964,0.1271,0,0.5333,0.9784,0.003886
174,282,241,372,em-5a3998126178,TAGOのBOOTH,water_wind,CR,17,2896,2385,6,4ターンの間、水属性の味方全員の攻撃が3回連続攻撃になる,counteraction,30,0.2667,0.136,0,0.7333,1,0.0319,0.6557,0.0454,0,0,0.9783,0.000323
175,283,242,370,em-57fe43e7ea10,鹿苑さん,fire,N,4,307,295,6,死亡している水属性の味方全員を10%のHPで蘇らせる,advantage_creation,4,0.375,0.13,0.5,1,1,0,0.875,0,0,0,0.9961,0.000327
176,284,243,375,em-6f8dfc0a39eb,近すぎリオンさん,fire,CR,16,1000,1500,4,風属性の敵全員の攻撃カウントを1増加させる,ignored,4,0.375,0.13,0,1,1,0,0.9643,0,0,0,0.9782,0.000319
177,285,244,381,em-5976d2863ad8,タオるんGT,fire,ZR,32,4260,4732,14,3ターンの間、攻撃を自身に集中させる(100%カット),advantage_creation,4,0.375,0.13,0,0,1,0,0.9722,0,0,0,0.9422,0.000305
178,286,245,398,em-41c5d9f739e4,健やか泰三,fire_wind,MZR,44,3052,5964,5,死亡している風属性の味方全員を100%のHPで蘇らせる,advantage_creation,4,0.375,0.13,0.75,0.75,1,0,0.8462,0,0,0,0.8708,0.00028
179,287,246,376,em-4980bf27b119,淡路な浄瑠璃さん,water,R,10,708,700,7,水属性の味方全員のスキルカウントを2減少させる,ignored,4,0.375,0.13,0,0.25,1,0,0.8833,0,0,0,0.9933,0.000317
180,288,247,379,em-1fd25fee47a1,いなば・うあー,fire,CR,15,1000,1400,5,火属性の味方全員のスキルカウントを1減少させる,ignored,4,0.375,0.13,0,1,1,0,0.9643,0,0,0,0.9779,0.00031
181,289,248,316,em-09abce425d92,超悦者・有砂小町,all,MZR,60,5453,5453,5,3ターンの間、味方全員の属性を全属性(3色混合)に変更する,adaptive,4,0.375,0.13,0.25,0.75,1,0,0.8462,0,0,0,0.8699,0.000421
182,290,249,380,em-bb16895fa31d,ハルキさんとゲニアさん,water,CR,26,3074,813,6,火属性の敵全員の攻撃カウントを5増加させる,ignored,4,0.375,0.13,0,0.5,1,0,0.8438,0,0,0,0.9777,0.000305
183,67,250,200,em-80d193bc7d7f,あ、シュールさんだ。,fire,ZR,43,3408,5112,6,死亡している味方全員を101%のHPで蘇らせる,advantage_creation,30,0.2833,0.1298,0.7,0.5333,1,0.1259,0.6952,0.147,0.3333,0,0.9412,0.001223
184,70,251,203,em-dab58d0db3e1,夕陽のカウボーイ,fire,R,17,1661,1661,5,死亡している味方全員を40%のHPで蘇らせる,advantage_creation,30,0.2833,0.1298,0.9667,0.8667,1,0.121,0.6922,0.1373,0.2667,0,0.9931,0.001207
185,147,252,213,em-0d449e302187,水神ヨッカブイ先生,water_wind,MZR,54,3714,5418,5,2ターンの間、味方全員にダメージを72%軽減するシールドを与える,advantage_creation,30,0.2833,0.1298,0.9667,0.8,1,0.0881,0.6889,0.1116,0.1333,0,0.8687,0.001127
186,291,71,184,em-a0e736cc95fd,ユッフィーさん,water,R,12,704,700,5,2ターンの間、水属性の味方全員の攻撃力を80%増加させる,counteraction,30,0.2833,0.1298,0.9667,0.8333,1,0.0939,0.6104,0.111,0,0.1667,0.993,0.001435
187,292,253,366,em-4eb01150430f,ミス・エズさん,water,R,9,1100,300,4,2ターンの間、火属性の攻撃を自身に集中させる。(90%カット),advantage_creation,30,0.2667,0.1278,0.8667,1,1,0.0906,0.6024,0.1059,0,0,0.993,0.000337
188,149,254,344,em-9eb7fd81d237,ユウ・レーカさん,water,ZR,20,2044,2556,4,死亡している水属性の味方全員を1%のHPで蘇らせる,advantage_creation,30,0.2667,0.1201,1,1,1,0.1305,0.7516,0.1417,0.1,0,0.9404,0.000372
189,293,255,396,em-f53bffc021ea,曲弾動物ウーミン,fire,ZR,33,2999,3544,5,味方全員のスキルカウントを2減少させる,ignored,30,0.2667,0.1201,0,0.7,1,0.0935,0.6614,0.1114,0,0,0.9402,0.000282
190,294,16,80,em-18279a838450,白刃舞うは存亡の秋,water,MZR,70,6816,4260,4,3ターンの間、火属性の敵に対する味方全員の攻撃力を222%増加させる,counteraction,30,0.2667,0.1201,1,1,1,0.0609,0.6926,0.081,0,0.6333,0.8673,0.003638
191,151,256,335,em-ee410ddd5211,鹿苑師匠,fire,N,6,500,480,5,死亡している水属性の味方全員を20%のHPで蘇らせる,advantage_creation,30,0.25,0.1192,0.8333,0.9,1,0.0668,0.6906,0.0792,0.0667,0,0.9957,0.000383
192,295,35,136,em-188f3b3f954c,凄ェたっくん,fire,N,8,636,1767,5,2ターンの間、自身の攻撃力を200%増加させる,counteraction,30,0.25,0.1192,0.9,0.8333,1,0.0251,0.6368,0.0368,0,0.2667,0.9957,0.002147
193,296,257,385,em-a5abadbcbc7d,ちょーカーちゃん,water,R,10,700,900,5,敵全員の攻撃カウントを1増加させる。,ignored,30,0.25,0.111,0,1,1,0.0487,0.5956,0.0636,0,0,0.9928,0.000292
194,297,73,373,em-a5e1e009bda8,くまのたん伝説,fire,伝,80,8861,8179,5,1ターンの間、自身の攻撃力を1000%増加させる,counteraction,30,0.25,0.111,0.9333,0.5333,1,0.0422,0.6187,0.0586,0,0.1,0.3563,0.000323
195,298,13,66,em-682cd1ab4ae4,ホーリーエンジェるん,fire_wind,R,16,1812,1661,5,3ターンの間、火属性の味方全員の攻撃力を200%増加させる,counteraction,30,0.25,0.111,0.9667,0.8333,1,0.041,0.6188,0.0571,0,0.7,0.9927,0.0041
196,299,258,389,em-f7db929b2ed5,シャボテンの世界,water,R,17,1510,1812,5,死亡している味方全員を40%のHPで蘇らせる,advantage_creation,30,0.2333,0.1027,1,0.9333,1,0.077,0.7124,0.0822,0,0,0.9926,0.000288
197,150,259,342,em-306ef0a3ce60,大納言鮒麿,water,R,14,1812,1548,4,味方全員のHPを80%回復する,advantage_creation,30,0.2333,0.1027,1,1,1,0.0671,0.5975,0.0817,0.1,0,0.9926,0.000377
198,144,260,327,em-91791d21e202,ネオけいび,fire,N,6,305,310,6,1ターンの間、火属性の攻撃を自身に集中させる(99%カット),advantage_creation,30,0.2333,0.1027,0.7667,0.7333,1,0.0345,0.655,0.0482,0.1667,0,0.9955,0.000394
199,300,261,394,em-1287aab83f7d,驚愕！深海のあん子,water,R,5,400,400,4,水属性の味方全員のHPを50%回復する,advantage_creation,4,0.5,0.0999,1,1,1,0.25,0.8125,0.25,0,0,0.9925,0.000284
200,301,262,431,em-337e85c2cd90,ユーコ☆スターダスト,all,MZR,60,6053,4354,4,死亡している風属性の味方全員を40%のHPで蘇らせる,advantage_creation,4,0.5,0.0999,1,1,1,0.2143,0.8846,0.2273,0,0,0.8643,0.000246
201,302,263,435,em-57dce5f944a3,うらうらら,fire_water,MZR,50,4260,6390,4,2ターンの間、味方全員の攻撃が2回連続攻撃になる,counteraction,4,0.5,0.0999,0,1,1,0.2143,0.875,0.2273,0,0,0.864,0.000245
202,303,264,397,em-f074d8bb177d,たっくん,fire,N,4,95,507,5,1ターンの間、自身の攻撃力を100%増加させる,counteraction,4,0.5,0.0999,1,1,1,0.1944,0.8542,0.2134,0,0,0.9954,0.000281
203,304,265,399,em-32f3aa536bcf,境地！絶海のあん子,water,R,7,502,488,4,水属性の味方全員のHPを70%回復する,advantage_creation,4,0.5,0.0999,1,1,1,0.1818,0.9167,0.2041,0,0,0.9924,0.000279
204,87,266,240,em-c8d0b7ef1b10,めい子お姉さま,water,N,9,1159,1244,4,2ターンの間、風属性の攻撃を自身に集中させる(90%カット),advantage_creation,4,0.5,0.0999,0.5,1,1,0.175,0.8958,0.1989,0.25,0,0.9954,0.000834
205,88,267,241,em-a787bb59ceca,トキシッくん,water,N,5,600,500,4,死亡している火属性の味方全員を70%のHPで蘇らせる,advantage_creation,4,0.5,0.0999,1,1,1,0.1667,0.8462,0.1923,0.25,0,0.9954,0.000817
206,305,268,413,em-90c9b7a939a7,九十九里流,water,ZR,37,2982,5112,4,1ターンの間、自身の攻撃力を999%増加させる,counteraction,4,0.5,0.0999,1,1,1,0.15,0.9286,0.1786,0,0,0.9374,0.000261
207,306,269,415,em-ec64495c1963,レブカ大先生,fire_water,ZR,38,5793,2984,5,3ターンの間、火属性の味方全員の攻撃が全体攻撃になる,counteraction,4,0.5,0.0999,0,0.75,1,0.125,0.7885,0.1563,0,0,0.9372,0.00026
208,307,270,417,em-5f292317fd1c,墨染のＰＬぴよ子,all,ZR,60,3656,3656,5,1ターンの間、味方全員の属性を全属性(3色混合)に変更する,adaptive,4,0.5,0.0999,0.25,1,1,0.125,0.9286,0.1563,0,0,0.937,0.000258
209,308,271,404,em-88669edc6480,京子はまだやれる！,water,R,10,718,694,4,2ターンの間、味方全員に風属性の敵からのダメージを80%軽減するシールドを与える,advantage_creation,4,0.5,0.0999,0,1,1,0.1,0.8438,0.1316,0,0,0.9921,0.000273
210,309,272,408,em-bd2931324bdc,夢ナマコちゃん,water,CR,15,1976,1090,6,1ターンの間、水属性の攻撃をリーダーに集中させる(90%カット),advantage_creation,4,0.5,0.0999,0.5,0.75,1,0.1,0.9063,0.1316,0,0,0.9757,0.000267
211,310,273,365,em-87b19d1c9d4e,ベリーズさん,water,N,9,1057,1692,5,3ターンの間、水属性の敵に対する自身の攻撃力を100%増加させる,counteraction,4,0.5,0.0999,1,1,1,0.0938,0.8958,0.125,0,0,0.9952,0.000341
212,311,274,406,em-9da039c08ead,キャミー先生,water,R,6,500,600,4,水属性の味方全員のHPを20%回復する,advantage_creation,4,0.5,0.0999,1,1,1,0.0833,0.9286,0.1136,0,0,0.992,0.00027
213,312,275,405,em-ce589bb8d6d8,鳴子さん,fire,N,5,400,400,7,1ターンの間、火属性の味方全員の攻撃が全体攻撃になる,counteraction,4,0.5,0.0999,0,0.5,1,0.0625,0.7955,0.0893,0,0,0.9952,0.00027
214,313,276,410,em-9f9a1c0e673f,リアルリオンさん,fire,CR,10,600,1100,5,風属性の敵全員の攻撃カウントを1増加させる,ignored,4,0.5,0.0999,0,0.75,1,0.0625,0.8333,0.0893,0,0,0.9754,0.000264
215,314,277,411,em-6ecee0316b6d,梵天。,water,CR,15,1100,1300,6,2ターンの間、味方全員の攻撃が全体攻撃になる,counteraction,4,0.5,0.0999,0,0.5,1,0.05,0.975,0.0735,0,0,0.9754,0.000263
216,315,278,421,em-1c28be3f3366,モンさんミッシェル,water,ZR,32,3748,5623,8,4ターンの間、味方全員の攻撃が6回連続攻撃になる,counteraction,4,0.5,0.0999,0,0.25,1,0.05,0.8462,0.0735,0,0,0.9357,0.000252
217,316,279,409,em-33289e43e28b,ほたるーニャん☆ミ,water,N,7,650,700,4,1ターンの間、味方全員の属性を風属性に変更する,adaptive,4,0.5,0.0999,0.75,1,1,0.05,0.8333,0.0735,0,0,0.9951,0.000267
218,317,280,692,em-2c71a7740b67,エルチェの椰子少女,water_wind,MZR,42,4601,4601,5,2ターンの間、風属性の敵に対する味方全員の攻撃力を500%増加させる,counteraction,4,0.5,0.0999,0.25,0.75,1,0.05,0.8654,0.0735,0,0,0.859,0.00023
219,318,281,698,em-bc583c6ff83e,卍石★モチ子,fire_wind,MZR,40,4625,4966,5,1ターンの間、水属性の攻撃を自身に集中させる(100%カット),advantage_creation,4,0.5,0.0999,1,1,1,0.0417,0.9643,0.0625,0,0,0.8587,0.000229
220,319,282,416,em-8803e5b07894,風林火山のぶくろ公,fire,CR,22,2254,2576,5,2ターンの間、味方全員の攻撃が全体攻撃になる,counteraction,4,0.5,0.0999,0,1,1,0.0417,0.9167,0.0625,0,0,0.975,0.000259
221,89,283,243,em-b4a2096551c5,金閣明日香,fire_wind,N,15,1201,1343,4,死亡している水属性の味方全員を50%のHPで蘇らせる,advantage_creation,4,0.5,0.0999,0.75,1,1,0.0357,0.8846,0.0543,0.25,0,0.995,0.000789
222,320,20,95,em-6ed81c8341b0,萌やし紳士,water,R,8,308,898,4,1ターンの間、自身の攻撃力を300%増加させる,counteraction,4,0.5,0.0999,1,1,1,0.0357,0.95,0.0543,0,0.5,0.9916,0.003046
223,321,284,418,em-2998c94ac8cc,ギガ☆キプちゃん,fire,CR,28,1874,1874,4,2ターンの間、水属性の味方全員の攻撃が3回連続攻撃になる,counteraction,4,0.5,0.0999,0,1,1,0.0278,0.8636,0.0431,0,0,0.9748,0.000257
224,322,285,412,em-02dd665173e3,超回復！反魂タン,fire,R,6,600,700,4,死亡している風属性の味方全員を80%のHPで蘇らせる,advantage_creation,4,0.5,0.0999,0.25,1,1,0.0278,0.8409,0.0431,0,0,0.9915,0.000261
225,323,14,67,em-5ca14322a82d,蓮那由太郎,water,ZR,43,4771,3493,5,2ターンの間、味方全員の攻撃力を150%増加させる,counteraction,30,0.2167,0.0952,0.9667,0.8,1,0.0368,0.6646,0.0447,0,0.6667,0.9342,0.004081
226,145,72,165,em-3e54a6be4029,おかいこ先輩,water,CR,15,1206,1276,5,2ターンの間、味方全員の属性を風属性に変更する,adaptive,30,0.2333,0.0867,0.7333,0.8667,1,0.1125,0.5832,0.1258,0.1667,0.1333,0.9746,0.001689
227,148,74,223,em-70e79fbffe3c,怪人エビユルゲ,water,N,3,305,297,4,1ターンの間、自身の属性を火属性に変更する,adaptive,30,0.2167,0.0864,0.3333,1,1,0.0768,0.5769,0.0911,0.1333,0.0333,0.9948,0.000953
228,324,286,414,em-575ad888f045,スワン先生,water,N,5,400,380,6,味方全員のスキルカウントを1減少させる,ignored,30,0.2,0.0705,0,0.7333,1,0.0188,0.5748,0.0285,0,0,0.9948,0.00026
229,325,19,91,em-84d3175a9388,コン勝神☆くー様,fire,MZR,48,3809,7024,4,3ターンの間、火属性の味方全員の攻撃力を130%増加させる,counteraction,30,0.2167,0.0705,1,1,1,0.0857,0.6105,0.1074,0,0.5333,0.8556,0.003206
230,69,287,204,em-962fa89cd31d,極東恋姫☆霧子たん,fire_wind,N,15,1243,1161,5,死亡している味方全員を1%のHPで蘇らせる,advantage_creation,30,0.1833,0.0637,0.9333,0.8333,1,0.0593,0.6671,0.0675,0.3,0,0.9948,0.001188
231,326,34,137,em-75066f4bfd55,くーにょん,fire,N,6,600,700,4,1ターンの間、味方全員の攻撃力を60%増加させる,counteraction,30,0.15,0.0434,1,1,1,0.0222,0.5867,0.0292,0,0.3667,0.9947,0.00213
232,327,288,729,em-5819b668aba5,ﾌﾗｲﾝｸﾞ･ﾀﾞｯﾁさん,water_wind,MZR,41,3403,4601,5,火属性の敵全員の攻撃カウントを3増加させる,ignored,4,0.5,0,0,0.75,1,0.5,0.6756,0.5,0,0,0.8547,0.000221
233,328,289,419,em-b4ff04580be9,安井のトンちゃん,water,N,4,305,297,6,1ターンの間、攻撃をリーダーに集中させる(70%カット),advantage_creation,4,0.5,0,0.5,0.75,1,0.4688,0.7111,0.4803,0,0,0.9947,0.000257
234,329,21,108,em-dbd545e946e6,嫁劇！くーにゃん,fire,ZR,40,2556,6816,4,1ターンの間、火属性の味方全員の攻撃力を150%増加させる,counteraction,4,0.5,0,1,1,1,0.4643,0.8542,0.4773,0,0.5,0.9326,0.002785
235,42,290,129,em-de4906019fe7,キープ牧場の決斗,fire,R,14,700,700,6,死亡している味方全員を40%のHPで蘇らせる,advantage_creation,4,0.5,0,0.75,0.75,1,0.4444,0.7114,0.4634,0.5,0,0.9911,0.002259
236,330,291,457,em-1e4dd5118669,三春瀧さくら,fire_wind,ZR,38,3919,3408,4,1ターンの間、味方全員に水属性の敵からのダメージを50%軽減するシールドを与える,advantage_creation,4,0.5,0,1,1,1,0.4226,0.8095,0.4505,0,0,0.9323,0.00024
237,43,292,143,em-45dad5139056,ベギン改・修道女,fire_wind,ZR,37,4565,4467,4,死亡している火属性の味方全員を20%のHPで蘇らせる,advantage_creation,4,0.5,0,0.75,1,1,0.4188,0.8512,0.4477,0.5,0,0.9321,0.002071
238,1,293,32,em-378cec222ec5,熱ぅい！地獄雀,fire,ZR,45,5964,3408,5,死亡している火属性の味方全員を100%のHPで蘇らせる,advantage_creation,4,0.5,0,1,1,1,0.4167,0.8097,0.4423,1.25,0,0.9319,0.00632
239,28,294,89,em-f8a40042a8dc,王家の騎士,water,R,10,650,550,8,2ターンの間、水属性の攻撃を自身に集中させる(60%カット),advantage_creation,4,0.5,0,0.5,0.5,1,0.4028,0.7962,0.4366,0.75,0,0.9909,0.003243
240,29,295,93,em-2625991e40c1,恐れない幽子,water,N,11,470,510,6,死亡している水属性の味方全員を80%のHPで蘇らせる,advantage_creation,4,0.5,0,0.75,0.75,1,0.4,0.8364,0.4286,0.75,0,0.9945,0.00317
241,331,296,420,em-60fd008b3a8b,なるとくん,water,N,6,700,600,5,1ターンの間、水属性の味方全員の攻撃力を30%増加させる,counteraction,4,0.5,0,0.75,0.75,1,0.4,0.7098,0.4286,0,0,0.9945,0.000254
242,332,297,520,em-a97f49a1b6e8,篠島しらす子,water_wind,ZR,41,5453,2726,5,水属性の味方全員のスキルカウントを3減少させる,ignored,4,0.5,0,0,0.75,1,0.4,0.75,0.4286,0,0,0.9312,0.000237
243,333,298,744,em-68c24ce7bf95,女帝！カるたーニャ,fire,MZR,40,3408,3408,4,1ターンの間、火属性の味方全員の攻撃力を300%増加させる,counteraction,4,0.5,0,1,1,1,0.3869,0.725,0.4248,0,0,0.8514,0.000217
244,30,299,94,em-9bad632dc3a9,秋田世界発見伝,fire_water,R,24,3838,845,4,2ターンの間、攻撃を自身に集中させる(70%カット),advantage_creation,4,0.5,0,1,1,1,0.3929,0.7179,0.4224,0.75,0,0.9907,0.003117
245,334,300,566,em-2905dc6523ff,都会の貴腐人,fire,ZR,44,6475,2811,6,死亡している火属性の味方全員を150%のHPで蘇らせる,advantage_creation,4,0.5,0,0.75,0.75,1,0.3929,0.6868,0.4224,0,0,0.9307,0.000236
246,335,301,430,em-f13588602944,生イカのアーニー,water,CR,15,3220,1610,4,3ターンの間、火属性の敵に対する自身の攻撃力を600%増加させる,counteraction,4,0.5,0,0.75,1,1,0.375,0.702,0.4141,0,0,0.9731,0.000247
247,44,302,135,em-830856ac5a07,トキシッくん先輩,water,N,7,1000,800,4,死亡している火属性の味方全員を90%のHPで蘇らせる,advantage_creation,4,0.5,0,0.75,1,1,0.375,0.6818,0.4063,0.5,0,0.9943,0.002151
248,336,303,422,em-39011821f965,さるぼぼぼぼ～ん,fire,R,12,800,1000,4,1ターンの間、自身の攻撃が全体攻撃になる,counteraction,4,0.5,0,0,1,1,0.375,0.875,0.4063,0,0,0.9905,0.00025
249,337,304,423,em-f78f249e0088,剣闘士,fire,R,7,168,812,5,1ターンの間、火属性の敵に対する自身の攻撃力を100%増加させる,counteraction,4,0.5,0,1,1,1,0.375,0.7679,0.4063,0,0,0.9905,0.00025
250,338,305,424,em-38a5d43fe466,畳リーゼント先輩,fire,R,8,393,812,4,1ターンの間、リーダーの攻撃力を100%増加させる,counteraction,4,0.5,0,1,1,1,0.3643,0.8614,0.4058,0,0,0.9904,0.00025
251,339,306,425,em-0ba3ddcc384c,雛段芸人☆さくらんず,all,R,16,1510,1887,5,味方全員のスキルカウントを2減少させる,ignored,4,0.5,0,0,1,1,0.3611,0.8295,0.3929,0,0,0.9904,0.000249
252,340,307,436,em-3ff69ed35fe7,wiーん・ザ・ウルフ,fire,CR,19,2898,2898,4,3ターンの間、味方全員の属性を火属性に変更する,adaptive,4,0.5,0,0,1,1,0.3542,0.7083,0.3859,0,0,0.9726,0.000245
253,11,308,45,em-f05bf139bdc3,荒野のシンプソン,fire,R,10,500,500,7,死亡している味方全員を40%のHPで蘇らせる,advantage_creation,4,0.5,0,0.75,0.75,1,0.35,0.8182,0.3816,1,0,0.9903,0.005105
254,90,309,245,em-d9f30734dd50,草カロ花子,fire,N,7,1159,1244,5,味方全員のHPを60%回復する,advantage_creation,4,0.5,0,0.75,0.75,1,0.35,0.7051,0.3816,0.25,0,0.9942,0.00076
255,341,310,437,em-d239e5e972de,ズンビーフック,fire_wind,CR,17,2012,3220,4,1ターンの間、風属性の味方全員の攻撃が3回連続攻撃になる,counteraction,4,0.5,0,0,1,1,0.3438,0.6288,0.375,0,0,0.9724,0.000244
256,342,311,426,em-4299af9bd2dc,皐月むりょく,all,N,4,614,614,6,リーダーのスキルカウントを1減少させる,ignored,4,0.5,0,0,0.5,1,0.3438,0.8542,0.375,0,0,0.9941,0.000249
257,343,38,96,em-8d2b5bd68a94,ズースさんとシーラさん,water,N,6,800,600,4,3ターンの間、水属性の敵に対する味方全員の攻撃力を70%増加させる,counteraction,4,0.5,0,1,1,1,0.3214,0.7625,0.3662,0,0.25,0.9941,0.003032
258,344,312,427,em-74e8fc67e60c,竹輪大臣,fire,N,5,200,900,4,1ターンの間、自身の攻撃力を150%増加させる,counteraction,4,0.5,0,1,1,1,0.3125,0.7879,0.3646,0,0,0.9941,0.000249
259,345,313,391,em-ec52e54bb473,ﾀｰｷｰﾃﾞ-なじとっこ君,fire_water,N,10,706,2403,4,2ターンの間、風属性の敵に対する自身の攻撃力を400%増加させる,counteraction,4,0.5,0,0.25,1,1,0.3125,0.6619,0.3646,0,0,0.994,0.000287
260,346,314,428,em-4090b70a0b17,さくらこちゃん,water,N,4,495,215,4,1ターンの間、風属性の攻撃を自身に集中させる(50%カット),advantage_creation,4,0.5,0,0.25,1,1,0.3333,0.8091,0.3636,0,0,0.994,0.000248
261,347,315,403,em-6b8007792f3c,因幡WAHHH!!,water,ZR,32,3578,4771,4,2ターンの間、火属性の敵に対する自身の攻撃力を800%増加させる,counteraction,4,0.5,0,1,1,1,0.3333,0.7962,0.3636,0,0,0.9279,0.000274
262,348,316,429,em-d9ea7f0897f2,山ガール！？さなこりん,water_wind,R,15,2567,1225,6,2ターンの間、味方全員の攻撃が3回連続攻撃になる,counteraction,4,0.5,0,0,0.5,1,0.3056,0.7886,0.3612,0,0,0.9899,0.000247
263,91,317,247,em-865f442bc56a,神魚！はたはタン,water,N,6,700,600,4,味方全員のHPを40%回復する,advantage_creation,4,0.5,0,1,1,1,0.3036,0.7833,0.3579,0.25,0,0.9939,0.000743
264,349,318,443,em-13af16d2213d,ににぎくん,water,CR,8,590,630,6,1ターンの間、水属性の味方全員の攻撃力を30%増加させる,counteraction,4,0.5,0,1,1,1,0.3036,0.6169,0.3579,0,0,0.9717,0.000242
265,92,319,251,em-020eecb1db52,草カロ四朗,fire,N,4,296,316,7,味方全員のHPを30%回復する,advantage_creation,4,0.5,0,0.25,0.25,1,0.3083,0.6981,0.3548,0.25,0,0.9939,0.000728
266,350,320,755,em-c4663d98c2ff,海・百合男,fire,MZR,33,3748,4430,5,味方全員のスキルカウントを2減少させる,ignored,4,0.5,0,0,1,1,0.3083,0.6169,0.3548,0,0,0.8443,0.00021
267,351,321,444,em-eece08d90093,罠なくトロイ先輩,fire,CR,18,4830,16,4,1ターンの間、火属性の味方全員の攻撃が5回連続攻撃になる,counteraction,4,0.5,0,0,1,1,0.2813,0.7654,0.3401,0,0,0.9715,0.000241
268,93,322,244,em-f8d808926639,吉野スライミング,water,N,8,690,390,5,2ターンの間、攻撃を自身に集中させる(70%カット),advantage_creation,4,0.5,0,0.75,0.75,1,0.3125,0.5742,0.3393,0.25,0,0.9938,0.00078
269,352,323,433,em-908fa1696f0d,速いぞサラマンダー！,water,R,12,3186,1431,6,リーダーのスキルカウントを8減少させる,ignored,4,0.5,0,0,0.75,1,0.3125,0.675,0.3393,0,0,0.9897,0.000245
270,353,324,697,em-9cd3d68e61d0,渦巻王ナルテュール,water,ZR,45,1704,6134,6,3ターンの間、自身の攻撃が6回連続攻撃になる,counteraction,4,0.5,0,0,0.75,1,0.3125,0.8083,0.3393,0,0,0.9264,0.000229
271,354,325,451,em-2325681e1b59,BON JOVE,all,CR,24,3220,3220,5,1ターンの間、味方全員の攻撃が全体攻撃になる,counteraction,4,0.5,0,0,1,1,0.2917,0.7273,0.3369,0,0,0.9712,0.00024
272,355,326,760,em-73250febc8f5,財閥だ浅ちゃん！,fire,MZR,38,2556,7327,4,3ターンの間、自身の攻撃が4回連続攻撃になる,counteraction,4,0.5,0,0,1,1,0.275,0.7833,0.3348,0,0,0.8425,0.000208
273,12,39,29,em-4e24a668056b,やよいチゥりっぷ,fire,N,6,900,100,4,1ターンの間、味方全員の属性を水属性に変更する,adaptive,4,0.5,0,1,1,1,0.2738,0.8438,0.3312,1,0.25,0.9937,0.006602
274,356,327,699,em-cd5bbd27a3ee,熊とか絶対殺すマン,water,ZR,40,4086,4771,5,敵全員の攻撃カウントを2増加させる,ignored,4,0.5,0,0,1,1,0.2738,0.7786,0.3312,0,0,0.9257,0.000229
275,357,328,432,em-fbc61d7306d8,ネ申・ぎょざる,fire,N,11,1198,1204,6,2ターンの間、火属性の味方全員の攻撃が全体攻撃になる,counteraction,4,0.5,0,0,0.75,1,0.275,0.7321,0.3304,0,0,0.9936,0.000245
276,13,329,49,em-f230094c0c4f,シンプソン君,fire,R,5,400,400,8,死亡している味方全員を40%のHPで蘇らせる,advantage_creation,4,0.5,0,0.25,0.25,1,0.3,0.8095,0.3235,1,0,0.9894,0.004826
277,358,330,434,em-0f4d66009260,叡智通,fire,N,4,280,332,4,1ターンの間、火属性の味方全員の攻撃力を40%増加させる,counteraction,4,0.5,0,1,1,1,0.3,0.7159,0.3235,0,0,0.9936,0.000245
278,94,331,256,em-6f76a23db620,伏姫さま,water,CR,17,2006,676,4,2ターンの間、攻撃を自身に集中させる(60%カット),advantage_creation,4,0.5,0,1,1,1,0.2591,0.75,0.3177,0.25,0,0.9707,0.000683
279,45,332,142,em-cbfa7306b010,めい子姉さん,water,N,7,479,511,5,2ターンの間、風属性の攻撃を自身に集中させる(80%カット),advantage_creation,4,0.5,0,0.5,1,1,0.2583,0.8049,0.3125,0.5,0,0.9935,0.002089
280,359,1,44,em-f119f767f457,アダム＆エバ,fire_water,ZR,50,5112,4260,4,2ターンの間、味方全員の攻撃力を100%増加させる,counteraction,4,0.5,0,1,1,1,0.2917,0.7917,0.3125,0,0.75,0.9246,0.005162
281,360,333,763,em-2c08686a6d88,猿もの追い払いネキ,fire_wind,MZR,42,4171,3977,5,2ターンの間、味方全員に風属性の敵からのダメージを85%軽減するシールドを与える,advantage_creation,4,0.5,0,0.5,1,1,0.25,0.6218,0.3125,0,0,0.8397,0.000207
282,361,334,345,em-0063b3d17f76,玄武むりょく,all,N,4,165,165,6,2ターンの間、味方全員にダメージを30%軽減するシールドを与える,advantage_creation,4,0.5,0,1,1,1,0.2708,0.6556,0.3125,0,0,0.9935,0.000371
283,362,335,438,em-c5dbda5d8d5b,湘南パボーイ,water,R,12,318,911,4,1ターンの間、水属性の味方全員の攻撃力を40%増加させる,counteraction,4,0.5,0,1,1,1,0.25,0.8404,0.3125,0,0,0.9891,0.000243
284,363,336,764,em-7a5536e43124,因幡WAHHH!!,fire,MZR,31,3578,4771,4,1ターンの間、風属性の敵に対する自身の攻撃力を1780%増加させる,counteraction,4,0.5,0,0.5,1,1,0.2528,0.7962,0.3112,0,0,0.8387,0.000206
285,46,337,149,em-3c1078996c9c,めい子のNEW DAY,water,CR,25,2760,2862,4,2ターンの間、風属性の攻撃を自身に集中させる(90%カット),advantage_creation,4,0.5,0,0.5,1,1,0.25,0.6948,0.3102,0.5,0,0.9702,0.001988
286,364,338,493,em-595b1ebc9a59,戦え！ブルりん,fire,CR,16,1400,1600,4,1ターンの間、味方全員に水属性の敵からのダメージを50%軽減するシールドを与える,advantage_creation,4,0.5,0,1,1,1,0.2589,0.7532,0.3083,0,0,0.9701,0.000238
287,365,339,439,em-b4d695a20bfa,ハズク姉さん,fire,R,12,700,600,7,1ターンの間、火属性の味方全員の攻撃が3回連続攻撃になる,counteraction,4,0.5,0,0,0.5,1,0.2625,0.7159,0.3067,0,0,0.9889,0.000243
288,366,40,159,em-af839f0be824,譲らざる者,fire,R,13,966,2394,5,1ターンの間、火属性の敵に対する自身の攻撃力を1000%増加させる,counteraction,4,0.5,0,1,1,1,0.25,0.7875,0.3059,0,0.25,0.9888,0.001811
289,367,340,386,em-da8dd7644e31,法隆ジェット,fire,R,7,600,400,6,2ターンの間、攻撃を自身に集中させる(70%カット),advantage_creation,4,0.5,0,1,1,1,0.2857,0.9143,0.3043,0,0,0.9888,0.000292
290,2,341,31,em-55cdacc97f8e,バーチャルおぅぼっと,water,CR,25,4025,1610,7,1ターンの間、味方全員に水属性の敵からのダメージを100%軽減するシールドを与える,advantage_creation,4,0.5,0,0.75,0.25,1,0.2429,0.8404,0.304,1.25,0,0.9698,0.006388
291,368,342,311,em-66075c4def49,K・Y・イマガワ,fire_wind,MZR,40,5793,3237,5,3ターンの間、風属性の味方全員の攻撃力を200%増加させる,counteraction,4,0.5,0,1,0.75,1,0.2361,0.9523,0.2991,0,0,0.8365,0.000436
292,95,343,255,em-d7e5ef0e4b97,実はこんにゃくちゃん,water,N,9,1198,1204,7,4ターンの間、攻撃を自身に集中させる(90%カット),advantage_creation,4,0.5,0,0.75,0.5,1,0.2813,0.8188,0.2981,0.25,0,0.9932,0.000685
293,31,344,102,em-b07f62000b94,雪兎フェス祭カーニバル,water,CR,22,4089,1192,5,死亡している味方全員を40%のHPで蘇らせる,advantage_creation,4,0.5,0,1,1,1,0.2321,0.9333,0.2951,0.75,0,0.9695,0.002922
294,369,2,56,em-049ada05607b,眠里　不可緒,water,ZR,16,3578,2315,5,3ターンの間、自身の攻撃力を444%増加させる,counteraction,4,0.5,0,1,1,1,0.2321,0.7424,0.2951,0,0.75,0.9221,0.004594
295,370,345,442,em-e9d9b60eefb1,鈴鹿忍者,water_wind,R,20,1623,2189,5,水属性の味方全員のスキルカウントを2減少させる,ignored,4,0.5,0,0,1,1,0.2321,0.675,0.2951,0,0,0.9886,0.000242
296,371,346,526,em-e2624c3cfdbc,美才能♪かの子さん,fire,CR,18,1288,4025,5,3ターンの間、自身の攻撃が7回連続攻撃になる,counteraction,4,0.5,0,0,0.75,1,0.2321,0.7527,0.2951,0,0,0.9693,0.000237
297,372,41,161,em-c08f9d20049a,激辛ふとし君,fire,N,8,701,1702,5,2ターンの間、自身の攻撃力を200%増加させる,counteraction,4,0.5,0,0.75,0.75,1,0.2375,0.7083,0.2881,0,0.25,0.9931,0.001773
298,373,347,537,em-fc0a4778a432,リチャード・リターンズ,water,CR,23,2576,3220,5,3ターンの間、水属性の味方全員の攻撃が全体攻撃になる,counteraction,4,0.5,0,0,0.75,1,0.225,0.75,0.2878,0,0,0.9692,0.000237
299,96,348,257,em-4694b1a256f8,悪魔！いびるん,all,R,9,600,700,5,3ターンの間、攻撃をリーダーに集中させる(10%カット),advantage_creation,4,0.5,0,0.75,0.75,1,0.2222,0.7385,0.2826,0.25,0,0.9884,0.000669
300,374,42,181,em-79322ee550e2,スーパーににぎ状態,water_wind,MZR,60,5623,4430,5,3ターンの間、水属性の味方全員の攻撃力を220%増加させる,counteraction,4,0.5,0,1,0.75,1,0.2222,0.7902,0.2826,0,0.25,0.8337,0.0015
301,375,43,167,em-9e9fc5ee5a9c,深淵のエルフ,water,CR,18,2537,3059,4,1ターンの間、水属性の敵に対する味方全員の攻撃力を120%増加させる,counteraction,4,0.5,0,1,1,1,0.2292,0.7536,0.2816,0,0.25,0.9689,0.001647
302,376,349,716,em-a66d3edc0ac1,水戸Come On!,water,ZR,38,3493,3237,4,敵全員の攻撃カウントを1増加させる,ignored,4,0.5,0,0,1,1,0.2292,0.6989,0.2816,0,0,0.9207,0.000225
303,377,44,175,em-d111f497df0f,湘南大水曜日ボーイ,water,ZR,40,2044,5623,4,1ターンの間、水属性の味方全員の攻撃力を200%増加させる,counteraction,4,0.5,0,1,1,1,0.2188,0.803,0.2813,0,0.25,0.9205,0.001527
304,378,350,555,em-d35809f53912,鎌倉式ＤＢ２零式,water,CR,15,1807,856,9,3ターンの間、攻撃を自身に集中させる(80%カット),advantage_creation,4,0.5,0,0,0,1,0.2188,0.6951,0.2813,0,0,0.9687,0.000237
305,47,351,150,em-40b14b1190a7,芳一先生,fire,N,6,600,700,5,死亡している火属性の味方全員を15%のHPで蘇らせる,advantage_creation,4,0.5,0,1,0.75,1,0.2692,0.825,0.2805,0.5,0,0.9929,0.001983
306,379,352,440,em-4052b050ef42,白虎けいび,fire,N,4,295,300,5,1ターンの間、火属性の敵に対する自身の攻撃力を200%増加させる,counteraction,4,0.5,0,0.75,1,1,0.2197,0.8155,0.2803,0,0,0.9928,0.000242
307,380,353,568,em-90b0d123f99e,かんきゅっちゃん,water,CR,15,2817,2817,5,水属性の敵全員の攻撃カウントを2増加させる,ignored,4,0.5,0,0,1,1,0.2214,0.9393,0.2786,0,0,0.9685,0.000236
308,381,354,445,em-54f582db41b4,みかん姉さん,water,R,10,1000,500,6,2ターンの間、風属性の味方全員の攻撃が全体攻撃になる,counteraction,4,0.5,0,0,0.75,1,0.25,0.775,0.2783,0,0,0.988,0.000241
309,382,355,441,em-d5d58dc5e468,子供神・わらしちゃん,all,N,7,565,1131,4,火属性の敵全員の攻撃カウントを1増加させる,ignored,4,0.5,0,0,1,1,0.2083,0.85,0.2699,0,0,0.9928,0.000242
310,383,356,447,em-5a3daf6cbf77,白良さん,water,R,8,600,605,4,1ターンの間、水属性の味方全員の攻撃力を50%増加させる,counteraction,4,0.5,0,1,1,1,0.2083,0.7153,0.2699,0,0,0.9879,0.000241
311,384,357,448,em-ff9248487a17,じょーカー＆ちょーカー,water,R,14,800,1000,5,敵全員の攻撃カウントを1増加させる。,ignored,4,0.5,0,0,1,1,0.2083,0.7633,0.2699,0,0,0.9879,0.000241
312,48,358,148,em-f88796a335ca,勇者オトシゴ,fire,MZR,12,1324,1703,5,2ターンの間、味方全員にダメージを75%軽減するシールドを与える,advantage_creation,4,0.5,0,1,1,1,0.2125,0.8504,0.2679,0.5,0,0.8299,0.001989
313,385,22,104,em-062228a8b4d2,キャニオン雄大,fire,CR,25,2737,2737,5,4ターンの間、火属性の味方全員の攻撃力を120%増加させる,counteraction,4,0.5,0,1,1,1,0.2125,0.7292,0.2679,0,0.5,0.968,0.002908
314,97,359,258,em-d0ab2c82078b,デルモンテ嬢,fire_wind,R,23,3020,453,6,1ターンの間、風属性の攻撃を自身に集中させる(96%カット),advantage_creation,4,0.5,0,0.75,0.75,1,0.2235,0.8542,0.2666,0.25,0,0.9877,0.000655
315,386,360,584,em-cc0425cf3835,鎌倉式ＤＢ２改,water,CR,12,1200,612,8,2ターンの間、攻撃を自身に集中させる(70%カット),advantage_creation,4,0.5,0,0.5,0.5,1,0.2009,0.8333,0.2639,0,0,0.9678,0.000236
316,387,361,587,em-10c2721383dd,京子☆リフレッシュ,water_wind,CR,23,2035,3239,5,2ターンの間、味方全員に風属性の敵からのダメージを75%軽減するシールドを与える,advantage_creation,4,0.5,0,0.25,0.75,1,0.2278,0.7051,0.2605,0,0,0.9678,0.000236
317,388,362,329,em-a58c4fcc6b2e,けねず大先生,water,R,14,1699,1699,4,3ターンの間、味方全員に風属性の敵からのダメージを50%軽減するシールドを与える,advantage_creation,4,0.5,0,0.5,1,1,0.2091,0.7212,0.2597,0,0,0.9876,0.00039
318,389,363,176,em-ae6ea6bc1914,ズースくん,water,N,3,500,400,4,3ターンの間、水属性の敵に対する味方全員の攻撃力を40%増加させる,counteraction,4,0.5,0,1,1,1,0.1964,0.7455,0.2563,0,0,0.9925,0.001525
319,390,364,452,em-3850dfa89114,流浪の騎士,water,R,7,510,470,9,1ターンの間、水属性の攻撃を自身に集中させる(50%カット),advantage_creation,4,0.5,0,0,0,1,0.1964,0.8042,0.2563,0,0,0.9875,0.00024
320,391,365,592,em-55bda88e7993,パンダ系メガネ,fire,CR,16,1300,1200,6,味方全員のスキルカウントを2減少させる,ignored,4,0.5,0,0,1,1,0.2143,0.8833,0.256,0,0,0.9675,0.000235
321,392,366,594,em-fe9fc4184474,聖えぇじゃないか,water,CR,17,2817,2334,4,2ターンの間、自身の攻撃が全体攻撃になる,counteraction,4,0.5,0,0,1,1,0.1989,0.7525,0.256,0,0,0.9674,0.000235
322,14,367,53,em-4442b5ee096e,朱雀むりょく,all,N,5,165,165,6,死亡している味方全員を5%のHPで蘇らせる,advantage_creation,4,0.5,0,1,1,1,0.2083,0.9416,0.2548,1,0,0.9924,0.004708
323,393,368,767,em-b791d78202d5,英国面の本気,fire_water,MZR,38,6816,1363,5,1ターンの間、風属性の味方全員の攻撃が9回連続攻撃になる,counteraction,4,0.5,0,0,1,1,0.2083,0.825,0.2548,0,0,0.8263,0.000201
324,98,369,225,em-64f8ad5111a6,マッキニキ,fire,R,9,1000,500,4,2ターンの間、味方全員に水属性の敵からのダメージを60%軽減するシールドを与える,advantage_creation,4,0.5,0,1,1,1,0.2,0.6607,0.2521,0.25,0,0.9873,0.000949
325,394,370,601,em-ba09169b5b3d,あまのちゃん,water,CR,12,300,200,4,1ターンの間、味方全員の攻撃が2回連続攻撃になる,counteraction,4,0.5,0,0,1,1,0.2,0.6875,0.2521,0,0,0.9671,0.000235
326,101,396,263,em-e4050c7db405,オム・オクト・パップ,fire,R,9,888,400,6,味方全員のHPを88%回復する,advantage_creation,4,0.5,0,0.75,0.75,1,0.2063,0.8237,0.2469,0.25,0,0.9872,0.00061
327,417,397,458,em-1e1a4317070b,ＫＲ２ジョー,fire,R,8,295,910,4,1ターンの間、風属性の敵に対する自身の攻撃力を500%増加させる,counteraction,4,0.5,0,0.25,1,1,0.2063,0.6951,0.2469,0,0,0.9872,0.00024
328,418,398,352,em-6b4ea2116a46,降臨先祖★ににぎくん,water_wind,CR,20,2334,2817,5,3ターンの間、風属性の敵に対する味方全員の攻撃力を200%増加させる,counteraction,4,0.5,0,0.5,0.75,1,0.2024,0.6748,0.2467,0,0,0.9668,0.000362
329,49,399,155,em-75c067942d62,大内先生,water,R,11,1699,1699,4,水属性の味方全員のHPを60%回復する,advantage_creation,4,0.5,0,1,1,1,0.1929,0.8584,0.2459,0.5,0,0.9871,0.001874
330,102,400,265,em-484d995e3adb,くノ一！ヴォたん,water_wind,R,9,700,700,4,1ターンの間、攻撃をリーダーに集中させる(65%カット),advantage_creation,4,0.5,0,1,1,1,0.1875,0.7833,0.2455,0.25,0,0.987,0.000599
331,419,401,446,em-1926af92f1af,カカカのカ次郎,fire,N,5,500,300,5,風属性の敵全員の攻撃カウントを2増加させる,ignored,4,0.5,0,0,1,1,0.1875,0.6979,0.2455,0,0,0.9922,0.000241
332,420,402,770,em-fa2d14d3eb33,大天姿☆ぴよ子,all,MZR,46,7572,756,5,味方全員のスキルカウントを2減少させる,ignored,4,0.5,0,0,1,1,0.1875,0.7917,0.2455,0,0,0.8234,0.0002
333,421,403,771,em-d0639c20e6b1,ユーコ☆宇宙,all,MZR,24,4260,2556,4,死亡している風属性の味方全員を25%のHPで蘇らせる,advantage_creation,4,0.5,0,0.75,1,1,0.1875,0.75,0.2455,0,0,0.8231,0.0002
334,422,404,727,em-c6337efaceae,ｴﾚｶﾞﾝﾄ☆トラボル子,all,ZR,47,4260,4771,5,3ターンの間、水属性の味方全員の攻撃が全体攻撃になる,counteraction,4,0.5,0,0,0.75,1,0.1875,0.7596,0.2455,0,0,0.9148,0.000222
335,423,405,377,em-5d62afcf01d5,転がる！けねず君,water,ZR,37,3408,2044,4,3ターンの間、味方全員に風属性の敵からのダメージを77%軽減するシールドを与える,advantage_creation,4,0.5,0,0.5,1,1,0.1875,0.7203,0.2455,0,0,0.9146,0.000315
336,424,406,272,em-7960727b4ac3,伝説のひろし,water,R,15,1681,1714,5,3ターンの間、水属性の味方全員の攻撃力を77%増加させる,counteraction,4,0.5,0,0.75,0.75,1,0.2063,0.7452,0.2447,0,0,0.9868,0.000554
337,425,407,463,em-8532615661b1,ハズクさん,fire,R,10,500,400,8,1ターンの間、火属性の味方全員の攻撃が3回連続攻撃になる,counteraction,4,0.5,0,0,0,1,0.1889,0.9,0.2424,0,0,0.9867,0.000239
338,426,408,462,em-aeb1959eaece,ＫＲ２ジョー軍曹,fire,R,9,394,1010,4,1ターンの間、風属性の敵に対する自身の攻撃力を500%増加させる,counteraction,4,0.5,0,0.25,1,1,0.1948,0.8472,0.2405,0,0,0.9867,0.000239
339,103,409,274,em-c8baf5b3e504,斑鳩の太子くん,fire,ZR,36,4260,2896,4,火属性の味方全員のHPを100%回復する,advantage_creation,4,0.5,0,1,1,1,0.1979,0.7458,0.2404,0.25,0,0.9139,0.000545
340,427,410,393,em-9c9f188ea0a8,やる気勢ナルテュール,water,MZR,56,1704,7838,6,2ターンの間、水属性の味方全員の攻撃力を400%増加させる,counteraction,4,0.5,0,1,0.75,1,0.1979,0.7987,0.2404,0,0,0.8208,0.000285
341,15,412,76,em-902bd624dbdb,パンタナルの狼男,water,MZR,70,5898,4260,5,死亡している水属性の味方全員を121%のHPで蘇らせる,advantage_creation,4,0.5,0,0.75,0.5,1,0.1944,0.8199,0.2354,1,0,0.8205,0.003788
342,429,413,449,em-f0bd2d18332e,Woo怪さん,water,N,8,600,700,6,1ターンの間、自身の攻撃が3回連続攻撃になる,counteraction,4,0.5,0,0,0.5,1,0.1753,0.7821,0.235,0,0,0.9919,0.00024
343,430,414,466,em-5fba2111c2ae,くろこップ,water,R,7,498,482,9,水属性の味方全員のスキルカウントを1減少させる,ignored,4,0.5,0,0,0,1,0.1736,0.8036,0.2321,0,0,0.9865,0.000239
344,432,47,177,em-ad8d69dc1ea4,強いできっしん,fire,R,8,263,942,5,1ターンの間、自身の攻撃力を300%増加させる,counteraction,4,0.5,0,1,1,1,0.175,0.6682,0.2298,0,0.25,0.9864,0.00152
345,433,418,450,em-b09b44b6b259,くだにょん,fire,N,13,1128,1269,4,1ターンの間、味方全員の攻撃力を80%増加させる,counteraction,4,0.5,0,1,1,1,0.175,0.5962,0.2298,0,0,0.9918,0.00024
346,434,419,469,em-08f945aef274,朦朧ボディマン,water,R,6,200,500,11,1ターンの間、味方全員の攻撃が4回連続攻撃になる,counteraction,4,0.5,0,0,0,1,0.175,0.6131,0.2298,0,0,0.9863,0.000239
347,435,420,622,em-7930454375ec,パラワン探検隊,water,CR,18,3219,3333,4,2ターンの間、風属性の味方全員の攻撃が全体攻撃になる,counteraction,4,0.5,0,0,1,1,0.175,0.7784,0.2298,0,0,0.9653,0.000234
348,105,421,297,em-710becd5b772,雪女フェス祭カーニバル,water_wind,MZR,54,7497,2556,6,1ターンの間、水属性の攻撃を自身に集中させる(99%カット),advantage_creation,4,0.5,0,0.75,0.75,1,0.1667,0.8392,0.2273,0.25,0,0.8182,0.000472
349,436,422,624,em-635af81fa283,ＪＡＸＡイルＲ,fire,CR,15,688,1706,5,2ターンの間、自身の攻撃が3回連続攻撃になる,counteraction,4,0.5,0,0,1,1,0.1667,0.6169,0.2273,0,0,0.9652,0.000234
350,456,442,625,em-8a847b9e3d1d,アストロ・あっしゅ,fire_water,CR,15,1900,1100,5,1ターンの間、火属性の攻撃を自身に集中させる(40%カット),advantage_creation,4,0.5,0,0.5,0.75,1,0.1625,0.7833,0.2209,0,0,0.9651,0.000234
351,457,443,774,em-2c5d06641a28,ジャックレムリン,fire_wind,MZR,55,7497,3748,7,5ターンの間、味方全員の攻撃が全体攻撃になる,counteraction,4,0.5,0,0,0.25,1,0.1625,0.7958,0.2209,0,0,0.8172,0.000198
352,458,444,629,em-c67e33bb61cf,鎌倉式ＤＢ２涅槃型改,water,CR,19,4105,1690,9,4ターンの間、攻撃を自身に集中させる(90%カット),advantage_creation,4,0.5,0,0,0,1,0.1627,0.6989,0.2195,0,0,0.9649,0.000234
353,459,445,631,em-96f9283052eb,ロロちゃんさん先輩,fire,CR,22,2254,2737,5,死亡している火属性の味方全員を60%のHPで蘇らせる,advantage_creation,4,0.5,0,0.5,0.75,1,0.1667,0.7212,0.2188,0,0,0.9648,0.000234
354,460,446,453,em-a0762b5d76ab,シーラちゃん,water,N,5,600,550,4,3ターンの間、水属性の敵に対する味方全員の攻撃力を50%増加させる,counteraction,4,0.5,0,1,1,1,0.1667,0.6736,0.2188,0,0,0.9916,0.00024
355,462,448,474,em-07c5bc08f69e,朦朧ボディマンΩ,water,R,16,755,3020,10,1ターンの間、味方全員の攻撃が5回連続攻撃になる,counteraction,4,0.5,0,0,0,1,0.1577,0.6458,0.2149,0,0,0.9859,0.000239
356,464,449,735,em-37ae218b7e9e,有砂小町,water,ZR,40,5112,5112,7,味方全員のスキルカウントを4減少させる,ignored,4,0.5,0,0,0.25,1,0.1556,0.7841,0.2122,0,0,0.9107,0.000221
357,106,450,254,em-8d320a6b7512,いびるん,all,R,6,500,600,5,3ターンの間、攻撃をリーダーに集中させる(5%カット),advantage_creation,4,0.5,0,0.75,0.75,1,0.1607,0.822,0.2106,0.25,0,0.9858,0.000692
358,466,454,831,em-a8e1bfbd68cd,秋のタツタちゃん,fire_water,伝,80,10224,4771,4,2ターンの間、自身の攻撃が8回連続攻撃になる,counteraction,4,0.5,0,0,1,1,0.1528,0.7596,0.2054,0,0,0.3148,0.000076
359,467,455,634,em-07585cdaab4c,だいこっくんさん,fire,CR,12,1000,1200,9,1ターンの間、味方全員の攻撃力を150%増加させる,counteraction,4,0.5,0,0,0,1,0.15,0.8333,0.2051,0,0,0.9644,0.000233
360,468,456,455,em-feafabb058cc,皐月けいび,fire,N,4,614,614,6,火属性の味方全員のスキルカウントを1減少させる,ignored,4,0.5,0,0,0.75,1,0.15,0.7765,0.2051,0,0,0.9914,0.00024
361,469,23,106,em-572c57cf5e18,湘南大水曜日ボーイ,fire,MZR,28,2044,5623,4,2ターンの間、水属性の味方全員の攻撃力を200%増加させる,counteraction,4,0.5,0,1,1,1,0.1563,0.7692,0.2043,0,0.5,0.8139,0.002796
362,470,457,478,em-ab565d3596f4,さんとくん先輩,fire,R,10,1500,400,4,水属性の敵全員の攻撃カウントを1増加させる,ignored,4,0.5,0,0,1,1,0.1563,0.7,0.2043,0,0,0.9856,0.000239
363,476,50,186,em-e31de348c40b,湘南ボーイ,water,R,8,300,700,4,1ターンの間、水属性の味方全員の攻撃力を30%増加させる,counteraction,4,0.5,0,1,1,1,0.1458,0.7182,0.2029,0,0.25,0.9856,0.001413
364,477,463,454,em-4b8a1db2788c,ニートな浅子さん,fire,N,4,112,418,5,1ターンの間、自身の攻撃力を200%増加させる,counteraction,4,0.5,0,0.75,0.75,1,0.1458,0.7295,0.2029,0,0,0.9913,0.00024
365,480,51,191,em-7e9ffb70cffa,企業だ浅ちゃん！,fire,ZR,32,1192,7327,4,2ターンの間、自身の攻撃力を400%増加させる,counteraction,4,0.5,0,1,1,1,0.1528,0.7153,0.1994,0,0.25,0.909,0.00133
366,481,468,481,em-86b8f3a86278,レボリューション凜子,water,R,10,800,800,4,1ターンの間、火属性の敵に対する味方全員の攻撃力を150%増加させる,counteraction,4,0.5,0,0.75,1,1,0.1528,0.6851,0.1994,0,0,0.9854,0.000239
367,482,469,636,em-9a3bd85e00a2,よりりん,fire,CR,8,605,615,4,1ターンの間、味方全員の属性を風属性に変更する,adaptive,4,0.5,0,0.5,1,1,0.1438,0.7431,0.1985,0,0,0.9637,0.000233
368,483,470,694,em-c87499b64151,ラパヌイ先生,fire_water,MZR,45,6441,3067,4,6ターンの間、攻撃を自身に集中させる(50%カット),advantage_creation,4,0.5,0,1,1,1,0.1389,0.7813,0.1943,0,0,0.8116,0.00023
369,108,471,275,em-9bac78901113,有馬すん,fire,N,5,375,405,6,火属性の味方全員のHPを60%回復する,advantage_creation,4,0.5,0,0.75,0.5,1,0.1417,0.736,0.1941,0.25,0,0.9912,0.000544
370,55,489,172,em-31faaa08a3e5,ジャノメぴよ子,water,CR,8,1105,1122,7,2ターンの間、水属性の攻撃を自身に集中させる(90%カット),advantage_creation,4,0.5,0,0.5,0.5,1,0.1357,0.7639,0.1859,0.5,0,0.9635,0.001577
371,110,495,315,em-32f5c4968406,正月カナちゃん。,all,MZR,66,5282,5282,6,死亡している風属性の味方全員を140%のHPで蘇らせる,advantage_creation,4,0.5,0,0.75,0.5,1,0.1349,0.6426,0.182,0.25,0,0.8106,0.000431
372,504,496,779,em-13df10c62ab6,MUNAKATA,water,MZR,42,5453,4089,6,4ターンの間、水属性の味方全員の攻撃が全体攻撃になる,counteraction,4,0.5,0,0,0.75,1,0.127,0.7083,0.1806,0,0,0.8102,0.000196
373,505,497,456,em-1a814a6b20cf,未来のモア蔵,water,N,5,920,160,4,1ターンの間、攻撃を自身に集中させる(30%カット),advantage_creation,4,0.5,0,1,1,1,0.1295,0.766,0.1793,0,0,0.9911,0.00024
374,512,505,387,em-05476daa6b31,だんじり鉄砲隊,fire_water,CR,26,805,3599,4,2ターンの間、自身の攻撃力を300%増加させる,counteraction,4,0.5,0,1,1,1,0.125,0.7388,0.1761,0,0,0.9631,0.000292
375,519,513,485,em-b9ee6ac8db32,爆走！えるたそ,fire,R,13,2114,1661,4,2ターンの間、風属性の敵に対する味方全員の攻撃力を200%増加させる,counteraction,4,0.5,0,0.25,1,1,0.119,0.7887,0.168,0,0,0.985,0.000238
376,520,514,374,em-cd7c55cabc32,ゴジュウゲリヲン,fire,R,19,3020,1132,5,3ターンの間、攻撃を自身に集中させる(70%カット),advantage_creation,4,0.5,0,1,1,1,0.119,0.8674,0.168,0,0,0.985,0.00032
377,521,515,641,em-d90aa04af44f,グウィネズ兄弟,all,CR,34,2066,3197,5,2ターンの間、味方全員の攻撃が4回連続攻撃になる,counteraction,4,0.5,0,0,1,1,0.1188,0.6364,0.1641,0,0,0.9629,0.000233
378,114,516,288,em-3e1bbfb34a76,芳一大師匠,fire,N,14,1128,1269,4,死亡している火属性の味方全員を20%のHPで蘇らせる,advantage_creation,4,0.5,0,1,1,1,0.1146,0.8583,0.1617,0.25,0,0.9909,0.000496
379,58,556,182,em-9f7e593bdb96,鮒麿,water,R,7,520,460,5,味方全員のHPを60%回復する,advantage_creation,4,0.5,0,1,1,1,0.1042,0.6875,0.1518,0.5,0,0.9848,0.001499
380,564,25,121,em-0dca19ae5992,降臨！天草トッキー,water,MZR,43,4260,5964,4,2ターンの間、水属性の味方全員の攻撃力を130%増加させる,counteraction,4,0.5,0,1,1,1,0.0917,0.8154,0.136,0,0.5,0.8075,0.002504
381,59,565,303,em-076a0181e290,夏の海の天の川伝説,water,伝,77,9372,5623,6,味方全員のHPを250%回復する,advantage_creation,4,0.5,0,0.75,0.5,1,0.0903,0.7385,0.1324,0.5,0,0.3085,0.000459
382,577,579,459,em-299066b18ca7,バイカル子,water,N,14,2999,499,5,1ターンの間、風属性の攻撃を自身に集中させる(99%カット),advantage_creation,4,0.5,0,0.25,1,1,0.0857,0.6667,0.1279,0,0,0.9908,0.00024
383,582,585,383,em-ae9fd7e6b2dc,ヘヴィなじとっ子君,fire,N,8,607,1795,4,2ターンの間、風属性の敵に対する自身の攻撃力を400%増加させる,counteraction,4,0.5,0,0.25,1,1,0.0812,0.875,0.1216,0,0,0.9908,0.000303
384,603,609,780,em-da18dad9d936,もけーれ！ムベちゃん,water,MZR,53,2896,6475,4,1ターンの間、水属性の味方全員の攻撃が4回連続攻撃になる,counteraction,4,0.5,0,0,1,1,0.0644,0.7292,0.0982,0,0,0.8062,0.000195
385,604,610,341,em-081cdc2b5b45,スノーボーイ,water,N,4,1000,100,6,2ターンの間、火属性の味方全員の攻撃力を150%増加させる,counteraction,4,0.5,0,0.5,0.5,1,0.0635,0.75,0.0975,0,0,0.9907,0.000378
386,33,372,112,em-f49b19428b58,ちび丸のハロウィン,fire_water,CR,17,255,2896,4,死亡している水属性の味方全員を30%のHPで蘇らせる,advantage_creation,4,0.375,0,1,1,1,0.25,0.8333,0.25,0.75,0,0.9621,0.002749
387,396,46,178,em-7b3f53eed84e,?????,fire,CR,14,1380,2675,4,2ターンの間、水属性の敵に対する味方全員の攻撃力を314%増加させる,counteraction,4,0.375,0,0.75,1,1,0.25,0.6429,0.25,0,0.25,0.9621,0.001518
388,398,377,644,em-16634f0d7475,どーよさん,fire,CR,12,400,1200,5,1ターンの間、風属性の敵に対する自身の攻撃力を300%増加させる,counteraction,4,0.375,0,0.5,1,1,0.25,0.7636,0.25,0,0,0.962,0.000233
389,403,382,490,em-1a6fa57fc44e,朦朧ボディマンβ,water,R,12,400,1500,10,1ターンの間、味方全員の攻撃が4回連続攻撃になる,counteraction,4,0.375,0,0,0,1,0.25,0.6802,0.25,0,0,0.9844,0.000238
390,404,383,645,em-b7a8623e2b49,のぶくろくん,fire,CR,8,500,700,8,2ターンの間、味方全員の攻撃が全体攻撃になる,counteraction,4,0.375,0,0,0,1,0.25,0.8341,0.25,0,0,0.9618,0.000233
391,405,384,740,em-7e0f073f3656,年中無休な落花妖精,fire,ZR,41,5538,3834,8,1ターンの間、味方全員に風属性の敵からのダメージを95%軽減するシールドを与える,advantage_creation,4,0.375,0,0,0,1,0.25,0.7557,0.25,0,0,0.904,0.000219
392,406,385,742,em-82e855b7910f,栗林掬太郎,water_wind,ZR,33,5453,2385,4,水属性の味方全員のHPを100%回復する,advantage_creation,4,0.375,0,1,1,1,0.25,0.6709,0.25,0,0,0.9039,0.000219
393,409,388,460,em-73a9cdab3511,リンゴール子爵,water,N,3,300,200,4,火属性の敵全員の攻撃カウントを1増加させる,ignored,4,0.375,0,0,1,1,0.25,0.627,0.25,0,0,0.9905,0.00024
394,410,389,461,em-6588c893ceb4,船師かっさーのん,water,N,3,300,400,6,1ターンの間、リーダーの攻撃力を150%増加させる,counteraction,4,0.375,0,0.5,0.5,1,0.25,0.7045,0.25,0,0,0.9905,0.00024
395,411,390,494,em-0c10b95e36c6,激走！えるたそ,fire,R,10,900,800,4,1ターンの間、風属性の敵に対する味方全員の攻撃力を150%増加させる,counteraction,4,0.375,0,0.5,1,1,0.25,0.7074,0.25,0,0,0.9841,0.000238
396,412,391,646,em-a2165d67f8cb,こんぴらくん,water,CR,12,900,900,7,敵全員の攻撃カウントを2増加させる,ignored,4,0.375,0,0,0.5,1,0.25,0.7188,0.25,0,0,0.9613,0.000233
397,413,392,496,em-95d137a7328a,バス・スミスくん,water,R,6,900,200,5,2ターンの間、火属性の攻撃を自身に集中させる。(90%カット),advantage_creation,4,0.375,0,0.5,0.75,1,0.25,0.6315,0.25,0,0,0.984,0.000238
398,414,393,781,em-1e8ec25622df,切間・ンジャロさん,fire_wind,MZR,39,5871,3442,4,リーダーのスキルカウントを4減少させる,ignored,4,0.375,0,0,1,1,0.25,0.7821,0.25,0,0,0.8014,0.000194
399,428,411,782,em-599b57f2e5c4,Halloweenの蘭子さん,fire_wind,MZR,37,2044,5964,5,死亡している風属性の味方全員を20%のHPで蘇らせる,advantage_creation,4,0.375,0,0.75,0.5,1,0.2292,0.753,0.2371,0,0,0.8011,0.000194
400,104,416,270,em-a03649b8e724,巨大カンテツ,fire,CR,15,3220,3220,5,火属性の味方全員のHPを175%回復する,advantage_creation,4,0.375,0,1,1,1,0.2188,0.6932,0.2303,0.25,0,0.961,0.000563
401,431,417,330,em-b078ec458c73,ににぎさん,water,CR,12,770,830,6,2ターンの間、水属性の味方全員の攻撃力を60%増加させる,counteraction,4,0.375,0,0.75,0.75,1,0.2188,0.697,0.2303,0,0,0.9609,0.000387
402,437,3,52,em-58f4a804ff7f,マリンな白良さん,water,R,12,710,694,4,1ターンの間、水属性の味方全員の攻撃力を60%増加させる,counteraction,4,0.375,0,1,1,1,0.2143,0.8056,0.2273,0,0.75,0.9838,0.004729
403,439,424,648,em-3f6d9cba0059,いなばうあー,fire,CR,12,700,1100,6,火属性の味方全員のスキルカウントを1減少させる,ignored,4,0.375,0,0,0.75,1,0.2143,0.7614,0.2273,0,0,0.9607,0.000232
404,442,427,784,em-40bd3b1e44fa,五月病の悪魔の契約,fire_water,MZR,55,4123,4226,4,2ターンの間、水属性の味方全員の攻撃が全体攻撃になる,counteraction,4,0.375,0,0,1,1,0.2143,0.6551,0.2273,0,0,0.7993,0.000193
405,446,431,501,em-2837181f6574,うおぬまンダー,fire,R,6,500,600,7,2ターンの間、自身の攻撃が全体攻撃になる,counteraction,4,0.375,0,0,0.5,1,0.2143,0.7714,0.2273,0,0,0.9836,0.000238
406,51,435,160,em-1a835be38386,朱雀ニート,water,N,5,320,320,6,死亡している水属性の味方全員を5%のHPで蘇らせる,advantage_creation,4,0.375,0,0.75,0.75,1,0.2083,0.7688,0.2232,0.5,0,0.9902,0.001788
407,449,48,189,em-a68c8ce48bea,こんにゃく姫,fire,ZR,37,5964,2726,7,1ターンの間、火属性の味方全員の攻撃力を400%増加させる,counteraction,4,0.375,0,0.5,0.5,1,0.2083,0.6705,0.2232,0,0.25,0.9009,0.001355
408,453,439,650,em-83399e4df86b,必罰のエルフ,fire,CR,18,2093,3281,4,1ターンの間、火属性の敵に対する味方全員の攻撃力を120%増加させる,counteraction,4,0.375,0,0.75,1,1,0.2083,0.8917,0.2232,0,0,0.9603,0.000232
409,461,447,503,em-ea813aee5d92,ブラジリアン首都術,fire,R,8,1812,1963,4,1ターンの間、自身の攻撃が全体攻撃になる,counteraction,4,0.375,0,0,1,1,0.2,0.6169,0.2174,0,0,0.9835,0.000238
410,3,451,132,em-b2125332555b,呵々Doの閑雅・ルー,water_wind,伝,85,9883,4771,5,2ターンの間、攻撃を自身に集中させる(80%カット),advantage_creation,4,0.375,0,1,0.5,1,0.1875,0.778,0.2083,1.25,0,0.3005,0.002243
411,473,460,506,em-25185336f7f4,しょーかくん,water,R,5,400,500,7,1ターンの間、水属性の味方全員の攻撃が2回連続攻撃になる,counteraction,4,0.375,0,0,0.25,1,0.1818,0.7792,0.2041,0,0,0.9834,0.000238
412,474,461,508,em-a6068b231beb,ハトラちゃん,fire_wind,R,10,299,1488,7,1ターンの間、攻撃を自身に集中させる(100%カット),advantage_creation,4,0.375,0,0.25,0.25,1,0.1818,0.7827,0.2041,0,0,0.9833,0.000238
413,475,462,653,em-c736bc52077a,漱石先生と吾輩たち,water,CR,15,1610,3461,5,火属性の味方全員のスキルカウントを4減少させる,ignored,4,0.375,0,0,0.75,1,0.1818,0.697,0.2041,0,0,0.9599,0.000232
414,107,465,277,em-c69e39cf7701,伏ちゃん,water,CR,12,1597,516,5,2ターンの間、攻撃を自身に集中させる(60%カット),advantage_creation,4,0.375,0,1,1,1,0.1786,0.6458,0.2016,0.25,0,0.9598,0.000535
415,479,467,655,em-04bcad8262b9,現実リオンさん,fire,CR,12,700,1300,4,風属性の敵全員の攻撃カウントを1増加させる,ignored,4,0.375,0,0,1,1,0.1786,0.6623,0.2016,0,0,0.9597,0.000232
416,53,473,166,em-10aded4f89d1,ゲイコツガブリムシ,fire,CR,13,820,2300,5,死亡している火属性の味方全員を20%のHPで蘇らせる,advantage_creation,4,0.375,0,0.75,0.5,1,0.1667,0.7292,0.1923,0.5,0,0.9596,0.001649
417,54,474,190,em-9372502bc6a4,餞のガブリン,fire,MZR,42,1913,5367,4,死亡している火属性の味方全員を40%のHPで蘇らせる,advantage_creation,4,0.375,0,1,1,1,0.1667,0.7604,0.1923,0.5,0,0.7948,0.001333
418,109,475,292,em-9cbbb04818bd,シミ,all,ZR,20,1704,2215,4,味方全員のHPを200%回復する,advantage_creation,4,0.375,0,1,1,1,0.1667,0.7538,0.1923,0.25,0,0.8987,0.000485
419,487,476,510,em-f354ab7f7554,漆黒のいびるん,all,R,12,800,1000,5,2ターンの間、攻撃をリーダーに集中させる(20%カット),advantage_creation,4,0.375,0,1,1,1,0.1667,0.6746,0.1923,0,0,0.983,0.000238
420,490,479,464,em-5514b5658aa3,ハリウッドナナコ師匠,all,N,5,2503,1093,9,敵全員の攻撃カウントを4増加させる,ignored,4,0.375,0,0,0,1,0.1667,0.775,0.1923,0,0,0.9898,0.000239
421,492,481,511,em-2f8589eed296,畳リーゼント,fire,R,7,300,700,4,1ターンの間、リーダーの攻撃力を50%増加させる,counteraction,4,0.375,0,1,1,1,0.1667,0.7143,0.1923,0,0,0.9829,0.000238
422,493,482,513,em-0a74c35caba2,畳リーゼント総長,fire,R,10,512,912,4,1ターンの間、リーダーの攻撃力を200%増加させる,counteraction,4,0.375,0,1,1,1,0.1667,0.5839,0.1923,0,0,0.9828,0.000238
423,497,486,658,em-8a9a0a93b442,メジーナ,fire,CR,15,2415,2415,6,4ターンの間、火属性の味方全員の攻撃力を200%増加させる,counteraction,4,0.375,0,0.75,0.75,1,0.1667,0.6667,0.1923,0,0,0.959,0.000232
424,17,490,70,em-ffdcaffc4a41,雑煮入り☆うるっしー,all,ZR,36,3443,3443,4,2ターンの間、攻撃を自身に集中させる(80%カット),advantage_creation,4,0.375,0,1,1,1,0.1563,0.7972,0.1838,1,0,0.8976,0.003925
425,500,491,340,em-06a82dd4f95a,やまとーる海将,water,R,18,2567,1208,4,2ターンの間、味方全員にダメージを50%軽減するシールドを与える,advantage_creation,4,0.375,0,1,1,1,0.1563,0.8438,0.1838,0,0,0.9827,0.000378
426,503,494,516,em-7e8ca5d8d19a,小林伯爵,water,R,15,3020,1812,5,死亡している味方全員を15%のHPで蘇らせる,advantage_creation,4,0.375,0,1,1,1,0.1563,0.925,0.1838,0,0,0.9827,0.000238
427,111,498,281,em-2697b5e55b56,あろまちゃん+空気,water,N,6,650,700,4,死亡している水属性の味方全員を15%のHPで蘇らせる,advantage_creation,4,0.375,0,1,1,1,0.15,0.75,0.1786,0.25,0,0.9896,0.000518
428,508,501,465,em-547d0e27e1f1,魚堅くん,water,N,3,400,500,7,リーダーのスキルカウントを3減少させる,ignored,4,0.375,0,0,0.5,1,0.15,0.7576,0.1786,0,0,0.9895,0.000239
429,112,506,302,em-837ddd274c7d,夢見る夢ナマコ,water,ZR,15,2224,1226,6,1ターンの間、水属性の攻撃をリーダーに集中させる(95%カット),advantage_creation,4,0.375,0,0.25,0.5,1,0.1429,0.8129,0.1724,0.25,0,0.8965,0.000462
430,513,507,660,em-8476f5773554,エーランドちゃん,fire_water,CR,30,6070,2160,7,風属性の敵全員の攻撃カウントを5増加させる,ignored,4,0.375,0,0,0.25,1,0.1429,0.7816,0.1724,0,0,0.9584,0.000232
431,514,508,517,em-70d6edc2819a,熟練の剣闘士,fire,R,8,265,940,5,1ターンの間、火属性の敵に対する自身の攻撃力を200%増加させる,counteraction,4,0.375,0,1,1,1,0.1429,0.85,0.1724,0,0,0.9824,0.000237
432,113,509,323,em-29be2edf2271,餅子・ﾏｰﾒｲﾄﾞｽﾀｲﾙ,fire_wind,MZR,60,4797,5308,5,1ターンの間、味方全員に水属性の敵からのダメージを99%軽減するシールドを与える,advantage_creation,4,0.375,0,1,1,1,0.1389,0.8153,0.1689,0.25,0,0.7895,0.000401
433,518,512,714,em-78785b8bf619,企業だ浅ちゃん！,water,MZR,42,1192,7327,4,2ターンの間、自身の攻撃力を400%増加させる,counteraction,4,0.375,0,1,1,1,0.1389,0.925,0.1689,0,0,0.7892,0.000226
434,37,517,118,em-4c448c54f095,実底超真幽子さん,water,N,15,1187,1215,5,死亡している水属性の味方全員を100%のHPで蘇らせる,advantage_creation,4,0.375,0,1,1,1,0.125,0.7986,0.1563,0.75,0,0.9894,0.002547
435,57,519,128,em-e51e56c23fa1,上級国民ロヴィーサ,all,ZR,44,2832,2984,4,4ターンの間、火属性の攻撃を自身に集中させる(80%カット),advantage_creation,4,0.375,0,1,1,1,0.125,0.6426,0.1563,0.5,0,0.8953,0.002318
436,116,521,295,em-6f9254f46753,うわマジカ,water,N,4,450,650,4,1ターンの間、火属性の攻撃を自身に集中させる。(90%カット),advantage_creation,4,0.375,0,1,1,1,0.125,0.7098,0.1563,0.25,0,0.9893,0.000481
437,522,5,61,em-67aa8e3ee215,川越料理長,fire,CR,17,1175,3655,4,1ターンの間、風属性の敵に対する味方全員の攻撃力を250%増加させる,counteraction,4,0.375,0,0.5,1,1,0.125,0.9125,0.1563,0,0.75,0.9578,0.004362
438,523,54,198,em-3a3a23655699,とりころん・ぴー子,fire,CR,16,1200,300,7,1ターンの間、味方全員の属性を全属性(3色混合)に変更する,adaptive,4,0.375,0,0.25,0.5,1,0.125,0.758,0.1563,0,0.25,0.9577,0.00125
439,524,55,210,em-96c8b7af6f5c,ネギtheダーウィン,all,ZR,30,5112,0,5,1ターンの間、味方全員の属性を全属性(3色混合)に変更する,adaptive,4,0.375,0,0.5,1,1,0.125,0.6932,0.1563,0,0.25,0.8945,0.001141
440,526,525,371,em-54897d4f731d,ケンＺＯ２号,fire,N,5,200,580,5,3ターンの間、自身の攻撃力を80%増加させる,counteraction,4,0.375,0,1,1,1,0.125,0.6682,0.1563,0,0,0.9892,0.000324
441,527,526,662,em-1232a815b671,みさきさん,water,CR,16,1000,1200,5,1ターンの間、水属性の味方全員の攻撃が2回連続攻撃になる,counteraction,4,0.375,0,0,0.75,1,0.125,0.75,0.1563,0,0,0.9575,0.000231
442,529,528,663,em-4b386c59ef08,キマシ塔の温泉娘,fire_water,CR,20,1245,2781,5,2ターンの間、風属性の味方全員の攻撃力を314%増加させる,counteraction,4,0.375,0,0.25,1,1,0.125,0.625,0.1563,0,0,0.9574,0.000231
443,530,529,785,em-405f3e1dc3af,べるりん★最高潮,fire,MZR,45,5367,3663,6,1ターンの間、火属性の攻撃を自身に集中させる(100%カット),advantage_creation,4,0.375,0,1,0.5,1,0.125,0.7517,0.1563,0,0,0.7856,0.00019
444,532,531,248,em-d295de1e4086,海の日シスターズ♪,fire_water,ZR,40,3823,4657,4,3ターンの間、水属性の味方全員の攻撃力を80%増加させる,counteraction,4,0.375,0,1,1,1,0.125,0.778,0.1563,0,0,0.8935,0.000735
445,533,532,786,em-b7d1205bd3a7,すーぱーサイアン,fire_water,MZR,60,5964,5964,12,1ターンの間、自身の攻撃力を99999%増加させる,counteraction,4,0.375,0,0,0,1,0.125,0.9097,0.1563,0,0,0.7849,0.00019
446,536,535,665,em-5bdefb267838,どーよくん,fire,CR,8,310,910,5,1ターンの間、風属性の敵に対する自身の攻撃力を100%増加させる,counteraction,4,0.375,0,0,0.75,1,0.125,0.5962,0.1563,0,0,0.957,0.000231
447,541,540,467,em-05688a606392,芳一くん,fire,N,3,300,400,7,死亡している火属性の味方全員を5%のHPで蘇らせる,advantage_creation,4,0.375,0,0,0,1,0.125,0.6818,0.1563,0,0,0.989,0.000239
448,542,541,468,em-4c84ff6e1868,カカカのカ治郎,fire,N,6,700,500,5,風属性の敵全員の攻撃カウントを2増加させる,ignored,4,0.375,0,0,0.75,1,0.125,0.6548,0.1563,0,0,0.989,0.000239
449,543,542,668,em-646a258bedba,ロロちゃん,fire,CR,8,500,800,8,死亡している火属性の味方全員を40%のHPで蘇らせる,advantage_creation,4,0.375,0,0,0,1,0.125,0.6929,0.1563,0,0,0.9568,0.000231
450,546,545,787,em-bd98030ead3e,首領子襲来!!,water,MZR,33,5680,3786,4,味方全員のHPを111%回復する,advantage_creation,4,0.375,0,1,1,1,0.125,0.7344,0.1563,0,0,0.7831,0.000189
451,547,546,745,em-a20c59ca87c1,Let's☆ハチ公,fire_water,ZR,33,6560,1448,5,敵全員の攻撃カウントを2増加させる,ignored,4,0.375,0,0,1,1,0.125,0.7765,0.1563,0,0,0.8921,0.000216
452,548,547,470,em-c7088988ea18,ガンギマリのメル先生,water,N,12,597,341,5,3ターンの間、風属性の味方全員の攻撃が3回連続攻撃になる,counteraction,4,0.375,0,0,1,1,0.125,0.6071,0.1563,0,0,0.9888,0.000239
453,550,549,746,em-f3ce9865b46f,BeasT5,water,ZR,38,4116,4664,7,水属性の敵全員の攻撃カウントを5増加させる,ignored,4,0.375,0,0,0.5,1,0.125,0.6066,0.1563,0,0,0.8917,0.000216
454,551,550,521,em-9599a14be3a9,歴戦の剣闘士,fire,R,10,350,1058,5,1ターンの間、火属性の敵に対する自身の攻撃力を500%増加させる,counteraction,4,0.375,0,0.75,1,1,0.125,0.7396,0.1563,0,0,0.9813,0.000237
455,555,554,830,em-45aa4b2348d2,鬼一方眼,water,伝,80,12780,3578,5,3ターンの間、リーダーの攻撃力を600%増加させる,counteraction,4,0.375,0,0.75,0.75,1,0.125,0.9333,0.1563,0,0,0.2875,0.00008
456,556,555,747,em-0f3dc5f343f5,?????,water,ZR,40,2954,3316,8,敵全員の攻撃カウントを5増加させる,ignored,4,0.375,0,0,0.25,1,0.125,0.7738,0.1563,0,0,0.8911,0.000215
457,119,557,321,em-34ff44ed1803,富士さんは魔女,water,ZR,42,5112,4260,4,死亡している水属性の味方全員を10%のHPで蘇らせる,advantage_creation,4,0.375,0,1,1,1,0.1071,0.8011,0.1389,0.25,0,0.8908,0.000415
458,562,563,359,em-54ee851ff3fb,zuス様とsiラ様,water,N,10,1410,987,4,3ターンの間、水属性の敵に対する味方全員の攻撃力を90%増加させる,counteraction,4,0.375,0,1,1,1,0.1071,0.6066,0.1389,0,0,0.9887,0.000352
459,563,564,748,em-f3861e35df6f,暗黒王まはーかーらん,fire_water,ZR,47,3731,3926,4,水属性の敵全員の攻撃カウントを2増加させる,ignored,4,0.375,0,0,1,1,0.1071,0.9286,0.1389,0,0,0.8904,0.000215
460,18,566,63,em-4bb28e84009d,吉野スライメスト,water,N,13,1809,735,5,2ターンの間、攻撃を自身に集中させる(80%カット),advantage_creation,4,0.375,0,1,1,1,0.1,0.6345,0.1316,1,0,0.9886,0.004259
461,120,567,322,em-72f5e94185a5,MAIKOちゃん,water,ZR,34,3834,3834,6,1ターンの間、風属性の攻撃を自身に集中させる(100%カット),advantage_creation,4,0.375,0,0.5,1,1,0.1,0.8111,0.1316,0.25,0,0.89,0.000409
462,565,56,199,em-7a89b660417d,くーちゃん,fire,N,5,400,500,4,1ターンの間、味方全員の攻撃力を40%増加させる,counteraction,4,0.375,0,1,1,1,0.1,0.7292,0.1316,0,0.25,0.9885,0.001232
463,566,568,670,em-f7e845fc0a39,鎌倉式ＤＢ２,water,CR,8,811,412,7,1ターンの間、攻撃を自身に集中させる(70%カット),advantage_creation,4,0.375,0,0.5,0.5,1,0.1,0.7005,0.1316,0,0,0.9555,0.000231
464,567,569,672,em-2d8e102d95f3,えぇじゃないか,water,CR,8,640,580,7,2ターンの間、自身の攻撃が全体攻撃になる,counteraction,4,0.375,0,0,0.25,1,0.1,0.7869,0.1316,0,0,0.9555,0.000231
465,574,576,673,em-e42e99273751,輪島のうるっしー,fire,CR,12,1200,500,4,1ターンの間、攻撃を自身に集中させる(70%カット),advantage_creation,4,0.375,0,1,1,1,0.1,0.7708,0.1316,0,0,0.9554,0.000231
466,578,581,529,em-b68e81559a03,ピカリャー,fire,R,6,400,600,7,1ターンの間、自身の攻撃が3回連続攻撃になる,counteraction,4,0.375,0,0,0.25,1,0.0938,0.6833,0.125,0,0,0.9807,0.000237
467,579,582,674,em-983228ce32d4,あっしゅTHEｷｬｯﾄ,fire_water,CR,8,1300,500,5,1ターンの間、火属性の攻撃を自身に集中させる(20%カット),advantage_creation,4,0.375,0,1,1,1,0.0938,0.7389,0.125,0,0,0.9552,0.000231
468,581,584,472,em-9d8b6a4d2c9c,はたはタン,water,N,3,300,200,5,味方全員のHPを30%回復する,advantage_creation,4,0.375,0,1,1,1,0.0938,0.7083,0.125,0,0,0.9884,0.000239
469,583,6,59,em-b057fb6325c7,常飲！とちぎソウル,water,N,5,200,600,5,1ターンの間、自身の攻撃力を200%増加させる,counteraction,4,0.375,0,1,1,1,0.0833,0.7668,0.1136,0,0.75,0.9883,0.00438
470,585,590,471,em-ce4a4d623424,ケンＺＯ４号,fire,N,8,502,1901,5,3ターンの間、自身の攻撃力を100%増加させる,counteraction,4,0.375,0,0.75,0.75,1,0.0833,0.6326,0.1136,0,0,0.9883,0.000239
471,588,593,789,em-21f078527946,マノすん博士,fire,MZR,40,4771,3408,7,火属性の敵全員の攻撃カウントを6増加させる,ignored,4,0.375,0,0,0,1,0.0833,0.7462,0.1136,0,0,0.7754,0.000187
472,589,594,790,em-2eebc4f8633d,すわっ！かつより君,fire_water,MZR,60,5350,4771,5,2ターンの間、味方全員の攻撃が全体攻撃になる,counteraction,4,0.375,0,0,1,1,0.0833,0.7909,0.1136,0,0,0.775,0.000187
473,592,597,534,em-461e884c1b94,ひろし多美子,water,R,8,590,615,6,1ターンの間、水属性の味方全員の攻撃力を77%増加させる,counteraction,4,0.375,0,0.75,0.75,1,0.0833,0.8504,0.1136,0,0,0.9804,0.000237
474,595,600,535,em-f5eb41dbe671,たたらん先輩,fire,R,9,600,400,4,1ターンの間、味方全員の攻撃力を30%増加させる,counteraction,4,0.375,0,1,1,1,0.0833,0.8042,0.1136,0,0,0.9803,0.000237
475,596,601,791,em-681c8662f2b6,まさか殿(ｼﾞｬｰｼﾞ),all,MZR,55,6475,3748,6,敵全員の攻撃カウントを3増加させる,ignored,4,0.375,0,0,0.5,1,0.0833,0.7898,0.1136,0,0,0.7739,0.000187
476,598,603,536,em-6722337c6d78,雨降る倉敷のみかん姐,fire_water,R,15,2718,1963,4,1ターンの間、味方全員の攻撃が全体攻撃になる,counteraction,4,0.375,0,0,1,1,0.0833,0.7305,0.1136,0,0,0.9802,0.000237
477,599,604,307,em-87d7d883c438,ニートエンペラー,all,R,10,459,565,7,2ターンの間、味方全員にダメージを80%軽減するシールドを与える,advantage_creation,4,0.375,0,0.75,0.25,1,0.0833,0.9125,0.1136,0,0,0.9802,0.000453
478,600,606,675,em-1d7c8481ec64,にくぁうちゃん,fire,CR,8,314,913,4,1ターンの間、風属性の敵に対する自身の攻撃力を200%増加させる,counteraction,4,0.375,0,0.5,1,1,0.0714,0.6987,0.1,0,0,0.9542,0.000231
479,605,611,792,em-8cb75e870411,マンいーたち,fire_wind,MZR,50,3408,6816,4,3ターンの間、水属性の味方全員の攻撃が全体攻撃になる,counteraction,4,0.375,0,0,1,1,0.0682,0.7321,0.0962,0,0,0.7724,0.000187
480,62,612,120,em-5b5d08d879f7,おかいこさん,water,CR,12,797,816,5,2ターンの間、味方全員の属性を風属性に変更する,adaptive,4,0.375,0,0.75,1,1,0.0625,0.6125,0.0893,0.5,0,0.954,0.002519
481,127,616,324,em-a93e62a47cbd,ホレズ先生,water_wind,CR,25,3494,3043,6,死亡している味方全員を80%のHPで蘇らせる,advantage_creation,4,0.375,0,1,0.5,1,0.0625,0.8614,0.0893,0.25,0,0.9539,0.000401
482,606,27,122,em-0ccc51b405ca,初代畳リーゼント,fire,R,13,1045,2258,4,1ターンの間、リーダーの攻撃力を300%増加させる,counteraction,4,0.375,0,1,1,1,0.0625,0.7262,0.0893,0,0.5,0.9799,0.00249
483,607,28,123,em-1d5e8b5832c0,続・いぬやマン,water,R,12,400,400,7,1ターンの間、味方全員の攻撃力を150%増加させる,counteraction,4,0.375,0,0.75,0.75,1,0.0625,0.7864,0.0893,0,0.5,0.9799,0.002427
484,608,57,206,em-ebd6f9bf2bee,中野華蓮(日本人),fire,CR,17,1516,3638,4,1ターンの間、自身の攻撃力を200%増加させる,counteraction,4,0.375,0,1,1,1,0.0625,0.8447,0.0893,0,0.25,0.9537,0.001161
485,609,58,355,em-4c03ad40dce9,源のゴライコー,all,伝,75,7923,6390,4,3ターンの間、自身の攻撃力を500%増加させる,counteraction,4,0.375,0,1,1,1,0.0625,0.8489,0.0893,0,0.25,0.2785,0.000357
486,610,617,473,em-2f6ae2b54633,フクちゃん,water,N,3,300,400,4,1ターンの間、味方全員の属性を火属性に変更する,adaptive,4,0.375,0,0,1,1,0.0625,0.706,0.0893,0,0,0.9878,0.000239
487,613,620,676,em-f3091896bc28,腹話フック,fire,CR,15,1610,3220,4,1ターンの間、火属性の味方全員の攻撃が4回連続攻撃になる,counteraction,4,0.375,0,0,1,1,0.0625,0.6643,0.0893,0,0,0.9534,0.00023
488,618,625,677,em-577ab88ffefc,河口精進子,water,CR,8,800,1100,7,敵全員の攻撃カウントを2増加させる,ignored,4,0.375,0,0,0.25,1,0.0625,0.6514,0.0893,0,0,0.9533,0.00023
489,619,626,543,em-58b6cf5f2d45,忍者！フゥーま,water_wind,R,6,500,500,5,1ターンの間、攻撃をリーダーに集中させる(65%カット),advantage_creation,4,0.375,0,0.5,0.75,1,0.0625,0.7962,0.0893,0,0,0.9796,0.000237
490,620,627,679,em-1a3ab3b1acf7,聖☆いんてぃないか,fire_water,CR,19,2817,2334,4,3ターンの間、自身の攻撃が全体攻撃になる,counteraction,4,0.375,0,0,1,1,0.0625,0.8811,0.0893,0,0,0.9531,0.00023
491,621,628,832,em-05c5072dc080,橘の元祖☆みっちー,water_wind,伝,75,9798,4515,4,味方全員のスキルカウントを2減少させる,ignored,4,0.375,0,0,1,1,0.0625,0.6871,0.0893,0,0,0.2767,0.000067
492,624,631,681,em-3b3dcabfe61f,ク・うぃーん女王,fire,CR,8,900,900,5,2ターンの間、味方全員の属性を火属性に変更する,adaptive,4,0.375,0,0,1,1,0.0556,0.7556,0.0806,0,0,0.9529,0.00023
493,625,632,260,em-7aeb7561c788,ににぎのミコト,water,ZR,50,4941,3748,5,3ターンの間、水属性の味方全員の攻撃力を200%増加させる,counteraction,4,0.375,0,0.75,0.75,1,0.0556,0.7893,0.0806,0,0,0.8833,0.000634
494,626,633,682,em-251adb8af3dc,にくぁう餃子権現,all,CR,30,1365,3638,4,2ターンの間、風属性の敵に対する自身の攻撃力を1000%増加させる,counteraction,4,0.375,0,0.5,1,1,0.0556,0.7576,0.0806,0,0,0.9527,0.00023
495,130,636,378,em-b97fa105ba34,うまうーさん♪,water_wind,MZR,40,5793,3067,5,1ターンの間、火属性の攻撃を自身に集中させる(100%カット),advantage_creation,4,0.375,0,1,0.75,1,0.05,0.6534,0.0735,0.25,0,0.7664,0.000311
496,131,637,828,em-c25db2f5b4ff,メルヘン☆グリ子,fire_wind,伝,80,9202,3748,4,1ターンの間、味方全員にダメージを80%軽減するシールドを与える,advantage_creation,4,0.375,0,1,1,1,0.05,0.6731,0.0735,0.25,0,0.2752,0.00011
497,630,640,684,em-a14b58fbc4fa,うるっしー,fire,CR,8,1000,400,5,1ターンの間、攻撃を自身に集中させる(70%カット),advantage_creation,4,0.375,0,1,1,1,0.05,0.5909,0.0735,0,0,0.9525,0.00023
498,631,641,685,em-fc0926b017ef,なまずのおじさん,water,CR,25,4260,1278,5,1ターンの間、味方全員に風属性の敵からのダメージを90%軽減するシールドを与える,advantage_creation,4,0.375,0,0.75,0.75,1,0.05,0.6517,0.0735,0,0,0.9524,0.00023
499,632,642,548,em-71b88b3e60d7,迷菓ぴよ子,fire,R,4,346,356,5,1ターンの間、火属性の味方全員の攻撃力を50%増加させる,counteraction,4,0.375,0,1,1,1,0.05,0.6591,0.0735,0,0,0.979,0.000237
500,633,643,687,em-8cd856412a10,にくぁうぅぅぅぅぅ！,fire,CR,17,1355,3638,4,1ターンの間、風属性の敵に対する自身の攻撃力を1000%増加させる,counteraction,4,0.375,0,0.5,1,1,0.05,0.8458,0.0735,0,0,0.9522,0.00023
501,635,645,475,em-03fc13420b08,鳴子お嬢様,fire,N,8,600,600,6,1ターンの間、火属性の味方全員の攻撃が全体攻撃になる,counteraction,4,0.375,0,0,0.75,1,0.05,0.8175,0.0735,0,0,0.9874,0.000239
502,638,648,550,em-da69b63392e4,手品師！エッシュさん,fire,R,6,600,600,4,水属性の味方全員のスキルカウントを2減少させる,ignored,4,0.375,0,0,1,1,0.05,0.6964,0.0735,0,0,0.9789,0.000237
503,134,652,338,em-af3decda6522,式部卿鮒麿,water,R,8,640,565,5,味方全員のHPを70%回復する,advantage_creation,4,0.375,0,1,1,1,0.0417,0.8029,0.0625,0.25,0,0.9788,0.000379
504,641,60,211,em-14bbe92902df,ネムりん,water,CR,11,2726,1633,5,3ターンの間、自身の攻撃力を333%増加させる,counteraction,4,0.375,0,0.75,0.75,1,0.0417,0.7917,0.0625,0,0.25,0.9518,0.001136
505,644,655,552,em-bb2b760b2dfe,いぬやマン,water,R,6,400,400,7,1ターンの間、味方全員の攻撃力を100%増加させる,counteraction,4,0.375,0,0.5,0.5,1,0.0417,0.7589,0.0625,0,0,0.9787,0.000237
506,646,657,793,em-70a9a07ea8d9,うさ☆八幡さま,water_wind,MZR,60,5964,5964,6,火属性の敵全員の攻撃カウントを3増加させる,ignored,4,0.375,0,0,0.75,1,0.0417,0.7708,0.0625,0,0,0.7622,0.000184
507,647,658,833,em-5e67f5f55234,?????,fire_wind,伝,88,10224,4941,5,3ターンの間、風属性の敵に対する味方全員の攻撃力を300%増加させる,counteraction,4,0.375,0,0.5,1,1,0.0417,0.7898,0.0625,0,0,0.2718,0.000066
508,652,663,689,em-1ab18da48960,白い悪魔の小町さん,water_wind,CR,24,3461,3300,5,3ターンの間、水属性の味方全員の攻撃が全体攻撃になる,counteraction,4,0.375,0,0,0.75,1,0.0417,0.758,0.0625,0,0,0.9514,0.00023
509,137,666,353,em-e128354ca2de,シュレーダー帝,fire_water,CR,31,1795,3097,6,死亡している火属性の味方全員を130%のHPで蘇らせる,advantage_creation,4,0.375,0,0.5,0.5,1,0.0357,0.7385,0.0543,0.25,0,0.9513,0.000357
510,657,669,554,em-f1fdf84ea79d,どんちっちん,fire,R,6,700,500,9,2ターンの間、味方全員の攻撃が全体攻撃になる,counteraction,4,0.375,0,0,0,1,0.0357,0.8125,0.0543,0,0,0.9785,0.000237
511,659,671,749,em-469fc4e70bad,エヴァンジェ・凛,water_wind,ZR,48,5091,3428,5,味方全員のHPを200%回復する,advantage_creation,4,0.375,0,1,0.75,1,0.0357,0.8452,0.0543,0,0,0.8794,0.000213
512,660,672,557,em-9aec6212c779,白水兄さん,fire,R,8,580,626,8,1ターンの間、火属性の味方全員の攻撃が全体攻撃になる,counteraction,4,0.375,0,0,0,1,0.0357,0.7424,0.0543,0,0,0.9784,0.000236
513,665,677,688,em-cf865abec5e5,川越マン２世,fire,CR,12,516,1000,4,1ターンの間、風属性の敵に対する味方全員の攻撃力を100%増加させる,counteraction,4,0.375,0,0.25,1,1,0.0313,0.8132,0.0481,0,0,0.951,0.00023
514,666,678,477,em-525fc1b65a26,吉野スライム,water,N,4,411,209,5,1ターンの間、攻撃を自身に集中させる(50%カット),advantage_creation,4,0.375,0,1,1,1,0.0313,0.7636,0.0481,0,0,0.987,0.000239
515,667,679,556,em-7ada5b98126c,サイガーブルー,fire,R,8,250,950,5,1ターンの間、自身の攻撃が3回連続攻撃になる,counteraction,4,0.375,0,0,0.75,1,0.0313,0.5962,0.0481,0,0,0.9782,0.000236
516,670,682,482,em-0c67088a1447,わさわさ大根,water_wind,N,11,2623,1184,6,火属性の敵全員の攻撃カウントを2増加させる,ignored,4,0.375,0,0,0.75,1,0.0313,0.6875,0.0481,0,0,0.9869,0.000239
517,672,684,690,em-53084d488de2,川越ザ・サード,fire,CR,15,666,1607,4,1ターンの間、風属性の敵に対する味方全員の攻撃力を200%増加させる,counteraction,4,0.375,0,0.5,1,1,0.0313,0.6678,0.0481,0,0,0.9506,0.00023
518,674,686,293,em-2e5137a70580,やまとーる君,water,R,6,600,300,7,2ターンの間、味方全員にダメージを50%軽減するシールドを与える,advantage_creation,4,0.375,0,0.75,0.25,1,0.0313,0.65,0.0481,0,0,0.978,0.000485
519,676,688,691,em-c08850a0aec0,いなば☆うわぁああ！,fire,CR,20,2579,3220,4,火属性の味方全員のスキルカウントを2減少させる,ignored,4,0.375,0,0,1,1,0.0313,0.7917,0.0481,0,0,0.9504,0.00023
520,677,689,314,em-2a5e6ca1207c,ケーンクラちゃん,water_wind,伝,81,9713,4089,6,2ターンの間、味方全員にダメージを80%軽減するシールドを与える,advantage_creation,4,0.375,0,0.75,0.25,1,0.0313,0.8427,0.0481,0,0,0.2677,0.000431
521,678,690,750,em-e5fb3c6a3323,ガジュ・まる子さん,fire_wind,ZR,34,3748,4430,5,死亡している風属性の味方全員を82%のHPで蘇らせる,advantage_creation,4,0.375,0,1,1,1,0.0313,0.6806,0.0481,0,0,0.8771,0.000212
522,681,695,483,em-573a74e6170b,God of 魚ぉ！,water,N,8,1269,1128,4,味方全員のHPを45%回復する,advantage_creation,4,0.375,0,1,1,1,0.0278,0.8096,0.0431,0,0,0.9867,0.000239
523,682,696,794,em-c2dc184a86c0,爆誕！さくどん,water,MZR,45,3408,4260,9,敵全員の攻撃カウントを6増加させる,ignored,4,0.375,0,0,0,1,0.0278,0.9063,0.0431,0,0,0.7556,0.000183
524,683,697,693,em-5284c689c7b6,ジャウー大先生,water,CR,15,805,3220,4,水属性の味方全員のスキルカウントを2減少させる,ignored,4,0.375,0,0,1,1,0.0278,0.7364,0.0431,0,0,0.9499,0.00023
525,684,698,751,em-57768559e8b8,旋律！タコ幼女,fire,ZR,39,1533,4601,5,火属性の味方全員のHPを180%回復する,advantage_creation,4,0.375,0,0.75,0.75,1,0.0278,0.7348,0.0431,0,0,0.8762,0.000212
526,685,699,561,em-43c2f997e41c,きっしん,fire,R,7,170,830,5,1ターンの間、自身の攻撃力を300%増加させる,counteraction,4,0.375,0,0.75,0.75,1,0.025,0.7552,0.0391,0,0,0.9776,0.000236
527,141,701,357,em-458c94f99220,ほたるーニャ,water,N,3,350,500,5,1ターンの間、味方全員の属性を風属性に変更する,adaptive,4,0.375,0,1,0.75,1,0.0208,0.6333,0.0329,0.25,0,0.9865,0.000356
528,687,702,562,em-e37685227f53,さくちゃん,water,R,9,680,724,5,火属性の味方全員のスキルカウントを2減少させる,ignored,4,0.375,0,0,1,1,0.0208,0.7864,0.0329,0,0,0.9775,0.000236
529,32,371,110,em-bdf5b4886e9a,シーホーすん,fire,ZR,12,1191,1532,5,2ターンの間、味方全員にダメージを72%軽減するシールドを与える,advantage_creation,4,0.25,0,0.75,0.75,1,0.25,0.6836,0.25,0.75,0,0.8754,0.002766
530,34,373,140,em-6c9a66a7da8c,抹殺音ズース,fire_water,MZR,40,5623,3408,6,味方全員のHPを300%回復する,advantage_creation,4,0.25,0,0.75,0.75,1,0.25,0.7597,0.25,0.75,0,0.7528,0.002096
531,99,374,262,em-4c77b2b8ad46,トキシッくんさん,water,N,6,700,600,4,死亡している火属性の味方全員を80%のHPで蘇らせる,advantage_creation,4,0.25,0,1,1,1,0.25,0.6449,0.25,0.25,0,0.9864,0.00063
532,100,375,285,em-0e376d1892df,メネリくん一世,all,MZR,72,6134,3067,4,3ターンの間、攻撃を自身に集中させる(72%カット),advantage_creation,4,0.25,0,1,1,1,0.25,0.9058,0.25,0.25,0,0.752,0.000503
533,395,45,202,em-5861838d2e36,ばうあー泥棒,all,MZR,35,4771,3033,4,2ターンの間、火属性の敵に対する自身の攻撃力を1780%増加させる,counteraction,4,0.25,0,1,1,1,0.25,0.6479,0.25,0,0.25,0.7517,0.001215
534,397,376,476,em-62efa937d743,素敵なびわ子たん,water,N,7,500,480,4,1ターンの間、味方全員に風属性の敵からのダメージを80%軽減するシールドを与える,advantage_creation,4,0.25,0,0.5,1,1,0.25,0.7346,0.25,0,0,0.9863,0.000239
535,399,378,479,em-fb6292300fc0,妖怪おたべ,water,N,5,525,455,4,風属性の敵全員の攻撃カウントを1増加させる,ignored,4,0.25,0,0,1,1,0.25,0.7,0.25,0,0,0.9863,0.000239
536,400,379,480,em-0f9cbc48c65a,船党かっさーのん,water,N,5,400,500,5,1ターンの間、リーダーの攻撃力を150%増加させる,counteraction,4,0.25,0,0.75,1,1,0.25,0.6988,0.25,0,0,0.9863,0.000239
537,401,380,695,em-f938c5c907fd,ももたろす,fire,CR,8,1000,1000,4,1ターンの間、自身の属性を風属性に変更する,adaptive,4,0.25,0,1,1,1,0.25,0.6218,0.25,0,0,0.9487,0.000229
538,402,381,696,em-959e9037e6f6,だいこっくん,fire,CR,8,800,900,8,1ターンの間、味方全員の攻撃力を100%増加させる,counteraction,4,0.25,0,0,0,1,0.25,0.6515,0.25,0,0,0.9486,0.000229
539,407,386,752,em-e36d35de9441,青谷やよい,fire_wind,ZR,42,3578,3374,4,1ターンの間、自身に水属性の敵からのダメージを99%軽減するシールドを与える,advantage_creation,4,0.25,0,1,1,1,0.25,0.6187,0.25,0,0,0.8731,0.000211
540,408,387,484,em-bb5629a7c096,安井武勇伝,water,N,5,405,395,6,1ターンの間、攻撃をリーダーに集中させる(70%カット),advantage_creation,4,0.25,0,0.75,0.5,1,0.25,0.7107,0.25,0,0,0.9861,0.000238
541,415,394,753,em-eea7e5ad714b,饅頭石餅子,fire_wind,ZR,30,3433,4114,5,1ターンの間、水属性の攻撃を自身に集中させる(99%カット),advantage_creation,4,0.25,0,1,1,1,0.25,0.747,0.25,0,0,0.8726,0.000211
542,416,395,754,em-e73e837049b5,ｿﾞﾝﾋﾞｶﾞｰﾙ･ガブリン,fire,ZR,28,1366,3834,4,死亡している火属性の味方全員を20%のHPで蘇らせる,advantage_creation,4,0.25,0,1,1,1,0.25,0.7521,0.25,0,0,0.8724,0.000211
543,35,415,139,em-64fa899f397f,ダル飯☆杏,water,MZR,44,5896,3340,4,2ターンの間、攻撃を自身に集中させる(80%カット),advantage_creation,4,0.25,0,1,1,1,0.2188,0.7338,0.2303,0.75,0,0.7476,0.002099
544,438,423,570,em-231cdc0f0757,忠犬八太郎,fire,R,14,3775,755,6,敵全員の攻撃カウントを2増加させる,ignored,4,0.25,0,0,0.75,1,0.2143,0.6489,0.2273,0,0,0.9767,0.000236
545,440,425,572,em-b34fc14eb133,ピカリャーは眠らない,fire,R,10,800,1000,5,1ターンの間、自身の攻撃が3回連続攻撃になる,counteraction,4,0.25,0,0,1,1,0.2143,0.5667,0.2273,0,0,0.9766,0.000236
546,441,426,795,em-3151d77efe3f,チンチョーロさん,fire_wind,MZR,37,4805,4805,7,死亡している風属性の味方全員を200%のHPで蘇らせる,advantage_creation,4,0.25,0,0.25,0.5,1,0.2143,0.6667,0.2273,0,0,0.7464,0.00018
547,443,428,834,em-5e492c884ca0,三貴子素戔嗚,fire_wind,伝,75,8946,6475,5,2ターンの間、味方全員の攻撃が3回連続攻撃になる,counteraction,4,0.25,0,0,0.5,1,0.2143,0.7171,0.2273,0,0,0.2589,0.000063
548,444,429,574,em-4ccfc2b986b5,舞え！どんちっちん,fire,R,8,900,600,8,2ターンの間、味方全員の攻撃が全体攻撃になる,counteraction,4,0.25,0,0,0,1,0.2143,0.6938,0.2273,0,0,0.9764,0.000236
549,445,430,487,em-22dd952da197,ハントンの兄貴,fire,N,11,1057,1198,5,1ターンの間、味方全員の攻撃が2回連続攻撃になる,counteraction,4,0.25,0,0,0.75,1,0.2143,0.7529,0.2273,0,0,0.9858,0.000238
550,447,432,796,em-b1988954d3bc,織田フィナーレ,fire,MZR,50,2556,5964,5,2ターンの間、火属性の味方全員の攻撃が3回連続攻撃になる,counteraction,4,0.25,0,0,0.75,1,0.2143,0.7268,0.2273,0,0,0.7448,0.00018
551,448,433,797,em-0183a7a13db2,かーたん・べーり,fire_water,MZR,32,4089,4089,5,1ターンの間、風属性の攻撃を自身に集中させる(100%カット),advantage_creation,4,0.25,0,0.5,0.75,1,0.2143,0.686,0.2273,0,0,0.7444,0.00018
552,50,434,188,em-78804a795640,ズンビージョンきゅん,water,MZR,39,1448,4771,6,死亡している水属性の味方全員を170%のHPで蘇らせる,advantage_creation,4,0.25,0,0.75,1,1,0.2083,0.7333,0.2232,0.5,0,0.744,0.001377
553,450,436,488,em-57204b8d6ee6,伝説のWoo怪,water,N,12,1126,2393,4,2ターンの間、自身の攻撃が3回連続攻撃になる,counteraction,4,0.25,0,0,1,1,0.2083,0.7364,0.2232,0,0,0.9857,0.000238
554,451,437,489,em-1d111df2ae70,ヤックです,fire_wind,N,5,300,400,7,1ターンの間、自身の攻撃が3回連続攻撃になる,counteraction,4,0.25,0,0,0.5,1,0.2083,0.5315,0.2232,0,0,0.9857,0.000238
555,452,438,577,em-76311eb8b6ba,Halloweenな藤原マミー,water_wind,R,18,1208,1963,5,死亡している水属性の味方全員を90%のHPで蘇らせる,advantage_creation,4,0.25,0,0.75,0.5,1,0.2083,0.7937,0.2232,0,0,0.976,0.000236
556,454,440,578,em-0add6b5a96ff,朦朧ボディマンα,water,R,9,300,1000,10,1ターンの間、味方全員の攻撃が3回連続攻撃になる,counteraction,4,0.25,0,0,0,1,0.2083,0.6131,0.2232,0,0,0.976,0.000236
557,455,441,491,em-511e9ea676be,Woo怪さま,water,N,10,700,1100,5,1ターンの間、自身の攻撃が3回連続攻撃になる,counteraction,4,0.25,0,0,0.75,1,0.2083,0.5371,0.2232,0,0,0.9856,0.000238
558,463,49,170,em-9b717b0ffa22,地獄めぐりベッピー,fire,R,19,1733,1664,5,2ターンの間、火属性の味方全員の攻撃力を200%増加させる,counteraction,4,0.25,0,0.75,0.75,1,0.1944,0.5682,0.2134,0,0.25,0.9759,0.001594
559,36,452,115,em-3803f94f5ae7,あろまちゃん,water,N,3,350,500,4,死亡している水属性の味方全員を5%のHPで蘇らせる,advantage_creation,4,0.25,0,1,1,1,0.1875,0.6154,0.2083,0.75,0,0.9855,0.002604
560,465,453,486,em-ddba9f91bab7,注入！とちぎソウル,water,N,6,280,700,5,1ターンの間、自身の攻撃力を300%増加させる,counteraction,4,0.25,0,1,1,1,0.1875,0.7472,0.2083,0,0,0.9855,0.000238
561,471,458,492,em-9c69c811a77c,ヤック・ザ・ナイト,fire_wind,N,8,600,700,5,1ターンの間、自身の攻撃が3回連続攻撃になる,counteraction,4,0.25,0,0,1,1,0.1818,0.6591,0.2041,0,0,0.9854,0.000238
562,472,459,579,em-124d2df2b85e,ディオクレ君,fire_water,R,23,2416,1449,4,味方全員のスキルカウントを2減少させる,ignored,4,0.25,0,0,1,1,0.1818,0.6343,0.2041,0,0,0.9757,0.000236
563,52,464,152,em-1d206f58d0b7,マッキ,fire,R,6,600,300,4,2ターンの間、味方全員に水属性の敵からのダメージを50%軽減するシールドを与える,advantage_creation,4,0.25,0,1,1,1,0.1786,0.6687,0.2016,0.5,0,0.9756,0.001959
564,478,466,756,em-076ae15080b8,ゾウムシ,fire,ZR,40,7293,2044,7,1ターンの間、火属性の味方全員にダメージを100%軽減するシールドを与える,advantage_creation,4,0.25,0,0.5,0.25,1,0.1786,0.8608,0.2016,0,0,0.8673,0.00021
565,16,472,64,em-7e5ff582788f,INする★パンドラ,water,CR,28,3059,1932,6,1ターンの間、水属性の攻撃を自身に集中させる(100%カット),advantage_creation,4,0.25,0,0.75,0.75,1,0.1667,0.6359,0.1923,1,0,0.9459,0.00425
566,484,24,125,em-f89a98dd9893,大魔神！せいタン降臨,water,MZR,48,2044,6305,4,4ターンの間、水属性の味方全員の攻撃力を80%増加させる,counteraction,4,0.25,0,1,1,1,0.1667,0.5729,0.1923,0,0.5,0.7382,0.002369
567,485,52,187,em-41c1f9333ff6,エグいできっしん,fire,R,12,342,1062,5,2ターンの間、自身の攻撃力を300%増加させる,counteraction,4,0.25,0,1,1,1,0.1667,0.6114,0.1923,0,0.25,0.9754,0.0014
568,486,53,169,em-04cdb17f3b71,ひろし多め,water,R,9,690,714,6,2ターンの間、水属性の味方全員の攻撃力を77%増加させる,counteraction,4,0.25,0,1,1,1,0.1667,0.7889,0.1923,0,0.25,0.9753,0.001623
569,488,477,798,em-27802083d7f5,チュニスさん,fire_wind,MZR,50,5964,3919,4,火属性の味方全員のスキルカウントを2減少させる,ignored,4,0.25,0,0,1,1,0.1667,0.908,0.1923,0,0,0.737,0.000178
570,489,478,757,em-f70fc38ed477,栗栖　益子さん,fire_water,ZR,40,4175,4106,4,1ターンの間、自身の攻撃が12回連続攻撃になる,counteraction,4,0.25,0,0,1,1,0.1667,0.4034,0.1923,0,0,0.8659,0.000209
571,491,480,582,em-e275020a88a0,あん子ちゃん,water,R,4,289,300,4,水属性の味方全員のHPを30%回復する,advantage_creation,4,0.25,0,1,1,1,0.1667,0.5458,0.1923,0,0,0.9752,0.000236
572,494,483,495,em-79dd6c0e027e,ロックなじとっ子君,fire,N,6,365,585,5,2ターンの間、風属性の敵に対する自身の攻撃力を300%増加させる,counteraction,4,0.25,0,0,0.75,1,0.1667,0.625,0.1923,0,0,0.9851,0.000238
573,495,484,758,em-6aaeda4f2f3a,ギガキプ☆アガッシイ,fire,ZR,35,2726,2726,4,3ターンの間、水属性の味方全員の攻撃が3回連続攻撃になる,counteraction,4,0.25,0,0,1,1,0.1667,0.7568,0.1923,0,0,0.8652,0.000209
574,496,485,799,em-67c9c425e81c,大いなる奇なる皇女,fire,MZR,60,4260,4260,5,4ターンの間、水属性の味方全員の攻撃が5回連続攻撃になる,counteraction,4,0.25,0,0,1,1,0.1667,0.6107,0.1923,0,0,0.7349,0.000178
575,498,487,700,em-b90efc9e636b,婆娑羅でどーよ,fire,CR,18,1046,4105,4,2ターンの間、風属性の敵に対する自身の攻撃力を500%増加させる,counteraction,4,0.25,0,0.5,1,1,0.1591,0.5559,0.1862,0,0,0.9449,0.000228
576,499,488,800,em-eaadf81fc136,サリー,water,MZR,55,4686,4004,4,3ターンの間、風属性の味方全員の攻撃が全体攻撃になる,counteraction,4,0.25,0,0,1,1,0.1591,0.5876,0.1862,0,0,0.734,0.000177
577,501,492,497,em-d64cb9cf5bb3,それマジカ,water,N,3,350,500,5,1ターンの間、火属性の攻撃を自身に集中させる。(90%カット),advantage_creation,4,0.25,0,0.75,0.75,1,0.1563,0.5128,0.1838,0,0,0.9849,0.000238
578,502,493,583,em-950b687b1f04,タオるん先輩,water,R,9,700,900,4,1ターンの間、水属性の攻撃を自身に集中させる。(50%カット),advantage_creation,4,0.25,0,1,1,1,0.1563,0.6364,0.1838,0,0,0.9748,0.000236
579,506,499,701,em-79b4540e0f7f,ヤック(中の人),fire_wind,CR,16,2176,2418,4,2ターンの間、自身の攻撃が3回連続攻撃になる,counteraction,4,0.25,0,0,1,1,0.15,0.6653,0.1786,0,0,0.9445,0.000228
580,507,500,498,em-0352f52bd9a3,スワン様,water,N,6,500,480,5,味方全員のスキルカウントを1減少させる,ignored,4,0.25,0,0,1,1,0.15,0.6583,0.1786,0,0,0.9848,0.000238
581,509,502,801,em-35dfd8c60675,はぎみタンさん,fire_wind,MZR,55,4430,4771,4,3ターンの間、自身の攻撃が全体攻撃になる,counteraction,4,0.25,0,0,1,1,0.15,0.6099,0.1786,0,0,0.7319,0.000177
582,510,503,759,em-3b878e796aba,なまず仙人,water,ZR,35,4941,1618,4,1ターンの間、味方全員に風属性の敵からのダメージを90%軽減するシールドを与える,advantage_creation,4,0.25,0,0.5,1,1,0.15,0.5377,0.1786,0,0,0.863,0.000209
583,511,504,499,em-47f3be71ea63,青竜むりょく,all,N,4,198,189,6,自身のHPを90%回復する,advantage_creation,4,0.25,0,0.75,0.75,1,0.15,0.65,0.1786,0,0,0.9847,0.000238
584,515,4,55,em-a4d82c09dd0f,魂入！とちぎソウル,water,N,7,565,1837,4,1ターンの間、自身の攻撃力を400%増加させる,counteraction,4,0.25,0,1,1,1,0.1389,0.6071,0.1689,0,0.75,0.9846,0.004607
585,516,510,588,em-b0bd2882f199,タオるん,water,R,6,500,600,5,1ターンの間、水属性の攻撃を自身に集中させる。(50%カット),advantage_creation,4,0.25,0,1,1,1,0.1389,0.5729,0.1689,0,0,0.9743,0.000235
586,517,511,802,em-34853ed0f0f8,ユーコちゃん,all,MZR,24,2556,1533,4,死亡している風属性の味方全員を15%のHPで蘇らせる,advantage_creation,4,0.25,0,1,1,1,0.1389,0.7159,0.1689,0,0,0.7298,0.000176
587,56,518,173,em-84808a58aa1d,近江守鮒麿,water,R,11,764,640,5,味方全員のHPを80%回復する,advantage_creation,4,0.25,0,1,1,1,0.125,0.447,0.1563,0.5,0,0.9742,0.001556
588,115,520,291,em-e660791c3950,めい子さん,water,N,5,400,400,5,1ターンの間、風属性の攻撃を自身に集中させる(80%カット),advantage_creation,4,0.25,0,0.5,0.75,1,0.125,0.7,0.1563,0.25,0,0.9845,0.000485
589,117,522,362,em-299bbc95ef27,タコンナ,fire,MZR,60,4260,5964,5,火属性の味方全員のHPを260%回復する,advantage_creation,4,0.25,0,1,1,1,0.125,0.6718,0.1563,0.25,0,0.7285,0.000349
590,118,523,299,em-08c1cf17f632,青竜けいび,fire,N,4,345,400,6,火属性の味方全員のHPを50%回復する,advantage_creation,4,0.25,0,0.75,0.75,1,0.125,0.5964,0.1563,0.25,0,0.9844,0.000465
591,525,524,585,em-7976e2f3d65d,迷菓ぴよ子先輩,fire,R,5,502,530,5,1ターンの間、火属性の味方全員の攻撃力を80%増加させる,counteraction,4,0.25,0,1,1,1,0.125,0.6867,0.1563,0,0,0.974,0.000236
592,528,527,761,em-7c0ef69518eb,有砂小町２ＰＣ,fire,ZR,40,5112,5112,4,敵全員の攻撃カウントを1増加させる,ignored,4,0.25,0,0,1,1,0.125,0.9064,0.1563,0,0,0.8606,0.000208
593,531,530,762,em-089a6280b9d6,御嶽さん,water,ZR,32,5112,3067,4,3ターンの間、自身の攻撃が全体攻撃になる,counteraction,4,0.25,0,0,1,1,0.125,0.6233,0.1563,0,0,0.8603,0.000208
594,534,533,364,em-40c34074cbb0,おかいこさま,water,CR,17,2756,2511,4,2ターンの間、味方全員の属性を風属性に変更する,adaptive,4,0.25,0,0.75,1,1,0.125,0.4464,0.1563,0,0,0.9429,0.000345
595,535,534,500,em-0560ed78022d,見事にびわ子たん,water,N,5,400,400,4,1ターンの間、味方全員に風属性の敵からのダメージを80%軽減するシールドを与える,advantage_creation,4,0.25,0,0.5,1,1,0.125,0.6318,0.1563,0,0,0.9843,0.000238
596,537,536,589,em-922ebe667c19,けねず先輩,water,R,12,800,800,4,2ターンの間、味方全員に風属性の敵からのダメージを40%軽減するシールドを与える,advantage_creation,4,0.25,0,0.5,1,1,0.125,0.5813,0.1563,0,0,0.9737,0.000235
597,538,537,392,em-0697e2f112ca,ケンＺＯ１号,fire,N,4,102,510,5,3ターンの間、自身の攻撃力を70%増加させる,counteraction,4,0.25,0,0.75,0.75,1,0.125,0.5737,0.1563,0,0,0.9842,0.000285
598,539,538,590,em-2f5dd4b0a739,大内先輩,water,R,9,800,800,4,水属性の味方全員のHPを50%回復する,advantage_creation,4,0.25,0,1,1,1,0.125,0.5125,0.1563,0,0,0.9736,0.000235
599,540,539,591,em-1b9a55c9478e,熊犬八太郎,fire,R,12,2100,400,6,敵全員の攻撃カウントを1増加させる,ignored,4,0.25,0,0,0.5,1,0.125,0.6279,0.1563,0,0,0.9735,0.000235
600,544,543,702,em-ac023f126b7d,レッサー系メガネ,fire,CR,14,900,800,5,味方全員のスキルカウントを1減少させる,ignored,4,0.25,0,0,0.75,1,0.125,0.5135,0.1563,0,0,0.9422,0.000228
601,545,544,703,em-a41e1401ab71,こんぴらさんさん,water,CR,19,1500,1500,9,敵全員の攻撃カウントを4増加させる,ignored,4,0.25,0,0,0,1,0.125,0.7989,0.1563,0,0,0.9421,0.000228
602,549,548,803,em-e6110f879f18,ユーコ隊,all,MZR,24,3408,2044,4,死亡している風属性の味方全員を20%のHPで蘇らせる,advantage_creation,4,0.25,0,1,1,1,0.125,0.7659,0.1563,0,0,0.7228,0.000175
603,552,551,502,em-172b59ddb28b,白虎ニート,water,N,4,314,296,5,1ターンの間、水属性の敵に対する自身の攻撃力を200%増加させる,counteraction,4,0.25,0,1,1,1,0.125,0.5625,0.1563,0,0,0.984,0.000238
604,553,552,804,em-7fe5a2875793,米倉英子(大学生),all,MZR,55,1,1,555,1ターンの間、自身の攻撃力を55555%増加させる,counteraction,4,0.25,0,0,0,1,0.125,0.6971,0.1563,0,0,0.7219,0.000174
605,554,553,402,em-7941e8376c00,堕楽・ぴよボロス,fire,ZR,46,756,7572,4,5ターンの間、自身の攻撃力を120%増加させる,counteraction,4,0.25,0,1,1,1,0.125,0.6248,0.1563,0,0,0.8573,0.000275
606,557,558,504,em-1c29986cc8dd,玄武けいび,fire,N,4,315,335,6,2ターンの間、味方全員に火属性の敵からのダメージを40%軽減するシールドを与える,advantage_creation,4,0.25,0,0.5,0.75,1,0.1071,0.4784,0.1389,0,0,0.9839,0.000238
607,558,559,595,em-f1302d2783e5,八太郎,fire,R,10,1200,200,7,敵全員の攻撃カウントを1増加させる,ignored,4,0.25,0,0,0.25,1,0.1071,0.7069,0.1389,0,0,0.9731,0.000235
608,559,560,507,em-5793db0a4078,リンゴール伯爵,water,N,5,700,600,4,火属性の敵全員の攻撃カウントを1増加させる,ignored,4,0.25,0,0,1,1,0.1071,0.5161,0.1389,0,0,0.9838,0.000238
609,560,561,596,em-7c00cb96c261,バイオうおぬまンダー,fire,R,12,700,1100,5,2ターンの間、自身の攻撃が全体攻撃になる,counteraction,4,0.25,0,0,0.75,1,0.1071,0.5596,0.1389,0,0,0.9729,0.000235
610,561,562,598,em-1b8d4b845182,キャミーという女,water,R,8,600,800,4,水属性の味方全員のHPを30%回復する,advantage_creation,4,0.25,0,1,1,1,0.1071,0.5625,0.1389,0,0,0.9729,0.000235
611,568,570,505,em-c879fe74178e,唸る！叡智通,fire,N,5,370,410,4,1ターンの間、火属性の味方全員の攻撃力を80%増加させる,counteraction,4,0.25,0,1,1,1,0.1,0.7409,0.1316,0,0,0.9837,0.000238
612,569,571,339,em-c301debd22fc,やまとーる海尉,water,R,9,900,600,6,2ターンの間、味方全員にダメージを50%軽減するシールドを与える,advantage_creation,4,0.25,0,0.5,0.5,1,0.1,0.7278,0.1316,0,0,0.9727,0.000379
613,570,572,300,em-a24482970c23,ご機嫌斜めのウィーン様,fire,ZR,42,4941,2896,5,2ターンの間、味方全員の攻撃力を150%増加させる,counteraction,4,0.25,0,1,0.75,1,0.1,0.5621,0.1316,0,0,0.8553,0.000464
614,571,573,289,em-bf54cef3c3e9,タツノコくん,fire,CR,12,1058,1362,5,2ターンの間、味方全員にダメージを70%軽減するシールドを与える,advantage_creation,4,0.25,0,0.75,0.75,1,0.1,0.6637,0.1316,0,0,0.9407,0.000495
615,572,574,704,em-d0ce0f8b817c,あまのさんちゃん,water,CR,17,600,300,4,1ターンの間、味方全員の攻撃が2回連続攻撃になる,counteraction,4,0.25,0,0,1,1,0.1,0.6115,0.1316,0,0,0.9406,0.000227
616,573,575,509,em-434faacf4307,Woo怪くん,water,N,6,500,600,7,1ターンの間、自身の攻撃が3回連続攻撃になる,counteraction,4,0.25,0,0,0.25,1,0.1,0.6598,0.1316,0,0,0.9835,0.000238
617,575,577,705,em-14ab1de959d7,あくせんと・きゃー子,water,CR,18,1400,400,6,1ターンの間、味方全員の属性を全属性(3色混合)に変更する,adaptive,4,0.25,0,0.75,0.75,1,0.1,0.4524,0.1316,0,0,0.9404,0.000227
618,576,578,706,em-12386dff9bd5,サリエリ許さないマン,water,CR,21,2827,2827,4,死亡している風属性の味方全員を100%のHPで蘇らせる,advantage_creation,4,0.25,0,0,1,1,0.1,0.6417,0.1316,0,0,0.9403,0.000227
619,60,580,185,em-9625a8dc4056,祟らない幽子,water,N,8,370,410,7,死亡している水属性の味方全員を50%のHPで蘇らせる,advantage_creation,4,0.25,0,0.75,0.5,1,0.0938,0.6756,0.125,0.5,0,0.9834,0.001427
620,580,583,603,em-ce7e2e4f30af,らん坊,water,R,8,580,626,4,火属性の味方全員のスキルカウントを1減少させる,ignored,4,0.25,0,0,1,1,0.0938,0.6227,0.125,0,0,0.9723,0.000235
621,121,586,308,em-94033ed8057b,幽子さん,water,N,4,300,312,8,死亡している水属性の味方全員を30%のHPで蘇らせる,advantage_creation,4,0.25,0,0.25,0.25,1,0.0833,0.5898,0.1136,0.25,0,0.9833,0.000446
622,122,587,313,em-090474161194,オム・オクト・パッス,fire,R,12,888,900,5,味方全員のHPを88%回復する,advantage_creation,4,0.25,0,1,1,1,0.0833,0.6864,0.1136,0.25,0,0.9721,0.000435
623,123,588,320,em-6acd0e20d832,たこむすめ,fire,CR,39,1363,4089,5,火属性の味方全員のHPを170%回復する,advantage_creation,4,0.25,0,1,1,1,0.0833,0.6583,0.1136,0.25,0,0.9397,0.000415
624,124,589,829,em-962f1faafed7,三貴子アマテラス,fire_water,伝,75,10309,5112,5,死亡している味方全員を20%のHPで蘇らせる,advantage_creation,4,0.25,0,1,1,1,0.0833,0.8835,0.1136,0.25,0,0.2321,0.000101
625,584,26,119,em-0828dfd9c618,トーマスん,fire,R,8,560,645,5,1ターンの間、自身の属性を水属性に変更する,adaptive,4,0.25,0,1,0.75,1,0.0833,0.7351,0.1136,0,0.5,0.972,0.002535
626,586,591,512,em-220d63bfc07c,ハントンくん,fire,N,3,350,500,8,1ターンの間、味方全員の攻撃が2回連続攻撃になる,counteraction,4,0.25,0,0,0.5,1,0.0833,0.6654,0.1136,0,0,0.9831,0.000238
627,587,592,765,em-039b9996f6f0,おろろセット先輩,fire,ZR,45,1363,5623,5,火属性の敵全員の攻撃カウントを2増加させる,ignored,4,0.25,0,0,0.75,1,0.0833,0.4164,0.1136,0,0,0.8517,0.000206
628,590,595,400,em-ae65fe2577b0,葉月ぴよ子,fire,CR,8,590,2110,6,3ターンの間、自身の攻撃力を400%増加させる,counteraction,4,0.25,0,1,1,1,0.0833,0.7875,0.1136,0,0,0.9392,0.000278
629,591,596,606,em-99d6f9e928d6,京子中学２４年生,water,R,8,620,612,4,1ターンの間、味方全員に風属性の敵からのダメージを80%軽減するシールドを与える,advantage_creation,4,0.25,0,0.25,1,1,0.0833,0.5669,0.1136,0,0,0.9717,0.000235
630,593,598,514,em-6e37519134b1,スワン君,water,N,4,310,302,6,味方全員のスキルカウントを1減少させる,ignored,4,0.25,0,0,0.75,1,0.0833,0.6771,0.1136,0,0,0.983,0.000238
631,594,599,515,em-422fdd383a00,芋煮百太郎,fire,N,7,680,300,5,1ターンの間、火属性の味方全員の攻撃が2回連続攻撃になる,counteraction,4,0.25,0,0,0.75,1,0.0833,0.7536,0.1136,0,0,0.9829,0.000238
632,597,602,805,em-abcae044297d,ラ・ショー・ドさん,fire_water,MZR,44,5453,3424,5,風属性の敵全員の攻撃カウントを3増加させる,ignored,4,0.25,0,0,0.75,1,0.0833,0.4583,0.1136,0,0,0.7092,0.000171
633,61,605,109,em-2d1c8d50a6d1,スマートouぼっと,water,R,17,2265,1510,5,3ターンの間、味方全員にダメージを55%軽減するシールドを与える,advantage_creation,4,0.25,0,1,1,1,0.0714,0.6493,0.1,0.5,0,0.9714,0.002785
634,601,607,707,em-fa09a3c6aeb6,アイヤーさん,fire,CR,8,314,913,5,1ターンの間、自身の攻撃力を100%増加させる,counteraction,4,0.25,0,0.75,0.75,1,0.0714,0.375,0.1,0,0,0.9385,0.000227
635,602,608,806,em-e8331e3aec6c,辰の子ぴよ子,all,MZR,70,6898,4089,10,6ターンの間、味方全員の攻撃が10回連続攻撃になる,counteraction,4,0.25,0,0,0,1,0.0714,0.692,0.1,0,0,0.7078,0.000171
636,63,613,192,em-b09ebd864da6,みずがめəろまちゃん,water,N,14,1057,1198,4,死亡している水属性の味方全員を20%のHPで蘇らせる,advantage_creation,4,0.25,0,1,1,1,0.0625,0.7818,0.0893,0.5,0,0.9828,0.001328
637,125,614,382,em-de301e40803c,どうしんフェス様,water_wind,MZR,88,6816,4515,5,水属性の味方全員のHPを300%回復する,advantage_creation,4,0.25,0,1,0.75,1,0.0625,0.5865,0.0893,0.25,0,0.7069,0.000304
638,126,615,319,em-a4adc4bc9b7c,魁！安井道さん,water,N,12,1215,1187,5,1ターンの間、攻撃をリーダーに集中させる(80%カット),advantage_creation,4,0.25,0,0.75,1,1,0.0625,0.5095,0.0893,0.25,0,0.9827,0.000418
639,611,618,708,em-4db528322142,だいこっくん様,fire,CR,16,1300,1400,9,1ターンの間、味方全員の攻撃力を200%増加させる,counteraction,4,0.25,0,0,0,1,0.0625,0.6473,0.0893,0,0,0.9379,0.000227
640,612,619,607,em-c5623c38fcb8,反魂タン,fire,R,5,500,600,4,死亡している風属性の味方全員を70%のHPで蘇らせる,advantage_creation,4,0.25,0,0.25,1,1,0.0625,0.4968,0.0893,0,0,0.971,0.000235
641,614,621,709,em-2e6716824578,横きゅっちゃん,water_wind,CR,19,2817,2817,5,風属性の敵全員の攻撃カウントを2増加させる,ignored,4,0.25,0,0,1,1,0.0625,0.6306,0.0893,0,0,0.9377,0.000227
642,615,622,835,em-a78326864213,発音王・S・サイアン,fire_water,伝,88,10650,6560,8,1ターンの間、自身の攻撃力を99999%増加させる,counteraction,4,0.25,0,0.25,0,1,0.0625,0.7585,0.0893,0,0,0.2253,0.000054
643,616,623,608,em-61221298dafe,大内ちゃん,water,R,5,603,603,5,水属性の味方全員のHPを30%回復する,advantage_creation,4,0.25,0,1,1,1,0.0625,0.5088,0.0893,0,0,0.9708,0.000235
644,617,624,610,em-cfa8f59c143b,いぬやマン再び,water,R,9,500,500,7,1ターンの間、味方全員の攻撃力を130%増加させる,counteraction,4,0.25,0,0.75,0.5,1,0.0625,0.5135,0.0893,0,0,0.9707,0.000235
645,622,629,611,em-c92854d63199,さんとくんさん,fire,R,8,1200,300,4,水属性の敵全員の攻撃カウントを1増加させる,ignored,4,0.25,0,0,1,1,0.0556,0.7861,0.0806,0,0,0.9707,0.000235
646,623,630,612,em-036ee10985c7,大正義！反魂タン,fire,R,7,800,1000,4,死亡している風属性の味方全員を90%のHPで蘇らせる,advantage_creation,4,0.25,0,0.25,1,1,0.0556,0.6042,0.0806,0,0,0.9706,0.000235
647,627,7,58,em-ec6b6491e6a3,ベッピー先生,fire,R,15,808,792,5,2ターンの間、火属性の味方全員の攻撃力を120%増加させる,counteraction,4,0.25,0,0.75,0.75,1,0.0536,0.5718,0.0781,0,0.75,0.9706,0.004448
648,128,634,360,em-f35caa7e177a,モンポスさん,water_wind,ZR,40,5112,2556,4,1ターンの間、味方全員にダメージを80%軽減するシールドを与える,advantage_creation,4,0.25,0,1,1,1,0.05,0.7222,0.0735,0.25,0,0.8461,0.000351
649,129,635,390,em-e6c445da9312,おしゃまなタコむすめ,fire,MZR,39,1704,5112,5,火属性の味方全員のHPを190%回復する,advantage_creation,4,0.25,0,1,1,1,0.05,0.75,0.0735,0.25,0,0.7011,0.000288
650,132,638,171,em-407710659ecb,玄武ニート,water,N,4,330,320,6,2ターンの間、味方全員に水属性の敵からのダメージを40%軽減するシールドを与える,advantage_creation,4,0.25,0,0.75,0.5,1,0.05,0.65,0.0735,0.25,0,0.9822,0.001589
651,628,59,208,em-d603cde2467a,ほたるーニャん,water,N,5,450,650,4,1ターンの間、味方全員の属性を風属性に変更する,adaptive,4,0.25,0,1,1,1,0.05,0.7222,0.0735,0,0.25,0.9822,0.001143
652,629,639,613,em-489695d715f8,ボボ・さるぼぼ,fire,R,10,600,700,5,1ターンの間、自身の攻撃が全体攻撃になる,counteraction,4,0.25,0,0,1,1,0.05,0.6667,0.0735,0,0,0.9702,0.000234
653,634,644,367,em-33efacdd0b0b,ににぎ先輩,water,CR,18,1100,1300,5,2ターンの間、水属性の味方全員の攻撃力を90%増加させる,counteraction,4,0.25,0,1,1,1,0.05,0.6607,0.0735,0,0,0.9363,0.000336
654,636,646,614,em-7db55d8e78d1,やまなしーヌさん,water,R,6,400,500,6,味方全員のスキルカウントを1減少させる,ignored,4,0.25,0,0,0.75,1,0.05,0.5069,0.0735,0,0,0.9701,0.000234
655,637,647,710,em-cc9db541b1b4,メル子さん,water,CR,9,600,700,4,1ターンの間、風属性の味方全員の攻撃力を80%増加させる,counteraction,4,0.25,0,0.5,1,1,0.05,0.7731,0.0735,0,0,0.9361,0.000226
656,639,649,807,em-32538f7c8341,熊殺しのサンタマン,water_wind,MZR,58,6560,4345,5,敵全員の攻撃カウントを2増加させる,ignored,4,0.25,0,0,0.75,1,0.05,0.6044,0.0735,0,0,0.6977,0.000169
657,640,650,518,em-1527baa8e6c0,ジャックじゃない！と,fire_wind,N,6,400,500,6,1ターンの間、自身の攻撃が3回連続攻撃になる,counteraction,4,0.25,0,0,0.25,1,0.0455,0.6345,0.0676,0,0,0.9819,0.000237
658,133,651,337,em-2b3991ed5705,伝統の牛タソ,water,R,10,600,100,4,1ターンの間、攻撃を自身に集中させる(60%カット),advantage_creation,4,0.25,0,1,1,1,0.0417,0.6042,0.0625,0.25,0,0.9698,0.00038
659,135,653,343,em-6572f5492885,ネオニート,water,N,6,330,306,6,1ターンの間、水属性の攻撃を自身に集中させる(99%カット),advantage_creation,4,0.25,0,0.75,0.25,1,0.0417,0.7597,0.0625,0.25,0,0.9819,0.000377
660,642,61,214,em-ccd4db81276f,夜間学校な浅子さん,fire,N,5,200,500,5,1ターンの間、自身の攻撃力を300%増加させる,counteraction,4,0.25,0,1,1,1,0.0417,0.7779,0.0625,0,0.25,0.9818,0.001092
661,643,654,615,em-ae6876a278ca,白水先生,fire,R,9,680,724,7,1ターンの間、火属性の味方全員の攻撃が全体攻撃になる,counteraction,4,0.25,0,0,0.25,1,0.0417,0.5952,0.0625,0,0,0.9696,0.000234
662,645,656,711,em-ef6acbb9fe3a,ﾌｫﾆｰ・ぴよ・ｶﾞｰﾙｽﾞY,all,CR,25,3703,1771,4,1ターンの間、味方全員の属性を全属性(3色混合)に変更する,adaptive,4,0.25,0,0.25,1,1,0.0417,0.5167,0.0625,0,0,0.9352,0.000226
663,648,659,712,em-149e96a7721b,大黒まはーかーらん,fire,CR,20,2576,2737,10,1ターンの間、味方全員の攻撃力を400%増加させる,counteraction,4,0.25,0,0,0,1,0.0417,0.8125,0.0625,0,0,0.9351,0.000226
664,649,660,713,em-1cd0c7153e75,みさき先輩,water,CR,18,1400,1600,4,1ターンの間、水属性の味方全員の攻撃が2回連続攻撃になる,counteraction,4,0.25,0,0,1,1,0.0417,0.535,0.0625,0,0,0.935,0.000226
665,650,661,836,em-370ba5df8d09,悪霊狩人ちび大助,fire,伝,81,8776,5879,5,3ターンの間、自身の攻撃が8回連続攻撃になる,counteraction,4,0.25,0,0,0.5,1,0.0417,0.7143,0.0625,0,0,0.2162,0.000052
666,651,662,808,em-28604c08091f,純白のアンナ大先輩,fire,MZR,51,6305,3748,5,4ターンの間、自身の攻撃が全体攻撃になる,counteraction,4,0.25,0,0,0.5,1,0.0417,0.7539,0.0625,0,0,0.6928,0.000167
667,653,664,809,em-523af93f71e3,神田祭らーの集い,fire_water,MZR,88,5027,6901,4,1ターンの間、味方全員の攻撃が全体攻撃になる,counteraction,4,0.25,0,0,1,1,0.0417,0.7585,0.0625,0,0,0.6923,0.000167
668,136,665,346,em-a66f91385c36,伝説のキャミー,water,R,10,700,1100,4,水属性の味方全員のHPを40%回復する,advantage_creation,4,0.25,0,1,1,1,0.0357,0.7444,0.0543,0.25,0,0.9692,0.000368
669,654,8,68,em-ebf10919d982,ミラクル凜子,water,R,8,700,704,4,1ターンの間、火属性の敵に対する味方全員の攻撃力を100%増加させる,counteraction,4,0.25,0,1,1,1,0.0357,0.6409,0.0543,0,0.75,0.9691,0.004069
670,655,667,519,em-834effdc39a5,真・ぎょざる,fire,N,8,499,491,6,1ターンの間、火属性の味方全員の攻撃が全体攻撃になる,counteraction,4,0.25,0,0,1,1,0.0357,0.7542,0.0543,0,0,0.9814,0.000237
671,656,668,616,em-4a6952f30578,愛犬八太郎,fire,R,11,1700,300,6,敵全員の攻撃カウントを1増加させる,ignored,4,0.25,0,0,0.75,1,0.0357,0.6034,0.0543,0,0,0.969,0.000234
672,658,670,522,em-144acde7efe5,魚臣！又土くん,water,N,4,500,650,7,リーダーのスキルカウントを4減少させる,ignored,4,0.25,0,0,0.5,1,0.0357,0.3839,0.0543,0,0,0.9813,0.000237
673,661,673,617,em-75bbcd3130fb,みかんさん,water,R,6,700,500,7,2ターンの間、風属性の味方全員の攻撃が全体攻撃になる,counteraction,4,0.25,0,0,0.5,1,0.0357,0.697,0.0543,0,0,0.9688,0.000234
674,662,674,618,em-0985c7675d5c,みかん姐さん,water,R,13,1100,600,4,2ターンの間、風属性の味方全員の攻撃が全体攻撃になる,counteraction,4,0.25,0,0,1,1,0.0357,0.4283,0.0543,0,0,0.9687,0.000234
675,663,675,766,em-8d98226e5962,玉稜の首領・たまうー,fire_wind,ZR,29,3067,4260,4,敵全員の攻撃カウントを1増加させる,ignored,4,0.25,0,0,1,1,0.0357,0.5457,0.0543,0,0,0.8385,0.000203
676,138,676,363,em-ec978322ece8,タイプ：テン,water,CR,20,3864,966,4,1ターンの間、攻撃をリーダーに集中させる(90%カット),advantage_creation,4,0.25,0,0.75,1,1,0.0313,0.6753,0.0481,0.25,0,0.9335,0.000347
677,664,62,216,em-1a5f7bc3661b,萌やし男子,water,R,7,300,700,4,1ターンの間、自身の攻撃力を200%増加させる,counteraction,4,0.25,0,1,1,1,0.0313,0.5999,0.0481,0,0.25,0.9685,0.001054
678,668,680,523,em-5e86bff12fb7,ピリ辛ふとし君,fire,N,5,211,569,5,1ターンの間、自身の攻撃力を100%増加させる,counteraction,4,0.25,0,1,1,1,0.0313,0.7417,0.0481,0,0,0.9811,0.000237
679,669,681,524,em-f7484444c08c,じとっ子君,fire,N,5,285,495,5,2ターンの間、風属性の敵に対する自身の攻撃力を200%増加させる,counteraction,4,0.25,0,0.5,1,1,0.0313,0.6567,0.0481,0,0,0.981,0.000237
680,671,683,525,em-fa48dd1cff0a,祭りだ浅ちゃん！,fire,N,7,800,1603,4,1ターンの間、自身の攻撃力を400%増加させる,counteraction,4,0.25,0,1,1,1,0.0313,0.6264,0.0481,0,0,0.981,0.000237
681,673,685,527,em-737d1a27052c,じとっ子,fire,N,4,202,410,5,2ターンの間、風属性の敵に対する自身の攻撃力を100%増加させる,counteraction,4,0.25,0,0.25,1,1,0.0313,0.6753,0.0481,0,0,0.981,0.000237
682,675,687,620,em-618372c0cf56,しょーか先生,water,R,10,800,900,5,1ターンの間、水属性の味方全員の攻撃が2回連続攻撃になる,counteraction,4,0.25,0,0,0.75,1,0.0313,0.7288,0.0481,0,0,0.9682,0.000234
683,139,691,356,em-405a608fae19,大内さん,water,R,7,702,702,5,水属性の味方全員のHPを40%回復する,advantage_creation,4,0.25,0,1,1,1,0.0278,0.4786,0.0431,0.25,0,0.9681,0.000357
684,140,692,219,em-d25a7727f654,プラハ嬢,fire_water,MZR,32,1482,4991,4,2ターンの間、味方全員に火属性の敵からのダメージを75%軽減するシールドを与える,advantage_creation,4,0.25,0,1,1,1,0.0278,0.6318,0.0431,0.25,0,0.6836,0.000994
685,679,693,619,em-0051409a8e1f,芹沢さん,water,R,8,604,597,4,1ターンの間、攻撃をリーダーに集中させる(70%カット),advantage_creation,4,0.25,0,0.75,1,1,0.0278,0.5795,0.0431,0,0,0.968,0.000234
686,680,694,621,em-883c35b094ae,淡路でくろこップ,water,R,8,605,600,8,水属性の味方全員のスキルカウントを1減少させる,ignored,4,0.25,0,0,0.25,1,0.0278,0.5473,0.0431,0,0,0.9679,0.000234
687,686,700,837,em-22f9d46fe6f4,ウサウサ八幡,water_wind,伝,88,10872,5964,6,火属性の味方全員のスキルカウントを2減少させる,ignored,4,0.25,0,0,0.25,1,0.025,0.6547,0.0391,0,0,0.207,0.00005
688,692,29,84,em-ceecd3afdba6,おかいこちゃん,water,CR,8,614,613,6,2ターンの間、味方全員の属性を風属性に変更する,adaptive,4,0.25,0,0.5,0.25,1,0,0.6932,0,0,0.5,0.932,0.00349
689,694,31,282,em-60119eda4c9c,猿田彦大先輩,all,伝,80,7838,7157,5,3ターンの間、火属性の味方全員の攻撃力を200%増加させる,counteraction,4,0.25,0,1,0.75,1,0,0.7712,0,0,0.5,0.2062,0.000516
690,712,712,528,em-f5a7df3892f0,びわ子たん,water,N,4,300,302,5,1ターンの間、味方全員に風属性の敵からのダメージを80%軽減するシールドを与える,advantage_creation,4,0.25,0,0.25,1,1,0,0.825,0,0,0,0.9806,0.000237
691,714,714,623,em-132feeb6206a,傭兵戦隊サイガー３,fire,R,12,756,2284,4,2ターンの間、自身の攻撃が3回連続攻撃になる,counteraction,4,0.25,0,0,1,1,0,0.875,0,0,0,0.9675,0.000234
692,716,716,530,em-0481f6c14fd9,関先輩,water,N,7,475,475,4,1ターンの間、攻撃をリーダーに集中させる(60%カット),advantage_creation,4,0.25,0,0.75,1,1,0,0.775,0,0,0,0.9805,0.000237
693,719,719,531,em-826b6ae61786,スワン王,water,N,9,1229,1173,4,味方全員のスキルカウントを1減少させる,ignored,4,0.25,0,0,1,1,0,0.6493,0,0,0,0.9804,0.000237
694,721,721,532,em-c61b3e98a989,荒波のはたはタン,water,N,4,400,300,5,味方全員のHPを35%回復する,advantage_creation,4,0.25,0,1,1,1,0,0.7,0,0,0,0.9804,0.000237
695,722,722,533,em-2276063b9e3e,鳴子姫,fire,N,11,1128,1128,5,1ターンの間、火属性の味方全員の攻撃が全体攻撃になる,counteraction,4,0.25,0,0,1,1,0,0.675,0,0,0,0.9804,0.000237
696,724,724,626,em-fa255d19986d,出発！えるたそ,fire,R,8,800,700,4,1ターンの間、風属性の敵に対する味方全員の攻撃力を100%増加させる,counteraction,4,0.25,0,0.5,1,1,0,0.6389,0,0,0,0.9672,0.000234
697,731,731,627,em-9d5f7901aacf,サタデーナイト☆郡上,water,R,17,1812,1963,5,2ターンの間、味方全員の攻撃が全体攻撃になる,counteraction,4,0.25,0,0,0.75,1,0,0.6346,0,0,0,0.9671,0.000234
698,733,733,628,em-bf7beec08736,いやひこちゃん,fire,R,10,700,400,4,火属性の敵全員の攻撃カウントを1増加させる,ignored,4,0.25,0,0,1,1,0,0.7542,0,0,0,0.967,0.000234
699,734,734,630,em-c623973fc8a5,うおぬまンダーＲ上Ｘ,fire,R,15,1208,2567,4,2ターンの間、自身の攻撃が全体攻撃になる,counteraction,4,0.25,0,0,1,1,0,0.8021,0,0,0,0.967,0.000234
700,739,739,538,em-4586795c80d9,スノーガイ,water,N,7,1500,300,4,2ターンの間、火属性の味方全員の攻撃力を130%増加させる,counteraction,4,0.25,0,0.75,1,1,0,0.7051,0,0,0,0.9801,0.000237
701,747,747,715,em-f895c0235d10,アスクとエムブラ,water_wind,CR,38,2737,4508,5,1ターンの間、攻撃をリーダーに集中させる(93%カット),advantage_creation,4,0.25,0,0.5,0.75,1,0,0.7212,0,0,0,0.9303,0.000225
702,756,756,768,em-b8872ecc31c1,オバケな☆らんちぇん,fire,ZR,31,1533,5367,5,1ターンの間、火属性の攻撃をリーダーに集中させる(95%カット),advantage_creation,4,0.25,0,0.5,1,1,0,0.5938,0,0,0,0.8303,0.000201
703,760,760,207,em-c7ca0cfdb77b,護国の盾,water,R,14,1887,1510,5,2ターンの間、水属性の攻撃を自身に集中させる(80%カット),advantage_creation,4,0.25,0,1,1,1,0,0.6222,0,0,0,0.9667,0.001147
704,777,777,539,em-c687e673c7ff,有馬ん,fire,N,4,285,317,7,火属性の味方全員のHPを50%回復する,advantage_creation,4,0.25,0,0.25,0.25,1,0,0.808,0,0,0,0.98,0.000237
705,783,783,249,em-8594f11c20bf,替え玉ひろし,water,R,12,790,810,5,2ターンの間、水属性の味方全員の攻撃力を77%増加させる,counteraction,4,0.25,0,1,1,1,0,0.8625,0,0,0,0.9665,0.000735
706,786,786,540,em-4900e4471484,モア蔵,water,N,4,722,90,4,1ターンの間、攻撃を自身に集中させる(30%カット),advantage_creation,4,0.25,0,1,1,1,0,0.6125,0,0,0,0.9799,0.000237
707,791,791,541,em-f2bb13033bf0,鳴子ちゃん,fire,N,3,300,300,8,1ターンの間、火属性の味方全員の攻撃が全体攻撃になる,counteraction,4,0.25,0,0,0.5,1,0,0.6818,0,0,0,0.9798,0.000237
708,794,794,542,em-5053fe8d941b,カカカのカ二郎,fire,N,3,400,300,5,風属性の敵全員の攻撃カウントを1増加させる,ignored,4,0.25,0,0,1,1,0,0.8212,0,0,0,0.9798,0.000237
709,795,795,632,em-667d96cceb87,さんとくん,fire,R,6,1000,200,5,水属性の敵全員の攻撃カウントを1増加させる,ignored,4,0.25,0,0,0.75,1,0,0.7083,0,0,0,0.9662,0.000234
710,799,799,633,em-3bd6544e0bce,窓辺のやまなしーヌ,water,R,13,700,800,4,味方全員のスキルカウントを1減少させる,ignored,4,0.25,0,0,1,1,0,0.7019,0,0,0,0.9661,0.000234
711,812,812,635,em-bb70b91588ed,夜魔・マヤー,fire,R,12,1661,2114,4,2ターンの間、自身の攻撃が3回連続攻撃になる,counteraction,4,0.25,0,0,1,1,0,0.7527,0,0,0,0.9661,0.000233
712,814,814,544,em-bca5e711ca4b,あろま・シュワー,fire,N,16,1060,1201,5,死亡している火属性の味方全員を100%のHPで蘇らせる,advantage_creation,4,0.25,0,1,1,1,0,0.8386,0,0,0,0.9796,0.000237
713,815,815,769,em-3e5e9519eb9b,風林火山のぶくろ！,fire,ZR,47,4089,4430,5,3ターンの間、火属性の味方全員の攻撃が全体攻撃になる,counteraction,4,0.25,0,0,1,1,0,0.5885,0,0,0,0.8268,0.0002
714,820,820,810,em-83113af84b95,降臨☆三原色ばうあー,all,MZR,45,3578,5868,5,2ターンの間、味方全員の攻撃が全体攻撃になる,counteraction,4,0.25,0,0,0.75,1,0,0.7083,0,0,0,0.6672,0.000161
715,823,823,545,em-628e695d4365,カクラム先生,fire,N,16,2256,2397,4,3ターンの間、自身の攻撃が3回連続攻撃になる,counteraction,4,0.25,0,0,1,1,0,0.6534,0,0,0,0.9795,0.000237
716,824,824,772,em-955edfecd83b,天晴！ぶんぶくん,fire,ZR,22,1883,1162,4,死亡している味方全員を1%のHPで蘇らせる,advantage_creation,4,0.25,0,1,1,1,0,0.7538,0,0,0,0.8259,0.0002
717,831,831,717,em-18cdc04bd0d0,ｼﾞｬｯｸｵｰ・ランちゃん,fire,CR,20,1022,3578,5,1ターンの間、火属性の攻撃をリーダーに集中させる(90%カット),advantage_creation,4,0.25,0,0.75,0.75,1,0,0.7917,0,0,0,0.9281,0.000224
718,836,836,547,em-24ccb3f9affa,むりょく,all,N,5,159,144,5,1ターンの間、攻撃を自身に集中させる(80%カット),advantage_creation,4,0.25,0,1,1,1,0,0.7563,0,0,0,0.9793,0.000237
719,837,837,773,em-eb4ef5fa8f2f,応援ぴよ子団長,all,ZR,60,1111,1111,12,1ターンの間、味方全員の攻撃力を500%増加させる,counteraction,4,0.25,0,0,0,1,0,0.8346,0,0,0,0.8249,0.000199
720,689,10,51,em-6de5eba89049,天孫降臨ににぎくん,water,CR,25,2334,2817,5,3ターンの間、水属性の味方全員の攻撃力を120%増加させる,counteraction,4,0.125,0,1,1,1,0,0.6792,0,0,0.75,0.9277,0.004762
721,690,11,75,em-18a6642e277e,旧市街地の魔物,fire,N,8,2799,16,4,1ターンの間、自身の攻撃力を115000%増加させる,counteraction,4,0.125,0,1,1,1,0,0.5909,0,0,0.75,0.9792,0.003793
722,691,12,83,em-f14da6dc7d26,チャイナさん,fire,CR,15,606,1876,4,1ターンの間、自身の攻撃力を150%増加させる,counteraction,4,0.125,0,1,1,1,0,0.5875,0,0,0.75,0.9274,0.003498
723,696,64,232,em-9960799ef9aa,ににぎのミコト,fire,MZR,35,4941,3748,5,3ターンの間、水属性の味方全員の攻撃力を222%増加させる,counteraction,4,0.125,0,0.5,1,1,0,0.4714,0,0,0.25,0.6619,0.000883
724,697,65,401,em-2849b1a72ff2,生足魅惑の☆ハクさん,fire,伝,80,11246,5112,5,4ターンの間、味方全員の攻撃力を100%増加させる,counteraction,4,0.125,0,1,0.75,1,0,0.6482,0,0,0.25,0.1903,0.000277
725,698,66,222,em-739aae6480ff,男前やできっしん,fire,R,14,755,2605,4,2ターンの間、自身の攻撃力を300%増加させる,counteraction,4,0.125,0,1,1,1,0,0.6563,0,0,0.25,0.965,0.000961
726,699,67,215,em-bbcd19672515,ＭＲ凜子様,water,R,13,1699,1699,4,2ターンの間、火属性の敵に対する味方全員の攻撃力を200%増加させる,counteraction,4,0.125,0,1,1,1,0,0.5583,0,0,0.25,0.9649,0.001057
727,700,68,226,em-674bf61c8b00,海賊衆かっさーのん,water,N,6,600,700,4,1ターンの間、リーダーの攻撃力を150%増加させる,counteraction,4,0.125,0,0.75,1,1,0,0.7012,0,0,0.25,0.9789,0.000934
728,701,69,209,em-2ce242ee5866,スノーメン,water,N,5,1300,200,5,2ターンの間、火属性の味方全員の攻撃力を140%増加させる,counteraction,4,0.125,0,0.75,0.75,1,0,0.7083,0,0,0.25,0.9788,0.001143
729,704,704,546,em-b8d203bbae80,草カロ三郎,fire,N,5,400,400,6,味方全員のHPを40%回復する,advantage_creation,4,0.125,0,0.75,0.5,1,0,0.4848,0,0,0,0.9788,0.000237
730,706,706,637,em-a48bcdd76e03,サーファー岡田,water,R,15,419,1298,4,1ターンの間、水属性の味方全員の攻撃力を60%増加させる,counteraction,4,0.125,0,1,1,1,0,0.6045,0,0,0,0.9646,0.000233
731,707,707,638,em-a71ad4631750,絶許！近所のあん子,water,R,9,1131,989,4,水属性の味方全員のHPを100%回復する,advantage_creation,4,0.125,0,1,1,1,0,0.4599,0,0,0,0.9645,0.000233
732,709,709,549,em-b5a4cfe168a6,安井大先生,water,N,7,505,475,5,1ターンの間、攻撃をリーダーに集中させる(70%カット),advantage_creation,4,0.125,0,1,1,1,0,0.6417,0,0,0,0.9786,0.000237
733,710,710,639,em-233989ddac07,法隆寺博士,fire,R,4,480,220,6,1ターンの間、攻撃を自身に集中させる(70%カット),advantage_creation,4,0.125,0,0.75,0.75,1,0,0.5917,0,0,0,0.9643,0.000233
734,711,711,551,em-82f2d0dfc734,マジでたっくん,fire,N,6,295,885,5,1ターンの間、自身の攻撃力を200%増加させる,counteraction,4,0.125,0,0.75,0.75,1,0,0.5447,0,0,0,0.9785,0.000237
735,713,713,553,em-41ff91d7d090,有馬スター,fire,N,9,1159,1244,4,火属性の味方全員のHPを80%回復する,advantage_creation,4,0.125,0,1,1,1,0,0.6136,0,0,0,0.9785,0.000237
736,717,717,334,em-30a1d9f3d52f,けねずさん,water,R,9,702,702,5,2ターンの間、味方全員に風属性の敵からのダメージを30%軽減するシールドを与える,advantage_creation,4,0.125,0,0.75,0.75,1,0,0.572,0,0,0,0.9641,0.000384
737,723,723,718,em-e7b02783dd94,梵天ちゃん,water,CR,8,500,700,8,2ターンの間、味方全員の攻撃が全体攻撃になる,counteraction,4,0.125,0,0,0,1,0,0.7197,0,0,0,0.9252,0.000224
738,725,725,640,em-75717188c18a,あ、しょーか大先生,water,R,13,1812,1963,4,1ターンの間、水属性の味方全員の攻撃が2回連続攻撃になる,counteraction,4,0.125,0,0,1,1,0,0.5216,0,0,0,0.9639,0.000233
739,726,726,558,em-20d0672eefa5,実際かにろう,fire,N,8,1269,987,4,風属性の敵全員の攻撃カウントを2増加させる,ignored,4,0.125,0,0,1,1,0,0.5068,0,0,0,0.9783,0.000236
740,727,727,642,em-3604a59c8292,囃せ！どんちっちん,fire,R,12,1000,700,7,2ターンの間、味方全員の攻撃が全体攻撃になる,counteraction,4,0.125,0,0,0.75,1,0,0.6932,0,0,0,0.9637,0.000233
741,732,732,643,em-6197bad49878,水島神人,water,R,6,700,300,5,1ターンの間、攻撃を自身に集中させる(70%カット),advantage_creation,4,0.125,0,1,1,1,0,0.7333,0,0,0,0.9636,0.000233
742,735,735,559,em-401fb8fe2284,S.K.O.Tちゃん,fire,N,3,750,200,6,味方全員のHPを40%回復する,advantage_creation,4,0.125,0,0.75,0.75,1,0,0.7339,0,0,0,0.9781,0.000236
743,736,736,560,em-377c63de8d80,極・S.K.O.Tちゃん,fire,N,6,1150,300,4,味方全員のHPを40%回復する,advantage_creation,4,0.125,0,1,1,1,0,0.5534,0,0,0,0.9781,0.000236
744,737,737,719,em-6c5c24ebebea,こんぴらさん,water,CR,15,1100,1100,8,敵全員の攻撃カウントを3増加させる,ignored,4,0.125,0,0,0,1,0,0.6585,0,0,0,0.9241,0.000223
745,742,742,775,em-698af6462642,反魂タン昼食TIME,fire,ZR,32,3067,5623,4,2ターンの間、風属性の敵に対する自身の攻撃力を800%増加させる,counteraction,4,0.125,0,0.25,1,1,0,0.6777,0,0,0,0.8159,0.000197
746,750,750,236,em-74b9082a787c,暫時バル状態,water_wind,R,19,2938,838,4,2ターンの間、味方全員に水属性の敵からのダメージを70%軽減するシールドを与える,advantage_creation,4,0.125,0,1,1,1,0,0.6737,0,0,0,0.9632,0.00086
747,751,751,811,em-39a2f0d8ec72,ロードスのエルフ騎士,fire,MZR,44,4430,5623,6,味方全員のスキルカウントを4減少させる,ignored,4,0.125,0,0,0.75,1,0,0.7278,0,0,0,0.6471,0.000156
748,752,752,776,em-df40dba7c56a,高野さん,fire_water,ZR,34,4089,4089,5,風属性の味方全員のスキルカウントを4減少させる,ignored,4,0.125,0,0,1,1,0,0.7311,0,0,0,0.8148,0.000197
749,753,753,812,em-0e768525b557,ヘラクレス先輩,fire_water,MZR,70,5885,6230,4,4ターンの間、自身の攻撃が3回連続攻撃になる,counteraction,4,0.125,0,0,1,1,0,0.7528,0,0,0,0.6458,0.000156
750,754,754,813,em-267a29792afd,ウーミン,fire,MZR,33,2249,2658,5,味方全員のスキルカウントを2減少させる,ignored,4,0.125,0,0,1,1,0,0.6265,0,0,0,0.6452,0.000156
751,755,755,287,em-36d4f380dee2,ギャングなウツ雄様,fire,MZR,60,4856,4856,5,3ターンの間、味方全員に水属性の敵からのダメージを85%軽減するシールドを与える,advantage_creation,4,0.125,0,1,1,1,0,0.9185,0,0,0,0.6445,0.0005
752,758,758,563,em-a8f48fb9a527,タミちゃんの火祭り,fire_wind,N,15,1,2402,4,3ターンの間、自身の攻撃が全体攻撃になる,counteraction,4,0.125,0,0,1,1,0,0.6,0,0,0,0.9776,0.000236
753,759,759,720,em-a5d6506eec58,瓜だね女中,fire,CR,15,3220,1610,4,味方全員のHPを120%回復する,advantage_creation,4,0.125,0,1,1,1,0,0.5438,0,0,0,0.9227,0.000223
754,762,762,564,em-462884d3af90,青竜ニート,water,N,4,346,397,6,水属性の味方全員のHPを50%回復する,advantage_creation,4,0.125,0,0.5,0.5,1,0,0.6096,0,0,0,0.9775,0.000236
755,766,766,777,em-5c8b9af61816,ぴっよコイン先生,all,ZR,60,1111,1111,12,1ターンの間、味方全員にダメージを100%軽減するシールドを与える,advantage_creation,4,0.125,0,0,0,1,0,0.5909,0,0,0,0.8121,0.000196
756,767,767,778,em-05133b447edd,コメツキ,water,ZR,55,5453,5406,5,水属性の味方全員のスキルカウントを3減少させる,ignored,4,0.125,0,0,0.75,1,0,0.6786,0,0,0,0.8118,0.000196
757,770,770,721,em-66a587f1a726,にくぁうさん,fire,CR,12,497,1116,4,1ターンの間、風属性の敵に対する自身の攻撃力を400%増加させる,counteraction,4,0.125,0,0,1,1,0,0.7664,0,0,0,0.922,0.000223
758,772,772,565,em-8ed9900f451e,めい子ちゃん,water,N,4,281,309,5,1ターンの間、風属性の攻撃を自身に集中させる(70%カット),advantage_creation,4,0.125,0,0.25,1,1,0,0.6912,0,0,0,0.9773,0.000236
759,778,778,567,em-1fa3ac88ea78,有馬すた,fire,N,7,475,505,5,火属性の味方全員のHPを70%回復する,advantage_creation,4,0.125,0,1,1,1,0,0.6989,0,0,0,0.9772,0.000236
760,779,779,647,em-fb54694c6adc,サイガーイエロー,fire,R,9,357,1057,4,1ターンの間、自身の攻撃が3回連続攻撃になる,counteraction,4,0.125,0,0,1,1,0,0.3682,0,0,0,0.962,0.000232
761,780,780,722,em-472362bb4365,超えぇじゃないか,water,CR,12,840,760,6,2ターンの間、自身の攻撃が全体攻撃になる,counteraction,4,0.125,0,0,0.75,1,0,0.8199,0,0,0,0.9214,0.000223
762,782,782,569,em-999d33621829,おたべ妖精,water,N,7,1272,1131,4,風属性の敵全員の攻撃カウントを2増加させる,ignored,4,0.125,0,0,1,1,0,0.7344,0,0,0,0.9771,0.000236
763,785,785,294,em-560cbdf184d6,ユッフィーちゃん,water,R,8,606,600,5,2ターンの間、水属性の味方全員の攻撃力を50%増加させる,counteraction,4,0.125,0,1,1,1,0,0.744,0,0,0,0.9617,0.000484
764,788,788,395,em-b06129e327ac,ケンＺＯ３号,fire,N,6,300,680,5,3ターンの間、自身の攻撃力を90%増加させる,counteraction,4,0.125,0,0.75,0.75,1,0,0.6453,0,0,0,0.9769,0.000282
765,789,789,571,em-c19b90bf546d,芋煮太郎,fire,N,4,510,102,7,1ターンの間、火属性の味方全員の攻撃が2回連続攻撃になる,counteraction,4,0.125,0,0,0.5,1,0,0.4968,0,0,0,0.9769,0.000236
766,792,792,239,em-aad8fae6b05f,やまとーる海佐,water,R,12,1000,700,5,2ターンの間、味方全員にダメージを50%軽減するシールドを与える,advantage_creation,4,0.125,0,1,1,1,0,0.7576,0,0,0,0.9614,0.000841
767,793,793,649,em-eb78da4b3f28,えるたそ,fire,R,6,500,400,4,1ターンの間、風属性の敵に対する味方全員の攻撃力を50%増加させる,counteraction,4,0.125,0,0.5,1,1,0,0.6343,0,0,0,0.9613,0.000232
768,796,796,573,em-08381d79cfef,大森銀さん,fire,N,5,1300,150,4,1ターンの間、味方全員にダメージを50%軽減するシールドを与える,advantage_creation,4,0.125,0,1,1,1,0,0.6763,0,0,0,0.9767,0.000236
769,797,797,301,em-ce7547fb3ccd,いぬやマンリメイク！,water,R,16,1661,1661,7,2ターンの間、味方全員の攻撃力を150%増加させる,counteraction,4,0.125,0,0.75,0.25,1,0,0.6591,0,0,0,0.9611,0.000463
770,798,798,723,em-a33630899eb2,河口本栖子,water,CR,18,1200,1500,6,敵全員の攻撃カウントを1増加させる,ignored,4,0.125,0,0,1,1,0,0.5423,0,0,0,0.9198,0.000222
771,801,801,724,em-34a894a8519d,ロロ先輩,fire,CR,16,1100,1400,6,死亡している火属性の味方全員を50%のHPで蘇らせる,advantage_creation,4,0.125,0,0.75,0.75,1,0,0.5447,0,0,0,0.9196,0.000222
772,803,803,651,em-a769fc8e5005,真サタデーナイト郡上,water,R,12,800,1000,5,1ターンの間、味方全員の攻撃が全体攻撃になる,counteraction,4,0.125,0,0,1,1,0,0.6952,0,0,0,0.9608,0.000232
773,806,806,575,em-37ab32b36f96,ハントンさん,fire,N,5,450,650,7,1ターンの間、味方全員の攻撃が2回連続攻撃になる,counteraction,4,0.125,0,0,0.25,1,0,0.6991,0,0,0,0.9764,0.000236
774,808,808,576,em-e668f3d46f31,超・S.K.O.Tちゃん,fire,N,5,950,250,5,味方全員のHPを40%回復する,advantage_creation,4,0.125,0,1,1,1,0,0.689,0,0,0,0.9764,0.000236
775,809,809,652,em-6e2c76ad098c,まおちゃん,water,R,6,500,750,6,水属性の味方全員のスキルカウントを1減少させる,ignored,4,0.125,0,0,0.75,1,0,0.6006,0,0,0,0.9605,0.000232
776,810,810,725,em-dcc91a9c2ed6,ブルたそ,fire,CR,12,1000,1200,5,1ターンの間、味方全員に水属性の敵からのダメージを50%軽減するシールドを与える,advantage_creation,4,0.125,0,1,1,1,0,0.6458,0,0,0,0.9187,0.000222
777,811,811,654,em-9791eaaeef3c,メーピスさん,fire,R,8,600,700,6,1ターンの間、自身の攻撃が3回連続攻撃になる,counteraction,4,0.125,0,0,0.75,1,0,0.756,0,0,0,0.9603,0.000232
778,813,813,726,em-57e25e9e3446,にゅーくん,water,CR,8,400,1700,4,1ターンの間、攻撃を自身に集中させる(85%カット),advantage_creation,4,0.125,0,1,1,1,0,0.7375,0,0,0,0.9183,0.000222
779,816,816,814,em-322b7fbdab7e,むろまち様,water,MZR,34,2556,5112,7,4ターンの間、味方全員の攻撃が全体攻撃になる,counteraction,4,0.125,0,0,0.5,1,0,0.6487,0,0,0,0.6246,0.000151
780,818,818,656,em-fae18e323cb5,美観之介曳山ん太郎,fire_wind,R,23,2194,1597,5,3ターンの間、風属性の味方全員の攻撃が全体攻撃になる,counteraction,4,0.125,0,0,0.75,1,0,0.4936,0,0,0,0.96,0.000232
781,819,819,783,em-c86ef788e307,ベルりん絶好調,fire,ZR,40,4089,4686,5,1ターンの間、火属性の攻撃を自身に集中させる(95%カット),advantage_creation,4,0.125,0,1,0.75,1,0,0.6319,0,0,0,0.8015,0.000194
782,821,821,657,em-24d2ab142253,アグスティンさん,all,R,12,2869,1359,5,1ターンの間、味方全員の攻撃が5回連続攻撃になる,counteraction,4,0.125,0,0,0.75,1,0,0.5753,0,0,0,0.9598,0.000232
783,822,822,815,em-d3aec6288103,カニシカ大先生,fire,MZR,39,6034,1440,5,味方全員のHPを200%回復する,advantage_creation,4,0.125,0,0.75,0.75,1,0,0.616,0,0,0,0.6215,0.00015
784,825,825,816,em-c89260e1ef3b,曲芸師・ブンブク,fire,MZR,60,6305,2996,4,死亡している味方全員を10%のHPで蘇らせる,advantage_creation,4,0.125,0,1,1,1,0,0.714,0,0,0,0.6207,0.00015
785,827,827,817,em-7547c480c963,ウミユリーず,fire,MZR,60,4430,6475,5,味方全員のスキルカウントを2減少させる,ignored,4,0.125,0,0,0.75,1,0,0.7689,0,0,0,0.6199,0.00015
786,829,829,818,em-5a047ed41d97,KJの少女Hi児,all,MZR,48,4941,3919,5,2ターンの間、味方全員の攻撃が3回連続攻撃になる,counteraction,4,0.125,0,0,1,1,0,0.7182,0,0,0,0.6191,0.00015
787,830,830,819,em-bc6da5addf52,桜ブーナッド,fire_wind,MZR,46,5547,4013,5,風属性の味方全員のHPを270%回復する,advantage_creation,4,0.125,0,1,1,1,0,0.7468,0,0,0,0.6183,0.000149
788,832,832,820,em-5ff7c4f20f2b,ヤマトタケルぅ！,fire,MZR,40,85,8520,5,3ターンの間、自身の攻撃が7回連続攻撃になる,counteraction,4,0.125,0,0,0.75,1,0,0.7331,0,0,0,0.6175,0.000149
789,833,833,728,em-7499fb228620,にほりん,fire,CR,15,2898,3059,5,1ターンの間、火属性の味方全員の攻撃力を500%増加させる,counteraction,4,0.125,0,0.75,0.75,1,0,0.5902,0,0,0,0.9162,0.000221
790,834,834,730,em-309fbe104636,いーびルン,fire,CR,15,2254,2576,7,2ターンの間、攻撃をリーダーに集中させる(95%カット),advantage_creation,4,0.125,0,0,0.5,1,0,0.5959,0,0,0,0.916,0.000221
791,835,835,581,em-30cf649c4daf,けいび,fire,N,5,295,300,5,1ターンの間、火属性の攻撃を自身に集中させる(90%カット),advantage_creation,4,0.125,0,0.75,0.75,1,0,0.5198,0,0,0,0.9753,0.000236
792,688,9,71,em-df95e8471300,名家ぴよ子お嬢様,fire,R,10,1331,1374,5,1ターンの間、火属性の味方全員の攻撃力を150%増加させる,counteraction,4,0,0,1,1,1,0,0.6375,0,0,0.75,0.9587,0.003919
793,693,30,131,em-b3d6d1b7e1a8,たたらん,fire,R,6,500,300,5,1ターンの間、味方全員の攻撃力を30%増加させる,counteraction,4,0,0,1,1,1,0,0.4674,0,0,0.5,0.9585,0.002255
794,695,63,217,em-efaa90d2f7dc,竹輪先生,fire,N,3,150,700,5,1ターンの間、自身の攻撃力を100%増加させる,counteraction,4,0,0,1,1,1,0,0.5938,0,0,0.25,0.9751,0.001037
795,702,70,218,em-25fed9fde1ce,かっさーWoo！,fire_water,N,16,1131,2403,4,2ターンの間、リーダーの攻撃力を200%増加させる,counteraction,4,0,0,0.75,1,1,0,0.6959,0,0,0.25,0.975,0.001
796,703,703,659,em-0a88e828f44f,あずま京子,water,R,7,500,500,4,1ターンの間、味方全員に風属性の敵からのダメージを80%軽減するシールドを与える,advantage_creation,4,0,0,0.75,1,1,0,0.6021,0,0,0,0.9582,0.000232
797,705,705,580,em-6ffc5801eae4,ぎょざる,fire,N,4,293,312,6,1ターンの間、火属性の味方全員の攻撃が全体攻撃になる,counteraction,4,0,0,0,1,1,0,0.5014,0,0,0,0.9748,0.000236
798,708,708,731,em-72dbaccf035d,新・ＪＡＸＡイル,fire,CR,12,516,1106,6,2ターンの間、自身の攻撃が3回連続攻撃になる,counteraction,4,0,0,0,0.75,1,0,0.3465,0,0,0,0.9143,0.000221
799,715,715,732,em-cce942b02eb0,激えぇじゃないか,water,CR,14,1300,1100,5,2ターンの間、自身の攻撃が全体攻撃になる,counteraction,4,0,0,0,1,1,0,0.631,0,0,0,0.9141,0.000221
800,718,718,661,em-f18c065bbb1d,白水大師匠,fire,R,18,1510,1887,5,2ターンの間、火属性の味方全員の攻撃が全体攻撃になる,counteraction,4,0,0,0,0.75,1,0,0.5152,0,0,0,0.9577,0.000231
801,720,720,586,em-40f4824b1c65,芋煮千十郎,fire,N,9,1901,502,4,1ターンの間、火属性の味方全員の攻撃が2回連続攻撃になる,counteraction,4,0,0,0,1,1,0,0.6958,0,0,0,0.9745,0.000236
802,728,728,664,em-3bdc05dce56c,シャボテンコンビ,water,R,14,600,800,6,死亡している味方全員を40%のHPで蘇らせる,advantage_creation,4,0,0,0.5,0.25,1,0,0.6449,0,0,0,0.9574,0.000231
803,729,729,733,em-49cfaec18be0,富士五子ＢＴ５,water,CR,20,2415,2737,6,敵全員の攻撃カウントを3増加させる,ignored,4,0,0,0,0.75,1,0,0.5984,0,0,0,0.9132,0.000221
804,730,730,734,em-f18963ac0ea1,すわ子さま,water,CR,12,700,1000,5,1ターンの間、自身の攻撃が3回連続攻撃になる,counteraction,4,0,0,0,1,1,0,0.5114,0,0,0,0.9129,0.000221
805,738,738,666,em-dd5697e42ab7,まお先輩,water,R,9,600,850,5,水属性の味方全員のスキルカウントを1減少させる,ignored,4,0,0,0,0.75,1,0,0.3494,0,0,0,0.9571,0.000231
806,740,740,667,em-9ca244c83a38,ʤouカー＆ʧouカー,water,R,16,1510,2124,4,敵全員の攻撃カウントを1増加させる。,ignored,4,0,0,0,1,1,0,0.4803,0,0,0,0.9569,0.000231
807,741,741,736,em-e6cd26662fe8,クイーン・ク・うぃーん,fire,CR,15,1500,1500,4,2ターンの間、味方全員の属性を火属性に変更する,adaptive,4,0,0,0,1,1,0,0.5125,0,0,0,0.9122,0.00022
808,743,743,821,em-0e2c4b783eb7,南極翁・カノープス,water_wind,MZR,55,3408,5964,7,4ターンの間、風属性の味方全員の攻撃が4回連続攻撃になる,counteraction,4,0,0,0,0.25,1,0,0.63,0,0,0,0.5992,0.000145
809,744,744,822,em-ffde6d61f228,有頂天☆安倍晴明,fire_wind,MZR,45,3936,4771,5,火属性の味方全員のスキルカウントを3減少させる,ignored,4,0,0,0,0.75,1,0,0.6303,0,0,0,0.5982,0.000145
810,745,745,823,em-3b47fb031e0a,上京！世界師匠,fire,MZR,36,1704,4260,4,3ターンの間、自身の攻撃が3回連続攻撃になる,counteraction,4,0,0,0,1,1,0,0.6408,0,0,0,0.5972,0.000144
811,746,746,669,em-48860dff9f84,カナ★パラ,water_wind,R,20,1661,1812,5,死亡している味方全員を50%のHPで蘇らせる,advantage_creation,4,0,0,0.75,0.75,1,0,0.4784,0,0,0,0.9562,0.000231
812,748,748,824,em-7fafc017f6f6,水蛭子リターンズ,water,MZR,43,6816,3408,7,死亡している水属性の味方全員を200%のHPで蘇らせる,advantage_creation,4,0,0,0.5,0.5,1,0,0.5299,0,0,0,0.595,0.000144
813,749,749,384,em-32e57ebd5904,ハンザギルドさん,water,N,12,1551,423,5,4ターンの間、水属性の攻撃を自身に集中させる(85%カット),advantage_creation,4,0,0,1,1,1,0,0.6639,0,0,0,0.9736,0.000293
814,757,757,671,em-2110fa48fdc1,グリンすマン・ﾌｨｰﾊﾞｰ!,water_wind,R,22,1661,1736,5,敵全員の攻撃カウントを2増加させる,ignored,4,0,0,0,1,1,0,0.3889,0,0,0,0.9558,0.000231
815,761,761,593,em-fa9285840bae,白虎むりょく,all,N,4,158,149,5,1ターンの間、自身の攻撃力を100%増加させる,counteraction,4,0,0,1,1,1,0,0.6905,0,0,0,0.9734,0.000235
816,763,763,788,em-5c3bfcbbd109,ネギさん,all,ZR,80,4260,4260,500,5ターンの間、味方全員の攻撃力を9999%増加させる,counteraction,4,0,0,0,0,1,0,0.6673,0,0,0,0.783,0.000189
817,764,764,737,em-7affb78d3b91,渇求するネギの果て,water,CR,10,754,754,4,1ターンの間、攻撃をリーダーに集中させる。(30%カット),advantage_creation,4,0,0,1,1,1,0,0.5759,0,0,0,0.9096,0.00022
818,765,765,825,em-0454ff15fbd8,米倉英夫(ゆる),all,MZR,55,1,1,55,55ターンの間、味方全員の属性を全属性(３色混合)に変更する。,adaptive,4,0,0,0,0,1,0,0.4479,0,0,0,0.5882,0.000142
819,768,768,738,em-3a0ce37a12ff,おこしんMK-2,fire,CR,8,1510,2265,4,1ターンの間、自身の攻撃が2回連続攻撃になる,counteraction,4,0,0,0,1,1,0,0.5104,0,0,0,0.909,0.00022
820,769,769,597,em-c8e560adbea9,草カロ次郎,fire,N,6,480,500,5,味方全員のHPを50%回復する,advantage_creation,4,0,0,1,1,1,0,0.5109,0,0,0,0.9729,0.000235
821,771,771,407,em-89dedc914b10,ふーちゃん,water,CR,8,1014,413,5,2ターンの間、攻撃を自身に集中させる(50%カット),advantage_creation,4,0,0,1,1,1,0,0.6318,0,0,0,0.9084,0.000267
822,773,773,739,em-e2ba004694cc,ＪＡＸＡイル,fire,CR,8,394,794,6,2ターンの間、自身の攻撃が3回連続攻撃になる,counteraction,4,0,0,0,1,1,0,0.6393,0,0,0,0.9081,0.000219
823,774,774,599,em-da4562cd6142,プレーン下仁田,water,N,10,500,500,4,1ターンの間、攻撃をリーダーに集中させる(30%カット),advantage_creation,4,0,0,0.75,1,1,0,0.5646,0,0,0,0.9726,0.000235
824,775,775,600,em-e535034b31b0,吉野スライマー,water,N,5,495,305,5,1ターンの間、攻撃を自身に集中させる(60%カット),advantage_creation,4,0,0,1,1,1,0,0.6325,0,0,0,0.9725,0.000235
825,776,776,602,em-17e6d828aa8d,かなりたっくん,fire,N,5,195,685,5,1ターンの間、自身の攻撃力を150%増加させる,counteraction,4,0,0,1,1,1,0,0.5167,0,0,0,0.9724,0.000235
826,781,781,604,em-81fec3e48762,怪人おたべ,water,N,4,415,365,4,風属性の敵全員の攻撃カウントを1増加させる,ignored,4,0,0,0,1,1,0,0.6321,0,0,0,0.9722,0.000235
827,784,784,605,em-eaad577a957c,関さん,water,N,5,390,390,4,1ターンの間、攻撃をリーダーに集中させる(60%カット),advantage_creation,4,0,0,1,1,1,0,0.4813,0,0,0,0.9721,0.000235
828,787,787,678,em-278299c58131,けねず君,water,R,8,603,603,5,1ターンの間、味方全員に風属性の敵からのダメージを30%軽減するシールドを与える,advantage_creation,4,0,0,0.75,1,1,0,0.4256,0,0,0,0.9533,0.00023
829,790,790,680,em-19a1ef813069,絶品！さくらん兄妹,water,R,10,780,820,5,火属性の味方全員のスキルカウントを1減少させる,ignored,4,0,0,0,1,1,0,0.2409,0,0,0,0.9531,0.00023
830,800,800,741,em-2d8f15eaba64,のぶくろさん,fire,CR,12,700,900,7,2ターンの間、味方全員の攻撃が全体攻撃になる,counteraction,4,0,0,0,0.5,1,0,0.7381,0,0,0,0.9051,0.000219
831,802,802,683,em-3d2c7dfded66,サタデーナイト郡上,water,R,6,500,600,7,1ターンの間、味方全員の攻撃が全体攻撃になる,counteraction,4,0,0,0,0.5,1,0,0.4197,0,0,0,0.9526,0.00023
832,804,804,686,em-fe08214f98fe,さるぼぼん,fire,R,6,400,600,6,1ターンの間、自身の攻撃が全体攻撃になる,counteraction,4,0,0,0,0.75,1,0,0.5167,0,0,0,0.9523,0.00023
833,805,805,743,em-981bf693e8c3,メガネパンダ系の何か,fire,CR,19,2576,2415,6,味方全員のスキルカウントを3減少させる,ignored,4,0,0,0,0.5,1,0,0.5919,0,0,0,0.9036,0.000218
834,807,807,388,em-3ba3c1cd24cc,P.O☆うるっしー,fire,CR,25,3220,1449,4,2ターンの間、攻撃を自身に集中させる(70%カット),advantage_creation,4,0,0,1,1,1,0,0.6102,0,0,0,0.9031,0.000291
835,817,817,609,em-471b1ba55d5c,有馬んば,fire_water,N,13,1413,1244,4,火属性の味方全員のHPを80%回復する,advantage_creation,4,0,0,1,1,1,0,0.6662,0,0,0,0.9708,0.000235
836,826,826,826,em-0a34a4b839d5,堕落勇者オトシゴ,fire,MZR,60,4732,5111,8,1ターンの間、味方全員にダメージを100%軽減するシールドを与える,advantage_creation,4,0,0,0,0,1,0,0.6094,0,0,0,0.5565,0.000135
837,828,828,827,em-11f22e87203d,骨喰　花蟲,fire,MZR,60,2300,5708,4,死亡している火属性の味方全員を60%のHPで蘇らせる,advantage_creation,4,0,0,1,1,1,0,0.6617,0,0,0,0.55,0.000133
