枠,順位,キャラID,名前,コスト,HP,Power,スキルターン,スキル種類,v7下限勝率,完成デッキ勝率,完成デッキコスト,残コスト,デッキ探索数,運用例採用,完成デッキ
1,1,em-d7873747b412,藤のフヒッティ,75,10735,3578,1,damage_reduction,0.4696,0.5208,99,1,4,いいえ,藤のフヒッティ / 覚醒ニート / 七夕ぴよ子 / 覚醒むりょく / しょーかくん
1,2,em-5d063141c6e0,ブルーフェイス姐さん,33,3919,4260,0,attribute_change,0.44,0.5069,98,2,8,いいえ,ブルーフェイス姐さん / ワロンマイナー輩先 / 摩陀羅　潮真 / ＢＥＷ雪玉 / TAGOのBOOTH
1,3,em-5a8b6c2acb19,ユスリカ,45,5282,1414,0,aoe_attack,0.4337,0.5556,98,2,8,いいえ,ユスリカ / ワロンマイナー輩先 / 摩陀羅　潮真 / ＢＥＷ雪玉 / ハリウッドナナコ師匠
1,4,em-8d38e9c3aa92,オルカアタッカー虎子,70,9202,6134,1,attack_buff,0.4169,0.4097,99,1,5,いいえ,オルカアタッカー虎子 / 試作型おこしん / トキシッくんｵｯｽｵｯｽ / おたべ妖精 / ハリウッドナナコ師匠
1,5,em-2e6716824578,横きゅっちゃん,19,2817,2817,5,delay,0.4114,0.5139,94,6,8,いいえ,横きゅっちゃん / えかちぇたん / 摩陀羅　潮真 / ɚすぃとあろま？ / ネムりん
1,6,em-96ed71805a40,白鷺日女路嬢,21,4830,1255,3,heal,0.4105,0.5694,100,0,8,いいえ,白鷺日女路嬢 / ワロンマイナー輩先 / 摩陀羅　潮真 / ????? / 白い悪魔の小町さん
1,7,em-0784bb7beecf,ダリア・宮子・9,42,4771,4089,0,heal,0.4098,0.4514,100,0,8,いいえ,ダリア・宮子・9 / えかちぇたん / トマティーナ少佐 / ɚすぃとあろま？ / ハリウッドナナコ師匠
1,8,em-23638c0715eb,ばけごろう,30,1757,5743,1,attribute_change,0.409,0.5,95,5,8,いいえ,ばけごろう / ワロンマイナー輩先 / 摩陀羅　潮真 / ＢＥＷ雪玉 / TAGOのBOOTH
1,9,em-49b522eac464,ジェヴォたんは狼？,43,3006,6022,4,multi_hit_attack,0.4077,0.5139,96,4,8,いいえ,ジェヴォたんは狼？ / ワロンマイナー輩先 / 摩陀羅　潮真 / ＢＥＷ雪玉 / ハリウッドナナコ師匠
1,10,em-75c1af17d152,浴衣美人な日女路嬢,38,5623,3748,3,heal,0.4073,0.5069,99,1,8,いいえ,浴衣美人な日女路嬢 / 伝説のビスカやん！ / 摩陀羅　潮真 / ＢＥＷ雪玉 / TAGOのBOOTH
1,11,em-37ae218b7e9e,有砂小町,40,5112,5112,7,skill_reduction,0.4059,0.4236,97,3,8,いいえ,有砂小町 / ワロンマイナー輩先 / トマティーナ少佐 / みどりのたけしマン / ハリウッドナナコ師匠
1,12,em-9b97e564ea43,ユールシスター☆ノエルん,43,5523,4112,3,multi_hit_attack,0.402,0.4931,96,4,8,いいえ,ユールシスター☆ノエルん / ワロンマイナー輩先 / 摩陀羅　潮真 / ＢＥＷ雪玉 / ハリウッドナナコ師匠
1,13,em-a20c59ca87c1,Let's☆ハチ公,33,6560,1448,5,delay,0.3986,0.4862,98,2,8,いいえ,Let's☆ハチ公 / ワロンマイナー輩先 / 摩陀羅　潮真 / ＢＥＷ雪玉 / TAGOのBOOTH
1,14,em-23b2ea75fccd,金野デメ子さん,39,4430,5112,0,attribute_change,0.3977,0.4236,96,4,8,いいえ,金野デメ子さん / えかちぇたん / 超患部ぴよフェッサー / ɚすぃとあろま？ / ハリウッドナナコ師匠
1,15,em-6ceef8f285a4,可愛馬！真純ちゃん,41,5964,4566,2,multi_hit_attack,0.3973,0.4653,94,6,8,いいえ,可愛馬！真純ちゃん / ワロンマイナー輩先 / 摩陀羅　潮真 / ＢＥＷ雪玉 / ハリウッドナナコ師匠
1,16,em-4819d53ddb48,ブハラ師匠,39,5708,3237,3,heal,0.3955,0.5,100,0,8,いいえ,ブハラ師匠 / 伝説のビスカやん！ / 摩陀羅　潮真 / ＢＥＷ雪玉 / TAGOのBOOTH
1,17,em-2a5e6ca1207c,ケーンクラちゃん,81,9713,4089,6,damage_reduction,0.3947,0.4583,100,0,4,いいえ,ケーンクラちゃん / 覚醒ニート / 戸隠ちび丸 / 覚醒むりょく / あろまちゃん
1,18,em-048f5c5385db,Mr.バトラー,34,4771,3067,1,attribute_change,0.3937,0.4792,99,1,8,いいえ,Mr.バトラー / ワロンマイナー輩先 / 摩陀羅　潮真 / ＢＥＷ雪玉 / TAGOのBOOTH
1,19,em-df40dba7c56a,高野さん,34,4089,4089,5,skill_reduction,0.3861,0.4375,99,1,8,いいえ,高野さん / ワロンマイナー輩先 / 摩陀羅　潮真 / ＢＥＷ雪玉 / TAGOのBOOTH
1,20,em-5861838d2e36,ばうあー泥棒,35,4771,3033,4,attack_buff,0.3851,0.5,100,0,8,いいえ,ばうあー泥棒 / ワロンマイナー輩先 / 摩陀羅　潮真 / ＢＥＷ雪玉 / TAGOのBOOTH
1,21,em-ceda64319ca1,蜜香のウミリンゴ,75,8520,5453,1,attack_buff,0.3851,0.3889,97,3,4,いいえ,蜜香のウミリンゴ / かつお☆カーニバル / 覚醒ニート / ギャリーくん / あん子ちゃん
1,22,em-3ac00001d30a,ネギの向こう側,20,2262,2273,0,heal,0.3834,0.5,94,6,7,いいえ,ネギの向こう側 / アレス暮らし / 摩陀羅　潮真 / ɚすぃとあろま？ / ネムりん
1,23,em-e7f75bf37d9f,あっついさん,40,6134,2726,0,heal,0.3833,0.4236,96,4,8,いいえ,あっついさん / 伝説のビスカやん！ / 試作型おこしん / 呼んでますトムさん / 白い悪魔の小町さん
1,24,em-1d6b42059506,レーティッシュ凛子,35,5623,3229,3,attack_buff,0.3825,0.4653,100,0,8,いいえ,レーティッシュ凛子 / ワロンマイナー輩先 / 摩陀羅　潮真 / ＢＥＷ雪玉 / TAGOのBOOTH
1,25,em-a447724e3bc1,ヴァレサバ☆関くん,54,4055,5759,0,guard,0.3818,0.3958,100,0,7,いいえ,ヴァレサバ☆関くん / ワロンマイナー輩先 / トマティーナ少佐 / ɚすぃとあろま？ / ハリウッドナナコ師匠
1,26,em-05133b447edd,コメツキ,55,5453,5406,5,skill_reduction,0.3818,0.375,100,0,8,いいえ,コメツキ / ワロンマイナー輩先 / トマティーナ少佐 / おたべ妖精 / 実はこんにゃくちゃん
1,27,em-814151a5ca65,登別ッキー,35,2556,6134,2,skill_reduction,0.3796,0.4097,100,0,8,いいえ,登別ッキー / ワロンマイナー輩先 / 摩陀羅　潮真 / ＢＥＷ雪玉 / TAGOのBOOTH
1,28,em-70a9a07ea8d9,うさ☆八幡さま,60,5964,5964,6,delay,0.378,0.3542,100,0,6,いいえ,うさ☆八幡さま / ワロンマイナー輩先 / 試作型おこしん / おたべ妖精 / アグスティンさん
1,29,em-83113af84b95,降臨☆三原色ばうあー,45,3578,5868,5,aoe_attack,0.3772,0.4722,98,2,8,いいえ,降臨☆三原色ばうあー / ワロンマイナー輩先 / 摩陀羅　潮真 / ＢＥＷ雪玉 / ハリウッドナナコ師匠
1,30,em-8476f5773554,エーランドちゃん,30,6070,2160,7,delay,0.3769,0.4375,100,0,8,いいえ,エーランドちゃん / ワロンマイナー輩先 / すわ子isGOD！ / 呼んでますトムさん / 白い悪魔の小町さん
1,31,em-357427c8f331,反魂タン昼食TIME,27,3067,5623,4,attack_buff,0.3762,0.4722,99,1,8,いいえ,反魂タン昼食TIME / ワロンマイナー輩先 / 摩陀羅　潮真 / ＢＥＷ雪玉 / 白い悪魔の小町さん
1,32,em-2f9e3ad50fc8,やまなしーヌの心,25,2415,2576,3,skill_reduction,0.375,0.4722,97,3,8,いいえ,やまなしーヌの心 / ワロンマイナー輩先 / 摩陀羅　潮真 / ＢＥＷ雪玉 / 白い悪魔の小町さん
1,33,em-c3c3a8e92b71,仮面のいはと先生,25,2095,3063,3,delay,0.3742,0.4653,97,3,8,いいえ,仮面のいはと先生 / ワロンマイナー輩先 / 摩陀羅　潮真 / ＢＥＷ雪玉 / 白い悪魔の小町さん
1,34,em-d0ab149939aa,製鉄所★澤先輩,24,5313,1771,3,skill_reduction,0.3742,0.4583,96,4,8,いいえ,製鉄所★澤先輩 / ワロンマイナー輩先 / 摩陀羅　潮真 / ＢＥＷ雪玉 / 白い悪魔の小町さん
1,35,em-08c96cb40803,ノローニャ・パイセン,43,5964,3410,1,attack_buff,0.3724,0.4236,94,6,8,いいえ,ノローニャ・パイセン / えかちぇたん / トキシッくんｵｯｽｵｯｽ / ɚすぃとあろま？ / ハリウッドナナコ師匠
1,36,em-0f41288ed104,青玉の供犠ぴよ子,6,1609,1609,0,none,0.3704,0.5,97,3,8,いいえ,青玉の供犠ぴよ子 / アレス暮らし / 大晦日のネギそば給仕少女 / ɚすぃとあろま？ / まそお姉ちゃん
1,37,em-05c5072dc080,橘の元祖☆みっちー,75,9798,4515,4,skill_reduction,0.3692,0.3125,100,0,4,いいえ,橘の元祖☆みっちー / 伝説のビスカやん！ / 覚醒ニート / ギャリーくん / 驚愕！深海のあん子
1,38,em-cd0a21cda0bb,タキシラ師匠,6,1861,733,0,heal,0.3677,0.5417,100,0,8,いいえ,タキシラ師匠 / モチノ・ウオ丸 / 摩陀羅　潮真 / むぅむぅ / ハリウッドナナコ師匠
1,39,em-258850fee1ca,時計塔の魔女娘,30,5523,1614,2,skill_reduction,0.3671,0.4444,100,0,8,いいえ,時計塔の魔女娘 / ワロンマイナー輩先 / すわ子isGOD！ / 呼んでますトムさん / 白い悪魔の小町さん
1,40,em-a04fcf6167db,いはと先生,17,2093,3059,3,delay,0.3654,0.4583,97,3,8,いいえ,いはと先生 / えかちぇたん / 摩陀羅　潮真 / ＢＥＷ雪玉 / シミ
1,41,em-75c067942d62,大内先生,11,1699,1699,4,heal,0.3643,0.5347,98,2,8,いいえ,大内先生 / えかちぇたん / 摩陀羅　潮真 / むぅむぅ / ハリウッドナナコ師匠
1,42,em-45aa4b2348d2,鬼一方眼,80,12780,3578,5,attack_buff,0.364,0.3958,100,0,4,いいえ,鬼一方眼 / 総統エビユルゲ / 覚醒ニート / ギャリーくん / あろまちゃん
1,43,em-bd98030ead3e,首領子襲来!!,33,5680,3786,4,heal,0.3634,0.4375,96,4,8,いいえ,首領子襲来!! / ワロンマイナー輩先 / 欣喜ぴよ子 / みどりのたけしマン / TAGOのBOOTH
1,44,em-28c6b952551d,海の昇竜貫,33,4601,3408,2,attack_buff,0.3633,0.4514,98,2,8,いいえ,海の昇竜貫 / ワロンマイナー輩先 / 摩陀羅　潮真 / ＢＥＷ雪玉 / TAGOのBOOTH
1,45,em-abcae044297d,ラ・ショー・ドさん,44,5453,3424,5,delay,0.3633,0.3958,97,3,8,いいえ,ラ・ショー・ドさん / ワロンマイナー輩先 / 試作型おこしん / 呼んでますトムさん / TAGOのBOOTH
1,46,em-4c764571b9ab,お稲荷様のパシリ,47,6816,3408,1,attack_buff,0.3632,0.4028,98,2,7,いいえ,お稲荷様のパシリ / ワロンマイナー輩先 / すわ子isGOD！ / 呼んでますトムさん / ハリウッドナナコ師匠
1,47,em-7a8534cb5af6,クレリゴス子様,41,6731,2951,3,guard,0.3628,0.4375,99,1,8,いいえ,クレリゴス子様 / ワロンマイナー輩先 / トマティーナ少佐 / ɚすぃとあろま？ / TAGOのBOOTH
1,48,em-82d7b7a877f8,電ドロ白鷺嬢,39,6816,2556,2,heal,0.3617,0.4375,100,0,8,いいえ,電ドロ白鷺嬢 / 伝説のビスカやん！ / 摩陀羅　潮真 / ＢＥＷ雪玉 / TAGOのBOOTH
1,49,em-13df10c62ab6,MUNAKATA,42,5453,4089,6,aoe_attack,0.3615,0.4583,95,5,8,いいえ,MUNAKATA / ワロンマイナー輩先 / 摩陀羅　潮真 / ＢＥＷ雪玉 / ハリウッドナナコ師匠
1,50,em-af9542637cdd,群れを成すサルパ,28,5453,756,2,multi_hit_attack,0.3593,0.5,100,0,8,いいえ,群れを成すサルパ / ワロンマイナー輩先 / 摩陀羅　潮真 / ＢＥＷ雪玉 / 白い悪魔の小町さん
1,51,em-71504e292ebf,キャミー・the.女,13,1208,2567,3,heal,0.3589,0.5069,100,0,8,いいえ,キャミー・the.女 / えかちぇたん / 摩陀羅　潮真 / むぅむぅ / ハリウッドナナコ師匠
1,52,em-32538f7c8341,熊殺しのサンタマン,58,6560,4345,5,delay,0.3583,0.3403,99,1,6,いいえ,熊殺しのサンタマン / ワロンマイナー輩先 / 試作型おこしん / 雨降る倉敷のみかん姐 / ハリウッドナナコ師匠
1,53,em-c42ef00ed018,ｗｗナレースワンｗｗ,25,2560,2584,4,delay,0.3581,0.4444,97,3,8,いいえ,ｗｗナレースワンｗｗ / ワロンマイナー輩先 / 摩陀羅　潮真 / ＢＥＷ雪玉 / 白い悪魔の小町さん
1,54,em-cb9a138787d0,摩陀羅　潮真,27,7194,1741,2,attribute_guard,0.3579,0.4444,97,3,8,いいえ,摩陀羅　潮真 / ワロンマイナー輩先 / すわ子isGOD！ / 呼んでますトムさん / 白い悪魔の小町さん
1,55,em-6b69fff3a46d,怒るよ!!勝斧さん,47,6164,3748,1,attack_buff,0.3578,0.3889,100,0,7,いいえ,怒るよ!!勝斧さん / ワロンマイナー輩先 / 試作型おこしん / 呼んでますトムさん / TAGOのBOOTH
1,56,em-c736bc52077a,漱石先生と吾輩たち,15,1610,3461,5,skill_reduction,0.3571,0.4444,93,7,8,いいえ,漱石先生と吾輩たち / モチノ・ウオ丸 / すわ子isGOD！ / ＢＥＷ雪玉 / シミ
1,57,em-d6ea073b633e,鬼八先生,60,8861,2556,3,delay,0.3566,0.3472,100,0,6,いいえ,鬼八先生 / 試作型おこしん / すわ子isGOD！ / トキシッくんｵｯｽｵｯｽ / ハリウッドナナコ師匠
1,58,em-30e2f325f3af,尾索戦隊ｻﾙﾊﾟﾝｼﾞｬｰ,28,4907,1022,2,multi_hit_attack,0.356,0.4931,100,0,8,いいえ,尾索戦隊ｻﾙﾊﾟﾝｼﾞｬｰ / ワロンマイナー輩先 / 摩陀羅　潮真 / ＢＥＷ雪玉 / 白い悪魔の小町さん
1,59,em-d5ea84224259,ﾌﾗﾝﾀﾞｰｽのわんわんお,38,5538,3190,3,guard,0.3552,0.4375,99,1,8,いいえ,ﾌﾗﾝﾀﾞｰｽのわんわんお / ワロンマイナー輩先 / トマティーナ少佐 / 呼んでますトムさん / TAGOのBOOTH
1,60,em-d518108f13e3,トランシルヴァニア家族,45,5350,6059,2,multi_hit_attack,0.3544,0.3889,98,2,8,いいえ,トランシルヴァニア家族 / ワロンマイナー輩先 / 摩陀羅　潮真 / ＢＥＷ雪玉 / ハリウッドナナコ師匠
1,61,em-9b1b7dceab8e,ブダ山ペスト太郎,40,6305,2044,0,damage_reduction,0.3534,0.3958,100,0,8,いいえ,ブダ山ペスト太郎 / ワロンマイナー輩先 / すわ子isGOD！ / ɚすぃとあろま？ / TAGOのBOOTH
1,62,em-3a859cb07c11,こんぴらさん先輩,25,2898,2898,10,delay,0.3532,0.4306,97,3,8,いいえ,こんぴらさん先輩 / ワロンマイナー輩先 / 摩陀羅　潮真 / ＢＥＷ雪玉 / 白い悪魔の小町さん
1,63,em-24d6f242799c,大浜美波さん,32,3748,3408,5,revive,0.353,0.4583,100,0,8,いいえ,大浜美波さん / 伝説のビスカやん！ / 摩陀羅　潮真 / ＢＥＷ雪玉 / 白い悪魔の小町さん
1,64,em-35db097208c5,勝斧・冠,60,6816,4089,1,attack_buff,0.3524,0.3681,100,0,7,いいえ,勝斧・冠 / ワロンマイナー輩先 / 欣喜ぴよ子 / ɚすぃとあろま？ / ハリウッドナナコ師匠
1,65,em-65efdfdd59b3,「ぼ」じゃなくてゔぉたん,40,4941,3408,1,attribute_change,0.3523,0.4028,98,2,8,いいえ,「ぼ」じゃなくてゔぉたん / トマティーナ少佐 / 超患部ぴよフェッサー / ????? / 速いぞサラマンダー！
1,66,em-fcf6ec919e80,ｱﾙﾊﾟ力のお兄(父)さん,10,763,2205,3,heal,0.3522,0.5069,97,3,8,いいえ,ｱﾙﾊﾟ力のお兄(父)さん / えかちぇたん / 摩陀羅　潮真 / むぅむぅ / ハリウッドナナコ師匠
1,67,em-d6cc97b363eb,ユウレイイカさん,10,1363,1704,5,revive,0.3512,0.5208,97,3,8,いいえ,ユウレイイカさん / えかちぇたん / 摩陀羅　潮真 / むぅむぅ / ハリウッドナナコ師匠
1,68,em-bff3cff5162a,トキシッくんｵｯｽｵｯｽ,9,2253,1267,3,revive,0.3512,0.5139,96,4,8,いいえ,トキシッくんｵｯｽｵｯｽ / えかちぇたん / 摩陀羅　潮真 / むぅむぅ / ハリウッドナナコ師匠
1,69,em-12386dff9bd5,サリエリ許さないマン,21,2827,2827,4,revive,0.351,0.4792,100,0,8,いいえ,サリエリ許さないマン / ワロンマイナー輩先 / 摩陀羅　潮真 / ????? / 白い悪魔の小町さん
1,70,em-4ae7fba92e2c,アデヤッコちゃん,27,2351,2556,0,attribute_change,0.3503,0.4375,99,1,8,いいえ,アデヤッコちゃん / ワロンマイナー輩先 / 摩陀羅　潮真 / ＢＥＷ雪玉 / 白い悪魔の小町さん
1,71,em-0e9d90fcbf69,テオティワちーちゃん,66,11928,149,1,multi_hit_attack,0.3495,0.4306,100,0,7,いいえ,テオティワちーちゃん / 試作型おこしん / トキシッくんｵｯｽｵｯｽ / ɚすぃとあろま？ / ハリウッドナナコ師匠
1,72,em-6262a008b5c9,脱力コンビあろま＆るる,38,3067,5623,2,skill_reduction,0.3495,0.3611,95,5,8,いいえ,脱力コンビあろま＆るる / えかちぇたん / 超患部ぴよフェッサー / ɚすぃとあろま？ / ハリウッドナナコ師匠
1,73,em-fc5d66138cad,端午ぴよ子,13,1543,2512,5,aoe_attack,0.3488,0.5,100,0,8,いいえ,端午ぴよ子 / モチノ・ウオ丸 / 摩陀羅　潮真 / ＢＥＷ雪玉 / シミ
1,74,em-f3ce9865b46f,BeasT5,38,4116,4664,7,delay,0.3487,0.3681,95,5,8,いいえ,BeasT5 / えかちぇたん / 超患部ぴよフェッサー / ɚすぃとあろま？ / ハリウッドナナコ師匠
1,75,em-fd111e204918,アルビールパイセン,19,467,2608,3,delay,0.3475,0.4722,94,6,8,いいえ,アルビールパイセン / えかちぇたん / 摩陀羅　潮真 / ɚすぃとあろま？ / ネムりん
1,76,em-fca49f3752f8,電波姫☆いまりちゃん,38,3919,4260,3,delay,0.3473,0.375,95,5,8,いいえ,電波姫☆いまりちゃん / えかちぇたん / 超患部ぴよフェッサー / ɚすぃとあろま？ / ハリウッドナナコ師匠
1,77,em-a06f040c9490,冬の加奈多パレード,80,9542,5282,2,attack_buff,0.3473,0.3403,100,0,4,いいえ,冬の加奈多パレード / 総統エビユルゲ / 覚醒ニート / ギャリーくん / あろまちゃん
1,78,em-9667a89799b5,冬の双子姫,77,9628,4686,2,damage_reduction,0.3464,0.3472,100,0,4,いいえ,冬の双子姫 / 伝説のビスカやん！ / 覚醒ニート / あろまちゃん / ハリウッドナナコ師匠
1,79,em-d368809aa822,ﾜﾙﾌﾟﾙｷﾞｽなメル子様,39,6560,3152,3,attribute_guard,0.3455,0.4028,100,0,8,いいえ,ﾜﾙﾌﾟﾙｷﾞｽなメル子様 / ワロンマイナー輩先 / トマティーナ少佐 / 呼んでますトムさん / TAGOのBOOTH
1,80,em-b8168a7a90ca,大杉に願いを☆ミ,39,5129,3067,2,attribute_guard,0.3454,0.4097,100,0,8,いいえ,大杉に願いを☆ミ / ワロンマイナー輩先 / トマティーナ少佐 / 呼んでますトムさん / TAGOのBOOTH
1,81,em-cec2f0ad9373,Dr.フォックス,40,4089,4430,4,delay,0.3454,0.3611,100,0,8,いいえ,Dr.フォックス / ワロンマイナー輩先 / すわ子isGOD！ / ɚすぃとあろま？ / TAGOのBOOTH
1,82,em-681c8662f2b6,まさか殿(ｼﾞｬｰｼﾞ),55,6475,3748,6,delay,0.3451,0.3333,100,0,8,いいえ,まさか殿(ｼﾞｬｰｼﾞ) / ワロンマイナー輩先 / トマティーナ少佐 / おたべ妖精 / 実はこんにゃくちゃん
1,83,em-6c1c64d0e4ed,七夕ぴよ子,7,1104,1104,3,revive,0.3449,0.5278,94,6,8,いいえ,七夕ぴよ子 / えかちぇたん / 摩陀羅　潮真 / むぅむぅ / ハリウッドナナコ師匠
1,84,em-49cfaec18be0,富士五子ＢＴ５,20,2415,2737,6,delay,0.3442,0.4306,100,0,8,いいえ,富士五子ＢＴ５ / えかちぇたん / 摩陀羅　潮真 / ＢＥＷ雪玉 / シミ
1,85,em-e4561d587562,幼心のデメ子さん,25,3178,4089,1,attribute_change,0.3439,0.4097,97,3,8,いいえ,幼心のデメ子さん / ワロンマイナー輩先 / 摩陀羅　潮真 / ＢＥＷ雪玉 / 白い悪魔の小町さん
1,86,em-f2a813466bbe,The★Youなリバ子,50,5770,3113,0,heal,0.3439,0.3681,100,0,7,いいえ,The★Youなリバ子 / トマティーナ少佐 / 欣喜ぴよ子 / おたべ妖精 / TAGOのBOOTH
1,87,em-a16d639a61fc,水軍衆かっさーのん,9,1128,1269,3,attack_buff,0.3437,0.5208,97,3,8,いいえ,水軍衆かっさーのん / モチノ・ウオ丸 / 摩陀羅　潮真 / トキシッくんｵｯｽｵｯｽ / シミ
1,88,em-c8db19de00fd,ワロンマイナー輩先,13,2953,1328,1,heal,0.3437,0.4792,100,0,8,いいえ,ワロンマイナー輩先 / えかちぇたん / 摩陀羅　潮真 / むぅむぅ / ハリウッドナナコ師匠
1,89,em-5284c689c7b6,ジャウー大先生,15,805,3220,4,skill_reduction,0.3436,0.4444,93,7,8,いいえ,ジャウー大先生 / モチノ・ウオ丸 / すわ子isGOD！ / ＢＥＷ雪玉 / シミ
1,90,em-95e1d74be5b6,Ｈ・Ｆ・ウーマン,47,6305,3748,2,guard,0.3429,0.3819,100,0,8,いいえ,Ｈ・Ｆ・ウーマン / ワロンマイナー輩先 / トマティーナ少佐 / おたべ妖精 / TAGOのBOOTH
1,91,em-760bb0daf1c9,ゲキ悪オヤジ(神),53,5112,5112,6,delay,0.3429,0.3333,99,1,7,いいえ,ゲキ悪オヤジ(神) / ワロンマイナー輩先 / トマティーナ少佐 / ɚすぃとあろま？ / ハリウッドナナコ師匠
1,92,em-c3d00c8f1bd5,竜馬は撃ちぬけない,30,4430,4430,1,attribute_change,0.3427,0.3819,100,0,8,いいえ,竜馬は撃ちぬけない / ワロンマイナー輩先 / すわ子isGOD！ / 呼んでますトムさん / 白い悪魔の小町さん
1,93,em-0183a7a13db2,かーたん・べーり,32,4089,4089,5,attribute_guard,0.3426,0.4444,100,0,8,いいえ,かーたん・べーり / ワロンマイナー輩先 / 試作型おこしん / むぅむぅ / TAGOのBOOTH
1,94,em-6c9a66a7da8c,抹殺音ズース,40,5623,3408,6,heal,0.3424,0.4375,97,3,8,いいえ,抹殺音ズース / すわ子isGOD！ / ????? / ɚすぃとあろま？ / アグスティンさん
1,95,em-1be59b60bcb4,アメンボ,30,2215,3919,0,attack_buff,0.3418,0.4028,100,0,8,いいえ,アメンボ / ワロンマイナー輩先 / すわ子isGOD！ / 呼んでますトムさん / 白い悪魔の小町さん
1,96,em-7f18b9c64c74,家族贖罪という字面,40,5964,1704,3,damage_reduction,0.3412,0.4444,100,0,8,いいえ,家族贖罪という字面 / ワロンマイナー輩先 / すわ子isGOD！ / ɚすぃとあろま？ / TAGOのBOOTH
1,97,em-57204b8d6ee6,伝説のWoo怪,12,1126,2393,4,multi_hit_attack,0.3404,0.4931,99,1,8,いいえ,伝説のWoo怪 / モチノ・ウオ丸 / 摩陀羅　潮真 / ＢＥＷ雪玉 / シミ
1,98,em-d941ef4d2c66,紫禁嬢,34,4692,2801,2,damage_reduction,0.34,0.4167,100,0,8,いいえ,紫禁嬢 / トマティーナ少佐 / 超患部ぴよフェッサー / むぅむぅ / ハリウッドナナコ師匠
1,99,em-4e77469f1fc4,綺麗な金平さん,42,5112,4260,1,attribute_change,0.3397,0.375,99,1,8,いいえ,綺麗な金平さん / ワロンマイナー輩先 / トマティーナ少佐 / みどりのたけしマン / ハリウッドナナコ師匠
1,100,em-42c90dd17240,GSPS！秀郷先生,34,3578,4601,2,attack_buff,0.3392,0.4097,99,1,8,いいえ,GSPS！秀郷先生 / ワロンマイナー輩先 / 摩陀羅　潮真 / ＢＥＷ雪玉 / TAGOのBOOTH
1,101,em-501834a284b1,加賀友☆禅野さん,38,4175,4771,2,attribute_change,0.3389,0.3889,95,5,8,いいえ,加賀友☆禅野さん / えかちぇたん / 超患部ぴよフェッサー / ɚすぃとあろま？ / ハリウッドナナコ師匠
1,102,em-a5655f550318,眠れる海のネムリん,60,7327,5282,5,attack_buff,0.3389,0.3819,100,0,7,いいえ,眠れる海のネムリん / ワロンマイナー輩先 / 試作型おこしん / おたべ妖精 / アグスティンさん
1,103,em-c6337efaceae,ｴﾚｶﾞﾝﾄ☆トラボル子,47,4260,4771,5,aoe_attack,0.3388,0.4236,100,0,7,いいえ,ｴﾚｶﾞﾝﾄ☆トラボル子 / ワロンマイナー輩先 / 摩陀羅　潮真 / ＢＥＷ雪玉 / ハリウッドナナコ師匠
1,104,em-2a96e91a2f35,雪男フェス祭カーニバル,38,5793,1874,5,revive,0.3382,0.4514,99,1,8,いいえ,雪男フェス祭カーニバル / 伝説のビスカやん！ / 摩陀羅　潮真 / ＢＥＷ雪玉 / TAGOのBOOTH
1,105,em-42e9353377ee,吉野スライム♂,40,5078,2078,3,skill_reduction,0.338,0.3889,100,0,8,いいえ,吉野スライム♂ / ワロンマイナー輩先 / すわ子isGOD！ / ɚすぃとあろま？ / TAGOのBOOTH
1,106,em-573a74e6170b,God of 魚ぉ！,8,1269,1128,4,heal,0.3375,0.5208,95,5,8,いいえ,God of 魚ぉ！ / えかちぇたん / 摩陀羅　潮真 / むぅむぅ / ハリウッドナナコ師匠
1,107,em-e507272ab5af,フィッシャーマン２,6,400,400,1,heal,0.337,0.5486,100,0,8,いいえ,フィッシャーマン２ / モチノ・ウオ丸 / 摩陀羅　潮真 / むぅむぅ / ハリウッドナナコ師匠
1,108,em-6b4baf5a6b1b,ＫＫマリテレ様,51,6368,2926,1,attribute_change,0.3367,0.375,100,0,7,いいえ,ＫＫマリテレ様 / ワロンマイナー輩先 / トマティーナ少佐 / 呼んでますトムさん / ハリウッドナナコ師匠
1,109,em-a71ad4631750,絶許！近所のあん子,9,1131,989,4,heal,0.3365,0.5278,96,4,8,いいえ,絶許！近所のあん子 / えかちぇたん / 摩陀羅　潮真 / むぅむぅ / ハリウッドナナコ師匠
1,110,em-9a1b8b33af97,バレチョコすわ子,46,3646,1874,0,multi_hit_attack,0.3365,0.4306,99,1,7,いいえ,バレチョコすわ子 / ワロンマイナー輩先 / 摩陀羅　潮真 / ＢＥＷ雪玉 / ハリウッドナナコ師匠
1,111,em-33880cee5e60,三貴子ツクヨミ,75,10735,4686,3,damage_reduction,0.3365,0.3333,100,0,4,いいえ,三貴子ツクヨミ / 伝説のビスカやん！ / 覚醒ニート / 驚愕！深海のあん子 / ハリウッドナナコ師匠
1,112,em-87b19d1c9d4e,ベリーズさん,9,1057,1692,5,attack_buff,0.3364,0.5069,97,3,8,いいえ,ベリーズさん / モチノ・ウオ丸 / 摩陀羅　潮真 / トキシッくんｵｯｽｵｯｽ / シミ
1,113,em-5ca14322a82d,蓮那由太郎,43,4771,3493,5,attack_buff,0.3362,0.4306,100,0,8,いいえ,蓮那由太郎 / ワロンマイナー輩先 / トマティーナ少佐 / みどりのたけしマン / ハリウッドナナコ師匠
1,114,em-6d8ed6eb36b3,えかちぇたん,25,4260,2385,1,multi_hit_attack,0.3362,0.4167,100,0,8,いいえ,えかちぇたん / ワロンマイナー輩先 / 摩陀羅　潮真 / むぅむぅ / ハリウッドナナコ師匠
1,115,em-cf78c5cc3134,オタテカモ次郎,28,4186,3059,2,attribute_change,0.336,0.4167,98,2,8,いいえ,オタテカモ次郎 / ワロンマイナー輩先 / すわ子isGOD！ / 呼んでますトムさん / 白い悪魔の小町さん
1,116,em-b6adaf9bf556,こうせえっつう女中,17,805,2898,0,attack_buff,0.3354,0.4444,100,0,8,いいえ,こうせえっつう女中 / ワロンマイナー輩先 / 摩陀羅　潮真 / 諏訪子成長期 / ハリウッドナナコ師匠
1,117,em-a66d3edc0ac1,水戸Come On!,38,3493,3237,4,delay,0.3352,0.3889,95,5,8,いいえ,水戸Come On! / えかちぇたん / 超患部ぴよフェッサー / ɚすぃとあろま？ / ハリウッドナナコ師匠
1,118,em-2a26d74bb300,鮫っ子！フカオちゃん,21,4430,2996,5,attack_buff,0.3351,0.4375,93,7,8,いいえ,鮫っ子！フカオちゃん / ワロンマイナー輩先 / 摩陀羅　潮真 / ＢＥＷ雪玉 / 白い悪魔の小町さん
1,119,em-4c8a3408455b,泳ぐカネヒラさん,28,3748,3408,2,attribute_change,0.3351,0.4167,100,0,8,いいえ,泳ぐカネヒラさん / ワロンマイナー輩先 / 摩陀羅　潮真 / ＢＥＷ雪玉 / 白い悪魔の小町さん
1,120,em-908fa1696f0d,速いぞサラマンダー！,12,3186,1431,6,skill_reduction,0.3347,0.4375,100,0,8,いいえ,速いぞサラマンダー！ / ワロンマイナー輩先 / 大晦日のネギそば給仕少女 / むぅむぅ / ハリウッドナナコ師匠
1,121,em-9413da55b7e0,ヤマピカリャーコ,47,4515,5095,2,multi_hit_attack,0.3347,0.3889,100,0,7,いいえ,ヤマピカリャーコ / ワロンマイナー輩先 / 摩陀羅　潮真 / ＢＥＷ雪玉 / ハリウッドナナコ師匠
1,122,em-433922ef3e4e,夏至祭のぺた也君,53,7266,2153,2,skill_reduction,0.334,0.3542,99,1,7,いいえ,夏至祭のぺた也君 / ワロンマイナー輩先 / トマティーナ少佐 / ɚすぃとあろま？ / ハリウッドナナコ師匠
1,123,em-4afb3d011e67,得琉田浜蔵,12,2696,1992,3,attribute_change,0.3338,0.4653,100,0,8,いいえ,得琉田浜蔵 / ワロンマイナー輩先 / 大晦日のネギそば給仕少女 / むぅむぅ / ハリウッドナナコ師匠
1,124,em-a66f91385c36,伝説のキャミー,10,700,1100,4,heal,0.3334,0.5208,97,3,8,いいえ,伝説のキャミー / えかちぇたん / 摩陀羅　潮真 / むぅむぅ / ハリウッドナナコ師匠
1,125,em-a0159af9ab81,カネヒラくん,14,2385,2556,2,attribute_change,0.3333,0.4444,95,5,8,いいえ,カネヒラくん / 伝説のビスカやん！ / 大晦日のネギそば給仕少女 / ɚすぃとあろま？ / シミ
1,126,em-78c90c30a11c,夜光虫ほたるん,14,2265,3020,2,attribute_change,0.3333,0.4375,95,5,8,いいえ,夜光虫ほたるん / 伝説のビスカやん！ / 大晦日のネギそば給仕少女 / ɚすぃとあろま？ / シミ
1,127,em-91f26ad56eaa,神喫！さくらん兄妹,12,1510,1887,5,skill_reduction,0.3329,0.4514,87,13,8,いいえ,神喫！さくらん兄妹 / えかちぇたん / すわ子isGOD！ / ɚすぃとあろま？ / シミ
1,128,em-272a71a9c15d,キラカードなエッシュ,12,1812,1510,3,skill_reduction,0.3326,0.4583,100,0,8,いいえ,キラカードなエッシュ / ワロンマイナー輩先 / 大晦日のネギそば給仕少女 / むぅむぅ / ハリウッドナナコ師匠
1,129,em-e9d9b60eefb1,鈴鹿忍者,20,1623,2189,5,skill_reduction,0.3325,0.4375,100,0,8,いいえ,鈴鹿忍者 / えかちぇたん / 摩陀羅　潮真 / ＢＥＷ雪玉 / シミ
1,130,em-6c2ea8631e0d,深海美少年モヅルン,37,5964,2385,3,attribute_guard,0.3322,0.4236,100,0,8,いいえ,深海美少年モヅルン / ワロンマイナー輩先 / すわ子isGOD！ / 呼んでますトムさん / TAGOのBOOTH
1,131,em-0dca19ae5992,降臨！天草トッキー,43,4260,5964,4,attack_buff,0.3318,0.3889,96,4,8,いいえ,降臨！天草トッキー / ワロンマイナー輩先 / 試作型おこしん / 呼んでますトムさん / TAGOのBOOTH
1,132,em-9991a7ad9a04,ヒラメさん進化中,22,4004,2556,1,attribute_change,0.3317,0.4097,94,6,8,いいえ,ヒラメさん進化中 / ワロンマイナー輩先 / 摩陀羅　潮真 / ＢＥＷ雪玉 / 白い悪魔の小町さん
1,133,em-4c2a43ecd770,ナンマトル君,14,2115,2115,2,skill_reduction,0.3313,0.4236,95,5,8,いいえ,ナンマトル君 / 伝説のビスカやん！ / 大晦日のネギそば給仕少女 / ɚすぃとあろま？ / シミ
1,134,em-bd35a359234a,ジョーカーくん,18,805,3935,3,skill_reduction,0.3306,0.4097,98,2,8,いいえ,ジョーカーくん / えかちぇたん / 摩陀羅　潮真 / ＢＥＷ雪玉 / シミ
1,135,em-e7480334e10e,脱力系アテナ,33,4186,1610,0,attack_buff,0.3303,0.4236,98,2,8,いいえ,脱力系アテナ / ワロンマイナー輩先 / 摩陀羅　潮真 / ＢＥＷ雪玉 / TAGOのBOOTH
1,136,em-3600ec808f3f,日本海女中,15,1288,2898,0,attack_buff,0.3303,0.4236,100,0,8,いいえ,日本海女中 / ワロンマイナー輩先 / 田島の春 / みどりのたけしマン / ハリウッドナナコ師匠
1,137,em-a5abadbcbc7d,ちょーカーちゃん,10,700,900,5,delay,0.3302,0.5,93,7,8,いいえ,ちょーカーちゃん / モチノ・ウオ丸 / 摩陀羅　潮真 / トキシッくんｵｯｽｵｯｽ / まそお姉ちゃん
1,138,em-9e9fc5ee5a9c,深淵のエルフ,18,2537,3059,4,attack_buff,0.3301,0.4514,98,2,8,いいえ,深淵のエルフ / えかちぇたん / 摩陀羅　潮真 / ＢＥＷ雪玉 / シミ
1,139,em-cf2619ce2878,俺っち氷河,28,3864,3222,2,attribute_change,0.3301,0.4097,100,0,8,いいえ,俺っち氷河 / ワロンマイナー輩先 / 摩陀羅　潮真 / ＢＥＷ雪玉 / 白い悪魔の小町さん
1,140,em-6a3f787c507e,梵天くん,12,700,900,7,aoe_attack,0.3299,0.5278,99,1,8,いいえ,梵天くん / モチノ・ウオ丸 / 摩陀羅　潮真 / ＢＥＷ雪玉 / シミ
1,141,em-2697b5e55b56,あろまちゃん+空気,6,650,700,4,revive,0.3297,0.5278,100,0,8,いいえ,あろまちゃん+空気 / モチノ・ウオ丸 / 摩陀羅　潮真 / むぅむぅ / ハリウッドナナコ師匠
1,142,em-089a6280b9d6,御嶽さん,32,5112,3067,4,aoe_attack,0.3296,0.4167,100,0,8,いいえ,御嶽さん / ワロンマイナー輩先 / 試作型おこしん / みどりのたけしマン / 白い悪魔の小町さん
1,143,em-7b7bc6faa9ba,パティは実況勢,41,5623,3352,2,damage_reduction,0.3296,0.3819,99,1,8,いいえ,パティは実況勢 / ワロンマイナー輩先 / トマティーナ少佐 / ɚすぃとあろま？ / TAGOのBOOTH
1,144,em-cea68c425163,跛荒の鉄男大先生,51,4686,6625,3,multi_hit_attack,0.329,0.3681,95,5,7,いいえ,跛荒の鉄男大先生 / 総統エビユルゲ / 夜光虫ほたるん / ɚすぃとあろま？ / ハンザギルドさん
1,145,em-adcf70bfd425,2人はフェレナント君,37,2982,5964,1,attribute_change,0.3288,0.3611,100,0,8,いいえ,2人はフェレナント君 / ワロンマイナー輩先 / すわ子isGOD！ / 呼んでますトムさん / TAGOのBOOTH
1,146,em-418076b2d218,イシマンガリソ先輩,42,5367,3067,1,attribute_guard,0.3285,0.375,100,0,8,いいえ,イシマンガリソ先輩 / ワロンマイナー輩先 / トマティーナ少佐 / ɚすぃとあろま？ / TAGOのBOOTH
1,147,em-2b7450b3b8b1,トンコー先生,15,1510,1510,3,multi_hit_attack,0.328,0.4861,100,0,8,いいえ,トンコー先生 / えかちぇたん / 摩陀羅　潮真 / ɚすぃとあろま？ / 鮫っ子！フカオちゃん
1,148,em-ed2bb6e12815,ラスコー原人,14,604,3624,1,attribute_change,0.3279,0.4306,95,5,8,いいえ,ラスコー原人 / 伝説のビスカやん！ / 大晦日のネギそば給仕少女 / ɚすぃとあろま？ / シミ
1,149,em-314fadaf0ea9,オシラサマ,28,4260,3322,3,heal,0.3279,0.4097,100,0,8,いいえ,オシラサマ / えかちぇたん / 試作型おこしん / 呼んでますトムさん / 白い悪魔の小町さん
1,150,em-b0799e52d0a8,カヌーイング・ケベック,28,3674,2641,1,attack_buff,0.3279,0.4097,100,0,8,いいえ,カヌーイング・ケベック / ワロンマイナー輩先 / 摩陀羅　潮真 / ＢＥＷ雪玉 / 白い悪魔の小町さん
1,151,em-1fcc8f4c1ae3,ヴェルサイユの朝,45,2556,6645,5,attack_buff,0.3279,0.4097,100,0,8,いいえ,ヴェルサイユの朝 / ワロンマイナー輩先 / トマティーナ少佐 / 呼んでますトムさん / わさわさ大根
1,152,em-a97f49a1b6e8,篠島しらす子,41,5453,2726,5,skill_reduction,0.3275,0.3403,97,3,8,いいえ,篠島しらす子 / 試作型おこしん / トキシッくんｵｯｽｵｯｽ / 呼んでますトムさん / 白い悪魔の小町さん
1,153,em-a8e1bfbd68cd,秋のタツタちゃん,80,10224,4771,4,multi_hit_attack,0.3275,0.3403,99,1,4,いいえ,秋のタツタちゃん / 伝説のビスカやん！ / コーベリアル / あろまちゃん / ズースくん
1,154,em-4c77b2b8ad46,トキシッくんさん,6,700,600,4,revive,0.3272,0.5278,100,0,8,いいえ,トキシッくんさん / モチノ・ウオ丸 / 摩陀羅　潮真 / むぅむぅ / ハリウッドナナコ師匠
1,155,em-865f442bc56a,神魚！はたはタン,6,700,600,4,heal,0.3272,0.5278,100,0,8,いいえ,神魚！はたはタン / モチノ・ウオ丸 / 摩陀羅　潮真 / むぅむぅ / ハリウッドナナコ師匠
1,156,em-cd5bbd27a3ee,熊とか絶対殺すマン,40,4086,4771,5,delay,0.327,0.3264,100,0,8,いいえ,熊とか絶対殺すマン / ワロンマイナー輩先 / 試作型おこしん / 呼んでますトムさん / 白い悪魔の小町さん
1,157,em-14cb05f591ca,牛鬼だうわーっ！,45,3919,2556,2,multi_hit_attack,0.3269,0.4167,98,2,8,いいえ,牛鬼だうわーっ！ / ワロンマイナー輩先 / 摩陀羅　潮真 / ＢＥＷ雪玉 / ハリウッドナナコ師匠
1,158,em-88028fdebb04,オペラハウス侯爵,24,3154,3177,3,revive,0.3268,0.4306,100,0,8,いいえ,オペラハウス侯爵 / モチノ・ウオ丸 / トマティーナ少佐 / みどりのたけしマン / ハリウッドナナコ師匠
1,159,em-285a6b18bfb1,いろはの曙ちゃん,18,2705,2705,0,heal,0.3268,0.4097,95,5,7,いいえ,いろはの曙ちゃん / 夏至祭のヴァサクサ君 / 摩陀羅　潮真 / ＢＥＷ雪玉 / 白い悪魔の小町さん
1,160,em-5514b5658aa3,ハリウッドナナコ師匠,5,2503,1093,9,delay,0.3261,0.4306,100,0,8,いいえ,ハリウッドナナコ師匠 / 超患部ぴよフェッサー / 摩陀羅　潮真 / むぅむぅ / リチャード・リターンズ
1,161,em-93a9275d427c,肉食ドゥブロさん,32,5106,3404,3,attack_buff,0.3259,0.4028,98,2,8,いいえ,肉食ドゥブロさん / えかちぇたん / 摩陀羅　潮真 / トキシッくんｵｯｽｵｯｽ / ハリウッドナナコ師匠
1,162,em-9da039c08ead,キャミー先生,6,500,600,4,heal,0.3254,0.5278,100,0,8,いいえ,キャミー先生 / モチノ・ウオ丸 / 摩陀羅　潮真 / むぅむぅ / ハリウッドナナコ師匠
1,163,em-7b3e9b66e40d,叶う！クルス様,12,1699,1699,1,attribute_change,0.3254,0.4583,87,13,8,いいえ,叶う！クルス様 / えかちぇたん / すわ子isGOD！ / ɚすぃとあろま？ / シミ
1,164,em-7fe8d05d0c62,艶やかヤッコ,30,3135,3408,0,attribute_change,0.3254,0.3611,100,0,8,いいえ,艶やかヤッコ / ワロンマイナー輩先 / すわ子isGOD！ / 呼んでますトムさん / 白い悪魔の小町さん
1,165,em-48860dff9f84,カナ★パラ,20,1661,1812,5,revive,0.3252,0.4792,94,6,7,いいえ,カナ★パラ / アレス暮らし / 摩陀羅　潮真 / ɚすぃとあろま？ / ネムりん
1,166,em-3deff3291fd4,有閑カノープス,70,5112,6816,2,attribute_change,0.3251,0.3333,99,1,5,いいえ,有閑カノープス / 試作型おこしん / トキシッくんｵｯｽｵｯｽ / おたべ妖精 / ハリウッドナナコ師匠
1,167,em-a41e1401ab71,こんぴらさんさん,19,1500,1500,9,delay,0.3248,0.4583,94,6,8,いいえ,こんぴらさんさん / えかちぇたん / 摩陀羅　潮真 / ɚすぃとあろま？ / ネムりん
1,168,em-01a16cce900c,伝説のロロちゃん,35,3748,3067,5,attack_buff,0.3248,0.4306,100,0,8,いいえ,伝説のロロちゃん / ワロンマイナー輩先 / 摩陀羅　潮真 / ＢＥＷ雪玉 / TAGOのBOOTH
1,169,em-0592fa7cc27f,クェーサルと仲間たち,18,3542,2898,3,multi_hit_attack,0.3248,0.4236,91,9,8,いいえ,クェーサルと仲間たち / 夏至祭のヴァサクサ君 / 摩陀羅　潮真 / ＢＥＷ雪玉 / シミ
1,170,em-2f5dd4b0a739,大内先輩,9,800,800,4,heal,0.3244,0.5208,96,4,8,いいえ,大内先輩 / えかちぇたん / 摩陀羅　潮真 / むぅむぅ / ハリウッドナナコ師匠
1,171,em-ab9b2ce76191,B・O・B,37,4935,3244,3,delay,0.3241,0.3542,100,0,8,いいえ,B・O・B / ワロンマイナー輩先 / すわ子isGOD！ / 呼んでますトムさん / TAGOのBOOTH
1,172,em-472362bb4365,超えぇじゃないか,12,840,760,6,aoe_attack,0.3238,0.5208,99,1,8,いいえ,超えぇじゃないか / モチノ・ウオ丸 / 摩陀羅　潮真 / ＢＥＷ雪玉 / シミ
1,173,em-904dc3a6cb19,ɚすぃとLulu？,24,4260,2726,3,guard,0.3238,0.4097,98,2,8,いいえ,ɚすぃとLulu？ / 試作型おこしん / トマティーナ少佐 / むぅむぅ / シミ
1,174,em-a74603ad2679,白虎,36,5112,3408,4,attack_buff,0.3237,0.4028,99,1,8,いいえ,白虎 / ワロンマイナー輩先 / トマティーナ少佐 / 呼んでますトムさん / 鎌倉式ＤＢ２涅槃型改
1,175,em-6b8007792f3c,因幡WAHHH!!,32,3578,4771,4,attack_buff,0.3227,0.4028,98,2,8,いいえ,因幡WAHHH!! / えかちぇたん / 摩陀羅　潮真 / トキシッくんｵｯｽｵｯｽ / ハリウッドナナコ師匠
1,176,em-a81a753351d9,戸定梨香,28,3216,3534,4,revive,0.3226,0.4236,97,3,8,いいえ,戸定梨香 / えかちぇたん / トマティーナ少佐 / みどりのたけしマン / ハリウッドナナコ師匠
1,177,em-94f677409ee2,月甲のルナタスピス,75,10224,4543,3,guard,0.3223,0.3194,100,0,4,いいえ,月甲のルナタスピス / 伝説のビスカやん！ / 覚醒ニート / 驚愕！深海のあん子 / ハリウッドナナコ師匠
1,178,em-1ab18da48960,白い悪魔の小町さん,24,3461,3300,5,aoe_attack,0.3222,0.4236,97,3,8,いいえ,白い悪魔の小町さん / 夏至祭のヴァサクサ君 / 摩陀羅　潮真 / ＢＥＷ雪玉 / シミ
1,179,em-6e2c76ad098c,まおちゃん,6,500,750,6,skill_reduction,0.3218,0.5,97,3,8,いいえ,まおちゃん / アレス暮らし / 大晦日のネギそば給仕少女 / ɚすぃとあろま？ / まそお姉ちゃん
1,180,em-4f3eddbe87bf,キルワくん,17,2141,3226,1,attack_buff,0.3218,0.4097,97,3,8,いいえ,キルワくん / えかちぇたん / 摩陀羅　潮真 / ＢＥＷ雪玉 / シミ
1,181,em-b78d9042e361,サルパちゃん,28,4362,3748,2,multi_hit_attack,0.3218,0.3819,100,0,8,いいえ,サルパちゃん / ワロンマイナー輩先 / 摩陀羅　潮真 / ＢＥＷ雪玉 / 白い悪魔の小町さん
1,182,em-dade81e05fdb,紫式部@物語執筆中,25,1771,3220,0,damage_reduction,0.3217,0.4028,95,5,8,いいえ,紫式部@物語執筆中 / ワロンマイナー輩先 / すわ子isGOD！ / 呼んでますトムさん / 白い悪魔の小町さん
1,183,em-830856ac5a07,トキシッくん先輩,7,1000,800,4,revive,0.3216,0.5139,94,6,8,いいえ,トキシッくん先輩 / えかちぇたん / 摩陀羅　潮真 / むぅむぅ / ハリウッドナナコ師匠
1,184,em-2c6fd048179d,ジョン・鮭児,23,1448,2726,0,attack_buff,0.3216,0.4167,94,6,8,いいえ,ジョン・鮭児 / モチノ・ウオ丸 / ????? / ɚすぃとあろま？ / アグスティンさん
1,185,em-210e07c4044b,偉いよ！どうしん先生,19,1245,1155,1,heal,0.3214,0.4792,93,7,7,いいえ,偉いよ！どうしん先生 / アレス暮らし / 摩陀羅　潮真 / ɚすぃとあろま？ / ネムりん
1,186,em-9eb7fd81d237,ユウ・レーカさん,20,2044,2556,4,revive,0.3214,0.4514,94,6,7,いいえ,ユウ・レーカさん / アレス暮らし / 摩陀羅　潮真 / ɚすぃとあろま？ / ネムりん
1,187,em-6cd949ff7539,?????,53,1842,6475,2,guard,0.3214,0.3889,99,1,7,いいえ,????? / ワロンマイナー輩先 / トマティーナ少佐 / ɚすぃとあろま？ / ハリウッドナナコ師匠
1,188,em-90b0d123f99e,かんきゅっちゃん,15,2817,2817,5,delay,0.3214,0.3819,98,2,8,いいえ,かんきゅっちゃん / ワロンマイナー輩先 / 試作型おこしん / むぅむぅ / 御嶽さん
1,189,em-ba817035b6a5,ハクさんの本気,38,4601,4089,5,attack_buff,0.3211,0.4028,99,1,8,いいえ,ハクさんの本気 / ワロンマイナー輩先 / トマティーナ少佐 / 呼んでますトムさん / TAGOのBOOTH
1,190,em-64fa899f397f,ダル飯☆杏,44,5896,3340,4,guard,0.3211,0.3819,100,0,7,いいえ,ダル飯☆杏 / ワロンマイナー輩先 / トマティーナ少佐 / みさきパイセン / ハリウッドナナコ師匠
1,191,em-59fa5fa098ba,繭神！おかいこさま,32,5027,1704,3,attribute_change,0.3207,0.4236,100,0,8,いいえ,繭神！おかいこさま / ワロンマイナー輩先 / トマティーナ少佐 / 呼んでますトムさん / 白い悪魔の小町さん
1,192,em-c8ed16119cbe,ヴェルラの木こり,28,3014,3162,2,guard,0.3206,0.4097,100,0,8,いいえ,ヴェルラの木こり / ワロンマイナー輩先 / 摩陀羅　潮真 / ＢＥＷ雪玉 / 白い悪魔の小町さん
1,193,em-5819b668aba5,ﾌﾗｲﾝｸﾞ･ﾀﾞｯﾁさん,41,3403,4601,5,delay,0.3204,0.3333,99,1,8,いいえ,ﾌﾗｲﾝｸﾞ･ﾀﾞｯﾁさん / ワロンマイナー輩先 / トマティーナ少佐 / ɚすぃとあろま？ / TAGOのBOOTH
1,194,em-6b4ea2116a46,降臨先祖★ににぎくん,20,2334,2817,5,attack_buff,0.3203,0.4444,100,0,8,いいえ,降臨先祖★ににぎくん / えかちぇたん / 摩陀羅　潮真 / ＢＥＷ雪玉 / シミ
1,195,em-577ab88ffefc,河口精進子,8,800,1100,7,delay,0.3202,0.4722,98,2,8,いいえ,河口精進子 / モチノ・ウオ丸 / トマティーナ少佐 / むぅむぅ / 速いぞサラマンダー！
1,196,em-bcb9b03bfeed,サンカクドナウ,13,1739,1739,3,multi_hit_attack,0.3202,0.4653,100,0,8,いいえ,サンカクドナウ / ワロンマイナー輩先 / 摩陀羅　潮真 / 呼んでますトムさん / 御嶽さん
1,197,em-0e2c4b783eb7,南極翁・カノープス,55,3408,5964,7,multi_hit_attack,0.3198,0.3958,100,0,7,いいえ,南極翁・カノープス / ワロンマイナー輩先 / ????? / ɚすぃとあろま？ / ハリウッドナナコ師匠
1,198,em-7930454375ec,パラワン探検隊,18,3219,3333,4,aoe_attack,0.3197,0.4236,91,9,8,いいえ,パラワン探検隊 / 夏至祭のヴァサクサ君 / 摩陀羅　潮真 / ＢＥＷ雪玉 / シミ
1,199,em-3767457f6cce,ｷﾗﾒｷﾒﾗ☆ヒラメ様,40,5367,2215,1,attribute_change,0.3196,0.375,100,0,8,いいえ,ｷﾗﾒｷﾒﾗ☆ヒラメ様 / ワロンマイナー輩先 / すわ子isGOD！ / ɚすぃとあろま？ / TAGOのBOOTH
1,200,em-65cc0d6a4bcc,TAGIの映画祭,31,3748,2726,5,multi_hit_attack,0.3193,0.4236,95,5,8,いいえ,TAGIの映画祭 / 伝説のビスカやん！ / 摩陀羅　潮真 / ＢＥＷ雪玉 / シミ
1,201,em-049ada05607b,眠里　不可緒,16,3578,2315,5,attack_buff,0.3189,0.4375,96,4,8,いいえ,眠里　不可緒 / えかちぇたん / 摩陀羅　潮真 / ＢＥＷ雪玉 / シミ
1,202,em-ec64495c1963,レブカ大先生,38,5793,2984,5,aoe_attack,0.3188,0.4028,98,2,8,いいえ,レブカ大先生 / ワロンマイナー輩先 / 試作型おこしん / 呼んでますトムさん / 白い悪魔の小町さん
1,203,em-19a1ef813069,絶品！さくらん兄妹,10,780,820,5,skill_reduction,0.3185,0.4861,93,7,8,いいえ,絶品！さくらん兄妹 / モチノ・ウオ丸 / 摩陀羅　潮真 / トキシッくんｵｯｽｵｯｽ / まそお姉ちゃん
1,204,em-b943dbad0d0c,姫武者伏姫,54,6253,3823,5,guard,0.3185,0.3819,100,0,7,いいえ,姫武者伏姫 / ワロンマイナー輩先 / トマティーナ少佐 / ɚすぃとあろま？ / ハリウッドナナコ師匠
1,205,em-471b1ba55d5c,有馬んば,13,1413,1244,4,heal,0.3183,0.4931,100,0,8,いいえ,有馬んば / えかちぇたん / 摩陀羅　潮真 / むぅむぅ / ハリウッドナナコ師匠
1,206,em-8cafabee26c4,ホルトバージ君,22,5285,830,4,attack_buff,0.318,0.4375,97,3,8,いいえ,ホルトバージ君 / ワロンマイナー輩先 / 摩陀羅　潮真 / むぅむぅ / ハリウッドナナコ師匠
1,207,em-b041a6f6cf00,テヅルモヅルン,37,5367,2147,3,attribute_guard,0.3179,0.4167,100,0,8,いいえ,テヅルモヅルン / ワロンマイナー輩先 / すわ子isGOD！ / 呼んでますトムさん / TAGOのBOOTH
1,208,em-94dc3d86f691,碧海のオフタルもん,75,10054,3919,4,multi_hit_attack,0.3177,0.3403,100,0,4,いいえ,碧海のオフタルもん / 伝説のビスカやん！ / 試作型おこしん / あろまちゃん / ハリウッドナナコ師匠
1,209,em-bc840d35c547,ジ・あるじや,20,4025,1610,4,skill_reduction,0.3176,0.3958,100,0,8,いいえ,ジ・あるじや / えかちぇたん / 摩陀羅　潮真 / ＢＥＷ雪玉 / シミ
1,210,em-679b3b1b58a8,シャフとリサブス,25,2944,3548,1,heal,0.3175,0.3819,96,4,8,いいえ,シャフとリサブス / アレス暮らし / 摩陀羅　潮真 / ＢＥＷ雪玉 / ハンザギルドさん
1,211,em-2ddce7bebb05,ツノザヤ君は握手ﾁｭｳ,27,37,3023,0,damage_reduction,0.3173,0.4236,98,2,8,いいえ,ツノザヤ君は握手ﾁｭｳ / えかちぇたん / すわ子isGOD！ / ＢＥＷ雪玉 / シミ
1,212,em-14bbe92902df,ネムりん,11,2726,1633,5,attack_buff,0.3171,0.4583,99,1,8,いいえ,ネムりん / ワロンマイナー輩先 / 大晦日のネギそば給仕少女 / むぅむぅ / ハリウッドナナコ師匠
1,213,em-eb8dcb3ecb46,ヨーコ須賀パイセン,45,5964,3237,3,attribute_guard,0.3168,0.3819,98,2,8,いいえ,ヨーコ須賀パイセン / ワロンマイナー輩先 / 試作型おこしん / 呼んでますトムさん / TAGOのBOOTH
1,214,em-f5955c15b029,ばんば新年2026,60,7668,3438,1,attack_buff,0.3167,0.3194,100,0,7,いいえ,ばんば新年2026 / ワロンマイナー輩先 / 試作型おこしん / おたべ妖精 / アグスティンさん
1,215,em-378e340695dc,スクナクナクナクス,50,6816,3408,2,aoe_attack,0.3166,0.3472,100,0,7,いいえ,スクナクナクナクス / ワロンマイナー輩先 / 試作型おこしん / ɚすぃとあろま？ / TAGOのBOOTH
1,216,em-86055d05ee01,ラムネ少女じゅんちゃん,14,2113,2113,2,heal,0.3164,0.4375,81,19,8,いいえ,ラムネ少女じゅんちゃん / ワロンマイナー輩先 / 摩陀羅　潮真 / ɚすぃとあろま？ / まそお姉ちゃん
1,217,em-d295de1e4086,海の日シスターズ♪,40,3823,4657,4,attack_buff,0.3164,0.3958,97,3,8,いいえ,海の日シスターズ♪ / ワロンマイナー輩先 / トマティーナ少佐 / みどりのたけしマン / ハリウッドナナコ師匠
1,218,em-deea7d56d1a1,淡路な文楽軒師匠,12,1512,1551,6,skill_reduction,0.3162,0.4375,100,0,8,いいえ,淡路な文楽軒師匠 / ワロンマイナー輩先 / 大晦日のネギそば給仕少女 / むぅむぅ / ハリウッドナナコ師匠
1,219,em-916052b33162,リンゴルモア大王,7,1269,1128,3,delay,0.3161,0.4583,97,3,8,いいえ,リンゴルモア大王 / ワロンマイナー輩先 / 大晦日のネギそば給仕少女 / 御嶽さん / ハリウッドナナコ師匠
1,220,em-744815bd68e5,旋回のヘリコプリオン,75,8997,2675,2,aoe_attack,0.3159,0.3403,100,0,4,いいえ,旋回のヘリコプリオン / 伝説のビスカやん！ / 試作型おこしん / あろまちゃん / ハリウッドナナコ師匠
1,221,em-4980bf27b119,淡路な浄瑠璃さん,10,708,700,7,skill_reduction,0.3158,0.4861,93,7,8,いいえ,淡路な浄瑠璃さん / モチノ・ウオ丸 / 摩陀羅　潮真 / トキシッくんｵｯｽｵｯｽ / まそお姉ちゃん
1,222,em-81078d011501,年齢不詳！エンゼル様,22,2215,3237,3,heal,0.3157,0.4306,99,1,8,いいえ,年齢不詳！エンゼル様 / 夏至祭のヴァサクサ君 / 摩陀羅　潮真 / ＢＥＷ雪玉 / 白い悪魔の小町さん
1,223,em-2325681e1b59,BON JOVE,24,3220,3220,5,aoe_attack,0.3157,0.4236,100,0,8,いいえ,BON JOVE / えかちぇたん / 摩陀羅　潮真 / トキシッくんｵｯｽｵｯｽ / かんきゅっちゃん
1,224,em-2f36c9341591,☆龍神☆尊氏様,85,9372,5623,2,multi_hit_attack,0.3157,0.2778,100,0,4,いいえ,☆龍神☆尊氏様 / フィッシャーマン / エビユルゲ大佐 / ズースくん / コニーちゃん
1,225,em-d0639c20e6b1,ユーコ☆宇宙,24,4260,2556,4,revive,0.3155,0.4167,100,0,8,いいえ,ユーコ☆宇宙 / モチノ・ウオ丸 / トマティーナ少佐 / みどりのたけしマン / ハリウッドナナコ師匠
1,226,em-dec390a52ee6,英国ストヘン技師,70,8861,4260,2,damage_reduction,0.3151,0.3125,100,0,5,いいえ,英国ストヘン技師 / 伝説のビスカやん！ / 試作型おこしん / ＢＥＷ雪玉 / ハリウッドナナコ師匠
1,227,em-1b8d4b845182,キャミーという女,8,600,800,4,heal,0.3145,0.5069,95,5,8,いいえ,キャミーという女 / えかちぇたん / 摩陀羅　潮真 / むぅむぅ / ハリウッドナナコ師匠
1,228,em-2b584e87473c,ウルルさんのオフ曜日,41,2958,6816,1,attack_buff,0.3141,0.3264,98,2,8,いいえ,ウルルさんのオフ曜日 / ワロンマイナー輩先 / トマティーナ少佐 / みどりのたけしマン / ハリウッドナナコ師匠
1,229,em-535fe684b32f,新・フィッシャーマン,10,1286,1116,1,heal,0.3138,0.4722,97,3,8,いいえ,新・フィッシャーマン / えかちぇたん / 摩陀羅　潮真 / むぅむぅ / ハリウッドナナコ師匠
1,230,em-2d8e102d95f3,えぇじゃないか,8,640,580,7,aoe_attack,0.3137,0.5139,95,5,8,いいえ,えぇじゃないか / モチノ・ウオ丸 / 摩陀羅　潮真 / ＢＥＷ雪玉 / シミ
1,231,em-d65d8f8b3d2e,エズ in スミス,20,3542,1771,1,attribute_guard,0.3137,0.4167,93,7,8,いいえ,エズ in スミス / えかちぇたん / トマティーナ少佐 / ɚすぃとあろま？ / シミ
1,232,em-e85f4ced46d6,ツノザヤ君は脳天気,27,43,3360,0,damage_reduction,0.3135,0.4097,98,2,8,いいえ,ツノザヤ君は脳天気 / えかちぇたん / すわ子isGOD！ / ＢＥＷ雪玉 / シミ
1,233,em-7419b64dec0e,天の飛龍巻,42,5623,3748,2,attribute_change,0.3134,0.3542,100,0,8,いいえ,天の飛龍巻 / ワロンマイナー輩先 / トマティーナ少佐 / ɚすぃとあろま？ / TAGOのBOOTH
1,234,em-3776e81d3ee0,ヒポポタリーナ,23,3237,2862,3,multi_hit_attack,0.3133,0.4097,98,2,8,いいえ,ヒポポタリーナ / ワロンマイナー輩先 / 摩陀羅　潮真 / むぅむぅ / ハリウッドナナコ師匠
1,235,em-34ff44ed1803,富士さんは魔女,42,5112,4260,4,revive,0.3133,0.375,100,0,8,いいえ,富士さんは魔女 / えかちぇたん / トマティーナ少佐 / ɚすぃとあろま？ / ハリウッドナナコ師匠
1,236,em-2449b6ff9d58,スマトラのウータン,12,2703,657,2,attribute_change,0.3131,0.4653,100,0,8,いいえ,スマトラのウータン / ワロンマイナー輩先 / 大晦日のネギそば給仕少女 / むぅむぅ / ハリウッドナナコ師匠
1,237,em-9cbbb04818bd,シミ,20,1704,2215,4,heal,0.3131,0.4514,94,6,7,いいえ,シミ / アレス暮らし / 摩陀羅　潮真 / ɚすぃとあろま？ / ネムりん
1,238,em-d5ed773d56cd,夏至祭のヴァサクサ君,18,3976,2156,2,skill_reduction,0.3127,0.375,98,2,8,いいえ,夏至祭のヴァサクサ君 / えかちぇたん / 摩陀羅　潮真 / ＢＥＷ雪玉 / シミ
1,239,em-f3861e35df6f,暗黒王まはーかーらん,47,3731,3926,4,delay,0.3127,0.3403,98,2,7,いいえ,暗黒王まはーかーらん / ワロンマイナー輩先 / すわ子isGOD！ / 呼んでますトムさん / ハリウッドナナコ師匠
1,240,em-9ca244c83a38,ʤouカー＆ʧouカー,16,1510,2124,4,delay,0.3125,0.4097,99,1,8,いいえ,ʤouカー＆ʧouカー / ワロンマイナー輩先 / 試作型おこしん / むぅむぅ / 御嶽さん
1,241,em-33e6bfd45207,みさきパイセン,22,2737,3059,3,multi_hit_attack,0.3124,0.4097,97,3,8,いいえ,みさきパイセン / ワロンマイナー輩先 / 摩陀羅　潮真 / むぅむぅ / ハリウッドナナコ師匠
1,242,em-2c71a7740b67,エルチェの椰子少女,42,4601,4601,5,attack_buff,0.3122,0.375,99,1,8,いいえ,エルチェの椰子少女 / ワロンマイナー輩先 / トマティーナ少佐 / みどりのたけしマン / ハリウッドナナコ師匠
1,243,em-237ca774c5e5,ルナプリ☆かぐや様,66,8861,1584,1,aoe_attack,0.3117,0.3472,100,0,7,いいえ,ルナプリ☆かぐや様 / ワロンマイナー輩先 / 試作型おこしん / ＢＥＷ雪玉 / ハリウッドナナコ師匠
1,244,em-75bbcd3130fb,みかんさん,6,700,500,7,aoe_attack,0.3114,0.5139,94,6,8,いいえ,みかんさん / モチノ・ウオ丸 / 摩陀羅　潮真 / トキシッくんｵｯｽｵｯｽ / シミ
1,245,em-0d41ec5f78f0,じょーカーくん,6,500,600,6,delay,0.3114,0.4931,97,3,8,いいえ,じょーカーくん / アレス暮らし / 大晦日のネギそば給仕少女 / ɚすぃとあろま？ / まそお姉ちゃん
1,246,em-c1bbe00e5d61,ジョンは時を知らない,48,4771,3493,0,attack_buff,0.3114,0.3264,99,1,7,いいえ,ジョンは時を知らない / ワロンマイナー輩先 / すわ子isGOD！ / 呼んでますトムさん / ハリウッドナナコ師匠
1,247,em-60119eda4c9c,猿田彦大先輩,80,7838,7157,5,attack_buff,0.3114,0.3125,99,1,4,いいえ,猿田彦大先輩 / さくらこさーん / 覚醒ニート / あろまちゃん / ハリウッドナナコ師匠
1,248,em-a4d82c09dd0f,魂入！とちぎソウル,7,565,1837,4,attack_buff,0.3113,0.4653,97,3,8,いいえ,魂入！とちぎソウル / ワロンマイナー輩先 / 大晦日のネギそば給仕少女 / 御嶽さん / ハリウッドナナコ師匠
1,249,em-583f38470462,さくらエビライダー,26,2414,2414,2,attribute_change,0.3113,0.4167,98,2,8,いいえ,さくらエビライダー / ワロンマイナー輩先 / 摩陀羅　潮真 / ＢＥＷ雪玉 / 白い悪魔の小町さん
1,250,em-410cc22d32bc,アロハる☆水島神人,16,3246,1887,2,attribute_change,0.3112,0.4306,95,5,8,いいえ,アロハる☆水島神人 / モチノ・ウオ丸 / すわ子isGOD！ / トキシッくんｵｯｽｵｯｽ / シミ
1,251,em-4fddbba71de4,大熊びぐべん,9,600,700,2,attack_buff,0.311,0.5,97,3,8,いいえ,大熊びぐべん / モチノ・ウオ丸 / 摩陀羅　潮真 / トキシッくんｵｯｽｵｯｽ / シミ
1,252,em-0984e8e9ee06,加賀のカブキ者,60,4430,6816,2,attack_buff,0.311,0.3264,100,0,7,いいえ,加賀のカブキ者 / ワロンマイナー輩先 / 欣喜ぴよ子 / ɚすぃとあろま？ / ハリウッドナナコ師匠
1,253,em-490281caead8,にくぁう羽子板・辰,36,3449,3449,0,attack_buff,0.3109,0.3542,95,5,8,いいえ,にくぁう羽子板・辰 / 伝説のビスカやん！ / すわ子isGOD！ / ɚすぃとあろま？ / シミ
1,254,em-874769710492,さふらんらん,8,1734,888,3,skill_reduction,0.3105,0.4514,98,2,8,いいえ,さふらんらん / ワロンマイナー輩先 / 大晦日のネギそば給仕少女 / 御嶽さん / ハリウッドナナコ師匠
1,255,em-c33cc8cd4298,ほたるんるんるん,12,1100,1600,2,attribute_change,0.3103,0.4583,87,13,8,いいえ,ほたるんるんるん / えかちぇたん / すわ子isGOD！ / ɚすぃとあろま？ / シミ
1,256,em-7a7f1cd12450,スオ面スナイパー,13,1132,1812,1,attack_buff,0.3103,0.4375,100,0,8,いいえ,スオ面スナイパー / ワロンマイナー輩先 / 摩陀羅　潮真 / 呼んでますトムさん / 御嶽さん
1,257,em-e7b02783dd94,梵天ちゃん,8,500,700,8,aoe_attack,0.3101,0.5069,95,5,8,いいえ,梵天ちゃん / モチノ・ウオ丸 / 摩陀羅　潮真 / ＢＥＷ雪玉 / シミ
1,258,em-05de078a2e7c,幼妻！エンゼルちゃん,22,1993,2913,3,heal,0.3097,0.4306,99,1,8,いいえ,幼妻！エンゼルちゃん / 夏至祭のヴァサクサ君 / 摩陀羅　潮真 / ＢＥＷ雪玉 / 白い悪魔の小町さん
1,259,em-4016fa16a6ca,Dr.&萌やﾁﾝｹﾞｰﾙ,14,773,2573,1,heal,0.3097,0.4236,81,19,8,いいえ,Dr.&萌やﾁﾝｹﾞｰﾙ / ワロンマイナー輩先 / 摩陀羅　潮真 / ɚすぃとあろま？ / まそお姉ちゃん
1,260,em-710becd5b772,雪女フェス祭カーニバル,54,7497,2556,6,attribute_guard,0.3097,0.375,99,1,7,いいえ,雪女フェス祭カーニバル / ワロンマイナー輩先 / 試作型おこしん / おたべ妖精 / TAGOのBOOTH
1,261,em-8561e29b5d2e,まんまんちゃん,12,1524,1682,3,attack_buff,0.3094,0.4583,100,0,8,いいえ,まんまんちゃん / ワロンマイナー輩先 / 大晦日のネギそば給仕少女 / むぅむぅ / ハリウッドナナコ師匠
1,262,em-4debcfcadf66,艶奴太夫,60,3919,5964,1,attribute_change,0.3093,0.3125,96,4,7,いいえ,艶奴太夫 / ワロンマイナー輩先 / トキシッくんｵｯｽｵｯｽ / リンゴルモア大王 / おたべ妖精
1,263,em-6c5a2955b199,ほぼネ甲ネイ・テウケ,26,3059,2737,2,attack_buff,0.3091,0.4028,98,2,8,いいえ,ほぼネ甲ネイ・テウケ / ワロンマイナー輩先 / 摩陀羅　潮真 / ＢＥＷ雪玉 / 白い悪魔の小町さん
1,264,em-2c2759ede728,?????,44,4771,2385,1,attack_buff,0.3091,0.3611,95,5,8,いいえ,????? / えかちぇたん / トキシッくんｵｯｽｵｯｽ / ɚすぃとあろま？ / ハリウッドナナコ師匠
1,265,em-2110fa48fdc1,グリンすマン・ﾌｨｰﾊﾞｰ!,22,1661,1736,5,delay,0.3082,0.4097,97,3,8,いいえ,グリンすマン・ﾌｨｰﾊﾞｰ! / ワロンマイナー輩先 / 試作型おこしん / むぅむぅ / 白い悪魔の小町さん
1,266,em-999d33621829,おたべ妖精,7,1272,1131,4,delay,0.3081,0.4444,97,3,8,いいえ,おたべ妖精 / ワロンマイナー輩先 / 大晦日のネギそば給仕少女 / 御嶽さん / ハリウッドナナコ師匠
1,267,em-0c67088a1447,わさわさ大根,11,2623,1184,6,delay,0.3081,0.4097,99,1,8,いいえ,わさわさ大根 / ワロンマイナー輩先 / 大晦日のネギそば給仕少女 / むぅむぅ / ハリウッドナナコ師匠
1,268,em-bc5f259cf576,まさか殿(微マジ),60,5453,6305,7,multi_hit_attack,0.3079,0.3542,100,0,7,いいえ,まさか殿(微マジ) / ワロンマイナー輩先 / 欣喜ぴよ子 / ɚすぃとあろま？ / ハリウッドナナコ師匠
1,269,em-4b24f34b41a1,レジェント・八郎ニキ,42,4941,852,1,multi_hit_attack,0.3078,0.4236,95,5,8,いいえ,レジェント・八郎ニキ / ワロンマイナー輩先 / 摩陀羅　潮真 / ＢＥＷ雪玉 / ハリウッドナナコ師匠
1,270,em-fa3191833d67,エヴァン,28,3381,2776,2,damage_reduction,0.3077,0.4028,100,0,8,いいえ,エヴァン / ワロンマイナー輩先 / 摩陀羅　潮真 / ＢＥＷ雪玉 / 白い悪魔の小町さん
1,271,em-0e45f68a7bc6,ツノザヤ君は腕ﾌﾘﾁｭｳ,27,34,2688,0,damage_reduction,0.3076,0.4167,97,3,8,いいえ,ツノザヤ君は腕ﾌﾘﾁｭｳ / ワロンマイナー輩先 / すわ子isGOD！ / 呼んでますトムさん / 白い悪魔の小町さん
1,272,em-7fafc017f6f6,水蛭子リターンズ,43,6816,3408,7,revive,0.3075,0.3681,99,1,8,いいえ,水蛭子リターンズ / 試作型おこしん / トマティーナ少佐 / 呼んでますトムさん / TAGOのBOOTH
1,273,em-7db55d8e78d1,やまなしーヌさん,6,400,500,6,skill_reduction,0.3071,0.4931,97,3,8,いいえ,やまなしーヌさん / アレス暮らし / 大晦日のネギそば給仕少女 / ɚすぃとあろま？ / まそお姉ちゃん
1,274,em-c547f488bc34,警告！クジラの尊,12,30,1410,1,attribute_change,0.3071,0.4653,87,13,8,いいえ,警告！クジラの尊 / えかちぇたん / すわ子isGOD！ / ɚすぃとあろま？ / シミ
1,275,em-826b6ae61786,スワン王,9,1229,1173,4,skill_reduction,0.3071,0.4444,99,1,8,いいえ,スワン王 / ワロンマイナー輩先 / 大晦日のネギそば給仕少女 / 御嶽さん / ハリウッドナナコ師匠
1,276,em-5a81e8231a65,宗像スリーピース,39,4601,4089,5,aoe_attack,0.3067,0.375,99,1,8,いいえ,宗像スリーピース / ワロンマイナー輩先 / 試作型おこしん / 呼んでますトムさん / 白い悪魔の小町さん
1,277,em-36ce9827163b,検非違使なけいび氏,28,6024,878,2,heal,0.3064,0.4097,96,4,8,いいえ,検非違使なけいび氏 / 伝説のビスカやん！ / 摩陀羅　潮真 / ＢＥＷ雪玉 / 白い悪魔の小町さん
1,278,em-83c97b8f4e6e,アルルのキャミー,40,4001,6236,4,heal,0.3063,0.3542,97,3,8,いいえ,アルルのキャミー / すわ子isGOD！ / ????? / ɚすぃとあろま？ / アグスティンさん
1,279,em-be212cb2b1d8,いはとさん,12,760,840,3,delay,0.3062,0.4722,100,0,8,いいえ,いはとさん / ワロンマイナー輩先 / 大晦日のネギそば給仕少女 / むぅむぅ / ハリウッドナナコ師匠
1,280,em-47c29240fd33,大晦日のネギそば給仕少女,40,3834,3834,2,guard,0.3062,0.3611,100,0,8,いいえ,大晦日のネギそば給仕少女 / ワロンマイナー輩先 / すわ子isGOD！ / ɚすぃとあろま？ / TAGOのBOOTH
1,281,em-96a3648b46e2,チョコ染めの安井さん,32,3646,4089,3,guard,0.3061,0.375,100,0,8,いいえ,チョコ染めの安井さん / ワロンマイナー輩先 / 試作型おこしん / むぅむぅ / TAGOのBOOTH
1,282,em-c4c6b3b17960,青コリくんは怒らない,24,2350,3834,0,damage_reduction,0.306,0.3472,100,0,8,いいえ,青コリくんは怒らない / ワロンマイナー輩先 / トマティーナ少佐 / 呼んでますトムさん / 御嶽さん
1,283,em-ceb860c3dbdd,美姫お市,60,5964,2556,0,attack_buff,0.3059,0.3056,100,0,7,いいえ,美姫お市 / ワロンマイナー輩先 / 欣喜ぴよ子 / ɚすぃとあろま？ / ハリウッドナナコ師匠
1,284,em-f5c067498bab,深窓のやまなしーヌ,17,1661,1812,3,skill_reduction,0.3057,0.4167,97,3,8,いいえ,深窓のやまなしーヌ / えかちぇたん / 摩陀羅　潮真 / ＢＥＷ雪玉 / シミ
1,285,em-7688ea925e5e,瑠璃ノ宮,27,3408,2726,1,damage_reduction,0.3056,0.375,97,3,8,いいえ,瑠璃ノ宮 / ワロンマイナー輩先 / すわ子isGOD！ / 呼んでますトムさん / 白い悪魔の小町さん
1,286,em-bbce42d72486,東がエデン,50,5112,5112,0,attribute_change,0.3054,0.2778,100,0,7,いいえ,東がエデン / ワロンマイナー輩先 / 試作型おこしん / ɚすぃとあろま？ / TAGOのBOOTH
1,287,em-4ea698949c11,侵略成功!?イカ翁,20,1131,1272,2,revive,0.3053,0.4653,94,6,7,いいえ,侵略成功!?イカ翁 / アレス暮らし / 摩陀羅　潮真 / ɚすぃとあろま？ / ネムりん
1,288,em-204ef16c9e26,カピ原雄さん,6,300,500,6,revive,0.3052,0.5069,100,0,8,いいえ,カピ原雄さん / モチノ・ウオ丸 / 摩陀羅　潮真 / むぅむぅ / ハリウッドナナコ師匠
1,289,em-294f61da0084,Ｃ・Ｃ☆電車姫,22,3741,1973,4,attack_buff,0.3052,0.4236,97,3,8,いいえ,Ｃ・Ｃ☆電車姫 / ワロンマイナー輩先 / 摩陀羅　潮真 / むぅむぅ / ハリウッドナナコ師匠
1,290,em-e6110f879f18,ユーコ隊,24,3408,2044,4,revive,0.3052,0.4236,100,0,8,いいえ,ユーコ隊 / モチノ・ウオ丸 / トマティーナ少佐 / みどりのたけしマン / ハリウッドナナコ師匠
1,291,em-8bc827a54303,勝斧・カンムーリ,15,2896,1704,1,attack_buff,0.305,0.4097,100,0,8,いいえ,勝斧・カンムーリ / えかちぇたん / トマティーナ少佐 / みどりのたけしマン / 鮫っ子！フカオちゃん
1,292,em-663696ccf728,夏の一次幹,22,3408,2215,2,attack_buff,0.3043,0.4028,95,5,8,いいえ,夏の一次幹 / モチノ・ウオ丸 / 超患部ぴよフェッサー / トキシッくんｵｯｽｵｯｽ / TAGOのBOOTH
1,293,em-83b1d87342f9,コン美なん吉先生,20,882,3381,4,revive,0.3039,0.4236,94,6,7,いいえ,コン美なん吉先生 / アレス暮らし / 摩陀羅　潮真 / ɚすぃとあろま？ / ネムりん
1,294,em-b7d1205bd3a7,すーぱーサイアン,60,5964,5964,12,attack_buff,0.3037,0.3472,100,0,7,いいえ,すーぱーサイアン / ワロンマイナー輩先 / 試作型おこしん / おたべ妖精 / アグスティンさん
1,295,em-e931902358ae,弘法大師Ｑ改,15,1359,1963,3,skill_reduction,0.3034,0.4097,93,7,8,いいえ,弘法大師Ｑ改 / モチノ・ウオ丸 / すわ子isGOD！ / ＢＥＷ雪玉 / シミ
1,296,em-d95aa4fb8de0,北海！白川だるま,45,4473,2556,1,attack_buff,0.3034,0.3542,100,0,8,いいえ,北海！白川だるま / ワロンマイナー輩先 / トマティーナ少佐 / 呼んでますトムさん / わさわさ大根
1,297,em-31758a7d7c63,ﾗｰｶﾞﾙﾌﾘｮｩﾄﾙﾑりん,47,5700,2292,3,damage_reduction,0.3033,0.375,100,0,8,いいえ,ﾗｰｶﾞﾙﾌﾘｮｩﾄﾙﾑりん / ワロンマイナー輩先 / トマティーナ少佐 / おたべ妖精 / TAGOのBOOTH
1,298,em-b97fa105ba34,うまうーさん♪,40,5793,3067,5,attribute_guard,0.3033,0.3681,100,0,8,いいえ,うまうーさん♪ / えかちぇたん / トキシッくんｵｯｽｵｯｽ / 呼んでますトムさん / わさわさ大根
1,299,em-a07828a97733,降臨！いつくしーみん,19,1761,3381,1,attack_buff,0.3032,0.3889,100,0,8,いいえ,降臨！いつくしーみん / ワロンマイナー輩先 / すわ子isGOD！ / 呼んでますトムさん / 八狗神伏姫様
1,300,em-cc5e3cfa7400,綺麗なソフィアさん,62,7157,1704,1,multi_hit_attack,0.3032,0.3403,100,0,7,いいえ,綺麗なソフィアさん / ワロンマイナー輩先 / 試作型おこしん / ɚすぃとあろま？ / ハリウッドナナコ師匠
1,301,em-199bdad6398b,なるティス,12,1000,900,3,attack_buff,0.303,0.4792,95,5,8,いいえ,なるティス / ばけごろう / 摩陀羅　潮真 / トキシッくんｵｯｽｵｯｽ / TAGOのBOOTH
1,302,em-52f594fdc52e,後楽園☆池田,43,5623,2896,1,attack_buff,0.3025,0.3403,100,0,8,いいえ,後楽園☆池田 / ワロンマイナー輩先 / トマティーナ少佐 / みどりのたけしマン / ハリウッドナナコ師匠
1,303,em-df28e035685e,ハル先輩,11,626,1096,5,heal,0.3024,0.4861,98,2,8,いいえ,ハル先輩 / えかちぇたん / 摩陀羅　潮真 / むぅむぅ / ハリウッドナナコ師匠
1,304,em-d76a5850c323,牛追いガウガウ,40,5964,1704,4,damage_reduction,0.3024,0.3889,100,0,8,いいえ,牛追いガウガウ / ワロンマイナー輩先 / 試作型おこしん / 呼んでますトムさん / 白い悪魔の小町さん
1,305,em-7f58743c664e,ポリミタス☆おかいこ,34,4771,3069,2,attribute_change,0.3024,0.3681,99,1,8,いいえ,ポリミタス☆おかいこ / ワロンマイナー輩先 / 摩陀羅　潮真 / ＢＥＷ雪玉 / TAGOのBOOTH
1,306,em-c88f65fb7899,グラディ瑛太,16,4653,423,3,delay,0.3021,0.4097,99,1,8,いいえ,グラディ瑛太 / ワロンマイナー輩先 / 摩陀羅　潮真 / 諏訪子成長期 / ハリウッドナナコ師匠
1,307,em-0352f52bd9a3,スワン様,6,500,480,5,skill_reduction,0.302,0.4861,97,3,8,いいえ,スワン様 / アレス暮らし / 大晦日のネギそば給仕少女 / ɚすぃとあろま？ / まそお姉ちゃん
1,308,em-4c03ad40dce9,源のゴライコー,75,7923,6390,4,attack_buff,0.302,0.2986,95,5,4,いいえ,源のゴライコー / フィッシャーマン / 覚醒ニート / ギャリーくん / しょーかくん
1,309,em-1eee6f61a8bd,キングな勝斧さん,31,4601,2726,1,attack_buff,0.3018,0.3472,99,1,8,いいえ,キングな勝斧さん / ワロンマイナー輩先 / トマティーナ少佐 / 呼んでますトムさん / 白い悪魔の小町さん
1,310,em-ca249600bce3,アレス暮らし,24,2737,1932,1,attack_buff,0.3015,0.4028,96,4,8,いいえ,アレス暮らし / ワロンマイナー輩先 / 摩陀羅　潮真 / ＢＥＷ雪玉 / 白い悪魔の小町さん
1,311,em-51bdb94ec3b1,熱ぅい！地獄雀,43,5964,3408,4,revive,0.3015,0.3542,96,4,8,いいえ,熱ぅい！地獄雀 / ワロンマイナー輩先 / 欣喜ぴよ子 / 生イカのアーニー / まそお姉ちゃん
1,312,em-9c344f264735,カロリスト・カル子,40,6999,2499,5,attribute_guard,0.3014,0.3681,100,0,8,いいえ,カロリスト・カル子 / ワロンマイナー輩先 / 試作型おこしん / 呼んでますトムさん / 白い悪魔の小町さん
1,313,em-84808a58aa1d,近江守鮒麿,11,764,640,5,heal,0.3012,0.4931,98,2,8,いいえ,近江守鮒麿 / えかちぇたん / 摩陀羅　潮真 / むぅむぅ / ハリウッドナナコ師匠
1,314,em-0f3dc5f343f5,?????,40,2954,3316,8,delay,0.3011,0.3472,100,0,8,いいえ,????? / ワロンマイナー輩先 / すわ子isGOD！ / ɚすぃとあろま？ / TAGOのBOOTH
1,315,em-57dce5f944a3,うらうらら,50,4260,6390,4,multi_hit_attack,0.3006,0.3403,100,0,7,いいえ,うらうらら / ワロンマイナー輩先 / 試作型おこしん / ɚすぃとあろま？ / TAGOのBOOTH
1,316,em-7a58e59098c4,森神ブーナッド,36,4941,3408,2,heal,0.3003,0.3542,99,1,8,いいえ,森神ブーナッド / えかちぇたん / すわ子isGOD！ / 呼んでますトムさん / ハリウッドナナコ師匠
1,317,em-89dedc914b10,ふーちゃん,8,1014,413,5,guard,0.3001,0.4931,100,0,8,いいえ,ふーちゃん / ナポレオーヌ一世 / 超患部ぴよフェッサー / むぅむぅ / まそお姉ちゃん
1,318,em-080293573ea5,ダヴィアさん,19,2567,1914,2,attack_buff,0.2998,0.4097,99,1,8,いいえ,ダヴィアさん / えかちぇたん / 摩陀羅　潮真 / ＢＥＷ雪玉 / シミ
1,319,em-490ce6c4d005,ア、ショーカ大王,45,3067,4601,3,multi_hit_attack,0.2998,0.3681,98,2,8,いいえ,ア、ショーカ大王 / ワロンマイナー輩先 / 摩陀羅　潮真 / ＢＥＷ雪玉 / ハリウッドナナコ師匠
1,320,em-a7fc49aa8c73,広報担当：アッシュ,37,5112,3748,2,attribute_guard,0.2998,0.3472,100,0,8,いいえ,広報担当：アッシュ / ワロンマイナー輩先 / すわ子isGOD！ / 呼んでますトムさん / TAGOのBOOTH
1,321,em-0af21062aa7c,ｻﾗﾏﾝﾀﾞｰ祝High気分,30,2898,2817,6,skill_reduction,0.2995,0.3611,100,0,8,いいえ,ｻﾗﾏﾝﾀﾞｰ祝High気分 / ワロンマイナー輩先 / すわ子isGOD！ / 呼んでますトムさん / 白い悪魔の小町さん
1,322,em-ad82a61bcc2a,ｺﾄﾖﾛ!巳ーちゃん様,55,6901,3451,4,damage_reduction,0.2994,0.3542,95,5,7,いいえ,ｺﾄﾖﾛ!巳ーちゃん様 / トマティーナ少佐 / 欣喜ぴよ子 / トキシッくんｵｯｽｵｯｽ / ハリウッドナナコ師匠
1,323,em-beaaa8c15744,カメハメハワイ大王,50,3059,5879,2,attack_buff,0.2993,0.3333,100,0,7,いいえ,カメハメハワイ大王 / ワロンマイナー輩先 / 試作型おこしん / ɚすぃとあろま？ / TAGOのBOOTH
1,324,em-7e5ff582788f,INする★パンドラ,28,3059,1932,6,attribute_guard,0.2992,0.4236,96,4,8,いいえ,INする★パンドラ / ワロンマイナー輩先 / 試作型おこしん / むぅむぅ / TAGOのBOOTH
1,325,em-fa2d14d3eb33,大天姿☆ぴよ子,46,7572,756,5,skill_reduction,0.2992,0.3472,100,0,7,いいえ,大天姿☆ぴよ子 / トマティーナ少佐 / トキシッくんｵｯｽｵｯｽ / ɚすぃとあろま？ / TAGOのBOOTH
1,326,em-bbda291d459c,漆黒及び純白のポワン,20,1704,2896,3,guard,0.2991,0.4167,98,2,8,いいえ,漆黒及び純白のポワン / ワロンマイナー輩先 / すわ子isGOD！ / 呼んでますトムさん / 御嶽さん
1,327,em-dfa3c95f9720,雪童雪愛たん,17,2495,2656,1,attribute_change,0.299,0.3819,97,3,8,いいえ,雪童雪愛たん / えかちぇたん / 摩陀羅　潮真 / ＢＥＷ雪玉 / シミ
1,328,em-af3decda6522,式部卿鮒麿,8,640,565,5,heal,0.2989,0.4931,95,5,8,いいえ,式部卿鮒麿 / えかちぇたん / 摩陀羅　潮真 / むぅむぅ / ハリウッドナナコ師匠
1,329,em-825d090d7d15,比保々田 真純,31,4601,3714,2,multi_hit_attack,0.2987,0.3472,95,5,8,いいえ,比保々田 真純 / 伝説のビスカやん！ / 摩陀羅　潮真 / ＢＥＷ雪玉 / シミ
1,330,em-4b8003f0f990,メル子さま,12,800,800,3,attack_buff,0.2986,0.4792,95,5,8,いいえ,メル子さま / ばけごろう / 摩陀羅　潮真 / トキシッくんｵｯｽｵｯｽ / TAGOのBOOTH
1,331,em-8421c50f30c7,しょーかさん,8,700,800,6,multi_hit_attack,0.2984,0.4861,92,8,8,いいえ,しょーかさん / えかちぇたん / 摩陀羅　潮真 / ɚすぃとあろま？ / シミ
1,332,em-8060e6a7ab61,戸隠ちび丸,4,150,700,3,attack_buff,0.2984,0.4861,98,2,8,いいえ,戸隠ちび丸 / モチノ・ウオ丸 / 超患部ぴよフェッサー / みどりのたけしマン / 白い悪魔の小町さん
1,333,em-f346c1f4c45d,八狗神伏姫様,35,5538,2130,4,guard,0.2984,0.3819,98,2,8,いいえ,八狗神伏姫様 / ワロンマイナー輩先 / すわ子isGOD！ / 呼んでますトムさん / TAGOのBOOTH
1,334,em-1a3ab3b1acf7,聖☆いんてぃないか,19,2817,2334,4,aoe_attack,0.298,0.4167,100,0,8,いいえ,聖☆いんてぃないか / ワロンマイナー輩先 / すわ子isGOD！ / 呼んでますトムさん / 八狗神伏姫様
1,335,em-3c1078996c9c,めい子のNEW DAY,25,2760,2862,4,attribute_guard,0.2976,0.4028,100,0,8,いいえ,めい子のNEW DAY / ワロンマイナー輩先 / 試作型おこしん / むぅむぅ / 白い悪魔の小町さん
1,336,em-b7b738711fb0,ちくわサンド,23,2817,2656,2,attack_buff,0.2976,0.3889,95,5,8,いいえ,ちくわサンド / ワロンマイナー輩先 / 摩陀羅　潮真 / ＢＥＷ雪玉 / 白い悪魔の小町さん
1,337,em-42016d3a2172,織田フィナーレ,42,2556,5964,5,multi_hit_attack,0.2976,0.3681,95,5,8,いいえ,織田フィナーレ / ワロンマイナー輩先 / 摩陀羅　潮真 / ＢＥＷ雪玉 / ハリウッドナナコ師匠
1,338,em-f0bd2d18332e,Woo怪さん,8,600,700,6,multi_hit_attack,0.2975,0.4861,92,8,8,いいえ,Woo怪さん / えかちぇたん / 摩陀羅　潮真 / ɚすぃとあろま？ / シミ
1,339,em-f9383e2e4919,ユハンヌスのサウナー,42,5231,3067,3,damage_reduction,0.2975,0.3542,100,0,8,いいえ,ユハンヌスのサウナー / ワロンマイナー輩先 / トマティーナ少佐 / ɚすぃとあろま？ / TAGOのBOOTH
1,340,em-4dc27428f645,よりりんＫ林スタイル,24,2576,2576,2,attribute_change,0.2974,0.4028,96,4,8,いいえ,よりりんＫ林スタイル / ワロンマイナー輩先 / 摩陀羅　潮真 / ＢＥＷ雪玉 / 白い悪魔の小町さん
1,341,em-c2dc184a86c0,爆誕！さくどん,45,3408,4260,9,delay,0.2974,0.3056,98,2,8,いいえ,爆誕！さくどん / ワロンマイナー輩先 / 試作型おこしん / 呼んでますトムさん / TAGOのBOOTH
1,342,em-e501cdcbd254,サタデーナイト郡上２,9,600,700,6,aoe_attack,0.2973,0.4861,93,7,8,いいえ,サタデーナイト郡上２ / えかちぇたん / 摩陀羅　潮真 / ɚすぃとあろま？ / シミ
1,343,em-52de8bb54262,ボビンちゃん,33,3748,4771,3,damage_reduction,0.2973,0.3472,100,0,8,いいえ,ボビンちゃん / えかちぇたん / 超患部ぴよフェッサー / みさきパイセン / ハリウッドナナコ師匠
1,344,em-6cbfcc23cd10,発光大王ほたるーニャ,9,1057,1198,3,attribute_change,0.2972,0.4583,99,1,8,いいえ,発光大王ほたるーニャ / ワロンマイナー輩先 / 大晦日のネギそば給仕少女 / 御嶽さん / ハリウッドナナコ師匠
1,345,em-5275d879d803,ｻｲｯｺくたにん,12,800,1000,2,attribute_change,0.2971,0.4653,100,0,8,いいえ,ｻｲｯｺくたにん / ワロンマイナー輩先 / 大晦日のネギそば給仕少女 / むぅむぅ / ハリウッドナナコ師匠
1,346,em-615e4701fc7f,華麗！いつくしーみん,12,660,1040,2,attack_buff,0.297,0.4653,100,0,8,いいえ,華麗！いつくしーみん / ワロンマイナー輩先 / 大晦日のネギそば給仕少女 / むぅむぅ / ハリウッドナナコ師匠
1,347,em-24d2ab142253,アグスティンさん,12,2869,1359,5,multi_hit_attack,0.297,0.4306,100,0,8,いいえ,アグスティンさん / ワロンマイナー輩先 / 大晦日のネギそば給仕少女 / むぅむぅ / ハリウッドナナコ師匠
1,348,em-07a788dc89b4,シャボテン丸,11,400,600,6,revive,0.2969,0.4931,98,2,8,いいえ,シャボテン丸 / えかちぇたん / 摩陀羅　潮真 / むぅむぅ / ハリウッドナナコ師匠
1,349,em-a6927eca01fa,すわ子ちゃん,8,500,800,6,multi_hit_attack,0.2968,0.4861,92,8,8,いいえ,すわ子ちゃん / えかちぇたん / 摩陀羅　潮真 / ɚすぃとあろま？ / シミ
1,350,em-fc61ebfabf67,(Ｕ^ω^)亭馬琴,20,2576,644,0,guard,0.2967,0.4375,95,5,8,いいえ,(Ｕ^ω^)亭馬琴 / モチノ・ウオ丸 / 夜光虫ほたるん / ɚすぃとあろま？ / TAGOのBOOTH
1,351,em-67086191a83f,マダラなシオマネキ君,27,5490,1059,2,attribute_guard,0.2966,0.4028,97,3,8,いいえ,マダラなシオマネキ君 / ワロンマイナー輩先 / すわ子isGOD！ / 呼んでますトムさん / 白い悪魔の小町さん
1,352,em-f8d808926639,吉野スライミング,8,690,390,5,guard,0.2965,0.4931,100,0,8,いいえ,吉野スライミング / ナポレオーヌ一世 / 超患部ぴよフェッサー / むぅむぅ / まそお姉ちゃん
1,353,em-0add6b5a96ff,朦朧ボディマンα,9,300,1000,10,multi_hit_attack,0.2964,0.4861,93,7,8,いいえ,朦朧ボディマンα / えかちぇたん / 摩陀羅　潮真 / ɚすぃとあろま？ / シミ
1,354,em-00734b7bf0e4,アパカ☆アイガー師匠,16,1551,2733,1,attack_buff,0.2964,0.3958,97,3,8,いいえ,アパカ☆アイガー師匠 / ワロンマイナー輩先 / すわ子isGOD！ / 呼んでますトムさん / 八狗神伏姫様
1,355,em-75717188c18a,あ、しょーか大先生,13,1812,1963,4,multi_hit_attack,0.2963,0.4306,100,0,8,いいえ,あ、しょーか大先生 / ワロンマイナー輩先 / 摩陀羅　潮真 / 呼んでますトムさん / 御嶽さん
1,356,em-ff5dd5331817,デメ子ちゃん,18,1704,3067,2,attribute_change,0.296,0.3958,98,2,8,いいえ,デメ子ちゃん / えかちぇたん / 摩陀羅　潮真 / ＢＥＷ雪玉 / シミ
1,357,em-afce812f791d,めい子のMAY DAY,35,4123,4226,4,attribute_guard,0.296,0.3611,99,1,8,いいえ,めい子のMAY DAY / 試作型おこしん / トキシッくんｵｯｽｵｯｽ / むぅむぅ / TAGOのBOOTH
1,358,em-2d179e9f0835,ﾇｯと出る☆ウイス君,36,5354,2486,2,attack_buff,0.296,0.3542,96,4,8,いいえ,ﾇｯと出る☆ウイス君 / ワロンマイナー輩先 / 試作型おこしん / 呼んでますトムさん / 白い悪魔の小町さん
1,359,em-05476daa6b31,だんじり鉄砲隊,26,805,3599,4,attack_buff,0.2959,0.4167,96,4,8,いいえ,だんじり鉄砲隊 / ワロンマイナー輩先 / すわ子isGOD！ / 呼んでますトムさん / 白い悪魔の小町さん
1,360,em-94a55ee81090,瑠璃の君,27,3067,2453,1,damage_reduction,0.2959,0.375,97,3,8,いいえ,瑠璃の君 / ワロンマイナー輩先 / すわ子isGOD！ / 呼んでますトムさん / 白い悪魔の小町さん
1,361,em-a33630899eb2,河口本栖子,18,1200,1500,6,delay,0.2958,0.4236,98,2,8,いいえ,河口本栖子 / えかちぇたん / 摩陀羅　潮真 / ＢＥＷ雪玉 / シミ
1,362,em-bbff6b354f45,くうかいさん,12,700,1100,4,skill_reduction,0.2956,0.4444,100,0,8,いいえ,くうかいさん / ワロンマイナー輩先 / 大晦日のネギそば給仕少女 / むぅむぅ / ハリウッドナナコ師匠
1,363,em-ccfeb40e6439,更にThe★Youなリバ子,50,1509,5770,0,heal,0.2956,0.3194,94,6,7,いいえ,更にThe★Youなリバ子 / ワロンマイナー輩先 / 夜光虫ほたるん / ＢＥＷ雪玉 / 実はこんにゃくちゃん
1,364,em-39a55990bbc4,願え！クルスさん,11,800,800,1,attribute_change,0.2955,0.4653,99,1,8,いいえ,願え！クルスさん / ワロンマイナー輩先 / 大晦日のネギそば給仕少女 / むぅむぅ / ハリウッドナナコ師匠
1,365,em-d5d58dc5e468,子供神・わらしちゃん,7,565,1131,4,delay,0.2955,0.4375,97,3,8,いいえ,子供神・わらしちゃん / ワロンマイナー輩先 / 大晦日のネギそば給仕少女 / 御嶽さん / ハリウッドナナコ師匠
1,366,em-144424b04d69,あろまさん,5,450,650,4,revive,0.2949,0.4792,93,7,8,いいえ,あろまさん / えかちぇたん / トマティーナ少佐 / みどりのたけしマン / 白い悪魔の小町さん
1,367,em-dd5697e42ab7,まお先輩,9,600,850,5,skill_reduction,0.2947,0.4514,92,8,8,いいえ,まお先輩 / モチノ・ウオ丸 / トマティーナ少佐 / むぅむぅ / ハリウッドナナコ師匠
1,368,em-10c2721383dd,京子☆リフレッシュ,23,2035,3239,5,damage_reduction,0.2947,0.4028,97,3,8,いいえ,京子☆リフレッシュ / 試作型おこしん / トマティーナ少佐 / むぅむぅ / シミ
1,369,em-f35caa7e177a,モンポスさん,40,5112,2556,4,damage_reduction,0.2947,0.3681,100,0,8,いいえ,モンポスさん / えかちぇたん / トキシッくんｵｯｽｵｯｽ / 呼んでますトムさん / わさわさ大根
1,370,em-cc181917eaeb,無双中な宗茂さん,60,6405,4941,2,aoe_attack,0.2947,0.2986,100,0,7,いいえ,無双中な宗茂さん / ワロンマイナー輩先 / 欣喜ぴよ子 / ɚすぃとあろま？ / ハリウッドナナコ師匠
1,371,em-2f152df51cdc,エトナさん,50,5673,1704,1,aoe_attack,0.2943,0.3611,100,0,7,いいえ,エトナさん / ワロンマイナー輩先 / 試作型おこしん / ɚすぃとあろま？ / TAGOのBOOTH
1,372,em-405a608fae19,大内さん,7,702,702,5,heal,0.294,0.4792,94,6,8,いいえ,大内さん / えかちぇたん / 摩陀羅　潮真 / むぅむぅ / ハリウッドナナコ師匠
1,373,em-4d4bf14cc827,いはと先輩,15,1000,1400,3,delay,0.294,0.4236,93,7,8,いいえ,いはと先輩 / モチノ・ウオ丸 / すわ子isGOD！ / ＢＥＷ雪玉 / シミ
1,374,em-7aeb7561c788,ににぎのミコト,50,4941,3748,5,attack_buff,0.2938,0.3611,99,1,7,いいえ,ににぎのミコト / ワロンマイナー輩先 / トマティーナ少佐 / 呼んでますトムさん / ハリウッドナナコ師匠
1,375,em-5a047ed41d97,KJの少女Hi児,48,4941,3919,5,multi_hit_attack,0.2936,0.3611,99,1,7,いいえ,KJの少女Hi児 / ワロンマイナー輩先 / すわ子isGOD！ / 呼んでますトムさん / ハリウッドナナコ師匠
1,376,em-20df4bd7efaf,白鷺嬢,8,800,420,3,heal,0.2935,0.4861,95,5,8,いいえ,白鷺嬢 / えかちぇたん / 摩陀羅　潮真 / むぅむぅ / ハリウッドナナコ師匠
1,377,em-68afa2dec462,みどりのたけしマン,23,2592,2432,3,damage_reduction,0.2935,0.3958,97,3,8,いいえ,みどりのたけしマン / 試作型おこしん / トマティーナ少佐 / むぅむぅ / シミ
1,378,em-3740a2113341,ぴぐぺん選手,22,950,3220,0,attribute_guard,0.2934,0.3611,97,3,8,いいえ,ぴぐぺん選手 / ワロンマイナー輩先 / 試作型おこしん / むぅむぅ / 白い悪魔の小町さん
1,379,em-b2125332555b,呵々Doの閑雅・ルー,85,9883,4771,5,guard,0.2933,0.2917,100,0,4,いいえ,呵々Doの閑雅・ルー / フィッシャーマン / 王国民ゴロウ / ズースくん / コニーちゃん
1,380,em-419c23e0ec81,新生☆ＢＴ５!!,35,3287,3615,3,damage_reduction,0.2932,0.375,99,1,8,いいえ,新生☆ＢＴ５!! / ワロンマイナー輩先 / トマティーナ少佐 / むぅむぅ / ハリウッドナナコ師匠
1,381,em-aefb52be8eca,半間鮫子,52,3411,6823,2,multi_hit_attack,0.2932,0.3125,100,0,7,いいえ,半間鮫子 / ワロンマイナー輩先 / 試作型おこしん / 呼んでますトムさん / 速いぞサラマンダー！
1,382,em-942c8f8de44d,エンゼルちゃん,22,1772,2590,3,heal,0.293,0.4167,99,1,8,いいえ,エンゼルちゃん / 夏至祭のヴァサクサ君 / 摩陀羅　潮真 / ＢＥＷ雪玉 / 白い悪魔の小町さん
1,383,em-5a3998126178,TAGOのBOOTH,17,2896,2385,6,multi_hit_attack,0.293,0.4028,98,2,8,いいえ,TAGOのBOOTH / ワロンマイナー輩先 / すわ子isGOD！ / 呼んでますトムさん / 八狗神伏姫様
1,384,em-fe9fc4184474,聖えぇじゃないか,17,2817,2334,4,aoe_attack,0.2929,0.4028,98,2,8,いいえ,聖えぇじゃないか / ワロンマイナー輩先 / すわ子isGOD！ / 呼んでますトムさん / 八狗神伏姫様
1,385,em-1749aff71419,ミシャグジさまさま,60,6986,3578,2,attack_buff,0.2929,0.3056,96,4,7,いいえ,ミシャグジさまさま / ワロンマイナー輩先 / 欣喜ぴよ子 / ＢＥＷ雪玉 / ハリウッドナナコ師匠
1,386,em-794f6427298a,さいごー丼,8,830,476,3,attribute_guard,0.2928,0.4792,100,0,8,いいえ,さいごー丼 / ナポレオーヌ一世 / 超患部ぴよフェッサー / むぅむぅ / まそお姉ちゃん
1,387,em-95a2dbeaf4ea,神使！ナモミさま,18,805,4025,2,attack_buff,0.2928,0.3819,93,7,8,いいえ,神使！ナモミさま / ワロンマイナー輩先 / 摩陀羅　潮真 / むぅむぅ / ハリウッドナナコ師匠
1,388,em-124d2df2b85e,ディオクレ君,23,2416,1449,4,skill_reduction,0.2927,0.4028,95,5,8,いいえ,ディオクレ君 / ワロンマイナー輩先 / 摩陀羅　潮真 / ＢＥＷ雪玉 / 白い悪魔の小町さん
1,389,em-f13a3baa139d,伝説のビスカやん！,9,1893,1241,2,skill_reduction,0.2927,0.3958,92,8,8,いいえ,伝説のビスカやん！ / モチノ・ウオ丸 / トマティーナ少佐 / むぅむぅ / ハリウッドナナコ師匠
1,390,em-32f3aa536bcf,境地！絶海のあん子,7,502,488,4,heal,0.2923,0.4861,94,6,8,いいえ,境地！絶海のあん子 / えかちぇたん / 摩陀羅　潮真 / むぅむぅ / ハリウッドナナコ師匠
1,391,em-f13588602944,生イカのアーニー,15,3220,1610,4,attack_buff,0.2923,0.4097,100,0,8,いいえ,生イカのアーニー / えかちぇたん / トマティーナ少佐 / みどりのたけしマン / 鮫っ子！フカオちゃん
1,392,em-a2165d67f8cb,こんぴらくん,12,900,900,7,delay,0.2922,0.4444,87,13,8,いいえ,こんぴらくん / えかちぇたん / すわ子isGOD！ / ɚすぃとあろま？ / シミ
1,393,em-050f0ee87c24,妖精雪愛さん,12,770,830,2,attribute_change,0.292,0.4653,100,0,8,いいえ,妖精雪愛さん / ワロンマイナー輩先 / 大晦日のネギそば給仕少女 / むぅむぅ / ハリウッドナナコ師匠
1,394,em-5e6cf1fe4c4c,まそお姉ちゃん,15,2898,3059,5,attack_buff,0.292,0.3958,100,0,8,いいえ,まそお姉ちゃん / 伝説のビスカやん！ / 田島の春 / ɚすぃとあろま？ / シミ
1,395,em-898fce321115,にゅー師匠,22,1610,4186,1,guard,0.2918,0.3542,93,7,8,いいえ,にゅー師匠 / モチノ・ウオ丸 / 超患部ぴよフェッサー / トキシッくんｵｯｽｵｯｽ / まそお姉ちゃん
1,396,em-97272e288cf7,ホークくん,6,500,750,1,attribute_guard,0.2916,0.4653,100,0,8,いいえ,ホークくん / モチノ・ウオ丸 / 超患部ぴよフェッサー / みどりのたけしマン / 白い悪魔の小町さん
1,397,em-b16382731bd5,華燭なカネヒラさん,60,5793,4771,2,attribute_change,0.2915,0.2986,100,0,7,いいえ,華燭なカネヒラさん / ワロンマイナー輩先 / 試作型おこしん / おたべ妖精 / アグスティンさん
1,398,em-a91eca479689,嗚呼ヴァサクサ君,10,1880,374,2,skill_reduction,0.2913,0.4514,93,7,8,いいえ,嗚呼ヴァサクサ君 / モチノ・ウオ丸 / 摩陀羅　潮真 / トキシッくんｵｯｽｵｯｽ / まそお姉ちゃん
1,399,em-f76821f7daba,スライディング・ケベック,18,2532,1993,1,attack_buff,0.2913,0.3889,98,2,8,いいえ,スライディング・ケベック / えかちぇたん / 摩陀羅　潮真 / ＢＥＷ雪玉 / シミ
1,400,em-fc0a4778a432,リチャード・リターンズ,23,2576,3220,5,aoe_attack,0.2912,0.3958,96,4,8,いいえ,リチャード・リターンズ / 夏至祭のヴァサクサ君 / 摩陀羅　潮真 / ＢＥＷ雪玉 / シミ
1,401,em-902df874fa74,でらマジカ,6,650,700,3,attribute_guard,0.291,0.4722,100,0,8,いいえ,でらマジカ / モチノ・ウオ丸 / 超患部ぴよフェッサー / みどりのたけしマン / 白い悪魔の小町さん
1,402,em-40c34074cbb0,おかいこさま,17,2756,2511,4,attribute_change,0.2909,0.3958,100,0,8,いいえ,おかいこさま / ワロンマイナー輩先 / 摩陀羅　潮真 / 諏訪子成長期 / ハリウッドナナコ師匠
1,403,em-469fc4e70bad,エヴァンジェ・凛,48,5091,3428,5,heal,0.2908,0.3542,95,5,8,いいえ,エヴァンジェ・凛 / ワロンマイナー輩先 / 夜光虫ほたるん / ＢＥＷ雪玉 / アグスティンさん
1,404,em-6de5eba89049,天孫降臨ににぎくん,25,2334,2817,5,attack_buff,0.2907,0.4028,97,3,8,いいえ,天孫降臨ににぎくん / ワロンマイナー輩先 / 摩陀羅　潮真 / ＢＥＷ雪玉 / 白い悪魔の小町さん
1,405,em-bbcd19672515,ＭＲ凜子様,13,1699,1699,4,attack_buff,0.2906,0.4306,100,0,8,いいえ,ＭＲ凜子様 / ワロンマイナー輩先 / 摩陀羅　潮真 / 呼んでますトムさん / 御嶽さん
1,406,em-4b386c59ef08,キマシ塔の温泉娘,20,1245,2781,5,attack_buff,0.2906,0.4236,100,0,8,いいえ,キマシ塔の温泉娘 / えかちぇたん / 摩陀羅　潮真 / ＢＥＷ雪玉 / シミ
1,407,em-9d861b51bd30,波乗りキング,18,776,2582,3,attack_buff,0.2903,0.4167,98,2,8,いいえ,波乗りキング / えかちぇたん / 摩陀羅　潮真 / ＢＥＷ雪玉 / シミ
1,408,em-a93e62a47cbd,ホレズ先生,25,3494,3043,6,revive,0.2901,0.3819,96,4,8,いいえ,ホレズ先生 / アレス暮らし / 摩陀羅　潮真 / ＢＥＷ雪玉 / ハンザギルドさん
1,409,em-bb16895fa31d,ハルキさんとゲニアさん,26,3074,813,6,delay,0.2899,0.4097,98,2,8,いいえ,ハルキさんとゲニアさん / ワロンマイナー輩先 / 摩陀羅　潮真 / ＢＥＷ雪玉 / 白い悪魔の小町さん
1,410,em-33efacdd0b0b,ににぎ先輩,18,1100,1300,5,attack_buff,0.2898,0.4444,94,6,8,いいえ,ににぎ先輩 / えかちぇたん / トマティーナ少佐 / むぅむぅ / ハリウッドナナコ師匠
1,411,em-3e2d46063b3e,なっとくん様,70,8026,4618,1,skill_reduction,0.2897,0.2083,98,2,5,いいえ,なっとくん様 / 総統エビユルゲ / ＢＥＷ雪玉 / リンゴルモア大王 / おたべ妖精
1,412,em-46432847d531,ＢＥＷ雪玉,8,2538,705,3,attack_buff,0.2896,0.4375,98,2,8,いいえ,ＢＥＷ雪玉 / ワロンマイナー輩先 / 大晦日のネギそば給仕少女 / 御嶽さん / ハリウッドナナコ師匠
1,413,em-ec52e54bb473,ﾀｰｷｰﾃﾞ-なじとっこ君,10,706,2403,4,attack_buff,0.2895,0.4236,100,0,8,いいえ,ﾀｰｷｰﾃﾞ-なじとっこ君 / ワロンマイナー輩先 / 大晦日のネギそば給仕少女 / 御嶽さん / ハリウッドナナコ師匠
1,414,em-8f7b014ebd06,すわ子isGOD！,18,2254,2737,2,multi_hit_attack,0.2894,0.3819,93,7,8,いいえ,すわ子isGOD！ / ワロンマイナー輩先 / 摩陀羅　潮真 / むぅむぅ / ハリウッドナナコ師匠
1,415,em-96c4c1bf7f87,畳リーゼントの御頭,40,4345,4345,2,attack_buff,0.2894,0.3264,97,3,8,いいえ,畳リーゼントの御頭 / ワロンマイナー輩先 / トマティーナ少佐 / みどりのたけしマン / ハリウッドナナコ師匠
1,416,em-8d766096773e,おんじとゆかいな子供達,36,5316,1704,1,damage_reduction,0.2892,0.3611,99,1,8,いいえ,おんじとゆかいな子供達 / ワロンマイナー輩先 / すわ子isGOD！ / 呼んでますトムさん / TAGOのBOOTH
1,417,em-076a0181e290,夏の海の天の川伝説,77,9372,5623,6,heal,0.2892,0.2847,100,0,4,いいえ,夏の海の天の川伝説 / かつお☆カーニバル / 覚醒ニート / ギャリーくん / ハリウッドナナコ師匠
1,418,em-1dbd8ae5b939,国宝！白鷺嬢,12,1200,500,3,heal,0.2891,0.4722,99,1,8,いいえ,国宝！白鷺嬢 / えかちぇたん / 摩陀羅　潮真 / むぅむぅ / ハリウッドナナコ師匠
1,419,em-5088462f1ee9,日本一の桃たろす,45,4260,5964,2,attribute_change,0.2888,0.2986,98,2,8,いいえ,日本一の桃たろす / ワロンマイナー輩先 / 試作型おこしん / 呼んでますトムさん / TAGOのBOOTH
1,420,em-6437dd94e076,河口西子,15,900,1300,6,delay,0.2887,0.4236,93,7,8,いいえ,河口西子 / モチノ・ウオ丸 / すわ子isGOD！ / ＢＥＷ雪玉 / シミ
1,421,em-4805525cb8a4,ｴﾝｾﾞﾘｯｸ☆エンゼル,60,6816,4771,3,heal,0.2886,0.3056,100,0,7,いいえ,ｴﾝｾﾞﾘｯｸ☆エンゼル / トマティーナ少佐 / 試作型おこしん / おたべ妖精 / 実はこんにゃくちゃん
1,422,em-6722337c6d78,雨降る倉敷のみかん姐,15,2718,1963,4,aoe_attack,0.2885,0.4167,100,0,8,いいえ,雨降る倉敷のみかん姐 / モチノ・ウオ丸 / 超患部ぴよフェッサー / みどりのたけしマン / まそお姉ちゃん
1,423,em-25fed9fde1ce,かっさーWoo！,16,1131,2403,4,attack_buff,0.2884,0.4236,97,3,8,いいえ,かっさーWoo！ / ワロンマイナー輩先 / すわ子isGOD！ / 呼んでますトムさん / 八狗神伏姫様
1,424,em-a6fe320c7afa,戸隠忍者はハント中,31,937,5027,1,attack_buff,0.2884,0.3472,97,3,8,いいえ,戸隠忍者はハント中 / えかちぇたん / 摩陀羅　潮真 / トキシッくんｵｯｽｵｯｽ / ハリウッドナナコ師匠
1,425,em-773b001a1189,おづぬ様,60,4260,6816,5,attack_buff,0.2881,0.3264,100,0,7,いいえ,おづぬ様 / ワロンマイナー輩先 / 試作型おこしん / おたべ妖精 / アグスティンさん
1,426,em-d80a2b82ab9f,ブーナッドちゃん,8,1200,200,3,heal,0.2879,0.4861,95,5,8,いいえ,ブーナッドちゃん / えかちぇたん / 摩陀羅　潮真 / むぅむぅ / ハリウッドナナコ師匠
1,427,em-b50530766df4,夏の妖精白良さん,19,1699,1699,4,attack_buff,0.2879,0.4306,99,1,8,いいえ,夏の妖精白良さん / えかちぇたん / 摩陀羅　潮真 / ＢＥＷ雪玉 / シミ
1,428,em-1d5e8b5832c0,続・いぬやマン,12,400,400,7,attack_buff,0.2878,0.4861,95,5,8,いいえ,続・いぬやマン / ばけごろう / 摩陀羅　潮真 / トキシッくんｵｯｽｵｯｽ / TAGOのBOOTH
1,429,em-c5dbda5d8d5b,湘南パボーイ,12,318,911,4,attack_buff,0.2878,0.4653,95,5,8,いいえ,湘南パボーイ / ばけごろう / 摩陀羅　潮真 / トキシッくんｵｯｽｵｯｽ / TAGOのBOOTH
1,430,em-4b42211e8e80,ナモミさん,12,200,1200,2,attack_buff,0.2878,0.4514,100,0,8,いいえ,ナモミさん / ワロンマイナー輩先 / 大晦日のネギそば給仕少女 / むぅむぅ / ハリウッドナナコ師匠
1,431,em-3b878e796aba,なまず仙人,35,4941,1618,4,damage_reduction,0.2877,0.3819,99,1,8,いいえ,なまず仙人 / 試作型おこしん / トキシッくんｵｯｽｵｯｽ / むぅむぅ / TAGOのBOOTH
1,432,em-c2219f10d4e0,青コリくん,16,1533,2556,0,damage_reduction,0.2876,0.3611,93,7,8,いいえ,青コリくん / 伝説のビスカやん！ / すわ子isGOD！ / むぅむぅ / シミ
1,433,em-fd155a3410b2,鯰坊主と子供たち,45,5793,2130,3,damage_reduction,0.2876,0.3542,100,0,8,いいえ,鯰坊主と子供たち / ワロンマイナー輩先 / トマティーナ少佐 / 呼んでますトムさん / わさわさ大根
1,434,em-306ef0a3ce60,大納言鮒麿,14,1812,1548,4,heal,0.2872,0.4236,81,19,8,いいえ,大納言鮒麿 / ワロンマイナー輩先 / 摩陀羅　潮真 / ɚすぃとあろま？ / まそお姉ちゃん
1,435,em-d25a7727f654,プラハ嬢,32,1482,4991,4,damage_reduction,0.2871,0.3681,100,0,8,いいえ,プラハ嬢 / ワロンマイナー輩先 / 試作型おこしん / むぅむぅ / TAGOのBOOTH
1,436,em-ecc88d69f40d,恋愛成就☆どうしん様,25,2649,2504,1,heal,0.2868,0.3611,96,4,8,いいえ,恋愛成就☆どうしん様 / アレス暮らし / 摩陀羅　潮真 / ＢＥＷ雪玉 / ハンザギルドさん
1,437,em-54cb13a72721,不思議の海のモヅルン,60,6475,4941,3,attribute_guard,0.2866,0.2986,100,0,7,いいえ,不思議の海のモヅルン / ワロンマイナー輩先 / 試作型おこしん / ＢＥＷ雪玉 / ネムりん
1,438,em-1eb5e932843b,ダンブッラの蘭,38,5112,3578,2,damage_reduction,0.2865,0.3264,99,1,8,いいえ,ダンブッラの蘭 / ワロンマイナー輩先 / トマティーナ少佐 / 呼んでますトムさん / TAGOのBOOTH
1,439,em-4299af9bd2dc,皐月むりょく,4,614,614,6,skill_reduction,0.2864,0.4514,87,13,8,いいえ,皐月むりょく / えかちぇたん / 摩陀羅　潮真 / 呼んでますトムさん / 眠里　不可緒
1,440,em-d05fca3e00df,ほたるん,6,700,1000,3,attribute_change,0.2864,0.4514,96,4,8,いいえ,ほたるん / ワロンマイナー輩先 / 大晦日のネギそば給仕少女 / 御嶽さん / ハリウッドナナコ師匠
1,441,em-ba3e87e06882,ぴよ子ファーザー,20,357,3577,4,attack_buff,0.2864,0.4028,99,1,8,いいえ,ぴよ子ファーザー / ワロンマイナー輩先 / トマティーナ少佐 / 呼んでますトムさん / 八狗神伏姫様
1,442,em-4533a7697d48,謀反人ミッツ,60,6645,4430,3,damage_reduction,0.2864,0.3056,100,0,7,いいえ,謀反人ミッツ / ワロンマイナー輩先 / 試作型おこしん / ＢＥＷ雪玉 / ネムりん
1,443,em-4e3940289203,スーパー軍師兵衛ズ,60,7838,2385,3,skill_reduction,0.2864,0.2708,100,0,6,いいえ,スーパー軍師兵衛ズ / 試作型おこしん / すわ子isGOD！ / トキシッくんｵｯｽｵｯｽ / ハリウッドナナコ師匠
1,444,em-aae1801458f8,ɚすぃとあろま？,12,3748,681,3,guard,0.2861,0.4167,100,0,8,いいえ,ɚすぃとあろま？ / モチノ・ウオ丸 / サルパちゃん / ＢＥＷ雪玉 / シミ
1,445,em-9c9f188ea0a8,やる気勢ナルテュール,56,1704,7838,6,attack_buff,0.2861,0.3472,99,1,8,いいえ,やる気勢ナルテュール / ワロンマイナー輩先 / 欣喜ぴよ子 / ＢＥＷ雪玉 / アグスティンさん
1,446,em-0d449e302187,水神ヨッカブイ先生,54,3714,5418,5,damage_reduction,0.2861,0.3403,100,0,7,いいえ,水神ヨッカブイ先生 / ワロンマイナー輩先 / トマティーナ少佐 / ɚすぃとあろま？ / ハリウッドナナコ師匠
1,447,em-671838a10625,皐月ニート,4,614,614,6,skill_reduction,0.2859,0.4514,87,13,8,いいえ,皐月ニート / えかちぇたん / 摩陀羅　潮真 / 呼んでますトムさん / 眠里　不可緒
1,448,em-4e2a71a8e1a6,ハチモドキアブ,55,5623,6100,2,revive,0.2858,0.2778,97,3,7,いいえ,ハチモドキアブ / トマティーナ少佐 / 試作型おこしん / おたべ妖精 / わさわさ大根
1,449,em-28a4ccf4cbfc,ステンバーイちび蔵,24,596,3748,4,revive,0.2857,0.4028,100,0,8,いいえ,ステンバーイちび蔵 / モチノ・ウオ丸 / トマティーナ少佐 / みどりのたけしマン / ハリウッドナナコ師匠
1,450,em-f70fc38ed477,栗栖　益子さん,40,4175,4106,4,multi_hit_attack,0.2855,0.3542,93,7,7,いいえ,栗栖　益子さん / ワロンマイナー輩先 / 摩陀羅　潮真 / ＢＥＷ雪玉 / ハリウッドナナコ師匠
1,451,em-883c35b094ae,淡路でくろこップ,8,605,600,8,skill_reduction,0.2854,0.4514,98,2,8,いいえ,淡路でくろこップ / モチノ・ウオ丸 / トマティーナ少佐 / むぅむぅ / 速いぞサラマンダー！
1,452,em-28f044d525d7,スーリヤ様が見てる,7,489,1446,3,skill_reduction,0.2854,0.4167,97,3,8,いいえ,スーリヤ様が見てる / ワロンマイナー輩先 / 大晦日のネギそば給仕少女 / 御嶽さん / ハリウッドナナコ師匠
1,453,em-769713d8548b,ザ・NPfLやすなり,20,1800,1800,0,attribute_change,0.2853,0.3819,100,0,8,いいえ,ザ・NPfLやすなり / えかちぇたん / 摩陀羅　潮真 / ＢＥＷ雪玉 / シミ
1,454,em-ce7e2e4f30af,らん坊,8,580,626,4,skill_reduction,0.2849,0.4514,98,2,8,いいえ,らん坊 / モチノ・ウオ丸 / トマティーナ少佐 / むぅむぅ / 速いぞサラマンダー！
1,455,em-2c819cc3029c,お稲荷さん,9,808,808,3,attack_buff,0.2847,0.4583,99,1,8,いいえ,お稲荷さん / ワロンマイナー輩先 / 大晦日のネギそば給仕少女 / 御嶽さん / ハリウッドナナコ師匠
1,456,em-6c5c24ebebea,こんぴらさん,15,1100,1100,8,delay,0.2846,0.4236,93,7,8,いいえ,こんぴらさん / モチノ・ウオ丸 / すわ子isGOD！ / ＢＥＷ雪玉 / シミ
1,457,em-5c824e4dff20,ほたるんるん,9,1000,1500,3,attribute_change,0.2845,0.4306,99,1,8,いいえ,ほたるんるん / ワロンマイナー輩先 / 大晦日のネギそば給仕少女 / 御嶽さん / ハリウッドナナコ師匠
1,458,em-fc0926b017ef,なまずのおじさん,25,4260,1278,5,damage_reduction,0.2845,0.3958,100,0,8,いいえ,なまずのおじさん / ワロンマイナー輩先 / 試作型おこしん / むぅむぅ / 白い悪魔の小町さん
1,459,em-9cd3d68e61d0,渦巻王ナルテュール,45,1704,6134,6,multi_hit_attack,0.2844,0.3611,98,2,8,いいえ,渦巻王ナルテュール / ワロンマイナー輩先 / 摩陀羅　潮真 / ＢＥＷ雪玉 / ハリウッドナナコ師匠
1,460,em-a71e0044e313,舞楽！いつくしーみん,15,800,1600,1,attack_buff,0.2843,0.4167,100,0,8,いいえ,舞楽！いつくしーみん / えかちぇたん / トマティーナ少佐 / みどりのたけしマン / 鮫っ子！フカオちゃん
1,461,em-228697ae4ca1,かつお☆カーニバル,7,1128,1198,2,skill_reduction,0.2843,0.4097,97,3,8,いいえ,かつお☆カーニバル / ワロンマイナー輩先 / 大晦日のネギそば給仕少女 / 御嶽さん / ハリウッドナナコ師匠
1,462,em-423f5963c7c2,超患部ぴよフェッサー,15,3220,2093,2,revive,0.2843,0.3819,100,0,8,いいえ,超患部ぴよフェッサー / 夏至祭のヴァサクサ君 / 摩陀羅　潮真 / ＢＥＷ雪玉 / 御嶽さん
1,463,em-99ad2fb4f1bc,いはとくん,8,580,640,3,delay,0.2842,0.4514,98,2,8,いいえ,いはとくん / ワロンマイナー輩先 / 大晦日のネギそば給仕少女 / 御嶽さん / ハリウッドナナコ師匠
1,464,em-354b4786550a,魔滅！鷹山先生,27,1283,1283,4,delay,0.2839,0.4028,99,1,8,いいえ,魔滅！鷹山先生 / ワロンマイナー輩先 / 摩陀羅　潮真 / ＢＥＷ雪玉 / 白い悪魔の小町さん
1,465,em-06a82dd4f95a,やまとーる海将,18,2567,1208,4,damage_reduction,0.2838,0.4167,93,7,8,いいえ,やまとーる海将 / ワロンマイナー輩先 / 試作型おこしん / むぅむぅ / 白い悪魔の小町さん
1,466,em-86b8f3a86278,レボリューション凜子,10,800,800,4,attack_buff,0.2837,0.4583,100,0,8,いいえ,レボリューション凜子 / ワロンマイナー輩先 / 大晦日のネギそば給仕少女 / 御嶽さん / ハリウッドナナコ師匠
1,467,em-1cd0c7153e75,みさき先輩,18,1400,1600,4,multi_hit_attack,0.2837,0.4306,99,1,8,いいえ,みさき先輩 / ワロンマイナー輩先 / すわ子isGOD！ / 呼んでますトムさん / 八狗神伏姫様
1,468,em-dd80c8492923,?????,22,3067,1533,1,attack_buff,0.2837,0.375,94,6,8,いいえ,????? / ワロンマイナー輩先 / 摩陀羅　潮真 / ＢＥＷ雪玉 / 白い悪魔の小町さん
1,469,em-53fae101e208,水海　月,34,3288,4260,1,attribute_guard,0.2837,0.3194,100,0,8,いいえ,水海　月 / 試作型おこしん / トマティーナ少佐 / みさきパイセン / シミ
1,470,em-962f1faafed7,三貴子アマテラス,75,10309,5112,5,revive,0.2836,0.2708,100,0,4,いいえ,三貴子アマテラス / 伝説のビスカやん！ / 覚醒ニート / ギャリーくん / ハリウッドナナコ師匠
1,471,em-269e75871422,瑠璃☆瑠璃,27,2726,2181,1,damage_reduction,0.2835,0.3681,97,3,8,いいえ,瑠璃☆瑠璃 / ワロンマイナー輩先 / すわ子isGOD！ / 呼んでますトムさん / 白い悪魔の小町さん
1,472,em-cfe553ea56a6,あまのちゃんパイセン,22,3220,805,3,multi_hit_attack,0.2834,0.4167,95,5,8,いいえ,あまのちゃんパイセン / 夏至祭のヴァサクサ君 / 摩陀羅　潮真 / ＢＥＷ雪玉 / シミ
1,473,em-78c7d71a75d2,美音三銃士を連れてきたよ,50,6475,3748,5,revive,0.2833,0.3264,100,0,7,いいえ,美音三銃士を連れてきたよ / トマティーナ少佐 / 欣喜ぴよ子 / おたべ妖精 / TAGOのBOOTH
1,474,em-d09d2f80d34e,トマティーナ少佐,16,3748,2130,2,multi_hit_attack,0.2829,0.3681,99,1,8,いいえ,トマティーナ少佐 / ワロンマイナー輩先 / 摩陀羅　潮真 / 諏訪子成長期 / ハリウッドナナコ師匠
1,475,em-79322ee550e2,スーパーににぎ状態,60,5623,4430,5,attack_buff,0.2828,0.3264,100,0,7,いいえ,スーパーににぎ状態 / ワロンマイナー輩先 / 試作型おこしん / おたべ妖精 / アグスティンさん
1,476,em-5793db0a4078,リンゴール伯爵,5,700,600,4,delay,0.2823,0.4444,95,5,8,いいえ,リンゴール伯爵 / ワロンマイナー輩先 / 大晦日のネギそば給仕少女 / 御嶽さん / ハリウッドナナコ師匠
1,477,em-a787bb59ceca,トキシッくん,5,600,500,4,revive,0.2821,0.4653,93,7,8,いいえ,トキシッくん / えかちぇたん / トマティーナ少佐 / みどりのたけしマン / 白い悪魔の小町さん
1,478,em-c8d0b7ef1b10,めい子お姉さま,9,1159,1244,4,attribute_guard,0.2821,0.4375,92,8,8,いいえ,めい子お姉さま / えかちぇたん / すわ子isGOD！ / みどりのたけしマン / TAGOのBOOTH
1,479,em-eb9cb098a2c1,加留多ヘナ造,18,2898,2737,2,damage_reduction,0.2821,0.3611,96,4,8,いいえ,加留多ヘナ造 / ワロンマイナー輩先 / すわ子isGOD！ / 呼んでますトムさん / 御嶽さん
1,480,em-ef6acbb9fe3a,ﾌｫﾆｰ・ぴよ・ｶﾞｰﾙｽﾞY,25,3703,1771,4,attribute_change,0.282,0.3889,97,3,8,いいえ,ﾌｫﾆｰ・ぴよ・ｶﾞｰﾙｽﾞY / ワロンマイナー輩先 / 摩陀羅　潮真 / ＢＥＷ雪玉 / 白い悪魔の小町さん
1,481,em-f3234f88661c,氷の大魔女カナリン,43,7497,1641,5,revive,0.282,0.3472,100,0,8,いいえ,氷の大魔女カナリン / 伝説のビスカやん！ / トマティーナ少佐 / 呼んでますトムさん / TAGOのBOOTH
1,482,em-8646cdffe6eb,ブーナッドさん,12,1700,300,3,heal,0.2818,0.4653,99,1,8,いいえ,ブーナッドさん / えかちぇたん / 摩陀羅　潮真 / むぅむぅ / ハリウッドナナコ師匠
1,483,em-144acde7efe5,魚臣！又土くん,4,500,650,7,skill_reduction,0.2817,0.4444,87,13,8,いいえ,魚臣！又土くん / えかちぇたん / 摩陀羅　潮真 / 呼んでますトムさん / 眠里　不可緒
1,484,em-86b9ae60356a,ブーナッドさま,14,2100,400,2,heal,0.2816,0.4514,81,19,8,いいえ,ブーナッドさま / ワロンマイナー輩先 / 摩陀羅　潮真 / ɚすぃとあろま？ / まそお姉ちゃん
1,485,em-3803f94f5ae7,あろまちゃん,3,350,500,4,revive,0.2815,0.4653,91,9,8,いいえ,あろまちゃん / えかちぇたん / トマティーナ少佐 / みどりのたけしマン / 白い悪魔の小町さん
1,486,em-e37685227f53,さくちゃん,9,680,724,5,skill_reduction,0.2815,0.4375,92,8,8,いいえ,さくちゃん / モチノ・ウオ丸 / トマティーナ少佐 / むぅむぅ / ハリウッドナナコ師匠
1,487,em-c1544fb41324,元キャプテン・hɔーク,13,1359,1963,1,attribute_guard,0.2815,0.3889,100,0,8,いいえ,元キャプテン・hɔーク / えかちぇたん / 超患部ぴよフェッサー / むぅむぅ / TAGOのBOOTH
1,488,em-474d7b7d3bbe,イチャン～(から),26,3606,2850,2,aoe_attack,0.2814,0.3611,99,1,8,いいえ,イチャン～(から) / 夏至祭のヴァサクサ君 / 摩陀羅　潮真 / ＢＥＷ雪玉 / シミ
1,489,em-198e928f6d0b,なるとマン,9,800,700,4,attack_buff,0.2813,0.4583,99,1,8,いいえ,なるとマン / ワロンマイナー輩先 / 大晦日のネギそば給仕少女 / 御嶽さん / ハリウッドナナコ師匠
1,490,em-b09ebd864da6,みずがめəろまちゃん,14,1057,1198,4,revive,0.2812,0.4375,81,19,8,いいえ,みずがめəろまちゃん / ワロンマイナー輩先 / 摩陀羅　潮真 / ɚすぃとあろま？ / まそお姉ちゃん
1,491,em-7e8ca5d8d19a,小林伯爵,15,3020,1812,5,revive,0.2812,0.4028,95,5,8,いいえ,小林伯爵 / えかちぇたん / 試作型おこしん / 呼んでますトムさん / 御嶽さん
1,492,em-81fec3e48762,怪人おたべ,4,415,365,4,delay,0.2809,0.4653,87,13,8,いいえ,怪人おたべ / えかちぇたん / 摩陀羅　潮真 / 呼んでますトムさん / 眠里　不可緒
1,493,em-ec978322ece8,タイプ：テン,20,3864,966,4,guard,0.2807,0.4028,95,5,8,いいえ,タイプ：テン / ワロンマイナー輩先 / 試作型おこしん / むぅむぅ / 白い悪魔の小町さん
1,494,em-4e78a5d0dc7a,中央アルプスの少女達,13,1812,1510,1,damage_reduction,0.2806,0.3958,100,0,8,いいえ,中央アルプスの少女達 / えかちぇたん / 超患部ぴよフェッサー / むぅむぅ / TAGOのBOOTH
1,495,em-8de6e4494a60,称えよ☆メジェド様！,25,2415,2415,2,guard,0.2806,0.375,95,5,8,いいえ,称えよ☆メジェド様！ / ワロンマイナー輩先 / すわ子isGOD！ / 呼んでますトムさん / 白い悪魔の小町さん
1,496,em-54ee851ff3fb,zuス様とsiラ様,10,1410,987,4,attack_buff,0.2805,0.4375,100,0,8,いいえ,zuス様とsiラ様 / ワロンマイナー輩先 / 大晦日のネギそば給仕少女 / 御嶽さん / ハリウッドナナコ師匠
1,497,em-59ac9769ef60,神犬八房伏姫様,24,4093,1223,4,guard,0.2804,0.3889,99,1,8,いいえ,神犬八房伏姫様 / ワロンマイナー輩先 / 試作型おこしん / むぅむぅ / 白い悪魔の小町さん
1,498,em-6ead69ef1b01,精霊ブーナッド,16,4025,805,2,heal,0.2803,0.4028,93,7,8,いいえ,精霊ブーナッド / 夏至祭のヴァサクサ君 / 摩陀羅　潮真 / ＢＥＷ雪玉 / 白い悪魔の小町さん
1,499,em-251852280bcf,どうしんさん,12,615,605,1,heal,0.2802,0.4583,99,1,8,いいえ,どうしんさん / えかちぇたん / 摩陀羅　潮真 / むぅむぅ / ハリウッドナナコ師匠
1,500,em-c545b5a51997,トリニダの怪人,13,4077,1057,2,skill_reduction,0.28,0.3611,96,4,8,いいえ,トリニダの怪人 / ワロンマイナー輩先 / 摩陀羅　潮真 / 諏訪子成長期 / ハリウッドナナコ師匠
1,501,em-562269adda28,ブルジョワジー下仁田,20,2265,2276,1,guard,0.2799,0.3681,91,9,8,いいえ,ブルジョワジー下仁田 / モチノ・ウオ丸 / 超患部ぴよフェッサー / トキシッくんｵｯｽｵｯｽ / まそお姉ちゃん
1,502,em-0ba3ddcc384c,雛段芸人☆さくらんず,16,1510,1887,5,skill_reduction,0.2794,0.3681,99,1,8,いいえ,雛段芸人☆さくらんず / ワロンマイナー輩先 / 試作型おこしん / むぅむぅ / 御嶽さん
1,503,em-845e49247e45,ウサポワン海人,20,1533,2607,3,guard,0.2793,0.3889,91,9,8,いいえ,ウサポワン海人 / モチノ・ウオ丸 / 超患部ぴよフェッサー / トキシッくんｵｯｽｵｯｽ / まそお姉ちゃん
1,504,em-35e37020b193,æッシュちゃん,17,3542,2254,5,attribute_guard,0.2791,0.3819,100,0,8,いいえ,æッシュちゃん / ワロンマイナー輩先 / 試作型おこしん / むぅむぅ / 御嶽さん
1,505,em-c67e33bb61cf,鎌倉式ＤＢ２涅槃型改,19,4105,1690,9,guard,0.279,0.3819,94,6,8,いいえ,鎌倉式ＤＢ２涅槃型改 / ワロンマイナー輩先 / 試作型おこしん / むぅむぅ / 白い悪魔の小町さん
1,506,em-ea05427d05f5,ナポレオーヌくん,32,3121,2603,1,attack_buff,0.279,0.3472,98,2,8,いいえ,ナポレオーヌくん / えかちぇたん / 摩陀羅　潮真 / トキシッくんｵｯｽｵｯｽ / ハリウッドナナコ師匠
1,507,em-b07f62000b94,雪兎フェス祭カーニバル,22,4089,1192,5,revive,0.2789,0.3958,100,0,8,いいえ,雪兎フェス祭カーニバル / えかちぇたん / イチャン～(から) / ????? / 速いぞサラマンダー！
1,508,em-b791d78202d5,英国面の本気,38,6816,1363,5,multi_hit_attack,0.2788,0.3611,100,0,8,いいえ,英国面の本気 / ワロンマイナー輩先 / 欣喜ぴよ子 / 呼んでますトムさん / 白い悪魔の小町さん
1,509,em-5b5d08d879f7,おかいこさん,12,797,816,5,attribute_change,0.2785,0.4514,87,13,8,いいえ,おかいこさん / えかちぇたん / すわ子isGOD！ / ɚすぃとあろま？ / シミ
1,510,em-c912b76e4dda,妖怪雪愛さま,15,950,1350,2,attribute_change,0.2785,0.4167,96,4,8,いいえ,妖怪雪愛さま / 伝説のビスカやん！ / 大晦日のネギそば給仕少女 / ɚすぃとあろま？ / シミ
1,511,em-ffdcaffc4a41,雑煮入り☆うるっしー,36,3443,3443,4,guard,0.2785,0.3542,100,0,8,いいえ,雑煮入り☆うるっしー / 試作型おこしん / トキシッくんｵｯｽｵｯｽ / むぅむぅ / TAGOのBOOTH
1,512,em-69c457dd7e6a,スミθ＆エð,13,3020,755,2,attribute_guard,0.2784,0.4167,91,9,8,いいえ,スミθ＆エð / モチノ・ウオ丸 / すわ子isGOD！ / ＢＥＷ雪玉 / シミ
1,513,em-1c71acfdc139,星の白金ぴよ子,5,999,999,0,none,0.2784,0.4097,95,5,8,いいえ,星の白金ぴよ子 / ワロンマイナー輩先 / 大晦日のネギそば給仕少女 / 御嶽さん / ハリウッドナナコ師匠
1,514,em-06ed1eae98fc,ソンな福ちゃん,31,3377,3377,1,attribute_change,0.2784,0.3194,99,1,8,いいえ,ソンな福ちゃん / ワロンマイナー輩先 / トマティーナ少佐 / 呼んでますトムさん / 白い悪魔の小町さん
1,515,em-80894fcaa10c,とんこつ神！博多美子,40,4089,5350,3,attack_buff,0.2784,0.3125,97,3,8,いいえ,とんこつ神！博多美子 / ワロンマイナー輩先 / トマティーナ少佐 / みどりのたけしマン / ハリウッドナナコ師匠
1,516,em-8b710fe84fda,モチノ・ウオ丸,32,3902,3254,1,attack_buff,0.2782,0.3194,95,5,8,いいえ,モチノ・ウオ丸 / トリニダの怪人 / すわ子isGOD！ / ɚすぃとあろま？ / シミ
1,517,em-82e855b7910f,栗林掬太郎,33,5453,2385,4,heal,0.2781,0.3403,96,4,8,いいえ,栗林掬太郎 / えかちぇたん / すわ子isGOD！ / 呼んでますトムさん / ハリウッドナナコ師匠
1,518,em-45d954b40bc4,ジェラする？かめ姫,60,4941,3237,3,multi_hit_attack,0.2781,0.3264,100,0,7,いいえ,ジェラする？かめ姫 / ワロンマイナー輩先 / 欣喜ぴよ子 / ɚすぃとあろま？ / ハリウッドナナコ師匠
1,519,em-9d5a58645c8c,カロニスタ・ヴェニ子,37,4444,4444,2,attack_buff,0.2781,0.3056,97,3,8,いいえ,カロニスタ・ヴェニ子 / ワロンマイナー輩先 / 試作型おこしん / 呼んでますトムさん / 白い悪魔の小町さん
1,520,em-7960727b4ac3,伝説のひろし,15,1681,1714,5,attack_buff,0.2777,0.4167,95,5,8,いいえ,伝説のひろし / えかちぇたん / 摩陀羅　潮真 / ＢＥＷ雪玉 / シミ
1,521,em-7fd9b48cee31,七夕星人☆たたるんるん,20,3220,1610,2,attack_buff,0.2777,0.3819,100,0,8,いいえ,七夕星人☆たたるんるん / えかちぇたん / 摩陀羅　潮真 / ＢＥＷ雪玉 / シミ
1,522,em-7b76cc31326e,迷走のヴァニ江,36,4379,2505,2,damage_reduction,0.2777,0.3403,99,1,8,いいえ,迷走のヴァニ江 / ワロンマイナー輩先 / すわ子isGOD！ / 呼んでますトムさん / TAGOのBOOTH
1,523,em-5528cf768569,リンゴール男爵,4,400,300,4,delay,0.2775,0.4653,87,13,8,いいえ,リンゴール男爵 / えかちぇたん / 摩陀羅　潮真 / 呼んでますトムさん / 眠里　不可緒
1,524,em-90c9b7a939a7,九十九里流,37,2982,5112,4,attack_buff,0.2775,0.3333,97,3,8,いいえ,九十九里流 / ワロンマイナー輩先 / 試作型おこしん / 呼んでますトムさん / 白い悪魔の小町さん
1,525,em-f7db929b2ed5,シャボテンの世界,17,1510,1812,5,revive,0.2774,0.4167,97,3,7,いいえ,シャボテンの世界 / えかちぇたん / 試作型おこしん / 呼んでますトムさん / 御嶽さん
1,526,em-8dfd3b91ca8d,総統エビユルゲ,6,1244,1159,1,attribute_change,0.2774,0.4097,96,4,8,いいえ,総統エビユルゲ / ワロンマイナー輩先 / 大晦日のネギそば給仕少女 / 御嶽さん / ハリウッドナナコ師匠
1,527,em-1290652c5171,萌やし博士,10,408,1212,4,attack_buff,0.2773,0.4375,100,0,8,いいえ,萌やし博士 / ワロンマイナー輩先 / 大晦日のネギそば給仕少女 / 御嶽さん / ハリウッドナナコ師匠
1,528,em-d1302899cad6,ナポレオーヌ一世,32,3512,2930,1,attack_buff,0.2771,0.3264,100,0,8,いいえ,ナポレオーヌ一世 / ワロンマイナー輩先 / トマティーナ少佐 / 呼んでますトムさん / 白い悪魔の小町さん
1,529,em-a58c4fcc6b2e,けねず大先生,14,1699,1699,4,damage_reduction,0.277,0.4028,97,3,8,いいえ,けねず大先生 / ワロンマイナー輩先 / 試作型おこしん / むぅむぅ / 御嶽さん
1,530,em-b54c325797a5,フク先生,6,600,700,3,attribute_change,0.2769,0.4514,96,4,8,いいえ,フク先生 / ワロンマイナー輩先 / 大晦日のネギそば給仕少女 / 御嶽さん / ハリウッドナナコ師匠
1,531,em-55cdacc97f8e,バーチャルおぅぼっと,25,4025,1610,7,damage_reduction,0.2769,0.3819,100,0,8,いいえ,バーチャルおぅぼっと / ワロンマイナー輩先 / 試作型おこしん / むぅむぅ / 白い悪魔の小町さん
1,532,em-ebf10919d982,ミラクル凜子,8,700,704,4,attack_buff,0.2768,0.4514,98,2,8,いいえ,ミラクル凜子 / ワロンマイナー輩先 / 大晦日のネギそば給仕少女 / 御嶽さん / ハリウッドナナコ師匠
1,533,em-9467ad3af2e0,大杵社のユッフィー,19,1699,1699,5,attack_buff,0.2768,0.4167,99,1,8,いいえ,大杵社のユッフィー / えかちぇたん / 摩陀羅　潮真 / ＢＥＷ雪玉 / シミ
1,534,em-5266a394fb35,伊予・タウロス,60,4430,4941,2,multi_hit_attack,0.2768,0.2917,100,0,7,いいえ,伊予・タウロス / ワロンマイナー輩先 / 欣喜ぴよ子 / ɚすぃとあろま？ / ハリウッドナナコ師匠
1,535,em-674bf61c8b00,海賊衆かっさーのん,6,600,700,4,attack_buff,0.2767,0.4514,96,4,8,いいえ,海賊衆かっさーのん / ワロンマイナー輩先 / 大晦日のネギそば給仕少女 / 御嶽さん / ハリウッドナナコ師匠
1,536,em-33289e43e28b,ほたるーニャん☆ミ,7,650,700,4,attribute_change,0.2767,0.4514,97,3,8,いいえ,ほたるーニャん☆ミ / ワロンマイナー輩先 / 大晦日のネギそば給仕少女 / 御嶽さん / ハリウッドナナコ師匠
1,537,em-e84c5851ba6b,地下大河のルーシー,73,7668,2641,1,attack_buff,0.2767,0.2708,100,0,6,いいえ,地下大河のルーシー / 総統エビユルゲ / トキシッくんｵｯｽｵｯｽ / リンゴルモア大王 / ハリウッドナナコ師匠
1,538,em-8e8c7fbfac2a,おたべくん,3,315,287,4,delay,0.2766,0.4653,86,14,8,いいえ,おたべくん / えかちぇたん / 摩陀羅　潮真 / 呼んでますトムさん / 眠里　不可緒
1,539,em-83954a93a691,閃きのヒラメちゃん,60,6560,4430,2,attribute_change,0.2766,0.2778,100,0,7,いいえ,閃きのヒラメちゃん / ワロンマイナー輩先 / 試作型おこしん / おたべ妖精 / アグスティンさん
1,540,em-c816189f2294,ブッダがやって来る！,17,1510,1510,2,delay,0.2764,0.3889,90,10,8,いいえ,ブッダがやって来る！ / えかちぇたん / トマティーナ少佐 / ɚすぃとあろま？ / シミ
1,541,em-98054d952da8,ニート達の日常。,21,2968,296,3,delay,0.2762,0.4167,93,7,8,いいえ,ニート達の日常。 / ワロンマイナー輩先 / 摩陀羅　潮真 / ＢＥＷ雪玉 / 白い悪魔の小町さん
1,542,em-da18dad9d936,もけーれ！ムベちゃん,53,2896,6475,4,multi_hit_attack,0.2761,0.3194,99,1,7,いいえ,もけーれ！ムベちゃん / ワロンマイナー輩先 / トマティーナ少佐 / ɚすぃとあろま？ / ハリウッドナナコ師匠
1,543,em-309e9bdb12e4,萌やし戦士,14,773,2573,4,attack_buff,0.276,0.4028,95,5,8,いいえ,萌やし戦士 / ワロンマイナー輩先 / すわ子isGOD！ / 呼んでますトムさん / 八狗神伏姫様
1,544,em-29a5da4c1e2f,有棘画工,20,4025,805,3,multi_hit_attack,0.2759,0.3958,95,5,8,いいえ,有棘画工 / ワロンマイナー輩先 / 摩陀羅　潮真 / むぅむぅ / ハリウッドナナコ師匠
1,545,em-9f7e593bdb96,鮒麿,7,520,460,5,heal,0.2758,0.4653,94,6,8,いいえ,鮒麿 / えかちぇたん / 摩陀羅　潮真 / むぅむぅ / ハリウッドナナコ師匠
1,546,em-d8349efcae1b,鰹でよくね?,5,700,700,7,skill_reduction,0.2758,0.4236,100,0,8,いいえ,鰹でよくね? / 超患部ぴよフェッサー / 摩陀羅　潮真 / むぅむぅ / リチャード・リターンズ
1,547,em-5c142a19c12c,菅大臣・どうしん様,24,2649,2504,1,heal,0.2757,0.3542,100,0,8,いいえ,菅大臣・どうしん様 / モチノ・ウオ丸 / トマティーナ少佐 / みどりのたけしマン / ハリウッドナナコ師匠
1,548,em-8527b3dd869a,帰って来たいぬやマン,21,1661,1661,4,attack_buff,0.2756,0.4167,93,7,8,いいえ,帰って来たいぬやマン / ワロンマイナー輩先 / 摩陀羅　潮真 / ＢＥＷ雪玉 / 白い悪魔の小町さん
1,549,em-cf9464eec3b4,ヒラメちゃん,13,2370,2044,1,attribute_change,0.2756,0.3611,97,3,8,いいえ,ヒラメちゃん / ワロンマイナー輩先 / トマティーナ少佐 / みどりのたけしマン / 御嶽さん
1,550,em-cc9db541b1b4,メル子さん,9,600,700,4,attack_buff,0.2755,0.4514,99,1,8,いいえ,メル子さん / ワロンマイナー輩先 / 大晦日のネギそば給仕少女 / 御嶽さん / ハリウッドナナコ師匠
1,551,em-f21bf8aa6e67,独眼竜！梵天。,23,2254,2576,5,aoe_attack,0.2755,0.3889,96,4,8,いいえ,独眼竜！梵天。 / 夏至祭のヴァサクサ君 / 摩陀羅　潮真 / ＢＥＷ雪玉 / シミ
1,552,em-712f122e2051,オロモ君は欝気味,17,1536,2684,1,guard,0.2755,0.3681,95,5,8,いいえ,オロモ君は欝気味 / ワロンマイナー輩先 / すわ子isGOD！ / 呼んでますトムさん / 御嶽さん
1,553,em-d90aa04af44f,グウィネズ兄弟,34,2066,3197,5,multi_hit_attack,0.2754,0.3819,95,5,8,いいえ,グウィネズ兄弟 / モチノ・ウオ丸 / 超患部ぴよフェッサー / トキシッくんｵｯｽｵｯｽ / ハリウッドナナコ師匠
1,554,em-4b4011b90d8c,ロータス先輩,16,1932,1932,6,damage_reduction,0.2752,0.3958,99,1,8,いいえ,ロータス先輩 / ワロンマイナー輩先 / 試作型おこしん / むぅむぅ / 御嶽さん
1,555,em-fea44f2a7dd8,だが男だ彦にゃん,15,2793,1132,3,skill_reduction,0.2747,0.375,98,2,8,いいえ,だが男だ彦にゃん / ワロンマイナー輩先 / 摩陀羅　潮真 / 諏訪子成長期 / ハリウッドナナコ師匠
1,556,em-cf62aeacc244,やまたのおろちん,40,2726,2726,3,multi_hit_attack,0.2747,0.3681,93,7,7,いいえ,やまたのおろちん / ワロンマイナー輩先 / 摩陀羅　潮真 / ＢＥＷ雪玉 / ハリウッドナナコ師匠
1,557,em-2eebc4f8633d,すわっ！かつより君,60,5350,4771,5,aoe_attack,0.2747,0.3125,98,2,7,いいえ,すわっ！かつより君 / ワロンマイナー輩先 / 試作型おこしん / ɚすぃとあろま？ / ハリウッドナナコ師匠
1,558,em-8d2b5bd68a94,ズースさんとシーラさん,6,800,600,4,attack_buff,0.2744,0.4514,96,4,8,いいえ,ズースさんとシーラさん / ワロンマイナー輩先 / 大晦日のネギそば給仕少女 / 御嶽さん / ハリウッドナナコ師匠
1,559,em-ce7547fb3ccd,いぬやマンリメイク！,16,1661,1661,7,attack_buff,0.2744,0.4167,96,4,8,いいえ,いぬやマンリメイク！ / えかちぇたん / 摩陀羅　潮真 / ＢＥＷ雪玉 / シミ
1,560,em-b5fa3fe8e44e,ディープワン・ゴロウ,8,1214,1189,2,attack_buff,0.2744,0.4097,97,3,8,いいえ,ディープワン・ゴロウ / モチノ・ウオ丸 / トマティーナ少佐 / むぅむぅ / わさわさ大根
1,561,em-1c28be3f3366,モンさんミッシェル,32,3748,5623,8,multi_hit_attack,0.2744,0.3264,100,0,8,いいえ,モンさんミッシェル / ワロンマイナー輩先 / 試作型おこしん / 呼んでますトムさん / 御嶽さん
1,562,em-eaadf81fc136,サリー,55,4686,4004,4,aoe_attack,0.2744,0.3264,100,0,7,いいえ,サリー / ワロンマイナー輩先 / 試作型おこしん / おたべ妖精 / TAGOのBOOTH
1,563,em-1bcd64d199fb,ケロッとる☆キング,31,1533,5708,2,attribute_change,0.2744,0.3194,99,1,8,いいえ,ケロッとる☆キング / ワロンマイナー輩先 / トマティーナ少佐 / 呼んでますトムさん / 白い悪魔の小町さん
1,564,em-58f4a804ff7f,マリンな白良さん,12,710,694,4,attack_buff,0.2743,0.4514,95,5,8,いいえ,マリンな白良さん / ばけごろう / 摩陀羅　潮真 / トキシッくんｵｯｽｵｯｽ / TAGOのBOOTH
1,565,em-d9bd2d5de563,コンクちゃん,20,2556,1704,1,damage_reduction,0.274,0.3681,91,9,8,いいえ,コンクちゃん / モチノ・ウオ丸 / 超患部ぴよフェッサー / トキシッくんｵｯｽｵｯｽ / まそお姉ちゃん
1,566,em-428a2893945d,雪愛ちゃん,8,590,630,3,attribute_change,0.2737,0.4514,98,2,8,いいえ,雪愛ちゃん / ワロンマイナー輩先 / 大晦日のネギそば給仕少女 / 御嶽さん / ハリウッドナナコ師匠
1,567,em-2f6ae2b54633,フクちゃん,3,300,400,4,attribute_change,0.2736,0.4653,86,14,8,いいえ,フクちゃん / えかちぇたん / 摩陀羅　潮真 / 呼んでますトムさん / 眠里　不可緒
1,568,em-ceecd3afdba6,おかいこちゃん,8,614,613,6,attribute_change,0.2733,0.4514,98,2,8,いいえ,おかいこちゃん / モチノ・ウオ丸 / トマティーナ少佐 / むぅむぅ / 速いぞサラマンダー！
1,569,em-3e54a6be4029,おかいこ先輩,15,1206,1276,5,attribute_change,0.2733,0.4306,95,5,8,いいえ,おかいこ先輩 / えかちぇたん / 摩陀羅　潮真 / ＢＥＷ雪玉 / シミ
1,570,em-d67f8f409078,芋神よしあき,31,4130,2753,2,multi_hit_attack,0.2732,0.3333,95,5,8,いいえ,芋神よしあき / 伝説のビスカやん！ / 摩陀羅　潮真 / ＢＥＷ雪玉 / シミ
1,571,em-0b273c3da2d3,ぴぐぺん＆びぐべん,12,700,900,2,attack_buff,0.273,0.4375,99,1,8,いいえ,ぴぐぺん＆びぐべん / ワロンマイナー輩先 / 摩陀羅　潮真 / 呼んでますトムさん / 御嶽さん
1,572,em-a818769b8b91,田島の春,44,1618,5112,2,multi_hit_attack,0.273,0.3333,97,3,8,いいえ,田島の春 / ワロンマイナー輩先 / 摩陀羅　潮真 / ＢＥＷ雪玉 / ハリウッドナナコ師匠
1,573,em-c87499b64151,ラパヌイ先生,45,6441,3067,4,guard,0.273,0.3125,100,0,8,いいえ,ラパヌイ先生 / ワロンマイナー輩先 / トマティーナ少佐 / 呼んでますトムさん / わさわさ大根
1,574,em-1287aab83f7d,驚愕！深海のあん子,5,400,400,4,heal,0.2728,0.4583,93,7,8,いいえ,驚愕！深海のあん子 / えかちぇたん / トマティーナ少佐 / みどりのたけしマン / 白い悪魔の小町さん
1,575,em-a02f06328adf,ゼネコン大公,60,6134,2726,2,guard,0.2725,0.2986,100,0,7,いいえ,ゼネコン大公 / ワロンマイナー輩先 / 試作型おこしん / おたべ妖精 / アグスティンさん
1,576,em-61221298dafe,大内ちゃん,5,603,603,5,heal,0.2723,0.4444,93,7,8,いいえ,大内ちゃん / えかちぇたん / トマティーナ少佐 / みどりのたけしマン / 白い悪魔の小町さん
1,577,em-f2d052955a43,大正義・フクちゃん,7,1128,1269,2,attribute_change,0.2723,0.4097,97,3,8,いいえ,大正義・フクちゃん / ワロンマイナー輩先 / 大晦日のネギそば給仕少女 / 御嶽さん / ハリウッドナナコ師匠
1,578,em-9625a8dc4056,祟らない幽子,8,370,410,7,revive,0.2721,0.4653,95,5,8,いいえ,祟らない幽子 / えかちぇたん / 摩陀羅　潮真 / むぅむぅ / ハリウッドナナコ師匠
1,579,em-2625991e40c1,恐れない幽子,11,470,510,6,revive,0.2715,0.4583,98,2,8,いいえ,恐れない幽子 / えかちぇたん / 摩陀羅　潮真 / むぅむぅ / ハリウッドナナコ師匠
1,580,em-db2c3576c544,すわ子☆神,15,1100,1400,3,multi_hit_attack,0.2708,0.4167,100,0,8,いいえ,すわ子☆神 / モチノ・ウオ丸 / 超患部ぴよフェッサー / みどりのたけしマン / まそお姉ちゃん
1,581,em-682cda3863fb,脱力コンビあろま＆るる,48,3067,5623,2,skill_reduction,0.2708,0.2431,98,2,7,いいえ,脱力コンビあろま＆るる / ワロンマイナー輩先 / 試作型おこしん / ɚすぃとあろま？ / TAGOのBOOTH
1,582,em-9d5f7901aacf,サタデーナイト☆郡上,17,1812,1963,5,aoe_attack,0.2706,0.3958,98,2,8,いいえ,サタデーナイト☆郡上 / ワロンマイナー輩先 / すわ子isGOD！ / 呼んでますトムさん / 八狗神伏姫様
1,583,em-091b1c77c643,戸隠ちび蔵,6,150,950,3,attack_buff,0.2704,0.4375,96,4,8,いいえ,戸隠ちび蔵 / ワロンマイナー輩先 / 大晦日のネギそば給仕少女 / 御嶽さん / ハリウッドナナコ師匠
1,584,em-e7adf536ba2f,やまなしーヌさま,9,500,600,5,skill_reduction,0.2704,0.4306,92,8,8,いいえ,やまなしーヌさま / モチノ・ウオ丸 / トマティーナ少佐 / むぅむぅ / ハリウッドナナコ師匠
1,585,em-d07cd0c8b0b0,二条城☆浴衣モード,19,2656,2495,1,attribute_guard,0.2704,0.3472,97,3,8,いいえ,二条城☆浴衣モード / ワロンマイナー輩先 / すわ子isGOD！ / 呼んでますトムさん / 御嶽さん
1,586,manual-nijo-yukata-mode,二条嬢☆浴衣モード,19,2656,2495,1,attribute_guard,0.2704,0.3472,97,3,8,いいえ,二条嬢☆浴衣モード / ワロンマイナー輩先 / すわ子isGOD！ / 呼んでますトムさん / 御嶽さん
1,587,em-f8e6761b2883,青龍,36,1704,6816,3,attack_buff,0.2702,0.3125,99,1,8,いいえ,青龍 / ワロンマイナー輩先 / トマティーナ少佐 / 呼んでますトムさん / 鎌倉式ＤＢ２涅槃型改
1,588,em-8cdef0bc7893,戸隠ちび太夫,11,150,1200,3,attack_buff,0.27,0.4306,99,1,8,いいえ,戸隠ちび太夫 / ワロンマイナー輩先 / 大晦日のネギそば給仕少女 / むぅむぅ / ハリウッドナナコ師匠
1,589,em-70e79fbffe3c,怪人エビユルゲ,3,305,297,4,attribute_change,0.2699,0.4653,86,14,8,いいえ,怪人エビユルゲ / えかちぇたん / 摩陀羅　潮真 / 呼んでますトムさん / 眠里　不可緒
1,590,em-a769fc8e5005,真サタデーナイト郡上,12,800,1000,5,aoe_attack,0.2698,0.4375,99,1,8,いいえ,真サタデーナイト郡上 / ワロンマイナー輩先 / 摩陀羅　潮真 / 呼んでますトムさん / 御嶽さん
1,591,em-e31de348c40b,湘南ボーイ,8,300,700,4,attack_buff,0.2693,0.4444,97,3,8,いいえ,湘南ボーイ / モチノ・ウオ丸 / トマティーナ少佐 / むぅむぅ / わさわさ大根
1,592,em-6ed81c8341b0,萌やし紳士,8,308,898,4,attack_buff,0.2693,0.4375,98,2,8,いいえ,萌やし紳士 / ワロンマイナー輩先 / 大晦日のネギそば給仕少女 / 御嶽さん / ハリウッドナナコ師匠
1,593,em-72f5e94185a5,MAIKOちゃん,34,3834,3834,6,attribute_guard,0.2693,0.3333,98,2,8,いいえ,MAIKOちゃん / ワロンマイナー輩先 / トマティーナ少佐 / むぅむぅ / ハリウッドナナコ師匠
1,594,em-f119f767f457,アダム＆エバ,50,5112,4260,4,attack_buff,0.2693,0.3125,100,0,7,いいえ,アダム＆エバ / ワロンマイナー輩先 / 試作型おこしん / ɚすぃとあろま？ / TAGOのBOOTH
1,595,em-f18963ac0ea1,すわ子さま,12,700,1000,5,multi_hit_attack,0.269,0.4375,99,1,8,いいえ,すわ子さま / ワロンマイナー輩先 / 摩陀羅　潮真 / 呼んでますトムさん / 御嶽さん
1,596,em-71820072d6c5,松浦凜子,6,603,603,4,attack_buff,0.2685,0.4444,96,4,8,いいえ,松浦凜子 / ワロンマイナー輩先 / 大晦日のネギそば給仕少女 / 御嶽さん / ハリウッドナナコ師匠
1,597,em-301c11f4a1d7,ウサポワンちゃん,20,1363,2317,3,guard,0.2685,0.3819,91,9,8,いいえ,ウサポワンちゃん / モチノ・ウオ丸 / 超患部ぴよフェッサー / トキシッくんｵｯｽｵｯｽ / まそお姉ちゃん
1,598,em-1a6fa57fc44e,朦朧ボディマンβ,12,400,1500,10,multi_hit_attack,0.2683,0.4236,100,0,8,いいえ,朦朧ボディマンβ / ワロンマイナー輩先 / 大晦日のネギそば給仕少女 / むぅむぅ / ハリウッドナナコ師匠
1,599,em-dba7b79429bc,サルパ王＆女王,60,5453,3748,2,multi_hit_attack,0.2683,0.2917,100,0,7,いいえ,サルパ王＆女王 / ワロンマイナー輩先 / 欣喜ぴよ子 / ɚすぃとあろま？ / ハリウッドナナコ師匠
1,600,em-78785b8bf619,企業だ浅ちゃん！,42,1192,7327,4,attack_buff,0.2682,0.3194,100,0,8,いいえ,企業だ浅ちゃん！ / ワロンマイナー輩先 / すわ子isGOD！ / 呼んでますトムさん / 速いぞサラマンダー！
1,601,em-f89a98dd9893,大魔神！せいタン降臨,48,2044,6305,4,attack_buff,0.2682,0.3125,98,2,7,いいえ,大魔神！せいタン降臨 / ワロンマイナー輩先 / 試作型おこしん / ɚすぃとあろま？ / TAGOのBOOTH
1,602,em-5cd1890be20b,イーネちゃんの舟屋,41,3748,4771,1,guard,0.2682,0.2778,99,1,8,いいえ,イーネちゃんの舟屋 / ワロンマイナー輩先 / トマティーナ少佐 / ɚすぃとあろま？ / TAGOのBOOTH
1,603,em-a4adc4bc9b7c,魁！安井道さん,12,1215,1187,5,guard,0.2681,0.4236,100,0,8,いいえ,魁！安井道さん / モチノ・ウオ丸 / サルパちゃん / ＢＥＷ雪玉 / シミ
1,604,em-7c7befcdeb38,メル子大先生,16,1773,1934,2,attack_buff,0.2681,0.3819,97,3,8,いいえ,メル子大先生 / ワロンマイナー輩先 / すわ子isGOD！ / 呼んでますトムさん / 八狗神伏姫様
1,605,em-fb6292300fc0,妖怪おたべ,5,525,455,4,delay,0.268,0.4375,95,5,8,いいえ,妖怪おたべ / ワロンマイナー輩先 / 大晦日のネギそば給仕少女 / 御嶽さん / ハリウッドナナコ師匠
1,606,em-ae6ea6bc1914,ズースくん,3,500,400,4,attack_buff,0.2678,0.4514,95,5,8,いいえ,ズースくん / モチノ・ウオ丸 / サルパちゃん / ɚすぃとあろま？ / シミ
1,607,em-d9ea7f0897f2,山ガール！？さなこりん,15,2567,1225,6,multi_hit_attack,0.2678,0.3958,96,4,8,いいえ,山ガール！？さなこりん / ワロンマイナー輩先 / すわ子isGOD！ / 呼んでますトムさん / 八狗神伏姫様
1,608,em-e5027c0cc6fa,みかんの姐御,17,2265,1510,3,aoe_attack,0.2678,0.3889,100,0,8,いいえ,みかんの姐御 / ワロンマイナー輩先 / 摩陀羅　潮真 / 諏訪子成長期 / ハリウッドナナコ師匠
1,609,em-5a3daf6cbf77,白良さん,8,600,605,4,attack_buff,0.2677,0.4444,98,2,8,いいえ,白良さん / ワロンマイナー輩先 / 大晦日のネギそば給仕少女 / 御嶽さん / ハリウッドナナコ師匠
1,610,em-9cc423bd9843,沼んだーライド！,21,1585,1887,5,aoe_attack,0.2677,0.3889,96,4,8,いいえ,沼んだーライド！ / ワロンマイナー輩先 / 摩陀羅　潮真 / むぅむぅ / ハリウッドナナコ師匠
1,611,em-a0762b5d76ab,シーラちゃん,5,600,550,4,attack_buff,0.2675,0.4444,95,5,8,いいえ,シーラちゃん / ワロンマイナー輩先 / 大晦日のネギそば給仕少女 / 御嶽さん / ハリウッドナナコ師匠
1,612,em-dac0a350706a,くたにん,6,500,600,3,attribute_change,0.2675,0.4444,96,4,8,いいえ,くたにん / ワロンマイナー輩先 / 大晦日のネギそば給仕少女 / 御嶽さん / ハリウッドナナコ師匠
1,613,em-1374a3351d4c,忍！fuま＆voたん,17,1510,1510,3,guard,0.2673,0.3889,100,0,8,いいえ,忍！fuま＆voたん / ワロンマイナー輩先 / 試作型おこしん / むぅむぅ / 御嶽さん
1,614,em-e2feaf3c95b1,古の才次郎先生,13,1812,1963,1,attribute_change,0.2673,0.3611,97,3,8,いいえ,古の才次郎先生 / ワロンマイナー輩先 / トマティーナ少佐 / みどりのたけしマン / 御嶽さん
1,615,em-1211d6248533,ピンクなコンクさん,32,3067,2044,1,damage_reduction,0.2671,0.3403,100,0,8,いいえ,ピンクなコンクさん / ワロンマイナー輩先 / 試作型おこしん / むぅむぅ / TAGOのBOOTH
1,616,em-8d320a6b7512,いびるん,6,500,600,5,guard,0.267,0.4444,100,0,8,いいえ,いびるん / モチノ・ウオ丸 / 超患部ぴよフェッサー / みどりのたけしマン / 白い悪魔の小町さん
1,617,em-b127f99ae530,キラー・ｻﾞ・ｷﾗｰ,55,5964,3408,2,damage_reduction,0.267,0.2917,95,5,7,いいえ,キラー・ｻﾞ・ｷﾗｰ / トマティーナ少佐 / 欣喜ぴよ子 / トキシッくんｵｯｽｵｯｽ / ハリウッドナナコ師匠
1,618,em-c3ea022d7d2f,にゅーさん,12,500,1900,3,guard,0.2669,0.4028,100,0,8,いいえ,にゅーさん / モチノ・ウオ丸 / サルパちゃん / ＢＥＷ雪玉 / シミ
1,619,em-90e071b9735c,乗り海苔カスティリャ,16,2707,1223,2,attribute_guard,0.2669,0.375,87,13,8,いいえ,乗り海苔カスティリャ / モチノ・ウオ丸 / 超患部ぴよフェッサー / トキシッくんｵｯｽｵｯｽ / まそお姉ちゃん
1,620,em-b08be1a4ca3f,中央アルプスの少女,6,500,300,3,damage_reduction,0.2668,0.4583,100,0,8,いいえ,中央アルプスの少女 / モチノ・ウオ丸 / 超患部ぴよフェッサー / みどりのたけしマン / 白い悪魔の小町さん
1,621,em-251adb8af3dc,にくぁう餃子権現,30,1365,3638,4,attack_buff,0.2668,0.3611,100,0,8,いいえ,にくぁう餃子権現 / ワロンマイナー輩先 / すわ子isGOD！ / 呼んでますトムさん / 白い悪魔の小町さん
1,622,em-acc7e76f32c6,満開☆チゥりっぷちゃん,20,563,2957,2,attribute_change,0.2666,0.375,100,0,8,いいえ,満開☆チゥりっぷちゃん / えかちぇたん / 摩陀羅　潮真 / ＢＥＷ雪玉 / シミ
1,623,em-07c5bc08f69e,朦朧ボディマンΩ,16,755,3020,10,multi_hit_attack,0.2661,0.3889,89,11,8,いいえ,朦朧ボディマンΩ / 夏至祭のヴァサクサ君 / 摩陀羅　潮真 / ＢＥＷ雪玉 / シミ
1,624,em-09a7a163b0cd,沼南ぱモーセ,38,2556,5623,2,attack_buff,0.2661,0.2986,99,1,8,いいえ,沼南ぱモーセ / ワロンマイナー輩先 / トマティーナ少佐 / 呼んでますトムさん / TAGOのBOOTH
1,625,em-76311eb8b6ba,Halloweenな藤原マミー,18,1208,1963,5,revive,0.2658,0.3958,95,5,7,いいえ,Halloweenな藤原マミー / 夏至祭のヴァサクサ君 / 摩陀羅　潮真 / ＢＥＷ雪玉 / 白い悪魔の小町さん
1,626,em-2d1c8d50a6d1,スマートouぼっと,17,2265,1510,5,damage_reduction,0.2657,0.3889,100,0,8,いいえ,スマートouぼっと / ワロンマイナー輩先 / 試作型おこしん / むぅむぅ / 御嶽さん
1,627,em-9329de26d52c,iびるん大魔王,14,1812,1963,5,guard,0.2655,0.3819,97,3,8,いいえ,iびるん大魔王 / ワロンマイナー輩先 / 試作型おこしん / むぅむぅ / 御嶽さん
1,628,em-b820799215bb,ベレンだガマ,15,1,2145,0,damage_reduction,0.2655,0.3681,99,1,8,いいえ,ベレンだガマ / ワロンマイナー輩先 / トマティーナ少佐 / みどりのたけしマン / 御嶽さん
1,629,em-d7e6501e0b63,ダークるる,60,4771,4771,3,damage_reduction,0.2654,0.2778,100,0,7,いいえ,ダークるる / ワロンマイナー輩先 / 試作型おこしん / ＢＥＷ雪玉 / ネムりん
1,630,em-0985c7675d5c,みかん姐さん,13,1100,600,4,aoe_attack,0.2652,0.4375,100,0,8,いいえ,みかん姐さん / ワロンマイナー輩先 / 摩陀羅　潮真 / 呼んでますトムさん / 御嶽さん
1,631,em-d603cde2467a,ほたるーニャん,5,450,650,4,attribute_change,0.2651,0.4375,95,5,8,いいえ,ほたるーニャん / ワロンマイナー輩先 / 大晦日のネギそば給仕少女 / 御嶽さん / ハリウッドナナコ師匠
1,632,em-bb2bd26d4796,のり男の浪漫,36,3098,2695,2,attribute_guard,0.2651,0.3264,100,0,8,いいえ,のり男の浪漫 / ワロンマイナー輩先 / トマティーナ少佐 / むぅむぅ / ハリウッドナナコ師匠
1,633,em-0bcb369cdcd9,キタキツネの神様,36,3748,4771,3,attack_buff,0.2651,0.3056,95,5,8,いいえ,キタキツネの神様 / 伝説のビスカやん！ / すわ子isGOD！ / ɚすぃとあろま？ / シミ
1,634,em-f895c0235d10,アスクとエムブラ,38,2737,4508,5,guard,0.265,0.3333,99,1,8,いいえ,アスクとエムブラ / ワロンマイナー輩先 / トマティーナ少佐 / 呼んでますトムさん / TAGOのBOOTH
1,635,em-ff9248487a17,じょーカー＆ちょーカー,14,800,1000,5,delay,0.2649,0.3958,97,3,8,いいえ,じょーカー＆ちょーカー / ワロンマイナー輩先 / 試作型おこしん / むぅむぅ / 御嶽さん
1,636,em-9bad632dc3a9,秋田世界発見伝,24,3838,845,4,guard,0.2648,0.3889,99,1,8,いいえ,秋田世界発見伝 / ワロンマイナー輩先 / 試作型おこしん / むぅむぅ / 白い悪魔の小町さん
1,637,em-55828eea72b7,スーリヤ大先輩,48,5360,1951,2,aoe_attack,0.2644,0.3194,98,2,7,いいえ,スーリヤ大先輩 / ワロンマイナー輩先 / 試作型おこしん / ɚすぃとあろま？ / TAGOのBOOTH
1,638,em-837ddd274c7d,夢見る夢ナマコ,15,2224,1226,6,attribute_guard,0.2643,0.3958,98,2,8,いいえ,夢見る夢ナマコ / ワロンマイナー輩先 / 試作型おこしん / むぅむぅ / 御嶽さん
1,639,em-1a5f7bc3661b,萌やし男子,7,300,700,4,attack_buff,0.2642,0.4375,97,3,8,いいえ,萌やし男子 / ワロンマイナー輩先 / 大晦日のネギそば給仕少女 / 御嶽さん / ハリウッドナナコ師匠
1,640,em-13af16d2213d,ににぎくん,8,590,630,6,attack_buff,0.2642,0.4375,97,3,8,いいえ,ににぎくん / モチノ・ウオ丸 / トマティーナ少佐 / むぅむぅ / わさわさ大根
1,641,em-4089c86a52af,夢奈・マコ,15,2470,1363,6,attribute_guard,0.264,0.3889,98,2,8,いいえ,夢奈・マコ / ワロンマイナー輩先 / 試作型おこしん / むぅむぅ / 御嶽さん
1,642,em-15b63ea7b4c3,タオるんさん先輩師匠,14,1510,2180,2,attribute_guard,0.2639,0.3681,98,2,8,いいえ,タオるんさん先輩師匠 / ワロンマイナー輩先 / トマティーナ少佐 / みどりのたけしマン / 御嶽さん
1,643,em-558066e14c81,ダブル・ブロッコリー,33,2595,2436,3,damage_reduction,0.2639,0.3542,99,1,8,いいえ,ダブル・ブロッコリー / 試作型おこしん / トマティーナ少佐 / みさきパイセン / シミ
1,644,em-554c0093231a,おあげさん,7,505,495,3,attack_buff,0.2638,0.4444,97,3,8,いいえ,おあげさん / ワロンマイナー輩先 / 大晦日のネギそば給仕少女 / 御嶽さん / ハリウッドナナコ師匠
1,645,em-4c448c54f095,実底超真幽子さん,15,1187,1215,5,revive,0.2638,0.4167,95,5,8,いいえ,実底超真幽子さん / えかちぇたん / 試作型おこしん / 呼んでますトムさん / 御嶽さん
1,646,em-461e884c1b94,ひろし多美子,8,590,615,6,attack_buff,0.2637,0.4375,97,3,8,いいえ,ひろし多美子 / モチノ・ウオ丸 / トマティーナ少佐 / むぅむぅ / わさわさ大根
1,647,em-462884d3af90,青竜ニート,4,346,397,6,heal,0.2636,0.4444,92,8,8,いいえ,青竜ニート / えかちぇたん / トマティーナ少佐 / みどりのたけしマン / 白い悪魔の小町さん
1,648,em-6193e7af4d97,がうがうは考える,44,1704,5964,3,damage_reduction,0.2632,0.3125,100,0,7,いいえ,がうがうは考える / ワロンマイナー輩先 / トマティーナ少佐 / みさきパイセン / ハリウッドナナコ師匠
1,649,em-bc2106c87bcd,?????,15,511,2811,3,damage_reduction,0.2631,0.375,99,1,8,いいえ,????? / ワロンマイナー輩先 / トマティーナ少佐 / みどりのたけしマン / 御嶽さん
1,650,em-4d9586371e6c,鞭・打つ子さん,38,4106,4106,3,multi_hit_attack,0.2629,0.3056,91,9,8,いいえ,鞭・打つ子さん / 伝説のビスカやん！ / 超患部ぴよフェッサー / ɚすぃとあろま？ / TAGOのBOOTH
1,651,em-4efe36123302,輝け☆椛マン！,35,4260,3408,3,heal,0.2624,0.3125,100,0,8,いいえ,輝け☆椛マン！ / 試作型おこしん / すわ子isGOD！ / 呼んでますトムさん / 白い悪魔の小町さん
1,652,em-7747ea5c5a73,諏訪子成長期,38,3067,5623,3,multi_hit_attack,0.2623,0.2917,100,0,8,いいえ,諏訪子成長期 / ワロンマイナー輩先 / 欣喜ぴよ子 / 呼んでますトムさん / 白い悪魔の小町さん
1,653,em-8594f11c20bf,替え玉ひろし,12,790,810,5,attack_buff,0.2622,0.4306,100,0,8,いいえ,替え玉ひろし / ワロンマイナー輩先 / 大晦日のネギそば給仕少女 / むぅむぅ / ハリウッドナナコ師匠
1,654,em-99460641a41d,奇岩妖精ペリバじゃん,40,6816,852,3,attack_buff,0.2621,0.3472,100,0,8,いいえ,奇岩妖精ペリバじゃん / ワロンマイナー輩先 / 試作型おこしん / 呼んでますトムさん / 白い悪魔の小町さん
1,655,em-322b7fbdab7e,むろまち様,34,2556,5112,7,aoe_attack,0.2621,0.3264,94,6,8,いいえ,むろまち様 / ワロンマイナー輩先 / 試作型おこしん / 呼んでますトムさん / 白い悪魔の小町さん
1,656,em-bffb26ad3975,アイヌ☆らっくるん,60,2896,6645,2,attack_buff,0.2621,0.2847,96,4,7,いいえ,アイヌ☆らっくるん / ワロンマイナー輩先 / 欣喜ぴよ子 / ＢＥＷ雪玉 / ハリウッドナナコ師匠
1,657,em-b078ec458c73,ににぎさん,12,770,830,6,attack_buff,0.2619,0.4306,100,0,8,いいえ,ににぎさん / ワロンマイナー輩先 / 大晦日のネギそば給仕少女 / むぅむぅ / ハリウッドナナコ師匠
1,658,em-5b3eb6a3a507,なるリッシュ,20,1812,1510,2,attack_buff,0.2619,0.3819,100,0,8,いいえ,なるリッシュ / えかちぇたん / 摩陀羅　潮真 / ＢＥＷ雪玉 / シミ
1,659,em-73a9cdab3511,リンゴール子爵,3,300,200,4,delay,0.2618,0.4514,86,14,8,いいえ,リンゴール子爵 / えかちぇたん / 摩陀羅　潮真 / 呼んでますトムさん / 眠里　不可緒
1,660,em-313faf3b400a,バルパラ★イソ子,36,3237,3067,1,attribute_guard,0.2618,0.3125,100,0,8,いいえ,バルパラ★イソ子 / 夏至祭のヴァサクサ君 / すわ子isGOD！ / ＢＥＷ雪玉 / シミ
1,661,em-438753e77e6c,デロスの月陽姉弟,41,3237,5453,2,heal,0.2615,0.2847,99,1,8,いいえ,デロスの月陽姉弟 / えかちぇたん / トマティーナ少佐 / ɚすぃとあろま？ / ハリウッドナナコ師匠
1,662,em-7e127d8718a5,魔人エビユルゲ,4,410,370,3,attribute_change,0.2614,0.4444,87,13,8,いいえ,魔人エビユルゲ / えかちぇたん / 摩陀羅　潮真 / 呼んでますトムさん / 眠里　不可緒
1,663,em-b0bd2882f199,タオるん,6,500,600,5,attribute_guard,0.2613,0.4375,100,0,8,いいえ,タオるん / モチノ・ウオ丸 / 超患部ぴよフェッサー / みどりのたけしマン / 白い悪魔の小町さん
1,664,em-d111f497df0f,湘南大水曜日ボーイ,40,2044,5623,4,attack_buff,0.2612,0.3125,100,0,8,いいえ,湘南大水曜日ボーイ / ワロンマイナー輩先 / 試作型おこしん / 呼んでますトムさん / 白い悪魔の小町さん
1,665,em-34853ed0f0f8,ユーコちゃん,24,2556,1533,4,revive,0.261,0.3819,100,0,8,いいえ,ユーコちゃん / モチノ・ウオ丸 / トマティーナ少佐 / みどりのたけしマン / ハリウッドナナコ師匠
1,666,em-547d0e27e1f1,魚堅くん,3,400,500,7,skill_reduction,0.2605,0.4236,86,14,8,いいえ,魚堅くん / えかちぇたん / 摩陀羅　潮真 / 呼んでますトムさん / 眠里　不可緒
1,667,em-58b6cf5f2d45,忍者！フゥーま,6,500,500,5,guard,0.2604,0.4375,100,0,8,いいえ,忍者！フゥーま / モチノ・ウオ丸 / 超患部ぴよフェッサー / みどりのたけしマン / 白い悪魔の小町さん
1,668,em-e3dab98c64af,試作型おこしん,8,2265,1510,2,attribute_guard,0.2603,0.3681,99,1,7,いいえ,試作型おこしん / 夏至祭のヴァサクサ君 / トランシルヴァニア家族 / ＢＥＷ雪玉 / シミ
1,669,em-cdd7690ef318,京都コーラマン,59,5959,2800,4,damage_reduction,0.2603,0.3056,100,0,7,いいえ,京都コーラマン / ワロンマイナー輩先 / トマティーナ少佐 / おたべ妖精 / ハリウッドナナコ師匠
1,670,em-3911cf0df99b,あずま京子という女,14,1687,1687,3,damage_reduction,0.26,0.375,97,3,8,いいえ,あずま京子という女 / ワロンマイナー輩先 / 試作型おこしん / むぅむぅ / 御嶽さん
1,671,em-a85f091d502f,スウェルくん,11,1452,2058,2,damage_reduction,0.2599,0.3611,87,13,8,いいえ,スウェルくん / 夏至祭のヴァサクサ君 / トマティーナ少佐 / みさきパイセン / シミ
1,672,em-4f7f91fb4514,うどんの天使,42,3067,3748,1,attack_buff,0.2598,0.2917,99,1,8,いいえ,うどんの天使 / ワロンマイナー輩先 / トマティーナ少佐 / みどりのたけしマン / ハリウッドナナコ師匠
1,673,em-814e01d05463,非伝説の潮真,60,7535,2423,1,attribute_guard,0.2597,0.2569,100,0,7,いいえ,非伝説の潮真 / ワロンマイナー輩先 / 試作型おこしん / おたべ妖精 / アグスティンさん
1,674,em-c67ab163f5d6,さくらこはダムです,12,2092,735,1,attribute_guard,0.2596,0.3958,100,0,8,いいえ,さくらこはダムです / モチノ・ウオ丸 / サルパちゃん / ＢＥＷ雪玉 / シミ
1,675,em-74a94c7750af,スーちゃん,8,603,603,1,attribute_change,0.2594,0.4167,98,2,8,いいえ,スーちゃん / モチノ・ウオ丸 / トマティーナ少佐 / むぅむぅ / 速いぞサラマンダー！
1,676,em-455191024aba,偉いぞさいごー丼,15,2718,1132,3,attribute_guard,0.2594,0.3819,98,2,8,いいえ,偉いぞさいごー丼 / ワロンマイナー輩先 / 試作型おこしん / むぅむぅ / 御嶽さん
1,677,em-e275020a88a0,あん子ちゃん,4,289,300,4,heal,0.2593,0.4444,92,8,8,いいえ,あん子ちゃん / えかちぇたん / トマティーナ少佐 / みどりのたけしマン / 白い悪魔の小町さん
1,678,em-bf58cd7d185a,ホーク元船長,12,700,1100,1,attribute_guard,0.2593,0.4028,100,0,8,いいえ,ホーク元船長 / モチノ・ウオ丸 / サルパちゃん / ＢＥＷ雪玉 / シミ
1,679,em-e128354ca2de,シュレーダー帝,31,1795,3097,6,revive,0.2593,0.3611,100,0,8,いいえ,シュレーダー帝 / えかちぇたん / ????? / ɚすぃとあろま？ / TAGOのBOOTH
1,680,em-bd2931324bdc,夢ナマコちゃん,15,1976,1090,6,attribute_guard,0.2591,0.3958,98,2,8,いいえ,夢ナマコちゃん / ワロンマイナー輩先 / 試作型おこしん / むぅむぅ / 御嶽さん
1,681,em-6ecee0316b6d,梵天。,15,1100,1300,6,aoe_attack,0.2587,0.4097,100,0,8,いいえ,梵天。 / モチノ・ウオ丸 / 超患部ぴよフェッサー / みどりのたけしマン / まそお姉ちゃん
1,682,em-3fef7ee3dc51,トゥバタハのシレーナ,60,3919,4601,3,aoe_attack,0.2587,0.2917,100,0,7,いいえ,トゥバタハのシレーナ / ワロンマイナー輩先 / 欣喜ぴよ子 / ɚすぃとあろま？ / ハリウッドナナコ師匠
1,683,em-a48bcdd76e03,サーファー岡田,15,419,1298,4,attack_buff,0.2586,0.4167,100,0,8,いいえ,サーファー岡田 / 伝説のビスカやん！ / 田島の春 / ɚすぃとあろま？ / シミ
1,684,em-78804a795640,ズンビージョンきゅん,39,1448,4771,6,revive,0.2585,0.3403,100,0,8,いいえ,ズンビージョンきゅん / 伝説のビスカやん！ / 摩陀羅　潮真 / ＢＥＷ雪玉 / TAGOのBOOTH
1,685,em-2f505dd0418a,とちぎソウル,4,150,400,5,attack_buff,0.2581,0.4444,98,2,8,いいえ,とちぎソウル / モチノ・ウオ丸 / 超患部ぴよフェッサー / みどりのたけしマン / 白い悪魔の小町さん
1,686,em-c7ca0cfdb77b,護国の盾,14,1887,1510,5,attribute_guard,0.2577,0.3819,97,3,8,いいえ,護国の盾 / ワロンマイナー輩先 / 試作型おこしん / むぅむぅ / 御嶽さん
1,687,em-42b503c8643c,姉上と青コリくん,48,3322,3322,0,damage_reduction,0.2575,0.2778,99,1,7,いいえ,姉上と青コリくん / ワロンマイナー輩先 / すわ子isGOD！ / 呼んでますトムさん / ハリウッドナナコ師匠
1,688,em-cc1dd429dace,?????,58,4171,4737,1,damage_reduction,0.2575,0.25,99,1,7,いいえ,????? / ワロンマイナー輩先 / トマティーナ少佐 / おたべ妖精 / ハリウッドナナコ師匠
1,689,em-804c07b6fa9a,メル子ちゃん,6,400,600,4,attack_buff,0.2572,0.4306,96,4,8,いいえ,メル子ちゃん / ワロンマイナー輩先 / 大晦日のネギそば給仕少女 / 御嶽さん / ハリウッドナナコ師匠
1,690,em-511e9ea676be,Woo怪さま,10,700,1100,5,multi_hit_attack,0.2571,0.4097,100,0,8,いいえ,Woo怪さま / ワロンマイナー輩先 / 大晦日のネギそば給仕少女 / 御嶽さん / ハリウッドナナコ師匠
1,691,em-74b9082a787c,暫時バル状態,19,2938,838,4,damage_reduction,0.2571,0.375,94,6,8,いいえ,暫時バル状態 / ワロンマイナー輩先 / 試作型おこしん / むぅむぅ / 白い悪魔の小町さん
1,692,em-f334c541bf84,納得ん★福曼荼羅,17,1763,1860,2,attribute_change,0.2564,0.3681,97,3,8,いいえ,納得ん★福曼荼羅 / えかちぇたん / 摩陀羅　潮真 / ＢＥＷ雪玉 / シミ
1,693,em-172b59ddb28b,白虎ニート,4,314,296,5,attack_buff,0.2563,0.4444,98,2,8,いいえ,白虎ニート / モチノ・ウオ丸 / 超患部ぴよフェッサー / みどりのたけしマン / 白い悪魔の小町さん
1,694,em-7f3eb7b8272c,にゅー先生,15,700,2200,2,guard,0.2563,0.3681,99,1,8,いいえ,にゅー先生 / ワロンマイナー輩先 / トマティーナ少佐 / みどりのたけしマン / 御嶽さん
1,695,em-53e02d48f02a,It’s a ちーちゃん,33,6816,149,2,multi_hit_attack,0.2563,0.3542,97,3,8,いいえ,It’s a ちーちゃん / 伝説のビスカやん！ / 摩陀羅　潮真 / ＢＥＷ雪玉 / シミ
1,696,em-48b5d909c409,南紀な白良さん,15,800,800,4,attack_buff,0.2561,0.4236,95,5,8,いいえ,南紀な白良さん / えかちぇたん / 摩陀羅　潮真 / ＢＥＷ雪玉 / シミ
1,697,em-6572f5492885,ネオニート,6,330,306,6,attribute_guard,0.2556,0.4444,100,0,8,いいえ,ネオニート / モチノ・ウオ丸 / 超患部ぴよフェッサー / みどりのたけしマン / 白い悪魔の小町さん
1,698,em-53cfa10130db,みさきちゃん,10,800,1000,5,multi_hit_attack,0.2555,0.4097,100,0,8,いいえ,みさきちゃん / ワロンマイナー輩先 / 大晦日のネギそば給仕少女 / 御嶽さん / ハリウッドナナコ師匠
1,699,em-480a0eef6d7b,ピカリャー射的ｽﾀｲﾙ,45,3786,3786,2,aoe_attack,0.2554,0.2986,98,2,8,いいえ,ピカリャー射的ｽﾀｲﾙ / ワロンマイナー輩先 / 摩陀羅　潮真 / ＢＥＷ雪玉 / ハリウッドナナコ師匠
1,700,em-f3be7c12380c,魔女ランダ,44,3067,5623,2,attribute_change,0.2552,0.2708,100,0,8,いいえ,魔女ランダ / ワロンマイナー輩先 / トマティーナ少佐 / 呼んでますトムさん / 速いぞサラマンダー！
1,701,em-57e25e9e3446,にゅーくん,8,400,1700,4,guard,0.2547,0.3889,100,0,8,いいえ,にゅーくん / ワロンマイナー輩先 / 田島の春 / むぅむぅ / ハリウッドナナコ師匠
1,702,em-11e2e69b2674,フクさん,5,400,500,3,attribute_change,0.2544,0.4306,95,5,8,いいえ,フクさん / ワロンマイナー輩先 / 大晦日のネギそば給仕少女 / 御嶽さん / ハリウッドナナコ師匠
1,703,em-e4cc96d741ac,クル彦さん,9,702,702,1,attribute_change,0.2543,0.4097,99,1,8,いいえ,クル彦さん / ワロンマイナー輩先 / 大晦日のネギそば給仕少女 / 御嶽さん / ハリウッドナナコ師匠
1,704,em-6145c94ca696,ｽﾌﾟﾗ♡な琵琶子たん,13,1213,1190,3,damage_reduction,0.2542,0.3889,100,0,8,いいえ,ｽﾌﾟﾗ♡な琵琶子たん / えかちぇたん / 超患部ぴよフェッサー / むぅむぅ / TAGOのBOOTH
1,705,em-2d3e693a8406,ツキマシモン,35,3919,1704,2,attack_buff,0.254,0.3333,100,0,8,いいえ,ツキマシモン / ワロンマイナー輩先 / 摩陀羅　潮真 / ＢＥＷ雪玉 / TAGOのBOOTH
1,706,em-fbb333645878,戸隠ちび大助,14,226,2193,2,attack_buff,0.2539,0.375,95,5,8,いいえ,戸隠ちび大助 / ワロンマイナー輩先 / すわ子isGOD！ / 呼んでますトムさん / 八狗神伏姫様
1,707,em-31faaa08a3e5,ジャノメぴよ子,8,1105,1122,7,attribute_guard,0.2538,0.3958,91,9,8,いいえ,ジャノメぴよ子 / ワロンマイナー輩先 / 試作型おこしん / むぅむぅ / 御嶽さん
1,708,em-6197bad49878,水島神人,6,700,300,5,guard,0.2536,0.4375,100,0,8,いいえ,水島神人 / モチノ・ウオ丸 / 超患部ぴよフェッサー / みどりのたけしマン / 白い悪魔の小町さん
1,709,em-85a7b3e2cb7d,剥ぐぞ！ナモミ先生,16,400,2100,2,attack_buff,0.2533,0.375,97,3,8,いいえ,剥ぐぞ！ナモミ先生 / ワロンマイナー輩先 / すわ子isGOD！ / 呼んでますトムさん / 八狗神伏姫様
1,710,em-11cceded3ad2,創造主・アヌンナキ,70,4260,5964,3,damage_reduction,0.2533,0.2569,99,1,5,いいえ,創造主・アヌンナキ / 試作型おこしん / トキシッくんｵｯｽｵｯｽ / おたべ妖精 / ハリウッドナナコ師匠
1,711,em-563e34211286,大抵カールのせい,50,4686,5112,1,damage_reduction,0.2533,0.2361,99,1,7,いいえ,大抵カールのせい / トマティーナ少佐 / トキシッくんｵｯｽｵｯｽ / ɚすぃとあろま？ / アグスティンさん
1,712,em-6e37519134b1,スワン君,4,310,302,6,skill_reduction,0.2532,0.4306,87,13,8,いいえ,スワン君 / えかちぇたん / 摩陀羅　潮真 / 呼んでますトムさん / 眠里　不可緒
1,713,em-cdfbe8acd59f,はんばー先輩,24,4444,563,2,revive,0.2531,0.3681,100,0,8,いいえ,はんばー先輩 / モチノ・ウオ丸 / トマティーナ少佐 / みどりのたけしマン / ハリウッドナナコ師匠
1,714,em-74c87c37d930,むぅむぅ,30,2839,2525,3,multi_hit_attack,0.2531,0.3333,94,6,8,いいえ,むぅむぅ / 伝説のビスカやん！ / 摩陀羅　潮真 / ＢＥＷ雪玉 / シミ
1,715,em-618372c0cf56,しょーか先生,10,800,900,5,multi_hit_attack,0.253,0.4097,100,0,8,いいえ,しょーか先生 / ワロンマイナー輩先 / 大晦日のネギそば給仕少女 / 御嶽さん / ハリウッドナナコ師匠
1,716,em-ed68f4e03a58,欣喜ぴよ子,10,1785,1812,2,guard,0.253,0.3542,86,14,8,いいえ,欣喜ぴよ子 / 夏至祭のヴァサクサ君 / トマティーナ少佐 / みさきパイセン / シミ
1,717,em-d138d4e46038,きぬたン,48,3067,4771,2,attack_buff,0.2526,0.2708,98,2,7,いいえ,きぬたン / ワロンマイナー輩先 / 試作型おこしん / ɚすぃとあろま？ / TAGOのBOOTH
1,718,em-c358a9d61a43,PiぐPeんとBiぐBeん,15,1208,1510,2,attack_buff,0.2524,0.3819,100,0,8,いいえ,PiぐPeんとBiぐBeん / えかちぇたん / トマティーナ少佐 / みどりのたけしマン / 鮫っ子！フカオちゃん
1,719,em-4d6101ee96b0,フィッシャーマン３,8,520,470,1,heal,0.2522,0.4236,95,5,8,いいえ,フィッシャーマン３ / えかちぇたん / 摩陀羅　潮真 / むぅむぅ / ハリウッドナナコ師匠
1,720,em-2e5137a70580,やまとーる君,6,600,300,7,damage_reduction,0.2521,0.4375,100,0,8,いいえ,やまとーる君 / モチノ・ウオ丸 / 超患部ぴよフェッサー / みどりのたけしマン / 白い悪魔の小町さん
1,721,em-f8bc07a12f5c,Ir☆D☆F！,19,1,2839,6,attribute_guard,0.2519,0.3681,94,6,8,いいえ,Ir☆D☆F！ / ワロンマイナー輩先 / 試作型おこしん / むぅむぅ / 白い悪魔の小町さん
1,722,em-6d1e4c915f30,チートモードな楽趣味さん,48,5964,1278,1,multi_hit_attack,0.2518,0.2986,98,2,7,いいえ,チートモードな楽趣味さん / ワロンマイナー輩先 / 試作型おこしん / ɚすぃとあろま？ / TAGOのBOOTH
1,723,em-3bdc05dce56c,シャボテンコンビ,14,600,800,6,revive,0.2516,0.4167,81,19,8,いいえ,シャボテンコンビ / ワロンマイナー輩先 / 摩陀羅　潮真 / ɚすぃとあろま？ / まそお姉ちゃん
1,724,em-737815742386,タオるんさん先輩,12,800,1000,3,attribute_guard,0.2515,0.4028,100,0,8,いいえ,タオるんさん先輩 / モチノ・ウオ丸 / サルパちゃん / ＢＥＷ雪玉 / シミ
1,725,em-37e222cb9f2b,いんばーぬたん,53,3748,4771,2,attack_buff,0.2512,0.2708,99,1,7,いいえ,いんばーぬたん / ワロンマイナー輩先 / トマティーナ少佐 / ɚすぃとあろま？ / ハリウッドナナコ師匠
1,726,em-09abce425d92,超悦者・有砂小町,60,5453,5453,5,attribute_change,0.2512,0.2639,100,0,8,いいえ,超悦者・有砂小町 / ワロンマイナー輩先 / 試作型おこしん / おたべ妖精 / アグスティンさん
1,727,em-d35809f53912,鎌倉式ＤＢ２零式,15,1807,856,9,guard,0.2509,0.3958,98,2,8,いいえ,鎌倉式ＤＢ２零式 / ワロンマイナー輩先 / 試作型おこしん / むぅむぅ / 御嶽さん
1,728,em-d7e5ef0e4b97,実はこんにゃくちゃん,9,1198,1204,7,guard,0.2507,0.3889,92,8,8,いいえ,実はこんにゃくちゃん / ワロンマイナー輩先 / 試作型おこしん / むぅむぅ / 御嶽さん
1,729,em-9c40d906d190,フィッシャーマン,4,296,314,1,heal,0.2506,0.4306,99,1,8,いいえ,フィッシャーマン / モチノ・ウオ丸 / 試作型おこしん / みどりのたけしマン / 御嶽さん
1,730,em-8c223847d1b4,皐月ぴよ子,5,555,555,0,none,0.2505,0.3958,100,0,8,いいえ,皐月ぴよ子 / 超患部ぴよフェッサー / 摩陀羅　潮真 / むぅむぅ / リチャード・リターンズ
1,731,em-c6a0a8b51afe,ライオットうお太,41,3152,4175,4,damage_reduction,0.2505,0.3125,99,1,8,いいえ,ライオットうお太 / ワロンマイナー輩先 / トマティーナ少佐 / ɚすぃとあろま？ / TAGOのBOOTH
1,732,em-ec5b8324ab06,袴着！いつくしーみん,36,3401,3401,2,attack_buff,0.2504,0.2917,98,2,8,いいえ,袴着！いつくしーみん / 試作型おこしん / 超患部ぴよフェッサー / 呼んでますトムさん / 白い悪魔の小町さん
1,733,em-a87c308ef7c4,トミスLOVE様,52,4686,4686,4,revive,0.2503,0.2778,100,0,7,いいえ,トミスLOVE様 / えかちぇたん / 欣喜ぴよ子 / ＢＥＷ雪玉 / ハリウッドナナコ師匠
1,734,em-dce9e83b7c07,長靴履いたなろう猫,42,3786,2726,3,attribute_change,0.2502,0.3264,100,0,8,いいえ,長靴履いたなろう猫 / ワロンマイナー輩先 / トマティーナ少佐 / ɚすぃとあろま？ / TAGOのBOOTH
1,735,em-1555cadff0cf,おぅぼっと,6,800,300,4,damage_reduction,0.2499,0.4306,100,0,8,いいえ,おぅぼっと / モチノ・ウオ丸 / 超患部ぴよフェッサー / みどりのたけしマン / 白い悪魔の小町さん
1,736,em-e718c5b250d7,彩れくたにん,9,600,700,2,attribute_change,0.2497,0.4097,99,1,8,いいえ,彩れくたにん / ワロンマイナー輩先 / 大晦日のネギそば給仕少女 / 御嶽さん / ハリウッドナナコ師匠
1,737,em-a44b56d26d84,聖夜の又マタドーるん,45,3919,4260,1,damage_reduction,0.2491,0.25,100,0,8,いいえ,聖夜の又マタドーるん / ワロンマイナー輩先 / トマティーナ少佐 / 呼んでますトムさん / わさわさ大根
1,738,em-fa9285840bae,白虎むりょく,4,158,149,5,attack_buff,0.2487,0.4444,98,2,8,いいえ,白虎むりょく / モチノ・ウオ丸 / 超患部ぴよフェッサー / みどりのたけしマン / 白い悪魔の小町さん
1,739,em-90f39743f105,伝説の牛タソ,19,2269,302,3,guard,0.2486,0.4097,92,8,8,いいえ,伝説の牛タソ / えかちぇたん / トマティーナ少佐 / ɚすぃとあろま？ / シミ
1,740,em-458c94f99220,ほたるーニャ,3,350,500,5,attribute_change,0.2485,0.4236,86,14,8,いいえ,ほたるーニャ / えかちぇたん / 摩陀羅　潮真 / 呼んでますトムさん / 眠里　不可緒
1,741,em-e9b3dc6478a4,アヌラさま,33,2495,2978,2,attribute_guard,0.2483,0.3125,100,0,8,いいえ,アヌラさま / えかちぇたん / 超患部ぴよフェッサー / みさきパイセン / ハリウッドナナコ師匠
1,742,em-d9e193a7c929,斑鳩の太子くん,36,4260,2896,2,heal,0.2483,0.2917,89,11,8,いいえ,斑鳩の太子くん / 夏至祭のヴァサクサ君 / すわ子isGOD！ / ɚすぃとあろま？ / ハリウッドナナコ師匠
1,743,em-609b9d122d32,ネオむりょく,6,168,149,6,guard,0.2482,0.4444,100,0,8,いいえ,ネオむりょく / モチノ・ウオ丸 / 超患部ぴよフェッサー / みどりのたけしマン / 白い悪魔の小町さん
1,744,em-ab3947962bd3,姫騎士なコンクさん,60,4856,3237,1,damage_reduction,0.2479,0.2569,100,0,7,いいえ,姫騎士なコンクさん / ワロンマイナー輩先 / 試作型おこしん / ＢＥＷ雪玉 / ネムりん
1,745,em-e900d5955acf,凄いぞさいごー丼,13,1050,650,3,attribute_guard,0.2478,0.4097,100,0,8,いいえ,凄いぞさいごー丼 / えかちぇたん / 超患部ぴよフェッサー / むぅむぅ / TAGOのBOOTH
1,746,em-c750011c554d,夢奈マコ（16才）,60,7497,2130,5,guard,0.2475,0.2847,100,0,7,いいえ,夢奈マコ（16才） / ワロンマイナー輩先 / 試作型おこしん / おたべ妖精 / アグスティンさん
1,747,em-bbcbbb9fef0a,こっちの大谷,6,1000,100,3,damage_reduction,0.2471,0.4375,100,0,8,いいえ,こっちの大谷 / モチノ・ウオ丸 / 超患部ぴよフェッサー / みどりのたけしマン / 白い悪魔の小町さん
1,748,em-f49b19428b58,ちび丸のハロウィン,17,255,2896,4,revive,0.2471,0.3611,97,3,7,いいえ,ちび丸のハロウィン / えかちぇたん / 試作型おこしん / 呼んでますトムさん / 御嶽さん
1,749,em-a0e736cc95fd,ユッフィーさん,12,704,700,5,attack_buff,0.2468,0.4097,100,0,8,いいえ,ユッフィーさん / ワロンマイナー輩先 / 大晦日のネギそば給仕少女 / むぅむぅ / ハリウッドナナコ師匠
1,750,em-618de9bba906,関大先生,9,1201,1201,3,guard,0.2468,0.3819,100,0,8,いいえ,関大先生 / 夏至祭のヴァサクサ君 / トランシルヴァニア家族 / ＢＥＷ雪玉 / シミ
1,751,em-c61b3e98a989,荒波のはたはタン,4,400,300,5,heal,0.2466,0.4236,92,8,8,いいえ,荒波のはたはタン / えかちぇたん / トマティーナ少佐 / みどりのたけしマン / 白い悪魔の小町さん
1,752,em-aad8fae6b05f,やまとーる海佐,12,1000,700,5,damage_reduction,0.2465,0.4097,100,0,8,いいえ,やまとーる海佐 / モチノ・ウオ丸 / サルパちゃん / ＢＥＷ雪玉 / シミ
1,753,em-95d137a7328a,バス・スミスくん,6,900,200,5,attribute_guard,0.2464,0.4306,100,0,8,いいえ,バス・スミスくん / モチノ・ウオ丸 / 超患部ぴよフェッサー / みどりのたけしマン / 白い悪魔の小町さん
1,754,em-7e35b72ac7e4,琵琶子ｲﾘｭｰｼﾞｮﾝ！,13,1809,1190,3,damage_reduction,0.2464,0.375,100,0,8,いいえ,琵琶子ｲﾘｭｰｼﾞｮﾝ！ / えかちぇたん / 超患部ぴよフェッサー / むぅむぅ / TAGOのBOOTH
1,755,em-9d8b6a4d2c9c,はたはタン,3,300,200,5,heal,0.2463,0.4306,91,9,8,いいえ,はたはタン / えかちぇたん / トマティーナ少佐 / みどりのたけしマン / 白い悪魔の小町さん
1,756,em-0e6d3baf12ca,ネギ少女じゅんちゃん,36,3544,3544,1,heal,0.2463,0.2639,99,1,8,いいえ,ネギ少女じゅんちゃん / えかちぇたん / すわ子isGOD！ / 呼んでますトムさん / ハリウッドナナコ師匠
1,757,em-2a6ad62952da,スホクラント先生,15,1841,904,3,damage_reduction,0.2462,0.3819,98,2,8,いいえ,スホクラント先生 / ワロンマイナー輩先 / 試作型おこしん / むぅむぅ / 御嶽さん
1,758,em-5f9efdc805e5,呼んでますトムさん,15,1269,1269,3,attribute_guard,0.2458,0.3681,98,2,8,いいえ,呼んでますトムさん / ワロンマイナー輩先 / 試作型おこしん / むぅむぅ / 御嶽さん
1,759,em-1a835be38386,朱雀ニート,5,320,320,6,revive,0.2456,0.4236,93,7,8,いいえ,朱雀ニート / えかちぇたん / トマティーナ少佐 / みどりのたけしマン / 白い悪魔の小町さん
1,760,em-94033ed8057b,幽子さん,4,300,312,8,revive,0.2453,0.4236,92,8,8,いいえ,幽子さん / えかちぇたん / トマティーナ少佐 / みどりのたけしマン / 白い悪魔の小町さん
1,761,em-f354ab7f7554,漆黒のいびるん,12,800,1000,5,guard,0.2453,0.4028,100,0,8,いいえ,漆黒のいびるん / モチノ・ウオ丸 / サルパちゃん / ＢＥＷ雪玉 / シミ
1,762,em-2be7abbe40d1,大晦日！ナモミ先輩,14,300,1700,2,attack_buff,0.2453,0.375,95,5,8,いいえ,大晦日！ナモミ先輩 / ワロンマイナー輩先 / すわ子isGOD！ / 呼んでますトムさん / 八狗神伏姫様
1,763,em-337e85c2cd90,ユーコ☆スターダスト,60,6053,4354,4,revive,0.2452,0.2569,99,1,7,いいえ,ユーコ☆スターダスト / 総統エビユルゲ / トマティーナ少佐 / ɚすぃとあろま？ / ハリウッドナナコ師匠
1,764,em-8b0ee22a5cd7,ドナドナう皮,26,1676,1664,3,guard,0.2451,0.3611,96,4,8,いいえ,ドナドナう皮 / ワロンマイナー輩先 / すわ子isGOD！ / 呼んでますトムさん / 白い悪魔の小町さん
1,765,em-f9fcb91b983d,アエネウスと弟くん,60,4175,4175,0,damage_reduction,0.2451,0.2222,100,0,7,いいえ,アエネウスと弟くん / ワロンマイナー輩先 / 試作型おこしん / おたべ妖精 / アグスティンさん
1,766,em-2a20d82018a7,強飯式太子君,43,4771,3408,1,heal,0.245,0.25,99,1,8,いいえ,強飯式太子君 / 伝説のビスカやん！ / 試作型おこしん / 呼んでますトムさん / 白い悪魔の小町さん
1,767,em-53a13d10258e,コドモドラゴン！,10,1833,987,3,damage_reduction,0.2447,0.375,93,7,8,いいえ,コドモドラゴン！ / ワロンマイナー輩先 / 試作型おこしん / むぅむぅ / 御嶽さん
1,768,em-922ebe667c19,けねず先輩,12,800,800,4,damage_reduction,0.2446,0.4028,100,0,8,いいえ,けねず先輩 / モチノ・ウオ丸 / サルパちゃん / ＢＥＷ雪玉 / シミ
1,769,em-cc0425cf3835,鎌倉式ＤＢ２改,12,1200,612,8,guard,0.2444,0.4097,100,0,8,いいえ,鎌倉式ＤＢ２改 / モチノ・ウオ丸 / サルパちゃん / ＢＥＷ雪玉 / シミ
1,770,em-0e768525b557,ヘラクレス先輩,70,5885,6230,4,multi_hit_attack,0.2442,0.2361,99,1,5,いいえ,ヘラクレス先輩 / 試作型おこしん / トキシッくんｵｯｽｵｯｽ / おたべ妖精 / ハリウッドナナコ師匠
1,771,em-ec43e91715ed,大谷雪之ちゃん,13,3171,604,2,damage_reduction,0.2439,0.3681,100,0,8,いいえ,大谷雪之ちゃん / えかちぇたん / 超患部ぴよフェッサー / むぅむぅ / TAGOのBOOTH
1,772,em-608e027bd3d8,建国の騎士団,12,800,700,8,attribute_guard,0.2436,0.4097,100,0,8,いいえ,建国の騎士団 / モチノ・ウオ丸 / サルパちゃん / ＢＥＷ雪玉 / シミ
1,773,em-7f906b3752a5,華麗なびわ子たん,10,1213,1190,3,damage_reduction,0.2435,0.375,93,7,8,いいえ,華麗なびわ子たん / ワロンマイナー輩先 / 試作型おこしん / むぅむぅ / 御嶽さん
1,774,em-d46e72def2a2,いつくしーみん,8,380,840,2,attack_buff,0.2431,0.3958,98,2,8,いいえ,いつくしーみん / ワロンマイナー輩先 / 大晦日のネギそば給仕少女 / 御嶽さん / ハリウッドナナコ師匠
1,775,em-5f311c45014a,パーントゥ大先生,37,2409,4819,3,attack_buff,0.2431,0.2847,100,0,8,いいえ,パーントゥ大先生 / ワロンマイナー輩先 / トマティーナ少佐 / 呼んでますトムさん / 鎌倉式ＤＢ２涅槃型改
1,776,em-3bd6544e0bce,窓辺のやまなしーヌ,13,700,800,4,skill_reduction,0.2425,0.3819,100,0,8,いいえ,窓辺のやまなしーヌ / モチノ・ウオ丸 / サルパちゃん / おたべ妖精 / シミ
1,777,em-454ebee4a0cd,3人はフォニピュア,60,4941,3578,2,damage_reduction,0.2422,0.2569,100,0,7,いいえ,3人はフォニピュア / ワロンマイナー輩先 / 試作型おこしん / ＢＥＷ雪玉 / ネムりん
1,778,em-4bb28e84009d,吉野スライメスト,13,1809,735,5,guard,0.2413,0.3819,96,4,8,いいえ,吉野スライメスト / ワロンマイナー輩先 / 試作型おこしん / むぅむぅ / 御嶽さん
1,779,em-492dd4b96b0e,中央アルプスの少年,12,800,600,2,damage_reduction,0.2411,0.4028,100,0,8,いいえ,中央アルプスの少年 / モチノ・ウオ丸 / サルパちゃん / ＢＥＷ雪玉 / シミ
1,780,em-e63df2359896,世界遺産な白鷺嬢,15,2100,600,3,heal,0.2402,0.3819,100,0,8,いいえ,世界遺産な白鷺嬢 / 夏至祭のヴァサクサ君 / 摩陀羅　潮真 / ＢＥＷ雪玉 / 御嶽さん
1,781,em-47f3be71ea63,青竜むりょく,4,198,189,6,heal,0.24,0.4236,92,8,8,いいえ,青竜むりょく / えかちぇたん / トマティーナ少佐 / みどりのたけしマン / 白い悪魔の小町さん
1,782,em-c7cd54f2e503,ケラマ☆マジカ,7,1057,1198,2,attribute_guard,0.2397,0.3681,99,1,8,いいえ,ケラマ☆マジカ / ワロンマイナー輩先 / 田島の春 / むぅむぅ / ハリウッドナナコ師匠
1,783,em-8a1f54dc1206,讃えよ！ヒンヌー教徒,46,3393,4260,1,attribute_change,0.2394,0.2431,99,1,7,いいえ,讃えよ！ヒンヌー教徒 / ワロンマイナー輩先 / 試作型おこしん / 呼んでますトムさん / TAGOのBOOTH
1,784,em-2ce242ee5866,スノーメン,5,1300,200,5,attack_buff,0.2393,0.4097,100,0,8,いいえ,スノーメン / モチノ・ウオ丸 / トマティーナ少佐 / 御嶽さん / かんきゅっちゃん
1,785,em-842f3d28d20e,のり男師匠,8,1285,1118,2,attribute_guard,0.2393,0.3681,100,0,8,いいえ,のり男師匠 / ワロンマイナー輩先 / 田島の春 / むぅむぅ / ハリウッドナナコ師匠
1,786,em-e4f94dd73b29,あっしゅTHEﾗｯﾊﾟｰ,12,1500,700,5,attribute_guard,0.2392,0.3958,100,0,8,いいえ,あっしゅTHEﾗｯﾊﾟｰ / モチノ・ウオ丸 / サルパちゃん / ＢＥＷ雪玉 / シミ
1,787,em-357d76cd5b69,のり男さん,5,424,356,3,attribute_guard,0.2391,0.4167,100,0,8,いいえ,のり男さん / 伝説のビスカやん！ / 田島の春 / みさきパイセン / シミ
1,788,em-04cdb17f3b71,ひろし多め,9,690,714,6,attack_buff,0.2391,0.3958,99,1,8,いいえ,ひろし多め / ワロンマイナー輩先 / 大晦日のネギそば給仕少女 / 御嶽さん / ハリウッドナナコ師匠
1,789,em-8765daafca7a,トマティーナ中佐,40,3748,2130,2,multi_hit_attack,0.239,0.3125,93,7,7,いいえ,トマティーナ中佐 / ワロンマイナー輩先 / 摩陀羅　潮真 / ＢＥＷ雪玉 / ハリウッドナナコ師匠
1,790,em-3ad7d27f7887,ハワイる水島神人,19,2567,1208,2,guard,0.2388,0.3403,94,6,8,いいえ,ハワイる水島神人 / ワロンマイナー輩先 / 試作型おこしん / むぅむぅ / 白い悪魔の小町さん
1,791,em-0da991c52dd4,ギャリーくん,5,400,400,3,damage_reduction,0.2384,0.4097,100,0,8,いいえ,ギャリーくん / 伝説のビスカやん！ / 田島の春 / みさきパイセン / シミ
1,792,em-e51e56c23fa1,上級国民ロヴィーサ,44,2832,2984,4,attribute_guard,0.2384,0.3125,100,0,7,いいえ,上級国民ロヴィーサ / ワロンマイナー輩先 / トマティーナ少佐 / みさきパイセン / ハリウッドナナコ師匠
1,793,em-4442b5ee096e,朱雀むりょく,5,165,165,6,revive,0.2383,0.4236,93,7,8,いいえ,朱雀むりょく / えかちぇたん / トマティーナ少佐 / みどりのたけしマン / 白い悪魔の小町さん
1,794,em-0c1036483550,kɔにー＆gæりー,13,1128,846,2,damage_reduction,0.2382,0.375,100,0,8,いいえ,kɔにー＆gæりー / えかちぇたん / 超患部ぴよフェッサー / むぅむぅ / TAGOのBOOTH
1,795,em-6f76a23db620,伏姫さま,17,2006,676,4,guard,0.2381,0.375,100,0,8,いいえ,伏姫さま / ワロンマイナー輩先 / 試作型おこしん / むぅむぅ / 御嶽さん
1,796,em-2a823144560b,パンのん☆春間,56,3919,3408,0,damage_reduction,0.2376,0.2222,99,1,7,いいえ,パンのん☆春間 / ワロンマイナー輩先 / すわ子isGOD！ / おたべ妖精 / ハリウッドナナコ師匠
1,797,em-cce942b02eb0,激えぇじゃないか,14,1300,1100,5,aoe_attack,0.2375,0.375,97,3,8,いいえ,激えぇじゃないか / ワロンマイナー輩先 / 摩陀羅　潮真 / 諏訪子成長期 / ハリウッドナナコ師匠
1,798,em-3229594a4a2c,おあげちゃん,5,315,305,3,attack_buff,0.2374,0.4167,95,5,8,いいえ,おあげちゃん / ワロンマイナー輩先 / 大晦日のネギそば給仕少女 / 御嶽さん / ハリウッドナナコ師匠
1,799,em-2f3cf0f345e4,ふらっとウッズ子さん,59,5112,2272,0,attribute_guard,0.2372,0.2431,100,0,7,いいえ,ふらっとウッズ子さん / ワロンマイナー輩先 / トマティーナ少佐 / おたべ妖精 / ハリウッドナナコ師匠
1,800,em-5fba2111c2ae,くろこップ,7,498,482,9,skill_reduction,0.2371,0.3889,97,3,8,いいえ,くろこップ / ワロンマイナー輩先 / 大晦日のネギそば給仕少女 / 御嶽さん / ハリウッドナナコ師匠
1,801,em-8a847b9e3d1d,アストロ・あっしゅ,15,1900,1100,5,attribute_guard,0.237,0.3681,98,2,8,いいえ,アストロ・あっしゅ / ワロンマイナー輩先 / 試作型おこしん / むぅむぅ / 御嶽さん
1,802,em-1232a815b671,みさきさん,16,1000,1200,5,multi_hit_attack,0.2368,0.375,99,1,8,いいえ,みさきさん / ワロンマイナー輩先 / 摩陀羅　潮真 / 諏訪子成長期 / ハリウッドナナコ師匠
1,803,em-ee43bce0e25f,vにゅーさん,51,3567,5271,1,damage_reduction,0.2367,0.2222,99,1,7,いいえ,vにゅーさん / ワロンマイナー輩先 / 試作型おこしん / みさきパイセン / ハリウッドナナコ師匠
1,804,em-fe5ed60fbf2d,強いぞさいごー丼,9,930,574,3,attribute_guard,0.2362,0.3958,92,8,8,いいえ,強いぞさいごー丼 / えかちぇたん / すわ子isGOD！ / みどりのたけしマン / TAGOのBOOTH
1,805,em-18279a838450,白刃舞うは存亡の秋,70,6816,4260,4,attack_buff,0.2356,0.2361,100,0,5,いいえ,白刃舞うは存亡の秋 / 伝説のビスカやん！ / 試作型おこしん / ＢＥＷ雪玉 / ハリウッドナナコ師匠
1,806,em-484d995e3adb,くノ一！ヴォたん,9,700,700,4,guard,0.2354,0.3819,92,8,8,いいえ,くノ一！ヴォたん / ワロンマイナー輩先 / 試作型おこしん / むぅむぅ / 御嶽さん
1,807,em-9fed59290cda,ユッフィー先生,15,800,800,5,attack_buff,0.2353,0.3958,95,5,8,いいえ,ユッフィー先生 / えかちぇたん / 摩陀羅　潮真 / ＢＥＷ雪玉 / シミ
1,808,em-b71282ef08a8,出番です！鴨先生！,18,1358,1356,2,guard,0.2353,0.3472,93,7,8,いいえ,出番です！鴨先生！ / ワロンマイナー輩先 / 試作型おこしん / むぅむぅ / 白い悪魔の小町さん
1,809,em-7c8471edf1df,ハロハロ☆ナモミさま,36,2556,4260,2,attack_buff,0.2348,0.2639,95,5,8,いいえ,ハロハロ☆ナモミさま / 伝説のビスカやん！ / すわ子isGOD！ / ɚすぃとあろま？ / シミ
1,810,em-ed21bd124ab2,牛タソ☆行進曲,14,755,1812,2,guard,0.2343,0.3472,97,3,8,いいえ,牛タソ☆行進曲 / ワロンマイナー輩先 / 試作型おこしん / むぅむぅ / 御嶽さん
1,811,em-58dbb7bc9653,六点魔王ノッブ,58,3408,5964,3,multi_hit_attack,0.2341,0.25,99,1,6,いいえ,六点魔王ノッブ / ワロンマイナー輩先 / ????? / ＢＥＷ雪玉 / ハリウッドナナコ師匠
1,812,em-60fd008b3a8b,なるとくん,6,700,600,5,attack_buff,0.234,0.3889,92,8,8,いいえ,なるとくん / 伝説のビスカやん！ / 摩陀羅　潮真 / むぅむぅ / シミ
1,813,em-4586795c80d9,スノーガイ,7,1500,300,4,attack_buff,0.2338,0.3958,97,3,8,いいえ,スノーガイ / ワロンマイナー輩先 / 大晦日のネギそば給仕少女 / 御嶽さん / ハリウッドナナコ師匠
1,814,em-10adad665687,コマンドー下仁田,13,597,614,3,guard,0.2337,0.3958,100,0,8,いいえ,コマンドー下仁田 / えかちぇたん / 超患部ぴよフェッサー / むぅむぅ / TAGOのBOOTH
1,815,em-b08b3e6f22a8,フィッシャーマン三平,17,1286,1316,2,guard,0.2336,0.3472,95,5,8,いいえ,フィッシャーマン三平 / ワロンマイナー輩先 / すわ子isGOD！ / 呼んでますトムさん / 御嶽さん
1,816,em-2a01f5ee5de4,ガラパゴスおぅぼっと,12,1200,600,4,damage_reduction,0.2332,0.3889,100,0,8,いいえ,ガラパゴスおぅぼっと / モチノ・ウオ丸 / サルパちゃん / ＢＥＷ雪玉 / シミ
1,817,em-db1935c2a136,コーベリアル公爵,10,1229,1173,1,attribute_guard,0.2328,0.3472,98,2,8,いいえ,コーベリアル公爵 / ワロンマイナー輩先 / サルパちゃん / 呼んでますトムさん / 御嶽さん
1,818,em-ba09169b5b3d,あまのちゃん,12,300,200,4,multi_hit_attack,0.2326,0.4167,99,1,8,いいえ,あまのちゃん / ワロンマイナー輩先 / 摩陀羅　潮真 / 呼んでますトムさん / 御嶽さん
1,819,em-575ad888f045,スワン先生,5,400,380,6,skill_reduction,0.2323,0.3889,100,0,8,いいえ,スワン先生 / 超患部ぴよフェッサー / 摩陀羅　潮真 / むぅむぅ / リチャード・リターンズ
1,820,em-594e492a6818,ヤンなるネポムちゃん,50,3397,2930,1,attack_buff,0.2319,0.2569,100,0,7,いいえ,ヤンなるネポムちゃん / ワロンマイナー輩先 / 試作型おこしん / ɚすぃとあろま？ / TAGOのBOOTH
1,821,em-ddba9f91bab7,注入！とちぎソウル,6,280,700,5,attack_buff,0.2317,0.3889,93,7,8,いいえ,注入！とちぎソウル / えかちぇたん / 超患部ぴよフェッサー / みどりのたけしマン / 白い悪魔の小町さん
1,822,em-40bd3b1e44fa,五月病の悪魔の契約,55,4123,4226,4,aoe_attack,0.2317,0.2708,100,0,7,いいえ,五月病の悪魔の契約 / ワロンマイナー輩先 / ????? / ɚすぃとあろま？ / ハリウッドナナコ師匠
1,823,em-560cbdf184d6,ユッフィーちゃん,8,606,600,5,attack_buff,0.2309,0.3889,98,2,8,いいえ,ユッフィーちゃん / ワロンマイナー輩先 / 大晦日のネギそば給仕少女 / 御嶽さん / ハリウッドナナコ師匠
1,824,em-7c5fdd7af70d,覚醒むりょく,6,198,89,3,multi_hit_attack,0.2306,0.4236,96,4,8,いいえ,覚醒むりょく / ワロンマイナー輩先 / 大晦日のネギそば給仕少女 / 御嶽さん / ハリウッドナナコ師匠
1,825,em-5d62afcf01d5,転がる！けねず君,37,3408,2044,4,damage_reduction,0.2303,0.3056,97,3,8,いいえ,転がる！けねず君 / ワロンマイナー輩先 / 試作型おこしん / 呼んでますトムさん / 白い悪魔の小町さん
1,826,em-48fc0bb31337,踊る☆なまずおじさん,60,5793,2130,3,damage_reduction,0.2303,0.2639,100,0,7,いいえ,踊る☆なまずおじさん / ワロンマイナー輩先 / 試作型おこしん / ＢＥＷ雪玉 / ネムりん
1,827,em-106b8d6fe4c5,ドヤ顔の女帝瑠璃,60,4430,4089,1,damage_reduction,0.2303,0.2222,100,0,7,いいえ,ドヤ顔の女帝瑠璃 / ワロンマイナー輩先 / 試作型おこしん / ＢＥＷ雪玉 / ネムりん
1,828,em-73652bbd630f,ツノザヤ君とｱｲｺﾃﾞｼｮ,60,2044,5112,0,damage_reduction,0.2303,0.2083,93,7,7,いいえ,ツノザヤ君とｱｲｺﾃﾞｼｮ / 総統エビユルゲ / ＢＥＷ雪玉 / ɚすぃとあろま？ / おたべ妖精
1,829,em-54f582db41b4,みかん姉さん,10,1000,500,6,aoe_attack,0.2302,0.3889,100,0,8,いいえ,みかん姉さん / ワロンマイナー輩先 / 大晦日のネギそば給仕少女 / 御嶽さん / ハリウッドナナコ師匠
1,830,em-1eb8ca42b88a,日南のモア蔵,14,3534,424,3,guard,0.2302,0.3542,97,3,8,いいえ,日南のモア蔵 / ワロンマイナー輩先 / 試作型おこしん / むぅむぅ / 御嶽さん
1,831,em-950b687b1f04,タオるん先輩,9,700,900,4,attribute_guard,0.23,0.375,97,3,8,いいえ,タオるん先輩 / ワロンマイナー輩先 / サルパちゃん / 呼んでますトムさん / 御嶽さん
1,832,em-3d2c7dfded66,サタデーナイト郡上,6,500,600,7,aoe_attack,0.2299,0.3889,96,4,8,いいえ,サタデーナイト郡上 / ワロンマイナー輩先 / 大晦日のネギそば給仕少女 / 御嶽さん / ハリウッドナナコ師匠
1,833,em-434faacf4307,Woo怪くん,6,500,600,7,multi_hit_attack,0.2299,0.3889,96,4,8,いいえ,Woo怪くん / ワロンマイナー輩先 / 大晦日のネギそば給仕少女 / 御嶽さん / ハリウッドナナコ師匠
1,834,em-371b0bc06848,やっとの神,50,2933,2919,3,multi_hit_attack,0.2299,0.2847,100,0,7,いいえ,やっとの神 / ワロンマイナー輩先 / 試作型おこしん / ɚすぃとあろま？ / TAGOのBOOTH
1,835,em-14ab1de959d7,あくせんと・きゃー子,18,1400,400,6,attribute_change,0.2294,0.3958,98,2,8,いいえ,あくせんと・きゃー子 / えかちぇたん / 摩陀羅　潮真 / ＢＥＷ雪玉 / シミ
1,836,em-a94a52532d71,あまのちゃん先輩,20,1200,500,3,multi_hit_attack,0.2293,0.3819,95,5,8,いいえ,あまのちゃん先輩 / ワロンマイナー輩先 / 摩陀羅　潮真 / むぅむぅ / ハリウッドナナコ師匠
1,837,em-7affb78d3b91,渇求するネギの果て,10,754,754,4,guard,0.2291,0.375,93,7,8,いいえ,渇求するネギの果て / ワロンマイナー輩先 / 試作型おこしん / むぅむぅ / 御嶽さん
1,838,em-6f9254f46753,うわマジカ,4,450,650,4,attribute_guard,0.229,0.3819,100,0,8,いいえ,うわマジカ / ワロンマイナー輩先 / サルパちゃん / みどりのたけしマン / 御嶽さん
1,839,em-3488d6542112,クロゴキ,65,6134,2113,2,multi_hit_attack,0.2284,0.2431,99,1,7,いいえ,クロゴキ / ワロンマイナー輩先 / 試作型おこしん / ＢＥＷ雪玉 / ハリウッドナナコ師匠
1,840,em-643d05a15e4e,エビユルゲ大佐,5,520,460,2,attribute_change,0.2283,0.3889,95,5,8,いいえ,エビユルゲ大佐 / ワロンマイナー輩先 / 大晦日のネギそば給仕少女 / 御嶽さん / ハリウッドナナコ師匠
1,841,em-e9a4c94598fc,深海人ゴロウ,6,500,480,2,attack_buff,0.2282,0.3889,96,4,8,いいえ,深海人ゴロウ / ワロンマイナー輩先 / 大晦日のネギそば給仕少女 / 御嶽さん / ハリウッドナナコ師匠
1,842,em-30a1d9f3d52f,けねずさん,9,702,702,5,damage_reduction,0.228,0.375,92,8,8,いいえ,けねずさん / ワロンマイナー輩先 / 試作型おこしん / むぅむぅ / 御嶽さん
1,843,em-b9b869c15b9f,ルリマダラー,15,3786,378,2,attribute_guard,0.2269,0.3472,98,2,8,いいえ,ルリマダラー / ワロンマイナー輩先 / 試作型おこしん / むぅむぅ / 御嶽さん
1,844,em-9999a53f68e1,牛タソ,5,500,50,3,guard,0.2268,0.4167,100,0,8,いいえ,牛タソ / 伝説のビスカやん！ / 田島の春 / みさきパイセン / シミ
1,845,em-f4980131820e,ﾊﾛｳｨﾝのヴラドさん,41,4089,1757,2,damage_reduction,0.2268,0.2986,99,1,8,いいえ,ﾊﾛｳｨﾝのヴラドさん / ワロンマイナー輩先 / トマティーナ少佐 / ɚすぃとあろま？ / TAGOのBOOTH
1,846,em-cfa8f59c143b,いぬやマン再び,9,500,500,7,attack_buff,0.2262,0.3889,99,1,8,いいえ,いぬやマン再び / ワロンマイナー輩先 / 大晦日のネギそば給仕少女 / 御嶽さん / ハリウッドナナコ師匠
1,847,em-5c4a86842734,芹沢殿,10,703,698,3,guard,0.2259,0.375,98,2,8,いいえ,芹沢殿 / ワロンマイナー輩先 / サルパちゃん / 呼んでますトムさん / 御嶽さん
1,848,em-299066b18ca7,バイカル子,14,2999,499,5,attribute_guard,0.2256,0.3472,97,3,8,いいえ,バイカル子 / ワロンマイナー輩先 / 試作型おこしん / むぅむぅ / 御嶽さん
1,849,em-cdd2ac5f0a12,クイーンなコンク様,44,3578,2385,1,damage_reduction,0.2252,0.2569,97,3,7,いいえ,クイーンなコンク様 / ワロンマイナー輩先 / 試作型おこしん / 呼んでますトムさん / TAGOのBOOTH
1,850,em-2080ae65b62a,モヅルン,37,3771,1908,3,attribute_guard,0.225,0.3056,100,0,8,いいえ,モヅルン / ワロンマイナー輩先 / すわ子isGOD！ / 呼んでますトムさん / TAGOのBOOTH
1,851,em-b5e0f2fbff78,養老のバッカス,65,6475,3408,4,revive,0.225,0.2292,99,1,6,いいえ,養老のバッカス / 総統エビユルゲ / 試作型おこしん / ＢＥＷ雪玉 / アグスティンさん
1,852,em-0560ed78022d,見事にびわ子たん,5,400,400,4,damage_reduction,0.2249,0.3958,100,0,8,いいえ,見事にびわ子たん / 伝説のビスカやん！ / 田島の春 / みさきパイセン / シミ
1,853,em-eaad577a957c,関さん,5,390,390,4,guard,0.2245,0.3958,100,0,8,いいえ,関さん / 伝説のビスカやん！ / 田島の春 / みさきパイセン / シミ
1,854,em-88669edc6480,京子はまだやれる！,10,718,694,4,damage_reduction,0.2244,0.375,98,2,8,いいえ,京子はまだやれる！ / ワロンマイナー輩先 / サルパちゃん / 呼んでますトムさん / 御嶽さん
1,855,em-377a00f7a666,のり男,4,334,278,3,attribute_guard,0.224,0.4028,88,12,8,いいえ,のり男 / 夏至祭のヴァサクサ君 / トマティーナ少佐 / むぅむぅ / シミ
1,856,em-59636157ae2e,コーベンパイア天爵,45,5282,1757,2,damage_reduction,0.2237,0.2708,98,2,8,いいえ,コーベンパイア天爵 / ワロンマイナー輩先 / 試作型おこしん / 呼んでますトムさん / TAGOのBOOTH
1,857,em-95694ab0605a,超★メジェド様,44,2300,3432,2,guard,0.2234,0.2708,97,3,7,いいえ,超★メジェド様 / ワロンマイナー輩先 / 試作型おこしん / 呼んでますトムさん / TAGOのBOOTH
1,858,em-f8a5ad2fd004,どうしん様,15,805,795,1,heal,0.2231,0.3611,100,0,8,いいえ,どうしん様 / 夏至祭のヴァサクサ君 / 摩陀羅　潮真 / ＢＥＷ雪玉 / 御嶽さん
1,859,em-5558b35b9413,フゥーま＆ヴォたん,14,800,800,3,guard,0.223,0.3611,97,3,8,いいえ,フゥーま＆ヴォたん / ワロンマイナー輩先 / 試作型おこしん / むぅむぅ / 御嶽さん
1,860,em-59a8f156dec4,クロアリ,60,4089,4089,3,multi_hit_attack,0.2226,0.2431,98,2,7,いいえ,クロアリ / ワロンマイナー輩先 / 試作型おこしん / ɚすぃとあろま？ / ハリウッドナナコ師匠
1,861,em-c7088988ea18,ガンギマリのメル先生,12,597,341,5,multi_hit_attack,0.2223,0.3889,100,0,8,いいえ,ガンギマリのメル先生 / ワロンマイナー輩先 / 大晦日のネギそば給仕少女 / むぅむぅ / ハリウッドナナコ師匠
1,862,em-4694b1a256f8,悪魔！いびるん,9,600,700,5,guard,0.2223,0.3681,92,8,8,いいえ,悪魔！いびるん / ワロンマイナー輩先 / 試作型おこしん / むぅむぅ / 御嶽さん
1,863,em-5d34df1253d1,氷点下のレーカさん,40,2044,2556,3,revive,0.2221,0.2986,97,3,8,いいえ,氷点下のレーカさん / すわ子isGOD！ / ????? / ɚすぃとあろま？ / アグスティンさん
1,864,em-f8a40042a8dc,王家の騎士,10,650,550,8,attribute_guard,0.222,0.375,93,7,8,いいえ,王家の騎士 / ワロンマイナー輩先 / 試作型おこしん / むぅむぅ / 御嶽さん
1,865,em-ca4955abcfb2,水の供犠ぴよ子,4,120,120,0,none,0.2211,0.4028,94,6,8,いいえ,水の供犠ぴよ子 / ワロンマイナー輩先 / 大晦日のネギそば給仕少女 / 御嶽さん / ハリウッドナナコ師匠
1,866,em-c301debd22fc,やまとーる海尉,9,900,600,6,damage_reduction,0.221,0.3681,92,8,8,いいえ,やまとーる海尉 / ワロンマイナー輩先 / 試作型おこしん / むぅむぅ / 御嶽さん
1,867,em-0c931777e175,関くん,4,305,307,4,guard,0.2201,0.3958,88,12,8,いいえ,関くん / 夏至祭のヴァサクサ君 / トマティーナ少佐 / むぅむぅ / シミ
1,868,em-26ea85de7340,のり男先輩,7,534,446,3,attribute_guard,0.22,0.3819,100,0,8,いいえ,のり男先輩 / えかちぇたん / 超患部ぴよフェッサー / むぅむぅ / リチャード・リターンズ
1,869,em-c358b6553866,ご機嫌斜めのウィーン様,58,4941,2896,5,attack_buff,0.22,0.2569,99,1,7,いいえ,ご機嫌斜めのウィーン様 / ワロンマイナー輩先 / 試作型おこしん / 雨降る倉敷のみかん姐 / ハリウッドナナコ師匠
1,870,em-b057fb6325c7,常飲！とちぎソウル,5,200,600,5,attack_buff,0.2195,0.375,95,5,8,いいえ,常飲！とちぎソウル / ワロンマイナー輩先 / 大晦日のネギそば給仕少女 / 御嶽さん / ハリウッドナナコ師匠
1,871,em-804bc17d075c,雪壁の大谷,11,1500,300,2,damage_reduction,0.2195,0.375,99,1,8,いいえ,雪壁の大谷 / モチノ・ウオ丸 / サルパちゃん / ＢＥＷ雪玉 / シミ
1,872,em-278299c58131,けねず君,8,603,603,5,damage_reduction,0.2195,0.3681,91,9,8,いいえ,けねず君 / ワロンマイナー輩先 / 試作型おこしん / むぅむぅ / 御嶽さん
1,873,em-52a11488ce9e,新・ウオ丸くん,60,4294,3578,1,attack_buff,0.2194,0.2153,100,0,7,いいえ,新・ウオ丸くん / ワロンマイナー輩先 / 試作型おこしん / おたべ妖精 / アグスティンさん
1,874,em-4eb01150430f,ミス・エズさん,9,1100,300,4,attribute_guard,0.2185,0.3819,92,8,8,いいえ,ミス・エズさん / えかちぇたん / すわ子isGOD！ / みどりのたけしマン / TAGOのBOOTH
1,875,em-0f9cbc48c65a,船党かっさーのん,5,400,500,5,attack_buff,0.2184,0.375,95,5,8,いいえ,船党かっさーのん / ワロンマイナー輩先 / 大晦日のネギそば給仕少女 / 御嶽さん / ハリウッドナナコ師匠
1,876,em-b83d457ef580,王国民ゴロウ,5,390,390,2,attack_buff,0.2178,0.375,100,0,8,いいえ,王国民ゴロウ / モチノ・ウオ丸 / トマティーナ少佐 / 御嶽さん / かんきゅっちゃん
1,877,em-25185336f7f4,しょーかくん,5,400,500,7,multi_hit_attack,0.2176,0.375,95,5,8,いいえ,しょーかくん / ワロンマイナー輩先 / 大晦日のネギそば給仕少女 / 御嶽さん / ハリウッドナナコ師匠
1,878,em-e9a9af4ae9bc,梨豚ぴぐぺん,6,500,600,2,attack_buff,0.2172,0.3681,96,4,8,いいえ,梨豚ぴぐぺん / ワロンマイナー輩先 / 大晦日のネギそば給仕少女 / 御嶽さん / ハリウッドナナコ師匠
1,879,em-d64cb9cf5bb3,それマジカ,3,350,500,5,attribute_guard,0.217,0.375,87,13,8,いいえ,それマジカ / 夏至祭のヴァサクサ君 / トマティーナ少佐 / むぅむぅ / シミ
1,880,em-564e1dfe9c75,コニーちゃん,3,300,300,4,damage_reduction,0.2168,0.3889,87,13,8,いいえ,コニーちゃん / 夏至祭のヴァサクサ君 / トマティーナ少佐 / むぅむぅ / シミ
1,881,em-de36aab296aa,月下皇帝ランたん様,50,3150,5367,3,revive,0.2168,0.2361,94,6,7,いいえ,月下皇帝ランたん様 / ワロンマイナー輩先 / 夜光虫ほたるん / ＢＥＷ雪玉 / 実はこんにゃくちゃん
1,882,em-6c215846fcb0,アン・ごろう,16,1356,1189,2,attack_buff,0.2167,0.3333,99,1,8,いいえ,アン・ごろう / ワロンマイナー輩先 / 摩陀羅　潮真 / 諏訪子成長期 / ハリウッドナナコ師匠
1,883,em-99d6f9e928d6,京子中学２４年生,8,620,612,4,damage_reduction,0.2166,0.3681,96,4,8,いいえ,京子中学２４年生 / ワロンマイナー輩先 / サルパちゃん / 呼んでますトムさん / 御嶽さん
1,884,em-3725122fa93d,ホーク元船員,9,600,850,1,attribute_guard,0.2166,0.3472,97,3,8,いいえ,ホーク元船員 / ワロンマイナー輩先 / サルパちゃん / 呼んでますトムさん / 御嶽さん
1,885,em-6588c893ceb4,船師かっさーのん,3,300,400,6,attack_buff,0.2165,0.3819,99,1,8,いいえ,船師かっさーのん / ワロンマイナー輩先 / 試作型おこしん / むぅむぅ / ラパヌイ先生
1,886,em-32f5c4968406,正月カナちゃん。,66,5282,5282,6,revive,0.2164,0.2153,100,0,6,いいえ,正月カナちゃん。 / 総統エビユルゲ / 試作型おこしん / 雨降る倉敷のみかん姐 / ハリウッドナナコ師匠
1,887,em-87d7d883c438,ニートエンペラー,10,459,565,7,damage_reduction,0.2163,0.3681,93,7,8,いいえ,ニートエンペラー / ワロンマイナー輩先 / 試作型おこしん / むぅむぅ / 御嶽さん
1,888,em-0051409a8e1f,芹沢さん,8,604,597,4,guard,0.216,0.3681,96,4,8,いいえ,芹沢さん / ワロンマイナー輩先 / サルパちゃん / 呼んでますトムさん / 御嶽さん
1,889,em-b17b3174de7d,ネギtheフィクサー,45,2405,5135,3,damage_reduction,0.2155,0.2431,100,0,8,いいえ,ネギtheフィクサー / ワロンマイナー輩先 / トマティーナ少佐 / 呼んでますトムさん / わさわさ大根
1,890,em-b5a4cfe168a6,安井大先生,7,505,475,5,guard,0.2152,0.3681,90,10,8,いいえ,安井大先生 / ワロンマイナー輩先 / 試作型おこしん / むぅむぅ / 御嶽さん
1,891,em-fd2a055eb394,コニー＆ギャリー,10,500,500,3,damage_reduction,0.2152,0.3681,98,2,8,いいえ,コニー＆ギャリー / ワロンマイナー輩先 / サルパちゃん / 呼んでますトムさん / 御嶽さん
1,892,em-08f945aef274,朦朧ボディマン,6,200,500,11,multi_hit_attack,0.215,0.375,96,4,8,いいえ,朦朧ボディマン / ワロンマイナー輩先 / 大晦日のネギそば給仕少女 / 御嶽さん / ハリウッドナナコ師匠
1,893,em-51e67cfa8578,さくらこさーん,5,600,300,1,attribute_guard,0.2148,0.375,100,0,8,いいえ,さくらこさーん / 伝説のビスカやん！ / 田島の春 / みさきパイセン / シミ
1,894,em-32e57ebd5904,ハンザギルドさん,12,1551,423,5,attribute_guard,0.2146,0.3681,100,0,8,いいえ,ハンザギルドさん / モチノ・ウオ丸 / サルパちゃん / ＢＥＷ雪玉 / シミ
1,895,em-6885c7d684d6,雪の美女と魔獣,52,4304,3016,1,heal,0.2145,0.2222,100,0,7,いいえ,雪の美女と魔獣 / えかちぇたん / 欣喜ぴよ子 / ＢＥＷ雪玉 / ハリウッドナナコ師匠
1,896,em-4090b70a0b17,さくらこちゃん,4,495,215,4,attribute_guard,0.2144,0.3889,88,12,8,いいえ,さくらこちゃん / 夏至祭のヴァサクサ君 / トマティーナ少佐 / むぅむぅ / シミ
1,897,em-3e85387d97e5,荒ぶるこんにゃく,7,486,484,8,guard,0.2144,0.3681,90,10,8,いいえ,荒ぶるこんにゃく / ワロンマイナー輩先 / 試作型おこしん / むぅむぅ / 御嶽さん
1,898,em-081cdc2b5b45,スノーボーイ,4,1000,100,6,attack_buff,0.2142,0.3819,94,6,8,いいえ,スノーボーイ / ワロンマイナー輩先 / 大晦日のネギそば給仕少女 / 御嶽さん / ハリウッドナナコ師匠
1,899,em-3850dfa89114,流浪の騎士,7,510,470,9,attribute_guard,0.214,0.3681,90,10,8,いいえ,流浪の騎士 / ワロンマイナー輩先 / 試作型おこしん / むぅむぅ / 御嶽さん
1,900,em-8d7a9845b04b,コーベリアル男爵,5,400,380,2,attribute_guard,0.2136,0.375,100,0,8,いいえ,コーベリアル男爵 / 伝説のビスカやん！ / 田島の春 / みさきパイセン / シミ
1,901,em-c69e39cf7701,伏ちゃん,12,1597,516,5,guard,0.2127,0.3611,100,0,8,いいえ,伏ちゃん / モチノ・ウオ丸 / サルパちゃん / ＢＥＷ雪玉 / シミ
1,902,em-d4e50f80f825,コーベリアル,4,305,297,2,attribute_guard,0.2126,0.3819,88,12,8,いいえ,コーベリアル / 夏至祭のヴァサクサ君 / トマティーナ少佐 / むぅむぅ / シミ
1,903,em-cbfa7306b010,めい子姉さん,7,479,511,5,attribute_guard,0.2123,0.3611,90,10,8,いいえ,めい子姉さん / ワロンマイナー輩先 / 試作型おこしん / むぅむぅ / 御嶽さん
1,904,em-1a814a6b20cf,未来のモア蔵,5,920,160,4,guard,0.2119,0.3819,100,0,8,いいえ,未来のモア蔵 / 伝説のビスカやん！ / 田島の春 / みさきパイセン / シミ
1,905,em-872b1096af45,アシナガ,80,3748,6816,1,attack_buff,0.2118,0.1528,99,1,4,いいえ,アシナガ / 伝説のビスカやん！ / コーベリアル / あろまちゃん / ズースくん
1,906,em-4bde1481e932,黒電話おぅぼっと,9,1000,400,4,damage_reduction,0.2117,0.3681,100,0,8,いいえ,黒電話おぅぼっと / 夏至祭のヴァサクサ君 / トランシルヴァニア家族 / ＢＥＷ雪玉 / シミ
1,907,em-879d09afc46a,アイアン下仁田,17,907,900,2,guard,0.2116,0.3403,100,0,8,いいえ,アイアン下仁田 / ワロンマイナー輩先 / 試作型おこしん / むぅむぅ / 御嶽さん
1,908,em-84a7ce7d3a80,ゴロウ,4,310,302,2,attack_buff,0.2115,0.375,100,0,8,いいえ,ゴロウ / えかちぇたん / ????? / ブハラ師匠 / TAGOのBOOTH
1,909,em-4900e4471484,モア蔵,4,722,90,4,guard,0.2114,0.3889,88,12,8,いいえ,モア蔵 / 夏至祭のヴァサクサ君 / トマティーナ少佐 / むぅむぅ / シミ
1,910,em-6a50fe1ba475,青き春の酔竜,70,2556,7668,3,attack_buff,0.211,0.1944,99,1,5,いいえ,青き春の酔竜 / 試作型おこしん / トキシッくんｵｯｽｵｯｽ / おたべ妖精 / ハリウッドナナコ師匠
1,911,em-525fc1b65a26,吉野スライム,4,411,209,5,guard,0.2102,0.3819,88,12,8,いいえ,吉野スライム / 夏至祭のヴァサクサ君 / トマティーナ少佐 / むぅむぅ / シミ
1,912,em-e626c795c8a8,スミス＆エズ,12,1200,400,3,attribute_guard,0.2101,0.3611,88,12,8,いいえ,スミス＆エズ / 夏至祭のヴァサクサ君 / トマティーナ少佐 / みさきパイセン / シミ
1,913,em-1acdee18dc58,生きろ！モア蔵,7,1540,240,3,guard,0.2097,0.3611,98,2,8,いいえ,生きろ！モア蔵 / 夏至祭のヴァサクサ君 / トランシルヴァニア家族 / ＢＥＷ雪玉 / シミ
1,914,em-bb2b760b2dfe,いぬやマン,6,400,400,7,attack_buff,0.2088,0.3681,96,4,8,いいえ,いぬやマン / ワロンマイナー輩先 / 大晦日のネギそば給仕少女 / 御嶽さん / ハリウッドナナコ師匠
1,915,em-ed707603ab87,荒ぶる水島神人,15,1200,600,3,guard,0.2084,0.3472,98,2,8,いいえ,荒ぶる水島神人 / ワロンマイナー輩先 / 試作型おこしん / むぅむぅ / 御嶽さん
1,916,em-d0ce0f8b817c,あまのさんちゃん,17,600,300,4,multi_hit_attack,0.2082,0.3681,100,0,8,いいえ,あまのさんちゃん / ワロンマイナー輩先 / 摩陀羅　潮真 / 諏訪子成長期 / ハリウッドナナコ師匠
1,917,em-983228ce32d4,あっしゅTHEｷｬｯﾄ,8,1300,500,5,attribute_guard,0.2082,0.3472,91,9,8,いいえ,あっしゅTHEｷｬｯﾄ / ワロンマイナー輩先 / 試作型おこしん / むぅむぅ / 御嶽さん
1,918,em-407710659ecb,玄武ニート,4,330,320,6,damage_reduction,0.2081,0.375,88,12,8,いいえ,玄武ニート / 夏至祭のヴァサクサ君 / トマティーナ少佐 / むぅむぅ / シミ
1,919,em-8ed9900f451e,めい子ちゃん,4,281,309,5,attribute_guard,0.2076,0.375,88,12,8,いいえ,めい子ちゃん / 夏至祭のヴァサクサ君 / トマティーナ少佐 / むぅむぅ / シミ
1,920,em-f5a7df3892f0,びわ子たん,4,300,302,5,damage_reduction,0.2075,0.375,88,12,8,いいえ,びわ子たん / 夏至祭のヴァサクサ君 / トマティーナ少佐 / むぅむぅ / シミ
1,921,em-b4ff04580be9,安井のトンちゃん,4,305,297,6,guard,0.207,0.375,88,12,8,いいえ,安井のトンちゃん / 夏至祭のヴァサクサ君 / トマティーナ少佐 / むぅむぅ / シミ
1,922,em-17aeee13e460,こんにゃくん,4,287,308,9,guard,0.2068,0.375,88,12,8,いいえ,こんにゃくん / 夏至祭のヴァサクサ君 / トマティーナ少佐 / むぅむぅ / シミ
1,923,em-ba8324a2cbef,覚醒ニート,6,354,296,2,multi_hit_attack,0.2068,0.3681,96,4,8,いいえ,覚醒ニート / ワロンマイナー輩先 / 大晦日のネギそば給仕少女 / 御嶽さん / ハリウッドナナコ師匠
1,924,em-f7e845fc0a39,鎌倉式ＤＢ２,8,811,412,7,guard,0.2058,0.3542,91,9,8,いいえ,鎌倉式ＤＢ２ / ワロンマイナー輩先 / 試作型おこしん / むぅむぅ / 御嶽さん
1,925,em-0063b3d17f76,玄武むりょく,4,165,165,6,damage_reduction,0.2056,0.3819,88,12,8,いいえ,玄武むりょく / 夏至祭のヴァサクサ君 / トマティーナ少佐 / むぅむぅ / シミ
1,926,em-62efa937d743,素敵なびわ子たん,7,500,480,4,damage_reduction,0.2055,0.3611,98,2,8,いいえ,素敵なびわ子たん / 夏至祭のヴァサクサ君 / トランシルヴァニア家族 / ＢＥＷ雪玉 / シミ
1,927,em-a236725222d2,紺碧のＰＬぴよ子,60,3656,3656,1,attribute_change,0.2055,0.2014,100,0,7,いいえ,紺碧のＰＬぴよ子 / ワロンマイナー輩先 / 試作型おこしん / おたべ妖精 / アグスティンさん
1,928,em-0481f6c14fd9,関先輩,7,475,475,4,guard,0.2051,0.3611,98,2,8,いいえ,関先輩 / 夏至祭のヴァサクサ君 / トランシルヴァニア家族 / ＢＥＷ雪玉 / シミ
1,929,em-627c09c619f8,さくら…こなのか,7,888,482,1,attribute_guard,0.205,0.3472,98,2,8,いいえ,さくら…こなのか / 夏至祭のヴァサクサ君 / トランシルヴァニア家族 / ＢＥＷ雪玉 / シミ
1,930,em-e660791c3950,めい子さん,5,400,400,5,attribute_guard,0.2038,0.3542,88,12,8,いいえ,めい子さん / ワロンマイナー輩先 / 試作型おこしん / むぅむぅ / 御嶽さん
1,931,em-bb5629a7c096,安井武勇伝,5,405,395,6,guard,0.2032,0.3542,88,12,8,いいえ,安井武勇伝 / ワロンマイナー輩先 / 試作型おこしん / むぅむぅ / 御嶽さん
1,932,em-d8af1ee7968e,ザ★女王の世界,42,1936,2006,3,attack_buff,0.203,0.2847,100,0,8,いいえ,ザ★女王の世界 / ワロンマイナー輩先 / すわ子isGOD！ / 呼んでますトムさん / 速いぞサラマンダー！
1,933,em-518934908b79,こんにゃくさん,5,400,400,8,guard,0.2029,0.3542,88,12,8,いいえ,こんにゃくさん / ワロンマイナー輩先 / 試作型おこしん / むぅむぅ / 御嶽さん
1,934,em-0a88e828f44f,あずま京子,7,500,500,4,damage_reduction,0.2026,0.3472,90,10,8,いいえ,あずま京子 / ワロンマイナー輩先 / 試作型おこしん / むぅむぅ / 御嶽さん
1,935,em-b827590fe52d,芹沢くん,7,500,500,4,guard,0.2026,0.3472,90,10,8,いいえ,芹沢くん / ワロンマイナー輩先 / 試作型おこしん / むぅむぅ / 御嶽さん
1,936,em-5f292317fd1c,墨染のＰＬぴよ子,60,3656,3656,5,attribute_change,0.2024,0.2431,100,0,7,いいえ,墨染のＰＬぴよ子 / ワロンマイナー輩先 / 試作型おこしん / おたべ妖精 / アグスティンさん
1,937,em-da4562cd6142,プレーン下仁田,10,500,500,4,guard,0.2019,0.3472,93,7,8,いいえ,プレーン下仁田 / ワロンマイナー輩先 / 試作型おこしん / むぅむぅ / 御嶽さん
1,938,em-902bd624dbdb,パンタナルの狼男,70,5898,4260,5,revive,0.2014,0.1944,100,0,5,いいえ,パンタナルの狼男 / 総統エビユルゲ / 試作型おこしん / おたべ妖精 / 実はこんにゃくちゃん
1,939,em-f14c0a7296cf,コーベリアル伯爵,7,500,480,2,attribute_guard,0.198,0.3472,98,2,8,いいえ,コーベリアル伯爵 / 夏至祭のヴァサクサ君 / トランシルヴァニア家族 / ＢＥＷ雪玉 / シミ
1,940,em-96c8b7af6f5c,ネギtheダーウィン,30,5112,0,5,attribute_change,0.1964,0.3125,100,0,8,いいえ,ネギtheダーウィン / ワロンマイナー輩先 / すわ子isGOD！ / 呼んでますトムさん / 白い悪魔の小町さん
1,941,em-15545bc62fe7,幽霊烏賊図,60,3408,4260,3,revive,0.1957,0.2083,99,1,7,いいえ,幽霊烏賊図 / 総統エビユルゲ / トマティーナ少佐 / ɚすぃとあろま？ / ハリウッドナナコ師匠
1,942,em-c6785d8f86c3,中央アルプスの犬,9,600,400,2,damage_reduction,0.1954,0.3472,100,0,8,いいえ,中央アルプスの犬 / 夏至祭のヴァサクサ君 / トランシルヴァニア家族 / ＢＥＷ雪玉 / シミ
1,943,em-f7f78d464e92,ウミウサーヌ,60,3408,4601,3,guard,0.1947,0.2014,100,0,7,いいえ,ウミウサーヌ / ワロンマイナー輩先 / 試作型おこしん / ＢＥＷ雪玉 / ネムりん
1,944,em-a5c7dcdde3ff,水島神人発見される,10,900,400,4,guard,0.1932,0.3333,93,7,8,いいえ,水島神人発見される / ワロンマイナー輩先 / 試作型おこしん / むぅむぅ / 御嶽さん
1,945,em-e535034b31b0,吉野スライマー,5,495,305,5,guard,0.1927,0.3403,88,12,8,いいえ,吉野スライマー / ワロンマイナー輩先 / 試作型おこしん / むぅむぅ / 御嶽さん
1,946,em-addae93a6fe9,ニート,5,314,296,5,attribute_guard,0.1907,0.3403,88,12,8,いいえ,ニート / ワロンマイナー輩先 / 試作型おこしん / むぅむぅ / 御嶽さん
1,947,em-5c3bfcbbd109,ネギさん,80,4260,4260,500,attack_buff,0.1901,0.2083,99,1,4,いいえ,ネギさん / さくらこさーん / 覚醒ニート / あろまちゃん / ハリウッドナナコ師匠
1,948,em-1cb67f0b7d2d,スノーな大谷,9,1100,200,2,damage_reduction,0.1886,0.3403,100,0,8,いいえ,スノーな大谷 / 夏至祭のヴァサクサ君 / トランシルヴァニア家族 / ＢＥＷ雪玉 / シミ
1,949,em-1fcf0af60c7a,老舗の牛タソ,14,1000,150,3,guard,0.1859,0.3403,91,9,8,いいえ,老舗の牛タソ / 伝説のビスカやん！ / すわ子isGOD！ / むぅむぅ / シミ
1,950,em-2b3991ed5705,伝統の牛タソ,10,600,100,4,guard,0.179,0.3403,86,14,8,いいえ,伝統の牛タソ / 夏至祭のヴァサクサ君 / トマティーナ少佐 / みさきパイセン / シミ
1,951,em-e8331e3aec6c,辰の子ぴよ子,70,6898,4089,10,multi_hit_attack,0.1769,0.1528,98,2,5,いいえ,辰の子ぴよ子 / 総統エビユルゲ / 試作型おこしん / トキシッくんｵｯｽｵｯｽ / ハリウッドナナコ師匠
1,952,em-0e376d1892df,メネリくん一世,72,6134,3067,4,guard,0.1735,0.1528,99,1,7,いいえ,メネリくん一世 / 総統エビユルゲ / トキシッくんｵｯｽｵｯｽ / リンゴルモア大王 / ハリウッドナナコ師匠
1,953,em-24ccb3f9affa,むりょく,5,159,144,5,guard,0.1729,0.3264,88,12,8,いいえ,むりょく / ワロンマイナー輩先 / 試作型おこしん / むぅむぅ / 御嶽さん
1,954,em-2c51c9073e5a,強化ゆる骨格のススメ,50,1704,1704,12,attribute_guard,0.1682,0.25,99,1,7,いいえ,強化ゆる骨格のススメ / トマティーナ少佐 / トキシッくんｵｯｽｵｯｽ / ɚすぃとあろま？ / アグスティンさん
1,955,em-5c8b9af61816,ぴっよコイン先生,60,1111,1111,12,damage_reduction,0.115,0.1944,100,0,7,いいえ,ぴっよコイン先生 / ワロンマイナー輩先 / 試作型おこしん / おたべ妖精 / アグスティンさん
1,956,em-eb4ef5fa8f2f,応援ぴよ子団長,60,1111,1111,12,attack_buff,0.115,0.1944,100,0,7,いいえ,応援ぴよ子団長 / ワロンマイナー輩先 / 試作型おこしん / おたべ妖精 / アグスティンさん
1,957,em-0454ff15fbd8,米倉英夫(ゆる),55,1,1,55,attribute_change,0.0988,0.2292,100,0,8,いいえ,米倉英夫(ゆる) / 試作型おこしん / トマティーナ少佐 / トキシッくんｵｯｽｵｯｽ / アグスティンさん
1,958,em-0ee8cd6c9dab,黄金時代！K・ワンダー,60,3,3,1,multi_hit_attack,0.091,0.2153,98,2,7,いいえ,黄金時代！K・ワンダー / 伝説のビスカやん！ / トキシッくんｵｯｽｵｯｽ / 呼んでますトムさん / ハリウッドナナコ師匠
1,959,em-0277eca3d9cf,ゆる神の像＆ピヨか？,60,426,511,3,guard,0.0902,0.1736,99,1,7,いいえ,ゆる神の像＆ピヨか？ / 伝説のビスカやん！ / トマティーナ少佐 / トキシッくんｵｯｽｵｯｽ / ハリウッドナナコ師匠
1,960,em-7fe5a2875793,米倉英子(大学生),55,1,1,555,attack_buff,0.0737,0.1806,100,0,7,いいえ,米倉英子(大学生) / ワロンマイナー輩先 / ????? / ɚすぃとあろま？ / ハリウッドナナコ師匠
1,961,em-22f9d46fe6f4,ウサウサ八幡,88,10872,5964,6,skill_reduction,0,0,101,0,0,いいえ,
1,962,em-523af93f71e3,神田祭らーの集い,88,5027,6901,4,aoe_attack,0,0,101,0,0,いいえ,
1,963,em-a78326864213,発音王・S・サイアン,88,10650,6560,8,attack_buff,0,0,101,0,0,いいえ,
1,964,em-daac43f51729,四悪妖・鵺,88,9542,5964,1,attribute_change,0,0,101,0,0,いいえ,
1,965,em-de301e40803c,どうしんフェス様,88,6816,4515,5,heal,0,0,101,0,0,いいえ,
1,966,em-4d4a6386f8f8,九周年ぴよ子,99,6815,5111,5,guard,0,0,101,0,0,いいえ,
1,967,em-0c2d5864e3da,グルグルなたまご,100,1,1,100,delay,0,0,101,0,0,いいえ,
1,968,em-0c70f71e4c1a,ルナのたまご,100,1,1,999,attack_buff,0,0,101,0,0,いいえ,
1,969,em-4ee2ea427154,タルタルなたまご,100,1,1,12,attribute_change,0,0,101,0,0,いいえ,
1,970,em-53ece7a43871,キステチスのたまご,100,1,1,40,guard,0,0,101,0,0,いいえ,
1,971,em-6eed78e1fe62,リア充の権化安倍晴明,100,6782,6271,3,heal,0,0,101,0,0,いいえ,
1,972,em-a85045965911,まさか殿(マジ),100,7463,6628,3,attack_buff,0,0,101,0,0,いいえ,
1,973,em-f33de53ee597,遊無給(ニート)な小町,100,7327,5623,3,attack_buff,0,0,101,0,0,いいえ,
2,1,em-cc181917eaeb,無双中な宗茂さん,60,6405,4941,2,aoe_attack,0.4686,0.5417,99,1,7,いいえ,タキシラ師匠 / 無双中な宗茂さん / トマティーナ少佐 / ɚすぃとあろま？ / ハリウッドナナコ師匠
2,2,em-2f36c9341591,☆龍神☆尊氏様,85,9372,5623,2,multi_hit_attack,0.46,0.5139,100,0,4,いいえ,皐月むりょく / ☆龍神☆尊氏様 / コーベリアル男爵 / あろまちゃん / コニーちゃん
2,3,em-cc5e3cfa7400,綺麗なソフィアさん,62,7157,1704,1,multi_hit_attack,0.4495,0.4861,100,0,7,いいえ,ハリウッドナナコ師匠 / 綺麗なソフィアさん / トキシッくんｵｯｽｵｯｽ / ɚすぃとあろま？ / アグスティンさん
2,4,em-237ca774c5e5,ルナプリ☆かぐや様,66,8861,1584,1,aoe_attack,0.4487,0.5139,100,0,6,いいえ,ハリウッドナナコ師匠 / ルナプリ☆かぐや様 / 試作型おこしん / トキシッくんｵｯｽｵｯｽ / アグスティンさん
2,5,em-744815bd68e5,旋回のヘリコプリオン,75,8997,2675,2,aoe_attack,0.4416,0.5139,100,0,5,いいえ,星の白金ぴよ子 / 旋回のヘリコプリオン / 試作型おこしん / おたべ妖精 / ハリウッドナナコ師匠
2,6,em-d518108f13e3,トランシルヴァニア家族,45,5350,6059,2,multi_hit_attack,0.4273,0.4583,95,5,8,いいえ,青玉の供犠ぴよ子 / トランシルヴァニア家族 / 超患部ぴよフェッサー / ɚすぃとあろま？ / TAGOのBOOTH
2,7,em-6d8ed6eb36b3,えかちぇたん,25,4260,2385,1,multi_hit_attack,0.4259,0.4514,100,0,8,いいえ,ダリア・宮子・9 / えかちぇたん / トマティーナ少佐 / ɚすぃとあろま？ / ハリウッドナナコ師匠
2,8,em-9413da55b7e0,ヤマピカリャーコ,47,4515,5095,2,multi_hit_attack,0.4246,0.4722,100,0,7,いいえ,ハリウッドナナコ師匠 / ヤマピカリャーコ / トキシッくんｵｯｽｵｯｽ / 呼んでますトムさん / 白い悪魔の小町さん
2,9,em-8b710fe84fda,モチノ・ウオ丸,32,3902,3254,1,attack_buff,0.4163,0.5417,100,0,8,いいえ,タキシラ師匠 / モチノ・ウオ丸 / 摩陀羅　潮真 / むぅむぅ / ハリウッドナナコ師匠
2,10,em-d1302899cad6,ナポレオーヌ一世,32,3512,2930,1,attack_buff,0.3994,0.5417,100,0,8,いいえ,タキシラ師匠 / ナポレオーヌ一世 / 摩陀羅　潮真 / むぅむぅ / ハリウッドナナコ師匠
2,11,em-5266a394fb35,伊予・タウロス,60,4430,4941,2,multi_hit_attack,0.3977,0.4167,99,1,7,いいえ,タキシラ師匠 / 伊予・タウロス / トマティーナ少佐 / ɚすぃとあろま？ / ハリウッドナナコ師匠
2,12,em-378e340695dc,スクナクナクナクス,50,6816,3408,2,aoe_attack,0.3907,0.4444,97,3,8,いいえ,ハリウッドナナコ師匠 / スクナクナクナクス / 超患部ぴよフェッサー / ????? / アグスティンさん
2,13,em-6ceef8f285a4,可愛馬！真純ちゃん,41,5964,4566,2,multi_hit_attack,0.3874,0.5903,97,3,7,いいえ,日本海女中 / 可愛馬！真純ちゃん / 摩陀羅　潮真 / トキシッくんｵｯｽｵｯｽ / ハリウッドナナコ師匠
2,14,em-d09d2f80d34e,トマティーナ少佐,16,3748,2130,2,multi_hit_attack,0.3829,0.4722,98,2,8,いいえ,ダリア・宮子・9 / トマティーナ少佐 / 摩陀羅　潮真 / ＢＥＷ雪玉 / ハリウッドナナコ師匠
2,15,em-3e2d46063b3e,なっとくん様,70,8026,4618,1,skill_reduction,0.3753,0.3472,100,0,7,いいえ,青玉の供犠ぴよ子 / なっとくん様 / 欣喜ぴよ子 / トキシッくんｵｯｽｵｯｽ / ハリウッドナナコ師匠
2,16,em-a818769b8b91,田島の春,44,1618,5112,2,multi_hit_attack,0.3739,0.3958,93,7,8,いいえ,ハリウッドナナコ師匠 / 田島の春 / 超患部ぴよフェッサー / ɚすぃとあろま？ / TAGOのBOOTH
2,17,em-ea05427d05f5,ナポレオーヌくん,32,3121,2603,1,attack_buff,0.3699,0.5139,100,0,8,いいえ,タキシラ師匠 / ナポレオーヌくん / 摩陀羅　潮真 / むぅむぅ / ハリウッドナナコ師匠
2,18,em-8f7b014ebd06,すわ子isGOD！,18,2254,2737,2,multi_hit_attack,0.3683,0.4306,100,0,8,いいえ,ダリア・宮子・9 / すわ子isGOD！ / 摩陀羅　潮真 / ＢＥＷ雪玉 / ハリウッドナナコ師匠
2,19,em-4b24f34b41a1,レジェント・八郎ニキ,42,4941,852,1,multi_hit_attack,0.3679,0.4375,95,5,8,いいえ,ハリウッドナナコ師匠 / レジェント・八郎ニキ / トキシッくんｵｯｽｵｯｽ / 呼んでますトムさん / 白い悪魔の小町さん
2,20,em-b78d9042e361,サルパちゃん,28,4362,3748,2,multi_hit_attack,0.3678,0.3958,95,5,8,いいえ,速いぞサラマンダー！ / サルパちゃん / 摩陀羅　潮真 / ＢＥＷ雪玉 / シミ
2,21,em-5cd1890be20b,イーネちゃんの舟屋,41,3748,4771,1,guard,0.3633,0.4792,100,0,8,いいえ,ハリウッドナナコ師匠 / イーネちゃんの舟屋 / 超患部ぴよフェッサー / 呼んでますトムさん / 白い悪魔の小町さん
2,22,em-f5955c15b029,ばんば新年2026,60,7668,3438,1,attack_buff,0.3618,0.5694,99,1,7,いいえ,タキシラ師匠 / ばんば新年2026 / トマティーナ少佐 / ＢＥＷ雪玉 / 実はこんにゃくちゃん
2,23,em-d67f8f409078,芋神よしあき,31,4130,2753,2,multi_hit_attack,0.3571,0.4097,98,2,8,いいえ,速いぞサラマンダー！ / 芋神よしあき / 摩陀羅　潮真 / ＢＥＷ雪玉 / シミ
2,24,em-2f152df51cdc,エトナさん,50,5673,1704,1,aoe_attack,0.3542,0.3889,96,4,8,いいえ,ハリウッドナナコ師匠 / エトナさん / トキシッくんｵｯｽｵｯｽ / 呼んでますトムさん / TAGOのBOOTH
2,25,em-4c2a43ecd770,ナンマトル君,14,2115,2115,2,skill_reduction,0.354,0.4444,100,0,8,いいえ,ハリウッドナナコ師匠 / ナンマトル君 / 摩陀羅　潮真 / むぅむぅ / 白い悪魔の小町さん
2,26,em-814e01d05463,非伝説の潮真,60,7535,2423,1,attribute_guard,0.3517,0.4444,99,1,7,いいえ,タキシラ師匠 / 非伝説の潮真 / トマティーナ少佐 / ɚすぃとあろま？ / ハリウッドナナコ師匠
2,27,em-9667a89799b5,冬の双子姫,77,9628,4686,2,damage_reduction,0.3505,0.4931,95,5,4,いいえ,皐月むりょく / 冬の双子姫 / 覚醒ニート / あろまちゃん / ハリウッドナナコ師匠
2,28,em-474d7b7d3bbe,イチャン～(から),26,3606,2850,2,aoe_attack,0.3469,0.4028,93,7,8,いいえ,速いぞサラマンダー！ / イチャン～(から) / 摩陀羅　潮真 / ＢＥＷ雪玉 / シミ
2,29,em-d65d8f8b3d2e,エズ in スミス,20,3542,1771,1,attribute_guard,0.3448,0.5347,88,12,8,いいえ,日本海女中 / エズ in スミス / 摩陀羅　潮真 / トキシッくんｵｯｽｵｯｽ / TAGOのBOOTH
2,30,em-814151a5ca65,登別ッキー,35,2556,6134,2,skill_reduction,0.3429,0.3889,100,0,8,いいえ,タキシラ師匠 / 登別ッキー / 摩陀羅　潮真 / ＢＥＷ雪玉 / 白い悪魔の小町さん
2,31,em-258850fee1ca,時計塔の魔女娘,30,5523,1614,2,skill_reduction,0.3413,0.3681,95,5,8,いいえ,タキシラ師匠 / 時計塔の魔女娘 / 摩陀羅　潮真 / ＢＥＷ雪玉 / 白い悪魔の小町さん
2,32,em-f13a3baa139d,伝説のビスカやん！,9,1893,1241,2,skill_reduction,0.3383,0.4375,92,8,8,いいえ,トキシッくんｵｯｽｵｯｽ / 伝説のビスカやん！ / 摩陀羅　潮真 / むぅむぅ / TAGOのBOOTH
2,33,em-dba7b79429bc,サルパ王＆女王,60,5453,3748,2,multi_hit_attack,0.338,0.3472,99,1,7,いいえ,ハリウッドナナコ師匠 / サルパ王＆女王 / トマティーナ少佐 / トキシッくんｵｯｽｵｯｽ / 実はこんにゃくちゃん
2,34,em-682cda3863fb,脱力コンビあろま＆るる,48,3067,5623,2,skill_reduction,0.3376,0.375,99,1,8,いいえ,タキシラ師匠 / 脱力コンビあろま＆るる / トマティーナ少佐 / ɚすぃとあろま？ / TAGOのBOOTH
2,35,em-898fce321115,にゅー師匠,22,1610,4186,1,guard,0.3371,0.4653,93,7,8,いいえ,ハリウッドナナコ師匠 / にゅー師匠 / トマティーナ少佐 / むぅむぅ / シミ
2,36,em-30e2f325f3af,尾索戦隊ｻﾙﾊﾟﾝｼﾞｬｰ,28,4907,1022,2,multi_hit_attack,0.3365,0.4514,95,5,8,いいえ,速いぞサラマンダー！ / 尾索戦隊ｻﾙﾊﾟﾝｼﾞｬｰ / 摩陀羅　潮真 / ＢＥＷ雪玉 / シミ
2,37,em-d5ed773d56cd,夏至祭のヴァサクサ君,18,3976,2156,2,skill_reduction,0.3344,0.3889,100,0,8,いいえ,ダリア・宮子・9 / 夏至祭のヴァサクサ君 / ????? / ＢＥＷ雪玉 / TAGOのBOOTH
2,38,em-14cb05f591ca,牛鬼だうわーっ！,45,3919,2556,2,multi_hit_attack,0.3318,0.3333,98,2,8,いいえ,ハリウッドナナコ師匠 / 牛鬼だうわーっ！ / トキシッくんｵｯｽｵｯｽ / 呼んでますトムさん / 白い悪魔の小町さん
2,39,em-d7873747b412,藤のフヒッティ,75,10735,3578,1,damage_reduction,0.3297,0.3819,100,0,5,いいえ,ハリウッドナナコ師匠 / 藤のフヒッティ / 伝説のビスカやん！ / 神魚！はたはタン / しょーかくん
2,40,em-679b3b1b58a8,シャフとリサブス,25,2944,3548,1,heal,0.3295,0.5,96,4,8,いいえ,速いぞサラマンダー！ / シャフとリサブス / 摩陀羅　潮真 / ＢＥＷ雪玉 / 白い悪魔の小町さん
2,41,em-ee43bce0e25f,vにゅーさん,51,3567,5271,1,damage_reduction,0.3281,0.4236,98,2,7,いいえ,ハリウッドナナコ師匠 / vにゅーさん / トマティーナ少佐 / トキシッくんｵｯｽｵｯｽ / TAGOのBOOTH
2,42,em-a06f040c9490,冬の加奈多パレード,80,9542,5282,2,attack_buff,0.328,0.5139,98,2,4,いいえ,フィッシャーマン / 冬の加奈多パレード / 覚醒ニート / ギャリーくん / あろまちゃん
2,43,em-480a0eef6d7b,ピカリャー射的ｽﾀｲﾙ,45,3786,3786,2,aoe_attack,0.3279,0.3403,98,2,8,いいえ,ハリウッドナナコ師匠 / ピカリャー射的ｽﾀｲﾙ / トキシッくんｵｯｽｵｯｽ / 呼んでますトムさん / 白い悪魔の小町さん
2,44,em-52a11488ce9e,新・ウオ丸くん,60,4294,3578,1,attack_buff,0.327,0.4236,99,1,7,いいえ,タキシラ師匠 / 新・ウオ丸くん / トマティーナ少佐 / ɚすぃとあろま？ / ハリウッドナナコ師匠
2,45,em-7688ea925e5e,瑠璃ノ宮,27,3408,2726,1,damage_reduction,0.3261,0.4375,98,2,8,いいえ,ハリウッドナナコ師匠 / 瑠璃ノ宮 / トマティーナ少佐 / むぅむぅ / シミ
2,46,em-594e492a6818,ヤンなるネポムちゃん,50,3397,2930,1,attack_buff,0.3258,0.4444,100,0,8,いいえ,タキシラ師匠 / ヤンなるネポムちゃん / トマティーナ少佐 / みどりのたけしマン / ハリウッドナナコ師匠
2,47,em-228697ae4ca1,かつお☆カーニバル,7,1128,1198,2,skill_reduction,0.3254,0.4583,90,10,8,いいえ,トキシッくんｵｯｽｵｯｽ / かつお☆カーニバル / 摩陀羅　潮真 / むぅむぅ / TAGOのBOOTH
2,48,em-0e6d3baf12ca,ネギ少女じゅんちゃん,36,3544,3544,1,heal,0.3231,0.4792,100,0,8,いいえ,ハリウッドナナコ師匠 / ネギ少女じゅんちゃん / 摩陀羅　潮真 / ＢＥＷ雪玉 / 白い悪魔の小町さん
2,49,em-8d38e9c3aa92,オルカアタッカー虎子,70,9202,6134,1,attack_buff,0.322,0.4792,100,0,7,いいえ,青玉の供犠ぴよ子 / オルカアタッカー虎子 / 欣喜ぴよ子 / トキシッくんｵｯｽｵｯｽ / ハリウッドナナコ師匠
2,50,em-6262a008b5c9,脱力コンビあろま＆るる,38,3067,5623,2,skill_reduction,0.3216,0.3403,97,3,8,いいえ,ハリウッドナナコ師匠 / 脱力コンビあろま＆るる / 超患部ぴよフェッサー / 呼んでますトムさん / 白い悪魔の小町さん
2,51,em-ceda64319ca1,蜜香のウミリンゴ,75,8520,5453,1,attack_buff,0.3202,0.4653,99,1,5,いいえ,ハリウッドナナコ師匠 / 蜜香のウミリンゴ / 試作型おこしん / 神魚！はたはタン / シーラちゃん
2,52,em-7a7f1cd12450,スオ面スナイパー,13,1132,1812,1,attack_buff,0.3195,0.5069,94,6,8,いいえ,トキシッくんｵｯｽｵｯｽ / スオ面スナイパー / 摩陀羅　潮真 / むぅむぅ / かんきゅっちゃん
2,53,em-106b8d6fe4c5,ドヤ顔の女帝瑠璃,60,4430,4089,1,damage_reduction,0.3195,0.4028,99,1,7,いいえ,ハリウッドナナコ師匠 / ドヤ顔の女帝瑠璃 / トマティーナ少佐 / トキシッくんｵｯｽｵｯｽ / 実はこんにゃくちゃん
2,54,em-cb9a138787d0,摩陀羅　潮真,27,7194,1741,2,attribute_guard,0.3186,0.4583,100,0,8,いいえ,ダリア・宮子・9 / 摩陀羅　潮真 / すわ子isGOD！ / ＢＥＷ雪玉 / ハリウッドナナコ師匠
2,55,em-433922ef3e4e,夏至祭のぺた也君,53,7266,2153,2,skill_reduction,0.3173,0.3125,99,1,7,いいえ,ハリウッドナナコ師匠 / 夏至祭のぺた也君 / トキシッくんｵｯｽｵｯｽ / 呼んでますトムさん / TAGOのBOOTH
2,56,em-1eee6f61a8bd,キングな勝斧さん,31,4601,2726,1,attack_buff,0.3168,0.4861,97,3,8,いいえ,トキシッくんｵｯｽｵｯｽ / キングな勝斧さん / 欣喜ぴよ子 / むぅむぅ / TAGOのBOOTH
2,57,em-dec390a52ee6,英国ストヘン技師,70,8861,4260,2,damage_reduction,0.3145,0.4167,100,0,6,いいえ,タキシラ師匠 / 英国ストヘン技師 / ɚすぃとあろま？ / おたべ妖精 / ハリウッドナナコ師匠
2,58,em-c8db19de00fd,ワロンマイナー輩先,13,2953,1328,1,heal,0.3135,0.4583,86,14,8,いいえ,タキシラ師匠 / ワロンマイナー輩先 / 大晦日のネギそば給仕少女 / ɚすぃとあろま？ / まそお姉ちゃん
2,59,em-6d1e4c915f30,チートモードな楽趣味さん,48,5964,1278,1,multi_hit_attack,0.3118,0.3403,91,9,8,いいえ,ハリウッドナナコ師匠 / チートモードな楽趣味さん / トキシッくんｵｯｽｵｯｽ / ɚすぃとあろま？ / TAGOのBOOTH
2,60,em-418076b2d218,イシマンガリソ先輩,42,5367,3067,1,attribute_guard,0.3101,0.4375,95,5,8,いいえ,ハリウッドナナコ師匠 / イシマンガリソ先輩 / トキシッくんｵｯｽｵｯｽ / 呼んでますトムさん / 白い悪魔の小町さん
2,61,em-94a55ee81090,瑠璃の君,27,3067,2453,1,damage_reduction,0.3097,0.4306,98,2,8,いいえ,ハリウッドナナコ師匠 / 瑠璃の君 / トマティーナ少佐 / むぅむぅ / シミ
2,62,em-0e9d90fcbf69,テオティワちーちゃん,66,11928,149,1,multi_hit_attack,0.3091,0.3819,95,5,6,いいえ,ハリウッドナナコ師匠 / テオティワちーちゃん / 欣喜ぴよ子 / リンゴルモア大王 / おたべ妖精
2,63,em-af9542637cdd,群れを成すサルパ,28,5453,756,2,multi_hit_attack,0.3089,0.4167,95,5,8,いいえ,速いぞサラマンダー！ / 群れを成すサルパ / 摩陀羅　潮真 / ＢＥＷ雪玉 / シミ
2,64,em-c545b5a51997,トリニダの怪人,13,4077,1057,2,skill_reduction,0.3086,0.3819,99,1,8,いいえ,ダリア・宮子・9 / トリニダの怪人 / トマティーナ少佐 / みどりのたけしマン / ハリウッドナナコ師匠
2,65,em-dd80c8492923,?????,22,3067,1533,1,attack_buff,0.3074,0.5,100,0,8,いいえ,トキシッくんｵｯｽｵｯｽ / ????? / 摩陀羅　潮真 / むぅむぅ / 速いぞサラマンダー！
2,66,em-8bc827a54303,勝斧・カンムーリ,15,2896,1704,1,attack_buff,0.307,0.4861,93,7,8,いいえ,青玉の供犠ぴよ子 / 勝斧・カンムーリ / 大晦日のネギそば給仕少女 / ɚすぃとあろま？ / シミ
2,67,em-3767457f6cce,ｷﾗﾒｷﾒﾗ☆ヒラメ様,40,5367,2215,1,attribute_change,0.3056,0.4792,100,0,8,いいえ,ハリウッドナナコ師匠 / ｷﾗﾒｷﾒﾗ☆ヒラメ様 / トマティーナ少佐 / ????? / 白い悪魔の小町さん
2,68,em-55828eea72b7,スーリヤ大先輩,48,5360,1951,2,aoe_attack,0.3055,0.3611,91,9,8,いいえ,ハリウッドナナコ師匠 / スーリヤ大先輩 / トキシッくんｵｯｽｵｯｽ / ɚすぃとあろま？ / TAGOのBOOTH
2,69,em-313faf3b400a,バルパラ★イソ子,36,3237,3067,1,attribute_guard,0.3052,0.4722,99,1,8,いいえ,ハリウッドナナコ師匠 / バルパラ★イソ子 / トマティーナ少佐 / みさきパイセン / シミ
2,70,em-ca249600bce3,アレス暮らし,24,2737,1932,1,attack_buff,0.305,0.4028,97,3,8,いいえ,タキシラ師匠 / アレス暮らし / 摩陀羅　潮真 / ＢＥＷ雪玉 / 御嶽さん
2,71,em-47c29240fd33,大晦日のネギそば給仕少女,40,3834,3834,2,guard,0.304,0.4444,99,1,8,いいえ,ハリウッドナナコ師匠 / 大晦日のネギそば給仕少女 / 超患部ぴよフェッサー / 呼んでますトムさん / 白い悪魔の小町さん
2,72,em-2c2759ede728,?????,44,4771,2385,1,attack_buff,0.3029,0.4722,100,0,8,いいえ,タキシラ師匠 / ????? / すわ子isGOD！ / 呼んでますトムさん / TAGOのBOOTH
2,73,em-048f5c5385db,Mr.バトラー,34,4771,3067,1,attribute_change,0.3007,0.4792,99,1,8,いいえ,タキシラ師匠 / Mr.バトラー / 摩陀羅　潮真 / ＢＥＷ雪玉 / 白い悪魔の小町さん
2,74,em-00734b7bf0e4,アパカ☆アイガー師匠,16,1551,2733,1,attack_buff,0.3005,0.4653,97,3,8,いいえ,速いぞサラマンダー！ / アパカ☆アイガー師匠 / 摩陀羅　潮真 / みさきパイセン / シミ
2,75,em-ab3947962bd3,姫騎士なコンクさん,60,4856,3237,1,damage_reduction,0.3,0.3889,99,1,7,いいえ,ハリウッドナナコ師匠 / 姫騎士なコンクさん / トマティーナ少佐 / トキシッくんｵｯｽｵｯｽ / 実はこんにゃくちゃん
2,76,em-4c764571b9ab,お稲荷様のパシリ,47,6816,3408,1,attack_buff,0.2981,0.4653,89,11,8,いいえ,青玉の供犠ぴよ子 / お稲荷様のパシリ / すわ子isGOD！ / トキシッくんｵｯｽｵｯｽ / 実はこんにゃくちゃん
2,77,em-cf9464eec3b4,ヒラメちゃん,13,2370,2044,1,attribute_change,0.2976,0.4931,87,13,8,いいえ,日本海女中 / ヒラメちゃん / 摩陀羅　潮真 / ɚすぃとあろま？ / シミ
2,78,em-e3dab98c64af,試作型おこしん,8,2265,1510,2,attribute_guard,0.2964,0.4861,100,0,8,いいえ,日本海女中 / 試作型おこしん / 摩陀羅　潮真 / むぅむぅ / シミ
2,79,em-8765daafca7a,トマティーナ中佐,40,3748,2130,2,multi_hit_attack,0.2957,0.3472,95,5,8,いいえ,ハリウッドナナコ師匠 / トマティーナ中佐 / すわ子isGOD！ / ɚすぃとあろま？ / シミ
2,80,em-712f122e2051,オロモ君は欝気味,17,1536,2684,1,guard,0.295,0.4097,100,0,8,いいえ,ダリア・宮子・9 / オロモ君は欝気味 / サルパちゃん / ＢＥＷ雪玉 / ハリウッドナナコ師匠
2,81,em-4016fa16a6ca,Dr.&萌やﾁﾝｹﾞｰﾙ,14,773,2573,1,heal,0.2946,0.4444,100,0,8,いいえ,速いぞサラマンダー！ / Dr.&萌やﾁﾝｹﾞｰﾙ / 摩陀羅　潮真 / むぅむぅ / TAGOのBOOTH
2,82,em-7419b64dec0e,天の飛龍巻,42,5623,3748,2,attribute_change,0.2943,0.4861,100,0,8,いいえ,タキシラ師匠 / 天の飛龍巻 / 摩陀羅　潮真 / ＢＥＷ雪玉 / TAGOのBOOTH
2,83,em-9991a7ad9a04,ヒラメさん進化中,22,4004,2556,1,attribute_change,0.292,0.4792,96,4,8,いいえ,試作型おこしん / ヒラメさん進化中 / 摩陀羅　潮真 / みさきパイセン / TAGOのBOOTH
2,84,em-2d179e9f0835,ﾇｯと出る☆ウイス君,36,5354,2486,2,attack_buff,0.2911,0.4583,95,5,8,いいえ,青玉の供犠ぴよ子 / ﾇｯと出る☆ウイス君 / 摩陀羅　潮真 / トキシッくんｵｯｽｵｯｽ / TAGOのBOOTH
2,85,em-ed2bb6e12815,ラスコー原人,14,604,3624,1,attribute_change,0.2907,0.4931,88,12,8,いいえ,日本海女中 / ラスコー原人 / 摩陀羅　潮真 / ɚすぃとあろま？ / シミ
2,86,em-a0159af9ab81,カネヒラくん,14,2385,2556,2,attribute_change,0.2907,0.4861,88,12,8,いいえ,日本海女中 / カネヒラくん / 摩陀羅　潮真 / ɚすぃとあろま？ / シミ
2,87,em-563e34211286,大抵カールのせい,50,4686,5112,1,damage_reduction,0.289,0.3889,99,1,7,いいえ,ハリウッドナナコ師匠 / 大抵カールのせい / すわ子isGOD！ / トキシッくんｵｯｽｵｯｽ / TAGOのBOOTH
2,88,em-8a1f54dc1206,讃えよ！ヒンヌー教徒,46,3393,4260,1,attribute_change,0.2883,0.4583,100,0,8,いいえ,タキシラ師匠 / 讃えよ！ヒンヌー教徒 / トマティーナ少佐 / 呼んでますトムさん / TAGOのBOOTH
2,89,em-b0799e52d0a8,カヌーイング・ケベック,28,3674,2641,1,attack_buff,0.2861,0.4306,90,10,8,いいえ,速いぞサラマンダー！ / カヌーイング・ケベック / すわ子isGOD！ / ɚすぃとあろま？ / シミ
2,90,em-1bcd64d199fb,ケロッとる☆キング,31,1533,5708,2,attribute_change,0.2852,0.4861,95,5,8,いいえ,青玉の供犠ぴよ子 / ケロッとる☆キング / イチャン～(から) / ɚすぃとあろま？ / シミ
2,91,em-c67ab163f5d6,さくらこはダムです,12,2092,735,1,attribute_guard,0.283,0.4722,99,1,8,いいえ,タキシラ師匠 / さくらこはダムです / 摩陀羅　潮真 / むぅむぅ / 白い悪魔の小町さん
2,92,em-23638c0715eb,ばけごろう,30,1757,5743,1,attribute_change,0.2824,0.4583,98,2,9,いいえ,タキシラ師匠 / ばけごろう / 摩陀羅　潮真 / むぅむぅ / ハリウッドナナコ師匠
2,93,em-d9bd2d5de563,コンクちゃん,20,2556,1704,1,damage_reduction,0.2818,0.4097,93,7,8,いいえ,青玉の供犠ぴよ子 / コンクちゃん / 大晦日のネギそば給仕少女 / ɚすぃとあろま？ / かんきゅっちゃん
2,94,em-78c90c30a11c,夜光虫ほたるん,14,2265,3020,2,attribute_change,0.2817,0.4792,88,12,8,いいえ,日本海女中 / 夜光虫ほたるん / 摩陀羅　潮真 / ɚすぃとあろま？ / シミ
2,95,em-825d090d7d15,比保々田 真純,31,4601,3714,2,multi_hit_attack,0.2796,0.4236,98,2,8,いいえ,速いぞサラマンダー！ / 比保々田 真純 / 摩陀羅　潮真 / ＢＥＷ雪玉 / シミ
2,96,em-e84c5851ba6b,地下大河のルーシー,73,7668,2641,1,attack_buff,0.2795,0.3819,100,0,6,いいえ,ハリウッドナナコ師匠 / 地下大河のルーシー / 試作型おこしん / リンゴルモア大王 / おたべ妖精
2,97,em-95e1d74be5b6,Ｈ・Ｆ・ウーマン,47,6305,3748,2,guard,0.2782,0.3819,100,0,8,いいえ,ハリウッドナナコ師匠 / Ｈ・Ｆ・ウーマン / トキシッくんｵｯｽｵｯｽ / 呼んでますトムさん / 白い悪魔の小町さん
2,98,em-7f58743c664e,ポリミタス☆おかいこ,34,4771,3069,2,attribute_change,0.2781,0.4583,99,1,8,いいえ,タキシラ師匠 / ポリミタス☆おかいこ / 摩陀羅　潮真 / ＢＥＷ雪玉 / 白い悪魔の小町さん
2,99,em-ecc88d69f40d,恋愛成就☆どうしん様,25,2649,2504,1,heal,0.2779,0.4375,95,5,8,いいえ,日本海女中 / 恋愛成就☆どうしん様 / 試作型おこしん / 呼んでますトムさん / 御嶽さん
2,100,em-a44b56d26d84,聖夜の又マタドーるん,45,3919,4260,1,damage_reduction,0.2771,0.375,99,1,8,いいえ,タキシラ師匠 / 聖夜の又マタドーるん / トマティーナ少佐 / 呼んでますトムさん / TAGOのBOOTH
2,101,em-7b7bc6faa9ba,パティは実況勢,41,5623,3352,2,damage_reduction,0.2752,0.4028,100,0,8,いいえ,ハリウッドナナコ師匠 / パティは実況勢 / 超患部ぴよフェッサー / 呼んでますトムさん / 白い悪魔の小町さん
2,102,em-269e75871422,瑠璃☆瑠璃,27,2726,2181,1,damage_reduction,0.2747,0.3889,98,2,8,いいえ,ハリウッドナナコ師匠 / 瑠璃☆瑠璃 / トマティーナ少佐 / むぅむぅ / シミ
2,103,em-d95aa4fb8de0,北海！白川だるま,45,4473,2556,1,attack_buff,0.2744,0.4167,99,1,8,いいえ,タキシラ師匠 / 北海！白川だるま / トマティーナ少佐 / 呼んでますトムさん / TAGOのBOOTH
2,104,em-53e02d48f02a,It’s a ちーちゃん,33,6816,149,2,multi_hit_attack,0.2744,0.4167,100,0,8,いいえ,速いぞサラマンダー！ / It’s a ちーちゃん / 摩陀羅　潮真 / ＢＥＷ雪玉 / シミ
2,105,em-35db097208c5,勝斧・冠,60,6816,4089,1,attack_buff,0.2744,0.4028,100,0,7,いいえ,青玉の供犠ぴよ子 / 勝斧・冠 / 試作型おこしん / トキシッくんｵｯｽｵｯｽ / TAGOのBOOTH
2,106,em-ba8324a2cbef,覚醒ニート,6,354,296,2,multi_hit_attack,0.2721,0.4861,98,2,8,いいえ,ダリア・宮子・9 / 覚醒ニート / 摩陀羅　潮真 / ＢＥＷ雪玉 / かんきゅっちゃん
2,107,em-4e2a71a8e1a6,ハチモドキアブ,55,5623,6100,2,revive,0.2719,0.4375,100,0,6,いいえ,ハリウッドナナコ師匠 / ハチモドキアブ / 試作型おこしん / 呼んでますトムさん / TAGOのBOOTH
2,108,em-cdd2ac5f0a12,クイーンなコンク様,44,3578,2385,1,damage_reduction,0.2716,0.3681,97,3,8,いいえ,ハリウッドナナコ師匠 / クイーンなコンク様 / トキシッくんｵｯｽｵｯｽ / 呼んでますトムさん / 白い悪魔の小町さん
2,109,em-06ed1eae98fc,ソンな福ちゃん,31,3377,3377,1,attribute_change,0.2714,0.4514,96,4,8,いいえ,タキシラ師匠 / ソンな福ちゃん / 摩陀羅　潮真 / ＢＥＷ雪玉 / 白い悪魔の小町さん
2,110,em-643d05a15e4e,エビユルゲ大佐,5,520,460,2,attribute_change,0.2713,0.5208,99,1,8,いいえ,ダリア・宮子・9 / エビユルゲ大佐 / 摩陀羅　潮真 / ＢＥＷ雪玉 / TAGOのBOOTH
2,111,em-501834a284b1,加賀友☆禅野さん,38,4175,4771,2,attribute_change,0.271,0.4375,96,4,8,いいえ,タキシラ師匠 / 加賀友☆禅野さん / 摩陀羅　潮真 / ＢＥＷ雪玉 / TAGOのBOOTH
2,112,em-d941ef4d2c66,紫禁嬢,34,4692,2801,2,damage_reduction,0.2695,0.3819,97,3,8,いいえ,ハリウッドナナコ師匠 / 紫禁嬢 / トマティーナ少佐 / みさきパイセン / シミ
2,113,em-65efdfdd59b3,「ぼ」じゃなくてゔぉたん,40,4941,3408,1,attribute_change,0.2678,0.4236,98,2,8,いいえ,タキシラ師匠 / 「ぼ」じゃなくてゔぉたん / 摩陀羅　潮真 / ＢＥＷ雪玉 / TAGOのBOOTH
2,114,em-8d766096773e,おんじとゆかいな子供達,36,5316,1704,1,damage_reduction,0.2678,0.3958,99,1,8,いいえ,タキシラ師匠 / おんじとゆかいな子供達 / すわ子isGOD！ / 呼んでますトムさん / 白い悪魔の小町さん
2,115,em-3488d6542112,クロゴキ,65,6134,2113,2,multi_hit_attack,0.2677,0.25,100,0,7,いいえ,ハリウッドナナコ師匠 / クロゴキ / 欣喜ぴよ子 / トキシッくんｵｯｽｵｯｽ / わさわさ大根
2,116,em-e507272ab5af,フィッシャーマン２,6,400,400,1,heal,0.2674,0.4931,98,2,8,いいえ,有砂小町 / フィッシャーマン２ / 摩陀羅　潮真 / ＢＥＷ雪玉 / TAGOのBOOTH
2,117,em-1211d6248533,ピンクなコンクさん,32,3067,2044,1,damage_reduction,0.2673,0.3819,95,5,8,いいえ,タキシラ師匠 / ピンクなコンクさん / すわ子isGOD！ / 呼んでますトムさん / 白い悪魔の小町さん
2,118,em-2b584e87473c,ウルルさんのオフ曜日,41,2958,6816,1,attack_buff,0.2666,0.4028,99,1,8,いいえ,タキシラ師匠 / ウルルさんのオフ曜日 / 摩陀羅　潮真 / ＢＥＷ雪玉 / TAGOのBOOTH
2,119,em-4c8a3408455b,泳ぐカネヒラさん,28,3748,3408,2,attribute_change,0.2657,0.4514,93,7,8,いいえ,タキシラ師匠 / 泳ぐカネヒラさん / 摩陀羅　潮真 / ＢＥＷ雪玉 / 白い悪魔の小町さん
2,120,em-4f7f91fb4514,うどんの天使,42,3067,3748,1,attack_buff,0.2657,0.3681,97,3,8,いいえ,ハリウッドナナコ師匠 / うどんの天使 / 超患部ぴよフェッサー / みどりのたけしマン / アグスティンさん
2,121,em-4d6101ee96b0,フィッシャーマン３,8,520,470,1,heal,0.2644,0.4861,100,0,8,いいえ,有砂小町 / フィッシャーマン３ / 摩陀羅　潮真 / ＢＥＷ雪玉 / TAGOのBOOTH
2,122,em-e9a9af4ae9bc,梨豚ぴぐぺん,6,500,600,2,attack_buff,0.2638,0.4931,100,0,8,いいえ,ダリア・宮子・9 / 梨豚ぴぐぺん / 摩陀羅　潮真 / ＢＥＷ雪玉 / TAGOのBOOTH
2,123,em-8dfd3b91ca8d,総統エビユルゲ,6,1244,1159,1,attribute_change,0.2637,0.4444,100,0,8,いいえ,こうせえっつう女中 / 総統エビユルゲ / 摩陀羅　潮真 / むぅむぅ / シミ
2,124,em-562269adda28,ブルジョワジー下仁田,20,2265,2276,1,guard,0.2637,0.3819,93,7,8,いいえ,青玉の供犠ぴよ子 / ブルジョワジー下仁田 / 大晦日のネギそば給仕少女 / ɚすぃとあろま？ / かんきゅっちゃん
2,125,em-4f3eddbe87bf,キルワくん,17,2141,3226,1,attack_buff,0.2633,0.4306,97,3,8,いいえ,ダリア・宮子・9 / キルワくん / すわ子isGOD！ / 呼んでますトムさん / ハリウッドナナコ師匠
2,126,em-e9a4c94598fc,深海人ゴロウ,6,500,480,2,attack_buff,0.2631,0.5069,100,0,8,いいえ,ダリア・宮子・9 / 深海人ゴロウ / 摩陀羅　潮真 / ＢＥＷ雪玉 / TAGOのBOOTH
2,127,em-9d5a58645c8c,カロニスタ・ヴェニ子,37,4444,4444,2,attack_buff,0.2618,0.4236,96,4,8,いいえ,青玉の供犠ぴよ子 / カロニスタ・ヴェニ子 / 摩陀羅　潮真 / トキシッくんｵｯｽｵｯｽ / TAGOのBOOTH
2,128,em-b83d457ef580,王国民ゴロウ,5,390,390,2,attack_buff,0.2611,0.5069,99,1,8,いいえ,ダリア・宮子・9 / 王国民ゴロウ / 摩陀羅　潮真 / ＢＥＷ雪玉 / TAGOのBOOTH
2,129,em-53fae101e208,水海　月,34,3288,4260,1,attribute_guard,0.2605,0.3958,100,0,8,いいえ,トキシッくんｵｯｽｵｯｽ / 水海　月 / トマティーナ少佐 / むぅむぅ / わさわさ大根
2,130,em-d138d4e46038,きぬたン,48,3067,4771,2,attack_buff,0.26,0.3958,95,5,8,いいえ,日本海女中 / きぬたン / 超患部ぴよフェッサー / ɚすぃとあろま？ / ハリウッドナナコ師匠
2,131,em-6b69fff3a46d,怒るよ!!勝斧さん,47,6164,3748,1,attack_buff,0.2593,0.375,99,1,8,いいえ,タキシラ師匠 / 怒るよ!!勝斧さん / トマティーナ少佐 / 呼んでますトムさん / かんきゅっちゃん
2,132,em-210e07c4044b,偉いよ！どうしん先生,19,1245,1155,1,heal,0.259,0.4444,97,3,8,いいえ,速いぞサラマンダー！ / 偉いよ！どうしん先生 / 摩陀羅　潮真 / みさきパイセン / TAGOのBOOTH
2,133,em-fa3191833d67,エヴァン,28,3381,2776,2,damage_reduction,0.2583,0.4236,99,1,8,いいえ,ダリア・宮子・9 / エヴァン / トマティーナ少佐 / ＢＥＷ雪玉 / ハリウッドナナコ師匠
2,134,em-535fe684b32f,新・フィッシャーマン,10,1286,1116,1,heal,0.2581,0.4306,100,0,8,いいえ,青玉の供犠ぴよ子 / 新・フィッシャーマン / 摩陀羅　潮真 / やまたのおろちん / TAGOのBOOTH
2,135,em-b8168a7a90ca,大杉に願いを☆ミ,39,5129,3067,2,attribute_guard,0.2571,0.3611,96,4,8,いいえ,タキシラ師匠 / 大杉に願いを☆ミ / トマティーナ少佐 / むぅむぅ / ハリウッドナナコ師匠
2,136,em-d07cd0c8b0b0,二条城☆浴衣モード,19,2656,2495,1,attribute_guard,0.2569,0.4097,100,0,8,いいえ,ダリア・宮子・9 / 二条城☆浴衣モード / トマティーナ少佐 / ＢＥＷ雪玉 / かんきゅっちゃん
2,137,manual-nijo-yukata-mode,二条嬢☆浴衣モード,19,2656,2495,1,attribute_guard,0.2569,0.4097,100,0,8,いいえ,ダリア・宮子・9 / 二条嬢☆浴衣モード / トマティーナ少佐 / ＢＥＷ雪玉 / かんきゅっちゃん
2,138,em-08c96cb40803,ノローニャ・パイセン,43,5964,3410,1,attack_buff,0.2567,0.3611,96,4,8,いいえ,ハリウッドナナコ師匠 / ノローニャ・パイセン / トキシッくんｵｯｽｵｯｽ / 呼んでますトムさん / 白い悪魔の小町さん
2,139,em-cf2619ce2878,俺っち氷河,28,3864,3222,2,attribute_change,0.2564,0.4306,93,7,8,いいえ,タキシラ師匠 / 俺っち氷河 / 摩陀羅　潮真 / ＢＥＷ雪玉 / 白い悪魔の小町さん
2,140,em-a6fe320c7afa,戸隠忍者はハント中,31,937,5027,1,attack_buff,0.2561,0.4444,87,13,8,いいえ,青玉の供犠ぴよ子 / 戸隠忍者はハント中 / すわ子isGOD！ / ɚすぃとあろま？ / シミ
2,141,em-84a7ce7d3a80,ゴロウ,4,310,302,2,attack_buff,0.2558,0.5,98,2,8,いいえ,ダリア・宮子・9 / ゴロウ / 摩陀羅　潮真 / ＢＥＷ雪玉 / TAGOのBOOTH
2,142,em-5c142a19c12c,菅大臣・どうしん様,24,2649,2504,1,heal,0.2557,0.3958,94,6,8,いいえ,日本海女中 / 菅大臣・どうしん様 / 試作型おこしん / 呼んでますトムさん / 御嶽さん
2,143,em-7a58e59098c4,森神ブーナッド,36,4941,3408,2,heal,0.2556,0.4375,100,0,8,いいえ,ハリウッドナナコ師匠 / 森神ブーナッド / 摩陀羅　潮真 / ＢＥＷ雪玉 / 白い悪魔の小町さん
2,144,em-4e77469f1fc4,綺麗な金平さん,42,5112,4260,1,attribute_change,0.255,0.3889,100,0,8,いいえ,タキシラ師匠 / 綺麗な金平さん / 摩陀羅　潮真 / ＢＥＷ雪玉 / TAGOのBOOTH
2,145,em-7b76cc31326e,迷走のヴァニ江,36,4379,2505,2,damage_reduction,0.2538,0.375,97,3,8,いいえ,タキシラ師匠 / 迷走のヴァニ江 / 試作型おこしん / むぅむぅ / TAGOのBOOTH
2,146,em-a91eca479689,嗚呼ヴァサクサ君,10,1880,374,2,skill_reduction,0.2534,0.4097,93,7,8,いいえ,トキシッくんｵｯｽｵｯｽ / 嗚呼ヴァサクサ君 / 摩陀羅　潮真 / むぅむぅ / TAGOのBOOTH
2,147,em-86055d05ee01,ラムネ少女じゅんちゃん,14,2113,2113,2,heal,0.2532,0.4236,100,0,8,いいえ,ハリウッドナナコ師匠 / ラムネ少女じゅんちゃん / 摩陀羅　潮真 / むぅむぅ / 白い悪魔の小町さん
2,148,em-67086191a83f,マダラなシオマネキ君,27,5490,1059,2,attribute_guard,0.2528,0.3819,100,0,8,いいえ,ダリア・宮子・9 / マダラなシオマネキ君 / すわ子isGOD！ / ＢＥＷ雪玉 / ハリウッドナナコ師匠
2,149,em-36ce9827163b,検非違使なけいび氏,28,6024,878,2,heal,0.2525,0.4236,99,1,8,いいえ,速いぞサラマンダー！ / 検非違使なけいび氏 / 摩陀羅　潮真 / ＢＥＷ雪玉 / 白い悪魔の小町さん
2,150,em-c547f488bc34,警告！クジラの尊,12,30,1410,1,attribute_change,0.252,0.4444,86,14,8,いいえ,日本海女中 / 警告！クジラの尊 / 摩陀羅　潮真 / ɚすぃとあろま？ / シミ
2,151,em-6885c7d684d6,雪の美女と魔獣,52,4304,3016,1,heal,0.2517,0.3681,100,0,7,いいえ,日本海女中 / 雪の美女と魔獣 / トマティーナ少佐 / ɚすぃとあろま？ / ハリウッドナナコ師匠
2,152,em-4dc27428f645,よりりんＫ林スタイル,24,2576,2576,2,attribute_change,0.2511,0.4375,99,1,8,いいえ,ダリア・宮子・9 / よりりんＫ林スタイル / トマティーナ少佐 / ɚすぃとあろま？ / ハリウッドナナコ師匠
2,153,em-e4561d587562,幼心のデメ子さん,25,3178,4089,1,attribute_change,0.2508,0.4097,100,0,8,いいえ,ダリア・宮子・9 / 幼心のデメ子さん / トマティーナ少佐 / ɚすぃとあろま？ / ハリウッドナナコ師匠
2,154,em-db1935c2a136,コーベリアル公爵,10,1229,1173,1,attribute_guard,0.2505,0.4375,97,3,8,いいえ,日本海女中 / コーベリアル公爵 / 摩陀羅　潮真 / むぅむぅ / かんきゅっちゃん
2,155,em-7c8471edf1df,ハロハロ☆ナモミさま,36,2556,4260,2,attack_buff,0.2504,0.4236,95,5,8,いいえ,青玉の供犠ぴよ子 / ハロハロ☆ナモミさま / 摩陀羅　潮真 / トキシッくんｵｯｽｵｯｽ / TAGOのBOOTH
2,156,em-b9b869c15b9f,ルリマダラー,15,3786,378,2,attribute_guard,0.25,0.4097,100,0,8,いいえ,ダリア・宮子・9 / ルリマダラー / すわ子isGOD！ / さふらんらん / TAGOのBOOTH
2,157,em-f2d052955a43,大正義・フクちゃん,7,1128,1269,2,attribute_change,0.2496,0.4444,90,10,8,いいえ,トキシッくんｵｯｽｵｯｽ / 大正義・フクちゃん / 摩陀羅　潮真 / むぅむぅ / TAGOのBOOTH
2,158,em-c3d00c8f1bd5,竜馬は撃ちぬけない,30,4430,4430,1,attribute_change,0.2494,0.3958,98,2,8,いいえ,タキシラ師匠 / 竜馬は撃ちぬけない / 摩陀羅　潮真 / むぅむぅ / ハリウッドナナコ師匠
2,159,em-2449b6ff9d58,スマトラのウータン,12,2703,657,2,attribute_change,0.2491,0.4375,96,4,8,いいえ,日本海女中 / スマトラのウータン / 摩陀羅　潮真 / みさきパイセン / シミ
2,160,em-6cd949ff7539,?????,53,1842,6475,2,guard,0.2488,0.4097,100,0,7,いいえ,ハリウッドナナコ師匠 / ????? / トマティーナ少佐 / トキシッくんｵｯｽｵｯｽ / TAGOのBOOTH
2,161,em-28c6b952551d,海の昇竜貫,33,4601,3408,2,attack_buff,0.2484,0.3958,98,2,8,いいえ,タキシラ師匠 / 海の昇竜貫 / 摩陀羅　潮真 / ＢＥＷ雪玉 / 白い悪魔の小町さん
2,162,em-beaaa8c15744,カメハメハワイ大王,50,3059,5879,2,attack_buff,0.2481,0.4306,95,5,8,いいえ,青玉の供犠ぴよ子 / カメハメハワイ大王 / 超患部ぴよフェッサー / ɚすぃとあろま？ / アグスティンさん
2,163,em-0984e8e9ee06,加賀のカブキ者,60,4430,6816,2,attack_buff,0.248,0.4097,99,1,7,いいえ,タキシラ師匠 / 加賀のカブキ者 / トマティーナ少佐 / ɚすぃとあろま？ / ハリウッドナナコ師匠
2,164,em-2a20d82018a7,強飯式太子君,43,4771,3408,1,heal,0.2468,0.4028,100,0,8,いいえ,ハリウッドナナコ師匠 / 強飯式太子君 / 摩陀羅　潮真 / ＢＥＷ雪玉 / TAGOのBOOTH
2,165,em-6ead69ef1b01,精霊ブーナッド,16,4025,805,2,heal,0.2455,0.4306,100,0,8,いいえ,速いぞサラマンダー！ / 精霊ブーナッド / 摩陀羅　潮真 / むぅむぅ / かんきゅっちゃん
2,166,em-663696ccf728,夏の一次幹,22,3408,2215,2,attack_buff,0.2436,0.4028,100,0,8,いいえ,ダリア・宮子・9 / 夏の一次幹 / トマティーナ少佐 / 呼んでますトムさん / ハリウッドナナコ師匠
2,167,em-c1544fb41324,元キャプテン・hɔーク,13,1359,1963,1,attribute_guard,0.2424,0.4028,100,0,8,いいえ,タキシラ師匠 / 元キャプテン・hɔーク / 摩陀羅　潮真 / むぅむぅ / 白い悪魔の小町さん
2,168,em-c816189f2294,ブッダがやって来る！,17,1510,1510,2,delay,0.2419,0.3056,95,5,8,いいえ,青玉の供犠ぴよ子 / ブッダがやって来る！ / 摩陀羅　潮真 / むぅむぅ / かんきゅっちゃん
2,169,em-2d3e693a8406,ツキマシモン,35,3919,1704,2,attack_buff,0.2414,0.3958,100,0,8,いいえ,タキシラ師匠 / ツキマシモン / 摩陀羅　潮真 / ＢＥＷ雪玉 / 白い悪魔の小町さん
2,170,em-b7b738711fb0,ちくわサンド,23,2817,2656,2,attack_buff,0.2412,0.4097,100,0,8,いいえ,ダリア・宮子・9 / ちくわサンド / すわ子isGOD！ / ɚすぃとあろま？ / ハリウッドナナコ師匠
2,171,em-7fd9b48cee31,七夕星人☆たたるんるん,20,3220,1610,2,attack_buff,0.2411,0.3958,97,3,8,いいえ,ハリウッドナナコ師匠 / 七夕星人☆たたるんるん / 摩陀羅　潮真 / むぅむぅ / かんきゅっちゃん
2,172,em-39a55990bbc4,願え！クルスさん,11,800,800,1,attribute_change,0.2403,0.4514,94,6,8,いいえ,トキシッくんｵｯｽｵｯｽ / 願え！クルスさん / 摩陀羅　潮真 / むぅむぅ / TAGOのBOOTH
2,173,em-4e78a5d0dc7a,中央アルプスの少女達,13,1812,1510,1,damage_reduction,0.2403,0.3958,100,0,8,いいえ,タキシラ師匠 / 中央アルプスの少女達 / 摩陀羅　潮真 / むぅむぅ / 白い悪魔の小町さん
2,174,em-96c4c1bf7f87,畳リーゼントの御頭,40,4345,4345,2,attack_buff,0.2402,0.4097,100,0,8,いいえ,ハリウッドナナコ師匠 / 畳リーゼントの御頭 / 摩陀羅　潮真 / ＢＥＷ雪玉 / シミ
2,175,em-c8ed16119cbe,ヴェルラの木こり,28,3014,3162,2,guard,0.2399,0.375,99,1,8,いいえ,ダリア・宮子・9 / ヴェルラの木こり / トマティーナ少佐 / ＢＥＷ雪玉 / ハリウッドナナコ師匠
2,176,em-f76821f7daba,スライディング・ケベック,18,2532,1993,1,attack_buff,0.2393,0.3611,90,10,8,いいえ,速いぞサラマンダー！ / スライディング・ケベック / サルパちゃん / ɚすぃとあろま？ / シミ
2,177,em-ed68f4e03a58,欣喜ぴよ子,10,1785,1812,2,guard,0.2386,0.4028,99,1,8,いいえ,ダリア・宮子・9 / 欣喜ぴよ子 / 試作型おこしん / 呼んでますトムさん / 白い悪魔の小町さん
2,178,em-95a2dbeaf4ea,神使！ナモミさま,18,805,4025,2,attack_buff,0.2373,0.4097,95,5,8,いいえ,ハリウッドナナコ師匠 / 神使！ナモミさま / 摩陀羅　潮真 / むぅむぅ / かんきゅっちゃん
2,179,em-aefb52be8eca,半間鮫子,52,3411,6823,2,multi_hit_attack,0.237,0.3542,90,10,8,いいえ,青玉の供犠ぴよ子 / 半間鮫子 / 超患部ぴよフェッサー / ɚすぃとあろま？ / ハリウッドナナコ師匠
2,180,em-438753e77e6c,デロスの月陽姉弟,41,3237,5453,2,heal,0.2367,0.3889,100,0,8,いいえ,速いぞサラマンダー！ / デロスの月陽姉弟 / 試作型おこしん / 呼んでますトムさん / 白い悪魔の小町さん
2,181,em-583f38470462,さくらエビライダー,26,2414,2414,2,attribute_change,0.2345,0.4167,100,0,8,いいえ,ハリウッドナナコ師匠 / さくらエビライダー / 摩陀羅　潮真 / みさきパイセン / シミ
2,182,em-eb9cb098a2c1,加留多ヘナ造,18,2898,2737,2,damage_reduction,0.2335,0.3819,89,11,8,いいえ,ハリウッドナナコ師匠 / 加留多ヘナ造 / トマティーナ少佐 / むぅむぅ / シミ
2,183,em-0c1036483550,kɔにー＆gæりー,13,1128,846,2,damage_reduction,0.2318,0.4097,100,0,8,いいえ,タキシラ師匠 / kɔにー＆gæりー / 摩陀羅　潮真 / むぅむぅ / 白い悪魔の小町さん
2,184,em-adcf70bfd425,2人はフェレナント君,37,2982,5964,1,attribute_change,0.2308,0.375,90,10,8,いいえ,ハリウッドナナコ師匠 / 2人はフェレナント君 / トマティーナ少佐 / ɚすぃとあろま？ / シミ
2,185,em-a7fc49aa8c73,広報担当：アッシュ,37,5112,3748,2,attribute_guard,0.2305,0.3542,94,6,8,いいえ,タキシラ師匠 / 広報担当：アッシュ / トマティーナ少佐 / むぅむぅ / ハリウッドナナコ師匠
2,186,em-e2feaf3c95b1,古の才次郎先生,13,1812,1963,1,attribute_change,0.2301,0.3819,99,1,8,いいえ,ダリア・宮子・9 / 古の才次郎先生 / トマティーナ少佐 / みどりのたけしマン / ハリウッドナナコ師匠
2,187,em-dfa3c95f9720,雪童雪愛たん,17,2495,2656,1,attribute_change,0.2297,0.3819,95,5,8,いいえ,青玉の供犠ぴよ子 / 雪童雪愛たん / 摩陀羅　潮真 / むぅむぅ / かんきゅっちゃん
2,188,em-5088462f1ee9,日本一の桃たろす,45,4260,5964,2,attribute_change,0.2296,0.3889,98,2,8,いいえ,ハリウッドナナコ師匠 / 日本一の桃たろす / トキシッくんｵｯｽｵｯｽ / 呼んでますトムさん / 白い悪魔の小町さん
2,189,em-7f3eb7b8272c,にゅー先生,15,700,2200,2,guard,0.2287,0.3958,100,0,8,いいえ,ダリア・宮子・9 / にゅー先生 / トマティーナ少佐 / みさきパイセン / ハリウッドナナコ師匠
2,190,em-bf58cd7d185a,ホーク元船長,12,700,1100,1,attribute_guard,0.2274,0.4097,99,1,8,いいえ,タキシラ師匠 / ホーク元船長 / 摩陀羅　潮真 / むぅむぅ / 白い悪魔の小町さん
2,191,em-a07828a97733,降臨！いつくしーみん,19,1761,3381,1,attack_buff,0.2271,0.3819,99,1,8,いいえ,ダリア・宮子・9 / 降臨！いつくしーみん / すわ子isGOD！ / 呼んでますトムさん / ハリウッドナナコ師匠
2,192,em-8de6e4494a60,称えよ☆メジェド様！,25,2415,2415,2,guard,0.2271,0.3611,96,4,8,いいえ,ハリウッドナナコ師匠 / 称えよ☆メジェド様！ / トマティーナ少佐 / むぅむぅ / シミ
2,193,em-a85f091d502f,スウェルくん,11,1452,2058,2,damage_reduction,0.2266,0.3889,94,6,8,いいえ,ハリウッドナナコ師匠 / スウェルくん / サルパちゃん / むぅむぅ / シミ
2,194,em-1eb5e932843b,ダンブッラの蘭,38,5112,3578,2,damage_reduction,0.2262,0.3403,94,6,8,いいえ,ハリウッドナナコ師匠 / ダンブッラの蘭 / トキシッくんｵｯｽｵｯｽ / むぅむぅ / アグスティンさん
2,195,em-15b63ea7b4c3,タオるんさん先輩師匠,14,1510,2180,2,attribute_guard,0.2256,0.3819,99,1,8,いいえ,ダリア・宮子・9 / タオるんさん先輩師匠 / トマティーナ少佐 / みさきパイセン / ハリウッドナナコ師匠
2,196,em-82d7b7a877f8,電ドロ白鷺嬢,39,6816,2556,2,heal,0.2245,0.3681,98,2,8,いいえ,タキシラ師匠 / 電ドロ白鷺嬢 / 摩陀羅　潮真 / ????? / ネムりん
2,197,em-1749aff71419,ミシャグジさまさま,60,6986,3578,2,attack_buff,0.2239,0.375,99,1,7,いいえ,ハリウッドナナコ師匠 / ミシャグジさまさま / トマティーナ少佐 / トキシッくんｵｯｽｵｯｽ / 実はこんにゃくちゃん
2,198,em-09a7a163b0cd,沼南ぱモーセ,38,2556,5623,2,attack_buff,0.223,0.3611,97,3,8,いいえ,ハリウッドナナコ師匠 / 沼南ぱモーセ / 超患部ぴよフェッサー / 呼んでますトムさん / 白い悪魔の小町さん
2,199,em-42c90dd17240,GSPS！秀郷先生,34,3578,4601,2,attack_buff,0.2226,0.375,87,13,8,いいえ,ハリウッドナナコ師匠 / GSPS！秀郷先生 / トマティーナ少佐 / ɚすぃとあろま？ / シミ
2,200,em-ec43e91715ed,大谷雪之ちゃん,13,3171,604,2,damage_reduction,0.222,0.3681,100,0,8,いいえ,タキシラ師匠 / 大谷雪之ちゃん / 摩陀羅　潮真 / むぅむぅ / 白い悪魔の小町さん
2,201,em-83954a93a691,閃きのヒラメちゃん,60,6560,4430,2,attribute_change,0.2213,0.3542,99,1,7,いいえ,ハリウッドナナコ師匠 / 閃きのヒラメちゃん / トマティーナ少佐 / トキシッくんｵｯｽｵｯｽ / 実はこんにゃくちゃん
2,202,em-454ebee4a0cd,3人はフォニピュア,60,4941,3578,2,damage_reduction,0.2212,0.3056,99,1,7,いいえ,ハリウッドナナコ師匠 / 3人はフォニピュア / トマティーナ少佐 / トキシッくんｵｯｽｵｯｽ / 実はこんにゃくちゃん
2,203,em-6b4baf5a6b1b,ＫＫマリテレ様,51,6368,2926,1,attribute_change,0.2211,0.3403,97,3,8,いいえ,ハリウッドナナコ師匠 / ＫＫマリテレ様 / トキシッくんｵｯｽｵｯｽ / 呼んでますトムさん / TAGOのBOOTH
2,204,em-423f5963c7c2,超患部ぴよフェッサー,15,3220,2093,2,revive,0.2208,0.3819,100,0,8,いいえ,日本海女中 / 超患部ぴよフェッサー / 摩陀羅　潮真 / 諏訪子成長期 / ハリウッドナナコ師匠
2,205,em-5b3eb6a3a507,なるリッシュ,20,1812,1510,2,attack_buff,0.2203,0.375,97,3,8,いいえ,ハリウッドナナコ師匠 / なるリッシュ / 摩陀羅　潮真 / むぅむぅ / かんきゅっちゃん
2,206,em-e718c5b250d7,彩れくたにん,9,600,700,2,attribute_change,0.2188,0.4306,92,8,8,いいえ,トキシッくんｵｯｽｵｯｽ / 彩れくたにん / 摩陀羅　潮真 / むぅむぅ / TAGOのBOOTH
2,207,em-a02f06328adf,ゼネコン大公,60,6134,2726,2,guard,0.2183,0.2917,99,1,7,いいえ,タキシラ師匠 / ゼネコン大公 / トマティーナ少佐 / ɚすぃとあろま？ / ハリウッドナナコ師匠
2,208,em-e4cc96d741ac,クル彦さん,9,702,702,1,attribute_change,0.218,0.4167,92,8,8,いいえ,トキシッくんｵｯｽｵｯｽ / クル彦さん / 摩陀羅　潮真 / むぅむぅ / TAGOのBOOTH
2,209,em-7b3e9b66e40d,叶う！クルス様,12,1699,1699,1,attribute_change,0.2179,0.3819,100,0,8,いいえ,日本海女中 / 叶う！クルス様 / ????? / 諏訪子成長期 / シミ
2,210,em-69c457dd7e6a,スミθ＆エð,13,3020,755,2,attribute_guard,0.2177,0.3681,88,12,8,いいえ,日本海女中 / スミθ＆エð / 摩陀羅　潮真 / トキシッくんｵｯｽｵｯｽ / 白い悪魔の小町さん
2,211,em-ec5b8324ab06,袴着！いつくしーみん,36,3401,3401,2,attack_buff,0.2169,0.375,89,11,8,いいえ,ハリウッドナナコ師匠 / 袴着！いつくしーみん / トマティーナ少佐 / ɚすぃとあろま？ / シミ
2,212,em-b5fa3fe8e44e,ディープワン・ゴロウ,8,1214,1189,2,attack_buff,0.216,0.3958,97,3,8,いいえ,ダリア・宮子・9 / ディープワン・ゴロウ / 試作型おこしん / 呼んでますトムさん / 白い悪魔の小町さん
2,213,em-37e222cb9f2b,いんばーぬたん,53,3748,4771,2,attack_buff,0.216,0.3264,99,1,7,いいえ,ハリウッドナナコ師匠 / いんばーぬたん / トキシッくんｵｯｽｵｯｽ / 呼んでますトムさん / TAGOのBOOTH
2,214,em-bb2bd26d4796,のり男の浪漫,36,3098,2695,2,attribute_guard,0.2159,0.3403,97,3,8,いいえ,タキシラ師匠 / のり男の浪漫 / 試作型おこしん / むぅむぅ / TAGOのBOOTH
2,215,em-ed21bd124ab2,牛タソ☆行進曲,14,755,1812,2,guard,0.2156,0.3819,99,1,8,いいえ,ダリア・宮子・9 / 牛タソ☆行進曲 / トマティーナ少佐 / みさきパイセン / ハリウッドナナコ師匠
2,216,em-b16382731bd5,華燭なカネヒラさん,60,5793,4771,2,attribute_change,0.2152,0.3472,99,1,7,いいえ,タキシラ師匠 / 華燭なカネヒラさん / トマティーナ少佐 / ɚすぃとあろま？ / ハリウッドナナコ師匠
2,217,em-6c5a2955b199,ほぼネ甲ネイ・テウケ,26,3059,2737,2,attack_buff,0.215,0.3403,94,6,8,いいえ,タキシラ師匠 / ほぼネ甲ネイ・テウケ / 摩陀羅　潮真 / むぅむぅ / ハリウッドナナコ師匠
2,218,em-7c7befcdeb38,メル子大先生,16,1773,1934,2,attack_buff,0.2148,0.3889,96,4,8,いいえ,ダリア・宮子・9 / メル子大先生 / すわ子isGOD！ / 呼んでますトムさん / ハリウッドナナコ師匠
2,219,em-59636157ae2e,コーベンパイア天爵,45,5282,1757,2,damage_reduction,0.2148,0.3403,96,4,8,いいえ,日本海女中 / コーベンパイア天爵 / トキシッくんｵｯｽｵｯｽ / みさきパイセン / ハリウッドナナコ師匠
2,220,em-cf78c5cc3134,オタテカモ次郎,28,4186,3059,2,attribute_change,0.2128,0.3681,93,7,8,いいえ,タキシラ師匠 / オタテカモ次郎 / 摩陀羅　潮真 / ＢＥＷ雪玉 / 白い悪魔の小町さん
2,221,em-74a94c7750af,スーちゃん,8,603,603,1,attribute_change,0.2115,0.4097,91,9,8,いいえ,トキシッくんｵｯｽｵｯｽ / スーちゃん / 摩陀羅　潮真 / むぅむぅ / TAGOのBOOTH
2,222,em-4debcfcadf66,艶奴太夫,60,3919,5964,1,attribute_change,0.2113,0.3264,99,1,7,いいえ,タキシラ師匠 / 艶奴太夫 / トマティーナ少佐 / ɚすぃとあろま？ / ハリウッドナナコ師匠
2,223,em-cc1dd429dace,?????,58,4171,4737,1,damage_reduction,0.2113,0.3125,100,0,7,いいえ,ハリウッドナナコ師匠 / ????? / トマティーナ少佐 / トキシッくんｵｯｽｵｯｽ / アグスティンさん
2,224,em-3ad7d27f7887,ハワイる水島神人,19,2567,1208,2,guard,0.211,0.3472,100,0,8,いいえ,ダリア・宮子・9 / ハワイる水島神人 / トマティーナ少佐 / ＢＥＷ雪玉 / かんきゅっちゃん
2,225,em-95694ab0605a,超★メジェド様,44,2300,3432,2,guard,0.2106,0.3333,97,3,8,いいえ,速いぞサラマンダー！ / 超★メジェド様 / 夜光虫ほたるん / ɚすぃとあろま？ / まそお姉ちゃん
2,226,em-c33cc8cd4298,ほたるんるんるん,12,1100,1600,2,attribute_change,0.2099,0.3889,97,3,8,いいえ,トキシッくんｵｯｽｵｯｽ / ほたるんるんるん / 摩陀羅　潮真 / 御嶽さん / TAGOのBOOTH
2,227,em-f334c541bf84,納得ん★福曼荼羅,17,1763,1860,2,attribute_change,0.2095,0.375,92,8,8,いいえ,ダリア・宮子・9 / 納得ん★福曼荼羅 / トマティーナ少佐 / ɚすぃとあろま？ / ハリウッドナナコ師匠
2,228,em-86b9ae60356a,ブーナッドさま,14,2100,400,2,heal,0.2088,0.3958,100,0,8,いいえ,ハリウッドナナコ師匠 / ブーナッドさま / 摩陀羅　潮真 / むぅむぅ / 白い悪魔の小町さん
2,229,em-b127f99ae530,キラー・ｻﾞ・ｷﾗｰ,55,5964,3408,2,damage_reduction,0.2081,0.3125,100,0,7,いいえ,日本海女中 / キラー・ｻﾞ・ｷﾗｰ / トリニダの怪人 / ＢＥＷ雪玉 / 実はこんにゃくちゃん
2,230,em-cdfbe8acd59f,はんばー先輩,24,4444,563,2,revive,0.2063,0.375,95,5,8,いいえ,速いぞサラマンダー！ / はんばー先輩 / 摩陀羅　潮真 / ＢＥＷ雪玉 / 白い悪魔の小町さん
2,231,em-fbb333645878,戸隠ちび大助,14,226,2193,2,attack_buff,0.2058,0.3889,100,0,8,いいえ,ダリア・宮子・9 / 戸隠ちび大助 / トマティーナ少佐 / みどりのたけしマン / ハリウッドナナコ師匠
2,232,em-f14c0a7296cf,コーベリアル伯爵,7,500,480,2,attribute_guard,0.2056,0.4097,99,1,8,いいえ,ダリア・宮子・9 / コーベリアル伯爵 / すわ子isGOD！ / 呼んでますトムさん / TAGOのBOOTH
2,233,em-842f3d28d20e,のり男師匠,8,1285,1118,2,attribute_guard,0.2055,0.3681,92,8,8,いいえ,日本海女中 / のり男師匠 / 超患部ぴよフェッサー / ブハラ師匠 / まそお姉ちゃん
2,234,em-d4e50f80f825,コーベリアル,4,305,297,2,attribute_guard,0.2053,0.4167,100,0,8,いいえ,日本海女中 / コーベリアル / 摩陀羅　潮真 / ブハラ師匠 / まそお姉ちゃん
2,235,em-251852280bcf,どうしんさん,12,615,605,1,heal,0.2052,0.3889,97,3,8,いいえ,ハリウッドナナコ師匠 / どうしんさん / 摩陀羅　潮真 / むぅむぅ / リチャード・リターンズ
2,236,em-6c215846fcb0,アン・ごろう,16,1356,1189,2,attack_buff,0.2044,0.3958,98,2,8,いいえ,ダリア・宮子・9 / アン・ごろう / 試作型おこしん / 呼んでますトムさん / TAGOのBOOTH
2,237,em-492dd4b96b0e,中央アルプスの少年,12,800,600,2,damage_reduction,0.2041,0.4028,99,1,8,いいえ,タキシラ師匠 / 中央アルプスの少年 / 摩陀羅　潮真 / むぅむぅ / 白い悪魔の小町さん
2,238,em-872b1096af45,アシナガ,80,3748,6816,1,attack_buff,0.204,0.2708,100,0,4,いいえ,ハリウッドナナコ師匠 / アシナガ / 伝説のビスカやん！ / あろまちゃん / コニーちゃん
2,239,em-ff5dd5331817,デメ子ちゃん,18,1704,3067,2,attribute_change,0.2034,0.3611,96,4,8,いいえ,青玉の供犠ぴよ子 / デメ子ちゃん / 摩陀羅　潮真 / むぅむぅ / かんきゅっちゃん
2,240,em-d46e72def2a2,いつくしーみん,8,380,840,2,attack_buff,0.2019,0.3958,96,4,8,いいえ,ハリウッドナナコ師匠 / いつくしーみん / 摩陀羅　潮真 / ブハラ師匠 / TAGOのBOOTH
2,241,em-90e071b9735c,乗り海苔カスティリャ,16,2707,1223,2,attribute_guard,0.2019,0.3333,100,0,8,いいえ,有砂小町 / 乗り海苔カスティリャ / トマティーナ少佐 / ＢＥＷ雪玉 / シミ
2,242,em-97272e288cf7,ホークくん,6,500,750,1,attribute_guard,0.2016,0.375,99,1,8,いいえ,ダリア・宮子・9 / ホークくん / トマティーナ少佐 / むぅむぅ / ハリウッドナナコ師匠
2,243,em-9c40d906d190,フィッシャーマン,4,296,314,1,heal,0.201,0.3889,91,9,8,いいえ,日本海女中 / フィッシャーマン / 摩陀羅　潮真 / むぅむぅ / かんきゅっちゃん
2,244,em-3725122fa93d,ホーク元船員,9,600,850,1,attribute_guard,0.2008,0.3819,100,0,8,いいえ,ダリア・宮子・9 / ホーク元船員 / トリニダの怪人 / 得琉田浜蔵 / 白い悪魔の小町さん
2,245,em-8d7a9845b04b,コーベリアル男爵,5,400,380,2,attribute_guard,0.2005,0.4028,97,3,8,いいえ,ダリア・宮子・9 / コーベリアル男爵 / すわ子isGOD！ / 呼んでますトムさん / TAGOのBOOTH
2,246,em-c7cd54f2e503,ケラマ☆マジカ,7,1057,1198,2,attribute_guard,0.2003,0.3611,99,1,8,いいえ,ダリア・宮子・9 / ケラマ☆マジカ / すわ子isGOD！ / 呼んでますトムさん / TAGOのBOOTH
2,247,em-d9e193a7c929,斑鳩の太子くん,36,4260,2896,2,heal,0.1994,0.3472,100,0,8,いいえ,ハリウッドナナコ師匠 / 斑鳩の太子くん / 摩陀羅　潮真 / ＢＥＷ雪玉 / 白い悪魔の小町さん
2,248,em-5275d879d803,ｻｲｯｺくたにん,12,800,1000,2,attribute_change,0.1987,0.3819,96,4,8,いいえ,日本海女中 / ｻｲｯｺくたにん / 摩陀羅　潮真 / みさきパイセン / シミ
2,249,em-bffb26ad3975,アイヌ☆らっくるん,60,2896,6645,2,attack_buff,0.1987,0.3472,99,1,7,いいえ,ハリウッドナナコ師匠 / アイヌ☆らっくるん / トマティーナ少佐 / トキシッくんｵｯｽｵｯｽ / 実はこんにゃくちゃん
2,250,em-e9b3dc6478a4,アヌラさま,33,2495,2978,2,attribute_guard,0.1983,0.3125,100,0,8,いいえ,タキシラ師匠 / アヌラさま / 試作型おこしん / むぅむぅ / リチャード・リターンズ
2,251,em-c912b76e4dda,妖怪雪愛さま,15,950,1350,2,attribute_change,0.1979,0.3819,89,11,8,いいえ,日本海女中 / 妖怪雪愛さま / 摩陀羅　潮真 / ɚすぃとあろま？ / シミ
2,252,em-52f594fdc52e,後楽園☆池田,43,5623,2896,1,attack_buff,0.1976,0.3194,96,4,8,いいえ,ハリウッドナナコ師匠 / 後楽園☆池田 / 超患部ぴよフェッサー / トキシッくんｵｯｽｵｯｽ / 白い悪魔の小町さん
2,253,em-804bc17d075c,雪壁の大谷,11,1500,300,2,damage_reduction,0.1955,0.3819,98,2,8,いいえ,ダリア・宮子・9 / 雪壁の大谷 / 欣喜ぴよ子 / むぅむぅ / ハリウッドナナコ師匠
2,254,em-627c09c619f8,さくら…こなのか,7,888,482,1,attribute_guard,0.195,0.3611,100,0,8,いいえ,ダリア・宮子・9 / さくら…こなのか / トマティーナ少佐 / むぅむぅ / ハリウッドナナコ師匠
2,255,em-050f0ee87c24,妖精雪愛さん,12,770,830,2,attribute_change,0.1944,0.3819,96,4,8,いいえ,日本海女中 / 妖精雪愛さん / 摩陀羅　潮真 / みさきパイセン / シミ
2,256,em-080293573ea5,ダヴィアさん,19,2567,1914,2,attack_buff,0.1944,0.3472,100,0,8,いいえ,タキシラ師匠 / ダヴィアさん / 摩陀羅　潮真 / ＢＥＷ雪玉 / 栗栖　益子さん
2,257,em-b71282ef08a8,出番です！鴨先生！,18,1358,1356,2,guard,0.1942,0.3472,99,1,8,いいえ,ダリア・宮子・9 / 出番です！鴨先生！ / トマティーナ少佐 / ＢＥＷ雪玉 / かんきゅっちゃん
2,258,em-85a7b3e2cb7d,剥ぐぞ！ナモミ先生,16,400,2100,2,attack_buff,0.1931,0.3611,98,2,8,いいえ,ダリア・宮子・9 / 剥ぐぞ！ナモミ先生 / 試作型おこしん / 呼んでますトムさん / TAGOのBOOTH
2,259,em-f4980131820e,ﾊﾛｳｨﾝのヴラドさん,41,4089,1757,2,damage_reduction,0.1912,0.3194,100,0,8,いいえ,ハリウッドナナコ師匠 / ﾊﾛｳｨﾝのヴラドさん / トキシッくんｵｯｽｵｯｽ / むぅむぅ / まそお姉ちゃん
2,260,em-f3be7c12380c,魔女ランダ,44,3067,5623,2,attribute_change,0.191,0.3194,97,3,8,いいえ,ハリウッドナナコ師匠 / 魔女ランダ / トキシッくんｵｯｽｵｯｽ / 呼んでますトムさん / 白い悪魔の小町さん
2,261,em-a71e0044e313,舞楽！いつくしーみん,15,800,1600,1,attack_buff,0.1904,0.3472,96,4,8,いいえ,速いぞサラマンダー！ / 舞楽！いつくしーみん / 摩陀羅　潮真 / みさきパイセン / シミ
2,262,em-2be7abbe40d1,大晦日！ナモミ先輩,14,300,1700,2,attack_buff,0.1895,0.3542,100,0,8,いいえ,ダリア・宮子・9 / 大晦日！ナモミ先輩 / トマティーナ少佐 / みどりのたけしマン / ハリウッドナナコ師匠
2,263,em-c358a9d61a43,PiぐPeんとBiぐBeん,15,1208,1510,2,attack_buff,0.1878,0.3403,96,4,8,いいえ,速いぞサラマンダー！ / PiぐPeんとBiぐBeん / 摩陀羅　潮真 / みさきパイセン / シミ
2,264,em-4ea698949c11,侵略成功!?イカ翁,20,1131,1272,2,revive,0.1876,0.3681,97,3,7,いいえ,日本海女中 / 侵略成功!?イカ翁 / 摩陀羅　潮真 / むぅむぅ / ハリウッドナナコ師匠
2,265,em-51e67cfa8578,さくらこさーん,5,600,300,1,attribute_guard,0.1863,0.3611,97,3,8,いいえ,ダリア・宮子・9 / さくらこさーん / すわ子isGOD！ / 呼んでますトムさん / TAGOのBOOTH
2,266,em-b08b3e6f22a8,フィッシャーマン三平,17,1286,1316,2,guard,0.1843,0.3194,100,0,8,いいえ,ダリア・宮子・9 / フィッシャーマン三平 / サルパちゃん / ＢＥＷ雪玉 / ハリウッドナナコ師匠
2,267,em-f8a5ad2fd004,どうしん様,15,805,795,1,heal,0.183,0.3333,100,0,8,いいえ,速いぞサラマンダー！ / どうしん様 / 田島の春 / ɚすぃとあろま？ / TAGOのBOOTH
2,268,em-410cc22d32bc,アロハる☆水島神人,16,3246,1887,2,attribute_change,0.1822,0.2986,91,9,8,いいえ,ダリア・宮子・9 / アロハる☆水島神人 / トマティーナ少佐 / ɚすぃとあろま？ / ハリウッドナナコ師匠
2,269,em-1cb67f0b7d2d,スノーな大谷,9,1100,200,2,damage_reduction,0.1806,0.375,100,0,8,いいえ,ダリア・宮子・9 / スノーな大谷 / トリニダの怪人 / 得琉田浜蔵 / 白い悪魔の小町さん
2,270,em-4fddbba71de4,大熊びぐべん,9,600,700,2,attack_buff,0.1782,0.3472,98,2,8,いいえ,ダリア・宮子・9 / 大熊びぐべん / 試作型おこしん / 呼んでますトムさん / 白い悪魔の小町さん
2,271,em-c6785d8f86c3,中央アルプスの犬,9,600,400,2,damage_reduction,0.1715,0.3611,100,0,8,いいえ,ダリア・宮子・9 / 中央アルプスの犬 / トリニダの怪人 / 得琉田浜蔵 / 白い悪魔の小町さん
2,272,em-879d09afc46a,アイアン下仁田,17,907,900,2,guard,0.1692,0.3264,100,0,8,いいえ,ダリア・宮子・9 / アイアン下仁田 / サルパちゃん / ＢＥＷ雪玉 / ハリウッドナナコ師匠
2,273,em-0b273c3da2d3,ぴぐぺん＆びぐべん,12,700,900,2,attack_buff,0.1685,0.3264,87,13,8,いいえ,ダリア・宮子・9 / ぴぐぺん＆びぐべん / トマティーナ少佐 / ɚすぃとあろま？ / ハリウッドナナコ師匠
2,274,em-acc7e76f32c6,満開☆チゥりっぷちゃん,20,563,2957,2,attribute_change,0.1657,0.3056,85,15,8,いいえ,日本海女中 / 満開☆チゥりっぷちゃん / すわ子isGOD！ / ɚすぃとあろま？ / シミ
2,275,em-4b42211e8e80,ナモミさん,12,200,1200,2,attack_buff,0.1646,0.3264,94,6,8,いいえ,ダリア・宮子・9 / ナモミさん / 試作型おこしん / 呼んでますトムさん / TAGOのBOOTH
2,276,em-615e4701fc7f,華麗！いつくしーみん,12,660,1040,2,attack_buff,0.1641,0.3264,87,13,8,いいえ,ダリア・宮子・9 / 華麗！いつくしーみん / トマティーナ少佐 / ɚすぃとあろま？ / ハリウッドナナコ師匠
2,277,em-3deff3291fd4,有閑カノープス,70,5112,6816,2,attribute_change,0.163,0.2708,100,0,7,いいえ,青玉の供犠ぴよ子 / 有閑カノープス / 欣喜ぴよ子 / トキシッくんｵｯｽｵｯｽ / ハリウッドナナコ師匠
2,278,em-a236725222d2,紺碧のＰＬぴよ子,60,3656,3656,1,attribute_change,0.1525,0.2569,99,1,7,いいえ,タキシラ師匠 / 紺碧のＰＬぴよ子 / トマティーナ少佐 / ɚすぃとあろま？ / ハリウッドナナコ師匠
2,279,em-0ee8cd6c9dab,黄金時代！K・ワンダー,60,3,3,1,multi_hit_attack,0.087,0.1597,100,0,7,いいえ,青玉の供犠ぴよ子 / 黄金時代！K・ワンダー / 試作型おこしん / トキシッくんｵｯｽｵｯｽ / TAGOのBOOTH
2,280,em-daac43f51729,四悪妖・鵺,88,9542,5964,1,attribute_change,0,0,101,0,0,いいえ,
3,1,em-744815bd68e5,旋回のヘリコプリオン,75,8997,2675,2,aoe_attack,0.5195,0.5278,96,4,6,いいえ,星の白金ぴよ子 / のり男師匠 / 旋回のヘリコプリオン / あろまちゃん / ハリウッドナナコ師匠
3,2,em-d518108f13e3,トランシルヴァニア家族,45,5350,6059,2,multi_hit_attack,0.4828,0.4444,100,0,8,いいえ,速いぞサラマンダー！ / えかちぇたん / トランシルヴァニア家族 / トキシッくんｵｯｽｵｯｽ / 実はこんにゃくちゃん
3,3,em-cc181917eaeb,無双中な宗茂さん,60,6405,4941,2,aoe_attack,0.4803,0.4514,99,1,7,いいえ,青玉の供犠ぴよ子 / ワロンマイナー輩先 / 無双中な宗茂さん / 呼んでますトムさん / ハリウッドナナコ師匠
3,4,em-cea68c425163,跛荒の鉄男大先生,51,4686,6625,3,multi_hit_attack,0.466,0.4931,99,1,7,いいえ,日本海女中 / ワロンマイナー輩先 / 跛荒の鉄男大先生 / 呼んでますトムさん / ハリウッドナナコ師匠
3,5,em-378e340695dc,スクナクナクナクス,50,6816,3408,2,aoe_attack,0.4627,0.4653,98,2,7,いいえ,日本海女中 / ワロンマイナー輩先 / スクナクナクナクス / 呼んでますトムさん / ハリウッドナナコ師匠
3,6,em-7747ea5c5a73,諏訪子成長期,38,3067,5623,3,multi_hit_attack,0.4607,0.5,100,0,8,いいえ,ハリウッドナナコ師匠 / えかちぇたん / 諏訪子成長期 / ɚすぃとあろま？ / シミ
3,7,em-9413da55b7e0,ヤマピカリャーコ,47,4515,5095,2,multi_hit_attack,0.4603,0.4306,95,5,8,いいえ,日本海女中 / ワロンマイナー輩先 / ヤマピカリャーコ / 呼んでますトムさん / ハリウッドナナコ師匠
3,8,em-d67f8f409078,芋神よしあき,31,4130,2753,2,multi_hit_attack,0.4561,0.4931,93,7,8,いいえ,ハリウッドナナコ師匠 / えかちぇたん / 芋神よしあき / ɚすぃとあろま？ / シミ
3,9,em-a818769b8b91,田島の春,44,1618,5112,2,multi_hit_attack,0.4499,0.4236,100,0,8,いいえ,日本海女中 / ワロンマイナー輩先 / 田島の春 / みどりのたけしマン / ハリウッドナナコ師匠
3,10,em-480a0eef6d7b,ピカリャー射的ｽﾀｲﾙ,45,3786,3786,2,aoe_attack,0.4463,0.4444,100,0,8,いいえ,速いぞサラマンダー！ / えかちぇたん / ピカリャー射的ｽﾀｲﾙ / トキシッくんｵｯｽｵｯｽ / 実はこんにゃくちゃん
3,11,em-4d9586371e6c,鞭・打つ子さん,38,4106,4106,3,multi_hit_attack,0.4455,0.4931,100,0,8,いいえ,ハリウッドナナコ師匠 / えかちぇたん / 鞭・打つ子さん / ɚすぃとあろま？ / シミ
3,12,em-474d7b7d3bbe,イチャン～(から),26,3606,2850,2,aoe_attack,0.4443,0.4722,89,11,8,いいえ,青玉の供犠ぴよ子 / えかちぇたん / イチャン～(から) / ɚすぃとあろま？ / シミ
3,13,em-74c87c37d930,むぅむぅ,30,2839,2525,3,multi_hit_attack,0.4399,0.5139,100,0,8,いいえ,トリニダの怪人 / えかちぇたん / むぅむぅ / ɚすぃとあろま？ / シミ
3,14,em-5266a394fb35,伊予・タウロス,60,4430,4941,2,multi_hit_attack,0.4332,0.3681,99,1,7,いいえ,青玉の供犠ぴよ子 / ワロンマイナー輩先 / 伊予・タウロス / 呼んでますトムさん / ハリウッドナナコ師匠
3,15,em-2f36c9341591,☆龍神☆尊氏様,85,9372,5623,2,multi_hit_attack,0.426,0.3333,100,0,4,いいえ,魚堅くん / ホークくん / ☆龍神☆尊氏様 / あろまちゃん / ズースくん
3,16,em-47c29240fd33,大晦日のネギそば給仕少女,40,3834,3834,2,guard,0.4257,0.5278,97,3,8,いいえ,日本海女中 / ワロンマイナー輩先 / 大晦日のネギそば給仕少女 / ɚすぃとあろま？ / TAGOのBOOTH
3,17,em-55828eea72b7,スーリヤ大先輩,48,5360,1951,2,aoe_attack,0.4228,0.4722,99,1,8,いいえ,青玉の供犠ぴよ子 / ワロンマイナー輩先 / スーリヤ大先輩 / 呼んでますトムさん / TAGOのBOOTH
3,18,em-490ce6c4d005,ア、ショーカ大王,45,3067,4601,3,multi_hit_attack,0.4221,0.4236,100,0,8,いいえ,速いぞサラマンダー！ / えかちぇたん / ア、ショーカ大王 / トキシッくんｵｯｽｵｯｽ / 実はこんにゃくちゃん
3,19,em-b78d9042e361,サルパちゃん,28,4362,3748,2,multi_hit_attack,0.42,0.3819,100,0,8,いいえ,速いぞサラマンダー！ / ワロンマイナー輩先 / サルパちゃん / 呼んでますトムさん / 御嶽さん
3,20,em-58dbb7bc9653,六点魔王ノッブ,58,3408,5964,3,multi_hit_attack,0.4187,0.4444,100,0,7,いいえ,ハリウッドナナコ師匠 / ワロンマイナー輩先 / 六点魔王ノッブ / ɚすぃとあろま？ / アグスティンさん
3,21,em-8f7b014ebd06,すわ子isGOD！,18,2254,2737,2,multi_hit_attack,0.4084,0.4097,98,2,8,いいえ,速いぞサラマンダー！ / ワロンマイナー輩先 / すわ子isGOD！ / みどりのたけしマン / 御嶽さん
3,22,em-7b76cc31326e,迷走のヴァニ江,36,4379,2505,2,damage_reduction,0.4077,0.5347,100,0,8,いいえ,速いぞサラマンダー！ / ワロンマイナー輩先 / 迷走のヴァニ江 / 呼んでますトムさん / 白い悪魔の小町さん
3,23,em-14cb05f591ca,牛鬼だうわーっ！,45,3919,2556,2,multi_hit_attack,0.4075,0.3611,100,0,8,いいえ,速いぞサラマンダー！ / えかちぇたん / 牛鬼だうわーっ！ / トキシッくんｵｯｽｵｯｽ / 実はこんにゃくちゃん
3,24,em-d09d2f80d34e,トマティーナ少佐,16,3748,2130,2,multi_hit_attack,0.4056,0.4236,97,3,8,いいえ,有砂小町 / ワロンマイナー輩先 / トマティーナ少佐 / みどりのたけしマン / ハリウッドナナコ師匠
3,25,em-6cd949ff7539,?????,53,1842,6475,2,guard,0.4001,0.5625,97,3,7,いいえ,青玉の供犠ぴよ子 / ワロンマイナー輩先 / ????? / ＢＥＷ雪玉 / TAGOのBOOTH
3,26,em-8765daafca7a,トマティーナ中佐,40,3748,2130,2,multi_hit_attack,0.3947,0.4236,98,2,8,いいえ,青玉の供犠ぴよ子 / ワロンマイナー輩先 / トマティーナ中佐 / 呼んでますトムさん / 白い悪魔の小町さん
3,27,em-cb9a138787d0,摩陀羅　潮真,27,7194,1741,2,attribute_guard,0.3922,0.4653,99,1,8,いいえ,ハリウッドナナコ師匠 / ワロンマイナー輩先 / 摩陀羅　潮真 / むぅむぅ / 白い悪魔の小町さん
3,28,em-371b0bc06848,やっとの神,50,2933,2919,3,multi_hit_attack,0.3907,0.4028,100,0,7,いいえ,ハリウッドナナコ師匠 / ワロンマイナー輩先 / やっとの神 / 呼んでますトムさん / TAGOのBOOTH
3,29,em-3fef7ee3dc51,トゥバタハのシレーナ,60,3919,4601,3,aoe_attack,0.3877,0.3681,100,0,7,いいえ,青玉の供犠ぴよ子 / 試作型おこしん / トゥバタハのシレーナ / トキシッくんｵｯｽｵｯｽ / TAGOのBOOTH
3,30,em-95e1d74be5b6,Ｈ・Ｆ・ウーマン,47,6305,3748,2,guard,0.3854,0.4653,98,2,8,いいえ,青玉の供犠ぴよ子 / ワロンマイナー輩先 / Ｈ・Ｆ・ウーマン / 呼んでますトムさん / TAGOのBOOTH
3,31,em-bcb9b03bfeed,サンカクドナウ,13,1739,1739,3,multi_hit_attack,0.383,0.4792,100,0,8,いいえ,ダリア・宮子・9 / えかちぇたん / サンカクドナウ / 呼んでますトムさん / ハリウッドナナコ師匠
3,32,em-95694ab0605a,超★メジェド様,44,2300,3432,2,guard,0.3795,0.5278,95,5,8,いいえ,ハリウッドナナコ師匠 / えかちぇたん / 超★メジェド様 / トキシッくんｵｯｽｵｯｽ / アグスティンさん
3,33,em-33e6bfd45207,みさきパイセン,22,2737,3059,3,multi_hit_attack,0.3795,0.4097,95,5,8,いいえ,有砂小町 / ワロンマイナー輩先 / みさきパイセン / 呼んでますトムさん / ハリウッドナナコ師匠
3,34,em-4dc27428f645,よりりんＫ林スタイル,24,2576,2576,2,attribute_change,0.3793,0.5833,99,1,8,いいえ,日本海女中 / ワロンマイナー輩先 / よりりんＫ林スタイル / 呼んでますトムさん / 御嶽さん
3,35,em-dba7b79429bc,サルパ王＆女王,60,5453,3748,2,multi_hit_attack,0.3778,0.3056,99,1,7,いいえ,ハリウッドナナコ師匠 / ワロンマイナー輩先 / サルパ王＆女王 / ɚすぃとあろま？ / 実はこんにゃくちゃん
3,36,em-f9383e2e4919,ユハンヌスのサウナー,42,5231,3067,3,damage_reduction,0.3764,0.5208,99,1,8,いいえ,ハリウッドナナコ師匠 / ワロンマイナー輩先 / ユハンヌスのサウナー / 呼んでますトムさん / 白い悪魔の小町さん
3,37,em-cf2619ce2878,俺っち氷河,28,3864,3222,2,attribute_change,0.3722,0.5556,95,5,8,いいえ,日本海女中 / ワロンマイナー輩先 / 俺っち氷河 / 呼んでますトムさん / 白い悪魔の小町さん
3,38,em-2b7450b3b8b1,トンコー先生,15,1510,1510,3,multi_hit_attack,0.3717,0.4653,96,4,8,いいえ,有砂小町 / ワロンマイナー輩先 / トンコー先生 / みどりのたけしマン / ハリウッドナナコ師匠
3,39,em-7a8534cb5af6,クレリゴス子様,41,6731,2951,3,guard,0.3673,0.5,97,3,8,いいえ,日本海女中 / 伝説のビスカやん！ / クレリゴス子様 / トキシッくんｵｯｽｵｯｽ / リチャード・リターンズ
3,40,em-d941ef4d2c66,紫禁嬢,34,4692,2801,2,damage_reduction,0.3667,0.4444,99,1,8,いいえ,ハリウッドナナコ師匠 / ワロンマイナー輩先 / 紫禁嬢 / 呼んでますトムさん / 御嶽さん
3,41,em-4e2a71a8e1a6,ハチモドキアブ,55,5623,6100,2,revive,0.3662,0.5069,100,0,7,いいえ,ハリウッドナナコ師匠 / 試作型おこしん / ハチモドキアブ / 呼んでますトムさん / TAGOのBOOTH
3,42,em-825d090d7d15,比保々田 真純,31,4601,3714,2,multi_hit_attack,0.366,0.5278,93,7,8,いいえ,ハリウッドナナコ師匠 / えかちぇたん / 比保々田 真純 / ɚすぃとあろま？ / シミ
3,43,em-b8168a7a90ca,大杉に願いを☆ミ,39,5129,3067,2,attribute_guard,0.366,0.4375,96,4,8,いいえ,ハリウッドナナコ師匠 / ワロンマイナー輩先 / 大杉に願いを☆ミ / 呼んでますトムさん / 白い悪魔の小町さん
3,44,em-45d954b40bc4,ジェラする？かめ姫,60,4941,3237,3,multi_hit_attack,0.3656,0.3333,99,1,7,いいえ,青玉の供犠ぴよ子 / ワロンマイナー輩先 / ジェラする？かめ姫 / 呼んでますトムさん / ハリウッドナナコ師匠
3,45,em-904dc3a6cb19,ɚすぃとLulu？,24,4260,2726,3,guard,0.3635,0.5069,96,4,8,いいえ,ハリウッドナナコ師匠 / モチノ・ウオ丸 / ɚすぃとLulu？ / みどりのたけしマン / 速いぞサラマンダー！
3,46,em-8de6e4494a60,称えよ☆メジェド様！,25,2415,2415,2,guard,0.3608,0.5,100,0,8,いいえ,日本海女中 / ワロンマイナー輩先 / 称えよ☆メジェド様！ / 呼んでますトムさん / 御嶽さん
3,47,em-cf62aeacc244,やまたのおろちん,40,2726,2726,3,multi_hit_attack,0.3589,0.375,88,12,8,いいえ,タキシラ師匠 / えかちぇたん / やまたのおろちん / ɚすぃとあろま？ / ハリウッドナナコ師匠
3,48,em-4533a7697d48,謀反人ミッツ,60,6645,4430,3,damage_reduction,0.356,0.4792,99,1,7,いいえ,青玉の供犠ぴよ子 / ワロンマイナー輩先 / 謀反人ミッツ / ＢＥＷ雪玉 / アグスティンさん
3,49,em-33880cee5e60,三貴子ツクヨミ,75,10735,4686,3,damage_reduction,0.3543,0.4236,99,1,6,いいえ,ハリウッドナナコ師匠 / 新・フィッシャーマン / 三貴子ツクヨミ / ズースさんとシーラさん / ズースくん
3,50,em-af9542637cdd,群れを成すサルパ,28,5453,756,2,multi_hit_attack,0.3527,0.3958,100,0,8,いいえ,速いぞサラマンダー！ / ワロンマイナー輩先 / 群れを成すサルパ / 呼んでますトムさん / 御嶽さん
3,51,em-67086191a83f,マダラなシオマネキ君,27,5490,1059,2,attribute_guard,0.349,0.4444,95,5,8,いいえ,日本海女中 / アレス暮らし / マダラなシオマネキ君 / トキシッくんｵｯｽｵｯｽ / シミ
3,52,em-bbda291d459c,漆黒及び純白のポワン,20,1704,2896,3,guard,0.3483,0.5486,100,0,8,いいえ,ハリウッドナナコ師匠 / えかちぇたん / 漆黒及び純白のポワン / むぅむぅ / シミ
3,53,em-a04fcf6167db,いはと先生,17,2093,3059,3,delay,0.3479,0.4236,94,6,8,いいえ,こうせえっつう女中 / サルパちゃん / いはと先生 / ɚすぃとあろま？ / シミ
3,54,em-f334c541bf84,納得ん★福曼荼羅,17,1763,1860,2,attribute_change,0.3478,0.5417,100,0,8,いいえ,日本海女中 / ワロンマイナー輩先 / 納得ん★福曼荼羅 / みどりのたけしマン / 御嶽さん
3,55,em-9667a89799b5,冬の双子姫,77,9628,4686,2,damage_reduction,0.3463,0.375,99,1,4,いいえ,皐月むりょく / 伝説のビスカやん！ / 冬の双子姫 / 覚醒むりょく / あろまちゃん
3,56,em-d5ea84224259,ﾌﾗﾝﾀﾞｰｽのわんわんお,38,5538,3190,3,guard,0.346,0.4583,100,0,7,いいえ,ハリウッドナナコ師匠 / ワロンマイナー輩先 / ﾌﾗﾝﾀﾞｰｽのわんわんお / 有棘画工 / 白い悪魔の小町さん
3,57,em-d5ed773d56cd,夏至祭のヴァサクサ君,18,3976,2156,2,skill_reduction,0.3433,0.4028,100,0,8,いいえ,タキシラ師匠 / vにゅーさん / 夏至祭のヴァサクサ君 / ＢＥＷ雪玉 / TAGOのBOOTH
3,58,em-dec390a52ee6,英国ストヘン技師,70,8861,4260,2,damage_reduction,0.3433,0.3333,96,4,5,いいえ,ハリウッドナナコ師匠 / 新・フィッシャーマン / 英国ストヘン技師 / ズースさんとシーラさん / シーラちゃん
3,59,em-1bcd64d199fb,ケロッとる☆キング,31,1533,5708,2,attribute_change,0.3426,0.5347,100,0,8,いいえ,試作型おこしん / モチノ・ウオ丸 / ケロッとる☆キング / ɚすぃとあろま？ / TAGOのBOOTH
3,60,em-583f38470462,さくらエビライダー,26,2414,2414,2,attribute_change,0.3401,0.5486,93,7,8,いいえ,日本海女中 / ワロンマイナー輩先 / さくらエビライダー / 呼んでますトムさん / 白い悪魔の小町さん
3,61,em-6ceef8f285a4,可愛馬！真純ちゃん,41,5964,4566,2,multi_hit_attack,0.3391,0.4653,99,1,8,いいえ,青玉の供犠ぴよ子 / ワロンマイナー輩先 / 可愛馬！真純ちゃん / 呼んでますトムさん / 白い悪魔の小町さん
3,62,em-7419b64dec0e,天の飛龍巻,42,5623,3748,2,attribute_change,0.3368,0.4931,100,0,8,いいえ,青玉の供犠ぴよ子 / ワロンマイナー輩先 / 天の飛龍巻 / 呼んでますトムさん / 白い悪魔の小町さん
3,63,em-9d5a58645c8c,カロニスタ・ヴェニ子,37,4444,4444,2,attack_buff,0.3368,0.4583,94,6,8,いいえ,試作型おこしん / えかちぇたん / カロニスタ・ヴェニ子 / ɚすぃとあろま？ / アグスティンさん
3,64,em-fca49f3752f8,電波姫☆いまりちゃん,38,3919,4260,3,delay,0.3368,0.3542,86,14,8,いいえ,タキシラ師匠 / えかちぇたん / 電波姫☆いまりちゃん / ɚすぃとあろま？ / ハリウッドナナコ師匠
3,65,em-3ad7d27f7887,ハワイる水島神人,19,2567,1208,2,guard,0.3364,0.4792,97,3,8,いいえ,青玉の供犠ぴよ子 / モチノ・ウオ丸 / ハワイる水島神人 / みどりのたけしマン / TAGOのBOOTH
3,66,em-b17b3174de7d,ネギtheフィクサー,45,2405,5135,3,damage_reduction,0.3357,0.5139,99,1,8,いいえ,ハリウッドナナコ師匠 / ワロンマイナー輩先 / ネギtheフィクサー / ɚすぃとあろま？ / 白い悪魔の小町さん
3,67,em-30e2f325f3af,尾索戦隊ｻﾙﾊﾟﾝｼﾞｬｰ,28,4907,1022,2,multi_hit_attack,0.3352,0.3542,99,1,8,いいえ,ダリア・宮子・9 / 伝説のビスカやん！ / 尾索戦隊ｻﾙﾊﾟﾝｼﾞｬｰ / 呼んでますトムさん / ハリウッドナナコ師匠
3,68,em-c545b5a51997,トリニダの怪人,13,4077,1057,2,skill_reduction,0.3346,0.4306,100,0,8,いいえ,ダリア・宮子・9 / えかちぇたん / トリニダの怪人 / 呼んでますトムさん / ハリウッドナナコ師匠
3,69,em-52de8bb54262,ボビンちゃん,33,3748,4771,3,damage_reduction,0.3342,0.4861,97,3,8,いいえ,ハリウッドナナコ師匠 / モチノ・ウオ丸 / ボビンちゃん / おたべ妖精 / シミ
3,70,em-682cda3863fb,脱力コンビあろま＆るる,48,3067,5623,2,skill_reduction,0.3331,0.3681,98,2,8,いいえ,ハリウッドナナコ師匠 / ワロンマイナー輩先 / 脱力コンビあろま＆るる / 呼んでますトムさん / TAGOのBOOTH
3,71,em-b9b869c15b9f,ルリマダラー,15,3786,378,2,attribute_guard,0.3316,0.4583,98,2,8,いいえ,日本海女中 / ワロンマイナー輩先 / ルリマダラー / みどりのたけしマン / 御嶽さん
3,72,em-e9b3dc6478a4,アヌラさま,33,2495,2978,2,attribute_guard,0.3316,0.4514,96,4,8,いいえ,日本海女中 / ワロンマイナー輩先 / アヌラさま / むぅむぅ / ハリウッドナナコ師匠
3,73,em-c8ed16119cbe,ヴェルラの木こり,28,3014,3162,2,guard,0.3315,0.4306,88,12,7,いいえ,タキシラ師匠 / えかちぇたん / ヴェルラの木こり / ɚすぃとあろま？ / TAGOのBOOTH
3,74,em-db2c3576c544,すわ子☆神,15,1100,1400,3,multi_hit_attack,0.3315,0.4306,99,1,8,いいえ,ダリア・宮子・9 / えかちぇたん / すわ子☆神 / ɚすぃとあろま？ / ハリウッドナナコ師匠
3,75,em-bd35a359234a,ジョーカーくん,18,805,3935,3,skill_reduction,0.3315,0.4167,97,3,8,いいえ,速いぞサラマンダー！ / モチノ・ウオ丸 / ジョーカーくん / むぅむぅ / ハリウッドナナコ師匠
3,76,em-d138d4e46038,きぬたン,48,3067,4771,2,attack_buff,0.3309,0.4167,99,1,8,いいえ,青玉の供犠ぴよ子 / ワロンマイナー輩先 / きぬたン / 呼んでますトムさん / TAGOのBOOTH
3,77,em-36ce9827163b,検非違使なけいび氏,28,6024,878,2,heal,0.3298,0.4861,100,0,8,いいえ,試作型おこしん / モチノ・ウオ丸 / 検非違使なけいび氏 / ＢＥＷ雪玉 / 白い悪魔の小町さん
3,78,em-59a8f156dec4,クロアリ,60,4089,4089,3,multi_hit_attack,0.329,0.2986,100,0,7,いいえ,青玉の供犠ぴよ子 / 試作型おこしん / クロアリ / トキシッくんｵｯｽｵｯｽ / TAGOのBOOTH
3,79,em-258850fee1ca,時計塔の魔女娘,30,5523,1614,2,skill_reduction,0.3289,0.3542,100,0,8,いいえ,こうせえっつう女中 / モチノ・ウオ丸 / 時計塔の魔女娘 / ɚすぃとあろま？ / 実はこんにゃくちゃん
3,80,em-433922ef3e4e,夏至祭のぺた也君,53,7266,2153,2,skill_reduction,0.3285,0.3264,100,0,7,いいえ,ハリウッドナナコ師匠 / ワロンマイナー輩先 / 夏至祭のぺた也君 / ɚすぃとあろま？ / TAGOのBOOTH
3,81,em-f13a3baa139d,伝説のビスカやん！,9,1893,1241,2,skill_reduction,0.327,0.4236,96,4,8,いいえ,ダリア・宮子・9 / えかちぇたん / 伝説のビスカやん！ / 呼んでますトムさん / ハリウッドナナコ師匠
3,82,em-4c2a43ecd770,ナンマトル君,14,2115,2115,2,skill_reduction,0.3255,0.4028,98,2,8,いいえ,ダリア・宮子・9 / えかちぇたん / ナンマトル君 / ɚすぃとあろま？ / ハリウッドナナコ師匠
3,83,em-3488d6542112,クロゴキ,65,6134,2113,2,multi_hit_attack,0.3249,0.25,100,0,8,いいえ,ハリウッドナナコ師匠 / ワロンマイナー輩先 / クロゴキ / ＢＥＷ雪玉 / 実はこんにゃくちゃん
3,84,em-96a3648b46e2,チョコ染めの安井さん,32,3646,4089,3,guard,0.3245,0.4792,96,4,8,いいえ,ハリウッドナナコ師匠 / モチノ・ウオ丸 / チョコ染めの安井さん / おたべ妖精 / シミ
3,85,em-fa3191833d67,エヴァン,28,3381,2776,2,damage_reduction,0.3245,0.4375,100,0,7,いいえ,ハリウッドナナコ師匠 / ワロンマイナー輩先 / エヴァン / むぅむぅ / 白い悪魔の小町さん
3,86,em-0592fa7cc27f,クェーサルと仲間たち,18,3542,2898,3,multi_hit_attack,0.3237,0.4722,99,1,8,いいえ,有砂小町 / ワロンマイナー輩先 / クェーサルと仲間たち / みどりのたけしマン / ハリウッドナナコ師匠
3,87,em-ed21bd124ab2,牛タソ☆行進曲,14,755,1812,2,guard,0.3232,0.4931,98,2,8,いいえ,日本海女中 / えかちぇたん / 牛タソ☆行進曲 / ブハラ師匠 / ハリウッドナナコ師匠
3,88,em-6262a008b5c9,脱力コンビあろま＆るる,38,3067,5623,2,skill_reduction,0.3216,0.3403,86,14,8,いいえ,タキシラ師匠 / えかちぇたん / 脱力コンビあろま＆るる / ɚすぃとあろま？ / ハリウッドナナコ師匠
3,89,em-11cceded3ad2,創造主・アヌンナキ,70,4260,5964,3,damage_reduction,0.3212,0.4306,100,0,5,いいえ,星の白金ぴよ子 / 試作型おこしん / 創造主・アヌンナキ / ɚすぃとあろま？ / ハリウッドナナコ師匠
3,90,em-814151a5ca65,登別ッキー,35,2556,6134,2,skill_reduction,0.3197,0.3472,96,4,8,いいえ,試作型おこしん / えかちぇたん / 登別ッキー / ＢＥＷ雪玉 / シミ
3,91,em-7b7bc6faa9ba,パティは実況勢,41,5623,3352,2,damage_reduction,0.319,0.4097,98,2,8,いいえ,ハリウッドナナコ師匠 / ワロンマイナー輩先 / パティは実況勢 / 呼んでますトムさん / 白い悪魔の小町さん
3,92,em-ab9b2ce76191,B・O・B,37,4935,3244,3,delay,0.3184,0.3194,94,6,8,いいえ,ハリウッドナナコ師匠 / ワロンマイナー輩先 / B・O・B / 呼んでますトムさん / 白い悪魔の小町さん
3,93,em-09a7a163b0cd,沼南ぱモーセ,38,2556,5623,2,attack_buff,0.3168,0.4097,96,4,8,いいえ,青玉の供犠ぴよ子 / ワロンマイナー輩先 / 沼南ぱモーセ / 呼んでますトムさん / 白い悪魔の小町さん
3,94,em-e931902358ae,弘法大師Ｑ改,15,1359,1963,3,skill_reduction,0.3162,0.4236,99,1,8,いいえ,ダリア・宮子・9 / えかちぇたん / 弘法大師Ｑ改 / ɚすぃとあろま？ / ハリウッドナナコ師匠
3,95,em-c88f65fb7899,グラディ瑛太,16,4653,423,3,delay,0.3157,0.4236,96,4,8,いいえ,総統エビユルゲ / モチノ・ウオ丸 / グラディ瑛太 / むぅむぅ / 速いぞサラマンダー！
3,96,em-845e49247e45,ウサポワン海人,20,1533,2607,3,guard,0.3149,0.5,100,0,8,いいえ,ハリウッドナナコ師匠 / えかちぇたん / ウサポワン海人 / むぅむぅ / シミ
3,97,em-3776e81d3ee0,ヒポポタリーナ,23,3237,2862,3,multi_hit_attack,0.3146,0.4861,92,8,8,いいえ,ハリウッドナナコ師匠 / モチノ・ウオ丸 / ヒポポタリーナ / ɚすぃとあろま？ / シミ
3,98,em-a02f06328adf,ゼネコン大公,60,6134,2726,2,guard,0.3145,0.3542,99,1,7,いいえ,青玉の供犠ぴよ子 / ワロンマイナー輩先 / ゼネコン大公 / ＢＥＷ雪玉 / アグスティンさん
3,99,em-2d3e693a8406,ツキマシモン,35,3919,1704,2,attack_buff,0.3142,0.4236,100,0,8,いいえ,ハリウッドナナコ師匠 / ワロンマイナー輩先 / ツキマシモン / 呼んでますトムさん / 御嶽さん
3,100,em-29a5da4c1e2f,有棘画工,20,4025,805,3,multi_hit_attack,0.3139,0.3958,100,0,8,いいえ,ダリア・宮子・9 / 夏至祭のヴァサクサ君 / 有棘画工 / 呼んでますトムさん / ハリウッドナナコ師匠
3,101,em-272a71a9c15d,キラカードなエッシュ,12,1812,1510,3,skill_reduction,0.3134,0.4236,99,1,8,いいえ,ダリア・宮子・9 / えかちぇたん / キラカードなエッシュ / 呼んでますトムさん / ハリウッドナナコ師匠
3,102,em-6c5a2955b199,ほぼネ甲ネイ・テウケ,26,3059,2737,2,attack_buff,0.3133,0.3889,99,1,8,いいえ,ハリウッドナナコ師匠 / ワロンマイナー輩先 / ほぼネ甲ネイ・テウケ / みどりのたけしマン / 御嶽さん
3,103,em-d6ea073b633e,鬼八先生,60,8861,2556,3,delay,0.3133,0.2431,99,1,8,いいえ,ハリウッドナナコ師匠 / 試作型おこしん / 鬼八先生 / トキシッくんｵｯｽｵｯｽ / TAGOのBOOTH
3,104,em-7e35b72ac7e4,琵琶子ｲﾘｭｰｼﾞｮﾝ！,13,1809,1190,3,damage_reduction,0.313,0.5069,98,2,8,いいえ,有砂小町 / ワロンマイナー輩先 / 琵琶子ｲﾘｭｰｼﾞｮﾝ！ / ＢＥＷ雪玉 / 白い悪魔の小町さん
3,105,em-5088462f1ee9,日本一の桃たろす,45,4260,5964,2,attribute_change,0.3126,0.5,100,0,8,いいえ,タキシラ師匠 / えかちぇたん / 日本一の桃たろす / ɚすぃとあろま？ / アグスティンさん
3,106,em-d7e6501e0b63,ダークるる,60,4771,4771,3,damage_reduction,0.3125,0.4236,99,1,7,いいえ,青玉の供犠ぴよ子 / ワロンマイナー輩先 / ダークるる / ＢＥＷ雪玉 / アグスティンさん
3,107,em-9b97e564ea43,ユールシスター☆ノエルん,43,5523,4112,3,multi_hit_attack,0.3118,0.4583,100,0,7,いいえ,ハリウッドナナコ師匠 / ワロンマイナー輩先 / ユールシスター☆ノエルん / 呼んでますトムさん / 白い悪魔の小町さん
3,108,em-2d179e9f0835,ﾇｯと出る☆ウイス君,36,5354,2486,2,attack_buff,0.3108,0.3958,100,0,8,いいえ,速いぞサラマンダー！ / ワロンマイナー輩先 / ﾇｯと出る☆ウイス君 / 呼んでますトムさん / 白い悪魔の小町さん
3,109,em-2f9e3ad50fc8,やまなしーヌの心,25,2415,2576,3,skill_reduction,0.3099,0.3542,100,0,8,いいえ,ダリア・宮子・9 / トマティーナ少佐 / やまなしーヌの心 / ɚすぃとあろま？ / ハリウッドナナコ師匠
3,110,em-454ebee4a0cd,3人はフォニピュア,60,4941,3578,2,damage_reduction,0.3097,0.3681,99,1,7,いいえ,青玉の供犠ぴよ子 / ワロンマイナー輩先 / 3人はフォニピュア / ＢＥＷ雪玉 / アグスティンさん
3,111,em-f5c067498bab,深窓のやまなしーヌ,17,1661,1812,3,skill_reduction,0.3096,0.4167,94,6,8,いいえ,こうせえっつう女中 / サルパちゃん / 深窓のやまなしーヌ / ɚすぃとあろま？ / シミ
3,112,em-4e3940289203,スーパー軍師兵衛ズ,60,7838,2385,3,skill_reduction,0.3083,0.2847,99,1,8,いいえ,青玉の供犠ぴよ子 / ワロンマイナー輩先 / スーパー軍師兵衛ズ / ＢＥＷ雪玉 / アグスティンさん
3,113,em-e5027c0cc6fa,みかんの姐御,17,2265,1510,3,aoe_attack,0.308,0.5,98,2,8,いいえ,有砂小町 / ワロンマイナー輩先 / みかんの姐御 / みどりのたけしマン / ハリウッドナナコ師匠
3,114,em-37e222cb9f2b,いんばーぬたん,53,3748,4771,2,attack_buff,0.3079,0.3542,98,2,7,いいえ,日本海女中 / ワロンマイナー輩先 / いんばーぬたん / ɚすぃとあろま？ / ハリウッドナナコ師匠
3,115,em-3911cf0df99b,あずま京子という女,14,1687,1687,3,damage_reduction,0.3078,0.5139,99,1,8,いいえ,有砂小町 / ワロンマイナー輩先 / あずま京子という女 / ＢＥＷ雪玉 / 白い悪魔の小町さん
3,116,em-6c2ea8631e0d,深海美少年モヅルン,37,5964,2385,3,attribute_guard,0.3065,0.4583,100,0,8,いいえ,日本海女中 / ワロンマイナー輩先 / 深海美少年モヅルン / むぅむぅ / ハリウッドナナコ師匠
3,117,em-aefb52be8eca,半間鮫子,52,3411,6823,2,multi_hit_attack,0.3065,0.4375,100,0,7,いいえ,日本海女中 / ワロンマイナー輩先 / 半間鮫子 / 呼んでますトムさん / ハリウッドナナコ師匠
3,118,em-80894fcaa10c,とんこつ神！博多美子,40,4089,5350,3,attack_buff,0.3038,0.4375,98,2,8,いいえ,青玉の供犠ぴよ子 / ワロンマイナー輩先 / とんこつ神！博多美子 / 呼んでますトムさん / 白い悪魔の小町さん
3,119,em-874769710492,さふらんらん,8,1734,888,3,skill_reduction,0.3028,0.4375,95,5,8,いいえ,ダリア・宮子・9 / えかちぇたん / さふらんらん / 呼んでますトムさん / ハリウッドナナコ師匠
3,120,em-86055d05ee01,ラムネ少女じゅんちゃん,14,2113,2113,2,heal,0.3026,0.4306,97,3,8,いいえ,タキシラ師匠 / モチノ・ウオ丸 / ラムネ少女じゅんちゃん / むぅむぅ / かんきゅっちゃん
3,121,em-4819d53ddb48,ブハラ師匠,39,5708,3237,3,heal,0.3024,0.4514,99,1,8,いいえ,日本海女中 / えかちぇたん / ブハラ師匠 / 呼んでますトムさん / ハリウッドナナコ師匠
3,122,em-d0ab149939aa,製鉄所★澤先輩,24,5313,1771,3,skill_reduction,0.3021,0.3125,97,3,8,いいえ,ハリウッドナナコ師匠 / ワロンマイナー輩先 / 製鉄所★澤先輩 / みどりのたけしマン / 御嶽さん
3,123,em-5b3eb6a3a507,なるリッシュ,20,1812,1510,2,attack_buff,0.3012,0.4167,95,5,8,いいえ,日本海女中 / ワロンマイナー輩先 / なるリッシュ / 呼んでますトムさん / 御嶽さん
3,124,em-438753e77e6c,デロスの月陽姉弟,41,3237,5453,2,heal,0.3001,0.4167,97,3,8,いいえ,日本海女中 / 伝説のビスカやん！ / デロスの月陽姉弟 / 呼んでますトムさん / TAGOのBOOTH
3,125,em-aae1801458f8,ɚすぃとあろま？,12,3748,681,3,guard,0.2994,0.4167,92,8,8,いいえ,ハリウッドナナコ師匠 / ワロンマイナー輩先 / ɚすぃとあろま？ / むぅむぅ / 御嶽さん
3,126,em-59fa5fa098ba,繭神！おかいこさま,32,5027,1704,3,attribute_change,0.2992,0.4931,99,1,8,いいえ,日本海女中 / ワロンマイナー輩先 / 繭神！おかいこさま / 呼んでますトムさん / 白い悪魔の小町さん
3,127,em-cfe553ea56a6,あまのちゃんパイセン,22,3220,805,3,multi_hit_attack,0.2992,0.4028,95,5,8,いいえ,有砂小町 / ワロンマイナー輩先 / あまのちゃんパイセン / 呼んでますトムさん / ハリウッドナナコ師匠
3,128,em-ba8324a2cbef,覚醒ニート,6,354,296,2,multi_hit_attack,0.2991,0.4931,98,2,8,いいえ,有砂小町 / ワロンマイナー輩先 / 覚醒ニート / 呼んでますトムさん / 白い悪魔の小町さん
3,129,em-558066e14c81,ダブル・ブロッコリー,33,2595,2436,3,damage_reduction,0.2985,0.4375,100,0,7,いいえ,ハリウッドナナコ師匠 / ワロンマイナー輩先 / ダブル・ブロッコリー / 御嶽さん / TAGOのBOOTH
3,130,em-dce9e83b7c07,長靴履いたなろう猫,42,3786,2726,3,attribute_change,0.2983,0.4722,99,1,8,いいえ,ハリウッドナナコ師匠 / ワロンマイナー輩先 / 長靴履いたなろう猫 / 呼んでますトムさん / 白い悪魔の小町さん
3,131,em-2a6ad62952da,スホクラント先生,15,1841,904,3,damage_reduction,0.2977,0.4653,93,7,8,いいえ,こうせえっつう女中 / えかちぇたん / スホクラント先生 / ɚすぃとあろま？ / 白い悪魔の小町さん
3,132,em-2449b6ff9d58,スマトラのウータン,12,2703,657,2,attribute_change,0.2976,0.4861,99,1,8,いいえ,ダリア・宮子・9 / えかちぇたん / スマトラのウータン / 呼んでますトムさん / ハリウッドナナコ師匠
3,133,em-d368809aa822,ﾜﾙﾌﾟﾙｷﾞｽなメル子様,39,6560,3152,3,attribute_guard,0.2973,0.4097,96,4,8,いいえ,ハリウッドナナコ師匠 / えかちぇたん / ﾜﾙﾌﾟﾙｷﾞｽなメル子様 / ????? / アグスティンさん
3,134,em-c3c3a8e92b71,仮面のいはと先生,25,2095,3063,3,delay,0.297,0.3333,100,0,8,いいえ,ダリア・宮子・9 / トマティーナ少佐 / 仮面のいはと先生 / ɚすぃとあろま？ / ハリウッドナナコ師匠
3,135,em-fea44f2a7dd8,だが男だ彦にゃん,15,2793,1132,3,skill_reduction,0.2959,0.4097,99,1,8,いいえ,ダリア・宮子・9 / えかちぇたん / だが男だ彦にゃん / ɚすぃとあろま？ / ハリウッドナナコ師匠
3,136,em-228697ae4ca1,かつお☆カーニバル,7,1128,1198,2,skill_reduction,0.2957,0.4167,94,6,8,いいえ,ダリア・宮子・9 / えかちぇたん / かつお☆カーニバル / 呼んでますトムさん / ハリウッドナナコ師匠
3,137,em-916052b33162,リンゴルモア大王,7,1269,1128,3,delay,0.2956,0.4167,94,6,8,いいえ,ダリア・宮子・9 / えかちぇたん / リンゴルモア大王 / 呼んでますトムさん / ハリウッドナナコ師匠
3,138,em-fd155a3410b2,鯰坊主と子供たち,45,5793,2130,3,damage_reduction,0.2952,0.4375,95,5,8,いいえ,ハリウッドナナコ師匠 / ワロンマイナー輩先 / 鯰坊主と子供たち / 呼んでますトムさん / TAGOのBOOTH
3,139,em-c816189f2294,ブッダがやって来る！,17,1510,1510,2,delay,0.2952,0.4028,97,3,8,いいえ,青玉の供犠ぴよ子 / モチノ・ウオ丸 / ブッダがやって来る！ / むぅむぅ / 速いぞサラマンダー！
3,140,em-b041a6f6cf00,テヅルモヅルン,37,5367,2147,3,attribute_guard,0.2948,0.4514,100,0,8,いいえ,日本海女中 / ワロンマイナー輩先 / テヅルモヅルン / むぅむぅ / ハリウッドナナコ師匠
3,141,em-7f58743c664e,ポリミタス☆おかいこ,34,4771,3069,2,attribute_change,0.2947,0.4375,89,11,8,いいえ,タキシラ師匠 / えかちぇたん / ポリミタス☆おかいこ / ɚすぃとあろま？ / アグスティンさん
3,142,em-b127f99ae530,キラー・ｻﾞ・ｷﾗｰ,55,5964,3408,2,damage_reduction,0.2947,0.4028,100,0,7,いいえ,ハリウッドナナコ師匠 / ワロンマイナー輩先 / キラー・ｻﾞ・ｷﾗｰ / 呼んでますトムさん / アグスティンさん
3,143,em-f7f78d464e92,ウミウサーヌ,60,3408,4601,3,guard,0.2942,0.4375,99,1,7,いいえ,青玉の供犠ぴよ子 / ワロンマイナー輩先 / ウミウサーヌ / ＢＥＷ雪玉 / アグスティンさん
3,144,em-314fadaf0ea9,オシラサマ,28,4260,3322,3,heal,0.2924,0.4653,88,12,8,いいえ,青玉の供犠ぴよ子 / えかちぇたん / オシラサマ / ɚすぃとあろま？ / TAGOのBOOTH
3,145,em-53e02d48f02a,It’s a ちーちゃん,33,6816,149,2,multi_hit_attack,0.2916,0.3611,94,6,8,いいえ,ハリウッドナナコ師匠 / モチノ・ウオ丸 / It’s a ちーちゃん / トキシッくんｵｯｽｵｯｽ / かんきゅっちゃん
3,146,em-42e9353377ee,吉野スライム♂,40,5078,2078,3,skill_reduction,0.2916,0.2847,100,0,8,いいえ,日本海女中 / ワロンマイナー輩先 / 吉野スライム♂ / 呼んでますトムさん / TAGOのBOOTH
3,147,em-99460641a41d,奇岩妖精ペリバじゃん,40,6816,852,3,attack_buff,0.2874,0.4028,97,3,8,いいえ,ハリウッドナナコ師匠 / ワロンマイナー輩先 / 奇岩妖精ペリバじゃん / 呼んでますトムさん / 白い悪魔の小町さん
3,148,em-1eb5e932843b,ダンブッラの蘭,38,5112,3578,2,damage_reduction,0.2872,0.4097,98,2,8,いいえ,日本海女中 / トマティーナ少佐 / ダンブッラの蘭 / ɚすぃとあろま？ / TAGOのBOOTH
3,149,em-7f3eb7b8272c,にゅー先生,15,700,2200,2,guard,0.2871,0.4097,95,5,8,いいえ,ハリウッドナナコ師匠 / ワロンマイナー輩先 / にゅー先生 / むぅむぅ / 御嶽さん
3,150,em-301c11f4a1d7,ウサポワンちゃん,20,1363,2317,3,guard,0.2865,0.4583,100,0,8,いいえ,ハリウッドナナコ師匠 / えかちぇたん / ウサポワンちゃん / むぅむぅ / シミ
3,151,em-663696ccf728,夏の一次幹,22,3408,2215,2,attack_buff,0.2864,0.4097,100,0,8,いいえ,ダリア・宮子・9 / トマティーナ少佐 / 夏の一次幹 / 呼んでますトムさん / ハリウッドナナコ師匠
3,152,em-b7b738711fb0,ちくわサンド,23,2817,2656,2,attack_buff,0.2859,0.4167,86,14,8,いいえ,青玉の供犠ぴよ子 / えかちぇたん / ちくわサンド / ɚすぃとあろま？ / シミ
3,153,em-6c215846fcb0,アン・ごろう,16,1356,1189,2,attack_buff,0.2858,0.4931,86,14,8,いいえ,タキシラ師匠 / えかちぇたん / アン・ごろう / 呼んでますトムさん / 白い悪魔の小町さん
3,154,em-a85f091d502f,スウェルくん,11,1452,2058,2,damage_reduction,0.2852,0.4514,96,4,8,いいえ,有砂小町 / ワロンマイナー輩先 / スウェルくん / ＢＥＷ雪玉 / 白い悪魔の小町さん
3,155,em-54cb13a72721,不思議の海のモヅルン,60,6475,4941,3,attribute_guard,0.2851,0.4236,99,1,7,いいえ,青玉の供犠ぴよ子 / ワロンマイナー輩先 / 不思議の海のモヅルン / ＢＥＷ雪玉 / アグスティンさん
3,156,em-4d4bf14cc827,いはと先輩,15,1000,1400,3,delay,0.2836,0.4097,99,1,8,いいえ,ダリア・宮子・9 / えかちぇたん / いはと先輩 / ɚすぃとあろま？ / ハリウッドナナコ師匠
3,157,em-7c8471edf1df,ハロハロ☆ナモミさま,36,2556,4260,2,attack_buff,0.2835,0.4167,98,2,8,いいえ,トキシッくんｵｯｽｵｯｽ / えかちぇたん / ハロハロ☆ナモミさま / みどりのたけしマン / ハリウッドナナコ師匠
3,158,em-81078d011501,年齢不詳！エンゼル様,22,2215,3237,3,heal,0.2834,0.4444,99,1,8,いいえ,ハリウッドナナコ師匠 / えかちぇたん / 年齢不詳！エンゼル様 / 呼んでますトムさん / 御嶽さん
3,159,em-6193e7af4d97,がうがうは考える,44,1704,5964,3,damage_reduction,0.2833,0.4583,98,2,8,いいえ,ハリウッドナナコ師匠 / ワロンマイナー輩先 / がうがうは考える / ɚすぃとあろま？ / 白い悪魔の小町さん
3,160,em-a7fc49aa8c73,広報担当：アッシュ,37,5112,3748,2,attribute_guard,0.2832,0.4097,100,0,8,いいえ,日本海女中 / ワロンマイナー輩先 / 広報担当：アッシュ / むぅむぅ / ハリウッドナナコ師匠
3,161,em-f2d052955a43,大正義・フクちゃん,7,1128,1269,2,attribute_change,0.283,0.4792,95,5,8,いいえ,ダリア・宮子・9 / モチノ・ウオ丸 / 大正義・フクちゃん / トキシッくんｵｯｽｵｯｽ / ハリウッドナナコ師匠
3,162,em-7fd9b48cee31,七夕星人☆たたるんるん,20,3220,1610,2,attack_buff,0.2828,0.3889,89,11,8,いいえ,青玉の供犠ぴよ子 / 夏至祭のヴァサクサ君 / 七夕星人☆たたるんるん / むぅむぅ / かんきゅっちゃん
3,163,em-28f044d525d7,スーリヤ様が見てる,7,489,1446,3,skill_reduction,0.2821,0.4097,94,6,8,いいえ,ダリア・宮子・9 / えかちぇたん / スーリヤ様が見てる / 呼んでますトムさん / ハリウッドナナコ師匠
3,164,em-69c457dd7e6a,スミθ＆エð,13,3020,755,2,attribute_guard,0.2804,0.4375,97,3,8,いいえ,ダリア・宮子・9 / えかちぇたん / スミθ＆エð / ɚすぃとあろま？ / ハリウッドナナコ師匠
3,165,em-68afa2dec462,みどりのたけしマン,23,2592,2432,3,damage_reduction,0.2802,0.3958,97,3,8,いいえ,ハリウッドナナコ師匠 / ワロンマイナー輩先 / みどりのたけしマン / 御嶽さん / 白い悪魔の小町さん
3,166,em-71504e292ebf,キャミー・the.女,13,1208,2567,3,heal,0.2798,0.4583,100,0,8,いいえ,試作型おこしん / モチノ・ウオ丸 / キャミー・the.女 / むぅむぅ / TAGOのBOOTH
3,167,em-ec43e91715ed,大谷雪之ちゃん,13,3171,604,2,damage_reduction,0.278,0.4375,97,3,8,いいえ,ダリア・宮子・9 / えかちぇたん / 大谷雪之ちゃん / ɚすぃとあろま？ / ハリウッドナナコ師匠
3,168,em-419c23e0ec81,新生☆ＢＴ５!!,35,3287,3615,3,damage_reduction,0.2778,0.4583,98,2,8,いいえ,日本海女中 / ワロンマイナー輩先 / 新生☆ＢＴ５!! / むぅむぅ / ハリウッドナナコ師匠
3,169,em-b08b3e6f22a8,フィッシャーマン三平,17,1286,1316,2,guard,0.2776,0.4028,100,0,8,いいえ,日本海女中 / ワロンマイナー輩先 / フィッシャーマン三平 / みどりのたけしマン / 御嶽さん
3,170,em-e3dab98c64af,試作型おこしん,8,2265,1510,2,attribute_guard,0.2767,0.4236,96,4,8,いいえ,有砂小町 / ワロンマイナー輩先 / 試作型おこしん / むぅむぅ / ハリウッドナナコ師匠
3,171,em-b5fa3fe8e44e,ディープワン・ゴロウ,8,1214,1189,2,attack_buff,0.276,0.4653,100,0,8,いいえ,有砂小町 / ワロンマイナー輩先 / ディープワン・ゴロウ / 呼んでますトムさん / 白い悪魔の小町さん
3,172,em-0984e8e9ee06,加賀のカブキ者,60,4430,6816,2,attack_buff,0.276,0.3611,100,0,7,いいえ,青玉の供犠ぴよ子 / 試作型おこしん / 加賀のカブキ者 / トキシッくんｵｯｽｵｯｽ / TAGOのBOOTH
3,173,em-28c6b952551d,海の昇竜貫,33,4601,3408,2,attack_buff,0.2757,0.3611,92,8,8,いいえ,タキシラ師匠 / えかちぇたん / 海の昇竜貫 / みどりのたけしマン / ハリウッドナナコ師匠
3,174,em-423f5963c7c2,超患部ぴよフェッサー,15,3220,2093,2,revive,0.2752,0.4514,100,0,8,いいえ,トリニダの怪人 / モチノ・ウオ丸 / 超患部ぴよフェッサー / みどりのたけしマン / TAGOのBOOTH
3,175,em-a06f040c9490,冬の加奈多パレード,80,9542,5282,2,attack_buff,0.273,0.3194,98,2,4,いいえ,戸隠ちび丸 / のり男師匠 / 冬の加奈多パレード / ズースくん / 船師かっさーのん
3,176,em-ed68f4e03a58,欣喜ぴよ子,10,1785,1812,2,guard,0.2724,0.3889,95,5,8,いいえ,有砂小町 / ワロンマイナー輩先 / 欣喜ぴよ子 / ＢＥＷ雪玉 / 白い悪魔の小町さん
3,177,em-94f677409ee2,月甲のルナタスピス,75,10224,4543,3,guard,0.2724,0.2986,99,1,6,いいえ,ハリウッドナナコ師匠 / 新・フィッシャーマン / 月甲のルナタスピス / ズースさんとシーラさん / ズースくん
3,178,em-15b63ea7b4c3,タオるんさん先輩師匠,14,1510,2180,2,attribute_guard,0.2719,0.3889,97,3,8,いいえ,日本海女中 / ワロンマイナー輩先 / タオるんさん先輩師匠 / みどりのたけしマン / 御嶽さん
3,179,em-ec5b8324ab06,袴着！いつくしーみん,36,3401,3401,2,attack_buff,0.2713,0.4236,100,0,8,いいえ,速いぞサラマンダー！ / ワロンマイナー輩先 / 袴着！いつくしーみん / 呼んでますトムさん / 白い悪魔の小町さん
3,180,em-31758a7d7c63,ﾗｰｶﾞﾙﾌﾘｮｩﾄﾙﾑりん,47,5700,2292,3,damage_reduction,0.2713,0.3958,100,0,8,いいえ,ハリウッドナナコ師匠 / ワロンマイナー輩先 / ﾗｰｶﾞﾙﾌﾘｮｩﾄﾙﾑりん / ɚすぃとあろま？ / リチャード・リターンズ
3,181,em-78c90c30a11c,夜光虫ほたるん,14,2265,3020,2,attribute_change,0.2708,0.4306,98,2,8,いいえ,ダリア・宮子・9 / えかちぇたん / 夜光虫ほたるん / ɚすぃとあろま？ / ハリウッドナナコ師匠
3,182,em-fd111e204918,アルビールパイセン,19,467,2608,3,delay,0.2689,0.3403,97,3,8,いいえ,こうせえっつう女中 / モチノ・ウオ丸 / アルビールパイセン / トキシッくんｵｯｽｵｯｽ / シミ
3,183,em-be212cb2b1d8,いはとさん,12,760,840,3,delay,0.2686,0.4306,99,1,8,いいえ,ダリア・宮子・9 / えかちぇたん / いはとさん / 呼んでますトムさん / ハリウッドナナコ師匠
3,184,em-5f9efdc805e5,呼んでますトムさん,15,1269,1269,3,attribute_guard,0.2685,0.4028,100,0,8,いいえ,有砂小町 / ワロンマイナー輩先 / 呼んでますトムさん / ＢＥＷ雪玉 / 白い悪魔の小町さん
3,185,em-618de9bba906,関大先生,9,1201,1201,3,guard,0.2681,0.4444,96,4,8,いいえ,ダリア・宮子・9 / えかちぇたん / 関大先生 / 呼んでますトムさん / ハリウッドナナコ師匠
3,186,em-b71282ef08a8,出番です！鴨先生！,18,1358,1356,2,guard,0.2674,0.3889,98,2,8,いいえ,ハリウッドナナコ師匠 / ワロンマイナー輩先 / 出番です！鴨先生！ / むぅむぅ / 御嶽さん
3,187,em-5f311c45014a,パーントゥ大先生,37,2409,4819,3,attack_buff,0.2652,0.3958,95,5,8,いいえ,トキシッくんｵｯｽｵｯｽ / えかちぇたん / パーントゥ大先生 / ɚすぃとあろま？ / 速いぞサラマンダー！
3,188,em-7c5fdd7af70d,覚醒むりょく,6,198,89,3,multi_hit_attack,0.2639,0.5,98,2,8,いいえ,有砂小町 / ワロンマイナー輩先 / 覚醒むりょく / 呼んでますトムさん / 白い悪魔の小町さん
3,189,em-48fc0bb31337,踊る☆なまずおじさん,60,5793,2130,3,damage_reduction,0.2628,0.375,100,0,7,いいえ,ハリウッドナナコ師匠 / 伝説のビスカやん！ / 踊る☆なまずおじさん / トキシッくんｵｯｽｵｯｽ / TAGOのBOOTH
3,190,em-1374a3351d4c,忍！fuま＆voたん,17,1510,1510,3,guard,0.2624,0.4236,97,3,8,いいえ,ハリウッドナナコ師匠 / ワロンマイナー輩先 / 忍！fuま＆voたん / むぅむぅ / 御嶽さん
3,191,em-410cc22d32bc,アロハる☆水島神人,16,3246,1887,2,attribute_change,0.2622,0.4097,100,0,8,いいえ,ダリア・宮子・9 / えかちぇたん / アロハる☆水島神人 / ɚすぃとあろま？ / ハリウッドナナコ師匠
3,192,em-88028fdebb04,オペラハウス侯爵,24,3154,3177,3,revive,0.2613,0.4444,84,16,8,いいえ,青玉の供犠ぴよ子 / えかちぇたん / オペラハウス侯爵 / ɚすぃとあろま？ / TAGOのBOOTH
3,193,em-eb9cb098a2c1,加留多ヘナ造,18,2898,2737,2,damage_reduction,0.2612,0.3958,96,4,8,いいえ,有砂小町 / ワロンマイナー輩先 / 加留多ヘナ造 / ＢＥＷ雪玉 / TAGOのBOOTH
3,194,em-7f906b3752a5,華麗なびわ子たん,10,1213,1190,3,damage_reduction,0.261,0.4583,90,10,8,いいえ,ハリウッドナナコ師匠 / ワロンマイナー輩先 / 華麗なびわ子たん / むぅむぅ / 御嶽さん
3,195,em-bb2bd26d4796,のり男の浪漫,36,3098,2695,2,attribute_guard,0.2606,0.3819,100,0,8,いいえ,日本海女中 / ワロンマイナー輩先 / のり男の浪漫 / ɚすぃとあろま？ / 白い悪魔の小町さん
3,196,em-8561e29b5d2e,まんまんちゃん,12,1524,1682,3,attack_buff,0.2601,0.4444,99,1,8,いいえ,ダリア・宮子・9 / えかちぇたん / まんまんちゃん / 呼んでますトムさん / ハリウッドナナコ師匠
3,197,em-84a7ce7d3a80,ゴロウ,4,310,302,2,attack_buff,0.2588,0.4861,100,0,8,いいえ,青玉の供犠ぴよ子 / モチノ・ウオ丸 / ゴロウ / 諏訪子成長期 / シミ
3,198,em-b83d457ef580,王国民ゴロウ,5,390,390,2,attack_buff,0.2588,0.4792,100,0,8,いいえ,ハリウッドナナコ師匠 / モチノ・ウオ丸 / 王国民ゴロウ / 諏訪子成長期 / シミ
3,199,em-c3ea022d7d2f,にゅーさん,12,500,1900,3,guard,0.2584,0.4236,100,0,8,いいえ,有砂小町 / ワロンマイナー輩先 / にゅーさん / むぅむぅ / ハリウッドナナコ師匠
3,200,em-7c7befcdeb38,メル子大先生,16,1773,1934,2,attack_buff,0.2581,0.4375,100,0,8,いいえ,ダリア・宮子・9 / えかちぇたん / メル子大先生 / ɚすぃとあろま？ / ハリウッドナナコ師匠
3,201,em-05de078a2e7c,幼妻！エンゼルちゃん,22,1993,2913,3,heal,0.2581,0.4097,99,1,8,いいえ,ハリウッドナナコ師匠 / えかちぇたん / 幼妻！エンゼルちゃん / 呼んでますトムさん / 御嶽さん
3,202,em-a0159af9ab81,カネヒラくん,14,2385,2556,2,attribute_change,0.2579,0.4028,98,2,8,いいえ,ダリア・宮子・9 / えかちぇたん / カネヒラくん / ɚすぃとあろま？ / ハリウッドナナコ師匠
3,203,em-bc2106c87bcd,?????,15,511,2811,3,damage_reduction,0.2569,0.3958,93,7,8,いいえ,こうせえっつう女中 / えかちぇたん / ????? / ɚすぃとあろま？ / 白い悪魔の小町さん
3,204,em-90e071b9735c,乗り海苔カスティリャ,16,2707,1223,2,attribute_guard,0.2563,0.4028,99,1,8,いいえ,日本海女中 / ワロンマイナー輩先 / 乗り海苔カスティリャ / みどりのたけしマン / 御嶽さん
3,205,em-554c0093231a,おあげさん,7,505,495,3,attack_buff,0.2561,0.4792,99,1,8,いいえ,有砂小町 / ワロンマイナー輩先 / おあげさん / 呼んでますトムさん / 白い悪魔の小町さん
3,206,em-6cbfcc23cd10,発光大王ほたるーニャ,9,1057,1198,3,attribute_change,0.256,0.4444,100,0,8,いいえ,ダリア・宮子・9 / 夏至祭のヴァサクサ君 / 発光大王ほたるーニャ / みさきパイセン / 実はこんにゃくちゃん
3,207,em-96c4c1bf7f87,畳リーゼントの御頭,40,4345,4345,2,attack_buff,0.2555,0.4028,88,12,8,いいえ,タキシラ師匠 / えかちぇたん / 畳リーゼントの御頭 / ɚすぃとあろま？ / ハリウッドナナコ師匠
3,208,em-42c90dd17240,GSPS！秀郷先生,34,3578,4601,2,attack_buff,0.2548,0.4028,100,0,8,いいえ,青玉の供犠ぴよ子 / ワロンマイナー輩先 / GSPS！秀郷先生 / 呼んでますトムさん / 御嶽さん
3,209,em-de36aab296aa,月下皇帝ランたん様,50,3150,5367,3,revive,0.2544,0.4375,98,2,8,いいえ,青玉の供犠ぴよ子 / えかちぇたん / 月下皇帝ランたん様 / ɚすぃとあろま？ / ハリウッドナナコ師匠
3,210,em-46432847d531,ＢＥＷ雪玉,8,2538,705,3,attack_buff,0.2544,0.4306,95,5,8,いいえ,ダリア・宮子・9 / えかちぇたん / ＢＥＷ雪玉 / 呼んでますトムさん / ハリウッドナナコ師匠
3,211,em-a94a52532d71,あまのちゃん先輩,20,1200,500,3,multi_hit_attack,0.2539,0.4097,100,0,8,いいえ,ダリア・宮子・9 / 夏至祭のヴァサクサ君 / あまのちゃん先輩 / 呼んでますトムさん / ハリウッドナナコ師匠
3,212,em-0c1036483550,kɔにー＆gæりー,13,1128,846,2,damage_reduction,0.2538,0.3889,98,2,8,いいえ,有砂小町 / ワロンマイナー輩先 / kɔにー＆gæりー / ＢＥＷ雪玉 / 白い悪魔の小町さん
3,213,em-95a2dbeaf4ea,神使！ナモミさま,18,805,4025,2,attack_buff,0.253,0.375,91,9,8,いいえ,ハリウッドナナコ師匠 / ワロンマイナー輩先 / 神使！ナモミさま / みどりのたけしマン / 御嶽さん
3,214,em-0bcb369cdcd9,キタキツネの神様,36,3748,4771,3,attack_buff,0.253,0.375,100,0,8,いいえ,速いぞサラマンダー！ / ワロンマイナー輩先 / キタキツネの神様 / 呼んでますトムさん / 白い悪魔の小町さん
3,215,em-c358a9d61a43,PiぐPeんとBiぐBeん,15,1208,1510,2,attack_buff,0.2524,0.3889,99,1,8,いいえ,ダリア・宮子・9 / えかちぇたん / PiぐPeんとBiぐBeん / ɚすぃとあろま？ / ハリウッドナナコ師匠
3,216,em-1eb8ca42b88a,日南のモア蔵,14,3534,424,3,guard,0.2514,0.3819,97,3,8,いいえ,日本海女中 / ワロンマイナー輩先 / 日南のモア蔵 / みどりのたけしマン / 御嶽さん
3,217,em-99ad2fb4f1bc,いはとくん,8,580,640,3,delay,0.2511,0.4167,95,5,8,いいえ,ダリア・宮子・9 / えかちぇたん / いはとくん / 呼んでますトムさん / ハリウッドナナコ師匠
3,218,em-1d6b42059506,レーティッシュ凛子,35,5623,3229,3,attack_buff,0.2496,0.3889,99,1,8,いいえ,速いぞサラマンダー！ / ワロンマイナー輩先 / レーティッシュ凛子 / 呼んでますトムさん / 白い悪魔の小町さん
3,219,em-842f3d28d20e,のり男師匠,8,1285,1118,2,attribute_guard,0.2486,0.4097,94,6,8,いいえ,日本海女中 / 伝説のビスカやん！ / のり男師匠 / ブハラ師匠 / リチャード・リターンズ
3,220,em-85a7b3e2cb7d,剥ぐぞ！ナモミ先生,16,400,2100,2,attack_buff,0.247,0.4028,100,0,8,いいえ,ダリア・宮子・9 / えかちぇたん / 剥ぐぞ！ナモミ先生 / ɚすぃとあろま？ / ハリウッドナナコ師匠
3,221,em-6145c94ca696,ｽﾌﾟﾗ♡な琵琶子たん,13,1213,1190,3,damage_reduction,0.2469,0.4444,100,0,8,いいえ,ダリア・宮子・9 / えかちぇたん / ｽﾌﾟﾗ♡な琵琶子たん / 呼んでますトムさん / ハリウッドナナコ師匠
3,222,em-8060e6a7ab61,戸隠ちび丸,4,150,700,3,attack_buff,0.246,0.4722,99,1,8,いいえ,ダリア・宮子・9 / えかちぇたん / 戸隠ちび丸 / みどりのたけしマン / ハリウッドナナコ師匠
3,223,em-fcf6ec919e80,ｱﾙﾊﾟ力のお兄(父)さん,10,763,2205,3,heal,0.2458,0.4097,94,6,8,いいえ,ハリウッドナナコ師匠 / モチノ・ウオ丸 / ｱﾙﾊﾟ力のお兄(父)さん / 呼んでますトムさん / 御嶽さん
3,224,em-b54c325797a5,フク先生,6,600,700,3,attribute_change,0.2457,0.4583,94,6,8,いいえ,ダリア・宮子・9 / モチノ・ウオ丸 / フク先生 / トキシッくんｵｯｽｵｯｽ / ハリウッドナナコ師匠
3,225,em-7a58e59098c4,森神ブーナッド,36,4941,3408,2,heal,0.2455,0.3819,96,4,8,いいえ,日本海女中 / えかちぇたん / 森神ブーナッド / 呼んでますトムさん / ハリウッドナナコ師匠
3,226,em-455191024aba,偉いぞさいごー丼,15,2718,1132,3,attribute_guard,0.2445,0.3958,95,5,8,いいえ,ハリウッドナナコ師匠 / ワロンマイナー輩先 / 偉いぞさいごー丼 / むぅむぅ / 御嶽さん
3,227,em-a91eca479689,嗚呼ヴァサクサ君,10,1880,374,2,skill_reduction,0.2444,0.3958,97,3,8,いいえ,ダリア・宮子・9 / えかちぇたん / 嗚呼ヴァサクサ君 / 呼んでますトムさん / ハリウッドナナコ師匠
3,228,em-6ead69ef1b01,精霊ブーナッド,16,4025,805,2,heal,0.2434,0.3958,100,0,8,いいえ,ハリウッドナナコ師匠 / モチノ・ウオ丸 / 精霊ブーナッド / 呼んでますトムさん / 御嶽さん
3,229,em-eb8dcb3ecb46,ヨーコ須賀パイセン,45,5964,3237,3,attribute_guard,0.2428,0.3472,95,5,8,いいえ,ハリウッドナナコ師匠 / ワロンマイナー輩先 / ヨーコ須賀パイセン / 呼んでますトムさん / TAGOのBOOTH
3,230,em-5275d879d803,ｻｲｯｺくたにん,12,800,1000,2,attribute_change,0.2426,0.4514,99,1,8,いいえ,ダリア・宮子・9 / えかちぇたん / ｻｲｯｺくたにん / 呼んでますトムさん / ハリウッドナナコ師匠
3,231,em-cdfbe8acd59f,はんばー先輩,24,4444,563,2,revive,0.2424,0.4028,84,16,8,いいえ,青玉の供犠ぴよ子 / えかちぇたん / はんばー先輩 / ɚすぃとあろま？ / TAGOのBOOTH
3,232,em-5c824e4dff20,ほたるんるん,9,1000,1500,3,attribute_change,0.2423,0.4306,100,0,8,いいえ,ダリア・宮子・9 / 夏至祭のヴァサクサ君 / ほたるんるん / みさきパイセン / 実はこんにゃくちゃん
3,233,em-942c8f8de44d,エンゼルちゃん,22,1772,2590,3,heal,0.242,0.3889,99,1,8,いいえ,ハリウッドナナコ師匠 / えかちぇたん / エンゼルちゃん / 呼んでますトムさん / 御嶽さん
3,234,em-dac0a350706a,くたにん,6,500,600,3,attribute_change,0.2419,0.4583,94,6,8,いいえ,ダリア・宮子・9 / モチノ・ウオ丸 / くたにん / トキシッくんｵｯｽｵｯｽ / ハリウッドナナコ師匠
3,235,em-82d7b7a877f8,電ドロ白鷺嬢,39,6816,2556,2,heal,0.2418,0.3472,95,5,8,いいえ,日本海女中 / 伝説のビスカやん！ / 電ドロ白鷺嬢 / 呼んでますトムさん / TAGOのBOOTH
3,236,em-4efe36123302,輝け☆椛マン！,35,4260,3408,3,heal,0.2409,0.375,89,11,8,いいえ,速いぞサラマンダー！ / えかちぇたん / 輝け☆椛マン！ / ɚすぃとあろま？ / ハリウッドナナコ師匠
3,237,em-b16382731bd5,華燭なカネヒラさん,60,5793,4771,2,attribute_change,0.2408,0.3542,99,1,8,いいえ,青玉の供犠ぴよ子 / ワロンマイナー輩先 / 華燭なカネヒラさん / ＢＥＷ雪玉 / アグスティンさん
3,238,em-d05fca3e00df,ほたるん,6,700,1000,3,attribute_change,0.2404,0.4375,94,6,8,いいえ,ダリア・宮子・9 / モチノ・ウオ丸 / ほたるん / トキシッくんｵｯｽｵｯｽ / ハリウッドナナコ師匠
3,239,em-a16d639a61fc,水軍衆かっさーのん,9,1128,1269,3,attack_buff,0.2401,0.4167,96,4,8,いいえ,ダリア・宮子・9 / えかちぇたん / 水軍衆かっさーのん / 呼んでますトムさん / ハリウッドナナコ師匠
3,240,em-5d34df1253d1,氷点下のレーカさん,40,2044,2556,3,revive,0.239,0.4375,88,12,8,いいえ,青玉の供犠ぴよ子 / えかちぇたん / 氷点下のレーカさん / ɚすぃとあろま？ / ハリウッドナナコ師匠
3,241,em-2c819cc3029c,お稲荷さん,9,808,808,3,attack_buff,0.2389,0.4375,96,4,8,いいえ,ダリア・宮子・9 / えかちぇたん / お稲荷さん / 呼んでますトムさん / ハリウッドナナコ師匠
3,242,em-f4980131820e,ﾊﾛｳｨﾝのヴラドさん,41,4089,1757,2,damage_reduction,0.2376,0.375,96,4,8,いいえ,日本海女中 / ワロンマイナー輩先 / ﾊﾛｳｨﾝのヴラドさん / みさきパイセン / ハリウッドナナコ師匠
3,243,em-5558b35b9413,フゥーま＆ヴォたん,14,800,800,3,guard,0.2369,0.4167,97,3,8,いいえ,日本海女中 / ワロンマイナー輩先 / フゥーま＆ヴォたん / みどりのたけしマン / 御嶽さん
3,244,em-c7cd54f2e503,ケラマ☆マジカ,7,1057,1198,2,attribute_guard,0.2368,0.3958,99,1,8,いいえ,有砂小町 / ワロンマイナー輩先 / ケラマ☆マジカ / 呼んでますトムさん / 白い悪魔の小町さん
3,245,em-501834a284b1,加賀友☆禅野さん,38,4175,4771,2,attribute_change,0.2368,0.3472,100,0,8,いいえ,日本海女中 / 超患部ぴよフェッサー / 加賀友☆禅野さん / ????? / TAGOのBOOTH
3,246,em-6c1c64d0e4ed,七夕ぴよ子,7,1104,1104,3,revive,0.2362,0.4236,97,3,8,いいえ,試作型おこしん / モチノ・ウオ丸 / 七夕ぴよ子 / むぅむぅ / シミ
3,247,em-4805525cb8a4,ｴﾝｾﾞﾘｯｸ☆エンゼル,60,6816,4771,3,heal,0.2362,0.3472,100,0,8,いいえ,ハリウッドナナコ師匠 / 試作型おこしん / ｴﾝｾﾞﾘｯｸ☆エンゼル / 呼んでますトムさん / アグスティンさん
3,248,em-199bdad6398b,なるティス,12,1000,900,3,attack_buff,0.2361,0.4097,99,1,8,いいえ,ダリア・宮子・9 / えかちぇたん / なるティス / 呼んでますトムさん / ハリウッドナナコ師匠
3,249,em-7f18b9c64c74,家族贖罪という字面,40,5964,1704,3,damage_reduction,0.2355,0.3056,100,0,8,いいえ,速いぞサラマンダー！ / アレス暮らし / 家族贖罪という字面 / 得琉田浜蔵 / アグスティンさん
3,250,em-93a9275d427c,肉食ドゥブロさん,32,5106,3404,3,attack_buff,0.2346,0.3681,97,3,8,いいえ,ハリウッドナナコ師匠 / ワロンマイナー輩先 / 肉食ドゥブロさん / 呼んでますトムさん / 御嶽さん
3,251,em-53a13d10258e,コドモドラゴン！,10,1833,987,3,damage_reduction,0.2342,0.3958,90,10,8,いいえ,ハリウッドナナコ師匠 / ワロンマイナー輩先 / コドモドラゴン！ / むぅむぅ / 御嶽さん
3,252,em-e9a4c94598fc,深海人ゴロウ,6,500,480,2,attack_buff,0.234,0.4375,98,2,8,いいえ,有砂小町 / ワロンマイナー輩先 / 深海人ゴロウ / 呼んでますトムさん / 白い悪魔の小町さん
3,253,em-0b273c3da2d3,ぴぐぺん＆びぐべん,12,700,900,2,attack_buff,0.234,0.4028,99,1,8,いいえ,ダリア・宮子・9 / えかちぇたん / ぴぐぺん＆びぐべん / 呼んでますトムさん / ハリウッドナナコ師匠
3,254,em-e718c5b250d7,彩れくたにん,9,600,700,2,attribute_change,0.2336,0.4444,96,4,8,いいえ,ダリア・宮子・9 / えかちぇたん / 彩れくたにん / 呼んでますトムさん / ハリウッドナナコ師匠
3,255,em-9999a53f68e1,牛タソ,5,500,50,3,guard,0.2336,0.4306,100,0,8,いいえ,ダリア・宮子・9 / 夏至祭のヴァサクサ君 / 牛タソ / むぅむぅ / ハリウッドナナコ師匠
3,256,em-59636157ae2e,コーベンパイア天爵,45,5282,1757,2,damage_reduction,0.2327,0.3333,96,4,8,いいえ,ハリウッドナナコ師匠 / えかちぇたん / コーベンパイア天爵 / トキシッくんｵｯｽｵｯｽ / アグスティンさん
3,257,em-4b42211e8e80,ナモミさん,12,200,1200,2,attack_buff,0.2322,0.4097,99,1,8,いいえ,ダリア・宮子・9 / えかちぇたん / ナモミさん / 呼んでますトムさん / ハリウッドナナコ師匠
3,258,em-ff5dd5331817,デメ子ちゃん,18,1704,3067,2,attribute_change,0.232,0.3958,97,3,8,いいえ,速いぞサラマンダー！ / モチノ・ウオ丸 / デメ子ちゃん / むぅむぅ / ハリウッドナナコ師匠
3,259,em-bffb26ad3975,アイヌ☆らっくるん,60,2896,6645,2,attack_buff,0.2318,0.3681,99,1,8,いいえ,ハリウッドナナコ師匠 / 試作型おこしん / アイヌ☆らっくるん / トキシッくんｵｯｽｵｯｽ / TAGOのBOOTH
3,260,em-98054d952da8,ニート達の日常。,21,2968,296,3,delay,0.2315,0.3681,99,1,8,いいえ,ダリア・宮子・9 / トマティーナ少佐 / ニート達の日常。 / 呼んでますトムさん / ハリウッドナナコ師匠
3,261,em-8b0ee22a5cd7,ドナドナう皮,26,1676,1664,3,guard,0.2312,0.3611,86,14,7,いいえ,タキシラ師匠 / えかちぇたん / ドナドナう皮 / ɚすぃとあろま？ / TAGOのBOOTH
3,262,em-beaaa8c15744,カメハメハワイ大王,50,3059,5879,2,attack_buff,0.2308,0.3681,100,0,7,いいえ,ハリウッドナナコ師匠 / ワロンマイナー輩先 / カメハメハワイ大王 / 呼んでますトムさん / TAGOのBOOTH
3,263,em-bff3cff5162a,トキシッくんｵｯｽｵｯｽ,9,2253,1267,3,revive,0.2301,0.3958,93,7,8,いいえ,ハリウッドナナコ師匠 / モチノ・ウオ丸 / トキシッくんｵｯｽｵｯｽ / 呼んでますトムさん / 御嶽さん
3,264,em-e9a9af4ae9bc,梨豚ぴぐぺん,6,500,600,2,attack_buff,0.23,0.3958,93,7,8,いいえ,ダリア・宮子・9 / えかちぇたん / 梨豚ぴぐぺん / 呼んでますトムさん / ハリウッドナナコ師匠
3,265,em-091b1c77c643,戸隠ちび蔵,6,150,950,3,attack_buff,0.2296,0.4444,93,7,8,いいえ,ダリア・宮子・9 / えかちぇたん / 戸隠ちび蔵 / 呼んでますトムさん / ハリウッドナナコ師匠
3,266,em-879d09afc46a,アイアン下仁田,17,907,900,2,guard,0.2293,0.3819,97,3,8,いいえ,トキシッくんｵｯｽｵｯｽ / アレス暮らし / アイアン下仁田 / むぅむぅ / TAGOのBOOTH
3,267,em-0da991c52dd4,ギャリーくん,5,400,400,3,damage_reduction,0.2282,0.4097,100,0,8,いいえ,ダリア・宮子・9 / 夏至祭のヴァサクサ君 / ギャリーくん / むぅむぅ / ハリウッドナナコ師匠
3,268,em-4fddbba71de4,大熊びぐべん,9,600,700,2,attack_buff,0.2282,0.3958,96,4,8,いいえ,ダリア・宮子・9 / えかちぇたん / 大熊びぐべん / 呼んでますトムさん / ハリウッドナナコ師匠
3,269,em-2be7abbe40d1,大晦日！ナモミ先輩,14,300,1700,2,attack_buff,0.2282,0.3889,98,2,8,いいえ,ダリア・宮子・9 / えかちぇたん / 大晦日！ナモミ先輩 / ɚすぃとあろま？ / ハリウッドナナコ師匠
3,270,em-8d7a9845b04b,コーベリアル男爵,5,400,380,2,attribute_guard,0.2278,0.4375,100,0,8,いいえ,ダリア・宮子・9 / 夏至祭のヴァサクサ君 / コーベリアル男爵 / むぅむぅ / ハリウッドナナコ師匠
3,271,em-c33cc8cd4298,ほたるんるんるん,12,1100,1600,2,attribute_change,0.2278,0.4028,99,1,8,いいえ,ダリア・宮子・9 / えかちぇたん / ほたるんるんるん / 呼んでますトムさん / ハリウッドナナコ師匠
3,272,em-ed707603ab87,荒ぶる水島神人,15,1200,600,3,guard,0.2274,0.3889,95,5,8,いいえ,ハリウッドナナコ師匠 / ワロンマイナー輩先 / 荒ぶる水島神人 / むぅむぅ / 御嶽さん
3,273,em-4ea698949c11,侵略成功!?イカ翁,20,1131,1272,2,revive,0.2263,0.4306,97,3,10,いいえ,ハリウッドナナコ師匠 / モチノ・ウオ丸 / 侵略成功!?イカ翁 / みどりのたけしマン / TAGOのBOOTH
3,274,em-4afb3d011e67,得琉田浜蔵,12,2696,1992,3,attribute_change,0.2249,0.375,99,1,8,いいえ,ダリア・宮子・9 / えかちぇたん / 得琉田浜蔵 / 呼んでますトムさん / ハリウッドナナコ師匠
3,275,em-d4e50f80f825,コーベリアル,4,305,297,2,attribute_guard,0.2248,0.4375,99,1,8,いいえ,ダリア・宮子・9 / 夏至祭のヴァサクサ君 / コーベリアル / むぅむぅ / ハリウッドナナコ師匠
3,276,em-96ed71805a40,白鷺日女路嬢,21,4830,1255,3,heal,0.2243,0.3681,98,2,8,いいえ,青玉の供犠ぴよ子 / vにゅーさん / 白鷺日女路嬢 / ＢＥＷ雪玉 / アグスティンさん
3,277,em-75c1af17d152,浴衣美人な日女路嬢,38,5623,3748,3,heal,0.2241,0.3611,98,2,8,いいえ,日本海女中 / えかちぇたん / 浴衣美人な日女路嬢 / 呼んでますトムさん / ハリウッドナナコ師匠
3,278,em-d46e72def2a2,いつくしーみん,8,380,840,2,attack_buff,0.223,0.4306,95,5,8,いいえ,ダリア・宮子・9 / えかちぇたん / いつくしーみん / 呼んでますトムさん / ハリウッドナナコ師匠
3,279,em-90f39743f105,伝説の牛タソ,19,2269,302,3,guard,0.223,0.3472,99,1,8,いいえ,ハリウッドナナコ師匠 / ワロンマイナー輩先 / 伝説の牛タソ / むぅむぅ / 御嶽さん
3,280,em-1acdee18dc58,生きろ！モア蔵,7,1540,240,3,guard,0.2227,0.3889,99,1,8,いいえ,ダリア・宮子・9 / 夏至祭のヴァサクサ君 / 生きろ！モア蔵 / ＢＥＷ雪玉 / 白い悪魔の小町さん
3,281,em-fbb333645878,戸隠ちび大助,14,226,2193,2,attack_buff,0.2219,0.4028,98,2,8,いいえ,ダリア・宮子・9 / えかちぇたん / 戸隠ちび大助 / ɚすぃとあろま？ / ハリウッドナナコ師匠
3,282,em-3229594a4a2c,おあげちゃん,5,315,305,3,attack_buff,0.2218,0.4444,100,0,8,いいえ,ダリア・宮子・9 / えかちぇたん / おあげちゃん / みどりのたけしマン / ハリウッドナナコ師匠
3,283,em-4c8a3408455b,泳ぐカネヒラさん,28,3748,3408,2,attribute_change,0.2218,0.3403,97,3,8,いいえ,青玉の供犠ぴよ子 / 夏至祭のヴァサクサ君 / 泳ぐカネヒラさん / むぅむぅ / かんきゅっちゃん
3,284,em-615e4701fc7f,華麗！いつくしーみん,12,660,1040,2,attack_buff,0.2217,0.4236,99,1,8,いいえ,ダリア・宮子・9 / えかちぇたん / 華麗！いつくしーみん / 呼んでますトムさん / ハリウッドナナコ師匠
3,285,em-794f6427298a,さいごー丼,8,830,476,3,attribute_guard,0.2216,0.4167,100,0,8,いいえ,ダリア・宮子・9 / 夏至祭のヴァサクサ君 / さいごー丼 / ＢＥＷ雪玉 / 白い悪魔の小町さん
3,286,em-5c4a86842734,芹沢殿,10,703,698,3,guard,0.2209,0.3889,95,5,8,いいえ,有砂小町 / ワロンマイナー輩先 / 芹沢殿 / ＢＥＷ雪玉 / 白い悪魔の小町さん
3,287,em-737815742386,タオるんさん先輩,12,800,1000,3,attribute_guard,0.22,0.3819,92,8,8,いいえ,ハリウッドナナコ師匠 / ワロンマイナー輩先 / タオるんさん先輩 / むぅむぅ / 御嶽さん
3,288,em-26ea85de7340,のり男先輩,7,534,446,3,attribute_guard,0.2172,0.4167,100,0,8,いいえ,ハリウッドナナコ師匠 / えかちぇたん / のり男先輩 / ブハラ師匠 / 白い悪魔の小町さん
3,289,em-2080ae65b62a,モヅルン,37,3771,1908,3,attribute_guard,0.2171,0.3611,100,0,8,いいえ,日本海女中 / ワロンマイナー輩先 / モヅルン / むぅむぅ / ハリウッドナナコ師匠
3,290,em-9d861b51bd30,波乗りキング,18,776,2582,3,attack_buff,0.2163,0.3472,98,2,8,いいえ,ダリア・宮子・9 / すわ子isGOD！ / 波乗りキング / 呼んでますトムさん / ハリウッドナナコ師匠
3,291,em-8cdef0bc7893,戸隠ちび太夫,11,150,1200,3,attack_buff,0.2157,0.4236,98,2,8,いいえ,ダリア・宮子・9 / えかちぇたん / 戸隠ちび太夫 / 呼んでますトムさん / ハリウッドナナコ師匠
3,292,em-11e2e69b2674,フクさん,5,400,500,3,attribute_change,0.2151,0.4236,100,0,8,いいえ,ダリア・宮子・9 / えかちぇたん / フクさん / みどりのたけしマン / ハリウッドナナコ師匠
3,293,em-d8af1ee7968e,ザ★女王の世界,42,1936,2006,3,attack_buff,0.2145,0.3056,99,1,8,いいえ,ハリウッドナナコ師匠 / ワロンマイナー輩先 / ザ★女王の世界 / 呼んでますトムさん / 白い悪魔の小町さん
3,294,em-86b9ae60356a,ブーナッドさま,14,2100,400,2,heal,0.2141,0.3819,100,0,8,いいえ,ハリウッドナナコ師匠 / モチノ・ウオ丸 / ブーナッドさま / むぅむぅ / 鎌倉式ＤＢ２涅槃型改
3,295,em-4b8003f0f990,メル子さま,12,800,800,3,attack_buff,0.2137,0.4167,99,1,8,いいえ,ダリア・宮子・9 / えかちぇたん / メル子さま / 呼んでますトムさん / ハリウッドナナコ師匠
3,296,em-15545bc62fe7,幽霊烏賊図,60,3408,4260,3,revive,0.2137,0.375,100,0,8,いいえ,ハリウッドナナコ師匠 / 試作型おこしん / 幽霊烏賊図 / 呼んでますトムさん / アグスティンさん
3,297,em-fe5ed60fbf2d,強いぞさいごー丼,9,930,574,3,attribute_guard,0.2129,0.3958,100,0,8,いいえ,ダリア・宮子・9 / トリニダの怪人 / 強いぞさいごー丼 / ɚすぃとあろま？ / 白い悪魔の小町さん
3,298,em-fd2a055eb394,コニー＆ギャリー,10,500,500,3,damage_reduction,0.2125,0.3819,90,10,8,いいえ,ハリウッドナナコ師匠 / ワロンマイナー輩先 / コニー＆ギャリー / むぅむぅ / 御嶽さん
3,299,em-83954a93a691,閃きのヒラメちゃん,60,6560,4430,2,attribute_change,0.21,0.2847,99,1,8,いいえ,青玉の供犠ぴよ子 / ワロンマイナー輩先 / 閃きのヒラメちゃん / ＢＥＷ雪玉 / アグスティンさん
3,300,em-902df874fa74,でらマジカ,6,650,700,3,attribute_guard,0.2096,0.3958,98,2,8,いいえ,ダリア・宮子・9 / 夏至祭のヴァサクサ君 / でらマジカ / ＢＥＷ雪玉 / 白い悪魔の小町さん
3,301,em-c912b76e4dda,妖怪雪愛さま,15,950,1350,2,attribute_change,0.2094,0.3958,99,1,8,いいえ,ダリア・宮子・9 / えかちぇたん / 妖怪雪愛さま / ɚすぃとあろま？ / ハリウッドナナコ師匠
3,302,em-643d05a15e4e,エビユルゲ大佐,5,520,460,2,attribute_change,0.2076,0.4028,100,0,8,いいえ,ダリア・宮子・9 / えかちぇたん / エビユルゲ大佐 / みどりのたけしマン / ハリウッドナナコ師匠
3,303,em-050f0ee87c24,妖精雪愛さん,12,770,830,2,attribute_change,0.2054,0.4028,99,1,8,いいえ,ダリア・宮子・9 / えかちぇたん / 妖精雪愛さん / 呼んでますトムさん / ハリウッドナナコ師匠
3,304,em-d9e193a7c929,斑鳩の太子くん,36,4260,2896,2,heal,0.2051,0.3264,99,1,8,いいえ,日本海女中 / 伝説のビスカやん！ / 斑鳩の太子くん / 呼んでますトムさん / 白い悪魔の小町さん
3,305,em-357d76cd5b69,のり男さん,5,424,356,3,attribute_guard,0.2041,0.3958,84,16,8,いいえ,日本海女中 / モチノ・ウオ丸 / のり男さん / ɚすぃとあろま？ / シミ
3,306,em-1fcf0af60c7a,老舗の牛タソ,14,1000,150,3,guard,0.204,0.3819,97,3,8,いいえ,日本海女中 / ワロンマイナー輩先 / 老舗の牛タソ / みどりのたけしマン / 御嶽さん
3,307,em-377a00f7a666,のり男,4,334,278,3,attribute_guard,0.2021,0.3958,83,17,8,いいえ,日本海女中 / モチノ・ウオ丸 / のり男 / ɚすぃとあろま？ / シミ
3,308,em-f8e6761b2883,青龍,36,1704,6816,3,attack_buff,0.2017,0.3333,93,7,8,いいえ,ハリウッドナナコ師匠 / ワロンマイナー輩先 / 青龍 / 呼んでますトムさん / 白い悪魔の小町さん
3,309,em-080293573ea5,ダヴィアさん,19,2567,1914,2,attack_buff,0.1993,0.3333,99,1,8,いいえ,速いぞサラマンダー！ / ワロンマイナー輩先 / ダヴィアさん / みどりのたけしマン / 御嶽さん
3,310,em-1749aff71419,ミシャグジさまさま,60,6986,3578,2,attack_buff,0.1977,0.2847,99,1,8,いいえ,ハリウッドナナコ師匠 / 試作型おこしん / ミシャグジさまさま / トキシッくんｵｯｽｵｯｽ / TAGOのBOOTH
3,311,em-f14c0a7296cf,コーベリアル伯爵,7,500,480,2,attribute_guard,0.197,0.3819,99,1,8,いいえ,ダリア・宮子・9 / 夏至祭のヴァサクサ君 / コーベリアル伯爵 / ＢＥＷ雪玉 / 白い悪魔の小町さん
3,312,em-7e127d8718a5,魔人エビユルゲ,4,410,370,3,attribute_change,0.1942,0.3889,99,1,8,いいえ,ダリア・宮子・9 / えかちぇたん / 魔人エビユルゲ / みどりのたけしマン / ハリウッドナナコ師匠
3,313,em-428a2893945d,雪愛ちゃん,8,590,630,3,attribute_change,0.193,0.3889,95,5,8,いいえ,ダリア・宮子・9 / えかちぇたん / 雪愛ちゃん / 呼んでますトムさん / ハリウッドナナコ師匠
3,314,em-492dd4b96b0e,中央アルプスの少年,12,800,600,2,damage_reduction,0.1917,0.375,100,0,8,いいえ,有砂小町 / ワロンマイナー輩先 / 中央アルプスの少年 / むぅむぅ / ハリウッドナナコ師匠
3,315,em-acc7e76f32c6,満開☆チゥりっぷちゃん,20,563,2957,2,attribute_change,0.1916,0.3056,100,0,8,いいえ,ハリウッドナナコ師匠 / サルパちゃん / 満開☆チゥりっぷちゃん / みどりのたけしマン / 白い悪魔の小町さん
3,316,em-e900d5955acf,凄いぞさいごー丼,13,1050,650,3,attribute_guard,0.1858,0.3472,93,7,8,いいえ,ハリウッドナナコ師匠 / ワロンマイナー輩先 / 凄いぞさいごー丼 / むぅむぅ / 御嶽さん
3,317,em-e63df2359896,世界遺産な白鷺嬢,15,2100,600,3,heal,0.1839,0.3472,99,1,8,いいえ,ハリウッドナナコ師匠 / モチノ・ウオ丸 / 世界遺産な白鷺嬢 / 呼んでますトムさん / 御嶽さん
3,318,em-cf78c5cc3134,オタテカモ次郎,28,4186,3059,2,attribute_change,0.1823,0.2847,90,10,8,いいえ,青玉の供犠ぴよ子 / モチノ・ウオ丸 / オタテカモ次郎 / トキシッくんｵｯｽｵｯｽ / かんきゅっちゃん
3,319,em-804bc17d075c,雪壁の大谷,11,1500,300,2,damage_reduction,0.1805,0.3472,87,13,8,いいえ,日本海女中 / モチノ・ウオ丸 / 雪壁の大谷 / トキシッくんｵｯｽｵｯｽ / シミ
3,320,em-bbcbbb9fef0a,こっちの大谷,6,1000,100,3,damage_reduction,0.1803,0.3611,98,2,8,いいえ,有砂小町 / ワロンマイナー輩先 / こっちの大谷 / 呼んでますトムさん / 白い悪魔の小町さん
3,321,em-20df4bd7efaf,白鷺嬢,8,800,420,3,heal,0.1798,0.3542,95,5,8,いいえ,総統エビユルゲ / モチノ・ウオ丸 / 白鷺嬢 / 諏訪子成長期 / わさわさ大根
3,322,em-c6785d8f86c3,中央アルプスの犬,9,600,400,2,damage_reduction,0.1794,0.3611,97,3,8,いいえ,有砂小町 / ワロンマイナー輩先 / 中央アルプスの犬 / むぅむぅ / ハリウッドナナコ師匠
3,323,em-b08be1a4ca3f,中央アルプスの少女,6,500,300,3,damage_reduction,0.1792,0.3611,86,14,8,いいえ,ハリウッドナナコ師匠 / ワロンマイナー輩先 / 中央アルプスの少女 / むぅむぅ / 御嶽さん
3,324,em-10adad665687,コマンドー下仁田,13,597,614,3,guard,0.1788,0.3403,89,11,8,いいえ,日本海女中 / モチノ・ウオ丸 / コマンドー下仁田 / トキシッくんｵｯｽｵｯｽ / シミ
3,325,em-1dbd8ae5b939,国宝！白鷺嬢,12,1200,500,3,heal,0.1778,0.3542,96,4,8,いいえ,ハリウッドナナコ師匠 / モチノ・ウオ丸 / 国宝！白鷺嬢 / 呼んでますトムさん / 御嶽さん
3,326,em-e626c795c8a8,スミス＆エズ,12,1200,400,3,attribute_guard,0.1778,0.3333,92,8,8,いいえ,ハリウッドナナコ師匠 / ワロンマイナー輩先 / スミス＆エズ / むぅむぅ / 御嶽さん
3,327,em-d80a2b82ab9f,ブーナッドちゃん,8,1200,200,3,heal,0.1709,0.3403,95,5,8,いいえ,総統エビユルゲ / モチノ・ウオ丸 / ブーナッドちゃん / 諏訪子成長期 / わさわさ大根
3,328,em-1cb67f0b7d2d,スノーな大谷,9,1100,200,2,damage_reduction,0.1696,0.3333,89,11,8,いいえ,ハリウッドナナコ師匠 / ワロンマイナー輩先 / スノーな大谷 / むぅむぅ / 御嶽さん
3,329,em-8646cdffe6eb,ブーナッドさん,12,1700,300,3,heal,0.1659,0.3264,97,3,8,いいえ,ハリウッドナナコ師匠 / えかちぇたん / ブーナッドさん / みどりのたけしマン / 御嶽さん
3,330,em-f3be7c12380c,魔女ランダ,44,3067,5623,2,attribute_change,0.1629,0.25,89,11,8,いいえ,日本海女中 / ワロンマイナー輩先 / 魔女ランダ / ɚすぃとあろま？ / ハリウッドナナコ師匠
3,331,em-6a50fe1ba475,青き春の酔竜,70,2556,7668,3,attack_buff,0.1613,0.2153,98,2,5,いいえ,青玉の供犠ぴよ子 / 試作型おこしん / 青き春の酔竜 / トキシッくんｵｯｽｵｯｽ / ハリウッドナナコ師匠
3,332,em-3deff3291fd4,有閑カノープス,70,5112,6816,2,attribute_change,0.1519,0.2222,100,0,5,いいえ,ハリウッドナナコ師匠 / 総統エビユルゲ / 有閑カノープス / おたべ妖精 / アグスティンさん
3,333,em-0277eca3d9cf,ゆる神の像＆ピヨか？,60,426,511,3,guard,0.0726,0.1736,100,0,7,いいえ,ハリウッドナナコ師匠 / 伝説のビスカやん！ / ゆる神の像＆ピヨか？ / トキシッくんｵｯｽｵｯｽ / TAGOのBOOTH
3,334,em-6eed78e1fe62,リア充の権化安倍晴明,100,6782,6271,3,heal,0,0,101,0,0,いいえ,
3,335,em-a85045965911,まさか殿(マジ),100,7463,6628,3,attack_buff,0,0,101,0,0,いいえ,
3,336,em-f33de53ee597,遊無給(ニート)な小町,100,7327,5623,3,attack_buff,0,0,101,0,0,いいえ,
4,1,em-4d9586371e6c,鞭・打つ子さん,38,4106,4106,3,multi_hit_attack,0.5044,0.5139,98,2,7,いいえ,日本海女中 / ワロンマイナー輩先 / 摩陀羅　潮真 / 鞭・打つ子さん / ハリウッドナナコ師匠
4,2,em-7747ea5c5a73,諏訪子成長期,38,3067,5623,3,multi_hit_attack,0.481,0.4583,98,2,7,いいえ,日本海女中 / ワロンマイナー輩先 / 摩陀羅　潮真 / 諏訪子成長期 / ハリウッドナナコ師匠
4,3,em-74c87c37d930,むぅむぅ,30,2839,2525,3,multi_hit_attack,0.4788,0.5,100,0,8,いいえ,日本海女中 / ワロンマイナー輩先 / 摩陀羅　潮真 / むぅむぅ / かんきゅっちゃん
4,4,em-f70fc38ed477,栗栖　益子さん,40,4175,4106,4,multi_hit_attack,0.4749,0.5069,100,0,7,いいえ,日本海女中 / ワロンマイナー輩先 / 摩陀羅　潮真 / 栗栖　益子さん / ハリウッドナナコ師匠
4,5,em-cf62aeacc244,やまたのおろちん,40,2726,2726,3,multi_hit_attack,0.4633,0.4792,100,0,7,いいえ,日本海女中 / ワロンマイナー輩先 / 摩陀羅　潮真 / やまたのおろちん / ハリウッドナナコ師匠
4,6,em-fe9fc4184474,聖えぇじゃないか,17,2817,2334,4,aoe_attack,0.4544,0.5139,96,4,8,いいえ,日本海女中 / ワロンマイナー輩先 / 摩陀羅　潮真 / 聖えぇじゃないか / 白い悪魔の小町さん
4,7,em-089a6280b9d6,御嶽さん,32,5112,3067,4,aoe_attack,0.454,0.4653,99,1,8,いいえ,日本海女中 / ワロンマイナー輩先 / 摩陀羅　潮真 / 御嶽さん / 速いぞサラマンダー！
4,8,em-bcb9b03bfeed,サンカクドナウ,13,1739,1739,3,multi_hit_attack,0.4515,0.5417,98,2,8,いいえ,有砂小町 / ワロンマイナー輩先 / 摩陀羅　潮真 / サンカクドナウ / ハリウッドナナコ師匠
4,9,em-57204b8d6ee6,伝説のWoo怪,12,1126,2393,4,multi_hit_attack,0.4475,0.5139,97,3,8,いいえ,有砂小町 / ワロンマイナー輩先 / 摩陀羅　潮真 / 伝説のWoo怪 / ハリウッドナナコ師匠
4,10,em-371b0bc06848,やっとの神,50,2933,2919,3,multi_hit_attack,0.4434,0.4028,100,0,7,いいえ,ハリウッドナナコ師匠 / ワロンマイナー輩先 / 試作型おこしん / やっとの神 / 白い悪魔の小町さん
4,11,em-2b7450b3b8b1,トンコー先生,15,1510,1510,3,multi_hit_attack,0.4404,0.5139,100,0,8,いいえ,有砂小町 / ワロンマイナー輩先 / 摩陀羅　潮真 / トンコー先生 / ハリウッドナナコ師匠
4,12,em-1a3ab3b1acf7,聖☆いんてぃないか,19,2817,2334,4,aoe_attack,0.4349,0.5,98,2,8,いいえ,日本海女中 / ワロンマイナー輩先 / 摩陀羅　潮真 / 聖☆いんてぃないか / 白い悪魔の小町さん
4,13,em-33e6bfd45207,みさきパイセン,22,2737,3059,3,multi_hit_attack,0.4341,0.4375,100,0,8,いいえ,有砂小町 / ワロンマイナー輩先 / トマティーナ少佐 / みさきパイセン / 実はこんにゃくちゃん
4,14,em-cea68c425163,跛荒の鉄男大先生,51,4686,6625,3,multi_hit_attack,0.432,0.3403,100,0,7,いいえ,ハリウッドナナコ師匠 / ワロンマイナー輩先 / 試作型おこしん / 跛荒の鉄男大先生 / リチャード・リターンズ
4,15,em-75717188c18a,あ、しょーか大先生,13,1812,1963,4,multi_hit_attack,0.4289,0.5208,98,2,8,いいえ,有砂小町 / ワロンマイナー輩先 / 摩陀羅　潮真 / あ、しょーか大先生 / ハリウッドナナコ師匠
4,16,em-7a8534cb5af6,クレリゴス子様,41,6731,2951,3,guard,0.4265,0.5208,100,0,7,いいえ,日本海女中 / ワロンマイナー輩先 / 試作型おこしん / クレリゴス子様 / リチャード・リターンズ
4,17,em-490ce6c4d005,ア、ショーカ大王,45,3067,4601,3,multi_hit_attack,0.4224,0.3472,99,1,8,いいえ,タキシラ師匠 / えかちぇたん / すわ子isGOD！ / ア、ショーカ大王 / ハリウッドナナコ師匠
4,18,em-6722337c6d78,雨降る倉敷のみかん姐,15,2718,1963,4,aoe_attack,0.4214,0.5208,100,0,8,いいえ,有砂小町 / ワロンマイナー輩先 / 摩陀羅　潮真 / 雨降る倉敷のみかん姐 / ハリウッドナナコ師匠
4,19,em-f9383e2e4919,ユハンヌスのサウナー,42,5231,3067,3,damage_reduction,0.4103,0.4931,95,5,7,いいえ,日本海女中 / ワロンマイナー輩先 / 試作型おこしん / ユハンヌスのサウナー / TAGOのBOOTH
4,20,em-cec2f0ad9373,Dr.フォックス,40,4089,4430,4,delay,0.4087,0.4514,100,0,8,いいえ,日本海女中 / ワロンマイナー輩先 / 摩陀羅　潮真 / Dr.フォックス / ハリウッドナナコ師匠
4,21,em-4819d53ddb48,ブハラ師匠,39,5708,3237,3,heal,0.4085,0.5486,99,1,8,いいえ,日本海女中 / ワロンマイナー輩先 / 摩陀羅　潮真 / ブハラ師匠 / ハリウッドナナコ師匠
4,22,em-57dce5f944a3,うらうらら,50,4260,6390,4,multi_hit_attack,0.4082,0.375,100,0,7,いいえ,ハリウッドナナコ師匠 / ワロンマイナー輩先 / ????? / うらうらら / TAGOのBOOTH
4,23,em-3fef7ee3dc51,トゥバタハのシレーナ,60,3919,4601,3,aoe_attack,0.4063,0.3056,99,1,7,いいえ,青玉の供犠ぴよ子 / ワロンマイナー輩先 / 試作型おこしん / トゥバタハのシレーナ / アグスティンさん
4,24,em-c42ef00ed018,ｗｗナレースワンｗｗ,25,2560,2584,4,delay,0.4046,0.5069,97,3,8,いいえ,日本海女中 / ワロンマイナー輩先 / 摩陀羅　潮真 / ｗｗナレースワンｗｗ / TAGOのBOOTH
4,25,em-0592fa7cc27f,クェーサルと仲間たち,18,3542,2898,3,multi_hit_attack,0.4033,0.5694,91,9,8,いいえ,日本海女中 / ワロンマイナー輩先 / 大晦日のネギそば給仕少女 / クェーサルと仲間たち / ハリウッドナナコ師匠
4,26,em-aae1801458f8,ɚすぃとあろま？,12,3748,681,3,guard,0.4033,0.5347,95,5,8,いいえ,日本海女中 / 夏至祭のヴァサクサ君 / 摩陀羅　潮真 / ɚすぃとあろま？ / リチャード・リターンズ
4,27,em-58dbb7bc9653,六点魔王ノッブ,58,3408,5964,3,multi_hit_attack,0.4027,0.3472,99,1,7,いいえ,日本海女中 / ワロンマイナー輩先 / 試作型おこしん / 六点魔王ノッブ / ハリウッドナナコ師匠
4,28,em-d0ab149939aa,製鉄所★澤先輩,24,5313,1771,3,skill_reduction,0.4009,0.4931,96,4,8,いいえ,日本海女中 / ワロンマイナー輩先 / 摩陀羅　潮真 / 製鉄所★澤先輩 / TAGOのBOOTH
4,29,em-45d954b40bc4,ジェラする？かめ姫,60,4941,3237,3,multi_hit_attack,0.4003,0.3125,99,1,7,いいえ,青玉の供犠ぴよ子 / ワロンマイナー輩先 / 試作型おこしん / ジェラする？かめ姫 / アグスティンさん
4,30,em-db2c3576c544,すわ子☆神,15,1100,1400,3,multi_hit_attack,0.3982,0.4931,100,0,8,いいえ,有砂小町 / ワロンマイナー輩先 / 摩陀羅　潮真 / すわ子☆神 / ハリウッドナナコ師匠
4,31,em-d5ea84224259,ﾌﾗﾝﾀﾞｰｽのわんわんお,38,5538,3190,3,guard,0.3977,0.4583,98,2,8,いいえ,日本海女中 / ワロンマイナー輩先 / 試作型おこしん / ﾌﾗﾝﾀﾞｰｽのわんわんお / 白い悪魔の小町さん
4,32,em-fca49f3752f8,電波姫☆いまりちゃん,38,3919,4260,3,delay,0.3956,0.4583,98,2,8,いいえ,日本海女中 / ワロンマイナー輩先 / 摩陀羅　潮真 / 電波姫☆いまりちゃん / ハリウッドナナコ師匠
4,33,em-4533a7697d48,謀反人ミッツ,60,6645,4430,3,damage_reduction,0.3936,0.4375,99,1,7,いいえ,青玉の供犠ぴよ子 / ワロンマイナー輩先 / 試作型おこしん / 謀反人ミッツ / アグスティンさん
4,34,em-bc840d35c547,ジ・あるじや,20,4025,1610,4,skill_reduction,0.3934,0.4931,99,1,8,いいえ,日本海女中 / ワロンマイナー輩先 / 摩陀羅　潮真 / ジ・あるじや / 白い悪魔の小町さん
4,35,em-904dc3a6cb19,ɚすぃとLulu？,24,4260,2726,3,guard,0.3934,0.4861,99,1,8,いいえ,タキシラ師匠 / 試作型おこしん / 田島の春 / ɚすぃとLulu？ / TAGOのBOOTH
4,36,em-2f9e3ad50fc8,やまなしーヌの心,25,2415,2576,3,skill_reduction,0.3932,0.4931,97,3,8,いいえ,日本海女中 / ワロンマイナー輩先 / 摩陀羅　潮真 / やまなしーヌの心 / TAGOのBOOTH
4,37,em-c3c3a8e92b71,仮面のいはと先生,25,2095,3063,3,delay,0.3876,0.4861,97,3,8,いいえ,日本海女中 / ワロンマイナー輩先 / 摩陀羅　潮真 / 仮面のいはと先生 / TAGOのBOOTH
4,38,em-68afa2dec462,みどりのたけしマン,23,2592,2432,3,damage_reduction,0.3867,0.4931,97,3,8,いいえ,日本海女中 / 超患部ぴよフェッサー / 摩陀羅　潮真 / みどりのたけしマン / TAGOのBOOTH
4,39,em-99460641a41d,奇岩妖精ペリバじゃん,40,6816,852,3,attack_buff,0.3862,0.4514,100,0,7,いいえ,日本海女中 / ワロンマイナー輩先 / 摩陀羅　潮真 / 奇岩妖精ペリバじゃん / ハリウッドナナコ師匠
4,40,em-42e9353377ee,吉野スライム♂,40,5078,2078,3,skill_reduction,0.3854,0.4514,100,0,8,いいえ,日本海女中 / ワロンマイナー輩先 / 摩陀羅　潮真 / 吉野スライム♂ / ハリウッドナナコ師匠
4,41,em-a04fcf6167db,いはと先生,17,2093,3059,3,delay,0.3851,0.4861,96,4,8,いいえ,日本海女中 / ワロンマイナー輩先 / 摩陀羅　潮真 / いはと先生 / 白い悪魔の小町さん
4,42,em-33880cee5e60,三貴子ツクヨミ,75,10735,4686,3,damage_reduction,0.3836,0.3819,100,0,4,いいえ,星の白金ぴよ子 / かつお☆カーニバル / のり男師匠 / 三貴子ツクヨミ / しょーかくん
4,43,em-bd35a359234a,ジョーカーくん,18,805,3935,3,skill_reduction,0.3804,0.5,97,3,8,いいえ,日本海女中 / ワロンマイナー輩先 / 摩陀羅　潮真 / ジョーカーくん / 白い悪魔の小町さん
4,44,em-bbda291d459c,漆黒及び純白のポワン,20,1704,2896,3,guard,0.3783,0.5278,100,0,8,いいえ,日本海女中 / すわ子isGOD！ / 摩陀羅　潮真 / 漆黒及び純白のポワン / シミ
4,45,em-81078d011501,年齢不詳！エンゼル様,22,2215,3237,3,heal,0.3776,0.5278,99,1,8,いいえ,日本海女中 / 夏至祭のヴァサクサ君 / 摩陀羅　潮真 / 年齢不詳！エンゼル様 / TAGOのBOOTH
4,46,em-52de8bb54262,ボビンちゃん,33,3748,4771,3,damage_reduction,0.377,0.4792,93,7,8,いいえ,日本海女中 / ワロンマイナー輩先 / 試作型おこしん / ボビンちゃん / 白い悪魔の小町さん
4,47,em-5284c689c7b6,ジャウー大先生,15,805,3220,4,skill_reduction,0.3765,0.5,94,6,8,いいえ,日本海女中 / ワロンマイナー輩先 / 摩陀羅　潮真 / ジャウー大先生 / 白い悪魔の小町さん
4,48,em-f7f78d464e92,ウミウサーヌ,60,3408,4601,3,guard,0.3759,0.4931,99,1,7,いいえ,青玉の供犠ぴよ子 / ワロンマイナー輩先 / 試作型おこしん / ウミウサーヌ / アグスティンさん
4,49,em-a66d3edc0ac1,水戸Come On!,38,3493,3237,4,delay,0.3758,0.4514,98,2,8,いいえ,日本海女中 / ワロンマイナー輩先 / 摩陀羅　潮真 / 水戸Come On! / ハリウッドナナコ師匠
4,50,em-a8e1bfbd68cd,秋のタツタちゃん,80,10224,4771,4,multi_hit_attack,0.3738,0.2917,100,0,4,いいえ,戸隠ちび丸 / 総統エビユルゲ / 覚醒ニート / 秋のタツタちゃん / 関くん
4,51,em-7930454375ec,パラワン探検隊,18,3219,3333,4,aoe_attack,0.3732,0.5417,97,3,8,いいえ,日本海女中 / ワロンマイナー輩先 / 摩陀羅　潮真 / パラワン探検隊 / 白い悪魔の小町さん
4,52,em-80894fcaa10c,とんこつ神！博多美子,40,4089,5350,3,attack_buff,0.372,0.4653,100,0,8,いいえ,日本海女中 / ワロンマイナー輩先 / 摩陀羅　潮真 / とんこつ神！博多美子 / ハリウッドナナコ師匠
4,53,em-29a5da4c1e2f,有棘画工,20,4025,805,3,multi_hit_attack,0.3697,0.4375,93,7,8,いいえ,日本海女中 / ワロンマイナー輩先 / 大晦日のネギそば給仕少女 / 有棘画工 / ハリウッドナナコ師匠
4,54,em-40bd3b1e44fa,五月病の悪魔の契約,55,4123,4226,4,aoe_attack,0.3634,0.3264,98,2,5,いいえ,日本海女中 / ワロンマイナー輩先 / 欣喜ぴよ子 / 五月病の悪魔の契約 / ハリウッドナナコ師匠
4,55,em-05de078a2e7c,幼妻！エンゼルちゃん,22,1993,2913,3,heal,0.3623,0.5139,99,1,8,いいえ,日本海女中 / 夏至祭のヴァサクサ君 / 摩陀羅　潮真 / 幼妻！エンゼルちゃん / TAGOのBOOTH
4,56,em-845e49247e45,ウサポワン海人,20,1533,2607,3,guard,0.3623,0.5139,100,0,8,いいえ,日本海女中 / すわ子isGOD！ / 摩陀羅　潮真 / ウサポワン海人 / シミ
4,57,em-9ca244c83a38,ʤouカー＆ʧouカー,16,1510,2124,4,delay,0.3589,0.4861,95,5,8,いいえ,日本海女中 / ワロンマイナー輩先 / 摩陀羅　潮真 / ʤouカー＆ʧouカー / 白い悪魔の小町さん
4,58,em-5f311c45014a,パーントゥ大先生,37,2409,4819,3,attack_buff,0.3589,0.4583,99,1,7,いいえ,ハリウッドナナコ師匠 / ワロンマイナー輩先 / 摩陀羅　潮真 / パーントゥ大先生 / TAGOのBOOTH
4,59,em-59a8f156dec4,クロアリ,60,4089,4089,3,multi_hit_attack,0.3584,0.2778,98,2,7,いいえ,速いぞサラマンダー！ / ワロンマイナー輩先 / 試作型おこしん / クロアリ / ハリウッドナナコ師匠
4,60,em-e931902358ae,弘法大師Ｑ改,15,1359,1963,3,skill_reduction,0.3581,0.4931,94,6,8,いいえ,日本海女中 / ワロンマイナー輩先 / 摩陀羅　潮真 / 弘法大師Ｑ改 / 白い悪魔の小町さん
4,61,em-301c11f4a1d7,ウサポワンちゃん,20,1363,2317,3,guard,0.3574,0.5139,100,0,8,いいえ,日本海女中 / すわ子isGOD！ / 摩陀羅　潮真 / ウサポワンちゃん / シミ
4,62,em-1cd0c7153e75,みさき先輩,18,1400,1600,4,multi_hit_attack,0.3573,0.4375,100,0,8,いいえ,ダリア・宮子・9 / えかちぇたん / 欣喜ぴよ子 / みさき先輩 / ハリウッドナナコ師匠
4,63,em-2a6ad62952da,スホクラント先生,15,1841,904,3,damage_reduction,0.357,0.4931,90,10,8,いいえ,タキシラ師匠 / えかちぇたん / 摩陀羅　潮真 / スホクラント先生 / TAGOのBOOTH
4,64,em-96a3648b46e2,チョコ染めの安井さん,32,3646,4089,3,guard,0.3567,0.4514,100,0,8,いいえ,日本海女中 / ワロンマイナー輩先 / 試作型おこしん / チョコ染めの安井さん / 御嶽さん
4,65,em-e5027c0cc6fa,みかんの姐御,17,2265,1510,3,aoe_attack,0.3562,0.5556,96,4,9,いいえ,日本海女中 / ワロンマイナー輩先 / 摩陀羅　潮真 / みかんの姐御 / 白い悪魔の小町さん
4,66,em-fd111e204918,アルビールパイセン,19,467,2608,3,delay,0.3554,0.4931,98,2,8,いいえ,日本海女中 / ワロンマイナー輩先 / 摩陀羅　潮真 / アルビールパイセン / 白い悪魔の小町さん
4,67,em-cfe553ea56a6,あまのちゃんパイセン,22,3220,805,3,multi_hit_attack,0.3554,0.4583,95,5,8,いいえ,日本海女中 / ワロンマイナー輩先 / 大晦日のネギそば給仕少女 / あまのちゃんパイセン / ハリウッドナナコ師匠
4,68,em-94dc3d86f691,碧海のオフタルもん,75,10054,3919,4,multi_hit_attack,0.3547,0.2361,100,0,4,いいえ,ハリウッドナナコ師匠 / 伝説のビスカやん！ / のり男師匠 / 碧海のオフタルもん / あろまちゃん
4,69,em-c88f65fb7899,グラディ瑛太,16,4653,423,3,delay,0.3518,0.4861,95,5,8,いいえ,日本海女中 / ワロンマイナー輩先 / 摩陀羅　潮真 / グラディ瑛太 / 白い悪魔の小町さん
4,70,em-558066e14c81,ダブル・ブロッコリー,33,2595,2436,3,damage_reduction,0.3516,0.4514,93,7,8,いいえ,日本海女中 / ワロンマイナー輩先 / 試作型おこしん / ダブル・ブロッコリー / 白い悪魔の小町さん
4,71,em-83c97b8f4e6e,アルルのキャミー,40,4001,6236,4,heal,0.3511,0.5069,100,0,8,いいえ,日本海女中 / ワロンマイナー輩先 / 摩陀羅　潮真 / アルルのキャミー / ハリウッドナナコ師匠
4,72,em-ae6ea6bc1914,ズースくん,3,500,400,4,attack_buff,0.3479,0.5417,100,0,8,いいえ,有砂小町 / ワロンマイナー輩先 / 摩陀羅　潮真 / ズースくん / TAGOのBOOTH
4,73,em-c87499b64151,ラパヌイ先生,45,6441,3067,4,guard,0.3477,0.375,98,2,7,いいえ,日本海女中 / ワロンマイナー輩先 / 試作型おこしん / ラパヌイ先生 / TAGOのBOOTH
4,74,em-da18dad9d936,もけーれ！ムベちゃん,53,2896,6475,4,multi_hit_attack,0.3471,0.2847,100,0,6,いいえ,日本海女中 / ワロンマイナー輩先 / 欣喜ぴよ子 / もけーれ！ムベちゃん / 実はこんにゃくちゃん
4,75,em-fcf6ec919e80,ｱﾙﾊﾟ力のお兄(父)さん,10,763,2205,3,heal,0.3461,0.5278,98,2,8,いいえ,ハリウッドナナコ師匠 / モチノ・ウオ丸 / 摩陀羅　潮真 / ｱﾙﾊﾟ力のお兄(父)さん / 白い悪魔の小町さん
4,76,em-942c8f8de44d,エンゼルちゃん,22,1772,2590,3,heal,0.3459,0.5,96,4,8,いいえ,ハリウッドナナコ師匠 / えかちぇたん / 摩陀羅　潮真 / エンゼルちゃん / TAGOのBOOTH
4,77,em-f35caa7e177a,モンポスさん,40,5112,2556,4,damage_reduction,0.3449,0.4514,99,1,7,いいえ,日本海女中 / 欣喜ぴよ子 / 摩陀羅　潮真 / モンポスさん / おたべ妖精
4,78,em-dce9e83b7c07,長靴履いたなろう猫,42,3786,2726,3,attribute_change,0.3447,0.4861,95,5,8,いいえ,日本海女中 / ワロンマイナー輩先 / 試作型おこしん / 長靴履いたなろう猫 / TAGOのBOOTH
4,79,em-f5c067498bab,深窓のやまなしーヌ,17,1661,1812,3,skill_reduction,0.3441,0.4722,96,4,8,いいえ,日本海女中 / ワロンマイナー輩先 / 摩陀羅　潮真 / 深窓のやまなしーヌ / 白い悪魔の小町さん
4,80,em-ab9b2ce76191,B・O・B,37,4935,3244,3,delay,0.3411,0.3611,97,3,8,いいえ,日本海女中 / ワロンマイナー輩先 / 試作型おこしん / B・O・B / 白い悪魔の小町さん
4,81,em-9e9fc5ee5a9c,深淵のエルフ,18,2537,3059,4,attack_buff,0.3409,0.5,97,3,8,いいえ,日本海女中 / ワロンマイナー輩先 / 摩陀羅　潮真 / 深淵のエルフ / 白い悪魔の小町さん
4,82,em-64fa899f397f,ダル飯☆杏,44,5896,3340,4,guard,0.3398,0.4097,97,3,7,いいえ,日本海女中 / ワロンマイナー輩先 / 試作型おこしん / ダル飯☆杏 / TAGOのBOOTH
4,83,em-272a71a9c15d,キラカードなエッシュ,12,1812,1510,3,skill_reduction,0.3387,0.4653,99,1,8,いいえ,日本海女中 / ワロンマイナー輩先 / 摩陀羅　潮真 / キラカードなエッシュ / 御嶽さん
4,84,em-d295de1e4086,海の日シスターズ♪,40,3823,4657,4,attack_buff,0.3384,0.4653,100,0,8,いいえ,日本海女中 / ワロンマイナー輩先 / 摩陀羅　潮真 / 海の日シスターズ♪ / ハリウッドナナコ師匠
4,85,em-9cbbb04818bd,シミ,20,1704,2215,4,heal,0.3378,0.5069,100,0,8,いいえ,ハリウッドナナコ師匠 / えかちぇたん / 摩陀羅　潮真 / シミ / リチャード・リターンズ
4,86,em-40c34074cbb0,おかいこさま,17,2756,2511,4,attribute_change,0.3364,0.5069,96,4,8,いいえ,日本海女中 / ワロンマイナー輩先 / 摩陀羅　潮真 / おかいこさま / 白い悪魔の小町さん
4,87,em-fea44f2a7dd8,だが男だ彦にゃん,15,2793,1132,3,skill_reduction,0.3364,0.4792,94,6,7,いいえ,日本海女中 / ワロンマイナー輩先 / 摩陀羅　潮真 / だが男だ彦にゃん / 白い悪魔の小町さん
4,88,em-b50530766df4,夏の妖精白良さん,19,1699,1699,4,attack_buff,0.336,0.5,98,2,8,いいえ,日本海女中 / ワロンマイナー輩先 / 摩陀羅　潮真 / 夏の妖精白良さん / 白い悪魔の小町さん
4,89,em-ec978322ece8,タイプ：テン,20,3864,966,4,guard,0.3354,0.4861,91,9,8,いいえ,日本海女中 / アレス暮らし / 摩陀羅　潮真 / タイプ：テン / ハリウッドナナコ師匠
4,90,em-9d861b51bd30,波乗りキング,18,776,2582,3,attack_buff,0.3353,0.4931,97,3,8,いいえ,日本海女中 / ワロンマイナー輩先 / 摩陀羅　潮真 / 波乗りキング / 白い悪魔の小町さん
4,91,em-0e768525b557,ヘラクレス先輩,70,5885,6230,4,multi_hit_attack,0.3334,0.2083,99,1,6,いいえ,うわマジカ / 警告！クジラの尊 / 試作型おこしん / ヘラクレス先輩 / シーラちゃん
4,92,em-ba3e87e06882,ぴよ子ファーザー,20,357,3577,4,attack_buff,0.3301,0.5069,99,1,8,いいえ,日本海女中 / ワロンマイナー輩先 / 摩陀羅　潮真 / ぴよ子ファーザー / 白い悪魔の小町さん
4,93,em-4d4bf14cc827,いはと先輩,15,1000,1400,3,delay,0.3299,0.4861,94,6,7,いいえ,日本海女中 / ワロンマイナー輩先 / 摩陀羅　潮真 / いはと先輩 / 白い悪魔の小町さん
4,94,em-83b1d87342f9,コン美なん吉先生,20,882,3381,4,revive,0.3287,0.5764,97,3,8,いいえ,日本海女中 / 夏至祭のヴァサクサ君 / 摩陀羅　潮真 / コン美なん吉先生 / TAGOのBOOTH
4,95,em-05476daa6b31,だんじり鉄砲隊,26,805,3599,4,attack_buff,0.3287,0.5139,98,2,8,いいえ,日本海女中 / ワロンマイナー輩先 / 摩陀羅　潮真 / だんじり鉄砲隊 / TAGOのBOOTH
4,96,em-7e35b72ac7e4,琵琶子ｲﾘｭｰｼﾞｮﾝ！,13,1809,1190,3,damage_reduction,0.3283,0.4653,99,1,8,いいえ,有砂小町 / ワロンマイナー輩先 / トマティーナ少佐 / 琵琶子ｲﾘｭｰｼﾞｮﾝ！ / TAGOのBOOTH
4,97,em-94f677409ee2,月甲のルナタスピス,75,10224,4543,3,guard,0.3276,0.3125,99,1,4,いいえ,フィッシャーマン / 伝説のビスカやん！ / 覚醒ニート / 月甲のルナタスピス / ハリウッドナナコ師匠
4,98,em-3776e81d3ee0,ヒポポタリーナ,23,3237,2862,3,multi_hit_attack,0.3269,0.4792,96,4,8,いいえ,日本海女中 / ワロンマイナー輩先 / 大晦日のネギそば給仕少女 / ヒポポタリーナ / ハリウッドナナコ師匠
4,99,em-618de9bba906,関大先生,9,1201,1201,3,guard,0.3265,0.4931,83,17,8,いいえ,こうせえっつう女中 / ワロンマイナー輩先 / 摩陀羅　潮真 / 関大先生 / TAGOのBOOTH
4,100,em-f346c1f4c45d,八狗神伏姫様,35,5538,2130,4,guard,0.3265,0.3889,95,5,8,いいえ,日本海女中 / ワロンマイナー輩先 / 試作型おこしん / 八狗神伏姫様 / 白い悪魔の小町さん
4,101,em-124d2df2b85e,ディオクレ君,23,2416,1449,4,skill_reduction,0.3262,0.4653,95,5,8,いいえ,日本海女中 / ワロンマイナー輩先 / 摩陀羅　潮真 / ディオクレ君 / TAGOのBOOTH
4,102,em-75c1af17d152,浴衣美人な日女路嬢,38,5623,3748,3,heal,0.3248,0.5069,98,2,8,いいえ,日本海女中 / ワロンマイナー輩先 / 摩陀羅　潮真 / 浴衣美人な日女路嬢 / ハリウッドナナコ師匠
4,103,em-5f9efdc805e5,呼んでますトムさん,15,1269,1269,3,attribute_guard,0.3241,0.4167,90,10,8,いいえ,タキシラ師匠 / えかちぇたん / 摩陀羅　潮真 / 呼んでますトムさん / TAGOのBOOTH
4,104,em-8cafabee26c4,ホルトバージ君,22,5285,830,4,attack_buff,0.3238,0.4375,97,3,7,いいえ,ハリウッドナナコ師匠 / ワロンマイナー輩先 / 大晦日のネギそば給仕少女 / ホルトバージ君 / TAGOのBOOTH
4,105,em-ad82a61bcc2a,ｺﾄﾖﾛ!巳ーちゃん様,55,6901,3451,4,damage_reduction,0.3237,0.3681,99,1,5,いいえ,青玉の供犠ぴよ子 / ワロンマイナー輩先 / 試作型おこしん / ｺﾄﾖﾛ!巳ーちゃん様 / TAGOのBOOTH
4,106,em-8527b3dd869a,帰って来たいぬやマン,21,1661,1661,4,attack_buff,0.3236,0.5,100,0,8,いいえ,日本海女中 / ワロンマイナー輩先 / 摩陀羅　潮真 / 帰って来たいぬやマン / 白い悪魔の小町さん
4,107,em-71504e292ebf,キャミー・the.女,13,1208,2567,3,heal,0.323,0.4861,94,6,8,いいえ,ハリウッドナナコ師匠 / えかちぇたん / 摩陀羅　潮真 / キャミー・the.女 / 白い悪魔の小町さん
4,108,em-59ac9769ef60,神犬八房伏姫様,24,4093,1223,4,guard,0.3221,0.4375,97,3,8,いいえ,日本海女中 / 超患部ぴよフェッサー / 摩陀羅　潮真 / 神犬八房伏姫様 / 眠里　不可緒
4,109,em-309e9bdb12e4,萌やし戦士,14,773,2573,4,attack_buff,0.322,0.5,93,7,8,いいえ,日本海女中 / ワロンマイナー輩先 / 摩陀羅　潮真 / 萌やし戦士 / 白い悪魔の小町さん
4,110,em-6c2ea8631e0d,深海美少年モヅルン,37,5964,2385,3,attribute_guard,0.3218,0.4444,97,3,8,いいえ,日本海女中 / ワロンマイナー輩先 / 試作型おこしん / 深海美少年モヅルン / 白い悪魔の小町さん
4,111,em-357427c8f331,反魂タン昼食TIME,27,3067,5623,4,attack_buff,0.3215,0.5069,99,1,8,いいえ,日本海女中 / ワロンマイナー輩先 / 摩陀羅　潮真 / 反魂タン昼食TIME / TAGOのBOOTH
4,112,em-ffdcaffc4a41,雑煮入り☆うるっしー,36,3443,3443,4,guard,0.3214,0.4236,96,4,8,いいえ,日本海女中 / ワロンマイナー輩先 / 試作型おこしん / 雑煮入り☆うるっしー / 白い悪魔の小町さん
4,113,em-5d34df1253d1,氷点下のレーカさん,40,2044,2556,3,revive,0.3205,0.5625,100,0,8,いいえ,日本海女中 / ワロンマイナー輩先 / 摩陀羅　潮真 / 氷点下のレーカさん / ハリウッドナナコ師匠
4,114,em-d7e6501e0b63,ダークるる,60,4771,4771,3,damage_reduction,0.3204,0.3472,100,0,7,いいえ,ハリウッドナナコ師匠 / 伝説のビスカやん！ / トキシッくんｵｯｽｵｯｽ / ダークるる / TAGOのBOOTH
4,115,em-9bad632dc3a9,秋田世界発見伝,24,3838,845,4,guard,0.3199,0.4653,97,3,8,いいえ,日本海女中 / 超患部ぴよフェッサー / 摩陀羅　潮真 / 秋田世界発見伝 / 眠里　不可緒
4,116,em-28a4ccf4cbfc,ステンバーイちび蔵,24,596,3748,4,revive,0.3198,0.5347,98,2,8,いいえ,ハリウッドナナコ師匠 / えかちぇたん / 摩陀羅　潮真 / ステンバーイちび蔵 / TAGOのBOOTH
4,117,em-b17b3174de7d,ネギtheフィクサー,45,2405,5135,3,damage_reduction,0.3186,0.4028,100,0,7,いいえ,日本海女中 / ワロンマイナー輩先 / 欣喜ぴよ子 / ネギtheフィクサー / TAGOのBOOTH
4,118,em-25fed9fde1ce,かっさーWoo！,16,1131,2403,4,attack_buff,0.3182,0.5069,95,5,8,いいえ,日本海女中 / ワロンマイナー輩先 / 摩陀羅　潮真 / かっさーWoo！ / 白い悪魔の小町さん
4,119,em-d368809aa822,ﾜﾙﾌﾟﾙｷﾞｽなメル子様,39,6560,3152,3,attribute_guard,0.3182,0.4167,99,1,7,いいえ,日本海女中 / ワロンマイナー輩先 / 試作型おこしん / ﾜﾙﾌﾟﾙｷﾞｽなメル子様 / 白い悪魔の小町さん
4,120,em-354b4786550a,魔滅！鷹山先生,27,1283,1283,4,delay,0.318,0.4583,99,1,8,いいえ,日本海女中 / ワロンマイナー輩先 / 摩陀羅　潮真 / 魔滅！鷹山先生 / TAGOのBOOTH
4,121,em-874769710492,さふらんらん,8,1734,888,3,skill_reduction,0.3177,0.4583,100,0,8,いいえ,ダリア・宮子・9 / えかちぇたん / 試作型おこしん / さふらんらん / TAGOのBOOTH
4,122,em-999d33621829,おたべ妖精,7,1272,1131,4,delay,0.3163,0.4444,99,1,8,いいえ,ダリア・宮子・9 / えかちぇたん / 試作型おこしん / おたべ妖精 / TAGOのBOOTH
4,123,em-916052b33162,リンゴルモア大王,7,1269,1128,3,delay,0.3161,0.4444,99,1,8,いいえ,ダリア・宮子・9 / えかちぇたん / 試作型おこしん / リンゴルモア大王 / TAGOのBOOTH
4,124,em-46432847d531,ＢＥＷ雪玉,8,2538,705,3,attack_buff,0.3137,0.5069,100,0,8,いいえ,有砂小町 / ワロンマイナー輩先 / 摩陀羅　潮真 / ＢＥＷ雪玉 / アグスティンさん
4,125,em-9eb7fd81d237,ユウ・レーカさん,20,2044,2556,4,revive,0.3133,0.5417,100,0,8,いいえ,ハリウッドナナコ師匠 / えかちぇたん / 摩陀羅　潮真 / ユウ・レーカさん / リチャード・リターンズ
4,126,em-d111f497df0f,湘南大水曜日ボーイ,40,2044,5623,4,attack_buff,0.3107,0.4444,100,0,7,いいえ,日本海女中 / ワロンマイナー輩先 / 摩陀羅　潮真 / 湘南大水曜日ボーイ / ハリウッドナナコ師匠
4,127,em-f3861e35df6f,暗黒王まはーかーらん,47,3731,3926,4,delay,0.3099,0.3333,100,0,7,いいえ,日本海女中 / ワロンマイナー輩先 / 試作型おこしん / 暗黒王まはーかーらん / TAGOのBOOTH
4,128,em-74b9082a787c,暫時バル状態,19,2938,838,4,damage_reduction,0.3096,0.4306,100,0,8,いいえ,ダリア・宮子・9 / 夏至祭のヴァサクサ君 / トマティーナ少佐 / 暫時バル状態 / ハリウッドナナコ師匠
4,129,em-28f044d525d7,スーリヤ様が見てる,7,489,1446,3,skill_reduction,0.3071,0.4444,99,1,8,いいえ,ダリア・宮子・9 / えかちぇたん / 試作型おこしん / スーリヤ様が見てる / TAGOのBOOTH
4,130,em-f49b19428b58,ちび丸のハロウィン,17,255,2896,4,revive,0.307,0.5139,98,2,8,いいえ,ハリウッドナナコ師匠 / えかちぇたん / 摩陀羅　潮真 / ちび丸のハロウィン / 白い悪魔の小町さん
4,131,em-48b5d909c409,南紀な白良さん,15,800,800,4,attack_buff,0.3068,0.4931,94,6,8,いいえ,日本海女中 / ワロンマイナー輩先 / 摩陀羅　潮真 / 南紀な白良さん / 白い悪魔の小町さん
4,132,em-a0762b5d76ab,シーラちゃん,5,600,550,4,attack_buff,0.3059,0.4722,100,0,8,いいえ,ダリア・宮子・9 / 伝説のビスカやん！ / 摩陀羅　潮真 / シーラちゃん / TAGOのBOOTH
4,133,em-c3ea022d7d2f,にゅーさん,12,500,1900,3,guard,0.3056,0.4444,95,5,8,いいえ,日本海女中 / 夏至祭のヴァサクサ君 / 摩陀羅　潮真 / にゅーさん / リチャード・リターンズ
4,134,em-d6ea073b633e,鬼八先生,60,8861,2556,3,delay,0.3051,0.2361,100,0,7,いいえ,ハリウッドナナコ師匠 / ワロンマイナー輩先 / 欣喜ぴよ子 / 鬼八先生 / アグスティンさん
4,135,em-1eb8ca42b88a,日南のモア蔵,14,3534,424,3,guard,0.3047,0.4097,89,11,8,いいえ,タキシラ師匠 / えかちぇたん / 摩陀羅　潮真 / 日南のモア蔵 / TAGOのBOOTH
4,136,em-306ef0a3ce60,大納言鮒麿,14,1812,1548,4,heal,0.3046,0.4792,95,5,8,いいえ,ハリウッドナナコ師匠 / えかちぇたん / 摩陀羅　潮真 / 大納言鮒麿 / 白い悪魔の小町さん
4,137,em-5c4a86842734,芹沢殿,10,703,698,3,guard,0.304,0.4792,93,7,8,いいえ,日本海女中 / 夏至祭のヴァサクサ君 / 摩陀羅　潮真 / 芹沢殿 / リチャード・リターンズ
4,138,em-8561e29b5d2e,まんまんちゃん,12,1524,1682,3,attack_buff,0.3022,0.4861,99,1,8,いいえ,日本海女中 / ワロンマイナー輩先 / 摩陀羅　潮真 / まんまんちゃん / 御嶽さん
4,139,em-bbff6b354f45,くうかいさん,12,700,1100,4,skill_reduction,0.3019,0.4653,99,1,8,いいえ,日本海女中 / ワロンマイナー輩先 / 摩陀羅　潮真 / くうかいさん / 御嶽さん
4,140,em-54ee851ff3fb,zuス様とsiラ様,10,1410,987,4,attack_buff,0.3008,0.4306,88,12,8,いいえ,青玉の供犠ぴよ子 / えかちぇたん / 摩陀羅　潮真 / zuス様とsiラ様 / シミ
4,141,em-b09ebd864da6,みずがめəろまちゃん,14,1057,1198,4,revive,0.2981,0.5208,95,5,8,いいえ,ハリウッドナナコ師匠 / えかちぇたん / 摩陀羅　潮真 / みずがめəろまちゃん / 白い悪魔の小町さん
4,142,em-bd98030ead3e,首領子襲来!!,33,5680,3786,4,heal,0.2977,0.4167,96,4,8,いいえ,青玉の供犠ぴよ子 / えかちぇたん / 摩陀羅　潮真 / 首領子襲来!! / ハリウッドナナコ師匠
4,143,em-1acdee18dc58,生きろ！モア蔵,7,1540,240,3,guard,0.2963,0.4792,94,6,8,いいえ,ハリウッドナナコ師匠 / モチノ・ウオ丸 / 摩陀羅　潮真 / 生きろ！モア蔵 / リチャード・リターンズ
4,144,em-b041a6f6cf00,テヅルモヅルン,37,5367,2147,3,attribute_guard,0.2963,0.4167,97,3,8,いいえ,日本海女中 / ワロンマイナー輩先 / 試作型おこしん / テヅルモヅルン / 白い悪魔の小町さん
4,145,em-f13588602944,生イカのアーニー,15,3220,1610,4,attack_buff,0.2957,0.4792,94,6,8,いいえ,日本海女中 / ワロンマイナー輩先 / 摩陀羅　潮真 / 生イカのアーニー / 白い悪魔の小町さん
4,146,em-0985c7675d5c,みかん姐さん,13,1100,600,4,aoe_attack,0.2953,0.5208,98,2,8,いいえ,有砂小町 / ワロンマイナー輩先 / 摩陀羅　潮真 / みかん姐さん / ハリウッドナナコ師匠
4,147,em-d5d58dc5e468,子供神・わらしちゃん,7,565,1131,4,delay,0.2949,0.4306,99,1,8,いいえ,ダリア・宮子・9 / えかちぇたん / 試作型おこしん / 子供神・わらしちゃん / TAGOのBOOTH
4,148,em-4afb3d011e67,得琉田浜蔵,12,2696,1992,3,attribute_change,0.2945,0.4792,99,1,8,いいえ,日本海女中 / ワロンマイナー輩先 / 摩陀羅　潮真 / 得琉田浜蔵 / 御嶽さん
4,149,em-05c5072dc080,橘の元祖☆みっちー,75,9798,4515,4,skill_reduction,0.2938,0.1528,93,7,4,いいえ,ハリウッドナナコ師匠 / フィッシャーマン / 覚醒ニート / 橘の元祖☆みっちー / コニーちゃん
4,150,em-57e25e9e3446,にゅーくん,8,400,1700,4,guard,0.2931,0.4583,100,0,8,いいえ,ダリア・宮子・9 / えかちぇたん / 試作型おこしん / にゅーくん / TAGOのBOOTH
4,151,em-a48bcdd76e03,サーファー岡田,15,419,1298,4,attack_buff,0.2924,0.4931,94,6,8,いいえ,日本海女中 / ワロンマイナー輩先 / 摩陀羅　潮真 / サーファー岡田 / 白い悪魔の小町さん
4,152,em-294f61da0084,Ｃ・Ｃ☆電車姫,22,3741,1973,4,attack_buff,0.2918,0.4306,100,0,8,いいえ,青玉の供犠ぴよ子 / えかちぇたん / 摩陀羅　潮真 / Ｃ・Ｃ☆電車姫 / シミ
4,153,em-9b97e564ea43,ユールシスター☆ノエルん,43,5523,4112,3,multi_hit_attack,0.2906,0.3819,100,0,8,いいえ,速いぞサラマンダー！ / ワロンマイナー輩先 / 試作型おこしん / ユールシスター☆ノエルん / 白い悪魔の小町さん
4,154,em-98054d952da8,ニート達の日常。,21,2968,296,3,delay,0.2905,0.4653,100,0,8,いいえ,日本海女中 / ワロンマイナー輩先 / 摩陀羅　潮真 / ニート達の日常。 / 白い悪魔の小町さん
4,155,em-75c067942d62,大内先生,11,1699,1699,4,heal,0.2897,0.4583,95,5,8,いいえ,日本海女中 / 夏至祭のヴァサクサ君 / 摩陀羅　潮真 / 大内先生 / 白い悪魔の小町さん
4,156,em-be212cb2b1d8,いはとさん,12,760,840,3,delay,0.2895,0.4653,99,1,8,いいえ,日本海女中 / ワロンマイナー輩先 / 摩陀羅　潮真 / いはとさん / 御嶽さん
4,157,em-59fa5fa098ba,繭神！おかいこさま,32,5027,1704,3,attribute_change,0.289,0.4306,100,0,8,いいえ,速いぞサラマンダー！ / 夏至祭のヴァサクサ君 / 摩陀羅　潮真 / 繭神！おかいこさま / ネムりん
4,158,em-0dca19ae5992,降臨！天草トッキー,43,4260,5964,4,attack_buff,0.2887,0.3611,100,0,8,いいえ,速いぞサラマンダー！ / ワロンマイナー輩先 / 試作型おこしん / 降臨！天草トッキー / 白い悪魔の小町さん
4,159,em-8e8c7fbfac2a,おたべくん,3,315,287,4,delay,0.2881,0.5069,100,0,8,いいえ,有砂小町 / ワロンマイナー輩先 / 摩陀羅　潮真 / おたべくん / TAGOのBOOTH
4,160,em-7f906b3752a5,華麗なびわ子たん,10,1213,1190,3,damage_reduction,0.2881,0.5,93,7,8,いいえ,日本海女中 / 夏至祭のヴァサクサ君 / 摩陀羅　潮真 / 華麗なびわ子たん / リチャード・リターンズ
4,161,em-419c23e0ec81,新生☆ＢＴ５!!,35,3287,3615,3,damage_reduction,0.2876,0.4444,95,5,7,いいえ,日本海女中 / ワロンマイナー輩先 / 試作型おこしん / 新生☆ＢＴ５!! / 白い悪魔の小町さん
4,162,em-199bdad6398b,なるティス,12,1000,900,3,attack_buff,0.2874,0.4236,94,6,8,いいえ,ダリア・宮子・9 / えかちぇたん / 欣喜ぴよ子 / なるティス / ハリウッドナナコ師匠
4,163,em-d0639c20e6b1,ユーコ☆宇宙,24,4260,2556,4,revive,0.2871,0.4722,99,1,8,いいえ,青玉の供犠ぴよ子 / えかちぇたん / 摩陀羅　潮真 / ユーコ☆宇宙 / TAGOのBOOTH
4,164,em-a71ad4631750,絶許！近所のあん子,9,1131,989,4,heal,0.287,0.4583,97,3,8,いいえ,速いぞサラマンダー！ / えかちぇたん / 摩陀羅　潮真 / 絶許！近所のあん子 / 白い悪魔の小町さん
4,165,em-6cbfcc23cd10,発光大王ほたるーニャ,9,1057,1198,3,attribute_change,0.2866,0.4514,90,10,8,いいえ,タキシラ師匠 / えかちぇたん / 摩陀羅　潮真 / 発光大王ほたるーニャ / リチャード・リターンズ
4,166,em-bc2106c87bcd,?????,15,511,2811,3,damage_reduction,0.2862,0.4028,100,0,8,いいえ,速いぞサラマンダー！ / ワロンマイナー輩先 / サルパちゃん / ????? / 御嶽さん
4,167,em-8d2b5bd68a94,ズースさんとシーラさん,6,800,600,4,attack_buff,0.2855,0.4236,90,10,8,いいえ,速いぞサラマンダー！ / えかちぇたん / 摩陀羅　潮真 / ズースさんとシーラさん / シミ
4,168,em-4e3940289203,スーパー軍師兵衛ズ,60,7838,2385,3,skill_reduction,0.2854,0.2361,99,1,7,いいえ,青玉の供犠ぴよ子 / ワロンマイナー輩先 / 試作型おこしん / スーパー軍師兵衛ズ / アグスティンさん
4,169,em-ef6acbb9fe3a,ﾌｫﾆｰ・ぴよ・ｶﾞｰﾙｽﾞY,25,3703,1771,4,attribute_change,0.2848,0.4931,97,3,8,いいえ,日本海女中 / ワロンマイナー輩先 / 摩陀羅　潮真 / ﾌｫﾆｰ・ぴよ・ｶﾞｰﾙｽﾞY / TAGOのBOOTH
4,170,em-2f6ae2b54633,フクちゃん,3,300,400,4,attribute_change,0.2842,0.5278,100,0,8,いいえ,有砂小町 / ワロンマイナー輩先 / 摩陀羅　潮真 / フクちゃん / TAGOのBOOTH
4,171,em-4efe36123302,輝け☆椛マン！,35,4260,3408,3,heal,0.2842,0.3958,98,2,8,いいえ,青玉の供犠ぴよ子 / えかちぇたん / 摩陀羅　潮真 / 輝け☆椛マン！ / ハリウッドナナコ師匠
4,172,em-1374a3351d4c,忍！fuま＆voたん,17,1510,1510,3,guard,0.2841,0.3958,100,0,8,いいえ,ダリア・宮子・9 / トリニダの怪人 / トマティーナ少佐 / 忍！fuま＆voたん / アグスティンさん
4,173,em-4586795c80d9,スノーガイ,7,1500,300,4,attack_buff,0.2839,0.5069,99,1,8,いいえ,有砂小町 / ワロンマイナー輩先 / 摩陀羅　潮真 / スノーガイ / アグスティンさん
4,174,em-fd2a055eb394,コニー＆ギャリー,10,500,500,3,damage_reduction,0.2838,0.4722,93,7,8,いいえ,日本海女中 / 夏至祭のヴァサクサ君 / 摩陀羅　潮真 / コニー＆ギャリー / リチャード・リターンズ
4,175,em-82e855b7910f,栗林掬太郎,33,5453,2385,4,heal,0.2833,0.4028,96,4,8,いいえ,青玉の供犠ぴよ子 / えかちぇたん / 摩陀羅　潮真 / 栗林掬太郎 / ハリウッドナナコ師匠
4,176,em-a81a753351d9,戸定梨香,28,3216,3534,4,revive,0.2829,0.4722,100,0,7,いいえ,日本海女中 / えかちぇたん / 摩陀羅　潮真 / 戸定梨香 / ハリウッドナナコ師匠
4,177,em-c6a0a8b51afe,ライオットうお太,41,3152,4175,4,damage_reduction,0.2825,0.3611,99,1,8,いいえ,ハリウッドナナコ師匠 / ワロンマイナー輩先 / トマティーナ少佐 / ライオットうお太 / 白い悪魔の小町さん
4,178,em-11cceded3ad2,創造主・アヌンナキ,70,4260,5964,3,damage_reduction,0.2819,0.2569,97,3,6,いいえ,戸隠ちび丸 / 新・フィッシャーマン / のり男師匠 / 創造主・アヌンナキ / ハリウッドナナコ師匠
4,179,em-3803f94f5ae7,あろまちゃん,3,350,500,4,revive,0.2816,0.5069,85,15,8,いいえ,青玉の供犠ぴよ子 / えかちぇたん / 摩陀羅　潮真 / あろまちゃん / 白い悪魔の小町さん
4,180,em-826b6ae61786,スワン王,9,1229,1173,4,skill_reduction,0.2813,0.3958,90,10,8,いいえ,タキシラ師匠 / えかちぇたん / 摩陀羅　潮真 / スワン王 / リチャード・リターンズ
4,181,em-3bd6544e0bce,窓辺のやまなしーヌ,13,700,800,4,skill_reduction,0.2811,0.4583,100,0,8,いいえ,日本海女中 / ワロンマイナー輩先 / 摩陀羅　潮真 / 窓辺のやまなしーヌ / 御嶽さん
4,182,em-d8af1ee7968e,ザ★女王の世界,42,1936,2006,3,attack_buff,0.2811,0.2986,100,0,8,いいえ,タキシラ師匠 / えかちぇたん / すわ子isGOD！ / ザ★女王の世界 / 実はこんにゃくちゃん
4,183,em-49b522eac464,ジェヴォたんは狼？,43,3006,6022,4,multi_hit_attack,0.2809,0.3889,100,0,8,いいえ,日本海女中 / 欣喜ぴよ子 / 摩陀羅　潮真 / ジェヴォたんは狼？ / ハリウッドナナコ師匠
4,184,em-88028fdebb04,オペラハウス侯爵,24,3154,3177,3,revive,0.2808,0.4583,99,1,8,いいえ,青玉の供犠ぴよ子 / えかちぇたん / 摩陀羅　潮真 / オペラハウス侯爵 / TAGOのBOOTH
4,185,em-0bcb369cdcd9,キタキツネの神様,36,3748,4771,3,attack_buff,0.2801,0.3542,98,2,8,いいえ,日本海女中 / ワロンマイナー輩先 / 欣喜ぴよ子 / キタキツネの神様 / 白い悪魔の小町さん
4,186,em-b827590fe52d,芹沢くん,7,500,500,4,guard,0.2798,0.4861,94,6,8,いいえ,ハリウッドナナコ師匠 / モチノ・ウオ丸 / 摩陀羅　潮真 / 芹沢くん / リチャード・リターンズ
4,187,em-251adb8af3dc,にくぁう餃子権現,30,1365,3638,4,attack_buff,0.279,0.4653,99,1,8,いいえ,ハリウッドナナコ師匠 / ワロンマイナー輩先 / 摩陀羅　潮真 / にくぁう餃子権現 / 白い悪魔の小町さん
4,188,em-0481f6c14fd9,関先輩,7,475,475,4,guard,0.2788,0.4861,94,6,8,いいえ,ハリウッドナナコ師匠 / モチノ・ウオ丸 / 摩陀羅　潮真 / 関先輩 / リチャード・リターンズ
4,189,em-0051409a8e1f,芹沢さん,8,604,597,4,guard,0.2788,0.4792,82,18,8,いいえ,こうせえっつう女中 / ワロンマイナー輩先 / 摩陀羅　潮真 / 芹沢さん / TAGOのBOOTH
4,190,em-a94a52532d71,あまのちゃん先輩,20,1200,500,3,multi_hit_attack,0.2778,0.4167,98,2,8,いいえ,有砂小町 / ワロンマイナー輩先 / 試作型おこしん / あまのちゃん先輩 / TAGOのBOOTH
4,191,em-2c819cc3029c,お稲荷さん,9,808,808,3,attack_buff,0.2774,0.4792,96,4,8,いいえ,日本海女中 / ワロンマイナー輩先 / 摩陀羅　潮真 / お稲荷さん / 御嶽さん
4,192,em-90f39743f105,伝説の牛タソ,19,2269,302,3,guard,0.2764,0.375,100,0,8,いいえ,こうせえっつう女中 / モチノ・ウオ丸 / 超患部ぴよフェッサー / 伝説の牛タソ / TAGOのBOOTH
4,193,em-8b0ee22a5cd7,ドナドナう皮,26,1676,1664,3,guard,0.2763,0.3611,100,0,8,いいえ,有砂小町 / ワロンマイナー輩先 / トマティーナ少佐 / ドナドナう皮 / ハリウッドナナコ師匠
4,194,em-737815742386,タオるんさん先輩,12,800,1000,3,attribute_guard,0.2761,0.4375,95,5,8,いいえ,日本海女中 / 夏至祭のヴァサクサ君 / 摩陀羅　潮真 / タオるんさん先輩 / リチャード・リターンズ
4,195,em-0da991c52dd4,ギャリーくん,5,400,400,3,damage_reduction,0.2758,0.4444,100,0,8,いいえ,有砂小町 / ワロンマイナー輩先 / すわ子isGOD！ / ギャリーくん / 白い悪魔の小町さん
4,196,em-573a74e6170b,God of 魚ぉ！,8,1269,1128,4,heal,0.2754,0.4514,100,0,8,いいえ,日本海女中 / 夏至祭のヴァサクサ君 / 摩陀羅　潮真 / God of 魚ぉ！ / 御嶽さん
4,197,em-06a82dd4f95a,やまとーる海将,18,2567,1208,4,damage_reduction,0.2754,0.3958,99,1,8,いいえ,ダリア・宮子・9 / 夏至祭のヴァサクサ君 / トマティーナ少佐 / やまとーる海将 / ハリウッドナナコ師匠
4,198,em-564e1dfe9c75,コニーちゃん,3,300,300,4,damage_reduction,0.2751,0.4792,100,0,8,いいえ,ダリア・宮子・9 / モチノ・ウオ丸 / すわ子isGOD！ / コニーちゃん / ハリウッドナナコ師匠
4,199,em-73a9cdab3511,リンゴール子爵,3,300,200,4,delay,0.2747,0.5,100,0,8,いいえ,有砂小町 / ワロンマイナー輩先 / 摩陀羅　潮真 / リンゴール子爵 / TAGOのBOOTH
4,200,em-54cb13a72721,不思議の海のモヅルン,60,6475,4941,3,attribute_guard,0.2747,0.3611,99,1,7,いいえ,青玉の供犠ぴよ子 / ワロンマイナー輩先 / 試作型おこしん / 不思議の海のモヅルン / アグスティンさん
4,201,em-fd155a3410b2,鯰坊主と子供たち,45,5793,2130,3,damage_reduction,0.2746,0.3681,98,2,7,いいえ,日本海女中 / ワロンマイナー輩先 / 試作型おこしん / 鯰坊主と子供たち / TAGOのBOOTH
4,202,em-99d6f9e928d6,京子中学２４年生,8,620,612,4,damage_reduction,0.2744,0.5139,82,18,8,いいえ,こうせえっつう女中 / ワロンマイナー輩先 / 摩陀羅　潮真 / 京子中学２４年生 / TAGOのBOOTH
4,203,em-6c1c64d0e4ed,七夕ぴよ子,7,1104,1104,3,revive,0.2742,0.4792,99,1,8,いいえ,日本海女中 / 夏至祭のヴァサクサ君 / 摩陀羅　潮真 / 七夕ぴよ子 / 御嶽さん
4,204,em-0a88e828f44f,あずま京子,7,500,500,4,damage_reduction,0.2738,0.5139,94,6,8,いいえ,ハリウッドナナコ師匠 / モチノ・ウオ丸 / 摩陀羅　潮真 / あずま京子 / リチャード・リターンズ
4,205,em-62efa937d743,素敵なびわ子たん,7,500,480,4,damage_reduction,0.2733,0.5139,94,6,8,いいえ,ハリウッドナナコ師匠 / モチノ・ウオ丸 / 摩陀羅　潮真 / 素敵なびわ子たん / リチャード・リターンズ
4,206,em-bff3cff5162a,トキシッくんｵｯｽｵｯｽ,9,2253,1267,3,revive,0.2733,0.4514,93,7,8,いいえ,日本海女中 / 夏至祭のヴァサクサ君 / 摩陀羅　潮真 / トキシッくんｵｯｽｵｯｽ / 白い悪魔の小町さん
4,207,em-3911cf0df99b,あずま京子という女,14,1687,1687,3,damage_reduction,0.2726,0.4375,89,11,8,いいえ,タキシラ師匠 / えかちぇたん / 摩陀羅　潮真 / あずま京子という女 / TAGOのBOOTH
4,208,em-e6110f879f18,ユーコ隊,24,3408,2044,4,revive,0.2717,0.4653,99,1,8,いいえ,青玉の供犠ぴよ子 / えかちぇたん / 摩陀羅　潮真 / ユーコ隊 / TAGOのBOOTH
4,209,em-bbcd19672515,ＭＲ凜子様,13,1699,1699,4,attack_buff,0.2716,0.4653,100,0,8,いいえ,日本海女中 / ワロンマイナー輩先 / 摩陀羅　潮真 / ＭＲ凜子様 / 御嶽さん
4,210,em-eb8dcb3ecb46,ヨーコ須賀パイセン,45,5964,3237,3,attribute_guard,0.2713,0.375,98,2,7,いいえ,日本海女中 / ワロンマイナー輩先 / 試作型おこしん / ヨーコ須賀パイセン / TAGOのBOOTH
4,211,em-f8e6761b2883,青龍,36,1704,6816,3,attack_buff,0.271,0.4375,98,2,8,いいえ,ハリウッドナナコ師匠 / ワロンマイナー輩先 / 摩陀羅　潮真 / 青龍 / TAGOのBOOTH
4,212,em-12386dff9bd5,サリエリ許さないマン,21,2827,2827,4,revive,0.2705,0.4514,98,2,8,いいえ,日本海女中 / 夏至祭のヴァサクサ君 / 摩陀羅　潮真 / サリエリ許さないマン / TAGOのBOOTH
4,213,em-ba09169b5b3d,あまのちゃん,12,300,200,4,multi_hit_attack,0.2692,0.4861,97,3,8,いいえ,有砂小町 / ワロンマイナー輩先 / 摩陀羅　潮真 / あまのちゃん / ハリウッドナナコ師匠
4,214,em-2697b5e55b56,あろまちゃん+空気,6,650,700,4,revive,0.2688,0.4792,98,2,8,いいえ,日本海女中 / 夏至祭のヴァサクサ君 / 摩陀羅　潮真 / あろまちゃん+空気 / 御嶽さん
4,215,em-484d995e3adb,くノ一！ヴォたん,9,700,700,4,guard,0.2683,0.4583,83,17,8,いいえ,こうせえっつう女中 / ワロンマイナー輩先 / 摩陀羅　潮真 / くノ一！ヴォたん / TAGOのBOOTH
4,216,em-96ed71805a40,白鷺日女路嬢,21,4830,1255,3,heal,0.2683,0.4236,98,2,8,いいえ,日本海女中 / 夏至祭のヴァサクサ君 / 摩陀羅　潮真 / 白鷺日女路嬢 / TAGOのBOOTH
4,217,em-3c1078996c9c,めい子のNEW DAY,25,2760,2862,4,attribute_guard,0.2676,0.4167,92,8,8,いいえ,日本海女中 / 欣喜ぴよ子 / 摩陀羅　潮真 / めい子のNEW DAY / まそお姉ちゃん
4,218,em-34853ed0f0f8,ユーコちゃん,24,2556,1533,4,revive,0.2664,0.4722,98,2,8,いいえ,ハリウッドナナコ師匠 / えかちぇたん / 摩陀羅　潮真 / ユーコちゃん / TAGOのBOOTH
4,219,em-314fadaf0ea9,オシラサマ,28,4260,3322,3,heal,0.2664,0.3681,100,0,7,いいえ,日本海女中 / えかちぇたん / 摩陀羅　潮真 / オシラサマ / ハリウッドナナコ師匠
4,220,em-9999a53f68e1,牛タソ,5,500,50,3,guard,0.2656,0.4375,97,3,8,いいえ,ダリア・宮子・9 / えかちぇたん / 試作型おこしん / 牛タソ / TAGOのBOOTH
4,221,em-70e79fbffe3c,怪人エビユルゲ,3,305,297,4,attribute_change,0.2654,0.5069,100,0,8,いいえ,有砂小町 / ワロンマイナー輩先 / 摩陀羅　潮真 / 怪人エビユルゲ / TAGOのBOOTH
4,222,em-ec52e54bb473,ﾀｰｷｰﾃﾞ-なじとっこ君,10,706,2403,4,attack_buff,0.2648,0.4514,87,13,8,いいえ,ハリウッドナナコ師匠 / えかちぇたん / 摩陀羅　潮真 / ﾀｰｷｰﾃﾞ-なじとっこ君 / シミ
4,223,em-2f5dd4b0a739,大内先輩,9,800,800,4,heal,0.2648,0.4514,97,3,8,いいえ,速いぞサラマンダー！ / えかちぇたん / 摩陀羅　潮真 / 大内先輩 / 白い悪魔の小町さん
4,224,em-0e376d1892df,メネリくん一世,72,6134,3067,4,guard,0.2643,0.2778,96,4,5,いいえ,フィッシャーマン / 伝説のビスカやん！ / 覚醒ニート / メネリくん一世 / ハリウッドナナコ師匠
4,225,em-5558b35b9413,フゥーま＆ヴォたん,14,800,800,3,guard,0.264,0.4028,100,0,8,いいえ,有砂小町 / ワロンマイナー輩先 / トマティーナ少佐 / フゥーま＆ヴォたん / TAGOのBOOTH
4,226,em-144424b04d69,あろまさん,5,450,650,4,revive,0.2635,0.4792,97,3,8,いいえ,日本海女中 / 夏至祭のヴァサクサ君 / 摩陀羅　潮真 / あろまさん / 御嶽さん
4,227,em-f119f767f457,アダム＆エバ,50,5112,4260,4,attack_buff,0.2626,0.3333,100,0,7,いいえ,ハリウッドナナコ師匠 / ワロンマイナー輩先 / ????? / アダム＆エバ / TAGOのBOOTH
4,228,em-e63df2359896,世界遺産な白鷺嬢,15,2100,600,3,heal,0.2625,0.4583,96,4,8,いいえ,ハリウッドナナコ師匠 / えかちぇたん / 摩陀羅　潮真 / 世界遺産な白鷺嬢 / 白い悪魔の小町さん
4,229,em-a16d639a61fc,水軍衆かっさーのん,9,1128,1269,3,attack_buff,0.262,0.4167,87,13,8,いいえ,青玉の供犠ぴよ子 / えかちぇたん / 摩陀羅　潮真 / 水軍衆かっさーのん / シミ
4,230,em-902df874fa74,でらマジカ,6,650,700,3,attribute_guard,0.2607,0.4722,94,6,8,いいえ,タキシラ師匠 / モチノ・ウオ丸 / 摩陀羅　潮真 / でらマジカ / リチャード・リターンズ
4,231,em-950b687b1f04,タオるん先輩,9,700,900,4,attribute_guard,0.2594,0.4444,83,17,8,いいえ,こうせえっつう女中 / ワロンマイナー輩先 / 摩陀羅　潮真 / タオるん先輩 / TAGOのBOOTH
4,232,em-554c0093231a,おあげさん,7,505,495,3,attack_buff,0.259,0.4653,86,14,8,いいえ,日本海女中 / ワロンマイナー輩先 / 摩陀羅　潮真 / おあげさん / 白い悪魔の小町さん
4,233,em-5793db0a4078,リンゴール伯爵,5,700,600,4,delay,0.2589,0.4097,97,3,8,いいえ,ダリア・宮子・9 / えかちぇたん / 試作型おこしん / リンゴール伯爵 / TAGOのBOOTH
4,234,em-a4d82c09dd0f,魂入！とちぎソウル,7,565,1837,4,attack_buff,0.2583,0.4028,85,15,8,いいえ,青玉の供犠ぴよ子 / えかちぇたん / 摩陀羅　潮真 / 魂入！とちぎソウル / シミ
4,235,em-1dbd8ae5b939,国宝！白鷺嬢,12,1200,500,3,heal,0.2578,0.4722,100,0,8,いいえ,ハリウッドナナコ師匠 / モチノ・ウオ丸 / 摩陀羅　潮真 / 国宝！白鷺嬢 / 白い悪魔の小町さん
4,236,em-afce812f791d,めい子のMAY DAY,35,4123,4226,4,attribute_guard,0.2574,0.375,95,5,7,いいえ,日本海女中 / ワロンマイナー輩先 / 試作型おこしん / めい子のMAY DAY / 白い悪魔の小町さん
4,237,em-2a01f5ee5de4,ガラパゴスおぅぼっと,12,1200,600,4,damage_reduction,0.2571,0.4167,100,0,8,いいえ,ダリア・宮子・9 / えかちぇたん / トマティーナ少佐 / ガラパゴスおぅぼっと / ハリウッドナナコ師匠
4,238,em-8646cdffe6eb,ブーナッドさん,12,1700,300,3,heal,0.2555,0.4653,100,0,8,いいえ,ハリウッドナナコ師匠 / モチノ・ウオ丸 / 摩陀羅　潮真 / ブーナッドさん / 白い悪魔の小町さん
4,239,em-48fc0bb31337,踊る☆なまずおじさん,60,5793,2130,3,damage_reduction,0.2552,0.3264,99,1,7,いいえ,青玉の供犠ぴよ子 / ワロンマイナー輩先 / 試作型おこしん / 踊る☆なまずおじさん / アグスティンさん
4,240,em-a66f91385c36,伝説のキャミー,10,700,1100,4,heal,0.253,0.4375,94,6,8,いいえ,日本海女中 / 夏至祭のヴァサクサ君 / 摩陀羅　潮真 / 伝説のキャミー / 白い悪魔の小町さん
4,241,em-32f3aa536bcf,境地！絶海のあん子,7,502,488,4,heal,0.2524,0.4375,99,1,8,いいえ,日本海女中 / 夏至祭のヴァサクサ君 / 摩陀羅　潮真 / 境地！絶海のあん子 / 御嶽さん
4,242,em-ed707603ab87,荒ぶる水島神人,15,1200,600,3,guard,0.2522,0.3819,90,10,8,いいえ,タキシラ師匠 / えかちぇたん / 摩陀羅　潮真 / 荒ぶる水島神人 / TAGOのBOOTH
4,243,em-4bde1481e932,黒電話おぅぼっと,9,1000,400,4,damage_reduction,0.2518,0.4236,95,5,8,いいえ,日本海女中 / アレス暮らし / 摩陀羅　潮真 / 黒電話おぅぼっと / シミ
4,244,em-c8d0b7ef1b10,めい子お姉さま,9,1159,1244,4,attribute_guard,0.2513,0.4306,99,1,8,いいえ,ダリア・宮子・9 / えかちぇたん / すわ子isGOD！ / めい子お姉さま / ハリウッドナナコ師匠
4,245,em-6145c94ca696,ｽﾌﾟﾗ♡な琵琶子たん,13,1213,1190,3,damage_reduction,0.2511,0.4306,99,1,8,いいえ,有砂小町 / ワロンマイナー輩先 / トマティーナ少佐 / ｽﾌﾟﾗ♡な琵琶子たん / TAGOのBOOTH
4,246,em-99ad2fb4f1bc,いはとくん,8,580,640,3,delay,0.251,0.4097,100,0,8,いいえ,ダリア・宮子・9 / えかちぇたん / 試作型おこしん / いはとくん / TAGOのBOOTH
4,247,em-31758a7d7c63,ﾗｰｶﾞﾙﾌﾘｮｩﾄﾙﾑりん,47,5700,2292,3,damage_reduction,0.2508,0.3194,100,0,7,いいえ,日本海女中 / ワロンマイナー輩先 / 試作型おこしん / ﾗｰｶﾞﾙﾌﾘｮｩﾄﾙﾑりん / TAGOのBOOTH
4,248,em-455191024aba,偉いぞさいごー丼,15,2718,1132,3,attribute_guard,0.2505,0.3889,90,10,8,いいえ,タキシラ師匠 / えかちぇたん / 摩陀羅　潮真 / 偉いぞさいごー丼 / TAGOのBOOTH
4,249,em-34ff44ed1803,富士さんは魔女,42,5112,4260,4,revive,0.25,0.3958,97,3,8,いいえ,日本海女中 / ワロンマイナー輩先 / 欣喜ぴよ子 / 富士さんは魔女 / TAGOのBOOTH
4,250,em-7f18b9c64c74,家族贖罪という字面,40,5964,1704,3,damage_reduction,0.2497,0.2986,98,2,8,いいえ,ハリウッドナナコ師匠 / ワロンマイナー輩先 / トマティーナ少佐 / 家族贖罪という字面 / 白い悪魔の小町さん
4,251,em-6f76a23db620,伏姫さま,17,2006,676,4,guard,0.2483,0.375,100,0,8,いいえ,ダリア・宮子・9 / 夏至祭のヴァサクサ君 / すわ子isGOD！ / 伏姫さま / ハリウッドナナコ師匠
4,252,em-471b1ba55d5c,有馬んば,13,1413,1244,4,heal,0.248,0.4514,94,6,8,いいえ,ハリウッドナナコ師匠 / えかちぇたん / 摩陀羅　潮真 / 有馬んば / 白い悪魔の小町さん
4,253,em-0c931777e175,関くん,4,305,307,4,guard,0.2477,0.4306,99,1,8,いいえ,有砂小町 / ワロンマイナー輩先 / すわ子isGOD！ / 関くん / 白い悪魔の小町さん
4,254,em-a5c7dcdde3ff,水島神人発見される,10,900,400,4,guard,0.2475,0.4236,100,0,8,いいえ,ダリア・宮子・9 / えかちぇたん / すわ子isGOD！ / 水島神人発見される / ハリウッドナナコ師匠
4,255,em-53a13d10258e,コドモドラゴン！,10,1833,987,3,damage_reduction,0.2471,0.4097,100,0,8,いいえ,ダリア・宮子・9 / えかちぇたん / すわ子isGOD！ / コドモドラゴン！ / ハリウッドナナコ師匠
4,256,em-2080ae65b62a,モヅルン,37,3771,1908,3,attribute_guard,0.247,0.3889,97,3,7,いいえ,日本海女中 / ワロンマイナー輩先 / 試作型おこしん / モヅルン / 白い悪魔の小町さん
4,257,em-58f4a804ff7f,マリンな白良さん,12,710,694,4,attack_buff,0.2465,0.4167,94,6,8,いいえ,ダリア・宮子・9 / えかちぇたん / 欣喜ぴよ子 / マリンな白良さん / ハリウッドナナコ師匠
4,258,em-f89a98dd9893,大魔神！せいタン降臨,48,2044,6305,4,attack_buff,0.2465,0.2917,99,1,7,いいえ,青玉の供犠ぴよ子 / ワロンマイナー輩先 / 試作型おこしん / 大魔神！せいタン降臨 / 白い悪魔の小町さん
4,259,em-ce7e2e4f30af,らん坊,8,580,626,4,skill_reduction,0.2455,0.4028,100,0,8,いいえ,ダリア・宮子・9 / えかちぇたん / 試作型おこしん / らん坊 / TAGOのBOOTH
4,260,em-fb6292300fc0,妖怪おたべ,5,525,455,4,delay,0.2439,0.4097,97,3,8,いいえ,ダリア・宮子・9 / えかちぇたん / 試作型おこしん / 妖怪おたべ / TAGOのBOOTH
4,261,em-eaad577a957c,関さん,5,390,390,4,guard,0.2438,0.4236,97,3,8,いいえ,ダリア・宮子・9 / えかちぇたん / 試作型おこしん / 関さん / TAGOのBOOTH
4,262,em-d603cde2467a,ほたるーニャん,5,450,650,4,attribute_change,0.2431,0.4236,97,3,8,いいえ,ダリア・宮子・9 / えかちぇたん / 試作型おこしん / ほたるーニャん / TAGOのBOOTH
4,263,em-3229594a4a2c,おあげちゃん,5,315,305,3,attack_buff,0.2422,0.4653,100,0,8,いいえ,ダリア・宮子・9 / 伝説のビスカやん！ / 摩陀羅　潮真 / おあげちゃん / TAGOのBOOTH
4,264,em-78785b8bf619,企業だ浅ちゃん！,42,1192,7327,4,attack_buff,0.2415,0.3333,99,1,8,いいえ,速いぞサラマンダー！ / ワロンマイナー輩先 / 試作型おこしん / 企業だ浅ちゃん！ / 白い悪魔の小町さん
4,265,em-1a814a6b20cf,未来のモア蔵,5,920,160,4,guard,0.2411,0.4306,95,5,8,いいえ,ダリア・宮子・9 / えかちぇたん / すわ子isGOD！ / 未来のモア蔵 / ハリウッドナナコ師匠
4,266,em-90c9b7a939a7,九十九里流,37,2982,5112,4,attack_buff,0.2405,0.3194,94,6,7,いいえ,速いぞサラマンダー！ / ワロンマイナー輩先 / 試作型おこしん / 九十九里流 / 白い悪魔の小町さん
4,267,em-865f442bc56a,神魚！はたはタン,6,700,600,4,heal,0.2404,0.4167,98,2,8,いいえ,日本海女中 / 夏至祭のヴァサクサ君 / 摩陀羅　潮真 / 神魚！はたはタン / 御嶽さん
4,268,em-1d6b42059506,レーティッシュ凛子,35,5623,3229,3,attack_buff,0.2403,0.3472,100,0,8,いいえ,タキシラ師匠 / 試作型おこしん / 摩陀羅　潮真 / レーティッシュ凛子 / 白い悪魔の小町さん
4,269,em-c5dbda5d8d5b,湘南パボーイ,12,318,911,4,attack_buff,0.24,0.4167,94,6,8,いいえ,ダリア・宮子・9 / えかちぇたん / 欣喜ぴよ子 / 湘南パボーイ / ハリウッドナナコ師匠
4,270,em-7c5fdd7af70d,覚醒むりょく,6,198,89,3,multi_hit_attack,0.2393,0.4514,90,10,8,いいえ,速いぞサラマンダー！ / えかちぇたん / 摩陀羅　潮真 / 覚醒むりょく / シミ
4,271,em-0560ed78022d,見事にびわ子たん,5,400,400,4,damage_reduction,0.2391,0.4583,97,3,8,いいえ,ダリア・宮子・9 / えかちぇたん / 試作型おこしん / 見事にびわ子たん / TAGOのBOOTH
4,272,em-33289e43e28b,ほたるーニャん☆ミ,7,650,700,4,attribute_change,0.2389,0.4167,99,1,8,いいえ,ダリア・宮子・9 / えかちぇたん / 試作型おこしん / ほたるーニャん☆ミ / TAGOのBOOTH
4,273,em-fe5ed60fbf2d,強いぞさいごー丼,9,930,574,3,attribute_guard,0.2385,0.4306,99,1,8,いいえ,ダリア・宮子・9 / えかちぇたん / すわ子isGOD！ / 強いぞさいごー丼 / ハリウッドナナコ師匠
4,274,em-a58c4fcc6b2e,けねず大先生,14,1699,1699,4,damage_reduction,0.2384,0.3889,89,11,8,いいえ,タキシラ師匠 / えかちぇたん / 摩陀羅　潮真 / けねず大先生 / TAGOのBOOTH
4,275,em-1555cadff0cf,おぅぼっと,6,800,300,4,damage_reduction,0.2383,0.4028,99,1,8,いいえ,有砂小町 / ワロンマイナー輩先 / トマティーナ少佐 / おぅぼっと / 白い悪魔の小町さん
4,276,em-b54c325797a5,フク先生,6,600,700,3,attribute_change,0.2381,0.4306,98,2,8,いいえ,ダリア・宮子・9 / えかちぇたん / 試作型おこしん / フク先生 / TAGOのBOOTH
4,277,em-6193e7af4d97,がうがうは考える,44,1704,5964,3,damage_reduction,0.238,0.3611,94,6,7,いいえ,こうせえっつう女中 / ワロンマイナー輩先 / 超患部ぴよフェッサー / がうがうは考える / ハリウッドナナコ師匠
4,278,em-4900e4471484,モア蔵,4,722,90,4,guard,0.2376,0.4306,94,6,8,いいえ,ダリア・宮子・9 / えかちぇたん / すわ子isGOD！ / モア蔵 / ハリウッドナナコ師匠
4,279,em-81fec3e48762,怪人おたべ,4,415,365,4,delay,0.2376,0.4097,96,4,8,いいえ,ダリア・宮子・9 / えかちぇたん / 試作型おこしん / 怪人おたべ / TAGOのBOOTH
4,280,em-2b3991ed5705,伝統の牛タソ,10,600,100,4,guard,0.2372,0.4306,100,0,8,いいえ,ダリア・宮子・9 / えかちぇたん / すわ子isGOD！ / 伝統の牛タソ / ハリウッドナナコ師匠
4,281,em-88669edc6480,京子はまだやれる！,10,718,694,4,damage_reduction,0.2371,0.4375,100,0,8,いいえ,ダリア・宮子・9 / えかちぇたん / すわ子isGOD！ / 京子はまだやれる！ / ハリウッドナナコ師匠
4,282,em-1b8d4b845182,キャミーという女,8,600,800,4,heal,0.2363,0.4167,97,3,8,いいえ,ハリウッドナナコ師匠 / えかちぇたん / 摩陀羅　潮真 / キャミーという女 / 御嶽さん
4,283,em-1290652c5171,萌やし博士,10,408,1212,4,attack_buff,0.2361,0.4028,88,12,8,いいえ,青玉の供犠ぴよ子 / えかちぇたん / 摩陀羅　潮真 / 萌やし博士 / シミ
4,284,em-d0ce0f8b817c,あまのさんちゃん,17,600,300,4,multi_hit_attack,0.2359,0.4097,97,3,8,いいえ,日本海女中 / 夏至祭のヴァサクサ君 / 摩陀羅　潮真 / あまのさんちゃん / シミ
4,285,em-6f9254f46753,うわマジカ,4,450,650,4,attribute_guard,0.2357,0.4306,99,1,8,いいえ,有砂小町 / ワロンマイナー輩先 / すわ子isGOD！ / うわマジカ / 白い悪魔の小町さん
4,286,em-3b878e796aba,なまず仙人,35,4941,1618,4,damage_reduction,0.2352,0.3403,95,5,7,いいえ,日本海女中 / ワロンマイナー輩先 / 試作型おこしん / なまず仙人 / 白い悪魔の小町さん
4,287,em-794f6427298a,さいごー丼,8,830,476,3,attribute_guard,0.235,0.4306,98,2,8,いいえ,ダリア・宮子・9 / えかちぇたん / すわ子isGOD！ / さいごー丼 / ハリウッドナナコ師匠
4,288,em-d05fca3e00df,ほたるん,6,700,1000,3,attribute_change,0.235,0.4097,98,2,8,いいえ,ダリア・宮子・9 / えかちぇたん / 試作型おこしん / ほたるん / TAGOのBOOTH
4,289,em-dac0a350706a,くたにん,6,500,600,3,attribute_change,0.2337,0.4306,98,2,8,いいえ,ダリア・宮子・9 / えかちぇたん / 試作型おこしん / くたにん / TAGOのBOOTH
4,290,em-e626c795c8a8,スミス＆エズ,12,1200,400,3,attribute_guard,0.2334,0.4306,100,0,8,いいえ,ダリア・宮子・9 / えかちぇたん / トマティーナ少佐 / スミス＆エズ / ハリウッドナナコ師匠
4,291,em-7affb78d3b91,渇求するネギの果て,10,754,754,4,guard,0.2328,0.4167,93,7,8,いいえ,日本海女中 / 夏至祭のヴァサクサ君 / 摩陀羅　潮真 / 渇求するネギの果て / リチャード・リターンズ
4,292,em-357d76cd5b69,のり男さん,5,424,356,3,attribute_guard,0.2327,0.4375,94,6,8,いいえ,日本海女中 / 超患部ぴよフェッサー / 摩陀羅　潮真 / のり男さん / 御嶽さん
4,293,em-eaadf81fc136,サリー,55,4686,4004,4,aoe_attack,0.2327,0.3125,98,2,5,いいえ,日本海女中 / ワロンマイナー輩先 / 欣喜ぴよ子 / サリー / ハリウッドナナコ師匠
4,294,em-5d62afcf01d5,転がる！けねず君,37,3408,2044,4,damage_reduction,0.2322,0.3472,97,3,8,いいえ,日本海女中 / ワロンマイナー輩先 / 試作型おこしん / 転がる！けねず君 / 白い悪魔の小町さん
4,295,em-bbcbbb9fef0a,こっちの大谷,6,1000,100,3,damage_reduction,0.232,0.4444,94,6,8,いいえ,タキシラ師匠 / モチノ・ウオ丸 / 摩陀羅　潮真 / こっちの大谷 / リチャード・リターンズ
4,296,em-5861838d2e36,ばうあー泥棒,35,4771,3033,4,attack_buff,0.2318,0.3611,100,0,8,いいえ,タキシラ師匠 / 試作型おこしん / 摩陀羅　潮真 / ばうあー泥棒 / 白い悪魔の小町さん
4,297,em-5528cf768569,リンゴール男爵,4,400,300,4,delay,0.2317,0.4097,96,4,8,いいえ,ダリア・宮子・9 / えかちぇたん / 試作型おこしん / リンゴール男爵 / TAGOのBOOTH
4,298,em-1287aab83f7d,驚愕！深海のあん子,5,400,400,4,heal,0.2312,0.4097,97,3,8,いいえ,日本海女中 / 夏至祭のヴァサクサ君 / 摩陀羅　潮真 / 驚愕！深海のあん子 / 御嶽さん
4,299,em-4eb01150430f,ミス・エズさん,9,1100,300,4,attribute_guard,0.2286,0.4306,95,5,8,いいえ,こうせえっつう女中 / えかちぇたん / 摩陀羅　潮真 / ミス・エズさん / TAGOのBOOTH
4,300,em-6ed81c8341b0,萌やし紳士,8,308,898,4,attack_buff,0.2286,0.3958,86,14,8,いいえ,青玉の供犠ぴよ子 / えかちぇたん / 摩陀羅　潮真 / 萌やし紳士 / シミ
4,301,em-8060e6a7ab61,戸隠ちび丸,4,150,700,3,attack_buff,0.2281,0.4306,99,1,8,いいえ,ダリア・宮子・9 / 伝説のビスカやん！ / 摩陀羅　潮真 / 戸隠ちび丸 / TAGOのBOOTH
4,302,em-b08be1a4ca3f,中央アルプスの少女,6,500,300,3,damage_reduction,0.228,0.4444,94,6,8,いいえ,タキシラ師匠 / モチノ・ウオ丸 / 摩陀羅　潮真 / 中央アルプスの少女 / リチャード・リターンズ
4,303,em-93a9275d427c,肉食ドゥブロさん,32,5106,3404,3,attack_buff,0.2272,0.3333,100,0,8,いいえ,速いぞサラマンダー！ / 夏至祭のヴァサクサ君 / 摩陀羅　潮真 / 肉食ドゥブロさん / ネムりん
4,304,em-e275020a88a0,あん子ちゃん,4,289,300,4,heal,0.2271,0.4167,86,14,8,いいえ,青玉の供犠ぴよ子 / えかちぇたん / 摩陀羅　潮真 / あん子ちゃん / 白い悪魔の小町さん
4,305,em-4c03ad40dce9,源のゴライコー,75,7923,6390,4,attack_buff,0.2271,0.25,99,1,4,いいえ,戸隠ちび丸 / ホーク元船員 / 覚醒ニート / 源のゴライコー / シーラちゃん
4,306,em-d76a5850c323,牛追いガウガウ,40,5964,1704,4,damage_reduction,0.2267,0.3125,99,1,7,いいえ,日本海女中 / 試作型おこしん / トマティーナ少佐 / 牛追いガウガウ / シミ
4,307,em-198e928f6d0b,なるとマン,9,800,700,4,attack_buff,0.2263,0.3889,87,13,8,いいえ,青玉の供犠ぴよ子 / えかちぇたん / 摩陀羅　潮真 / なるとマン / シミ
4,308,em-1fcf0af60c7a,老舗の牛タソ,14,1000,150,3,guard,0.2263,0.3611,100,0,8,いいえ,有砂小町 / ワロンマイナー輩先 / トマティーナ少佐 / 老舗の牛タソ / TAGOのBOOTH
4,309,em-922ebe667c19,けねず先輩,12,800,800,4,damage_reduction,0.2251,0.4167,100,0,8,いいえ,ダリア・宮子・9 / えかちぇたん / トマティーナ少佐 / けねず先輩 / ハリウッドナナコ師匠
4,310,em-6b8007792f3c,因幡WAHHH!!,32,3578,4771,4,attack_buff,0.2251,0.3472,97,3,8,いいえ,タキシラ師匠 / 試作型おこしん / 摩陀羅　潮真 / 因幡WAHHH!! / 白い悪魔の小町さん
4,311,em-cdd7690ef318,京都コーラマン,59,5959,2800,4,damage_reduction,0.2249,0.2986,100,0,7,いいえ,日本海女中 / ワロンマイナー輩先 / 試作型おこしん / 京都コーラマン / ハリウッドナナコ師匠
4,312,em-da4562cd6142,プレーン下仁田,10,500,500,4,guard,0.2245,0.4167,93,7,8,いいえ,日本海女中 / 夏至祭のヴァサクサ君 / 摩陀羅　潮真 / プレーン下仁田 / リチャード・リターンズ
4,313,em-9da039c08ead,キャミー先生,6,500,600,4,heal,0.2242,0.4097,98,2,8,いいえ,日本海女中 / 夏至祭のヴァサクサ君 / 摩陀羅　潮真 / キャミー先生 / 御嶽さん
4,314,em-10adad665687,コマンドー下仁田,13,597,614,3,guard,0.224,0.3819,99,1,8,いいえ,有砂小町 / ワロンマイナー輩先 / トマティーナ少佐 / コマンドー下仁田 / TAGOのBOOTH
4,315,em-11e2e69b2674,フクさん,5,400,500,3,attribute_change,0.2238,0.4167,97,3,8,いいえ,ダリア・宮子・9 / えかちぇたん / 試作型おこしん / フクさん / TAGOのBOOTH
4,316,em-de36aab296aa,月下皇帝ランたん様,50,3150,5367,3,revive,0.2235,0.3681,100,0,7,いいえ,日本海女中 / ワロンマイナー輩先 / 超患部ぴよフェッサー / 月下皇帝ランたん様 / おたべ妖精
4,317,em-5a3daf6cbf77,白良さん,8,600,605,4,attack_buff,0.2233,0.3819,100,0,8,いいえ,ダリア・宮子・9 / 夏至祭のヴァサクサ君 / 試作型おこしん / 白良さん / 白い悪魔の小町さん
4,318,em-4090b70a0b17,さくらこちゃん,4,495,215,4,attribute_guard,0.2214,0.4306,96,4,8,いいえ,ダリア・宮子・9 / えかちぇたん / 試作型おこしん / さくらこちゃん / TAGOのBOOTH
4,319,em-26ea85de7340,のり男先輩,7,534,446,3,attribute_guard,0.2211,0.4097,100,0,8,いいえ,有砂小町 / ワロンマイナー輩先 / トマティーナ少佐 / のり男先輩 / 白い悪魔の小町さん
4,320,em-674bf61c8b00,海賊衆かっさーのん,6,600,700,4,attack_buff,0.219,0.3889,90,10,8,いいえ,速いぞサラマンダー！ / えかちぇたん / 摩陀羅　潮真 / 海賊衆かっさーのん / シミ
4,321,em-5c824e4dff20,ほたるんるん,9,1000,1500,3,attribute_change,0.2186,0.375,90,10,8,いいえ,タキシラ師匠 / えかちぇたん / 摩陀羅　潮真 / ほたるんるん / リチャード・リターンズ
4,322,em-1a5f7bc3661b,萌やし男子,7,300,700,4,attack_buff,0.218,0.3889,99,1,8,いいえ,ダリア・宮子・9 / 夏至祭のヴァサクサ君 / 試作型おこしん / 萌やし男子 / 白い悪魔の小町さん
4,323,em-e31de348c40b,湘南ボーイ,8,300,700,4,attack_buff,0.2159,0.3889,86,14,8,いいえ,青玉の供犠ぴよ子 / えかちぇたん / 摩陀羅　潮真 / 湘南ボーイ / シミ
4,324,em-377a00f7a666,のり男,4,334,278,3,attribute_guard,0.2153,0.4097,99,1,8,いいえ,有砂小町 / ワロンマイナー輩先 / すわ子isGOD！ / のり男 / 白い悪魔の小町さん
4,325,em-4b8003f0f990,メル子さま,12,800,800,3,attack_buff,0.215,0.3958,94,6,8,いいえ,ダリア・宮子・9 / えかちぇたん / 欣喜ぴよ子 / メル子さま / ハリウッドナナコ師匠
4,326,em-7e127d8718a5,魔人エビユルゲ,4,410,370,3,attribute_change,0.2149,0.4097,96,4,8,いいえ,ダリア・宮子・9 / えかちぇたん / 試作型おこしん / 魔人エビユルゲ / TAGOのBOOTH
4,327,em-8cdef0bc7893,戸隠ちび太夫,11,150,1200,3,attack_buff,0.2137,0.4028,93,7,8,いいえ,ダリア・宮子・9 / えかちぇたん / 欣喜ぴよ子 / 戸隠ちび太夫 / ハリウッドナナコ師匠
4,328,em-830856ac5a07,トキシッくん先輩,7,1000,800,4,revive,0.2106,0.3889,99,1,8,いいえ,日本海女中 / 夏至祭のヴァサクサ君 / 摩陀羅　潮真 / トキシッくん先輩 / 御嶽さん
4,329,em-4805525cb8a4,ｴﾝｾﾞﾘｯｸ☆エンゼル,60,6816,4771,3,heal,0.2091,0.25,97,3,7,いいえ,日本海女中 / 伝説のビスカやん！ / 試作型おこしん / ｴﾝｾﾞﾘｯｸ☆エンゼル / ハリウッドナナコ師匠
4,330,em-091b1c77c643,戸隠ちび蔵,6,150,950,3,attack_buff,0.2081,0.3958,90,10,8,いいえ,速いぞサラマンダー！ / えかちぇたん / 摩陀羅　潮真 / 戸隠ちび蔵 / シミ
4,331,em-20df4bd7efaf,白鷺嬢,8,800,420,3,heal,0.2079,0.3958,100,0,8,いいえ,日本海女中 / 夏至祭のヴァサクサ君 / 摩陀羅　潮真 / 白鷺嬢 / 御嶽さん
4,332,em-e900d5955acf,凄いぞさいごー丼,13,1050,650,3,attribute_guard,0.2077,0.375,88,12,8,いいえ,タキシラ師匠 / えかちぇたん / 摩陀羅　潮真 / 凄いぞさいごー丼 / TAGOのBOOTH
4,333,em-804c07b6fa9a,メル子ちゃん,6,400,600,4,attack_buff,0.207,0.4028,90,10,8,いいえ,速いぞサラマンダー！ / えかちぇたん / 摩陀羅　潮真 / メル子ちゃん / シミ
4,334,em-d80a2b82ab9f,ブーナッドちゃん,8,1200,200,3,heal,0.2065,0.3889,97,3,8,いいえ,ハリウッドナナコ師匠 / えかちぇたん / 摩陀羅　潮真 / ブーナッドちゃん / 御嶽さん
4,335,em-d25a7727f654,プラハ嬢,32,1482,4991,4,damage_reduction,0.2057,0.3333,100,0,8,いいえ,日本海女中 / ワロンマイナー輩先 / 試作型おこしん / プラハ嬢 / 御嶽さん
4,336,em-51bdb94ec3b1,熱ぅい！地獄雀,43,5964,3408,4,revive,0.2057,0.3264,100,0,8,いいえ,日本海女中 / 欣喜ぴよ子 / 摩陀羅　潮真 / 熱ぅい！地獄雀 / ハリウッドナナコ師匠
4,337,em-71820072d6c5,松浦凜子,6,603,603,4,attack_buff,0.2052,0.3958,90,10,8,いいえ,速いぞサラマンダー！ / えかちぇたん / 摩陀羅　潮真 / 松浦凜子 / シミ
4,338,em-428a2893945d,雪愛ちゃん,8,590,630,3,attribute_change,0.2041,0.3958,100,0,8,いいえ,ダリア・宮子・9 / えかちぇたん / 試作型おこしん / 雪愛ちゃん / TAGOのBOOTH
4,339,em-4c77b2b8ad46,トキシッくんさん,6,700,600,4,revive,0.2029,0.3889,98,2,8,いいえ,日本海女中 / 夏至祭のヴァサクサ君 / 摩陀羅　潮真 / トキシッくんさん / 御嶽さん
4,340,em-a787bb59ceca,トキシッくん,5,600,500,4,revive,0.2013,0.3889,97,3,8,いいえ,日本海女中 / 夏至祭のヴァサクサ君 / 摩陀羅　潮真 / トキシッくん / 御嶽さん
4,341,em-86b8f3a86278,レボリューション凜子,10,800,800,4,attack_buff,0.2002,0.3819,88,12,8,いいえ,青玉の供犠ぴよ子 / えかちぇたん / 摩陀羅　潮真 / レボリューション凜子 / シミ
4,342,em-15545bc62fe7,幽霊烏賊図,60,3408,4260,3,revive,0.1967,0.3264,97,3,7,いいえ,日本海女中 / 伝説のビスカやん！ / 試作型おこしん / 幽霊烏賊図 / ハリウッドナナコ師匠
4,343,em-ebf10919d982,ミラクル凜子,8,700,704,4,attack_buff,0.1958,0.375,100,0,8,いいえ,ダリア・宮子・9 / 夏至祭のヴァサクサ君 / 試作型おこしん / ミラクル凜子 / 白い悪魔の小町さん
4,344,em-e51e56c23fa1,上級国民ロヴィーサ,44,2832,2984,4,attribute_guard,0.1942,0.2847,95,5,7,いいえ,ハリウッドナナコ師匠 / ワロンマイナー輩先 / トマティーナ少佐 / 上級国民ロヴィーサ / TAGOのBOOTH
4,345,em-a74603ad2679,白虎,36,5112,3408,4,attack_buff,0.1937,0.3056,99,1,7,いいえ,タキシラ師匠 / えかちぇたん / 摩陀羅　潮真 / 白虎 / ハリウッドナナコ師匠
4,346,em-cc9db541b1b4,メル子さん,9,600,700,4,attack_buff,0.1912,0.3611,94,6,8,いいえ,有砂小町 / ワロンマイナー輩先 / 試作型おこしん / メル子さん / 白い悪魔の小町さん
4,347,em-6a50fe1ba475,青き春の酔竜,70,2556,7668,3,attack_buff,0.1828,0.1667,98,2,6,いいえ,タキシラ師匠 / 試作型おこしん / トキシッくんｵｯｽｵｯｽ / 青き春の酔竜 / ハリウッドナナコ師匠
4,348,em-b5e0f2fbff78,養老のバッカス,65,6475,3408,4,revive,0.1711,0.2708,97,3,7,いいえ,青玉の供犠ぴよ子 / ワロンマイナー輩先 / 試作型おこしん / 養老のバッカス / ハリウッドナナコ師匠
4,349,em-a87c308ef7c4,トミスLOVE様,52,4686,4686,4,revive,0.1676,0.2708,100,0,7,いいえ,日本海女中 / ワロンマイナー輩先 / 超患部ぴよフェッサー / トミスLOVE様 / ハリウッドナナコ師匠
4,350,em-18279a838450,白刃舞うは存亡の秋,70,6816,4260,4,attack_buff,0.1566,0.2153,95,5,6,いいえ,星の白金ぴよ子 / 伝説のビスカやん！ / 覚醒ニート / 白刃舞うは存亡の秋 / ハリウッドナナコ師匠
4,351,em-337e85c2cd90,ユーコ☆スターダスト,60,6053,4354,4,revive,0.1556,0.2292,97,3,7,いいえ,日本海女中 / 伝説のビスカやん！ / 試作型おこしん / ユーコ☆スターダスト / ハリウッドナナコ師匠
4,352,em-0277eca3d9cf,ゆる神の像＆ピヨか？,60,426,511,3,guard,0.0736,0.1736,100,0,7,いいえ,ハリウッドナナコ師匠 / 伝説のビスカやん！ / トキシッくんｵｯｽｵｯｽ / ゆる神の像＆ピヨか？ / TAGOのBOOTH
4,353,em-523af93f71e3,神田祭らーの集い,88,5027,6901,4,aoe_attack,0,0,101,0,0,いいえ,
4,354,em-6eed78e1fe62,リア充の権化安倍晴明,100,6782,6271,3,heal,0,0,101,0,0,いいえ,
4,355,em-a85045965911,まさか殿(マジ),100,7463,6628,3,attack_buff,0,0,101,0,0,いいえ,
4,356,em-f33de53ee597,遊無給(ニート)な小町,100,7327,5623,3,attack_buff,0,0,101,0,0,いいえ,
5,1,em-1ab18da48960,白い悪魔の小町さん,24,3461,3300,5,aoe_attack,0.4879,0.4792,100,0,8,いいえ,日本海女中 / ワロンマイナー輩先 / 大晦日のネギそば給仕少女 / ＢＥＷ雪玉 / 白い悪魔の小町さん
5,2,em-089a6280b9d6,御嶽さん,32,5112,3067,4,aoe_attack,0.4863,0.4722,95,5,8,いいえ,日本海女中 / ワロンマイナー輩先 / 摩陀羅　潮真 / ＢＥＷ雪玉 / 御嶽さん
5,3,em-57204b8d6ee6,伝説のWoo怪,12,1126,2393,4,multi_hit_attack,0.4703,0.5139,100,0,8,いいえ,有砂小町 / ワロンマイナー輩先 / 摩陀羅　潮真 / ＢＥＷ雪玉 / 伝説のWoo怪
5,4,em-65cc0d6a4bcc,TAGIの映画祭,31,3748,2726,5,multi_hit_attack,0.468,0.4792,94,6,8,いいえ,日本海女中 / ワロンマイナー輩先 / 摩陀羅　潮真 / ＢＥＷ雪玉 / TAGIの映画祭
5,5,em-5a3998126178,TAGOのBOOTH,17,2896,2385,6,multi_hit_attack,0.4661,0.4792,92,8,8,いいえ,ハリウッドナナコ師匠 / ワロンマイナー輩先 / 摩陀羅　潮真 / むぅむぅ / TAGOのBOOTH
5,6,em-fc0a4778a432,リチャード・リターンズ,23,2576,3220,5,aoe_attack,0.4543,0.4583,99,1,8,いいえ,日本海女中 / ワロンマイナー輩先 / 大晦日のネギそば給仕少女 / ＢＥＷ雪玉 / リチャード・リターンズ
5,7,em-5a81e8231a65,宗像スリーピース,39,4601,4089,5,aoe_attack,0.4542,0.4375,100,0,5,いいえ,タキシラ師匠 / えかちぇたん / すわ子isGOD！ / ɚすぃとあろま？ / 宗像スリーピース
5,8,em-1c28be3f3366,モンさんミッシェル,32,3748,5623,8,multi_hit_attack,0.4533,0.4444,95,5,8,いいえ,日本海女中 / ワロンマイナー輩先 / 摩陀羅　潮真 / ＢＥＷ雪玉 / モンさんミッシェル
5,9,em-322b7fbdab7e,むろまち様,34,2556,5112,7,aoe_attack,0.4479,0.4444,97,3,7,いいえ,日本海女中 / ワロンマイナー輩先 / 摩陀羅　潮真 / ＢＥＷ雪玉 / むろまち様
5,10,em-d90aa04af44f,グウィネズ兄弟,34,2066,3197,5,multi_hit_attack,0.446,0.4653,95,5,7,いいえ,タキシラ師匠 / えかちぇたん / すわ子isGOD！ / ɚすぃとあろま？ / グウィネズ兄弟
5,11,em-2325681e1b59,BON JOVE,24,3220,3220,5,aoe_attack,0.4457,0.4583,100,0,8,いいえ,日本海女中 / ワロンマイナー輩先 / 大晦日のネギそば給仕少女 / ＢＥＷ雪玉 / BON JOVE
5,12,em-fe9fc4184474,聖えぇじゃないか,17,2817,2334,4,aoe_attack,0.4291,0.4236,92,8,8,いいえ,ハリウッドナナコ師匠 / ワロンマイナー輩先 / 摩陀羅　潮真 / むぅむぅ / 聖えぇじゃないか
5,13,em-fc5d66138cad,端午ぴよ子,13,1543,2512,5,aoe_attack,0.4283,0.4375,85,15,8,いいえ,タキシラ師匠 / えかちぇたん / イチャン～(から) / 呼んでますトムさん / 端午ぴよ子
5,14,em-24d2ab142253,アグスティンさん,12,2869,1359,5,multi_hit_attack,0.4249,0.5069,100,0,8,いいえ,有砂小町 / ワロンマイナー輩先 / 摩陀羅　潮真 / ＢＥＷ雪玉 / アグスティンさん
5,15,em-1a3ab3b1acf7,聖☆いんてぃないか,19,2817,2334,4,aoe_attack,0.4229,0.4306,94,6,8,いいえ,ハリウッドナナコ師匠 / ワロンマイナー輩先 / 摩陀羅　潮真 / むぅむぅ / 聖☆いんてぃないか
5,16,em-9cc423bd9843,沼んだーライド！,21,1585,1887,5,aoe_attack,0.4191,0.4514,96,4,8,いいえ,ハリウッドナナコ師匠 / ワロンマイナー輩先 / 摩陀羅　潮真 / むぅむぅ / 沼んだーライド！
5,17,em-f21bf8aa6e67,独眼竜！梵天。,23,2254,2576,5,aoe_attack,0.4176,0.4375,98,2,8,いいえ,ハリウッドナナコ師匠 / ワロンマイナー輩先 / 摩陀羅　潮真 / むぅむぅ / 独眼竜！梵天。
5,18,em-c6337efaceae,ｴﾚｶﾞﾝﾄ☆トラボル子,47,4260,4771,5,aoe_attack,0.4176,0.3472,98,2,8,いいえ,日本海女中 / ワロンマイナー輩先 / 試作型おこしん / 呼んでますトムさん / ｴﾚｶﾞﾝﾄ☆トラボル子
5,19,em-a8e1bfbd68cd,秋のタツタちゃん,80,10224,4771,4,multi_hit_attack,0.4173,0.3056,100,0,4,いいえ,ハリウッドナナコ師匠 / ホークくん / 覚醒ニート / あろまちゃん / 秋のタツタちゃん
5,20,em-90b0d123f99e,かんきゅっちゃん,15,2817,2817,5,delay,0.409,0.5,100,0,8,いいえ,日本海女中 / ワロンマイナー輩先 / 摩陀羅　潮真 / むぅむぅ / かんきゅっちゃん
5,21,em-13df10c62ab6,MUNAKATA,42,5453,4089,6,aoe_attack,0.4086,0.3472,93,7,8,いいえ,日本海女中 / ワロンマイナー輩先 / 試作型おこしん / 呼んでますトムさん / MUNAKATA
5,22,em-94dc3d86f691,碧海のオフタルもん,75,10054,3919,4,multi_hit_attack,0.4004,0.2708,97,3,4,いいえ,戸隠ちび丸 / 総統エビユルゲ / 覚醒ニート / 覚醒むりょく / 碧海のオフタルもん
5,23,em-f70fc38ed477,栗栖　益子さん,40,4175,4106,4,multi_hit_attack,0.3997,0.3194,97,3,8,いいえ,青玉の供犠ぴよ子 / ワロンマイナー輩先 / 試作型おこしん / むぅむぅ / 栗栖　益子さん
5,24,em-83113af84b95,降臨☆三原色ばうあー,45,3578,5868,5,aoe_attack,0.3985,0.3194,96,4,8,いいえ,日本海女中 / ワロンマイナー輩先 / 試作型おこしん / 呼んでますトムさん / 降臨☆三原色ばうあー
5,25,em-c736bc52077a,漱石先生と吾輩たち,15,1610,3461,5,skill_reduction,0.3983,0.5069,100,0,8,いいえ,日本海女中 / ワロンマイナー輩先 / 摩陀羅　潮真 / むぅむぅ / 漱石先生と吾輩たち
5,26,em-9d5f7901aacf,サタデーナイト☆郡上,17,1812,1963,5,aoe_attack,0.3978,0.4375,89,11,8,いいえ,タキシラ師匠 / えかちぇたん / イチャン～(から) / 呼んでますトムさん / サタデーナイト☆郡上
5,27,em-f346c1f4c45d,八狗神伏姫様,35,5538,2130,4,guard,0.3966,0.4444,98,2,7,いいえ,速いぞサラマンダー！ / ワロンマイナー輩先 / 試作型おこしん / むぅむぅ / 八狗神伏姫様
5,28,em-64fa899f397f,ダル飯☆杏,44,5896,3340,4,guard,0.3956,0.4444,100,0,8,いいえ,ハリウッドナナコ師匠 / ワロンマイナー輩先 / 試作型おこしん / むぅむぅ / ダル飯☆杏
5,29,em-5a047ed41d97,KJの少女Hi児,48,4941,3919,5,multi_hit_attack,0.3937,0.3403,99,1,8,いいえ,日本海女中 / ワロンマイナー輩先 / 試作型おこしん / 呼んでますトムさん / KJの少女Hi児
5,30,em-57dce5f944a3,うらうらら,50,4260,6390,4,multi_hit_attack,0.3925,0.3056,99,1,7,いいえ,ハリウッドナナコ師匠 / ワロンマイナー輩先 / トマティーナ少佐 / 呼んでますトムさん / うらうらら
5,31,em-42016d3a2172,織田フィナーレ,42,2556,5964,5,multi_hit_attack,0.383,0.3056,99,1,8,いいえ,青玉の供犠ぴよ子 / ワロンマイナー輩先 / 試作型おこしん / むぅむぅ / 織田フィナーレ
5,32,em-75717188c18a,あ、しょーか大先生,13,1812,1963,4,multi_hit_attack,0.3826,0.4097,100,0,8,いいえ,こうせえっつう女中 / モチノ・ウオ丸 / 超患部ぴよフェッサー / みどりのたけしマン / あ、しょーか大先生
5,33,em-d9ea7f0897f2,山ガール！？さなこりん,15,2567,1225,6,multi_hit_attack,0.38,0.4444,99,1,8,いいえ,有砂小町 / ワロンマイナー輩先 / トマティーナ少佐 / 呼んでますトムさん / 山ガール！？さなこりん
5,34,em-54ee851ff3fb,zuス様とsiラ様,10,1410,987,4,attack_buff,0.3799,0.4931,98,2,8,いいえ,有砂小町 / ワロンマイナー輩先 / 摩陀羅　潮真 / ＢＥＷ雪玉 / zuス様とsiラ様
5,35,em-c87499b64151,ラパヌイ先生,45,6441,3067,4,guard,0.3789,0.3542,96,4,8,いいえ,ハリウッドナナコ師匠 / ワロンマイナー輩先 / すわ子isGOD！ / 呼んでますトムさん / ラパヌイ先生
5,36,em-0e768525b557,ヘラクレス先輩,70,5885,6230,4,multi_hit_attack,0.3788,0.2431,92,8,4,いいえ,戸隠ちび丸 / 総統エビユルゲ / 覚醒ニート / 覚醒むりょく / ヘラクレス先輩
5,37,em-9cd3d68e61d0,渦巻王ナルテュール,45,1704,6134,6,multi_hit_attack,0.378,0.2986,100,0,8,いいえ,速いぞサラマンダー！ / ワロンマイナー輩先 / 試作型おこしん / みさきパイセン / 渦巻王ナルテュール
5,38,em-4089c86a52af,夢奈・マコ,15,2470,1363,6,attribute_guard,0.377,0.5694,100,0,8,いいえ,日本海女中 / ワロンマイナー輩先 / 摩陀羅　潮真 / むぅむぅ / 夢奈・マコ
5,39,em-07c5bc08f69e,朦朧ボディマンΩ,16,755,3020,10,multi_hit_attack,0.3763,0.4236,100,0,8,いいえ,タキシラ師匠 / 試作型おこしん / 大晦日のネギそば給仕少女 / むぅむぅ / 朦朧ボディマンΩ
5,40,em-ad82a61bcc2a,ｺﾄﾖﾛ!巳ーちゃん様,55,6901,3451,4,damage_reduction,0.3759,0.4028,100,0,6,いいえ,日本海女中 / ワロンマイナー輩先 / 試作型おこしん / トキシッくんｵｯｽｵｯｽ / ｺﾄﾖﾛ!巳ーちゃん様
5,41,em-6722337c6d78,雨降る倉敷のみかん姐,15,2718,1963,4,aoe_attack,0.3746,0.4028,98,2,8,いいえ,有砂小町 / ワロンマイナー輩先 / 試作型おこしん / みさきパイセン / 雨降る倉敷のみかん姐
5,42,em-5284c689c7b6,ジャウー大先生,15,805,3220,4,skill_reduction,0.3704,0.4861,100,0,8,いいえ,日本海女中 / ワロンマイナー輩先 / 摩陀羅　潮真 / むぅむぅ / ジャウー大先生
5,43,em-4b4011b90d8c,ロータス先輩,16,1932,1932,6,damage_reduction,0.3689,0.5208,90,10,8,いいえ,日本海女中 / ワロンマイナー輩先 / 試作型おこしん / 諏訪子成長期 / ロータス先輩
5,44,em-c6a0a8b51afe,ライオットうお太,41,3152,4175,4,damage_reduction,0.3679,0.4444,98,2,8,いいえ,青玉の供犠ぴよ子 / ワロンマイナー輩先 / 試作型おこしん / むぅむぅ / ライオットうお太
5,45,em-74b9082a787c,暫時バル状態,19,2938,838,4,damage_reduction,0.367,0.4653,93,7,8,いいえ,日本海女中 / ワロンマイナー輩先 / 試作型おこしん / 諏訪子成長期 / 暫時バル状態
5,46,em-40bd3b1e44fa,五月病の悪魔の契約,55,4123,4226,4,aoe_attack,0.367,0.2778,100,0,6,いいえ,日本海女中 / ワロンマイナー輩先 / 試作型おこしん / トキシッくんｵｯｽｵｯｽ / 五月病の悪魔の契約
5,47,em-c7ca0cfdb77b,護国の盾,14,1887,1510,5,attribute_guard,0.3662,0.5278,99,1,8,いいえ,日本海女中 / ワロンマイナー輩先 / 摩陀羅　潮真 / むぅむぅ / 護国の盾
5,48,em-f35caa7e177a,モンポスさん,40,5112,2556,4,damage_reduction,0.3652,0.4236,97,3,8,いいえ,青玉の供犠ぴよ子 / ワロンマイナー輩先 / 試作型おこしん / むぅむぅ / モンポスさん
5,49,em-da18dad9d936,もけーれ！ムベちゃん,53,2896,6475,4,multi_hit_attack,0.3639,0.2639,98,2,7,いいえ,日本海女中 / ワロンマイナー輩先 / 試作型おこしん / トキシッくんｵｯｽｵｯｽ / もけーれ！ムベちゃん
5,50,em-511e9ea676be,Woo怪さま,10,700,1100,5,multi_hit_attack,0.3619,0.4792,98,2,8,いいえ,有砂小町 / ワロンマイナー輩先 / 摩陀羅　潮真 / ＢＥＷ雪玉 / Woo怪さま
5,51,em-5e6cf1fe4c4c,まそお姉ちゃん,15,2898,3059,5,attack_buff,0.3611,0.4375,99,1,8,いいえ,有砂小町 / ワロンマイナー輩先 / トマティーナ少佐 / 呼んでますトムさん / まそお姉ちゃん
5,52,em-91f26ad56eaa,神喫！さくらん兄妹,12,1510,1887,5,skill_reduction,0.3609,0.4861,97,3,7,いいえ,日本海女中 / ワロンマイナー輩先 / 摩陀羅　潮真 / むぅむぅ / 神喫！さくらん兄妹
5,53,em-2e6716824578,横きゅっちゃん,19,2817,2817,5,delay,0.3606,0.4028,94,6,8,いいえ,ハリウッドナナコ師匠 / ワロンマイナー輩先 / 摩陀羅　潮真 / むぅむぅ / 横きゅっちゃん
5,54,em-14bbe92902df,ネムりん,11,2726,1633,5,attack_buff,0.3591,0.5,99,1,8,いいえ,有砂小町 / ワロンマイナー輩先 / 摩陀羅　潮真 / ＢＥＷ雪玉 / ネムりん
5,55,em-32e57ebd5904,ハンザギルドさん,12,1551,423,5,attribute_guard,0.3584,0.5139,97,3,8,いいえ,日本海女中 / ワロンマイナー輩先 / 摩陀羅　潮真 / むぅむぅ / ハンザギルドさん
5,56,em-908fa1696f0d,速いぞサラマンダー！,12,3186,1431,6,skill_reduction,0.3546,0.4444,100,0,8,いいえ,日本海女中 / ワロンマイナー輩先 / トランシルヴァニア家族 / 呼んでますトムさん / 速いぞサラマンダー！
5,57,em-5514b5658aa3,ハリウッドナナコ師匠,5,2503,1093,9,delay,0.3545,0.4236,96,4,8,いいえ,有砂小町 / ワロンマイナー輩先 / 試作型おこしん / むぅむぅ / ハリウッドナナコ師匠
5,58,em-bd98030ead3e,首領子襲来!!,33,5680,3786,4,heal,0.3538,0.4583,96,4,7,いいえ,ハリウッドナナコ師匠 / えかちぇたん / すわ子isGOD！ / 呼んでますトムさん / 首領子襲来!!
5,59,em-1a6fa57fc44e,朦朧ボディマンβ,12,400,1500,10,multi_hit_attack,0.3536,0.4722,100,0,8,いいえ,有砂小町 / ワロンマイナー輩先 / 摩陀羅　潮真 / ＢＥＷ雪玉 / 朦朧ボディマンβ
5,60,em-f18963ac0ea1,すわ子さま,12,700,1000,5,multi_hit_attack,0.3531,0.4792,100,0,8,いいえ,有砂小町 / ワロンマイナー輩先 / 摩陀羅　潮真 / ＢＥＷ雪玉 / すわ子さま
5,61,em-710becd5b772,雪女フェス祭カーニバル,54,7497,2556,6,attribute_guard,0.3531,0.4375,100,0,7,いいえ,ハリウッドナナコ師匠 / ワロンマイナー輩先 / トマティーナ少佐 / ɚすぃとあろま？ / 雪女フェス祭カーニバル
5,62,em-a71ad4631750,絶許！近所のあん子,9,1131,989,4,heal,0.3519,0.5208,96,4,8,いいえ,ハリウッドナナコ師匠 / えかちぇたん / 摩陀羅　潮真 / むぅむぅ / 絶許！近所のあん子
5,63,em-deea7d56d1a1,淡路な文楽軒師匠,12,1512,1551,6,skill_reduction,0.3503,0.4861,97,3,7,いいえ,日本海女中 / ワロンマイナー輩先 / 摩陀羅　潮真 / むぅむぅ / 淡路な文楽軒師匠
5,64,em-59ac9769ef60,神犬八房伏姫様,24,4093,1223,4,guard,0.3498,0.4236,98,2,8,いいえ,日本海女中 / ワロンマイナー輩先 / 試作型おこしん / 諏訪子成長期 / 神犬八房伏姫様
5,65,em-1cd0c7153e75,みさき先輩,18,1400,1600,4,multi_hit_attack,0.3498,0.3958,93,7,8,いいえ,ハリウッドナナコ師匠 / ワロンマイナー輩先 / 摩陀羅　潮真 / むぅむぅ / みさき先輩
5,66,em-0c67088a1447,わさわさ大根,11,2623,1184,6,delay,0.3497,0.4444,99,1,8,いいえ,日本海女中 / ワロンマイナー輩先 / トランシルヴァニア家族 / 呼んでますトムさん / わさわさ大根
5,67,em-4bb28e84009d,吉野スライメスト,13,1809,735,5,guard,0.3494,0.5139,98,2,8,いいえ,日本海女中 / ワロンマイナー輩先 / 摩陀羅　潮真 / むぅむぅ / 吉野スライメスト
5,68,em-53cfa10130db,みさきちゃん,10,800,1000,5,multi_hit_attack,0.3487,0.4792,98,2,8,いいえ,有砂小町 / ワロンマイナー輩先 / 摩陀羅　潮真 / ＢＥＷ雪玉 / みさきちゃん
5,69,em-a769fc8e5005,真サタデーナイト郡上,12,800,1000,5,aoe_attack,0.3466,0.4792,100,0,8,いいえ,有砂小町 / ワロンマイナー輩先 / 摩陀羅　潮真 / ＢＥＷ雪玉 / 真サタデーナイト郡上
5,70,em-c42ef00ed018,ｗｗナレースワンｗｗ,25,2560,2584,4,delay,0.3465,0.4028,100,0,8,いいえ,ハリウッドナナコ師匠 / ワロンマイナー輩先 / 摩陀羅　潮真 / むぅむぅ / ｗｗナレースワンｗｗ
5,71,em-ffdcaffc4a41,雑煮入り☆うるっしー,36,3443,3443,4,guard,0.3464,0.4097,97,3,6,いいえ,タキシラ師匠 / えかちぇたん / すわ子isGOD！ / ɚすぃとあろま？ / 雑煮入り☆うるっしー
5,72,em-cec2f0ad9373,Dr.フォックス,40,4089,4430,4,delay,0.3449,0.3333,97,3,8,いいえ,青玉の供犠ぴよ子 / ワロンマイナー輩先 / 試作型おこしん / むぅむぅ / Dr.フォックス
5,73,em-2697b5e55b56,あろまちゃん+空気,6,650,700,4,revive,0.3446,0.5833,100,0,8,いいえ,ハリウッドナナコ師匠 / モチノ・ウオ丸 / 摩陀羅　潮真 / むぅむぅ / あろまちゃん+空気
5,74,em-3a859cb07c11,こんぴらさん先輩,25,2898,2898,10,delay,0.3445,0.4028,100,0,8,いいえ,ハリウッドナナコ師匠 / ワロンマイナー輩先 / 摩陀羅　潮真 / むぅむぅ / こんぴらさん先輩
5,75,em-a97f49a1b6e8,篠島しらす子,41,5453,2726,5,skill_reduction,0.3439,0.3194,98,2,8,いいえ,青玉の供犠ぴよ子 / ワロンマイナー輩先 / 試作型おこしん / むぅむぅ / 篠島しらす子
5,76,em-75c067942d62,大内先生,11,1699,1699,4,heal,0.3436,0.5069,98,2,8,いいえ,ハリウッドナナコ師匠 / えかちぇたん / 摩陀羅　潮真 / むぅむぅ / 大内先生
5,77,em-8476f5773554,エーランドちゃん,30,6070,2160,7,delay,0.3431,0.3681,100,0,8,いいえ,こうせえっつう女中 / ワロンマイナー輩先 / サルパちゃん / ɚすぃとあろま？ / エーランドちゃん
5,78,em-37ae218b7e9e,有砂小町,40,5112,5112,7,skill_reduction,0.3431,0.3194,97,3,8,いいえ,青玉の供犠ぴよ子 / ワロンマイナー輩先 / 試作型おこしん / むぅむぅ / 有砂小町
5,79,em-a4d82c09dd0f,魂入！とちぎソウル,7,565,1837,4,attack_buff,0.3421,0.5,95,5,8,いいえ,有砂小町 / ワロンマイナー輩先 / 摩陀羅　潮真 / ＢＥＷ雪玉 / 魂入！とちぎソウル
5,80,em-618372c0cf56,しょーか先生,10,800,900,5,multi_hit_attack,0.3414,0.4792,98,2,8,いいえ,有砂小町 / ワロンマイナー輩先 / 摩陀羅　潮真 / ＢＥＷ雪玉 / しょーか先生
5,81,em-b943dbad0d0c,姫武者伏姫,54,6253,3823,5,guard,0.3414,0.3889,100,0,7,いいえ,ハリウッドナナコ師匠 / ワロンマイナー輩先 / トマティーナ少佐 / ɚすぃとあろま？ / 姫武者伏姫
5,82,em-8cafabee26c4,ホルトバージ君,22,5285,830,4,attack_buff,0.3406,0.3958,98,2,7,いいえ,有砂小町 / ワロンマイナー輩先 / 試作型おこしん / 呼んでますトムさん / ホルトバージ君
5,83,em-bc5f259cf576,まさか殿(微マジ),60,5453,6305,7,multi_hit_attack,0.3398,0.2222,82,18,4,いいえ,戸隠ちび丸 / 総統エビユルゲ / 覚醒ニート / 覚醒むりょく / まさか殿(微マジ)
5,84,em-6de5eba89049,天孫降臨ににぎくん,25,2334,2817,5,attack_buff,0.339,0.4375,100,0,8,いいえ,ハリウッドナナコ師匠 / ワロンマイナー輩先 / 摩陀羅　潮真 / むぅむぅ / 天孫降臨ににぎくん
5,85,em-01a16cce900c,伝説のロロちゃん,35,3748,3067,5,attack_buff,0.3387,0.4514,98,2,7,いいえ,日本海女中 / ワロンマイナー輩先 / 摩陀羅　潮真 / ＢＥＷ雪玉 / 伝説のロロちゃん
5,86,em-49cfaec18be0,富士五子ＢＴ５,20,2415,2737,6,delay,0.3378,0.4028,95,5,8,いいえ,ハリウッドナナコ師匠 / ワロンマイナー輩先 / 摩陀羅　潮真 / むぅむぅ / 富士五子ＢＴ５
5,87,em-90c9b7a939a7,九十九里流,37,2982,5112,4,attack_buff,0.337,0.4375,100,0,5,いいえ,日本海女中 / ワロンマイナー輩先 / 摩陀羅　潮真 / ＢＥＷ雪玉 / 九十九里流
5,88,em-837ddd274c7d,夢見る夢ナマコ,15,2224,1226,6,attribute_guard,0.336,0.5139,100,0,8,いいえ,日本海女中 / ワロンマイナー輩先 / 摩陀羅　潮真 / むぅむぅ / 夢見る夢ナマコ
5,89,em-2110fa48fdc1,グリンすマン・ﾌｨｰﾊﾞｰ!,22,1661,1736,5,delay,0.3342,0.4444,99,1,8,いいえ,日本海女中 / ワロンマイナー輩先 / 摩陀羅　潮真 / みさきパイセン / グリンすマン・ﾌｨｰﾊﾞｰ!
5,90,em-df28e035685e,ハル先輩,11,626,1096,5,heal,0.3339,0.5208,98,2,8,いいえ,ハリウッドナナコ師匠 / えかちぇたん / 摩陀羅　潮真 / むぅむぅ / ハル先輩
5,91,em-b50530766df4,夏の妖精白良さん,19,1699,1699,4,attack_buff,0.3339,0.4236,94,6,8,いいえ,ハリウッドナナコ師匠 / ワロンマイナー輩先 / 摩陀羅　潮真 / むぅむぅ / 夏の妖精白良さん
5,92,em-6ecee0316b6d,梵天。,15,1100,1300,6,aoe_attack,0.3339,0.4097,98,2,8,いいえ,ハリウッドナナコ師匠 / ワロンマイナー輩先 / 摩陀羅　潮真 / 諏訪子成長期 / 梵天。
5,93,em-2eebc4f8633d,すわっ！かつより君,60,5350,4771,5,aoe_attack,0.3338,0.2222,82,18,4,いいえ,戸隠ちび丸 / 総統エビユルゲ / 覚醒ニート / 覚醒むりょく / すわっ！かつより君
5,94,em-abcae044297d,ラ・ショー・ドさん,44,5453,3424,5,delay,0.3332,0.3403,100,0,8,いいえ,ハリウッドナナコ師匠 / ワロンマイナー輩先 / 試作型おこしん / むぅむぅ / ラ・ショー・ドさん
5,95,em-2a01f5ee5de4,ガラパゴスおぅぼっと,12,1200,600,4,damage_reduction,0.3328,0.5,97,3,7,いいえ,日本海女中 / ワロンマイナー輩先 / 摩陀羅　潮真 / むぅむぅ / ガラパゴスおぅぼっと
5,96,em-24d6f242799c,大浜美波さん,32,3748,3408,5,revive,0.3328,0.4722,100,0,8,いいえ,日本海女中 / ワロンマイナー輩先 / サルパちゃん / ɚすぃとあろま？ / 大浜美波さん
5,97,em-7930454375ec,パラワン探検隊,18,3219,3333,4,aoe_attack,0.3326,0.4514,93,7,8,いいえ,ハリウッドナナコ師匠 / ワロンマイナー輩先 / 摩陀羅　潮真 / むぅむぅ / パラワン探検隊
5,98,em-049ada05607b,眠里　不可緒,16,3578,2315,5,attack_buff,0.3321,0.4306,100,0,8,いいえ,有砂小町 / ワロンマイナー輩先 / トマティーナ少佐 / 呼んでますトムさん / 眠里　不可緒
5,99,em-ec64495c1963,レブカ大先生,38,5793,2984,5,aoe_attack,0.3307,0.4583,99,1,5,いいえ,タキシラ師匠 / えかちぇたん / すわ子isGOD！ / ɚすぃとあろま？ / レブカ大先生
5,100,em-f3ce9865b46f,BeasT5,38,4116,4664,7,delay,0.3306,0.3333,99,1,5,いいえ,タキシラ師匠 / えかちぇたん / すわ子isGOD！ / ɚすぃとあろま？ / BeasT5
5,101,em-573a74e6170b,God of 魚ぉ！,8,1269,1128,4,heal,0.3305,0.5069,95,5,8,いいえ,ハリウッドナナコ師匠 / えかちぇたん / 摩陀羅　潮真 / むぅむぅ / God of 魚ぉ！
5,102,em-df40dba7c56a,高野さん,34,4089,4089,5,skill_reduction,0.3305,0.3542,100,0,7,いいえ,日本海女中 / ワロンマイナー輩先 / 試作型おこしん / むぅむぅ / 高野さん
5,103,em-ec978322ece8,タイプ：テン,20,3864,966,4,guard,0.3302,0.4306,94,6,8,いいえ,日本海女中 / ワロンマイナー輩先 / 試作型おこしん / 諏訪子成長期 / タイプ：テン
5,104,em-9467ad3af2e0,大杵社のユッフィー,19,1699,1699,5,attack_buff,0.3301,0.4375,94,6,8,いいえ,ハリウッドナナコ師匠 / ワロンマイナー輩先 / 摩陀羅　潮真 / むぅむぅ / 大杵社のユッフィー
5,105,em-472362bb4365,超えぇじゃないか,12,840,760,6,aoe_attack,0.3298,0.4722,100,0,8,いいえ,有砂小町 / ワロンマイナー輩先 / 摩陀羅　潮真 / ＢＥＷ雪玉 / 超えぇじゃないか
5,106,em-55cdacc97f8e,バーチャルおぅぼっと,25,4025,1610,7,damage_reduction,0.3291,0.4722,99,1,8,いいえ,日本海女中 / ワロンマイナー輩先 / 試作型おこしん / 諏訪子成長期 / バーチャルおぅぼっと
5,107,em-40c34074cbb0,おかいこさま,17,2756,2511,4,attribute_change,0.329,0.4583,91,9,8,いいえ,日本海女中 / ワロンマイナー輩先 / 試作型おこしん / 諏訪子成長期 / おかいこさま
5,108,em-bc840d35c547,ジ・あるじや,20,4025,1610,4,skill_reduction,0.329,0.3819,94,6,8,いいえ,日本海女中 / ワロンマイナー輩先 / 試作型おこしん / 諏訪子成長期 / ジ・あるじや
5,109,em-a6927eca01fa,すわ子ちゃん,8,500,800,6,multi_hit_attack,0.3287,0.4653,96,4,8,いいえ,有砂小町 / ワロンマイナー輩先 / 摩陀羅　潮真 / ＢＥＷ雪玉 / すわ子ちゃん
5,110,em-6a3f787c507e,梵天くん,12,700,900,7,aoe_attack,0.3286,0.4653,100,0,8,いいえ,有砂小町 / ワロンマイナー輩先 / 摩陀羅　潮真 / ＢＥＷ雪玉 / 梵天くん
5,111,em-cce942b02eb0,激えぇじゃないか,14,1300,1100,5,aoe_attack,0.3278,0.4097,86,14,8,いいえ,タキシラ師匠 / えかちぇたん / イチャン～(から) / 呼んでますトムさん / 激えぇじゃないか
5,112,em-865f442bc56a,神魚！はたはタン,6,700,600,4,heal,0.3276,0.5347,100,0,8,いいえ,ハリウッドナナコ師匠 / モチノ・ウオ丸 / 摩陀羅　潮真 / むぅむぅ / 神魚！はたはタン
5,113,em-9e9fc5ee5a9c,深淵のエルフ,18,2537,3059,4,attack_buff,0.3273,0.4097,93,7,8,いいえ,ハリウッドナナコ師匠 / ワロンマイナー輩先 / 摩陀羅　潮真 / むぅむぅ / 深淵のエルフ
5,114,em-826b6ae61786,スワン王,9,1229,1173,4,skill_reduction,0.3272,0.4722,94,6,8,いいえ,日本海女中 / ワロンマイナー輩先 / 摩陀羅　潮真 / むぅむぅ / スワン王
5,115,em-5819b668aba5,ﾌﾗｲﾝｸﾞ･ﾀﾞｯﾁさん,41,3403,4601,5,delay,0.3257,0.3194,98,2,8,いいえ,青玉の供犠ぴよ子 / ワロンマイナー輩先 / 試作型おこしん / むぅむぅ / ﾌﾗｲﾝｸﾞ･ﾀﾞｯﾁさん
5,116,em-bd2931324bdc,夢ナマコちゃん,15,1976,1090,6,attribute_guard,0.3252,0.5069,100,0,8,いいえ,日本海女中 / ワロンマイナー輩先 / 摩陀羅　潮真 / むぅむぅ / 夢ナマコちゃん
5,117,em-7e5ff582788f,INする★パンドラ,28,3059,1932,6,attribute_guard,0.3245,0.4722,94,6,8,いいえ,日本海女中 / ワロンマイナー輩先 / 試作型おこしん / むぅむぅ / INする★パンドラ
5,118,em-681c8662f2b6,まさか殿(ｼﾞｬｰｼﾞ),55,6475,3748,6,delay,0.3245,0.2847,100,0,6,いいえ,日本海女中 / ワロンマイナー輩先 / 試作型おこしん / トキシッくんｵｯｽｵｯｽ / まさか殿(ｼﾞｬｰｼﾞ)
5,119,em-d603cde2467a,ほたるーニャん,5,450,650,4,attribute_change,0.3238,0.5347,90,10,8,いいえ,日本海女中 / ワロンマイナー輩先 / 摩陀羅　潮真 / むぅむぅ / ほたるーニャん
5,120,em-ba817035b6a5,ハクさんの本気,38,4601,4089,5,attack_buff,0.3236,0.3889,99,1,5,いいえ,タキシラ師匠 / えかちぇたん / すわ子isGOD！ / ɚすぃとあろま？ / ハクさんの本気
5,121,em-8421c50f30c7,しょーかさん,8,700,800,6,multi_hit_attack,0.3234,0.4653,96,4,8,いいえ,有砂小町 / ワロンマイナー輩先 / 摩陀羅　潮真 / ＢＥＷ雪玉 / しょーかさん
5,122,em-9bad632dc3a9,秋田世界発見伝,24,3838,845,4,guard,0.3232,0.4097,98,2,8,いいえ,日本海女中 / ワロンマイナー輩先 / 試作型おこしん / 諏訪子成長期 / 秋田世界発見伝
5,123,em-0add6b5a96ff,朦朧ボディマンα,9,300,1000,10,multi_hit_attack,0.3221,0.4653,97,3,8,いいえ,有砂小町 / ワロンマイナー輩先 / 摩陀羅　潮真 / ＢＥＷ雪玉 / 朦朧ボディマンα
5,124,em-cd5bbd27a3ee,熊とか絶対殺すマン,40,4086,4771,5,delay,0.3216,0.3125,97,3,8,いいえ,青玉の供犠ぴよ子 / ワロンマイナー輩先 / 試作型おこしん / むぅむぅ / 熊とか絶対殺すマン
5,125,em-f0bd2d18332e,Woo怪さん,8,600,700,6,multi_hit_attack,0.3215,0.4653,96,4,8,いいえ,有砂小町 / ワロンマイナー輩先 / 摩陀羅　潮真 / ＢＥＷ雪玉 / Woo怪さん
5,126,em-33289e43e28b,ほたるーニャん☆ミ,7,650,700,4,attribute_change,0.3214,0.5278,100,0,8,いいえ,日本海女中 / ワロンマイナー輩先 / 摩陀羅　潮真 / 諏訪子成長期 / ほたるーニャん☆ミ
5,127,em-9329de26d52c,iびるん大魔王,14,1812,1963,5,guard,0.3211,0.4931,99,1,8,いいえ,日本海女中 / ワロンマイナー輩先 / 摩陀羅　潮真 / むぅむぅ / iびるん大魔王
5,128,em-3e54a6be4029,おかいこ先輩,15,1206,1276,5,attribute_change,0.321,0.5139,100,0,8,いいえ,日本海女中 / ワロンマイナー輩先 / 摩陀羅　潮真 / むぅむぅ / おかいこ先輩
5,129,em-05c5072dc080,橘の元祖☆みっちー,75,9798,4515,4,skill_reduction,0.3205,0.2153,100,0,4,いいえ,ハリウッドナナコ師匠 / 新・フィッシャーマン / 覚醒ニート / のり男 / 橘の元祖☆みっちー
5,130,em-999d33621829,おたべ妖精,7,1272,1131,4,delay,0.3198,0.4514,100,0,8,いいえ,日本海女中 / ワロンマイナー輩先 / 摩陀羅　潮真 / 諏訪子成長期 / おたべ妖精
5,131,em-0dca19ae5992,降臨！天草トッキー,43,4260,5964,4,attack_buff,0.3192,0.3333,100,0,8,いいえ,青玉の供犠ぴよ子 / ワロンマイナー輩先 / 試作型おこしん / むぅむぅ / 降臨！天草トッキー
5,132,em-6437dd94e076,河口西子,15,900,1300,6,delay,0.3187,0.4722,100,0,8,いいえ,日本海女中 / ワロンマイナー輩先 / 摩陀羅　潮真 / むぅむぅ / 河口西子
5,133,em-8d2b5bd68a94,ズースさんとシーラさん,6,800,600,4,attack_buff,0.3184,0.4097,96,4,8,いいえ,ハリウッドナナコ師匠 / ワロンマイナー輩先 / 大晦日のネギそば給仕少女 / 御嶽さん / ズースさんとシーラさん
5,134,em-e9d9b60eefb1,鈴鹿忍者,20,1623,2189,5,skill_reduction,0.3179,0.3889,95,5,8,いいえ,ハリウッドナナコ師匠 / ワロンマイナー輩先 / 摩陀羅　潮真 / むぅむぅ / 鈴鹿忍者
5,135,em-577ab88ffefc,河口精進子,8,800,1100,7,delay,0.3177,0.4722,93,7,8,いいえ,日本海女中 / ワロンマイナー輩先 / 摩陀羅　潮真 / むぅむぅ / 河口精進子
5,136,em-204ef16c9e26,カピ原雄さん,6,300,500,6,revive,0.3171,0.5694,100,0,8,いいえ,ハリウッドナナコ師匠 / モチノ・ウオ丸 / 摩陀羅　潮真 / むぅむぅ / カピ原雄さん
5,137,em-c69e39cf7701,伏ちゃん,12,1597,516,5,guard,0.317,0.4861,97,3,8,いいえ,日本海女中 / ワロンマイナー輩先 / 摩陀羅　潮真 / むぅむぅ / 伏ちゃん
5,138,em-9cbbb04818bd,シミ,20,1704,2215,4,heal,0.317,0.4097,100,0,8,いいえ,速いぞサラマンダー！ / えかちぇたん / サルパちゃん / 呼んでますトムさん / シミ
5,139,em-d7e5ef0e4b97,実はこんにゃくちゃん,9,1198,1204,7,guard,0.3167,0.4375,100,0,8,いいえ,有砂小町 / ワロンマイナー輩先 / トマティーナ少佐 / みさきパイセン / 実はこんにゃくちゃん
5,140,em-8594f11c20bf,替え玉ひろし,12,790,810,5,attack_buff,0.3164,0.4861,100,0,8,いいえ,有砂小町 / ワロンマイナー輩先 / 摩陀羅　潮真 / ＢＥＷ雪玉 / 替え玉ひろし
5,141,em-e501cdcbd254,サタデーナイト郡上２,9,600,700,6,aoe_attack,0.3164,0.4722,97,3,8,いいえ,有砂小町 / ワロンマイナー輩先 / 摩陀羅　潮真 / ＢＥＷ雪玉 / サタデーナイト郡上２
5,142,em-e7b02783dd94,梵天ちゃん,8,500,700,8,aoe_attack,0.3162,0.4722,96,4,8,いいえ,有砂小町 / ワロンマイナー輩先 / 摩陀羅　潮真 / ＢＥＷ雪玉 / 梵天ちゃん
5,143,em-a20c59ca87c1,Let's☆ハチ公,33,6560,1448,5,delay,0.3155,0.3472,94,6,7,いいえ,タキシラ師匠 / えかちぇたん / すわ子isGOD！ / ɚすぃとあろま？ / Let's☆ハチ公
5,144,em-a0e736cc95fd,ユッフィーさん,12,704,700,5,attack_buff,0.3146,0.4861,100,0,8,いいえ,有砂小町 / ワロンマイナー輩先 / 摩陀羅　潮真 / ＢＥＷ雪玉 / ユッフィーさん
5,145,em-0af21062aa7c,ｻﾗﾏﾝﾀﾞｰ祝High気分,30,2898,2817,6,skill_reduction,0.3141,0.3819,99,1,8,いいえ,タキシラ師匠 / えかちぇたん / イチャン～(から) / ɚすぃとあろま？ / ｻﾗﾏﾝﾀﾞｰ祝High気分
5,146,em-a66d3edc0ac1,水戸Come On!,38,3493,3237,4,delay,0.3129,0.3403,99,1,5,いいえ,タキシラ師匠 / えかちぇたん / すわ子isGOD！ / ɚすぃとあろま？ / 水戸Come On!
5,147,em-6c5c24ebebea,こんぴらさん,15,1100,1100,8,delay,0.3127,0.4722,100,0,8,いいえ,日本海女中 / ワロンマイナー輩先 / 摩陀羅　潮真 / むぅむぅ / こんぴらさん
5,148,em-e8331e3aec6c,辰の子ぴよ子,70,6898,4089,10,multi_hit_attack,0.3126,0.2153,92,8,4,いいえ,戸隠ちび丸 / 総統エビユルゲ / 覚醒ニート / 覚醒むりょく / 辰の子ぴよ子
5,149,em-d6cc97b363eb,ユウレイイカさん,10,1363,1704,5,revive,0.3125,0.5417,97,3,8,いいえ,ハリウッドナナコ師匠 / えかちぇたん / 摩陀羅　潮真 / むぅむぅ / ユウレイイカさん
5,150,em-2a5e6ca1207c,ケーンクラちゃん,81,9713,4089,6,damage_reduction,0.3119,0.3194,99,1,2,いいえ,ハリウッドナナコ師匠 / フィッシャーマン / 覚醒ニート / コニーちゃん / ケーンクラちゃん
5,151,em-5b5d08d879f7,おかいこさん,12,797,816,5,attribute_change,0.3116,0.5139,97,3,7,いいえ,日本海女中 / ワロンマイナー輩先 / 摩陀羅　潮真 / むぅむぅ / おかいこさん
5,152,em-a66f91385c36,伝説のキャミー,10,700,1100,4,heal,0.3116,0.5,97,3,8,いいえ,ハリウッドナナコ師匠 / えかちぇたん / 摩陀羅　潮真 / むぅむぅ / 伝説のキャミー
5,153,em-1232a815b671,みさきさん,16,1000,1200,5,multi_hit_attack,0.3105,0.3958,88,12,8,いいえ,タキシラ師匠 / えかちぇたん / イチャン～(から) / 呼んでますトムさん / みさきさん
5,154,em-06a82dd4f95a,やまとーる海将,18,2567,1208,4,damage_reduction,0.3104,0.4028,92,8,8,いいえ,日本海女中 / ワロンマイナー輩先 / 試作型おこしん / 諏訪子成長期 / やまとーる海将
5,155,em-05133b447edd,コメツキ,55,5453,5406,5,skill_reduction,0.3102,0.2639,100,0,6,いいえ,日本海女中 / ワロンマイナー輩先 / 試作型おこしん / トキシッくんｵｯｽｵｯｽ / コメツキ
5,156,em-aad8fae6b05f,やまとーる海佐,12,1000,700,5,damage_reduction,0.3098,0.4861,97,3,7,いいえ,日本海女中 / ワロンマイナー輩先 / 摩陀羅　潮真 / むぅむぅ / やまとーる海佐
5,157,em-bbff6b354f45,くうかいさん,12,700,1100,4,skill_reduction,0.3098,0.4722,97,3,7,いいえ,日本海女中 / ワロンマイナー輩先 / 摩陀羅　潮真 / むぅむぅ / くうかいさん
5,158,em-2a26d74bb300,鮫っ子！フカオちゃん,21,4430,2996,5,attack_buff,0.3098,0.375,97,3,8,いいえ,有砂小町 / ワロンマイナー輩先 / 試作型おこしん / 呼んでますトムさん / 鮫っ子！フカオちゃん
5,159,em-1fcc8f4c1ae3,ヴェルサイユの朝,45,2556,6645,5,attack_buff,0.3097,0.3194,100,0,8,いいえ,速いぞサラマンダー！ / ワロンマイナー輩先 / 試作型おこしん / みさきパイセン / ヴェルサイユの朝
5,160,em-2625991e40c1,恐れない幽子,11,470,510,6,revive,0.3095,0.5278,98,2,8,いいえ,ハリウッドナナコ師匠 / えかちぇたん / 摩陀羅　潮真 / むぅむぅ / 恐れない幽子
5,161,em-a58c4fcc6b2e,けねず大先生,14,1699,1699,4,damage_reduction,0.3094,0.4931,99,1,8,いいえ,日本海女中 / ワロンマイナー輩先 / 摩陀羅　潮真 / むぅむぅ / けねず大先生
5,162,em-82e855b7910f,栗林掬太郎,33,5453,2385,4,heal,0.3092,0.3958,96,4,7,いいえ,ハリウッドナナコ師匠 / えかちぇたん / すわ子isGOD！ / 呼んでますトムさん / 栗林掬太郎
5,163,em-ba3e87e06882,ぴよ子ファーザー,20,357,3577,4,attack_buff,0.3089,0.4097,95,5,8,いいえ,ハリウッドナナコ師匠 / ワロンマイナー輩先 / 摩陀羅　潮真 / むぅむぅ / ぴよ子ファーザー
5,164,em-458c94f99220,ほたるーニャ,3,350,500,5,attribute_change,0.3078,0.5208,88,12,8,いいえ,日本海女中 / ワロンマイナー輩先 / 摩陀羅　潮真 / むぅむぅ / ほたるーニャ
5,165,em-434faacf4307,Woo怪くん,6,500,600,7,multi_hit_attack,0.3078,0.4583,94,6,8,いいえ,有砂小町 / ワロンマイナー輩先 / 摩陀羅　潮真 / ＢＥＷ雪玉 / Woo怪くん
5,166,em-78804a795640,ズンビージョンきゅん,39,1448,4771,6,revive,0.3078,0.4514,99,1,5,いいえ,ハリウッドナナコ師匠 / えかちぇたん / すわ子isGOD！ / ɚすぃとあろま？ / ズンビージョンきゅん
5,167,em-d35809f53912,鎌倉式ＤＢ２零式,15,1807,856,9,guard,0.3076,0.4792,100,0,8,いいえ,日本海女中 / ワロンマイナー輩先 / 摩陀羅　潮真 / むぅむぅ / 鎌倉式ＤＢ２零式
5,168,em-0d449e302187,水神ヨッカブイ先生,54,3714,5418,5,damage_reduction,0.3076,0.3611,99,1,7,いいえ,日本海女中 / ワロンマイナー輩先 / 試作型おこしん / トキシッくんｵｯｽｵｯｽ / 水神ヨッカブイ先生
5,169,em-1290652c5171,萌やし博士,10,408,1212,4,attack_buff,0.3073,0.4861,98,2,8,いいえ,有砂小町 / ワロンマイナー輩先 / 摩陀羅　潮真 / ＢＥＷ雪玉 / 萌やし博士
5,170,em-8527b3dd869a,帰って来たいぬやマン,21,1661,1661,4,attack_buff,0.3069,0.4028,96,4,8,いいえ,ハリウッドナナコ師匠 / ワロンマイナー輩先 / 摩陀羅　潮真 / むぅむぅ / 帰って来たいぬやマン
5,171,em-f3234f88661c,氷の大魔女カナリン,43,7497,1641,5,revive,0.306,0.4306,94,6,8,いいえ,日本海女中 / ワロンマイナー輩先 / 試作型おこしん / 呼んでますトムさん / 氷の大魔女カナリン
5,172,em-87b19d1c9d4e,ベリーズさん,9,1057,1692,5,attack_buff,0.3059,0.4722,97,3,8,いいえ,有砂小町 / ワロンマイナー輩先 / 摩陀羅　潮真 / ＢＥＷ雪玉 / ベリーズさん
5,173,em-83c97b8f4e6e,アルルのキャミー,40,4001,6236,4,heal,0.3059,0.3611,100,0,8,いいえ,日本海女中 / えかちぇたん / 試作型おこしん / ɚすぃとあろま？ / アルルのキャミー
5,174,em-2d1c8d50a6d1,スマートouぼっと,17,2265,1510,5,damage_reduction,0.3056,0.4097,91,9,8,いいえ,日本海女中 / ワロンマイナー輩先 / 試作型おこしん / 諏訪子成長期 / スマートouぼっと
5,175,em-a4adc4bc9b7c,魁！安井道さん,12,1215,1187,5,guard,0.3055,0.4792,97,3,7,いいえ,日本海女中 / ワロンマイナー輩先 / 摩陀羅　潮真 / むぅむぅ / 魁！安井道さん
5,176,em-a93e62a47cbd,ホレズ先生,25,3494,3043,6,revive,0.3053,0.4444,98,2,8,いいえ,ハリウッドナナコ師匠 / えかちぇたん / サルパちゃん / 呼んでますトムさん / ホレズ先生
5,177,em-f89a98dd9893,大魔神！せいタン降臨,48,2044,6305,4,attack_buff,0.3053,0.3264,99,1,8,いいえ,日本海女中 / ワロンマイナー輩先 / 試作型おこしん / 呼んでますトムさん / 大魔神！せいタン降臨
5,178,em-2f5dd4b0a739,大内先輩,9,800,800,4,heal,0.3047,0.4861,96,4,8,いいえ,ハリウッドナナコ師匠 / えかちぇたん / 摩陀羅　潮真 / むぅむぅ / 大内先輩
5,179,em-2d8e102d95f3,えぇじゃないか,8,640,580,7,aoe_attack,0.3046,0.4583,96,4,8,いいえ,有砂小町 / ワロンマイナー輩先 / 摩陀羅　潮真 / ＢＥＷ雪玉 / えぇじゃないか
5,180,em-ff9248487a17,じょーカー＆ちょーカー,14,800,1000,5,delay,0.3045,0.4722,99,1,8,いいえ,日本海女中 / ワロンマイナー輩先 / 摩陀羅　潮真 / むぅむぅ / じょーカー＆ちょーカー
5,181,em-469fc4e70bad,エヴァンジェ・凛,48,5091,3428,5,heal,0.3044,0.4097,99,1,8,いいえ,日本海女中 / ワロンマイナー輩先 / 試作型おこしん / 呼んでますトムさん / エヴァンジェ・凛
5,182,em-04cdb17f3b71,ひろし多め,9,690,714,6,attack_buff,0.3039,0.4792,97,3,8,いいえ,有砂小町 / ワロンマイナー輩先 / 摩陀羅　潮真 / ＢＥＷ雪玉 / ひろし多め
5,183,em-760bb0daf1c9,ゲキ悪オヤジ(神),53,5112,5112,6,delay,0.3038,0.2569,99,1,7,いいえ,ハリウッドナナコ師匠 / ワロンマイナー輩先 / トマティーナ少佐 / ɚすぃとあろま？ / ゲキ悪オヤジ(神)
5,184,em-d5d58dc5e468,子供神・わらしちゃん,7,565,1131,4,delay,0.303,0.4444,100,0,8,いいえ,日本海女中 / ワロンマイナー輩先 / 摩陀羅　潮真 / 諏訪子成長期 / 子供神・わらしちゃん
5,185,em-a0762b5d76ab,シーラちゃん,5,600,550,4,attack_buff,0.303,0.4028,100,0,8,いいえ,ダリア・宮子・9 / 夏至祭のヴァサクサ君 / 摩陀羅　潮真 / ＢＥＷ雪玉 / シーラちゃん
5,186,em-9da039c08ead,キャミー先生,6,500,600,4,heal,0.3025,0.5208,100,0,8,いいえ,ハリウッドナナコ師匠 / モチノ・ウオ丸 / 摩陀羅　潮真 / むぅむぅ / キャミー先生
5,187,em-ae6ea6bc1914,ズースくん,3,500,400,4,attack_buff,0.3015,0.4097,93,7,8,いいえ,ハリウッドナナコ師匠 / ワロンマイナー輩先 / 大晦日のネギそば給仕少女 / 御嶽さん / ズースくん
5,188,em-7960727b4ac3,伝説のひろし,15,1681,1714,5,attack_buff,0.3015,0.4028,98,2,8,いいえ,ハリウッドナナコ師匠 / ワロンマイナー輩先 / 摩陀羅　潮真 / 諏訪子成長期 / 伝説のひろし
5,189,em-c2dc184a86c0,爆誕！さくどん,45,3408,4260,9,delay,0.3015,0.3125,96,4,8,いいえ,日本海女中 / ワロンマイナー輩先 / 試作型おこしん / 呼んでますトムさん / 爆誕！さくどん
5,190,em-c67e33bb61cf,鎌倉式ＤＢ２涅槃型改,19,4105,1690,9,guard,0.3009,0.3819,93,7,8,いいえ,日本海女中 / ワロンマイナー輩先 / 試作型おこしん / 諏訪子成長期 / 鎌倉式ＤＢ２涅槃型改
5,191,em-3d2c7dfded66,サタデーナイト郡上,6,500,600,7,aoe_attack,0.2995,0.4583,94,6,8,いいえ,有砂小町 / ワロンマイナー輩先 / 摩陀羅　潮真 / ＢＥＷ雪玉 / サタデーナイト郡上
5,192,em-58f4a804ff7f,マリンな白良さん,12,710,694,4,attack_buff,0.2993,0.4722,100,0,8,いいえ,有砂小町 / ワロンマイナー輩先 / 摩陀羅　潮真 / ＢＥＷ雪玉 / マリンな白良さん
5,193,em-9ca244c83a38,ʤouカー＆ʧouカー,16,1510,2124,4,delay,0.2993,0.375,99,1,8,いいえ,ハリウッドナナコ師匠 / ワロンマイナー輩先 / 摩陀羅　潮真 / 諏訪子成長期 / ʤouカー＆ʧouカー
5,194,em-198e928f6d0b,なるとマン,9,800,700,4,attack_buff,0.2986,0.4722,97,3,8,いいえ,有砂小町 / ワロンマイナー輩先 / 摩陀羅　潮真 / ＢＥＷ雪玉 / なるとマン
5,195,em-b078ec458c73,ににぎさん,12,770,830,6,attack_buff,0.2985,0.4792,100,0,8,いいえ,有砂小町 / ワロンマイナー輩先 / 摩陀羅　潮真 / ＢＥＷ雪玉 / ににぎさん
5,196,em-32f3aa536bcf,境地！絶海のあん子,7,502,488,4,heal,0.2985,0.4722,94,6,8,いいえ,ハリウッドナナコ師匠 / えかちぇたん / 摩陀羅　潮真 / むぅむぅ / 境地！絶海のあん子
5,197,em-a2165d67f8cb,こんぴらくん,12,900,900,7,delay,0.298,0.4653,97,3,7,いいえ,日本海女中 / ワロンマイナー輩先 / 摩陀羅　潮真 / むぅむぅ / こんぴらくん
5,198,em-7aeb7561c788,ににぎのミコト,50,4941,3748,5,attack_buff,0.298,0.3264,99,1,7,いいえ,ハリウッドナナコ師匠 / ワロンマイナー輩先 / トマティーナ少佐 / 呼んでますトムさん / ににぎのミコト
5,199,em-d8349efcae1b,鰹でよくね?,5,700,700,7,skill_reduction,0.2979,0.4653,90,10,8,いいえ,日本海女中 / ワロンマイナー輩先 / 摩陀羅　潮真 / むぅむぅ / 鰹でよくね?
5,200,em-560cbdf184d6,ユッフィーちゃん,8,606,600,5,attack_buff,0.2977,0.4722,96,4,8,いいえ,有砂小町 / ワロンマイナー輩先 / 摩陀羅　潮真 / ＢＥＷ雪玉 / ユッフィーちゃん
5,201,em-a5abadbcbc7d,ちょーカーちゃん,10,700,900,5,delay,0.2973,0.4653,95,5,8,いいえ,日本海女中 / ワロンマイナー輩先 / 摩陀羅　潮真 / むぅむぅ / ちょーカーちゃん
5,202,em-d295de1e4086,海の日シスターズ♪,40,3823,4657,4,attack_buff,0.2973,0.3125,97,3,8,いいえ,青玉の供犠ぴよ子 / ワロンマイナー輩先 / 試作型おこしん / むぅむぅ / 海の日シスターズ♪
5,203,em-4299af9bd2dc,皐月むりょく,4,614,614,6,skill_reduction,0.2961,0.4653,89,11,8,いいえ,日本海女中 / ワロンマイナー輩先 / 摩陀羅　潮真 / むぅむぅ / 皐月むりょく
5,204,em-ec52e54bb473,ﾀｰｷｰﾃﾞ-なじとっこ君,10,706,2403,4,attack_buff,0.2959,0.4861,98,2,8,いいえ,有砂小町 / ワロンマイナー輩先 / 摩陀羅　潮真 / ＢＥＷ雪玉 / ﾀｰｷｰﾃﾞ-なじとっこ君
5,205,em-05476daa6b31,だんじり鉄砲隊,26,805,3599,4,attack_buff,0.2958,0.4097,95,5,8,いいえ,タキシラ師匠 / えかちぇたん / イチャン～(から) / ɚすぃとあろま？ / だんじり鉄砲隊
5,206,em-309e9bdb12e4,萌やし戦士,14,773,2573,4,attack_buff,0.2955,0.4097,96,4,8,いいえ,日本海女中 / 夏至祭のヴァサクサ君 / 摩陀羅　潮真 / みさきパイセン / 萌やし戦士
5,207,em-5a3daf6cbf77,白良さん,8,600,605,4,attack_buff,0.2954,0.4722,96,4,8,いいえ,有砂小町 / ワロンマイナー輩先 / 摩陀羅　潮真 / ＢＥＷ雪玉 / 白良さん
5,208,em-671838a10625,皐月ニート,4,614,614,6,skill_reduction,0.2951,0.4653,89,11,8,いいえ,日本海女中 / ワロンマイナー輩先 / 摩陀羅　潮真 / むぅむぅ / 皐月ニート
5,209,em-31faaa08a3e5,ジャノメぴよ子,8,1105,1122,7,attribute_guard,0.2949,0.4375,99,1,8,いいえ,有砂小町 / ワロンマイナー輩先 / トマティーナ少佐 / みさきパイセン / ジャノメぴよ子
5,210,em-144acde7efe5,魚臣！又土くん,4,500,650,7,skill_reduction,0.2945,0.4653,89,11,8,いいえ,日本海女中 / ワロンマイナー輩先 / 摩陀羅　潮真 / むぅむぅ / 魚臣！又土くん
5,211,em-dd5697e42ab7,まお先輩,9,600,850,5,skill_reduction,0.2943,0.4653,94,6,8,いいえ,日本海女中 / ワロンマイナー輩先 / 摩陀羅　潮真 / むぅむぅ / まお先輩
5,212,em-19a1ef813069,絶品！さくらん兄妹,10,780,820,5,skill_reduction,0.2942,0.4653,95,5,8,いいえ,日本海女中 / ワロンマイナー輩先 / 摩陀羅　潮真 / むぅむぅ / 絶品！さくらん兄妹
5,213,em-0ba3ddcc384c,雛段芸人☆さくらんず,16,1510,1887,5,skill_reduction,0.2941,0.375,99,1,8,いいえ,ハリウッドナナコ師匠 / ワロンマイナー輩先 / 摩陀羅　潮真 / 諏訪子成長期 / 雛段芸人☆さくらんず
5,214,em-6ed81c8341b0,萌やし紳士,8,308,898,4,attack_buff,0.2935,0.4722,96,4,8,いいえ,有砂小町 / ワロンマイナー輩先 / 摩陀羅　潮真 / ＢＥＷ雪玉 / 萌やし紳士
5,215,em-f354ab7f7554,漆黒のいびるん,12,800,1000,5,guard,0.2919,0.4861,97,3,7,いいえ,日本海女中 / ワロンマイナー輩先 / 摩陀羅　潮真 / むぅむぅ / 漆黒のいびるん
5,216,em-57e25e9e3446,にゅーくん,8,400,1700,4,guard,0.2914,0.4028,99,1,8,いいえ,有砂小町 / ワロンマイナー輩先 / トマティーナ少佐 / みさきパイセン / にゅーくん
5,217,em-f3861e35df6f,暗黒王まはーかーらん,47,3731,3926,4,delay,0.2913,0.3056,98,2,8,いいえ,日本海女中 / ワロンマイナー輩先 / 試作型おこしん / 呼んでますトムさん / 暗黒王まはーかーらん
5,218,em-5793db0a4078,リンゴール伯爵,5,700,600,4,delay,0.291,0.4653,90,10,8,いいえ,日本海女中 / ワロンマイナー輩先 / 摩陀羅　潮真 / むぅむぅ / リンゴール伯爵
5,219,em-07a788dc89b4,シャボテン丸,11,400,600,6,revive,0.2902,0.5208,98,2,8,いいえ,ハリウッドナナコ師匠 / えかちぇたん / 摩陀羅　潮真 / むぅむぅ / シャボテン丸
5,220,em-7fafc017f6f6,水蛭子リターンズ,43,6816,3408,7,revive,0.2898,0.3958,100,0,8,いいえ,ハリウッドナナコ師匠 / ワロンマイナー輩先 / トマティーナ少佐 / みどりのたけしマン / 水蛭子リターンズ
5,221,em-3bd6544e0bce,窓辺のやまなしーヌ,13,700,800,4,skill_reduction,0.289,0.4653,98,2,8,いいえ,日本海女中 / ワロンマイナー輩先 / 摩陀羅　潮真 / むぅむぅ / 窓辺のやまなしーヌ
5,222,em-5861838d2e36,ばうあー泥棒,35,4771,3033,4,attack_buff,0.289,0.4514,98,2,7,いいえ,日本海女中 / ワロンマイナー輩先 / 摩陀羅　潮真 / ＢＥＷ雪玉 / ばうあー泥棒
5,223,em-e37685227f53,さくちゃん,9,680,724,5,skill_reduction,0.2886,0.4653,94,6,8,いいえ,日本海女中 / ワロンマイナー輩先 / 摩陀羅　潮真 / むぅむぅ / さくちゃん
5,224,em-1b8d4b845182,キャミーという女,8,600,800,4,heal,0.2884,0.4792,95,5,8,いいえ,ハリウッドナナコ師匠 / えかちぇたん / 摩陀羅　潮真 / むぅむぅ / キャミーという女
5,225,em-c5dbda5d8d5b,湘南パボーイ,12,318,911,4,attack_buff,0.2881,0.4722,100,0,8,いいえ,有砂小町 / ワロンマイナー輩先 / 摩陀羅　潮真 / ＢＥＷ雪玉 / 湘南パボーイ
5,226,em-f119f767f457,アダム＆エバ,50,5112,4260,4,attack_buff,0.288,0.3056,99,1,7,いいえ,ハリウッドナナコ師匠 / ワロンマイナー輩先 / トマティーナ少佐 / 呼んでますトムさん / アダム＆エバ
5,227,em-608e027bd3d8,建国の騎士団,12,800,700,8,attribute_guard,0.2875,0.4653,97,3,7,いいえ,日本海女中 / ワロンマイナー輩先 / 摩陀羅　潮真 / むぅむぅ / 建国の騎士団
5,228,em-af3decda6522,式部卿鮒麿,8,640,565,5,heal,0.2872,0.4722,100,0,8,いいえ,日本海女中 / えかちぇたん / 大晦日のネギそば給仕少女 / ɚすぃとあろま？ / 式部卿鮒麿
5,229,em-08f945aef274,朦朧ボディマン,6,200,500,11,multi_hit_attack,0.2871,0.4583,94,6,8,いいえ,有砂小町 / ワロンマイナー輩先 / 摩陀羅　潮真 / ＢＥＷ雪玉 / 朦朧ボディマン
5,230,em-547d0e27e1f1,魚堅くん,3,400,500,7,skill_reduction,0.2866,0.4653,88,12,8,いいえ,日本海女中 / ワロンマイナー輩先 / 摩陀羅　潮真 / むぅむぅ / 魚堅くん
5,231,em-a41e1401ab71,こんぴらさんさん,19,1500,1500,9,delay,0.2865,0.3889,94,6,8,いいえ,ハリウッドナナコ師匠 / ワロンマイナー輩先 / 摩陀羅　潮真 / むぅむぅ / こんぴらさんさん
5,232,em-4980bf27b119,淡路な浄瑠璃さん,10,708,700,7,skill_reduction,0.2863,0.4653,95,5,8,いいえ,日本海女中 / ワロンマイナー輩先 / 摩陀羅　潮真 / むぅむぅ / 淡路な浄瑠璃さん
5,233,em-0e376d1892df,メネリくん一世,72,6134,3067,4,guard,0.2863,0.2361,98,2,4,いいえ,ハリウッドナナコ師匠 / 新・フィッシャーマン / 覚醒ニート / のり男さん / メネリくん一世
5,234,em-f49b19428b58,ちび丸のハロウィン,17,255,2896,4,revive,0.2861,0.4514,99,1,8,いいえ,日本海女中 / 夏至祭のヴァサクサ君 / 摩陀羅　潮真 / みさきパイセン / ちび丸のハロウィン
5,235,em-c7088988ea18,ガンギマリのメル先生,12,597,341,5,multi_hit_attack,0.2857,0.5139,100,0,8,いいえ,有砂小町 / ワロンマイナー輩先 / 摩陀羅　潮真 / ＢＥＷ雪玉 / ガンギマリのメル先生
5,236,em-84808a58aa1d,近江守鮒麿,11,764,640,5,heal,0.2857,0.4722,98,2,8,いいえ,ハリウッドナナコ師匠 / えかちぇたん / 摩陀羅　潮真 / むぅむぅ / 近江守鮒麿
5,237,em-28a4ccf4cbfc,ステンバーイちび蔵,24,596,3748,4,revive,0.2855,0.4375,94,6,8,いいえ,ハリウッドナナコ師匠 / えかちぇたん / サルパちゃん / ɚすぃとあろま？ / ステンバーイちび蔵
5,238,em-33efacdd0b0b,ににぎ先輩,18,1100,1300,5,attack_buff,0.2853,0.4097,93,7,8,いいえ,ハリウッドナナコ師匠 / ワロンマイナー輩先 / 摩陀羅　潮真 / むぅむぅ / ににぎ先輩
5,239,em-124d2df2b85e,ディオクレ君,23,2416,1449,4,skill_reduction,0.285,0.3889,98,2,8,いいえ,ハリウッドナナコ師匠 / ワロンマイナー輩先 / 摩陀羅　潮真 / むぅむぅ / ディオクレ君
5,240,em-cc0425cf3835,鎌倉式ＤＢ２改,12,1200,612,8,guard,0.2847,0.4653,97,3,7,いいえ,日本海女中 / ワロンマイナー輩先 / 摩陀羅　潮真 / むぅむぅ / 鎌倉式ＤＢ２改
5,241,em-4c77b2b8ad46,トキシッくんさん,6,700,600,4,revive,0.2837,0.5139,100,0,8,いいえ,ハリウッドナナコ師匠 / モチノ・ウオ丸 / 摩陀羅　潮真 / むぅむぅ / トキシッくんさん
5,242,em-76311eb8b6ba,Halloweenな藤原マミー,18,1208,1963,5,revive,0.2836,0.4306,100,0,8,いいえ,日本海女中 / 夏至祭のヴァサクサ君 / 摩陀羅　潮真 / みさきパイセン / Halloweenな藤原マミー
5,243,em-32538f7c8341,熊殺しのサンタマン,58,6560,4345,5,delay,0.2835,0.1736,84,16,4,いいえ,ハリウッドナナコ師匠 / 新・フィッシャーマン / 覚醒ニート / のり男さん / 熊殺しのサンタマン
5,244,em-405a608fae19,大内さん,7,702,702,5,heal,0.2833,0.4792,94,6,8,いいえ,ハリウッドナナコ師匠 / えかちぇたん / 摩陀羅　潮真 / むぅむぅ / 大内さん
5,245,em-5ca14322a82d,蓮那由太郎,43,4771,3493,5,attack_buff,0.2831,0.3333,100,0,8,いいえ,青玉の供犠ぴよ子 / ワロンマイナー輩先 / 試作型おこしん / むぅむぅ / 蓮那由太郎
5,246,em-45aa4b2348d2,鬼一方眼,80,12780,3578,5,attack_buff,0.2824,0.3125,100,0,4,いいえ,ハリウッドナナコ師匠 / ホークくん / 覚醒ニート / あろまちゃん / 鬼一方眼
5,247,em-ce7e2e4f30af,らん坊,8,580,626,4,skill_reduction,0.2823,0.4653,93,7,8,いいえ,日本海女中 / ワロンマイナー輩先 / 摩陀羅　潮真 / むぅむぅ / らん坊
5,248,em-70a9a07ea8d9,うさ☆八幡さま,60,5964,5964,6,delay,0.2823,0.1736,86,14,4,いいえ,ハリウッドナナコ師匠 / 新・フィッシャーマン / 覚醒ニート / のり男さん / うさ☆八幡さま
5,249,em-a33630899eb2,河口本栖子,18,1200,1500,6,delay,0.2822,0.3889,93,7,8,いいえ,ハリウッドナナコ師匠 / ワロンマイナー輩先 / 摩陀羅　潮真 / むぅむぅ / 河口本栖子
5,250,em-1a5f7bc3661b,萌やし男子,7,300,700,4,attack_buff,0.2812,0.4722,95,5,8,いいえ,有砂小町 / ワロンマイナー輩先 / 摩陀羅　潮真 / ＢＥＷ雪玉 / 萌やし男子
5,251,em-883c35b094ae,淡路でくろこップ,8,605,600,8,skill_reduction,0.281,0.4653,93,7,8,いいえ,日本海女中 / ワロンマイナー輩先 / 摩陀羅　潮真 / むぅむぅ / 淡路でくろこップ
5,252,em-0f3dc5f343f5,?????,40,2954,3316,8,delay,0.2808,0.2917,97,3,8,いいえ,青玉の供犠ぴよ子 / ワロンマイナー輩先 / 試作型おこしん / むぅむぅ / ?????
5,253,em-48b5d909c409,南紀な白良さん,15,800,800,4,attack_buff,0.2806,0.3819,98,2,8,いいえ,ハリウッドナナコ師匠 / ワロンマイナー輩先 / 摩陀羅　潮真 / 諏訪子成長期 / 南紀な白良さん
5,254,em-ce7547fb3ccd,いぬやマンリメイク！,16,1661,1661,7,attack_buff,0.2804,0.3958,99,1,8,いいえ,ハリウッドナナコ師匠 / ワロンマイナー輩先 / 摩陀羅　潮真 / 諏訪子成長期 / いぬやマンリメイク！
5,255,em-e31de348c40b,湘南ボーイ,8,300,700,4,attack_buff,0.2802,0.4722,96,4,8,いいえ,有砂小町 / ワロンマイナー輩先 / 摩陀羅　潮真 / ＢＥＷ雪玉 / 湘南ボーイ
5,256,em-6c9a66a7da8c,抹殺音ズース,40,5623,3408,6,heal,0.2799,0.3819,100,0,8,いいえ,タキシラ師匠 / 試作型おこしん / トマティーナ少佐 / むぅむぅ / 抹殺音ズース
5,257,em-2a96e91a2f35,雪男フェス祭カーニバル,38,5793,1874,5,revive,0.2797,0.4167,99,1,5,いいえ,タキシラ師匠 / えかちぇたん / すわ子isGOD！ / ɚすぃとあろま？ / 雪男フェス祭カーニバル
5,258,em-f895c0235d10,アスクとエムブラ,38,2737,4508,5,guard,0.279,0.3681,99,1,5,いいえ,タキシラ師匠 / えかちぇたん / すわ子isGOD！ / ɚすぃとあろま？ / アスクとエムブラ
5,259,em-6b4ea2116a46,降臨先祖★ににぎくん,20,2334,2817,5,attack_buff,0.2786,0.4236,95,5,8,いいえ,ハリウッドナナコ師匠 / ワロンマイナー輩先 / 摩陀羅　潮真 / むぅむぅ / 降臨先祖★ににぎくん
5,260,em-a74603ad2679,白虎,36,5112,3408,4,attack_buff,0.2783,0.4444,99,1,6,いいえ,日本海女中 / ワロンマイナー輩先 / 摩陀羅　潮真 / ＢＥＷ雪玉 / 白虎
5,261,em-e7adf536ba2f,やまなしーヌさま,9,500,600,5,skill_reduction,0.2781,0.4653,94,6,8,いいえ,日本海女中 / ワロンマイナー輩先 / 摩陀羅　潮真 / むぅむぅ / やまなしーヌさま
5,262,em-674bf61c8b00,海賊衆かっさーのん,6,600,700,4,attack_buff,0.2779,0.4653,94,6,8,いいえ,有砂小町 / ワロンマイナー輩先 / 摩陀羅　潮真 / ＢＥＷ雪玉 / 海賊衆かっさーのん
5,263,em-ceecd3afdba6,おかいこちゃん,8,614,613,6,attribute_change,0.2776,0.4653,93,7,8,いいえ,日本海女中 / ワロンマイナー輩先 / 摩陀羅　潮真 / むぅむぅ / おかいこちゃん
5,264,em-461e884c1b94,ひろし多美子,8,590,615,6,attack_buff,0.2775,0.4653,96,4,8,いいえ,有砂小町 / ワロンマイナー輩先 / 摩陀羅　潮真 / ＢＥＷ雪玉 / ひろし多美子
5,265,em-f8bc07a12f5c,Ir☆D☆F！,19,1,2839,6,attribute_guard,0.2774,0.4375,98,2,8,いいえ,有砂小町 / ワロンマイナー輩先 / すわ子isGOD！ / ＢＥＷ雪玉 / Ir☆D☆F！
5,266,em-471b1ba55d5c,有馬んば,13,1413,1244,4,heal,0.2772,0.4931,100,0,8,いいえ,ハリウッドナナコ師匠 / えかちぇたん / 摩陀羅　潮真 / むぅむぅ / 有馬んば
5,267,em-4c448c54f095,実底超真幽子さん,15,1187,1215,5,revive,0.277,0.4306,97,3,8,いいえ,日本海女中 / 夏至祭のヴァサクサ君 / 摩陀羅　潮真 / みさきパイセン / 実底超真幽子さん
5,268,em-d111f497df0f,湘南大水曜日ボーイ,40,2044,5623,4,attack_buff,0.2769,0.2986,97,3,8,いいえ,青玉の供犠ぴよ子 / ワロンマイナー輩先 / 試作型おこしん / むぅむぅ / 湘南大水曜日ボーイ
5,269,em-6e2c76ad098c,まおちゃん,6,500,750,6,skill_reduction,0.2768,0.4375,99,1,8,いいえ,日本海女中 / ワロンマイナー輩先 / 摩陀羅　潮真 / 諏訪子成長期 / まおちゃん
5,270,em-0183a7a13db2,かーたん・べーり,32,4089,4089,5,attribute_guard,0.2765,0.4167,100,0,8,いいえ,日本海女中 / ワロンマイナー輩先 / サルパちゃん / ɚすぃとあろま？ / かーたん・べーり
5,271,em-fb6292300fc0,妖怪おたべ,5,525,455,4,delay,0.2761,0.4653,90,10,8,いいえ,日本海女中 / ワロンマイナー輩先 / 摩陀羅　潮真 / むぅむぅ / 妖怪おたべ
5,272,em-294f61da0084,Ｃ・Ｃ☆電車姫,22,3741,1973,4,attack_buff,0.2761,0.3472,100,0,8,いいえ,ダリア・宮子・9 / 夏至祭のヴァサクサ君 / 欣喜ぴよ子 / ＢＥＷ雪玉 / Ｃ・Ｃ☆電車姫
5,273,em-9625a8dc4056,祟らない幽子,8,370,410,7,revive,0.2758,0.4931,95,5,8,いいえ,ハリウッドナナコ師匠 / えかちぇたん / 摩陀羅　潮真 / むぅむぅ / 祟らない幽子
5,274,em-54f582db41b4,みかん姉さん,10,1000,500,6,aoe_attack,0.275,0.4931,98,2,8,いいえ,有砂小町 / ワロンマイナー輩先 / 摩陀羅　潮真 / ＢＥＷ雪玉 / みかん姉さん
5,275,em-144424b04d69,あろまさん,5,450,650,4,revive,0.2747,0.4792,98,2,8,いいえ,青玉の供犠ぴよ子 / vにゅーさん / サルパちゃん / ＢＥＷ雪玉 / あろまさん
5,276,em-830856ac5a07,トキシッくん先輩,7,1000,800,4,revive,0.2744,0.4861,94,6,8,いいえ,ハリウッドナナコ師匠 / えかちぇたん / 摩陀羅　潮真 / むぅむぅ / トキシッくん先輩
5,277,em-1d5e8b5832c0,続・いぬやマン,12,400,400,7,attack_buff,0.2741,0.4653,100,0,8,いいえ,有砂小町 / ワロンマイナー輩先 / 摩陀羅　潮真 / ＢＥＷ雪玉 / 続・いぬやマン
5,278,em-ddba9f91bab7,注入！とちぎソウル,6,280,700,5,attack_buff,0.2739,0.4653,94,6,8,いいえ,有砂小町 / ワロンマイナー輩先 / 摩陀羅　潮真 / ＢＥＷ雪玉 / 注入！とちぎソウル
5,279,em-c301debd22fc,やまとーる海尉,9,900,600,6,damage_reduction,0.2737,0.4375,100,0,8,いいえ,有砂小町 / ワロンマイナー輩先 / 試作型おこしん / むぅむぅ / やまとーる海尉
5,280,em-cfa8f59c143b,いぬやマン再び,9,500,500,7,attack_buff,0.2729,0.4583,97,3,8,いいえ,有砂小町 / ワロンマイナー輩先 / 摩陀羅　潮真 / ＢＥＷ雪玉 / いぬやマン再び
5,281,em-fa2d14d3eb33,大天姿☆ぴよ子,46,7572,756,5,skill_reduction,0.2729,0.2847,97,3,8,いいえ,ハリウッドナナコ師匠 / ワロンマイナー輩先 / すわ子isGOD！ / 呼んでますトムさん / 大天姿☆ぴよ子
5,282,em-75bbcd3130fb,みかんさん,6,700,500,7,aoe_attack,0.2728,0.4861,94,6,8,いいえ,有砂小町 / ワロンマイナー輩先 / 摩陀羅　潮真 / ＢＥＷ雪玉 / みかんさん
5,283,em-25fed9fde1ce,かっさーWoo！,16,1131,2403,4,attack_buff,0.2725,0.3819,99,1,8,いいえ,ハリウッドナナコ師匠 / ワロンマイナー輩先 / 摩陀羅　潮真 / 諏訪子成長期 / かっさーWoo！
5,284,em-a81a753351d9,戸定梨香,28,3216,3534,4,revive,0.2723,0.4306,99,1,8,いいえ,日本海女中 / 夏至祭のヴァサクサ君 / 試作型おこしん / むぅむぅ / 戸定梨香
5,285,em-25185336f7f4,しょーかくん,5,400,500,7,multi_hit_attack,0.2723,0.4236,88,12,8,いいえ,日本海女中 / モチノ・ウオ丸 / 摩陀羅　潮真 / トキシッくんｵｯｽｵｯｽ / しょーかくん
5,286,em-9fed59290cda,ユッフィー先生,15,800,800,5,attack_buff,0.2721,0.3889,98,2,8,いいえ,ハリウッドナナコ師匠 / ワロンマイナー輩先 / 摩陀羅　潮真 / 諏訪子成長期 / ユッフィー先生
5,287,em-6f76a23db620,伏姫さま,17,2006,676,4,guard,0.2717,0.3611,91,9,8,いいえ,日本海女中 / ワロンマイナー輩先 / 試作型おこしん / 諏訪子成長期 / 伏姫さま
5,288,em-076a0181e290,夏の海の天の川伝説,77,9372,5623,6,heal,0.2707,0.3472,99,1,4,いいえ,戸隠ちび丸 / 総統エビユルゲ / 覚醒ニート / 覚醒むりょく / 夏の海の天の川伝説
5,289,em-afce812f791d,めい子のMAY DAY,35,4123,4226,4,attribute_guard,0.2704,0.3819,98,2,7,いいえ,速いぞサラマンダー！ / ワロンマイナー輩先 / 試作型おこしん / むぅむぅ / めい子のMAY DAY
5,290,em-81fec3e48762,怪人おたべ,4,415,365,4,delay,0.2697,0.4653,89,11,8,いいえ,日本海女中 / ワロンマイナー輩先 / 摩陀羅　潮真 / むぅむぅ / 怪人おたべ
5,291,em-b791d78202d5,英国面の本気,38,6816,1363,5,multi_hit_attack,0.2693,0.4097,99,1,5,いいえ,タキシラ師匠 / えかちぇたん / すわ子isGOD！ / ɚすぃとあろま？ / 英国面の本気
5,292,em-9f7e593bdb96,鮒麿,7,520,460,5,heal,0.269,0.4583,94,6,8,いいえ,ハリウッドナナコ師匠 / えかちぇたん / 摩陀羅　潮真 / むぅむぅ / 鮒麿
5,293,em-bb2b760b2dfe,いぬやマン,6,400,400,7,attack_buff,0.2684,0.4583,94,6,8,いいえ,有砂小町 / ワロンマイナー輩先 / 摩陀羅　潮真 / ＢＥＷ雪玉 / いぬやマン
5,294,em-3b878e796aba,なまず仙人,35,4941,1618,4,damage_reduction,0.2681,0.3819,98,2,7,いいえ,速いぞサラマンダー！ / ワロンマイナー輩先 / 試作型おこしん / むぅむぅ / なまず仙人
5,295,em-b97fa105ba34,うまうーさん♪,40,5793,3067,5,attribute_guard,0.268,0.3472,97,3,8,いいえ,青玉の供犠ぴよ子 / ワロンマイナー輩先 / 試作型おこしん / むぅむぅ / うまうーさん♪
5,296,em-575ad888f045,スワン先生,5,400,380,6,skill_reduction,0.2673,0.4653,90,10,8,いいえ,日本海女中 / ワロンマイナー輩先 / 摩陀羅　潮真 / むぅむぅ / スワン先生
5,297,em-0d41ec5f78f0,じょーカーくん,6,500,600,6,delay,0.2669,0.4375,99,1,8,いいえ,日本海女中 / ワロンマイナー輩先 / 摩陀羅　潮真 / 諏訪子成長期 / じょーカーくん
5,298,em-354b4786550a,魔滅！鷹山先生,27,1283,1283,4,delay,0.2668,0.3681,96,4,8,いいえ,タキシラ師匠 / えかちぇたん / イチャン～(から) / ɚすぃとあろま？ / 魔滅！鷹山先生
5,299,em-8a847b9e3d1d,アストロ・あっしゅ,15,1900,1100,5,attribute_guard,0.2665,0.4722,100,0,8,いいえ,日本海女中 / ワロンマイナー輩先 / 摩陀羅　潮真 / むぅむぅ / アストロ・あっしゅ
5,300,em-b07f62000b94,雪兎フェス祭カーニバル,22,4089,1192,5,revive,0.2664,0.4097,90,10,8,いいえ,日本海女中 / ワロンマイナー輩先 / サルパちゃん / ɚすぃとあろま？ / 雪兎フェス祭カーニバル
5,301,em-4bde1481e932,黒電話おぅぼっと,9,1000,400,4,damage_reduction,0.2658,0.4028,100,0,8,いいえ,有砂小町 / ワロンマイナー輩先 / 試作型おこしん / むぅむぅ / 黒電話おぅぼっと
5,302,em-3803f94f5ae7,あろまちゃん,3,350,500,4,revive,0.2655,0.4722,96,4,8,いいえ,青玉の供犠ぴよ子 / vにゅーさん / サルパちゃん / ＢＥＷ雪玉 / あろまちゃん
5,303,em-f8d808926639,吉野スライミング,8,690,390,5,guard,0.2645,0.4097,99,1,8,いいえ,有砂小町 / ワロンマイナー輩先 / 試作型おこしん / むぅむぅ / 吉野スライミング
5,304,em-5528cf768569,リンゴール男爵,4,400,300,4,delay,0.2638,0.4653,89,11,8,いいえ,日本海女中 / ワロンマイナー輩先 / 摩陀羅　潮真 / むぅむぅ / リンゴール男爵
5,305,em-7e8ca5d8d19a,小林伯爵,15,3020,1812,5,revive,0.2633,0.4167,98,2,8,いいえ,有砂小町 / えかちぇたん / 欣喜ぴよ子 / ＢＥＷ雪玉 / 小林伯爵
5,306,em-484d995e3adb,くノ一！ヴォたん,9,700,700,4,guard,0.2632,0.3958,100,0,8,いいえ,有砂小町 / ワロンマイナー輩先 / トマティーナ少佐 / みさきパイセン / くノ一！ヴォたん
5,307,em-922ebe667c19,けねず先輩,12,800,800,4,damage_reduction,0.2629,0.4722,97,3,7,いいえ,日本海女中 / ワロンマイナー輩先 / 摩陀羅　潮真 / むぅむぅ / けねず先輩
5,308,em-ba09169b5b3d,あまのちゃん,12,300,200,4,multi_hit_attack,0.2629,0.4653,100,0,8,いいえ,有砂小町 / ワロンマイナー輩先 / 摩陀羅　潮真 / ＢＥＷ雪玉 / あまのちゃん
5,309,em-48860dff9f84,カナ★パラ,20,1661,1812,5,revive,0.2629,0.4097,96,4,8,いいえ,青玉の供犠ぴよ子 / ワロンマイナー輩先 / トランシルヴァニア家族 / ɚすぃとあろま？ / カナ★パラ
5,310,em-89dedc914b10,ふーちゃん,8,1014,413,5,guard,0.2619,0.4097,99,1,8,いいえ,有砂小町 / ワロンマイナー輩先 / 試作型おこしん / むぅむぅ / ふーちゃん
5,311,em-6572f5492885,ネオニート,6,330,306,6,attribute_guard,0.2617,0.4444,97,3,8,いいえ,有砂小町 / ワロンマイナー輩先 / トマティーナ少佐 / みさきパイセン / ネオニート
5,312,em-6e37519134b1,スワン君,4,310,302,6,skill_reduction,0.2615,0.4653,89,11,8,いいえ,日本海女中 / ワロンマイナー輩先 / 摩陀羅　潮真 / むぅむぅ / スワン君
5,313,em-299066b18ca7,バイカル子,14,2999,499,5,attribute_guard,0.2614,0.4306,97,3,8,いいえ,日本海女中 / モチノ・ウオ丸 / 摩陀羅　潮真 / トキシッくんｵｯｽｵｯｽ / バイカル子
5,314,em-306ef0a3ce60,大納言鮒麿,14,1812,1548,4,heal,0.2613,0.3611,97,3,8,いいえ,有砂小町 / えかちぇたん / 欣喜ぴよ子 / ＢＥＷ雪玉 / 大納言鮒麿
5,315,em-bb16895fa31d,ハルキさんとゲニアさん,26,3074,813,6,delay,0.2611,0.3611,100,0,8,いいえ,日本海女中 / ワロンマイナー輩先 / 試作型おこしん / 諏訪子成長期 / ハルキさんとゲニアさん
5,316,em-8e8c7fbfac2a,おたべくん,3,315,287,4,delay,0.2609,0.4583,88,12,8,いいえ,日本海女中 / ワロンマイナー輩先 / 摩陀羅　潮真 / むぅむぅ / おたべくん
5,317,em-950b687b1f04,タオるん先輩,9,700,900,4,attribute_guard,0.2608,0.4028,100,0,8,いいえ,有砂小町 / ワロンマイナー輩先 / トマティーナ少佐 / みさきパイセン / タオるん先輩
5,318,em-83b1d87342f9,コン美なん吉先生,20,882,3381,4,revive,0.2607,0.4514,100,0,8,いいえ,日本海女中 / えかちぇたん / サルパちゃん / ɚすぃとあろま？ / コン美なん吉先生
5,319,em-0051409a8e1f,芹沢さん,8,604,597,4,guard,0.2604,0.3958,99,1,8,いいえ,有砂小町 / ワロンマイナー輩先 / トマティーナ少佐 / みさきパイセン / 芹沢さん
5,320,em-9c344f264735,カロリスト・カル子,40,6999,2499,5,attribute_guard,0.2602,0.3333,97,3,8,いいえ,青玉の供犠ぴよ子 / ワロンマイナー輩先 / 試作型おこしん / むぅむぅ / カロリスト・カル子
5,321,em-78785b8bf619,企業だ浅ちゃん！,42,1192,7327,4,attack_buff,0.2598,0.3056,99,1,8,いいえ,青玉の供犠ぴよ子 / ワロンマイナー輩先 / 試作型おこしん / むぅむぅ / 企業だ浅ちゃん！
5,322,em-f7db929b2ed5,シャボテンの世界,17,1510,1812,5,revive,0.2586,0.4167,99,1,8,いいえ,日本海女中 / 夏至祭のヴァサクサ君 / 摩陀羅　潮真 / みさきパイセン / シャボテンの世界
5,323,em-13af16d2213d,ににぎくん,8,590,630,6,attack_buff,0.2585,0.4583,96,4,8,いいえ,有砂小町 / ワロンマイナー輩先 / 摩陀羅　潮真 / ＢＥＷ雪玉 / ににぎくん
5,324,em-0352f52bd9a3,スワン様,6,500,480,5,skill_reduction,0.2585,0.4375,99,1,8,いいえ,日本海女中 / ワロンマイナー輩先 / 摩陀羅　潮真 / 諏訪子成長期 / スワン様
5,325,em-7db55d8e78d1,やまなしーヌさん,6,400,500,6,skill_reduction,0.2579,0.4375,99,1,8,いいえ,日本海女中 / ワロンマイナー輩先 / 摩陀羅　潮真 / 諏訪子成長期 / やまなしーヌさん
5,326,em-fc0926b017ef,なまずのおじさん,25,4260,1278,5,damage_reduction,0.2571,0.3889,99,1,8,いいえ,日本海女中 / ワロンマイナー輩先 / 試作型おこしん / 諏訪子成長期 / なまずのおじさん
5,327,em-5fba2111c2ae,くろこップ,7,498,482,9,skill_reduction,0.2566,0.4375,100,0,8,いいえ,日本海女中 / ワロンマイナー輩先 / 摩陀羅　潮真 / 諏訪子成長期 / くろこップ
5,328,em-f13588602944,生イカのアーニー,15,3220,1610,4,attack_buff,0.2566,0.3958,98,2,8,いいえ,有砂小町 / ワロンマイナー輩先 / 試作型おこしん / みさきパイセン / 生イカのアーニー
5,329,em-a48bcdd76e03,サーファー岡田,15,419,1298,4,attack_buff,0.2566,0.3819,98,2,8,いいえ,ハリウッドナナコ師匠 / ワロンマイナー輩先 / 摩陀羅　潮真 / 諏訪子成長期 / サーファー岡田
5,330,em-4c03ad40dce9,源のゴライコー,75,7923,6390,4,attack_buff,0.2557,0.2292,98,2,4,いいえ,ハリウッドナナコ師匠 / 覚醒ニート / 梨豚ぴぐぺん / 覚醒むりょく / 源のゴライコー
5,331,em-5d62afcf01d5,転がる！けねず君,37,3408,2044,4,damage_reduction,0.2553,0.3681,100,0,5,いいえ,速いぞサラマンダー！ / ワロンマイナー輩先 / 試作型おこしん / むぅむぅ / 転がる！けねず君
5,332,em-d0639c20e6b1,ユーコ☆宇宙,24,4260,2556,4,revive,0.255,0.4097,100,0,8,いいえ,日本海女中 / えかちぇたん / 摩陀羅　潮真 / トキシッくんｵｯｽｵｯｽ / ユーコ☆宇宙
5,333,em-3e85387d97e5,荒ぶるこんにゃく,7,486,484,8,guard,0.2536,0.4028,98,2,8,いいえ,有砂小町 / ワロンマイナー輩先 / トマティーナ少佐 / みさきパイセン / 荒ぶるこんにゃく
5,334,em-1555cadff0cf,おぅぼっと,6,800,300,4,damage_reduction,0.2536,0.3958,97,3,8,いいえ,有砂小町 / ワロンマイナー輩先 / トマティーナ少佐 / みさきパイセン / おぅぼっと
5,335,em-b827590fe52d,芹沢くん,7,500,500,4,guard,0.2536,0.3958,98,2,8,いいえ,有砂小町 / ワロンマイナー輩先 / トマティーナ少佐 / みさきパイセン / 芹沢くん
5,336,em-e4f94dd73b29,あっしゅTHEﾗｯﾊﾟｰ,12,1500,700,5,attribute_guard,0.2531,0.4653,97,3,7,いいえ,日本海女中 / ワロンマイナー輩先 / 摩陀羅　潮真 / むぅむぅ / あっしゅTHEﾗｯﾊﾟｰ
5,337,em-eaad577a957c,関さん,5,390,390,4,guard,0.2526,0.3958,96,4,8,いいえ,有砂小町 / ワロンマイナー輩先 / トマティーナ少佐 / みさきパイセン / 関さん
5,338,em-0481f6c14fd9,関先輩,7,475,475,4,guard,0.2525,0.3958,98,2,8,いいえ,有砂小町 / ワロンマイナー輩先 / トマティーナ少佐 / みさきパイセン / 関先輩
5,339,em-86b8f3a86278,レボリューション凜子,10,800,800,4,attack_buff,0.2517,0.4653,98,2,8,いいえ,有砂小町 / ワロンマイナー輩先 / 摩陀羅　潮真 / ＢＥＷ雪玉 / レボリューション凜子
5,340,em-564e1dfe9c75,コニーちゃん,3,300,300,4,damage_reduction,0.2516,0.4028,100,0,8,いいえ,ダリア・宮子・9 / えかちぇたん / 試作型おこしん / みさきパイセン / コニーちゃん
5,341,em-0985c7675d5c,みかん姐さん,13,1100,600,4,aoe_attack,0.2515,0.4375,85,15,8,いいえ,タキシラ師匠 / えかちぇたん / イチャン～(から) / 呼んでますトムさん / みかん姐さん
5,342,em-3c1078996c9c,めい子のNEW DAY,25,2760,2862,4,attribute_guard,0.2515,0.375,99,1,8,いいえ,日本海女中 / ワロンマイナー輩先 / 試作型おこしん / 諏訪子成長期 / めい子のNEW DAY
5,343,em-b09ebd864da6,みずがめəろまちゃん,14,1057,1198,4,revive,0.251,0.4167,97,3,8,いいえ,有砂小町 / えかちぇたん / 欣喜ぴよ子 / ＢＥＷ雪玉 / みずがめəろまちゃん
5,344,em-357427c8f331,反魂タン昼食TIME,27,3067,5623,4,attack_buff,0.251,0.3681,88,12,8,いいえ,タキシラ師匠 / えかちぇたん / すわ子isGOD！ / ɚすぃとあろま？ / 反魂タン昼食TIME
5,345,em-407710659ecb,玄武ニート,4,330,320,6,damage_reduction,0.2509,0.4167,95,5,8,いいえ,有砂小町 / ワロンマイナー輩先 / 試作型おこしん / むぅむぅ / 玄武ニート
5,346,em-0c931777e175,関くん,4,305,307,4,guard,0.2506,0.3958,95,5,8,いいえ,有砂小町 / ワロンマイナー輩先 / トマティーナ少佐 / みさきパイセン / 関くん
5,347,em-e6110f879f18,ユーコ隊,24,3408,2044,4,revive,0.2501,0.4167,95,5,8,いいえ,日本海女中 / 夏至祭のヴァサクサ君 / 試作型おこしん / むぅむぅ / ユーコ隊
5,348,em-ebf10919d982,ミラクル凜子,8,700,704,4,attack_buff,0.25,0.4653,96,4,8,いいえ,有砂小町 / ワロンマイナー輩先 / 摩陀羅　潮真 / ＢＥＷ雪玉 / ミラクル凜子
5,349,em-1a835be38386,朱雀ニート,5,320,320,6,revive,0.2497,0.4792,98,2,8,いいえ,青玉の供犠ぴよ子 / vにゅーさん / サルパちゃん / ＢＥＷ雪玉 / 朱雀ニート
5,350,em-2e5137a70580,やまとーる君,6,600,300,7,damage_reduction,0.2494,0.4167,97,3,8,いいえ,有砂小町 / ワロンマイナー輩先 / 試作型おこしん / むぅむぅ / やまとーる君
5,351,em-c8d0b7ef1b10,めい子お姉さま,9,1159,1244,4,attribute_guard,0.2494,0.4028,100,0,8,いいえ,有砂小町 / ワロンマイナー輩先 / トマティーナ少佐 / みさきパイセン / めい子お姉さま
5,352,em-cc9db541b1b4,メル子さん,9,600,700,4,attack_buff,0.2489,0.4653,97,3,8,いいえ,有砂小町 / ワロンマイナー輩先 / 摩陀羅　潮真 / ＢＥＷ雪玉 / メル子さん
5,353,em-10c2721383dd,京子☆リフレッシュ,23,2035,3239,5,damage_reduction,0.2486,0.3819,97,3,8,いいえ,日本海女中 / ワロンマイナー輩先 / 試作型おこしん / 諏訪子成長期 / 京子☆リフレッシュ
5,354,em-71820072d6c5,松浦凜子,6,603,603,4,attack_buff,0.2485,0.4653,94,6,8,いいえ,有砂小町 / ワロンマイナー輩先 / 摩陀羅　潮真 / ＢＥＷ雪玉 / 松浦凜子
5,355,em-34ff44ed1803,富士さんは魔女,42,5112,4260,4,revive,0.2472,0.3681,99,1,8,いいえ,青玉の供犠ぴよ子 / ワロンマイナー輩先 / 試作型おこしん / むぅむぅ / 富士さんは魔女
5,356,em-49b522eac464,ジェヴォたんは狼？,43,3006,6022,4,multi_hit_attack,0.2472,0.3056,100,0,8,いいえ,青玉の供犠ぴよ子 / ワロンマイナー輩先 / 試作型おこしん / むぅむぅ / ジェヴォたんは狼？
5,357,em-12386dff9bd5,サリエリ許さないマン,21,2827,2827,4,revive,0.247,0.3958,100,0,8,いいえ,日本海女中 / 夏至祭のヴァサクサ君 / 試作型おこしん / 諏訪子成長期 / サリエリ許さないマン
5,358,em-73a9cdab3511,リンゴール子爵,3,300,200,4,delay,0.2465,0.4514,88,12,8,いいえ,日本海女中 / ワロンマイナー輩先 / 摩陀羅　潮真 / むぅむぅ / リンゴール子爵
5,359,em-4b386c59ef08,キマシ塔の温泉娘,20,1245,2781,5,attack_buff,0.2465,0.4028,95,5,8,いいえ,ハリウッドナナコ師匠 / ワロンマイナー輩先 / 摩陀羅　潮真 / むぅむぅ / キマシ塔の温泉娘
5,360,em-804c07b6fa9a,メル子ちゃん,6,400,600,4,attack_buff,0.2461,0.4653,94,6,8,いいえ,有砂小町 / ワロンマイナー輩先 / 摩陀羅　潮真 / ＢＥＷ雪玉 / メル子ちゃん
5,361,em-2f6ae2b54633,フクちゃん,3,300,400,4,attribute_change,0.2459,0.4514,88,12,8,いいえ,日本海女中 / ワロンマイナー輩先 / 摩陀羅　潮真 / むぅむぅ / フクちゃん
5,362,em-60fd008b3a8b,なるとくん,6,700,600,5,attack_buff,0.2459,0.4167,96,4,8,いいえ,ハリウッドナナコ師匠 / ワロンマイナー輩先 / 大晦日のネギそば給仕少女 / 御嶽さん / なるとくん
5,363,em-87d7d883c438,ニートエンペラー,10,459,565,7,damage_reduction,0.2457,0.3958,99,1,8,いいえ,ダリア・宮子・9 / 伝説のビスカやん！ / 試作型おこしん / むぅむぅ / ニートエンペラー
5,364,em-35e37020b193,æッシュちゃん,17,3542,2254,5,attribute_guard,0.2455,0.375,91,9,8,いいえ,日本海女中 / ワロンマイナー輩先 / 試作型おこしん / 諏訪子成長期 / æッシュちゃん
5,365,em-94033ed8057b,幽子さん,4,300,312,8,revive,0.2454,0.4514,97,3,8,いいえ,青玉の供犠ぴよ子 / vにゅーさん / サルパちゃん / ＢＥＷ雪玉 / 幽子さん
5,366,em-e128354ca2de,シュレーダー帝,31,1795,3097,6,revive,0.2445,0.4306,100,0,8,いいえ,タキシラ師匠 / えかちぇたん / イチャン～(から) / ɚすぃとあろま？ / シュレーダー帝
5,367,em-72f5e94185a5,MAIKOちゃん,34,3834,3834,6,attribute_guard,0.244,0.3611,100,0,7,いいえ,日本海女中 / ワロンマイナー輩先 / 試作型おこしん / むぅむぅ / MAIKOちゃん
5,368,em-addae93a6fe9,ニート,5,314,296,5,attribute_guard,0.243,0.4028,96,4,8,いいえ,有砂小町 / ワロンマイナー輩先 / トマティーナ少佐 / みさきパイセン / ニート
5,369,em-6197bad49878,水島神人,6,700,300,5,guard,0.2429,0.3958,97,3,8,いいえ,有砂小町 / ワロンマイナー輩先 / トマティーナ少佐 / みさきパイセン / 水島神人
5,370,em-251adb8af3dc,にくぁう餃子権現,30,1365,3638,4,attack_buff,0.2424,0.3889,99,1,8,いいえ,タキシラ師匠 / えかちぇたん / イチャン～(から) / ɚすぃとあろま？ / にくぁう餃子権現
5,371,em-1a814a6b20cf,未来のモア蔵,5,920,160,4,guard,0.2419,0.4028,96,4,8,いいえ,有砂小町 / ワロンマイナー輩先 / 試作型おこしん / むぅむぅ / 未来のモア蔵
5,372,em-1287aab83f7d,驚愕！深海のあん子,5,400,400,4,heal,0.2416,0.3958,87,13,8,いいえ,日本海女中 / 夏至祭のヴァサクサ君 / 摩陀羅　潮真 / みさきパイセン / 驚愕！深海のあん子
5,373,em-70e79fbffe3c,怪人エビユルゲ,3,305,297,4,attribute_change,0.2403,0.4583,88,12,8,いいえ,日本海女中 / ワロンマイナー輩先 / 摩陀羅　潮真 / むぅむぅ / 怪人エビユルゲ
5,374,em-78c7d71a75d2,美音三銃士を連れてきたよ,50,6475,3748,5,revive,0.2398,0.3542,95,5,7,いいえ,日本海女中 / ワロンマイナー輩先 / 試作型おこしん / トキシッくんｵｯｽｵｯｽ / 美音三銃士を連れてきたよ
5,375,em-518934908b79,こんにゃくさん,5,400,400,8,guard,0.2396,0.4028,96,4,8,いいえ,有砂小町 / ワロンマイナー輩先 / 試作型おこしん / むぅむぅ / こんにゃくさん
5,376,em-58b6cf5f2d45,忍者！フゥーま,6,500,500,5,guard,0.2389,0.3889,97,3,8,いいえ,有砂小町 / ワロンマイナー輩先 / トマティーナ少佐 / みさきパイセン / 忍者！フゥーま
5,377,em-f7e845fc0a39,鎌倉式ＤＢ２,8,811,412,7,guard,0.2381,0.4028,99,1,8,いいえ,有砂小町 / ワロンマイナー輩先 / トマティーナ少佐 / みさきパイセン / 鎌倉式ＤＢ２
5,378,em-b0bd2882f199,タオるん,6,500,600,5,attribute_guard,0.238,0.3958,97,3,8,いいえ,有砂小町 / ワロンマイナー輩先 / トマティーナ少佐 / みさきパイセン / タオるん
5,379,em-e535034b31b0,吉野スライマー,5,495,305,5,guard,0.2376,0.3958,96,4,8,いいえ,有砂小町 / ワロンマイナー輩先 / トマティーナ少佐 / みさきパイセン / 吉野スライマー
5,380,em-4586795c80d9,スノーガイ,7,1500,300,4,attack_buff,0.2374,0.4097,98,2,8,いいえ,有砂小町 / ワロンマイナー輩先 / 試作型おこしん / むぅむぅ / スノーガイ
5,381,em-6b8007792f3c,因幡WAHHH!!,32,3578,4771,4,attack_buff,0.2372,0.3611,100,0,8,いいえ,日本海女中 / ワロンマイナー輩先 / サルパちゃん / ɚすぃとあろま？ / 因幡WAHHH!!
5,382,em-2c71a7740b67,エルチェの椰子少女,42,4601,4601,5,attack_buff,0.2366,0.3333,99,1,8,いいえ,青玉の供犠ぴよ子 / ワロンマイナー輩先 / 試作型おこしん / むぅむぅ / エルチェの椰子少女
5,383,em-4694b1a256f8,悪魔！いびるん,9,600,700,5,guard,0.2361,0.3958,100,0,8,いいえ,有砂小町 / ワロンマイナー輩先 / トマティーナ少佐 / みさきパイセン / 悪魔！いびるん
5,384,em-b5a4cfe168a6,安井大先生,7,505,475,5,guard,0.2361,0.3889,98,2,8,いいえ,有砂小町 / ワロンマイナー輩先 / トマティーナ少佐 / みさきパイセン / 安井大先生
5,385,em-4900e4471484,モア蔵,4,722,90,4,guard,0.236,0.3958,95,5,8,いいえ,有砂小町 / ワロンマイナー輩先 / トマティーナ少佐 / みさきパイセン / モア蔵
5,386,em-34853ed0f0f8,ユーコちゃん,24,2556,1533,4,revive,0.2358,0.4236,100,0,8,いいえ,ハリウッドナナコ師匠 / モチノ・ウオ丸 / トマティーナ少佐 / みどりのたけしマン / ユーコちゃん
5,387,em-bb5629a7c096,安井武勇伝,5,405,395,6,guard,0.2352,0.3958,96,4,8,いいえ,有砂小町 / ワロンマイナー輩先 / トマティーナ少佐 / みさきパイセン / 安井武勇伝
5,388,em-b057fb6325c7,常飲！とちぎソウル,5,200,600,5,attack_buff,0.2345,0.4097,95,5,8,いいえ,ハリウッドナナコ師匠 / ワロンマイナー輩先 / 大晦日のネギそば給仕少女 / 御嶽さん / 常飲！とちぎソウル
5,389,em-eaadf81fc136,サリー,55,4686,4004,4,aoe_attack,0.2333,0.2847,100,0,6,いいえ,日本海女中 / ワロンマイナー輩先 / 試作型おこしん / トキシッくんｵｯｽｵｯｽ / サリー
5,390,em-bbcd19672515,ＭＲ凜子様,13,1699,1699,4,attack_buff,0.2329,0.375,96,4,8,いいえ,ハリウッドナナコ師匠 / ワロンマイナー輩先 / 摩陀羅　潮真 / 諏訪子成長期 / ＭＲ凜子様
5,391,em-b4ff04580be9,安井のトンちゃん,4,305,297,6,guard,0.2325,0.3958,95,5,8,いいえ,有砂小町 / ワロンマイナー輩先 / トマティーナ少佐 / みさきパイセン / 安井のトンちゃん
5,392,em-4442b5ee096e,朱雀むりょく,5,165,165,6,revive,0.2324,0.4653,98,2,8,いいえ,青玉の供犠ぴよ子 / vにゅーさん / サルパちゃん / ＢＥＷ雪玉 / 朱雀むりょく
5,393,em-9eb7fd81d237,ユウ・レーカさん,20,2044,2556,4,revive,0.2323,0.3958,99,1,8,いいえ,日本海女中 / 夏至祭のヴァサクサ君 / 試作型おこしん / 諏訪子成長期 / ユウ・レーカさん
5,394,em-d76a5850c323,牛追いガウガウ,40,5964,1704,4,damage_reduction,0.2323,0.3056,97,3,8,いいえ,青玉の供犠ぴよ子 / ワロンマイナー輩先 / 試作型おこしん / むぅむぅ / 牛追いガウガウ
5,395,em-a5c7dcdde3ff,水島神人発見される,10,900,400,4,guard,0.2317,0.3472,99,1,8,いいえ,ダリア・宮子・9 / 伝説のビスカやん！ / 試作型おこしん / むぅむぅ / 水島神人発見される
5,396,em-2ce242ee5866,スノーメン,5,1300,200,5,attack_buff,0.2312,0.4028,96,4,8,いいえ,有砂小町 / ワロンマイナー輩先 / 試作型おこしん / むぅむぅ / スノーメン
5,397,em-c750011c554d,夢奈マコ（16才）,60,7497,2130,5,guard,0.2304,0.2153,86,14,4,いいえ,ハリウッドナナコ師匠 / 新・フィッシャーマン / 覚醒ニート / のり男さん / 夢奈マコ（16才）
5,398,em-8d320a6b7512,いびるん,6,500,600,5,guard,0.2298,0.3958,97,3,8,いいえ,有砂小町 / ワロンマイナー輩先 / トマティーナ少佐 / みさきパイセン / いびるん
5,399,em-609b9d122d32,ネオむりょく,6,168,149,6,guard,0.229,0.3958,97,3,8,いいえ,有砂小町 / ワロンマイナー輩先 / トマティーナ少佐 / みさきパイセン / ネオむりょく
5,400,em-d0ce0f8b817c,あまのさんちゃん,17,600,300,4,multi_hit_attack,0.2289,0.375,100,0,8,いいえ,ハリウッドナナコ師匠 / ワロンマイナー輩先 / 摩陀羅　潮真 / 諏訪子成長期 / あまのさんちゃん
5,401,em-0f9cbc48c65a,船党かっさーのん,5,400,500,5,attack_buff,0.2283,0.4028,95,5,8,いいえ,ハリウッドナナコ師匠 / ワロンマイナー輩先 / 大晦日のネギそば給仕少女 / 御嶽さん / 船党かっさーのん
5,402,em-79322ee550e2,スーパーににぎ状態,60,5623,4430,5,attack_buff,0.228,0.1806,86,14,4,いいえ,ハリウッドナナコ師匠 / 新・フィッシャーマン / 覚醒ニート / のり男さん / スーパーににぎ状態
5,403,em-24ccb3f9affa,むりょく,5,159,144,5,guard,0.2275,0.3889,96,4,8,いいえ,有砂小町 / ワロンマイナー輩先 / 試作型おこしん / むぅむぅ / むりょく
5,404,em-525fc1b65a26,吉野スライム,4,411,209,5,guard,0.2267,0.3889,95,5,8,いいえ,有砂小町 / ワロンマイナー輩先 / 試作型おこしん / むぅむぅ / 吉野スライム
5,405,em-0063b3d17f76,玄武むりょく,4,165,165,6,damage_reduction,0.2258,0.3958,95,5,8,いいえ,有砂小町 / ワロンマイナー輩先 / 試作型おこしん / むぅむぅ / 玄武むりょく
5,406,em-61221298dafe,大内ちゃん,5,603,603,5,heal,0.2246,0.3819,98,2,8,いいえ,青玉の供犠ぴよ子 / vにゅーさん / サルパちゃん / ＢＥＷ雪玉 / 大内ちゃん
5,407,em-3bdc05dce56c,シャボテンコンビ,14,600,800,6,revive,0.2245,0.3958,97,3,8,いいえ,有砂小町 / えかちぇたん / 欣喜ぴよ子 / ＢＥＷ雪玉 / シャボテンコンビ
5,408,em-4eb01150430f,ミス・エズさん,9,1100,300,4,attribute_guard,0.223,0.4028,100,0,8,いいえ,有砂小町 / ワロンマイナー輩先 / トマティーナ少佐 / みさきパイセン / ミス・エズさん
5,409,em-e275020a88a0,あん子ちゃん,4,289,300,4,heal,0.2224,0.3819,97,3,8,いいえ,青玉の供犠ぴよ子 / vにゅーさん / サルパちゃん / ＢＥＷ雪玉 / あん子ちゃん
5,410,em-0e2c4b783eb7,南極翁・カノープス,55,3408,5964,7,multi_hit_attack,0.2223,0.2778,100,0,6,いいえ,日本海女中 / ワロンマイナー輩先 / 試作型おこしん / トキシッくんｵｯｽｵｯｽ / 南極翁・カノープス
5,411,em-6f9254f46753,うわマジカ,4,450,650,4,attribute_guard,0.2218,0.3958,95,5,8,いいえ,有砂小町 / ワロンマイナー輩先 / トマティーナ少佐 / みさきパイセン / うわマジカ
5,412,em-cbfa7306b010,めい子姉さん,7,479,511,5,attribute_guard,0.2212,0.4028,98,2,8,いいえ,有砂小町 / ワロンマイナー輩先 / トマティーナ少佐 / みさきパイセン / めい子姉さん
5,413,em-081cdc2b5b45,スノーボーイ,4,1000,100,6,attack_buff,0.221,0.3958,94,6,8,いいえ,ハリウッドナナコ師匠 / ワロンマイナー輩先 / 大晦日のネギそば給仕少女 / 御嶽さん / スノーボーイ
5,414,em-ef6acbb9fe3a,ﾌｫﾆｰ・ぴよ・ｶﾞｰﾙｽﾞY,25,3703,1771,4,attribute_change,0.2208,0.375,99,1,8,いいえ,日本海女中 / ワロンマイナー輩先 / 試作型おこしん / 諏訪子成長期 / ﾌｫﾆｰ・ぴよ・ｶﾞｰﾙｽﾞY
5,415,em-172b59ddb28b,白虎ニート,4,314,296,5,attack_buff,0.2204,0.3889,95,5,8,いいえ,有砂小町 / ワロンマイナー輩先 / 試作型おこしん / むぅむぅ / 白虎ニート
5,416,em-e51e56c23fa1,上級国民ロヴィーサ,44,2832,2984,4,attribute_guard,0.2198,0.3125,100,0,8,いいえ,ハリウッドナナコ師匠 / ワロンマイナー輩先 / 試作型おこしん / むぅむぅ / 上級国民ロヴィーサ
5,417,em-95d137a7328a,バス・スミスくん,6,900,200,5,attribute_guard,0.2194,0.4097,97,3,8,いいえ,有砂小町 / ワロンマイナー輩先 / 試作型おこしん / むぅむぅ / バス・スミスくん
5,418,em-983228ce32d4,あっしゅTHEｷｬｯﾄ,8,1300,500,5,attribute_guard,0.2193,0.4028,99,1,8,いいえ,有砂小町 / ワロンマイナー輩先 / トマティーナ少佐 / みさきパイセン / あっしゅTHEｷｬｯﾄ
5,419,em-6588c893ceb4,船師かっさーのん,3,300,400,6,attack_buff,0.2193,0.3889,93,7,8,いいえ,ハリウッドナナコ師匠 / ワロンマイナー輩先 / 大晦日のネギそば給仕少女 / 御嶽さん / 船師かっさーのん
5,420,em-3850dfa89114,流浪の騎士,7,510,470,9,attribute_guard,0.219,0.3958,98,2,8,いいえ,有砂小町 / ワロンマイナー輩先 / トマティーナ少佐 / みさきパイセン / 流浪の騎士
5,421,em-d25a7727f654,プラハ嬢,32,1482,4991,4,damage_reduction,0.2187,0.3472,100,0,8,いいえ,日本海女中 / ワロンマイナー輩先 / サルパちゃん / ɚすぃとあろま？ / プラハ嬢
5,422,em-d64cb9cf5bb3,それマジカ,3,350,500,5,attribute_guard,0.2185,0.4028,100,0,8,いいえ,ダリア・宮子・9 / えかちぇたん / 試作型おこしん / みさきパイセン / それマジカ
5,423,em-2b3991ed5705,伝統の牛タソ,10,600,100,4,guard,0.2185,0.3542,100,0,8,いいえ,ダリア・宮子・9 / 夏至祭のヴァサクサ君 / 試作型おこしん / みさきパイセン / 伝統の牛タソ
5,424,em-30a1d9f3d52f,けねずさん,9,702,702,5,damage_reduction,0.2184,0.3958,100,0,8,いいえ,有砂小町 / ワロンマイナー輩先 / トマティーナ少佐 / みさきパイセン / けねずさん
5,425,em-0a88e828f44f,あずま京子,7,500,500,4,damage_reduction,0.2182,0.4028,98,2,8,いいえ,有砂小町 / ワロンマイナー輩先 / トマティーナ少佐 / みさきパイセン / あずま京子
5,426,em-17aeee13e460,こんにゃくん,4,287,308,9,guard,0.2178,0.3958,95,5,8,いいえ,有砂小町 / ワロンマイナー輩先 / トマティーナ少佐 / みさきパイセン / こんにゃくん
5,427,em-62efa937d743,素敵なびわ子たん,7,500,480,4,damage_reduction,0.2177,0.4028,98,2,8,いいえ,有砂小町 / ワロンマイナー輩先 / トマティーナ少佐 / みさきパイセン / 素敵なびわ子たん
5,428,em-773b001a1189,おづぬ様,60,4260,6816,5,attack_buff,0.2176,0.2153,82,18,4,いいえ,戸隠ちび丸 / 総統エビユルゲ / 覚醒ニート / 覚醒むりょく / おづぬ様
5,429,em-99d6f9e928d6,京子中学２４年生,8,620,612,4,damage_reduction,0.2167,0.3958,99,1,8,いいえ,有砂小町 / ワロンマイナー輩先 / トマティーナ少佐 / みさきパイセン / 京子中学２４年生
5,430,em-462884d3af90,青竜ニート,4,346,397,6,heal,0.2167,0.375,97,3,8,いいえ,青玉の供犠ぴよ子 / vにゅーさん / サルパちゃん / ＢＥＷ雪玉 / 青竜ニート
5,431,em-9c9f188ea0a8,やる気勢ナルテュール,56,1704,7838,6,attack_buff,0.2163,0.2083,78,22,5,いいえ,戸隠ちび丸 / 総統エビユルゲ / 覚醒ニート / 覚醒むりょく / やる気勢ナルテュール
5,432,em-51bdb94ec3b1,熱ぅい！地獄雀,43,5964,3408,4,revive,0.2161,0.3264,100,0,8,いいえ,青玉の供犠ぴよ子 / ワロンマイナー輩先 / 試作型おこしん / むぅむぅ / 熱ぅい！地獄雀
5,433,em-a787bb59ceca,トキシッくん,5,600,500,4,revive,0.2144,0.4028,87,13,8,いいえ,日本海女中 / 夏至祭のヴァサクサ君 / 摩陀羅　潮真 / みさきパイセン / トキシッくん
5,434,em-0560ed78022d,見事にびわ子たん,5,400,400,4,damage_reduction,0.2132,0.3958,96,4,8,いいえ,有砂小町 / ワロンマイナー輩先 / トマティーナ少佐 / みさきパイセン / 見事にびわ子たん
5,435,em-c61b3e98a989,荒波のはたはタン,4,400,300,5,heal,0.2125,0.375,97,3,8,いいえ,青玉の供犠ぴよ子 / vにゅーさん / サルパちゃん / ＢＥＷ雪玉 / 荒波のはたはタン
5,436,em-2f505dd0418a,とちぎソウル,4,150,400,5,attack_buff,0.2107,0.3889,95,5,8,いいえ,有砂小町 / ワロンマイナー輩先 / 試作型おこしん / むぅむぅ / とちぎソウル
5,437,em-7affb78d3b91,渇求するネギの果て,10,754,754,4,guard,0.2098,0.3403,99,1,8,いいえ,ダリア・宮子・9 / 伝説のビスカやん！ / 試作型おこしん / むぅむぅ / 渇求するネギの果て
5,438,em-278299c58131,けねず君,8,603,603,5,damage_reduction,0.2097,0.3958,99,1,8,いいえ,有砂小町 / ワロンマイナー輩先 / トマティーナ少佐 / みさきパイセン / けねず君
5,439,em-a5655f550318,眠れる海のネムリん,60,7327,5282,5,attack_buff,0.2093,0.1806,86,14,4,いいえ,ハリウッドナナコ師匠 / 新・フィッシャーマン / 覚醒ニート / のり男さん / 眠れる海のネムリん
5,440,em-e660791c3950,めい子さん,5,400,400,5,attribute_guard,0.209,0.3958,96,4,8,いいえ,有砂小町 / ワロンマイナー輩先 / トマティーナ少佐 / みさきパイセン / めい子さん
5,441,em-f8a40042a8dc,王家の騎士,10,650,550,8,attribute_guard,0.2082,0.3472,99,1,8,いいえ,ダリア・宮子・9 / 伝説のビスカやん！ / 試作型おこしん / むぅむぅ / 王家の騎士
5,442,em-f5a7df3892f0,びわ子たん,4,300,302,5,damage_reduction,0.2072,0.3958,95,5,8,いいえ,有砂小町 / ワロンマイナー輩先 / トマティーナ少佐 / みさきパイセン / びわ子たん
5,443,em-902bd624dbdb,パンタナルの狼男,70,5898,4260,5,revive,0.2072,0.2431,95,5,4,いいえ,ハリウッドナナコ師匠 / 伝説のビスカやん！ / 覚醒ニート / のり男さん / パンタナルの狼男
5,444,em-4090b70a0b17,さくらこちゃん,4,495,215,4,attribute_guard,0.2068,0.3958,95,5,8,いいえ,有砂小町 / ワロンマイナー輩先 / 試作型おこしん / むぅむぅ / さくらこちゃん
5,445,em-cdd7690ef318,京都コーラマン,59,5959,2800,4,damage_reduction,0.2064,0.2292,85,15,4,いいえ,ハリウッドナナコ師匠 / 新・フィッシャーマン / 覚醒ニート / のり男さん / 京都コーラマン
5,446,em-8ed9900f451e,めい子ちゃん,4,281,309,5,attribute_guard,0.2056,0.3958,95,5,8,いいえ,有砂小町 / ワロンマイナー輩先 / トマティーナ少佐 / みさきパイセン / めい子ちゃん
5,447,em-c358b6553866,ご機嫌斜めのウィーン様,58,4941,2896,5,attack_buff,0.2049,0.1736,84,16,4,いいえ,ハリウッドナナコ師匠 / 新・フィッシャーマン / 覚醒ニート / のり男さん / ご機嫌斜めのウィーン様
5,448,em-fa9285840bae,白虎むりょく,4,158,149,5,attack_buff,0.2019,0.3889,95,5,8,いいえ,有砂小町 / ワロンマイナー輩先 / 試作型おこしん / むぅむぅ / 白虎むりょく
5,449,em-da4562cd6142,プレーン下仁田,10,500,500,4,guard,0.2009,0.3403,99,1,8,いいえ,ダリア・宮子・9 / 伝説のビスカやん！ / 試作型おこしん / むぅむぅ / プレーン下仁田
5,450,em-14ab1de959d7,あくせんと・きゃー子,18,1400,400,6,attribute_change,0.1992,0.3889,93,7,8,いいえ,ハリウッドナナコ師匠 / ワロンマイナー輩先 / 摩陀羅　潮真 / むぅむぅ / あくせんと・きゃー子
5,451,em-9d8b6a4d2c9c,はたはタン,3,300,200,5,heal,0.1986,0.3611,85,15,8,いいえ,日本海女中 / 夏至祭のヴァサクサ君 / 摩陀羅　潮真 / みさきパイセン / はたはタン
5,452,em-60119eda4c9c,猿田彦大先輩,80,7838,7157,5,attack_buff,0.1965,0.2569,100,0,4,いいえ,ハリウッドナナコ師匠 / ホークくん / 覚醒ニート / あろまちゃん / 猿田彦大先輩
5,453,em-88669edc6480,京子はまだやれる！,10,718,694,4,damage_reduction,0.1929,0.3403,99,1,8,いいえ,ダリア・宮子・9 / 伝説のビスカやん！ / 試作型おこしん / むぅむぅ / 京子はまだやれる！
5,454,em-962f1faafed7,三貴子アマテラス,75,10309,5112,5,revive,0.1864,0.2431,98,2,4,いいえ,ハリウッドナナコ師匠 / 覚醒ニート / 梨豚ぴぐぺん / 覚醒むりょく / 三貴子アマテラス
5,455,em-47f3be71ea63,青竜むりょく,4,198,189,6,heal,0.181,0.3542,97,3,8,いいえ,青玉の供犠ぴよ子 / vにゅーさん / サルパちゃん / ＢＥＷ雪玉 / 青竜むりょく
5,456,em-a87c308ef7c4,トミスLOVE様,52,4686,4686,4,revive,0.1764,0.2778,100,0,7,いいえ,ハリウッドナナコ師匠 / ワロンマイナー輩先 / すわ子isGOD！ / ɚすぃとあろま？ / トミスLOVE様
5,457,em-b7d1205bd3a7,すーぱーサイアン,60,5964,5964,12,attack_buff,0.168,0.1528,86,14,4,いいえ,ハリウッドナナコ師匠 / 新・フィッシャーマン / 覚醒ニート / のり男さん / すーぱーサイアン
5,458,em-96c8b7af6f5c,ネギtheダーウィン,30,5112,0,5,attribute_change,0.1626,0.3125,100,0,8,いいえ,こうせえっつう女中 / ワロンマイナー輩先 / サルパちゃん / ɚすぃとあろま？ / ネギtheダーウィン
5,459,em-b5e0f2fbff78,養老のバッカス,65,6475,3408,4,revive,0.1474,0.2153,90,10,4,いいえ,ハリウッドナナコ師匠 / 伝説のビスカやん！ / 覚醒ニート / のり男さん / 養老のバッカス
5,460,em-32f5c4968406,正月カナちゃん。,66,5282,5282,6,revive,0.1462,0.2153,91,9,4,いいえ,ハリウッドナナコ師匠 / 伝説のビスカやん！ / 覚醒ニート / のり男さん / 正月カナちゃん。
5,461,em-18279a838450,白刃舞うは存亡の秋,70,6816,4260,4,attack_buff,0.1439,0.1597,96,4,4,いいえ,ハリウッドナナコ師匠 / 新・フィッシャーマン / 覚醒ニート / のり男さん / 白刃舞うは存亡の秋
5,462,em-337e85c2cd90,ユーコ☆スターダスト,60,6053,4354,4,revive,0.1378,0.1875,85,15,4,いいえ,ハリウッドナナコ師匠 / 伝説のビスカやん！ / 覚醒ニート / のり男さん / ユーコ☆スターダスト
5,463,em-2c51c9073e5a,強化ゆる骨格のススメ,50,1704,1704,12,attribute_guard,0.1338,0.2569,98,2,7,いいえ,ハリウッドナナコ師匠 / ワロンマイナー輩先 / すわ子isGOD！ / ɚすぃとあろま？ / 強化ゆる骨格のススメ
5,464,em-5c3bfcbbd109,ネギさん,80,4260,4260,500,attack_buff,0.1307,0.2153,100,0,4,いいえ,ハリウッドナナコ師匠 / ホークくん / 覚醒ニート / あろまちゃん / ネギさん
5,465,em-09abce425d92,超悦者・有砂小町,60,5453,5453,5,attribute_change,0.1246,0.1528,86,14,4,いいえ,ハリウッドナナコ師匠 / 新・フィッシャーマン / 覚醒ニート / のり男さん / 超悦者・有砂小町
5,466,em-eb4ef5fa8f2f,応援ぴよ子団長,60,1111,1111,12,attack_buff,0.117,0.1806,82,18,4,いいえ,戸隠ちび丸 / 総統エビユルゲ / 覚醒ニート / 覚醒むりょく / 応援ぴよ子団長
5,467,em-5f292317fd1c,墨染のＰＬぴよ子,60,3656,3656,5,attribute_change,0.09,0.125,86,14,4,いいえ,ハリウッドナナコ師匠 / 新・フィッシャーマン / 覚醒ニート / のり男さん / 墨染のＰＬぴよ子
5,468,em-5c8b9af61816,ぴっよコイン先生,60,1111,1111,12,damage_reduction,0.0873,0.1458,89,11,4,いいえ,星の白金ぴよ子 / 新・フィッシャーマン / 試作型おこしん / 覚醒むりょく / ぴっよコイン先生
5,469,em-0454ff15fbd8,米倉英夫(ゆる),55,1,1,55,attribute_change,0.0761,0.1806,100,0,6,いいえ,日本海女中 / ワロンマイナー輩先 / 試作型おこしん / トキシッくんｵｯｽｵｯｽ / 米倉英夫(ゆる)
5,470,em-7fe5a2875793,米倉英子(大学生),55,1,1,555,attack_buff,0.063,0.1806,100,0,6,いいえ,日本海女中 / ワロンマイナー輩先 / 試作型おこしん / トキシッくんｵｯｽｵｯｽ / 米倉英子(大学生)
5,471,em-b2125332555b,呵々Doの閑雅・ルー,85,9883,4771,5,guard,0,0,101,0,0,いいえ,
5,472,em-22f9d46fe6f4,ウサウサ八幡,88,10872,5964,6,skill_reduction,0,0,101,0,0,いいえ,
5,473,em-523af93f71e3,神田祭らーの集い,88,5027,6901,4,aoe_attack,0,0,101,0,0,いいえ,
5,474,em-a78326864213,発音王・S・サイアン,88,10650,6560,8,attack_buff,0,0,101,0,0,いいえ,
5,475,em-de301e40803c,どうしんフェス様,88,6816,4515,5,heal,0,0,101,0,0,いいえ,
5,476,em-4d4a6386f8f8,九周年ぴよ子,99,6815,5111,5,guard,0,0,101,0,0,いいえ,
5,477,em-0c2d5864e3da,グルグルなたまご,100,1,1,100,delay,0,0,101,0,0,いいえ,
5,478,em-0c70f71e4c1a,ルナのたまご,100,1,1,999,attack_buff,0,0,101,0,0,いいえ,
5,479,em-4ee2ea427154,タルタルなたまご,100,1,1,12,attribute_change,0,0,101,0,0,いいえ,
5,480,em-53ece7a43871,キステチスのたまご,100,1,1,40,guard,0,0,101,0,0,いいえ,
