枠,順位,キャラID,名前,コスト,HP,Power,スキルターン,スキル種類,v7下限勝率,完成デッキ勝率,完成デッキコスト,残コスト,デッキ探索数,運用例採用,完成デッキ
1,1,em-d7873747b412,藤のフヒッティ,75,10735,3578,1,damage_reduction,0.9625,0.9873,100,0,10,いいえ,藤のフヒッティ / ペーチパイセン / ウナギーヌくん / 旧市街地の魔物 / ウシュか☆丸か
1,2,em-378e340695dc,スクナクナクナクス,50,6816,3408,2,aoe_attack,0.9598,0.981,99,1,11,いいえ,スクナクナクナクス / ペーチパイセン / コンドアーズ / おこしんMK-2 / 巨大カンテツ
1,3,em-b6adaf9bf556,こうせえっつう女中,17,805,2898,0,attack_buff,0.9326,0.962,99,1,12,いいえ,こうせえっつう女中 / ヤマさんヤミーさん / 肉食ドゥブロさん / ブラジリアン首都術 / 巨大カンテツ
1,4,em-b041a6f6cf00,テヅルモヅルン,37,5367,2147,3,attribute_guard,0.9242,0.9557,100,0,11,いいえ,テヅルモヅルン / ペーチパイセン / 肉食ドゥブロさん / 愛のぴよ子 / 巨大カンテツ
1,5,em-d932b3b4e7ed,狼先生ジョン,18,1963,2869,1,attribute_change,0.892,0.9304,100,0,12,いいえ,狼先生ジョン / ヤマさんヤミーさん / 肉食ドゥブロさん / おこしんMK-2 / 巨大カンテツ
1,6,em-a7fc49aa8c73,広報担当：アッシュ,37,5112,3748,2,attribute_guard,0.8888,0.9367,100,0,11,いいえ,広報担当：アッシュ / ペーチパイセン / コンドアーズ / 肉食ドゥブロさん / ハリウッドナナコ師匠
1,7,em-93bcb3ddcb90,蝦夷の鬼武者,50,5367,4771,1,attack_buff,0.8881,0.9304,99,1,11,いいえ,蝦夷の鬼武者 / ペーチパイセン / コンドアーズ / おこしんMK-2 / 巨大カンテツ
1,8,em-ab9b2ce76191,B・O・B,37,4935,3244,3,delay,0.8842,0.9241,100,0,11,いいえ,B・O・B / ペーチパイセン / 肉食ドゥブロさん / 愛のぴよ子 / 巨大カンテツ
1,9,em-bbce42d72486,東がエデン,50,5112,5112,0,attribute_change,0.8805,0.9241,99,1,11,いいえ,東がエデン / ペーチパイセン / コンドアーズ / おこしんMK-2 / 巨大カンテツ
1,10,em-cea68c425163,跛荒の鉄男大先生,51,4686,6625,3,multi_hit_attack,0.8805,0.9241,100,0,11,いいえ,跛荒の鉄男大先生 / ペーチパイセン / コンドアーズ / おこしんMK-2 / 巨大カンテツ
1,11,em-6885c7d684d6,雪の美女と魔獣,52,4304,3016,1,heal,0.8766,0.9177,100,0,11,いいえ,雪の美女と魔獣 / ペーチパイセン / アウス大先輩 / 愛のぴよ子 / 巨大カンテツ
1,12,em-57dce5f944a3,うらうらら,50,4260,6390,4,multi_hit_attack,0.873,0.9177,99,1,11,いいえ,うらうらら / ペーチパイセン / コンドアーズ / おこしんMK-2 / 巨大カンテツ
1,13,em-a68c8ce48bea,こんにゃく姫,37,5964,2726,7,attack_buff,0.873,0.9177,100,0,11,いいえ,こんにゃく姫 / ペーチパイセン / 肉食ドゥブロさん / 愛のぴよ子 / 巨大カンテツ
1,14,em-cb0ef748882f,八狗神伏姫様,35,5538,2130,4,guard,0.869,0.9114,99,1,12,いいえ,八狗神伏姫様 / ペーチパイセン / 肉食ドゥブロさん / ブラジリアン首都術 / 巨大カンテツ
1,15,em-3a0ce37a12ff,おこしんMK-2,8,1510,2265,4,multi_hit_attack,0.8655,0.9114,99,1,12,いいえ,おこしんMK-2 / ペーチパイセン / ターヌムンゴネキ / 肉食ドゥブロさん / 巨大カンテツ
1,16,em-ea813aee5d92,ブラジリアン首都術,8,1812,1963,4,aoe_attack,0.8655,0.9114,99,1,12,いいえ,ブラジリアン首都術 / ペーチパイセン / ターヌムンゴネキ / 肉食ドゥブロさん / 巨大カンテツ
1,17,em-5f5281ba5e2a,黄泉還り！反魂タン,9,1812,1963,3,revive,0.8655,0.9114,100,0,12,いいえ,黄泉還り！反魂タン / ペーチパイセン / ターヌムンゴネキ / 肉食ドゥブロさん / 巨大カンテツ
1,18,em-e99bfc1ea066,ご入学ぴよ子,9,883,2397,2,attack_buff,0.8655,0.9114,100,0,12,いいえ,ご入学ぴよ子 / ペーチパイセン / ターヌムンゴネキ / 肉食ドゥブロさん / 巨大カンテツ
1,19,em-cf1f3fbef79d,紅玉の供犠ぴよ子,6,1609,1609,0,none,0.8581,0.9051,97,3,12,いいえ,紅玉の供犠ぴよ子 / ペーチパイセン / ターヌムンゴネキ / 肉食ドゥブロさん / 巨大カンテツ
1,20,em-28f044d525d7,スーリヤ様が見てる,7,489,1446,3,skill_reduction,0.8581,0.9051,98,2,12,いいえ,スーリヤ様が見てる / ペーチパイセン / ターヌムンゴネキ / 肉食ドゥブロさん / 巨大カンテツ
1,21,em-fa48dd1cff0a,祭りだ浅ちゃん！,7,800,1603,4,attack_buff,0.8581,0.9051,98,2,12,いいえ,祭りだ浅ちゃん！ / ペーチパイセン / ターヌムンゴネキ / 肉食ドゥブロさん / 巨大カンテツ
1,22,em-ae9fd7e6b2dc,ヘヴィなじとっ子君,8,607,1795,4,attack_buff,0.8581,0.9051,99,1,12,いいえ,ヘヴィなじとっ子君 / ペーチパイセン / ターヌムンゴネキ / 肉食ドゥブロさん / 巨大カンテツ
1,23,em-ce4a4d623424,ケンＺＯ４号,8,502,1901,5,attack_buff,0.8581,0.9051,99,1,12,いいえ,ケンＺＯ４号 / ペーチパイセン / ターヌムンゴネキ / 肉食ドゥブロさん / 巨大カンテツ
1,24,em-474d7b7d3bbe,イチャン～(から),26,3606,2850,2,aoe_attack,0.8581,0.9051,99,1,12,いいえ,イチャン～(から) / ペーチパイセン / コンドアーズ / 肉食ドゥブロさん / 巨大カンテツ
1,25,em-d1a3ff650b2f,メテオ大好きっこ,26,4669,3229,0,attack_buff,0.8508,0.8987,99,1,12,いいえ,メテオ大好きっこ / ペーチパイセン / コンドアーズ / 肉食ドゥブロさん / 巨大カンテツ
1,26,em-563e34211286,大抵カールのせい,50,4686,5112,1,damage_reduction,0.8508,0.8987,99,1,12,いいえ,大抵カールのせい / ペーチパイセン / コンドアーズ / ブラジリアン首都術 / 巨大カンテツ
1,27,em-2080ae65b62a,モヅルン,37,3771,1908,3,attribute_guard,0.8508,0.8987,100,0,11,いいえ,モヅルン / ペーチパイセン / 肉食ドゥブロさん / 愛のぴよ子 / 巨大カンテツ
1,28,em-0183a7a13db2,かーたん・べーり,32,4089,4089,5,attribute_guard,0.849,0.9051,98,2,12,いいえ,かーたん・べーり / ペーチパイセン / コンドアーズ / 肉食ドゥブロさん / ブラジリアン首都術
1,29,em-df40dba7c56a,高野さん,34,4089,4089,5,skill_reduction,0.849,0.9051,100,0,11,いいえ,高野さん / ペーチパイセン / コンドアーズ / 肉食ドゥブロさん / ブラジリアン首都術
1,30,em-cb9a138787d0,摩陀羅　潮真,27,7194,1741,2,attribute_guard,0.8395,0.8861,98,2,12,いいえ,摩陀羅　潮真 / ペーチパイセン / 肉食ドゥブロさん / タミちゃんの火祭り / 巨大カンテツ
1,31,em-1eb5e932843b,ダンブッラの蘭,38,5112,3578,2,damage_reduction,0.8375,0.8924,100,0,11,いいえ,ダンブッラの蘭 / ペーチパイセン / トマティーナ少佐 / 肉食ドゥブロさん / ウシュか☆丸か
1,32,em-4d9586371e6c,鞭・打つ子さん,38,4106,4106,3,multi_hit_attack,0.8375,0.8924,100,0,11,いいえ,鞭・打つ子さん / ペーチパイセン / トマティーナ少佐 / 肉食ドゥブロさん / ウシュか☆丸か
1,33,em-6c2ea8631e0d,深海美少年モヅルン,37,5964,2385,3,attribute_guard,0.8363,0.8861,100,0,11,いいえ,深海美少年モヅルン / ペーチパイセン / 肉食ドゥブロさん / 愛のぴよ子 / 巨大カンテツ
1,34,em-d7d6357dff74,フェニックス師匠,32,4508,4830,0,heal,0.8321,0.8924,98,2,12,いいえ,フェニックス師匠 / ペーチパイセン / コンドアーズ / 肉食ドゥブロさん / ブラジリアン首都術
1,35,em-2a20d82018a7,強飯式太子君,43,4771,3408,1,heal,0.8277,0.8861,99,1,12,いいえ,強飯式太子君 / ペーチパイセン / アウス大先輩 / タミちゃんの火祭り / 巨大カンテツ
1,36,em-7f58743c664e,ポリミタス☆おかいこ,34,4771,3069,2,attribute_change,0.825,0.8861,100,0,11,いいえ,ポリミタス☆おかいこ / ペーチパイセン / コンドアーズ / 肉食ドゥブロさん / ブラジリアン首都術
1,37,em-aefb52be8eca,半間鮫子,52,3411,6823,2,multi_hit_attack,0.8233,0.8797,100,0,11,いいえ,半間鮫子 / ペーチパイセン / アウス大先輩 / 愛のぴよ子 / 巨大カンテツ
1,38,em-67aa8e3ee215,川越料理長,17,1175,3655,4,attack_buff,0.8163,0.8734,99,1,12,いいえ,川越料理長 / ヤマさんヤミーさん / 肉食ドゥブロさん / ブラジリアン首都術 / 巨大カンテツ
1,39,em-8cd856412a10,にくぁうぅぅぅぅぅ！,17,1355,3638,4,attack_buff,0.8163,0.8734,99,1,12,いいえ,にくぁうぅぅぅぅぅ！ / ヤマさんヤミーさん / 肉食ドゥブロさん / ブラジリアン首都術 / 巨大カンテツ
1,40,em-ebd6f9bf2bee,中野華蓮(日本人),17,1516,3638,4,attack_buff,0.8163,0.8734,99,1,12,いいえ,中野華蓮(日本人) / ヤマさんヤミーさん / 肉食ドゥブロさん / ブラジリアン首都術 / 巨大カンテツ
1,41,em-86798e95c07f,ほたるん！卒業祭り,18,1132,2567,0,attribute_change,0.8163,0.8734,100,0,12,いいえ,ほたるん！卒業祭り / ヤマさんヤミーさん / 肉食ドゥブロさん / ブラジリアン首都術 / 巨大カンテツ
1,42,em-b90efc9e636b,婆娑羅でどーよ,18,1046,4105,4,attack_buff,0.8163,0.8734,100,0,14,いいえ,婆娑羅でどーよ / ヤマさんヤミーさん / 肉食ドゥブロさん / ブラジリアン首都術 / 巨大カンテツ
1,43,em-e2624c3cfdbc,美才能♪かの子さん,18,1288,4025,5,multi_hit_attack,0.8163,0.8734,100,0,12,いいえ,美才能♪かの子さん / ヤマさんヤミーさん / 肉食ドゥブロさん / ブラジリアン首都術 / 巨大カンテツ
1,44,em-f565b0314902,覚醒大氷怪・雪愛,37,4345,4515,1,attribute_change,0.815,0.8671,100,0,11,いいえ,覚醒大氷怪・雪愛 / ペーチパイセン / 肉食ドゥブロさん / 愛のぴよ子 / 巨大カンテツ
1,45,em-5514b5658aa3,ハリウッドナナコ師匠,5,2503,1093,9,delay,0.808,0.8608,97,3,12,いいえ,ハリウッドナナコ師匠 / 北間・クラリス嬢 / ターヌムンゴネキ / 肉食ドゥブロさん / にほりん
1,46,em-cd0a21cda0bb,タキシラ師匠,6,1861,733,0,heal,0.808,0.8608,98,2,12,いいえ,タキシラ師匠 / 北間・クラリス嬢 / ターヌムンゴネキ / 肉食ドゥブロさん / にほりん
1,47,em-52f594fdc52e,後楽園☆池田,43,5623,2896,1,attack_buff,0.8041,0.8671,99,1,11,いいえ,後楽園☆池田 / ペーチパイセン / アウス大先輩 / タミちゃんの火祭り / 巨大カンテツ
1,48,em-67086191a83f,マダラなシオマネキ君,27,5490,1059,2,attribute_guard,0.8024,0.8608,98,2,12,いいえ,マダラなシオマネキ君 / ペーチパイセン / 肉食ドゥブロさん / タミちゃんの火祭り / 巨大カンテツ
1,49,em-0fd17c65da62,大患部！ぴよ子大佐,18,2415,2861,2,multi_hit_attack,0.8024,0.8608,100,0,12,いいえ,大患部！ぴよ子大佐 / ヤマさんヤミーさん / 肉食ドゥブロさん / ブラジリアン首都術 / 巨大カンテツ
1,50,em-83399e4df86b,必罰のエルフ,18,2093,3281,4,attack_buff,0.8024,0.8608,100,0,12,いいえ,必罰のエルフ / ヤマさんヤミーさん / 肉食ドゥブロさん / ブラジリアン首都術 / 巨大カンテツ
1,51,em-9960799ef9aa,ににぎのミコト,35,4941,3748,5,attack_buff,0.8017,0.8671,98,2,11,いいえ,ににぎのミコト / ペーチパイセン / コンドアーズ / 肉食ドゥブロさん / ハリウッドナナコ師匠
1,52,em-7499fb228620,にほりん,15,2898,3059,5,attack_buff,0.7955,0.8544,96,4,12,いいえ,にほりん / ヤマさんヤミーさん / 肉食ドゥブロさん / 愛のぴよ子 / 巨大カンテツ
1,53,em-065f680177c4,ﾍﾟﾀももたろす,17,3059,3059,2,attribute_change,0.7955,0.8544,99,1,12,いいえ,ﾍﾟﾀももたろす / ヤマさんヤミーさん / 肉食ドゥブロさん / ブラジリアン首都術 / 巨大カンテツ
1,54,em-22dd126a0f3a,どーん竜馬,17,2898,2898,3,attack_buff,0.7955,0.8544,99,1,12,いいえ,どーん竜馬 / ヤマさんヤミーさん / 肉食ドゥブロさん / ブラジリアン首都術 / 巨大カンテツ
1,55,em-f119f767f457,アダム＆エバ,50,5112,4260,4,attack_buff,0.7941,0.8481,99,1,11,いいえ,アダム＆エバ / ペーチパイセン / コンドアーズ / おこしんMK-2 / 巨大カンテツ
1,56,em-438753e77e6c,デロスの月陽姉弟,41,3237,5453,2,heal,0.7925,0.8608,97,3,11,いいえ,デロスの月陽姉弟 / ペーチパイセン / アウス大先輩 / タミちゃんの火祭り / 巨大カンテツ
1,57,em-4533a7697d48,謀反人ミッツ,60,6645,4430,3,damage_reduction,0.7925,0.8608,99,1,10,いいえ,謀反人ミッツ / ペーチパイセン / コンドアーズ / おこしんMK-2 / ハリウッドナナコ師匠
1,58,em-de36aab296aa,月下皇帝ランたん様,50,3150,5367,3,revive,0.7904,0.8544,99,1,11,いいえ,月下皇帝ランたん様 / ペーチパイセン / コンドアーズ / ブラジリアン首都術 / 巨大カンテツ
1,59,em-962f1faafed7,三貴子アマテラス,75,10309,5112,5,revive,0.7903,0.8608,100,0,10,いいえ,三貴子アマテラス / ペーチパイセン / ウナギーヌくん / おこしんMK-2 / ハリウッドナナコ師匠
1,60,em-d5ed773d56cd,夏至祭のヴァサクサ君,18,3976,2156,2,skill_reduction,0.7886,0.8481,100,0,12,いいえ,夏至祭のヴァサクサ君 / ヤマさんヤミーさん / 肉食ドゥブロさん / ブラジリアン首都術 / 巨大カンテツ
1,61,em-4784572b893f,シントラーのリスボン,32,5680,3786,0,attribute_change,0.788,0.8544,98,2,12,いいえ,シントラーのリスボン / ペーチパイセン / コンドアーズ / 肉食ドゥブロさん / ブラジリアン首都術
1,62,em-410cc22d32bc,アロハる☆水島神人,16,3246,1887,2,attribute_change,0.7872,0.8418,97,3,12,いいえ,アロハる☆水島神人 / ヤマさんヤミーさん / 肉食ドゥブロさん / 愛のぴよ子 / にほりん
1,63,em-629cc99564e0,帝王ヒルズ様,17,1867,3333,1,attack_buff,0.7872,0.8418,99,1,12,いいえ,帝王ヒルズ様 / ヤマさんヤミーさん / 肉食ドゥブロさん / ブラジリアン首都術 / 巨大カンテツ
1,64,em-6fe67318189a,劇場版ＪＡＸＡイル,18,1304,3526,4,multi_hit_attack,0.786,0.8481,100,0,12,いいえ,劇場版ＪＡＸＡイル / ヤマさんヤミーさん / 肉食ドゥブロさん / ブラジリアン首都術 / 巨大カンテツ
1,65,em-42c90dd17240,GSPS！秀郷先生,34,3578,4601,2,attack_buff,0.7857,0.8544,100,0,11,いいえ,GSPS！秀郷先生 / ペーチパイセン / コンドアーズ / 肉食ドゥブロさん / ブラジリアン首都術
1,66,em-cf78c5cc3134,オタテカモ次郎,28,4186,3059,2,attribute_change,0.7844,0.8418,99,1,12,いいえ,オタテカモ次郎 / ペーチパイセン / 肉食ドゥブロさん / タミちゃんの火祭り / 巨大カンテツ
1,67,em-eb8dcb3ecb46,ヨーコ須賀パイセン,45,5964,3237,3,attribute_guard,0.7818,0.8418,100,0,12,いいえ,ヨーコ須賀パイセン / ペーチパイセン / トマティーナ少佐 / タミちゃんの火祭り / 巨大カンテツ
1,68,em-f49b19428b58,ちび丸のハロウィン,17,255,2896,4,revive,0.7804,0.8354,98,2,12,いいえ,ちび丸のハロウィン / ヤマさんヤミーさん / 肉食ドゥブロさん / 愛のぴよ子 / にほりん
1,69,em-6d3c1934f67c,エンパさんの夏,50,5623,4430,2,aoe_attack,0.7804,0.8354,99,1,11,いいえ,エンパさんの夏 / ペーチパイセン / コンドアーズ / おこしんMK-2 / 巨大カンテツ
1,70,em-10b41d0249c9,ホタル,40,4396,5163,1,attribute_change,0.7789,0.8481,96,4,11,いいえ,ホタル / ペーチパイセン / アウス大先輩 / タミちゃんの火祭り / 巨大カンテツ
1,71,em-309fbe104636,いーびルン,15,2254,2576,7,guard,0.7789,0.8481,99,1,12,いいえ,いーびルン / ペーチパイセン / ターヌムンゴネキ / 肉食ドゥブロさん / おこしんMK-2
1,72,em-ec52e54bb473,ﾀｰｷｰﾃﾞ-なじとっこ君,10,706,2403,4,attack_buff,0.7776,0.8354,99,1,12,いいえ,ﾀｰｷｰﾃﾞ-なじとっこ君 / ヤマさんヤミーさん / 肉食ドゥブロさん / タミちゃんの火祭り / 巨大カンテツ
1,73,em-f88796a335ca,勇者オトシゴ,12,1324,1703,5,damage_reduction,0.7746,0.8481,100,0,11,いいえ,勇者オトシゴ / トマティーナ少佐 / ターヌムンゴネキ / 肉食ドゥブロさん / ハリウッドナナコ師匠
1,74,em-d295de1e4086,海の日シスターズ♪,40,3823,4657,4,attack_buff,0.7744,0.8418,96,4,11,いいえ,海の日シスターズ♪ / ペーチパイセン / 愛のぴよ子 / 肉食ドゥブロさん / ブラジリアン首都術
1,75,em-84d3175a9388,コン勝神☆くー様,48,3809,7024,4,attack_buff,0.7744,0.8418,97,3,11,いいえ,コン勝神☆くー様 / ペーチパイセン / コンドアーズ / おこしんMK-2 / 巨大カンテツ
1,76,em-ab5422bc92f7,猫キャットマンジョン,7,493,1762,1,heal,0.7709,0.8291,99,1,12,いいえ,猫キャットマンジョン / 北間・クラリス嬢 / ターヌムンゴネキ / 肉食ドゥブロさん / にほりん
1,77,em-188f3b3f954c,凄ェたっくん,8,636,1767,5,attack_buff,0.7709,0.8291,100,0,12,いいえ,凄ェたっくん / 北間・クラリス嬢 / ターヌムンゴネキ / 肉食ドゥブロさん / にほりん
1,78,em-c08f9d20049a,激辛ふとし君,8,701,1702,5,attack_buff,0.7709,0.8291,100,0,12,いいえ,激辛ふとし君 / 北間・クラリス嬢 / ターヌムンゴネキ / 肉食ドゥブロさん / にほりん
1,79,em-3151d77efe3f,チンチョーロさん,37,4805,4805,7,revive,0.7709,0.8291,100,0,11,いいえ,チンチョーロさん / ペーチパイセン / 肉食ドゥブロさん / 愛のぴよ子 / 巨大カンテツ
1,80,em-980bac842ec7,ウシュか☆丸か,5,1410,1404,10,revive,0.7641,0.8228,97,3,12,いいえ,ウシュか☆丸か / 北間・クラリス嬢 / ターヌムンゴネキ / 肉食ドゥブロさん / にほりん
1,81,em-3ff47465be07,怪傑猫キャット,6,250,1100,1,heal,0.7641,0.8228,98,2,12,いいえ,怪傑猫キャット / 北間・クラリス嬢 / ターヌムンゴネキ / 肉食ドゥブロさん / にほりん
1,82,em-950c6a19b78f,竹輪総理,6,250,1100,3,attack_buff,0.7641,0.8228,98,2,12,いいえ,竹輪総理 / 北間・クラリス嬢 / ターヌムンゴネキ / 肉食ドゥブロさん / にほりん
1,83,em-036ee10985c7,大正義！反魂タン,7,800,1000,4,revive,0.7641,0.8228,99,1,12,いいえ,大正義！反魂タン / 北間・クラリス嬢 / ターヌムンゴネキ / 肉食ドゥブロさん / にほりん
1,84,em-594f4648caff,金閣鹿苑大先生,7,1201,1201,4,revive,0.7641,0.8228,99,1,12,いいえ,金閣鹿苑大先生 / 北間・クラリス嬢 / ターヌムンゴネキ / 肉食ドゥブロさん / にほりん
1,85,em-c09c9bb81a01,蓮十郎,7,1215,1187,2,skill_reduction,0.7641,0.8228,99,1,12,いいえ,蓮十郎 / 北間・クラリス嬢 / ターヌムンゴネキ / 肉食ドゥブロさん / にほりん
1,86,em-d5d58dc5e468,子供神・わらしちゃん,7,565,1131,4,delay,0.7641,0.8228,99,1,12,いいえ,子供神・わらしちゃん / 北間・クラリス嬢 / ターヌムンゴネキ / 肉食ドゥブロさん / にほりん
1,87,em-d9f30734dd50,草カロ花子,7,1159,1244,5,heal,0.7641,0.8228,99,1,12,いいえ,草カロ花子 / 北間・クラリス嬢 / ターヌムンゴネキ / 肉食ドゥブロさん / にほりん
1,88,em-20d0672eefa5,実際かにろう,8,1269,987,4,delay,0.7641,0.8228,100,0,12,いいえ,実際かにろう / 北間・クラリス嬢 / ターヌムンゴネキ / 肉食ドゥブロさん / にほりん
1,89,em-2f3689f15f09,ブルりん,8,800,1000,6,damage_reduction,0.7641,0.8228,100,0,12,いいえ,ブルりん / 北間・クラリス嬢 / ターヌムンゴネキ / 肉食ドゥブロさん / にほりん
1,90,em-3738f743f200,復活！チワワんこ,8,1128,1269,3,heal,0.7641,0.8228,100,0,12,いいえ,復活！チワワんこ / 北間・クラリス嬢 / ターヌムンゴネキ / 肉食ドゥブロさん / にほりん
1,91,em-70d6edc2819a,熟練の剣闘士,8,265,940,5,attack_buff,0.7641,0.8228,100,0,12,いいえ,熟練の剣闘士 / 北間・クラリス嬢 / ターヌムンゴネキ / 肉食ドゥブロさん / にほりん
1,92,em-7ada5b98126c,サイガーブルー,8,250,950,5,multi_hit_attack,0.7641,0.8228,100,0,12,いいえ,サイガーブルー / 北間・クラリス嬢 / ターヌムンゴネキ / 肉食ドゥブロさん / にほりん
1,93,em-8c598f1908e7,ももとふちゃん,8,800,1000,3,heal,0.7641,0.8228,100,0,12,いいえ,ももとふちゃん / 北間・クラリス嬢 / ターヌムンゴネキ / 肉食ドゥブロさん / にほりん
1,94,em-ad8d69dc1ea4,強いできっしん,8,263,942,5,attack_buff,0.7641,0.8228,100,0,12,いいえ,強いできっしん / 北間・クラリス嬢 / ターヌムンゴネキ / 肉食ドゥブロさん / にほりん
1,95,em-f938c5c907fd,ももたろす,8,1000,1000,4,attribute_change,0.7641,0.8228,100,0,12,いいえ,ももたろす / 北間・クラリス嬢 / ターヌムンゴネキ / 肉食ドゥブロさん / にほりん
1,96,em-8cff13c7ab2a,ツボの中のウツボン,13,1917,1917,6,damage_reduction,0.7633,0.8291,97,3,12,いいえ,ツボの中のウツボン / ペーチパイセン / ターヌムンゴネキ / 肉食ドゥブロさん / おこしんMK-2
1,97,em-ed21bd124ab2,牛タソ☆行進曲,14,755,1812,2,guard,0.7633,0.8291,98,2,12,いいえ,牛タソ☆行進曲 / ペーチパイセン / ターヌムンゴネキ / 肉食ドゥブロさん / おこしんMK-2
1,98,em-36ce9827163b,検非違使なけいび氏,28,6024,878,2,heal,0.7632,0.8354,99,1,12,いいえ,検非違使なけいび氏 / ペーチパイセン / 肉食ドゥブロさん / タミちゃんの火祭り / 巨大カンテツ
1,99,em-bdf5b4886e9a,シーホーすん,12,1191,1532,5,damage_reduction,0.7591,0.8354,100,0,11,いいえ,シーホーすん / トマティーナ少佐 / ターヌムンゴネキ / 肉食ドゥブロさん / ハリウッドナナコ師匠
1,100,em-74e8fc67e60c,竹輪大臣,5,200,900,4,attack_buff,0.7574,0.8165,97,3,12,いいえ,竹輪大臣 / 北間・クラリス嬢 / ターヌムンゴネキ / 肉食ドゥブロさん / にほりん
1,101,em-9dc006cdc69c,解決猫キャット,5,200,900,1,heal,0.7574,0.8165,97,3,12,いいえ,解決猫キャット / 北間・クラリス嬢 / ターヌムンゴネキ / 肉食ドゥブロさん / にほりん
1,102,em-65d0268c18cf,うっす様。,6,200,900,2,attack_buff,0.7574,0.8165,98,2,12,いいえ,うっす様。 / 北間・クラリス嬢 / ターヌムンゴネキ / 肉食ドゥブロさん / にほりん
1,103,em-f2a813466bbe,The★Youなリバ子,50,5770,3113,0,heal,0.7574,0.8165,99,1,12,いいえ,The★Youなリバ子 / ペーチパイセン / コンドアーズ / ブラジリアン首都術 / 巨大カンテツ
1,104,em-1d7c8481ec64,にくぁうちゃん,8,314,913,4,attack_buff,0.7574,0.8165,100,0,12,いいえ,にくぁうちゃん / 北間・クラリス嬢 / ターヌムンゴネキ / 肉食ドゥブロさん / にほりん
1,105,em-1e1a4317070b,ＫＲ２ジョー,8,295,910,4,attack_buff,0.7574,0.8165,100,0,12,いいえ,ＫＲ２ジョー / 北間・クラリス嬢 / ターヌムンゴネキ / 肉食ドゥブロさん / にほりん
1,106,em-3b3dcabfe61f,ク・うぃーん女王,8,900,900,5,attribute_change,0.7574,0.8165,100,0,12,いいえ,ク・うぃーん女王 / 北間・クラリス嬢 / ターヌムンゴネキ / 肉食ドゥブロさん / にほりん
1,107,em-5bdefb267838,どーよくん,8,310,910,5,attack_buff,0.7574,0.8165,100,0,12,いいえ,どーよくん / 北間・クラリス嬢 / ターヌムンゴネキ / 肉食ドゥブロさん / にほりん
1,108,em-6a28c73fe6b3,はーい竜馬,8,900,900,3,attack_buff,0.7574,0.8165,100,0,12,いいえ,はーい竜馬 / 北間・クラリス嬢 / ターヌムンゴネキ / 肉食ドゥブロさん / にほりん
1,109,em-959e9037e6f6,だいこっくん,8,800,900,8,attack_buff,0.7574,0.8165,100,0,12,いいえ,だいこっくん / 北間・クラリス嬢 / ターヌムンゴネキ / 肉食ドゥブロさん / にほりん
1,110,em-fa09a3c6aeb6,アイヤーさん,8,314,913,5,attack_buff,0.7574,0.8165,100,0,12,いいえ,アイヤーさん / 北間・クラリス嬢 / ターヌムンゴネキ / 肉食ドゥブロさん / にほりん
1,111,em-fd76872dafaf,くまのたん,8,300,920,3,attack_buff,0.7574,0.8165,100,0,12,いいえ,くまのたん / 北間・クラリス嬢 / ターヌムンゴネキ / 肉食ドゥブロさん / にほりん
1,112,em-599b57f2e5c4,Halloweenの蘭子さん,37,2044,5964,5,revive,0.7574,0.8165,100,0,11,いいえ,Halloweenの蘭子さん / ペーチパイセン / 肉食ドゥブロさん / 愛のぴよ子 / 巨大カンテツ
1,113,em-ec64495c1963,レブカ大先生,38,5793,2984,5,aoe_attack,0.7551,0.8354,99,1,11,いいえ,レブカ大先生 / ペーチパイセン / 肉食ドゥブロさん / タミちゃんの火祭り / ハリウッドナナコ師匠
1,114,em-5a047ed41d97,KJの少女Hi児,48,4941,3919,5,multi_hit_attack,0.7535,0.8101,97,3,11,いいえ,KJの少女Hi児 / ペーチパイセン / コンドアーズ / おこしんMK-2 / 巨大カンテツ
1,115,em-42b503c8643c,姉上と青コリくん,48,3322,3322,0,damage_reduction,0.7508,0.8101,97,3,12,いいえ,姉上と青コリくん / ペーチパイセン / コンドアーズ / ブラジリアン首都術 / 巨大カンテツ
1,116,em-82f2d0dfc734,マジでたっくん,6,295,885,5,attack_buff,0.7508,0.8101,98,2,12,いいえ,マジでたっくん / 北間・クラリス嬢 / ターヌムンゴネキ / 肉食ドゥブロさん / にほりん
1,117,em-a2d073a6cd6c,納豆問屋のご隠居様,8,944,893,1,skill_reduction,0.7508,0.8101,100,0,12,いいえ,納豆問屋のご隠居様 / 北間・クラリス嬢 / ターヌムンゴネキ / 肉食ドゥブロさん / にほりん
1,118,em-83954a93a691,閃きのヒラメちゃん,60,6560,4430,2,attribute_change,0.7478,0.8228,98,2,11,いいえ,閃きのヒラメちゃん / ペーチパイセン / コンドアーズ / 愛のぴよ子 / ハリウッドナナコ師匠
1,119,em-0e768525b557,ヘラクレス先輩,70,5885,6230,4,multi_hit_attack,0.7465,0.8291,99,1,9,いいえ,ヘラクレス先輩 / ペーチパイセン / 愛のぴよ子 / 旧市街地の魔物 / ウシュか☆丸か
1,120,em-efaa90d2f7dc,竹輪先生,3,150,700,5,attack_buff,0.7441,0.8038,95,5,12,いいえ,竹輪先生 / 北間・クラリス嬢 / ターヌムンゴネキ / 肉食ドゥブロさん / にほりん
1,121,em-d6f4ebe1907b,猫キャット,4,150,700,1,heal,0.7441,0.8038,96,4,12,いいえ,猫キャット / 北間・クラリス嬢 / ターヌムンゴネキ / 肉食ドゥブロさん / にほりん
1,122,em-f3861e35df6f,暗黒王まはーかーらん,47,3731,3926,4,delay,0.7441,0.8038,96,4,11,いいえ,暗黒王まはーかーらん / ペーチパイセン / コンドアーズ / おこしんMK-2 / 巨大カンテツ
1,123,em-17e6d828aa8d,かなりたっくん,5,195,685,5,attack_buff,0.7441,0.8038,97,3,12,いいえ,かなりたっくん / 北間・クラリス嬢 / ターヌムンゴネキ / 肉食ドゥブロさん / にほりん
1,124,em-02dd665173e3,超回復！反魂タン,6,600,700,4,revive,0.7441,0.8038,98,2,12,いいえ,超回復！反魂タン / 北間・クラリス嬢 / ターヌムンゴネキ / 肉食ドゥブロさん / にほりん
1,125,em-2d076c59c4b7,わんこーラスそば,6,600,700,3,heal,0.7441,0.8038,98,2,12,いいえ,わんこーラスそば / 北間・クラリス嬢 / ターヌムンゴネキ / 肉食ドゥブロさん / にほりん
1,126,em-40b14b1190a7,芳一先生,6,600,700,5,revive,0.7441,0.8038,98,2,12,いいえ,芳一先生 / 北間・クラリス嬢 / ターヌムンゴネキ / 肉食ドゥブロさん / にほりん
1,127,em-75066f4bfd55,くーにょん,6,600,700,4,attack_buff,0.7441,0.8038,98,2,12,いいえ,くーにょん / 北間・クラリス嬢 / ターヌムンゴネキ / 肉食ドゥブロさん / にほりん
1,128,em-9bd1ce6f159b,ハントン先輩,6,650,700,6,multi_hit_attack,0.7441,0.8038,98,2,12,いいえ,ハントン先輩 / 北間・クラリス嬢 / ターヌムンゴネキ / 肉食ドゥブロさん / にほりん
1,129,em-b06129e327ac,ケンＺＯ３号,6,300,680,5,attack_buff,0.7441,0.8038,98,2,12,いいえ,ケンＺＯ３号 / 北間・クラリス嬢 / ターヌムンゴネキ / 肉食ドゥブロさん / にほりん
1,130,em-e9a9af4ae9bc,梨豚ぴぐぺん,6,500,600,2,attack_buff,0.7441,0.8038,98,2,12,いいえ,梨豚ぴぐぺん / 北間・クラリス嬢 / ターヌムンゴネキ / 肉食ドゥブロさん / にほりん
1,131,em-0f6666d2132f,サイガーレッド,7,170,830,5,multi_hit_attack,0.7441,0.8038,99,1,12,いいえ,サイガーレッド / 北間・クラリス嬢 / ターヌムンゴネキ / 肉食ドゥブロさん / にほりん
1,132,em-2f8589eed296,畳リーゼント,7,300,700,4,attack_buff,0.7441,0.8038,99,1,12,いいえ,畳リーゼント / 北間・クラリス嬢 / ターヌムンゴネキ / 肉食ドゥブロさん / にほりん
1,133,em-43c2f997e41c,きっしん,7,170,830,5,attack_buff,0.7441,0.8038,99,1,12,いいえ,きっしん / 北間・クラリス嬢 / ターヌムンゴネキ / 肉食ドゥブロさん / にほりん
1,134,em-455f884e0481,迷菓ぴよ子先生,7,662,700,5,attack_buff,0.7441,0.8038,99,1,12,いいえ,迷菓ぴよ子先生 / 北間・クラリス嬢 / ターヌムンゴネキ / 肉食ドゥブロさん / にほりん
1,135,em-f78f249e0088,剣闘士,7,168,812,5,attack_buff,0.7441,0.8038,99,1,12,いいえ,剣闘士 / 北間・クラリス嬢 / ターヌムンゴネキ / 肉食ドゥブロさん / にほりん
1,136,em-814b464a2192,ナナホシ,50,5044,5044,3,skill_reduction,0.7441,0.8038,99,1,11,いいえ,ナナホシ / ペーチパイセン / コンドアーズ / おこしんMK-2 / 巨大カンテツ
1,137,em-38a5d43fe466,畳リーゼント先輩,8,393,812,4,attack_buff,0.7441,0.8038,100,0,12,いいえ,畳リーゼント先輩 / 北間・クラリス嬢 / ターヌムンゴネキ / 肉食ドゥブロさん / にほりん
1,138,em-646a258bedba,ロロちゃん,8,500,800,8,revive,0.7441,0.8038,100,0,12,いいえ,ロロちゃん / 北間・クラリス嬢 / ターヌムンゴネキ / 肉食ドゥブロさん / にほりん
1,139,em-89b0c363f296,川越マン,8,415,798,4,attack_buff,0.7441,0.8038,100,0,12,いいえ,川越マン / 北間・クラリス嬢 / ターヌムンゴネキ / 肉食ドゥブロさん / にほりん
1,140,em-9791eaaeef3c,メーピスさん,8,600,700,6,multi_hit_attack,0.7441,0.8038,100,0,12,いいえ,メーピスさん / 北間・クラリス嬢 / ターヌムンゴネキ / 肉食ドゥブロさん / にほりん
1,141,em-b7a8623e2b49,のぶくろくん,8,500,700,8,aoe_attack,0.7441,0.8038,100,0,12,いいえ,のぶくろくん / 北間・クラリス嬢 / ターヌムンゴネキ / 肉食ドゥブロさん / にほりん
1,142,em-deac9db76555,ヒルズくん,8,408,812,1,attack_buff,0.7441,0.8038,100,0,12,いいえ,ヒルズくん / 北間・クラリス嬢 / ターヌムンゴネキ / 肉食ドゥブロさん / にほりん
1,143,em-e2ba004694cc,ＪＡＸＡイル,8,394,794,6,multi_hit_attack,0.7441,0.8038,100,0,12,いいえ,ＪＡＸＡイル / 北間・クラリス嬢 / ターヌムンゴネキ / 肉食ドゥブロさん / にほりん
1,144,em-fa255d19986d,出発！えるたそ,8,800,700,4,attack_buff,0.7441,0.8038,100,0,12,いいえ,出発！えるたそ / 北間・クラリス嬢 / ターヌムンゴネキ / 肉食ドゥブロさん / にほりん
1,145,em-5ad05ec11a09,三連星のオコオコ,37,3834,3834,3,multi_hit_attack,0.7441,0.8038,100,0,10,いいえ,三連星のオコオコ / ペーチパイセン / 肉食ドゥブロさん / 愛のぴよ子 / 巨大カンテツ
1,146,em-bf54cef3c3e9,タツノコくん,12,1058,1362,5,damage_reduction,0.7438,0.8228,100,0,11,いいえ,タツノコくん / トマティーナ少佐 / ターヌムンゴネキ / 肉食ドゥブロさん / ハリウッドナナコ師匠
1,147,em-f354ab7f7554,漆黒のいびるん,12,800,1000,5,guard,0.7438,0.8228,100,0,12,いいえ,漆黒のいびるん / トマティーナ少佐 / ターヌムンゴネキ / 肉食ドゥブロさん / ハリウッドナナコ師匠
1,148,em-c1bbe00e5d61,ジョンは時を知らない,48,4771,3493,0,attack_buff,0.7375,0.7975,97,3,11,いいえ,ジョンは時を知らない / ペーチパイセン / コンドアーズ / おこしんMK-2 / 巨大カンテツ
1,149,em-a20c59ca87c1,Let's☆ハチ公,33,6560,1448,5,delay,0.7375,0.7975,100,0,12,いいえ,Let's☆ハチ公 / ヤマさんヤミーさん / コンドアーズ / ブラジリアン首都術 / 巨大カンテツ
1,150,em-5976d2863ad8,タオるんGT,32,4260,4732,14,guard,0.7367,0.8101,97,3,12,いいえ,タオるんGT / ペーチパイセン / トマティーナ少佐 / 肉食ドゥブロさん / ブラジリアン首都術
1,151,em-f3091896bc28,腹話フック,15,1610,3220,4,multi_hit_attack,0.7336,0.7911,96,4,12,いいえ,腹話フック / ヤマさんヤミーさん / 肉食ドゥブロさん / 愛のぴよ子 / にほりん
1,152,em-25fed9fde1ce,かっさーWoo！,16,1131,2403,4,attack_buff,0.7336,0.7911,97,3,12,いいえ,かっさーWoo！ / ヤマさんヤミーさん / 肉食ドゥブロさん / 愛のぴよ子 / にほりん
1,153,em-59dbe02c39e1,吸血くん,18,1757,3067,1,attribute_guard,0.7336,0.7911,99,1,12,いいえ,吸血くん / ヤマさんヤミーさん / 肉食ドゥブロさん / 愛のぴよ子 / にほりん
1,154,em-489782f8e31c,愛のぴよ子,7,1631,1993,3,heal,0.7326,0.7975,99,1,11,いいえ,愛のぴよ子 / 北間・クラリス嬢 / ターヌムンゴネキ / 肉食ドゥブロさん / にほりん
1,155,em-93a9275d427c,肉食ドゥブロさん,32,5106,3404,3,attack_buff,0.7326,0.7975,99,1,11,いいえ,肉食ドゥブロさん / ヤマさんヤミーさん / コンドアーズ / おこしんMK-2 / 巨大カンテツ
1,156,em-ae65fe2577b0,葉月ぴよ子,8,590,2110,6,attack_buff,0.7326,0.7975,100,0,12,いいえ,葉月ぴよ子 / 北間・クラリス嬢 / ターヌムンゴネキ / 肉食ドゥブロさん / にほりん
1,157,em-f9ca1348e6ed,斎王代「鵺」,48,6884,3748,3,attribute_change,0.731,0.7911,97,3,11,いいえ,斎王代「鵺」 / ペーチパイセン / コンドアーズ / おこしんMK-2 / 巨大カンテツ
1,158,em-419c23e0ec81,新生☆ＢＴ５!!,35,3287,3615,3,damage_reduction,0.728,0.8038,98,2,12,いいえ,新生☆ＢＴ５!! / ペーチパイセン / コンドアーズ / 肉食ドゥブロさん / ウシュか☆丸か
1,159,em-fd03da115e54,まさか殿,35,4396,4413,6,multi_hit_attack,0.728,0.8038,98,2,12,いいえ,まさか殿 / ペーチパイセン / コンドアーズ / 肉食ドゥブロさん / ウシュか☆丸か
1,160,em-02e0499d8e24,朱雀,36,4430,4941,4,attack_buff,0.728,0.8038,99,1,12,いいえ,朱雀 / ペーチパイセン / コンドアーズ / 肉食ドゥブロさん / ウシュか☆丸か
1,161,em-d0c26ab1312e,シガー☆直哉,22,3542,2125,1,attribute_change,0.7245,0.7848,95,5,12,いいえ,シガー☆直哉 / ペーチパイセン / コンドアーズ / 肉食ドゥブロさん / 巨大カンテツ
1,162,em-28604c08091f,純白のアンナ大先輩,51,6305,3748,5,aoe_attack,0.7245,0.7848,100,0,11,いいえ,純白のアンナ大先輩 / ペーチパイセン / コンドアーズ / おこしんMK-2 / 巨大カンテツ
1,163,em-a03649b8e724,巨大カンテツ,15,3220,3220,5,heal,0.7236,0.7975,100,0,12,いいえ,巨大カンテツ / 北間・クラリス嬢 / ターヌムンゴネキ / 肉食ドゥブロさん / ブラジリアン首都術
1,164,em-2def672b1533,バターリャ後悔王子,30,3213,3213,3,damage_reduction,0.7219,0.7848,100,0,10,いいえ,バターリャ後悔王子 / トマティーナ少佐 / 肉食ドゥブロさん / 愛のぴよ子 / 巨大カンテツ
1,165,em-490281caead8,にくぁう羽子板・辰,36,3449,3449,0,attack_buff,0.7215,0.7975,99,1,12,いいえ,にくぁう羽子板・辰 / ペーチパイセン / コンドアーズ / 肉食ドゥブロさん / ウシュか☆丸か
1,166,em-e8fc5c7a59a4,猫毘沙門天,36,4430,4089,4,aoe_attack,0.7215,0.7975,99,1,12,いいえ,猫毘沙門天 / ペーチパイセン / コンドアーズ / 肉食ドゥブロさん / ウシュか☆丸か
1,167,em-ac3306faeab5,マサムネーダー,32,3919,5112,1,attribute_change,0.7195,0.7975,98,2,12,いいえ,マサムネーダー / ペーチパイセン / コンドアーズ / 肉食ドゥブロさん / ブラジリアン首都術
1,168,em-e121ae05cb4a,戦国ドラグーン,32,3919,5112,0,attribute_change,0.7195,0.7975,98,2,12,いいえ,戦国ドラグーン / ペーチパイセン / コンドアーズ / 肉食ドゥブロさん / ブラジリアン首都術
1,169,em-712f122e2051,オロモ君は欝気味,17,1536,2684,1,guard,0.7195,0.7848,98,2,12,いいえ,オロモ君は欝気味 / ヤマさんヤミーさん / 肉食ドゥブロさん / 愛のぴよ子 / にほりん
1,170,em-fa3191833d67,エヴァン,28,3381,2776,2,damage_reduction,0.7195,0.7848,99,1,12,いいえ,エヴァン / ペーチパイセン / 肉食ドゥブロさん / タミちゃんの火祭り / 巨大カンテツ
1,171,em-d07cd0c8b0b0,二条城☆浴衣モード,19,2656,2495,1,attribute_guard,0.7195,0.7848,100,0,11,いいえ,二条城☆浴衣モード / ヤマさんヤミーさん / 肉食ドゥブロさん / 愛のぴよ子 / にほりん
1,172,manual-nijo-yukata-mode,二条嬢☆浴衣モード,19,2656,2495,1,attribute_guard,0.7195,0.7848,100,0,11,いいえ,二条嬢☆浴衣モード / ヤマさんヤミーさん / 肉食ドゥブロさん / 愛のぴよ子 / にほりん
1,173,em-b9e75bc0b1f9,わっしょいミカ先生,20,4186,3220,5,attack_buff,0.718,0.7785,93,7,12,いいえ,わっしょいミカ先生 / ペーチパイセン / コンドアーズ / 肉食ドゥブロさん / 巨大カンテツ
1,174,em-8e1d0fa65dc4,厩戸之太子大先生,24,2866,2447,1,heal,0.718,0.7785,97,3,12,いいえ,厩戸之太子大先生 / ペーチパイセン / コンドアーズ / 肉食ドゥブロさん / 巨大カンテツ
1,175,em-252e0359c5e1,巳ーちゃん,25,3451,2599,3,multi_hit_attack,0.718,0.7785,98,2,12,いいえ,巳ーちゃん / ペーチパイセン / コンドアーズ / 肉食ドゥブロさん / 巨大カンテツ
1,176,em-8de6e4494a60,称えよ☆メジェド様！,25,2415,2415,2,guard,0.718,0.7785,98,2,12,いいえ,称えよ☆メジェド様！ / ペーチパイセン / コンドアーズ / 肉食ドゥブロさん / 巨大カンテツ
1,177,em-d695befcbdc2,収穫☆にいがタン,26,4508,3655,3,attribute_guard,0.718,0.7785,99,1,12,いいえ,収穫☆にいがタン / ペーチパイセン / コンドアーズ / 肉食ドゥブロさん / 巨大カンテツ
1,178,em-572c57cf5e18,湘南大水曜日ボーイ,28,2044,5623,4,attack_buff,0.7175,0.7975,99,1,11,いいえ,湘南大水曜日ボーイ / ヤマさんヤミーさん / 肉食ドゥブロさん / 愛のぴよ子 / ハリウッドナナコ師匠
1,179,em-78c7d71a75d2,美音三銃士を連れてきたよ,50,6475,3748,5,revive,0.7154,0.7785,99,1,12,いいえ,美音三銃士を連れてきたよ / ペーチパイセン / コンドアーズ / ブラジリアン首都術 / 巨大カンテツ
1,180,em-ffdcaffc4a41,雑煮入り☆うるっしー,36,3443,3443,4,guard,0.7154,0.7785,100,0,10,いいえ,雑煮入り☆うるっしー / ペーチパイセン / 肉食ドゥブロさん / ブラジリアン首都術 / 巨大カンテツ
1,181,em-24d2ab142253,アグスティンさん,12,2869,1359,5,multi_hit_attack,0.715,0.7911,97,3,12,いいえ,アグスティンさん / 北間・クラリス嬢 / ターヌムンゴネキ / 肉食ドゥブロさん / ブラジリアン首都術
1,182,em-4694b1a256f8,悪魔！いびるん,9,600,700,5,guard,0.715,0.7911,100,0,12,いいえ,悪魔！いびるん / トマティーナ少佐 / ターヌムンゴネキ / 肉食ドゥブロさん / ブラジリアン首都術
1,183,em-b193a8ecb394,どんぶりBros.,15,1963,1812,0,heal,0.715,0.7911,100,0,12,いいえ,どんぶりBros. / 北間・クラリス嬢 / ターヌムンゴネキ / 肉食ドゥブロさん / ブラジリアン首都術
1,184,em-08c36f307e1c,3年ε組！エレナ先生,38,4430,4260,3,attack_buff,0.713,0.7911,100,0,11,いいえ,3年ε組！エレナ先生 / ペーチパイセン / トマティーナ少佐 / 肉食ドゥブロさん / ウシュか☆丸か
1,185,em-68e23b3f15d7,あっぴーの外出,15,1610,3500,3,attack_buff,0.713,0.7785,96,4,12,いいえ,あっぴーの外出 / ヤマさんヤミーさん / 肉食ドゥブロさん / 愛のぴよ子 / にほりん
1,186,em-9d511711422e,禍殃☆ももとふ姫,17,2737,3059,3,heal,0.713,0.7785,98,2,12,いいえ,禍殃☆ももとふ姫 / ヤマさんヤミーさん / 肉食ドゥブロさん / 愛のぴよ子 / にほりん
1,187,em-3c7a40d5b751,宇和島マタドーるん,19,2737,3059,1,damage_reduction,0.713,0.7785,100,0,11,いいえ,宇和島マタドーるん / ヤマさんヤミーさん / 肉食ドゥブロさん / 愛のぴよ子 / にほりん
1,188,em-3ff69ed35fe7,wiーん・ザ・ウルフ,19,2898,2898,4,attribute_change,0.713,0.7785,100,0,11,いいえ,wiーん・ザ・ウルフ / ヤマさんヤミーさん / 肉食ドゥブロさん / 愛のぴよ子 / にほりん
1,189,em-7f847f5ad505,電ドロ白鷺嬢,40,6816,2556,1,heal,0.7107,0.7785,96,4,11,いいえ,電ドロ白鷺嬢 / ペーチパイセン / コンドアーズ / タミちゃんの火祭り / 巨大カンテツ
1,190,em-ceda64319ca1,蜜香のウミリンゴ,75,8520,5453,1,attack_buff,0.71,0.7975,100,0,10,いいえ,蜜香のウミリンゴ / ペーチパイセン / ウナギーヌくん / 旧市街地の魔物 / ウシュか☆丸か
1,191,em-4e9bf489ecd9,怒りのマッキニキ,14,2416,1359,3,damage_reduction,0.7085,0.7848,98,2,12,いいえ,怒りのマッキニキ / ペーチパイセン / ターヌムンゴネキ / 肉食ドゥブロさん / おこしんMK-2
1,192,em-54cb13a72721,不思議の海のモヅルン,60,6475,4941,3,attribute_guard,0.7072,0.7911,98,2,11,いいえ,不思議の海のモヅルン / ペーチパイセン / コンドアーズ / 愛のぴよ子 / ハリウッドナナコ師匠
1,193,em-3f58266f2bab,スカン・グ☆愛,12,2886,890,1,damage_reduction,0.7072,0.7911,100,0,12,いいえ,スカン・グ☆愛 / トマティーナ少佐 / ターヌムンゴネキ / 肉食ドゥブロさん / ハリウッドナナコ師匠
1,194,em-471b1ba55d5c,有馬んば,13,1413,1244,4,heal,0.7065,0.7848,98,2,12,いいえ,有馬んば / 北間・クラリス嬢 / ターヌムンゴネキ / 肉食ドゥブロさん / ブラジリアン首都術
1,195,em-b9ee6ac8db32,爆走！えるたそ,13,2114,1661,4,attack_buff,0.7065,0.7848,98,2,12,いいえ,爆走！えるたそ / 北間・クラリス嬢 / ターヌムンゴネキ / 肉食ドゥブロさん / ブラジリアン首都術
1,196,em-712bee050113,ターヌムンゴネキ,35,4089,4089,2,attack_buff,0.7065,0.7848,98,2,12,いいえ,ターヌムンゴネキ / ペーチパイセン / コンドアーズ / 肉食ドゥブロさん / ウシュか☆丸か
1,197,em-039a051d72bb,伊万里の重畳,36,4260,3919,3,delay,0.7065,0.7848,99,1,12,いいえ,伊万里の重畳 / ペーチパイセン / コンドアーズ / 肉食ドゥブロさん / ウシュか☆丸か
1,198,em-a5d6506eec58,瓜だね女中,15,3220,1610,4,heal,0.7065,0.7848,100,0,12,いいえ,瓜だね女中 / 北間・クラリス嬢 / ターヌムンゴネキ / 肉食ドゥブロさん / ブラジリアン首都術
1,199,em-37fd7478d2d8,壺風味の何か,16,2809,888,1,damage_reduction,0.7045,0.7848,98,2,12,いいえ,壺風味の何か / 北間・クラリス嬢 / ターヌムンゴネキ / 肉食ドゥブロさん / ウシュか☆丸か
1,200,em-da8dd7644e31,法隆ジェット,7,600,400,6,guard,0.7041,0.7785,98,2,12,いいえ,法隆ジェット / トマティーナ少佐 / ターヌムンゴネキ / 肉食ドゥブロさん / おこしんMK-2
1,201,em-64f8ad5111a6,マッキニキ,9,1000,500,4,damage_reduction,0.7041,0.7785,100,0,12,いいえ,マッキニキ / トマティーナ少佐 / ターヌムンゴネキ / 肉食ドゥブロさん / おこしんMK-2
1,202,em-f203cae3d671,ペーチパイセン,9,1974,1100,1,attack_buff,0.702,0.7785,94,6,12,いいえ,ペーチパイセン / 北間・クラリス嬢 / ターヌムンゴネキ / 肉食ドゥブロさん / ブラジリアン首都術
1,203,em-6722337c6d78,雨降る倉敷のみかん姐,15,2718,1963,4,aoe_attack,0.702,0.7785,100,0,12,いいえ,雨降る倉敷のみかん姐 / 北間・クラリス嬢 / ターヌムンゴネキ / 肉食ドゥブロさん / ブラジリアン首都術
1,204,em-87d7d883c438,ニートエンペラー,10,459,565,7,damage_reduction,0.7007,0.7848,98,2,12,いいえ,ニートエンペラー / トマティーナ少佐 / ターヌムンゴネキ / 肉食ドゥブロさん / ハリウッドナナコ師匠
1,205,em-8a847b9e3d1d,アストロ・あっしゅ,15,1900,1100,5,attribute_guard,0.7,0.7785,100,0,12,いいえ,アストロ・あっしゅ / 北間・クラリス嬢 / ターヌムンゴネキ / 肉食ドゥブロさん / ブラジリアン首都術
1,206,em-1a3ab3b1acf7,聖☆いんてぃないか,19,2817,2334,4,aoe_attack,0.6977,0.7722,100,0,11,いいえ,聖☆いんてぃないか / ヤマさんヤミーさん / 愛のぴよ子 / 肉食ドゥブロさん / にほりん
1,207,em-285a6b18bfb1,いろはの曙ちゃん,18,2705,2705,0,heal,0.6956,0.7722,99,1,12,いいえ,いろはの曙ちゃん / ヤマさんヤミーさん / 愛のぴよ子 / 肉食ドゥブロさん / にほりん
1,208,em-39a2f0d8ec72,ロードスのエルフ騎士,44,4430,5623,6,skill_reduction,0.6936,0.7722,100,0,11,いいえ,ロードスのエルフ騎士 / ペーチパイセン / 愛のぴよ子 / 肉食ドゥブロさん / ブラジリアン首都術
1,209,em-1c29986cc8dd,玄武けいび,4,315,335,6,damage_reduction,0.6892,0.7658,95,5,12,いいえ,玄武けいび / トマティーナ少佐 / ターヌムンゴネキ / 肉食ドゥブロさん / ブラジリアン首都術
1,210,em-1d206f58d0b7,マッキ,6,600,300,4,damage_reduction,0.6892,0.7658,97,3,12,いいえ,マッキ / トマティーナ少佐 / ターヌムンゴネキ / 肉食ドゥブロさん / ブラジリアン首都術
1,211,em-35e37020b193,æッシュちゃん,17,3542,2254,5,attribute_guard,0.6892,0.7658,98,2,12,いいえ,æッシュちゃん / ヤマさんヤミーさん / 愛のぴよ子 / 肉食ドゥブロさん / にほりん
1,212,em-344c7687cce5,アウス大先輩,17,1924,1924,2,attribute_change,0.6879,0.7722,99,1,11,いいえ,アウス大先輩 / 北間・クラリス嬢 / ターヌムンゴネキ / 肉食ドゥブロさん / ウシュか☆丸か
1,213,em-bd7b9f8f305f,レドニツェ嬢,36,6816,2556,0,attack_buff,0.6874,0.7532,99,1,12,いいえ,レドニツェ嬢 / ペーチパイセン / 肉食ドゥブロさん / 愛のぴよ子 / にほりん
1,214,em-05688a606392,芳一くん,3,300,400,7,revive,0.6849,0.7595,95,5,12,いいえ,芳一くん / ヤマさんヤミーさん / ターヌムンゴネキ / タミちゃんの火祭り / 巨大カンテツ
1,215,em-220d63bfc07c,ハントンくん,3,350,500,8,multi_hit_attack,0.6849,0.7595,95,5,12,いいえ,ハントンくん / ヤマさんヤミーさん / ターヌムンゴネキ / タミちゃんの火祭り / 巨大カンテツ
1,216,em-401fb8fe2284,S.K.O.Tちゃん,3,750,200,6,heal,0.6849,0.7595,95,5,12,いいえ,S.K.O.Tちゃん / ヤマさんヤミーさん / ターヌムンゴネキ / タミちゃんの火祭り / 巨大カンテツ
1,217,em-4a86c88e71a1,デンマーくん,3,600,300,3,guard,0.6849,0.7595,95,5,12,いいえ,デンマーくん / ヤマさんヤミーさん / ターヌムンゴネキ / タミちゃんの火祭り / 巨大カンテツ
1,218,em-4d6fe3f2c9ae,くーさん,3,300,400,4,attack_buff,0.6849,0.7595,95,5,12,いいえ,くーさん / ヤマさんヤミーさん / ターヌムンゴネキ / タミちゃんの火祭り / 巨大カンテツ
1,219,em-5053fe8d941b,カカカのカ二郎,3,400,300,5,delay,0.6849,0.7595,95,5,12,いいえ,カカカのカ二郎 / ヤマさんヤミーさん / ターヌムンゴネキ / タミちゃんの火祭り / 巨大カンテツ
1,220,em-70861f8a23e9,ウナギーヌくん,3,800,200,2,heal,0.6849,0.7595,95,5,12,いいえ,ウナギーヌくん / ヤマさんヤミーさん / ターヌムンゴネキ / タミちゃんの火祭り / 巨大カンテツ
1,221,em-b0564825039b,わんこールそば,3,200,300,3,heal,0.6849,0.7595,95,5,12,いいえ,わんこールそば / ヤマさんヤミーさん / ターヌムンゴネキ / タミちゃんの火祭り / 巨大カンテツ
1,222,em-b080511b902a,かずらちゃん,3,350,500,2,guard,0.6849,0.7595,95,5,12,いいえ,かずらちゃん / ヤマさんヤミーさん / ターヌムンゴネキ / タミちゃんの火祭り / 巨大カンテツ
1,223,em-c4c0bb3e4292,あっぴーちゃん,3,600,300,3,heal,0.6849,0.7595,95,5,12,いいえ,あっぴーちゃん / ヤマさんヤミーさん / ターヌムンゴネキ / タミちゃんの火祭り / 巨大カンテツ
1,224,em-f2bb13033bf0,鳴子ちゃん,3,300,300,8,aoe_attack,0.6849,0.7595,95,5,12,いいえ,鳴子ちゃん / ヤマさんヤミーさん / ターヌムンゴネキ / タミちゃんの火祭り / 巨大カンテツ
1,225,em-020eecb1db52,草カロ四朗,4,296,316,7,heal,0.6849,0.7595,96,4,12,いいえ,草カロ四朗 / ヤマさんヤミーさん / ターヌムンゴネキ / タミちゃんの火祭り / 巨大カンテツ
1,226,em-0697e2f112ca,ケンＺＯ１号,4,102,510,5,attack_buff,0.6849,0.7595,96,4,12,いいえ,ケンＺＯ１号 / ヤマさんヤミーさん / ターヌムンゴネキ / タミちゃんの火祭り / 巨大カンテツ
1,227,em-08c1cf17f632,青竜けいび,4,345,400,6,heal,0.6849,0.7595,96,4,12,いいえ,青竜けいび / ヤマさんヤミーさん / ターヌムンゴネキ / タミちゃんの火祭り / 巨大カンテツ
1,228,em-0f4d66009260,叡智通,4,280,332,4,attack_buff,0.6849,0.7595,96,4,12,いいえ,叡智通 / ヤマさんヤミーさん / ターヌムンゴネキ / タミちゃんの火祭り / 巨大カンテツ
1,229,em-20b521a22027,ふとし君,4,111,491,5,attack_buff,0.6849,0.7595,96,4,12,いいえ,ふとし君 / ヤマさんヤミーさん / ターヌムンゴネキ / タミちゃんの火祭り / 巨大カンテツ
1,230,em-233989ddac07,法隆寺博士,4,480,220,6,guard,0.6849,0.7595,96,4,12,いいえ,法隆寺博士 / ヤマさんヤミーさん / ターヌムンゴネキ / タミちゃんの火祭り / 巨大カンテツ
1,231,em-2a54c7e36890,ばん馬ばん,4,400,250,5,attack_buff,0.6849,0.7595,96,4,12,いいえ,ばん馬ばん / ヤマさんヤミーさん / ターヌムンゴネキ / タミちゃんの火祭り / 巨大カンテツ
1,232,em-3307021ed6b3,なっとくん,4,286,311,3,skill_reduction,0.6849,0.7595,96,4,12,いいえ,なっとくん / ヤマさんヤミーさん / ターヌムンゴネキ / タミちゃんの火祭り / 巨大カンテツ
1,233,em-4052b050ef42,白虎けいび,4,295,300,5,attack_buff,0.6849,0.7595,96,4,12,いいえ,白虎けいび / ヤマさんヤミーさん / ターヌムンゴネキ / タミちゃんの火祭り / 巨大カンテツ
1,234,em-4299af9bd2dc,皐月むりょく,4,614,614,6,skill_reduction,0.6849,0.7595,96,4,12,いいえ,皐月むりょく / ヤマさんヤミーさん / ターヌムンゴネキ / タミちゃんの火祭り / 巨大カンテツ
1,235,em-47063c22130f,わんこースそば,4,300,400,3,heal,0.6849,0.7595,96,4,12,いいえ,わんこースそば / ヤマさんヤミーさん / ターヌムンゴネキ / タミちゃんの火祭り / 巨大カンテツ
1,236,em-47f3be71ea63,青竜むりょく,4,198,189,6,heal,0.6849,0.7595,96,4,12,いいえ,青竜むりょく / ヤマさんヤミーさん / ターヌムンゴネキ / タミちゃんの火祭り / 巨大カンテツ
1,237,em-4b8a1db2788c,ニートな浅子さん,4,112,418,5,attack_buff,0.6849,0.7595,96,4,12,いいえ,ニートな浅子さん / ヤマさんヤミーさん / ターヌムンゴネキ / タミちゃんの火祭り / 巨大カンテツ
1,238,em-57fe43e7ea10,鹿苑さん,4,307,295,6,revive,0.6849,0.7595,96,4,12,いいえ,鹿苑さん / ヤマさんヤミーさん / ターヌムンゴネキ / タミちゃんの火祭り / 巨大カンテツ
1,239,em-6ffc5801eae4,ぎょざる,4,293,312,6,aoe_attack,0.6849,0.7595,96,4,12,いいえ,ぎょざる / ヤマさんヤミーさん / ターヌムンゴネキ / タミちゃんの火祭り / 巨大カンテツ
1,240,em-71b88b3e60d7,迷菓ぴよ子,4,346,356,5,attack_buff,0.6849,0.7595,96,4,12,いいえ,迷菓ぴよ子 / ヤマさんヤミーさん / ターヌムンゴネキ / タミちゃんの火祭り / 巨大カンテツ
1,241,em-737d1a27052c,じとっ子,4,202,410,5,attack_buff,0.6849,0.7595,96,4,12,いいえ,じとっ子 / ヤマさんヤミーさん / ターヌムンゴネキ / タミちゃんの火祭り / 巨大カンテツ
1,242,em-873c09a938ac,蓮太郎,4,310,302,3,skill_reduction,0.6849,0.7595,96,4,12,いいえ,蓮太郎 / ヤマさんヤミーさん / ターヌムンゴネキ / タミちゃんの火祭り / 巨大カンテツ
1,243,em-b523340b244f,金のドナドナぴよ子,4,100,100,0,none,0.6849,0.7595,96,4,12,いいえ,金のドナドナぴよ子 / ヤマさんヤミーさん / ターヌムンゴネキ / タミちゃんの火祭り / 巨大カンテツ
1,244,em-c19b90bf546d,芋煮太郎,4,510,102,7,multi_hit_attack,0.6849,0.7595,96,4,12,いいえ,芋煮太郎 / ヤマさんヤミーさん / ターヌムンゴネキ / タミちゃんの火祭り / 巨大カンテツ
1,245,em-c687e673c7ff,有馬ん,4,285,317,7,heal,0.6849,0.7595,96,4,12,いいえ,有馬ん / ヤマさんヤミーさん / ターヌムンゴネキ / タミちゃんの火祭り / 巨大カンテツ
1,246,em-ceae46610053,火の供犠ぴよ子,4,120,120,0,none,0.6849,0.7595,96,4,12,いいえ,火の供犠ぴよ子 / ヤマさんヤミーさん / ターヌムンゴネキ / タミちゃんの火祭り / 巨大カンテツ
1,247,em-f074d8bb177d,たっくん,4,95,507,5,attack_buff,0.6849,0.7595,96,4,12,いいえ,たっくん / ヤマさんヤミーさん / ターヌムンゴネキ / タミちゃんの火祭り / 巨大カンテツ
1,248,em-fa9285840bae,白虎むりょく,4,158,149,5,attack_buff,0.6849,0.7595,96,4,12,いいえ,白虎むりょく / ヤマさんヤミーさん / ターヌムンゴネキ / タミちゃんの火祭り / 巨大カンテツ
1,249,em-fb5bfa8a3429,ひろしマン,4,300,300,3,heal,0.6849,0.7595,96,4,12,いいえ,ひろしマン / ヤマさんヤミーさん / ターヌムンゴネキ / タミちゃんの火祭り / 巨大カンテツ
1,250,em-feafabb058cc,皐月けいび,4,614,614,6,skill_reduction,0.6849,0.7595,96,4,12,いいえ,皐月けいび / ヤマさんヤミーさん / ターヌムンゴネキ / タミちゃんの火祭り / 巨大カンテツ
1,251,em-09c253fd0a61,オリバーTHEドッグ,5,200,500,3,attack_buff,0.6849,0.7595,97,3,12,いいえ,オリバーTHEドッグ / ヤマさんヤミーさん / ターヌムンゴネキ / タミちゃんの火祭り / 巨大カンテツ
1,252,em-1926af92f1af,カカカのカ次郎,5,500,300,5,delay,0.6849,0.7595,97,3,12,いいえ,カカカのカ次郎 / ヤマさんヤミーさん / ターヌムンゴネキ / タミちゃんの火祭り / 巨大カンテツ
1,253,em-1d111df2ae70,ヤックです,5,300,400,7,multi_hit_attack,0.6849,0.7595,97,3,12,いいえ,ヤックです / ヤマさんヤミーさん / ターヌムンゴネキ / タミちゃんの火祭り / 巨大カンテツ
1,254,em-24ccb3f9affa,むりょく,5,159,144,5,guard,0.6849,0.7595,97,3,12,いいえ,むりょく / ヤマさんヤミーさん / ターヌムンゴネキ / タミちゃんの火祭り / 巨大カンテツ
1,255,em-30cf649c4daf,けいび,5,295,300,5,attribute_guard,0.6849,0.7595,97,3,12,いいえ,けいび / ヤマさんヤミーさん / ターヌムンゴネキ / タミちゃんの火祭り / 巨大カンテツ
1,256,em-30e34a964d63,デンマーくん二世,5,700,450,3,guard,0.6849,0.7595,97,3,12,いいえ,デンマーくん二世 / ヤマさんヤミーさん / ターヌムンゴネキ / タミちゃんの火祭り / 巨大カンテツ
1,257,em-37ab32b36f96,ハントンさん,5,450,650,7,multi_hit_attack,0.6849,0.7595,97,3,12,いいえ,ハントンさん / ヤマさんヤミーさん / ターヌムンゴネキ / タミちゃんの火祭り / 巨大カンテツ
1,258,em-39adadcf380b,朱雀けいび,5,305,335,6,revive,0.6849,0.7595,97,3,12,いいえ,朱雀けいび / ヤマさんヤミーさん / ターヌムンゴネキ / タミちゃんの火祭り / 巨大カンテツ
1,259,em-4025a820b0a7,新・ぎょざる,5,400,400,6,aoe_attack,0.6849,0.7595,97,3,12,いいえ,新・ぎょざる / ヤマさんヤミーさん / ターヌムンゴネキ / タミちゃんの火祭り / 巨大カンテツ
1,260,em-4442b5ee096e,朱雀むりょく,5,165,165,6,revive,0.6849,0.7595,97,3,12,いいえ,朱雀むりょく / ヤマさんヤミーさん / ターヌムンゴネキ / タミちゃんの火祭り / 巨大カンテツ
1,261,em-54897d4f731d,ケンＺＯ２号,5,200,580,5,attack_buff,0.6849,0.7595,97,3,12,いいえ,ケンＺＯ２号 / ヤマさんヤミーさん / ターヌムンゴネキ / タミちゃんの火祭り / 巨大カンテツ
1,262,em-5e86bff12fb7,ピリ辛ふとし君,5,211,569,5,attack_buff,0.6849,0.7595,97,3,12,いいえ,ピリ辛ふとし君 / ヤマさんヤミーさん / ターヌムンゴネキ / タミちゃんの火祭り / 巨大カンテツ
1,263,em-7976e2f3d65d,迷菓ぴよ子先輩,5,502,530,5,attack_buff,0.6849,0.7595,97,3,12,いいえ,迷菓ぴよ子先輩 / ヤマさんヤミーさん / ターヌムンゴネキ / タミちゃんの火祭り / 巨大カンテツ
1,264,em-7a89b660417d,くーちゃん,5,400,500,4,attack_buff,0.6849,0.7595,97,3,12,いいえ,くーちゃん / ヤマさんヤミーさん / ターヌムンゴネキ / タミちゃんの火祭り / 巨大カンテツ
1,265,em-8a7e4284ba4a,あっぴーさん,5,800,350,3,heal,0.6849,0.7595,97,3,12,いいえ,あっぴーさん / ヤマさんヤミーさん / ターヌムンゴネキ / タミちゃんの火祭り / 巨大カンテツ
1,266,em-9bac78901113,有馬すん,5,375,405,6,heal,0.6849,0.7595,97,3,12,いいえ,有馬すん / ヤマさんヤミーさん / ターヌムンゴネキ / タミちゃんの火祭り / 巨大カンテツ
1,267,em-a2d0308a3d38,蓮次郎,5,400,380,3,skill_reduction,0.6849,0.7595,97,3,12,いいえ,蓮次郎 / ヤマさんヤミーさん / ターヌムンゴネキ / タミちゃんの火祭り / 巨大カンテツ
1,268,em-a37b305548ef,なっとくんさん,5,400,400,2,skill_reduction,0.6849,0.7595,97,3,12,いいえ,なっとくんさん / ヤマさんヤミーさん / ターヌムンゴネキ / タミちゃんの火祭り / 巨大カンテツ
1,269,em-a84e9301da18,パワフル☆ばん馬ばん,5,600,350,4,attack_buff,0.6849,0.7595,97,3,12,いいえ,パワフル☆ばん馬ばん / ヤマさんヤミーさん / ターヌムンゴネキ / タミちゃんの火祭り / 巨大カンテツ
1,270,em-b8d203bbae80,草カロ三郎,5,400,400,6,heal,0.6849,0.7595,97,3,12,いいえ,草カロ三郎 / ヤマさんヤミーさん / ターヌムンゴネキ / タミちゃんの火祭り / 巨大カンテツ
1,271,em-c5623c38fcb8,反魂タン,5,500,600,4,revive,0.6849,0.7595,97,3,12,いいえ,反魂タン / ヤマさんヤミーさん / ターヌムンゴネキ / タミちゃんの火祭り / 巨大カンテツ
1,272,em-c879fe74178e,唸る！叡智通,5,370,410,4,attack_buff,0.6849,0.7595,97,3,12,いいえ,唸る！叡智通 / ヤマさんヤミーさん / ターヌムンゴネキ / タミちゃんの火祭り / 巨大カンテツ
1,273,em-cc5744474846,芳一さん,5,400,500,6,revive,0.6849,0.7595,97,3,12,いいえ,芳一さん / ヤマさんヤミーさん / ターヌムンゴネキ / タミちゃんの火祭り / 巨大カンテツ
1,274,em-ccd4db81276f,夜間学校な浅子さん,5,200,500,5,attack_buff,0.6849,0.7595,97,3,12,いいえ,夜間学校な浅子さん / ヤマさんヤミーさん / ターヌムンゴネキ / タミちゃんの火祭り / 巨大カンテツ
1,275,em-ce589bb8d6d8,鳴子さん,5,400,400,7,aoe_attack,0.6849,0.7595,97,3,12,いいえ,鳴子さん / ヤマさんヤミーさん / ターヌムンゴネキ / タミちゃんの火祭り / 巨大カンテツ
1,276,em-f230094c0c4f,シンプソン君,5,400,400,8,revive,0.6849,0.7595,97,3,12,いいえ,シンプソン君 / ヤマさんヤミーさん / ターヌムンゴネキ / タミちゃんの火祭り / 巨大カンテツ
1,277,em-f7484444c08c,じとっ子君,5,285,495,5,attack_buff,0.6849,0.7595,97,3,12,いいえ,じとっ子君 / ヤマさんヤミーさん / ターヌムンゴネキ / タミちゃんの火祭り / 巨大カンテツ
1,278,em-f7eb502f39f3,芋煮十郎,5,580,200,6,multi_hit_attack,0.6849,0.7595,97,3,12,いいえ,芋煮十郎 / ヤマさんヤミーさん / ターヌムンゴネキ / タミちゃんの火祭り / 巨大カンテツ
1,279,em-fe5e7769aa81,鹿苑先輩,5,390,390,5,revive,0.6849,0.7595,97,3,12,いいえ,鹿苑先輩 / ヤマさんヤミーさん / ターヌムンゴネキ / タミちゃんの火祭り / 巨大カンテツ
1,280,em-039828fc85d9,ひろしマン・改,6,400,400,3,heal,0.6849,0.7595,98,2,12,いいえ,ひろしマン・改 / ヤマさんヤミーさん / ターヌムンゴネキ / タミちゃんの火祭り / 巨大カンテツ
1,281,em-1527baa8e6c0,ジャックじゃない！と,6,400,500,6,multi_hit_attack,0.6849,0.7595,98,2,12,いいえ,ジャックじゃない！と / ヤマさんヤミーさん / ターヌムンゴネキ / タミちゃんの火祭り / 巨大カンテツ
1,282,em-2837181f6574,うおぬまンダー,6,500,600,7,aoe_attack,0.6849,0.7595,98,2,12,いいえ,うおぬまンダー / ヤマさんヤミーさん / ターヌムンゴネキ / タミちゃんの火祭り / 巨大カンテツ
1,283,em-32b98839a4c2,派遣社員だ浅子さん,6,380,600,5,attack_buff,0.6849,0.7595,98,2,12,いいえ,派遣社員だ浅子さん / ヤマさんヤミーさん / ターヌムンゴネキ / タミちゃんの火祭り / 巨大カンテツ
1,284,em-3e7f24f8564c,かずらさん,6,450,650,2,guard,0.6849,0.7595,98,2,12,いいえ,かずらさん / ヤマさんヤミーさん / ターヌムンゴネキ / タミちゃんの火祭り / 巨大カンテツ
1,285,em-4c84ff6e1868,カカカのカ治郎,6,700,500,5,delay,0.6849,0.7595,98,2,12,いいえ,カカカのカ治郎 / ヤマさんヤミーさん / ターヌムンゴネキ / タミちゃんの火祭り / 巨大カンテツ
1,286,em-502c02710bc4,覚醒けいび,6,345,300,2,multi_hit_attack,0.6849,0.7595,98,2,12,いいえ,覚醒けいび / ヤマさんヤミーさん / ターヌムンゴネキ / タミちゃんの火祭り / 巨大カンテツ
1,287,em-5a100f5215c1,オリバーTHEトイ,6,300,600,3,attack_buff,0.6849,0.7595,98,2,12,いいえ,オリバーTHEトイ / ヤマさんヤミーさん / ターヌムンゴネキ / タミちゃんの火祭り / 巨大カンテツ
1,288,em-609b9d122d32,ネオむりょく,6,168,149,6,guard,0.6849,0.7595,98,2,12,いいえ,ネオむりょく / ヤマさんヤミーさん / ターヌムンゴネキ / タミちゃんの火祭り / 巨大カンテツ
1,289,em-79dd6c0e027e,ロックなじとっ子君,6,365,585,5,attack_buff,0.6849,0.7595,98,2,12,いいえ,ロックなじとっ子君 / ヤマさんヤミーさん / ターヌムンゴネキ / タミちゃんの火祭り / 巨大カンテツ
1,290,em-7c5fdd7af70d,覚醒むりょく,6,198,89,3,multi_hit_attack,0.6849,0.7595,98,2,12,いいえ,覚醒むりょく / ヤマさんヤミーさん / ターヌムンゴネキ / タミちゃんの火祭り / 巨大カンテツ
1,291,em-7e369f15337f,超辛ふとし君,6,321,659,5,attack_buff,0.6849,0.7595,98,2,12,いいえ,超辛ふとし君 / ヤマさんヤミーさん / ターヌムンゴネキ / タミちゃんの火祭り / 巨大カンテツ
1,292,em-91791d21e202,ネオけいび,6,305,310,6,attribute_guard,0.6849,0.7595,98,2,12,いいえ,ネオけいび / ヤマさんヤミーさん / ターヌムンゴネキ / タミちゃんの火祭り / 巨大カンテツ
1,293,em-b0a135da294f,デンマーくん三世,6,800,600,3,guard,0.6849,0.7595,98,2,12,いいえ,デンマーくん三世 / ヤマさんヤミーさん / ターヌムンゴネキ / タミちゃんの火祭り / 巨大カンテツ
1,294,em-b34467071fa2,蓮三郎,6,500,450,3,skill_reduction,0.6849,0.7595,98,2,12,いいえ,蓮三郎 / ヤマさんヤミーさん / ターヌムンゴネキ / タミちゃんの火祭り / 巨大カンテツ
1,295,em-b3d6d1b7e1a8,たたらん,6,500,300,5,attack_buff,0.6849,0.7595,98,2,12,いいえ,たたらん / ヤマさんヤミーさん / ターヌムンゴネキ / タミちゃんの火祭り / 巨大カンテツ
1,296,em-b68e81559a03,ピカリャー,6,400,600,7,multi_hit_attack,0.6849,0.7595,98,2,12,いいえ,ピカリャー / ヤマさんヤミーさん / ターヌムンゴネキ / タミちゃんの火祭り / 巨大カンテツ
1,297,em-c8e560adbea9,草カロ次郎,6,480,500,5,heal,0.6849,0.7595,98,2,12,いいえ,草カロ次郎 / ヤマさんヤミーさん / ターヌムンゴネキ / タミちゃんの火祭り / 巨大カンテツ
1,298,em-da69b63392e4,手品師！エッシュさん,6,600,600,4,skill_reduction,0.6849,0.7595,98,2,12,いいえ,手品師！エッシュさん / ヤマさんヤミーさん / ターヌムンゴネキ / タミちゃんの火祭り / 巨大カンテツ
1,299,em-eb78da4b3f28,えるたそ,6,500,400,4,attack_buff,0.6849,0.7595,98,2,12,いいえ,えるたそ / ヤマさんヤミーさん / ターヌムンゴネキ / タミちゃんの火祭り / 巨大カンテツ
1,300,em-ee410ddd5211,鹿苑師匠,6,500,480,5,revive,0.6849,0.7595,98,2,12,いいえ,鹿苑師匠 / ヤマさんヤミーさん / ターヌムンゴネキ / タミちゃんの火祭り / 巨大カンテツ
1,301,em-f1fdf84ea79d,どんちっちん,6,700,500,9,aoe_attack,0.6849,0.7595,98,2,12,いいえ,どんちっちん / ヤマさんヤミーさん / ターヌムンゴネキ / タミちゃんの火祭り / 巨大カンテツ
1,302,em-fe08214f98fe,さるぼぼん,6,400,600,6,aoe_attack,0.6849,0.7595,98,2,12,いいえ,さるぼぼん / ヤマさんヤミーさん / ターヌムンゴネキ / タミちゃんの火祭り / 巨大カンテツ
1,303,em-1fa3ac88ea78,有馬すた,7,475,505,5,heal,0.6849,0.7595,99,1,12,いいえ,有馬すた / ヤマさんヤミーさん / ターヌムンゴネキ / タミちゃんの火祭り / 巨大カンテツ
1,304,em-422fdd383a00,芋煮百太郎,7,680,300,5,multi_hit_attack,0.6849,0.7595,99,1,12,いいえ,芋煮百太郎 / ヤマさんヤミーさん / ターヌムンゴネキ / タミちゃんの火祭り / 巨大カンテツ
1,305,em-6c82396ace3f,マッシブ☆ばん馬ばん,7,800,450,3,attack_buff,0.6849,0.7595,99,1,12,いいえ,マッシブ☆ばん馬ばん / ヤマさんヤミーさん / ターヌムンゴネキ / タミちゃんの火祭り / 巨大カンテツ
1,306,em-6d0b27bbd976,なっとくんおじさん,7,496,484,2,skill_reduction,0.6849,0.7595,99,1,12,いいえ,なっとくんおじさん / ヤマさんヤミーさん / ターヌムンゴネキ / タミちゃんの火祭り / 巨大カンテツ
1,307,em-e1a6af095fc1,驀進叡智通,7,450,530,4,attack_buff,0.6849,0.7595,99,1,12,いいえ,驀進叡智通 / ヤマさんヤミーさん / ターヌムンゴネキ / タミちゃんの火祭り / 巨大カンテツ
1,308,em-efebd27cd58d,新・ひろしマン,7,600,600,3,heal,0.6849,0.7595,99,1,12,いいえ,新・ひろしマン / ヤマさんヤミーさん / ターヌムンゴネキ / タミちゃんの火祭り / 巨大カンテツ
1,309,em-03fc13420b08,鳴子お嬢様,8,600,600,6,aoe_attack,0.6849,0.7595,100,0,12,いいえ,鳴子お嬢様 / ヤマさんヤミーさん / ターヌムンゴネキ / タミちゃんの火祭り / 巨大カンテツ
1,310,em-0828dfd9c618,トーマスん,8,560,645,5,attribute_change,0.6849,0.7595,100,0,12,いいえ,トーマスん / ヤマさんヤミーさん / ターヌムンゴネキ / タミちゃんの火祭り / 巨大カンテツ
1,311,em-3ea6ac9a0933,オリバーWITHソー,8,400,800,3,attack_buff,0.6849,0.7595,100,0,12,いいえ,オリバーWITHソー / ヤマさんヤミーさん / ターヌムンゴネキ / タミちゃんの火祭り / 巨大カンテツ
1,312,em-5d524aa44032,元祖・銘菓ぴよ子,8,605,625,4,multi_hit_attack,0.6849,0.7595,100,0,12,いいえ,元祖・銘菓ぴよ子 / ヤマさんヤミーさん / ターヌムンゴネキ / タミちゃんの火祭り / 巨大カンテツ
1,313,em-834effdc39a5,真・ぎょざる,8,499,491,6,aoe_attack,0.6849,0.7595,100,0,12,いいえ,真・ぎょざる / ヤマさんヤミーさん / ターヌムンゴネキ / タミちゃんの火祭り / 巨大カンテツ
1,314,em-860d0191c03c,太子くん,8,650,590,2,heal,0.6849,0.7595,100,0,12,いいえ,太子くん / ヤマさんヤミーさん / ターヌムンゴネキ / タミちゃんの火祭り / 巨大カンテツ
1,315,em-9a3bd85e00a2,よりりん,8,605,615,4,attribute_change,0.6849,0.7595,100,0,12,いいえ,よりりん / ヤマさんヤミーさん / ターヌムンゴネキ / タミちゃんの火祭り / 巨大カンテツ
1,316,em-9aec6212c779,白水兄さん,8,580,626,8,aoe_attack,0.6849,0.7595,100,0,12,いいえ,白水兄さん / ヤマさんヤミーさん / ターヌムンゴネキ / タミちゃんの火祭り / 巨大カンテツ
1,317,em-9c69c811a77c,ヤック・ザ・ナイト,8,600,700,5,multi_hit_attack,0.6849,0.7595,100,0,12,いいえ,ヤック・ザ・ナイト / ヤマさんヤミーさん / ターヌムンゴネキ / タミちゃんの火祭り / 巨大カンテツ
1,318,em-a368a20e3521,ベッピーちゃん,8,611,595,5,attack_buff,0.6849,0.7595,100,0,12,いいえ,ベッピーちゃん / ヤマさんヤミーさん / ターヌムンゴネキ / タミちゃんの火祭り / 巨大カンテツ
1,319,em-dc6446295503,ハズクちゃん,8,400,300,9,multi_hit_attack,0.6849,0.7595,100,0,12,いいえ,ハズクちゃん / ヤマさんヤミーさん / ターヌムンゴネキ / タミちゃんの火祭り / 巨大カンテツ
1,320,em-e07aaef6bd6e,三重子ちゃん,8,603,602,3,attribute_change,0.6849,0.7595,100,0,12,いいえ,三重子ちゃん / ヤマさんヤミーさん / ターヌムンゴネキ / タミちゃんの火祭り / 巨大カンテツ
1,321,em-e44c80aa58d3,二条嬢,8,620,600,2,attribute_guard,0.6849,0.7595,100,0,12,いいえ,二条嬢 / ヤマさんヤミーさん / ターヌムンゴネキ / タミちゃんの火祭り / 巨大カンテツ
1,322,em-a058dba31969,月見だよ！叡智州利偉,10,1100,2002,4,attack_buff,0.6828,0.7595,95,5,12,いいえ,月見だよ！叡智州利偉 / 北間・クラリス嬢 / ターヌムンゴネキ / 肉食ドゥブロさん / ブラジリアン首都術
1,323,em-f1ed908b1438,竹輪大明神,10,493,1762,2,attack_buff,0.6828,0.7595,95,5,12,いいえ,竹輪大明神 / 北間・クラリス嬢 / ターヌムンゴネキ / 肉食ドゥブロさん / ブラジリアン首都術
1,324,em-84589d5b3594,コロちゃん,11,1551,1551,1,attack_buff,0.6828,0.7595,96,4,12,いいえ,コロちゃん / 北間・クラリス嬢 / ターヌムンゴネキ / 肉食ドゥブロさん / ブラジリアン首都術
1,325,em-c57874d99dcd,三重子大先生,11,1699,1699,1,attribute_change,0.6828,0.7595,96,4,12,いいえ,三重子大先生 / 北間・クラリス嬢 / ターヌムンゴネキ / 肉食ドゥブロさん / ブラジリアン首都術
1,326,em-6870ddfd0fbb,大道芸！エʃ＆エʒ,12,1661,1661,3,skill_reduction,0.6828,0.7595,97,3,12,いいえ,大道芸！エʃ＆エʒ / 北間・クラリス嬢 / ターヌムンゴネキ / 肉食ドゥブロさん / ブラジリアン首都術
1,327,em-2d728f34a59e,へーい竜馬,14,1500,1500,3,attack_buff,0.6828,0.7595,99,1,12,いいえ,へーい竜馬 / 北間・クラリス嬢 / ターヌムンゴネキ / 肉食ドゥブロさん / ブラジリアン首都術
1,328,em-6f409bf9b5bd,素敵なステチュさん,14,211,2115,2,damage_reduction,0.6828,0.7595,99,1,12,いいえ,素敵なステチュさん / 北間・クラリス嬢 / ターヌムンゴネキ / 肉食ドゥブロさん / ブラジリアン首都術
1,329,em-7b2daf42204c,モモトじゃねーの?,14,1400,1600,3,heal,0.6828,0.7595,99,1,12,いいえ,モモトじゃねーの? / 北間・クラリス嬢 / ターヌムンゴネキ / 肉食ドゥブロさん / ブラジリアン首都術
1,330,em-a6a4e9c825f7,ハズクの姐御,14,1359,1510,6,multi_hit_attack,0.6828,0.7595,99,1,12,いいえ,ハズクの姐御 / 北間・クラリス嬢 / ターヌムンゴネキ / 肉食ドゥブロさん / ブラジリアン首都術
1,331,em-53084d488de2,川越ザ・サード,15,666,1607,4,attack_buff,0.6828,0.7595,100,0,12,いいえ,川越ザ・サード / 北間・クラリス嬢 / ターヌムンゴネキ / 肉食ドゥブロさん / ブラジリアン首都術
1,332,em-635af81fa283,ＪＡＸＡイルＲ,15,688,1706,5,multi_hit_attack,0.6828,0.7595,100,0,12,いいえ,ＪＡＸＡイルＲ / 北間・クラリス嬢 / ターヌムンゴネキ / 肉食ドゥブロさん / ブラジリアン首都術
1,333,em-72aeeb632038,石見神楽どんちっちん,15,1812,1661,6,aoe_attack,0.6828,0.7595,100,0,12,いいえ,石見神楽どんちっちん / 北間・クラリス嬢 / ターヌムンゴネキ / 肉食ドゥブロさん / ブラジリアン首都術
1,334,em-a8f48fb9a527,タミちゃんの火祭り,15,1,2402,4,aoe_attack,0.6828,0.7595,100,0,12,いいえ,タミちゃんの火祭り / 北間・クラリス嬢 / ターヌムンゴネキ / 肉食ドゥブロさん / ブラジリアン首都術
1,335,em-b0a6405ce878,ヒルズキング,15,859,1598,1,attack_buff,0.6828,0.7595,100,0,12,いいえ,ヒルズキング / 北間・クラリス嬢 / ターヌムンゴネキ / 肉食ドゥブロさん / ブラジリアン首都術
1,336,em-b422734eb78b,たたーる星人,15,1812,1510,2,attack_buff,0.6828,0.7595,100,0,12,いいえ,たたーる星人 / 北間・クラリス嬢 / ターヌムンゴネキ / 肉食ドゥブロさん / ブラジリアン首都術
1,337,em-e3dd4898ff56,ﾃﾗももたろす,15,1600,1600,3,attribute_change,0.6828,0.7595,100,0,12,いいえ,ﾃﾗももたろす / 北間・クラリス嬢 / ターヌムンゴネキ / 肉食ドゥブロさん / ブラジリアン首都術
1,338,em-e6cd26662fe8,クイーン・ク・うぃーん,15,1500,1500,4,attribute_change,0.6828,0.7595,100,0,12,いいえ,クイーン・ク・うぃーん / 北間・クラリス嬢 / ターヌムンゴネキ / 肉食ドゥブロさん / ブラジリアン首都術
1,339,em-225255ba2e90,華美なるミシュル嬢,22,3864,2524,1,heal,0.6828,0.7532,95,5,12,いいえ,華美なるミシュル嬢 / ペーチパイセン / コンドアーズ / 肉食ドゥブロさん / 巨大カンテツ
1,340,em-fef48f3b2f9e,まん丸！シャーミー君,28,3800,3237,1,attack_buff,0.6828,0.7532,100,0,12,いいえ,まん丸！シャーミー君 / ペーチパイセン / トマティーナ少佐 / 肉食ドゥブロさん / 巨大カンテツ
1,341,em-d09d2f80d34e,トマティーナ少佐,16,3748,2130,2,multi_hit_attack,0.6811,0.7468,97,3,12,いいえ,トマティーナ少佐 / ヤマさんヤミーさん / 肉食ドゥブロさん / 愛のぴよ子 / にほりん
1,342,em-4f0b20692fd7,コンドアーズ,17,273,2120,3,attack_buff,0.6806,0.7532,99,1,12,いいえ,コンドアーズ / ヤマさんヤミーさん / 肉食ドゥブロさん / おこしんMK-2 / 巨大カンテツ
1,343,em-d6397e37a32d,三山くまのたん,17,500,1900,3,attack_buff,0.6806,0.7532,99,1,12,いいえ,三山くまのたん / ヤマさんヤミーさん / 肉食ドゥブロさん / ブラジリアン首都術 / 巨大カンテツ
1,344,em-fea44f2a7dd8,だが男だ彦にゃん,15,2793,1132,3,skill_reduction,0.6789,0.7595,100,0,12,いいえ,だが男だ彦にゃん / 北間・クラリス嬢 / ターヌムンゴネキ / 肉食ドゥブロさん / ブラジリアン首都術
1,345,em-2f3883a74098,jaック・ザ・ナイト,10,1408,1267,4,multi_hit_attack,0.6765,0.7532,95,5,12,いいえ,jaック・ザ・ナイト / 北間・クラリス嬢 / ターヌムンゴネキ / 肉食ドゥブロさん / ブラジリアン首都術
1,346,em-6a0e464e2855,収穫ぴよ子,10,1426,1304,1,attribute_change,0.6765,0.7532,95,5,12,いいえ,収穫ぴよ子 / 北間・クラリス嬢 / ターヌムンゴネキ / 肉食ドゥブロさん / ブラジリアン首都術
1,347,em-9599a14be3a9,歴戦の剣闘士,10,350,1058,5,attack_buff,0.6765,0.7532,95,5,12,いいえ,歴戦の剣闘士 / 北間・クラリス嬢 / ターヌムンゴネキ / 肉食ドゥブロさん / ブラジリアン首都術
1,348,em-9f9a1c0e673f,リアルリオンさん,10,600,1100,5,delay,0.6765,0.7532,95,5,12,いいえ,リアルリオンさん / 北間・クラリス嬢 / ターヌムンゴネキ / 肉食ドゥブロさん / ブラジリアン首都術
1,349,em-a6068b231beb,ハトラちゃん,10,299,1488,7,guard,0.6765,0.7532,95,5,12,いいえ,ハトラちゃん / 北間・クラリス嬢 / ターヌムンゴネキ / 肉食ドゥブロさん / ブラジリアン首都術
1,350,em-b34fc14eb133,ピカリャーは眠らない,10,800,1000,5,multi_hit_attack,0.6765,0.7532,95,5,12,いいえ,ピカリャーは眠らない / 北間・クラリス嬢 / ターヌムンゴネキ / 肉食ドゥブロさん / ブラジリアン首都術
1,351,em-bca7c94c15fe,ひろしマンＲ,10,1128,1128,2,heal,0.6765,0.7532,95,5,12,いいえ,ひろしマンＲ / 北間・クラリス嬢 / ターヌムンゴネキ / 肉食ドゥブロさん / ブラジリアン首都術
1,352,em-df95e8471300,名家ぴよ子お嬢様,10,1331,1374,5,attack_buff,0.6765,0.7532,95,5,12,いいえ,名家ぴよ子お嬢様 / 北間・クラリス嬢 / ターヌムンゴネキ / 肉食ドゥブロさん / ブラジリアン首都術
1,353,em-e2c8365ae02e,ɔリバーくん,10,704,1689,3,attack_buff,0.6765,0.7532,95,5,12,いいえ,ɔリバーくん / 北間・クラリス嬢 / ターヌムンゴネキ / 肉食ドゥブロさん / ブラジリアン首都術
1,354,em-fc400150cadd,サンタぴよ子,10,1173,1173,4,skill_reduction,0.6765,0.7532,95,5,12,いいえ,サンタぴよ子 / 北間・クラリス嬢 / ターヌムンゴネキ / 肉食ドゥブロさん / ブラジリアン首都術
1,355,em-2276063b9e3e,鳴子姫,11,1128,1128,5,aoe_attack,0.6765,0.7532,96,4,12,いいえ,鳴子姫 / 北間・クラリス嬢 / ターヌムンゴネキ / 肉食ドゥブロさん / ブラジリアン首都術
1,356,em-22dd952da197,ハントンの兄貴,11,1057,1198,5,multi_hit_attack,0.6765,0.7532,96,4,12,いいえ,ハントンの兄貴 / 北間・クラリス嬢 / ターヌムンゴネキ / 肉食ドゥブロさん / ブラジリアン首都術
1,357,em-9ac3c0929f90,オコオコ,11,1704,1704,3,attack_buff,0.6765,0.7532,96,4,11,いいえ,オコオコ / 北間・クラリス嬢 / ターヌムンゴネキ / 肉食ドゥブロさん / ブラジリアン首都術
1,358,em-9c37bba7df0f,ＫＲ２ジョー少尉,11,495,1105,3,attack_buff,0.6765,0.7532,96,4,12,いいえ,ＫＲ２ジョー少尉 / 北間・クラリス嬢 / ターヌムンゴネキ / 肉食ドゥブロさん / ブラジリアン首都術
1,359,em-df28e035685e,ハル先輩,11,626,1096,5,heal,0.6765,0.7532,96,4,12,いいえ,ハル先輩 / 北間・クラリス嬢 / ターヌムンゴネキ / 肉食ドゥブロさん / ブラジリアン首都術
1,360,em-f781988d359e,ヤル気勢！うっす様,11,500,1300,2,attack_buff,0.6765,0.7532,96,4,12,いいえ,ヤル気勢！うっす様 / 北間・クラリス嬢 / ターヌムンゴネキ / 肉食ドゥブロさん / ブラジリアン首都術
1,361,em-fbc61d7306d8,ネ申・ぎょざる,11,1198,1204,6,aoe_attack,0.6765,0.7532,96,4,12,いいえ,ネ申・ぎょざる / 北間・クラリス嬢 / ターヌムンゴネキ / 肉食ドゥブロさん / ブラジリアン首都術
1,362,em-04bcad8262b9,現実リオンさん,12,700,1300,4,delay,0.6765,0.7532,97,3,12,いいえ,現実リオンさん / 北間・クラリス嬢 / ターヌムンゴネキ / 肉食ドゥブロさん / ブラジリアン首都術
1,363,em-07585cdaab4c,だいこっくんさん,12,1000,1200,9,attack_buff,0.6765,0.7532,97,3,12,いいえ,だいこっくんさん / 北間・クラリス嬢 / ターヌムンゴネキ / 肉食ドゥブロさん / ブラジリアン首都術
1,364,em-0b273c3da2d3,ぴぐぺん＆びぐべん,12,700,900,2,attack_buff,0.6765,0.7532,97,3,12,いいえ,ぴぐぺん＆びぐべん / 北間・クラリス嬢 / ターヌムンゴネキ / 肉食ドゥブロさん / ブラジリアン首都術
1,365,em-16634f0d7475,どーよさん,12,400,1200,5,attack_buff,0.6765,0.7532,97,3,12,いいえ,どーよさん / 北間・クラリス嬢 / ターヌムンゴネキ / 肉食ドゥブロさん / ブラジリアン首都術
1,366,em-39011821f965,さるぼぼぼぼ～ん,12,800,1000,4,aoe_attack,0.6765,0.7532,97,3,12,いいえ,さるぼぼぼぼ～ん / 北間・クラリス嬢 / ターヌムンゴネキ / 肉食ドゥブロさん / ブラジリアン首都術
1,367,em-3f6d9cba0059,いなばうあー,12,700,1100,6,skill_reduction,0.6765,0.7532,97,3,12,いいえ,いなばうあー / 北間・クラリス嬢 / ターヌムンゴネキ / 肉食ドゥブロさん / ブラジリアン首都術
1,368,em-41c1f9333ff6,エグいできっしん,12,342,1062,5,attack_buff,0.6765,0.7532,97,3,12,いいえ,エグいできっしん / 北間・クラリス嬢 / ターヌムンゴネキ / 肉食ドゥブロさん / ブラジリアン首都術
1,369,em-66a587f1a726,にくぁうさん,12,497,1116,4,attack_buff,0.6765,0.7532,97,3,12,いいえ,にくぁうさん / 北間・クラリス嬢 / ターヌムンゴネキ / 肉食ドゥブロさん / ブラジリアン首都術
1,370,em-6e472849dc37,ほーい竜馬,12,1100,1100,3,attack_buff,0.6765,0.7532,97,3,12,いいえ,ほーい竜馬 / 北間・クラリス嬢 / ターヌムンゴネキ / 肉食ドゥブロさん / ブラジリアン首都術
1,371,em-72dbaccf035d,新・ＪＡＸＡイル,12,516,1106,6,multi_hit_attack,0.6765,0.7532,97,3,12,いいえ,新・ＪＡＸＡイル / 北間・クラリス嬢 / ターヌムンゴネキ / 肉食ドゥブロさん / ブラジリアン首都術
1,372,em-74ebc57ab0a9,ニーハオさん,12,397,1216,5,attack_buff,0.6765,0.7532,97,3,12,いいえ,ニーハオさん / 北間・クラリス嬢 / ターヌムンゴネキ / 肉食ドゥブロさん / ブラジリアン首都術
1,373,em-7c00cb96c261,バイオうおぬまンダー,12,700,1100,5,aoe_attack,0.6765,0.7532,97,3,12,いいえ,バイオうおぬまンダー / 北間・クラリス嬢 / ターヌムンゴネキ / 肉食ドゥブロさん / ブラジリアン首都術
1,374,em-7fdcbcbf0ae4,ももとふさん,12,1000,1200,3,heal,0.6765,0.7532,97,3,12,いいえ,ももとふさん / 北間・クラリス嬢 / ターヌムンゴネキ / 肉食ドゥブロさん / ブラジリアン首都術
1,375,em-900d96f0b1d7,修験くまのたん,12,400,1200,3,attack_buff,0.6765,0.7532,97,3,12,いいえ,修験くまのたん / 北間・クラリス嬢 / ターヌムンゴネキ / 肉食ドゥブロさん / ブラジリアン首都術
1,376,em-9164bb93f13d,ロロさん,12,700,1000,7,revive,0.6765,0.7532,97,3,12,いいえ,ロロさん / 北間・クラリス嬢 / ターヌムンゴネキ / 肉食ドゥブロさん / ブラジリアン首都術
1,377,em-92e16a3efe92,ク・うぃーん王女,12,1100,1100,5,attribute_change,0.6765,0.7532,97,3,12,いいえ,ク・うぃーん王女 / 北間・クラリス嬢 / ターヌムンゴネキ / 肉食ドゥブロさん / ブラジリアン首都術
1,378,em-ad0fa41f1980,輝け！叡智通,12,1102,1300,4,attack_buff,0.6765,0.7532,97,3,12,いいえ,輝け！叡智通 / 北間・クラリス嬢 / ターヌムンゴネキ / 肉食ドゥブロさん / ブラジリアン首都術
1,379,em-c573b4be1553,ｷﾞｶﾞももたろす,12,1300,1300,3,attribute_change,0.6765,0.7532,97,3,12,いいえ,ｷﾞｶﾞももたろす / 北間・クラリス嬢 / ターヌムンゴネキ / 肉食ドゥブロさん / ブラジリアン首都術
1,380,em-c78db71c2d7b,ヒルズさん,12,517,1097,1,attack_buff,0.6765,0.7532,97,3,12,いいえ,ヒルズさん / 北間・クラリス嬢 / ターヌムンゴネキ / 肉食ドゥブロさん / ブラジリアン首都術
1,381,em-cbed7e550323,ちわっしータミ,12,2249,1376,3,heal,0.6765,0.7532,97,3,12,いいえ,ちわっしータミ / 北間・クラリス嬢 / ターヌムンゴネキ / 肉食ドゥブロさん / ブラジリアン首都術
1,382,em-cf865abec5e5,川越マン２世,12,516,1000,4,attack_buff,0.6765,0.7532,97,3,12,いいえ,川越マン２世 / 北間・クラリス嬢 / ターヌムンゴネキ / 肉食ドゥブロさん / ブラジリアン首都術
1,383,em-dcc91a9c2ed6,ブルたそ,12,1000,1200,5,damage_reduction,0.6765,0.7532,97,3,12,いいえ,ブルたそ / 北間・クラリス嬢 / ターヌムンゴネキ / 肉食ドゥブロさん / ブラジリアン首都術
1,384,em-7e35b72ac7e4,琵琶子ｲﾘｭｰｼﾞｮﾝ！,13,1809,1190,3,damage_reduction,0.6765,0.7532,98,2,12,いいえ,琵琶子ｲﾘｭｰｼﾞｮﾝ！ / 北間・クラリス嬢 / ターヌムンゴネキ / 肉食ドゥブロさん / ブラジリアン首都術
1,385,em-b09b44b6b259,くだにょん,13,1128,1269,4,attack_buff,0.6765,0.7532,98,2,12,いいえ,くだにょん / 北間・クラリス嬢 / ターヌムンゴネキ / 肉食ドゥブロさん / ブラジリアン首都術
1,386,em-d51ded51621f,華麗なる塚ジェンヌ,13,1684,1676,3,revive,0.6765,0.7532,98,2,12,いいえ,華麗なる塚ジェンヌ / 北間・クラリス嬢 / ターヌムンゴネキ / 肉食ドゥブロさん / ブラジリアン首都術
1,387,em-3e1bbfb34a76,芳一大師匠,14,1128,1269,4,revive,0.6765,0.7532,99,1,12,いいえ,芳一大師匠 / 北間・クラリス嬢 / ターヌムンゴネキ / 肉食ドゥブロさん / ブラジリアン首都術
1,388,em-1fd25fee47a1,いなば・うあー,15,1000,1400,5,skill_reduction,0.6765,0.7532,100,0,12,いいえ,いなば・うあー / 北間・クラリス嬢 / ターヌムンゴネキ / 肉食ドゥブロさん / ブラジリアン首都術
1,389,em-64a5161e8307,優美な二条嬢,15,1250,1150,2,attribute_guard,0.6765,0.7532,100,0,12,いいえ,優美な二条嬢 / 北間・クラリス嬢 / ターヌムンゴネキ / 肉食ドゥブロさん / ブラジリアン首都術
1,390,em-94130e0ff2b5,かずら大先生,15,1057,1198,2,guard,0.6765,0.7532,100,0,12,いいえ,かずら大先生 / 北間・クラリス嬢 / ターヌムンゴネキ / 肉食ドゥブロさん / ブラジリアン首都術
1,391,em-ab3cf42ca015,銘菓ぴよ子零式,15,1155,1255,3,multi_hit_attack,0.6765,0.7532,100,0,12,いいえ,銘菓ぴよ子零式 / 北間・クラリス嬢 / ターヌムンゴネキ / 肉食ドゥブロさん / ブラジリアン首都術
1,392,em-b4a2096551c5,金閣明日香,15,1201,1343,4,revive,0.6765,0.7532,100,0,12,いいえ,金閣明日香 / 北間・クラリス嬢 / ターヌムンゴネキ / 肉食ドゥブロさん / ブラジリアン首都術
1,393,em-d3961c13041f,光るぜ！よりりん,15,1200,1200,3,attribute_change,0.6765,0.7532,100,0,12,いいえ,光るぜ！よりりん / 北間・クラリス嬢 / ターヌムンゴネキ / 肉食ドゥブロさん / ブラジリアン首都術
1,394,em-e6c115665fbd,上宮之太子さま,15,1300,1150,2,heal,0.6765,0.7532,100,0,12,いいえ,上宮之太子さま / 北間・クラリス嬢 / ターヌムンゴネキ / 肉食ドゥブロさん / ブラジリアン首都術
1,395,em-0063b3d17f76,玄武むりょく,4,165,165,6,damage_reduction,0.6765,0.7468,95,5,12,いいえ,玄武むりょく / ペーチパイセン / ターヌムンゴネキ / 肉食ドゥブロさん / 巨大カンテツ
1,396,em-4e24a668056b,やよいチゥりっぷ,6,900,100,4,attribute_change,0.6765,0.7468,97,3,12,いいえ,やよいチゥりっぷ / ペーチパイセン / ターヌムンゴネキ / 肉食ドゥブロさん / 巨大カンテツ
1,397,em-667d96cceb87,さんとくん,6,1000,200,5,delay,0.6765,0.7468,97,3,12,いいえ,さんとくん / ペーチパイセン / ターヌムンゴネキ / 肉食ドゥブロさん / 巨大カンテツ
1,398,em-8d320a6b7512,いびるん,6,500,600,5,guard,0.6765,0.7468,97,3,12,いいえ,いびるん / ペーチパイセン / ターヌムンゴネキ / 肉食ドゥブロさん / 巨大カンテツ
1,399,em-c92854d63199,さんとくんさん,8,1200,300,4,delay,0.6765,0.7468,99,1,12,いいえ,さんとくんさん / ペーチパイセン / ターヌムンゴネキ / 肉食ドゥブロさん / 巨大カンテツ
1,400,em-24679a7881f4,三重子さん,9,704,700,2,attribute_change,0.6765,0.7468,100,0,12,いいえ,三重子さん / ペーチパイセン / ターヌムンゴネキ / 肉食ドゥブロさん / 巨大カンテツ
1,401,em-40f4824b1c65,芋煮千十郎,9,1901,502,4,multi_hit_attack,0.6765,0.7468,100,0,12,いいえ,芋煮千十郎 / ペーチパイセン / ターヌムンゴネキ / 肉食ドゥブロさん / 巨大カンテツ
1,402,em-41ff91d7d090,有馬スター,9,1159,1244,4,heal,0.6765,0.7468,100,0,12,いいえ,有馬スター / ペーチパイセン / ターヌムンゴネキ / 肉食ドゥブロさん / 巨大カンテツ
1,403,em-4e0f06589604,新・やよいチゥりっぷ,9,1100,200,3,attribute_change,0.6765,0.7468,100,0,12,いいえ,新・やよいチゥりっぷ / ペーチパイセン / ターヌムンゴネキ / 肉食ドゥブロさん / 巨大カンテツ
1,404,em-4fddbba71de4,大熊びぐべん,9,600,700,2,attack_buff,0.6765,0.7468,100,0,12,いいえ,大熊びぐべん / ペーチパイセン / ターヌムンゴネキ / 肉食ドゥブロさん / 巨大カンテツ
1,405,em-6df3fac7ad2e,ウナギーヌ社長,9,1833,775,2,heal,0.6765,0.7468,100,0,12,いいえ,ウナギーヌ社長 / ペーチパイセン / ターヌムンゴネキ / 肉食ドゥブロさん / 巨大カンテツ
1,406,em-91479d9f811c,奇術師！エッジュさん,9,700,700,3,skill_reduction,0.6765,0.7468,100,0,12,いいえ,奇術師！エッジュさん / ペーチパイセン / ターヌムンゴネキ / 肉食ドゥブロさん / 巨大カンテツ
1,407,em-ae6876a278ca,白水先生,9,680,724,7,aoe_attack,0.6765,0.7468,100,0,12,いいえ,白水先生 / ペーチパイセン / ターヌムンゴネキ / 肉食ドゥブロさん / 巨大カンテツ
1,408,em-aeb1959eaece,ＫＲ２ジョー軍曹,9,394,1010,4,attack_buff,0.6765,0.7468,100,0,12,いいえ,ＫＲ２ジョー軍曹 / ペーチパイセン / ターヌムンゴネキ / 肉食ドゥブロさん / 巨大カンテツ
1,409,em-c70398ce7406,讃岐・S.K.O.T神,9,2106,493,3,heal,0.6765,0.7468,100,0,12,いいえ,讃岐・S.K.O.T神 / ペーチパイセン / ターヌムンゴネキ / 肉食ドゥブロさん / 巨大カンテツ
1,410,em-c98972302fbd,爆誕！うっす様,9,300,1000,2,attack_buff,0.6765,0.7468,100,0,12,いいえ,爆誕！うっす様 / ペーチパイセン / ターヌムンゴネキ / 肉食ドゥブロさん / 巨大カンテツ
1,411,em-d19d4f1b57e1,ロボうおぬまンダー,9,600,800,6,aoe_attack,0.6765,0.7468,100,0,12,いいえ,ロボうおぬまンダー / ペーチパイセン / ターヌムンゴネキ / 肉食ドゥブロさん / 巨大カンテツ
1,412,em-e4050c7db405,オム・オクト・パップ,9,888,400,6,heal,0.6765,0.7468,100,0,12,いいえ,オム・オクト・パップ / ペーチパイセン / ターヌムンゴネキ / 肉食ドゥブロさん / 巨大カンテツ
1,413,em-e5c147f9dafc,異国のトーマスん,9,660,742,4,attribute_change,0.6765,0.7468,100,0,12,いいえ,異国のトーマスん / ペーチパイセン / ターヌムンゴネキ / 肉食ドゥブロさん / 巨大カンテツ
1,414,em-f5eb41dbe671,たたらん先輩,9,600,400,4,attack_buff,0.6765,0.7468,100,0,12,いいえ,たたらん先輩 / ペーチパイセン / ターヌムンゴネキ / 肉食ドゥブロさん / 巨大カンテツ
1,415,em-fb54694c6adc,サイガーイエロー,9,357,1057,4,multi_hit_attack,0.6765,0.7468,100,0,12,いいえ,サイガーイエロー / ペーチパイセン / ターヌムンゴネキ / 肉食ドゥブロさん / 巨大カンテツ
1,416,em-6dcd90bb7df5,花めく☆まつやマン,24,4669,2173,1,heal,0.6748,0.7405,97,3,12,いいえ,花めく☆まつやマン / ペーチパイセン / コンドアーズ / 肉食ドゥブロさん / 巨大カンテツ
1,417,em-7b76cc31326e,迷走のヴァニ江,36,4379,2505,2,damage_reduction,0.6748,0.7405,99,1,12,いいえ,迷走のヴァニ江 / ペーチパイセン / 肉食ドゥブロさん / 愛のぴよ子 / にほりん
1,418,em-8d766096773e,おんじとゆかいな子供達,36,5316,1704,1,damage_reduction,0.6748,0.7405,99,1,12,いいえ,おんじとゆかいな子供達 / ペーチパイセン / 肉食ドゥブロさん / 愛のぴよ子 / にほりん
1,419,em-24b5b550f587,ジョロウグモ,10,937,2113,3,damage_reduction,0.6733,0.7595,99,1,12,いいえ,ジョロウグモ / アウス大先輩 / ターヌムンゴネキ / 肉食ドゥブロさん / ハリウッドナナコ師匠
1,420,em-98730869df6a,朱染めの夏炎・朱雀,70,5282,6475,3,attack_buff,0.6733,0.7595,99,1,9,いいえ,朱染めの夏炎・朱雀 / ペーチパイセン / 愛のぴよ子 / おこしんMK-2 / ハリウッドナナコ師匠
1,421,em-2d3e693a8406,ツキマシモン,35,3919,1704,2,attack_buff,0.6709,0.7342,98,2,12,いいえ,ツキマシモン / ペーチパイセン / 肉食ドゥブロさん / 愛のぴよ子 / にほりん
1,422,em-313faf3b400a,バルパラ★イソ子,36,3237,3067,1,attribute_guard,0.6706,0.7532,99,1,12,いいえ,バルパラ★イソ子 / ペーチパイセン / コンドアーズ / 肉食ドゥブロさん / ウシュか☆丸か
1,423,em-18a6642e277e,旧市街地の魔物,8,2799,16,4,attack_buff,0.6702,0.7405,99,1,12,いいえ,旧市街地の魔物 / ペーチパイセン / ターヌムンゴネキ / 肉食ドゥブロさん / 巨大カンテツ
1,424,em-ead779b4526c,乗っとるダム制度君,8,2115,535,2,revive,0.6702,0.7405,99,1,12,いいえ,乗っとるダム制度君 / ペーチパイセン / ターヌムンゴネキ / 肉食ドゥブロさん / 巨大カンテツ
1,425,em-0a74c35caba2,畳リーゼント総長,10,512,912,4,attack_buff,0.6701,0.7468,95,5,12,いいえ,畳リーゼント総長 / 北間・クラリス嬢 / ターヌムンゴネキ / 肉食ドゥブロさん / ブラジリアン首都術
1,426,em-090474161194,オム・オクト・パッス,12,888,900,5,heal,0.6701,0.7468,97,3,12,いいえ,オム・オクト・パッス / 北間・クラリス嬢 / ターヌムンゴネキ / 肉食ドゥブロさん / ブラジリアン首都術
1,427,em-2d8f15eaba64,のぶくろさん,12,700,900,7,aoe_attack,0.6701,0.7468,97,3,12,いいえ,のぶくろさん / 北間・クラリス嬢 / ターヌムンゴネキ / 肉食ドゥブロさん / ブラジリアン首都術
1,428,em-814278d8eb9b,轟け！阿蘇さん,15,1680,920,1,attribute_guard,0.6701,0.7468,100,0,12,いいえ,轟け！阿蘇さん / 北間・クラリス嬢 / ターヌムンゴネキ / 肉食ドゥブロさん / ブラジリアン首都術
1,429,em-c545b5a51997,トリニダの怪人,13,4077,1057,2,skill_reduction,0.6662,0.7468,98,2,12,いいえ,トリニダの怪人 / 北間・クラリス嬢 / ターヌムンゴネキ / 肉食ドゥブロさん / ブラジリアン首都術
1,430,em-6ff1562355a9,ファジル先生,12,2256,1128,2,multi_hit_attack,0.6638,0.7405,97,3,12,いいえ,ファジル先生 / 北間・クラリス嬢 / ターヌムンゴネキ / 肉食ドゥブロさん / ブラジリアン首都術
1,431,em-e4f94dd73b29,あっしゅTHEﾗｯﾊﾟｰ,12,1500,700,5,attribute_guard,0.6638,0.7405,97,3,12,いいえ,あっしゅTHEﾗｯﾊﾟｰ / 北間・クラリス嬢 / ターヌムンゴネキ / 肉食ドゥブロさん / ブラジリアン首都術
1,432,em-2e3e250aef5e,IMO NI FESTIVAL 2018,14,1837,1161,3,aoe_attack,0.6638,0.7405,99,1,12,いいえ,IMO NI FESTIVAL 2018 / 北間・クラリス嬢 / ターヌムンゴネキ / 肉食ドゥブロさん / ブラジリアン首都術
1,433,em-de449f69edb5,タミフルニキ,14,1257,1147,3,damage_reduction,0.6638,0.7405,99,1,12,いいえ,タミフルニキ / 北間・クラリス嬢 / ターヌムンゴネキ / 肉食ドゥブロさん / ブラジリアン首都術
1,434,em-962fa89cd31d,極東恋姫☆霧子たん,15,1243,1161,5,revive,0.6638,0.7405,100,0,12,いいえ,極東恋姫☆霧子たん / 北間・クラリス嬢 / ターヌムンゴネキ / 肉食ドゥブロさん / ブラジリアン首都術
1,435,em-9413da55b7e0,ヤマピカリャーコ,47,4515,5095,2,multi_hit_attack,0.6599,0.7278,96,4,11,いいえ,ヤマピカリャーコ / ペーチパイセン / コンドアーズ / おこしんMK-2 / 巨大カンテツ
1,436,em-c6337efaceae,ｴﾚｶﾞﾝﾄ☆トラボル子,47,4260,4771,5,aoe_attack,0.6599,0.7278,96,4,10,いいえ,ｴﾚｶﾞﾝﾄ☆トラボル子 / ペーチパイセン / コンドアーズ / おこしんMK-2 / 巨大カンテツ
1,437,em-e394b3795363,伝説の少女キャンディ,50,5507,5507,7,skill_reduction,0.6599,0.7278,99,1,11,いいえ,伝説の少女キャンディ / ペーチパイセン / コンドアーズ / おこしんMK-2 / 巨大カンテツ
1,438,em-b7d1205bd3a7,すーぱーサイアン,60,5964,5964,12,attack_buff,0.6588,0.7468,100,0,11,いいえ,すーぱーサイアン / 北間・クラリス嬢 / コンドアーズ / ブラジリアン首都術 / ウシュか☆丸か
1,439,em-d25a7727f654,プラハ嬢,32,1482,4991,4,damage_reduction,0.6577,0.7278,95,5,12,いいえ,プラハ嬢 / ペーチパイセン / 肉食ドゥブロさん / 愛のぴよ子 / にほりん
1,440,em-6fd11d4d3308,超天狗くまのたん,35,1704,7497,3,attack_buff,0.6577,0.7278,98,2,12,いいえ,超天狗くまのたん / ペーチパイセン / 肉食ドゥブロさん / 愛のぴよ子 / にほりん
1,441,em-0c10b95e36c6,激走！えるたそ,10,900,800,4,attack_buff,0.6576,0.7342,95,5,12,いいえ,激走！えるたそ / 北間・クラリス嬢 / ターヌムンゴネキ / 肉食ドゥブロさん / ブラジリアン首都術
1,442,em-1c72b25f9096,エッシュ＆エッジュ,10,800,800,3,skill_reduction,0.6576,0.7342,95,5,12,いいえ,エッシュ＆エッジュ / 北間・クラリス嬢 / ターヌムンゴネキ / 肉食ドゥブロさん / ブラジリアン首都術
1,443,em-489695d715f8,ボボ・さるぼぼ,10,600,700,5,aoe_attack,0.6576,0.7342,95,5,12,いいえ,ボボ・さるぼぼ / 北間・クラリス嬢 / ターヌムンゴネキ / 肉食ドゥブロさん / ブラジリアン首都術
1,444,em-c47afb60b613,三重子先輩,10,800,800,2,attribute_change,0.6576,0.7342,95,5,12,いいえ,三重子先輩 / 北間・クラリス嬢 / ターヌムンゴネキ / 肉食ドゥブロさん / ブラジリアン首都術
1,445,em-69fe49e9031d,かずら姉さん,11,650,700,2,guard,0.6576,0.7342,96,4,12,いいえ,かずら姉さん / 北間・クラリス嬢 / ターヌムンゴネキ / 肉食ドゥブロさん / ブラジリアン首都術
1,446,em-28a408b64836,真・銘菓ぴよ子,12,795,815,3,multi_hit_attack,0.6576,0.7342,97,3,12,いいえ,真・銘菓ぴよ子 / 北間・クラリス嬢 / ターヌムンゴネキ / 肉食ドゥブロさん / ブラジリアン首都術
1,447,em-2a715d5b73f6,白水師匠,12,780,820,6,aoe_attack,0.6576,0.7342,97,3,12,いいえ,白水師匠 / 北間・クラリス嬢 / ターヌムンゴネキ / 肉食ドゥブロさん / ブラジリアン首都術
1,448,em-344fce469565,豊聡之太子さん,12,830,775,2,heal,0.6576,0.7342,97,3,12,いいえ,豊聡之太子さん / 北間・クラリス嬢 / ターヌムンゴネキ / 肉食ドゥブロさん / ブラジリアン首都術
1,449,em-3604a59c8292,囃せ！どんちっちん,12,1000,700,7,aoe_attack,0.6576,0.7342,97,3,12,いいえ,囃せ！どんちっちん / 北間・クラリス嬢 / ターヌムンゴネキ / 肉食ドゥブロさん / ブラジリアン首都術
1,450,em-409b16959eac,唸るぜ！よりりん,12,795,805,3,attribute_change,0.6576,0.7342,97,3,12,いいえ,唸るぜ！よりりん / 北間・クラリス嬢 / ターヌムンゴネキ / 肉食ドゥブロさん / ブラジリアン首都術
1,451,em-69c72b6c10d2,紳士なトーマスん,12,765,835,3,attribute_change,0.6576,0.7342,97,3,12,いいえ,紳士なトーマスん / 北間・クラリス嬢 / ターヌムンゴネキ / 肉食ドゥブロさん / ブラジリアン首都術
1,452,em-786d95001098,可憐な二条嬢,12,810,790,2,attribute_guard,0.6576,0.7342,97,3,12,いいえ,可憐な二条嬢 / 北間・クラリス嬢 / ターヌムンゴネキ / 肉食ドゥブロさん / ブラジリアン首都術
1,453,em-9671099553c0,唸れ！阿蘇さん,12,1020,680,1,attribute_guard,0.6576,0.7342,97,3,12,いいえ,唸れ！阿蘇さん / 北間・クラリス嬢 / ターヌムンゴネキ / 肉食ドゥブロさん / ブラジリアン首都術
1,454,em-bfd568eb94ea,ベッピーさん,12,712,692,5,attack_buff,0.6576,0.7342,97,3,12,いいえ,ベッピーさん / 北間・クラリス嬢 / ターヌムンゴネキ / 肉食ドゥブロさん / ブラジリアン首都術
1,455,em-f439af6dc206,さんとくん大先生,12,3020,755,3,delay,0.6576,0.7342,97,3,12,いいえ,さんとくん大先生 / 北間・クラリス嬢 / ターヌムンゴネキ / 肉食ドゥブロさん / ブラジリアン首都術
1,456,em-f33518363cb8,マチョリスト☆ばん,13,1410,775,2,attack_buff,0.6576,0.7342,98,2,12,いいえ,マチョリスト☆ばん / 北間・クラリス嬢 / ターヌムンゴネキ / 肉食ドゥブロさん / ブラジリアン首都術
1,457,em-a71cd0e28586,ねぶるーさん,14,770,830,2,attack_buff,0.6576,0.7342,99,1,12,いいえ,ねぶるーさん / 北間・クラリス嬢 / ターヌムンゴネキ / 肉食ドゥブロさん / ブラジリアン首都術
1,458,em-ac023f126b7d,レッサー系メガネ,14,900,800,5,skill_reduction,0.6576,0.7342,99,1,12,いいえ,レッサー系メガネ / 北間・クラリス嬢 / ターヌムンゴネキ / 肉食ドゥブロさん / ブラジリアン首都術
1,459,em-de4906019fe7,キープ牧場の決斗,14,700,700,6,revive,0.6576,0.7342,99,1,12,いいえ,キープ牧場の決斗 / 北間・クラリス嬢 / ターヌムンゴネキ / 肉食ドゥブロさん / ブラジリアン首都術
1,460,em-ec6b6491e6a3,ベッピー先生,15,808,792,5,attack_buff,0.6576,0.7342,100,0,12,いいえ,ベッピー先生 / 北間・クラリス嬢 / ターヌムンゴネキ / 肉食ドゥブロさん / ブラジリアン首都術
1,461,em-d0ab149939aa,製鉄所★澤先輩,24,5313,1771,3,skill_reduction,0.6555,0.7278,97,3,12,いいえ,製鉄所★澤先輩 / ペーチパイセン / コンドアーズ / 肉食ドゥブロさん / 巨大カンテツ
1,462,em-df4f003ab94e,熱いマッキニキ,11,1100,600,3,damage_reduction,0.6525,0.7405,99,1,12,いいえ,熱いマッキニキ / トマティーナ少佐 / ターヌムンゴネキ / 肉食ドゥブロさん / ウシュか☆丸か
1,463,em-9974d2b554c4,ｼｬﾐｯ子！シャーミー君,36,4652,3919,1,attack_buff,0.6515,0.7215,99,1,12,いいえ,ｼｬﾐｯ子！シャーミー君 / ペーチパイセン / 肉食ドゥブロさん / 愛のぴよ子 / にほりん
1,464,em-28a4ccf4cbfc,ステンバーイちび蔵,24,596,3748,4,revive,0.6454,0.7278,98,2,12,いいえ,ステンバーイちび蔵 / ヤマさんヤミーさん / 肉食ドゥブロさん / 愛のぴよ子 / ブラジリアン首都術
1,465,em-5b1667b398d0,?????,46,4430,5112,2,multi_hit_attack,0.6453,0.7152,95,5,12,いいえ,????? / ペーチパイセン / コンドアーズ / おこしんMK-2 / 巨大カンテツ
1,466,em-2e6dfffcc947,グレート三重子ちゃん,50,4473,4473,0,attribute_change,0.6453,0.7152,99,1,11,いいえ,グレート三重子ちゃん / ペーチパイセン / コンドアーズ / おこしんMK-2 / 巨大カンテツ
1,467,em-aae4f48cb489,もん親方,28,3748,3748,2,attribute_guard,0.6451,0.7215,99,1,12,いいえ,もん親方 / ペーチパイセン / 肉食ドゥブロさん / タミちゃんの火祭り / 巨大カンテツ
1,468,em-b95ac93b816d,キタキツネの神様,29,3748,4771,3,attack_buff,0.6451,0.7215,100,0,12,いいえ,キタキツネの神様 / ペーチパイセン / 肉食ドゥブロさん / タミちゃんの火祭り / 巨大カンテツ
1,469,em-4c2a43ecd770,ナンマトル君,14,2115,2115,2,skill_reduction,0.6435,0.7278,99,1,12,いいえ,ナンマトル君 / 北間・クラリス嬢 / ターヌムンゴネキ / 肉食ドゥブロさん / ブラジリアン首都術
1,470,em-edd2253df045,怪奇！変身鬼人形,25,3408,3834,3,attribute_change,0.6431,0.7152,98,2,12,いいえ,怪奇！変身鬼人形 / ペーチパイセン / コンドアーズ / 肉食ドゥブロさん / 巨大カンテツ
1,471,em-7e70673d97ae,セント・キルダ音楽隊,13,1344,1963,0,attribute_guard,0.6411,0.7215,98,2,12,いいえ,セント・キルダ音楽隊 / 北間・クラリス嬢 / ターヌムンゴネキ / 肉食ドゥブロさん / ブラジリアン首都術
1,472,em-9329de26d52c,iびるん大魔王,14,1812,1963,5,guard,0.6411,0.7215,99,1,12,いいえ,iびるん大魔王 / 北間・クラリス嬢 / ターヌムンゴネキ / 肉食ドゥブロさん / ブラジリアン首都術
1,473,em-3c2628783368,すまぁとヤスマサニキ,50,4260,5623,2,attack_buff,0.6391,0.7089,99,1,12,いいえ,すまぁとヤスマサニキ / ペーチパイセン / コンドアーズ / おこしんMK-2 / 巨大カンテツ
1,474,em-b127f99ae530,キラー・ｻﾞ・ｷﾗｰ,55,5964,3408,2,damage_reduction,0.6389,0.7152,96,4,11,いいえ,キラー・ｻﾞ・ｷﾗｰ / ペーチパイセン / コンドアーズ / 愛のぴよ子 / おこしんMK-2
1,475,em-13a4b4b54b04,北間・クラリス嬢,10,3959,701,1,heal,0.6389,0.7152,99,1,12,いいえ,北間・クラリス嬢 / ヤマさんヤミーさん / 肉食ドゥブロさん / タミちゃんの火祭り / 巨大カンテツ
1,476,em-2f0a120135a2,神降ろし！宮子様,24,3578,3152,0,heal,0.6373,0.7215,98,2,12,いいえ,神降ろし！宮子様 / ヤマさんヤミーさん / 愛のぴよ子 / 肉食ドゥブロさん / ブラジリアン首都術
1,477,em-7b3f53eed84e,?????,14,1380,2675,4,attack_buff,0.6373,0.7215,99,1,12,いいえ,????? / 北間・クラリス嬢 / ターヌムンゴネキ / 肉食ドゥブロさん / ブラジリアン首都術
1,478,em-c623973fc8a5,うおぬまンダーＲ上Ｘ,15,1208,2567,4,aoe_attack,0.6373,0.7215,100,0,12,いいえ,うおぬまンダーＲ上Ｘ / 北間・クラリス嬢 / ターヌムンゴネキ / 肉食ドゥブロさん / ブラジリアン首都術
1,479,em-90d2686cfd0d,花火戦隊サイガーRe,45,4515,5367,3,multi_hit_attack,0.6369,0.7089,94,6,12,いいえ,花火戦隊サイガーRe / ペーチパイセン / コンドアーズ / ブラジリアン首都術 / 巨大カンテツ
1,480,em-294f61da0084,Ｃ・Ｃ☆電車姫,22,3741,1973,4,attack_buff,0.6369,0.7089,95,5,12,いいえ,Ｃ・Ｃ☆電車姫 / ペーチパイセン / コンドアーズ / 肉食ドゥブロさん / 巨大カンテツ
1,481,em-1e3b5bb54d35,ナナフシ,30,4175,2999,2,attribute_change,0.6353,0.7025,97,3,12,いいえ,ナナフシ / ヤマさんヤミーさん / コンドアーズ / おこしんMK-2 / 巨大カンテツ
1,482,em-759ef91c7c65,古の灰かぶりロドピス,47,4175,3578,1,damage_reduction,0.6348,0.7089,96,4,12,いいえ,古の灰かぶりロドピス / ペーチパイセン / コンドアーズ / ブラジリアン首都術 / 巨大カンテツ
1,483,em-3cce096dfee9,カギサナ子,15,2415,2415,4,attack_buff,0.6311,0.7152,100,0,12,いいえ,カギサナ子 / 北間・クラリス嬢 / ターヌムンゴネキ / 肉食ドゥブロさん / ブラジリアン首都術
1,484,em-8a9a0a93b442,メジーナ,15,2415,2415,6,attack_buff,0.6311,0.7152,100,0,12,いいえ,メジーナ / 北間・クラリス嬢 / ターヌムンゴネキ / 肉食ドゥブロさん / ブラジリアン首都術
1,485,em-684248c89e03,ストックレー帝,22,3013,3181,0,attribute_change,0.6308,0.7025,95,5,12,いいえ,ストックレー帝 / ペーチパイセン / コンドアーズ / 肉食ドゥブロさん / 巨大カンテツ
1,486,em-3e5e9519eb9b,風林火山のぶくろ！,47,4089,4430,5,aoe_attack,0.6308,0.7025,96,4,11,いいえ,風林火山のぶくろ！ / ペーチパイセン / コンドアーズ / おこしんMK-2 / 巨大カンテツ
1,487,em-2325681e1b59,BON JOVE,24,3220,3220,5,aoe_attack,0.6308,0.7025,97,3,12,いいえ,BON JOVE / ペーチパイセン / コンドアーズ / 肉食ドゥブロさん / 巨大カンテツ
1,488,em-4dc27428f645,よりりんＫ林スタイル,24,2576,2576,2,attribute_change,0.6308,0.7025,97,3,12,いいえ,よりりんＫ林スタイル / ペーチパイセン / コンドアーズ / 肉食ドゥブロさん / 巨大カンテツ
1,489,em-d0639c20e6b1,ユーコ☆宇宙,24,4260,2556,4,revive,0.6308,0.7025,97,3,12,いいえ,ユーコ☆宇宙 / ペーチパイセン / コンドアーズ / 肉食ドゥブロさん / 巨大カンテツ
1,490,em-bb70b91588ed,夜魔・マヤー,12,1661,2114,4,multi_hit_attack,0.6268,0.7089,97,3,12,いいえ,夜魔・マヤー / 北間・クラリス嬢 / ターヌムンゴネキ / 肉食ドゥブロさん / ブラジリアン首都術
1,491,em-587d1ec0e30f,偉人さんトーマスん,14,1359,2038,2,attribute_change,0.6268,0.7089,99,1,12,いいえ,偉人さんトーマスん / 北間・クラリス嬢 / ターヌムンゴネキ / 肉食ドゥブロさん / ブラジリアン首都術
1,492,em-da8da47e0c9c,さるぼぼ・ぼーぼぼ,14,1661,2114,3,aoe_attack,0.6268,0.7089,99,1,12,いいえ,さるぼぼ・ぼーぼぼ / 北間・クラリス嬢 / ターヌムンゴネキ / 肉食ドゥブロさん / ブラジリアン首都術
1,493,em-e73e837049b5,ｿﾞﾝﾋﾞｶﾞｰﾙ･ガブリン,28,1366,3834,4,revive,0.6266,0.7025,99,1,12,いいえ,ｿﾞﾝﾋﾞｶﾞｰﾙ･ガブリン / ペーチパイセン / 肉食ドゥブロさん / タミちゃんの火祭り / 巨大カンテツ
1,494,em-0af21062aa7c,ｻﾗﾏﾝﾀﾞｰ祝High気分,30,2898,2817,6,skill_reduction,0.6257,0.7152,96,4,12,いいえ,ｻﾗﾏﾝﾀﾞｰ祝High気分 / ペーチパイセン / コンドアーズ / 肉食ドゥブロさん / ブラジリアン首都術
1,495,em-773b001a1189,おづぬ様,60,4260,6816,5,attack_buff,0.6257,0.7152,98,2,11,いいえ,おづぬ様 / ペーチパイセン / コンドアーズ / 愛のぴよ子 / ハリウッドナナコ師匠
1,496,em-bc5f259cf576,まさか殿(微マジ),60,5453,6305,7,multi_hit_attack,0.6257,0.7152,98,2,11,いいえ,まさか殿(微マジ) / ペーチパイセン / コンドアーズ / 愛のぴよ子 / ハリウッドナナコ師匠
1,497,em-c08850a0aec0,いなば☆うわぁああ！,20,2579,3220,4,skill_reduction,0.6247,0.6962,93,7,12,いいえ,いなば☆うわぁああ！ / ペーチパイセン / コンドアーズ / 肉食ドゥブロさん / 巨大カンテツ
1,498,em-05de078a2e7c,幼妻！エンゼルちゃん,22,1993,2913,3,heal,0.6247,0.6962,95,5,12,いいえ,幼妻！エンゼルちゃん / ペーチパイセン / コンドアーズ / 肉食ドゥブロさん / 巨大カンテツ
1,499,em-7e4426102b17,タンジャンじゃん,22,3139,3139,3,revive,0.6247,0.6962,95,5,12,いいえ,タンジャンじゃん / ペーチパイセン / コンドアーズ / 肉食ドゥブロさん / 巨大カンテツ
1,500,em-81078d011501,年齢不詳！エンゼル様,22,2215,3237,3,heal,0.6247,0.6962,95,5,12,いいえ,年齢不詳！エンゼル様 / ペーチパイセン / コンドアーズ / 肉食ドゥブロさん / 巨大カンテツ
1,501,em-86e0d0475819,使い魔のミナヅキ,22,2385,3067,2,attack_buff,0.6247,0.6962,95,5,12,いいえ,使い魔のミナヅキ / ペーチパイセン / コンドアーズ / 肉食ドゥブロさん / 巨大カンテツ
1,502,em-95a008b67c52,権現くまのたん,22,1030,4234,2,attack_buff,0.6247,0.6962,95,5,12,いいえ,権現くまのたん / ペーチパイセン / コンドアーズ / 肉食ドゥブロさん / 巨大カンテツ
1,503,em-62994b487456,浪漫歌人♪晶子さん,25,3059,3059,2,revive,0.6247,0.6962,98,2,12,いいえ,浪漫歌人♪晶子さん / ペーチパイセン / コンドアーズ / 肉食ドゥブロさん / 巨大カンテツ
1,504,em-93e0810ca88c,宇壺田ウツ雄,25,3067,3067,6,damage_reduction,0.6247,0.6962,98,2,12,いいえ,宇壺田ウツ雄 / ペーチパイセン / コンドアーズ / 肉食ドゥブロさん / 巨大カンテツ
1,505,em-dade81e05fdb,紫式部@物語執筆中,25,1771,3220,0,damage_reduction,0.6247,0.6962,98,2,12,いいえ,紫式部@物語執筆中 / ペーチパイセン / コンドアーズ / 肉食ドゥブロさん / 巨大カンテツ
1,506,em-05476daa6b31,だんじり鉄砲隊,26,805,3599,4,attack_buff,0.6247,0.6962,99,1,12,いいえ,だんじり鉄砲隊 / ペーチパイセン / コンドアーズ / 肉食ドゥブロさん / 巨大カンテツ
1,507,em-acc7e76f32c6,満開☆チゥりっぷちゃん,20,563,2957,2,attribute_change,0.6231,0.7089,94,6,12,いいえ,満開☆チゥりっぷちゃん / ヤマさんヤミーさん / 肉食ドゥブロさん / 愛のぴよ子 / ブラジリアン首都術
1,508,em-9cbbb04818bd,シミ,20,1704,2215,4,heal,0.6231,0.6899,93,7,12,いいえ,シミ / ペーチパイセン / コンドアーズ / 肉食ドゥブロさん / 巨大カンテツ
1,509,em-d8d7722f9f21,赤パジャマさん,20,2240,3262,5,attribute_guard,0.6231,0.6899,93,7,12,いいえ,赤パジャマさん / ペーチパイセン / コンドアーズ / 肉食ドゥブロさん / 巨大カンテツ
1,510,em-942c8f8de44d,エンゼルちゃん,22,1772,2590,3,heal,0.6231,0.6899,95,5,12,いいえ,エンゼルちゃん / ペーチパイセン / コンドアーズ / 肉食ドゥブロさん / 巨大カンテツ
1,511,em-076deec8d0c8,羊蟹☆こ祝いくん,24,2093,2737,3,delay,0.6231,0.6899,97,3,12,いいえ,羊蟹☆こ祝いくん / ペーチパイセン / コンドアーズ / 肉食ドゥブロさん / 巨大カンテツ
1,512,em-9bad632dc3a9,秋田世界発見伝,24,3838,845,4,guard,0.6231,0.6899,97,3,12,いいえ,秋田世界発見伝 / ペーチパイセン / コンドアーズ / 肉食ドゥブロさん / 巨大カンテツ
1,513,em-8b0ee22a5cd7,ドナドナう皮,26,1676,1664,3,guard,0.6219,0.6835,96,4,12,いいえ,ドナドナう皮 / トマティーナ少佐 / 肉食ドゥブロさん / 愛のぴよ子 / にほりん
1,514,em-2f1780cfd053,どーよ様,15,500,1900,5,attack_buff,0.6206,0.7025,100,0,12,いいえ,どーよ様 / 北間・クラリス嬢 / ターヌムンゴネキ / 肉食ドゥブロさん / ブラジリアン首都術
1,515,em-a3fc429e3d74,にくぁうさま,15,606,1876,4,attack_buff,0.6206,0.7025,100,0,12,いいえ,にくぁうさま / 北間・クラリス嬢 / ターヌムンゴネキ / 肉食ドゥブロさん / ブラジリアン首都術
1,516,em-c358a9d61a43,PiぐPeんとBiぐBeん,15,1208,1510,2,attack_buff,0.6206,0.7025,100,0,12,いいえ,PiぐPeんとBiぐBeん / 北間・クラリス嬢 / ターヌムンゴネキ / 肉食ドゥブロさん / ブラジリアン首都術
1,517,em-f14da6dc7d26,チャイナさん,15,606,1876,4,attack_buff,0.6206,0.7025,100,0,12,いいえ,チャイナさん / 北間・クラリス嬢 / ターヌムンゴネキ / 肉食ドゥブロさん / ブラジリアン首都術
1,518,em-8d98226e5962,玉稜の首領・たまうー,29,3067,4260,4,delay,0.6204,0.6962,100,0,12,いいえ,玉稜の首領・たまうー / ペーチパイセン / 肉食ドゥブロさん / タミちゃんの火祭り / 巨大カンテツ
1,519,em-301c11f4a1d7,ウサポワンちゃん,20,1363,2317,3,guard,0.6171,0.6835,93,7,12,いいえ,ウサポワンちゃん / ペーチパイセン / コンドアーズ / 肉食ドゥブロさん / 巨大カンテツ
1,520,em-3ac00001d30a,ネギの向こう側,20,2262,2273,0,heal,0.6171,0.6835,93,7,12,いいえ,ネギの向こう側 / ペーチパイセン / コンドアーズ / 肉食ドゥブロさん / 巨大カンテツ
1,521,em-845e49247e45,ウサポワン海人,20,1533,2607,3,guard,0.6171,0.6835,93,7,12,いいえ,ウサポワン海人 / ペーチパイセン / コンドアーズ / 肉食ドゥブロさん / 巨大カンテツ
1,522,em-eeba5b4dcba6,カニパンだっ！,23,2737,2415,2,guard,0.6171,0.6835,96,4,12,いいえ,カニパンだっ！ / ペーチパイセン / コンドアーズ / 肉食ドゥブロさん / 巨大カンテツ
1,523,em-cf3fd175f595,プチさんグロさん,27,2807,2895,2,aoe_attack,0.6171,0.6835,100,0,12,いいえ,プチさんグロさん / ペーチパイセン / コンドアーズ / 肉食ドゥブロさん / 巨大カンテツ
1,524,em-1de8c880f196,ヴィヒー先生,17,2114,2718,2,damage_reduction,0.6164,0.6899,99,1,12,いいえ,ヴィヒー先生 / ヤマさんヤミーさん / 肉食ドゥブロさん / ブラジリアン首都術 / 巨大カンテツ
1,525,em-f334c541bf84,納得ん★福曼荼羅,17,1763,1860,2,attribute_change,0.6164,0.6899,99,1,12,いいえ,納得ん★福曼荼羅 / ヤマさんヤミーさん / 肉食ドゥブロさん / ブラジリアン首都術 / 巨大カンテツ
1,526,em-0d48fb639618,どうする？リオンさん,18,2093,2737,3,delay,0.6164,0.6899,100,0,12,いいえ,どうする？リオンさん / ヤマさんヤミーさん / 肉食ドゥブロさん / ブラジリアン首都術 / 巨大カンテツ
1,527,em-e2135a9d657f,ねぶるータスお前もか,18,2173,2656,2,attack_buff,0.6164,0.6899,100,0,12,いいえ,ねぶるータスお前もか / ヤマさんヤミーさん / 肉食ドゥブロさん / ブラジリアン首都術 / 巨大カンテツ
1,528,em-e3e851204c8b,イカすぜ！よりりん,18,2576,2576,2,attribute_change,0.6164,0.6899,100,0,12,いいえ,イカすぜ！よりりん / ヤマさんヤミーさん / 肉食ドゥブロさん / ブラジリアン首都術 / 巨大カンテツ
1,529,em-5861838d2e36,ばうあー泥棒,35,4771,3033,4,attack_buff,0.6148,0.6835,98,2,12,いいえ,ばうあー泥棒 / ペーチパイセン / 肉食ドゥブロさん / 愛のぴよ子 / にほりん
1,530,em-132feeb6206a,傭兵戦隊サイガー３,12,756,2284,4,multi_hit_attack,0.6145,0.6962,97,3,12,いいえ,傭兵戦隊サイガー３ / 北間・クラリス嬢 / ターヌムンゴネキ / 肉食ドゥブロさん / ブラジリアン首都術
1,531,em-795ca1ffcb95,カム着火べあぱわー,12,664,2355,2,attack_buff,0.6145,0.6962,97,3,12,いいえ,カム着火べあぱわー / 北間・クラリス嬢 / ターヌムンゴネキ / 肉食ドゥブロさん / ブラジリアン首都術
1,532,em-0ccc51b405ca,初代畳リーゼント,13,1045,2258,4,attack_buff,0.6145,0.6962,98,2,12,いいえ,初代畳リーゼント / 北間・クラリス嬢 / ターヌムンゴネキ / 肉食ドゥブロさん / ブラジリアン首都術
1,533,em-10aded4f89d1,ゲイコツガブリムシ,13,820,2300,5,revive,0.6145,0.6962,98,2,12,いいえ,ゲイコツガブリムシ / 北間・クラリス嬢 / ターヌムンゴネキ / 肉食ドゥブロさん / ブラジリアン首都術
1,534,em-a7be30f0211a,烏枢さま降臨！,13,1359,2416,2,attack_buff,0.6145,0.6962,98,2,12,いいえ,烏枢さま降臨！ / 北間・クラリス嬢 / ターヌムンゴネキ / 肉食ドゥブロさん / ブラジリアン首都術
1,535,em-af839f0be824,譲らざる者,13,966,2394,5,attack_buff,0.6145,0.6962,98,2,12,いいえ,譲らざる者 / 北間・クラリス嬢 / ターヌムンゴネキ / 肉食ドゥブロさん / ブラジリアン首都術
1,536,em-ea000314e767,ＫＲ２ジョー少佐,13,921,2476,3,attack_buff,0.6145,0.6962,98,2,12,いいえ,ＫＲ２ジョー少佐 / 北間・クラリス嬢 / ターヌムンゴネキ / 肉食ドゥブロさん / ブラジリアン首都術
1,537,em-f4ac535052c1,ɑム・ɑクト・パップ,13,1341,2416,4,heal,0.6145,0.6962,98,2,12,いいえ,ɑム・ɑクト・パップ / 北間・クラリス嬢 / ターヌムンゴネキ / 肉食ドゥブロさん / ブラジリアン首都術
1,538,em-4016fa16a6ca,Dr.&萌やﾁﾝｹﾞｰﾙ,14,773,2573,1,heal,0.6145,0.6962,99,1,12,いいえ,Dr.&萌やﾁﾝｹﾞｰﾙ / 北間・クラリス嬢 / ターヌムンゴネキ / 肉食ドゥブロさん / ブラジリアン首都術
1,539,em-739aae6480ff,男前やできっしん,14,755,2605,4,attack_buff,0.6145,0.6962,99,1,12,いいえ,男前やできっしん / 北間・クラリス嬢 / ターヌムンゴネキ / 肉食ドゥブロさん / ブラジリアン首都術
1,540,em-30793b1211b4,ウルルさんは役者やで,15,1310,2189,1,damage_reduction,0.6145,0.6962,100,0,12,いいえ,ウルルさんは役者やで / 北間・クラリス嬢 / ターヌムンゴネキ / 肉食ドゥブロさん / ブラジリアン首都術
1,541,em-654601ffb56d,スースちゃん,15,1132,2265,0,damage_reduction,0.6145,0.6962,100,0,12,いいえ,スースちゃん / 北間・クラリス嬢 / ターヌムンゴネキ / 肉食ドゥブロさん / ブラジリアン首都術
1,542,em-58dbb7bc9653,六点魔王ノッブ,58,3408,5964,3,multi_hit_attack,0.6126,0.6962,99,1,11,いいえ,六点魔王ノッブ / ペーチパイセン / コンドアーズ / 愛のぴよ子 / おこしんMK-2
1,543,em-8527b3dd869a,帰って来たいぬやマン,21,1661,1661,4,attack_buff,0.6111,0.6772,94,6,12,いいえ,帰って来たいぬやマン / ペーチパイセン / コンドアーズ / 肉食ドゥブロさん / 巨大カンテツ
1,544,em-1ad78d7d3c2f,狐仮面,22,2215,1789,4,revive,0.6111,0.6772,95,5,12,いいえ,狐仮面 / ペーチパイセン / コンドアーズ / 肉食ドゥブロさん / 巨大カンテツ
1,545,em-c4b0b6848f16,?????,17,2828,2470,3,skill_reduction,0.6104,0.6835,99,1,12,いいえ,????? / ヤマさんヤミーさん / 肉食ドゥブロさん / ブラジリアン首都術 / 巨大カンテツ
1,546,em-85946f26dcf5,鉄人！ガヨーマルト,18,3381,1610,1,attribute_change,0.6104,0.6835,100,0,12,いいえ,鉄人！ガヨーマルト / ヤマさんヤミーさん / 肉食ドゥブロさん / ブラジリアン首都術 / 巨大カンテツ
1,547,em-3e2d46063b3e,なっとくん様,70,8026,4618,1,skill_reduction,0.6082,0.7025,99,1,9,いいえ,なっとくん様 / ペーチパイセン / 愛のぴよ子 / おこしんMK-2 / ハリウッドナナコ師匠
1,548,em-e362f95d25c3,巳ーちゃんさん,35,4303,3451,3,multi_hit_attack,0.6055,0.6962,98,2,12,いいえ,巳ーちゃんさん / ペーチパイセン / コンドアーズ / 肉食ドゥブロさん / ウシュか☆丸か
1,549,em-7fd9b48cee31,七夕星人☆たたるんるん,20,3220,1610,2,attack_buff,0.6028,0.6709,93,7,12,いいえ,七夕星人☆たたるんるん / ペーチパイセン / コンドアーズ / 肉食ドゥブロさん / 巨大カンテツ
1,550,em-124d2df2b85e,ディオクレ君,23,2416,1449,4,skill_reduction,0.6028,0.6709,96,4,12,いいえ,ディオクレ君 / ペーチパイセン / コンドアーズ / 肉食ドゥブロさん / 巨大カンテツ
1,551,em-437f98caf8e3,ぺた也君,35,4710,3006,1,multi_hit_attack,0.6028,0.6709,98,2,12,いいえ,ぺた也君 / ペーチパイセン / 肉食ドゥブロさん / 愛のぴよ子 / にほりん
1,552,em-8532615661b1,ハズクさん,10,500,400,8,multi_hit_attack,0.6028,0.6709,100,0,12,いいえ,ハズクさん / ヤマさんヤミーさん / トマティーナ少佐 / 肉食ドゥブロさん / 巨大カンテツ
1,553,em-bf7beec08736,いやひこちゃん,10,700,400,4,delay,0.6028,0.6709,100,0,12,いいえ,いやひこちゃん / ヤマさんヤミーさん / トマティーナ少佐 / 肉食ドゥブロさん / 巨大カンテツ
1,554,em-f05bf139bdc3,荒野のシンプソン,10,500,500,7,revive,0.6028,0.6709,100,0,12,いいえ,荒野のシンプソン / ヤマさんヤミーさん / トマティーナ少佐 / 肉食ドゥブロさん / 巨大カンテツ
1,555,em-59636157ae2e,コーベンパイア天爵,45,5282,1757,2,damage_reduction,0.6021,0.6962,99,1,11,いいえ,コーベンパイア天爵 / ペーチパイセン / 肉食ドゥブロさん / ブラジリアン首都術 / ハリウッドナナコ師匠
1,556,em-82e546e8de79,ランたん,29,2198,3612,2,attribute_change,0.6002,0.6772,100,0,12,いいえ,ランたん / ペーチパイセン / 肉食ドゥブロさん / タミちゃんの火祭り / 巨大カンテツ
1,557,em-abcae044297d,ラ・ショー・ドさん,44,5453,3424,5,delay,0.6002,0.6772,100,0,11,いいえ,ラ・ショー・ドさん / ペーチパイセン / コンドアーズ / タミちゃんの火祭り / 巨大カンテツ
1,558,em-18cdc04bd0d0,ｼﾞｬｯｸｵｰ・ランちゃん,20,1022,3578,5,attribute_guard,0.5983,0.6709,93,7,12,いいえ,ｼﾞｬｯｸｵｰ・ランちゃん / ペーチパイセン / コンドアーズ / 肉食ドゥブロさん / 巨大カンテツ
1,559,em-40350463a9fa,ハンドさんは泳がない,27,2044,3578,3,damage_reduction,0.5983,0.6709,100,0,12,いいえ,ハンドさんは泳がない / ペーチパイセン / コンドアーズ / 肉食ドゥブロさん / 巨大カンテツ
1,560,em-c8baf5b3e504,斑鳩の太子くん,36,4260,2896,4,heal,0.5968,0.6646,99,1,12,いいえ,斑鳩の太子くん / ペーチパイセン / 肉食ドゥブロさん / 愛のぴよ子 / にほりん
1,561,em-aeee7aac1b71,ジンジャーブレッド男,20,4143,2440,2,attack_buff,0.5942,0.6709,93,7,12,いいえ,ジンジャーブレッド男 / ペーチパイセン / コンドアーズ / 肉食ドゥブロさん / 巨大カンテツ
1,562,em-6c9a66a7da8c,抹殺音ズース,40,5623,3408,6,heal,0.5942,0.6709,96,4,11,いいえ,抹殺音ズース / ペーチパイセン / コンドアーズ / タミちゃんの火祭り / 巨大カンテツ
1,563,em-a81a753351d9,戸定梨香,28,3216,3534,4,revive,0.5942,0.6709,99,1,12,いいえ,戸定梨香 / ペーチパイセン / 肉食ドゥブロさん / タミちゃんの火祭り / 巨大カンテツ
1,564,em-9667a89799b5,冬の双子姫,77,9628,4686,2,damage_reduction,0.5941,0.6962,100,0,9,いいえ,冬の双子姫 / ペーチパイセン / ウナギーヌくん / 旧市街地の魔物 / 大森さん
1,565,em-86926ff7d06c,満喫♪新年にくぁう,24,2085,3449,1,damage_reduction,0.5924,0.6646,97,3,12,いいえ,満喫♪新年にくぁう / ペーチパイセン / コンドアーズ / 肉食ドゥブロさん / 巨大カンテツ
1,566,em-7c0ef69518eb,有砂小町２ＰＣ,40,5112,5112,4,delay,0.5882,0.6646,96,4,11,いいえ,有砂小町２ＰＣ / ペーチパイセン / コンドアーズ / タミちゃんの火祭り / 巨大カンテツ
1,567,em-f70fc38ed477,栗栖　益子さん,40,4175,4106,4,multi_hit_attack,0.5882,0.6646,96,4,11,いいえ,栗栖　益子さん / ペーチパイセン / コンドアーズ / タミちゃんの火祭り / 巨大カンテツ
1,568,em-981bf693e8c3,メガネパンダ系の何か,19,2576,2415,6,skill_reduction,0.5864,0.6582,92,8,11,いいえ,メガネパンダ系の何か / ペーチパイセン / コンドアーズ / 肉食ドゥブロさん / 巨大カンテツ
1,569,em-149e96a7721b,大黒まはーかーらん,20,2576,2737,10,attack_buff,0.5864,0.6582,93,7,12,いいえ,大黒まはーかーらん / ペーチパイセン / コンドアーズ / 肉食ドゥブロさん / 巨大カンテツ
1,570,em-4b386c59ef08,キマシ塔の温泉娘,20,1245,2781,5,attack_buff,0.5864,0.6582,93,7,12,いいえ,キマシ塔の温泉娘 / ペーチパイセン / コンドアーズ / 肉食ドゥブロさん / 巨大カンテツ
1,571,em-e6496091dd0f,シャーミーくん,20,2948,2556,1,attack_buff,0.5864,0.6582,93,7,12,いいえ,シャーミーくん / ペーチパイセン / コンドアーズ / 肉食ドゥブロさん / 巨大カンテツ
1,572,em-8803e5b07894,風林火山のぶくろ公,22,2254,2576,5,aoe_attack,0.5864,0.6582,95,5,12,いいえ,風林火山のぶくろ公 / ペーチパイセン / コンドアーズ / 肉食ドゥブロさん / 巨大カンテツ
1,573,em-96f9283052eb,ロロちゃんさん先輩,22,2254,2737,5,revive,0.5864,0.6582,95,5,12,いいえ,ロロちゃんさん先輩 / ペーチパイセン / コンドアーズ / 肉食ドゥブロさん / 巨大カンテツ
1,574,em-abc85163565c,コキリコ・QB,23,2817,2978,2,attribute_change,0.5864,0.6582,96,4,12,いいえ,コキリコ・QB / ペーチパイセン / コンドアーズ / 肉食ドゥブロさん / 巨大カンテツ
1,575,em-b7b738711fb0,ちくわサンド,23,2817,2656,2,attack_buff,0.5864,0.6582,96,4,12,いいえ,ちくわサンド / ペーチパイセン / コンドアーズ / 肉食ドゥブロさん / 巨大カンテツ
1,576,em-062228a8b4d2,キャニオン雄大,25,2737,2737,5,attack_buff,0.5864,0.6582,98,2,12,いいえ,キャニオン雄大 / ペーチパイセン / コンドアーズ / 肉食ドゥブロさん / 巨大カンテツ
1,577,em-b9b869c15b9f,ルリマダラー,15,3786,378,2,attribute_guard,0.5862,0.6646,96,4,12,いいえ,ルリマダラー / ヤマさんヤミーさん / 肉食ドゥブロさん / 愛のぴよ子 / にほりん
1,578,em-cd23be41d901,美顔なエンパナさん,40,5623,4089,8,revive,0.5862,0.6646,96,4,11,いいえ,美顔なエンパナさん / ペーチパイセン / コンドアーズ / タミちゃんの火祭り / 巨大カンテツ
1,579,em-7e0f073f3656,年中無休な落花妖精,41,5538,3834,8,damage_reduction,0.5862,0.6646,97,3,11,いいえ,年中無休な落花妖精 / ペーチパイセン / コンドアーズ / タミちゃんの火祭り / 巨大カンテツ
1,580,em-9b97e564ea43,ユールシスター☆ノエルん,43,5523,4112,3,multi_hit_attack,0.5862,0.6646,99,1,11,いいえ,ユールシスター☆ノエルん / ペーチパイセン / コンドアーズ / タミちゃんの火祭り / 巨大カンテツ
1,581,em-3ba3c1cd24cc,P.O☆うるっしー,25,3220,1449,4,guard,0.585,0.6519,95,5,12,いいえ,P.O☆うるっしー / トマティーナ少佐 / 肉食ドゥブロさん / 愛のぴよ子 / にほりん
1,582,em-21262d62b170,ホーク＆フック,25,2093,2173,1,attribute_guard,0.5805,0.6519,98,2,12,いいえ,ホーク＆フック / ペーチパイセン / コンドアーズ / 肉食ドゥブロさん / 巨大カンテツ
1,583,em-aa92178d2205,糸巻万太朗,40,5623,4260,2,attribute_change,0.5802,0.6582,96,4,11,いいえ,糸巻万太朗 / ペーチパイセン / コンドアーズ / タミちゃんの火祭り / 巨大カンテツ
1,584,em-e6110f879f18,ユーコ隊,24,3408,2044,4,revive,0.5783,0.6519,97,3,12,いいえ,ユーコ隊 / ペーチパイセン / コンドアーズ / 肉食ドゥブロさん / 巨大カンテツ
1,585,em-ef6acbb9fe3a,ﾌｫﾆｰ・ぴよ・ｶﾞｰﾙｽﾞY,25,3703,1771,4,attribute_change,0.5783,0.6519,98,2,12,いいえ,ﾌｫﾆｰ・ぴよ・ｶﾞｰﾙｽﾞY / ペーチパイセン / コンドアーズ / 肉食ドゥブロさん / 巨大カンテツ
1,586,em-c6e2304d0b02,パプアさん,26,3365,2270,3,damage_reduction,0.5783,0.6519,99,1,12,いいえ,パプアさん / ペーチパイセン / コンドアーズ / 肉食ドゥブロさん / 巨大カンテツ
1,587,em-2998c94ac8cc,ギガ☆キプちゃん,28,1874,1874,4,multi_hit_attack,0.5783,0.6519,100,0,12,いいえ,ギガ☆キプちゃん / ペーチパイセン / トマティーナ少佐 / 肉食ドゥブロさん / 巨大カンテツ
1,588,em-d239e5e972de,ズンビーフック,17,2012,3220,4,multi_hit_attack,0.5763,0.6582,99,1,12,いいえ,ズンビーフック / ヤマさんヤミーさん / 肉食ドゥブロさん / ブラジリアン首都術 / 巨大カンテツ
1,589,em-a0601347b042,グラーツ君,36,2896,5282,3,attack_buff,0.5724,0.6456,99,1,12,いいえ,グラーツ君 / ペーチパイセン / 肉食ドゥブロさん / 愛のぴよ子 / にほりん
1,590,em-9d7275c7d84e,ハンドさんの匍匐前進,27,1840,3220,3,damage_reduction,0.571,0.6392,97,3,12,いいえ,ハンドさんの匍匐前進 / トマティーナ少佐 / 肉食ドゥブロさん / 愛のぴよ子 / にほりん
1,591,em-cd7c55cabc32,ゴジュウゲリヲン,19,3020,1132,5,guard,0.571,0.6392,100,0,12,いいえ,ゴジュウゲリヲン / ヤマさんヤミーさん / 愛のぴよ子 / 肉食ドゥブロさん / 巨大カンテツ
1,592,em-29cc8a9cf9cd,ビール売りの小娘,18,1516,3638,3,skill_reduction,0.5703,0.6519,100,0,12,いいえ,ビール売りの小娘 / ヤマさんヤミーさん / 肉食ドゥブロさん / ブラジリアン首都術 / 巨大カンテツ
1,593,em-ea2d3d13fc78,いなば☆うあー,18,1300,1700,4,skill_reduction,0.5703,0.6519,100,0,12,いいえ,いなば☆うあー / ヤマさんヤミーさん / 肉食ドゥブロさん / ブラジリアン首都術 / 巨大カンテツ
1,594,em-f18c065bbb1d,白水大師匠,18,1510,1887,5,aoe_attack,0.5703,0.6519,100,0,12,いいえ,白水大師匠 / ヤマさんヤミーさん / 肉食ドゥブロさん / ブラジリアン首都術 / 巨大カンテツ
1,595,em-9b717b0ffa22,地獄めぐりベッピー,19,1733,1664,5,attack_buff,0.5703,0.6519,100,0,11,いいえ,地獄めぐりベッピー / ヤマさんヤミーさん / 肉食ドゥブロさん / 愛のぴよ子 / 巨大カンテツ
1,596,em-048f5c5385db,Mr.バトラー,34,4771,3067,1,attribute_change,0.5703,0.6456,100,0,11,いいえ,Mr.バトラー / ヤマさんヤミーさん / コンドアーズ / 愛のぴよ子 / 巨大カンテツ
1,597,em-231cdc0f0757,忠犬八太郎,14,3775,755,6,delay,0.5683,0.6456,95,5,12,いいえ,忠犬八太郎 / ヤマさんヤミーさん / 肉食ドゥブロさん / 愛のぴよ子 / にほりん
1,598,em-504b87d4019a,ニタリくん,16,817,1533,3,multi_hit_attack,0.5683,0.6456,97,3,12,いいえ,ニタリくん / ヤマさんヤミーさん / 肉食ドゥブロさん / 愛のぴよ子 / にほりん
1,599,em-0984e8e9ee06,加賀のカブキ者,60,4430,6816,2,attack_buff,0.5667,0.6646,98,2,11,いいえ,加賀のカブキ者 / ペーチパイセン / コンドアーズ / 愛のぴよ子 / ハリウッドナナコ師匠
1,600,em-ae529aca2139,夜鳥の会会長,35,3408,4260,3,attribute_change,0.5666,0.6392,98,2,12,いいえ,夜鳥の会会長 / ペーチパイセン / 肉食ドゥブロさん / 愛のぴよ子 / にほりん
1,601,em-67859050336b,マジ☆マシニッさん,36,4089,4430,6,multi_hit_attack,0.5666,0.6392,99,1,12,いいえ,マジ☆マシニッさん / ペーチパイセン / 肉食ドゥブロさん / 愛のぴよ子 / にほりん
1,602,em-45dad5139056,ベギン改・修道女,37,4565,4467,4,revive,0.5666,0.6392,100,0,11,いいえ,ベギン改・修道女 / ペーチパイセン / 肉食ドゥブロさん / 愛のぴよ子 / にほりん
1,603,em-eece08d90093,罠なくトロイ先輩,18,4830,16,4,multi_hit_attack,0.5648,0.6519,100,0,12,いいえ,罠なくトロイ先輩 / ヤマさんヤミーさん / 肉食ドゥブロさん / おこしんMK-2 / 巨大カンテツ
1,604,em-7a8f08b97855,カルボ姉（ねえ）,18,3792,2556,1,multi_hit_attack,0.5644,0.6456,100,0,12,いいえ,カルボ姉（ねえ） / ヤマさんヤミーさん / 肉食ドゥブロさん / ブラジリアン首都術 / 巨大カンテツ
1,605,em-7b7bc6faa9ba,パティは実況勢,41,5623,3352,2,damage_reduction,0.5624,0.6392,97,3,11,いいえ,パティは実況勢 / ペーチパイセン / コンドアーズ / タミちゃんの火祭り / 巨大カンテツ
1,606,em-52b1a63b86dd,ヤマさんヤミーさん,27,1288,3220,1,attack_buff,0.5624,0.6392,98,2,12,いいえ,ヤマさんヤミーさん / ペーチパイセン / 肉食ドゥブロさん / タミちゃんの火祭り / 巨大カンテツ
1,607,em-9f9bdf00a915,ハンドフィッシュさん,27,1635,2862,3,damage_reduction,0.5624,0.6392,98,2,12,いいえ,ハンドフィッシュさん / ペーチパイセン / 肉食ドゥブロさん / タミちゃんの火祭り / 巨大カンテツ
1,608,em-480a0eef6d7b,ピカリャー射的ｽﾀｲﾙ,45,3786,3786,2,aoe_attack,0.5624,0.6392,100,0,12,いいえ,ピカリャー射的ｽﾀｲﾙ / ペーチパイセン / トマティーナ少佐 / タミちゃんの火祭り / 巨大カンテツ
1,609,em-3b47fb031e0a,上京！世界師匠,36,1704,4260,4,multi_hit_attack,0.5607,0.6329,99,1,12,いいえ,上京！世界師匠 / ペーチパイセン / 肉食ドゥブロさん / 愛のぴよ子 / にほりん
1,610,em-dfbe69861ff7,餅もちにくぁうさん,36,3449,3789,1,damage_reduction,0.5607,0.6329,99,1,12,いいえ,餅もちにくぁうさん / ペーチパイセン / 肉食ドゥブロさん / 愛のぴよ子 / にほりん
1,611,em-690b5b221287,メルクさん,17,2114,1812,2,aoe_attack,0.5585,0.6392,99,1,12,いいえ,メルクさん / ヤマさんヤミーさん / 肉食ドゥブロさん / おこしんMK-2 / 巨大カンテツ
1,612,em-6e1b672bdbe8,いやひこにゃん,18,2718,1057,3,delay,0.5585,0.6392,100,0,12,いいえ,いやひこにゃん / ヤマさんヤミーさん / 肉食ドゥブロさん / おこしんMK-2 / 巨大カンテツ
1,613,em-f3d2c338aec3,セビリアンナ先輩,18,1963,1359,0,multi_hit_attack,0.5585,0.6392,100,0,12,いいえ,セビリアンナ先輩 / ヤマさんヤミーさん / 肉食ドゥブロさん / おこしんMK-2 / 巨大カンテツ
1,614,em-a62aee8d3548,レゲエじゃまいか,40,5453,3748,4,revive,0.5545,0.6329,96,4,11,いいえ,レゲエじゃまいか / ペーチパイセン / コンドアーズ / タミちゃんの火祭り / 巨大カンテツ
1,615,em-d020ce26e899,ＴＡＳマニア先輩,40,5964,3418,3,skill_reduction,0.5545,0.6329,96,4,11,いいえ,ＴＡＳマニア先輩 / ペーチパイセン / コンドアーズ / タミちゃんの火祭り / 巨大カンテツ
1,616,em-7419b64dec0e,天の飛龍巻,42,5623,3748,2,attribute_change,0.5545,0.6329,98,2,11,いいえ,天の飛龍巻 / ペーチパイセン / コンドアーズ / タミちゃんの火祭り / 巨大カンテツ
1,617,em-215080a7a05b,?????,39,4924,4413,4,skill_reduction,0.5526,0.6329,95,5,11,いいえ,????? / ペーチパイセン / コンドアーズ / タミちゃんの火祭り / 巨大カンテツ
1,618,em-a24482970c23,ご機嫌斜めのウィーン様,42,4941,2896,5,attack_buff,0.5526,0.6329,100,0,11,いいえ,ご機嫌斜めのウィーン様 / ペーチパイセン / コンドアーズ / どーん竜馬 / 巨大カンテツ
1,619,em-3434078c33f2,橋の上のかずら,20,2012,2173,2,guard,0.5487,0.6266,93,7,12,いいえ,橋の上のかずら / ペーチパイセン / コンドアーズ / 肉食ドゥブロさん / 巨大カンテツ
1,620,em-d9bd2d5de563,コンクちゃん,20,2556,1704,1,damage_reduction,0.5487,0.6266,93,7,12,いいえ,コンクちゃん / ペーチパイセン / コンドアーズ / 肉食ドゥブロさん / 巨大カンテツ
1,621,em-271fbedbbf39,レオ,22,2737,2093,4,damage_reduction,0.5487,0.6266,95,5,12,いいえ,レオ / ペーチパイセン / コンドアーズ / 肉食ドゥブロさん / 巨大カンテツ
1,622,em-cf5373dcdc2a,コンゴーニャスパス,17,1886,1723,3,guard,0.5487,0.6266,98,2,12,いいえ,コンゴーニャスパス / アウス大先輩 / コンドアーズ / 肉食ドゥブロさん / 巨大カンテツ
1,623,em-2a2200aaa8bd,バロック神父そん,18,1993,1812,6,attribute_guard,0.5487,0.6266,99,1,12,いいえ,バロック神父そん / アウス大先輩 / コンドアーズ / 肉食ドゥブロさん / 巨大カンテツ
1,624,em-bbda291d459c,漆黒及び純白のポワン,20,1704,2896,3,guard,0.5476,0.6392,94,6,12,いいえ,漆黒及び純白のポワン / ヤマさんヤミーさん / 肉食ドゥブロさん / 愛のぴよ子 / ブラジリアン首都術
1,625,em-628e695d4365,カクラム先生,16,2256,2397,4,multi_hit_attack,0.5467,0.6266,97,3,12,いいえ,カクラム先生 / アウス大先輩 / コンドアーズ / 肉食ドゥブロさん / 巨大カンテツ
1,626,em-99eb90e0260f,傾国の二条嬢,17,2656,2495,2,attribute_guard,0.5467,0.6266,98,2,12,いいえ,傾国の二条嬢 / アウス大先輩 / コンドアーズ / 肉食ドゥブロさん / 巨大カンテツ
1,627,em-68c38b69771b,ぱんつぁーぴよ子,28,4412,3287,1,attribute_guard,0.5448,0.6266,99,1,12,いいえ,ぱんつぁーぴよ子 / ペーチパイセン / 肉食ドゥブロさん / タミちゃんの火祭り / 巨大カンテツ
1,628,em-8038935d7100,竜宮の翁,38,4771,3748,2,attack_buff,0.5429,0.6266,94,6,11,いいえ,竜宮の翁 / ペーチパイセン / コンドアーズ / タミちゃんの火祭り / 巨大カンテツ
1,629,em-640d19558093,聖なる打毬神！みるるん,19,1208,1963,2,attack_buff,0.5429,0.6203,92,8,11,いいえ,聖なる打毬神！みるるん / ペーチパイセン / コンドアーズ / 肉食ドゥブロさん / 巨大カンテツ
1,630,em-4ea698949c11,侵略成功!?イカ翁,20,1131,1272,2,revive,0.5429,0.6203,93,7,12,いいえ,侵略成功!?イカ翁 / ペーチパイセン / コンドアーズ / 肉食ドゥブロさん / 巨大カンテツ
1,631,em-34853ed0f0f8,ユーコちゃん,24,2556,1533,4,revive,0.5429,0.6203,97,3,12,いいえ,ユーコちゃん / ペーチパイセン / コンドアーズ / 肉食ドゥブロさん / 巨大カンテツ
1,632,em-79b4540e0f7f,ヤック(中の人),16,2176,2418,4,multi_hit_attack,0.5409,0.6203,97,3,12,いいえ,ヤック(中の人) / アウス大先輩 / コンドアーズ / 肉食ドゥブロさん / 巨大カンテツ
1,633,em-85dad7ff7aa2,ディヤの魔人,18,2385,1704,2,heal,0.5409,0.6203,99,1,12,いいえ,ディヤの魔人 / アウス大先輩 / コンドアーズ / 肉食ドゥブロさん / 巨大カンテツ
1,634,em-48a7e7dd243f,鮫男子・ニタりん,60,4601,7157,3,multi_hit_attack,0.5395,0.6392,98,2,11,いいえ,鮫男子・ニタりん / ペーチパイセン / コンドアーズ / 愛のぴよ子 / ハリウッドナナコ師匠
1,635,em-7547c480c963,ウミユリーず,60,4430,6475,5,skill_reduction,0.5395,0.6392,98,2,11,いいえ,ウミユリーず / ペーチパイセン / コンドアーズ / 愛のぴよ子 / ハリウッドナナコ師匠
1,636,em-d08c9e36ef51,地獄雀！阿蘇さん,17,3413,2061,1,attribute_guard,0.5389,0.6203,98,2,12,いいえ,地獄雀！阿蘇さん / アウス大先輩 / コンドアーズ / 肉食ドゥブロさん / 巨大カンテツ
1,637,em-0ba3ddcc384c,雛段芸人☆さくらんず,16,1510,1887,5,skill_reduction,0.5351,0.6139,97,3,12,いいえ,雛段芸人☆さくらんず / アウス大先輩 / コンドアーズ / 肉食ドゥブロさん / 巨大カンテツ
1,638,em-6c215846fcb0,アン・ごろう,16,1356,1189,2,attack_buff,0.5351,0.6139,97,3,12,いいえ,アン・ごろう / アウス大先輩 / コンドアーズ / 肉食ドゥブロさん / 巨大カンテツ
1,639,em-6f8dfc0a39eb,近すぎリオンさん,16,1000,1500,4,delay,0.5351,0.6139,97,3,12,いいえ,近すぎリオンさん / アウス大先輩 / コンドアーズ / 肉食ドゥブロさん / 巨大カンテツ
1,640,em-d22cc44e6b53,ニタりん,16,1090,2044,3,multi_hit_attack,0.5351,0.6139,97,3,12,いいえ,ニタりん / アウス大先輩 / コンドアーズ / 肉食ドゥブロさん / 巨大カンテツ
1,641,em-e778e99b9218,不敵な笑みのニタりん,16,1363,2556,3,multi_hit_attack,0.5351,0.6139,97,3,12,いいえ,不敵な笑みのニタりん / アウス大先輩 / コンドアーズ / 肉食ドゥブロさん / 巨大カンテツ
1,642,em-dab58d0db3e1,夕陽のカウボーイ,17,1661,1661,5,revive,0.5351,0.6139,98,2,12,いいえ,夕陽のカウボーイ / アウス大先輩 / コンドアーズ / 肉食ドゥブロさん / 巨大カンテツ
1,643,em-dce9e83b7c07,長靴履いたなろう猫,42,3786,2726,3,attribute_change,0.5351,0.6139,98,2,11,いいえ,長靴履いたなろう猫 / ペーチパイセン / コンドアーズ / タミちゃんの火祭り / 巨大カンテツ
1,644,em-5d696ecc61dd,カミキリ,75,5845,6134,1,attack_buff,0.5349,0.6392,100,0,10,いいえ,カミキリ / ペーチパイセン / ウナギーヌくん / 旧市街地の魔物 / ウシュか☆丸か
1,645,em-13a4725c1c03,砂のんべぇ,20,3220,1288,1,multi_hit_attack,0.5293,0.6076,93,7,12,いいえ,砂のんべぇ / ペーチパイセン / コンドアーズ / 肉食ドゥブロさん / 巨大カンテツ
1,646,em-bffb26ad3975,アイヌ☆らっくるん,60,2896,6645,2,attack_buff,0.5274,0.6329,99,1,11,いいえ,アイヌ☆らっくるん / ペーチパイセン / アウス大先輩 / おこしんMK-2 / ウシュか☆丸か
1,647,em-900c465878ea,たたらん先生,12,800,600,3,attack_buff,0.5264,0.5949,93,7,12,いいえ,たたらん先生 / ヤマさんヤミーさん / 愛のぴよ子 / 肉食ドゥブロさん / にほりん
1,648,em-b4d695a20bfa,ハズク姉さん,12,700,600,7,multi_hit_attack,0.5264,0.5949,93,7,12,いいえ,ハズク姉さん / ヤマさんヤミーさん / 愛のぴよ子 / 肉食ドゥブロさん / にほりん
1,649,em-dc5f853080a2,ねぶるー,12,590,630,2,attack_buff,0.5264,0.5949,93,7,12,いいえ,ねぶるー / ヤマさんヤミーさん / 愛のぴよ子 / 肉食ドゥブロさん / にほりん
1,650,em-f86c4c085efd,メガネ系ほぬー類,12,700,600,4,skill_reduction,0.5264,0.5949,93,7,12,いいえ,メガネ系ほぬー類 / ヤマさんヤミーさん / 愛のぴよ子 / 肉食ドゥブロさん / にほりん
1,651,em-4dec28ac375f,いやひこさん,13,800,500,3,delay,0.5264,0.5949,94,6,12,いいえ,いやひこさん / ヤマさんヤミーさん / 愛のぴよ子 / 肉食ドゥブロさん / にほりん
1,652,em-b343077dd75f,塚井さんは4人乗り,38,4294,3374,2,attack_buff,0.5196,0.6013,94,6,11,いいえ,塚井さんは4人乗り / ペーチパイセン / コンドアーズ / タミちゃんの火祭り / 巨大カンテツ
1,653,em-1ec49f290f1e,ʌっぴーちゃん,8,1762,634,2,heal,0.5178,0.5949,100,0,12,いいえ,ʌっぴーちゃん / 北間・クラリス嬢 / ターヌムンゴネキ / 肉食ドゥブロさん / にほりん
1,654,em-4ccfc2b986b5,舞え！どんちっちん,8,900,600,8,aoe_attack,0.5178,0.5949,100,0,12,いいえ,舞え！どんちっちん / 北間・クラリス嬢 / ターヌムンゴネキ / 肉食ドゥブロさん / にほりん
1,655,em-983228ce32d4,あっしゅTHEｷｬｯﾄ,8,1300,500,5,attribute_guard,0.5178,0.5949,100,0,12,いいえ,あっしゅTHEｷｬｯﾄ / 北間・クラリス嬢 / ターヌムンゴネキ / 肉食ドゥブロさん / にほりん
1,656,em-b791d78202d5,英国面の本気,38,6816,1363,5,multi_hit_attack,0.5177,0.6013,94,6,11,いいえ,英国面の本気 / ペーチパイセン / コンドアーズ / タミちゃんの火祭り / 巨大カンテツ
1,657,em-55828eea72b7,スーリヤ大先輩,48,5360,1951,2,aoe_attack,0.5177,0.6013,97,3,11,いいえ,スーリヤ大先輩 / ペーチパイセン / コンドアーズ / おこしんMK-2 / 巨大カンテツ
1,658,em-f7612fbdd637,大森さん,3,1000,100,5,damage_reduction,0.5142,0.5886,94,6,12,いいえ,大森さん / ヤマさんヤミーさん / コンドアーズ / 肉食ドゥブロさん / 巨大カンテツ
1,659,em-08381d79cfef,大森銀さん,5,1300,150,4,damage_reduction,0.5142,0.5886,96,4,12,いいえ,大森銀さん / ヤマさんヤミーさん / コンドアーズ / 肉食ドゥブロさん / 巨大カンテツ
1,660,em-c6a3687dad8c,ウナギーヌさん,5,900,350,2,heal,0.5142,0.5886,96,4,12,いいえ,ウナギーヌさん / ヤマさんヤミーさん / コンドアーズ / 肉食ドゥブロさん / 巨大カンテツ
1,661,em-e668f3d46f31,超・S.K.O.Tちゃん,5,950,250,5,heal,0.5142,0.5886,96,4,12,いいえ,超・S.K.O.Tちゃん / ヤマさんヤミーさん / コンドアーズ / 肉食ドゥブロさん / 巨大カンテツ
1,662,em-124dc5391da9,オクト・パップ,6,888,200,6,heal,0.5142,0.5886,97,3,12,いいえ,オクト・パップ / ヤマさんヤミーさん / コンドアーズ / 肉食ドゥブロさん / 巨大カンテツ
1,663,em-377c63de8d80,極・S.K.O.Tちゃん,6,1150,300,4,heal,0.5142,0.5886,97,3,12,いいえ,極・S.K.O.Tちゃん / ヤマさんヤミーさん / コンドアーズ / 肉食ドゥブロさん / 巨大カンテツ
1,664,em-8d9e942117e5,ウナギーヌ課長,6,1000,450,2,heal,0.5142,0.5886,97,3,12,いいえ,ウナギーヌ課長 / ヤマさんヤミーさん / コンドアーズ / 肉食ドゥブロさん / 巨大カンテツ
1,665,em-f3d5bcd42444,あっぴー先輩,6,1000,400,2,heal,0.5142,0.5886,97,3,12,いいえ,あっぴー先輩 / ヤマさんヤミーさん / コンドアーズ / 肉食ドゥブロさん / 巨大カンテツ
1,666,em-664c9287613d,阿蘇さん,8,820,500,1,attribute_guard,0.5142,0.5886,99,1,12,いいえ,阿蘇さん / ヤマさんヤミーさん / コンドアーズ / 肉食ドゥブロさん / 巨大カンテツ
1,667,em-a14b58fbc4fa,うるっしー,8,1000,400,5,guard,0.5142,0.5886,99,1,12,いいえ,うるっしー / ヤマさんヤミーさん / コンドアーズ / 肉食ドゥブロさん / 巨大カンテツ
1,668,em-bc514db974f0,化石人骨ルーシー,23,3783,2173,3,revive,0.5089,0.6013,97,3,12,いいえ,化石人骨ルーシー / ヤマさんヤミーさん / 肉食ドゥブロさん / 愛のぴよ子 / ブラジリアン首都術
1,669,em-452bfe576bb9,ねぶるータス,16,950,1350,2,attack_buff,0.5065,0.5823,97,3,12,いいえ,ねぶるータス / アウス大先輩 / コンドアーズ / 肉食ドゥブロさん / 巨大カンテツ
1,670,em-4db528322142,だいこっくん様,16,1300,1400,9,attack_buff,0.5065,0.5823,97,3,12,いいえ,だいこっくん様 / アウス大先輩 / コンドアーズ / 肉食ドゥブロさん / 巨大カンテツ
1,671,em-55bda88e7993,パンダ系メガネ,16,1300,1200,6,skill_reduction,0.5065,0.5823,97,3,12,いいえ,パンダ系メガネ / アウス大先輩 / コンドアーズ / 肉食ドゥブロさん / 巨大カンテツ
1,672,em-682cd1ab4ae4,ホーリーエンジェるん,16,1812,1661,5,attack_buff,0.5065,0.5823,97,3,12,いいえ,ホーリーエンジェるん / アウス大先輩 / コンドアーズ / 肉食ドゥブロさん / 巨大カンテツ
1,673,em-9c1df245a2ec,のぶくろお館,16,1100,1300,6,aoe_attack,0.5065,0.5823,97,3,12,いいえ,のぶくろお館 / アウス大先輩 / コンドアーズ / 肉食ドゥブロさん / 巨大カンテツ
1,674,em-f9ed70b034c7,チロ江さん,16,3020,1510,6,multi_hit_attack,0.5065,0.5823,97,3,12,いいえ,チロ江さん / アウス大先輩 / コンドアーズ / 肉食ドゥブロさん / 巨大カンテツ
1,675,em-8ece38ad97a5,デンマーくん大帝,17,1269,1057,2,guard,0.5065,0.5823,98,2,12,いいえ,デンマーくん大帝 / アウス大先輩 / コンドアーズ / 肉食ドゥブロさん / 巨大カンテツ
1,676,em-d86fc6931627,ふくしメイト・じゅん,19,1812,1661,3,skill_reduction,0.5065,0.5823,100,0,11,いいえ,ふくしメイト・じゅん / アウス大先輩 / コンドアーズ / 肉食ドゥブロさん / 巨大カンテツ
1,677,em-c37c2a529421,ディワリのｱﾗｸｼｭﾐｰ,38,4771,3408,2,heal,0.5062,0.5886,94,6,11,いいえ,ディワリのｱﾗｸｼｭﾐｰ / ペーチパイセン / コンドアーズ / タミちゃんの火祭り / 巨大カンテツ
1,678,em-21f078527946,マノすん博士,40,4771,3408,7,delay,0.5062,0.5886,96,4,11,いいえ,マノすん博士 / ペーチパイセン / コンドアーズ / タミちゃんの火祭り / 巨大カンテツ
1,679,em-8476f5773554,エーランドちゃん,30,6070,2160,7,delay,0.5044,0.5886,97,3,12,いいえ,エーランドちゃん / ヤマさんヤミーさん / コンドアーズ / おこしんMK-2 / 巨大カンテツ
1,680,em-03ca4c2f4e9d,勝手にストゥッツさん,51,6560,3786,0,attribute_change,0.5025,0.5823,100,0,11,いいえ,勝手にストゥッツさん / ペーチパイセン / コンドアーズ / ブラジリアン首都術 / 巨大カンテツ
1,681,em-c749ad6eefee,トーテムゆ～る,16,1413,1201,3,delay,0.5009,0.5759,97,3,12,いいえ,トーテムゆ～る / アウス大先輩 / コンドアーズ / 肉食ドゥブロさん / 巨大カンテツ
1,682,em-2c6fd048179d,ジョン・鮭児,23,1448,2726,0,attack_buff,0.4953,0.5696,96,4,12,いいえ,ジョン・鮭児 / ペーチパイセン / コンドアーズ / 肉食ドゥブロさん / 巨大カンテツ
1,683,em-ab565d3596f4,さんとくん先輩,10,1500,400,4,delay,0.4919,0.5633,100,0,12,いいえ,さんとくん先輩 / ヤマさんヤミーさん / トマティーナ少佐 / 肉食ドゥブロさん / 巨大カンテツ
1,684,em-c9268ab25340,大森銀さま,10,1600,200,3,damage_reduction,0.4919,0.5633,100,0,12,いいえ,大森銀さま / ヤマさんヤミーさん / トマティーナ少佐 / 肉食ドゥブロさん / 巨大カンテツ
1,685,em-f1302d2783e5,八太郎,10,1200,200,7,delay,0.4919,0.5633,100,0,12,いいえ,八太郎 / ヤマさんヤミーさん / トマティーナ少佐 / 肉食ドゥブロさん / 巨大カンテツ
1,686,em-405f3e1dc3af,べるりん★最高潮,45,5367,3663,6,attribute_guard,0.4873,0.5696,100,0,12,いいえ,べるりん★最高潮 / ペーチパイセン / トマティーナ少佐 / タミちゃんの火祭り / 巨大カンテツ
1,687,em-aff304b1eab4,日本一の桃たろす,42,4260,5964,2,attribute_change,0.4836,0.5696,98,2,11,いいえ,日本一の桃たろす / ペーチパイセン / アウス大先輩 / タミちゃんの火祭り / 巨大カンテツ
1,688,em-832edc9513ca,Ｈ・Ｆ・ウーマン,45,6305,3748,4,guard,0.4817,0.5633,100,0,12,いいえ,Ｈ・Ｆ・ウーマン / ペーチパイセン / トマティーナ少佐 / タミちゃんの火祭り / 巨大カンテツ
1,689,em-6aaeda4f2f3a,ギガキプ☆アガッシイ,35,2726,2726,4,multi_hit_attack,0.4809,0.5506,98,2,12,いいえ,ギガキプ☆アガッシイ / ペーチパイセン / 肉食ドゥブロさん / 愛のぴよ子 / にほりん
1,690,em-b8c4235090fa,バビるわバビル君。,39,5367,3441,4,damage_reduction,0.4807,0.5759,96,4,10,いいえ,バビるわバビル君。 / ペーチパイセン / 肉食ドゥブロさん / おこしんMK-2 / ブラジリアン首都術
1,691,em-13467c934268,五神合体法隆Ｇ,15,1050,550,6,guard,0.4787,0.5506,95,5,12,いいえ,五神合体法隆Ｇ / トマティーナ少佐 / コンドアーズ / 肉食ドゥブロさん / 巨大カンテツ
1,692,em-ae8585ed525d,一服のうっぴー,46,6475,3408,3,heal,0.4787,0.5506,95,5,12,いいえ,一服のうっぴー / ペーチパイセン / コンドアーズ / ブラジリアン首都術 / にほりん
1,693,em-3111e08d3ca9,ヒラズゲンセイ,40,6134,3067,0,guard,0.4779,0.5633,96,4,11,いいえ,ヒラズゲンセイ / ペーチパイセン / コンドアーズ / タミちゃんの火祭り / 巨大カンテツ
1,694,em-a44b56d26d84,聖夜の又マタドーるん,45,3919,4260,1,damage_reduction,0.4779,0.5633,100,0,12,いいえ,聖夜の又マタドーるん / ペーチパイセン / トマティーナ少佐 / タミちゃんの火祭り / 巨大カンテツ
1,695,em-7e9ffb70cffa,企業だ浅ちゃん！,32,1192,7327,4,attack_buff,0.4761,0.557,99,1,11,いいえ,企業だ浅ちゃん！ / ヤマさんヤミーさん / コンドアーズ / おこしんMK-2 / 巨大カンテツ
1,696,em-2f152df51cdc,エトナさん,50,5673,1704,1,aoe_attack,0.4761,0.557,99,1,11,いいえ,エトナさん / ペーチパイセン / コンドアーズ / ブラジリアン首都術 / 巨大カンテツ
1,697,em-85da0a137fe9,北間・クララさん,10,3561,629,1,heal,0.4745,0.5506,100,0,12,いいえ,北間・クララさん / ヤマさんヤミーさん / トマティーナ少佐 / 肉食ドゥブロさん / 巨大カンテツ
1,698,em-e0dcffe4d5d0,大魔神！せいタン降臨,44,2044,6305,4,attack_buff,0.4717,0.5696,100,0,11,いいえ,大魔神！せいタン降臨 / ペーチパイセン / 肉食ドゥブロさん / 愛のぴよ子 / おこしんMK-2
1,699,em-98054d952da8,ニート達の日常。,21,2968,296,3,delay,0.4705,0.5506,94,6,12,いいえ,ニート達の日常。 / ペーチパイセン / コンドアーズ / 肉食ドゥブロさん / 巨大カンテツ
1,700,em-549e080062a7,ぶんぶくん,22,1550,895,4,revive,0.4705,0.5506,95,5,12,いいえ,ぶんぶくん / ペーチパイセン / コンドアーズ / 肉食ドゥブロさん / 巨大カンテツ
1,701,em-955edfecd83b,天晴！ぶんぶくん,22,1883,1162,4,revive,0.4705,0.5506,95,5,12,いいえ,天晴！ぶんぶくん / ペーチパイセン / コンドアーズ / 肉食ドゥブロさん / 巨大カンテツ
1,702,em-d0ab2c82078b,デルモンテ嬢,23,3020,453,6,attribute_guard,0.4705,0.5506,96,4,12,いいえ,デルモンテ嬢 / ペーチパイセン / コンドアーズ / 肉食ドゥブロさん / 巨大カンテツ
1,703,em-fae18e323cb5,美観之介曳山ん太郎,23,2194,1597,5,aoe_attack,0.4705,0.5506,96,4,12,いいえ,美観之介曳山ん太郎 / ペーチパイセン / コンドアーズ / 肉食ドゥブロさん / 巨大カンテツ
1,704,em-595b1ebc9a59,戦え！ブルりん,16,1400,1600,4,damage_reduction,0.4705,0.5506,97,3,12,いいえ,戦え！ブルりん / ヤマさんヤミーさん / 肉食ドゥブロさん / 愛のぴよ子 / にほりん
1,705,em-8680261975a6,キタマクラさん,10,3166,558,1,heal,0.469,0.5443,100,0,12,いいえ,キタマクラさん / ヤマさんヤミーさん / トマティーナ少佐 / 肉食ドゥブロさん / 巨大カンテツ
1,706,em-e7a0d1a547b6,ラス・マノスんさん,10,1979,494,1,aoe_attack,0.469,0.5443,100,0,12,いいえ,ラス・マノスんさん / ヤマさんヤミーさん / トマティーナ少佐 / 肉食ドゥブロさん / 巨大カンテツ
1,707,em-bc6da5addf52,桜ブーナッド,46,5547,4013,5,heal,0.4686,0.5506,95,5,12,いいえ,桜ブーナッド / ペーチパイセン / コンドアーズ / ブラジリアン首都術 / 巨大カンテツ
1,708,em-27802083d7f5,チュニスさん,50,5964,3919,4,skill_reduction,0.4686,0.5506,99,1,11,いいえ,チュニスさん / ペーチパイセン / コンドアーズ / ブラジリアン首都術 / 巨大カンテツ
1,709,em-2b266990d35f,エトナさん・ＦＸ,50,5673,2130,1,aoe_attack,0.4686,0.5506,99,1,11,いいえ,エトナさん・ＦＸ / ペーチパイセン / コンドアーズ / ブラジリアン首都術 / 巨大カンテツ
1,710,em-1e8ec25622df,切間・ンジャロさん,39,5871,3442,4,skill_reduction,0.4671,0.5696,100,0,11,いいえ,切間・ンジャロさん / ペーチパイセン / 肉食ドゥブロさん / タミちゃんの火祭り / ハリウッドナナコ師匠
1,711,em-361f82120d03,オイボくん,40,6645,2556,2,attack_buff,0.4611,0.5443,96,4,11,いいえ,オイボくん / ペーチパイセン / コンドアーズ / タミちゃんの火祭り / 巨大カンテツ
1,712,em-9b1b7dceab8e,ブダ山ペスト太郎,40,6305,2044,0,damage_reduction,0.4603,0.557,96,4,12,いいえ,ブダ山ペスト太郎 / ペーチパイセン / 肉食ドゥブロさん / 愛のぴよ子 / ブラジリアン首都術
1,713,em-4d47f8a702ed,モヘン女ダロぉ,47,3374,6202,1,damage_reduction,0.4598,0.5633,100,0,11,いいえ,モヘン女ダロぉ / ペーチパイセン / 肉食ドゥブロさん / 愛のぴよ子 / ハリウッドナナコ師匠
1,714,em-34a894a8519d,ロロ先輩,16,1100,1400,6,revive,0.4595,0.538,97,3,12,いいえ,ロロ先輩 / ヤマさんヤミーさん / 肉食ドゥブロさん / 愛のぴよ子 / にほりん
1,715,em-bca5e711ca4b,あろま・シュワー,16,1060,1201,5,revive,0.4595,0.538,97,3,12,いいえ,あろま・シュワー / ヤマさんヤミーさん / 肉食ドゥブロさん / 愛のぴよ子 / にほりん
1,716,em-ad084af57188,魔法使い らくがーる,38,4601,3663,2,attack_buff,0.4575,0.5443,94,6,11,いいえ,魔法使い らくがーる / ペーチパイセン / コンドアーズ / タミちゃんの火祭り / 巨大カンテツ
1,717,em-c0b8a38b4040,鹿喰らいの狼マン,47,4771,3748,2,multi_hit_attack,0.4556,0.538,96,4,11,いいえ,鹿喰らいの狼マン / ペーチパイセン / コンドアーズ / ブラジリアン首都術 / 巨大カンテツ
1,718,em-845ebf2f059a,うどんの女神,39,4771,2385,2,multi_hit_attack,0.454,0.557,100,0,11,いいえ,うどんの女神 / ペーチパイセン / 肉食ドゥブロさん / タミちゃんの火祭り / ハリウッドナナコ師匠
1,719,em-a78326864213,発音王・S・サイアン,88,10650,6560,8,attack_buff,0.4539,0.5633,100,0,8,いいえ,発音王・S・サイアン / かずらちゃん / デンマーくん / くーさん / 竹輪先生
1,720,em-76691ebd833d,特攻のびゃこ,38,2641,6219,2,attack_buff,0.4525,0.557,100,0,11,いいえ,特攻のびゃこ / ペーチパイセン / トマティーナ少佐 / 肉食ドゥブロさん / ウシュか☆丸か
1,721,em-e7480334e10e,脱力系アテナ,33,4186,1610,0,attack_buff,0.452,0.5316,100,0,12,いいえ,脱力系アテナ / ヤマさんヤミーさん / コンドアーズ / おこしんMK-2 / 巨大カンテツ
1,722,em-c86ef788e307,ベルりん絶好調,40,4089,4686,5,attribute_guard,0.4519,0.538,96,4,11,いいえ,ベルりん絶好調 / ペーチパイセン / コンドアーズ / タミちゃんの火祭り / 巨大カンテツ
1,723,em-378cec222ec5,熱ぅい！地獄雀,45,5964,3408,5,revive,0.4501,0.5316,100,0,12,いいえ,熱ぅい！地獄雀 / ペーチパイセン / トマティーナ少佐 / タミちゃんの火祭り / 巨大カンテツ
1,724,em-f4980131820e,ﾊﾛｳｨﾝのヴラドさん,41,4089,1757,2,damage_reduction,0.4482,0.5316,97,3,11,いいえ,ﾊﾛｳｨﾝのヴラドさん / ペーチパイセン / コンドアーズ / タミちゃんの火祭り / 巨大カンテツ
1,725,em-698af6462642,反魂タン昼食TIME,32,3067,5623,4,attack_buff,0.4466,0.5253,99,1,12,いいえ,反魂タン昼食TIME / ヤマさんヤミーさん / コンドアーズ / おこしんMK-2 / 巨大カンテツ
1,726,em-bb22778026f9,吸血さん,43,6645,2839,1,attribute_guard,0.4446,0.5253,99,1,12,いいえ,吸血さん / ペーチパイセン / コンドアーズ / タミちゃんの火祭り / 巨大カンテツ
1,727,em-a3563f41a151,ラクダンデス隊長,38,4941,3578,2,guard,0.4411,0.5443,99,1,11,いいえ,ラクダンデス隊長 / ペーチパイセン / 肉食ドゥブロさん / タミちゃんの火祭り / ハリウッドナナコ師匠
1,728,em-c4663d98c2ff,海・百合男,33,3748,4430,5,skill_reduction,0.4411,0.519,100,0,12,いいえ,海・百合男 / ヤマさんヤミーさん / コンドアーズ / おこしんMK-2 / 巨大カンテツ
1,729,em-4a6952f30578,愛犬八太郎,11,1700,300,6,delay,0.4392,0.519,100,0,12,いいえ,愛犬八太郎 / ヤマさんヤミーさん / 肉食ドゥブロさん / タミちゃんの火祭り / 巨大カンテツ
1,730,em-ee43bce0e25f,vにゅーさん,51,3567,5271,1,damage_reduction,0.4354,0.538,100,0,11,いいえ,vにゅーさん / ペーチパイセン / アウス大先輩 / おこしんMK-2 / 巨大カンテツ
1,731,em-23638c0715eb,ばけごろう,30,1757,5743,1,attribute_change,0.4338,0.5127,97,3,12,いいえ,ばけごろう / ヤマさんヤミーさん / コンドアーズ / おこしんMK-2 / 巨大カンテツ
1,732,em-b54ea6cda2a4,塚井さん,38,3817,2999,2,attack_buff,0.4317,0.519,94,6,11,いいえ,塚井さん / ペーチパイセン / コンドアーズ / タミちゃんの火祭り / 巨大カンテツ
1,733,em-cf71633a3be4,真・やよいチゥりっぷ,12,1500,300,3,attribute_change,0.4304,0.5063,93,7,12,いいえ,真・やよいチゥりっぷ / アウス大先輩 / コンドアーズ / 肉食ドゥブロさん / 巨大カンテツ
1,734,em-a91beec21e3d,やよいチゥりっぷ☆神,13,2957,563,2,attribute_change,0.4304,0.5063,94,6,12,いいえ,やよいチゥりっぷ☆神 / アウス大先輩 / コンドアーズ / 肉食ドゥブロさん / 巨大カンテツ
1,735,em-3a3a23655699,とりころん・ぴー子,16,1200,300,7,attribute_change,0.4304,0.5063,97,3,12,いいえ,とりころん・ぴー子 / アウス大先輩 / コンドアーズ / 肉食ドゥブロさん / 巨大カンテツ
1,736,em-17a8d3f2a8d3,牛迫 角子さん,31,3282,4260,1,attack_buff,0.4304,0.5063,98,2,12,いいえ,牛迫 角子さん / ヤマさんヤミーさん / コンドアーズ / おこしんMK-2 / 巨大カンテツ
1,737,em-7a5536e43124,因幡WAHHH!!,31,3578,4771,4,attack_buff,0.4304,0.5063,98,2,12,いいえ,因幡WAHHH!! / ヤマさんヤミーさん / コンドアーズ / おこしんMK-2 / 巨大カンテツ
1,738,em-1b9a55c9478e,熊犬八太郎,12,2100,400,6,delay,0.4284,0.5063,93,7,12,いいえ,熊犬八太郎 / アウス大先輩 / コンドアーズ / 肉食ドゥブロさん / 巨大カンテツ
1,739,em-01325fd9f459,いやひこさま,16,1200,600,3,delay,0.4284,0.5063,97,3,12,いいえ,いやひこさま / アウス大先輩 / コンドアーズ / 肉食ドゥブロさん / 巨大カンテツ
1,740,em-99460641a41d,奇岩妖精ペリバじゃん,40,6816,852,3,attack_buff,0.428,0.5127,96,4,11,いいえ,奇岩妖精ペリバじゃん / ペーチパイセン / コンドアーズ / タミちゃんの火祭り / 巨大カンテツ
1,741,em-59482d256e11,大森銀佐摩,15,2679,352,2,damage_reduction,0.4272,0.5,96,4,12,いいえ,大森銀佐摩 / ヤマさんヤミーさん / 肉食ドゥブロさん / 愛のぴよ子 / にほりん
1,742,em-6d1e4c915f30,チートモードな楽趣味さん,48,5964,1278,1,multi_hit_attack,0.4245,0.5063,97,3,11,いいえ,チートモードな楽趣味さん / ペーチパイセン / コンドアーズ / ブラジリアン首都術 / 巨大カンテツ
1,743,em-cc1dd429dace,?????,58,4171,4737,1,damage_reduction,0.4226,0.5063,99,1,11,いいえ,????? / ペーチパイセン / コンドアーズ / 愛のぴよ子 / おこしんMK-2
1,744,em-e42e99273751,輪島のうるっしー,12,1200,500,4,guard,0.422,0.4937,93,7,12,いいえ,輪島のうるっしー / ヤマさんヤミーさん / 肉食ドゥブロさん / 愛のぴよ子 / にほりん
1,745,em-f6360fa6b0ca,伝統のうるっしー,16,1800,600,4,guard,0.422,0.4937,97,3,12,いいえ,伝統のうるっしー / ヤマさんヤミーさん / 肉食ドゥブロさん / 愛のぴよ子 / にほりん
1,746,em-a8e1bfbd68cd,秋のタツタちゃん,80,10224,4771,4,multi_hit_attack,0.4209,0.5316,100,0,7,いいえ,秋のタツタちゃん / ウナギーヌくん / 覚醒けいび / 旧市街地の魔物 / 大森さん
1,747,em-faea6a503d7f,討ち入り☆花子,58,5350,4907,3,aoe_attack,0.4191,0.5,99,1,11,いいえ,討ち入り☆花子 / ペーチパイセン / コンドアーズ / 愛のぴよ子 / おこしんMK-2
1,748,em-2905dc6523ff,都会の貴腐人,44,6475,2811,6,revive,0.419,0.5063,100,0,11,いいえ,都会の貴腐人 / ペーチパイセン / コンドアーズ / タミちゃんの火祭り / 巨大カンテツ
1,749,em-814e01d05463,非伝説の潮真,60,7535,2423,1,attribute_guard,0.4166,0.5253,99,1,11,いいえ,非伝説の潮真 / ペーチパイセン / コンドアーズ / おこしんMK-2 / ウシュか☆丸か
1,750,em-40bd3b1e44fa,五月病の悪魔の契約,55,4123,4226,4,aoe_attack,0.4118,0.4937,96,4,10,いいえ,五月病の悪魔の契約 / ペーチパイセン / コンドアーズ / 愛のぴよ子 / おこしんMK-2
1,751,em-1fcc8f4c1ae3,ヴェルサイユの朝,45,2556,6645,5,attack_buff,0.411,0.519,98,2,12,いいえ,ヴェルサイユの朝 / ペーチパイセン / 肉食ドゥブロさん / 愛のぴよ子 / ウシュか☆丸か
1,752,em-73250febc8f5,財閥だ浅ちゃん！,38,2556,7327,4,multi_hit_attack,0.411,0.519,99,1,11,いいえ,財閥だ浅ちゃん！ / ペーチパイセン / 肉食ドゥブロさん / タミちゃんの火祭り / ハリウッドナナコ師匠
1,753,em-9fe53d26e9cb,ロイ・マタ先輩,46,2726,6816,3,multi_hit_attack,0.411,0.519,100,0,12,いいえ,ロイ・マタ先輩 / ペーチパイセン / 肉食ドゥブロさん / ブラジリアン首都術 / ウシュか☆丸か
1,754,em-7914d5cdb04d,芋神よしあき,32,4130,2753,3,multi_hit_attack,0.4104,0.4873,99,1,12,いいえ,芋神よしあき / ヤマさんヤミーさん / コンドアーズ / おこしんMK-2 / 巨大カンテツ
1,755,em-251adb8af3dc,にくぁう餃子権現,30,1365,3638,4,attack_buff,0.4052,0.481,97,3,12,いいえ,にくぁう餃子権現 / ヤマさんヤミーさん / コンドアーズ / おこしんMK-2 / 巨大カンテツ
1,756,em-fa2d14d3eb33,大天姿☆ぴよ子,46,7572,756,5,skill_reduction,0.4049,0.5055,100,0,12,いいえ,大天姿☆ぴよ子 / ペーチパイセン / 肉食ドゥブロさん / おこしんMK-2 / ウシュか☆丸か
1,757,em-d3aec6288103,カニシカ大先生,39,6034,1440,5,heal,0.4026,0.5063,100,0,11,いいえ,カニシカ大先生 / ペーチパイセン / 肉食ドゥブロさん / タミちゃんの火祭り / ハリウッドナナコ師匠
1,758,em-9ffce070b31f,レモなんとかさん,40,5793,2215,3,revive,0.4009,0.4873,96,4,11,いいえ,レモなんとかさん / ペーチパイセン / コンドアーズ / タミちゃんの火祭り / 巨大カンテツ
1,759,em-d77542ffe604,?????,42,6475,3067,2,attack_buff,0.3955,0.481,98,2,11,いいえ,????? / ペーチパイセン / コンドアーズ / タミちゃんの火祭り / 巨大カンテツ
1,760,em-076ae15080b8,ゾウムシ,40,7293,2044,7,damage_reduction,0.3902,0.4747,96,4,11,いいえ,ゾウムシ / ペーチパイセン / コンドアーズ / タミちゃんの火祭り / 巨大カンテツ
1,761,em-e49404c0e4be,?????,43,5350,2712,3,attack_buff,0.3902,0.4747,99,1,11,いいえ,????? / ペーチパイセン / コンドアーズ / タミちゃんの火祭り / 巨大カンテツ
1,762,em-f53bffc021ea,曲弾動物ウーミン,33,2999,3544,5,skill_reduction,0.3897,0.462,100,0,12,いいえ,曲弾動物ウーミン / ヤマさんヤミーさん / コンドアーズ / おこしんMK-2 / 巨大カンテツ
1,763,em-a9738b409d24,カジランガ守り隊員,45,7668,1533,2,attack_buff,0.387,0.4937,99,1,12,いいえ,カジランガ守り隊員 / ペーチパイセン / 肉食ドゥブロさん / おこしんMK-2 / ウシュか☆丸か
1,764,em-d5465017bfd1,チュパカブ先輩,59,4819,2811,1,heal,0.3866,0.4747,100,0,11,いいえ,チュパカブ先輩 / ペーチパイセン / コンドアーズ / 愛のぴよ子 / おこしんMK-2
1,765,em-89a1a863b8a0,ベファーナさん二千歳,46,7200,1874,1,multi_hit_attack,0.3844,0.4873,99,1,12,いいえ,ベファーナさん二千歳 / ペーチパイセン / 肉食ドゥブロさん / 愛のぴよ子 / ウシュか☆丸か
1,766,em-983cb2f685ee,再びニートだ浅ちゃん,40,2044,6816,2,attack_buff,0.3829,0.4873,96,4,11,いいえ,再びニートだ浅ちゃん / ペーチパイセン / アウス大先輩 / タミちゃんの火祭り / 巨大カンテツ
1,767,em-824a4dbb010c,守護天狗くまのたん,41,1874,7668,3,aoe_attack,0.3829,0.4873,97,3,11,いいえ,守護天狗くまのたん / ペーチパイセン / アウス大先輩 / タミちゃんの火祭り / 巨大カンテツ
1,768,em-01ed0ad1bb88,ムガるぞ！フマゆん,78,8350,6805,3,aoe_attack,0.3827,0.4937,99,1,9,いいえ,ムガるぞ！フマゆん / ウナギーヌくん / 愛のぴよ子 / おこしんMK-2 / 大森さん
1,769,em-cdd7690ef318,京都コーラマン,59,5959,2800,4,damage_reduction,0.3814,0.4747,100,0,11,いいえ,京都コーラマン / ペーチパイセン / アウス大先輩 / 愛のぴよ子 / おこしんMK-2
1,770,em-8765daafca7a,トマティーナ中佐,40,3748,2130,2,multi_hit_attack,0.3778,0.462,96,4,11,いいえ,トマティーナ中佐 / ペーチパイセン / コンドアーズ / タミちゃんの火祭り / 巨大カンテツ
1,771,em-dbd545e946e6,嫁劇！くーにゃん,40,2556,6816,4,attack_buff,0.3774,0.481,96,4,11,いいえ,嫁劇！くーにゃん / ペーチパイセン / アウス大先輩 / タミちゃんの火祭り / 巨大カンテツ
1,772,em-4e3940289203,スーパー軍師兵衛ズ,60,7838,2385,3,skill_reduction,0.3765,0.4747,98,2,11,いいえ,スーパー軍師兵衛ズ / ペーチパイセン / コンドアーズ / 愛のぴよ子 / ハリウッドナナコ師匠
1,773,em-a5e1e009bda8,くまのたん伝説,80,8861,8179,5,attack_buff,0.3701,0.481,100,0,7,いいえ,くまのたん伝説 / ウナギーヌくん / 覚醒けいび / 旧市街地の魔物 / 大森さん
1,774,em-daac43f51729,四悪妖・鵺,88,9542,5964,1,attribute_change,0.3701,0.481,100,0,8,いいえ,四悪妖・鵺 / かずらちゃん / デンマーくん / くーさん / 竹輪先生
1,775,em-d90aa04af44f,グウィネズ兄弟,34,2066,3197,5,multi_hit_attack,0.3692,0.4494,100,0,11,いいえ,グウィネズ兄弟 / ヤマさんヤミーさん / コンドアーズ / 愛のぴよ子 / 巨大カンテツ
1,776,em-e5fb3c6a3323,ガジュ・まる子さん,34,3748,4430,5,revive,0.3692,0.4494,100,0,11,いいえ,ガジュ・まる子さん / ヤマさんヤミーさん / コンドアーズ / 愛のぴよ子 / 巨大カンテツ
1,777,em-8a030b3f4f33,無給の皇帝,44,4601,2790,2,damage_reduction,0.3689,0.4557,100,0,11,いいえ,無給の皇帝 / ペーチパイセン / コンドアーズ / タミちゃんの火祭り / 巨大カンテツ
1,778,em-433922ef3e4e,夏至祭のぺた也君,53,7266,2153,2,skill_reduction,0.3673,0.462,94,6,10,いいえ,夏至祭のぺた也君 / ペーチパイセン / コンドアーズ / 愛のぴよ子 / ブラジリアン首都術
1,779,em-66075c4def49,K・Y・イマガワ,40,5793,3237,5,attack_buff,0.3636,0.4494,96,4,11,いいえ,K・Y・イマガワ / ペーチパイセン / コンドアーズ / タミちゃんの火祭り / 巨大カンテツ
1,780,em-edb254f0a679,カナちゃんのなごみ,41,5453,3408,2,heal,0.3584,0.443,97,3,11,いいえ,カナちゃんのなごみ / ペーチパイセン / コンドアーズ / タミちゃんの火祭り / 巨大カンテツ
1,781,em-760bb0daf1c9,ゲキ悪オヤジ(神),53,5112,5112,6,delay,0.3583,0.4494,99,1,10,いいえ,ゲキ悪オヤジ(神) / ペーチパイセン / 愛のぴよ子 / タミちゃんの火祭り / にほりん
1,782,em-f4025e805468,best of 長田さん,50,3500,7000,1,attribute_change,0.3555,0.4557,99,1,11,いいえ,best of 長田さん / ペーチパイセン / コンドアーズ / ブラジリアン首都術 / 巨大カンテツ
1,783,em-db7ee0abcada,ＫＲ２ジョーの戦い,30,2385,4601,3,damage_reduction,0.3525,0.4557,96,4,12,いいえ,ＫＲ２ジョーの戦い / ペーチパイセン / コンドアーズ / 肉食ドゥブロさん / ブラジリアン首都術
1,784,em-b8872ecc31c1,オバケな☆らんちぇん,31,1533,5367,5,attribute_guard,0.3525,0.4557,97,3,12,いいえ,オバケな☆らんちぇん / ペーチパイセン / コンドアーズ / 肉食ドゥブロさん / ブラジリアン首都術
1,785,em-681c8662f2b6,まさか殿(ｼﾞｬｰｼﾞ),55,6475,3748,6,delay,0.3519,0.4304,96,4,11,いいえ,まさか殿(ｼﾞｬｰｼﾞ) / ペーチパイセン / コンドアーズ / 愛のぴよ子 / おこしんMK-2
1,786,em-36d4f380dee2,ギャングなウツ雄様,60,4856,4856,5,damage_reduction,0.3514,0.4367,99,1,10,いいえ,ギャングなウツ雄様 / ペーチパイセン / 愛のぴよ子 / ブラジリアン首都術 / にほりん
1,787,em-b17b3174de7d,ネギtheフィクサー,45,2405,5135,3,damage_reduction,0.3483,0.4114,100,0,11,いいえ,ネギtheフィクサー / トマティーナ少佐 / コンドアーズ / 愛のぴよ子 / にほりん
1,788,em-d74e6be8b4b9,クビキリギス,40,3800,3544,4,damage_reduction,0.3481,0.4304,100,0,11,いいえ,クビキリギス / ペーチパイセン / ターヌムンゴネキ / おこしんMK-2 / ブラジリアン首都術
1,789,em-f9fcb91b983d,アエネウスと弟くん,60,4175,4175,0,damage_reduction,0.3464,0.443,100,0,11,いいえ,アエネウスと弟くん / ペーチパイセン / トマティーナ少佐 / 愛のぴよ子 / ブラジリアン首都術
1,790,em-ad82a61bcc2a,ｺﾄﾖﾛ!巳ーちゃん様,55,6901,3451,4,damage_reduction,0.3462,0.4304,94,6,11,いいえ,ｺﾄﾖﾛ!巳ーちゃん様 / ペーチパイセン / 愛のぴよ子 / ブラジリアン首都術 / にほりん
1,791,em-f5955c15b029,ばんば新年2026,60,7668,3438,1,attack_buff,0.3448,0.443,99,1,11,いいえ,ばんば新年2026 / ペーチパイセン / アウス大先輩 / おこしんMK-2 / ウシュか☆丸か
1,792,em-4c03ad40dce9,源のゴライコー,75,7923,6390,4,attack_buff,0.3427,0.4367,100,0,10,いいえ,源のゴライコー / ペーチパイセン / ウナギーヌくん / おこしんMK-2 / ハリウッドナナコ師匠
1,793,em-e51e56c23fa1,上級国民ロヴィーサ,44,2832,2984,4,attribute_guard,0.3412,0.4051,100,0,11,いいえ,上級国民ロヴィーサ / トマティーナ少佐 / コンドアーズ / ブラジリアン首都術 / にほりん
1,794,em-e128354ca2de,シュレーダー帝,31,1795,3097,6,revive,0.3401,0.443,97,3,12,いいえ,シュレーダー帝 / ペーチパイセン / コンドアーズ / 肉食ドゥブロさん / ブラジリアン首都術
1,795,em-276d7f996bbe,竜也エボリューション,49,2044,6305,3,attack_buff,0.3378,0.4367,98,2,11,いいえ,竜也エボリューション / ペーチパイセン / コンドアーズ / おこしんMK-2 / 巨大カンテツ
1,796,em-41c5d9f739e4,健やか泰三,44,3052,5964,5,revive,0.3325,0.4304,100,0,11,いいえ,健やか泰三 / ペーチパイセン / 肉食ドゥブロさん / 愛のぴよ子 / おこしんMK-2
1,797,em-a818769b8b91,田島の春,44,1618,5112,2,multi_hit_attack,0.3325,0.4304,100,0,11,いいえ,田島の春 / ペーチパイセン / 肉食ドゥブロさん / 愛のぴよ子 / おこしんMK-2
1,798,em-eea7e5ad714b,饅頭石餅子,30,3433,4114,5,attribute_guard,0.3278,0.4304,96,4,12,いいえ,饅頭石餅子 / ペーチパイセン / コンドアーズ / 肉食ドゥブロさん / ブラジリアン首都術
1,799,em-2c691fe63d0d,ブッシュドノエルん,38,3652,5354,2,attack_buff,0.3248,0.4304,100,0,11,いいえ,ブッシュドノエルん / ペーチパイセン / トマティーナ少佐 / 肉食ドゥブロさん / ウシュか☆丸か
1,800,em-41b8799b7505,まおーちゃん,50,3748,4941,3,revive,0.3201,0.4114,99,1,12,いいえ,まおーちゃん / ペーチパイセン / コンドアーズ / ブラジリアン首都術 / 巨大カンテツ
1,801,em-7f6d8a20493b,寝起きのクラリス,60,7668,1704,0,heal,0.3156,0.4177,99,1,11,いいえ,寝起きのクラリス / ペーチパイセン / アウス大先輩 / おこしんMK-2 / ウシュか☆丸か
1,802,em-e8331e3aec6c,辰の子ぴよ子,70,6898,4089,10,multi_hit_attack,0.3151,0.4241,99,1,9,いいえ,辰の子ぴよ子 / ペーチパイセン / 愛のぴよ子 / 旧市街地の魔物 / ウシュか☆丸か
1,803,em-2eebc4f8633d,すわっ！かつより君,60,5350,4771,5,aoe_attack,0.3151,0.4114,98,2,11,いいえ,すわっ！かつより君 / ペーチパイセン / コンドアーズ / 愛のぴよ子 / ハリウッドナナコ師匠
1,804,em-4805525cb8a4,ｴﾝｾﾞﾘｯｸ☆エンゼル,60,6816,4771,3,heal,0.3135,0.4114,99,1,11,いいえ,ｴﾝｾﾞﾘｯｸ☆エンゼル / ペーチパイセン / コンドアーズ / ブラジリアン首都術 / ハリウッドナナコ師匠
1,805,em-dff6ba115611,トゥーさん,44,3067,3067,3,revive,0.3135,0.4114,100,0,11,いいえ,トゥーさん / ペーチパイセン / 肉食ドゥブロさん / 愛のぴよ子 / おこしんMK-2
1,806,em-cc181917eaeb,無双中な宗茂さん,60,6405,4941,2,aoe_attack,0.3082,0.4051,98,2,11,いいえ,無双中な宗茂さん / ペーチパイセン / コンドアーズ / 愛のぴよ子 / ハリウッドナナコ師匠
1,807,em-9ec6297ea6ca,バスてとにゃん,38,4260,4771,3,attack_buff,0.3051,0.4051,98,2,10,いいえ,バスてとにゃん / トマティーナ少佐 / 肉食ドゥブロさん / 愛のぴよ子 / ハリウッドナナコ師匠
1,808,em-337e85c2cd90,ユーコ☆スターダスト,60,6053,4354,4,revive,0.3014,0.3987,98,2,11,いいえ,ユーコ☆スターダスト / ペーチパイセン / コンドアーズ / 愛のぴよ子 / ハリウッドナナコ師匠
1,809,em-14092b64f08d,コハク糖の魔導師,46,4379,5367,3,attribute_change,0.3012,0.3924,95,5,11,いいえ,コハク糖の魔導師 / ペーチパイセン / コンドアーズ / ブラジリアン首都術 / 巨大カンテツ
1,810,em-ad53908276ac,ピコ島ぴーこ,47,4007,5112,1,heal,0.3012,0.3924,96,4,11,いいえ,ピコ島ぴーこ / ペーチパイセン / コンドアーズ / ブラジリアン首都術 / 巨大カンテツ
1,811,em-8660ff550c92,うどんの天使,40,3067,3748,1,attack_buff,0.2998,0.3987,96,4,11,いいえ,うどんの天使 / ペーチパイセン / アウス大先輩 / タミちゃんの火祭り / 巨大カンテツ
1,812,em-49b522eac464,ジェヴォたんは狼？,43,3006,6022,4,multi_hit_attack,0.2998,0.3987,99,1,12,いいえ,ジェヴォたんは狼？ / ペーチパイセン / アウス大先輩 / タミちゃんの火祭り / 巨大カンテツ
1,813,em-4206205a0bb1,リュウ・ツカイ,60,5708,4515,2,attack_buff,0.2979,0.3924,98,2,11,いいえ,リュウ・ツカイ / ペーチパイセン / コンドアーズ / 愛のぴよ子 / ハリウッドナナコ師匠
1,814,em-3e7e7e54a83d,妖精女王ミカーンニア,45,3408,4771,2,skill_reduction,0.2979,0.3924,100,0,12,いいえ,妖精女王ミカーンニア / ペーチパイセン / トマティーナ少佐 / タミちゃんの火祭り / 巨大カンテツ
1,815,em-83113af84b95,降臨☆三原色ばうあー,45,3578,5868,5,aoe_attack,0.2979,0.3924,100,0,12,いいえ,降臨☆三原色ばうあー / ペーチパイセン / トマティーナ少佐 / タミちゃんの火祭り / 巨大カンテツ
1,816,em-7d756ba8373e,謹賀新年のびゃこ,47,2300,6219,4,attack_buff,0.2967,0.3987,100,0,11,いいえ,謹賀新年のびゃこ / ペーチパイセン / 肉食ドゥブロさん / 愛のぴよ子 / ハリウッドナナコ師匠
1,817,em-09abce425d92,超悦者・有砂小町,60,5453,5453,5,attribute_change,0.2962,0.3924,98,2,11,いいえ,超悦者・有砂小町 / ペーチパイセン / コンドアーズ / 愛のぴよ子 / ハリウッドナナコ師匠
1,818,em-5c46e7a79c7f,ギャルド・スイス先輩,45,3408,5453,4,multi_hit_attack,0.2961,0.3861,94,6,12,いいえ,ギャルド・スイス先輩 / ペーチパイセン / コンドアーズ / ブラジリアン首都術 / 巨大カンテツ
1,819,em-682cda3863fb,脱力コンビあろま＆るる,48,3067,5623,2,skill_reduction,0.2961,0.3861,97,3,11,いいえ,脱力コンビあろま＆るる / ペーチパイセン / コンドアーズ / ブラジリアン首都術 / 巨大カンテツ
1,820,em-2849b1a72ff2,生足魅惑の☆ハクさん,80,11246,5112,5,attack_buff,0.2947,0.3797,100,0,7,いいえ,生足魅惑の☆ハクさん / ペーチパイセン / オリバーTHEドッグ / デンマーくん / 竹輪先生
1,821,em-6cd949ff7539,?????,53,1842,6475,2,guard,0.2861,0.3734,99,1,11,いいえ,????? / ペーチパイセン / 愛のぴよ子 / タミちゃんの火祭り / にほりん
1,822,em-7a57f923ab2c,ありえんキャット様,61,6069,5622,1,attribute_change,0.2843,0.3797,99,1,10,いいえ,ありえんキャット様 / ペーチパイセン / コンドアーズ / 愛のぴよ子 / ハリウッドナナコ師匠
1,823,em-8cb75e870411,マンいーたち,50,3408,6816,4,aoe_attack,0.2843,0.3734,99,1,11,いいえ,マンいーたち / ペーチパイセン / コンドアーズ / ブラジリアン首都術 / 巨大カンテツ
1,824,em-b1988954d3bc,織田フィナーレ,50,2556,5964,5,multi_hit_attack,0.2843,0.3734,99,1,11,いいえ,織田フィナーレ / ペーチパイセン / コンドアーズ / ブラジリアン首都術 / 巨大カンテツ
1,825,em-8522b1e6c291,百華百彩久連子,55,5282,5282,3,multi_hit_attack,0.2819,0.3608,96,4,11,いいえ,百華百彩久連子 / ペーチパイセン / コンドアーズ / 愛のぴよ子 / おこしんMK-2
1,826,em-cdd2ac5f0a12,クイーンなコンク様,44,3578,2385,1,damage_reduction,0.2792,0.3734,100,0,11,いいえ,クイーンなコンク様 / ペーチパイセン / 愛のぴよ子 / 肉食ドゥブロさん / ブラジリアン首都術
1,827,em-039b9996f6f0,おろろセット先輩,45,1363,5623,5,delay,0.2792,0.3734,100,0,12,いいえ,おろろセット先輩 / ペーチパイセン / トマティーナ少佐 / タミちゃんの火祭り / 巨大カンテツ
1,828,em-960c8d1446c2,GC・アガッシィΩ,42,3578,3578,4,multi_hit_attack,0.2776,0.3734,98,2,11,いいえ,GC・アガッシィΩ / ペーチパイセン / 肉食ドゥブロさん / 愛のぴよ子 / おこしんMK-2
1,829,em-3dc0af65e330,ランたんちゃん,43,3425,5295,2,attribute_change,0.276,0.3734,99,1,11,いいえ,ランたんちゃん / ペーチパイセン / アウス大先輩 / タミちゃんの火祭り / 巨大カンテツ
1,830,em-80d193bc7d7f,あ、シュールさんだ。,43,3408,5112,6,revive,0.276,0.3734,99,1,12,いいえ,あ、シュールさんだ。 / ペーチパイセン / アウス大先輩 / タミちゃんの火祭り / 巨大カンテツ
1,831,em-32f5c4968406,正月カナちゃん。,66,5282,5282,6,revive,0.275,0.3797,98,2,10,いいえ,正月カナちゃん。 / ペーチパイセン / 愛のぴよ子 / おこしんMK-2 / ブラジリアン首都術
1,832,em-b27009a57b71,架けろきしわだっしー,49,1559,6672,3,attack_buff,0.2726,0.3608,98,2,11,いいえ,架けろきしわだっしー / ペーチパイセン / コンドアーズ / おこしんMK-2 / 巨大カンテツ
1,833,em-ccfeb40e6439,更にThe★Youなリバ子,50,1509,5770,0,heal,0.2726,0.3608,99,1,12,いいえ,更にThe★Youなリバ子 / ペーチパイセン / コンドアーズ / ブラジリアン首都術 / 巨大カンテツ
1,834,em-32dd2642183e,ハイパーハンギョジン,60,5889,3996,3,attack_buff,0.2725,0.3671,98,2,11,いいえ,ハイパーハンギョジン / ペーチパイセン / コンドアーズ / 愛のぴよ子 / ハリウッドナナコ師匠
1,835,em-e15fbf6ecd0c,シャーロック&エッジュ,41,4260,5112,2,skill_reduction,0.2692,0.3671,97,3,11,いいえ,シャーロック&エッジュ / ペーチパイセン / アウス大先輩 / タミちゃんの火祭り / 巨大カンテツ
1,836,em-9372502bc6a4,餞のガブリン,42,1913,5367,4,revive,0.2677,0.3671,98,2,12,いいえ,餞のガブリン / ペーチパイセン / アウス大先輩 / タミちゃんの火祭り / 巨大カンテツ
1,837,em-2c08686a6d88,猿もの追い払いネキ,42,4171,3977,5,damage_reduction,0.2642,0.3608,98,2,11,いいえ,猿もの追い払いネキ / ペーチパイセン / アウス大先輩 / タミちゃんの火祭り / 巨大カンテツ
1,838,em-e6c445da9312,おしゃまなタコむすめ,39,1704,5112,5,heal,0.2631,0.3671,100,0,11,いいえ,おしゃまなタコむすめ / ペーチパイセン / 肉食ドゥブロさん / タミちゃんの火祭り / ハリウッドナナコ師匠
1,839,em-d72497692e5c,バリ……トゥンク…王,41,1530,5279,0,guard,0.2626,0.3608,97,3,11,いいえ,バリ……トゥンク…王 / ペーチパイセン / アウス大先輩 / タミちゃんの火祭り / 巨大カンテツ
1,840,em-010ca8278422,伊賀NINJA!,42,1704,5112,3,skill_reduction,0.2626,0.3608,98,2,11,いいえ,伊賀NINJA! / ペーチパイセン / アウス大先輩 / タミちゃんの火祭り / 巨大カンテツ
1,841,em-14d31235a3f8,かっちゃんのBIG強飯,48,3067,4601,4,attack_buff,0.261,0.3481,97,3,11,いいえ,かっちゃんのBIG強飯 / ペーチパイセン / コンドアーズ / おこしんMK-2 / 巨大カンテツ
1,842,em-ab3947962bd3,姫騎士なコンクさん,60,4856,3237,1,damage_reduction,0.2608,0.3544,99,1,11,いいえ,姫騎士なコンクさん / ペーチパイセン / コンドアーズ / ブラジリアン首都術 / ハリウッドナナコ師匠
1,843,em-a11a3441fd8e,レンネルアルケニー,43,2896,3919,2,damage_reduction,0.2575,0.3544,99,1,12,いいえ,レンネルアルケニー / ペーチパイセン / アウス大先輩 / タミちゃんの火祭り / 巨大カンテツ
1,844,em-7941e8376c00,堕楽・ぴよボロス,46,756,7572,4,attack_buff,0.2564,0.3608,100,0,12,いいえ,堕楽・ぴよボロス / ペーチパイセン / 肉食ドゥブロさん / おこしんMK-2 / ウシュか☆丸か
1,845,em-32ef1535a66a,ハバキたん,60,6816,4260,3,damage_reduction,0.2543,0.3418,99,1,11,いいえ,ハバキたん / ペーチパイセン / 愛のぴよ子 / ブラジリアン首都術 / にほりん
1,846,em-57768559e8b8,旋律！タコ幼女,39,1533,4601,5,heal,0.2513,0.3544,100,0,11,いいえ,旋律！タコ幼女 / ペーチパイセン / 肉食ドゥブロさん / タミちゃんの火祭り / ハリウッドナナコ師匠
1,847,em-bf60c5d7bbe5,ワイン塗れのぐっすん,39,2453,5555,1,attack_buff,0.2513,0.3544,100,0,11,いいえ,ワイン塗れのぐっすん / ペーチパイセン / 肉食ドゥブロさん / タミちゃんの火祭り / ハリウッドナナコ師匠
1,848,em-ffde6d61f228,有頂天☆安倍晴明,45,3936,4771,5,skill_reduction,0.2491,0.3418,100,0,12,いいえ,有頂天☆安倍晴明 / ペーチパイセン / トマティーナ少佐 / タミちゃんの火祭り / 巨大カンテツ
1,849,em-c89260e1ef3b,曲芸師・ブンブク,60,6305,2996,4,revive,0.2477,0.3481,99,1,11,いいえ,曲芸師・ブンブク / ペーチパイセン / アウス大先輩 / おこしんMK-2 / ウシュか☆丸か
1,850,em-1211d6248533,ピンクなコンクさん,32,3067,2044,1,damage_reduction,0.2477,0.3354,98,2,12,いいえ,ピンクなコンクさん / ペーチパイセン / コンドアーズ / 肉食ドゥブロさん / おこしんMK-2
1,851,em-eb57ed2cb1f2,ペパりんズクッキング,60,6305,3237,3,delay,0.2442,0.3354,98,2,11,いいえ,ペパりんズクッキング / ペーチパイセン / コンドアーズ / 愛のぴよ子 / ハリウッドナナコ師匠
1,852,em-414540146c27,びぐべん選手,30,3220,1610,0,attack_buff,0.241,0.3291,96,4,12,いいえ,びぐべん選手 / ペーチパイセン / コンドアーズ / 肉食ドゥブロさん / おこしんMK-2
1,853,em-74c87c37d930,むぅむぅ,30,2839,2525,3,multi_hit_attack,0.241,0.3291,96,4,12,いいえ,むぅむぅ / ペーチパイセン / コンドアーズ / 肉食ドゥブロさん / おこしんMK-2
1,854,em-9298dde558c4,超豹！ペパりんさん,30,2119,2545,2,delay,0.241,0.3291,96,4,12,いいえ,超豹！ペパりんさん / ペーチパイセン / コンドアーズ / 肉食ドゥブロさん / おこしんMK-2
1,855,em-267a29792afd,ウーミン,33,2249,2658,5,skill_reduction,0.241,0.3291,99,1,12,いいえ,ウーミン / ペーチパイセン / コンドアーズ / 肉食ドゥブロさん / おこしんMK-2
1,856,em-6acd0e20d832,たこむすめ,39,1363,4089,5,heal,0.2395,0.3418,100,0,11,いいえ,たこむすめ / ペーチパイセン / 肉食ドゥブロさん / タミちゃんの火祭り / ハリウッドナナコ師匠
1,857,em-bc583c6ff83e,卍石★モチ子,40,4625,4966,5,attribute_guard,0.2344,0.3228,96,4,11,いいえ,卍石★モチ子 / ペーチパイセン / コンドアーズ / タミちゃんの火祭り / 巨大カンテツ
1,858,em-cd52b65347bc,フローラさま,75,11161,3408,1,attack_buff,0.2314,0.3354,100,0,10,いいえ,フローラさま / ペーチパイセン / ウナギーヌくん / 旧市街地の魔物 / ウシュか☆丸か
1,859,em-2f3cf0f345e4,ふらっとウッズ子さん,59,5112,2272,0,attribute_guard,0.2306,0.3101,100,0,11,いいえ,ふらっとウッズ子さん / ペーチパイセン / コンドアーズ / 愛のぴよ子 / おこしんMK-2
1,860,em-87a6c85241fe,蝶々ペッパーくん,30,1482,1781,2,delay,0.2296,0.3165,96,4,12,いいえ,蝶々ペッパーくん / ペーチパイセン / コンドアーズ / 肉食ドゥブロさん / おこしんMK-2
1,861,em-68c24ce7bf95,女帝！カるたーニャ,40,3408,3408,4,attack_buff,0.2293,0.3228,96,4,11,いいえ,女帝！カるたーニャ / ペーチパイセン / アウス大先輩 / タミちゃんの火祭り / 巨大カンテツ
1,862,em-b2d6a846bb36,哀哭のオオウミガラス,75,9713,4941,2,damage_reduction,0.2293,0.3228,100,0,10,いいえ,哀哭のオオウミガラス / 北間・クラリス嬢 / ウナギーヌくん / 愛のぴよ子 / ウシュか☆丸か
1,863,em-0a34a4b839d5,堕落勇者オトシゴ,60,4732,5111,8,damage_reduction,0.2261,0.3165,99,1,11,いいえ,堕落勇者オトシゴ / ペーチパイセン / コンドアーズ / ブラジリアン首都術 / ハリウッドナナコ師匠
1,864,em-95694ab0605a,超★メジェド様,44,2300,3432,2,guard,0.2227,0.3165,100,0,11,いいえ,超★メジェド様 / ペーチパイセン / アウス大先輩 / タミちゃんの火祭り / 巨大カンテツ
1,865,em-3f6affd1acff,ハンニバル力(りょく),58,7497,2385,3,aoe_attack,0.2175,0.2975,99,1,11,いいえ,ハンニバル力(りょく) / ペーチパイセン / コンドアーズ / 愛のぴよ子 / おこしんMK-2
1,866,em-c46238c7c677,ケラ,70,3067,7157,3,attack_buff,0.2148,0.3165,99,1,9,いいえ,ケラ / ペーチパイセン / 愛のぴよ子 / おこしんMK-2 / ウシュか☆丸か
1,867,em-2c5d06641a28,ジャックレムリン,55,7497,3748,7,aoe_attack,0.2137,0.2975,96,4,11,いいえ,ジャックレムリン / ペーチパイセン / コンドアーズ / 愛のぴよ子 / おこしんMK-2
1,868,em-5ff7c4f20f2b,ヤマトタケルぅ！,40,85,8520,5,multi_hit_attack,0.2129,0.3101,96,4,11,いいえ,ヤマトタケルぅ！ / ペーチパイセン / アウス大先輩 / タミちゃんの火祭り / 巨大カンテツ
1,869,em-2a823144560b,パンのん☆春間,56,3919,3408,0,damage_reduction,0.2127,0.2848,97,3,11,いいえ,パンのん☆春間 / ペーチパイセン / コンドアーズ / 愛のぴよ子 / おこしんMK-2
1,870,em-67c9c425e81c,大いなる奇なる皇女,60,4260,4260,5,multi_hit_attack,0.2118,0.2975,100,0,11,いいえ,大いなる奇なる皇女 / ペーチパイセン / トマティーナ少佐 / 愛のぴよ子 / おこしんMK-2
1,871,em-24a892c6ebea,Mt.CACHI×2,38,2556,3578,2,multi_hit_attack,0.2113,0.3101,100,0,11,いいえ,Mt.CACHI×2 / ペーチパイセン / トマティーナ少佐 / 肉食ドゥブロさん / ウシュか☆丸か
1,872,em-31f11b9a8df8,ももとふFREEダム,40,3408,4260,3,heal,0.21,0.2975,96,4,11,いいえ,ももとふFREEダム / ペーチパイセン / コンドアーズ / タミちゃんの火祭り / 巨大カンテツ
1,873,em-2b9338d5254c,電撃のびゃ子,58,2641,6219,0,attack_buff,0.21,0.2975,99,1,11,いいえ,電撃のびゃ子 / ペーチパイセン / コンドアーズ / 愛のぴよ子 / おこしんMK-2
1,874,em-c358b6553866,ご機嫌斜めのウィーン様,58,4941,2896,5,attack_buff,0.2072,0.2911,99,1,11,いいえ,ご機嫌斜めのウィーン様 / ペーチパイセン / コンドアーズ / 愛のぴよ子 / おこしんMK-2
1,875,em-c1c986f4f89a,爆誕！ももたろす,62,4260,5964,1,attribute_change,0.2065,0.2975,100,0,10,いいえ,爆誕！ももたろす / ペーチパイセン / アウス大先輩 / 愛のぴよ子 / ハリウッドナナコ師匠
1,876,em-cecb4ccbb927,蝶々胡椒鯛くん,30,847,1018,2,delay,0.2026,0.2848,96,4,12,いいえ,蝶々胡椒鯛くん / ペーチパイセン / コンドアーズ / 肉食ドゥブロさん / おこしんMK-2
1,877,em-109e54a3645a,グラン・プラスの魔女,38,1499,3404,3,guard,0.1983,0.2975,99,1,11,いいえ,グラン・プラスの魔女 / ペーチパイセン / 肉食ドゥブロさん / タミちゃんの火祭り / ハリウッドナナコ師匠
1,878,em-96c8b7af6f5c,ネギtheダーウィン,30,5112,0,5,attribute_change,0.1981,0.2785,96,4,12,いいえ,ネギtheダーウィン / ペーチパイセン / コンドアーズ / 肉食ドゥブロさん / おこしんMK-2
1,879,em-c5e484c5d286,マウント取瑠代,31,6076,1850,3,revive,0.1855,0.2785,97,3,12,いいえ,マウント取瑠代 / ペーチパイセン / コンドアーズ / 肉食ドゥブロさん / ブラジリアン首都術
1,880,em-690a803a0c00,タッターさん,47,4089,2222,2,multi_hit_attack,0.1855,0.2785,100,0,11,いいえ,タッターさん / ペーチパイセン / 愛のぴよ子 / 肉食ドゥブロさん / ウシュか☆丸か
1,881,em-454ebee4a0cd,3人はフォニピュア,60,4941,3578,2,damage_reduction,0.1733,0.2595,99,1,11,いいえ,3人はフォニピュア / ペーチパイセン / コンドアーズ / ブラジリアン首都術 / ハリウッドナナコ師匠
1,882,em-0e376d1892df,メネリくん一世,72,6134,3067,4,guard,0.1678,0.2658,99,1,9,いいえ,メネリくん一世 / ペーチパイセン / 愛のぴよ子 / おこしんMK-2 / 大森さん
1,883,em-748c1a866dbc,Hey Yeah 清盛,75,11417,2896,3,guard,0.1678,0.2658,100,0,10,いいえ,Hey Yeah 清盛 / ペーチパイセン / ウナギーヌくん / 旧市街地の魔物 / ウシュか☆丸か
1,884,em-299bbc95ef27,タコンナ,60,4260,5964,5,heal,0.1663,0.2595,99,1,11,いいえ,タコンナ / ペーチパイセン / アウス大先輩 / おこしんMK-2 / ウシュか☆丸か
1,885,em-7e81ebc98ef9,稼働！K-MEN,57,6475,3067,1,guard,0.1638,0.2405,98,2,11,いいえ,稼働！K-MEN / ペーチパイセン / コンドアーズ / 愛のぴよ子 / おこしんMK-2
1,886,em-29be2edf2271,餅子・ﾏｰﾒｲﾄﾞｽﾀｲﾙ,60,4797,5308,5,damage_reduction,0.1561,0.2405,99,1,11,いいえ,餅子・ﾏｰﾒｲﾄﾞｽﾀｲﾙ / ペーチパイセン / コンドアーズ / ブラジリアン首都術 / ハリウッドナナコ師匠
1,887,em-1e4dd5118669,三春瀧さくら,38,3919,3408,4,damage_reduction,0.1473,0.2405,99,1,11,いいえ,三春瀧さくら / ペーチパイセン / 肉食ドゥブロさん / タミちゃんの火祭り / ハリウッドナナコ師匠
1,888,em-237ca774c5e5,ルナプリ☆かぐや様,66,8861,1584,1,aoe_attack,0.1427,0.2342,98,2,10,いいえ,ルナプリ☆かぐや様 / ペーチパイセン / 愛のぴよ子 / おこしんMK-2 / ブラジリアン首都術
1,889,em-370ba5df8d09,悪霊狩人ちび大助,81,8776,5879,5,multi_hit_attack,0.1389,0.2152,100,0,3,いいえ,悪霊狩人ちび大助 / ペーチパイセン / かずらちゃん / デンマーくん / ケンＺＯ１号
1,890,em-60119eda4c9c,猿田彦大先輩,80,7838,7157,5,attack_buff,0.1348,0.2278,100,0,7,いいえ,猿田彦大先輩 / ウナギーヌくん / 覚醒けいび / 旧市街地の魔物 / 大森さん
1,891,em-5b97cf2d5a88,やまたのおろちん,40,2726,2726,3,multi_hit_attack,0.1327,0.2089,96,4,11,いいえ,やまたのおろちん / ペーチパイセン / アウス大先輩 / タミちゃんの火祭り / 巨大カンテツ
1,892,em-e36d35de9441,青谷やよい,42,3578,3374,4,damage_reduction,0.1327,0.2089,98,2,12,いいえ,青谷やよい / ペーチパイセン / アウス大先輩 / タミちゃんの火祭り / 巨大カンテツ
1,893,em-5e492c884ca0,三貴子素戔嗚,75,8946,6475,5,multi_hit_attack,0.1302,0.2215,100,0,10,いいえ,三貴子素戔嗚 / ペーチパイセン / ウナギーヌくん / 旧市街地の魔物 / ウシュか☆丸か
1,894,em-1e9e4475c353,ゲラー･ｻﾞ･ｸﾞﾗﾃﾞｨｴｲﾀｰ,55,3408,5964,2,attack_buff,0.1231,0.1899,96,4,11,いいえ,ゲラー･ｻﾞ･ｸﾞﾗﾃﾞｨｴｲﾀｰ / ペーチパイセン / コンドアーズ / 愛のぴよ子 / おこしんMK-2
1,895,em-70f1d39031ed,うにうにする虎,50,6816,681,0,attack_buff,0.1204,0.1962,99,1,11,いいえ,うにうにする虎 / ペーチパイセン / コンドアーズ / ブラジリアン首都術 / 巨大カンテツ
1,896,em-5d34c0af44dd,白兎神★ばうあー,72,3878,5487,3,skill_reduction,0.1195,0.2089,99,1,9,いいえ,白兎神★ばうあー / ペーチパイセン / 愛のぴよ子 / ブラジリアン首都術 / 大森さん
1,897,em-e795d2bbe2f0,北政所ねね様,60,5623,4601,3,attribute_guard,0.1143,0.1899,98,2,11,いいえ,北政所ねね様 / ペーチパイセン / コンドアーズ / 愛のぴよ子 / ハリウッドナナコ師匠
1,898,em-ffea90d62e77,テイヤさん,55,1874,5282,3,multi_hit_attack,0.1051,0.1709,96,4,11,いいえ,テイヤさん / ペーチパイセン / コンドアーズ / 愛のぴよ子 / おこしんMK-2
1,899,em-98053d851e29,炎上魔女ベファーナ,59,2088,3748,2,revive,0.1051,0.1709,100,0,11,いいえ,炎上魔女ベファーナ / ペーチパイセン / コンドアーズ / 愛のぴよ子 / おこしんMK-2
1,900,em-11f22e87203d,骨喰　花蟲,60,2300,5708,4,revive,0.0943,0.1772,99,1,11,いいえ,骨喰　花蟲 / ペーチパイセン / アウス大先輩 / おこしんMK-2 / ウシュか☆丸か
1,901,em-8b48dbb598d6,高杉ぃ高杉ぃぃ！,60,7500,1704,1,attack_buff,0.0943,0.1772,99,1,11,いいえ,高杉ぃ高杉ぃぃ！ / ペーチパイセン / アウス大先輩 / おこしんMK-2 / ウシュか☆丸か
1,902,em-2c51c9073e5a,強化ゆる骨格のススメ,50,1704,1704,12,attribute_guard,0.0924,0.1646,99,1,12,いいえ,強化ゆる骨格のススメ / ペーチパイセン / コンドアーズ / ブラジリアン首都術 / 巨大カンテツ
1,903,em-7d5a30231904,「ふ」じゃなくてふゅーま,60,4260,2556,0,attribute_change,0.0922,0.1709,99,1,11,いいえ,「ふ」じゃなくてふゅーま / ペーチパイセン / 愛のぴよ子 / タミちゃんの火祭り / ブラジリアン首都術
1,904,em-35dfd8c60675,はぎみタンさん,55,4430,4771,4,aoe_attack,0.0866,0.1456,96,4,11,いいえ,はぎみタンさん / ペーチパイセン / コンドアーズ / 愛のぴよ子 / おこしんMK-2
1,905,em-f7f78d464e92,ウミウサーヌ,60,3408,4601,3,guard,0.0842,0.1646,99,1,11,いいえ,ウミウサーヌ / ペーチパイセン / アウス大先輩 / おこしんMK-2 / ウシュか☆丸か
1,906,em-5f292317fd1c,墨染のＰＬぴよ子,60,3656,3656,5,attribute_change,0.0742,0.1519,99,1,11,いいえ,墨染のＰＬぴよ子 / ペーチパイセン / アウス大先輩 / おこしんMK-2 / ウシュか☆丸か
1,907,em-e11205ce4a3f,紅蓮のＰＬぴよ子,60,3656,3656,1,attribute_change,0.0742,0.1519,99,1,11,いいえ,紅蓮のＰＬぴよ子 / ペーチパイセン / アウス大先輩 / おこしんMK-2 / ウシュか☆丸か
1,908,em-7ba25345ffb0,シーさま,60,4601,4601,3,delay,0.0607,0.1329,99,1,11,いいえ,シーさま / ペーチパイセン / 愛のぴよ子 / タミちゃんの火祭り / ブラジリアン首都術
1,909,em-c25db2f5b4ff,メルヘン☆グリ子,80,9202,3748,4,damage_reduction,0.0342,0.0823,100,0,7,いいえ,メルヘン☆グリ子 / ペーチパイセン / オリバーTHEドッグ / デンマーくん / 竹輪先生
1,910,em-bdcce3725e8b,修験鬼ギュウちゃん,85,9372,5453,1,damage_reduction,0.0336,0.0949,100,0,8,いいえ,修験鬼ギュウちゃん / かずらちゃん / オリバーTHEトイ / デンマーくん / 竹輪先生
1,911,em-5c3bfcbbd109,ネギさん,80,4260,4260,500,attack_buff,0.0238,0.0696,100,0,7,いいえ,ネギさん / ペーチパイセン / オリバーTHEドッグ / デンマーくん / 竹輪先生
1,912,em-5e67f5f55234,?????,88,10224,4941,5,attack_buff,0,0.0253,100,0,8,いいえ,????? / かずらちゃん / デンマーくん / くーさん / 竹輪先生
1,913,em-5c8b9af61816,ぴっよコイン先生,60,1111,1111,12,damage_reduction,0,0.019,99,1,11,いいえ,ぴっよコイン先生 / ペーチパイセン / 愛のぴよ子 / タミちゃんの火祭り / ブラジリアン首都術
1,914,em-eb4ef5fa8f2f,応援ぴよ子団長,60,1111,1111,12,attack_buff,0,0.019,99,1,11,いいえ,応援ぴよ子団長 / ペーチパイセン / 愛のぴよ子 / タミちゃんの火祭り / ブラジリアン首都術
1,915,em-0454ff15fbd8,米倉英夫(ゆる),55,1,1,55,attribute_change,0,0.019,100,0,11,いいえ,米倉英夫(ゆる) / ペーチパイセン / トマティーナ少佐 / タミちゃんの火祭り / ハリウッドナナコ師匠
1,916,em-7fe5a2875793,米倉英子(大学生),55,1,1,555,attack_buff,0,0.019,100,0,11,いいえ,米倉英子(大学生) / ペーチパイセン / トマティーナ少佐 / タミちゃんの火祭り / ハリウッドナナコ師匠
1,917,em-0ee8cd6c9dab,黄金時代！K・ワンダー,60,3,3,1,multi_hit_attack,0,0.0063,98,2,11,いいえ,黄金時代！K・ワンダー / ペーチパイセン / コンドアーズ / 愛のぴよ子 / ハリウッドナナコ師匠
1,918,em-0277eca3d9cf,ゆる神の像＆ピヨか？,60,426,511,3,guard,0,0.0063,99,1,11,いいえ,ゆる神の像＆ピヨか？ / ペーチパイセン / コンドアーズ / ブラジリアン首都術 / ハリウッドナナコ師匠
1,919,em-523af93f71e3,神田祭らーの集い,88,5027,6901,4,aoe_attack,0,0.0063,100,0,8,いいえ,神田祭らーの集い / かずらちゃん / デンマーくん / くーさん / 竹輪先生
1,920,em-404f12535630,祇園祭の素戔嗚さま,88,5964,6390,2,multi_hit_attack,0,0,100,0,8,いいえ,祇園祭の素戔嗚さま / かずらちゃん / デンマーくん / くーさん / 竹輪先生
1,921,em-4d4a6386f8f8,九周年ぴよ子,99,6815,5111,5,guard,0,0,101,0,0,いいえ,
1,922,em-207f3b89da64,ピンギヌスのたまご,100,1,1,1,damage_reduction,0,0,101,0,0,いいえ,
1,923,em-53ece7a43871,キステチスのたまご,100,1,1,40,guard,0,0,101,0,0,いいえ,
1,924,em-6eed78e1fe62,リア充の権化安倍晴明,100,6782,6271,3,heal,0,0,101,0,0,いいえ,
1,925,em-a85045965911,まさか殿(マジ),100,7463,6628,3,attack_buff,0,0,101,0,0,いいえ,
1,926,em-f33de53ee597,遊無給(ニート)な小町,100,7327,5623,3,attack_buff,0,0,101,0,0,いいえ,
2,1,em-d7873747b412,藤のフヒッティ,75,10735,3578,1,damage_reduction,0.9625,0.9873,100,0,9,いいえ,ハリウッドナナコ師匠 / 藤のフヒッティ / 愛のぴよ子 / 旧市街地の魔物 / ウシュか☆丸か
2,2,em-d932b3b4e7ed,狼先生ジョン,18,1963,2869,1,attribute_change,0.8805,0.9241,100,0,12,いいえ,ヤマさんヤミーさん / 狼先生ジョン / 肉食ドゥブロさん / おこしんMK-2 / 巨大カンテツ
2,3,em-ee43bce0e25f,vにゅーさん,51,3567,5271,1,damage_reduction,0.858,0.9177,100,0,11,いいえ,ハリウッドナナコ師匠 / vにゅーさん / 肉食ドゥブロさん / 愛のぴよ子 / ウシュか☆丸か
2,4,em-f781988d359e,ヤル気勢！うっす様,11,500,1300,2,attack_buff,0.8508,0.8987,98,2,12,いいえ,ハリウッドナナコ師匠 / ヤル気勢！うっす様 / ターヌムンゴネキ / 肉食ドゥブロさん / 巨大カンテツ
2,5,em-795ca1ffcb95,カム着火べあぱわー,12,664,2355,2,attack_buff,0.8508,0.8987,99,1,12,いいえ,ハリウッドナナコ師匠 / カム着火べあぱわー / ターヌムンゴネキ / 肉食ドゥブロさん / 巨大カンテツ
2,6,em-6a0e464e2855,収穫ぴよ子,10,1426,1304,1,attribute_change,0.8435,0.8924,97,3,12,いいえ,ハリウッドナナコ師匠 / 収穫ぴよ子 / ターヌムンゴネキ / 肉食ドゥブロさん / 巨大カンテツ
2,7,em-84589d5b3594,コロちゃん,11,1551,1551,1,attack_buff,0.8435,0.8924,98,2,12,いいえ,ハリウッドナナコ師匠 / コロちゃん / ターヌムンゴネキ / 肉食ドゥブロさん / 巨大カンテツ
2,8,em-c57874d99dcd,三重子大先生,11,1699,1699,1,attribute_change,0.8435,0.8924,98,2,12,いいえ,ハリウッドナナコ師匠 / 三重子大先生 / ターヌムンゴネキ / 肉食ドゥブロさん / 巨大カンテツ
2,9,em-e6496091dd0f,シャーミーくん,20,2948,2556,1,attack_buff,0.8333,0.8861,100,0,12,いいえ,ハリウッドナナコ師匠 / シャーミーくん / ターヌムンゴネキ / 肉食ドゥブロさん / ブラジリアン首都術
2,10,em-f1ed908b1438,竹輪大明神,10,493,1762,2,attack_buff,0.8262,0.8797,97,3,12,いいえ,ハリウッドナナコ師匠 / 竹輪大明神 / ターヌムンゴネキ / 肉食ドゥブロさん / 巨大カンテツ
2,11,em-c545b5a51997,トリニダの怪人,13,4077,1057,2,skill_reduction,0.822,0.8734,100,0,12,いいえ,ハリウッドナナコ師匠 / トリニダの怪人 / ターヌムンゴネキ / 肉食ドゥブロさん / 巨大カンテツ
2,12,em-e99bfc1ea066,ご入学ぴよ子,9,883,2397,2,attack_buff,0.8121,0.8671,96,4,12,いいえ,ハリウッドナナコ師匠 / ご入学ぴよ子 / ターヌムンゴネキ / 肉食ドゥブロさん / 巨大カンテツ
2,13,em-a7be30f0211a,烏枢さま降臨！,13,1359,2416,2,attack_buff,0.8121,0.8671,100,0,12,いいえ,ハリウッドナナコ師匠 / 烏枢さま降臨！ / ターヌムンゴネキ / 肉食ドゥブロさん / 巨大カンテツ
2,14,em-f565b0314902,覚醒大氷怪・雪愛,37,4345,4515,1,attribute_change,0.8109,0.8797,98,2,11,いいえ,アウス大先輩 / 覚醒大氷怪・雪愛 / 肉食ドゥブロさん / 愛のぴよ子 / ハリウッドナナコ師匠
2,15,em-d0c26ab1312e,シガー☆直哉,22,3542,2125,1,attribute_change,0.8086,0.8734,99,1,12,いいえ,ハリウッドナナコ師匠 / シガー☆直哉 / ターヌムンゴネキ / 肉食ドゥブロさん / ウシュか☆丸か
2,16,em-13a4b4b54b04,北間・クラリス嬢,10,3959,701,1,heal,0.808,0.8608,97,3,12,いいえ,ハリウッドナナコ師匠 / 北間・クラリス嬢 / ターヌムンゴネキ / 肉食ドゥブロさん / にほりん
2,17,em-410cc22d32bc,アロハる☆水島神人,16,3246,1887,2,attribute_change,0.8017,0.8671,96,4,12,いいえ,ハリウッドナナコ師匠 / アロハる☆水島神人 / ターヌムンゴネキ / 肉食ドゥブロさん / ブラジリアン首都術
2,18,em-ab5422bc92f7,猫キャットマンジョン,7,493,1762,1,heal,0.801,0.8544,94,6,12,いいえ,ハリウッドナナコ師匠 / 猫キャットマンジョン / ターヌムンゴネキ / 肉食ドゥブロさん / にほりん
2,19,em-712f122e2051,オロモ君は欝気味,17,1536,2684,1,guard,0.7973,0.8608,97,3,12,いいえ,ハリウッドナナコ師匠 / オロモ君は欝気味 / ターヌムンゴネキ / 肉食ドゥブロさん / ブラジリアン首都術
2,20,em-065f680177c4,ﾍﾟﾀももたろす,17,3059,3059,2,attribute_change,0.7904,0.8544,97,3,12,いいえ,ハリウッドナナコ師匠 / ﾍﾟﾀももたろす / ターヌムンゴネキ / 肉食ドゥブロさん / ブラジリアン首都術
2,21,em-629cc99564e0,帝王ヒルズ様,17,1867,3333,1,attack_buff,0.7904,0.8544,97,3,12,いいえ,ハリウッドナナコ師匠 / 帝王ヒルズ様 / ターヌムンゴネキ / 肉食ドゥブロさん / ブラジリアン首都術
2,22,em-3c7a40d5b751,宇和島マタドーるん,19,2737,3059,1,damage_reduction,0.7904,0.8544,99,1,12,いいえ,ハリウッドナナコ師匠 / 宇和島マタドーるん / ターヌムンゴネキ / 肉食ドゥブロさん / ブラジリアン首都術
2,23,em-d07cd0c8b0b0,二条城☆浴衣モード,19,2656,2495,1,attribute_guard,0.7744,0.8418,99,1,12,いいえ,ハリウッドナナコ師匠 / 二条城☆浴衣モード / ターヌムンゴネキ / 肉食ドゥブロさん / ブラジリアン首都術
2,24,manual-nijo-yukata-mode,二条嬢☆浴衣モード,19,2656,2495,1,attribute_guard,0.7744,0.8418,99,1,12,いいえ,ハリウッドナナコ師匠 / 二条嬢☆浴衣モード / ターヌムンゴネキ / 肉食ドゥブロさん / ブラジリアン首都術
2,25,em-85da0a137fe9,北間・クララさん,10,3561,629,1,heal,0.7641,0.8228,97,3,12,いいえ,ハリウッドナナコ師匠 / 北間・クララさん / ターヌムンゴネキ / 肉食ドゥブロさん / にほりん
2,26,em-587d1ec0e30f,偉人さんトーマスん,14,1359,2038,2,attribute_change,0.7587,0.8291,94,6,12,いいえ,ハリウッドナナコ師匠 / 偉人さんトーマスん / ターヌムンゴネキ / 肉食ドゥブロさん / ブラジリアン首都術
2,27,em-cb9a138787d0,摩陀羅　潮真,27,7194,1741,2,attribute_guard,0.7524,0.8165,96,4,12,いいえ,ハリウッドナナコ師匠 / 摩陀羅　潮真 / コンドアーズ / 肉食ドゥブロさん / にほりん
2,28,em-0fd17c65da62,大患部！ぴよ子大佐,18,2415,2861,2,multi_hit_attack,0.7433,0.8165,98,2,12,いいえ,ハリウッドナナコ師匠 / 大患部！ぴよ子大佐 / ターヌムンゴネキ / 肉食ドゥブロさん / ブラジリアン首都術
2,29,em-86e0d0475819,使い魔のミナヅキ,22,2385,3067,2,attack_buff,0.7391,0.8165,99,1,12,いいえ,ハリウッドナナコ師匠 / 使い魔のミナヅキ / ターヌムンゴネキ / 肉食ドゥブロさん / ウシュか☆丸か
2,30,em-fef48f3b2f9e,まん丸！シャーミー君,28,3800,3237,1,attack_buff,0.7367,0.8101,100,0,12,いいえ,アウス大先輩 / まん丸！シャーミー君 / 肉食ドゥブロさん / おこしんMK-2 / 巨大カンテツ
2,31,em-a7fc49aa8c73,広報担当：アッシュ,37,5112,3748,2,attribute_guard,0.728,0.8038,99,1,11,いいえ,ハリウッドナナコ師匠 / 広報担当：アッシュ / コンドアーズ / 肉食ドゥブロさん / ブラジリアン首都術
2,32,em-aeee7aac1b71,ジンジャーブレッド男,20,4143,2440,2,attack_buff,0.728,0.8038,100,0,12,いいえ,ハリウッドナナコ師匠 / ジンジャーブレッド男 / ターヌムンゴネキ / 肉食ドゥブロさん / ブラジリアン首都術
2,33,em-59dbe02c39e1,吸血くん,18,1757,3067,1,attribute_guard,0.7279,0.7975,98,2,12,いいえ,ハリウッドナナコ師匠 / 吸血くん / ターヌムンゴネキ / 肉食ドゥブロさん / ブラジリアン首都術
2,34,em-99eb90e0260f,傾国の二条嬢,17,2656,2495,2,attribute_guard,0.7215,0.7975,97,3,12,いいえ,ハリウッドナナコ師匠 / 傾国の二条嬢 / ターヌムンゴネキ / 肉食ドゥブロさん / ブラジリアン首都術
2,35,em-e3e851204c8b,イカすぜ！よりりん,18,2576,2576,2,attribute_change,0.7215,0.7975,98,2,12,いいえ,ハリウッドナナコ師匠 / イカすぜ！よりりん / ターヌムンゴネキ / 肉食ドゥブロさん / ブラジリアン首都術
2,36,em-acc7e76f32c6,満開☆チゥりっぷちゃん,20,563,2957,2,attribute_change,0.7214,0.7911,100,0,12,いいえ,ハリウッドナナコ師匠 / 満開☆チゥりっぷちゃん / ターヌムンゴネキ / 肉食ドゥブロさん / ブラジリアン首都術
2,37,em-93bcb3ddcb90,蝦夷の鬼武者,50,5367,4771,1,attack_buff,0.7156,0.7975,100,0,11,いいえ,ヤマさんヤミーさん / 蝦夷の鬼武者 / 愛のぴよ子 / おこしんMK-2 / ブラジリアン首都術
2,38,em-52f594fdc52e,後楽園☆池田,43,5623,2896,1,attack_buff,0.713,0.7911,100,0,11,いいえ,ハリウッドナナコ師匠 / 後楽園☆池田 / 肉食ドゥブロさん / タミちゃんの火祭り / ウシュか☆丸か
2,39,em-ed21bd124ab2,牛タソ☆行進曲,14,755,1812,2,guard,0.7065,0.7848,94,6,12,いいえ,ハリウッドナナコ師匠 / 牛タソ☆行進曲 / ターヌムンゴネキ / 肉食ドゥブロさん / ブラジリアン首都術
2,40,em-1de8c880f196,ヴィヒー先生,17,2114,2718,2,damage_reduction,0.7065,0.7848,97,3,12,いいえ,ハリウッドナナコ師匠 / ヴィヒー先生 / ターヌムンゴネキ / 肉食ドゥブロさん / ブラジリアン首都術
2,41,em-e2135a9d657f,ねぶるータスお前もか,18,2173,2656,2,attack_buff,0.7065,0.7848,98,2,12,いいえ,ハリウッドナナコ師匠 / ねぶるータスお前もか / ターヌムンゴネキ / 肉食ドゥブロさん / ブラジリアン首都術
2,42,em-d08c9e36ef51,地獄雀！阿蘇さん,17,3413,2061,1,attribute_guard,0.7041,0.7785,97,3,12,いいえ,ハリウッドナナコ師匠 / 地獄雀！阿蘇さん / ターヌムンゴネキ / 肉食ドゥブロさん / ブラジリアン首都術
2,43,em-7a8f08b97855,カルボ姉（ねえ）,18,3792,2556,1,multi_hit_attack,0.7041,0.7785,98,2,12,いいえ,ハリウッドナナコ師匠 / カルボ姉（ねえ） / ターヌムンゴネキ / 肉食ドゥブロさん / ブラジリアン首都術
2,44,em-85946f26dcf5,鉄人！ガヨーマルト,18,3381,1610,1,attribute_change,0.7041,0.7785,98,2,12,いいえ,ハリウッドナナコ師匠 / 鉄人！ガヨーマルト / ターヌムンゴネキ / 肉食ドゥブロさん / ブラジリアン首都術
2,45,em-7fd9b48cee31,七夕星人☆たたるんるん,20,3220,1610,2,attack_buff,0.7041,0.7785,100,0,12,いいえ,ハリウッドナナコ師匠 / 七夕星人☆たたるんるん / ターヌムンゴネキ / 肉食ドゥブロさん / ブラジリアン首都術
2,46,em-d9bd2d5de563,コンクちゃん,20,2556,1704,1,damage_reduction,0.7041,0.7785,100,0,12,いいえ,ハリウッドナナコ師匠 / コンクちゃん / ターヌムンゴネキ / 肉食ドゥブロさん / ブラジリアン首都術
2,47,em-b0a6405ce878,ヒルズキング,15,859,1598,1,attack_buff,0.7,0.7785,95,5,12,いいえ,ハリウッドナナコ師匠 / ヒルズキング / ターヌムンゴネキ / 肉食ドゥブロさん / ブラジリアン首都術
2,48,em-c358a9d61a43,PiぐPeんとBiぐBeん,15,1208,1510,2,attack_buff,0.7,0.7785,95,5,12,いいえ,ハリウッドナナコ師匠 / PiぐPeんとBiぐBeん / ターヌムンゴネキ / 肉食ドゥブロさん / ブラジリアン首都術
2,49,em-d09d2f80d34e,トマティーナ少佐,16,3748,2130,2,multi_hit_attack,0.6981,0.7785,96,4,12,いいえ,ハリウッドナナコ師匠 / トマティーナ少佐 / ターヌムンゴネキ / 肉食ドゥブロさん / ブラジリアン首都術
2,50,em-d5ed773d56cd,夏至祭のヴァサクサ君,18,3976,2156,2,skill_reduction,0.6981,0.7785,98,2,12,いいえ,ハリウッドナナコ師匠 / 夏至祭のヴァサクサ君 / ターヌムンゴネキ / 肉食ドゥブロさん / ブラジリアン首都術
2,51,em-225255ba2e90,華美なるミシュル嬢,22,3864,2524,1,heal,0.6978,0.7658,91,9,12,いいえ,ハリウッドナナコ師匠 / 華美なるミシュル嬢 / コンドアーズ / 肉食ドゥブロさん / にほりん
2,52,em-640d19558093,聖なる打毬神！みるるん,19,1208,1963,2,attack_buff,0.6977,0.7722,99,1,11,いいえ,ハリウッドナナコ師匠 / 聖なる打毬神！みるるん / ターヌムンゴネキ / 肉食ドゥブロさん / ブラジリアン首都術
2,53,em-3434078c33f2,橋の上のかずら,20,2012,2173,2,guard,0.6977,0.7722,100,0,12,いいえ,ハリウッドナナコ師匠 / 橋の上のかずら / ターヌムンゴネキ / 肉食ドゥブロさん / ブラジリアン首都術
2,54,em-30793b1211b4,ウルルさんは役者やで,15,1310,2189,1,damage_reduction,0.6916,0.7722,95,5,12,いいえ,ハリウッドナナコ師匠 / ウルルさんは役者やで / ターヌムンゴネキ / 肉食ドゥブロさん / ブラジリアン首都術
2,55,em-4016fa16a6ca,Dr.&萌やﾁﾝｹﾞｰﾙ,14,773,2573,1,heal,0.6913,0.7658,94,6,12,いいえ,ハリウッドナナコ師匠 / Dr.&萌やﾁﾝｹﾞｰﾙ / ターヌムンゴネキ / 肉食ドゥブロさん / ブラジリアン首都術
2,56,em-b422734eb78b,たたーる星人,15,1812,1510,2,attack_buff,0.6892,0.7658,95,5,12,いいえ,ハリウッドナナコ師匠 / たたーる星人 / ターヌムンゴネキ / 肉食ドゥブロさん / ブラジリアン首都術
2,57,em-f334c541bf84,納得ん★福曼荼羅,17,1763,1860,2,attribute_change,0.6892,0.7658,97,3,12,いいえ,ハリウッドナナコ師匠 / 納得ん★福曼荼羅 / ターヌムンゴネキ / 肉食ドゥブロさん / ブラジリアン首都術
2,58,em-85dad7ff7aa2,ディヤの魔人,18,2385,1704,2,heal,0.6892,0.7658,98,2,12,いいえ,ハリウッドナナコ師匠 / ディヤの魔人 / ターヌムンゴネキ / 肉食ドゥブロさん / ブラジリアン首都術
2,59,em-13a4725c1c03,砂のんべぇ,20,3220,1288,1,multi_hit_attack,0.6892,0.7658,100,0,12,いいえ,ハリウッドナナコ師匠 / 砂のんべぇ / ターヌムンゴネキ / 肉食ドゥブロさん / ブラジリアン首都術
2,60,em-6f409bf9b5bd,素敵なステチュさん,14,211,2115,2,damage_reduction,0.6852,0.7658,94,6,11,いいえ,ハリウッドナナコ師匠 / 素敵なステチュさん / ターヌムンゴネキ / 肉食ドゥブロさん / ブラジリアン首都術
2,61,em-452bfe576bb9,ねぶるータス,16,950,1350,2,attack_buff,0.6852,0.7658,96,4,12,いいえ,ハリウッドナナコ師匠 / ねぶるータス / ターヌムンゴネキ / 肉食ドゥブロさん / ブラジリアン首都術
2,62,em-690b5b221287,メルクさん,17,2114,1812,2,aoe_attack,0.6852,0.7658,97,3,12,いいえ,ハリウッドナナコ師匠 / メルクさん / ターヌムンゴネキ / 肉食ドゥブロさん / ブラジリアン首都術
2,63,em-4ea698949c11,侵略成功!?イカ翁,20,1131,1272,2,revive,0.6852,0.7658,100,0,12,いいえ,ハリウッドナナコ師匠 / 侵略成功!?イカ翁 / ターヌムンゴネキ / 肉食ドゥブロさん / ブラジリアン首都術
2,64,em-10b41d0249c9,ホタル,40,4396,5163,1,attribute_change,0.6842,0.7722,99,1,11,いいえ,ハリウッドナナコ師匠 / ホタル / コンドアーズ / 肉食ドゥブロさん / ウシュか☆丸か
2,65,em-4c2a43ecd770,ナンマトル君,14,2115,2115,2,skill_reduction,0.6828,0.7595,94,6,12,いいえ,ハリウッドナナコ師匠 / ナンマトル君 / ターヌムンゴネキ / 肉食ドゥブロさん / ブラジリアン首都術
2,66,em-6c215846fcb0,アン・ごろう,16,1356,1189,2,attack_buff,0.6828,0.7595,96,4,12,いいえ,ハリウッドナナコ師匠 / アン・ごろう / ターヌムンゴネキ / 肉食ドゥブロさん / ブラジリアン首都術
2,67,em-65d0268c18cf,うっす様。,6,200,900,2,attack_buff,0.6702,0.7405,93,7,12,いいえ,ハリウッドナナコ師匠 / うっす様。 / ターヌムンゴネキ / 肉食ドゥブロさん / 巨大カンテツ
2,68,em-c09c9bb81a01,蓮十郎,7,1215,1187,2,skill_reduction,0.6702,0.7405,94,6,12,いいえ,ハリウッドナナコ師匠 / 蓮十郎 / ターヌムンゴネキ / 肉食ドゥブロさん / 巨大カンテツ
2,69,em-c98972302fbd,爆誕！うっす様,9,300,1000,2,attack_buff,0.6702,0.7405,96,4,12,いいえ,ハリウッドナナコ師匠 / 爆誕！うっす様 / ターヌムンゴネキ / 肉食ドゥブロさん / 巨大カンテツ
2,70,em-f203cae3d671,ペーチパイセン,9,1974,1100,1,attack_buff,0.6702,0.7405,96,4,13,いいえ,ハリウッドナナコ師匠 / ペーチパイセン / ターヌムンゴネキ / 肉食ドゥブロさん / 巨大カンテツ
2,71,em-0b273c3da2d3,ぴぐぺん＆びぐべん,12,700,900,2,attack_buff,0.6702,0.7405,99,1,12,いいえ,ハリウッドナナコ師匠 / ぴぐぺん＆びぐべん / ターヌムンゴネキ / 肉食ドゥブロさん / 巨大カンテツ
2,72,em-c78db71c2d7b,ヒルズさん,12,517,1097,1,attack_buff,0.6702,0.7405,99,1,12,いいえ,ハリウッドナナコ師匠 / ヒルズさん / ターヌムンゴネキ / 肉食ドゥブロさん / 巨大カンテツ
2,73,em-cf78c5cc3134,オタテカモ次郎,28,4186,3059,2,attribute_change,0.6634,0.7532,100,0,12,いいえ,ヤマさんヤミーさん / オタテカモ次郎 / 肉食ドゥブロさん / ブラジリアン首都術 / ウシュか☆丸か
2,74,em-344c7687cce5,アウス大先輩,17,1924,1924,2,attribute_change,0.6561,0.7405,97,3,11,いいえ,ハリウッドナナコ師匠 / アウス大先輩 / ターヌムンゴネキ / 肉食ドゥブロさん / ブラジリアン首都術
2,75,em-e9a9af4ae9bc,梨豚ぴぐぺん,6,500,600,2,attack_buff,0.6515,0.7215,93,7,12,いいえ,ハリウッドナナコ師匠 / 梨豚ぴぐぺん / ターヌムンゴネキ / 肉食ドゥブロさん / 巨大カンテツ
2,76,em-6d0b27bbd976,なっとくんおじさん,7,496,484,2,skill_reduction,0.6515,0.7215,94,6,12,いいえ,ハリウッドナナコ師匠 / なっとくんおじさん / ターヌムンゴネキ / 肉食ドゥブロさん / 巨大カンテツ
2,77,em-a2d073a6cd6c,納豆問屋のご隠居様,8,944,893,1,skill_reduction,0.6515,0.7215,95,5,12,いいえ,ハリウッドナナコ師匠 / 納豆問屋のご隠居様 / ターヌムンゴネキ / 肉食ドゥブロさん / 巨大カンテツ
2,78,em-deac9db76555,ヒルズくん,8,408,812,1,attack_buff,0.6515,0.7215,95,5,12,いいえ,ハリウッドナナコ師匠 / ヒルズくん / ターヌムンゴネキ / 肉食ドゥブロさん / 巨大カンテツ
2,79,em-24679a7881f4,三重子さん,9,704,700,2,attribute_change,0.6515,0.7215,96,4,12,いいえ,ハリウッドナナコ師匠 / 三重子さん / ターヌムンゴネキ / 肉食ドゥブロさん / 巨大カンテツ
2,80,em-4fddbba71de4,大熊びぐべん,9,600,700,2,attack_buff,0.6515,0.7215,96,4,12,いいえ,ハリウッドナナコ師匠 / 大熊びぐべん / ターヌムンゴネキ / 肉食ドゥブロさん / 巨大カンテツ
2,81,em-c47afb60b613,三重子先輩,10,800,800,2,attribute_change,0.6515,0.7215,97,3,12,いいえ,ハリウッドナナコ師匠 / 三重子先輩 / ターヌムンゴネキ / 肉食ドゥブロさん / 巨大カンテツ
2,82,em-e7a0d1a547b6,ラス・マノスんさん,10,1979,494,1,aoe_attack,0.6515,0.7215,97,3,12,いいえ,ハリウッドナナコ師匠 / ラス・マノスんさん / ターヌムンゴネキ / 肉食ドゥブロさん / 巨大カンテツ
2,83,em-6ff1562355a9,ファジル先生,12,2256,1128,2,multi_hit_attack,0.6515,0.7215,99,1,12,いいえ,ハリウッドナナコ師匠 / ファジル先生 / ターヌムンゴネキ / 肉食ドゥブロさん / 巨大カンテツ
2,84,em-dc5f853080a2,ねぶるー,12,590,630,2,attack_buff,0.6515,0.7215,99,1,12,いいえ,ハリウッドナナコ師匠 / ねぶるー / ターヌムンゴネキ / 肉食ドゥブロさん / 巨大カンテツ
2,85,em-a91beec21e3d,やよいチゥりっぷ☆神,13,2957,563,2,attribute_change,0.6515,0.7215,100,0,12,いいえ,ハリウッドナナコ師匠 / やよいチゥりっぷ☆神 / ターヌムンゴネキ / 肉食ドゥブロさん / 巨大カンテツ
2,86,em-f33518363cb8,マチョリスト☆ばん,13,1410,775,2,attack_buff,0.6515,0.7215,100,0,12,いいえ,ハリウッドナナコ師匠 / マチョリスト☆ばん / ターヌムンゴネキ / 肉食ドゥブロさん / 巨大カンテツ
2,87,em-a37b305548ef,なっとくんさん,5,400,400,2,skill_reduction,0.6453,0.7152,92,8,12,いいえ,ハリウッドナナコ師匠 / なっとくんさん / ターヌムンゴネキ / 肉食ドゥブロさん / 巨大カンテツ
2,88,em-502c02710bc4,覚醒けいび,6,345,300,2,multi_hit_attack,0.6453,0.7152,93,7,12,いいえ,ハリウッドナナコ師匠 / 覚醒けいび / ターヌムンゴネキ / 肉食ドゥブロさん / 巨大カンテツ
2,89,em-36ce9827163b,検非違使なけいび氏,28,6024,878,2,heal,0.633,0.7026,100,0,12,いいえ,アウス大先輩 / 検非違使なけいび氏 / 肉食ドゥブロさん / おこしんMK-2 / にほりん
2,90,em-3ff47465be07,怪傑猫キャット,6,250,1100,1,heal,0.6269,0.7215,95,5,12,いいえ,アウス大先輩 / 怪傑猫キャット / ターヌムンゴネキ / 肉食ドゥブロさん / ハリウッドナナコ師匠
2,91,em-bca7c94c15fe,ひろしマンＲ,10,1128,1128,2,heal,0.6269,0.7215,99,1,12,いいえ,アウス大先輩 / ひろしマンＲ / ターヌムンゴネキ / 肉食ドゥブロさん / ハリウッドナナコ師匠
2,92,em-1e3b5bb54d35,ナナフシ,30,4175,2999,2,attribute_change,0.6065,0.6772,99,1,12,いいえ,ハリウッドナナコ師匠 / ナナフシ / アウス大先輩 / 肉食ドゥブロさん / 巨大カンテツ
2,93,em-474d7b7d3bbe,イチャン～(から),26,3606,2850,2,aoe_attack,0.6011,0.6899,100,0,11,いいえ,ヤマさんヤミーさん / イチャン～(から) / 愛のぴよ子 / 肉食ドゥブロさん / ブラジリアン首都術
2,94,em-ceda64319ca1,蜜香のウミリンゴ,75,8520,5453,1,attack_buff,0.5941,0.6962,100,0,9,いいえ,ハリウッドナナコ師匠 / 蜜香のウミリンゴ / 愛のぴよ子 / 旧市街地の魔物 / ウシュか☆丸か
2,95,em-52b1a63b86dd,ヤマさんヤミーさん,27,1288,3220,1,attack_buff,0.5933,0.6582,96,4,11,いいえ,ハリウッドナナコ師匠 / ヤマさんヤミーさん / コンドアーズ / 肉食ドゥブロさん / 巨大カンテツ
2,96,em-67086191a83f,マダラなシオマネキ君,27,5490,1059,2,attribute_guard,0.5909,0.6582,98,2,12,いいえ,アウス大先輩 / マダラなシオマネキ君 / 肉食ドゥブロさん / 愛のぴよ子 / にほりん
2,97,em-95a008b67c52,権現くまのたん,22,1030,4234,2,attack_buff,0.5792,0.6456,91,9,11,いいえ,ハリウッドナナコ師匠 / 権現くまのたん / コンドアーズ / 肉食ドゥブロさん / 巨大カンテツ
2,98,em-cf3fd175f595,プチさんグロさん,27,2807,2895,2,aoe_attack,0.5792,0.6456,96,4,12,いいえ,ハリウッドナナコ師匠 / プチさんグロさん / コンドアーズ / 肉食ドゥブロさん / 巨大カンテツ
2,99,em-23638c0715eb,ばけごろう,30,1757,5743,1,attribute_change,0.5792,0.6456,99,1,12,いいえ,ハリウッドナナコ師匠 / ばけごろう / コンドアーズ / 肉食ドゥブロさん / 巨大カンテツ
2,100,em-7f58743c664e,ポリミタス☆おかいこ,34,4771,3069,2,attribute_change,0.5783,0.6519,100,0,11,いいえ,ヤマさんヤミーさん / ポリミタス☆おかいこ / コンドアーズ / 愛のぴよ子 / 巨大カンテツ
2,101,em-7f847f5ad505,電ドロ白鷺嬢,40,6816,2556,1,heal,0.5777,0.6709,99,1,11,いいえ,ハリウッドナナコ師匠 / 電ドロ白鷺嬢 / コンドアーズ / 肉食ドゥブロさん / ウシュか☆丸か
2,102,em-4dc27428f645,よりりんＫ林スタイル,24,2576,2576,2,attribute_change,0.5688,0.6392,93,7,12,いいえ,ハリウッドナナコ師匠 / よりりんＫ林スタイル / コンドアーズ / 肉食ドゥブロさん / 巨大カンテツ
2,103,em-17a8d3f2a8d3,牛迫 角子さん,31,3282,4260,1,attack_buff,0.5688,0.6392,100,0,11,いいえ,ハリウッドナナコ師匠 / 牛迫 角子さん / コンドアーズ / 肉食ドゥブロさん / 巨大カンテツ
2,104,em-82e546e8de79,ランたん,29,2198,3612,2,attribute_change,0.5629,0.6329,98,2,11,いいえ,ハリウッドナナコ師匠 / ランたん / コンドアーズ / 肉食ドゥブロさん / 巨大カンテツ
2,105,em-abc85163565c,コキリコ・QB,23,2817,2978,2,attribute_change,0.5571,0.6266,92,8,12,いいえ,ハリウッドナナコ師匠 / コキリコ・QB / コンドアーズ / 肉食ドゥブロさん / 巨大カンテツ
2,106,em-b7b738711fb0,ちくわサンド,23,2817,2656,2,attack_buff,0.5571,0.6266,92,8,12,いいえ,ハリウッドナナコ師匠 / ちくわサンド / コンドアーズ / 肉食ドゥブロさん / 巨大カンテツ
2,107,em-9298dde558c4,超豹！ペパりんさん,30,2119,2545,2,delay,0.5514,0.6203,99,1,11,いいえ,ハリウッドナナコ師匠 / 超豹！ペパりんさん / コンドアーズ / 肉食ドゥブロさん / 巨大カンテツ
2,108,em-2a20d82018a7,強飯式太子君,43,4771,3408,1,heal,0.5488,0.6329,100,0,11,いいえ,アウス大先輩 / 強飯式太子君 / コンドアーズ / ブラジリアン首都術 / 巨大カンテツ
2,109,em-563e34211286,大抵カールのせい,50,4686,5112,1,damage_reduction,0.5469,0.6329,100,0,11,いいえ,ヤマさんヤミーさん / 大抵カールのせい / 愛のぴよ子 / おこしんMK-2 / ブラジリアン首都術
2,110,em-9974d2b554c4,ｼｬﾐｯ子！シャーミー君,36,4652,3919,1,attack_buff,0.5443,0.6392,100,0,10,いいえ,アウス大先輩 / ｼｬﾐｯ子！シャーミー君 / 肉食ドゥブロさん / 愛のぴよ子 / おこしんMK-2
2,111,em-42c90dd17240,GSPS！秀郷先生,34,3578,4601,2,attack_buff,0.5434,0.6139,100,0,11,いいえ,ヤマさんヤミーさん / GSPS！秀郷先生 / アウス大先輩 / 愛のぴよ子 / 巨大カンテツ
2,112,em-6885c7d684d6,雪の美女と魔獣,52,4304,3016,1,heal,0.5367,0.6329,100,0,10,いいえ,アウス大先輩 / 雪の美女と魔獣 / トマティーナ少佐 / 愛のぴよ子 / おこしんMK-2
2,113,em-fa3191833d67,エヴァン,28,3381,2776,2,damage_reduction,0.532,0.6013,99,1,12,いいえ,アウス大先輩 / エヴァン / 愛のぴよ子 / 肉食ドゥブロさん / にほりん
2,114,em-9dc006cdc69c,解決猫キャット,5,200,900,1,heal,0.5293,0.6076,92,8,12,いいえ,ハリウッドナナコ師匠 / 解決猫キャット / ターヌムンゴネキ / 肉食ドゥブロさん / にほりん
2,115,em-83954a93a691,閃きのヒラメちゃん,60,6560,4430,2,attribute_change,0.5274,0.6329,100,0,11,いいえ,アウス大先輩 / 閃きのヒラメちゃん / 愛のぴよ子 / 旧市街地の魔物 / ブラジリアン首都術
2,116,em-480a0eef6d7b,ピカリャー射的ｽﾀｲﾙ,45,3786,3786,2,aoe_attack,0.5235,0.6076,97,3,10,いいえ,ハリウッドナナコ師匠 / ピカリャー射的ｽﾀｲﾙ / コンドアーズ / タミちゃんの火祭り / 巨大カンテツ
2,117,em-ac3306faeab5,マサムネーダー,32,3919,5112,1,attribute_change,0.5235,0.6013,99,1,11,いいえ,ハリウッドナナコ師匠 / マサムネーダー / 肉食ドゥブロさん / タミちゃんの火祭り / 巨大カンテツ
2,118,em-94130e0ff2b5,かずら大先生,15,1057,1198,2,guard,0.522,0.5949,96,4,12,いいえ,ヤマさんヤミーさん / かずら大先生 / 肉食ドゥブロさん / 愛のぴよ子 / にほりん
2,119,em-8ece38ad97a5,デンマーくん大帝,17,1269,1057,2,guard,0.5142,0.5886,98,2,12,いいえ,アウス大先輩 / デンマーくん大帝 / コンドアーズ / 肉食ドゥブロさん / 巨大カンテツ
2,120,em-87a6c85241fe,蝶々ペッパーくん,30,1482,1781,2,delay,0.5142,0.5886,99,1,11,いいえ,ハリウッドナナコ師匠 / 蝶々ペッパーくん / コンドアーズ / 肉食ドゥブロさん / 巨大カンテツ
2,121,em-37fd7478d2d8,壺風味の何か,16,2809,888,1,damage_reduction,0.5101,0.5886,96,4,12,いいえ,アウス大先輩 / 壺風味の何か / トマティーナ少佐 / 肉食ドゥブロさん / 巨大カンテツ
2,122,em-59636157ae2e,コーベンパイア天爵,45,5282,1757,2,damage_reduction,0.5082,0.6076,98,2,11,いいえ,ハリウッドナナコ師匠 / コーベンパイア天爵 / 肉食ドゥブロさん / おこしんMK-2 / ブラジリアン首都術
2,123,em-d77542ffe604,?????,42,6475,3067,2,attack_buff,0.5082,0.6076,99,1,11,いいえ,ハリウッドナナコ師匠 / ????? / 肉食ドゥブロさん / タミちゃんの火祭り / ウシュか☆丸か
2,124,em-8680261975a6,キタマクラさん,10,3166,558,1,heal,0.5082,0.5886,97,3,12,いいえ,ハリウッドナナコ師匠 / キタマクラさん / ターヌムンゴネキ / 肉食ドゥブロさん / にほりん
2,125,em-3f58266f2bab,スカン・グ☆愛,12,2886,890,1,damage_reduction,0.5009,0.5759,92,8,12,いいえ,アウス大先輩 / スカン・グ☆愛 / トマティーナ少佐 / 肉食ドゥブロさん / 巨大カンテツ
2,126,em-cd52b65347bc,フローラさま,75,11161,3408,1,attack_buff,0.5007,0.6076,100,0,9,いいえ,ハリウッドナナコ師匠 / フローラさま / 愛のぴよ子 / 旧市街地の魔物 / ウシュか☆丸か
2,127,em-b080511b902a,かずらちゃん,3,350,500,2,guard,0.4968,0.5759,90,10,12,いいえ,ハリウッドナナコ師匠 / かずらちゃん / ターヌムンゴネキ / 肉食ドゥブロさん / にほりん
2,128,em-d6f4ebe1907b,猫キャット,4,150,700,1,heal,0.4968,0.5759,91,9,12,いいえ,ハリウッドナナコ師匠 / 猫キャット / ターヌムンゴネキ / 肉食ドゥブロさん / にほりん
2,129,em-3e7f24f8564c,かずらさん,6,450,650,2,guard,0.4968,0.5759,93,7,12,いいえ,ハリウッドナナコ師匠 / かずらさん / ターヌムンゴネキ / 肉食ドゥブロさん / にほりん
2,130,em-1ec49f290f1e,ʌっぴーちゃん,8,1762,634,2,heal,0.4968,0.5759,95,5,12,いいえ,ハリウッドナナコ師匠 / ʌっぴーちゃん / ターヌムンゴネキ / 肉食ドゥブロさん / にほりん
2,131,em-664c9287613d,阿蘇さん,8,820,500,1,attribute_guard,0.4968,0.5759,95,5,12,いいえ,ハリウッドナナコ師匠 / 阿蘇さん / ターヌムンゴネキ / 肉食ドゥブロさん / にほりん
2,132,em-860d0191c03c,太子くん,8,650,590,2,heal,0.4968,0.5759,95,5,12,いいえ,ハリウッドナナコ師匠 / 太子くん / ターヌムンゴネキ / 肉食ドゥブロさん / にほりん
2,133,em-e44c80aa58d3,二条嬢,8,620,600,2,attribute_guard,0.4968,0.5759,95,5,12,いいえ,ハリウッドナナコ師匠 / 二条嬢 / ターヌムンゴネキ / 肉食ドゥブロさん / にほりん
2,134,em-ead779b4526c,乗っとるダム制度君,8,2115,535,2,revive,0.4968,0.5759,95,5,12,いいえ,ハリウッドナナコ師匠 / 乗っとるダム制度君 / ターヌムンゴネキ / 肉食ドゥブロさん / にほりん
2,135,em-6df3fac7ad2e,ウナギーヌ社長,9,1833,775,2,heal,0.4968,0.5759,96,4,12,いいえ,ハリウッドナナコ師匠 / ウナギーヌ社長 / ターヌムンゴネキ / 肉食ドゥブロさん / にほりん
2,136,em-69fe49e9031d,かずら姉さん,11,650,700,2,guard,0.4968,0.5759,98,2,12,いいえ,ハリウッドナナコ師匠 / かずら姉さん / ターヌムンゴネキ / 肉食ドゥブロさん / にほりん
2,137,em-344fce469565,豊聡之太子さん,12,830,775,2,heal,0.4968,0.5759,99,1,12,いいえ,ハリウッドナナコ師匠 / 豊聡之太子さん / ターヌムンゴネキ / 肉食ドゥブロさん / にほりん
2,138,em-786d95001098,可憐な二条嬢,12,810,790,2,attribute_guard,0.4968,0.5759,99,1,12,いいえ,ハリウッドナナコ師匠 / 可憐な二条嬢 / ターヌムンゴネキ / 肉食ドゥブロさん / にほりん
2,139,em-9671099553c0,唸れ！阿蘇さん,12,1020,680,1,attribute_guard,0.4968,0.5759,99,1,12,いいえ,ハリウッドナナコ師匠 / 唸れ！阿蘇さん / ターヌムンゴネキ / 肉食ドゥブロさん / にほりん
2,140,em-1eb5e932843b,ダンブッラの蘭,38,5112,3578,2,damage_reduction,0.4915,0.5823,100,0,11,いいえ,アウス大先輩 / ダンブッラの蘭 / 肉食ドゥブロさん / ブラジリアン首都術 / ハリウッドナナコ師匠
2,141,em-c6a3687dad8c,ウナギーヌさん,5,900,350,2,heal,0.4912,0.5696,92,8,12,いいえ,ハリウッドナナコ師匠 / ウナギーヌさん / ターヌムンゴネキ / 肉食ドゥブロさん / にほりん
2,142,em-8d9e942117e5,ウナギーヌ課長,6,1000,450,2,heal,0.4912,0.5696,93,7,12,いいえ,ハリウッドナナコ師匠 / ウナギーヌ課長 / ターヌムンゴネキ / 肉食ドゥブロさん / にほりん
2,143,em-f3d5bcd42444,あっぴー先輩,6,1000,400,2,heal,0.4912,0.5696,93,7,12,いいえ,ハリウッドナナコ師匠 / あっぴー先輩 / ターヌムンゴネキ / 肉食ドゥブロさん / にほりん
2,144,em-361f82120d03,オイボくん,40,6645,2556,2,attack_buff,0.4833,0.5823,99,1,11,いいえ,ハリウッドナナコ師匠 / オイボくん / コンドアーズ / 肉食ドゥブロさん / ウシュか☆丸か
2,145,em-712bee050113,ターヌムンゴネキ,35,4089,4089,2,attack_buff,0.4809,0.5506,99,1,11,いいえ,ヤマさんヤミーさん / ターヌムンゴネキ / 愛のぴよ子 / タミちゃんの火祭り / にほりん
2,146,em-b9b869c15b9f,ルリマダラー,15,3786,378,2,attribute_guard,0.4725,0.5506,96,4,12,いいえ,アウス大先輩 / ルリマダラー / コンドアーズ / 肉食ドゥブロさん / 巨大カンテツ
2,147,em-68c38b69771b,ぱんつぁーぴよ子,28,4412,3287,1,attribute_guard,0.4679,0.538,100,0,12,いいえ,アウス大先輩 / ぱんつぁーぴよ子 / 肉食ドゥブロさん / おこしんMK-2 / にほりん
2,148,em-aae4f48cb489,もん親方,28,3748,3748,2,attribute_guard,0.4679,0.538,100,0,12,いいえ,アウス大先輩 / もん親方 / 肉食ドゥブロさん / おこしんMK-2 / にほりん
2,149,em-438753e77e6c,デロスの月陽姉弟,41,3237,5453,2,heal,0.4619,0.557,100,0,11,いいえ,ヤマさんヤミーさん / デロスの月陽姉弟 / コンドアーズ / 愛のぴよ子 / おこしんMK-2
2,150,em-70861f8a23e9,ウナギーヌくん,3,800,200,2,heal,0.4486,0.5253,94,6,12,いいえ,ヤマさんヤミーさん / ウナギーヌくん / コンドアーズ / 肉食ドゥブロさん / 巨大カンテツ
2,151,em-aa92178d2205,糸巻万太朗,40,5623,4260,2,attribute_change,0.4483,0.5506,99,1,11,いいえ,ハリウッドナナコ師匠 / 糸巻万太朗 / コンドアーズ / 肉食ドゥブロさん / ウシュか☆丸か
2,152,em-9667a89799b5,冬の双子姫,77,9628,4686,2,damage_reduction,0.4467,0.557,100,0,9,いいえ,ウシュか☆丸か / 冬の双子姫 / 愛のぴよ子 / おこしんMK-2 / 大森さん
2,153,em-814e01d05463,非伝説の潮真,60,7535,2423,1,attribute_guard,0.4409,0.5506,100,0,11,いいえ,アウス大先輩 / 非伝説の潮真 / 愛のぴよ子 / 旧市街地の魔物 / ブラジリアン首都術
2,154,em-048f5c5385db,Mr.バトラー,34,4771,3067,1,attribute_change,0.4318,0.5127,100,0,11,いいえ,ヤマさんヤミーさん / Mr.バトラー / コンドアーズ / 愛のぴよ子 / 巨大カンテツ
2,155,em-5d696ecc61dd,カミキリ,75,5845,6134,1,attack_buff,0.4295,0.538,100,0,9,いいえ,ハリウッドナナコ師匠 / カミキリ / 愛のぴよ子 / 旧市街地の魔物 / ウシュか☆丸か
2,156,em-a71cd0e28586,ねぶるーさん,14,770,830,2,attack_buff,0.4284,0.5063,95,5,12,いいえ,アウス大先輩 / ねぶるーさん / コンドアーズ / 肉食ドゥブロさん / 巨大カンテツ
2,157,em-cecb4ccbb927,蝶々胡椒鯛くん,30,847,1018,2,delay,0.4284,0.5063,99,1,11,いいえ,ハリウッドナナコ師匠 / 蝶々胡椒鯛くん / コンドアーズ / 肉食ドゥブロさん / 巨大カンテツ
2,158,em-64a5161e8307,優美な二条嬢,15,1250,1150,2,attribute_guard,0.4242,0.4937,96,4,12,いいえ,ヤマさんヤミーさん / 優美な二条嬢 / 肉食ドゥブロさん / 愛のぴよ子 / にほりん
2,159,em-e6c115665fbd,上宮之太子さま,15,1300,1150,2,heal,0.4242,0.4937,96,4,12,いいえ,ヤマさんヤミーさん / 上宮之太子さま / 肉食ドゥブロさん / 愛のぴよ子 / にほりん
2,160,em-eeba5b4dcba6,カニパンだっ！,23,2737,2415,2,guard,0.4198,0.4937,92,8,12,いいえ,ハリウッドナナコ師匠 / カニパンだっ！ / コンドアーズ / 肉食ドゥブロさん / にほりん
2,161,em-59482d256e11,大森銀佐摩,15,2679,352,2,damage_reduction,0.4137,0.4937,96,4,12,いいえ,アウス大先輩 / 大森銀佐摩 / コンドアーズ / 肉食ドゥブロさん / 巨大カンテツ
2,162,em-21262d62b170,ホーク＆フック,25,2093,2173,1,attribute_guard,0.4,0.4747,99,1,12,いいえ,ヤマさんヤミーさん / ホーク＆フック / コンドアーズ / タミちゃんの火祭り / 巨大カンテツ
2,163,em-814278d8eb9b,轟け！阿蘇さん,15,1680,920,1,attribute_guard,0.394,0.4873,95,5,12,いいえ,ハリウッドナナコ師匠 / 轟け！阿蘇さん / ターヌムンゴネキ / 肉食ドゥブロさん / ブラジリアン首都術
2,164,em-8e1d0fa65dc4,厩戸之太子大先生,24,2866,2447,1,heal,0.3876,0.462,93,7,12,いいえ,ハリウッドナナコ師匠 / 厩戸之太子大先生 / コンドアーズ / 肉食ドゥブロさん / にほりん
2,165,em-6dcd90bb7df5,花めく☆まつやマン,24,4669,2173,1,heal,0.3855,0.462,93,7,12,いいえ,ハリウッドナナコ師匠 / 花めく☆まつやマン / コンドアーズ / 肉食ドゥブロさん / にほりん
2,166,em-86926ff7d06c,満喫♪新年にくぁう,24,2085,3449,1,damage_reduction,0.3855,0.462,93,7,12,いいえ,ハリウッドナナコ師匠 / 満喫♪新年にくぁう / コンドアーズ / 肉食ドゥブロさん / にほりん
2,167,em-8de6e4494a60,称えよ☆メジェド様！,25,2415,2415,2,guard,0.3825,0.4557,94,6,12,いいえ,ハリウッドナナコ師匠 / 称えよ☆メジェド様！ / コンドアーズ / 肉食ドゥブロさん / にほりん
2,168,em-62994b487456,浪漫歌人♪晶子さん,25,3059,3059,2,revive,0.3804,0.4557,94,6,12,いいえ,ハリウッドナナコ師匠 / 浪漫歌人♪晶子さん / コンドアーズ / 肉食ドゥブロさん / にほりん
2,169,em-8d766096773e,おんじとゆかいな子供達,36,5316,1704,1,damage_reduction,0.3603,0.4557,100,0,10,いいえ,アウス大先輩 / おんじとゆかいな子供達 / 肉食ドゥブロさん / 愛のぴよ子 / ブラジリアン首都術
2,170,em-9413da55b7e0,ヤマピカリャーコ,47,4515,5095,2,multi_hit_attack,0.36,0.4494,97,3,11,いいえ,ヤマさんヤミーさん / ヤマピカリャーコ / 愛のぴよ子 / おこしんMK-2 / ブラジリアン首都術
2,171,em-b2d6a846bb36,哀哭のオオウミガラス,75,9713,4941,2,damage_reduction,0.3452,0.4557,100,0,9,いいえ,ハリウッドナナコ師匠 / 哀哭のオオウミガラス / 愛のぴよ子 / 旧市街地の魔物 / ウシュか☆丸か
2,172,em-7419b64dec0e,天の飛龍巻,42,5623,3748,2,attribute_change,0.3379,0.4177,99,1,11,いいえ,アウス大先輩 / 天の飛龍巻 / コンドアーズ / おこしんMK-2 / 巨大カンテツ
2,173,em-bb22778026f9,吸血さん,43,6645,2839,1,attribute_guard,0.3272,0.4114,100,0,12,いいえ,アウス大先輩 / 吸血さん / コンドアーズ / ブラジリアン首都術 / 巨大カンテツ
2,174,em-f4025e805468,best of 長田さん,50,3500,7000,1,attribute_change,0.3256,0.4241,100,0,11,いいえ,ヤマさんヤミーさん / best of 長田さん / 愛のぴよ子 / おこしんMK-2 / ブラジリアン首都術
2,175,em-4d47f8a702ed,モヘン女ダロぉ,47,3374,6202,1,damage_reduction,0.3151,0.4114,97,3,10,いいえ,ヤマさんヤミーさん / モヘン女ダロぉ / 愛のぴよ子 / おこしんMK-2 / ブラジリアン首都術
2,176,em-4206205a0bb1,リュウ・ツカイ,60,5708,4515,2,attack_buff,0.3149,0.4051,100,0,10,いいえ,アウス大先輩 / リュウ・ツカイ / 愛のぴよ子 / おこしんMK-2 / ブラジリアン首都術
2,177,em-6d3c1934f67c,エンパさんの夏,50,5623,4430,2,aoe_attack,0.3116,0.3987,100,0,11,いいえ,ヤマさんヤミーさん / エンパさんの夏 / 愛のぴよ子 / おこしんMK-2 / ブラジリアン首都術
2,178,em-cc1dd429dace,?????,58,4171,4737,1,damage_reduction,0.3083,0.3924,100,0,10,いいえ,ハリウッドナナコ師匠 / ????? / コンドアーズ / タミちゃんの火祭り / ウシュか☆丸か
2,179,em-1211d6248533,ピンクなコンクさん,32,3067,2044,1,damage_reduction,0.3065,0.3797,99,1,12,いいえ,ヤマさんヤミーさん / ピンクなコンクさん / コンドアーズ / ブラジリアン首都術 / 巨大カンテツ
2,180,em-c37c2a529421,ディワリのｱﾗｸｼｭﾐｰ,38,4771,3408,2,heal,0.303,0.3924,100,0,11,いいえ,ハリウッドナナコ師匠 / ディワリのｱﾗｸｼｭﾐｰ / コンドアーズ / 肉食ドゥブロさん / ブラジリアン首都術
2,181,em-8660ff550c92,うどんの天使,40,3067,3748,1,attack_buff,0.2983,0.3987,99,1,11,いいえ,ハリウッドナナコ師匠 / うどんの天使 / コンドアーズ / 肉食ドゥブロさん / ウシュか☆丸か
2,182,em-ad53908276ac,ピコ島ぴーこ,47,4007,5112,1,heal,0.2911,0.3797,97,3,11,いいえ,ヤマさんヤミーさん / ピコ島ぴーこ / 愛のぴよ子 / おこしんMK-2 / ブラジリアン首都術
2,183,em-8038935d7100,竜宮の翁,38,4771,3748,2,attack_buff,0.29,0.3924,99,1,11,いいえ,アウス大先輩 / 竜宮の翁 / 肉食ドゥブロさん / 愛のぴよ子 / ハリウッドナナコ師匠
2,184,em-cc181917eaeb,無双中な宗茂さん,60,6405,4941,2,aoe_attack,0.2897,0.3734,100,0,10,いいえ,アウス大先輩 / 無双中な宗茂さん / 愛のぴよ子 / おこしんMK-2 / ブラジリアン首都術
2,185,em-378e340695dc,スクナクナクナクス,50,6816,3408,2,aoe_attack,0.2781,0.3608,100,0,11,いいえ,ヤマさんヤミーさん / スクナクナクナクス / 愛のぴよ子 / おこしんMK-2 / ブラジリアン首都術
2,186,em-76691ebd833d,特攻のびゃこ,38,2641,6219,2,attack_buff,0.278,0.3797,99,1,11,いいえ,アウス大先輩 / 特攻のびゃこ / 肉食ドゥブロさん / 愛のぴよ子 / ハリウッドナナコ師匠
2,187,em-b343077dd75f,塚井さんは4人乗り,38,4294,3374,2,attack_buff,0.278,0.3797,99,1,11,いいえ,アウス大先輩 / 塚井さんは4人乗り / 肉食ドゥブロさん / 愛のぴよ子 / ハリウッドナナコ師匠
2,188,em-7b7bc6faa9ba,パティは実況勢,41,5623,3352,2,damage_reduction,0.2772,0.3544,100,0,11,いいえ,ヤマさんヤミーさん / パティは実況勢 / アウス大先輩 / 愛のぴよ子 / おこしんMK-2
2,189,em-3c2628783368,すまぁとヤスマサニキ,50,4260,5623,2,attack_buff,0.2758,0.3671,100,0,11,いいえ,ヤマさんヤミーさん / すまぁとヤスマサニキ / 愛のぴよ子 / おこしんMK-2 / ブラジリアン首都術
2,190,em-cdd2ac5f0a12,クイーンなコンク様,44,3578,2385,1,damage_reduction,0.2637,0.3418,100,0,10,いいえ,アウス大先輩 / クイーンなコンク様 / コンドアーズ / 愛のぴよ子 / 巨大カンテツ
2,191,em-7b76cc31326e,迷走のヴァニ江,36,4379,2505,2,damage_reduction,0.2594,0.3608,100,0,11,いいえ,アウス大先輩 / 迷走のヴァニ江 / 肉食ドゥブロさん / 愛のぴよ子 / ブラジリアン首都術
2,192,em-f4980131820e,ﾊﾛｳｨﾝのヴラドさん,41,4089,1757,2,damage_reduction,0.2594,0.3608,100,0,11,いいえ,ハリウッドナナコ師匠 / ﾊﾛｳｨﾝのヴラドさん / コンドアーズ / 肉食ドゥブロさん / ウシュか☆丸か
2,193,em-313faf3b400a,バルパラ★イソ子,36,3237,3067,1,attribute_guard,0.2575,0.3481,100,0,11,いいえ,アウス大先輩 / バルパラ★イソ子 / 肉食ドゥブロさん / 愛のぴよ子 / おこしんMK-2
2,194,em-8a030b3f4f33,無給の皇帝,44,4601,2790,2,damage_reduction,0.2454,0.3165,100,0,11,いいえ,アウス大先輩 / 無給の皇帝 / トマティーナ少佐 / おこしんMK-2 / 巨大カンテツ
2,195,em-b54ea6cda2a4,塚井さん,38,3817,2999,2,attack_buff,0.2333,0.3165,100,0,11,いいえ,ハリウッドナナコ師匠 / 塚井さん / コンドアーズ / 肉食ドゥブロさん / ブラジリアン首都術
2,196,em-dfbe69861ff7,餅もちにくぁうさん,36,3449,3789,1,damage_reduction,0.2302,0.2975,100,0,11,いいえ,ヤマさんヤミーさん / 餅もちにくぁうさん / 愛のぴよ子 / タミちゃんの火祭り / にほりん
2,197,em-2d3e693a8406,ツキマシモン,35,3919,1704,2,attack_buff,0.2249,0.3101,99,1,11,いいえ,アウス大先輩 / ツキマシモン / 肉食ドゥブロさん / 愛のぴよ子 / おこしんMK-2
2,198,em-a3563f41a151,ラクダンデス隊長,38,4941,3578,2,guard,0.2213,0.3101,100,0,11,いいえ,アウス大先輩 / ラクダンデス隊長 / 肉食ドゥブロさん / ブラジリアン首都術 / ハリウッドナナコ師匠
2,199,em-437f98caf8e3,ぺた也君,35,4710,3006,1,multi_hit_attack,0.2184,0.3038,99,1,10,いいえ,アウス大先輩 / ぺた也君 / 肉食ドゥブロさん / 愛のぴよ子 / おこしんMK-2
2,200,em-5b1667b398d0,?????,46,4430,5112,2,multi_hit_attack,0.2007,0.2848,98,2,10,いいえ,ハリウッドナナコ師匠 / ????? / コンドアーズ / タミちゃんの火祭り / 巨大カンテツ
2,201,em-3e7e7e54a83d,妖精女王ミカーンニア,45,3408,4771,2,skill_reduction,0.1938,0.2595,100,0,10,いいえ,アウス大先輩 / 妖精女王ミカーンニア / トマティーナ少佐 / 愛のぴよ子 / 巨大カンテツ
2,202,em-682cda3863fb,脱力コンビあろま＆るる,48,3067,5623,2,skill_reduction,0.1916,0.2722,100,0,11,いいえ,ハリウッドナナコ師匠 / 脱力コンビあろま＆るる / コンドアーズ / タミちゃんの火祭り / 巨大カンテツ
2,203,em-aff304b1eab4,日本一の桃たろす,42,4260,5964,2,attribute_change,0.1889,0.2785,99,1,11,いいえ,ハリウッドナナコ師匠 / 日本一の桃たろす / 肉食ドゥブロさん / タミちゃんの火祭り / ウシュか☆丸か
2,204,em-3e2d46063b3e,なっとくん様,70,8026,4618,1,skill_reduction,0.1796,0.2658,99,1,10,いいえ,紅玉の供犠ぴよ子 / なっとくん様 / 愛のぴよ子 / おこしんMK-2 / ブラジリアン首都術
2,205,em-983cb2f685ee,再びニートだ浅ちゃん,40,2044,6816,2,attack_buff,0.1715,0.2595,99,1,11,いいえ,ハリウッドナナコ師匠 / 再びニートだ浅ちゃん / コンドアーズ / 肉食ドゥブロさん / ウシュか☆丸か
2,206,em-7a57f923ab2c,ありえんキャット様,61,6069,5622,1,attribute_change,0.1651,0.2532,98,2,10,いいえ,アウス大先輩 / ありえんキャット様 / 愛のぴよ子 / おこしんMK-2 / ウシュか☆丸か
2,207,em-2c691fe63d0d,ブッシュドノエルん,38,3652,5354,2,attack_buff,0.1618,0.2405,100,0,11,いいえ,ハリウッドナナコ師匠 / ブッシュドノエルん / コンドアーズ / 肉食ドゥブロさん / ブラジリアン首都術
2,208,em-3dc0af65e330,ランたんちゃん,43,3425,5295,2,attribute_change,0.1617,0.2342,100,0,11,いいえ,アウス大先輩 / ランたんちゃん / コンドアーズ / ブラジリアン首都術 / 巨大カンテツ
2,209,em-759ef91c7c65,古の灰かぶりロドピス,47,4175,3578,1,damage_reduction,0.1575,0.2152,99,1,11,いいえ,ハリウッドナナコ師匠 / 古の灰かぶりロドピス / コンドアーズ / タミちゃんの火祭り / にほりん
2,210,em-a818769b8b91,田島の春,44,1618,5112,2,multi_hit_attack,0.1555,0.2278,100,0,10,いいえ,アウス大先輩 / 田島の春 / コンドアーズ / 愛のぴよ子 / 巨大カンテツ
2,211,em-ad084af57188,魔法使い らくがーる,38,4601,3663,2,attack_buff,0.1525,0.2405,100,0,11,いいえ,アウス大先輩 / 魔法使い らくがーる / 肉食ドゥブロさん / おこしんMK-2 / ウシュか☆丸か
2,212,em-845ebf2f059a,うどんの女神,39,4771,2385,2,multi_hit_attack,0.1525,0.2405,100,0,11,いいえ,アウス大先輩 / うどんの女神 / 肉食ドゥブロさん / 愛のぴよ子 / ハリウッドナナコ師匠
2,213,em-bf60c5d7bbe5,ワイン塗れのぐっすん,39,2453,5555,1,attack_buff,0.1417,0.2278,100,0,11,いいえ,アウス大先輩 / ワイン塗れのぐっすん / 肉食ドゥブロさん / 愛のぴよ子 / ハリウッドナナコ師匠
2,214,em-24a892c6ebea,Mt.CACHI×2,38,2556,3578,2,multi_hit_attack,0.1369,0.2152,100,0,11,いいえ,ハリウッドナナコ師匠 / Mt.CACHI×2 / コンドアーズ / 肉食ドゥブロさん / ブラジリアン首都術
2,215,em-a9738b409d24,カジランガ守り隊員,45,7668,1533,2,attack_buff,0.1353,0.2025,100,0,10,いいえ,アウス大先輩 / カジランガ守り隊員 / トマティーナ少佐 / 愛のぴよ子 / 巨大カンテツ
2,216,em-8765daafca7a,トマティーナ中佐,40,3748,2130,2,multi_hit_attack,0.1319,0.2215,99,1,11,いいえ,ハリウッドナナコ師匠 / トマティーナ中佐 / コンドアーズ / 肉食ドゥブロさん / ウシュか☆丸か
2,217,em-55828eea72b7,スーリヤ大先輩,48,5360,1951,2,aoe_attack,0.1301,0.1835,100,0,11,いいえ,ハリウッドナナコ師匠 / スーリヤ大先輩 / コンドアーズ / タミちゃんの火祭り / にほりん
2,218,em-89a1a863b8a0,ベファーナさん二千歳,46,7200,1874,1,multi_hit_attack,0.1286,0.2025,98,2,10,いいえ,ハリウッドナナコ師匠 / ベファーナさん二千歳 / コンドアーズ / タミちゃんの火祭り / 巨大カンテツ
2,219,em-d5465017bfd1,チュパカブ先輩,59,4819,2811,1,heal,0.1286,0.2025,99,1,10,いいえ,アウス大先輩 / チュパカブ先輩 / 愛のぴよ子 / ブラジリアン首都術 / おこしんMK-2
2,220,em-a44b56d26d84,聖夜の又マタドーるん,45,3919,4260,1,damage_reduction,0.1245,0.2025,100,0,10,いいえ,ヤマさんヤミーさん / 聖夜の又マタドーるん / トマティーナ少佐 / 愛のぴよ子 / ウシュか☆丸か
2,221,em-edb254f0a679,カナちゃんのなごみ,41,5453,3408,2,heal,0.1145,0.1962,100,0,11,いいえ,ハリウッドナナコ師匠 / カナちゃんのなごみ / コンドアーズ / 肉食ドゥブロさん / ウシュか☆丸か
2,222,em-bdcce3725e8b,修験鬼ギュウちゃん,85,9372,5453,1,damage_reduction,0.1104,0.1835,100,0,8,いいえ,ケンＺＯ１号 / 修験鬼ギュウちゃん / オリバーTHEドッグ / くーさん / 竹輪先生
2,223,em-454ebee4a0cd,3人はフォニピュア,60,4941,3578,2,damage_reduction,0.1046,0.1899,100,0,11,いいえ,アウス大先輩 / 3人はフォニピュア / 愛のぴよ子 / 旧市街地の魔物 / ブラジリアン首都術
2,224,em-e15fbf6ecd0c,シャーロック&エッジュ,41,4260,5112,2,skill_reduction,0.0942,0.1709,100,0,11,いいえ,ハリウッドナナコ師匠 / シャーロック&エッジュ / コンドアーズ / 肉食ドゥブロさん / ウシュか☆丸か
2,225,em-95694ab0605a,超★メジェド様,44,2300,3432,2,guard,0.0898,0.1519,100,0,10,いいえ,アウス大先輩 / 超★メジェド様 / コンドアーズ / 愛のぴよ子 / 巨大カンテツ
2,226,em-ab3947962bd3,姫騎士なコンクさん,60,4856,3237,1,damage_reduction,0.0842,0.1646,100,0,11,いいえ,アウス大先輩 / 姫騎士なコンクさん / 愛のぴよ子 / 旧市街地の魔物 / ブラジリアン首都術
2,227,em-6d1e4c915f30,チートモードな楽趣味さん,48,5964,1278,1,multi_hit_attack,0.0839,0.1329,100,0,11,いいえ,ハリウッドナナコ師匠 / チートモードな楽趣味さん / コンドアーズ / タミちゃんの火祭り / にほりん
2,228,em-c1c986f4f89a,爆誕！ももたろす,62,4260,5964,1,attribute_change,0.0823,0.1646,99,1,9,いいえ,アウス大先輩 / 爆誕！ももたろす / 愛のぴよ子 / 旧市街地の魔物 / ウシュか☆丸か
2,229,em-2b266990d35f,エトナさん・ＦＸ,50,5673,2130,1,aoe_attack,0.0688,0.1392,100,0,11,いいえ,ヤマさんヤミーさん / エトナさん・ＦＸ / 愛のぴよ子 / おこしんMK-2 / ブラジリアン首都術
2,230,em-2f152df51cdc,エトナさん,50,5673,1704,1,aoe_attack,0.0675,0.1329,100,0,11,いいえ,ヤマさんヤミーさん / エトナさん / 愛のぴよ子 / おこしんMK-2 / ブラジリアン首都術
2,231,em-a11a3441fd8e,レンネルアルケニー,43,2896,3919,2,damage_reduction,0.0674,0.1139,95,5,11,いいえ,ハリウッドナナコ師匠 / レンネルアルケニー / コンドアーズ / タミちゃんの火祭り / にほりん
2,232,em-c0b8a38b4040,鹿喰らいの狼マン,47,4771,3748,2,multi_hit_attack,0.0674,0.1139,99,1,11,いいえ,ハリウッドナナコ師匠 / 鹿喰らいの狼マン / コンドアーズ / タミちゃんの火祭り / にほりん
2,233,em-690a803a0c00,タッターさん,47,4089,2222,2,multi_hit_attack,0.0668,0.1266,99,1,11,いいえ,ハリウッドナナコ師匠 / タッターさん / コンドアーズ / タミちゃんの火祭り / 巨大カンテツ
2,234,em-98053d851e29,炎上魔女ベファーナ,59,2088,3748,2,revive,0.0642,0.1266,99,1,10,いいえ,アウス大先輩 / 炎上魔女ベファーナ / 愛のぴよ子 / おこしんMK-2 / ブラジリアン首都術
2,235,em-f5955c15b029,ばんば新年2026,60,7668,3438,1,attack_buff,0.0527,0.1076,100,0,10,いいえ,アウス大先輩 / ばんば新年2026 / 愛のぴよ子 / おこしんMK-2 / ブラジリアン首都術
2,236,em-bffb26ad3975,アイヌ☆らっくるん,60,2896,6645,2,attack_buff,0.0473,0.1076,100,0,10,いいえ,アウス大先輩 / アイヌ☆らっくるん / 愛のぴよ子 / おこしんMK-2 / ブラジリアン首都術
2,237,em-0984e8e9ee06,加賀のカブキ者,60,4430,6816,2,attack_buff,0.0472,0.1013,100,0,10,いいえ,アウス大先輩 / 加賀のカブキ者 / 愛のぴよ子 / おこしんMK-2 / ブラジリアン首都術
2,238,em-aefb52be8eca,半間鮫子,52,3411,6823,2,multi_hit_attack,0.0417,0.0949,100,0,10,いいえ,アウス大先輩 / 半間鮫子 / トマティーナ少佐 / 愛のぴよ子 / おこしんMK-2
2,239,em-b127f99ae530,キラー・ｻﾞ・ｷﾗｰ,55,5964,3408,2,damage_reduction,0.0417,0.0949,100,0,9,いいえ,ハリウッドナナコ師匠 / キラー・ｻﾞ・ｷﾗｰ / コンドアーズ / タミちゃんの火祭り / ブラジリアン首都術
2,240,em-433922ef3e4e,夏至祭のぺた也君,53,7266,2153,2,skill_reduction,0.0375,0.0823,99,1,10,いいえ,アウス大先輩 / 夏至祭のぺた也君 / コンドアーズ / 愛のぴよ子 / ハリウッドナナコ師匠
2,241,em-e11205ce4a3f,紅蓮のＰＬぴよ子,60,3656,3656,1,attribute_change,0.0281,0.0886,100,0,11,いいえ,アウス大先輩 / 紅蓮のＰＬぴよ子 / 愛のぴよ子 / 旧市街地の魔物 / ブラジリアン首都術
2,242,em-7e81ebc98ef9,稼働！K-MEN,57,6475,3067,1,guard,0.0205,0.0696,97,3,10,いいえ,アウス大先輩 / 稼働！K-MEN / 愛のぴよ子 / おこしんMK-2 / ブラジリアン首都術
2,243,em-6cd949ff7539,?????,53,1842,6475,2,guard,0.0199,0.0759,99,1,10,いいえ,アウス大先輩 / ????? / トマティーナ少佐 / おこしんMK-2 / ウシュか☆丸か
2,244,em-8b48dbb598d6,高杉ぃ高杉ぃぃ！,60,7500,1704,1,attack_buff,0.0071,0.057,100,0,10,いいえ,アウス大先輩 / 高杉ぃ高杉ぃぃ！ / 愛のぴよ子 / おこしんMK-2 / ブラジリアン首都術
2,245,em-237ca774c5e5,ルナプリ☆かぐや様,66,8861,1584,1,aoe_attack,0.0053,0.0506,100,0,9,いいえ,ハリウッドナナコ師匠 / ルナプリ☆かぐや様 / コンドアーズ / 愛のぴよ子 / ウシュか☆丸か
2,246,em-1e9e4475c353,ゲラー･ｻﾞ･ｸﾞﾗﾃﾞｨｴｲﾀｰ,55,3408,5964,2,attack_buff,0,0.019,100,0,9,いいえ,アウス大先輩 / ゲラー･ｻﾞ･ｸﾞﾗﾃﾞｨｴｲﾀｰ / トマティーナ少佐 / 愛のぴよ子 / ウシュか☆丸か
2,247,em-0ee8cd6c9dab,黄金時代！K・ワンダー,60,3,3,1,multi_hit_attack,0,0,97,3,10,いいえ,アウス大先輩 / 黄金時代！K・ワンダー / 愛のぴよ子 / ブラジリアン首都術 / ウシュか☆丸か
2,248,em-404f12535630,祇園祭の素戔嗚さま,88,5964,6390,2,multi_hit_attack,0,0,101,0,0,いいえ,
2,249,em-daac43f51729,四悪妖・鵺,88,9542,5964,1,attribute_change,0,0,101,0,0,いいえ,
2,250,em-207f3b89da64,ピンギヌスのたまご,100,1,1,1,damage_reduction,0,0,101,0,0,いいえ,
3,1,em-410cc22d32bc,アロハる☆水島神人,16,3246,1887,2,attribute_change,0.8435,0.8924,99,1,12,いいえ,ヤマさんヤミーさん / ペーチパイセン / アロハる☆水島神人 / 肉食ドゥブロさん / 巨大カンテツ
3,2,em-aa92178d2205,糸巻万太朗,40,5623,4260,2,attribute_change,0.8252,0.8734,99,1,11,いいえ,ヤマさんヤミーさん / ペーチパイセン / 糸巻万太朗 / ブラジリアン首都術 / 巨大カンテツ
3,3,em-f1ed908b1438,竹輪大明神,10,493,1762,2,attack_buff,0.815,0.8671,100,0,12,いいえ,ヤマさんヤミーさん / トマティーナ少佐 / 竹輪大明神 / 肉食ドゥブロさん / 巨大カンテツ
3,4,em-cb9a138787d0,摩陀羅　潮真,27,7194,1741,2,attribute_guard,0.815,0.8671,100,0,11,いいえ,アウス大先輩 / ペーチパイセン / 摩陀羅　潮真 / 肉食ドゥブロさん / 巨大カンテツ
3,5,em-a7fc49aa8c73,広報担当：アッシュ,37,5112,3748,2,attribute_guard,0.811,0.8608,96,4,11,いいえ,ヤマさんヤミーさん / ペーチパイセン / 広報担当：アッシュ / おこしんMK-2 / にほりん
3,6,em-e2c8365ae02e,ɔリバーくん,10,704,1689,3,attack_buff,0.808,0.8608,100,0,12,いいえ,ヤマさんヤミーさん / トマティーナ少佐 / ɔリバーくん / 肉食ドゥブロさん / 巨大カンテツ
3,7,em-438753e77e6c,デロスの月陽姉弟,41,3237,5453,2,heal,0.808,0.8608,100,0,12,いいえ,ヤマさんヤミーさん / ペーチパイセン / デロスの月陽姉弟 / ブラジリアン首都術 / 巨大カンテツ
3,8,em-e99bfc1ea066,ご入学ぴよ子,9,883,2397,2,attack_buff,0.801,0.8544,99,1,12,いいえ,ヤマさんヤミーさん / トマティーナ少佐 / ご入学ぴよ子 / 肉食ドゥブロさん / 巨大カンテツ
3,9,em-24b5b550f587,ジョロウグモ,10,937,2113,3,damage_reduction,0.801,0.8544,100,0,12,いいえ,ヤマさんヤミーさん / トマティーナ少佐 / ジョロウグモ / 肉食ドゥブロさん / 巨大カンテツ
3,10,em-b7b738711fb0,ちくわサンド,23,2817,2656,2,attack_buff,0.7615,0.8228,96,4,12,いいえ,アウス大先輩 / ペーチパイセン / ちくわサンド / 肉食ドゥブロさん / 巨大カンテツ
3,11,em-1e3b5bb54d35,ナナフシ,30,4175,2999,2,attribute_change,0.759,0.8228,99,1,12,いいえ,ハリウッドナナコ師匠 / アウス大先輩 / ナナフシ / 肉食ドゥブロさん / 巨大カンテツ
3,12,em-712bee050113,ターヌムンゴネキ,35,4089,4089,2,attack_buff,0.7508,0.8101,94,6,12,いいえ,ヤマさんヤミーさん / ペーチパイセン / ターヌムンゴネキ / おこしんMK-2 / 巨大カンテツ
3,13,em-950c6a19b78f,竹輪総理,6,250,1100,3,attack_buff,0.7441,0.8038,96,4,12,いいえ,ヤマさんヤミーさん / トマティーナ少佐 / 竹輪総理 / 肉食ドゥブロさん / 巨大カンテツ
3,14,em-fd76872dafaf,くまのたん,8,300,920,3,attack_buff,0.7441,0.8038,98,2,12,いいえ,ヤマさんヤミーさん / トマティーナ少佐 / くまのたん / 肉食ドゥブロさん / 巨大カンテツ
3,15,em-474d7b7d3bbe,イチャン～(から),26,3606,2850,2,aoe_attack,0.7416,0.8038,99,1,12,いいえ,アウス大先輩 / ペーチパイセン / イチャン～(から) / 肉食ドゥブロさん / 巨大カンテツ
3,16,em-ae8585ed525d,一服のうっぴー,46,6475,3408,3,heal,0.7391,0.8165,100,0,11,いいえ,ハリウッドナナコ師匠 / ペーチパイセン / 一服のうっぴー / 肉食ドゥブロさん / ブラジリアン首都術
3,17,em-8038935d7100,竜宮の翁,38,4771,3748,2,attack_buff,0.7375,0.7975,97,3,11,いいえ,ヤマさんヤミーさん / ペーチパイセン / 竜宮の翁 / おこしんMK-2 / 巨大カンテツ
3,18,em-aeee7aac1b71,ジンジャーブレッド男,20,4143,2440,2,attack_buff,0.735,0.7975,99,1,12,いいえ,ハリウッドナナコ師匠 / ヤマさんヤミーさん / ジンジャーブレッド男 / 肉食ドゥブロさん / 巨大カンテツ
3,19,em-b343077dd75f,塚井さんは4人乗り,38,4294,3374,2,attack_buff,0.731,0.7911,97,3,11,いいえ,ヤマさんヤミーさん / ペーチパイセン / 塚井さんは4人乗り / おこしんMK-2 / 巨大カンテツ
3,20,em-b54ea6cda2a4,塚井さん,38,3817,2999,2,attack_buff,0.731,0.7911,97,3,11,いいえ,ヤマさんヤミーさん / ペーチパイセン / 塚井さん / おこしんMK-2 / 巨大カンテツ
3,21,em-d77542ffe604,?????,42,6475,3067,2,attack_buff,0.731,0.7911,100,0,11,いいえ,ヤマさんヤミーさん / ペーチパイセン / ????? / 愛のぴよ子 / 巨大カンテツ
3,22,em-abc85163565c,コキリコ・QB,23,2817,2978,2,attribute_change,0.7172,0.7848,96,4,12,いいえ,アウス大先輩 / ペーチパイセン / コキリコ・QB / 肉食ドゥブロさん / 巨大カンテツ
3,23,em-4533a7697d48,謀反人ミッツ,60,6645,4430,3,damage_reduction,0.7156,0.7975,99,1,10,いいえ,ハリウッドナナコ師匠 / ペーチパイセン / 謀反人ミッツ / どーん竜馬 / ブラジリアン首都術
3,24,em-6a28c73fe6b3,はーい竜馬,8,900,900,3,attack_buff,0.7072,0.7911,100,0,12,いいえ,ヤマさんヤミーさん / 蝦夷の鬼武者 / はーい竜馬 / 愛のぴよ子 / ブラジリアン首都術
3,25,em-4d9586371e6c,鞭・打つ子さん,38,4106,4106,3,multi_hit_attack,0.7066,0.7722,97,3,11,いいえ,ヤマさんヤミーさん / ペーチパイセン / 鞭・打つ子さん / ブラジリアン首都術 / 巨大カンテツ
3,26,em-6c2ea8631e0d,深海美少年モヅルン,37,5964,2385,3,attribute_guard,0.7051,0.7658,95,5,11,いいえ,アウス大先輩 / ペーチパイセン / 深海美少年モヅルン / どーん竜馬 / 巨大カンテツ
3,27,em-361f82120d03,オイボくん,40,6645,2556,2,attack_buff,0.7026,0.7658,99,1,11,いいえ,ヤマさんヤミーさん / ペーチパイセン / オイボくん / おこしんMK-2 / 巨大カンテツ
3,28,em-68e23b3f15d7,あっぴーの外出,15,1610,3500,3,attack_buff,0.6898,0.7532,99,1,12,いいえ,ヤマさんヤミーさん / 北間・クラリス嬢 / あっぴーの外出 / 肉食ドゥブロさん / にほりん
3,29,em-95a008b67c52,権現くまのたん,22,1030,4234,2,attack_buff,0.6796,0.7658,95,5,12,いいえ,ヤマさんヤミーさん / ペーチパイセン / 権現くまのたん / 肉食ドゥブロさん / ハリウッドナナコ師匠
3,30,em-3738f743f200,復活！チワワんこ,8,1128,1269,3,heal,0.6796,0.7658,100,0,12,いいえ,ヤマさんヤミーさん / 蝦夷の鬼武者 / 復活！チワワんこ / 愛のぴよ子 / ブラジリアン首都術
3,31,em-aae4f48cb489,もん親方,28,3748,3748,2,attribute_guard,0.6789,0.7595,100,0,12,いいえ,ハリウッドナナコ師匠 / ヤマさんヤミーさん / もん親方 / 肉食ドゥブロさん / ブラジリアン首都術
3,32,em-c09c9bb81a01,蓮十郎,7,1215,1187,2,skill_reduction,0.6715,0.7595,99,1,12,いいえ,ヤマさんヤミーさん / 蝦夷の鬼武者 / 蓮十郎 / 愛のぴよ子 / ブラジリアン首都術
3,33,em-8c598f1908e7,ももとふちゃん,8,800,1000,3,heal,0.6715,0.7595,100,0,12,いいえ,ヤマさんヤミーさん / 蝦夷の鬼武者 / ももとふちゃん / 愛のぴよ子 / ブラジリアン首都術
3,34,em-d695befcbdc2,収穫☆にいがタン,26,4508,3655,3,attribute_guard,0.6623,0.7278,99,1,11,いいえ,アウス大先輩 / ペーチパイセン / 収穫☆にいがタン / 肉食ドゥブロさん / 巨大カンテツ
3,35,em-40350463a9fa,ハンドさんは泳がない,27,2044,3578,3,damage_reduction,0.6623,0.7278,100,0,11,いいえ,アウス大先輩 / ペーチパイセン / ハンドさんは泳がない / 肉食ドゥブロさん / 巨大カンテツ
3,36,em-f781988d359e,ヤル気勢！うっす様,11,500,1300,2,attack_buff,0.6616,0.7532,100,0,12,いいえ,ヤマさんヤミーさん / 蝦夷の鬼武者 / ヤル気勢！うっす様 / 愛のぴよ子 / ウシュか☆丸か
3,37,em-bbda291d459c,漆黒及び純白のポワン,20,1704,2896,3,guard,0.6561,0.7215,93,7,12,いいえ,アウス大先輩 / ペーチパイセン / 漆黒及び純白のポワン / 肉食ドゥブロさん / 巨大カンテツ
3,38,em-4dc27428f645,よりりんＫ林スタイル,24,2576,2576,2,attribute_change,0.6561,0.7215,97,3,12,いいえ,アウス大先輩 / ペーチパイセン / よりりんＫ林スタイル / 肉食ドゥブロさん / 巨大カンテツ
3,39,em-edd2253df045,怪奇！変身鬼人形,25,3408,3834,3,attribute_change,0.6561,0.7215,98,2,12,いいえ,アウス大先輩 / ペーチパイセン / 怪奇！変身鬼人形 / 肉食ドゥブロさん / 巨大カンテツ
3,40,em-4805525cb8a4,ｴﾝｾﾞﾘｯｸ☆エンゼル,60,6816,4771,3,heal,0.6556,0.7471,99,1,10,いいえ,アウス大先輩 / ペーチパイセン / ｴﾝｾﾞﾘｯｸ☆エンゼル / おこしんMK-2 / ウシュか☆丸か
3,41,em-065f680177c4,ﾍﾟﾀももたろす,17,3059,3059,2,attribute_change,0.6499,0.7152,90,10,12,いいえ,アウス大先輩 / ペーチパイセン / ﾍﾟﾀももたろす / 肉食ドゥブロさん / 巨大カンテツ
3,42,em-22dd126a0f3a,どーん竜馬,17,2898,2898,3,attack_buff,0.6499,0.7152,90,10,12,いいえ,アウス大先輩 / ペーチパイセン / どーん竜馬 / 肉食ドゥブロさん / 巨大カンテツ
3,43,em-0fd17c65da62,大患部！ぴよ子大佐,18,2415,2861,2,multi_hit_attack,0.6499,0.7152,91,9,11,いいえ,アウス大先輩 / ペーチパイセン / 大患部！ぴよ子大佐 / 肉食ドゥブロさん / 巨大カンテツ
3,44,em-05de078a2e7c,幼妻！エンゼルちゃん,22,1993,2913,3,heal,0.6499,0.7152,95,5,12,いいえ,アウス大先輩 / ペーチパイセン / 幼妻！エンゼルちゃん / 肉食ドゥブロさん / 巨大カンテツ
3,45,em-7e4426102b17,タンジャンじゃん,22,3139,3139,3,revive,0.6499,0.7152,95,5,12,いいえ,アウス大先輩 / ペーチパイセン / タンジャンじゃん / 肉食ドゥブロさん / 巨大カンテツ
3,46,em-81078d011501,年齢不詳！エンゼル様,22,2215,3237,3,heal,0.6499,0.7152,95,5,12,いいえ,アウス大先輩 / ペーチパイセン / 年齢不詳！エンゼル様 / 肉食ドゥブロさん / 巨大カンテツ
3,47,em-86e0d0475819,使い魔のミナヅキ,22,2385,3067,2,attack_buff,0.6499,0.7152,95,5,12,いいえ,アウス大先輩 / ペーチパイセン / 使い魔のミナヅキ / 肉食ドゥブロさん / 巨大カンテツ
3,48,em-62994b487456,浪漫歌人♪晶子さん,25,3059,3059,2,revive,0.6499,0.7152,98,2,12,いいえ,アウス大先輩 / ペーチパイセン / 浪漫歌人♪晶子さん / 肉食ドゥブロさん / 巨大カンテツ
3,49,em-9d7275c7d84e,ハンドさんの匍匐前進,27,1840,3220,3,damage_reduction,0.6499,0.7152,100,0,11,いいえ,アウス大先輩 / ペーチパイセン / ハンドさんの匍匐前進 / 肉食ドゥブロさん / 巨大カンテツ
3,50,em-cf78c5cc3134,オタテカモ次郎,28,4186,3059,2,attribute_change,0.648,0.7342,94,6,12,いいえ,アウス大先輩 / ペーチパイセン / オタテカモ次郎 / 肉食ドゥブロさん / おこしんMK-2
3,51,em-587d1ec0e30f,偉人さんトーマスん,14,1359,2038,2,attribute_change,0.6475,0.7152,97,3,12,いいえ,ヤマさんヤミーさん / ペーチパイセン / 偉人さんトーマスん / 肉食ドゥブロさん / 巨大カンテツ
3,52,em-845e49247e45,ウサポワン海人,20,1533,2607,3,guard,0.6437,0.7089,93,7,12,いいえ,アウス大先輩 / ペーチパイセン / ウサポワン海人 / 肉食ドゥブロさん / 巨大カンテツ
3,53,em-9f9bdf00a915,ハンドフィッシュさん,27,1635,2862,3,damage_reduction,0.6437,0.7089,100,0,11,いいえ,アウス大先輩 / ペーチパイセン / ハンドフィッシュさん / 肉食ドゥブロさん / 巨大カンテツ
3,54,em-bca7c94c15fe,ひろしマンＲ,10,1128,1128,2,heal,0.6394,0.7342,99,1,12,いいえ,ヤマさんヤミーさん / 蝦夷の鬼武者 / ひろしマンＲ / 愛のぴよ子 / ウシュか☆丸か
3,55,em-c4b0b6848f16,?????,17,2828,2470,3,skill_reduction,0.6376,0.7025,90,10,12,いいえ,アウス大先輩 / ペーチパイセン / ????? / 肉食ドゥブロさん / 巨大カンテツ
3,56,em-e3e851204c8b,イカすぜ！よりりん,18,2576,2576,2,attribute_change,0.6376,0.7025,91,9,11,いいえ,アウス大先輩 / ペーチパイセン / イカすぜ！よりりん / 肉食ドゥブロさん / 巨大カンテツ
3,57,em-942c8f8de44d,エンゼルちゃん,22,1772,2590,3,heal,0.6376,0.7025,95,5,12,いいえ,アウス大先輩 / ペーチパイセン / エンゼルちゃん / 肉食ドゥブロさん / 巨大カンテツ
3,58,em-252e0359c5e1,巳ーちゃん,25,3451,2599,3,multi_hit_attack,0.6376,0.7025,98,2,12,いいえ,アウス大先輩 / ペーチパイセン / 巳ーちゃん / 肉食ドゥブロさん / 巨大カンテツ
3,59,em-42c90dd17240,GSPS！秀郷先生,34,3578,4601,2,attack_buff,0.6355,0.7215,100,0,11,いいえ,アウス大先輩 / ペーチパイセン / GSPS！秀郷先生 / 肉食ドゥブロさん / おこしんMK-2
3,60,em-ed21bd124ab2,牛タソ☆行進曲,14,755,1812,2,guard,0.6353,0.7025,97,3,12,いいえ,ヤマさんヤミーさん / ペーチパイセン / 牛タソ☆行進曲 / 肉食ドゥブロさん / 巨大カンテツ
3,61,em-acc7e76f32c6,満開☆チゥりっぷちゃん,20,563,2957,2,attribute_change,0.6349,0.7152,93,7,12,いいえ,アウス大先輩 / ペーチパイセン / 満開☆チゥりっぷちゃん / 肉食ドゥブロさん / 巨大カンテツ
3,62,em-8de6e4494a60,称えよ☆メジェド様！,25,2415,2415,2,guard,0.6302,0.7215,98,2,12,いいえ,ヤマさんヤミーさん / ペーチパイセン / 称えよ☆メジェド様！ / 肉食ドゥブロさん / ハリウッドナナコ師匠
3,63,em-9c37bba7df0f,ＫＲ２ジョー少尉,11,495,1105,3,attack_buff,0.6252,0.7215,100,0,12,いいえ,ヤマさんヤミーさん / 蝦夷の鬼武者 / ＫＲ２ジョー少尉 / 愛のぴよ子 / ウシュか☆丸か
3,64,em-65d0268c18cf,うっす様。,6,200,900,2,attack_buff,0.6213,0.7089,98,2,12,いいえ,ヤマさんヤミーさん / 蝦夷の鬼武者 / うっす様。 / 愛のぴよ子 / ブラジリアン首都術
3,65,em-93a9275d427c,肉食ドゥブロさん,32,5106,3404,3,attack_buff,0.6208,0.6899,99,1,12,いいえ,ヤマさんヤミーさん / アウス大先輩 / 肉食ドゥブロさん / ブラジリアン首都術 / 巨大カンテツ
3,66,em-d0ab149939aa,製鉄所★澤先輩,24,5313,1771,3,skill_reduction,0.6186,0.6899,97,3,12,いいえ,アウス大先輩 / ペーチパイセン / 製鉄所★澤先輩 / 肉食ドゥブロさん / 巨大カンテツ
3,67,em-a0601347b042,グラーツ君,36,2896,5282,3,attack_buff,0.6184,0.6962,95,5,12,いいえ,ヤマさんヤミーさん / ペーチパイセン / グラーツ君 / おこしんMK-2 / 巨大カンテツ
3,68,em-2c691fe63d0d,ブッシュドノエルん,38,3652,5354,2,attack_buff,0.6184,0.6962,96,4,11,いいえ,ヤマさんヤミーさん / ペーチパイセン / ブッシュドノエルん / 愛のぴよ子 / 巨大カンテツ
3,69,em-76691ebd833d,特攻のびゃこ,38,2641,6219,2,attack_buff,0.6184,0.6962,96,4,11,いいえ,ヤマさんヤミーさん / ペーチパイセン / 特攻のびゃこ / 愛のぴよ子 / 巨大カンテツ
3,70,em-aff304b1eab4,日本一の桃たろす,42,4260,5964,2,attribute_change,0.6184,0.6962,100,0,11,いいえ,ヤマさんヤミーさん / ペーチパイセン / 日本一の桃たろす / 愛のぴよ子 / 巨大カンテツ
3,71,em-b95ac93b816d,キタキツネの神様,29,3748,4771,3,attack_buff,0.6171,0.6835,98,2,12,いいえ,ハリウッドナナコ師匠 / アウス大先輩 / キタキツネの神様 / 肉食ドゥブロさん / 巨大カンテツ
3,72,em-ab9b2ce76191,B・O・B,37,4935,3244,3,delay,0.6164,0.6899,96,4,11,いいえ,ヤマさんヤミーさん / ペーチパイセン / B・O・B / おこしんMK-2 / 巨大カンテツ
3,73,em-7fd9b48cee31,七夕星人☆たたるんるん,20,3220,1610,2,attack_buff,0.6087,0.6772,93,7,12,いいえ,アウス大先輩 / ペーチパイセン / 七夕星人☆たたるんるん / 肉食ドゥブロさん / 巨大カンテツ
3,74,em-c6e2304d0b02,パプアさん,26,3365,2270,3,damage_reduction,0.6087,0.6772,99,1,12,いいえ,アウス大先輩 / ペーチパイセン / パプアさん / 肉食ドゥブロさん / 巨大カンテツ
3,75,em-d6397e37a32d,三山くまのたん,17,500,1900,3,attack_buff,0.6075,0.6709,96,4,12,いいえ,ハリウッドナナコ師匠 / ヤマさんヤミーさん / 三山くまのたん / 肉食ドゥブロさん / 巨大カンテツ
3,76,em-3ea6ac9a0933,オリバーWITHソー,8,400,800,3,attack_buff,0.6072,0.6962,100,0,12,いいえ,ヤマさんヤミーさん / 蝦夷の鬼武者 / オリバーWITHソー / 愛のぴよ子 / ブラジリアン首都術
3,77,em-fa3191833d67,エヴァン,28,3381,2776,2,damage_reduction,0.6065,0.6899,100,0,12,いいえ,ハリウッドナナコ師匠 / ヤマさんヤミーさん / エヴァン / 肉食ドゥブロさん / ブラジリアン首都術
3,78,em-1eb5e932843b,ダンブッラの蘭,38,5112,3578,2,damage_reduction,0.6065,0.6772,97,3,12,いいえ,ヤマさんヤミーさん / ペーチパイセン / ダンブッラの蘭 / ブラジリアン首都術 / 巨大カンテツ
3,79,em-cf5373dcdc2a,コンゴーニャスパス,17,1886,1723,3,guard,0.6046,0.6899,100,0,11,いいえ,ヤマさんヤミーさん / トマティーナ少佐 / コンゴーニャスパス / 肉食ドゥブロさん / ブラジリアン首都術
3,80,em-301c11f4a1d7,ウサポワンちゃん,20,1363,2317,3,guard,0.6028,0.6709,93,7,12,いいえ,アウス大先輩 / ペーチパイセン / ウサポワンちゃん / 肉食ドゥブロさん / 巨大カンテツ
3,81,em-bc514db974f0,化石人骨ルーシー,23,3783,2173,3,revive,0.6028,0.6709,96,4,12,いいえ,アウス大先輩 / ペーチパイセン / 化石人骨ルーシー / 肉食ドゥブロさん / 巨大カンテツ
3,82,em-8b0ee22a5cd7,ドナドナう皮,26,1676,1664,3,guard,0.6028,0.6709,99,1,11,いいえ,アウス大先輩 / ペーチパイセン / ドナドナう皮 / 肉食ドゥブロさん / 巨大カンテツ
3,83,em-a3563f41a151,ラクダンデス隊長,38,4941,3578,2,guard,0.6022,0.6772,97,3,12,いいえ,ヤマさんヤミーさん / ペーチパイセン / ラクダンデス隊長 / ブラジリアン首都術 / 巨大カンテツ
3,84,em-6fd11d4d3308,超天狗くまのたん,35,1704,7497,3,attack_buff,0.6002,0.6772,94,6,12,いいえ,ヤマさんヤミーさん / ペーチパイセン / 超天狗くまのたん / ブラジリアン首都術 / 巨大カンテツ
3,85,em-983cb2f685ee,再びニートだ浅ちゃん,40,2044,6816,2,attack_buff,0.6002,0.6772,98,2,11,いいえ,ヤマさんヤミーさん / ペーチパイセン / 再びニートだ浅ちゃん / 愛のぴよ子 / 巨大カンテツ
3,86,em-824a4dbb010c,守護天狗くまのたん,41,1874,7668,3,aoe_attack,0.6002,0.6772,99,1,11,いいえ,ヤマさんヤミーさん / ペーチパイセン / 守護天狗くまのたん / 愛のぴよ子 / 巨大カンテツ
3,87,em-010ca8278422,伊賀NINJA!,42,1704,5112,3,skill_reduction,0.6002,0.6772,100,0,11,いいえ,ヤマさんヤミーさん / ペーチパイセン / 伊賀NINJA! / 愛のぴよ子 / 巨大カンテツ
3,88,em-f334c541bf84,納得ん★福曼荼羅,17,1763,1860,2,attribute_change,0.5968,0.6646,90,10,12,いいえ,アウス大先輩 / ペーチパイセン / 納得ん★福曼荼羅 / 肉食ドゥブロさん / 巨大カンテツ
3,89,em-d5ed773d56cd,夏至祭のヴァサクサ君,18,3976,2156,2,skill_reduction,0.5967,0.6835,94,6,11,いいえ,ヤマさんヤミーさん / ペーチパイセン / 夏至祭のヴァサクサ君 / 肉食ドゥブロさん / おこしんMK-2
3,90,em-ae529aca2139,夜鳥の会会長,35,3408,4260,3,attribute_change,0.5943,0.6899,99,1,12,いいえ,アウス大先輩 / 北間・クラリス嬢 / 夜鳥の会会長 / 肉食ドゥブロさん / ウシュか☆丸か
3,91,em-4f0b20692fd7,コンドアーズ,17,273,2120,3,attack_buff,0.5933,0.6582,96,4,12,いいえ,ハリウッドナナコ師匠 / ヤマさんヤミーさん / コンドアーズ / 肉食ドゥブロさん / 巨大カンテツ
3,92,em-eb8dcb3ecb46,ヨーコ須賀パイセン,45,5964,3237,3,attribute_guard,0.5907,0.6772,97,3,11,いいえ,ヤマさんヤミーさん / ペーチパイセン / ヨーコ須賀パイセン / おこしんMK-2 / ブラジリアン首都術
3,93,em-7f58743c664e,ポリミタス☆おかいこ,34,4771,3069,2,attribute_change,0.5902,0.6709,100,0,11,いいえ,アウス大先輩 / ペーチパイセン / ポリミタス☆おかいこ / 肉食ドゥブロさん / おこしんMK-2
3,94,em-7b7bc6faa9ba,パティは実況勢,41,5623,3352,2,damage_reduction,0.5882,0.6646,100,0,12,いいえ,ヤマさんヤミーさん / ペーチパイセン / パティは実況勢 / おこしんMK-2 / 巨大カンテツ
3,95,em-1de8c880f196,ヴィヒー先生,17,2114,2718,2,damage_reduction,0.5811,0.6709,100,0,11,いいえ,ヤマさんヤミーさん / トマティーナ少佐 / ヴィヒー先生 / 肉食ドゥブロさん / ブラジリアン首都術
3,96,em-b0a135da294f,デンマーくん三世,6,800,600,3,guard,0.5805,0.6772,98,2,12,いいえ,ヤマさんヤミーさん / 蝦夷の鬼武者 / デンマーくん三世 / 愛のぴよ子 / ブラジリアン首都術
3,97,em-6e1b672bdbe8,いやひこにゃん,18,2718,1057,3,delay,0.5805,0.6519,91,9,11,いいえ,アウス大先輩 / ペーチパイセン / いやひこにゃん / 肉食ドゥブロさん / 巨大カンテツ
3,98,em-2d728f34a59e,へーい竜馬,14,1500,1500,3,attack_buff,0.5805,0.6519,97,3,12,いいえ,ヤマさんヤミーさん / ペーチパイセン / へーい竜馬 / 肉食ドゥブロさん / 巨大カンテツ
3,99,em-9ec6297ea6ca,バスてとにゃん,38,4260,4771,3,attack_buff,0.5783,0.6519,99,1,10,いいえ,ハリウッドナナコ師匠 / ペーチパイセン / バスてとにゃん / 肉食ドゥブロさん / 巨大カンテツ
3,100,em-29cc8a9cf9cd,ビール売りの小娘,18,1516,3638,3,skill_reduction,0.5768,0.6456,97,3,11,いいえ,ハリウッドナナコ師匠 / ヤマさんヤミーさん / ビール売りの小娘 / 肉食ドゥブロさん / 巨大カンテツ
3,101,em-5a100f5215c1,オリバーTHEトイ,6,300,600,3,attack_buff,0.5733,0.6646,98,2,12,いいえ,ヤマさんヤミーさん / 蝦夷の鬼武者 / オリバーTHEトイ / 愛のぴよ子 / ブラジリアン首都術
3,102,em-900d96f0b1d7,修験くまのたん,12,400,1200,3,attack_buff,0.5733,0.6392,91,9,12,いいえ,ハリウッドナナコ師匠 / ヤマさんヤミーさん / 修験くまのたん / 肉食ドゥブロさん / 巨大カンテツ
3,103,em-795ca1ffcb95,カム着火べあぱわー,12,664,2355,2,attack_buff,0.571,0.6392,91,9,12,いいえ,ハリウッドナナコ師匠 / ヤマさんヤミーさん / カム着火べあぱわー / 肉食ドゥブロさん / 巨大カンテツ
3,104,em-a7be30f0211a,烏枢さま降臨！,13,1359,2416,2,attack_buff,0.571,0.6392,92,8,12,いいえ,ハリウッドナナコ師匠 / ヤマさんヤミーさん / 烏枢さま降臨！ / 肉食ドゥブロさん / 巨大カンテツ
3,105,em-ea000314e767,ＫＲ２ジョー少佐,13,921,2476,3,attack_buff,0.571,0.6392,92,8,12,いいえ,ハリウッドナナコ師匠 / ヤマさんヤミーさん / ＫＲ２ジョー少佐 / 肉食ドゥブロさん / 巨大カンテツ
3,106,em-4c2a43ecd770,ナンマトル君,14,2115,2115,2,skill_reduction,0.571,0.6392,93,7,12,いいえ,ハリウッドナナコ師匠 / ヤマさんヤミーさん / ナンマトル君 / 肉食ドゥブロさん / 巨大カンテツ
3,107,em-da8da47e0c9c,さるぼぼ・ぼーぼぼ,14,1661,2114,3,aoe_attack,0.571,0.6392,93,7,12,いいえ,ハリウッドナナコ師匠 / ヤマさんヤミーさん / さるぼぼ・ぼーぼぼ / 肉食ドゥブロさん / 巨大カンテツ
3,108,em-b422734eb78b,たたーる星人,15,1812,1510,2,attack_buff,0.571,0.6392,94,6,12,いいえ,ハリウッドナナコ師匠 / ヤマさんヤミーさん / たたーる星人 / 肉食ドゥブロさん / 巨大カンテツ
3,109,em-c358a9d61a43,PiぐPeんとBiぐBeん,15,1208,1510,2,attack_buff,0.571,0.6392,94,6,12,いいえ,ハリウッドナナコ師匠 / ヤマさんヤミーさん / PiぐPeんとBiぐBeん / 肉食ドゥブロさん / 巨大カンテツ
3,110,em-fea44f2a7dd8,だが男だ彦にゃん,15,2793,1132,3,skill_reduction,0.571,0.6392,94,6,12,いいえ,ハリウッドナナコ師匠 / ヤマさんヤミーさん / だが男だ彦にゃん / 肉食ドゥブロさん / 巨大カンテツ
3,111,em-d22cc44e6b53,ニタりん,16,1090,2044,3,multi_hit_attack,0.571,0.6392,95,5,12,いいえ,ハリウッドナナコ師匠 / ヤマさんヤミーさん / ニタりん / 肉食ドゥブロさん / 巨大カンテツ
3,112,em-e778e99b9218,不敵な笑みのニタりん,16,1363,2556,3,multi_hit_attack,0.571,0.6392,95,5,12,いいえ,ハリウッドナナコ師匠 / ヤマさんヤミーさん / 不敵な笑みのニタりん / 肉食ドゥブロさん / 巨大カンテツ
3,113,em-0d48fb639618,どうする？リオンさん,18,2093,2737,3,delay,0.571,0.6392,97,3,11,いいえ,ハリウッドナナコ師匠 / ヤマさんヤミーさん / どうする？リオンさん / 肉食ドゥブロさん / 巨大カンテツ
3,114,em-e2135a9d657f,ねぶるータスお前もか,18,2173,2656,2,attack_buff,0.571,0.6392,97,3,11,いいえ,ハリウッドナナコ師匠 / ヤマさんヤミーさん / ねぶるータスお前もか / 肉食ドゥブロさん / 巨大カンテツ
3,115,em-28f044d525d7,スーリヤ様が見てる,7,489,1446,3,skill_reduction,0.571,0.6392,98,2,12,いいえ,アウス大先輩 / ヤマさんヤミーさん / スーリヤ様が見てる / 肉食ドゥブロさん / 巨大カンテツ
3,116,em-489782f8e31c,愛のぴよ子,7,1631,1993,3,heal,0.571,0.6392,98,2,12,いいえ,アウス大先輩 / ヤマさんヤミーさん / 愛のぴよ子 / 肉食ドゥブロさん / 巨大カンテツ
3,117,em-640d19558093,聖なる打毬神！みるるん,19,1208,1963,2,attack_buff,0.571,0.6392,98,2,11,いいえ,ハリウッドナナコ師匠 / ヤマさんヤミーさん / 聖なる打毬神！みるるん / 肉食ドゥブロさん / 巨大カンテツ
3,118,em-5f5281ba5e2a,黄泉還り！反魂タン,9,1812,1963,3,revive,0.571,0.6392,100,0,12,いいえ,アウス大先輩 / ヤマさんヤミーさん / 黄泉還り！反魂タン / 肉食ドゥブロさん / 巨大カンテツ
3,119,em-c37c2a529421,ディワリのｱﾗｸｼｭﾐｰ,38,4771,3408,2,heal,0.5683,0.6456,97,3,12,いいえ,ヤマさんヤミーさん / ペーチパイセン / ディワリのｱﾗｸｼｭﾐｰ / ブラジリアン首都術 / 巨大カンテツ
3,120,em-59636157ae2e,コーベンパイア天爵,45,5282,1757,2,damage_reduction,0.5673,0.6582,99,1,11,いいえ,ハリウッドナナコ師匠 / ペーチパイセン / コーベンパイア天爵 / 肉食ドゥブロさん / ブラジリアン首都術
3,121,em-b041a6f6cf00,テヅルモヅルン,37,5367,2147,3,attribute_guard,0.5666,0.6392,98,2,11,いいえ,ハリウッドナナコ師匠 / ペーチパイセン / テヅルモヅルン / 肉食ドゥブロさん / にほりん
3,122,em-9ac3c0929f90,オコオコ,11,1704,1704,3,attack_buff,0.5652,0.6329,90,10,11,いいえ,ハリウッドナナコ師匠 / ヤマさんヤミーさん / オコオコ / 肉食ドゥブロさん / 巨大カンテツ
3,123,em-6870ddfd0fbb,大道芸！エʃ＆エʒ,12,1661,1661,3,skill_reduction,0.5652,0.6329,91,9,12,いいえ,ハリウッドナナコ師匠 / ヤマさんヤミーさん / 大道芸！エʃ＆エʒ / 肉食ドゥブロさん / 巨大カンテツ
3,124,em-6e472849dc37,ほーい竜馬,12,1100,1100,3,attack_buff,0.5652,0.6329,91,9,12,いいえ,ハリウッドナナコ師匠 / ヤマさんヤミーさん / ほーい竜馬 / 肉食ドゥブロさん / 巨大カンテツ
3,125,em-c573b4be1553,ｷﾞｶﾞももたろす,12,1300,1300,3,attribute_change,0.5652,0.6329,91,9,12,いいえ,ハリウッドナナコ師匠 / ヤマさんヤミーさん / ｷﾞｶﾞももたろす / 肉食ドゥブロさん / 巨大カンテツ
3,126,em-ab3cf42ca015,銘菓ぴよ子零式,15,1155,1255,3,multi_hit_attack,0.5652,0.6329,94,6,12,いいえ,ハリウッドナナコ師匠 / ヤマさんヤミーさん / 銘菓ぴよ子零式 / 肉食ドゥブロさん / 巨大カンテツ
3,127,em-d3961c13041f,光るぜ！よりりん,15,1200,1200,3,attribute_change,0.5652,0.6329,94,6,12,いいえ,ハリウッドナナコ師匠 / ヤマさんヤミーさん / 光るぜ！よりりん / 肉食ドゥブロさん / 巨大カンテツ
3,128,em-e3dd4898ff56,ﾃﾗももたろす,15,1600,1600,3,attribute_change,0.5652,0.6329,94,6,12,いいえ,ハリウッドナナコ師匠 / ヤマさんヤミーさん / ﾃﾗももたろす / 肉食ドゥブロさん / 巨大カンテツ
3,129,em-452bfe576bb9,ねぶるータス,16,950,1350,2,attack_buff,0.5652,0.6329,95,5,12,いいえ,ハリウッドナナコ師匠 / ヤマさんヤミーさん / ねぶるータス / 肉食ドゥブロさん / 巨大カンテツ
3,130,em-504b87d4019a,ニタリくん,16,817,1533,3,multi_hit_attack,0.5652,0.6329,95,5,12,いいえ,ハリウッドナナコ師匠 / ヤマさんヤミーさん / ニタリくん / 肉食ドゥブロさん / 巨大カンテツ
3,131,em-6c215846fcb0,アン・ごろう,16,1356,1189,2,attack_buff,0.5652,0.6329,95,5,12,いいえ,ハリウッドナナコ師匠 / ヤマさんヤミーさん / アン・ごろう / 肉食ドゥブロさん / 巨大カンテツ
3,132,em-690b5b221287,メルクさん,17,2114,1812,2,aoe_attack,0.5652,0.6329,96,4,12,いいえ,ハリウッドナナコ師匠 / ヤマさんヤミーさん / メルクさん / 肉食ドゥブロさん / 巨大カンテツ
3,133,em-d86fc6931627,ふくしメイト・じゅん,19,1812,1661,3,skill_reduction,0.5652,0.6329,98,2,11,いいえ,ハリウッドナナコ師匠 / ヤマさんヤミーさん / ふくしメイト・じゅん / 肉食ドゥブロさん / 巨大カンテツ
3,134,em-f4980131820e,ﾊﾛｳｨﾝのヴラドさん,41,4089,1757,2,damage_reduction,0.5645,0.6392,100,0,12,いいえ,ヤマさんヤミーさん / ペーチパイセン / ﾊﾛｳｨﾝのヴラドさん / ブラジリアン首都術 / 巨大カンテツ
3,135,em-1c72b25f9096,エッシュ＆エッジュ,10,800,800,3,skill_reduction,0.5636,0.6646,99,1,12,いいえ,ヤマさんヤミーさん / 蝦夷の鬼武者 / エッシュ＆エッジュ / 愛のぴよ子 / ウシュか☆丸か
3,136,em-c47afb60b613,三重子先輩,10,800,800,2,attribute_change,0.5636,0.6646,99,1,12,いいえ,ヤマさんヤミーさん / 蝦夷の鬼武者 / 三重子先輩 / 愛のぴよ子 / ウシュか☆丸か
3,137,em-d020ce26e899,ＴＡＳマニア先輩,40,5964,3418,3,skill_reduction,0.5624,0.6392,99,1,11,いいえ,ヤマさんヤミーさん / ペーチパイセン / ＴＡＳマニア先輩 / おこしんMK-2 / 巨大カンテツ
3,138,em-2d076c59c4b7,わんこーラスそば,6,600,700,3,heal,0.5607,0.6582,98,2,12,いいえ,ヤマさんヤミーさん / 蝦夷の鬼武者 / わんこーラスそば / 愛のぴよ子 / ブラジリアン首都術
3,139,em-1ec49f290f1e,ʌっぴーちゃん,8,1762,634,2,heal,0.5607,0.6582,100,0,12,いいえ,ヤマさんヤミーさん / 蝦夷の鬼武者 / ʌっぴーちゃん / 愛のぴよ子 / ブラジリアン首都術
3,140,em-c98972302fbd,爆誕！うっす様,9,300,1000,2,attack_buff,0.5594,0.6266,88,12,12,いいえ,ハリウッドナナコ師匠 / ヤマさんヤミーさん / 爆誕！うっす様 / 肉食ドゥブロさん / 巨大カンテツ
3,141,em-0b273c3da2d3,ぴぐぺん＆びぐべん,12,700,900,2,attack_buff,0.5571,0.6266,91,9,12,いいえ,ハリウッドナナコ師匠 / ヤマさんヤミーさん / ぴぐぺん＆びぐべん / 肉食ドゥブロさん / 巨大カンテツ
3,142,em-6ff1562355a9,ファジル先生,12,2256,1128,2,multi_hit_attack,0.5537,0.6203,91,9,12,いいえ,ハリウッドナナコ師匠 / ヤマさんヤミーさん / ファジル先生 / 肉食ドゥブロさん / 巨大カンテツ
3,143,em-dc5f853080a2,ねぶるー,12,590,630,2,attack_buff,0.5537,0.6203,91,9,12,いいえ,ハリウッドナナコ師匠 / ヤマさんヤミーさん / ねぶるー / 肉食ドゥブロさん / 巨大カンテツ
3,144,em-f33518363cb8,マチョリスト☆ばん,13,1410,775,2,attack_buff,0.5537,0.6203,92,8,12,いいえ,ハリウッドナナコ師匠 / ヤマさんヤミーさん / マチョリスト☆ばん / 肉食ドゥブロさん / 巨大カンテツ
3,145,em-2e3e250aef5e,IMO NI FESTIVAL 2018,14,1837,1161,3,aoe_attack,0.5537,0.6203,93,7,12,いいえ,ハリウッドナナコ師匠 / ヤマさんヤミーさん / IMO NI FESTIVAL 2018 / 肉食ドゥブロさん / 巨大カンテツ
3,146,em-a71cd0e28586,ねぶるーさん,14,770,830,2,attack_buff,0.5537,0.6203,93,7,12,いいえ,ハリウッドナナコ師匠 / ヤマさんヤミーさん / ねぶるーさん / 肉食ドゥブロさん / 巨大カンテツ
3,147,em-c749ad6eefee,トーテムゆ～る,16,1413,1201,3,delay,0.5537,0.6203,95,5,12,いいえ,ハリウッドナナコ師匠 / ヤマさんヤミーさん / トーテムゆ～る / 肉食ドゥブロさん / 巨大カンテツ
3,148,em-4fddbba71de4,大熊びぐべん,9,600,700,2,attack_buff,0.5514,0.6203,88,12,12,いいえ,ハリウッドナナコ師匠 / ヤマさんヤミーさん / 大熊びぐべん / 肉食ドゥブロさん / 巨大カンテツ
3,149,em-e9a9af4ae9bc,梨豚ぴぐぺん,6,500,600,2,attack_buff,0.5514,0.6203,97,3,12,いいえ,アウス大先輩 / ヤマさんヤミーさん / 梨豚ぴぐぺん / 肉食ドゥブロさん / 巨大カンテツ
3,150,em-2def672b1533,バターリャ後悔王子,30,3213,3213,3,damage_reduction,0.5507,0.6266,99,1,11,いいえ,ハリウッドナナコ師匠 / アウス大先輩 / バターリャ後悔王子 / 肉食ドゥブロさん / 巨大カンテツ
3,151,em-845ebf2f059a,うどんの女神,39,4771,2385,2,multi_hit_attack,0.5507,0.6266,100,0,11,いいえ,ハリウッドナナコ師匠 / ペーチパイセン / うどんの女神 / 肉食ドゥブロさん / 巨大カンテツ
3,152,em-5ad05ec11a09,三連星のオコオコ,37,3834,3834,3,multi_hit_attack,0.5449,0.6203,98,2,10,いいえ,ハリウッドナナコ師匠 / ペーチパイセン / 三連星のオコオコ / 肉食ドゥブロさん / 巨大カンテツ
3,153,em-dce9e83b7c07,長靴履いたなろう猫,42,3786,2726,3,attribute_change,0.5449,0.6203,100,0,11,いいえ,ヤマさんヤミーさん / ペーチパイセン / 長靴履いたなろう猫 / 愛のぴよ子 / 巨大カンテツ
3,154,em-30e34a964d63,デンマーくん二世,5,700,450,3,guard,0.5443,0.6392,97,3,12,いいえ,ヤマさんヤミーさん / 蝦夷の鬼武者 / デンマーくん二世 / 愛のぴよ子 / ブラジリアン首都術
3,155,em-076deec8d0c8,羊蟹☆こ祝いくん,24,2093,2737,3,delay,0.5429,0.6203,97,3,12,いいえ,アウス大先輩 / ペーチパイセン / 羊蟹☆こ祝いくん / 肉食ドゥブロさん / 巨大カンテツ
3,156,em-cf3fd175f595,プチさんグロさん,27,2807,2895,2,aoe_attack,0.5429,0.6203,100,0,11,いいえ,アウス大先輩 / ペーチパイセン / プチさんグロさん / 肉食ドゥブロさん / 巨大カンテツ
3,157,em-7419b64dec0e,天の飛龍巻,42,5623,3748,2,attribute_change,0.5412,0.6139,100,0,11,いいえ,ヤマさんヤミーさん / ペーチパイセン / 天の飛龍巻 / 愛のぴよ子 / 巨大カンテツ
3,158,em-3e7f24f8564c,かずらさん,6,450,650,2,guard,0.5395,0.6392,98,2,12,いいえ,ヤマさんヤミーさん / 蝦夷の鬼武者 / かずらさん / 愛のぴよ子 / ブラジリアン首都術
3,159,em-99460641a41d,奇岩妖精ペリバじゃん,40,6816,852,3,attack_buff,0.5391,0.6139,99,1,11,いいえ,ヤマさんヤミーさん / ペーチパイセン / 奇岩妖精ペリバじゃん / おこしんMK-2 / 巨大カンテツ
3,160,em-4ea698949c11,侵略成功!?イカ翁,20,1131,1272,2,revive,0.5371,0.6139,93,7,13,いいえ,アウス大先輩 / ペーチパイセン / 侵略成功!?イカ翁 / 肉食ドゥブロさん / 巨大カンテツ
3,161,em-ead779b4526c,乗っとるダム制度君,8,2115,535,2,revive,0.5367,0.6329,100,0,12,いいえ,ヤマさんヤミーさん / 蝦夷の鬼武者 / 乗っとるダム制度君 / 愛のぴよ子 / ブラジリアン首都術
3,162,em-9d511711422e,禍殃☆ももとふ姫,17,2737,3059,3,heal,0.5351,0.6139,100,0,11,いいえ,ヤマさんヤミーさん / ペーチパイセン / 禍殃☆ももとふ姫 / 肉食ドゥブロさん / 巨大カンテツ
3,163,em-efebd27cd58d,新・ひろしマン,7,600,600,3,heal,0.5335,0.6329,99,1,12,いいえ,ヤマさんヤミーさん / 蝦夷の鬼武者 / 新・ひろしマン / 愛のぴよ子 / ブラジリアン首都術
3,164,em-860d0191c03c,太子くん,8,650,590,2,heal,0.5335,0.6329,100,0,12,いいえ,ヤマさんヤミーさん / 蝦夷の鬼武者 / 太子くん / 愛のぴよ子 / ブラジリアン首都術
3,165,em-e07aaef6bd6e,三重子ちゃん,8,603,602,3,attribute_change,0.5335,0.6329,100,0,12,いいえ,ヤマさんヤミーさん / 蝦夷の鬼武者 / 三重子ちゃん / 愛のぴよ子 / ブラジリアン首都術
3,166,em-e44c80aa58d3,二条嬢,8,620,600,2,attribute_guard,0.5335,0.6329,100,0,12,いいえ,ヤマさんヤミーさん / 蝦夷の鬼武者 / 二条嬢 / 愛のぴよ子 / ブラジリアン首都術
3,167,em-eeba5b4dcba6,カニパンだっ！,23,2737,2415,2,guard,0.5313,0.6076,96,4,12,いいえ,アウス大先輩 / ペーチパイセン / カニパンだっ！ / 肉食ドゥブロさん / 巨大カンテツ
3,168,em-cea68c425163,跛荒の鉄男大先生,51,4686,6625,3,multi_hit_attack,0.5299,0.6203,100,0,11,いいえ,アウス大先輩 / ペーチパイセン / 跛荒の鉄男大先生 / おこしんMK-2 / 巨大カンテツ
3,169,em-d09d2f80d34e,トマティーナ少佐,16,3748,2130,2,multi_hit_attack,0.5293,0.6076,99,1,12,いいえ,ヤマさんヤミーさん / ペーチパイセン / トマティーナ少佐 / 肉食ドゥブロさん / 巨大カンテツ
3,170,em-419c23e0ec81,新生☆ＢＴ５!!,35,3287,3615,3,damage_reduction,0.5289,0.6329,98,2,11,いいえ,アウス大先輩 / ペーチパイセン / 新生☆ＢＴ５!! / 肉食ドゥブロさん / ハリウッドナナコ師匠
3,171,em-9ffce070b31f,レモなんとかさん,40,5793,2215,3,revive,0.5273,0.6076,99,1,12,いいえ,ヤマさんヤミーさん / ペーチパイセン / レモなんとかさん / ブラジリアン首都術 / 巨大カンテツ
3,172,em-3434078c33f2,橋の上のかずら,20,2012,2173,2,guard,0.5256,0.6013,93,7,12,いいえ,アウス大先輩 / ペーチパイセン / 橋の上のかずら / 肉食ドゥブロさん / 巨大カンテツ
3,173,em-db7ee0abcada,ＫＲ２ジョーの戦い,30,2385,4601,3,damage_reduction,0.5223,0.6139,96,4,12,いいえ,アウス大先輩 / ペーチパイセン / ＫＲ２ジョーの戦い / 肉食ドゥブロさん / おこしんMK-2
3,174,em-814b464a2192,ナナホシ,50,5044,5044,3,skill_reduction,0.5206,0.6139,99,1,11,いいえ,アウス大先輩 / ペーチパイセン / ナナホシ / おこしんMK-2 / 巨大カンテツ
3,175,em-aefb52be8eca,半間鮫子,52,3411,6823,2,multi_hit_attack,0.5206,0.6139,100,0,10,いいえ,アウス大先輩 / ペーチパイセン / 半間鮫子 / 愛のぴよ子 / 巨大カンテツ
3,176,em-09c253fd0a61,オリバーTHEドッグ,5,200,500,3,attack_buff,0.5181,0.6076,97,3,12,いいえ,ヤマさんヤミーさん / 蝦夷の鬼武者 / オリバーTHEドッグ / 愛のぴよ子 / ブラジリアン首都術
3,177,em-99eb90e0260f,傾国の二条嬢,17,2656,2495,2,attribute_guard,0.5178,0.5949,100,0,11,いいえ,ヤマさんヤミーさん / ペーチパイセン / 傾国の二条嬢 / 肉食ドゥブロさん / 巨大カンテツ
3,178,em-b080511b902a,かずらちゃん,3,350,500,2,guard,0.5164,0.6076,95,5,12,いいえ,ヤマさんヤミーさん / 蝦夷の鬼武者 / かずらちゃん / 愛のぴよ子 / ブラジリアン首都術
3,179,em-24679a7881f4,三重子さん,9,704,700,2,attribute_change,0.5155,0.6203,98,2,12,いいえ,ヤマさんヤミーさん / 蝦夷の鬼武者 / 三重子さん / 愛のぴよ子 / ウシュか☆丸か
3,180,em-91479d9f811c,奇術師！エッジュさん,9,700,700,3,skill_reduction,0.5155,0.6203,98,2,12,いいえ,ヤマさんヤミーさん / 蝦夷の鬼武者 / 奇術師！エッジュさん / 愛のぴよ子 / ウシュか☆丸か
3,181,em-69fe49e9031d,かずら姉さん,11,650,700,2,guard,0.5155,0.6203,100,0,12,いいえ,ヤマさんヤミーさん / 蝦夷の鬼武者 / かずら姉さん / 愛のぴよ子 / ウシュか☆丸か
3,182,em-6cd949ff7539,?????,53,1842,6475,2,guard,0.5148,0.6161,100,0,10,いいえ,アウス大先輩 / 北間・クラリス嬢 / ????? / タミちゃんの火祭り / ウシュか☆丸か
3,183,em-6d3c1934f67c,エンパさんの夏,50,5623,4430,2,aoe_attack,0.5106,0.6013,99,1,11,いいえ,アウス大先輩 / ペーチパイセン / エンパさんの夏 / おこしんMK-2 / 巨大カンテツ
3,184,em-378e340695dc,スクナクナクナクス,50,6816,3408,2,aoe_attack,0.5082,0.5886,99,1,11,いいえ,アウス大先輩 / ペーチパイセン / スクナクナクナクス / おこしんMK-2 / 巨大カンテツ
3,185,em-47063c22130f,わんこースそば,4,300,400,3,heal,0.5048,0.5949,96,4,12,いいえ,ヤマさんヤミーさん / 蝦夷の鬼武者 / わんこースそば / 愛のぴよ子 / ブラジリアン首都術
3,186,em-a2d0308a3d38,蓮次郎,5,400,380,3,skill_reduction,0.5048,0.5949,97,3,12,いいえ,ヤマさんヤミーさん / 蝦夷の鬼武者 / 蓮次郎 / 愛のぴよ子 / ブラジリアン首都術
3,187,em-a37b305548ef,なっとくんさん,5,400,400,2,skill_reduction,0.5048,0.5949,97,3,12,いいえ,ヤマさんヤミーさん / 蝦夷の鬼武者 / なっとくんさん / 愛のぴよ子 / ブラジリアン首都術
3,188,em-039828fc85d9,ひろしマン・改,6,400,400,3,heal,0.5048,0.5949,98,2,12,いいえ,ヤマさんヤミーさん / 蝦夷の鬼武者 / ひろしマン・改 / 愛のぴよ子 / ブラジリアン首都術
3,189,em-74c87c37d930,むぅむぅ,30,2839,2525,3,multi_hit_attack,0.5045,0.5823,99,1,12,いいえ,ハリウッドナナコ師匠 / アウス大先輩 / むぅむぅ / 肉食ドゥブロさん / 巨大カンテツ
3,190,em-7914d5cdb04d,芋神よしあき,32,4130,2753,3,multi_hit_attack,0.4898,0.5823,98,2,12,いいえ,アウス大先輩 / ペーチパイセン / 芋神よしあき / 肉食ドゥブロさん / おこしんMK-2
3,191,em-cbed7e550323,ちわっしータミ,12,2249,1376,3,heal,0.4892,0.5696,95,5,12,いいえ,ヤマさんヤミーさん / ペーチパイセン / ちわっしータミ / 肉食ドゥブロさん / 巨大カンテツ
3,192,em-d51ded51621f,華麗なる塚ジェンヌ,13,1684,1676,3,revive,0.4892,0.5696,96,4,12,いいえ,ヤマさんヤミーさん / ペーチパイセン / 華麗なる塚ジェンヌ / 肉食ドゥブロさん / 巨大カンテツ
3,193,em-4e9bf489ecd9,怒りのマッキニキ,14,2416,1359,3,damage_reduction,0.4892,0.5696,97,3,12,いいえ,ヤマさんヤミーさん / ペーチパイセン / 怒りのマッキニキ / 肉食ドゥブロさん / 巨大カンテツ
3,194,em-67086191a83f,マダラなシオマネキ君,27,5490,1059,2,attribute_guard,0.4892,0.5696,100,0,11,いいえ,アウス大先輩 / ペーチパイセン / マダラなシオマネキ君 / 肉食ドゥブロさん / 巨大カンテツ
3,195,em-6d0b27bbd976,なっとくんおじさん,7,496,484,2,skill_reduction,0.4881,0.5823,99,1,12,いいえ,ヤマさんヤミーさん / 蝦夷の鬼武者 / なっとくんおじさん / 愛のぴよ子 / ブラジリアン首都術
3,196,em-7fdcbcbf0ae4,ももとふさん,12,1000,1200,3,heal,0.4836,0.5633,95,5,12,いいえ,ヤマさんヤミーさん / ペーチパイセン / ももとふさん / 肉食ドゥブロさん / 巨大カンテツ
3,197,em-7b2daf42204c,モモトじゃねーの?,14,1400,1600,3,heal,0.4836,0.5633,97,3,12,いいえ,ヤマさんヤミーさん / ペーチパイセン / モモトじゃねーの? / 肉食ドゥブロさん / 巨大カンテツ
3,198,em-94130e0ff2b5,かずら大先生,15,1057,1198,2,guard,0.4836,0.5633,98,2,12,いいえ,ヤマさんヤミーさん / ペーチパイセン / かずら大先生 / 肉食ドゥブロさん / 巨大カンテツ
3,199,em-b34467071fa2,蓮三郎,6,500,450,3,skill_reduction,0.4824,0.5759,98,2,12,いいえ,ヤマさんヤミーさん / 蝦夷の鬼武者 / 蓮三郎 / 愛のぴよ子 / ブラジリアン首都術
3,200,em-6c82396ace3f,マッシブ☆ばん馬ばん,7,800,450,3,attack_buff,0.4807,0.5759,99,1,12,いいえ,ヤマさんヤミーさん / 蝦夷の鬼武者 / マッシブ☆ばん馬ばん / 愛のぴよ子 / ブラジリアン首都術
3,201,em-3307021ed6b3,なっとくん,4,286,311,3,skill_reduction,0.4801,0.5696,96,4,12,いいえ,ヤマさんヤミーさん / 蝦夷の鬼武者 / なっとくん / 愛のぴよ子 / ブラジリアン首都術
3,202,em-3c2628783368,すまぁとヤスマサニキ,50,4260,5623,2,attack_buff,0.4801,0.5696,99,1,10,いいえ,アウス大先輩 / ペーチパイセン / すまぁとヤスマサニキ / ブラジリアン首都術 / 巨大カンテツ
3,203,em-de36aab296aa,月下皇帝ランたん様,50,3150,5367,3,revive,0.4801,0.5696,99,1,11,いいえ,アウス大先輩 / ペーチパイセン / 月下皇帝ランたん様 / ブラジリアン首都術 / 巨大カンテツ
3,204,em-e362f95d25c3,巳ーちゃんさん,35,4303,3451,3,multi_hit_attack,0.4787,0.5823,98,2,12,いいえ,アウス大先輩 / ペーチパイセン / 巳ーちゃんさん / 肉食ドゥブロさん / ハリウッドナナコ師匠
3,205,em-039a051d72bb,伊万里の重畳,36,4260,3919,3,delay,0.4787,0.5823,99,1,12,いいえ,アウス大先輩 / ペーチパイセン / 伊万里の重畳 / 肉食ドゥブロさん / ハリウッドナナコ師匠
3,206,em-6df3fac7ad2e,ウナギーヌ社長,9,1833,775,2,heal,0.478,0.557,92,8,12,いいえ,ヤマさんヤミーさん / ペーチパイセン / ウナギーヌ社長 / 肉食ドゥブロさん / 巨大カンテツ
3,207,em-69c72b6c10d2,紳士なトーマスん,12,765,835,3,attribute_change,0.478,0.557,95,5,12,いいえ,ヤマさんヤミーさん / ペーチパイセン / 紳士なトーマスん / 肉食ドゥブロさん / 巨大カンテツ
3,208,em-f439af6dc206,さんとくん大先生,12,3020,755,3,delay,0.478,0.557,95,5,12,いいえ,ヤマさんヤミーさん / ペーチパイセン / さんとくん大先生 / 肉食ドゥブロさん / 巨大カンテツ
3,209,em-7e35b72ac7e4,琵琶子ｲﾘｭｰｼﾞｮﾝ！,13,1809,1190,3,damage_reduction,0.478,0.557,96,4,12,いいえ,ヤマさんヤミーさん / ペーチパイセン / 琵琶子ｲﾘｭｰｼﾞｮﾝ！ / 肉食ドゥブロさん / 巨大カンテツ
3,210,em-6f409bf9b5bd,素敵なステチュさん,14,211,2115,2,damage_reduction,0.478,0.557,97,3,11,いいえ,ヤマさんヤミーさん / ペーチパイセン / 素敵なステチュさん / 肉食ドゥブロさん / 巨大カンテツ
3,211,em-64a5161e8307,優美な二条嬢,15,1250,1150,2,attribute_guard,0.478,0.557,98,2,12,いいえ,ヤマさんヤミーさん / ペーチパイセン / 優美な二条嬢 / 肉食ドゥブロさん / 巨大カンテツ
3,212,em-e6c115665fbd,上宮之太子さま,15,1300,1150,2,heal,0.478,0.557,98,2,12,いいえ,ヤマさんヤミーさん / ペーチパイセン / 上宮之太子さま / 肉食ドゥブロさん / 巨大カンテツ
3,213,em-8a7e4284ba4a,あっぴーさん,5,800,350,3,heal,0.475,0.5696,97,3,12,いいえ,ヤマさんヤミーさん / 蝦夷の鬼武者 / あっぴーさん / 愛のぴよ子 / ブラジリアン首都術
3,214,em-c6a3687dad8c,ウナギーヌさん,5,900,350,2,heal,0.475,0.5696,97,3,12,いいえ,ヤマさんヤミーさん / 蝦夷の鬼武者 / ウナギーヌさん / 愛のぴよ子 / ブラジリアン首都術
3,215,em-8d9e942117e5,ウナギーヌ課長,6,1000,450,2,heal,0.475,0.5696,98,2,12,いいえ,ヤマさんヤミーさん / 蝦夷の鬼武者 / ウナギーヌ課長 / 愛のぴよ子 / ブラジリアン首都術
3,216,em-f3d5bcd42444,あっぴー先輩,6,1000,400,2,heal,0.475,0.5696,98,2,12,いいえ,ヤマさんヤミーさん / 蝦夷の鬼武者 / あっぴー先輩 / 愛のぴよ子 / ブラジリアン首都術
3,217,em-b0564825039b,わんこールそば,3,200,300,3,heal,0.4744,0.5633,95,5,12,いいえ,ヤマさんヤミーさん / 蝦夷の鬼武者 / わんこールそば / 愛のぴよ子 / ブラジリアン首都術
3,218,em-873c09a938ac,蓮太郎,4,310,302,3,skill_reduction,0.4744,0.5633,96,4,12,いいえ,ヤマさんヤミーさん / 蝦夷の鬼武者 / 蓮太郎 / 愛のぴよ子 / ブラジリアン首都術
3,219,em-fb5bfa8a3429,ひろしマン,4,300,300,3,heal,0.4744,0.5633,96,4,12,いいえ,ヤマさんヤミーさん / 蝦夷の鬼武者 / ひろしマン / 愛のぴよ子 / ブラジリアン首都術
3,220,em-502c02710bc4,覚醒けいび,6,345,300,2,multi_hit_attack,0.4744,0.5633,98,2,13,いいえ,ヤマさんヤミーさん / 蝦夷の鬼武者 / 覚醒けいび / 愛のぴよ子 / ブラジリアン首都術
3,221,em-4a86c88e71a1,デンマーくん,3,600,300,3,guard,0.4693,0.5633,95,5,12,いいえ,ヤマさんヤミーさん / 蝦夷の鬼武者 / デンマーくん / 愛のぴよ子 / ブラジリアン首都術
3,222,em-e15fbf6ecd0c,シャーロック&エッジュ,41,4260,5112,2,skill_reduction,0.4686,0.5506,100,0,11,いいえ,ヤマさんヤミーさん / ペーチパイセン / シャーロック&エッジュ / ブラジリアン首都術 / 巨大カンテツ
3,223,em-c70398ce7406,讃岐・S.K.O.T神,9,2106,493,3,heal,0.467,0.5443,92,8,12,いいえ,ヤマさんヤミーさん / ペーチパイセン / 讃岐・S.K.O.T神 / 肉食ドゥブロさん / 巨大カンテツ
3,224,em-de449f69edb5,タミフルニキ,14,1257,1147,3,damage_reduction,0.467,0.5443,97,3,12,いいえ,ヤマさんヤミーさん / ペーチパイセン / タミフルニキ / 肉食ドゥブロさん / 巨大カンテツ
3,225,em-df4f003ab94e,熱いマッキニキ,11,1100,600,3,damage_reduction,0.4615,0.538,94,6,12,いいえ,ヤマさんヤミーさん / ペーチパイセン / 熱いマッキニキ / 肉食ドゥブロさん / 巨大カンテツ
3,226,em-28a408b64836,真・銘菓ぴよ子,12,795,815,3,multi_hit_attack,0.456,0.5316,95,5,12,いいえ,ヤマさんヤミーさん / ペーチパイセン / 真・銘菓ぴよ子 / 肉食ドゥブロさん / 巨大カンテツ
3,227,em-344fce469565,豊聡之太子さん,12,830,775,2,heal,0.456,0.5316,95,5,12,いいえ,ヤマさんヤミーさん / ペーチパイセン / 豊聡之太子さん / 肉食ドゥブロさん / 巨大カンテツ
3,228,em-409b16959eac,唸るぜ！よりりん,12,795,805,3,attribute_change,0.456,0.5316,95,5,12,いいえ,ヤマさんヤミーさん / ペーチパイセン / 唸るぜ！よりりん / 肉食ドゥブロさん / 巨大カンテツ
3,229,em-786d95001098,可憐な二条嬢,12,810,790,2,attribute_guard,0.456,0.5316,95,5,12,いいえ,ヤマさんヤミーさん / ペーチパイセン / 可憐な二条嬢 / 肉食ドゥブロさん / 巨大カンテツ
3,230,em-900c465878ea,たたらん先生,12,800,600,3,attack_buff,0.4506,0.5253,95,5,12,いいえ,ヤマさんヤミーさん / ペーチパイセン / たたらん先生 / 肉食ドゥブロさん / 巨大カンテツ
3,231,em-4dec28ac375f,いやひこさん,13,800,500,3,delay,0.4506,0.5253,96,4,12,いいえ,ヤマさんヤミーさん / ペーチパイセン / いやひこさん / 肉食ドゥブロさん / 巨大カンテツ
3,232,em-01325fd9f459,いやひこさま,16,1200,600,3,delay,0.4506,0.5253,99,1,12,いいえ,ヤマさんヤミーさん / ペーチパイセン / いやひこさま / 肉食ドゥブロさん / 巨大カンテツ
3,233,em-c4c0bb3e4292,あっぴーちゃん,3,600,300,3,heal,0.4449,0.538,95,5,12,いいえ,ヤマさんヤミーさん / 蝦夷の鬼武者 / あっぴーちゃん / 愛のぴよ子 / ブラジリアン首都術
3,234,em-109e54a3645a,グラン・プラスの魔女,38,1499,3404,3,guard,0.4427,0.5253,97,3,12,いいえ,ヤマさんヤミーさん / ペーチパイセン / グラン・プラスの魔女 / おこしんMK-2 / 巨大カンテツ
3,235,em-7c5fdd7af70d,覚醒むりょく,6,198,89,3,multi_hit_attack,0.4411,0.519,89,11,12,いいえ,ヤマさんヤミーさん / ペーチパイセン / 覚醒むりょく / 肉食ドゥブロさん / 巨大カンテツ
3,236,em-c545b5a51997,トリニダの怪人,13,4077,1057,2,skill_reduction,0.4411,0.519,92,8,12,いいえ,ハリウッドナナコ師匠 / ヤマさんヤミーさん / トリニダの怪人 / 肉食ドゥブロさん / 巨大カンテツ
3,237,em-70861f8a23e9,ウナギーヌくん,3,800,200,2,heal,0.4393,0.5316,95,5,12,いいえ,ヤマさんヤミーさん / 蝦夷の鬼武者 / ウナギーヌくん / 愛のぴよ子 / ブラジリアン首都術
3,238,em-344c7687cce5,アウス大先輩,17,1924,1924,2,attribute_change,0.4392,0.519,96,4,12,いいえ,ハリウッドナナコ師匠 / ヤマさんヤミーさん / アウス大先輩 / 肉食ドゥブロさん / 巨大カンテツ
3,239,em-36ce9827163b,検非違使なけいび氏,28,6024,878,2,heal,0.439,0.5253,94,6,12,いいえ,ヤマさんヤミーさん / ペーチパイセン / 検非違使なけいび氏 / タミちゃんの火祭り / 巨大カンテツ
3,240,em-4e0f06589604,新・やよいチゥりっぷ,9,1100,200,3,attribute_change,0.4378,0.5127,92,8,12,いいえ,ヤマさんヤミーさん / ペーチパイセン / 新・やよいチゥりっぷ / 肉食ドゥブロさん / 巨大カンテツ
3,241,em-7b76cc31326e,迷走のヴァニ江,36,4379,2505,2,damage_reduction,0.4358,0.5127,94,6,11,いいえ,ヤマさんヤミーさん / ペーチパイセン / 迷走のヴァニ江 / 愛のぴよ子 / にほりん
3,242,em-85dad7ff7aa2,ディヤの魔人,18,2385,1704,2,heal,0.4338,0.5127,91,9,11,いいえ,アウス大先輩 / ペーチパイセン / ディヤの魔人 / 肉食ドゥブロさん / にほりん
3,243,em-c9268ab25340,大森銀さま,10,1600,200,3,damage_reduction,0.4272,0.5,93,7,12,いいえ,ヤマさんヤミーさん / ペーチパイセン / 大森銀さま / 肉食ドゥブロさん / 巨大カンテツ
3,244,em-cf71633a3be4,真・やよいチゥりっぷ,12,1500,300,3,attribute_change,0.4272,0.5,95,5,12,いいえ,ヤマさんヤミーさん / ペーチパイセン / 真・やよいチゥりっぷ / 肉食ドゥブロさん / 巨大カンテツ
3,245,em-59482d256e11,大森銀佐摩,15,2679,352,2,damage_reduction,0.4272,0.5,98,2,12,いいえ,ヤマさんヤミーさん / ペーチパイセン / 大森銀佐摩 / 肉食ドゥブロさん / 巨大カンテツ
3,246,em-edb254f0a679,カナちゃんのなごみ,41,5453,3408,2,heal,0.4245,0.5063,100,0,12,いいえ,ヤマさんヤミーさん / ペーチパイセン / カナちゃんのなごみ / おこしんMK-2 / 巨大カンテツ
3,247,em-95694ab0605a,超★メジェド様,44,2300,3432,2,guard,0.4191,0.5,100,0,10,いいえ,アウス大先輩 / ペーチパイセン / 超★メジェド様 / タミちゃんの火祭り / 巨大カンテツ
3,248,em-2d3e693a8406,ツキマシモン,35,3919,1704,2,attack_buff,0.4118,0.4937,94,6,12,いいえ,ヤマさんヤミーさん / ペーチパイセン / ツキマシモン / おこしんMK-2 / 巨大カンテツ
3,249,em-8765daafca7a,トマティーナ中佐,40,3748,2130,2,multi_hit_attack,0.4104,0.4873,99,1,11,いいえ,ヤマさんヤミーさん / ペーチパイセン / トマティーナ中佐 / おこしんMK-2 / 巨大カンテツ
3,250,em-41b8799b7505,まおーちゃん,50,3748,4941,3,revive,0.4083,0.5,99,1,12,いいえ,アウス大先輩 / ペーチパイセン / まおーちゃん / ブラジリアン首都術 / 巨大カンテツ
3,251,em-31f11b9a8df8,ももとふFREEダム,40,3408,4260,3,heal,0.4081,0.4937,99,1,12,いいえ,ヤマさんヤミーさん / ペーチパイセン / ももとふFREEダム / ブラジリアン首都術 / 巨大カンテツ
3,252,em-98054d952da8,ニート達の日常。,21,2968,296,3,delay,0.4052,0.481,100,0,12,いいえ,ハリウッドナナコ師匠 / ヤマさんヤミーさん / ニート達の日常。 / 肉食ドゥブロさん / 巨大カンテツ
3,253,em-24a892c6ebea,Mt.CACHI×2,38,2556,3578,2,multi_hit_attack,0.4027,0.4873,96,4,11,いいえ,ヤマさんヤミーさん / ペーチパイセン / Mt.CACHI×2 / 愛のぴよ子 / 巨大カンテツ
3,254,em-5b97cf2d5a88,やまたのおろちん,40,2726,2726,3,multi_hit_attack,0.4027,0.4873,99,1,11,いいえ,ヤマさんヤミーさん / ペーチパイセン / やまたのおろちん / ブラジリアン首都術 / 巨大カンテツ
3,255,em-8ece38ad97a5,デンマーくん大帝,17,1269,1057,2,guard,0.4027,0.4873,100,0,11,いいえ,ヤマさんヤミーさん / ペーチパイセン / デンマーくん大帝 / 肉食ドゥブロさん / 巨大カンテツ
3,256,em-a91beec21e3d,やよいチゥりっぷ☆神,13,2957,563,2,attribute_change,0.3831,0.4684,96,4,12,いいえ,ヤマさんヤミーさん / ペーチパイセン / やよいチゥりっぷ☆神 / 肉食ドゥブロさん / 巨大カンテツ
3,257,em-b9b869c15b9f,ルリマダラー,15,3786,378,2,attribute_guard,0.3707,0.4557,98,2,12,いいえ,ヤマさんヤミーさん / ペーチパイセン / ルリマダラー / 肉食ドゥブロさん / 巨大カンテツ
3,258,em-54cb13a72721,不思議の海のモヅルン,60,6475,4941,3,attribute_guard,0.3571,0.4557,99,1,10,いいえ,アウス大先輩 / ペーチパイセン / 不思議の海のモヅルン / おこしんMK-2 / ハリウッドナナコ師匠
3,259,em-276d7f996bbe,竜也エボリューション,49,2044,6305,3,attack_buff,0.348,0.443,98,2,11,いいえ,アウス大先輩 / ペーチパイセン / 竜也エボリューション / ブラジリアン首都術 / 巨大カンテツ
3,260,em-a11a3441fd8e,レンネルアルケニー,43,2896,3919,2,damage_reduction,0.343,0.4241,99,1,11,いいえ,アウス大先輩 / ペーチパイセン / レンネルアルケニー / タミちゃんの火祭り / 巨大カンテツ
3,261,em-b27009a57b71,架けろきしわだっしー,49,1559,6672,3,attack_buff,0.341,0.4367,98,2,11,いいえ,アウス大先輩 / ペーチパイセン / 架けろきしわだっしー / ブラジリアン首都術 / 巨大カンテツ
3,262,em-82e546e8de79,ランたん,29,2198,3612,2,attribute_change,0.3323,0.4177,95,5,12,いいえ,ヤマさんヤミーさん / ペーチパイセン / ランたん / タミちゃんの火祭り / 巨大カンテツ
3,263,em-9b97e564ea43,ユールシスター☆ノエルん,43,5523,4112,3,multi_hit_attack,0.3309,0.4114,99,1,11,いいえ,アウス大先輩 / ペーチパイセン / ユールシスター☆ノエルん / タミちゃんの火祭り / 巨大カンテツ
3,264,em-b2d6a846bb36,哀哭のオオウミガラス,75,9713,4941,2,damage_reduction,0.3273,0.4367,100,0,10,いいえ,紅玉の供犠ぴよ子 / ペーチパイセン / 哀哭のオオウミガラス / 愛のぴよ子 / 大森さん
3,265,em-ad084af57188,魔法使い らくがーる,38,4601,3663,2,attack_buff,0.324,0.4051,100,0,11,いいえ,ハリウッドナナコ師匠 / ヤマさんヤミーさん / 魔法使い らくがーる / タミちゃんの火祭り / 巨大カンテツ
3,266,em-83954a93a691,閃きのヒラメちゃん,60,6560,4430,2,attribute_change,0.3219,0.4177,99,1,10,いいえ,アウス大先輩 / ペーチパイセン / 閃きのヒラメちゃん / おこしんMK-2 / ウシュか☆丸か
3,267,em-4206205a0bb1,リュウ・ツカイ,60,5708,4515,2,attack_buff,0.321,0.4241,99,1,10,いいえ,アウス大先輩 / ペーチパイセン / リュウ・ツカイ / おこしんMK-2 / ハリウッドナナコ師匠
3,268,em-08c36f307e1c,3年ε組！エレナ先生,38,4430,4260,3,attack_buff,0.3152,0.3987,100,0,11,いいえ,ハリウッドナナコ師匠 / ヤマさんヤミーさん / 3年ε組！エレナ先生 / タミちゃんの火祭り / 巨大カンテツ
3,269,em-9667a89799b5,冬の双子姫,77,9628,4686,2,damage_reduction,0.3116,0.3987,100,0,10,いいえ,ウシュか☆丸か / ウナギーヌくん / 冬の双子姫 / 愛のぴよ子 / おこしんMK-2
3,270,em-55828eea72b7,スーリヤ大先輩,48,5360,1951,2,aoe_attack,0.3024,0.3797,97,3,11,いいえ,アウス大先輩 / ペーチパイセン / スーリヤ大先輩 / ブラジリアン首都術 / 巨大カンテツ
3,271,em-b17b3174de7d,ネギtheフィクサー,45,2405,5135,3,damage_reduction,0.2911,0.3861,99,1,11,いいえ,ハリウッドナナコ師匠 / ペーチパイセン / ネギtheフィクサー / 肉食ドゥブロさん / ブラジリアン首都術
3,272,em-8a030b3f4f33,無給の皇帝,44,4601,2790,2,damage_reduction,0.2881,0.3608,93,7,11,いいえ,アウス大先輩 / ペーチパイセン / 無給の皇帝 / ブラジリアン首都術 / にほりん
3,273,em-9fe53d26e9cb,ロイ・マタ先輩,46,2726,6816,3,multi_hit_attack,0.2843,0.3797,100,0,11,いいえ,ハリウッドナナコ師匠 / ペーチパイセン / ロイ・マタ先輩 / 肉食ドゥブロさん / ブラジリアン首都術
3,274,em-e49404c0e4be,?????,43,5350,2712,3,attack_buff,0.2752,0.3544,99,1,11,いいえ,アウス大先輩 / ペーチパイセン / ????? / タミちゃんの火祭り / 巨大カンテツ
3,275,em-f9ca1348e6ed,斎王代「鵺」,48,6884,3748,3,attribute_change,0.2691,0.3608,99,1,11,いいえ,ヤマさんヤミーさん / ペーチパイセン / 斎王代「鵺」 / 愛のぴよ子 / おこしんMK-2
3,276,em-3dc0af65e330,ランたんちゃん,43,3425,5295,2,attribute_change,0.2575,0.3481,99,1,11,いいえ,アウス大先輩 / ペーチパイセン / ランたんちゃん / タミちゃんの火祭り / 巨大カンテツ
3,277,em-98730869df6a,朱染めの夏炎・朱雀,70,5282,6475,3,attack_buff,0.2474,0.3418,99,1,11,いいえ,愛のぴよ子 / ペーチパイセン / 朱染めの夏炎・朱雀 / ブラジリアン首都術 / ハリウッドナナコ師匠
3,278,em-14092b64f08d,コハク糖の魔導師,46,4379,5367,3,attribute_change,0.2376,0.3291,100,0,11,いいえ,ハリウッドナナコ師匠 / ペーチパイセン / コハク糖の魔導師 / 肉食ドゥブロさん / ブラジリアン首都術
3,279,em-32ef1535a66a,ハバキたん,60,6816,4260,3,damage_reduction,0.2365,0.3418,99,1,10,いいえ,アウス大先輩 / ペーチパイセン / ハバキたん / 旧市街地の魔物 / ウシュか☆丸か
3,280,em-cc181917eaeb,無双中な宗茂さん,60,6405,4941,2,aoe_attack,0.2359,0.3291,99,1,10,いいえ,アウス大先輩 / ペーチパイセン / 無双中な宗茂さん / おこしんMK-2 / ウシュか☆丸か
3,281,em-b127f99ae530,キラー・ｻﾞ・ｷﾗｰ,55,5964,3408,2,damage_reduction,0.2345,0.3038,99,1,11,いいえ,ハリウッドナナコ師匠 / ペーチパイセン / キラー・ｻﾞ・ｷﾗｰ / タミちゃんの火祭り / にほりん
3,282,em-c5e484c5d286,マウント取瑠代,31,6076,1850,3,revive,0.2249,0.3101,100,0,12,いいえ,ハリウッドナナコ師匠 / アウス大先輩 / マウント取瑠代 / 肉食ドゥブロさん / にほりん
3,283,em-87a6c85241fe,蝶々ペッパーくん,30,1482,1781,2,delay,0.2184,0.3038,96,4,12,いいえ,アウス大先輩 / ペーチパイセン / 蝶々ペッパーくん / 肉食ドゥブロさん / おこしんMK-2
3,284,em-9298dde558c4,超豹！ペパりんさん,30,2119,2545,2,delay,0.2184,0.3038,96,4,12,いいえ,アウス大先輩 / ペーチパイセン / 超豹！ペパりんさん / 肉食ドゥブロさん / おこしんMK-2
3,285,em-2080ae65b62a,モヅルン,37,3771,1908,3,attribute_guard,0.211,0.2911,95,5,11,いいえ,ヤマさんヤミーさん / ペーチパイセン / モヅルン / 愛のぴよ子 / にほりん
3,286,em-4e3940289203,スーパー軍師兵衛ズ,60,7838,2385,3,skill_reduction,0.2083,0.2975,99,1,10,いいえ,アウス大先輩 / ペーチパイセン / スーパー軍師兵衛ズ / おこしんMK-2 / ウシュか☆丸か
3,287,em-cecb4ccbb927,蝶々胡椒鯛くん,30,847,1018,2,delay,0.2072,0.2911,96,4,12,いいえ,アウス大先輩 / ペーチパイセン / 蝶々胡椒鯛くん / 肉食ドゥブロさん / おこしんMK-2
3,288,em-90d2686cfd0d,花火戦隊サイガーRe,45,4515,5367,3,multi_hit_attack,0.2026,0.2848,100,0,11,いいえ,ハリウッドナナコ師匠 / ヤマさんヤミーさん / 花火戦隊サイガーRe / タミちゃんの火祭り / ブラジリアン首都術
3,289,em-a818769b8b91,田島の春,44,1618,5112,2,multi_hit_attack,0.2018,0.2911,100,0,10,いいえ,アウス大先輩 / ペーチパイセン / 田島の春 / タミちゃんの火祭り / 巨大カンテツ
3,290,em-480a0eef6d7b,ピカリャー射的ｽﾀｲﾙ,45,3786,3786,2,aoe_attack,0.1943,0.2785,96,4,11,いいえ,ヤマさんヤミーさん / ペーチパイセン / ピカリャー射的ｽﾀｲﾙ / 愛のぴよ子 / ブラジリアン首都術
3,291,em-faea6a503d7f,討ち入り☆花子,58,5350,4907,3,aoe_attack,0.1879,0.2722,100,0,11,いいえ,アウス大先輩 / ペーチパイセン / 討ち入り☆花子 / おこしんMK-2 / ブラジリアン首都術
3,292,em-9413da55b7e0,ヤマピカリャーコ,47,4515,5095,2,multi_hit_attack,0.1815,0.2658,98,2,11,いいえ,ヤマさんヤミーさん / ペーチパイセン / ヤマピカリャーコ / 愛のぴよ子 / ブラジリアン首都術
3,293,em-5b1667b398d0,?????,46,4430,5112,2,multi_hit_attack,0.1796,0.2658,97,3,11,いいえ,ヤマさんヤミーさん / ペーチパイセン / ????? / 愛のぴよ子 / ブラジリアン首都術
3,294,em-48a7e7dd243f,鮫男子・ニタりん,60,4601,7157,3,multi_hit_attack,0.1796,0.2658,98,2,10,いいえ,アウス大先輩 / ペーチパイセン / 鮫男子・ニタりん / 愛のぴよ子 / ハリウッドナナコ師匠
3,295,em-433922ef3e4e,夏至祭のぺた也君,53,7266,2153,2,skill_reduction,0.1765,0.2532,97,3,10,いいえ,ハリウッドナナコ師匠 / ペーチパイセン / 夏至祭のぺた也君 / タミちゃんの火祭り / 巨大カンテツ
3,296,em-58dbb7bc9653,六点魔王ノッブ,58,3408,5964,3,multi_hit_attack,0.1687,0.2532,96,4,11,いいえ,アウス大先輩 / ペーチパイセン / 六点魔王ノッブ / 愛のぴよ子 / ハリウッドナナコ師匠
3,297,em-0984e8e9ee06,加賀のカブキ者,60,4430,6816,2,attack_buff,0.1687,0.2532,98,2,10,いいえ,アウス大先輩 / ペーチパイセン / 加賀のカブキ者 / 愛のぴよ子 / ハリウッドナナコ師匠
3,298,em-98053d851e29,炎上魔女ベファーナ,59,2088,3748,2,revive,0.1681,0.2468,100,0,11,いいえ,アウス大先輩 / ペーチパイセン / 炎上魔女ベファーナ / 愛のぴよ子 / おこしんMK-2
3,299,em-dff6ba115611,トゥーさん,44,3067,3067,3,revive,0.1576,0.2342,100,0,10,いいえ,アウス大先輩 / ペーチパイセン / トゥーさん / タミちゃんの火祭り / 巨大カンテツ
3,300,em-748c1a866dbc,Hey Yeah 清盛,75,11417,2896,3,guard,0.1567,0.2532,100,0,10,いいえ,ウシュか☆丸か / 北間・クラリス嬢 / Hey Yeah 清盛 / 愛のぴよ子 / 大森さん
3,301,em-454ebee4a0cd,3人はフォニピュア,60,4941,3578,2,damage_reduction,0.1543,0.2405,99,1,10,いいえ,アウス大先輩 / ペーチパイセン / 3人はフォニピュア / おこしんMK-2 / ハリウッドナナコ師匠
3,302,em-3e7e7e54a83d,妖精女王ミカーンニア,45,3408,4771,2,skill_reduction,0.1517,0.2342,96,4,11,いいえ,ヤマさんヤミーさん / ペーチパイセン / 妖精女王ミカーンニア / 愛のぴよ子 / ブラジリアン首都術
3,303,em-682cda3863fb,脱力コンビあろま＆るる,48,3067,5623,2,skill_reduction,0.1454,0.2278,99,1,11,いいえ,ヤマさんヤミーさん / ペーチパイセン / 脱力コンビあろま＆るる / 愛のぴよ子 / ブラジリアン首都術
3,304,em-32dd2642183e,ハイパーハンギョジン,60,5889,3996,3,attack_buff,0.1308,0.2025,100,0,10,いいえ,アウス大先輩 / 北間・クラリス嬢 / ハイパーハンギョジン / ブラジリアン首都術 / ウシュか☆丸か
3,305,em-a9738b409d24,カジランガ守り隊員,45,7668,1533,2,attack_buff,0.1275,0.2152,96,4,11,いいえ,ヤマさんヤミーさん / ペーチパイセン / カジランガ守り隊員 / 愛のぴよ子 / ブラジリアン首都術
3,306,em-c0b8a38b4040,鹿喰らいの狼マン,47,4771,3748,2,multi_hit_attack,0.1231,0.2089,95,5,11,いいえ,ヤマさんヤミーさん / ペーチパイセン / 鹿喰らいの狼マン / 愛のぴよ子 / ハリウッドナナコ師匠
3,307,em-1e9e4475c353,ゲラー･ｻﾞ･ｸﾞﾗﾃﾞｨｴｲﾀｰ,55,3408,5964,2,attack_buff,0.1087,0.1772,99,1,11,いいえ,ハリウッドナナコ師匠 / ペーチパイセン / ゲラー･ｻﾞ･ｸﾞﾗﾃﾞｨｴｲﾀｰ / タミちゃんの火祭り / 巨大カンテツ
3,308,em-c46238c7c677,ケラ,70,3067,7157,3,attack_buff,0.0983,0.1709,100,0,11,いいえ,紅玉の供犠ぴよ子 / ペーチパイセン / ケラ / 愛のぴよ子 / ブラジリアン首都術
3,309,em-e795d2bbe2f0,北政所ねね様,60,5623,4601,3,attribute_guard,0.0922,0.1709,99,1,10,いいえ,ハリウッドナナコ師匠 / ペーチパイセン / 北政所ねね様 / どーん竜馬 / ブラジリアン首都術
3,310,em-690a803a0c00,タッターさん,47,4089,2222,2,multi_hit_attack,0.0902,0.1709,95,5,11,いいえ,ヤマさんヤミーさん / ペーチパイセン / タッターさん / 愛のぴよ子 / ハリウッドナナコ師匠
3,311,em-8522b1e6c291,百華百彩久連子,55,5282,5282,3,multi_hit_attack,0.0751,0.1329,96,4,11,いいえ,アウス大先輩 / ペーチパイセン / 百華百彩久連子 / 愛のぴよ子 / おこしんMK-2
3,312,em-5d34c0af44dd,白兎神★ばうあー,72,3878,5487,3,skill_reduction,0.0688,0.1392,99,1,10,いいえ,紅玉の供犠ぴよ子 / ペーチパイセン / 白兎神★ばうあー / 愛のぴよ子 / ウシュか☆丸か
3,313,em-f7f78d464e92,ウミウサーヌ,60,3408,4601,3,guard,0.0668,0.1266,99,1,10,いいえ,アウス大先輩 / ペーチパイセン / ウミウサーヌ / おこしんMK-2 / ハリウッドナナコ師匠
3,314,em-eb57ed2cb1f2,ペパりんズクッキング,60,6305,3237,3,delay,0.0529,0.1139,98,2,10,いいえ,アウス大先輩 / ペーチパイセン / ペパりんズクッキング / 愛のぴよ子 / ハリウッドナナコ師匠
3,315,em-bffb26ad3975,アイヌ☆らっくるん,60,2896,6645,2,attack_buff,0.0472,0.1013,98,2,10,いいえ,アウス大先輩 / ペーチパイセン / アイヌ☆らっくるん / 愛のぴよ子 / ハリウッドナナコ師匠
3,316,em-3f6affd1acff,ハンニバル力(りょく),58,7497,2385,3,aoe_attack,0.0417,0.0949,99,1,11,いいえ,アウス大先輩 / ペーチパイセン / ハンニバル力(りょく) / 愛のぴよ子 / おこしんMK-2
3,317,em-ffea90d62e77,テイヤさん,55,1874,5282,3,multi_hit_attack,0.0324,0.0759,99,1,11,いいえ,ハリウッドナナコ師匠 / ペーチパイセン / テイヤさん / タミちゃんの火祭り / にほりん
3,318,em-01ed0ad1bb88,ムガるぞ！フマゆん,78,8350,6805,3,aoe_attack,0.0281,0.0823,99,1,10,いいえ,ウシュか☆丸か / ウナギーヌくん / ムガるぞ！フマゆん / おこしんMK-2 / ハリウッドナナコ師匠
3,319,em-7ba25345ffb0,シーさま,60,4601,4601,3,delay,0.0257,0.0759,99,1,10,いいえ,アウス大先輩 / ペーチパイセン / シーさま / おこしんMK-2 / ウシュか☆丸か
3,320,em-0277eca3d9cf,ゆる神の像＆ピヨか？,60,426,511,3,guard,0,0.0063,97,3,10,いいえ,ハリウッドナナコ師匠 / ペーチパイセン / ゆる神の像＆ピヨか？ / タミちゃんの火祭り / ブラジリアン首都術
3,321,em-404f12535630,祇園祭の素戔嗚さま,88,5964,6390,2,multi_hit_attack,0,0,101,0,0,いいえ,
3,322,em-6eed78e1fe62,リア充の権化安倍晴明,100,6782,6271,3,heal,0,0,101,0,0,いいえ,
3,323,em-a85045965911,まさか殿(マジ),100,7463,6628,3,attack_buff,0,0,101,0,0,いいえ,
3,324,em-f33de53ee597,遊無給(ニート)な小町,100,7327,5623,3,attack_buff,0,0,101,0,0,いいえ,
4,1,em-b8c4235090fa,バビるわバビル君。,39,5367,3441,4,damage_reduction,0.9413,0.9684,100,0,12,いいえ,ハリウッドナナコ師匠 / ペーチパイセン / 肉食ドゥブロさん / バビるわバビル君。 / 巨大カンテツ
4,2,em-45dad5139056,ベギン改・修道女,37,4565,4467,4,revive,0.8881,0.9304,98,2,12,いいえ,ハリウッドナナコ師匠 / ペーチパイセン / 肉食ドゥブロさん / ベギン改・修道女 / にほりん
4,3,em-cb0ef748882f,八狗神伏姫様,35,5538,2130,4,guard,0.8483,0.9114,98,2,11,いいえ,アウス大先輩 / ペーチパイセン / 肉食ドゥブロさん / 八狗神伏姫様 / ハリウッドナナコ師匠
4,4,em-4533a7697d48,謀反人ミッツ,60,6645,4430,3,damage_reduction,0.8366,0.8987,98,2,8,いいえ,アウス大先輩 / ペーチパイセン / 愛のぴよ子 / 謀反人ミッツ / ハリウッドナナコ師匠
4,5,em-6c2ea8631e0d,深海美少年モヅルン,37,5964,2385,3,attribute_guard,0.8333,0.8861,98,2,11,いいえ,ハリウッドナナコ師匠 / ペーチパイセン / 肉食ドゥブロさん / 深海美少年モヅルン / 巨大カンテツ
4,6,em-d0639c20e6b1,ユーコ☆宇宙,24,4260,2556,4,revive,0.8291,0.8797,97,3,12,いいえ,アウス大先輩 / ペーチパイセン / 肉食ドゥブロさん / ユーコ☆宇宙 / 巨大カンテツ
4,7,em-68e23b3f15d7,あっぴーの外出,15,1610,3500,3,attack_buff,0.8252,0.8734,98,2,12,いいえ,ヤマさんヤミーさん / ペーチパイセン / 肉食ドゥブロさん / あっぴーの外出 / 巨大カンテツ
4,8,em-40350463a9fa,ハンドさんは泳がない,27,2044,3578,3,damage_reduction,0.8191,0.8734,100,0,11,いいえ,アウス大先輩 / ペーチパイセン / 肉食ドゥブロさん / ハンドさんは泳がない / 巨大カンテツ
4,9,em-215080a7a05b,?????,39,4924,4413,4,skill_reduction,0.8191,0.8734,100,0,12,いいえ,ハリウッドナナコ師匠 / ペーチパイセン / 肉食ドゥブロさん / ????? / 巨大カンテツ
4,10,em-4e9bf489ecd9,怒りのマッキニキ,14,2416,1359,3,damage_reduction,0.8163,0.8734,100,0,12,いいえ,ヤマさんヤミーさん / ペーチパイセン / ターヌムンゴネキ / 怒りのマッキニキ / 巨大カンテツ
4,11,em-4805525cb8a4,ｴﾝｾﾞﾘｯｸ☆エンゼル,60,6816,4771,3,heal,0.8156,0.8861,96,4,8,いいえ,アウス大先輩 / ペーチパイセン / 愛のぴよ子 / ｴﾝｾﾞﾘｯｸ☆エンゼル / 大森さん
4,12,em-d695befcbdc2,収穫☆にいがタン,26,4508,3655,3,attribute_guard,0.8067,0.8671,99,1,11,いいえ,アウス大先輩 / ペーチパイセン / 肉食ドゥブロさん / 収穫☆にいがタン / 巨大カンテツ
4,13,em-22dd126a0f3a,どーん竜馬,17,2898,2898,3,attack_buff,0.8051,0.8608,100,0,12,いいえ,ヤマさんヤミーさん / ペーチパイセン / 肉食ドゥブロさん / どーん竜馬 / 巨大カンテツ
4,14,em-9d7275c7d84e,ハンドさんの匍匐前進,27,1840,3220,3,damage_reduction,0.7929,0.8544,100,0,11,いいえ,アウス大先輩 / ペーチパイセン / 肉食ドゥブロさん / ハンドさんの匍匐前進 / 巨大カンテツ
4,15,em-9d511711422e,禍殃☆ももとふ姫,17,2737,3059,3,heal,0.7886,0.8481,100,0,12,いいえ,ヤマさんヤミーさん / ペーチパイセン / 肉食ドゥブロさん / 禍殃☆ももとふ姫 / 巨大カンテツ
4,16,em-3cce096dfee9,カギサナ子,15,2415,2415,4,attack_buff,0.7872,0.8418,98,2,12,いいえ,ヤマさんヤミーさん / ペーチパイセン / 肉食ドゥブロさん / カギサナ子 / 巨大カンテツ
4,17,em-739aae6480ff,男前やできっしん,14,755,2605,4,attack_buff,0.7804,0.8354,100,0,12,いいえ,ヤマさんヤミーさん / ペーチパイセン / ターヌムンゴネキ / 男前やできっしん / 巨大カンテツ
4,18,em-1e8ec25622df,切間・ンジャロさん,39,5871,3442,4,skill_reduction,0.7792,0.8418,100,0,12,いいえ,ハリウッドナナコ師匠 / ペーチパイセン / 肉食ドゥブロさん / 切間・ンジャロさん / 巨大カンテツ
4,19,em-d0ab149939aa,製鉄所★澤先輩,24,5313,1771,3,skill_reduction,0.7776,0.8354,100,0,12,いいえ,アウス大先輩 / ペーチパイセン / ターヌムンゴネキ / 製鉄所★澤先輩 / 巨大カンテツ
4,20,em-ab9b2ce76191,B・O・B,37,4935,3244,3,delay,0.775,0.8354,98,2,12,いいえ,ハリウッドナナコ師匠 / ペーチパイセン / 肉食ドゥブロさん / B・O・B / 巨大カンテツ
4,21,em-294f61da0084,Ｃ・Ｃ☆電車姫,22,3741,1973,4,attack_buff,0.7682,0.8291,98,2,12,いいえ,アウス大先輩 / ペーチパイセン / ターヌムンゴネキ / Ｃ・Ｃ☆電車姫 / 巨大カンテツ
4,22,em-a5d6506eec58,瓜だね女中,15,3220,1610,4,heal,0.7657,0.8291,98,2,12,いいえ,ヤマさんヤミーさん / ペーチパイセン / 肉食ドゥブロさん / 瓜だね女中 / 巨大カンテツ
4,23,em-fa48dd1cff0a,祭りだ浅ちゃん！,7,800,1603,4,attack_buff,0.7601,0.8165,90,10,12,いいえ,ヤマさんヤミーさん / ペーチパイセン / 肉食ドゥブロさん / 祭りだ浅ちゃん！ / 巨大カンテツ
4,24,em-24b5b550f587,ジョロウグモ,10,937,2113,3,damage_reduction,0.7601,0.8165,96,4,12,いいえ,ヤマさんヤミーさん / ペーチパイセン / ターヌムンゴネキ / ジョロウグモ / 巨大カンテツ
4,25,em-0ccc51b405ca,初代畳リーゼント,13,1045,2258,4,attack_buff,0.7601,0.8165,96,4,12,いいえ,ヤマさんヤミーさん / ペーチパイセン / 肉食ドゥブロさん / 初代畳リーゼント / 巨大カンテツ
4,26,em-b041a6f6cf00,テヅルモヅルン,37,5367,2147,3,attribute_guard,0.759,0.8228,98,2,11,いいえ,ハリウッドナナコ師匠 / ペーチパイセン / 肉食ドゥブロさん / テヅルモヅルン / 巨大カンテツ
4,27,em-2d728f34a59e,へーい竜馬,14,1500,1500,3,attack_buff,0.7574,0.8165,100,0,12,いいえ,ヤマさんヤミーさん / ペーチパイセン / ターヌムンゴネキ / へーい竜馬 / 巨大カンテツ
4,28,em-18a6642e277e,旧市街地の魔物,8,2799,16,4,attack_buff,0.7551,0.8354,100,0,12,いいえ,ヤマさんヤミーさん / 蝦夷の鬼武者 / 愛のぴよ子 / 旧市街地の魔物 / ブラジリアン首都術
4,29,em-a058dba31969,月見だよ！叡智州利偉,10,1100,2002,4,attack_buff,0.7535,0.8101,100,0,12,いいえ,ヤマさんヤミーさん / トマティーナ少佐 / 肉食ドゥブロさん / 月見だよ！叡智州利偉 / 巨大カンテツ
4,30,em-4d9586371e6c,鞭・打つ子さん,38,4106,4106,3,multi_hit_attack,0.7524,0.8165,99,1,12,いいえ,ハリウッドナナコ師匠 / ペーチパイセン / 肉食ドゥブロさん / 鞭・打つ子さん / 巨大カンテツ
4,31,em-489782f8e31c,愛のぴよ子,7,1631,1993,3,heal,0.7508,0.8101,93,7,12,いいえ,ヤマさんヤミーさん / ペーチパイセン / ターヌムンゴネキ / 愛のぴよ子 / 巨大カンテツ
4,32,em-3a0ce37a12ff,おこしんMK-2,8,1510,2265,4,multi_hit_attack,0.7508,0.8101,94,6,12,いいえ,ヤマさんヤミーさん / ペーチパイセン / ターヌムンゴネキ / おこしんMK-2 / 巨大カンテツ
4,33,em-ea813aee5d92,ブラジリアン首都術,8,1812,1963,4,aoe_attack,0.7508,0.8101,94,6,12,いいえ,ヤマさんヤミーさん / ペーチパイセン / ターヌムンゴネキ / ブラジリアン首都術 / 巨大カンテツ
4,34,em-5f5281ba5e2a,黄泉還り！反魂タン,9,1812,1963,3,revive,0.7508,0.8101,95,5,12,いいえ,ヤマさんヤミーさん / ペーチパイセン / ターヌムンゴネキ / 黄泉還り！反魂タン / 巨大カンテツ
4,35,em-e2c8365ae02e,ɔリバーくん,10,704,1689,3,attack_buff,0.7508,0.8101,96,4,12,いいえ,ヤマさんヤミーさん / ペーチパイセン / ターヌムンゴネキ / ɔリバーくん / 巨大カンテツ
4,36,em-132feeb6206a,傭兵戦隊サイガー３,12,756,2284,4,multi_hit_attack,0.7508,0.8101,98,2,12,いいえ,ヤマさんヤミーさん / ペーチパイセン / ターヌムンゴネキ / 傭兵戦隊サイガー３ / 巨大カンテツ
4,37,em-6e472849dc37,ほーい竜馬,12,1100,1100,3,attack_buff,0.7508,0.8101,98,2,12,いいえ,ヤマさんヤミーさん / ペーチパイセン / ターヌムンゴネキ / ほーい竜馬 / 巨大カンテツ
4,38,em-bb70b91588ed,夜魔・マヤー,12,1661,2114,4,multi_hit_attack,0.7508,0.8101,98,2,12,いいえ,ヤマさんヤミーさん / ペーチパイセン / ターヌムンゴネキ / 夜魔・マヤー / 巨大カンテツ
4,39,em-b95ac93b816d,キタキツネの神様,29,3748,4771,3,attack_buff,0.7508,0.8101,98,2,12,いいえ,ハリウッドナナコ師匠 / アウス大先輩 / 肉食ドゥブロさん / キタキツネの神様 / 巨大カンテツ
4,40,em-ea000314e767,ＫＲ２ジョー少佐,13,921,2476,3,attack_buff,0.7508,0.8101,99,1,12,いいえ,ヤマさんヤミーさん / ペーチパイセン / ターヌムンゴネキ / ＫＲ２ジョー少佐 / 巨大カンテツ
4,41,em-f4ac535052c1,ɑム・ɑクト・パップ,13,1341,2416,4,heal,0.7508,0.8101,99,1,12,いいえ,ヤマさんヤミーさん / ペーチパイセン / ターヌムンゴネキ / ɑム・ɑクト・パップ / 巨大カンテツ
4,42,em-7b3f53eed84e,?????,14,1380,2675,4,attack_buff,0.7508,0.8101,100,0,12,いいえ,ヤマさんヤミーさん / ペーチパイセン / ターヌムンゴネキ / ????? / 巨大カンテツ
4,43,em-da8da47e0c9c,さるぼぼ・ぼーぼぼ,14,1661,2114,3,aoe_attack,0.7508,0.8101,100,0,12,いいえ,ヤマさんヤミーさん / ペーチパイセン / ターヌムンゴネキ / さるぼぼ・ぼーぼぼ / 巨大カンテツ
4,44,em-c4b0b6848f16,?????,17,2828,2470,3,skill_reduction,0.7482,0.8101,100,0,12,いいえ,ヤマさんヤミーさん / ペーチパイセン / 肉食ドゥブロさん / ????? / 巨大カンテツ
4,45,em-e6110f879f18,ユーコ隊,24,3408,2044,4,revive,0.7477,0.8165,97,3,12,いいえ,アウス大先輩 / ペーチパイセン / 肉食ドゥブロさん / ユーコ隊 / 巨大カンテツ
4,46,em-3e1bbfb34a76,芳一大師匠,14,1128,1269,4,revive,0.7454,0.8165,100,0,12,いいえ,ヤマさんヤミーさん / ペーチパイセン / ターヌムンゴネキ / 芳一大師匠 / 巨大カンテツ
4,47,em-ebd6f9bf2bee,中野華蓮(日本人),17,1516,3638,4,attack_buff,0.7441,0.8038,100,0,12,いいえ,ヤマさんヤミーさん / ペーチパイセン / 肉食ドゥブロさん / 中野華蓮(日本人) / 巨大カンテツ
4,48,em-3ba3c1cd24cc,P.O☆うるっしー,25,3220,1449,4,guard,0.742,0.8041,99,1,12,いいえ,アウス大先輩 / 北間・クラリス嬢 / 肉食ドゥブロさん / P.O☆うるっしー / 巨大カンテツ
4,49,em-25fed9fde1ce,かっさーWoo！,16,1131,2403,4,attack_buff,0.7416,0.8038,99,1,12,いいえ,ヤマさんヤミーさん / ペーチパイセン / 肉食ドゥブロさん / かっさーWoo！ / 巨大カンテツ
4,50,em-9ec6297ea6ca,バスてとにゃん,38,4260,4771,3,attack_buff,0.7416,0.8038,99,1,11,いいえ,ハリウッドナナコ師匠 / ペーチパイセン / 肉食ドゥブロさん / バスてとにゃん / 巨大カンテツ
4,51,em-eb8dcb3ecb46,ヨーコ須賀パイセン,45,5964,3237,3,attribute_guard,0.7399,0.8228,96,4,11,いいえ,ヤマさんヤミーさん / ペーチパイセン / 愛のぴよ子 / ヨーコ須賀パイセン / ブラジリアン首都術
4,52,em-ec52e54bb473,ﾀｰｷｰﾃﾞ-なじとっこ君,10,706,2403,4,attack_buff,0.7375,0.7975,96,4,12,いいえ,ヤマさんヤミーさん / ペーチパイセン / ターヌムンゴネキ / ﾀｰｷｰﾃﾞ-なじとっこ君 / 巨大カンテツ
4,53,em-d6397e37a32d,三山くまのたん,17,500,1900,3,attack_buff,0.7375,0.7975,100,0,12,いいえ,ヤマさんヤミーさん / ペーチパイセン / 肉食ドゥブロさん / 三山くまのたん / 巨大カンテツ
4,54,em-9ac3c0929f90,オコオコ,11,1704,1704,3,attack_buff,0.735,0.7975,97,3,11,いいえ,ヤマさんヤミーさん / ペーチパイセン / ターヌムンゴネキ / オコオコ / 巨大カンテツ
4,55,em-d51ded51621f,華麗なる塚ジェンヌ,13,1684,1676,3,revive,0.735,0.7975,99,1,12,いいえ,ヤマさんヤミーさん / ペーチパイセン / ターヌムンゴネキ / 華麗なる塚ジェンヌ / 巨大カンテツ
4,56,em-1ad78d7d3c2f,狐仮面,22,2215,1789,4,revive,0.7323,0.8038,95,5,12,いいえ,アウス大先輩 / ペーチパイセン / 肉食ドゥブロさん / 狐仮面 / 巨大カンテツ
4,57,em-cf5373dcdc2a,コンゴーニャスパス,17,1886,1723,3,guard,0.731,0.7911,100,0,12,いいえ,ヤマさんヤミーさん / ペーチパイセン / 肉食ドゥブロさん / コンゴーニャスパス / 巨大カンテツ
4,58,em-edd2253df045,怪奇！変身鬼人形,25,3408,3834,3,attribute_change,0.7302,0.7975,98,2,12,いいえ,アウス大先輩 / ペーチパイセン / 肉食ドゥブロさん / 怪奇！変身鬼人形 / 巨大カンテツ
4,59,em-f14da6dc7d26,チャイナさん,15,606,1876,4,attack_buff,0.7284,0.7911,98,2,12,いいえ,ヤマさんヤミーさん / ペーチパイセン / 肉食ドゥブロさん / チャイナさん / 巨大カンテツ
4,60,em-73250febc8f5,財閥だ浅ちゃん！,38,2556,7327,4,multi_hit_attack,0.7284,0.7911,99,1,12,いいえ,ハリウッドナナコ師匠 / ペーチパイセン / 肉食ドゥブロさん / 財閥だ浅ちゃん！ / 巨大カンテツ
4,61,em-f49b19428b58,ちび丸のハロウィン,17,255,2896,4,revive,0.7284,0.7911,100,0,12,いいえ,ヤマさんヤミーさん / ペーチパイセン / 肉食ドゥブロさん / ちび丸のハロウィン / 巨大カンテツ
4,62,em-b9ee6ac8db32,爆走！えるたそ,13,2114,1661,4,attack_buff,0.726,0.7911,99,1,12,いいえ,ヤマさんヤミーさん / ペーチパイセン / ターヌムンゴネキ / 爆走！えるたそ / 巨大カンテツ
4,63,em-28a4ccf4cbfc,ステンバーイちび蔵,24,596,3748,4,revive,0.7237,0.7911,98,2,12,いいえ,アウス大先輩 / 北間・クラリス嬢 / 肉食ドゥブロさん / ステンバーイちび蔵 / にほりん
4,64,em-f3091896bc28,腹話フック,15,1610,3220,4,multi_hit_attack,0.7219,0.7848,98,2,12,いいえ,ヤマさんヤミーさん / ペーチパイセン / 肉食ドゥブロさん / 腹話フック / 巨大カンテツ
4,65,em-67aa8e3ee215,川越料理長,17,1175,3655,4,attack_buff,0.7219,0.7848,100,0,12,いいえ,ヤマさんヤミーさん / ペーチパイセン / 肉食ドゥブロさん / 川越料理長 / 巨大カンテツ
4,66,em-8cd856412a10,にくぁうぅぅぅぅぅ！,17,1355,3638,4,attack_buff,0.7219,0.7848,100,0,12,いいえ,ヤマさんヤミーさん / ペーチパイセン / 肉食ドゥブロさん / にくぁうぅぅぅぅぅ！ / 巨大カンテツ
4,67,em-2def672b1533,バターリャ後悔王子,30,3213,3213,3,damage_reduction,0.7215,0.7975,99,1,12,いいえ,ハリウッドナナコ師匠 / アウス大先輩 / 肉食ドゥブロさん / バターリャ後悔王子 / 巨大カンテツ
4,68,em-2f3883a74098,jaック・ザ・ナイト,10,1408,1267,4,multi_hit_attack,0.7195,0.7848,96,4,12,いいえ,ヤマさんヤミーさん / ペーチパイセン / ターヌムンゴネキ / jaック・ザ・ナイト / 巨大カンテツ
4,69,em-6870ddfd0fbb,大道芸！エʃ＆エʒ,12,1661,1661,3,skill_reduction,0.7195,0.7848,98,2,12,いいえ,ヤマさんヤミーさん / ペーチパイセン / ターヌムンゴネキ / 大道芸！エʃ＆エʒ / 巨大カンテツ
4,70,em-7b2daf42204c,モモトじゃねーの?,14,1400,1600,3,heal,0.7195,0.7848,100,0,12,いいえ,ヤマさんヤミーさん / ペーチパイセン / ターヌムンゴネキ / モモトじゃねーの? / 巨大カンテツ
4,71,em-f9ca1348e6ed,斎王代「鵺」,48,6884,3748,3,attribute_change,0.7184,0.8038,99,1,10,いいえ,ハリウッドナナコ師匠 / ペーチパイセン / 肉食ドゥブロさん / 斎王代「鵺」 / ウシュか☆丸か
4,72,em-74e8fc67e60c,竹輪大臣,5,200,900,4,attack_buff,0.7156,0.7975,97,3,12,いいえ,ヤマさんヤミーさん / 蝦夷の鬼武者 / 愛のぴよ子 / 竹輪大臣 / ブラジリアン首都術
4,73,em-950c6a19b78f,竹輪総理,6,250,1100,3,attack_buff,0.7156,0.7975,98,2,12,いいえ,ヤマさんヤミーさん / 蝦夷の鬼武者 / 愛のぴよ子 / 竹輪総理 / ブラジリアン首都術
4,74,em-6a28c73fe6b3,はーい竜馬,8,900,900,3,attack_buff,0.7156,0.7975,100,0,12,いいえ,ヤマさんヤミーさん / 蝦夷の鬼武者 / 愛のぴよ子 / はーい竜馬 / ブラジリアン首都術
4,75,em-ae9fd7e6b2dc,ヘヴィなじとっ子君,8,607,1795,4,attack_buff,0.7156,0.7975,100,0,12,いいえ,ヤマさんヤミーさん / 蝦夷の鬼武者 / 愛のぴよ子 / ヘヴィなじとっ子君 / ブラジリアン首都術
4,76,em-fd76872dafaf,くまのたん,8,300,920,3,attack_buff,0.7156,0.7975,100,0,12,いいえ,ヤマさんヤミーさん / 蝦夷の鬼武者 / 愛のぴよ子 / くまのたん / ブラジリアン首都術
4,77,em-cbed7e550323,ちわっしータミ,12,2249,1376,3,heal,0.7154,0.7785,98,2,12,いいえ,ヤマさんヤミーさん / ペーチパイセン / ターヌムンゴネキ / ちわっしータミ / 巨大カンテツ
4,78,em-c573b4be1553,ｷﾞｶﾞももたろす,12,1300,1300,3,attribute_change,0.713,0.7785,98,2,12,いいえ,ヤマさんヤミーさん / ペーチパイセン / ターヌムンゴネキ / ｷﾞｶﾞももたろす / 巨大カンテツ
4,79,em-d74e6be8b4b9,クビキリギス,40,3800,3544,4,damage_reduction,0.7084,0.7785,97,3,11,いいえ,アウス大先輩 / ペーチパイセン / トマティーナ少佐 / クビキリギス / 巨大カンテツ
4,80,em-28f044d525d7,スーリヤ様が見てる,7,489,1446,3,skill_reduction,0.7072,0.7911,99,1,12,いいえ,ヤマさんヤミーさん / 蝦夷の鬼武者 / 愛のぴよ子 / スーリヤ様が見てる / ブラジリアン首都術
4,81,em-471b1ba55d5c,有馬んば,13,1413,1244,4,heal,0.7042,0.7722,99,1,12,いいえ,ヤマさんヤミーさん / ペーチパイセン / ターヌムンゴネキ / 有馬んば / 巨大カンテツ
4,82,em-628e695d4365,カクラム先生,16,2256,2397,4,multi_hit_attack,0.7026,0.7658,99,1,12,いいえ,ヤマさんヤミーさん / ペーチパイセン / 肉食ドゥブロさん / カクラム先生 / 巨大カンテツ
4,83,em-de449f69edb5,タミフルニキ,14,1257,1147,3,damage_reduction,0.7026,0.7658,100,0,12,いいえ,ヤマさんヤミーさん / ペーチパイセン / ターヌムンゴネキ / タミフルニキ / 巨大カンテツ
4,84,em-9bad632dc3a9,秋田世界発見伝,24,3838,845,4,guard,0.6998,0.7722,100,0,12,いいえ,アウス大先輩 / ペーチパイセン / ターヌムンゴネキ / 秋田世界発見伝 / 巨大カンテツ
4,85,em-ad0fa41f1980,輝け！叡智通,12,1102,1300,4,attack_buff,0.6962,0.7595,95,5,12,いいえ,ヤマさんヤミーさん / ペーチパイセン / 肉食ドゥブロさん / 輝け！叡智通 / 巨大カンテツ
4,86,em-b09b44b6b259,くだにょん,13,1128,1269,4,attack_buff,0.6962,0.7595,96,4,12,いいえ,ヤマさんヤミーさん / ペーチパイセン / 肉食ドゥブロさん / くだにょん / 巨大カンテツ
4,87,em-05476daa6b31,だんじり鉄砲隊,26,805,3599,4,attack_buff,0.6938,0.7595,99,1,12,いいえ,アウス大先輩 / ペーチパイセン / 肉食ドゥブロさん / だんじり鉄砲隊 / 巨大カンテツ
4,88,em-a81a753351d9,戸定梨香,28,3216,3534,4,revive,0.6924,0.7785,100,0,12,いいえ,ハリウッドナナコ師匠 / ヤマさんヤミーさん / 肉食ドゥブロさん / 戸定梨香 / ブラジリアン首都術
4,89,em-0a74c35caba2,畳リーゼント総長,10,512,912,4,attack_buff,0.6923,0.7532,100,0,12,いいえ,ヤマさんヤミーさん / トマティーナ少佐 / 肉食ドゥブロさん / 畳リーゼント総長 / 巨大カンテツ
4,90,em-5ad05ec11a09,三連星のオコオコ,37,3834,3834,3,multi_hit_attack,0.6914,0.7595,98,2,12,いいえ,ハリウッドナナコ師匠 / ペーチパイセン / 肉食ドゥブロさん / 三連星のオコオコ / 巨大カンテツ
4,91,em-c623973fc8a5,うおぬまンダーＲ上Ｘ,15,1208,2567,4,aoe_attack,0.6898,0.7532,98,2,12,いいえ,ヤマさんヤミーさん / ペーチパイセン / 肉食ドゥブロさん / うおぬまンダーＲ上Ｘ / 巨大カンテツ
4,92,em-d22cc44e6b53,ニタりん,16,1090,2044,3,multi_hit_attack,0.6898,0.7532,99,1,12,いいえ,ヤマさんヤミーさん / ペーチパイセン / 肉食ドゥブロさん / ニタりん / 巨大カンテツ
4,93,em-e778e99b9218,不敵な笑みのニタりん,16,1363,2556,3,multi_hit_attack,0.6898,0.7532,99,1,12,いいえ,ヤマさんヤミーさん / ペーチパイセン / 肉食ドゥブロさん / 不敵な笑みのニタりん / 巨大カンテツ
4,94,em-d239e5e972de,ズンビーフック,17,2012,3220,4,multi_hit_attack,0.6898,0.7532,100,0,12,いいえ,ヤマさんヤミーさん / ペーチパイセン / 肉食ドゥブロさん / ズンビーフック / 巨大カンテツ
4,95,em-7e4426102b17,タンジャンじゃん,22,3139,3139,3,revive,0.687,0.7595,95,5,12,いいえ,アウス大先輩 / ペーチパイセン / 肉食ドゥブロさん / タンジャンじゃん / 巨大カンテツ
4,96,em-c6e2304d0b02,パプアさん,26,3365,2270,3,damage_reduction,0.6849,0.7595,99,1,12,いいえ,アウス大先輩 / ペーチパイセン / 肉食ドゥブロさん / パプアさん / 巨大カンテツ
4,97,em-e3dd4898ff56,ﾃﾗももたろす,15,1600,1600,3,attribute_change,0.6835,0.7468,98,2,12,いいえ,ヤマさんヤミーさん / ペーチパイセン / 肉食ドゥブロさん / ﾃﾗももたろす / 巨大カンテツ
4,98,em-79b4540e0f7f,ヤック(中の人),16,2176,2418,4,multi_hit_attack,0.6811,0.7468,99,1,12,いいえ,ヤマさんヤミーさん / ペーチパイセン / 肉食ドゥブロさん / ヤック(中の人) / 巨大カンテツ
4,99,em-1e4dd5118669,三春瀧さくら,38,3919,3408,4,damage_reduction,0.6806,0.7532,99,1,12,いいえ,ハリウッドナナコ師匠 / ペーチパイセン / 肉食ドゥブロさん / 三春瀧さくら / にほりん
4,100,em-3ff69ed35fe7,wiーん・ザ・ウルフ,19,2898,2898,4,attribute_change,0.6765,0.7532,98,2,12,いいえ,ハリウッドナナコ師匠 / ヤマさんヤミーさん / 肉食ドゥブロさん / wiーん・ザ・ウルフ / 巨大カンテツ
4,101,em-c08850a0aec0,いなば☆うわぁああ！,20,2579,3220,4,skill_reduction,0.6765,0.7532,99,1,12,いいえ,ハリウッドナナコ師匠 / ヤマさんヤミーさん / 肉食ドゥブロさん / いなば☆うわぁああ！ / 巨大カンテツ
4,102,em-a3fc429e3d74,にくぁうさま,15,606,1876,4,attack_buff,0.6748,0.7405,98,2,12,いいえ,ヤマさんヤミーさん / ペーチパイセン / 肉食ドゥブロさん / にくぁうさま / 巨大カンテツ
4,103,em-8b0ee22a5cd7,ドナドナう皮,26,1676,1664,3,guard,0.6722,0.7468,99,1,11,いいえ,アウス大先輩 / ペーチパイセン / 肉食ドゥブロさん / ドナドナう皮 / 巨大カンテツ
4,104,em-38a5d43fe466,畳リーゼント先輩,8,393,812,4,attack_buff,0.6706,0.7532,100,0,12,いいえ,ヤマさんヤミーさん / 蝦夷の鬼武者 / 愛のぴよ子 / 畳リーゼント先輩 / ブラジリアン首都術
4,105,em-504b87d4019a,ニタリくん,16,817,1533,3,multi_hit_attack,0.6662,0.7342,99,1,12,いいえ,ヤマさんヤミーさん / ペーチパイセン / 肉食ドゥブロさん / ニタリくん / 巨大カンテツ
4,106,em-595b1ebc9a59,戦え！ブルりん,16,1400,1600,4,damage_reduction,0.6662,0.7342,99,1,12,いいえ,ヤマさんヤミーさん / ペーチパイセン / 肉食ドゥブロさん / 戦え！ブルりん / 巨大カンテツ
4,107,em-9f9bdf00a915,ハンドフィッシュさん,27,1635,2862,3,damage_reduction,0.6662,0.7342,100,0,12,いいえ,アウス大先輩 / ペーチパイセン / 肉食ドゥブロさん / ハンドフィッシュさん / 巨大カンテツ
4,108,em-252e0359c5e1,巳ーちゃん,25,3451,2599,3,multi_hit_attack,0.6596,0.7342,98,2,12,いいえ,アウス大先輩 / ペーチパイセン / 肉食ドゥブロさん / 巳ーちゃん / 巨大カンテツ
4,109,em-e6cd26662fe8,クイーン・ク・うぃーん,15,1500,1500,4,attribute_change,0.6577,0.7278,98,2,12,いいえ,ヤマさんヤミーさん / ペーチパイセン / 肉食ドゥブロさん / クイーン・ク・うぃーん / 巨大カンテツ
4,110,em-6f8dfc0a39eb,近すぎリオンさん,16,1000,1500,4,delay,0.6577,0.7278,99,1,12,いいえ,ヤマさんヤミーさん / ペーチパイセン / 肉食ドゥブロさん / 近すぎリオンさん / 巨大カンテツ
4,111,em-53084d488de2,川越ザ・サード,15,666,1607,4,attack_buff,0.6515,0.7215,98,2,12,いいえ,ヤマさんヤミーさん / ペーチパイセン / 肉食ドゥブロさん / 川越ザ・サード / 巨大カンテツ
4,112,em-594f4648caff,金閣鹿苑大先生,7,1201,1201,4,revive,0.6451,0.7215,93,7,12,いいえ,ヤマさんヤミーさん / ペーチパイセン / ターヌムンゴネキ / 金閣鹿苑大先生 / 巨大カンテツ
4,113,em-3738f743f200,復活！チワワんこ,8,1128,1269,3,heal,0.6451,0.7215,94,6,12,いいえ,ヤマさんヤミーさん / ペーチパイセン / ターヌムンゴネキ / 復活！チワワんこ / 巨大カンテツ
4,114,em-41ff91d7d090,有馬スター,9,1159,1244,4,heal,0.6451,0.7215,95,5,12,いいえ,ヤマさんヤミーさん / ペーチパイセン / ターヌムンゴネキ / 有馬スター / 巨大カンテツ
4,115,em-fc400150cadd,サンタぴよ子,10,1173,1173,4,skill_reduction,0.6451,0.7215,96,4,12,いいえ,ヤマさんヤミーさん / ペーチパイセン / ターヌムンゴネキ / サンタぴよ子 / 巨大カンテツ
4,116,em-83399e4df86b,必罰のエルフ,18,2093,3281,4,attack_buff,0.6451,0.7215,97,3,12,いいえ,ハリウッドナナコ師匠 / ヤマさんヤミーさん / 肉食ドゥブロさん / 必罰のエルフ / 巨大カンテツ
4,117,em-04bcad8262b9,現実リオンさん,12,700,1300,4,delay,0.6451,0.7215,98,2,12,いいえ,ヤマさんヤミーさん / ペーチパイセン / ターヌムンゴネキ / 現実リオンさん / 巨大カンテツ
4,118,em-7fdcbcbf0ae4,ももとふさん,12,1000,1200,3,heal,0.6451,0.7215,98,2,12,いいえ,ヤマさんヤミーさん / ペーチパイセン / ターヌムンゴネキ / ももとふさん / 巨大カンテツ
4,119,em-e73e837049b5,ｿﾞﾝﾋﾞｶﾞｰﾙ･ガブリン,28,1366,3834,4,revive,0.6444,0.7342,100,0,12,いいえ,ハリウッドナナコ師匠 / ヤマさんヤミーさん / 肉食ドゥブロさん / ｿﾞﾝﾋﾞｶﾞｰﾙ･ガブリン / ブラジリアン首都術
4,120,em-6722337c6d78,雨降る倉敷のみかん姐,15,2718,1963,4,aoe_attack,0.6414,0.7089,98,2,12,いいえ,ヤマさんヤミーさん / ペーチパイセン / 肉食ドゥブロさん / 雨降る倉敷のみかん姐 / 巨大カンテツ
4,121,em-2e3e250aef5e,IMO NI FESTIVAL 2018,14,1837,1161,3,aoe_attack,0.6409,0.7152,100,0,12,いいえ,ヤマさんヤミーさん / ペーチパイセン / ターヌムンゴネキ / IMO NI FESTIVAL 2018 / 巨大カンテツ
4,122,em-ab3cf42ca015,銘菓ぴよ子零式,15,1155,1255,3,multi_hit_attack,0.6391,0.7089,98,2,12,いいえ,ヤマさんヤミーさん / ペーチパイセン / 肉食ドゥブロさん / 銘菓ぴよ子零式 / 巨大カンテツ
4,123,em-7e35b72ac7e4,琵琶子ｲﾘｭｰｼﾞｮﾝ！,13,1809,1190,3,damage_reduction,0.6391,0.7089,99,1,12,いいえ,ヤマさんヤミーさん / ペーチパイセン / ターヌムンゴネキ / 琵琶子ｲﾘｭｰｼﾞｮﾝ！ / 巨大カンテツ
4,124,em-f938c5c907fd,ももたろす,8,1000,1000,4,attribute_change,0.6389,0.7152,94,6,12,いいえ,ヤマさんヤミーさん / ペーチパイセン / ターヌムンゴネキ / ももたろす / 巨大カンテツ
4,125,em-e51e56c23fa1,上級国民ロヴィーサ,44,2832,2984,4,attribute_guard,0.6377,0.7342,99,1,10,いいえ,アウス大先輩 / トマティーナ少佐 / コンドアーズ / 上級国民ロヴィーサ / ハリウッドナナコ師匠
4,126,em-271fbedbbf39,レオ,22,2737,2093,4,damage_reduction,0.6348,0.7089,95,5,12,いいえ,アウス大先輩 / ペーチパイセン / 肉食ドゥブロさん / レオ / 巨大カンテツ
4,127,em-b90efc9e636b,婆娑羅でどーよ,18,1046,4105,4,attack_buff,0.6348,0.7089,97,3,12,いいえ,ハリウッドナナコ師匠 / ヤマさんヤミーさん / 肉食ドゥブロさん / 婆娑羅でどーよ / 巨大カンテツ
4,128,em-4f0b20692fd7,コンドアーズ,17,273,2120,3,attack_buff,0.6348,0.7089,100,0,12,いいえ,ヤマさんヤミーさん / ペーチパイセン / 肉食ドゥブロさん / コンドアーズ / 巨大カンテツ
4,129,em-db7ee0abcada,ＫＲ２ジョーの戦い,30,2385,4601,3,damage_reduction,0.633,0.7025,98,2,12,いいえ,ヤマさんヤミーさん / ペーチパイセン / コンドアーズ / ＫＲ２ジョーの戦い / 巨大カンテツ
4,130,em-d5d58dc5e468,子供神・わらしちゃん,7,565,1131,4,delay,0.6308,0.7025,93,7,12,いいえ,ヤマさんヤミーさん / ペーチパイセン / ターヌムンゴネキ / 子供神・わらしちゃん / 巨大カンテツ
4,131,em-bc514db974f0,化石人骨ルーシー,23,3783,2173,3,revive,0.6286,0.7025,96,4,12,いいえ,アウス大先輩 / ペーチパイセン / 肉食ドゥブロさん / 化石人骨ルーシー / 巨大カンテツ
4,132,em-c8baf5b3e504,斑鳩の太子くん,36,4260,2896,4,heal,0.6269,0.7215,99,1,12,いいえ,アウス大先輩 / ペーチパイセン / 肉食ドゥブロさん / 斑鳩の太子くん / ハリウッドナナコ師匠
4,133,em-69c72b6c10d2,紳士なトーマスん,12,765,835,3,attribute_change,0.6269,0.6962,95,5,12,いいえ,ヤマさんヤミーさん / ペーチパイセン / 肉食ドゥブロさん / 紳士なトーマスん / 巨大カンテツ
4,134,em-409b16959eac,唸るぜ！よりりん,12,795,805,3,attribute_change,0.6266,0.7025,98,2,12,いいえ,ヤマさんヤミーさん / ペーチパイセン / ターヌムンゴネキ / 唸るぜ！よりりん / 巨大カンテツ
4,135,em-900d96f0b1d7,修験くまのたん,12,400,1200,3,attack_buff,0.6204,0.6962,95,5,12,いいえ,ヤマさんヤミーさん / ペーチパイセン / 肉食ドゥブロさん / 修験くまのたん / 巨大カンテツ
4,136,em-b4a2096551c5,金閣明日香,15,1201,1343,4,revive,0.6186,0.6899,98,2,12,いいえ,ヤマさんヤミーさん / ペーチパイセン / 肉食ドゥブロさん / 金閣明日香 / 巨大カンテツ
4,137,em-d3961c13041f,光るぜ！よりりん,15,1200,1200,3,attribute_change,0.6186,0.6899,98,2,12,いいえ,ヤマさんヤミーさん / ペーチパイセン / 肉食ドゥブロさん / 光るぜ！よりりん / 巨大カンテツ
4,138,em-c749ad6eefee,トーテムゆ～る,16,1413,1201,3,delay,0.6186,0.6899,99,1,12,いいえ,ヤマさんヤミーさん / ペーチパイセン / 肉食ドゥブロさん / トーテムゆ～る / 巨大カンテツ
4,139,em-036ee10985c7,大正義！反魂タン,7,800,1000,4,revive,0.6164,0.6962,93,7,12,いいえ,ヤマさんヤミーさん / ペーチパイセン / ターヌムンゴネキ / 大正義！反魂タン / 巨大カンテツ
4,140,em-20d0672eefa5,実際かにろう,8,1269,987,4,delay,0.6164,0.6962,94,6,12,いいえ,ヤマさんヤミーさん / ペーチパイセン / ターヌムンゴネキ / 実際かにろう / 巨大カンテツ
4,141,em-8c598f1908e7,ももとふちゃん,8,800,1000,3,heal,0.6164,0.6962,94,6,12,いいえ,ヤマさんヤミーさん / ペーチパイセン / ターヌムンゴネキ / ももとふちゃん / 巨大カンテツ
4,142,em-9c37bba7df0f,ＫＲ２ジョー少尉,11,495,1105,3,attack_buff,0.6164,0.6962,97,3,12,いいえ,ヤマさんヤミーさん / ペーチパイセン / ターヌムンゴネキ / ＫＲ２ジョー少尉 / 巨大カンテツ
4,143,em-39011821f965,さるぼぼぼぼ～ん,12,800,1000,4,aoe_attack,0.6164,0.6962,98,2,12,いいえ,ヤマさんヤミーさん / ペーチパイセン / ターヌムンゴネキ / さるぼぼぼぼ～ん / 巨大カンテツ
4,144,em-66a587f1a726,にくぁうさん,12,497,1116,4,attack_buff,0.6164,0.6962,98,2,12,いいえ,ヤマさんヤミーさん / ペーチパイセン / ターヌムンゴネキ / にくぁうさん / 巨大カンテツ
4,145,em-34853ed0f0f8,ユーコちゃん,24,2556,1533,4,revive,0.6164,0.6899,97,3,12,いいえ,アウス大先輩 / ペーチパイセン / 肉食ドゥブロさん / ユーコちゃん / 巨大カンテツ
4,146,em-6fe67318189a,劇場版ＪＡＸＡイル,18,1304,3526,4,multi_hit_attack,0.6123,0.6899,97,3,12,いいえ,ハリウッドナナコ師匠 / ヤマさんヤミーさん / 肉食ドゥブロさん / 劇場版ＪＡＸＡイル / 巨大カンテツ
4,147,em-e5c147f9dafc,異国のトーマスん,9,660,742,4,attribute_change,0.6084,0.6899,95,5,12,いいえ,ヤマさんヤミーさん / ペーチパイセン / ターヌムンゴネキ / 異国のトーマスん / 巨大カンテツ
4,148,em-3ea6ac9a0933,オリバーWITHソー,8,400,800,3,attack_buff,0.6062,0.6835,100,0,12,いいえ,ヤマさんヤミーさん / 蝦夷の鬼武者 / 愛のぴよ子 / オリバーWITHソー / ブラジリアン首都術
4,149,em-955edfecd83b,天晴！ぶんぶくん,22,1883,1162,4,revive,0.6043,0.6772,95,5,12,いいえ,アウス大先輩 / ペーチパイセン / 肉食ドゥブロさん / 天晴！ぶんぶくん / 巨大カンテツ
4,150,em-81078d011501,年齢不詳！エンゼル様,22,2215,3237,3,heal,0.6022,0.6772,95,5,12,いいえ,アウス大先輩 / ペーチパイセン / 肉食ドゥブロさん / 年齢不詳！エンゼル様 / 巨大カンテツ
4,151,em-e8fc5c7a59a4,猫毘沙門天,36,4430,4089,4,aoe_attack,0.5988,0.6962,100,0,12,いいえ,アウス大先輩 / 北間・クラリス嬢 / 肉食ドゥブロさん / 猫毘沙門天 / ウシュか☆丸か
4,152,em-df4f003ab94e,熱いマッキニキ,11,1100,600,3,damage_reduction,0.5968,0.6646,97,3,12,いいえ,ヤマさんヤミーさん / ペーチパイセン / ターヌムンゴネキ / 熱いマッキニキ / 巨大カンテツ
4,153,em-93a9275d427c,肉食ドゥブロさん,32,5106,3404,3,attack_buff,0.5933,0.6582,96,4,12,いいえ,ハリウッドナナコ師匠 / ヤマさんヤミーさん / コンドアーズ / 肉食ドゥブロさん / 巨大カンテツ
4,154,em-d25a7727f654,プラハ嬢,32,1482,4991,4,damage_reduction,0.5907,0.6772,98,2,12,いいえ,アウス大先輩 / ペーチパイセン / 肉食ドゥブロさん / プラハ嬢 / ブラジリアン首都術
4,155,em-29cc8a9cf9cd,ビール売りの小娘,18,1516,3638,3,skill_reduction,0.5902,0.6646,97,3,12,いいえ,ハリウッドナナコ師匠 / ヤマさんヤミーさん / 肉食ドゥブロさん / ビール売りの小娘 / 巨大カンテツ
4,156,em-1a3ab3b1acf7,聖☆いんてぃないか,19,2817,2334,4,aoe_attack,0.5902,0.6646,98,2,12,いいえ,ハリウッドナナコ師匠 / ヤマさんヤミーさん / 肉食ドゥブロさん / 聖☆いんてぃないか / 巨大カンテツ
4,157,em-cf865abec5e5,川越マン２世,12,516,1000,4,attack_buff,0.5883,0.6709,98,2,12,いいえ,ヤマさんヤミーさん / ペーチパイセン / ターヌムンゴネキ / 川越マン２世 / 巨大カンテツ
4,158,em-076deec8d0c8,羊蟹☆こ祝いくん,24,2093,2737,3,delay,0.5882,0.6646,97,3,12,いいえ,アウス大先輩 / ペーチパイセン / 肉食ドゥブロさん / 羊蟹☆こ祝いくん / 巨大カンテツ
4,159,em-5a100f5215c1,オリバーTHEトイ,6,300,600,3,attack_buff,0.5882,0.6646,98,2,12,いいえ,ヤマさんヤミーさん / 蝦夷の鬼武者 / 愛のぴよ子 / オリバーTHEトイ / ブラジリアン首都術
4,160,em-109e54a3645a,グラン・プラスの魔女,38,1499,3404,3,guard,0.5864,0.6582,99,1,12,いいえ,ハリウッドナナコ師匠 / ペーチパイセン / 肉食ドゥブロさん / グラン・プラスの魔女 / にほりん
4,161,em-ffdcaffc4a41,雑煮入り☆うるっしー,36,3443,3443,4,guard,0.5818,0.6835,99,1,11,いいえ,アウス大先輩 / ペーチパイセン / 肉食ドゥブロさん / 雑煮入り☆うるっしー / ハリウッドナナコ師匠
4,162,em-fea44f2a7dd8,だが男だ彦にゃん,15,2793,1132,3,skill_reduction,0.5805,0.6519,98,2,12,いいえ,ヤマさんヤミーさん / ペーチパイセン / 肉食ドゥブロさん / だが男だ彦にゃん / 巨大カンテツ
4,163,em-0d48fb639618,どうする？リオンさん,18,2093,2737,3,delay,0.5782,0.6582,97,3,12,いいえ,ハリウッドナナコ師匠 / ヤマさんヤミーさん / 肉食ドゥブロさん / どうする？リオンさん / 巨大カンテツ
4,164,em-05de078a2e7c,幼妻！エンゼルちゃん,22,1993,2913,3,heal,0.5763,0.6519,95,5,12,いいえ,アウス大先輩 / ペーチパイセン / 肉食ドゥブロさん / 幼妻！エンゼルちゃん / 巨大カンテツ
4,165,em-a8f48fb9a527,タミちゃんの火祭り,15,1,2402,4,aoe_attack,0.5624,0.6392,98,2,14,いいえ,ヤマさんヤミーさん / ペーチパイセン / 肉食ドゥブロさん / タミちゃんの火祭り / 巨大カンテツ
4,166,em-124d2df2b85e,ディオクレ君,23,2416,1449,4,skill_reduction,0.5604,0.6392,99,1,12,いいえ,アウス大先輩 / ペーチパイセン / ターヌムンゴネキ / ディオクレ君 / 巨大カンテツ
4,167,em-8527b3dd869a,帰って来たいぬやマン,21,1661,1661,4,attack_buff,0.5604,0.6392,100,0,12,いいえ,ハリウッドナナコ師匠 / ヤマさんヤミーさん / 肉食ドゥブロさん / 帰って来たいぬやマン / 巨大カンテツ
4,168,em-0c10b95e36c6,激走！えるたそ,10,900,800,4,attack_buff,0.5585,0.6392,93,7,12,いいえ,ヤマさんヤミーさん / ペーチパイセン / 肉食ドゥブロさん / 激走！えるたそ / 巨大カンテツ
4,169,em-09c253fd0a61,オリバーTHEドッグ,5,200,500,3,attack_buff,0.5585,0.6392,97,3,12,いいえ,ヤマさんヤミーさん / 蝦夷の鬼武者 / 愛のぴよ子 / オリバーTHEドッグ / ブラジリアン首都術
4,170,em-942c8f8de44d,エンゼルちゃん,22,1772,2590,3,heal,0.5565,0.6329,95,5,12,いいえ,アウス大先輩 / ペーチパイセン / 肉食ドゥブロさん / エンゼルちゃん / 巨大カンテツ
4,171,em-549e080062a7,ぶんぶくん,22,1550,895,4,revive,0.5528,0.6266,95,5,12,いいえ,アウス大先輩 / ペーチパイセン / 肉食ドゥブロさん / ぶんぶくん / 巨大カンテツ
4,172,em-832edc9513ca,Ｈ・Ｆ・ウーマン,45,6305,3748,4,guard,0.5515,0.6519,100,0,11,いいえ,アウス大先輩 / トマティーナ少佐 / コンドアーズ / Ｈ・Ｆ・ウーマン / ウシュか☆丸か
4,173,em-ef6acbb9fe3a,ﾌｫﾆｰ・ぴよ・ｶﾞｰﾙｽﾞY,25,3703,1771,4,attribute_change,0.5449,0.6203,98,2,12,いいえ,アウス大先輩 / ペーチパイセン / 肉食ドゥブロさん / ﾌｫﾆｰ・ぴよ・ｶﾞｰﾙｽﾞY / 巨大カンテツ
4,174,em-1c72b25f9096,エッシュ＆エッジュ,10,800,800,3,skill_reduction,0.5448,0.6266,93,7,12,いいえ,ヤマさんヤミーさん / ペーチパイセン / 肉食ドゥブロさん / エッシュ＆エッジュ / 巨大カンテツ
4,175,em-28a408b64836,真・銘菓ぴよ子,12,795,815,3,multi_hit_attack,0.5448,0.6266,95,5,12,いいえ,ヤマさんヤミーさん / ペーチパイセン / 肉食ドゥブロさん / 真・銘菓ぴよ子 / 巨大カンテツ
4,176,em-ea2d3d13fc78,いなば☆うあー,18,1300,1700,4,skill_reduction,0.5448,0.6266,97,3,12,いいえ,ハリウッドナナコ師匠 / ヤマさんヤミーさん / 肉食ドゥブロさん / いなば☆うあー / 巨大カンテツ
4,177,em-c5e484c5d286,マウント取瑠代,31,6076,1850,3,revive,0.5434,0.6139,100,0,12,いいえ,ハリウッドナナコ師匠 / アウス大先輩 / 肉食ドゥブロさん / マウント取瑠代 / にほりん
4,178,em-ae529aca2139,夜鳥の会会長,35,3408,4260,3,attribute_change,0.5429,0.6203,99,1,12,いいえ,ハリウッドナナコ師匠 / ヤマさんヤミーさん / コンドアーズ / 夜鳥の会会長 / 巨大カンテツ
4,179,em-75066f4bfd55,くーにょん,6,600,700,4,attack_buff,0.5357,0.6266,98,2,12,いいえ,ヤマさんヤミーさん / 蝦夷の鬼武者 / 愛のぴよ子 / くーにょん / ブラジリアン首都術
4,180,em-e1a6af095fc1,驀進叡智通,7,450,530,4,attack_buff,0.5357,0.6266,99,1,12,いいえ,ヤマさんヤミーさん / 蝦夷の鬼武者 / 愛のぴよ子 / 驀進叡智通 / ブラジリアン首都術
4,181,em-cdd7690ef318,京都コーラマン,59,5959,2800,4,damage_reduction,0.5313,0.6076,100,0,10,いいえ,アウス大先輩 / ペーチパイセン / 愛のぴよ子 / 京都コーラマン / 旧市街地の魔物
4,182,em-2f8589eed296,畳リーゼント,7,300,700,4,attack_buff,0.5299,0.6203,99,1,12,いいえ,ヤマさんヤミーさん / 蝦夷の鬼武者 / 愛のぴよ子 / 畳リーゼント / ブラジリアン首都術
4,183,em-b0a135da294f,デンマーくん三世,6,800,600,3,guard,0.5281,0.6203,98,2,12,いいえ,ヤマさんヤミーさん / 蝦夷の鬼武者 / 愛のぴよ子 / デンマーくん三世 / ブラジリアン首都術
4,184,em-9a3bd85e00a2,よりりん,8,605,615,4,attribute_change,0.5275,0.6139,100,0,12,いいえ,ヤマさんヤミーさん / 蝦夷の鬼武者 / 愛のぴよ子 / よりりん / ブラジリアン首都術
4,185,em-fa255d19986d,出発！えるたそ,8,800,700,4,attack_buff,0.5273,0.6076,91,9,12,いいえ,ヤマさんヤミーさん / ペーチパイセン / 肉食ドゥブロさん / 出発！えるたそ / 巨大カンテツ
4,186,em-c879fe74178e,唸る！叡智通,5,370,410,4,attack_buff,0.524,0.6139,97,3,12,いいえ,ヤマさんヤミーさん / 蝦夷の鬼武者 / 愛のぴよ子 / 唸る！叡智通 / ブラジリアン首都術
4,187,em-1d7c8481ec64,にくぁうちゃん,8,314,913,4,attack_buff,0.524,0.6139,100,0,12,いいえ,ヤマさんヤミーさん / 蝦夷の鬼武者 / 愛のぴよ子 / にくぁうちゃん / ブラジリアン首都術
4,188,em-1e1a4317070b,ＫＲ２ジョー,8,295,910,4,attack_buff,0.524,0.6139,100,0,12,いいえ,ヤマさんヤミーさん / 蝦夷の鬼武者 / 愛のぴよ子 / ＫＲ２ジョー / ブラジリアン首都術
4,189,em-89b0c363f296,川越マン,8,415,798,4,attack_buff,0.524,0.6139,100,0,12,いいえ,ヤマさんヤミーさん / 蝦夷の鬼武者 / 愛のぴよ子 / 川越マン / ブラジリアン首都術
4,190,em-9372502bc6a4,餞のガブリン,42,1913,5367,4,revive,0.5235,0.6013,99,1,11,いいえ,アウス大先輩 / ペーチパイセン / トマティーナ少佐 / 餞のガブリン / にほりん
4,191,em-30e34a964d63,デンマーくん二世,5,700,450,3,guard,0.5223,0.6139,97,3,12,いいえ,ヤマさんヤミーさん / 蝦夷の鬼武者 / 愛のぴよ子 / デンマーくん二世 / ブラジリアン首都術
4,192,em-91479d9f811c,奇術師！エッジュさん,9,700,700,3,skill_reduction,0.5216,0.6013,92,8,12,いいえ,ヤマさんヤミーさん / ペーチパイセン / 肉食ドゥブロさん / 奇術師！エッジュさん / 巨大カンテツ
4,193,em-fb54694c6adc,サイガーイエロー,9,357,1057,4,multi_hit_attack,0.5206,0.6139,98,2,12,いいえ,ヤマさんヤミーさん / 蝦夷の鬼武者 / 愛のぴよ子 / サイガーイエロー / ウシュか☆丸か
4,194,em-5861838d2e36,ばうあー泥棒,35,4771,3033,4,attack_buff,0.5185,0.6203,98,2,12,いいえ,アウス大先輩 / ペーチパイセン / 肉食ドゥブロさん / ばうあー泥棒 / ハリウッドナナコ師匠
4,195,em-4d6fe3f2c9ae,くーさん,3,300,400,4,attack_buff,0.5181,0.6076,95,5,12,いいえ,ヤマさんヤミーさん / 蝦夷の鬼武者 / 愛のぴよ子 / くーさん / ブラジリアン首都術
4,196,em-7a89b660417d,くーちゃん,5,400,500,4,attack_buff,0.5181,0.6076,97,3,12,いいえ,ヤマさんヤミーさん / 蝦夷の鬼武者 / 愛のぴよ子 / くーちゃん / ブラジリアン首都術
4,197,em-02dd665173e3,超回復！反魂タン,6,600,700,4,revive,0.5181,0.6076,98,2,12,いいえ,ヤマさんヤミーさん / 蝦夷の鬼武者 / 愛のぴよ子 / 超回復！反魂タン / ブラジリアン首都術
4,198,em-2d076c59c4b7,わんこーラスそば,6,600,700,3,heal,0.5181,0.6076,98,2,12,いいえ,ヤマさんヤミーさん / 蝦夷の鬼武者 / 愛のぴよ子 / わんこーラスそば / ブラジリアン首都術
4,199,em-bbda291d459c,漆黒及び純白のポワン,20,1704,2896,3,guard,0.5178,0.5949,99,1,12,いいえ,ハリウッドナナコ師匠 / ヤマさんヤミーさん / 肉食ドゥブロさん / 漆黒及び純白のポワン / にほりん
4,200,em-aeb1959eaece,ＫＲ２ジョー軍曹,9,394,1010,4,attack_buff,0.5147,0.6076,98,2,12,いいえ,ヤマさんヤミーさん / 蝦夷の鬼武者 / 愛のぴよ子 / ＫＲ２ジョー軍曹 / ウシュか☆丸か
4,201,em-4a86c88e71a1,デンマーくん,3,600,300,3,guard,0.5123,0.6013,95,5,12,いいえ,ヤマさんヤミーさん / 蝦夷の鬼武者 / 愛のぴよ子 / デンマーくん / ブラジリアン首都術
4,202,em-c5623c38fcb8,反魂タン,5,500,600,4,revive,0.5123,0.6013,97,3,12,いいえ,ヤマさんヤミーさん / 蝦夷の鬼武者 / 愛のぴよ子 / 反魂タン / ブラジリアン首都術
4,203,em-da69b63392e4,手品師！エッシュさん,6,600,600,4,skill_reduction,0.5123,0.6013,98,2,12,いいえ,ヤマさんヤミーさん / 蝦夷の鬼武者 / 愛のぴよ子 / 手品師！エッシュさん / ブラジリアン首都術
4,204,em-efebd27cd58d,新・ひろしマン,7,600,600,3,heal,0.5123,0.6013,99,1,12,いいえ,ヤマさんヤミーさん / 蝦夷の鬼武者 / 愛のぴよ子 / 新・ひろしマン / ブラジリアン首都術
4,205,em-5d524aa44032,元祖・銘菓ぴよ子,8,605,625,4,multi_hit_attack,0.5123,0.6013,100,0,12,いいえ,ヤマさんヤミーさん / 蝦夷の鬼武者 / 愛のぴよ子 / 元祖・銘菓ぴよ子 / ブラジリアン首都術
4,206,em-e07aaef6bd6e,三重子ちゃん,8,603,602,3,attribute_change,0.5123,0.6013,100,0,12,いいえ,ヤマさんヤミーさん / 蝦夷の鬼武者 / 愛のぴよ子 / 三重子ちゃん / ブラジリアン首都術
4,207,em-a84e9301da18,パワフル☆ばん馬ばん,5,600,350,4,attack_buff,0.5106,0.6013,97,3,12,いいえ,ヤマさんヤミーさん / 蝦夷の鬼武者 / 愛のぴよ子 / パワフル☆ばん馬ばん / ブラジリアン首都術
4,208,em-6c82396ace3f,マッシブ☆ばん馬ばん,7,800,450,3,attack_buff,0.5106,0.6013,99,1,12,いいえ,ヤマさんヤミーさん / 蝦夷の鬼武者 / 愛のぴよ子 / マッシブ☆ばん馬ばん / ブラジリアン首都術
4,209,em-845e49247e45,ウサポワン海人,20,1533,2607,3,guard,0.5101,0.5886,99,1,12,いいえ,ハリウッドナナコ師匠 / ヤマさんヤミーさん / 肉食ドゥブロさん / ウサポワン海人 / にほりん
4,210,em-f119f767f457,アダム＆エバ,50,5112,4260,4,attack_buff,0.5082,0.5886,98,2,10,いいえ,アウス大先輩 / ペーチパイセン / 愛のぴよ子 / アダム＆エバ / 巨大カンテツ
4,211,em-cea68c425163,跛荒の鉄男大先生,51,4686,6625,3,multi_hit_attack,0.5065,0.5823,99,1,10,いいえ,アウス大先輩 / ペーチパイセン / 愛のぴよ子 / 跛荒の鉄男大先生 / 巨大カンテツ
4,212,em-0f4d66009260,叡智通,4,280,332,4,attack_buff,0.5048,0.5949,96,4,12,いいえ,ヤマさんヤミーさん / 蝦夷の鬼武者 / 愛のぴよ子 / 叡智通 / ブラジリアン首都術
4,213,em-47063c22130f,わんこースそば,4,300,400,3,heal,0.5048,0.5949,96,4,12,いいえ,ヤマさんヤミーさん / 蝦夷の鬼武者 / 愛のぴよ子 / わんこースそば / ブラジリアン首都術
4,214,em-8a7e4284ba4a,あっぴーさん,5,800,350,3,heal,0.5048,0.5949,97,3,12,いいえ,ヤマさんヤミーさん / 蝦夷の鬼武者 / 愛のぴよ子 / あっぴーさん / ブラジリアン首都術
4,215,em-a2d0308a3d38,蓮次郎,5,400,380,3,skill_reduction,0.5048,0.5949,97,3,12,いいえ,ヤマさんヤミーさん / 蝦夷の鬼武者 / 愛のぴよ子 / 蓮次郎 / ブラジリアン首都術
4,216,em-039828fc85d9,ひろしマン・改,6,400,400,3,heal,0.5048,0.5949,98,2,12,いいえ,ヤマさんヤミーさん / 蝦夷の鬼武者 / 愛のぴよ子 / ひろしマン・改 / ブラジリアン首都術
4,217,em-b34467071fa2,蓮三郎,6,500,450,3,skill_reduction,0.5048,0.5949,98,2,12,いいえ,ヤマさんヤミーさん / 蝦夷の鬼武者 / 愛のぴよ子 / 蓮三郎 / ブラジリアン首都術
4,218,em-eb78da4b3f28,えるたそ,6,500,400,4,attack_buff,0.5048,0.5949,98,2,12,いいえ,ヤマさんヤミーさん / 蝦夷の鬼武者 / 愛のぴよ子 / えるたそ / ブラジリアン首都術
4,219,em-f439af6dc206,さんとくん大先生,12,3020,755,3,delay,0.5045,0.5823,95,5,12,いいえ,ヤマさんヤミーさん / ペーチパイセン / 肉食ドゥブロさん / さんとくん大先生 / 巨大カンテツ
4,220,em-698af6462642,反魂タン昼食TIME,32,3067,5623,4,attack_buff,0.5021,0.6076,99,1,12,いいえ,アウス大先輩 / 北間・クラリス嬢 / 肉食ドゥブロさん / 反魂タン昼食TIME / ブラジリアン首都術
4,221,em-08381d79cfef,大森銀さん,5,1300,150,4,damage_reduction,0.499,0.5886,97,3,12,いいえ,ヤマさんヤミーさん / 蝦夷の鬼武者 / 愛のぴよ子 / 大森銀さん / ブラジリアン首都術
4,222,em-f70fc38ed477,栗栖　益子さん,40,4175,4106,4,multi_hit_attack,0.4988,0.5759,98,2,11,いいえ,アウス大先輩 / ペーチパイセン / コンドアーズ / 栗栖　益子さん / 巨大カンテツ
4,223,em-f6360fa6b0ca,伝統のうるっしー,16,1800,600,4,guard,0.4953,0.5696,99,1,12,いいえ,ヤマさんヤミーさん / ペーチパイセン / 肉食ドゥブロさん / 伝統のうるっしー / 巨大カンテツ
4,224,em-64f8ad5111a6,マッキニキ,9,1000,500,4,damage_reduction,0.4932,0.5696,92,8,12,いいえ,ヤマさんヤミーさん / ペーチパイセン / 肉食ドゥブロさん / マッキニキ / 巨大カンテツ
4,225,em-2080ae65b62a,モヅルン,37,3771,1908,3,attribute_guard,0.4932,0.5696,98,2,12,いいえ,ハリウッドナナコ師匠 / ペーチパイセン / 肉食ドゥブロさん / モヅルン / にほりん
4,226,em-9cbbb04818bd,シミ,20,1704,2215,4,heal,0.4864,0.557,99,1,12,いいえ,ハリウッドナナコ師匠 / ヤマさんヤミーさん / 肉食ドゥブロさん / シミ / にほりん
4,227,em-b0564825039b,わんこールそば,3,200,300,3,heal,0.4824,0.5759,95,5,12,いいえ,ヤマさんヤミーさん / 蝦夷の鬼武者 / 愛のぴよ子 / わんこールそば / ブラジリアン首都術
4,228,em-c4c0bb3e4292,あっぴーちゃん,3,600,300,3,heal,0.4824,0.5759,95,5,12,いいえ,ヤマさんヤミーさん / 蝦夷の鬼武者 / 愛のぴよ子 / あっぴーちゃん / ブラジリアン首都術
4,229,em-3307021ed6b3,なっとくん,4,286,311,3,skill_reduction,0.4824,0.5759,96,4,12,いいえ,ヤマさんヤミーさん / 蝦夷の鬼武者 / 愛のぴよ子 / なっとくん / ブラジリアン首都術
4,230,em-873c09a938ac,蓮太郎,4,310,302,3,skill_reduction,0.4824,0.5759,96,4,12,いいえ,ヤマさんヤミーさん / 蝦夷の鬼武者 / 愛のぴよ子 / 蓮太郎 / ブラジリアン首都術
4,231,em-fb5bfa8a3429,ひろしマン,4,300,300,3,heal,0.4824,0.5759,96,4,12,いいえ,ヤマさんヤミーさん / 蝦夷の鬼武者 / 愛のぴよ子 / ひろしマン / ブラジリアン首都術
4,232,em-377c63de8d80,極・S.K.O.Tちゃん,6,1150,300,4,heal,0.4824,0.5759,98,2,12,いいえ,ヤマさんヤミーさん / 蝦夷の鬼武者 / 愛のぴよ子 / 極・S.K.O.Tちゃん / ブラジリアン首都術
4,233,em-c92854d63199,さんとくんさん,8,1200,300,4,delay,0.4824,0.5759,100,0,12,いいえ,ヤマさんヤミーさん / 蝦夷の鬼武者 / 愛のぴよ子 / さんとくんさん / ブラジリアン首都術
4,234,em-900c465878ea,たたらん先生,12,800,600,3,attack_buff,0.4798,0.5633,95,5,12,いいえ,ヤマさんヤミーさん / ペーチパイセン / 肉食ドゥブロさん / たたらん先生 / 巨大カンテツ
4,235,em-d86fc6931627,ふくしメイト・じゅん,19,1812,1661,3,skill_reduction,0.478,0.557,98,2,12,いいえ,ハリウッドナナコ師匠 / ヤマさんヤミーさん / 肉食ドゥブロさん / ふくしメイト・じゅん / 巨大カンテツ
4,236,em-4e24a668056b,やよいチゥりっぷ,6,900,100,4,attribute_change,0.4766,0.5696,98,2,12,いいえ,ヤマさんヤミーさん / 蝦夷の鬼武者 / 愛のぴよ子 / やよいチゥりっぷ / ブラジリアン首都術
4,237,em-7914d5cdb04d,芋神よしあき,32,4130,2753,3,multi_hit_attack,0.4729,0.5759,99,1,12,いいえ,アウス大先輩 / 北間・クラリス嬢 / 肉食ドゥブロさん / 芋神よしあき / ブラジリアン首都術
4,238,em-7e9ffb70cffa,企業だ浅ちゃん！,32,1192,7327,4,attack_buff,0.4723,0.557,99,1,12,いいえ,ヤマさんヤミーさん / ペーチパイセン / トマティーナ少佐 / 企業だ浅ちゃん！ / 巨大カンテツ
4,239,em-7c5fdd7af70d,覚醒むりょく,6,198,89,3,multi_hit_attack,0.4709,0.5633,98,2,12,いいえ,ヤマさんヤミーさん / 蝦夷の鬼武者 / 愛のぴよ子 / 覚醒むりょく / ブラジリアン首都術
4,240,em-6e1b672bdbe8,いやひこにゃん,18,2718,1057,3,delay,0.4686,0.5506,97,3,12,いいえ,ハリウッドナナコ師匠 / ヤマさんヤミーさん / 肉食ドゥブロさん / いやひこにゃん / 巨大カンテツ
4,241,em-f86c4c085efd,メガネ系ほぬー類,12,700,600,4,skill_reduction,0.4667,0.5506,98,2,12,いいえ,ヤマさんヤミーさん / ペーチパイセン / ターヌムンゴネキ / メガネ系ほぬー類 / 巨大カンテツ
4,242,em-d020ce26e899,ＴＡＳマニア先輩,40,5964,3418,3,skill_reduction,0.463,0.5443,97,3,11,いいえ,アウス大先輩 / ペーチパイセン / トマティーナ少佐 / ＴＡＳマニア先輩 / 巨大カンテツ
4,243,em-ad82a61bcc2a,ｺﾄﾖﾛ!巳ーちゃん様,55,6901,3451,4,damage_reduction,0.4595,0.538,100,0,10,いいえ,ハリウッドナナコ師匠 / ペーチパイセン / トマティーナ少佐 / ｺﾄﾖﾛ!巳ーちゃん様 / にほりん
4,244,em-01325fd9f459,いやひこさま,16,1200,600,3,delay,0.4575,0.538,99,1,12,いいえ,ヤマさんヤミーさん / ペーチパイセン / 肉食ドゥブロさん / いやひこさま / 巨大カンテツ
4,245,em-7c0ef69518eb,有砂小町２ＰＣ,40,5112,5112,4,delay,0.4482,0.5316,97,3,11,いいえ,アウス大先輩 / ペーチパイセン / トマティーナ少佐 / 有砂小町２ＰＣ / 巨大カンテツ
4,246,em-7a5536e43124,因幡WAHHH!!,31,3578,4771,4,attack_buff,0.4438,0.5506,100,0,12,いいえ,ハリウッドナナコ師匠 / ヤマさんヤミーさん / 肉食ドゥブロさん / 因幡WAHHH!! / ウシュか☆丸か
4,247,em-e42e99273751,輪島のうるっしー,12,1200,500,4,guard,0.4428,0.5316,98,2,12,いいえ,ヤマさんヤミーさん / ペーチパイセン / ターヌムンゴネキ / 輪島のうるっしー / 巨大カンテツ
4,248,em-32ef1535a66a,ハバキたん,60,6816,4260,3,damage_reduction,0.4396,0.5443,99,1,8,いいえ,ハリウッドナナコ師匠 / ペーチパイセン / コンドアーズ / ハバキたん / ブラジリアン首都術
4,249,em-814b464a2192,ナナホシ,50,5044,5044,3,skill_reduction,0.4392,0.519,96,4,10,いいえ,ハリウッドナナコ師匠 / ペーチパイセン / コンドアーズ / ナナホシ / 巨大カンテツ
4,250,em-d295de1e4086,海の日シスターズ♪,40,3823,4657,4,attack_buff,0.4338,0.5127,98,2,11,いいえ,アウス大先輩 / ペーチパイセン / コンドアーズ / 海の日シスターズ♪ / 巨大カンテツ
4,251,em-c70398ce7406,讃岐・S.K.O.T神,9,2106,493,3,heal,0.4284,0.5063,100,0,12,いいえ,ヤマさんヤミーさん / アウス大先輩 / 肉食ドゥブロさん / 讃岐・S.K.O.T神 / 巨大カンテツ
4,252,em-9b97e564ea43,ユールシスター☆ノエルん,43,5523,4112,3,multi_hit_attack,0.4245,0.5063,100,0,12,いいえ,アウス大先輩 / ペーチパイセン / トマティーナ少佐 / ユールシスター☆ノエルん / 巨大カンテツ
4,253,em-99460641a41d,奇岩妖精ペリバじゃん,40,6816,852,3,attack_buff,0.423,0.5,97,3,12,いいえ,アウス大先輩 / ペーチパイセン / トマティーナ少佐 / 奇岩妖精ペリバじゃん / 巨大カンテツ
4,254,em-57dce5f944a3,うらうらら,50,4260,6390,4,multi_hit_attack,0.4157,0.4937,96,4,10,いいえ,ハリウッドナナコ師匠 / ペーチパイセン / コンドアーズ / うらうらら / 巨大カンテツ
4,255,em-f5eb41dbe671,たたらん先輩,9,600,400,4,attack_buff,0.4154,0.519,98,2,12,いいえ,ヤマさんヤミーさん / 蝦夷の鬼武者 / 愛のぴよ子 / たたらん先輩 / ウシュか☆丸か
4,256,em-40f4824b1c65,芋煮千十郎,9,1901,502,4,multi_hit_attack,0.4153,0.5,92,8,12,いいえ,ヤマさんヤミーさん / ペーチパイセン / 肉食ドゥブロさん / 芋煮千十郎 / 巨大カンテツ
4,257,em-4dec28ac375f,いやひこさん,13,800,500,3,delay,0.4153,0.5,96,4,12,いいえ,ヤマさんヤミーさん / ペーチパイセン / 肉食ドゥブロさん / いやひこさん / 巨大カンテツ
4,258,em-84d3175a9388,コン勝神☆くー様,48,3809,7024,4,attack_buff,0.4128,0.5127,99,1,10,いいえ,ハリウッドナナコ師匠 / ペーチパイセン / 肉食ドゥブロさん / コン勝神☆くー様 / ウシュか☆丸か
4,259,em-1d206f58d0b7,マッキ,6,600,300,4,damage_reduction,0.4104,0.4873,97,3,12,いいえ,ヤマさんヤミーさん / アウス大先輩 / 肉食ドゥブロさん / マッキ / 巨大カンテツ
4,260,em-02e0499d8e24,朱雀,36,4430,4941,4,attack_buff,0.4082,0.5127,99,1,12,いいえ,アウス大先輩 / ペーチパイセン / 肉食ドゥブロさん / 朱雀 / ハリウッドナナコ師匠
4,261,em-301c11f4a1d7,ウサポワンちゃん,20,1363,2317,3,guard,0.4081,0.4937,99,1,12,いいえ,ハリウッドナナコ師匠 / ヤマさんヤミーさん / 肉食ドゥブロさん / ウサポワンちゃん / にほりん
4,262,em-824a4dbb010c,守護天狗くまのたん,41,1874,7668,3,aoe_attack,0.4065,0.4873,98,2,11,いいえ,アウス大先輩 / ペーチパイセン / トマティーナ少佐 / 守護天狗くまのたん / 巨大カンテツ
4,263,em-337e85c2cd90,ユーコ☆スターダスト,60,6053,4354,4,revive,0.3997,0.5063,98,2,8,いいえ,アウス大先輩 / ペーチパイセン / 愛のぴよ子 / ユーコ☆スターダスト / ハリウッドナナコ師匠
4,264,em-e49404c0e4be,?????,43,5350,2712,3,attack_buff,0.3955,0.481,100,0,12,いいえ,アウス大先輩 / ペーチパイセン / トマティーナ少佐 / ????? / 巨大カンテツ
4,265,em-49b522eac464,ジェヴォたんは狼？,43,3006,6022,4,multi_hit_attack,0.394,0.4747,100,0,11,いいえ,アウス大先輩 / ペーチパイセン / トマティーナ少佐 / ジェヴォたんは狼？ / 巨大カンテツ
4,266,em-8d98226e5962,玉稜の首領・たまうー,29,3067,4260,4,delay,0.3921,0.4747,97,3,12,いいえ,ヤマさんヤミーさん / ペーチパイセン / アウス大先輩 / 玉稜の首領・たまうー / 巨大カンテツ
4,267,em-68c24ce7bf95,女帝！カるたーニャ,40,3408,3408,4,attack_buff,0.3902,0.4747,97,3,11,いいえ,アウス大先輩 / ペーチパイセン / トマティーナ少佐 / 女帝！カるたーニャ / 巨大カンテツ
4,268,em-e362f95d25c3,巳ーちゃんさん,35,4303,3451,3,multi_hit_attack,0.39,0.4937,98,2,12,いいえ,アウス大先輩 / ペーチパイセン / 肉食ドゥブロさん / 巳ーちゃんさん / ハリウッドナナコ師匠
4,269,em-039a051d72bb,伊万里の重畳,36,4260,3919,3,delay,0.39,0.4937,99,1,12,いいえ,アウス大先輩 / ペーチパイセン / 肉食ドゥブロさん / 伊万里の重畳 / ハリウッドナナコ師匠
4,270,em-419c23e0ec81,新生☆ＢＴ５!!,35,3287,3615,3,damage_reduction,0.3897,0.462,93,7,12,いいえ,アウス大先輩 / ペーチパイセン / コンドアーズ / 新生☆ＢＴ５!! / 巨大カンテツ
4,271,em-572c57cf5e18,湘南大水曜日ボーイ,28,2044,5623,4,attack_buff,0.3868,0.4684,96,4,11,いいえ,ヤマさんヤミーさん / ペーチパイセン / アウス大先輩 / 湘南大水曜日ボーイ / 巨大カンテツ
4,272,em-08c36f307e1c,3年ε組！エレナ先生,38,4430,4260,3,attack_buff,0.3835,0.462,96,4,11,いいえ,アウス大先輩 / ペーチパイセン / コンドアーズ / 3年ε組！エレナ先生 / 巨大カンテツ
4,273,em-a0601347b042,グラーツ君,36,2896,5282,3,attack_buff,0.3829,0.4873,99,1,12,いいえ,アウス大先輩 / ペーチパイセン / 肉食ドゥブロさん / グラーツ君 / ハリウッドナナコ師匠
4,274,em-a62aee8d3548,レゲエじゃまいか,40,5453,3748,4,revive,0.3816,0.462,98,2,11,いいえ,アウス大先輩 / ペーチパイセン / コンドアーズ / レゲエじゃまいか / 巨大カンテツ
4,275,em-010ca8278422,伊賀NINJA!,42,1704,5112,3,skill_reduction,0.3816,0.462,99,1,11,いいえ,アウス大先輩 / ペーチパイセン / トマティーナ少佐 / 伊賀NINJA! / 巨大カンテツ
4,276,em-0e376d1892df,メネリくん一世,72,6134,3067,4,guard,0.3785,0.4734,99,1,11,いいえ,ウシュか☆丸か / 北間・クラリス嬢 / 愛のぴよ子 / メネリくん一世 / ハリウッドナナコ師匠
4,277,em-960c8d1446c2,GC・アガッシィΩ,42,3578,3578,4,multi_hit_attack,0.3759,0.462,99,1,11,いいえ,アウス大先輩 / ペーチパイセン / トマティーナ少佐 / GC・アガッシィΩ / 巨大カンテツ
4,278,em-bf7beec08736,いやひこちゃん,10,700,400,4,delay,0.3744,0.481,99,1,12,いいえ,ヤマさんヤミーさん / 蝦夷の鬼武者 / 愛のぴよ子 / いやひこちゃん / ウシュか☆丸か
4,279,em-748c1a866dbc,Hey Yeah 清盛,75,11417,2896,3,guard,0.3715,0.481,100,0,11,いいえ,ケンＺＯ２号 / ペーチパイセン / オリバーWITHソー / Hey Yeah 清盛 / 竹輪先生
4,280,em-a8e1bfbd68cd,秋のタツタちゃん,80,10224,4771,4,multi_hit_attack,0.3704,0.4747,100,0,10,いいえ,ケンＺＯ２号 / ペーチパイセン / かずらちゃん / 秋のタツタちゃん / 竹輪先生
4,281,em-cf71633a3be4,真・やよいチゥりっぷ,12,1500,300,3,attribute_change,0.3689,0.4557,98,2,12,いいえ,ヤマさんヤミーさん / ペーチパイセン / ターヌムンゴネキ / 真・やよいチゥりっぷ / 巨大カンテツ
4,282,em-251adb8af3dc,にくぁう餃子権現,30,1365,3638,4,attack_buff,0.3603,0.443,98,2,12,いいえ,ヤマさんヤミーさん / ペーチパイセン / アウス大先輩 / にくぁう餃子権現 / 巨大カンテツ
4,283,em-4e0f06589604,新・やよいチゥりっぷ,9,1100,200,3,attribute_change,0.3519,0.4304,92,8,12,いいえ,ヤマさんヤミーさん / ペーチパイセン / 肉食ドゥブロさん / 新・やよいチゥりっぷ / 巨大カンテツ
4,284,em-ab565d3596f4,さんとくん先輩,10,1500,400,4,delay,0.3519,0.4304,93,7,12,いいえ,ヤマさんヤミーさん / ペーチパイセン / 肉食ドゥブロさん / さんとくん先輩 / 巨大カンテツ
4,285,em-c9268ab25340,大森銀さま,10,1600,200,3,damage_reduction,0.3519,0.4304,93,7,12,いいえ,ヤマさんヤミーさん / ペーチパイセン / 肉食ドゥブロさん / 大森銀さま / 巨大カンテツ
4,286,em-6aaeda4f2f3a,ギガキプ☆アガッシイ,35,2726,2726,4,multi_hit_attack,0.3501,0.4494,98,2,12,いいえ,アウス大先輩 / ペーチパイセン / 肉食ドゥブロさん / ギガキプ☆アガッシイ / ハリウッドナナコ師匠
4,287,em-4c03ad40dce9,源のゴライコー,75,7923,6390,4,attack_buff,0.3464,0.443,100,0,11,いいえ,ケンＺＯ１号 / ペーチパイセン / 愛のぴよ子 / 源のゴライコー / ウシュか☆丸か
4,288,em-ae8585ed525d,一服のうっぴー,46,6475,3408,3,heal,0.3416,0.443,96,4,10,いいえ,アウス大先輩 / ペーチパイセン / トマティーナ少佐 / 一服のうっぴー / おこしんMK-2
4,289,em-5b97cf2d5a88,やまたのおろちん,40,2726,2726,3,multi_hit_attack,0.329,0.4114,97,3,12,いいえ,アウス大先輩 / ペーチパイセン / トマティーナ少佐 / やまたのおろちん / 巨大カンテツ
4,290,em-6fd11d4d3308,超天狗くまのたん,35,1704,7497,3,attack_buff,0.3251,0.3987,99,1,12,いいえ,ハリウッドナナコ師匠 / ヤマさんヤミーさん / コンドアーズ / 超天狗くまのたん / 巨大カンテツ
4,291,em-dbd545e946e6,嫁劇！くーにゃん,40,2556,6816,4,attack_buff,0.3221,0.4051,98,2,11,いいえ,アウス大先輩 / ペーチパイセン / コンドアーズ / 嫁劇！くーにゃん / 巨大カンテツ
4,292,em-dce9e83b7c07,長靴履いたなろう猫,42,3786,2726,3,attribute_change,0.2996,0.3734,100,0,11,いいえ,アウス大先輩 / ペーチパイセン / コンドアーズ / 長靴履いたなろう猫 / 巨大カンテツ
4,293,em-54cb13a72721,不思議の海のモヅルン,60,6475,4941,3,attribute_guard,0.2946,0.3924,99,1,8,いいえ,ハリウッドナナコ師匠 / ペーチパイセン / コンドアーズ / 不思議の海のモヅルン / ブラジリアン首都術
4,294,em-e36d35de9441,青谷やよい,42,3578,3374,4,damage_reduction,0.2876,0.3797,99,1,11,いいえ,アウス大先輩 / ペーチパイセン / トマティーナ少佐 / 青谷やよい / にほりん
4,295,em-b27009a57b71,架けろきしわだっしー,49,1559,6672,3,attack_buff,0.2677,0.3544,100,0,11,いいえ,ハリウッドナナコ師匠 / ペーチパイセン / 肉食ドゥブロさん / 架けろきしわだっしー / ウシュか☆丸か
4,296,em-27802083d7f5,チュニスさん,50,5964,3919,4,skill_reduction,0.2637,0.3418,96,4,10,いいえ,ハリウッドナナコ師匠 / ペーチパイセン / コンドアーズ / チュニスさん / 巨大カンテツ
4,297,em-3b47fb031e0a,上京！世界師匠,36,1704,4260,4,multi_hit_attack,0.2617,0.3418,94,6,12,いいえ,アウス大先輩 / ペーチパイセン / コンドアーズ / 上京！世界師匠 / 巨大カンテツ
4,298,em-9ffce070b31f,レモなんとかさん,40,5793,2215,3,revive,0.2495,0.3354,98,2,11,いいえ,アウス大先輩 / ペーチパイセン / コンドアーズ / レモなんとかさん / 巨大カンテツ
4,299,em-8cb75e870411,マンいーたち,50,3408,6816,4,aoe_attack,0.2478,0.3228,96,4,10,いいえ,ハリウッドナナコ師匠 / ペーチパイセン / コンドアーズ / マンいーたち / 巨大カンテツ
4,300,em-74c87c37d930,むぅむぅ,30,2839,2525,3,multi_hit_attack,0.2376,0.3291,98,2,12,いいえ,ヤマさんヤミーさん / ペーチパイセン / アウス大先輩 / むぅむぅ / 巨大カンテツ
4,301,em-eece08d90093,罠なくトロイ先輩,18,4830,16,4,multi_hit_attack,0.2316,0.3007,97,3,12,いいえ,ハリウッドナナコ師匠 / ヤマさんヤミーさん / 肉食ドゥブロさん / 罠なくトロイ先輩 / 巨大カンテツ
4,302,em-2998c94ac8cc,ギガ☆キプちゃん,28,1874,1874,4,multi_hit_attack,0.2261,0.3165,96,4,12,いいえ,ヤマさんヤミーさん / ペーチパイセン / アウス大先輩 / ギガ☆キプちゃん / 巨大カンテツ
4,303,em-b17b3174de7d,ネギtheフィクサー,45,2405,5135,3,damage_reduction,0.2221,0.3038,99,1,11,いいえ,ハリウッドナナコ師匠 / アウス大先輩 / コンドアーズ / ネギtheフィクサー / 巨大カンテツ
4,304,em-c89260e1ef3b,曲芸師・ブンブク,60,6305,2996,4,revive,0.2195,0.313,99,1,8,いいえ,アウス大先輩 / 北間・クラリス嬢 / 愛のぴよ子 / 曲芸師・ブンブク / ウシュか☆丸か
4,305,em-98054d952da8,ニート達の日常。,21,2968,296,3,delay,0.2192,0.2911,100,0,12,いいえ,ハリウッドナナコ師匠 / ヤマさんヤミーさん / 肉食ドゥブロさん / ニート達の日常。 / 巨大カンテツ
4,306,em-31f11b9a8df8,ももとふFREEダム,40,3408,4260,3,heal,0.2137,0.2975,98,2,11,いいえ,ヤマさんヤミーさん / ペーチパイセン / 愛のぴよ子 / ももとふFREEダム / にほりん
4,307,em-f3861e35df6f,暗黒王まはーかーらん,47,3731,3926,4,delay,0.2129,0.3101,98,2,11,いいえ,ハリウッドナナコ師匠 / ペーチパイセン / 肉食ドゥブロさん / 暗黒王まはーかーらん / ウシュか☆丸か
4,308,em-f7f78d464e92,ウミウサーヌ,60,3408,4601,3,guard,0.2064,0.3038,100,0,8,いいえ,アウス大先輩 / ペーチパイセン / 黄泉還り！反魂タン / ウミウサーヌ / ハリウッドナナコ師匠
4,309,em-14d31235a3f8,かっちゃんのBIG強飯,48,3067,4601,4,attack_buff,0.1967,0.2911,99,1,11,いいえ,ハリウッドナナコ師匠 / ペーチパイセン / 肉食ドゥブロさん / かっちゃんのBIG強飯 / ウシュか☆丸か
4,310,em-0e768525b557,ヘラクレス先輩,70,5885,6230,4,multi_hit_attack,0.1936,0.2848,97,3,11,いいえ,ケンＺＯ１号 / ペーチパイセン / ご入学ぴよ子 / ヘラクレス先輩 / ウシュか☆丸か
4,311,em-faea6a503d7f,討ち入り☆花子,58,5350,4907,3,aoe_attack,0.1907,0.2785,99,1,10,いいえ,アウス大先輩 / ペーチパイセン / 愛のぴよ子 / 討ち入り☆花子 / 旧市街地の魔物
4,312,em-276d7f996bbe,竜也エボリューション,49,2044,6305,3,attack_buff,0.1872,0.2785,100,0,11,いいえ,ハリウッドナナコ師匠 / ペーチパイセン / 肉食ドゥブロさん / 竜也エボリューション / ウシュか☆丸か
4,313,em-58dbb7bc9653,六点魔王ノッブ,58,3408,5964,3,multi_hit_attack,0.1576,0.2342,99,1,10,いいえ,アウス大先輩 / ペーチパイセン / 愛のぴよ子 / 六点魔王ノッブ / 旧市街地の魔物
4,314,em-01ed0ad1bb88,ムガるぞ！フマゆん,78,8350,6805,3,aoe_attack,0.149,0.2405,99,1,11,いいえ,紅玉の供犠ぴよ子 / ウナギーヌくん / 愛のぴよ子 / ムガるぞ！フマゆん / ウシュか☆丸か
4,315,em-90d2686cfd0d,花火戦隊サイガーRe,45,4515,5367,3,multi_hit_attack,0.1365,0.2278,95,5,11,いいえ,アウス大先輩 / ペーチパイセン / トマティーナ少佐 / 花火戦隊サイガーRe / おこしんMK-2
4,316,em-7d756ba8373e,謹賀新年のびゃこ,47,2300,6219,4,attack_buff,0.1337,0.2215,98,2,11,いいえ,ハリウッドナナコ師匠 / ペーチパイセン / 肉食ドゥブロさん / 謹賀新年のびゃこ / ウシュか☆丸か
4,317,em-41b8799b7505,まおーちゃん,50,3748,4941,3,revive,0.1257,0.2152,97,3,10,いいえ,アウス大先輩 / ペーチパイセン / トマティーナ少佐 / まおーちゃん / ハリウッドナナコ師匠
4,318,em-3f6affd1acff,ハンニバル力(りょく),58,7497,2385,3,aoe_attack,0.1249,0.2089,99,1,10,いいえ,アウス大先輩 / ペーチパイセン / 愛のぴよ子 / ハンニバル力(りょく) / 旧市街地の魔物
4,319,em-8522b1e6c291,百華百彩久連子,55,5282,5282,3,multi_hit_attack,0.124,0.2152,100,0,11,いいえ,アウス大先輩 / ペーチパイセン / トマティーナ少佐 / 百華百彩久連子 / 大森さん
4,320,em-32dd2642183e,ハイパーハンギョジン,60,5889,3996,3,attack_buff,0.1231,0.2089,98,2,8,いいえ,アウス大先輩 / ペーチパイセン / 愛のぴよ子 / ハイパーハンギョジン / ハリウッドナナコ師匠
4,321,em-5c46e7a79c7f,ギャルド・スイス先輩,45,3408,5453,4,multi_hit_attack,0.1213,0.2089,95,5,11,いいえ,アウス大先輩 / ペーチパイセン / トマティーナ少佐 / ギャルド・スイス先輩 / おこしんMK-2
4,322,em-4e3940289203,スーパー軍師兵衛ズ,60,7838,2385,3,skill_reduction,0.1195,0.2089,98,2,8,いいえ,アウス大先輩 / ペーチパイセン / 愛のぴよ子 / スーパー軍師兵衛ズ / ウシュか☆丸か
4,323,em-14092b64f08d,コハク糖の魔導師,46,4379,5367,3,attribute_change,0.1169,0.2025,96,4,10,いいえ,アウス大先輩 / ペーチパイセン / トマティーナ少佐 / コハク糖の魔導師 / ブラジリアン首都術
4,324,em-9fe53d26e9cb,ロイ・マタ先輩,46,2726,6816,3,multi_hit_attack,0.1169,0.2025,96,4,11,いいえ,アウス大先輩 / ペーチパイセン / トマティーナ少佐 / ロイ・マタ先輩 / おこしんMK-2
4,325,em-e795d2bbe2f0,北政所ねね様,60,5623,4601,3,attribute_guard,0.1133,0.2025,98,2,8,いいえ,アウス大先輩 / ペーチパイセン / 愛のぴよ子 / 北政所ねね様 / ハリウッドナナコ師匠
4,326,em-7941e8376c00,堕楽・ぴよボロス,46,756,7572,4,attack_buff,0.1111,0.1772,96,4,11,いいえ,アウス大先輩 / ペーチパイセン / トマティーナ少佐 / 堕楽・ぴよボロス / ブラジリアン首都術
4,327,em-e0dcffe4d5d0,大魔神！せいタン降臨,44,2044,6305,4,attack_buff,0.1051,0.1709,94,6,12,いいえ,アウス大先輩 / ペーチパイセン / トマティーナ少佐 / 大魔神！せいタン降臨 / おこしんMK-2
4,328,em-35dfd8c60675,はぎみタンさん,55,4430,4771,4,aoe_attack,0.1028,0.1899,100,0,11,いいえ,アウス大先輩 / ペーチパイセン / トマティーナ少佐 / はぎみタンさん / 大森さん
4,329,em-dff6ba115611,トゥーさん,44,3067,3067,3,revive,0.1004,0.1835,94,6,12,いいえ,アウス大先輩 / ペーチパイセン / トマティーナ少佐 / トゥーさん / ブラジリアン首都術
4,330,em-de36aab296aa,月下皇帝ランたん様,50,3150,5367,3,revive,0.0982,0.1582,96,4,10,いいえ,ハリウッドナナコ師匠 / ペーチパイセン / コンドアーズ / 月下皇帝ランたん様 / にほりん
4,331,em-11f22e87203d,骨喰　花蟲,60,2300,5708,4,revive,0.0925,0.1772,98,2,8,いいえ,アウス大先輩 / ペーチパイセン / 愛のぴよ子 / 骨喰　花蟲 / ハリウッドナナコ師匠
4,332,em-40bd3b1e44fa,五月病の悪魔の契約,55,4123,4226,4,aoe_attack,0.085,0.1519,96,4,10,いいえ,アウス大先輩 / ペーチパイセン / 愛のぴよ子 / 五月病の悪魔の契約 / おこしんMK-2
4,333,em-c25db2f5b4ff,メルヘン☆グリ子,80,9202,3748,4,damage_reduction,0.0768,0.1456,100,0,10,いいえ,ケンＺＯ２号 / ペーチパイセン / かずらちゃん / メルヘン☆グリ子 / 竹輪先生
4,334,em-98730869df6a,朱染めの夏炎・朱雀,70,5282,6475,3,attack_buff,0.0645,0.1392,97,3,11,いいえ,ケンＺＯ１号 / ペーチパイセン / ご入学ぴよ子 / 朱染めの夏炎・朱雀 / ウシュか☆丸か
4,335,em-eb57ed2cb1f2,ペパりんズクッキング,60,6305,3237,3,delay,0.0624,0.1392,98,2,8,いいえ,アウス大先輩 / ペーチパイセン / 愛のぴよ子 / ペパりんズクッキング / ハリウッドナナコ師匠
4,336,em-48a7e7dd243f,鮫男子・ニタりん,60,4601,7157,3,multi_hit_attack,0.0549,0.1266,98,2,8,いいえ,アウス大先輩 / ペーチパイセン / 愛のぴよ子 / 鮫男子・ニタりん / ハリウッドナナコ師匠
4,337,em-7ba25345ffb0,シーさま,60,4601,4601,3,delay,0.0549,0.1266,98,2,8,いいえ,アウス大先輩 / ペーチパイセン / 愛のぴよ子 / シーさま / ハリウッドナナコ師匠
4,338,em-5d34c0af44dd,白兎神★ばうあー,72,3878,5487,3,skill_reduction,0.0434,0.1139,99,1,11,いいえ,紅玉の供犠ぴよ子 / ペーチパイセン / 愛のぴよ子 / 白兎神★ばうあー / ウシュか☆丸か
4,339,em-c46238c7c677,ケラ,70,3067,7157,3,attack_buff,0.0172,0.0759,100,0,11,いいえ,ウシュか☆丸か / 北間・クラリス嬢 / 愛のぴよ子 / ケラ / ブラジリアン首都術
4,340,em-ffea90d62e77,テイヤさん,55,1874,5282,3,multi_hit_attack,0.0145,0.0696,100,0,11,いいえ,アウス大先輩 / トマティーナ少佐 / 愛のぴよ子 / テイヤさん / ウシュか☆丸か
4,341,em-0277eca3d9cf,ゆる神の像＆ピヨか？,60,426,511,3,guard,0,0.0063,99,1,8,いいえ,ハリウッドナナコ師匠 / ペーチパイセン / コンドアーズ / ゆる神の像＆ピヨか？ / ブラジリアン首都術
4,342,em-523af93f71e3,神田祭らーの集い,88,5027,6901,4,aoe_attack,0,0,101,0,0,いいえ,
4,343,em-6eed78e1fe62,リア充の権化安倍晴明,100,6782,6271,3,heal,0,0,101,0,0,いいえ,
4,344,em-a85045965911,まさか殿(マジ),100,7463,6628,3,attack_buff,0,0,101,0,0,いいえ,
4,345,em-f33de53ee597,遊無給(ニート)な小町,100,7327,5623,3,attack_buff,0,0,101,0,0,いいえ,
5,1,em-b8c4235090fa,バビるわバビル君。,39,5367,3441,4,damage_reduction,0.8233,0.8797,100,0,11,いいえ,ハリウッドナナコ師匠 / ペーチパイセン / 肉食ドゥブロさん / タミちゃんの火祭り / バビるわバビル君。
5,2,em-6c9a66a7da8c,抹殺音ズース,40,5623,3408,6,heal,0.818,0.8797,100,0,8,いいえ,ヤマさんヤミーさん / ペーチパイセン / トマティーナ少佐 / おこしんMK-2 / 抹殺音ズース
5,3,em-96f9283052eb,ロロちゃんさん先輩,22,2254,2737,5,revive,0.7982,0.8544,100,0,12,いいえ,ヤマさんヤミーさん / ペーチパイセン / ターヌムンゴネキ / 愛のぴよ子 / ロロちゃんさん先輩
5,4,em-cb0ef748882f,八狗神伏姫様,35,5538,2130,4,guard,0.7929,0.8544,100,0,11,いいえ,アウス大先輩 / ペーチパイセン / 肉食ドゥブロさん / 愛のぴよ子 / 八狗神伏姫様
5,5,em-e5fb3c6a3323,ガジュ・まる子さん,34,3748,4430,5,revive,0.7776,0.8354,99,1,11,いいえ,アウス大先輩 / ペーチパイセン / 愛のぴよ子 / 肉食ドゥブロさん / ガジュ・まる子さん
5,6,em-1ad78d7d3c2f,狐仮面,22,2215,1789,4,revive,0.7543,0.8228,100,0,12,いいえ,ヤマさんヤミーさん / ペーチパイセン / ターヌムンゴネキ / 愛のぴよ子 / 狐仮面
5,7,em-28a4ccf4cbfc,ステンバーイちび蔵,24,596,3748,4,revive,0.7412,0.8165,99,1,11,いいえ,ヤマさんヤミーさん / ペーチパイセン / 肉食ドゥブロさん / 愛のぴよ子 / ステンバーイちび蔵
5,8,em-32b98839a4c2,派遣社員だ浅子さん,6,380,600,5,attack_buff,0.7257,0.7975,99,1,12,いいえ,アウス大先輩 / ペーチパイセン / ターヌムンゴネキ / 肉食ドゥブロさん / 派遣社員だ浅子さん
5,9,em-82f2d0dfc734,マジでたっくん,6,295,885,5,attack_buff,0.7257,0.7975,99,1,12,いいえ,アウス大先輩 / ペーチパイセン / ターヌムンゴネキ / 肉食ドゥブロさん / マジでたっくん
5,10,em-43c2f997e41c,きっしん,7,170,830,5,attack_buff,0.7257,0.7975,100,0,12,いいえ,アウス大先輩 / ペーチパイセン / ターヌムンゴネキ / 肉食ドゥブロさん / きっしん
5,11,em-fa48dd1cff0a,祭りだ浅ちゃん！,7,800,1603,4,attack_buff,0.7257,0.7975,100,0,12,いいえ,アウス大先輩 / ペーチパイセン / ターヌムンゴネキ / 肉食ドゥブロさん / 祭りだ浅ちゃん！
5,12,em-962f1faafed7,三貴子アマテラス,75,10309,5112,5,revive,0.7215,0.7975,100,0,6,いいえ,ケンＺＯ１号 / ペーチパイセン / 愛のぴよ子 / 竹輪大臣 / 三貴子アマテラス
5,13,em-45dad5139056,ベギン改・修道女,37,4565,4467,4,revive,0.7214,0.7911,100,0,11,いいえ,ハリウッドナナコ師匠 / ペーチパイセン / コンドアーズ / 肉食ドゥブロさん / ベギン改・修道女
5,14,em-40b14b1190a7,芳一先生,6,600,700,5,revive,0.7091,0.7911,100,0,12,いいえ,アウス大先輩 / 北間・クラリス嬢 / ターヌムンゴネキ / 肉食ドゥブロさん / 芳一先生
5,15,em-74e8fc67e60c,竹輪大臣,5,200,900,4,attack_buff,0.7085,0.7848,98,2,12,いいえ,アウス大先輩 / ペーチパイセン / ターヌムンゴネキ / 肉食ドゥブロさん / 竹輪大臣
5,16,em-18a6642e277e,旧市街地の魔物,8,2799,16,4,attack_buff,0.7065,0.7848,97,3,12,いいえ,ハリウッドナナコ師匠 / アウス大先輩 / ターヌムンゴネキ / 肉食ドゥブロさん / 旧市街地の魔物
5,17,em-17e6d828aa8d,かなりたっくん,5,195,685,5,attack_buff,0.7,0.7785,98,2,12,いいえ,アウス大先輩 / ペーチパイセン / ターヌムンゴネキ / 肉食ドゥブロさん / かなりたっくん
5,18,em-ccd4db81276f,夜間学校な浅子さん,5,200,500,5,attack_buff,0.7,0.7785,98,2,12,いいえ,アウス大先輩 / ペーチパイセン / ターヌムンゴネキ / 肉食ドゥブロさん / 夜間学校な浅子さん
5,19,em-7e369f15337f,超辛ふとし君,6,321,659,5,attack_buff,0.7,0.7785,99,1,12,いいえ,アウス大先輩 / ペーチパイセン / ターヌムンゴネキ / 肉食ドゥブロさん / 超辛ふとし君
5,20,em-f78f249e0088,剣闘士,7,168,812,5,attack_buff,0.7,0.7785,100,0,12,いいえ,アウス大先輩 / ペーチパイセン / ターヌムンゴネキ / 肉食ドゥブロさん / 剣闘士
5,21,em-294f61da0084,Ｃ・Ｃ☆電車姫,22,3741,1973,4,attack_buff,0.6978,0.7658,97,3,11,いいえ,ヤマさんヤミーさん / ペーチパイセン / 肉食ドゥブロさん / 愛のぴよ子 / Ｃ・Ｃ☆電車姫
5,22,em-d0639c20e6b1,ユーコ☆宇宙,24,4260,2556,4,revive,0.6938,0.7595,99,1,12,いいえ,ヤマさんヤミーさん / ペーチパイセン / 肉食ドゥブロさん / 愛のぴよ子 / ユーコ☆宇宙
5,23,em-efaa90d2f7dc,竹輪先生,3,150,700,5,attack_buff,0.6916,0.7722,96,4,12,いいえ,アウス大先輩 / ペーチパイセン / ターヌムンゴネキ / 肉食ドゥブロさん / 竹輪先生
5,24,em-b06129e327ac,ケンＺＯ３号,6,300,680,5,attack_buff,0.6916,0.7722,99,1,12,いいえ,アウス大先輩 / ペーチパイセン / ターヌムンゴネキ / 肉食ドゥブロさん / ケンＺＯ３号
5,25,em-455f884e0481,迷菓ぴよ子先生,7,662,700,5,attack_buff,0.6916,0.7722,100,0,12,いいえ,アウス大先輩 / ペーチパイセン / ターヌムンゴネキ / 肉食ドゥブロさん / 迷菓ぴよ子先生
5,26,em-980bac842ec7,ウシュか☆丸か,5,1410,1404,10,revive,0.6879,0.7722,99,1,12,いいえ,アウス大先輩 / 北間・クラリス嬢 / ターヌムンゴネキ / 肉食ドゥブロさん / ウシュか☆丸か
5,27,em-4b8a1db2788c,ニートな浅子さん,4,112,418,5,attack_buff,0.6833,0.7658,97,3,12,いいえ,アウス大先輩 / ペーチパイセン / ターヌムンゴネキ / 肉食ドゥブロさん / ニートな浅子さん
5,28,em-d9f30734dd50,草カロ花子,7,1159,1244,5,heal,0.6833,0.7658,100,0,12,いいえ,アウス大先輩 / ペーチパイセン / ターヌムンゴネキ / 肉食ドゥブロさん / 草カロ花子
5,29,em-df95e8471300,名家ぴよ子お嬢様,10,1331,1374,5,attack_buff,0.6808,0.7595,99,1,11,いいえ,ハリウッドナナコ師匠 / アウス大先輩 / ターヌムンゴネキ / 肉食ドゥブロさん / 名家ぴよ子お嬢様
5,30,em-18cdc04bd0d0,ｼﾞｬｯｸｵｰ・ランちゃん,20,1022,3578,5,attribute_guard,0.6748,0.7405,96,4,12,いいえ,ヤマさんヤミーさん / ペーチパイセン / 肉食ドゥブロさん / おこしんMK-2 / ｼﾞｬｯｸｵｰ・ランちゃん
5,31,em-35e37020b193,æッシュちゃん,17,3542,2254,5,attribute_guard,0.6743,0.7468,96,4,11,いいえ,ヤマさんヤミーさん / ペーチパイセン / ターヌムンゴネキ / おこしんMK-2 / æッシュちゃん
5,32,em-5514b5658aa3,ハリウッドナナコ師匠,5,2503,1093,9,delay,0.6634,0.7532,98,2,12,いいえ,アウス大先輩 / ペーチパイセン / ターヌムンゴネキ / 肉食ドゥブロさん / ハリウッドナナコ師匠
5,33,em-ea813aee5d92,ブラジリアン首都術,8,1812,1963,4,aoe_attack,0.6561,0.7405,97,3,12,いいえ,ハリウッドナナコ師匠 / アウス大先輩 / ターヌムンゴネキ / 肉食ドゥブロさん / ブラジリアン首都術
5,34,em-41ff91d7d090,有馬スター,9,1159,1244,4,heal,0.6561,0.7405,98,2,12,いいえ,ハリウッドナナコ師匠 / アウス大先輩 / ターヌムンゴネキ / 肉食ドゥブロさん / 有馬スター
5,35,em-e6110f879f18,ユーコ隊,24,3408,2044,4,revive,0.6534,0.7278,99,1,12,いいえ,ヤマさんヤミーさん / ペーチパイセン / 肉食ドゥブロさん / 愛のぴよ子 / ユーコ隊
5,36,em-10aded4f89d1,ゲイコツガブリムシ,13,820,2300,5,revive,0.6534,0.7278,100,0,12,いいえ,アウス大先輩 / ヤマさんヤミーさん / ターヌムンゴネキ / ブラジリアン首都術 / ゲイコツガブリムシ
5,37,em-cc5744474846,芳一さん,5,400,500,6,revive,0.652,0.7468,98,2,12,いいえ,アウス大先輩 / ペーチパイセン / ターヌムンゴネキ / 肉食ドゥブロさん / 芳一さん
5,38,em-4052b050ef42,白虎けいび,4,295,300,5,attack_buff,0.6507,0.7405,97,3,12,いいえ,アウス大先輩 / ペーチパイセン / ターヌムンゴネキ / 肉食ドゥブロさん / 白虎けいび
5,39,em-f074d8bb177d,たっくん,4,95,507,5,attack_buff,0.6507,0.7405,97,3,12,いいえ,アウス大先輩 / ペーチパイセン / ターヌムンゴネキ / 肉食ドゥブロさん / たっくん
5,40,em-54897d4f731d,ケンＺＯ２号,5,200,580,5,attack_buff,0.6507,0.7405,98,2,12,いいえ,アウス大先輩 / ペーチパイセン / ターヌムンゴネキ / 肉食ドゥブロさん / ケンＺＯ２号
5,41,em-5e86bff12fb7,ピリ辛ふとし君,5,211,569,5,attack_buff,0.6507,0.7405,98,2,12,いいえ,アウス大先輩 / ペーチパイセン / ターヌムンゴネキ / 肉食ドゥブロさん / ピリ辛ふとし君
5,42,em-7976e2f3d65d,迷菓ぴよ子先輩,5,502,530,5,attack_buff,0.6507,0.7405,98,2,12,いいえ,アウス大先輩 / ペーチパイセン / ターヌムンゴネキ / 肉食ドゥブロさん / 迷菓ぴよ子先輩
5,43,em-75066f4bfd55,くーにょん,6,600,700,4,attack_buff,0.6507,0.7405,99,1,12,いいえ,アウス大先輩 / ペーチパイセン / ターヌムンゴネキ / 肉食ドゥブロさん / くーにょん
5,44,em-036ee10985c7,大正義！反魂タン,7,800,1000,4,revive,0.6507,0.7405,100,0,12,いいえ,アウス大先輩 / ペーチパイセン / ターヌムンゴネキ / 肉食ドゥブロさん / 大正義！反魂タン
5,45,em-2f8589eed296,畳リーゼント,7,300,700,4,attack_buff,0.6507,0.7405,100,0,12,いいえ,アウス大先輩 / ペーチパイセン / ターヌムンゴネキ / 肉食ドゥブロさん / 畳リーゼント
5,46,em-594f4648caff,金閣鹿苑大先生,7,1201,1201,4,revive,0.6507,0.7405,100,0,12,いいえ,アウス大先輩 / ペーチパイセン / ターヌムンゴネキ / 肉食ドゥブロさん / 金閣鹿苑大先生
5,47,em-e1a6af095fc1,驀進叡智通,7,450,530,4,attack_buff,0.6507,0.7405,100,0,12,いいえ,アウス大先輩 / ペーチパイセン / ターヌムンゴネキ / 肉食ドゥブロさん / 驀進叡智通
5,48,em-d25a7727f654,プラハ嬢,32,1482,4991,4,damage_reduction,0.6473,0.7278,98,2,11,いいえ,アウス大先輩 / ペーチパイセン / 肉食ドゥブロさん / おこしんMK-2 / プラハ嬢
5,49,em-f49b19428b58,ちび丸のハロウィン,17,255,2896,4,revive,0.6435,0.7278,96,4,11,いいえ,ヤマさんヤミーさん / ペーチパイセン / ターヌムンゴネキ / おこしんMK-2 / ちび丸のハロウィン
5,50,em-0697e2f112ca,ケンＺＯ１号,4,102,510,5,attack_buff,0.6427,0.7342,97,3,12,いいえ,アウス大先輩 / ペーチパイセン / ターヌムンゴネキ / 肉食ドゥブロさん / ケンＺＯ１号
5,51,em-0f6666d2132f,サイガーレッド,7,170,830,5,multi_hit_attack,0.6427,0.7342,100,0,12,いいえ,アウス大先輩 / ペーチパイセン / ターヌムンゴネキ / 肉食ドゥブロさん / サイガーレッド
5,52,em-d5d58dc5e468,子供神・わらしちゃん,7,565,1131,4,delay,0.6427,0.7342,100,0,12,いいえ,アウス大先輩 / ペーチパイセン / ターヌムンゴネキ / 肉食ドゥブロさん / 子供神・わらしちゃん
5,53,em-05688a606392,芳一くん,3,300,400,7,revive,0.6394,0.7342,96,4,12,いいえ,アウス大先輩 / ペーチパイセン / ターヌムンゴネキ / 肉食ドゥブロさん / 芳一くん
5,54,em-0183a7a13db2,かーたん・べーり,32,4089,4089,5,attribute_guard,0.6392,0.7215,98,2,11,いいえ,アウス大先輩 / ペーチパイセン / 肉食ドゥブロさん / おこしんMK-2 / かーたん・べーり
5,55,em-a81a753351d9,戸定梨香,28,3216,3534,4,revive,0.6389,0.7152,99,1,12,いいえ,ハリウッドナナコ師匠 / アウス大先輩 / コンドアーズ / 肉食ドゥブロさん / 戸定梨香
5,56,em-d74e6be8b4b9,クビキリギス,40,3800,3544,4,damage_reduction,0.6369,0.7089,100,0,8,いいえ,ヤマさんヤミーさん / ペーチパイセン / トマティーナ少佐 / おこしんMK-2 / クビキリギス
5,57,em-39adadcf380b,朱雀けいび,5,305,335,6,revive,0.6361,0.7342,98,2,12,いいえ,アウス大先輩 / ペーチパイセン / ターヌムンゴネキ / 肉食ドゥブロさん / 朱雀けいび
5,58,em-4442b5ee096e,朱雀むりょく,5,165,165,6,revive,0.6361,0.7342,98,2,12,いいえ,アウス大先輩 / ペーチパイセン / ターヌムンゴネキ / 肉食ドゥブロさん / 朱雀むりょく
5,59,em-91791d21e202,ネオけいび,6,305,310,6,attribute_guard,0.6361,0.7342,99,1,12,いいえ,アウス大先輩 / ペーチパイセン / ターヌムンゴネキ / 肉食ドゥブロさん / ネオけいび
5,60,em-f230094c0c4f,シンプソン君,5,400,400,8,revive,0.6331,0.7278,98,2,12,いいえ,アウス大先輩 / ペーチパイセン / ターヌムンゴネキ / 肉食ドゥブロさん / シンプソン君
5,61,em-a03649b8e724,巨大カンテツ,15,3220,3220,5,heal,0.633,0.7025,99,1,13,いいえ,ヤマさんヤミーさん / アウス大先輩 / 肉食ドゥブロさん / おこしんMK-2 / 巨大カンテツ
5,62,em-959e9037e6f6,だいこっくん,8,800,900,8,attack_buff,0.6319,0.7215,97,3,12,いいえ,ハリウッドナナコ師匠 / アウス大先輩 / ターヌムンゴネキ / 肉食ドゥブロさん / だいこっくん
5,63,em-2f3883a74098,jaック・ザ・ナイト,10,1408,1267,4,multi_hit_attack,0.6319,0.7215,99,1,11,いいえ,ハリウッドナナコ師匠 / アウス大先輩 / ターヌムンゴネキ / 肉食ドゥブロさん / jaック・ザ・ナイト
5,64,em-20b521a22027,ふとし君,4,111,491,5,attack_buff,0.6269,0.7215,97,3,12,いいえ,アウス大先輩 / ペーチパイセン / ターヌムンゴネキ / 肉食ドゥブロさん / ふとし君
5,65,em-37ab32b36f96,ハントンさん,5,450,650,7,multi_hit_attack,0.6269,0.7215,98,2,12,いいえ,アウス大先輩 / ペーチパイセン / ターヌムンゴネキ / 肉食ドゥブロさん / ハントンさん
5,66,em-7a89b660417d,くーちゃん,5,400,500,4,attack_buff,0.6269,0.7215,98,2,12,いいえ,アウス大先輩 / ペーチパイセン / ターヌムンゴネキ / 肉食ドゥブロさん / くーちゃん
5,67,em-c879fe74178e,唸る！叡智通,5,370,410,4,attack_buff,0.6269,0.7215,98,2,12,いいえ,アウス大先輩 / ペーチパイセン / ターヌムンゴネキ / 肉食ドゥブロさん / 唸る！叡智通
5,68,em-02dd665173e3,超回復！反魂タン,6,600,700,4,revive,0.6269,0.7215,99,1,12,いいえ,アウス大先輩 / ペーチパイセン / ターヌムンゴネキ / 肉食ドゥブロさん / 超回復！反魂タン
5,69,em-9bd1ce6f159b,ハントン先輩,6,650,700,6,multi_hit_attack,0.6269,0.7215,99,1,12,いいえ,アウス大先輩 / ペーチパイセン / ターヌムンゴネキ / 肉食ドゥブロさん / ハントン先輩
5,70,em-08381d79cfef,大森銀さん,5,1300,150,4,damage_reduction,0.6236,0.7215,98,2,12,いいえ,アウス大先輩 / ペーチパイセン / ターヌムンゴネキ / 肉食ドゥブロさん / 大森銀さん
5,71,em-30cf649c4daf,けいび,5,295,300,5,attribute_guard,0.6236,0.7215,98,2,12,いいえ,アウス大先輩 / ペーチパイセン / ターヌムンゴネキ / 肉食ドゥブロさん / けいび
5,72,em-220d63bfc07c,ハントンくん,3,350,500,8,multi_hit_attack,0.619,0.7152,96,4,12,いいえ,アウス大先輩 / ペーチパイセン / ターヌムンゴネキ / 肉食ドゥブロさん / ハントンくん
5,73,em-4d6fe3f2c9ae,くーさん,3,300,400,4,attack_buff,0.619,0.7152,96,4,12,いいえ,アウス大先輩 / ペーチパイセン / ターヌムンゴネキ / 肉食ドゥブロさん / くーさん
5,74,em-08c1cf17f632,青竜けいび,4,345,400,6,heal,0.619,0.7152,97,3,12,いいえ,アウス大先輩 / ペーチパイセン / ターヌムンゴネキ / 肉食ドゥブロさん / 青竜けいび
5,75,em-0f4d66009260,叡智通,4,280,332,4,attack_buff,0.619,0.7152,97,3,12,いいえ,アウス大先輩 / ペーチパイセン / ターヌムンゴネキ / 肉食ドゥブロさん / 叡智通
5,76,em-4299af9bd2dc,皐月むりょく,4,614,614,6,skill_reduction,0.619,0.7152,97,3,12,いいえ,アウス大先輩 / ペーチパイセン / ターヌムンゴネキ / 肉食ドゥブロさん / 皐月むりょく
5,77,em-71b88b3e60d7,迷菓ぴよ子,4,346,356,5,attack_buff,0.619,0.7152,97,3,12,いいえ,アウス大先輩 / ペーチパイセン / ターヌムンゴネキ / 肉食ドゥブロさん / 迷菓ぴよ子
5,78,em-737d1a27052c,じとっ子,4,202,410,5,attack_buff,0.619,0.7152,97,3,12,いいえ,アウス大先輩 / ペーチパイセン / ターヌムンゴネキ / 肉食ドゥブロさん / じとっ子
5,79,em-feafabb058cc,皐月けいび,4,614,614,6,skill_reduction,0.619,0.7152,97,3,12,いいえ,アウス大先輩 / ペーチパイセン / ターヌムンゴネキ / 肉食ドゥブロさん / 皐月けいび
5,80,em-4025a820b0a7,新・ぎょざる,5,400,400,6,aoe_attack,0.619,0.7152,98,2,12,いいえ,アウス大先輩 / ペーチパイセン / ターヌムンゴネキ / 肉食ドゥブロさん / 新・ぎょざる
5,81,em-9bac78901113,有馬すん,5,375,405,6,heal,0.619,0.7152,98,2,12,いいえ,アウス大先輩 / ペーチパイセン / ターヌムンゴネキ / 肉食ドゥブロさん / 有馬すん
5,82,em-b8d203bbae80,草カロ三郎,5,400,400,6,heal,0.619,0.7152,98,2,12,いいえ,アウス大先輩 / ペーチパイセン / ターヌムンゴネキ / 肉食ドゥブロさん / 草カロ三郎
5,83,em-c5623c38fcb8,反魂タン,5,500,600,4,revive,0.619,0.7152,98,2,12,いいえ,アウス大先輩 / ペーチパイセン / ターヌムンゴネキ / 肉食ドゥブロさん / 反魂タン
5,84,em-ce589bb8d6d8,鳴子さん,5,400,400,7,aoe_attack,0.619,0.7152,98,2,12,いいえ,アウス大先輩 / ペーチパイセン / ターヌムンゴネキ / 肉食ドゥブロさん / 鳴子さん
5,85,em-f7484444c08c,じとっ子君,5,285,495,5,attack_buff,0.619,0.7152,98,2,12,いいえ,アウス大先輩 / ペーチパイセン / ターヌムンゴネキ / 肉食ドゥブロさん / じとっ子君
5,86,em-2837181f6574,うおぬまンダー,6,500,600,7,aoe_attack,0.619,0.7152,99,1,12,いいえ,アウス大先輩 / ペーチパイセン / ターヌムンゴネキ / 肉食ドゥブロさん / うおぬまンダー
5,87,em-4c84ff6e1868,カカカのカ治郎,6,700,500,5,delay,0.619,0.7152,99,1,12,いいえ,アウス大先輩 / ペーチパイセン / ターヌムンゴネキ / 肉食ドゥブロさん / カカカのカ治郎
5,88,em-79dd6c0e027e,ロックなじとっ子君,6,365,585,5,attack_buff,0.619,0.7152,99,1,12,いいえ,アウス大先輩 / ペーチパイセン / ターヌムンゴネキ / 肉食ドゥブロさん / ロックなじとっ子君
5,89,em-8d320a6b7512,いびるん,6,500,600,5,guard,0.619,0.7152,99,1,12,いいえ,アウス大先輩 / ペーチパイセン / ターヌムンゴネキ / 肉食ドゥブロさん / いびるん
5,90,em-b68e81559a03,ピカリャー,6,400,600,7,multi_hit_attack,0.619,0.7152,99,1,12,いいえ,アウス大先輩 / ペーチパイセン / ターヌムンゴネキ / 肉食ドゥブロさん / ピカリャー
5,91,em-c8e560adbea9,草カロ次郎,6,480,500,5,heal,0.619,0.7152,99,1,12,いいえ,アウス大先輩 / ペーチパイセン / ターヌムンゴネキ / 肉食ドゥブロさん / 草カロ次郎
5,92,em-da69b63392e4,手品師！エッシュさん,6,600,600,4,skill_reduction,0.619,0.7152,99,1,12,いいえ,アウス大先輩 / ペーチパイセン / ターヌムンゴネキ / 肉食ドゥブロさん / 手品師！エッシュさん
5,93,em-eb78da4b3f28,えるたそ,6,500,400,4,attack_buff,0.619,0.7152,99,1,12,いいえ,アウス大先輩 / ペーチパイセン / ターヌムンゴネキ / 肉食ドゥブロさん / えるたそ
5,94,em-ee410ddd5211,鹿苑師匠,6,500,480,5,revive,0.619,0.7152,99,1,12,いいえ,アウス大先輩 / ペーチパイセン / ターヌムンゴネキ / 肉食ドゥブロさん / 鹿苑師匠
5,95,em-f1fdf84ea79d,どんちっちん,6,700,500,9,aoe_attack,0.619,0.7152,99,1,12,いいえ,アウス大先輩 / ペーチパイセン / ターヌムンゴネキ / 肉食ドゥブロさん / どんちっちん
5,96,em-fe08214f98fe,さるぼぼん,6,400,600,6,aoe_attack,0.619,0.7152,99,1,12,いいえ,アウス大先輩 / ペーチパイセン / ターヌムンゴネキ / 肉食ドゥブロさん / さるぼぼん
5,97,em-1fa3ac88ea78,有馬すた,7,475,505,5,heal,0.619,0.7152,100,0,12,いいえ,アウス大先輩 / ペーチパイセン / ターヌムンゴネキ / 肉食ドゥブロさん / 有馬すた
5,98,em-da8dd7644e31,法隆ジェット,7,600,400,6,guard,0.619,0.7152,100,0,12,いいえ,アウス大先輩 / ペーチパイセン / ターヌムンゴネキ / 肉食ドゥブロさん / 法隆ジェット
5,99,em-22dd952da197,ハントンの兄貴,11,1057,1198,5,multi_hit_attack,0.6161,0.7089,100,0,11,いいえ,ハリウッドナナコ師匠 / アウス大先輩 / ターヌムンゴネキ / 肉食ドゥブロさん / ハントンの兄貴
5,100,em-fbc61d7306d8,ネ申・ぎょざる,11,1198,1204,6,aoe_attack,0.6161,0.7089,100,0,11,いいえ,ハリウッドナナコ師匠 / アウス大先輩 / ターヌムンゴネキ / 肉食ドゥブロさん / ネ申・ぎょざる
5,101,em-401fb8fe2284,S.K.O.Tちゃん,3,750,200,6,heal,0.6112,0.7089,96,4,12,いいえ,アウス大先輩 / ペーチパイセン / ターヌムンゴネキ / 肉食ドゥブロさん / S.K.O.Tちゃん
5,102,em-5053fe8d941b,カカカのカ二郎,3,400,300,5,delay,0.6112,0.7089,96,4,12,いいえ,アウス大先輩 / ペーチパイセン / ターヌムンゴネキ / 肉食ドゥブロさん / カカカのカ二郎
5,103,em-f2bb13033bf0,鳴子ちゃん,3,300,300,8,aoe_attack,0.6112,0.7089,96,4,12,いいえ,アウス大先輩 / ペーチパイセン / ターヌムンゴネキ / 肉食ドゥブロさん / 鳴子ちゃん
5,104,em-0063b3d17f76,玄武むりょく,4,165,165,6,damage_reduction,0.6112,0.7089,97,3,12,いいえ,アウス大先輩 / ペーチパイセン / ターヌムンゴネキ / 肉食ドゥブロさん / 玄武むりょく
5,105,em-020eecb1db52,草カロ四朗,4,296,316,7,heal,0.6112,0.7089,97,3,12,いいえ,アウス大先輩 / ペーチパイセン / ターヌムンゴネキ / 肉食ドゥブロさん / 草カロ四朗
5,106,em-1c29986cc8dd,玄武けいび,4,315,335,6,damage_reduction,0.6112,0.7089,97,3,12,いいえ,アウス大先輩 / ペーチパイセン / ターヌムンゴネキ / 肉食ドゥブロさん / 玄武けいび
5,107,em-233989ddac07,法隆寺博士,4,480,220,6,guard,0.6112,0.7089,97,3,12,いいえ,アウス大先輩 / ペーチパイセン / ターヌムンゴネキ / 肉食ドゥブロさん / 法隆寺博士
5,108,em-2a54c7e36890,ばん馬ばん,4,400,250,5,attack_buff,0.6112,0.7089,97,3,12,いいえ,アウス大先輩 / ペーチパイセン / ターヌムンゴネキ / 肉食ドゥブロさん / ばん馬ばん
5,109,em-47f3be71ea63,青竜むりょく,4,198,189,6,heal,0.6112,0.7089,97,3,12,いいえ,アウス大先輩 / ペーチパイセン / ターヌムンゴネキ / 肉食ドゥブロさん / 青竜むりょく
5,110,em-57fe43e7ea10,鹿苑さん,4,307,295,6,revive,0.6112,0.7089,97,3,12,いいえ,アウス大先輩 / ペーチパイセン / ターヌムンゴネキ / 肉食ドゥブロさん / 鹿苑さん
5,111,em-6ffc5801eae4,ぎょざる,4,293,312,6,aoe_attack,0.6112,0.7089,97,3,12,いいえ,アウス大先輩 / ペーチパイセン / ターヌムンゴネキ / 肉食ドゥブロさん / ぎょざる
5,112,em-c687e673c7ff,有馬ん,4,285,317,7,heal,0.6112,0.7089,97,3,12,いいえ,アウス大先輩 / ペーチパイセン / ターヌムンゴネキ / 肉食ドゥブロさん / 有馬ん
5,113,em-fa9285840bae,白虎むりょく,4,158,149,5,attack_buff,0.6112,0.7089,97,3,12,いいえ,アウス大先輩 / ペーチパイセン / ターヌムンゴネキ / 肉食ドゥブロさん / 白虎むりょく
5,114,em-1926af92f1af,カカカのカ次郎,5,500,300,5,delay,0.6112,0.7089,98,2,12,いいえ,アウス大先輩 / ペーチパイセン / ターヌムンゴネキ / 肉食ドゥブロさん / カカカのカ次郎
5,115,em-1d111df2ae70,ヤックです,5,300,400,7,multi_hit_attack,0.6112,0.7089,98,2,12,いいえ,アウス大先輩 / ペーチパイセン / ターヌムンゴネキ / 肉食ドゥブロさん / ヤックです
5,116,em-24ccb3f9affa,むりょく,5,159,144,5,guard,0.6112,0.7089,98,2,12,いいえ,アウス大先輩 / ペーチパイセン / ターヌムンゴネキ / 肉食ドゥブロさん / むりょく
5,117,em-a84e9301da18,パワフル☆ばん馬ばん,5,600,350,4,attack_buff,0.6112,0.7089,98,2,12,いいえ,アウス大先輩 / ペーチパイセン / ターヌムンゴネキ / 肉食ドゥブロさん / パワフル☆ばん馬ばん
5,118,em-e668f3d46f31,超・S.K.O.Tちゃん,5,950,250,5,heal,0.6112,0.7089,98,2,12,いいえ,アウス大先輩 / ペーチパイセン / ターヌムンゴネキ / 肉食ドゥブロさん / 超・S.K.O.Tちゃん
5,119,em-f7eb502f39f3,芋煮十郎,5,580,200,6,multi_hit_attack,0.6112,0.7089,98,2,12,いいえ,アウス大先輩 / ペーチパイセン / ターヌムンゴネキ / 肉食ドゥブロさん / 芋煮十郎
5,120,em-fe5e7769aa81,鹿苑先輩,5,390,390,5,revive,0.6112,0.7089,98,2,12,いいえ,アウス大先輩 / ペーチパイセン / ターヌムンゴネキ / 肉食ドゥブロさん / 鹿苑先輩
5,121,em-124dc5391da9,オクト・パップ,6,888,200,6,heal,0.6112,0.7089,99,1,12,いいえ,アウス大先輩 / ペーチパイセン / ターヌムンゴネキ / 肉食ドゥブロさん / オクト・パップ
5,122,em-1527baa8e6c0,ジャックじゃない！と,6,400,500,6,multi_hit_attack,0.6112,0.7089,99,1,12,いいえ,アウス大先輩 / ペーチパイセン / ターヌムンゴネキ / 肉食ドゥブロさん / ジャックじゃない！と
5,123,em-1d206f58d0b7,マッキ,6,600,300,4,damage_reduction,0.6112,0.7089,99,1,12,いいえ,アウス大先輩 / ペーチパイセン / ターヌムンゴネキ / 肉食ドゥブロさん / マッキ
5,124,em-377c63de8d80,極・S.K.O.Tちゃん,6,1150,300,4,heal,0.6112,0.7089,99,1,12,いいえ,アウス大先輩 / ペーチパイセン / ターヌムンゴネキ / 肉食ドゥブロさん / 極・S.K.O.Tちゃん
5,125,em-4e24a668056b,やよいチゥりっぷ,6,900,100,4,attribute_change,0.6112,0.7089,99,1,12,いいえ,アウス大先輩 / ペーチパイセン / ターヌムンゴネキ / 肉食ドゥブロさん / やよいチゥりっぷ
5,126,em-609b9d122d32,ネオむりょく,6,168,149,6,guard,0.6112,0.7089,99,1,12,いいえ,アウス大先輩 / ペーチパイセン / ターヌムンゴネキ / 肉食ドゥブロさん / ネオむりょく
5,127,em-667d96cceb87,さんとくん,6,1000,200,5,delay,0.6112,0.7089,99,1,12,いいえ,アウス大先輩 / ペーチパイセン / ターヌムンゴネキ / 肉食ドゥブロさん / さんとくん
5,128,em-b3d6d1b7e1a8,たたらん,6,500,300,5,attack_buff,0.6112,0.7089,99,1,12,いいえ,アウス大先輩 / ペーチパイセン / ターヌムンゴネキ / 肉食ドゥブロさん / たたらん
5,129,em-422fdd383a00,芋煮百太郎,7,680,300,5,multi_hit_attack,0.6112,0.7089,100,0,12,いいえ,アウス大先輩 / ペーチパイセン / ターヌムンゴネキ / 肉食ドゥブロさん / 芋煮百太郎
5,130,em-3151d77efe3f,チンチョーロさん,37,4805,4805,7,revive,0.6084,0.6899,100,0,11,いいえ,ハリウッドナナコ師匠 / ペーチパイセン / コンドアーズ / 肉食ドゥブロさん / チンチョーロさん
5,131,em-fc400150cadd,サンタぴよ子,10,1173,1173,4,skill_reduction,0.6082,0.7025,99,1,11,いいえ,ハリウッドナナコ師匠 / アウス大先輩 / ターヌムンゴネキ / 肉食ドゥブロさん / サンタぴよ子
5,132,em-2276063b9e3e,鳴子姫,11,1128,1128,5,aoe_attack,0.6082,0.7025,100,0,11,いいえ,ハリウッドナナコ師匠 / アウス大先輩 / ターヌムンゴネキ / 肉食ドゥブロさん / 鳴子姫
5,133,em-188f3b3f954c,凄ェたっくん,8,636,1767,5,attack_buff,0.6065,0.6899,100,0,12,いいえ,ヤマさんヤミーさん / トマティーナ少佐 / コンドアーズ / 肉食ドゥブロさん / 凄ェたっくん
5,134,em-ae65fe2577b0,葉月ぴよ子,8,590,2110,6,attack_buff,0.6065,0.6899,100,0,12,いいえ,ヤマさんヤミーさん / トマティーナ少佐 / コンドアーズ / 肉食ドゥブロさん / 葉月ぴよ子
5,135,em-c08f9d20049a,激辛ふとし君,8,701,1702,5,attack_buff,0.6065,0.6899,100,0,12,いいえ,ヤマさんヤミーさん / トマティーナ少佐 / コンドアーズ / 肉食ドゥブロさん / 激辛ふとし君
5,136,em-ce4a4d623424,ケンＺＯ４号,8,502,1901,5,attack_buff,0.6065,0.6899,100,0,12,いいえ,ヤマさんヤミーさん / トマティーナ少佐 / コンドアーズ / 肉食ドゥブロさん / ケンＺＯ４号
5,137,em-f7612fbdd637,大森さん,3,1000,100,5,damage_reduction,0.6034,0.7025,96,4,12,いいえ,アウス大先輩 / ペーチパイセン / ターヌムンゴネキ / 肉食ドゥブロさん / 大森さん
5,138,em-c19b90bf546d,芋煮太郎,4,510,102,7,multi_hit_attack,0.6034,0.7025,97,3,12,いいえ,アウス大先輩 / ペーチパイセン / ターヌムンゴネキ / 肉食ドゥブロさん / 芋煮太郎
5,139,em-3a0ce37a12ff,おこしんMK-2,8,1510,2265,4,multi_hit_attack,0.5985,0.6835,100,0,12,いいえ,ヤマさんヤミーさん / トマティーナ少佐 / コンドアーズ / 肉食ドゥブロさん / おこしんMK-2
5,140,em-ae9fd7e6b2dc,ヘヴィなじとっ子君,8,607,1795,4,attack_buff,0.5985,0.6835,100,0,12,いいえ,ヤマさんヤミーさん / トマティーナ少佐 / コンドアーズ / 肉食ドゥブロさん / ヘヴィなじとっ子君
5,141,em-b8872ecc31c1,オバケな☆らんちぇん,31,1533,5367,5,attribute_guard,0.5925,0.6772,96,4,11,いいえ,アウス大先輩 / ペーチパイセン / 愛のぴよ子 / 肉食ドゥブロさん / オバケな☆らんちぇん
5,142,em-ad8d69dc1ea4,強いできっしん,8,263,942,5,attack_buff,0.5907,0.6772,100,0,12,いいえ,ヤマさんヤミーさん / トマティーナ少佐 / コンドアーズ / 肉食ドゥブロさん / 強いできっしん
5,143,em-a14b58fbc4fa,うるっしー,8,1000,400,5,guard,0.588,0.6899,97,3,12,いいえ,ハリウッドナナコ師匠 / アウス大先輩 / ターヌムンゴネキ / 肉食ドゥブロさん / うるっしー
5,144,em-df40dba7c56a,高野さん,34,4089,4089,5,skill_reduction,0.5871,0.6772,100,0,11,いいえ,アウス大先輩 / 北間・クラリス嬢 / 肉食ドゥブロさん / 愛のぴよ子 / 高野さん
5,145,em-e73e837049b5,ｿﾞﾝﾋﾞｶﾞｰﾙ･ガブリン,28,1366,3834,4,revive,0.5862,0.6646,93,7,12,いいえ,アウス大先輩 / ペーチパイセン / 愛のぴよ子 / 肉食ドゥブロさん / ｿﾞﾝﾋﾞｶﾞｰﾙ･ガブリン
5,146,em-20d0672eefa5,実際かにろう,8,1269,987,4,delay,0.585,0.6835,97,3,12,いいえ,ハリウッドナナコ師匠 / アウス大先輩 / ターヌムンゴネキ / 肉食ドゥブロさん / 実際かにろう
5,147,em-3b3dcabfe61f,ク・うぃーん女王,8,900,900,5,attribute_change,0.585,0.6835,97,3,12,いいえ,ハリウッドナナコ師匠 / アウス大先輩 / ターヌムンゴネキ / 肉食ドゥブロさん / ク・うぃーん女王
5,148,em-f938c5c907fd,ももたろす,8,1000,1000,4,attribute_change,0.585,0.6835,97,3,12,いいえ,ハリウッドナナコ師匠 / アウス大先輩 / ターヌムンゴネキ / 肉食ドゥブロさん / ももたろす
5,149,em-0c10b95e36c6,激走！えるたそ,10,900,800,4,attack_buff,0.585,0.6835,99,1,11,いいえ,ハリウッドナナコ師匠 / アウス大先輩 / ターヌムンゴネキ / 肉食ドゥブロさん / 激走！えるたそ
5,150,em-38a5d43fe466,畳リーゼント先輩,8,393,812,4,attack_buff,0.5828,0.6709,100,0,12,いいえ,ヤマさんヤミーさん / トマティーナ少佐 / コンドアーズ / 肉食ドゥブロさん / 畳リーゼント先輩
5,151,em-70d6edc2819a,熟練の剣闘士,8,265,940,5,attack_buff,0.5828,0.6709,100,0,12,いいえ,ヤマさんヤミーさん / トマティーナ少佐 / コンドアーズ / 肉食ドゥブロさん / 熟練の剣闘士
5,152,em-fa09a3c6aeb6,アイヤーさん,8,314,913,5,attack_buff,0.5828,0.6709,100,0,12,いいえ,ヤマさんヤミーさん / トマティーナ少佐 / コンドアーズ / 肉食ドゥブロさん / アイヤーさん
5,153,em-d3aec6288103,カニシカ大先生,39,6034,1440,5,heal,0.5828,0.6709,100,0,11,いいえ,ハリウッドナナコ師匠 / ペーチパイセン / 肉食ドゥブロさん / タミちゃんの火祭り / カニシカ大先生
5,154,em-9bad632dc3a9,秋田世界発見伝,24,3838,845,4,guard,0.5804,0.6646,99,1,12,いいえ,ヤマさんヤミーさん / ペーチパイセン / 肉食ドゥブロさん / 愛のぴよ子 / 秋田世界発見伝
5,155,em-599b57f2e5c4,Halloweenの蘭子さん,37,2044,5964,5,revive,0.5726,0.6582,100,0,11,いいえ,ハリウッドナナコ師匠 / ペーチパイセン / コンドアーズ / 肉食ドゥブロさん / Halloweenの蘭子さん
5,156,em-4ccfc2b986b5,舞え！どんちっちん,8,900,600,8,aoe_attack,0.5696,0.6709,97,3,12,いいえ,ハリウッドナナコ師匠 / アウス大先輩 / ターヌムンゴネキ / 肉食ドゥブロさん / 舞え！どんちっちん
5,157,em-983228ce32d4,あっしゅTHEｷｬｯﾄ,8,1300,500,5,attribute_guard,0.5696,0.6709,97,3,12,いいえ,ハリウッドナナコ師匠 / アウス大先輩 / ターヌムンゴネキ / 肉食ドゥブロさん / あっしゅTHEｷｬｯﾄ
5,158,em-c92854d63199,さんとくんさん,8,1200,300,4,delay,0.5696,0.6709,97,3,12,いいえ,ハリウッドナナコ師匠 / アウス大先輩 / ターヌムンゴネキ / 肉食ドゥブロさん / さんとくんさん
5,159,em-fa255d19986d,出発！えるたそ,8,800,700,4,attack_buff,0.5696,0.6709,97,3,12,いいえ,ハリウッドナナコ師匠 / アウス大先輩 / ターヌムンゴネキ / 肉食ドゥブロさん / 出発！えるたそ
5,160,em-40f4824b1c65,芋煮千十郎,9,1901,502,4,multi_hit_attack,0.5696,0.6709,98,2,12,いいえ,ハリウッドナナコ師匠 / アウス大先輩 / ターヌムンゴネキ / 肉食ドゥブロさん / 芋煮千十郎
5,161,em-64f8ad5111a6,マッキニキ,9,1000,500,4,damage_reduction,0.5696,0.6709,98,2,12,いいえ,ハリウッドナナコ師匠 / アウス大先輩 / ターヌムンゴネキ / 肉食ドゥブロさん / マッキニキ
5,162,em-e4050c7db405,オム・オクト・パップ,9,888,400,6,heal,0.5696,0.6709,98,2,12,いいえ,ハリウッドナナコ師匠 / アウス大先輩 / ターヌムンゴネキ / 肉食ドゥブロさん / オム・オクト・パップ
5,163,em-f5eb41dbe671,たたらん先輩,9,600,400,4,attack_buff,0.5696,0.6709,98,2,12,いいえ,ハリウッドナナコ師匠 / アウス大先輩 / ターヌムンゴネキ / 肉食ドゥブロさん / たたらん先輩
5,164,em-ab565d3596f4,さんとくん先輩,10,1500,400,4,delay,0.5696,0.6709,99,1,11,いいえ,ハリウッドナナコ師匠 / アウス大先輩 / ターヌムンゴネキ / 肉食ドゥブロさん / さんとくん先輩
5,165,em-bf7beec08736,いやひこちゃん,10,700,400,4,delay,0.5696,0.6709,99,1,11,いいえ,ハリウッドナナコ師匠 / アウス大先輩 / ターヌムンゴネキ / 肉食ドゥブロさん / いやひこちゃん
5,166,em-f1302d2783e5,八太郎,10,1200,200,7,delay,0.5696,0.6709,99,1,11,いいえ,ハリウッドナナコ師匠 / アウス大先輩 / ターヌムンゴネキ / 肉食ドゥブロさん / 八太郎
5,167,em-4a6952f30578,愛犬八太郎,11,1700,300,6,delay,0.5696,0.6709,100,0,11,いいえ,ハリウッドナナコ師匠 / アウス大先輩 / ターヌムンゴネキ / 肉食ドゥブロさん / 愛犬八太郎
5,168,em-dab58d0db3e1,夕陽のカウボーイ,17,1661,1661,5,revive,0.5663,0.6456,96,4,11,いいえ,ヤマさんヤミーさん / ペーチパイセン / ターヌムンゴネキ / おこしんMK-2 / 夕陽のカウボーイ
5,169,em-b9e75bc0b1f9,わっしょいミカ先生,20,4186,3220,5,attack_buff,0.5652,0.6329,95,5,11,いいえ,ヤマさんヤミーさん / ペーチパイセン / 肉食ドゥブロさん / 愛のぴよ子 / わっしょいミカ先生
5,170,em-cd7c55cabc32,ゴジュウゲリヲン,19,3020,1132,5,guard,0.5604,0.6392,98,2,12,いいえ,ヤマさんヤミーさん / ペーチパイセン / ターヌムンゴネキ / おこしんMK-2 / ゴジュウゲリヲン
5,171,em-062228a8b4d2,キャニオン雄大,25,2737,2737,5,attack_buff,0.5537,0.6203,100,0,11,いいえ,ヤマさんヤミーさん / ペーチパイセン / 肉食ドゥブロさん / 愛のぴよ子 / キャニオン雄大
5,172,em-2a2200aaa8bd,バロック神父そん,18,1993,1812,6,attribute_guard,0.5487,0.6266,94,6,12,いいえ,ヤマさんヤミーさん / ペーチパイセン / 肉食ドゥブロさん / おこしんMK-2 / バロック神父そん
5,173,em-f3861e35df6f,暗黒王まはーかーらん,47,3731,3926,4,delay,0.5392,0.6266,100,0,12,いいえ,ハリウッドナナコ師匠 / ペーチパイセン / 肉食ドゥブロさん / 愛のぴよ子 / 暗黒王まはーかーらん
5,174,em-34853ed0f0f8,ユーコちゃん,24,2556,1533,4,revive,0.5383,0.6329,99,1,12,いいえ,ヤマさんヤミーさん / ペーチパイセン / 肉食ドゥブロさん / 愛のぴよ子 / ユーコちゃん
5,175,em-9960799ef9aa,ににぎのミコト,35,4941,3748,5,attack_buff,0.5351,0.6139,100,0,11,いいえ,アウス大先輩 / ペーチパイセン / 肉食ドゥブロさん / 愛のぴよ子 / ににぎのミコト
5,176,em-271fbedbbf39,レオ,22,2737,2093,4,damage_reduction,0.5313,0.6076,100,0,12,いいえ,ヤマさんヤミーさん / ペーチパイセン / ターヌムンゴネキ / 愛のぴよ子 / レオ
5,177,em-646a258bedba,ロロちゃん,8,500,800,8,revive,0.526,0.6266,100,0,12,いいえ,ヤマさんヤミーさん / トマティーナ少佐 / コンドアーズ / 肉食ドゥブロさん / ロロちゃん
5,178,em-2f3689f15f09,ブルりん,8,800,1000,6,damage_reduction,0.5216,0.6203,100,0,12,いいえ,ヤマさんヤミーさん / トマティーナ少佐 / コンドアーズ / 肉食ドゥブロさん / ブルりん
5,179,em-a368a20e3521,ベッピーちゃん,8,611,595,5,attack_buff,0.5216,0.6203,100,0,12,いいえ,ヤマさんヤミーさん / トマティーナ少佐 / コンドアーズ / 肉食ドゥブロさん / ベッピーちゃん
5,180,em-076ae15080b8,ゾウムシ,40,7293,2044,7,damage_reduction,0.5181,0.6076,100,0,8,いいえ,ヤマさんヤミーさん / ペーチパイセン / トマティーナ少佐 / おこしんMK-2 / ゾウムシ
5,181,em-ec64495c1963,レブカ大先生,38,5793,2984,5,aoe_attack,0.5158,0.5949,99,1,11,いいえ,ハリウッドナナコ師匠 / ペーチパイセン / 肉食ドゥブロさん / タミちゃんの火祭り / レブカ大先生
5,182,em-5861838d2e36,ばうあー泥棒,35,4771,3033,4,attack_buff,0.5158,0.5949,100,0,11,いいえ,アウス大先輩 / ペーチパイセン / 愛のぴよ子 / 肉食ドゥブロさん / ばうあー泥棒
5,183,em-1d7c8481ec64,にくぁうちゃん,8,314,913,4,attack_buff,0.5141,0.6139,100,0,12,いいえ,ヤマさんヤミーさん / トマティーナ少佐 / コンドアーズ / 肉食ドゥブロさん / にくぁうちゃん
5,184,em-1e1a4317070b,ＫＲ２ジョー,8,295,910,4,attack_buff,0.5141,0.6139,100,0,12,いいえ,ヤマさんヤミーさん / トマティーナ少佐 / コンドアーズ / 肉食ドゥブロさん / ＫＲ２ジョー
5,185,em-5bdefb267838,どーよくん,8,310,910,5,attack_buff,0.5141,0.6139,100,0,12,いいえ,ヤマさんヤミーさん / トマティーナ少佐 / コンドアーズ / 肉食ドゥブロさん / どーよくん
5,186,em-7ada5b98126c,サイガーブルー,8,250,950,5,multi_hit_attack,0.5141,0.6139,100,0,12,いいえ,ヤマさんヤミーさん / トマティーナ少佐 / コンドアーズ / 肉食ドゥブロさん / サイガーブルー
5,187,em-89b0c363f296,川越マン,8,415,798,4,attack_buff,0.5141,0.6139,100,0,12,いいえ,ヤマさんヤミーさん / トマティーナ少佐 / コンドアーズ / 肉食ドゥブロさん / 川越マン
5,188,em-e2ba004694cc,ＪＡＸＡイル,8,394,794,6,multi_hit_attack,0.5141,0.6139,100,0,12,いいえ,ヤマさんヤミーさん / トマティーナ少佐 / コンドアーズ / 肉食ドゥブロさん / ＪＡＸＡイル
5,189,em-8476f5773554,エーランドちゃん,30,6070,2160,7,delay,0.5141,0.6013,95,5,11,いいえ,アウス大先輩 / ペーチパイセン / 愛のぴよ子 / 肉食ドゥブロさん / エーランドちゃん
5,190,em-e128354ca2de,シュレーダー帝,31,1795,3097,6,revive,0.5141,0.6013,96,4,11,いいえ,アウス大先輩 / ペーチパイセン / 愛のぴよ子 / 肉食ドゥブロさん / シュレーダー帝
5,191,em-c86ef788e307,ベルりん絶好調,40,4089,4686,5,attribute_guard,0.512,0.5949,100,0,8,いいえ,ヤマさんヤミーさん / ペーチパイセン / トマティーナ少佐 / おこしんMK-2 / ベルりん絶好調
5,192,em-3ba3c1cd24cc,P.O☆うるっしー,25,3220,1449,4,guard,0.5106,0.6013,99,1,11,いいえ,アウス大先輩 / ペーチパイセン / トマティーナ少佐 / 肉食ドゥブロさん / P.O☆うるっしー
5,193,em-0828dfd9c618,トーマスん,8,560,645,5,attribute_change,0.5067,0.6076,100,0,12,いいえ,ヤマさんヤミーさん / トマティーナ少佐 / コンドアーズ / 肉食ドゥブロさん / トーマスん
5,194,em-9791eaaeef3c,メーピスさん,8,600,700,6,multi_hit_attack,0.5067,0.6076,100,0,12,いいえ,ヤマさんヤミーさん / トマティーナ少佐 / コンドアーズ / 肉食ドゥブロさん / メーピスさん
5,195,em-b7a8623e2b49,のぶくろくん,8,500,700,8,aoe_attack,0.5067,0.6076,100,0,12,いいえ,ヤマさんヤミーさん / トマティーナ少佐 / コンドアーズ / 肉食ドゥブロさん / のぶくろくん
5,196,em-e51e56c23fa1,上級国民ロヴィーサ,44,2832,2984,4,attribute_guard,0.5048,0.5949,95,5,12,いいえ,ヤマさんヤミーさん / ペーチパイセン / 愛のぴよ子 / ブラジリアン首都術 / 上級国民ロヴィーサ
5,197,em-03fc13420b08,鳴子お嬢様,8,600,600,6,aoe_attack,0.4993,0.6013,100,0,12,いいえ,ヤマさんヤミーさん / トマティーナ少佐 / コンドアーズ / 肉食ドゥブロさん / 鳴子お嬢様
5,198,em-5d524aa44032,元祖・銘菓ぴよ子,8,605,625,4,multi_hit_attack,0.4993,0.6013,100,0,12,いいえ,ヤマさんヤミーさん / トマティーナ少佐 / コンドアーズ / 肉食ドゥブロさん / 元祖・銘菓ぴよ子
5,199,em-9a3bd85e00a2,よりりん,8,605,615,4,attribute_change,0.4993,0.6013,100,0,12,いいえ,ヤマさんヤミーさん / トマティーナ少佐 / コンドアーズ / 肉食ドゥブロさん / よりりん
5,200,em-9aec6212c779,白水兄さん,8,580,626,8,aoe_attack,0.4993,0.6013,100,0,12,いいえ,ヤマさんヤミーさん / トマティーナ少佐 / コンドアーズ / 肉食ドゥブロさん / 白水兄さん
5,201,em-9c69c811a77c,ヤック・ザ・ナイト,8,600,700,5,multi_hit_attack,0.4993,0.6013,100,0,12,いいえ,ヤマさんヤミーさん / トマティーナ少佐 / コンドアーズ / 肉食ドゥブロさん / ヤック・ザ・ナイト
5,202,em-a20c59ca87c1,Let's☆ハチ公,33,6560,1448,5,delay,0.495,0.5822,100,0,11,いいえ,アウス大先輩 / 北間・クラリス嬢 / 肉食ドゥブロさん / ブラジリアン首都術 / Let's☆ハチ公
5,203,em-834effdc39a5,真・ぎょざる,8,499,491,6,aoe_attack,0.4919,0.5949,100,0,12,いいえ,ヤマさんヤミーさん / トマティーナ少佐 / コンドアーズ / 肉食ドゥブロさん / 真・ぎょざる
5,204,em-83399e4df86b,必罰のエルフ,18,2093,3281,4,attack_buff,0.4919,0.5633,93,7,11,いいえ,ヤマさんヤミーさん / ペーチパイセン / 肉食ドゥブロさん / 愛のぴよ子 / 必罰のエルフ
5,205,em-378cec222ec5,熱ぅい！地獄雀,45,5964,3408,5,revive,0.4911,0.5759,75,25,12,いいえ,ケンＺＯ１号 / ペーチパイセン / ご入学ぴよ子 / ヘヴィなじとっ子君 / 熱ぅい！地獄雀
5,206,em-dc6446295503,ハズクちゃん,8,400,300,9,multi_hit_attack,0.4845,0.5886,100,0,12,いいえ,ヤマさんヤミーさん / トマティーナ少佐 / コンドアーズ / 肉食ドゥブロさん / ハズクちゃん
5,207,em-5976d2863ad8,タオるんGT,32,4260,4732,14,guard,0.4787,0.5506,98,2,11,いいえ,アウス大先輩 / ペーチパイセン / 肉食ドゥブロさん / おこしんMK-2 / タオるんGT
5,208,em-93e0810ca88c,宇壺田ウツ雄,25,3067,3067,6,damage_reduction,0.478,0.557,99,1,11,いいえ,アウス大先輩 / ペーチパイセン / トマティーナ少佐 / 肉食ドゥブロさん / 宇壺田ウツ雄
5,209,em-955edfecd83b,天晴！ぶんぶくん,22,1883,1162,4,revive,0.4723,0.557,100,0,11,いいえ,ヤマさんヤミーさん / ペーチパイセン / ターヌムンゴネキ / 愛のぴよ子 / 天晴！ぶんぶくん
5,210,em-fd03da115e54,まさか殿,35,4396,4413,6,multi_hit_attack,0.4711,0.5443,100,0,11,いいえ,アウス大先輩 / ペーチパイセン / 肉食ドゥブロさん / 愛のぴよ子 / まさか殿
5,211,em-8527b3dd869a,帰って来たいぬやマン,21,1661,1661,4,attack_buff,0.469,0.5443,96,4,11,いいえ,ヤマさんヤミーさん / ペーチパイセン / 肉食ドゥブロさん / 愛のぴよ子 / 帰って来たいぬやマン
5,212,em-a68c8ce48bea,こんにゃく姫,37,5964,2726,7,attack_buff,0.4667,0.5506,100,0,11,いいえ,ハリウッドナナコ師匠 / ペーチパイセン / アウス大先輩 / 肉食ドゥブロさん / こんにゃく姫
5,213,em-3ff69ed35fe7,wiーん・ザ・ウルフ,19,2898,2898,4,attribute_change,0.4657,0.538,97,3,11,いいえ,ヤマさんヤミーさん / ペーチパイセン / ターヌムンゴネキ / 愛のぴよ子 / wiーん・ザ・ウルフ
5,214,em-c08850a0aec0,いなば☆うわぁああ！,20,2579,3220,4,skill_reduction,0.4635,0.538,98,2,11,いいえ,ヤマさんヤミーさん / ペーチパイセン / ターヌムンゴネキ / 愛のぴよ子 / いなば☆うわぁああ！
5,215,em-832edc9513ca,Ｈ・Ｆ・ウーマン,45,6305,3748,4,guard,0.4613,0.5506,96,4,13,いいえ,ヤマさんヤミーさん / ペーチパイセン / 愛のぴよ子 / ブラジリアン首都術 / Ｈ・Ｆ・ウーマン
5,216,em-7499fb228620,にほりん,15,2898,3059,5,attack_buff,0.4595,0.538,98,2,11,いいえ,アウス大先輩 / ヤマさんヤミーさん / 肉食ドゥブロさん / 愛のぴよ子 / にほりん
5,217,em-149e96a7721b,大黒まはーかーらん,20,2576,2737,10,attack_buff,0.4581,0.5316,98,2,11,いいえ,ヤマさんヤミーさん / ペーチパイセン / ターヌムンゴネキ / 愛のぴよ子 / 大黒まはーかーらん
5,218,em-309fbe104636,いーびルン,15,2254,2576,7,guard,0.4539,0.5443,96,4,12,いいえ,ハリウッドナナコ師匠 / ヤマさんヤミーさん / コンドアーズ / 肉食ドゥブロさん / いーびルン
5,219,em-c4663d98c2ff,海・百合男,33,3748,4430,5,skill_reduction,0.4527,0.5253,99,1,11,いいえ,アウス大先輩 / ペーチパイセン / 肉食ドゥブロさん / おこしんMK-2 / 海・百合男
5,220,em-981bf693e8c3,メガネパンダ系の何か,19,2576,2415,6,skill_reduction,0.4506,0.5253,97,3,11,いいえ,ヤマさんヤミーさん / ペーチパイセン / ターヌムンゴネキ / 愛のぴよ子 / メガネパンダ系の何か
5,221,em-698af6462642,反魂タン昼食TIME,32,3067,5623,4,attack_buff,0.4432,0.519,97,3,11,いいえ,アウス大先輩 / ペーチパイセン / 肉食ドゥブロさん / 愛のぴよ子 / 反魂タン昼食TIME
5,222,em-3e5e9519eb9b,風林火山のぶくろ！,47,4089,4430,5,aoe_attack,0.4432,0.519,100,0,12,いいえ,ハリウッドナナコ師匠 / ペーチパイセン / 肉食ドゥブロさん / 愛のぴよ子 / 風林火山のぶくろ！
5,223,em-215080a7a05b,?????,39,4924,4413,4,skill_reduction,0.4411,0.519,100,0,11,いいえ,ハリウッドナナコ師匠 / ペーチパイセン / 肉食ドゥブロさん / タミちゃんの火祭り / ?????
5,224,em-b90efc9e636b,婆娑羅でどーよ,18,1046,4105,4,attack_buff,0.4392,0.519,93,7,11,いいえ,ヤマさんヤミーさん / ペーチパイセン / 肉食ドゥブロさん / 愛のぴよ子 / 婆娑羅でどーよ
5,225,em-9b717b0ffa22,地獄めぐりベッピー,19,1733,1664,5,attack_buff,0.4392,0.519,94,6,11,いいえ,ヤマさんヤミーさん / ペーチパイセン / 肉食ドゥブロさん / 愛のぴよ子 / 地獄めぐりベッピー
5,226,em-e2624c3cfdbc,美才能♪かの子さん,18,1288,4025,5,multi_hit_attack,0.4318,0.5127,93,7,11,いいえ,ヤマさんヤミーさん / ペーチパイセン / 肉食ドゥブロさん / 愛のぴよ子 / 美才能♪かの子さん
5,227,em-7a5536e43124,因幡WAHHH!!,31,3578,4771,4,attack_buff,0.4318,0.5127,96,4,11,いいえ,アウス大先輩 / ペーチパイセン / 愛のぴよ子 / 肉食ドゥブロさん / 因幡WAHHH!!
5,228,em-3cce096dfee9,カギサナ子,15,2415,2415,4,attack_buff,0.4284,0.5063,98,2,11,いいえ,アウス大先輩 / ヤマさんヤミーさん / 肉食ドゥブロさん / 愛のぴよ子 / カギサナ子
5,229,em-2325681e1b59,BON JOVE,24,3220,3220,5,aoe_attack,0.428,0.5127,99,1,11,いいえ,ヤマさんヤミーさん / ペーチパイセン / 肉食ドゥブロさん / 愛のぴよ子 / BON JOVE
5,230,em-9599a14be3a9,歴戦の剣闘士,10,350,1058,5,attack_buff,0.4245,0.5063,100,0,11,いいえ,ヤマさんヤミーさん / トマティーナ少佐 / 肉食ドゥブロさん / タミちゃんの火祭り / 歴戦の剣闘士
5,231,em-cdd7690ef318,京都コーラマン,59,5959,2800,4,damage_reduction,0.4227,0.5127,100,0,9,いいえ,アウス大先輩 / ペーチパイセン / 愛のぴよ子 / ブラジリアン首都術 / 京都コーラマン
5,232,em-eea7e5ad714b,饅頭石餅子,30,3433,4114,5,attribute_guard,0.4177,0.4937,95,5,12,いいえ,アウス大先輩 / ペーチパイセン / 愛のぴよ子 / 肉食ドゥブロさん / 饅頭石餅子
5,233,em-f88796a335ca,勇者オトシゴ,12,1324,1703,5,damage_reduction,0.4172,0.5,99,1,12,いいえ,アウス大先輩 / ヤマさんヤミーさん / ターヌムンゴネキ / ブラジリアン首都術 / 勇者オトシゴ
5,234,em-a5d6506eec58,瓜だね女中,15,3220,1610,4,heal,0.4155,0.5063,98,2,12,いいえ,アウス大先輩 / ヤマさんヤミーさん / 肉食ドゥブロさん / 愛のぴよ子 / 瓜だね女中
5,235,em-8a9a0a93b442,メジーナ,15,2415,2415,6,attack_buff,0.4139,0.481,96,4,11,いいえ,ハリウッドナナコ師匠 / ヤマさんヤミーさん / コンドアーズ / 肉食ドゥブロさん / メジーナ
5,236,em-1a3ab3b1acf7,聖☆いんてぃないか,19,2817,2334,4,aoe_attack,0.4137,0.4937,97,3,11,いいえ,ヤマさんヤミーさん / ペーチパイセン / ターヌムンゴネキ / 愛のぴよ子 / 聖☆いんてぃないか
5,237,em-ebd6f9bf2bee,中野華蓮(日本人),17,1516,3638,4,attack_buff,0.4118,0.4937,100,0,11,いいえ,ヤマさんヤミーさん / アウス大先輩 / 肉食ドゥブロさん / 愛のぴよ子 / 中野華蓮(日本人)
5,238,em-c6337efaceae,ｴﾚｶﾞﾝﾄ☆トラボル子,47,4260,4771,5,aoe_attack,0.4118,0.4937,100,0,12,いいえ,ハリウッドナナコ師匠 / ペーチパイセン / 肉食ドゥブロさん / 愛のぴよ子 / ｴﾚｶﾞﾝﾄ☆トラボル子
5,239,em-2905dc6523ff,都会の貴腐人,44,6475,2811,6,revive,0.4068,0.5127,95,5,12,いいえ,ヤマさんヤミーさん / ペーチパイセン / 愛のぴよ子 / ブラジリアン首都術 / 都会の貴腐人
5,240,em-8803e5b07894,風林火山のぶくろ公,22,2254,2576,5,aoe_attack,0.4,0.4747,100,0,11,いいえ,ヤマさんヤミーさん / ペーチパイセン / ターヌムンゴネキ / 愛のぴよ子 / 風林火山のぶくろ公
5,241,em-25fed9fde1ce,かっさーWoo！,16,1131,2403,4,attack_buff,0.3955,0.481,100,0,11,いいえ,ヤマさんヤミーさん / アウス大先輩 / 肉食ドゥブロさん / おこしんMK-2 / かっさーWoo！
5,242,em-9cbbb04818bd,シミ,20,1704,2215,4,heal,0.3921,0.4747,98,2,12,いいえ,ヤマさんヤミーさん / ペーチパイセン / ターヌムンゴネキ / 愛のぴよ子 / シミ
5,243,em-cd23be41d901,美顔なエンパナさん,40,5623,4089,8,revive,0.3921,0.4747,100,0,8,いいえ,ヤマさんヤミーさん / ペーチパイセン / トマティーナ少佐 / おこしんMK-2 / 美顔なエンパナさん
5,244,em-a62aee8d3548,レゲエじゃまいか,40,5453,3748,4,revive,0.3816,0.462,100,0,8,いいえ,ヤマさんヤミーさん / ペーチパイセン / トマティーナ少佐 / おこしんMK-2 / レゲエじゃまいか
5,245,em-41c1f9333ff6,エグいできっしん,12,342,1062,5,attack_buff,0.3796,0.462,95,5,11,いいえ,アウス大先輩 / ヤマさんヤミーさん / 肉食ドゥブロさん / 愛のぴよ子 / エグいできっしん
5,246,em-7c0ef69518eb,有砂小町２ＰＣ,40,5112,5112,4,delay,0.3778,0.462,100,0,8,いいえ,ヤマさんヤミーさん / ペーチパイセン / トマティーナ少佐 / おこしんMK-2 / 有砂小町２ＰＣ
5,247,em-f53bffc021ea,曲弾動物ウーミン,33,2999,3544,5,skill_reduction,0.3707,0.4557,98,2,11,いいえ,アウス大先輩 / ペーチパイセン / 愛のぴよ子 / 肉食ドゥブロさん / 曲弾動物ウーミン
5,248,em-0ccc51b405ca,初代畳リーゼント,13,1045,2258,4,attack_buff,0.3654,0.4494,96,4,11,いいえ,アウス大先輩 / ヤマさんヤミーさん / 肉食ドゥブロさん / 愛のぴよ子 / 初代畳リーゼント
5,249,em-af839f0be824,譲らざる者,13,966,2394,5,attack_buff,0.3654,0.4494,96,4,11,いいえ,アウス大先輩 / ヤマさんヤミーさん / 肉食ドゥブロさん / 愛のぴよ子 / 譲らざる者
5,250,em-739aae6480ff,男前やできっしん,14,755,2605,4,attack_buff,0.3654,0.4494,97,3,11,いいえ,アウス大先輩 / ヤマさんヤミーさん / 肉食ドゥブロさん / 愛のぴよ子 / 男前やできっしん
5,251,em-bc583c6ff83e,卍石★モチ子,40,4625,4966,5,attribute_guard,0.361,0.4367,100,0,8,いいえ,ヤマさんヤミーさん / ペーチパイセン / トマティーナ少佐 / おこしんMK-2 / 卍石★モチ子
5,252,em-6fe67318189a,劇場版ＪＡＸＡイル,18,1304,3526,4,multi_hit_attack,0.36,0.4494,93,7,11,いいえ,ヤマさんヤミーさん / ペーチパイセン / 肉食ドゥブロさん / 愛のぴよ子 / 劇場版ＪＡＸＡイル
5,253,em-4b386c59ef08,キマシ塔の温泉娘,20,1245,2781,5,attack_buff,0.36,0.4494,95,5,11,いいえ,ヤマさんヤミーさん / ペーチパイセン / 肉食ドゥブロさん / 愛のぴよ子 / キマシ塔の温泉娘
5,254,em-f14da6dc7d26,チャイナさん,15,606,1876,4,attack_buff,0.3584,0.443,98,2,11,いいえ,アウス大先輩 / ヤマさんヤミーさん / 肉食ドゥブロさん / 愛のぴよ子 / チャイナさん
5,255,em-66075c4def49,K・Y・イマガワ,40,5793,3237,5,attack_buff,0.356,0.4304,100,0,8,いいえ,ヤマさんヤミーさん / ペーチパイセン / トマティーナ少佐 / おこしんMK-2 / K・Y・イマガワ
5,256,em-d8d7722f9f21,赤パジャマさん,20,2240,3262,5,attribute_guard,0.3551,0.4367,98,2,12,いいえ,ヤマさんヤミーさん / ペーチパイセン / ターヌムンゴネキ / 愛のぴよ子 / 赤パジャマさん
5,257,em-682cd1ab4ae4,ホーリーエンジェるん,16,1812,1661,5,attack_buff,0.353,0.443,100,0,11,いいえ,ヤマさんヤミーさん / アウス大先輩 / 肉食ドゥブロさん / おこしんMK-2 / ホーリーエンジェるん
5,258,em-549e080062a7,ぶんぶくん,22,1550,895,4,revive,0.344,0.4494,98,2,11,いいえ,ヤマさんヤミーさん / ペーチパイセン / 肉食ドゥブロさん / おこしんMK-2 / ぶんぶくん
5,259,em-3e1bbfb34a76,芳一大師匠,14,1128,1269,4,revive,0.3427,0.4367,95,5,12,いいえ,ハリウッドナナコ師匠 / ヤマさんヤミーさん / コンドアーズ / 肉食ドゥブロさん / 芳一大師匠
5,260,em-bca5e711ca4b,あろま・シュワー,16,1060,1201,5,revive,0.3357,0.4304,97,3,11,いいえ,ハリウッドナナコ師匠 / ヤマさんヤミーさん / コンドアーズ / 肉食ドゥブロさん / あろま・シュワー
5,261,em-ef6acbb9fe3a,ﾌｫﾆｰ・ぴよ・ｶﾞｰﾙｽﾞY,25,3703,1771,4,attribute_change,0.3357,0.4304,100,0,11,いいえ,ヤマさんヤミーさん / ペーチパイセン / 肉食ドゥブロさん / 愛のぴよ子 / ﾌｫﾆｰ・ぴよ・ｶﾞｰﾙｽﾞY
5,262,em-6aaeda4f2f3a,ギガキプ☆アガッシイ,35,2726,2726,4,multi_hit_attack,0.3341,0.4177,100,0,11,いいえ,アウス大先輩 / ペーチパイセン / 愛のぴよ子 / 肉食ドゥブロさん / ギガキプ☆アガッシイ
5,263,em-0a74c35caba2,畳リーゼント総長,10,512,912,4,attack_buff,0.3322,0.4241,100,0,11,いいえ,ヤマさんヤミーさん / トマティーナ少佐 / 肉食ドゥブロさん / タミちゃんの火祭り / 畳リーゼント総長
5,264,em-8cd856412a10,にくぁうぅぅぅぅぅ！,17,1355,3638,4,attack_buff,0.3305,0.4177,100,0,11,いいえ,アウス大先輩 / ヤマさんヤミーさん / 肉食ドゥブロさん / 愛のぴよ子 / にくぁうぅぅぅぅぅ！
5,265,em-405f3e1dc3af,べるりん★最高潮,45,5367,3663,6,attribute_guard,0.3294,0.4304,96,4,12,いいえ,ヤマさんヤミーさん / ペーチパイセン / 愛のぴよ子 / ブラジリアン首都術 / べるりん★最高潮
5,266,em-124d2df2b85e,ディオクレ君,23,2416,1449,4,skill_reduction,0.3288,0.4241,98,2,11,いいえ,ヤマさんヤミーさん / ペーチパイセン / 肉食ドゥブロさん / 愛のぴよ子 / ディオクレ君
5,267,em-34a894a8519d,ロロ先輩,16,1100,1400,6,revive,0.3256,0.4241,100,0,11,いいえ,アウス大先輩 / ヤマさんヤミーさん / 肉食ドゥブロさん / おこしんMK-2 / ロロ先輩
5,268,em-bc6da5addf52,桜ブーナッド,46,5547,4013,5,heal,0.324,0.4241,97,3,12,いいえ,ヤマさんヤミーさん / ペーチパイセン / 愛のぴよ子 / ブラジリアン首都術 / 桜ブーナッド
5,269,em-7e9ffb70cffa,企業だ浅ちゃん！,32,1192,7327,4,attack_buff,0.324,0.4051,97,3,11,いいえ,アウス大先輩 / ペーチパイセン / 肉食ドゥブロさん / 愛のぴよ子 / 企業だ浅ちゃん！
5,270,em-67aa8e3ee215,川越料理長,17,1175,3655,4,attack_buff,0.3235,0.4114,100,0,11,いいえ,アウス大先輩 / ヤマさんヤミーさん / 肉食ドゥブロさん / 愛のぴよ子 / 川越料理長
5,271,em-f70fc38ed477,栗栖　益子さん,40,4175,4106,4,multi_hit_attack,0.3235,0.4114,100,0,8,いいえ,ヤマさんヤミーさん / ペーチパイセン / トマティーナ少佐 / おこしんMK-2 / 栗栖　益子さん
5,272,em-f18c065bbb1d,白水大師匠,18,1510,1887,5,aoe_attack,0.3221,0.4051,96,4,11,いいえ,ヤマさんヤミーさん / ペーチパイセン / ターヌムンゴネキ / 愛のぴよ子 / 白水大師匠
5,273,em-7d756ba8373e,謹賀新年のびゃこ,47,2300,6219,4,attack_buff,0.321,0.3987,100,0,12,いいえ,ハリウッドナナコ師匠 / ペーチパイセン / 肉食ドゥブロさん / 愛のぴよ子 / 謹賀新年のびゃこ
5,274,em-a058dba31969,月見だよ！叡智州利偉,10,1100,2002,4,attack_buff,0.3184,0.4114,100,0,11,いいえ,ヤマさんヤミーさん / トマティーナ少佐 / 肉食ドゥブロさん / タミちゃんの火祭り / 月見だよ！叡智州利偉
5,275,em-41c5d9f739e4,健やか泰三,44,3052,5964,5,revive,0.3119,0.4114,95,5,12,いいえ,ヤマさんヤミーさん / ペーチパイセン / 愛のぴよ子 / ブラジリアン首都術 / 健やか泰三
5,276,em-ec52e54bb473,ﾀｰｷｰﾃﾞ-なじとっこ君,10,706,2403,4,attack_buff,0.3115,0.4051,100,0,11,いいえ,ヤマさんヤミーさん / トマティーナ少佐 / 肉食ドゥブロさん / タミちゃんの火祭り / ﾀｰｷｰﾃﾞ-なじとっこ君
5,277,em-1e8ec25622df,切間・ンジャロさん,39,5871,3442,4,skill_reduction,0.3113,0.3861,100,0,11,いいえ,ハリウッドナナコ師匠 / ペーチパイセン / 肉食ドゥブロさん / タミちゃんの火祭り / 切間・ンジャロさん
5,278,em-bdf5b4886e9a,シーホーすん,12,1191,1532,5,damage_reduction,0.3099,0.4051,95,5,12,いいえ,アウス大先輩 / ヤマさんヤミーさん / 肉食ドゥブロさん / 愛のぴよ子 / シーホーすん
5,279,em-05476daa6b31,だんじり鉄砲隊,26,805,3599,4,attack_buff,0.3064,0.3987,100,0,11,いいえ,アウス大先輩 / ペーチパイセン / トマティーナ少佐 / 肉食ドゥブロさん / だんじり鉄砲隊
5,280,em-628e695d4365,カクラム先生,16,2256,2397,4,multi_hit_attack,0.3047,0.3987,100,0,11,いいえ,ヤマさんヤミーさん / アウス大先輩 / 肉食ドゥブロさん / おこしんMK-2 / カクラム先生
5,281,em-8d98226e5962,玉稜の首領・たまうー,29,3067,4260,4,delay,0.3034,0.3861,94,6,11,いいえ,アウス大先輩 / ペーチパイセン / 愛のぴよ子 / 肉食ドゥブロさん / 玉稜の首領・たまうー
5,282,em-f4ac535052c1,ɑム・ɑクト・パップ,13,1341,2416,4,heal,0.3017,0.3671,100,0,12,いいえ,アウス大先輩 / ヤマさんヤミーさん / ターヌムンゴネキ / ブラジリアン首都術 / ɑム・ɑクト・パップ
5,283,em-ffdcaffc4a41,雑煮入り☆うるっしー,36,3443,3443,4,guard,0.2998,0.3987,97,3,11,いいえ,ヤマさんヤミーさん / ペーチパイセン / アウス大先輩 / おこしんMK-2 / 雑煮入り☆うるっしー
5,284,em-337e85c2cd90,ユーコ☆スターダスト,60,6053,4354,4,revive,0.2979,0.3861,90,10,9,いいえ,ケンＺＯ１号 / ペーチパイセン / ご入学ぴよ子 / ヘヴィなじとっ子君 / ユーコ☆スターダスト
5,285,em-572c57cf5e18,湘南大水曜日ボーイ,28,2044,5623,4,attack_buff,0.2916,0.3734,93,7,11,いいえ,アウス大先輩 / ペーチパイセン / 愛のぴよ子 / 肉食ドゥブロさん / 湘南大水曜日ボーイ
5,286,em-b791d78202d5,英国面の本気,38,6816,1363,5,multi_hit_attack,0.2911,0.3797,99,1,11,いいえ,ハリウッドナナコ師匠 / ペーチパイセン / 肉食ドゥブロさん / タミちゃんの火祭り / 英国面の本気
5,287,em-9329de26d52c,iびるん大魔王,14,1812,1963,5,guard,0.2895,0.3861,98,2,12,いいえ,ヤマさんヤミーさん / アウス大先輩 / 肉食ドゥブロさん / ブラジリアン首都術 / iびるん大魔王
5,288,em-b9ee6ac8db32,爆走！えるたそ,13,2114,1661,4,attack_buff,0.2826,0.3734,96,4,11,いいえ,アウス大先輩 / ヤマさんヤミーさん / 肉食ドゥブロさん / 愛のぴよ子 / 爆走！えるたそ
5,289,em-28604c08091f,純白のアンナ大先輩,51,6305,3748,5,aoe_attack,0.2819,0.3608,100,0,12,いいえ,アウス大先輩 / ペーチパイセン / トマティーナ少佐 / 愛のぴよ子 / 純白のアンナ大先輩
5,290,em-80d193bc7d7f,あ、シュールさんだ。,43,3408,5112,6,revive,0.2809,0.3734,94,6,12,いいえ,ヤマさんヤミーさん / ペーチパイセン / 愛のぴよ子 / ブラジリアン首都術 / あ、シュールさんだ。
5,291,em-0af21062aa7c,ｻﾗﾏﾝﾀﾞｰ祝High気分,30,2898,2817,6,skill_reduction,0.2793,0.3671,95,5,11,いいえ,アウス大先輩 / ペーチパイセン / 愛のぴよ子 / 肉食ドゥブロさん / ｻﾗﾏﾝﾀﾞｰ祝High気分
5,292,em-73250febc8f5,財閥だ浅ちゃん！,38,2556,7327,4,multi_hit_attack,0.2792,0.3544,99,1,11,いいえ,ハリウッドナナコ師匠 / ペーチパイセン / 肉食ドゥブロさん / タミちゃんの火祭り / 財閥だ浅ちゃん！
5,293,em-74ebc57ab0a9,ニーハオさん,12,397,1216,5,attack_buff,0.2776,0.3734,95,5,11,いいえ,ヤマさんヤミーさん / ペーチパイセン / 肉食ドゥブロさん / タミちゃんの火祭り / ニーハオさん
5,294,em-962fa89cd31d,極東恋姫☆霧子たん,15,1243,1161,5,revive,0.2744,0.3734,98,2,12,いいえ,ヤマさんヤミーさん / ペーチパイセン / 肉食ドゥブロさん / タミちゃんの火祭り / 極東恋姫☆霧子たん
5,295,em-6722337c6d78,雨降る倉敷のみかん姐,15,2718,1963,4,aoe_attack,0.2742,0.3671,98,2,11,いいえ,アウス大先輩 / ヤマさんヤミーさん / 肉食ドゥブロさん / 愛のぴよ子 / 雨降る倉敷のみかん姐
5,296,em-bf54cef3c3e9,タツノコくん,12,1058,1362,5,damage_reduction,0.2728,0.3734,96,4,12,いいえ,ヤマさんヤミーさん / ペーチパイセン / トマティーナ少佐 / 肉食ドゥブロさん / タツノコくん
5,297,em-f3091896bc28,腹話フック,15,1610,3220,4,multi_hit_attack,0.2709,0.3671,98,2,11,いいえ,ヤマさんヤミーさん / ペーチパイセン / 肉食ドゥブロさん / タミちゃんの火祭り / 腹話フック
5,298,em-d90aa04af44f,グウィネズ兄弟,34,2066,3197,5,multi_hit_attack,0.2695,0.3544,99,1,11,いいえ,アウス大先輩 / ペーチパイセン / 肉食ドゥブロさん / 愛のぴよ子 / グウィネズ兄弟
5,299,em-8a847b9e3d1d,アストロ・あっしゅ,15,1900,1100,5,attribute_guard,0.2692,0.3671,99,1,12,いいえ,ヤマさんヤミーさん / アウス大先輩 / 肉食ドゥブロさん / おこしんMK-2 / アストロ・あっしゅ
5,300,em-7b3f53eed84e,?????,14,1380,2675,4,attack_buff,0.2677,0.3354,100,0,11,いいえ,アウス大先輩 / ヤマさんヤミーさん / ターヌムンゴネキ / 愛のぴよ子 / ?????
5,301,em-32f5c4968406,正月カナちゃん。,66,5282,5282,6,revive,0.2674,0.3608,95,5,8,いいえ,ケンＺＯ１号 / ペーチパイセン / オリバーWITHソー / ヘヴィなじとっ子君 / 正月カナちゃん。
5,302,em-471b1ba55d5c,有馬んば,13,1413,1244,4,heal,0.2674,0.3608,96,4,12,いいえ,アウス大先輩 / ヤマさんヤミーさん / 肉食ドゥブロさん / 愛のぴよ子 / 有馬んば
5,303,em-ad82a61bcc2a,ｺﾄﾖﾛ!巳ーちゃん様,55,6901,3451,4,damage_reduction,0.2659,0.3544,96,4,10,いいえ,アウス大先輩 / ペーチパイセン / 愛のぴよ子 / ブラジリアン首都術 / ｺﾄﾖﾛ!巳ーちゃん様
5,304,em-7e0f073f3656,年中無休な落花妖精,41,5538,3834,8,damage_reduction,0.2659,0.3544,100,0,4,いいえ,ヤマさんヤミーさん / ペーチパイセン / トマティーナ少佐 / 愛のぴよ子 / 年中無休な落花妖精
5,305,em-d239e5e972de,ズンビーフック,17,2012,3220,4,multi_hit_attack,0.2658,0.3608,100,0,11,いいえ,ヤマさんヤミーさん / アウス大先輩 / 肉食ドゥブロさん / 愛のぴよ子 / ズンビーフック
5,306,em-267a29792afd,ウーミン,33,2249,2658,5,skill_reduction,0.2628,0.3481,98,2,11,いいえ,アウス大先輩 / ペーチパイセン / 肉食ドゥブロさん / 愛のぴよ子 / ウーミン
5,307,em-ad0fa41f1980,輝け！叡智通,12,1102,1300,4,attack_buff,0.261,0.3291,98,2,11,いいえ,アウス大先輩 / ヤマさんヤミーさん / ターヌムンゴネキ / 愛のぴよ子 / 輝け！叡智通
5,308,em-57768559e8b8,旋律！タコ幼女,39,1533,4601,5,heal,0.2591,0.3354,100,0,11,いいえ,ハリウッドナナコ師匠 / ペーチパイセン / 肉食ドゥブロさん / タミちゃんの火祭り / 旋律！タコ幼女
5,309,em-6acd0e20d832,たこむすめ,39,1363,4089,5,heal,0.2591,0.3354,100,0,11,いいえ,ハリウッドナナコ師匠 / ペーチパイセン / 肉食ドゥブロさん / タミちゃんの火祭り / たこむすめ
5,310,em-e6c445da9312,おしゃまなタコむすめ,39,1704,5112,5,heal,0.2591,0.3354,100,0,11,いいえ,ハリウッドナナコ師匠 / ペーチパイセン / 肉食ドゥブロさん / タミちゃんの火祭り / おしゃまなタコむすめ
5,311,em-ea2d3d13fc78,いなば☆うあー,18,1300,1700,4,skill_reduction,0.2575,0.3544,93,7,11,いいえ,ヤマさんヤミーさん / ペーチパイセン / 肉食ドゥブロさん / 愛のぴよ子 / いなば☆うあー
5,312,em-b09b44b6b259,くだにょん,13,1128,1269,4,attack_buff,0.2558,0.3481,96,4,11,いいえ,アウス大先輩 / ヤマさんヤミーさん / 肉食ドゥブロさん / 愛のぴよ子 / くだにょん
5,313,em-a6068b231beb,ハトラちゃん,10,299,1488,7,guard,0.2543,0.3544,100,0,12,いいえ,ヤマさんヤミーさん / トマティーナ少佐 / 肉食ドゥブロさん / タミちゃんの火祭り / ハトラちゃん
5,314,em-f9ed70b034c7,チロ江さん,16,3020,1510,6,multi_hit_attack,0.2543,0.3544,100,0,11,いいえ,ヤマさんヤミーさん / ペーチパイセン / トマティーナ少佐 / 肉食ドゥブロさん / チロ江さん
5,315,em-bb70b91588ed,夜魔・マヤー,12,1661,2114,4,multi_hit_attack,0.2543,0.3228,98,2,11,いいえ,アウス大先輩 / ヤマさんヤミーさん / ターヌムンゴネキ / 愛のぴよ子 / 夜魔・マヤー
5,316,em-ec6b6491e6a3,ベッピー先生,15,808,792,5,attack_buff,0.2508,0.3481,98,2,11,いいえ,ヤマさんヤミーさん / ペーチパイセン / 肉食ドゥブロさん / タミちゃんの火祭り / ベッピー先生
5,317,em-aeb1959eaece,ＫＲ２ジョー軍曹,9,394,1010,4,attack_buff,0.2508,0.3481,99,1,12,いいえ,ヤマさんヤミーさん / トマティーナ少佐 / 肉食ドゥブロさん / タミちゃんの火祭り / ＫＲ２ジョー軍曹
5,318,em-fae18e323cb5,美観之介曳山ん太郎,23,2194,1597,5,aoe_attack,0.2508,0.3481,99,1,11,いいえ,ヤマさんヤミーさん / ペーチパイセン / 肉食ドゥブロさん / おこしんMK-2 / 美観之介曳山ん太郎
5,319,em-8cff13c7ab2a,ツボの中のウツボン,13,1917,1917,6,damage_reduction,0.2492,0.3481,96,4,12,いいえ,ヤマさんヤミーさん / ペーチパイセン / 肉食ドゥブロさん / タミちゃんの火祭り / ツボの中のウツボン
5,320,em-c8baf5b3e504,斑鳩の太子くん,36,4260,2896,4,heal,0.2491,0.3418,97,3,11,いいえ,ヤマさんヤミーさん / ペーチパイセン / アウス大先輩 / おこしんMK-2 / 斑鳩の太子くん
5,321,em-2f1780cfd053,どーよ様,15,500,1900,5,attack_buff,0.2491,0.3418,98,2,11,いいえ,アウス大先輩 / ヤマさんヤミーさん / 肉食ドゥブロさん / 愛のぴよ子 / どーよ様
5,322,em-a3fc429e3d74,にくぁうさま,15,606,1876,4,attack_buff,0.2491,0.3418,98,2,11,いいえ,アウス大先輩 / ヤマさんヤミーさん / 肉食ドゥブロさん / 愛のぴよ子 / にくぁうさま
5,323,em-132feeb6206a,傭兵戦隊サイガー３,12,756,2284,4,multi_hit_attack,0.2477,0.3481,96,4,11,いいえ,ヤマさんヤミーさん / ペーチパイセン / トマティーナ少佐 / 肉食ドゥブロさん / 傭兵戦隊サイガー３
5,324,em-c623973fc8a5,うおぬまンダーＲ上Ｘ,15,1208,2567,4,aoe_attack,0.2477,0.3481,99,1,11,いいえ,ヤマさんヤミーさん / ペーチパイセン / トマティーナ少佐 / 肉食ドゥブロさん / うおぬまンダーＲ上Ｘ
5,325,em-d295de1e4086,海の日シスターズ♪,40,3823,4657,4,attack_buff,0.2474,0.3418,100,0,8,いいえ,ヤマさんヤミーさん / ペーチパイセン / トマティーナ少佐 / おこしんMK-2 / 海の日シスターズ♪
5,326,em-21f078527946,マノすん博士,40,4771,3408,7,delay,0.2465,0.3291,100,0,8,いいえ,ヤマさんヤミーさん / ペーチパイセン / トマティーナ少佐 / おこしんMK-2 / マノすん博士
5,327,em-a6a4e9c825f7,ハズクの姐御,14,1359,1510,6,multi_hit_attack,0.2442,0.3418,97,3,11,いいえ,ヤマさんヤミーさん / ペーチパイセン / 肉食ドゥブロさん / タミちゃんの火祭り / ハズクの姐御
5,328,em-53084d488de2,川越ザ・サード,15,666,1607,4,attack_buff,0.2442,0.3418,98,2,11,いいえ,ヤマさんヤミーさん / ペーチパイセン / 肉食ドゥブロさん / タミちゃんの火祭り / 川越ザ・サード
5,329,em-635af81fa283,ＪＡＸＡイルＲ,15,688,1706,5,multi_hit_attack,0.2442,0.3418,98,2,11,いいえ,ヤマさんヤミーさん / ペーチパイセン / 肉食ドゥブロさん / タミちゃんの火祭り / ＪＡＸＡイルＲ
5,330,em-72aeeb632038,石見神楽どんちっちん,15,1812,1661,6,aoe_attack,0.2442,0.3418,98,2,11,いいえ,ヤマさんヤミーさん / ペーチパイセン / 肉食ドゥブロさん / タミちゃんの火祭り / 石見神楽どんちっちん
5,331,em-e6cd26662fe8,クイーン・ク・うぃーん,15,1500,1500,4,attribute_change,0.2442,0.3418,98,2,11,いいえ,ヤマさんヤミーさん / ペーチパイセン / 肉食ドゥブロさん / タミちゃんの火祭り / クイーン・ク・うぃーん
5,332,em-0ba3ddcc384c,雛段芸人☆さくらんず,16,1510,1887,5,skill_reduction,0.2442,0.3418,99,1,11,いいえ,ヤマさんヤミーさん / ペーチパイセン / 肉食ドゥブロさん / タミちゃんの火祭り / 雛段芸人☆さくらんず
5,333,em-595b1ebc9a59,戦え！ブルりん,16,1400,1600,4,damage_reduction,0.2442,0.3418,99,1,11,いいえ,ヤマさんヤミーさん / ペーチパイセン / 肉食ドゥブロさん / タミちゃんの火祭り / 戦え！ブルりん
5,334,em-6f8dfc0a39eb,近すぎリオンさん,16,1000,1500,4,delay,0.2442,0.3418,99,1,11,いいえ,ヤマさんヤミーさん / ペーチパイセン / 肉食ドゥブロさん / タミちゃんの火祭り / 近すぎリオンさん
5,335,em-79b4540e0f7f,ヤック(中の人),16,2176,2418,4,multi_hit_attack,0.2442,0.3418,99,1,11,いいえ,ヤマさんヤミーさん / ペーチパイセン / 肉食ドゥブロさん / タミちゃんの火祭り / ヤック(中の人)
5,336,em-68c24ce7bf95,女帝！カるたーニャ,40,3408,3408,4,attack_buff,0.2438,0.3228,100,0,8,いいえ,ヤマさんヤミーさん / ペーチパイセン / トマティーナ少佐 / おこしんMK-2 / 女帝！カるたーニャ
5,337,em-0e376d1892df,メネリくん一世,72,6134,3067,4,guard,0.2428,0.3291,100,0,8,いいえ,ケンＺＯ１号 / ペーチパイセン / 愛のぴよ子 / ヘヴィなじとっ子君 / メネリくん一世
5,338,em-1e4dd5118669,三春瀧さくら,38,3919,3408,4,damage_reduction,0.2418,0.3228,99,1,11,いいえ,ハリウッドナナコ師匠 / ペーチパイセン / 肉食ドゥブロさん / タミちゃんの火祭り / 三春瀧さくら
5,339,em-9164bb93f13d,ロロさん,12,700,1000,7,revive,0.2411,0.3418,96,4,12,いいえ,ヤマさんヤミーさん / ペーチパイセン / トマティーナ少佐 / 肉食ドゥブロさん / ロロさん
5,340,em-de4906019fe7,キープ牧場の決斗,14,700,700,6,revive,0.2411,0.3418,97,3,12,いいえ,ヤマさんヤミーさん / ペーチパイセン / 肉食ドゥブロさん / タミちゃんの火祭り / キープ牧場の決斗
5,341,em-a8f48fb9a527,タミちゃんの火祭り,15,1,2402,4,aoe_attack,0.2411,0.3418,99,1,11,いいえ,ヤマさんヤミーさん / ペーチパイセン / トマティーナ少佐 / 肉食ドゥブロさん / タミちゃんの火祭り
5,342,em-24d2ab142253,アグスティンさん,12,2869,1359,5,multi_hit_attack,0.2395,0.3418,96,4,11,いいえ,ヤマさんヤミーさん / ペーチパイセン / トマティーナ少佐 / 肉食ドゥブロさん / アグスティンさん
5,343,em-e5c147f9dafc,異国のトーマスん,9,660,742,4,attribute_change,0.2376,0.3354,99,1,12,いいえ,ヤマさんヤミーさん / トマティーナ少佐 / 肉食ドゥブロさん / タミちゃんの火祭り / 異国のトーマスん
5,344,em-dbd545e946e6,嫁劇！くーにゃん,40,2556,6816,4,attack_buff,0.2371,0.3165,100,0,8,いいえ,ヤマさんヤミーさん / ペーチパイセン / トマティーナ少佐 / おこしんMK-2 / 嫁劇！くーにゃん
5,345,em-df28e035685e,ハル先輩,11,626,1096,5,heal,0.2344,0.3354,95,5,12,いいえ,ヤマさんヤミーさん / ペーチパイセン / トマティーナ少佐 / 肉食ドゥブロさん / ハル先輩
5,346,em-1fd25fee47a1,いなば・うあー,15,1000,1400,5,skill_reduction,0.2344,0.3354,99,1,11,いいえ,ヤマさんヤミーさん / ペーチパイセン / トマティーナ少佐 / 肉食ドゥブロさん / いなば・うあー
5,347,em-4db528322142,だいこっくん様,16,1300,1400,9,attack_buff,0.2344,0.3354,100,0,11,いいえ,ヤマさんヤミーさん / ペーチパイセン / トマティーナ少佐 / 肉食ドゥブロさん / だいこっくん様
5,348,em-9372502bc6a4,餞のガブリン,42,1913,5367,4,revive,0.2315,0.3165,100,0,12,いいえ,ヤマさんヤミーさん / ペーチパイセン / 愛のぴよ子 / タミちゃんの火祭り / 餞のガブリン
5,349,em-04bcad8262b9,現実リオンさん,12,700,1300,4,delay,0.2279,0.3291,96,4,11,いいえ,ヤマさんヤミーさん / ペーチパイセン / トマティーナ少佐 / 肉食ドゥブロさん / 現実リオンさん
5,350,em-07585cdaab4c,だいこっくんさん,12,1000,1200,9,attack_buff,0.2279,0.3291,96,4,11,いいえ,ヤマさんヤミーさん / ペーチパイセン / トマティーナ少佐 / 肉食ドゥブロさん / だいこっくんさん
5,351,em-16634f0d7475,どーよさん,12,400,1200,5,attack_buff,0.2279,0.3291,96,4,11,いいえ,ヤマさんヤミーさん / ペーチパイセン / トマティーナ少佐 / 肉食ドゥブロさん / どーよさん
5,352,em-66a587f1a726,にくぁうさん,12,497,1116,4,attack_buff,0.2279,0.3291,96,4,11,いいえ,ヤマさんヤミーさん / ペーチパイセン / トマティーナ少佐 / 肉食ドゥブロさん / にくぁうさん
5,353,em-72dbaccf035d,新・ＪＡＸＡイル,12,516,1106,6,multi_hit_attack,0.2279,0.3291,96,4,11,いいえ,ヤマさんヤミーさん / ペーチパイセン / トマティーナ少佐 / 肉食ドゥブロさん / 新・ＪＡＸＡイル
5,354,em-bfd568eb94ea,ベッピーさん,12,712,692,5,attack_buff,0.2279,0.3291,96,4,11,いいえ,ヤマさんヤミーさん / ペーチパイセン / トマティーナ少佐 / 肉食ドゥブロさん / ベッピーさん
5,355,em-dcc91a9c2ed6,ブルたそ,12,1000,1200,5,damage_reduction,0.2279,0.3291,96,4,12,いいえ,ヤマさんヤミーさん / ペーチパイセン / トマティーナ少佐 / 肉食ドゥブロさん / ブルたそ
5,356,em-55bda88e7993,パンダ系メガネ,16,1300,1200,6,skill_reduction,0.2279,0.3291,100,0,11,いいえ,ヤマさんヤミーさん / ペーチパイセン / トマティーナ少佐 / 肉食ドゥブロさん / パンダ系メガネ
5,357,em-9c1df245a2ec,のぶくろお館,16,1100,1300,6,aoe_attack,0.2279,0.3291,100,0,11,いいえ,ヤマさんヤミーさん / ペーチパイセン / トマティーナ少佐 / 肉食ドゥブロさん / のぶくろお館
5,358,em-abcae044297d,ラ・ショー・ドさん,44,5453,3424,5,delay,0.2261,0.3165,95,5,12,いいえ,ヤマさんヤミーさん / ペーチパイセン / 愛のぴよ子 / ブラジリアン首都術 / ラ・ショー・ドさん
5,359,em-fb54694c6adc,サイガーイエロー,9,357,1057,4,multi_hit_attack,0.2213,0.3228,93,7,12,いいえ,ヤマさんヤミーさん / ペーチパイセン / トマティーナ少佐 / 肉食ドゥブロさん / サイガーイエロー
5,360,em-9f9a1c0e673f,リアルリオンさん,10,600,1100,5,delay,0.2213,0.3228,94,6,11,いいえ,ヤマさんヤミーさん / ペーチパイセン / トマティーナ少佐 / 肉食ドゥブロさん / リアルリオンさん
5,361,em-f05bf139bdc3,荒野のシンプソン,10,500,500,7,revive,0.2213,0.3228,94,6,12,いいえ,ヤマさんヤミーさん / ペーチパイセン / トマティーナ少佐 / 肉食ドゥブロさん / 荒野のシンプソン
5,362,em-3f6d9cba0059,いなばうあー,12,700,1100,6,skill_reduction,0.2213,0.3228,96,4,11,いいえ,ヤマさんヤミーさん / ペーチパイセン / トマティーナ少佐 / 肉食ドゥブロさん / いなばうあー
5,363,em-7c00cb96c261,バイオうおぬまンダー,12,700,1100,5,aoe_attack,0.2213,0.3228,96,4,11,いいえ,ヤマさんヤミーさん / ペーチパイセン / トマティーナ少佐 / 肉食ドゥブロさん / バイオうおぬまンダー
5,364,em-92e16a3efe92,ク・うぃーん王女,12,1100,1100,5,attribute_change,0.2213,0.3228,96,4,11,いいえ,ヤマさんヤミーさん / ペーチパイセン / トマティーナ少佐 / 肉食ドゥブロさん / ク・うぃーん王女
5,365,em-78c7d71a75d2,美音三銃士を連れてきたよ,50,6475,3748,5,revive,0.2196,0.3101,100,0,12,いいえ,アウス大先輩 / ペーチパイセン / コンドアーズ / 愛のぴよ子 / 美音三銃士を連れてきたよ
5,366,em-e4f94dd73b29,あっしゅTHEﾗｯﾊﾟｰ,12,1500,700,5,attribute_guard,0.2163,0.3165,95,5,12,いいえ,ヤマさんヤミーさん / ペーチパイセン / 肉食ドゥブロさん / タミちゃんの火祭り / あっしゅTHEﾗｯﾊﾟｰ
5,367,em-231cdc0f0757,忠犬八太郎,14,3775,755,6,delay,0.2163,0.3165,97,3,11,いいえ,ヤマさんヤミーさん / ペーチパイセン / 肉食ドゥブロさん / タミちゃんの火祭り / 忠犬八太郎
5,368,em-299bbc95ef27,タコンナ,60,4260,5964,5,heal,0.2162,0.3101,90,10,9,いいえ,ケンＺＯ１号 / ペーチパイセン / ご入学ぴよ子 / ヘヴィなじとっ子君 / タコンナ
5,369,em-b34fc14eb133,ピカリャーは眠らない,10,800,1000,5,multi_hit_attack,0.2148,0.3165,94,6,11,いいえ,ヤマさんヤミーさん / ペーチパイセン / トマティーナ少佐 / 肉食ドゥブロさん / ピカリャーは眠らない
5,370,em-39011821f965,さるぼぼぼぼ～ん,12,800,1000,4,aoe_attack,0.2148,0.3165,96,4,11,いいえ,ヤマさんヤミーさん / ペーチパイセン / トマティーナ少佐 / 肉食ドゥブロさん / さるぼぼぼぼ～ん
5,371,em-cf865abec5e5,川越マン２世,12,516,1000,4,attack_buff,0.2148,0.3165,96,4,11,いいえ,ヤマさんヤミーさん / ペーチパイセン / トマティーナ少佐 / 肉食ドゥブロさん / 川越マン２世
5,372,em-f354ab7f7554,漆黒のいびるん,12,800,1000,5,guard,0.2148,0.3165,96,4,12,いいえ,ヤマさんヤミーさん / ペーチパイセン / トマティーナ少佐 / 肉食ドゥブロさん / 漆黒のいびるん
5,373,em-b4a2096551c5,金閣明日香,15,1201,1343,4,revive,0.2148,0.3165,99,1,12,いいえ,ヤマさんヤミーさん / ペーチパイセン / トマティーナ少佐 / 肉食ドゥブロさん / 金閣明日香
5,374,em-c89260e1ef3b,曲芸師・ブンブク,60,6305,2996,4,revive,0.2148,0.3038,90,10,9,いいえ,ケンＺＯ１号 / ペーチパイセン / ご入学ぴよ子 / ヘヴィなじとっ子君 / 曲芸師・ブンブク
5,375,em-e42e99273751,輪島のうるっしー,12,1200,500,4,guard,0.2132,0.3165,96,4,12,いいえ,ヤマさんヤミーさん / ペーチパイセン / トマティーナ少佐 / 肉食ドゥブロさん / 輪島のうるっしー
5,376,em-13467c934268,五神合体法隆Ｇ,15,1050,550,6,guard,0.2132,0.3165,99,1,12,いいえ,ヤマさんヤミーさん / ペーチパイセン / トマティーナ少佐 / 肉食ドゥブロさん / 五神合体法隆Ｇ
5,377,em-f6360fa6b0ca,伝統のうるっしー,16,1800,600,4,guard,0.2132,0.3165,100,0,11,いいえ,ヤマさんヤミーさん / ペーチパイセン / トマティーナ少佐 / 肉食ドゥブロさん / 伝統のうるっしー
5,378,em-d0ab2c82078b,デルモンテ嬢,23,3020,453,6,attribute_guard,0.2098,0.3101,98,2,11,いいえ,ヤマさんヤミーさん / ペーチパイセン / 肉食ドゥブロさん / 愛のぴよ子 / デルモンテ嬢
5,379,em-4694b1a256f8,悪魔！いびるん,9,600,700,5,guard,0.2082,0.3101,93,7,12,いいえ,ヤマさんヤミーさん / ペーチパイセン / トマティーナ少佐 / 肉食ドゥブロさん / 悪魔！いびるん
5,380,em-ae6876a278ca,白水先生,9,680,724,7,aoe_attack,0.2082,0.3101,93,7,12,いいえ,ヤマさんヤミーさん / ペーチパイセン / トマティーナ少佐 / 肉食ドゥブロさん / 白水先生
5,381,em-d19d4f1b57e1,ロボうおぬまンダー,9,600,800,6,aoe_attack,0.2082,0.3101,93,7,12,いいえ,ヤマさんヤミーさん / ペーチパイセン / トマティーナ少佐 / 肉食ドゥブロさん / ロボうおぬまンダー
5,382,em-489695d715f8,ボボ・さるぼぼ,10,600,700,5,aoe_attack,0.2082,0.3101,94,6,11,いいえ,ヤマさんヤミーさん / ペーチパイセン / トマティーナ少佐 / 肉食ドゥブロさん / ボボ・さるぼぼ
5,383,em-8532615661b1,ハズクさん,10,500,400,8,multi_hit_attack,0.2082,0.3101,94,6,11,いいえ,ヤマさんヤミーさん / ペーチパイセン / トマティーナ少佐 / 肉食ドゥブロさん / ハズクさん
5,384,em-87d7d883c438,ニートエンペラー,10,459,565,7,damage_reduction,0.2082,0.3101,94,6,12,いいえ,ヤマさんヤミーさん / ペーチパイセン / トマティーナ少佐 / 肉食ドゥブロさん / ニートエンペラー
5,385,em-090474161194,オム・オクト・パッス,12,888,900,5,heal,0.2082,0.3101,96,4,12,いいえ,ヤマさんヤミーさん / ペーチパイセン / トマティーナ少佐 / 肉食ドゥブロさん / オム・オクト・パッス
5,386,em-2a715d5b73f6,白水師匠,12,780,820,6,aoe_attack,0.2082,0.3101,96,4,11,いいえ,ヤマさんヤミーさん / ペーチパイセン / トマティーナ少佐 / 肉食ドゥブロさん / 白水師匠
5,387,em-2d8f15eaba64,のぶくろさん,12,700,900,7,aoe_attack,0.2082,0.3101,96,4,11,いいえ,ヤマさんヤミーさん / ペーチパイセン / トマティーナ少佐 / 肉食ドゥブロさん / のぶくろさん
5,388,em-3604a59c8292,囃せ！どんちっちん,12,1000,700,7,aoe_attack,0.2082,0.3101,96,4,11,いいえ,ヤマさんヤミーさん / ペーチパイセン / トマティーナ少佐 / 肉食ドゥブロさん / 囃せ！どんちっちん
5,389,em-b4d695a20bfa,ハズク姉さん,12,700,600,7,multi_hit_attack,0.2082,0.3101,96,4,11,いいえ,ヤマさんヤミーさん / ペーチパイセン / トマティーナ少佐 / 肉食ドゥブロさん / ハズク姉さん
5,390,em-f86c4c085efd,メガネ系ほぬー類,12,700,600,4,skill_reduction,0.2082,0.3101,96,4,11,いいえ,ヤマさんヤミーさん / ペーチパイセン / トマティーナ少佐 / 肉食ドゥブロさん / メガネ系ほぬー類
5,391,em-ac023f126b7d,レッサー系メガネ,14,900,800,5,skill_reduction,0.2082,0.3101,98,2,11,いいえ,ヤマさんヤミーさん / ペーチパイセン / トマティーナ少佐 / 肉食ドゥブロさん / レッサー系メガネ
5,392,em-3a3a23655699,とりころん・ぴー子,16,1200,300,7,attribute_change,0.2082,0.3101,100,0,11,いいえ,ヤマさんヤミーさん / ペーチパイセン / トマティーナ少佐 / 肉食ドゥブロさん / とりころん・ぴー子
5,393,em-251adb8af3dc,にくぁう餃子権現,30,1365,3638,4,attack_buff,0.2054,0.2911,95,5,11,いいえ,アウス大先輩 / ペーチパイセン / 愛のぴよ子 / 肉食ドゥブロさん / にくぁう餃子権現
5,394,em-1b9a55c9478e,熊犬八太郎,12,2100,400,6,delay,0.1983,0.2975,95,5,11,いいえ,ヤマさんヤミーさん / ペーチパイセン / 肉食ドゥブロさん / タミちゃんの火祭り / 熊犬八太郎
5,395,em-2998c94ac8cc,ギガ☆キプちゃん,28,1874,1874,4,multi_hit_attack,0.1924,0.2785,93,7,11,いいえ,アウス大先輩 / ペーチパイセン / 愛のぴよ子 / 肉食ドゥブロさん / ギガ☆キプちゃん
5,396,em-a24482970c23,ご機嫌斜めのウィーン様,42,4941,2896,5,attack_buff,0.1924,0.2785,100,0,12,いいえ,ヤマさんヤミーさん / ペーチパイセン / 愛のぴよ子 / タミちゃんの火祭り / ご機嫌斜めのウィーン様
5,397,em-5a047ed41d97,KJの少女Hi児,48,4941,3919,5,multi_hit_attack,0.1842,0.2722,99,1,12,いいえ,ヤマさんヤミーさん / ペーチパイセン / 愛のぴよ子 / ブラジリアン首都術 / KJの少女Hi児
5,398,em-39a2f0d8ec72,ロードスのエルフ騎士,44,4430,5623,6,skill_reduction,0.1808,0.2595,95,5,12,いいえ,ヤマさんヤミーさん / ペーチパイセン / 愛のぴよ子 / ブラジリアン首都術 / ロードスのエルフ騎士
5,399,em-02e0499d8e24,朱雀,36,4430,4941,4,attack_buff,0.1808,0.2595,96,4,11,いいえ,ヤマさんヤミーさん / ペーチパイセン / アウス大先輩 / 愛のぴよ子 / 朱雀
5,400,em-e8fc5c7a59a4,猫毘沙門天,36,4430,4089,4,aoe_attack,0.1808,0.2595,96,4,11,いいえ,ヤマさんヤミーさん / ペーチパイセン / アウス大先輩 / 愛のぴよ子 / 猫毘沙門天
5,401,em-e36d35de9441,青谷やよい,42,3578,3374,4,damage_reduction,0.1785,0.2532,100,0,12,いいえ,ヤマさんヤミーさん / ペーチパイセン / 愛のぴよ子 / タミちゃんの火祭り / 青谷やよい
5,402,em-67859050336b,マジ☆マシニッさん,36,4089,4430,6,multi_hit_attack,0.1722,0.2468,96,4,11,いいえ,ヤマさんヤミーさん / ペーチパイセン / アウス大先輩 / 愛のぴよ子 / マジ☆マシニッさん
5,403,em-5c46e7a79c7f,ギャルド・スイス先輩,45,3408,5453,4,multi_hit_attack,0.1722,0.2468,96,4,12,いいえ,ヤマさんヤミーさん / ペーチパイセン / 愛のぴよ子 / ブラジリアン首都術 / ギャルド・スイス先輩
5,404,em-ffde6d61f228,有頂天☆安倍晴明,45,3936,4771,5,skill_reduction,0.1722,0.2468,96,4,12,いいえ,ヤマさんヤミーさん / ペーチパイセン / 愛のぴよ子 / ブラジリアン首都術 / 有頂天☆安倍晴明
5,405,em-84d3175a9388,コン勝神☆くー様,48,3809,7024,4,attack_buff,0.1722,0.2468,99,1,12,いいえ,ヤマさんヤミーさん / ペーチパイセン / 愛のぴよ子 / ブラジリアン首都術 / コン勝神☆くー様
5,406,em-2c08686a6d88,猿もの追い払いネキ,42,4171,3977,5,damage_reduction,0.1617,0.2342,100,0,12,いいえ,ヤマさんヤミーさん / ペーチパイセン / 愛のぴよ子 / タミちゃんの火祭り / 猿もの追い払いネキ
5,407,em-eece08d90093,罠なくトロイ先輩,18,4830,16,4,multi_hit_attack,0.1567,0.2532,100,0,11,いいえ,アウス大先輩 / ペーチパイセン / コンドアーズ / バビるわバビル君。 / 罠なくトロイ先輩
5,408,em-0e768525b557,ヘラクレス先輩,70,5885,6230,4,multi_hit_attack,0.1513,0.2278,100,0,8,いいえ,ケンＺＯ１号 / ペーチパイセン / ご入学ぴよ子 / ヘヴィなじとっ子君 / ヘラクレス先輩
5,409,em-4c03ad40dce9,源のゴライコー,75,7923,6390,4,attack_buff,0.1471,0.2215,100,0,6,いいえ,ケンＺＯ１号 / ペーチパイセン / 愛のぴよ子 / 竹輪大臣 / 源のゴライコー
5,410,em-5ff7c4f20f2b,ヤマトタケルぅ！,40,85,8520,5,multi_hit_attack,0.1431,0.2152,99,1,8,いいえ,ヤマさんヤミーさん / ペーチパイセン / トマティーナ少佐 / 愛のぴよ子 / ヤマトタケルぅ！
5,411,em-960c8d1446c2,GC・アガッシィΩ,42,3578,3578,4,multi_hit_attack,0.1431,0.2152,100,0,12,いいえ,ヤマさんヤミーさん / ペーチパイセン / 愛のぴよ子 / タミちゃんの火祭り / GC・アガッシィΩ
5,412,em-14d31235a3f8,かっちゃんのBIG強飯,48,3067,4601,4,attack_buff,0.1409,0.2152,99,1,12,いいえ,ヤマさんヤミーさん / ペーチパイセン / 愛のぴよ子 / ブラジリアン首都術 / かっちゃんのBIG強飯
5,413,em-11f22e87203d,骨喰　花蟲,60,2300,5708,4,revive,0.1392,0.2215,90,10,9,いいえ,ケンＺＯ１号 / ペーチパイセン / ご入学ぴよ子 / ヘヴィなじとっ子君 / 骨喰　花蟲
5,414,em-b7d1205bd3a7,すーぱーサイアン,60,5964,5964,12,attack_buff,0.1327,0.2089,90,10,9,いいえ,ケンＺＯ１号 / ペーチパイセン / ご入学ぴよ子 / ヘヴィなじとっ子君 / すーぱーサイアン
5,415,em-f119f767f457,アダム＆エバ,50,5112,4260,4,attack_buff,0.1307,0.2089,100,0,12,いいえ,アウス大先輩 / 北間・クラリス嬢 / トマティーナ少佐 / 愛のぴよ子 / アダム＆エバ
5,416,em-773b001a1189,おづぬ様,60,4260,6816,5,attack_buff,0.1225,0.1962,90,10,9,いいえ,ケンＺＯ１号 / ペーチパイセン / ご入学ぴよ子 / ヘヴィなじとっ子君 / おづぬ様
5,417,em-49b522eac464,ジェヴォたんは狼？,43,3006,6022,4,multi_hit_attack,0.1104,0.1835,94,6,12,いいえ,ヤマさんヤミーさん / ペーチパイセン / 愛のぴよ子 / ブラジリアン首都術 / ジェヴォたんは狼？
5,418,em-1fcc8f4c1ae3,ヴェルサイユの朝,45,2556,6645,5,attack_buff,0.1104,0.1835,96,4,12,いいえ,ヤマさんヤミーさん / ペーチパイセン / 愛のぴよ子 / ブラジリアン首都術 / ヴェルサイユの朝
5,419,em-83113af84b95,降臨☆三原色ばうあー,45,3578,5868,5,aoe_attack,0.1104,0.1835,96,4,12,いいえ,ヤマさんヤミーさん / ペーチパイセン / 愛のぴよ子 / ブラジリアン首都術 / 降臨☆三原色ばうあー
5,420,em-681c8662f2b6,まさか殿(ｼﾞｬｰｼﾞ),55,6475,3748,6,delay,0.1083,0.1835,96,4,10,いいえ,アウス大先輩 / ペーチパイセン / 愛のぴよ子 / ブラジリアン首都術 / まさか殿(ｼﾞｬｰｼﾞ)
5,421,em-e8331e3aec6c,辰の子ぴよ子,70,6898,4089,10,multi_hit_attack,0.1083,0.1835,100,0,8,いいえ,ケンＺＯ１号 / ペーチパイセン / ご入学ぴよ子 / ヘヴィなじとっ子君 / 辰の子ぴよ子
5,422,em-36d4f380dee2,ギャングなウツ雄様,60,4856,4856,5,damage_reduction,0.1075,0.1709,90,10,9,いいえ,ケンＺＯ１号 / ペーチパイセン / ご入学ぴよ子 / ヘヴィなじとっ子君 / ギャングなウツ雄様
5,423,em-29be2edf2271,餅子・ﾏｰﾒｲﾄﾞｽﾀｲﾙ,60,4797,5308,5,damage_reduction,0.1009,0.1582,90,10,9,いいえ,ケンＺＯ１号 / ペーチパイセン / ご入学ぴよ子 / ヘヴィなじとっ子君 / 餅子・ﾏｰﾒｲﾄﾞｽﾀｲﾙ
5,424,em-e0dcffe4d5d0,大魔神！せいタン降臨,44,2044,6305,4,attack_buff,0.1005,0.1709,95,5,12,いいえ,ヤマさんヤミーさん / ペーチパイセン / 愛のぴよ子 / ブラジリアン首都術 / 大魔神！せいタン降臨
5,425,em-2c5d06641a28,ジャックレムリン,55,7497,3748,7,aoe_attack,0.1005,0.1709,96,4,10,いいえ,アウス大先輩 / ペーチパイセン / 愛のぴよ子 / ブラジリアン首都術 / ジャックレムリン
5,426,em-2eebc4f8633d,すわっ！かつより君,60,5350,4771,5,aoe_attack,0.0962,0.1709,90,10,9,いいえ,ケンＺＯ１号 / ペーチパイセン / ご入学ぴよ子 / ヘヴィなじとっ子君 / すわっ！かつより君
5,427,em-5e492c884ca0,三貴子素戔嗚,75,8946,6475,5,multi_hit_attack,0.0957,0.1582,100,0,6,いいえ,ケンＺＯ１号 / ペーチパイセン / 愛のぴよ子 / 竹輪大臣 / 三貴子素戔嗚
5,428,em-3b47fb031e0a,上京！世界師匠,36,1704,4260,4,multi_hit_attack,0.0946,0.1646,96,4,11,いいえ,ヤマさんヤミーさん / ペーチパイセン / アウス大先輩 / 愛のぴよ子 / 上京！世界師匠
5,429,em-96c8b7af6f5c,ネギtheダーウィン,30,5112,0,5,attribute_change,0.0925,0.1772,95,5,11,いいえ,アウス大先輩 / ペーチパイセン / 愛のぴよ子 / 肉食ドゥブロさん / ネギtheダーウィン
5,430,em-57dce5f944a3,うらうらら,50,4260,6390,4,multi_hit_attack,0.0924,0.1646,80,20,12,いいえ,ケンＺＯ１号 / ペーチパイセン / ご入学ぴよ子 / ヘヴィなじとっ子君 / うらうらら
5,431,em-039b9996f6f0,おろろセット先輩,45,1363,5623,5,delay,0.0886,0.1582,96,4,12,いいえ,ヤマさんヤミーさん / ペーチパイセン / 愛のぴよ子 / ブラジリアン首都術 / おろろセット先輩
5,432,em-7941e8376c00,堕楽・ぴよボロス,46,756,7572,4,attack_buff,0.0886,0.1582,97,3,12,いいえ,ヤマさんヤミーさん / ペーチパイセン / 愛のぴよ子 / ブラジリアン首都術 / 堕楽・ぴよボロス
5,433,em-09abce425d92,超悦者・有砂小町,60,5453,5453,5,attribute_change,0.0864,0.1582,90,10,9,いいえ,ケンＺＯ１号 / ペーチパイセン / ご入学ぴよ子 / ヘヴィなじとっ子君 / 超悦者・有砂小町
5,434,em-bc5f259cf576,まさか殿(微マジ),60,5453,6305,7,multi_hit_attack,0.0864,0.1582,90,10,9,いいえ,ケンＺＯ１号 / ペーチパイセン / ご入学ぴよ子 / ヘヴィなじとっ子君 / まさか殿(微マジ)
5,435,em-e394b3795363,伝説の少女キャンディ,50,5507,5507,7,skill_reduction,0.0836,0.1392,100,0,12,いいえ,アウス大先輩 / ペーチパイセン / コンドアーズ / 愛のぴよ子 / 伝説の少女キャンディ
5,436,em-27802083d7f5,チュニスさん,50,5964,3919,4,skill_reduction,0.0809,0.1392,100,0,12,いいえ,アウス大先輩 / ペーチパイセン / コンドアーズ / 愛のぴよ子 / チュニスさん
5,437,em-760bb0daf1c9,ゲキ悪オヤジ(神),53,5112,5112,6,delay,0.0805,0.1519,83,17,11,いいえ,ケンＺＯ１号 / ペーチパイセン / ご入学ぴよ子 / ヘヴィなじとっ子君 / ゲキ悪オヤジ(神)
5,438,em-c358b6553866,ご機嫌斜めのウィーン様,58,4941,2896,5,attack_buff,0.0805,0.1519,88,12,10,いいえ,ケンＺＯ１号 / ペーチパイセン / ご入学ぴよ子 / ヘヴィなじとっ子君 / ご機嫌斜めのウィーン様
5,439,em-35dfd8c60675,はぎみタンさん,55,4430,4771,4,aoe_attack,0.0752,0.1266,96,4,10,いいえ,アウス大先輩 / ペーチパイセン / 愛のぴよ子 / ブラジリアン首都術 / はぎみタンさん
5,440,em-40bd3b1e44fa,五月病の悪魔の契約,55,4123,4226,4,aoe_attack,0.0746,0.1456,85,15,10,いいえ,ケンＺＯ１号 / ペーチパイセン / ご入学ぴよ子 / ヘヴィなじとっ子君 / 五月病の悪魔の契約
5,441,em-0a34a4b839d5,堕落勇者オトシゴ,60,4732,5111,8,damage_reduction,0.0696,0.1203,90,10,9,いいえ,ケンＺＯ１号 / ペーチパイセン / ご入学ぴよ子 / ヘヴィなじとっ子君 / 堕落勇者オトシゴ
5,442,em-7547c480c963,ウミユリーず,60,4430,6475,5,skill_reduction,0.0696,0.1203,90,10,9,いいえ,ケンＺＯ１号 / ペーチパイセン / ご入学ぴよ子 / ヘヴィなじとっ子君 / ウミユリーず
5,443,em-67c9c425e81c,大いなる奇なる皇女,60,4260,4260,5,multi_hit_attack,0.0674,0.1139,90,10,9,いいえ,ケンＺＯ１号 / ペーチパイセン / ご入学ぴよ子 / ヘヴィなじとっ子君 / 大いなる奇なる皇女
5,444,em-8cb75e870411,マンいーたち,50,3408,6816,4,aoe_attack,0.0674,0.1139,100,0,12,いいえ,アウス大先輩 / ペーチパイセン / コンドアーズ / 愛のぴよ子 / マンいーたち
5,445,em-b1988954d3bc,織田フィナーレ,50,2556,5964,5,multi_hit_attack,0.0674,0.1139,100,0,12,いいえ,アウス大先輩 / ペーチパイセン / コンドアーズ / 愛のぴよ子 / 織田フィナーレ
5,446,em-5f292317fd1c,墨染のＰＬぴよ子,60,3656,3656,5,attribute_change,0.0411,0.0823,90,10,9,いいえ,ケンＺＯ１号 / ペーチパイセン / ご入学ぴよ子 / ヘヴィなじとっ子君 / 墨染のＰＬぴよ子
5,447,em-fa2d14d3eb33,大天姿☆ぴよ子,46,7572,756,5,skill_reduction,0.0343,0.1013,97,3,12,いいえ,ヤマさんヤミーさん / ペーチパイセン / 愛のぴよ子 / ブラジリアン首都術 / 大天姿☆ぴよ子
5,448,em-2c51c9073e5a,強化ゆる骨格のススメ,50,1704,1704,12,attribute_guard,0.001,0.0253,100,0,12,いいえ,アウス大先輩 / ペーチパイセン / コンドアーズ / 愛のぴよ子 / 強化ゆる骨格のススメ
5,449,em-0454ff15fbd8,米倉英夫(ゆる),55,1,1,55,attribute_change,0,0.0127,96,4,10,いいえ,アウス大先輩 / ペーチパイセン / 愛のぴよ子 / ブラジリアン首都術 / 米倉英夫(ゆる)
5,450,em-7fe5a2875793,米倉英子(大学生),55,1,1,555,attack_buff,0,0.0127,96,4,10,いいえ,アウス大先輩 / ペーチパイセン / 愛のぴよ子 / ブラジリアン首都術 / 米倉英子(大学生)
5,451,em-5c8b9af61816,ぴっよコイン先生,60,1111,1111,12,damage_reduction,0,0.0127,100,0,9,いいえ,アウス大先輩 / ペーチパイセン / 愛のぴよ子 / 金閣鹿苑大先生 / ぴっよコイン先生
5,452,em-eb4ef5fa8f2f,応援ぴよ子団長,60,1111,1111,12,attack_buff,0,0.0127,100,0,9,いいえ,アウス大先輩 / ペーチパイセン / 愛のぴよ子 / 金閣鹿苑大先生 / 応援ぴよ子団長
5,453,em-2849b1a72ff2,生足魅惑の☆ハクさん,80,11246,5112,5,attack_buff,0,0,101,0,0,いいえ,
5,454,em-5c3bfcbbd109,ネギさん,80,4260,4260,500,attack_buff,0,0,101,0,0,いいえ,
5,455,em-60119eda4c9c,猿田彦大先輩,80,7838,7157,5,attack_buff,0,0,101,0,0,いいえ,
5,456,em-a5e1e009bda8,くまのたん伝説,80,8861,8179,5,attack_buff,0,0,101,0,0,いいえ,
5,457,em-a8e1bfbd68cd,秋のタツタちゃん,80,10224,4771,4,multi_hit_attack,0,0,101,0,0,いいえ,
5,458,em-c25db2f5b4ff,メルヘン☆グリ子,80,9202,3748,4,damage_reduction,0,0,101,0,0,いいえ,
5,459,em-370ba5df8d09,悪霊狩人ちび大助,81,8776,5879,5,multi_hit_attack,0,0,101,0,0,いいえ,
5,460,em-523af93f71e3,神田祭らーの集い,88,5027,6901,4,aoe_attack,0,0,101,0,0,いいえ,
5,461,em-5e67f5f55234,?????,88,10224,4941,5,attack_buff,0,0,101,0,0,いいえ,
5,462,em-a78326864213,発音王・S・サイアン,88,10650,6560,8,attack_buff,0,0,101,0,0,いいえ,
5,463,em-4d4a6386f8f8,九周年ぴよ子,99,6815,5111,5,guard,0,0,101,0,0,いいえ,
5,464,em-53ece7a43871,キステチスのたまご,100,1,1,40,guard,0,0,101,0,0,いいえ,
