枠,順位,キャラID,名前,コスト,HP,Power,スキルターン,スキル種類,v7下限勝率,完成デッキ勝率,完成デッキコスト,残コスト,デッキ探索数,運用例採用,完成デッキ
1,1,em-93a9275d427c,肉食ドゥブロさん,32,5106,3404,3,attack_buff,0.5432,0.6458,100,0,8,いいえ,肉食ドゥブロさん / トマティーナ少佐 / コンドアーズ / タミちゃんの火祭り / わっしょいミカ先生
1,2,em-4784572b893f,シントラーのリスボン,32,5680,3786,0,attribute_change,0.5356,0.625,100,0,8,いいえ,シントラーのリスボン / トマティーナ少佐 / コンドアーズ / タミちゃんの火祭り / わっしょいミカ先生
1,3,em-e121ae05cb4a,戦国ドラグーン,32,3919,5112,0,attribute_change,0.5176,0.6042,100,0,8,いいえ,戦国ドラグーン / トマティーナ少佐 / コンドアーズ / タミちゃんの火祭り / わっしょいミカ先生
1,4,em-ac3306faeab5,マサムネーダー,32,3919,5112,1,attribute_change,0.5132,0.5972,100,0,8,いいえ,マサムネーダー / トマティーナ少佐 / コンドアーズ / タミちゃんの火祭り / わっしょいミカ先生
1,5,em-698af6462642,反魂タン昼食TIME,32,3067,5623,4,attack_buff,0.4968,0.5833,100,0,8,いいえ,反魂タン昼食TIME / トマティーナ少佐 / コンドアーズ / タミちゃんの火祭り / わっしょいミカ先生
1,6,em-d295de1e4086,海の日シスターズ♪,40,3823,4657,4,attack_buff,0.4933,0.5833,94,6,8,いいえ,海の日シスターズ♪ / ペーチパイセン / コンドアーズ / おこしんMK-2 / わっしょいミカ先生
1,7,em-7e9ffb70cffa,企業だ浅ちゃん！,32,1192,7327,4,attack_buff,0.4886,0.5764,100,0,8,いいえ,企業だ浅ちゃん！ / トマティーナ少佐 / コンドアーズ / タミちゃんの火祭り / わっしょいミカ先生
1,8,em-df40dba7c56a,高野さん,34,4089,4089,5,skill_reduction,0.471,0.5556,99,1,8,いいえ,高野さん / ヤマさんヤミーさん / トマティーナ少佐 / 愛のぴよ子 / にほりん
1,9,em-49b522eac464,ジェヴォたんは狼？,43,3006,6022,4,multi_hit_attack,0.4625,0.5417,98,2,8,いいえ,ジェヴォたんは狼？ / ペーチパイセン / 愛のぴよ子 / 聖☆いんてぃないか / わっしょいミカ先生
1,10,em-7c0ef69518eb,有砂小町２ＰＣ,40,5112,5112,4,delay,0.4481,0.4931,99,1,8,いいえ,有砂小町２ＰＣ / ヤマさんヤミーさん / コンドアーズ / 愛のぴよ子 / おこしんMK-2
1,11,em-6fd11d4d3308,超天狗くまのたん,35,1704,7497,3,attack_buff,0.4444,0.5069,100,0,8,いいえ,超天狗くまのたん / ヤマさんヤミーさん / トマティーナ少佐 / 愛のぴよ子 / にほりん
1,12,em-d25a7727f654,プラハ嬢,32,1482,4991,4,damage_reduction,0.4275,0.5208,100,0,8,いいえ,プラハ嬢 / トマティーナ少佐 / 巳ーちゃん / 愛のぴよ子 / わっしょいミカ先生
1,13,em-760bb0daf1c9,ゲキ悪オヤジ(神),53,5112,5112,6,delay,0.4256,0.4653,100,0,8,いいえ,ゲキ悪オヤジ(神) / ペーチパイセン / トマティーナ少佐 / 愛のぴよ子 / にほりん
1,14,em-cb0ef748882f,八狗神伏姫様,35,5538,2130,4,guard,0.425,0.5139,100,0,8,いいえ,八狗神伏姫様 / ペーチパイセン / 大患部！ぴよ子大佐 / 劇場版ＪＡＸＡイル / わっしょいミカ先生
1,15,em-6c9a66a7da8c,抹殺音ズース,40,5623,3408,6,heal,0.4248,0.4722,99,1,8,いいえ,抹殺音ズース / ヤマさんヤミーさん / コンドアーズ / 愛のぴよ子 / おこしんMK-2
1,16,em-42c90dd17240,GSPS！秀郷先生,34,3578,4601,2,attack_buff,0.4232,0.4861,99,1,8,いいえ,GSPS！秀郷先生 / ヤマさんヤミーさん / トマティーナ少佐 / 愛のぴよ子 / にほりん
1,17,em-cd23be41d901,美顔なエンパナさん,40,5623,4089,8,revive,0.4223,0.4653,99,1,8,いいえ,美顔なエンパナさん / ヤマさんヤミーさん / コンドアーズ / 愛のぴよ子 / おこしんMK-2
1,18,em-d7873747b412,藤のフヒッティ,75,10735,3578,1,damage_reduction,0.4174,0.3892,99,1,8,いいえ,藤のフヒッティ / ペーチパイセン / 愛のぴよ子 / 大森銀さん / 大森さん
1,19,em-a7fc49aa8c73,広報担当：アッシュ,37,5112,3748,2,attribute_guard,0.4154,0.4583,96,4,8,いいえ,広報担当：アッシュ / ヤマさんヤミーさん / コンドアーズ / 愛のぴよ子 / おこしんMK-2
1,20,em-7f58743c664e,ポリミタス☆おかいこ,34,4771,3069,2,attribute_change,0.4146,0.4792,99,1,8,いいえ,ポリミタス☆おかいこ / ヤマさんヤミーさん / トマティーナ少佐 / 愛のぴよ子 / にほりん
1,21,em-1eb5e932843b,ダンブッラの蘭,38,5112,3578,2,damage_reduction,0.4116,0.4583,97,3,8,いいえ,ダンブッラの蘭 / ヤマさんヤミーさん / コンドアーズ / 愛のぴよ子 / おこしんMK-2
1,22,em-b8872ecc31c1,オバケな☆らんちぇん,31,1533,5367,5,attribute_guard,0.4065,0.4931,96,4,8,いいえ,オバケな☆らんちぇん / アウス大先輩 / 巳ーちゃん / おこしんMK-2 / にほりん
1,23,em-438753e77e6c,デロスの月陽姉弟,41,3237,5453,2,heal,0.4064,0.4514,100,0,8,いいえ,デロスの月陽姉弟 / ヤマさんヤミーさん / コンドアーズ / 愛のぴよ子 / おこしんMK-2
1,24,em-9b1b7dceab8e,ブダ山ペスト太郎,40,6305,2044,0,damage_reduction,0.4047,0.4722,94,6,8,いいえ,ブダ山ペスト太郎 / ペーチパイセン / コンドアーズ / おこしんMK-2 / わっしょいミカ先生
1,25,em-d020ce26e899,ＴＡＳマニア先輩,40,5964,3418,3,skill_reduction,0.4025,0.4444,99,1,8,いいえ,ＴＡＳマニア先輩 / ヤマさんヤミーさん / コンドアーズ / 愛のぴよ子 / おこしんMK-2
1,26,em-433922ef3e4e,夏至祭のぺた也君,53,7266,2153,2,skill_reduction,0.4025,0.4444,100,0,8,いいえ,夏至祭のぺた也君 / ペーチパイセン / トマティーナ少佐 / 愛のぴよ子 / にほりん
1,27,em-313faf3b400a,バルパラ★イソ子,36,3237,3067,1,attribute_guard,0.401,0.4931,100,0,8,いいえ,バルパラ★イソ子 / ペーチパイセン / コンドアーズ / 劇場版ＪＡＸＡイル / わっしょいミカ先生
1,28,em-4533a7697d48,謀反人ミッツ,60,6645,4430,3,damage_reduction,0.4003,0.4097,100,0,7,いいえ,謀反人ミッツ / ペーチパイセン / トマティーナ少佐 / 愛のぴよ子 / 旧市街地の魔物
1,29,em-54cb13a72721,不思議の海のモヅルン,60,6475,4941,3,attribute_guard,0.4002,0.4028,100,0,8,いいえ,不思議の海のモヅルン / ペーチパイセン / トマティーナ少佐 / 愛のぴよ子 / 旧市街地の魔物
1,30,em-fd03da115e54,まさか殿,35,4396,4413,6,multi_hit_attack,0.3966,0.4444,100,0,8,いいえ,まさか殿 / ヤマさんヤミーさん / トマティーナ少佐 / 愛のぴよ子 / にほりん
1,31,em-378e340695dc,スクナクナクナクス,50,6816,3408,2,aoe_attack,0.3966,0.4167,100,0,8,いいえ,スクナクナクナクス / ヤマさんヤミーさん / 愛のぴよ子 / ブラジリアン首都術 / おこしんMK-2
1,32,em-e2624c3cfdbc,美才能♪かの子さん,18,1288,4025,5,multi_hit_attack,0.3963,0.5,97,3,8,いいえ,美才能♪かの子さん / ヤマさんヤミーさん / 巳ーちゃん / 愛のぴよ子 / わっしょいミカ先生
1,33,em-6cd949ff7539,?????,53,1842,6475,2,guard,0.3955,0.4514,100,0,8,いいえ,????? / ペーチパイセン / トマティーナ少佐 / 愛のぴよ子 / にほりん
1,34,em-08c36f307e1c,3年ε組！エレナ先生,38,4430,4260,3,attack_buff,0.3946,0.4444,100,0,8,いいえ,3年ε組！エレナ先生 / 北間・クラリス嬢 / アウス大先輩 / タミちゃんの火祭り / わっしょいミカ先生
1,35,em-73250febc8f5,財閥だ浅ちゃん！,38,2556,7327,4,multi_hit_attack,0.3922,0.4167,97,3,8,いいえ,財閥だ浅ちゃん！ / ヤマさんヤミーさん / コンドアーズ / 愛のぴよ子 / おこしんMK-2
1,36,em-b127f99ae530,キラー・ｻﾞ・ｷﾗｰ,55,5964,3408,2,damage_reduction,0.3921,0.4236,96,4,8,いいえ,キラー・ｻﾞ・ｷﾗｰ / ペーチパイセン / コンドアーズ / 愛のぴよ子 / おこしんMK-2
1,37,em-419c23e0ec81,新生☆ＢＴ５!!,35,3287,3615,3,damage_reduction,0.3914,0.4653,100,0,8,いいえ,新生☆ＢＴ５!! / ヤマさんヤミーさん / トマティーナ少佐 / 愛のぴよ子 / にほりん
1,38,em-83954a93a691,閃きのヒラメちゃん,60,6560,4430,2,attribute_change,0.3887,0.3889,99,1,8,いいえ,閃きのヒラメちゃん / ペーチパイセン / 愛のぴよ子 / タミちゃんの火祭り / おこしんMK-2
1,39,em-ab9b2ce76191,B・O・B,37,4935,3244,3,delay,0.3874,0.4306,96,4,8,いいえ,B・O・B / ヤマさんヤミーさん / コンドアーズ / 愛のぴよ子 / おこしんMK-2
1,40,em-f70fc38ed477,栗栖　益子さん,40,4175,4106,4,multi_hit_attack,0.3869,0.4306,100,0,8,いいえ,栗栖　益子さん / ペーチパイセン / トマティーナ少佐 / コンドアーズ / 美才能♪かの子さん
1,41,em-2849b1a72ff2,生足魅惑の☆ハクさん,80,11246,5112,5,attack_buff,0.3864,0.3119,98,2,8,いいえ,生足魅惑の☆ハクさん / ウナギーヌくん / 愛のぴよ子 / 大森銀さん / 大森さん
1,42,em-4d9586371e6c,鞭・打つ子さん,38,4106,4106,3,multi_hit_attack,0.3862,0.4306,97,3,8,いいえ,鞭・打つ子さん / ヤマさんヤミーさん / コンドアーズ / 愛のぴよ子 / おこしんMK-2
1,43,em-bb70b91588ed,夜魔・マヤー,12,1661,2114,4,multi_hit_attack,0.3846,0.5139,99,1,8,いいえ,夜魔・マヤー / ヤマさんヤミーさん / ターヌムンゴネキ / 愛のぴよ子 / 美才能♪かの子さん
1,44,em-c545b5a51997,トリニダの怪人,13,4077,1057,2,skill_reduction,0.3839,0.5,100,0,8,いいえ,トリニダの怪人 / ヤマさんヤミーさん / ターヌムンゴネキ / 愛のぴよ子 / 美才能♪かの子さん
1,45,em-480a0eef6d7b,ピカリャー射的ｽﾀｲﾙ,45,3786,3786,2,aoe_attack,0.3835,0.4375,96,4,8,いいえ,ピカリャー射的ｽﾀｲﾙ / ペーチパイセン / コンドアーズ / 愛のぴよ子 / 美才能♪かの子さん
1,46,em-712bee050113,ターヌムンゴネキ,35,4089,4089,2,attack_buff,0.3829,0.4375,100,0,8,いいえ,ターヌムンゴネキ / ヤマさんヤミーさん / トマティーナ少佐 / 愛のぴよ子 / にほりん
1,47,em-93bcb3ddcb90,蝦夷の鬼武者,50,5367,4771,1,attack_buff,0.3825,0.3958,100,0,8,いいえ,蝦夷の鬼武者 / ヤマさんヤミーさん / 愛のぴよ子 / 旧市街地の魔物 / ブラジリアン首都術
1,48,em-824a4dbb010c,守護天狗くまのたん,41,1874,7668,3,aoe_attack,0.3822,0.4097,100,0,8,いいえ,守護天狗くまのたん / ヤマさんヤミーさん / コンドアーズ / 愛のぴよ子 / おこしんMK-2
1,49,em-215080a7a05b,?????,39,4924,4413,4,skill_reduction,0.3816,0.4097,98,2,8,いいえ,????? / ヤマさんヤミーさん / コンドアーズ / 愛のぴよ子 / おこしんMK-2
1,50,em-cc181917eaeb,無双中な宗茂さん,60,6405,4941,2,aoe_attack,0.38,0.3819,100,0,8,いいえ,無双中な宗茂さん / ペーチパイセン / トマティーナ少佐 / 愛のぴよ子 / 旧市街地の魔物
1,51,em-7f847f5ad505,電ドロ白鷺嬢,40,6816,2556,1,heal,0.3796,0.4167,100,0,8,いいえ,電ドロ白鷺嬢 / ペーチパイセン / トマティーナ少佐 / コンドアーズ / 美才能♪かの子さん
1,52,em-f9fcb91b983d,アエネウスと弟くん,60,4175,4175,0,damage_reduction,0.3782,0.4236,100,0,8,いいえ,アエネウスと弟くん / ペーチパイセン / トマティーナ少佐 / 愛のぴよ子 / 旧市街地の魔物
1,53,em-aa92178d2205,糸巻万太朗,40,5623,4260,2,attribute_change,0.3777,0.3958,100,0,8,いいえ,糸巻万太朗 / 北間・クラリス嬢 / コンドアーズ / タミちゃんの火祭り / 美才能♪かの子さん
1,54,em-962f1faafed7,三貴子アマテラス,75,10309,5112,5,revive,0.3776,0.3125,99,1,8,いいえ,三貴子アマテラス / ペーチパイセン / 愛のぴよ子 / 大森銀さん / 大森さん
1,55,em-86e0d0475819,使い魔のミナヅキ,22,2385,3067,2,attack_buff,0.3774,0.4722,91,9,8,いいえ,使い魔のミナヅキ / ヤマさんヤミーさん / 愛のぴよ子 / タミちゃんの火祭り / わっしょいミカ先生
1,56,em-a62aee8d3548,レゲエじゃまいか,40,5453,3748,4,revive,0.3768,0.4097,99,1,8,いいえ,レゲエじゃまいか / ヤマさんヤミーさん / コンドアーズ / 愛のぴよ子 / おこしんMK-2
1,57,em-3111e08d3ca9,ヒラズゲンセイ,40,6134,3067,0,guard,0.3765,0.4097,99,1,8,いいえ,ヒラズゲンセイ / ヤマさんヤミーさん / コンドアーズ / 愛のぴよ子 / おこしんMK-2
1,58,em-b041a6f6cf00,テヅルモヅルン,37,5367,2147,3,attribute_guard,0.3762,0.4375,99,1,8,いいえ,テヅルモヅルン / トマティーナ少佐 / 愛のぴよ子 / 聖☆いんてぃないか / わっしょいミカ先生
1,59,em-93e0810ca88c,宇壺田ウツ雄,25,3067,3067,6,damage_reduction,0.376,0.4653,100,0,8,いいえ,宇壺田ウツ雄 / ターヌムンゴネキ / コンドアーズ / おこしんMK-2 / にほりん
1,60,em-ceda64319ca1,蜜香のウミリンゴ,75,8520,5453,1,attack_buff,0.3757,0.3264,100,0,8,いいえ,蜜香のウミリンゴ / ウナギーヌくん / 愛のぴよ子 / 祭りだ浅ちゃん！ / おこしんMK-2
1,61,em-7e0f073f3656,年中無休な落花妖精,41,5538,3834,8,damage_reduction,0.3749,0.4028,100,0,8,いいえ,年中無休な落花妖精 / ヤマさんヤミーさん / コンドアーズ / 愛のぴよ子 / おこしんMK-2
1,62,em-24d2ab142253,アグスティンさん,12,2869,1359,5,multi_hit_attack,0.3747,0.5069,99,1,8,いいえ,アグスティンさん / ヤマさんヤミーさん / ターヌムンゴネキ / 愛のぴよ子 / 美才能♪かの子さん
1,63,em-ae529aca2139,夜鳥の会会長,35,3408,4260,3,attribute_change,0.3737,0.4306,100,0,8,いいえ,夜鳥の会会長 / ヤマさんヤミーさん / トマティーナ少佐 / 愛のぴよ子 / にほりん
1,64,em-b9ee6ac8db32,爆走！えるたそ,13,2114,1661,4,attack_buff,0.3735,0.5069,100,0,8,いいえ,爆走！えるたそ / ヤマさんヤミーさん / ターヌムンゴネキ / 愛のぴよ子 / 美才能♪かの子さん
1,65,em-ad084af57188,魔法使い らくがーる,38,4601,3663,2,attack_buff,0.3729,0.4236,100,0,8,いいえ,魔法使い らくがーる / 北間・クラリス嬢 / アウス大先輩 / タミちゃんの火祭り / わっしょいミカ先生
1,66,em-0183a7a13db2,かーたん・べーり,32,4089,4089,5,attribute_guard,0.3721,0.4097,100,0,8,いいえ,かーたん・べーり / ヤマさんヤミーさん / トマティーナ少佐 / 愛のぴよ子 / 美才能♪かの子さん
1,67,em-cea68c425163,跛荒の鉄男大先生,51,4686,6625,3,multi_hit_attack,0.3713,0.3542,100,0,8,いいえ,跛荒の鉄男大先生 / ペーチパイセン / 愛のぴよ子 / タミちゃんの火祭り / 美才能♪かの子さん
1,68,em-abcae044297d,ラ・ショー・ドさん,44,5453,3424,5,delay,0.3702,0.3958,94,6,8,いいえ,ラ・ショー・ドさん / アウス大先輩 / コンドアーズ / ブラジリアン首都術 / おこしんMK-2
1,69,em-d09d2f80d34e,トマティーナ少佐,16,3748,2130,2,multi_hit_attack,0.37,0.4514,99,1,8,いいえ,トマティーナ少佐 / 北間・クラリス嬢 / コンドアーズ / 財閥だ浅ちゃん！ / 美才能♪かの子さん
1,70,em-8476f5773554,エーランドちゃん,30,6070,2160,7,delay,0.3699,0.4097,95,5,8,いいえ,エーランドちゃん / トマティーナ少佐 / アウス大先輩 / コンドアーズ / にほりん
1,71,em-489782f8e31c,愛のぴよ子,7,1631,1993,3,heal,0.3692,0.5,78,22,7,いいえ,愛のぴよ子 / トマティーナ少佐 / コンドアーズ / 劇場版ＪＡＸＡイル / わっしょいミカ先生
1,72,em-0ccc51b405ca,初代畳リーゼント,13,1045,2258,4,attack_buff,0.3687,0.5,100,0,8,いいえ,初代畳リーゼント / ヤマさんヤミーさん / ターヌムンゴネキ / 愛のぴよ子 / 美才能♪かの子さん
1,73,em-f4ac535052c1,ɑム・ɑクト・パップ,13,1341,2416,4,heal,0.3683,0.4861,100,0,8,いいえ,ɑム・ɑクト・パップ / ヤマさんヤミーさん / ターヌムンゴネキ / 愛のぴよ子 / 美才能♪かの子さん
1,74,em-6870ddfd0fbb,大道芸！エʃ＆エʒ,12,1661,1661,3,skill_reduction,0.3682,0.5069,99,1,8,いいえ,大道芸！エʃ＆エʒ / ヤマさんヤミーさん / ターヌムンゴネキ / 愛のぴよ子 / 美才能♪かの子さん
1,75,em-bbce42d72486,東がエデン,50,5112,5112,0,attribute_change,0.3678,0.3681,99,1,8,いいえ,東がエデン / ペーチパイセン / 愛のぴよ子 / タミちゃんの火祭り / 美才能♪かの子さん
1,76,em-076ae15080b8,ゾウムシ,40,7293,2044,7,damage_reduction,0.3669,0.4028,99,1,8,いいえ,ゾウムシ / ヤマさんヤミーさん / コンドアーズ / 愛のぴよ子 / おこしんMK-2
1,77,em-048f5c5385db,Mr.バトラー,34,4771,3067,1,attribute_change,0.3666,0.4167,99,1,8,いいえ,Mr.バトラー / ヤマさんヤミーさん / トマティーナ少佐 / 愛のぴよ子 / にほりん
1,78,em-d695befcbdc2,収穫☆にいがタン,26,4508,3655,3,attribute_guard,0.3664,0.4167,88,12,8,いいえ,収穫☆にいがタン / トマティーナ少佐 / 愛のぴよ子 / 聖☆いんてぃないか / わっしょいミカ先生
1,79,em-84d3175a9388,コン勝神☆くー様,48,3809,7024,4,attack_buff,0.3664,0.3681,98,2,8,いいえ,コン勝神☆くー様 / ヤマさんヤミーさん / 愛のぴよ子 / 旧市街地の魔物 / ブラジリアン首都術
1,80,em-5861838d2e36,ばうあー泥棒,35,4771,3033,4,attack_buff,0.3659,0.4167,100,0,8,いいえ,ばうあー泥棒 / ヤマさんヤミーさん / トマティーナ少佐 / 愛のぴよ子 / にほりん
1,81,em-c4663d98c2ff,海・百合男,33,3748,4430,5,skill_reduction,0.3659,0.4097,98,2,8,いいえ,海・百合男 / ヤマさんヤミーさん / トマティーナ少佐 / 愛のぴよ子 / にほりん
1,82,em-9b97e564ea43,ユールシスター☆ノエルん,43,5523,4112,3,multi_hit_attack,0.3659,0.3819,94,6,8,いいえ,ユールシスター☆ノエルん / ペーチパイセン / コンドアーズ / 愛のぴよ子 / 美才能♪かの子さん
1,83,em-eb8dcb3ecb46,ヨーコ須賀パイセン,45,5964,3237,3,attribute_guard,0.3657,0.3819,100,0,8,いいえ,ヨーコ須賀パイセン / ヤマさんヤミーさん / コンドアーズ / おこしんMK-2 / 大森さん
1,84,em-ec64495c1963,レブカ大先生,38,5793,2984,5,aoe_attack,0.3649,0.3889,97,3,8,いいえ,レブカ大先生 / ヤマさんヤミーさん / コンドアーズ / 愛のぴよ子 / おこしんMK-2
1,85,em-7e35b72ac7e4,琵琶子ｲﾘｭｰｼﾞｮﾝ！,13,1809,1190,3,damage_reduction,0.3647,0.5208,100,0,8,いいえ,琵琶子ｲﾘｭｰｼﾞｮﾝ！ / ヤマさんヤミーさん / ターヌムンゴネキ / 愛のぴよ子 / 美才能♪かの子さん
1,86,em-ea813aee5d92,ブラジリアン首都術,8,1812,1963,4,aoe_attack,0.364,0.4931,79,21,8,いいえ,ブラジリアン首都術 / トマティーナ少佐 / コンドアーズ / 劇場版ＪＡＸＡイル / わっしょいミカ先生
1,87,em-6c2ea8631e0d,深海美少年モヅルン,37,5964,2385,3,attribute_guard,0.3638,0.4028,99,1,8,いいえ,深海美少年モヅルン / トマティーナ少佐 / 愛のぴよ子 / 聖☆いんてぃないか / わっしょいミカ先生
1,88,em-af839f0be824,譲らざる者,13,966,2394,5,attack_buff,0.3637,0.4931,100,0,8,いいえ,譲らざる者 / ヤマさんヤミーさん / ターヌムンゴネキ / 愛のぴよ子 / 美才能♪かの子さん
1,89,em-437f98caf8e3,ぺた也君,35,4710,3006,1,multi_hit_attack,0.3636,0.4167,100,0,8,いいえ,ぺた也君 / ヤマさんヤミーさん / トマティーナ少佐 / 愛のぴよ子 / にほりん
1,90,em-3f6affd1acff,ハンニバル力(りょく),58,7497,2385,3,aoe_attack,0.3635,0.3889,99,1,8,いいえ,ハンニバル力(りょく) / ペーチパイセン / コンドアーズ / 愛のぴよ子 / おこしんMK-2
1,91,em-a7be30f0211a,烏枢さま降臨！,13,1359,2416,2,attack_buff,0.363,0.4792,100,0,8,いいえ,烏枢さま降臨！ / ヤマさんヤミーさん / ターヌムンゴネキ / 愛のぴよ子 / 美才能♪かの子さん
1,92,em-474d7b7d3bbe,イチャン～(から),26,3606,2850,2,aoe_attack,0.3626,0.4236,95,5,8,いいえ,イチャン～(から) / ヤマさんヤミーさん / コンドアーズ / 愛のぴよ子 / 美才能♪かの子さん
1,93,em-cc1dd429dace,?????,58,4171,4737,1,damage_reduction,0.3624,0.3889,99,1,8,いいえ,????? / ペーチパイセン / コンドアーズ / 愛のぴよ子 / おこしんMK-2
1,94,em-a5e1e009bda8,くまのたん伝説,80,8861,8179,5,attack_buff,0.3623,0.2571,100,0,8,いいえ,くまのたん伝説 / ウナギーヌくん / 愛のぴよ子 / 大森銀さん / ウシュか☆丸か
1,95,em-39a2f0d8ec72,ロードスのエルフ騎士,44,4430,5623,6,skill_reduction,0.3618,0.375,100,0,8,いいえ,ロードスのエルフ騎士 / ヤマさんヤミーさん / トマティーナ少佐 / 旧市街地の魔物 / ハリウッドナナコ師匠
1,96,em-7b7bc6faa9ba,パティは実況勢,41,5623,3352,2,damage_reduction,0.361,0.3889,100,0,8,いいえ,パティは実況勢 / ヤマさんヤミーさん / コンドアーズ / 愛のぴよ子 / おこしんMK-2
1,97,em-ffdcaffc4a41,雑煮入り☆うるっしー,36,3443,3443,4,guard,0.3609,0.4306,100,0,8,いいえ,雑煮入り☆うるっしー / ペーチパイセン / コンドアーズ / 劇場版ＪＡＸＡイル / わっしょいミカ先生
1,98,em-e8fc5c7a59a4,猫毘沙門天,36,4430,4089,4,aoe_attack,0.3609,0.4028,99,1,8,いいえ,猫毘沙門天 / アウス大先輩 / 愛のぴよ子 / 聖☆いんてぃないか / わっしょいミカ先生
1,99,em-fc400150cadd,サンタぴよ子,10,1173,1173,4,skill_reduction,0.3606,0.5278,97,3,8,いいえ,サンタぴよ子 / ヤマさんヤミーさん / ターヌムンゴネキ / 愛のぴよ子 / 美才能♪かの子さん
1,100,em-10aded4f89d1,ゲイコツガブリムシ,13,820,2300,5,revive,0.3601,0.4931,100,0,8,いいえ,ゲイコツガブリムシ / ヤマさんヤミーさん / ターヌムンゴネキ / 愛のぴよ子 / 美才能♪かの子さん
1,101,em-b7d1205bd3a7,すーぱーサイアン,60,5964,5964,12,attack_buff,0.3595,0.3264,100,0,8,いいえ,すーぱーサイアン / アウス大先輩 / 愛のぴよ子 / ブラジリアン首都術 / 旧市街地の魔物
1,102,em-e6c445da9312,おしゃまなタコむすめ,39,1704,5112,5,heal,0.3593,0.4236,98,2,8,いいえ,おしゃまなタコむすめ / ヤマさんヤミーさん / コンドアーズ / 愛のぴよ子 / おこしんMK-2
1,103,em-d7d6357dff74,フェニックス師匠,32,4508,4830,0,heal,0.3591,0.375,95,5,8,いいえ,フェニックス師匠 / ペーチパイセン / コンドアーズ / 聖☆いんてぃないか / 美才能♪かの子さん
1,104,em-02e0499d8e24,朱雀,36,4430,4941,4,attack_buff,0.3587,0.3819,97,3,8,いいえ,朱雀 / ヤマさんヤミーさん / 愛のぴよ子 / 聖☆いんてぃないか / おこしんMK-2
1,105,em-edd2253df045,怪奇！変身鬼人形,25,3408,3834,3,attribute_change,0.3581,0.4167,89,11,8,いいえ,怪奇！変身鬼人形 / ペーチパイセン / アウス大先輩 / 劇場版ＪＡＸＡイル / わっしょいミカ先生
1,106,em-6fe67318189a,劇場版ＪＡＸＡイル,18,1304,3526,4,multi_hit_attack,0.3577,0.4514,94,6,8,いいえ,劇場版ＪＡＸＡイル / トマティーナ少佐 / 巳ーちゃん / タミちゃんの火祭り / わっしょいミカ先生
1,107,em-fae18e323cb5,美観之介曳山ん太郎,23,2194,1597,5,aoe_attack,0.3575,0.5,96,4,8,いいえ,美観之介曳山ん太郎 / ヤマさんヤミーさん / 愛のぴよ子 / 聖☆いんてぃないか / わっしょいミカ先生
1,108,em-4b386c59ef08,キマシ塔の温泉娘,20,1245,2781,5,attack_buff,0.3567,0.4722,99,1,8,いいえ,キマシ塔の温泉娘 / ヤマさんヤミーさん / アウス大先輩 / タミちゃんの火祭り / わっしょいミカ先生
1,109,em-9fe53d26e9cb,ロイ・マタ先輩,46,2726,6816,3,multi_hit_attack,0.356,0.375,97,3,8,いいえ,ロイ・マタ先輩 / ペーチパイセン / コンドアーズ / 愛のぴよ子 / 美才能♪かの子さん
1,110,em-fbc61d7306d8,ネ申・ぎょざる,11,1198,1204,6,aoe_attack,0.3558,0.5208,98,2,8,いいえ,ネ申・ぎょざる / ヤマさんヤミーさん / ターヌムンゴネキ / 愛のぴよ子 / 美才能♪かの子さん
1,111,em-b8c4235090fa,バビるわバビル君。,39,5367,3441,4,damage_reduction,0.3558,0.3889,99,1,8,いいえ,バビるわバビル君。 / トマティーナ少佐 / アウス大先輩 / 愛のぴよ子 / わっしょいミカ先生
1,112,em-28a4ccf4cbfc,ステンバーイちび蔵,24,596,3748,4,revive,0.3557,0.4583,89,11,8,いいえ,ステンバーイちび蔵 / ペーチパイセン / アウス大先輩 / 聖☆いんてぃないか / わっしょいミカ先生
1,113,em-b17b3174de7d,ネギtheフィクサー,45,2405,5135,3,damage_reduction,0.3556,0.4097,100,0,8,いいえ,ネギtheフィクサー / トマティーナ少佐 / アウス大先輩 / 愛のぴよ子 / にほりん
1,114,em-d74e6be8b4b9,クビキリギス,40,3800,3544,4,damage_reduction,0.3552,0.4167,94,6,8,いいえ,クビキリギス / ペーチパイセン / コンドアーズ / おこしんMK-2 / わっしょいミカ先生
1,115,em-563e34211286,大抵カールのせい,50,4686,5112,1,damage_reduction,0.3546,0.3611,100,0,8,いいえ,大抵カールのせい / ペーチパイセン / トマティーナ少佐 / 愛のぴよ子 / 美才能♪かの子さん
1,116,em-9413da55b7e0,ヤマピカリャーコ,47,4515,5095,2,multi_hit_attack,0.3544,0.3681,98,2,8,いいえ,ヤマピカリャーコ / ペーチパイセン / コンドアーズ / 愛のぴよ子 / 美才能♪かの子さん
1,117,em-23638c0715eb,ばけごろう,30,1757,5743,1,attribute_change,0.3542,0.4028,90,10,8,いいえ,ばけごろう / ペーチパイセン / コンドアーズ / タミちゃんの火祭り / 聖☆いんてぃないか
1,118,em-832edc9513ca,Ｈ・Ｆ・ウーマン,45,6305,3748,4,guard,0.3538,0.3611,100,0,8,いいえ,Ｈ・Ｆ・ウーマン / ヤマさんヤミーさん / コンドアーズ / おこしんMK-2 / 大森さん
1,119,em-28604c08091f,純白のアンナ大先輩,51,6305,3748,5,aoe_attack,0.3534,0.3542,100,0,8,いいえ,純白のアンナ大先輩 / ペーチパイセン / 愛のぴよ子 / タミちゃんの火祭り / 美才能♪かの子さん
1,120,em-4805525cb8a4,ｴﾝｾﾞﾘｯｸ☆エンゼル,60,6816,4771,3,heal,0.3533,0.3264,99,1,8,いいえ,ｴﾝｾﾞﾘｯｸ☆エンゼル / ペーチパイセン / 愛のぴよ子 / タミちゃんの火祭り / 旧市街地の魔物
1,121,em-f119f767f457,アダム＆エバ,50,5112,4260,4,attack_buff,0.3528,0.3611,100,0,8,いいえ,アダム＆エバ / ヤマさんヤミーさん / 愛のぴよ子 / 旧市街地の魔物 / ブラジリアン首都術
1,122,em-22dd952da197,ハントンの兄貴,11,1057,1198,5,multi_hit_attack,0.3527,0.5208,98,2,8,いいえ,ハントンの兄貴 / ヤマさんヤミーさん / ターヌムンゴネキ / 愛のぴよ子 / 美才能♪かの子さん
1,123,em-132feeb6206a,傭兵戦隊サイガー３,12,756,2284,4,multi_hit_attack,0.3524,0.4792,99,1,8,いいえ,傭兵戦隊サイガー３ / ヤマさんヤミーさん / ターヌムンゴネキ / 愛のぴよ子 / 美才能♪かの子さん
1,124,em-d51ded51621f,華麗なる塚ジェンヌ,13,1684,1676,3,revive,0.3523,0.4931,100,0,8,いいえ,華麗なる塚ジェンヌ / ヤマさんヤミーさん / ターヌムンゴネキ / 愛のぴよ子 / 美才能♪かの子さん
1,125,em-ea000314e767,ＫＲ２ジョー少佐,13,921,2476,3,attack_buff,0.3523,0.4722,100,0,8,いいえ,ＫＲ２ジョー少佐 / ヤマさんヤミーさん / ターヌムンゴネキ / 愛のぴよ子 / 美才能♪かの子さん
1,126,em-5d696ecc61dd,カミキリ,75,5845,6134,1,attack_buff,0.3522,0.3264,100,0,8,いいえ,カミキリ / ウナギーヌくん / 愛のぴよ子 / 祭りだ浅ちゃん！ / おこしんMK-2
1,127,em-7e70673d97ae,セント・キルダ音楽隊,13,1344,1963,0,attribute_guard,0.352,0.4792,100,0,8,いいえ,セント・キルダ音楽隊 / ヤマさんヤミーさん / ターヌムンゴネキ / 愛のぴよ子 / 美才能♪かの子さん
1,128,em-471b1ba55d5c,有馬んば,13,1413,1244,4,heal,0.3518,0.5,100,0,8,いいえ,有馬んば / ヤマさんヤミーさん / ターヌムンゴネキ / 愛のぴよ子 / 美才能♪かの子さん
1,129,em-2276063b9e3e,鳴子姫,11,1128,1128,5,aoe_attack,0.3513,0.5208,98,2,8,いいえ,鳴子姫 / ヤマさんヤミーさん / ターヌムンゴネキ / 愛のぴよ子 / 美才能♪かの子さん
1,130,em-c57874d99dcd,三重子大先生,11,1699,1699,1,attribute_change,0.3509,0.4792,98,2,8,いいえ,三重子大先生 / ヤマさんヤミーさん / ターヌムンゴネキ / 愛のぴよ子 / 美才能♪かの子さん
1,131,em-337e85c2cd90,ユーコ☆スターダスト,60,6053,4354,4,revive,0.3506,0.3472,100,0,8,いいえ,ユーコ☆スターダスト / ペーチパイセン / トマティーナ少佐 / 愛のぴよ子 / 旧市街地の魔物
1,132,em-e362f95d25c3,巳ーちゃんさん,35,4303,3451,3,multi_hit_attack,0.3504,0.3958,100,0,8,いいえ,巳ーちゃんさん / ヤマさんヤミーさん / トマティーナ少佐 / 愛のぴよ子 / にほりん
1,133,em-c86ef788e307,ベルりん絶好調,40,4089,4686,5,attribute_guard,0.3503,0.375,99,1,8,いいえ,ベルりん絶好調 / ヤマさんヤミーさん / コンドアーズ / 愛のぴよ子 / おこしんMK-2
1,134,em-1fcc8f4c1ae3,ヴェルサイユの朝,45,2556,6645,5,attack_buff,0.3503,0.3681,98,2,8,いいえ,ヴェルサイユの朝 / ペーチパイセン / 愛のぴよ子 / 聖☆いんてぃないか / 美才能♪かの子さん
1,135,em-13a4b4b54b04,北間・クラリス嬢,10,3959,701,1,heal,0.35,0.4792,97,3,8,いいえ,北間・クラリス嬢 / ヤマさんヤミーさん / ターヌムンゴネキ / 愛のぴよ子 / 美才能♪かの子さん
1,136,em-294f61da0084,Ｃ・Ｃ☆電車姫,22,3741,1973,4,attack_buff,0.3492,0.4306,87,13,8,いいえ,Ｃ・Ｃ☆電車姫 / ペーチパイセン / アウス大先輩 / 聖☆いんてぃないか / わっしょいミカ先生
1,137,em-b95ac93b816d,キタキツネの神様,29,3748,4771,3,attack_buff,0.3489,0.3819,100,0,8,いいえ,キタキツネの神様 / ヤマさんヤミーさん / 愛のぴよ子 / 聖☆いんてぃないか / 美才能♪かの子さん
1,138,em-01ed0ad1bb88,ムガるぞ！フマゆん,78,8350,6805,3,aoe_attack,0.3486,0.2639,99,1,8,いいえ,ムガるぞ！フマゆん / ウナギーヌくん / 愛のぴよ子 / 旧市街地の魔物 / 大森さん
1,139,em-c6337efaceae,ｴﾚｶﾞﾝﾄ☆トラボル子,47,4260,4771,5,aoe_attack,0.3484,0.3681,97,3,8,いいえ,ｴﾚｶﾞﾝﾄ☆トラボル子 / ヤマさんヤミーさん / 愛のぴよ子 / ブラジリアン首都術 / おこしんMK-2
1,140,em-32dd2642183e,ハイパーハンギョジン,60,5889,3996,3,attack_buff,0.3484,0.3542,99,1,8,いいえ,ハイパーハンギョジン / ペーチパイセン / 愛のぴよ子 / タミちゃんの火祭り / おこしんMK-2
1,141,em-a03649b8e724,巨大カンテツ,15,3220,3220,5,heal,0.3481,0.4097,99,1,8,いいえ,巨大カンテツ / ペーチパイセン / 花火戦隊サイガーRe / タミちゃんの火祭り / にほりん
1,142,em-ad0fa41f1980,輝け！叡智通,12,1102,1300,4,attack_buff,0.3474,0.5069,99,1,8,いいえ,輝け！叡智通 / ヤマさんヤミーさん / ターヌムンゴネキ / 愛のぴよ子 / 美才能♪かの子さん
1,143,em-cbed7e550323,ちわっしータミ,12,2249,1376,3,heal,0.3474,0.4861,99,1,8,いいえ,ちわっしータミ / ヤマさんヤミーさん / ターヌムンゴネキ / 愛のぴよ子 / 美才能♪かの子さん
1,144,em-f9ca1348e6ed,斎王代「鵺」,48,6884,3748,3,attribute_change,0.3473,0.3403,98,2,8,いいえ,斎王代「鵺」 / ペーチパイセン / トマティーナ少佐 / 愛のぴよ子 / 美才能♪かの子さん
1,145,em-f53bffc021ea,曲弾動物ウーミン,33,2999,3544,5,skill_reduction,0.3472,0.4167,98,2,8,いいえ,曲弾動物ウーミン / ヤマさんヤミーさん / トマティーナ少佐 / 愛のぴよ子 / にほりん
1,146,em-e8331e3aec6c,辰の子ぴよ子,70,6898,4089,10,multi_hit_attack,0.3472,0.3333,99,1,8,いいえ,辰の子ぴよ子 / ペーチパイセン / 愛のぴよ子 / 旧市街地の魔物 / ウシュか☆丸か
1,147,em-faea6a503d7f,討ち入り☆花子,58,5350,4907,3,aoe_attack,0.3471,0.3472,96,4,8,いいえ,討ち入り☆花子 / ペーチパイセン / コンドアーズ / 祭りだ浅ちゃん！ / ウシュか☆丸か
1,148,em-a68c8ce48bea,こんにゃく姫,37,5964,2726,7,attack_buff,0.347,0.375,94,6,8,いいえ,こんにゃく姫 / ヤマさんヤミーさん / コンドアーズ / おこしんMK-2 / ウシュか☆丸か
1,149,em-d72497692e5c,バリ……トゥンク…王,41,1530,5279,0,guard,0.3468,0.4097,100,0,8,いいえ,バリ……トゥンク…王 / ヤマさんヤミーさん / コンドアーズ / 愛のぴよ子 / おこしんMK-2
1,150,em-24b5b550f587,ジョロウグモ,10,937,2113,3,damage_reduction,0.3466,0.4722,98,2,8,いいえ,ジョロウグモ / トマティーナ少佐 / 愛のぴよ子 / 花火戦隊サイガーRe / わっしょいミカ先生
1,151,em-9ffce070b31f,レモなんとかさん,40,5793,2215,3,revive,0.3466,0.3958,99,1,8,いいえ,レモなんとかさん / ヤマさんヤミーさん / コンドアーズ / 愛のぴよ子 / おこしんMK-2
1,152,em-57dce5f944a3,うらうらら,50,4260,6390,4,multi_hit_attack,0.3465,0.3333,94,6,8,いいえ,うらうらら / トマティーナ少佐 / コンドアーズ / 旧市街地の魔物 / 大森さん
1,153,em-b09b44b6b259,くだにょん,13,1128,1269,4,attack_buff,0.3464,0.5069,100,0,8,いいえ,くだにょん / ヤマさんヤミーさん / ターヌムンゴネキ / 愛のぴよ子 / 美才能♪かの子さん
1,154,em-db7ee0abcada,ＫＲ２ジョーの戦い,30,2385,4601,3,damage_reduction,0.3464,0.4028,95,5,8,いいえ,ＫＲ２ジョーの戦い / トマティーナ少佐 / アウス大先輩 / コンドアーズ / にほりん
1,155,em-8cb75e870411,マンいーたち,50,3408,6816,4,aoe_attack,0.3464,0.3542,100,0,8,いいえ,マンいーたち / ヤマさんヤミーさん / 愛のぴよ子 / ブラジリアン首都術 / 旧市街地の魔物
1,156,em-07585cdaab4c,だいこっくんさん,12,1000,1200,9,attack_buff,0.3461,0.5139,99,1,8,いいえ,だいこっくんさん / ヤマさんヤミーさん / ターヌムンゴネキ / 愛のぴよ子 / 美才能♪かの子さん
1,157,em-dcc91a9c2ed6,ブルたそ,12,1000,1200,5,damage_reduction,0.3461,0.5139,99,1,8,いいえ,ブルたそ / ヤマさんヤミーさん / ターヌムンゴネキ / 愛のぴよ子 / 美才能♪かの子さん
1,158,em-32f5c4968406,正月カナちゃん。,66,5282,5282,6,revive,0.3458,0.3403,98,2,8,いいえ,正月カナちゃん。 / ペーチパイセン / 愛のぴよ子 / 旧市街地の魔物 / おこしんMK-2
1,159,em-2def672b1533,バターリャ後悔王子,30,3213,3213,3,damage_reduction,0.3456,0.4167,92,8,8,いいえ,バターリャ後悔王子 / トマティーナ少佐 / 愛のぴよ子 / 聖☆いんてぃないか / わっしょいミカ先生
1,160,em-92e16a3efe92,ク・うぃーん王女,12,1100,1100,5,attribute_change,0.3455,0.5139,99,1,8,いいえ,ク・うぃーん王女 / ヤマさんヤミーさん / ターヌムンゴネキ / 愛のぴよ子 / 美才能♪かの子さん
1,161,em-f439af6dc206,さんとくん大先生,12,3020,755,3,delay,0.3451,0.4931,99,1,8,いいえ,さんとくん大先生 / ヤマさんヤミーさん / ターヌムンゴネキ / 愛のぴよ子 / 美才能♪かの子さん
1,162,em-5514b5658aa3,ハリウッドナナコ師匠,5,2503,1093,9,delay,0.3445,0.4722,100,0,8,いいえ,ハリウッドナナコ師匠 / ヤマさんヤミーさん / ターヌムンゴネキ / タミちゃんの火祭り / 美才能♪かの子さん
1,163,em-aff304b1eab4,日本一の桃たろす,42,4260,5964,2,attribute_change,0.3445,0.3403,100,0,8,いいえ,日本一の桃たろす / ヤマさんヤミーさん / トマティーナ少佐 / 愛のぴよ子 / おこしんMK-2
1,164,em-90d2686cfd0d,花火戦隊サイガーRe,45,4515,5367,3,multi_hit_attack,0.3444,0.3472,96,4,8,いいえ,花火戦隊サイガーRe / ペーチパイセン / コンドアーズ / 愛のぴよ子 / 美才能♪かの子さん
1,165,em-eea7e5ad714b,饅頭石餅子,30,3433,4114,5,attribute_guard,0.344,0.3958,95,5,8,いいえ,饅頭石餅子 / トマティーナ少佐 / アウス大先輩 / コンドアーズ / にほりん
1,166,em-7941e8376c00,堕楽・ぴよボロス,46,756,7572,4,attack_buff,0.344,0.375,99,1,8,いいえ,堕楽・ぴよボロス / ペーチパイセン / 愛のぴよ子 / 聖☆いんてぃないか / 美才能♪かの子さん
1,167,em-5b1667b398d0,?????,46,4430,5112,2,multi_hit_attack,0.3439,0.3542,97,3,8,いいえ,????? / ペーチパイセン / コンドアーズ / 愛のぴよ子 / 美才能♪かの子さん
1,168,em-e5fb3c6a3323,ガジュ・まる子さん,34,3748,4430,5,revive,0.3436,0.3819,99,1,8,いいえ,ガジュ・まる子さん / ヤマさんヤミーさん / トマティーナ少佐 / 愛のぴよ子 / にほりん
1,169,em-5ff7c4f20f2b,ヤマトタケルぅ！,40,85,8520,5,multi_hit_attack,0.3435,0.3681,99,1,8,いいえ,ヤマトタケルぅ！ / ヤマさんヤミーさん / コンドアーズ / 愛のぴよ子 / おこしんMK-2
1,170,em-bc5f259cf576,まさか殿(微マジ),60,5453,6305,7,multi_hit_attack,0.3434,0.3125,100,0,8,いいえ,まさか殿(微マジ) / ペーチパイセン / トマティーナ少佐 / 愛のぴよ子 / 旧市街地の魔物
1,171,em-d0ab149939aa,製鉄所★澤先輩,24,5313,1771,3,skill_reduction,0.3433,0.3958,89,11,8,いいえ,製鉄所★澤先輩 / ペーチパイセン / アウス大先輩 / 聖☆いんてぃないか / わっしょいミカ先生
1,172,em-83113af84b95,降臨☆三原色ばうあー,45,3578,5868,5,aoe_attack,0.3433,0.3542,98,2,8,いいえ,降臨☆三原色ばうあー / ペーチパイセン / 愛のぴよ子 / 聖☆いんてぃないか / 美才能♪かの子さん
1,173,em-814b464a2192,ナナホシ,50,5044,5044,3,skill_reduction,0.3431,0.3403,100,0,8,いいえ,ナナホシ / ヤマさんヤミーさん / 愛のぴよ子 / ブラジリアン首都術 / おこしんMK-2
1,174,em-cd52b65347bc,フローラさま,75,11161,3408,1,attack_buff,0.3431,0.2847,100,0,8,いいえ,フローラさま / ウナギーヌくん / 愛のぴよ子 / 祭りだ浅ちゃん！ / おこしんMK-2
1,175,em-c573b4be1553,ｷﾞｶﾞももたろす,12,1300,1300,3,attribute_change,0.3426,0.4931,99,1,8,いいえ,ｷﾞｶﾞももたろす / ヤマさんヤミーさん / ターヌムンゴネキ / 愛のぴよ子 / 美才能♪かの子さん
1,176,em-309fbe104636,いーびルン,15,2254,2576,7,guard,0.3426,0.4375,96,4,8,いいえ,いーびルン / ターヌムンゴネキ / 愛のぴよ子 / 聖☆いんてぃないか / わっしょいミカ先生
1,177,em-bd7b9f8f305f,レドニツェ嬢,36,6816,2556,0,attack_buff,0.3426,0.3542,93,7,8,いいえ,レドニツェ嬢 / ヤマさんヤミーさん / コンドアーズ / おこしんMK-2 / ウシュか☆丸か
1,178,em-410cc22d32bc,アロハる☆水島神人,16,3246,1887,2,attribute_change,0.342,0.4306,100,0,8,いいえ,アロハる☆水島神人 / ペーチパイセン / アウス大先輩 / 財閥だ浅ちゃん！ / わっしょいミカ先生
1,179,em-aefb52be8eca,半間鮫子,52,3411,6823,2,multi_hit_attack,0.3415,0.3403,95,5,8,いいえ,半間鮫子 / ペーチパイセン / 愛のぴよ子 / 聖☆いんてぃないか / 旧市街地の魔物
1,180,em-6d3c1934f67c,エンパさんの夏,50,5623,4430,2,aoe_attack,0.3413,0.3403,99,1,8,いいえ,エンパさんの夏 / ペーチパイセン / 愛のぴよ子 / タミちゃんの火祭り / 美才能♪かの子さん
1,181,em-370ba5df8d09,悪霊狩人ちび大助,81,8776,5879,5,multi_hit_attack,0.3407,0.2632,99,1,8,いいえ,悪霊狩人ちび大助 / ウナギーヌくん / 愛のぴよ子 / 大森銀さん / 大森さん
1,182,em-e15fbf6ecd0c,シャーロック&エッジュ,41,4260,5112,2,skill_reduction,0.3398,0.3542,100,0,8,いいえ,シャーロック&エッジュ / ヤマさんヤミーさん / コンドアーズ / 愛のぴよ子 / おこしんMK-2
1,183,em-fa3191833d67,エヴァン,28,3381,2776,2,damage_reduction,0.3391,0.4028,93,7,8,いいえ,エヴァン / トマティーナ少佐 / アウス大先輩 / コンドアーズ / にほりん
1,184,em-5976d2863ad8,タオるんGT,32,4260,4732,14,guard,0.339,0.3542,100,0,8,いいえ,タオるんGT / ヤマさんヤミーさん / トマティーナ少佐 / 愛のぴよ子 / 美才能♪かの子さん
1,185,em-e394b3795363,伝説の少女キャンディ,50,5507,5507,7,skill_reduction,0.3386,0.3264,100,0,8,いいえ,伝説の少女キャンディ / ヤマさんヤミーさん / 愛のぴよ子 / ブラジリアン首都術 / おこしんMK-2
1,186,em-c1bbe00e5d61,ジョンは時を知らない,48,4771,3493,0,attack_buff,0.3385,0.3681,98,2,8,いいえ,ジョンは時を知らない / ヤマさんヤミーさん / 愛のぴよ子 / 旧市街地の魔物 / ブラジリアン首都術
1,187,em-0e768525b557,ヘラクレス先輩,70,5885,6230,4,multi_hit_attack,0.3385,0.2917,99,1,8,いいえ,ヘラクレス先輩 / ペーチパイセン / 愛のぴよ子 / 旧市街地の魔物 / ウシュか☆丸か
1,188,em-d5ed773d56cd,夏至祭のヴァサクサ君,18,3976,2156,2,skill_reduction,0.3384,0.3958,100,0,8,いいえ,夏至祭のヴァサクサ君 / 北間・クラリス嬢 / ターヌムンゴネキ / 聖☆いんてぃないか / 美才能♪かの子さん
1,189,em-df28e035685e,ハル先輩,11,626,1096,5,heal,0.3381,0.5,98,2,8,いいえ,ハル先輩 / ヤマさんヤミーさん / ターヌムンゴネキ / 愛のぴよ子 / 美才能♪かの子さん
1,190,em-a0601347b042,グラーツ君,36,2896,5282,3,attack_buff,0.3379,0.375,97,3,8,いいえ,グラーツ君 / ヤマさんヤミーさん / 愛のぴよ子 / 聖☆いんてぃないか / おこしんMK-2
1,191,em-76691ebd833d,特攻のびゃこ,38,2641,6219,2,attack_buff,0.3376,0.3611,99,1,8,いいえ,特攻のびゃこ / ヤマさんヤミーさん / 愛のぴよ子 / 聖☆いんてぃないか / おこしんMK-2
1,192,em-2a20d82018a7,強飯式太子君,43,4771,3408,1,heal,0.337,0.3611,96,4,8,いいえ,強飯式太子君 / ペーチパイセン / 愛のぴよ子 / 聖☆いんてぃないか / 美才能♪かの子さん
1,193,em-d3aec6288103,カニシカ大先生,39,6034,1440,5,heal,0.3368,0.4028,98,2,8,いいえ,カニシカ大先生 / ヤマさんヤミーさん / コンドアーズ / 愛のぴよ子 / おこしんMK-2
1,194,em-2eebc4f8633d,すわっ！かつより君,60,5350,4771,5,aoe_attack,0.3366,0.3264,99,1,8,いいえ,すわっ！かつより君 / ペーチパイセン / 愛のぴよ子 / タミちゃんの火祭り / 旧市街地の魔物
1,195,em-7f6d8a20493b,寝起きのクラリス,60,7668,1704,0,heal,0.3364,0.3681,99,1,8,いいえ,寝起きのクラリス / ペーチパイセン / 愛のぴよ子 / タミちゃんの火祭り / 旧市街地の魔物
1,196,em-bc583c6ff83e,卍石★モチ子,40,4625,4966,5,attribute_guard,0.3362,0.3472,100,0,8,いいえ,卍石★モチ子 / ヤマさんヤミーさん / 愛のぴよ子 / 劇場版ＪＡＸＡイル / 旧市街地の魔物
1,197,em-2f0a120135a2,神降ろし！宮子様,24,3578,3152,0,heal,0.336,0.3889,89,11,8,いいえ,神降ろし！宮子様 / ペーチパイセン / アウス大先輩 / 聖☆いんてぃないか / わっしょいミカ先生
1,198,em-78c7d71a75d2,美音三銃士を連れてきたよ,50,6475,3748,5,revive,0.3355,0.3258,100,0,8,いいえ,美音三銃士を連れてきたよ / ペーチパイセン / トマティーナ少佐 / 愛のぴよ子 / 美才能♪かの子さん
1,199,em-2c08686a6d88,猿もの追い払いネキ,42,4171,3977,5,damage_reduction,0.3351,0.375,99,1,8,いいえ,猿もの追い払いネキ / トマティーナ少佐 / 愛のぴよ子 / 聖☆いんてぃないか / にほりん
1,200,em-66075c4def49,K・Y・イマガワ,40,5793,3237,5,attack_buff,0.3351,0.3611,99,1,8,いいえ,K・Y・イマガワ / アウス大先輩 / 愛のぴよ子 / タミちゃんの火祭り / わっしょいミカ先生
1,201,em-cd7c55cabc32,ゴジュウゲリヲン,19,3020,1132,5,guard,0.335,0.4653,97,3,8,いいえ,ゴジュウゲリヲン / ターヌムンゴネキ / トマティーナ少佐 / 愛のぴよ子 / わっしょいミカ先生
1,202,em-599b57f2e5c4,Halloweenの蘭子さん,37,2044,5964,5,revive,0.3349,0.3681,96,4,8,いいえ,Halloweenの蘭子さん / ヤマさんヤミーさん / コンドアーズ / 愛のぴよ子 / おこしんMK-2
1,203,em-7a5536e43124,因幡WAHHH!!,31,3578,4771,4,attack_buff,0.3349,0.3542,90,10,8,いいえ,因幡WAHHH!! / トマティーナ少佐 / コンドアーズ / 劇場版ＪＡＸＡイル / 旧市街地の魔物
1,204,em-98730869df6a,朱染めの夏炎・朱雀,70,5282,6475,3,attack_buff,0.3349,0.2986,100,0,8,いいえ,朱染めの夏炎・朱雀 / 乗っとるダム制度君 / 愛のぴよ子 / 祭りだ浅ちゃん！ / おこしんMK-2
1,205,em-7499fb228620,にほりん,15,2898,3059,5,attack_buff,0.3345,0.4028,100,0,8,いいえ,にほりん / ヤマさんヤミーさん / ターヌムンゴネキ / 劇場版ＪＡＸＡイル / ハリウッドナナコ師匠
1,206,em-0984e8e9ee06,加賀のカブキ者,60,4430,6816,2,attack_buff,0.3345,0.3125,99,1,8,いいえ,加賀のカブキ者 / ペーチパイセン / 愛のぴよ子 / タミちゃんの火祭り / おこしんMK-2
1,207,em-4206205a0bb1,リュウ・ツカイ,60,5708,4515,2,attack_buff,0.3338,0.3264,99,1,8,いいえ,リュウ・ツカイ / ペーチパイセン / 愛のぴよ子 / タミちゃんの火祭り / おこしんMK-2
1,208,em-8cff13c7ab2a,ツボの中のウツボン,13,1917,1917,6,damage_reduction,0.3337,0.4514,95,5,8,いいえ,ツボの中のウツボン / ペーチパイセン / 花火戦隊サイガーRe / おこしんMK-2 / わっしょいミカ先生
1,209,em-bca7c94c15fe,ひろしマンＲ,10,1128,1128,2,heal,0.3336,0.4931,97,3,8,いいえ,ひろしマンＲ / ヤマさんヤミーさん / ターヌムンゴネキ / 愛のぴよ子 / 美才能♪かの子さん
1,210,em-7fdcbcbf0ae4,ももとふさん,12,1000,1200,3,heal,0.3334,0.4931,99,1,8,いいえ,ももとふさん / ヤマさんヤミーさん / ターヌムンゴネキ / 愛のぴよ子 / 美才能♪かの子さん
1,211,em-ae8585ed525d,一服のうっぴー,46,6475,3408,3,heal,0.333,0.3333,98,2,8,いいえ,一服のうっぴー / ペーチパイセン / トマティーナ少佐 / 聖☆いんてぃないか / 旧市街地の魔物
1,212,em-a8e1bfbd68cd,秋のタツタちゃん,80,10224,4771,4,multi_hit_attack,0.3329,0.2431,100,0,8,いいえ,秋のタツタちゃん / ウナギーヌくん / 愛のぴよ子 / 大森銀さん / ウシュか☆丸か
1,213,em-3738f743f200,復活！チワワんこ,8,1128,1269,3,heal,0.3327,0.4861,79,21,8,いいえ,復活！チワワんこ / トマティーナ少佐 / コンドアーズ / 劇場版ＪＡＸＡイル / わっしょいミカ先生
1,214,em-594f4648caff,金閣鹿苑大先生,7,1201,1201,4,revive,0.3325,0.4861,78,22,8,いいえ,金閣鹿苑大先生 / トマティーナ少佐 / コンドアーズ / 劇場版ＪＡＸＡイル / わっしょいミカ先生
1,215,em-2f3883a74098,jaック・ザ・ナイト,10,1408,1267,4,multi_hit_attack,0.3325,0.4861,97,3,8,いいえ,jaック・ザ・ナイト / ヤマさんヤミーさん / ターヌムンゴネキ / 愛のぴよ子 / 美才能♪かの子さん
1,216,em-378cec222ec5,熱ぅい！地獄雀,45,5964,3408,5,revive,0.3323,0.3403,97,3,8,いいえ,熱ぅい！地獄雀 / ペーチパイセン / トマティーナ少佐 / 聖☆いんてぃないか / 旧市街地の魔物
1,217,em-c08850a0aec0,いなば☆うわぁああ！,20,2579,3220,4,skill_reduction,0.332,0.4028,99,1,8,いいえ,いなば☆うわぁああ！ / アウス大先輩 / 巳ーちゃん / コンドアーズ / わっしょいミカ先生
1,218,em-d1a3ff650b2f,メテオ大好きっこ,26,4669,3229,0,attack_buff,0.332,0.3611,91,9,8,いいえ,メテオ大好きっこ / トマティーナ少佐 / アウス大先輩 / コンドアーズ / にほりん
1,219,em-67aa8e3ee215,川越料理長,17,1175,3655,4,attack_buff,0.3319,0.4167,100,0,8,いいえ,川越料理長 / 北間・クラリス嬢 / コンドアーズ / 財閥だ浅ちゃん！ / 美才能♪かの子さん
1,220,em-25fed9fde1ce,かっさーWoo！,16,1131,2403,4,attack_buff,0.3318,0.4444,100,0,8,いいえ,かっさーWoo！ / ペーチパイセン / アウス大先輩 / 財閥だ浅ちゃん！ / わっしょいミカ先生
1,221,em-065f680177c4,ﾍﾟﾀももたろす,17,3059,3059,2,attribute_change,0.3317,0.3958,100,0,8,いいえ,ﾍﾟﾀももたろす / 北間・クラリス嬢 / コンドアーズ / 財閥だ浅ちゃん！ / 美才能♪かの子さん
1,222,em-572c57cf5e18,湘南大水曜日ボーイ,28,2044,5623,4,attack_buff,0.3317,0.3681,97,3,8,いいえ,湘南大水曜日ボーイ / ヤマさんヤミーさん / トマティーナ少佐 / 愛のぴよ子 / 聖☆いんてぃないか
1,223,em-490281caead8,にくぁう羽子板・辰,36,3449,3449,0,attack_buff,0.3316,0.3819,97,3,8,いいえ,にくぁう羽子板・辰 / ヤマさんヤミーさん / 愛のぴよ子 / 聖☆いんてぃないか / おこしんMK-2
1,224,em-9667a89799b5,冬の双子姫,77,9628,4686,2,damage_reduction,0.3316,0.2568,99,1,8,いいえ,冬の双子姫 / ペーチパイセン / ウナギーヌくん / 愛のぴよ子 / 大森さん
1,225,em-52f594fdc52e,後楽園☆池田,43,5623,2896,1,attack_buff,0.3313,0.3472,93,7,8,いいえ,後楽園☆池田 / ペーチパイセン / トマティーナ少佐 / 愛のぴよ子 / 美才能♪かの子さん
1,226,em-039a051d72bb,伊万里の重畳,36,4260,3919,3,delay,0.3304,0.3542,95,5,8,いいえ,伊万里の重畳 / ヤマさんヤミーさん / コンドアーズ / 愛のぴよ子 / おこしんMK-2
1,227,em-85da0a137fe9,北間・クララさん,10,3561,629,1,heal,0.3302,0.4653,97,3,8,いいえ,北間・クララさん / ヤマさんヤミーさん / ターヌムンゴネキ / 愛のぴよ子 / 美才能♪かの子さん
1,228,em-c37c2a529421,ディワリのｱﾗｸｼｭﾐｰ,38,4771,3408,2,heal,0.3298,0.3542,97,3,8,いいえ,ディワリのｱﾗｸｼｭﾐｰ / ヤマさんヤミーさん / コンドアーズ / 愛のぴよ子 / おこしんMK-2
1,229,em-cdd7690ef318,京都コーラマン,59,5959,2800,4,damage_reduction,0.3298,0.3472,100,0,8,いいえ,京都コーラマン / ペーチパイセン / コンドアーズ / 愛のぴよ子 / おこしんMK-2
1,230,em-795ca1ffcb95,カム着火べあぱわー,12,664,2355,2,attack_buff,0.3297,0.4444,99,1,8,いいえ,カム着火べあぱわー / ヤマさんヤミーさん / ターヌムンゴネキ / 愛のぴよ子 / 美才能♪かの子さん
1,231,em-3151d77efe3f,チンチョーロさん,37,4805,4805,7,revive,0.3293,0.3333,96,4,8,いいえ,チンチョーロさん / ヤマさんヤミーさん / コンドアーズ / 愛のぴよ子 / おこしんMK-2
1,232,em-58dbb7bc9653,六点魔王ノッブ,58,3408,5964,3,multi_hit_attack,0.3292,0.3333,96,4,8,いいえ,六点魔王ノッブ / ペーチパイセン / コンドアーズ / 祭りだ浅ちゃん！ / ウシュか☆丸か
1,233,em-6e472849dc37,ほーい竜馬,12,1100,1100,3,attack_buff,0.3285,0.4861,99,1,8,いいえ,ほーい竜馬 / ヤマさんヤミーさん / ターヌムンゴネキ / 愛のぴよ子 / 美才能♪かの子さん
1,234,em-55828eea72b7,スーリヤ大先輩,48,5360,1951,2,aoe_attack,0.3285,0.375,99,1,8,いいえ,スーリヤ大先輩 / ペーチパイセン / コンドアーズ / 愛のぴよ子 / 美才能♪かの子さん
1,235,em-3e7e7e54a83d,妖精女王ミカーンニア,45,3408,4771,2,skill_reduction,0.3281,0.3542,98,2,8,いいえ,妖精女王ミカーンニア / ペーチパイセン / 愛のぴよ子 / 聖☆いんてぃないか / 美才能♪かの子さん
1,236,em-dbd545e946e6,嫁劇！くーにゃん,40,2556,6816,4,attack_buff,0.3278,0.3333,98,2,8,いいえ,嫁劇！くーにゃん / ヤマさんヤミーさん / トマティーナ少佐 / 愛のぴよ子 / おこしんMK-2
1,237,em-b2d6a846bb36,哀哭のオオウミガラス,75,9713,4941,2,damage_reduction,0.3278,0.25,99,1,8,いいえ,哀哭のオオウミガラス / ペーチパイセン / 愛のぴよ子 / 大森銀さん / 大森さん
1,238,em-10b41d0249c9,ホタル,40,4396,5163,1,attribute_change,0.3276,0.3194,86,14,8,いいえ,ホタル / トマティーナ少佐 / コンドアーズ / おこしんMK-2 / ウシュか☆丸か
1,239,em-8d98226e5962,玉稜の首領・たまうー,29,3067,4260,4,delay,0.3275,0.375,94,6,8,いいえ,玉稜の首領・たまうー / トマティーナ少佐 / アウス大先輩 / コンドアーズ / にほりん
1,240,em-3e2d46063b3e,なっとくん様,70,8026,4618,1,skill_reduction,0.3272,0.2778,99,1,8,いいえ,なっとくん様 / ペーチパイセン / 愛のぴよ子 / おこしんMK-2 / ハリウッドナナコ師匠
1,241,em-773b001a1189,おづぬ様,60,4260,6816,5,attack_buff,0.3271,0.2917,100,0,8,いいえ,おづぬ様 / アウス大先輩 / 愛のぴよ子 / ブラジリアン首都術 / 旧市街地の魔物
1,242,em-980bac842ec7,ウシュか☆丸か,5,1410,1404,10,revive,0.327,0.4653,100,0,8,いいえ,ウシュか☆丸か / ヤマさんヤミーさん / ターヌムンゴネキ / タミちゃんの火祭り / 美才能♪かの子さん
1,243,em-7a57f923ab2c,ありえんキャット様,61,6069,5622,1,attribute_change,0.3262,0.2917,100,0,8,いいえ,ありえんキャット様 / ペーチパイセン / 愛のぴよ子 / タミちゃんの火祭り / おこしんMK-2
1,244,em-f5955c15b029,ばんば新年2026,60,7668,3438,1,attack_buff,0.3261,0.3056,100,0,8,いいえ,ばんば新年2026 / ペーチパイセン / トマティーナ少佐 / 愛のぴよ子 / おこしんMK-2
1,245,em-e0dcffe4d5d0,大魔神！せいタン降臨,44,2044,6305,4,attack_buff,0.3258,0.3472,97,3,8,いいえ,大魔神！せいタン降臨 / ペーチパイセン / 愛のぴよ子 / 聖☆いんてぃないか / 美才能♪かの子さん
1,246,em-2998c94ac8cc,ギガ☆キプちゃん,28,1874,1874,4,multi_hit_attack,0.3256,0.4444,92,8,8,いいえ,ギガ☆キプちゃん / ペーチパイセン / コンドアーズ / 劇場版ＪＡＸＡイル / わっしょいミカ先生
1,247,em-681c8662f2b6,まさか殿(ｼﾞｬｰｼﾞ),55,6475,3748,6,delay,0.3253,0.3125,96,4,8,いいえ,まさか殿(ｼﾞｬｰｼﾞ) / ペーチパイセン / コンドアーズ / 愛のぴよ子 / おこしんMK-2
1,248,em-09abce425d92,超悦者・有砂小町,60,5453,5453,5,attribute_change,0.3253,0.2986,99,1,8,いいえ,超悦者・有砂小町 / ペーチパイセン / 愛のぴよ子 / タミちゃんの火祭り / おこしんMK-2
1,249,em-a5d6506eec58,瓜だね女中,15,3220,1610,4,heal,0.3248,0.4236,99,1,8,いいえ,瓜だね女中 / ペーチパイセン / 花火戦隊サイガーRe / タミちゃんの火祭り / にほりん
1,250,em-062228a8b4d2,キャニオン雄大,25,2737,2737,5,attack_buff,0.3247,0.4028,89,11,8,いいえ,キャニオン雄大 / ペーチパイセン / アウス大先輩 / 劇場版ＪＡＸＡイル / わっしょいミカ先生
1,251,em-cd0a21cda0bb,タキシラ師匠,6,1861,733,0,heal,0.3244,0.4792,77,23,8,いいえ,タキシラ師匠 / トマティーナ少佐 / コンドアーズ / 劇場版ＪＡＸＡイル / わっしょいミカ先生
1,252,em-48a7e7dd243f,鮫男子・ニタりん,60,4601,7157,3,multi_hit_attack,0.3244,0.2847,99,1,8,いいえ,鮫男子・ニタりん / ペーチパイセン / 愛のぴよ子 / タミちゃんの火祭り / 旧市街地の魔物
1,253,em-ef6acbb9fe3a,ﾌｫﾆｰ・ぴよ・ｶﾞｰﾙｽﾞY,25,3703,1771,4,attribute_change,0.3243,0.4167,89,11,8,いいえ,ﾌｫﾆｰ・ぴよ・ｶﾞｰﾙｽﾞY / ペーチパイセン / アウス大先輩 / 劇場版ＪＡＸＡイル / わっしょいミカ先生
1,254,em-1a3ab3b1acf7,聖☆いんてぃないか,19,2817,2334,4,aoe_attack,0.324,0.4028,92,8,8,いいえ,聖☆いんてぃないか / トマティーナ少佐 / 巳ーちゃん / コンドアーズ / にほりん
1,255,em-6ff1562355a9,ファジル先生,12,2256,1128,2,multi_hit_attack,0.3234,0.4653,99,1,8,いいえ,ファジル先生 / ヤマさんヤミーさん / ターヌムンゴネキ / 愛のぴよ子 / 美才能♪かの子さん
1,256,em-8765daafca7a,トマティーナ中佐,40,3748,2130,2,multi_hit_attack,0.3234,0.3889,99,1,8,いいえ,トマティーナ中佐 / ヤマさんヤミーさん / コンドアーズ / 愛のぴよ子 / おこしんMK-2
1,257,em-9d511711422e,禍殃☆ももとふ姫,17,2737,3059,3,heal,0.3234,0.3889,100,0,8,いいえ,禍殃☆ももとふ姫 / 北間・クラリス嬢 / コンドアーズ / 財閥だ浅ちゃん！ / 美才能♪かの子さん
1,258,em-f3091896bc28,腹話フック,15,1610,3220,4,multi_hit_attack,0.3233,0.4097,94,6,8,いいえ,腹話フック / ペーチパイセン / アウス大先輩 / 財閥だ浅ちゃん！ / にほりん
1,259,em-983cb2f685ee,再びニートだ浅ちゃん,40,2044,6816,2,attack_buff,0.3232,0.3333,98,2,8,いいえ,再びニートだ浅ちゃん / ヤマさんヤミーさん / トマティーナ少佐 / 愛のぴよ子 / おこしんMK-2
1,260,em-3c2628783368,すまぁとヤスマサニキ,50,4260,5623,2,attack_buff,0.3231,0.3194,100,0,8,いいえ,すまぁとヤスマサニキ / トマティーナ少佐 / 愛のぴよ子 / 聖☆いんてぃないか / 旧市街地の魔物
1,261,em-f88796a335ca,勇者オトシゴ,12,1324,1703,5,damage_reduction,0.3228,0.4514,100,0,8,いいえ,勇者オトシゴ / トマティーナ少佐 / 愛のぴよ子 / 花火戦隊サイガーRe / わっしょいミカ先生
1,262,em-2c691fe63d0d,ブッシュドノエルん,38,3652,5354,2,attack_buff,0.3228,0.3403,99,1,8,いいえ,ブッシュドノエルん / ヤマさんヤミーさん / 愛のぴよ子 / 聖☆いんてぃないか / おこしんMK-2
1,263,em-f3861e35df6f,暗黒王まはーかーらん,47,3731,3926,4,delay,0.3227,0.3542,99,1,8,いいえ,暗黒王まはーかーらん / ペーチパイセン / トマティーナ少佐 / 聖☆いんてぃないか / 旧市街地の魔物
1,264,em-40350463a9fa,ハンドさんは泳がない,27,2044,3578,3,damage_reduction,0.3224,0.3889,95,5,8,いいえ,ハンドさんは泳がない / トマティーナ少佐 / 巳ーちゃん / 愛のぴよ子 / わっしょいミカ先生
1,265,em-e4f94dd73b29,あっしゅTHEﾗｯﾊﾟｰ,12,1500,700,5,attribute_guard,0.3218,0.4861,99,1,8,いいえ,あっしゅTHEﾗｯﾊﾟｰ / ヤマさんヤミーさん / ターヌムンゴネキ / 愛のぴよ子 / 美才能♪かの子さん
1,266,em-a20c59ca87c1,Let's☆ハチ公,33,6560,1448,5,delay,0.3218,0.3542,98,2,8,いいえ,Let's☆ハチ公 / ヤマさんヤミーさん / トマティーナ少佐 / 愛のぴよ子 / にほりん
1,267,em-8680261975a6,キタマクラさん,10,3166,558,1,heal,0.3214,0.4653,97,3,8,いいえ,キタマクラさん / ヤマさんヤミーさん / ターヌムンゴネキ / 愛のぴよ子 / 美才能♪かの子さん
1,268,em-2325681e1b59,BON JOVE,24,3220,3220,5,aoe_attack,0.3213,0.375,89,11,8,いいえ,BON JOVE / ペーチパイセン / アウス大先輩 / 聖☆いんてぃないか / わっしょいミカ先生
1,269,em-35e37020b193,æッシュちゃん,17,3542,2254,5,attribute_guard,0.3211,0.3819,100,0,8,いいえ,æッシュちゃん / 北間・クラリス嬢 / コンドアーズ / 財閥だ浅ちゃん！ / 美才能♪かの子さん
1,270,em-0b273c3da2d3,ぴぐぺん＆びぐべん,12,700,900,2,attack_buff,0.321,0.4861,99,1,8,いいえ,ぴぐぺん＆びぐべん / ヤマさんヤミーさん / ターヌムンゴネキ / 愛のぴよ子 / 美才能♪かの子さん
1,271,em-7b3f53eed84e,?????,14,1380,2675,4,attack_buff,0.3207,0.4167,91,9,8,いいえ,????? / アウス大先輩 / 巳ーちゃん / タミちゃんの火祭り / わっしょいミカ先生
1,272,em-4c03ad40dce9,源のゴライコー,75,7923,6390,4,attack_buff,0.3206,0.2292,99,1,8,いいえ,源のゴライコー / ペーチパイセン / ウナギーヌくん / 愛のぴよ子 / ウシュか☆丸か
1,273,em-9ec6297ea6ca,バスてとにゃん,38,4260,4771,3,attack_buff,0.3205,0.3333,98,2,8,いいえ,バスてとにゃん / ヤマさんヤミーさん / コンドアーズ / おこしんMK-2 / ブラジリアン首都術
1,274,em-3ba3c1cd24cc,P.O☆うるっしー,25,3220,1449,4,guard,0.3201,0.4306,100,0,8,いいえ,P.O☆うるっしー / ターヌムンゴネキ / コンドアーズ / おこしんMK-2 / にほりん
1,275,em-628e695d4365,カクラム先生,16,2256,2397,4,multi_hit_attack,0.32,0.4097,100,0,8,いいえ,カクラム先生 / ペーチパイセン / 花火戦隊サイガーRe / タミちゃんの火祭り / にほりん
1,276,em-8d766096773e,おんじとゆかいな子供達,36,5316,1704,1,damage_reduction,0.32,0.3611,95,5,8,いいえ,おんじとゆかいな子供達 / ヤマさんヤミーさん / コンドアーズ / 愛のぴよ子 / おこしんMK-2
1,277,em-9d7275c7d84e,ハンドさんの匍匐前進,27,1840,3220,3,damage_reduction,0.3199,0.4028,89,11,8,いいえ,ハンドさんの匍匐前進 / トマティーナ少佐 / 愛のぴよ子 / 聖☆いんてぃないか / わっしょいミカ先生
1,278,em-95a008b67c52,権現くまのたん,22,1030,4234,2,attack_buff,0.3197,0.3889,87,13,8,いいえ,権現くまのたん / ペーチパイセン / アウス大先輩 / 聖☆いんてぃないか / わっしょいミカ先生
1,279,em-68e23b3f15d7,あっぴーの外出,15,1610,3500,3,attack_buff,0.3196,0.3958,100,0,8,いいえ,あっぴーの外出 / ヤマさんヤミーさん / ターヌムンゴネキ / 劇場版ＪＡＸＡイル / ハリウッドナナコ師匠
1,280,em-57768559e8b8,旋律！タコ幼女,39,1533,4601,5,heal,0.3196,0.375,98,2,8,いいえ,旋律！タコ幼女 / ヤマさんヤミーさん / コンドアーズ / 愛のぴよ子 / おこしんMK-2
1,281,em-d9f30734dd50,草カロ花子,7,1159,1244,5,heal,0.3195,0.4653,78,22,8,いいえ,草カロ花子 / トマティーナ少佐 / コンドアーズ / 劇場版ＪＡＸＡイル / わっしょいミカ先生
1,282,em-252e0359c5e1,巳ーちゃん,25,3451,2599,3,multi_hit_attack,0.3195,0.3889,89,11,8,いいえ,巳ーちゃん / ペーチパイセン / アウス大先輩 / 劇場版ＪＡＸＡイル / わっしょいミカ先生
1,283,em-f4025e805468,best of 長田さん,50,3500,7000,1,attribute_change,0.3194,0.2986,99,1,8,いいえ,best of 長田さん / ペーチパイセン / 愛のぴよ子 / タミちゃんの火祭り / 美才能♪かの子さん
1,284,em-22dd126a0f3a,どーん竜馬,17,2898,2898,3,attack_buff,0.3189,0.3819,100,0,8,いいえ,どーん竜馬 / 北間・クラリス嬢 / コンドアーズ / 財閥だ浅ちゃん！ / 美才能♪かの子さん
1,285,em-2905dc6523ff,都会の貴腐人,44,6475,2811,6,revive,0.3189,0.3264,96,4,8,いいえ,都会の貴腐人 / ペーチパイセン / トマティーナ少佐 / 聖☆いんてぃないか / 旧市街地の魔物
1,286,em-ead779b4526c,乗っとるダム制度君,8,2115,535,2,revive,0.3185,0.4861,79,21,8,いいえ,乗っとるダム制度君 / トマティーナ少佐 / コンドアーズ / 劇場版ＪＡＸＡイル / わっしょいミカ先生
1,287,em-79b4540e0f7f,ヤック(中の人),16,2176,2418,4,multi_hit_attack,0.3184,0.4167,100,0,8,いいえ,ヤック(中の人) / ペーチパイセン / 花火戦隊サイガーRe / タミちゃんの火祭り / にほりん
1,288,em-5a047ed41d97,KJの少女Hi児,48,4941,3919,5,multi_hit_attack,0.3184,0.3264,98,2,8,いいえ,KJの少女Hi児 / ヤマさんヤミーさん / 愛のぴよ子 / おこしんMK-2 / ブラジリアン首都術
1,289,em-3dc0af65e330,ランたんちゃん,43,3425,5295,2,attribute_change,0.3182,0.3333,100,0,8,いいえ,ランたんちゃん / ヤマさんヤミーさん / 愛のぴよ子 / タミちゃんの火祭り / おこしんMK-2
1,290,em-684248c89e03,ストックレー帝,22,3013,3181,0,attribute_change,0.3179,0.375,87,13,8,いいえ,ストックレー帝 / ペーチパイセン / アウス大先輩 / 聖☆いんてぃないか / わっしょいミカ先生
1,291,em-1ec49f290f1e,ʌっぴーちゃん,8,1762,634,2,heal,0.3177,0.4861,79,21,8,いいえ,ʌっぴーちゃん / トマティーナ少佐 / コンドアーズ / 劇場版ＪＡＸＡイル / わっしょいミカ先生
1,292,em-7e4426102b17,タンジャンじゃん,22,3139,3139,3,revive,0.3177,0.375,87,13,8,いいえ,タンジャンじゃん / ペーチパイセン / アウス大先輩 / 聖☆いんてぃないか / わっしょいミカ先生
1,293,em-361f82120d03,オイボくん,40,6645,2556,2,attack_buff,0.3177,0.3403,100,0,8,いいえ,オイボくん / 北間・クラリス嬢 / コンドアーズ / タミちゃんの火祭り / 美才能♪かの子さん
1,294,em-3b47fb031e0a,上京！世界師匠,36,1704,4260,4,multi_hit_attack,0.3174,0.375,95,5,8,いいえ,上京！世界師匠 / ヤマさんヤミーさん / コンドアーズ / 愛のぴよ子 / おこしんMK-2
1,295,em-5c46e7a79c7f,ギャルド・スイス先輩,45,3408,5453,4,multi_hit_attack,0.3173,0.3264,96,4,8,いいえ,ギャルド・スイス先輩 / ペーチパイセン / コンドアーズ / 愛のぴよ子 / 美才能♪かの子さん
1,296,em-eb57ed2cb1f2,ペパりんズクッキング,60,6305,3237,3,delay,0.3173,0.3194,100,0,8,いいえ,ペパりんズクッキング / ペーチパイセン / トマティーナ少佐 / 愛のぴよ子 / 旧市街地の魔物
1,297,em-80d193bc7d7f,あ、シュールさんだ。,43,3408,5112,6,revive,0.3171,0.3333,96,4,8,いいえ,あ、シュールさんだ。 / ペーチパイセン / 愛のぴよ子 / 聖☆いんてぃないか / 美才能♪かの子さん
1,298,em-32ef1535a66a,ハバキたん,60,6816,4260,3,damage_reduction,0.3171,0.2986,100,0,8,いいえ,ハバキたん / ペーチパイセン / トマティーナ少佐 / 愛のぴよ子 / 旧市街地の魔物
1,299,em-68c38b69771b,ぱんつぁーぴよ子,28,4412,3287,1,attribute_guard,0.317,0.3542,93,7,8,いいえ,ぱんつぁーぴよ子 / トマティーナ少佐 / アウス大先輩 / コンドアーズ / にほりん
1,300,em-587d1ec0e30f,偉人さんトーマスん,14,1359,2038,2,attribute_change,0.3169,0.4306,91,9,8,いいえ,偉人さんトーマスん / アウス大先輩 / 巳ーちゃん / タミちゃんの火祭り / わっしょいミカ先生
1,301,em-45dad5139056,ベギン改・修道女,37,4565,4467,4,revive,0.3168,0.3264,96,4,8,いいえ,ベギン改・修道女 / ヤマさんヤミーさん / コンドアーズ / 愛のぴよ子 / おこしんMK-2
1,302,em-8cd856412a10,にくぁうぅぅぅぅぅ！,17,1355,3638,4,attack_buff,0.3165,0.3889,100,0,8,いいえ,にくぁうぅぅぅぅぅ！ / 北間・クラリス嬢 / コンドアーズ / 財閥だ浅ちゃん！ / 美才能♪かの子さん
1,303,em-36ce9827163b,検非違使なけいび氏,28,6024,878,2,heal,0.3164,0.3958,93,7,8,いいえ,検非違使なけいび氏 / トマティーナ少佐 / アウス大先輩 / コンドアーズ / にほりん
1,304,em-682cda3863fb,脱力コンビあろま＆るる,48,3067,5623,2,skill_reduction,0.3162,0.3264,100,0,8,いいえ,脱力コンビあろま＆るる / ペーチパイセン / 愛のぴよ子 / 劇場版ＪＡＸＡイル / 美才能♪かの子さん
1,305,em-bf54cef3c3e9,タツノコくん,12,1058,1362,5,damage_reduction,0.3155,0.4514,100,0,8,いいえ,タツノコくん / トマティーナ少佐 / 愛のぴよ子 / 花火戦隊サイガーRe / わっしょいミカ先生
1,306,em-0af21062aa7c,ｻﾗﾏﾝﾀﾞｰ祝High気分,30,2898,2817,6,skill_reduction,0.3155,0.375,95,5,8,いいえ,ｻﾗﾏﾝﾀﾞｰ祝High気分 / トマティーナ少佐 / アウス大先輩 / コンドアーズ / にほりん
1,307,em-8038935d7100,竜宮の翁,38,4771,3748,2,attack_buff,0.3155,0.3264,95,5,8,いいえ,竜宮の翁 / ヤマさんヤミーさん / コンドアーズ / おこしんMK-2 / ウシュか☆丸か
1,308,em-a91beec21e3d,やよいチゥりっぷ☆神,13,2957,563,2,attribute_change,0.3152,0.4653,100,0,8,いいえ,やよいチゥりっぷ☆神 / ヤマさんヤミーさん / ターヌムンゴネキ / 愛のぴよ子 / 美才能♪かの子さん
1,309,em-0a34a4b839d5,堕落勇者オトシゴ,60,4732,5111,8,damage_reduction,0.3152,0.3056,98,2,8,いいえ,堕落勇者オトシゴ / ペーチパイセン / トマティーナ少佐 / 旧市街地の魔物 / ウシュか☆丸か
1,310,em-2c5d06641a28,ジャックレムリン,55,7497,3748,7,aoe_attack,0.3152,0.2907,95,5,8,いいえ,ジャックレムリン / ペーチパイセン / トマティーナ少佐 / 愛のぴよ子 / 旧市街地の魔物
1,311,em-076deec8d0c8,羊蟹☆こ祝いくん,24,2093,2737,3,delay,0.315,0.4097,89,11,8,いいえ,羊蟹☆こ祝いくん / ペーチパイセン / アウス大先輩 / 聖☆いんてぃないか / わっしょいミカ先生
1,312,em-c89260e1ef3b,曲芸師・ブンブク,60,6305,2996,4,revive,0.3149,0.3194,100,0,8,いいえ,曲芸師・ブンブク / ペーチパイセン / トマティーナ少佐 / 愛のぴよ子 / 旧市街地の魔物
1,313,em-2d3e693a8406,ツキマシモン,35,3919,1704,2,attack_buff,0.3146,0.3958,100,0,8,いいえ,ツキマシモン / ヤマさんヤミーさん / トマティーナ少佐 / 愛のぴよ子 / にほりん
1,314,em-c46238c7c677,ケラ,70,3067,7157,3,attack_buff,0.3144,0.2986,100,0,8,いいえ,ケラ / 乗っとるダム制度君 / 愛のぴよ子 / 祭りだ浅ちゃん！ / おこしんMK-2
1,315,em-05476daa6b31,だんじり鉄砲隊,26,805,3599,4,attack_buff,0.3142,0.3958,91,9,8,いいえ,だんじり鉄砲隊 / トマティーナ少佐 / アウス大先輩 / コンドアーズ / にほりん
1,316,em-7d756ba8373e,謹賀新年のびゃこ,47,2300,6219,4,attack_buff,0.3142,0.3333,100,0,8,いいえ,謹賀新年のびゃこ / ペーチパイセン / 愛のぴよ子 / 聖☆いんてぃないか / 美才能♪かの子さん
1,317,em-b90efc9e636b,婆娑羅でどーよ,18,1046,4105,4,attack_buff,0.3141,0.3889,93,7,10,はい,婆娑羅でどーよ / ペーチパイセン / 覚醒けいび / タミちゃんの火祭り / Ｈ・Ｆ・ウーマン
1,318,em-6722337c6d78,雨降る倉敷のみかん姐,15,2718,1963,4,aoe_attack,0.3138,0.3958,98,2,8,いいえ,雨降る倉敷のみかん姐 / 北間・クラリス嬢 / コンドアーズ / 財閥だ浅ちゃん！ / 美才能♪かの子さん
1,319,em-cf3fd175f595,プチさんグロさん,27,2807,2895,2,aoe_attack,0.3138,0.3889,92,8,8,いいえ,プチさんグロさん / トマティーナ少佐 / アウス大先輩 / コンドアーズ / にほりん
1,320,em-a9738b409d24,カジランガ守り隊員,45,7668,1533,2,attack_buff,0.3137,0.3472,95,5,8,いいえ,カジランガ守り隊員 / ペーチパイセン / トマティーナ少佐 / 愛のぴよ子 / 美才能♪かの子さん
1,321,em-40bd3b1e44fa,五月病の悪魔の契約,55,4123,4226,4,aoe_attack,0.3136,0.3264,98,2,8,いいえ,五月病の悪魔の契約 / ペーチパイセン / 愛のぴよ子 / 聖☆いんてぃないか / 旧市街地の魔物
1,322,em-41b8799b7505,まおーちゃん,50,3748,4941,3,revive,0.3135,0.3264,100,0,8,いいえ,まおーちゃん / ヤマさんヤミーさん / 愛のぴよ子 / ブラジリアン首都術 / おこしんMK-2
1,323,em-bc514db974f0,化石人骨ルーシー,23,3783,2173,3,revive,0.3134,0.3819,87,13,8,いいえ,化石人骨ルーシー / ペーチパイセン / トマティーナ少佐 / 聖☆いんてぃないか / わっしょいミカ先生
1,324,em-ebd6f9bf2bee,中野華蓮(日本人),17,1516,3638,4,attack_buff,0.3131,0.3819,100,0,8,いいえ,中野華蓮(日本人) / 北間・クラリス嬢 / コンドアーズ / 財閥だ浅ちゃん！ / 美才能♪かの子さん
1,325,em-40f4824b1c65,芋煮千十郎,9,1901,502,4,multi_hit_attack,0.313,0.4861,80,20,8,いいえ,芋煮千十郎 / トマティーナ少佐 / コンドアーズ / 劇場版ＪＡＸＡイル / わっしょいミカ先生
1,326,em-c5e484c5d286,マウント取瑠代,31,6076,1850,3,revive,0.3128,0.3611,96,4,8,いいえ,マウント取瑠代 / アウス大先輩 / 巳ーちゃん / おこしんMK-2 / にほりん
1,327,em-89a1a863b8a0,ベファーナさん二千歳,46,7200,1874,1,multi_hit_attack,0.3128,0.3403,97,3,8,いいえ,ベファーナさん二千歳 / ペーチパイセン / コンドアーズ / 愛のぴよ子 / 美才能♪かの子さん
1,328,em-4e3940289203,スーパー軍師兵衛ズ,60,7838,2385,3,skill_reduction,0.3126,0.2986,99,1,8,いいえ,スーパー軍師兵衛ズ / ペーチパイセン / 愛のぴよ子 / タミちゃんの火祭り / 旧市街地の魔物
1,329,em-eeba5b4dcba6,カニパンだっ！,23,2737,2415,2,guard,0.3124,0.4028,87,13,8,いいえ,カニパンだっ！ / ペーチパイセン / トマティーナ少佐 / 聖☆いんてぃないか / わっしょいミカ先生
1,330,em-d0639c20e6b1,ユーコ☆宇宙,24,4260,2556,4,revive,0.3124,0.3611,89,11,8,いいえ,ユーコ☆宇宙 / ペーチパイセン / アウス大先輩 / 聖☆いんてぃないか / わっしょいミカ先生
1,331,em-1e8ec25622df,切間・ンジャロさん,39,5871,3442,4,skill_reduction,0.312,0.3125,98,2,8,いいえ,切間・ンジャロさん / ヤマさんヤミーさん / コンドアーズ / 愛のぴよ子 / おこしんMK-2
1,332,em-67859050336b,マジ☆マシニッさん,36,4089,4430,6,multi_hit_attack,0.3118,0.3264,95,5,8,いいえ,マジ☆マシニッさん / ヤマさんヤミーさん / コンドアーズ / 愛のぴよ子 / おこしんMK-2
1,333,em-21f078527946,マノすん博士,40,4771,3408,7,delay,0.3118,0.3264,99,1,8,いいえ,マノすん博士 / ヤマさんヤミーさん / コンドアーズ / 愛のぴよ子 / おこしんMK-2
1,334,em-bffb26ad3975,アイヌ☆らっくるん,60,2896,6645,2,attack_buff,0.3118,0.3056,99,1,8,いいえ,アイヌ☆らっくるん / ペーチパイセン / 愛のぴよ子 / タミちゃんの火祭り / おこしんMK-2
1,335,em-42b503c8643c,姉上と青コリくん,48,3322,3322,0,damage_reduction,0.3114,0.3542,100,0,8,いいえ,姉上と青コリくん / ペーチパイセン / 愛のぴよ子 / 劇場版ＪＡＸＡイル / 美才能♪かの子さん
1,336,em-8a9a0a93b442,メジーナ,15,2415,2415,6,attack_buff,0.3112,0.3958,100,0,8,いいえ,メジーナ / ヤマさんヤミーさん / ターヌムンゴネキ / 劇場版ＪＡＸＡイル / ハリウッドナナコ師匠
1,337,em-6aaeda4f2f3a,ギガキプ☆アガッシイ,35,2726,2726,4,multi_hit_attack,0.3111,0.3819,100,0,8,いいえ,ギガキプ☆アガッシイ / ヤマさんヤミーさん / トマティーナ少佐 / 愛のぴよ子 / にほりん
1,338,em-ad82a61bcc2a,ｺﾄﾖﾛ!巳ーちゃん様,55,6901,3451,4,damage_reduction,0.311,0.2917,95,5,8,いいえ,ｺﾄﾖﾛ!巳ーちゃん様 / ペーチパイセン / トマティーナ少佐 / 愛のぴよ子 / 旧市街地の魔物
1,339,em-4dc27428f645,よりりんＫ林スタイル,24,2576,2576,2,attribute_change,0.3107,0.3819,89,11,8,いいえ,よりりんＫ林スタイル / ペーチパイセン / アウス大先輩 / 聖☆いんてぃないか / わっしょいミカ先生
1,340,em-bb22778026f9,吸血さん,43,6645,2839,1,attribute_guard,0.3105,0.3056,93,7,8,いいえ,吸血さん / ペーチパイセン / トマティーナ少佐 / 愛のぴよ子 / 美才能♪かの子さん
1,341,em-b27009a57b71,架けろきしわだっしー,49,1559,6672,3,attack_buff,0.3103,0.3333,98,2,8,いいえ,架けろきしわだっしー / ペーチパイセン / 愛のぴよ子 / タミちゃんの火祭り / 美才能♪かの子さん
1,342,em-748c1a866dbc,Hey Yeah 清盛,75,11417,2896,3,guard,0.3099,0.2431,98,2,8,いいえ,Hey Yeah 清盛 / ウナギーヌくん / 愛のぴよ子 / おこしんMK-2 / ウシュか☆丸か
1,343,em-5e492c884ca0,三貴子素戔嗚,75,8946,6475,5,multi_hit_attack,0.3098,0.2014,99,1,8,いいえ,三貴子素戔嗚 / ペーチパイセン / 愛のぴよ子 / 大森銀さん / 大森さん
1,344,em-405f3e1dc3af,べるりん★最高潮,45,5367,3663,6,attribute_guard,0.3097,0.3125,98,2,8,いいえ,べるりん★最高潮 / ペーチパイセン / 愛のぴよ子 / 聖☆いんてぃないか / 美才能♪かの子さん
1,345,em-14092b64f08d,コハク糖の魔導師,46,4379,5367,3,attribute_change,0.3097,0.3056,96,4,8,いいえ,コハク糖の魔導師 / ヤマさんヤミーさん / 愛のぴよ子 / ブラジリアン首都術 / おこしんMK-2
1,346,em-39011821f965,さるぼぼぼぼ～ん,12,800,1000,4,aoe_attack,0.3095,0.4722,99,1,8,いいえ,さるぼぼぼぼ～ん / ヤマさんヤミーさん / ターヌムンゴネキ / 愛のぴよ子 / 美才能♪かの子さん
1,347,em-4d47f8a702ed,モヘン女ダロぉ,47,3374,6202,1,damage_reduction,0.3092,0.2986,99,1,8,いいえ,モヘン女ダロぉ / ペーチパイセン / トマティーナ少佐 / 聖☆いんてぃないか / 旧市街地の魔物
1,348,em-039b9996f6f0,おろろセット先輩,45,1363,5623,5,delay,0.3091,0.3472,98,2,8,いいえ,おろろセット先輩 / ペーチパイセン / 愛のぴよ子 / 聖☆いんてぃないか / 美才能♪かの子さん
1,349,em-f2a813466bbe,The★Youなリバ子,50,5770,3113,0,heal,0.3086,0.3125,99,1,8,いいえ,The★Youなリバ子 / ペーチパイセン / 愛のぴよ子 / タミちゃんの火祭り / 美才能♪かの子さん
1,350,em-b6adaf9bf556,こうせえっつう女中,17,805,2898,0,attack_buff,0.3085,0.3958,100,0,8,いいえ,こうせえっつう女中 / 北間・クラリス嬢 / コンドアーズ / 財閥だ浅ちゃん！ / 美才能♪かの子さん
1,351,em-3a0ce37a12ff,おこしんMK-2,8,1510,2265,4,multi_hit_attack,0.3082,0.4028,92,8,8,いいえ,おこしんMK-2 / ペーチパイセン / 花火戦隊サイガーRe / タミちゃんの火祭り / にほりん
1,352,em-81078d011501,年齢不詳！エンゼル様,22,2215,3237,3,heal,0.308,0.375,87,13,8,いいえ,年齢不詳！エンゼル様 / ペーチパイセン / アウス大先輩 / 聖☆いんてぃないか / わっしょいミカ先生
1,353,em-b9b869c15b9f,ルリマダラー,15,3786,378,2,attribute_guard,0.3077,0.4444,86,14,8,いいえ,ルリマダラー / アウス大先輩 / トマティーナ少佐 / 劇場版ＪＡＸＡイル / わっしょいミカ先生
1,354,em-4e9bf489ecd9,怒りのマッキニキ,14,2416,1359,3,damage_reduction,0.3075,0.4236,98,2,8,いいえ,怒りのマッキニキ / ペーチパイセン / 花火戦隊サイガーRe / タミちゃんの火祭り / にほりん
1,355,em-aae4f48cb489,もん親方,28,3748,3748,2,attribute_guard,0.3074,0.3333,93,7,8,いいえ,もん親方 / トマティーナ少佐 / アウス大先輩 / コンドアーズ / にほりん
1,356,em-bdf5b4886e9a,シーホーすん,12,1191,1532,5,damage_reduction,0.3072,0.4306,100,0,8,いいえ,シーホーすん / トマティーナ少佐 / 愛のぴよ子 / 花火戦隊サイガーRe / わっしょいミカ先生
1,357,em-090474161194,オム・オクト・パッス,12,888,900,5,heal,0.307,0.4722,99,1,8,いいえ,オム・オクト・パッス / ヤマさんヤミーさん / ターヌムンゴネキ / 愛のぴよ子 / 美才能♪かの子さん
1,358,em-267a29792afd,ウーミン,33,2249,2658,5,skill_reduction,0.307,0.3819,98,2,8,いいえ,ウーミン / ヤマさんヤミーさん / トマティーナ少佐 / 愛のぴよ子 / にほりん
1,359,em-ab5422bc92f7,猫キャットマンジョン,7,493,1762,1,heal,0.3067,0.4375,78,22,8,いいえ,猫キャットマンジョン / トマティーナ少佐 / コンドアーズ / 劇場版ＪＡＸＡイル / わっしょいミカ先生
1,360,em-9960799ef9aa,ににぎのミコト,35,4941,3748,5,attack_buff,0.3067,0.3125,99,1,8,いいえ,ににぎのミコト / ヤマさんヤミーさん / コンドアーズ / タミちゃんの火祭り / ハリウッドナナコ師匠
1,361,em-6dcd90bb7df5,花めく☆まつやマン,24,4669,2173,1,heal,0.3066,0.3681,89,11,8,いいえ,花めく☆まつやマン / ペーチパイセン / アウス大先輩 / 聖☆いんてぃないか / わっしょいミカ先生
1,362,em-b1988954d3bc,織田フィナーレ,50,2556,5964,5,multi_hit_attack,0.3063,0.3125,99,1,8,いいえ,織田フィナーレ / ペーチパイセン / 愛のぴよ子 / タミちゃんの火祭り / 美才能♪かの子さん
1,363,em-b34fc14eb133,ピカリャーは眠らない,10,800,1000,5,multi_hit_attack,0.3061,0.4653,97,3,8,いいえ,ピカリャーは眠らない / ヤマさんヤミーさん / ターヌムンゴネキ / 愛のぴよ子 / 美才能♪かの子さん
1,364,em-6d1e4c915f30,チートモードな楽趣味さん,48,5964,1278,1,multi_hit_attack,0.3057,0.3542,99,1,8,いいえ,チートモードな楽趣味さん / ペーチパイセン / コンドアーズ / 愛のぴよ子 / 美才能♪かの子さん
1,365,em-de36aab296aa,月下皇帝ランたん様,50,3150,5367,3,revive,0.3057,0.3125,100,0,8,いいえ,月下皇帝ランたん様 / ヤマさんヤミーさん / 愛のぴよ子 / ブラジリアン首都術 / おこしんMK-2
1,366,em-a81a753351d9,戸定梨香,28,3216,3534,4,revive,0.3056,0.3472,93,7,8,いいえ,戸定梨香 / トマティーナ少佐 / アウス大先輩 / コンドアーズ / にほりん
1,367,em-010ca8278422,伊賀NINJA!,42,1704,5112,3,skill_reduction,0.3056,0.3472,95,5,8,いいえ,伊賀NINJA! / ペーチパイセン / 愛のぴよ子 / 聖☆いんてぃないか / 美才能♪かの子さん
1,368,em-60119eda4c9c,猿田彦大先輩,80,7838,7157,5,attack_buff,0.3056,0.1944,100,0,8,いいえ,猿田彦大先輩 / ウナギーヌくん / 愛のぴよ子 / 大森銀さん / ウシュか☆丸か
1,369,em-a78326864213,発音王・S・サイアン,88,10650,6560,8,attack_buff,0.3055,0.1597,100,0,4,いいえ,発音王・S・サイアン / ウナギーヌくん / デンマーくん / あっぴーちゃん / くーさん
1,370,em-f33518363cb8,マチョリスト☆ばん,13,1410,775,2,attack_buff,0.305,0.4653,100,0,8,いいえ,マチョリスト☆ばん / ヤマさんヤミーさん / ターヌムンゴネキ / 愛のぴよ子 / 美才能♪かの子さん
1,371,em-20d0672eefa5,実際かにろう,8,1269,987,4,delay,0.3049,0.4583,79,21,8,いいえ,実際かにろう / トマティーナ少佐 / コンドアーズ / 劇場版ＪＡＸＡイル / わっしょいミカ先生
1,372,em-225255ba2e90,華美なるミシュル嬢,22,3864,2524,1,heal,0.3049,0.3542,100,0,8,いいえ,華美なるミシュル嬢 / ヤマさんヤミーさん / トマティーナ少佐 / コンドアーズ / 美才能♪かの子さん
1,373,em-e7a0d1a547b6,ラス・マノスんさん,10,1979,494,1,aoe_attack,0.3047,0.4722,81,19,8,いいえ,ラス・マノスんさん / トマティーナ少佐 / コンドアーズ / 劇場版ＪＡＸＡイル / わっしょいミカ先生
1,374,em-3604a59c8292,囃せ！どんちっちん,12,1000,700,7,aoe_attack,0.3045,0.4792,99,1,8,いいえ,囃せ！どんちっちん / ヤマさんヤミーさん / ターヌムンゴネキ / 愛のぴよ子 / 美才能♪かの子さん
1,375,em-5f5281ba5e2a,黄泉還り！反魂タン,9,1812,1963,3,revive,0.3044,0.4028,93,7,8,いいえ,黄泉還り！反魂タン / ペーチパイセン / 花火戦隊サイガーRe / タミちゃんの火祭り / にほりん
1,376,em-d239e5e972de,ズンビーフック,17,2012,3220,4,multi_hit_attack,0.3036,0.375,100,0,8,いいえ,ズンビーフック / 北間・クラリス嬢 / コンドアーズ / 財閥だ浅ちゃん！ / 美才能♪かの子さん
1,377,em-86926ff7d06c,満喫♪新年にくぁう,24,2085,3449,1,damage_reduction,0.3034,0.3681,89,11,8,いいえ,満喫♪新年にくぁう / ペーチパイセン / アウス大先輩 / 聖☆いんてぃないか / わっしょいミカ先生
1,378,em-99eb90e0260f,傾国の二条嬢,17,2656,2495,2,attribute_guard,0.3031,0.375,100,0,8,いいえ,傾国の二条嬢 / 北間・クラリス嬢 / コンドアーズ / 財閥だ浅ちゃん！ / 美才能♪かの子さん
1,379,em-ec52e54bb473,ﾀｰｷｰﾃﾞ-なじとっこ君,10,706,2403,4,attack_buff,0.303,0.4028,94,6,8,いいえ,ﾀｰｷｰﾃﾞ-なじとっこ君 / ペーチパイセン / 花火戦隊サイガーRe / タミちゃんの火祭り / にほりん
1,380,em-36d4f380dee2,ギャングなウツ雄様,60,4856,4856,5,damage_reduction,0.303,0.2847,98,2,8,いいえ,ギャングなウツ雄様 / ペーチパイセン / トマティーナ少佐 / 旧市街地の魔物 / ウシュか☆丸か
1,381,em-66a587f1a726,にくぁうさん,12,497,1116,4,attack_buff,0.3028,0.4583,99,1,8,いいえ,にくぁうさん / ヤマさんヤミーさん / ターヌムンゴネキ / 愛のぴよ子 / 美才能♪かの子さん
1,382,em-8b48dbb598d6,高杉ぃ高杉ぃぃ！,60,7500,1704,1,attack_buff,0.3028,0.3194,100,0,8,いいえ,高杉ぃ高杉ぃぃ！ / ペーチパイセン / トマティーナ少佐 / 愛のぴよ子 / おこしんMK-2
1,383,em-7547c480c963,ウミユリーず,60,4430,6475,5,skill_reduction,0.3027,0.2639,94,6,8,いいえ,ウミユリーず / トマティーナ少佐 / ウナギーヌくん / 祭りだ浅ちゃん！ / 旧市街地の魔物
1,384,em-d90aa04af44f,グウィネズ兄弟,34,2066,3197,5,multi_hit_attack,0.3024,0.3681,99,1,8,いいえ,グウィネズ兄弟 / ヤマさんヤミーさん / トマティーナ少佐 / 愛のぴよ子 / にほりん
1,385,em-bf60c5d7bbe5,ワイン塗れのぐっすん,39,2453,5555,1,attack_buff,0.3022,0.3264,100,0,8,いいえ,ワイン塗れのぐっすん / ヤマさんヤミーさん / 愛のぴよ子 / 聖☆いんてぃないか / おこしんMK-2
1,386,em-8803e5b07894,風林火山のぶくろ公,22,2254,2576,5,aoe_attack,0.3019,0.3819,86,14,8,いいえ,風林火山のぶくろ公 / ペーチパイセン / トマティーナ少佐 / 聖☆いんてぃないか / わっしょいミカ先生
1,387,em-ad53908276ac,ピコ島ぴーこ,47,4007,5112,1,heal,0.3018,0.3056,97,3,8,いいえ,ピコ島ぴーこ / ヤマさんヤミーさん / 愛のぴよ子 / ブラジリアン首都術 / おこしんMK-2
1,388,em-739aae6480ff,男前やできっしん,14,755,2605,4,attack_buff,0.3016,0.4028,91,9,8,いいえ,男前やできっしん / アウス大先輩 / 巳ーちゃん / タミちゃんの火祭り / わっしょいミカ先生
1,389,em-dfbe69861ff7,餅もちにくぁうさん,36,3449,3789,1,damage_reduction,0.3015,0.3333,97,3,8,いいえ,餅もちにくぁうさん / ヤマさんヤミーさん / 愛のぴよ子 / 聖☆いんてぃないか / おこしんMK-2
1,390,em-124d2df2b85e,ディオクレ君,23,2416,1449,4,skill_reduction,0.3011,0.4097,87,13,8,いいえ,ディオクレ君 / ペーチパイセン / トマティーナ少佐 / 聖☆いんてぃないか / わっしょいミカ先生
1,391,em-e128354ca2de,シュレーダー帝,31,1795,3097,6,revive,0.3011,0.375,96,4,8,いいえ,シュレーダー帝 / アウス大先輩 / 巳ーちゃん / おこしんMK-2 / にほりん
1,392,em-c4b0b6848f16,?????,17,2828,2470,3,skill_reduction,0.301,0.3681,100,0,8,いいえ,????? / 北間・クラリス嬢 / コンドアーズ / 財閥だ浅ちゃん！ / 美才能♪かの子さん
1,393,em-edb254f0a679,カナちゃんのなごみ,41,5453,3408,2,heal,0.301,0.3056,100,0,8,いいえ,カナちゃんのなごみ / ヤマさんヤミーさん / コンドアーズ / 愛のぴよ子 / おこしんMK-2
1,394,em-6acd0e20d832,たこむすめ,39,1363,4089,5,heal,0.3009,0.3611,98,2,8,いいえ,たこむすめ / ヤマさんヤミーさん / コンドアーズ / 愛のぴよ子 / おこしんMK-2
1,395,em-f49b19428b58,ちび丸のハロウィン,17,255,2896,4,revive,0.3008,0.3958,100,0,8,いいえ,ちび丸のハロウィン / 北間・クラリス嬢 / コンドアーズ / 財閥だ浅ちゃん！ / 美才能♪かの子さん
1,396,em-8c598f1908e7,ももとふちゃん,8,800,1000,3,heal,0.3005,0.4583,79,21,8,いいえ,ももとふちゃん / トマティーナ少佐 / コンドアーズ / 劇場版ＪＡＸＡイル / わっしょいミカ先生
1,397,em-62994b487456,浪漫歌人♪晶子さん,25,3059,3059,2,revive,0.3004,0.3542,100,0,8,いいえ,浪漫歌人♪晶子さん / アウス大先輩 / ターヌムンゴネキ / タミちゃんの火祭り / ブラジリアン首都術
1,398,em-04bcad8262b9,現実リオンさん,12,700,1300,4,delay,0.3001,0.4444,99,1,8,いいえ,現実リオンさん / ヤマさんヤミーさん / ターヌムンゴネキ / 愛のぴよ子 / 美才能♪かの子さん
1,399,em-1b9a55c9478e,熊犬八太郎,12,2100,400,6,delay,0.3,0.4722,99,1,8,いいえ,熊犬八太郎 / ヤマさんヤミーさん / ターヌムンゴネキ / 愛のぴよ子 / 美才能♪かの子さん
1,400,em-c78db71c2d7b,ヒルズさん,12,517,1097,1,attack_buff,0.2997,0.4514,99,1,8,いいえ,ヒルズさん / ヤマさんヤミーさん / ターヌムンゴネキ / 愛のぴよ子 / 美才能♪かの子さん
1,401,em-2080ae65b62a,モヅルン,37,3771,1908,3,attribute_guard,0.2997,0.3611,96,4,8,いいえ,モヅルン / ヤマさんヤミーさん / コンドアーズ / 愛のぴよ子 / おこしんMK-2
1,402,em-dade81e05fdb,紫式部@物語執筆中,25,1771,3220,0,damage_reduction,0.2995,0.3681,100,0,8,いいえ,紫式部@物語執筆中 / アウス大先輩 / ターヌムンゴネキ / タミちゃんの火祭り / ブラジリアン首都術
1,403,em-3ff47465be07,怪傑猫キャット,6,250,1100,1,heal,0.2994,0.4583,77,23,8,いいえ,怪傑猫キャット / トマティーナ少佐 / コンドアーズ / 劇場版ＪＡＸＡイル / わっしょいミカ先生
1,404,em-abc85163565c,コキリコ・QB,23,2817,2978,2,attribute_change,0.2994,0.3681,88,12,8,いいえ,コキリコ・QB / ペーチパイセン / アウス大先輩 / 聖☆いんてぃないか / わっしょいミカ先生
1,405,em-31f11b9a8df8,ももとふFREEダム,40,3408,4260,3,heal,0.2993,0.3264,99,1,8,いいえ,ももとふFREEダム / ヤマさんヤミーさん / コンドアーズ / 愛のぴよ子 / おこしんMK-2
1,406,em-3e5e9519eb9b,風林火山のぶくろ！,47,4089,4430,5,aoe_attack,0.2993,0.3056,97,3,8,いいえ,風林火山のぶくろ！ / ヤマさんヤミーさん / 愛のぴよ子 / おこしんMK-2 / ブラジリアン首都術
1,407,em-271fbedbbf39,レオ,22,2737,2093,4,damage_reduction,0.2992,0.3958,87,13,8,いいえ,レオ / ペーチパイセン / アウス大先輩 / 聖☆いんてぃないか / わっしょいミカ先生
1,408,em-276d7f996bbe,竜也エボリューション,49,2044,6305,3,attack_buff,0.2991,0.3056,98,2,8,いいえ,竜也エボリューション / ペーチパイセン / 愛のぴよ子 / タミちゃんの火祭り / 美才能♪かの子さん
1,409,em-17a8d3f2a8d3,牛迫 角子さん,31,3282,4260,1,attack_buff,0.299,0.3194,90,10,8,いいえ,牛迫 角子さん / トマティーナ少佐 / コンドアーズ / 劇場版ＪＡＸＡイル / おこしんMK-2
1,410,em-454ebee4a0cd,3人はフォニピュア,60,4941,3578,2,damage_reduction,0.299,0.3125,100,0,8,いいえ,3人はフォニピュア / ペーチパイセン / トマティーナ少佐 / 愛のぴよ子 / 旧市街地の魔物
1,411,em-654601ffb56d,スースちゃん,15,1132,2265,0,damage_reduction,0.2989,0.4028,99,1,8,いいえ,スースちゃん / ペーチパイセン / 花火戦隊サイガーRe / タミちゃんの火祭り / にほりん
1,412,em-b791d78202d5,英国面の本気,38,6816,1363,5,multi_hit_attack,0.2987,0.3194,97,3,8,いいえ,英国面の本気 / ヤマさんヤミーさん / コンドアーズ / 愛のぴよ子 / おこしんMK-2
1,413,em-9c37bba7df0f,ＫＲ２ジョー少尉,11,495,1105,3,attack_buff,0.2986,0.4514,98,2,8,いいえ,ＫＲ２ジョー少尉 / ヤマさんヤミーさん / ターヌムンゴネキ / 愛のぴよ子 / 美才能♪かの子さん
1,414,em-a058dba31969,月見だよ！叡智州利偉,10,1100,2002,4,attack_buff,0.2985,0.4167,94,6,8,いいえ,月見だよ！叡智州利偉 / ペーチパイセン / 花火戦隊サイガーRe / タミちゃんの火祭り / にほりん
1,415,em-285a6b18bfb1,いろはの曙ちゃん,18,2705,2705,0,heal,0.2984,0.3542,89,11,8,いいえ,いろはの曙ちゃん / アウス大先輩 / トマティーナ少佐 / 劇場版ＪＡＸＡイル / わっしょいミカ先生
1,416,em-9372502bc6a4,餞のガブリン,42,1913,5367,4,revive,0.2984,0.3264,100,0,8,いいえ,餞のガブリン / ヤマさんヤミーさん / トマティーナ少佐 / 愛のぴよ子 / おこしんMK-2
1,417,em-9298dde558c4,超豹！ペパりんさん,30,2119,2545,2,delay,0.2983,0.3819,95,5,8,いいえ,超豹！ペパりんさん / トマティーナ少佐 / アウス大先輩 / コンドアーズ / にほりん
1,418,em-7419b64dec0e,天の飛龍巻,42,5623,3748,2,attribute_change,0.2983,0.2852,95,5,8,いいえ,天の飛龍巻 / 北間・クラリス嬢 / トマティーナ少佐 / 聖☆いんてぃないか / 旧市街地の魔物
1,419,em-41c5d9f739e4,健やか泰三,44,3052,5964,5,revive,0.2975,0.2986,97,3,8,いいえ,健やか泰三 / ペーチパイセン / 愛のぴよ子 / 聖☆いんてぃないか / 美才能♪かの子さん
1,420,em-9bad632dc3a9,秋田世界発見伝,24,3838,845,4,guard,0.2971,0.3959,98,2,8,いいえ,秋田世界発見伝 / 北間・クラリス嬢 / 巳ーちゃん / 聖☆いんてぃないか / わっしょいミカ先生
1,421,em-2e6dfffcc947,グレート三重子ちゃん,50,4473,4473,0,attribute_change,0.2969,0.2986,100,0,8,いいえ,グレート三重子ちゃん / ヤマさんヤミーさん / 愛のぴよ子 / ブラジリアン首都術 / おこしんMK-2
1,422,em-9974d2b554c4,ｼｬﾐｯ子！シャーミー君,36,4652,3919,1,attack_buff,0.2967,0.3056,93,7,8,いいえ,ｼｬﾐｯ子！シャーミー君 / ヤマさんヤミーさん / コンドアーズ / おこしんMK-2 / ウシュか☆丸か
1,423,em-e99bfc1ea066,ご入学ぴよ子,9,883,2397,2,attack_buff,0.2966,0.3958,93,7,8,いいえ,ご入学ぴよ子 / ペーチパイセン / 花火戦隊サイガーRe / タミちゃんの火祭り / にほりん
1,424,em-fea44f2a7dd8,だが男だ彦にゃん,15,2793,1132,3,skill_reduction,0.2964,0.4028,99,1,8,いいえ,だが男だ彦にゃん / ペーチパイセン / 花火戦隊サイガーRe / タミちゃんの火祭り / にほりん
1,425,em-cb9a138787d0,摩陀羅　潮真,27,7194,1741,2,attribute_guard,0.2964,0.2917,98,2,8,いいえ,摩陀羅　潮真 / ヤマさんヤミーさん / 愛のぴよ子 / 聖☆いんてぃないか / 美才能♪かの子さん
1,426,em-c8baf5b3e504,斑鳩の太子くん,36,4260,2896,4,heal,0.2963,0.3264,95,5,8,いいえ,斑鳩の太子くん / ヤマさんヤミーさん / コンドアーズ / 愛のぴよ子 / おこしんMK-2
1,427,em-e73e837049b5,ｿﾞﾝﾋﾞｶﾞｰﾙ･ガブリン,28,1366,3834,4,revive,0.296,0.3611,93,7,8,いいえ,ｿﾞﾝﾋﾞｶﾞｰﾙ･ガブリン / トマティーナ少佐 / アウス大先輩 / コンドアーズ / にほりん
1,428,em-a818769b8b91,田島の春,44,1618,5112,2,multi_hit_attack,0.2959,0.3333,97,3,8,いいえ,田島の春 / ペーチパイセン / 愛のぴよ子 / 聖☆いんてぃないか / 美才能♪かの子さん
1,429,em-59636157ae2e,コーベンパイア天爵,45,5282,1757,2,damage_reduction,0.2956,0.3264,100,0,8,いいえ,コーベンパイア天爵 / トマティーナ少佐 / アウス大先輩 / 愛のぴよ子 / にほりん
1,430,em-14d31235a3f8,かっちゃんのBIG強飯,48,3067,4601,4,attack_buff,0.2954,0.3194,98,2,8,いいえ,かっちゃんのBIG強飯 / ヤマさんヤミーさん / 愛のぴよ子 / 旧市街地の魔物 / ブラジリアン首都術
1,431,em-f4980131820e,ﾊﾛｳｨﾝのヴラドさん,41,4089,1757,2,damage_reduction,0.2953,0.3542,100,0,8,いいえ,ﾊﾛｳｨﾝのヴラドさん / ヤマさんヤミーさん / コンドアーズ / 愛のぴよ子 / おこしんMK-2
1,432,em-c1c986f4f89a,爆誕！ももたろす,62,4260,5964,1,attribute_change,0.2953,0.2708,94,6,8,いいえ,爆誕！ももたろす / ペーチパイセン / 愛のぴよ子 / おこしんMK-2 / ブラジリアン首都術
1,433,em-1de8c880f196,ヴィヒー先生,17,2114,2718,2,damage_reduction,0.2952,0.3681,100,0,8,いいえ,ヴィヒー先生 / 北間・クラリス嬢 / コンドアーズ / 財閥だ浅ちゃん！ / 美才能♪かの子さん
1,434,em-f7f78d464e92,ウミウサーヌ,60,3408,4601,3,guard,0.2952,0.3056,99,1,8,いいえ,ウミウサーヌ / ペーチパイセン / 愛のぴよ子 / タミちゃんの火祭り / 旧市街地の魔物
1,435,em-b4a2096551c5,金閣明日香,15,1201,1343,4,revive,0.2951,0.4375,99,1,8,いいえ,金閣明日香 / ペーチパイセン / 花火戦隊サイガーRe / タミちゃんの火祭り / にほりん
1,436,em-4a6952f30578,愛犬八太郎,11,1700,300,6,delay,0.295,0.4792,98,2,8,いいえ,愛犬八太郎 / ヤマさんヤミーさん / ターヌムンゴネキ / 愛のぴよ子 / 美才能♪かの子さん
1,437,em-845ebf2f059a,うどんの女神,39,4771,2385,2,multi_hit_attack,0.2949,0.3264,98,2,8,いいえ,うどんの女神 / ヤマさんヤミーさん / コンドアーズ / 愛のぴよ子 / おこしんMK-2
1,438,em-900d96f0b1d7,修験くまのたん,12,400,1200,3,attack_buff,0.2948,0.4444,99,1,8,いいえ,修験くまのたん / ヤマさんヤミーさん / ターヌムンゴネキ / 愛のぴよ子 / 美才能♪かの子さん
1,439,em-0fd17c65da62,大患部！ぴよ子大佐,18,2415,2861,2,multi_hit_attack,0.2948,0.3611,89,11,8,いいえ,大患部！ぴよ子大佐 / アウス大先輩 / トマティーナ少佐 / 劇場版ＪＡＸＡイル / わっしょいミカ先生
1,440,em-72aeeb632038,石見神楽どんちっちん,15,1812,1661,6,aoe_attack,0.2944,0.4097,100,0,8,いいえ,石見神楽どんちっちん / ヤマさんヤミーさん / ターヌムンゴネキ / 劇場版ＪＡＸＡイル / ハリウッドナナコ師匠
1,441,em-13a4725c1c03,砂のんべぇ,20,3220,1288,1,multi_hit_attack,0.2941,0.3958,100,0,8,いいえ,砂のんべぇ / 北間・クラリス嬢 / ターヌムンゴネキ / コンドアーズ / 美才能♪かの子さん
1,442,em-3cce096dfee9,カギサナ子,15,2415,2415,4,attack_buff,0.2941,0.3681,98,2,8,いいえ,カギサナ子 / 北間・クラリス嬢 / コンドアーズ / 財閥だ浅ちゃん！ / 美才能♪かの子さん
1,443,em-8522b1e6c291,百華百彩久連子,55,5282,5282,3,multi_hit_attack,0.2941,0.2708,98,2,8,いいえ,百華百彩久連子 / ペーチパイセン / 愛のぴよ子 / 聖☆いんてぃないか / 旧市街地の魔物
1,444,em-f781988d359e,ヤル気勢！うっす様,11,500,1300,2,attack_buff,0.294,0.4375,98,2,8,いいえ,ヤル気勢！うっす様 / ヤマさんヤミーさん / ターヌムンゴネキ / 愛のぴよ子 / 美才能♪かの子さん
1,445,em-7a8f08b97855,カルボ姉（ねえ）,18,3792,2556,1,multi_hit_attack,0.2939,0.3472,89,11,8,いいえ,カルボ姉（ねえ） / アウス大先輩 / トマティーナ少佐 / 劇場版ＪＡＸＡイル / わっしょいミカ先生
1,446,em-e778e99b9218,不敵な笑みのニタりん,16,1363,2556,3,multi_hit_attack,0.2938,0.3819,100,0,8,いいえ,不敵な笑みのニタりん / ペーチパイセン / 花火戦隊サイガーRe / タミちゃんの火祭り / にほりん
1,447,em-69fe49e9031d,かずら姉さん,11,650,700,2,guard,0.2936,0.4653,79,21,8,いいえ,かずら姉さん / トマティーナ少佐 / コンドアーズ / タミちゃんの火祭り / わっしょいミカ先生
1,448,em-1e9e4475c353,ゲラー･ｻﾞ･ｸﾞﾗﾃﾞｨｴｲﾀｰ,55,3408,5964,2,attack_buff,0.2936,0.2847,98,2,8,いいえ,ゲラー･ｻﾞ･ｸﾞﾗﾃﾞｨｴｲﾀｰ / ペーチパイセン / 愛のぴよ子 / 聖☆いんてぃないか / おこしんMK-2
1,449,em-2f3cf0f345e4,ふらっとウッズ子さん,59,5112,2272,0,attribute_guard,0.2935,0.3125,100,0,8,いいえ,ふらっとウッズ子さん / ペーチパイセン / コンドアーズ / 愛のぴよ子 / おこしんMK-2
1,450,em-d77542ffe604,?????,42,6475,3067,2,attack_buff,0.2934,0.2917,95,5,8,いいえ,????? / ペーチパイセン / 愛のぴよ子 / 聖☆いんてぃないか / 美才能♪かの子さん
1,451,em-344fce469565,豊聡之太子さん,12,830,775,2,heal,0.2931,0.4583,99,1,8,いいえ,豊聡之太子さん / ヤマさんヤミーさん / ターヌムンゴネキ / 愛のぴよ子 / 美才能♪かの子さん
1,452,em-814e01d05463,非伝説の潮真,60,7535,2423,1,attribute_guard,0.2931,0.2708,100,0,8,いいえ,非伝説の潮真 / ペーチパイセン / トマティーナ少佐 / 愛のぴよ子 / 旧市街地の魔物
1,453,em-036ee10985c7,大正義！反魂タン,7,800,1000,4,revive,0.293,0.4444,78,22,8,いいえ,大正義！反魂タン / トマティーナ少佐 / コンドアーズ / 劇場版ＪＡＸＡイル / わっしょいミカ先生
1,454,em-2c6fd048179d,ジョン・鮭児,23,1448,2726,0,attack_buff,0.2929,0.3819,88,12,8,いいえ,ジョン・鮭児 / ペーチパイセン / アウス大先輩 / 聖☆いんてぃないか / わっしょいミカ先生
1,455,em-452bfe576bb9,ねぶるータス,16,950,1350,2,attack_buff,0.2927,0.4306,100,0,8,いいえ,ねぶるータス / ペーチパイセン / アウス大先輩 / 財閥だ浅ちゃん！ / わっしょいミカ先生
1,456,em-c623973fc8a5,うおぬまンダーＲ上Ｘ,15,1208,2567,4,aoe_attack,0.2927,0.3889,94,6,8,いいえ,うおぬまンダーＲ上Ｘ / ペーチパイセン / アウス大先輩 / 財閥だ浅ちゃん！ / にほりん
1,457,em-daac43f51729,四悪妖・鵺,88,9542,5964,1,attribute_change,0.2924,0.1667,100,0,4,いいえ,四悪妖・鵺 / ウナギーヌくん / デンマーくん / あっぴーちゃん / くーさん
1,458,em-f565b0314902,覚醒大氷怪・雪愛,37,4345,4515,1,attribute_change,0.2923,0.2917,98,2,8,いいえ,覚醒大氷怪・雪愛 / ヤマさんヤミーさん / 愛のぴよ子 / 聖☆いんてぃないか / おこしんMK-2
1,459,em-29be2edf2271,餅子・ﾏｰﾒｲﾄﾞｽﾀｲﾙ,60,4797,5308,5,damage_reduction,0.2917,0.2639,99,1,8,いいえ,餅子・ﾏｰﾒｲﾄﾞｽﾀｲﾙ / ペーチパイセン / 愛のぴよ子 / タミちゃんの火祭り / 旧市街地の魔物
1,460,em-e42e99273751,輪島のうるっしー,12,1200,500,4,guard,0.2914,0.4653,99,1,8,いいえ,輪島のうるっしー / ヤマさんヤミーさん / ターヌムンゴネキ / 愛のぴよ子 / 美才能♪かの子さん
1,461,em-595b1ebc9a59,戦え！ブルりん,16,1400,1600,4,damage_reduction,0.2914,0.4097,100,0,8,いいえ,戦え！ブルりん / ペーチパイセン / 花火戦隊サイガーRe / タミちゃんの火祭り / にほりん
1,462,em-983228ce32d4,あっしゅTHEｷｬｯﾄ,8,1300,500,5,attribute_guard,0.2912,0.4583,79,21,8,いいえ,あっしゅTHEｷｬｯﾄ / トマティーナ少佐 / コンドアーズ / 劇場版ＪＡＸＡイル / わっしょいミカ先生
1,463,em-91479d9f811c,奇術師！エッジュさん,9,700,700,3,skill_reduction,0.2911,0.4653,80,20,8,いいえ,奇術師！エッジュさん / トマティーナ少佐 / コンドアーズ / 劇場版ＪＡＸＡイル / わっしょいミカ先生
1,464,em-05de078a2e7c,幼妻！エンゼルちゃん,22,1993,2913,3,heal,0.2911,0.3611,87,13,8,いいえ,幼妻！エンゼルちゃん / ペーチパイセン / アウス大先輩 / 聖☆いんてぃないか / わっしょいミカ先生
1,465,em-d08c9e36ef51,地獄雀！阿蘇さん,17,3413,2061,1,attribute_guard,0.2903,0.3542,100,0,8,いいえ,地獄雀！阿蘇さん / 北間・クラリス嬢 / コンドアーズ / 財閥だ浅ちゃん！ / 美才能♪かの子さん
1,466,em-c92854d63199,さんとくんさん,8,1200,300,4,delay,0.2902,0.4792,79,21,8,いいえ,さんとくんさん / トマティーナ少佐 / コンドアーズ / 劇場版ＪＡＸＡイル / わっしょいミカ先生
1,467,em-299bbc95ef27,タコンナ,60,4260,5964,5,heal,0.2899,0.2569,100,0,8,いいえ,タコンナ / ペーチパイセン / トマティーナ少佐 / 愛のぴよ子 / 旧市街地の魔物
1,468,em-cf865abec5e5,川越マン２世,12,516,1000,4,attack_buff,0.2898,0.4444,99,1,8,いいえ,川越マン２世 / ヤマさんヤミーさん / ターヌムンゴネキ / 愛のぴよ子 / 美才能♪かの子さん
1,469,em-a3563f41a151,ラクダンデス隊長,38,4941,3578,2,guard,0.2893,0.2917,97,3,8,いいえ,ラクダンデス隊長 / ヤマさんヤミーさん / コンドアーズ / 愛のぴよ子 / おこしんMK-2
1,470,em-cf1f3fbef79d,紅玉の供犠ぴよ子,6,1609,1609,0,none,0.2888,0.3889,100,0,8,いいえ,紅玉の供犠ぴよ子 / トマティーナ少佐 / 花火戦隊サイガーRe / 劇場版ＪＡＸＡイル / にほりん
1,471,em-3f6d9cba0059,いなばうあー,12,700,1100,6,skill_reduction,0.2885,0.4375,99,1,8,いいえ,いなばうあー / ヤマさんヤミーさん / ターヌムンゴネキ / 愛のぴよ子 / 美才能♪かの子さん
1,472,em-629cc99564e0,帝王ヒルズ様,17,1867,3333,1,attack_buff,0.2882,0.3472,100,0,8,いいえ,帝王ヒルズ様 / 北間・クラリス嬢 / コンドアーズ / 財閥だ浅ちゃん！ / 美才能♪かの子さん
1,473,em-a6068b231beb,ハトラちゃん,10,299,1488,7,guard,0.288,0.4306,97,3,8,いいえ,ハトラちゃん / ヤマさんヤミーさん / ターヌムンゴネキ / 愛のぴよ子 / 美才能♪かの子さん
1,474,em-29cc8a9cf9cd,ビール売りの小娘,18,1516,3638,3,skill_reduction,0.288,0.3542,89,11,8,いいえ,ビール売りの小娘 / アウス大先輩 / トマティーナ少佐 / 劇場版ＪＡＸＡイル / わっしょいミカ先生
1,475,em-e49404c0e4be,?????,43,5350,2712,3,attack_buff,0.2878,0.2986,93,7,8,いいえ,????? / ペーチパイセン / トマティーナ少佐 / 愛のぴよ子 / 美才能♪かの子さん
1,476,em-6f8dfc0a39eb,近すぎリオンさん,16,1000,1500,4,delay,0.2869,0.4167,100,0,8,いいえ,近すぎリオンさん / ペーチパイセン / 花火戦隊サイガーRe / タミちゃんの火祭り / にほりん
1,477,em-86798e95c07f,ほたるん！卒業祭り,18,1132,2567,0,attribute_change,0.2869,0.3819,88,12,8,いいえ,ほたるん！卒業祭り / トマティーナ少佐 / コンドアーズ / 劇場版ＪＡＸＡイル / 聖☆いんてぃないか
1,478,em-96f9283052eb,ロロちゃんさん先輩,22,2254,2737,5,revive,0.2869,0.3542,87,13,8,いいえ,ロロちゃんさん先輩 / ペーチパイセン / アウス大先輩 / 聖☆いんてぃないか / わっしょいミカ先生
1,479,em-fb54694c6adc,サイガーイエロー,9,357,1057,4,multi_hit_attack,0.2868,0.4444,80,20,8,いいえ,サイガーイエロー / トマティーナ少佐 / コンドアーズ / 劇場版ＪＡＸＡイル / わっしょいミカ先生
1,480,em-2b9338d5254c,電撃のびゃ子,58,2641,6219,0,attack_buff,0.2868,0.2847,100,0,8,いいえ,電撃のびゃ子 / ペーチパイセン / 愛のぴよ子 / おこしんMK-2 / 美才能♪かの子さん
1,481,em-682cd1ab4ae4,ホーリーエンジェるん,16,1812,1661,5,attack_buff,0.2861,0.4028,100,0,8,いいえ,ホーリーエンジェるん / ペーチパイセン / アウス大先輩 / 財閥だ浅ちゃん！ / わっしょいミカ先生
1,482,em-ccfeb40e6439,更にThe★Youなリバ子,50,1509,5770,0,heal,0.2857,0.3056,100,0,8,いいえ,更にThe★Youなリバ子 / ペーチパイセン / トマティーナ少佐 / 愛のぴよ子 / 美才能♪かの子さん
1,483,em-b193a8ecb394,どんぶりBros.,15,1963,1812,0,heal,0.2855,0.3889,99,1,8,いいえ,どんぶりBros. / ペーチパイセン / 花火戦隊サイガーRe / タミちゃんの火祭り / にほりん
1,484,em-9f9a1c0e673f,リアルリオンさん,10,600,1100,5,delay,0.2853,0.4306,97,3,8,いいえ,リアルリオンさん / ヤマさんヤミーさん / ターヌムンゴネキ / 愛のぴよ子 / 美才能♪かの子さん
1,485,em-c749ad6eefee,トーテムゆ～る,16,1413,1201,3,delay,0.2848,0.4236,100,0,8,いいえ,トーテムゆ～る / ペーチパイセン / 花火戦隊サイガーRe / タミちゃんの火祭り / にほりん
1,486,em-4c2a43ecd770,ナンマトル君,14,2115,2115,2,skill_reduction,0.2848,0.3681,97,3,8,いいえ,ナンマトル君 / 北間・クラリス嬢 / コンドアーズ / 財閥だ浅ちゃん！ / 美才能♪かの子さん
1,487,em-bdcce3725e8b,修験鬼ギュウちゃん,85,9372,5453,1,damage_reduction,0.2846,0.1667,100,0,4,いいえ,修験鬼ギュウちゃん / かずらちゃん / オリバーTHEトイ / くーさん / ハントンくん
1,488,em-7c00cb96c261,バイオうおぬまンダー,12,700,1100,5,aoe_attack,0.2845,0.4306,99,1,8,いいえ,バイオうおぬまンダー / ヤマさんヤミーさん / ターヌムンゴネキ / 愛のぴよ子 / 美才能♪かの子さん
1,489,em-82e546e8de79,ランたん,29,2198,3612,2,attribute_change,0.2845,0.3333,100,0,8,いいえ,ランたん / ヤマさんヤミーさん / 愛のぴよ子 / 聖☆いんてぃないか / 美才能♪かの子さん
1,490,em-d22cc44e6b53,ニタりん,16,1090,2044,3,multi_hit_attack,0.2843,0.3889,100,0,8,いいえ,ニタりん / ペーチパイセン / 花火戦隊サイガーRe / タミちゃんの火祭り / にほりん
1,491,em-03ca4c2f4e9d,勝手にストゥッツさん,51,6560,3786,0,attribute_change,0.2842,0.2569,100,0,8,いいえ,勝手にストゥッツさん / ペーチパイセン / 愛のぴよ子 / タミちゃんの火祭り / 美才能♪かの子さん
1,492,em-109e54a3645a,グラン・プラスの魔女,38,1499,3404,3,guard,0.284,0.3472,97,3,8,いいえ,グラン・プラスの魔女 / ヤマさんヤミーさん / コンドアーズ / 愛のぴよ子 / おこしんMK-2
1,493,em-b9e75bc0b1f9,わっしょいミカ先生,20,4186,3220,5,attack_buff,0.284,0.3056,91,9,8,いいえ,わっしょいミカ先生 / ヤマさんヤミーさん / 愛のぴよ子 / 聖☆いんてぃないか / 美才能♪かの子さん
1,494,em-1ad78d7d3c2f,狐仮面,22,2215,1789,4,revive,0.2837,0.3819,87,13,8,いいえ,狐仮面 / ペーチパイセン / アウス大先輩 / 聖☆いんてぃないか / わっしょいミカ先生
1,495,em-2a715d5b73f6,白水師匠,12,780,820,6,aoe_attack,0.2836,0.4444,99,1,8,いいえ,白水師匠 / ヤマさんヤミーさん / ターヌムンゴネキ / 愛のぴよ子 / 美才能♪かの子さん
1,496,em-74c87c37d930,むぅむぅ,30,2839,2525,3,multi_hit_attack,0.283,0.3403,99,1,8,いいえ,むぅむぅ / ヤマさんヤミーさん / コンドアーズ / 愛のぴよ子 / 美才能♪かの子さん
1,497,em-67c9c425e81c,大いなる奇なる皇女,60,4260,4260,5,multi_hit_attack,0.2828,0.2778,100,0,8,いいえ,大いなる奇なる皇女 / ペーチパイセン / トマティーナ少佐 / 愛のぴよ子 / 旧市街地の魔物
1,498,em-72dbaccf035d,新・ＪＡＸＡイル,12,516,1106,6,multi_hit_attack,0.2826,0.4306,99,1,8,いいえ,新・ＪＡＸＡイル / ヤマさんヤミーさん / ターヌムンゴネキ / 愛のぴよ子 / 美才能♪かの子さん
1,499,em-942c8f8de44d,エンゼルちゃん,22,1772,2590,3,heal,0.2826,0.3611,100,0,8,いいえ,エンゼルちゃん / ヤマさんヤミーさん / トマティーナ少佐 / コンドアーズ / 美才能♪かの子さん
1,500,em-e6110f879f18,ユーコ隊,24,3408,2044,4,revive,0.2826,0.3472,89,11,8,いいえ,ユーコ隊 / ペーチパイセン / アウス大先輩 / 聖☆いんてぃないか / わっしょいミカ先生
1,501,em-7e81ebc98ef9,稼働！K-MEN,57,6475,3067,1,guard,0.2826,0.2708,98,2,8,いいえ,稼働！K-MEN / ペーチパイセン / コンドアーズ / 愛のぴよ子 / おこしんMK-2
1,502,em-b7b738711fb0,ちくわサンド,23,2817,2656,2,attack_buff,0.2824,0.3403,88,12,8,いいえ,ちくわサンド / ペーチパイセン / アウス大先輩 / 聖☆いんてぃないか / わっしょいミカ先生
1,503,em-ee43bce0e25f,vにゅーさん,51,3567,5271,1,damage_reduction,0.2824,0.2708,97,3,8,いいえ,vにゅーさん / トリニダの怪人 / コンドアーズ / ブラジリアン首都術 / 旧市街地の魔物
1,504,em-6c215846fcb0,アン・ごろう,16,1356,1189,2,attack_buff,0.2822,0.4097,100,0,8,いいえ,アン・ごろう / ペーチパイセン / アウス大先輩 / 財閥だ浅ちゃん！ / わっしょいミカ先生
1,505,em-2d076c59c4b7,わんこーラスそば,6,600,700,3,heal,0.282,0.4514,77,23,8,いいえ,わんこーラスそば / トマティーナ少佐 / コンドアーズ / 劇場版ＪＡＸＡイル / わっしょいミカ先生
1,506,em-b0a135da294f,デンマーくん三世,6,800,600,3,guard,0.2817,0.4514,77,23,8,いいえ,デンマーくん三世 / トマティーナ少佐 / コンドアーズ / 劇場版ＪＡＸＡイル / わっしょいミカ先生
1,507,em-b343077dd75f,塚井さんは4人乗り,38,4294,3374,2,attack_buff,0.2815,0.2917,95,5,8,いいえ,塚井さんは4人乗り / ヤマさんヤミーさん / コンドアーズ / おこしんMK-2 / ウシュか☆丸か
1,508,em-f9ed70b034c7,チロ江さん,16,3020,1510,6,multi_hit_attack,0.2814,0.375,100,0,8,いいえ,チロ江さん / ペーチパイセン / 花火戦隊サイガーRe / タミちゃんの火祭り / にほりん
1,509,em-8de6e4494a60,称えよ☆メジェド様！,25,2415,2415,2,guard,0.2812,0.3542,100,0,8,いいえ,称えよ☆メジェド様！ / アウス大先輩 / ターヌムンゴネキ / タミちゃんの火祭り / ブラジリアン首都術
1,510,em-ffde6d61f228,有頂天☆安倍晴明,45,3936,4771,5,skill_reduction,0.281,0.2778,100,0,8,いいえ,有頂天☆安倍晴明 / ヤマさんヤミーさん / コンドアーズ / おこしんMK-2 / 大森さん
1,511,em-0d48fb639618,どうする？リオンさん,18,2093,2737,3,delay,0.2809,0.3472,89,11,8,いいえ,どうする？リオンさん / アウス大先輩 / トマティーナ少佐 / 劇場版ＪＡＸＡイル / わっしょいミカ先生
1,512,em-1e4dd5118669,三春瀧さくら,38,3919,3408,4,damage_reduction,0.2809,0.3056,97,3,8,いいえ,三春瀧さくら / ヤマさんヤミーさん / コンドアーズ / 愛のぴよ子 / おこしんMK-2
1,513,em-c0b8a38b4040,鹿喰らいの狼マン,47,4771,3748,2,multi_hit_attack,0.2808,0.2847,98,2,8,いいえ,鹿喰らいの狼マン / ペーチパイセン / コンドアーズ / 愛のぴよ子 / 美才能♪かの子さん
1,514,em-6885c7d684d6,雪の美女と魔獣,52,4304,3016,1,heal,0.2807,0.2917,100,0,8,いいえ,雪の美女と魔獣 / ペーチパイセン / トマティーナ少佐 / タミちゃんの火祭り / 旧市街地の魔物
1,515,em-74ebc57ab0a9,ニーハオさん,12,397,1216,5,attack_buff,0.2805,0.4236,99,1,8,いいえ,ニーハオさん / ヤマさんヤミーさん / ターヌムンゴネキ / 愛のぴよ子 / 美才能♪かの子さん
1,516,em-981bf693e8c3,メガネパンダ系の何か,19,2576,2415,6,skill_reduction,0.2805,0.3472,90,10,8,いいえ,メガネパンダ系の何か / アウス大先輩 / トマティーナ少佐 / 劇場版ＪＡＸＡイル / わっしょいミカ先生
1,517,em-8660ff550c92,うどんの天使,40,3067,3748,1,attack_buff,0.2804,0.3125,100,0,8,いいえ,うどんの天使 / ヤマさんヤミーさん / 愛のぴよ子 / おこしんMK-2 / 美才能♪かの子さん
1,518,em-16634f0d7475,どーよさん,12,400,1200,5,attack_buff,0.28,0.4236,99,1,8,いいえ,どーよさん / ヤマさんヤミーさん / ターヌムンゴネキ / 愛のぴよ子 / 美才能♪かの子さん
1,519,em-69c72b6c10d2,紳士なトーマスん,12,765,835,3,attribute_change,0.2799,0.4375,99,1,8,いいえ,紳士なトーマスん / ヤマさんヤミーさん / ターヌムンゴネキ / 愛のぴよ子 / 美才能♪かの子さん
1,520,em-2f152df51cdc,エトナさん,50,5673,1704,1,aoe_attack,0.2798,0.2986,100,0,8,いいえ,エトナさん / ペーチパイセン / トマティーナ少佐 / 愛のぴよ子 / 美才能♪かの子さん
1,521,em-d07cd0c8b0b0,二条城☆浴衣モード,19,2656,2495,1,attribute_guard,0.2796,0.3333,90,10,8,いいえ,二条城☆浴衣モード / アウス大先輩 / トマティーナ少佐 / 劇場版ＪＡＸＡイル / わっしょいミカ先生
1,522,manual-nijo-yukata-mode,二条嬢☆浴衣モード,19,2656,2495,1,attribute_guard,0.2796,0.3333,90,10,8,いいえ,二条嬢☆浴衣モード / アウス大先輩 / トマティーナ少佐 / 劇場版ＪＡＸＡイル / わっしょいミカ先生
1,523,em-1c72b25f9096,エッシュ＆エッジュ,10,800,800,3,skill_reduction,0.2795,0.4375,97,3,8,いいえ,エッシュ＆エッジュ / ヤマさんヤミーさん / ターヌムンゴネキ / 愛のぴよ子 / 美才能♪かの子さん
1,524,em-7b76cc31326e,迷走のヴァニ江,36,4379,2505,2,damage_reduction,0.2795,0.3056,95,5,8,いいえ,迷走のヴァニ江 / ヤマさんヤミーさん / コンドアーズ / 愛のぴよ子 / おこしんMK-2
1,525,em-28a408b64836,真・銘菓ぴよ子,12,795,815,3,multi_hit_attack,0.2794,0.4375,99,1,8,いいえ,真・銘菓ぴよ子 / ヤマさんヤミーさん / ターヌムンゴネキ / 愛のぴよ子 / 美才能♪かの子さん
1,526,em-9ac3c0929f90,オコオコ,11,1704,1704,3,attack_buff,0.2792,0.3819,99,1,8,いいえ,オコオコ / ヤマさんヤミーさん / 愛のぴよ子 / 聖☆いんてぃないか / ばうあー泥棒
1,527,em-409b16959eac,唸るぜ！よりりん,12,795,805,3,attribute_change,0.279,0.4375,99,1,8,いいえ,唸るぜ！よりりん / ヤマさんヤミーさん / ターヌムンゴネキ / 愛のぴよ子 / 美才能♪かの子さん
1,528,em-da8da47e0c9c,さるぼぼ・ぼーぼぼ,14,1661,2114,3,aoe_attack,0.2788,0.3681,97,3,8,いいえ,さるぼぼ・ぼーぼぼ / 北間・クラリス嬢 / コンドアーズ / 財閥だ浅ちゃん！ / 美才能♪かの子さん
1,529,em-786d95001098,可憐な二条嬢,12,810,790,2,attribute_guard,0.2786,0.4375,99,1,8,いいえ,可憐な二条嬢 / ヤマさんヤミーさん / ターヌムンゴネキ / 愛のぴよ子 / 美才能♪かの子さん
1,530,em-a44b56d26d84,聖夜の又マタドーるん,45,3919,4260,1,damage_reduction,0.2785,0.2778,98,2,8,いいえ,聖夜の又マタドーるん / ペーチパイセン / 愛のぴよ子 / 聖☆いんてぃないか / 美才能♪かの子さん
1,531,em-c09c9bb81a01,蓮十郎,7,1215,1187,2,skill_reduction,0.2781,0.4028,91,9,8,いいえ,蓮十郎 / ペーチパイセン / 花火戦隊サイガーRe / タミちゃんの火祭り / にほりん
1,532,em-9671099553c0,唸れ！阿蘇さん,12,1020,680,1,attribute_guard,0.2779,0.4375,99,1,8,いいえ,唸れ！阿蘇さん / ヤマさんヤミーさん / ターヌムンゴネキ / 愛のぴよ子 / 美才能♪かの子さん
1,533,em-f334c541bf84,納得ん★福曼荼羅,17,1763,1860,2,attribute_change,0.2779,0.3681,100,0,8,いいえ,納得ん★福曼荼羅 / 北間・クラリス嬢 / コンドアーズ / 財閥だ浅ちゃん！ / 美才能♪かの子さん
1,534,em-3e7f24f8564c,かずらさん,6,450,650,2,guard,0.2778,0.4514,77,23,8,いいえ,かずらさん / トマティーナ少佐 / コンドアーズ / 劇場版ＪＡＸＡイル / わっしょいミカ先生
1,535,em-237ca774c5e5,ルナプリ☆かぐや様,66,8861,1584,1,aoe_attack,0.2775,0.2565,98,2,7,いいえ,ルナプリ☆かぐや様 / ペーチパイセン / 愛のぴよ子 / 旧市街地の魔物 / おこしんMK-2
1,536,em-712f122e2051,オロモ君は欝気味,17,1536,2684,1,guard,0.2774,0.3472,100,0,8,いいえ,オロモ君は欝気味 / 北間・クラリス嬢 / コンドアーズ / 財閥だ浅ちゃん！ / 美才能♪かの子さん
1,537,em-fa48dd1cff0a,祭りだ浅ちゃん！,7,800,1603,4,attack_buff,0.2773,0.3958,91,9,8,いいえ,祭りだ浅ちゃん！ / ペーチパイセン / 花火戦隊サイガーRe / タミちゃんの火祭り / にほりん
1,538,em-8e1d0fa65dc4,厩戸之太子大先生,24,2866,2447,1,heal,0.277,0.3403,89,11,8,いいえ,厩戸之太子大先生 / ペーチパイセン / アウス大先輩 / 聖☆いんてぃないか / わっしょいミカ先生
1,539,em-960c8d1446c2,GC・アガッシィΩ,42,3578,3578,4,multi_hit_attack,0.277,0.2986,97,3,8,いいえ,GC・アガッシィΩ / ヤマさんヤミーさん / コンドアーズ / おこしんMK-2 / 大森さん
1,540,em-efebd27cd58d,新・ひろしマン,7,600,600,3,heal,0.2769,0.4514,78,22,8,いいえ,新・ひろしマン / トマティーナ少佐 / コンドアーズ / 劇場版ＪＡＸＡイル / わっしょいミカ先生
1,541,em-e44c80aa58d3,二条嬢,8,620,600,2,attribute_guard,0.2767,0.4514,79,21,8,いいえ,二条嬢 / トマティーナ少佐 / コンドアーズ / 劇場版ＪＡＸＡイル / わっしょいミカ先生
1,542,em-860d0191c03c,太子くん,8,650,590,2,heal,0.2766,0.4514,79,21,8,いいえ,太子くん / トマティーナ少佐 / コンドアーズ / 劇場版ＪＡＸＡイル / わっしょいミカ先生
1,543,em-cf78c5cc3134,オタテカモ次郎,28,4186,3059,2,attribute_change,0.2766,0.2917,88,12,8,いいえ,オタテカモ次郎 / ヤマさんヤミーさん / コンドアーズ / おこしんMK-2 / ブラジリアン首都術
1,544,em-ab565d3596f4,さんとくん先輩,10,1500,400,4,delay,0.2765,0.4444,97,3,8,いいえ,さんとくん先輩 / ヤマさんヤミーさん / ターヌムンゴネキ / 愛のぴよ子 / 美才能♪かの子さん
1,545,em-3c7a40d5b751,宇和島マタドーるん,19,2737,3059,1,damage_reduction,0.2765,0.3194,90,10,8,いいえ,宇和島マタドーるん / アウス大先輩 / トマティーナ少佐 / 劇場版ＪＡＸＡイル / わっしょいミカ先生
1,546,em-3ff69ed35fe7,wiーん・ザ・ウルフ,19,2898,2898,4,attribute_change,0.2765,0.3125,100,0,8,いいえ,wiーん・ザ・ウルフ / 北間・クラリス嬢 / ターヌムンゴネキ / 劇場版ＪＡＸＡイル / 美才能♪かの子さん
1,547,em-5ad05ec11a09,三連星のオコオコ,37,3834,3834,3,multi_hit_attack,0.2765,0.2917,94,6,8,いいえ,三連星のオコオコ / ヤマさんヤミーさん / コンドアーズ / おこしんMK-2 / ウシュか☆丸か
1,548,em-2d8f15eaba64,のぶくろさん,12,700,900,7,aoe_attack,0.2764,0.4306,99,1,8,いいえ,のぶくろさん / ヤマさんヤミーさん / ターヌムンゴネキ / 愛のぴよ子 / 美才能♪かの子さん
1,549,em-11f22e87203d,骨喰　花蟲,60,2300,5708,4,revive,0.2763,0.2778,99,1,8,いいえ,骨喰　花蟲 / ペーチパイセン / 愛のぴよ子 / タミちゃんの火祭り / 旧市街地の魔物
1,550,em-9164bb93f13d,ロロさん,12,700,1000,7,revive,0.2759,0.4236,99,1,8,いいえ,ロロさん / ヤマさんヤミーさん / ターヌムンゴネキ / 愛のぴよ子 / 美才能♪かの子さん
1,551,em-b422734eb78b,たたーる星人,15,1812,1510,2,attack_buff,0.2759,0.3889,100,0,8,いいえ,たたーる星人 / ヤマさんヤミーさん / ターヌムンゴネキ / 劇場版ＪＡＸＡイル / ハリウッドナナコ師匠
1,552,em-4db528322142,だいこっくん様,16,1300,1400,9,attack_buff,0.2756,0.3958,100,0,8,いいえ,だいこっくん様 / ペーチパイセン / アウス大先輩 / 財閥だ浅ちゃん！ / わっしょいミカ先生
1,553,em-cf71633a3be4,真・やよいチゥりっぷ,12,1500,300,3,attribute_change,0.2755,0.4514,99,1,8,いいえ,真・やよいチゥりっぷ / ヤマさんヤミーさん / ターヌムンゴネキ / 愛のぴよ子 / 美才能♪かの子さん
1,554,em-8a847b9e3d1d,アストロ・あっしゅ,15,1900,1100,5,attribute_guard,0.275,0.3958,100,0,8,いいえ,アストロ・あっしゅ / ヤマさんヤミーさん / ターヌムンゴネキ / 劇場版ＪＡＸＡイル / ハリウッドナナコ師匠
1,555,em-dc5f853080a2,ねぶるー,12,590,630,2,attack_buff,0.2749,0.4444,99,1,8,いいえ,ねぶるー / ヤマさんヤミーさん / ターヌムンゴネキ / 愛のぴよ子 / 美才能♪かの子さん
1,556,em-8b0ee22a5cd7,ドナドナう皮,26,1676,1664,3,guard,0.2748,0.3819,88,12,8,いいえ,ドナドナう皮 / トマティーナ少佐 / 愛のぴよ子 / 聖☆いんてぃないか / わっしょいミカ先生
1,557,em-ffea90d62e77,テイヤさん,55,1874,5282,3,multi_hit_attack,0.2748,0.3056,98,2,8,いいえ,テイヤさん / ペーチパイセン / 愛のぴよ子 / 聖☆いんてぃないか / 旧市街地の魔物
1,558,em-c358a9d61a43,PiぐPeんとBiぐBeん,15,1208,1510,2,attack_buff,0.2744,0.3889,100,0,8,いいえ,PiぐPeんとBiぐBeん / ヤマさんヤミーさん / ターヌムンゴネキ / 劇場版ＪＡＸＡイル / ハリウッドナナコ師匠
1,559,em-e7480334e10e,脱力系アテナ,33,4186,1610,0,attack_buff,0.2741,0.3194,100,0,8,いいえ,脱力系アテナ / ヤマさんヤミーさん / 愛のぴよ子 / タミちゃんの火祭り / 美才能♪かの子さん
1,560,em-e795d2bbe2f0,北政所ねね様,60,5623,4601,3,attribute_guard,0.2738,0.2431,100,0,8,いいえ,北政所ねね様 / ペーチパイセン / トマティーナ少佐 / 愛のぴよ子 / 旧市街地の魔物
1,561,em-e6c115665fbd,上宮之太子さま,15,1300,1150,2,heal,0.2736,0.4028,99,1,8,いいえ,上宮之太子さま / ペーチパイセン / 花火戦隊サイガーRe / タミちゃんの火祭り / にほりん
1,562,em-35dfd8c60675,はぎみタンさん,55,4430,4771,4,aoe_attack,0.2736,0.2639,98,2,8,いいえ,はぎみタンさん / ペーチパイセン / 愛のぴよ子 / 聖☆いんてぃないか / 旧市街地の魔物
1,563,em-2f3689f15f09,ブルりん,8,800,1000,6,damage_reduction,0.2735,0.4167,79,21,8,いいえ,ブルりん / トマティーナ少佐 / コンドアーズ / 劇場版ＪＡＸＡイル / わっしょいミカ先生
1,564,em-59dbe02c39e1,吸血くん,18,1757,3067,1,attribute_guard,0.2734,0.3333,89,11,8,いいえ,吸血くん / アウス大先輩 / トマティーナ少佐 / 劇場版ＪＡＸＡイル / わっしょいミカ先生
1,565,em-64a5161e8307,優美な二条嬢,15,1250,1150,2,attribute_guard,0.273,0.4028,99,1,8,いいえ,優美な二条嬢 / ペーチパイセン / 花火戦隊サイガーRe / タミちゃんの火祭り / にほりん
1,566,em-2b266990d35f,エトナさん・ＦＸ,50,5673,2130,1,aoe_attack,0.273,0.2847,100,0,8,いいえ,エトナさん・ＦＸ / ペーチパイセン / トマティーナ少佐 / 愛のぴよ子 / 美才能♪かの子さん
1,567,em-a2d073a6cd6c,納豆問屋のご隠居様,8,944,893,1,skill_reduction,0.2727,0.4167,79,21,8,いいえ,納豆問屋のご隠居様 / トマティーナ少佐 / コンドアーズ / 劇場版ＪＡＸＡイル / わっしょいミカ先生
1,568,em-de449f69edb5,タミフルニキ,14,1257,1147,3,damage_reduction,0.2726,0.4097,98,2,8,いいえ,タミフルニキ / ペーチパイセン / 花火戦隊サイガーRe / タミちゃんの火祭り / にほりん
1,569,em-67086191a83f,マダラなシオマネキ君,27,5490,1059,2,attribute_guard,0.2725,0.3125,98,2,8,いいえ,マダラなシオマネキ君 / ヤマさんヤミーさん / 愛のぴよ子 / 聖☆いんてぃないか / 美才能♪かの子さん
1,570,em-24a892c6ebea,Mt.CACHI×2,38,2556,3578,2,multi_hit_attack,0.2724,0.3125,97,3,8,いいえ,Mt.CACHI×2 / ヤマさんヤミーさん / コンドアーズ / 愛のぴよ子 / おこしんMK-2
1,571,em-41ff91d7d090,有馬スター,9,1159,1244,4,heal,0.2722,0.3958,93,7,8,いいえ,有馬スター / ペーチパイセン / 花火戦隊サイガーRe / タミちゃんの火祭り / にほりん
1,572,em-3f58266f2bab,スカン・グ☆愛,12,2886,890,1,damage_reduction,0.2722,0.3819,96,4,8,いいえ,スカン・グ☆愛 / ペーチパイセン / 花火戦隊サイガーRe / タミちゃんの火祭り / にほりん
1,573,em-b06129e327ac,ケンＺＯ３号,6,300,680,5,attack_buff,0.2714,0.4375,100,0,8,いいえ,ケンＺＯ３号 / アウス大先輩 / 花火戦隊サイガーRe / コンドアーズ / にほりん
1,574,em-344c7687cce5,アウス大先輩,17,1924,1924,2,attribute_change,0.2713,0.3681,80,20,8,いいえ,アウス大先輩 / ペーチパイセン / トマティーナ少佐 / 劇場版ＪＡＸＡイル / わっしょいミカ先生
1,575,em-52b1a63b86dd,ヤマさんヤミーさん,27,1288,3220,1,attack_buff,0.2711,0.3403,91,9,8,いいえ,ヤマさんヤミーさん / ペーチパイセン / 巳ーちゃん / タミちゃんの火祭り / にほりん
1,576,em-900c465878ea,たたらん先生,12,800,600,3,attack_buff,0.2707,0.4375,99,1,8,いいえ,たたらん先生 / ヤマさんヤミーさん / ターヌムンゴネキ / 愛のぴよ子 / 美才能♪かの子さん
1,577,em-d0c26ab1312e,シガー☆直哉,22,3542,2125,1,attribute_change,0.2699,0.3333,87,13,8,いいえ,シガー☆直哉 / ペーチパイセン / アウス大先輩 / 聖☆いんてぃないか / わっしょいミカ先生
1,578,em-83399e4df86b,必罰のエルフ,18,2093,3281,4,attack_buff,0.2699,0.3125,100,0,8,いいえ,必罰のエルフ / 北間・クラリス嬢 / ターヌムンゴネキ / 聖☆いんてぃないか / 美才能♪かの子さん
1,579,em-690b5b221287,メルクさん,17,2114,1812,2,aoe_attack,0.2697,0.3681,100,0,8,いいえ,メルクさん / 北間・クラリス嬢 / コンドアーズ / 財閥だ浅ちゃん！ / 美才能♪かの子さん
1,580,em-2d728f34a59e,へーい竜馬,14,1500,1500,3,attack_buff,0.2696,0.375,91,9,8,いいえ,へーい竜馬 / アウス大先輩 / 巳ーちゃん / タミちゃんの火祭り / わっしょいミカ先生
1,581,em-27802083d7f5,チュニスさん,50,5964,3919,4,skill_reduction,0.2695,0.2431,99,1,8,いいえ,チュニスさん / 北間・クラリス嬢 / トマティーナ少佐 / タミちゃんの火祭り / 旧市街地の魔物
1,582,em-ae65fe2577b0,葉月ぴよ子,8,590,2110,6,attack_buff,0.2694,0.3681,79,21,8,いいえ,葉月ぴよ子 / アウス大先輩 / トマティーナ少佐 / 劇場版ＪＡＸＡイル / わっしょいミカ先生
1,583,em-df4f003ab94e,熱いマッキニキ,11,1100,600,3,damage_reduction,0.2692,0.4306,99,1,8,いいえ,熱いマッキニキ / トマティーナ少佐 / 愛のぴよ子 / 花火戦隊サイガーRe / わっしょいミカ先生
1,584,em-37fd7478d2d8,壺風味の何か,16,2809,888,1,damage_reduction,0.2691,0.3819,100,0,8,いいえ,壺風味の何か / ペーチパイセン / 花火戦隊サイガーRe / タミちゃんの火祭り / にほりん
1,585,em-0ba3ddcc384c,雛段芸人☆さくらんず,16,1510,1887,5,skill_reduction,0.2687,0.3611,100,0,8,いいえ,雛段芸人☆さくらんず / ペーチパイセン / 花火戦隊サイガーRe / タミちゃんの火祭り / にほりん
1,586,em-ab3947962bd3,姫騎士なコンクさん,60,4856,3237,1,damage_reduction,0.2685,0.2708,100,0,8,いいえ,姫騎士なコンクさん / ペーチパイセン / トマティーナ少佐 / 愛のぴよ子 / 旧市街地の魔物
1,587,em-79dd6c0e027e,ロックなじとっ子君,6,365,585,5,attack_buff,0.2681,0.4375,100,0,8,いいえ,ロックなじとっ子君 / アウス大先輩 / 花火戦隊サイガーRe / コンドアーズ / にほりん
1,588,em-e6cd26662fe8,クイーン・ク・うぃーん,15,1500,1500,4,attribute_change,0.2679,0.3819,100,0,8,いいえ,クイーン・ク・うぃーん / ヤマさんヤミーさん / ターヌムンゴネキ / 劇場版ＪＡＸＡイル / ハリウッドナナコ師匠
1,589,em-e3dd4898ff56,ﾃﾗももたろす,15,1600,1600,3,attribute_change,0.2679,0.375,100,0,8,いいえ,ﾃﾗももたろす / ヤマさんヤミーさん / ターヌムンゴネキ / 劇場版ＪＡＸＡイル / ハリウッドナナコ師匠
1,590,em-1e3b5bb54d35,ナナフシ,30,4175,2999,2,attribute_change,0.2677,0.2847,100,0,8,いいえ,ナナフシ / ヤマさんヤミーさん / 愛のぴよ子 / 劇場版ＪＡＸＡイル / 美才能♪かの子さん
1,591,em-94130e0ff2b5,かずら大先生,15,1057,1198,2,guard,0.267,0.3958,99,1,8,いいえ,かずら大先生 / ペーチパイセン / 花火戦隊サイガーRe / タミちゃんの火祭り / にほりん
1,592,em-f1302d2783e5,八太郎,10,1200,200,7,delay,0.2668,0.4514,97,3,8,いいえ,八太郎 / ヤマさんヤミーさん / ターヌムンゴネキ / 愛のぴよ子 / 美才能♪かの子さん
1,593,em-85dad7ff7aa2,ディヤの魔人,18,2385,1704,2,heal,0.2666,0.3542,89,11,8,いいえ,ディヤの魔人 / アウス大先輩 / トマティーナ少佐 / 劇場版ＪＡＸＡイル / わっしょいミカ先生
1,594,em-a8f48fb9a527,タミちゃんの火祭り,15,1,2402,4,aoe_attack,0.266,0.375,86,14,8,いいえ,タミちゃんの火祭り / アウス大先輩 / トマティーナ少佐 / 劇場版ＪＡＸＡイル / わっしょいミカ先生
1,595,em-c25db2f5b4ff,メルヘン☆グリ子,80,9202,3748,4,damage_reduction,0.2653,0.1806,100,0,8,いいえ,メルヘン☆グリ子 / ウナギーヌくん / 愛のぴよ子 / 祭りだ浅ちゃん！ / 大森さん
1,596,em-84589d5b3594,コロちゃん,11,1551,1551,1,attack_buff,0.2651,0.3681,95,5,8,いいえ,コロちゃん / ペーチパイセン / 花火戦隊サイガーRe / タミちゃんの火祭り / にほりん
1,597,em-c9268ab25340,大森銀さま,10,1600,200,3,damage_reduction,0.2649,0.4375,97,3,8,いいえ,大森銀さま / ヤマさんヤミーさん / ターヌムンゴネキ / 愛のぴよ子 / 美才能♪かの子さん
1,598,em-5b97cf2d5a88,やまたのおろちん,40,2726,2726,3,multi_hit_attack,0.2648,0.3125,99,1,8,いいえ,やまたのおろちん / ヤマさんヤミーさん / コンドアーズ / 愛のぴよ子 / おこしんMK-2
1,599,em-02dd665173e3,超回復！反魂タン,6,600,700,4,revive,0.2644,0.4236,77,23,8,いいえ,超回復！反魂タン / トマティーナ少佐 / コンドアーズ / 劇場版ＪＡＸＡイル / わっしょいミカ先生
1,600,em-bc6da5addf52,桜ブーナッド,46,5547,4013,5,heal,0.2643,0.2361,98,2,8,いいえ,桜ブーナッド / ペーチパイセン / トマティーナ少佐 / 聖☆いんてぃないか / 旧市街地の魔物
1,601,em-f86c4c085efd,メガネ系ほぬー類,12,700,600,4,skill_reduction,0.2642,0.4306,99,1,8,いいえ,メガネ系ほぬー類 / ヤマさんヤミーさん / ターヌムンゴネキ / 愛のぴよ子 / 美才能♪かの子さん
1,602,em-664c9287613d,阿蘇さん,8,820,500,1,attribute_guard,0.264,0.4306,79,21,8,いいえ,阿蘇さん / トマティーナ少佐 / コンドアーズ / 劇場版ＪＡＸＡイル / わっしょいミカ先生
1,603,em-aeee7aac1b71,ジンジャーブレッド男,20,4143,2440,2,attack_buff,0.264,0.2986,91,9,8,いいえ,ジンジャーブレッド男 / ヤマさんヤミーさん / 愛のぴよ子 / 聖☆いんてぃないか / 美才能♪かの子さん
1,604,em-377c63de8d80,極・S.K.O.Tちゃん,6,1150,300,4,heal,0.2638,0.4375,77,23,8,いいえ,極・S.K.O.Tちゃん / トマティーナ少佐 / コンドアーズ / 劇場版ＪＡＸＡイル / わっしょいミカ先生
1,605,em-489695d715f8,ボボ・さるぼぼ,10,600,700,5,aoe_attack,0.2637,0.4236,97,3,8,いいえ,ボボ・さるぼぼ / ヤマさんヤミーさん / ターヌムンゴネキ / 愛のぴよ子 / 美才能♪かの子さん
1,606,em-dce9e83b7c07,長靴履いたなろう猫,42,3786,2726,3,attribute_change,0.2635,0.2847,97,3,8,いいえ,長靴履いたなろう猫 / ヤマさんヤミーさん / アウス大先輩 / ブラジリアン首都術 / 大森さん
1,607,em-ae9fd7e6b2dc,ヘヴィなじとっ子君,8,607,1795,4,attack_buff,0.2634,0.3681,92,8,8,いいえ,ヘヴィなじとっ子君 / ペーチパイセン / 花火戦隊サイガーRe / タミちゃんの火祭り / にほりん
1,608,em-c358b6553866,ご機嫌斜めのウィーン様,58,4941,2896,5,attack_buff,0.2634,0.2633,98,2,8,いいえ,ご機嫌斜めのウィーン様 / ペーチパイセン / トマティーナ少佐 / 愛のぴよ子 / おこしんMK-2
1,609,em-fef48f3b2f9e,まん丸！シャーミー君,28,3800,3237,1,attack_buff,0.2632,0.2847,99,1,8,いいえ,まん丸！シャーミー君 / ヤマさんヤミーさん / 愛のぴよ子 / 聖☆いんてぃないか / 美才能♪かの子さん
1,610,em-30793b1211b4,ウルルさんは役者やで,15,1310,2189,1,damage_reduction,0.263,0.3472,99,1,8,いいえ,ウルルさんは役者やで / ペーチパイセン / 花火戦隊サイガーRe / タミちゃんの火祭り / にほりん
1,611,em-34853ed0f0f8,ユーコちゃん,24,2556,1533,4,revive,0.2629,0.3542,89,11,8,いいえ,ユーコちゃん / ペーチパイセン / アウス大先輩 / 聖☆いんてぃないか / わっしょいミカ先生
1,612,em-635af81fa283,ＪＡＸＡイルＲ,15,688,1706,5,multi_hit_attack,0.2628,0.375,86,14,8,いいえ,ＪＡＸＡイルＲ / アウス大先輩 / トマティーナ少佐 / 劇場版ＪＡＸＡイル / わっしょいミカ先生
1,613,em-a24482970c23,ご機嫌斜めのウィーン様,42,4941,2896,5,attack_buff,0.2625,0.2639,95,5,8,いいえ,ご機嫌斜めのウィーン様 / ペーチパイセン / 愛のぴよ子 / 聖☆いんてぃないか / 美才能♪かの子さん
1,614,em-28f044d525d7,スーリヤ様が見てる,7,489,1446,3,skill_reduction,0.2623,0.375,91,9,8,いいえ,スーリヤ様が見てる / ペーチパイセン / 花火戦隊サイガーRe / タミちゃんの火祭り / にほりん
1,615,em-504b87d4019a,ニタリくん,16,817,1533,3,multi_hit_attack,0.2621,0.3819,100,0,8,いいえ,ニタリくん / ペーチパイセン / 花火戦隊サイガーRe / タミちゃんの火祭り / にほりん
1,616,em-6a28c73fe6b3,はーい竜馬,8,900,900,3,attack_buff,0.2619,0.4028,92,8,8,いいえ,はーい竜馬 / ペーチパイセン / 花火戦隊サイガーRe / タミちゃんの火祭り / にほりん
1,617,em-2a2200aaa8bd,バロック神父そん,18,1993,1812,6,attribute_guard,0.2618,0.3472,89,11,8,いいえ,バロック神父そん / アウス大先輩 / トマティーナ少佐 / 劇場版ＪＡＸＡイル / わっしょいミカ先生
1,618,em-251adb8af3dc,にくぁう餃子権現,30,1365,3638,4,attack_buff,0.2616,0.3125,94,6,8,いいえ,にくぁう餃子権現 / 北間・クラリス嬢 / コンドアーズ / 聖☆いんてぃないか / 美才能♪かの子さん
1,619,em-2837181f6574,うおぬまンダー,6,500,600,7,aoe_attack,0.2613,0.4236,100,0,8,いいえ,うおぬまンダー / アウス大先輩 / 花火戦隊サイガーRe / コンドアーズ / にほりん
1,620,em-4f0b20692fd7,コンドアーズ,17,273,2120,3,attack_buff,0.2612,0.3611,80,20,8,いいえ,コンドアーズ / ペーチパイセン / トマティーナ少佐 / 劇場版ＪＡＸＡイル / わっしょいミカ先生
1,621,em-955edfecd83b,天晴！ぶんぶくん,22,1883,1162,4,revive,0.261,0.375,100,0,8,いいえ,天晴！ぶんぶくん / ヤマさんヤミーさん / トマティーナ少佐 / コンドアーズ / 美才能♪かの子さん
1,622,em-ab3cf42ca015,銘菓ぴよ子零式,15,1155,1255,3,multi_hit_attack,0.2609,0.3889,100,0,8,いいえ,銘菓ぴよ子零式 / ヤマさんヤミーさん / ターヌムンゴネキ / 劇場版ＪＡＸＡイル / ハリウッドナナコ師匠
1,623,em-a3fc429e3d74,にくぁうさま,15,606,1876,4,attack_buff,0.2609,0.3681,98,2,8,いいえ,にくぁうさま / 北間・クラリス嬢 / コンドアーズ / 財閥だ浅ちゃん！ / 美才能♪かの子さん
1,624,em-f14da6dc7d26,チャイナさん,15,606,1876,4,attack_buff,0.2609,0.3681,98,2,8,いいえ,チャイナさん / 北間・クラリス嬢 / コンドアーズ / 財閥だ浅ちゃん！ / 美才能♪かの子さん
1,625,em-87a6c85241fe,蝶々ペッパーくん,30,1482,1781,2,delay,0.2608,0.3611,95,5,8,いいえ,蝶々ペッパーくん / トマティーナ少佐 / アウス大先輩 / コンドアーズ / にほりん
1,626,em-1fd25fee47a1,いなば・うあー,15,1000,1400,5,skill_reduction,0.2607,0.3819,99,1,8,いいえ,いなば・うあー / ペーチパイセン / 花火戦隊サイガーRe / タミちゃんの火祭り / にほりん
1,627,em-6df3fac7ad2e,ウナギーヌ社長,9,1833,775,2,heal,0.2604,0.3889,93,7,8,いいえ,ウナギーヌ社長 / ペーチパイセン / 花火戦隊サイガーRe / タミちゃんの火祭り / にほりん
1,628,em-df95e8471300,名家ぴよ子お嬢様,10,1331,1374,5,attack_buff,0.2594,0.3681,94,6,8,いいえ,名家ぴよ子お嬢様 / ペーチパイセン / 花火戦隊サイガーRe / タミちゃんの火祭り / にほりん
1,629,em-cf5373dcdc2a,コンゴーニャスパス,17,1886,1723,3,guard,0.2585,0.3472,100,0,8,いいえ,コンゴーニャスパス / 北間・クラリス嬢 / コンドアーズ / 財閥だ浅ちゃん！ / 美才能♪かの子さん
1,630,em-18cdc04bd0d0,ｼﾞｬｯｸｵｰ・ランちゃん,20,1022,3578,5,attribute_guard,0.2585,0.3125,91,9,8,いいえ,ｼﾞｬｯｸｵｰ・ランちゃん / ヤマさんヤミーさん / 愛のぴよ子 / 聖☆いんてぃないか / 美才能♪かの子さん
1,631,em-dab58d0db3e1,夕陽のカウボーイ,17,1661,1661,5,revive,0.258,0.3542,88,12,8,いいえ,夕陽のカウボーイ / アウス大先輩 / トマティーナ少佐 / 劇場版ＪＡＸＡイル / わっしょいミカ先生
1,632,em-f18c065bbb1d,白水大師匠,18,1510,1887,5,aoe_attack,0.2578,0.3472,89,11,8,いいえ,白水大師匠 / アウス大先輩 / トマティーナ少佐 / 劇場版ＪＡＸＡイル / わっしょいミカ先生
1,633,em-f938c5c907fd,ももたろす,8,1000,1000,4,attribute_change,0.2577,0.3889,92,8,8,いいえ,ももたろす / ペーチパイセン / 花火戦隊サイガーRe / タミちゃんの火祭り / にほりん
1,634,em-c70398ce7406,讃岐・S.K.O.T神,9,2106,493,3,heal,0.2575,0.3958,93,7,8,いいえ,讃岐・S.K.O.T神 / ペーチパイセン / 花火戦隊サイガーRe / タミちゃんの火祭り / にほりん
1,635,em-99460641a41d,奇岩妖精ペリバじゃん,40,6816,852,3,attack_buff,0.2573,0.285,100,0,8,いいえ,奇岩妖精ペリバじゃん / 北間・クラリス嬢 / コンドアーズ / タミちゃんの火祭り / 美才能♪かの子さん
1,636,em-68c24ce7bf95,女帝！カるたーニャ,40,3408,3408,4,attack_buff,0.257,0.2708,100,0,8,いいえ,女帝！カるたーニャ / 北間・クラリス嬢 / コンドアーズ / タミちゃんの火祭り / 美才能♪かの子さん
1,637,em-4dec28ac375f,いやひこさん,13,800,500,3,delay,0.2569,0.4236,100,0,8,いいえ,いやひこさん / ヤマさんヤミーさん / ターヌムンゴネキ / 愛のぴよ子 / 美才能♪かの子さん
1,638,em-a6a4e9c825f7,ハズクの姐御,14,1359,1510,6,multi_hit_attack,0.2565,0.3611,85,15,8,いいえ,ハズクの姐御 / アウス大先輩 / トマティーナ少佐 / 劇場版ＪＡＸＡイル / わっしょいミカ先生
1,639,em-5d34c0af44dd,白兎神★ばうあー,72,3878,5487,3,skill_reduction,0.2564,0.2222,100,0,8,いいえ,白兎神★ばうあー / ペーチパイセン / ウナギーヌくん / 旧市街地の魔物 / おこしんMK-2
1,640,em-b54ea6cda2a4,塚井さん,38,3817,2999,2,attack_buff,0.2561,0.2708,95,5,8,いいえ,塚井さん / ヤマさんヤミーさん / コンドアーズ / おこしんMK-2 / ウシュか☆丸か
1,641,em-3e1bbfb34a76,芳一大師匠,14,1128,1269,4,revive,0.256,0.375,97,3,8,いいえ,芳一大師匠 / 北間・クラリス嬢 / コンドアーズ / 財閥だ浅ちゃん！ / 美才能♪かの子さん
1,642,em-5e67f5f55234,?????,88,10224,4941,5,attack_buff,0.2551,0.1111,100,0,4,いいえ,????? / ウナギーヌくん / デンマーくん / あっぴーちゃん / くーさん
1,643,em-f6360fa6b0ca,伝統のうるっしー,16,1800,600,4,guard,0.2549,0.3958,100,0,8,いいえ,伝統のうるっしー / ペーチパイセン / 花火戦隊サイガーRe / タミちゃんの火祭り / にほりん
1,644,em-d6397e37a32d,三山くまのたん,17,500,1900,3,attack_buff,0.2548,0.3611,100,0,8,いいえ,三山くまのたん / 北間・クラリス嬢 / コンドアーズ / 財閥だ浅ちゃん！ / 美才能♪かの子さん
1,645,em-9329de26d52c,iびるん大魔王,14,1812,1963,5,guard,0.2545,0.3333,97,3,8,いいえ,iびるん大魔王 / 北間・クラリス嬢 / コンドアーズ / 財閥だ浅ちゃん！ / 美才能♪かの子さん
1,646,em-e36d35de9441,青谷やよい,42,3578,3374,4,damage_reduction,0.2545,0.2778,95,5,8,いいえ,青谷やよい / ペーチパイセン / 愛のぴよ子 / 聖☆いんてぃないか / 美才能♪かの子さん
1,647,em-7914d5cdb04d,芋神よしあき,32,4130,2753,3,multi_hit_attack,0.2542,0.2708,99,1,8,いいえ,芋神よしあき / ヤマさんヤミーさん / 愛のぴよ子 / タミちゃんの火祭り / 美才能♪かの子さん
1,648,em-759ef91c7c65,古の灰かぶりロドピス,47,4175,3578,1,damage_reduction,0.2539,0.25,100,0,8,いいえ,古の灰かぶりロドピス / 北間・クラリス嬢 / トマティーナ少佐 / 聖☆いんてぃないか / 旧市街地の魔物
1,649,em-6a0e464e2855,収穫ぴよ子,10,1426,1304,1,attribute_change,0.2532,0.3611,94,6,8,いいえ,収穫ぴよ子 / ペーチパイセン / 花火戦隊サイガーRe / タミちゃんの火祭り / にほりん
1,650,em-bbda291d459c,漆黒及び純白のポワン,20,1704,2896,3,guard,0.2525,0.3056,91,9,8,いいえ,漆黒及び純白のポワン / ヤマさんヤミーさん / 愛のぴよ子 / 聖☆いんてぃないか / 美才能♪かの子さん
1,651,em-8a030b3f4f33,無給の皇帝,44,4601,2790,2,damage_reduction,0.2515,0.2575,97,3,8,いいえ,無給の皇帝 / 北間・クラリス嬢 / トマティーナ少佐 / 聖☆いんてぃないか / 旧市街地の魔物
1,652,em-7ba25345ffb0,シーさま,60,4601,4601,3,delay,0.2514,0.2222,99,1,8,いいえ,シーさま / ペーチパイセン / 愛のぴよ子 / タミちゃんの火祭り / 旧市街地の魔物
1,653,em-64f8ad5111a6,マッキニキ,9,1000,500,4,damage_reduction,0.2511,0.4097,97,3,8,いいえ,マッキニキ / トマティーナ少佐 / 花火戦隊サイガーRe / 愛のぴよ子 / わっしょいミカ先生
1,654,em-e6496091dd0f,シャーミーくん,20,2948,2556,1,attack_buff,0.2511,0.2986,91,9,8,いいえ,シャーミーくん / ヤマさんヤミーさん / 愛のぴよ子 / 聖☆いんてぃないか / 美才能♪かの子さん
1,655,em-f1ed908b1438,竹輪大明神,10,493,1762,2,attack_buff,0.2509,0.3542,94,6,8,いいえ,竹輪大明神 / ペーチパイセン / 花火戦隊サイガーRe / タミちゃんの火祭り / にほりん
1,656,em-d3961c13041f,光るぜ！よりりん,15,1200,1200,3,attribute_change,0.2506,0.375,100,0,8,いいえ,光るぜ！よりりん / ヤマさんヤミーさん / ターヌムンゴネキ / 劇場版ＪＡＸＡイル / ハリウッドナナコ師匠
1,657,em-7b2daf42204c,モモトじゃねーの?,14,1400,1600,3,heal,0.2505,0.3472,97,3,8,いいえ,モモトじゃねーの? / 北間・クラリス嬢 / コンドアーズ / 財閥だ浅ちゃん！ / 美才能♪かの子さん
1,658,em-4016fa16a6ca,Dr.&萌やﾁﾝｹﾞｰﾙ,14,773,2573,1,heal,0.2504,0.3264,97,3,8,いいえ,Dr.&萌やﾁﾝｹﾞｰﾙ / 北間・クラリス嬢 / コンドアーズ / 財閥だ浅ちゃん！ / 美才能♪かの子さん
1,659,em-34a894a8519d,ロロ先輩,16,1100,1400,6,revive,0.25,0.3611,100,0,8,いいえ,ロロ先輩 / ペーチパイセン / 花火戦隊サイガーRe / タミちゃんの火祭り / にほりん
1,660,em-b4d695a20bfa,ハズク姉さん,12,700,600,7,multi_hit_attack,0.2496,0.4097,99,1,8,いいえ,ハズク姉さん / ヤマさんヤミーさん / ターヌムンゴネキ / 愛のぴよ子 / 美才能♪かの子さん
1,661,em-ea2d3d13fc78,いなば☆うあー,18,1300,1700,4,skill_reduction,0.2495,0.3472,89,11,8,いいえ,いなば☆うあー / アウス大先輩 / トマティーナ少佐 / 劇場版ＪＡＸＡイル / わっしょいミカ先生
1,662,em-21262d62b170,ホーク＆フック,25,2093,2173,1,attribute_guard,0.2492,0.3194,100,0,8,いいえ,ホーク＆フック / アウス大先輩 / ターヌムンゴネキ / タミちゃんの火祭り / ブラジリアン首都術
1,663,em-9f9bdf00a915,ハンドフィッシュさん,27,1635,2862,3,damage_reduction,0.2492,0.3056,98,2,8,いいえ,ハンドフィッシュさん / ヤマさんヤミーさん / 愛のぴよ子 / 聖☆いんてぃないか / 美才能♪かの子さん
1,664,em-13467c934268,五神合体法隆Ｇ,15,1050,550,6,guard,0.2484,0.4097,96,4,8,いいえ,五神合体法隆Ｇ / ターヌムンゴネキ / 愛のぴよ子 / 聖☆いんてぃないか / わっしょいミカ先生
1,665,em-e3e851204c8b,イカすぜ！よりりん,18,2576,2576,2,attribute_change,0.2483,0.2847,100,0,8,いいえ,イカすぜ！よりりん / 北間・クラリス嬢 / ターヌムンゴネキ / 聖☆いんてぃないか / 美才能♪かの子さん
1,666,em-e2135a9d657f,ねぶるータスお前もか,18,2173,2656,2,attack_buff,0.2482,0.2917,100,0,8,いいえ,ねぶるータスお前もか / 北間・クラリス嬢 / ターヌムンゴネキ / 聖☆いんてぃないか / 美才能♪かの子さん
1,667,em-d6f4ebe1907b,猫キャット,4,150,700,1,heal,0.248,0.4028,99,1,8,いいえ,猫キャット / ヤマさんヤミーさん / ターヌムンゴネキ / タミちゃんの火祭り / 美才能♪かの子さん
1,668,em-690a803a0c00,タッターさん,47,4089,2222,2,multi_hit_attack,0.2477,0.2917,100,0,8,いいえ,タッターさん / ペーチパイセン / 愛のぴよ子 / 聖☆いんてぃないか / 美才能♪かの子さん
1,669,em-f074d8bb177d,たっくん,4,95,507,5,attack_buff,0.2476,0.4167,100,0,8,いいえ,たっくん / トマティーナ少佐 / 花火戦隊サイガーRe / タミちゃんの火祭り / わっしょいミカ先生
1,670,em-55bda88e7993,パンダ系メガネ,16,1300,1200,6,skill_reduction,0.2476,0.3611,100,0,8,いいえ,パンダ系メガネ / ペーチパイセン / 花火戦隊サイガーRe / タミちゃんの火祭り / にほりん
1,671,em-20b521a22027,ふとし君,4,111,491,5,attack_buff,0.2471,0.4167,100,0,8,いいえ,ふとし君 / トマティーナ少佐 / 花火戦隊サイガーRe / タミちゃんの火祭り / わっしょいミカ先生
1,672,em-9dc006cdc69c,解決猫キャット,5,200,900,1,heal,0.2471,0.3889,100,0,8,いいえ,解決猫キャット / ヤマさんヤミーさん / ターヌムンゴネキ / タミちゃんの火祭り / 美才能♪かの子さん
1,673,em-814278d8eb9b,轟け！阿蘇さん,15,1680,920,1,attribute_guard,0.247,0.3681,99,1,8,いいえ,轟け！阿蘇さん / ペーチパイセン / 花火戦隊サイガーRe / タミちゃんの火祭り / にほりん
1,674,em-acc7e76f32c6,満開☆チゥりっぷちゃん,20,563,2957,2,attribute_change,0.247,0.3125,91,9,8,いいえ,満開☆チゥりっぷちゃん / ヤマさんヤミーさん / 愛のぴよ子 / 聖☆いんてぃないか / 美才能♪かの子さん
1,675,em-d5465017bfd1,チュパカブ先輩,59,4819,2811,1,heal,0.247,0.2569,100,0,8,いいえ,チュパカブ先輩 / ペーチパイセン / コンドアーズ / 愛のぴよ子 / おこしんMK-2
1,676,em-98053d851e29,炎上魔女ベファーナ,59,2088,3748,2,revive,0.2467,0.2778,100,0,8,いいえ,炎上魔女ベファーナ / 北間・クラリス嬢 / トマティーナ少佐 / 祭りだ浅ちゃん！ / 旧市街地の魔物
1,677,em-d932b3b4e7ed,狼先生ジョン,18,1963,2869,1,attribute_change,0.2466,0.2917,89,11,8,いいえ,狼先生ジョン / ヤマさんヤミーさん / 愛のぴよ子 / 聖☆いんてぃないか / 美才能♪かの子さん
1,678,em-b0a6405ce878,ヒルズキング,15,859,1598,1,attack_buff,0.2464,0.3542,98,2,8,いいえ,ヒルズキング / 北間・クラリス嬢 / コンドアーズ / 財閥だ浅ちゃん！ / 美才能♪かの子さん
1,679,em-c6e2304d0b02,パプアさん,26,3365,2270,3,damage_reduction,0.2461,0.2847,97,3,8,いいえ,パプアさん / ヤマさんヤミーさん / 愛のぴよ子 / 聖☆いんてぃないか / 美才能♪かの子さん
1,680,em-231cdc0f0757,忠犬八太郎,14,3775,755,6,delay,0.2459,0.3333,85,15,8,いいえ,忠犬八太郎 / アウス大先輩 / トマティーナ少佐 / 劇場版ＪＡＸＡイル / わっしょいミカ先生
1,681,em-9b717b0ffa22,地獄めぐりベッピー,19,1733,1664,5,attack_buff,0.2458,0.3333,100,0,8,いいえ,地獄めぐりベッピー / 北間・クラリス嬢 / ターヌムンゴネキ / 劇場版ＪＡＸＡイル / 美才能♪かの子さん
1,682,em-8d9e942117e5,ウナギーヌ課長,6,1000,450,2,heal,0.2457,0.4028,77,23,8,いいえ,ウナギーヌ課長 / トマティーナ少佐 / コンドアーズ / 劇場版ＪＡＸＡイル / わっしょいミカ先生
1,683,em-e2c8365ae02e,ɔリバーくん,10,704,1689,3,attack_buff,0.2457,0.3542,100,0,8,いいえ,ɔリバーくん / ヤマさんヤミーさん / 愛のぴよ子 / 財閥だ浅ちゃん！ / 美才能♪かの子さん
1,684,em-08381d79cfef,大森銀さん,5,1300,150,4,damage_reduction,0.2441,0.4097,100,0,8,いいえ,大森銀さん / ヤマさんヤミーさん / ターヌムンゴネキ / タミちゃんの火祭り / 美才能♪かの子さん
1,685,em-3ac00001d30a,ネギの向こう側,20,2262,2273,0,heal,0.2438,0.2986,90,10,8,いいえ,ネギの向こう側 / トマティーナ少佐 / コンドアーズ / 劇場版ＪＡＸＡイル / 聖☆いんてぃないか
1,686,em-f3d5bcd42444,あっぴー先輩,6,1000,400,2,heal,0.2435,0.4028,77,23,8,いいえ,あっぴー先輩 / トマティーナ少佐 / コンドアーズ / 劇場版ＪＡＸＡイル / わっしょいミカ先生
1,687,em-f05bf139bdc3,荒野のシンプソン,10,500,500,7,revive,0.2434,0.4097,97,3,8,いいえ,荒野のシンプソン / ヤマさんヤミーさん / ターヌムンゴネキ / 愛のぴよ子 / 美才能♪かの子さん
1,688,em-d0ab2c82078b,デルモンテ嬢,23,3020,453,6,attribute_guard,0.2434,0.375,87,13,8,いいえ,デルモンテ嬢 / ペーチパイセン / トマティーナ少佐 / 聖☆いんてぃないか / わっしょいミカ先生
1,689,em-0e376d1892df,メネリくん一世,72,6134,3067,4,guard,0.2431,0.2083,99,1,8,いいえ,メネリくん一世 / ペーチパイセン / 愛のぴよ子 / おこしんMK-2 / 大森さん
1,690,em-a11a3441fd8e,レンネルアルケニー,43,2896,3919,2,damage_reduction,0.2426,0.2569,96,4,8,いいえ,レンネルアルケニー / 北間・クラリス嬢 / トマティーナ少佐 / 聖☆いんてぃないか / 旧市街地の魔物
1,691,em-2f1780cfd053,どーよ様,15,500,1900,5,attack_buff,0.2425,0.3403,98,2,8,いいえ,どーよ様 / 北間・クラリス嬢 / コンドアーズ / 財閥だ浅ちゃん！ / 美才能♪かの子さん
1,692,em-40b14b1190a7,芳一先生,6,600,700,5,revive,0.242,0.3889,77,23,8,いいえ,芳一先生 / トマティーナ少佐 / コンドアーズ / 劇場版ＪＡＸＡイル / わっしょいミカ先生
1,693,em-f3d2c338aec3,セビリアンナ先輩,18,1963,1359,0,multi_hit_attack,0.242,0.3333,89,11,8,いいえ,セビリアンナ先輩 / アウス大先輩 / トマティーナ少佐 / 劇場版ＪＡＸＡイル / わっしょいミカ先生
1,694,em-2a823144560b,パンのん☆春間,56,3919,3408,0,damage_reduction,0.242,0.2431,98,2,8,いいえ,パンのん☆春間 / 北間・クラリス嬢 / トマティーナ少佐 / 旧市街地の魔物 / おこしんMK-2
1,695,em-549e080062a7,ぶんぶくん,22,1550,895,4,revive,0.2419,0.3681,87,13,8,いいえ,ぶんぶくん / ペーチパイセン / アウス大先輩 / 聖☆いんてぃないか / わっしょいミカ先生
1,696,em-d8d7722f9f21,赤パジャマさん,20,2240,3262,5,attribute_guard,0.2417,0.2778,91,9,8,いいえ,赤パジャマさん / ヤマさんヤミーさん / 愛のぴよ子 / 聖☆いんてぃないか / 美才能♪かの子さん
1,697,em-149e96a7721b,大黒まはーかーらん,20,2576,2737,10,attack_buff,0.2414,0.2778,91,9,8,いいえ,大黒まはーかーらん / ヤマさんヤミーさん / 愛のぴよ子 / 聖☆いんてぃないか / 美才能♪かの子さん
1,698,em-5f292317fd1c,墨染のＰＬぴよ子,60,3656,3656,5,attribute_change,0.2413,0.2361,100,0,8,いいえ,墨染のＰＬぴよ子 / アウス大先輩 / 愛のぴよ子 / ブラジリアン首都術 / 旧市街地の魔物
1,699,em-c5623c38fcb8,反魂タン,5,500,600,4,revive,0.2411,0.3958,100,0,8,いいえ,反魂タン / ヤマさんヤミーさん / ターヌムンゴネキ / タミちゃんの火祭り / 美才能♪かの子さん
1,700,em-1211d6248533,ピンクなコンクさん,32,3067,2044,1,damage_reduction,0.2405,0.2917,99,1,8,いいえ,ピンクなコンクさん / ヤマさんヤミーさん / 愛のぴよ子 / タミちゃんの火祭り / 美才能♪かの子さん
1,701,em-01325fd9f459,いやひこさま,16,1200,600,3,delay,0.2402,0.3819,100,0,8,いいえ,いやひこさま / ペーチパイセン / 花火戦隊サイガーRe / タミちゃんの火祭り / にほりん
1,702,em-d86fc6931627,ふくしメイト・じゅん,19,1812,1661,3,skill_reduction,0.2402,0.3333,90,10,8,いいえ,ふくしメイト・じゅん / アウス大先輩 / トマティーナ少佐 / 劇場版ＪＡＸＡイル / わっしょいミカ先生
1,703,em-845e49247e45,ウサポワン海人,20,1533,2607,3,guard,0.2402,0.2986,91,9,8,いいえ,ウサポワン海人 / ヤマさんヤミーさん / 愛のぴよ子 / 聖☆いんてぃないか / 美才能♪かの子さん
1,704,em-962fa89cd31d,極東恋姫☆霧子たん,15,1243,1161,5,revive,0.24,0.3611,99,1,8,いいえ,極東恋姫☆霧子たん / ペーチパイセン / 花火戦隊サイガーRe / タミちゃんの火祭り / にほりん
1,705,em-85946f26dcf5,鉄人！ガヨーマルト,18,3381,1610,1,attribute_change,0.2399,0.2917,100,0,8,いいえ,鉄人！ガヨーマルト / 北間・クラリス嬢 / ターヌムンゴネキ / 聖☆いんてぃないか / 美才能♪かの子さん
1,706,em-4b8a1db2788c,ニートな浅子さん,4,112,418,5,attack_buff,0.2398,0.4097,100,0,8,いいえ,ニートな浅子さん / トマティーナ少佐 / 花火戦隊サイガーRe / タミちゃんの火祭り / わっしょいミカ先生
1,707,em-bca5e711ca4b,あろま・シュワー,16,1060,1201,5,revive,0.2398,0.3542,100,0,8,いいえ,あろま・シュワー / ペーチパイセン / 花火戦隊サイガーRe / タミちゃんの火祭り / にほりん
1,708,em-9c1df245a2ec,のぶくろお館,16,1100,1300,6,aoe_attack,0.2395,0.3472,99,1,8,いいえ,のぶくろお館 / 北間・クラリス嬢 / コンドアーズ / 財閥だ浅ちゃん！ / 美才能♪かの子さん
1,709,em-6e1b672bdbe8,いやひこにゃん,18,2718,1057,3,delay,0.2383,0.3333,89,11,8,いいえ,いやひこにゃん / アウス大先輩 / トマティーナ少佐 / 劇場版ＪＡＸＡイル / わっしょいミカ先生
1,710,em-53084d488de2,川越ザ・サード,15,666,1607,4,attack_buff,0.2382,0.3403,98,2,8,いいえ,川越ザ・サード / 北間・クラリス嬢 / コンドアーズ / 財閥だ浅ちゃん！ / 美才能♪かの子さん
1,711,em-039828fc85d9,ひろしマン・改,6,400,400,3,heal,0.2378,0.4097,77,23,8,いいえ,ひろしマン・改 / トマティーナ少佐 / コンドアーズ / 劇場版ＪＡＸＡイル / わっしょいミカ先生
1,712,em-e11205ce4a3f,紅蓮のＰＬぴよ子,60,3656,3656,1,attribute_change,0.2375,0.2292,99,1,8,いいえ,紅蓮のＰＬぴよ子 / ペーチパイセン / 愛のぴよ子 / タミちゃんの火祭り / おこしんMK-2
1,713,em-ae6876a278ca,白水先生,9,680,724,7,aoe_attack,0.237,0.3819,80,20,8,いいえ,白水先生 / トマティーナ少佐 / コンドアーズ / 劇場版ＪＡＸＡイル / わっしょいミカ先生
1,714,em-c6a3687dad8c,ウナギーヌさん,5,900,350,2,heal,0.2369,0.3958,100,0,8,いいえ,ウナギーヌさん / ヤマさんヤミーさん / ターヌムンゴネキ / タミちゃんの火祭り / 美才能♪かの子さん
1,715,em-0c10b95e36c6,激走！えるたそ,10,900,800,4,attack_buff,0.236,0.3681,94,6,8,いいえ,激走！えるたそ / ペーチパイセン / 花火戦隊サイガーRe / タミちゃんの火祭り / にほりん
1,716,em-87d7d883c438,ニートエンペラー,10,459,565,7,damage_reduction,0.2356,0.3958,98,2,8,いいえ,ニートエンペラー / トマティーナ少佐 / 愛のぴよ子 / 花火戦隊サイガーRe / わっしょいミカ先生
1,717,em-f203cae3d671,ペーチパイセン,9,1974,1100,1,attack_buff,0.2356,0.3403,99,1,8,いいえ,ペーチパイセン / ヤマさんヤミーさん / 愛のぴよ子 / 財閥だ浅ちゃん！ / 美才能♪かの子さん
1,718,em-f1fdf84ea79d,どんちっちん,6,700,500,9,aoe_attack,0.2346,0.3889,100,0,8,いいえ,どんちっちん / アウス大先輩 / 花火戦隊サイガーRe / コンドアーズ / にほりん
1,719,em-cdd2ac5f0a12,クイーンなコンク様,44,3578,2385,1,damage_reduction,0.2346,0.2639,97,3,8,いいえ,クイーンなコンク様 / ペーチパイセン / 愛のぴよ子 / 聖☆いんてぃないか / 美才能♪かの子さん
1,720,em-fa2d14d3eb33,大天姿☆ぴよ子,46,7572,756,5,skill_reduction,0.2346,0.2569,98,2,8,いいえ,大天姿☆ぴよ子 / ペーチパイセン / トマティーナ少佐 / 聖☆いんてぃないか / 旧市街地の魔物
1,721,em-9cbbb04818bd,シミ,20,1704,2215,4,heal,0.2344,0.2986,91,9,8,いいえ,シミ / ヤマさんヤミーさん / 愛のぴよ子 / 聖☆いんてぃないか / 美才能♪かの子さん
1,722,em-4fddbba71de4,大熊びぐべん,9,600,700,2,attack_buff,0.2342,0.3681,93,7,8,いいえ,大熊びぐべん / ペーチパイセン / 花火戦隊サイガーRe / タミちゃんの火祭り / にほりん
1,723,em-a14b58fbc4fa,うるっしー,8,1000,400,5,guard,0.2341,0.3889,79,21,8,いいえ,うるっしー / トマティーナ少佐 / コンドアーズ / 劇場版ＪＡＸＡイル / わっしょいミカ先生
1,724,em-c08f9d20049a,激辛ふとし君,8,701,1702,5,attack_buff,0.2341,0.3264,92,8,8,いいえ,激辛ふとし君 / ペーチパイセン / 花火戦隊サイガーRe / タミちゃんの火祭り / にほりん
1,725,em-95694ab0605a,超★メジェド様,44,2300,3432,2,guard,0.2341,0.2569,97,3,8,いいえ,超★メジェド様 / 北間・クラリス嬢 / トマティーナ少佐 / 聖☆いんてぃないか / 旧市街地の魔物
1,726,em-4ccfc2b986b5,舞え！どんちっちん,8,900,600,8,aoe_attack,0.2338,0.3819,95,5,8,いいえ,舞え！どんちっちん / ヤマさんヤミーさん / コンドアーズ / 財閥だ浅ちゃん！ / ハリウッドナナコ師匠
1,727,em-30e34a964d63,デンマーくん二世,5,700,450,3,guard,0.2333,0.3889,100,0,8,いいえ,デンマーくん二世 / ヤマさんヤミーさん / ターヌムンゴネキ / タミちゃんの火祭り / 美才能♪かの子さん
1,728,em-646a258bedba,ロロちゃん,8,500,800,8,revive,0.2332,0.375,79,21,8,いいえ,ロロちゃん / トマティーナ少佐 / コンドアーズ / 劇場版ＪＡＸＡイル / わっしょいミカ先生
1,729,em-ce4a4d623424,ケンＺＯ４号,8,502,1901,5,attack_buff,0.2331,0.3194,92,8,8,いいえ,ケンＺＯ４号 / ペーチパイセン / 花火戦隊サイガーRe / タミちゃんの火祭り / にほりん
1,730,em-d9bd2d5de563,コンクちゃん,20,2556,1704,1,damage_reduction,0.2331,0.2986,91,9,8,いいえ,コンクちゃん / ヤマさんヤミーさん / 愛のぴよ子 / 聖☆いんてぃないか / 美才能♪かの子さん
1,731,em-bf7beec08736,いやひこちゃん,10,700,400,4,delay,0.2323,0.3958,97,3,8,いいえ,いやひこちゃん / ヤマさんヤミーさん / ターヌムンゴネキ / 愛のぴよ子 / 美才能♪かの子さん
1,732,em-8ece38ad97a5,デンマーくん大帝,17,1269,1057,2,guard,0.2323,0.3472,100,0,8,いいえ,デンマーくん大帝 / 北間・クラリス嬢 / コンドアーズ / 財閥だ浅ちゃん！ / 美才能♪かの子さん
1,733,em-8527b3dd869a,帰って来たいぬやマン,21,1661,1661,4,attack_buff,0.2319,0.3056,93,7,8,いいえ,帰って来たいぬやマン / ペーチパイセン / コンドアーズ / 財閥だ浅ちゃん！ / おこしんMK-2
1,734,em-2e3e250aef5e,IMO NI FESTIVAL 2018,14,1837,1161,3,aoe_attack,0.2316,0.3403,99,1,8,いいえ,IMO NI FESTIVAL 2018 / ヤマさんヤミーさん / トマティーナ少佐 / 愛のぴよ子 / ばうあー泥棒
1,735,em-59482d256e11,大森銀佐摩,15,2679,352,2,damage_reduction,0.2313,0.3611,99,1,8,いいえ,大森銀佐摩 / ペーチパイセン / 花火戦隊サイガーRe / タミちゃんの火祭り / にほりん
1,736,em-188f3b3f954c,凄ェたっくん,8,636,1767,5,attack_buff,0.2313,0.3194,92,8,8,いいえ,凄ェたっくん / ペーチパイセン / 花火戦隊サイガーRe / タミちゃんの火祭り / にほりん
1,737,em-71b88b3e60d7,迷菓ぴよ子,4,346,356,5,attack_buff,0.2311,0.3958,100,0,8,いいえ,迷菓ぴよ子 / トマティーナ少佐 / 花火戦隊サイガーRe / タミちゃんの火祭り / わっしょいミカ先生
1,738,em-7fd9b48cee31,七夕星人☆たたるんるん,20,3220,1610,2,attack_buff,0.2307,0.2847,91,9,8,いいえ,七夕星人☆たたるんるん / ヤマさんヤミーさん / 愛のぴよ子 / 聖☆いんてぃないか / 美才能♪かの子さん
1,739,em-feafabb058cc,皐月けいび,4,614,614,6,skill_reduction,0.2305,0.375,99,1,8,いいえ,皐月けいび / ヤマさんヤミーさん / ターヌムンゴネキ / タミちゃんの火祭り / 美才能♪かの子さん
1,740,em-523af93f71e3,神田祭らーの集い,88,5027,6901,4,aoe_attack,0.2303,0.1042,100,0,4,いいえ,神田祭らーの集い / かずらちゃん / デンマーくん / くーさん / ハントンくん
1,741,em-3b3dcabfe61f,ク・うぃーん女王,8,900,900,5,attribute_change,0.2295,0.3542,92,8,8,いいえ,ク・うぃーん女王 / ペーチパイセン / 花火戦隊サイガーRe / タミちゃんの火祭り / にほりん
1,742,em-37ab32b36f96,ハントンさん,5,450,650,7,multi_hit_attack,0.2282,0.375,100,0,8,いいえ,ハントンさん / ヤマさんヤミーさん / ターヌムンゴネキ / タミちゃんの火祭り / 美才能♪かの子さん
1,743,em-dff6ba115611,トゥーさん,44,3067,3067,3,revive,0.2278,0.2431,97,3,8,いいえ,トゥーさん / ペーチパイセン / 愛のぴよ子 / 聖☆いんてぃないか / 美才能♪かの子さん
1,744,em-301c11f4a1d7,ウサポワンちゃん,20,1363,2317,3,guard,0.2275,0.2917,91,9,8,いいえ,ウサポワンちゃん / ヤマさんヤミーさん / 愛のぴよ子 / 聖☆いんてぃないか / 美才能♪かの子さん
1,745,em-950c6a19b78f,竹輪総理,6,250,1100,3,attack_buff,0.227,0.3472,100,0,8,いいえ,竹輪総理 / トマティーナ少佐 / 花火戦隊サイガーRe / 劇場版ＪＡＸＡイル / にほりん
1,746,em-d5d58dc5e468,子供神・わらしちゃん,7,565,1131,4,delay,0.2266,0.3403,91,9,8,いいえ,子供神・わらしちゃん / ペーチパイセン / 花火戦隊サイガーRe / タミちゃんの火祭り / にほりん
1,747,em-4299af9bd2dc,皐月むりょく,4,614,614,6,skill_reduction,0.2257,0.3681,99,1,8,いいえ,皐月むりょく / ヤマさんヤミーさん / ターヌムンゴネキ / タミちゃんの火祭り / 美才能♪かの子さん
1,748,em-8532615661b1,ハズクさん,10,500,400,8,multi_hit_attack,0.2246,0.3889,97,3,8,いいえ,ハズクさん / ヤマさんヤミーさん / ターヌムンゴネキ / 愛のぴよ子 / 美才能♪かの子さん
1,749,em-e9a9af4ae9bc,梨豚ぴぐぺん,6,500,600,2,attack_buff,0.2244,0.3611,100,0,8,いいえ,梨豚ぴぐぺん / トマティーナ少佐 / 花火戦隊サイガーRe / 劇場版ＪＡＸＡイル / にほりん
1,750,em-7d5a30231904,「ふ」じゃなくてふゅーま,60,4260,2556,0,attribute_change,0.2237,0.2361,99,1,8,いいえ,「ふ」じゃなくてふゅーま / ペーチパイセン / 愛のぴよ子 / タミちゃんの火祭り / おこしんMK-2
1,751,em-e668f3d46f31,超・S.K.O.Tちゃん,5,950,250,5,heal,0.2226,0.3819,100,0,8,いいえ,超・S.K.O.Tちゃん / ヤマさんヤミーさん / ターヌムンゴネキ / タミちゃんの火祭り / 美才能♪かの子さん
1,752,em-c8e560adbea9,草カロ次郎,6,480,500,5,heal,0.2224,0.375,77,23,8,いいえ,草カロ次郎 / トマティーナ少佐 / コンドアーズ / 劇場版ＪＡＸＡイル / わっしょいミカ先生
1,753,em-414540146c27,びぐべん選手,30,3220,1610,0,attack_buff,0.2224,0.2778,100,0,8,いいえ,びぐべん選手 / ヤマさんヤミーさん / 愛のぴよ子 / 劇場版ＪＡＸＡイル / 美才能♪かの子さん
1,754,em-1fa3ac88ea78,有馬すた,7,475,505,5,heal,0.222,0.375,78,22,8,いいえ,有馬すた / トマティーナ少佐 / コンドアーズ / 劇場版ＪＡＸＡイル / わっしょいミカ先生
1,755,em-ee410ddd5211,鹿苑師匠,6,500,480,5,revive,0.2217,0.375,77,23,8,いいえ,鹿苑師匠 / トマティーナ少佐 / コンドアーズ / 劇場版ＪＡＸＡイル / わっしょいミカ先生
1,756,em-18a6642e277e,旧市街地の魔物,8,2799,16,4,attack_buff,0.221,0.3611,92,8,8,いいえ,旧市街地の魔物 / ペーチパイセン / 花火戦隊サイガーRe / タミちゃんの火祭り / にほりん
1,757,em-cc5744474846,芳一さん,5,400,500,6,revive,0.2207,0.375,100,0,8,いいえ,芳一さん / ヤマさんヤミーさん / ターヌムンゴネキ / タミちゃんの火祭り / 美才能♪かの子さん
1,758,em-e51e56c23fa1,上級国民ロヴィーサ,44,2832,2984,4,attribute_guard,0.2207,0.2361,97,3,8,いいえ,上級国民ロヴィーサ / 北間・クラリス嬢 / トマティーナ少佐 / 聖☆いんてぃないか / 旧市街地の魔物
1,759,em-82f2d0dfc734,マジでたっくん,6,295,885,5,attack_buff,0.2198,0.3472,100,0,8,いいえ,マジでたっくん / トマティーナ少佐 / 花火戦隊サイガーRe / 劇場版ＪＡＸＡイル / にほりん
1,760,em-70f1d39031ed,うにうにする虎,50,6816,681,0,attack_buff,0.2197,0.2639,100,0,8,いいえ,うにうにする虎 / ヤマさんヤミーさん / 愛のぴよ子 / ブラジリアン首都術 / おこしんMK-2
1,761,em-3a3a23655699,とりころん・ぴー子,16,1200,300,7,attribute_change,0.2195,0.375,100,0,8,いいえ,とりころん・ぴー子 / ペーチパイセン / アウス大先輩 / 財閥だ浅ちゃん！ / わっしょいミカ先生
1,762,em-404f12535630,祇園祭の素戔嗚さま,88,5964,6390,2,multi_hit_attack,0.2192,0.0972,100,0,4,いいえ,祇園祭の素戔嗚さま / かずらちゃん / あっぴーちゃん / デンマーくん / 竹輪先生
1,763,em-f7484444c08c,じとっ子君,5,285,495,5,attack_buff,0.2188,0.375,100,0,8,いいえ,じとっ子君 / ヤマさんヤミーさん / ターヌムンゴネキ / タミちゃんの火祭り / 美才能♪かの子さん
1,764,em-3434078c33f2,橋の上のかずら,20,2012,2173,2,guard,0.2181,0.2778,91,9,8,いいえ,橋の上のかずら / ヤマさんヤミーさん / 愛のぴよ子 / 聖☆いんてぃないか / 美才能♪かの子さん
1,765,em-640d19558093,聖なる打毬神！みるるん,19,1208,1963,2,attack_buff,0.2163,0.2917,100,0,8,いいえ,聖なる打毬神！みるるん / 北間・クラリス嬢 / ターヌムンゴネキ / 劇場版ＪＡＸＡイル / 美才能♪かの子さん
1,766,em-124dc5391da9,オクト・パップ,6,888,200,6,heal,0.2157,0.375,77,23,8,いいえ,オクト・パップ / トマティーナ少佐 / コンドアーズ / 劇場版ＪＡＸＡイル / わっしょいミカ先生
1,767,em-9bd1ce6f159b,ハントン先輩,6,650,700,6,multi_hit_attack,0.2156,0.3472,100,0,8,いいえ,ハントン先輩 / トマティーナ少佐 / 花火戦隊サイガーRe / 劇場版ＪＡＸＡイル / にほりん
1,768,em-91791d21e202,ネオけいび,6,305,310,6,attribute_guard,0.2154,0.3819,77,23,8,いいえ,ネオけいび / トマティーナ少佐 / コンドアーズ / 劇場版ＪＡＸＡイル / わっしょいミカ先生
1,769,em-aeb1959eaece,ＫＲ２ジョー軍曹,9,394,1010,4,attack_buff,0.2138,0.3333,93,7,8,いいえ,ＫＲ２ジョー軍曹 / ペーチパイセン / 花火戦隊サイガーRe / タミちゃんの火祭り / にほりん
1,770,em-c98972302fbd,爆誕！うっす様,9,300,1000,2,attack_buff,0.2124,0.3333,93,7,8,いいえ,爆誕！うっす様 / ペーチパイセン / 花火戦隊サイガーRe / タミちゃんの火祭り / にほりん
1,771,em-a37b305548ef,なっとくんさん,5,400,400,2,skill_reduction,0.2122,0.3681,100,0,8,いいえ,なっとくんさん / ヤマさんヤミーさん / ターヌムンゴネキ / タミちゃんの火祭り / 美才能♪かの子さん
1,772,em-98054d952da8,ニート達の日常。,21,2968,296,3,delay,0.2121,0.3333,94,6,8,いいえ,ニート達の日常。 / トマティーナ少佐 / 巳ーちゃん / コンドアーズ / にほりん
1,773,em-47063c22130f,わんこースそば,4,300,400,3,heal,0.2116,0.3681,99,1,8,いいえ,わんこースそば / ヤマさんヤミーさん / ターヌムンゴネキ / タミちゃんの火祭り / 美才能♪かの子さん
1,774,em-e4050c7db405,オム・オクト・パップ,9,888,400,6,heal,0.2115,0.3611,96,4,8,いいえ,オム・オクト・パップ / ヤマさんヤミーさん / コンドアーズ / 財閥だ浅ちゃん！ / ハリウッドナナコ師匠
1,775,em-fa255d19986d,出発！えるたそ,8,800,700,4,attack_buff,0.2111,0.3403,98,2,8,いいえ,出発！えるたそ / ヤマさんヤミーさん / 愛のぴよ子 / 財閥だ浅ちゃん！ / 美才能♪かの子さん
1,776,em-5c3bfcbbd109,ネギさん,80,4260,4260,500,attack_buff,0.2109,0.1669,100,0,8,いいえ,ネギさん / ウナギーヌくん / 愛のぴよ子 / 大森銀さん / ウシュか☆丸か
1,777,em-eece08d90093,罠なくトロイ先輩,18,4830,16,4,multi_hit_attack,0.2106,0.305,100,0,8,いいえ,罠なくトロイ先輩 / 北間・クラリス嬢 / ターヌムンゴネキ / 聖☆いんてぃないか / 美才能♪かの子さん
1,778,em-6f409bf9b5bd,素敵なステチュさん,14,211,2115,2,damage_reduction,0.2104,0.2917,91,9,8,いいえ,素敵なステチュさん / トマティーナ少佐 / 愛のぴよ子 / 聖☆いんてぃないか / ばうあー泥棒
1,779,em-fd76872dafaf,くまのたん,8,300,920,3,attack_buff,0.2099,0.3333,92,8,8,いいえ,くまのたん / ペーチパイセン / 花火戦隊サイガーRe / タミちゃんの火祭り / にほりん
1,780,em-ac023f126b7d,レッサー系メガネ,14,900,800,5,skill_reduction,0.2092,0.3333,95,5,8,いいえ,レッサー系メガネ / ヤマさんヤミーさん / コンドアーズ / 聖☆いんてぃないか / 美才能♪かの子さん
1,781,em-75066f4bfd55,くーにょん,6,600,700,4,attack_buff,0.2088,0.3333,100,0,8,いいえ,くーにょん / トマティーナ少佐 / 花火戦隊サイガーRe / 劇場版ＪＡＸＡイル / にほりん
1,782,em-efaa90d2f7dc,竹輪先生,3,150,700,5,attack_buff,0.2081,0.3472,76,24,8,いいえ,竹輪先生 / ヤマさんヤミーさん / トマティーナ少佐 / タミちゃんの火祭り / にほりん
1,783,em-b68e81559a03,ピカリャー,6,400,600,7,multi_hit_attack,0.2078,0.3472,100,0,8,いいえ,ピカリャー / トマティーナ少佐 / 花火戦隊サイガーRe / 劇場版ＪＡＸＡイル / にほりん
1,784,em-fe08214f98fe,さるぼぼん,6,400,600,6,aoe_attack,0.2078,0.3472,100,0,8,いいえ,さるぼぼん / トマティーナ少佐 / 花火戦隊サイガーRe / 劇場版ＪＡＸＡイル / にほりん
1,785,em-1c29986cc8dd,玄武けいび,4,315,335,6,damage_reduction,0.2077,0.3611,86,14,8,いいえ,玄武けいび / ヤマさんヤミーさん / トマティーナ少佐 / 聖☆いんてぃないか / わっしょいミカ先生
1,786,em-d19d4f1b57e1,ロボうおぬまンダー,9,600,800,6,aoe_attack,0.2071,0.3333,80,20,8,いいえ,ロボうおぬまンダー / アウス大先輩 / トマティーナ少佐 / 劇場版ＪＡＸＡイル / わっしょいミカ先生
1,787,em-8a7e4284ba4a,あっぴーさん,5,800,350,3,heal,0.207,0.3542,100,0,8,いいえ,あっぴーさん / ヤマさんヤミーさん / ターヌムンゴネキ / タミちゃんの火祭り / 美才能♪かの子さん
1,788,em-c47afb60b613,三重子先輩,10,800,800,2,attribute_change,0.2068,0.3264,94,6,8,いいえ,三重子先輩 / ペーチパイセン / 花火戦隊サイガーRe / タミちゃんの火祭り / にほりん
1,789,em-65d0268c18cf,うっす様。,6,200,900,2,attack_buff,0.2067,0.3264,100,0,8,いいえ,うっす様。 / トマティーナ少佐 / 花火戦隊サイガーRe / 劇場版ＪＡＸＡイル / にほりん
1,790,em-da8dd7644e31,法隆ジェット,7,600,400,6,guard,0.2062,0.3542,95,5,8,いいえ,法隆ジェット / トマティーナ少佐 / 花火戦隊サイガーRe / 愛のぴよ子 / わっしょいミカ先生
1,791,em-7e369f15337f,超辛ふとし君,6,321,659,5,attack_buff,0.2055,0.3403,100,0,8,いいえ,超辛ふとし君 / トマティーナ少佐 / 花火戦隊サイガーRe / 劇場版ＪＡＸＡイル / にほりん
1,792,em-f354ab7f7554,漆黒のいびるん,12,800,1000,5,guard,0.2053,0.3125,96,4,8,いいえ,漆黒のいびるん / ペーチパイセン / 花火戦隊サイガーRe / タミちゃんの火祭り / にほりん
1,793,em-ec6b6491e6a3,ベッピー先生,15,808,792,5,attack_buff,0.2051,0.3333,100,0,8,いいえ,ベッピー先生 / ヤマさんヤミーさん / ターヌムンゴネキ / 劇場版ＪＡＸＡイル / ハリウッドナナコ師匠
1,794,em-1d206f58d0b7,マッキ,6,600,300,4,damage_reduction,0.2048,0.3611,94,6,8,いいえ,マッキ / トマティーナ少佐 / 愛のぴよ子 / 花火戦隊サイガーRe / わっしょいミカ先生
1,795,em-e2ba004694cc,ＪＡＸＡイル,8,394,794,6,multi_hit_attack,0.2047,0.3333,79,21,8,いいえ,ＪＡＸＡイル / アウス大先輩 / トマティーナ少佐 / 劇場版ＪＡＸＡイル / わっしょいミカ先生
1,796,em-da69b63392e4,手品師！エッシュさん,6,600,600,4,skill_reduction,0.2045,0.3333,100,0,8,いいえ,手品師！エッシュさん / トマティーナ少佐 / 花火戦隊サイガーRe / 劇場版ＪＡＸＡイル / にほりん
1,797,em-41c1f9333ff6,エグいできっしん,12,342,1062,5,attack_buff,0.2039,0.3194,90,10,8,いいえ,エグいできっしん / ペーチパイセン / トマティーナ少佐 / 財閥だ浅ちゃん！ / にほりん
1,798,em-32b98839a4c2,派遣社員だ浅子さん,6,380,600,5,attack_buff,0.2037,0.3403,100,0,8,いいえ,派遣社員だ浅子さん / トマティーナ少佐 / 花火戦隊サイガーRe / 劇場版ＪＡＸＡイル / にほりん
1,799,em-b080511b902a,かずらちゃん,3,350,500,2,guard,0.2035,0.3403,75,25,8,いいえ,かずらちゃん / トマティーナ少佐 / アウス大先輩 / 聖☆いんてぃないか / わっしょいミカ先生
1,800,em-ed21bd124ab2,牛タソ☆行進曲,14,755,1812,2,guard,0.2029,0.2708,97,3,8,いいえ,牛タソ☆行進曲 / 北間・クラリス嬢 / トマティーナ少佐 / 聖☆いんてぃないか / 財閥だ浅ちゃん！
1,801,em-0a74c35caba2,畳リーゼント総長,10,512,912,4,attack_buff,0.2027,0.3194,94,6,8,いいえ,畳リーゼント総長 / ペーチパイセン / 花火戦隊サイガーRe / タミちゃんの火祭り / にほりん
1,802,em-a71cd0e28586,ねぶるーさん,14,770,830,2,attack_buff,0.2026,0.3264,97,3,8,いいえ,ねぶるーさん / 北間・クラリス嬢 / コンドアーズ / 財閥だ浅ちゃん！ / 美才能♪かの子さん
1,803,em-a2d0308a3d38,蓮次郎,5,400,380,3,skill_reduction,0.2024,0.3542,100,0,8,いいえ,蓮次郎 / ヤマさんヤミーさん / ターヌムンゴネキ / タミちゃんの火祭り / 美才能♪かの子さん
1,804,em-4c84ff6e1868,カカカのカ治郎,6,700,500,5,delay,0.2024,0.3403,100,0,8,いいえ,カカカのカ治郎 / トマティーナ少佐 / 花火戦隊サイガーRe / 劇場版ＪＡＸＡイル / にほりん
1,805,em-b7a8623e2b49,のぶくろくん,8,500,700,8,aoe_attack,0.2022,0.3333,79,21,8,いいえ,のぶくろくん / アウス大先輩 / トマティーナ少佐 / 劇場版ＪＡＸＡイル / わっしょいミカ先生
1,806,em-873c09a938ac,蓮太郎,4,310,302,3,skill_reduction,0.2021,0.3611,99,1,8,いいえ,蓮太郎 / ヤマさんヤミーさん / ターヌムンゴネキ / タミちゃんの火祭り / 美才能♪かの子さん
1,807,em-08c1cf17f632,青竜けいび,4,345,400,6,heal,0.202,0.3542,99,1,8,いいえ,青竜けいび / ヤマさんヤミーさん / ターヌムンゴネキ / タミちゃんの火祭り / 美才能♪かの子さん
1,808,em-fb5bfa8a3429,ひろしマン,4,300,300,3,heal,0.2019,0.3611,99,1,8,いいえ,ひろしマン / ヤマさんヤミーさん / ターヌムンゴネキ / タミちゃんの火祭り / 美才能♪かの子さん
1,809,em-4025a820b0a7,新・ぎょざる,5,400,400,6,aoe_attack,0.2019,0.3542,100,0,8,いいえ,新・ぎょざる / ヤマさんヤミーさん / ターヌムンゴネキ / タミちゃんの火祭り / 美才能♪かの子さん
1,810,em-b8d203bbae80,草カロ三郎,5,400,400,6,heal,0.2019,0.3542,100,0,8,いいえ,草カロ三郎 / ヤマさんヤミーさん / ターヌムンゴネキ / タミちゃんの火祭り / 美才能♪かの子さん
1,811,em-ce589bb8d6d8,鳴子さん,5,400,400,7,aoe_attack,0.2019,0.3542,100,0,8,いいえ,鳴子さん / ヤマさんヤミーさん / ターヌムンゴネキ / タミちゃんの火祭り / 美才能♪かの子さん
1,812,em-f230094c0c4f,シンプソン君,5,400,400,8,revive,0.2019,0.3542,100,0,8,いいえ,シンプソン君 / ヤマさんヤミーさん / ターヌムンゴネキ / タミちゃんの火祭り / 美才能♪かの子さん
1,813,em-24679a7881f4,三重子さん,9,704,700,2,attribute_change,0.2019,0.3264,93,7,8,いいえ,三重子さん / ペーチパイセン / 花火戦隊サイガーRe / タミちゃんの火祭り / にほりん
1,814,em-9bac78901113,有馬すん,5,375,405,6,heal,0.2018,0.3542,100,0,8,いいえ,有馬すん / ヤマさんヤミーさん / ターヌムンゴネキ / タミちゃんの火祭り / 美才能♪かの子さん
1,815,em-38a5d43fe466,畳リーゼント先輩,8,393,812,4,attack_buff,0.2017,0.3264,98,2,8,いいえ,畳リーゼント先輩 / ヤマさんヤミーさん / 愛のぴよ子 / 財閥だ浅ちゃん！ / 美才能♪かの子さん
1,816,em-e5c147f9dafc,異国のトーマスん,9,660,742,4,attribute_change,0.2017,0.3264,99,1,8,いいえ,異国のトーマスん / ヤマさんヤミーさん / 愛のぴよ子 / 財閥だ浅ちゃん！ / 美才能♪かの子さん
1,817,em-89b0c363f296,川越マン,8,415,798,4,attack_buff,0.2014,0.3264,98,2,8,いいえ,川越マン / ヤマさんヤミーさん / 愛のぴよ子 / 財閥だ浅ちゃん！ / 美才能♪かの子さん
1,818,em-1d7c8481ec64,にくぁうちゃん,8,314,913,4,attack_buff,0.2011,0.3194,92,8,8,いいえ,にくぁうちゃん / ペーチパイセン / 花火戦隊サイガーRe / タミちゃんの火祭り / にほりん
1,819,em-1e1a4317070b,ＫＲ２ジョー,8,295,910,4,attack_buff,0.2007,0.3194,92,8,8,いいえ,ＫＲ２ジョー / ペーチパイセン / 花火戦隊サイガーRe / タミちゃんの火祭り / にほりん
1,820,em-4052b050ef42,白虎けいび,4,295,300,5,attack_buff,0.2006,0.3542,100,0,8,いいえ,白虎けいび / トマティーナ少佐 / 花火戦隊サイガーRe / タミちゃんの火祭り / わっしょいミカ先生
1,821,em-54897d4f731d,ケンＺＯ２号,5,200,580,5,attack_buff,0.1998,0.3403,100,0,8,いいえ,ケンＺＯ２号 / アウス大先輩 / 花火戦隊サイガーRe / 劇場版ＪＡＸＡイル / にほりん
1,822,em-74e8fc67e60c,竹輪大臣,5,200,900,4,attack_buff,0.1997,0.3194,95,5,8,いいえ,竹輪大臣 / ヤマさんヤミーさん / 愛のぴよ子 / 財閥だ浅ちゃん！ / 美才能♪かの子さん
1,823,em-4ea698949c11,侵略成功!?イカ翁,20,1131,1272,2,revive,0.1997,0.2847,91,9,8,いいえ,侵略成功!?イカ翁 / ヤマさんヤミーさん / 愛のぴよ子 / 聖☆いんてぃないか / 美才能♪かの子さん
1,824,em-c19b90bf546d,芋煮太郎,4,510,102,7,multi_hit_attack,0.1994,0.3681,99,1,8,いいえ,芋煮太郎 / ヤマさんヤミーさん / ターヌムンゴネキ / タミちゃんの火祭り / 美才能♪かの子さん
1,825,em-3ea6ac9a0933,オリバーWITHソー,8,400,800,3,attack_buff,0.1987,0.3264,92,8,8,いいえ,オリバーWITHソー / ペーチパイセン / 花火戦隊サイガーRe / タミちゃんの火祭り / にほりん
1,826,em-3307021ed6b3,なっとくん,4,286,311,3,skill_reduction,0.1983,0.3542,99,1,8,いいえ,なっとくん / ヤマさんヤミーさん / ターヌムンゴネキ / タミちゃんの火祭り / 美才能♪かの子さん
1,827,em-0f4d66009260,叡智通,4,280,332,4,attack_buff,0.1982,0.3472,100,0,8,いいえ,叡智通 / トマティーナ少佐 / 花火戦隊サイガーRe / タミちゃんの火祭り / わっしょいミカ先生
1,828,em-deac9db76555,ヒルズくん,8,408,812,1,attack_buff,0.1982,0.3194,92,8,8,いいえ,ヒルズくん / ペーチパイセン / 花火戦隊サイガーRe / タミちゃんの火祭り / にほりん
1,829,em-2c51c9073e5a,強化ゆる骨格のススメ,50,1704,1704,12,attribute_guard,0.1982,0.2639,100,0,8,いいえ,強化ゆる骨格のススメ / ヤマさんヤミーさん / 愛のぴよ子 / ブラジリアン首都術 / おこしんMK-2
1,830,em-ceae46610053,火の供犠ぴよ子,4,120,120,0,none,0.1969,0.3681,99,1,8,いいえ,火の供犠ぴよ子 / ヤマさんヤミーさん / ターヌムンゴネキ / タミちゃんの火祭り / 美才能♪かの子さん
1,831,em-e07aaef6bd6e,三重子ちゃん,8,603,602,3,attribute_change,0.1969,0.3264,92,8,8,いいえ,三重子ちゃん / ペーチパイセン / 花火戦隊サイガーRe / タミちゃんの火祭り / にほりん
1,832,em-de4906019fe7,キープ牧場の決斗,14,700,700,6,revive,0.1966,0.3264,85,15,8,いいえ,キープ牧場の決斗 / アウス大先輩 / トマティーナ少佐 / 劇場版ＪＡＸＡイル / わっしょいミカ先生
1,833,em-5d524aa44032,元祖・銘菓ぴよ子,8,605,625,4,multi_hit_attack,0.1966,0.3264,98,2,8,いいえ,元祖・銘菓ぴよ子 / ヤマさんヤミーさん / 愛のぴよ子 / 財閥だ浅ちゃん！ / 美才能♪かの子さん
1,834,em-2f8589eed296,畳リーゼント,7,300,700,4,attack_buff,0.1963,0.3264,97,3,8,いいえ,畳リーゼント / ヤマさんヤミーさん / 愛のぴよ子 / 財閥だ浅ちゃん！ / 美才能♪かの子さん
1,835,em-9a3bd85e00a2,よりりん,8,605,615,4,attribute_change,0.1962,0.3264,98,2,8,いいえ,よりりん / ヤマさんヤミーさん / 愛のぴよ子 / 財閥だ浅ちゃん！ / 美才能♪かの子さん
1,836,em-b523340b244f,金のドナドナぴよ子,4,100,100,0,none,0.1956,0.3681,99,1,8,いいえ,金のドナドナぴよ子 / ヤマさんヤミーさん / ターヌムンゴネキ / タミちゃんの火祭り / 美才能♪かの子さん
1,837,em-1926af92f1af,カカカのカ次郎,5,500,300,5,delay,0.1938,0.3472,100,0,8,いいえ,カカカのカ次郎 / ヤマさんヤミーさん / ターヌムンゴネキ / タミちゃんの火祭り / 美才能♪かの子さん
1,838,em-4694b1a256f8,悪魔！いびるん,9,600,700,5,guard,0.1937,0.3125,98,2,8,いいえ,悪魔！いびるん / ペーチパイセン / 花火戦隊サイガーRe / タミちゃんの火祭り / わっしょいミカ先生
1,839,em-1d111df2ae70,ヤックです,5,300,400,7,multi_hit_attack,0.1936,0.3472,100,0,8,いいえ,ヤックです / ヤマさんヤミーさん / ターヌムンゴネキ / タミちゃんの火祭り / 美才能♪かの子さん
1,840,em-6c82396ace3f,マッシブ☆ばん馬ばん,7,800,450,3,attack_buff,0.1933,0.3264,91,9,8,いいえ,マッシブ☆ばん馬ばん / ペーチパイセン / 花火戦隊サイガーRe / タミちゃんの火祭り / にほりん
1,841,em-cecb4ccbb927,蝶々胡椒鯛くん,30,847,1018,2,delay,0.1925,0.2986,95,5,8,いいえ,蝶々胡椒鯛くん / トマティーナ少佐 / アウス大先輩 / コンドアーズ / にほりん
1,842,em-fe5e7769aa81,鹿苑先輩,5,390,390,5,revive,0.1924,0.3403,100,0,8,いいえ,鹿苑先輩 / ヤマさんヤミーさん / ターヌムンゴネキ / タミちゃんの火祭り / 美才能♪かの子さん
1,843,em-24ccb3f9affa,むりょく,5,159,144,5,guard,0.1919,0.3611,100,0,8,いいえ,むりょく / ヤマさんヤミーさん / ターヌムンゴネキ / タミちゃんの火祭り / 美才能♪かの子さん
1,844,em-70861f8a23e9,ウナギーヌくん,3,800,200,2,heal,0.1918,0.3403,100,0,8,いいえ,ウナギーヌくん / ヤマさんヤミーさん / コンドアーズ / タミちゃんの火祭り / 財閥だ浅ちゃん！
1,845,em-57fe43e7ea10,鹿苑さん,4,307,295,6,revive,0.1915,0.3472,99,1,8,いいえ,鹿苑さん / ヤマさんヤミーさん / ターヌムンゴネキ / タミちゃんの火祭り / 美才能♪かの子さん
1,846,em-2a54c7e36890,ばん馬ばん,4,400,250,5,attack_buff,0.191,0.3403,100,0,8,いいえ,ばん馬ばん / トマティーナ少佐 / 花火戦隊サイガーRe / タミちゃんの火祭り / わっしょいミカ先生
1,847,em-30cf649c4daf,けいび,5,295,300,5,attribute_guard,0.1908,0.3472,100,0,8,いいえ,けいび / ヤマさんヤミーさん / ターヌムンゴネキ / タミちゃんの火祭り / 美才能♪かの子さん
1,848,em-1527baa8e6c0,ジャックじゃない！と,6,400,500,6,multi_hit_attack,0.1907,0.3333,100,0,8,いいえ,ジャックじゃない！と / トマティーナ少佐 / 花火戦隊サイガーRe / 劇場版ＪＡＸＡイル / にほりん
1,849,em-0063b3d17f76,玄武むりょく,4,165,165,6,damage_reduction,0.19,0.3472,86,14,8,いいえ,玄武むりょく / ヤマさんヤミーさん / トマティーナ少佐 / 聖☆いんてぃないか / わっしょいミカ先生
1,850,em-959e9037e6f6,だいこっくん,8,800,900,8,attack_buff,0.1894,0.2917,92,8,8,いいえ,だいこっくん / ペーチパイセン / 花火戦隊サイガーRe / タミちゃんの火祭り / にほりん
1,851,em-39adadcf380b,朱雀けいび,5,305,335,6,revive,0.1888,0.3403,100,0,8,いいえ,朱雀けいび / ヤマさんヤミーさん / ターヌムンゴネキ / タミちゃんの火祭り / 美才能♪かの子さん
1,852,em-4e0f06589604,新・やよいチゥりっぷ,9,1100,200,3,attribute_change,0.1887,0.3333,93,7,8,いいえ,新・やよいチゥりっぷ / ペーチパイセン / 花火戦隊サイガーRe / タミちゃんの火祭り / にほりん
1,853,em-020eecb1db52,草カロ四朗,4,296,316,7,heal,0.1885,0.3403,99,1,8,いいえ,草カロ四朗 / ヤマさんヤミーさん / ターヌムンゴネキ / タミちゃんの火祭り / 美才能♪かの子さん
1,854,em-9599a14be3a9,歴戦の剣闘士,10,350,1058,5,attack_buff,0.1885,0.2917,94,6,8,いいえ,歴戦の剣闘士 / ペーチパイセン / 花火戦隊サイガーRe / タミちゃんの火祭り / にほりん
1,855,em-c687e673c7ff,有馬ん,4,285,317,7,heal,0.1884,0.3403,99,1,8,いいえ,有馬ん / ヤマさんヤミーさん / ターヌムンゴネキ / タミちゃんの火祭り / 美才能♪かの子さん
1,856,em-6ffc5801eae4,ぎょざる,4,293,312,6,aoe_attack,0.1883,0.3403,99,1,8,いいえ,ぎょざる / ヤマさんヤミーさん / ターヌムンゴネキ / タミちゃんの火祭り / 美才能♪かの子さん
1,857,em-667d96cceb87,さんとくん,6,1000,200,5,delay,0.1879,0.3333,97,3,8,いいえ,さんとくん / ヤマさんヤミーさん / コンドアーズ / 愛のぴよ子 / ヤマトタケルぅ！
1,858,em-233989ddac07,法隆寺博士,4,480,220,6,guard,0.1868,0.3403,99,1,8,いいえ,法隆寺博士 / ヤマさんヤミーさん / ターヌムンゴネキ / タミちゃんの火祭り / 美才能♪かの子さん
1,859,em-f7eb502f39f3,芋煮十郎,5,580,200,6,multi_hit_attack,0.1864,0.3403,100,0,8,いいえ,芋煮十郎 / ヤマさんヤミーさん / ターヌムンゴネキ / タミちゃんの火祭り / 美才能♪かの子さん
1,860,em-6d0b27bbd976,なっとくんおじさん,7,496,484,2,skill_reduction,0.1858,0.3194,91,9,8,いいえ,なっとくんおじさん / ペーチパイセン / 花火戦隊サイガーRe / タミちゃんの火祭り / にほりん
1,861,em-e1a6af095fc1,驀進叡智通,7,450,530,4,attack_buff,0.1858,0.3194,97,3,8,いいえ,驀進叡智通 / ヤマさんヤミーさん / 愛のぴよ子 / 財閥だ浅ちゃん！ / 美才能♪かの子さん
1,862,em-96c8b7af6f5c,ネギtheダーウィン,30,5112,0,5,attribute_change,0.1857,0.2708,100,0,8,いいえ,ネギtheダーウィン / ヤマさんヤミーさん / 愛のぴよ子 / 劇場版ＪＡＸＡイル / 美才能♪かの子さん
1,863,em-8d320a6b7512,いびるん,6,500,600,5,guard,0.1855,0.3125,96,4,8,いいえ,いびるん / アウス大先輩 / 花火戦隊サイガーRe / 旧市街地の魔物 / わっしょいミカ先生
1,864,em-7a89b660417d,くーちゃん,5,400,500,4,attack_buff,0.185,0.3194,95,5,8,いいえ,くーちゃん / ヤマさんヤミーさん / 愛のぴよ子 / 財閥だ浅ちゃん！ / 美才能♪かの子さん
1,865,em-4a86c88e71a1,デンマーくん,3,600,300,3,guard,0.1847,0.3194,75,25,8,いいえ,デンマーくん / トマティーナ少佐 / アウス大先輩 / 聖☆いんてぃないか / わっしょいミカ先生
1,866,em-c4c0bb3e4292,あっぴーちゃん,3,600,300,3,heal,0.1847,0.3194,75,25,8,いいえ,あっぴーちゃん / トマティーナ少佐 / アウス大先輩 / 聖☆いんてぃないか / わっしょいミカ先生
1,867,em-609b9d122d32,ネオむりょく,6,168,149,6,guard,0.1844,0.3472,77,23,8,いいえ,ネオむりょく / トマティーナ少佐 / コンドアーズ / 劇場版ＪＡＸＡイル / わっしょいミカ先生
1,868,em-eb78da4b3f28,えるたそ,6,500,400,4,attack_buff,0.1841,0.3194,100,0,8,いいえ,えるたそ / トマティーナ少佐 / 花火戦隊サイガーRe / 劇場版ＪＡＸＡイル / にほりん
1,869,em-5a100f5215c1,オリバーTHEトイ,6,300,600,3,attack_buff,0.1809,0.3125,96,4,8,いいえ,オリバーTHEトイ / ヤマさんヤミーさん / 愛のぴよ子 / 財閥だ浅ちゃん！ / 美才能♪かの子さん
1,870,em-220d63bfc07c,ハントンくん,3,350,500,8,multi_hit_attack,0.1805,0.3125,100,0,8,いいえ,ハントンくん / ヤマさんヤミーさん / 花火戦隊サイガーRe / 愛のぴよ子 / 美才能♪かの子さん
1,871,em-b34467071fa2,蓮三郎,6,500,450,3,skill_reduction,0.1798,0.3125,96,4,8,いいえ,蓮三郎 / ヤマさんヤミーさん / 愛のぴよ子 / 財閥だ浅ちゃん！ / 美才能♪かの子さん
1,872,em-f7612fbdd637,大森さん,3,1000,100,5,damage_reduction,0.1791,0.3194,100,0,8,いいえ,大森さん / ヤマさんヤミーさん / コンドアーズ / タミちゃんの火祭り / 財閥だ浅ちゃん！
1,873,em-f5eb41dbe671,たたらん先輩,9,600,400,4,attack_buff,0.1776,0.3125,99,1,8,いいえ,たたらん先輩 / ヤマさんヤミーさん / 愛のぴよ子 / 財閥だ浅ちゃん！ / 美才能♪かの子さん
1,874,em-fa9285840bae,白虎むりょく,4,158,149,5,attack_buff,0.1774,0.3333,100,0,8,いいえ,白虎むりょく / トマティーナ少佐 / 花火戦隊サイガーRe / タミちゃんの火祭り / わっしょいミカ先生
1,875,em-9791eaaeef3c,メーピスさん,8,600,700,6,multi_hit_attack,0.177,0.2986,95,5,8,いいえ,メーピスさん / ヤマさんヤミーさん / コンドアーズ / 財閥だ浅ちゃん！ / ハリウッドナナコ師匠
1,876,em-c879fe74178e,唸る！叡智通,5,370,410,4,attack_buff,0.1768,0.3125,95,5,8,いいえ,唸る！叡智通 / ヤマさんヤミーさん / 愛のぴよ子 / 財閥だ浅ちゃん！ / 美才能♪かの子さん
1,877,em-4e24a668056b,やよいチゥりっぷ,6,900,100,4,attribute_change,0.1766,0.3264,100,0,8,いいえ,やよいチゥりっぷ / トマティーナ少佐 / 花火戦隊サイガーRe / 劇場版ＪＡＸＡイル / にほりん
1,878,em-0f6666d2132f,サイガーレッド,7,170,830,5,multi_hit_attack,0.1757,0.2847,98,2,8,いいえ,サイガーレッド / ヤマさんヤミーさん / コンドアーズ / 愛のぴよ子 / ヤマトタケルぅ！
1,879,em-4442b5ee096e,朱雀むりょく,5,165,165,6,revive,0.1752,0.3333,100,0,8,いいえ,朱雀むりょく / ヤマさんヤミーさん / ターヌムンゴネキ / タミちゃんの火祭り / 美才能♪かの子さん
1,880,em-401fb8fe2284,S.K.O.Tちゃん,3,750,200,6,heal,0.1746,0.3125,100,0,8,いいえ,S.K.O.Tちゃん / ヤマさんヤミーさん / コンドアーズ / タミちゃんの火祭り / 財閥だ浅ちゃん！
1,881,em-9aec6212c779,白水兄さん,8,580,626,8,aoe_attack,0.1736,0.2986,95,5,8,いいえ,白水兄さん / ヤマさんヤミーさん / コンドアーズ / 財閥だ浅ちゃん！ / ハリウッドナナコ師匠
1,882,em-09c253fd0a61,オリバーTHEドッグ,5,200,500,3,attack_buff,0.1727,0.3056,95,5,8,いいえ,オリバーTHEドッグ / ヤマさんヤミーさん / 愛のぴよ子 / 財閥だ浅ちゃん！ / 美才能♪かの子さん
1,883,em-03fc13420b08,鳴子お嬢様,8,600,600,6,aoe_attack,0.1727,0.2986,95,5,8,いいえ,鳴子お嬢様 / ヤマさんヤミーさん / コンドアーズ / 財閥だ浅ちゃん！ / ハリウッドナナコ師匠
1,884,em-b0564825039b,わんこールそば,3,200,300,3,heal,0.1725,0.3125,75,25,8,いいえ,わんこールそば / トマティーナ少佐 / アウス大先輩 / 聖☆いんてぃないか / わっしょいミカ先生
1,885,em-7ada5b98126c,サイガーブルー,8,250,950,5,multi_hit_attack,0.1725,0.2708,99,1,8,いいえ,サイガーブルー / ヤマさんヤミーさん / コンドアーズ / 愛のぴよ子 / ヤマトタケルぅ！
1,886,em-a84e9301da18,パワフル☆ばん馬ばん,5,600,350,4,attack_buff,0.1689,0.2986,95,5,8,いいえ,パワフル☆ばん馬ばん / ヤマさんヤミーさん / 愛のぴよ子 / 財閥だ浅ちゃん！ / 美才能♪かの子さん
1,887,em-47f3be71ea63,青竜むりょく,4,198,189,6,heal,0.1685,0.3194,99,1,8,いいえ,青竜むりょく / ヤマさんヤミーさん / ターヌムンゴネキ / タミちゃんの火祭り / 美才能♪かの子さん
1,888,em-b3d6d1b7e1a8,たたらん,6,500,300,5,attack_buff,0.1681,0.3056,100,0,8,いいえ,たたらん / トマティーナ少佐 / 花火戦隊サイガーRe / 劇場版ＪＡＸＡイル / にほりん
1,889,em-834effdc39a5,真・ぎょざる,8,499,491,6,aoe_attack,0.1679,0.2986,95,5,8,いいえ,真・ぎょざる / ヤマさんヤミーさん / コンドアーズ / 財閥だ浅ちゃん！ / ハリウッドナナコ師匠
1,890,em-70d6edc2819a,熟練の剣闘士,8,265,940,5,attack_buff,0.1674,0.2639,92,8,8,いいえ,熟練の剣闘士 / ペーチパイセン / 花火戦隊サイガーRe / タミちゃんの火祭り / にほりん
1,891,em-ad8d69dc1ea4,強いできっしん,8,263,942,5,attack_buff,0.1674,0.2639,92,8,8,いいえ,強いできっしん / ペーチパイセン / 花火戦隊サイガーRe / タミちゃんの火祭り / にほりん
1,892,em-fa09a3c6aeb6,アイヤーさん,8,314,913,5,attack_buff,0.1669,0.2639,92,8,8,いいえ,アイヤーさん / ペーチパイセン / 花火戦隊サイガーRe / タミちゃんの火祭り / にほりん
1,893,em-5bdefb267838,どーよくん,8,310,910,5,attack_buff,0.1668,0.2639,92,8,8,いいえ,どーよくん / ペーチパイセン / 花火戦隊サイガーRe / タミちゃんの火祭り / にほりん
1,894,em-9c69c811a77c,ヤック・ザ・ナイト,8,600,700,5,multi_hit_attack,0.1667,0.2778,99,1,8,いいえ,ヤック・ザ・ナイト / ヤマさんヤミーさん / コンドアーズ / 愛のぴよ子 / ヤマトタケルぅ！
1,895,em-5c8b9af61816,ぴっよコイン先生,60,1111,1111,12,damage_reduction,0.1653,0.2361,99,1,8,いいえ,ぴっよコイン先生 / ペーチパイセン / 愛のぴよ子 / タミちゃんの火祭り / 旧市街地の魔物
1,896,em-4d6fe3f2c9ae,くーさん,3,300,400,4,attack_buff,0.1639,0.2917,100,0,8,いいえ,くーさん / ヤマさんヤミーさん / 花火戦隊サイガーRe / 愛のぴよ子 / 美才能♪かの子さん
1,897,em-455f884e0481,迷菓ぴよ子先生,7,662,700,5,attack_buff,0.1624,0.2708,97,3,8,いいえ,迷菓ぴよ子先生 / ヤマさんヤミーさん / 愛のぴよ子 / 財閥だ浅ちゃん！ / 美才能♪かの子さん
1,898,em-502c02710bc4,覚醒けいび,6,345,300,2,multi_hit_attack,0.1623,0.2986,96,4,8,いいえ,覚醒けいび / ヤマさんヤミーさん / 愛のぴよ子 / 財閥だ浅ちゃん！ / 美才能♪かの子さん
1,899,em-43c2f997e41c,きっしん,7,170,830,5,attack_buff,0.1616,0.2708,97,3,8,いいえ,きっしん / ヤマさんヤミーさん / 愛のぴよ子 / 財閥だ浅ちゃん！ / 美才能♪かの子さん
1,900,em-422fdd383a00,芋煮百太郎,7,680,300,5,multi_hit_attack,0.1614,0.2917,100,0,8,いいえ,芋煮百太郎 / トマティーナ少佐 / アウス大先輩 / 花火戦隊サイガーRe / にほりん
1,901,em-05688a606392,芳一くん,3,300,400,7,revive,0.1612,0.2917,100,0,8,いいえ,芳一くん / ヤマさんヤミーさん / 花火戦隊サイガーRe / 愛のぴよ子 / 美才能♪かの子さん
1,902,em-f78f249e0088,剣闘士,7,168,812,5,attack_buff,0.1608,0.2708,97,3,8,いいえ,剣闘士 / ヤマさんヤミーさん / 愛のぴよ子 / 財閥だ浅ちゃん！ / 美才能♪かの子さん
1,903,em-0828dfd9c618,トーマスん,8,560,645,5,attribute_change,0.1583,0.2708,98,2,8,いいえ,トーマスん / ヤマさんヤミーさん / 愛のぴよ子 / 財閥だ浅ちゃん！ / 美才能♪かの子さん
1,904,em-bfd568eb94ea,ベッピーさん,12,712,692,5,attack_buff,0.1582,0.2569,96,4,8,いいえ,ベッピーさん / ペーチパイセン / 花火戦隊サイガーRe / タミちゃんの火祭り / にほりん
1,905,em-17e6d828aa8d,かなりたっくん,5,195,685,5,attack_buff,0.1569,0.2708,95,5,8,いいえ,かなりたっくん / ヤマさんヤミーさん / 愛のぴよ子 / 財閥だ浅ちゃん！ / 美才能♪かの子さん
1,906,em-a368a20e3521,ベッピーちゃん,8,611,595,5,attack_buff,0.1567,0.2708,98,2,8,いいえ,ベッピーちゃん / ヤマさんヤミーさん / 愛のぴよ子 / 財閥だ浅ちゃん！ / 美才能♪かの子さん
1,907,em-f2bb13033bf0,鳴子ちゃん,3,300,300,8,aoe_attack,0.1564,0.2917,100,0,8,いいえ,鳴子ちゃん / ヤマさんヤミーさん / 花火戦隊サイガーRe / 愛のぴよ子 / 美才能♪かの子さん
1,908,em-eb4ef5fa8f2f,応援ぴよ子団長,60,1111,1111,12,attack_buff,0.1557,0.2222,99,1,8,いいえ,応援ぴよ子団長 / ペーチパイセン / 愛のぴよ子 / タミちゃんの火祭り / おこしんMK-2
1,909,em-5053fe8d941b,カカカのカ二郎,3,400,300,5,delay,0.1545,0.2847,100,0,8,いいえ,カカカのカ二郎 / ヤマさんヤミーさん / 花火戦隊サイガーRe / 愛のぴよ子 / 美才能♪かの子さん
1,910,em-5e86bff12fb7,ピリ辛ふとし君,5,211,569,5,attack_buff,0.152,0.2708,95,5,8,いいえ,ピリ辛ふとし君 / ヤマさんヤミーさん / 愛のぴよ子 / 財閥だ浅ちゃん！ / 美才能♪かの子さん
1,911,em-7976e2f3d65d,迷菓ぴよ子先輩,5,502,530,5,attack_buff,0.1495,0.2639,95,5,8,いいえ,迷菓ぴよ子先輩 / ヤマさんヤミーさん / 愛のぴよ子 / 財閥だ浅ちゃん！ / 美才能♪かの子さん
1,912,em-dc6446295503,ハズクちゃん,8,400,300,9,multi_hit_attack,0.1488,0.2778,99,1,8,いいえ,ハズクちゃん / ヤマさんヤミーさん / コンドアーズ / 愛のぴよ子 / ヤマトタケルぅ！
1,913,em-7c5fdd7af70d,覚醒むりょく,6,198,89,3,multi_hit_attack,0.1478,0.2986,97,3,8,いいえ,覚醒むりょく / ヤマさんヤミーさん / コンドアーズ / 愛のぴよ子 / ヤマトタケルぅ！
1,914,em-ccd4db81276f,夜間学校な浅子さん,5,200,500,5,attack_buff,0.1438,0.2639,95,5,8,いいえ,夜間学校な浅子さん / ヤマさんヤミーさん / 愛のぴよ子 / 財閥だ浅ちゃん！ / 美才能♪かの子さん
1,915,em-0697e2f112ca,ケンＺＯ１号,4,102,510,5,attack_buff,0.1436,0.2639,94,6,8,いいえ,ケンＺＯ１号 / ヤマさんヤミーさん / 愛のぴよ子 / 財閥だ浅ちゃん！ / 美才能♪かの子さん
1,916,em-737d1a27052c,じとっ子,4,202,410,5,attack_buff,0.1369,0.2569,94,6,8,いいえ,じとっ子 / ヤマさんヤミーさん / 愛のぴよ子 / 財閥だ浅ちゃん！ / 美才能♪かの子さん
1,917,em-0277eca3d9cf,ゆる神の像＆ピヨか？,60,426,511,3,guard,0.1062,0.1944,98,2,8,いいえ,ゆる神の像＆ピヨか？ / ペーチパイセン / トマティーナ少佐 / 旧市街地の魔物 / ウシュか☆丸か
1,918,em-0454ff15fbd8,米倉英夫(ゆる),55,1,1,55,attribute_change,0.0497,0.1458,98,2,8,いいえ,米倉英夫(ゆる) / 北間・クラリス嬢 / アウス大先輩 / ブラジリアン首都術 / 旧市街地の魔物
1,919,em-7fe5a2875793,米倉英子(大学生),55,1,1,555,attack_buff,0.0497,0.1458,98,2,8,いいえ,米倉英子(大学生) / 北間・クラリス嬢 / アウス大先輩 / ブラジリアン首都術 / 旧市街地の魔物
1,920,em-0ee8cd6c9dab,黄金時代！K・ワンダー,60,3,3,1,multi_hit_attack,0.047,0.1389,100,0,8,いいえ,黄金時代！K・ワンダー / ペーチパイセン / トマティーナ少佐 / 愛のぴよ子 / 旧市街地の魔物
1,921,em-4d4a6386f8f8,九周年ぴよ子,99,6815,5111,5,guard,0,0,101,0,0,いいえ,
1,922,em-207f3b89da64,ピンギヌスのたまご,100,1,1,1,damage_reduction,0,0,101,0,0,いいえ,
1,923,em-53ece7a43871,キステチスのたまご,100,1,1,40,guard,0,0,101,0,0,いいえ,
1,924,em-6eed78e1fe62,リア充の権化安倍晴明,100,6782,6271,3,heal,0,0,101,0,0,いいえ,
1,925,em-a85045965911,まさか殿(マジ),100,7463,6628,3,attack_buff,0,0,101,0,0,いいえ,
1,926,em-f33de53ee597,遊無給(ニート)な小町,100,7327,5623,3,attack_buff,0,0,101,0,0,いいえ,
2,1,em-378e340695dc,スクナクナクナクス,50,6816,3408,2,aoe_attack,0.4595,0.4167,100,0,8,いいえ,婆娑羅でどーよ / スクナクナクナクス / 愛のぴよ子 / コンドアーズ / おこしんMK-2
2,2,em-474d7b7d3bbe,イチャン～(から),26,3606,2850,2,aoe_attack,0.43,0.3958,99,1,8,いいえ,婆娑羅でどーよ / イチャン～(から) / ターヌムンゴネキ / タミちゃんの火祭り / ハリウッドナナコ師匠
2,3,em-d09d2f80d34e,トマティーナ少佐,16,3748,2130,2,multi_hit_attack,0.4278,0.3958,94,6,8,いいえ,婆娑羅でどーよ / トマティーナ少佐 / コンドアーズ / 財閥だ浅ちゃん！ / ハリウッドナナコ師匠
2,4,em-9413da55b7e0,ヤマピカリャーコ,47,4515,5095,2,multi_hit_attack,0.4241,0.375,97,3,8,いいえ,婆娑羅でどーよ / ヤマピカリャーコ / コンドアーズ / 愛のぴよ子 / おこしんMK-2
2,5,em-7a8f08b97855,カルボ姉（ねえ）,18,3792,2556,1,multi_hit_attack,0.4239,0.4306,87,13,8,いいえ,婆娑羅でどーよ / カルボ姉（ねえ） / トマティーナ少佐 / タミちゃんの火祭り / わっしょいミカ先生
2,6,em-a818769b8b91,田島の春,44,1618,5112,2,multi_hit_attack,0.4214,0.375,100,0,8,いいえ,婆娑羅でどーよ / 田島の春 / トマティーナ少佐 / 愛のぴよ子 / にほりん
2,7,em-6d3c1934f67c,エンパさんの夏,50,5623,4430,2,aoe_attack,0.4178,0.3611,100,0,8,いいえ,婆娑羅でどーよ / エンパさんの夏 / コンドアーズ / 愛のぴよ子 / おこしんMK-2
2,8,em-690b5b221287,メルクさん,17,2114,1812,2,aoe_attack,0.4045,0.4722,86,14,8,いいえ,婆娑羅でどーよ / メルクさん / トマティーナ少佐 / タミちゃんの火祭り / わっしょいミカ先生
2,9,em-b2d6a846bb36,哀哭のオオウミガラス,75,9713,4941,2,damage_reduction,0.4018,0.4653,100,0,6,いいえ,ハリウッドナナコ師匠 / 哀哭のオオウミガラス / 愛のぴよ子 / おこしんMK-2 / ウシュか☆丸か
2,10,em-5b1667b398d0,?????,46,4430,5112,2,multi_hit_attack,0.4018,0.3333,96,4,8,いいえ,アウス大先輩 / ????? / コンドアーズ / 旧市街地の魔物 / おこしんMK-2
2,11,em-cc181917eaeb,無双中な宗茂さん,60,6405,4941,2,aoe_attack,0.3961,0.2986,99,1,8,いいえ,愛のぴよ子 / 無双中な宗茂さん / コンドアーズ / 祭りだ浅ちゃん！ / ブラジリアン首都術
2,12,em-0fd17c65da62,大患部！ぴよ子大佐,18,2415,2861,2,multi_hit_attack,0.3915,0.3542,96,4,8,いいえ,ハリウッドナナコ師匠 / 大患部！ぴよ子大佐 / コンドアーズ / 財閥だ浅ちゃん！ / 美才能♪かの子さん
2,13,em-c0b8a38b4040,鹿喰らいの狼マン,47,4771,3748,2,multi_hit_attack,0.3891,0.3194,97,3,8,いいえ,婆娑羅でどーよ / 鹿喰らいの狼マン / コンドアーズ / 愛のぴよ子 / おこしんMK-2
2,14,em-2b266990d35f,エトナさん・ＦＸ,50,5673,2130,1,aoe_attack,0.3865,0.3681,100,0,8,いいえ,婆娑羅でどーよ / エトナさん・ＦＸ / 愛のぴよ子 / コンドアーズ / おこしんMK-2
2,15,em-480a0eef6d7b,ピカリャー射的ｽﾀｲﾙ,45,3786,3786,2,aoe_attack,0.3848,0.3051,95,5,8,いいえ,婆娑羅でどーよ / ピカリャー射的ｽﾀｲﾙ / コンドアーズ / 愛のぴよ子 / おこしんMK-2
2,16,em-55828eea72b7,スーリヤ大先輩,48,5360,1951,2,aoe_attack,0.3847,0.3472,98,2,8,いいえ,婆娑羅でどーよ / スーリヤ大先輩 / コンドアーズ / 愛のぴよ子 / おこしんMK-2
2,17,em-52b1a63b86dd,ヤマさんヤミーさん,27,1288,3220,1,attack_buff,0.3833,0.4861,99,1,8,いいえ,アウス大先輩 / ヤマさんヤミーさん / コンドアーズ / 劇場版ＪＡＸＡイル / わっしょいミカ先生
2,18,em-437f98caf8e3,ぺた也君,35,4710,3006,1,multi_hit_attack,0.3821,0.3264,95,5,8,いいえ,婆娑羅でどーよ / ぺた也君 / コンドアーズ / 愛のぴよ子 / 美才能♪かの子さん
2,19,em-2f152df51cdc,エトナさん,50,5673,1704,1,aoe_attack,0.38,0.3611,100,0,8,いいえ,婆娑羅でどーよ / エトナさん / コンドアーズ / 愛のぴよ子 / おこしんMK-2
2,20,em-845ebf2f059a,うどんの女神,39,4771,2385,2,multi_hit_attack,0.3787,0.3194,99,1,8,いいえ,婆娑羅でどーよ / うどんの女神 / コンドアーズ / 愛のぴよ子 / 美才能♪かの子さん
2,21,em-13a4725c1c03,砂のんべぇ,20,3220,1288,1,multi_hit_attack,0.3731,0.4028,100,0,8,いいえ,婆娑羅でどーよ / 砂のんべぇ / 愛のぴよ子 / コンドアーズ / 財閥だ浅ちゃん！
2,22,em-8765daafca7a,トマティーナ中佐,40,3748,2130,2,multi_hit_attack,0.3652,0.3056,100,0,8,いいえ,婆娑羅でどーよ / トマティーナ中佐 / コンドアーズ / 愛のぴよ子 / 美才能♪かの子さん
2,23,em-3e2d46063b3e,なっとくん様,70,8026,4618,1,skill_reduction,0.3548,0.3261,99,1,8,いいえ,紅玉の供犠ぴよ子 / なっとくん様 / 愛のぴよ子 / 旧市街地の魔物 / おこしんMK-2
2,24,em-6d1e4c915f30,チートモードな楽趣味さん,48,5964,1278,1,multi_hit_attack,0.3534,0.3333,98,2,8,いいえ,婆娑羅でどーよ / チートモードな楽趣味さん / コンドアーズ / 愛のぴよ子 / おこしんMK-2
2,25,em-d5ed773d56cd,夏至祭のヴァサクサ君,18,3976,2156,2,skill_reduction,0.3533,0.3889,96,4,8,いいえ,婆娑羅でどーよ / 夏至祭のヴァサクサ君 / コンドアーズ / 財閥だ浅ちゃん！ / ハリウッドナナコ師匠
2,26,em-52f594fdc52e,後楽園☆池田,43,5623,2896,1,attack_buff,0.3506,0.4514,99,1,8,いいえ,婆娑羅でどーよ / 後楽園☆池田 / トマティーナ少佐 / 愛のぴよ子 / にほりん
2,27,em-89a1a863b8a0,ベファーナさん二千歳,46,7200,1874,1,multi_hit_attack,0.3503,0.3328,96,4,8,いいえ,婆娑羅でどーよ / ベファーナさん二千歳 / コンドアーズ / 愛のぴよ子 / おこしんMK-2
2,28,em-5d696ecc61dd,カミキリ,75,5845,6134,1,attack_buff,0.3466,0.3681,100,0,8,いいえ,タキシラ師匠 / カミキリ / 蓮十郎 / 祭りだ浅ちゃん！ / ハリウッドナナコ師匠
2,29,em-344c7687cce5,アウス大先輩,17,1924,1924,2,attribute_change,0.3425,0.4514,80,20,8,いいえ,婆娑羅でどーよ / アウス大先輩 / コンドアーズ / おこしんMK-2 / わっしょいミカ先生
2,30,em-563e34211286,大抵カールのせい,50,4686,5112,1,damage_reduction,0.3351,0.4514,100,0,8,いいえ,婆娑羅でどーよ / 大抵カールのせい / コンドアーズ / 愛のぴよ子 / おこしんMK-2
2,31,em-f203cae3d671,ペーチパイセン,9,1974,1100,1,attack_buff,0.335,0.4722,78,22,9,いいえ,婆娑羅でどーよ / ペーチパイセン / トマティーナ少佐 / タミちゃんの火祭り / わっしょいミカ先生
2,32,em-690a803a0c00,タッターさん,47,4089,2222,2,multi_hit_attack,0.3344,0.2917,97,3,8,いいえ,婆娑羅でどーよ / タッターさん / コンドアーズ / 愛のぴよ子 / おこしんMK-2
2,33,em-d7873747b412,藤のフヒッティ,75,10735,3578,1,damage_reduction,0.3326,0.3815,100,0,6,いいえ,ハリウッドナナコ師匠 / 藤のフヒッティ / 愛のぴよ子 / おこしんMK-2 / ウシュか☆丸か
2,34,em-bb22778026f9,吸血さん,43,6645,2839,1,attribute_guard,0.3324,0.4792,99,1,8,いいえ,婆娑羅でどーよ / 吸血さん / トマティーナ少佐 / 愛のぴよ子 / にほりん
2,35,em-aeee7aac1b71,ジンジャーブレッド男,20,4143,2440,2,attack_buff,0.3318,0.4583,83,17,8,いいえ,婆娑羅でどーよ / ジンジャーブレッド男 / アウス大先輩 / おこしんMK-2 / わっしょいミカ先生
2,36,em-d08c9e36ef51,地獄雀！阿蘇さん,17,3413,2061,1,attribute_guard,0.3285,0.5139,91,9,8,いいえ,婆娑羅でどーよ / 地獄雀！阿蘇さん / 大患部！ぴよ子大佐 / 劇場版ＪＡＸＡイル / わっしょいミカ先生
2,37,em-cb9a138787d0,摩陀羅　潮真,27,7194,1741,2,attribute_guard,0.3225,0.4306,99,1,8,いいえ,婆娑羅でどーよ / 摩陀羅　潮真 / コンドアーズ / 聖☆いんてぃないか / 美才能♪かの子さん
2,38,em-237ca774c5e5,ルナプリ☆かぐや様,66,8861,1584,1,aoe_attack,0.3208,0.2778,98,2,8,いいえ,ウシュか☆丸か / ルナプリ☆かぐや様 / コンドアーズ / 祭りだ浅ちゃん！ / 大森さん
2,39,em-a7fc49aa8c73,広報担当：アッシュ,37,5112,3748,2,attribute_guard,0.3201,0.3889,85,15,8,いいえ,婆娑羅でどーよ / 広報担当：アッシュ / コンドアーズ / おこしんMK-2 / ウシュか☆丸か
2,40,em-682cda3863fb,脱力コンビあろま＆るる,48,3067,5623,2,skill_reduction,0.3192,0.3611,98,2,8,いいえ,婆娑羅でどーよ / 脱力コンビあろま＆るる / コンドアーズ / 愛のぴよ子 / おこしんMK-2
2,41,em-814e01d05463,非伝説の潮真,60,7535,2423,1,attribute_guard,0.3181,0.4375,100,0,8,いいえ,おこしんMK-2 / 非伝説の潮真 / コンドアーズ / 祭りだ浅ちゃん！ / ブラジリアン首都術
2,42,em-3e7e7e54a83d,妖精女王ミカーンニア,45,3408,4771,2,skill_reduction,0.3156,0.3472,95,5,8,いいえ,婆娑羅でどーよ / 妖精女王ミカーンニア / コンドアーズ / 愛のぴよ子 / おこしんMK-2
2,43,em-4c2a43ecd770,ナンマトル君,14,2115,2115,2,skill_reduction,0.3139,0.3958,100,0,8,いいえ,婆娑羅でどーよ / ナンマトル君 / ターヌムンゴネキ / タミちゃんの火祭り / 美才能♪かの子さん
2,44,em-3434078c33f2,橋の上のかずら,20,2012,2173,2,guard,0.3138,0.4722,98,2,8,いいえ,婆娑羅でどーよ / 橋の上のかずら / ターヌムンゴネキ / 愛のぴよ子 / 美才能♪かの子さん
2,45,em-9667a89799b5,冬の双子姫,77,9628,4686,2,damage_reduction,0.312,0.3472,100,0,8,いいえ,ウシュか☆丸か / 冬の双子姫 / 愛のぴよ子 / おこしんMK-2 / 大森さん
2,46,em-d77542ffe604,?????,42,6475,3067,2,attack_buff,0.3093,0.3681,100,0,8,いいえ,婆娑羅でどーよ / ????? / 巳ーちゃん / 愛のぴよ子 / おこしんMK-2
2,47,em-93bcb3ddcb90,蝦夷の鬼武者,50,5367,4771,1,attack_buff,0.3084,0.3681,97,3,8,いいえ,アウス大先輩 / 蝦夷の鬼武者 / コンドアーズ / ブラジリアン首都術 / ウシュか☆丸か
2,48,em-712f122e2051,オロモ君は欝気味,17,1536,2684,1,guard,0.3067,0.4306,91,9,8,いいえ,婆娑羅でどーよ / オロモ君は欝気味 / 大患部！ぴよ子大佐 / 劇場版ＪＡＸＡイル / わっしょいミカ先生
2,49,em-59636157ae2e,コーベンパイア天爵,45,5282,1757,2,damage_reduction,0.3063,0.3751,100,0,8,いいえ,ハリウッドナナコ師匠 / コーベンパイア天爵 / トマティーナ少佐 / 聖☆いんてぃないか / にほりん
2,50,em-e99bfc1ea066,ご入学ぴよ子,9,883,2397,2,attack_buff,0.3016,0.4306,78,22,8,いいえ,婆娑羅でどーよ / ご入学ぴよ子 / トマティーナ少佐 / タミちゃんの火祭り / わっしょいミカ先生
2,51,em-433922ef3e4e,夏至祭のぺた也君,53,7266,2153,2,skill_reduction,0.3008,0.2569,100,0,8,いいえ,愛のぴよ子 / 夏至祭のぺた也君 / コンドアーズ / タミちゃんの火祭り / ブラジリアン首都術
2,52,em-84589d5b3594,コロちゃん,11,1551,1551,1,attack_buff,0.299,0.4722,81,19,8,いいえ,婆娑羅でどーよ / コロちゃん / コンドアーズ / タミちゃんの火祭り / わっしょいミカ先生
2,53,em-e15fbf6ecd0c,シャーロック&エッジュ,41,4260,5112,2,skill_reduction,0.2987,0.3056,99,1,8,いいえ,婆娑羅でどーよ / シャーロック&エッジュ / 愛のぴよ子 / タミちゃんの火祭り / 美才能♪かの子さん
2,54,em-37fd7478d2d8,壺風味の何か,16,2809,888,1,damage_reduction,0.2985,0.4097,89,11,8,いいえ,婆娑羅でどーよ / 壺風味の何か / トマティーナ少佐 / 聖☆いんてぃないか / わっしょいミカ先生
2,55,em-2a20d82018a7,強飯式太子君,43,4771,3408,1,heal,0.298,0.4306,99,1,8,いいえ,婆娑羅でどーよ / 強飯式太子君 / トマティーナ少佐 / 愛のぴよ子 / にほりん
2,56,em-d07cd0c8b0b0,二条城☆浴衣モード,19,2656,2495,1,attribute_guard,0.2973,0.4722,97,3,8,いいえ,婆娑羅でどーよ / 二条城☆浴衣モード / ターヌムンゴネキ / 愛のぴよ子 / 美才能♪かの子さん
2,57,manual-nijo-yukata-mode,二条嬢☆浴衣モード,19,2656,2495,1,attribute_guard,0.2973,0.4722,97,3,8,いいえ,婆娑羅でどーよ / 二条嬢☆浴衣モード / ターヌムンゴネキ / 愛のぴよ子 / 美才能♪かの子さん
2,58,em-d932b3b4e7ed,狼先生ジョン,18,1963,2869,1,attribute_change,0.2952,0.4583,87,13,8,いいえ,婆娑羅でどーよ / 狼先生ジョン / トマティーナ少佐 / タミちゃんの火祭り / わっしょいミカ先生
2,59,em-e6496091dd0f,シャーミーくん,20,2948,2556,1,attack_buff,0.2942,0.4236,85,15,8,いいえ,婆娑羅でどーよ / シャーミーくん / コンドアーズ / タミちゃんの火祭り / にほりん
2,60,em-86e0d0475819,使い魔のミナヅキ,22,2385,3067,2,attack_buff,0.294,0.4722,96,4,8,いいえ,婆娑羅でどーよ / 使い魔のミナヅキ / アウス大先輩 / 聖☆いんてぃないか / わっしょいミカ先生
2,61,em-c545b5a51997,トリニダの怪人,13,4077,1057,2,skill_reduction,0.2903,0.3194,95,5,8,いいえ,婆娑羅でどーよ / トリニダの怪人 / コンドアーズ / 愛のぴよ子 / ヤマトタケルぅ！
2,62,em-99eb90e0260f,傾国の二条嬢,17,2656,2495,2,attribute_guard,0.2902,0.4653,91,9,8,いいえ,婆娑羅でどーよ / 傾国の二条嬢 / 大患部！ぴよ子大佐 / 劇場版ＪＡＸＡイル / わっしょいミカ先生
2,63,em-6ff1562355a9,ファジル先生,12,2256,1128,2,multi_hit_attack,0.2898,0.3056,80,20,8,いいえ,婆娑羅でどーよ / ファジル先生 / トマティーナ少佐 / 聖☆いんてぃないか / にほりん
2,64,em-e2135a9d657f,ねぶるータスお前もか,18,2173,2656,2,attack_buff,0.2869,0.4861,81,19,8,いいえ,婆娑羅でどーよ / ねぶるータスお前もか / アウス大先輩 / おこしんMK-2 / わっしょいミカ先生
2,65,em-e3e851204c8b,イカすぜ！よりりん,18,2576,2576,2,attribute_change,0.2859,0.4722,81,19,8,いいえ,婆娑羅でどーよ / イカすぜ！よりりん / アウス大先輩 / おこしんMK-2 / わっしょいミカ先生
2,66,em-b7b738711fb0,ちくわサンド,23,2817,2656,2,attack_buff,0.2848,0.3889,100,0,8,いいえ,ヤマさんヤミーさん / ちくわサンド / コンドアーズ / 劇場版ＪＡＸＡイル / にほりん
2,67,em-313faf3b400a,バルパラ★イソ子,36,3237,3067,1,attribute_guard,0.2835,0.4375,96,4,8,いいえ,ハリウッドナナコ師匠 / バルパラ★イソ子 / トマティーナ少佐 / 聖☆いんてぃないか / わっしょいミカ先生
2,68,em-d9bd2d5de563,コンクちゃん,20,2556,1704,1,damage_reduction,0.2821,0.4306,98,2,8,いいえ,婆娑羅でどーよ / コンクちゃん / ターヌムンゴネキ / 愛のぴよ子 / 美才能♪かの子さん
2,69,em-6885c7d684d6,雪の美女と魔獣,52,4304,3016,1,heal,0.2817,0.4167,100,0,8,いいえ,婆娑羅でどーよ / 雪の美女と魔獣 / コンドアーズ / おこしんMK-2 / ウシュか☆丸か
2,70,em-640d19558093,聖なる打毬神！みるるん,19,1208,1963,2,attack_buff,0.2814,0.3611,82,18,8,いいえ,婆娑羅でどーよ / 聖なる打毬神！みるるん / アウス大先輩 / おこしんMK-2 / わっしょいミカ先生
2,71,em-1de8c880f196,ヴィヒー先生,17,2114,2718,2,damage_reduction,0.2807,0.4722,91,9,8,いいえ,婆娑羅でどーよ / ヴィヒー先生 / 大患部！ぴよ子大佐 / 劇場版ＪＡＸＡイル / わっしょいミカ先生
2,72,em-759ef91c7c65,古の灰かぶりロドピス,47,4175,3578,1,damage_reduction,0.2793,0.3681,97,3,8,いいえ,婆娑羅でどーよ / 古の灰かぶりロドピス / コンドアーズ / 愛のぴよ子 / おこしんMK-2
2,73,em-abc85163565c,コキリコ・QB,23,2817,2978,2,attribute_change,0.279,0.3958,100,0,8,いいえ,ヤマさんヤミーさん / コキリコ・QB / コンドアーズ / 劇場版ＪＡＸＡイル / にほりん
2,74,em-ac3306faeab5,マサムネーダー,32,3919,5112,1,attribute_change,0.2786,0.4514,100,0,8,いいえ,アウス大先輩 / マサムネーダー / コンドアーズ / 聖☆いんてぃないか / にほりん
2,75,em-8a030b3f4f33,無給の皇帝,44,4601,2790,2,damage_reduction,0.2783,0.4167,100,0,8,いいえ,婆娑羅でどーよ / 無給の皇帝 / トマティーナ少佐 / 愛のぴよ子 / にほりん
2,76,em-d5465017bfd1,チュパカブ先輩,59,4819,2811,1,heal,0.2777,0.4167,99,1,7,いいえ,おこしんMK-2 / チュパカブ先輩 / コンドアーズ / 祭りだ浅ちゃん！ / ブラジリアン首都術
2,77,em-95a008b67c52,権現くまのたん,22,1030,4234,2,attack_buff,0.2775,0.3819,100,0,8,いいえ,婆娑羅でどーよ / 権現くまのたん / ターヌムンゴネキ / 愛のぴよ子 / 美才能♪かの子さん
2,78,em-d0c26ab1312e,シガー☆直哉,22,3542,2125,1,attribute_change,0.2773,0.4167,100,0,8,いいえ,婆娑羅でどーよ / シガー☆直哉 / ターヌムンゴネキ / 愛のぴよ子 / 美才能♪かの子さん
2,79,em-c09c9bb81a01,蓮十郎,7,1215,1187,2,skill_reduction,0.2761,0.3889,98,2,8,いいえ,婆娑羅でどーよ / 蓮十郎 / コンドアーズ / 財閥だ浅ちゃん！ / 美才能♪かの子さん
2,80,em-3c7a40d5b751,宇和島マタドーるん,19,2737,3059,1,damage_reduction,0.2754,0.4306,97,3,8,いいえ,婆娑羅でどーよ / 宇和島マタドーるん / ターヌムンゴネキ / 愛のぴよ子 / 美才能♪かの子さん
2,81,em-cc1dd429dace,?????,58,4171,4737,1,damage_reduction,0.2751,0.3403,98,2,7,いいえ,おこしんMK-2 / ????? / コンドアーズ / 祭りだ浅ちゃん！ / ブラジリアン首都術
2,82,em-225255ba2e90,華美なるミシュル嬢,22,3864,2524,1,heal,0.2732,0.4167,100,0,8,いいえ,ヤマさんヤミーさん / 華美なるミシュル嬢 / トマティーナ少佐 / タミちゃんの火祭り / わっしょいミカ先生
2,83,em-4016fa16a6ca,Dr.&萌やﾁﾝｹﾞｰﾙ,14,773,2573,1,heal,0.2717,0.4097,100,0,8,いいえ,婆娑羅でどーよ / Dr.&萌やﾁﾝｹﾞｰﾙ / ターヌムンゴネキ / タミちゃんの火祭り / 美才能♪かの子さん
2,84,em-8660ff550c92,うどんの天使,40,3067,3748,1,attack_buff,0.2702,0.3472,98,2,8,いいえ,婆娑羅でどーよ / うどんの天使 / 愛のぴよ子 / タミちゃんの火祭り / 美才能♪かの子さん
2,85,em-f565b0314902,覚醒大氷怪・雪愛,37,4345,4515,1,attribute_change,0.2698,0.3889,85,15,8,いいえ,婆娑羅でどーよ / 覚醒大氷怪・雪愛 / コンドアーズ / おこしんMK-2 / ウシュか☆丸か
2,86,em-7e81ebc98ef9,稼働！K-MEN,57,6475,3067,1,guard,0.2697,0.3403,100,0,8,いいえ,婆娑羅でどーよ / 稼働！K-MEN / 黄泉還り！反魂タン / 旧市街地の魔物 / おこしんMK-2
2,87,em-712bee050113,ターヌムンゴネキ,35,4089,4089,2,attack_buff,0.268,0.3125,97,3,8,いいえ,婆娑羅でどーよ / ターヌムンゴネキ / 愛のぴよ子 / 聖☆いんてぃないか / 美才能♪かの子さん
2,88,em-8ece38ad97a5,デンマーくん大帝,17,1269,1057,2,guard,0.2673,0.4167,91,9,8,いいえ,婆娑羅でどーよ / デンマーくん大帝 / 大患部！ぴよ子大佐 / 劇場版ＪＡＸＡイル / わっしょいミカ先生
2,89,em-ee43bce0e25f,vにゅーさん,51,3567,5271,1,damage_reduction,0.2672,0.3403,99,1,8,いいえ,婆娑羅でどーよ / vにゅーさん / 愛のぴよ子 / タミちゃんの火祭り / 旧市街地の魔物
2,90,em-ed21bd124ab2,牛タソ☆行進曲,14,755,1812,2,guard,0.2661,0.4028,100,0,8,いいえ,ハリウッドナナコ師匠 / 牛タソ☆行進曲 / トマティーナ少佐 / 花火戦隊サイガーRe / わっしょいミカ先生
2,91,em-fa3191833d67,エヴァン,28,3381,2776,2,damage_reduction,0.266,0.3472,100,0,8,いいえ,婆娑羅でどーよ / エヴァン / コンドアーズ / 聖☆いんてぃないか / 美才能♪かの子さん
2,92,em-21262d62b170,ホーク＆フック,25,2093,2173,1,attribute_guard,0.2659,0.375,87,13,8,いいえ,婆娑羅でどーよ / ホーク＆フック / 愛のぴよ子 / 聖☆いんてぃないか / 美才能♪かの子さん
2,93,em-7fd9b48cee31,七夕星人☆たたるんるん,20,3220,1610,2,attack_buff,0.2657,0.3403,98,2,8,いいえ,ハリウッドナナコ師匠 / 七夕星人☆たたるんるん / コンドアーズ / 財閥だ浅ちゃん！ / 美才能♪かの子さん
2,94,em-587d1ec0e30f,偉人さんトーマスん,14,1359,2038,2,attribute_change,0.2656,0.4306,83,17,8,いいえ,婆娑羅でどーよ / 偉人さんトーマスん / トマティーナ少佐 / タミちゃんの火祭り / わっしょいミカ先生
2,95,em-a3563f41a151,ラクダンデス隊長,38,4941,3578,2,guard,0.2649,0.3333,100,0,8,いいえ,婆娑羅でどーよ / ラクダンデス隊長 / 愛のぴよ子 / 聖☆いんてぃないか / 美才能♪かの子さん
2,96,em-f781988d359e,ヤル気勢！うっす様,11,500,1300,2,attack_buff,0.264,0.4653,81,19,8,いいえ,婆娑羅でどーよ / ヤル気勢！うっす様 / コンドアーズ / タミちゃんの火祭り / わっしょいミカ先生
2,97,em-a11a3441fd8e,レンネルアルケニー,43,2896,3919,2,damage_reduction,0.2635,0.375,99,1,8,いいえ,婆娑羅でどーよ / レンネルアルケニー / トマティーナ少佐 / 愛のぴよ子 / にほりん
2,98,em-aa92178d2205,糸巻万太朗,40,5623,4260,2,attribute_change,0.2634,0.3542,98,2,8,いいえ,婆娑羅でどーよ / 糸巻万太朗 / 愛のぴよ子 / タミちゃんの火祭り / 美才能♪かの子さん
2,99,em-c57874d99dcd,三重子大先生,11,1699,1699,1,attribute_change,0.2614,0.4514,81,19,8,いいえ,婆娑羅でどーよ / 三重子大先生 / コンドアーズ / タミちゃんの火祭り / わっしょいミカ先生
2,100,em-b127f99ae530,キラー・ｻﾞ・ｷﾗｰ,55,5964,3408,2,damage_reduction,0.2604,0.3542,96,4,8,いいえ,おこしんMK-2 / キラー・ｻﾞ・ｷﾗｰ / コンドアーズ / ブラジリアン首都術 / 旧市街地の魔物
2,101,em-361f82120d03,オイボくん,40,6645,2556,2,attack_buff,0.2594,0.2917,88,12,8,いいえ,婆娑羅でどーよ / オイボくん / コンドアーズ / ブラジリアン首都術 / ウシュか☆丸か
2,102,em-cdd2ac5f0a12,クイーンなコンク様,44,3578,2385,1,damage_reduction,0.259,0.3681,100,0,8,いいえ,婆娑羅でどーよ / クイーンなコンク様 / トマティーナ少佐 / 愛のぴよ子 / にほりん
2,103,em-b54ea6cda2a4,塚井さん,38,3817,2999,2,attack_buff,0.2584,0.3403,100,0,8,いいえ,婆娑羅でどーよ / 塚井さん / 愛のぴよ子 / 聖☆いんてぃないか / 美才能♪かの子さん
2,104,em-dfbe69861ff7,餅もちにくぁうさん,36,3449,3789,1,damage_reduction,0.2583,0.3611,98,2,8,いいえ,婆娑羅でどーよ / 餅もちにくぁうさん / 愛のぴよ子 / 聖☆いんてぃないか / 美才能♪かの子さん
2,105,em-aae4f48cb489,もん親方,28,3748,3748,2,attribute_guard,0.2582,0.3264,90,10,8,いいえ,婆娑羅でどーよ / もん親方 / 愛のぴよ子 / 聖☆いんてぃないか / 美才能♪かの子さん
2,106,em-4206205a0bb1,リュウ・ツカイ,60,5708,4515,2,attack_buff,0.2571,0.2917,94,6,8,いいえ,ハリウッドナナコ師匠 / リュウ・ツカイ / トマティーナ少佐 / 旧市街地の魔物 / ウシュか☆丸か
2,107,em-8038935d7100,竜宮の翁,38,4771,3748,2,attack_buff,0.256,0.3056,100,0,8,いいえ,婆娑羅でどーよ / 竜宮の翁 / 愛のぴよ子 / 聖☆いんてぃないか / 美才能♪かの子さん
2,108,em-fef48f3b2f9e,まん丸！シャーミー君,28,3800,3237,1,attack_buff,0.2559,0.3403,89,11,8,いいえ,婆娑羅でどーよ / まん丸！シャーミー君 / コンドアーズ / 劇場版ＪＡＸＡイル / ブラジリアン首都術
2,109,em-9974d2b554c4,ｼｬﾐｯ子！シャーミー君,36,4652,3919,1,attack_buff,0.2559,0.3264,87,13,8,いいえ,婆娑羅でどーよ / ｼｬﾐｯ子！シャーミー君 / コンドアーズ / おこしんMK-2 / ブラジリアン首都術
2,110,em-454ebee4a0cd,3人はフォニピュア,60,4941,3578,2,damage_reduction,0.2556,0.3125,98,2,8,いいえ,婆娑羅でどーよ / 3人はフォニピュア / 愛のぴよ子 / おこしんMK-2 / ウシュか☆丸か
2,111,em-95694ab0605a,超★メジェド様,44,2300,3432,2,guard,0.2525,0.3472,100,0,8,いいえ,婆娑羅でどーよ / 超★メジェド様 / トマティーナ少佐 / 愛のぴよ子 / にほりん
2,112,em-6f409bf9b5bd,素敵なステチュさん,14,211,2115,2,damage_reduction,0.2513,0.4375,93,7,8,いいえ,婆娑羅でどーよ / 素敵なステチュさん / ターヌムンゴネキ / 劇場版ＪＡＸＡイル / おこしんMK-2
2,113,em-ad084af57188,魔法使い らくがーる,38,4601,3663,2,attack_buff,0.2513,0.3819,99,1,8,いいえ,ハリウッドナナコ師匠 / 魔法使い らくがーる / アウス大先輩 / 聖☆いんてぃないか / わっしょいミカ先生
2,114,em-85946f26dcf5,鉄人！ガヨーマルト,18,3381,1610,1,attribute_change,0.2504,0.4167,81,19,8,いいえ,婆娑羅でどーよ / 鉄人！ガヨーマルト / アウス大先輩 / おこしんMK-2 / わっしょいミカ先生
2,115,em-ab5422bc92f7,猫キャットマンジョン,7,493,1762,1,heal,0.2494,0.4097,98,2,8,いいえ,婆娑羅でどーよ / 猫キャットマンジョン / コンドアーズ / 財閥だ浅ちゃん！ / 美才能♪かの子さん
2,116,em-acc7e76f32c6,満開☆チゥりっぷちゃん,20,563,2957,2,attribute_change,0.2492,0.4028,83,17,8,いいえ,婆娑羅でどーよ / 満開☆チゥりっぷちゃん / アウス大先輩 / おこしんMK-2 / わっしょいミカ先生
2,117,em-7b7bc6faa9ba,パティは実況勢,41,5623,3352,2,damage_reduction,0.2489,0.3194,99,1,8,いいえ,婆娑羅でどーよ / パティは実況勢 / 愛のぴよ子 / タミちゃんの火祭り / 美才能♪かの子さん
2,118,em-ab3947962bd3,姫騎士なコンクさん,60,4856,3237,1,damage_reduction,0.2488,0.3194,98,2,8,いいえ,婆娑羅でどーよ / 姫騎士なコンクさん / 愛のぴよ子 / おこしんMK-2 / ウシュか☆丸か
2,119,em-85dad7ff7aa2,ディヤの魔人,18,2385,1704,2,heal,0.2482,0.3611,100,0,8,いいえ,婆娑羅でどーよ / ディヤの魔人 / コンドアーズ / 愛のぴよ子 / ヤマトタケルぅ！
2,120,em-f1ed908b1438,竹輪大明神,10,493,1762,2,attack_buff,0.2481,0.3403,98,2,8,いいえ,婆娑羅でどーよ / 竹輪大明神 / 花火戦隊サイガーRe / 愛のぴよ子 / 美才能♪かの子さん
2,121,em-a7be30f0211a,烏枢さま降臨！,13,1359,2416,2,attack_buff,0.2469,0.3958,82,18,8,いいえ,婆娑羅でどーよ / 烏枢さま降臨！ / アウス大先輩 / 聖☆いんてぃないか / にほりん
2,122,em-2c691fe63d0d,ブッシュドノエルん,38,3652,5354,2,attack_buff,0.2467,0.3056,100,0,8,いいえ,婆娑羅でどーよ / ブッシュドノエルん / 愛のぴよ子 / 聖☆いんてぃないか / 美才能♪かの子さん
2,123,em-8e1d0fa65dc4,厩戸之太子大先生,24,2866,2447,1,heal,0.2466,0.3819,100,0,8,いいえ,婆娑羅でどーよ / 厩戸之太子大先生 / ターヌムンゴネキ / 劇場版ＪＡＸＡイル / ハリウッドナナコ師匠
2,124,em-67086191a83f,マダラなシオマネキ君,27,5490,1059,2,attribute_guard,0.2465,0.3398,89,11,8,いいえ,婆娑羅でどーよ / マダラなシオマネキ君 / 愛のぴよ子 / 聖☆いんてぃないか / 美才能♪かの子さん
2,125,em-b343077dd75f,塚井さんは4人乗り,38,4294,3374,2,attack_buff,0.2457,0.2986,100,0,8,いいえ,婆娑羅でどーよ / 塚井さんは4人乗り / 愛のぴよ子 / 聖☆いんてぃないか / 美才能♪かの子さん
2,126,em-3ff47465be07,怪傑猫キャット,6,250,1100,1,heal,0.2454,0.4236,97,3,8,いいえ,婆娑羅でどーよ / 怪傑猫キャット / コンドアーズ / 財閥だ浅ちゃん！ / 美才能♪かの子さん
2,127,em-2d3e693a8406,ツキマシモン,35,3919,1704,2,attack_buff,0.2454,0.2847,97,3,8,いいえ,婆娑羅でどーよ / ツキマシモン / 愛のぴよ子 / 聖☆いんてぃないか / 美才能♪かの子さん
2,128,em-59dbe02c39e1,吸血くん,18,1757,3067,1,attribute_guard,0.2432,0.4028,96,4,8,いいえ,婆娑羅でどーよ / 吸血くん / コンドアーズ / 財閥だ浅ちゃん！ / ハリウッドナナコ師匠
2,129,em-a2d073a6cd6c,納豆問屋のご隠居様,8,944,893,1,skill_reduction,0.241,0.3681,99,1,8,いいえ,婆娑羅でどーよ / 納豆問屋のご隠居様 / コンドアーズ / 財閥だ浅ちゃん！ / 美才能♪かの子さん
2,130,em-9298dde558c4,超豹！ペパりんさん,30,2119,2545,2,delay,0.2404,0.2778,92,8,8,いいえ,婆娑羅でどーよ / 超豹！ペパりんさん / 愛のぴよ子 / 聖☆いんてぃないか / 美才能♪かの子さん
2,131,em-983cb2f685ee,再びニートだ浅ちゃん,40,2044,6816,2,attack_buff,0.239,0.2847,100,0,8,いいえ,アウス大先輩 / 再びニートだ浅ちゃん / コンドアーズ / 劇場版ＪＡＸＡイル / おこしんMK-2
2,132,em-eeba5b4dcba6,カニパンだっ！,23,2737,2415,2,guard,0.2373,0.3403,100,0,8,いいえ,ハリウッドナナコ師匠 / カニパンだっ！ / ターヌムンゴネキ / 聖☆いんてぃないか / 美才能♪かの子さん
2,133,em-6dcd90bb7df5,花めく☆まつやマン,24,4669,2173,1,heal,0.2367,0.3681,100,0,8,いいえ,婆娑羅でどーよ / 花めく☆まつやマン / ターヌムンゴネキ / 劇場版ＪＡＸＡイル / ハリウッドナナコ師匠
2,134,em-9dc006cdc69c,解決猫キャット,5,200,900,1,heal,0.2366,0.4097,96,4,8,いいえ,婆娑羅でどーよ / 解決猫キャット / コンドアーズ / 財閥だ浅ちゃん！ / 美才能♪かの子さん
2,135,em-13a4b4b54b04,北間・クラリス嬢,10,3959,701,1,heal,0.2364,0.3466,98,2,8,いいえ,婆娑羅でどーよ / 北間・クラリス嬢 / 花火戦隊サイガーRe / 愛のぴよ子 / 美才能♪かの子さん
2,136,em-438753e77e6c,デロスの月陽姉弟,41,3237,5453,2,heal,0.2345,0.3194,100,0,8,いいえ,婆娑羅でどーよ / デロスの月陽姉弟 / トマティーナ少佐 / 愛のぴよ子 / 美才能♪かの子さん
2,137,em-0984e8e9ee06,加賀のカブキ者,60,4430,6816,2,attack_buff,0.2328,0.25,98,2,8,いいえ,婆娑羅でどーよ / 加賀のカブキ者 / 愛のぴよ子 / おこしんMK-2 / ウシュか☆丸か
2,138,em-a9738b409d24,カジランガ守り隊員,45,7668,1533,2,attack_buff,0.2321,0.3681,86,14,8,いいえ,婆娑羅でどーよ / カジランガ守り隊員 / 愛のぴよ子 / ブラジリアン首都術 / おこしんMK-2
2,139,em-86926ff7d06c,満喫♪新年にくぁう,24,2085,3449,1,damage_reduction,0.2314,0.3403,100,0,8,いいえ,婆娑羅でどーよ / 満喫♪新年にくぁう / ターヌムンゴネキ / 劇場版ＪＡＸＡイル / ハリウッドナナコ師匠
2,140,em-f4980131820e,ﾊﾛｳｨﾝのヴラドさん,41,4089,1757,2,damage_reduction,0.2305,0.2639,91,9,8,いいえ,アウス大先輩 / ﾊﾛｳｨﾝのヴラドさん / コンドアーズ / おこしんMK-2 / ブラジリアン首都術
2,141,em-7f847f5ad505,電ドロ白鷺嬢,40,6816,2556,1,heal,0.23,0.3333,98,2,8,いいえ,婆娑羅でどーよ / 電ドロ白鷺嬢 / 愛のぴよ子 / タミちゃんの火祭り / 美才能♪かの子さん
2,142,em-b422734eb78b,たたーる星人,15,1812,1510,2,attack_buff,0.2298,0.3333,76,24,8,いいえ,婆娑羅でどーよ / たたーる星人 / コンドアーズ / 劇場版ＪＡＸＡイル / おこしんMK-2
2,143,em-68c38b69771b,ぱんつぁーぴよ子,28,4412,3287,1,attribute_guard,0.2298,0.3264,100,0,8,いいえ,婆娑羅でどーよ / ぱんつぁーぴよ子 / コンドアーズ / 聖☆いんてぃないか / 美才能♪かの子さん
2,144,em-6cd949ff7539,?????,53,1842,6475,2,guard,0.2298,0.2986,98,2,8,いいえ,ウシュか☆丸か / ????? / アウス大先輩 / タミちゃんの火祭り / 旧市街地の魔物
2,145,em-cf78c5cc3134,オタテカモ次郎,28,4186,3059,2,attribute_change,0.2297,0.3125,90,10,8,いいえ,婆娑羅でどーよ / オタテカモ次郎 / 愛のぴよ子 / 聖☆いんてぃないか / 美才能♪かの子さん
2,146,em-c98972302fbd,爆誕！うっす様,9,300,1000,2,attack_buff,0.2277,0.4167,100,0,8,いいえ,婆娑羅でどーよ / 爆誕！うっす様 / コンドアーズ / 財閥だ浅ちゃん！ / 美才能♪かの子さん
2,147,em-c37c2a529421,ディワリのｱﾗｸｼｭﾐｰ,38,4771,3408,2,heal,0.2265,0.2986,100,0,8,いいえ,婆娑羅でどーよ / ディワリのｱﾗｸｼｭﾐｰ / 愛のぴよ子 / 聖☆いんてぃないか / 美才能♪かの子さん
2,148,em-4d47f8a702ed,モヘン女ダロぉ,47,3374,6202,1,damage_reduction,0.2252,0.3333,88,12,8,いいえ,婆娑羅でどーよ / モヘン女ダロぉ / 愛のぴよ子 / ブラジリアン首都術 / 旧市街地の魔物
2,149,em-94130e0ff2b5,かずら大先生,15,1057,1198,2,guard,0.225,0.3542,97,3,8,いいえ,婆娑羅でどーよ / かずら大先生 / コンドアーズ / 愛のぴよ子 / ヤマトタケルぅ！
2,150,em-cd52b65347bc,フローラさま,75,11161,3408,1,attack_buff,0.2248,0.3194,100,0,8,いいえ,ハリウッドナナコ師匠 / フローラさま / 愛のぴよ子 / おこしんMK-2 / ウシュか☆丸か
2,151,em-d6f4ebe1907b,猫キャット,4,150,700,1,heal,0.2237,0.3889,95,5,8,いいえ,婆娑羅でどーよ / 猫キャット / コンドアーズ / 財閥だ浅ちゃん！ / 美才能♪かの子さん
2,152,em-410cc22d32bc,アロハる☆水島神人,16,3246,1887,2,attribute_change,0.2229,0.3193,85,15,8,いいえ,婆娑羅でどーよ / アロハる☆水島神人 / トマティーナ少佐 / タミちゃんの火祭り / わっしょいミカ先生
2,153,em-8b48dbb598d6,高杉ぃ高杉ぃぃ！,60,7500,1704,1,attack_buff,0.2229,0.2917,100,0,8,いいえ,アウス大先輩 / 高杉ぃ高杉ぃぃ！ / 愛のぴよ子 / 旧市街地の魔物 / おこしんMK-2
2,154,em-ceda64319ca1,蜜香のウミリンゴ,75,8520,5453,1,attack_buff,0.2227,0.2917,100,0,8,いいえ,タキシラ師匠 / 蜜香のウミリンゴ / 愛のぴよ子 / 祭りだ浅ちゃん！ / ハリウッドナナコ師匠
2,155,em-8de6e4494a60,称えよ☆メジェド様！,25,2415,2415,2,guard,0.222,0.2986,97,3,8,いいえ,婆娑羅でどーよ / 称えよ☆メジェド様！ / コンドアーズ / 聖☆いんてぃないか / 美才能♪かの子さん
2,156,em-cf3fd175f595,プチさんグロさん,27,2807,2895,2,aoe_attack,0.2212,0.3264,100,0,8,いいえ,婆娑羅でどーよ / プチさんグロさん / ターヌムンゴネキ / タミちゃんの火祭り / ハリウッドナナコ師匠
2,157,em-8d766096773e,おんじとゆかいな子供達,36,5316,1704,1,damage_reduction,0.2212,0.2986,93,7,8,いいえ,アウス大先輩 / おんじとゆかいな子供達 / コンドアーズ / タミちゃんの火祭り / おこしんMK-2
2,158,em-4dc27428f645,よりりんＫ林スタイル,24,2576,2576,2,attribute_change,0.2208,0.3819,100,0,8,いいえ,婆娑羅でどーよ / よりりんＫ林スタイル / ターヌムンゴネキ / 劇場版ＪＡＸＡイル / ハリウッドナナコ師匠
2,159,em-629cc99564e0,帝王ヒルズ様,17,1867,3333,1,attack_buff,0.2207,0.3542,98,2,8,いいえ,婆娑羅でどーよ / 帝王ヒルズ様 / 愛のぴよ子 / 財閥だ浅ちゃん！ / 美才能♪かの子さん
2,160,em-a44b56d26d84,聖夜の又マタドーるん,45,3919,4260,1,damage_reduction,0.2206,0.3264,95,5,8,いいえ,婆娑羅でどーよ / 聖夜の又マタドーるん / コンドアーズ / 愛のぴよ子 / おこしんMK-2
2,161,em-10b41d0249c9,ホタル,40,4396,5163,1,attribute_change,0.2199,0.3264,97,3,8,いいえ,アウス大先輩 / ホタル / コンドアーズ / タミちゃんの火祭り / おこしんMK-2
2,162,em-e7a0d1a547b6,ラス・マノスんさん,10,1979,494,1,aoe_attack,0.2198,0.2778,79,21,8,いいえ,婆娑羅でどーよ / ラス・マノスんさん / アウス大先輩 / 聖☆いんてぃないか / にほりん
2,163,em-65d0268c18cf,うっす様。,6,200,900,2,attack_buff,0.2193,0.4028,97,3,8,いいえ,婆娑羅でどーよ / うっす様。 / コンドアーズ / 財閥だ浅ちゃん！ / 美才能♪かの子さん
2,164,em-aefb52be8eca,半間鮫子,52,3411,6823,2,multi_hit_attack,0.2185,0.2778,100,0,8,いいえ,婆娑羅でどーよ / 半間鮫子 / コンドアーズ / おこしんMK-2 / ウシュか☆丸か
2,165,em-1211d6248533,ピンクなコンクさん,32,3067,2044,1,damage_reduction,0.2175,0.3125,94,6,8,いいえ,婆娑羅でどーよ / ピンクなコンクさん / 愛のぴよ子 / 聖☆いんてぃないか / 美才能♪かの子さん
2,166,em-502c02710bc4,覚醒けいび,6,345,300,2,multi_hit_attack,0.2169,0.3542,97,3,8,いいえ,婆娑羅でどーよ / 覚醒けいび / コンドアーズ / 財閥だ浅ちゃん！ / 美才能♪かの子さん
2,167,em-30793b1211b4,ウルルさんは役者やで,15,1310,2189,1,damage_reduction,0.2167,0.3681,97,3,8,いいえ,婆娑羅でどーよ / ウルルさんは役者やで / コンドアーズ / 愛のぴよ子 / ヤマトタケルぅ！
2,168,em-1eb5e932843b,ダンブッラの蘭,38,5112,3578,2,damage_reduction,0.2148,0.2639,86,14,8,いいえ,婆娑羅でどーよ / ダンブッラの蘭 / コンドアーズ / おこしんMK-2 / ウシュか☆丸か
2,169,em-6df3fac7ad2e,ウナギーヌ社長,9,1833,775,2,heal,0.2143,0.3611,100,0,8,いいえ,婆娑羅でどーよ / ウナギーヌ社長 / コンドアーズ / 財閥だ浅ちゃん！ / 美才能♪かの子さん
2,170,em-17a8d3f2a8d3,牛迫 角子さん,31,3282,4260,1,attack_buff,0.2135,0.3403,93,7,8,いいえ,婆娑羅でどーよ / 牛迫 角子さん / 愛のぴよ子 / 聖☆いんてぃないか / 美才能♪かの子さん
2,171,em-f5955c15b029,ばんば新年2026,60,7668,3438,1,attack_buff,0.2122,0.3194,98,2,8,いいえ,婆娑羅でどーよ / ばんば新年2026 / 愛のぴよ子 / おこしんMK-2 / ハリウッドナナコ師匠
2,172,em-24a892c6ebea,Mt.CACHI×2,38,2556,3578,2,multi_hit_attack,0.2122,0.2917,98,2,8,いいえ,婆娑羅でどーよ / Mt.CACHI×2 / コンドアーズ / 愛のぴよ子 / 美才能♪かの子さん
2,173,em-7a57f923ab2c,ありえんキャット様,61,6069,5622,1,attribute_change,0.2121,0.3264,99,1,8,いいえ,婆娑羅でどーよ / ありえんキャット様 / 愛のぴよ子 / おこしんMK-2 / ウシュか☆丸か
2,174,em-3c2628783368,すまぁとヤスマサニキ,50,4260,5623,2,attack_buff,0.211,0.3125,97,3,8,いいえ,アウス大先輩 / すまぁとヤスマサニキ / コンドアーズ / おこしんMK-2 / ウシュか☆丸か
2,175,em-edb254f0a679,カナちゃんのなごみ,41,5453,3408,2,heal,0.2104,0.3333,91,9,8,いいえ,アウス大先輩 / カナちゃんのなごみ / コンドアーズ / おこしんMK-2 / ブラジリアン首都術
2,176,em-065f680177c4,ﾍﾟﾀももたろす,17,3059,3059,2,attribute_change,0.2097,0.3333,98,2,8,いいえ,婆娑羅でどーよ / ﾍﾟﾀももたろす / 愛のぴよ子 / 財閥だ浅ちゃん！ / 美才能♪かの子さん
2,177,em-8d9e942117e5,ウナギーヌ課長,6,1000,450,2,heal,0.2087,0.375,97,3,8,いいえ,婆娑羅でどーよ / ウナギーヌ課長 / コンドアーズ / 財閥だ浅ちゃん！ / 美才能♪かの子さん
2,178,em-1ec49f290f1e,ʌっぴーちゃん,8,1762,634,2,heal,0.2083,0.3542,99,1,8,いいえ,婆娑羅でどーよ / ʌっぴーちゃん / コンドアーズ / 財閥だ浅ちゃん！ / 美才能♪かの子さん
2,179,em-deac9db76555,ヒルズくん,8,408,812,1,attack_buff,0.2076,0.4028,99,1,8,いいえ,婆娑羅でどーよ / ヒルズくん / コンドアーズ / 財閥だ浅ちゃん！ / 美才能♪かの子さん
2,180,em-69fe49e9031d,かずら姉さん,11,650,700,2,guard,0.2075,0.3472,100,0,8,いいえ,婆娑羅でどーよ / かずら姉さん / ターヌムンゴネキ / 劇場版ＪＡＸＡイル / 美才能♪かの子さん
2,181,em-e6c115665fbd,上宮之太子さま,15,1300,1150,2,heal,0.2064,0.3542,97,3,8,いいえ,婆娑羅でどーよ / 上宮之太子さま / コンドアーズ / 愛のぴよ子 / ヤマトタケルぅ！
2,182,em-ad53908276ac,ピコ島ぴーこ,47,4007,5112,1,heal,0.2064,0.3403,97,3,8,いいえ,婆娑羅でどーよ / ピコ島ぴーこ / コンドアーズ / 愛のぴよ子 / おこしんMK-2
2,183,em-3dc0af65e330,ランたんちゃん,43,3425,5295,2,attribute_change,0.2059,0.3333,99,1,8,いいえ,婆娑羅でどーよ / ランたんちゃん / トマティーナ少佐 / 愛のぴよ子 / にほりん
2,184,em-aff304b1eab4,日本一の桃たろす,42,4260,5964,2,attribute_change,0.2059,0.3194,93,7,8,いいえ,婆娑羅でどーよ / 日本一の桃たろす / コンドアーズ / ブラジリアン首都術 / おこしんMK-2
2,185,em-795ca1ffcb95,カム着火べあぱわー,12,664,2355,2,attack_buff,0.2058,0.3333,100,0,8,いいえ,婆娑羅でどーよ / カム着火べあぱわー / 愛のぴよ子 / 花火戦隊サイガーRe / 美才能♪かの子さん
2,186,em-36ce9827163b,検非違使なけいび氏,28,6024,878,2,heal,0.2056,0.2913,100,0,8,いいえ,婆娑羅でどーよ / 検非違使なけいび氏 / コンドアーズ / 聖☆いんてぃないか / 美才能♪かの子さん
2,187,em-3f58266f2bab,スカン・グ☆愛,12,2886,890,1,damage_reduction,0.205,0.3264,100,0,8,いいえ,婆娑羅でどーよ / スカン・グ☆愛 / 愛のぴよ子 / 花火戦隊サイガーRe / 美才能♪かの子さん
2,188,em-70861f8a23e9,ウナギーヌくん,3,800,200,2,heal,0.2042,0.375,94,6,8,いいえ,婆娑羅でどーよ / ウナギーヌくん / コンドアーズ / 財閥だ浅ちゃん！ / 美才能♪かの子さん
2,189,em-ead779b4526c,乗っとるダム制度君,8,2115,535,2,revive,0.2041,0.3681,99,1,8,いいえ,婆娑羅でどーよ / 乗っとるダム制度君 / コンドアーズ / 財閥だ浅ちゃん！ / 美才能♪かの子さん
2,190,em-1e3b5bb54d35,ナナフシ,30,4175,2999,2,attribute_change,0.2012,0.2708,98,2,8,いいえ,婆娑羅でどーよ / ナナフシ / 巳ーちゃん / 愛のぴよ子 / 美才能♪かの子さん
2,191,em-f3d5bcd42444,あっぴー先輩,6,1000,400,2,heal,0.2011,0.3681,97,3,8,いいえ,婆娑羅でどーよ / あっぴー先輩 / コンドアーズ / 財閥だ浅ちゃん！ / 美才能♪かの子さん
2,192,em-7b76cc31326e,迷走のヴァニ江,36,4379,2505,2,damage_reduction,0.2003,0.2917,93,7,8,いいえ,アウス大先輩 / 迷走のヴァニ江 / コンドアーズ / タミちゃんの火祭り / おこしんMK-2
2,193,em-76691ebd833d,特攻のびゃこ,38,2641,6219,2,attack_buff,0.1979,0.2986,100,0,8,いいえ,婆娑羅でどーよ / 特攻のびゃこ / 愛のぴよ子 / 聖☆いんてぃないか / 美才能♪かの子さん
2,194,em-59482d256e11,大森銀佐摩,15,2679,352,2,damage_reduction,0.1978,0.2986,97,3,8,いいえ,婆娑羅でどーよ / 大森銀佐摩 / コンドアーズ / 愛のぴよ子 / ヤマトタケルぅ！
2,195,em-048f5c5385db,Mr.バトラー,34,4771,3067,1,attribute_change,0.1977,0.3194,96,4,8,いいえ,婆娑羅でどーよ / Mr.バトラー / 愛のぴよ子 / 聖☆いんてぃないか / 美才能♪かの子さん
2,196,em-a91beec21e3d,やよいチゥりっぷ☆神,13,2957,563,2,attribute_change,0.1973,0.2847,82,18,8,いいえ,婆娑羅でどーよ / やよいチゥりっぷ☆神 / アウス大先輩 / 聖☆いんてぃないか / にほりん
2,197,em-87a6c85241fe,蝶々ペッパーくん,30,1482,1781,2,delay,0.1969,0.2431,92,8,8,いいえ,婆娑羅でどーよ / 蝶々ペッパーくん / 愛のぴよ子 / 聖☆いんてぃないか / 美才能♪かの子さん
2,198,em-c6a3687dad8c,ウナギーヌさん,5,900,350,2,heal,0.1964,0.3611,96,4,8,いいえ,婆娑羅でどーよ / ウナギーヌさん / コンドアーズ / 財閥だ浅ちゃん！ / 美才能♪かの子さん
2,199,em-7419b64dec0e,天の飛龍巻,42,5623,3748,2,attribute_change,0.1957,0.3056,100,0,8,いいえ,婆娑羅でどーよ / 天の飛龍巻 / 愛のぴよ子 / タミちゃんの火祭り / 美才能♪かの子さん
2,200,em-860d0191c03c,太子くん,8,650,590,2,heal,0.1956,0.3681,99,1,8,いいえ,婆娑羅でどーよ / 太子くん / コンドアーズ / 財閥だ浅ちゃん！ / 美才能♪かの子さん
2,201,em-7f58743c664e,ポリミタス☆おかいこ,34,4771,3069,2,attribute_change,0.1953,0.2917,85,15,8,いいえ,婆娑羅でどーよ / ポリミタス☆おかいこ / コンドアーズ / おこしんMK-2 / ブラジリアン首都術
2,202,em-a37b305548ef,なっとくんさん,5,400,400,2,skill_reduction,0.1949,0.3542,96,4,8,いいえ,婆娑羅でどーよ / なっとくんさん / コンドアーズ / 財閥だ浅ちゃん！ / 美才能♪かの子さん
2,203,em-85da0a137fe9,北間・クララさん,10,3561,629,1,heal,0.1946,0.2841,98,2,8,いいえ,婆娑羅でどーよ / 北間・クララさん / 花火戦隊サイガーRe / 愛のぴよ子 / 美才能♪かの子さん
2,204,em-42c90dd17240,GSPS！秀郷先生,34,3578,4601,2,attack_buff,0.1941,0.2917,96,4,8,いいえ,婆娑羅でどーよ / GSPS！秀郷先生 / 愛のぴよ子 / 聖☆いんてぃないか / 美才能♪かの子さん
2,205,em-64a5161e8307,優美な二条嬢,15,1250,1150,2,attribute_guard,0.194,0.3542,97,3,8,いいえ,婆娑羅でどーよ / 優美な二条嬢 / コンドアーズ / 愛のぴよ子 / ヤマトタケルぅ！
2,206,em-24679a7881f4,三重子さん,9,704,700,2,attribute_change,0.1928,0.3819,100,0,8,いいえ,婆娑羅でどーよ / 三重子さん / コンドアーズ / 財閥だ浅ちゃん！ / 美才能♪かの子さん
2,207,em-62994b487456,浪漫歌人♪晶子さん,25,3059,3059,2,revive,0.1922,0.3264,100,0,8,いいえ,婆娑羅でどーよ / 浪漫歌人♪晶子さん / アウス大先輩 / 巳ーちゃんさん / ハリウッドナナコ師匠
2,208,em-6d0b27bbd976,なっとくんおじさん,7,496,484,2,skill_reduction,0.1915,0.3403,98,2,8,いいえ,婆娑羅でどーよ / なっとくんおじさん / コンドアーズ / 財閥だ浅ちゃん！ / 美才能♪かの子さん
2,209,em-4fddbba71de4,大熊びぐべん,9,600,700,2,attack_buff,0.1907,0.3681,100,0,8,いいえ,婆娑羅でどーよ / 大熊びぐべん / コンドアーズ / 財閥だ浅ちゃん！ / 美才能♪かの子さん
2,210,em-82e546e8de79,ランたん,29,2198,3612,2,attribute_change,0.1906,0.3194,90,10,8,いいえ,婆娑羅でどーよ / ランたん / コンドアーズ / 劇場版ＪＡＸＡイル / ブラジリアン首都術
2,211,em-bca7c94c15fe,ひろしマンＲ,10,1128,1128,2,heal,0.1906,0.3056,98,2,8,いいえ,婆娑羅でどーよ / ひろしマンＲ / 愛のぴよ子 / 花火戦隊サイガーRe / 美才能♪かの子さん
2,212,em-b080511b902a,かずらちゃん,3,350,500,2,guard,0.1887,0.3472,85,15,8,いいえ,ヤマさんヤミーさん / かずらちゃん / トマティーナ少佐 / 聖☆いんてぃないか / わっしょいミカ先生
2,213,em-bdcce3725e8b,修験鬼ギュウちゃん,85,9372,5453,1,damage_reduction,0.1883,0.1806,100,0,4,いいえ,じとっ子 / 修験鬼ギュウちゃん / デンマーくん / 唸る！叡智通 / 鳴子ちゃん
2,214,em-e9a9af4ae9bc,梨豚ぴぐぺん,6,500,600,2,attack_buff,0.1876,0.3611,97,3,8,いいえ,婆娑羅でどーよ / 梨豚ぴぐぺん / コンドアーズ / 財閥だ浅ちゃん！ / 美才能♪かの子さん
2,215,em-1e9e4475c353,ゲラー･ｻﾞ･ｸﾞﾗﾃﾞｨｴｲﾀｰ,55,3408,5964,2,attack_buff,0.1856,0.2847,96,4,8,いいえ,婆娑羅でどーよ / ゲラー･ｻﾞ･ｸﾞﾗﾃﾞｨｴｲﾀｰ / 愛のぴよ子 / おこしんMK-2 / ブラジリアン首都術
2,216,em-bf60c5d7bbe5,ワイン塗れのぐっすん,39,2453,5555,1,attack_buff,0.1847,0.2986,90,10,8,いいえ,婆娑羅でどーよ / ワイン塗れのぐっすん / コンドアーズ / ブラジリアン首都術 / おこしんMK-2
2,217,em-f4025e805468,best of 長田さん,50,3500,7000,1,attribute_change,0.1838,0.2986,99,1,8,いいえ,ウシュか☆丸か / best of 長田さん / アウス大先輩 / 聖☆いんてぃないか / 旧市街地の魔物
2,218,em-83954a93a691,閃きのヒラメちゃん,60,6560,4430,2,attribute_change,0.1828,0.25,98,2,8,いいえ,婆娑羅でどーよ / 閃きのヒラメちゃん / 愛のぴよ子 / おこしんMK-2 / ウシュか☆丸か
2,219,em-8680261975a6,キタマクラさん,10,3166,558,1,heal,0.179,0.2708,98,2,8,いいえ,婆娑羅でどーよ / キタマクラさん / 花火戦隊サイガーRe / 愛のぴよ子 / 美才能♪かの子さん
2,220,em-c358a9d61a43,PiぐPeんとBiぐBeん,15,1208,1510,2,attack_buff,0.1777,0.3123,96,4,8,いいえ,婆娑羅でどーよ / PiぐPeんとBiぐBeん / 愛のぴよ子 / 財閥だ浅ちゃん！ / 美才能♪かの子さん
2,221,em-4ea698949c11,侵略成功!?イカ翁,20,1131,1272,2,revive,0.1773,0.3403,98,2,8,いいえ,婆娑羅でどーよ / 侵略成功!?イカ翁 / ターヌムンゴネキ / 愛のぴよ子 / 美才能♪かの子さん
2,222,em-98053d851e29,炎上魔女ベファーナ,59,2088,3748,2,revive,0.1768,0.2708,100,0,7,いいえ,婆娑羅でどーよ / 炎上魔女ベファーナ / 愛のぴよ子 / 旧市街地の魔物 / おこしんMK-2
2,223,em-23638c0715eb,ばけごろう,30,1757,5743,1,attribute_change,0.176,0.2778,92,8,9,いいえ,婆娑羅でどーよ / ばけごろう / 愛のぴよ子 / 聖☆いんてぃないか / 美才能♪かの子さん
2,224,em-3e7f24f8564c,かずらさん,6,450,650,2,guard,0.174,0.3125,97,3,8,いいえ,婆娑羅でどーよ / かずらさん / コンドアーズ / 財閥だ浅ちゃん！ / 美才能♪かの子さん
2,225,em-e44c80aa58d3,二条嬢,8,620,600,2,attribute_guard,0.1702,0.3333,99,1,8,いいえ,婆娑羅でどーよ / 二条嬢 / コンドアーズ / 財閥だ浅ちゃん！ / 美才能♪かの子さん
2,226,em-f334c541bf84,納得ん★福曼荼羅,17,1763,1860,2,attribute_change,0.1693,0.2986,93,7,8,いいえ,ヤマさんヤミーさん / 納得ん★福曼荼羅 / トマティーナ少佐 / 劇場版ＪＡＸＡイル / にほりん
2,227,em-664c9287613d,阿蘇さん,8,820,500,1,attribute_guard,0.1682,0.3264,99,1,8,いいえ,婆娑羅でどーよ / 阿蘇さん / コンドアーズ / 財閥だ浅ちゃん！ / 美才能♪かの子さん
2,228,em-344fce469565,豊聡之太子さん,12,830,775,2,heal,0.1677,0.3056,100,0,8,いいえ,婆娑羅でどーよ / 豊聡之太子さん / コンドアーズ / タミちゃんの火祭り / 財閥だ浅ちゃん！
2,229,em-814278d8eb9b,轟け！阿蘇さん,15,1680,920,1,attribute_guard,0.1661,0.2986,97,3,8,いいえ,婆娑羅でどーよ / 轟け！阿蘇さん / コンドアーズ / 愛のぴよ子 / ヤマトタケルぅ！
2,230,em-b0a6405ce878,ヒルズキング,15,859,1598,1,attack_buff,0.1659,0.2986,96,4,8,いいえ,婆娑羅でどーよ / ヒルズキング / 愛のぴよ子 / 財閥だ浅ちゃん！ / 美才能♪かの子さん
2,231,em-c1c986f4f89a,爆誕！ももたろす,62,4260,5964,1,attribute_change,0.1643,0.2497,93,7,8,いいえ,ブラジリアン首都術 / 爆誕！ももたろす / 愛のぴよ子 / 旧市街地の魔物 / おこしんMK-2
2,232,em-b9b869c15b9f,ルリマダラー,15,3786,378,2,attribute_guard,0.1632,0.2361,96,4,8,いいえ,婆娑羅でどーよ / ルリマダラー / 愛のぴよ子 / 財閥だ浅ちゃん！ / 美才能♪かの子さん
2,233,em-6a0e464e2855,収穫ぴよ子,10,1426,1304,1,attribute_change,0.1565,0.2778,98,2,8,いいえ,婆娑羅でどーよ / 収穫ぴよ子 / 愛のぴよ子 / 花火戦隊サイガーRe / 美才能♪かの子さん
2,234,em-cecb4ccbb927,蝶々胡椒鯛くん,30,847,1018,2,delay,0.156,0.2292,92,8,8,いいえ,婆娑羅でどーよ / 蝶々胡椒鯛くん / 愛のぴよ子 / 聖☆いんてぃないか / 美才能♪かの子さん
2,235,em-6c215846fcb0,アン・ごろう,16,1356,1189,2,attack_buff,0.1552,0.2708,77,23,8,いいえ,婆娑羅でどーよ / アン・ごろう / コンドアーズ / 劇場版ＪＡＸＡイル / おこしんMK-2
2,236,em-bffb26ad3975,アイヌ☆らっくるん,60,2896,6645,2,attack_buff,0.1536,0.2361,100,0,8,いいえ,アウス大先輩 / アイヌ☆らっくるん / 愛のぴよ子 / 旧市街地の魔物 / おこしんMK-2
2,237,em-452bfe576bb9,ねぶるータス,16,950,1350,2,attack_buff,0.152,0.2917,77,23,8,いいえ,婆娑羅でどーよ / ねぶるータス / コンドアーズ / 劇場版ＪＡＸＡイル / おこしんMK-2
2,238,em-e11205ce4a3f,紅蓮のＰＬぴよ子,60,3656,3656,1,attribute_change,0.1512,0.2569,98,2,8,いいえ,婆娑羅でどーよ / 紅蓮のＰＬぴよ子 / 愛のぴよ子 / おこしんMK-2 / ウシュか☆丸か
2,239,em-786d95001098,可憐な二条嬢,12,810,790,2,attribute_guard,0.1492,0.2917,80,20,8,いいえ,婆娑羅でどーよ / 可憐な二条嬢 / トマティーナ少佐 / 聖☆いんてぃないか / にほりん
2,240,em-c78db71c2d7b,ヒルズさん,12,517,1097,1,attack_buff,0.1468,0.2847,100,0,8,いいえ,婆娑羅でどーよ / ヒルズさん / 愛のぴよ子 / 花火戦隊サイガーRe / 美才能♪かの子さん
2,241,em-f33518363cb8,マチョリスト☆ばん,13,1410,775,2,attack_buff,0.1461,0.2708,91,9,8,いいえ,ヤマさんヤミーさん / マチョリスト☆ばん / アウス大先輩 / 聖☆いんてぃないか / にほりん
2,242,em-0b273c3da2d3,ぴぐぺん＆びぐべん,12,700,900,2,attack_buff,0.1422,0.2778,100,0,8,いいえ,婆娑羅でどーよ / ぴぐぺん＆びぐべん / 愛のぴよ子 / 花火戦隊サイガーRe / 美才能♪かの子さん
2,243,em-9671099553c0,唸れ！阿蘇さん,12,1020,680,1,attribute_guard,0.1369,0.2639,100,0,8,いいえ,婆娑羅でどーよ / 唸れ！阿蘇さん / コンドアーズ / タミちゃんの火祭り / 財閥だ浅ちゃん！
2,244,em-daac43f51729,四悪妖・鵺,88,9542,5964,1,attribute_change,0.1355,0.1528,100,0,4,いいえ,ハントンくん / 四悪妖・鵺 / デンマーくん / くーさん / 竹輪先生
2,245,em-dc5f853080a2,ねぶるー,12,590,630,2,attack_buff,0.1326,0.2778,100,0,8,いいえ,婆娑羅でどーよ / ねぶるー / 愛のぴよ子 / 花火戦隊サイガーRe / 美才能♪かの子さん
2,246,em-c47afb60b613,三重子先輩,10,800,800,2,attribute_change,0.1285,0.2569,98,2,8,いいえ,婆娑羅でどーよ / 三重子先輩 / 花火戦隊サイガーRe / 愛のぴよ子 / 美才能♪かの子さん
2,247,em-a71cd0e28586,ねぶるーさん,14,770,830,2,attack_buff,0.1281,0.2569,95,5,8,いいえ,婆娑羅でどーよ / ねぶるーさん / 愛のぴよ子 / 財閥だ浅ちゃん！ / 美才能♪かの子さん
2,248,em-0ee8cd6c9dab,黄金時代！K・ワンダー,60,3,3,1,multi_hit_attack,0.085,0.1528,98,2,8,いいえ,婆娑羅でどーよ / 黄金時代！K・ワンダー / 愛のぴよ子 / おこしんMK-2 / ハリウッドナナコ師匠
2,249,em-404f12535630,祇園祭の素戔嗚さま,88,5964,6390,2,multi_hit_attack,0,0,101,0,0,いいえ,
2,250,em-207f3b89da64,ピンギヌスのたまご,100,1,1,1,damage_reduction,0,0,101,0,0,いいえ,
3,1,em-0fd17c65da62,大患部！ぴよ子大佐,18,2415,2861,2,multi_hit_attack,0.4804,0.5,80,20,8,いいえ,婆娑羅でどーよ / ペーチパイセン / 大患部！ぴよ子大佐 / タミちゃんの火祭り / わっしょいミカ先生
3,2,em-b2d6a846bb36,哀哭のオオウミガラス,75,9713,4941,2,damage_reduction,0.4616,0.5352,100,0,6,いいえ,ハリウッドナナコ師匠 / ペーチパイセン / 哀哭のオオウミガラス / 旧市街地の魔物 / 大森さん
3,3,em-7914d5cdb04d,芋神よしあき,32,4130,2753,3,multi_hit_attack,0.46,0.4792,99,1,8,いいえ,婆娑羅でどーよ / ヤマさんヤミーさん / 芋神よしあき / 愛のぴよ子 / にほりん
3,4,em-32ef1535a66a,ハバキたん,60,6816,4260,3,damage_reduction,0.4413,0.5694,100,0,8,いいえ,婆娑羅でどーよ / ペーチパイセン / ハバキたん / ブラジリアン首都術 / ウシュか☆丸か
3,5,em-90d2686cfd0d,花火戦隊サイガーRe,45,4515,5367,3,multi_hit_attack,0.4411,0.3542,97,3,8,いいえ,婆娑羅でどーよ / ペーチパイセン / 花火戦隊サイガーRe / 愛のぴよ子 / 美才能♪かの子さん
3,6,em-252e0359c5e1,巳ーちゃん,25,3451,2599,3,multi_hit_attack,0.4352,0.4097,99,1,8,いいえ,アウス大先輩 / ヤマさんヤミーさん / 巳ーちゃん / タミちゃんの火祭り / にほりん
3,7,em-e778e99b9218,不敵な笑みのニタりん,16,1363,2556,3,multi_hit_attack,0.434,0.4583,78,22,8,いいえ,婆娑羅でどーよ / ペーチパイセン / 不敵な笑みのニタりん / タミちゃんの火祭り / わっしょいミカ先生
3,8,em-93a9275d427c,肉食ドゥブロさん,32,5106,3404,3,attack_buff,0.4282,0.4722,100,0,8,いいえ,婆娑羅でどーよ / ヤマさんヤミーさん / 肉食ドゥブロさん / 劇場版ＪＡＸＡイル / ハリウッドナナコ師匠
3,9,em-da8da47e0c9c,さるぼぼ・ぼーぼぼ,14,1661,2114,3,aoe_attack,0.4279,0.4583,76,24,8,いいえ,婆娑羅でどーよ / ペーチパイセン / さるぼぼ・ぼーぼぼ / タミちゃんの火祭り / わっしょいミカ先生
3,10,em-378e340695dc,スクナクナクナクス,50,6816,3408,2,aoe_attack,0.427,0.3611,100,0,8,いいえ,婆娑羅でどーよ / アウス大先輩 / スクナクナクナクス / 愛のぴよ子 / おこしんMK-2
3,11,em-cea68c425163,跛荒の鉄男大先生,51,4686,6625,3,multi_hit_attack,0.4265,0.3403,100,0,8,いいえ,ハリウッドナナコ師匠 / ペーチパイセン / 跛荒の鉄男大先生 / コンドアーズ / 美才能♪かの子さん
3,12,em-d09d2f80d34e,トマティーナ少佐,16,3748,2130,2,multi_hit_attack,0.4239,0.3819,76,24,8,いいえ,婆娑羅でどーよ / ペーチパイセン / トマティーナ少佐 / 劇場版ＪＡＸＡイル / にほりん
3,13,em-474d7b7d3bbe,イチャン～(から),26,3606,2850,2,aoe_attack,0.4224,0.3681,97,3,8,いいえ,アウス大先輩 / トマティーナ少佐 / イチャン～(から) / 劇場版ＪＡＸＡイル / わっしょいミカ先生
3,14,em-9413da55b7e0,ヤマピカリャーコ,47,4515,5095,2,multi_hit_attack,0.4215,0.3605,100,0,8,いいえ,婆娑羅でどーよ / 北間・クラリス嬢 / ヤマピカリャーコ / コンドアーズ / おこしんMK-2
3,15,em-5b1667b398d0,?????,46,4430,5112,2,multi_hit_attack,0.4211,0.3542,98,2,8,いいえ,婆娑羅でどーよ / ペーチパイセン / ????? / 愛のぴよ子 / 美才能♪かの子さん
3,16,em-6d3c1934f67c,エンパさんの夏,50,5623,4430,2,aoe_attack,0.419,0.3542,98,2,8,いいえ,ウシュか☆丸か / ヤマさんヤミーさん / エンパさんの夏 / おこしんMK-2 / 旧市街地の魔物
3,17,em-8522b1e6c291,百華百彩久連子,55,5282,5282,3,multi_hit_attack,0.4103,0.3264,100,0,8,いいえ,ウシュか☆丸か / ヤマさんヤミーさん / 百華百彩久連子 / ブラジリアン首都術 / ハリウッドナナコ師匠
3,18,em-d22cc44e6b53,ニタりん,16,1090,2044,3,multi_hit_attack,0.4081,0.4444,78,22,8,いいえ,婆娑羅でどーよ / ペーチパイセン / ニタりん / タミちゃんの火祭り / わっしょいミカ先生
3,19,em-e362f95d25c3,巳ーちゃんさん,35,4303,3451,3,multi_hit_attack,0.3991,0.3194,99,1,8,いいえ,婆娑羅でどーよ / ペーチパイセン / 巳ーちゃんさん / 聖☆いんてぃないか / 美才能♪かの子さん
3,20,em-faea6a503d7f,討ち入り☆花子,58,5350,4907,3,aoe_attack,0.3986,0.2986,100,0,8,いいえ,婆娑羅でどーよ / ペーチパイセン / 討ち入り☆花子 / 愛のぴよ子 / おこしんMK-2
3,21,em-a3563f41a151,ラクダンデス隊長,38,4941,3578,2,guard,0.3963,0.5417,98,2,8,いいえ,婆娑羅でどーよ / ヤマさんヤミーさん / ラクダンデス隊長 / 愛のぴよ子 / おこしんMK-2
3,22,em-9fe53d26e9cb,ロイ・マタ先輩,46,2726,6816,3,multi_hit_attack,0.3933,0.3194,98,2,8,いいえ,婆娑羅でどーよ / ペーチパイセン / ロイ・マタ先輩 / 愛のぴよ子 / 美才能♪かの子さん
3,23,em-3f6affd1acff,ハンニバル力(りょく),58,7497,2385,3,aoe_attack,0.391,0.3611,100,0,8,いいえ,婆娑羅でどーよ / ペーチパイセン / ハンニバル力(りょく) / 愛のぴよ子 / おこしんMK-2
3,24,em-824a4dbb010c,守護天狗くまのたん,41,1874,7668,3,aoe_attack,0.3903,0.3194,100,0,8,いいえ,ハリウッドナナコ師匠 / ヤマさんヤミーさん / 守護天狗くまのたん / 聖☆いんてぃないか / 旧市街地の魔物
3,25,em-c0b8a38b4040,鹿喰らいの狼マン,47,4771,3748,2,multi_hit_attack,0.3893,0.3125,99,1,8,いいえ,婆娑羅でどーよ / ペーチパイセン / 鹿喰らいの狼マン / 愛のぴよ子 / 美才能♪かの子さん
3,26,em-4d9586371e6c,鞭・打つ子さん,38,4106,4106,3,multi_hit_attack,0.3888,0.2917,98,2,8,いいえ,婆娑羅でどーよ / ヤマさんヤミーさん / 鞭・打つ子さん / 愛のぴよ子 / おこしんMK-2
3,27,em-aa92178d2205,糸巻万太朗,40,5623,4260,2,attribute_change,0.3862,0.5486,100,0,8,いいえ,婆娑羅でどーよ / ヤマさんヤミーさん / 糸巻万太朗 / 愛のぴよ子 / おこしんMK-2
3,28,em-9b97e564ea43,ユールシスター☆ノエルん,43,5523,4112,3,multi_hit_attack,0.3859,0.3056,97,3,8,いいえ,婆娑羅でどーよ / ペーチパイセン / ユールシスター☆ノエルん / 聖☆いんてぃないか / おこしんMK-2
3,29,em-cc181917eaeb,無双中な宗茂さん,60,6405,4941,2,aoe_attack,0.3837,0.2772,99,1,8,いいえ,婆娑羅でどーよ / 北間・クラリス嬢 / 無双中な宗茂さん / おこしんMK-2 / 大森さん
3,30,em-690b5b221287,メルクさん,17,2114,1812,2,aoe_attack,0.3812,0.4236,79,21,8,いいえ,婆娑羅でどーよ / ペーチパイセン / メルクさん / タミちゃんの火祭り / わっしょいミカ先生
3,31,em-5b97cf2d5a88,やまたのおろちん,40,2726,2726,3,multi_hit_attack,0.3801,0.3264,100,0,8,いいえ,婆娑羅でどーよ / ヤマさんヤミーさん / やまたのおろちん / 愛のぴよ子 / おこしんMK-2
3,32,em-480a0eef6d7b,ピカリャー射的ｽﾀｲﾙ,45,3786,3786,2,aoe_attack,0.3793,0.2847,100,0,8,いいえ,婆娑羅でどーよ / 北間・クラリス嬢 / ピカリャー射的ｽﾀｲﾙ / 聖☆いんてぃないか / 旧市街地の魔物
3,33,em-712bee050113,ターヌムンゴネキ,35,4089,4089,2,attack_buff,0.3755,0.4722,100,0,8,いいえ,ハリウッドナナコ師匠 / ヤマさんヤミーさん / ターヌムンゴネキ / タミちゃんの火祭り / 美才能♪かの子さん
3,34,em-845ebf2f059a,うどんの女神,39,4771,2385,2,multi_hit_attack,0.3753,0.3056,99,1,8,いいえ,婆娑羅でどーよ / ヤマさんヤミーさん / うどんの女神 / 愛のぴよ子 / おこしんMK-2
3,35,em-32dd2642183e,ハイパーハンギョジン,60,5889,3996,3,attack_buff,0.374,0.4444,100,0,8,いいえ,婆娑羅でどーよ / ペーチパイセン / ハイパーハンギョジン / おこしんMK-2 / ウシュか☆丸か
3,36,em-4533a7697d48,謀反人ミッツ,60,6645,4430,3,damage_reduction,0.3716,0.5139,99,1,7,いいえ,婆娑羅でどーよ / ペーチパイセン / 謀反人ミッツ / 愛のぴよ子 / ハリウッドナナコ師匠
3,37,em-504b87d4019a,ニタリくん,16,817,1533,3,multi_hit_attack,0.369,0.4167,78,22,8,いいえ,婆娑羅でどーよ / ペーチパイセン / ニタリくん / タミちゃんの火祭り / わっしょいミカ先生
3,38,em-4e3940289203,スーパー軍師兵衛ズ,60,7838,2385,3,skill_reduction,0.3689,0.3681,99,1,8,いいえ,婆娑羅でどーよ / ペーチパイセン / スーパー軍師兵衛ズ / 愛のぴよ子 / ウシュか☆丸か
3,39,em-99460641a41d,奇岩妖精ペリバじゃん,40,6816,852,3,attack_buff,0.3687,0.2986,99,1,8,いいえ,婆娑羅でどーよ / トマティーナ少佐 / 奇岩妖精ペリバじゃん / 愛のぴよ子 / 美才能♪かの子さん
3,40,em-4206205a0bb1,リュウ・ツカイ,60,5708,4515,2,attack_buff,0.3683,0.4514,97,3,8,いいえ,おこしんMK-2 / アウス大先輩 / リュウ・ツカイ / 愛のぴよ子 / ハリウッドナナコ師匠
3,41,em-48a7e7dd243f,鮫男子・ニタりん,60,4601,7157,3,multi_hit_attack,0.3682,0.2778,99,1,8,いいえ,婆娑羅でどーよ / ペーチパイセン / 鮫男子・ニタりん / 愛のぴよ子 / ウシュか☆丸か
3,42,em-74c87c37d930,むぅむぅ,30,2839,2525,3,multi_hit_attack,0.3674,0.2986,79,21,8,いいえ,婆娑羅でどーよ / ペーチパイセン / むぅむぅ / コンドアーズ / ウシュか☆丸か
3,43,em-748c1a866dbc,Hey Yeah 清盛,75,11417,2896,3,guard,0.3663,0.4444,100,0,6,いいえ,ハリウッドナナコ師匠 / ペーチパイセン / Hey Yeah 清盛 / おこしんMK-2 / 大森さん
3,44,em-690a803a0c00,タッターさん,47,4089,2222,2,multi_hit_attack,0.3654,0.3328,100,0,8,いいえ,婆娑羅でどーよ / 北間・クラリス嬢 / タッターさん / コンドアーズ / おこしんMK-2
3,45,em-eb8dcb3ecb46,ヨーコ須賀パイセン,45,5964,3237,3,attribute_guard,0.3566,0.4373,100,0,8,いいえ,ウシュか☆丸か / ヤマさんヤミーさん / ヨーコ須賀パイセン / タミちゃんの火祭り / ブラジリアン首都術
3,46,em-e99bfc1ea066,ご入学ぴよ子,9,883,2397,2,attack_buff,0.3548,0.4861,81,19,8,いいえ,婆娑羅でどーよ / トマティーナ少佐 / ご入学ぴよ子 / 劇場版ＪＡＸＡイル / わっしょいミカ先生
3,47,em-95694ab0605a,超★メジェド様,44,2300,3432,2,guard,0.3537,0.5069,96,4,8,いいえ,婆娑羅でどーよ / ペーチパイセン / 超★メジェド様 / 愛のぴよ子 / 美才能♪かの子さん
3,48,em-ab3cf42ca015,銘菓ぴよ子零式,15,1155,1255,3,multi_hit_attack,0.3532,0.3958,77,23,8,いいえ,婆娑羅でどーよ / ペーチパイセン / 銘菓ぴよ子零式 / タミちゃんの火祭り / わっしょいミカ先生
3,49,em-ffea90d62e77,テイヤさん,55,1874,5282,3,multi_hit_attack,0.3528,0.25,97,3,8,いいえ,婆娑羅でどーよ / ペーチパイセン / テイヤさん / 愛のぴよ子 / おこしんMK-2
3,50,em-a818769b8b91,田島の春,44,1618,5112,2,multi_hit_attack,0.3527,0.2431,96,4,8,いいえ,婆娑羅でどーよ / ペーチパイセン / 田島の春 / 愛のぴよ子 / 美才能♪かの子さん
3,51,em-8765daafca7a,トマティーナ中佐,40,3748,2130,2,multi_hit_attack,0.3524,0.2778,100,0,8,いいえ,婆娑羅でどーよ / ヤマさんヤミーさん / トマティーナ中佐 / 愛のぴよ子 / おこしんMK-2
3,52,em-361f82120d03,オイボくん,40,6645,2556,2,attack_buff,0.352,0.4306,99,1,8,いいえ,婆娑羅でどーよ / トマティーナ少佐 / オイボくん / 愛のぴよ子 / 美才能♪かの子さん
3,53,em-b95ac93b816d,キタキツネの神様,29,3748,4771,3,attack_buff,0.3493,0.4306,99,1,8,いいえ,婆娑羅でどーよ / ヤマさんヤミーさん / キタキツネの神様 / 愛のぴよ子 / 美才能♪かの子さん
3,54,em-d77542ffe604,?????,42,6475,3067,2,attack_buff,0.3476,0.3958,94,6,8,いいえ,婆娑羅でどーよ / ペーチパイセン / ????? / 愛のぴよ子 / 美才能♪かの子さん
3,55,em-cb9a138787d0,摩陀羅　潮真,27,7194,1741,2,attribute_guard,0.3471,0.4722,97,3,8,いいえ,婆娑羅でどーよ / ヤマさんヤミーさん / 摩陀羅　潮真 / 愛のぴよ子 / 美才能♪かの子さん
3,56,em-d020ce26e899,ＴＡＳマニア先輩,40,5964,3418,3,skill_reduction,0.3466,0.3542,100,0,8,いいえ,婆娑羅でどーよ / ヤマさんヤミーさん / ＴＡＳマニア先輩 / 愛のぴよ子 / おこしんMK-2
3,57,em-2d3e693a8406,ツキマシモン,35,3919,1704,2,attack_buff,0.346,0.4236,100,0,8,いいえ,婆娑羅でどーよ / ヤマさんヤミーさん / ツキマシモン / タミちゃんの火祭り / ハリウッドナナコ師匠
3,58,em-68e23b3f15d7,あっぴーの外出,15,1610,3500,3,attack_buff,0.3431,0.4028,100,0,8,いいえ,婆娑羅でどーよ / ヤマさんヤミーさん / あっぴーの外出 / 巳ーちゃんさん / ハリウッドナナコ師匠
3,59,em-40350463a9fa,ハンドさんは泳がない,27,2044,3578,3,damage_reduction,0.3421,0.4792,97,3,8,いいえ,婆娑羅でどーよ / ヤマさんヤミーさん / ハンドさんは泳がない / 愛のぴよ子 / 美才能♪かの子さん
3,60,em-9667a89799b5,冬の双子姫,77,9628,4686,2,damage_reduction,0.3419,0.3821,98,2,6,いいえ,ハリウッドナナコ師匠 / ウナギーヌくん / 冬の双子姫 / おこしんMK-2 / ウシュか☆丸か
3,61,em-aae4f48cb489,もん親方,28,3748,3748,2,attribute_guard,0.3405,0.4514,98,2,8,いいえ,婆娑羅でどーよ / ヤマさんヤミーさん / もん親方 / 愛のぴよ子 / 美才能♪かの子さん
3,62,em-c6e2304d0b02,パプアさん,26,3365,2270,3,damage_reduction,0.3397,0.4653,94,6,8,いいえ,アウス大先輩 / トマティーナ少佐 / パプアさん / タミちゃんの火祭り / わっしょいミカ先生
3,63,em-8038935d7100,竜宮の翁,38,4771,3748,2,attack_buff,0.338,0.4167,98,2,8,いいえ,アウス大先輩 / ヤマさんヤミーさん / 竜宮の翁 / ブラジリアン首都術 / おこしんMK-2
3,64,em-454ebee4a0cd,3人はフォニピュア,60,4941,3578,2,damage_reduction,0.3376,0.4375,99,1,8,いいえ,婆娑羅でどーよ / ペーチパイセン / 3人はフォニピュア / 愛のぴよ子 / ウシュか☆丸か
3,65,em-a7fc49aa8c73,広報担当：アッシュ,37,5112,3748,2,attribute_guard,0.3374,0.4028,97,3,8,いいえ,婆娑羅でどーよ / ヤマさんヤミーさん / 広報担当：アッシュ / 愛のぴよ子 / おこしんMK-2
3,66,em-08c36f307e1c,3年ε組！エレナ先生,38,4430,4260,3,attack_buff,0.3371,0.5208,99,1,8,いいえ,婆娑羅でどーよ / トマティーナ少佐 / 3年ε組！エレナ先生 / 愛のぴよ子 / わっしょいミカ先生
3,67,em-55828eea72b7,スーリヤ大先輩,48,5360,1951,2,aoe_attack,0.3369,0.2361,100,0,8,いいえ,婆娑羅でどーよ / ペーチパイセン / スーリヤ大先輩 / 愛のぴよ子 / 美才能♪かの子さん
3,68,em-4805525cb8a4,ｴﾝｾﾞﾘｯｸ☆エンゼル,60,6816,4771,3,heal,0.3366,0.5,99,1,8,いいえ,婆娑羅でどーよ / ペーチパイセン / ｴﾝｾﾞﾘｯｸ☆エンゼル / 愛のぴよ子 / ウシュか☆丸か
3,69,em-6cd949ff7539,?????,53,1842,6475,2,guard,0.3344,0.4653,95,5,8,いいえ,婆娑羅でどーよ / ペーチパイセン / ????? / 愛のぴよ子 / おこしんMK-2
3,70,em-2def672b1533,バターリャ後悔王子,30,3213,3213,3,damage_reduction,0.3331,0.5276,97,3,8,いいえ,婆娑羅でどーよ / 北間・クラリス嬢 / バターリャ後悔王子 / 聖☆いんてぃないか / わっしょいミカ先生
3,71,em-814b464a2192,ナナホシ,50,5044,5044,3,skill_reduction,0.3329,0.3403,98,2,8,いいえ,ウシュか☆丸か / ヤマさんヤミーさん / ナナホシ / おこしんMK-2 / 旧市街地の魔物
3,72,em-4f0b20692fd7,コンドアーズ,17,273,2120,3,attack_buff,0.3318,0.4167,87,13,8,いいえ,婆娑羅でどーよ / ヤマさんヤミーさん / コンドアーズ / 愛のぴよ子 / 美才能♪かの子さん
3,73,em-a11a3441fd8e,レンネルアルケニー,43,2896,3919,2,damage_reduction,0.3314,0.4722,93,7,8,いいえ,婆娑羅でどーよ / トマティーナ少佐 / レンネルアルケニー / おこしんMK-2 / 旧市街地の魔物
3,74,em-433922ef3e4e,夏至祭のぺた也君,53,7266,2153,2,skill_reduction,0.3293,0.3056,95,5,8,いいえ,婆娑羅でどーよ / ペーチパイセン / 夏至祭のぺた也君 / 愛のぴよ子 / おこしんMK-2
3,75,em-c37c2a529421,ディワリのｱﾗｸｼｭﾐｰ,38,4771,3408,2,heal,0.3281,0.4583,98,2,8,いいえ,婆娑羅でどーよ / ヤマさんヤミーさん / ディワリのｱﾗｸｼｭﾐｰ / 愛のぴよ子 / おこしんMK-2
3,76,em-aeee7aac1b71,ジンジャーブレッド男,20,4143,2440,2,attack_buff,0.3232,0.4167,90,10,8,いいえ,婆娑羅でどーよ / ヤマさんヤミーさん / ジンジャーブレッド男 / 愛のぴよ子 / 美才能♪かの子さん
3,77,em-bbda291d459c,漆黒及び純白のポワン,20,1704,2896,3,guard,0.3206,0.4653,90,10,8,いいえ,婆娑羅でどーよ / トマティーナ少佐 / 漆黒及び純白のポワン / コンドアーズ / 聖☆いんてぃないか
3,78,em-fa3191833d67,エヴァン,28,3381,2776,2,damage_reduction,0.3198,0.4306,98,2,8,いいえ,婆娑羅でどーよ / ヤマさんヤミーさん / エヴァン / 愛のぴよ子 / 美才能♪かの子さん
3,79,em-9d7275c7d84e,ハンドさんの匍匐前進,27,1840,3220,3,damage_reduction,0.3183,0.4514,97,3,8,いいえ,婆娑羅でどーよ / ヤマさんヤミーさん / ハンドさんの匍匐前進 / 愛のぴよ子 / 美才能♪かの子さん
3,80,em-ab9b2ce76191,B・O・B,37,4935,3244,3,delay,0.3178,0.2917,97,3,8,いいえ,婆娑羅でどーよ / ヤマさんヤミーさん / B・O・B / 愛のぴよ子 / おこしんMK-2
3,81,em-438753e77e6c,デロスの月陽姉弟,41,3237,5453,2,heal,0.3144,0.4444,99,1,8,いいえ,婆娑羅でどーよ / ヤマさんヤミーさん / デロスの月陽姉弟 / おこしんMK-2 / ハリウッドナナコ師匠
3,82,em-8de6e4494a60,称えよ☆メジェド様！,25,2415,2415,2,guard,0.314,0.4375,95,5,8,いいえ,婆娑羅でどーよ / ヤマさんヤミーさん / 称えよ☆メジェド様！ / 愛のぴよ子 / 美才能♪かの子さん
3,83,em-0984e8e9ee06,加賀のカブキ者,60,4430,6816,2,attack_buff,0.3134,0.3681,99,1,8,いいえ,婆娑羅でどーよ / ペーチパイセン / 加賀のカブキ者 / 愛のぴよ子 / ウシュか☆丸か
3,84,em-d5ed773d56cd,夏至祭のヴァサクサ君,18,3976,2156,2,skill_reduction,0.3129,0.3125,100,0,8,いいえ,婆娑羅でどーよ / ヤマさんヤミーさん / 夏至祭のヴァサクサ君 / 聖☆いんてぃないか / 美才能♪かの子さん
3,85,em-640d19558093,聖なる打毬神！みるるん,19,1208,1963,2,attack_buff,0.3128,0.3819,82,18,8,いいえ,婆娑羅でどーよ / ペーチパイセン / 聖なる打毬神！みるるん / コンドアーズ / 聖☆いんてぃないか
3,86,em-039a051d72bb,伊万里の重畳,36,4260,3919,3,delay,0.3125,0.3264,96,4,8,いいえ,婆娑羅でどーよ / ヤマさんヤミーさん / 伊万里の重畳 / 愛のぴよ子 / おこしんMK-2
3,87,em-b7b738711fb0,ちくわサンド,23,2817,2656,2,attack_buff,0.3122,0.4097,100,0,8,いいえ,ヤマさんヤミーさん / アウス大先輩 / ちくわサンド / 劇場版ＪＡＸＡイル / にほりん
3,88,em-109e54a3645a,グラン・プラスの魔女,38,1499,3404,3,guard,0.3118,0.4653,98,2,8,いいえ,婆娑羅でどーよ / ヤマさんヤミーさん / グラン・プラスの魔女 / 愛のぴよ子 / おこしんMK-2
3,89,em-b343077dd75f,塚井さんは4人乗り,38,4294,3374,2,attack_buff,0.3118,0.3889,98,2,8,いいえ,婆娑羅でどーよ / ペーチパイセン / 塚井さんは4人乗り / タミちゃんの火祭り / 美才能♪かの子さん
3,90,em-8a030b3f4f33,無給の皇帝,44,4601,2790,2,damage_reduction,0.3098,0.4653,96,4,8,いいえ,婆娑羅でどーよ / ペーチパイセン / 無給の皇帝 / 愛のぴよ子 / 美才能♪かの子さん
3,91,em-59636157ae2e,コーベンパイア天爵,45,5282,1757,2,damage_reduction,0.3093,0.3611,97,3,8,いいえ,婆娑羅でどーよ / ペーチパイセン / コーベンパイア天爵 / 愛のぴよ子 / 美才能♪かの子さん
3,92,em-f7f78d464e92,ウミウサーヌ,60,3408,4601,3,guard,0.3092,0.4236,99,1,8,いいえ,婆娑羅でどーよ / ペーチパイセン / ウミウサーヌ / 愛のぴよ子 / ウシュか☆丸か
3,93,em-eb57ed2cb1f2,ペパりんズクッキング,60,6305,3237,3,delay,0.3075,0.2917,99,1,8,いいえ,ハリウッドナナコ師匠 / 大患部！ぴよ子大佐 / ペパりんズクッキング / ブラジリアン首都術 / 旧市街地の魔物
3,94,em-0d48fb639618,どうする？リオンさん,18,2093,2737,3,delay,0.3074,0.375,70,30,8,いいえ,婆娑羅でどーよ / ペーチパイセン / どうする？リオンさん / コンドアーズ / おこしんMK-2
3,95,em-abc85163565c,コキリコ・QB,23,2817,2978,2,attribute_change,0.3072,0.4236,93,7,8,いいえ,婆娑羅でどーよ / ヤマさんヤミーさん / コキリコ・QB / 愛のぴよ子 / 美才能♪かの子さん
3,96,em-d695befcbdc2,収穫☆にいがタン,26,4508,3655,3,attribute_guard,0.3065,0.4514,76,24,8,いいえ,婆娑羅でどーよ / トマティーナ少佐 / 収穫☆にいがタン / 旧市街地の魔物 / ブラジリアン首都術
3,97,em-983cb2f685ee,再びニートだ浅ちゃん,40,2044,6816,2,attack_buff,0.3064,0.375,100,0,8,いいえ,婆娑羅でどーよ / ヤマさんヤミーさん / 再びニートだ浅ちゃん / 愛のぴよ子 / おこしんMK-2
3,98,em-e15fbf6ecd0c,シャーロック&エッジュ,41,4260,5112,2,skill_reduction,0.3049,0.3194,99,1,8,いいえ,婆娑羅でどーよ / ヤマさんヤミーさん / シャーロック&エッジュ / おこしんMK-2 / ハリウッドナナコ師匠
3,99,em-2c691fe63d0d,ブッシュドノエルん,38,3652,5354,2,attack_buff,0.3042,0.3819,98,2,8,いいえ,婆娑羅でどーよ / ヤマさんヤミーさん / ブッシュドノエルん / 愛のぴよ子 / おこしんMK-2
3,100,em-d0ab149939aa,製鉄所★澤先輩,24,5313,1771,3,skill_reduction,0.3026,0.2847,94,6,8,いいえ,婆娑羅でどーよ / ヤマさんヤミーさん / 製鉄所★澤先輩 / 愛のぴよ子 / 美才能♪かの子さん
3,101,em-9ec6297ea6ca,バスてとにゃん,38,4260,4771,3,attack_buff,0.3011,0.4514,98,2,8,いいえ,婆娑羅でどーよ / トマティーナ少佐 / バスてとにゃん / 愛のぴよ子 / 聖☆いんてぃないか
3,102,em-4e9bf489ecd9,怒りのマッキニキ,14,2416,1359,3,damage_reduction,0.3007,0.4861,100,0,8,いいえ,アウス大先輩 / ペーチパイセン / 怒りのマッキニキ / 花火戦隊サイガーRe / にほりん
3,103,em-950c6a19b78f,竹輪総理,6,250,1100,3,attack_buff,0.3006,0.4583,68,32,8,いいえ,婆娑羅でどーよ / ペーチパイセン / 竹輪総理 / タミちゃんの火祭り / わっしょいミカ先生
3,104,em-b17b3174de7d,ネギtheフィクサー,45,2405,5135,3,damage_reduction,0.3001,0.4097,96,4,8,いいえ,おこしんMK-2 / ヤマさんヤミーさん / ネギtheフィクサー / ブラジリアン首都術 / 旧市街地の魔物
3,105,em-6ff1562355a9,ファジル先生,12,2256,1128,2,multi_hit_attack,0.299,0.3194,100,0,8,いいえ,ハリウッドナナコ師匠 / ヤマさんヤミーさん / ファジル先生 / 財閥だ浅ちゃん！ / 美才能♪かの子さん
3,106,em-86e0d0475819,使い魔のミナヅキ,22,2385,3067,2,attack_buff,0.2982,0.4792,89,11,8,いいえ,ハリウッドナナコ師匠 / ヤマさんヤミーさん / 使い魔のミナヅキ / タミちゃんの火祭り / わっしょいミカ先生
3,107,em-b27009a57b71,架けろきしわだっしー,49,1559,6672,3,attack_buff,0.2979,0.3403,98,2,8,いいえ,婆娑羅でどーよ / トマティーナ少佐 / 架けろきしわだっしー / 愛のぴよ子 / おこしんMK-2
3,108,em-1e3b5bb54d35,ナナフシ,30,4175,2999,2,attribute_change,0.2968,0.4306,100,0,8,いいえ,婆娑羅でどーよ / ヤマさんヤミーさん / ナナフシ / 愛のぴよ子 / 美才能♪かの子さん
3,109,em-99eb90e0260f,傾国の二条嬢,17,2656,2495,2,attribute_guard,0.2965,0.4792,87,13,8,いいえ,婆娑羅でどーよ / ヤマさんヤミーさん / 傾国の二条嬢 / 愛のぴよ子 / 美才能♪かの子さん
3,110,em-7fd9b48cee31,七夕星人☆たたるんるん,20,3220,1610,2,attack_buff,0.2955,0.3681,90,10,8,いいえ,婆娑羅でどーよ / ヤマさんヤミーさん / 七夕星人☆たたるんるん / 愛のぴよ子 / 美才能♪かの子さん
3,111,em-a7be30f0211a,烏枢さま降臨！,13,1359,2416,2,attack_buff,0.2939,0.4722,98,2,8,いいえ,婆娑羅でどーよ / ヤマさんヤミーさん / 烏枢さま降臨！ / 巳ーちゃんさん / ハリウッドナナコ師匠
3,112,em-29cc8a9cf9cd,ビール売りの小娘,18,1516,3638,3,skill_reduction,0.2935,0.3542,70,30,8,いいえ,婆娑羅でどーよ / ペーチパイセン / ビール売りの小娘 / コンドアーズ / おこしんMK-2
3,113,em-a9738b409d24,カジランガ守り隊員,45,7668,1533,2,attack_buff,0.2928,0.4583,97,3,8,いいえ,婆娑羅でどーよ / ペーチパイセン / カジランガ守り隊員 / 愛のぴよ子 / 美才能♪かの子さん
3,114,em-9f9bdf00a915,ハンドフィッシュさん,27,1635,2862,3,damage_reduction,0.2923,0.4298,95,5,8,いいえ,アウス大先輩 / トマティーナ少佐 / ハンドフィッシュさん / タミちゃんの火祭り / わっしょいミカ先生
3,115,em-3434078c33f2,橋の上のかずら,20,2012,2173,2,guard,0.292,0.4236,90,10,8,いいえ,婆娑羅でどーよ / ヤマさんヤミーさん / 橋の上のかずら / 愛のぴよ子 / 美才能♪かの子さん
3,116,em-3c2628783368,すまぁとヤスマサニキ,50,4260,5623,2,attack_buff,0.2915,0.4444,98,2,8,いいえ,ウシュか☆丸か / ヤマさんヤミーさん / すまぁとヤスマサニキ / 旧市街地の魔物 / ブラジリアン首都術
3,117,em-6c2ea8631e0d,深海美少年モヅルン,37,5964,2385,3,attribute_guard,0.2914,0.3819,99,1,8,いいえ,婆娑羅でどーよ / 北間・クラリス嬢 / 深海美少年モヅルン / 聖☆いんてぃないか / にほりん
3,118,em-ae8585ed525d,一服のうっぴー,46,6475,3408,3,heal,0.2913,0.4514,98,2,8,いいえ,婆娑羅でどーよ / ペーチパイセン / 一服のうっぴー / 愛のぴよ子 / 美才能♪かの子さん
3,119,em-c46238c7c677,ケラ,70,3067,7157,3,attack_buff,0.2904,0.2917,100,0,7,いいえ,ハリウッドナナコ師匠 / ペーチパイセン / ケラ / おこしんMK-2 / ブラジリアン首都術
3,120,em-845e49247e45,ウサポワン海人,20,1533,2607,3,guard,0.2903,0.4236,90,10,8,いいえ,婆娑羅でどーよ / ヤマさんヤミーさん / ウサポワン海人 / 愛のぴよ子 / 美才能♪かの子さん
3,121,em-3e7e7e54a83d,妖精女王ミカーンニア,45,3408,4771,2,skill_reduction,0.2864,0.2986,100,0,8,いいえ,ウシュか☆丸か / ヤマさんヤミーさん / 妖精女王ミカーンニア / タミちゃんの火祭り / 旧市街地の魔物
3,122,em-b54ea6cda2a4,塚井さん,38,3817,2999,2,attack_buff,0.2858,0.3542,98,2,8,いいえ,婆娑羅でどーよ / ペーチパイセン / 塚井さん / タミちゃんの火祭り / 美才能♪かの子さん
3,123,em-db7ee0abcada,ＫＲ２ジョーの戦い,30,2385,4601,3,damage_reduction,0.2843,0.4375,97,3,8,いいえ,アウス大先輩 / ヤマさんヤミーさん / ＫＲ２ジョーの戦い / おこしんMK-2 / にほりん
3,124,em-489782f8e31c,愛のぴよ子,7,1631,1993,3,heal,0.2837,0.4444,79,21,8,いいえ,婆娑羅でどーよ / トマティーナ少佐 / 愛のぴよ子 / 劇場版ＪＡＸＡイル / わっしょいミカ先生
3,125,em-24b5b550f587,ジョロウグモ,10,937,2113,3,damage_reduction,0.2834,0.4653,82,18,8,いいえ,婆娑羅でどーよ / トマティーナ少佐 / ジョロウグモ / 劇場版ＪＡＸＡイル / わっしょいミカ先生
3,126,em-ae529aca2139,夜鳥の会会長,35,3408,4260,3,attribute_change,0.2833,0.4097,95,5,8,いいえ,婆娑羅でどーよ / ヤマさんヤミーさん / 夜鳥の会会長 / 愛のぴよ子 / おこしんMK-2
3,127,em-6fd11d4d3308,超天狗くまのたん,35,1704,7497,3,attack_buff,0.2826,0.3611,95,5,8,いいえ,婆娑羅でどーよ / ヤマさんヤミーさん / 超天狗くまのたん / 愛のぴよ子 / おこしんMK-2
3,128,em-c4b0b6848f16,?????,17,2828,2470,3,skill_reduction,0.2825,0.3194,99,1,8,いいえ,婆娑羅でどーよ / ヤマさんヤミーさん / ????? / 聖☆いんてぃないか / 美才能♪かの子さん
3,129,em-b041a6f6cf00,テヅルモヅルン,37,5367,2147,3,attribute_guard,0.2818,0.3818,99,1,8,いいえ,婆娑羅でどーよ / 北間・クラリス嬢 / テヅルモヅルン / 聖☆いんてぃないか / にほりん
3,130,em-95a008b67c52,権現くまのたん,22,1030,4234,2,attack_buff,0.2818,0.3681,92,8,8,いいえ,婆娑羅でどーよ / ヤマさんヤミーさん / 権現くまのたん / 愛のぴよ子 / 美才能♪かの子さん
3,131,em-276d7f996bbe,竜也エボリューション,49,2044,6305,3,attack_buff,0.2808,0.3194,98,2,8,いいえ,婆娑羅でどーよ / トマティーナ少佐 / 竜也エボリューション / 愛のぴよ子 / おこしんMK-2
3,132,em-cf78c5cc3134,オタテカモ次郎,28,4186,3059,2,attribute_change,0.2796,0.3819,97,3,8,いいえ,婆娑羅でどーよ / ヤマさんヤミーさん / オタテカモ次郎 / 聖☆いんてぃないか / ハリウッドナナコ師匠
3,133,em-30e34a964d63,デンマーくん二世,5,700,450,3,guard,0.2769,0.4375,77,23,8,いいえ,婆娑羅でどーよ / トマティーナ少佐 / デンマーくん二世 / 劇場版ＪＡＸＡイル / わっしょいミカ先生
3,134,em-b0a135da294f,デンマーくん三世,6,800,600,3,guard,0.2763,0.4306,78,22,8,いいえ,婆娑羅でどーよ / トマティーナ少佐 / デンマーくん三世 / 劇場版ＪＡＸＡイル / わっしょいミカ先生
3,135,em-edb254f0a679,カナちゃんのなごみ,41,5453,3408,2,heal,0.2761,0.4514,100,0,8,いいえ,ハリウッドナナコ師匠 / ヤマさんヤミーさん / カナちゃんのなごみ / 聖☆いんてぃないか / おこしんMK-2
3,136,em-f4980131820e,ﾊﾛｳｨﾝのヴラドさん,41,4089,1757,2,damage_reduction,0.2761,0.3264,95,5,8,いいえ,婆娑羅でどーよ / ペーチパイセン / ﾊﾛｳｨﾝのヴラドさん / 聖☆いんてぃないか / おこしんMK-2
3,137,em-344c7687cce5,アウス大先輩,17,1924,1924,2,attribute_change,0.2761,0.2986,87,13,8,いいえ,婆娑羅でどーよ / ヤマさんヤミーさん / アウス大先輩 / 愛のぴよ子 / 美才能♪かの子さん
3,138,em-36ce9827163b,検非違使なけいび氏,28,6024,878,2,heal,0.2751,0.402,95,5,8,いいえ,アウス大先輩 / ヤマさんヤミーさん / 検非違使なけいび氏 / タミちゃんの火祭り / ブラジリアン首都術
3,139,em-54cb13a72721,不思議の海のモヅルン,60,6475,4941,3,attribute_guard,0.2717,0.3542,100,0,8,いいえ,ハリウッドナナコ師匠 / ペーチパイセン / 不思議の海のモヅルン / おこしんMK-2 / 美才能♪かの子さん
3,140,em-ad084af57188,魔法使い らくがーる,38,4601,3663,2,attack_buff,0.2711,0.4097,98,2,8,いいえ,婆娑羅でどーよ / ヤマさんヤミーさん / 魔法使い らくがーる / 愛のぴよ子 / おこしんMK-2
3,141,em-28a408b64836,真・銘菓ぴよ子,12,795,815,3,multi_hit_attack,0.2703,0.3194,100,0,8,いいえ,ハリウッドナナコ師匠 / ヤマさんヤミーさん / 真・銘菓ぴよ子 / 財閥だ浅ちゃん！ / 美才能♪かの子さん
3,142,em-4e0f06589604,新・やよいチゥりっぷ,9,1100,200,3,attribute_change,0.2697,0.4514,81,19,8,いいえ,婆娑羅でどーよ / トマティーナ少佐 / 新・やよいチゥりっぷ / 劇場版ＪＡＸＡイル / わっしょいミカ先生
3,143,em-3738f743f200,復活！チワワんこ,8,1128,1269,3,heal,0.2684,0.4306,80,20,8,いいえ,婆娑羅でどーよ / トマティーナ少佐 / 復活！チワワんこ / 劇場版ＪＡＸＡイル / わっしょいミカ先生
3,144,em-7b76cc31326e,迷走のヴァニ江,36,4379,2505,2,damage_reduction,0.2672,0.4097,100,0,8,いいえ,婆娑羅でどーよ / ペーチパイセン / 迷走のヴァニ江 / 聖☆いんてぃないか / 美才能♪かの子さん
3,145,em-81078d011501,年齢不詳！エンゼル様,22,2215,3237,3,heal,0.2666,0.4444,93,7,8,いいえ,アウス大先輩 / トマティーナ少佐 / 年齢不詳！エンゼル様 / 劇場版ＪＡＸＡイル / わっしょいミカ先生
3,146,em-7b7bc6faa9ba,パティは実況勢,41,5623,3352,2,damage_reduction,0.2654,0.3403,95,5,8,いいえ,婆娑羅でどーよ / ペーチパイセン / パティは実況勢 / 聖☆いんてぃないか / おこしんMK-2
3,147,em-cf5373dcdc2a,コンゴーニャスパス,17,1886,1723,3,guard,0.2644,0.3889,87,13,8,いいえ,婆娑羅でどーよ / ヤマさんヤミーさん / コンゴーニャスパス / 愛のぴよ子 / 美才能♪かの子さん
3,148,em-cf3fd175f595,プチさんグロさん,27,2807,2895,2,aoe_attack,0.264,0.3958,98,2,8,いいえ,アウス大先輩 / トマティーナ少佐 / プチさんグロさん / 劇場版ＪＡＸＡイル / わっしょいミカ先生
3,149,em-f1ed908b1438,竹輪大明神,10,493,1762,2,attack_buff,0.264,0.3472,100,0,8,いいえ,婆娑羅でどーよ / ヤマさんヤミーさん / 竹輪大明神 / 愛のぴよ子 / 財閥だ浅ちゃん！
3,150,em-eeba5b4dcba6,カニパンだっ！,23,2737,2415,2,guard,0.2634,0.3681,93,7,8,いいえ,婆娑羅でどーよ / ヤマさんヤミーさん / カニパンだっ！ / 愛のぴよ子 / 美才能♪かの子さん
3,151,em-67086191a83f,マダラなシオマネキ君,27,5490,1059,2,attribute_guard,0.2633,0.3681,97,3,8,いいえ,婆娑羅でどーよ / ヤマさんヤミーさん / マダラなシオマネキ君 / 愛のぴよ子 / 美才能♪かの子さん
3,152,em-9ac3c0929f90,オコオコ,11,1704,1704,3,attack_buff,0.2628,0.4167,99,1,8,いいえ,婆娑羅でどーよ / ヤマさんヤミーさん / オコオコ / 財閥だ浅ちゃん！ / ハリウッドナナコ師匠
3,153,em-4a86c88e71a1,デンマーくん,3,600,300,3,guard,0.2627,0.4167,75,25,8,いいえ,婆娑羅でどーよ / トマティーナ少佐 / デンマーくん / 劇場版ＪＡＸＡイル / わっしょいミカ先生
3,154,em-5ad05ec11a09,三連星のオコオコ,37,3834,3834,3,multi_hit_attack,0.2627,0.3542,97,3,8,いいえ,婆娑羅でどーよ / ヤマさんヤミーさん / 三連星のオコオコ / 愛のぴよ子 / おこしんMK-2
3,155,em-682cda3863fb,脱力コンビあろま＆るる,48,3067,5623,2,skill_reduction,0.2625,0.25,100,0,8,いいえ,婆娑羅でどーよ / ペーチパイセン / 脱力コンビあろま＆るる / 愛のぴよ子 / 美才能♪かの子さん
3,156,em-22dd126a0f3a,どーん竜馬,17,2898,2898,3,attack_buff,0.2617,0.3403,87,13,8,いいえ,婆娑羅でどーよ / ヤマさんヤミーさん / どーん竜馬 / 愛のぴよ子 / 美才能♪かの子さん
3,157,em-4c2a43ecd770,ナンマトル君,14,2115,2115,2,skill_reduction,0.2611,0.3125,99,1,8,いいえ,婆娑羅でどーよ / ヤマさんヤミーさん / ナンマトル君 / 巳ーちゃんさん / ハリウッドナナコ師匠
3,158,em-8ece38ad97a5,デンマーくん大帝,17,1269,1057,2,guard,0.2595,0.3819,69,31,8,いいえ,婆娑羅でどーよ / ペーチパイセン / デンマーくん大帝 / コンドアーズ / おこしんMK-2
3,159,em-076deec8d0c8,羊蟹☆こ祝いくん,24,2093,2737,3,delay,0.2589,0.3194,94,6,8,いいえ,婆娑羅でどーよ / ヤマさんヤミーさん / 羊蟹☆こ祝いくん / 愛のぴよ子 / 美才能♪かの子さん
3,160,em-e49404c0e4be,?????,43,5350,2712,3,attack_buff,0.2586,0.3889,98,2,8,いいえ,婆娑羅でどーよ / 北間・クラリス嬢 / ????? / 聖☆いんてぃないか / おこしんMK-2
3,161,em-a0601347b042,グラーツ君,36,2896,5282,3,attack_buff,0.2574,0.3958,96,4,8,いいえ,婆娑羅でどーよ / ヤマさんヤミーさん / グラーツ君 / 愛のぴよ子 / おこしんMK-2
3,162,em-6f409bf9b5bd,素敵なステチュさん,14,211,2115,2,damage_reduction,0.2569,0.4512,100,0,8,いいえ,ハリウッドナナコ師匠 / ヤマさんヤミーさん / 素敵なステチュさん / 聖☆いんてぃないか / ばうあー泥棒
3,163,em-5f5281ba5e2a,黄泉還り！反魂タン,9,1812,1963,3,revive,0.2561,0.4167,81,19,8,いいえ,婆娑羅でどーよ / トマティーナ少佐 / 黄泉還り！反魂タン / 劇場版ＪＡＸＡイル / わっしょいミカ先生
3,164,em-c70398ce7406,讃岐・S.K.O.T神,9,2106,493,3,heal,0.256,0.4097,81,19,8,いいえ,婆娑羅でどーよ / トマティーナ少佐 / 讃岐・S.K.O.T神 / 劇場版ＪＡＸＡイル / わっしょいミカ先生
3,165,em-01ed0ad1bb88,ムガるぞ！フマゆん,78,8350,6805,3,aoe_attack,0.2556,0.2917,100,0,5,いいえ,ハリウッドナナコ師匠 / ペーチパイセン / ムガるぞ！フマゆん / 大森銀さん / 大森さん
3,166,em-7ba25345ffb0,シーさま,60,4601,4601,3,delay,0.2556,0.2361,100,0,8,いいえ,婆娑羅でどーよ / ペーチパイセン / シーさま / おこしんMK-2 / ウシュか☆丸か
3,167,em-301c11f4a1d7,ウサポワンちゃん,20,1363,2317,3,guard,0.2547,0.3681,90,10,8,いいえ,婆娑羅でどーよ / トマティーナ少佐 / ウサポワンちゃん / コンドアーズ / 聖☆いんてぃないか
3,168,em-010ca8278422,伊賀NINJA!,42,1704,5112,3,skill_reduction,0.2534,0.2708,94,6,8,いいえ,婆娑羅でどーよ / ペーチパイセン / 伊賀NINJA! / 愛のぴよ子 / 美才能♪かの子さん
3,169,em-85dad7ff7aa2,ディヤの魔人,18,2385,1704,2,heal,0.252,0.3542,70,30,8,いいえ,婆娑羅でどーよ / ペーチパイセン / ディヤの魔人 / コンドアーズ / おこしんMK-2
3,170,em-05de078a2e7c,幼妻！エンゼルちゃん,22,1993,2913,3,heal,0.2509,0.4236,93,7,8,いいえ,アウス大先輩 / トマティーナ少佐 / 幼妻！エンゼルちゃん / 劇場版ＪＡＸＡイル / わっしょいミカ先生
3,171,em-b127f99ae530,キラー・ｻﾞ・ｷﾗｰ,55,5964,3408,2,damage_reduction,0.2504,0.3333,97,3,8,いいえ,婆娑羅でどーよ / ペーチパイセン / キラー・ｻﾞ・ｷﾗｰ / 愛のぴよ子 / おこしんMK-2
3,172,em-c545b5a51997,トリニダの怪人,13,4077,1057,2,skill_reduction,0.2502,0.25,98,2,8,いいえ,上級国民ロヴィーサ / トマティーナ少佐 / トリニダの怪人 / コンドアーズ / 旧市街地の魔物
3,173,em-e2c8365ae02e,ɔリバーくん,10,704,1689,3,attack_buff,0.2492,0.3542,100,0,8,いいえ,婆娑羅でどーよ / ヤマさんヤミーさん / ɔリバーくん / 愛のぴよ子 / 財閥だ浅ちゃん！
3,174,em-9d511711422e,禍殃☆ももとふ姫,17,2737,3059,3,heal,0.249,0.3889,69,31,8,いいえ,婆娑羅でどーよ / ペーチパイセン / 禍殃☆ももとふ姫 / コンドアーズ / おこしんMK-2
3,175,em-410cc22d32bc,アロハる☆水島神人,16,3246,1887,2,attribute_change,0.2489,0.3681,86,14,8,いいえ,婆娑羅でどーよ / ヤマさんヤミーさん / アロハる☆水島神人 / 愛のぴよ子 / 美才能♪かの子さん
3,176,em-942c8f8de44d,エンゼルちゃん,22,1772,2590,3,heal,0.2488,0.4236,93,7,8,いいえ,アウス大先輩 / トマティーナ少佐 / エンゼルちゃん / 劇場版ＪＡＸＡイル / わっしょいミカ先生
3,177,em-ed21bd124ab2,牛タソ☆行進曲,14,755,1812,2,guard,0.2484,0.3611,100,0,8,いいえ,アウス大先輩 / ペーチパイセン / 牛タソ☆行進曲 / 花火戦隊サイガーRe / にほりん
3,178,em-ead779b4526c,乗っとるダム制度君,8,2115,535,2,revive,0.2481,0.4375,80,20,8,いいえ,婆娑羅でどーよ / トマティーナ少佐 / 乗っとるダム制度君 / 劇場版ＪＡＸＡイル / わっしょいミカ先生
3,179,em-9298dde558c4,超豹！ペパりんさん,30,2119,2545,2,delay,0.2477,0.2917,100,0,8,いいえ,婆娑羅でどーよ / ヤマさんヤミーさん / 超豹！ペパりんさん / 愛のぴよ子 / 美才能♪かの子さん
3,180,em-587d1ec0e30f,偉人さんトーマスん,14,1359,2038,2,attribute_change,0.2476,0.3889,79,21,8,いいえ,婆娑羅でどーよ / アウス大先輩 / 偉人さんトーマスん / タミちゃんの火祭り / にほりん
3,181,em-1e9e4475c353,ゲラー･ｻﾞ･ｸﾞﾗﾃﾞｨｴｲﾀｰ,55,3408,5964,2,attack_buff,0.2469,0.3958,97,3,8,いいえ,婆娑羅でどーよ / ペーチパイセン / ゲラー･ｻﾞ･ｸﾞﾗﾃﾞｨｴｲﾀｰ / 愛のぴよ子 / おこしんMK-2
3,182,em-7e35b72ac7e4,琵琶子ｲﾘｭｰｼﾞｮﾝ！,13,1809,1190,3,damage_reduction,0.2468,0.3611,83,17,8,いいえ,婆娑羅でどーよ / ヤマさんヤミーさん / 琵琶子ｲﾘｭｰｼﾞｮﾝ！ / 愛のぴよ子 / 美才能♪かの子さん
3,183,em-6870ddfd0fbb,大道芸！エʃ＆エʒ,12,1661,1661,3,skill_reduction,0.2467,0.3125,82,18,8,いいえ,婆娑羅でどーよ / トマティーナ少佐 / 大道芸！エʃ＆エʒ / コンドアーズ / 聖☆いんてぃないか
3,184,em-c5e484c5d286,マウント取瑠代,31,6076,1850,3,revive,0.2464,0.4167,100,0,8,いいえ,婆娑羅でどーよ / ヤマさんヤミーさん / マウント取瑠代 / 聖☆いんてぃないか / ハリウッドナナコ師匠
3,185,em-f9ca1348e6ed,斎王代「鵺」,48,6884,3748,3,attribute_change,0.2453,0.3819,100,0,8,いいえ,婆娑羅でどーよ / ペーチパイセン / 斎王代「鵺」 / 愛のぴよ子 / 美才能♪かの子さん
3,186,em-acc7e76f32c6,満開☆チゥりっぷちゃん,20,563,2957,2,attribute_change,0.245,0.3885,90,10,8,いいえ,婆娑羅でどーよ / トマティーナ少佐 / 満開☆チゥりっぷちゃん / コンドアーズ / 聖☆いんてぃないか
3,187,em-7e4426102b17,タンジャンじゃん,22,3139,3139,3,revive,0.2438,0.3889,93,7,8,いいえ,アウス大先輩 / トマティーナ少佐 / タンジャンじゃん / 劇場版ＪＡＸＡイル / わっしょいミカ先生
3,188,em-7419b64dec0e,天の飛龍巻,42,5623,3748,2,attribute_change,0.2425,0.3889,100,0,8,いいえ,婆娑羅でどーよ / ヤマさんヤミーさん / 天の飛龍巻 / おこしんMK-2 / ハリウッドナナコ師匠
3,189,em-e3e851204c8b,イカすぜ！よりりん,18,2576,2576,2,attribute_change,0.2416,0.3958,100,0,8,いいえ,婆娑羅でどーよ / ヤマさんヤミーさん / イカすぜ！よりりん / 聖☆いんてぃないか / 美才能♪かの子さん
3,190,em-2d728f34a59e,へーい竜馬,14,1500,1500,3,attack_buff,0.2398,0.3542,99,1,8,いいえ,婆娑羅でどーよ / ヤマさんヤミーさん / へーい竜馬 / 巳ーちゃんさん / ハリウッドナナコ師匠
3,191,em-1eb5e932843b,ダンブッラの蘭,38,5112,3578,2,damage_reduction,0.2388,0.3056,98,2,8,いいえ,婆娑羅でどーよ / ペーチパイセン / ダンブッラの蘭 / タミちゃんの火祭り / 美才能♪かの子さん
3,192,em-c09c9bb81a01,蓮十郎,7,1215,1187,2,skill_reduction,0.2387,0.3264,95,5,8,いいえ,ハリウッドナナコ師匠 / ヤマさんヤミーさん / 蓮十郎 / 財閥だ浅ちゃん！ / 美才能♪かの子さん
3,193,em-de449f69edb5,タミフルニキ,14,1257,1147,3,damage_reduction,0.2386,0.4236,100,0,8,いいえ,アウス大先輩 / ペーチパイセン / タミフルニキ / 花火戦隊サイガーRe / にほりん
3,194,em-2e3e250aef5e,IMO NI FESTIVAL 2018,14,1837,1161,3,aoe_attack,0.2372,0.375,100,0,8,いいえ,ハリウッドナナコ師匠 / ヤマさんヤミーさん / IMO NI FESTIVAL 2018 / 聖☆いんてぃないか / ばうあー泥棒
3,195,em-aff304b1eab4,日本一の桃たろす,42,4260,5964,2,attribute_change,0.2369,0.375,100,0,8,いいえ,婆娑羅でどーよ / ヤマさんヤミーさん / 日本一の桃たろす / おこしんMK-2 / ハリウッドナナコ師匠
3,196,em-d86fc6931627,ふくしメイト・じゅん,19,1812,1661,3,skill_reduction,0.2365,0.3264,89,11,8,いいえ,婆娑羅でどーよ / ヤマさんヤミーさん / ふくしメイト・じゅん / 愛のぴよ子 / 美才能♪かの子さん
3,197,em-502c02710bc4,覚醒けいび,6,345,300,2,multi_hit_attack,0.2355,0.3889,93,7,9,はい,婆娑羅でどーよ / ペーチパイセン / 覚醒けいび / タミちゃんの火祭り / Ｈ・Ｆ・ウーマン
3,198,em-1ec49f290f1e,ʌっぴーちゃん,8,1762,634,2,heal,0.2354,0.3889,80,20,8,いいえ,婆娑羅でどーよ / トマティーナ少佐 / ʌっぴーちゃん / 劇場版ＪＡＸＡイル / わっしょいミカ先生
3,199,em-cbed7e550323,ちわっしータミ,12,2249,1376,3,heal,0.2354,0.3611,100,0,8,いいえ,ハリウッドナナコ師匠 / ヤマさんヤミーさん / ちわっしータミ / 財閥だ浅ちゃん！ / 美才能♪かの子さん
3,200,em-1de8c880f196,ヴィヒー先生,17,2114,2718,2,damage_reduction,0.2348,0.3889,69,31,8,いいえ,婆娑羅でどーよ / ペーチパイセン / ヴィヒー先生 / コンドアーズ / おこしんMK-2
3,201,em-14092b64f08d,コハク糖の魔導師,46,4379,5367,3,attribute_change,0.2347,0.3681,98,2,8,いいえ,婆娑羅でどーよ / ペーチパイセン / コハク糖の魔導師 / 愛のぴよ子 / 美才能♪かの子さん
3,202,em-a91beec21e3d,やよいチゥりっぷ☆神,13,2957,563,2,attribute_change,0.234,0.3333,98,2,8,いいえ,婆娑羅でどーよ / ヤマさんヤミーさん / やよいチゥりっぷ☆神 / 巳ーちゃんさん / ハリウッドナナコ師匠
3,203,em-2d076c59c4b7,わんこーラスそば,6,600,700,3,heal,0.2325,0.4028,78,22,8,いいえ,婆娑羅でどーよ / トマティーナ少佐 / わんこーラスそば / 劇場版ＪＡＸＡイル / わっしょいミカ先生
3,204,em-fd76872dafaf,くまのたん,8,300,920,3,attack_buff,0.2322,0.3542,80,20,8,いいえ,婆娑羅でどーよ / トマティーナ少佐 / くまのたん / 劇場版ＪＡＸＡイル / わっしょいミカ先生
3,205,em-df4f003ab94e,熱いマッキニキ,11,1100,600,3,damage_reduction,0.2314,0.4236,83,17,8,いいえ,婆娑羅でどーよ / トマティーナ少佐 / 熱いマッキニキ / 劇場版ＪＡＸＡイル / わっしょいミカ先生
3,206,em-6df3fac7ad2e,ウナギーヌ社長,9,1833,775,2,heal,0.2307,0.375,81,19,8,いいえ,婆娑羅でどーよ / トマティーナ少佐 / ウナギーヌ社長 / 劇場版ＪＡＸＡイル / わっしょいミカ先生
3,207,em-e44c80aa58d3,二条嬢,8,620,600,2,attribute_guard,0.2304,0.4375,80,20,8,いいえ,婆娑羅でどーよ / トマティーナ少佐 / 二条嬢 / 劇場版ＪＡＸＡイル / わっしょいミカ先生
3,208,em-e795d2bbe2f0,北政所ねね様,60,5623,4601,3,attribute_guard,0.2289,0.3196,99,1,8,いいえ,婆娑羅でどーよ / 北間・クラリス嬢 / 北政所ねね様 / 旧市街地の魔物 / 大森さん
3,209,em-59482d256e11,大森銀佐摩,15,2679,352,2,damage_reduction,0.2278,0.3403,67,33,8,いいえ,婆娑羅でどーよ / ペーチパイセン / 大森銀佐摩 / コンドアーズ / おこしんMK-2
3,210,em-fea44f2a7dd8,だが男だ彦にゃん,15,2793,1132,3,skill_reduction,0.2272,0.2639,100,0,8,いいえ,婆娑羅でどーよ / ヤマさんヤミーさん / だが男だ彦にゃん / 巳ーちゃんさん / ハリウッドナナコ師匠
3,211,em-91479d9f811c,奇術師！エッジュさん,9,700,700,3,skill_reduction,0.2271,0.3681,81,19,8,いいえ,婆娑羅でどーよ / トマティーナ少佐 / 奇術師！エッジュさん / 劇場版ＪＡＸＡイル / わっしょいミカ先生
3,212,em-5d34c0af44dd,白兎神★ばうあー,72,3878,5487,3,skill_reduction,0.2263,0.1736,99,1,6,いいえ,ハリウッドナナコ師匠 / ペーチパイセン / 白兎神★ばうあー / おこしんMK-2 / ウシュか☆丸か
3,213,em-b422734eb78b,たたーる星人,15,1812,1510,2,attack_buff,0.2254,0.3125,85,15,8,いいえ,婆娑羅でどーよ / ヤマさんヤミーさん / たたーる星人 / 愛のぴよ子 / 美才能♪かの子さん
3,214,em-28f044d525d7,スーリヤ様が見てる,7,489,1446,3,skill_reduction,0.2253,0.2847,99,1,8,いいえ,婆娑羅でどーよ / ヤマさんヤミーさん / スーリヤ様が見てる / 愛のぴよ子 / ヤマトタケルぅ！
3,215,em-419c23e0ec81,新生☆ＢＴ５!!,35,3287,3615,3,damage_reduction,0.2245,0.3472,100,0,8,いいえ,婆娑羅でどーよ / ヤマさんヤミーさん / 新生☆ＢＴ５!! / タミちゃんの火祭り / ハリウッドナナコ師匠
3,216,em-f439af6dc206,さんとくん大先生,12,3020,755,3,delay,0.2232,0.2986,100,0,8,いいえ,ハリウッドナナコ師匠 / ヤマさんヤミーさん / さんとくん大先生 / 財閥だ浅ちゃん！ / 美才能♪かの子さん
3,217,em-24a892c6ebea,Mt.CACHI×2,38,2556,3578,2,multi_hit_attack,0.2228,0.3194,98,2,8,いいえ,婆娑羅でどーよ / ヤマさんヤミーさん / Mt.CACHI×2 / 愛のぴよ子 / おこしんMK-2
3,218,em-b080511b902a,かずらちゃん,3,350,500,2,guard,0.2213,0.3958,75,25,8,いいえ,婆娑羅でどーよ / トマティーナ少佐 / かずらちゃん / 劇場版ＪＡＸＡイル / わっしょいミカ先生
3,219,em-42c90dd17240,GSPS！秀郷先生,34,3578,4601,2,attack_buff,0.2213,0.3403,94,6,8,いいえ,アウス大先輩 / ヤマさんヤミーさん / GSPS！秀郷先生 / ブラジリアン首都術 / おこしんMK-2
3,220,em-62994b487456,浪漫歌人♪晶子さん,25,3059,3059,2,revive,0.2211,0.375,95,5,8,いいえ,婆娑羅でどーよ / ヤマさんヤミーさん / 浪漫歌人♪晶子さん / 愛のぴよ子 / 美才能♪かの子さん
3,221,em-bca7c94c15fe,ひろしマンＲ,10,1128,1128,2,heal,0.2203,0.3472,100,0,8,いいえ,婆娑羅でどーよ / ヤマさんヤミーさん / ひろしマンＲ / 愛のぴよ子 / 財閥だ浅ちゃん！
3,222,em-31f11b9a8df8,ももとふFREEダム,40,3408,4260,3,heal,0.2203,0.3472,100,0,8,いいえ,婆娑羅でどーよ / ヤマさんヤミーさん / ももとふFREEダム / 愛のぴよ子 / おこしんMK-2
3,223,em-76691ebd833d,特攻のびゃこ,38,2641,6219,2,attack_buff,0.2199,0.3333,98,2,8,いいえ,婆娑羅でどーよ / ヤマさんヤミーさん / 特攻のびゃこ / 愛のぴよ子 / おこしんMK-2
3,224,em-c98972302fbd,爆誕！うっす様,9,300,1000,2,attack_buff,0.2197,0.3889,81,19,8,いいえ,婆娑羅でどーよ / トマティーナ少佐 / 爆誕！うっす様 / 劇場版ＪＡＸＡイル / わっしょいミカ先生
3,225,em-94130e0ff2b5,かずら大先生,15,1057,1198,2,guard,0.2194,0.3264,85,15,8,いいえ,婆娑羅でどーよ / ヤマさんヤミーさん / かずら大先生 / 愛のぴよ子 / 美才能♪かの子さん
3,226,em-c9268ab25340,大森銀さま,10,1600,200,3,damage_reduction,0.2191,0.3542,98,2,8,いいえ,上級国民ロヴィーサ / トマティーナ少佐 / 大森銀さま / 旧市街地の魔物 / わっしょいミカ先生
3,227,em-58dbb7bc9653,六点魔王ノッブ,58,3408,5964,3,multi_hit_attack,0.2189,0.2639,100,0,8,いいえ,婆娑羅でどーよ / ペーチパイセン / 六点魔王ノッブ / 愛のぴよ子 / おこしんMK-2
3,228,em-3e7f24f8564c,かずらさん,6,450,650,2,guard,0.2179,0.3819,78,22,8,いいえ,婆娑羅でどーよ / トマティーナ少佐 / かずらさん / 劇場版ＪＡＸＡイル / わっしょいミカ先生
3,229,em-65d0268c18cf,うっす様。,6,200,900,2,attack_buff,0.2174,0.3958,68,32,8,いいえ,婆娑羅でどーよ / ペーチパイセン / うっす様。 / タミちゃんの火祭り / わっしょいミカ先生
3,230,em-6a28c73fe6b3,はーい竜馬,8,900,900,3,attack_buff,0.2174,0.3472,80,20,8,いいえ,婆娑羅でどーよ / トマティーナ少佐 / はーい竜馬 / 劇場版ＪＡＸＡイル / わっしょいミカ先生
3,231,em-efebd27cd58d,新・ひろしマン,7,600,600,3,heal,0.2173,0.375,79,21,8,いいえ,婆娑羅でどーよ / トマティーナ少佐 / 新・ひろしマン / 劇場版ＪＡＸＡイル / わっしょいミカ先生
3,232,em-8b0ee22a5cd7,ドナドナう皮,26,1676,1664,3,guard,0.2171,0.2986,96,4,8,いいえ,婆娑羅でどーよ / ヤマさんヤミーさん / ドナドナう皮 / 愛のぴよ子 / 美才能♪かの子さん
3,233,em-8d9e942117e5,ウナギーヌ課長,6,1000,450,2,heal,0.2155,0.375,78,22,8,いいえ,婆娑羅でどーよ / トマティーナ少佐 / ウナギーヌ課長 / 劇場版ＪＡＸＡイル / わっしょいミカ先生
3,234,em-aefb52be8eca,半間鮫子,52,3411,6823,2,multi_hit_attack,0.2153,0.2639,94,6,8,いいえ,婆娑羅でどーよ / ペーチパイセン / 半間鮫子 / 愛のぴよ子 / おこしんMK-2
3,235,em-83954a93a691,閃きのヒラメちゃん,60,6560,4430,2,attribute_change,0.2149,0.3125,100,0,8,いいえ,婆娑羅でどーよ / ペーチパイセン / 閃きのヒラメちゃん / おこしんMK-2 / ハリウッドナナコ師匠
3,236,em-3ea6ac9a0933,オリバーWITHソー,8,400,800,3,attack_buff,0.2146,0.3403,80,20,8,いいえ,婆娑羅でどーよ / トマティーナ少佐 / オリバーWITHソー / 劇場版ＪＡＸＡイル / わっしょいミカ先生
3,237,em-6e1b672bdbe8,いやひこにゃん,18,2718,1057,3,delay,0.2123,0.2778,88,12,8,いいえ,婆娑羅でどーよ / ヤマさんヤミーさん / いやひこにゃん / 愛のぴよ子 / 美才能♪かの子さん
3,238,em-f3d5bcd42444,あっぴー先輩,6,1000,400,2,heal,0.2118,0.375,78,22,8,いいえ,婆娑羅でどーよ / トマティーナ少佐 / あっぴー先輩 / 劇場版ＪＡＸＡイル / わっしょいミカ先生
3,239,em-9ffce070b31f,レモなんとかさん,40,5793,2215,3,revive,0.2112,0.3472,100,0,8,いいえ,婆娑羅でどーよ / ペーチパイセン / レモなんとかさん / タミちゃんの火祭り / 美才能♪かの子さん
3,240,em-900d96f0b1d7,修験くまのたん,12,400,1200,3,attack_buff,0.2112,0.3125,100,0,8,いいえ,婆娑羅でどーよ / ヤマさんヤミーさん / 修験くまのたん / 財閥だ浅ちゃん！ / ハリウッドナナコ師匠
3,241,em-87a6c85241fe,蝶々ペッパーくん,30,1482,1781,2,delay,0.2112,0.2708,100,0,8,いいえ,婆娑羅でどーよ / ヤマさんヤミーさん / 蝶々ペッパーくん / 愛のぴよ子 / 美才能♪かの子さん
3,242,em-f781988d359e,ヤル気勢！うっす様,11,500,1300,2,attack_buff,0.2111,0.3681,99,1,8,いいえ,ハリウッドナナコ師匠 / ヤマさんヤミーさん / ヤル気勢！うっす様 / 財閥だ浅ちゃん！ / 美才能♪かの子さん
3,243,em-7f58743c664e,ポリミタス☆おかいこ,34,4771,3069,2,attribute_change,0.2101,0.3194,94,6,8,いいえ,婆娑羅でどーよ / ヤマさんヤミーさん / ポリミタス☆おかいこ / 愛のぴよ子 / おこしんMK-2
3,244,em-860d0191c03c,太子くん,8,650,590,2,heal,0.2085,0.3819,80,20,8,いいえ,婆娑羅でどーよ / トマティーナ少佐 / 太子くん / 劇場版ＪＡＸＡイル / わっしょいミカ先生
3,245,em-8c598f1908e7,ももとふちゃん,8,800,1000,3,heal,0.2075,0.3681,80,20,8,いいえ,婆娑羅でどーよ / トマティーナ少佐 / ももとふちゃん / 劇場版ＪＡＸＡイル / わっしょいミカ先生
3,246,em-5a100f5215c1,オリバーTHEトイ,6,300,600,3,attack_buff,0.2074,0.3472,78,22,8,いいえ,婆娑羅でどーよ / トマティーナ少佐 / オリバーTHEトイ / 劇場版ＪＡＸＡイル / わっしょいミカ先生
3,247,em-795ca1ffcb95,カム着火べあぱわー,12,664,2355,2,attack_buff,0.207,0.3264,82,18,8,いいえ,婆娑羅でどーよ / ヤマさんヤミーさん / カム着火べあぱわー / 愛のぴよ子 / 美才能♪かの子さん
3,248,em-c6a3687dad8c,ウナギーヌさん,5,900,350,2,heal,0.2055,0.3681,77,23,8,いいえ,婆娑羅でどーよ / トマティーナ少佐 / ウナギーヌさん / 劇場版ＪＡＸＡイル / わっしょいミカ先生
3,249,em-8a7e4284ba4a,あっぴーさん,5,800,350,3,heal,0.2051,0.375,77,23,8,いいえ,婆娑羅でどーよ / トマティーナ少佐 / あっぴーさん / 劇場版ＪＡＸＡイル / わっしょいミカ先生
3,250,em-47063c22130f,わんこースそば,4,300,400,3,heal,0.2048,0.375,76,24,8,いいえ,婆娑羅でどーよ / トマティーナ少佐 / わんこースそば / 劇場版ＪＡＸＡイル / わっしょいミカ先生
3,251,em-41b8799b7505,まおーちゃん,50,3748,4941,3,revive,0.2044,0.3403,100,0,8,いいえ,婆娑羅でどーよ / アウス大先輩 / まおーちゃん / 愛のぴよ子 / おこしんMK-2
3,252,em-cf71633a3be4,真・やよいチゥりっぷ,12,1500,300,3,attribute_change,0.2031,0.3333,100,0,8,いいえ,上級国民ロヴィーサ / トマティーナ少佐 / 真・やよいチゥりっぷ / 旧市街地の魔物 / わっしょいミカ先生
3,253,em-4fddbba71de4,大熊びぐべん,9,600,700,2,attack_buff,0.203,0.3819,81,19,8,いいえ,婆娑羅でどーよ / トマティーナ少佐 / 大熊びぐべん / 劇場版ＪＡＸＡイル / わっしょいミカ先生
3,254,em-d6397e37a32d,三山くまのたん,17,500,1900,3,attack_buff,0.203,0.2847,87,13,8,いいえ,婆娑羅でどーよ / ヤマさんヤミーさん / 三山くまのたん / 愛のぴよ子 / 美才能♪かの子さん
3,255,em-e2135a9d657f,ねぶるータスお前もか,18,2173,2656,2,attack_buff,0.2024,0.3403,88,12,8,いいえ,婆娑羅でどーよ / ヤマさんヤミーさん / ねぶるータスお前もか / 愛のぴよ子 / 美才能♪かの子さん
3,256,em-039828fc85d9,ひろしマン・改,6,400,400,3,heal,0.2013,0.3611,78,22,8,いいえ,婆娑羅でどーよ / トマティーナ少佐 / ひろしマン・改 / 劇場版ＪＡＸＡイル / わっしょいミカ先生
3,257,em-edd2253df045,怪奇！変身鬼人形,25,3408,3834,3,attribute_change,0.2009,0.3194,95,5,8,いいえ,婆娑羅でどーよ / ヤマさんヤミーさん / 怪奇！変身鬼人形 / 愛のぴよ子 / 美才能♪かの子さん
3,258,em-b9b869c15b9f,ルリマダラー,15,3786,378,2,attribute_guard,0.2006,0.3056,85,15,8,いいえ,婆娑羅でどーよ / ヤマさんヤミーさん / ルリマダラー / 愛のぴよ子 / 美才能♪かの子さん
3,259,em-c4c0bb3e4292,あっぴーちゃん,3,600,300,3,heal,0.2004,0.3611,75,25,8,いいえ,婆娑羅でどーよ / トマティーナ少佐 / あっぴーちゃん / 劇場版ＪＡＸＡイル / わっしょいミカ先生
3,260,em-82e546e8de79,ランたん,29,2198,3612,2,attribute_change,0.1997,0.3333,98,2,8,いいえ,アウス大先輩 / ヤマさんヤミーさん / ランたん / コンドアーズ / ブラジリアン首都術
3,261,em-bc514db974f0,化石人骨ルーシー,23,3783,2173,3,revive,0.1992,0.3333,92,8,8,いいえ,婆娑羅でどーよ / ヤマさんヤミーさん / 化石人骨ルーシー / 聖☆いんてぃないか / ハリウッドナナコ師匠
3,262,em-1c72b25f9096,エッシュ＆エッジュ,10,800,800,3,skill_reduction,0.1984,0.3194,98,2,8,いいえ,ハリウッドナナコ師匠 / ヤマさんヤミーさん / エッシュ＆エッジュ / 財閥だ浅ちゃん！ / 美才能♪かの子さん
3,263,em-065f680177c4,ﾍﾟﾀももたろす,17,3059,3059,2,attribute_change,0.1982,0.3125,99,1,8,いいえ,婆娑羅でどーよ / ヤマさんヤミーさん / ﾍﾟﾀももたろす / 聖☆いんてぃないか / 美才能♪かの子さん
3,264,em-a37b305548ef,なっとくんさん,5,400,400,2,skill_reduction,0.1972,0.3542,77,23,8,いいえ,婆娑羅でどーよ / トマティーナ少佐 / なっとくんさん / 劇場版ＪＡＸＡイル / わっしょいミカ先生
3,265,em-de36aab296aa,月下皇帝ランたん様,50,3150,5367,3,revive,0.1972,0.3264,98,2,8,いいえ,ハリウッドナナコ師匠 / ヤマさんヤミーさん / 月下皇帝ランたん様 / ブラジリアン首都術 / 旧市街地の魔物
3,266,em-a2d0308a3d38,蓮次郎,5,400,380,3,skill_reduction,0.1957,0.3542,77,23,8,いいえ,婆娑羅でどーよ / トマティーナ少佐 / 蓮次郎 / 劇場版ＪＡＸＡイル / わっしょいミカ先生
3,267,em-ea000314e767,ＫＲ２ジョー少佐,13,921,2476,3,attack_buff,0.1956,0.3194,98,2,8,いいえ,婆娑羅でどーよ / ヤマさんヤミーさん / ＫＲ２ジョー少佐 / 巳ーちゃんさん / ハリウッドナナコ師匠
3,268,em-c749ad6eefee,トーテムゆ～る,16,1413,1201,3,delay,0.1955,0.2847,86,14,8,いいえ,婆娑羅でどーよ / ヤマさんヤミーさん / トーテムゆ～る / 愛のぴよ子 / 美才能♪かの子さん
3,269,em-b0564825039b,わんこールそば,3,200,300,3,heal,0.1952,0.3681,75,25,8,いいえ,婆娑羅でどーよ / トマティーナ少佐 / わんこールそば / 劇場版ＪＡＸＡイル / わっしょいミカ先生
3,270,em-3307021ed6b3,なっとくん,4,286,311,3,skill_reduction,0.1948,0.3611,76,24,8,いいえ,婆娑羅でどーよ / トマティーナ少佐 / なっとくん / 劇場版ＪＡＸＡイル / わっしょいミカ先生
3,271,em-873c09a938ac,蓮太郎,4,310,302,3,skill_reduction,0.1947,0.3611,76,24,8,いいえ,婆娑羅でどーよ / トマティーナ少佐 / 蓮太郎 / 劇場版ＪＡＸＡイル / わっしょいミカ先生
3,272,em-fb5bfa8a3429,ひろしマン,4,300,300,3,heal,0.1945,0.3472,76,24,8,いいえ,婆娑羅でどーよ / トマティーナ少佐 / ひろしマン / 劇場版ＪＡＸＡイル / わっしょいミカ先生
3,273,em-64a5161e8307,優美な二条嬢,15,1250,1150,2,attribute_guard,0.1941,0.3542,67,33,8,いいえ,婆娑羅でどーよ / ペーチパイセン / 優美な二条嬢 / コンドアーズ / おこしんMK-2
3,274,em-2080ae65b62a,モヅルン,37,3771,1908,3,attribute_guard,0.1939,0.2917,97,3,8,いいえ,婆娑羅でどーよ / ヤマさんヤミーさん / モヅルン / 愛のぴよ子 / おこしんMK-2
3,275,em-900c465878ea,たたらん先生,12,800,600,3,attack_buff,0.1929,0.3125,100,0,8,いいえ,ハリウッドナナコ師匠 / ヤマさんヤミーさん / たたらん先生 / 財閥だ浅ちゃん！ / 美才能♪かの子さん
3,276,em-98730869df6a,朱染めの夏炎・朱雀,70,5282,6475,3,attack_buff,0.1926,0.2778,100,0,7,いいえ,タキシラ師匠 / トマティーナ少佐 / 朱染めの夏炎・朱雀 / 大森銀さん / 大森さん
3,277,em-6e472849dc37,ほーい竜馬,12,1100,1100,3,attack_buff,0.1897,0.2986,100,0,8,いいえ,婆娑羅でどーよ / ヤマさんヤミーさん / ほーい竜馬 / 財閥だ浅ちゃん！ / ハリウッドナナコ師匠
3,278,em-70861f8a23e9,ウナギーヌくん,3,800,200,2,heal,0.1892,0.3403,75,25,8,いいえ,婆娑羅でどーよ / トマティーナ少佐 / ウナギーヌくん / 劇場版ＪＡＸＡイル / わっしょいミカ先生
3,279,em-dce9e83b7c07,長靴履いたなろう猫,42,3786,2726,3,attribute_change,0.1889,0.3125,94,6,8,いいえ,婆娑羅でどーよ / ペーチパイセン / 長靴履いたなろう猫 / 愛のぴよ子 / 美才能♪かの子さん
3,280,em-e9a9af4ae9bc,梨豚ぴぐぺん,6,500,600,2,attack_buff,0.1876,0.3542,78,22,8,いいえ,婆娑羅でどーよ / トマティーナ少佐 / 梨豚ぴぐぺん / 劇場版ＪＡＸＡイル / わっしょいミカ先生
3,281,em-e07aaef6bd6e,三重子ちゃん,8,603,602,3,attribute_change,0.1874,0.3681,80,20,8,いいえ,婆娑羅でどーよ / トマティーナ少佐 / 三重子ちゃん / 劇場版ＪＡＸＡイル / わっしょいミカ先生
3,282,em-24679a7881f4,三重子さん,9,704,700,2,attribute_change,0.1863,0.3611,81,19,8,いいえ,婆娑羅でどーよ / トマティーナ少佐 / 三重子さん / 劇場版ＪＡＸＡイル / わっしょいミカ先生
3,283,em-e6c115665fbd,上宮之太子さま,15,1300,1150,2,heal,0.1863,0.3125,85,15,8,いいえ,婆娑羅でどーよ / ヤマさんヤミーさん / 上宮之太子さま / 愛のぴよ子 / 美才能♪かの子さん
3,284,em-7b2daf42204c,モモトじゃねーの?,14,1400,1600,3,heal,0.1855,0.3194,99,1,8,いいえ,婆娑羅でどーよ / ヤマさんヤミーさん / モモトじゃねーの? / 巳ーちゃんさん / ハリウッドナナコ師匠
3,285,em-69fe49e9031d,かずら姉さん,11,650,700,2,guard,0.185,0.2917,81,19,8,いいえ,婆娑羅でどーよ / ヤマさんヤミーさん / かずら姉さん / 愛のぴよ子 / 美才能♪かの子さん
3,286,em-f334c541bf84,納得ん★福曼荼羅,17,1763,1860,2,attribute_change,0.1842,0.3264,87,13,8,いいえ,婆娑羅でどーよ / ヤマさんヤミーさん / 納得ん★福曼荼羅 / 愛のぴよ子 / 美才能♪かの子さん
3,287,em-4dc27428f645,よりりんＫ林スタイル,24,2576,2576,2,attribute_change,0.1837,0.3125,94,6,8,いいえ,婆娑羅でどーよ / ヤマさんヤミーさん / よりりんＫ林スタイル / 愛のぴよ子 / 美才能♪かの子さん
3,288,em-bffb26ad3975,アイヌ☆らっくるん,60,2896,6645,2,attack_buff,0.1829,0.2847,99,1,8,いいえ,婆娑羅でどーよ / ペーチパイセン / アイヌ☆らっくるん / 愛のぴよ子 / ウシュか☆丸か
3,289,em-98053d851e29,炎上魔女ベファーナ,59,2088,3748,2,revive,0.1824,0.2708,98,2,8,いいえ,婆娑羅でどーよ / ペーチパイセン / 炎上魔女ベファーナ / 愛のぴよ子 / ウシュか☆丸か
3,290,em-d51ded51621f,華麗なる塚ジェンヌ,13,1684,1676,3,revive,0.1818,0.3264,98,2,8,いいえ,婆娑羅でどーよ / ヤマさんヤミーさん / 華麗なる塚ジェンヌ / 巳ーちゃんさん / ハリウッドナナコ師匠
3,291,em-e3dd4898ff56,ﾃﾗももたろす,15,1600,1600,3,attribute_change,0.1806,0.3333,100,0,8,いいえ,婆娑羅でどーよ / ヤマさんヤミーさん / ﾃﾗももたろす / 巳ーちゃんさん / ハリウッドナナコ師匠
3,292,em-dff6ba115611,トゥーさん,44,3067,3067,3,revive,0.1802,0.3056,96,4,8,いいえ,婆娑羅でどーよ / ペーチパイセン / トゥーさん / 愛のぴよ子 / 美才能♪かの子さん
3,293,em-6d0b27bbd976,なっとくんおじさん,7,496,484,2,skill_reduction,0.1751,0.3194,95,5,8,いいえ,ハリウッドナナコ師匠 / ヤマさんヤミーさん / なっとくんおじさん / 財閥だ浅ちゃん！ / 美才能♪かの子さん
3,294,em-786d95001098,可憐な二条嬢,12,810,790,2,attribute_guard,0.1748,0.3403,100,0,8,いいえ,ハリウッドナナコ師匠 / ヤマさんヤミーさん / 可憐な二条嬢 / 財閥だ浅ちゃん！ / 美才能♪かの子さん
3,295,em-b34467071fa2,蓮三郎,6,500,450,3,skill_reduction,0.1747,0.3194,94,6,8,いいえ,ハリウッドナナコ師匠 / ヤマさんヤミーさん / 蓮三郎 / 財閥だ浅ちゃん！ / 美才能♪かの子さん
3,296,em-3dc0af65e330,ランたんちゃん,43,3425,5295,2,attribute_change,0.1747,0.2708,95,5,8,いいえ,婆娑羅でどーよ / ペーチパイセン / ランたんちゃん / 愛のぴよ子 / 美才能♪かの子さん
3,297,em-cecb4ccbb927,蝶々胡椒鯛くん,30,847,1018,2,delay,0.1743,0.2639,99,1,8,いいえ,ハリウッドナナコ師匠 / ヤマさんヤミーさん / 蝶々胡椒鯛くん / 聖☆いんてぃないか / 美才能♪かの子さん
3,298,em-6c215846fcb0,アン・ごろう,16,1356,1189,2,attack_buff,0.1727,0.2986,86,14,8,いいえ,婆娑羅でどーよ / ヤマさんヤミーさん / アン・ごろう / 愛のぴよ子 / 美才能♪かの子さん
3,299,em-7fdcbcbf0ae4,ももとふさん,12,1000,1200,3,heal,0.1712,0.3125,100,0,8,いいえ,ハリウッドナナコ師匠 / ヤマさんヤミーさん / ももとふさん / 財閥だ浅ちゃん！ / 美才能♪かの子さん
3,300,em-409b16959eac,唸るぜ！よりりん,12,795,805,3,attribute_change,0.17,0.3333,100,0,8,いいえ,ハリウッドナナコ師匠 / ヤマさんヤミーさん / 唸るぜ！よりりん / 財閥だ浅ちゃん！ / 美才能♪かの子さん
3,301,em-c573b4be1553,ｷﾞｶﾞももたろす,12,1300,1300,3,attribute_change,0.1691,0.3194,100,0,8,いいえ,ハリウッドナナコ師匠 / ヤマさんヤミーさん / ｷﾞｶﾞももたろす / 財閥だ浅ちゃん！ / 美才能♪かの子さん
3,302,em-09c253fd0a61,オリバーTHEドッグ,5,200,500,3,attack_buff,0.167,0.3125,100,0,8,いいえ,ハリウッドナナコ師匠 / ヤマさんヤミーさん / オリバーTHEドッグ / 花火戦隊サイガーRe / 美才能♪かの子さん
3,303,em-c358a9d61a43,PiぐPeんとBiぐBeん,15,1208,1510,2,attack_buff,0.1637,0.2847,85,15,8,いいえ,婆娑羅でどーよ / ヤマさんヤミーさん / PiぐPeんとBiぐBeん / 愛のぴよ子 / 美才能♪かの子さん
3,304,em-69c72b6c10d2,紳士なトーマスん,12,765,835,3,attribute_change,0.1636,0.3125,100,0,8,いいえ,ハリウッドナナコ師匠 / ヤマさんヤミーさん / 紳士なトーマスん / 財閥だ浅ちゃん！ / 美才能♪かの子さん
3,305,em-f33518363cb8,マチョリスト☆ばん,13,1410,775,2,attack_buff,0.1634,0.2986,98,2,8,いいえ,婆娑羅でどーよ / ヤマさんヤミーさん / マチョリスト☆ばん / 巳ーちゃんさん / ハリウッドナナコ師匠
3,306,em-4dec28ac375f,いやひこさん,13,800,500,3,delay,0.163,0.2917,100,0,8,いいえ,ハリウッドナナコ師匠 / ヤマさんヤミーさん / いやひこさん / タミちゃんの火祭り / ヤマトタケルぅ！
3,307,em-01325fd9f459,いやひこさま,16,1200,600,3,delay,0.1613,0.2708,85,15,8,いいえ,ハリウッドナナコ師匠 / ヤマさんヤミーさん / いやひこさま / 聖☆いんてぃないか / 美才能♪かの子さん
3,308,em-d3961c13041f,光るぜ！よりりん,15,1200,1200,3,attribute_change,0.1606,0.2986,100,0,8,いいえ,婆娑羅でどーよ / ヤマさんヤミーさん / 光るぜ！よりりん / 巳ーちゃんさん / ハリウッドナナコ師匠
3,309,em-c47afb60b613,三重子先輩,10,800,800,2,attribute_change,0.1588,0.3125,100,0,8,いいえ,婆娑羅でどーよ / ヤマさんヤミーさん / 三重子先輩 / 愛のぴよ子 / 財閥だ浅ちゃん！
3,310,em-344fce469565,豊聡之太子さん,12,830,775,2,heal,0.1585,0.2917,100,0,8,いいえ,ハリウッドナナコ師匠 / ヤマさんヤミーさん / 豊聡之太子さん / 財閥だ浅ちゃん！ / 美才能♪かの子さん
3,311,em-dc5f853080a2,ねぶるー,12,590,630,2,attack_buff,0.1475,0.3125,100,0,8,いいえ,ハリウッドナナコ師匠 / ヤマさんヤミーさん / ねぶるー / 財閥だ浅ちゃん！ / 美才能♪かの子さん
3,312,em-6c82396ace3f,マッシブ☆ばん馬ばん,7,800,450,3,attack_buff,0.1443,0.2778,95,5,8,いいえ,ハリウッドナナコ師匠 / ヤマさんヤミーさん / マッシブ☆ばん馬ばん / 財閥だ浅ちゃん！ / 美才能♪かの子さん
3,313,em-9c37bba7df0f,ＫＲ２ジョー少尉,11,495,1105,3,attack_buff,0.1378,0.2708,99,1,8,いいえ,ハリウッドナナコ師匠 / ヤマさんヤミーさん / ＫＲ２ジョー少尉 / 財閥だ浅ちゃん！ / 美才能♪かの子さん
3,314,em-98054d952da8,ニート達の日常。,21,2968,296,3,delay,0.1366,0.2222,90,10,8,いいえ,ハリウッドナナコ師匠 / ヤマさんヤミーさん / ニート達の日常。 / 聖☆いんてぃないか / 美才能♪かの子さん
3,315,em-7c5fdd7af70d,覚醒むりょく,6,198,89,3,multi_hit_attack,0.1313,0.2639,94,6,8,いいえ,上級国民ロヴィーサ / トマティーナ少佐 / 覚醒むりょく / 旧市街地の魔物 / わっしょいミカ先生
3,316,em-452bfe576bb9,ねぶるータス,16,950,1350,2,attack_buff,0.1298,0.25,86,14,8,いいえ,婆娑羅でどーよ / ヤマさんヤミーさん / ねぶるータス / 愛のぴよ子 / 美才能♪かの子さん
3,317,em-0b273c3da2d3,ぴぐぺん＆びぐべん,12,700,900,2,attack_buff,0.1288,0.25,100,0,8,いいえ,上級国民ロヴィーサ / トマティーナ少佐 / ぴぐぺん＆びぐべん / 旧市街地の魔物 / わっしょいミカ先生
3,318,em-a71cd0e28586,ねぶるーさん,14,770,830,2,attack_buff,0.1278,0.2641,99,1,8,いいえ,婆娑羅でどーよ / ヤマさんヤミーさん / ねぶるーさん / 巳ーちゃんさん / ハリウッドナナコ師匠
3,319,em-4ea698949c11,侵略成功!?イカ翁,20,1131,1272,2,revive,0.1277,0.25,90,10,9,いいえ,婆娑羅でどーよ / ヤマさんヤミーさん / 侵略成功!?イカ翁 / 愛のぴよ子 / 美才能♪かの子さん
3,320,em-0277eca3d9cf,ゆる神の像＆ピヨか？,60,426,511,3,guard,0.0706,0.1806,99,1,8,いいえ,婆娑羅でどーよ / ペーチパイセン / ゆる神の像＆ピヨか？ / 愛のぴよ子 / ウシュか☆丸か
3,321,em-404f12535630,祇園祭の素戔嗚さま,88,5964,6390,2,multi_hit_attack,0,0,101,0,0,いいえ,
3,322,em-6eed78e1fe62,リア充の権化安倍晴明,100,6782,6271,3,heal,0,0,101,0,0,いいえ,
3,323,em-a85045965911,まさか殿(マジ),100,7463,6628,3,attack_buff,0,0,101,0,0,いいえ,
3,324,em-f33de53ee597,遊無給(ニート)な小町,100,7327,5623,3,attack_buff,0,0,101,0,0,いいえ,
4,1,em-b8c4235090fa,バビるわバビル君。,39,5367,3441,4,damage_reduction,0.5146,0.6736,100,0,8,いいえ,婆娑羅でどーよ / トマティーナ少佐 / 愛のぴよ子 / バビるわバビル君。 / わっしょいミカ先生
4,2,em-93a9275d427c,肉食ドゥブロさん,32,5106,3404,3,attack_buff,0.5108,0.5625,93,7,8,いいえ,婆娑羅でどーよ / ペーチパイセン / トマティーナ少佐 / 肉食ドゥブロさん / 美才能♪かの子さん
4,3,em-cb0ef748882f,八狗神伏姫様,35,5538,2130,4,guard,0.4965,0.6528,96,4,8,いいえ,婆娑羅でどーよ / トマティーナ少佐 / 愛のぴよ子 / 八狗神伏姫様 / わっしょいミカ先生
4,4,em-32ef1535a66a,ハバキたん,60,6816,4260,3,damage_reduction,0.4799,0.6111,99,1,7,いいえ,婆娑羅でどーよ / ペーチパイセン / 愛のぴよ子 / ハバキたん / ハリウッドナナコ師匠
4,5,em-99460641a41d,奇岩妖精ペリバじゃん,40,6816,852,3,attack_buff,0.4735,0.4023,99,1,8,いいえ,婆娑羅でどーよ / 北間・クラリス嬢 / トマティーナ少佐 / 奇岩妖精ペリバじゃん / にほりん
4,6,em-f3091896bc28,腹話フック,15,1610,3220,4,multi_hit_attack,0.4715,0.4792,100,0,8,いいえ,ハリウッドナナコ師匠 / ヤマさんヤミーさん / ターヌムンゴネキ / 腹話フック / 美才能♪かの子さん
4,7,em-90d2686cfd0d,花火戦隊サイガーRe,45,4515,5367,3,multi_hit_attack,0.471,0.4097,97,3,8,いいえ,婆娑羅でどーよ / ペーチパイセン / 愛のぴよ子 / 花火戦隊サイガーRe / 美才能♪かの子さん
4,8,em-68e23b3f15d7,あっぴーの外出,15,1610,3500,3,attack_buff,0.468,0.5694,100,0,8,いいえ,婆娑羅でどーよ / ヤマさんヤミーさん / ターヌムンゴネキ / あっぴーの外出 / ハリウッドナナコ師匠
4,9,em-73250febc8f5,財閥だ浅ちゃん！,38,2556,7327,4,multi_hit_attack,0.4652,0.4097,98,2,8,いいえ,婆娑羅でどーよ / ヤマさんヤミーさん / 愛のぴよ子 / 財閥だ浅ちゃん！ / おこしんMK-2
4,10,em-8522b1e6c291,百華百彩久連子,55,5282,5282,3,multi_hit_attack,0.4639,0.4167,97,3,7,いいえ,婆娑羅でどーよ / ペーチパイセン / 愛のぴよ子 / 百華百彩久連子 / おこしんMK-2
4,11,em-84d3175a9388,コン勝神☆くー様,48,3809,7024,4,attack_buff,0.4612,0.5278,100,0,8,いいえ,婆娑羅でどーよ / ペーチパイセン / 愛のぴよ子 / コン勝神☆くー様 / 美才能♪かの子さん
4,12,em-faea6a503d7f,討ち入り☆花子,58,5350,4907,3,aoe_attack,0.4578,0.4028,100,0,7,いいえ,婆娑羅でどーよ / ペーチパイセン / 愛のぴよ子 / 討ち入り☆花子 / おこしんMK-2
4,13,em-18a6642e277e,旧市街地の魔物,8,2799,16,4,attack_buff,0.4569,0.3958,100,0,8,いいえ,婆娑羅でどーよ / ヤマさんヤミーさん / 愛のぴよ子 / 旧市街地の魔物 / ヤマトタケルぅ！
4,14,em-7914d5cdb04d,芋神よしあき,32,4130,2753,3,multi_hit_attack,0.456,0.4653,99,1,8,いいえ,婆娑羅でどーよ / ヤマさんヤミーさん / 愛のぴよ子 / 芋神よしあき / にほりん
4,15,em-cea68c425163,跛荒の鉄男大先生,51,4686,6625,3,multi_hit_attack,0.4559,0.3889,100,0,6,いいえ,婆娑羅でどーよ / トマティーナ少佐 / 愛のぴよ子 / 跛荒の鉄男大先生 / 旧市街地の魔物
4,16,em-ad82a61bcc2a,ｺﾄﾖﾛ!巳ーちゃん様,55,6901,3451,4,damage_reduction,0.4528,0.5764,97,3,7,いいえ,婆娑羅でどーよ / ペーチパイセン / 愛のぴよ子 / ｺﾄﾖﾛ!巳ーちゃん様 / ブラジリアン首都術
4,17,em-c623973fc8a5,うおぬまンダーＲ上Ｘ,15,1208,2567,4,aoe_attack,0.4515,0.4653,100,0,8,いいえ,ハリウッドナナコ師匠 / ヤマさんヤミーさん / ターヌムンゴネキ / うおぬまンダーＲ上Ｘ / 美才能♪かの子さん
4,18,em-32dd2642183e,ハイパーハンギョジン,60,5889,3996,3,attack_buff,0.4491,0.5347,99,1,7,いいえ,婆娑羅でどーよ / ペーチパイセン / 愛のぴよ子 / ハイパーハンギョジン / ウシュか☆丸か
4,19,em-824a4dbb010c,守護天狗くまのたん,41,1874,7668,3,aoe_attack,0.4489,0.4097,100,0,8,いいえ,婆娑羅でどーよ / 北間・クラリス嬢 / トマティーナ少佐 / 守護天狗くまのたん / にほりん
4,20,em-3a0ce37a12ff,おこしんMK-2,8,1510,2265,4,multi_hit_attack,0.446,0.4583,93,7,8,いいえ,ハリウッドナナコ師匠 / ヤマさんヤミーさん / ターヌムンゴネキ / おこしんMK-2 / 美才能♪かの子さん
4,21,em-e362f95d25c3,巳ーちゃんさん,35,4303,3451,3,multi_hit_attack,0.4434,0.3819,98,2,8,いいえ,ハリウッドナナコ師匠 / ヤマさんヤミーさん / トマティーナ少佐 / 巳ーちゃんさん / にほりん
4,22,em-d25a7727f654,プラハ嬢,32,1482,4991,4,damage_reduction,0.4418,0.6316,95,5,8,いいえ,婆娑羅でどーよ / ペーチパイセン / トマティーナ少佐 / プラハ嬢 / わっしょいミカ先生
4,23,em-ffea90d62e77,テイヤさん,55,1874,5282,3,multi_hit_attack,0.4404,0.4028,100,0,7,いいえ,ハリウッドナナコ師匠 / ペーチパイセン / トマティーナ少佐 / テイヤさん / にほりん
4,24,em-ffdcaffc4a41,雑煮入り☆うるっしー,36,3443,3443,4,guard,0.4384,0.6111,99,1,8,いいえ,婆娑羅でどーよ / ペーチパイセン / トマティーナ少佐 / 雑煮入り☆うるっしー / わっしょいミカ先生
4,25,em-3b47fb031e0a,上京！世界師匠,36,1704,4260,4,multi_hit_attack,0.4379,0.4028,99,1,8,いいえ,ハリウッドナナコ師匠 / ヤマさんヤミーさん / トマティーナ少佐 / 上京！世界師匠 / にほりん
4,26,em-6722337c6d78,雨降る倉敷のみかん姐,15,2718,1963,4,aoe_attack,0.4375,0.4514,100,0,8,いいえ,ハリウッドナナコ師匠 / ヤマさんヤミーさん / ターヌムンゴネキ / 雨降る倉敷のみかん姐 / 美才能♪かの子さん
4,27,em-5c46e7a79c7f,ギャルド・スイス先輩,45,3408,5453,4,multi_hit_attack,0.4369,0.3889,97,3,8,いいえ,婆娑羅でどーよ / ペーチパイセン / 愛のぴよ子 / ギャルド・スイス先輩 / 美才能♪かの子さん
4,28,em-4d9586371e6c,鞭・打つ子さん,38,4106,4106,3,multi_hit_attack,0.4356,0.3681,98,2,8,いいえ,婆娑羅でどーよ / ヤマさんヤミーさん / 愛のぴよ子 / 鞭・打つ子さん / おこしんMK-2
4,29,em-a8f48fb9a527,タミちゃんの火祭り,15,1,2402,4,aoe_attack,0.4353,0.4722,100,0,10,いいえ,ハリウッドナナコ師匠 / ヤマさんヤミーさん / ターヌムンゴネキ / タミちゃんの火祭り / 美才能♪かの子さん
4,30,em-35dfd8c60675,はぎみタンさん,55,4430,4771,4,aoe_attack,0.4351,0.3819,100,0,7,いいえ,ハリウッドナナコ師匠 / ペーチパイセン / トマティーナ少佐 / はぎみタンさん / にほりん
4,31,em-f70fc38ed477,栗栖　益子さん,40,4175,4106,4,multi_hit_attack,0.4339,0.3681,100,0,8,いいえ,婆娑羅でどーよ / ヤマさんヤミーさん / 愛のぴよ子 / 栗栖　益子さん / おこしんMK-2
4,32,em-9fe53d26e9cb,ロイ・マタ先輩,46,2726,6816,3,multi_hit_attack,0.4333,0.3889,98,2,8,いいえ,婆娑羅でどーよ / ペーチパイセン / 愛のぴよ子 / ロイ・マタ先輩 / 美才能♪かの子さん
4,33,em-da8da47e0c9c,さるぼぼ・ぼーぼぼ,14,1661,2114,3,aoe_attack,0.4324,0.4583,99,1,8,いいえ,ハリウッドナナコ師匠 / ヤマさんヤミーさん / ターヌムンゴネキ / さるぼぼ・ぼーぼぼ / 美才能♪かの子さん
4,34,em-40350463a9fa,ハンドさんは泳がない,27,2044,3578,3,damage_reduction,0.4312,0.5972,95,5,8,いいえ,ハリウッドナナコ師匠 / ヤマさんヤミーさん / トマティーナ少佐 / ハンドさんは泳がない / わっしょいミカ先生
4,35,em-68c24ce7bf95,女帝！カるたーニャ,40,3408,3408,4,attack_buff,0.4292,0.5069,99,1,8,いいえ,婆娑羅でどーよ / 北間・クラリス嬢 / トマティーナ少佐 / 女帝！カるたーニャ / にほりん
4,36,em-48a7e7dd243f,鮫男子・ニタりん,60,4601,7157,3,multi_hit_attack,0.4285,0.3889,99,1,7,いいえ,婆娑羅でどーよ / ペーチパイセン / 愛のぴよ子 / 鮫男子・ニタりん / ウシュか☆丸か
4,37,em-57dce5f944a3,うらうらら,50,4260,6390,4,multi_hit_attack,0.4241,0.3611,100,0,6,いいえ,婆娑羅でどーよ / アウス大先輩 / 愛のぴよ子 / うらうらら / おこしんMK-2
4,38,em-9b97e564ea43,ユールシスター☆ノエルん,43,5523,4112,3,multi_hit_attack,0.4237,0.3681,95,5,8,いいえ,婆娑羅でどーよ / ペーチパイセン / 愛のぴよ子 / ユールシスター☆ノエルん / 美才能♪かの子さん
4,39,em-5861838d2e36,ばうあー泥棒,35,4771,3033,4,attack_buff,0.4229,0.4167,96,4,8,いいえ,婆娑羅でどーよ / ペーチパイセン / トマティーナ少佐 / ばうあー泥棒 / 美才能♪かの子さん
4,40,em-4533a7697d48,謀反人ミッツ,60,6645,4430,3,damage_reduction,0.4204,0.5965,99,1,7,いいえ,婆娑羅でどーよ / ペーチパイセン / 愛のぴよ子 / 謀反人ミッツ / ハリウッドナナコ師匠
4,41,em-132feeb6206a,傭兵戦隊サイガー３,12,756,2284,4,multi_hit_attack,0.42,0.4236,97,3,8,いいえ,婆娑羅でどーよ / ヤマさんヤミーさん / ターヌムンゴネキ / 傭兵戦隊サイガー３ / ハリウッドナナコ師匠
4,42,em-a8e1bfbd68cd,秋のタツタちゃん,80,10224,4771,4,multi_hit_attack,0.4199,0.3056,100,0,4,いいえ,じとっ子 / ペーチパイセン / デンマーくん / 秋のタツタちゃん / ケンＺＯ１号
4,43,em-9bad632dc3a9,秋田世界発見伝,24,3838,845,4,guard,0.4165,0.5764,92,8,8,いいえ,ハリウッドナナコ師匠 / ヤマさんヤミーさん / トマティーナ少佐 / 秋田世界発見伝 / わっしょいミカ先生
4,44,em-5b97cf2d5a88,やまたのおろちん,40,2726,2726,3,multi_hit_attack,0.41,0.3611,99,1,8,いいえ,婆娑羅でどーよ / 北間・クラリス嬢 / トマティーナ少佐 / やまたのおろちん / にほりん
4,45,em-252e0359c5e1,巳ーちゃん,25,3451,2599,3,multi_hit_attack,0.4098,0.3542,95,5,8,いいえ,婆娑羅でどーよ / ヤマさんヤミーさん / 愛のぴよ子 / 巳ーちゃん / 美才能♪かの子さん
4,46,em-eb8dcb3ecb46,ヨーコ須賀パイセン,45,5964,3237,3,attribute_guard,0.4089,0.5139,97,3,8,いいえ,婆娑羅でどーよ / ペーチパイセン / 愛のぴよ子 / ヨーコ須賀パイセン / 美才能♪かの子さん
4,47,em-6fe67318189a,劇場版ＪＡＸＡイル,18,1304,3526,4,multi_hit_attack,0.4076,0.3542,99,1,8,いいえ,婆娑羅でどーよ / 北間・クラリス嬢 / ターヌムンゴネキ / 劇場版ＪＡＸＡイル / 美才能♪かの子さん
4,48,em-bb70b91588ed,夜魔・マヤー,12,1661,2114,4,multi_hit_attack,0.407,0.3889,99,1,8,いいえ,ハリウッドナナコ師匠 / ヤマさんヤミーさん / コンドアーズ / 夜魔・マヤー / 財閥だ浅ちゃん！
4,49,em-1a3ab3b1acf7,聖☆いんてぃないか,19,2817,2334,4,aoe_attack,0.4069,0.3403,100,0,8,いいえ,婆娑羅でどーよ / 北間・クラリス嬢 / ターヌムンゴネキ / 聖☆いんてぃないか / 美才能♪かの子さん
4,50,em-e0dcffe4d5d0,大魔神！せいタン降臨,44,2044,6305,4,attack_buff,0.4066,0.4861,96,4,8,いいえ,婆娑羅でどーよ / ペーチパイセン / 愛のぴよ子 / 大魔神！せいタン降臨 / 美才能♪かの子さん
4,51,em-14d31235a3f8,かっちゃんのBIG強飯,48,3067,4601,4,attack_buff,0.4063,0.4931,100,0,8,いいえ,婆娑羅でどーよ / ペーチパイセン / 愛のぴよ子 / かっちゃんのBIG強飯 / 美才能♪かの子さん
4,52,em-3cce096dfee9,カギサナ子,15,2415,2415,4,attack_buff,0.403,0.5,100,0,8,いいえ,ハリウッドナナコ師匠 / ヤマさんヤミーさん / ターヌムンゴネキ / カギサナ子 / 美才能♪かの子さん
4,53,em-a058dba31969,月見だよ！叡智州利偉,10,1100,2002,4,attack_buff,0.4029,0.5208,95,5,8,いいえ,婆娑羅でどーよ / ヤマさんヤミーさん / ターヌムンゴネキ / 月見だよ！叡智州利偉 / ハリウッドナナコ師匠
4,54,em-ab9b2ce76191,B・O・B,37,4935,3244,3,delay,0.4028,0.4444,100,0,8,いいえ,ハリウッドナナコ師匠 / ヤマさんヤミーさん / トマティーナ少佐 / B・O・B / にほりん
4,55,em-628e695d4365,カクラム先生,16,2256,2397,4,multi_hit_attack,0.4012,0.3538,99,1,8,いいえ,婆娑羅でどーよ / 北間・クラリス嬢 / コンドアーズ / カクラム先生 / 財閥だ浅ちゃん！
4,56,em-f119f767f457,アダム＆エバ,50,5112,4260,4,attack_buff,0.401,0.4722,99,1,6,いいえ,婆娑羅でどーよ / トマティーナ少佐 / 愛のぴよ子 / アダム＆エバ / おこしんMK-2
4,57,em-74c87c37d930,むぅむぅ,30,2839,2525,3,multi_hit_attack,0.3985,0.3472,100,0,8,いいえ,婆娑羅でどーよ / ヤマさんヤミーさん / 愛のぴよ子 / むぅむぅ / 美才能♪かの子さん
4,58,em-ea813aee5d92,ブラジリアン首都術,8,1812,1963,4,aoe_attack,0.3968,0.3889,93,7,8,いいえ,婆娑羅でどーよ / ヤマさんヤミーさん / ターヌムンゴネキ / ブラジリアン首都術 / ハリウッドナナコ師匠
4,59,em-d0ab149939aa,製鉄所★澤先輩,24,5313,1771,3,skill_reduction,0.3965,0.4514,100,0,8,いいえ,婆娑羅でどーよ / ヤマさんヤミーさん / トマティーナ少佐 / 製鉄所★澤先輩 / にほりん
4,60,em-dbd545e946e6,嫁劇！くーにゃん,40,2556,6816,4,attack_buff,0.3952,0.4861,99,1,8,いいえ,婆娑羅でどーよ / 北間・クラリス嬢 / トマティーナ少佐 / 嫁劇！くーにゃん / にほりん
4,61,em-3f6affd1acff,ハンニバル力(りょく),58,7497,2385,3,aoe_attack,0.3922,0.3542,100,0,7,いいえ,婆娑羅でどーよ / ペーチパイセン / 愛のぴよ子 / ハンニバル力(りょく) / おこしんMK-2
4,62,em-3ba3c1cd24cc,P.O☆うるっしー,25,3220,1449,4,guard,0.3889,0.5486,93,7,8,いいえ,ハリウッドナナコ師匠 / ヤマさんヤミーさん / トマティーナ少佐 / P.O☆うるっしー / わっしょいミカ先生
4,63,em-9d7275c7d84e,ハンドさんの匍匐前進,27,1840,3220,3,damage_reduction,0.3874,0.5417,95,5,8,いいえ,ハリウッドナナコ師匠 / ヤマさんヤミーさん / トマティーナ少佐 / ハンドさんの匍匐前進 / わっしょいミカ先生
4,64,em-e51e56c23fa1,上級国民ロヴィーサ,44,2832,2984,4,attribute_guard,0.3865,0.5139,97,3,8,いいえ,婆娑羅でどーよ / ペーチパイセン / 愛のぴよ子 / 上級国民ロヴィーサ / 聖☆いんてぃないか
4,65,em-b95ac93b816d,キタキツネの神様,29,3748,4771,3,attack_buff,0.3824,0.4514,98,2,8,いいえ,婆娑羅でどーよ / トマティーナ少佐 / コンドアーズ / キタキツネの神様 / 美才能♪かの子さん
4,66,em-79b4540e0f7f,ヤック(中の人),16,2176,2418,4,multi_hit_attack,0.3753,0.3403,99,1,8,いいえ,婆娑羅でどーよ / 北間・クラリス嬢 / コンドアーズ / ヤック(中の人) / 財閥だ浅ちゃん！
4,67,em-7c0ef69518eb,有砂小町２ＰＣ,40,5112,5112,4,delay,0.374,0.3958,100,0,8,いいえ,婆娑羅でどーよ / ヤマさんヤミーさん / 愛のぴよ子 / 有砂小町２ＰＣ / おこしんMK-2
4,68,em-748c1a866dbc,Hey Yeah 清盛,75,11417,2896,3,guard,0.3729,0.4378,99,1,4,いいえ,じとっ子 / ファジル先生 / デンマーくん / Hey Yeah 清盛 / ウシュか☆丸か
4,69,em-4e3940289203,スーパー軍師兵衛ズ,60,7838,2385,3,skill_reduction,0.37,0.3681,99,1,7,いいえ,婆娑羅でどーよ / ペーチパイセン / 愛のぴよ子 / スーパー軍師兵衛ズ / ウシュか☆丸か
4,70,em-832edc9513ca,Ｈ・Ｆ・ウーマン,45,6305,3748,4,guard,0.3686,0.4722,97,3,8,いいえ,婆娑羅でどーよ / ペーチパイセン / 愛のぴよ子 / Ｈ・Ｆ・ウーマン / 美才能♪かの子さん
4,71,em-ab3cf42ca015,銘菓ぴよ子零式,15,1155,1255,3,multi_hit_attack,0.3675,0.4167,100,0,8,いいえ,ハリウッドナナコ師匠 / ヤマさんヤミーさん / ターヌムンゴネキ / 銘菓ぴよ子零式 / 美才能♪かの子さん
4,72,em-215080a7a05b,?????,39,4924,4413,4,skill_reduction,0.3674,0.3958,99,1,8,いいえ,婆娑羅でどーよ / ヤマさんヤミーさん / 愛のぴよ子 / ????? / おこしんMK-2
4,73,em-e778e99b9218,不敵な笑みのニタりん,16,1363,2556,3,multi_hit_attack,0.3663,0.3333,97,3,8,いいえ,婆娑羅でどーよ / 北間・クラリス嬢 / ターヌムンゴネキ / 不敵な笑みのニタりん / 美才能♪かの子さん
4,74,em-d695befcbdc2,収穫☆にいがタン,26,4508,3655,3,attribute_guard,0.365,0.5417,94,6,8,いいえ,ハリウッドナナコ師匠 / ヤマさんヤミーさん / トマティーナ少佐 / 収穫☆にいがタン / わっしょいミカ先生
4,75,em-d020ce26e899,ＴＡＳマニア先輩,40,5964,3418,3,skill_reduction,0.3643,0.3819,100,0,8,いいえ,婆娑羅でどーよ / ヤマさんヤミーさん / 愛のぴよ子 / ＴＡＳマニア先輩 / おこしんMK-2
4,76,em-0e768525b557,ヘラクレス先輩,70,5885,6230,4,multi_hit_attack,0.3639,0.2153,91,9,4,いいえ,じとっ子 / ペーチパイセン / デンマーくん / ヘラクレス先輩 / ハリウッドナナコ師匠
4,77,em-2f3883a74098,jaック・ザ・ナイト,10,1408,1267,4,multi_hit_attack,0.3616,0.4028,95,5,8,いいえ,婆娑羅でどーよ / ヤマさんヤミーさん / ターヌムンゴネキ / jaック・ザ・ナイト / ハリウッドナナコ師匠
4,78,em-e8fc5c7a59a4,猫毘沙門天,36,4430,4089,4,aoe_attack,0.3605,0.5,99,1,8,いいえ,婆娑羅でどーよ / ペーチパイセン / トマティーナ少佐 / 猫毘沙門天 / わっしょいミカ先生
4,79,em-8b0ee22a5cd7,ドナドナう皮,26,1676,1664,3,guard,0.3579,0.5139,94,6,8,いいえ,ハリウッドナナコ師匠 / ヤマさんヤミーさん / トマティーナ少佐 / ドナドナう皮 / わっしょいミカ先生
4,80,em-b09b44b6b259,くだにょん,13,1128,1269,4,attack_buff,0.3575,0.5139,100,0,8,いいえ,婆娑羅でどーよ / ペーチパイセン / 花火戦隊サイガーRe / くだにょん / にほりん
4,81,em-039a051d72bb,伊万里の重畳,36,4260,3919,3,delay,0.3568,0.3958,99,1,8,いいえ,ハリウッドナナコ師匠 / ヤマさんヤミーさん / トマティーナ少佐 / 伊万里の重畳 / にほりん
4,82,em-1e8ec25622df,切間・ンジャロさん,39,5871,3442,4,skill_reduction,0.3552,0.3889,99,1,8,いいえ,婆娑羅でどーよ / ヤマさんヤミーさん / 愛のぴよ子 / 切間・ンジャロさん / おこしんMK-2
4,83,em-b17b3174de7d,ネギtheフィクサー,45,2405,5135,3,damage_reduction,0.355,0.4792,95,5,8,いいえ,ハリウッドナナコ師匠 / ペーチパイセン / トマティーナ少佐 / ネギtheフィクサー / わっしょいミカ先生
4,84,em-eb57ed2cb1f2,ペパりんズクッキング,60,6305,3237,3,delay,0.3542,0.375,99,1,7,いいえ,婆娑羅でどーよ / ペーチパイセン / 愛のぴよ子 / ペパりんズクッキング / ウシュか☆丸か
4,85,em-739aae6480ff,男前やできっしん,14,755,2605,4,attack_buff,0.3536,0.4583,99,1,8,いいえ,婆娑羅でどーよ / ヤマさんヤミーさん / ターヌムンゴネキ / 男前やできっしん / ハリウッドナナコ師匠
4,86,em-45dad5139056,ベギン改・修道女,37,4565,4467,4,revive,0.3514,0.5486,100,0,8,いいえ,ハリウッドナナコ師匠 / ヤマさんヤミーさん / トマティーナ少佐 / ベギン改・修道女 / にほりん
4,87,em-08c36f307e1c,3年ε組！エレナ先生,38,4430,4260,3,attack_buff,0.3506,0.5347,99,1,8,いいえ,婆娑羅でどーよ / トマティーナ少佐 / 愛のぴよ子 / 3年ε組！エレナ先生 / わっしょいミカ先生
4,88,em-814b464a2192,ナナホシ,50,5044,5044,3,skill_reduction,0.3505,0.3681,100,0,6,いいえ,婆娑羅でどーよ / アウス大先輩 / 愛のぴよ子 / ナナホシ / おこしんMK-2
4,89,em-a5d6506eec58,瓜だね女中,15,3220,1610,4,heal,0.3469,0.4931,100,0,8,いいえ,ハリウッドナナコ師匠 / ヤマさんヤミーさん / ターヌムンゴネキ / 瓜だね女中 / 美才能♪かの子さん
4,90,em-f4ac535052c1,ɑム・ɑクト・パップ,13,1341,2416,4,heal,0.3459,0.5139,98,2,8,いいえ,ハリウッドナナコ師匠 / ヤマさんヤミーさん / ターヌムンゴネキ / ɑム・ɑクト・パップ / 美才能♪かの子さん
4,91,em-fa48dd1cff0a,祭りだ浅ちゃん！,7,800,1603,4,attack_buff,0.3423,0.4653,70,30,8,いいえ,婆娑羅でどーよ / ペーチパイセン / トマティーナ少佐 / 祭りだ浅ちゃん！ / わっしょいミカ先生
4,92,em-7ba25345ffb0,シーさま,60,4601,4601,3,delay,0.3411,0.3958,99,1,7,いいえ,婆娑羅でどーよ / ペーチパイセン / 愛のぴよ子 / シーさま / ウシュか☆丸か
4,93,em-010ca8278422,伊賀NINJA!,42,1704,5112,3,skill_reduction,0.3408,0.4306,100,0,8,いいえ,婆娑羅でどーよ / ペーチパイセン / トマティーナ少佐 / 伊賀NINJA! / にほりん
4,94,em-cdd7690ef318,京都コーラマン,59,5959,2800,4,damage_reduction,0.3402,0.465,98,2,7,いいえ,婆娑羅でどーよ / ペーチパイセン / 愛のぴよ子 / 京都コーラマン / ウシュか☆丸か
4,95,em-4f0b20692fd7,コンドアーズ,17,273,2120,3,attack_buff,0.3398,0.3958,96,4,8,いいえ,婆娑羅でどーよ / ヤマさんヤミーさん / トマティーナ少佐 / コンドアーズ / 美才能♪かの子さん
4,96,em-0ccc51b405ca,初代畳リーゼント,13,1045,2258,4,attack_buff,0.337,0.4722,100,0,8,いいえ,婆娑羅でどーよ / ペーチパイセン / 花火戦隊サイガーRe / 初代畳リーゼント / にほりん
4,97,em-9372502bc6a4,餞のガブリン,42,1913,5367,4,revive,0.3368,0.5208,100,0,8,いいえ,婆娑羅でどーよ / ペーチパイセン / トマティーナ少佐 / 餞のガブリン / にほりん
4,98,em-6c2ea8631e0d,深海美少年モヅルン,37,5964,2385,3,attribute_guard,0.3359,0.4583,100,0,8,いいえ,ハリウッドナナコ師匠 / ヤマさんヤミーさん / トマティーナ少佐 / 深海美少年モヅルン / にほりん
4,99,em-c25db2f5b4ff,メルヘン☆グリ子,80,9202,3748,4,damage_reduction,0.3345,0.3958,100,0,4,いいえ,ウシュか☆丸か / ペーチパイセン / かずらちゃん / メルヘン☆グリ子 / 鳴子ちゃん
4,100,em-4c03ad40dce9,源のゴライコー,75,7923,6390,4,attack_buff,0.3338,0.3125,99,1,4,いいえ,ケンＺＯ１号 / ペーチパイセン / オリバーTHEトイ / 源のゴライコー / ウシュか☆丸か
4,101,em-b27009a57b71,架けろきしわだっしー,49,1559,6672,3,attack_buff,0.3325,0.3542,100,0,8,いいえ,婆娑羅でどーよ / ペーチパイセン / トマティーナ少佐 / 架けろきしわだっしー / ブラジリアン首都術
4,102,em-2def672b1533,バターリャ後悔王子,30,3213,3213,3,damage_reduction,0.3313,0.5139,98,2,8,いいえ,ハリウッドナナコ師匠 / ヤマさんヤミーさん / トマティーナ少佐 / バターリャ後悔王子 / わっしょいミカ先生
4,103,em-294f61da0084,Ｃ・Ｃ☆電車姫,22,3741,1973,4,attack_buff,0.3311,0.3958,92,8,8,いいえ,婆娑羅でどーよ / ヤマさんヤミーさん / 愛のぴよ子 / Ｃ・Ｃ☆電車姫 / 美才能♪かの子さん
4,104,em-fb54694c6adc,サイガーイエロー,9,357,1057,4,multi_hit_attack,0.3307,0.3889,94,6,8,いいえ,婆娑羅でどーよ / ヤマさんヤミーさん / ターヌムンゴネキ / サイガーイエロー / ハリウッドナナコ師匠
4,105,em-c6e2304d0b02,パプアさん,26,3365,2270,3,damage_reduction,0.3299,0.4375,96,4,8,いいえ,婆娑羅でどーよ / ヤマさんヤミーさん / 愛のぴよ子 / パプアさん / 美才能♪かの子さん
4,106,em-d22cc44e6b53,ニタりん,16,1090,2044,3,multi_hit_attack,0.3289,0.3056,86,14,8,いいえ,婆娑羅でどーよ / ヤマさんヤミーさん / 愛のぴよ子 / ニタりん / 美才能♪かの子さん
4,107,em-c8baf5b3e504,斑鳩の太子くん,36,4260,2896,4,heal,0.3269,0.4653,99,1,8,いいえ,ハリウッドナナコ師匠 / ヤマさんヤミーさん / トマティーナ少佐 / 斑鳩の太子くん / にほりん
4,108,em-39011821f965,さるぼぼぼぼ～ん,12,800,1000,4,aoe_attack,0.3267,0.4097,97,3,8,いいえ,ハリウッドナナコ師匠 / ヤマさんヤミーさん / ターヌムンゴネキ / さるぼぼぼぼ～ん / 美才能♪かの子さん
4,109,em-f3861e35df6f,暗黒王まはーかーらん,47,3731,3926,4,delay,0.3263,0.3472,99,1,8,いいえ,婆娑羅でどーよ / ペーチパイセン / 愛のぴよ子 / 暗黒王まはーかーらん / 美才能♪かの子さん
4,110,em-7e9ffb70cffa,企業だ浅ちゃん！,32,1192,7327,4,attack_buff,0.3262,0.3681,98,2,8,いいえ,婆娑羅でどーよ / ヤマさんヤミーさん / トマティーナ少佐 / 企業だ浅ちゃん！ / ハリウッドナナコ師匠
4,111,em-54cb13a72721,不思議の海のモヅルン,60,6475,4941,3,attribute_guard,0.3257,0.4514,99,1,7,いいえ,婆娑羅でどーよ / ペーチパイセン / 愛のぴよ子 / 不思議の海のモヅルン / ウシュか☆丸か
4,112,em-27802083d7f5,チュニスさん,50,5964,3919,4,skill_reduction,0.325,0.3333,100,0,6,いいえ,婆娑羅でどーよ / アウス大先輩 / 愛のぴよ子 / チュニスさん / おこしんMK-2
4,113,em-6870ddfd0fbb,大道芸！エʃ＆エʒ,12,1661,1661,3,skill_reduction,0.3246,0.4444,97,3,8,いいえ,ハリウッドナナコ師匠 / ヤマさんヤミーさん / ターヌムンゴネキ / 大道芸！エʃ＆エʒ / 美才能♪かの子さん
4,114,em-4805525cb8a4,ｴﾝｾﾞﾘｯｸ☆エンゼル,60,6816,4771,3,heal,0.3241,0.4653,99,1,7,いいえ,婆娑羅でどーよ / ペーチパイセン / 愛のぴよ子 / ｴﾝｾﾞﾘｯｸ☆エンゼル / ウシュか☆丸か
4,115,em-28a408b64836,真・銘菓ぴよ子,12,795,815,3,multi_hit_attack,0.3241,0.4028,97,3,8,いいえ,ハリウッドナナコ師匠 / ヤマさんヤミーさん / ターヌムンゴネキ / 真・銘菓ぴよ子 / 美才能♪かの子さん
4,116,em-83399e4df86b,必罰のエルフ,18,2093,3281,4,attack_buff,0.3231,0.3889,97,3,8,いいえ,婆娑羅でどーよ / ヤマさんヤミーさん / トマティーナ少佐 / 必罰のエルフ / 美才能♪かの子さん
4,117,em-8d98226e5962,玉稜の首領・たまうー,29,3067,4260,4,delay,0.3229,0.3819,99,1,8,いいえ,婆娑羅でどーよ / ヤマさんヤミーさん / 愛のぴよ子 / 玉稜の首領・たまうー / 美才能♪かの子さん
4,118,em-b041a6f6cf00,テヅルモヅルン,37,5367,2147,3,attribute_guard,0.3228,0.4514,100,0,8,いいえ,ハリウッドナナコ師匠 / ヤマさんヤミーさん / トマティーナ少佐 / テヅルモヅルン / にほりん
4,119,em-e1a6af095fc1,驀進叡智通,7,450,530,4,attack_buff,0.3222,0.4653,70,30,8,いいえ,婆娑羅でどーよ / ペーチパイセン / トマティーナ少佐 / 驀進叡智通 / わっしょいミカ先生
4,120,em-271fbedbbf39,レオ,22,2737,2093,4,damage_reduction,0.3218,0.4653,80,20,8,いいえ,婆娑羅でどーよ / ペーチパイセン / トマティーナ少佐 / レオ / にほりん
4,121,em-276d7f996bbe,竜也エボリューション,49,2044,6305,3,attack_buff,0.3206,0.3403,95,5,8,いいえ,婆娑羅でどーよ / ペーチパイセン / トマティーナ少佐 / 竜也エボリューション / 大森さん
4,122,em-7b3f53eed84e,?????,14,1380,2675,4,attack_buff,0.3201,0.4931,100,0,8,いいえ,アウス大先輩 / ペーチパイセン / 花火戦隊サイガーRe / ????? / にほりん
4,123,em-076deec8d0c8,羊蟹☆こ祝いくん,24,2093,2737,3,delay,0.3199,0.4236,100,0,8,いいえ,婆娑羅でどーよ / ヤマさんヤミーさん / トマティーナ少佐 / 羊蟹☆こ祝いくん / にほりん
4,124,em-c4b0b6848f16,?????,17,2828,2470,3,skill_reduction,0.3198,0.3819,98,2,8,いいえ,婆娑羅でどーよ / 北間・クラリス嬢 / ターヌムンゴネキ / ????? / 美才能♪かの子さん
4,125,em-0d48fb639618,どうする？リオンさん,18,2093,2737,3,delay,0.3175,0.3889,99,1,8,いいえ,婆娑羅でどーよ / 北間・クラリス嬢 / ターヌムンゴネキ / どうする？リオンさん / 美才能♪かの子さん
4,126,em-960c8d1446c2,GC・アガッシィΩ,42,3578,3578,4,multi_hit_attack,0.3151,0.4375,100,0,8,いいえ,婆娑羅でどーよ / ペーチパイセン / トマティーナ少佐 / GC・アガッシィΩ / にほりん
4,127,em-7941e8376c00,堕楽・ぴよボロス,46,756,7572,4,attack_buff,0.3131,0.375,97,3,8,いいえ,婆娑羅でどーよ / ペーチパイセン / トマティーナ少佐 / 堕楽・ぴよボロス / おこしんMK-2
4,128,em-cbed7e550323,ちわっしータミ,12,2249,1376,3,heal,0.3125,0.4792,97,3,8,いいえ,ハリウッドナナコ師匠 / ヤマさんヤミーさん / ターヌムンゴネキ / ちわっしータミ / 美才能♪かの子さん
4,129,em-9ac3c0929f90,オコオコ,11,1704,1704,3,attack_buff,0.3113,0.4861,97,3,8,いいえ,ハリウッドナナコ師匠 / ヤマさんヤミーさん / ターヌムンゴネキ / オコオコ / 聖☆いんてぃないか
4,130,em-e49404c0e4be,?????,43,5350,2712,3,attack_buff,0.3099,0.4653,95,5,8,いいえ,婆娑羅でどーよ / ペーチパイセン / 愛のぴよ子 / ????? / 美才能♪かの子さん
4,131,em-fea44f2a7dd8,だが男だ彦にゃん,15,2793,1132,3,skill_reduction,0.3085,0.4097,100,0,8,いいえ,ハリウッドナナコ師匠 / ヤマさんヤミーさん / ターヌムンゴネキ / だが男だ彦にゃん / 美才能♪かの子さん
4,132,em-f7f78d464e92,ウミウサーヌ,60,3408,4601,3,guard,0.3079,0.4097,99,1,7,いいえ,婆娑羅でどーよ / ペーチパイセン / 愛のぴよ子 / ウミウサーヌ / ウシュか☆丸か
4,133,em-c08850a0aec0,いなば☆うわぁああ！,20,2579,3220,4,skill_reduction,0.3077,0.3542,90,10,8,いいえ,婆娑羅でどーよ / ヤマさんヤミーさん / 愛のぴよ子 / いなば☆うわぁああ！ / 美才能♪かの子さん
4,134,em-24b5b550f587,ジョロウグモ,10,937,2113,3,damage_reduction,0.3074,0.5069,100,0,8,いいえ,婆娑羅でどーよ / ヤマさんヤミーさん / 巳ーちゃん / ジョロウグモ / わっしょいミカ先生
4,135,em-ae529aca2139,夜鳥の会会長,35,3408,4260,3,attribute_change,0.3071,0.4306,95,5,8,いいえ,婆娑羅でどーよ / ヤマさんヤミーさん / 愛のぴよ子 / 夜鳥の会会長 / おこしんMK-2
4,136,em-ad0fa41f1980,輝け！叡智通,12,1102,1300,4,attack_buff,0.3063,0.4028,97,3,8,いいえ,婆娑羅でどーよ / ヤマさんヤミーさん / ターヌムンゴネキ / 輝け！叡智通 / ハリウッドナナコ師匠
4,137,em-f14da6dc7d26,チャイナさん,15,606,1876,4,attack_buff,0.3054,0.4792,100,0,8,いいえ,ハリウッドナナコ師匠 / ヤマさんヤミーさん / ターヌムンゴネキ / チャイナさん / 美才能♪かの子さん
4,138,em-7e35b72ac7e4,琵琶子ｲﾘｭｰｼﾞｮﾝ！,13,1809,1190,3,damage_reduction,0.3054,0.4375,99,1,8,いいえ,アウス大先輩 / ペーチパイセン / 花火戦隊サイガーRe / 琵琶子ｲﾘｭｰｼﾞｮﾝ！ / にほりん
4,139,em-124d2df2b85e,ディオクレ君,23,2416,1449,4,skill_reduction,0.3043,0.4028,99,1,8,いいえ,婆娑羅でどーよ / ヤマさんヤミーさん / トマティーナ少佐 / ディオクレ君 / にほりん
4,140,em-504b87d4019a,ニタリくん,16,817,1533,3,multi_hit_attack,0.3036,0.2917,97,3,8,いいえ,婆娑羅でどーよ / 北間・クラリス嬢 / ターヌムンゴネキ / ニタリくん / 美才能♪かの子さん
4,141,em-29cc8a9cf9cd,ビール売りの小娘,18,1516,3638,3,skill_reduction,0.3034,0.3681,99,1,8,いいえ,婆娑羅でどーよ / 北間・クラリス嬢 / ターヌムンゴネキ / ビール売りの小娘 / 美才能♪かの子さん
4,142,em-109e54a3645a,グラン・プラスの魔女,38,1499,3404,3,guard,0.3023,0.4306,98,2,8,いいえ,婆娑羅でどーよ / ヤマさんヤミーさん / 愛のぴよ子 / グラン・プラスの魔女 / おこしんMK-2
4,143,em-c46238c7c677,ケラ,70,3067,7157,3,attack_buff,0.3017,0.2708,98,2,4,いいえ,じとっ子 / ファジル先生 / 愛のぴよ子 / ケラ / ハリウッドナナコ師匠
4,144,em-ae8585ed525d,一服のうっぴー,46,6475,3408,3,heal,0.3011,0.4653,98,2,8,いいえ,婆娑羅でどーよ / ペーチパイセン / 愛のぴよ子 / 一服のうっぴー / 美才能♪かの子さん
4,145,em-4e9bf489ecd9,怒りのマッキニキ,14,2416,1359,3,damage_reduction,0.3007,0.4861,95,5,8,いいえ,婆娑羅でどーよ / ヤマさんヤミーさん / トマティーナ少佐 / 怒りのマッキニキ / わっしょいミカ先生
4,146,em-d239e5e972de,ズンビーフック,17,2012,3220,4,multi_hit_attack,0.3007,0.4375,97,3,8,いいえ,婆娑羅でどーよ / ヤマさんヤミーさん / コンドアーズ / ズンビーフック / 美才能♪かの子さん
4,147,em-d74e6be8b4b9,クビキリギス,40,3800,3544,4,damage_reduction,0.3001,0.4234,99,1,8,いいえ,婆娑羅でどーよ / 北間・クラリス嬢 / トマティーナ少佐 / クビキリギス / にほりん
4,148,em-e2c8365ae02e,ɔリバーくん,10,704,1689,3,attack_buff,0.2974,0.4236,95,5,8,いいえ,婆娑羅でどーよ / ヤマさんヤミーさん / ターヌムンゴネキ / ɔリバーくん / ハリウッドナナコ師匠
4,149,em-c879fe74178e,唸る！叡智通,5,370,410,4,attack_buff,0.2966,0.4375,68,32,8,いいえ,婆娑羅でどーよ / ペーチパイセン / トマティーナ少佐 / 唸る！叡智通 / わっしょいミカ先生
4,150,em-bbda291d459c,漆黒及び純白のポワン,20,1704,2896,3,guard,0.296,0.4097,90,10,8,いいえ,婆娑羅でどーよ / ヤマさんヤミーさん / 愛のぴよ子 / 漆黒及び純白のポワン / 美才能♪かの子さん
4,151,em-75066f4bfd55,くーにょん,6,600,700,4,attack_buff,0.2958,0.4375,69,31,8,いいえ,婆娑羅でどーよ / ペーチパイセン / トマティーナ少佐 / くーにょん / わっしょいミカ先生
4,152,em-40bd3b1e44fa,五月病の悪魔の契約,55,4123,4226,4,aoe_attack,0.2956,0.4028,100,0,7,いいえ,ハリウッドナナコ師匠 / ペーチパイセン / トマティーナ少佐 / 五月病の悪魔の契約 / にほりん
4,153,em-22dd126a0f3a,どーん竜馬,17,2898,2898,3,attack_buff,0.2935,0.375,87,13,8,いいえ,婆娑羅でどーよ / ヤマさんヤミーさん / 愛のぴよ子 / どーん竜馬 / 美才能♪かの子さん
4,154,em-e795d2bbe2f0,北政所ねね様,60,5623,4601,3,attribute_guard,0.2934,0.4306,99,1,7,いいえ,婆娑羅でどーよ / ペーチパイセン / 愛のぴよ子 / 北政所ねね様 / ハリウッドナナコ師匠
4,155,em-950c6a19b78f,竹輪総理,6,250,1100,3,attack_buff,0.2933,0.4306,69,31,8,いいえ,婆娑羅でどーよ / ペーチパイセン / トマティーナ少佐 / 竹輪総理 / わっしょいミカ先生
4,156,em-5ad05ec11a09,三連星のオコオコ,37,3834,3834,3,multi_hit_attack,0.2927,0.4028,100,0,8,いいえ,ハリウッドナナコ師匠 / ヤマさんヤミーさん / トマティーナ少佐 / 三連星のオコオコ / にほりん
4,157,em-6fd11d4d3308,超天狗くまのたん,35,1704,7497,3,attack_buff,0.2916,0.3472,95,5,8,いいえ,婆娑羅でどーよ / ヤマさんヤミーさん / 愛のぴよ子 / 超天狗くまのたん / おこしんMK-2
4,158,em-a0601347b042,グラーツ君,36,2896,5282,3,attack_buff,0.2903,0.4375,99,1,8,いいえ,ハリウッドナナコ師匠 / ヤマさんヤミーさん / トマティーナ少佐 / グラーツ君 / にほりん
4,159,em-8527b3dd869a,帰って来たいぬやマン,21,1661,1661,4,attack_buff,0.2893,0.3472,91,9,8,いいえ,婆娑羅でどーよ / ヤマさんヤミーさん / 愛のぴよ子 / 帰って来たいぬやマン / 美才能♪かの子さん
4,160,em-ea000314e767,ＫＲ２ジョー少佐,13,921,2476,3,attack_buff,0.2892,0.4722,100,0,8,いいえ,婆娑羅でどーよ / ペーチパイセン / 花火戦隊サイガーRe / ＫＲ２ジョー少佐 / にほりん
4,161,em-572c57cf5e18,湘南大水曜日ボーイ,28,2044,5623,4,attack_buff,0.2886,0.4444,99,1,8,いいえ,婆娑羅でどーよ / ヤマさんヤミーさん / 愛のぴよ子 / 湘南大水曜日ボーイ / 聖☆いんてぃないか
4,162,em-9cbbb04818bd,シミ,20,1704,2215,4,heal,0.2867,0.3958,90,10,8,いいえ,婆娑羅でどーよ / ヤマさんヤミーさん / 愛のぴよ子 / シミ / 美才能♪かの子さん
4,163,em-9ec6297ea6ca,バスてとにゃん,38,4260,4771,3,attack_buff,0.2865,0.4236,100,0,8,いいえ,婆娑羅でどーよ / ペーチパイセン / トマティーナ少佐 / バスてとにゃん / 聖☆いんてぃないか
4,164,em-471b1ba55d5c,有馬んば,13,1413,1244,4,heal,0.286,0.4375,98,2,8,いいえ,ハリウッドナナコ師匠 / ヤマさんヤミーさん / ターヌムンゴネキ / 有馬んば / 美才能♪かの子さん
4,165,em-2d728f34a59e,へーい竜馬,14,1500,1500,3,attack_buff,0.2856,0.4097,99,1,8,いいえ,婆娑羅でどーよ / ヤマさんヤミーさん / ターヌムンゴネキ / へーい竜馬 / ハリウッドナナコ師匠
4,166,em-3e1bbfb34a76,芳一大師匠,14,1128,1269,4,revive,0.2849,0.4792,99,1,8,いいえ,ハリウッドナナコ師匠 / ヤマさんヤミーさん / ターヌムンゴネキ / 芳一大師匠 / 美才能♪かの子さん
4,167,em-04bcad8262b9,現実リオンさん,12,700,1300,4,delay,0.2845,0.4236,97,3,8,いいえ,ハリウッドナナコ師匠 / ヤマさんヤミーさん / ターヌムンゴネキ / 現実リオンさん / 美才能♪かの子さん
4,168,em-5d524aa44032,元祖・銘菓ぴよ子,8,605,625,4,multi_hit_attack,0.2819,0.3681,93,7,8,いいえ,婆娑羅でどーよ / ヤマさんヤミーさん / ターヌムンゴネキ / 元祖・銘菓ぴよ子 / ハリウッドナナコ師匠
4,169,em-845e49247e45,ウサポワン海人,20,1533,2607,3,guard,0.2806,0.3889,90,10,8,いいえ,婆娑羅でどーよ / ヤマさんヤミーさん / 愛のぴよ子 / ウサポワン海人 / 美才能♪かの子さん
4,170,em-49b522eac464,ジェヴォたんは狼？,43,3006,6022,4,multi_hit_attack,0.2804,0.375,95,5,8,いいえ,婆娑羅でどーよ / ペーチパイセン / 愛のぴよ子 / ジェヴォたんは狼？ / 美才能♪かの子さん
4,171,em-05476daa6b31,だんじり鉄砲隊,26,805,3599,4,attack_buff,0.2785,0.3333,96,4,8,いいえ,婆娑羅でどーよ / ヤマさんヤミーさん / 愛のぴよ子 / だんじり鉄砲隊 / 美才能♪かの子さん
4,172,em-7e4426102b17,タンジャンじゃん,22,3139,3139,3,revive,0.2782,0.4514,93,7,8,いいえ,アウス大先輩 / トマティーナ少佐 / 大患部！ぴよ子大佐 / タンジャンじゃん / わっしょいミカ先生
4,173,em-28f044d525d7,スーリヤ様が見てる,7,489,1446,3,skill_reduction,0.2772,0.3819,92,8,8,いいえ,婆娑羅でどーよ / ヤマさんヤミーさん / ターヌムンゴネキ / スーリヤ様が見てる / ハリウッドナナコ師匠
4,174,em-db7ee0abcada,ＫＲ２ジョーの戦い,30,2385,4601,3,damage_reduction,0.2757,0.4097,100,0,8,いいえ,婆娑羅でどーよ / ヤマさんヤミーさん / 愛のぴよ子 / ＫＲ２ジョーの戦い / 美才能♪かの子さん
4,175,em-fd76872dafaf,くまのたん,8,300,920,3,attack_buff,0.2755,0.4097,93,7,8,いいえ,婆娑羅でどーよ / ヤマさんヤミーさん / ターヌムンゴネキ / くまのたん / ハリウッドナナコ師匠
4,176,em-9d511711422e,禍殃☆ももとふ姫,17,2737,3059,3,heal,0.274,0.4167,98,2,8,いいえ,婆娑羅でどーよ / 北間・クラリス嬢 / ターヌムンゴネキ / 禍殃☆ももとふ姫 / 美才能♪かの子さん
4,177,em-900d96f0b1d7,修験くまのたん,12,400,1200,3,attack_buff,0.2738,0.4028,97,3,8,いいえ,婆娑羅でどーよ / ヤマさんヤミーさん / ターヌムンゴネキ / 修験くまのたん / ハリウッドナナコ師匠
4,178,em-b9ee6ac8db32,爆走！えるたそ,13,2114,1661,4,attack_buff,0.2729,0.4375,100,0,8,いいえ,婆娑羅でどーよ / ペーチパイセン / 花火戦隊サイガーRe / 爆走！えるたそ / にほりん
4,179,em-d51ded51621f,華麗なる塚ジェンヌ,13,1684,1676,3,revive,0.2724,0.4792,98,2,8,いいえ,ハリウッドナナコ師匠 / ヤマさんヤミーさん / ターヌムンゴネキ / 華麗なる塚ジェンヌ / 美才能♪かの子さん
4,180,em-a81a753351d9,戸定梨香,28,3216,3534,4,revive,0.2709,0.4375,98,2,8,いいえ,婆娑羅でどーよ / ヤマさんヤミーさん / 愛のぴよ子 / 戸定梨香 / 美才能♪かの子さん
4,181,em-e73e837049b5,ｿﾞﾝﾋﾞｶﾞｰﾙ･ガブリン,28,1366,3834,4,revive,0.2706,0.4375,97,3,8,いいえ,婆娑羅でどーよ / ヤマさんヤミーさん / トマティーナ少佐 / ｿﾞﾝﾋﾞｶﾞｰﾙ･ガブリン / おこしんMK-2
4,182,em-8cb75e870411,マンいーたち,50,3408,6816,4,aoe_attack,0.2704,0.3472,100,0,6,いいえ,婆娑羅でどーよ / アウス大先輩 / 愛のぴよ子 / マンいーたち / おこしんMK-2
4,183,em-f439af6dc206,さんとくん大先生,12,3020,755,3,delay,0.27,0.3819,97,3,8,いいえ,ハリウッドナナコ師匠 / ヤマさんヤミーさん / ターヌムンゴネキ / さんとくん大先生 / 美才能♪かの子さん
4,184,em-9f9bdf00a915,ハンドフィッシュさん,27,1635,2862,3,damage_reduction,0.27,0.3819,97,3,8,いいえ,婆娑羅でどーよ / ヤマさんヤミーさん / 愛のぴよ子 / ハンドフィッシュさん / 美才能♪かの子さん
4,185,em-de449f69edb5,タミフルニキ,14,1257,1147,3,damage_reduction,0.2696,0.4722,95,5,8,いいえ,婆娑羅でどーよ / ヤマさんヤミーさん / トマティーナ少佐 / タミフルニキ / わっしょいミカ先生
4,186,em-cf5373dcdc2a,コンゴーニャスパス,17,1886,1723,3,guard,0.2692,0.3681,98,2,8,いいえ,婆娑羅でどーよ / 北間・クラリス嬢 / ターヌムンゴネキ / コンゴーニャスパス / 美才能♪かの子さん
4,187,em-e3dd4898ff56,ﾃﾗももたろす,15,1600,1600,3,attribute_change,0.2691,0.4792,100,0,8,いいえ,ハリウッドナナコ師匠 / ヤマさんヤミーさん / ターヌムンゴネキ / ﾃﾗももたろす / 美才能♪かの子さん
4,188,em-6aaeda4f2f3a,ギガキプ☆アガッシイ,35,2726,2726,4,multi_hit_attack,0.2678,0.3681,98,2,8,いいえ,ハリウッドナナコ師匠 / ヤマさんヤミーさん / トマティーナ少佐 / ギガキプ☆アガッシイ / にほりん
4,189,em-0e376d1892df,メネリくん一世,72,6134,3067,4,guard,0.2674,0.2569,96,4,4,いいえ,じとっ子 / ペーチパイセン / 竹輪総理 / メネリくん一世 / 大森銀さん
4,190,em-d295de1e4086,海の日シスターズ♪,40,3823,4657,4,attack_buff,0.265,0.3958,100,0,8,いいえ,婆娑羅でどーよ / トマティーナ少佐 / 愛のぴよ子 / 海の日シスターズ♪ / 聖☆いんてぃないか
4,191,em-40f4824b1c65,芋煮千十郎,9,1901,502,4,multi_hit_attack,0.264,0.3611,94,6,8,いいえ,婆娑羅でどーよ / ヤマさんヤミーさん / ターヌムンゴネキ / 芋煮千十郎 / ハリウッドナナコ師匠
4,192,em-7b2daf42204c,モモトじゃねーの?,14,1400,1600,3,heal,0.2635,0.4444,99,1,8,いいえ,ハリウッドナナコ師匠 / ヤマさんヤミーさん / ターヌムンゴネキ / モモトじゃねーの? / 美才能♪かの子さん
4,193,em-25fed9fde1ce,かっさーWoo！,16,1131,2403,4,attack_buff,0.2631,0.3333,86,14,8,いいえ,婆娑羅でどーよ / ヤマさんヤミーさん / 愛のぴよ子 / かっさーWoo！ / 美才能♪かの子さん
4,194,em-58dbb7bc9653,六点魔王ノッブ,58,3408,5964,3,multi_hit_attack,0.2629,0.3472,100,0,7,いいえ,婆娑羅でどーよ / ペーチパイセン / 愛のぴよ子 / 六点魔王ノッブ / おこしんMK-2
4,195,em-74e8fc67e60c,竹輪大臣,5,200,900,4,attack_buff,0.2627,0.4167,68,32,8,いいえ,婆娑羅でどーよ / ペーチパイセン / トマティーナ少佐 / 竹輪大臣 / わっしょいミカ先生
4,196,em-20d0672eefa5,実際かにろう,8,1269,987,4,delay,0.259,0.3819,93,7,8,いいえ,婆娑羅でどーよ / ヤマさんヤミーさん / ターヌムンゴネキ / 実際かにろう / ハリウッドナナコ師匠
4,197,em-02e0499d8e24,朱雀,36,4430,4941,4,attack_buff,0.2588,0.4028,96,4,8,いいえ,婆娑羅でどーよ / ヤマさんヤミーさん / 愛のぴよ子 / 朱雀 / おこしんMK-2
4,198,em-a3fc429e3d74,にくぁうさま,15,606,1876,4,attack_buff,0.2585,0.4583,100,0,8,いいえ,ハリウッドナナコ師匠 / ヤマさんヤミーさん / ターヌムンゴネキ / にくぁうさま / 美才能♪かの子さん
4,199,em-6e472849dc37,ほーい竜馬,12,1100,1100,3,attack_buff,0.2583,0.4097,97,3,8,いいえ,婆娑羅でどーよ / ヤマさんヤミーさん / ターヌムンゴネキ / ほーい竜馬 / ハリウッドナナコ師匠
4,200,em-11f22e87203d,骨喰　花蟲,60,2300,5708,4,revive,0.2583,0.375,99,1,7,いいえ,婆娑羅でどーよ / ペーチパイセン / 愛のぴよ子 / 骨喰　花蟲 / ウシュか☆丸か
4,201,em-d3961c13041f,光るぜ！よりりん,15,1200,1200,3,attribute_change,0.258,0.4653,100,0,8,いいえ,ハリウッドナナコ師匠 / ヤマさんヤミーさん / ターヌムンゴネキ / 光るぜ！よりりん / 美才能♪かの子さん
4,202,em-5a100f5215c1,オリバーTHEトイ,6,300,600,3,attack_buff,0.2578,0.4306,69,31,8,いいえ,婆娑羅でどーよ / ペーチパイセン / トマティーナ少佐 / オリバーTHEトイ / わっしょいミカ先生
4,203,em-fc400150cadd,サンタぴよ子,10,1173,1173,4,skill_reduction,0.2573,0.375,95,5,8,いいえ,婆娑羅でどーよ / ヤマさんヤミーさん / ターヌムンゴネキ / サンタぴよ子 / ハリウッドナナコ師匠
4,204,em-ebd6f9bf2bee,中野華蓮(日本人),17,1516,3638,4,attack_buff,0.2572,0.3472,87,13,8,いいえ,婆娑羅でどーよ / ヤマさんヤミーさん / 愛のぴよ子 / 中野華蓮(日本人) / 美才能♪かの子さん
4,205,em-e42e99273751,輪島のうるっしー,12,1200,500,4,guard,0.2571,0.4167,97,3,8,いいえ,ハリウッドナナコ師匠 / ヤマさんヤミーさん / ターヌムンゴネキ / 輪島のうるっしー / 美才能♪かの子さん
4,206,em-c89260e1ef3b,曲芸師・ブンブク,60,6305,2996,4,revive,0.2569,0.4098,99,1,7,いいえ,婆娑羅でどーよ / ペーチパイセン / 愛のぴよ子 / 曲芸師・ブンブク / ウシュか☆丸か
4,207,em-7a89b660417d,くーちゃん,5,400,500,4,attack_buff,0.2549,0.4028,68,32,8,いいえ,婆娑羅でどーよ / ペーチパイセン / トマティーナ少佐 / くーちゃん / わっしょいミカ先生
4,208,em-698af6462642,反魂タン昼食TIME,32,3067,5623,4,attack_buff,0.2546,0.3889,88,12,8,いいえ,婆娑羅でどーよ / トマティーナ少佐 / コンドアーズ / 反魂タン昼食TIME / ウシュか☆丸か
4,209,em-0a74c35caba2,畳リーゼント総長,10,512,912,4,attack_buff,0.2544,0.3958,95,5,8,いいえ,婆娑羅でどーよ / ヤマさんヤミーさん / ターヌムンゴネキ / 畳リーゼント総長 / ハリウッドナナコ師匠
4,210,em-da69b63392e4,手品師！エッシュさん,6,600,600,4,skill_reduction,0.2535,0.4306,69,31,8,いいえ,婆娑羅でどーよ / ペーチパイセン / トマティーナ少佐 / 手品師！エッシュさん / わっしょいミカ先生
4,211,em-2e3e250aef5e,IMO NI FESTIVAL 2018,14,1837,1161,3,aoe_attack,0.2533,0.4028,100,0,8,いいえ,ハリウッドナナコ師匠 / ヤマさんヤミーさん / ターヌムンゴネキ / IMO NI FESTIVAL 2018 / 聖☆いんてぃないか
4,212,em-419c23e0ec81,新生☆ＢＴ５!!,35,3287,3615,3,damage_reduction,0.253,0.3819,98,2,8,いいえ,ハリウッドナナコ師匠 / ヤマさんヤミーさん / トマティーナ少佐 / 新生☆ＢＴ５!! / にほりん
4,213,em-9ffce070b31f,レモなんとかさん,40,5793,2215,3,revive,0.2523,0.4167,100,0,8,いいえ,婆娑羅でどーよ / ヤマさんヤミーさん / 愛のぴよ子 / レモなんとかさん / おこしんMK-2
4,214,em-81078d011501,年齢不詳！エンゼル様,22,2215,3237,3,heal,0.2521,0.4167,93,7,8,いいえ,アウス大先輩 / トマティーナ少佐 / 大患部！ぴよ子大佐 / 年齢不詳！エンゼル様 / わっしょいミカ先生
4,215,em-d0639c20e6b1,ユーコ☆宇宙,24,4260,2556,4,revive,0.252,0.4097,100,0,8,いいえ,婆娑羅でどーよ / ヤマさんヤミーさん / トマティーナ少佐 / ユーコ☆宇宙 / にほりん
4,216,em-31f11b9a8df8,ももとふFREEダム,40,3408,4260,3,heal,0.252,0.3958,96,4,8,いいえ,婆娑羅でどーよ / トマティーナ少佐 / コンドアーズ / ももとふFREEダム / ウシュか☆丸か
4,217,em-14092b64f08d,コハク糖の魔導師,46,4379,5367,3,attribute_change,0.2508,0.4028,98,2,8,いいえ,婆娑羅でどーよ / ペーチパイセン / 愛のぴよ子 / コハク糖の魔導師 / 美才能♪かの子さん
4,218,em-53084d488de2,川越ザ・サード,15,666,1607,4,attack_buff,0.2506,0.4444,100,0,8,いいえ,ハリウッドナナコ師匠 / ヤマさんヤミーさん / ターヌムンゴネキ / 川越ザ・サード / 美才能♪かの子さん
4,219,em-f9ca1348e6ed,斎王代「鵺」,48,6884,3748,3,attribute_change,0.2501,0.3889,100,0,8,いいえ,婆娑羅でどーよ / ペーチパイセン / 愛のぴよ子 / 斎王代「鵺」 / 美才能♪かの子さん
4,220,em-301c11f4a1d7,ウサポワンちゃん,20,1363,2317,3,guard,0.2499,0.3403,99,1,8,いいえ,婆娑羅でどーよ / ヤマさんヤミーさん / トマティーナ少佐 / ウサポワンちゃん / 美才能♪かの子さん
4,221,em-28a4ccf4cbfc,ステンバーイちび蔵,24,596,3748,4,revive,0.2492,0.4375,100,0,8,いいえ,婆娑羅でどーよ / ヤマさんヤミーさん / トマティーナ少佐 / ステンバーイちび蔵 / にほりん
4,222,em-dce9e83b7c07,長靴履いたなろう猫,42,3786,2726,3,attribute_change,0.2485,0.4167,100,0,8,いいえ,婆娑羅でどーよ / ペーチパイセン / トマティーナ少佐 / 長靴履いたなろう猫 / にほりん
4,223,em-6a28c73fe6b3,はーい竜馬,8,900,900,3,attack_buff,0.2478,0.3889,93,7,8,いいえ,婆娑羅でどーよ / ヤマさんヤミーさん / ターヌムンゴネキ / はーい竜馬 / ハリウッドナナコ師匠
4,224,em-900c465878ea,たたらん先生,12,800,600,3,attack_buff,0.2477,0.3889,97,3,8,いいえ,婆娑羅でどーよ / ヤマさんヤミーさん / ターヌムンゴネキ / たたらん先生 / ハリウッドナナコ師匠
4,225,em-7a5536e43124,因幡WAHHH!!,31,3578,4771,4,attack_buff,0.2475,0.3819,91,9,8,いいえ,婆娑羅でどーよ / ヤマさんヤミーさん / 愛のぴよ子 / 因幡WAHHH!! / おこしんMK-2
4,226,em-0f4d66009260,叡智通,4,280,332,4,attack_buff,0.2466,0.3958,67,33,8,いいえ,婆娑羅でどーよ / ペーチパイセン / トマティーナ少佐 / 叡智通 / わっしょいミカ先生
4,227,em-b4a2096551c5,金閣明日香,15,1201,1343,4,revive,0.2463,0.4514,100,0,8,いいえ,ハリウッドナナコ師匠 / ヤマさんヤミーさん / ターヌムンゴネキ / 金閣明日香 / 美才能♪かの子さん
4,228,em-bc514db974f0,化石人骨ルーシー,23,3783,2173,3,revive,0.2455,0.4097,99,1,8,いいえ,婆娑羅でどーよ / ヤマさんヤミーさん / トマティーナ少佐 / 化石人骨ルーシー / にほりん
4,229,em-cf71633a3be4,真・やよいチゥりっぷ,12,1500,300,3,attribute_change,0.2452,0.3889,97,3,8,いいえ,婆娑羅でどーよ / ヤマさんヤミーさん / ターヌムンゴネキ / 真・やよいチゥりっぷ / ハリウッドナナコ師匠
4,230,em-d5d58dc5e468,子供神・わらしちゃん,7,565,1131,4,delay,0.2447,0.3611,92,8,8,いいえ,婆娑羅でどーよ / ヤマさんヤミーさん / ターヌムンゴネキ / 子供神・わらしちゃん / ハリウッドナナコ師匠
4,231,em-6e1b672bdbe8,いやひこにゃん,18,2718,1057,3,delay,0.2436,0.3264,99,1,8,いいえ,婆娑羅でどーよ / 北間・クラリス嬢 / ターヌムンゴネキ / いやひこにゃん / 美才能♪かの子さん
4,232,em-41ff91d7d090,有馬スター,9,1159,1244,4,heal,0.2434,0.3611,99,1,8,いいえ,婆娑羅でどーよ / ヤマさんヤミーさん / 愛のぴよ子 / 有馬スター / 財閥だ浅ちゃん！
4,233,em-7fdcbcbf0ae4,ももとふさん,12,1000,1200,3,heal,0.2427,0.4236,97,3,8,いいえ,ハリウッドナナコ師匠 / ヤマさんヤミーさん / ターヌムンゴネキ / ももとふさん / 美才能♪かの子さん
4,234,em-e36d35de9441,青谷やよい,42,3578,3374,4,damage_reduction,0.2426,0.4028,100,0,8,いいえ,婆娑羅でどーよ / ペーチパイセン / トマティーナ少佐 / 青谷やよい / にほりん
4,235,em-3ea6ac9a0933,オリバーWITHソー,8,400,800,3,attack_buff,0.2425,0.375,93,7,8,いいえ,婆娑羅でどーよ / ヤマさんヤミーさん / ターヌムンゴネキ / オリバーWITHソー / ハリウッドナナコ師匠
4,236,em-3ff69ed35fe7,wiーん・ザ・ウルフ,19,2898,2898,4,attribute_change,0.2413,0.3819,100,0,8,いいえ,婆娑羅でどーよ / 北間・クラリス嬢 / ターヌムンゴネキ / wiーん・ザ・ウルフ / 美才能♪かの子さん
4,237,em-34853ed0f0f8,ユーコちゃん,24,2556,1533,4,revive,0.241,0.4306,100,0,8,いいえ,婆娑羅でどーよ / ヤマさんヤミーさん / トマティーナ少佐 / ユーコちゃん / にほりん
4,238,em-4a86c88e71a1,デンマーくん,3,600,300,3,guard,0.2409,0.3542,100,0,8,いいえ,上級国民ロヴィーサ / トマティーナ少佐 / アウス大先輩 / デンマーくん / わっしょいミカ先生
4,239,em-1e4dd5118669,三春瀧さくら,38,3919,3408,4,damage_reduction,0.2405,0.3819,98,2,8,いいえ,婆娑羅でどーよ / ヤマさんヤミーさん / 愛のぴよ子 / 三春瀧さくら / おこしんMK-2
4,240,em-7d756ba8373e,謹賀新年のびゃこ,47,2300,6219,4,attack_buff,0.2401,0.3542,99,1,8,いいえ,婆娑羅でどーよ / ペーチパイセン / 愛のぴよ子 / 謹賀新年のびゃこ / 美才能♪かの子さん
4,241,em-a62aee8d3548,レゲエじゃまいか,40,5453,3748,4,revive,0.2392,0.375,100,0,8,いいえ,婆娑羅でどーよ / ヤマさんヤミーさん / 愛のぴよ子 / レゲエじゃまいか / おこしんMK-2
4,242,em-ae9fd7e6b2dc,ヘヴィなじとっ子君,8,607,1795,4,attack_buff,0.2391,0.4028,93,7,8,いいえ,婆娑羅でどーよ / ヤマさんヤミーさん / ターヌムンゴネキ / ヘヴィなじとっ子君 / ハリウッドナナコ師匠
4,243,em-e6cd26662fe8,クイーン・ク・うぃーん,15,1500,1500,4,attribute_change,0.2389,0.4236,100,0,8,いいえ,ハリウッドナナコ師匠 / ヤマさんヤミーさん / ターヌムンゴネキ / クイーン・ク・うぃーん / 美才能♪かの子さん
4,244,em-01ed0ad1bb88,ムガるぞ！フマゆん,78,8350,6805,3,aoe_attack,0.2378,0.2639,100,0,4,いいえ,ウシュか☆丸か / ペーチパイセン / オリバーTHEドッグ / ムガるぞ！フマゆん / ハントンくん
4,245,em-d6397e37a32d,三山くまのたん,17,500,1900,3,attack_buff,0.2372,0.3264,87,13,8,いいえ,婆娑羅でどーよ / ヤマさんヤミーさん / 愛のぴよ子 / 三山くまのたん / 美才能♪かの子さん
4,246,em-f86c4c085efd,メガネ系ほぬー類,12,700,600,4,skill_reduction,0.236,0.4097,97,3,8,いいえ,ハリウッドナナコ師匠 / ヤマさんヤミーさん / ターヌムンゴネキ / メガネ系ほぬー類 / 美才能♪かの子さん
4,247,em-5f5281ba5e2a,黄泉還り！反魂タン,9,1812,1963,3,revive,0.236,0.3819,99,1,8,いいえ,婆娑羅でどーよ / ヤマさんヤミーさん / 愛のぴよ子 / 黄泉還り！反魂タン / 財閥だ浅ちゃん！
4,248,em-337e85c2cd90,ユーコ☆スターダスト,60,6053,4354,4,revive,0.2358,0.3819,99,1,7,いいえ,婆娑羅でどーよ / ペーチパイセン / 愛のぴよ子 / ユーコ☆スターダスト / ウシュか☆丸か
4,249,em-1c72b25f9096,エッシュ＆エッジュ,10,800,800,3,skill_reduction,0.2357,0.3819,95,5,8,いいえ,婆娑羅でどーよ / ヤマさんヤミーさん / ターヌムンゴネキ / エッシュ＆エッジュ / ハリウッドナナコ師匠
4,250,em-05de078a2e7c,幼妻！エンゼルちゃん,22,1993,2913,3,heal,0.2354,0.3958,80,20,8,いいえ,婆娑羅でどーよ / ペーチパイセン / トマティーナ少佐 / 幼妻！エンゼルちゃん / にほりん
4,251,em-942c8f8de44d,エンゼルちゃん,22,1772,2590,3,heal,0.2343,0.4028,80,20,8,いいえ,婆娑羅でどーよ / ペーチパイセン / トマティーナ少佐 / エンゼルちゃん / にほりん
4,252,em-e6110f879f18,ユーコ隊,24,3408,2044,4,revive,0.2337,0.3958,100,0,8,いいえ,婆娑羅でどーよ / ヤマさんヤミーさん / トマティーナ少佐 / ユーコ隊 / にほりん
4,253,em-ea2d3d13fc78,いなば☆うあー,18,1300,1700,4,skill_reduction,0.2334,0.2986,99,1,8,いいえ,婆娑羅でどーよ / 北間・クラリス嬢 / ターヌムンゴネキ / いなば☆うあー / 美才能♪かの子さん
4,254,em-4e0f06589604,新・やよいチゥりっぷ,9,1100,200,3,attribute_change,0.2333,0.375,94,6,8,いいえ,婆娑羅でどーよ / ヤマさんヤミーさん / ターヌムンゴネキ / 新・やよいチゥりっぷ / ハリウッドナナコ師匠
4,255,em-ec52e54bb473,ﾀｰｷｰﾃﾞ-なじとっこ君,10,706,2403,4,attack_buff,0.2331,0.3819,95,5,8,いいえ,婆娑羅でどーよ / ヤマさんヤミーさん / ターヌムンゴネキ / ﾀｰｷｰﾃﾞ-なじとっこ君 / ハリウッドナナコ師匠
4,256,em-2080ae65b62a,モヅルン,37,3771,1908,3,attribute_guard,0.2325,0.3542,100,0,8,いいえ,ハリウッドナナコ師匠 / ヤマさんヤミーさん / トマティーナ少佐 / モヅルン / にほりん
4,257,em-dff6ba115611,トゥーさん,44,3067,3067,3,revive,0.2321,0.4028,96,4,8,いいえ,婆娑羅でどーよ / ペーチパイセン / 愛のぴよ子 / トゥーさん / 美才能♪かの子さん
4,258,em-b0a135da294f,デンマーくん三世,6,800,600,3,guard,0.2317,0.3403,98,2,8,いいえ,婆娑羅でどーよ / ヤマさんヤミーさん / 愛のぴよ子 / デンマーくん三世 / ヤマトタケルぅ！
4,259,em-489782f8e31c,愛のぴよ子,7,1631,1993,3,heal,0.2316,0.3472,100,0,8,いいえ,アウス大先輩 / トマティーナ少佐 / 花火戦隊サイガーRe / 愛のぴよ子 / にほりん
4,260,em-67aa8e3ee215,川越料理長,17,1175,3655,4,attack_buff,0.2309,0.3681,98,2,8,いいえ,婆娑羅でどーよ / 北間・クラリス嬢 / ターヌムンゴネキ / 川越料理長 / 美才能♪かの子さん
4,261,em-1ad78d7d3c2f,狐仮面,22,2215,1789,4,revive,0.2307,0.4097,93,7,8,いいえ,アウス大先輩 / トマティーナ少佐 / 大患部！ぴよ子大佐 / 狐仮面 / わっしょいミカ先生
4,262,em-38a5d43fe466,畳リーゼント先輩,8,393,812,4,attack_buff,0.2304,0.3889,93,7,8,いいえ,婆娑羅でどーよ / ヤマさんヤミーさん / ターヌムンゴネキ / 畳リーゼント先輩 / ハリウッドナナコ師匠
4,263,em-91479d9f811c,奇術師！エッジュさん,9,700,700,3,skill_reduction,0.2291,0.3819,94,6,8,いいえ,婆娑羅でどーよ / ヤマさんヤミーさん / ターヌムンゴネキ / 奇術師！エッジュさん / ハリウッドナナコ師匠
4,264,em-251adb8af3dc,にくぁう餃子権現,30,1365,3638,4,attack_buff,0.2288,0.375,100,0,8,いいえ,婆娑羅でどーよ / ヤマさんヤミーさん / 愛のぴよ子 / にくぁう餃子権現 / 美才能♪かの子さん
4,265,em-edd2253df045,怪奇！変身鬼人形,25,3408,3834,3,attribute_change,0.2275,0.3611,95,5,8,いいえ,婆娑羅でどーよ / ヤマさんヤミーさん / 愛のぴよ子 / 怪奇！変身鬼人形 / 美才能♪かの子さん
4,266,em-c9268ab25340,大森銀さま,10,1600,200,3,damage_reduction,0.2268,0.3542,100,0,8,いいえ,婆娑羅でどーよ / ヤマさんヤミーさん / 愛のぴよ子 / 大森銀さま / 財閥だ浅ちゃん！
4,267,em-d86fc6931627,ふくしメイト・じゅん,19,1812,1661,3,skill_reduction,0.2252,0.2986,100,0,8,いいえ,婆娑羅でどーよ / 北間・クラリス嬢 / ターヌムンゴネキ / ふくしメイト・じゅん / 美才能♪かの子さん
4,268,em-8cd856412a10,にくぁうぅぅぅぅぅ！,17,1355,3638,4,attack_buff,0.2242,0.3542,98,2,8,いいえ,婆娑羅でどーよ / 北間・クラリス嬢 / ターヌムンゴネキ / にくぁうぅぅぅぅぅ！ / 美才能♪かの子さん
4,269,em-f5eb41dbe671,たたらん先輩,9,600,400,4,attack_buff,0.224,0.375,94,6,8,いいえ,婆娑羅でどーよ / ヤマさんヤミーさん / ターヌムンゴネキ / たたらん先輩 / ハリウッドナナコ師匠
4,270,em-b34467071fa2,蓮三郎,6,500,450,3,skill_reduction,0.2233,0.4028,69,31,8,いいえ,婆娑羅でどーよ / ペーチパイセン / トマティーナ少佐 / 蓮三郎 / わっしょいミカ先生
4,271,em-4dec28ac375f,いやひこさん,13,800,500,3,delay,0.223,0.3958,98,2,8,いいえ,ハリウッドナナコ師匠 / ヤマさんヤミーさん / ターヌムンゴネキ / いやひこさん / 美才能♪かの子さん
4,272,em-09c253fd0a61,オリバーTHEドッグ,5,200,500,3,attack_buff,0.2222,0.4028,68,32,8,いいえ,婆娑羅でどーよ / ペーチパイセン / トマティーナ少佐 / オリバーTHEドッグ / わっしょいミカ先生
4,273,em-c5e484c5d286,マウント取瑠代,31,6076,1850,3,revive,0.2221,0.3681,91,9,8,いいえ,婆娑羅でどーよ / ヤマさんヤミーさん / 愛のぴよ子 / マウント取瑠代 / おこしんMK-2
4,274,em-30e34a964d63,デンマーくん二世,5,700,450,3,guard,0.2213,0.3264,97,3,8,いいえ,婆娑羅でどーよ / ヤマさんヤミーさん / 愛のぴよ子 / デンマーくん二世 / ヤマトタケルぅ！
4,275,em-3738f743f200,復活！チワワんこ,8,1128,1269,3,heal,0.2212,0.3403,100,0,8,いいえ,婆娑羅でどーよ / ヤマさんヤミーさん / 愛のぴよ子 / 復活！チワワんこ / ヤマトタケルぅ！
4,276,em-c70398ce7406,讃岐・S.K.O.T神,9,2106,493,3,heal,0.2203,0.3403,99,1,8,いいえ,婆娑羅でどーよ / ヤマさんヤミーさん / 愛のぴよ子 / 讃岐・S.K.O.T神 / 財閥だ浅ちゃん！
4,277,em-f938c5c907fd,ももたろす,8,1000,1000,4,attribute_change,0.22,0.4028,93,7,8,いいえ,婆娑羅でどーよ / ヤマさんヤミーさん / ターヌムンゴネキ / ももたろす / ハリウッドナナコ師匠
4,278,em-6c82396ace3f,マッシブ☆ばん馬ばん,7,800,450,3,attack_buff,0.2193,0.4028,70,30,8,いいえ,婆娑羅でどーよ / ペーチパイセン / トマティーナ少佐 / マッシブ☆ばん馬ばん / わっしょいミカ先生
4,279,em-fb5bfa8a3429,ひろしマン,4,300,300,3,heal,0.2185,0.3819,67,33,8,いいえ,婆娑羅でどーよ / ペーチパイセン / トマティーナ少佐 / ひろしマン / わっしょいミカ先生
4,280,em-2998c94ac8cc,ギガ☆キプちゃん,28,1874,1874,4,multi_hit_attack,0.2184,0.3194,98,2,8,いいえ,婆娑羅でどーよ / ヤマさんヤミーさん / 愛のぴよ子 / ギガ☆キプちゃん / 美才能♪かの子さん
4,281,em-64f8ad5111a6,マッキニキ,9,1000,500,4,damage_reduction,0.218,0.4028,99,1,8,いいえ,婆娑羅でどーよ / ヤマさんヤミーさん / 巳ーちゃん / マッキニキ / わっしょいミカ先生
4,282,em-6f8dfc0a39eb,近すぎリオンさん,16,1000,1500,4,delay,0.2173,0.2847,97,3,8,いいえ,婆娑羅でどーよ / 北間・クラリス嬢 / ターヌムンゴネキ / 近すぎリオンさん / 美才能♪かの子さん
4,283,em-2f8589eed296,畳リーゼント,7,300,700,4,attack_buff,0.2165,0.3958,70,30,8,いいえ,婆娑羅でどーよ / ペーチパイセン / トマティーナ少佐 / 畳リーゼント / わっしょいミカ先生
4,284,em-47063c22130f,わんこースそば,4,300,400,3,heal,0.2163,0.3889,67,33,8,いいえ,婆娑羅でどーよ / ペーチパイセン / トマティーナ少佐 / わんこースそば / わっしょいミカ先生
4,285,em-08381d79cfef,大森銀さん,5,1300,150,4,damage_reduction,0.2161,0.3403,97,3,8,いいえ,婆娑羅でどーよ / ヤマさんヤミーさん / 愛のぴよ子 / 大森銀さん / ヤマトタケルぅ！
4,286,em-c573b4be1553,ｷﾞｶﾞももたろす,12,1300,1300,3,attribute_change,0.2156,0.3958,97,3,8,いいえ,婆娑羅でどーよ / ヤマさんヤミーさん / ターヌムンゴネキ / ｷﾞｶﾞももたろす / ハリウッドナナコ師匠
4,287,em-4e24a668056b,やよいチゥりっぷ,6,900,100,4,attribute_change,0.2156,0.3611,69,31,8,いいえ,婆娑羅でどーよ / ペーチパイセン / トマティーナ少佐 / やよいチゥりっぷ / わっしょいミカ先生
4,288,em-df4f003ab94e,熱いマッキニキ,11,1100,600,3,damage_reduction,0.2152,0.3958,98,2,8,いいえ,婆娑羅でどーよ / ヤマさんヤミーさん / 愛のぴよ子 / 熱いマッキニキ / ばうあー泥棒
4,289,em-7c5fdd7af70d,覚醒むりょく,6,198,89,3,multi_hit_attack,0.2148,0.4167,69,31,8,いいえ,婆娑羅でどーよ / ペーチパイセン / トマティーナ少佐 / 覚醒むりょく / わっしょいミカ先生
4,290,em-a2d0308a3d38,蓮次郎,5,400,380,3,skill_reduction,0.2135,0.3958,68,32,8,いいえ,婆娑羅でどーよ / ペーチパイセン / トマティーナ少佐 / 蓮次郎 / わっしょいミカ先生
4,291,em-5d34c0af44dd,白兎神★ばうあー,72,3878,5487,3,skill_reduction,0.2131,0.1528,99,1,4,いいえ,ケンＺＯ１号 / ファジル先生 / オリバーTHEトイ / 白兎神★ばうあー / ハリウッドナナコ師匠
4,292,em-955edfecd83b,天晴！ぶんぶくん,22,1883,1162,4,revive,0.2106,0.3958,80,20,8,いいえ,婆娑羅でどーよ / ペーチパイセン / トマティーナ少佐 / 天晴！ぶんぶくん / にほりん
4,293,em-f6360fa6b0ca,伝統のうるっしー,16,1800,600,4,guard,0.2098,0.3264,86,14,8,いいえ,婆娑羅でどーよ / ヤマさんヤミーさん / 愛のぴよ子 / 伝統のうるっしー / 美才能♪かの子さん
4,294,em-b90efc9e636b,婆娑羅でどーよ,18,1046,4105,4,attack_buff,0.2092,0.3264,91,9,8,いいえ,アウス大先輩 / トマティーナ少佐 / 巳ーちゃん / 婆娑羅でどーよ / にほりん
4,295,em-c749ad6eefee,トーテムゆ～る,16,1413,1201,3,delay,0.2091,0.3125,86,14,8,いいえ,婆娑羅でどーよ / ヤマさんヤミーさん / 愛のぴよ子 / トーテムゆ～る / 美才能♪かの子さん
4,296,em-3307021ed6b3,なっとくん,4,286,311,3,skill_reduction,0.2082,0.3958,67,33,8,いいえ,婆娑羅でどーよ / ペーチパイセン / トマティーナ少佐 / なっとくん / わっしょいミカ先生
4,297,em-873c09a938ac,蓮太郎,4,310,302,3,skill_reduction,0.2081,0.3958,67,33,8,いいえ,婆娑羅でどーよ / ペーチパイセン / トマティーナ少佐 / 蓮太郎 / わっしょいミカ先生
4,298,em-ab565d3596f4,さんとくん先輩,10,1500,400,4,delay,0.207,0.3611,95,5,8,いいえ,婆娑羅でどーよ / ヤマさんヤミーさん / ターヌムンゴネキ / さんとくん先輩 / ハリウッドナナコ師匠
4,299,em-de36aab296aa,月下皇帝ランたん様,50,3150,5367,3,revive,0.2048,0.3333,100,0,6,いいえ,婆娑羅でどーよ / アウス大先輩 / 愛のぴよ子 / 月下皇帝ランたん様 / おこしんMK-2
4,300,em-1d206f58d0b7,マッキ,6,600,300,4,damage_reduction,0.204,0.3889,96,4,8,いいえ,婆娑羅でどーよ / ヤマさんヤミーさん / 巳ーちゃん / マッキ / わっしょいミカ先生
4,301,em-c92854d63199,さんとくんさん,8,1200,300,4,delay,0.2035,0.3681,93,7,8,いいえ,婆娑羅でどーよ / ヤマさんヤミーさん / ターヌムンゴネキ / さんとくんさん / ハリウッドナナコ師匠
4,302,em-4d6fe3f2c9ae,くーさん,3,300,400,4,attack_buff,0.2024,0.3194,91,9,8,いいえ,ヤマさんヤミーさん / トマティーナ少佐 / 巳ーちゃん / くーさん / わっしょいミカ先生
4,303,em-aeb1959eaece,ＫＲ２ジョー軍曹,9,394,1010,4,attack_buff,0.2023,0.3819,94,6,8,いいえ,婆娑羅でどーよ / ヤマさんヤミーさん / ターヌムンゴネキ / ＫＲ２ジョー軍曹 / ハリウッドナナコ師匠
4,304,em-0c10b95e36c6,激走！えるたそ,10,900,800,4,attack_buff,0.2015,0.375,95,5,8,いいえ,婆娑羅でどーよ / ヤマさんヤミーさん / ターヌムンゴネキ / 激走！えるたそ / ハリウッドナナコ師匠
4,305,em-409b16959eac,唸るぜ！よりりん,12,795,805,3,attribute_change,0.2012,0.3819,97,3,8,いいえ,婆娑羅でどーよ / ヤマさんヤミーさん / ターヌムンゴネキ / 唸るぜ！よりりん / ハリウッドナナコ師匠
4,306,em-549e080062a7,ぶんぶくん,22,1550,895,4,revive,0.2011,0.3889,92,8,8,いいえ,婆娑羅でどーよ / ヤマさんヤミーさん / 愛のぴよ子 / ぶんぶくん / 美才能♪かの子さん
4,307,em-a84e9301da18,パワフル☆ばん馬ばん,5,600,350,4,attack_buff,0.2009,0.375,68,32,8,いいえ,婆娑羅でどーよ / ペーチパイセン / トマティーナ少佐 / パワフル☆ばん馬ばん / わっしょいミカ先生
4,308,em-41b8799b7505,まおーちゃん,50,3748,4941,3,revive,0.2008,0.3333,100,0,6,いいえ,婆娑羅でどーよ / アウス大先輩 / 愛のぴよ子 / まおーちゃん / おこしんMK-2
4,309,em-1e1a4317070b,ＫＲ２ジョー,8,295,910,4,attack_buff,0.2004,0.3819,93,7,8,いいえ,婆娑羅でどーよ / ヤマさんヤミーさん / ターヌムンゴネキ / ＫＲ２ジョー / ハリウッドナナコ師匠
4,310,em-cf865abec5e5,川越マン２世,12,516,1000,4,attack_buff,0.2003,0.3819,97,3,8,いいえ,婆娑羅でどーよ / ヤマさんヤミーさん / ターヌムンゴネキ / 川越マン２世 / ハリウッドナナコ師匠
4,311,em-9c37bba7df0f,ＫＲ２ジョー少尉,11,495,1105,3,attack_buff,0.2001,0.375,96,4,8,いいえ,婆娑羅でどーよ / ヤマさんヤミーさん / ターヌムンゴネキ / ＫＲ２ジョー少尉 / ハリウッドナナコ師匠
4,312,em-fa255d19986d,出発！えるたそ,8,800,700,4,attack_buff,0.1992,0.375,93,7,8,いいえ,婆娑羅でどーよ / ヤマさんヤミーさん / ターヌムンゴネキ / 出発！えるたそ / ハリウッドナナコ師匠
4,313,em-9a3bd85e00a2,よりりん,8,605,615,4,attribute_change,0.1982,0.3819,93,7,8,いいえ,婆娑羅でどーよ / ヤマさんヤミーさん / ターヌムンゴネキ / よりりん / ハリウッドナナコ師匠
4,314,em-eece08d90093,罠なくトロイ先輩,18,4830,16,4,multi_hit_attack,0.1977,0.3194,76,24,8,いいえ,婆娑羅でどーよ / ペーチパイセン / トマティーナ少佐 / 罠なくトロイ先輩 / にほりん
4,315,em-1d7c8481ec64,にくぁうちゃん,8,314,913,4,attack_buff,0.1972,0.3819,93,7,8,いいえ,婆娑羅でどーよ / ヤマさんヤミーさん / ターヌムンゴネキ / にくぁうちゃん / ハリウッドナナコ師匠
4,316,em-e5c147f9dafc,異国のトーマスん,9,660,742,4,attribute_change,0.1967,0.3681,94,6,8,いいえ,婆娑羅でどーよ / ヤマさんヤミーさん / ターヌムンゴネキ / 異国のトーマスん / ハリウッドナナコ師匠
4,317,em-66a587f1a726,にくぁうさん,12,497,1116,4,attack_buff,0.1965,0.375,97,3,8,いいえ,婆娑羅でどーよ / ヤマさんヤミーさん / ターヌムンゴネキ / にくぁうさん / ハリウッドナナコ師匠
4,318,em-bf7beec08736,いやひこちゃん,10,700,400,4,delay,0.1949,0.3611,95,5,8,いいえ,婆娑羅でどーよ / ヤマさんヤミーさん / ターヌムンゴネキ / いやひこちゃん / ハリウッドナナコ師匠
4,319,em-036ee10985c7,大正義！反魂タン,7,800,1000,4,revive,0.1938,0.3542,99,1,8,いいえ,婆娑羅でどーよ / ヤマさんヤミーさん / 愛のぴよ子 / 大正義！反魂タン / ヤマトタケルぅ！
4,320,em-89b0c363f296,川越マン,8,415,798,4,attack_buff,0.1933,0.375,93,7,8,いいえ,婆娑羅でどーよ / ヤマさんヤミーさん / ターヌムンゴネキ / 川越マン / ハリウッドナナコ師匠
4,321,em-eb78da4b3f28,えるたそ,6,500,400,4,attack_buff,0.1915,0.3819,69,31,8,いいえ,婆娑羅でどーよ / ペーチパイセン / トマティーナ少佐 / えるたそ / わっしょいミカ先生
4,322,em-69c72b6c10d2,紳士なトーマスん,12,765,835,3,attribute_change,0.1914,0.3542,97,3,8,いいえ,婆娑羅でどーよ / ヤマさんヤミーさん / ターヌムンゴネキ / 紳士なトーマスん / ハリウッドナナコ師匠
4,323,em-594f4648caff,金閣鹿苑大先生,7,1201,1201,4,revive,0.1904,0.3264,100,0,8,いいえ,アウス大先輩 / トマティーナ少佐 / 花火戦隊サイガーRe / 金閣鹿苑大先生 / にほりん
4,324,em-f49b19428b58,ちび丸のハロウィン,17,255,2896,4,revive,0.1893,0.3403,87,13,8,いいえ,婆娑羅でどーよ / ヤマさんヤミーさん / 愛のぴよ子 / ちび丸のハロウィン / 美才能♪かの子さん
4,325,em-2d076c59c4b7,わんこーラスそば,6,600,700,3,heal,0.1864,0.3125,98,2,8,いいえ,婆娑羅でどーよ / ヤマさんヤミーさん / 愛のぴよ子 / わんこーラスそば / ヤマトタケルぅ！
4,326,em-8c598f1908e7,ももとふちゃん,8,800,1000,3,heal,0.1847,0.3264,100,0,8,いいえ,婆娑羅でどーよ / ヤマさんヤミーさん / 愛のぴよ子 / ももとふちゃん / ヤマトタケルぅ！
4,327,em-595b1ebc9a59,戦え！ブルりん,16,1400,1600,4,damage_reduction,0.1842,0.3194,97,3,8,いいえ,婆娑羅でどーよ / 北間・クラリス嬢 / ターヌムンゴネキ / 戦え！ブルりん / 美才能♪かの子さん
4,328,em-e07aaef6bd6e,三重子ちゃん,8,603,602,3,attribute_change,0.1829,0.3681,93,7,8,いいえ,婆娑羅でどーよ / ヤマさんヤミーさん / ターヌムンゴネキ / 三重子ちゃん / ハリウッドナナコ師匠
4,329,em-efebd27cd58d,新・ひろしマン,7,600,600,3,heal,0.1809,0.2986,99,1,8,いいえ,婆娑羅でどーよ / ヤマさんヤミーさん / 愛のぴよ子 / 新・ひろしマン / ヤマトタケルぅ！
4,330,em-377c63de8d80,極・S.K.O.Tちゃん,6,1150,300,4,heal,0.1792,0.2986,98,2,8,いいえ,婆娑羅でどーよ / ヤマさんヤミーさん / 愛のぴよ子 / 極・S.K.O.Tちゃん / ヤマトタケルぅ！
4,331,em-ef6acbb9fe3a,ﾌｫﾆｰ・ぴよ・ｶﾞｰﾙｽﾞY,25,3703,1771,4,attribute_change,0.1773,0.3056,95,5,8,いいえ,婆娑羅でどーよ / ヤマさんヤミーさん / 愛のぴよ子 / ﾌｫﾆｰ・ぴよ・ｶﾞｰﾙｽﾞY / 美才能♪かの子さん
4,332,em-c4c0bb3e4292,あっぴーちゃん,3,600,300,3,heal,0.1745,0.3125,100,0,8,いいえ,上級国民ロヴィーサ / トマティーナ少佐 / アウス大先輩 / あっぴーちゃん / わっしょいミカ先生
4,333,em-02dd665173e3,超回復！反魂タン,6,600,700,4,revive,0.1737,0.3333,98,2,8,いいえ,婆娑羅でどーよ / ヤマさんヤミーさん / 愛のぴよ子 / 超回復！反魂タン / ヤマトタケルぅ！
4,334,em-b0564825039b,わんこールそば,3,200,300,3,heal,0.17,0.3125,100,0,8,いいえ,上級国民ロヴィーサ / トマティーナ少佐 / アウス大先輩 / わんこールそば / わっしょいミカ先生
4,335,em-98054d952da8,ニート達の日常。,21,2968,296,3,delay,0.1694,0.2847,91,9,8,いいえ,婆娑羅でどーよ / ヤマさんヤミーさん / 愛のぴよ子 / ニート達の日常。 / 美才能♪かの子さん
4,336,em-c5623c38fcb8,反魂タン,5,500,600,4,revive,0.1674,0.3264,100,0,8,いいえ,ハリウッドナナコ師匠 / ヤマさんヤミーさん / 花火戦隊サイガーRe / 反魂タン / 美才能♪かの子さん
4,337,em-01325fd9f459,いやひこさま,16,1200,600,3,delay,0.1674,0.2847,86,14,8,いいえ,婆娑羅でどーよ / ヤマさんヤミーさん / 愛のぴよ子 / いやひこさま / 美才能♪かの子さん
4,338,em-8a7e4284ba4a,あっぴーさん,5,800,350,3,heal,0.1665,0.3056,97,3,8,いいえ,婆娑羅でどーよ / ヤマさんヤミーさん / 愛のぴよ子 / あっぴーさん / ヤマトタケルぅ！
4,339,em-039828fc85d9,ひろしマン・改,6,400,400,3,heal,0.1641,0.2778,99,1,8,いいえ,アウス大先輩 / トマティーナ少佐 / 花火戦隊サイガーRe / ひろしマン・改 / にほりん
4,340,em-98730869df6a,朱染めの夏炎・朱雀,70,5282,6475,3,attack_buff,0.1541,0.1944,89,11,4,いいえ,じとっ子 / ペーチパイセン / デンマーくん / 朱染めの夏炎・朱雀 / ハントンくん
4,341,em-0277eca3d9cf,ゆる神の像＆ピヨか？,60,426,511,3,guard,0.0896,0.215,100,0,7,いいえ,婆娑羅でどーよ / 北間・クラリス嬢 / 愛のぴよ子 / ゆる神の像＆ピヨか？ / ウシュか☆丸か
4,342,em-523af93f71e3,神田祭らーの集い,88,5027,6901,4,aoe_attack,0,0,101,0,0,いいえ,
4,343,em-6eed78e1fe62,リア充の権化安倍晴明,100,6782,6271,3,heal,0,0,101,0,0,いいえ,
4,344,em-a85045965911,まさか殿(マジ),100,7463,6628,3,attack_buff,0,0,101,0,0,いいえ,
4,345,em-f33de53ee597,遊無給(ニート)な小町,100,7327,5623,3,attack_buff,0,0,101,0,0,いいえ,
5,1,em-7499fb228620,にほりん,15,2898,3059,5,attack_buff,0.5101,0.5764,100,0,8,いいえ,ハリウッドナナコ師匠 / ヤマさんヤミーさん / ターヌムンゴネキ / 劇場版ＪＡＸＡイル / にほりん
5,2,em-8a9a0a93b442,メジーナ,15,2415,2415,6,attack_buff,0.5075,0.5556,100,0,8,いいえ,ハリウッドナナコ師匠 / ヤマさんヤミーさん / ターヌムンゴネキ / 劇場版ＪＡＸＡイル / メジーナ
5,3,em-e2624c3cfdbc,美才能♪かの子さん,18,1288,4025,5,multi_hit_attack,0.4966,0.4722,100,0,8,いいえ,ハリウッドナナコ師匠 / ヤマさんヤミーさん / ターヌムンゴネキ / タミちゃんの火祭り / 美才能♪かの子さん
5,4,em-b9e75bc0b1f9,わっしょいミカ先生,20,4186,3220,5,attack_buff,0.4856,0.5069,91,9,8,いいえ,婆娑羅でどーよ / アウス大先輩 / 大患部！ぴよ子大佐 / 劇場版ＪＡＸＡイル / わっしょいミカ先生
5,5,em-6fe67318189a,劇場版ＪＡＸＡイル,18,1304,3526,4,multi_hit_attack,0.4765,0.4722,100,0,8,いいえ,ハリウッドナナコ師匠 / ヤマさんヤミーさん / ターヌムンゴネキ / タミちゃんの火祭り / 劇場版ＪＡＸＡイル
5,6,em-84d3175a9388,コン勝神☆くー様,48,3809,7024,4,attack_buff,0.4742,0.4861,100,0,8,いいえ,婆娑羅でどーよ / ペーチパイセン / 愛のぴよ子 / 劇場版ＪＡＸＡイル / コン勝神☆くー様
5,7,em-f3091896bc28,腹話フック,15,1610,3220,4,multi_hit_attack,0.4615,0.4583,100,0,8,いいえ,ハリウッドナナコ師匠 / ヤマさんヤミーさん / ターヌムンゴネキ / 劇場版ＪＡＸＡイル / 腹話フック
5,8,em-3a0ce37a12ff,おこしんMK-2,8,1510,2265,4,multi_hit_attack,0.4596,0.4792,95,5,8,いいえ,婆娑羅でどーよ / ヤマさんヤミーさん / ターヌムンゴネキ / 愛のぴよ子 / おこしんMK-2
5,9,em-132feeb6206a,傭兵戦隊サイガー３,12,756,2284,4,multi_hit_attack,0.4579,0.4792,99,1,8,いいえ,婆娑羅でどーよ / ヤマさんヤミーさん / ターヌムンゴネキ / 愛のぴよ子 / 傭兵戦隊サイガー３
5,10,em-f119f767f457,アダム＆エバ,50,5112,4260,4,attack_buff,0.4568,0.5139,99,1,7,いいえ,婆娑羅でどーよ / ペーチパイセン / 愛のぴよ子 / タミちゃんの火祭り / アダム＆エバ
5,11,em-fd03da115e54,まさか殿,35,4396,4413,6,multi_hit_attack,0.4568,0.4097,100,0,8,いいえ,ハリウッドナナコ師匠 / ヤマさんヤミーさん / トマティーナ少佐 / コンドアーズ / まさか殿
5,12,em-2c5d06641a28,ジャックレムリン,55,7497,3748,7,aoe_attack,0.4547,0.3819,97,3,5,いいえ,婆娑羅でどーよ / ペーチパイセン / 愛のぴよ子 / おこしんMK-2 / ジャックレムリン
5,13,em-bb70b91588ed,夜魔・マヤー,12,1661,2114,4,multi_hit_attack,0.4537,0.4653,99,1,8,いいえ,婆娑羅でどーよ / ヤマさんヤミーさん / ターヌムンゴネキ / 愛のぴよ子 / 夜魔・マヤー
5,14,em-73250febc8f5,財閥だ浅ちゃん！,38,2556,7327,4,multi_hit_attack,0.4509,0.375,96,4,8,いいえ,婆娑羅でどーよ / トマティーナ少佐 / コンドアーズ / 愛のぴよ子 / 財閥だ浅ちゃん！
5,15,em-18a6642e277e,旧市街地の魔物,8,2799,16,4,attack_buff,0.4502,0.3819,98,2,8,いいえ,婆娑羅でどーよ / ヤマさんヤミーさん / 愛のぴよ子 / 財閥だ浅ちゃん！ / 旧市街地の魔物
5,16,em-b8c4235090fa,バビるわバビル君。,39,5367,3441,4,damage_reduction,0.448,0.5486,100,0,7,いいえ,婆娑羅でどーよ / ペーチパイセン / トマティーナ少佐 / 劇場版ＪＡＸＡイル / バビるわバビル君。
5,17,em-076ae15080b8,ゾウムシ,40,7293,2044,7,damage_reduction,0.4476,0.5833,100,0,6,いいえ,婆娑羅でどーよ / ヤマさんヤミーさん / 愛のぴよ子 / おこしんMK-2 / ゾウムシ
5,18,em-ad82a61bcc2a,ｺﾄﾖﾛ!巳ーちゃん様,55,6901,3451,4,damage_reduction,0.4461,0.5417,97,3,5,いいえ,婆娑羅でどーよ / ペーチパイセン / 愛のぴよ子 / おこしんMK-2 / ｺﾄﾖﾛ!巳ーちゃん様
5,19,em-3e5e9519eb9b,風林火山のぶくろ！,47,4089,4430,5,aoe_attack,0.4439,0.3889,100,0,8,いいえ,婆娑羅でどーよ / ペーチパイセン / 愛のぴよ子 / 聖☆いんてぃないか / 風林火山のぶくろ！
5,20,em-f70fc38ed477,栗栖　益子さん,40,4175,4106,4,multi_hit_attack,0.4431,0.3681,100,0,6,いいえ,婆娑羅でどーよ / ヤマさんヤミーさん / 愛のぴよ子 / おこしんMK-2 / 栗栖　益子さん
5,21,em-ea813aee5d92,ブラジリアン首都術,8,1812,1963,4,aoe_attack,0.4424,0.4583,95,5,8,いいえ,婆娑羅でどーよ / ヤマさんヤミーさん / ターヌムンゴネキ / 愛のぴよ子 / ブラジリアン首都術
5,22,em-309fbe104636,いーびルン,15,2254,2576,7,guard,0.4421,0.6181,100,0,8,いいえ,ハリウッドナナコ師匠 / ヤマさんヤミーさん / ターヌムンゴネキ / 劇場版ＪＡＸＡイル / いーびルン
5,23,em-28604c08091f,純白のアンナ大先輩,51,6305,3748,5,aoe_attack,0.4391,0.3611,100,0,6,いいえ,婆娑羅でどーよ / ペーチパイセン / 愛のぴよ子 / タミちゃんの火祭り / 純白のアンナ大先輩
5,24,em-57dce5f944a3,うらうらら,50,4260,6390,4,multi_hit_attack,0.4381,0.3819,99,1,7,いいえ,婆娑羅でどーよ / ペーチパイセン / 愛のぴよ子 / タミちゃんの火祭り / うらうらら
5,25,em-67859050336b,マジ☆マシニッさん,36,4089,4430,6,multi_hit_attack,0.4371,0.375,100,0,8,いいえ,ハリウッドナナコ師匠 / ヤマさんヤミーさん / コンドアーズ / タミちゃんの火祭り / マジ☆マシニッさん
5,26,em-a68c8ce48bea,こんにゃく姫,37,5964,2726,7,attack_buff,0.436,0.4792,98,2,8,いいえ,婆娑羅でどーよ / ペーチパイセン / トマティーナ少佐 / 劇場版ＪＡＸＡイル / こんにゃく姫
5,27,em-ec64495c1963,レブカ大先生,38,5793,2984,5,aoe_attack,0.4356,0.3611,99,1,8,いいえ,婆娑羅でどーよ / アウス大先輩 / 愛のぴよ子 / 聖☆いんてぃないか / レブカ大先生
5,28,em-5861838d2e36,ばうあー泥棒,35,4771,3033,4,attack_buff,0.4334,0.3611,97,3,8,いいえ,婆娑羅でどーよ / ペーチパイセン / トマティーナ少佐 / 聖☆いんてぃないか / ばうあー泥棒
5,29,em-5ff7c4f20f2b,ヤマトタケルぅ！,40,85,8520,5,multi_hit_attack,0.4321,0.3542,98,2,6,いいえ,婆娑羅でどーよ / トマティーナ少佐 / コンドアーズ / 愛のぴよ子 / ヤマトタケルぅ！
5,30,em-6722337c6d78,雨降る倉敷のみかん姐,15,2718,1963,4,aoe_attack,0.4304,0.4306,100,0,8,いいえ,ハリウッドナナコ師匠 / ヤマさんヤミーさん / ターヌムンゴネキ / 劇場版ＪＡＸＡイル / 雨降る倉敷のみかん姐
5,31,em-1a3ab3b1acf7,聖☆いんてぃないか,19,2817,2334,4,aoe_attack,0.4287,0.3681,100,0,8,いいえ,婆娑羅でどーよ / 北間・クラリス嬢 / ターヌムンゴネキ / 劇場版ＪＡＸＡイル / 聖☆いんてぃないか
5,32,em-5c46e7a79c7f,ギャルド・スイス先輩,45,3408,5453,4,multi_hit_attack,0.4281,0.3681,98,2,8,いいえ,婆娑羅でどーよ / ペーチパイセン / 愛のぴよ子 / 聖☆いんてぃないか / ギャルド・スイス先輩
5,33,em-c623973fc8a5,うおぬまンダーＲ上Ｘ,15,1208,2567,4,aoe_attack,0.4254,0.4167,100,0,8,いいえ,ハリウッドナナコ師匠 / ヤマさんヤミーさん / ターヌムンゴネキ / 劇場版ＪＡＸＡイル / うおぬまンダーＲ上Ｘ
5,34,em-062228a8b4d2,キャニオン雄大,25,2737,2737,5,attack_buff,0.424,0.4653,95,5,8,いいえ,婆娑羅でどーよ / ヤマさんヤミーさん / アウス大先輩 / おこしんMK-2 / キャニオン雄大
5,35,em-24d2ab142253,アグスティンさん,12,2869,1359,5,multi_hit_attack,0.422,0.4583,99,1,8,いいえ,婆娑羅でどーよ / ヤマさんヤミーさん / ターヌムンゴネキ / 愛のぴよ子 / アグスティンさん
5,36,em-f88796a335ca,勇者オトシゴ,12,1324,1703,5,damage_reduction,0.4217,0.6042,99,1,8,いいえ,ハリウッドナナコ師匠 / ヤマさんヤミーさん / コンドアーズ / 財閥だ浅ちゃん！ / 勇者オトシゴ
5,37,em-c358b6553866,ご機嫌斜めのウィーン様,58,4941,2896,5,attack_buff,0.4214,0.4583,100,0,5,いいえ,婆娑羅でどーよ / ペーチパイセン / 愛のぴよ子 / おこしんMK-2 / ご機嫌斜めのウィーン様
5,38,em-a24482970c23,ご機嫌斜めのウィーン様,42,4941,2896,5,attack_buff,0.4213,0.4792,98,2,8,いいえ,婆娑羅でどーよ / トマティーナ少佐 / 愛のぴよ子 / タミちゃんの火祭り / ご機嫌斜めのウィーン様
5,39,em-628e695d4365,カクラム先生,16,2256,2397,4,multi_hit_attack,0.4141,0.3681,99,1,8,いいえ,婆娑羅でどーよ / 北間・クラリス嬢 / コンドアーズ / 財閥だ浅ちゃん！ / カクラム先生
5,40,em-682cd1ab4ae4,ホーリーエンジェるん,16,1812,1661,5,attack_buff,0.4133,0.4444,87,13,8,いいえ,婆娑羅でどーよ / ヤマさんヤミーさん / 愛のぴよ子 / 聖☆いんてぃないか / ホーリーエンジェるん
5,41,em-5a047ed41d97,KJの少女Hi児,48,4941,3919,5,multi_hit_attack,0.4119,0.3403,100,0,8,いいえ,婆娑羅でどーよ / ペーチパイセン / 愛のぴよ子 / 劇場版ＪＡＸＡイル / KJの少女Hi児
5,42,em-83113af84b95,降臨☆三原色ばうあー,45,3578,5868,5,aoe_attack,0.4119,0.3257,98,2,8,いいえ,婆娑羅でどーよ / 北間・クラリス嬢 / コンドアーズ / おこしんMK-2 / 降臨☆三原色ばうあー
5,43,em-0e768525b557,ヘラクレス先輩,70,5885,6230,4,multi_hit_attack,0.4116,0.2917,95,5,4,いいえ,ウシュか☆丸か / ペーチパイセン / デンマーくん / ブラジリアン首都術 / ヘラクレス先輩
5,44,em-3b47fb031e0a,上京！世界師匠,36,1704,4260,4,multi_hit_attack,0.4106,0.3472,100,0,8,いいえ,ハリウッドナナコ師匠 / ヤマさんヤミーさん / コンドアーズ / タミちゃんの火祭り / 上京！世界師匠
5,45,em-b1988954d3bc,織田フィナーレ,50,2556,5964,5,multi_hit_attack,0.4091,0.3472,99,1,7,いいえ,婆娑羅でどーよ / ペーチパイセン / 愛のぴよ子 / タミちゃんの火祭り / 織田フィナーレ
5,46,em-35dfd8c60675,はぎみタンさん,55,4430,4771,4,aoe_attack,0.4088,0.3194,97,3,5,いいえ,婆娑羅でどーよ / ペーチパイセン / 愛のぴよ子 / おこしんMK-2 / はぎみタンさん
5,47,em-a03649b8e724,巨大カンテツ,15,3220,3220,5,heal,0.4058,0.5486,100,0,9,いいえ,ハリウッドナナコ師匠 / ヤマさんヤミーさん / ターヌムンゴネキ / 劇場版ＪＡＸＡイル / 巨大カンテツ
5,48,em-832edc9513ca,Ｈ・Ｆ・ウーマン,45,6305,3748,4,guard,0.4054,0.5139,98,2,9,いいえ,婆娑羅でどーよ / ペーチパイセン / 愛のぴよ子 / 聖☆いんてぃないか / Ｈ・Ｆ・ウーマン
5,49,em-d25a7727f654,プラハ嬢,32,1482,4991,4,damage_reduction,0.4052,0.5417,99,1,8,いいえ,婆娑羅でどーよ / ヤマさんヤミーさん / 愛のぴよ子 / タミちゃんの火祭り / プラハ嬢
5,50,em-3cce096dfee9,カギサナ子,15,2415,2415,4,attack_buff,0.4049,0.4653,100,0,8,いいえ,ハリウッドナナコ師匠 / ヤマさんヤミーさん / ターヌムンゴネキ / 劇場版ＪＡＸＡイル / カギサナ子
5,51,em-79b4540e0f7f,ヤック(中の人),16,2176,2418,4,multi_hit_attack,0.4039,0.3819,99,1,8,いいえ,婆娑羅でどーよ / 北間・クラリス嬢 / コンドアーズ / 財閥だ浅ちゃん！ / ヤック(中の人)
5,52,em-b7d1205bd3a7,すーぱーサイアン,60,5964,5964,12,attack_buff,0.4036,0.2431,94,6,4,いいえ,ウシュか☆丸か / ファジル先生 / ご入学ぴよ子 / 旧市街地の魔物 / すーぱーサイアン
5,53,em-2325681e1b59,BON JOVE,24,3220,3220,5,aoe_attack,0.4,0.3542,95,5,8,いいえ,婆娑羅でどーよ / ヤマさんヤミーさん / 愛のぴよ子 / 聖☆いんてぃないか / BON JOVE
5,54,em-a8f48fb9a527,タミちゃんの火祭り,15,1,2402,4,aoe_attack,0.3984,0.4028,100,0,8,いいえ,ハリウッドナナコ師匠 / ヤマさんヤミーさん / ターヌムンゴネキ / 劇場版ＪＡＸＡイル / タミちゃんの火祭り
5,55,em-e8331e3aec6c,辰の子ぴよ子,70,6898,4089,10,multi_hit_attack,0.397,0.2431,95,5,4,いいえ,ウシュか☆丸か / ペーチパイセン / デンマーくん / ブラジリアン首都術 / 辰の子ぴよ子
5,56,em-405f3e1dc3af,べるりん★最高潮,45,5367,3663,6,attribute_guard,0.3939,0.5278,98,2,8,いいえ,婆娑羅でどーよ / ペーチパイセン / 愛のぴよ子 / 聖☆いんてぃないか / べるりん★最高潮
5,57,em-14d31235a3f8,かっちゃんのBIG強飯,48,3067,4601,4,attack_buff,0.3939,0.4167,100,0,8,いいえ,婆娑羅でどーよ / ペーチパイセン / 愛のぴよ子 / 劇場版ＪＡＸＡイル / かっちゃんのBIG強飯
5,58,em-9b717b0ffa22,地獄めぐりベッピー,19,1733,1664,5,attack_buff,0.3931,0.4444,100,0,8,いいえ,婆娑羅でどーよ / 北間・クラリス嬢 / ターヌムンゴネキ / 劇場版ＪＡＸＡイル / 地獄めぐりベッピー
5,59,em-dbd545e946e6,嫁劇！くーにゃん,40,2556,6816,4,attack_buff,0.393,0.4444,98,2,6,いいえ,婆娑羅でどーよ / トマティーナ少佐 / コンドアーズ / 愛のぴよ子 / 嫁劇！くーにゃん
5,60,em-2f3883a74098,jaック・ザ・ナイト,10,1408,1267,4,multi_hit_attack,0.3899,0.4444,97,3,8,いいえ,婆娑羅でどーよ / ヤマさんヤミーさん / ターヌムンゴネキ / 愛のぴよ子 / jaック・ザ・ナイト
5,61,em-bdf5b4886e9a,シーホーすん,12,1191,1532,5,damage_reduction,0.3893,0.5625,99,1,8,いいえ,ハリウッドナナコ師匠 / ヤマさんヤミーさん / コンドアーズ / 財閥だ浅ちゃん！ / シーホーすん
5,62,em-ffdcaffc4a41,雑煮入り☆うるっしー,36,3443,3443,4,guard,0.3892,0.5,100,0,8,いいえ,ハリウッドナナコ師匠 / ヤマさんヤミーさん / コンドアーズ / タミちゃんの火祭り / 雑煮入り☆うるっしー
5,63,em-e0dcffe4d5d0,大魔神！せいタン降臨,44,2044,6305,4,attack_buff,0.3875,0.4028,100,0,8,いいえ,ハリウッドナナコ師匠 / トマティーナ少佐 / コンドアーズ / 劇場版ＪＡＸＡイル / 大魔神！せいタン降臨
5,64,em-68c24ce7bf95,女帝！カるたーニャ,40,3408,3408,4,attack_buff,0.3864,0.3819,98,2,6,いいえ,婆娑羅でどーよ / アウス大先輩 / トマティーナ少佐 / 愛のぴよ子 / 女帝！カるたーニャ
5,65,em-72aeeb632038,石見神楽どんちっちん,15,1812,1661,6,aoe_attack,0.3837,0.4097,100,0,8,いいえ,ハリウッドナナコ師匠 / ヤマさんヤミーさん / ターヌムンゴネキ / 劇場版ＪＡＸＡイル / 石見神楽どんちっちん
5,66,em-5e492c884ca0,三貴子素戔嗚,75,8946,6475,5,multi_hit_attack,0.3804,0.2569,99,1,4,いいえ,ケンＺＯ１号 / ペーチパイセン / デンマーくん / おこしんMK-2 / 三貴子素戔嗚
5,67,em-a058dba31969,月見だよ！叡智州利偉,10,1100,2002,4,attack_buff,0.3798,0.4375,100,0,8,いいえ,婆娑羅でどーよ / ヤマさんヤミーさん / 愛のぴよ子 / 財閥だ浅ちゃん！ / 月見だよ！叡智州利偉
5,68,em-f18c065bbb1d,白水大師匠,18,1510,1887,5,aoe_attack,0.3796,0.3889,100,0,8,いいえ,ハリウッドナナコ師匠 / ヤマさんヤミーさん / ターヌムンゴネキ / タミちゃんの火祭り / 白水大師匠
5,69,em-8803e5b07894,風林火山のぶくろ公,22,2254,2576,5,aoe_attack,0.3792,0.3403,93,7,8,いいえ,婆娑羅でどーよ / ヤマさんヤミーさん / 愛のぴよ子 / 聖☆いんてぃないか / 風林火山のぶくろ公
5,70,em-2905dc6523ff,都会の貴腐人,44,6475,2811,6,revive,0.378,0.5208,97,3,8,いいえ,婆娑羅でどーよ / ペーチパイセン / 愛のぴよ子 / 聖☆いんてぃないか / 都会の貴腐人
5,71,em-bc5f259cf576,まさか殿(微マジ),60,5453,6305,7,multi_hit_attack,0.3778,0.2292,94,6,4,いいえ,ウシュか☆丸か / ファジル先生 / ご入学ぴよ子 / 旧市街地の魔物 / まさか殿(微マジ)
5,72,em-635af81fa283,ＪＡＸＡイルＲ,15,688,1706,5,multi_hit_attack,0.3772,0.3958,100,0,8,いいえ,ハリウッドナナコ師匠 / ヤマさんヤミーさん / ターヌムンゴネキ / 劇場版ＪＡＸＡイル / ＪＡＸＡイルＲ
5,73,em-fbc61d7306d8,ネ申・ぎょざる,11,1198,1204,6,aoe_attack,0.3769,0.4444,98,2,8,いいえ,婆娑羅でどーよ / ヤマさんヤミーさん / ターヌムンゴネキ / 愛のぴよ子 / ネ申・ぎょざる
5,74,em-cd23be41d901,美顔なエンパナさん,40,5623,4089,8,revive,0.3759,0.5069,100,0,6,いいえ,婆娑羅でどーよ / ヤマさんヤミーさん / 愛のぴよ子 / おこしんMK-2 / 美顔なエンパナさん
5,75,em-bf54cef3c3e9,タツノコくん,12,1058,1362,5,damage_reduction,0.3756,0.5486,99,1,8,いいえ,ハリウッドナナコ師匠 / ヤマさんヤミーさん / コンドアーズ / 財閥だ浅ちゃん！ / タツノコくん
5,76,em-e394b3795363,伝説の少女キャンディ,50,5507,5507,7,skill_reduction,0.3727,0.4097,99,1,7,いいえ,婆娑羅でどーよ / ペーチパイセン / 愛のぴよ子 / タミちゃんの火祭り / 伝説の少女キャンディ
5,77,em-72dbaccf035d,新・ＪＡＸＡイル,12,516,1106,6,multi_hit_attack,0.372,0.4375,99,1,8,いいえ,婆娑羅でどーよ / ヤマさんヤミーさん / ターヌムンゴネキ / 愛のぴよ子 / 新・ＪＡＸＡイル
5,78,em-8476f5773554,エーランドちゃん,30,6070,2160,7,delay,0.3699,0.3819,100,0,8,いいえ,婆娑羅でどーよ / ヤマさんヤミーさん / 愛のぴよ子 / 劇場版ＪＡＸＡイル / エーランドちゃん
5,79,em-ec6b6491e6a3,ベッピー先生,15,808,792,5,attack_buff,0.3698,0.4792,100,0,8,いいえ,ハリウッドナナコ師匠 / ヤマさんヤミーさん / ターヌムンゴネキ / 劇場版ＪＡＸＡイル / ベッピー先生
5,80,em-22dd952da197,ハントンの兄貴,11,1057,1198,5,multi_hit_attack,0.3682,0.4444,98,2,8,いいえ,婆娑羅でどーよ / ヤマさんヤミーさん / ターヌムンゴネキ / 愛のぴよ子 / ハントンの兄貴
5,81,em-39a2f0d8ec72,ロードスのエルフ騎士,44,4430,5623,6,skill_reduction,0.3679,0.4097,97,3,8,いいえ,婆娑羅でどーよ / ペーチパイセン / 愛のぴよ子 / 聖☆いんてぃないか / ロードスのエルフ騎士
5,82,em-abcae044297d,ラ・ショー・ドさん,44,5453,3424,5,delay,0.3663,0.375,97,3,8,いいえ,婆娑羅でどーよ / ペーチパイセン / 愛のぴよ子 / 聖☆いんてぃないか / ラ・ショー・ドさん
5,83,em-d90aa04af44f,グウィネズ兄弟,34,2066,3197,5,multi_hit_attack,0.3661,0.2986,94,6,8,いいえ,婆娑羅でどーよ / ヤマさんヤミーさん / 愛のぴよ子 / おこしんMK-2 / グウィネズ兄弟
5,84,em-2eebc4f8633d,すわっ！かつより君,60,5350,4771,5,aoe_attack,0.3659,0.2361,94,6,4,いいえ,ウシュか☆丸か / ファジル先生 / ご入学ぴよ子 / 旧市街地の魔物 / すわっ！かつより君
5,85,em-ae65fe2577b0,葉月ぴよ子,8,590,2110,6,attack_buff,0.3634,0.4167,98,2,8,いいえ,婆娑羅でどーよ / ヤマさんヤミーさん / 愛のぴよ子 / 財閥だ浅ちゃん！ / 葉月ぴよ子
5,86,em-b34fc14eb133,ピカリャーは眠らない,10,800,1000,5,multi_hit_attack,0.3633,0.4444,97,3,8,いいえ,婆娑羅でどーよ / ヤマさんヤミーさん / ターヌムンゴネキ / 愛のぴよ子 / ピカリャーは眠らない
5,87,em-fb54694c6adc,サイガーイエロー,9,357,1057,4,multi_hit_attack,0.3632,0.4375,96,4,8,いいえ,婆娑羅でどーよ / ヤマさんヤミーさん / ターヌムンゴネキ / 愛のぴよ子 / サイガーイエロー
5,88,em-7c00cb96c261,バイオうおぬまンダー,12,700,1100,5,aoe_attack,0.3627,0.4444,99,1,8,いいえ,婆娑羅でどーよ / ヤマさんヤミーさん / ターヌムンゴネキ / 愛のぴよ子 / バイオうおぬまンダー
5,89,em-294f61da0084,Ｃ・Ｃ☆電車姫,22,3741,1973,4,attack_buff,0.3623,0.4097,93,7,8,いいえ,婆娑羅でどーよ / ヤマさんヤミーさん / 愛のぴよ子 / 聖☆いんてぃないか / Ｃ・Ｃ☆電車姫
5,90,em-f9ed70b034c7,チロ江さん,16,3020,1510,6,multi_hit_attack,0.3621,0.3472,99,1,8,いいえ,婆娑羅でどーよ / 北間・クラリス嬢 / コンドアーズ / 財閥だ浅ちゃん！ / チロ江さん
5,91,em-6c9a66a7da8c,抹殺音ズース,40,5623,3408,6,heal,0.3618,0.4792,100,0,6,いいえ,婆娑羅でどーよ / ヤマさんヤミーさん / 愛のぴよ子 / おこしんMK-2 / 抹殺音ズース
5,92,em-7c0ef69518eb,有砂小町２ＰＣ,40,5112,5112,4,delay,0.3617,0.375,100,0,6,いいえ,婆娑羅でどーよ / ヤマさんヤミーさん / 愛のぴよ子 / おこしんMK-2 / 有砂小町２ＰＣ
5,93,em-2276063b9e3e,鳴子姫,11,1128,1128,5,aoe_attack,0.3599,0.4444,98,2,8,いいえ,婆娑羅でどーよ / ヤマさんヤミーさん / ターヌムンゴネキ / 愛のぴよ子 / 鳴子姫
5,94,em-c86ef788e307,ベルりん絶好調,40,4089,4686,5,attribute_guard,0.3597,0.4792,100,0,6,いいえ,婆娑羅でどーよ / 北間・クラリス嬢 / コンドアーズ / タミちゃんの火祭り / ベルりん絶好調
5,95,em-5976d2863ad8,タオるんGT,32,4260,4732,14,guard,0.3571,0.4097,98,2,8,いいえ,婆娑羅でどーよ / トマティーナ少佐 / コンドアーズ / タミちゃんの火祭り / タオるんGT
5,96,em-4c03ad40dce9,源のゴライコー,75,7923,6390,4,attack_buff,0.3562,0.2917,99,1,4,いいえ,ケンＺＯ１号 / ペーチパイセン / デンマーくん / おこしんMK-2 / 源のゴライコー
5,97,em-cb0ef748882f,八狗神伏姫様,35,5538,2130,4,guard,0.3545,0.4028,96,4,8,いいえ,婆娑羅でどーよ / ペーチパイセン / トマティーナ少佐 / 劇場版ＪＡＸＡイル / 八狗神伏姫様
5,98,em-7ada5b98126c,サイガーブルー,8,250,950,5,multi_hit_attack,0.3519,0.4375,95,5,8,いいえ,婆娑羅でどーよ / ヤマさんヤミーさん / ターヌムンゴネキ / 愛のぴよ子 / サイガーブルー
5,99,em-0e376d1892df,メネリくん一世,72,6134,3067,4,guard,0.3502,0.3819,97,3,4,いいえ,ウシュか☆丸か / ペーチパイセン / デンマーくん / ブラジリアン首都術 / メネリくん一世
5,100,em-39011821f965,さるぼぼぼぼ～ん,12,800,1000,4,aoe_attack,0.3497,0.4444,99,1,8,いいえ,婆娑羅でどーよ / ヤマさんヤミーさん / ターヌムンゴネキ / 愛のぴよ子 / さるぼぼぼぼ～ん
5,101,em-27802083d7f5,チュニスさん,50,5964,3919,4,skill_reduction,0.3479,0.375,99,1,7,いいえ,婆娑羅でどーよ / ペーチパイセン / 愛のぴよ子 / タミちゃんの火祭り / チュニスさん
5,102,em-8527b3dd869a,帰って来たいぬやマン,21,1661,1661,4,attack_buff,0.3471,0.3958,100,0,8,いいえ,婆娑羅でどーよ / ヤマさんヤミーさん / トマティーナ少佐 / 劇場版ＪＡＸＡイル / 帰って来たいぬやマン
5,103,em-df40dba7c56a,高野さん,34,4089,4089,5,skill_reduction,0.3461,0.3611,100,0,8,いいえ,婆娑羅でどーよ / トマティーナ少佐 / コンドアーズ / タミちゃんの火祭り / 高野さん
5,104,em-2d8f15eaba64,のぶくろさん,12,700,900,7,aoe_attack,0.3458,0.4444,99,1,8,いいえ,婆娑羅でどーよ / ヤマさんヤミーさん / ターヌムンゴネキ / 愛のぴよ子 / のぶくろさん
5,105,em-149e96a7721b,大黒まはーかーらん,20,2576,2737,10,attack_buff,0.3447,0.3403,91,9,8,いいえ,婆娑羅でどーよ / ヤマさんヤミーさん / 愛のぴよ子 / 聖☆いんてぃないか / 大黒まはーかーらん
5,106,em-378cec222ec5,熱ぅい！地獄雀,45,5964,3408,5,revive,0.3439,0.4792,98,2,8,いいえ,婆娑羅でどーよ / ペーチパイセン / 愛のぴよ子 / 聖☆いんてぃないか / 熱ぅい！地獄雀
5,107,em-e2ba004694cc,ＪＡＸＡイル,8,394,794,6,multi_hit_attack,0.3435,0.4306,95,5,8,いいえ,婆娑羅でどーよ / ヤマさんヤミーさん / ターヌムンゴネキ / 愛のぴよ子 / ＪＡＸＡイル
5,108,em-760bb0daf1c9,ゲキ悪オヤジ(神),53,5112,5112,6,delay,0.3428,0.3472,95,5,5,いいえ,婆娑羅でどーよ / ペーチパイセン / 愛のぴよ子 / おこしんMK-2 / ゲキ悪オヤジ(神)
5,109,em-df95e8471300,名家ぴよ子お嬢様,10,1331,1374,5,attack_buff,0.3424,0.4306,100,0,8,いいえ,婆娑羅でどーよ / ヤマさんヤミーさん / 愛のぴよ子 / 財閥だ浅ちゃん！ / 名家ぴよ子お嬢様
5,110,em-215080a7a05b,?????,39,4924,4413,4,skill_reduction,0.3418,0.3542,100,0,7,いいえ,婆娑羅でどーよ / アウス大先輩 / 愛のぴよ子 / 聖☆いんてぃないか / ?????
5,111,em-0f6666d2132f,サイガーレッド,7,170,830,5,multi_hit_attack,0.3405,0.4375,94,6,8,いいえ,婆娑羅でどーよ / ヤマさんヤミーさん / ターヌムンゴネキ / 愛のぴよ子 / サイガーレッド
5,112,em-a20c59ca87c1,Let's☆ハチ公,33,6560,1448,5,delay,0.34,0.3611,100,0,8,いいえ,婆娑羅でどーよ / ヤマさんヤミーさん / 愛のぴよ子 / タミちゃんの火祭り / Let's☆ハチ公
5,113,em-83399e4df86b,必罰のエルフ,18,2093,3281,4,attack_buff,0.3398,0.375,89,11,8,いいえ,婆娑羅でどーよ / ヤマさんヤミーさん / 愛のぴよ子 / 聖☆いんてぃないか / 必罰のエルフ
5,114,em-fa48dd1cff0a,祭りだ浅ちゃん！,7,800,1603,4,attack_buff,0.3395,0.4236,97,3,8,いいえ,婆娑羅でどーよ / ヤマさんヤミーさん / 愛のぴよ子 / 財閥だ浅ちゃん！ / 祭りだ浅ちゃん！
5,115,em-681c8662f2b6,まさか殿(ｼﾞｬｰｼﾞ),55,6475,3748,6,delay,0.3388,0.3264,97,3,5,いいえ,婆娑羅でどーよ / ペーチパイセン / 愛のぴよ子 / おこしんMK-2 / まさか殿(ｼﾞｬｰｼﾞ)
5,116,em-2a715d5b73f6,白水師匠,12,780,820,6,aoe_attack,0.3383,0.4444,99,1,8,いいえ,婆娑羅でどーよ / ヤマさんヤミーさん / ターヌムンゴネキ / 愛のぴよ子 / 白水師匠
5,117,em-c4663d98c2ff,海・百合男,33,3748,4430,5,skill_reduction,0.338,0.375,99,1,8,いいえ,婆娑羅でどーよ / トマティーナ少佐 / コンドアーズ / タミちゃんの火祭り / 海・百合男
5,118,em-1e8ec25622df,切間・ンジャロさん,39,5871,3442,4,skill_reduction,0.3375,0.3611,100,0,7,いいえ,婆娑羅でどーよ / アウス大先輩 / 愛のぴよ子 / 聖☆いんてぃないか / 切間・ンジャロさん
5,119,em-87d7d883c438,ニートエンペラー,10,459,565,7,damage_reduction,0.3369,0.5137,100,0,8,いいえ,婆娑羅でどーよ / ヤマさんヤミーさん / 愛のぴよ子 / 財閥だ浅ちゃん！ / ニートエンペラー
5,120,em-7e9ffb70cffa,企業だ浅ちゃん！,32,1192,7327,4,attack_buff,0.335,0.3403,99,1,8,いいえ,婆娑羅でどーよ / ヤマさんヤミーさん / 愛のぴよ子 / タミちゃんの火祭り / 企業だ浅ちゃん！
5,121,em-af839f0be824,譲らざる者,13,966,2394,5,attack_buff,0.3347,0.3889,100,0,8,いいえ,婆娑羅でどーよ / ヤマさんヤミーさん / 愛のぴよ子 / 巳ーちゃんさん / 譲らざる者
5,122,em-a6a4e9c825f7,ハズクの姐御,14,1359,1510,6,multi_hit_attack,0.3339,0.3333,97,3,8,いいえ,婆娑羅でどーよ / 北間・クラリス嬢 / コンドアーズ / 財閥だ浅ちゃん！ / ハズクの姐御
5,123,em-9bad632dc3a9,秋田世界発見伝,24,3838,845,4,guard,0.3323,0.4167,95,5,8,いいえ,婆娑羅でどーよ / ヤマさんヤミーさん / 愛のぴよ子 / 聖☆いんてぃないか / 秋田世界発見伝
5,124,em-80d193bc7d7f,あ、シュールさんだ。,43,3408,5112,6,revive,0.3317,0.4722,96,4,8,いいえ,婆娑羅でどーよ / ペーチパイセン / 愛のぴよ子 / 聖☆いんてぃないか / あ、シュールさんだ。
5,125,em-a5d6506eec58,瓜だね女中,15,3220,1610,4,heal,0.3305,0.4514,100,0,8,いいえ,ハリウッドナナコ師匠 / ヤマさんヤミーさん / ターヌムンゴネキ / 劇場版ＪＡＸＡイル / 瓜だね女中
5,126,em-d19d4f1b57e1,ロボうおぬまンダー,9,600,800,6,aoe_attack,0.3295,0.4306,96,4,8,いいえ,婆娑羅でどーよ / ヤマさんヤミーさん / ターヌムンゴネキ / 愛のぴよ子 / ロボうおぬまンダー
5,127,em-e51e56c23fa1,上級国民ロヴィーサ,44,2832,2984,4,attribute_guard,0.3293,0.3889,97,3,8,いいえ,婆娑羅でどーよ / ペーチパイセン / 愛のぴよ子 / 聖☆いんてぃないか / 上級国民ロヴィーサ
5,128,em-ad0fa41f1980,輝け！叡智通,12,1102,1300,4,attack_buff,0.3288,0.4028,99,1,8,いいえ,婆娑羅でどーよ / ヤマさんヤミーさん / 愛のぴよ子 / 巳ーちゃんさん / 輝け！叡智通
5,129,em-f3861e35df6f,暗黒王まはーかーらん,47,3731,3926,4,delay,0.3284,0.3542,100,0,8,いいえ,婆娑羅でどーよ / ペーチパイセン / 愛のぴよ子 / 聖☆いんてぃないか / 暗黒王まはーかーらん
5,130,em-739aae6480ff,男前やできっしん,14,755,2605,4,attack_buff,0.3259,0.3681,100,0,8,いいえ,婆娑羅でどーよ / トマティーナ少佐 / 花火戦隊サイガーRe / 愛のぴよ子 / 男前やできっしん
5,131,em-05476daa6b31,だんじり鉄砲隊,26,805,3599,4,attack_buff,0.3238,0.3681,97,3,8,いいえ,婆娑羅でどーよ / ヤマさんヤミーさん / 愛のぴよ子 / 聖☆いんてぃないか / だんじり鉄砲隊
5,132,em-21f078527946,マノすん博士,40,4771,3408,7,delay,0.3235,0.3403,100,0,6,いいえ,婆娑羅でどーよ / ヤマさんヤミーさん / 愛のぴよ子 / おこしんMK-2 / マノすん博士
5,133,em-9791eaaeef3c,メーピスさん,8,600,700,6,multi_hit_attack,0.323,0.4236,95,5,8,いいえ,婆娑羅でどーよ / ヤマさんヤミーさん / ターヌムンゴネキ / 愛のぴよ子 / メーピスさん
5,134,em-7941e8376c00,堕楽・ぴよボロス,46,756,7572,4,attack_buff,0.3221,0.3611,99,1,8,いいえ,婆娑羅でどーよ / ペーチパイセン / 愛のぴよ子 / 聖☆いんてぃないか / 堕楽・ぴよボロス
5,135,em-cd7c55cabc32,ゴジュウゲリヲン,19,3020,1132,5,guard,0.3216,0.4236,100,0,8,いいえ,婆娑羅でどーよ / 北間・クラリス嬢 / ターヌムンゴネキ / 劇場版ＪＡＸＡイル / ゴジュウゲリヲン
5,136,em-3604a59c8292,囃せ！どんちっちん,12,1000,700,7,aoe_attack,0.3196,0.4306,99,1,8,いいえ,婆娑羅でどーよ / ヤマさんヤミーさん / ターヌムンゴネキ / 愛のぴよ子 / 囃せ！どんちっちん
5,137,em-5514b5658aa3,ハリウッドナナコ師匠,5,2503,1093,9,delay,0.3195,0.3889,95,5,8,いいえ,婆娑羅でどーよ / ヤマさんヤミーさん / 愛のぴよ子 / 財閥だ浅ちゃん！ / ハリウッドナナコ師匠
5,138,em-9bd1ce6f159b,ハントン先輩,6,650,700,6,multi_hit_attack,0.3189,0.4306,93,7,8,いいえ,婆娑羅でどーよ / ヤマさんヤミーさん / ターヌムンゴネキ / 愛のぴよ子 / ハントン先輩
5,139,em-8d98226e5962,玉稜の首領・たまうー,29,3067,4260,4,delay,0.3185,0.375,99,1,8,いいえ,婆娑羅でどーよ / ヤマさんヤミーさん / コンドアーズ / おこしんMK-2 / 玉稜の首領・たまうー
5,140,em-5d524aa44032,元祖・銘菓ぴよ子,8,605,625,4,multi_hit_attack,0.3176,0.4236,95,5,8,いいえ,婆娑羅でどーよ / ヤマさんヤミーさん / ターヌムンゴネキ / 愛のぴよ子 / 元祖・銘菓ぴよ子
5,141,em-9c1df245a2ec,のぶくろお館,16,1100,1300,6,aoe_attack,0.3156,0.3333,99,1,8,いいえ,婆娑羅でどーよ / 北間・クラリス嬢 / コンドアーズ / 財閥だ浅ちゃん！ / のぶくろお館
5,142,em-b7a8623e2b49,のぶくろくん,8,500,700,8,aoe_attack,0.3153,0.4236,95,5,8,いいえ,婆娑羅でどーよ / ヤマさんヤミーさん / ターヌムンゴネキ / 愛のぴよ子 / のぶくろくん
5,143,em-ae6876a278ca,白水先生,9,680,724,7,aoe_attack,0.3152,0.4375,96,4,8,いいえ,婆娑羅でどーよ / ヤマさんヤミーさん / ターヌムンゴネキ / 愛のぴよ子 / 白水先生
5,144,em-9c69c811a77c,ヤック・ザ・ナイト,8,600,700,5,multi_hit_attack,0.3148,0.4306,95,5,8,いいえ,婆娑羅でどーよ / ヤマさんヤミーさん / ターヌムンゴネキ / 愛のぴよ子 / ヤック・ザ・ナイト
5,145,em-980bac842ec7,ウシュか☆丸か,5,1410,1404,10,revive,0.3136,0.3889,95,5,8,いいえ,婆娑羅でどーよ / ヤマさんヤミーさん / 愛のぴよ子 / 財閥だ浅ちゃん！ / ウシュか☆丸か
5,146,em-a6068b231beb,ハトラちゃん,10,299,1488,7,guard,0.313,0.4861,97,3,8,いいえ,ハリウッドナナコ師匠 / ヤマさんヤミーさん / コンドアーズ / 財閥だ浅ちゃん！ / ハトラちゃん
5,147,em-4ccfc2b986b5,舞え！どんちっちん,8,900,600,8,aoe_attack,0.3128,0.4306,95,5,8,いいえ,婆娑羅でどーよ / ヤマさんヤミーさん / ターヌムンゴネキ / 愛のぴよ子 / 舞え！どんちっちん
5,148,em-b68e81559a03,ピカリャー,6,400,600,7,multi_hit_attack,0.3118,0.4236,93,7,8,いいえ,婆娑羅でどーよ / ヤマさんヤミーさん / ターヌムンゴネキ / 愛のぴよ子 / ピカリャー
5,149,em-b4d695a20bfa,ハズク姉さん,12,700,600,7,multi_hit_attack,0.3115,0.4306,99,1,8,いいえ,婆娑羅でどーよ / ヤマさんヤミーさん / ターヌムンゴネキ / 愛のぴよ子 / ハズク姉さん
5,150,em-ffde6d61f228,有頂天☆安倍晴明,45,3936,4771,5,skill_reduction,0.3104,0.3472,98,2,8,いいえ,婆娑羅でどーよ / ペーチパイセン / 愛のぴよ子 / 聖☆いんてぃないか / 有頂天☆安倍晴明
5,151,em-40f4824b1c65,芋煮千十郎,9,1901,502,4,multi_hit_attack,0.31,0.4375,96,4,8,いいえ,婆娑羅でどーよ / ヤマさんヤミーさん / ターヌムンゴネキ / 愛のぴよ子 / 芋煮千十郎
5,152,em-773b001a1189,おづぬ様,60,4260,6816,5,attack_buff,0.3096,0.25,94,6,4,いいえ,ウシュか☆丸か / ファジル先生 / ご入学ぴよ子 / 旧市街地の魔物 / おづぬ様
5,153,em-188f3b3f954c,凄ェたっくん,8,636,1767,5,attack_buff,0.3092,0.4097,98,2,8,いいえ,婆娑羅でどーよ / ヤマさんヤミーさん / 愛のぴよ子 / 財閥だ浅ちゃん！ / 凄ェたっくん
5,154,em-c08f9d20049a,激辛ふとし君,8,701,1702,5,attack_buff,0.309,0.4097,98,2,8,いいえ,婆娑羅でどーよ / ヤマさんヤミーさん / 愛のぴよ子 / 財閥だ浅ちゃん！ / 激辛ふとし君
5,155,em-37ab32b36f96,ハントンさん,5,450,650,7,multi_hit_attack,0.3089,0.4236,92,8,8,いいえ,婆娑羅でどーよ / ヤマさんヤミーさん / ターヌムンゴネキ / 愛のぴよ子 / ハントンさん
5,156,em-2837181f6574,うおぬまンダー,6,500,600,7,aoe_attack,0.3076,0.4236,93,7,8,いいえ,婆娑羅でどーよ / ヤマさんヤミーさん / ターヌムンゴネキ / 愛のぴよ子 / うおぬまンダー
5,157,em-b8872ecc31c1,オバケな☆らんちぇん,31,1533,5367,5,attribute_guard,0.3066,0.4375,99,1,8,いいえ,ハリウッドナナコ師匠 / ヤマさんヤミーさん / コンドアーズ / 聖☆いんてぃないか / オバケな☆らんちぇん
5,158,em-d74e6be8b4b9,クビキリギス,40,3800,3544,4,damage_reduction,0.3057,0.4099,100,0,6,いいえ,婆娑羅でどーよ / 北間・クラリス嬢 / コンドアーズ / タミちゃんの火祭り / クビキリギス
5,159,em-07585cdaab4c,だいこっくんさん,12,1000,1200,9,attack_buff,0.3053,0.3819,99,1,8,いいえ,婆娑羅でどーよ / ヤマさんヤミーさん / 愛のぴよ子 / 巳ーちゃんさん / だいこっくんさん
5,160,em-489695d715f8,ボボ・さるぼぼ,10,600,700,5,aoe_attack,0.3034,0.4236,97,3,8,いいえ,婆娑羅でどーよ / ヤマさんヤミーさん / ターヌムンゴネキ / 愛のぴよ子 / ボボ・さるぼぼ
5,161,em-e8fc5c7a59a4,猫毘沙門天,36,4430,4089,4,aoe_attack,0.303,0.3958,100,0,8,いいえ,ハリウッドナナコ師匠 / ヤマさんヤミーさん / コンドアーズ / タミちゃんの火祭り / 猫毘沙門天
5,162,em-f1fdf84ea79d,どんちっちん,6,700,500,9,aoe_attack,0.3026,0.4306,93,7,8,いいえ,婆娑羅でどーよ / ヤマさんヤミーさん / ターヌムンゴネキ / 愛のぴよ子 / どんちっちん
5,163,em-3ba3c1cd24cc,P.O☆うるっしー,25,3220,1449,4,guard,0.3005,0.3819,96,4,8,いいえ,婆娑羅でどーよ / ヤマさんヤミーさん / 愛のぴよ子 / 聖☆いんてぃないか / P.O☆うるっしー
5,164,em-f53bffc021ea,曲弾動物ウーミン,33,2999,3544,5,skill_reduction,0.2999,0.3403,99,1,8,いいえ,婆娑羅でどーよ / トマティーナ少佐 / コンドアーズ / タミちゃんの火祭り / 曲弾動物ウーミン
5,165,em-4db528322142,だいこっくん様,16,1300,1400,9,attack_buff,0.2993,0.3472,87,13,8,いいえ,婆娑羅でどーよ / ヤマさんヤミーさん / 愛のぴよ子 / 聖☆いんてぃないか / だいこっくん様
5,166,em-b09b44b6b259,くだにょん,13,1128,1269,4,attack_buff,0.2992,0.3819,100,0,8,いいえ,婆娑羅でどーよ / ヤマさんヤミーさん / 愛のぴよ子 / 巳ーちゃんさん / くだにょん
5,167,em-75066f4bfd55,くーにょん,6,600,700,4,attack_buff,0.2986,0.4097,96,4,8,いいえ,婆娑羅でどーよ / ヤマさんヤミーさん / 愛のぴよ子 / 財閥だ浅ちゃん！ / くーにょん
5,168,em-0af21062aa7c,ｻﾗﾏﾝﾀﾞｰ祝High気分,30,2898,2817,6,skill_reduction,0.2983,0.3333,100,0,8,いいえ,婆娑羅でどーよ / ヤマさんヤミーさん / 愛のぴよ子 / 劇場版ＪＡＸＡイル / ｻﾗﾏﾝﾀﾞｰ祝High気分
5,169,em-c08850a0aec0,いなば☆うわぁああ！,20,2579,3220,4,skill_reduction,0.2978,0.3403,91,9,8,いいえ,婆娑羅でどーよ / ヤマさんヤミーさん / 愛のぴよ子 / 聖☆いんてぃないか / いなば☆うわぁああ！
5,170,em-9aec6212c779,白水兄さん,8,580,626,8,aoe_attack,0.2975,0.4236,95,5,8,いいえ,婆娑羅でどーよ / ヤマさんヤミーさん / ターヌムンゴネキ / 愛のぴよ子 / 白水兄さん
5,171,em-d239e5e972de,ズンビーフック,17,2012,3220,4,multi_hit_attack,0.2969,0.4306,99,1,8,いいえ,ハリウッドナナコ師匠 / ヤマさんヤミーさん / ターヌムンゴネキ / タミちゃんの火祭り / ズンビーフック
5,172,em-e1a6af095fc1,驀進叡智通,7,450,530,4,attack_buff,0.2968,0.3819,97,3,8,いいえ,婆娑羅でどーよ / ヤマさんヤミーさん / 愛のぴよ子 / 財閥だ浅ちゃん！ / 驀進叡智通
5,173,em-981bf693e8c3,メガネパンダ系の何か,19,2576,2415,6,skill_reduction,0.2955,0.3472,100,0,8,いいえ,婆娑羅でどーよ / 北間・クラリス嬢 / ターヌムンゴネキ / 劇場版ＪＡＸＡイル / メガネパンダ系の何か
5,174,em-fe08214f98fe,さるぼぼん,6,400,600,6,aoe_attack,0.2952,0.4236,93,7,8,いいえ,婆娑羅でどーよ / ヤマさんヤミーさん / ターヌムンゴネキ / 愛のぴよ子 / さるぼぼん
5,175,em-03fc13420b08,鳴子お嬢様,8,600,600,6,aoe_attack,0.2946,0.4236,95,5,8,いいえ,婆娑羅でどーよ / ヤマさんヤミーさん / ターヌムンゴネキ / 愛のぴよ子 / 鳴子お嬢様
5,176,em-9599a14be3a9,歴戦の剣闘士,10,350,1058,5,attack_buff,0.2941,0.4028,100,0,8,いいえ,婆娑羅でどーよ / ヤマさんヤミーさん / 愛のぴよ子 / 財閥だ浅ちゃん！ / 歴戦の剣闘士
5,177,em-ce4a4d623424,ケンＺＯ４号,8,502,1901,5,attack_buff,0.2921,0.3958,98,2,8,いいえ,婆娑羅でどーよ / ヤマさんヤミーさん / 愛のぴよ子 / 財閥だ浅ちゃん！ / ケンＺＯ４号
5,178,em-bfd568eb94ea,ベッピーさん,12,712,692,5,attack_buff,0.2909,0.375,99,1,8,いいえ,婆娑羅でどーよ / ヤマさんヤミーさん / 愛のぴよ子 / 巳ーちゃんさん / ベッピーさん
5,179,em-455f884e0481,迷菓ぴよ子先生,7,662,700,5,attack_buff,0.2908,0.3958,97,3,8,いいえ,婆娑羅でどーよ / ヤマさんヤミーさん / 愛のぴよ子 / 財閥だ浅ちゃん！ / 迷菓ぴよ子先生
5,180,em-7fe5a2875793,米倉英子(大学生),55,1,1,555,attack_buff,0.29,0.1597,97,3,5,いいえ,婆娑羅でどーよ / ペーチパイセン / 愛のぴよ子 / おこしんMK-2 / 米倉英子(大学生)
5,181,em-0ccc51b405ca,初代畳リーゼント,13,1045,2258,4,attack_buff,0.2888,0.3681,100,0,8,いいえ,婆娑羅でどーよ / ヤマさんヤミーさん / 愛のぴよ子 / 巳ーちゃんさん / 初代畳リーゼント
5,182,em-d3aec6288103,カニシカ大先生,39,6034,1440,5,heal,0.2877,0.3819,100,0,7,いいえ,婆娑羅でどーよ / アウス大先輩 / 愛のぴよ子 / 聖☆いんてぃないか / カニシカ大先生
5,183,em-039b9996f6f0,おろろセット先輩,45,1363,5623,5,delay,0.2876,0.3403,98,2,8,いいえ,婆娑羅でどーよ / ペーチパイセン / 愛のぴよ子 / 聖☆いんてぃないか / おろろセット先輩
5,184,em-f14da6dc7d26,チャイナさん,15,606,1876,4,attack_buff,0.2874,0.4306,100,0,8,いいえ,ハリウッドナナコ師匠 / ヤマさんヤミーさん / ターヌムンゴネキ / 劇場版ＪＡＸＡイル / チャイナさん
5,185,em-f4ac535052c1,ɑム・ɑクト・パップ,13,1341,2416,4,heal,0.2869,0.3958,100,0,8,いいえ,婆娑羅でどーよ / ヤマさんヤミーさん / 愛のぴよ子 / 巳ーちゃんさん / ɑム・ɑクト・パップ
5,186,em-a368a20e3521,ベッピーちゃん,8,611,595,5,attack_buff,0.2864,0.3958,98,2,8,いいえ,婆娑羅でどーよ / ヤマさんヤミーさん / 愛のぴよ子 / 財閥だ浅ちゃん！ / ベッピーちゃん
5,187,em-1527baa8e6c0,ジャックじゃない！と,6,400,500,6,multi_hit_attack,0.2853,0.4167,93,7,8,いいえ,婆娑羅でどーよ / ヤマさんヤミーさん / ターヌムンゴネキ / 愛のぴよ子 / ジャックじゃない！と
5,188,em-c879fe74178e,唸る！叡智通,5,370,410,4,attack_buff,0.2852,0.3819,95,5,8,いいえ,婆娑羅でどーよ / ヤマさんヤミーさん / 愛のぴよ子 / 財閥だ浅ちゃん！ / 唸る！叡智通
5,189,em-25fed9fde1ce,かっさーWoo！,16,1131,2403,4,attack_buff,0.2848,0.3333,87,13,8,いいえ,婆娑羅でどーよ / ヤマさんヤミーさん / 愛のぴよ子 / 聖☆いんてぃないか / かっさーWoo！
5,190,em-41c1f9333ff6,エグいできっしん,12,342,1062,5,attack_buff,0.2846,0.375,99,1,8,いいえ,婆娑羅でどーよ / ヤマさんヤミーさん / 愛のぴよ子 / 巳ーちゃんさん / エグいできっしん
5,191,em-e6c445da9312,おしゃまなタコむすめ,39,1704,5112,5,heal,0.2843,0.3819,97,3,7,いいえ,婆娑羅でどーよ / トマティーナ少佐 / コンドアーズ / 愛のぴよ子 / おしゃまなタコむすめ
5,192,em-e128354ca2de,シュレーダー帝,31,1795,3097,6,revive,0.2842,0.4028,93,7,8,いいえ,婆娑羅でどーよ / ペーチパイセン / トマティーナ少佐 / 聖☆いんてぃないか / シュレーダー帝
5,193,em-ebd6f9bf2bee,中野華蓮(日本人),17,1516,3638,4,attack_buff,0.2836,0.3681,88,12,8,いいえ,婆娑羅でどーよ / ヤマさんヤミーさん / 愛のぴよ子 / 聖☆いんてぃないか / 中野華蓮(日本人)
5,194,em-0a34a4b839d5,堕落勇者オトシゴ,60,4732,5111,8,damage_reduction,0.2836,0.3403,84,16,4,いいえ,じとっ子 / ペーチパイセン / デンマーくん / ブラジリアン首都術 / 堕落勇者オトシゴ
5,195,em-35e37020b193,æッシュちゃん,17,3542,2254,5,attribute_guard,0.2832,0.3681,88,12,8,いいえ,婆娑羅でどーよ / ヤマさんヤミーさん / 愛のぴよ子 / 聖☆いんてぃないか / æッシュちゃん
5,196,em-c8baf5b3e504,斑鳩の太子くん,36,4260,2896,4,heal,0.2826,0.375,96,4,8,いいえ,婆娑羅でどーよ / ヤマさんヤミーさん / 愛のぴよ子 / おこしんMK-2 / 斑鳩の太子くん
5,197,em-271fbedbbf39,レオ,22,2737,2093,4,damage_reduction,0.2821,0.3819,93,7,8,いいえ,婆娑羅でどーよ / ヤマさんヤミーさん / 愛のぴよ子 / 聖☆いんてぃないか / レオ
5,198,em-8cb75e870411,マンいーたち,50,3408,6816,4,aoe_attack,0.2809,0.3611,99,1,7,いいえ,婆娑羅でどーよ / ペーチパイセン / 愛のぴよ子 / タミちゃんの火祭り / マンいーたち
5,199,em-959e9037e6f6,だいこっくん,8,800,900,8,attack_buff,0.2808,0.3681,98,2,8,いいえ,婆娑羅でどーよ / ヤマさんヤミーさん / 愛のぴよ子 / 財閥だ浅ちゃん！ / だいこっくん
5,200,em-834effdc39a5,真・ぎょざる,8,499,491,6,aoe_attack,0.2804,0.4236,95,5,8,いいえ,婆娑羅でどーよ / ヤマさんヤミーさん / ターヌムンゴネキ / 愛のぴよ子 / 真・ぎょざる
5,201,em-57768559e8b8,旋律！タコ幼女,39,1533,4601,5,heal,0.2802,0.3819,97,3,7,いいえ,婆娑羅でどーよ / トマティーナ少佐 / コンドアーズ / 愛のぴよ子 / 旋律！タコ幼女
5,202,em-0a74c35caba2,畳リーゼント総長,10,512,912,4,attack_buff,0.2788,0.4097,100,0,8,いいえ,婆娑羅でどーよ / ヤマさんヤミーさん / 愛のぴよ子 / 財閥だ浅ちゃん！ / 畳リーゼント総長
5,203,em-41ff91d7d090,有馬スター,9,1159,1244,4,heal,0.278,0.4028,99,1,8,いいえ,婆娑羅でどーよ / ヤマさんヤミーさん / 愛のぴよ子 / 財閥だ浅ちゃん！ / 有馬スター
5,204,em-8532615661b1,ハズクさん,10,500,400,8,multi_hit_attack,0.2777,0.4167,97,3,8,いいえ,婆娑羅でどーよ / ヤマさんヤミーさん / ターヌムンゴネキ / 愛のぴよ子 / ハズクさん
5,205,em-0183a7a13db2,かーたん・べーり,32,4089,4089,5,attribute_guard,0.2766,0.3958,99,1,8,いいえ,婆娑羅でどーよ / ヤマさんヤミーさん / 愛のぴよ子 / タミちゃんの火祭り / かーたん・べーり
5,206,em-bca5e711ca4b,あろま・シュワー,16,1060,1201,5,revive,0.2761,0.4167,99,1,8,いいえ,婆娑羅でどーよ / 北間・クラリス嬢 / コンドアーズ / 財閥だ浅ちゃん！ / あろま・シュワー
5,207,em-9372502bc6a4,餞のガブリン,42,1913,5367,4,revive,0.2745,0.4028,95,5,8,いいえ,婆娑羅でどーよ / ペーチパイセン / 愛のぴよ子 / 聖☆いんてぃないか / 餞のガブリン
5,208,em-220d63bfc07c,ハントンくん,3,350,500,8,multi_hit_attack,0.2739,0.3819,100,0,8,いいえ,婆娑羅でどーよ / ヤマさんヤミーさん / 愛のぴよ子 / 花火戦隊サイガーRe / ハントンくん
5,209,em-7547c480c963,ウミユリーず,60,4430,6475,5,skill_reduction,0.2727,0.2431,94,6,4,いいえ,ウシュか☆丸か / ファジル先生 / ご入学ぴよ子 / 旧市街地の魔物 / ウミユリーず
5,210,em-572c57cf5e18,湘南大水曜日ボーイ,28,2044,5623,4,attack_buff,0.2721,0.4028,98,2,8,いいえ,婆娑羅でどーよ / ヤマさんヤミーさん / コンドアーズ / おこしんMK-2 / 湘南大水曜日ボーイ
5,211,em-fc400150cadd,サンタぴよ子,10,1173,1173,4,skill_reduction,0.2717,0.3958,100,0,8,いいえ,婆娑羅でどーよ / ヤマさんヤミーさん / 愛のぴよ子 / 財閥だ浅ちゃん！ / サンタぴよ子
5,212,em-c6337efaceae,ｴﾚｶﾞﾝﾄ☆トラボル子,47,4260,4771,5,aoe_attack,0.2717,0.3472,100,0,8,いいえ,婆娑羅でどーよ / ペーチパイセン / 愛のぴよ子 / 聖☆いんてぃないか / ｴﾚｶﾞﾝﾄ☆トラボル子
5,213,em-2a2200aaa8bd,バロック神父そん,18,1993,1812,6,attribute_guard,0.27,0.3889,89,11,8,いいえ,婆娑羅でどーよ / ヤマさんヤミーさん / 愛のぴよ子 / 聖☆いんてぃないか / バロック神父そん
5,214,em-4025a820b0a7,新・ぎょざる,5,400,400,6,aoe_attack,0.2698,0.4167,92,8,8,いいえ,婆娑羅でどーよ / ヤマさんヤミーさん / ターヌムンゴネキ / 愛のぴよ子 / 新・ぎょざる
5,215,em-ce589bb8d6d8,鳴子さん,5,400,400,7,aoe_attack,0.2698,0.4167,92,8,8,いいえ,婆娑羅でどーよ / ヤマさんヤミーさん / ターヌムンゴネキ / 愛のぴよ子 / 鳴子さん
5,216,em-13467c934268,五神合体法隆Ｇ,15,1050,550,6,guard,0.2693,0.3958,100,0,8,いいえ,ハリウッドナナコ師匠 / ヤマさんヤミーさん / ターヌムンゴネキ / 劇場版ＪＡＸＡイル / 五神合体法隆Ｇ
5,217,em-1fd25fee47a1,いなば・うあー,15,1000,1400,5,skill_reduction,0.2692,0.3958,100,0,8,いいえ,ハリウッドナナコ師匠 / ヤマさんヤミーさん / ターヌムンゴネキ / 劇場版ＪＡＸＡイル / いなば・うあー
5,218,em-1d111df2ae70,ヤックです,5,300,400,7,multi_hit_attack,0.2682,0.4097,92,8,8,いいえ,婆娑羅でどーよ / ヤマさんヤミーさん / ターヌムンゴネキ / 愛のぴよ子 / ヤックです
5,219,em-9cbbb04818bd,シミ,20,1704,2215,4,heal,0.268,0.3333,91,9,8,いいえ,婆娑羅でどーよ / ヤマさんヤミーさん / 愛のぴよ子 / 聖☆いんてぃないか / シミ
5,220,em-bc583c6ff83e,卍石★モチ子,40,4625,4966,5,attribute_guard,0.2672,0.4028,100,0,6,いいえ,婆娑羅でどーよ / 北間・クラリス嬢 / コンドアーズ / タミちゃんの火祭り / 卍石★モチ子
5,221,em-ad8d69dc1ea4,強いできっしん,8,263,942,5,attack_buff,0.266,0.3889,98,2,8,いいえ,婆娑羅でどーよ / ヤマさんヤミーさん / 愛のぴよ子 / 財閥だ浅ちゃん！ / 強いできっしん
5,222,em-fa2d14d3eb33,大天姿☆ぴよ子,46,7572,756,5,skill_reduction,0.2659,0.3056,96,4,8,いいえ,婆娑羅でどーよ / ペーチパイセン / トマティーナ少佐 / 愛のぴよ子 / 大天姿☆ぴよ子
5,223,em-32b98839a4c2,派遣社員だ浅子さん,6,380,600,5,attack_buff,0.2658,0.375,96,4,8,いいえ,婆娑羅でどーよ / ヤマさんヤミーさん / 愛のぴよ子 / 財閥だ浅ちゃん！ / 派遣社員だ浅子さん
5,224,em-20d0672eefa5,実際かにろう,8,1269,987,4,delay,0.2657,0.3889,98,2,8,いいえ,婆娑羅でどーよ / ヤマさんヤミーさん / 愛のぴよ子 / 財閥だ浅ちゃん！ / 実際かにろう
5,225,em-962f1faafed7,三貴子アマテラス,75,10309,5112,5,revive,0.2648,0.3681,99,1,4,いいえ,ケンＺＯ１号 / ペーチパイセン / デンマーくん / おこしんMK-2 / 三貴子アマテラス
5,226,em-74e8fc67e60c,竹輪大臣,5,200,900,4,attack_buff,0.2646,0.3958,95,5,8,いいえ,婆娑羅でどーよ / ヤマさんヤミーさん / 愛のぴよ子 / 財閥だ浅ちゃん！ / 竹輪大臣
5,227,em-96f9283052eb,ロロちゃんさん先輩,22,2254,2737,5,revive,0.2643,0.3889,93,7,8,いいえ,婆娑羅でどーよ / ヤマさんヤミーさん / 愛のぴよ子 / 聖☆いんてぃないか / ロロちゃんさん先輩
5,228,em-7976e2f3d65d,迷菓ぴよ子先輩,5,502,530,5,attack_buff,0.2635,0.3681,95,5,8,いいえ,婆娑羅でどーよ / ヤマさんヤミーさん / 愛のぴよ子 / 財閥だ浅ちゃん！ / 迷菓ぴよ子先輩
5,229,em-471b1ba55d5c,有馬んば,13,1413,1244,4,heal,0.2634,0.3819,100,0,8,いいえ,婆娑羅でどーよ / ヤマさんヤミーさん / 愛のぴよ子 / 巳ーちゃんさん / 有馬んば
5,230,em-e73e837049b5,ｿﾞﾝﾋﾞｶﾞｰﾙ･ガブリン,28,1366,3834,4,revive,0.2626,0.4167,98,2,8,いいえ,婆娑羅でどーよ / ヤマさんヤミーさん / コンドアーズ / おこしんMK-2 / ｿﾞﾝﾋﾞｶﾞｰﾙ･ガブリン
5,231,em-dab58d0db3e1,夕陽のカウボーイ,17,1661,1661,5,revive,0.2623,0.4097,100,0,8,いいえ,婆娑羅でどーよ / 北間・クラリス嬢 / コンドアーズ / 財閥だ浅ちゃん！ / 夕陽のカウボーイ
5,232,em-45dad5139056,ベギン改・修道女,37,4565,4467,4,revive,0.2622,0.3889,98,2,8,いいえ,婆娑羅でどーよ / アウス大先輩 / 愛のぴよ子 / 聖☆いんてぃないか / ベギン改・修道女
5,233,em-18cdc04bd0d0,ｼﾞｬｯｸｵｰ・ランちゃん,20,1022,3578,5,attribute_guard,0.2613,0.3681,98,2,8,いいえ,婆娑羅でどーよ / 北間・クラリス嬢 / ターヌムンゴネキ / タミちゃんの火祭り / ｼﾞｬｯｸｵｰ・ランちゃん
5,234,em-267a29792afd,ウーミン,33,2249,2658,5,skill_reduction,0.261,0.3125,100,0,8,いいえ,婆娑羅でどーよ / ヤマさんヤミーさん / 愛のぴよ子 / タミちゃんの火祭り / ウーミン
5,235,em-6acd0e20d832,たこむすめ,39,1363,4089,5,heal,0.2605,0.3542,99,1,7,いいえ,婆娑羅でどーよ / ヤマさんヤミーさん / 愛のぴよ子 / おこしんMK-2 / たこむすめ
5,236,em-93e0810ca88c,宇壺田ウツ雄,25,3067,3067,6,damage_reduction,0.2599,0.3889,96,4,8,いいえ,婆娑羅でどーよ / ヤマさんヤミーさん / 愛のぴよ子 / 聖☆いんてぃないか / 宇壺田ウツ雄
5,237,em-1fcc8f4c1ae3,ヴェルサイユの朝,45,2556,6645,5,attack_buff,0.2597,0.375,98,2,8,いいえ,婆娑羅でどーよ / ペーチパイセン / 愛のぴよ子 / 聖☆いんてぃないか / ヴェルサイユの朝
5,238,em-9f9a1c0e673f,リアルリオンさん,10,600,1100,5,delay,0.2596,0.3958,100,0,8,いいえ,婆娑羅でどーよ / ヤマさんヤミーさん / 愛のぴよ子 / 財閥だ浅ちゃん！ / リアルリオンさん
5,239,em-43c2f997e41c,きっしん,7,170,830,5,attack_buff,0.2592,0.3819,97,3,8,いいえ,婆娑羅でどーよ / ヤマさんヤミーさん / 愛のぴよ子 / 財閥だ浅ちゃん！ / きっしん
5,240,em-dc6446295503,ハズクちゃん,8,400,300,9,multi_hit_attack,0.259,0.4097,95,5,8,いいえ,婆娑羅でどーよ / ヤマさんヤミーさん / ターヌムンゴネキ / 愛のぴよ子 / ハズクちゃん
5,241,em-7a89b660417d,くーちゃん,5,400,500,4,attack_buff,0.259,0.3819,95,5,8,いいえ,婆娑羅でどーよ / ヤマさんヤミーさん / 愛のぴよ子 / 財閥だ浅ちゃん！ / くーちゃん
5,242,em-0ba3ddcc384c,雛段芸人☆さくらんず,16,1510,1887,5,skill_reduction,0.2589,0.3333,99,1,8,いいえ,婆娑羅でどーよ / 北間・クラリス嬢 / コンドアーズ / 財閥だ浅ちゃん！ / 雛段芸人☆さくらんず
5,243,em-2c08686a6d88,猿もの追い払いネキ,42,4171,3977,5,damage_reduction,0.2585,0.3958,95,5,8,いいえ,婆娑羅でどーよ / ペーチパイセン / 愛のぴよ子 / 聖☆いんてぃないか / 猿もの追い払いネキ
5,244,em-124d2df2b85e,ディオクレ君,23,2416,1449,4,skill_reduction,0.2579,0.3264,94,6,8,いいえ,婆娑羅でどーよ / ヤマさんヤミーさん / 愛のぴよ子 / 聖☆いんてぃないか / ディオクレ君
5,245,em-78c7d71a75d2,美音三銃士を連れてきたよ,50,6475,3748,5,revive,0.2575,0.3819,99,1,7,いいえ,婆娑羅でどーよ / ペーチパイセン / 愛のぴよ子 / タミちゃんの火祭り / 美音三銃士を連れてきたよ
5,246,em-40bd3b1e44fa,五月病の悪魔の契約,55,4123,4226,4,aoe_attack,0.2575,0.3264,97,3,5,いいえ,婆娑羅でどーよ / ペーチパイセン / 愛のぴよ子 / おこしんMK-2 / 五月病の悪魔の契約
5,247,em-f7612fbdd637,大森さん,3,1000,100,5,damage_reduction,0.2564,0.3958,100,0,8,いいえ,婆娑羅でどーよ / ヤマさんヤミーさん / 愛のぴよ子 / 花火戦隊サイガーRe / 大森さん
5,248,em-960c8d1446c2,GC・アガッシィΩ,42,3578,3578,4,multi_hit_attack,0.2562,0.3333,95,5,8,いいえ,婆娑羅でどーよ / ペーチパイセン / 愛のぴよ子 / 聖☆いんてぃないか / GC・アガッシィΩ
5,249,em-6aaeda4f2f3a,ギガキプ☆アガッシイ,35,2726,2726,4,multi_hit_attack,0.2559,0.3472,100,0,8,いいえ,ハリウッドナナコ師匠 / ヤマさんヤミーさん / トマティーナ少佐 / コンドアーズ / ギガキプ☆アガッシイ
5,250,em-d9f30734dd50,草カロ花子,7,1159,1244,5,heal,0.2557,0.3819,97,3,8,いいえ,婆娑羅でどーよ / ヤマさんヤミーさん / 愛のぴよ子 / 財閥だ浅ちゃん！ / 草カロ花子
5,251,em-698af6462642,反魂タン昼食TIME,32,3067,5623,4,attack_buff,0.2557,0.3819,98,2,8,いいえ,婆娑羅でどーよ / トマティーナ少佐 / コンドアーズ / タミちゃんの火祭り / 反魂タン昼食TIME
5,252,em-422fdd383a00,芋煮百太郎,7,680,300,5,multi_hit_attack,0.2555,0.4167,94,6,8,いいえ,婆娑羅でどーよ / ヤマさんヤミーさん / ターヌムンゴネキ / 愛のぴよ子 / 芋煮百太郎
5,253,em-82f2d0dfc734,マジでたっくん,6,295,885,5,attack_buff,0.2552,0.3889,96,4,8,いいえ,婆娑羅でどーよ / ヤマさんヤミーさん / 愛のぴよ子 / 財閥だ浅ちゃん！ / マジでたっくん
5,254,em-d5d58dc5e468,子供神・わらしちゃん,7,565,1131,4,delay,0.2547,0.375,97,3,8,いいえ,婆娑羅でどーよ / ヤマさんヤミーさん / 愛のぴよ子 / 財閥だ浅ちゃん！ / 子供神・わらしちゃん
5,255,em-b06129e327ac,ケンＺＯ３号,6,300,680,5,attack_buff,0.2545,0.375,96,4,8,いいえ,婆娑羅でどーよ / ヤマさんヤミーさん / 愛のぴよ子 / 財閥だ浅ちゃん！ / ケンＺＯ３号
5,256,em-bc6da5addf52,桜ブーナッド,46,5547,4013,5,heal,0.2535,0.4097,99,1,8,いいえ,婆娑羅でどーよ / ペーチパイセン / 愛のぴよ子 / 聖☆いんてぃないか / 桜ブーナッド
5,257,em-ec52e54bb473,ﾀｰｷｰﾃﾞ-なじとっこ君,10,706,2403,4,attack_buff,0.2532,0.4097,100,0,8,いいえ,婆娑羅でどーよ / ヤマさんヤミーさん / 愛のぴよ子 / 財閥だ浅ちゃん！ / ﾀｰｷｰﾃﾞ-なじとっこ君
5,258,em-df28e035685e,ハル先輩,11,626,1096,5,heal,0.2532,0.3681,98,2,8,いいえ,婆娑羅でどーよ / ヤマさんヤミーさん / 愛のぴよ子 / 巳ーちゃんさん / ハル先輩
5,259,em-231cdc0f0757,忠犬八太郎,14,3775,755,6,delay,0.2529,0.3333,100,0,8,いいえ,婆娑羅でどーよ / トマティーナ少佐 / 花火戦隊サイガーRe / 愛のぴよ子 / 忠犬八太郎
5,260,em-70d6edc2819a,熟練の剣闘士,8,265,940,5,attack_buff,0.2522,0.3889,98,2,8,いいえ,婆娑羅でどーよ / ヤマさんヤミーさん / 愛のぴよ子 / 財閥だ浅ちゃん！ / 熟練の剣闘士
5,261,em-8a847b9e3d1d,アストロ・あっしゅ,15,1900,1100,5,attribute_guard,0.2512,0.3958,100,0,8,いいえ,ハリウッドナナコ師匠 / ヤマさんヤミーさん / ターヌムンゴネキ / 劇場版ＪＡＸＡイル / アストロ・あっしゅ
5,262,em-a62aee8d3548,レゲエじゃまいか,40,5453,3748,4,revive,0.2511,0.3889,100,0,6,いいえ,婆娑羅でどーよ / ヤマさんヤミーさん / 愛のぴよ子 / おこしんMK-2 / レゲエじゃまいか
5,263,em-10aded4f89d1,ゲイコツガブリムシ,13,820,2300,5,revive,0.2501,0.4028,96,4,8,いいえ,婆娑羅でどーよ / 北間・クラリス嬢 / コンドアーズ / 財閥だ浅ちゃん！ / ゲイコツガブリムシ
5,264,em-49b522eac464,ジェヴォたんは狼？,43,3006,6022,4,multi_hit_attack,0.2483,0.3194,96,4,8,いいえ,婆娑羅でどーよ / ペーチパイセン / 愛のぴよ子 / 聖☆いんてぃないか / ジェヴォたんは狼？
5,265,em-08381d79cfef,大森銀さん,5,1300,150,4,damage_reduction,0.2479,0.375,95,5,8,いいえ,婆娑羅でどーよ / ヤマさんヤミーさん / 愛のぴよ子 / 財閥だ浅ちゃん！ / 大森銀さん
5,266,em-7a5536e43124,因幡WAHHH!!,31,3578,4771,4,attack_buff,0.2478,0.375,99,1,8,いいえ,婆娑羅でどーよ / ヤマさんヤミーさん / トマティーナ少佐 / 愛のぴよ子 / 因幡WAHHH!!
5,267,em-3151d77efe3f,チンチョーロさん,37,4805,4805,7,revive,0.2476,0.3889,98,2,8,いいえ,婆娑羅でどーよ / アウス大先輩 / 愛のぴよ子 / 聖☆いんてぃないか / チンチョーロさん
5,268,em-da8dd7644e31,法隆ジェット,7,600,400,6,guard,0.2472,0.375,97,3,8,いいえ,婆娑羅でどーよ / ヤマさんヤミーさん / 愛のぴよ子 / 財閥だ浅ちゃん！ / 法隆ジェット
5,269,em-b791d78202d5,英国面の本気,38,6816,1363,5,multi_hit_attack,0.2471,0.3403,99,1,8,いいえ,婆娑羅でどーよ / ペーチパイセン / トマティーナ少佐 / 劇場版ＪＡＸＡイル / 英国面の本気
5,270,em-0f4d66009260,叡智通,4,280,332,4,attack_buff,0.2463,0.3681,94,6,8,いいえ,婆娑羅でどーよ / ヤマさんヤミーさん / 愛のぴよ子 / 財閥だ浅ちゃん！ / 叡智通
5,271,em-9960799ef9aa,ににぎのミコト,35,4941,3748,5,attack_buff,0.2459,0.3403,96,4,8,いいえ,婆娑羅でどーよ / ペーチパイセン / トマティーナ少佐 / 劇場版ＪＡＸＡイル / ににぎのミコト
5,272,em-66075c4def49,K・Y・イマガワ,40,5793,3237,5,attack_buff,0.2458,0.3542,98,2,6,いいえ,婆娑羅でどーよ / アウス大先輩 / トマティーナ少佐 / 愛のぴよ子 / K・Y・イマガワ
5,273,em-54897d4f731d,ケンＺＯ２号,5,200,580,5,attack_buff,0.2451,0.3681,95,5,8,いいえ,婆娑羅でどーよ / ヤマさんヤミーさん / 愛のぴよ子 / 財閥だ浅ちゃん！ / ケンＺＯ２号
5,274,em-ae9fd7e6b2dc,ヘヴィなじとっ子君,8,607,1795,4,attack_buff,0.2435,0.4028,98,2,8,いいえ,婆娑羅でどーよ / ヤマさんヤミーさん / 愛のぴよ子 / 財閥だ浅ちゃん！ / ヘヴィなじとっ子君
5,275,em-41c5d9f739e4,健やか泰三,44,3052,5964,5,revive,0.2433,0.4028,97,3,8,いいえ,婆娑羅でどーよ / ペーチパイセン / 愛のぴよ子 / 聖☆いんてぃないか / 健やか泰三
5,276,em-f2bb13033bf0,鳴子ちゃん,3,300,300,8,aoe_attack,0.243,0.3819,100,0,8,いいえ,婆娑羅でどーよ / ヤマさんヤミーさん / 愛のぴよ子 / 花火戦隊サイガーRe / 鳴子ちゃん
5,277,em-4d6fe3f2c9ae,くーさん,3,300,400,4,attack_buff,0.243,0.3681,100,0,8,いいえ,婆娑羅でどーよ / ヤマさんヤミーさん / 愛のぴよ子 / 花火戦隊サイガーRe / くーさん
5,278,em-3ff69ed35fe7,wiーん・ザ・ウルフ,19,2898,2898,4,attribute_change,0.2424,0.3819,100,0,8,いいえ,婆娑羅でどーよ / 北間・クラリス嬢 / ターヌムンゴネキ / 劇場版ＪＡＸＡイル / wiーん・ザ・ウルフ
5,279,em-ea2d3d13fc78,いなば☆うあー,18,1300,1700,4,skill_reduction,0.2424,0.3264,89,11,8,いいえ,婆娑羅でどーよ / ヤマさんヤミーさん / 愛のぴよ子 / 聖☆いんてぃないか / いなば☆うあー
5,280,em-38a5d43fe466,畳リーゼント先輩,8,393,812,4,attack_buff,0.2421,0.3889,98,2,8,いいえ,婆娑羅でどーよ / ヤマさんヤミーさん / 愛のぴよ子 / 財閥だ浅ちゃん！ / 畳リーゼント先輩
5,281,em-eea7e5ad714b,饅頭石餅子,30,3433,4114,5,attribute_guard,0.242,0.3819,100,0,8,いいえ,婆娑羅でどーよ / ヤマさんヤミーさん / アウス大先輩 / おこしんMK-2 / 饅頭石餅子
5,282,em-299bbc95ef27,タコンナ,60,4260,5964,5,heal,0.2417,0.2847,94,6,4,いいえ,ハリウッドナナコ師匠 / ファジル先生 / ご入学ぴよ子 / 旧市街地の魔物 / タコンナ
5,283,em-34a894a8519d,ロロ先輩,16,1100,1400,6,revive,0.241,0.375,99,1,8,いいえ,婆娑羅でどーよ / 北間・クラリス嬢 / コンドアーズ / 財閥だ浅ちゃん！ / ロロ先輩
5,284,em-f6360fa6b0ca,伝統のうるっしー,16,1800,600,4,guard,0.241,0.3611,99,1,8,いいえ,婆娑羅でどーよ / 北間・クラリス嬢 / コンドアーズ / 財閥だ浅ちゃん！ / 伝統のうるっしー
5,285,em-6f8dfc0a39eb,近すぎリオンさん,16,1000,1500,4,delay,0.2401,0.3333,99,1,8,いいえ,婆娑羅でどーよ / 北間・クラリス嬢 / コンドアーズ / 財閥だ浅ちゃん！ / 近すぎリオンさん
5,286,em-0697e2f112ca,ケンＺＯ１号,4,102,510,5,attack_buff,0.2392,0.3681,94,6,8,いいえ,婆娑羅でどーよ / ヤマさんヤミーさん / 愛のぴよ子 / 財閥だ浅ちゃん！ / ケンＺＯ１号
5,287,em-ccd4db81276f,夜間学校な浅子さん,5,200,500,5,attack_buff,0.239,0.3542,95,5,8,いいえ,婆娑羅でどーよ / ヤマさんヤミーさん / 愛のぴよ子 / 財閥だ浅ちゃん！ / 夜間学校な浅子さん
5,288,em-7b3f53eed84e,?????,14,1380,2675,4,attack_buff,0.239,0.3472,85,15,8,いいえ,婆娑羅でどーよ / ヤマさんヤミーさん / 愛のぴよ子 / 聖☆いんてぃないか / ?????
5,289,em-8cff13c7ab2a,ツボの中のウツボン,13,1917,1917,6,damage_reduction,0.2388,0.3681,96,4,8,いいえ,婆娑羅でどーよ / 北間・クラリス嬢 / コンドアーズ / 財閥だ浅ちゃん！ / ツボの中のウツボン
5,290,em-feafabb058cc,皐月けいび,4,614,614,6,skill_reduction,0.2386,0.3819,94,6,8,いいえ,婆娑羅でどーよ / ヤマさんヤミーさん / 愛のぴよ子 / 財閥だ浅ちゃん！ / 皐月けいび
5,291,em-04bcad8262b9,現実リオンさん,12,700,1300,4,delay,0.2376,0.3472,99,1,8,いいえ,婆娑羅でどーよ / ヤマさんヤミーさん / 愛のぴよ子 / 巳ーちゃんさん / 現実リオンさん
5,292,em-090474161194,オム・オクト・パッス,12,888,900,5,heal,0.237,0.375,99,1,8,いいえ,婆娑羅でどーよ / ヤマさんヤミーさん / 愛のぴよ子 / 巳ーちゃんさん / オム・オクト・パッス
5,293,em-d295de1e4086,海の日シスターズ♪,40,3823,4657,4,attack_buff,0.2367,0.3403,98,2,6,いいえ,婆娑羅でどーよ / アウス大先輩 / トマティーナ少佐 / 愛のぴよ子 / 海の日シスターズ♪
5,294,em-a14b58fbc4fa,うるっしー,8,1000,400,5,guard,0.2361,0.3819,98,2,8,いいえ,婆娑羅でどーよ / ヤマさんヤミーさん / 愛のぴよ子 / 財閥だ浅ちゃん！ / うるっしー
5,295,em-f7eb502f39f3,芋煮十郎,5,580,200,6,multi_hit_attack,0.2357,0.4028,92,8,8,いいえ,婆娑羅でどーよ / ヤマさんヤミーさん / ターヌムンゴネキ / 愛のぴよ子 / 芋煮十郎
5,296,em-7e0f073f3656,年中無休な落花妖精,41,5538,3834,8,damage_reduction,0.2353,0.3194,100,0,5,いいえ,婆娑羅でどーよ / トマティーナ少佐 / 愛のぴよ子 / 劇場版ＪＡＸＡイル / 年中無休な落花妖精
5,297,em-4299af9bd2dc,皐月むりょく,4,614,614,6,skill_reduction,0.2347,0.375,94,6,8,いいえ,婆娑羅でどーよ / ヤマさんヤミーさん / 愛のぴよ子 / 財閥だ浅ちゃん！ / 皐月むりょく
5,298,em-d0639c20e6b1,ユーコ☆宇宙,24,4260,2556,4,revive,0.2345,0.3819,95,5,8,いいえ,婆娑羅でどーよ / ヤマさんヤミーさん / 愛のぴよ子 / 聖☆いんてぃないか / ユーコ☆宇宙
5,299,em-7e369f15337f,超辛ふとし君,6,321,659,5,attack_buff,0.2341,0.3611,96,4,8,いいえ,婆娑羅でどーよ / ヤマさんヤミーさん / 愛のぴよ子 / 財閥だ浅ちゃん！ / 超辛ふとし君
5,300,em-71b88b3e60d7,迷菓ぴよ子,4,346,356,5,attack_buff,0.2341,0.3542,94,6,8,いいえ,婆娑羅でどーよ / ヤマさんヤミーさん / 愛のぴよ子 / 財閥だ浅ちゃん！ / 迷菓ぴよ子
5,301,em-1c29986cc8dd,玄武けいび,4,315,335,6,damage_reduction,0.2332,0.3681,94,6,8,いいえ,婆娑羅でどーよ / ヤマさんヤミーさん / 愛のぴよ子 / 財閥だ浅ちゃん！ / 玄武けいび
5,302,em-3f6d9cba0059,いなばうあー,12,700,1100,6,skill_reduction,0.233,0.3542,99,1,8,いいえ,婆娑羅でどーよ / ヤマさんヤミーさん / 愛のぴよ子 / 巳ーちゃんさん / いなばうあー
5,303,em-a81a753351d9,戸定梨香,28,3216,3534,4,revive,0.2329,0.375,99,1,8,いいえ,婆娑羅でどーよ / ヤマさんヤミーさん / 愛のぴよ子 / 聖☆いんてぃないか / 戸定梨香
5,304,em-6ffc5801eae4,ぎょざる,4,293,312,6,aoe_attack,0.2323,0.3681,94,6,8,いいえ,婆娑羅でどーよ / ヤマさんヤミーさん / 愛のぴよ子 / 財閥だ浅ちゃん！ / ぎょざる
5,305,em-e5fb3c6a3323,ガジュ・まる子さん,34,3748,4430,5,revive,0.2319,0.3819,100,0,8,いいえ,婆娑羅でどーよ / トマティーナ少佐 / コンドアーズ / タミちゃんの火祭り / ガジュ・まる子さん
5,306,em-9329de26d52c,iびるん大魔王,14,1812,1963,5,guard,0.2318,0.3333,97,3,8,いいえ,婆娑羅でどーよ / 北間・クラリス嬢 / コンドアーズ / 財閥だ浅ちゃん！ / iびるん大魔王
5,307,em-55bda88e7993,パンダ系メガネ,16,1300,1200,6,skill_reduction,0.2316,0.3333,99,1,8,いいえ,婆娑羅でどーよ / 北間・クラリス嬢 / コンドアーズ / 財閥だ浅ちゃん！ / パンダ系メガネ
5,308,em-efaa90d2f7dc,竹輪先生,3,150,700,5,attack_buff,0.2314,0.375,100,0,8,いいえ,婆娑羅でどーよ / ヤマさんヤミーさん / 愛のぴよ子 / 花火戦隊サイガーRe / 竹輪先生
5,309,em-962fa89cd31d,極東恋姫☆霧子たん,15,1243,1161,5,revive,0.2312,0.4375,100,0,8,いいえ,ハリウッドナナコ師匠 / ヤマさんヤミーさん / ターヌムンゴネキ / 劇場版ＪＡＸＡイル / 極東恋姫☆霧子たん
5,310,em-646a258bedba,ロロちゃん,8,500,800,8,revive,0.2312,0.3819,98,2,8,いいえ,婆娑羅でどーよ / ヤマさんヤミーさん / 愛のぴよ子 / 財閥だ浅ちゃん！ / ロロちゃん
5,311,em-3e1bbfb34a76,芳一大師匠,14,1128,1269,4,revive,0.2311,0.375,97,3,8,いいえ,婆娑羅でどーよ / 北間・クラリス嬢 / コンドアーズ / 財閥だ浅ちゃん！ / 芳一大師匠
5,312,em-7d756ba8373e,謹賀新年のびゃこ,47,2300,6219,4,attack_buff,0.231,0.3264,100,0,8,いいえ,婆娑羅でどーよ / ペーチパイセン / 愛のぴよ子 / 聖☆いんてぃないか / 謹賀新年のびゃこ
5,313,em-f5eb41dbe671,たたらん先輩,9,600,400,4,attack_buff,0.2306,0.3611,99,1,8,いいえ,婆娑羅でどーよ / ヤマさんヤミーさん / 愛のぴよ子 / 財閥だ浅ちゃん！ / たたらん先輩
5,314,em-b9ee6ac8db32,爆走！えるたそ,13,2114,1661,4,attack_buff,0.2305,0.3611,100,0,8,いいえ,婆娑羅でどーよ / ヤマさんヤミーさん / 愛のぴよ子 / 巳ーちゃんさん / 爆走！えるたそ
5,315,em-91791d21e202,ネオけいび,6,305,310,6,attribute_guard,0.2296,0.375,96,4,8,いいえ,婆娑羅でどーよ / ヤマさんヤミーさん / 愛のぴよ子 / 財閥だ浅ちゃん！ / ネオけいび
5,316,em-da69b63392e4,手品師！エッシュさん,6,600,600,4,skill_reduction,0.2286,0.3819,96,4,8,いいえ,婆娑羅でどーよ / ヤマさんヤミーさん / 愛のぴよ子 / 財閥だ浅ちゃん！ / 手品師！エッシュさん
5,317,em-594f4648caff,金閣鹿苑大先生,7,1201,1201,4,revive,0.2282,0.3958,97,3,8,いいえ,婆娑羅でどーよ / ヤマさんヤミーさん / 愛のぴよ子 / 財閥だ浅ちゃん！ / 金閣鹿苑大先生
5,318,em-2998c94ac8cc,ギガ☆キプちゃん,28,1874,1874,4,multi_hit_attack,0.2282,0.3333,98,2,8,いいえ,婆娑羅でどーよ / ヤマさんヤミーさん / コンドアーズ / おこしんMK-2 / ギガ☆キプちゃん
5,319,em-17e6d828aa8d,かなりたっくん,5,195,685,5,attack_buff,0.2262,0.3611,95,5,8,いいえ,婆娑羅でどーよ / ヤマさんヤミーさん / 愛のぴよ子 / 財閥だ浅ちゃん！ / かなりたっくん
5,320,em-30cf649c4daf,けいび,5,295,300,5,attribute_guard,0.2252,0.3681,95,5,8,いいえ,婆娑羅でどーよ / ヤマさんヤミーさん / 愛のぴよ子 / 財閥だ浅ちゃん！ / けいび
5,321,em-fa09a3c6aeb6,アイヤーさん,8,314,913,5,attack_buff,0.2249,0.375,98,2,8,いいえ,婆娑羅でどーよ / ヤマさんヤミーさん / 愛のぴよ子 / 財閥だ浅ちゃん！ / アイヤーさん
5,322,em-02e0499d8e24,朱雀,36,4430,4941,4,attack_buff,0.2249,0.3403,97,3,8,いいえ,婆娑羅でどーよ / ペーチパイセン / トマティーナ少佐 / 劇場版ＪＡＸＡイル / 朱雀
5,323,em-9164bb93f13d,ロロさん,12,700,1000,7,revive,0.2247,0.3681,95,5,8,いいえ,婆娑羅でどーよ / 北間・クラリス嬢 / コンドアーズ / 財閥だ浅ちゃん！ / ロロさん
5,324,em-e42e99273751,輪島のうるっしー,12,1200,500,4,guard,0.2243,0.3403,95,5,8,いいえ,婆娑羅でどーよ / 北間・クラリス嬢 / コンドアーズ / 財閥だ浅ちゃん！ / 輪島のうるっしー
5,325,em-983228ce32d4,あっしゅTHEｷｬｯﾄ,8,1300,500,5,attribute_guard,0.2239,0.3819,98,2,8,いいえ,婆娑羅でどーよ / ヤマさんヤミーさん / 愛のぴよ子 / 財閥だ浅ちゃん！ / あっしゅTHEｷｬｯﾄ
5,326,em-e4050c7db405,オム・オクト・パップ,9,888,400,6,heal,0.223,0.3611,99,1,8,いいえ,婆娑羅でどーよ / ヤマさんヤミーさん / 愛のぴよ子 / 財閥だ浅ちゃん！ / オム・オクト・パップ
5,327,em-4b386c59ef08,キマシ塔の温泉娘,20,1245,2781,5,attack_buff,0.2225,0.3472,91,9,8,いいえ,婆娑羅でどーよ / ヤマさんヤミーさん / 愛のぴよ子 / 聖☆いんてぃないか / キマシ塔の温泉娘
5,328,em-1fa3ac88ea78,有馬すた,7,475,505,5,heal,0.2222,0.3681,97,3,8,いいえ,婆娑羅でどーよ / ヤマさんヤミーさん / 愛のぴよ子 / 財閥だ浅ちゃん！ / 有馬すた
5,329,em-e6cd26662fe8,クイーン・ク・うぃーん,15,1500,1500,4,attribute_change,0.2221,0.4028,100,0,8,いいえ,ハリウッドナナコ師匠 / ヤマさんヤミーさん / ターヌムンゴネキ / 劇場版ＪＡＸＡイル / クイーン・ク・うぃーん
5,330,em-67aa8e3ee215,川越料理長,17,1175,3655,4,attack_buff,0.2217,0.3542,88,12,8,いいえ,婆娑羅でどーよ / ヤマさんヤミーさん / 愛のぴよ子 / 聖☆いんてぃないか / 川越料理長
5,331,em-401fb8fe2284,S.K.O.Tちゃん,3,750,200,6,heal,0.2215,0.3611,100,0,8,いいえ,婆娑羅でどーよ / ヤマさんヤミーさん / 愛のぴよ子 / 花火戦隊サイガーRe / S.K.O.Tちゃん
5,332,em-599b57f2e5c4,Halloweenの蘭子さん,37,2044,5964,5,revive,0.2212,0.375,95,5,8,いいえ,婆娑羅でどーよ / トマティーナ少佐 / コンドアーズ / 愛のぴよ子 / Halloweenの蘭子さん
5,333,em-53084d488de2,川越ザ・サード,15,666,1607,4,attack_buff,0.2205,0.3958,100,0,8,いいえ,ハリウッドナナコ師匠 / ヤマさんヤミーさん / ターヌムンゴネキ / 劇場版ＪＡＸＡイル / 川越ザ・サード
5,334,em-4b8a1db2788c,ニートな浅子さん,4,112,418,5,attack_buff,0.2197,0.3472,94,6,8,いいえ,婆娑羅でどーよ / ヤマさんヤミーさん / 愛のぴよ子 / 財閥だ浅ちゃん！ / ニートな浅子さん
5,335,em-a3fc429e3d74,にくぁうさま,15,606,1876,4,attack_buff,0.2195,0.3958,100,0,8,いいえ,ハリウッドナナコ師匠 / ヤマさんヤミーさん / ターヌムンゴネキ / 劇場版ＪＡＸＡイル / にくぁうさま
5,336,em-124dc5391da9,オクト・パップ,6,888,200,6,heal,0.2194,0.3542,96,4,8,いいえ,婆娑羅でどーよ / ヤマさんヤミーさん / 愛のぴよ子 / 財閥だ浅ちゃん！ / オクト・パップ
5,337,em-4c84ff6e1868,カカカのカ治郎,6,700,500,5,delay,0.2187,0.375,96,4,8,いいえ,婆娑羅でどーよ / ヤマさんヤミーさん / 愛のぴよ子 / 財閥だ浅ちゃん！ / カカカのカ治郎
5,338,em-036ee10985c7,大正義！反魂タン,7,800,1000,4,revive,0.2184,0.3889,97,3,8,いいえ,婆娑羅でどーよ / ヤマさんヤミーさん / 愛のぴよ子 / 財閥だ浅ちゃん！ / 大正義！反魂タン
5,339,em-d8d7722f9f21,赤パジャマさん,20,2240,3262,5,attribute_guard,0.2181,0.3472,98,2,8,いいえ,婆娑羅でどーよ / 北間・クラリス嬢 / ターヌムンゴネキ / タミちゃんの火祭り / 赤パジャマさん
5,340,em-2f8589eed296,畳リーゼント,7,300,700,4,attack_buff,0.2179,0.3819,97,3,8,いいえ,婆娑羅でどーよ / ヤマさんヤミーさん / 愛のぴよ子 / 財閥だ浅ちゃん！ / 畳リーゼント
5,341,em-f78f249e0088,剣闘士,7,168,812,5,attack_buff,0.2176,0.3681,97,3,8,いいえ,婆娑羅でどーよ / ヤマさんヤミーさん / 愛のぴよ子 / 財閥だ浅ちゃん！ / 剣闘士
5,342,em-377c63de8d80,極・S.K.O.Tちゃん,6,1150,300,4,heal,0.2172,0.3472,96,4,8,いいえ,婆娑羅でどーよ / ヤマさんヤミーさん / 愛のぴよ子 / 財閥だ浅ちゃん！ / 極・S.K.O.Tちゃん
5,343,em-40b14b1190a7,芳一先生,6,600,700,5,revive,0.2171,0.3819,96,4,8,いいえ,婆娑羅でどーよ / ヤマさんヤミーさん / 愛のぴよ子 / 財閥だ浅ちゃん！ / 芳一先生
5,344,em-ab565d3596f4,さんとくん先輩,10,1500,400,4,delay,0.217,0.375,100,0,8,いいえ,婆娑羅でどーよ / ヤマさんヤミーさん / 愛のぴよ子 / 財閥だ浅ちゃん！ / さんとくん先輩
5,345,em-8cd856412a10,にくぁうぅぅぅぅぅ！,17,1355,3638,4,attack_buff,0.2167,0.3472,88,12,8,いいえ,婆娑羅でどーよ / ヤマさんヤミーさん / 愛のぴよ子 / 聖☆いんてぃないか / にくぁうぅぅぅぅぅ！
5,346,em-2f1780cfd053,どーよ様,15,500,1900,5,attack_buff,0.216,0.3958,100,0,8,いいえ,ハリウッドナナコ師匠 / ヤマさんヤミーさん / ターヌムンゴネキ / 劇場版ＪＡＸＡイル / どーよ様
5,347,em-4052b050ef42,白虎けいび,4,295,300,5,attack_buff,0.216,0.3403,94,6,8,いいえ,婆娑羅でどーよ / ヤマさんヤミーさん / 愛のぴよ子 / 財閥だ浅ちゃん！ / 白虎けいび
5,348,em-e4f94dd73b29,あっしゅTHEﾗｯﾊﾟｰ,12,1500,700,5,attribute_guard,0.2159,0.3611,99,1,8,いいえ,婆娑羅でどーよ / ヤマさんヤミーさん / 愛のぴよ子 / 巳ーちゃんさん / あっしゅTHEﾗｯﾊﾟｰ
5,349,em-de4906019fe7,キープ牧場の決斗,14,700,700,6,revive,0.2154,0.3611,97,3,8,いいえ,婆娑羅でどーよ / 北間・クラリス嬢 / コンドアーズ / 財閥だ浅ちゃん！ / キープ牧場の決斗
5,350,em-2f3689f15f09,ブルりん,8,800,1000,6,damage_reduction,0.2144,0.3889,98,2,8,いいえ,婆娑羅でどーよ / ヤマさんヤミーさん / 愛のぴよ子 / 財閥だ浅ちゃん！ / ブルりん
5,351,em-aeb1959eaece,ＫＲ２ジョー軍曹,9,394,1010,4,attack_buff,0.214,0.3958,99,1,8,いいえ,婆娑羅でどーよ / ヤマさんヤミーさん / 愛のぴよ子 / 財閥だ浅ちゃん！ / ＫＲ２ジョー軍曹
5,352,em-1e4dd5118669,三春瀧さくら,38,3919,3408,4,damage_reduction,0.214,0.3333,98,2,8,いいえ,婆娑羅でどーよ / ヤマさんヤミーさん / 愛のぴよ子 / おこしんMK-2 / 三春瀧さくら
5,353,em-c8e560adbea9,草カロ次郎,6,480,500,5,heal,0.2138,0.3611,96,4,8,いいえ,婆娑羅でどーよ / ヤマさんヤミーさん / 愛のぴよ子 / 財閥だ浅ちゃん！ / 草カロ次郎
5,354,em-251adb8af3dc,にくぁう餃子権現,30,1365,3638,4,attack_buff,0.2138,0.3403,100,0,8,いいえ,婆娑羅でどーよ / ヤマさんヤミーさん / コンドアーズ / おこしんMK-2 / にくぁう餃子権現
5,355,em-f938c5c907fd,ももたろす,8,1000,1000,4,attribute_change,0.2136,0.3889,98,2,8,いいえ,婆娑羅でどーよ / ヤマさんヤミーさん / 愛のぴよ子 / 財閥だ浅ちゃん！ / ももたろす
5,356,em-3b3dcabfe61f,ク・うぃーん女王,8,900,900,5,attribute_change,0.2134,0.3889,98,2,8,いいえ,婆娑羅でどーよ / ヤマさんヤミーさん / 愛のぴよ子 / 財閥だ浅ちゃん！ / ク・うぃーん女王
5,357,em-233989ddac07,法隆寺博士,4,480,220,6,guard,0.2132,0.3472,94,6,8,いいえ,婆娑羅でどーよ / ヤマさんヤミーさん / 愛のぴよ子 / 財閥だ浅ちゃん！ / 法隆寺博士
5,358,em-fae18e323cb5,美観之介曳山ん太郎,23,2194,1597,5,aoe_attack,0.2127,0.3194,94,6,8,いいえ,婆娑羅でどーよ / ヤマさんヤミーさん / 愛のぴよ子 / 聖☆いんてぃないか / 美観之介曳山ん太郎
5,359,em-4694b1a256f8,悪魔！いびるん,9,600,700,5,guard,0.2124,0.3611,99,1,8,いいえ,婆娑羅でどーよ / ヤマさんヤミーさん / 愛のぴよ子 / 財閥だ浅ちゃん！ / 悪魔！いびるん
5,360,em-1e1a4317070b,ＫＲ２ジョー,8,295,910,4,attack_buff,0.2122,0.3958,98,2,8,いいえ,婆娑羅でどーよ / ヤマさんヤミーさん / 愛のぴよ子 / 財閥だ浅ちゃん！ / ＫＲ２ジョー
5,361,em-f49b19428b58,ちび丸のハロウィン,17,255,2896,4,revive,0.212,0.375,100,0,8,いいえ,婆娑羅でどーよ / 北間・クラリス嬢 / コンドアーズ / 財閥だ浅ちゃん！ / ちび丸のハロウィン
5,362,em-5053fe8d941b,カカカのカ二郎,3,400,300,5,delay,0.2119,0.3819,100,0,8,いいえ,婆娑羅でどーよ / ヤマさんヤミーさん / 愛のぴよ子 / 花火戦隊サイガーRe / カカカのカ二郎
5,363,em-9bac78901113,有馬すん,5,375,405,6,heal,0.2119,0.3542,95,5,8,いいえ,婆娑羅でどーよ / ヤマさんヤミーさん / 愛のぴよ子 / 財閥だ浅ちゃん！ / 有馬すん
5,364,em-eb4ef5fa8f2f,応援ぴよ子団長,60,1111,1111,12,attack_buff,0.2113,0.1181,91,9,4,いいえ,ケンＺＯ１号 / ファジル先生 / 愛のぴよ子 / ブラジリアン首都術 / 応援ぴよ子団長
5,365,em-74ebc57ab0a9,ニーハオさん,12,397,1216,5,attack_buff,0.2112,0.3333,99,1,8,いいえ,婆娑羅でどーよ / ヤマさんヤミーさん / 愛のぴよ子 / 巳ーちゃんさん / ニーハオさん
5,366,em-08c1cf17f632,青竜けいび,4,345,400,6,heal,0.2105,0.3542,94,6,8,いいえ,婆娑羅でどーよ / ヤマさんヤミーさん / 愛のぴよ子 / 財閥だ浅ちゃん！ / 青竜けいび
5,367,em-cdd7690ef318,京都コーラマン,59,5959,2800,4,damage_reduction,0.2095,0.2153,83,17,4,いいえ,じとっ子 / ペーチパイセン / デンマーくん / ブラジリアン首都術 / 京都コーラマン
5,368,em-0c10b95e36c6,激走！えるたそ,10,900,800,4,attack_buff,0.2093,0.3819,100,0,8,いいえ,婆娑羅でどーよ / ヤマさんヤミーさん / 愛のぴよ子 / 財閥だ浅ちゃん！ / 激走！えるたそ
5,369,em-c92854d63199,さんとくんさん,8,1200,300,4,delay,0.209,0.375,98,2,8,いいえ,婆娑羅でどーよ / ヤマさんヤミーさん / 愛のぴよ子 / 財閥だ浅ちゃん！ / さんとくんさん
5,370,em-a84e9301da18,パワフル☆ばん馬ばん,5,600,350,4,attack_buff,0.2087,0.3819,95,5,8,いいえ,婆娑羅でどーよ / ヤマさんヤミーさん / 愛のぴよ子 / 財閥だ浅ちゃん！ / パワフル☆ばん馬ばん
5,371,em-64f8ad5111a6,マッキニキ,9,1000,500,4,damage_reduction,0.2085,0.3819,99,1,8,いいえ,婆娑羅でどーよ / ヤマさんヤミーさん / 愛のぴよ子 / 財閥だ浅ちゃん！ / マッキニキ
5,372,em-f230094c0c4f,シンプソン君,5,400,400,8,revive,0.2085,0.3542,95,5,8,いいえ,婆娑羅でどーよ / ヤマさんヤミーさん / 愛のぴよ子 / 財閥だ浅ちゃん！ / シンプソン君
5,373,em-b4a2096551c5,金閣明日香,15,1201,1343,4,revive,0.2076,0.3889,100,0,8,いいえ,ハリウッドナナコ師匠 / ヤマさんヤミーさん / ターヌムンゴネキ / 劇場版ＪＡＸＡイル / 金閣明日香
5,374,em-b3d6d1b7e1a8,たたらん,6,500,300,5,attack_buff,0.2067,0.3403,96,4,8,いいえ,婆娑羅でどーよ / ヤマさんヤミーさん / 愛のぴよ子 / 財閥だ浅ちゃん！ / たたらん
5,375,em-fa255d19986d,出発！えるたそ,8,800,700,4,attack_buff,0.2065,0.3819,98,2,8,いいえ,婆娑羅でどーよ / ヤマさんヤミーさん / 愛のぴよ子 / 財閥だ浅ちゃん！ / 出発！えるたそ
5,376,em-e5c147f9dafc,異国のトーマスん,9,660,742,4,attribute_change,0.2062,0.375,99,1,8,いいえ,婆娑羅でどーよ / ヤマさんヤミーさん / 愛のぴよ子 / 財閥だ浅ちゃん！ / 異国のトーマスん
5,377,em-c687e673c7ff,有馬ん,4,285,317,7,heal,0.2062,0.3542,94,6,8,いいえ,婆娑羅でどーよ / ヤマさんヤミーさん / 愛のぴよ子 / 財閥だ浅ちゃん！ / 有馬ん
5,378,em-8d320a6b7512,いびるん,6,500,600,5,guard,0.206,0.3611,96,4,8,いいえ,婆娑羅でどーよ / ヤマさんヤミーさん / 愛のぴよ子 / 財閥だ浅ちゃん！ / いびるん
5,379,em-02dd665173e3,超回復！反魂タン,6,600,700,4,revive,0.2058,0.3819,96,4,8,いいえ,婆娑羅でどーよ / ヤマさんヤミーさん / 愛のぴよ子 / 財閥だ浅ちゃん！ / 超回復！反魂タン
5,380,em-f05bf139bdc3,荒野のシンプソン,10,500,500,7,revive,0.2053,0.3542,100,0,8,いいえ,婆娑羅でどーよ / ヤマさんヤミーさん / 愛のぴよ子 / 財閥だ浅ちゃん！ / 荒野のシンプソン
5,381,em-bf7beec08736,いやひこちゃん,10,700,400,4,delay,0.2049,0.375,100,0,8,いいえ,婆娑羅でどーよ / ヤマさんヤミーさん / 愛のぴよ子 / 財閥だ浅ちゃん！ / いやひこちゃん
5,382,em-0063b3d17f76,玄武むりょく,4,165,165,6,damage_reduction,0.2048,0.3472,94,6,8,いいえ,婆娑羅でどーよ / ヤマさんヤミーさん / 愛のぴよ子 / 財閥だ浅ちゃん！ / 玄武むりょく
5,383,em-1d7c8481ec64,にくぁうちゃん,8,314,913,4,attack_buff,0.2047,0.3889,98,2,8,いいえ,婆娑羅でどーよ / ヤマさんヤミーさん / 愛のぴよ子 / 財閥だ浅ちゃん！ / にくぁうちゃん
5,384,em-5e86bff12fb7,ピリ辛ふとし君,5,211,569,5,attack_buff,0.2047,0.3472,95,5,8,いいえ,婆娑羅でどーよ / ヤマさんヤミーさん / 愛のぴよ子 / 財閥だ浅ちゃん！ / ピリ辛ふとし君
5,385,em-ac023f126b7d,レッサー系メガネ,14,900,800,5,skill_reduction,0.2047,0.3264,97,3,8,いいえ,婆娑羅でどーよ / 北間・クラリス嬢 / コンドアーズ / 財閥だ浅ちゃん！ / レッサー系メガネ
5,386,em-c5623c38fcb8,反魂タン,5,500,600,4,revive,0.2038,0.3819,95,5,8,いいえ,婆娑羅でどーよ / ヤマさんヤミーさん / 愛のぴよ子 / 財閥だ浅ちゃん！ / 反魂タン
5,387,em-e668f3d46f31,超・S.K.O.Tちゃん,5,950,250,5,heal,0.2037,0.3403,95,5,8,いいえ,婆娑羅でどーよ / ヤマさんヤミーさん / 愛のぴよ子 / 財閥だ浅ちゃん！ / 超・S.K.O.Tちゃん
5,388,em-f074d8bb177d,たっくん,4,95,507,5,attack_buff,0.2029,0.3472,94,6,8,いいえ,婆娑羅でどーよ / ヤマさんヤミーさん / 愛のぴよ子 / 財閥だ浅ちゃん！ / たっくん
5,389,em-24ccb3f9affa,むりょく,5,159,144,5,guard,0.2027,0.3472,95,5,8,いいえ,婆娑羅でどーよ / ヤマさんヤミーさん / 愛のぴよ子 / 財閥だ浅ちゃん！ / むりょく
5,390,em-5bdefb267838,どーよくん,8,310,910,5,attack_buff,0.2023,0.3889,98,2,8,いいえ,婆娑羅でどーよ / ヤマさんヤミーさん / 愛のぴよ子 / 財閥だ浅ちゃん！ / どーよくん
5,391,em-1b9a55c9478e,熊犬八太郎,12,2100,400,6,delay,0.2022,0.3403,99,1,8,いいえ,婆娑羅でどーよ / ヤマさんヤミーさん / 愛のぴよ子 / 巳ーちゃんさん / 熊犬八太郎
5,392,em-609b9d122d32,ネオむりょく,6,168,149,6,guard,0.2018,0.3403,96,4,8,いいえ,婆娑羅でどーよ / ヤマさんヤミーさん / 愛のぴよ子 / 財閥だ浅ちゃん！ / ネオむりょく
5,393,em-b8d203bbae80,草カロ三郎,5,400,400,6,heal,0.201,0.3472,95,5,8,いいえ,婆娑羅でどーよ / ヤマさんヤミーさん / 愛のぴよ子 / 財閥だ浅ちゃん！ / 草カロ三郎
5,394,em-f354ab7f7554,漆黒のいびるん,12,800,1000,5,guard,0.2009,0.3333,99,1,8,いいえ,婆娑羅でどーよ / ヤマさんヤミーさん / 愛のぴよ子 / 巳ーちゃんさん / 漆黒のいびるん
5,395,em-79dd6c0e027e,ロックなじとっ子君,6,365,585,5,attack_buff,0.2001,0.375,96,4,8,いいえ,婆娑羅でどーよ / ヤマさんヤミーさん / 愛のぴよ子 / 財閥だ浅ちゃん！ / ロックなじとっ子君
5,396,em-05688a606392,芳一くん,3,300,400,7,revive,0.2,0.375,100,0,8,いいえ,婆娑羅でどーよ / ヤマさんヤミーさん / 愛のぴよ子 / 花火戦隊サイガーRe / 芳一くん
5,397,em-e36d35de9441,青谷やよい,42,3578,3374,4,damage_reduction,0.2,0.3264,95,5,8,いいえ,婆娑羅でどーよ / ペーチパイセン / 愛のぴよ子 / 聖☆いんてぃないか / 青谷やよい
5,398,em-89b0c363f296,川越マン,8,415,798,4,attack_buff,0.1999,0.3819,98,2,8,いいえ,婆娑羅でどーよ / ヤマさんヤミーさん / 愛のぴよ子 / 財閥だ浅ちゃん！ / 川越マン
5,399,em-f86c4c085efd,メガネ系ほぬー類,12,700,600,4,skill_reduction,0.1993,0.3472,99,1,8,いいえ,婆娑羅でどーよ / ヤマさんヤミーさん / 愛のぴよ子 / 巳ーちゃんさん / メガネ系ほぬー類
5,400,em-1926af92f1af,カカカのカ次郎,5,500,300,5,delay,0.1986,0.3681,95,5,8,いいえ,婆娑羅でどーよ / ヤマさんヤミーさん / 愛のぴよ子 / 財閥だ浅ちゃん！ / カカカのカ次郎
5,401,em-28a4ccf4cbfc,ステンバーイちび蔵,24,596,3748,4,revive,0.1983,0.3472,95,5,8,いいえ,婆娑羅でどーよ / ヤマさんヤミーさん / 愛のぴよ子 / 聖☆いんてぃないか / ステンバーイちび蔵
5,402,em-2a54c7e36890,ばん馬ばん,4,400,250,5,attack_buff,0.1976,0.375,94,6,8,いいえ,婆娑羅でどーよ / ヤマさんヤミーさん / 愛のぴよ子 / 財閥だ浅ちゃん！ / ばん馬ばん
5,403,em-4e24a668056b,やよいチゥりっぷ,6,900,100,4,attribute_change,0.1974,0.3125,96,4,8,いいえ,婆娑羅でどーよ / ヤマさんヤミーさん / 愛のぴよ子 / 財閥だ浅ちゃん！ / やよいチゥりっぷ
5,404,em-eece08d90093,罠なくトロイ先輩,18,4830,16,4,multi_hit_attack,0.1968,0.3125,89,11,8,いいえ,婆娑羅でどーよ / ヤマさんヤミーさん / 愛のぴよ子 / 聖☆いんてぃないか / 罠なくトロイ先輩
5,405,em-595b1ebc9a59,戦え！ブルりん,16,1400,1600,4,damage_reduction,0.1966,0.3472,99,1,8,いいえ,婆娑羅でどーよ / 北間・クラリス嬢 / コンドアーズ / 財閥だ浅ちゃん！ / 戦え！ブルりん
5,406,em-f7484444c08c,じとっ子君,5,285,495,5,attack_buff,0.1965,0.375,95,5,8,いいえ,婆娑羅でどーよ / ヤマさんヤミーさん / 愛のぴよ子 / 財閥だ浅ちゃん！ / じとっ子君
5,407,em-67c9c425e81c,大いなる奇なる皇女,60,4260,4260,5,multi_hit_attack,0.1959,0.2083,94,6,4,いいえ,ウシュか☆丸か / ファジル先生 / ご入学ぴよ子 / 旧市街地の魔物 / 大いなる奇なる皇女
5,408,em-1ad78d7d3c2f,狐仮面,22,2215,1789,4,revive,0.1954,0.3542,93,7,8,いいえ,婆娑羅でどーよ / ヤマさんヤミーさん / 愛のぴよ子 / 聖☆いんてぃないか / 狐仮面
5,409,em-9a3bd85e00a2,よりりん,8,605,615,4,attribute_change,0.1953,0.375,98,2,8,いいえ,婆娑羅でどーよ / ヤマさんヤミーさん / 愛のぴよ子 / 財閥だ浅ちゃん！ / よりりん
5,410,em-dcc91a9c2ed6,ブルたそ,12,1000,1200,5,damage_reduction,0.1951,0.3611,99,1,8,いいえ,婆娑羅でどーよ / ヤマさんヤミーさん / 愛のぴよ子 / 巳ーちゃんさん / ブルたそ
5,411,em-667d96cceb87,さんとくん,6,1000,200,5,delay,0.1945,0.3611,96,4,8,いいえ,婆娑羅でどーよ / ヤマさんヤミーさん / 愛のぴよ子 / 財閥だ浅ちゃん！ / さんとくん
5,412,em-f1302d2783e5,八太郎,10,1200,200,7,delay,0.1937,0.3681,100,0,8,いいえ,婆娑羅でどーよ / ヤマさんヤミーさん / 愛のぴよ子 / 財閥だ浅ちゃん！ / 八太郎
5,413,em-92e16a3efe92,ク・うぃーん王女,12,1100,1100,5,attribute_change,0.1937,0.3611,99,1,8,いいえ,婆娑羅でどーよ / ヤマさんヤミーさん / 愛のぴよ子 / 巳ーちゃんさん / ク・うぃーん王女
5,414,em-1d206f58d0b7,マッキ,6,600,300,4,damage_reduction,0.1933,0.3681,96,4,8,いいえ,婆娑羅でどーよ / ヤマさんヤミーさん / 愛のぴよ子 / 財閥だ浅ちゃん！ / マッキ
5,415,em-c19b90bf546d,芋煮太郎,4,510,102,7,multi_hit_attack,0.1933,0.3542,94,6,8,いいえ,婆娑羅でどーよ / ヤマさんヤミーさん / 愛のぴよ子 / 財閥だ浅ちゃん！ / 芋煮太郎
5,416,em-b90efc9e636b,婆娑羅でどーよ,18,1046,4105,4,attack_buff,0.1926,0.2917,96,4,8,いいえ,アウス大先輩 / ヤマさんヤミーさん / トマティーナ少佐 / 劇場版ＪＡＸＡイル / 婆娑羅でどーよ
5,417,em-737d1a27052c,じとっ子,4,202,410,5,attack_buff,0.1924,0.375,94,6,8,いいえ,婆娑羅でどーよ / ヤマさんヤミーさん / 愛のぴよ子 / 財閥だ浅ちゃん！ / じとっ子
5,418,em-66a587f1a726,にくぁうさん,12,497,1116,4,attack_buff,0.1913,0.3611,99,1,8,いいえ,婆娑羅でどーよ / ヤマさんヤミーさん / 愛のぴよ子 / 巳ーちゃんさん / にくぁうさん
5,419,em-36d4f380dee2,ギャングなウツ雄様,60,4856,4856,5,damage_reduction,0.1911,0.2292,84,16,4,いいえ,じとっ子 / ペーチパイセン / デンマーくん / ブラジリアン首都術 / ギャングなウツ雄様
5,420,em-e6110f879f18,ユーコ隊,24,3408,2044,4,revive,0.191,0.3264,95,5,8,いいえ,婆娑羅でどーよ / ヤマさんヤミーさん / 愛のぴよ子 / 聖☆いんてぃないか / ユーコ隊
5,421,em-cf865abec5e5,川越マン２世,12,516,1000,4,attack_buff,0.1909,0.3611,99,1,8,いいえ,婆娑羅でどーよ / ヤマさんヤミーさん / 愛のぴよ子 / 巳ーちゃんさん / 川越マン２世
5,422,em-020eecb1db52,草カロ四朗,4,296,316,7,heal,0.1906,0.3403,94,6,8,いいえ,婆娑羅でどーよ / ヤマさんヤミーさん / 愛のぴよ子 / 財閥だ浅ちゃん！ / 草カロ四朗
5,423,em-eb78da4b3f28,えるたそ,6,500,400,4,attack_buff,0.1902,0.375,96,4,8,いいえ,婆娑羅でどーよ / ヤマさんヤミーさん / 愛のぴよ子 / 財閥だ浅ちゃん！ / えるたそ
5,424,em-cc5744474846,芳一さん,5,400,500,6,revive,0.1901,0.3542,95,5,8,いいえ,婆娑羅でどーよ / ヤマさんヤミーさん / 愛のぴよ子 / 財閥だ浅ちゃん！ / 芳一さん
5,425,em-4a6952f30578,愛犬八太郎,11,1700,300,6,delay,0.1899,0.3403,98,2,8,いいえ,婆娑羅でどーよ / ヤマさんヤミーさん / 愛のぴよ子 / 巳ーちゃんさん / 愛犬八太郎
5,426,em-ee410ddd5211,鹿苑師匠,6,500,480,5,revive,0.1894,0.375,96,4,8,いいえ,婆娑羅でどーよ / ヤマさんヤミーさん / 愛のぴよ子 / 財閥だ浅ちゃん！ / 鹿苑師匠
5,427,em-0828dfd9c618,トーマスん,8,560,645,5,attribute_change,0.1892,0.3542,98,2,8,いいえ,婆娑羅でどーよ / ヤマさんヤミーさん / 愛のぴよ子 / 財閥だ浅ちゃん！ / トーマスん
5,428,em-20b521a22027,ふとし君,4,111,491,5,attack_buff,0.1889,0.3472,94,6,8,いいえ,婆娑羅でどーよ / ヤマさんヤミーさん / 愛のぴよ子 / 財閥だ浅ちゃん！ / ふとし君
5,429,em-11f22e87203d,骨喰　花蟲,60,2300,5708,4,revive,0.1887,0.2292,94,6,4,いいえ,ハリウッドナナコ師匠 / ファジル先生 / ご入学ぴよ子 / 旧市街地の魔物 / 骨喰　花蟲
5,430,em-fe5e7769aa81,鹿苑先輩,5,390,390,5,revive,0.1862,0.375,95,5,8,いいえ,婆娑羅でどーよ / ヤマさんヤミーさん / 愛のぴよ子 / 財閥だ浅ちゃん！ / 鹿苑先輩
5,431,em-16634f0d7475,どーよさん,12,400,1200,5,attack_buff,0.1846,0.3542,99,1,8,いいえ,婆娑羅でどーよ / ヤマさんヤミーさん / 愛のぴよ子 / 巳ーちゃんさん / どーよさん
5,432,em-c89260e1ef3b,曲芸師・ブンブク,60,6305,2996,4,revive,0.1811,0.2639,94,6,4,いいえ,ハリウッドナナコ師匠 / ファジル先生 / ご入学ぴよ子 / 旧市街地の魔物 / 曲芸師・ブンブク
5,433,em-57fe43e7ea10,鹿苑さん,4,307,295,6,revive,0.1809,0.3681,94,6,8,いいえ,婆娑羅でどーよ / ヤマさんヤミーさん / 愛のぴよ子 / 財閥だ浅ちゃん！ / 鹿苑さん
5,434,em-955edfecd83b,天晴！ぶんぶくん,22,1883,1162,4,revive,0.1778,0.3403,93,7,8,いいえ,婆娑羅でどーよ / ヤマさんヤミーさん / 愛のぴよ子 / 聖☆いんてぃないか / 天晴！ぶんぶくん
5,435,em-fa9285840bae,白虎むりょく,4,158,149,5,attack_buff,0.176,0.3194,94,6,8,いいえ,婆娑羅でどーよ / ヤマさんヤミーさん / 愛のぴよ子 / 財閥だ浅ちゃん！ / 白虎むりょく
5,436,em-39adadcf380b,朱雀けいび,5,305,335,6,revive,0.174,0.3472,95,5,8,いいえ,婆娑羅でどーよ / ヤマさんヤミーさん / 愛のぴよ子 / 財閥だ浅ちゃん！ / 朱雀けいび
5,437,em-ef6acbb9fe3a,ﾌｫﾆｰ・ぴよ・ｶﾞｰﾙｽﾞY,25,3703,1771,4,attribute_change,0.1707,0.2986,96,4,8,いいえ,婆娑羅でどーよ / ヤマさんヤミーさん / 愛のぴよ子 / 聖☆いんてぃないか / ﾌｫﾆｰ・ぴよ・ｶﾞｰﾙｽﾞY
5,438,em-34853ed0f0f8,ユーコちゃん,24,2556,1533,4,revive,0.1672,0.3056,92,8,8,いいえ,婆娑羅でどーよ / ヤマさんヤミーさん / トマティーナ少佐 / 愛のぴよ子 / ユーコちゃん
5,439,em-2c51c9073e5a,強化ゆる骨格のススメ,50,1704,1704,12,attribute_guard,0.1654,0.2153,100,0,7,いいえ,婆娑羅でどーよ / ペーチパイセン / トマティーナ少佐 / 愛のぴよ子 / 強化ゆる骨格のススメ
5,440,em-47f3be71ea63,青竜むりょく,4,198,189,6,heal,0.1631,0.3194,94,6,8,いいえ,婆娑羅でどーよ / ヤマさんヤミーさん / 愛のぴよ子 / 財閥だ浅ちゃん！ / 青竜むりょく
5,441,em-549e080062a7,ぶんぶくん,22,1550,895,4,revive,0.1608,0.3194,93,7,8,いいえ,婆娑羅でどーよ / ヤマさんヤミーさん / 愛のぴよ子 / 聖☆いんてぃないか / ぶんぶくん
5,442,em-d0ab2c82078b,デルモンテ嬢,23,3020,453,6,attribute_guard,0.1585,0.2986,94,6,8,いいえ,婆娑羅でどーよ / ヤマさんヤミーさん / 愛のぴよ子 / 聖☆いんてぃないか / デルモンテ嬢
5,443,em-4442b5ee096e,朱雀むりょく,5,165,165,6,revive,0.1572,0.3333,95,5,8,いいえ,婆娑羅でどーよ / ヤマさんヤミーさん / 愛のぴよ子 / 財閥だ浅ちゃん！ / 朱雀むりょく
5,444,em-337e85c2cd90,ユーコ☆スターダスト,60,6053,4354,4,revive,0.1553,0.2361,94,6,4,いいえ,ハリウッドナナコ師匠 / ファジル先生 / ご入学ぴよ子 / 旧市街地の魔物 / ユーコ☆スターダスト
5,445,em-32f5c4968406,正月カナちゃん。,66,5282,5282,6,revive,0.1535,0.2292,100,0,4,いいえ,ハリウッドナナコ師匠 / ファジル先生 / ご入学ぴよ子 / 旧市街地の魔物 / 正月カナちゃん。
5,446,em-29be2edf2271,餅子・ﾏｰﾒｲﾄﾞｽﾀｲﾙ,60,4797,5308,5,damage_reduction,0.1487,0.1875,84,16,4,いいえ,じとっ子 / ペーチパイセン / デンマーくん / ブラジリアン首都術 / 餅子・ﾏｰﾒｲﾄﾞｽﾀｲﾙ
5,447,em-09abce425d92,超悦者・有砂小町,60,5453,5453,5,attribute_change,0.1481,0.2083,94,6,4,いいえ,ウシュか☆丸か / ファジル先生 / ご入学ぴよ子 / 旧市街地の魔物 / 超悦者・有砂小町
5,448,em-96c8b7af6f5c,ネギtheダーウィン,30,5112,0,5,attribute_change,0.1385,0.2708,98,2,8,いいえ,婆娑羅でどーよ / ヤマさんヤミーさん / トマティーナ少佐 / 愛のぴよ子 / ネギtheダーウィン
5,449,em-3a3a23655699,とりころん・ぴー子,16,1200,300,7,attribute_change,0.1234,0.2639,87,13,8,いいえ,婆娑羅でどーよ / ヤマさんヤミーさん / 愛のぴよ子 / 聖☆いんてぃないか / とりころん・ぴー子
5,450,em-5f292317fd1c,墨染のＰＬぴよ子,60,3656,3656,5,attribute_change,0.1026,0.1667,91,9,4,いいえ,ケンＺＯ１号 / ファジル先生 / 愛のぴよ子 / ブラジリアン首都術 / 墨染のＰＬぴよ子
5,451,em-5c8b9af61816,ぴっよコイン先生,60,1111,1111,12,damage_reduction,0.1022,0.0972,94,6,4,いいえ,ウシュか☆丸か / ファジル先生 / ご入学ぴよ子 / 旧市街地の魔物 / ぴっよコイン先生
5,452,em-0454ff15fbd8,米倉英夫(ゆる),55,1,1,55,attribute_change,0.07,0.1597,97,3,5,いいえ,婆娑羅でどーよ / ペーチパイセン / 愛のぴよ子 / おこしんMK-2 / 米倉英夫(ゆる)
5,453,em-2849b1a72ff2,生足魅惑の☆ハクさん,80,11246,5112,5,attack_buff,0,0,101,0,0,いいえ,
5,454,em-5c3bfcbbd109,ネギさん,80,4260,4260,500,attack_buff,0,0,101,0,0,いいえ,
5,455,em-60119eda4c9c,猿田彦大先輩,80,7838,7157,5,attack_buff,0,0,101,0,0,いいえ,
5,456,em-a5e1e009bda8,くまのたん伝説,80,8861,8179,5,attack_buff,0,0,101,0,0,いいえ,
5,457,em-a8e1bfbd68cd,秋のタツタちゃん,80,10224,4771,4,multi_hit_attack,0,0,101,0,0,いいえ,
5,458,em-c25db2f5b4ff,メルヘン☆グリ子,80,9202,3748,4,damage_reduction,0,0,101,0,0,いいえ,
5,459,em-370ba5df8d09,悪霊狩人ちび大助,81,8776,5879,5,multi_hit_attack,0,0,101,0,0,いいえ,
5,460,em-523af93f71e3,神田祭らーの集い,88,5027,6901,4,aoe_attack,0,0,101,0,0,いいえ,
5,461,em-5e67f5f55234,?????,88,10224,4941,5,attack_buff,0,0,101,0,0,いいえ,
5,462,em-a78326864213,発音王・S・サイアン,88,10650,6560,8,attack_buff,0,0,101,0,0,いいえ,
5,463,em-4d4a6386f8f8,九周年ぴよ子,99,6815,5111,5,guard,0,0,101,0,0,いいえ,
5,464,em-53ece7a43871,キステチスのたまご,100,1,1,40,guard,0,0,101,0,0,いいえ,
