総合順位,有利獲得順位,対抗順位,予測使用順位,ID,名前,属性,レア度,コスト,HP,Power,スキルターン,スキル名,行動区分,評価盤面数,予測勝率,勝率信頼下限,実発動率,登場時発動可能率,盤面充足率,味方維持率,敵進行率,攻守均衡,有利獲得/盤面,対抗/盤面,推定所持率,予測使用率
1,58,34,2,em-7a8f08b97855,カルボ姉（ねえ）,fire_wind,CR,18,3792,2556,1,1ターンの間、リーダーの攻撃が2回連続攻撃になる,counteraction,30,0.65,0.5003,0.8667,0,1,0.1587,0.928,0.2136,0,0.8,0.99,0.015548
2,16,98,1,em-3c7a40d5b751,宇和島マタドーるん,fire,CR,19,2737,3059,1,1ターンの間、味方全員に水属性の敵からのダメージを50%軽減するシールドを与える,advantage_creation,30,0.6,0.4414,0.8,0,1,0.176,0.9213,0.2339,1.3333,0,0.9899,0.016537
3,25,99,4,em-4d47f8a702ed,モヘン女ダロぉ,fire,MZR,47,3374,6202,1,2ターンの間、味方全員に風属性の敵からのダメージを36%軽減するシールドを与える,advantage_creation,30,0.5833,0.42,0.8667,0,1,0.156,0.9147,0.2096,1,0,0.9195,0.01413
4,47,100,6,em-35e37020b193,æッシュちゃん,fire_water,CR,17,3542,2254,5,1ターンの間、火属性の攻撃を自身に集中させる(50%カット),advantage_creation,30,0.5833,0.4134,0,0,1,0.14,0.9227,0.1931,0.3333,0,0.9898,0.013312
5,48,32,3,em-d932b3b4e7ed,狼先生ジョン,fire,R,18,1963,2869,1,2ターンの間、自身の属性を水属性に変更する,adaptive,30,0.5833,0.4134,0.6,0,1,0.132,0.916,0.1807,0.3,0.8667,0.9999,0.014959
6,59,101,10,em-df40dba7c56a,高野さん,fire_water,ZR,34,4089,4089,5,風属性の味方全員のスキルカウントを4減少させる,ignored,30,0.5833,0.4134,0,0,1,0.128,0.9267,0.1739,0,0,0.9693,0.01192
7,39,102,9,em-d5465017bfd1,チュパカブ先輩,fire_wind,MZR,59,4819,2811,1,自身のHPを300%回復する,advantage_creation,30,0.5833,0.4134,0.9333,0,1,0.108,0.8827,0.1543,0.7,0,0.9185,0.011929
8,60,31,5,em-b6adaf9bf556,こうせえっつう女中,fire_water,CR,17,805,2898,0,5ターンの間、リーダーの攻撃力を20%増加させる,counteraction,30,0.5667,0.399,1,1,1,0.1307,0.924,0.179,0,0.9333,0.9896,0.013487
9,61,92,11,em-86e0d0475819,使い魔のミナヅキ,fire,CR,22,2385,3067,2,2ターンの間、風属性の味方全員の攻撃力を88%増加させる,counteraction,30,0.5667,0.399,0.0667,0,1,0.1147,0.8973,0.1603,0,0.2333,0.9895,0.011336
10,62,67,12,em-698af6462642,反魂タン昼食TIME,fire,ZR,32,3067,5623,4,2ターンの間、風属性の敵に対する自身の攻撃力を800%増加させる,counteraction,30,0.55,0.3849,0.0333,0,1,0.1027,0.92,0.1459,0,0.2667,0.9688,0.011201
11,63,65,14,em-aff304b1eab4,日本一の桃たろす,fire,ZR,42,4260,5964,2,1ターンの間、味方全員の属性を風属性に変更する,adaptive,30,0.55,0.3849,0.2,0,1,0.1,0.9347,0.1421,0,0.3333,0.9686,0.010958
12,64,97,16,em-4fddbba71de4,大熊びぐべん,fire_water,R,9,600,700,2,1ターンの間、水属性の敵に対する自身の攻撃力を150%増加させる。,counteraction,30,0.55,0.3849,0,0,1,0.0987,0.8853,0.1355,0,0.0667,0.9996,0.010511
13,17,103,8,em-563e34211286,大抵カールのせい,fire_water,MZR,50,4686,5112,1,1ターンの間、味方全員にダメージを20%軽減するシールドを与える,advantage_creation,30,0.55,0.3783,1,0,1,0.1547,0.88,0.2061,1.3333,0,0.9171,0.012265
14,12,104,7,em-ab3947962bd3,姫騎士なコンクさん,all,MZR,60,4856,3237,1,1ターンの間、味方全員にダメージを30%軽減するシールドを与える,advantage_creation,30,0.55,0.3783,1,0,1,0.12,0.8773,0.166,1.5667,0,0.9169,0.012636
15,57,105,23,em-68c38b69771b,ぱんつぁーぴよ子,fire_wind,MZR,28,4412,3287,1,1ターンの間、火属性の攻撃を自身に集中させる(10%カット),advantage_creation,30,0.55,0.3783,0.9,0,1,0.104,0.8987,0.1486,0.1333,0,0.9166,0.009137
16,45,106,17,em-271fbedbbf39,レオ,fire_wind,CR,22,2737,2093,4,1ターンの間、味方全員にダメージを80%軽減するシールドを与える,advantage_creation,30,0.5333,0.371,0,0,1,0.112,0.8733,0.1538,0.4,0,0.9891,0.010178
17,65,33,13,em-b09b44b6b259,くだにょん,fire,N,13,1128,1269,4,1ターンの間、味方全員の攻撃力を80%増加させる,counteraction,30,0.5333,0.3644,0,0,1,0.1133,0.8973,0.1585,0,0.8333,0.9997,0.011093
18,66,66,22,em-f70fc38ed477,栗栖　益子さん,fire_water,ZR,40,4175,4106,4,1ターンの間、自身の攻撃が12回連続攻撃になる,counteraction,30,0.5333,0.3644,0,0,1,0.108,0.9093,0.1511,0,0.3333,0.9677,0.009242
19,67,53,20,em-795ca1ffcb95,カム着火べあぱわー,fire,R,12,664,2355,2,1ターンの間、水属性の敵に対する自身の攻撃力を1234%増加させる,counteraction,30,0.5333,0.3644,0,0,1,0.092,0.936,0.13,0,0.5333,0.9994,0.009679
20,24,107,18,em-759ef91c7c65,古の灰かぶりロドピス,fire,MZR,47,4175,3578,1,1ターンの間、火属性の味方全員にダメージを33%軽減するシールドを与える,advantage_creation,30,0.5333,0.3579,0.9667,0,1,0.124,0.92,0.1719,1.2,0,0.9154,0.010083
21,68,108,29,em-ab9b2ce76191,B・O・B,fire_water,ZR,37,4935,3244,3,風属性の敵全員の攻撃カウントを1増加させる,ignored,30,0.5167,0.3507,0,0,1,0.096,0.896,0.1338,0,0,0.9672,0.008031
22,40,109,25,em-dfbe69861ff7,餅もちにくぁうさん,fire,ZR,36,3449,3789,1,1ターンの間、味方全員にダメージを24%軽減するシールドを与える,advantage_creation,30,0.5,0.3372,0.8333,0,1,0.1053,0.9107,0.1442,0.7,0,0.9671,0.009019
23,26,110,21,em-2a823144560b,パンのん☆春間,all,MZR,56,3919,3408,0,1ターンの間、味方全員に風属性の敵からのダメージを20%軽減するシールドを与える,advantage_creation,30,0.5,0.3306,1,1,1,0.1013,0.884,0.1395,1,0,0.9147,0.00935
24,27,111,24,em-cdd2ac5f0a12,クイーンなコンク様,all,MZR,44,3578,2385,1,1ターンの間、味方全員にダメージを30%軽減するシールドを与える,advantage_creation,30,0.5,0.3306,0.8667,0,1,0.0973,0.8947,0.1359,1,0,0.9144,0.009091
25,69,51,27,em-6e472849dc37,ほーい竜馬,fire,CR,12,1100,1100,3,1ターンの間、自身の攻撃力を100%増加させる,counteraction,30,0.5,0.3306,0.0333,0,1,0.0867,0.8893,0.1207,0,0.7333,0.9886,0.008464
26,41,35,19,em-048f5c5385db,Mr.バトラー,all,ZR,34,4771,3067,1,1ターンの間、自身の属性を風属性に変更する,adaptive,30,0.4833,0.3241,1,0,1,0.0733,0.856,0.1031,0.6333,0.7667,0.9666,0.00997
27,56,96,30,em-cf78c5cc3134,オタテカモ次郎,all,CR,28,4186,3059,2,1ターンの間、味方全員の属性を水属性に変更する,adaptive,30,0.4833,0.3045,0.2,0,1,0.1093,0.8493,0.1504,0.2333,0.2,0.9885,0.00765
28,70,112,105,em-a78326864213,発音王・S・サイアン,fire_water,伝,88,10650,6560,8,1ターンの間、自身の攻撃力を99999%増加させる,counteraction,30,0.4667,0.2977,0,0,1,0.0947,0.9173,0.1317,0,0,0.3947,0.002757
29,71,113,39,em-8d98226e5962,玉稜の首領・たまうー,fire_wind,ZR,29,3067,4260,4,敵全員の攻撃カウントを1増加させる,ignored,30,0.4667,0.2977,0,0,1,0.092,0.8707,0.1275,0,0,0.9661,0.006565
30,72,68,33,em-1e1a4317070b,ＫＲ２ジョー,fire,R,8,295,910,4,1ターンの間、風属性の敵に対する自身の攻撃力を500%増加させる,counteraction,30,0.4667,0.2977,0,0,1,0.0787,0.8773,0.111,0,0.2667,0.999,0.007177
31,73,114,41,em-a37b305548ef,なっとくんさん,fire,N,5,400,400,2,リーダーのスキルカウントを1減少させる,ignored,30,0.4667,0.2977,0,0,1,0.0627,0.9027,0.0886,0,0,0.9994,0.006433
32,74,93,46,em-276d7f996bbe,竜也エボリューション,fire,MZR,49,2044,6305,3,2ターンの間、自身の攻撃力を333%増加させる,counteraction,30,0.45,0.2917,0,0,1,0.0867,0.912,0.1195,0,0.2333,0.9125,0.005878
33,42,52,28,em-d0c26ab1312e,シガー☆直哉,fire_wind,CR,22,3542,2125,1,2ターンの間、自身の属性を水属性に変更する,adaptive,30,0.45,0.272,0.8333,0,1,0.0933,0.8707,0.1303,0.5333,0.6,0.9881,0.00831
34,75,115,47,em-d020ce26e899,ＴＡＳマニア先輩,fire,ZR,40,5964,3418,3,水属性の味方全員のスキルカウントを2減少させる,ignored,4,0.75,0.26,0,0,1,0.23,0.92,0.3077,0,0,0.9654,0.005757
35,76,116,48,em-c0b8a38b4040,鹿喰らいの狼マン,fire_wind,ZR,47,4771,3748,2,3ターンの間、自身の攻撃が2回連続攻撃になる,counteraction,4,0.75,0.26,0,0,1,0.23,0.92,0.3073,0,0,0.9653,0.0056
36,10,117,73,em-bdcce3725e8b,修験鬼ギュウちゃん,fire,伝,85,9372,5453,1,1ターンの間、味方全員に水属性の敵からのダメージを44%軽減するシールドを与える,advantage_creation,4,0.75,0.26,1,0,1,0.22,0.92,0.3055,1.75,0,0.3931,0.00397
37,77,118,49,em-8e1d0fa65dc4,厩戸之太子大先生,fire,CR,24,2866,2447,1,火属性の味方全員のHPを20%回復する,advantage_creation,4,0.75,0.26,1,0,1,0.22,0.91,0.2934,0,0,0.9879,0.005447
38,78,119,55,em-35dfd8c60675,はぎみタンさん,fire_wind,MZR,55,4430,4771,4,3ターンの間、自身の攻撃が全体攻撃になる,counteraction,4,0.75,0.26,0,0,1,0.21,0.89,0.2882,0,0,0.911,0.004888
39,79,120,53,em-e5fb3c6a3323,ガジュ・まる子さん,fire_wind,ZR,34,3748,4430,5,死亡している風属性の味方全員を82%のHPで蘇らせる,advantage_creation,4,0.75,0.26,0,0,1,0.21,0.92,0.2882,0,0,0.9647,0.005037
40,80,121,63,em-960c8d1446c2,GC・アガッシィΩ,fire,MZR,42,3578,3578,4,3ターンの間、水属性の味方全員の攻撃が4回連続攻撃になる,counteraction,4,0.75,0.26,0,0,1,0.21,0.94,0.2882,0,0,0.9105,0.004626
41,81,122,66,em-14092b64f08d,コハク糖の魔導師,fire_wind,MZR,46,4379,5367,3,2ターンの間、味方全員の属性を風属性に変更する,adaptive,4,0.75,0.26,0,0,1,0.21,0.92,0.2882,0,0,0.9103,0.004501
42,82,69,54,em-7d756ba8373e,謹賀新年のびゃこ,fire_wind,MZR,47,2300,6219,4,3ターンの間、水属性の敵に対する自身の攻撃力を999%増加させる,counteraction,4,0.75,0.26,0,0,1,0.21,0.94,0.2833,0,0.25,0.91,0.004924
43,83,123,62,em-79b4540e0f7f,ヤック(中の人),fire_wind,CR,16,2176,2418,4,2ターンの間、自身の攻撃が3回連続攻撃になる,counteraction,4,0.75,0.26,0,0,1,0.2,0.95,0.2823,0,0,0.9875,0.00463
44,1,124,15,em-d08c9e36ef51,地獄雀！阿蘇さん,fire,CR,17,3413,2061,1,1ターンの間、水属性の攻撃を自身に集中させる(80%カット),advantage_creation,4,0.75,0.26,1,0,1,0.2,0.88,0.2817,2.75,0,0.9874,0.010556
45,33,125,45,em-03ca4c2f4e9d,勝手にストゥッツさん,fire_wind,MZR,51,6560,3786,0,1ターンの間、自身の属性を風属性に変更する,adaptive,4,0.75,0.26,1,1,1,0.2,0.94,0.2795,0.75,0,0.9093,0.005944
46,84,126,68,em-d51ded51621f,華麗なる塚ジェンヌ,fire_wind,R,13,1684,1676,3,死亡している水属性の味方全員を13%のHPで蘇らせる,advantage_creation,4,0.75,0.26,0,0,1,0.2,0.91,0.2743,0,0,0.9985,0.004352
47,85,3,26,em-e0dcffe4d5d0,大魔神！せいタン降臨,fire,ZR,44,2044,6305,4,3ターンの間、火属性の味方全員の攻撃力を80%増加させる,counteraction,4,0.75,0.26,0,0,1,0.2,0.98,0.272,0,1.25,0.9636,0.008781
48,34,127,44,em-d9bd2d5de563,コンクちゃん,all,CR,20,2556,1704,1,1ターンの間、味方全員にダメージを23%軽減するシールドを与える,advantage_creation,4,0.75,0.26,1,0,1,0.19,0.94,0.2702,0.75,0,0.9872,0.006091
49,86,128,72,em-aeee7aac1b71,ジンジャーブレッド男,fire_wind,CR,20,4143,2440,2,1ターンの間、リーダーの攻撃力を200%増加させる,counteraction,4,0.75,0.26,0,0,1,0.2,0.92,0.2688,0,0,0.9871,0.003989
50,87,129,74,em-ceae46610053,火の供犠ぴよ子,fire,R,4,120,120,0,なし,none,4,0.75,0.26,0,1,1,0.19,0.99,0.2661,0,0,0.9984,0.003927
51,11,130,31,em-2a20d82018a7,強飯式太子君,fire_water,MZR,43,4771,3408,1,火属性の味方全員のHPを40%回復する,advantage_creation,4,0.75,0.26,1,0,1,0.2,0.94,0.2661,1.75,0,0.9078,0.007576
52,88,131,85,em-edb254f0a679,カナちゃんのなごみ,fire_wind,MZR,41,5453,3408,2,水属性の味方全員のHPを120%回復する,advantage_creation,4,0.75,0.26,0,0,1,0.19,0.99,0.2596,0,0,0.9075,0.003398
53,89,132,81,em-ebd6f9bf2bee,中野華蓮(日本人),fire,CR,17,1516,3638,4,1ターンの間、自身の攻撃力を200%増加させる,counteraction,4,0.75,0.26,0,0,1,0.19,0.93,0.2596,0,0,0.9869,0.003598
54,90,133,91,em-8522b1e6c291,百華百彩久連子,fire_wind,MZR,55,5282,5282,3,2ターンの間、自身の攻撃が5回連続攻撃になる,counteraction,4,0.75,0.26,0,0,1,0.19,0.88,0.2563,0,0,0.907,0.00322
55,91,134,86,em-b041a6f6cf00,テヅルモヅルン,fire_water,ZR,37,5367,2147,3,2ターンの間、風属性の攻撃を自身に集中させる(82%カット),advantage_creation,4,0.75,0.26,0.25,0,1,0.19,0.99,0.2563,0,0,0.9625,0.003327
56,92,135,87,em-18cdc04bd0d0,ｼﾞｬｯｸｵｰ・ランちゃん,fire,CR,20,1022,3578,5,1ターンの間、火属性の攻撃をリーダーに集中させる(90%カット),advantage_creation,4,0.75,0.26,0,0,1,0.19,0.95,0.2563,0,0,0.9867,0.003321
57,93,136,99,em-66075c4def49,K・Y・イマガワ,fire_wind,MZR,40,5793,3237,5,3ターンの間、風属性の味方全員の攻撃力を200%増加させる,counteraction,4,0.75,0.26,0,0,1,0.19,0.95,0.254,0,0,0.9063,0.002971
58,94,137,94,em-646a258bedba,ロロちゃん,fire,CR,8,500,800,8,死亡している火属性の味方全員を40%のHPで蘇らせる,advantage_creation,4,0.75,0.26,0,0,1,0.18,0.98,0.2509,0,0,0.9866,0.00315
59,95,138,95,em-6722337c6d78,雨降る倉敷のみかん姐,fire_water,R,15,2718,1963,4,1ターンの間、味方全員の攻撃が全体攻撃になる,counteraction,4,0.75,0.26,0,0,1,0.19,0.98,0.2507,0,0,0.9981,0.003103
60,96,139,172,em-b2d6a846bb36,哀哭のオオウミガラス,fire_wind,伝,75,9713,4941,2,5ターンの間、味方全員に火属性の敵からのダメージを25%軽減するシールドを与える,advantage_creation,4,0.75,0.26,0,0,1,0.18,0.97,0.2471,0,0,0.3883,0.001176
61,97,140,101,em-3a3a23655699,とりころん・ぴー子,fire,CR,16,1200,300,7,1ターンの間、味方全員の属性を全属性(3色混合)に変更する,adaptive,4,0.75,0.26,0,0,1,0.18,0.97,0.2469,0,0,0.9864,0.00291
62,98,141,102,em-54897d4f731d,ケンＺＯ２号,fire,N,5,200,580,5,3ターンの間、自身の攻撃力を80%増加させる,counteraction,4,0.75,0.26,0,0,1,0.17,0.9,0.2448,0,0,0.9988,0.00287
63,99,142,116,em-2c5d06641a28,ジャックレムリン,fire_wind,MZR,55,7497,3748,7,5ターンの間、味方全員の攻撃が全体攻撃になる,counteraction,4,0.75,0.26,0,0,1,0.18,0.93,0.2434,0,0,0.9048,0.002533
64,100,143,112,em-67859050336b,マジ☆マシニッさん,fire_wind,ZR,36,4089,4430,6,3ターンの間、味方全員の攻撃が4回連続攻撃になる,counteraction,4,0.75,0.26,0,0,1,0.18,0.93,0.2434,0,0,0.9612,0.002622
65,101,144,121,em-b1988954d3bc,織田フィナーレ,fire,MZR,50,2556,5964,5,2ターンの間、火属性の味方全員の攻撃が3回連続攻撃になる,counteraction,4,0.75,0.26,0,0,1,0.18,0.92,0.2413,0,0,0.9043,0.002403
66,102,145,124,em-11f22e87203d,骨喰　花蟲,fire,MZR,60,2300,5708,4,死亡している火属性の味方全員を60%のHPで蘇らせる,advantage_creation,4,0.75,0.26,0,0,1,0.18,0.93,0.2413,0,0,0.9041,0.002341
67,103,70,96,em-2f152df51cdc,エトナさん,fire_water,ZR,50,5673,1704,1,1ターンの間、自身の攻撃が全体攻撃になる,counteraction,4,0.75,0.26,1,0,1,0.17,0.97,0.2399,0,0.25,0.9608,0.003054
68,104,146,128,em-cb9a138787d0,摩陀羅　潮真,fire_water,MZR,27,7194,1741,2,1ターンの間、水属性の攻撃を自身に集中させる(80%カット),advantage_creation,4,0.75,0.26,0.5,0,1,0.17,0.99,0.2355,0,0,0.9036,0.002224
69,105,147,122,em-d09d2f80d34e,トマティーナ少佐,fire_water,CR,16,3748,2130,2,2ターンの間、自身の攻撃が2回連続攻撃になる,counteraction,4,0.75,0.26,0,0,1,0.17,0.94,0.2355,0,0,0.9859,0.002365
70,106,148,134,em-bc583c6ff83e,卍石★モチ子,fire_wind,MZR,40,4625,4966,5,1ターンの間、水属性の攻撃を自身に集中させる(100%カット),advantage_creation,4,0.75,0.26,0,0,1,0.17,0.92,0.2336,0,0,0.9031,0.002112
71,107,149,135,em-ad53908276ac,ピコ島ぴーこ,fire_wind,MZR,47,4007,5112,1,風属性の味方全員のHPを42%回復する,advantage_creation,4,0.75,0.26,1,0,1,0.17,0.92,0.2336,0,0,0.9028,0.002058
72,6,150,32,em-1211d6248533,ピンクなコンクさん,all,ZR,32,3067,2044,1,1ターンの間、味方全員にダメージを27%軽減するシールドを与える,advantage_creation,4,0.75,0.26,1,0,1,0.16,0.89,0.2327,2,0,0.9601,0.007453
73,108,54,89,em-fa9285840bae,白虎むりょく,all,N,4,158,149,5,1ターンの間、自身の攻撃力を100%増加させる,counteraction,4,0.75,0.26,0,0,1,0.16,0.99,0.2327,0,0.5,0.9986,0.003265
74,109,151,133,em-4694b1a256f8,悪魔！いびるん,all,R,9,600,700,5,3ターンの間、攻撃をリーダーに集中させる(10%カット),advantage_creation,4,0.75,0.26,0,0,1,0.16,0.99,0.2283,0,0,0.9976,0.002117
75,110,4,37,em-08c36f307e1c,3年ε組！エレナ先生,fire,ZR,38,4430,4260,3,2ターンの間、風属性の味方全員の攻撃力を150%増加させる,counteraction,4,0.75,0.26,0,0,1,0.17,0.97,0.228,0,1.25,0.9597,0.006595
76,111,152,137,em-690a803a0c00,タッターさん,fire_wind,ZR,47,4089,2222,2,1ターンの間、自身の攻撃が7回連続攻撃になる,counteraction,4,0.75,0.26,0.25,0,1,0.16,0.92,0.2244,0,0,0.9595,0.001938
77,13,153,40,em-30793b1211b4,ウルルさんは役者やで,fire,R,15,1310,2189,1,1ターンの間、味方全員に風属性の敵からのダメージを60%軽減するシールドを与える,advantage_creation,4,0.75,0.26,0.5,0,1,0.16,0.95,0.2234,1.5,0,0.9975,0.006467
78,112,154,139,em-24ccb3f9affa,むりょく,all,N,5,159,144,5,1ターンの間、攻撃を自身に集中させる(80%カット),advantage_creation,4,0.75,0.26,0,0,1,0.15,0.99,0.2187,0,0,0.9985,0.001926
79,113,155,141,em-215080a7a05b,?????,fire,ZR,39,4924,4413,4,風属性の味方全員のスキルカウントを3減少させる,ignored,4,0.75,0.26,0,0,1,0.16,0.94,0.2182,0,0,0.9591,0.001805
80,114,55,113,em-9974d2b554c4,ｼｬﾐｯ子！シャーミー君,fire_wind,MZR,36,4652,3919,1,2ターンの間、火属性の敵に対する自身の攻撃力を80%増加させる,counteraction,4,0.75,0.26,1,0,1,0.15,0.92,0.2162,0,0.5,0.9006,0.002618
81,35,156,71,em-86926ff7d06c,満喫♪新年にくぁう,fire,CR,24,2085,3449,1,1ターンの間、味方全員にダメージを20%軽減するシールドを与える,advantage_creation,4,0.75,0.26,0.5,0,1,0.16,0.91,0.214,0.75,0,0.9852,0.00403
82,115,157,144,em-d0ab149939aa,製鉄所★澤先輩,fire_water,CR,24,5313,1771,3,風属性の味方全員のスキルカウントを2減少させる,ignored,4,0.75,0.26,0,0,1,0.15,0.87,0.2123,0,0,0.9852,0.00173
83,116,158,145,em-e2c8365ae02e,ɔリバーくん,fire_wind,N,10,704,1689,3,2ターンの間、自身の攻撃力を100%増加させる,counteraction,4,0.75,0.26,0,0,1,0.15,0.99,0.2123,0,0,0.9984,0.001711
84,117,159,149,em-c5623c38fcb8,反魂タン,fire,R,5,500,600,4,死亡している風属性の味方全員を70%のHPで蘇らせる,advantage_creation,4,0.75,0.26,0.25,0,1,0.15,0.99,0.2107,0,0,0.9972,0.001667
85,43,13,35,em-10b41d0249c9,ホタル,fire,ZR,40,4396,5163,1,1ターンの間、自身の属性を水属性に変更する,adaptive,4,0.75,0.26,1,0,1,0.15,0.97,0.205,0.5,1,0.9583,0.006843
86,118,160,158,em-b17b3174de7d,ネギtheフィクサー,all,ZR,45,2405,5135,3,2ターンの間、味方全員にダメージを50%軽減するシールドを与える,advantage_creation,4,0.75,0.26,0,0,1,0.14,0.97,0.2049,0,0,0.9581,0.001534
87,4,161,36,em-cc1dd429dace,?????,fire_water,MZR,58,4171,4737,1,1ターンの間、味方全員に火属性の敵からのダメージを40%軽減するシールドを与える,advantage_creation,4,0.75,0.26,1,0,1,0.15,0.97,0.2043,2.5,0,0.8988,0.006771
88,50,162,100,em-684248c89e03,ストックレー帝,fire,CR,22,3013,3181,0,1ターンの間、自身の属性を風属性に変更する,adaptive,4,0.75,0.26,1,1,1,0.14,0.94,0.2008,0.25,0,0.9848,0.002921
89,119,163,159,em-124d2df2b85e,ディオクレ君,fire_water,R,23,2416,1449,4,味方全員のスキルカウントを2減少させる,ignored,4,0.75,0.26,0,0,1,0.14,0.87,0.1997,0,0,0.9971,0.001498
90,120,164,161,em-41c5d9f739e4,健やか泰三,fire_wind,MZR,44,3052,5964,5,死亡している風属性の味方全員を100%のHPで蘇らせる,advantage_creation,4,0.75,0.26,0,0,1,0.14,0.93,0.1974,0,0,0.8981,0.001317
91,121,165,163,em-7ba25345ffb0,シーさま,fire_wind,MZR,60,4601,4601,3,敵全員の攻撃カウントを1増加させる,ignored,4,0.75,0.26,0,0,1,0.14,0.89,0.1949,0,0,0.8978,0.001286
92,122,36,90,em-8cd856412a10,にくぁうぅぅぅぅぅ！,fire,CR,17,1355,3638,4,1ターンの間、風属性の敵に対する自身の攻撃力を1000%増加させる,counteraction,4,0.75,0.26,0,0,1,0.14,0.98,0.1941,0,0.75,0.9845,0.003253
93,123,166,169,em-7a5536e43124,因幡WAHHH!!,fire,MZR,31,3578,4771,4,1ターンの間、風属性の敵に対する自身の攻撃力を1780%増加させる,counteraction,4,0.75,0.26,0,0,1,0.14,0.93,0.1896,0,0,0.8973,0.001227
94,124,167,171,em-cea68c425163,跛荒の鉄男大先生,fire_water,MZR,51,4686,6625,3,2ターンの間、自身の攻撃が4回連続攻撃になる,counteraction,4,0.75,0.26,0,0,1,0.13,0.91,0.1886,0,0,0.8971,0.001198
95,125,168,162,em-20b521a22027,ふとし君,fire,N,4,111,491,5,1ターンの間、自身の攻撃力を50%増加させる,counteraction,4,0.75,0.26,0,0,1,0.13,0.94,0.1881,0,0,0.9981,0.001302
96,126,169,166,em-f1fdf84ea79d,どんちっちん,fire,R,6,700,500,9,2ターンの間、味方全員の攻撃が全体攻撃になる,counteraction,4,0.75,0.26,0,0,1,0.13,0.98,0.1881,0,0,0.9968,0.001271
97,127,14,57,em-2a54c7e36890,ばん馬ばん,fire,N,4,400,250,5,1ターンの間、風属性の敵に対する自身の攻撃力を1750%増加させる,counteraction,4,0.75,0.26,0,0,1,0.13,0.99,0.1835,0,1,0.9981,0.004856
98,128,170,175,em-49b522eac464,ジェヴォたんは狼？,all,MZR,43,3006,6022,4,3ターンの間、風属性の味方全員の攻撃が2回連続攻撃になる,counteraction,4,0.75,0.26,0,0,1,0.13,0.94,0.1795,0,0,0.896,0.001092
99,28,171,76,em-4784572b893f,シントラーのリスボン,fire,MZR,32,5680,3786,0,1ターンの間、自身の属性を風属性に変更する,adaptive,4,0.75,0.26,1,1,1,0.12,0.92,0.1748,1,0,0.8958,0.00371
100,129,172,173,em-667d96cceb87,さんとくん,fire,R,6,1000,200,5,水属性の敵全員の攻撃カウントを1増加させる,ignored,4,0.75,0.26,0,0,1,0.12,0.89,0.1748,0,0,0.9967,0.001165
101,130,173,180,em-29be2edf2271,餅子・ﾏｰﾒｲﾄﾞｽﾀｲﾙ,fire_wind,MZR,60,4797,5308,5,1ターンの間、味方全員に水属性の敵からのダメージを99%軽減するシールドを与える,advantage_creation,4,0.75,0.26,0,0,1,0.12,0.93,0.1748,0,0,0.8953,0.001023
102,131,71,151,em-5c46e7a79c7f,ギャルド・スイス先輩,fire,MZR,45,3408,5453,4,3ターンの間、火属性の味方全員の攻撃が2回連続攻撃になる,counteraction,4,0.75,0.26,0,0,1,0.13,0.94,0.1742,0,0.25,0.895,0.00161
103,132,174,177,em-b9e75bc0b1f9,わっしょいミカ先生,fire_wind,CR,20,4186,3220,5,3ターンの間、火属性の敵に対する味方全員の攻撃力を250%増加させる,counteraction,4,0.75,0.26,0,0,1,0.13,0.99,0.1742,0,0,0.9839,0.001076
104,133,175,179,em-981bf693e8c3,メガネパンダ系の何か,fire,CR,19,2576,2415,6,味方全員のスキルカウントを3減少させる,ignored,4,0.75,0.26,0,0,1,0.13,0.94,0.1742,0,0,0.9838,0.001053
105,134,176,185,em-712bee050113,ターヌムンゴネキ,fire,MZR,35,4089,4089,2,6ターンの間、自身の攻撃力を65%増加させる,counteraction,4,0.75,0.26,0,0,1,0.13,0.92,0.1742,0,0,0.8943,0.000936
106,135,177,186,em-b7d1205bd3a7,すーぱーサイアン,fire_water,MZR,60,5964,5964,12,1ターンの間、自身の攻撃力を99999%増加させる,counteraction,4,0.75,0.26,0,0,1,0.13,0.94,0.1742,0,0,0.894,0.000915
107,136,178,181,em-4b386c59ef08,キマシ塔の温泉娘,fire_water,CR,20,1245,2781,5,2ターンの間、風属性の味方全員の攻撃力を314%増加させる,counteraction,4,0.75,0.26,0.25,0,1,0.11,0.93,0.1627,0,0,0.9836,0.000985
108,51,179,129,em-f4025e805468,best of 長田さん,fire,MZR,50,3500,7000,1,1ターンの間、自身の属性を風属性に変更する,adaptive,4,0.75,0.26,1,0,1,0.11,0.89,0.1578,0.25,0,0.8935,0.002199
109,137,180,182,em-efaa90d2f7dc,竹輪先生,fire,N,3,150,700,5,1ターンの間、自身の攻撃力を100%増加させる,counteraction,4,0.75,0.26,0,0,1,0.11,0.94,0.1578,0,0,0.9978,0.000961
110,138,181,189,em-78c7d71a75d2,美音三銃士を連れてきたよ,all,ZR,50,6475,3748,5,死亡している味方全員を20%のHPで甦らせる,advantage_creation,4,0.75,0.26,0,0,1,0.11,0.97,0.1578,0,0,0.9547,0.0009
111,139,182,187,em-2325681e1b59,BON JOVE,all,CR,24,3220,3220,5,1ターンの間、味方全員の攻撃が全体攻撃になる,counteraction,4,0.75,0.26,0,0,1,0.11,0.94,0.1534,0,0,0.9834,0.000908
112,140,183,188,em-b06129e327ac,ケンＺＯ３号,fire,N,6,300,680,5,3ターンの間、自身の攻撃力を90%増加させる,counteraction,4,0.75,0.26,0,0,1,0.1,0.93,0.15,0,0,0.9978,0.000902
113,141,184,190,em-760bb0daf1c9,ゲキ悪オヤジ(神),all,ZR,53,5112,5112,6,敵全員の攻撃カウントを3増加させる,ignored,4,0.75,0.26,0,0,1,0.1,0.93,0.1462,0,0,0.9542,0.000845
114,142,185,199,em-8cb75e870411,マンいーたち,fire_wind,MZR,50,3408,6816,4,3ターンの間、水属性の味方全員の攻撃が全体攻撃になる,counteraction,4,0.75,0.26,0,0,1,0.09,0.89,0.1367,0,0,0.892,0.000774
115,143,186,195,em-aae4f48cb489,もん親方,fire,ZR,28,3748,3748,2,1ターンの間、火属性の攻撃を自身に集中させる(70%カット),advantage_creation,4,0.75,0.26,0,0,1,0.09,0.91,0.1361,0,0,0.954,0.000811
116,144,187,197,em-eb8dcb3ecb46,ヨーコ須賀パイセン,fire_water,ZR,45,5964,3237,3,1ターンの間、火属性の攻撃を自身に集中させる(85%カット),advantage_creation,4,0.75,0.26,0.25,0,1,0.09,0.97,0.1361,0,0,0.9538,0.000794
117,145,188,194,em-455f884e0481,迷菓ぴよ子先生,fire,R,7,662,700,5,1ターンの間、火属性の味方全員の攻撃力を100%増加させる,counteraction,4,0.75,0.26,0,0,1,0.09,0.92,0.1308,0,0,0.9961,0.000813
118,146,189,196,em-ead779b4526c,乗っとるダム制度君,fire,N,8,2115,535,2,死亡している風属性の味方全員を1%のHPで蘇らせる,advantage_creation,4,0.75,0.26,0,0,1,0.09,0.92,0.1308,0,0,0.9976,0.000798
119,147,190,205,em-a3563f41a151,ラクダンデス隊長,fire_wind,MZR,38,4941,3578,2,1ターンの間、攻撃を自身に集中させる(70%カット),advantage_creation,4,0.75,0.26,0.25,0,1,0.08,0.95,0.1228,0,0,0.8907,0.000698
120,148,191,200,em-3738f743f200,復活！チワワんこ,fire,N,8,1128,1269,3,味方全員のHPを30%回復する,advantage_creation,4,0.75,0.26,0,0,1,0.08,0.96,0.1214,0,0,0.9976,0.000767
121,18,192,58,em-37fd7478d2d8,壺風味の何か,fire,N,16,2809,888,1,3ターンの間、味方全員に火属性の敵からのダメージを20%軽減するシールドを与える,advantage_creation,4,0.75,0.26,0.75,0,1,0.08,0.91,0.1214,1.25,0,0.9976,0.004802
122,149,37,125,em-9ec6297ea6ca,バスてとにゃん,fire_wind,MZR,38,4260,4771,3,2ターンの間、水属性の味方全員の攻撃力を250%増加させる,counteraction,4,0.75,0.26,0.25,0,1,0.07,0.97,0.1081,0,0.75,0.8899,0.002331
123,150,193,212,em-f88796a335ca,勇者オトシゴ,fire,MZR,12,1324,1703,5,2ターンの間、味方全員にダメージを75%軽減するシールドを与える,advantage_creation,4,0.75,0.26,0,0,1,0.04,0.94,0.0641,0,0,0.8897,0.000648
124,44,194,126,em-2c08686a6d88,猿もの追い払いネキ,fire_wind,MZR,42,4171,3977,5,2ターンの間、味方全員に風属性の敵からのダメージを85%軽減するシールドを与える,advantage_creation,30,0.4167,0.2533,0,0,1,0.1,0.8653,0.1341,0.4333,0,0.8894,0.002313
125,151,94,178,em-1527baa8e6c0,ジャックじゃない！と,fire_wind,N,6,400,500,6,1ターンの間、自身の攻撃が3回連続攻撃になる,counteraction,30,0.4167,0.2533,0,0,1,0.0707,0.868,0.0979,0,0.2333,0.9975,0.001053
126,152,195,206,em-1d111df2ae70,ヤックです,fire_wind,N,5,300,400,7,1ターンの間、自身の攻撃が3回連続攻撃になる,counteraction,30,0.4167,0.2533,0,0,1,0.06,0.8747,0.0854,0,0,0.9975,0.00069
127,49,95,117,em-e11205ce4a3f,紅蓮のＰＬぴよ子,fire,ZR,60,3656,3656,1,1ターンの間、自身の属性を火属性に変更する,adaptive,30,0.4333,0.253,0.8667,0,1,0.0907,0.864,0.1284,0.3,0.2333,0.9522,0.002522
128,153,196,210,em-07585cdaab4c,だいこっくんさん,fire,CR,12,1000,1200,9,1ターンの間、味方全員の攻撃力を150%増加させる,counteraction,30,0.4167,0.2467,0,0,1,0.0813,0.9027,0.1134,0,0,0.9823,0.000658
129,46,197,119,em-02dd665173e3,超回復！反魂タン,fire,R,6,600,700,4,死亡している風属性の味方全員を80%のHPで蘇らせる,advantage_creation,30,0.4167,0.2403,0.0333,0,1,0.0907,0.9013,0.1271,0.3667,0,0.9957,0.00243
130,154,198,216,em-076ae15080b8,ゾウムシ,fire,ZR,40,7293,2044,7,1ターンの間、火属性の味方全員にダメージを100%軽減するシールドを与える,advantage_creation,30,0.4167,0.2403,0,0,1,0.1107,0.9187,0.153,0,0,0.9518,0.000617
131,155,199,217,em-a68c8ce48bea,こんにゃく姫,fire,ZR,37,5964,2726,7,1ターンの間、火属性の味方全員の攻撃力を400%増加させる,counteraction,4,0.625,0.1559,0,0,1,0.22,0.94,0.2831,0,0,0.9516,0.000606
132,156,56,147,em-b54ea6cda2a4,塚井さん,fire,CR,38,3817,2999,2,3ターンの間、自身の攻撃力を80%増加させる,counteraction,4,0.625,0.1559,0,0,1,0.21,0.97,0.2733,0,0.5,0.9821,0.00168
133,157,200,218,em-cd23be41d901,美顔なエンパナさん,fire,ZR,40,5623,4089,8,死亡している味方全員を150%のHPで蘇らせる,advantage_creation,4,0.625,0.1559,0,0,1,0.21,0.94,0.2725,0,0,0.9513,0.000586
134,158,201,223,em-a62aee8d3548,レゲエじゃまいか,fire,MZR,40,5453,3748,4,死亡している水属性の味方全員を110%のHPで蘇らせる,advantage_creation,4,0.625,0.1559,0,0,1,0.2,0.95,0.2632,0,0,0.8869,0.000537
135,29,202,93,em-7f847f5ad505,電ドロ白鷺嬢,fire,MZR,40,6816,2556,1,自身のHPを70%回復する,advantage_creation,4,0.625,0.1559,1,0,1,0.2,0.88,0.2614,1,0,0.8866,0.003154
136,159,203,219,em-e2624c3cfdbc,美才能♪かの子さん,fire,CR,18,1288,4025,5,3ターンの間、自身の攻撃が7回連続攻撃になる,counteraction,4,0.625,0.1559,0,0,1,0.2,0.93,0.2614,0,0,0.9818,0.000576
137,160,204,220,em-fef48f3b2f9e,まん丸！シャーミー君,fire_wind,ZR,28,3800,3237,1,2ターンの間、火属性の敵に対する自身の攻撃力を70%増加させる,counteraction,4,0.625,0.1559,1,0,1,0.2,0.94,0.2614,0,0,0.9508,0.000549
138,161,205,227,em-28604c08091f,純白のアンナ大先輩,fire,MZR,51,6305,3748,5,4ターンの間、自身の攻撃が全体攻撃になる,counteraction,4,0.625,0.1559,0,0,1,0.2,0.93,0.2614,0,0,0.8858,0.000503
139,162,206,221,em-68e23b3f15d7,あっぴーの外出,fire,CR,15,1610,3500,3,3ターンの間、リーダーの攻撃力を250%増加させる,counteraction,4,0.625,0.1559,0,0,1,0.2,0.99,0.2592,0,0,0.9816,0.000548
140,5,207,42,em-489782f8e31c,愛のぴよ子,fire,CR,7,1631,1993,3,水属性の味方全員のHPを100%回復する,advantage_creation,4,0.625,0.1559,0.5,0,1,0.19,0.99,0.2525,2.5,0,0.9816,0.006392
141,163,57,154,em-629cc99564e0,帝王ヒルズ様,fire,CR,17,1867,3333,1,1ターンの間、水属性の敵に対する自身の攻撃力を300%増加させる,counteraction,4,0.625,0.1559,0.5,0,1,0.19,0.97,0.2516,0,0.5,0.9815,0.001571
142,164,208,225,em-225255ba2e90,華美なるミシュル嬢,fire,CR,22,3864,2524,1,自身のHPを85%回復する,advantage_creation,4,0.625,0.1559,1,0,1,0.19,0.95,0.2516,0,0,0.9814,0.000525
143,165,209,228,em-e49404c0e4be,?????,fire,ZR,43,5350,2712,3,2ターンの間、水属性の敵に対する味方全員の攻撃力を214%増加させる,counteraction,4,0.625,0.1559,0,0,1,0.19,0.95,0.2516,0,0,0.9499,0.0005
144,166,210,832,em-748c1a866dbc,Hey Yeah 清盛,fire_wind,伝,75,11417,2896,3,1ターンの間、攻撃を自身に集中させる(77%カット),advantage_creation,4,0.625,0.1559,0,0,1,0.19,0.89,0.2516,0,0,0.371,0.000192
145,167,211,838,em-01ed0ad1bb88,ムガるぞ！フマゆん,fire,伝,78,8350,6805,3,2ターンの間、水属性の味方全員の攻撃が全体攻撃になる,counteraction,4,0.625,0.1559,0,0,1,0.19,0.9,0.2516,0,0,0.3708,0.000189
146,168,212,234,em-eb57ed2cb1f2,ペパりんズクッキング,fire,MZR,60,6305,3237,3,風属性の敵全員の攻撃カウントを2増加させる,ignored,4,0.625,0.1559,0,0,1,0.19,0.91,0.2516,0,0,0.8838,0.000445
147,169,213,229,em-6dcd90bb7df5,花めく☆まつやマン,fire_wind,CR,24,4669,2173,1,自身のHPを50%回復する,advantage_creation,4,0.625,0.1559,1,0,1,0.19,0.93,0.2516,0,0,0.9811,0.000486
148,170,214,230,em-7e4426102b17,タンジャンじゃん,fire,CR,22,3139,3139,3,死亡している風属性の味方全員を100%のHPで蘇らせる,advantage_creation,4,0.625,0.1559,0,0,1,0.19,0.92,0.2471,0,0,0.9811,0.000479
149,171,215,231,em-2a715d5b73f6,白水師匠,fire,R,12,780,820,6,2ターンの間、火属性の味方全員の攻撃が全体攻撃になる,counteraction,4,0.625,0.1559,0,0,1,0.19,0.97,0.2434,0,0,0.995,0.000479
150,7,216,43,em-47063c22130f,わんこースそば,fire,N,4,300,400,3,味方全員のHPを20%回復する,advantage_creation,4,0.625,0.1559,0.5,0,1,0.18,0.95,0.2415,2,0,0.997,0.006099
151,172,217,233,em-13a4725c1c03,砂のんべぇ,fire,CR,20,3220,1288,1,1ターンの間、自身の攻撃が3回連続攻撃になる,counteraction,4,0.625,0.1559,1,0,1,0.18,0.93,0.2401,0,0,0.9809,0.000461
152,173,218,232,em-f4ac535052c1,ɑム・ɑクト・パップ,fire,R,13,1341,2416,4,味方全員のHPを88%回復する,advantage_creation,4,0.625,0.1559,0,0,1,0.18,0.99,0.2401,0,0,0.9949,0.000461
153,174,72,176,em-2c691fe63d0d,ブッシュドノエルん,fire_wind,ZR,38,3652,5354,2,1ターンの間、リーダーの攻撃力を250%増加させる,counteraction,4,0.625,0.1559,0,0,1,0.18,0.94,0.2377,0,0.25,0.9484,0.001086
154,175,219,235,em-959e9037e6f6,だいこっくん,fire,CR,8,800,900,8,1ターンの間、味方全員の攻撃力を100%増加させる,counteraction,4,0.625,0.1559,0,0,1,0.18,0.96,0.2377,0,0,0.9807,0.000442
155,176,220,236,em-52b1a63b86dd,ヤマさんヤミーさん,fire,CR,27,1288,3220,1,5ターンの間、火属性の敵に対する味方全員の攻撃力を23%増加させる,counteraction,4,0.625,0.1559,0.5,0,1,0.18,0.89,0.2377,0,0,0.9806,0.000437
156,177,221,239,em-cdd7690ef318,京都コーラマン,fire_water,MZR,59,5959,2800,4,1ターンの間、自身にダメージを96%軽減するシールドを与える,advantage_creation,4,0.625,0.1559,0,0,1,0.18,0.9,0.2377,0,0,0.8812,0.000387
157,2,222,34,em-654601ffb56d,スースちゃん,fire,R,15,1132,2265,0,1ターンの間、味方全員に火属性の敵からのダメージを15%軽減するシールドを与える,advantage_creation,4,0.625,0.1559,1,1,1,0.18,0.95,0.2344,2.75,0,0.9947,0.006922
158,178,223,241,em-2f3cf0f345e4,ふらっとウッズ子さん,fire_water,MZR,59,5112,2272,0,1ターンの間、風属性の攻撃を自身に集中させる(70%カット),advantage_creation,4,0.625,0.1559,1,1,1,0.17,0.92,0.2309,0,0,0.8807,0.000378
159,179,224,898,em-5e492c884ca0,三貴子素戔嗚,fire_wind,伝,75,8946,6475,5,2ターンの間、味方全員の攻撃が3回連続攻撃になる,counteraction,4,0.625,0.1559,0,0,1,0.17,0.91,0.2299,0,0,0.3679,0.000156
160,180,225,242,em-55828eea72b7,スーリヤ大先輩,fire_water,MZR,48,5360,1951,2,2ターンの間、自身の攻撃が全体攻撃になる,counteraction,4,0.625,0.1559,0,0,1,0.17,0.9,0.2299,0,0,0.8801,0.000369
161,181,38,132,em-ad084af57188,魔法使い らくがーる,fire,ZR,38,4601,3663,2,3ターンの間、風属性の味方全員の攻撃力を70%増加させる,counteraction,4,0.625,0.1559,0.25,0,1,0.17,0.97,0.228,0,0.75,0.9472,0.002132
162,182,226,901,em-c25db2f5b4ff,メルヘン☆グリ子,fire_wind,伝,80,9202,3748,4,1ターンの間、味方全員にダメージを80%軽減するシールドを与える,advantage_creation,4,0.625,0.1559,0,0,1,0.17,0.89,0.228,0,0,0.3673,0.00015
163,183,227,238,em-474d7b7d3bbe,イチャン～(から),fire_water,CR,26,3606,2850,2,1ターンの間、自身の攻撃が全体攻撃になる,counteraction,4,0.625,0.1559,0,0,1,0.17,0.95,0.228,0,0,0.9801,0.000397
164,184,228,247,em-bc6da5addf52,桜ブーナッド,fire_wind,MZR,46,5547,4013,5,風属性の味方全員のHPを270%回復する,advantage_creation,4,0.625,0.1559,0,0,1,0.17,0.91,0.228,0,0,0.8791,0.000352
165,185,229,905,em-370ba5df8d09,悪霊狩人ちび大助,fire,伝,81,8776,5879,5,3ターンの間、自身の攻撃が8回連続攻撃になる,counteraction,4,0.625,0.1559,0,0,1,0.17,0.88,0.228,0,0,0.3666,0.000145
166,186,230,248,em-361f82120d03,オイボくん,fire_wind,MZR,40,6645,2556,2,4ターンの間、自身の攻撃力を95%増加させる,counteraction,4,0.625,0.1559,0.25,0,1,0.17,0.95,0.228,0,0,0.8786,0.000344
167,187,231,240,em-294f61da0084,Ｃ・Ｃ☆電車姫,fire_water,CR,22,3741,1973,4,3ターンの間、自身の攻撃力を200%増加させる,counteraction,4,0.625,0.1559,0,0,1,0.17,0.99,0.228,0,0,0.9799,0.000379
168,188,232,244,em-f53bffc021ea,曲弾動物ウーミン,fire,ZR,33,2999,3544,5,味方全員のスキルカウントを2減少させる,ignored,4,0.625,0.1559,0,0,1,0.17,0.95,0.228,0,0,0.9462,0.000363
169,189,233,250,em-e121ae05cb4a,戦国ドラグーン,fire,MZR,32,3919,5112,0,2ターンの間、自身の属性を火属性に変更する,adaptive,4,0.625,0.1559,1,1,1,0.17,0.99,0.225,0,0,0.8778,0.000333
170,190,234,246,em-93e0810ca88c,宇壺田ウツ雄,fire,ZR,25,3067,3067,6,3ターンの間、味方全員に水属性の敵からのダメージを85%軽減するシールドを与える,advantage_creation,4,0.625,0.1559,0,0,1,0.17,0.95,0.225,0,0,0.9459,0.000355
171,191,235,243,em-83399e4df86b,必罰のエルフ,fire,CR,18,2093,3281,4,1ターンの間、火属性の敵に対する味方全員の攻撃力を120%増加させる,counteraction,4,0.625,0.1559,0,0,1,0.17,0.91,0.225,0,0,0.9796,0.000364
172,192,236,253,em-32dd2642183e,ハイパーハンギョジン,fire,MZR,60,5889,3996,3,2ターンの間、味方全員の攻撃力を78%増加させる,counteraction,4,0.625,0.1559,0,0,1,0.16,0.99,0.2198,0,0,0.877,0.000323
173,193,237,256,em-832edc9513ca,Ｈ・Ｆ・ウーマン,fire,MZR,45,6305,3748,4,1ターンの間、攻撃を自身に集中させる(88%カット),advantage_creation,4,0.625,0.1559,0,0,1,0.16,0.93,0.2178,0,0,0.8767,0.000319
174,194,238,258,em-a81a753351d9,戸定梨香,all,MZR,28,3216,3534,4,死亡している味方全員を7%のHPで蘇らせる,advantage_creation,4,0.625,0.1559,0,0,1,0.16,0.96,0.2178,0,0,0.8765,0.000316
175,195,239,249,em-c37c2a529421,ディワリのｱﾗｸｼｭﾐｰ,fire,ZR,38,4771,3408,2,火属性の味方全員のHPを80%回復する,advantage_creation,4,0.625,0.1559,0.25,0,1,0.16,0.95,0.2178,0,0,0.9452,0.000338
176,196,240,910,em-a5e1e009bda8,くまのたん伝説,fire,伝,80,8861,8179,5,1ターンの間、自身の攻撃力を1000%増加させる,counteraction,4,0.625,0.1559,0,0,1,0.16,0.93,0.2178,0,0,0.3643,0.000129
177,19,241,69,em-dade81e05fdb,紫式部@物語執筆中,fire_water,CR,25,1771,3220,0,1ターンの間、味方全員に風属性の敵からのダメージを20%軽減するシールドを与える,advantage_creation,4,0.625,0.1559,1,1,1,0.16,0.92,0.2153,1.25,0,0.9792,0.004276
178,197,15,77,em-93a9275d427c,肉食ドゥブロさん,fire_water,ZR,32,5106,3404,3,3ターンの間、火属性の敵に対する味方全員の攻撃力を100%増加させる,counteraction,4,0.625,0.1559,0,0,1,0.16,0.99,0.2153,0,1,0.9447,0.003687
179,198,242,262,em-abcae044297d,ラ・ショー・ドさん,fire_water,MZR,44,5453,3424,5,風属性の敵全員の攻撃カウントを3増加させる,ignored,4,0.625,0.1559,0,0,1,0.16,0.95,0.2153,0,0,0.8752,0.000303
180,199,243,264,em-845ebf2f059a,うどんの女神,fire,MZR,39,4771,2385,2,2ターンの間、自身の攻撃が4回連続攻撃になる,counteraction,4,0.625,0.1559,0,0,1,0.16,0.94,0.2153,0,0,0.8749,0.0003
181,200,244,254,em-de36aab296aa,月下皇帝ランたん様,fire_water,ZR,50,3150,5367,3,死亡している風属性の味方全員を50%のHPで蘇らせる,advantage_creation,4,0.625,0.1559,0,0,1,0.16,0.98,0.2153,0,0,0.9443,0.000321
182,201,245,257,em-edd2253df045,怪奇！変身鬼人形,fire,ZR,25,3408,3834,3,1ターンの間、味方全員の属性を全属性(3色混合)に変更する,adaptive,4,0.625,0.1559,0,0,1,0.16,0.9,0.2153,0,0,0.9441,0.000318
183,202,246,251,em-8476f5773554,エーランドちゃん,fire_water,CR,30,6070,2160,7,風属性の敵全員の攻撃カウントを5増加させる,ignored,4,0.625,0.1559,0,0,1,0.16,0.99,0.2153,0,0,0.9788,0.000327
184,203,247,259,em-3dc0af65e330,ランたんちゃん,fire,ZR,43,3425,5295,2,1ターンの間、味方全員の属性を全属性(3色混合)に変更する,adaptive,4,0.625,0.1559,0,0,1,0.16,0.92,0.2153,0,0,0.9438,0.000313
185,204,248,268,em-84d3175a9388,コン勝神☆くー様,fire,MZR,48,3809,7024,4,3ターンの間、火属性の味方全員の攻撃力を130%増加させる,counteraction,4,0.625,0.1559,0,0,1,0.16,0.97,0.2118,0,0,0.8736,0.000288
186,205,249,270,em-599b57f2e5c4,Halloweenの蘭子さん,fire_wind,MZR,37,2044,5964,5,死亡している風属性の味方全員を20%のHPで蘇らせる,advantage_creation,4,0.625,0.1559,0,0,1,0.16,0.97,0.2118,0,0,0.8733,0.000285
187,206,250,252,em-737d1a27052c,じとっ子,fire,N,4,202,410,5,2ターンの間、風属性の敵に対する自身の攻撃力を100%増加させる,counteraction,4,0.625,0.1559,0,0,1,0.15,0.95,0.2082,0,0,0.9962,0.000323
188,207,251,255,em-dc6446295503,ハズクちゃん,fire,R,8,400,300,9,1ターンの間、火属性の味方全員の攻撃が3回連続攻撃になる,counteraction,4,0.625,0.1559,0,0,1,0.15,0.95,0.2082,0,0,0.9936,0.00032
189,208,252,263,em-9ffce070b31f,レモなんとかさん,fire,ZR,40,5793,2215,3,死亡している風属性の味方全員を50%のHPで蘇らせる,advantage_creation,4,0.625,0.1559,0,0,1,0.15,0.99,0.2082,0,0,0.9431,0.000302
190,209,253,265,em-5d696ecc61dd,カミキリ,fire,ZR,75,5845,6134,1,8ターンの間、火属性の敵に対する火属性の味方全員の攻撃力を20%増加させる,counteraction,4,0.625,0.1559,1,0,1,0.15,0.88,0.2082,0,0,0.9429,0.000299
191,210,73,245,em-5e67f5f55234,?????,fire_wind,伝,88,10224,4941,5,3ターンの間、風属性の敵に対する味方全員の攻撃力を300%増加させる,counteraction,4,0.625,0.1559,0,0,1,0.15,0.92,0.2072,0,0.25,0.3611,0.000358
192,211,254,260,em-41c1f9333ff6,エグいできっしん,fire,R,12,342,1062,5,2ターンの間、自身の攻撃力を300%増加させる,counteraction,4,0.625,0.1559,0,0,1,0.15,0.99,0.2072,0,0,0.9935,0.000311
193,212,255,261,em-ef6acbb9fe3a,ﾌｫﾆｰ・ぴよ・ｶﾞｰﾙｽﾞY,all,CR,25,3703,1771,4,1ターンの間、味方全員の属性を全属性(3色混合)に変更する,adaptive,4,0.625,0.1559,0,0,1,0.15,0.91,0.2072,0,0,0.9782,0.000305
194,213,256,266,em-e73e837049b5,ｿﾞﾝﾋﾞｶﾞｰﾙ･ガブリン,fire,ZR,28,1366,3834,4,死亡している火属性の味方全員を20%のHPで蘇らせる,advantage_creation,4,0.625,0.1559,0,0,1,0.15,0.94,0.2072,0,0,0.9423,0.000292
195,214,74,191,em-4206205a0bb1,リュウ・ツカイ,fire,MZR,60,5708,4515,2,3ターンの間、自身の攻撃力を130%増加させる,counteraction,4,0.625,0.1559,0,0,1,0.15,0.94,0.2051,0,0.25,0.8709,0.000839
196,36,257,120,em-7a57f923ab2c,ありえんキャット様,fire_wind,MZR,61,6069,5622,1,1ターンの間、自身の属性を火属性に変更する,adaptive,4,0.625,0.1559,1,0,1,0.15,0.93,0.202,0.75,0,0.8707,0.002418
197,215,258,269,em-f119f767f457,アダム＆エバ,fire_water,ZR,50,5112,4260,4,2ターンの間、味方全員の攻撃力を100%増加させる,counteraction,4,0.625,0.1559,0,0,1,0.15,0.93,0.202,0,0,0.9418,0.000287
198,216,259,283,em-36d4f380dee2,ギャングなウツ雄様,fire,MZR,60,4856,4856,5,3ターンの間、味方全員に水属性の敵からのダメージを85%軽減するシールドを与える,advantage_creation,4,0.625,0.1559,0,0,1,0.15,0.89,0.202,0,0,0.8701,0.000263
199,217,260,272,em-14d31235a3f8,かっちゃんのBIG強飯,fire_wind,ZR,48,3067,4601,4,2ターンの間、味方全員の攻撃力を120%増加させる,counteraction,4,0.625,0.1559,0,0,1,0.15,0.93,0.202,0,0,0.9415,0.000283
200,218,261,287,em-32ef1535a66a,ハバキたん,fire_wind,MZR,60,6816,4260,3,2ターンの間、味方全員にダメージを60%軽減するシールドを与える,advantage_creation,4,0.625,0.1559,0,0,1,0.15,0.88,0.202,0,0,0.8696,0.00026
201,219,262,267,em-a03649b8e724,巨大カンテツ,fire,CR,15,3220,3220,5,火属性の味方全員のHPを175%回復する,advantage_creation,4,0.625,0.1559,0,0,1,0.15,0.93,0.202,0,0,0.9777,0.000291
202,220,263,275,em-a7fc49aa8c73,広報担当：アッシュ,fire_water,ZR,37,5112,3748,2,1ターンの間、火属性の攻撃を自身に集中させる。(70%カット),advantage_creation,4,0.625,0.1559,0,0,1,0.15,0.96,0.1978,0,0,0.9411,0.000279
203,221,264,291,em-41b8799b7505,まおーちゃん,fire,MZR,50,3748,4941,3,死亡している水属性の味方全員を33%のHPで蘇らせる,advantage_creation,4,0.625,0.1559,0,0,1,0.15,0.92,0.1978,0,0,0.8688,0.000256
204,222,265,293,em-378e340695dc,スクナクナクナクス,fire_water,MZR,50,6816,3408,2,1ターンの間、自身の攻撃が全体攻撃になる,counteraction,4,0.625,0.1559,0.25,0,1,0.15,0.91,0.1978,0,0,0.8685,0.000254
205,20,266,78,em-f2a813466bbe,The★Youなリバ子,all,MZR,50,5770,3113,0,自身のHPを77%回復する,advantage_creation,4,0.625,0.1559,1,1,1,0.14,0.94,0.1961,1.25,0,0.8683,0.003653
206,223,267,295,em-9960799ef9aa,ににぎのミコト,fire,MZR,35,4941,3748,5,3ターンの間、水属性の味方全員の攻撃力を222%増加させる,counteraction,4,0.625,0.1559,0,0,1,0.15,0.95,0.1925,0,0,0.868,0.000252
207,224,268,273,em-8de6e4494a60,称えよ☆メジェド様！,all,CR,25,2415,2415,2,1ターンの間、攻撃を自身に集中させる(80%カット),advantage_creation,4,0.625,0.1559,0,0,1,0.14,0.97,0.188,0,0,0.9773,0.000282
208,225,269,279,em-ffdcaffc4a41,雑煮入り☆うるっしー,all,ZR,36,3443,3443,4,2ターンの間、攻撃を自身に集中させる(80%カット),advantage_creation,4,0.625,0.1559,0,0,1,0.14,0.96,0.188,0,0,0.9402,0.00027
209,14,75,52,em-2e6dfffcc947,グレート三重子ちゃん,fire,ZR,50,4473,4473,0,1ターンの間、味方全員の属性を火属性に変更する,adaptive,4,0.625,0.1559,1,1,1,0.13,0.91,0.1845,1.5,0.25,0.94,0.005241
210,226,270,271,em-0c10b95e36c6,激走！えるたそ,fire,R,10,900,800,4,1ターンの間、風属性の敵に対する味方全員の攻撃力を150%増加させる,counteraction,4,0.625,0.1559,0,0,1,0.13,0.94,0.1845,0,0,0.9928,0.000283
211,227,271,306,em-ae8585ed525d,一服のうっぴー,fire,MZR,46,6475,3408,3,自身のHPを70%回復する,advantage_creation,4,0.625,0.1559,0,0,1,0.13,0.99,0.1845,0,0,0.8667,0.000246
212,228,272,311,em-83113af84b95,降臨☆三原色ばうあー,all,MZR,45,3578,5868,5,2ターンの間、味方全員の攻撃が全体攻撃になる,counteraction,4,0.625,0.1559,0,0,1,0.13,0.94,0.1845,0,0,0.8664,0.000245
213,229,273,316,em-7b76cc31326e,迷走のヴァニ江,all,MZR,36,4379,2505,2,1ターンの間、水属性の味方全員にダメージを66%軽減するシールドを与える,advantage_creation,4,0.625,0.1559,0,0,1,0.13,0.94,0.1845,0,0,0.8661,0.000244
214,230,274,274,em-8527b3dd869a,帰って来たいぬやマン,fire_water,R,21,1661,1661,4,1ターンの間、味方全員の攻撃力を150%増加させる,counteraction,4,0.625,0.1559,0,0,1,0.13,0.92,0.1845,0,0,0.9927,0.000279
215,231,275,278,em-99eb90e0260f,傾国の二条嬢,fire,CR,17,2656,2495,2,1ターンの間、水属性の攻撃を自身に集中させる(90%カット),advantage_creation,4,0.625,0.1559,0,0,1,0.13,0.91,0.1834,0,0,0.9768,0.000273
216,232,276,276,em-1de8c880f196,ヴィヒー先生,fire,R,17,2114,2718,2,1ターンの間、水属性の味方全員に風属性の敵からのダメージを80%軽減するシールドを与える,advantage_creation,4,0.625,0.1559,0,0,1,0.13,0.95,0.1834,0,0,0.9926,0.000276
217,233,277,348,em-6c9a66a7da8c,抹殺音ズース,fire_water,MZR,40,5623,3408,6,味方全員のHPを300%回復する,advantage_creation,4,0.625,0.1559,0,0,1,0.14,0.93,0.1832,0,0,0.8651,0.00024
218,234,278,369,em-039a051d72bb,伊万里の重畳,fire,MZR,36,4260,3919,3,火属性の敵全員の攻撃カウントを1増加させる,ignored,4,0.625,0.1559,0,0,1,0.14,0.98,0.1832,0,0,0.8648,0.000239
219,235,279,277,em-9599a14be3a9,歴戦の剣闘士,fire,R,10,350,1058,5,1ターンの間、火属性の敵に対する自身の攻撃力を500%増加させる,counteraction,4,0.625,0.1559,0,0,1,0.14,0.99,0.1832,0,0,0.9925,0.000273
220,236,280,289,em-c8baf5b3e504,斑鳩の太子くん,fire,ZR,36,4260,2896,4,火属性の味方全員のHPを100%回復する,advantage_creation,4,0.625,0.1559,0,0,1,0.13,0.93,0.1812,0,0,0.9384,0.000258
221,237,281,489,em-681c8662f2b6,まさか殿(ｼﾞｬｰｼﾞ),all,MZR,55,6475,3748,6,敵全員の攻撃カウントを3増加させる,ignored,4,0.625,0.1559,0,0,1,0.13,0.96,0.1779,0,0,0.864,0.000236
222,52,282,153,em-0183a7a13db2,かーたん・べーり,fire_water,MZR,32,4089,4089,5,1ターンの間、風属性の攻撃を自身に集中させる(100%カット),advantage_creation,4,0.625,0.1559,0,0,1,0.14,0.98,0.1771,0.25,0,0.8637,0.001588
223,238,283,280,em-3604a59c8292,囃せ！どんちっちん,fire,R,12,1000,700,7,2ターンの間、味方全員の攻撃が全体攻撃になる,counteraction,4,0.625,0.1559,0,0,1,0.14,0.99,0.1771,0,0,0.9924,0.00027
224,239,39,138,em-fd03da115e54,まさか殿,fire,ZR,35,4396,4413,6,3ターンの間、火属性の味方全員の攻撃が2回連続攻撃になる,counteraction,4,0.625,0.1559,0,0,1,0.13,0.99,0.1734,0,0.75,0.9377,0.001934
225,240,284,282,em-3434078c33f2,橋の上のかずら,fire_wind,CR,20,2012,2173,2,1ターンの間、攻撃をリーダーに集中させる(70%カット),advantage_creation,4,0.625,0.1559,0,0,1,0.13,0.96,0.1734,0,0,0.9761,0.000264
226,241,285,586,em-74c87c37d930,むぅむぅ,all,MZR,30,2839,2525,3,2ターンの間、自身の攻撃が6回連続攻撃になる,counteraction,4,0.625,0.1559,0,0,1,0.13,0.95,0.1734,0,0,0.8626,0.000233
227,242,286,284,em-82e546e8de79,ランたん,fire,CR,29,2198,3612,2,1ターンの間、味方全員の属性を全属性(3色混合)に変更する,adaptive,4,0.625,0.1559,0,0,1,0.13,0.92,0.1734,0,0,0.976,0.000262
228,243,287,286,em-1a3ab3b1acf7,聖☆いんてぃないか,fire_water,CR,19,2817,2334,4,3ターンの間、自身の攻撃が全体攻撃になる,counteraction,4,0.625,0.1559,0.25,0,1,0.13,0.98,0.1734,0,0,0.9759,0.000262
229,244,288,297,em-ae529aca2139,夜鳥の会会長,fire,ZR,35,3408,4260,3,1ターンの間、味方全員の属性を水属性に変更する,adaptive,4,0.625,0.1559,0,0,1,0.13,0.94,0.1734,0,0,0.937,0.00025
230,245,289,281,em-ae6876a278ca,白水先生,fire,R,9,680,724,7,1ターンの間、火属性の味方全員の攻撃が全体攻撃になる,counteraction,4,0.625,0.1559,0,0,1,0.12,0.98,0.1724,0,0,0.9921,0.000264
231,21,290,75,em-8d766096773e,おんじとゆかいな子供達,fire_water,ZR,36,5316,1704,1,1ターンの間、味方全員に風属性の敵からのダメージを50%軽減するシールドを与える,advantage_creation,4,0.625,0.1559,1,0,1,0.12,0.95,0.1718,1.25,0,0.9367,0.003818
232,246,291,302,em-bb22778026f9,吸血さん,fire,ZR,43,6645,2839,1,1ターンの間、水属性の攻撃を自身に集中させる(70%カット),advantage_creation,4,0.625,0.1559,1,0,1,0.12,0.99,0.1718,0,0,0.9365,0.000248
233,247,292,655,em-b95ac93b816d,キタキツネの神様,fire,MZR,29,3748,4771,3,2ターンの間、自身の攻撃力を250%増加させる,counteraction,4,0.625,0.1559,0.25,0,1,0.13,0.92,0.1677,0,0,0.8607,0.000228
234,248,293,285,em-712f122e2051,オロモ君は欝気味,fire_water,R,17,1536,2684,1,1ターンの間、攻撃を自身に集中させる(66%カット),advantage_creation,4,0.625,0.1559,0.5,0,1,0.13,0.93,0.1677,0,0,0.992,0.000262
235,249,294,290,em-076deec8d0c8,羊蟹☆こ祝いくん,fire_wind,CR,24,2093,2737,3,風属性の敵全員の攻撃カウントを1増加させる,ignored,4,0.625,0.1559,0,0,1,0.13,0.91,0.1677,0,0,0.9755,0.000257
236,250,76,193,em-c6337efaceae,ｴﾚｶﾞﾝﾄ☆トラボル子,all,ZR,47,4260,4771,5,3ターンの間、水属性の味方全員の攻撃が全体攻撃になる,counteraction,4,0.625,0.1559,0,0,1,0.12,0.94,0.1673,0,0.25,0.9359,0.000828
237,251,58,174,em-2b266990d35f,エトナさん・ＦＸ,fire,MZR,50,5673,2130,1,1ターンの間、自身の攻撃が全体攻撃になる,counteraction,4,0.625,0.1559,1,0,1,0.12,0.99,0.1632,0,0.5,0.8596,0.00112
238,252,295,314,em-313faf3b400a,バルパラ★イソ子,fire_water,ZR,36,3237,3067,1,2ターンの間、風属性の攻撃を自身に集中させる(70%カット),advantage_creation,4,0.625,0.1559,1,0,1,0.12,0.91,0.1632,0,0,0.9356,0.000245
239,3,296,38,em-3f58266f2bab,スカン・グ☆愛,fire,R,12,2886,890,1,2ターンの間、味方全員に水属性の敵からのダメージを24%軽減するシールドを与える,advantage_creation,4,0.625,0.1559,1,0,1,0.11,0.93,0.1597,2.75,0,0.9918,0.006584
240,253,77,202,em-7d5a30231904,「ふ」じゃなくてふゅーま,fire_wind,MZR,60,4260,2556,0,2ターンの間、自身の属性を火属性に変更する,adaptive,4,0.625,0.1559,1,1,1,0.11,0.91,0.1597,0,0.25,0.8588,0.000743
241,254,297,288,em-e4050c7db405,オム・オクト・パップ,fire,R,9,888,400,6,味方全員のHPを88%回復する,advantage_creation,4,0.625,0.1559,0,0,1,0.11,0.94,0.1597,0,0,0.9917,0.000258
242,30,298,106,em-ccfeb40e6439,更にThe★Youなリバ子,all,MZR,50,1509,5770,0,味方全員のHPを22%回復する,advantage_creation,4,0.625,0.1559,1,1,1,0.12,0.92,0.158,1,0,0.8583,0.002752
243,255,5,56,em-d1a3ff650b2f,メテオ大好きっこ,fire,CR,26,4669,3229,0,2ターンの間、自身の攻撃力を10%増加させる,counteraction,4,0.625,0.1559,1,1,1,0.12,0.98,0.158,0,1.25,0.9749,0.00487
244,256,299,706,em-c4663d98c2ff,海・百合男,fire,MZR,33,3748,4430,5,味方全員のスキルカウントを2減少させる,ignored,4,0.625,0.1559,0,0,1,0.12,0.92,0.158,0,0,0.8577,0.000222
245,257,300,709,em-572c57cf5e18,湘南大水曜日ボーイ,fire,MZR,28,2044,5623,4,2ターンの間、水属性の味方全員の攻撃力を200%増加させる,counteraction,4,0.625,0.1559,0,0,1,0.12,0.93,0.158,0,0,0.8575,0.000221
246,258,301,337,em-eea7e5ad714b,饅頭石餅子,fire_wind,ZR,30,3433,4114,5,1ターンの間、水属性の攻撃を自身に集中させる(99%カット),advantage_creation,4,0.625,0.1559,0,0,1,0.12,0.93,0.158,0,0,0.9344,0.000241
247,259,302,296,em-3f6d9cba0059,いなばうあー,fire,CR,12,700,1100,6,火属性の味方全員のスキルカウントを1減少させる,ignored,4,0.625,0.1559,0,0,1,0.11,0.97,0.1478,0,0,0.9747,0.000251
248,260,303,298,em-d8d7722f9f21,赤パジャマさん,fire_wind,CR,20,2240,3262,5,1ターンの間、水属性の攻撃を自身に集中させる(98%カット),advantage_creation,4,0.625,0.1559,0,0,1,0.11,0.98,0.1478,0,0,0.9746,0.00025
249,261,6,61,em-251adb8af3dc,にくぁう餃子権現,all,CR,30,1365,3638,4,2ターンの間、風属性の敵に対する自身の攻撃力を1000%増加させる,counteraction,4,0.625,0.1559,0,0,1,0.1,0.99,0.1464,0,1.25,0.9745,0.004735
250,262,304,292,em-fe5e7769aa81,鹿苑先輩,fire,N,5,390,390,5,死亡している水属性の味方全員を10%のHPで蘇らせる,advantage_creation,4,0.625,0.1559,0,0,1,0.1,0.96,0.1464,0,0,0.9948,0.000255
251,31,305,108,em-ee43bce0e25f,vにゅーさん,all,MZR,51,3567,5271,1,5ターンの間、自身にダメージを35%軽減するシールドを与える,advantage_creation,4,0.625,0.1559,1,0,1,0.09,0.96,0.1338,1,0,0.8558,0.00267
252,263,306,300,em-eeba5b4dcba6,カニパンだっ！,fire_wind,CR,23,2737,2415,2,1ターンの間、攻撃を自身に集中させる(60%カット),advantage_creation,4,0.625,0.1559,0,0,1,0.09,0.92,0.1338,0,0,0.9743,0.000249
253,264,307,294,em-b193a8ecb394,どんぶりBros.,fire_wind,R,15,1963,1812,0,自身のHPを80%回復する,advantage_creation,4,0.625,0.1559,1,1,1,0.09,0.92,0.1338,0,0,0.9913,0.000253
254,265,308,434,em-45dad5139056,ベギン改・修道女,fire_wind,ZR,37,4565,4467,4,死亡している火属性の味方全員を20%のHPで蘇らせる,advantage_creation,4,0.625,0.1559,0,0,1,0.09,0.92,0.1338,0,0,0.9331,0.000238
255,266,78,192,em-acc7e76f32c6,満開☆チゥりっぷちゃん,fire_water,N,20,563,2957,2,1ターンの間、味方全員の属性を水属性に変更する,adaptive,4,0.625,0.1559,0,0,1,0.09,0.94,0.1325,0,0.25,0.9947,0.000837
256,267,309,749,em-d25a7727f654,プラハ嬢,fire_water,MZR,32,1482,4991,4,2ターンの間、味方全員に火属性の敵からのダメージを75%軽減するシールドを与える,advantage_creation,4,0.625,0.1559,0,0,1,0.09,0.95,0.1325,0,0,0.8544,0.000217
257,268,310,751,em-b127f99ae530,キラー・ｻﾞ・ｷﾗｰ,fire_water,MZR,55,5964,3408,2,1ターンの間、味方全員に風属性の敵からのダメージを72%軽減するシールドを与える,advantage_creation,4,0.625,0.1559,0.25,0,1,0.09,0.91,0.1325,0,0,0.8542,0.000217
258,269,16,79,em-2c6fd048179d,ジョン・鮭児,all,CR,23,1448,2726,0,5ターンの間、自身の攻撃力を12%増加させる,counteraction,4,0.625,0.1559,1,1,1,0.09,0.98,0.13,0,1,0.9739,0.003615
259,270,59,168,em-640d19558093,聖なる打毬神！みるるん,fire_wind,R,19,1208,1963,2,1ターンの間、火属性の敵に対する味方全員の攻撃力を100%増加させる,counteraction,4,0.625,0.1559,0,0,1,0.09,0.99,0.13,0,0.5,0.991,0.001253
260,271,311,754,em-454ebee4a0cd,3人はフォニピュア,all,MZR,60,4941,3578,2,1ターンの間、味方全員にダメージを60%軽減するシールドを与える,advantage_creation,4,0.625,0.1559,0,0,1,0.09,0.88,0.13,0,0,0.8533,0.000215
261,272,312,755,em-c87499b64151,ラパヌイ先生,fire_water,MZR,45,6441,3067,4,6ターンの間、攻撃を自身に集中させる(50%カット),advantage_creation,4,0.625,0.1559,0,0,1,0.09,0.93,0.13,0,0,0.8531,0.000215
262,273,313,757,em-7547c480c963,ウミユリーず,fire,MZR,60,4430,6475,5,味方全員のスキルカウントを2減少させる,ignored,4,0.625,0.1559,0,0,1,0.09,0.91,0.13,0,0,0.8528,0.000215
263,274,314,313,em-e7480334e10e,脱力系アテナ,fire_water,CR,33,4186,1610,0,1ターンの間、風属性の敵に対する自身の攻撃力を355%増加させる,counteraction,4,0.625,0.1559,1,1,1,0.09,0.94,0.1261,0,0,0.9736,0.000245
264,275,315,299,em-231cdc0f0757,忠犬八太郎,fire,R,14,3775,755,6,敵全員の攻撃カウントを2増加させる,ignored,4,0.625,0.1559,0,0,1,0.09,0.99,0.1261,0,0,0.9908,0.000249
265,276,316,760,em-68c24ce7bf95,女帝！カるたーニャ,fire,MZR,40,3408,3408,4,1ターンの間、火属性の味方全員の攻撃力を300%増加させる,counteraction,4,0.625,0.1559,0,0,1,0.08,0.93,0.1205,0,0,0.852,0.000214
266,277,317,761,em-f4980131820e,ﾊﾛｳｨﾝのヴラドさん,fire_water,MZR,41,4089,1757,2,1ターンの間、火属性の味方全員にダメージを72%軽減するシールドを与える,advantage_creation,4,0.625,0.1559,0,0,1,0.08,0.98,0.1198,0,0,0.8517,0.000214
267,278,79,201,em-d22cc44e6b53,ニタりん,fire,ZR,16,1090,2044,3,1ターンの間、味方全員の攻撃が2回連続攻撃になる,counteraction,4,0.625,0.1559,0,0,1,0.08,0.98,0.1179,0,0.25,0.9311,0.000765
268,279,318,303,em-e07aaef6bd6e,三重子ちゃん,fire,R,8,603,602,3,1ターンの間、味方全員の属性を火属性に変更する,adaptive,4,0.625,0.1559,0,0,1,0.08,0.99,0.1179,0,0,0.9907,0.000248
269,280,319,301,em-873c09a938ac,蓮太郎,fire,N,4,310,302,3,風属性の味方全員のスキルカウントを1減少させる,ignored,4,0.625,0.1559,0,0,1,0.08,0.92,0.1179,0,0,0.9944,0.000249
270,281,320,322,em-b7b738711fb0,ちくわサンド,all,CR,23,2817,2656,2,1ターンの間、自身の攻撃力を250%増加させる,counteraction,4,0.625,0.1559,0.25,0,1,0.08,0.99,0.1179,0,0,0.9731,0.000243
271,282,321,323,em-fa3191833d67,エヴァン,fire_water,CR,28,3381,2776,2,1ターンの間、味方全員にダメージを50%軽減するシールドを与える,advantage_creation,4,0.625,0.1559,0,0,1,0.08,0.93,0.1179,0,0,0.973,0.000243
272,283,322,764,em-3c2628783368,すまぁとヤスマサニキ,fire,MZR,50,4260,5623,2,2ターンの間、水属性の味方全員の攻撃力を100%増加させる,counteraction,4,0.625,0.1559,0,0,1,0.08,0.94,0.1179,0,0,0.85,0.000212
273,284,323,304,em-5f5281ba5e2a,黄泉還り！反魂タン,fire,R,9,1812,1963,3,死亡している風属性の味方全員を90%のHPで蘇らせる,advantage_creation,4,0.625,0.1559,0,0,1,0.08,0.94,0.1179,0,0,0.9905,0.000247
274,285,324,609,em-419c23e0ec81,新生☆ＢＴ５!!,fire_water,ZR,35,3287,3615,3,1ターンの間、味方全員に風属性の敵からのダメージを80%軽減するシールドを与える,advantage_creation,4,0.625,0.1559,0.25,0,1,0.08,0.92,0.1179,0,0,0.93,0.000231
275,286,325,765,em-e394b3795363,伝説の少女キャンディ,fire_wind,MZR,50,5507,5507,7,味方全員のスキルカウントを5減少させる,ignored,4,0.625,0.1559,0,0,1,0.08,0.94,0.1179,0,0,0.8492,0.000211
276,287,326,616,em-17a8d3f2a8d3,牛迫 角子さん,fire,ZR,31,3282,4260,1,2ターンの間、水属性の敵に対する自身の攻撃力を70%増加させる,counteraction,4,0.625,0.1559,1,0,1,0.08,0.92,0.1179,0,0,0.9297,0.000231
277,288,327,620,em-02e0499d8e24,朱雀,fire,ZR,36,4430,4941,4,1ターンの間、風属性の敵に対する味方全員の攻撃力を200%増加させる,counteraction,4,0.625,0.1559,0,0,1,0.08,0.95,0.1145,0,0,0.9295,0.000231
278,289,328,305,em-91791d21e202,ネオけいび,fire,N,6,305,310,6,1ターンの間、火属性の攻撃を自身に集中させる(99%カット),advantage_creation,4,0.625,0.1559,0,0,1,0.08,0.99,0.1145,0,0,0.9942,0.000247
279,290,329,309,em-24679a7881f4,三重子さん,fire,R,9,704,700,2,1ターンの間、味方全員の属性を火属性に変更する,adaptive,4,0.625,0.1559,0,0,1,0.07,0.92,0.1065,0,0,0.9903,0.000245
280,291,330,336,em-dcc91a9c2ed6,ブルたそ,fire,CR,12,1000,1200,5,1ターンの間、味方全員に水属性の敵からのダメージを50%軽減するシールドを与える,advantage_creation,4,0.625,0.1559,0,0,1,0.07,0.92,0.1052,0,0,0.9724,0.000241
281,292,331,307,em-2f3883a74098,jaック・ザ・ナイト,fire_wind,N,10,1408,1267,4,2ターンの間、自身の攻撃が3回連続攻撃になる,counteraction,4,0.625,0.1559,0.25,0,1,0.07,0.93,0.1052,0,0,0.9941,0.000246
282,293,332,340,em-53084d488de2,川越ザ・サード,fire,CR,15,666,1607,4,1ターンの間、風属性の敵に対する味方全員の攻撃力を200%増加させる,counteraction,4,0.625,0.1559,0,0,1,0.07,0.92,0.1024,0,0,0.9723,0.00024
283,294,333,343,em-f6360fa6b0ca,伝統のうるっしー,fire,CR,16,1800,600,4,1ターンの間、攻撃を自身に集中させる(70%カット),advantage_creation,4,0.625,0.1559,0,0,1,0.07,0.95,0.1024,0,0,0.9722,0.00024
284,295,334,308,em-7e35b72ac7e4,琵琶子ｲﾘｭｰｼﾞｮﾝ！,all,N,13,1809,1190,3,1ターンの間、味方全員にダメージを65%軽減するシールドを与える,advantage_creation,4,0.625,0.1559,0,0,1,0.07,0.94,0.1024,0,0,0.9941,0.000246
285,296,335,310,em-fbc61d7306d8,ネ申・ぎょざる,fire,N,11,1198,1204,6,2ターンの間、火属性の味方全員の攻撃が全体攻撃になる,counteraction,4,0.625,0.1559,0,0,1,0.07,0.97,0.1024,0,0,0.994,0.000245
286,297,336,312,em-a2d073a6cd6c,納豆問屋のご隠居様,fire,N,8,944,893,1,リーダーのスキルカウントを1減少させる,ignored,4,0.625,0.1559,0,0,1,0.07,0.95,0.1024,0,0,0.994,0.000245
287,298,337,317,em-4e9bf489ecd9,怒りのマッキニキ,fire,R,14,2416,1359,3,2ターンの間、味方全員に水属性の敵からのダメージを80%軽減するシールドを与える,advantage_creation,4,0.625,0.1559,0.25,0,1,0.07,0.98,0.1024,0,0,0.99,0.000244
288,299,338,355,em-7fdcbcbf0ae4,ももとふさん,fire,CR,12,1000,1200,3,自身のHPを50%回復する,advantage_creation,4,0.625,0.1559,0.25,0,1,0.07,0.95,0.1024,0,0,0.9719,0.000239
289,300,339,319,em-f9ed70b034c7,チロ江さん,fire_wind,R,16,3020,1510,6,2ターンの間、火属性の味方全員の攻撃が6回連続攻撃になる,counteraction,4,0.625,0.1559,0,0,1,0.07,0.99,0.1024,0,0,0.9899,0.000244
290,301,340,315,em-502c02710bc4,覚醒けいび,fire,N,6,345,300,2,1ターンの間、火属性の味方全員の攻撃が2回連続攻撃になる,counteraction,4,0.625,0.1559,0.25,0,1,0.07,0.91,0.1024,0,0,0.9939,0.000245
291,302,341,782,em-e8331e3aec6c,辰の子ぴよ子,all,MZR,70,6898,4089,10,6ターンの間、味方全員の攻撃が10回連続攻撃になる,counteraction,4,0.625,0.1559,0,0,1,0.07,0.93,0.1024,0,0,0.8447,0.000208
292,303,40,148,em-490281caead8,にくぁう羽子板・辰,fire_water,MZR,36,3449,3449,0,6ターンの間、風属性の敵に対する自身の攻撃力を24%増加させる,counteraction,4,0.625,0.1559,1,1,1,0.06,0.97,0.0919,0,0.75,0.8444,0.001679
293,304,17,97,em-6d1e4c915f30,チートモードな楽趣味さん,fire_water,MZR,48,5964,1278,1,2ターンの間、自身の攻撃が2回連続攻撃になる,counteraction,4,0.625,0.1559,1,0,1,0.06,0.89,0.0898,0,1,0.8442,0.003045
294,305,342,321,em-8d320a6b7512,いびるん,all,R,6,500,600,5,3ターンの間、攻撃をリーダーに集中させる(5%カット),advantage_creation,4,0.625,0.1559,0,0,1,0.06,0.98,0.0898,0,0,0.9897,0.000243
295,306,343,318,em-4299af9bd2dc,皐月むりょく,all,N,4,614,614,6,リーダーのスキルカウントを1減少させる,ignored,4,0.625,0.1559,0,0,1,0.06,0.94,0.0898,0,0,0.9938,0.000244
296,307,344,409,em-fc400150cadd,サンタぴよ子,fire,CR,10,1173,1173,4,味方全員のスキルカウントを1減少させる,ignored,4,0.625,0.1559,0,0,1,0.06,0.95,0.0898,0,0,0.9713,0.000238
297,308,345,324,em-39011821f965,さるぼぼぼぼ～ん,fire,R,12,800,1000,4,1ターンの間、自身の攻撃が全体攻撃になる,counteraction,4,0.625,0.1559,0,0,1,0.05,0.88,0.0779,0,0,0.9896,0.000243
298,309,346,320,em-47f3be71ea63,青竜むりょく,all,N,4,198,189,6,自身のHPを90%回復する,advantage_creation,4,0.625,0.1559,0,0,1,0.05,0.99,0.0779,0,0,0.9937,0.000244
299,310,347,785,em-e8fc5c7a59a4,猫毘沙門天,fire,MZR,36,4430,4089,4,3ターンの間、風属性の味方全員の攻撃が全体攻撃になる,counteraction,4,0.625,0.1559,0,0,1,0.05,0.93,0.0765,0,0,0.8425,0.000206
300,53,348,143,em-4016fa16a6ca,Dr.&萌やﾁﾝｹﾞｰﾙ,all,R,14,773,2573,1,味方全員のHPを40%回復する,advantage_creation,4,0.625,0.1559,0.25,0,1,0.04,0.93,0.0625,0.25,0,0.9895,0.001755
301,311,349,429,em-9ac3c0929f90,オコオコ,fire_wind,CR,11,1704,1704,3,2ターンの間、水属性の味方全員の攻撃力を233%増加させる,counteraction,4,0.625,0.1559,0,0,1,0.04,0.99,0.0625,0,0,0.971,0.000238
302,312,350,327,em-72aeeb632038,石見神楽どんちっちん,fire,R,15,1812,1661,6,2ターンの間、味方全員の攻撃が全体攻撃になる,counteraction,4,0.625,0.1559,0,0,1,0.03,0.95,0.0479,0,0,0.9894,0.000242
303,313,351,328,em-690b5b221287,メルクさん,fire_wind,R,17,2114,1812,2,1ターンの間、自身の攻撃が全体攻撃になる,counteraction,4,0.625,0.1559,0,0,1,0.03,0.95,0.0479,0,0,0.9894,0.000242
304,314,352,786,em-70f1d39031ed,うにうにする虎,fire_wind,MZR,50,6816,681,0,1ターンの間、水属性の敵に対する自身の攻撃力を1513%増加させる,counteraction,4,0.625,0.1559,1,1,1,0.03,0.89,0.0479,0,0,0.841,0.000206
305,315,353,330,em-dab58d0db3e1,夕陽のカウボーイ,fire,R,17,1661,1661,5,死亡している味方全員を40%のHPで蘇らせる,advantage_creation,4,0.625,0.1559,0,0,1,0.02,0.87,0.0325,0,0,0.9893,0.000242
306,316,354,450,em-92e16a3efe92,ク・うぃーん王女,fire,CR,12,1100,1100,5,2ターンの間、味方全員の属性を火属性に変更する,adaptive,4,0.625,0.1559,0,0,1,0.02,0.94,0.0325,0,0,0.9707,0.000237
307,317,18,83,em-5d524aa44032,元祖・銘菓ぴよ子,fire,N,8,605,625,4,1ターンの間、自身の攻撃が3回連続攻撃になる,counteraction,4,0.375,0.13,0,0,1,0,0.95,0,0,1,0.9935,0.003489
308,318,355,325,em-834effdc39a5,真・ぎょざる,fire,N,8,499,491,6,1ターンの間、火属性の味方全員の攻撃が全体攻撃になる,counteraction,4,0.375,0.13,0,0,1,0,0.94,0,0,0,0.9935,0.000243
309,319,356,326,em-57fe43e7ea10,鹿苑さん,fire,N,4,307,295,6,死亡している水属性の味方全員を10%のHPで蘇らせる,advantage_creation,4,0.375,0.13,0,0,1,0,0.96,0,0,0,0.9935,0.000243
310,320,357,464,em-452bfe576bb9,ねぶるータス,fire,CR,16,950,1350,2,1ターンの間、風属性の敵に対する自身の攻撃力を150%増加させる,counteraction,4,0.375,0.13,0,0,1,0,0.94,0,0,0,0.9704,0.000237
311,321,358,333,em-70d6edc2819a,熟練の剣闘士,fire,R,8,265,940,5,1ターンの間、火属性の敵に対する自身の攻撃力を200%増加させる,counteraction,4,0.375,0.13,0,0,1,0,0.98,0,0,0,0.9891,0.000241
312,322,359,334,em-cd7c55cabc32,ゴジュウゲリヲン,fire,R,19,3020,1132,5,3ターンの間、攻撃を自身に集中させる(70%カット),advantage_creation,4,0.375,0.13,0,0,1,0,0.99,0,0,0,0.989,0.000241
313,323,360,477,em-a71cd0e28586,ねぶるーさん,fire,CR,14,770,830,2,1ターンの間、風属性の敵に対する自身の攻撃力を100%増加させる,counteraction,4,0.375,0.13,0,0,1,0,0.92,0,0,0,0.9702,0.000237
314,324,361,335,em-344c7687cce5,アウス大先輩,fire_wind,R,17,1924,1924,2,11ターンの間、味方全員の属性を火属性に変更する,adaptive,4,0.375,0.13,0,0,1,0,0.95,0,0,0,0.9889,0.000241
315,325,362,788,em-90d2686cfd0d,花火戦隊サイガーRe,fire,MZR,45,4515,5367,3,6ターンの間、自身の攻撃が2回連続攻撃になる,counteraction,4,0.375,0.13,0,0,1,0,0.93,0,0,0,0.8379,0.000204
316,326,363,329,em-ec52e54bb473,ﾀｰｷｰﾃﾞ-なじとっこ君,fire_water,N,10,706,2403,4,2ターンの間、風属性の敵に対する自身の攻撃力を400%増加させる,counteraction,4,0.5,0.0999,0.25,0,1,0.13,0.98,0.1609,0,0,0.9933,0.000242
317,327,364,494,em-7b3f53eed84e,?????,fire,CR,14,1380,2675,4,2ターンの間、水属性の敵に対する味方全員の攻撃力を314%増加させる,counteraction,4,0.5,0.0999,0,0,1,0.13,0.95,0.1609,0,0,0.9699,0.000236
318,328,19,88,em-6fe67318189a,劇場版ＪＡＸＡイル,fire,CR,18,1304,3526,4,2ターンの間、自身の攻撃が3回連続攻撃になる,counteraction,4,0.5,0.0999,0,0,1,0.12,0.98,0.1515,0,1,0.9698,0.003315
319,329,365,789,em-faea6a503d7f,討ち入り☆花子,fire,MZR,58,5350,4907,3,2ターンの間、自身の攻撃が全体攻撃になる,counteraction,4,0.5,0.0999,0,0,1,0.12,0.94,0.1515,0,0,0.8368,0.000204
320,330,366,500,em-6acd0e20d832,たこむすめ,fire,CR,39,1363,4089,5,火属性の味方全員のHPを170%回復する,advantage_creation,4,0.5,0.0999,0,0,1,0.12,0.98,0.1515,0,0,0.9697,0.000236
321,331,367,331,em-628e695d4365,カクラム先生,fire,N,16,2256,2397,4,3ターンの間、自身の攻撃が3回連続攻撃になる,counteraction,4,0.5,0.0999,0,0,1,0.12,0.94,0.1515,0,0,0.9932,0.000242
322,332,368,790,em-299bbc95ef27,タコンナ,fire,MZR,60,4260,5964,5,火属性の味方全員のHPを260%回復する,advantage_creation,4,0.5,0.0999,0,0,1,0.12,0.92,0.1515,0,0,0.8359,0.000203
323,333,20,104,em-48a7e7dd243f,鮫男子・ニタりん,fire,MZR,60,4601,7157,3,1ターンの間、味方全員の攻撃が2回連続攻撃になる,counteraction,4,0.5,0.0999,0,0,1,0.11,0.97,0.1418,0,1,0.8356,0.002782
324,334,369,332,em-bca5e711ca4b,あろま・シュワー,fire,N,16,1060,1201,5,死亡している火属性の味方全員を100%のHPで蘇らせる,advantage_creation,4,0.5,0.0999,0,0,1,0.11,0.92,0.1418,0,0,0.9931,0.000242
325,335,370,792,em-682cda3863fb,脱力コンビあろま＆るる,all,MZR,48,3067,5623,2,リーダーのスキルカウントを1減少させる,ignored,4,0.5,0.0999,0,0,1,0.11,0.97,0.1418,0,0,0.8351,0.000203
326,336,371,793,em-010ca8278422,伊賀NINJA!,fire,MZR,42,1704,5112,3,味方全員のスキルカウントを1減少させる,ignored,4,0.5,0.0999,0,0,1,0.11,0.9,0.1418,0,0,0.8348,0.000203
327,337,372,518,em-8a9a0a93b442,メジーナ,fire,CR,15,2415,2415,6,4ターンの間、火属性の味方全員の攻撃力を200%増加させる,counteraction,4,0.5,0.0999,0,0,1,0.11,0.97,0.1418,0,0,0.9692,0.000236
328,338,373,521,em-a5d6506eec58,瓜だね女中,fire,CR,15,3220,1610,4,味方全員のHPを120%回復する,advantage_creation,4,0.5,0.0999,0,0,1,0.11,0.97,0.1418,0,0,0.9691,0.000236
329,339,374,522,em-e99bfc1ea066,ご入学ぴよ子,fire,CR,9,883,2397,2,1ターンの間、火属性の敵に対する自身の攻撃力を190%増加させる,counteraction,4,0.5,0.0999,0,0,1,0.11,0.93,0.1418,0,0,0.9691,0.000235
330,340,375,691,em-5f292317fd1c,墨染のＰＬぴよ子,all,ZR,60,3656,3656,5,1ターンの間、味方全員の属性を全属性(3色混合)に変更する,adaptive,4,0.5,0.0999,0,0,1,0.11,0.91,0.1418,0,0,0.921,0.000224
331,341,376,911,em-60119eda4c9c,猿田彦大先輩,all,伝,80,7838,7157,5,3ターンの間、火属性の味方全員の攻撃力を200%増加させる,counteraction,4,0.5,0.0999,0,0,1,0.11,0.88,0.1418,0,0,0.3297,0.00008
332,342,377,525,em-b0a6405ce878,ヒルズキング,fire,CR,15,859,1598,1,1ターンの間、水属性の敵に対する自身の攻撃力を200%増加させる,counteraction,4,0.5,0.0999,0.25,0,1,0.1,0.91,0.1316,0,0,0.9688,0.000235
333,343,378,527,em-abc85163565c,コキリコ・QB,fire_wind,CR,23,2817,2978,2,1ターンの間、味方全員の属性を水属性に変更する,adaptive,4,0.5,0.0999,0,0,1,0.1,0.99,0.1316,0,0,0.9688,0.000235
334,344,60,170,em-f7484444c08c,じとっ子君,fire,N,5,285,495,5,2ターンの間、風属性の敵に対する自身の攻撃力を200%増加させる,counteraction,4,0.5,0.0999,0.25,0,1,0.08,0.97,0.1099,0,0.5,0.9929,0.001218
335,345,379,794,em-cb0ef748882f,八狗神伏姫様,fire,MZR,35,5538,2130,4,3ターンの間、攻撃を自身に集中させる(65%カット),advantage_creation,4,0.5,0.0999,0,0,1,0.08,0.87,0.1099,0,0,0.8322,0.000202
336,346,380,351,em-410cc22d32bc,アロハる☆水島神人,fire_water,R,16,3246,1887,2,3ターンの間、自身の属性を水属性に変更する,adaptive,4,0.5,0.0999,0,0,1,0.08,0.92,0.1099,0,0,0.9881,0.00024
337,347,381,352,em-0f6666d2132f,サイガーレッド,fire,R,7,170,830,5,1ターンの間、自身の攻撃が3回連続攻撃になる,counteraction,4,0.5,0.0999,0,0,1,0.06,0.99,0.0862,0,0,0.9881,0.00024
338,348,382,533,em-64a5161e8307,優美な二条嬢,fire,CR,15,1250,1150,2,1ターンの間、水属性の攻撃を自身に集中させる(80%カット),advantage_creation,4,0.5,0.0999,0,0,1,0.06,0.99,0.0862,0,0,0.9684,0.000235
339,349,383,338,em-40b14b1190a7,芳一先生,fire,N,6,600,700,5,死亡している火属性の味方全員を15%のHPで蘇らせる,advantage_creation,4,0.5,0.0999,0.5,0,1,0.06,0.96,0.0862,0,0,0.9928,0.000241
340,350,384,353,em-e9a9af4ae9bc,梨豚ぴぐぺん,fire_water,R,6,500,600,2,1ターンの間、水属性の敵に対する自身の攻撃力を150%増加させる。,counteraction,4,0.5,0.0999,0,0,1,0.06,0.99,0.0862,0,0,0.9879,0.00024
341,351,385,912,em-ceda64319ca1,蜜香のウミリンゴ,fire_water,伝,75,8520,5453,1,5ターンの間、風属性の敵に対する味方全員の攻撃力を25%増加させる,counteraction,4,0.5,0.0999,1,0,1,0.06,0.91,0.0862,0,0,0.3274,0.000079
342,352,386,339,em-962fa89cd31d,極東恋姫☆霧子たん,fire_wind,N,15,1243,1161,5,死亡している味方全員を1%のHPで蘇らせる,advantage_creation,4,0.5,0.0999,0,0,1,0.06,0.9,0.0862,0,0,0.9927,0.000241
343,353,387,354,em-ed21bd124ab2,牛タソ☆行進曲,fire_water,R,14,755,1812,2,2ターンの間、攻撃を自身に集中させる(30%カット,advantage_creation,4,0.5,0.0999,0.25,0,1,0.06,0.99,0.0862,0,0,0.9878,0.000239
344,354,388,356,em-ad8d69dc1ea4,強いできっしん,fire,R,8,263,942,5,1ターンの間、自身の攻撃力を300%増加させる,counteraction,4,0.5,0.0999,0,0,1,0.06,0.89,0.0862,0,0,0.9878,0.000239
345,355,389,539,em-344fce469565,豊聡之太子さん,fire,CR,12,830,775,2,火属性の味方全員のHPを15%回復する,advantage_creation,4,0.5,0.0999,0,0,1,0.06,0.95,0.0862,0,0,0.9679,0.000235
346,356,390,358,em-da8da47e0c9c,さるぼぼ・ぼーぼぼ,fire,R,14,1661,2114,3,1ターンの間、自身の攻撃が全体攻撃になる,counteraction,4,0.5,0.0999,0.25,0,1,0.06,0.93,0.0862,0,0,0.9877,0.000239
347,357,391,359,em-91479d9f811c,奇術師！エッジュさん,fire,R,9,700,700,3,水属性の味方全員のスキルカウントを2減少させる,ignored,4,0.5,0.0999,0,0,1,0.06,0.98,0.0862,0,0,0.9877,0.000239
348,358,392,702,em-c86ef788e307,ベルりん絶好調,fire,ZR,40,4089,4686,5,1ターンの間、火属性の攻撃を自身に集中させる(95%カット),advantage_creation,4,0.5,0.0999,0,0,1,0.06,0.95,0.0862,0,0,0.918,0.000222
349,359,21,92,em-28a408b64836,真・銘菓ぴよ子,fire,R,12,795,815,3,1ターンの間、自身の攻撃が3回連続攻撃になる,counteraction,4,0.5,0.0999,0,0,1,0.05,0.99,0.0735,0,1,0.9876,0.003201
350,360,393,341,em-c6a3687dad8c,ウナギーヌさん,fire,N,5,900,350,2,自身のHPを40%回復する,advantage_creation,4,0.5,0.0999,0,0,1,0.05,0.92,0.0735,0,0,0.9925,0.00024
351,361,394,362,em-d0ab2c82078b,デルモンテ嬢,fire_wind,R,23,3020,453,6,1ターンの間、風属性の攻撃を自身に集中させる(96%カット),advantage_creation,4,0.5,0.0999,0,0,1,0.05,0.96,0.0735,0,0,0.9875,0.000239
352,362,395,342,em-6f409bf9b5bd,素敵なステチュさん,fire_wind,N,14,211,2115,2,2ターンの間、水属性の味方全員にダメージを70%軽減するシールドを与える,advantage_creation,4,0.5,0.0999,0,0,1,0.05,0.94,0.0735,0,0,0.9925,0.00024
353,363,396,704,em-2d3e693a8406,ツキマシモン,all,ZR,35,3919,1704,2,2ターンの間、味方全員の攻撃力を50%増加させる,counteraction,4,0.5,0.0999,0,0,1,0.05,0.91,0.0735,0,0,0.9172,0.000222
354,364,22,114,em-83954a93a691,閃きのヒラメちゃん,fire_water,MZR,60,6560,4430,2,4ターンの間、自身の属性を全属性(3色混合)に変更する,adaptive,4,0.5,0.0999,0,0,1,0.04,0.97,0.0602,0,1,0.8266,0.002609
355,365,397,796,em-9b97e564ea43,ユールシスター☆ノエルん,all,MZR,43,5523,4112,3,1ターンの間、火属性の味方全員の攻撃が3回連続攻撃になる,counteraction,4,0.5,0.0999,0,0,1,0.04,0.92,0.0602,0,0,0.8263,0.0002
356,366,398,797,em-4533a7697d48,謀反人ミッツ,fire_water,MZR,60,6645,4430,3,2ターンの間、水属性の味方全員にダメージを67%軽減するシールドを与える,advantage_creation,4,0.5,0.0999,0,0,1,0.04,0.97,0.0602,0,0,0.826,0.0002
357,367,399,552,em-95a008b67c52,権現くまのたん,fire,CR,22,1030,4234,2,1ターンの間、自身の攻撃力を200%増加させる,counteraction,4,0.5,0.0999,0,0,1,0.03,0.91,0.0463,0,0,0.9671,0.000234
358,368,400,344,em-9bd1ce6f159b,ハントン先輩,fire,N,6,650,700,6,1ターンの間、味方全員の攻撃が2回連続攻撃になる,counteraction,4,0.5,0.0999,0,0,1,0.02,0.95,0.0316,0,0,0.9923,0.00024
359,369,401,345,em-ab5422bc92f7,猫キャットマンジョン,fire,N,7,493,1762,1,自身のHPを70%回復する,advantage_creation,4,0.5,0.0999,0.25,0,1,0.02,0.94,0.0316,0,0,0.9923,0.00024
360,370,402,346,em-980bac842ec7,ウシュか☆丸か,fire_wind,N,5,1410,1404,10,死亡している味方全員を200%のHPで蘇らせる,advantage_creation,4,0.5,0.0999,0,0,1,0.02,0.96,0.0316,0,0,0.9923,0.00024
361,371,403,347,em-6ff1562355a9,ファジル先生,fire_wind,N,12,2256,1128,2,2ターンの間、自身の攻撃が2回連続攻撃になる,counteraction,4,0.5,0.0999,0,0,1,0.02,0.96,0.0316,0,0,0.9923,0.00024
362,372,80,198,em-9c69c811a77c,ヤック・ザ・ナイト,fire_wind,N,8,600,700,5,1ターンの間、自身の攻撃が3回連続攻撃になる,counteraction,4,0.5,0.0999,0,0,1,0.01,0.95,0.0162,0,0.25,0.9922,0.000791
363,373,404,555,em-4db528322142,だいこっくん様,fire,CR,16,1300,1400,9,1ターンの間、味方全員の攻撃力を200%増加させる,counteraction,4,0.5,0.0999,0,0,1,0.01,0.99,0.0162,0,0,0.9666,0.000234
364,374,405,381,em-df95e8471300,名家ぴよ子お嬢様,fire,R,10,1331,1374,5,1ターンの間、火属性の味方全員の攻撃力を150%増加させる,counteraction,4,0.5,0.0999,0,0,1,0.01,0.95,0.0162,0,0,0.987,0.000239
365,375,406,349,em-6df3fac7ad2e,ウナギーヌ社長,fire,N,9,1833,775,2,自身のHPを80%回復する,advantage_creation,4,0.5,0.0999,0,0,1,0.01,0.95,0.0162,0,0,0.9922,0.00024
366,376,407,557,em-3ba3c1cd24cc,P.O☆うるっしー,fire,CR,25,3220,1449,4,2ターンの間、攻撃を自身に集中させる(70%カット),advantage_creation,4,0.5,0.0999,0,0,1,0.01,0.95,0.0162,0,0,0.9664,0.000234
367,377,408,388,em-24d2ab142253,アグスティンさん,all,R,12,2869,1359,5,1ターンの間、味方全員の攻撃が5回連続攻撃になる,counteraction,4,0.5,0.0999,0,0,1,0.01,0.94,0.0162,0,0,0.9869,0.000239
368,378,409,389,em-0ba3ddcc384c,雛段芸人☆さくらんず,all,R,16,1510,1887,5,味方全員のスキルカウントを2減少させる,ignored,4,0.5,0.0999,0,0,1,0.01,0.95,0.0162,0,0,0.9868,0.000239
369,379,410,391,em-682cd1ab4ae4,ホーリーエンジェるん,fire_wind,R,16,1812,1661,5,3ターンの間、火属性の味方全員の攻撃力を200%増加させる,counteraction,4,0.5,0.0999,0,0,1,0.01,0.94,0.0162,0,0,0.9868,0.000239
370,380,411,561,em-4dc27428f645,よりりんＫ林スタイル,fire_water,CR,24,2576,2576,2,1ターンの間、味方全員の属性を風属性に変更する,adaptive,4,0.5,0,0,0,1,0.23,0.91,0.2933,0,0,0.9661,0.000234
371,381,412,350,em-d6f4ebe1907b,猫キャット,fire,N,4,150,700,1,自身のHPを100%回復する,advantage_creation,4,0.5,0,0,0,1,0.23,0.87,0.2909,0,0,0.992,0.00024
372,382,413,564,em-7499fb228620,にほりん,fire,CR,15,2898,3059,5,1ターンの間、火属性の味方全員の攻撃力を500%増加させる,counteraction,4,0.5,0,0,0,1,0.22,0.92,0.2831,0,0,0.966,0.000234
373,383,414,394,em-9791eaaeef3c,メーピスさん,fire,R,8,600,700,6,1ターンの間、自身の攻撃が3回連続攻撃になる,counteraction,4,0.5,0,0,0,1,0.22,0.93,0.2831,0,0,0.9866,0.000239
374,384,415,913,em-d7873747b412,藤のフヒッティ,fire_water,伝,75,10735,3578,1,3ターンの間、自身にダメージを30%軽減するシールドを与える,advantage_creation,4,0.5,0,1,0,1,0.22,0.88,0.2819,0,0,0.3195,0.000077
375,385,416,914,em-cd52b65347bc,フローラさま,fire,伝,75,11161,3408,1,2ターンの間、水属性の敵に対する自身の攻撃力を250%増加させる,counteraction,4,0.5,0,1,0,1,0.21,0.95,0.2733,0,0,0.3193,0.000077
376,8,417,60,em-2f0a120135a2,神降ろし！宮子様,fire,MZR,24,3578,3152,0,味方全員のHPを25%回復する,advantage_creation,4,0.5,0,1,1,1,0.21,0.92,0.2725,2,0,0.8201,0.004736
377,386,418,801,em-c89260e1ef3b,曲芸師・ブンブク,fire,MZR,60,6305,2996,4,死亡している味方全員を10%のHPで蘇らせる,advantage_creation,4,0.5,0,0,0,1,0.21,0.89,0.2725,0,0,0.8198,0.000198
378,387,23,103,em-7914d5cdb04d,芋神よしあき,fire,ZR,32,4130,2753,3,1ターンの間、火属性の味方全員の攻撃が2回連続攻撃になる,counteraction,4,0.5,0,0,0,1,0.2,0.96,0.2627,0,1,0.913,0.002806
379,388,419,570,em-3ff69ed35fe7,wiーん・ザ・ウルフ,fire,CR,19,2898,2898,4,3ターンの間、味方全員の属性を火属性に変更する,adaptive,4,0.5,0,0.25,0,1,0.2,0.96,0.2627,0,0,0.9655,0.000233
380,389,420,803,em-f9ca1348e6ed,斎王代「鵺」,fire,MZR,48,6884,3748,3,1ターンの間、味方全員の属性を全属性(3色混合)に変更する,adaptive,4,0.5,0,0,0,1,0.2,0.87,0.2627,0,0,0.8189,0.000198
381,390,41,142,em-89a1a863b8a0,ベファーナさん二千歳,fire_wind,ZR,46,7200,1874,1,1ターンの間、リーダーの攻撃が2回連続攻撃になる,counteraction,4,0.5,0,1,0,1,0.19,0.9,0.2516,0,0.75,0.9125,0.001766
382,391,421,717,em-378cec222ec5,熱ぅい！地獄雀,fire,ZR,45,5964,3408,5,死亡している火属性の味方全員を100%のHPで蘇らせる,advantage_creation,4,0.5,0,0,0,1,0.19,0.9,0.2516,0,0,0.9123,0.000221
383,392,422,718,em-23638c0715eb,ばけごろう,all,ZR,30,1757,5743,1,3ターンの間、自身の属性を全属性(3色混合)に変更する,adaptive,4,0.5,0,0.5,0,1,0.19,0.9,0.2516,0,0,0.9121,0.00022
384,393,423,574,em-bc514db974f0,化石人骨ルーシー,fire,CR,23,3783,2173,3,死亡している水属性の味方全員を35%のHPで蘇らせる,advantage_creation,4,0.5,0,0,0,1,0.19,0.9,0.2498,0,0,0.9651,0.000233
385,394,424,576,em-900d96f0b1d7,修験くまのたん,fire,CR,12,400,1200,3,1ターンの間、自身の攻撃力を200%増加させる,counteraction,4,0.5,0,0,0,1,0.19,0.89,0.2471,0,0,0.9651,0.000233
386,395,425,720,em-7e0f073f3656,年中無休な落花妖精,fire,ZR,41,5538,3834,8,1ターンの間、味方全員に風属性の敵からのダメージを95%軽減するシールドを与える,advantage_creation,4,0.5,0,0,0,1,0.18,0.94,0.2415,0,0,0.9116,0.00022
387,396,426,721,em-437f98caf8e3,ぺた也君,fire,ZR,35,4710,3006,1,1ターンの間、自身の攻撃が2回連続攻撃になる,counteraction,4,0.5,0,1,0,1,0.18,0.92,0.2415,0,0,0.9114,0.00022
388,397,7,65,em-065f680177c4,ﾍﾟﾀももたろす,fire,CR,17,3059,3059,2,1ターンの間、自身の属性を風属性に変更する,adaptive,4,0.5,0,0,0,1,0.18,0.95,0.2401,0,1.25,0.9648,0.00455
389,398,427,578,em-e6496091dd0f,シャーミーくん,fire_wind,CR,20,2948,2556,1,2ターンの間、火属性の敵に対する自身の攻撃力を60%増加させる,counteraction,4,0.5,0,1,0,1,0.18,0.94,0.2401,0,0,0.9648,0.000233
390,399,428,579,em-62994b487456,浪漫歌人♪晶子さん,fire,CR,25,3059,3059,2,死亡している風属性の味方全員を15%のHPで蘇らせる,advantage_creation,4,0.5,0,0,0,1,0.18,0.88,0.2401,0,0,0.9647,0.000233
391,400,429,580,em-252e0359c5e1,巳ーちゃん,fire,CR,25,3451,2599,3,2ターンの間、自身の攻撃が5回連続攻撃になる,counteraction,4,0.5,0,0,0,1,0.18,0.91,0.2377,0,0,0.9646,0.000233
392,9,430,50,em-d7d6357dff74,フェニックス師匠,fire,CR,32,4508,4830,0,自身のHPを20%回復する,advantage_creation,4,0.5,0,1,1,1,0.17,0.91,0.2309,2,0,0.9645,0.00542
393,401,8,67,em-22dd126a0f3a,どーん竜馬,fire,CR,17,2898,2898,3,1ターンの間、自身の攻撃力を200%増加させる,counteraction,4,0.5,0,0,0,1,0.17,0.98,0.2309,0,1.25,0.9645,0.004426
394,402,431,724,em-1e3b5bb54d35,ナナフシ,fire,ZR,30,4175,2999,2,3ターンの間、自身の属性を水属性に変更する,adaptive,4,0.5,0,0.25,0,1,0.17,0.91,0.2309,0,0,0.9103,0.00022
395,403,432,806,em-9372502bc6a4,餞のガブリン,fire,MZR,42,1913,5367,4,死亡している火属性の味方全員を40%のHPで蘇らせる,advantage_creation,4,0.5,0,0,0,1,0.17,0.94,0.2299,0,0,0.8144,0.000197
396,404,433,726,em-e51e56c23fa1,上級国民ロヴィーサ,all,ZR,44,2832,2984,4,4ターンの間、火属性の攻撃を自身に集中させる(80%カット),advantage_creation,4,0.5,0,0,0,1,0.17,0.94,0.228,0,0,0.9099,0.00022
397,405,434,727,em-ac3306faeab5,マサムネーダー,fire,ZR,32,3919,5112,1,1ターンの間、味方全員の属性を火属性に変更する,adaptive,4,0.5,0,1,0,1,0.17,0.89,0.228,0,0,0.9097,0.00022
398,406,435,729,em-a24482970c23,ご機嫌斜めのウィーン様,fire,ZR,42,4941,2896,5,2ターンの間、味方全員の攻撃力を150%増加させる,counteraction,4,0.5,0,0,0,1,0.17,0.89,0.225,0,0,0.9096,0.00022
399,407,436,808,em-e778e99b9218,不敵な笑みのニタりん,fire,MZR,16,1363,2556,3,1ターンの間、味方全員の攻撃が2回連続攻撃になる,counteraction,4,0.5,0,0,0,1,0.17,0.97,0.225,0,0,0.8132,0.000196
400,408,437,583,em-c6e2304d0b02,パプアさん,fire,CR,26,3365,2270,3,1ターンの間、味方全員に火属性の敵からのダメージを85%軽減するシールドを与える,advantage_creation,4,0.5,0,0,0,1,0.16,0.94,0.2193,0,0,0.964,0.000233
401,409,438,809,em-3f6affd1acff,ハンニバル力(りょく),fire,MZR,58,7497,2385,3,1ターンの間、火属性の味方全員の攻撃が全体攻撃になる,counteraction,4,0.5,0,0,0,1,0.16,0.9,0.2193,0,0,0.8126,0.000196
402,410,81,215,em-aa92178d2205,糸巻万太朗,fire,MZR,40,5623,4260,2,1ターンの間、味方全員の属性を水属性に変更する,adaptive,4,0.5,0,0,0,1,0.16,0.92,0.2178,0,0.25,0.8123,0.000635
403,411,439,731,em-8b48dbb598d6,高杉ぃ高杉ぃぃ！,fire,ZR,60,7500,1704,1,1ターンの間、火属性の味方全員の攻撃力を25%増加させる,counteraction,4,0.5,0,1,0,1,0.16,0.87,0.2178,0,0,0.9087,0.00022
404,412,440,733,em-2905dc6523ff,都会の貴腐人,fire,ZR,44,6475,2811,6,死亡している火属性の味方全員を150%のHPで蘇らせる,advantage_creation,4,0.5,0,0,0,1,0.16,0.95,0.2153,0,0,0.9085,0.000219
405,413,441,811,em-8a030b3f4f33,無給の皇帝,fire,MZR,44,4601,2790,2,2ターンの間、味方全員に水属性の敵からのダメージを55%軽減するシールドを与える,advantage_creation,4,0.5,0,0,0,1,0.15,0.91,0.2082,0,0,0.8114,0.000196
406,414,442,357,em-2276063b9e3e,鳴子姫,fire,N,11,1128,1128,5,1ターンの間、火属性の味方全員の攻撃が全体攻撃になる,counteraction,4,0.5,0,0,0,1,0.16,0.93,0.2072,0,0,0.9912,0.000239
407,415,443,584,em-d5ed773d56cd,夏至祭のヴァサクサ君,fire_water,CR,18,3976,2156,2,風属性の味方全員のスキルカウントを1減少させる,ignored,4,0.5,0,0,0,1,0.15,0.93,0.2072,0,0,0.9634,0.000233
408,416,444,812,em-3151d77efe3f,チンチョーロさん,fire_wind,MZR,37,4805,4805,7,死亡している風属性の味方全員を200%のHPで蘇らせる,advantage_creation,4,0.5,0,0,0,1,0.15,0.91,0.202,0,0,0.8105,0.000196
409,417,445,813,em-d0639c20e6b1,ユーコ☆宇宙,all,MZR,24,4260,2556,4,死亡している風属性の味方全員を25%のHPで蘇らせる,advantage_creation,4,0.5,0,0,0,1,0.15,0.98,0.202,0,0,0.8102,0.000196
410,418,446,734,em-e15fbf6ecd0c,シャーロック&エッジュ,fire_wind,ZR,41,4260,5112,2,水属性の味方全員のスキルカウントを1減少させる,ignored,4,0.5,0,0,0,1,0.15,0.91,0.202,0,0,0.9075,0.000219
411,419,447,425,em-b523340b244f,金のドナドナぴよ子,fire,R,4,100,100,0,なし,none,4,0.5,0,0,1,1,0.15,0.9,0.202,0,0,0.9851,0.000238
412,420,9,80,em-1fcc8f4c1ae3,ヴェルサイユの朝,fire_water,MZR,45,2556,6645,5,2ターンの間、水属性の敵に対する味方全員の攻撃力を600%増加させる,counteraction,4,0.5,0,0,0,1,0.15,0.97,0.1978,0,1.25,0.8093,0.003615
413,421,448,814,em-1e8ec25622df,切間・ンジャロさん,fire_wind,MZR,39,5871,3442,4,リーダーのスキルカウントを4減少させる,ignored,4,0.5,0,0,0,1,0.15,0.9,0.1978,0,0,0.809,0.000195
414,422,449,815,em-3e7e7e54a83d,妖精女王ミカーンニア,fire,MZR,45,3408,4771,2,風属性の味方全員のスキルカウントを2減少させる,ignored,4,0.5,0,0,0,1,0.15,0.96,0.1978,0,0,0.8086,0.000195
415,423,450,816,em-0984e8e9ee06,加賀のカブキ者,all,MZR,60,4430,6816,2,1ターンの間、自身の攻撃力を350%増加させる,counteraction,4,0.5,0,0,0,1,0.15,0.89,0.1978,0,0,0.8083,0.000195
416,424,451,360,em-9bac78901113,有馬すん,fire,N,5,375,405,6,火属性の味方全員のHPを60%回復する,advantage_creation,4,0.5,0,0,0,1,0.14,0.98,0.1961,0,0,0.9909,0.000239
417,425,452,427,em-9b717b0ffa22,地獄めぐりベッピー,fire,R,19,1733,1664,5,2ターンの間、火属性の味方全員の攻撃力を200%増加させる,counteraction,4,0.5,0,0,0,1,0.14,0.91,0.1961,0,0,0.9848,0.000238
418,426,453,428,em-4dec28ac375f,いやひこさん,fire,R,13,800,500,3,火属性の敵全員の攻撃カウントを1増加させる,ignored,4,0.5,0,0,0,1,0.14,0.94,0.1961,0,0,0.9848,0.000238
419,427,454,817,em-6d3c1934f67c,エンパさんの夏,fire,MZR,50,5623,4430,2,1ターンの間、自身の攻撃が全体攻撃になる。,counteraction,4,0.5,0,0.25,0,1,0.14,0.9,0.1961,0,0,0.8071,0.000195
420,428,455,738,em-24b5b550f587,ジョロウグモ,fire,ZR,10,937,2113,3,2ターンの間、味方全員に風属性の敵からのダメージを80%軽減するシールドを与える,advantage_creation,4,0.5,0,0,0,1,0.14,0.98,0.1961,0,0,0.9058,0.000219
421,429,456,819,em-a11a3441fd8e,レンネルアルケニー,fire_wind,MZR,43,2896,3919,2,1ターンの間、味方全員にダメージを60%軽減するシールドを与える,advantage_creation,4,0.5,0,0,0,1,0.14,0.87,0.1918,0,0,0.8065,0.000195
422,430,457,820,em-ffde6d61f228,有頂天☆安倍晴明,fire_wind,MZR,45,3936,4771,5,火属性の味方全員のスキルカウントを3減少させる,ignored,4,0.5,0,0,0,1,0.14,0.93,0.1918,0,0,0.8062,0.000195
423,431,458,739,em-ec64495c1963,レブカ大先生,fire_water,ZR,38,5793,2984,5,3ターンの間、火属性の味方全員の攻撃が全体攻撃になる,counteraction,4,0.5,0,0,0,1,0.14,0.93,0.1918,0,0,0.9052,0.000219
424,37,459,131,em-42b503c8643c,姉上と青コリくん,fire_water,MZR,48,3322,3322,0,1ターンの間、味方全員に火属性の敵からのダメージを20%軽減するシールドを与える,advantage_creation,4,0.5,0,1,1,1,0.14,0.98,0.188,0.75,0,0.8056,0.002141
425,432,24,107,em-8660ff550c92,うどんの天使,fire,ZR,40,3067,3748,1,5ターンの間、自身の攻撃力を40%増加させる,counteraction,4,0.5,0,1,0,1,0.14,0.98,0.188,0,1,0.9049,0.002709
426,433,460,742,em-4d9586371e6c,鞭・打つ子さん,fire_water,ZR,38,4106,4106,3,1ターンの間、自身の攻撃が8回連続攻撃になる,counteraction,4,0.5,0,0,0,1,0.14,0.94,0.188,0,0,0.9047,0.000218
427,434,461,591,em-d239e5e972de,ズンビーフック,fire_wind,CR,17,2012,3220,4,1ターンの間、風属性の味方全員の攻撃が3回連続攻撃になる,counteraction,4,0.5,0,0,0,1,0.14,0.9,0.188,0,0,0.9619,0.000232
428,435,462,430,em-b3d6d1b7e1a8,たたらん,fire,R,6,500,300,5,1ターンの間、味方全員の攻撃力を30%増加させる,counteraction,4,0.5,0,0,0,1,0.15,0.91,0.1861,0,0,0.9844,0.000238
429,436,463,361,em-4b8a1db2788c,ニートな浅子さん,fire,N,4,112,418,5,1ターンの間、自身の攻撃力を200%増加させる,counteraction,4,0.5,0,0,0,1,0.13,0.88,0.1845,0,0,0.9906,0.000239
430,437,464,363,em-020eecb1db52,草カロ四朗,fire,N,4,296,316,7,味方全員のHPを30%回復する,advantage_creation,4,0.5,0,0,0,1,0.13,0.9,0.1845,0,0,0.9906,0.000239
431,438,465,431,em-2f8589eed296,畳リーゼント,fire,R,7,300,700,4,1ターンの間、リーダーの攻撃力を50%増加させる,counteraction,4,0.5,0,0,0,1,0.13,0.94,0.1845,0,0,0.9842,0.000238
432,439,466,592,em-f938c5c907fd,ももたろす,fire,CR,8,1000,1000,4,1ターンの間、自身の属性を風属性に変更する,adaptive,4,0.5,0,0,0,1,0.13,0.91,0.1845,0,0,0.9616,0.000232
433,440,467,364,em-950c6a19b78f,竹輪総理,fire,N,6,250,1100,3,1ターンの間、自身の攻撃力を200%増加させる,counteraction,4,0.5,0,0,0,1,0.13,0.91,0.1845,0,0,0.9905,0.000239
434,441,468,365,em-0063b3d17f76,玄武むりょく,all,N,4,165,165,6,2ターンの間、味方全員にダメージを30%軽減するシールドを与える,advantage_creation,4,0.5,0,0,0,1,0.13,0.97,0.1845,0,0,0.9905,0.000239
435,442,469,366,em-c09c9bb81a01,蓮十郎,fire,N,7,1215,1187,2,風属性の味方全員のスキルカウントを1減少させる,ignored,4,0.5,0,0,0,1,0.13,0.95,0.1845,0,0,0.9904,0.000239
436,443,470,367,em-e668f3d46f31,超・S.K.O.Tちゃん,fire,N,5,950,250,5,味方全員のHPを40%回復する,advantage_creation,4,0.5,0,0,0,1,0.13,0.91,0.1845,0,0,0.9904,0.000239
437,444,471,822,em-e6110f879f18,ユーコ隊,all,MZR,24,3408,2044,4,死亡している風属性の味方全員を20%のHPで蘇らせる,advantage_creation,4,0.5,0,0,0,1,0.13,0.9,0.1845,0,0,0.8015,0.000194
438,445,472,368,em-a8f48fb9a527,タミちゃんの火祭り,fire_wind,N,15,1,2402,4,3ターンの間、自身の攻撃が全体攻撃になる,counteraction,4,0.5,0,0,0,1,0.13,0.93,0.1845,0,0,0.9904,0.000239
439,446,473,745,em-31f11b9a8df8,ももとふFREEダム,fire_wind,ZR,40,3408,4260,3,自身のHPを80%回復する,advantage_creation,4,0.5,0,0,0,1,0.13,0.88,0.1834,0,0,0.9024,0.000218
440,447,25,111,em-52f594fdc52e,後楽園☆池田,fire_water,ZR,43,5623,2896,1,1ターンの間、火属性の敵に対する自身の攻撃力を222%増加させる,counteraction,4,0.5,0,1,0,1,0.14,0.96,0.1832,0,1,0.9022,0.002631
441,448,474,824,em-438753e77e6c,デロスの月陽姉弟,fire_water,MZR,41,3237,5453,2,味方全員のHPを60%回復する,advantage_creation,4,0.5,0,0.25,0,1,0.14,0.89,0.1832,0,0,0.8003,0.000193
442,449,475,825,em-b8c4235090fa,バビるわバビル君。,fire,MZR,39,5367,3441,4,3ターンの間、味方全員にダメージを55%軽減するシールドを与える,advantage_creation,4,0.5,0,0,0,1,0.14,0.9,0.1832,0,0,0.8,0.000193
443,450,476,826,em-ad82a61bcc2a,ｺﾄﾖﾛ!巳ーちゃん様,all,MZR,55,6901,3451,4,2ターンの間、味方全員にダメージを66%軽減するシールドを与える,advantage_creation,4,0.5,0,0,0,1,0.14,0.91,0.1832,0,0,0.7996,0.000193
444,451,477,827,em-824a4dbb010c,守護天狗くまのたん,fire,MZR,41,1874,7668,3,1ターンの間、自身の攻撃が全体攻撃になる,counteraction,4,0.5,0,0,0,1,0.14,0.85,0.1771,0,0,0.7993,0.000193
445,452,26,127,em-5861838d2e36,ばうあー泥棒,all,MZR,35,4771,3033,4,2ターンの間、火属性の敵に対する自身の攻撃力を1780%増加させる,counteraction,4,0.5,0,0,0,1,0.13,0.96,0.1734,0,1,0.799,0.00227
446,453,478,828,em-0e768525b557,ヘラクレス先輩,fire_water,MZR,70,5885,6230,4,4ターンの間、自身の攻撃が3回連続攻撃になる,counteraction,4,0.5,0,0,0,1,0.13,0.88,0.1734,0,0,0.7987,0.000193
447,454,479,746,em-1eb5e932843b,ダンブッラの蘭,fire_water,ZR,38,5112,3578,2,1ターンの間、風属性の味方全員にダメージを70%軽減するシールドを与える,advantage_creation,4,0.5,0,0.25,0,1,0.13,0.95,0.1734,0,0,0.901,0.000218
448,455,480,829,em-6c2ea8631e0d,深海美少年モヅルン,fire_water,MZR,37,5964,2385,3,2ターンの間、風属性の攻撃を自身に集中させる(85%カット),advantage_creation,4,0.5,0,0,0,1,0.13,0.96,0.1734,0,0,0.7981,0.000193
449,456,481,830,em-98053d851e29,炎上魔女ベファーナ,fire,MZR,59,2088,3748,2,死亡しているリーダーを130%のHPで蘇らせる,advantage_creation,4,0.5,0,0,0,1,0.13,0.93,0.1734,0,0,0.7978,0.000193
450,457,482,601,em-29cc8a9cf9cd,ビール売りの小娘,fire_wind,CR,18,1516,3638,3,味方全員のスキルカウントを1減少させる,ignored,4,0.5,0,0,0,1,0.13,0.92,0.1734,0,0,0.9602,0.000232
451,458,483,831,em-7b7bc6faa9ba,パティは実況勢,all,MZR,41,5623,3352,2,1ターンの間、自身にダメージを77%軽減するシールドを与える,advantage_creation,4,0.5,0,0,0,1,0.13,0.93,0.1734,0,0,0.7971,0.000192
452,459,484,747,em-d295de1e4086,海の日シスターズ♪,fire_water,ZR,40,3823,4657,4,3ターンの間、水属性の味方全員の攻撃力を80%増加させる,counteraction,4,0.5,0,0,0,1,0.13,0.93,0.1734,0,0,0.9001,0.000217
453,460,485,748,em-d74e6be8b4b9,クビキリギス,fire,ZR,40,3800,3544,4,2ターンの間、自身にダメージを90%軽減するシールドを与える,advantage_creation,4,0.5,0,0,0,1,0.13,0.93,0.1734,0,0,0.8999,0.000217
454,461,486,370,em-f074d8bb177d,たっくん,fire,N,4,95,507,5,1ターンの間、自身の攻撃力を100%増加させる,counteraction,4,0.5,0,0,0,1,0.12,0.94,0.1724,0,0,0.99,0.000239
455,462,487,371,em-b34467071fa2,蓮三郎,fire,N,6,500,450,3,風属性の味方全員のスキルカウントを1減少させる,ignored,4,0.5,0,0,0,1,0.12,0.94,0.1724,0,0,0.9899,0.000239
456,463,488,440,em-f1302d2783e5,八太郎,fire,R,10,1200,200,7,敵全員の攻撃カウントを1増加させる,ignored,4,0.5,0,0,0,1,0.12,0.91,0.1724,0,0,0.9832,0.000237
457,464,489,372,em-4c84ff6e1868,カカカのカ治郎,fire,N,6,700,500,5,風属性の敵全員の攻撃カウントを2増加させる,ignored,4,0.5,0,0,0,1,0.12,0.91,0.1724,0,0,0.9899,0.000239
458,465,490,373,em-c4c0bb3e4292,あっぴーちゃん,fire,N,3,600,300,3,自身のHPを40%回復する,advantage_creation,4,0.5,0,0.25,0,1,0.12,0.95,0.1724,0,0,0.9899,0.000239
459,466,491,374,em-3e1bbfb34a76,芳一大師匠,fire,N,14,1128,1269,4,死亡している火属性の味方全員を20%のHPで蘇らせる,advantage_creation,4,0.5,0,0,0,1,0.12,0.96,0.1724,0,0,0.9898,0.000239
460,467,492,375,em-a058dba31969,月見だよ！叡智州利偉,fire_wind,N,10,1100,2002,4,2ターンの間、火属性の味方全員の攻撃力を80%増加させる,counteraction,4,0.5,0,0,0,1,0.12,0.95,0.1724,0,0,0.9898,0.000239
461,22,493,82,em-a44b56d26d84,聖夜の又マタドーるん,all,ZR,45,3919,4260,1,1ターンの間、味方全員に水属性の敵からのダメージを20%軽減するシールドを与える,advantage_creation,4,0.5,0,1,0,1,0.12,0.89,0.1718,1.25,0,0.8985,0.003549
462,468,494,446,em-fb54694c6adc,サイガーイエロー,fire,R,9,357,1057,4,1ターンの間、自身の攻撃が3回連続攻撃になる,counteraction,4,0.5,0,0,0,1,0.12,0.92,0.1718,0,0,0.9829,0.000237
463,469,495,376,em-4e0f06589604,新・やよいチゥりっぷ,fire,N,9,1100,200,3,1ターンの間、味方全員の属性を水属性に変更する,adaptive,4,0.5,0,0,0,1,0.12,0.89,0.1718,0,0,0.9897,0.000239
464,470,496,448,em-f78f249e0088,剣闘士,fire,R,7,168,812,5,1ターンの間、火属性の敵に対する自身の攻撃力を100%増加させる,counteraction,4,0.5,0,0,0,1,0.12,0.96,0.1718,0,0,0.9828,0.000237
465,15,497,64,em-d07cd0c8b0b0,二条城☆浴衣モード,fire_water,CR,19,2656,2495,1,1ターンの間、風属性の攻撃を自身に集中させる。(80%カット),advantage_creation,4,0.5,0,1,0,1,0.12,0.98,0.1701,1.5,0,0.959,0.004576
466,471,498,377,em-f7612fbdd637,大森さん,fire,N,3,1000,100,5,1ターンの間、味方全員にダメージを50%軽減するシールドを与える,advantage_creation,4,0.5,0,0,0,1,0.12,0.85,0.1701,0,0,0.9897,0.000239
467,472,499,607,em-cf3fd175f595,プチさんグロさん,fire_wind,CR,27,2807,2895,2,1ターンの間、風属性の敵に対する味方全員の攻撃力を130%増加させる,counteraction,4,0.5,0,0,0,1,0.12,0.94,0.1701,0,0,0.9589,0.000231
468,473,500,750,em-bf60c5d7bbe5,ワイン塗れのぐっすん,fire_wind,ZR,39,2453,5555,1,1ターンの間、水属性の敵に対する自身の攻撃力を200%増加させる,counteraction,4,0.5,0,0.5,0,1,0.12,0.91,0.1701,0,0,0.8972,0.000217
469,474,501,608,em-bf54cef3c3e9,タツノコくん,fire,CR,12,1058,1362,5,2ターンの間、味方全員にダメージを70%軽減するシールドを与える,advantage_creation,4,0.5,0,0,0,1,0.13,0.92,0.1677,0,0,0.9587,0.000231
470,475,502,611,em-0fd17c65da62,大患部！ぴよ子大佐,fire,CR,18,2415,2861,2,1ターンの間、自身の攻撃が3回連続攻撃になる,counteraction,4,0.5,0,0,0,1,0.13,0.9,0.1677,0,0,0.9586,0.000231
471,476,503,752,em-7c0ef69518eb,有砂小町２ＰＣ,fire,ZR,40,5112,5112,4,敵全員の攻撃カウントを1増加させる,ignored,4,0.5,0,0,0,1,0.13,0.89,0.1677,0,0,0.8966,0.000216
472,477,82,207,em-c1bbe00e5d61,ジョンは時を知らない,all,ZR,48,4771,3493,0,7ターンの間、自身の攻撃力を16%増加させる,counteraction,4,0.5,0,1,1,1,0.12,0.93,0.1632,0,0.25,0.8965,0.000687
473,478,504,753,em-a0601347b042,グラーツ君,fire,ZR,36,2896,5282,3,2ターンの間、水属性の敵に対する味方全員の攻撃力を150%増加させる,counteraction,4,0.5,0,0.25,0,1,0.12,0.97,0.1632,0,0,0.8963,0.000216
474,488,10,84,em-dce9e83b7c07,長靴履いたなろう猫,fire_water,MZR,42,3786,2726,3,2ターンの間、味方全員の属性を風属性に変更する,adaptive,4,0.5,0,0,0,1,0.11,0.96,0.1597,0,1.25,0.7898,0.003434
475,489,42,140,em-a84e9301da18,パワフル☆ばん馬ばん,fire,N,5,600,350,4,1ターンの間、風属性の敵に対する自身の攻撃力を1500%増加させる,counteraction,4,0.5,0,0,0,1,0.11,0.94,0.1597,0,0.75,0.9894,0.001867
476,490,514,378,em-3307021ed6b3,なっとくん,fire,N,4,286,311,3,リーダーのスキルカウントを1減少させる,ignored,4,0.5,0,0,0,1,0.11,0.92,0.1597,0,0,0.9894,0.000239
477,491,515,452,em-c47afb60b613,三重子先輩,fire,R,10,800,800,2,1ターンの間、味方全員の属性を火属性に変更する,adaptive,4,0.5,0,0,0,1,0.11,0.93,0.1597,0,0,0.9823,0.000237
478,492,516,379,em-c19b90bf546d,芋煮太郎,fire,N,4,510,102,7,1ターンの間、火属性の味方全員の攻撃が2回連続攻撃になる,counteraction,4,0.5,0,0,0,1,0.11,0.96,0.1597,0,0,0.9893,0.000239
479,493,517,380,em-422fdd383a00,芋煮百太郎,fire,N,7,680,300,5,1ターンの間、火属性の味方全員の攻撃が2回連続攻撃になる,counteraction,4,0.5,0,0,0,1,0.11,0.94,0.1597,0,0,0.9893,0.000239
480,494,518,382,em-2d076c59c4b7,わんこーラスそば,fire,N,6,600,700,3,味方全員のHPを25%回復する,advantage_creation,4,0.5,0,0,0,1,0.11,0.89,0.1597,0,0,0.9893,0.000239
481,495,519,613,em-9c1df245a2ec,のぶくろお館,fire,CR,16,1100,1300,6,2ターンの間、味方全員の攻撃が全体攻撃になる,counteraction,4,0.5,0,0,0,1,0.11,0.92,0.1597,0,0,0.9578,0.000231
482,496,520,383,em-84589d5b3594,コロちゃん,fire,N,11,1551,1551,1,5ターンの間、水属性の敵に対する味方全員の攻撃力を25%増加させる,counteraction,4,0.5,0,0.5,0,1,0.11,0.95,0.1597,0,0,0.9892,0.000239
483,497,521,835,em-13a4b4b54b04,北間・クラリス嬢,fire,MZR,10,3959,701,1,自身のHPを100%回復する,advantage_creation,4,0.5,0,1,0,1,0.11,0.93,0.1597,0,0,0.7869,0.00019
484,498,522,384,em-d9f30734dd50,草カロ花子,fire,N,7,1159,1244,5,味方全員のHPを60%回復する,advantage_creation,4,0.5,0,0,0,1,0.11,0.97,0.1597,0,0,0.9892,0.000239
485,499,523,385,em-1ec49f290f1e,ʌっぴーちゃん,fire,N,8,1762,634,2,自身のHPを70%回復する,advantage_creation,4,0.5,0,0.25,0,1,0.11,0.94,0.1597,0,0,0.9892,0.000239
486,500,524,386,em-4f0b20692fd7,コンドアーズ,fire,N,17,273,2120,3,4ターンの間、火属性の味方全員の攻撃力を40%増加させる,counteraction,4,0.5,0,0,0,1,0.11,0.91,0.1597,0,0,0.9891,0.000239
487,501,525,836,em-6cd949ff7539,?????,fire_water,MZR,53,1842,6475,2,1ターンの間、攻撃を自身に集中させる(92%カット),advantage_creation,4,0.5,0,0.25,0,1,0.11,0.9,0.1597,0,0,0.7856,0.00019
488,502,526,837,em-cc181917eaeb,無双中な宗茂さん,all,MZR,60,6405,4941,2,1ターンの間、自身の攻撃が全体攻撃になる,counteraction,4,0.5,0,0,0,1,0.11,0.91,0.1597,0,0,0.7852,0.00019
489,503,83,203,em-eb78da4b3f28,えるたそ,fire,R,6,500,400,4,1ターンの間、風属性の敵に対する味方全員の攻撃力を50%増加させる,counteraction,4,0.5,0,0,0,1,0.11,0.96,0.1586,0,0.25,0.9817,0.000738
490,504,527,387,em-6d0b27bbd976,なっとくんおじさん,fire,N,7,496,484,2,リーダーのスキルカウントを1減少させる,ignored,4,0.5,0,0,0,1,0.11,0.92,0.1586,0,0,0.989,0.000239
491,505,528,460,em-7c00cb96c261,バイオうおぬまンダー,fire,R,12,700,1100,5,2ターンの間、自身の攻撃が全体攻撃になる,counteraction,4,0.5,0,0,0,1,0.11,0.93,0.1586,0,0,0.9817,0.000237
492,506,11,70,em-d90aa04af44f,グウィネズ兄弟,all,CR,34,2066,3197,5,2ターンの間、味方全員の攻撃が4回連続攻撃になる,counteraction,4,0.5,0,0,0,1,0.12,0.93,0.158,0,1.25,0.9569,0.00405
493,507,27,130,em-ffea90d62e77,テイヤさん,fire_wind,MZR,55,1874,5282,3,3ターンの間、自身の攻撃が3回連続攻撃になる,counteraction,4,0.5,0,0,0,1,0.12,0.94,0.158,0,1,0.7836,0.002169
494,508,61,184,em-93bcb3ddcb90,蝦夷の鬼武者,fire,MZR,50,5367,4771,1,6ターンの間、火属性の敵に対する自身の攻撃力を50%増加させる,counteraction,4,0.5,0,1,0,1,0.12,0.96,0.158,0,0.5,0.7833,0.000938
495,509,84,211,em-e362f95d25c3,巳ーちゃんさん,fire,ZR,35,4303,3451,3,2ターンの間、自身の攻撃が5回連続攻撃になる,counteraction,4,0.5,0,0,0,1,0.12,0.94,0.158,0,0.25,0.8922,0.000658
496,510,529,390,em-03fc13420b08,鳴子お嬢様,fire,N,8,600,600,6,1ターンの間、火属性の味方全員の攻撃が全体攻撃になる,counteraction,4,0.5,0,0,0,1,0.12,0.91,0.158,0,0,0.9889,0.000239
497,511,530,463,em-f230094c0c4f,シンプソン君,fire,R,5,400,400,8,死亡している味方全員を40%のHPで蘇らせる,advantage_creation,4,0.5,0,0,0,1,0.12,0.93,0.158,0,0,0.9814,0.000237
498,512,531,839,em-95694ab0605a,超★メジェド様,all,MZR,44,2300,3432,2,1ターンの間、攻撃を自身に集中させる(90%カット),advantage_creation,4,0.5,0,0,0,1,0.12,0.9,0.158,0,0,0.782,0.000189
499,513,532,617,em-3cce096dfee9,カギサナ子,fire,CR,15,2415,2415,4,2ターンの間、リーダーの攻撃力を400%増加させる,counteraction,4,0.5,0,0,0,1,0.12,0.94,0.158,0,0,0.9563,0.000231
500,514,533,840,em-24a892c6ebea,Mt.CACHI×2,fire_wind,MZR,38,2556,3578,2,1ターンの間、風属性の味方全員の攻撃が2回連続攻撃になる,counteraction,4,0.5,0,0,0,1,0.12,0.92,0.158,0,0,0.7813,0.000189
501,515,534,841,em-f5955c15b029,ばんば新年2026,all,MZR,60,7668,3438,1,2ターンの間、風属性の敵に対する自身の攻撃力を120%増加させる,counteraction,4,0.5,0,1,0,1,0.12,0.89,0.158,0,0,0.781,0.000189
502,516,535,618,em-9671099553c0,唸れ！阿蘇さん,fire,CR,12,1020,680,1,1ターンの間、水属性の攻撃を自身に集中させる(60%カット),advantage_creation,4,0.5,0,0.25,0,1,0.12,0.95,0.158,0,0,0.9561,0.000231
503,517,536,619,em-8803e5b07894,風林火山のぶくろ公,fire,CR,22,2254,2576,5,2ターンの間、味方全員の攻撃が全体攻撃になる,counteraction,4,0.5,0,0,0,1,0.12,0.92,0.158,0,0,0.956,0.000231
504,518,537,842,em-27802083d7f5,チュニスさん,fire_wind,MZR,50,5964,3919,4,火属性の味方全員のスキルカウントを2減少させる,ignored,4,0.5,0,0,0,1,0.12,0.93,0.158,0,0,0.78,0.000188
505,519,538,756,em-f3861e35df6f,暗黒王まはーかーらん,fire_water,ZR,47,3731,3926,4,水属性の敵全員の攻撃カウントを2増加させる,ignored,4,0.5,0,0,0,1,0.12,0.93,0.158,0,0,0.8903,0.000215
506,544,87,222,em-aefb52be8eca,半間鮫子,fire_water,MZR,52,3411,6823,2,1ターンの間、風属性の味方全員の攻撃が2回連続攻撃になる,counteraction,4,0.5,0,0,0,1,0.11,0.93,0.1478,0,0.25,0.7793,0.000543
507,32,561,123,em-9b1b7dceab8e,ブダ山ペスト太郎,all,MZR,40,6305,2044,0,2ターンの間、自身にダメージを20%軽減するシールドを与える,advantage_creation,4,0.5,0,1,1,1,0.1,0.89,0.1471,1,0,0.779,0.002359
508,545,562,621,em-f14da6dc7d26,チャイナさん,fire,CR,15,606,1876,4,1ターンの間、自身の攻撃力を150%増加させる,counteraction,4,0.5,0,0,0,1,0.1,0.92,0.1471,0,0,0.9556,0.000231
509,546,563,392,em-1fa3ac88ea78,有馬すた,fire,N,7,475,505,5,火属性の味方全員のHPを70%回復する,advantage_creation,4,0.5,0,0,0,1,0.1,0.93,0.1471,0,0,0.9885,0.000239
510,547,564,393,em-ee410ddd5211,鹿苑師匠,fire,N,6,500,480,5,死亡している水属性の味方全員を20%のHPで蘇らせる,advantage_creation,4,0.5,0,0,0,1,0.1,0.92,0.1471,0,0,0.9885,0.000239
511,548,565,468,em-de4906019fe7,キープ牧場の決斗,fire,R,14,700,700,6,死亡している味方全員を40%のHPで蘇らせる,advantage_creation,4,0.5,0,0,0,1,0.1,0.9,0.1471,0,0,0.9808,0.000237
512,549,566,470,em-2837181f6574,うおぬまンダー,fire,R,6,500,600,7,2ターンの間、自身の攻撃が全体攻撃になる,counteraction,4,0.5,0,0,0,1,0.1,0.88,0.1471,0,0,0.9807,0.000237
513,550,567,758,em-433922ef3e4e,夏至祭のぺた也君,fire_water,ZR,53,7266,2153,2,風属性の味方全員のスキルカウントを2減少させる,ignored,4,0.5,0,0,0,1,0.1,0.92,0.1471,0,0,0.8888,0.000215
514,551,568,395,em-5514b5658aa3,ハリウッドナナコ師匠,all,N,5,2503,1093,9,敵全員の攻撃カウントを4増加させる,ignored,4,0.5,0,0,0,1,0.1,0.95,0.1471,0,0,0.9884,0.000239
515,552,569,396,em-08c1cf17f632,青竜けいび,fire,N,4,345,400,6,火属性の味方全員のHPを50%回復する,advantage_creation,4,0.5,0,0,0,1,0.1,0.92,0.1471,0,0,0.9883,0.000239
516,553,570,397,em-17e6d828aa8d,かなりたっくん,fire,N,5,195,685,5,1ターンの間、自身の攻撃力を150%増加させる,counteraction,4,0.5,0,0,0,1,0.1,0.85,0.1471,0,0,0.9883,0.000239
517,554,571,398,em-594f4648caff,金閣鹿苑大先生,fire,N,7,1201,1201,4,死亡している水属性の味方全員を20%のHPで蘇らせる,advantage_creation,4,0.5,0,0,0,1,0.1,0.9,0.1471,0,0,0.9883,0.000239
518,555,572,399,em-1926af92f1af,カカカのカ次郎,fire,N,5,500,300,5,風属性の敵全員の攻撃カウントを2増加させる,ignored,4,0.5,0,0,0,1,0.1,0.98,0.1471,0,0,0.9883,0.000239
519,38,573,136,em-7e81ebc98ef9,稼働！K-MEN,fire_wind,MZR,57,6475,3067,1,1ターンの間、攻撃を自身に集中させる(40%カット),advantage_creation,4,0.5,0,1,0,1,0.1,0.94,0.1464,0.75,0,0.775,0.002007
520,556,574,624,em-c78db71c2d7b,ヒルズさん,fire,CR,12,517,1097,1,1ターンの間、水属性の敵に対する自身の攻撃力を100%増加させる,counteraction,4,0.5,0,0.25,0,1,0.1,0.86,0.1464,0,0,0.9546,0.00023
521,557,575,625,em-16634f0d7475,どーよさん,fire,CR,12,400,1200,5,1ターンの間、風属性の敵に対する自身の攻撃力を300%増加させる,counteraction,4,0.5,0,0,0,1,0.1,0.84,0.1464,0,0,0.9546,0.00023
522,558,576,400,em-ce4a4d623424,ケンＺＯ４号,fire,N,8,502,1901,5,3ターンの間、自身の攻撃力を100%増加させる,counteraction,4,0.5,0,0,0,1,0.1,0.97,0.1464,0,0,0.9882,0.000239
523,559,577,759,em-bdf5b4886e9a,シーホーすん,fire,ZR,12,1191,1532,5,2ターンの間、味方全員にダメージを72%軽減するシールドを与える,advantage_creation,4,0.5,0,0,0,1,0.1,0.94,0.1464,0,0,0.8869,0.000214
524,23,578,98,em-7f6d8a20493b,寝起きのクラリス,fire,MZR,60,7668,1704,0,自身のHPを60%回復する,advantage_creation,4,0.5,0,1,1,1,0.1,0.91,0.1446,1.25,0,0.7733,0.002974
525,560,579,628,em-c4b0b6848f16,?????,fire,CR,17,2828,2470,3,風属性の味方全員のスキルカウントを2減少させる,ignored,4,0.5,0,0,0,1,0.1,0.91,0.1446,0,0,0.9542,0.00023
526,598,615,401,em-70861f8a23e9,ウナギーヌくん,fire,N,3,800,200,2,自身のHPを20%回復する,advantage_creation,4,0.5,0,0,0,1,0.09,0.93,0.1338,0,0,0.988,0.000238
527,599,616,478,em-f354ab7f7554,漆黒のいびるん,all,R,12,800,1000,5,2ターンの間、攻撃をリーダーに集中させる(20%カット),advantage_creation,4,0.5,0,0,0,1,0.09,0.96,0.1338,0,0,0.98,0.000237
528,600,617,402,em-f1ed908b1438,竹輪大明神,fire,N,10,493,1762,2,1ターンの間、自身の攻撃力を250%増加させる,counteraction,4,0.5,0,0,0,1,0.09,0.98,0.1338,0,0,0.988,0.000238
529,601,618,403,em-7e369f15337f,超辛ふとし君,fire,N,6,321,659,5,1ターンの間、自身の攻撃力を200%増加させる,counteraction,4,0.5,0,0,0,1,0.09,0.94,0.1325,0,0,0.988,0.000238
530,611,628,404,em-efebd27cd58d,新・ひろしマン,fire,N,7,600,600,3,火属性の味方全員のHPを35%回復する,advantage_creation,4,0.5,0,0,0,1,0.09,0.94,0.13,0,0,0.9879,0.000238
531,612,629,481,em-f05bf139bdc3,荒野のシンプソン,fire,R,10,500,500,7,死亡している味方全員を40%のHPで蘇らせる,advantage_creation,4,0.5,0,0,0,1,0.09,0.96,0.13,0,0,0.9799,0.000237
532,613,630,630,em-d695befcbdc2,収穫☆にいがタン,fire_wind,CR,26,4508,3655,3,2ターンの間、水属性の攻撃を自身に集中させる(70%カット),advantage_creation,4,0.5,0,0,0,1,0.09,0.93,0.13,0,0,0.9536,0.00023
533,614,631,405,em-609b9d122d32,ネオむりょく,all,N,6,168,149,6,1ターンの間、攻撃を自身に集中させる(90%カット),advantage_creation,4,0.5,0,0,0,1,0.09,0.94,0.1261,0,0,0.9879,0.000238
534,615,632,482,em-7ada5b98126c,サイガーブルー,fire,R,8,250,950,5,1ターンの間、自身の攻撃が3回連続攻撃になる,counteraction,4,0.5,0,0,0,1,0.09,0.93,0.1261,0,0,0.9797,0.000236
535,622,638,484,em-bfd568eb94ea,ベッピーさん,fire,R,12,712,692,5,2ターンの間、火属性の味方全員の攻撃力を80%増加させる,counteraction,4,0.5,0,0,0,1,0.08,0.98,0.1198,0,0,0.9797,0.000236
536,623,639,406,em-f3d5bcd42444,あっぴー先輩,fire,N,6,1000,400,2,自身のHPを50%回復する,advantage_creation,4,0.5,0,0,0,1,0.08,0.91,0.1179,0,0,0.9878,0.000238
537,624,640,485,em-af839f0be824,譲らざる者,fire,R,13,966,2394,5,1ターンの間、火属性の敵に対する自身の攻撃力を1000%増加させる,counteraction,4,0.5,0,0,0,1,0.08,0.93,0.1179,0,0,0.9796,0.000236
538,625,641,633,em-ae65fe2577b0,葉月ぴよ子,fire,CR,8,590,2110,6,3ターンの間、自身の攻撃力を400%増加させる,counteraction,4,0.5,0,0,0,1,0.08,0.97,0.1179,0,0,0.9531,0.00023
539,626,642,486,em-aeb1959eaece,ＫＲ２ジョー軍曹,fire,R,9,394,1010,4,1ターンの間、風属性の敵に対する自身の攻撃力を500%増加させる,counteraction,4,0.5,0,0.25,0,1,0.08,0.93,0.1179,0,0,0.9795,0.000236
540,627,643,407,em-59482d256e11,大森銀佐摩,fire,N,15,2679,352,2,1ターンの間、味方全員にダメージを40%軽減するシールドを与える,advantage_creation,4,0.5,0,0,0,1,0.08,0.9,0.1179,0,0,0.9877,0.000238
541,628,644,408,em-8ece38ad97a5,デンマーくん大帝,fire,N,17,1269,1057,2,1ターンの間、攻撃を自身に集中させる(80%カット),advantage_creation,4,0.5,0,0,0,1,0.08,0.92,0.1179,0,0,0.9876,0.000238
542,629,645,488,em-c98972302fbd,爆誕！うっす様,fire,R,9,300,1000,2,1ターンの間、水属性の敵に対する味方全員の攻撃力を150%増加させる,counteraction,4,0.5,0,0,0,1,0.08,0.91,0.1179,0,0,0.9793,0.000236
543,630,646,490,em-9329de26d52c,iびるん大魔王,all,R,14,1812,1963,5,1ターンの間、攻撃をリーダーに集中させる(50%カット),advantage_creation,4,0.5,0,0,0,1,0.08,0.87,0.1179,0,0,0.9793,0.000236
544,631,647,491,em-c358a9d61a43,PiぐPeんとBiぐBeん,fire_water,R,15,1208,1510,2,1ターンの間、水属性の敵に対する自身の攻撃力を300%増加させる。,counteraction,4,0.5,0,0,0,1,0.08,0.91,0.1179,0,0,0.9792,0.000236
545,632,648,762,em-85da0a137fe9,北間・クララさん,fire,ZR,10,3561,629,1,自身のHPを90%回復する,advantage_creation,4,0.5,0,1,0,1,0.08,0.96,0.1179,0,0,0.8826,0.000213
546,633,649,634,em-9a3bd85e00a2,よりりん,fire,CR,8,605,615,4,1ターンの間、味方全員の属性を風属性に変更する,adaptive,4,0.5,0,0,0,1,0.08,0.91,0.1145,0,0,0.9525,0.00023
547,634,650,492,em-1d206f58d0b7,マッキ,fire,R,6,600,300,4,2ターンの間、味方全員に水属性の敵からのダメージを50%軽減するシールドを与える,advantage_creation,4,0.5,0,0,0,1,0.08,0.85,0.1145,0,0,0.9791,0.000236
548,635,651,410,em-b0a135da294f,デンマーくん三世,fire,N,6,800,600,3,1ターンの間、攻撃を自身に集中させる(80%カット),advantage_creation,4,0.5,0,0,0,1,0.08,0.94,0.1145,0,0,0.9874,0.000238
549,636,652,763,em-5b97cf2d5a88,やまたのおろちん,fire,ZR,40,2726,2726,3,2ターンの間、自身の攻撃が7回連続攻撃になる,counteraction,4,0.5,0,0,0,1,0.08,0.86,0.1145,0,0,0.8819,0.000213
550,637,653,635,em-74ebc57ab0a9,ニーハオさん,fire,CR,12,397,1216,5,1ターンの間、自身の攻撃力を150%増加させる,counteraction,4,0.5,0,0,0,1,0.08,0.98,0.1145,0,0,0.9521,0.00023
551,638,654,411,em-ae9fd7e6b2dc,ヘヴィなじとっ子君,fire,N,8,607,1795,4,2ターンの間、風属性の敵に対する自身の攻撃力を400%増加させる,counteraction,4,0.5,0,0.25,0,1,0.08,0.91,0.1145,0,0,0.9874,0.000238
552,639,655,493,em-489695d715f8,ボボ・さるぼぼ,fire,R,10,600,700,5,1ターンの間、自身の攻撃が全体攻撃になる,counteraction,4,0.5,0,0,0,1,0.08,0.97,0.1145,0,0,0.9789,0.000236
553,640,656,412,em-b4a2096551c5,金閣明日香,fire_wind,N,15,1201,1343,4,死亡している水属性の味方全員を50%のHPで蘇らせる,advantage_creation,4,0.5,0,0,0,1,0.08,0.89,0.1145,0,0,0.9873,0.000238
554,656,671,636,em-2080ae65b62a,モヅルン,fire_water,CR,37,3771,1908,3,1ターンの間、風属性の攻撃を自身に集中させる(80%カット),advantage_creation,4,0.5,0,0,0,1,0.07,0.86,0.1052,0,0,0.9518,0.00023
555,657,672,413,em-cc5744474846,芳一さん,fire,N,5,400,500,6,死亡している火属性の味方全員を10%のHPで蘇らせる,advantage_creation,4,0.5,0,0,0,1,0.07,0.9,0.1052,0,0,0.9872,0.000238
556,658,673,637,em-c573b4be1553,ｷﾞｶﾞももたろす,fire,CR,12,1300,1300,3,1ターンの間、自身の属性を風属性に変更する,adaptive,4,0.5,0,0,0,1,0.07,0.96,0.1052,0,0,0.9516,0.00023
557,659,674,414,em-08381d79cfef,大森銀さん,fire,N,5,1300,150,4,1ターンの間、味方全員にダメージを50%軽減するシールドを与える,advantage_creation,4,0.5,0,0,0,1,0.07,0.92,0.1052,0,0,0.9872,0.000238
558,660,675,415,em-74e8fc67e60c,竹輪大臣,fire,N,5,200,900,4,1ターンの間、自身の攻撃力を150%増加させる,counteraction,4,0.5,0,0,0,1,0.07,0.93,0.1052,0,0,0.9872,0.000238
559,55,676,164,em-f9fcb91b983d,アエネウスと弟くん,fire_water,MZR,60,4175,4175,0,2ターンの間、味方全員に火属性の敵からのダメージを15%軽減するシールドを与える,advantage_creation,4,0.5,0,1,1,1,0.07,0.92,0.1024,0.25,0,0.7612,0.001284
560,661,677,638,em-5bdefb267838,どーよくん,fire,CR,8,310,910,5,1ターンの間、風属性の敵に対する自身の攻撃力を100%増加させる,counteraction,4,0.5,0,0,0,1,0.07,0.93,0.1024,0,0,0.9513,0.00023
561,662,678,416,em-25fed9fde1ce,かっさーWoo！,fire_water,N,16,1131,2403,4,2ターンの間、リーダーの攻撃力を200%増加させる,counteraction,4,0.5,0,0,0,1,0.07,0.91,0.1024,0,0,0.9871,0.000238
562,663,679,496,em-132feeb6206a,傭兵戦隊サイガー３,fire,R,12,756,2284,4,2ターンの間、自身の攻撃が3回連続攻撃になる,counteraction,4,0.5,0,0,0,1,0.07,0.97,0.1024,0,0,0.9784,0.000236
563,664,680,497,em-e5c147f9dafc,異国のトーマスん,fire,R,9,660,742,4,1ターンの間、自身の属性を水属性に変更する,adaptive,4,0.5,0,0,0,1,0.07,0.93,0.1024,0,0,0.9784,0.000236
564,665,681,417,em-a91beec21e3d,やよいチゥりっぷ☆神,fire,N,13,2957,563,2,1ターンの間、味方全員の属性を水属性に変更する,adaptive,4,0.5,0,0,0,1,0.07,0.9,0.1024,0,0,0.987,0.000238
565,666,682,846,em-2eebc4f8633d,すわっ！かつより君,fire_water,MZR,60,5350,4771,5,2ターンの間、味方全員の攻撃が全体攻撃になる,counteraction,4,0.5,0,0,0,1,0.07,0.91,0.1024,0,0,0.7591,0.000183
566,667,683,639,em-cf1f3fbef79d,紅玉の供犠ぴよ子,fire,CR,6,1609,1609,0,なし,none,4,0.5,0,0,1,1,0.07,0.97,0.1024,0,0,0.9508,0.000229
567,694,708,498,em-9c37bba7df0f,ＫＲ２ジョー少尉,fire,R,11,495,1105,3,1ターンの間、風属性の敵に対する自身の攻撃力を500%増加させる,counteraction,4,0.5,0,0,0,1,0.06,0.95,0.0919,0,0,0.9782,0.000236
568,695,709,418,em-8d9e942117e5,ウナギーヌ課長,fire,N,6,1000,450,2,自身のHPを60%回復する,advantage_creation,4,0.5,0,0.25,0,1,0.06,0.98,0.0919,0,0,0.9869,0.000238
569,696,710,847,em-21f078527946,マノすん博士,fire,MZR,40,4771,3408,7,火属性の敵全員の攻撃カウントを6増加させる,ignored,4,0.5,0,0,0,1,0.06,0.9,0.0919,0,0,0.7577,0.000183
570,697,711,848,em-5ff7c4f20f2b,ヤマトタケルぅ！,fire,MZR,40,85,8520,5,3ターンの間、自身の攻撃が7回連続攻撃になる,counteraction,4,0.5,0,0,0,1,0.06,0.96,0.0919,0,0,0.7573,0.000183
571,698,712,849,em-57dce5f944a3,うらうらら,fire_water,MZR,50,4260,6390,4,2ターンの間、味方全員の攻撃が2回連続攻撃になる,counteraction,4,0.5,0,0,0,1,0.06,0.93,0.0919,0,0,0.757,0.000183
572,699,713,640,em-2f1780cfd053,どーよ様,fire,CR,15,500,1900,5,1ターンの間、風属性の敵に対する自身の攻撃力を500%増加させる,counteraction,4,0.5,0,0,0,1,0.06,0.93,0.0898,0,0,0.9503,0.000229
573,700,714,501,em-fae18e323cb5,美観之介曳山ん太郎,fire_wind,R,23,2194,1597,5,3ターンの間、風属性の味方全員の攻撃が全体攻撃になる,counteraction,4,0.5,0,0,0,1,0.06,0.91,0.0898,0,0,0.9779,0.000236
574,701,715,641,em-6a0e464e2855,収穫ぴよ子,fire,CR,10,1426,1304,1,1ターンの間、味方全員の属性を火属性に変更する,adaptive,4,0.5,0,0.5,0,1,0.06,0.95,0.0898,0,0,0.9501,0.000229
575,780,785,642,em-b9b869c15b9f,ルリマダラー,fire_water,CR,15,3786,378,2,1ターンの間、水属性の攻撃を自身に集中させる(80%カット),advantage_creation,4,0.5,0,0,0,1,0.05,0.94,0.0779,0,0,0.95,0.000229
576,781,786,643,em-a3fc429e3d74,にくぁうさま,fire,CR,15,606,1876,4,1ターンの間、風属性の敵に対する自身の攻撃力を600%増加させる,counteraction,4,0.5,0,0,0,1,0.05,0.9,0.0765,0,0,0.9499,0.000229
577,811,815,644,em-04bcad8262b9,現実リオンさん,fire,CR,12,700,1300,4,風属性の敵全員の攻撃カウントを1増加させる,ignored,4,0.5,0,0,0,1,0.04,0.89,0.0633,0,0,0.9498,0.000229
578,812,2,51,em-ccd4db81276f,夜間学校な浅子さん,fire,N,5,200,500,5,1ターンの間、自身の攻撃力を300%増加させる,counteraction,4,0.5,0,0,0,1,0.04,0.96,0.0625,0,1.5,0.9866,0.00533
579,813,816,419,em-7c5fdd7af70d,覚醒むりょく,all,N,6,198,89,3,1ターンの間、味方全員の攻撃が2回連続攻撃になる,counteraction,4,0.5,0,0,0,1,0.04,0.87,0.0625,0,0,0.9865,0.000238
580,814,817,504,em-c92854d63199,さんとくんさん,fire,R,8,1200,300,4,水属性の敵全員の攻撃カウントを1増加させる,ignored,4,0.5,0,0,0,1,0.04,0.9,0.0625,0,0,0.9775,0.000236
581,815,818,850,em-1e9e4475c353,ゲラー･ｻﾞ･ｸﾞﾗﾃﾞｨｴｲﾀｰ,fire_wind,MZR,55,3408,5964,2,1ターンの間、水属性の敵に対する味方全員の攻撃力を181%増加させる,counteraction,4,0.5,0,0.25,0,1,0.04,0.89,0.0625,0,0,0.7534,0.000182
582,820,823,420,em-c9268ab25340,大森銀さま,fire,N,10,1600,200,3,1ターンの間、味方全員にダメージを50%軽減するシールドを与える,advantage_creation,4,0.5,0,0,0,1,0.03,0.89,0.0479,0,0,0.9865,0.000238
583,821,824,645,em-595b1ebc9a59,戦え！ブルりん,fire,CR,16,1400,1600,4,1ターンの間、味方全員に水属性の敵からのダメージを50%軽減するシールドを与える,advantage_creation,4,0.5,0,0,0,1,0.03,0.87,0.0479,0,0,0.9493,0.000229
584,822,825,421,em-6c215846fcb0,アン・ごろう,fire_water,N,16,1356,1189,2,1ターンの間、風属性の敵に対する味方全員の攻撃力を230%増加させる,counteraction,4,0.5,0,0,0,1,0.03,0.83,0.0479,0,0,0.9864,0.000238
585,823,826,422,em-df28e035685e,ハル先輩,fire_water,N,11,626,1096,5,味方全員のHPを170%回復する,advantage_creation,4,0.5,0,0,0,1,0.03,0.89,0.0479,0,0,0.9864,0.000238
586,824,827,646,em-2998c94ac8cc,ギガ☆キプちゃん,fire,CR,28,1874,1874,4,2ターンの間、水属性の味方全員の攻撃が3回連続攻撃になる,counteraction,4,0.5,0,0,0,1,0.03,0.9,0.0479,0,0,0.949,0.000229
587,825,828,507,em-587d1ec0e30f,偉人さんトーマスん,fire,R,14,1359,2038,2,2ターンの間、自身の属性を水属性に変更する,adaptive,4,0.5,0,0,0,1,0.03,0.97,0.0479,0,0,0.9772,0.000236
588,832,50,160,em-7941e8376c00,堕楽・ぴよボロス,fire,ZR,46,756,7572,4,5ターンの間、自身の攻撃力を120%増加させる,counteraction,4,0.5,0,0,0,1,0.02,0.96,0.0325,0,0.75,0.874,0.001355
589,833,835,508,em-b34fc14eb133,ピカリャーは眠らない,fire,R,10,800,1000,5,1ターンの間、自身の攻撃が3回連続攻撃になる,counteraction,4,0.5,0,0,0,1,0.02,0.97,0.0325,0,0,0.9771,0.000236
590,834,836,510,em-fea44f2a7dd8,だが男だ彦にゃん,fire_water,R,15,2793,1132,3,火属性の味方全員のスキルカウントを1減少させる,ignored,4,0.5,0,0,0,1,0.02,0.95,0.0325,0,0,0.977,0.000236
591,835,837,851,em-d72497692e5c,バリ……トゥンク…王,fire_wind,MZR,41,1530,5279,0,1ターンの間、攻撃を自身に集中させる(50%カット),advantage_creation,4,0.5,0,1,1,1,0.02,0.85,0.0325,0,0,0.7498,0.000181
592,479,505,423,em-c687e673c7ff,有馬ん,fire,N,4,285,317,7,火属性の味方全員のHPを50%回復する,advantage_creation,4,0.375,0,0,0,1,0.13,0.9,0.1609,0,0,0.9862,0.000238
593,480,506,852,em-81078d011501,年齢不詳！エンゼル様,all,MZR,22,2215,3237,3,水属性の味方全員のHPを111%回復する,advantage_creation,4,0.375,0,0,0,1,0.13,0.95,0.1609,0,0,0.749,0.000181
594,481,507,915,em-962f1faafed7,三貴子アマテラス,fire_water,伝,75,10309,5112,5,死亡している味方全員を20%のHPで蘇らせる,advantage_creation,4,0.375,0,0,0,1,0.13,0.91,0.1609,0,0,0.2611,0.000063
595,482,508,511,em-739aae6480ff,男前やできっしん,fire,R,14,755,2605,4,2ターンの間、自身の攻撃力を300%増加させる,counteraction,4,0.375,0,0,0,1,0.13,0.97,0.1609,0,0,0.9768,0.000236
596,485,511,647,em-149e96a7721b,大黒まはーかーらん,fire,CR,20,2576,2737,10,1ターンの間、味方全員の攻撃力を400%増加させる,counteraction,4,0.375,0,0,0,1,0.13,0.89,0.1609,0,0,0.9481,0.000229
597,486,512,512,em-c623973fc8a5,うおぬまンダーＲ上Ｘ,fire,R,15,1208,2567,4,2ターンの間、自身の攻撃が全体攻撃になる,counteraction,4,0.375,0,0,0,1,0.13,0.93,0.1609,0,0,0.9767,0.000236
598,487,513,766,em-05de078a2e7c,幼妻！エンゼルちゃん,all,ZR,22,1993,2913,3,水属性の味方全員のHPを100%回復する,advantage_creation,4,0.375,0,0,0,1,0.13,0.89,0.1609,0,0,0.8719,0.00021
599,520,85,208,em-062228a8b4d2,キャニオン雄大,fire,CR,25,2737,2737,5,4ターンの間、火属性の味方全員の攻撃力を120%増加させる,counteraction,4,0.375,0,0,0,1,0.12,0.9,0.1515,0,0.25,0.9479,0.000685
600,521,86,224,em-67c9c425e81c,大いなる奇なる皇女,fire,MZR,60,4260,4260,5,4ターンの間、水属性の味方全員の攻撃が5回連続攻撃になる,counteraction,4,0.375,0,0,0,1,0.12,0.93,0.1515,0,0.25,0.7465,0.00053
601,523,540,767,em-dbd545e946e6,嫁劇！くーにゃん,fire,ZR,40,2556,6816,4,1ターンの間、火属性の味方全員の攻撃力を150%増加させる,counteraction,4,0.375,0,0,0,1,0.12,0.84,0.1515,0,0,0.8713,0.00021
602,524,541,648,em-2def672b1533,バターリャ後悔王子,fire,CR,30,3213,3213,3,2ターンの間、味方全員に水属性の敵からのダメージを85%軽減するシールドを与える,advantage_creation,4,0.375,0,0,0,1,0.12,0.93,0.1515,0,0,0.9476,0.000229
603,526,543,768,em-b8872ecc31c1,オバケな☆らんちぇん,fire,ZR,31,1533,5367,5,1ターンの間、火属性の攻撃をリーダーに集中させる(95%カット),advantage_creation,4,0.375,0,0,0,1,0.12,0.88,0.1515,0,0,0.8709,0.00021
604,530,547,649,em-285a6b18bfb1,いろはの曙ちゃん,fire_water,CR,18,2705,2705,0,自身のHPを50%回復する,advantage_creation,4,0.375,0,1,1,1,0.12,0.91,0.1515,0,0,0.9474,0.000229
605,534,551,424,em-5a100f5215c1,オリバーTHEトイ,fire_wind,N,6,300,600,3,2ターンの間、自身の攻撃力を50%増加させる,counteraction,4,0.375,0,0,0,1,0.12,0.9,0.1515,0,0,0.9858,0.000238
606,536,553,769,em-9d7275c7d84e,ハンドさんの匍匐前進,fire,ZR,27,1840,3220,3,2ターンの間、味方全員にダメージを50%軽減するシールドを与える,advantage_creation,4,0.375,0,0,0,1,0.12,0.97,0.1515,0,0,0.8703,0.00021
607,537,554,770,em-6aaeda4f2f3a,ギガキプ☆アガッシイ,fire,ZR,35,2726,2726,4,3ターンの間、水属性の味方全員の攻撃が3回連続攻撃になる,counteraction,4,0.375,0,0,0,1,0.12,0.91,0.1515,0,0,0.87,0.00021
608,538,555,853,em-7419b64dec0e,天の飛龍巻,all,MZR,42,5623,3748,2,1ターンの間、味方全員の属性を風属性に変更する,adaptive,4,0.375,0,0.25,0,1,0.12,0.9,0.1515,0,0,0.7435,0.000179
609,539,556,650,em-309fbe104636,いーびルン,fire,CR,15,2254,2576,7,2ターンの間、攻撃をリーダーに集中させる(95%カット),advantage_creation,4,0.375,0,0,0,1,0.12,0.93,0.1515,0,0,0.947,0.000229
610,543,560,651,em-3a0ce37a12ff,おこしんMK-2,fire,CR,8,1510,2265,4,1ターンの間、自身の攻撃が2回連続攻撃になる,counteraction,4,0.375,0,0,0,1,0.12,0.86,0.1515,0,0,0.9469,0.000229
611,562,88,226,em-2b9338d5254c,電撃のびゃ子,fire,MZR,58,2641,6219,0,2ターンの間、水属性の敵に対する自身の攻撃力を39%増加させる,counteraction,4,0.375,0,1,1,1,0.11,0.91,0.1418,0,0.25,0.7424,0.000507
612,564,581,426,em-6c82396ace3f,マッシブ☆ばん馬ばん,fire,N,7,800,450,3,1ターンの間、風属性の敵に対する自身の攻撃力を1250%増加させる,counteraction,4,0.375,0,0,0,1,0.11,0.91,0.1418,0,0,0.9856,0.000238
613,565,582,519,em-090474161194,オム・オクト・パッス,fire,R,12,888,900,5,味方全員のHPを88%回復する,advantage_creation,4,0.375,0,0,0,1,0.11,0.91,0.1418,0,0,0.9759,0.000236
614,568,585,854,em-109e54a3645a,グラン・プラスの魔女,fire,MZR,38,1499,3404,3,1ターンの間、攻撃を自身に集中させる(96%カット),advantage_creation,4,0.375,0,0,0,1,0.11,0.92,0.1418,0,0,0.7413,0.000179
615,569,586,771,em-42c90dd17240,GSPS！秀郷先生,fire_water,ZR,34,3578,4601,2,2ターンの間、風属性の敵に対する自身の攻撃力を240%増加させる,counteraction,4,0.375,0,0,0,1,0.11,0.91,0.1418,0,0,0.8683,0.00021
616,570,587,772,em-e36d35de9441,青谷やよい,fire_wind,ZR,42,3578,3374,4,1ターンの間、自身に水属性の敵からのダメージを99%軽減するシールドを与える,advantage_creation,4,0.375,0,0,0,1,0.11,0.94,0.1418,0,0,0.8681,0.00021
617,571,588,855,em-1ad78d7d3c2f,狐仮面,fire,MZR,22,2215,1789,4,死亡している味方全員を1%のHPで蘇らせる,advantage_creation,4,0.375,0,0,0,1,0.11,0.9,0.1418,0,0,0.7401,0.000179
618,572,589,652,em-942c8f8de44d,エンゼルちゃん,all,CR,22,1772,2590,3,水属性の味方全員のHPを90%回復する,advantage_creation,4,0.375,0,0,0,1,0.11,0.9,0.1418,0,0,0.9462,0.000228
619,573,590,773,em-28a4ccf4cbfc,ステンバーイちび蔵,fire_water,ZR,24,596,3748,4,死亡している水属性の味方全員を30%のHPで蘇らせる,advantage_creation,4,0.375,0,0,0,1,0.11,0.91,0.1418,0,0,0.8675,0.000209
620,576,593,856,em-98730869df6a,朱染めの夏炎・朱雀,fire,MZR,70,5282,6475,3,2ターンの間、風属性の敵に対する味方全員の攻撃力を200%増加させる,counteraction,4,0.375,0,0,0,1,0.11,0.91,0.1418,0,0,0.739,0.000178
621,577,594,857,em-32f5c4968406,正月カナちゃん。,all,MZR,66,5282,5282,6,死亡している風属性の味方全員を140%のHPで蘇らせる,advantage_creation,4,0.375,0,0,0,1,0.11,0.92,0.1418,0,0,0.7386,0.000178
622,578,595,858,em-237ca774c5e5,ルナプリ☆かぐや様,all,MZR,66,8861,1584,1,1ターンの間、自身の攻撃が全体攻撃になる,counteraction,4,0.375,0,1,0,1,0.11,0.92,0.1418,0,0,0.7383,0.000178
623,579,596,774,em-9cbbb04818bd,シミ,all,ZR,20,1704,2215,4,味方全員のHPを200%回復する,advantage_creation,4,0.375,0,0,0,1,0.11,0.94,0.1418,0,0,0.8666,0.000209
624,580,597,775,em-c46238c7c677,ケラ,fire,ZR,70,3067,7157,3,2ターンの間、火属性の味方全員の攻撃力を100%増加させる,counteraction,4,0.375,0,0,0,1,0.11,0.91,0.1418,0,0,0.8664,0.000209
625,583,600,653,em-e42e99273751,輪島のうるっしー,fire,CR,12,1200,500,4,1ターンの間、攻撃を自身に集中させる(70%カット),advantage_creation,4,0.375,0,0,0,1,0.11,0.94,0.1418,0,0,0.9455,0.000228
626,586,603,776,em-76691ebd833d,特攻のびゃこ,fire,ZR,38,2641,6219,2,1ターンの間、水属性の敵に対する自身の攻撃力を999%増加させる,counteraction,4,0.375,0,0,0,1,0.11,0.88,0.1418,0,0,0.866,0.000209
627,587,604,777,em-5976d2863ad8,タオるんGT,fire,ZR,32,4260,4732,14,3ターンの間、攻撃を自身に集中させる(100%カット),advantage_creation,4,0.375,0,0,0,1,0.11,0.91,0.1418,0,0,0.8658,0.000209
628,588,605,859,em-58dbb7bc9653,六点魔王ノッブ,fire_water,MZR,58,3408,5964,3,2ターンの間、水属性の味方全員の攻撃が2回連続攻撃になる,counteraction,4,0.375,0,0,0,1,0.11,0.91,0.1418,0,0,0.736,0.000178
629,589,606,860,em-9fe53d26e9cb,ロイ・マタ先輩,fire,MZR,46,2726,6816,3,2ターンの間、火属性の味方全員の攻撃が2回連続攻撃になる,counteraction,4,0.375,0,0,0,1,0.11,0.86,0.1418,0,0,0.7356,0.000178
630,590,607,861,em-5d34c0af44dd,白兎神★ばうあー,fire,MZR,72,3878,5487,3,火属性の味方全員のスキルカウントを2減少させる,ignored,4,0.375,0,0,0,1,0.11,0.94,0.1418,0,0,0.7352,0.000177
631,591,608,778,em-57768559e8b8,旋律！タコ幼女,fire,ZR,39,1533,4601,5,火属性の味方全員のHPを180%回復する,advantage_creation,4,0.375,0,0,0,1,0.11,0.91,0.1418,0,0,0.8649,0.000209
632,592,609,862,em-4805525cb8a4,ｴﾝｾﾞﾘｯｸ☆エンゼル,all,MZR,60,6816,4771,3,自身のHPを200%回復する,advantage_creation,4,0.375,0,0,0,1,0.11,0.9,0.1418,0,0,0.7344,0.000177
633,593,610,863,em-337e85c2cd90,ユーコ☆スターダスト,all,MZR,60,6053,4354,4,死亡している風属性の味方全員を40%のHPで蘇らせる,advantage_creation,4,0.375,0,0,0,1,0.11,0.92,0.1418,0,0,0.7341,0.000177
634,595,612,864,em-5a047ed41d97,KJの少女Hi児,all,MZR,48,4941,3919,5,2ターンの間、味方全員の攻撃が3回連続攻撃になる,counteraction,4,0.375,0,0,0,1,0.11,0.88,0.1418,0,0,0.7337,0.000177
635,596,613,865,em-40bd3b1e44fa,五月病の悪魔の契約,fire_water,MZR,55,4123,4226,4,2ターンの間、水属性の味方全員の攻撃が全体攻撃になる,counteraction,4,0.375,0,0,0,1,0.11,0.92,0.1418,0,0,0.7333,0.000177
636,603,620,866,em-40350463a9fa,ハンドさんは泳がない,fire,MZR,27,2044,3578,3,2ターンの間、味方全員にダメージを56%軽減するシールドを与える,advantage_creation,4,0.375,0,0,0,1,0.1,0.88,0.1316,0,0,0.7329,0.000177
637,604,621,867,em-3e2d46063b3e,なっとくん様,all,MZR,70,8026,4618,1,リーダーのスキルカウントを1減少させる,ignored,4,0.375,0,0,0,1,0.1,0.9,0.1316,0,0,0.7325,0.000177
638,605,622,654,em-eece08d90093,罠なくトロイ先輩,fire,CR,18,4830,16,4,1ターンの間、火属性の味方全員の攻撃が5回連続攻撃になる,counteraction,4,0.375,0,0,0,1,0.1,0.89,0.1316,0,0,0.9443,0.000228
639,606,623,868,em-73250febc8f5,財閥だ浅ちゃん！,fire,MZR,38,2556,7327,4,3ターンの間、自身の攻撃が4回連続攻撃になる,counteraction,4,0.375,0,0,0,1,0.1,0.91,0.1316,0,0,0.7317,0.000177
640,607,624,779,em-1e4dd5118669,三春瀧さくら,fire_wind,ZR,38,3919,3408,4,1ターンの間、味方全員に水属性の敵からのダメージを50%軽減するシールドを与える,advantage_creation,4,0.375,0,0,0,1,0.1,0.94,0.1316,0,0,0.8629,0.000208
641,608,625,869,em-bc5f259cf576,まさか殿(微マジ),all,MZR,60,5453,6305,7,1ターンの間、自身の攻撃が40回連続攻撃になる,counteraction,4,0.375,0,0,0,1,0.1,0.92,0.1316,0,0,0.731,0.000176
642,609,626,780,em-814b464a2192,ナナホシ,fire,ZR,50,5044,5044,3,味方全員のスキルカウントを1減少させる,ignored,4,0.375,0,0,0,1,0.1,0.93,0.1316,0,0,0.8625,0.000208
643,610,627,916,em-4c03ad40dce9,源のゴライコー,all,伝,75,7923,6390,4,3ターンの間、自身の攻撃力を500%増加させる,counteraction,4,0.375,0,0,0,1,0.1,0.92,0.1316,0,0,0.2461,0.000059
644,616,44,156,em-f565b0314902,覚醒大氷怪・雪愛,fire_wind,ZR,37,4345,4515,1,2ターンの間、自身の属性を水属性に変更する,adaptive,4,0.375,0,1,0,1,0.09,0.95,0.121,0,0.75,0.862,0.001548
645,617,633,432,em-b0564825039b,わんこールそば,fire,N,3,200,300,3,味方全員のHPを15%回復する,advantage_creation,4,0.375,0,0,0,1,0.09,0.94,0.121,0,0,0.9845,0.000238
646,619,635,433,em-c749ad6eefee,トーテムゆ～る,fire_wind,N,16,1413,1201,3,火属性の敵全員の攻撃カウントを1増加させる,ignored,4,0.375,0,0,0,1,0.09,0.85,0.121,0,0,0.9845,0.000238
647,620,636,781,em-5ad05ec11a09,三連星のオコオコ,fire_wind,ZR,37,3834,3834,3,2ターンの間、水属性の味方全員の攻撃が3回連続攻撃になる,counteraction,4,0.375,0,0,0,1,0.09,0.92,0.121,0,0,0.8614,0.000208
648,54,657,167,em-6885c7d684d6,雪の美女と魔獣,fire_water,MZR,52,4304,3016,1,自身のHPを220%回復する,advantage_creation,4,0.375,0,1,0,1,0.08,0.93,0.1099,0.25,0,0.7282,0.001258
649,646,661,656,em-6f8dfc0a39eb,近すぎリオンさん,fire,CR,16,1000,1500,4,風属性の敵全員の攻撃カウントを1増加させる,ignored,4,0.375,0,0,0,1,0.08,0.93,0.1099,0,0,0.9433,0.000228
650,649,664,870,em-404f12535630,祇園祭の素戔嗚さま,fire_wind,MZR,88,5964,6390,2,2ターンの間、自身の攻撃が2回連続攻撃になる,counteraction,4,0.375,0,0,0,1,0.08,0.89,0.1099,0,0,0.7274,0.000176
651,652,667,871,em-f7f78d464e92,ウミウサーヌ,all,MZR,60,3408,4601,3,1ターンの間、攻撃を自身に集中させる(92%カット),advantage_creation,4,0.375,0,0,0,1,0.08,0.96,0.1099,0,0,0.727,0.000175
652,653,668,917,em-9667a89799b5,冬の双子姫,all,伝,77,9628,4686,2,1ターンの間、味方全員にダメージを50%軽減するシールドを与える,advantage_creation,4,0.375,0,0,0,1,0.08,0.96,0.1099,0,0,0.2432,0.000059
653,655,670,872,em-7fe5a2875793,米倉英子(大学生),all,MZR,55,1,1,555,1ターンの間、自身の攻撃力を55555%増加させる,counteraction,4,0.375,0,0,0,1,0.08,0.91,0.1099,0,0,0.7262,0.000175
654,668,28,109,em-4d6fe3f2c9ae,くーさん,fire,N,3,300,400,4,1ターンの間、味方全員の攻撃力を30%増加させる,counteraction,4,0.375,0,0.25,0,1,0.07,0.96,0.0983,0,1,0.9843,0.002654
655,669,45,165,em-c358b6553866,ご機嫌斜めのウィーン様,all,MZR,58,4941,2896,5,3ターンの間、味方全員の攻撃力を150%増加させる,counteraction,4,0.375,0,0,0,1,0.07,0.95,0.0983,0,0.75,0.7255,0.001271
656,671,685,529,em-233989ddac07,法隆寺博士,fire,R,4,480,220,6,1ターンの間、攻撃を自身に集中させる(70%カット),advantage_creation,4,0.375,0,0,0,1,0.07,0.83,0.0983,0,0,0.9737,0.000235
657,675,689,531,em-0b273c3da2d3,ぴぐぺん＆びぐべん,fire_water,R,12,700,900,2,1ターンの間、水属性の敵に対する自身の攻撃力を150%増加させる。,counteraction,4,0.375,0,0,0,1,0.07,0.96,0.0983,0,0,0.9736,0.000235
658,677,691,657,em-e6cd26662fe8,クイーン・ク・うぃーん,fire,CR,15,1500,1500,4,2ターンの間、味方全員の属性を火属性に変更する,adaptive,4,0.375,0,0,0,1,0.07,0.95,0.0983,0,0,0.9424,0.000227
659,679,693,783,em-80d193bc7d7f,あ、シュールさんだ。,fire,ZR,43,3408,5112,6,死亡している味方全員を101%のHPで蘇らせる,advantage_creation,4,0.375,0,0,0,1,0.07,0.92,0.0983,0,0,0.8587,0.000207
660,680,694,873,em-8038935d7100,竜宮の翁,fire,MZR,38,4771,3748,2,3ターンの間、自身の攻撃力を100%増加させる,counteraction,4,0.375,0,0.25,0,1,0.07,0.9,0.0983,0,0,0.7235,0.000175
661,681,695,658,em-301c11f4a1d7,ウサポワンちゃん,all,CR,20,1363,2317,3,1ターンの間、攻撃を自身に集中させる(85%カット),advantage_creation,4,0.375,0,0,0,1,0.07,0.92,0.0983,0,0,0.9421,0.000227
662,682,696,874,em-b791d78202d5,英国面の本気,fire_water,MZR,38,6816,1363,5,1ターンの間、風属性の味方全員の攻撃が9回連続攻撃になる,counteraction,4,0.375,0,0,0,1,0.07,0.93,0.0983,0,0,0.7227,0.000174
663,683,697,875,em-773b001a1189,おづぬ様,fire_water,MZR,60,4260,6816,5,4ターンの間、リーダーの攻撃力を555%増加させる,counteraction,4,0.375,0,0,0,1,0.07,0.91,0.0983,0,0,0.7223,0.000174
664,684,698,435,em-4442b5ee096e,朱雀むりょく,all,N,5,165,165,6,死亡している味方全員を5%のHPで蘇らせる,advantage_creation,4,0.375,0,0,0,1,0.07,0.89,0.0983,0,0,0.9839,0.000237
665,685,699,876,em-5b1667b398d0,?????,fire,MZR,46,4430,5112,2,1ターンの間、自身の攻撃が4回連続攻撃になる,counteraction,4,0.375,0,0,0,1,0.07,0.89,0.0983,0,0,0.7214,0.000174
666,687,701,436,em-41ff91d7d090,有馬スター,fire,N,9,1159,1244,4,火属性の味方全員のHPを80%回復する,advantage_creation,4,0.375,0,0,0,1,0.07,0.93,0.0983,0,0,0.9839,0.000237
667,688,702,437,em-7a89b660417d,くーちゃん,fire,N,5,400,500,4,1ターンの間、味方全員の攻撃力を40%増加させる,counteraction,4,0.375,0,0,0,1,0.07,0.87,0.0983,0,0,0.9838,0.000237
668,690,704,536,em-4ccfc2b986b5,舞え！どんちっちん,fire,R,8,900,600,8,2ターンの間、味方全員の攻撃が全体攻撃になる,counteraction,4,0.375,0,0,0,1,0.07,0.89,0.0983,0,0,0.973,0.000235
669,691,705,438,em-de449f69edb5,タミフルニキ,fire_wind,N,14,1257,1147,3,2ターンの間、味方全員に水属性の敵からのダメージを80%軽減するシールドを与える,advantage_creation,4,0.375,0,0,0,1,0.07,0.88,0.0983,0,0,0.9838,0.000237
670,693,707,784,em-59636157ae2e,コーベンパイア天爵,fire_water,ZR,45,5282,1757,2,2ターンの間、味方全員に火属性の敵からのダメージを33%軽減するシールドを与える,advantage_creation,4,0.375,0,0,0,1,0.07,0.92,0.0983,0,0,0.8562,0.000207
671,702,1,59,em-480a0eef6d7b,ピカリャー射的ｽﾀｲﾙ,fire_water,ZR,45,3786,3786,2,1ターンの間、自身の攻撃が全体攻撃になる,counteraction,4,0.375,0,0,0,1,0.06,0.97,0.0862,0,1.5,0.8559,0.004752
672,705,30,118,em-09c253fd0a61,オリバーTHEドッグ,fire_wind,N,5,200,500,3,2ターンの間、自身の攻撃力を25%増加させる,counteraction,4,0.375,0,0.25,0,1,0.06,0.96,0.0862,0,1,0.9837,0.002518
673,706,46,150,em-71b88b3e60d7,迷菓ぴよ子,fire,R,4,346,356,5,1ターンの間、火属性の味方全員の攻撃力を50%増加させる,counteraction,4,0.375,0,0,0,1,0.06,0.92,0.0862,0,0.75,0.9727,0.001663
674,708,48,152,em-40f4824b1c65,芋煮千十郎,fire,N,9,1901,502,4,1ターンの間、火属性の味方全員の攻撃が2回連続攻撃になる,counteraction,4,0.375,0,0,0,1,0.06,0.95,0.0862,0,0.75,0.9836,0.001601
675,709,49,155,em-ce589bb8d6d8,鳴子さん,fire,N,5,400,400,7,1ターンの間、火属性の味方全員の攻撃が全体攻撃になる,counteraction,4,0.375,0,0,0,1,0.06,0.9,0.0862,0,0.75,0.9836,0.001563
676,710,90,213,em-0f4d66009260,叡智通,fire,N,4,280,332,4,1ターンの間、火属性の味方全員の攻撃力を40%増加させる,counteraction,4,0.375,0,0,0,1,0.06,0.89,0.0862,0,0.25,0.9835,0.000648
677,712,717,659,em-fa09a3c6aeb6,アイヤーさん,fire,CR,8,314,913,5,1ターンの間、自身の攻撃力を100%増加させる,counteraction,4,0.375,0,0,0,1,0.06,0.95,0.0862,0,0,0.9405,0.000227
678,713,718,537,em-0a74c35caba2,畳リーゼント総長,fire,R,10,512,912,4,1ターンの間、リーダーの攻撃力を200%増加させる,counteraction,4,0.375,0,0.25,0,1,0.06,0.91,0.0862,0,0,0.9725,0.000235
679,717,722,439,em-82f2d0dfc734,マジでたっくん,fire,N,6,295,885,5,1ターンの間、自身の攻撃力を200%増加させる,counteraction,4,0.375,0,0,0,1,0.06,0.94,0.0862,0,0,0.9834,0.000237
680,718,723,660,em-fd76872dafaf,くまのたん,fire,CR,8,300,920,3,1ターンの間、自身の攻撃力を200%増加させる,counteraction,4,0.375,0,0,0,1,0.06,0.9,0.0862,0,0,0.9402,0.000227
681,719,724,661,em-d6397e37a32d,三山くまのたん,fire,CR,17,500,1900,3,1ターンの間、自身の攻撃力を200%増加させる,counteraction,4,0.375,0,0,0,1,0.06,0.93,0.0862,0,0,0.9401,0.000227
682,720,725,662,em-e44c80aa58d3,二条嬢,fire,CR,8,620,600,2,1ターンの間、水属性の攻撃を自身に集中させる(60%カット),advantage_creation,4,0.375,0,0,0,1,0.06,0.87,0.0862,0,0,0.94,0.000227
683,722,727,441,em-f2bb13033bf0,鳴子ちゃん,fire,N,3,300,300,8,1ターンの間、火属性の味方全員の攻撃が全体攻撃になる,counteraction,4,0.375,0,0,0,1,0.06,0.9,0.0862,0,0,0.9833,0.000237
684,723,728,442,em-fb5bfa8a3429,ひろしマン,fire,N,4,300,300,3,火属性の味方全員のHPを30%回復する,advantage_creation,4,0.375,0,0,0,1,0.06,0.92,0.0862,0,0,0.9833,0.000237
685,724,729,443,em-5053fe8d941b,カカカのカ二郎,fire,N,3,400,300,5,風属性の敵全員の攻撃カウントを1増加させる,ignored,4,0.375,0,0,0,1,0.06,0.94,0.0862,0,0,0.9832,0.000237
686,726,731,538,em-900c465878ea,たたらん先生,fire,R,12,800,600,3,1ターンの間、味方全員の攻撃力を30%増加させる,counteraction,4,0.375,0,0,0,1,0.06,0.91,0.0862,0,0,0.972,0.000235
687,727,732,444,em-4a86c88e71a1,デンマーくん,fire,N,3,600,300,3,1ターンの間、攻撃を自身に集中させる(70%カット),advantage_creation,4,0.375,0,0.75,0,1,0.06,0.94,0.0862,0,0,0.9832,0.000237
688,728,733,445,em-cf71633a3be4,真・やよいチゥりっぷ,fire,N,12,1500,300,3,1ターンの間、味方全員の属性を水属性に変更する,adaptive,4,0.375,0,0,0,1,0.06,0.94,0.0862,0,0,0.9831,0.000237
689,729,734,663,em-34a894a8519d,ロロ先輩,fire,CR,16,1100,1400,6,死亡している火属性の味方全員を50%のHPで蘇らせる,advantage_creation,4,0.375,0,0,0,1,0.06,0.92,0.0862,0,0,0.9393,0.000227
690,730,735,540,em-fe08214f98fe,さるぼぼん,fire,R,6,400,600,6,1ターンの間、自身の攻撃が全体攻撃になる,counteraction,4,0.375,0,0,0,1,0.06,0.88,0.0862,0,0,0.9718,0.000235
691,731,736,447,em-220d63bfc07c,ハントンくん,fire,N,3,350,500,8,1ターンの間、味方全員の攻撃が2回連続攻撃になる,counteraction,4,0.375,0,0,0,1,0.06,0.89,0.0862,0,0,0.983,0.000237
692,732,737,541,em-036ee10985c7,大正義！反魂タン,fire,R,7,800,1000,4,死亡している風属性の味方全員を90%のHPで蘇らせる,advantage_creation,4,0.375,0,0,0,1,0.06,0.92,0.0862,0,0,0.9717,0.000235
693,733,738,449,em-401fb8fe2284,S.K.O.Tちゃん,fire,N,3,750,200,6,味方全員のHPを40%回復する,advantage_creation,4,0.375,0,0,0,1,0.06,0.9,0.0862,0,0,0.983,0.000237
694,734,739,664,em-2f3689f15f09,ブルりん,fire,CR,8,800,1000,6,1ターンの間、味方全員に水属性の敵からのダメージを50%軽減するシールドを与える,advantage_creation,4,0.375,0,0,0,1,0.06,0.92,0.0862,0,0,0.9388,0.000227
695,735,740,665,em-6a28c73fe6b3,はーい竜馬,fire,CR,8,900,900,3,1ターンの間、自身の攻撃力を100%増加させる,counteraction,4,0.375,0,0,0,1,0.06,0.92,0.0862,0,0,0.9387,0.000227
696,736,741,542,em-b68e81559a03,ピカリャー,fire,R,6,400,600,7,1ターンの間、自身の攻撃が3回連続攻撃になる,counteraction,4,0.375,0,0,0,1,0.06,0.94,0.0862,0,0,0.9714,0.000234
697,737,742,666,em-983228ce32d4,あっしゅTHEｷｬｯﾄ,fire_water,CR,8,1300,500,5,1ターンの間、火属性の攻撃を自身に集中させる(20%カット),advantage_creation,4,0.375,0,0,0,1,0.06,0.92,0.0862,0,0,0.9385,0.000227
698,738,743,543,em-124dc5391da9,オクト・パップ,fire,R,6,888,200,6,味方全員のHPを88%回復する,advantage_creation,4,0.375,0,0,0,1,0.06,0.96,0.0862,0,0,0.9713,0.000234
699,740,745,877,em-09abce425d92,超悦者・有砂小町,all,MZR,60,5453,5453,5,3ターンの間、味方全員の属性を全属性(3色混合)に変更する,adaptive,4,0.375,0,0,0,1,0.06,0.92,0.0862,0,0,0.7073,0.000171
700,741,746,878,em-3b47fb031e0a,上京！世界師匠,fire,MZR,36,1704,4260,4,3ターンの間、自身の攻撃が3回連続攻撃になる,counteraction,4,0.375,0,0,0,1,0.06,0.91,0.0862,0,0,0.7069,0.000171
701,742,747,667,em-9f9bdf00a915,ハンドフィッシュさん,fire,CR,27,1635,2862,3,1ターンの間、味方全員にダメージを62%軽減するシールドを与える,advantage_creation,4,0.375,0,0,0,1,0.06,0.92,0.0862,0,0,0.9381,0.000226
702,743,748,787,em-db7ee0abcada,ＫＲ２ジョーの戦い,fire,ZR,30,2385,4601,3,1ターンの間、自身に火属性の敵からのダメージを95%軽減するシールドを与える,advantage_creation,4,0.375,0,0.25,0,1,0.06,0.95,0.0862,0,0,0.8486,0.000205
703,746,751,451,em-4ea698949c11,侵略成功!?イカ翁,fire_water,N,20,1131,1272,2,死亡している風属性の味方全員を1%のHPで蘇らせる,advantage_creation,4,0.375,0,0,0,1,0.06,0.93,0.0862,0,0,0.9826,0.000237
704,751,756,668,em-67aa8e3ee215,川越料理長,fire,CR,17,1175,3655,4,1ターンの間、風属性の敵に対する味方全員の攻撃力を250%増加させる,counteraction,4,0.375,0,0.25,0,1,0.06,0.91,0.0862,0,0,0.9378,0.000226
705,753,758,545,em-0ccc51b405ca,初代畳リーゼント,fire,R,13,1045,2258,4,1ターンの間、リーダーの攻撃力を300%増加させる,counteraction,4,0.375,0,0,0,1,0.06,0.94,0.0862,0,0,0.9709,0.000234
706,754,759,669,em-72dbaccf035d,新・ＪＡＸＡイル,fire,CR,12,516,1106,6,2ターンの間、自身の攻撃が3回連続攻撃になる,counteraction,4,0.375,0,0,0,1,0.06,0.94,0.0862,0,0,0.9375,0.000226
707,755,760,670,em-b90efc9e636b,婆娑羅でどーよ,fire,CR,18,1046,4105,4,2ターンの間、風属性の敵に対する自身の攻撃力を500%増加させる,counteraction,4,0.375,0,0,0,1,0.06,0.89,0.0862,0,0,0.9374,0.000226
708,756,761,546,em-c57874d99dcd,三重子大先生,fire,R,11,1699,1699,1,1ターンの間、味方全員の属性を火属性に変更する,adaptive,4,0.375,0,0.5,0,1,0.06,0.9,0.0862,0,0,0.9707,0.000234
709,757,762,671,em-786d95001098,可憐な二条嬢,fire,CR,12,810,790,2,1ターンの間、水属性の攻撃を自身に集中させる(70%カット),advantage_creation,4,0.375,0,0,0,1,0.06,0.97,0.0862,0,0,0.9372,0.000226
710,758,763,547,em-ea000314e767,ＫＲ２ジョー少佐,fire,R,13,921,2476,3,2ターンの間、風属性の敵に対する自身の攻撃力を500%増加させる,counteraction,4,0.375,0,0,0,1,0.06,0.95,0.0862,0,0,0.9706,0.000234
711,760,765,453,em-bca7c94c15fe,ひろしマンＲ,fire,N,10,1128,1128,2,火属性の味方全員のHPを35%回復する,advantage_creation,4,0.375,0,0,0,1,0.06,0.89,0.0862,0,0,0.9823,0.000237
712,761,766,548,em-64f8ad5111a6,マッキニキ,fire,R,9,1000,500,4,2ターンの間、味方全員に水属性の敵からのダメージを60%軽減するシールドを与える,advantage_creation,4,0.375,0,0,0,1,0.06,0.92,0.0862,0,0,0.9705,0.000234
713,764,769,672,em-c08850a0aec0,いなば☆うわぁああ！,fire,CR,20,2579,3220,4,火属性の味方全員のスキルカウントを2減少させる,ignored,4,0.375,0,0,0,1,0.06,0.91,0.0862,0,0,0.9368,0.000226
714,765,770,454,em-37ab32b36f96,ハントンさん,fire,N,5,450,650,7,1ターンの間、味方全員の攻撃が2回連続攻撃になる,counteraction,4,0.375,0,0,0,1,0.06,0.89,0.0862,0,0,0.9822,0.000237
715,768,773,549,em-94130e0ff2b5,かずら大先生,fire,R,15,1057,1198,2,1ターンの間、攻撃をリーダーに集中させる(60%カット),advantage_creation,4,0.375,0,0,0,1,0.06,0.93,0.0862,0,0,0.9703,0.000234
716,769,774,455,em-9dc006cdc69c,解決猫キャット,fire,N,5,200,900,1,自身のHPを90%回復する,advantage_creation,4,0.375,0,0,0,1,0.06,0.9,0.0862,0,0,0.9822,0.000237
717,771,776,456,em-28f044d525d7,スーリヤ様が見てる,fire_water,N,7,489,1446,3,味方全員のスキルカウントを1減少させる,ignored,4,0.375,0,0,0,1,0.06,0.92,0.0862,0,0,0.9821,0.000237
718,772,777,550,em-7e70673d97ae,セント・キルダ音楽隊,fire,R,13,1344,1963,0,1ターンの間、水属性の攻撃を自身に集中させる(80%カット),advantage_creation,4,0.375,0,1,1,1,0.06,0.85,0.0862,0,0,0.9701,0.000234
719,775,780,457,em-4c2a43ecd770,ナンマトル君,all,N,14,2115,2115,2,水属性の味方全員のスキルカウントを1減少させる,ignored,4,0.375,0,0,0,1,0.06,0.97,0.0862,0,0,0.9821,0.000237
720,782,91,214,em-4e24a668056b,やよいチゥりっぷ,fire,N,6,900,100,4,1ターンの間、味方全員の属性を水属性に変更する,adaptive,4,0.375,0,0.25,0,1,0.05,0.97,0.0735,0,0.25,0.982,0.000636
721,783,787,458,em-32b98839a4c2,派遣社員だ浅子さん,fire,N,6,380,600,5,1ターンの間、自身の攻撃力を400%増加させる,counteraction,4,0.375,0,0,0,1,0.05,0.89,0.0735,0,0,0.982,0.000237
722,786,790,673,em-9f9a1c0e673f,リアルリオンさん,fire,CR,10,600,1100,5,風属性の敵全員の攻撃カウントを1増加させる,ignored,4,0.375,0,0,0,1,0.05,0.92,0.0735,0,0,0.9358,0.000226
723,787,791,674,em-b7a8623e2b49,のぶくろくん,fire,CR,8,500,700,8,2ターンの間、味方全員の攻撃が全体攻撃になる,counteraction,4,0.375,0,0,0,1,0.05,0.97,0.0735,0,0,0.9357,0.000226
724,789,793,459,em-3ff47465be07,怪傑猫キャット,fire,N,6,250,1100,1,自身のHPを80%回復する,advantage_creation,4,0.375,0,0.25,0,1,0.05,0.92,0.0735,0,0,0.9819,0.000237
725,791,795,675,em-8a847b9e3d1d,アストロ・あっしゅ,fire_water,CR,15,1900,1100,5,1ターンの間、火属性の攻撃を自身に集中させる(40%カット),advantage_creation,4,0.375,0,0,0,1,0.05,0.91,0.0735,0,0,0.9355,0.000226
726,792,796,879,em-bd7b9f8f305f,レドニツェ嬢,fire,MZR,36,6816,2556,0,1ターンの間、風属性の敵に対する自身の攻撃力を160%増加させる,counteraction,4,0.375,0,1,1,1,0.05,0.87,0.0735,0,0,0.6955,0.000168
727,793,797,791,em-a20c59ca87c1,Let's☆ハチ公,fire_water,ZR,33,6560,1448,5,敵全員の攻撃カウントを2増加させる,ignored,4,0.375,0,0,0,1,0.05,0.92,0.0735,0,0,0.8423,0.000203
728,794,798,676,em-549e080062a7,ぶんぶくん,fire,CR,22,1550,895,4,死亡している味方全員を1%のHPで蘇らせる,advantage_creation,4,0.375,0,0,0,1,0.05,0.93,0.0735,0,0,0.9352,0.000226
729,795,799,677,em-10aded4f89d1,ゲイコツガブリムシ,fire,CR,13,820,2300,5,死亡している火属性の味方全員を20%のHPで蘇らせる,advantage_creation,4,0.375,0,0,0,1,0.05,0.91,0.0735,0,0,0.9351,0.000226
730,797,801,461,em-b8d203bbae80,草カロ三郎,fire,N,5,400,400,6,味方全員のHPを40%回復する,advantage_creation,4,0.375,0,0,0,1,0.05,0.93,0.0735,0,0,0.9817,0.000237
731,798,802,678,em-cf865abec5e5,川越マン２世,fire,CR,12,516,1000,4,1ターンの間、風属性の敵に対する味方全員の攻撃力を100%増加させる,counteraction,4,0.375,0,0,0,1,0.05,0.95,0.0735,0,0,0.9348,0.000226
732,799,803,679,em-66a587f1a726,にくぁうさん,fire,CR,12,497,1116,4,1ターンの間、風属性の敵に対する自身の攻撃力を400%増加させる,counteraction,4,0.375,0,0,0,1,0.05,0.94,0.0735,0,0,0.9347,0.000226
733,800,804,462,em-188f3b3f954c,凄ェたっくん,fire,N,8,636,1767,5,2ターンの間、自身の攻撃力を200%増加させる,counteraction,4,0.375,0,0,0,1,0.05,0.94,0.0735,0,0,0.9815,0.000237
734,802,806,553,em-fa255d19986d,出発！えるたそ,fire,R,8,800,700,4,1ターンの間、風属性の敵に対する味方全員の攻撃力を100%増加させる,counteraction,4,0.375,0,0,0,1,0.05,0.92,0.0735,0,0,0.9692,0.000234
735,803,807,554,em-f5eb41dbe671,たたらん先輩,fire,R,9,600,400,4,1ターンの間、味方全員の攻撃力を30%増加させる,counteraction,4,0.375,0,0,0,1,0.05,0.87,0.0735,0,0,0.9691,0.000234
736,805,809,680,em-9164bb93f13d,ロロさん,fire,CR,12,700,1000,7,死亡している火属性の味方全員を40%のHPで蘇らせる,advantage_creation,4,0.375,0,0,0,1,0.05,0.98,0.0735,0,0,0.9343,0.000226
737,806,810,556,em-d86fc6931627,ふくしメイト・じゅん,fire_wind,R,19,1812,1661,3,味方全員のスキルカウントを1減少させる,ignored,4,0.375,0,0,0,1,0.05,0.9,0.0735,0,0,0.969,0.000234
738,807,811,880,em-39a2f0d8ec72,ロードスのエルフ騎士,fire,MZR,44,4430,5623,6,味方全員のスキルカウントを4減少させる,ignored,4,0.375,0,0,0,1,0.05,0.92,0.0735,0,0,0.69,0.000167
739,808,812,918,em-a8e1bfbd68cd,秋のタツタちゃん,fire_water,伝,80,10224,4771,4,2ターンの間、自身の攻撃が8回連続攻撃になる,counteraction,4,0.375,0,0,0,1,0.05,0.87,0.0735,0,0,0.2132,0.000051
740,809,813,465,em-39adadcf380b,朱雀けいび,fire,N,5,305,335,6,死亡している火属性の味方全員を5%のHPで蘇らせる,advantage_creation,4,0.375,0,0,0,1,0.05,0.94,0.0735,0,0,0.9813,0.000237
741,810,814,466,em-1c29986cc8dd,玄武けいび,fire,N,4,315,335,6,2ターンの間、味方全員に火属性の敵からのダメージを40%軽減するシールドを与える,advantage_creation,4,0.375,0,0,0,1,0.05,0.97,0.0735,0,0,0.9812,0.000237
742,816,819,467,em-f7eb502f39f3,芋煮十郎,fire,N,5,580,200,6,1ターンの間、火属性の味方全員の攻撃が2回連続攻撃になる,counteraction,4,0.375,0,0,0,1,0.04,0.88,0.0602,0,0,0.9812,0.000237
743,817,820,881,em-fa2d14d3eb33,大天姿☆ぴよ子,all,MZR,46,7572,756,5,味方全員のスキルカウントを2減少させる,ignored,4,0.375,0,0,0,1,0.04,0.95,0.0602,0,0,0.6877,0.000166
744,818,821,882,em-7f58743c664e,ポリミタス☆おかいこ,fire_water,MZR,34,4771,3069,2,3ターンの間、自身の属性を風属性に変更する,adaptive,4,0.375,0,0,0,1,0.04,0.92,0.0602,0,0,0.6873,0.000166
745,819,822,883,em-54cb13a72721,不思議の海のモヅルン,fire_water,MZR,60,6475,4941,3,1ターンの間、風属性の攻撃を自身に集中させる(92%カット),advantage_creation,4,0.375,0,0,0,1,0.04,0.9,0.0602,0,0,0.6868,0.000166
746,826,829,681,em-e2ba004694cc,ＪＡＸＡイル,fire,CR,8,394,794,6,2ターンの間、自身の攻撃が3回連続攻撃になる,counteraction,4,0.375,0,0,0,1,0.03,0.96,0.0463,0,0,0.9332,0.000225
747,828,831,884,em-0454ff15fbd8,米倉英夫(ゆる),all,MZR,55,1,1,55,55ターンの間、味方全員の属性を全属性(３色混合)に変更する。,adaptive,4,0.375,0,0,0,1,0.03,0.93,0.0463,0,0,0.6858,0.000166
748,829,832,558,em-a6a4e9c825f7,ハズクの姐御,fire,R,14,1359,1510,6,1ターンの間、火属性の味方全員の攻撃が3回連続攻撃になる,counteraction,4,0.375,0,0,0,1,0.03,0.92,0.0463,0,0,0.9683,0.000234
749,830,833,559,em-6e1b672bdbe8,いやひこにゃん,fire,R,18,2718,1057,3,火属性の敵全員の攻撃カウントを1増加させる,ignored,4,0.375,0,0,0,1,0.03,0.9,0.0463,0,0,0.9682,0.000234
750,831,834,560,em-2a2200aaa8bd,バロック神父そん,fire,R,18,1993,1812,6,1ターンの間、火属性の攻撃を自身に集中させる(95%カット),advantage_creation,4,0.375,0,0,0,1,0.03,0.92,0.0463,0,0,0.9682,0.000234
751,837,838,562,em-0828dfd9c618,トーマスん,fire,R,8,560,645,5,1ターンの間、自身の属性を水属性に変更する,adaptive,4,0.375,0,0,0,1,0.02,0.97,0.0316,0,0,0.9681,0.000234
752,838,839,563,em-69c72b6c10d2,紳士なトーマスん,fire,R,12,765,835,3,1ターンの間、自身の属性を水属性に変更する,adaptive,4,0.375,0,0,0,1,0.02,0.83,0.0316,0,0,0.968,0.000234
753,839,840,469,em-75066f4bfd55,くーにょん,fire,N,6,600,700,4,1ターンの間、味方全員の攻撃力を60%増加させる,counteraction,4,0.375,0,0.25,0,1,0.02,0.93,0.0316,0,0,0.9808,0.000237
754,844,845,471,em-3ea6ac9a0933,オリバーWITHソー,fire_wind,N,8,400,800,3,2ターンの間、自身の攻撃力を75%増加させる,counteraction,4,0.375,0,0,0,1,0.02,0.87,0.0316,0,0,0.9807,0.000237
755,847,848,472,em-18a6642e277e,旧市街地の魔物,fire,N,8,2799,16,4,1ターンの間、自身の攻撃力を115000%増加させる,counteraction,4,0.375,0,0.25,0,1,0.02,0.92,0.0316,0,0,0.9807,0.000237
756,850,851,682,em-504b87d4019a,ニタリくん,fire,CR,16,817,1533,3,1ターンの間、味方全員の攻撃が2回連続攻撃になる,counteraction,4,0.375,0,0,0,1,0.02,0.97,0.0316,0,0,0.932,0.000225
757,851,852,473,em-fa48dd1cff0a,祭りだ浅ちゃん！,fire,N,7,800,1603,4,1ターンの間、自身の攻撃力を400%増加させる,counteraction,4,0.375,0,0,0,1,0.02,0.94,0.0316,0,0,0.9806,0.000237
758,852,853,565,em-da8dd7644e31,法隆ジェット,fire,R,7,600,400,6,2ターンの間、攻撃を自身に集中させる(70%カット),advantage_creation,4,0.375,0,0,0,1,0.02,0.92,0.0316,0,0,0.9676,0.000234
759,853,854,474,em-5e86bff12fb7,ピリ辛ふとし君,fire,N,5,211,569,5,1ターンの間、自身の攻撃力を100%増加させる,counteraction,4,0.375,0,0,0,1,0.02,0.83,0.0316,0,0,0.9805,0.000237
760,854,855,566,em-4a6952f30578,愛犬八太郎,fire,R,11,1700,300,6,敵全員の攻撃カウントを1増加させる,ignored,4,0.375,0,0,0,1,0.02,0.93,0.0316,0,0,0.9675,0.000234
761,855,856,475,em-039828fc85d9,ひろしマン・改,fire,N,6,400,400,3,火属性の味方全員のHPを30%回復する,advantage_creation,4,0.375,0,0,0,1,0.02,0.94,0.0316,0,0,0.9805,0.000237
762,857,858,683,em-2d8f15eaba64,のぶくろさん,fire,CR,12,700,900,7,2ターンの間、味方全員の攻撃が全体攻撃になる,counteraction,4,0.375,0,0,0,1,0.02,0.94,0.0316,0,0,0.9313,0.000225
763,861,862,567,em-6870ddfd0fbb,大道芸！エʃ＆エʒ,fire,R,12,1661,1661,3,水属性の味方全員のスキルカウントを2減少させる,ignored,4,0.375,0,0,0,1,0.02,0.97,0.0316,0,0,0.9673,0.000233
764,862,863,568,em-f334c541bf84,納得ん★福曼荼羅,fire_water,R,17,1763,1860,2,1ターンの間、味方全員の属性を風属性に変更する,adaptive,4,0.375,0,0,0,1,0.02,0.97,0.0316,0,0,0.9673,0.000233
765,863,864,885,em-405f3e1dc3af,べるりん★最高潮,fire,MZR,45,5367,3663,6,1ターンの間、火属性の攻撃を自身に集中させる(100%カット),advantage_creation,4,0.375,0,0,0,1,0.02,0.88,0.0316,0,0,0.6772,0.000163
766,864,865,886,em-0a34a4b839d5,堕落勇者オトシゴ,fire,MZR,60,4732,5111,8,1ターンの間、味方全員にダメージを100%軽減するシールドを与える,advantage_creation,4,0.375,0,0,0,1,0.02,0.94,0.0316,0,0,0.6767,0.000163
767,866,866,569,em-ec6b6491e6a3,ベッピー先生,fire,R,15,808,792,5,2ターンの間、火属性の味方全員の攻撃力を120%増加させる,counteraction,4,0.375,0,0,0,1,0.01,0.93,0.0162,0,0,0.9671,0.000233
768,867,867,476,em-0697e2f112ca,ケンＺＯ１号,fire,N,4,102,510,5,3ターンの間、自身の攻撃力を70%増加させる,counteraction,4,0.375,0,0,0,1,0.01,0.93,0.0162,0,0,0.9802,0.000237
769,868,868,571,em-bf7beec08736,いやひこちゃん,fire,R,10,700,400,4,火属性の敵全員の攻撃カウントを1増加させる,ignored,4,0.375,0,0,0,1,0.01,0.94,0.0162,0,0,0.9669,0.000233
770,869,869,572,em-01325fd9f459,いやひこさま,fire,R,16,1200,600,3,火属性の敵全員の攻撃カウントを1増加させる,ignored,4,0.375,0,0,0,1,0.01,0.9,0.0162,0,0,0.9669,0.000233
771,870,870,573,em-cbed7e550323,ちわっしータミ,fire_wind,R,12,2249,1376,3,味方全員のHPを40%回復する,advantage_creation,4,0.375,0,0,0,1,0.01,0.92,0.0162,0,0,0.9668,0.000233
772,871,871,684,em-05476daa6b31,だんじり鉄砲隊,fire_water,CR,26,805,3599,4,2ターンの間、自身の攻撃力を300%増加させる,counteraction,4,0.375,0,0,0,1,0.01,0.89,0.0162,0,0,0.9301,0.000225
773,872,872,479,em-e7a0d1a547b6,ラス・マノスんさん,fire,N,10,1979,494,1,1ターンの間、自身の攻撃が全体攻撃になる,counteraction,4,0.375,0,0.5,0,1,0.01,0.92,0.0162,0,0,0.98,0.000237
774,874,874,795,em-96c8b7af6f5c,ネギtheダーウィン,all,ZR,30,5112,0,5,1ターンの間、味方全員の属性を全属性(3色混合)に変更する,adaptive,4,0.375,0,0,0,1,0.01,0.95,0.0162,0,0,0.8296,0.0002
775,875,875,480,em-c08f9d20049a,激辛ふとし君,fire,N,8,701,1702,5,2ターンの間、自身の攻撃力を200%増加させる,counteraction,4,0.375,0,0,0,1,0.01,0.95,0.0162,0,0,0.9799,0.000237
776,876,876,685,em-409b16959eac,唸るぜ！よりりん,fire,CR,12,795,805,3,1ターンの間、味方全員の属性を風属性に変更する,adaptive,4,0.375,0,0,0,1,0.01,0.97,0.0162,0,0,0.9296,0.000224
777,878,878,575,em-b9ee6ac8db32,爆走！えるたそ,fire,R,13,2114,1661,4,2ターンの間、風属性の敵に対する味方全員の攻撃力を200%増加させる,counteraction,4,0.375,0,0,0,1,0.01,0.93,0.0162,0,0,0.9664,0.000233
778,879,879,887,em-a9738b409d24,カジランガ守り隊員,fire_wind,MZR,45,7668,1533,2,1ターンの間、水属性の敵に対する味方全員の攻撃力を220%増加させる,counteraction,4,0.375,0,0,0,1,0.01,0.9,0.0162,0,0,0.6707,0.000162
779,880,880,577,em-c545b5a51997,トリニダの怪人,fire_water,R,13,4077,1057,2,リーダーのスキルカウントを2減少させる,ignored,4,0.375,0,0,0,1,0.01,0.9,0.0162,0,0,0.9662,0.000233
780,881,881,483,em-f203cae3d671,ペーチパイセン,fire_wind,N,9,1974,1100,1,5ターンの間、自身の攻撃力を39%増加させる,counteraction,4,0.375,0,0.5,0,1,0.01,0.89,0.0162,0,0,0.9797,0.000236
781,883,883,888,em-d3aec6288103,カニシカ大先生,fire,MZR,39,6034,1440,5,味方全員のHPを200%回復する,advantage_creation,4,0.375,0,0,0,1,0.01,0.88,0.0162,0,0,0.6691,0.000162
782,885,885,686,em-85dad7ff7aa2,ディヤの魔人,fire,CR,18,2385,1704,2,火属性の味方全員のHPを70%回復する,advantage_creation,4,0.375,0,0,0,1,0.01,0.92,0.0162,0,0,0.9289,0.000224
783,886,886,798,em-2c51c9073e5a,強化ゆる骨格のススメ,all,ZR,50,1704,1704,12,1ターンの間、火属性の攻撃を自身に集中させる(100%カット),advantage_creation,4,0.375,0,0,0,1,0.01,0.96,0.0162,0,0,0.827,0.0002
784,889,889,799,em-3111e08d3ca9,ヒラズゲンセイ,fire,ZR,40,6134,3067,0,1ターンの間、攻撃を自身に集中させる(0%カット),advantage_creation,4,0.375,0,1,1,1,0.01,0.92,0.0162,0,0,0.8267,0.0002
785,890,890,919,em-2849b1a72ff2,生足魅惑の☆ハクさん,fire,伝,80,11246,5112,5,4ターンの間、味方全員の攻撃力を100%増加させる,counteraction,4,0.375,0,0,0,1,0.01,0.88,0.0162,0,0,0.1949,0.000047
786,483,509,687,em-e3e851204c8b,イカすぜ！よりりん,fire,CR,18,2576,2576,2,1ターンの間、味方全員の属性を風属性に変更する,adaptive,4,0.25,0,0.25,0,1,0.13,0.8,0.1609,0,0,0.9283,0.000224
787,484,510,688,em-e2135a9d657f,ねぶるータスお前もか,fire,CR,18,2173,2656,2,1ターンの間、風属性の敵に対する自身の攻撃力を150%増加させる,counteraction,4,0.25,0,0,0,1,0.13,0.87,0.1609,0,0,0.9282,0.000224
788,522,539,487,em-05688a606392,芳一くん,fire,N,3,300,400,7,死亡している火属性の味方全員を5%のHPで蘇らせる,advantage_creation,4,0.25,0,0,0,1,0.12,0.9,0.1515,0,0,0.9794,0.000236
789,525,542,889,em-bbda291d459c,漆黒及び純白のポワン,all,MZR,20,1704,2896,3,1ターンの間、攻撃を自身に集中させる(90%カット),advantage_creation,4,0.25,0,0,0,1,0.12,0.88,0.1515,0,0,0.665,0.000161
790,527,544,890,em-d77542ffe604,?????,fire_wind,MZR,42,6475,3067,2,1ターンの間、自身の攻撃力を500%増加させる,counteraction,4,0.25,0,0,0,1,0.12,0.86,0.1515,0,0,0.6644,0.00016
791,528,545,891,em-bffb26ad3975,アイヌ☆らっくるん,fire_water,MZR,60,2896,6645,2,1ターンの間、風属性の敵に対する味方全員の攻撃力を170%増加させる,counteraction,4,0.25,0,0,0,1,0.12,0.87,0.1515,0,0,0.6639,0.00016
792,529,546,892,em-e795d2bbe2f0,北政所ねね様,fire_wind,MZR,60,5623,4601,3,2ターンの間、風属性の攻撃を自身に集中させる(80%カット),advantage_creation,4,0.25,0,0,0,1,0.12,0.93,0.1515,0,0,0.6634,0.00016
793,531,548,689,em-ac023f126b7d,レッサー系メガネ,fire,CR,14,900,800,5,味方全員のスキルカウントを1減少させる,ignored,4,0.25,0,0,0,1,0.12,0.94,0.1515,0,0,0.9274,0.000224
794,532,549,581,em-a7be30f0211a,烏枢さま降臨！,fire,R,13,1359,2416,2,1ターンの間、水属性の敵に対する味方全員の攻撃力を250%増加させる,counteraction,4,0.25,0,0,0,1,0.12,0.89,0.1515,0,0,0.9652,0.000233
795,533,550,582,em-d19d4f1b57e1,ロボうおぬまンダー,fire,R,9,600,800,6,2ターンの間、自身の攻撃が全体攻撃になる,counteraction,4,0.25,0,0,0,1,0.12,0.93,0.1515,0,0,0.9651,0.000233
796,535,552,800,em-039b9996f6f0,おろろセット先輩,fire,ZR,45,1363,5623,5,火属性の敵全員の攻撃カウントを2増加させる,ignored,4,0.25,0,0,0,1,0.12,0.93,0.1515,0,0,0.8231,0.000199
797,540,557,690,em-21262d62b170,ホーク＆フック,fire,CR,25,2093,2173,1,1ターンの間、火属性の攻撃を自身に集中させる(70%カット),advantage_creation,4,0.25,0,0.5,0,1,0.12,0.85,0.1515,0,0,0.9269,0.000224
798,541,558,893,em-4e3940289203,スーパー軍師兵衛ズ,fire_water,MZR,60,7838,2385,3,水属性の味方全員のスキルカウントを2減少させる,ignored,4,0.25,0,0,0,1,0.12,0.92,0.1515,0,0,0.6602,0.000159
799,542,559,894,em-983cb2f685ee,再びニートだ浅ちゃん,fire,MZR,40,2044,6816,2,1ターンの間、自身の攻撃力を300%増加させる,counteraction,4,0.25,0,0.25,0,1,0.12,0.85,0.1515,0,0,0.6596,0.000159
800,561,43,146,em-f3091896bc28,腹話フック,fire,CR,15,1610,3220,4,1ターンの間、火属性の味方全員の攻撃が4回連続攻撃になる,counteraction,4,0.25,0,0.25,0,1,0.11,0.96,0.1418,0,0.75,0.9265,0.001706
801,563,580,692,em-89b0c363f296,川越マン,fire,CR,8,415,798,4,1ターンの間、風属性の敵に対する味方全員の攻撃力を50%増加させる,counteraction,4,0.25,0,0,0,1,0.11,0.94,0.1418,0,0,0.9264,0.000224
802,566,583,895,em-a818769b8b91,田島の春,all,MZR,44,1618,5112,2,3ターンの間、自身の攻撃が2回連続攻撃になる,counteraction,4,0.25,0,0,0,1,0.11,0.88,0.1418,0,0,0.658,0.000159
803,567,584,693,em-e128354ca2de,シュレーダー帝,fire_water,CR,31,1795,3097,6,死亡している火属性の味方全員を130%のHPで蘇らせる,advantage_creation,4,0.25,0,0,0,1,0.11,0.91,0.1418,0,0,0.9261,0.000224
804,574,591,802,em-8765daafca7a,トマティーナ中佐,fire_water,ZR,40,3748,2130,2,2ターンの間、自身の攻撃が3回連続攻撃になる,counteraction,4,0.25,0,0,0,1,0.11,0.87,0.1418,0,0,0.8207,0.000198
805,575,592,694,em-3ac00001d30a,ネギの向こう側,all,CR,20,2262,2273,0,味方全員のHPを1%回復する,advantage_creation,4,0.25,0,1,1,1,0.11,0.88,0.1418,0,0,0.9259,0.000223
806,581,598,495,em-30e34a964d63,デンマーくん二世,fire,N,5,700,450,3,1ターンの間、攻撃を自身に集中させる(80%カット),advantage_creation,4,0.25,0,0,0,1,0.11,0.94,0.1418,0,0,0.9786,0.000236
807,582,599,695,em-96f9283052eb,ロロちゃんさん先輩,fire,CR,22,2254,2737,5,死亡している火属性の味方全員を60%のHPで蘇らせる,advantage_creation,4,0.25,0,0,0,1,0.11,0.91,0.1418,0,0,0.9256,0.000223
808,584,601,696,em-9d511711422e,禍殃☆ももとふ姫,fire,CR,17,2737,3059,3,自身のHPを70%回復する,advantage_creation,4,0.25,0,0,0,1,0.11,0.85,0.1418,0,0,0.9255,0.000223
809,585,602,804,em-6fd11d4d3308,超天狗くまのたん,fire,ZR,35,1704,7497,3,1ターンの間、自身の攻撃力を300%増加させる,counteraction,4,0.25,0,0,0,1,0.11,0.88,0.1418,0,0,0.8191,0.000198
810,594,611,805,em-845e49247e45,ウサポワン海人,all,ZR,20,1533,2607,3,1ターンの間、攻撃を自身に集中させる(88%カット),advantage_creation,4,0.25,0,0,0,1,0.11,0.85,0.1418,0,0,0.8188,0.000198
811,597,614,697,em-0af21062aa7c,ｻﾗﾏﾝﾀﾞｰ祝High気分,fire_water,CR,30,2898,2817,6,味方全員のスキルカウントを4減少させる,ignored,4,0.25,0,0,0,1,0.11,0.92,0.1418,0,0,0.925,0.000223
812,602,619,896,em-e6c445da9312,おしゃまなタコむすめ,fire,MZR,39,1704,5112,5,火属性の味方全員のHPを190%回復する,advantage_creation,4,0.25,0,0,0,1,0.1,0.9,0.1316,0,0,0.6524,0.000157
813,618,634,585,em-da69b63392e4,手品師！エッシュさん,fire,R,6,600,600,4,水属性の味方全員のスキルカウントを2減少させる,ignored,4,0.25,0,0,0,1,0.09,0.92,0.121,0,0,0.9638,0.000233
814,621,637,920,em-daac43f51729,四悪妖・鵺,all,伝,88,9542,5964,1,1ターンの間、自身の属性を水属性に変更する,adaptive,4,0.25,0,1,0,1,0.09,0.86,0.121,0,0,0.1821,0.000044
815,641,62,183,em-b343077dd75f,塚井さんは4人乗り,fire,ZR,38,4294,3374,2,3ターンの間、自身の攻撃力を90%増加させる,counteraction,4,0.25,0,0.25,0,1,0.08,0.92,0.1099,0,0.5,0.8171,0.000957
816,642,89,237,em-523af93f71e3,神田祭らーの集い,fire_water,MZR,88,5027,6901,4,1ターンの間、味方全員の攻撃が全体攻撃になる,counteraction,4,0.25,0,0,0,1,0.08,0.89,0.1099,0,0.25,0.6501,0.000436
817,643,658,698,em-ab3cf42ca015,銘菓ぴよ子零式,fire,CR,15,1155,1255,3,1ターンの間、自身の攻撃が3回連続攻撃になる,counteraction,4,0.25,0,0,0,1,0.08,0.87,0.1099,0,0,0.9242,0.000223
818,644,659,499,em-e1a6af095fc1,驀進叡智通,fire,N,7,450,530,4,1ターンの間、火属性の味方全員の攻撃力を100%増加させる,counteraction,4,0.25,0,0,0,1,0.08,0.86,0.1099,0,0,0.978,0.000236
819,645,660,587,em-b4d695a20bfa,ハズク姉さん,fire,R,12,700,600,7,1ターンの間、火属性の味方全員の攻撃が3回連続攻撃になる,counteraction,4,0.25,0,0,0,1,0.08,0.91,0.1099,0,0,0.9633,0.000233
820,647,662,699,em-f86c4c085efd,メガネ系ほぬー類,fire,CR,12,700,600,4,味方全員のスキルカウントを1減少させる,ignored,4,0.25,0,0,0,1,0.08,0.88,0.1099,0,0,0.9238,0.000223
821,648,663,897,em-9298dde558c4,超豹！ペパりんさん,fire,MZR,30,2119,2545,2,風属性の敵全員の攻撃カウントを1増加させる,ignored,4,0.25,0,0,0,1,0.08,0.92,0.1099,0,0,0.6472,0.000156
822,650,665,700,em-0d48fb639618,どうする？リオンさん,fire,CR,18,2093,2737,3,風属性の敵全員の攻撃カウントを2増加させる,ignored,4,0.25,0,0,0,1,0.08,0.9,0.1099,0,0,0.9235,0.000223
823,651,666,807,em-dff6ba115611,トゥーさん,fire,ZR,44,3067,3067,3,死亡している風属性の味方全員を40%のHPで蘇らせる,advantage_creation,4,0.25,0,0,0,1,0.08,0.89,0.1099,0,0,0.8145,0.000197
824,654,669,502,em-d5d58dc5e468,子供神・わらしちゃん,all,N,7,565,1131,4,火属性の敵全員の攻撃カウントを1増加させる,ignored,4,0.25,0,0,0,1,0.08,0.9,0.1099,0,0,0.9777,0.000236
825,670,684,503,em-c8e560adbea9,草カロ次郎,fire,N,6,480,500,5,味方全員のHPを50%回復する,advantage_creation,4,0.25,0,0,0,1,0.07,0.89,0.0983,0,0,0.9777,0.000236
826,672,686,701,em-664c9287613d,阿蘇さん,fire,CR,8,820,500,1,1ターンの間、水属性の攻撃を自身に集中させる(50%カット),advantage_creation,4,0.25,0,0.25,0,1,0.07,0.92,0.0983,0,0,0.9229,0.000223
827,673,687,588,em-65d0268c18cf,うっす様。,fire,R,6,200,900,2,1ターンの間、水属性の敵に対する味方全員の攻撃力を100%増加させる,counteraction,4,0.25,0,0,0,1,0.07,0.91,0.0983,0,0,0.9626,0.000232
828,674,688,589,em-f781988d359e,ヤル気勢！うっす様,fire,R,11,500,1300,2,1ターンの間、水属性の敵に対する味方全員の攻撃力を200%増加させる,counteraction,4,0.25,0,0,0,1,0.07,0.88,0.0983,0,0,0.9626,0.000232
829,676,690,590,em-1c72b25f9096,エッシュ＆エッジュ,fire,R,10,800,800,3,水属性の味方全員のスキルカウントを1減少させる,ignored,4,0.25,0,0,0,1,0.07,0.83,0.0983,0,0,0.9625,0.000232
830,678,692,810,em-3e5e9519eb9b,風林火山のぶくろ！,fire,ZR,47,4089,4430,5,3ターンの間、火属性の味方全員の攻撃が全体攻撃になる,counteraction,4,0.25,0,0,0,1,0.07,0.85,0.0983,0,0,0.8121,0.000196
831,686,700,505,em-4025a820b0a7,新・ぎょざる,fire,N,5,400,400,6,1ターンの間、火属性の味方全員の攻撃が全体攻撃になる,counteraction,4,0.25,0,0,0,1,0.07,0.85,0.0983,0,0,0.9774,0.000236
832,689,703,506,em-20d0672eefa5,実際かにろう,fire,N,8,1269,987,4,風属性の敵全員の攻撃カウントを2増加させる,ignored,4,0.25,0,0,0,1,0.07,0.87,0.0983,0,0,0.9773,0.000236
833,692,706,899,em-814e01d05463,非伝説の潮真,fire_water,MZR,60,7535,2423,1,1ターンの間、水属性の攻撃を自身に集中させる(50%カット),advantage_creation,4,0.25,0,1,0,1,0.07,0.93,0.0983,0,0,0.6399,0.000154
834,703,12,110,em-b27009a57b71,架けろきしわだっしー,fire_wind,MZR,49,1559,6672,3,3ターンの間、自身の攻撃力を255%増加させる,counteraction,4,0.25,0,0,0,1,0.06,0.85,0.0862,0,1.25,0.6393,0.002634
835,704,29,115,em-79dd6c0e027e,ロックなじとっ子君,fire,N,6,365,585,5,2ターンの間、風属性の敵に対する自身の攻撃力を300%増加させる,counteraction,4,0.25,0,0,0,1,0.06,0.94,0.0862,0,1,0.9772,0.002567
836,707,47,157,em-dc5f853080a2,ねぶるー,fire,CR,12,590,630,2,1ターンの間、風属性の敵に対する自身の攻撃力を100%増加させる,counteraction,4,0.25,0,0,0,1,0.06,0.95,0.0862,0,0.75,0.9214,0.001537
837,711,716,509,em-6ffc5801eae4,ぎょざる,fire,N,4,293,312,6,1ターンの間、火属性の味方全員の攻撃が全体攻撃になる,counteraction,4,0.25,0,0,0,1,0.06,0.87,0.0862,0,0,0.9771,0.000236
838,714,719,703,em-635af81fa283,ＪＡＸＡイルＲ,fire,CR,15,688,1706,5,2ターンの間、自身の攻撃が3回連続攻撃になる,counteraction,4,0.25,0,0,0,1,0.06,0.84,0.0862,0,0,0.9211,0.000222
839,715,720,593,em-43c2f997e41c,きっしん,fire,R,7,170,830,5,1ターンの間、自身の攻撃力を300%増加させる,counteraction,4,0.25,0,0,0,1,0.06,0.9,0.0862,0,0,0.9616,0.000232
840,716,721,594,em-13467c934268,五神合体法隆Ｇ,fire,R,15,1050,550,6,3ターンの間、攻撃を自身に集中させる(70%カット),advantage_creation,4,0.25,0,0,0,1,0.06,0.92,0.0862,0,0,0.9616,0.000232
841,721,726,595,em-9aec6212c779,白水兄さん,fire,R,8,580,626,8,1ターンの間、火属性の味方全員の攻撃が全体攻撃になる,counteraction,4,0.25,0,0,0,1,0.06,0.91,0.0862,0,0,0.9615,0.000232
842,725,730,596,em-ab565d3596f4,さんとくん先輩,fire,R,10,1500,400,4,水属性の敵全員の攻撃カウントを1増加させる,ignored,4,0.25,0,0,0,1,0.06,0.87,0.0862,0,0,0.9614,0.000232
843,739,744,818,em-7e9ffb70cffa,企業だ浅ちゃん！,fire,ZR,32,1192,7327,4,2ターンの間、自身の攻撃力を400%増加させる,counteraction,4,0.25,0,0,0,1,0.06,0.86,0.0862,0,0,0.8074,0.000195
844,744,749,705,em-59dbe02c39e1,吸血くん,fire,CR,18,1757,3067,1,1ターンの間、水属性の攻撃を自身に集中させる(90%カット),advantage_creation,4,0.25,0,0.5,0,1,0.06,0.96,0.0862,0,0,0.9202,0.000222
845,745,750,597,em-86798e95c07f,ほたるん！卒業祭り,fire_wind,R,18,1132,2567,0,1ターンの間、自身の属性を水属性に変更する,adaptive,4,0.25,0,1,1,1,0.06,0.94,0.0862,0,0,0.9611,0.000232
846,747,752,513,em-30cf649c4daf,けいび,fire,N,5,295,300,5,1ターンの間、火属性の攻撃を自身に集中させる(90%カット),advantage_creation,4,0.25,0,0,0,1,0.06,0.85,0.0862,0,0,0.9766,0.000236
847,748,753,514,em-4052b050ef42,白虎けいび,fire,N,4,295,300,5,1ターンの間、火属性の敵に対する自身の攻撃力を200%増加させる,counteraction,4,0.25,0,0.25,0,1,0.06,0.93,0.0862,0,0,0.9766,0.000236
848,749,754,821,em-5c8b9af61816,ぴっよコイン先生,all,ZR,60,1111,1111,12,1ターンの間、味方全員にダメージを100%軽減するシールドを与える,advantage_creation,4,0.25,0,0,0,1,0.06,0.89,0.0862,0,0,0.8056,0.000194
849,750,755,598,em-7976e2f3d65d,迷菓ぴよ子先輩,fire,R,5,502,530,5,1ターンの間、火属性の味方全員の攻撃力を80%増加させる,counteraction,4,0.25,0,0,0,1,0.06,0.95,0.0862,0,0,0.9608,0.000232
850,752,757,599,em-38a5d43fe466,畳リーゼント先輩,fire,R,8,393,812,4,1ターンの間、リーダーの攻撃力を100%増加させる,counteraction,4,0.25,0,0,0,1,0.06,0.89,0.0862,0,0,0.9607,0.000232
851,759,764,515,em-ad0fa41f1980,輝け！叡智通,fire,N,12,1102,1300,4,1ターンの間、火属性の味方全員の攻撃力を110%増加させる,counteraction,4,0.25,0,0,0,1,0.06,0.87,0.0862,0,0,0.9763,0.000236
852,762,767,600,em-f439af6dc206,さんとくん大先生,fire,R,12,3020,755,3,水属性の敵全員の攻撃カウントを1増加させる,ignored,4,0.25,0,0,0,1,0.06,0.93,0.0862,0,0,0.9605,0.000232
853,763,768,707,em-1fd25fee47a1,いなば・うあー,fire,CR,15,1000,1400,5,火属性の味方全員のスキルカウントを1減少させる,ignored,4,0.25,0,0,0,1,0.06,0.89,0.0862,0,0,0.9187,0.000222
854,766,771,516,em-22dd952da197,ハントンの兄貴,fire,N,11,1057,1198,5,1ターンの間、味方全員の攻撃が2回連続攻撃になる,counteraction,4,0.25,0,0,0,1,0.06,0.88,0.0862,0,0,0.9762,0.000236
855,767,772,602,em-3e7f24f8564c,かずらさん,fire,R,6,450,650,2,1ターンの間、攻撃をリーダーに集中させる(20%カット),advantage_creation,4,0.25,0,0,0,1,0.06,0.92,0.0862,0,0,0.9602,0.000232
856,770,775,517,em-8a7e4284ba4a,あっぴーさん,fire,N,5,800,350,3,自身のHPを50%回復する,advantage_creation,4,0.25,0,0,0,1,0.06,0.88,0.0862,0,0,0.9761,0.000236
857,773,778,603,em-a6068b231beb,ハトラちゃん,fire_wind,R,10,299,1488,7,1ターンの間、攻撃を自身に集中させる(100%カット),advantage_creation,4,0.25,0,0,0,1,0.06,0.88,0.0862,0,0,0.96,0.000232
858,774,779,900,em-c1c986f4f89a,爆誕！ももたろす,fire,MZR,62,4260,5964,1,1ターンの間、味方全員の属性を風属性に変更する,adaptive,4,0.25,0,1,0,1,0.06,0.9,0.0862,0,0,0.6234,0.00015
859,776,781,823,em-87a6c85241fe,蝶々ペッパーくん,fire,ZR,30,1482,1781,2,風属性の敵全員の攻撃カウントを1増加させる,ignored,4,0.25,0,0,0,1,0.06,0.92,0.0862,0,0,0.8013,0.000193
860,777,782,708,em-8cff13c7ab2a,ツボの中のウツボン,fire,CR,13,1917,1917,6,3ターンの間、味方全員に水属性の敵からのダメージを80%軽減するシールドを与える,advantage_creation,4,0.25,0,0,0,1,0.06,0.96,0.0862,0,0,0.9175,0.000221
861,778,783,520,em-feafabb058cc,皐月けいび,fire,N,4,614,614,6,火属性の味方全員のスキルカウントを1減少させる,ignored,4,0.25,0,0,0,1,0.06,0.89,0.0862,0,0,0.9758,0.000236
862,779,784,902,em-9413da55b7e0,ヤマピカリャーコ,all,MZR,47,4515,5095,2,1ターンの間、リーダーの攻撃が3回連続攻撃になる,counteraction,4,0.25,0,0,0,1,0.06,0.88,0.0862,0,0,0.6205,0.00015
863,784,788,710,em-1d7c8481ec64,にくぁうちゃん,fire,CR,8,314,913,4,1ターンの間、風属性の敵に対する自身の攻撃力を200%増加させる,counteraction,4,0.25,0,0,0,1,0.05,0.87,0.0735,0,0,0.917,0.000221
864,785,789,604,em-a368a20e3521,ベッピーちゃん,fire,R,8,611,595,5,2ターンの間、火属性の味方全員の攻撃力を50%増加させる,counteraction,4,0.25,0,0,0,1,0.05,0.95,0.0735,0,0,0.9593,0.000232
865,788,792,605,em-69fe49e9031d,かずら姉さん,fire,R,11,650,700,2,1ターンの間、攻撃をリーダーに集中させる(50%カット),advantage_creation,4,0.25,0,0,0,1,0.05,0.93,0.0735,0,0,0.9592,0.000232
866,790,794,711,em-8c598f1908e7,ももとふちゃん,fire,CR,8,800,1000,3,自身のHPを40%回復する,advantage_creation,4,0.25,0,0,0,1,0.05,0.9,0.0735,0,0,0.9164,0.000221
867,796,800,606,em-87d7d883c438,ニートエンペラー,all,R,10,459,565,7,2ターンの間、味方全員にダメージを80%軽減するシールドを与える,advantage_creation,4,0.25,0,0,0,1,0.05,0.94,0.0735,0,0,0.959,0.000231
868,801,805,523,em-a2d0308a3d38,蓮次郎,fire,N,5,400,380,3,風属性の味方全員のスキルカウントを1減少させる,ignored,4,0.25,0,0,0,1,0.05,0.82,0.0735,0,0,0.9754,0.000235
869,804,808,610,em-8532615661b1,ハズクさん,fire,R,10,500,400,8,1ターンの間、火属性の味方全員の攻撃が3回連続攻撃になる,counteraction,4,0.25,0,0,0,1,0.05,0.91,0.0735,0,0,0.9588,0.000231
870,827,830,712,em-8680261975a6,キタマクラさん,fire,CR,10,3166,558,1,自身のHPを80%回復する,advantage_creation,4,0.25,0,1,0,1,0.03,0.84,0.0463,0,0,0.9157,0.000221
871,836,63,204,em-0ee8cd6c9dab,黄金時代！K・ワンダー,all,MZR,60,3,3,1,1ターンの間、自身の攻撃が10回連続攻撃になる,counteraction,4,0.25,0,0,0,1,0.02,0.91,0.0316,0,0.5,0.6137,0.000702
872,840,841,713,em-e3dd4898ff56,ﾃﾗももたろす,fire,CR,15,1600,1600,3,1ターンの間、自身の属性を風属性に変更する,adaptive,4,0.25,0,0,0,1,0.02,0.89,0.0316,0,0,0.9153,0.000221
873,841,842,714,em-ea2d3d13fc78,いなば☆うあー,fire,CR,18,1300,1700,4,火属性の味方全員のスキルカウントを1減少させる,ignored,4,0.25,0,0,0,1,0.02,0.86,0.0316,0,0,0.9151,0.000221
874,842,843,715,em-a14b58fbc4fa,うるっしー,fire,CR,8,1000,400,5,1ターンの間、攻撃を自身に集中させる(70%カット),advantage_creation,4,0.25,0,0.25,0,1,0.02,0.96,0.0316,0,0,0.9149,0.000221
875,843,844,612,em-b080511b902a,かずらちゃん,fire,R,3,350,500,2,1ターンの間、攻撃をリーダーに集中させる(10%カット),advantage_creation,4,0.25,0,0,0,1,0.02,0.9,0.0316,0,0,0.9582,0.000231
876,845,846,716,em-3b3dcabfe61f,ク・うぃーん女王,fire,CR,8,900,900,5,2ターンの間、味方全員の属性を火属性に変更する,adaptive,4,0.25,0,0,0,1,0.02,0.96,0.0316,0,0,0.9145,0.000221
877,846,847,903,em-99460641a41d,奇岩妖精ペリバじゃん,fire_water,MZR,40,6816,852,3,1ターンの間、自身の攻撃力を5000%増加させる,counteraction,4,0.25,0,0,0,1,0.02,0.86,0.0316,0,0,0.6089,0.000147
878,848,849,524,em-cd0a21cda0bb,タキシラ師匠,fire_water,N,6,1861,733,0,自身のHPを60%回復する,advantage_creation,4,0.25,0,1,1,1,0.02,0.9,0.0316,0,0,0.9747,0.000235
879,849,850,904,em-267a29792afd,ウーミン,fire,MZR,33,2249,2658,5,味方全員のスキルカウントを2減少させる,ignored,4,0.25,0,0,0,1,0.02,0.91,0.0316,0,0,0.6073,0.000147
880,856,857,614,em-b422734eb78b,たたーる星人,fire,R,15,1812,1510,2,1ターンの間、味方全員の攻撃力を30%増加させる,counteraction,4,0.25,0,0,0,1,0.02,0.9,0.0316,0,0,0.9576,0.000231
881,858,859,526,em-c70398ce7406,讃岐・S.K.O.T神,fire,N,9,2106,493,3,味方全員のHPを40%回復する,advantage_creation,4,0.25,0,0,0,1,0.02,0.91,0.0316,0,0,0.9745,0.000235
882,859,860,528,em-f33518363cb8,マチョリスト☆ばん,fire,N,13,1410,775,2,1ターンの間、風属性の敵に対する自身の攻撃力を1000%増加させる,counteraction,4,0.25,0,0,0,1,0.02,0.97,0.0316,0,0,0.9744,0.000235
883,860,861,719,em-e4f94dd73b29,あっしゅTHEﾗｯﾊﾟｰ,fire_water,CR,12,1500,700,5,1ターンの間、火属性の攻撃を自身に集中させる(30%カット),advantage_creation,4,0.25,0,0,0,1,0.02,0.92,0.0316,0,0,0.9131,0.00022
884,865,64,209,em-bbce42d72486,東がエデン,fire_water,MZR,50,5112,5112,0,1ターンの間、自身の属性を火属性に変更する,adaptive,4,0.25,0,1,1,1,0.01,0.93,0.0162,0,0.5,0.603,0.000675
885,873,873,833,em-36ce9827163b,検非違使なけいび氏,all,ZR,28,6024,878,2,自身のHPを210%回復する,advantage_creation,4,0.25,0,0,0,1,0.01,0.85,0.0162,0,0,0.7896,0.000191
886,877,877,615,em-f18c065bbb1d,白水大師匠,fire,R,18,1510,1887,5,2ターンの間、火属性の味方全員の攻撃が全体攻撃になる,counteraction,4,0.25,0,0,0,1,0.01,0.92,0.0162,0,0,0.9569,0.000231
887,882,882,906,em-0e376d1892df,メネリくん一世,all,MZR,72,6134,3067,4,3ターンの間、攻撃を自身に集中させる(72%カット),advantage_creation,4,0.25,0,0,0,1,0.01,0.85,0.0162,0,0,0.6003,0.000145
888,884,884,722,em-f49b19428b58,ちび丸のハロウィン,fire_water,CR,17,255,2896,4,死亡している水属性の味方全員を30%のHPで蘇らせる,advantage_creation,4,0.25,0,0,0,1,0.01,0.85,0.0162,0,0,0.912,0.00022
889,887,887,907,em-0277eca3d9cf,ゆる神の像＆ピヨか？,all,MZR,60,426,511,3,1ターンの間、攻撃を自身に集中させる(1%カット),advantage_creation,4,0.25,0,0,0,1,0.01,0.84,0.0162,0,0,0.5984,0.000144
890,888,888,834,em-eb4ef5fa8f2f,応援ぴよ子団長,all,ZR,60,1111,1111,12,1ターンの間、味方全員の攻撃力を500%増加させる,counteraction,4,0.25,0,0,0,1,0.01,0.87,0.0162,0,0,0.7869,0.00019
891,892,892,723,em-860d0191c03c,太子くん,fire,CR,8,650,590,2,火属性の味方全員のHPを10%回復する,advantage_creation,4,0.25,0,0,0,1,0,0.86,0,0,0,0.9113,0.00022
892,893,893,725,em-e6c115665fbd,上宮之太子さま,fire,CR,15,1300,1150,2,火属性の味方全員のHPを20%回復する,advantage_creation,4,0.25,0,0,0,1,0,0.96,0,0,0,0.9111,0.00022
893,899,899,530,em-377c63de8d80,極・S.K.O.Tちゃん,fire,N,6,1150,300,4,味方全員のHPを40%回復する,advantage_creation,4,0.25,0,0,0,1,0,0.9,0,0,0,0.9736,0.000235
894,901,901,728,em-7b2daf42204c,モモトじゃねーの?,fire,CR,14,1400,1600,3,自身のHPを60%回復する,advantage_creation,4,0.25,0,0,0,1,0,0.97,0,0,0,0.9106,0.00022
895,903,903,532,em-cf5373dcdc2a,コンゴーニャスパス,fire,N,17,1886,1723,3,1ターンの間、攻撃を自身に集中させる(84%カット),advantage_creation,4,0.25,0,0,0,1,0,0.95,0,0,0,0.9735,0.000235
896,905,905,908,em-34853ed0f0f8,ユーコちゃん,all,MZR,24,2556,1533,4,死亡している風属性の味方全員を15%のHPで蘇らせる,advantage_creation,4,0.25,0,0,0,1,0,0.85,0,0,0,0.5915,0.000143
897,906,906,730,em-7fd9b48cee31,七夕星人☆たたるんるん,all,CR,20,3220,1610,2,2ターンの間、味方全員の攻撃力を30%増加させる,counteraction,4,0.25,0,0,0,1,0,0.87,0,0,0,0.9098,0.00022
898,907,907,534,em-2e3e250aef5e,IMO NI FESTIVAL 2018,fire_wind,N,14,1837,1161,3,2ターンの間、水属性の味方全員の攻撃が全体攻撃になる,counteraction,4,0.25,0,0.25,0,1,0,0.9,0,0,0,0.9732,0.000235
899,908,908,732,em-414540146c27,びぐべん選手,fire,CR,30,3220,1610,0,1ターンの間、水属性の敵に対する自身の攻撃力を450%増加させる,counteraction,4,0.25,0,1,1,1,0,0.9,0,0,0,0.9093,0.000219
900,910,910,535,em-c879fe74178e,唸る！叡智通,fire,N,5,370,410,4,1ターンの間、火属性の味方全員の攻撃力を80%増加させる,counteraction,4,0.25,0,0,0,1,0,0.87,0,0,0,0.973,0.000235
901,911,911,622,em-bb70b91588ed,夜魔・マヤー,fire,R,12,1661,2114,4,2ターンの間、自身の攻撃が3回連続攻撃になる,counteraction,4,0.25,0,0,0,1,0,0.89,0,0,0,0.9549,0.00023
902,912,912,623,em-9bad632dc3a9,秋田世界発見伝,fire_water,R,24,3838,845,4,2ターンの間、攻撃を自身に集中させる(70%カット),advantage_creation,4,0.25,0,0,0,1,0,0.85,0,0,0,0.9547,0.00023
903,913,913,626,em-8b0ee22a5cd7,ドナドナう皮,all,R,26,1676,1664,3,2ターンの間、攻撃を自身に集中させる(60%カット),advantage_creation,4,0.25,0,0.25,0,1,0,0.98,0,0,0,0.9546,0.00023
904,915,915,627,em-f3d2c338aec3,セビリアンナ先輩,fire,R,18,1963,1359,0,1ターンの間、自身の攻撃が2回連続攻撃になる,counteraction,4,0.25,0,1,1,1,0,0.94,0,0,0,0.9544,0.00023
905,916,916,629,em-ea813aee5d92,ブラジリアン首都術,fire,R,8,1812,1963,4,1ターンの間、自身の攻撃が全体攻撃になる,counteraction,4,0.25,0,0,0,1,0,0.96,0,0,0,0.9542,0.00023
906,891,891,735,em-deac9db76555,ヒルズくん,fire,CR,8,408,812,1,1ターンの間、水属性の敵に対する自身の攻撃力を100%増加させる,counteraction,4,0.125,0,0,0,1,0,0.89,0,0,0,0.9073,0.000219
907,894,894,736,em-d3961c13041f,光るぜ！よりりん,fire,CR,15,1200,1200,3,1ターンの間、味方全員の属性を風属性に変更する,adaptive,4,0.125,0,0,0,1,0,0.83,0,0,0,0.907,0.000219
908,895,895,737,em-814278d8eb9b,轟け！阿蘇さん,fire,CR,15,1680,920,1,1ターンの間、水属性の攻撃を自身に集中させる(70%カット),advantage_creation,4,0.125,0,0.5,0,1,0,0.89,0,0,0,0.9067,0.000219
909,896,896,631,em-1b9a55c9478e,熊犬八太郎,fire,R,12,2100,400,6,敵全員の攻撃カウントを1増加させる,ignored,4,0.125,0,0,0,1,0,0.93,0,0,0,0.9535,0.00023
910,897,897,632,em-df4f003ab94e,熱いマッキニキ,fire,R,11,1100,600,3,2ターンの間、味方全員に水属性の敵からのダメージを60%軽減するシールドを与える,advantage_creation,4,0.125,0,0,0,1,0,0.86,0,0,0,0.9533,0.00023
911,898,898,740,em-55bda88e7993,パンダ系メガネ,fire,CR,16,1300,1200,6,味方全員のスキルカウントを2減少させる,ignored,4,0.125,0,0,0,1,0,0.9,0,0,0,0.9056,0.000219
912,900,900,741,em-2d728f34a59e,へーい竜馬,fire,CR,14,1500,1500,3,1ターンの間、自身の攻撃力を180%増加させる,counteraction,4,0.125,0,0,0,1,0,0.91,0,0,0,0.9052,0.000218
913,902,902,743,em-85946f26dcf5,鉄人！ガヨーマルト,fire,CR,18,3381,1610,1,1ターンの間、味方全員の属性を風属性に変更する,adaptive,4,0.125,0,1,0,1,0,0.87,0,0,0,0.9048,0.000218
914,904,904,744,em-cecb4ccbb927,蝶々胡椒鯛くん,fire,CR,30,847,1018,2,風属性の敵全員の攻撃カウントを1増加させる,ignored,4,0.125,0,0,0,1,0,0.92,0,0,0,0.9044,0.000218
915,909,909,843,em-5c3bfcbbd109,ネギさん,all,ZR,80,4260,4260,500,5ターンの間、味方全員の攻撃力を9999%増加させる,counteraction,4,0.125,0,0,0,1,0,0.91,0,0,0,0.7692,0.000186
916,914,914,544,em-471b1ba55d5c,有馬んば,fire_water,N,13,1413,1244,4,火属性の味方全員のHPを80%回復する,advantage_creation,4,0.125,0,0,0,1,0,0.96,0,0,0,0.9711,0.000234
917,917,917,909,em-c5e484c5d286,マウント取瑠代,fire_wind,MZR,31,6076,1850,3,死亡している水属性の味方全員を29%のHPで蘇らせる,advantage_creation,4,0.125,0,0,0,1,0,0.94,0,0,0,0.5619,0.000136
918,918,918,844,em-955edfecd83b,天晴！ぶんぶくん,fire,ZR,22,1883,1162,4,死亡している味方全員を1%のHPで蘇らせる,advantage_creation,4,0.125,0,0,0,1,0,0.97,0,0,0,0.7653,0.000185
919,919,919,845,em-67086191a83f,マダラなシオマネキ君,fire_water,ZR,27,5490,1059,2,1ターンの間、水属性の攻撃を自身に集中させる(80%カット),advantage_creation,4,0.125,0,0,0,1,0,0.88,0,0,0,0.7635,0.000184
920,920,920,551,em-98054d952da8,ニート達の日常。,all,N,21,2968,296,3,敵全員の攻撃カウントを1増加させる,ignored,4,0.125,0,0,0,1,0,0.87,0,0,0,0.97,0.000234
