総合順位,有利獲得順位,対抗順位,予測使用順位,ID,名前,属性,レア度,コスト,HP,Power,スキルターン,スキル名,行動区分,評価盤面数,予測勝率,勝率信頼下限,実発動率,登場時発動可能率,盤面充足率,味方維持率,敵進行率,攻守均衡,有利獲得/盤面,対抗/盤面,推定所持率,予測使用率
1,1,14,25,em-dec390a52ee6,英国ストヘン技師,water_wind,伝,70,8861,4260,1,2ターンの間、味方全員に水属性の敵からのダメージを40%軽減するシールドを与える,advantage_creation,30,0.8167,0.6881,1,0,1,0.2587,0.9867,0.3329,2.4333,0,0.4,0.009544
2,23,15,3,em-5f311c45014a,パーントゥ大先生,water_wind,MZR,37,2409,4819,3,1ターンの間、味方全員の攻撃力を150%増加させる,counteraction,4,0.875,0.63,0,0,1,0.12,1,0.1724,0,0,0.9198,0.017545
3,24,16,5,em-d6ea073b633e,鬼八先生,water,MZR,60,8861,2556,3,敵全員の攻撃カウントを1増加させる,ignored,4,0.875,0.63,0,0,1,0.11,1,0.1654,0,0,0.9195,0.017091
4,25,17,4,em-f8e6761b2883,青龍,water,ZR,36,1704,6816,3,2ターンの間、火属性の敵に対する自身の攻撃力を300%増加させる,counteraction,4,0.875,0.63,0,0,1,0.1,1,0.1495,0,0,0.9696,0.017482
5,26,18,2,em-c358a9d61a43,PiぐPeんとBiぐBeん,fire_water,R,15,1208,1510,2,1ターンの間、水属性の敵に対する自身の攻撃力を300%増加させる。,counteraction,4,0.875,0.63,0,0,1,0.09,1,0.1367,0,0,0.9999,0.017559
6,27,19,7,em-418076b2d218,イシマンガリソ先輩,water,ZR,42,5367,3067,1,1ターンの間、風属性の攻撃を自身に集中させる(80%カット),advantage_creation,4,0.875,0.63,0.5,0,1,0.09,1,0.1341,0,0,0.9693,0.016586
7,28,20,48,em-05c5072dc080,橘の元祖☆みっちー,water_wind,伝,75,9798,4515,4,味方全員のスキルカウントを2減少させる,ignored,4,0.875,0.63,0,0,1,0.09,1,0.1341,0,0,0.3989,0.00663
8,29,21,10,em-469fc4e70bad,エヴァンジェ・凛,water_wind,ZR,48,5091,3428,5,味方全員のHPを200%回復する,advantage_creation,4,0.875,0.63,0,0,1,0.08,1,0.1242,0,0,0.9691,0.015653
9,30,22,13,em-32538f7c8341,熊殺しのサンタマン,water_wind,MZR,58,6560,4345,5,敵全員の攻撃カウントを2増加させる,ignored,4,0.875,0.63,0,0,1,0.06,1,0.0927,0,0,0.9181,0.014414
10,31,23,11,em-fa9285840bae,白虎むりょく,all,N,4,158,149,5,1ターンの間、自身の攻撃力を100%増加させる,counteraction,4,0.875,0.63,0,0,1,0.05,1,0.0795,0,0,0.9998,0.015302
11,32,6,8,em-52a11488ce9e,新・ウオ丸くん,water,MZR,60,4294,3578,1,6ターンの間、水属性の味方全員の攻撃力を20%増加させる,counteraction,30,0.7333,0.5945,0.8333,0,1,0.196,0.9613,0.258,0,0.3,0.9177,0.016359
12,7,24,9,em-e7f75bf37d9f,あっついさん,water,MZR,40,6134,2726,0,自身のHPを60%回復する,advantage_creation,30,0.7,0.547,1,1,1,0.184,0.9493,0.245,0.7667,0,0.9174,0.01608
13,6,25,6,em-0e6d3baf12ca,ネギ少女じゅんちゃん,water,ZR,36,3544,3544,1,水属性の味方全員のHPを45%回復する,advantage_creation,30,0.7,0.54,0.7,0,1,0.184,0.9653,0.248,0.8333,0,0.9684,0.016821
14,4,26,39,em-d7873747b412,藤のフヒッティ,fire_water,伝,75,10735,3578,1,3ターンの間、自身にダメージを30%軽減するシールドを与える,advantage_creation,30,0.7,0.54,1,0,1,0.1733,0.968,0.2327,1.1667,0,0.3976,0.007442
15,33,11,16,em-1749aff71419,ミシャグジさまさま,water_wind,MZR,60,6986,3578,2,1ターンの間、火属性の敵に対する味方全員の攻撃力を170%増加させる,counteraction,30,0.6833,0.5312,0.1667,0,1,0.176,0.9573,0.236,0,0.1333,0.9167,0.013718
16,14,5,1,em-8a1f54dc1206,讃えよ！ヒンヌー教徒,water,ZR,46,3393,4260,1,2ターンの間、自身の属性を風属性に変更する,adaptive,30,0.6833,0.5241,0.7333,0,1,0.128,0.9493,0.1769,0.6,0.4333,0.968,0.018102
17,34,27,18,em-d368809aa822,ﾜﾙﾌﾟﾙｷﾞｽなメル子様,water_wind,ZR,39,6560,3152,3,1ターンの間、火属性の攻撃を自身に集中させる(80%カット),advantage_creation,30,0.6833,0.5241,0,0,1,0.18,0.9333,0.2429,0,0,0.9679,0.012625
18,35,28,20,em-35db097208c5,勝斧・冠,water,MZR,60,6816,4089,1,8ターンの間、風属性の敵に対する自身の攻撃力を60%増加させる,counteraction,30,0.6833,0.5241,0.7,0,1,0.1707,0.9573,0.2319,0,0,0.916,0.012433
19,36,7,12,em-2c2759ede728,?????,water_wind,ZR,44,4771,2385,1,3ターンの間、風属性の敵に対する味方全員の攻撃力を35%増加させる,counteraction,30,0.6667,0.5156,0.7333,0,1,0.1627,0.9693,0.2182,0,0.2667,0.9676,0.014919
20,37,29,21,em-3c1078996c9c,めい子のNEW DAY,water,CR,25,2760,2862,4,2ターンの間、風属性の攻撃を自身に集中させる(90%カット),advantage_creation,30,0.6667,0.5085,0,0,1,0.152,0.9453,0.2073,0,0,0.9889,0.011934
21,38,9,15,em-08c96cb40803,ノローニャ・パイセン,water_wind,ZR,43,5964,3410,1,5ターンの間、火属性の敵に対する味方全員の攻撃力を30%増加させる,counteraction,30,0.6667,0.5017,0.7333,0,1,0.1933,0.9373,0.2555,0,0.2333,0.9674,0.014134
22,16,30,19,em-7688ea925e5e,瑠璃ノ宮,water,MZR,27,3408,2726,1,1ターンの間、水属性の味方全員に水属性の敵からのダメージを40%軽減するシールドを与える,advantage_creation,30,0.65,0.4931,0.7333,0,1,0.1387,0.9373,0.1866,0.5,0,0.9151,0.012466
23,2,31,14,em-f2a813466bbe,The★Youなリバ子,all,MZR,50,5770,3113,0,自身のHPを77%回復する,advantage_creation,30,0.65,0.4862,1,1,1,0.1893,0.9347,0.2476,1.2667,0,0.9149,0.014235
24,39,32,64,em-45aa4b2348d2,鬼一方眼,water,伝,80,12780,3578,5,3ターンの間、リーダーの攻撃力を600%増加させる,counteraction,30,0.65,0.4862,0,0,1,0.1773,0.9467,0.237,0,0,0.3957,0.004346
25,40,33,22,em-05133b447edd,コメツキ,water,ZR,55,5453,5406,5,水属性の味方全員のスキルカウントを3減少させる,ignored,30,0.65,0.4862,0,0,1,0.1747,0.9293,0.2356,0,0,0.9668,0.010327
26,41,3,17,em-e84c5851ba6b,地下大河のルーシー,water_wind,MZR,73,7668,2641,1,4ターンの間、自身の攻撃力を50%増加させる,counteraction,30,0.65,0.4862,1,0,1,0.1653,0.9493,0.2222,0,0.5,0.9142,0.013151
27,18,34,58,em-33880cee5e60,三貴子ツクヨミ,water_wind,伝,75,10735,4686,3,2ターンの間、味方全員にダメージを50%軽減するシールドを与える,advantage_creation,30,0.6333,0.478,0.2,0,1,0.168,0.9373,0.2238,0.2667,0,0.3951,0.005225
28,42,35,27,em-0dca19ae5992,降臨！天草トッキー,water,MZR,43,4260,5964,4,2ターンの間、水属性の味方全員の攻撃力を130%増加させる,counteraction,30,0.6333,0.471,0.0667,0,1,0.1493,0.9333,0.2003,0,0,0.9137,0.009204
29,43,36,30,em-65efdfdd59b3,「ぼ」じゃなくてゔぉたん,water_wind,MZR,40,4941,3408,1,2ターンの間、自身の属性を火属性に変更する,adaptive,4,0.75,0.4671,0,0,1,0.16,1,0.2153,0,0,0.9135,0.008792
30,44,37,32,em-83113af84b95,降臨☆三原色ばうあー,all,MZR,45,3578,5868,5,2ターンの間、味方全員の攻撃が全体攻撃になる,counteraction,4,0.75,0.4671,0,0,1,0.15,1,0.2051,0,0,0.9132,0.008601
31,45,38,28,em-ed2bb6e12815,ラスコー原人,water,R,14,604,3624,1,1ターンの間、自身の属性を火属性に変更する,adaptive,4,0.75,0.4671,0,0,1,0.13,1,0.1734,0,0,0.9991,0.009122
32,46,39,35,em-4e77469f1fc4,綺麗な金平さん,water,MZR,42,5112,4260,1,3ターンの間、自身の属性を火属性に変更する,adaptive,4,0.75,0.4671,0,0,1,0.11,1,0.1597,0,0,0.9128,0.008103
33,47,40,37,em-3deff3291fd4,有閑カノープス,water_wind,MZR,70,5112,6816,2,1ターンの間、味方全員の属性を全属性に変更する,adaptive,4,0.75,0.4671,0,0,1,0.11,1,0.1478,0,0,0.9125,0.007899
34,48,41,33,em-1287aab83f7d,驚愕！深海のあん子,water,R,5,400,400,4,水属性の味方全員のHPを50%回復する,advantage_creation,4,0.75,0.4671,0,0,1,0.09,1,0.1338,0,0,0.999,0.008411
35,49,42,36,em-c42ef00ed018,ｗｗナレースワンｗｗ,water_wind,CR,25,2560,2584,4,火属性の敵全員の攻撃カウントを2増加させる,ignored,4,0.75,0.4671,0,0,1,0.09,1,0.1325,0,0,0.9881,0.008085
36,50,43,40,em-710becd5b772,雪女フェス祭カーニバル,water_wind,MZR,54,7497,2556,6,1ターンの間、水属性の攻撃を自身に集中させる(99%カット),advantage_creation,4,0.75,0.4671,0,0,1,0.09,1,0.1261,0,0,0.9118,0.007282
37,51,44,44,em-4805525cb8a4,ｴﾝｾﾞﾘｯｸ☆エンゼル,all,MZR,60,6816,4771,3,自身のHPを200%回復する,advantage_creation,4,0.75,0.4671,0,0,1,0.08,1,0.1198,0,0,0.9116,0.00709
38,52,45,78,em-9667a89799b5,冬の双子姫,all,伝,77,9628,4686,2,1ターンの間、味方全員にダメージを50%軽減するシールドを与える,advantage_creation,4,0.75,0.4671,0.25,0,1,0.08,1,0.1198,0,0,0.393,0.002958
39,53,46,43,em-82e855b7910f,栗林掬太郎,water_wind,ZR,33,5453,2385,4,水属性の味方全員のHPを100%回復する,advantage_creation,4,0.75,0.4671,0,0,1,0.08,1,0.1179,0,0,0.965,0.007114
40,54,47,41,em-842f3d28d20e,のり男師匠,water,N,8,1285,1118,2,2ターンの間、火属性の攻撃を自身に集中させる(80%カット),advantage_creation,4,0.75,0.4671,0,0,1,0.07,1,0.1052,0,0,0.9993,0.007146
41,55,48,81,em-94f677409ee2,月甲のルナタスピス,water,伝,75,10224,4543,3,3ターンの間、攻撃を自身に集中させる(33%カット),advantage_creation,4,0.75,0.4671,0,0,1,0.07,1,0.1052,0,0,0.3924,0.002726
42,56,49,49,em-a6fe320c7afa,戸隠忍者はハント中,water,MZR,31,937,5027,1,1ターンの間、火属性の敵に対する自身の攻撃力を300%増加させる,counteraction,4,0.75,0.4671,0,0,1,0.07,1,0.1024,0,0,0.9104,0.006179
43,57,50,84,em-076a0181e290,夏の海の天の川伝説,water,伝,77,9372,5623,6,味方全員のHPを250%回復する,advantage_creation,4,0.75,0.4671,0,0,1,0.06,1,0.0919,0,0,0.392,0.002579
44,58,51,46,em-ca249600bce3,アレス暮らし,water,CR,24,2737,1932,1,5ターンの間、水属性の敵に対する味方全員の攻撃力を20%増加させる,counteraction,4,0.75,0.4671,0.25,0,1,0.02,1,0.0325,0,0,0.9876,0.006745
45,59,1,23,em-ceb860c3dbdd,美姫お市,water_wind,MZR,60,5964,2556,0,3ターンの間、自身の攻撃力を30%増加させる,counteraction,30,0.6333,0.4644,1,1,1,0.1893,0.9493,0.2504,0,0.8333,0.9097,0.010293
46,60,10,26,em-d138d4e46038,きぬたン,water_wind,ZR,48,3067,4771,2,8ターンの間、味方全員の攻撃力を18%増加させる,counteraction,30,0.6333,0.4644,0.1333,0,1,0.1733,0.9227,0.234,0,0.1667,0.964,0.009474
47,13,52,31,em-cdd2ac5f0a12,クイーンなコンク様,all,MZR,44,3578,2385,1,1ターンの間、味方全員にダメージを30%軽減するシールドを与える,advantage_creation,30,0.6333,0.4644,0.7,0,1,0.1587,0.924,0.2126,0.6333,0,0.9092,0.008712
48,61,53,56,em-f9383e2e4919,ユハンヌスのサウナー,water_wind,MZR,42,5231,3067,3,1ターンの間、水属性の味方全員にダメージを78%軽減するシールドを与える,advantage_creation,30,0.6167,0.4561,0.0667,0,1,0.172,0.9373,0.2305,0,0,0.909,0.005306
49,62,54,92,em-2f36c9341591,☆龍神☆尊氏様,water,伝,85,9372,5623,2,3ターンの間、自身の攻撃が2回連続攻撃になる,counteraction,30,0.6167,0.4493,0,0,1,0.1613,0.9627,0.2176,0,0,0.3909,0.00222
50,8,55,29,em-814e01d05463,非伝説の潮真,fire_water,MZR,60,7535,2423,1,1ターンの間、水属性の攻撃を自身に集中させる(50%カット),advantage_creation,30,0.6,0.4485,1,0,1,0.1333,0.9533,0.1789,0.7667,0,0.9085,0.009047
51,63,2,24,em-c1bbe00e5d61,ジョンは時を知らない,all,ZR,48,4771,3493,0,7ターンの間、自身の攻撃力を16%増加させる,counteraction,30,0.6167,0.4429,1,1,1,0.1547,0.9253,0.2109,0,0.5333,0.9634,0.010009
52,64,56,57,em-9e9fc5ee5a9c,深淵のエルフ,water,CR,18,2537,3059,4,1ターンの間、水属性の敵に対する味方全員の攻撃力を120%増加させる,counteraction,30,0.6,0.4414,0,0,1,0.1373,0.9373,0.1845,0,0,0.9871,0.00523
53,65,57,60,em-f895c0235d10,アスクとエムブラ,water_wind,CR,38,2737,4508,5,1ターンの間、攻撃をリーダーに集中させる(93%カット),advantage_creation,30,0.5833,0.4134,0.0667,0,1,0.168,0.9427,0.2239,0,0,0.987,0.005089
54,66,58,61,em-501834a284b1,加賀友☆禅野さん,water_wind,ZR,38,4175,4771,2,4ターンの間、味方全員の属性を4属性に変更する,adaptive,30,0.5833,0.4134,0.0667,0,1,0.14,0.92,0.1914,0,0,0.963,0.005032
55,67,59,98,em-744815bd68e5,旋回のヘリコプリオン,water_wind,伝,75,8997,2675,2,2ターンの間、自身の攻撃が全体攻撃になる,counteraction,30,0.5833,0.4134,0,0,1,0.1427,0.9253,0.1888,0,0,0.3897,0.001904
56,68,13,42,em-52f594fdc52e,後楽園☆池田,fire_water,ZR,43,5623,2896,1,1ターンの間、火属性の敵に対する自身の攻撃力を222%増加させる,counteraction,30,0.5833,0.407,0.6667,0,1,0.1653,0.9253,0.2233,0,0.0667,0.9627,0.00713
57,69,60,101,em-b2125332555b,呵々Doの閑雅・ルー,water_wind,伝,85,9883,4771,5,2ターンの間、攻撃を自身に集中させる(80%カット),advantage_creation,30,0.5833,0.407,0,0,1,0.156,0.9187,0.2107,0,0,0.3894,0.001813
58,70,61,66,em-3e2d46063b3e,なっとくん様,all,MZR,70,8026,4618,1,リーダーのスキルカウントを1減少させる,ignored,30,0.5667,0.3925,0,0,1,0.1533,0.9347,0.2088,0,0,0.9066,0.004108
59,17,62,38,em-c4c6b3b17960,青コリくんは怒らない,water,ZR,24,2350,3834,0,1ターンの間、味方全員に火属性の敵からのダメージを20%軽減するシールドを与える,advantage_creation,30,0.55,0.3917,0.7,1,1,0.14,0.9333,0.1848,0.4,0,0.9623,0.007516
60,71,63,65,em-a4d82c09dd0f,魂入！とちぎソウル,water,N,7,565,1837,4,1ターンの間、自身の攻撃力を400%増加させる,counteraction,4,0.625,0.38,0.25,0,1,0.07,1,0.0983,0,0,0.9989,0.004313
61,72,64,67,em-fca49f3752f8,電波姫☆いまりちゃん,water,MZR,38,3919,4260,3,水属性の敵全員の攻撃カウントを1増加させる,ignored,4,0.625,0.38,0,0,1,0.06,1,0.0862,0,0,0.9059,0.003806
62,73,65,70,em-64fa899f397f,ダル飯☆杏,water,MZR,44,5896,3340,4,2ターンの間、攻撃を自身に集中させる(80%カット),advantage_creation,4,0.625,0.38,0,0,1,0.06,1,0.0862,0,0,0.9057,0.003704
63,74,66,71,em-09a7a163b0cd,沼南ぱモーセ,water,MZR,38,2556,5623,2,1ターンの間、水属性の味方全員の攻撃力を100%増加させる,counteraction,4,0.625,0.38,0.25,0,1,0.06,1,0.0862,0,0,0.9054,0.003605
64,75,67,111,em-4c03ad40dce9,源のゴライコー,all,伝,75,7923,6390,4,3ターンの間、自身の攻撃力を500%増加させる,counteraction,4,0.625,0.38,0,0,1,0.04,1,0.0602,0,0,0.388,0.001509
65,76,68,68,em-1b8d4b845182,キャミーという女,water,R,8,600,800,4,水属性の味方全員のHPを30%回復する,advantage_creation,4,0.625,0.38,0,0,1,0.02,1,0.0316,0,0,0.998,0.003777
66,77,69,69,em-f5955c15b029,ばんば新年2026,all,MZR,60,7668,3438,1,2ターンの間、風属性の敵に対する自身の攻撃力を120%増加させる,counteraction,4,0.625,0.38,0.75,0,1,0.02,1,0.0316,0,0,0.9047,0.003746
67,78,12,47,em-490281caead8,にくぁう羽子板・辰,fire_water,MZR,36,3449,3449,0,6ターンの間、風属性の敵に対する自身の攻撃力を24%増加させる,counteraction,30,0.55,0.3783,0.8333,1,1,0.1307,0.9107,0.1747,0,0.1,0.9045,0.006641
68,79,70,73,em-9cc423bd9843,沼んだーライド！,water_wind,R,21,1585,1887,5,3ターンの間、水属性の味方全員の攻撃が全体攻撃になる,counteraction,30,0.5167,0.3507,0,0,1,0.128,0.904,0.1734,0,0,0.9979,0.003503
69,80,71,74,em-682cda3863fb,脱力コンビあろま＆るる,all,MZR,48,3067,5623,2,リーダーのスキルカウントを1減少させる,ignored,30,0.5167,0.3507,0,0,1,0.12,0.92,0.1606,0,0,0.904,0.003094
70,81,72,76,em-adcf70bfd425,2人はフェレナント君,water_wind,MZR,37,2982,5964,1,1ターンの間、自身の属性を水属性に変更する,adaptive,30,0.5,0.3242,0.0667,0,1,0.1533,0.9253,0.2031,0,0,0.9038,0.003011
71,15,73,45,em-285a6b18bfb1,いろはの曙ちゃん,fire_water,CR,18,2705,2705,0,自身のHPを50%回復する,advantage_creation,30,0.45,0.272,1,1,1,0.144,0.9,0.1904,0.5667,0,0.986,0.007048
72,82,4,34,em-b6adaf9bf556,こうせえっつう女中,fire_water,CR,17,805,2898,0,5ターンの間、リーダーの攻撃力を20%増加させる,counteraction,30,0.45,0.272,1,1,1,0.136,0.8933,0.1806,0,0.4667,0.9859,0.008194
73,83,74,75,em-3776e81d3ee0,ヒポポタリーナ,water,CR,23,3237,2862,3,1ターンの間、火属性の味方全員の攻撃が2回連続攻撃になる,counteraction,4,0.75,0.26,0,0,1,0.28,0.9,0.362,0,0,0.9859,0.003017
74,84,75,79,em-a93e62a47cbd,ホレズ先生,water_wind,CR,25,3494,3043,6,死亡している味方全員を80%のHPで蘇らせる,advantage_creation,4,0.75,0.26,0,0,1,0.26,0.94,0.346,0,0,0.9858,0.002939
75,85,76,80,em-36ce9827163b,検非違使なけいび氏,all,ZR,28,6024,878,2,自身のHPを210%回復する,advantage_creation,4,0.75,0.26,0,0,1,0.26,0.9,0.3433,0,0,0.9601,0.002799
76,86,77,86,em-5a047ed41d97,KJの少女Hi児,all,MZR,48,4941,3919,5,2ターンの間、味方全員の攻撃が3回連続攻撃になる,counteraction,4,0.75,0.26,0,0,1,0.26,0.96,0.3334,0,0,0.9023,0.002553
77,87,78,82,em-a74603ad2679,白虎,water,ZR,36,5112,3408,4,1ターンの間、火属性の敵に対する味方全員の攻撃力を200%増加させる,counteraction,4,0.75,0.26,0,0,1,0.22,0.97,0.2988,0,0,0.9598,0.002654
78,88,79,83,em-314fadaf0ea9,オシラサマ,water,ZR,28,4260,3322,3,味方全員のHPを40%回復する,advantage_creation,4,0.75,0.26,0.25,0,1,0.22,0.92,0.2961,0,0,0.9597,0.002581
79,89,80,91,em-06ed1eae98fc,ソンな福ちゃん,water,MZR,31,3377,3377,1,1ターンの間、味方全員の属性を火属性に変更する,adaptive,4,0.75,0.26,0,0,1,0.21,0.94,0.2944,0,0,0.9016,0.002378
80,90,81,87,em-0592fa7cc27f,クェーサルと仲間たち,water,CR,18,3542,2898,3,2ターンの間、火属性の味方全員の攻撃が3回連続攻撃になる,counteraction,4,0.75,0.26,0,0,1,0.21,0.99,0.2882,0,0,0.9855,0.002541
81,91,82,90,em-7c8471edf1df,ハロハロ☆ナモミさま,water_wind,ZR,36,2556,4260,2,1ターンの間、自身の攻撃力を200%増加させる,counteraction,4,0.75,0.26,0,0,1,0.22,0.92,0.2845,0,0,0.9593,0.002385
82,92,83,89,em-cf9464eec3b4,ヒラメちゃん,water,CR,13,2370,2044,1,1ターンの間、自身の属性を火属性に変更する,adaptive,4,0.75,0.26,0,0,1,0.2,0.9,0.28,0,0,0.9854,0.002389
83,19,84,52,em-5cd1890be20b,イーネちゃんの舟屋,water,ZR,41,3748,4771,1,1ターンの間、攻撃を自身に集中させる(60%カット),advantage_creation,4,0.75,0.26,0.5,0,1,0.22,0.99,0.2795,0.25,0,0.959,0.005711
84,93,85,77,em-d1302899cad6,ナポレオーヌ一世,water,ZR,32,3512,2930,1,5ターンの間、水属性の敵に対する水属性の味方全員の攻撃力を23%増加させる,counteraction,4,0.75,0.26,0.5,0,1,0.2,0.89,0.2762,0,0,0.9589,0.002996
85,94,86,94,em-2c71a7740b67,エルチェの椰子少女,water_wind,MZR,42,4601,4601,5,2ターンの間、風属性の敵に対する味方全員の攻撃力を500%増加させる,counteraction,4,0.75,0.26,0,0,1,0.2,0.95,0.2717,0,0,0.9002,0.002036
86,95,87,96,em-49b522eac464,ジェヴォたんは狼？,all,MZR,43,3006,6022,4,3ターンの間、風属性の味方全員の攻撃が2回連続攻撃になる,counteraction,4,0.75,0.26,0,0,1,0.2,0.93,0.2713,0,0,0.8999,0.001982
87,96,88,85,em-7fd9b48cee31,七夕星人☆たたるんるん,all,CR,20,3220,1610,2,2ターンの間、味方全員の攻撃力を30%増加させる,counteraction,4,0.75,0.26,0.25,0,1,0.19,0.99,0.2707,0,0,0.9851,0.002577
88,97,89,95,em-23638c0715eb,ばけごろう,all,ZR,30,1757,5743,1,3ターンの間、自身の属性を全属性(3色混合)に変更する,adaptive,4,0.75,0.26,0,0,1,0.19,0.94,0.2702,0,0,0.9583,0.002008
89,20,90,50,em-ee43bce0e25f,vにゅーさん,all,MZR,51,3567,5271,1,5ターンの間、自身にダメージを35%軽減するシールドを与える,advantage_creation,4,0.75,0.26,0.5,0,1,0.19,0.93,0.2696,0.25,0,0.8992,0.005728
90,98,91,97,em-d941ef4d2c66,紫禁嬢,water_wind,ZR,34,4692,2801,2,1ターンの間、味方全員に水属性の敵からのダメージを62%軽減するシールドを与える,advantage_creation,4,0.75,0.26,0,0,1,0.19,0.94,0.2696,0,0,0.9581,0.001922
91,99,92,99,em-80894fcaa10c,とんこつ神！博多美子,water,ZR,40,4089,5350,3,3ターンの間、水属性の味方全員の攻撃力を50%増加させる,counteraction,4,0.75,0.26,0,0,1,0.2,0.97,0.2674,0,0,0.9579,0.001873
92,100,93,88,em-8b710fe84fda,モチノ・ウオ丸,water,MZR,32,3902,3254,1,8ターンの間、水属性の敵に対する水属性の味方全員の攻撃力を23%増加させる,counteraction,4,0.75,0.26,0.5,0,1,0.19,0.89,0.2656,0,0,0.8985,0.002399
93,101,94,100,em-78c90c30a11c,夜光虫ほたるん,water,R,14,2265,3020,2,1ターンの間、自身の属性を風属性に変更する,adaptive,4,0.75,0.26,0.25,0,1,0.21,0.98,0.2649,0,0,0.9971,0.00186
94,102,95,102,em-049ada05607b,眠里　不可緒,water,ZR,16,3578,2315,5,3ターンの間、自身の攻撃力を444%増加させる,counteraction,4,0.75,0.26,0,0,1,0.19,0.92,0.2641,0,0,0.9575,0.001751
95,103,96,93,em-1eee6f61a8bd,キングな勝斧さん,water,ZR,31,4601,2726,1,5ターンの間、風属性の敵に対する自身の攻撃力を50%増加させる,counteraction,4,0.75,0.26,0.5,0,1,0.19,0.95,0.2622,0,0,0.9574,0.002171
96,104,97,103,em-577ab88ffefc,河口精進子,water,CR,8,800,1100,7,敵全員の攻撃カウントを2増加させる,ignored,4,0.75,0.26,0,0,1,0.19,0.93,0.2616,0,0,0.9845,0.001745
97,105,98,106,em-7960727b4ac3,伝説のひろし,water,R,15,1681,1714,5,3ターンの間、水属性の味方全員の攻撃力を77%増加させる,counteraction,4,0.75,0.26,0,0,1,0.19,0.9,0.2615,0,0,0.9969,0.001688
98,106,99,108,em-f3ce9865b46f,BeasT5,water,ZR,38,4116,4664,7,水属性の敵全員の攻撃カウントを5増加させる,ignored,4,0.75,0.26,0,0,1,0.19,0.93,0.2615,0,0,0.957,0.001576
99,107,100,109,em-7a8534cb5af6,クレリゴス子様,water,ZR,41,6731,2951,3,1ターンの間、攻撃を自身に集中させる(80%カット),advantage_creation,4,0.75,0.26,0,0,1,0.19,0.99,0.2596,0,0,0.9568,0.001559
100,108,101,115,em-5861838d2e36,ばうあー泥棒,all,MZR,35,4771,3033,4,2ターンの間、火属性の敵に対する自身の攻撃力を1780%増加させる,counteraction,4,0.75,0.26,0,0,1,0.19,0.96,0.2596,0,0,0.8966,0.001418
101,109,102,112,em-65cc0d6a4bcc,TAGIの映画祭,water_wind,ZR,31,3748,2726,5,3ターンの間、水属性の味方全員の攻撃が3回連続攻撃になる,counteraction,4,0.75,0.26,0,0,1,0.19,0.94,0.2581,0,0,0.9566,0.001466
102,110,103,110,em-1fcf0af60c7a,老舗の牛タソ,water,R,14,1000,150,3,1ターンの間、攻撃を自身に集中させる(60%カット),advantage_creation,4,0.75,0.26,0.25,0,1,0.18,0.93,0.2563,0,0,0.9968,0.001539
103,111,104,114,em-cf2619ce2878,俺っち氷河,water,CR,28,3864,3222,2,1ターンの間、味方全員の属性を風属性に変更する,adaptive,4,0.75,0.26,0.25,0,1,0.18,0.97,0.2563,0,0,0.9841,0.001457
104,112,105,113,em-89dedc914b10,ふーちゃん,water,CR,8,1014,413,5,2ターンの間、攻撃を自身に集中させる(50%カット),advantage_creation,4,0.75,0.26,0,0,1,0.19,0.89,0.2563,0,0,0.9841,0.001459
105,113,106,117,em-3a859cb07c11,こんぴらさん先輩,water,CR,25,2898,2898,10,敵全員の攻撃カウントを5増加させる,ignored,4,0.75,0.26,0,0,1,0.19,0.93,0.2563,0,0,0.984,0.001376
106,114,107,116,em-c33cc8cd4298,ほたるんるんるん,water,R,12,1100,1600,2,1ターンの間、自身の属性を風属性に変更する,adaptive,4,0.75,0.26,0,0,1,0.18,0.97,0.2514,0,0,0.9966,0.001404
107,115,108,119,em-b8168a7a90ca,大杉に願いを☆ミ,water_wind,ZR,39,5129,3067,2,1ターンの間、水属性の攻撃を自身に集中させる(77%カット),advantage_creation,4,0.75,0.26,0,0,1,0.18,0.98,0.2494,0,0,0.9557,0.001281
108,116,109,118,em-a5abadbcbc7d,ちょーカーちゃん,water,R,10,700,900,5,敵全員の攻撃カウントを1増加させる。,ignored,4,0.75,0.26,0,0,1,0.18,0.89,0.2483,0,0,0.9966,0.0013
109,117,110,105,em-4b4011b90d8c,ロータス先輩,water_wind,CR,16,1932,1932,6,2ターンの間、味方全員に水属性の敵からのダメージを90%軽減するシールドを与える,advantage_creation,4,0.75,0.26,0.25,0,1,0.18,0.91,0.2461,0,0,0.9838,0.001699
110,118,111,121,em-5a3998126178,TAGOのBOOTH,water_wind,CR,17,2896,2385,6,4ターンの間、水属性の味方全員の攻撃が3回連続攻撃になる,counteraction,4,0.75,0.26,0,0,1,0.17,0.93,0.2448,0,0,0.9837,0.001233
111,119,112,122,em-814151a5ca65,登別ッキー,water,ZR,35,2556,6134,2,水属性の味方全員のスキルカウントを1減少させる,ignored,4,0.75,0.26,0,0,1,0.18,0.94,0.2441,0,0,0.9552,0.001177
112,120,113,107,em-8bc827a54303,勝斧・カンムーリ,water,CR,15,2896,1704,1,4ターンの間、風属性の敵に対する自身の攻撃力を40%増加させる,counteraction,4,0.75,0.26,0.25,0,1,0.18,0.89,0.2388,0,0,0.9836,0.001604
113,121,114,125,em-f119f767f457,アダム＆エバ,fire_water,ZR,50,5112,4260,4,2ターンの間、味方全員の攻撃力を100%増加させる,counteraction,4,0.75,0.26,0,0,1,0.17,0.98,0.2388,0,0,0.9549,0.001135
114,122,115,127,em-089a6280b9d6,御嶽さん,water,ZR,32,5112,3067,4,3ターンの間、自身の攻撃が全体攻撃になる,counteraction,4,0.75,0.26,0,0,1,0.17,0.95,0.2388,0,0,0.9548,0.001086
115,123,116,130,em-13df10c62ab6,MUNAKATA,water,MZR,42,5453,4089,6,4ターンの間、水属性の味方全員の攻撃が全体攻撃になる,counteraction,4,0.75,0.26,0,0,1,0.17,0.97,0.234,0,0,0.8929,0.001008
116,124,117,133,em-2a26d74bb300,鮫っ子！フカオちゃん,water,MZR,21,4430,2996,5,3ターンの間、自身の攻撃力を555%増加させる,counteraction,4,0.75,0.26,0,0,1,0.17,0.99,0.2336,0,0,0.8927,0.000971
117,125,118,129,em-1ab18da48960,白い悪魔の小町さん,water_wind,CR,24,3461,3300,5,3ターンの間、水属性の味方全員の攻撃が全体攻撃になる,counteraction,4,0.75,0.26,0,0,1,0.17,0.93,0.2295,0,0,0.9833,0.001046
118,21,119,63,em-679b3b1b58a8,シャフとリサブス,water_wind,R,25,2944,3548,1,リーダーのHPを110%回復する,advantage_creation,4,0.75,0.26,0.5,0,1,0.16,0.94,0.2261,0.25,0,0.9962,0.00469
119,126,120,138,em-5819b668aba5,ﾌﾗｲﾝｸﾞ･ﾀﾞｯﾁさん,water_wind,MZR,41,3403,4601,5,火属性の敵全員の攻撃カウントを3増加させる,ignored,4,0.75,0.26,0,0,1,0.16,0.99,0.2234,0,0,0.8919,0.000915
120,127,121,132,em-916052b33162,リンゴルモア大王,water,N,7,1269,1128,3,火属性の敵全員の攻撃カウントを1増加させる,ignored,4,0.75,0.26,0,0,1,0.16,0.91,0.2197,0,0,0.9977,0.001006
121,128,122,134,em-55cdacc97f8e,バーチャルおぅぼっと,water,CR,25,4025,1610,7,1ターンの間、味方全員に水属性の敵からのダメージを100%軽減するシールドを与える,advantage_creation,4,0.75,0.26,0,0,1,0.16,0.91,0.2197,0,0,0.9831,0.000965
122,129,123,136,em-4c8a3408455b,泳ぐカネヒラさん,water,ZR,28,3748,3408,2,3ターンの間、自身の属性を火属性に変更する,adaptive,4,0.75,0.26,0,0,1,0.15,0.92,0.2188,0,0,0.9537,0.00093
123,130,124,143,em-4debcfcadf66,艶奴太夫,water_wind,MZR,60,3919,5964,1,3ターンの間、自身の属性を水属性に変更する,adaptive,4,0.75,0.26,0,0,1,0.15,0.98,0.2187,0,0,0.891,0.000852
124,131,125,146,em-ad82a61bcc2a,ｺﾄﾖﾛ!巳ーちゃん様,all,MZR,55,6901,3451,4,2ターンの間、味方全員にダメージを66%軽減するシールドを与える,advantage_creation,4,0.75,0.26,0,0,1,0.15,0.98,0.2187,0,0,0.8907,0.000821
125,132,126,140,em-c3d00c8f1bd5,竜馬は撃ちぬけない,water,ZR,30,4430,4430,1,1ターンの間、味方全員の属性を水属性に変更する,adaptive,4,0.75,0.26,0.25,0,1,0.15,0.89,0.2181,0,0,0.9532,0.000888
126,133,127,141,em-172b59ddb28b,白虎ニート,water,N,4,314,296,5,1ターンの間、水属性の敵に対する自身の攻撃力を200%増加させる,counteraction,4,0.75,0.26,0,0,1,0.15,0.93,0.2181,0,0,0.9976,0.000882
127,134,128,142,em-4c77b2b8ad46,トキシッくんさん,water,N,6,700,600,4,死亡している火属性の味方全員を80%のHPで蘇らせる,advantage_creation,4,0.75,0.26,0,0,1,0.16,0.89,0.2148,0,0,0.9976,0.000869
128,135,129,147,em-e4561d587562,幼心のデメ子さん,water,ZR,25,3178,4089,1,1ターンの間、自身の属性を全属性(3色混合)に変更する,adaptive,4,0.75,0.26,0.25,0,1,0.15,0.94,0.2136,0,0,0.9528,0.00081
129,136,130,145,em-33e6bfd45207,みさきパイセン,water,CR,22,2737,3059,3,1ターンの間、水属性の味方全員の攻撃が2回連続攻撃になる,counteraction,4,0.75,0.26,0,0,1,0.15,0.98,0.2081,0,0,0.9826,0.000822
130,137,131,155,em-ba817035b6a5,ハクさんの本気,water,MZR,38,4601,4089,5,3ターンの間、味方全員の攻撃力を125%増加させる,counteraction,4,0.75,0.26,0,0,1,0.14,0.98,0.2067,0,0,0.8892,0.000755
131,138,132,150,em-7e5ff582788f,INする★パンドラ,water,CR,28,3059,1932,6,1ターンの間、水属性の攻撃を自身に集中させる(100%カット),advantage_creation,4,0.75,0.26,0,0,1,0.14,0.89,0.2049,0,0,0.9825,0.000789
132,139,133,157,em-37ae218b7e9e,有砂小町,water,ZR,40,5112,5112,7,味方全員のスキルカウントを4減少させる,ignored,4,0.75,0.26,0,0,1,0.15,0.9,0.2043,0,0,0.9523,0.000748
133,140,134,161,em-a81a753351d9,戸定梨香,all,MZR,28,3216,3534,4,死亡している味方全員を7%のHPで蘇らせる,advantage_creation,4,0.75,0.26,0,0,1,0.14,0.97,0.2041,0,0,0.8885,0.000701
134,141,135,156,em-f21bf8aa6e67,独眼竜！梵天。,water,CR,23,2254,2576,5,2ターンの間、味方全員の攻撃が全体攻撃になる,counteraction,4,0.75,0.26,0,0,1,0.14,0.89,0.2041,0,0,0.9823,0.000748
135,142,136,152,em-d35809f53912,鎌倉式ＤＢ２零式,water,CR,15,1807,856,9,3ターンの間、攻撃を自身に集中させる(80%カット),advantage_creation,4,0.75,0.26,0,0,1,0.14,0.93,0.2035,0,0,0.9822,0.000784
136,9,137,55,em-23b2ea75fccd,金野デメ子さん,water,MZR,39,4430,5112,0,1ターンの間、自身の属性を全属性(3色混合)に変更する,adaptive,4,0.75,0.26,0.5,1,1,0.14,0.99,0.2025,0.75,0,0.8878,0.005378
137,143,138,159,em-72f5e94185a5,MAIKOちゃん,water,ZR,34,3834,3834,6,1ターンの間、風属性の攻撃を自身に集中させる(100%カット),advantage_creation,4,0.75,0.26,0,0,1,0.14,0.95,0.2008,0,0,0.9516,0.000711
138,144,139,170,em-09abce425d92,超悦者・有砂小町,all,MZR,60,5453,5453,5,3ターンの間、味方全員の属性を全属性(3色混合)に変更する,adaptive,4,0.75,0.26,0,0,1,0.14,0.98,0.2008,0,0,0.8873,0.000628
139,145,140,162,em-57204b8d6ee6,伝説のWoo怪,water,N,12,1126,2393,4,2ターンの間、自身の攻撃が3回連続攻撃になる,counteraction,4,0.75,0.26,0,0,1,0.14,0.96,0.1997,0,0,0.9973,0.000695
140,146,141,160,em-1cd0c7153e75,みさき先輩,water,CR,18,1400,1600,4,1ターンの間、水属性の味方全員の攻撃が2回連続攻撃になる,counteraction,4,0.75,0.26,0,0,1,0.14,0.9,0.1941,0,0,0.9819,0.000707
141,147,142,172,em-bd98030ead3e,首領子襲来!!,water,MZR,33,5680,3786,4,味方全員のHPを111%回復する,advantage_creation,4,0.75,0.26,0,0,1,0.14,0.93,0.1941,0,0,0.8865,0.000622
142,148,143,168,em-5e6cf1fe4c4c,まそお姉ちゃん,water,CR,15,2898,3059,5,1ターンの間、水属性の味方全員の攻撃力を500%増加させる,counteraction,4,0.75,0.26,0,0,1,0.15,0.93,0.1934,0,0,0.9818,0.000644
143,149,144,165,em-737815742386,タオるんさん先輩,water,R,12,800,1000,3,1ターンの間、水属性の攻撃を自身に集中させる。(50%カット),advantage_creation,4,0.75,0.26,0,0,1,0.13,0.98,0.1927,0,0,0.9954,0.000683
144,150,145,166,em-879d09afc46a,アイアン下仁田,water,CR,17,907,900,2,1ターンの間、攻撃をリーダーに集中させる(30%カット),advantage_creation,4,0.75,0.26,0,0,1,0.13,0.9,0.1927,0,0,0.9817,0.000675
145,151,146,167,em-4b42211e8e80,ナモミさん,water,CR,12,200,1200,2,1ターンの間、自身の攻撃力を100%増加させる,counteraction,4,0.75,0.26,0.5,0,1,0.13,0.97,0.1914,0,0,0.9816,0.00066
146,152,147,178,em-0183a7a13db2,かーたん・べーり,fire_water,MZR,32,4089,4089,5,1ターンの間、風属性の攻撃を自身に集中させる(100%カット),advantage_creation,4,0.75,0.26,0,0,1,0.13,0.94,0.1914,0,0,0.8853,0.000564
147,153,148,182,em-2a20d82018a7,強飯式太子君,fire_water,MZR,43,4771,3408,1,火属性の味方全員のHPを40%回復する,advantage_creation,4,0.75,0.26,0.5,0,1,0.13,0.92,0.1914,0,0,0.8851,0.000545
148,154,149,179,em-7a58e59098c4,森神ブーナッド,water,MZR,36,4941,3408,2,風属性の味方全員のHPを120%回復する,advantage_creation,4,0.75,0.26,0.25,0,1,0.13,0.93,0.1902,0,0,0.8848,0.000555
149,155,150,177,em-9991a7ad9a04,ヒラメさん進化中,water,ZR,22,4004,2556,1,1ターンの間、自身の属性を水属性に変更する,adaptive,4,0.75,0.26,0,0,1,0.13,0.88,0.1902,0,0,0.9499,0.000568
150,156,151,188,em-5088462f1ee9,日本一の桃たろす,water,MZR,45,4260,5964,2,1ターンの間、味方全員の属性を火属性に変更する,adaptive,4,0.75,0.26,0,0,1,0.13,0.96,0.1902,0,0,0.8843,0.000511
151,157,152,187,em-d518108f13e3,トランシルヴァニア家族,water,MZR,45,5350,6059,2,2ターンの間、自身の攻撃が2回連続攻撃になる,counteraction,4,0.75,0.26,0,0,1,0.13,0.91,0.1835,0,0,0.8841,0.000515
152,158,153,195,em-7419b64dec0e,天の飛龍巻,all,MZR,42,5623,3748,2,1ターンの間、味方全員の属性を風属性に変更する,adaptive,4,0.75,0.26,0,0,1,0.13,0.93,0.1795,0,0,0.8838,0.000492
153,159,154,197,em-b943dbad0d0c,姫武者伏姫,water,MZR,54,6253,3823,5,2ターンの間、攻撃を自身に集中させる(85%カット),advantage_creation,4,0.75,0.26,0,0,1,0.12,0.94,0.1788,0,0,0.8836,0.000485
154,160,155,200,em-7b7bc6faa9ba,パティは実況勢,all,MZR,41,5623,3352,2,1ターンの間、自身にダメージを77%軽減するシールドを与える,advantage_creation,4,0.75,0.26,0,0,1,0.12,0.92,0.1788,0,0,0.8833,0.000476
155,161,156,201,em-7f58743c664e,ポリミタス☆おかいこ,fire_water,MZR,34,4771,3069,2,3ターンの間、自身の属性を風属性に変更する,adaptive,4,0.75,0.26,0,0,1,0.12,0.91,0.1787,0,0,0.8831,0.000471
156,162,157,183,em-10c2721383dd,京子☆リフレッシュ,water_wind,CR,23,2035,3239,5,2ターンの間、味方全員に風属性の敵からのダメージを75%軽減するシールドを与える,advantage_creation,4,0.75,0.26,0,0,1,0.12,0.94,0.1781,0,0,0.981,0.000545
157,163,158,193,em-c6337efaceae,ｴﾚｶﾞﾝﾄ☆トラボル子,all,ZR,47,4260,4771,5,3ターンの間、水属性の味方全員の攻撃が全体攻撃になる,counteraction,4,0.75,0.26,0,0,1,0.12,0.92,0.1781,0,0,0.9488,0.000501
158,164,159,199,em-df40dba7c56a,高野さん,fire_water,ZR,34,4089,4089,5,風属性の味方全員のスキルカウントを4減少させる,ignored,4,0.75,0.26,0,0,1,0.12,0.89,0.1781,0,0,0.9486,0.000484
159,165,160,192,em-d7e5ef0e4b97,実はこんにゃくちゃん,water,N,9,1198,1204,7,4ターンの間、攻撃を自身に集中させる(90%カット),advantage_creation,4,0.75,0.26,0,0,1,0.12,0.94,0.1763,0,0,0.9969,0.000507
160,166,161,194,em-7b3e9b66e40d,叶う！クルス様,water,R,12,1699,1699,1,1ターンの間、自身の属性を火属性に変更する,adaptive,4,0.75,0.26,0,0,1,0.12,0.89,0.1763,0,0,0.9948,0.000498
161,167,162,196,em-7f18b9c64c74,家族贖罪という字面,water,ZR,40,5964,1704,3,5ターンの間、味方全員に火属性の敵からのダメージを45%軽減するシールドを与える,advantage_creation,4,0.75,0.26,0.25,0,1,0.12,0.9,0.1763,0,0,0.9482,0.000487
162,168,163,206,em-70a9a07ea8d9,うさ☆八幡さま,water_wind,MZR,60,5964,5964,6,火属性の敵全員の攻撃カウントを3増加させる,ignored,4,0.75,0.26,0,0,1,0.12,0.97,0.1763,0,0,0.8813,0.000432
163,169,164,208,em-7b76cc31326e,迷走のヴァニ江,all,MZR,36,4379,2505,2,1ターンの間、水属性の味方全員にダメージを66%軽減するシールドを与える,advantage_creation,4,0.75,0.26,0.25,0,1,0.12,0.89,0.176,0,0,0.8811,0.000428
164,170,165,189,em-428a2893945d,雪愛ちゃん,water,CR,8,590,630,3,1ターンの間、味方全員の属性を水属性に変更する,adaptive,4,0.75,0.26,0.25,0,1,0.12,0.88,0.1748,0,0,0.9805,0.000509
165,171,166,198,em-4afb3d011e67,得琉田浜蔵,water,R,12,2696,1992,3,2ターンの間、味方全員の属性を水属性に変更する,adaptive,4,0.75,0.26,0,0,1,0.12,0.9,0.1748,0,0,0.9947,0.000485
166,172,167,202,em-5284c689c7b6,ジャウー大先生,water,CR,15,805,3220,4,水属性の味方全員のスキルカウントを2減少させる,ignored,4,0.75,0.26,0,0,1,0.12,0.98,0.1748,0,0,0.9804,0.000467
167,173,168,205,em-49cfaec18be0,富士五子ＢＴ５,water,CR,20,2415,2737,6,敵全員の攻撃カウントを3増加させる,ignored,4,0.75,0.26,0,0,1,0.13,0.93,0.1742,0,0,0.9803,0.000447
168,174,169,203,em-99d6f9e928d6,京子中学２４年生,water,R,8,620,612,4,1ターンの間、味方全員に風属性の敵からのダメージを80%軽減するシールドを与える,advantage_creation,4,0.75,0.26,0,0,1,0.12,0.92,0.1732,0,0,0.9946,0.000451
169,175,170,213,em-438753e77e6c,デロスの月陽姉弟,fire_water,MZR,41,3237,5453,2,味方全員のHPを60%回復する,advantage_creation,4,0.75,0.26,0.25,0,1,0.11,0.89,0.1641,0,0,0.8796,0.000407
170,176,171,215,em-bbce42d72486,東がエデン,fire_water,MZR,50,5112,5112,0,1ターンの間、自身の属性を火属性に変更する,adaptive,4,0.75,0.26,0,1,1,0.11,0.98,0.1641,0,0,0.8793,0.000401
171,177,172,207,em-29a5da4c1e2f,有棘画工,water,CR,20,4025,805,3,5ターンの間、自身の攻撃が2回連続攻撃になる,counteraction,4,0.75,0.26,0,0,1,0.11,0.89,0.1641,0,0,0.98,0.00043
172,178,173,212,em-59a8f156dec4,クロアリ,water,ZR,60,4089,4089,3,1ターンの間、水属性の味方全員の攻撃が3回連続攻撃になる,counteraction,4,0.75,0.26,0,0,1,0.11,0.93,0.1641,0,0,0.9466,0.00041
173,179,174,209,em-e501cdcbd254,サタデーナイト郡上２,water,R,9,600,700,6,1ターンの間、味方全員の攻撃が全体攻撃になる,counteraction,4,0.75,0.26,0,0,1,0.11,0.89,0.1627,0,0,0.9944,0.000423
174,180,175,216,em-42e9353377ee,吉野スライム♂,water,ZR,40,5078,2078,3,風属性の味方全員のスキルカウントを2減少させる,ignored,4,0.75,0.26,0,0,1,0.11,0.98,0.1627,0,0,0.9463,0.000396
175,181,176,211,em-54ee851ff3fb,zuス様とsiラ様,water,N,10,1410,987,4,3ターンの間、水属性の敵に対する味方全員の攻撃力を90%増加させる,counteraction,4,0.75,0.26,0,0,1,0.11,0.94,0.1616,0,0,0.9966,0.000413
176,182,177,131,em-3767457f6cce,ｷﾗﾒｷﾒﾗ☆ヒラメ様,water,MZR,40,5367,2215,1,2ターンの間、自身の属性を風属性に変更する,adaptive,4,0.75,0.26,0.5,0,1,0.11,0.9,0.1616,0,0,0.8778,0.001008
177,183,178,221,em-0784bb7beecf,ダリア・宮子・9,water_wind,MZR,42,4771,4089,0,味方全員のHPを25%回復する,advantage_creation,4,0.75,0.26,1,1,1,0.11,0.99,0.1608,0,0,0.8776,0.000363
178,184,179,204,em-62efa937d743,素敵なびわ子たん,water,N,7,500,480,4,1ターンの間、味方全員に風属性の敵からのダメージを80%軽減するシールドを与える,advantage_creation,4,0.75,0.26,0,0,1,0.11,0.89,0.1578,0,0,0.9965,0.000449
179,185,180,225,em-52de8bb54262,ボビンちゃん,water,MZR,33,3748,4771,3,1ターンの間、味方全員にダメージを66%軽減するシールドを与える,advantage_creation,4,0.75,0.26,0,0,1,0.11,0.94,0.1534,0,0,0.8771,0.000347
180,186,181,219,em-a20c59ca87c1,Let's☆ハチ公,fire_water,ZR,33,6560,1448,5,敵全員の攻撃カウントを2増加させる,ignored,4,0.75,0.26,0,0,1,0.1,0.9,0.1528,0,0,0.9455,0.000371
181,187,182,229,em-e8331e3aec6c,辰の子ぴよ子,all,MZR,70,6898,4089,10,6ターンの間、味方全員の攻撃が10回連続攻撃になる,counteraction,4,0.75,0.26,0,0,1,0.1,0.97,0.1521,0,0,0.8766,0.000346
182,188,183,214,em-a06f040c9490,冬の加奈多パレード,water,伝,80,9542,5282,2,3ターンの間、自身の攻撃力を150%増加させる,counteraction,4,0.75,0.26,0.5,0,1,0.1,0.98,0.1521,0,0,0.3646,0.000402
183,22,184,72,em-cc1dd429dace,?????,fire_water,MZR,58,4171,4737,1,1ターンの間、味方全員に火属性の敵からのダメージを40%軽減するシールドを与える,advantage_creation,4,0.75,0.26,0.5,0,1,0.1,0.93,0.1515,0.25,0,0.8761,0.003589
184,189,185,218,em-423f5963c7c2,超患部ぴよフェッサー,water,CR,15,3220,2093,2,死亡している火属性の味方全員を1%のHPで蘇らせる,advantage_creation,4,0.75,0.26,0,0,1,0.1,0.93,0.1515,0,0,0.9793,0.000372
185,190,186,210,em-434faacf4307,Woo怪くん,water,N,6,500,600,7,1ターンの間、自身の攻撃が3回連続攻撃になる,counteraction,4,0.75,0.26,0,0,1,0.1,0.98,0.1515,0,0,0.9964,0.000414
186,191,187,238,em-0e376d1892df,メネリくん一世,all,MZR,72,6134,3067,4,3ターンの間、攻撃を自身に集中させる(72%カット),advantage_creation,4,0.75,0.26,0,0,1,0.1,0.9,0.15,0,0,0.8753,0.000325
187,192,188,226,em-a7fc49aa8c73,広報担当：アッシュ,fire_water,ZR,37,5112,3748,2,1ターンの間、火属性の攻撃を自身に集中させる。(70%カット),advantage_creation,4,0.75,0.26,0,0,1,0.1,0.94,0.15,0,0,0.9445,0.000346
188,193,189,217,em-cd5bbd27a3ee,熊とか絶対殺すマン,water,ZR,40,4086,4771,5,敵全員の攻撃カウントを2増加させる,ignored,4,0.75,0.26,0,0,1,0.1,0.9,0.1495,0,0,0.9443,0.000378
189,194,190,230,em-a66d3edc0ac1,水戸Come On!,water,ZR,38,3493,3237,4,敵全員の攻撃カウントを1増加させる,ignored,4,0.75,0.26,0,0,1,0.1,0.91,0.1495,0,0,0.9442,0.000344
190,195,191,242,em-d0639c20e6b1,ユーコ☆宇宙,all,MZR,24,4260,2556,4,死亡している風属性の味方全員を25%のHPで蘇らせる,advantage_creation,4,0.75,0.26,0,0,1,0.1,0.89,0.1495,0,0,0.8743,0.000313
191,196,192,232,em-96a3648b46e2,チョコ染めの安井さん,water,ZR,32,3646,4089,3,1ターンの間、攻撃をリーダーに集中させる(85%カット),advantage_creation,4,0.75,0.26,0,0,1,0.1,0.98,0.1495,0,0,0.9439,0.000335
192,197,193,234,em-7fafc017f6f6,水蛭子リターンズ,water,MZR,43,6816,3408,7,死亡している水属性の味方全員を200%のHPで蘇らせる,advantage_creation,4,0.75,0.26,0,0,1,0.1,0.99,0.1487,0,0,0.8738,0.00033
193,198,194,236,em-78c7d71a75d2,美音三銃士を連れてきたよ,all,ZR,50,6475,3748,5,死亡している味方全員を20%のHPで甦らせる,advantage_creation,4,0.75,0.26,0,0,1,0.1,0.89,0.1487,0,0,0.9436,0.000329
194,199,195,231,em-7fe8d05d0c62,艶やかヤッコ,water_wind,ZR,30,3135,3408,0,2ターンの間、自身の属性を水属性に変更する,adaptive,4,0.75,0.26,0,1,1,0.1,0.93,0.1462,0,0,0.9435,0.000341
195,200,196,223,em-5a81e8231a65,宗像スリーピース,water,ZR,39,4601,4089,5,2ターンの間、水属性の味方全員の攻撃が全体攻撃になる,counteraction,4,0.75,0.26,0,0,1,0.09,0.89,0.1382,0,0,0.9433,0.00036
196,201,197,227,em-3911cf0df99b,あずま京子という女,water,R,14,1687,1687,3,2ターンの間、味方全員に風属性の敵からのダメージを80%軽減するシールドを与える,advantage_creation,4,0.75,0.26,0,0,1,0.09,0.89,0.1382,0,0,0.9936,0.000346
197,202,198,248,em-2d179e9f0835,ﾇｯと出る☆ウイス君,water,MZR,36,5354,2486,2,4ターンの間、リーダーの攻撃力を140%増加させる,counteraction,4,0.75,0.26,0,0,1,0.09,0.89,0.1382,0,0,0.8725,0.000297
198,203,199,235,em-4ae7fba92e2c,アデヤッコちゃん,water_wind,CR,27,2351,2556,0,2ターンの間、自身の属性を水属性に変更する,adaptive,4,0.75,0.26,0,1,1,0.09,0.97,0.1382,0,0,0.9784,0.00033
199,204,200,224,em-42016d3a2172,織田フィナーレ,water,ZR,42,2556,5964,5,2ターンの間、水属性の味方全員の攻撃が3回連続攻撃になる,counteraction,4,0.75,0.26,0,0,1,0.09,0.94,0.1368,0,0,0.9428,0.000348
200,205,201,222,em-8b0ee22a5cd7,ドナドナう皮,all,R,26,1676,1664,3,2ターンの間、攻撃を自身に集中させる(60%カット),advantage_creation,4,0.75,0.26,0,0,1,0.09,0.92,0.1367,0,0,0.9935,0.00036
201,206,202,246,em-54cb13a72721,不思議の海のモヅルン,fire_water,MZR,60,6475,4941,3,1ターンの間、風属性の攻撃を自身に集中させる(92%カット),advantage_creation,4,0.75,0.26,0,0,1,0.09,0.9,0.1341,0,0,0.8715,0.000301
202,207,203,158,em-83954a93a691,閃きのヒラメちゃん,fire_water,MZR,60,6560,4430,2,4ターンの間、自身の属性を全属性(3色混合)に変更する,adaptive,4,0.75,0.26,0.25,0,1,0.09,0.97,0.1341,0,0,0.8712,0.000731
203,208,204,239,em-904dc3a6cb19,ɚすぃとLulu？,water_wind,ZR,24,4260,2726,3,1ターンの間、攻撃を自身に集中させる(80%カット),advantage_creation,4,0.75,0.26,0,0,1,0.09,0.93,0.1341,0,0,0.9422,0.000317
204,209,205,233,em-0ba3ddcc384c,雛段芸人☆さくらんず,all,R,16,1510,1887,5,味方全員のスキルカウントを2減少させる,ignored,4,0.75,0.26,0,0,1,0.09,0.89,0.1341,0,0,0.9933,0.000331
205,210,206,220,em-08f945aef274,朦朧ボディマン,water,R,6,200,500,11,1ターンの間、味方全員の攻撃が4回連続攻撃になる,counteraction,4,0.75,0.26,0,0,1,0.08,0.92,0.1235,0,0,0.9933,0.000364
206,211,207,154,em-b0799e52d0a8,カヌーイング・ケベック,water,ZR,28,3674,2641,1,2ターンの間、水属性の敵に対する自身の攻撃力を75%増加させる,counteraction,4,0.75,0.26,0.5,0,1,0.08,0.9,0.1235,0,0,0.9418,0.000755
207,212,208,240,em-4299af9bd2dc,皐月むりょく,all,N,4,614,614,6,リーダーのスキルカウントを1減少させる,ignored,4,0.75,0.26,0,0,1,0.08,0.92,0.1235,0,0,0.9959,0.000316
208,213,209,243,em-837ddd274c7d,夢見る夢ナマコ,water,ZR,15,2224,1226,6,1ターンの間、水属性の攻撃をリーダーに集中させる(95%カット),advantage_creation,4,0.75,0.26,0,0,1,0.08,0.94,0.1214,0,0,0.9415,0.000313
209,214,210,258,em-c358b6553866,ご機嫌斜めのウィーン様,all,MZR,58,4941,2896,5,3ターンの間、味方全員の攻撃力を150%増加させる,counteraction,4,0.75,0.26,0,0,1,0.08,0.91,0.1187,0,0,0.8695,0.000276
210,215,211,263,em-37e222cb9f2b,いんばーぬたん,water,MZR,53,3748,4771,2,2ターンの間、水属性の敵に対する水属性の味方全員の攻撃力を100%増加させる,counteraction,4,0.75,0.26,0,0,1,0.08,0.97,0.1187,0,0,0.8692,0.000272
211,216,212,241,em-a5c7dcdde3ff,水島神人発見される,water,R,10,900,400,4,1ターンの間、攻撃を自身に集中させる(70%カット),advantage_creation,4,0.75,0.26,0,0,1,0.07,0.94,0.1096,0,0,0.9931,0.000313
212,217,213,228,em-58b6cf5f2d45,忍者！フゥーま,water_wind,R,6,500,500,5,1ターンの間、攻撃をリーダーに集中させる(65%カット),advantage_creation,4,0.75,0.26,0,0,1,0.07,0.89,0.1081,0,0,0.9931,0.000346
213,218,214,237,em-2b7450b3b8b1,トンコー先生,water,R,15,1510,1510,3,2ターンの間、自身の攻撃が5回連続攻撃になる,counteraction,4,0.75,0.26,0,0,1,0.06,0.94,0.0942,0,0,0.993,0.000329
214,219,215,244,em-07a788dc89b4,シャボテン丸,water,R,11,400,600,6,死亡している味方全員を30%のHPで蘇らせる,advantage_creation,4,0.75,0.26,0,0,1,0.06,0.99,0.0942,0,0,0.993,0.00031
215,220,216,954,em-962f1faafed7,三貴子アマテラス,fire_water,伝,75,10309,5112,5,死亡している味方全員を20%のHPで蘇らせる,advantage_creation,4,0.75,0.26,0,0,1,0.05,0.98,0.0795,0,0,0.3578,0.000112
216,221,217,245,em-1a814a6b20cf,未来のモア蔵,water,N,5,920,160,4,1ターンの間、攻撃を自身に集中させる(30%カット),advantage_creation,4,0.75,0.26,0,0,1,0.05,0.89,0.0795,0,0,0.9958,0.000309
217,222,218,247,em-8cafabee26c4,ホルトバージ君,water_wind,R,22,5285,830,2,4ターンの間、水属性の敵に対する自身の攻撃力を400%増加させる,counteraction,4,0.625,0.1559,0,0,1,0.27,0.93,0.3301,0,0,0.9929,0.000298
218,223,219,249,em-40c34074cbb0,おかいこさま,water,CR,17,2756,2511,4,2ターンの間、味方全員の属性を風属性に変更する,adaptive,4,0.625,0.1559,0,0,1,0.24,0.91,0.2968,0,0,0.9771,0.000292
219,224,220,255,em-ba3e87e06882,ぴよ子ファーザー,water,ZR,20,357,3577,4,2ターンの間、自身の攻撃力を400%増加させる,counteraction,4,0.625,0.1559,0,0,1,0.2,0.99,0.2614,0,0,0.9399,0.000281
220,225,221,286,em-cc181917eaeb,無双中な宗茂さん,all,MZR,60,6405,4941,2,1ターンの間、自身の攻撃が全体攻撃になる,counteraction,4,0.625,0.1559,0,0,1,0.2,0.89,0.2472,0,0,0.8666,0.000257
221,226,222,250,em-90b0d123f99e,かんきゅっちゃん,water,CR,15,2817,2817,5,水属性の敵全員の攻撃カウントを2増加させる,ignored,4,0.625,0.1559,0,0,1,0.18,0.99,0.2401,0,0,0.977,0.000289
222,227,223,252,em-251adb8af3dc,にくぁう餃子権現,all,CR,30,1365,3638,4,2ターンの間、風属性の敵に対する自身の攻撃力を1000%増加させる,counteraction,4,0.625,0.1559,0,0,1,0.18,0.96,0.2401,0,0,0.9769,0.000287
223,228,224,253,em-c67e33bb61cf,鎌倉式ＤＢ２涅槃型改,water,CR,19,4105,1690,9,4ターンの間、攻撃を自身に集中させる(90%カット),advantage_creation,4,0.625,0.1559,0,0,1,0.18,0.89,0.2377,0,0,0.9768,0.000286
224,229,225,308,em-83c97b8f4e6e,アルルのキャミー,water,MZR,40,4001,6236,4,水属性の味方全員のHPを166%回復する,advantage_creation,4,0.625,0.1559,0,0,1,0.19,0.95,0.2332,0,0,0.8656,0.000253
225,230,226,251,em-d9ea7f0897f2,山ガール！？さなこりん,water_wind,R,15,2567,1225,6,2ターンの間、味方全員の攻撃が3回連続攻撃になる,counteraction,4,0.625,0.1559,0,0,1,0.17,0.89,0.228,0,0,0.9926,0.000289
226,231,227,337,em-773b001a1189,おづぬ様,fire_water,MZR,60,4260,6816,5,4ターンの間、リーダーの攻撃力を555%増加させる,counteraction,4,0.625,0.1559,0,0,1,0.17,0.92,0.228,0,0,0.8651,0.000251
227,232,8,104,em-8d38e9c3aa92,オルカアタッカー虎子,water_wind,伝,70,9202,6134,1,3ターンの間、火属性の敵に対する自身の攻撃力を111%増加させる,counteraction,4,0.625,0.1559,0.75,0,1,0.18,0.94,0.2186,0,0.25,0.3553,0.001725
228,233,228,380,em-aefb52be8eca,半間鮫子,fire_water,MZR,52,3411,6823,2,1ターンの間、風属性の味方全員の攻撃が2回連続攻撃になる,counteraction,4,0.625,0.1559,0,0,1,0.16,0.9,0.2178,0,0,0.8646,0.000249
229,234,229,264,em-048f5c5385db,Mr.バトラー,all,ZR,34,4771,3067,1,1ターンの間、自身の属性を風属性に変更する,adaptive,4,0.625,0.1559,0.75,0,1,0.17,0.99,0.2162,0,0,0.9384,0.000269
230,235,230,266,em-1eb5e932843b,ダンブッラの蘭,fire_water,ZR,38,5112,3578,2,1ターンの間、風属性の味方全員にダメージを70%軽減するシールドを与える,advantage_creation,4,0.625,0.1559,0.25,0,1,0.16,0.93,0.2153,0,0,0.9383,0.000268
231,236,231,531,em-cea68c425163,跛荒の鉄男大先生,fire_water,MZR,51,4686,6625,3,2ターンの間、自身の攻撃が4回連続攻撃になる,counteraction,4,0.625,0.1559,0,0,1,0.16,0.93,0.2118,0,0,0.8638,0.000247
232,237,232,257,em-4dc27428f645,よりりんＫ林スタイル,fire_water,CR,24,2576,2576,2,1ターンの間、味方全員の属性を風属性に変更する,adaptive,4,0.625,0.1559,0.25,0,1,0.16,0.9,0.2118,0,0,0.9763,0.000278
233,238,233,254,em-0d41ec5f78f0,じょーカーくん,water,R,6,500,600,6,敵全員の攻撃カウントを1増加させる。,ignored,4,0.625,0.1559,0,0,1,0.15,0.89,0.2082,0,0,0.9923,0.000282
234,10,234,53,em-c8db19de00fd,ワロンマイナー輩先,water,R,13,2953,1328,1,水属性の味方全員のHPを50%回復する,advantage_creation,4,0.625,0.1559,0.25,0,1,0.15,0.89,0.2072,0.75,0,0.9923,0.005514
235,239,235,268,em-ec5b8324ab06,袴着！いつくしーみん,water,ZR,36,3401,3401,2,2ターンの間、風属性の敵に対する自身の攻撃力を753%増加させる,counteraction,4,0.625,0.1559,0,0,1,0.17,0.94,0.2031,0,0,0.9375,0.000265
236,240,236,271,em-480a0eef6d7b,ピカリャー射的ｽﾀｲﾙ,fire_water,ZR,45,3786,3786,2,1ターンの間、自身の攻撃が全体攻撃になる,counteraction,4,0.625,0.1559,0,0,1,0.15,0.93,0.202,0,0,0.9374,0.000264
237,241,237,261,em-7930454375ec,パラワン探検隊,water,CR,18,3219,3333,4,2ターンの間、風属性の味方全員の攻撃が全体攻撃になる,counteraction,4,0.625,0.1559,0,0,1,0.15,0.97,0.202,0,0,0.976,0.000274
238,242,238,274,em-53fae101e208,水海　月,water,ZR,34,3288,4260,1,1ターンの間、火属性の攻撃を自身に集中させる(80%カット),advantage_creation,4,0.625,0.1559,0.5,0,1,0.15,0.94,0.1978,0,0,0.9371,0.000262
239,243,239,256,em-f8d808926639,吉野スライミング,water,N,8,690,390,5,2ターンの間、攻撃を自身に集中させる(70%カット),advantage_creation,4,0.625,0.1559,0,0,1,0.14,0.89,0.1966,0,0,0.9953,0.000279
240,244,240,699,em-40bd3b1e44fa,五月病の悪魔の契約,fire_water,MZR,55,4123,4226,4,2ターンの間、水属性の味方全員の攻撃が全体攻撃になる,counteraction,4,0.625,0.1559,0,0,1,0.14,0.94,0.1961,0,0,0.8615,0.00024
241,245,241,259,em-f8a40042a8dc,王家の騎士,water,R,10,650,550,8,2ターンの間、水属性の攻撃を自身に集中させる(60%カット),advantage_creation,4,0.625,0.1559,0,0,1,0.14,0.9,0.1961,0,0,0.9921,0.000275
242,246,242,260,em-ff9248487a17,じょーカー＆ちょーカー,water,R,14,800,1000,5,敵全員の攻撃カウントを1増加させる。,ignored,4,0.625,0.1559,0,0,1,0.14,0.89,0.1918,0,0,0.992,0.000275
243,247,243,282,em-ffdcaffc4a41,雑煮入り☆うるっしー,all,ZR,36,3443,3443,4,2ターンの間、攻撃を自身に集中させる(80%カット),advantage_creation,4,0.625,0.1559,0,0,1,0.14,0.89,0.188,0,0,0.9363,0.000258
244,248,244,265,em-2f9e3ad50fc8,やまなしーヌの心,water_wind,CR,25,2415,2576,3,味方全員のスキルカウントを1減少させる,ignored,4,0.625,0.1559,0,0,1,0.14,0.99,0.188,0,0,0.9755,0.000269
245,249,245,284,em-d111f497df0f,湘南大水曜日ボーイ,water,ZR,40,2044,5623,4,1ターンの間、水属性の味方全員の攻撃力を200%増加させる,counteraction,4,0.625,0.1559,0,0,1,0.13,0.93,0.1845,0,0,0.936,0.000258
246,250,246,267,em-e7480334e10e,脱力系アテナ,fire_water,CR,33,4186,1610,0,1ターンの間、風属性の敵に対する自身の攻撃力を355%増加させる,counteraction,4,0.625,0.1559,0.5,1,1,0.13,0.91,0.1834,0,0,0.9754,0.000268
247,251,247,262,em-643d05a15e4e,エビユルゲ大佐,water,N,5,520,460,2,1ターンの間、自身の属性を火属性に変更する,adaptive,4,0.625,0.1559,0,0,1,0.14,0.95,0.1832,0,0,0.9951,0.000273
248,252,248,144,em-294f61da0084,Ｃ・Ｃ☆電車姫,fire_water,CR,22,3741,1973,4,3ターンの間、自身の攻撃力を200%増加させる,counteraction,4,0.625,0.1559,0.5,0,1,0.14,0.94,0.1832,0,0,0.9753,0.000827
249,253,249,756,em-14cb05f591ca,牛鬼だうわーっ！,water_wind,MZR,45,3919,2556,2,4ターンの間、自身の攻撃が2回連続攻撃になる,counteraction,4,0.625,0.1559,0,0,1,0.13,0.91,0.1812,0,0,0.8591,0.000234
250,254,250,763,em-c6a0a8b51afe,ライオットうお太,water,MZR,41,3152,4175,4,2ターンの間、味方全員に水属性の敵からのダメージを75%軽減するシールドを与える,advantage_creation,4,0.625,0.1559,0,0,1,0.13,0.89,0.1812,0,0,0.8589,0.000233
251,255,251,269,em-bd35a359234a,ジョーカーくん,water,CR,18,805,3935,3,火属性の味方全員のスキルカウントを3減少させる,ignored,4,0.625,0.1559,0,0,1,0.13,0.93,0.1779,0,0,0.9751,0.000264
252,256,252,770,em-dba7b79429bc,サルパ王＆女王,water,MZR,60,5453,3748,2,1ターンの間、自身の攻撃が4回連続攻撃になる,counteraction,4,0.625,0.1559,0,0,1,0.13,0.93,0.1734,0,0,0.8583,0.000233
253,257,253,306,em-05de078a2e7c,幼妻！エンゼルちゃん,all,ZR,22,1993,2913,3,水属性の味方全員のHPを100%回復する,advantage_creation,4,0.625,0.1559,0.25,0,1,0.13,0.93,0.1734,0,0,0.9349,0.000253
254,258,254,313,em-845e49247e45,ウサポワン海人,all,ZR,20,1533,2607,3,1ターンの間、攻撃を自身に集中させる(88%カット),advantage_creation,4,0.625,0.1559,0,0,1,0.13,0.92,0.1734,0,0,0.9347,0.000253
255,259,255,320,em-bb2bd26d4796,のり男の浪漫,water_wind,ZR,36,3098,2695,2,2ターンの間、火属性の攻撃を自身に集中させる(75%カット),advantage_creation,4,0.625,0.1559,0,0,1,0.13,0.92,0.1734,0,0,0.9346,0.000252
256,260,256,788,em-378e340695dc,スクナクナクナクス,fire_water,MZR,50,6816,3408,2,1ターンの間、自身の攻撃が全体攻撃になる,counteraction,4,0.625,0.1559,0,0,1,0.13,0.96,0.1734,0,0,0.8573,0.00023
257,5,257,54,em-106b8d6fe4c5,ドヤ顔の女帝瑠璃,water,MZR,60,4430,4089,1,1ターンの間、水属性の味方全員に水属性の敵からのダメージを50%軽減するシールドを与える,advantage_creation,4,0.625,0.1559,0.5,0,1,0.12,0.91,0.1724,1,0,0.857,0.005449
258,261,258,340,em-5ca14322a82d,蓮那由太郎,water,ZR,43,4771,3493,5,2ターンの間、味方全員の攻撃力を150%増加させる,counteraction,4,0.625,0.1559,0,0,1,0.12,0.93,0.1724,0,0,0.9341,0.00025
259,262,259,275,em-96ed71805a40,白鷺日女路嬢,water,CR,21,4830,1255,3,自身のHPを60%回復する,advantage_creation,4,0.625,0.1559,0.25,0,1,0.12,0.89,0.1718,0,0,0.9746,0.000261
260,263,260,277,em-6437dd94e076,河口西子,water,CR,15,900,1300,6,敵全員の攻撃カウントを2増加させる,ignored,4,0.625,0.1559,0,0,1,0.13,0.89,0.1677,0,0,0.9745,0.00026
261,264,261,175,em-6b69fff3a46d,怒るよ!!勝斧さん,water,MZR,47,6164,3748,1,6ターンの間、風属性の敵に対する自身の攻撃力を60%増加させる,counteraction,4,0.625,0.1559,0.5,0,1,0.13,0.93,0.1677,0,0,0.856,0.000577
262,265,262,803,em-b7d1205bd3a7,すーぱーサイアン,fire_water,MZR,60,5964,5964,12,1ターンの間、自身の攻撃力を99999%増加させる,counteraction,4,0.625,0.1559,0,0,1,0.12,0.89,0.1673,0,0,0.8557,0.000228
263,266,263,805,em-1bcd64d199fb,ケロッとる☆キング,water,MZR,31,1533,5708,2,3ターンの間、自身の属性を風属性に変更する,adaptive,4,0.625,0.1559,0,0,1,0.12,0.94,0.1632,0,0,0.8555,0.000228
264,267,264,270,em-2a01f5ee5de4,ガラパゴスおぅぼっと,water,R,12,1200,600,4,2ターンの間、味方全員にダメージを40%軽減するシールドを与える,advantage_creation,4,0.625,0.1559,0,0,1,0.11,0.93,0.1597,0,0,0.9912,0.000264
265,268,265,806,em-9413da55b7e0,ヤマピカリャーコ,all,MZR,47,4515,5095,2,1ターンの間、リーダーの攻撃が3回連続攻撃になる,counteraction,4,0.625,0.1559,0,0,1,0.11,0.89,0.1597,0,0,0.8549,0.000227
266,269,266,281,em-eb9cb098a2c1,加留多ヘナ造,water,CR,18,2898,2737,2,1ターンの間、味方全員に火属性の敵からのダメージを70%軽減するシールドを与える,advantage_creation,4,0.625,0.1559,0,0,1,0.11,0.98,0.1586,0,0,0.9741,0.000259
267,270,267,273,em-24d2ab142253,アグスティンさん,all,R,12,2869,1359,5,1ターンの間、味方全員の攻撃が5回連続攻撃になる,counteraction,4,0.625,0.1559,0,0,1,0.11,0.9,0.1586,0,0,0.9911,0.000262
268,271,268,813,em-6d1e4c915f30,チートモードな楽趣味さん,fire_water,MZR,48,5964,1278,1,2ターンの間、自身の攻撃が2回連続攻撃になる,counteraction,4,0.625,0.1559,0,0,1,0.11,0.89,0.1586,0,0,0.8541,0.000226
269,272,269,272,em-39a55990bbc4,願え！クルスさん,water,R,11,800,800,1,1ターンの間、自身の属性を火属性に変更する,adaptive,4,0.625,0.1559,0,0,1,0.12,0.92,0.158,0,0,0.9911,0.000263
270,273,270,536,em-9cd3d68e61d0,渦巻王ナルテュール,water,ZR,45,1704,6134,6,3ターンの間、自身の攻撃が6回連続攻撃になる,counteraction,4,0.625,0.1559,0,0,1,0.12,0.99,0.158,0,0,0.9323,0.000246
271,274,271,285,em-558066e14c81,ダブル・ブロッコリー,water_wind,CR,33,2595,2436,3,2ターンの間、味方全員にダメージを50%軽減するシールドを与える,advantage_creation,4,0.625,0.1559,0,0,1,0.12,0.94,0.158,0,0,0.9738,0.000257
272,275,272,817,em-95694ab0605a,超★メジェド様,all,MZR,44,2300,3432,2,1ターンの間、攻撃を自身に集中させる(90%カット),advantage_creation,4,0.625,0.1559,0.25,0,1,0.12,0.94,0.158,0,0,0.8531,0.000225
273,276,273,819,em-bffb26ad3975,アイヌ☆らっくるん,fire_water,MZR,60,2896,6645,2,1ターンの間、風属性の敵に対する味方全員の攻撃力を170%増加させる,counteraction,4,0.625,0.1559,0,0,1,0.12,0.93,0.158,0,0,0.8528,0.000224
274,277,274,278,em-b50530766df4,夏の妖精白良さん,water,R,19,1699,1699,4,2ターンの間、水属性の味方全員の攻撃力を100%増加させる,counteraction,4,0.625,0.1559,0,0,1,0.12,0.91,0.158,0,0,0.9909,0.00026
275,278,275,276,em-fd111e204918,アルビールパイセン,water,N,19,467,2608,3,水属性の敵全員の攻撃カウントを1増加させる,ignored,4,0.625,0.1559,0,0,1,0.11,0.93,0.1526,0,0,0.9945,0.000261
276,3,276,51,em-ab3947962bd3,姫騎士なコンクさん,all,MZR,60,4856,3237,1,1ターンの間、味方全員にダメージを30%軽減するシールドを与える,advantage_creation,4,0.625,0.1559,0.5,0,1,0.1,0.89,0.1471,1.25,0,0.852,0.005719
277,279,277,290,em-a41e1401ab71,こんぴらさんさん,water,CR,19,1500,1500,9,敵全員の攻撃カウントを4増加させる,ignored,4,0.625,0.1559,0,0,1,0.1,0.89,0.1471,0,0,0.9734,0.000256
278,280,278,823,em-0e2c4b783eb7,南極翁・カノープス,water_wind,MZR,55,3408,5964,7,4ターンの間、風属性の味方全員の攻撃が4回連続攻撃になる,counteraction,4,0.625,0.1559,0,0,1,0.1,0.97,0.1471,0,0,0.8515,0.000223
279,281,279,279,em-8060e6a7ab61,戸隠ちび丸,water,R,4,150,700,3,1ターンの間、火属性の敵に対する自身の攻撃力を100%増加させる,counteraction,4,0.625,0.1559,0,0,1,0.1,0.89,0.1464,0,0,0.9907,0.00026
280,282,280,633,em-5d62afcf01d5,転がる！けねず君,water,ZR,37,3408,2044,4,3ターンの間、味方全員に風属性の敵からのダメージを77%軽減するシールドを与える,advantage_creation,4,0.625,0.1559,0,0,1,0.1,0.89,0.1464,0,0,0.9308,0.000243
281,283,281,280,em-fcf6ec919e80,ｱﾙﾊﾟ力のお兄(父)さん,water_wind,N,10,763,2205,3,味方全員のHPを40%回復する,advantage_creation,4,0.625,0.1559,0,0,1,0.1,0.93,0.1464,0,0,0.9944,0.00026
282,284,282,298,em-5c142a19c12c,菅大臣・どうしん様,water,CR,24,2649,2504,1,水属性の味方全員のHPを20%回復する,advantage_creation,4,0.625,0.1559,0,0,1,0.1,0.93,0.1464,0,0,0.9731,0.000254
283,285,283,303,em-898fce321115,にゅー師匠,water,CR,22,1610,4186,1,1ターンの間、攻撃を自身に集中させる(70%カット),advantage_creation,4,0.625,0.1559,0,0,1,0.1,0.92,0.1464,0,0,0.973,0.000253
284,286,284,827,em-bbda291d459c,漆黒及び純白のポワン,all,MZR,20,1704,2896,3,1ターンの間、攻撃を自身に集中させる(90%カット),advantage_creation,4,0.625,0.1559,0,0,1,0.1,0.94,0.1464,0,0,0.8499,0.000221
285,287,285,305,em-dfa3c95f9720,雪童雪愛たん,water,CR,17,2495,2656,1,1ターンの間、味方全員の属性を水属性に変更する,adaptive,4,0.625,0.1559,0,0,1,0.1,0.99,0.1446,0,0,0.9729,0.000253
286,288,286,658,em-419c23e0ec81,新生☆ＢＴ５!!,fire_water,ZR,35,3287,3615,3,1ターンの間、味方全員に風属性の敵からのダメージを80%軽減するシールドを与える,advantage_creation,4,0.625,0.1559,0,0,1,0.1,0.95,0.1446,0,0,0.9299,0.000242
287,289,287,312,em-2e6716824578,横きゅっちゃん,water_wind,CR,19,2817,2817,5,風属性の敵全員の攻撃カウントを2増加させる,ignored,4,0.625,0.1559,0,0,1,0.1,0.99,0.1446,0,0,0.9728,0.000253
288,290,288,830,em-a5655f550318,眠れる海のネムリん,water,MZR,60,7327,5282,5,3ターンの間、自身の攻撃力を666%増加させる,counteraction,4,0.625,0.1559,0,0,1,0.1,0.99,0.1415,0,0,0.8488,0.000221
289,291,289,832,em-bc5f259cf576,まさか殿(微マジ),all,MZR,60,5453,6305,7,1ターンの間、自身の攻撃が40回連続攻撃になる,counteraction,4,0.625,0.1559,0,0,1,0.1,0.96,0.1415,0,0,0.8486,0.00022
290,292,290,287,em-e4cc96d741ac,クル彦さん,water,R,9,702,702,1,1ターンの間、自身の属性を火属性に変更する,adaptive,4,0.625,0.1559,0,0,1,0.1,0.89,0.1372,0,0,0.9903,0.000257
291,293,291,955,em-60119eda4c9c,猿田彦大先輩,all,伝,80,7838,7157,5,3ターンの間、火属性の味方全員の攻撃力を200%増加させる,counteraction,4,0.625,0.1559,0,0,1,0.09,0.95,0.1338,0,0,0.3416,0.000089
292,294,292,835,em-d7e6501e0b63,ダークるる,water_wind,MZR,60,4771,4771,3,1ターンの間、味方全員に水属性の敵からのダメージを85%軽減するシールドを与える,advantage_creation,4,0.625,0.1559,0,0,1,0.09,0.99,0.1338,0,0,0.8478,0.000219
293,295,293,283,em-547d0e27e1f1,魚堅くん,water,N,3,400,500,7,リーダーのスキルカウントを3減少させる,ignored,4,0.625,0.1559,0,0,1,0.09,0.9,0.1325,0,0,0.9941,0.000258
294,296,294,834,em-a02f06328adf,ゼネコン大公,water,MZR,60,6134,2726,2,1ターンの間、攻撃を自身に集中させる(77%カット),advantage_creation,4,0.625,0.1559,0,0,1,0.09,0.92,0.1325,0,0,0.8472,0.000219
295,297,295,956,em-94dc3d86f691,碧海のオフタルもん,water,伝,75,10054,3919,4,5ターンの間、自身の攻撃が3回連続攻撃になる,counteraction,4,0.625,0.1559,0,0,1,0.09,0.98,0.1325,0,0,0.3408,0.000088
296,298,296,693,em-4d9586371e6c,鞭・打つ子さん,fire_water,ZR,38,4106,4106,3,1ターンの間、自身の攻撃が8回連続攻撃になる,counteraction,4,0.625,0.1559,0,0,1,0.09,0.99,0.1325,0,0,0.9284,0.00024
297,299,297,698,em-f70fc38ed477,栗栖　益子さん,fire_water,ZR,40,4175,4106,4,1ターンの間、自身の攻撃が12回連続攻撃になる,counteraction,4,0.625,0.1559,0,0,1,0.09,0.95,0.1325,0,0,0.9282,0.00024
298,300,298,288,em-c7cd54f2e503,ケラマ☆マジカ,water,N,7,1057,1198,2,1ターンの間、火属性の攻撃を自身に集中させる。(90%カット),advantage_creation,4,0.625,0.1559,0,0,1,0.09,0.91,0.1325,0,0,0.994,0.000256
299,301,299,705,em-4819d53ddb48,ブハラ師匠,water,ZR,39,5708,3237,3,味方全員のHPを130%回復する,advantage_creation,4,0.625,0.1559,0,0,1,0.09,0.93,0.1325,0,0,0.9279,0.000239
300,302,300,289,em-25185336f7f4,しょーかくん,water,R,5,400,500,7,1ターンの間、水属性の味方全員の攻撃が2回連続攻撃になる,counteraction,4,0.625,0.1559,0,0,1,0.09,0.96,0.13,0,0,0.9899,0.000256
301,303,301,334,em-b7b738711fb0,ちくわサンド,all,CR,23,2817,2656,2,1ターンの間、自身の攻撃力を250%増加させる,counteraction,4,0.625,0.1559,0,0,1,0.09,0.97,0.13,0,0,0.9718,0.000251
302,304,302,294,em-dd5697e42ab7,まお先輩,water,R,9,600,850,5,水属性の味方全員のスキルカウントを1減少させる,ignored,4,0.625,0.1559,0,0,1,0.09,0.92,0.13,0,0,0.9899,0.000255
303,305,303,169,em-dd80c8492923,?????,water_wind,CR,22,3067,1533,1,3ターンの間、風属性の敵に対する味方全員の攻撃力を25%増加させる,counteraction,4,0.625,0.1559,0.5,0,1,0.09,0.89,0.13,0,0,0.9717,0.000635
304,306,304,295,em-3ad7d27f7887,ハワイる水島神人,water,R,19,2567,1208,2,1ターンの間、攻撃を自身に集中させる(70%カット),advantage_creation,4,0.625,0.1559,0,0,1,0.08,0.89,0.1205,0,0,0.9898,0.000255
305,307,305,291,em-ed707603ab87,荒ぶる水島神人,water,R,15,1200,600,3,1ターンの間、攻撃を自身に集中させる(70%カット),advantage_creation,4,0.625,0.1559,0,0,1,0.08,0.94,0.1198,0,0,0.9898,0.000255
306,308,306,292,em-6e2c76ad098c,まおちゃん,water,R,6,500,750,6,水属性の味方全員のスキルカウントを1減少させる,ignored,4,0.625,0.1559,0,0,1,0.08,0.95,0.1198,0,0,0.9897,0.000255
307,309,307,839,em-74c87c37d930,むぅむぅ,all,MZR,30,2839,2525,3,2ターンの間、自身の攻撃が6回連続攻撃になる,counteraction,4,0.625,0.1559,0,0,1,0.08,0.9,0.1198,0,0,0.8437,0.000217
308,310,308,297,em-a0e736cc95fd,ユッフィーさん,water,R,12,704,700,5,2ターンの間、水属性の味方全員の攻撃力を80%増加させる,counteraction,4,0.625,0.1559,0,0,1,0.08,0.91,0.1198,0,0,0.9897,0.000254
309,311,309,373,em-ff5dd5331817,デメ子ちゃん,water,CR,18,1704,3067,2,1ターンの間、自身の属性を全属性(3色混合)に変更する,adaptive,4,0.625,0.1559,0,0,1,0.08,0.93,0.1179,0,0,0.9713,0.00025
310,312,310,391,em-562269adda28,ブルジョワジー下仁田,water,CR,20,2265,2276,1,1ターンの間、攻撃をリーダーに集中させる(30%カット),advantage_creation,4,0.625,0.1559,0.5,0,1,0.08,0.92,0.1179,0,0,0.9712,0.000249
311,313,311,401,em-cfe553ea56a6,あまのちゃんパイセン,water_wind,CR,22,3220,805,3,1ターンの間、味方全員の攻撃が2回連続攻撃になる,counteraction,4,0.625,0.1559,0,0,1,0.08,0.89,0.1179,0,0,0.9712,0.000249
312,314,312,300,em-75717188c18a,あ、しょーか大先生,water,R,13,1812,1963,4,1ターンの間、水属性の味方全員の攻撃が2回連続攻撃になる,counteraction,4,0.625,0.1559,0,0,1,0.08,0.95,0.1179,0,0,0.9895,0.000254
313,315,313,842,em-51bdb94ec3b1,熱ぅい！地獄雀,water,MZR,43,5964,3408,4,死亡している火属性の味方全員を130%のHPで蘇らせる,advantage_creation,4,0.625,0.1559,0,0,1,0.08,0.99,0.1179,0,0,0.8421,0.000216
314,316,314,843,em-b97fa105ba34,うまうーさん♪,water_wind,MZR,40,5793,3067,5,1ターンの間、火属性の攻撃を自身に集中させる(100%カット),advantage_creation,4,0.625,0.1559,0,0,1,0.08,0.98,0.1179,0,0,0.8418,0.000216
315,317,315,402,em-cf78c5cc3134,オタテカモ次郎,all,CR,28,4186,3059,2,1ターンの間、味方全員の属性を水属性に変更する,adaptive,4,0.625,0.1559,0.25,0,1,0.08,0.97,0.1145,0,0,0.9709,0.000249
316,318,316,296,em-b820799215bb,ベレンだガマ,water,N,15,1,2145,0,1ターンの間、味方全員にダメージを13%軽減するシールドを与える,advantage_creation,4,0.625,0.1559,1,1,1,0.08,0.91,0.1145,0,0,0.9936,0.000254
317,319,317,120,em-3600ec808f3f,日本海女中,water,CR,15,1288,2898,0,5ターンの間、リーダーの攻撃力を20%増加させる,counteraction,4,0.625,0.1559,1,1,1,0.08,0.93,0.1145,0,0,0.9708,0.001265
318,320,318,293,em-830856ac5a07,トキシッくん先輩,water,N,7,1000,800,4,死亡している火属性の味方全員を90%のHPで蘇らせる,advantage_creation,4,0.625,0.1559,0,0,1,0.07,0.92,0.1052,0,0,0.9936,0.000255
319,321,319,135,em-ae6ea6bc1914,ズースくん,water,N,3,500,400,4,3ターンの間、水属性の敵に対する味方全員の攻撃力を40%増加させる,counteraction,4,0.625,0.1559,0.5,0,1,0.07,0.89,0.1052,0,0,0.9936,0.000951
320,322,320,845,em-9a1b8b33af97,バレチョコすわ子,water,MZR,46,3646,1874,0,1ターンの間、自身の攻撃が3回連続攻撃になる,counteraction,4,0.625,0.1559,0,1,1,0.07,0.94,0.1052,0,0,0.8402,0.000215
321,323,321,846,em-2eebc4f8633d,すわっ！かつより君,fire_water,MZR,60,5350,4771,5,2ターンの間、味方全員の攻撃が全体攻撃になる,counteraction,4,0.625,0.1559,0,0,1,0.07,0.89,0.1052,0,0,0.8399,0.000215
322,324,322,735,em-490ce6c4d005,ア、ショーカ大王,water_wind,ZR,45,3067,4601,3,3ターンの間、自身の攻撃が3回連続攻撃になる,counteraction,4,0.625,0.1559,0,0,1,0.07,0.89,0.1052,0,0,0.9244,0.000236
323,325,323,139,em-d65d8f8b3d2e,エズ in スミス,water,CR,20,3542,1771,1,2ターンの間、火属性の攻撃を自身に集中させる(50%カット),advantage_creation,4,0.625,0.1559,0.5,0,1,0.07,0.89,0.1052,0,0,0.9704,0.00091
324,326,324,848,em-4e3940289203,スーパー軍師兵衛ズ,fire_water,MZR,60,7838,2385,3,水属性の味方全員のスキルカウントを2減少させる,ignored,4,0.625,0.1559,0,0,1,0.07,0.9,0.1052,0,0,0.8391,0.000214
325,327,325,311,em-af3decda6522,式部卿鮒麿,water,R,8,640,565,5,味方全員のHPを70%回復する,advantage_creation,4,0.625,0.1559,0,0,1,0.07,0.98,0.1052,0,0,0.989,0.000253
326,328,326,741,em-2a96e91a2f35,雪男フェス祭カーニバル,water,ZR,38,5793,1874,5,死亡している味方全員を40%のHPで蘇らせる,advantage_creation,4,0.625,0.1559,0,0,1,0.07,0.92,0.1052,0,0,0.9238,0.000236
327,329,327,304,em-ce7e2e4f30af,らん坊,water,R,8,580,626,4,火属性の味方全員のスキルカウントを1減少させる,ignored,4,0.625,0.1559,0,0,1,0.07,0.99,0.1024,0,0,0.989,0.000253
328,330,328,301,em-5514b5658aa3,ハリウッドナナコ師匠,all,N,5,2503,1093,9,敵全員の攻撃カウントを4増加させる,ignored,4,0.625,0.1559,0,0,1,0.07,0.99,0.1024,0,0,0.9934,0.000254
329,331,329,849,em-57dce5f944a3,うらうらら,fire_water,MZR,50,4260,6390,4,2ターンの間、味方全員の攻撃が2回連続攻撃になる,counteraction,4,0.625,0.1559,0,0,1,0.07,0.89,0.1024,0,0,0.8377,0.000214
330,332,330,851,em-78785b8bf619,企業だ浅ちゃん！,water,MZR,42,1192,7327,4,2ターンの間、自身の攻撃力を400%増加させる,counteraction,4,0.625,0.1559,0,0,1,0.07,0.94,0.1024,0,0,0.8375,0.000214
331,333,331,852,em-11cceded3ad2,創造主・アヌンナキ,water_wind,MZR,70,4260,5964,3,2ターンの間、味方全員にダメージを60%軽減するシールドを与える,advantage_creation,4,0.625,0.1559,0,0,1,0.07,0.91,0.1024,0,0,0.8372,0.000213
332,334,332,853,em-6c2ea8631e0d,深海美少年モヅルン,fire_water,MZR,37,5964,2385,3,2ターンの間、風属性の攻撃を自身に集中させる(85%カット),advantage_creation,4,0.625,0.1559,0,0,1,0.07,0.9,0.1024,0,0,0.8369,0.000213
333,335,333,748,em-d295de1e4086,海の日シスターズ♪,fire_water,ZR,40,3823,4657,4,3ターンの間、水属性の味方全員の攻撃力を80%増加させる,counteraction,4,0.625,0.1559,0,0,1,0.07,0.93,0.1024,0,0,0.9227,0.000235
334,336,334,855,em-0984e8e9ee06,加賀のカブキ者,all,MZR,60,4430,6816,2,1ターンの間、自身の攻撃力を350%増加させる,counteraction,4,0.625,0.1559,0,0,1,0.07,0.98,0.1024,0,0,0.8364,0.000213
335,337,335,854,em-48fc0bb31337,踊る☆なまずおじさん,water,MZR,60,5793,2130,3,2ターンの間、味方全員に風属性の敵からのダメージを85%軽減するシールドを与える,advantage_creation,4,0.625,0.1559,0,0,1,0.06,0.91,0.0919,0,0,0.8361,0.000213
336,338,336,171,em-28c6b952551d,海の昇竜貫,water,ZR,33,4601,3408,2,3ターンの間、自身の攻撃力を110%増加させる,counteraction,4,0.625,0.1559,0.25,0,1,0.06,0.98,0.0919,0,0,0.9222,0.000622
337,339,337,750,em-2d3e693a8406,ツキマシモン,all,ZR,35,3919,1704,2,2ターンの間、味方全員の攻撃力を50%増加させる,counteraction,4,0.625,0.1559,0,0,1,0.06,0.9,0.0919,0,0,0.9221,0.000235
338,340,338,856,em-79322ee550e2,スーパーににぎ状態,water_wind,MZR,60,5623,4430,5,3ターンの間、水属性の味方全員の攻撃力を220%増加させる,counteraction,4,0.625,0.1559,0,0,1,0.06,0.99,0.0898,0,0,0.8353,0.000213
339,341,339,752,em-24d6f242799c,大浜美波さん,water_wind,ZR,32,3748,3408,5,死亡している水属性の味方全員を100%のHPで蘇らせる,advantage_creation,4,0.625,0.1559,0,0,1,0.06,0.91,0.0898,0,0,0.9217,0.000235
340,342,340,858,em-2a823144560b,パンのん☆春間,all,MZR,56,3919,3408,0,1ターンの間、味方全員に風属性の敵からのダメージを20%軽減するシールドを与える,advantage_creation,4,0.625,0.1559,0.5,1,1,0.06,0.93,0.0898,0,0,0.8347,0.000212
341,343,341,530,em-6ead69ef1b01,精霊ブーナッド,water,CR,16,4025,805,2,自身のHPを50%回復する,advantage_creation,4,0.625,0.1559,0.25,0,1,0.05,0.89,0.0779,0,0,0.9692,0.000247
342,344,342,323,em-fbb333645878,戸隠ちび大助,water,R,14,226,2193,2,1ターンの間、火属性の敵に対する自身の攻撃力を400%増加させる,counteraction,4,0.625,0.1559,0,0,1,0.05,0.92,0.0779,0,0,0.9884,0.000252
343,345,343,309,em-c7088988ea18,ガンギマリのメル先生,water,N,12,597,341,5,3ターンの間、風属性の味方全員の攻撃が3回連続攻撃になる,counteraction,4,0.625,0.1559,0,0,1,0.05,0.89,0.0779,0,0,0.993,0.000253
344,346,344,540,em-14bbe92902df,ネムりん,water,CR,11,2726,1633,5,3ターンの間、自身の攻撃力を333%増加させる,counteraction,4,0.625,0.1559,0,0,1,0.05,0.93,0.0779,0,0,0.969,0.000246
345,347,345,310,em-b83d457ef580,王国民ゴロウ,water,N,5,390,390,2,1ターンの間、風属性の敵に対する味方全員の攻撃力を90%増加させる,counteraction,4,0.625,0.1559,0.25,0,1,0.05,0.89,0.0765,0,0,0.993,0.000253
346,348,346,299,em-f5a7df3892f0,びわ子たん,water,N,4,300,302,5,1ターンの間、味方全員に風属性の敵からのダメージを80%軽減するシールドを与える,advantage_creation,4,0.625,0.1559,0,0,1,0.04,0.89,0.0633,0,0,0.9929,0.000254
347,11,347,59,em-269e75871422,瑠璃☆瑠璃,water,CR,27,2726,2181,1,1ターンの間、水属性の味方全員に水属性の敵からのダメージを30%軽減するシールドを与える,advantage_creation,4,0.625,0.1559,0.25,0,1,0.04,0.94,0.0625,0.75,0,0.9688,0.005219
348,349,348,302,em-2625991e40c1,恐れない幽子,water,N,11,470,510,6,死亡している水属性の味方全員を80%のHPで蘇らせる,advantage_creation,4,0.625,0.1559,0,0,1,0.04,0.93,0.0625,0,0,0.9929,0.000254
349,350,349,317,em-1a6fa57fc44e,朦朧ボディマンβ,water,R,12,400,1500,10,1ターンの間、味方全員の攻撃が4回連続攻撃になる,counteraction,4,0.625,0.1559,0,0,1,0.04,0.89,0.0625,0,0,0.9881,0.000252
350,351,350,318,em-3bdc05dce56c,シャボテンコンビ,water,R,14,600,800,6,死亡している味方全員を40%のHPで蘇らせる,advantage_creation,4,0.625,0.1559,0,0,1,0.04,0.91,0.0625,0,0,0.9881,0.000252
351,352,351,861,em-337e85c2cd90,ユーコ☆スターダスト,all,MZR,60,6053,4354,4,死亡している風属性の味方全員を40%のHPで蘇らせる,advantage_creation,4,0.625,0.1559,0,0,1,0.04,0.9,0.0625,0,0,0.8317,0.000212
352,353,352,862,em-d76a5850c323,牛追いガウガウ,water,MZR,40,5964,1704,4,1ターンの間、味方全員に火属性の敵からのダメージを93%軽減するシールドを与える,advantage_creation,4,0.625,0.1559,0,0,1,0.04,0.91,0.0625,0,0,0.8314,0.000211
353,354,353,314,em-f2d052955a43,大正義・フクちゃん,water,N,7,1128,1269,2,1ターンの間、味方全員の属性を火属性に変更する,adaptive,4,0.625,0.1559,0,0,1,0.04,0.92,0.0625,0,0,0.9928,0.000252
354,355,354,315,em-228697ae4ca1,かつお☆カーニバル,water,N,7,1128,1198,2,リーダーのスキルカウントを2減少させる,ignored,4,0.625,0.1559,0,0,1,0.04,0.89,0.0625,0,0,0.9928,0.000252
355,356,355,760,em-4e2a71a8e1a6,ハチモドキアブ,water,ZR,55,5623,6100,2,死亡している水属性の味方全員を50%のHPで蘇らせる,advantage_creation,4,0.625,0.1559,0,0,1,0.03,0.9,0.0479,0,0,0.9192,0.000234
356,357,356,316,em-b5fa3fe8e44e,ディープワン・ゴロウ,water,N,8,1214,1189,2,1ターンの間、風属性の敵に対する味方全員の攻撃力を130%増加させる,counteraction,4,0.625,0.1559,0,0,1,0.03,0.89,0.0479,0,0,0.9927,0.000252
357,358,357,863,em-32f5c4968406,正月カナちゃん。,all,MZR,66,5282,5282,6,死亡している風属性の味方全員を140%のHPで蘇らせる,advantage_creation,4,0.625,0.1559,0,0,1,0.03,0.93,0.0479,0,0,0.83,0.000211
358,359,358,865,em-237ca774c5e5,ルナプリ☆かぐや様,all,MZR,66,8861,1584,1,1ターンの間、自身の攻撃が全体攻撃になる,counteraction,4,0.625,0.1559,0,0,1,0.03,0.93,0.0479,0,0,0.8297,0.000211
359,360,359,307,em-60fd008b3a8b,なるとくん,water,N,6,700,600,5,1ターンの間、水属性の味方全員の攻撃力を30%増加させる,counteraction,4,0.625,0.1559,0,0,1,0.02,0.96,0.0325,0,0,0.9927,0.000253
360,361,360,864,em-47c29240fd33,大晦日のネギそば給仕少女,water_wind,MZR,40,3834,3834,2,2ターンの間、攻撃を自身に集中させる(60%カット),advantage_creation,4,0.625,0.1559,0,0,1,0.02,0.93,0.0325,0,0,0.8292,0.000211
361,362,361,765,em-2c51c9073e5a,強化ゆる骨格のススメ,all,ZR,50,1704,1704,12,1ターンの間、火属性の攻撃を自身に集中させる(100%カット),advantage_creation,4,0.625,0.1559,0,0,1,0.02,0.92,0.0325,0,0,0.9183,0.000233
362,363,362,319,em-618de9bba906,関大先生,water,N,9,1201,1201,3,1ターンの間、攻撃をリーダーに集中させる(60%カット),advantage_creation,4,0.625,0.1559,0,0,1,0.02,0.93,0.0325,0,0,0.9926,0.000252
363,364,363,768,em-59636157ae2e,コーベンパイア天爵,fire_water,ZR,45,5282,1757,2,2ターンの間、味方全員に火属性の敵からのダメージを33%軽減するシールドを与える,advantage_creation,4,0.625,0.1559,0,0,1,0.02,0.92,0.0325,0,0,0.918,0.000233
364,365,364,567,em-ceecd3afdba6,おかいこちゃん,water,CR,8,614,613,6,2ターンの間、味方全員の属性を風属性に変更する,adaptive,4,0.375,0.13,0,0,1,0,0.93,0,0,0,0.9676,0.000246
365,366,365,769,em-1211d6248533,ピンクなコンクさん,all,ZR,32,3067,2044,1,1ターンの間、味方全員にダメージを27%軽減するシールドを与える,advantage_creation,4,0.375,0.13,0.25,0,1,0,0.9,0,0,0,0.9176,0.000233
366,367,366,184,em-f3be7c12380c,魔女ランダ,water,MZR,44,3067,5623,2,2ターンの間、味方全員の属性を水属性に変更する,adaptive,4,0.375,0.13,0.25,0,1,0,0.95,0,0,0,0.8275,0.000529
367,368,367,771,em-8d766096773e,おんじとゆかいな子供達,fire_water,ZR,36,5316,1704,1,1ターンの間、味方全員に風属性の敵からのダメージを50%軽減するシールドを与える,advantage_creation,4,0.375,0.13,0.5,0,1,0,0.92,0,0,0,0.9173,0.000233
368,369,368,338,em-1374a3351d4c,忍！fuま＆voたん,water_wind,R,17,1510,1510,3,1ターンの間、攻撃をリーダーに集中させる(75%カット),advantage_creation,4,0.375,0.13,0,0,1,0,0.91,0,0,0,0.9874,0.00025
369,370,369,571,em-1c71acfdc139,星の白金ぴよ子,water,CR,5,999,999,0,なし,none,4,0.375,0.13,0,1,1,0,0.98,0,0,0,0.9673,0.000245
370,371,370,772,em-4efe36123302,輝け☆椛マン！,water,ZR,35,4260,3408,3,水属性の味方全員のHPを50%回復する,advantage_creation,4,0.5,0.0999,0,0,1,0.11,0.93,0.1418,0,0,0.9168,0.000233
371,372,371,773,em-6d8ed6eb36b3,えかちぇたん,water,ZR,25,4260,2385,1,1ターンの間、自身の攻撃が2回連続攻撃になる,counteraction,4,0.5,0.0999,0,0,1,0.11,0.9,0.1418,0,0,0.9167,0.000232
372,373,372,573,em-c3c3a8e92b71,仮面のいはと先生,water_wind,CR,25,2095,3063,3,水属性の敵全員の攻撃カウントを1増加させる,ignored,4,0.5,0.0999,0,0,1,0.11,0.89,0.1418,0,0,0.9671,0.000245
373,374,373,574,em-6b4ea2116a46,降臨先祖★ににぎくん,water_wind,CR,20,2334,2817,5,3ターンの間、風属性の敵に対する味方全員の攻撃力を200%増加させる,counteraction,4,0.5,0.0999,0,0,1,0.11,0.94,0.1418,0,0,0.967,0.000245
374,375,374,342,em-e5027c0cc6fa,みかんの姐御,water,R,17,2265,1510,3,2ターンの間、風属性の味方全員の攻撃が全体攻撃になる,counteraction,4,0.5,0.0999,0,0,1,0.11,0.98,0.1418,0,0,0.9872,0.00025
375,376,375,321,em-0c1036483550,kɔにー＆gæりー,water_wind,N,13,1128,846,2,1ターンの間、味方全員に水属性の敵からのダメージを40%軽減するシールドを与える。,advantage_creation,4,0.5,0.0999,0,0,1,0.11,0.89,0.1418,0,0,0.9923,0.000252
376,377,376,322,em-2f6ae2b54633,フクちゃん,water,N,3,300,400,4,1ターンの間、味方全員の属性を火属性に変更する,adaptive,4,0.5,0.0999,0,0,1,0.09,0.99,0.121,0,0,0.9923,0.000252
377,378,377,868,em-322b7fbdab7e,むろまち様,water,MZR,34,2556,5112,7,4ターンの間、味方全員の攻撃が全体攻撃になる,counteraction,4,0.5,0.0999,0,0,1,0.09,0.97,0.121,0,0,0.8244,0.000209
378,379,378,869,em-563e34211286,大抵カールのせい,fire_water,MZR,50,4686,5112,1,1ターンの間、味方全員にダメージを20%軽減するシールドを与える,advantage_creation,4,0.5,0.0999,0.5,0,1,0.09,0.92,0.121,0,0,0.8241,0.000209
379,380,379,346,em-0051409a8e1f,芹沢さん,water,R,8,604,597,4,1ターンの間、攻撃をリーダーに集中させる(70%カット),advantage_creation,4,0.5,0.0999,0,0,1,0.07,0.89,0.0983,0,0,0.987,0.00025
380,381,380,324,em-8d7a9845b04b,コーベリアル男爵,water,N,5,400,380,2,1ターンの間、火属性の攻撃を自身に集中させる(70%カット),advantage_creation,4,0.5,0.0999,0,0,1,0.07,0.95,0.0983,0,0,0.9922,0.000252
381,382,381,186,em-4f7f91fb4514,うどんの天使,water,MZR,42,3067,3748,1,5ターンの間、自身の攻撃力を40%増加させる,counteraction,4,0.5,0.0999,0.25,0,1,0.06,0.98,0.0862,0,0,0.8232,0.000517
382,383,382,871,em-b5e0f2fbff78,養老のバッカス,water,MZR,65,6475,3408,4,死亡している味方全員を1%のHPで蘇らせる,advantage_creation,4,0.5,0.0999,0,0,1,0.06,0.89,0.0862,0,0,0.823,0.000209
383,384,383,191,em-4c764571b9ab,お稲荷様のパシリ,water,MZR,47,6816,3408,1,2ターンの間、風属性の敵に対する自身の攻撃力を150%増加させる,counteraction,4,0.5,0.0999,0.75,0,1,0.06,0.98,0.0862,0,0,0.8227,0.000508
384,385,384,872,em-c750011c554d,夢奈マコ（16才）,water,MZR,60,7497,2130,5,1ターンの間、攻撃を自身に集中させる(89%カット),advantage_creation,4,0.5,0.0999,0,0,1,0.06,0.98,0.0862,0,0,0.8224,0.000208
385,386,385,873,em-5266a394fb35,伊予・タウロス,water_wind,MZR,60,4430,4941,2,3ターンの間、自身の攻撃が2回連続攻撃になる,counteraction,4,0.5,0.0999,0,0,1,0.06,0.99,0.0862,0,0,0.8221,0.000208
386,387,386,583,em-83b1d87342f9,コン美なん吉先生,water,CR,20,882,3381,4,死亡している味方全員を1%のHPで蘇らせる,advantage_creation,4,0.5,0.0999,0,0,1,0.06,0.93,0.0862,0,0,0.9661,0.000245
387,388,387,325,em-c8d0b7ef1b10,めい子お姉さま,water,N,9,1159,1244,4,2ターンの間、風属性の攻撃を自身に集中させる(90%カット),advantage_creation,4,0.5,0.0999,0,0,1,0.06,0.89,0.0862,0,0,0.992,0.000251
388,389,388,354,em-bbcd19672515,ＭＲ凜子様,water,R,13,1699,1699,4,2ターンの間、火属性の敵に対する味方全員の攻撃力を200%増加させる,counteraction,4,0.5,0.0999,0,0,1,0.06,0.88,0.0862,0,0,0.9867,0.00025
389,390,389,326,em-c61b3e98a989,荒波のはたはタン,water,N,4,400,300,5,味方全員のHPを35%回復する,advantage_creation,4,0.5,0.0999,0.5,0,1,0.06,0.95,0.0862,0,0,0.992,0.000251
390,391,390,357,em-f8bc07a12f5c,Ir☆D☆F！,water,R,19,1,2839,6,1ターンの間、水属性の攻撃を自身に集中させる(100%カット),advantage_creation,4,0.5,0.0999,0.25,0,1,0.06,0.97,0.0862,0,0,0.9866,0.00025
391,392,391,327,em-00734b7bf0e4,アパカ☆アイガー師匠,water,N,16,1551,2733,1,1ターンの間、水属性の敵に対する味方全員の攻撃力を25%増加させる,counteraction,4,0.5,0.0999,0,0,1,0.06,0.9,0.0862,0,0,0.9919,0.000251
392,393,392,779,em-f3861e35df6f,暗黒王まはーかーらん,fire_water,ZR,47,3731,3926,4,水属性の敵全員の攻撃カウントを2増加させる,ignored,4,0.5,0.0999,0,0,1,0.06,0.94,0.0862,0,0,0.9133,0.000231
393,394,393,780,em-2f152df51cdc,エトナさん,fire_water,ZR,50,5673,1704,1,1ターンの間、自身の攻撃が全体攻撃になる,counteraction,4,0.5,0.0999,0,0,1,0.05,0.97,0.0735,0,0,0.9131,0.000231
394,395,394,587,em-d09d2f80d34e,トマティーナ少佐,fire_water,CR,16,3748,2130,2,2ターンの間、自身の攻撃が2回連続攻撃になる,counteraction,4,0.5,0.0999,0,0,1,0.05,0.93,0.0735,0,0,0.9656,0.000245
395,396,395,588,em-f13588602944,生イカのアーニー,water,CR,15,3220,1610,4,3ターンの間、火属性の敵に対する自身の攻撃力を600%増加させる,counteraction,4,0.5,0.0999,0,0,1,0.05,0.99,0.0735,0,0,0.9655,0.000245
396,397,396,782,em-5c3bfcbbd109,ネギさん,all,ZR,80,4260,4260,500,5ターンの間、味方全員の攻撃力を9999%増加させる,counteraction,4,0.5,0.0999,0,0,1,0.05,0.91,0.0735,0,0,0.9127,0.000231
397,398,397,784,em-94a55ee81090,瑠璃の君,water,ZR,27,3067,2453,1,1ターンの間、水属性の味方全員に水属性の敵からのダメージを35%軽減するシールドを与える,advantage_creation,4,0.5,0.0999,0.25,0,1,0.04,0.92,0.0602,0,0,0.9125,0.000231
398,399,398,589,em-bc840d35c547,ジ・あるじや,water,CR,20,4025,1610,4,水属性の味方全員のスキルカウントを2減少させる,ignored,4,0.5,0.0999,0,0,1,0.04,0.95,0.0602,0,0,0.9653,0.000245
399,400,399,362,em-f7db929b2ed5,シャボテンの世界,water,R,17,1510,1812,5,死亡している味方全員を40%のHPで蘇らせる,advantage_creation,4,0.5,0.0999,0,0,1,0.04,0.89,0.0602,0,0,0.9862,0.00025
400,401,400,328,em-28f044d525d7,スーリヤ様が見てる,fire_water,N,7,489,1446,3,味方全員のスキルカウントを1減少させる,ignored,4,0.5,0.0999,0,0,1,0.04,0.9,0.0602,0,0,0.9917,0.000251
401,402,401,593,em-663696ccf728,夏の一次幹,water,CR,22,3408,2215,2,3ターンの間、自身の攻撃力を80%増加させる,counteraction,4,0.5,0.0999,0,0,1,0.04,0.99,0.0602,0,0,0.9651,0.000244
402,403,402,329,em-6e37519134b1,スワン君,water,N,4,310,302,6,味方全員のスキルカウントを1減少させる,ignored,4,0.5,0.0999,0,0,1,0.03,0.89,0.0463,0,0,0.9917,0.000251
403,404,403,595,em-a2165d67f8cb,こんぴらくん,water,CR,12,900,900,7,敵全員の攻撃カウントを2増加させる,ignored,4,0.5,0.0999,0,0,1,0.03,0.94,0.0463,0,0,0.9649,0.000244
404,405,404,368,em-7e8ca5d8d19a,小林伯爵,water,R,15,3020,1812,5,死亡している味方全員を15%のHPで蘇らせる,advantage_creation,4,0.5,0.0999,0,0,1,0.03,0.9,0.0463,0,0,0.986,0.00025
405,406,405,369,em-e7adf536ba2f,やまなしーヌさま,water,R,9,500,600,5,味方全員のスキルカウントを1減少させる,ignored,4,0.5,0.0999,0,0,1,0.03,0.89,0.0463,0,0,0.986,0.00025
406,407,406,330,em-fb6292300fc0,妖怪おたべ,water,N,5,525,455,4,風属性の敵全員の攻撃カウントを1増加させる,ignored,4,0.5,0.0999,0,0,1,0.02,0.97,0.0316,0,0,0.9916,0.000251
407,408,407,601,em-53cfa10130db,みさきちゃん,water,CR,10,800,1000,5,1ターンの間、水属性の味方全員の攻撃が2回連続攻撃になる,counteraction,4,0.5,0.0999,0,0,1,0.02,0.89,0.0316,0,0,0.9647,0.000244
408,409,408,173,em-5f9efdc805e5,呼んでますトムさん,water_wind,N,15,1269,1269,3,3ターンの間、水属性の攻撃を自身に集中させる(70%カット),advantage_creation,4,0.5,0.0999,0.25,0,1,0.02,0.89,0.0316,0,0,0.9915,0.000602
409,410,409,787,em-90c9b7a939a7,九十九里流,water,ZR,37,2982,5112,4,1ターンの間、自身の攻撃力を999%増加させる,counteraction,4,0.5,0.0999,0.25,0,1,0.02,0.99,0.0316,0,0,0.9105,0.000231
410,411,410,874,em-e6110f879f18,ユーコ隊,all,MZR,24,3408,2044,4,死亡している風属性の味方全員を20%のHPで蘇らせる,advantage_creation,4,0.5,0.0999,0,0,1,0.02,0.93,0.0316,0,0,0.8149,0.000206
411,412,411,604,em-86055d05ee01,ラムネ少女じゅんちゃん,water,CR,14,2113,2113,2,水属性の味方全員のHPを60%回復する,advantage_creation,4,0.5,0.0999,0,0,1,0.02,0.93,0.0316,0,0,0.9644,0.000244
412,413,412,371,em-c7ca0cfdb77b,護国の盾,water,R,14,1887,1510,5,2ターンの間、水属性の攻撃を自身に集中させる(80%カット),advantage_creation,4,0.5,0.0999,0,0,1,0.02,0.93,0.0316,0,0,0.9857,0.00025
413,414,413,372,em-a71ad4631750,絶許！近所のあん子,water,R,9,1131,989,4,水属性の味方全員のHPを100%回復する,advantage_creation,4,0.5,0.0999,0,0,1,0.02,0.89,0.0316,0,0,0.9857,0.00025
414,415,414,331,em-144acde7efe5,魚臣！又土くん,water,N,4,500,650,7,リーダーのスキルカウントを4減少させる,ignored,4,0.5,0.0999,0,0,1,0.02,0.97,0.0316,0,0,0.9914,0.000251
415,416,415,789,em-96c4c1bf7f87,畳リーゼントの御頭,water,ZR,40,4345,4345,2,1ターンの間、風属性の敵に対する自身の攻撃力を999%増加させる,counteraction,4,0.5,0.0999,0,0,1,0.02,0.98,0.0316,0,0,0.9095,0.00023
416,417,416,609,em-bd2931324bdc,夢ナマコちゃん,water,CR,15,1976,1090,6,1ターンの間、水属性の攻撃をリーダーに集中させる(90%カット),advantage_creation,4,0.5,0.0999,0,0,1,0.02,0.92,0.0316,0,0,0.964,0.000244
417,418,417,611,em-b78d9042e361,サルパちゃん,water,CR,28,4362,3748,2,1ターンの間、自身の攻撃が2回連続攻撃になる,counteraction,4,0.5,0.0999,0,0,1,0.02,0.99,0.0316,0,0,0.9639,0.000244
418,419,418,876,em-31758a7d7c63,ﾗｰｶﾞﾙﾌﾘｮｩﾄﾙﾑりん,water,MZR,47,5700,2292,3,2ターンの間、火属性の味方全員にダメージを75%軽減するシールドを与える,advantage_creation,4,0.5,0.0999,0,0,1,0.02,0.89,0.0316,0,0,0.8126,0.000206
419,420,419,375,em-3229594a4a2c,おあげちゃん,water,R,5,315,305,3,1ターンの間、風属性の敵に対する味方全員の攻撃力を50%増加させる,counteraction,4,0.5,0.0999,0,0,1,0.01,0.93,0.0162,0,0,0.9854,0.000249
420,421,420,376,em-9da039c08ead,キャミー先生,water,R,6,500,600,4,水属性の味方全員のHPを20%回復する,advantage_creation,4,0.5,0.0999,0,0,1,0.01,0.97,0.0162,0,0,0.9854,0.000249
421,422,421,378,em-2110fa48fdc1,グリンすマン・ﾌｨｰﾊﾞｰ!,water_wind,R,22,1661,1736,5,敵全員の攻撃カウントを2増加させる,ignored,4,0.5,0.0999,0,0,1,0.01,0.91,0.0162,0,0,0.9854,0.000249
422,423,422,332,em-b057fb6325c7,常飲！とちぎソウル,water,N,5,200,600,5,1ターンの間、自身の攻撃力を200%増加させる,counteraction,4,0.5,0.0999,0,0,1,0.01,0.89,0.0162,0,0,0.9912,0.000251
423,424,423,333,em-ec52e54bb473,ﾀｰｷｰﾃﾞ-なじとっこ君,fire_water,N,10,706,2403,4,2ターンの間、風属性の敵に対する自身の攻撃力を400%増加させる,counteraction,4,0.5,0.0999,0,0,1,0.01,0.94,0.0162,0,0,0.9912,0.000251
424,425,424,790,em-6262a008b5c9,脱力コンビあろま＆るる,water,ZR,38,3067,5623,2,リーダーのスキルカウントを1減少させる,ignored,4,0.5,0,0,0,1,0.27,0.88,0.3287,0,0,0.9081,0.00023
425,426,425,616,em-05476daa6b31,だんじり鉄砲隊,fire_water,CR,26,805,3599,4,2ターンの間、自身の攻撃力を300%増加させる,counteraction,4,0.5,0,0,0,1,0.24,0.94,0.2968,0,0,0.9634,0.000244
426,427,426,379,em-8594f11c20bf,替え玉ひろし,water,R,12,790,810,5,2ターンの間、水属性の味方全員の攻撃力を77%増加させる,counteraction,4,0.5,0,0,0,1,0.23,0.88,0.2925,0,0,0.9852,0.000249
427,428,427,382,em-76311eb8b6ba,Halloweenな藤原マミー,water_wind,R,18,1208,1963,5,死亡している水属性の味方全員を90%のHPで蘇らせる,advantage_creation,4,0.5,0,0,0,1,0.23,0.84,0.2852,0,0,0.9851,0.000249
428,429,428,383,em-74b9082a787c,暫時バル状態,water_wind,R,19,2938,838,4,2ターンの間、味方全員に水属性の敵からのダメージを70%軽減するシールドを与える,advantage_creation,4,0.5,0,0,0,1,0.22,0.82,0.2835,0,0,0.9851,0.000249
429,430,429,386,em-0b273c3da2d3,ぴぐぺん＆びぐべん,fire_water,R,12,700,900,2,1ターンの間、水属性の敵に対する自身の攻撃力を150%増加させる。,counteraction,4,0.5,0,0,0,1,0.2,0.89,0.2627,0,0,0.9851,0.000249
430,431,430,387,em-2449b6ff9d58,スマトラのウータン,water_wind,R,12,2703,657,2,1ターンの間、味方全員の属性を風属性に変更する,adaptive,4,0.5,0,0.25,0,1,0.19,0.96,0.2516,0,0,0.985,0.000249
431,432,431,620,em-ec978322ece8,タイプ：テン,water,CR,20,3864,966,4,1ターンの間、攻撃をリーダーに集中させる(90%カット),advantage_creation,4,0.5,0,0,0,1,0.18,0.82,0.2401,0,0,0.963,0.000244
432,433,432,621,em-804c07b6fa9a,メル子ちゃん,water,CR,6,400,600,4,1ターンの間、風属性の味方全員の攻撃力を40%増加させる,counteraction,4,0.5,0,0,0,1,0.18,0.87,0.2344,0,0,0.9629,0.000244
433,434,433,957,em-a8e1bfbd68cd,秋のタツタちゃん,fire_water,伝,80,10224,4771,4,2ターンの間、自身の攻撃が8回連続攻撃になる,counteraction,4,0.5,0,0,0,1,0.18,0.97,0.2344,0,0,0.3094,0.000078
434,435,434,878,em-6c9a66a7da8c,抹殺音ズース,fire_water,MZR,40,5623,3408,6,味方全員のHPを300%回復する,advantage_creation,4,0.5,0,0,0,1,0.17,0.89,0.228,0,0,0.8079,0.000204
435,436,435,622,em-fc0a4778a432,リチャード・リターンズ,water,CR,23,2576,3220,5,3ターンの間、水属性の味方全員の攻撃が全体攻撃になる,counteraction,4,0.5,0,0,0,1,0.18,0.89,0.2186,0,0,0.9627,0.000244
436,437,436,335,em-999d33621829,おたべ妖精,water,N,7,1272,1131,4,風属性の敵全員の攻撃カウントを2増加させる,ignored,4,0.5,0,0,0,1,0.16,0.87,0.2178,0,0,0.9909,0.000251
437,438,437,793,em-3b878e796aba,なまず仙人,water,ZR,35,4941,1618,4,1ターンの間、味方全員に風属性の敵からのダメージを90%軽減するシールドを与える,advantage_creation,4,0.5,0,0,0,1,0.16,0.84,0.2153,0,0,0.9059,0.000229
438,439,438,794,em-95e1d74be5b6,Ｈ・Ｆ・ウーマン,water,ZR,47,6305,3748,2,1ターンの間、攻撃を自身に集中させる(70%カット),advantage_creation,4,0.5,0,0,0,1,0.16,0.95,0.2153,0,0,0.9057,0.000229
439,440,439,879,em-cb9a138787d0,摩陀羅　潮真,fire_water,MZR,27,7194,1741,2,1ターンの間、水属性の攻撃を自身に集中させる(80%カット),advantage_creation,4,0.5,0,0,0,1,0.16,0.9,0.2153,0,0,0.8064,0.000204
440,441,440,795,em-0f3dc5f343f5,?????,water,ZR,40,2954,3316,8,敵全員の攻撃カウントを5増加させる,ignored,4,0.5,0,0,0,1,0.16,0.93,0.2153,0,0,0.9054,0.000229
441,442,441,393,em-71820072d6c5,松浦凜子,water,R,6,603,603,4,1ターンの間、火属性の敵に対する味方全員の攻撃力を50%増加させる,counteraction,4,0.5,0,0,0,1,0.16,0.9,0.2118,0,0,0.9846,0.000249
442,443,442,625,em-050f0ee87c24,妖精雪愛さん,water,CR,12,770,830,2,1ターンの間、味方全員の属性を水属性に変更する,adaptive,4,0.5,0,0,0,1,0.15,0.9,0.2072,0,0,0.9622,0.000244
443,444,443,626,em-a04fcf6167db,いはと先生,water,CR,17,2093,3059,3,風属性の敵全員の攻撃カウントを2増加させる,ignored,4,0.5,0,0,0,1,0.15,0.87,0.2072,0,0,0.9621,0.000243
444,445,444,796,em-82d7b7a877f8,電ドロ白鷺嬢,water,ZR,39,6816,2556,2,自身のHPを70%回復する,advantage_creation,4,0.5,0,0,0,1,0.15,0.96,0.2072,0,0,0.9047,0.000229
445,446,445,396,em-48860dff9f84,カナ★パラ,water_wind,R,20,1661,1812,5,死亡している味方全員を50%のHPで蘇らせる,advantage_creation,4,0.5,0,0,0,1,0.15,0.88,0.1978,0,0,0.9844,0.000249
446,447,446,629,em-0af21062aa7c,ｻﾗﾏﾝﾀﾞｰ祝High気分,fire_water,CR,30,2898,2817,6,味方全員のスキルカウントを4減少させる,ignored,4,0.5,0,0,0,1,0.14,0.9,0.1966,0,0,0.9619,0.000243
447,448,447,630,em-c736bc52077a,漱石先生と吾輩たち,water,CR,15,1610,3461,5,火属性の味方全員のスキルカウントを4減少させる,ignored,4,0.5,0,0,0,1,0.14,0.91,0.1966,0,0,0.9618,0.000243
448,449,448,631,em-c2219f10d4e0,青コリくん,water,CR,16,1533,2556,0,1ターンの間、味方全員に火属性の敵からのダメージを20%軽減するシールドを与える,advantage_creation,4,0.5,0,0.25,1,1,0.14,0.87,0.1961,0,0,0.9617,0.000243
449,450,449,798,em-ab9b2ce76191,B・O・B,fire_water,ZR,37,4935,3244,3,風属性の敵全員の攻撃カウントを1増加させる,ignored,4,0.5,0,0,0,1,0.14,0.86,0.1945,0,0,0.9039,0.000229
450,451,450,632,em-583f38470462,さくらエビライダー,water_wind,CR,26,2414,2414,2,1ターンの間、味方全員の属性を風属性に変更する,adaptive,4,0.5,0,0,0,1,0.15,0.93,0.1925,0,0,0.9616,0.000243
451,452,451,799,em-433922ef3e4e,夏至祭のぺた也君,fire_water,ZR,53,7266,2153,2,風属性の味方全員のスキルカウントを2減少させる,ignored,4,0.5,0,0,0,1,0.15,0.88,0.1925,0,0,0.9035,0.000229
452,453,452,336,em-2f505dd0418a,とちぎソウル,water,N,4,150,400,5,1ターンの間、自身の攻撃力を100%増加させる,counteraction,4,0.5,0,0,0,1,0.14,0.88,0.1918,0,0,0.9905,0.000251
453,454,453,880,em-357427c8f331,反魂タン昼食TIME,water,MZR,27,3067,5623,4,2ターンの間、風属性の敵に対する自身の攻撃力を800%増加させる,counteraction,4,0.5,0,0,0,1,0.14,0.93,0.188,0,0,0.8023,0.000203
454,455,454,800,em-1d6b42059506,レーティッシュ凛子,water_wind,ZR,35,5623,3229,3,2ターンの間、火属性の敵に対する味方全員の攻撃力を150%増加させる,counteraction,4,0.5,0,0,0,1,0.14,0.97,0.188,0,0,0.903,0.000229
455,456,455,404,em-4016fa16a6ca,Dr.&萌やﾁﾝｹﾞｰﾙ,all,R,14,773,2573,1,味方全員のHPを40%回復する,advantage_creation,4,0.5,0,0,0,1,0.14,0.89,0.188,0,0,0.984,0.000249
456,459,458,405,em-75bbcd3130fb,みかんさん,water,R,6,700,500,7,2ターンの間、風属性の味方全員の攻撃が全体攻撃になる,counteraction,4,0.5,0,0,0,1,0.13,0.87,0.1845,0,0,0.984,0.000249
457,460,459,185,em-bc2106c87bcd,?????,water,ZR,15,511,2811,3,5ターンの間、自身にダメージを55%軽減するシールドを与える,advantage_creation,4,0.5,0,0.25,0,1,0.13,0.93,0.1845,0,0,0.9025,0.000521
458,461,460,801,em-a97f49a1b6e8,篠島しらす子,water_wind,ZR,41,5453,2726,5,水属性の味方全員のスキルカウントを3減少させる,ignored,4,0.5,0,0,0,1,0.13,0.86,0.1845,0,0,0.9023,0.000228
459,462,461,407,em-204ef16c9e26,カピ原雄さん,water,R,6,300,500,6,死亡している味方全員を20%のHPで蘇らせる,advantage_creation,4,0.5,0,0,0,1,0.13,0.91,0.1834,0,0,0.9838,0.000249
460,463,462,634,em-db2c3576c544,すわ子☆神,water,CR,15,1100,1400,3,1ターンの間、自身の攻撃が3回連続攻撃になる,counteraction,4,0.5,0,0,0,1,0.13,0.96,0.1834,0,0,0.9609,0.000243
461,464,463,408,em-aad8fae6b05f,やまとーる海佐,water,R,12,1000,700,5,2ターンの間、味方全員にダメージを50%軽減するシールドを与える,advantage_creation,4,0.5,0,0,0,1,0.14,0.82,0.1832,0,0,0.9838,0.000249
462,465,464,802,em-01a16cce900c,伝説のロロちゃん,water,ZR,35,3748,3067,5,1ターンの間、水属性の味方全員の攻撃力を300%増加させる,counteraction,4,0.5,0,0,0,1,0.14,0.91,0.1832,0,0,0.9016,0.000228
463,466,465,410,em-e900d5955acf,凄いぞさいごー丼,water,R,13,1050,650,3,2ターンの間、風属性の攻撃を自身に集中させる(60%カット),advantage_creation,4,0.5,0,0,0,1,0.13,0.87,0.1812,0,0,0.9837,0.000249
464,467,466,639,em-e7b02783dd94,梵天ちゃん,water,CR,8,500,700,8,2ターンの間、味方全員の攻撃が全体攻撃になる,counteraction,4,0.5,0,0,0,1,0.14,0.84,0.1771,0,0,0.9606,0.000243
465,468,467,413,em-804bc17d075c,雪壁の大谷,water,R,11,1500,300,2,1ターンの間、味方全員に火属性の敵からのダメージを50%軽減するシールドを与える,advantage_creation,4,0.5,0,0,0,1,0.13,0.84,0.1734,0,0,0.9836,0.000249
466,469,468,641,em-fe9fc4184474,聖えぇじゃないか,water,CR,17,2817,2334,4,2ターンの間、自身の攻撃が全体攻撃になる,counteraction,4,0.5,0,0,0,1,0.13,0.85,0.1734,0,0,0.9604,0.000243
467,470,469,415,em-a58c4fcc6b2e,けねず大先生,water,R,14,1699,1699,4,3ターンの間、味方全員に風属性の敵からのダメージを50%軽減するシールドを与える,advantage_creation,4,0.5,0,0,0,1,0.13,0.84,0.1734,0,0,0.9835,0.000249
468,471,470,882,em-6b4baf5a6b1b,ＫＫマリテレ様,water,MZR,51,6368,2926,1,1ターンの間、味方全員の属性を火属性に変更する,adaptive,4,0.5,0,0,0,1,0.13,0.88,0.1734,0,0,0.7978,0.000202
469,472,471,804,em-96c8b7af6f5c,ネギtheダーウィン,all,ZR,30,5112,0,5,1ターンの間、味方全員の属性を全属性(3色混合)に変更する,adaptive,4,0.5,0,0,0,1,0.13,0.84,0.1734,0,0,0.9004,0.000228
470,473,472,417,em-2c819cc3029c,お稲荷さん,water,R,9,808,808,3,2ターンの間、風属性の敵に対する味方全員の攻撃力を150%増加させる,counteraction,4,0.5,0,0,0,1,0.12,0.97,0.1724,0,0,0.9834,0.000249
471,474,473,644,em-33efacdd0b0b,ににぎ先輩,water,CR,18,1100,1300,5,2ターンの間、水属性の味方全員の攻撃力を90%増加させる,counteraction,4,0.5,0,0,0,1,0.12,0.89,0.1724,0,0,0.96,0.000243
472,475,474,883,em-58dbb7bc9653,六点魔王ノッブ,fire_water,MZR,58,3408,5964,3,2ターンの間、水属性の味方全員の攻撃が2回連続攻撃になる,counteraction,4,0.5,0,0,0,1,0.12,0.87,0.1724,0,0,0.7965,0.000202
473,476,475,645,em-6a3f787c507e,梵天くん,water,CR,12,700,900,7,2ターンの間、味方全員の攻撃が全体攻撃になる,counteraction,4,0.5,0,0,0,1,0.13,0.9,0.1677,0,0,0.9599,0.000243
474,477,476,339,em-4442b5ee096e,朱雀むりょく,all,N,5,165,165,6,死亡している味方全員を5%のHPで蘇らせる,advantage_creation,4,0.5,0,0,0,1,0.12,0.84,0.1673,0,0,0.9899,0.00025
475,478,477,884,em-a87c308ef7c4,トミスLOVE様,water,MZR,52,4686,4686,4,死亡している火属性の味方全員を1%のHPで蘇らせる,advantage_creation,4,0.5,0,0,0,1,0.12,0.9,0.1632,0,0,0.7956,0.000201
476,479,478,885,em-5d063141c6e0,ブルーフェイス姐さん,water_wind,MZR,33,3919,4260,0,2ターンの間、自身の属性を水属性に変更する,adaptive,4,0.5,0,0,1,1,0.12,0.92,0.1632,0,0,0.7953,0.000201
477,481,480,646,em-6c5c24ebebea,こんぴらさん,water,CR,15,1100,1100,8,敵全員の攻撃カウントを3増加させる,ignored,4,0.5,0,0,0,1,0.11,0.87,0.1597,0,0,0.9596,0.000243
478,482,481,422,em-3725122fa93d,ホーク元船員,water,R,9,600,850,1,1ターンの間、火属性の攻撃を自身に集中させる。(60%カット),advantage_creation,4,0.5,0,0,0,1,0.11,0.89,0.1597,0,0,0.9831,0.000249
479,483,482,424,em-86b8f3a86278,レボリューション凜子,water,R,10,800,800,4,1ターンの間、火属性の敵に対する味方全員の攻撃力を150%増加させる,counteraction,4,0.5,0,0.25,0,1,0.11,0.83,0.1586,0,0,0.983,0.000249
480,484,483,886,em-cf62aeacc244,やまたのおろちん,water,MZR,40,2726,2726,3,2ターンの間、自身の攻撃が7回連続攻撃になる,counteraction,4,0.5,0,0,0,1,0.11,0.89,0.1586,0,0,0.7941,0.000201
481,485,484,425,em-0a88e828f44f,あずま京子,water,R,7,500,500,4,1ターンの間、味方全員に風属性の敵からのダメージを80%軽減するシールドを与える,advantage_creation,4,0.5,0,0,0,1,0.12,0.86,0.158,0,0,0.9829,0.000249
482,486,485,887,em-abcae044297d,ラ・ショー・ドさん,fire_water,MZR,44,5453,3424,5,風属性の敵全員の攻撃カウントを3増加させる,ignored,4,0.5,0,0,0,1,0.12,0.87,0.158,0,0,0.7935,0.000201
483,487,486,888,em-681c8662f2b6,まさか殿(ｼﾞｬｰｼﾞ),all,MZR,55,6475,3748,6,敵全員の攻撃カウントを3増加させる,ignored,4,0.5,0,0,0,1,0.12,0.88,0.158,0,0,0.7932,0.000201
484,488,487,427,em-32f3aa536bcf,境地！絶海のあん子,water,R,7,502,488,4,水属性の味方全員のHPを70%回復する,advantage_creation,4,0.5,0,0,0,1,0.11,0.94,0.1526,0,0,0.9828,0.000249
485,489,488,429,em-e9d9b60eefb1,鈴鹿忍者,water_wind,R,20,1623,2189,5,水属性の味方全員のスキルカウントを2減少させる,ignored,4,0.5,0,0,0,1,0.11,0.87,0.1526,0,0,0.9828,0.000249
486,490,489,181,em-410cc22d32bc,アロハる☆水島神人,fire_water,R,16,3246,1887,2,3ターンの間、自身の属性を水属性に変更する,adaptive,4,0.5,0,0.25,0,1,0.11,0.92,0.1526,0,0,0.9827,0.00055
487,503,502,890,em-a447724e3bc1,ヴァレサバ☆関くん,water_wind,MZR,54,4055,5759,0,1ターンの間、攻撃をリーダーに集中させる(10%カット),advantage_creation,4,0.5,0,1,1,1,0.11,0.92,0.1478,0,0,0.792,0.0002
488,504,503,648,em-210e07c4044b,偉いよ！どうしん先生,water,CR,19,1245,1155,1,水属性の味方全員のHPを15%回復する,advantage_creation,4,0.5,0,0,0,1,0.1,0.88,0.1471,0,0,0.9588,0.000243
489,505,504,649,em-cdfbe8acd59f,はんばー先輩,water,CR,24,4444,563,2,死亡しているリーダーを44%のHPで蘇らせる,advantage_creation,4,0.5,0,0,0,1,0.1,0.84,0.1471,0,0,0.9587,0.000243
490,506,505,433,em-7a7f1cd12450,スオ面スナイパー,water_wind,R,13,1132,1812,1,1ターンの間、水属性の敵に対する自身の攻撃力を150%増加させる,counteraction,4,0.5,0,0,0,1,0.1,0.86,0.1471,0,0,0.9826,0.000249
491,507,506,807,em-59fa5fa098ba,繭神！おかいこさま,water,ZR,32,5027,1704,3,1ターンの間、味方全員の属性を風属性に変更する,adaptive,4,0.5,0,0,0,1,0.1,0.88,0.1464,0,0,0.8966,0.000227
492,508,507,891,em-fa2d14d3eb33,大天姿☆ぴよ子,all,MZR,46,7572,756,5,味方全員のスキルカウントを2減少させる,ignored,4,0.5,0,0,0,1,0.1,0.94,0.1464,0,0,0.7904,0.0002
493,509,508,435,em-9d861b51bd30,波乗りキング,water,R,18,776,2582,3,1ターンの間、水属性の味方全員の攻撃力を70%増加させる,counteraction,4,0.5,0,0,0,1,0.1,0.85,0.1464,0,0,0.9824,0.000249
494,510,509,437,em-69c457dd7e6a,スミθ＆エð,water,R,13,3020,755,2,2ターンの間、火属性の攻撃を自身に集中させる。(90%カット),advantage_creation,4,0.5,0,0,0,1,0.1,0.89,0.1464,0,0,0.9824,0.000249
495,511,510,808,em-6b8007792f3c,因幡WAHHH!!,water,ZR,32,3578,4771,4,2ターンの間、火属性の敵に対する自身の攻撃力を800%増加させる,counteraction,4,0.5,0,0,0,1,0.1,0.94,0.1464,0,0,0.8959,0.000227
496,512,511,341,em-0c67088a1447,わさわさ大根,water_wind,N,11,2623,1184,6,火属性の敵全員の攻撃カウントを2増加させる,ignored,4,0.5,0,0,0,1,0.1,0.85,0.1464,0,0,0.9894,0.00025
497,513,512,809,em-75c1af17d152,浴衣美人な日女路嬢,water,ZR,38,5623,3748,3,風属性の味方全員のHPを180%回復する,advantage_creation,4,0.5,0,0,0,1,0.1,0.91,0.1464,0,0,0.8956,0.000227
498,514,513,439,em-bf58cd7d185a,ホーク元船長,water,R,12,700,1100,1,1ターンの間、火属性の攻撃を自身に集中させる。(70%カット),advantage_creation,4,0.5,0,0,0,1,0.1,0.83,0.1446,0,0,0.9822,0.000249
499,515,514,892,em-d67f8f409078,芋神よしあき,water,MZR,31,4130,2753,2,1ターンの間、水属性の味方全員の攻撃が2回連続攻撃になる,counteraction,4,0.5,0,0,0,1,0.1,0.98,0.1446,0,0,0.7883,0.000199
500,516,515,810,em-93a9275d427c,肉食ドゥブロさん,fire_water,ZR,32,5106,3404,3,3ターンの間、火属性の敵に対する味方全員の攻撃力を100%増加させる,counteraction,4,0.5,0,0,0,1,0.1,0.84,0.1446,0,0,0.895,0.000226
501,517,516,442,em-354b4786550a,魔滅！鷹山先生,water_wind,R,27,1283,1283,4,風属性の敵全員の攻撃カウントを2増加させる,ignored,4,0.5,0,0,0,1,0.1,0.84,0.1446,0,0,0.9821,0.000248
502,518,517,443,em-10adad665687,コマンドー下仁田,water,R,13,597,614,3,1ターンの間、攻撃をリーダーに集中させる(30%カット),advantage_creation,4,0.5,0,0,0,1,0.1,0.85,0.1446,0,0,0.9821,0.000248
503,519,518,343,em-5b3eb6a3a507,なるリッシュ,water,N,20,1812,1510,2,1ターンの間、水属性の味方全員の攻撃力を100%増加させる,counteraction,4,0.5,0,0,0,1,0.1,0.85,0.1446,0,0,0.9892,0.00025
504,533,532,654,em-12386dff9bd5,サリエリ許さないマン,water,CR,21,2827,2827,4,死亡している風属性の味方全員を100%のHPで蘇らせる,advantage_creation,4,0.5,0,0,0,1,0.1,0.98,0.1415,0,0,0.9576,0.000242
505,534,533,446,em-278299c58131,けねず君,water,R,8,603,603,5,1ターンの間、味方全員に風属性の敵からのダメージを30%軽減するシールドを与える,advantage_creation,4,0.5,0,0,0,1,0.1,0.81,0.1372,0,0,0.9819,0.000248
506,535,534,893,em-b16382731bd5,華燭なカネヒラさん,water,MZR,60,5793,4771,2,4ターンの間、自身の属性を火属性に変更する,adaptive,4,0.5,0,0,0,1,0.09,0.89,0.1338,0,0,0.7861,0.000199
507,536,535,344,em-0063b3d17f76,玄武むりょく,all,N,4,165,165,6,2ターンの間、味方全員にダメージを30%軽減するシールドを与える,advantage_creation,4,0.5,0,0,0,1,0.09,0.84,0.1338,0,0,0.9891,0.00025
508,537,536,345,em-198e928f6d0b,なるとマン,water,N,9,800,700,4,1ターンの間、水属性の味方全員の攻撃力を50%増加させる,counteraction,4,0.5,0,0,0,1,0.09,0.9,0.1338,0,0,0.9891,0.00025
509,538,537,448,em-19a1ef813069,絶品！さくらん兄妹,water,R,10,780,820,5,火属性の味方全員のスキルカウントを1減少させる,ignored,4,0.5,0,0,0,1,0.09,0.87,0.1325,0,0,0.9818,0.000248
510,539,538,811,em-1c28be3f3366,モンさんミッシェル,water,ZR,32,3748,5623,8,4ターンの間、味方全員の攻撃が6回連続攻撃になる,counteraction,4,0.5,0,0,0,1,0.09,0.91,0.1325,0,0,0.8933,0.000226
511,540,539,894,em-902bd624dbdb,パンタナルの狼男,water,MZR,70,5898,4260,5,死亡している水属性の味方全員を121%のHPで蘇らせる,advantage_creation,4,0.5,0,0,0,1,0.09,0.86,0.1325,0,0,0.7845,0.000198
512,541,540,895,em-9c9f188ea0a8,やる気勢ナルテュール,water,MZR,56,1704,7838,6,2ターンの間、水属性の味方全員の攻撃力を400%増加させる,counteraction,4,0.5,0,0,0,1,0.09,0.96,0.1325,0,0,0.7842,0.000198
513,542,541,812,em-cec2f0ad9373,Dr.フォックス,water_wind,ZR,40,4089,4430,4,敵全員の攻撃カウントを1増加させる,ignored,4,0.5,0,0,0,1,0.09,0.97,0.1325,0,0,0.8927,0.000226
514,543,542,896,em-d9e193a7c929,斑鳩の太子くん,water,MZR,36,4260,2896,2,火属性の味方全員のHPを150%回復する,advantage_creation,4,0.5,0,0,0,1,0.09,0.94,0.1325,0,0,0.7836,0.000198
515,544,543,148,em-ea05427d05f5,ナポレオーヌくん,water,CR,32,3121,2603,1,4ターンの間、水属性の敵に対する水属性の味方全員の攻撃力を23%増加させる,counteraction,4,0.5,0,0.5,0,1,0.09,0.86,0.1325,0,0,0.9567,0.000808
516,545,544,347,em-d5d58dc5e468,子供神・わらしちゃん,all,N,7,565,1131,4,火属性の敵全員の攻撃カウントを1増加させる,ignored,4,0.5,0,0,0,1,0.09,0.83,0.1325,0,0,0.9889,0.00025
517,546,545,149,em-ed21bd124ab2,牛タソ☆行進曲,fire_water,R,14,755,1812,2,2ターンの間、攻撃を自身に集中させる(30%カット,advantage_creation,4,0.5,0,0.5,0,1,0.09,0.94,0.1325,0,0,0.9814,0.000796
518,555,554,452,em-bb2b760b2dfe,いぬやマン,water,R,6,400,400,7,1ターンの間、味方全員の攻撃力を100%増加させる,counteraction,4,0.5,0,0,0,1,0.09,0.85,0.13,0,0,0.9814,0.000248
519,556,555,814,em-7aeb7561c788,ににぎのミコト,water,ZR,50,4941,3748,5,3ターンの間、水属性の味方全員の攻撃力を200%増加させる,counteraction,4,0.5,0,0,0,1,0.09,0.93,0.13,0,0,0.8917,0.000226
520,557,556,815,em-a236725222d2,紺碧のＰＬぴよ子,water,ZR,60,3656,3656,1,1ターンの間、自身の属性を水属性に変更する,adaptive,4,0.5,0,0,0,1,0.09,0.88,0.13,0,0,0.8915,0.000226
521,558,557,164,em-f9fcb91b983d,アエネウスと弟くん,fire_water,MZR,60,4175,4175,0,2ターンの間、味方全員に火属性の敵からのダメージを15%軽減するシールドを与える,advantage_creation,4,0.5,0,0.5,1,1,0.09,0.9,0.1261,0,0,0.7813,0.000687
522,559,558,816,em-5f292317fd1c,墨染のＰＬぴよ子,all,ZR,60,3656,3656,5,1ターンの間、味方全員の属性を全属性(3色混合)に変更する,adaptive,4,0.5,0,0,0,1,0.09,0.88,0.1261,0,0,0.8911,0.000225
523,560,559,348,em-9625a8dc4056,祟らない幽子,water,N,8,370,410,7,死亡している水属性の味方全員を50%のHPで蘇らせる,advantage_creation,4,0.5,0,0.25,0,1,0.09,0.87,0.1261,0,0,0.9887,0.00025
524,561,560,455,em-e931902358ae,弘法大師Ｑ改,water,R,15,1359,1963,3,水属性の味方全員のスキルカウントを1減少させる,ignored,4,0.5,0,0,0,1,0.09,0.89,0.1261,0,0,0.9811,0.000248
525,567,566,456,em-84808a58aa1d,近江守鮒麿,water,R,11,764,640,5,味方全員のHPを80%回復する,advantage_creation,4,0.5,0,0,0,1,0.08,0.84,0.1205,0,0,0.9811,0.000248
526,568,567,897,em-da18dad9d936,もけーれ！ムベちゃん,water,MZR,53,2896,6475,4,1ターンの間、水属性の味方全員の攻撃が4回連続攻撃になる,counteraction,4,0.5,0,0,0,1,0.08,0.93,0.1205,0,0,0.7798,0.000197
527,569,568,458,em-8561e29b5d2e,まんまんちゃん,water,R,12,1524,1682,3,2ターンの間、風属性の敵に対する味方全員の攻撃力を200%増加させる,counteraction,4,0.5,0,0,0,1,0.08,0.89,0.1205,0,0,0.981,0.000248
528,570,569,460,em-1555cadff0cf,おぅぼっと,water,R,6,800,300,4,2ターンの間、味方全員にダメージを20%軽減するシールドを与える,advantage_creation,4,0.5,0,0,0,1,0.08,0.95,0.1198,0,0,0.981,0.000248
529,571,570,349,em-8d2b5bd68a94,ズースさんとシーラさん,water,N,6,800,600,4,3ターンの間、水属性の敵に対する味方全員の攻撃力を70%増加させる,counteraction,4,0.5,0,0.25,0,1,0.08,0.87,0.1198,0,0,0.9886,0.00025
530,572,571,350,em-a91eca479689,嗚呼ヴァサクサ君,water,N,10,1880,374,2,風属性の味方全員のスキルカウントを1減少させる,ignored,4,0.5,0,0,0,1,0.08,0.88,0.1198,0,0,0.9885,0.00025
531,573,572,351,em-826b6ae61786,スワン王,water,N,9,1229,1173,4,味方全員のスキルカウントを1減少させる,ignored,4,0.5,0,0,0,1,0.08,0.94,0.1198,0,0,0.9885,0.00025
532,574,573,461,em-091b1c77c643,戸隠ちび蔵,water,R,6,150,950,3,1ターンの間、火属性の敵に対する自身の攻撃力を200%増加させる,counteraction,4,0.5,0,0,0,1,0.08,0.92,0.1198,0,0,0.9808,0.000248
533,12,574,62,em-9b1b7dceab8e,ブダ山ペスト太郎,all,MZR,40,6305,2044,0,2ターンの間、自身にダメージを20%軽減するシールドを与える,advantage_creation,4,0.5,0,1,1,1,0.08,0.92,0.1179,0.75,0,0.7775,0.004762
534,575,575,818,em-0bcb369cdcd9,キタキツネの神様,water,ZR,36,3748,4771,3,2ターンの間、自身の攻撃力を250%増加させる,counteraction,4,0.5,0,0,0,1,0.08,0.91,0.1179,0,0,0.889,0.000225
535,576,576,659,em-e3dab98c64af,試作型おこしん,water,CR,8,2265,1510,2,1ターンの間、火属性の攻撃を自身に集中させる(80%カット),advantage_creation,4,0.5,0,0,0,1,0.08,0.91,0.1179,0,0,0.9552,0.000242
536,577,577,352,em-e507272ab5af,フィッシャーマン２,water,N,6,400,400,1,水属性の味方全員のHPを10%回復する,advantage_creation,4,0.5,0,0,0,1,0.08,0.87,0.1179,0,0,0.9884,0.00025
537,578,578,353,em-518934908b79,こんにゃくさん,water,N,5,400,400,8,2ターンの間、攻撃を自身に集中させる(60%カット),advantage_creation,4,0.5,0,0,0,1,0.08,0.87,0.1179,0,0,0.9883,0.00025
538,579,579,661,em-88028fdebb04,オペラハウス侯爵,water,CR,24,3154,3177,3,死亡している火属性の味方全員を100%のHPで蘇らせる,advantage_creation,4,0.5,0,0,0,1,0.08,0.88,0.1179,0,0,0.955,0.000242
539,580,580,137,em-e85f4ced46d6,ツノザヤ君は脳天気,water,MZR,27,43,3360,0,2ターンの間、味方全員に水属性の敵からのダメージを10%軽減するシールドを与える,advantage_creation,4,0.5,0,1,1,1,0.08,0.93,0.1179,0,0,0.7756,0.000921
540,581,581,898,em-6ceef8f285a4,可愛馬！真純ちゃん,water,MZR,41,5964,4566,2,1ターンの間、火属性の味方全員の攻撃が2回連続攻撃になる,counteraction,4,0.5,0,0,0,1,0.08,0.91,0.1179,0,0,0.7753,0.000196
541,582,582,899,em-371b0bc06848,やっとの神,water_wind,MZR,50,2933,2919,3,2ターンの間、自身の攻撃が8回連続攻撃になる,counteraction,4,0.5,0,0,0,1,0.08,0.92,0.1179,0,0,0.775,0.000196
542,583,583,664,em-fc5d66138cad,端午ぴよ子,water,CR,13,1543,2512,5,3ターンの間、自身の攻撃が全体攻撃になる,counteraction,4,0.5,0,0,0,1,0.08,0.87,0.1179,0,0,0.9546,0.000242
543,584,584,665,em-c912b76e4dda,妖怪雪愛さま,water,CR,15,950,1350,2,1ターンの間、味方全員の属性を水属性に変更する,adaptive,4,0.5,0,0,0,1,0.08,0.89,0.1145,0,0,0.9546,0.000242
544,585,585,666,em-c69e39cf7701,伏ちゃん,water,CR,12,1597,516,5,2ターンの間、攻撃を自身に集中させる(60%カット),advantage_creation,4,0.5,0,0,0,1,0.08,0.84,0.1145,0,0,0.9545,0.000241
545,586,586,667,em-ed68f4e03a58,欣喜ぴよ子,water,CR,10,1785,1812,2,1ターンの間、攻撃をリーダーに集中させる(30%カット),advantage_creation,4,0.5,0,0,0,1,0.08,0.88,0.1145,0,0,0.9544,0.000241
546,592,592,668,em-d80a2b82ab9f,ブーナッドちゃん,water,CR,8,1200,200,3,自身のHPを30%回復する,advantage_creation,4,0.5,0,0,0,1,0.07,0.93,0.1065,0,0,0.9543,0.000241
547,593,593,355,em-e660791c3950,めい子さん,water,N,5,400,400,5,1ターンの間、風属性の攻撃を自身に集中させる(80%カット),advantage_creation,4,0.5,0,0,0,1,0.07,0.91,0.1065,0,0,0.9881,0.00025
548,594,594,669,em-d6cc97b363eb,ユウレイイカさん,water,CR,10,1363,1704,5,死亡している水属性の味方全員を1%のHPで蘇らせる,advantage_creation,4,0.5,0,0,0,1,0.07,0.91,0.1065,0,0,0.9542,0.000241
549,595,595,900,em-b791d78202d5,英国面の本気,fire_water,MZR,38,6816,1363,5,1ターンの間、風属性の味方全員の攻撃が9回連続攻撃になる,counteraction,4,0.5,0,0,0,1,0.07,0.85,0.1065,0,0,0.7724,0.000195
550,596,596,356,em-377a00f7a666,のり男,water,N,4,334,278,3,2ターンの間、火属性の攻撃を自身に集中させる(50%カット),advantage_creation,4,0.5,0,0,0,1,0.07,0.86,0.1052,0,0,0.988,0.00025
551,597,597,671,em-bb16895fa31d,ハルキさんとゲニアさん,water,CR,26,3074,813,6,火属性の敵全員の攻撃カウントを5増加させる,ignored,4,0.5,0,0,0,1,0.07,0.85,0.1052,0,0,0.9539,0.000241
552,598,598,820,em-ec64495c1963,レブカ大先生,fire_water,ZR,38,5793,2984,5,3ターンの間、火属性の味方全員の攻撃が全体攻撃になる,counteraction,4,0.5,0,0,0,1,0.07,0.88,0.1052,0,0,0.8856,0.000224
553,599,599,672,em-cce942b02eb0,激えぇじゃないか,water,CR,14,1300,1100,5,2ターンの間、自身の攻撃が全体攻撃になる,counteraction,4,0.5,0,0,0,1,0.07,0.94,0.1024,0,0,0.9538,0.000241
554,600,600,821,em-825d090d7d15,比保々田 真純,water,ZR,31,4601,3714,2,1ターンの間、火属性の味方全員の攻撃が2回連続攻撃になる,counteraction,4,0.5,0,0,0,1,0.07,0.85,0.1024,0,0,0.8853,0.000224
555,601,601,901,em-0d449e302187,水神ヨッカブイ先生,water_wind,MZR,54,3714,5418,5,2ターンの間、味方全員にダメージを72%軽減するシールドを与える,advantage_creation,4,0.5,0,0,0,1,0.07,0.98,0.1024,0,0,0.7704,0.000195
556,602,602,822,em-a44b56d26d84,聖夜の又マタドーるん,all,ZR,45,3919,4260,1,1ターンの間、味方全員に水属性の敵からのダメージを20%軽減するシールドを与える,advantage_creation,4,0.5,0,0.75,0,1,0.07,0.87,0.1024,0,0,0.8849,0.000224
557,603,603,472,em-07c5bc08f69e,朦朧ボディマンΩ,water,R,16,755,3020,10,1ターンの間、味方全員の攻撃が5回連続攻撃になる,counteraction,4,0.5,0,0,0,1,0.07,0.92,0.1024,0,0,0.9797,0.000248
558,604,604,474,em-71504e292ebf,キャミー・the.女,water,R,13,1208,2567,3,水属性の味方全員のHPを40%回復する,advantage_creation,4,0.5,0,0,0,1,0.07,0.94,0.1024,0,0,0.9797,0.000248
559,605,605,902,em-53e02d48f02a,It’s a ちーちゃん,water_wind,MZR,33,6816,149,2,2ターンの間、自身の攻撃が10回連続攻撃になる,counteraction,4,0.5,0,0,0,1,0.07,0.9,0.1024,0,0,0.7691,0.000195
560,606,606,475,em-124d2df2b85e,ディオクレ君,fire_water,R,23,2416,1449,4,味方全員のスキルカウントを2減少させる,ignored,4,0.5,0,0,0,1,0.07,0.88,0.1024,0,0,0.9796,0.000248
561,607,607,123,em-0e45f68a7bc6,ツノザヤ君は腕ﾌﾘﾁｭｳ,water,CR,27,34,2688,0,2ターンの間、味方全員に水属性の敵からのダメージを8%軽減するシールドを与える,advantage_creation,4,0.5,0,1,1,1,0.07,0.88,0.1024,0,0,0.9531,0.001157
562,608,608,675,em-b9b869c15b9f,ルリマダラー,fire_water,CR,15,3786,378,2,1ターンの間、水属性の攻撃を自身に集中させる(80%カット),advantage_creation,4,0.5,0,0,0,1,0.07,0.89,0.1024,0,0,0.9531,0.000241
563,609,609,903,em-f4980131820e,ﾊﾛｳｨﾝのヴラドさん,fire_water,MZR,41,4089,1757,2,1ターンの間、火属性の味方全員にダメージを72%軽減するシールドを与える,advantage_creation,4,0.5,0,0,0,1,0.07,0.89,0.1024,0,0,0.7678,0.000194
564,610,610,358,em-7c5fdd7af70d,覚醒むりょく,all,N,6,198,89,3,1ターンの間、味方全員の攻撃が2回連続攻撃になる,counteraction,4,0.5,0,0,0,1,0.07,0.87,0.1024,0,0,0.9876,0.00025
565,634,634,476,em-e275020a88a0,あん子ちゃん,water,R,4,289,300,4,水属性の味方全員のHPを30%回復する,advantage_creation,4,0.5,0,0.25,0,1,0.06,0.9,0.0926,0,0,0.9793,0.000248
566,635,635,477,em-e626c795c8a8,スミス＆エズ,water,R,12,1200,400,3,2ターンの間、火属性の攻撃を自身に集中させる。(90%カット),advantage_creation,4,0.5,0,0,0,1,0.06,0.87,0.0919,0,0,0.9793,0.000248
567,636,636,958,em-2a5e6ca1207c,ケーンクラちゃん,water_wind,伝,81,9713,4089,6,2ターンの間、味方全員にダメージを80%軽減するシールドを与える,advantage_creation,4,0.5,0,0,0,1,0.06,0.98,0.0919,0,0,0.2755,0.00007
568,637,637,359,em-cd0a21cda0bb,タキシラ師匠,fire_water,N,6,1861,733,0,自身のHPを60%回復する,advantage_creation,4,0.5,0,1,1,1,0.06,0.89,0.0919,0,0,0.9875,0.00025
569,638,638,904,em-2f3cf0f345e4,ふらっとウッズ子さん,fire_water,MZR,59,5112,2272,0,1ターンの間、風属性の攻撃を自身に集中させる(70%カット),advantage_creation,4,0.5,0,0.5,1,1,0.06,0.9,0.0919,0,0,0.7658,0.000194
570,639,639,360,em-b08b3e6f22a8,フィッシャーマン三平,water_wind,N,17,1286,1316,2,1ターンの間、攻撃をリーダーに集中させる(70%カット),advantage_creation,4,0.5,0,0,0,1,0.06,0.91,0.0919,0,0,0.9875,0.00025
571,640,640,824,em-f35caa7e177a,モンポスさん,water_wind,ZR,40,5112,2556,4,1ターンの間、味方全員にダメージを80%軽減するシールドを与える,advantage_creation,4,0.5,0,0,0,1,0.06,0.93,0.0919,0,0,0.8821,0.000223
572,641,641,678,em-ecc88d69f40d,恋愛成就☆どうしん様,water_wind,CR,25,2649,2504,1,水属性の味方全員のHPを18%回復する,advantage_creation,4,0.5,0,0.25,0,1,0.06,0.96,0.0919,0,0,0.9522,0.000241
573,642,642,679,em-d07cd0c8b0b0,二条城☆浴衣モード,fire_water,CR,19,2656,2495,1,1ターンの間、風属性の攻撃を自身に集中させる。(80%カット),advantage_creation,4,0.5,0,0,0,1,0.06,0.87,0.0919,0,0,0.9522,0.000241
574,643,643,905,em-4533a7697d48,謀反人ミッツ,fire_water,MZR,60,6645,4430,3,2ターンの間、水属性の味方全員にダメージを67%軽減するシールドを与える,advantage_creation,4,0.5,0,0,0,1,0.06,0.93,0.0919,0,0,0.7641,0.000193
575,644,644,361,em-17aeee13e460,こんにゃくん,water,N,4,287,308,9,1ターンの間、攻撃を自身に集中させる(50%カット),advantage_creation,4,0.5,0,0,0,1,0.06,0.88,0.0898,0,0,0.9873,0.00025
576,645,645,363,em-e9a4c94598fc,深海人ゴロウ,water,N,6,500,480,2,1ターンの間、風属性の敵に対する味方全員の攻撃力を100%増加させる,counteraction,4,0.5,0,0.25,0,1,0.06,0.86,0.0898,0,0,0.9873,0.00025
577,646,646,959,em-0e9d90fcbf69,テオティワちーちゃん,water_wind,伝,66,11928,149,1,2ターンの間、自身の攻撃が10回連続攻撃になる,counteraction,4,0.5,0,0,0,1,0.06,0.87,0.0898,0,0,0.2728,0.000069
578,647,647,906,em-c87499b64151,ラパヌイ先生,fire_water,MZR,45,6441,3067,4,6ターンの間、攻撃を自身に集中させる(50%カット),advantage_creation,4,0.5,0,0,0,1,0.06,0.85,0.0898,0,0,0.7628,0.000193
579,648,648,481,em-309e9bdb12e4,萌やし戦士,water,R,14,773,2573,4,2ターンの間、自身の攻撃力を300%増加させる,counteraction,4,0.5,0,0,0,1,0.06,0.87,0.0898,0,0,0.9787,0.000248
580,649,649,482,em-c5dbda5d8d5b,湘南パボーイ,water,R,12,318,911,4,1ターンの間、水属性の味方全員の攻撃力を40%増加させる,counteraction,4,0.5,0,0.25,0,1,0.06,0.93,0.0898,0,0,0.9787,0.000248
581,650,650,364,em-8dfd3b91ca8d,総統エビユルゲ,water,N,6,1244,1159,1,1ターンの間、自身の属性を火属性に変更する,adaptive,4,0.5,0,0,0,1,0.06,0.83,0.0898,0,0,0.9872,0.00025
582,651,651,365,em-bff3cff5162a,トキシッくんｵｯｽｵｯｽ,water,N,9,2253,1267,3,死亡している火属性の味方全員を100%のHPで蘇らせる,advantage_creation,4,0.5,0,0,0,1,0.06,0.83,0.0898,0,0,0.9871,0.00025
583,652,652,681,em-1232a815b671,みさきさん,water,CR,16,1000,1200,5,1ターンの間、水属性の味方全員の攻撃が2回連続攻撃になる,counteraction,4,0.5,0,0,0,1,0.06,0.83,0.0898,0,0,0.9513,0.000241
584,653,653,366,em-c88f65fb7899,グラディ瑛太,water,N,16,4653,423,3,水属性の敵全員の攻撃カウントを1増加させる,ignored,4,0.5,0,0,0,1,0.06,0.87,0.0898,0,0,0.9871,0.00025
585,698,698,825,em-313faf3b400a,バルパラ★イソ子,fire_water,ZR,36,3237,3067,1,2ターンの間、風属性の攻撃を自身に集中させる(70%カット),advantage_creation,4,0.5,0,0.25,0,1,0.05,0.85,0.0779,0,0,0.8794,0.000223
586,699,699,683,em-2d8e102d95f3,えぇじゃないか,water,CR,8,640,580,7,2ターンの間、自身の攻撃が全体攻撃になる,counteraction,4,0.5,0,0,0,1,0.05,0.82,0.0765,0,0,0.9511,0.000241
587,700,700,367,em-d8349efcae1b,鰹でよくね?,water,N,5,700,700,7,リーダーのスキルカウントを4減少させる,ignored,4,0.5,0,0,0,1,0.05,0.84,0.0765,0,0,0.987,0.00025
588,701,701,190,em-31faaa08a3e5,ジャノメぴよ子,water,CR,8,1105,1122,7,2ターンの間、水属性の攻撃を自身に集中させる(90%カット),advantage_creation,4,0.5,0,0.25,0,1,0.05,0.87,0.0765,0,0,0.9509,0.000508
589,702,702,684,em-2080ae65b62a,モヅルン,fire_water,CR,37,3771,1908,3,1ターンの間、風属性の攻撃を自身に集中させる(80%カット),advantage_creation,4,0.5,0,0,0,1,0.05,0.83,0.0765,0,0,0.9509,0.000241
590,703,703,907,em-45d954b40bc4,ジェラする？かめ姫,water_wind,MZR,60,4941,3237,3,3ターンの間、自身の攻撃が3回連続攻撃になる,counteraction,4,0.5,0,0,0,1,0.05,0.97,0.0765,0,0,0.7587,0.000192
591,726,726,686,em-5b5d08d879f7,おかいこさん,water,CR,12,797,816,5,2ターンの間、味方全員の属性を風属性に変更する,adaptive,4,0.5,0,0,0,1,0.04,0.89,0.0633,0,0,0.9507,0.000241
592,727,727,488,em-405a608fae19,大内さん,water,R,7,702,702,5,水属性の味方全員のHPを40%回復する,advantage_creation,4,0.5,0,0,0,1,0.04,0.92,0.0633,0,0,0.9781,0.000247
593,728,728,908,em-f89a98dd9893,大魔神！せいタン降臨,water,MZR,48,2044,6305,4,4ターンの間、水属性の味方全員の攻撃力を80%増加させる,counteraction,4,0.5,0,0,0,1,0.04,0.89,0.0633,0,0,0.7577,0.000192
594,729,729,826,em-258850fee1ca,時計塔の魔女娘,water,ZR,30,5523,1614,2,火属性の味方全員のスキルカウントを2減少させる,ignored,4,0.5,0,0,0,1,0.04,0.92,0.0633,0,0,0.8777,0.000222
595,730,730,909,em-55828eea72b7,スーリヤ大先輩,fire_water,MZR,48,5360,1951,2,2ターンの間、自身の攻撃が全体攻撃になる,counteraction,4,0.5,0,0,0,1,0.04,0.86,0.0633,0,0,0.757,0.000192
596,731,731,370,em-4c2a43ecd770,ナンマトル君,all,N,14,2115,2115,2,水属性の味方全員のスキルカウントを1減少させる,ignored,4,0.5,0,0,0,1,0.04,0.87,0.0633,0,0,0.9868,0.00025
597,732,732,491,em-8cdef0bc7893,戸隠ちび太夫,water,R,11,150,1200,3,1ターンの間、火属性の敵に対する自身の攻撃力を300%増加させる,counteraction,4,0.5,0,0,0,1,0.04,0.91,0.0625,0,0,0.9779,0.000247
598,733,733,492,em-5275d879d803,ｻｲｯｺくたにん,water,R,12,800,1000,2,1ターンの間、味方全員の属性を火属性に変更する,adaptive,4,0.5,0,0,0,1,0.04,0.87,0.0625,0,0,0.9778,0.000247
599,734,734,494,em-e9a9af4ae9bc,梨豚ぴぐぺん,fire_water,R,6,500,600,2,1ターンの間、水属性の敵に対する自身の攻撃力を150%増加させる。,counteraction,4,0.5,0,0,0,1,0.04,0.91,0.0625,0,0,0.9778,0.000247
600,735,735,688,em-be212cb2b1d8,いはとさん,water,CR,12,760,840,3,風属性の敵全員の攻撃カウントを2増加させる,ignored,4,0.5,0,0,0,1,0.04,0.86,0.0625,0,0,0.9499,0.00024
601,736,736,496,em-ce7547fb3ccd,いぬやマンリメイク！,water,R,16,1661,1661,7,2ターンの間、味方全員の攻撃力を150%増加させる,counteraction,4,0.5,0,0,0,1,0.04,0.83,0.0625,0,0,0.9777,0.000247
602,737,737,689,em-aae1801458f8,ɚすぃとあろま？,water_wind,CR,12,3748,681,3,1ターンの間、攻撃を自身に集中させる(66%カット),advantage_creation,4,0.5,0,0.25,0,1,0.04,0.95,0.0625,0,0,0.9498,0.00024
603,758,758,497,em-3d2c7dfded66,サタデーナイト郡上,water,R,6,500,600,7,1ターンの間、味方全員の攻撃が全体攻撃になる,counteraction,4,0.5,0,0,0,1,0.03,0.91,0.0479,0,0,0.9776,0.000247
604,759,759,498,em-080293573ea5,ダヴィアさん,water_wind,R,19,2567,1914,2,1ターンの間、火属性の敵に対する自身の攻撃力を400%増加させる,counteraction,4,0.5,0,0,0,1,0.03,0.96,0.0479,0,0,0.9776,0.000247
605,760,760,690,em-b07f62000b94,雪兎フェス祭カーニバル,water,CR,22,4089,1192,5,死亡している味方全員を40%のHPで蘇らせる,advantage_creation,4,0.5,0,0,0,1,0.03,0.92,0.0479,0,0,0.9495,0.00024
606,761,761,501,em-deea7d56d1a1,淡路な文楽軒師匠,water,R,12,1512,1551,6,水属性の味方全員のスキルカウントを3減少させる,ignored,4,0.5,0,0,0,1,0.03,0.91,0.0479,0,0,0.9775,0.000247
607,762,762,502,em-fe5ed60fbf2d,強いぞさいごー丼,water,R,9,930,574,3,2ターンの間、風属性の攻撃を自身に集中させる(50%カット),advantage_creation,4,0.5,0,0,0,1,0.03,0.9,0.0479,0,0,0.9774,0.000247
608,763,763,504,em-54f582db41b4,みかん姉さん,water,R,10,1000,500,6,2ターンの間、風属性の味方全員の攻撃が全体攻撃になる,counteraction,4,0.5,0,0,0,1,0.03,0.87,0.0479,0,0,0.9774,0.000247
609,764,764,505,em-4eb01150430f,ミス・エズさん,water,R,9,1100,300,4,2ターンの間、火属性の攻撃を自身に集中させる。(90%カット),advantage_creation,4,0.5,0,0,0,1,0.03,0.92,0.0479,0,0,0.9773,0.000247
610,765,765,910,em-6885c7d684d6,雪の美女と魔獣,fire_water,MZR,52,4304,3016,1,自身のHPを220%回復する,advantage_creation,4,0.5,0,0.5,0,1,0.03,0.88,0.0479,0,0,0.7519,0.00019
611,789,789,507,em-2f5dd4b0a739,大内先輩,water,R,9,800,800,4,水属性の味方全員のHPを50%回復する,advantage_creation,4,0.5,0,0,0,1,0.02,0.83,0.0325,0,0,0.9772,0.000247
612,790,790,508,em-492dd4b96b0e,中央アルプスの少年,water,R,12,800,600,2,1ターンの間、味方全員に火属性の敵からのダメージを40%軽減するシールドを与える,advantage_creation,4,0.5,0,0,0,1,0.02,0.87,0.0325,0,0,0.9772,0.000247
613,791,791,509,em-bbff6b354f45,くうかいさん,water,R,12,700,1100,4,水属性の味方全員のスキルカウントを1減少させる,ignored,4,0.5,0,0,0,1,0.02,0.9,0.0325,0,0,0.9771,0.000247
614,792,792,691,em-59ac9769ef60,神犬八房伏姫様,water,CR,24,4093,1223,4,2ターンの間、攻撃を自身に集中させる(70%カット),advantage_creation,4,0.5,0,0,0,1,0.02,0.93,0.0325,0,0,0.9488,0.00024
615,793,793,828,em-9cbbb04818bd,シミ,all,ZR,20,1704,2215,4,味方全員のHPを200%回復する,advantage_creation,4,0.5,0,0,0,1,0.02,0.83,0.0325,0,0,0.8736,0.000221
616,457,456,692,em-a07828a97733,降臨！いつくしーみん,water,CR,19,1761,3381,1,1ターンの間、風属性の敵に対する自身の攻撃力を120%増加させる,counteraction,4,0.375,0,0.25,0,1,0.16,0.92,0.1869,0,0,0.9486,0.00024
617,458,457,911,em-5d34df1253d1,氷点下のレーカさん,water,MZR,40,2044,2556,3,死亡している水属性の味方全員を1%のHPで蘇らせる,advantage_creation,4,0.375,0,0,0,1,0.16,0.85,0.1869,0,0,0.7494,0.00019
618,480,479,694,em-4f3eddbe87bf,キルワくん,water,CR,17,2141,3226,1,1ターンの間、風属性の敵に対する自身の攻撃力を300%増加させる,counteraction,4,0.375,0,0,0,1,0.13,0.85,0.1609,0,0,0.9484,0.00024
619,491,490,374,em-b4ff04580be9,安井のトンちゃん,water,N,4,305,297,6,1ターンの間、攻撃をリーダーに集中させる(70%カット),advantage_creation,4,0.375,0,0,0,1,0.12,0.81,0.1515,0,0,0.9861,0.00025
620,492,491,511,em-1d5e8b5832c0,続・いぬやマン,water,R,12,400,400,7,1ターンの間、味方全員の攻撃力を150%増加させる,counteraction,4,0.375,0,0,0,1,0.12,0.86,0.1515,0,0,0.9768,0.000247
621,493,492,513,em-c816189f2294,ブッダがやって来る！,water,R,17,1510,1510,2,火属性の敵全員の攻撃カウントを2増加させる,ignored,4,0.375,0,0,0,1,0.12,0.86,0.1515,0,0,0.9768,0.000247
622,494,493,829,em-30e2f325f3af,尾索戦隊ｻﾙﾊﾟﾝｼﾞｬｰ,water,ZR,28,4907,1022,2,1ターンの間、自身の攻撃が10回連続攻撃になる,counteraction,4,0.375,0,0,0,1,0.12,0.87,0.1515,0,0,0.8722,0.000221
623,495,494,695,em-cc0425cf3835,鎌倉式ＤＢ２改,water,CR,12,1200,612,8,2ターンの間、攻撃を自身に集中させる(70%カット),advantage_creation,4,0.375,0,0,0,1,0.12,0.84,0.1515,0,0,0.948,0.00024
624,497,496,377,em-5528cf768569,リンゴール男爵,water,N,4,400,300,4,火属性の敵全員の攻撃カウントを1増加させる,ignored,4,0.375,0,0,0,1,0.12,0.92,0.1515,0,0,0.986,0.000249
625,500,499,696,em-8f7b014ebd06,すわ子isGOD！,water,CR,18,2254,2737,2,1ターンの間、自身の攻撃が3回連続攻撃になる,counteraction,4,0.375,0,0,0,1,0.12,0.87,0.1515,0,0,0.9478,0.00024
626,501,500,912,em-4089c86a52af,夢奈・マコ,water,MZR,15,2470,1363,6,1ターンの間、水属性の攻撃をリーダーに集中させる(100%カット),advantage_creation,4,0.375,0,0,0,1,0.12,0.88,0.1515,0,0,0.7463,0.000189
627,502,501,126,em-2c6fd048179d,ジョン・鮭児,all,CR,23,1448,2726,0,5ターンの間、自身の攻撃力を12%増加させる,counteraction,4,0.375,0,1,1,1,0.12,0.87,0.1515,0,0,0.9477,0.0011
628,520,519,697,em-a94a52532d71,あまのちゃん先輩,water,CR,20,1200,500,3,1ターンの間、味方全員の攻撃が2回連続攻撃になる,counteraction,4,0.375,0,0,0,1,0.11,0.91,0.1418,0,0,0.9476,0.00024
629,522,521,913,em-beaaa8c15744,カメハメハワイ大王,water_wind,MZR,50,3059,5879,2,1ターンの間、火属性の味方全員の攻撃力を120%増加させる,counteraction,4,0.375,0,0,0,1,0.11,0.96,0.1418,0,0,0.7452,0.000189
630,524,523,831,em-67086191a83f,マダラなシオマネキ君,fire_water,ZR,27,5490,1059,2,1ターンの間、水属性の攻撃を自身に集中させる(80%カット),advantage_creation,4,0.375,0,0.25,0,1,0.11,0.87,0.1418,0,0,0.8706,0.00022
631,525,524,700,em-68afa2dec462,みどりのたけしマン,water_wind,CR,23,2592,2432,3,3ターンの間、味方全員にダメージを40%軽減するシールドを与える,advantage_creation,4,0.375,0,0,0,1,0.11,0.9,0.1418,0,0,0.9473,0.00024
632,526,525,701,em-cc9db541b1b4,メル子さん,water,CR,9,600,700,4,1ターンの間、風属性の味方全員の攻撃力を80%増加させる,counteraction,4,0.375,0,0,0,1,0.11,0.9,0.1418,0,0,0.9472,0.00024
633,527,526,516,em-950b687b1f04,タオるん先輩,water,R,9,700,900,4,1ターンの間、水属性の攻撃を自身に集中させる。(50%カット),advantage_creation,4,0.375,0,0,0,1,0.11,0.89,0.1418,0,0,0.9762,0.000247
634,528,527,914,em-9c344f264735,カロリスト・カル子,water,MZR,40,6999,2499,5,1ターンの間、風属性の攻撃を自身に集中させる(99%カット),advantage_creation,4,0.375,0,0,0,1,0.11,0.95,0.1418,0,0,0.7434,0.000188
635,529,528,915,em-d25a7727f654,プラハ嬢,fire_water,MZR,32,1482,4991,4,2ターンの間、味方全員に火属性の敵からのダメージを75%軽減するシールドを与える,advantage_creation,4,0.375,0,0,0,1,0.11,0.97,0.1418,0,0,0.7431,0.000188
636,530,529,519,em-c545b5a51997,トリニダの怪人,fire_water,R,13,4077,1057,2,リーダーのスキルカウントを2減少させる,ignored,4,0.375,0,0,0,1,0.11,0.82,0.1418,0,0,0.976,0.000247
637,531,530,381,em-a85f091d502f,スウェルくん,water_wind,N,11,1452,2058,2,1ターンの間、味方全員に風属性の敵からのダメージを55%軽減するシールドを与える,advantage_creation,4,0.375,0,0,0,1,0.11,0.84,0.1418,0,0,0.9856,0.000249
638,532,531,916,em-81078d011501,年齢不詳！エンゼル様,all,MZR,22,2215,3237,3,水属性の味方全員のHPを111%回復する,advantage_creation,4,0.375,0,0,0,1,0.11,0.94,0.1418,0,0,0.742,0.000188
639,549,548,384,em-d64cb9cf5bb3,それマジカ,water,N,3,350,500,5,1ターンの間、火属性の攻撃を自身に集中させる。(90%カット),advantage_creation,4,0.375,0,0,0,1,0.1,0.86,0.1316,0,0,0.9855,0.000249
640,550,549,385,em-c547f488bc34,警告！クジラの尊,water,N,12,30,1410,1,2ターンの間、自身の属性を風属性に変更する,adaptive,4,0.375,0,0,0,1,0.1,0.84,0.1316,0,0,0.9855,0.000249
641,551,550,153,em-594e492a6818,ヤンなるネポムちゃん,water,ZR,50,3397,2930,1,2ターンの間、水属性の敵に対する味方全員の攻撃力を50%増加させる,counteraction,4,0.375,0,0.5,0,1,0.1,0.87,0.1316,0,0,0.8684,0.000779
642,553,552,833,em-42c90dd17240,GSPS！秀郷先生,fire_water,ZR,34,3578,4601,2,2ターンの間、風属性の敵に対する自身の攻撃力を240%増加させる,counteraction,4,0.375,0,0,0,1,0.1,0.92,0.1316,0,0,0.8682,0.00022
643,554,553,180,em-ec43e91715ed,大谷雪之ちゃん,water,R,13,3171,604,2,2ターンの間、味方全員に火属性の敵からのダメージを50%軽減するシールドを与える,advantage_creation,4,0.375,0,0.25,0,1,0.1,0.93,0.1316,0,0,0.9757,0.000555
644,562,561,702,em-6c5a2955b199,ほぼネ甲ネイ・テウケ,water,CR,26,3059,2737,2,1ターンの間、水属性の敵に対する味方全員の攻撃力を150%増加させる,counteraction,4,0.375,0,0.5,0,1,0.09,0.88,0.121,0,0,0.9462,0.000239
645,563,562,388,em-98054d952da8,ニート達の日常。,all,N,21,2968,296,3,敵全員の攻撃カウントを1増加させる,ignored,4,0.375,0,0,0,1,0.09,0.86,0.121,0,0,0.9854,0.000249
646,564,563,389,em-a16d639a61fc,水軍衆かっさーのん,water,N,9,1128,1269,3,1ターンの間、リーダーの攻撃力を150%増加させる,counteraction,4,0.375,0,0.25,0,1,0.09,0.86,0.121,0,0,0.9853,0.000249
647,565,564,522,em-8421c50f30c7,しょーかさん,water,R,8,700,800,6,1ターンの間、水属性の味方全員の攻撃が2回連続攻撃になる,counteraction,4,0.375,0,0,0,1,0.09,0.9,0.121,0,0,0.9755,0.000247
648,566,565,918,em-4b24f34b41a1,レジェント・八郎ニキ,water,MZR,42,4941,852,1,1ターンの間、自身の攻撃が8回連続攻撃になる,counteraction,4,0.375,0,0,0,1,0.09,0.85,0.121,0,0,0.7384,0.000187
649,587,587,524,em-48b5d909c409,南紀な白良さん,water,R,15,800,800,4,2ターンの間、水属性の味方全員の攻撃力を70%増加させる,counteraction,4,0.375,0,0,0,1,0.08,0.94,0.1099,0,0,0.9754,0.000247
650,590,590,390,em-7f906b3752a5,華麗なびわ子たん,water,N,10,1213,1190,3,1ターンの間、味方全員に風属性の敵からのダメージを80%軽減するシールドを与える,advantage_creation,4,0.375,0,0,0,1,0.08,0.84,0.1099,0,0,0.9852,0.000249
651,611,611,526,em-a48bcdd76e03,サーファー岡田,water,R,15,419,1298,4,1ターンの間、水属性の味方全員の攻撃力を60%増加させる,counteraction,4,0.375,0,0,0,1,0.07,0.82,0.0983,0,0,0.9753,0.000247
652,612,612,703,em-86b9ae60356a,ブーナッドさま,water,CR,14,2100,400,2,自身のHPを50%回復する,advantage_creation,4,0.375,0,0,0,1,0.07,0.88,0.0983,0,0,0.9455,0.000239
653,614,614,704,em-a71e0044e313,舞楽！いつくしーみん,water,CR,15,800,1600,1,1ターンの間、風属性の敵に対する自身の攻撃力を100%増加させる,counteraction,4,0.375,0,0,0,1,0.07,0.86,0.0983,0,0,0.9454,0.000239
654,616,616,706,em-57e25e9e3446,にゅーくん,water,CR,8,400,1700,4,1ターンの間、攻撃を自身に集中させる(85%カット),advantage_creation,4,0.375,0,0,0,1,0.07,0.9,0.0983,0,0,0.9453,0.000239
655,617,617,707,em-983228ce32d4,あっしゅTHEｷｬｯﾄ,fire_water,CR,8,1300,500,5,1ターンの間、火属性の攻撃を自身に集中させる(20%カット),advantage_creation,4,0.375,0,0,0,1,0.07,0.86,0.0983,0,0,0.9452,0.000239
656,618,618,836,em-7747ea5c5a73,諏訪子成長期,water,ZR,38,3067,5623,3,2ターンの間、自身の攻撃が3回連続攻撃になる,counteraction,4,0.375,0,0,0,1,0.07,0.88,0.0983,0,0,0.8653,0.000219
657,619,619,919,em-6193e7af4d97,がうがうは考える,water,MZR,44,1704,5964,3,3ターンの間、味方全員に風属性の敵からのダメージを66%軽減するシールドを与える,advantage_creation,4,0.375,0,0,0,1,0.07,0.91,0.0983,0,0,0.7351,0.000186
658,620,620,708,em-d90aa04af44f,グウィネズ兄弟,all,CR,34,2066,3197,5,2ターンの間、味方全員の攻撃が4回連続攻撃になる,counteraction,4,0.375,0,0,0,1,0.07,0.87,0.0983,0,0,0.9449,0.000239
659,621,621,709,em-c8ed16119cbe,ヴェルラの木こり,water,CR,28,3014,3162,2,1ターンの間、攻撃を自身に集中させる(75%カット),advantage_creation,4,0.375,0,0,0,1,0.07,0.92,0.0983,0,0,0.9448,0.000239
660,622,622,392,em-609b9d122d32,ネオむりょく,all,N,6,168,149,6,1ターンの間、攻撃を自身に集中させる(90%カット),advantage_creation,4,0.375,0,0,0,1,0.07,0.93,0.0983,0,0,0.9849,0.000249
661,623,623,394,em-81fec3e48762,怪人おたべ,water,N,4,415,365,4,風属性の敵全員の攻撃カウントを1増加させる,ignored,4,0.375,0,0,0,1,0.07,0.89,0.0983,0,0,0.9849,0.000249
662,625,625,534,em-90f39743f105,伝説の牛タソ,water,R,19,2269,302,3,2ターンの間、攻撃を自身に集中させる(60%カット),advantage_creation,4,0.375,0,0,0,1,0.07,0.88,0.0983,0,0,0.9748,0.000247
663,628,628,710,em-942c8f8de44d,エンゼルちゃん,all,CR,22,1772,2590,3,水属性の味方全員のHPを90%回復する,advantage_creation,4,0.375,0,0,0,1,0.07,0.86,0.0983,0,0,0.9445,0.000239
664,630,630,711,em-d9bd2d5de563,コンクちゃん,all,CR,20,2556,1704,1,1ターンの間、味方全員にダメージを23%軽減するシールドを与える,advantage_creation,4,0.375,0,0.25,0,1,0.07,0.86,0.0983,0,0,0.9444,0.000239
665,631,631,395,em-addae93a6fe9,ニート,water,N,5,314,296,5,1ターンの間、水属性の攻撃を自身に集中させる(90%カット),advantage_creation,4,0.375,0,0,0,1,0.07,0.87,0.0983,0,0,0.9848,0.000249
666,632,632,837,em-1be59b60bcb4,アメンボ,water,ZR,30,2215,3919,0,1ターンの間、水属性の味方全員の攻撃力を15%増加させる,counteraction,4,0.375,0,1,1,1,0.07,0.84,0.0983,0,0,0.8632,0.000218
667,633,633,920,em-dce9e83b7c07,長靴履いたなろう猫,fire_water,MZR,42,3786,2726,3,2ターンの間、味方全員の属性を風属性に変更する,adaptive,4,0.375,0,0,0,1,0.07,0.88,0.0983,0,0,0.7314,0.000185
668,657,657,397,em-70e79fbffe3c,怪人エビユルゲ,water,N,3,305,297,4,1ターンの間、自身の属性を火属性に変更する,adaptive,4,0.375,0,0,0,1,0.06,0.92,0.0862,0,0,0.9847,0.000249
669,658,658,398,em-26ea85de7340,のり男先輩,water,N,7,534,446,3,2ターンの間、火属性の攻撃を自身に集中させる(70%カット),advantage_creation,4,0.375,0,0,0,1,0.06,0.83,0.0862,0,0,0.9846,0.000249
670,659,659,399,em-94033ed8057b,幽子さん,water,N,4,300,312,8,死亡している水属性の味方全員を30%のHPで蘇らせる,advantage_creation,4,0.375,0,0,0,1,0.06,0.9,0.0862,0,0,0.9846,0.000249
671,660,660,400,em-0c931777e175,関くん,water,N,4,305,307,4,1ターンの間、攻撃をリーダーに集中させる(60%カット),advantage_creation,4,0.375,0,0.25,0,1,0.06,0.81,0.0862,0,0,0.9846,0.000249
672,661,661,537,em-74a94c7750af,スーちゃん,water,R,8,603,603,1,1ターンの間、自身の属性を火属性に変更する,adaptive,4,0.375,0,0,0,1,0.06,0.87,0.0862,0,0,0.9743,0.000246
673,663,663,712,em-d46e72def2a2,いつくしーみん,water,CR,8,380,840,2,1ターンの間、風属性の敵に対する自身の攻撃力を100%増加させる,counteraction,4,0.375,0,0,0,1,0.06,0.83,0.0862,0,0,0.9436,0.000239
674,664,664,713,em-a33630899eb2,河口本栖子,water,CR,18,1200,1500,6,敵全員の攻撃カウントを1増加させる,ignored,4,0.375,0,0,0,1,0.06,0.82,0.0862,0,0,0.9435,0.000239
675,668,668,838,em-b17b3174de7d,ネギtheフィクサー,all,ZR,45,2405,5135,3,2ターンの間、味方全員にダメージを50%軽減するシールドを与える,advantage_creation,4,0.375,0,0,0,1,0.06,0.88,0.0862,0,0,0.8612,0.000218
676,669,669,151,em-d95aa4fb8de0,北海！白川だるま,water_wind,ZR,45,4473,2556,1,5ターンの間、風属性の敵に対する味方全員の攻撃力を15%増加させる,counteraction,4,0.375,0,0.5,0,1,0.06,0.9,0.0862,0,0,0.861,0.000789
677,670,670,921,em-d5ea84224259,ﾌﾗﾝﾀﾞｰｽのわんわんお,water,MZR,38,5538,3190,3,2ターンの間、攻撃を自身に集中させる(68%カット),advantage_creation,4,0.375,0,0,0,1,0.06,0.97,0.0862,0,0,0.7276,0.000184
678,673,673,922,em-f7f78d464e92,ウミウサーヌ,all,MZR,60,3408,4601,3,1ターンの間、攻撃を自身に集中させる(92%カット),advantage_creation,4,0.375,0,0,0,1,0.06,0.89,0.0862,0,0,0.7273,0.000184
679,676,676,923,em-9b97e564ea43,ユールシスター☆ノエルん,all,MZR,43,5523,4112,3,1ターンの間、火属性の味方全員の攻撃が3回連続攻撃になる,counteraction,4,0.375,0,0,0,1,0.06,0.89,0.0862,0,0,0.7269,0.000184
680,677,677,714,em-3740a2113341,ぴぐぺん選手,water,CR,22,950,3220,0,1ターンの間、風属性の攻撃を自身に集中させる(91%カット),advantage_creation,4,0.375,0,0.5,1,1,0.06,0.88,0.0862,0,0,0.9429,0.000239
681,679,679,403,em-357d76cd5b69,のり男さん,water,N,5,424,356,3,2ターンの間、火属性の攻撃を自身に集中させる(60%カット),advantage_creation,4,0.375,0,0,0,1,0.06,0.9,0.0862,0,0,0.9843,0.000249
682,682,682,544,em-455191024aba,偉いぞさいごー丼,water,R,15,2718,1132,3,2ターンの間、風属性の攻撃を自身に集中させる(70%カット),advantage_creation,4,0.375,0,0,0,1,0.06,0.84,0.0862,0,0,0.9737,0.000246
683,683,683,545,em-91f26ad56eaa,神喫！さくらん兄妹,water,R,12,1510,1887,5,火属性の味方全員のスキルカウントを2減少させる,ignored,4,0.375,0,0,0,1,0.06,0.94,0.0862,0,0,0.9737,0.000246
684,684,684,715,em-95a2dbeaf4ea,神使！ナモミさま,water,CR,18,805,4025,2,1ターンの間、自身の攻撃力を200%増加させる,counteraction,4,0.375,0,0,0,1,0.06,0.92,0.0862,0,0,0.9426,0.000238
685,685,685,716,em-f18963ac0ea1,すわ子さま,water,CR,12,700,1000,5,1ターンの間、自身の攻撃が3回連続攻撃になる,counteraction,4,0.375,0,0,0,1,0.06,0.85,0.0862,0,0,0.9425,0.000238
686,687,687,548,em-1cb67f0b7d2d,スノーな大谷,water,R,9,1100,200,2,1ターンの間、味方全員に火属性の敵からのダメージを40%軽減するシールドを与える,advantage_creation,4,0.375,0,0.25,0,1,0.06,0.86,0.0862,0,0,0.9735,0.000246
687,688,688,406,em-2ce242ee5866,スノーメン,water,N,5,1300,200,5,2ターンの間、火属性の味方全員の攻撃力を140%増加させる,counteraction,4,0.375,0,0,0,1,0.06,0.83,0.0862,0,0,0.9841,0.000249
688,689,689,717,em-35e37020b193,æッシュちゃん,fire_water,CR,17,3542,2254,5,1ターンの間、火属性の攻撃を自身に集中させる(50%カット),advantage_creation,4,0.375,0,0,0,1,0.06,0.93,0.0862,0,0,0.9422,0.000238
689,690,690,550,em-4bde1481e932,黒電話おぅぼっと,water,R,9,1000,400,4,2ターンの間、味方全員にダメージを30%軽減するシールドを与える,advantage_creation,4,0.375,0,0,0,1,0.06,0.9,0.0862,0,0,0.9734,0.000246
690,692,692,924,em-1fcc8f4c1ae3,ヴェルサイユの朝,fire_water,MZR,45,2556,6645,5,2ターンの間、水属性の敵に対する味方全員の攻撃力を600%増加させる,counteraction,4,0.375,0,0,0,1,0.06,0.91,0.0862,0,0,0.7227,0.000183
691,693,693,925,em-a818769b8b91,田島の春,all,MZR,44,1618,5112,2,3ターンの間、自身の攻撃が2回連続攻撃になる,counteraction,4,0.375,0,0,0,1,0.06,0.83,0.0862,0,0,0.7223,0.000183
692,694,694,840,em-760bb0daf1c9,ゲキ悪オヤジ(神),all,ZR,53,5112,5112,6,敵全員の攻撃カウントを3増加させる,ignored,4,0.375,0,0,0,1,0.06,0.89,0.0862,0,0,0.8576,0.000217
693,697,697,926,em-454ebee4a0cd,3人はフォニピュア,all,MZR,60,4941,3578,2,1ターンの間、味方全員にダメージを60%軽減するシールドを与える,advantage_creation,4,0.375,0,0,0,1,0.06,0.86,0.0862,0,0,0.7215,0.000183
694,704,704,409,em-4090b70a0b17,さくらこちゃん,water,N,4,495,215,4,1ターンの間、風属性の攻撃を自身に集中させる(50%カット),advantage_creation,4,0.375,0,0,0,1,0.05,0.95,0.0735,0,0,0.9839,0.000249
695,705,705,551,em-1290652c5171,萌やし博士,water,R,10,408,1212,4,1ターンの間、自身の攻撃力を300%増加させる,counteraction,4,0.375,0,0,0,1,0.05,0.91,0.0735,0,0,0.9731,0.000246
696,708,708,411,em-f14c0a7296cf,コーベリアル伯爵,water,N,7,500,480,2,1ターンの間、火属性の攻撃を自身に集中させる(80%カット),advantage_creation,4,0.375,0,0,0,1,0.05,0.91,0.0735,0,0,0.9838,0.000249
697,711,711,412,em-865f442bc56a,神魚！はたはタン,water,N,6,700,600,4,味方全員のHPを40%回復する,advantage_creation,4,0.375,0,0,0,1,0.05,0.86,0.0735,0,0,0.9838,0.000249
698,712,712,553,em-a769fc8e5005,真サタデーナイト郡上,water,R,12,800,1000,5,1ターンの間、味方全員の攻撃が全体攻撃になる,counteraction,4,0.375,0,0,0,1,0.05,0.86,0.0735,0,0,0.9729,0.000246
699,715,715,414,em-53a13d10258e,コドモドラゴン！,water,N,10,1833,987,3,2ターンの間、味方全員に火属性の敵からのダメージを80%軽減するシールドを与える,advantage_creation,4,0.375,0,0,0,1,0.05,0.91,0.0735,0,0,0.9837,0.000249
700,716,716,718,em-2325681e1b59,BON JOVE,all,CR,24,3220,3220,5,1ターンの間、味方全員の攻撃が全体攻撃になる,counteraction,4,0.375,0,0,0,1,0.05,0.85,0.0735,0,0,0.9411,0.000238
701,717,717,416,em-1a835be38386,朱雀ニート,water,N,5,320,320,6,死亡している水属性の味方全員を5%のHPで蘇らせる,advantage_creation,4,0.375,0,0.25,0,1,0.05,0.83,0.0735,0,0,0.9837,0.000249
702,718,718,841,em-5a8b6c2acb19,ユスリカ,water,ZR,45,5282,1414,0,1ターンの間、自身の攻撃が全体攻撃になる,counteraction,4,0.375,0,0,1,1,0.05,0.92,0.0735,0,0,0.8554,0.000216
703,721,721,927,em-2b584e87473c,ウルルさんのオフ曜日,water,MZR,41,2958,6816,1,5ターンの間、火属性の敵に対する自身の攻撃力を65%増加させる,counteraction,4,0.375,0,0.25,0,1,0.05,0.92,0.0735,0,0,0.7176,0.000182
704,723,723,928,em-eaadf81fc136,サリー,water,MZR,55,4686,4004,4,3ターンの間、風属性の味方全員の攻撃が全体攻撃になる,counteraction,4,0.375,0,0,0,1,0.05,0.87,0.0735,0,0,0.7172,0.000181
705,724,724,719,em-f76821f7daba,スライディング・ケベック,water,CR,18,2532,1993,1,2ターンの間、水属性の敵に対する自身の攻撃力を60%増加させる,counteraction,4,0.375,0,0,0,1,0.05,0.85,0.0735,0,0,0.9406,0.000238
706,725,725,418,em-462884d3af90,青竜ニート,water,N,4,346,397,6,水属性の味方全員のHPを50%回復する,advantage_creation,4,0.375,0,0,0,1,0.05,0.83,0.0735,0,0,0.9835,0.000249
707,740,740,556,em-b08be1a4ca3f,中央アルプスの少女,water,R,6,500,300,3,1ターンの間、味方全員に火属性の敵からのダメージを40%軽減するシールドを与える,advantage_creation,4,0.375,0,0,0,1,0.04,0.88,0.0602,0,0,0.9724,0.000246
708,741,741,419,em-511e9ea676be,Woo怪さま,water,N,10,700,1100,5,1ターンの間、自身の攻撃が3回連続攻撃になる,counteraction,4,0.375,0,0,0,1,0.04,0.81,0.0602,0,0,0.9834,0.000249
709,742,742,720,em-8476f5773554,エーランドちゃん,fire_water,CR,30,6070,2160,7,風属性の敵全員の攻撃カウントを5増加させる,ignored,4,0.375,0,0,0,1,0.04,0.87,0.0602,0,0,0.9402,0.000238
710,743,743,929,em-6cd949ff7539,?????,fire_water,MZR,53,1842,6475,2,1ターンの間、攻撃を自身に集中させる(92%カット),advantage_creation,4,0.375,0,0,0,1,0.04,0.85,0.0602,0,0,0.7149,0.000181
711,745,745,721,em-1dbd8ae5b939,国宝！白鷺嬢,water,CR,12,1200,500,3,自身のHPを40%回復する,advantage_creation,4,0.375,0,0,0,1,0.04,0.92,0.0602,0,0,0.94,0.000238
712,746,746,722,em-615e4701fc7f,華麗！いつくしーみん,water,CR,12,660,1040,2,1ターンの間、風属性の敵に対する自身の攻撃力を100%増加させる,counteraction,4,0.375,0,0,0,1,0.04,0.91,0.0602,0,0,0.9399,0.000238
713,749,749,420,em-a0762b5d76ab,シーラちゃん,water,N,5,600,550,4,3ターンの間、水属性の敵に対する味方全員の攻撃力を50%増加させる,counteraction,4,0.375,0,0,0,1,0.04,0.91,0.0602,0,0,0.9833,0.000249
714,751,751,421,em-471b1ba55d5c,有馬んば,fire_water,N,13,1413,1244,4,火属性の味方全員のHPを80%回復する,advantage_creation,4,0.375,0,0.25,0,1,0.04,0.88,0.0602,0,0,0.9832,0.000249
715,752,752,930,em-9d5a58645c8c,カロニスタ・ヴェニ子,water,MZR,37,4444,4444,2,1ターンの間、水属性の敵に対する自身の攻撃力を452%増加させる,counteraction,4,0.375,0,0,0,1,0.04,0.89,0.0602,0,0,0.7129,0.00018
716,753,753,931,em-42b503c8643c,姉上と青コリくん,fire_water,MZR,48,3322,3322,0,1ターンの間、味方全員に火属性の敵からのダメージを20%軽減するシールドを与える,advantage_creation,4,0.375,0,0.25,1,1,0.04,0.83,0.0602,0,0,0.7125,0.00018
717,754,754,423,em-acc7e76f32c6,満開☆チゥりっぷちゃん,fire_water,N,20,563,2957,2,1ターンの間、味方全員の属性を水属性に変更する,adaptive,4,0.375,0,0,0,1,0.04,0.83,0.0602,0,0,0.9831,0.000249
718,755,755,558,em-608e027bd3d8,建国の騎士団,water,R,12,800,700,8,3ターンの間、水属性の攻撃を自身に集中させる(70%カット),advantage_creation,4,0.375,0,0,0,1,0.04,0.95,0.0602,0,0,0.9718,0.000246
719,757,757,844,em-3488d6542112,クロゴキ,water,ZR,65,6134,2113,2,4ターンの間、自身の攻撃が2回連続攻撃になる,counteraction,4,0.375,0,0,0,1,0.04,0.88,0.0602,0,0,0.8515,0.000215
720,766,766,559,em-88669edc6480,京子はまだやれる！,water,R,10,718,694,4,2ターンの間、味方全員に風属性の敵からのダメージを80%軽減するシールドを与える,advantage_creation,4,0.375,0,0,0,1,0.03,0.96,0.0463,0,0,0.9717,0.000246
721,767,767,560,em-e31de348c40b,湘南ボーイ,water,R,8,300,700,4,1ターンの間、水属性の味方全員の攻撃力を30%増加させる,counteraction,4,0.375,0,0.25,0,1,0.03,0.9,0.0463,0,0,0.9717,0.000246
722,770,770,561,em-560cbdf184d6,ユッフィーちゃん,water,R,8,606,600,5,2ターンの間、水属性の味方全員の攻撃力を50%増加させる,counteraction,4,0.375,0,0,0,1,0.03,0.87,0.0463,0,0,0.9716,0.000246
723,771,771,426,em-674bf61c8b00,海賊衆かっさーのん,water,N,6,600,700,4,1ターンの間、リーダーの攻撃力を150%増加させる,counteraction,4,0.375,0,0,0,1,0.03,0.97,0.0463,0,0,0.9829,0.000249
724,774,774,428,em-7e35b72ac7e4,琵琶子ｲﾘｭｰｼﾞｮﾝ！,all,N,13,1809,1190,3,1ターンの間、味方全員にダメージを65%軽減するシールドを与える,advantage_creation,4,0.375,0,0.5,0,1,0.03,0.88,0.0463,0,0,0.9829,0.000249
725,775,775,932,em-3fef7ee3dc51,トゥバタハのシレーナ,water_wind,MZR,60,3919,4601,3,2ターンの間、自身の攻撃が全体攻撃になる,counteraction,4,0.375,0,0,0,1,0.03,0.94,0.0463,0,0,0.7088,0.000179
726,776,776,723,em-fa3191833d67,エヴァン,fire_water,CR,28,3381,2776,2,1ターンの間、味方全員にダメージを50%軽減するシールドを与える,advantage_creation,4,0.375,0,0,0,1,0.03,0.88,0.0463,0,0,0.9385,0.000237
727,778,778,562,em-b71282ef08a8,出番です！鴨先生！,water,R,18,1358,1356,2,1ターンの間、攻撃をリーダーに集中させる(70%カット),advantage_creation,4,0.375,0,0,0,1,0.03,0.84,0.0463,0,0,0.9714,0.000246
728,779,779,430,em-bb5629a7c096,安井武勇伝,water,N,5,405,395,6,1ターンの間、攻撃をリーダーに集中させる(70%カット),advantage_creation,4,0.375,0,0.25,0,1,0.03,0.95,0.0463,0,0,0.9828,0.000249
729,781,781,431,em-4c448c54f095,実底超真幽子さん,water,N,15,1187,1215,5,死亡している水属性の味方全員を100%のHPで蘇らせる,advantage_creation,4,0.375,0,0,0,1,0.03,0.89,0.0463,0,0,0.9827,0.000249
730,782,782,563,em-e37685227f53,さくちゃん,water,R,9,680,724,5,火属性の味方全員のスキルカウントを2減少させる,ignored,4,0.375,0,0,0,1,0.03,0.82,0.0463,0,0,0.9712,0.000246
731,783,783,432,em-573a74e6170b,God of 魚ぉ！,water,N,8,1269,1128,4,味方全員のHPを45%回復する,advantage_creation,4,0.375,0,0,0,1,0.03,0.88,0.0463,0,0,0.9827,0.000249
732,784,784,565,em-0add6b5a96ff,朦朧ボディマンα,water,R,9,300,1000,10,1ターンの間、味方全員の攻撃が3回連続攻撃になる,counteraction,4,0.375,0,0,0,1,0.03,0.87,0.0463,0,0,0.9711,0.000246
733,786,786,847,em-e51e56c23fa1,上級国民ロヴィーサ,all,ZR,44,2832,2984,4,4ターンの間、火属性の攻撃を自身に集中させる(80%カット),advantage_creation,4,0.375,0,0,0,1,0.03,0.92,0.0463,0,0,0.8483,0.000215
734,787,787,724,em-d5ed773d56cd,夏至祭のヴァサクサ君,fire_water,CR,18,3976,2156,2,風属性の味方全員のスキルカウントを1減少させる,ignored,4,0.375,0,0,0,1,0.03,0.85,0.0463,0,0,0.9377,0.000237
735,788,788,725,em-6c1c64d0e4ed,七夕ぴよ子,water,CR,7,1104,1104,3,死亡している風属性の味方全員を30%のHPで蘇らせる,advantage_creation,4,0.375,0,0,0,1,0.03,0.85,0.0463,0,0,0.9376,0.000237
736,794,794,434,em-9c40d906d190,フィッシャーマン,water,N,4,296,314,1,水属性の味方全員のHPを5%回復する,advantage_creation,4,0.375,0,0,0,1,0.02,0.93,0.0316,0,0,0.9825,0.000249
737,795,795,436,em-4d6101ee96b0,フィッシャーマン３,water,N,8,520,470,1,水属性の味方全員のHPを10%回復する,advantage_creation,4,0.375,0,0,0,1,0.02,0.87,0.0316,0,0,0.9825,0.000249
738,799,799,438,em-84a7ce7d3a80,ゴロウ,water,N,4,310,302,2,1ターンの間、風属性の敵に対する味方全員の攻撃力を80%増加させる,counteraction,4,0.375,0,0,0,1,0.02,0.91,0.0316,0,0,0.9824,0.000249
739,800,800,174,em-922ebe667c19,けねず先輩,water,R,12,800,800,4,2ターンの間、味方全員に風属性の敵からのダメージを40%軽減するシールドを与える,advantage_creation,4,0.375,0,0.25,0,1,0.02,0.92,0.0316,0,0,0.9707,0.000579
740,801,801,726,em-85a7b3e2cb7d,剥ぐぞ！ナモミ先生,water,CR,16,400,2100,2,1ターンの間、自身の攻撃力を150%増加させる,counteraction,4,0.375,0,0,0,1,0.02,0.88,0.0316,0,0,0.9371,0.000237
741,803,803,727,em-4b8003f0f990,メル子さま,water,CR,12,800,800,3,1ターンの間、風属性の味方全員の攻撃力を120%増加させる,counteraction,4,0.375,0,0.25,0,1,0.02,0.88,0.0316,0,0,0.937,0.000237
742,804,804,568,em-a66f91385c36,伝説のキャミー,water,R,10,700,1100,4,水属性の味方全員のHPを40%回復する,advantage_creation,4,0.375,0,0,0,1,0.02,0.87,0.0316,0,0,0.9705,0.000246
743,806,806,933,em-cc5e3cfa7400,綺麗なソフィアさん,water_wind,MZR,62,7157,1704,1,1ターンの間、自身の攻撃が4回連続攻撃になる,counteraction,4,0.375,0,0,0,1,0.02,0.93,0.0316,0,0,0.7014,0.000177
744,808,808,440,em-24ccb3f9affa,むりょく,all,N,5,159,144,5,1ターンの間、攻撃を自身に集中させる(80%カット),advantage_creation,4,0.375,0,0,0,1,0.02,0.88,0.0316,0,0,0.9822,0.000249
745,812,812,441,em-e535034b31b0,吉野スライマー,water,N,5,495,305,5,1ターンの間、攻撃を自身に集中させる(60%カット),advantage_creation,4,0.375,0,0,0,1,0.02,0.87,0.0316,0,0,0.9822,0.000249
746,814,814,569,em-75c067942d62,大内先生,water,R,11,1699,1699,4,水属性の味方全員のHPを60%回復する,advantage_creation,4,0.375,0,0,0,1,0.02,0.84,0.0316,0,0,0.9703,0.000245
747,815,815,728,em-2be7abbe40d1,大晦日！ナモミ先輩,water,CR,14,300,1700,2,1ターンの間、自身の攻撃力を100%増加させる,counteraction,4,0.375,0,0,0,1,0.02,0.96,0.0316,0,0,0.9364,0.000237
748,818,818,444,em-b09ebd864da6,みずがめəろまちゃん,water,N,14,1057,1198,4,死亡している水属性の味方全員を20%のHPで蘇らせる,advantage_creation,4,0.375,0,0,0,1,0.02,0.87,0.0316,0,0,0.9821,0.000248
749,820,820,729,em-ef6acbb9fe3a,ﾌｫﾆｰ・ぴよ・ｶﾞｰﾙｽﾞY,all,CR,25,3703,1771,4,1ターンの間、味方全員の属性を全属性(3色混合)に変更する,adaptive,4,0.375,0,0,0,1,0.02,0.88,0.0316,0,0,0.9362,0.000237
750,821,821,850,em-34ff44ed1803,富士さんは魔女,water,ZR,42,5112,4260,4,死亡している水属性の味方全員を10%のHPで蘇らせる,advantage_creation,4,0.375,0,0,0,1,0.02,0.91,0.0316,0,0,0.8442,0.000214
751,823,823,445,em-32e57ebd5904,ハンザギルドさん,water,N,12,1551,423,5,4ターンの間、水属性の攻撃を自身に集中させる(85%カット),advantage_creation,4,0.375,0,0,0,1,0.02,0.93,0.0316,0,0,0.982,0.000248
752,824,824,934,em-0e768525b557,ヘラクレス先輩,fire_water,MZR,70,5885,6230,4,4ターンの間、自身の攻撃が3回連続攻撃になる,counteraction,4,0.375,0,0,0,1,0.02,0.88,0.0316,0,0,0.6976,0.000176
753,827,827,730,em-ba09169b5b3d,あまのちゃん,water,CR,12,300,200,4,1ターンの間、味方全員の攻撃が2回連続攻撃になる,counteraction,4,0.375,0,0,0,1,0.01,0.91,0.0162,0,0,0.9358,0.000237
754,828,828,570,em-461e884c1b94,ひろし多美子,water,R,8,590,615,6,1ターンの間、水属性の味方全員の攻撃力を77%増加させる,counteraction,4,0.375,0,0,0,1,0.01,0.86,0.0162,0,0,0.9698,0.000245
755,829,829,447,em-1acdee18dc58,生きろ！モア蔵,water,N,7,1540,240,3,1ターンの間、攻撃を自身に集中させる(30%カット),advantage_creation,4,0.375,0,0,0,1,0.01,0.87,0.0162,0,0,0.9819,0.000248
756,830,830,572,em-794f6427298a,さいごー丼,water,R,8,830,476,3,2ターンの間、風属性の攻撃を自身に集中させる(40%カット),advantage_creation,4,0.375,0,0,0,1,0.01,0.87,0.0162,0,0,0.9697,0.000245
757,832,832,449,em-73a9cdab3511,リンゴール子爵,water,N,3,300,200,4,火属性の敵全員の攻撃カウントを1増加させる,ignored,4,0.375,0,0,0,1,0.01,0.87,0.0162,0,0,0.9818,0.000248
758,834,834,450,em-b54c325797a5,フク先生,water,N,6,600,700,3,1ターンの間、味方全員の属性を火属性に変更する,adaptive,4,0.375,0,0.5,0,1,0.01,0.92,0.0162,0,0,0.9818,0.000248
759,840,840,731,em-d0ab149939aa,製鉄所★澤先輩,fire_water,CR,24,5313,1771,3,風属性の味方全員のスキルカウントを2減少させる,ignored,4,0.375,0,0,0,1,0.01,0.9,0.0162,0,0,0.9352,0.000237
760,841,841,732,em-474d7b7d3bbe,イチャン～(から),fire_water,CR,26,3606,2850,2,1ターンの間、自身の攻撃が全体攻撃になる,counteraction,4,0.375,0,0,0,1,0.01,0.93,0.0162,0,0,0.9351,0.000237
761,842,842,857,em-de36aab296aa,月下皇帝ランたん様,fire_water,ZR,50,3150,5367,3,死亡している風属性の味方全員を50%のHPで蘇らせる,advantage_creation,4,0.375,0,0,0,1,0.01,0.86,0.0162,0,0,0.8415,0.000213
762,843,843,733,em-769713d8548b,ザ・NPfLやすなり,water,CR,20,1800,1800,0,1ターンの間、自身の属性を火属性に変更する,adaptive,4,0.375,0,0,1,1,0.01,0.85,0.0162,0,0,0.9348,0.000237
763,848,848,734,em-6de5eba89049,天孫降臨ににぎくん,water,CR,25,2334,2817,5,3ターンの間、水属性の味方全員の攻撃力を120%増加させる,counteraction,4,0.375,0,0,0,1,0.01,0.87,0.0162,0,0,0.9347,0.000236
764,850,850,575,em-f5c067498bab,深窓のやまなしーヌ,water,R,17,1661,1812,3,味方全員のスキルカウントを1減少させる,ignored,4,0.375,0,0,0,1,0.01,0.9,0.0162,0,0,0.9692,0.000245
765,851,851,576,em-e2feaf3c95b1,古の才次郎先生,water,R,13,1812,1963,1,1ターンの間、味方全員の属性を火属性に変更する,adaptive,4,0.375,0,0,0,1,0.01,0.88,0.0162,0,0,0.9692,0.000245
766,852,852,736,em-7c7befcdeb38,メル子大先生,water,CR,16,1773,1934,2,1ターンの間、風属性の味方全員の攻撃力を150%増加させる,counteraction,4,0.375,0,0,0,1,0.01,0.86,0.0162,0,0,0.9344,0.000236
767,853,853,451,em-144424b04d69,あろまさん,water,N,5,450,650,4,死亡している水属性の味方全員を10%のHPで蘇らせる,advantage_creation,4,0.375,0,0,0,1,0.01,0.83,0.0162,0,0,0.9814,0.000248
768,854,854,577,em-2d1c8d50a6d1,スマートouぼっと,water,R,17,2265,1510,5,3ターンの間、味方全員にダメージを55%軽減するシールドを与える,advantage_creation,4,0.375,0,0,0,1,0.01,0.9,0.0162,0,0,0.969,0.000245
769,856,856,859,em-f346c1f4c45d,八狗神伏姫様,water,ZR,35,5538,2130,4,3ターンの間、攻撃を自身に集中させる(65%カット),advantage_creation,4,0.375,0,0,0,1,0.01,0.88,0.0162,0,0,0.8396,0.000212
770,857,857,935,em-c2dc184a86c0,爆誕！さくどん,water,MZR,45,3408,4260,9,敵全員の攻撃カウントを6増加させる,ignored,4,0.375,0,0,0,1,0.01,0.9,0.0162,0,0,0.6897,0.000175
771,858,858,936,em-ccfeb40e6439,更にThe★Youなリバ子,all,MZR,50,1509,5770,0,味方全員のHPを22%回復する,advantage_creation,4,0.375,0,1,1,1,0.01,0.92,0.0162,0,0,0.6893,0.000174
772,859,859,453,em-bcb9b03bfeed,サンカクドナウ,water,N,13,1739,1739,3,1ターンの間、水属性の味方全員の攻撃が3回連続攻撃になる,counteraction,4,0.375,0,0,0,1,0.01,0.88,0.0162,0,0,0.9813,0.000248
773,860,860,737,em-fc0926b017ef,なまずのおじさん,water,CR,25,4260,1278,5,1ターンの間、味方全員に風属性の敵からのダメージを90%軽減するシールドを与える,advantage_creation,4,0.375,0,0,0,1,0.01,0.9,0.0162,0,0,0.9337,0.000236
774,496,495,454,em-eaad577a957c,関さん,water,N,5,390,390,4,1ターンの間、攻撃をリーダーに集中させる(60%カット),advantage_creation,4,0.25,0,0,0,1,0.12,0.79,0.1515,0,0,0.9812,0.000248
775,498,497,578,em-06a82dd4f95a,やまとーる海将,water,R,18,2567,1208,4,2ターンの間、味方全員にダメージを50%軽減するシールドを与える,advantage_creation,4,0.25,0,0,0,1,0.12,0.82,0.1515,0,0,0.9686,0.000245
776,499,498,579,em-c6785d8f86c3,中央アルプスの犬,water,R,9,600,400,2,1ターンの間、味方全員に火属性の敵からのダメージを40%軽減するシールドを与える,advantage_creation,4,0.25,0,0,0,1,0.12,0.82,0.1515,0,0,0.9685,0.000245
777,521,520,580,em-f354ab7f7554,漆黒のいびるん,all,R,12,800,1000,5,2ターンの間、攻撃をリーダーに集中させる(20%カット),advantage_creation,4,0.25,0,0,0,1,0.11,0.78,0.1418,0,0,0.9685,0.000245
778,523,522,860,em-eb8dcb3ecb46,ヨーコ須賀パイセン,fire_water,ZR,45,5964,3237,3,1ターンの間、火属性の攻撃を自身に集中させる(85%カット),advantage_creation,4,0.25,0,0,0,1,0.11,0.85,0.1418,0,0,0.8373,0.000212
779,547,546,457,em-ddba9f91bab7,注入！とちぎソウル,water,N,6,280,700,5,1ターンの間、自身の攻撃力を300%増加させる,counteraction,4,0.25,0,0,0,1,0.1,0.85,0.1316,0,0,0.981,0.000248
780,548,547,459,em-d4e50f80f825,コーベリアル,water,N,4,305,297,2,1ターンの間、火属性の攻撃を自身に集中させる(50%カット),advantage_creation,4,0.25,0,0,0,1,0.1,0.91,0.1316,0,0,0.981,0.000248
781,552,551,738,em-e9b3dc6478a4,アヌラさま,water,CR,33,2495,2978,2,1ターンの間、水属性の攻撃を自身に集中させる(90%カット),advantage_creation,4,0.25,0,0,0,1,0.1,0.82,0.1316,0,0,0.9328,0.000236
782,588,588,581,em-bbcbbb9fef0a,こっちの大谷,water,R,6,1000,100,3,1ターンの間、味方全員に火属性の敵からのダメージを40%軽減するシールドを与える,advantage_creation,4,0.25,0,0,0,1,0.08,0.79,0.1099,0,0,0.9682,0.000245
783,589,589,937,em-b127f99ae530,キラー・ｻﾞ・ｷﾗｰ,fire_water,MZR,55,5964,3408,2,1ターンの間、味方全員に風属性の敵からのダメージを72%軽減するシールドを与える,advantage_creation,4,0.25,0,0,0,1,0.08,0.86,0.1099,0,0,0.6839,0.000173
784,591,591,582,em-4694b1a256f8,悪魔！いびるん,all,R,9,600,700,5,3ターンの間、攻撃をリーダーに集中させる(10%カット),advantage_creation,4,0.25,0,0,0,1,0.08,0.79,0.1099,0,0,0.968,0.000245
785,613,613,739,em-6ecee0316b6d,梵天。,water,CR,15,1100,1300,6,2ターンの間、味方全員の攻撃が全体攻撃になる,counteraction,4,0.25,0,0,0,1,0.07,0.87,0.0983,0,0,0.9323,0.000236
786,615,615,462,em-902df874fa74,でらマジカ,water,N,6,650,700,3,1ターンの間、火属性の攻撃を自身に集中させる。(90%カット),advantage_creation,4,0.25,0,0,0,1,0.07,0.84,0.0983,0,0,0.9807,0.000248
787,624,624,740,em-d0ce0f8b817c,あまのさんちゃん,water,CR,17,600,300,4,1ターンの間、味方全員の攻撃が2回連続攻撃になる,counteraction,4,0.25,0,0,0,1,0.07,0.84,0.0983,0,0,0.9321,0.000236
788,626,626,463,em-46432847d531,ＢＥＷ雪玉,water,N,8,2538,705,3,2ターンの間、火属性の味方全員の攻撃力を120%増加させる,counteraction,4,0.25,0,0,0,1,0.07,0.9,0.0983,0,0,0.9807,0.000248
789,627,627,464,em-f13a3baa139d,伝説のビスカやん！,water_wind,N,9,1893,1241,2,火属性の味方全員のスキルカウントを1減少させる,ignored,4,0.25,0,0,0,1,0.07,0.79,0.0983,0,0,0.9806,0.000248
790,629,629,742,em-a0159af9ab81,カネヒラくん,water,CR,14,2385,2556,2,3ターンの間、自身の属性を火属性に変更する,adaptive,4,0.25,0,0,0,1,0.07,0.82,0.0983,0,0,0.9318,0.000236
791,654,654,465,em-627c09c619f8,さくら…こなのか,water,N,7,888,482,1,1ターンの間、風属性の攻撃を自身に集中させる(70%カット),advantage_creation,4,0.25,0,0,0,1,0.06,0.86,0.0862,0,0,0.9806,0.000248
792,655,655,466,em-525fc1b65a26,吉野スライム,water,N,4,411,209,5,1ターンの間、攻撃を自身に集中させる(50%カット),advantage_creation,4,0.25,0,0,0,1,0.06,0.81,0.0862,0,0,0.9805,0.000248
793,656,656,743,em-e63df2359896,世界遺産な白鷺嬢,water,CR,15,2100,600,3,自身のHPを50%回復する,advantage_creation,4,0.25,0,0,0,1,0.06,0.78,0.0862,0,0,0.9314,0.000236
794,662,662,467,em-5793db0a4078,リンゴール伯爵,water,N,5,700,600,4,火属性の敵全員の攻撃カウントを1増加させる,ignored,4,0.25,0,0,0,1,0.06,0.87,0.0862,0,0,0.9804,0.000248
795,665,665,744,em-a6927eca01fa,すわ子ちゃん,water,CR,8,500,800,6,1ターンの間、自身の攻撃が3回連続攻撃になる,counteraction,4,0.25,0,0,0,1,0.06,0.85,0.0862,0,0,0.9312,0.000236
796,666,666,745,em-8a847b9e3d1d,アストロ・あっしゅ,fire_water,CR,15,1900,1100,5,1ターンの間、火属性の攻撃を自身に集中させる(40%カット),advantage_creation,4,0.25,0,0,0,1,0.06,0.91,0.0862,0,0,0.9311,0.000236
797,667,667,584,em-97272e288cf7,ホークくん,water,R,6,500,750,1,1ターンの間、火属性の攻撃を自身に集中させる。(50%カット),advantage_creation,4,0.25,0,0,0,1,0.06,0.86,0.0862,0,0,0.9672,0.000245
798,671,671,468,em-87b19d1c9d4e,ベリーズさん,water,N,9,1057,1692,5,3ターンの間、水属性の敵に対する自身の攻撃力を100%増加させる,counteraction,4,0.25,0,0,0,1,0.06,0.83,0.0862,0,0,0.9803,0.000248
799,672,672,128,em-2ddce7bebb05,ツノザヤ君は握手ﾁｭｳ,water,ZR,27,37,3023,0,2ターンの間、味方全員に水属性の敵からのダメージを9%軽減するシールドを与える,advantage_creation,4,0.25,0,1,1,1,0.06,0.84,0.0862,0,0,0.8318,0.001057
800,674,674,866,em-9eb7fd81d237,ユウ・レーカさん,water,ZR,20,2044,2556,4,死亡している水属性の味方全員を1%のHPで蘇らせる,advantage_creation,4,0.25,0,0,0,1,0.06,0.82,0.0862,0,0,0.8315,0.00021
801,675,675,938,em-15545bc62fe7,幽霊烏賊図,water,MZR,60,3408,4260,3,死亡している水属性の味方全員を1%のHPで蘇らせる,advantage_creation,4,0.25,0,0,0,1,0.06,0.87,0.0862,0,0,0.6755,0.000171
802,678,678,585,em-04cdb17f3b71,ひろし多め,water,R,9,690,714,6,2ターンの間、水属性の味方全員の攻撃力を77%増加させる,counteraction,4,0.25,0,0,0,1,0.06,0.83,0.0862,0,0,0.9669,0.000245
803,680,680,586,em-ebf10919d982,ミラクル凜子,water,R,8,700,704,4,1ターンの間、火属性の敵に対する味方全員の攻撃力を100%増加させる,counteraction,4,0.25,0,0,0,1,0.06,0.82,0.0862,0,0,0.9668,0.000245
804,681,681,746,em-b078ec458c73,ににぎさん,water,CR,12,770,830,6,2ターンの間、水属性の味方全員の攻撃力を60%増加させる,counteraction,4,0.25,0,0,0,1,0.06,0.82,0.0862,0,0,0.9302,0.000235
805,686,686,469,em-f0bd2d18332e,Woo怪さん,water,N,8,600,700,6,1ターンの間、自身の攻撃が3回連続攻撃になる,counteraction,4,0.25,0,0,0,1,0.06,0.94,0.0862,0,0,0.98,0.000248
806,691,691,470,em-299066b18ca7,バイカル子,water,N,14,2999,499,5,1ターンの間、風属性の攻撃を自身に集中させる(99%カット),advantage_creation,4,0.25,0,0,0,1,0.06,0.86,0.0862,0,0,0.98,0.000248
807,695,695,867,em-28a4ccf4cbfc,ステンバーイちび蔵,fire_water,ZR,24,596,3748,4,死亡している水属性の味方全員を30%のHPで蘇らせる,advantage_creation,4,0.25,0,0,0,1,0.06,0.81,0.0862,0,0,0.8296,0.00021
808,696,696,939,em-78804a795640,ズンビージョンきゅん,water,MZR,39,1448,4771,6,死亡している水属性の味方全員を170%のHPで蘇らせる,advantage_creation,4,0.25,0,0,0,1,0.06,0.78,0.0862,0,0,0.6721,0.00017
809,706,706,747,em-6f76a23db620,伏姫さま,water,CR,17,2006,676,4,2ターンの間、攻撃を自身に集中させる(60%カット),advantage_creation,4,0.25,0,0,0,1,0.05,0.78,0.0735,0,0,0.9296,0.000235
810,707,707,590,em-9f7e593bdb96,鮒麿,water,R,7,520,460,5,味方全員のHPを60%回復する,advantage_creation,4,0.25,0,0,0,1,0.05,0.85,0.0735,0,0,0.9664,0.000245
811,709,709,591,em-4980bf27b119,淡路な浄瑠璃さん,water,R,10,708,700,7,水属性の味方全員のスキルカウントを2減少させる,ignored,4,0.25,0,0,0,1,0.05,0.83,0.0735,0,0,0.9663,0.000244
812,710,710,471,em-9d8b6a4d2c9c,はたはタン,water,N,3,300,200,5,味方全員のHPを30%回復する,advantage_creation,4,0.25,0,0.25,0,1,0.05,0.84,0.0735,0,0,0.9797,0.000248
813,713,713,592,em-b0bd2882f199,タオるん,water,R,6,500,600,5,1ターンの間、水属性の攻撃を自身に集中させる。(50%カット),advantage_creation,4,0.25,0,0,0,1,0.05,0.78,0.0735,0,0,0.9662,0.000244
814,714,714,473,em-2697b5e55b56,あろまちゃん+空気,water,N,6,650,700,4,死亡している水属性の味方全員を15%のHPで蘇らせる,advantage_creation,4,0.25,0,0.5,0,1,0.05,0.86,0.0735,0,0,0.9797,0.000248
815,719,719,594,em-c301debd22fc,やまとーる海尉,water,R,9,900,600,6,2ターンの間、味方全員にダメージを50%軽減するシールドを与える,advantage_creation,4,0.25,0,0,0,1,0.05,0.83,0.0735,0,0,0.966,0.000244
816,720,720,749,em-e4f94dd73b29,あっしゅTHEﾗｯﾊﾟｰ,fire_water,CR,12,1500,700,5,1ターンの間、火属性の攻撃を自身に集中させる(30%カット),advantage_creation,4,0.25,0,0,0,1,0.05,0.86,0.0735,0,0,0.9287,0.000235
817,722,722,596,em-712f122e2051,オロモ君は欝気味,fire_water,R,17,1536,2684,1,1ターンの間、攻撃を自身に集中させる(66%カット),advantage_creation,4,0.25,0,0,0,1,0.05,0.84,0.0735,0,0,0.9659,0.000244
818,738,738,597,em-5fba2111c2ae,くろこップ,water,R,7,498,482,9,水属性の味方全員のスキルカウントを1減少させる,ignored,4,0.25,0,0,0,1,0.04,0.86,0.0602,0,0,0.9658,0.000244
819,739,739,598,em-0985c7675d5c,みかん姐さん,water,R,13,1100,600,4,2ターンの間、風属性の味方全員の攻撃が全体攻撃になる,counteraction,4,0.25,0,0,0,1,0.04,0.79,0.0602,0,0,0.9658,0.000244
820,744,744,940,em-6a50fe1ba475,青き春の酔竜,water,MZR,70,2556,7668,3,2ターンの間、自身の攻撃力を400%増加させる,counteraction,4,0.25,0,0,0,1,0.04,0.79,0.0602,0,0,0.6662,0.000169
821,747,747,599,em-cfa8f59c143b,いぬやマン再び,water,R,9,500,500,7,1ターンの間、味方全員の攻撃力を130%増加させる,counteraction,4,0.25,0,0,0,1,0.04,0.85,0.0602,0,0,0.9656,0.000244
822,748,748,600,em-9d5f7901aacf,サタデーナイト☆郡上,water,R,17,1812,1963,5,2ターンの間、味方全員の攻撃が全体攻撃になる,counteraction,4,0.25,0,0,0,1,0.04,0.84,0.0602,0,0,0.9656,0.000244
823,750,750,751,em-4b386c59ef08,キマシ塔の温泉娘,fire_water,CR,20,1245,2781,5,2ターンの間、風属性の味方全員の攻撃力を314%増加させる,counteraction,4,0.25,0,0,0,1,0.04,0.82,0.0602,0,0,0.9279,0.000235
824,756,756,870,em-eb4ef5fa8f2f,応援ぴよ子団長,all,ZR,60,1111,1111,12,1ターンの間、味方全員の攻撃力を500%増加させる,counteraction,4,0.25,0,0,0,1,0.04,0.77,0.0602,0,0,0.8248,0.000209
825,768,768,602,em-b827590fe52d,芹沢くん,water,R,7,500,500,4,1ターンの間、攻撃をリーダーに集中させる(60%カット),advantage_creation,4,0.25,0,0,0,1,0.03,0.81,0.0463,0,0,0.9654,0.000244
826,769,769,478,em-cbfa7306b010,めい子姉さん,water,N,7,479,511,5,2ターンの間、風属性の攻撃を自身に集中させる(80%カット),advantage_creation,4,0.25,0,0,0,1,0.03,0.87,0.0463,0,0,0.9792,0.000248
827,772,772,603,em-618372c0cf56,しょーか先生,water,R,10,800,900,5,1ターンの間、水属性の味方全員の攻撃が2回連続攻撃になる,counteraction,4,0.25,0,0,0,1,0.03,0.81,0.0463,0,0,0.9652,0.000244
828,773,773,605,em-5558b35b9413,フゥーま＆ヴォたん,water_wind,R,14,800,800,3,1ターンの間、攻撃をリーダーに集中させる(65%カット),advantage_creation,4,0.25,0,0,0,1,0.03,0.92,0.0463,0,0,0.9652,0.000244
829,777,777,479,em-4ea698949c11,侵略成功!?イカ翁,fire_water,N,20,1131,1272,2,死亡している風属性の味方全員を1%のHPで蘇らせる,advantage_creation,4,0.25,0,0,0,1,0.03,0.83,0.0463,0,0,0.9791,0.000248
830,780,780,606,em-883c35b094ae,淡路でくろこップ,water,R,8,605,600,8,水属性の味方全員のスキルカウントを1減少させる,ignored,4,0.25,0,0,0,1,0.03,0.82,0.0463,0,0,0.965,0.000244
831,785,785,941,em-f3234f88661c,氷の大魔女カナリン,water,MZR,43,7497,1641,5,死亡している水属性の味方全員を100%のHPで蘇らせる,advantage_creation,4,0.25,0,0,0,1,0.03,0.9,0.0463,0,0,0.6606,0.000167
832,796,796,607,em-5c4a86842734,芹沢殿,water,R,10,703,698,3,1ターンの間、攻撃をリーダーに集中させる(70%カット),advantage_creation,4,0.25,0,0.25,0,1,0.02,0.89,0.0316,0,0,0.9649,0.000244
833,797,797,753,em-3e54a6be4029,おかいこ先輩,water,CR,15,1206,1276,5,2ターンの間、味方全員の属性を風属性に変更する,adaptive,4,0.25,0,0.25,0,1,0.02,0.79,0.0316,0,0,0.9266,0.000234
834,798,798,608,em-5a3daf6cbf77,白良さん,water,R,8,600,605,4,1ターンの間、水属性の味方全員の攻撃力を50%増加させる,counteraction,4,0.25,0,0,0,1,0.02,0.81,0.0316,0,0,0.9647,0.000244
835,802,802,610,em-6197bad49878,水島神人,water,R,6,700,300,5,1ターンの間、攻撃を自身に集中させる(70%カット),advantage_creation,4,0.25,0,0,0,1,0.02,0.92,0.0316,0,0,0.9647,0.000244
836,805,805,480,em-081cdc2b5b45,スノーボーイ,water,N,4,1000,100,6,2ターンの間、火属性の味方全員の攻撃力を150%増加させる,counteraction,4,0.25,0,0,0,1,0.02,0.9,0.0316,0,0,0.9788,0.000248
837,807,807,754,em-dade81e05fdb,紫式部@物語執筆中,fire_water,CR,25,1771,3220,0,1ターンの間、味方全員に風属性の敵からのダメージを20%軽減するシールドを与える,advantage_creation,4,0.25,0,0.5,1,1,0.02,0.9,0.0316,0,0,0.9261,0.000234
838,809,809,755,em-0f41288ed104,青玉の供犠ぴよ子,water,CR,6,1609,1609,0,なし,none,4,0.25,0,0,1,1,0.02,0.87,0.0316,0,0,0.926,0.000234
839,810,810,612,em-6ed81c8341b0,萌やし紳士,water,R,8,308,898,4,1ターンの間、自身の攻撃力を300%増加させる,counteraction,4,0.25,0,0.25,0,1,0.02,0.84,0.0316,0,0,0.9644,0.000244
840,811,811,483,em-a4adc4bc9b7c,魁！安井道さん,water,N,12,1215,1187,5,1ターンの間、攻撃をリーダーに集中させる(80%カット),advantage_creation,4,0.25,0,0,0,1,0.02,0.83,0.0316,0,0,0.9786,0.000248
841,813,813,484,em-4bb28e84009d,吉野スライメスト,water,N,13,1809,735,5,2ターンの間、攻撃を自身に集中させる(80%カット),advantage_creation,4,0.25,0,0,0,1,0.02,0.83,0.0316,0,0,0.9785,0.000248
842,816,816,613,em-5c824e4dff20,ほたるんるん,water,R,9,1000,1500,3,1ターンの間、自身の属性を風属性に変更する,adaptive,4,0.25,0,0,0,1,0.02,0.86,0.0316,0,0,0.9642,0.000244
843,817,817,614,em-e718c5b250d7,彩れくたにん,water,R,9,600,700,2,1ターンの間、味方全員の属性を火属性に変更する,adaptive,4,0.25,0,0,0,1,0.02,0.81,0.0316,0,0,0.9641,0.000244
844,819,819,485,em-0da991c52dd4,ギャリーくん,water_wind,N,5,400,400,3,1ターンの間、味方全員に水属性の敵からのダメージを40%軽減するシールドを与える。,advantage_creation,4,0.25,0,0.25,0,1,0.02,0.89,0.0316,0,0,0.9784,0.000248
845,822,822,615,em-908fa1696f0d,速いぞサラマンダー！,water,R,12,3186,1431,6,リーダーのスキルカウントを8減少させる,ignored,4,0.25,0,0,0,1,0.02,0.87,0.0316,0,0,0.9639,0.000244
846,825,825,486,em-6145c94ca696,ｽﾌﾟﾗ♡な琵琶子たん,water_wind,N,13,1213,1190,3,1ターンの間、味方全員に風属性の敵からのダメージを80%軽減するシールドを与える,advantage_creation,4,0.25,0,0,0,1,0.02,0.92,0.0316,0,0,0.9783,0.000248
847,826,826,487,em-8e8c7fbfac2a,おたべくん,water,N,3,315,287,4,風属性の敵全員の攻撃カウントを1増加させる,ignored,4,0.25,0,0,0,1,0.01,0.85,0.0162,0,0,0.9783,0.000248
848,831,831,617,em-61221298dafe,大内ちゃん,water,R,5,603,603,5,水属性の味方全員のHPを30%回復する,advantage_creation,4,0.25,0,0,0,1,0.01,0.8,0.0162,0,0,0.9637,0.000244
849,833,833,757,em-4d4bf14cc827,いはと先輩,water,CR,15,1000,1400,3,風属性の敵全員の攻撃カウントを1増加させる,ignored,4,0.25,0,0,0,1,0.01,0.78,0.0162,0,0,0.9246,0.000234
850,835,835,618,em-2e5137a70580,やまとーる君,water,R,6,600,300,7,2ターンの間、味方全員にダメージを50%軽減するシールドを与える,advantage_creation,4,0.25,0,0,0,1,0.01,0.77,0.0162,0,0,0.9636,0.000244
851,836,836,619,em-3bd6544e0bce,窓辺のやまなしーヌ,water,R,13,700,800,4,味方全員のスキルカウントを1減少させる,ignored,4,0.25,0,0,0,1,0.01,0.81,0.0162,0,0,0.9635,0.000244
852,837,837,489,em-564e1dfe9c75,コニーちゃん,water_wind,N,3,300,300,4,1ターンの間、味方全員に水属性の敵からのダメージを40%軽減するシールドを与える。,advantage_creation,4,0.25,0,0,0,1,0.01,0.83,0.0162,0,0,0.9781,0.000247
853,838,838,758,em-14ab1de959d7,あくせんと・きゃー子,water,CR,18,1400,400,6,1ターンの間、味方全員の属性を全属性(3色混合)に変更する,adaptive,4,0.25,0,0,0,1,0.01,0.88,0.0162,0,0,0.924,0.000234
854,839,839,490,em-25fed9fde1ce,かっさーWoo！,fire_water,N,16,1131,2403,4,2ターンの間、リーダーの攻撃力を200%増加させる,counteraction,4,0.25,0,0,0,1,0.01,0.82,0.0162,0,0,0.978,0.000247
855,844,844,759,em-7affb78d3b91,渇求するネギの果て,water,CR,10,754,754,4,1ターンの間、攻撃をリーダーに集中させる。(30%カット),advantage_creation,4,0.25,0,0,0,1,0.01,0.89,0.0162,0,0,0.9237,0.000234
856,845,845,875,em-5c8b9af61816,ぴっよコイン先生,all,ZR,60,1111,1111,12,1ターンの間、味方全員にダメージを100%軽減するシールドを与える,advantage_creation,4,0.25,0,0,0,1,0.01,0.82,0.0162,0,0,0.8151,0.000206
857,846,846,493,em-c67ab163f5d6,さくらこはダムです,water,N,12,2092,735,1,1ターンの間、風属性の攻撃を自身に集中させる(80%カット),advantage_creation,4,0.25,0,0,0,1,0.01,0.84,0.0162,0,0,0.9778,0.000247
858,847,847,495,em-535fe684b32f,新・フィッシャーマン,water,N,10,1286,1116,1,水属性の味方全員のHPを15%回復する,advantage_creation,4,0.25,0,0,0,1,0.01,0.81,0.0162,0,0,0.9778,0.000247
859,849,849,761,em-8646cdffe6eb,ブーナッドさん,water,CR,12,1700,300,3,自身のHPを40%回復する,advantage_creation,4,0.25,0,0,0,1,0.01,0.87,0.0162,0,0,0.9232,0.000234
860,855,855,623,em-4fddbba71de4,大熊びぐべん,fire_water,R,9,600,700,2,1ターンの間、水属性の敵に対する自身の攻撃力を150%増加させる。,counteraction,4,0.25,0,0,0,1,0.01,0.91,0.0162,0,0,0.9628,0.000244
861,861,861,762,em-3ac00001d30a,ネギの向こう側,all,CR,20,2262,2273,0,味方全員のHPを1%回復する,advantage_creation,4,0.25,0,1,1,1,0.01,0.81,0.0162,0,0,0.9229,0.000234
862,863,863,624,em-1a5f7bc3661b,萌やし男子,water,R,7,300,700,4,1ターンの間、自身の攻撃力を200%増加させる,counteraction,4,0.25,0,0,0,1,0,0.82,0,0,0,0.9627,0.000244
863,865,865,499,em-3e85387d97e5,荒ぶるこんにゃく,water,N,7,486,484,8,3ターンの間、攻撃を自身に集中させる(70%カット),advantage_creation,4,0.25,0,0,0,1,0,0.87,0,0,0,0.9775,0.000247
864,866,866,500,em-da4562cd6142,プレーン下仁田,water,N,10,500,500,4,1ターンの間、攻撃をリーダーに集中させる(30%カット),advantage_creation,4,0.25,0,0.25,0,1,0,0.89,0,0,0,0.9775,0.000247
865,868,868,764,em-20df4bd7efaf,白鷺嬢,water,CR,8,800,420,3,自身のHPを30%回復する,advantage_creation,4,0.25,0,0,0,1,0,0.94,0,0,0,0.9224,0.000233
866,872,872,503,em-4900e4471484,モア蔵,water,N,4,722,90,4,1ターンの間、攻撃を自身に集中させる(30%カット),advantage_creation,4,0.25,0,0.25,0,1,0,0.86,0,0,0,0.9774,0.000247
867,879,879,627,em-7db55d8e78d1,やまなしーヌさん,water,R,6,400,500,6,味方全員のスキルカウントを1減少させる,ignored,4,0.25,0,0,0,1,0,0.88,0,0,0,0.9623,0.000243
868,880,880,628,em-dac0a350706a,くたにん,water,R,6,500,600,3,1ターンの間、味方全員の属性を火属性に変更する,adaptive,4,0.25,0,0,0,1,0,0.83,0,0,0,0.9622,0.000243
869,884,884,506,em-199bdad6398b,なるティス,water,N,12,1000,900,3,1ターンの間、水属性の味方全員の攻撃力を70%増加させる,counteraction,4,0.25,0,0.25,0,1,0,0.88,0,0,0,0.9773,0.000247
870,885,885,176,em-4586795c80d9,スノーガイ,water,N,7,1500,300,4,2ターンの間、火属性の味方全員の攻撃力を130%増加させる,counteraction,4,0.25,0,0.25,0,1,0,0.92,0,0,0,0.9772,0.000574
871,886,886,766,em-7f3eb7b8272c,にゅー先生,water,CR,15,700,2200,2,1ターンの間、攻撃を自身に集中させる(75%カット),advantage_creation,4,0.25,0,0,0,1,0,0.83,0,0,0,0.9215,0.000233
872,889,889,510,em-fd2a055eb394,コニー＆ギャリー,water_wind,N,10,500,500,3,1ターンの間、味方全員に水属性の敵からのダメージを40%軽減するシールドを与える。,advantage_creation,4,0.25,0,0,0,1,0,0.91,0,0,0,0.9771,0.000247
873,895,895,942,em-99460641a41d,奇岩妖精ペリバじゃん,fire_water,MZR,40,6816,852,3,1ターンの間、自身の攻撃力を5000%増加させる,counteraction,4,0.25,0,0,0,1,0,0.81,0,0,0,0.6371,0.000161
874,897,897,767,em-e128354ca2de,シュレーダー帝,fire_water,CR,31,1795,3097,6,死亡している火属性の味方全員を130%のHPで蘇らせる,advantage_creation,4,0.25,0,0,0,1,0,0.84,0,0,0,0.921,0.000233
875,899,899,943,em-d8af1ee7968e,ザ★女王の世界,water,MZR,42,1936,2006,3,1ターンの間、水属性の敵に対する水属性の味方全員の攻撃力を400%増加させる,counteraction,4,0.25,0,0,0,1,0,0.84,0,0,0,0.6359,0.000161
876,901,901,877,em-b041a6f6cf00,テヅルモヅルン,fire_water,ZR,37,5367,2147,3,2ターンの間、風属性の攻撃を自身に集中させる(82%カット),advantage_creation,4,0.25,0,0,0,1,0,0.88,0,0,0,0.8084,0.000205
877,902,902,917,em-ceda64319ca1,蜜香のウミリンゴ,fire_water,伝,75,8520,5453,1,5ターンの間、風属性の敵に対する味方全員の攻撃力を25%増加させる,counteraction,4,0.25,0,0.75,0,1,0,0.98,0,0,0,0.1686,0.000187
878,910,910,512,em-47f3be71ea63,青竜むりょく,all,N,4,198,189,6,自身のHPを90%回復する,advantage_creation,4,0.25,0,0,0,1,0,0.88,0,0,0,0.9768,0.000247
879,911,911,514,em-ba8324a2cbef,覚醒ニート,water,N,6,354,296,2,1ターンの間、水属性の味方全員の攻撃が2回連続攻撃になる,counteraction,4,0.25,0,0,0,1,0,0.88,0,0,0,0.9768,0.000247
880,913,913,944,em-0277eca3d9cf,ゆる神の像＆ピヨか？,all,MZR,60,426,511,3,1ターンの間、攻撃を自身に集中させる(1%カット),advantage_creation,4,0.25,0,0,0,1,0,0.85,0,0,0,0.6328,0.00016
881,915,915,163,em-872b1096af45,アシナガ,water,ZR,80,3748,6816,1,2ターンの間、自身の攻撃力を88%増加させる,counteraction,4,0.25,0,0.5,0,1,0,0.86,0,0,0,0.8066,0.000695
882,917,917,635,em-554c0093231a,おあげさん,water,R,7,505,495,3,2ターンの間、風属性の敵に対する味方全員の攻撃力を100%増加させる,counteraction,4,0.25,0,0,0,1,0,0.82,0,0,0,0.961,0.000243
883,918,918,636,em-306ef0a3ce60,大納言鮒麿,water,R,14,1812,1548,4,味方全員のHPを80%回復する,advantage_creation,4,0.25,0,0,0,1,0,0.86,0,0,0,0.9609,0.000243
884,921,921,637,em-58f4a804ff7f,マリンな白良さん,water,R,12,710,694,4,1ターンの間、水属性の味方全員の攻撃力を60%増加させる,counteraction,4,0.25,0,0,0,1,0,0.88,0,0,0,0.9608,0.000243
885,929,929,638,em-2b3991ed5705,伝統の牛タソ,water,R,10,600,100,4,1ターンの間、攻撃を自身に集中させる(60%カット),advantage_creation,4,0.25,0,0,0,1,0,0.86,0,0,0,0.9608,0.000243
886,930,930,515,em-0f9cbc48c65a,船党かっさーのん,water,N,5,400,500,5,1ターンの間、リーダーの攻撃力を150%増加させる,counteraction,4,0.25,0,0,0,1,0,0.88,0,0,0,0.9764,0.000247
887,932,932,640,em-4e78a5d0dc7a,中央アルプスの少女達,water,R,13,1812,1510,1,1ターンの間、味方全員に火属性の敵からのダメージを40%軽減するシールドを与える,advantage_creation,4,0.25,0,0,0,1,0,0.85,0,0,0,0.9606,0.000243
888,937,937,774,em-c3ea022d7d2f,にゅーさん,water,CR,12,500,1900,3,1ターンの間、攻撃を自身に集中させる(80%カット),advantage_creation,4,0.25,0,0,0,1,0,0.92,0,0,0,0.9189,0.000232
889,938,938,642,em-9329de26d52c,iびるん大魔王,all,R,14,1812,1963,5,1ターンの間、攻撃をリーダーに集中させる(50%カット),advantage_creation,4,0.25,0,0,0,1,0,0.92,0,0,0,0.9604,0.000243
890,941,941,643,em-c1544fb41324,元キャプテン・hɔーク,water,R,13,1359,1963,1,1ターンの間、火属性の攻撃を自身に集中させる。(80%カット),advantage_creation,4,0.25,0,0,0,1,0,0.83,0,0,0,0.9603,0.000243
891,942,942,517,em-6c215846fcb0,アン・ごろう,fire_water,N,16,1356,1189,2,1ターンの間、風属性の敵に対する味方全員の攻撃力を230%増加させる,counteraction,4,0.25,0,0,0,1,0,0.96,0,0,0,0.9761,0.000247
892,944,944,518,em-874769710492,さふらんらん,water,N,8,1734,888,3,火属性の味方全員のスキルカウントを2減少させる,ignored,4,0.25,0,0,0,1,0,0.87,0,0,0,0.9761,0.000247
893,945,945,775,em-8de6e4494a60,称えよ☆メジェド様！,all,CR,25,2415,2415,2,1ターンの間、攻撃を自身に集中させる(80%カット),advantage_creation,4,0.25,0,0.5,0,1,0,0.83,0,0,0,0.9181,0.000232
894,946,946,945,em-af9542637cdd,群れを成すサルパ,water,MZR,28,5453,756,2,1ターンの間、自身の攻撃が16回連続攻撃になる,counteraction,4,0.25,0,0,0,1,0,0.83,0,0,0,0.6236,0.000158
895,947,947,946,em-34853ed0f0f8,ユーコちゃん,all,MZR,24,2556,1533,4,死亡している風属性の味方全員を15%のHPで蘇らせる,advantage_creation,4,0.25,0,0,0,1,0,0.84,0,0,0,0.623,0.000158
896,948,948,776,em-301c11f4a1d7,ウサポワンちゃん,all,CR,20,1363,2317,3,1ターンの間、攻撃を自身に集中させる(85%カット),advantage_creation,4,0.25,0,0,0,1,0,0.87,0,0,0,0.9176,0.000232
897,951,951,881,em-afce812f791d,めい子のMAY DAY,water,ZR,35,4123,4226,4,1ターンの間、風属性の攻撃をリーダーに集中させる(95%カット),advantage_creation,4,0.25,0,0,0,1,0,0.85,0,0,0,0.8006,0.000203
898,952,952,647,em-8527b3dd869a,帰って来たいぬやマン,fire_water,R,21,1661,1661,4,1ターンの間、味方全員の攻撃力を150%増加させる,counteraction,4,0.25,0,0,0,1,0,0.93,0,0,0,0.9596,0.000243
899,959,959,947,em-18279a838450,白刃舞うは存亡の秋,water,MZR,70,6816,4260,4,3ターンの間、火属性の敵に対する味方全員の攻撃力を222%増加させる,counteraction,4,0.25,0,0,0,1,0,0.94,0,0,0,0.6202,0.000157
900,867,867,520,em-b5a4cfe168a6,安井大先生,water,N,7,505,475,5,1ターンの間、攻撃をリーダーに集中させる(70%カット),advantage_creation,4,0.125,0,0,0,1,0,0.85,0,0,0,0.9756,0.000247
901,869,869,777,em-251852280bcf,どうしんさん,water,CR,12,615,605,1,水属性の味方全員のHPを5%回復する,advantage_creation,4,0.125,0,0,0,1,0,0.83,0,0,0,0.9167,0.000232
902,870,870,521,em-0481f6c14fd9,関先輩,water,N,7,475,475,4,1ターンの間、攻撃をリーダーに集中させる(60%カット),advantage_creation,4,0.125,0,0,0,1,0,0.8,0,0,0,0.9755,0.000247
903,874,874,523,em-0352f52bd9a3,スワン様,water,N,6,500,480,5,味方全員のスキルカウントを1減少させる,ignored,4,0.125,0,0,0,1,0,0.78,0,0,0,0.9755,0.000247
904,875,875,778,em-99ad2fb4f1bc,いはとくん,water,CR,8,580,640,3,風属性の敵全員の攻撃カウントを1増加させる,ignored,4,0.125,0,0,0,1,0,0.92,0,0,0,0.9162,0.000232
905,877,877,525,em-6588c893ceb4,船師かっさーのん,water,N,3,300,400,6,1ターンの間、リーダーの攻撃力を150%増加させる,counteraction,4,0.125,0,0,0,1,0,0.84,0,0,0,0.9753,0.000247
906,881,881,527,em-458c94f99220,ほたるーニャ,water,N,3,350,500,5,1ターンの間、味方全員の属性を風属性に変更する,adaptive,4,0.125,0,0,0,1,0,0.93,0,0,0,0.9753,0.000247
907,882,882,528,em-33289e43e28b,ほたるーニャん☆ミ,water,N,7,650,700,4,1ターンの間、味方全員の属性を風属性に変更する,adaptive,4,0.125,0,0,0,1,0,0.85,0,0,0,0.9752,0.000247
908,887,887,529,em-3803f94f5ae7,あろまちゃん,water,N,3,350,500,4,死亡している水属性の味方全員を5%のHPで蘇らせる,advantage_creation,4,0.125,0,0.25,0,1,0,0.83,0,0,0,0.9752,0.000247
909,890,890,650,em-95d137a7328a,バス・スミスくん,water,R,6,900,200,5,2ターンの間、火属性の攻撃を自身に集中させる。(90%カット),advantage_creation,4,0.125,0,0,0,1,0,0.78,0,0,0,0.9585,0.000243
910,891,891,651,em-272a71a9c15d,キラカードなエッシュ,water,R,12,1812,1510,3,風属性の味方全員のスキルカウントを2減少させる,ignored,4,0.125,0,0,0,1,0,0.84,0,0,0,0.9584,0.000242
911,892,892,652,em-90e071b9735c,乗り海苔カスティリャ,water_wind,R,16,2707,1223,2,1ターンの間、火属性の攻撃を自身に集中させる(83%カット),advantage_creation,4,0.125,0,0,0,1,0,0.88,0,0,0,0.9583,0.000242
912,894,894,653,em-9bad632dc3a9,秋田世界発見伝,fire_water,R,24,3838,845,4,2ターンの間、攻撃を自身に集中させる(70%カット),advantage_creation,4,0.125,0,0,0,1,0,0.82,0,0,0,0.9582,0.000242
913,896,896,532,em-2a6ad62952da,スホクラント先生,water,N,15,1841,904,3,2ターンの間、味方全員に水属性の敵からのダメージを63%軽減するシールドを与える,advantage_creation,4,0.125,0,0,0,1,0,0.81,0,0,0,0.9749,0.000247
914,898,898,533,em-df28e035685e,ハル先輩,fire_water,N,11,626,1096,5,味方全員のHPを170%回復する,advantage_creation,4,0.125,0,0,0,1,0,0.86,0,0,0,0.9748,0.000247
915,903,903,781,em-f49b19428b58,ちび丸のハロウィン,fire_water,CR,17,255,2896,4,死亡している水属性の味方全員を30%のHPで蘇らせる,advantage_creation,4,0.125,0,0,0,1,0,0.81,0,0,0,0.9142,0.000231
916,904,904,889,em-8765daafca7a,トマティーナ中佐,fire_water,ZR,40,3748,2130,2,2ターンの間、自身の攻撃が3回連続攻撃になる,counteraction,4,0.125,0,0,0,1,0,0.78,0,0,0,0.7926,0.000201
917,906,906,124,em-fc61ebfabf67,(Ｕ^ω^)亭馬琴,water,CR,20,2576,644,0,2ターンの間、攻撃を自身に集中させる(10%カット),advantage_creation,4,0.125,0,1,1,1,0,0.86,0,0,0,0.9138,0.001135
918,908,908,783,em-8c223847d1b4,皐月ぴよ子,water,CR,5,555,555,0,なし,none,4,0.125,0,0,1,1,0,0.81,0,0,0,0.9136,0.000231
919,912,912,948,em-0ee8cd6c9dab,黄金時代！K・ワンダー,all,MZR,60,3,3,1,1ターンの間、自身の攻撃が10回連続攻撃になる,counteraction,4,0.125,0,0,0,1,0,0.76,0,0,0,0.605,0.000153
920,914,914,949,em-0454ff15fbd8,米倉英夫(ゆる),all,MZR,55,1,1,55,55ターンの間、味方全員の属性を全属性(３色混合)に変更する。,adaptive,4,0.125,0,0,0,1,0,0.78,0,0,0,0.6042,0.000153
921,916,916,535,em-51e67cfa8578,さくらこさーん,water,N,5,600,300,1,1ターンの間、風属性の攻撃を自身に集中させる(60%カット),advantage_creation,4,0.125,0,0,0,1,0,0.82,0,0,0,0.9743,0.000247
922,919,919,538,em-0560ed78022d,見事にびわ子たん,water,N,5,400,400,4,1ターンの間、味方全員に風属性の敵からのダメージを80%軽減するシールドを与える,advantage_creation,4,0.125,0,0,0,1,0,0.84,0,0,0,0.9743,0.000246
923,920,920,539,em-db1935c2a136,コーベリアル公爵,water,N,10,1229,1173,1,1ターンの間、火属性の攻撃を自身に集中させる(90%カット),advantage_creation,4,0.125,0,0.25,0,1,0,0.89,0,0,0,0.9742,0.000246
924,923,923,785,em-472362bb4365,超えぇじゃないか,water,CR,12,840,760,6,2ターンの間、自身の攻撃が全体攻撃になる,counteraction,4,0.125,0,0,0,1,0,0.75,0,0,0,0.9124,0.000231
925,924,924,786,em-f8a5ad2fd004,どうしん様,water,CR,15,805,795,1,水属性の味方全員のHPを10%回復する,advantage_creation,4,0.125,0,0,0,1,0,0.79,0,0,0,0.9121,0.000231
926,925,925,655,em-9467ad3af2e0,大杵社のユッフィー,water,R,19,1699,1699,5,2ターンの間、水属性の味方全員の攻撃力を200%増加させる,counteraction,4,0.125,0,0,0,1,0,0.85,0,0,0,0.9566,0.000242
927,926,926,541,em-1eb8ca42b88a,日南のモア蔵,water,N,14,3534,424,3,2ターンの間、攻撃を自身に集中させる(30%カット),advantage_creation,4,0.125,0,0,0,1,0,0.89,0,0,0,0.9739,0.000246
928,928,928,542,em-575ad888f045,スワン先生,water,N,5,400,380,6,味方全員のスキルカウントを1減少させる,ignored,4,0.125,0,0,0,1,0,0.87,0,0,0,0.9738,0.000246
929,931,931,543,em-11e2e69b2674,フクさん,water,N,5,400,500,3,1ターンの間、味方全員の属性を火属性に変更する,adaptive,4,0.125,0,0,0,1,0,0.86,0,0,0,0.9738,0.000246
930,933,933,546,em-d603cde2467a,ほたるーニャん,water,N,5,450,650,4,1ターンの間、味方全員の属性を風属性に変更する,adaptive,4,0.125,0,0.25,0,1,0,0.85,0,0,0,0.9737,0.000246
931,934,934,547,em-6cbfcc23cd10,発光大王ほたるーニャ,water,N,9,1057,1198,3,1ターンの間、味方全員の属性を風属性に変更する,adaptive,4,0.125,0,0,0,1,0,0.86,0,0,0,0.9736,0.000246
932,936,936,549,em-6f9254f46753,うわマジカ,water,N,4,450,650,4,1ターンの間、火属性の攻撃を自身に集中させる。(90%カット),advantage_creation,4,0.125,0,0,0,1,0,0.91,0,0,0,0.9735,0.000246
933,939,939,656,em-9ca244c83a38,ʤouカー＆ʧouカー,water,R,16,1510,2124,4,敵全員の攻撃カウントを1増加させる。,ignored,4,0.125,0,0,0,1,0,0.86,0,0,0,0.9557,0.000242
934,943,943,657,em-fea44f2a7dd8,だが男だ彦にゃん,fire_water,R,15,2793,1132,3,火属性の味方全員のスキルカウントを1減少させる,ignored,4,0.125,0,0,0,1,0,0.88,0,0,0,0.9556,0.000242
935,949,949,950,em-fd155a3410b2,鯰坊主と子供たち,water,MZR,45,5793,2130,3,1ターンの間、味方全員に風属性の敵からのダメージを90%軽減するシールドを与える,advantage_creation,4,0.125,0,0,0,1,0,0.84,0,0,0,0.5905,0.000149
936,950,950,951,em-cdd7690ef318,京都コーラマン,fire_water,MZR,59,5959,2800,4,1ターンの間、自身にダメージを96%軽減するシールドを与える,advantage_creation,4,0.125,0,0,0,1,0,0.86,0,0,0,0.5895,0.000149
937,953,953,660,em-6722337c6d78,雨降る倉敷のみかん姐,fire_water,R,15,2718,1963,4,1ターンの間、味方全員の攻撃が全体攻撃になる,counteraction,4,0.125,0,0,0,1,0,0.83,0,0,0,0.9552,0.000242
938,954,954,552,em-6572f5492885,ネオニート,water,N,6,330,306,6,1ターンの間、水属性の攻撃を自身に集中させる(99%カット),advantage_creation,4,0.125,0,0,0,1,0,0.81,0,0,0,0.973,0.000246
939,955,955,662,em-3850dfa89114,流浪の騎士,water,R,7,510,470,9,1ターンの間、水属性の攻撃を自身に集中させる(50%カット),advantage_creation,4,0.125,0,0,0,1,0,0.9,0,0,0,0.9549,0.000242
940,956,956,663,em-87d7d883c438,ニートエンペラー,all,R,10,459,565,7,2ターンの間、味方全員にダメージを80%軽減するシールドを与える,advantage_creation,4,0.125,0,0,0,1,0,0.86,0,0,0,0.9548,0.000242
941,957,957,554,em-407710659ecb,玄武ニート,water,N,4,330,320,6,2ターンの間、味方全員に水属性の敵からのダメージを40%軽減するシールドを与える,advantage_creation,4,0.125,0,0,0,1,0,0.82,0,0,0,0.9728,0.000246
942,958,958,952,em-7fe5a2875793,米倉英子(大学生),all,MZR,55,1,1,555,1ターンの間、自身の攻撃力を55555%増加させる,counteraction,4,0.125,0,0,0,1,0,0.9,0,0,0,0.5829,0.000147
943,862,862,791,em-f7e845fc0a39,鎌倉式ＤＢ２,water,CR,8,811,412,7,1ターンの間、攻撃を自身に集中させる(70%カット),advantage_creation,4,0,0,0,0,1,0,0.79,0,0,0,0.9077,0.00023
944,864,864,555,em-8ed9900f451e,めい子ちゃん,water,N,4,281,309,5,1ターンの間、風属性の攻撃を自身に集中させる(70%カット),advantage_creation,4,0,0,0,0,1,0,0.84,0,0,0,0.9725,0.000246
945,871,871,670,em-9fed59290cda,ユッフィー先生,water,R,15,800,800,5,2ターンの間、水属性の味方全員の攻撃力を120%増加させる,counteraction,4,0,0,0,0,1,0,0.82,0,0,0,0.954,0.000241
946,873,873,792,em-13af16d2213d,ににぎくん,water,CR,8,590,630,6,1ターンの間、水属性の味方全員の攻撃力を30%増加させる,counteraction,4,0,0,0,0,1,0,0.83,0,0,0,0.9068,0.000229
947,876,876,673,em-9999a53f68e1,牛タソ,water,R,5,500,50,3,1ターンの間、攻撃を自身に集中させる(60%カット),advantage_creation,4,0,0,0,0,1,0,0.83,0,0,0,0.9536,0.000241
948,878,878,674,em-d05fca3e00df,ほたるん,water,R,6,700,1000,3,1ターンの間、自身の属性を風属性に変更する,adaptive,4,0,0,0.25,0,1,0,0.76,0,0,0,0.9534,0.000241
949,883,883,557,em-a787bb59ceca,トキシッくん,water,N,5,600,500,4,死亡している火属性の味方全員を70%のHPで蘇らせる,advantage_creation,4,0,0,0,0,1,0,0.81,0,0,0,0.9719,0.000246
950,888,888,676,em-8d320a6b7512,いびるん,all,R,6,500,600,5,3ターンの間、攻撃をリーダーに集中させる(5%カット),advantage_creation,4,0,0,0,0,1,0,0.83,0,0,0,0.953,0.000241
951,893,893,677,em-f334c541bf84,納得ん★福曼荼羅,fire_water,R,17,1763,1860,2,1ターンの間、味方全員の属性を風属性に変更する,adaptive,4,0,0,0,0,1,0,0.84,0,0,0,0.9528,0.000241
952,900,900,953,em-73652bbd630f,ツノザヤ君とｱｲｺﾃﾞｼｮ,water,MZR,60,2044,5112,0,1ターンの間、味方全員に水属性の敵からのダメージを20%軽減するシールドを与える,advantage_creation,4,0,0,1,1,1,0,0.82,0,0,0,0.5693,0.000144
953,905,905,797,em-1a3ab3b1acf7,聖☆いんてぃないか,fire_water,CR,19,2817,2334,4,3ターンの間、自身の攻撃が全体攻撃になる,counteraction,4,0,0,0,0,1,0,0.81,0,0,0,0.9043,0.000229
954,907,907,680,em-ca4955abcfb2,水の供犠ぴよ子,water,R,4,120,120,0,なし,none,4,0,0,0,1,1,0,0.77,0,0,0,0.9521,0.000241
955,909,909,564,em-671838a10625,皐月ニート,water,N,4,614,614,6,水属性の味方全員のスキルカウントを1減少させる,ignored,4,0,0,0,0,1,0,0.87,0,0,0,0.9711,0.000246
956,922,922,566,em-7e127d8718a5,魔人エビユルゲ,water,N,4,410,370,3,1ターンの間、自身の属性を火属性に変更する,adaptive,4,0,0,0,0,1,0,0.87,0,0,0,0.9709,0.000246
957,927,927,682,em-30a1d9f3d52f,けねずさん,water,R,9,702,702,5,2ターンの間、味方全員に風属性の敵からのダメージを30%軽減するシールドを与える,advantage_creation,4,0,0,0,0,1,0,0.8,0,0,0,0.9512,0.000241
958,935,935,685,em-15b63ea7b4c3,タオるんさん先輩師匠,water,R,14,1510,2180,2,1ターンの間、水属性の攻撃を自身に集中させる。(50%カット),advantage_creation,4,0,0,0.25,0,1,0,0.81,0,0,0,0.9508,0.000241
959,940,940,687,em-484d995e3adb,くノ一！ヴォたん,water_wind,R,9,700,700,4,1ターンの間、攻撃をリーダーに集中させる(65%カット),advantage_creation,4,0,0,0.25,0,1,0,0.79,0,0,0,0.95,0.00024
