枠,順位,キャラID,名前,コスト,HP,Power,スキルターン,スキル種類,v7下限勝率,完成デッキ勝率,完成デッキコスト,残コスト,デッキ探索数,運用例採用,完成デッキ
1,1,em-08c96cb40803,ノローニャ・パイセン,43,5964,3410,1,attack_buff,0.4775,0.625,99,1,5,いいえ,ノローニャ・パイセン / 試作型おこしん / ホルトバージ君 / ????? / ネムりん
1,2,em-0784bb7beecf,ダリア・宮子・9,42,4771,4089,0,heal,0.4662,0.625,98,2,5,いいえ,ダリア・宮子・9 / 試作型おこしん / ホルトバージ君 / ????? / ネムりん
1,3,em-d368809aa822,ﾜﾙﾌﾟﾙｷﾞｽなメル子様,39,6560,3152,3,attribute_guard,0.4556,0.625,100,0,3,いいえ,ﾜﾙﾌﾟﾙｷﾞｽなメル子様 / 試作型おこしん / ホルトバージ君 / ????? / 眠里　不可緒
1,4,em-1749aff71419,ミシャグジさまさま,60,6986,3578,2,attack_buff,0.4456,0.625,100,0,4,いいえ,ミシャグジさまさま / 試作型おこしん / ????? / ɚすぃとあろま？ / ハリウッドナナコ師匠
1,5,em-4805525cb8a4,ｴﾝｾﾞﾘｯｸ☆エンゼル,60,6816,4771,3,heal,0.4456,0.625,100,0,4,いいえ,ｴﾝｾﾞﾘｯｸ☆エンゼル / 試作型おこしん / ????? / ɚすぃとあろま？ / ハリウッドナナコ師匠
1,6,em-ceb860c3dbdd,美姫お市,60,5964,2556,0,attack_buff,0.4456,0.625,100,0,4,いいえ,美姫お市 / 試作型おこしん / ????? / ɚすぃとあろま？ / ハリウッドナナコ師匠
1,7,em-1d6b42059506,レーティッシュ凛子,35,5623,3229,3,attack_buff,0.4375,0.6042,99,1,6,いいえ,レーティッシュ凛子 / トマティーナ少佐 / ホルトバージ君 / ????? / ネムりん
1,8,em-65efdfdd59b3,「ぼ」じゃなくてゔぉたん,40,4941,3408,1,attribute_change,0.4375,0.6042,100,0,4,いいえ,「ぼ」じゃなくてゔぉたん / 試作型おこしん / ホルトバージ君 / ????? / まそお姉ちゃん
1,9,em-e7f75bf37d9f,あっついさん,40,6134,2726,0,heal,0.42,0.5833,100,0,4,いいえ,あっついさん / 試作型おこしん / ホルトバージ君 / ????? / まそお姉ちゃん
1,10,em-7930454375ec,パラワン探検隊,18,3219,3333,4,aoe_attack,0.4178,0.6042,100,0,6,いいえ,パラワン探検隊 / モチノ・ウオ丸 / 試作型おこしん / みどりのたけしマン / 鎌倉式ＤＢ２涅槃型改
1,11,em-35db097208c5,勝斧・冠,60,6816,4089,1,attack_buff,0.4178,0.6042,100,0,4,いいえ,勝斧・冠 / 試作型おこしん / ????? / ɚすぃとあろま？ / ハリウッドナナコ師匠
1,12,em-dec390a52ee6,英国ストヘン技師,70,8861,4260,1,damage_reduction,0.4178,0.6042,100,0,3,いいえ,英国ストヘン技師 / 試作型おこしん / ＢＥＷ雪玉 / トキシッくんｵｯｽｵｯｽ / ハリウッドナナコ師匠
1,13,em-7a8534cb5af6,クレリゴス子様,41,6731,2951,3,guard,0.4097,0.5833,97,3,4,いいえ,クレリゴス子様 / 試作型おこしん / ホルトバージ君 / ????? / ネムりん
1,14,em-b97fa105ba34,うまうーさん♪,40,5793,3067,5,attribute_guard,0.4097,0.5833,99,1,4,いいえ,うまうーさん♪ / 総統エビユルゲ / ホルトバージ君 / ????? / 眠里　不可緒
1,15,em-b8168a7a90ca,大杉に願いを☆ミ,39,5129,3067,2,attribute_guard,0.4097,0.5833,100,0,3,いいえ,大杉に願いを☆ミ / 試作型おこしん / ホルトバージ君 / ????? / 眠里　不可緒
1,16,em-c87499b64151,ラパヌイ先生,45,6441,3067,4,guard,0.3999,0.5833,100,0,5,いいえ,ラパヌイ先生 / トマティーナ少佐 / ホルトバージ君 / ɚすぃとあろま？ / ハリウッドナナコ師匠
1,17,em-45d954b40bc4,ジェラする？かめ姫,60,4941,3237,3,multi_hit_attack,0.3999,0.5833,100,0,4,いいえ,ジェラする？かめ姫 / 試作型おこしん / ????? / ɚすぃとあろま？ / ハリウッドナナコ師匠
1,18,em-f9383e2e4919,ユハンヌスのサウナー,42,5231,3067,3,damage_reduction,0.3924,0.5625,98,2,5,いいえ,ユハンヌスのサウナー / 試作型おこしん / ホルトバージ君 / ????? / ネムりん
1,19,em-78c90c30a11c,夜光虫ほたるん,14,2265,3020,2,attribute_change,0.3924,0.5625,99,1,6,いいえ,夜光虫ほたるん / モチノ・ウオ丸 / ホルトバージ君 / ????? / 眠里　不可緒
1,20,em-5e6cf1fe4c4c,まそお姉ちゃん,15,2898,3059,5,attack_buff,0.3924,0.5625,100,0,6,いいえ,まそお姉ちゃん / モチノ・ウオ丸 / ホルトバージ君 / ????? / 眠里　不可緒
1,21,em-c736bc52077a,漱石先生と吾輩たち,15,1610,3461,5,skill_reduction,0.3924,0.5625,100,0,6,いいえ,漱石先生と吾輩たち / モチノ・ウオ丸 / ホルトバージ君 / ????? / 眠里　不可緒
1,22,em-710becd5b772,雪女フェス祭カーニバル,54,7497,2556,6,attribute_guard,0.3825,0.5625,100,0,4,いいえ,雪女フェス祭カーニバル / 試作型おこしん / ホルトバージ君 / おたべ妖精 / 実はこんにゃくちゃん
1,23,em-3600ec808f3f,日本海女中,15,1288,2898,0,attack_buff,0.3757,0.5417,100,0,6,いいえ,日本海女中 / モチノ・ウオ丸 / ホルトバージ君 / ????? / 眠里　不可緒
1,24,em-5284c689c7b6,ジャウー大先生,15,805,3220,4,skill_reduction,0.3757,0.5417,100,0,6,いいえ,ジャウー大先生 / モチノ・ウオ丸 / ホルトバージ君 / ????? / 眠里　不可緒
1,25,em-82e855b7910f,栗林掬太郎,33,5453,2385,4,heal,0.3655,0.5417,100,0,5,いいえ,栗林掬太郎 / モチノ・ウオ丸 / ホルトバージ君 / ＢＥＷ雪玉 / ハリウッドナナコ師匠
1,26,em-a97f49a1b6e8,篠島しらす子,41,5453,2726,5,skill_reduction,0.3655,0.5417,100,0,4,いいえ,篠島しらす子 / 総統エビユルゲ / ホルトバージ君 / ????? / 眠里　不可緒
1,27,em-bc2106c87bcd,?????,15,511,2811,3,damage_reduction,0.3559,0.5417,97,3,6,いいえ,????? / モチノ・ウオ丸 / 試作型おこしん / みどりのたけしマン / 鎌倉式ＤＢ２涅槃型改
1,28,em-f2a813466bbe,The★Youなリバ子,50,5770,3113,0,heal,0.3559,0.5417,100,0,4,いいえ,The★Youなリバ子 / 試作型おこしん / ホルトバージ君 / ????? / ハリウッドナナコ師匠
1,29,em-f5955c15b029,ばんば新年2026,60,7668,3438,1,attack_buff,0.3559,0.5417,100,0,4,いいえ,ばんば新年2026 / 試作型おこしん / ????? / ɚすぃとあろま？ / ハリウッドナナコ師匠
1,30,em-fcf6ec919e80,ｱﾙﾊﾟ力のお兄(父)さん,10,763,2205,3,heal,0.3491,0.5208,95,5,6,いいえ,ｱﾙﾊﾟ力のお兄(父)さん / モチノ・ウオ丸 / ホルトバージ君 / ????? / 眠里　不可緒
1,31,em-ed2bb6e12815,ラスコー原人,14,604,3624,1,attribute_change,0.3491,0.5208,99,1,6,いいえ,ラスコー原人 / モチノ・ウオ丸 / ホルトバージ君 / ????? / 眠里　不可緒
1,32,em-90b0d123f99e,かんきゅっちゃん,15,2817,2817,5,delay,0.3491,0.5208,100,0,6,いいえ,かんきゅっちゃん / モチノ・ウオ丸 / ホルトバージ君 / ????? / 眠里　不可緒
1,33,em-0592fa7cc27f,クェーサルと仲間たち,18,3542,2898,3,multi_hit_attack,0.3392,0.5208,92,8,6,いいえ,クェーサルと仲間たち / モチノ・ウオ丸 / ホルトバージ君 / ????? / ハリウッドナナコ師匠
1,34,em-2a26d74bb300,鮫っ子！フカオちゃん,21,4430,2996,5,attack_buff,0.3392,0.5208,95,5,6,いいえ,鮫っ子！フカオちゃん / モチノ・ウオ丸 / ホルトバージ君 / ????? / ハリウッドナナコ師匠
1,35,em-88028fdebb04,オペラハウス侯爵,24,3154,3177,3,revive,0.3392,0.5208,98,2,6,いいえ,オペラハウス侯爵 / モチノ・ウオ丸 / ホルトバージ君 / ????? / ハリウッドナナコ師匠
1,36,em-e4561d587562,幼心のデメ子さん,25,3178,4089,1,attribute_change,0.3392,0.5208,99,1,5,いいえ,幼心のデメ子さん / モチノ・ウオ丸 / ホルトバージ君 / ????? / ハリウッドナナコ師匠
1,37,em-f35caa7e177a,モンポスさん,40,5112,2556,4,damage_reduction,0.3392,0.5208,100,0,4,いいえ,モンポスさん / 試作型おこしん / ホルトバージ君 / ????? / まそお姉ちゃん
1,38,em-32538f7c8341,熊殺しのサンタマン,58,6560,4345,5,delay,0.3392,0.5208,100,0,4,いいえ,熊殺しのサンタマン / 試作型おこしん / ホルトバージ君 / おたべ妖精 / ハリウッドナナコ師匠
1,39,em-8d38e9c3aa92,オルカアタッカー虎子,70,9202,6134,1,attack_buff,0.3392,0.5208,100,0,3,いいえ,オルカアタッカー虎子 / 試作型おこしん / ＢＥＷ雪玉 / トキシッくんｵｯｽｵｯｽ / ハリウッドナナコ師匠
1,40,em-2a5e6ca1207c,ケーンクラちゃん,81,9713,4089,6,damage_reduction,0.3392,0.5208,100,0,2,いいえ,ケーンクラちゃん / 総統エビユルゲ / おあげさん / ズースくん / あろまちゃん
1,41,em-4c03ad40dce9,源のゴライコー,75,7923,6390,4,attack_buff,0.3299,0.5208,100,0,2,いいえ,源のゴライコー / のり男師匠 / 試作型おこしん / ズースさんとシーラさん / ズースくん
1,42,em-4f3eddbe87bf,キルワくん,17,2141,3226,1,attack_buff,0.323,0.5,91,9,6,いいえ,キルワくん / モチノ・ウオ丸 / ホルトバージ君 / ????? / ハリウッドナナコ師匠
1,43,em-a04fcf6167db,いはと先生,17,2093,3059,3,delay,0.323,0.5,91,9,6,いいえ,いはと先生 / モチノ・ウオ丸 / ホルトバージ君 / ????? / ハリウッドナナコ師匠
1,44,em-9e9fc5ee5a9c,深淵のエルフ,18,2537,3059,4,attack_buff,0.323,0.5,92,8,6,いいえ,深淵のエルフ / モチノ・ウオ丸 / ホルトバージ君 / ????? / ハリウッドナナコ師匠
1,45,em-ff5dd5331817,デメ子ちゃん,18,1704,3067,2,attribute_change,0.323,0.5,92,8,6,いいえ,デメ子ちゃん / モチノ・ウオ丸 / ホルトバージ君 / ????? / ハリウッドナナコ師匠
1,46,em-a07828a97733,降臨！いつくしーみん,19,1761,3381,1,attack_buff,0.323,0.5,93,7,6,いいえ,降臨！いつくしーみん / モチノ・ウオ丸 / ホルトバージ君 / ????? / ハリウッドナナコ師匠
1,47,em-33e6bfd45207,みさきパイセン,22,2737,3059,3,multi_hit_attack,0.323,0.5,96,4,6,いいえ,みさきパイセン / モチノ・ウオ丸 / ホルトバージ君 / ????? / ハリウッドナナコ師匠
1,48,em-898fce321115,にゅー師匠,22,1610,4186,1,guard,0.323,0.5,96,4,6,いいえ,にゅー師匠 / モチノ・ウオ丸 / ホルトバージ君 / ????? / ハリウッドナナコ師匠
1,49,em-fc0a4778a432,リチャード・リターンズ,23,2576,3220,5,aoe_attack,0.323,0.5,97,3,6,いいえ,リチャード・リターンズ / モチノ・ウオ丸 / ホルトバージ君 / ????? / ハリウッドナナコ師匠
1,50,em-c4c6b3b17960,青コリくんは怒らない,24,2350,3834,0,damage_reduction,0.323,0.5,98,2,6,いいえ,青コリくんは怒らない / モチノ・ウオ丸 / ホルトバージ君 / ????? / ハリウッドナナコ師匠
1,51,em-357427c8f331,反魂タン昼食TIME,27,3067,5623,4,attack_buff,0.323,0.5,98,2,6,いいえ,反魂タン昼食TIME / モチノ・ウオ丸 / 試作型おこしん / ????? / 眠里　不可緒
1,52,em-3a859cb07c11,こんぴらさん先輩,25,2898,2898,10,delay,0.323,0.5,99,1,5,いいえ,こんぴらさん先輩 / モチノ・ウオ丸 / ホルトバージ君 / ????? / ハリウッドナナコ師匠
1,53,em-314fadaf0ea9,オシラサマ,28,4260,3322,3,heal,0.323,0.5,99,1,6,いいえ,オシラサマ / モチノ・ウオ丸 / 試作型おこしん / ????? / 眠里　不可緒
1,54,em-4c8a3408455b,泳ぐカネヒラさん,28,3748,3408,2,attribute_change,0.323,0.5,99,1,6,いいえ,泳ぐカネヒラさん / モチノ・ウオ丸 / 試作型おこしん / ????? / 眠里　不可緒
1,55,em-b78d9042e361,サルパちゃん,28,4362,3748,2,multi_hit_attack,0.323,0.5,99,1,6,いいえ,サルパちゃん / モチノ・ウオ丸 / 試作型おこしん / ????? / 眠里　不可緒
1,56,em-cf2619ce2878,俺っち氷河,28,3864,3222,2,attribute_change,0.323,0.5,99,1,6,いいえ,俺っち氷河 / モチノ・ウオ丸 / 試作型おこしん / ????? / 眠里　不可緒
1,57,em-10c2721383dd,京子☆リフレッシュ,23,2035,3239,5,damage_reduction,0.323,0.5,100,0,6,いいえ,京子☆リフレッシュ / アレス暮らし / ホルトバージ君 / ????? / 眠里　不可緒
1,58,em-23638c0715eb,ばけごろう,30,1757,5743,1,attribute_change,0.323,0.5,100,0,5,いいえ,ばけごろう / モチノ・ウオ丸 / 試作型おこしん / ????? / まそお姉ちゃん
1,59,em-70a9a07ea8d9,うさ☆八幡さま,60,5964,5964,6,delay,0.323,0.5,100,0,4,いいえ,うさ☆八幡さま / 総統エビユルゲ / ホルトバージ君 / おたべ妖精 / ハリウッドナナコ師匠
1,60,em-4c764571b9ab,お稲荷様のパシリ,47,6816,3408,1,attack_buff,0.3135,0.5,97,3,4,いいえ,お稲荷様のパシリ / 試作型おこしん / ホルトバージ君 / ????? / ハリウッドナナコ師匠
1,61,em-95a2dbeaf4ea,神使！ナモミさま,18,805,4025,2,attack_buff,0.3135,0.5,98,2,6,いいえ,神使！ナモミさま / アレス暮らし / ホルトバージ君 / ????? / 鎌倉式ＤＢ２涅槃型改
1,62,em-bd35a359234a,ジョーカーくん,18,805,3935,3,skill_reduction,0.3135,0.5,98,2,6,いいえ,ジョーカーくん / アレス暮らし / ホルトバージ君 / ????? / 鎌倉式ＤＢ２涅槃型改
1,63,em-469fc4e70bad,エヴァンジェ・凛,48,5091,3428,5,heal,0.3135,0.5,98,2,4,いいえ,エヴァンジェ・凛 / 試作型おこしん / ホルトバージ君 / ????? / ハリウッドナナコ師匠
1,64,em-ad82a61bcc2a,ｺﾄﾖﾛ!巳ーちゃん様,55,6901,3451,4,damage_reduction,0.3135,0.5,98,2,3,いいえ,ｺﾄﾖﾛ!巳ーちゃん様 / 試作型おこしん / ホルトバージ君 / ＢＥＷ雪玉 / ハリウッドナナコ師匠
1,65,em-83b1d87342f9,コン美なん吉先生,20,882,3381,4,revive,0.3135,0.5,100,0,6,いいえ,コン美なん吉先生 / アレス暮らし / ホルトバージ君 / ????? / 鎌倉式ＤＢ２涅槃型改
1,66,em-c3d00c8f1bd5,竜馬は撃ちぬけない,30,4430,4430,1,attribute_change,0.3135,0.5,100,0,5,いいえ,竜馬は撃ちぬけない / モチノ・ウオ丸 / 試作型おこしん / ????? / まそお姉ちゃん
1,67,em-7fafc017f6f6,水蛭子リターンズ,43,6816,3408,7,revive,0.3074,0.4792,97,3,5,いいえ,水蛭子リターンズ / 総統エビユルゲ / ホルトバージ君 / ????? / ネムりん
1,68,em-7688ea925e5e,瑠璃ノ宮,27,3408,2726,1,damage_reduction,0.3074,0.4792,98,2,6,いいえ,瑠璃ノ宮 / モチノ・ウオ丸 / 試作型おこしん / ????? / 眠里　不可緒
1,69,em-3740a2113341,ぴぐぺん選手,22,950,3220,0,attribute_guard,0.3074,0.4792,99,1,6,いいえ,ぴぐぺん選手 / アレス暮らし / ホルトバージ君 / ????? / 眠里　不可緒
1,70,em-b0799e52d0a8,カヌーイング・ケベック,28,3674,2641,1,attack_buff,0.3074,0.4792,99,1,6,いいえ,カヌーイング・ケベック / モチノ・ウオ丸 / 試作型おこしん / ????? / 眠里　不可緒
1,71,em-1be59b60bcb4,アメンボ,30,2215,3919,0,attack_buff,0.3074,0.4792,99,1,5,いいえ,アメンボ / トマティーナ少佐 / ホルトバージ君 / ????? / 眠里　不可緒
1,72,em-07c5bc08f69e,朦朧ボディマンΩ,16,755,3020,10,multi_hit_attack,0.3074,0.4792,100,0,6,いいえ,朦朧ボディマンΩ / モチノ・ウオ丸 / ホルトバージ君 / ????? / まそお姉ちゃん
1,73,em-3776e81d3ee0,ヒポポタリーナ,23,3237,2862,3,multi_hit_attack,0.3074,0.4792,100,0,6,いいえ,ヒポポタリーナ / アレス暮らし / ホルトバージ君 / ????? / 眠里　不可緒
1,74,em-06ed1eae98fc,ソンな福ちゃん,31,3377,3377,1,attribute_change,0.3074,0.4792,100,0,5,いいえ,ソンな福ちゃん / トマティーナ少佐 / ホルトバージ君 / ????? / 眠里　不可緒
1,75,em-1bcd64d199fb,ケロッとる☆キング,31,1533,5708,2,attribute_change,0.3074,0.4792,100,0,6,いいえ,ケロッとる☆キング / トマティーナ少佐 / ホルトバージ君 / ????? / 眠里　不可緒
1,76,em-825d090d7d15,比保々田 真純,31,4601,3714,2,multi_hit_attack,0.3074,0.4792,100,0,5,いいえ,比保々田 真純 / トマティーナ少佐 / ホルトバージ君 / ????? / 眠里　不可緒
1,77,em-adcf70bfd425,2人はフェレナント君,37,2982,5964,1,attribute_change,0.3074,0.4792,100,0,5,いいえ,2人はフェレナント君 / アレス暮らし / ホルトバージ君 / 得琉田浜蔵 / ハリウッドナナコ師匠
1,78,em-9b1b7dceab8e,ブダ山ペスト太郎,40,6305,2044,0,damage_reduction,0.3044,0.5,99,1,4,いいえ,ブダ山ペスト太郎 / アレス暮らし / ホルトバージ君 / ＢＥＷ雪玉 / ハリウッドナナコ師匠
1,79,em-0dca19ae5992,降臨！天草トッキー,43,4260,5964,4,attack_buff,0.3044,0.5,99,1,5,いいえ,降臨！天草トッキー / アレス暮らし / ????? / ɚすぃとあろま？ / ハリウッドナナコ師匠
1,80,em-51bdb94ec3b1,熱ぅい！地獄雀,43,5964,3408,4,revive,0.3044,0.5,99,1,5,いいえ,熱ぅい！地獄雀 / アレス暮らし / ????? / ɚすぃとあろま？ / ハリウッドナナコ師匠
1,81,em-5ca14322a82d,蓮那由太郎,43,4771,3493,5,attack_buff,0.3044,0.5,99,1,5,いいえ,蓮那由太郎 / アレス暮らし / ????? / ɚすぃとあろま？ / ハリウッドナナコ師匠
1,82,em-9b97e564ea43,ユールシスター☆ノエルん,43,5523,4112,3,multi_hit_attack,0.3044,0.5,99,1,5,いいえ,ユールシスター☆ノエルん / アレス暮らし / ????? / ɚすぃとあろま？ / ハリウッドナナコ師匠
1,83,em-f3be7c12380c,魔女ランダ,44,3067,5623,2,attribute_change,0.3044,0.5,100,0,5,いいえ,魔女ランダ / アレス暮らし / ????? / ɚすぃとあろま？ / ハリウッドナナコ師匠
1,84,em-5a3998126178,TAGOのBOOTH,17,2896,2385,6,multi_hit_attack,0.2975,0.4792,91,9,6,いいえ,TAGOのBOOTH / モチノ・ウオ丸 / ホルトバージ君 / ????? / ハリウッドナナコ師匠
1,85,em-2e6716824578,横きゅっちゃん,19,2817,2817,5,delay,0.2975,0.4792,93,7,6,いいえ,横きゅっちゃん / モチノ・ウオ丸 / ホルトバージ君 / ????? / ハリウッドナナコ師匠
1,86,em-6b4ea2116a46,降臨先祖★ににぎくん,20,2334,2817,5,attack_buff,0.2975,0.4792,94,6,6,いいえ,降臨先祖★ににぎくん / モチノ・ウオ丸 / ホルトバージ君 / ????? / ハリウッドナナコ師匠
1,87,em-e9d9b60eefb1,鈴鹿忍者,20,1623,2189,5,skill_reduction,0.2975,0.4792,94,6,6,いいえ,鈴鹿忍者 / モチノ・ウオ丸 / ホルトバージ君 / ????? / ハリウッドナナコ師匠
1,88,em-7fe8d05d0c62,艶やかヤッコ,30,3135,3408,0,attribute_change,0.2975,0.4792,96,4,6,いいえ,艶やかヤッコ / アレス暮らし / ホルトバージ君 / ????? / ハリウッドナナコ師匠
1,89,em-dfa3c95f9720,雪童雪愛たん,17,2495,2656,1,attribute_change,0.2975,0.4792,97,3,6,いいえ,雪童雪愛たん / アレス暮らし / ホルトバージ君 / ????? / 鎌倉式ＤＢ２涅槃型改
1,90,em-1ab18da48960,白い悪魔の小町さん,24,3461,3300,5,aoe_attack,0.2975,0.4792,98,2,6,いいえ,白い悪魔の小町さん / モチノ・ウオ丸 / ホルトバージ君 / ????? / ハリウッドナナコ師匠
1,91,em-2325681e1b59,BON JOVE,24,3220,3220,5,aoe_attack,0.2975,0.4792,98,2,6,いいえ,BON JOVE / モチノ・ウオ丸 / ホルトバージ君 / ????? / ハリウッドナナコ師匠
1,92,em-904dc3a6cb19,ɚすぃとLulu？,24,4260,2726,3,guard,0.2975,0.4792,98,2,6,いいえ,ɚすぃとLulu？ / モチノ・ウオ丸 / ホルトバージ君 / ????? / ハリウッドナナコ師匠
1,93,em-089a6280b9d6,御嶽さん,32,5112,3067,4,aoe_attack,0.2975,0.4792,98,2,5,いいえ,御嶽さん / アレス暮らし / ホルトバージ君 / ????? / ハリウッドナナコ師匠
1,94,em-1c28be3f3366,モンさんミッシェル,32,3748,5623,8,multi_hit_attack,0.2975,0.4792,98,2,5,いいえ,モンさんミッシェル / アレス暮らし / ホルトバージ君 / ????? / ハリウッドナナコ師匠
1,95,em-24d6f242799c,大浜美波さん,32,3748,3408,5,revive,0.2975,0.4792,98,2,5,いいえ,大浜美波さん / アレス暮らし / ホルトバージ君 / ????? / ハリウッドナナコ師匠
1,96,em-6b8007792f3c,因幡WAHHH!!,32,3578,4771,4,attack_buff,0.2975,0.4792,98,2,5,いいえ,因幡WAHHH!! / アレス暮らし / ホルトバージ君 / ????? / ハリウッドナナコ師匠
1,97,em-8b710fe84fda,モチノ・ウオ丸,32,3902,3254,1,attack_buff,0.2975,0.4792,98,2,5,いいえ,モチノ・ウオ丸 / アレス暮らし / ホルトバージ君 / ????? / ハリウッドナナコ師匠
1,98,em-96a3648b46e2,チョコ染めの安井さん,32,3646,4089,3,guard,0.2975,0.4792,98,2,5,いいえ,チョコ染めの安井さん / アレス暮らし / ホルトバージ君 / ????? / ハリウッドナナコ師匠
1,99,em-d1302899cad6,ナポレオーヌ一世,32,3512,2930,1,attack_buff,0.2975,0.4792,98,2,5,いいえ,ナポレオーヌ一世 / アレス暮らし / ホルトバージ君 / ????? / ハリウッドナナコ師匠
1,100,em-2f9e3ad50fc8,やまなしーヌの心,25,2415,2576,3,skill_reduction,0.2975,0.4792,99,1,5,いいえ,やまなしーヌの心 / モチノ・ウオ丸 / ホルトバージ君 / ????? / ハリウッドナナコ師匠
1,101,em-679b3b1b58a8,シャフとリサブス,25,2944,3548,1,heal,0.2975,0.4792,99,1,5,いいえ,シャフとリサブス / モチノ・ウオ丸 / ホルトバージ君 / ????? / ハリウッドナナコ師匠
1,102,em-a93e62a47cbd,ホレズ先生,25,3494,3043,6,revive,0.2975,0.4792,99,1,5,いいえ,ホレズ先生 / モチノ・ウオ丸 / ホルトバージ君 / ????? / ハリウッドナナコ師匠
1,103,em-c3c3a8e92b71,仮面のいはと先生,25,2095,3063,3,delay,0.2975,0.4792,99,1,5,いいえ,仮面のいはと先生 / モチノ・ウオ丸 / ホルトバージ君 / ????? / ハリウッドナナコ師匠
1,104,em-c42ef00ed018,ｗｗナレースワンｗｗ,25,2560,2584,4,delay,0.2975,0.4792,99,1,5,いいえ,ｗｗナレースワンｗｗ / モチノ・ウオ丸 / ホルトバージ君 / ????? / ハリウッドナナコ師匠
1,105,em-ecc88d69f40d,恋愛成就☆どうしん様,25,2649,2504,1,heal,0.2975,0.4792,99,1,5,いいえ,恋愛成就☆どうしん様 / モチノ・ウオ丸 / ホルトバージ君 / ????? / ハリウッドナナコ師匠
1,106,em-c8ed16119cbe,ヴェルラの木こり,28,3014,3162,2,guard,0.2975,0.4792,99,1,6,いいえ,ヴェルラの木こり / モチノ・ウオ丸 / ホルトバージ君 / ＢＥＷ雪玉 / 実はこんにゃくちゃん
1,107,em-28c6b952551d,海の昇竜貫,33,4601,3408,2,attack_buff,0.2975,0.4792,99,1,5,いいえ,海の昇竜貫 / アレス暮らし / ホルトバージ君 / ????? / ハリウッドナナコ師匠
1,108,em-52de8bb54262,ボビンちゃん,33,3748,4771,3,damage_reduction,0.2975,0.4792,99,1,5,いいえ,ボビンちゃん / アレス暮らし / ホルトバージ君 / ????? / ハリウッドナナコ師匠
1,109,em-5d063141c6e0,ブルーフェイス姐さん,33,3919,4260,0,attribute_change,0.2975,0.4792,99,1,5,いいえ,ブルーフェイス姐さん / アレス暮らし / ホルトバージ君 / ????? / ハリウッドナナコ師匠
1,110,em-bd98030ead3e,首領子襲来!!,33,5680,3786,4,heal,0.2975,0.4792,99,1,5,いいえ,首領子襲来!! / アレス暮らし / ホルトバージ君 / ????? / ハリウッドナナコ師匠
1,111,em-ba817035b6a5,ハクさんの本気,38,4601,4089,5,attack_buff,0.2975,0.4792,99,1,5,いいえ,ハクさんの本気 / 試作型おこしん / ホルトバージ君 / ????? / 眠里　不可緒
1,112,em-583f38470462,さくらエビライダー,26,2414,2414,2,attribute_change,0.2975,0.4792,100,0,5,いいえ,さくらエビライダー / モチノ・ウオ丸 / ホルトバージ君 / ????? / ハリウッドナナコ師匠
1,113,em-53fae101e208,水海　月,34,3288,4260,1,attribute_guard,0.2975,0.4792,100,0,5,いいえ,水海　月 / アレス暮らし / ホルトバージ君 / ????? / ハリウッドナナコ師匠
1,114,em-72f5e94185a5,MAIKOちゃん,34,3834,3834,6,attribute_guard,0.2975,0.4792,100,0,5,いいえ,MAIKOちゃん / アレス暮らし / ホルトバージ君 / ????? / ハリウッドナナコ師匠
1,115,em-501834a284b1,加賀友☆禅野さん,38,4175,4771,2,attribute_change,0.2975,0.4792,100,0,4,いいえ,加賀友☆禅野さん / アレス暮らし / ホルトバージ君 / おたべ妖精 / 実はこんにゃくちゃん
1,116,em-6262a008b5c9,脱力コンビあろま＆るる,38,3067,5623,2,skill_reduction,0.2975,0.4792,100,0,4,いいえ,脱力コンビあろま＆るる / アレス暮らし / ホルトバージ君 / おたべ妖精 / 実はこんにゃくちゃん
1,117,em-75c1af17d152,浴衣美人な日女路嬢,38,5623,3748,3,heal,0.2975,0.4792,100,0,4,いいえ,浴衣美人な日女路嬢 / アレス暮らし / ホルトバージ君 / おたべ妖精 / 実はこんにゃくちゃん
1,118,em-7747ea5c5a73,諏訪子成長期,38,3067,5623,3,multi_hit_attack,0.2975,0.4792,100,0,5,いいえ,諏訪子成長期 / アレス暮らし / ホルトバージ君 / おたべ妖精 / 実はこんにゃくちゃん
1,119,em-a66d3edc0ac1,水戸Come On!,38,3493,3237,4,delay,0.2975,0.4792,100,0,4,いいえ,水戸Come On! / アレス暮らし / ホルトバージ君 / おたべ妖精 / 実はこんにゃくちゃん
1,120,em-f3ce9865b46f,BeasT5,38,4116,4664,7,delay,0.2975,0.4792,100,0,4,いいえ,BeasT5 / アレス暮らし / ホルトバージ君 / おたべ妖精 / 実はこんにゃくちゃん
1,121,em-f895c0235d10,アスクとエムブラ,38,2737,4508,5,guard,0.2975,0.4792,100,0,4,いいえ,アスクとエムブラ / アレス暮らし / ホルトバージ君 / おたべ妖精 / 実はこんにゃくちゃん
1,122,em-fca49f3752f8,電波姫☆いまりちゃん,38,3919,4260,3,delay,0.2975,0.4792,100,0,4,いいえ,電波姫☆いまりちゃん / アレス暮らし / ホルトバージ君 / おたべ妖精 / 実はこんにゃくちゃん
1,123,em-5a81e8231a65,宗像スリーピース,39,4601,4089,5,aoe_attack,0.2975,0.4792,100,0,4,いいえ,宗像スリーピース / 試作型おこしん / ホルトバージ君 / ????? / 眠里　不可緒
1,124,em-3deff3291fd4,有閑カノープス,70,5112,6816,2,attribute_change,0.2975,0.4792,100,0,3,いいえ,有閑カノープス / 試作型おこしん / ＢＥＷ雪玉 / トキシッくんｵｯｽｵｯｽ / ハリウッドナナコ師匠
1,125,em-3e2d46063b3e,なっとくん様,70,8026,4618,1,skill_reduction,0.2975,0.4792,100,0,3,いいえ,なっとくん様 / 試作型おこしん / ＢＥＷ雪玉 / トキシッくんｵｯｽｵｯｽ / ハリウッドナナコ師匠
1,126,em-251adb8af3dc,にくぁう餃子権現,30,1365,3638,4,attack_buff,0.2924,0.4583,99,1,6,いいえ,にくぁう餃子権現 / トマティーナ少佐 / ホルトバージ君 / ????? / 眠里　不可緒
1,127,em-2c6fd048179d,ジョン・鮭児,23,1448,2726,0,attack_buff,0.2924,0.4583,100,0,6,いいえ,ジョン・鮭児 / アレス暮らし / ホルトバージ君 / ????? / 眠里　不可緒
1,128,em-a6fe320c7afa,戸隠忍者はハント中,31,937,5027,1,attack_buff,0.2924,0.4583,100,0,5,いいえ,戸隠忍者はハント中 / トマティーナ少佐 / ホルトバージ君 / ????? / 眠里　不可緒
1,129,em-79322ee550e2,スーパーににぎ状態,60,5623,4430,5,attack_buff,0.2924,0.4583,100,0,4,いいえ,スーパーににぎ状態 / 総統エビユルゲ / 試作型おこしん / ????? / ネムりん
1,130,em-ba3e87e06882,ぴよ子ファーザー,20,357,3577,4,attack_buff,0.2882,0.4792,100,0,6,いいえ,ぴよ子ファーザー / アレス暮らし / ホルトバージ君 / ????? / 鎌倉式ＤＢ２涅槃型改
1,131,em-1eb5e932843b,ダンブッラの蘭,38,5112,3578,2,damage_reduction,0.2882,0.4792,100,0,4,いいえ,ダンブッラの蘭 / アレス暮らし / 試作型おこしん / ????? / まそお姉ちゃん
1,132,em-d5ea84224259,ﾌﾗﾝﾀﾞｰｽのわんわんお,38,5538,3190,3,guard,0.2882,0.4792,100,0,4,いいえ,ﾌﾗﾝﾀﾞｰｽのわんわんお / アレス暮らし / 試作型おこしん / ????? / まそお姉ちゃん
1,133,em-05c5072dc080,橘の元祖☆みっちー,75,9798,4515,4,skill_reduction,0.2882,0.4792,100,0,2,いいえ,橘の元祖☆みっちー / のり男師匠 / 試作型おこしん / ズースさんとシーラさん / ズースくん
1,134,em-00734b7bf0e4,アパカ☆アイガー師匠,16,1551,2733,1,attack_buff,0.2822,0.4583,90,10,6,いいえ,アパカ☆アイガー師匠 / モチノ・ウオ丸 / ホルトバージ君 / ????? / ハリウッドナナコ師匠
1,135,em-8f7b014ebd06,すわ子isGOD！,18,2254,2737,2,multi_hit_attack,0.2822,0.4583,92,8,6,いいえ,すわ子isGOD！ / モチノ・ウオ丸 / ホルトバージ君 / ????? / ハリウッドナナコ師匠
1,136,em-eb9cb098a2c1,加留多ヘナ造,18,2898,2737,2,damage_reduction,0.2822,0.4583,92,8,6,いいえ,加留多ヘナ造 / モチノ・ウオ丸 / ホルトバージ君 / ????? / ハリウッドナナコ師匠
1,137,em-49cfaec18be0,富士五子ＢＴ５,20,2415,2737,6,delay,0.2822,0.4583,94,6,6,いいえ,富士五子ＢＴ５ / モチノ・ウオ丸 / ホルトバージ君 / ????? / ハリウッドナナコ師匠
1,138,em-bbda291d459c,漆黒及び純白のポワン,20,1704,2896,3,guard,0.2822,0.4583,94,6,6,いいえ,漆黒及び純白のポワン / モチノ・ウオ丸 / ホルトバージ君 / ????? / ハリウッドナナコ師匠
1,139,em-12386dff9bd5,サリエリ許さないマン,21,2827,2827,4,revive,0.2822,0.4583,95,5,6,いいえ,サリエリ許さないマン / モチノ・ウオ丸 / ホルトバージ君 / ????? / ハリウッドナナコ師匠
1,140,em-05de078a2e7c,幼妻！エンゼルちゃん,22,1993,2913,3,heal,0.2822,0.4583,96,4,6,いいえ,幼妻！エンゼルちゃん / モチノ・ウオ丸 / ホルトバージ君 / ????? / ハリウッドナナコ師匠
1,141,em-81078d011501,年齢不詳！エンゼル様,22,2215,3237,3,heal,0.2822,0.4583,96,4,6,いいえ,年齢不詳！エンゼル様 / モチノ・ウオ丸 / ホルトバージ君 / ????? / ハリウッドナナコ師匠
1,142,em-b7b738711fb0,ちくわサンド,23,2817,2656,2,attack_buff,0.2822,0.4583,97,3,6,いいえ,ちくわサンド / モチノ・ウオ丸 / ホルトバージ君 / ????? / ハリウッドナナコ師匠
1,143,em-3c1078996c9c,めい子のNEW DAY,25,2760,2862,4,attribute_guard,0.2822,0.4583,97,3,5,いいえ,めい子のNEW DAY / 試作型おこしん / ホルトバージ君 / みどりのたけしマン / 鎌倉式ＤＢ２涅槃型改
1,144,em-4ae7fba92e2c,アデヤッコちゃん,27,2351,2556,0,attribute_change,0.2822,0.4583,98,2,6,いいえ,アデヤッコちゃん / モチノ・ウオ丸 / 試作型おこしん / ????? / 眠里　不可緒
1,145,em-0183a7a13db2,かーたん・べーり,32,4089,4089,5,attribute_guard,0.2822,0.4583,98,2,5,いいえ,かーたん・べーり / アレス暮らし / ホルトバージ君 / ????? / ハリウッドナナコ師匠
1,146,em-4efe36123302,輝け☆椛マン！,35,4260,3408,3,heal,0.2822,0.4583,98,2,6,いいえ,輝け☆椛マン！ / アレス暮らし / ホルトバージ君 / 得琉田浜蔵 / ハリウッドナナコ師匠
1,147,em-afce812f791d,めい子のMAY DAY,35,4123,4226,4,attribute_guard,0.2822,0.4583,98,2,6,いいえ,めい子のMAY DAY / アレス暮らし / ホルトバージ君 / 得琉田浜蔵 / ハリウッドナナコ師匠
1,148,em-9d5a58645c8c,カロニスタ・ヴェニ子,37,4444,4444,2,attack_buff,0.2822,0.4583,98,2,5,いいえ,カロニスタ・ヴェニ子 / 試作型おこしん / ホルトバージ君 / ????? / 眠里　不可緒
1,149,em-a7fc49aa8c73,広報担当：アッシュ,37,5112,3748,2,attribute_guard,0.2822,0.4583,98,2,5,いいえ,広報担当：アッシュ / 試作型おこしん / ホルトバージ君 / ????? / 眠里　不可緒
1,150,em-13df10c62ab6,MUNAKATA,42,5453,4089,6,aoe_attack,0.2822,0.4583,98,2,5,いいえ,MUNAKATA / 試作型おこしん / ホルトバージ君 / ????? / ネムりん
1,151,em-6de5eba89049,天孫降臨ににぎくん,25,2334,2817,5,attack_buff,0.2822,0.4583,99,1,5,いいえ,天孫降臨ににぎくん / モチノ・ウオ丸 / ホルトバージ君 / ????? / ハリウッドナナコ師匠
1,152,em-a81a753351d9,戸定梨香,28,3216,3534,4,revive,0.2822,0.4583,99,1,6,いいえ,戸定梨香 / モチノ・ウオ丸 / 試作型おこしん / ????? / 眠里　不可緒
1,153,em-cf78c5cc3134,オタテカモ次郎,28,4186,3059,2,attribute_change,0.2822,0.4583,99,1,6,いいえ,オタテカモ次郎 / モチノ・ウオ丸 / 試作型おこしん / ????? / 眠里　不可緒
1,154,em-e9b3dc6478a4,アヌラさま,33,2495,2978,2,attribute_guard,0.2822,0.4583,99,1,5,いいえ,アヌラさま / アレス暮らし / ホルトバージ君 / ????? / ハリウッドナナコ師匠
1,155,em-01a16cce900c,伝説のロロちゃん,35,3748,3067,5,attack_buff,0.2822,0.4583,99,1,6,いいえ,伝説のロロちゃん / アレス暮らし / ホルトバージ君 / トキシッくんｵｯｽｵｯｽ / 実はこんにゃくちゃん
1,156,em-0e6d3baf12ca,ネギ少女じゅんちゃん,36,3544,3544,1,heal,0.2822,0.4583,99,1,6,いいえ,ネギ少女じゅんちゃん / アレス暮らし / ホルトバージ君 / 得琉田浜蔵 / ハリウッドナナコ師匠
1,157,em-7a58e59098c4,森神ブーナッド,36,4941,3408,2,heal,0.2822,0.4583,99,1,6,いいえ,森神ブーナッド / アレス暮らし / ホルトバージ君 / 得琉田浜蔵 / ハリウッドナナコ師匠
1,158,em-d9e193a7c929,斑鳩の太子くん,36,4260,2896,2,heal,0.2822,0.4583,99,1,6,いいえ,斑鳩の太子くん / アレス暮らし / ホルトバージ君 / 得琉田浜蔵 / ハリウッドナナコ師匠
1,159,em-68afa2dec462,みどりのたけしマン,23,2592,2432,3,damage_reduction,0.2822,0.4583,100,0,6,いいえ,みどりのたけしマン / アレス暮らし / ホルトバージ君 / ????? / 眠里　不可緒
1,160,em-6c5a2955b199,ほぼネ甲ネイ・テウケ,26,3059,2737,2,attack_buff,0.2822,0.4583,100,0,5,いいえ,ほぼネ甲ネイ・テウケ / モチノ・ウオ丸 / ホルトバージ君 / ????? / ハリウッドナナコ師匠
1,161,em-65cc0d6a4bcc,TAGIの映画祭,31,3748,2726,5,multi_hit_attack,0.2822,0.4583,100,0,6,いいえ,TAGIの映画祭 / トマティーナ少佐 / ホルトバージ君 / ????? / 眠里　不可緒
1,162,em-322b7fbdab7e,むろまち様,34,2556,5112,7,aoe_attack,0.2822,0.4583,100,0,5,いいえ,むろまち様 / アレス暮らし / ホルトバージ君 / ????? / ハリウッドナナコ師匠
1,163,em-42c90dd17240,GSPS！秀郷先生,34,3578,4601,2,attack_buff,0.2822,0.4583,100,0,5,いいえ,GSPS！秀郷先生 / アレス暮らし / ホルトバージ君 / ????? / ハリウッドナナコ師匠
1,164,em-df40dba7c56a,高野さん,34,4089,4089,5,skill_reduction,0.2822,0.4583,100,0,5,いいえ,高野さん / アレス暮らし / ホルトバージ君 / ????? / ハリウッドナナコ師匠
1,165,em-0bcb369cdcd9,キタキツネの神様,36,3748,4771,3,attack_buff,0.2822,0.4583,100,0,6,いいえ,キタキツネの神様 / アレス暮らし / ホルトバージ君 / トキシッくんｵｯｽｵｯｽ / 実はこんにゃくちゃん
1,166,em-7c8471edf1df,ハロハロ☆ナモミさま,36,2556,4260,2,attack_buff,0.2822,0.4583,100,0,6,いいえ,ハロハロ☆ナモミさま / アレス暮らし / ホルトバージ君 / トキシッくんｵｯｽｵｯｽ / 実はこんにゃくちゃん
1,167,em-a74603ad2679,白虎,36,5112,3408,4,attack_buff,0.2822,0.4583,100,0,6,いいえ,白虎 / アレス暮らし / ホルトバージ君 / トキシッくんｵｯｽｵｯｽ / 実はこんにゃくちゃん
1,168,em-ec5b8324ab06,袴着！いつくしーみん,36,3401,3401,2,attack_buff,0.2822,0.4583,100,0,6,いいえ,袴着！いつくしーみん / アレス暮らし / ホルトバージ君 / トキシッくんｵｯｽｵｯｽ / 実はこんにゃくちゃん
1,169,em-5f311c45014a,パーントゥ大先生,37,2409,4819,3,attack_buff,0.2822,0.4583,100,0,5,いいえ,パーントゥ大先生 / アレス暮らし / ホルトバージ君 / 得琉田浜蔵 / ハリウッドナナコ師匠
1,170,em-09a7a163b0cd,沼南ぱモーセ,38,2556,5623,2,attack_buff,0.2822,0.4583,100,0,4,いいえ,沼南ぱモーセ / アレス暮らし / ホルトバージ君 / おたべ妖精 / 実はこんにゃくちゃん
1,171,em-4d9586371e6c,鞭・打つ子さん,38,4106,4106,3,multi_hit_attack,0.2822,0.4583,100,0,4,いいえ,鞭・打つ子さん / アレス暮らし / ホルトバージ君 / おたべ妖精 / 実はこんにゃくちゃん
1,172,em-23b2ea75fccd,金野デメ子さん,39,4430,5112,0,attribute_change,0.2822,0.4583,100,0,4,いいえ,金野デメ子さん / 試作型おこしん / ホルトバージ君 / ????? / 眠里　不可緒
1,173,em-4819d53ddb48,ブハラ師匠,39,5708,3237,3,heal,0.2822,0.4583,100,0,3,いいえ,ブハラ師匠 / 試作型おこしん / ホルトバージ君 / ????? / 眠里　不可緒
1,174,em-37ae218b7e9e,有砂小町,40,5112,5112,7,skill_reduction,0.2822,0.4583,100,0,4,いいえ,有砂小町 / 試作型おこしん / ホルトバージ君 / ????? / まそお姉ちゃん
1,175,em-47c29240fd33,大晦日のネギそば給仕少女,40,3834,3834,2,guard,0.2822,0.4583,100,0,4,いいえ,大晦日のネギそば給仕少女 / アレス暮らし / ホルトバージ君 / トキシッくんｵｯｽｵｯｽ / ハリウッドナナコ師匠
1,176,em-7aeb7561c788,ににぎのミコト,50,4941,3748,5,attack_buff,0.2822,0.4583,100,0,4,いいえ,ににぎのミコト / 試作型おこしん / ホルトバージ君 / ????? / ハリウッドナナコ師匠
1,177,em-a5655f550318,眠れる海のネムリん,60,7327,5282,5,attack_buff,0.2822,0.4583,100,0,4,いいえ,眠れる海のネムリん / 総統エビユルゲ / ホルトバージ君 / おたべ妖精 / ハリウッドナナコ師匠
1,178,em-45aa4b2348d2,鬼一方眼,80,12780,3578,5,attack_buff,0.2822,0.4583,100,0,2,いいえ,鬼一方眼 / ケラマ☆マジカ / おあげさん / ズースくん / あろまちゃん
1,179,em-80894fcaa10c,とんこつ神！博多美子,40,4089,5350,3,attack_buff,0.2726,0.4583,98,2,4,いいえ,とんこつ神！博多美子 / アレス暮らし / 試作型おこしん / ????? / ネムりん
1,180,em-83c97b8f4e6e,アルルのキャミー,40,4001,6236,4,heal,0.2726,0.4583,98,2,4,いいえ,アルルのキャミー / アレス暮らし / 試作型おこしん / ????? / ネムりん
1,181,em-96c4c1bf7f87,畳リーゼントの御頭,40,4345,4345,2,attack_buff,0.2726,0.4583,98,2,4,いいえ,畳リーゼントの御頭 / アレス暮らし / 試作型おこしん / ????? / ネムりん
1,182,em-cd5bbd27a3ee,熊とか絶対殺すマン,40,4086,4771,5,delay,0.2726,0.4583,98,2,4,いいえ,熊とか絶対殺すマン / アレス暮らし / 試作型おこしん / ????? / ネムりん
1,183,em-0e45f68a7bc6,ツノザヤ君は腕ﾌﾘﾁｭｳ,27,34,2688,0,damage_reduction,0.2726,0.4583,99,1,6,いいえ,ツノザヤ君は腕ﾌﾘﾁｭｳ / 試作型おこしん / ホルトバージ君 / みどりのたけしマン / 鎌倉式ＤＢ２涅槃型改
1,184,em-2ddce7bebb05,ツノザヤ君は握手ﾁｭｳ,27,37,3023,0,damage_reduction,0.2726,0.4583,99,1,6,いいえ,ツノザヤ君は握手ﾁｭｳ / 試作型おこしん / ホルトバージ君 / みどりのたけしマン / 鎌倉式ＤＢ２涅槃型改
1,185,em-e85f4ced46d6,ツノザヤ君は脳天気,27,43,3360,0,damage_reduction,0.2726,0.4583,99,1,6,いいえ,ツノザヤ君は脳天気 / 試作型おこしん / ホルトバージ君 / みどりのたけしマン / 鎌倉式ＤＢ２涅槃型改
1,186,em-5cd1890be20b,イーネちゃんの舟屋,41,3748,4771,1,guard,0.2726,0.4583,99,1,4,いいえ,イーネちゃんの舟屋 / アレス暮らし / 試作型おこしん / ????? / ネムりん
1,187,em-6ceef8f285a4,可愛馬！真純ちゃん,41,5964,4566,2,multi_hit_attack,0.2726,0.4583,99,1,4,いいえ,可愛馬！真純ちゃん / アレス暮らし / 試作型おこしん / ????? / ネムりん
1,188,em-c6a0a8b51afe,ライオットうお太,41,3152,4175,4,damage_reduction,0.2726,0.4583,99,1,4,いいえ,ライオットうお太 / アレス暮らし / 試作型おこしん / ????? / ネムりん
1,189,em-34ff44ed1803,富士さんは魔女,42,5112,4260,4,revive,0.2726,0.4583,100,0,5,いいえ,富士さんは魔女 / アレス暮らし / 試作型おこしん / ????? / ネムりん
1,190,em-418076b2d218,イシマンガリソ先輩,42,5367,3067,1,attribute_guard,0.2726,0.4583,100,0,5,いいえ,イシマンガリソ先輩 / アレス暮らし / 試作型おこしん / ????? / ネムりん
1,191,em-4e77469f1fc4,綺麗な金平さん,42,5112,4260,1,attribute_change,0.2726,0.4583,100,0,5,いいえ,綺麗な金平さん / アレス暮らし / 試作型おこしん / ????? / ネムりん
1,192,em-4f7f91fb4514,うどんの天使,42,3067,3748,1,attack_buff,0.2726,0.4583,100,0,5,いいえ,うどんの天使 / アレス暮らし / 試作型おこしん / ????? / ネムりん
1,193,em-5819b668aba5,ﾌﾗｲﾝｸﾞ･ﾀﾞｯﾁさん,41,3403,4601,5,delay,0.2674,0.4375,97,3,4,いいえ,ﾌﾗｲﾝｸﾞ･ﾀﾞｯﾁさん / 試作型おこしん / ホルトバージ君 / ????? / ネムりん
1,194,em-d25a7727f654,プラハ嬢,32,1482,4991,4,damage_reduction,0.2674,0.4375,98,2,4,いいえ,プラハ嬢 / モチノ・ウオ丸 / 試作型おこしん / ????? / ネムりん
1,195,em-419c23e0ec81,新生☆ＢＴ５!!,35,3287,3615,3,damage_reduction,0.2674,0.4375,98,2,6,いいえ,新生☆ＢＴ５!! / アレス暮らし / ホルトバージ君 / 得琉田浜蔵 / ハリウッドナナコ師匠
1,196,em-90c9b7a939a7,九十九里流,37,2982,5112,4,attack_buff,0.2674,0.4375,98,2,5,いいえ,九十九里流 / 試作型おこしん / ホルトバージ君 / ????? / 眠里　不可緒
1,197,em-2c71a7740b67,エルチェの椰子少女,42,4601,4601,5,attack_buff,0.2674,0.4375,98,2,5,いいえ,エルチェの椰子少女 / 試作型おこしん / ホルトバージ君 / ????? / ネムりん
1,198,em-814151a5ca65,登別ッキー,35,2556,6134,2,skill_reduction,0.2674,0.4375,99,1,6,いいえ,登別ッキー / トマティーナ少佐 / ホルトバージ君 / ????? / ネムりん
1,199,em-1eee6f61a8bd,キングな勝斧さん,31,4601,2726,1,attack_buff,0.2674,0.4375,100,0,5,いいえ,キングな勝斧さん / トマティーナ少佐 / ホルトバージ君 / ????? / 眠里　不可緒
1,200,em-d67f8f409078,芋神よしあき,31,4130,2753,2,multi_hit_attack,0.2674,0.4375,100,0,5,いいえ,芋神よしあき / トマティーナ少佐 / ホルトバージ君 / ????? / 眠里　不可緒
1,201,em-f8e6761b2883,青龍,36,1704,6816,3,attack_buff,0.2674,0.4375,100,0,6,いいえ,青龍 / トマティーナ少佐 / ホルトバージ君 / ????? / ネムりん
1,202,em-78804a795640,ズンビージョンきゅん,39,1448,4771,6,revive,0.2674,0.4375,100,0,3,いいえ,ズンビージョンきゅん / 試作型おこしん / ホルトバージ君 / ????? / 眠里　不可緒
1,203,em-d295de1e4086,海の日シスターズ♪,40,3823,4657,4,attack_buff,0.2674,0.4375,100,0,5,いいえ,海の日シスターズ♪ / アレス暮らし / ホルトバージ君 / トキシッくんｵｯｽｵｯｽ / ハリウッドナナコ師匠
1,204,em-64fa899f397f,ダル飯☆杏,44,5896,3340,4,guard,0.2674,0.4375,100,0,6,いいえ,ダル飯☆杏 / 試作型おこしん / ホルトバージ君 / ????? / ネムりん
1,205,em-49b522eac464,ジェヴォたんは狼？,43,3006,6022,4,multi_hit_attack,0.2644,0.4167,99,1,5,いいえ,ジェヴォたんは狼？ / 試作型おこしん / ホルトバージ君 / ????? / ネムりん
1,206,em-2c2759ede728,?????,44,4771,2385,1,attack_buff,0.2634,0.4583,100,0,5,いいえ,????? / アレス暮らし / ????? / ɚすぃとあろま？ / ハリウッドナナコ師匠
1,207,em-a818769b8b91,田島の春,44,1618,5112,2,multi_hit_attack,0.2634,0.4583,100,0,5,いいえ,田島の春 / アレス暮らし / ????? / ɚすぃとあろま？ / ハリウッドナナコ師匠
1,208,em-09abce425d92,超悦者・有砂小町,60,5453,5453,5,attribute_change,0.2634,0.4583,100,0,4,いいえ,超悦者・有砂小町 / 試作型おこしん / ????? / ɚすぃとあろま？ / ハリウッドナナコ師匠
1,209,em-2eebc4f8633d,すわっ！かつより君,60,5350,4771,5,aoe_attack,0.2634,0.4583,100,0,4,いいえ,すわっ！かつより君 / 試作型おこしん / ????? / ɚすぃとあろま？ / ハリウッドナナコ師匠
1,210,em-b7d1205bd3a7,すーぱーサイアン,60,5964,5964,12,attack_buff,0.2634,0.4583,100,0,4,いいえ,すーぱーサイアン / 試作型おこしん / ????? / ɚすぃとあろま？ / ハリウッドナナコ師匠
1,211,em-f8bc07a12f5c,Ir☆D☆F！,19,1,2839,6,attribute_guard,0.2575,0.4375,93,7,6,いいえ,Ir☆D☆F！ / モチノ・ウオ丸 / ホルトバージ君 / ????? / ハリウッドナナコ師匠
1,212,em-28a4ccf4cbfc,ステンバーイちび蔵,24,596,3748,4,revive,0.2575,0.4375,98,2,6,いいえ,ステンバーイちび蔵 / モチノ・ウオ丸 / ホルトバージ君 / ????? / ハリウッドナナコ師匠
1,213,em-cec2f0ad9373,Dr.フォックス,40,4089,4430,4,delay,0.2575,0.4375,98,2,4,いいえ,Dr.フォックス / アレス暮らし / 試作型おこしん / ????? / ネムりん
1,214,em-c1bbe00e5d61,ジョンは時を知らない,48,4771,3493,0,attack_buff,0.2575,0.4375,98,2,4,いいえ,ジョンは時を知らない / 試作型おこしん / ホルトバージ君 / ????? / ハリウッドナナコ師匠
1,215,em-53e02d48f02a,It’s a ちーちゃん,33,6816,149,2,multi_hit_attack,0.2575,0.4375,99,1,5,いいえ,It’s a ちーちゃん / アレス暮らし / ホルトバージ君 / ????? / ハリウッドナナコ師匠
1,216,em-558066e14c81,ダブル・ブロッコリー,33,2595,2436,3,damage_reduction,0.2575,0.4375,99,1,4,いいえ,ダブル・ブロッコリー / アレス暮らし / ホルトバージ君 / ????? / ハリウッドナナコ師匠
1,217,em-33880cee5e60,三貴子ツクヨミ,75,10735,4686,3,damage_reduction,0.2575,0.4375,99,1,2,いいえ,三貴子ツクヨミ / のり男師匠 / 試作型おこしん / ズースくん / ハリウッドナナコ師匠
1,218,em-05476daa6b31,だんじり鉄砲隊,26,805,3599,4,attack_buff,0.2575,0.4375,100,0,5,いいえ,だんじり鉄砲隊 / モチノ・ウオ丸 / ホルトバージ君 / ????? / ハリウッドナナコ師匠
1,219,em-048f5c5385db,Mr.バトラー,34,4771,3067,1,attribute_change,0.2575,0.4375,100,0,5,いいえ,Mr.バトラー / アレス暮らし / ホルトバージ君 / ????? / ハリウッドナナコ師匠
1,220,em-d941ef4d2c66,紫禁嬢,34,4692,2801,2,damage_reduction,0.2575,0.4375,100,0,5,いいえ,紫禁嬢 / アレス暮らし / ホルトバージ君 / ????? / ハリウッドナナコ師匠
1,221,em-7419b64dec0e,天の飛龍巻,42,5623,3748,2,attribute_change,0.2575,0.4375,100,0,5,いいえ,天の飛龍巻 / アレス暮らし / 試作型おこしん / ????? / ネムりん
1,222,em-1fcc8f4c1ae3,ヴェルサイユの朝,45,2556,6645,5,attack_buff,0.2575,0.4375,100,0,5,いいえ,ヴェルサイユの朝 / トマティーナ少佐 / 試作型おこしん / ????? / 眠里　不可緒
1,223,em-5088462f1ee9,日本一の桃たろす,45,4260,5964,2,attribute_change,0.2575,0.4375,100,0,6,いいえ,日本一の桃たろす / トマティーナ少佐 / 試作型おこしん / ????? / 眠里　不可緒
1,224,em-83113af84b95,降臨☆三原色ばうあー,45,3578,5868,5,aoe_attack,0.2575,0.4375,100,0,6,いいえ,降臨☆三原色ばうあー / トマティーナ少佐 / 試作型おこしん / ????? / 眠里　不可緒
1,225,em-c2dc184a86c0,爆誕！さくどん,45,3408,4260,9,delay,0.2575,0.4375,100,0,6,いいえ,爆誕！さくどん / トマティーナ少佐 / 試作型おこしん / ????? / 眠里　不可緒
1,226,em-d518108f13e3,トランシルヴァニア家族,45,5350,6059,2,multi_hit_attack,0.2575,0.4375,100,0,6,いいえ,トランシルヴァニア家族 / トマティーナ少佐 / 試作型おこしん / ????? / 眠里　不可緒
1,227,em-2b584e87473c,ウルルさんのオフ曜日,41,2958,6816,1,attack_buff,0.2533,0.4167,97,3,4,いいえ,ウルルさんのオフ曜日 / 試作型おこしん / ホルトバージ君 / ????? / ネムりん
1,228,em-438753e77e6c,デロスの月陽姉弟,41,3237,5453,2,heal,0.2533,0.4167,97,3,4,いいえ,デロスの月陽姉弟 / 試作型おこしん / ホルトバージ君 / ????? / ネムりん
1,229,em-42016d3a2172,織田フィナーレ,42,2556,5964,5,multi_hit_attack,0.2533,0.4167,98,2,5,いいえ,織田フィナーレ / 試作型おこしん / ホルトバージ君 / ????? / ネムりん
1,230,em-82d7b7a877f8,電ドロ白鷺嬢,39,6816,2556,2,heal,0.2533,0.4167,100,0,3,いいえ,電ドロ白鷺嬢 / 試作型おこしん / ホルトバージ君 / ????? / 眠里　不可緒
1,231,em-0f3dc5f343f5,?????,40,2954,3316,8,delay,0.2533,0.4167,100,0,4,いいえ,????? / 試作型おこしん / ホルトバージ君 / ????? / まそお姉ちゃん
1,232,em-d111f497df0f,湘南大水曜日ボーイ,40,2044,5623,4,attack_buff,0.2533,0.4167,100,0,4,いいえ,湘南大水曜日ボーイ / 試作型おこしん / ホルトバージ君 / ????? / まそお姉ちゃん
1,233,em-f70fc38ed477,栗栖　益子さん,40,4175,4106,4,multi_hit_attack,0.2533,0.4167,100,0,4,いいえ,栗栖　益子さん / 試作型おこしん / ホルトバージ君 / ????? / まそお姉ちゃん
1,234,em-6193e7af4d97,がうがうは考える,44,1704,5964,3,damage_reduction,0.2533,0.4167,100,0,6,いいえ,がうがうは考える / 試作型おこしん / ホルトバージ君 / ????? / ネムりん
1,235,em-aefb52be8eca,半間鮫子,52,3411,6823,2,multi_hit_attack,0.2533,0.4167,100,0,4,いいえ,半間鮫子 / 試作型おこしん / ホルトバージ君 / トキシッくんｵｯｽｵｯｽ / 実はこんにゃくちゃん
1,236,em-e8331e3aec6c,辰の子ぴよ子,70,6898,4089,10,multi_hit_attack,0.2481,0.4375,100,0,3,いいえ,辰の子ぴよ子 / 総統エビユルゲ / 試作型おこしん / おたべ妖精 / 実はこんにゃくちゃん
1,237,em-8a1f54dc1206,讃えよ！ヒンヌー教徒,46,3393,4260,1,attribute_change,0.243,0.4167,96,4,5,いいえ,讃えよ！ヒンヌー教徒 / 試作型おこしん / ホルトバージ君 / ????? / ハリウッドナナコ師匠
1,238,em-6b69fff3a46d,怒るよ!!勝斧さん,47,6164,3748,1,attack_buff,0.243,0.4167,97,3,4,いいえ,怒るよ!!勝斧さん / 試作型おこしん / ホルトバージ君 / ????? / ハリウッドナナコ師匠
1,239,em-95e1d74be5b6,Ｈ・Ｆ・ウーマン,47,6305,3748,2,guard,0.243,0.4167,97,3,4,いいえ,Ｈ・Ｆ・ウーマン / 試作型おこしん / ホルトバージ君 / ????? / ハリウッドナナコ師匠
1,240,em-c6337efaceae,ｴﾚｶﾞﾝﾄ☆トラボル子,47,4260,4771,5,aoe_attack,0.243,0.4167,97,3,4,いいえ,ｴﾚｶﾞﾝﾄ☆トラボル子 / 試作型おこしん / ホルトバージ君 / ????? / ハリウッドナナコ師匠
1,241,em-b943dbad0d0c,姫武者伏姫,54,6253,3823,5,guard,0.243,0.4167,97,3,3,いいえ,姫武者伏姫 / 試作型おこしん / ホルトバージ君 / ＢＥＷ雪玉 / ハリウッドナナコ師匠
1,242,em-5a047ed41d97,KJの少女Hi児,48,4941,3919,5,multi_hit_attack,0.243,0.4167,98,2,4,いいえ,KJの少女Hi児 / 試作型おこしん / ホルトバージ君 / ????? / ハリウッドナナコ師匠
1,243,em-05133b447edd,コメツキ,55,5453,5406,5,skill_reduction,0.243,0.4167,98,2,4,いいえ,コメツキ / 試作型おこしん / ホルトバージ君 / ＢＥＷ雪玉 / ハリウッドナナコ師匠
1,244,em-5861838d2e36,ばうあー泥棒,35,4771,3033,4,attack_buff,0.243,0.4167,99,1,6,いいえ,ばうあー泥棒 / アレス暮らし / ホルトバージ君 / トキシッくんｵｯｽｵｯｽ / 実はこんにゃくちゃん
1,245,em-bb2bd26d4796,のり男の浪漫,36,3098,2695,2,attribute_guard,0.243,0.4167,99,1,6,いいえ,のり男の浪漫 / アレス暮らし / ホルトバージ君 / 得琉田浜蔵 / ハリウッドナナコ師匠
1,246,em-ffdcaffc4a41,雑煮入り☆うるっしー,36,3443,3443,4,guard,0.243,0.4167,99,1,6,いいえ,雑煮入り☆うるっしー / アレス暮らし / ホルトバージ君 / 得琉田浜蔵 / ハリウッドナナコ師匠
1,247,em-6b4baf5a6b1b,ＫＫマリテレ様,51,6368,2926,1,attribute_change,0.243,0.4167,99,1,5,いいえ,ＫＫマリテレ様 / 試作型おこしん / ホルトバージ君 / トキシッくんｵｯｽｵｯｽ / 実はこんにゃくちゃん
1,248,em-d90aa04af44f,グウィネズ兄弟,34,2066,3197,5,multi_hit_attack,0.243,0.4167,100,0,5,いいえ,グウィネズ兄弟 / アレス暮らし / ホルトバージ君 / ????? / ハリウッドナナコ師匠
1,249,em-78785b8bf619,企業だ浅ちゃん！,42,1192,7327,4,attack_buff,0.243,0.4167,100,0,5,いいえ,企業だ浅ちゃん！ / アレス暮らし / 試作型おこしん / ????? / ネムりん
1,250,em-594e492a6818,ヤンなるネポムちゃん,50,3397,2930,1,attack_buff,0.243,0.4167,100,0,4,いいえ,ヤンなるネポムちゃん / 試作型おこしん / ホルトバージ君 / ????? / ハリウッドナナコ師匠
1,251,em-78c7d71a75d2,美音三銃士を連れてきたよ,50,6475,3748,5,revive,0.243,0.4167,100,0,4,いいえ,美音三銃士を連れてきたよ / 試作型おこしん / ホルトバージ君 / ????? / ハリウッドナナコ師匠
1,252,em-bbce42d72486,東がエデン,50,5112,5112,0,attribute_change,0.243,0.4167,100,0,4,いいえ,東がエデン / 試作型おこしん / ホルトバージ君 / ????? / ハリウッドナナコ師匠
1,253,em-f119f767f457,アダム＆エバ,50,5112,4260,4,attack_buff,0.243,0.4167,100,0,4,いいえ,アダム＆エバ / 試作型おこしん / ホルトバージ君 / ????? / ハリウッドナナコ師匠
1,254,em-a87c308ef7c4,トミスLOVE様,52,4686,4686,4,revive,0.243,0.4167,100,0,4,いいえ,トミスLOVE様 / 試作型おこしん / ホルトバージ君 / トキシッくんｵｯｽｵｯｽ / 実はこんにゃくちゃん
1,255,em-a447724e3bc1,ヴァレサバ☆関くん,54,4055,5759,0,guard,0.243,0.4167,100,0,4,いいえ,ヴァレサバ☆関くん / 試作型おこしん / ホルトバージ君 / おたべ妖精 / 実はこんにゃくちゃん
1,256,em-ceda64319ca1,蜜香のウミリンゴ,75,8520,5453,1,attack_buff,0.243,0.4167,100,0,2,いいえ,蜜香のウミリンゴ / のり男師匠 / 試作型おこしん / ズースさんとシーラさん / ズースくん
1,257,em-8cafabee26c4,ホルトバージ君,22,5285,830,2,attack_buff,0.24,0.3958,100,0,6,いいえ,ホルトバージ君 / アレス暮らし / ????? / みどりのたけしマン / 眠里　不可緒
1,258,em-cf62aeacc244,やまたのおろちん,40,2726,2726,3,multi_hit_attack,0.24,0.3958,100,0,4,いいえ,やまたのおろちん / 試作型おこしん / ホルトバージ君 / ????? / まそお姉ちゃん
1,259,em-bc5f259cf576,まさか殿(微マジ),60,5453,6305,7,multi_hit_attack,0.2391,0.4375,100,0,4,いいえ,まさか殿(微マジ) / 試作型おこしん / ????? / ɚすぃとあろま？ / ハリウッドナナコ師匠
1,260,em-7b7bc6faa9ba,パティは実況勢,41,5623,3352,2,damage_reduction,0.2333,0.4167,99,1,4,いいえ,パティは実況勢 / アレス暮らし / 試作型おこしん / ????? / ネムりん
1,261,em-ee43bce0e25f,vにゅーさん,51,3567,5271,1,damage_reduction,0.2333,0.4167,100,0,3,いいえ,vにゅーさん / アレス暮らし / 試作型おこしん / 得琉田浜蔵 / ハリウッドナナコ師匠
1,262,em-a06f040c9490,冬の加奈多パレード,80,9542,5282,2,attack_buff,0.2333,0.4167,100,0,2,いいえ,冬の加奈多パレード / ケラマ☆マジカ / おあげさん / ズースくん / ほたるーニャ
1,263,em-480a0eef6d7b,ピカリャー射的ｽﾀｲﾙ,45,3786,3786,2,aoe_attack,0.2292,0.3958,95,5,6,いいえ,ピカリャー射的ｽﾀｲﾙ / 試作型おこしん / ホルトバージ君 / ????? / ハリウッドナナコ師匠
1,264,em-f3861e35df6f,暗黒王まはーかーらん,47,3731,3926,4,delay,0.2292,0.3958,97,3,4,いいえ,暗黒王まはーかーらん / 試作型おこしん / ホルトバージ君 / ????? / ハリウッドナナコ師匠
1,265,em-f89a98dd9893,大魔神！せいタン降臨,48,2044,6305,4,attack_buff,0.2292,0.3958,98,2,4,いいえ,大魔神！せいタン降臨 / 試作型おこしん / ホルトバージ君 / ????? / ハリウッドナナコ師匠
1,266,em-0e2c4b783eb7,南極翁・カノープス,55,3408,5964,7,multi_hit_attack,0.2292,0.3958,98,2,3,いいえ,南極翁・カノープス / 試作型おこしん / ホルトバージ君 / ＢＥＷ雪玉 / ハリウッドナナコ師匠
1,267,em-490ce6c4d005,ア、ショーカ大王,45,3067,4601,3,multi_hit_attack,0.2292,0.3958,99,1,6,いいえ,ア、ショーカ大王 / 試作型おこしん / ホルトバージ君 / トキシッくんｵｯｽｵｯｽ / まそお姉ちゃん
1,268,em-9cd3d68e61d0,渦巻王ナルテュール,45,1704,6134,6,multi_hit_attack,0.2292,0.3958,99,1,6,いいえ,渦巻王ナルテュール / 試作型おこしん / ホルトバージ君 / トキシッくんｵｯｽｵｯｽ / まそお姉ちゃん
1,269,em-563e34211286,大抵カールのせい,50,4686,5112,1,damage_reduction,0.2292,0.3958,100,0,4,いいえ,大抵カールのせい / 試作型おこしん / ホルトバージ君 / ????? / ハリウッドナナコ師匠
1,270,em-57dce5f944a3,うらうらら,50,4260,6390,4,multi_hit_attack,0.2292,0.3958,100,0,4,いいえ,うらうらら / 試作型おこしん / ホルトバージ君 / ????? / ハリウッドナナコ師匠
1,271,em-beaaa8c15744,カメハメハワイ大王,50,3059,5879,2,attack_buff,0.2292,0.3958,100,0,4,いいえ,カメハメハワイ大王 / 試作型おこしん / ホルトバージ君 / ????? / ハリウッドナナコ師匠
1,272,em-de36aab296aa,月下皇帝ランたん様,50,3150,5367,3,revive,0.2292,0.3958,100,0,4,いいえ,月下皇帝ランたん様 / 試作型おこしん / ホルトバージ君 / ????? / ハリウッドナナコ師匠
1,273,em-cea68c425163,跛荒の鉄男大先生,51,4686,6625,3,multi_hit_attack,0.2292,0.3958,100,0,4,いいえ,跛荒の鉄男大先生 / 試作型おこしん / ホルトバージ君 / ＢＥＷ雪玉 / ネムりん
1,274,em-c358b6553866,ご機嫌斜めのウィーン様,58,4941,2896,5,attack_buff,0.2292,0.3958,100,0,4,いいえ,ご機嫌斜めのウィーン様 / 試作型おこしん / ホルトバージ君 / おたべ妖精 / ハリウッドナナコ師匠
1,275,em-95694ab0605a,超★メジェド様,44,2300,3432,2,guard,0.224,0.4167,100,0,5,いいえ,超★メジェド様 / アレス暮らし / ????? / ɚすぃとあろま？ / ハリウッドナナコ師匠
1,276,em-106b8d6fe4c5,ドヤ顔の女帝瑠璃,60,4430,4089,1,damage_reduction,0.224,0.4167,100,0,4,いいえ,ドヤ顔の女帝瑠璃 / 試作型おこしん / ????? / ɚすぃとあろま？ / ハリウッドナナコ師匠
1,277,em-15545bc62fe7,幽霊烏賊図,60,3408,4260,3,revive,0.224,0.4167,100,0,4,いいえ,幽霊烏賊図 / 試作型おこしん / ????? / ɚすぃとあろま？ / ハリウッドナナコ師匠
1,278,em-337e85c2cd90,ユーコ☆スターダスト,60,6053,4354,4,revive,0.224,0.4167,100,0,4,いいえ,ユーコ☆スターダスト / 試作型おこしん / ????? / ɚすぃとあろま？ / ハリウッドナナコ師匠
1,279,em-3fef7ee3dc51,トゥバタハのシレーナ,60,3919,4601,3,aoe_attack,0.224,0.4167,100,0,4,いいえ,トゥバタハのシレーナ / 試作型おこしん / ????? / ɚすぃとあろま？ / ハリウッドナナコ師匠
1,280,em-4533a7697d48,謀反人ミッツ,60,6645,4430,3,damage_reduction,0.224,0.4167,100,0,4,いいえ,謀反人ミッツ / 試作型おこしん / ????? / ɚすぃとあろま？ / ハリウッドナナコ師匠
1,281,em-5266a394fb35,伊予・タウロス,60,4430,4941,2,multi_hit_attack,0.224,0.4167,100,0,4,いいえ,伊予・タウロス / 試作型おこしん / ????? / ɚすぃとあろま？ / ハリウッドナナコ師匠
1,282,em-52a11488ce9e,新・ウオ丸くん,60,4294,3578,1,attack_buff,0.224,0.4167,100,0,4,いいえ,新・ウオ丸くん / 試作型おこしん / ????? / ɚすぃとあろま？ / ハリウッドナナコ師匠
1,283,em-54cb13a72721,不思議の海のモヅルン,60,6475,4941,3,attribute_guard,0.224,0.4167,100,0,4,いいえ,不思議の海のモヅルン / 試作型おこしん / ????? / ɚすぃとあろま？ / ハリウッドナナコ師匠
1,284,em-59a8f156dec4,クロアリ,60,4089,4089,3,multi_hit_attack,0.224,0.4167,100,0,4,いいえ,クロアリ / 試作型おこしん / ????? / ɚすぃとあろま？ / ハリウッドナナコ師匠
1,285,em-5f292317fd1c,墨染のＰＬぴよ子,60,3656,3656,5,attribute_change,0.224,0.4167,100,0,4,いいえ,墨染のＰＬぴよ子 / 試作型おこしん / ????? / ɚすぃとあろま？ / ハリウッドナナコ師匠
1,286,em-83954a93a691,閃きのヒラメちゃん,60,6560,4430,2,attribute_change,0.224,0.4167,100,0,4,いいえ,閃きのヒラメちゃん / 試作型おこしん / ????? / ɚすぃとあろま？ / ハリウッドナナコ師匠
1,287,em-a236725222d2,紺碧のＰＬぴよ子,60,3656,3656,1,attribute_change,0.224,0.4167,100,0,4,いいえ,紺碧のＰＬぴよ子 / 試作型おこしん / ????? / ɚすぃとあろま？ / ハリウッドナナコ師匠
1,288,em-b16382731bd5,華燭なカネヒラさん,60,5793,4771,2,attribute_change,0.224,0.4167,100,0,4,いいえ,華燭なカネヒラさん / 試作型おこしん / ????? / ɚすぃとあろま？ / ハリウッドナナコ師匠
1,289,em-cc181917eaeb,無双中な宗茂さん,60,6405,4941,2,aoe_attack,0.224,0.4167,100,0,4,いいえ,無双中な宗茂さん / 試作型おこしん / ????? / ɚすぃとあろま？ / ハリウッドナナコ師匠
1,290,em-d7e6501e0b63,ダークるる,60,4771,4771,3,damage_reduction,0.224,0.4167,100,0,4,いいえ,ダークるる / 試作型おこしん / ????? / ɚすぃとあろま？ / ハリウッドナナコ師匠
1,291,em-dba7b79429bc,サルパ王＆女王,60,5453,3748,2,multi_hit_attack,0.224,0.4167,100,0,4,いいえ,サルパ王＆女王 / 試作型おこしん / ????? / ɚすぃとあろま？ / ハリウッドナナコ師匠
1,292,em-f7f78d464e92,ウミウサーヌ,60,3408,4601,3,guard,0.224,0.4167,100,0,4,いいえ,ウミウサーヌ / 試作型おこしん / ????? / ɚすぃとあろま？ / ハリウッドナナコ師匠
1,293,em-9413da55b7e0,ヤマピカリャーコ,47,4515,5095,2,multi_hit_attack,0.2191,0.3958,99,1,4,いいえ,ヤマピカリャーコ / アレス暮らし / 試作型おこしん / ????? / ハリウッドナナコ師匠
1,294,em-14cb05f591ca,牛鬼だうわーっ！,45,3919,2556,2,multi_hit_attack,0.2191,0.3958,100,0,6,いいえ,牛鬼だうわーっ！ / トマティーナ少佐 / 試作型おこしん / ????? / 眠里　不可緒
1,295,em-a44b56d26d84,聖夜の又マタドーるん,45,3919,4260,1,damage_reduction,0.2191,0.3958,100,0,6,いいえ,聖夜の又マタドーるん / トマティーナ少佐 / 試作型おこしん / ????? / 眠里　不可緒
1,296,em-d95aa4fb8de0,北海！白川だるま,45,4473,2556,1,attack_buff,0.2191,0.3958,100,0,6,いいえ,北海！白川だるま / トマティーナ少佐 / 試作型おこしん / ????? / 眠里　不可緒
1,297,em-682cda3863fb,脱力コンビあろま＆るる,48,3067,5623,2,skill_reduction,0.2191,0.3958,100,0,4,いいえ,脱力コンビあろま＆るる / アレス暮らし / 試作型おこしん / ????? / ハリウッドナナコ師匠
1,298,em-d138d4e46038,きぬたン,48,3067,4771,2,attack_buff,0.2191,0.3958,100,0,4,いいえ,きぬたン / アレス暮らし / 試作型おこしん / ????? / ハリウッドナナコ師匠
1,299,em-37e222cb9f2b,いんばーぬたん,53,3748,4771,2,attack_buff,0.2191,0.3958,100,0,4,いいえ,いんばーぬたん / 試作型おこしん / ホルトバージ君 / ＢＥＷ雪玉 / 実はこんにゃくちゃん
1,300,em-0984e8e9ee06,加賀のカブキ者,60,4430,6816,2,attack_buff,0.2191,0.3958,100,0,4,いいえ,加賀のカブキ者 / 総統エビユルゲ / 試作型おこしん / ????? / ネムりん
1,301,em-4debcfcadf66,艶奴太夫,60,3919,5964,1,attribute_change,0.2191,0.3958,100,0,4,いいえ,艶奴太夫 / 総統エビユルゲ / 試作型おこしん / ????? / ネムりん
1,302,em-60119eda4c9c,猿田彦大先輩,80,7838,7157,5,attack_buff,0.2191,0.3958,100,0,2,いいえ,猿田彦大先輩 / 梨豚ぴぐぺん / スーリヤ様が見てる / ズースくん / 玄武むりょく
1,303,em-9c9f188ea0a8,やる気勢ナルテュール,56,1704,7838,6,attack_buff,0.2162,0.375,99,1,3,いいえ,やる気勢ナルテュール / 試作型おこしん / ホルトバージ君 / ＢＥＷ雪玉 / ハリウッドナナコ師匠
1,304,em-e51e56c23fa1,上級国民ロヴィーサ,44,2832,2984,4,attribute_guard,0.2162,0.375,100,0,6,いいえ,上級国民ロヴィーサ / 試作型おこしん / ホルトバージ君 / ????? / ネムりん
1,305,em-b17b3174de7d,ネギtheフィクサー,45,2405,5135,3,damage_reduction,0.2162,0.375,100,0,4,いいえ,ネギtheフィクサー / 試作型おこしん / ホルトバージ君 / トキシッくんｵｯｽｵｯｽ / 眠里　不可緒
1,306,em-ccfeb40e6439,更にThe★Youなリバ子,50,1509,5770,0,heal,0.2162,0.375,100,0,4,いいえ,更にThe★Youなリバ子 / 試作型おこしん / ホルトバージ君 / ????? / ハリウッドナナコ師匠
1,307,em-58dbb7bc9653,六点魔王ノッブ,58,3408,5964,3,multi_hit_attack,0.2162,0.375,100,0,4,いいえ,六点魔王ノッブ / 試作型おこしん / ホルトバージ君 / おたべ妖精 / ハリウッドナナコ師匠
1,308,em-cc1dd429dace,?????,58,4171,4737,1,damage_reduction,0.2162,0.375,100,0,4,いいえ,????? / 試作型おこしん / ホルトバージ君 / おたべ妖精 / ハリウッドナナコ師匠
1,309,em-d7873747b412,藤のフヒッティ,75,10735,3578,1,damage_reduction,0.2095,0.3958,99,1,2,いいえ,藤のフヒッティ / のり男師匠 / 試作型おこしん / ズースくん / ハリウッドナナコ師匠
1,310,em-73652bbd630f,ツノザヤ君とｱｲｺﾃﾞｼｮ,60,2044,5112,0,damage_reduction,0.2095,0.3958,100,0,4,いいえ,ツノザヤ君とｱｲｺﾃﾞｼｮ / 総統エビユルゲ / ????? / ＢＥＷ雪玉 / ネムりん
1,311,em-773b001a1189,おづぬ様,60,4260,6816,5,attack_buff,0.2095,0.3958,100,0,4,いいえ,おづぬ様 / 総統エビユルゲ / ????? / ＢＥＷ雪玉 / ネムりん
1,312,em-a02f06328adf,ゼネコン大公,60,6134,2726,2,guard,0.2095,0.3958,100,0,4,いいえ,ゼネコン大公 / 試作型おこしん / ????? / ɚすぃとあろま？ / ハリウッドナナコ師匠
1,313,em-bffb26ad3975,アイヌ☆らっくるん,60,2896,6645,2,attack_buff,0.2095,0.3958,100,0,4,いいえ,アイヌ☆らっくるん / 総統エビユルゲ / ????? / ＢＥＷ雪玉 / ネムりん
1,314,em-0d449e302187,水神ヨッカブイ先生,54,3714,5418,5,damage_reduction,0.2056,0.375,97,3,3,いいえ,水神ヨッカブイ先生 / 試作型おこしん / ホルトバージ君 / ＢＥＷ雪玉 / ハリウッドナナコ師匠
1,315,em-760bb0daf1c9,ゲキ悪オヤジ(神),53,5112,5112,6,delay,0.2056,0.375,98,2,4,いいえ,ゲキ悪オヤジ(神) / 欣喜ぴよ子 / ホルトバージ君 / ＢＥＷ雪玉 / ハリウッドナナコ師匠
1,316,em-4e2a71a8e1a6,ハチモドキアブ,55,5623,6100,2,revive,0.2056,0.375,98,2,4,いいえ,ハチモドキアブ / 試作型おこしん / ホルトバージ君 / ＢＥＷ雪玉 / ハリウッドナナコ師匠
1,317,em-681c8662f2b6,まさか殿(ｼﾞｬｰｼﾞ),55,6475,3748,6,delay,0.2056,0.375,98,2,4,いいえ,まさか殿(ｼﾞｬｰｼﾞ) / 試作型おこしん / ホルトバージ君 / ＢＥＷ雪玉 / ハリウッドナナコ師匠
1,318,em-eaadf81fc136,サリー,55,4686,4004,4,aoe_attack,0.2056,0.375,98,2,3,いいえ,サリー / 試作型おこしん / ホルトバージ君 / ＢＥＷ雪玉 / ハリウッドナナコ師匠
1,319,em-94f677409ee2,月甲のルナタスピス,75,10224,4543,3,guard,0.2056,0.375,99,1,2,いいえ,月甲のルナタスピス / のり男師匠 / 試作型おこしん / ズースくん / ハリウッドナナコ師匠
1,320,em-0063b3d17f76,玄武むりょく,4,165,165,6,damage_reduction,0.2056,0.375,100,0,6,いいえ,玄武むりょく / モチノ・ウオ丸 / ホルトバージ君 / みどりのたけしマン / 鎌倉式ＤＢ２涅槃型改
1,321,em-377a00f7a666,のり男,4,334,278,3,attribute_guard,0.2056,0.375,100,0,6,いいえ,のり男 / モチノ・ウオ丸 / ホルトバージ君 / みどりのたけしマン / 鎌倉式ＤＢ２涅槃型改
1,322,em-407710659ecb,玄武ニート,4,330,320,6,damage_reduction,0.2056,0.375,100,0,6,いいえ,玄武ニート / モチノ・ウオ丸 / ホルトバージ君 / みどりのたけしマン / 鎌倉式ＤＢ２涅槃型改
1,323,em-371b0bc06848,やっとの神,50,2933,2919,3,multi_hit_attack,0.2056,0.375,100,0,4,いいえ,やっとの神 / 試作型おこしん / ホルトバージ君 / ????? / ハリウッドナナコ師匠
1,324,em-da18dad9d936,もけーれ！ムベちゃん,53,2896,6475,4,multi_hit_attack,0.2056,0.375,100,0,4,いいえ,もけーれ！ムベちゃん / 試作型おこしん / ホルトバージ君 / ＢＥＷ雪玉 / 実はこんにゃくちゃん
1,325,em-6cd949ff7539,?????,53,1842,6475,2,guard,0.204,0.3542,98,2,4,いいえ,????? / 欣喜ぴよ子 / ホルトバージ君 / ＢＥＷ雪玉 / ハリウッドナナコ師匠
1,326,em-e84c5851ba6b,地下大河のルーシー,73,7668,2641,1,attack_buff,0.1956,0.375,99,1,3,いいえ,地下大河のルーシー / 総統エビユルゲ / 試作型おこしん / おたべ妖精 / ハリウッドナナコ師匠
1,327,em-f9fcb91b983d,アエネウスと弟くん,60,4175,4175,0,damage_reduction,0.1956,0.375,100,0,4,いいえ,アエネウスと弟くん / 試作型おこしん / ????? / ɚすぃとあろま？ / ハリウッドナナコ師匠
1,328,em-40bd3b1e44fa,五月病の悪魔の契約,55,4123,4226,4,aoe_attack,0.1928,0.3542,98,2,4,いいえ,五月病の悪魔の契約 / 試作型おこしん / ホルトバージ君 / ＢＥＷ雪玉 / ハリウッドナナコ師匠
1,329,em-454ebee4a0cd,3人はフォニピュア,60,4941,3578,2,damage_reduction,0.1861,0.375,100,0,4,いいえ,3人はフォニピュア / 試作型おこしん / ????? / ɚすぃとあろま？ / ハリウッドナナコ師匠
1,330,em-ab3947962bd3,姫騎士なコンクさん,60,4856,3237,1,damage_reduction,0.1861,0.375,100,0,4,いいえ,姫騎士なコンクさん / 試作型おこしん / ????? / ɚすぃとあろま？ / ハリウッドナナコ師匠
1,331,em-744815bd68e5,旋回のヘリコプリオン,75,8997,2675,2,aoe_attack,0.1824,0.3542,100,0,2,いいえ,旋回のヘリコプリオン / のり男師匠 / 試作型おこしん / ズースさんとシーラさん / ズースくん
1,332,em-2a823144560b,パンのん☆春間,56,3919,3408,0,damage_reduction,0.1725,0.3542,100,0,3,いいえ,パンのん☆春間 / アレス暮らし / 試作型おこしん / おたべ妖精 / ハリウッドナナコ師匠
1,333,em-18279a838450,白刃舞うは存亡の秋,70,6816,4260,4,attack_buff,0.1725,0.3542,100,0,3,いいえ,白刃舞うは存亡の秋 / 総統エビユルゲ / 試作型おこしん / おたべ妖精 / 実はこんにゃくちゃん
1,334,em-94dc3d86f691,碧海のオフタルもん,75,10054,3919,4,multi_hit_attack,0.1725,0.3542,100,0,2,いいえ,碧海のオフタルもん / のり男師匠 / 試作型おこしん / ズースさんとシーラさん / ズースくん
1,335,em-962f1faafed7,三貴子アマテラス,75,10309,5112,5,revive,0.1725,0.3542,100,0,2,いいえ,三貴子アマテラス / のり男師匠 / 試作型おこしん / ズースさんとシーラさん / ズースくん
1,336,em-a8e1bfbd68cd,秋のタツタちゃん,80,10224,4771,4,multi_hit_attack,0.1725,0.3542,100,0,2,いいえ,秋のタツタちゃん / ケラマ☆マジカ / おあげさん / ズースくん / ほたるーニャ
1,337,em-cc5e3cfa7400,綺麗なソフィアさん,62,7157,1704,1,multi_hit_attack,0.1703,0.3125,98,2,4,いいえ,綺麗なソフィアさん / 試作型おこしん / ????? / ＢＥＷ雪玉 / ハリウッドナナコ師匠
1,338,em-b5e0f2fbff78,養老のバッカス,65,6475,3408,4,revive,0.1597,0.3333,100,0,4,いいえ,養老のバッカス / 試作型おこしん / 夜光虫ほたるん / ＢＥＷ雪玉 / ハリウッドナナコ師匠
1,339,em-c67ab163f5d6,さくらこはダムです,12,2092,735,1,attribute_guard,0.1585,0.3125,97,3,6,いいえ,さくらこはダムです / モチノ・ウオ丸 / ホルトバージ君 / ????? / 眠里　不可緒
1,340,em-29a5da4c1e2f,有棘画工,20,4025,805,3,multi_hit_attack,0.1585,0.3125,97,3,6,いいえ,有棘画工 / アレス暮らし / ホルトバージ君 / ????? / 眠里　不可緒
1,341,em-bc840d35c547,ジ・あるじや,20,4025,1610,4,skill_reduction,0.1585,0.3125,97,3,6,いいえ,ジ・あるじや / アレス暮らし / ホルトバージ君 / ????? / 眠里　不可緒
1,342,em-ec978322ece8,タイプ：テン,20,3864,966,4,guard,0.1585,0.3125,97,3,6,いいえ,タイプ：テン / アレス暮らし / ホルトバージ君 / ????? / 眠里　不可緒
1,343,em-96ed71805a40,白鷺日女路嬢,21,4830,1255,3,heal,0.1585,0.3125,98,2,6,いいえ,白鷺日女路嬢 / アレス暮らし / ホルトバージ君 / ????? / 眠里　不可緒
1,344,em-663696ccf728,夏の一次幹,22,3408,2215,2,attack_buff,0.1585,0.3125,99,1,6,いいえ,夏の一次幹 / アレス暮らし / ホルトバージ君 / ????? / 眠里　不可緒
1,345,em-9991a7ad9a04,ヒラメさん進化中,22,4004,2556,1,attribute_change,0.1585,0.3125,99,1,6,いいえ,ヒラメさん進化中 / アレス暮らし / ホルトバージ君 / ????? / 眠里　不可緒
1,346,em-b07f62000b94,雪兎フェス祭カーニバル,22,4089,1192,5,revive,0.1585,0.3125,99,1,6,いいえ,雪兎フェス祭カーニバル / アレス暮らし / ホルトバージ君 / ????? / 眠里　不可緒
1,347,em-b6adaf9bf556,こうせえっつう女中,17,805,2898,0,attack_buff,0.1482,0.2917,94,6,6,いいえ,こうせえっつう女中 / アレス暮らし / ホルトバージ君 / ????? / 眠里　不可緒
1,348,em-f3234f88661c,氷の大魔女カナリン,43,7497,1641,5,revive,0.1482,0.2917,99,1,5,いいえ,氷の大魔女カナリン / 試作型おこしん / ホルトバージ君 / ????? / ネムりん
1,349,em-9c344f264735,カロリスト・カル子,40,6999,2499,5,attribute_guard,0.1482,0.2917,100,0,4,いいえ,カロリスト・カル子 / 試作型おこしん / ホルトバージ君 / ????? / まそお姉ちゃん
1,350,em-d6ea073b633e,鬼八先生,60,8861,2556,3,delay,0.1482,0.2917,100,0,4,いいえ,鬼八先生 / 試作型おこしん / ????? / ɚすぃとあろま？ / ハリウッドナナコ師匠
1,351,em-cd0a21cda0bb,タキシラ師匠,6,1861,733,0,heal,0.1476,0.3125,96,4,6,いいえ,タキシラ師匠 / 試作型おこしん / ホルトバージ君 / ????? / ラパヌイ先生
1,352,em-1acdee18dc58,生きろ！モア蔵,7,1540,240,3,guard,0.1476,0.3125,97,3,6,いいえ,生きろ！モア蔵 / 試作型おこしん / ホルトバージ君 / ????? / ラパヌイ先生
1,353,em-4586795c80d9,スノーガイ,7,1500,300,4,attack_buff,0.1476,0.3125,97,3,6,いいえ,スノーガイ / 試作型おこしん / ホルトバージ君 / ????? / ラパヌイ先生
1,354,em-357d76cd5b69,のり男さん,5,424,356,3,attribute_guard,0.1476,0.3125,98,2,6,いいえ,のり男さん / モチノ・ウオ丸 / ホルトバージ君 / みどりのたけしマン / 眠里　不可緒
1,355,em-518934908b79,こんにゃくさん,5,400,400,8,guard,0.1476,0.3125,98,2,6,いいえ,こんにゃくさん / モチノ・ウオ丸 / ホルトバージ君 / みどりのたけしマン / 眠里　不可緒
1,356,em-46432847d531,ＢＥＷ雪玉,8,2538,705,3,attack_buff,0.1476,0.3125,98,2,6,いいえ,ＢＥＷ雪玉 / 試作型おこしん / ホルトバージ君 / ????? / ラパヌイ先生
1,357,em-874769710492,さふらんらん,8,1734,888,3,skill_reduction,0.1476,0.3125,98,2,6,いいえ,さふらんらん / 試作型おこしん / ホルトバージ君 / ????? / ラパヌイ先生
1,358,em-2e5137a70580,やまとーる君,6,600,300,7,damage_reduction,0.1476,0.3125,99,1,6,いいえ,やまとーる君 / モチノ・ウオ丸 / ホルトバージ君 / みどりのたけしマン / 眠里　不可緒
1,359,em-75bbcd3130fb,みかんさん,6,700,500,7,aoe_attack,0.1476,0.3125,99,1,6,いいえ,みかんさん / モチノ・ウオ丸 / ホルトバージ君 / みどりのたけしマン / 眠里　不可緒
1,360,em-95d137a7328a,バス・スミスくん,6,900,200,5,attribute_guard,0.1476,0.3125,99,1,6,いいえ,バス・スミスくん / モチノ・ウオ丸 / ホルトバージ君 / みどりのたけしマン / 眠里　不可緒
1,361,em-081cdc2b5b45,スノーボーイ,4,1000,100,6,attack_buff,0.1476,0.3125,100,0,6,いいえ,スノーボーイ / vにゅーさん / ホルトバージ君 / パラワン探検隊 / ハリウッドナナコ師匠
1,362,em-26ea85de7340,のり男先輩,7,534,446,3,attribute_guard,0.1476,0.3125,100,0,6,いいえ,のり男先輩 / モチノ・ウオ丸 / ホルトバージ君 / みどりのたけしマン / 眠里　不可緒
1,363,em-3e85387d97e5,荒ぶるこんにゃく,7,486,484,8,guard,0.1476,0.3125,100,0,6,いいえ,荒ぶるこんにゃく / モチノ・ウオ丸 / ホルトバージ君 / みどりのたけしマン / 眠里　不可緒
1,364,em-cbfa7306b010,めい子姉さん,7,479,511,5,attribute_guard,0.1476,0.3125,100,0,6,いいえ,めい子姉さん / モチノ・ウオ丸 / ホルトバージ君 / みどりのたけしマン / 眠里　不可緒
1,365,em-53a13d10258e,コドモドラゴン！,10,1833,987,3,damage_reduction,0.1476,0.3125,100,0,6,いいえ,コドモドラゴン！ / 試作型おこしん / ホルトバージ君 / ????? / ラパヌイ先生
1,366,em-54ee851ff3fb,zuス様とsiラ様,10,1410,987,4,attack_buff,0.1476,0.3125,100,0,6,いいえ,zuス様とsiラ様 / 試作型おこしん / ホルトバージ君 / ????? / ラパヌイ先生
1,367,em-a91eca479689,嗚呼ヴァサクサ君,10,1880,374,2,skill_reduction,0.1476,0.3125,100,0,6,いいえ,嗚呼ヴァサクサ君 / 試作型おこしん / ホルトバージ君 / ????? / ラパヌイ先生
1,368,em-9667a89799b5,冬の双子姫,77,9628,4686,2,damage_reduction,0.1476,0.3125,100,0,2,いいえ,冬の双子姫 / のり男師匠 / ＢＥＷ雪玉 / ズースくん / 皐月むりょく
1,369,em-4b4011b90d8c,ロータス先輩,16,1932,1932,6,damage_reduction,0.1392,0.2708,98,2,6,いいえ,ロータス先輩 / モチノ・ウオ丸 / 試作型おこしん / みどりのたけしマン / 鎌倉式ＤＢ２涅槃型改
1,370,em-32e57ebd5904,ハンザギルドさん,12,1551,423,5,attribute_guard,0.1374,0.3125,94,6,6,いいえ,ハンザギルドさん / モチノ・ウオ丸 / ホルトバージ君 / みどりのたけしマン / ハリウッドナナコ師匠
1,371,em-c69e39cf7701,伏ちゃん,12,1597,516,5,guard,0.1374,0.3125,94,6,6,いいえ,伏ちゃん / モチノ・ウオ丸 / ホルトバージ君 / みどりのたけしマン / ハリウッドナナコ師匠
1,372,em-4bb28e84009d,吉野スライメスト,13,1809,735,5,guard,0.1374,0.3125,95,5,6,いいえ,吉野スライメスト / モチノ・ウオ丸 / ホルトバージ君 / みどりのたけしマン / ハリウッドナナコ師匠
1,373,em-69c457dd7e6a,スミθ＆エð,13,3020,755,2,attribute_guard,0.1374,0.3125,95,5,6,いいえ,スミθ＆エð / モチノ・ウオ丸 / ホルトバージ君 / みどりのたけしマン / ハリウッドナナコ師匠
1,374,em-2a6ad62952da,スホクラント先生,15,1841,904,3,damage_reduction,0.1374,0.3125,97,3,6,いいえ,スホクラント先生 / モチノ・ウオ丸 / ホルトバージ君 / みどりのたけしマン / ハリウッドナナコ師匠
1,375,em-455191024aba,偉いぞさいごー丼,15,2718,1132,3,attribute_guard,0.1374,0.3125,97,3,6,いいえ,偉いぞさいごー丼 / モチノ・ウオ丸 / ホルトバージ君 / みどりのたけしマン / ハリウッドナナコ師匠
1,376,em-d35809f53912,鎌倉式ＤＢ２零式,15,1807,856,9,guard,0.1374,0.3125,97,3,6,いいえ,鎌倉式ＤＢ２零式 / モチノ・ウオ丸 / ホルトバージ君 / みどりのたけしマン / ハリウッドナナコ師匠
1,377,em-6f76a23db620,伏姫さま,17,2006,676,4,guard,0.1374,0.3125,99,1,6,いいえ,伏姫さま / モチノ・ウオ丸 / ホルトバージ君 / みどりのたけしマン / ハリウッドナナコ師匠
1,378,em-32f5c4968406,正月カナちゃん。,66,5282,5282,6,revive,0.1374,0.3125,99,1,4,いいえ,正月カナちゃん。 / 試作型おこしん / 得琉田浜蔵 / ＢＥＷ雪玉 / ハリウッドナナコ師匠
1,379,em-7f58743c664e,ポリミタス☆おかいこ,34,4771,3069,2,attribute_change,0.1374,0.3125,100,0,5,いいえ,ポリミタス☆おかいこ / アレス暮らし / ホルトバージ君 / トキシッくんｵｯｽｵｯｽ / ネムりん
1,380,em-f13a3baa139d,伝説のビスカやん！,9,1893,1241,2,skill_reduction,0.1365,0.2917,94,6,6,いいえ,伝説のビスカやん！ / モチノ・ウオ丸 / ホルトバージ君 / ????? / 眠里　不可緒
1,381,em-1374a3351d4c,忍！fuま＆voたん,17,1510,1510,3,guard,0.1365,0.2917,94,6,6,いいえ,忍！fuま＆voたん / アレス暮らし / ホルトバージ君 / ????? / 眠里　不可緒
1,382,em-0c67088a1447,わさわさ大根,11,2623,1184,6,delay,0.1365,0.2917,96,4,6,いいえ,わさわさ大根 / モチノ・ウオ丸 / ホルトバージ君 / ????? / 眠里　不可緒
1,383,em-804bc17d075c,雪壁の大谷,11,1500,300,2,damage_reduction,0.1365,0.2917,96,4,6,いいえ,雪壁の大谷 / モチノ・ウオ丸 / ホルトバージ君 / ????? / 眠里　不可緒
1,384,em-a85f091d502f,スウェルくん,11,1452,2058,2,damage_reduction,0.1365,0.2917,96,4,6,いいえ,スウェルくん / モチノ・ウオ丸 / ホルトバージ君 / ????? / 眠里　不可緒
1,385,em-080293573ea5,ダヴィアさん,19,2567,1914,2,attack_buff,0.1365,0.2917,96,4,6,いいえ,ダヴィアさん / アレス暮らし / ホルトバージ君 / ????? / 眠里　不可緒
1,386,em-2449b6ff9d58,スマトラのウータン,12,2703,657,2,attribute_change,0.1365,0.2917,97,3,6,いいえ,スマトラのウータン / モチノ・ウオ丸 / ホルトバージ君 / ????? / 眠里　不可緒
1,387,em-8646cdffe6eb,ブーナッドさん,12,1700,300,3,heal,0.1365,0.2917,97,3,6,いいえ,ブーナッドさん / モチノ・ウオ丸 / ホルトバージ君 / ????? / 眠里　不可緒
1,388,em-908fa1696f0d,速いぞサラマンダー！,12,3186,1431,6,skill_reduction,0.1365,0.2917,97,3,6,いいえ,速いぞサラマンダー！ / モチノ・ウオ丸 / ホルトバージ君 / ????? / 眠里　不可緒
1,389,em-aae1801458f8,ɚすぃとあろま？,12,3748,681,3,guard,0.1365,0.2917,97,3,6,いいえ,ɚすぃとあろま？ / モチノ・ウオ丸 / ホルトバージ君 / ????? / 眠里　不可緒
1,390,em-48860dff9f84,カナ★パラ,20,1661,1812,5,revive,0.1365,0.2917,97,3,6,いいえ,カナ★パラ / アレス暮らし / ホルトバージ君 / ????? / 眠里　不可緒
1,391,em-7fd9b48cee31,七夕星人☆たたるんるん,20,3220,1610,2,attack_buff,0.1365,0.2917,97,3,6,いいえ,七夕星人☆たたるんるん / アレス暮らし / ホルトバージ君 / ????? / 眠里　不可緒
1,392,em-c545b5a51997,トリニダの怪人,13,4077,1057,2,skill_reduction,0.1365,0.2917,98,2,6,いいえ,トリニダの怪人 / モチノ・ウオ丸 / ホルトバージ君 / ????? / 眠里　不可緒
1,393,em-ec43e91715ed,大谷雪之ちゃん,13,3171,604,2,damage_reduction,0.1365,0.2917,98,2,6,いいえ,大谷雪之ちゃん / モチノ・ウオ丸 / ホルトバージ君 / ????? / 眠里　不可緒
1,394,em-9cc423bd9843,沼んだーライド！,21,1585,1887,5,aoe_attack,0.1365,0.2917,98,2,6,いいえ,沼んだーライド！ / アレス暮らし / ホルトバージ君 / ????? / 眠里　不可緒
1,395,em-1eb8ca42b88a,日南のモア蔵,14,3534,424,3,guard,0.1365,0.2917,99,1,6,いいえ,日南のモア蔵 / モチノ・ウオ丸 / ホルトバージ君 / ????? / 眠里　不可緒
1,396,em-299066b18ca7,バイカル子,14,2999,499,5,attribute_guard,0.1365,0.2917,99,1,6,いいえ,バイカル子 / モチノ・ウオ丸 / ホルトバージ君 / ????? / 眠里　不可緒
1,397,em-86b9ae60356a,ブーナッドさま,14,2100,400,2,heal,0.1365,0.2917,99,1,6,いいえ,ブーナッドさま / モチノ・ウオ丸 / ホルトバージ君 / ????? / 眠里　不可緒
1,398,em-2110fa48fdc1,グリンすマン・ﾌｨｰﾊﾞｰ!,22,1661,1736,5,delay,0.1365,0.2917,99,1,6,いいえ,グリンすマン・ﾌｨｰﾊﾞｰ! / アレス暮らし / ホルトバージ君 / ????? / 眠里　不可緒
1,399,em-cfe553ea56a6,あまのちゃんパイセン,22,3220,805,3,multi_hit_attack,0.1365,0.2917,99,1,6,いいえ,あまのちゃんパイセン / アレス暮らし / ホルトバージ君 / ????? / 眠里　不可緒
1,400,em-dd80c8492923,?????,22,3067,1533,1,attack_buff,0.1365,0.2917,99,1,6,いいえ,????? / アレス暮らし / ホルトバージ君 / ????? / 眠里　不可緒
1,401,em-423f5963c7c2,超患部ぴよフェッサー,15,3220,2093,2,revive,0.1365,0.2917,100,0,6,いいえ,超患部ぴよフェッサー / モチノ・ウオ丸 / ホルトバージ君 / ????? / 眠里　不可緒
1,402,em-8a847b9e3d1d,アストロ・あっしゅ,15,1900,1100,5,attribute_guard,0.1365,0.2917,100,0,6,いいえ,アストロ・あっしゅ / モチノ・ウオ丸 / ホルトバージ君 / ????? / 眠里　不可緒
1,403,em-b9b869c15b9f,ルリマダラー,15,3786,378,2,attribute_guard,0.1365,0.2917,100,0,6,いいえ,ルリマダラー / モチノ・ウオ丸 / ホルトバージ君 / ????? / 眠里　不可緒
1,404,em-bd2931324bdc,夢ナマコちゃん,15,1976,1090,6,attribute_guard,0.1365,0.2917,100,0,6,いいえ,夢ナマコちゃん / モチノ・ウオ丸 / ホルトバージ君 / ????? / 眠里　不可緒
1,405,em-d9ea7f0897f2,山ガール！？さなこりん,15,2567,1225,6,multi_hit_attack,0.1365,0.2917,100,0,6,いいえ,山ガール！？さなこりん / モチノ・ウオ丸 / ホルトバージ君 / ????? / 眠里　不可緒
1,406,em-e63df2359896,世界遺産な白鷺嬢,15,2100,600,3,heal,0.1365,0.2917,100,0,6,いいえ,世界遺産な白鷺嬢 / モチノ・ウオ丸 / ホルトバージ君 / ????? / 眠里　不可緒
1,407,em-f13588602944,生イカのアーニー,15,3220,1610,4,attack_buff,0.1365,0.2917,100,0,6,いいえ,生イカのアーニー / モチノ・ウオ丸 / ホルトバージ君 / ????? / 眠里　不可緒
1,408,em-fea44f2a7dd8,だが男だ彦にゃん,15,2793,1132,3,skill_reduction,0.1365,0.2917,100,0,6,いいえ,だが男だ彦にゃん / モチノ・ウオ丸 / ホルトバージ君 / ????? / 眠里　不可緒
1,409,em-237ca774c5e5,ルナプリ☆かぐや様,66,8861,1584,1,aoe_attack,0.1266,0.2708,100,0,4,いいえ,ルナプリ☆かぐや様 / 総統エビユルゲ / 試作型おこしん / ????? / ハリウッドナナコ師匠
1,410,em-9999a53f68e1,牛タソ,5,500,50,3,guard,0.1257,0.2917,93,7,6,いいえ,牛タソ / モチノ・ウオ丸 / ホルトバージ君 / ????? / 鎌倉式ＤＢ２涅槃型改
1,411,em-11cceded3ad2,創造主・アヌンナキ,70,4260,5964,3,damage_reduction,0.1257,0.2917,97,3,3,いいえ,創造主・アヌンナキ / 総統エビユルゲ / 試作型おこしん / ＢＥＷ雪玉 / ハリウッドナナコ師匠
1,412,em-fa2d14d3eb33,大天姿☆ぴよ子,46,7572,756,5,skill_reduction,0.1257,0.2917,98,2,5,いいえ,大天姿☆ぴよ子 / アレス暮らし / ????? / ＢＥＷ雪玉 / ハリウッドナナコ師匠
1,413,em-fc61ebfabf67,(Ｕ^ω^)亭馬琴,20,2576,644,0,guard,0.1257,0.2917,100,0,6,いいえ,(Ｕ^ω^)亭馬琴 / アレス暮らし / ホルトバージ君 / ????? / 鎌倉式ＤＢ２涅槃型改
1,414,em-5f9efdc805e5,呼んでますトムさん,15,1269,1269,3,attribute_guard,0.1181,0.25,97,3,6,いいえ,呼んでますトムさん / モチノ・ウオ丸 / 試作型おこしん / みどりのたけしマン / 鎌倉式ＤＢ２涅槃型改
1,415,em-0e768525b557,ヘラクレス先輩,70,5885,6230,4,multi_hit_attack,0.1155,0.2917,100,0,3,いいえ,ヘラクレス先輩 / 試作型おこしん / トキシッくんｵｯｽｵｯｽ / ＢＥＷ雪玉 / ハリウッドナナコ師匠
1,416,em-0051409a8e1f,芹沢さん,8,604,597,4,guard,0.115,0.2708,93,7,6,いいえ,芹沢さん / モチノ・ウオ丸 / ホルトバージ君 / ????? / 眠里　不可緒
1,417,em-13af16d2213d,ににぎくん,8,590,630,6,attack_buff,0.115,0.2708,93,7,6,いいえ,ににぎくん / モチノ・ウオ丸 / ホルトバージ君 / ????? / 眠里　不可緒
1,418,em-1b8d4b845182,キャミーという女,8,600,800,4,heal,0.115,0.2708,93,7,6,いいえ,キャミーという女 / モチノ・ウオ丸 / ホルトバージ君 / ????? / 眠里　不可緒
1,419,em-20df4bd7efaf,白鷺嬢,8,800,420,3,heal,0.115,0.2708,93,7,6,いいえ,白鷺嬢 / モチノ・ウオ丸 / ホルトバージ君 / ????? / 眠里　不可緒
1,420,em-278299c58131,けねず君,8,603,603,5,damage_reduction,0.115,0.2708,93,7,6,いいえ,けねず君 / モチノ・ウオ丸 / ホルトバージ君 / ????? / 眠里　不可緒
1,421,em-2d8e102d95f3,えぇじゃないか,8,640,580,7,aoe_attack,0.115,0.2708,93,7,6,いいえ,えぇじゃないか / モチノ・ウオ丸 / ホルトバージ君 / ????? / 眠里　不可緒
1,422,em-31faaa08a3e5,ジャノメぴよ子,8,1105,1122,7,attribute_guard,0.115,0.2708,93,7,6,いいえ,ジャノメぴよ子 / モチノ・ウオ丸 / ホルトバージ君 / ????? / 眠里　不可緒
1,423,em-428a2893945d,雪愛ちゃん,8,590,630,3,attribute_change,0.115,0.2708,93,7,6,いいえ,雪愛ちゃん / モチノ・ウオ丸 / ホルトバージ君 / ????? / 眠里　不可緒
1,424,em-461e884c1b94,ひろし多美子,8,590,615,6,attack_buff,0.115,0.2708,93,7,6,いいえ,ひろし多美子 / モチノ・ウオ丸 / ホルトバージ君 / ????? / 眠里　不可緒
1,425,em-4d6101ee96b0,フィッシャーマン３,8,520,470,1,heal,0.115,0.2708,93,7,6,いいえ,フィッシャーマン３ / モチノ・ウオ丸 / ホルトバージ君 / ????? / 眠里　不可緒
1,426,em-560cbdf184d6,ユッフィーちゃん,8,606,600,5,attack_buff,0.115,0.2708,93,7,6,いいえ,ユッフィーちゃん / モチノ・ウオ丸 / ホルトバージ君 / ????? / 眠里　不可緒
1,427,em-573a74e6170b,God of 魚ぉ！,8,1269,1128,4,heal,0.115,0.2708,93,7,6,いいえ,God of 魚ぉ！ / モチノ・ウオ丸 / ホルトバージ君 / ????? / 眠里　不可緒
1,428,em-577ab88ffefc,河口精進子,8,800,1100,7,delay,0.115,0.2708,93,7,6,いいえ,河口精進子 / モチノ・ウオ丸 / ホルトバージ君 / ????? / 眠里　不可緒
1,429,em-57e25e9e3446,にゅーくん,8,400,1700,4,guard,0.115,0.2708,93,7,6,いいえ,にゅーくん / モチノ・ウオ丸 / ホルトバージ君 / ????? / 眠里　不可緒
1,430,em-5a3daf6cbf77,白良さん,8,600,605,4,attack_buff,0.115,0.2708,93,7,6,いいえ,白良さん / モチノ・ウオ丸 / ホルトバージ君 / ????? / 眠里　不可緒
1,431,em-6ed81c8341b0,萌やし紳士,8,308,898,4,attack_buff,0.115,0.2708,93,7,6,いいえ,萌やし紳士 / モチノ・ウオ丸 / ホルトバージ君 / ????? / 眠里　不可緒
1,432,em-74a94c7750af,スーちゃん,8,603,603,1,attribute_change,0.115,0.2708,93,7,6,いいえ,スーちゃん / モチノ・ウオ丸 / ホルトバージ君 / ????? / 眠里　不可緒
1,433,em-794f6427298a,さいごー丼,8,830,476,3,attribute_guard,0.115,0.2708,93,7,6,いいえ,さいごー丼 / モチノ・ウオ丸 / ホルトバージ君 / ????? / 眠里　不可緒
1,434,em-8421c50f30c7,しょーかさん,8,700,800,6,multi_hit_attack,0.115,0.2708,93,7,6,いいえ,しょーかさん / モチノ・ウオ丸 / ホルトバージ君 / ????? / 眠里　不可緒
1,435,em-842f3d28d20e,のり男師匠,8,1285,1118,2,attribute_guard,0.115,0.2708,93,7,6,いいえ,のり男師匠 / モチノ・ウオ丸 / ホルトバージ君 / ????? / 眠里　不可緒
1,436,em-883c35b094ae,淡路でくろこップ,8,605,600,8,skill_reduction,0.115,0.2708,93,7,6,いいえ,淡路でくろこップ / モチノ・ウオ丸 / ホルトバージ君 / ????? / 眠里　不可緒
1,437,em-89dedc914b10,ふーちゃん,8,1014,413,5,guard,0.115,0.2708,93,7,6,いいえ,ふーちゃん / モチノ・ウオ丸 / ホルトバージ君 / ????? / 眠里　不可緒
1,438,em-9625a8dc4056,祟らない幽子,8,370,410,7,revive,0.115,0.2708,93,7,6,いいえ,祟らない幽子 / モチノ・ウオ丸 / ホルトバージ君 / ????? / 眠里　不可緒
1,439,em-983228ce32d4,あっしゅTHEｷｬｯﾄ,8,1300,500,5,attribute_guard,0.115,0.2708,93,7,6,いいえ,あっしゅTHEｷｬｯﾄ / モチノ・ウオ丸 / ホルトバージ君 / ????? / 眠里　不可緒
1,440,em-99ad2fb4f1bc,いはとくん,8,580,640,3,delay,0.115,0.2708,93,7,6,いいえ,いはとくん / モチノ・ウオ丸 / ホルトバージ君 / ????? / 眠里　不可緒
1,441,em-99d6f9e928d6,京子中学２４年生,8,620,612,4,damage_reduction,0.115,0.2708,93,7,6,いいえ,京子中学２４年生 / モチノ・ウオ丸 / ホルトバージ君 / ????? / 眠里　不可緒
1,442,em-a6927eca01fa,すわ子ちゃん,8,500,800,6,multi_hit_attack,0.115,0.2708,93,7,6,いいえ,すわ子ちゃん / モチノ・ウオ丸 / ホルトバージ君 / ????? / 眠里　不可緒
1,443,em-af3decda6522,式部卿鮒麿,8,640,565,5,heal,0.115,0.2708,93,7,6,いいえ,式部卿鮒麿 / モチノ・ウオ丸 / ホルトバージ君 / ????? / 眠里　不可緒
1,444,em-b5fa3fe8e44e,ディープワン・ゴロウ,8,1214,1189,2,attack_buff,0.115,0.2708,93,7,6,いいえ,ディープワン・ゴロウ / モチノ・ウオ丸 / ホルトバージ君 / ????? / 眠里　不可緒
1,445,em-ce7e2e4f30af,らん坊,8,580,626,4,skill_reduction,0.115,0.2708,93,7,6,いいえ,らん坊 / モチノ・ウオ丸 / ホルトバージ君 / ????? / 眠里　不可緒
1,446,em-ceecd3afdba6,おかいこちゃん,8,614,613,6,attribute_change,0.115,0.2708,93,7,6,いいえ,おかいこちゃん / モチノ・ウオ丸 / ホルトバージ君 / ????? / 眠里　不可緒
1,447,em-d46e72def2a2,いつくしーみん,8,380,840,2,attack_buff,0.115,0.2708,93,7,6,いいえ,いつくしーみん / モチノ・ウオ丸 / ホルトバージ君 / ????? / 眠里　不可緒
1,448,em-d80a2b82ab9f,ブーナッドちゃん,8,1200,200,3,heal,0.115,0.2708,93,7,6,いいえ,ブーナッドちゃん / モチノ・ウオ丸 / ホルトバージ君 / ????? / 眠里　不可緒
1,449,em-e31de348c40b,湘南ボーイ,8,300,700,4,attack_buff,0.115,0.2708,93,7,6,いいえ,湘南ボーイ / モチノ・ウオ丸 / ホルトバージ君 / ????? / 眠里　不可緒
1,450,em-e3dab98c64af,試作型おこしん,8,2265,1510,2,attribute_guard,0.115,0.2708,93,7,5,いいえ,試作型おこしん / モチノ・ウオ丸 / ホルトバージ君 / ????? / 眠里　不可緒
1,451,em-e7b02783dd94,梵天ちゃん,8,500,700,8,aoe_attack,0.115,0.2708,93,7,6,いいえ,梵天ちゃん / モチノ・ウオ丸 / ホルトバージ君 / ????? / 眠里　不可緒
1,452,em-ebf10919d982,ミラクル凜子,8,700,704,4,attack_buff,0.115,0.2708,93,7,6,いいえ,ミラクル凜子 / モチノ・ウオ丸 / ホルトバージ君 / ????? / 眠里　不可緒
1,453,em-f0bd2d18332e,Woo怪さん,8,600,700,6,multi_hit_attack,0.115,0.2708,93,7,6,いいえ,Woo怪さん / モチノ・ウオ丸 / ホルトバージ君 / ????? / 眠里　不可緒
1,454,em-f7e845fc0a39,鎌倉式ＤＢ２,8,811,412,7,guard,0.115,0.2708,93,7,6,いいえ,鎌倉式ＤＢ２ / モチノ・ウオ丸 / ホルトバージ君 / ????? / 眠里　不可緒
1,455,em-f8d808926639,吉野スライミング,8,690,390,5,guard,0.115,0.2708,93,7,6,いいえ,吉野スライミング / モチノ・ウオ丸 / ホルトバージ君 / ????? / 眠里　不可緒
1,456,em-04cdb17f3b71,ひろし多め,9,690,714,6,attack_buff,0.115,0.2708,94,6,6,いいえ,ひろし多め / モチノ・ウオ丸 / ホルトバージ君 / ????? / 眠里　不可緒
1,457,em-0add6b5a96ff,朦朧ボディマンα,9,300,1000,10,multi_hit_attack,0.115,0.2708,94,6,6,いいえ,朦朧ボディマンα / モチノ・ウオ丸 / ホルトバージ君 / ????? / 眠里　不可緒
1,458,em-198e928f6d0b,なるとマン,9,800,700,4,attack_buff,0.115,0.2708,94,6,6,いいえ,なるとマン / モチノ・ウオ丸 / ホルトバージ君 / ????? / 眠里　不可緒
1,459,em-1cb67f0b7d2d,スノーな大谷,9,1100,200,2,damage_reduction,0.115,0.2708,94,6,6,いいえ,スノーな大谷 / モチノ・ウオ丸 / ホルトバージ君 / ????? / 眠里　不可緒
1,460,em-2c819cc3029c,お稲荷さん,9,808,808,3,attack_buff,0.115,0.2708,94,6,6,いいえ,お稲荷さん / モチノ・ウオ丸 / ホルトバージ君 / ????? / 眠里　不可緒
1,461,em-2f5dd4b0a739,大内先輩,9,800,800,4,heal,0.115,0.2708,94,6,6,いいえ,大内先輩 / モチノ・ウオ丸 / ホルトバージ君 / ????? / 眠里　不可緒
1,462,em-30a1d9f3d52f,けねずさん,9,702,702,5,damage_reduction,0.115,0.2708,94,6,6,いいえ,けねずさん / モチノ・ウオ丸 / ホルトバージ君 / ????? / 眠里　不可緒
1,463,em-3725122fa93d,ホーク元船員,9,600,850,1,attribute_guard,0.115,0.2708,94,6,6,いいえ,ホーク元船員 / モチノ・ウオ丸 / ホルトバージ君 / ????? / 眠里　不可緒
1,464,em-4694b1a256f8,悪魔！いびるん,9,600,700,5,guard,0.115,0.2708,94,6,6,いいえ,悪魔！いびるん / モチノ・ウオ丸 / ホルトバージ君 / ????? / 眠里　不可緒
1,465,em-484d995e3adb,くノ一！ヴォたん,9,700,700,4,guard,0.115,0.2708,94,6,6,いいえ,くノ一！ヴォたん / モチノ・ウオ丸 / ホルトバージ君 / ????? / 眠里　不可緒
1,466,em-4bde1481e932,黒電話おぅぼっと,9,1000,400,4,damage_reduction,0.115,0.2708,94,6,6,いいえ,黒電話おぅぼっと / モチノ・ウオ丸 / ホルトバージ君 / ????? / 眠里　不可緒
1,467,em-4eb01150430f,ミス・エズさん,9,1100,300,4,attribute_guard,0.115,0.2708,94,6,6,いいえ,ミス・エズさん / モチノ・ウオ丸 / ホルトバージ君 / ????? / 眠里　不可緒
1,468,em-4fddbba71de4,大熊びぐべん,9,600,700,2,attack_buff,0.115,0.2708,94,6,6,いいえ,大熊びぐべん / モチノ・ウオ丸 / ホルトバージ君 / ????? / 眠里　不可緒
1,469,em-5c824e4dff20,ほたるんるん,9,1000,1500,3,attribute_change,0.115,0.2708,94,6,6,いいえ,ほたるんるん / モチノ・ウオ丸 / ホルトバージ君 / ????? / 眠里　不可緒
1,470,em-618de9bba906,関大先生,9,1201,1201,3,guard,0.115,0.2708,94,6,6,いいえ,関大先生 / モチノ・ウオ丸 / ホルトバージ君 / ????? / 眠里　不可緒
1,471,em-6cbfcc23cd10,発光大王ほたるーニャ,9,1057,1198,3,attribute_change,0.115,0.2708,94,6,6,いいえ,発光大王ほたるーニャ / モチノ・ウオ丸 / ホルトバージ君 / ????? / 眠里　不可緒
1,472,em-826b6ae61786,スワン王,9,1229,1173,4,skill_reduction,0.115,0.2708,94,6,6,いいえ,スワン王 / モチノ・ウオ丸 / ホルトバージ君 / ????? / 眠里　不可緒
1,473,em-87b19d1c9d4e,ベリーズさん,9,1057,1692,5,attack_buff,0.115,0.2708,94,6,6,いいえ,ベリーズさん / モチノ・ウオ丸 / ホルトバージ君 / ????? / 眠里　不可緒
1,474,em-950b687b1f04,タオるん先輩,9,700,900,4,attribute_guard,0.115,0.2708,94,6,6,いいえ,タオるん先輩 / モチノ・ウオ丸 / ホルトバージ君 / ????? / 眠里　不可緒
1,475,em-a16d639a61fc,水軍衆かっさーのん,9,1128,1269,3,attack_buff,0.115,0.2708,94,6,6,いいえ,水軍衆かっさーのん / モチノ・ウオ丸 / ホルトバージ君 / ????? / 眠里　不可緒
1,476,em-a71ad4631750,絶許！近所のあん子,9,1131,989,4,heal,0.115,0.2708,94,6,6,いいえ,絶許！近所のあん子 / モチノ・ウオ丸 / ホルトバージ君 / ????? / 眠里　不可緒
1,477,em-bff3cff5162a,トキシッくんｵｯｽｵｯｽ,9,2253,1267,3,revive,0.115,0.2708,94,6,6,いいえ,トキシッくんｵｯｽｵｯｽ / モチノ・ウオ丸 / ホルトバージ君 / ????? / 眠里　不可緒
1,478,em-c301debd22fc,やまとーる海尉,9,900,600,6,damage_reduction,0.115,0.2708,94,6,6,いいえ,やまとーる海尉 / モチノ・ウオ丸 / ホルトバージ君 / ????? / 眠里　不可緒
1,479,em-c6785d8f86c3,中央アルプスの犬,9,600,400,2,damage_reduction,0.115,0.2708,94,6,6,いいえ,中央アルプスの犬 / モチノ・ウオ丸 / ホルトバージ君 / ????? / 眠里　不可緒
1,480,em-c8d0b7ef1b10,めい子お姉さま,9,1159,1244,4,attribute_guard,0.115,0.2708,94,6,6,いいえ,めい子お姉さま / モチノ・ウオ丸 / ホルトバージ君 / ????? / 眠里　不可緒
1,481,em-cc9db541b1b4,メル子さん,9,600,700,4,attack_buff,0.115,0.2708,94,6,6,いいえ,メル子さん / モチノ・ウオ丸 / ホルトバージ君 / ????? / 眠里　不可緒
1,482,em-cfa8f59c143b,いぬやマン再び,9,500,500,7,attack_buff,0.115,0.2708,94,6,6,いいえ,いぬやマン再び / モチノ・ウオ丸 / ホルトバージ君 / ????? / 眠里　不可緒
1,483,em-d7e5ef0e4b97,実はこんにゃくちゃん,9,1198,1204,7,guard,0.115,0.2708,94,6,6,いいえ,実はこんにゃくちゃん / モチノ・ウオ丸 / ホルトバージ君 / ????? / 眠里　不可緒
1,484,em-dd5697e42ab7,まお先輩,9,600,850,5,skill_reduction,0.115,0.2708,94,6,6,いいえ,まお先輩 / モチノ・ウオ丸 / ホルトバージ君 / ????? / 眠里　不可緒
1,485,em-e37685227f53,さくちゃん,9,680,724,5,skill_reduction,0.115,0.2708,94,6,6,いいえ,さくちゃん / モチノ・ウオ丸 / ホルトバージ君 / ????? / 眠里　不可緒
1,486,em-e4cc96d741ac,クル彦さん,9,702,702,1,attribute_change,0.115,0.2708,94,6,6,いいえ,クル彦さん / モチノ・ウオ丸 / ホルトバージ君 / ????? / 眠里　不可緒
1,487,em-e501cdcbd254,サタデーナイト郡上２,9,600,700,6,aoe_attack,0.115,0.2708,94,6,6,いいえ,サタデーナイト郡上２ / モチノ・ウオ丸 / ホルトバージ君 / ????? / 眠里　不可緒
1,488,em-e718c5b250d7,彩れくたにん,9,600,700,2,attribute_change,0.115,0.2708,94,6,6,いいえ,彩れくたにん / モチノ・ウオ丸 / ホルトバージ君 / ????? / 眠里　不可緒
1,489,em-e7adf536ba2f,やまなしーヌさま,9,500,600,5,skill_reduction,0.115,0.2708,94,6,6,いいえ,やまなしーヌさま / モチノ・ウオ丸 / ホルトバージ君 / ????? / 眠里　不可緒
1,490,em-fe5ed60fbf2d,強いぞさいごー丼,9,930,574,3,attribute_guard,0.115,0.2708,94,6,6,いいえ,強いぞさいごー丼 / モチノ・ウオ丸 / ホルトバージ君 / ????? / 眠里　不可緒
1,491,em-35e37020b193,æッシュちゃん,17,3542,2254,5,attribute_guard,0.115,0.2708,94,6,6,いいえ,æッシュちゃん / アレス暮らし / ホルトバージ君 / ????? / 眠里　不可緒
1,492,em-40c34074cbb0,おかいこさま,17,2756,2511,4,attribute_change,0.115,0.2708,94,6,6,いいえ,おかいこさま / アレス暮らし / ホルトバージ君 / ????? / 眠里　不可緒
1,493,em-712f122e2051,オロモ君は欝気味,17,1536,2684,1,guard,0.115,0.2708,94,6,6,いいえ,オロモ君は欝気味 / アレス暮らし / ホルトバージ君 / ????? / 眠里　不可緒
1,494,em-879d09afc46a,アイアン下仁田,17,907,900,2,guard,0.115,0.2708,94,6,6,いいえ,アイアン下仁田 / アレス暮らし / ホルトバージ君 / ????? / 眠里　不可緒
1,495,em-9d5f7901aacf,サタデーナイト☆郡上,17,1812,1963,5,aoe_attack,0.115,0.2708,94,6,6,いいえ,サタデーナイト☆郡上 / アレス暮らし / ホルトバージ君 / ????? / 眠里　不可緒
1,496,em-b08b3e6f22a8,フィッシャーマン三平,17,1286,1316,2,guard,0.115,0.2708,94,6,6,いいえ,フィッシャーマン三平 / アレス暮らし / ホルトバージ君 / ????? / 眠里　不可緒
1,497,em-c816189f2294,ブッダがやって来る！,17,1510,1510,2,delay,0.115,0.2708,94,6,6,いいえ,ブッダがやって来る！ / アレス暮らし / ホルトバージ君 / ????? / 眠里　不可緒
1,498,em-d0ce0f8b817c,あまのさんちゃん,17,600,300,4,multi_hit_attack,0.115,0.2708,94,6,6,いいえ,あまのさんちゃん / アレス暮らし / ホルトバージ君 / ????? / 眠里　不可緒
1,499,em-e5027c0cc6fa,みかんの姐御,17,2265,1510,3,aoe_attack,0.115,0.2708,94,6,6,いいえ,みかんの姐御 / アレス暮らし / ホルトバージ君 / ????? / 眠里　不可緒
1,500,em-f334c541bf84,納得ん★福曼荼羅,17,1763,1860,2,attribute_change,0.115,0.2708,94,6,6,いいえ,納得ん★福曼荼羅 / アレス暮らし / ホルトバージ君 / ????? / 眠里　不可緒
1,501,em-f49b19428b58,ちび丸のハロウィン,17,255,2896,4,revive,0.115,0.2708,94,6,6,いいえ,ちび丸のハロウィン / アレス暮らし / ホルトバージ君 / ????? / 眠里　不可緒
1,502,em-f5c067498bab,深窓のやまなしーヌ,17,1661,1812,3,skill_reduction,0.115,0.2708,94,6,6,いいえ,深窓のやまなしーヌ / アレス暮らし / ホルトバージ君 / ????? / 眠里　不可緒
1,503,em-f7db929b2ed5,シャボテンの世界,17,1510,1812,5,revive,0.115,0.2708,94,6,6,いいえ,シャボテンの世界 / アレス暮らし / ホルトバージ君 / ????? / 眠里　不可緒
1,504,em-fe9fc4184474,聖えぇじゃないか,17,2817,2334,4,aoe_attack,0.115,0.2708,94,6,6,いいえ,聖えぇじゃないか / アレス暮らし / ホルトバージ君 / ????? / 眠里　不可緒
1,505,em-1a814a6b20cf,未来のモア蔵,5,920,160,4,guard,0.115,0.2708,95,5,6,いいえ,未来のモア蔵 / 試作型おこしん / ホルトバージ君 / ????? / ラパヌイ先生
1,506,em-1c71acfdc139,星の白金ぴよ子,5,999,999,0,none,0.115,0.2708,95,5,6,いいえ,星の白金ぴよ子 / 試作型おこしん / ホルトバージ君 / ????? / ラパヌイ先生
1,507,em-2ce242ee5866,スノーメン,5,1300,200,5,attack_buff,0.115,0.2708,95,5,6,いいえ,スノーメン / 試作型おこしん / ホルトバージ君 / ????? / ラパヌイ先生
1,508,em-5514b5658aa3,ハリウッドナナコ師匠,5,2503,1093,9,delay,0.115,0.2708,95,5,6,いいえ,ハリウッドナナコ師匠 / 試作型おこしん / ホルトバージ君 / ????? / ラパヌイ先生
1,509,em-1290652c5171,萌やし博士,10,408,1212,4,attack_buff,0.115,0.2708,95,5,6,いいえ,萌やし博士 / モチノ・ウオ丸 / ホルトバージ君 / ????? / 眠里　不可緒
1,510,em-19a1ef813069,絶品！さくらん兄妹,10,780,820,5,skill_reduction,0.115,0.2708,95,5,6,いいえ,絶品！さくらん兄妹 / モチノ・ウオ丸 / ホルトバージ君 / ????? / 眠里　不可緒
1,511,em-2b3991ed5705,伝統の牛タソ,10,600,100,4,guard,0.115,0.2708,95,5,6,いいえ,伝統の牛タソ / モチノ・ウオ丸 / ホルトバージ君 / ????? / 眠里　不可緒
1,512,em-4980bf27b119,淡路な浄瑠璃さん,10,708,700,7,skill_reduction,0.115,0.2708,95,5,6,いいえ,淡路な浄瑠璃さん / モチノ・ウオ丸 / ホルトバージ君 / ????? / 眠里　不可緒
1,513,em-511e9ea676be,Woo怪さま,10,700,1100,5,multi_hit_attack,0.115,0.2708,95,5,6,いいえ,Woo怪さま / モチノ・ウオ丸 / ホルトバージ君 / ????? / 眠里　不可緒
1,514,em-535fe684b32f,新・フィッシャーマン,10,1286,1116,1,heal,0.115,0.2708,95,5,6,いいえ,新・フィッシャーマン / モチノ・ウオ丸 / ホルトバージ君 / ????? / 眠里　不可緒
1,515,em-53cfa10130db,みさきちゃん,10,800,1000,5,multi_hit_attack,0.115,0.2708,95,5,6,いいえ,みさきちゃん / モチノ・ウオ丸 / ホルトバージ君 / ????? / 眠里　不可緒
1,516,em-54f582db41b4,みかん姉さん,10,1000,500,6,aoe_attack,0.115,0.2708,95,5,6,いいえ,みかん姉さん / モチノ・ウオ丸 / ホルトバージ君 / ????? / 眠里　不可緒
1,517,em-5c4a86842734,芹沢殿,10,703,698,3,guard,0.115,0.2708,95,5,6,いいえ,芹沢殿 / モチノ・ウオ丸 / ホルトバージ君 / ????? / 眠里　不可緒
1,518,em-618372c0cf56,しょーか先生,10,800,900,5,multi_hit_attack,0.115,0.2708,95,5,6,いいえ,しょーか先生 / モチノ・ウオ丸 / ホルトバージ君 / ????? / 眠里　不可緒
1,519,em-7affb78d3b91,渇求するネギの果て,10,754,754,4,guard,0.115,0.2708,95,5,6,いいえ,渇求するネギの果て / モチノ・ウオ丸 / ホルトバージ君 / ????? / 眠里　不可緒
1,520,em-7f906b3752a5,華麗なびわ子たん,10,1213,1190,3,damage_reduction,0.115,0.2708,95,5,6,いいえ,華麗なびわ子たん / モチノ・ウオ丸 / ホルトバージ君 / ????? / 眠里　不可緒
1,521,em-86b8f3a86278,レボリューション凜子,10,800,800,4,attack_buff,0.115,0.2708,95,5,6,いいえ,レボリューション凜子 / モチノ・ウオ丸 / ホルトバージ君 / ????? / 眠里　不可緒
1,522,em-87d7d883c438,ニートエンペラー,10,459,565,7,damage_reduction,0.115,0.2708,95,5,6,いいえ,ニートエンペラー / モチノ・ウオ丸 / ホルトバージ君 / ????? / 眠里　不可緒
1,523,em-88669edc6480,京子はまだやれる！,10,718,694,4,damage_reduction,0.115,0.2708,95,5,6,いいえ,京子はまだやれる！ / モチノ・ウオ丸 / ホルトバージ君 / ????? / 眠里　不可緒
1,524,em-a5abadbcbc7d,ちょーカーちゃん,10,700,900,5,delay,0.115,0.2708,95,5,6,いいえ,ちょーカーちゃん / モチノ・ウオ丸 / ホルトバージ君 / ????? / 眠里　不可緒
1,525,em-a5c7dcdde3ff,水島神人発見される,10,900,400,4,guard,0.115,0.2708,95,5,6,いいえ,水島神人発見される / モチノ・ウオ丸 / ホルトバージ君 / ????? / 眠里　不可緒
1,526,em-a66f91385c36,伝説のキャミー,10,700,1100,4,heal,0.115,0.2708,95,5,6,いいえ,伝説のキャミー / モチノ・ウオ丸 / ホルトバージ君 / ????? / 眠里　不可緒
1,527,em-d6cc97b363eb,ユウレイイカさん,10,1363,1704,5,revive,0.115,0.2708,95,5,6,いいえ,ユウレイイカさん / モチノ・ウオ丸 / ホルトバージ君 / ????? / 眠里　不可緒
1,528,em-da4562cd6142,プレーン下仁田,10,500,500,4,guard,0.115,0.2708,95,5,6,いいえ,プレーン下仁田 / モチノ・ウオ丸 / ホルトバージ君 / ????? / 眠里　不可緒
1,529,em-db1935c2a136,コーベリアル公爵,10,1229,1173,1,attribute_guard,0.115,0.2708,95,5,6,いいえ,コーベリアル公爵 / モチノ・ウオ丸 / ホルトバージ君 / ????? / 眠里　不可緒
1,530,em-ec52e54bb473,ﾀｰｷｰﾃﾞ-なじとっこ君,10,706,2403,4,attack_buff,0.115,0.2708,95,5,6,いいえ,ﾀｰｷｰﾃﾞ-なじとっこ君 / モチノ・ウオ丸 / ホルトバージ君 / ????? / 眠里　不可緒
1,531,em-ed68f4e03a58,欣喜ぴよ子,10,1785,1812,2,guard,0.115,0.2708,95,5,6,いいえ,欣喜ぴよ子 / モチノ・ウオ丸 / ホルトバージ君 / ????? / 眠里　不可緒
1,532,em-f8a40042a8dc,王家の騎士,10,650,550,8,attribute_guard,0.115,0.2708,95,5,6,いいえ,王家の騎士 / モチノ・ウオ丸 / ホルトバージ君 / ????? / 眠里　不可緒
1,533,em-fd2a055eb394,コニー＆ギャリー,10,500,500,3,damage_reduction,0.115,0.2708,95,5,6,いいえ,コニー＆ギャリー / モチノ・ウオ丸 / ホルトバージ君 / ????? / 眠里　不可緒
1,534,em-14ab1de959d7,あくせんと・きゃー子,18,1400,400,6,attribute_change,0.115,0.2708,95,5,6,いいえ,あくせんと・きゃー子 / アレス暮らし / ホルトバージ君 / ????? / 眠里　不可緒
1,535,em-1cd0c7153e75,みさき先輩,18,1400,1600,4,multi_hit_attack,0.115,0.2708,95,5,6,いいえ,みさき先輩 / アレス暮らし / ホルトバージ君 / ????? / 眠里　不可緒
1,536,em-285a6b18bfb1,いろはの曙ちゃん,18,2705,2705,0,heal,0.115,0.2708,95,5,6,いいえ,いろはの曙ちゃん / アレス暮らし / ホルトバージ君 / ????? / 眠里　不可緒
1,537,em-33efacdd0b0b,ににぎ先輩,18,1100,1300,5,attack_buff,0.115,0.2708,95,5,6,いいえ,ににぎ先輩 / アレス暮らし / ホルトバージ君 / ????? / 眠里　不可緒
1,538,em-76311eb8b6ba,Halloweenな藤原マミー,18,1208,1963,5,revive,0.115,0.2708,95,5,6,いいえ,Halloweenな藤原マミー / アレス暮らし / ホルトバージ君 / ????? / 眠里　不可緒
1,539,em-9d861b51bd30,波乗りキング,18,776,2582,3,attack_buff,0.115,0.2708,95,5,6,いいえ,波乗りキング / アレス暮らし / ホルトバージ君 / ????? / 眠里　不可緒
1,540,em-a33630899eb2,河口本栖子,18,1200,1500,6,delay,0.115,0.2708,95,5,6,いいえ,河口本栖子 / アレス暮らし / ホルトバージ君 / ????? / 眠里　不可緒
1,541,em-b71282ef08a8,出番です！鴨先生！,18,1358,1356,2,guard,0.115,0.2708,95,5,6,いいえ,出番です！鴨先生！ / アレス暮らし / ホルトバージ君 / ????? / 眠里　不可緒
1,542,em-d5ed773d56cd,夏至祭のヴァサクサ君,18,3976,2156,2,skill_reduction,0.115,0.2708,95,5,6,いいえ,夏至祭のヴァサクサ君 / アレス暮らし / ホルトバージ君 / ????? / 眠里　不可緒
1,543,em-f76821f7daba,スライディング・ケベック,18,2532,1993,1,attack_buff,0.115,0.2708,95,5,6,いいえ,スライディング・ケベック / アレス暮らし / ホルトバージ君 / ????? / 眠里　不可緒
1,544,em-1555cadff0cf,おぅぼっと,6,800,300,4,damage_reduction,0.115,0.2708,96,4,6,いいえ,おぅぼっと / 試作型おこしん / ホルトバージ君 / ????? / ラパヌイ先生
1,545,em-8d2b5bd68a94,ズースさんとシーラさん,6,800,600,4,attack_buff,0.115,0.2708,96,4,6,いいえ,ズースさんとシーラさん / 試作型おこしん / ホルトバージ君 / ????? / ラパヌイ先生
1,546,em-bbcbbb9fef0a,こっちの大谷,6,1000,100,3,damage_reduction,0.115,0.2708,96,4,6,いいえ,こっちの大谷 / 試作型おこしん / ホルトバージ君 / ????? / ラパヌイ先生
1,547,em-07a788dc89b4,シャボテン丸,11,400,600,6,revive,0.115,0.2708,96,4,6,いいえ,シャボテン丸 / モチノ・ウオ丸 / ホルトバージ君 / ????? / 眠里　不可緒
1,548,em-14bbe92902df,ネムりん,11,2726,1633,5,attack_buff,0.115,0.2708,96,4,6,いいえ,ネムりん / モチノ・ウオ丸 / ホルトバージ君 / ????? / 眠里　不可緒
1,549,em-2625991e40c1,恐れない幽子,11,470,510,6,revive,0.115,0.2708,96,4,6,いいえ,恐れない幽子 / モチノ・ウオ丸 / ホルトバージ君 / ????? / 眠里　不可緒
1,550,em-39a55990bbc4,願え！クルスさん,11,800,800,1,attribute_change,0.115,0.2708,96,4,6,いいえ,願え！クルスさん / モチノ・ウオ丸 / ホルトバージ君 / ????? / 眠里　不可緒
1,551,em-75c067942d62,大内先生,11,1699,1699,4,heal,0.115,0.2708,96,4,6,いいえ,大内先生 / モチノ・ウオ丸 / ホルトバージ君 / ????? / 眠里　不可緒
1,552,em-84808a58aa1d,近江守鮒麿,11,764,640,5,heal,0.115,0.2708,96,4,6,いいえ,近江守鮒麿 / モチノ・ウオ丸 / ホルトバージ君 / ????? / 眠里　不可緒
1,553,em-8cdef0bc7893,戸隠ちび太夫,11,150,1200,3,attack_buff,0.115,0.2708,96,4,6,いいえ,戸隠ちび太夫 / モチノ・ウオ丸 / ホルトバージ君 / ????? / 眠里　不可緒
1,554,em-df28e035685e,ハル先輩,11,626,1096,5,heal,0.115,0.2708,96,4,6,いいえ,ハル先輩 / モチノ・ウオ丸 / ホルトバージ君 / ????? / 眠里　不可緒
1,555,em-1a3ab3b1acf7,聖☆いんてぃないか,19,2817,2334,4,aoe_attack,0.115,0.2708,96,4,6,いいえ,聖☆いんてぃないか / アレス暮らし / ホルトバージ君 / ????? / 眠里　不可緒
1,556,em-210e07c4044b,偉いよ！どうしん先生,19,1245,1155,1,heal,0.115,0.2708,96,4,6,いいえ,偉いよ！どうしん先生 / アレス暮らし / ホルトバージ君 / ????? / 眠里　不可緒
1,557,em-3ad7d27f7887,ハワイる水島神人,19,2567,1208,2,guard,0.115,0.2708,96,4,6,いいえ,ハワイる水島神人 / アレス暮らし / ホルトバージ君 / ????? / 眠里　不可緒
1,558,em-9467ad3af2e0,大杵社のユッフィー,19,1699,1699,5,attack_buff,0.115,0.2708,96,4,6,いいえ,大杵社のユッフィー / アレス暮らし / ホルトバージ君 / ????? / 眠里　不可緒
1,559,em-a41e1401ab71,こんぴらさんさん,19,1500,1500,9,delay,0.115,0.2708,96,4,6,いいえ,こんぴらさんさん / アレス暮らし / ホルトバージ君 / ????? / 眠里　不可緒
1,560,em-b50530766df4,夏の妖精白良さん,19,1699,1699,4,attack_buff,0.115,0.2708,96,4,6,いいえ,夏の妖精白良さん / アレス暮らし / ホルトバージ君 / ????? / 眠里　不可緒
1,561,em-d07cd0c8b0b0,二条城☆浴衣モード,19,2656,2495,1,attribute_guard,0.115,0.2708,96,4,6,いいえ,二条城☆浴衣モード / アレス暮らし / ホルトバージ君 / ????? / 眠里　不可緒
1,562,em-fd111e204918,アルビールパイセン,19,467,2608,3,delay,0.115,0.2708,96,4,6,いいえ,アルビールパイセン / アレス暮らし / ホルトバージ君 / ????? / 眠里　不可緒
1,563,manual-nijo-yukata-mode,二条嬢☆浴衣モード,19,2656,2495,1,attribute_guard,0.115,0.2708,96,4,6,いいえ,二条嬢☆浴衣モード / アレス暮らし / ホルトバージ君 / ????? / 眠里　不可緒
1,564,em-627c09c619f8,さくら…こなのか,7,888,482,1,attribute_guard,0.115,0.2708,97,3,6,いいえ,さくら…こなのか / 試作型おこしん / ホルトバージ君 / ????? / ラパヌイ先生
1,565,em-6c1c64d0e4ed,七夕ぴよ子,7,1104,1104,3,revive,0.115,0.2708,97,3,6,いいえ,七夕ぴよ子 / 試作型おこしん / ホルトバージ君 / ????? / ラパヌイ先生
1,566,em-830856ac5a07,トキシッくん先輩,7,1000,800,4,revive,0.115,0.2708,97,3,6,いいえ,トキシッくん先輩 / 試作型おこしん / ホルトバージ君 / ????? / ラパヌイ先生
1,567,em-916052b33162,リンゴルモア大王,7,1269,1128,3,delay,0.115,0.2708,97,3,6,いいえ,リンゴルモア大王 / 試作型おこしん / ホルトバージ君 / ????? / ラパヌイ先生
1,568,em-999d33621829,おたべ妖精,7,1272,1131,4,delay,0.115,0.2708,97,3,6,いいえ,おたべ妖精 / 試作型おこしん / ホルトバージ君 / ????? / ラパヌイ先生
1,569,em-050f0ee87c24,妖精雪愛さん,12,770,830,2,attribute_change,0.115,0.2708,97,3,6,いいえ,妖精雪愛さん / モチノ・ウオ丸 / ホルトバージ君 / ????? / 眠里　不可緒
1,570,em-0b273c3da2d3,ぴぐぺん＆びぐべん,12,700,900,2,attack_buff,0.115,0.2708,97,3,6,いいえ,ぴぐぺん＆びぐべん / モチノ・ウオ丸 / ホルトバージ君 / ????? / 眠里　不可緒
1,571,em-199bdad6398b,なるティス,12,1000,900,3,attack_buff,0.115,0.2708,97,3,6,いいえ,なるティス / モチノ・ウオ丸 / ホルトバージ君 / ????? / 眠里　不可緒
1,572,em-1a6fa57fc44e,朦朧ボディマンβ,12,400,1500,10,multi_hit_attack,0.115,0.2708,97,3,6,いいえ,朦朧ボディマンβ / モチノ・ウオ丸 / ホルトバージ君 / ????? / 眠里　不可緒
1,573,em-1d5e8b5832c0,続・いぬやマン,12,400,400,7,attack_buff,0.115,0.2708,97,3,6,いいえ,続・いぬやマン / モチノ・ウオ丸 / ホルトバージ君 / ????? / 眠里　不可緒
1,574,em-1dbd8ae5b939,国宝！白鷺嬢,12,1200,500,3,heal,0.115,0.2708,97,3,6,いいえ,国宝！白鷺嬢 / モチノ・ウオ丸 / ホルトバージ君 / ????? / 眠里　不可緒
1,575,em-24d2ab142253,アグスティンさん,12,2869,1359,5,multi_hit_attack,0.115,0.2708,97,3,6,いいえ,アグスティンさん / モチノ・ウオ丸 / ホルトバージ君 / ????? / 眠里　不可緒
1,576,em-251852280bcf,どうしんさん,12,615,605,1,heal,0.115,0.2708,97,3,6,いいえ,どうしんさん / モチノ・ウオ丸 / ホルトバージ君 / ????? / 眠里　不可緒
1,577,em-272a71a9c15d,キラカードなエッシュ,12,1812,1510,3,skill_reduction,0.115,0.2708,97,3,6,いいえ,キラカードなエッシュ / モチノ・ウオ丸 / ホルトバージ君 / ????? / 眠里　不可緒
1,578,em-2a01f5ee5de4,ガラパゴスおぅぼっと,12,1200,600,4,damage_reduction,0.115,0.2708,97,3,6,いいえ,ガラパゴスおぅぼっと / モチノ・ウオ丸 / ホルトバージ君 / ????? / 眠里　不可緒
1,579,em-472362bb4365,超えぇじゃないか,12,840,760,6,aoe_attack,0.115,0.2708,97,3,6,いいえ,超えぇじゃないか / モチノ・ウオ丸 / ホルトバージ君 / ????? / 眠里　不可緒
1,580,em-492dd4b96b0e,中央アルプスの少年,12,800,600,2,damage_reduction,0.115,0.2708,97,3,6,いいえ,中央アルプスの少年 / モチノ・ウオ丸 / ホルトバージ君 / ????? / 眠里　不可緒
1,581,em-4afb3d011e67,得琉田浜蔵,12,2696,1992,3,attribute_change,0.115,0.2708,97,3,6,いいえ,得琉田浜蔵 / モチノ・ウオ丸 / ホルトバージ君 / ????? / 眠里　不可緒
1,582,em-4b42211e8e80,ナモミさん,12,200,1200,2,attack_buff,0.115,0.2708,97,3,6,いいえ,ナモミさん / モチノ・ウオ丸 / ホルトバージ君 / ????? / 眠里　不可緒
1,583,em-4b8003f0f990,メル子さま,12,800,800,3,attack_buff,0.115,0.2708,97,3,6,いいえ,メル子さま / モチノ・ウオ丸 / ホルトバージ君 / ????? / 眠里　不可緒
1,584,em-5275d879d803,ｻｲｯｺくたにん,12,800,1000,2,attribute_change,0.115,0.2708,97,3,6,いいえ,ｻｲｯｺくたにん / モチノ・ウオ丸 / ホルトバージ君 / ????? / 眠里　不可緒
1,585,em-57204b8d6ee6,伝説のWoo怪,12,1126,2393,4,multi_hit_attack,0.115,0.2708,97,3,6,いいえ,伝説のWoo怪 / モチノ・ウオ丸 / ホルトバージ君 / ????? / 眠里　不可緒
1,586,em-58f4a804ff7f,マリンな白良さん,12,710,694,4,attack_buff,0.115,0.2708,97,3,6,いいえ,マリンな白良さん / モチノ・ウオ丸 / ホルトバージ君 / ????? / 眠里　不可緒
1,587,em-5b5d08d879f7,おかいこさん,12,797,816,5,attribute_change,0.115,0.2708,97,3,6,いいえ,おかいこさん / モチノ・ウオ丸 / ホルトバージ君 / ????? / 眠里　不可緒
1,588,em-608e027bd3d8,建国の騎士団,12,800,700,8,attribute_guard,0.115,0.2708,97,3,6,いいえ,建国の騎士団 / モチノ・ウオ丸 / ホルトバージ君 / ????? / 眠里　不可緒
1,589,em-615e4701fc7f,華麗！いつくしーみん,12,660,1040,2,attack_buff,0.115,0.2708,97,3,6,いいえ,華麗！いつくしーみん / モチノ・ウオ丸 / ホルトバージ君 / ????? / 眠里　不可緒
1,590,em-6a3f787c507e,梵天くん,12,700,900,7,aoe_attack,0.115,0.2708,97,3,6,いいえ,梵天くん / モチノ・ウオ丸 / ホルトバージ君 / ????? / 眠里　不可緒
1,591,em-737815742386,タオるんさん先輩,12,800,1000,3,attribute_guard,0.115,0.2708,97,3,6,いいえ,タオるんさん先輩 / モチノ・ウオ丸 / ホルトバージ君 / ????? / 眠里　不可緒
1,592,em-7b3e9b66e40d,叶う！クルス様,12,1699,1699,1,attribute_change,0.115,0.2708,97,3,6,いいえ,叶う！クルス様 / モチノ・ウオ丸 / ホルトバージ君 / ????? / 眠里　不可緒
1,593,em-8561e29b5d2e,まんまんちゃん,12,1524,1682,3,attack_buff,0.115,0.2708,97,3,6,いいえ,まんまんちゃん / モチノ・ウオ丸 / ホルトバージ君 / ????? / 眠里　不可緒
1,594,em-8594f11c20bf,替え玉ひろし,12,790,810,5,attack_buff,0.115,0.2708,97,3,6,いいえ,替え玉ひろし / モチノ・ウオ丸 / ホルトバージ君 / ????? / 眠里　不可緒
1,595,em-91f26ad56eaa,神喫！さくらん兄妹,12,1510,1887,5,skill_reduction,0.115,0.2708,97,3,6,いいえ,神喫！さくらん兄妹 / モチノ・ウオ丸 / ホルトバージ君 / ????? / 眠里　不可緒
1,596,em-922ebe667c19,けねず先輩,12,800,800,4,damage_reduction,0.115,0.2708,97,3,6,いいえ,けねず先輩 / モチノ・ウオ丸 / ホルトバージ君 / ????? / 眠里　不可緒
1,597,em-a0e736cc95fd,ユッフィーさん,12,704,700,5,attack_buff,0.115,0.2708,97,3,6,いいえ,ユッフィーさん / モチノ・ウオ丸 / ホルトバージ君 / ????? / 眠里　不可緒
1,598,em-a2165d67f8cb,こんぴらくん,12,900,900,7,delay,0.115,0.2708,97,3,6,いいえ,こんぴらくん / モチノ・ウオ丸 / ホルトバージ君 / ????? / 眠里　不可緒
1,599,em-a4adc4bc9b7c,魁！安井道さん,12,1215,1187,5,guard,0.115,0.2708,97,3,6,いいえ,魁！安井道さん / モチノ・ウオ丸 / ホルトバージ君 / ????? / 眠里　不可緒
1,600,em-a769fc8e5005,真サタデーナイト郡上,12,800,1000,5,aoe_attack,0.115,0.2708,97,3,6,いいえ,真サタデーナイト郡上 / モチノ・ウオ丸 / ホルトバージ君 / ????? / 眠里　不可緒
1,601,em-aad8fae6b05f,やまとーる海佐,12,1000,700,5,damage_reduction,0.115,0.2708,97,3,6,いいえ,やまとーる海佐 / モチノ・ウオ丸 / ホルトバージ君 / ????? / 眠里　不可緒
1,602,em-b078ec458c73,ににぎさん,12,770,830,6,attack_buff,0.115,0.2708,97,3,6,いいえ,ににぎさん / モチノ・ウオ丸 / ホルトバージ君 / ????? / 眠里　不可緒
1,603,em-ba09169b5b3d,あまのちゃん,12,300,200,4,multi_hit_attack,0.115,0.2708,97,3,6,いいえ,あまのちゃん / モチノ・ウオ丸 / ホルトバージ君 / ????? / 眠里　不可緒
1,604,em-bbff6b354f45,くうかいさん,12,700,1100,4,skill_reduction,0.115,0.2708,97,3,6,いいえ,くうかいさん / モチノ・ウオ丸 / ホルトバージ君 / ????? / 眠里　不可緒
1,605,em-be212cb2b1d8,いはとさん,12,760,840,3,delay,0.115,0.2708,97,3,6,いいえ,いはとさん / モチノ・ウオ丸 / ホルトバージ君 / ????? / 眠里　不可緒
1,606,em-bf58cd7d185a,ホーク元船長,12,700,1100,1,attribute_guard,0.115,0.2708,97,3,6,いいえ,ホーク元船長 / モチノ・ウオ丸 / ホルトバージ君 / ????? / 眠里　不可緒
1,607,em-c33cc8cd4298,ほたるんるんるん,12,1100,1600,2,attribute_change,0.115,0.2708,97,3,6,いいえ,ほたるんるんるん / モチノ・ウオ丸 / ホルトバージ君 / ????? / 眠里　不可緒
1,608,em-c3ea022d7d2f,にゅーさん,12,500,1900,3,guard,0.115,0.2708,97,3,6,いいえ,にゅーさん / モチノ・ウオ丸 / ホルトバージ君 / ????? / 眠里　不可緒
1,609,em-c547f488bc34,警告！クジラの尊,12,30,1410,1,attribute_change,0.115,0.2708,97,3,6,いいえ,警告！クジラの尊 / モチノ・ウオ丸 / ホルトバージ君 / ????? / 眠里　不可緒
1,610,em-c5dbda5d8d5b,湘南パボーイ,12,318,911,4,attack_buff,0.115,0.2708,97,3,6,いいえ,湘南パボーイ / モチノ・ウオ丸 / ホルトバージ君 / ????? / 眠里　不可緒
1,611,em-c7088988ea18,ガンギマリのメル先生,12,597,341,5,multi_hit_attack,0.115,0.2708,97,3,6,いいえ,ガンギマリのメル先生 / モチノ・ウオ丸 / ホルトバージ君 / ????? / 眠里　不可緒
1,612,em-cc0425cf3835,鎌倉式ＤＢ２改,12,1200,612,8,guard,0.115,0.2708,97,3,6,いいえ,鎌倉式ＤＢ２改 / モチノ・ウオ丸 / ホルトバージ君 / ????? / 眠里　不可緒
1,613,em-deea7d56d1a1,淡路な文楽軒師匠,12,1512,1551,6,skill_reduction,0.115,0.2708,97,3,6,いいえ,淡路な文楽軒師匠 / モチノ・ウオ丸 / ホルトバージ君 / ????? / 眠里　不可緒
1,614,em-e4f94dd73b29,あっしゅTHEﾗｯﾊﾟｰ,12,1500,700,5,attribute_guard,0.115,0.2708,97,3,6,いいえ,あっしゅTHEﾗｯﾊﾟｰ / モチノ・ウオ丸 / ホルトバージ君 / ????? / 眠里　不可緒
1,615,em-e626c795c8a8,スミス＆エズ,12,1200,400,3,attribute_guard,0.115,0.2708,97,3,6,いいえ,スミス＆エズ / モチノ・ウオ丸 / ホルトバージ君 / ????? / 眠里　不可緒
1,616,em-f18963ac0ea1,すわ子さま,12,700,1000,5,multi_hit_attack,0.115,0.2708,97,3,6,いいえ,すわ子さま / モチノ・ウオ丸 / ホルトバージ君 / ????? / 眠里　不可緒
1,617,em-f354ab7f7554,漆黒のいびるん,12,800,1000,5,guard,0.115,0.2708,97,3,6,いいえ,漆黒のいびるん / モチノ・ウオ丸 / ホルトバージ君 / ????? / 眠里　不可緒
1,618,em-301c11f4a1d7,ウサポワンちゃん,20,1363,2317,3,guard,0.115,0.2708,97,3,6,いいえ,ウサポワンちゃん / アレス暮らし / ホルトバージ君 / ????? / 眠里　不可緒
1,619,em-3ac00001d30a,ネギの向こう側,20,2262,2273,0,heal,0.115,0.2708,97,3,6,いいえ,ネギの向こう側 / アレス暮らし / ホルトバージ君 / ????? / 眠里　不可緒
1,620,em-4ea698949c11,侵略成功!?イカ翁,20,1131,1272,2,revive,0.115,0.2708,97,3,6,いいえ,侵略成功!?イカ翁 / アレス暮らし / ホルトバージ君 / ????? / 眠里　不可緒
1,621,em-562269adda28,ブルジョワジー下仁田,20,2265,2276,1,guard,0.115,0.2708,97,3,6,いいえ,ブルジョワジー下仁田 / アレス暮らし / ホルトバージ君 / ????? / 眠里　不可緒
1,622,em-5b3eb6a3a507,なるリッシュ,20,1812,1510,2,attack_buff,0.115,0.2708,97,3,6,いいえ,なるリッシュ / アレス暮らし / ホルトバージ君 / ????? / 眠里　不可緒
1,623,em-769713d8548b,ザ・NPfLやすなり,20,1800,1800,0,attribute_change,0.115,0.2708,97,3,6,いいえ,ザ・NPfLやすなり / アレス暮らし / ホルトバージ君 / ????? / 眠里　不可緒
1,624,em-845e49247e45,ウサポワン海人,20,1533,2607,3,guard,0.115,0.2708,97,3,6,いいえ,ウサポワン海人 / アレス暮らし / ホルトバージ君 / ????? / 眠里　不可緒
1,625,em-9cbbb04818bd,シミ,20,1704,2215,4,heal,0.115,0.2708,97,3,6,いいえ,シミ / アレス暮らし / ホルトバージ君 / ????? / 眠里　不可緒
1,626,em-9eb7fd81d237,ユウ・レーカさん,20,2044,2556,4,revive,0.115,0.2708,97,3,6,いいえ,ユウ・レーカさん / アレス暮らし / ホルトバージ君 / ????? / 眠里　不可緒
1,627,em-a94a52532d71,あまのちゃん先輩,20,1200,500,3,multi_hit_attack,0.115,0.2708,97,3,6,いいえ,あまのちゃん先輩 / アレス暮らし / ホルトバージ君 / ????? / 眠里　不可緒
1,628,em-acc7e76f32c6,満開☆チゥりっぷちゃん,20,563,2957,2,attribute_change,0.115,0.2708,97,3,6,いいえ,満開☆チゥりっぷちゃん / アレス暮らし / ホルトバージ君 / ????? / 眠里　不可緒
1,629,em-d9bd2d5de563,コンクちゃん,20,2556,1704,1,damage_reduction,0.115,0.2708,97,3,6,いいえ,コンクちゃん / アレス暮らし / ホルトバージ君 / ????? / 眠里　不可緒
1,630,em-0985c7675d5c,みかん姐さん,13,1100,600,4,aoe_attack,0.115,0.2708,98,2,6,いいえ,みかん姐さん / モチノ・ウオ丸 / ホルトバージ君 / ????? / 眠里　不可緒
1,631,em-0c1036483550,kɔにー＆gæりー,13,1128,846,2,damage_reduction,0.115,0.2708,98,2,6,いいえ,kɔにー＆gæりー / モチノ・ウオ丸 / ホルトバージ君 / ????? / 眠里　不可緒
1,632,em-10adad665687,コマンドー下仁田,13,597,614,3,guard,0.115,0.2708,98,2,6,いいえ,コマンドー下仁田 / モチノ・ウオ丸 / ホルトバージ君 / ????? / 眠里　不可緒
1,633,em-3bd6544e0bce,窓辺のやまなしーヌ,13,700,800,4,skill_reduction,0.115,0.2708,98,2,6,いいえ,窓辺のやまなしーヌ / モチノ・ウオ丸 / ホルトバージ君 / ????? / 眠里　不可緒
1,634,em-471b1ba55d5c,有馬んば,13,1413,1244,4,heal,0.115,0.2708,98,2,6,いいえ,有馬んば / モチノ・ウオ丸 / ホルトバージ君 / ????? / 眠里　不可緒
1,635,em-4e78a5d0dc7a,中央アルプスの少女達,13,1812,1510,1,damage_reduction,0.115,0.2708,98,2,6,いいえ,中央アルプスの少女達 / モチノ・ウオ丸 / ホルトバージ君 / ????? / 眠里　不可緒
1,636,em-6145c94ca696,ｽﾌﾟﾗ♡な琵琶子たん,13,1213,1190,3,damage_reduction,0.115,0.2708,98,2,6,いいえ,ｽﾌﾟﾗ♡な琵琶子たん / モチノ・ウオ丸 / ホルトバージ君 / ????? / 眠里　不可緒
1,637,em-71504e292ebf,キャミー・the.女,13,1208,2567,3,heal,0.115,0.2708,98,2,6,いいえ,キャミー・the.女 / モチノ・ウオ丸 / ホルトバージ君 / ????? / 眠里　不可緒
1,638,em-75717188c18a,あ、しょーか大先生,13,1812,1963,4,multi_hit_attack,0.115,0.2708,98,2,6,いいえ,あ、しょーか大先生 / モチノ・ウオ丸 / ホルトバージ君 / ????? / 眠里　不可緒
1,639,em-7a7f1cd12450,スオ面スナイパー,13,1132,1812,1,attack_buff,0.115,0.2708,98,2,6,いいえ,スオ面スナイパー / モチノ・ウオ丸 / ホルトバージ君 / ????? / 眠里　不可緒
1,640,em-7e35b72ac7e4,琵琶子ｲﾘｭｰｼﾞｮﾝ！,13,1809,1190,3,damage_reduction,0.115,0.2708,98,2,6,いいえ,琵琶子ｲﾘｭｰｼﾞｮﾝ！ / モチノ・ウオ丸 / ホルトバージ君 / ????? / 眠里　不可緒
1,641,em-bbcd19672515,ＭＲ凜子様,13,1699,1699,4,attack_buff,0.115,0.2708,98,2,6,いいえ,ＭＲ凜子様 / モチノ・ウオ丸 / ホルトバージ君 / ????? / 眠里　不可緒
1,642,em-bcb9b03bfeed,サンカクドナウ,13,1739,1739,3,multi_hit_attack,0.115,0.2708,98,2,6,いいえ,サンカクドナウ / モチノ・ウオ丸 / ホルトバージ君 / ????? / 眠里　不可緒
1,643,em-c1544fb41324,元キャプテン・hɔーク,13,1359,1963,1,attribute_guard,0.115,0.2708,98,2,6,いいえ,元キャプテン・hɔーク / モチノ・ウオ丸 / ホルトバージ君 / ????? / 眠里　不可緒
1,644,em-c8db19de00fd,ワロンマイナー輩先,13,2953,1328,1,heal,0.115,0.2708,98,2,6,いいえ,ワロンマイナー輩先 / モチノ・ウオ丸 / ホルトバージ君 / ????? / 眠里　不可緒
1,645,em-cf9464eec3b4,ヒラメちゃん,13,2370,2044,1,attribute_change,0.115,0.2708,98,2,6,いいえ,ヒラメちゃん / モチノ・ウオ丸 / ホルトバージ君 / ????? / 眠里　不可緒
1,646,em-e2feaf3c95b1,古の才次郎先生,13,1812,1963,1,attribute_change,0.115,0.2708,98,2,6,いいえ,古の才次郎先生 / モチノ・ウオ丸 / ホルトバージ君 / ????? / 眠里　不可緒
1,647,em-e900d5955acf,凄いぞさいごー丼,13,1050,650,3,attribute_guard,0.115,0.2708,98,2,6,いいえ,凄いぞさいごー丼 / モチノ・ウオ丸 / ホルトバージ君 / ????? / 眠里　不可緒
1,648,em-fc5d66138cad,端午ぴよ子,13,1543,2512,5,aoe_attack,0.115,0.2708,98,2,6,いいえ,端午ぴよ子 / モチノ・ウオ丸 / ホルトバージ君 / ????? / 眠里　不可緒
1,649,em-c67e33bb61cf,鎌倉式ＤＢ２涅槃型改,19,4105,1690,9,guard,0.115,0.2708,98,2,6,いいえ,鎌倉式ＤＢ２涅槃型改 / モチノ・ウオ丸 / 試作型おこしん / みどりのたけしマン / 眠里　不可緒
1,650,em-8527b3dd869a,帰って来たいぬやマン,21,1661,1661,4,attack_buff,0.115,0.2708,98,2,6,いいえ,帰って来たいぬやマン / アレス暮らし / ホルトバージ君 / ????? / 眠里　不可緒
1,651,em-98054d952da8,ニート達の日常。,21,2968,296,3,delay,0.115,0.2708,98,2,6,いいえ,ニート達の日常。 / アレス暮らし / ホルトバージ君 / ????? / 眠里　不可緒
1,652,em-15b63ea7b4c3,タオるんさん先輩師匠,14,1510,2180,2,attribute_guard,0.115,0.2708,99,1,6,いいえ,タオるんさん先輩師匠 / モチノ・ウオ丸 / ホルトバージ君 / ????? / 眠里　不可緒
1,653,em-1fcf0af60c7a,老舗の牛タソ,14,1000,150,3,guard,0.115,0.2708,99,1,6,いいえ,老舗の牛タソ / モチノ・ウオ丸 / ホルトバージ君 / ????? / 眠里　不可緒
1,654,em-2be7abbe40d1,大晦日！ナモミ先輩,14,300,1700,2,attack_buff,0.115,0.2708,99,1,6,いいえ,大晦日！ナモミ先輩 / モチノ・ウオ丸 / ホルトバージ君 / ????? / 眠里　不可緒
1,655,em-306ef0a3ce60,大納言鮒麿,14,1812,1548,4,heal,0.115,0.2708,99,1,6,いいえ,大納言鮒麿 / モチノ・ウオ丸 / ホルトバージ君 / ????? / 眠里　不可緒
1,656,em-309e9bdb12e4,萌やし戦士,14,773,2573,4,attack_buff,0.115,0.2708,99,1,6,いいえ,萌やし戦士 / モチノ・ウオ丸 / ホルトバージ君 / ????? / 眠里　不可緒
1,657,em-3911cf0df99b,あずま京子という女,14,1687,1687,3,damage_reduction,0.115,0.2708,99,1,6,いいえ,あずま京子という女 / モチノ・ウオ丸 / ホルトバージ君 / ????? / 眠里　不可緒
1,658,em-3bdc05dce56c,シャボテンコンビ,14,600,800,6,revive,0.115,0.2708,99,1,6,いいえ,シャボテンコンビ / モチノ・ウオ丸 / ホルトバージ君 / ????? / 眠里　不可緒
1,659,em-4016fa16a6ca,Dr.&萌やﾁﾝｹﾞｰﾙ,14,773,2573,1,heal,0.115,0.2708,99,1,6,いいえ,Dr.&萌やﾁﾝｹﾞｰﾙ / モチノ・ウオ丸 / ホルトバージ君 / ????? / 眠里　不可緒
1,660,em-4c2a43ecd770,ナンマトル君,14,2115,2115,2,skill_reduction,0.115,0.2708,99,1,6,いいえ,ナンマトル君 / モチノ・ウオ丸 / ホルトバージ君 / ????? / 眠里　不可緒
1,661,em-5558b35b9413,フゥーま＆ヴォたん,14,800,800,3,guard,0.115,0.2708,99,1,6,いいえ,フゥーま＆ヴォたん / モチノ・ウオ丸 / ホルトバージ君 / ????? / 眠里　不可緒
1,662,em-86055d05ee01,ラムネ少女じゅんちゃん,14,2113,2113,2,heal,0.115,0.2708,99,1,6,いいえ,ラムネ少女じゅんちゃん / モチノ・ウオ丸 / ホルトバージ君 / ????? / 眠里　不可緒
1,663,em-9329de26d52c,iびるん大魔王,14,1812,1963,5,guard,0.115,0.2708,99,1,6,いいえ,iびるん大魔王 / モチノ・ウオ丸 / ホルトバージ君 / ????? / 眠里　不可緒
1,664,em-a0159af9ab81,カネヒラくん,14,2385,2556,2,attribute_change,0.115,0.2708,99,1,6,いいえ,カネヒラくん / モチノ・ウオ丸 / ホルトバージ君 / ????? / 眠里　不可緒
1,665,em-a58c4fcc6b2e,けねず大先生,14,1699,1699,4,damage_reduction,0.115,0.2708,99,1,6,いいえ,けねず大先生 / モチノ・ウオ丸 / ホルトバージ君 / ????? / 眠里　不可緒
1,666,em-b09ebd864da6,みずがめəろまちゃん,14,1057,1198,4,revive,0.115,0.2708,99,1,6,いいえ,みずがめəろまちゃん / モチノ・ウオ丸 / ホルトバージ君 / ????? / 眠里　不可緒
1,667,em-c7ca0cfdb77b,護国の盾,14,1887,1510,5,attribute_guard,0.115,0.2708,99,1,6,いいえ,護国の盾 / モチノ・ウオ丸 / ホルトバージ君 / ????? / 眠里　不可緒
1,668,em-cce942b02eb0,激えぇじゃないか,14,1300,1100,5,aoe_attack,0.115,0.2708,99,1,6,いいえ,激えぇじゃないか / モチノ・ウオ丸 / ホルトバージ君 / ????? / 眠里　不可緒
1,669,em-ed21bd124ab2,牛タソ☆行進曲,14,755,1812,2,guard,0.115,0.2708,99,1,6,いいえ,牛タソ☆行進曲 / モチノ・ウオ丸 / ホルトバージ君 / ????? / 眠里　不可緒
1,670,em-fbb333645878,戸隠ちび大助,14,226,2193,2,attack_buff,0.115,0.2708,99,1,6,いいえ,戸隠ちび大助 / モチノ・ウオ丸 / ホルトバージ君 / ????? / 眠里　不可緒
1,671,em-ff9248487a17,じょーカー＆ちょーカー,14,800,1000,5,delay,0.115,0.2708,99,1,6,いいえ,じょーカー＆ちょーカー / モチノ・ウオ丸 / ホルトバージ君 / ????? / 眠里　不可緒
1,672,em-90f39743f105,伝説の牛タソ,19,2269,302,3,guard,0.115,0.2708,99,1,6,いいえ,伝説の牛タソ / モチノ・ウオ丸 / ホルトバージ君 / ????? / ネムりん
1,673,em-d65d8f8b3d2e,エズ in スミス,20,3542,1771,1,attribute_guard,0.115,0.2708,99,1,6,いいえ,エズ in スミス / モチノ・ウオ丸 / 試作型おこしん / みどりのたけしマン / 眠里　不可緒
1,674,em-294f61da0084,Ｃ・Ｃ☆電車姫,22,3741,1973,4,attack_buff,0.115,0.2708,99,1,6,いいえ,Ｃ・Ｃ☆電車姫 / アレス暮らし / ホルトバージ君 / ????? / 眠里　不可緒
1,675,em-942c8f8de44d,エンゼルちゃん,22,1772,2590,3,heal,0.115,0.2708,99,1,6,いいえ,エンゼルちゃん / アレス暮らし / ホルトバージ君 / ????? / 眠里　不可緒
1,676,em-2b7450b3b8b1,トンコー先生,15,1510,1510,3,multi_hit_attack,0.115,0.2708,100,0,6,いいえ,トンコー先生 / モチノ・ウオ丸 / ホルトバージ君 / ????? / 眠里　不可緒
1,677,em-3e54a6be4029,おかいこ先輩,15,1206,1276,5,attribute_change,0.115,0.2708,100,0,6,いいえ,おかいこ先輩 / モチノ・ウオ丸 / ホルトバージ君 / ????? / 眠里　不可緒
1,678,em-4089c86a52af,夢奈・マコ,15,2470,1363,6,attribute_guard,0.115,0.2708,100,0,6,いいえ,夢奈・マコ / モチノ・ウオ丸 / ホルトバージ君 / ????? / 眠里　不可緒
1,679,em-48b5d909c409,南紀な白良さん,15,800,800,4,attack_buff,0.115,0.2708,100,0,6,いいえ,南紀な白良さん / モチノ・ウオ丸 / ホルトバージ君 / ????? / 眠里　不可緒
1,680,em-4c448c54f095,実底超真幽子さん,15,1187,1215,5,revive,0.115,0.2708,100,0,6,いいえ,実底超真幽子さん / モチノ・ウオ丸 / ホルトバージ君 / ????? / 眠里　不可緒
1,681,em-4d4bf14cc827,いはと先輩,15,1000,1400,3,delay,0.115,0.2708,100,0,6,いいえ,いはと先輩 / モチノ・ウオ丸 / ホルトバージ君 / ????? / 眠里　不可緒
1,682,em-6437dd94e076,河口西子,15,900,1300,6,delay,0.115,0.2708,100,0,6,いいえ,河口西子 / モチノ・ウオ丸 / ホルトバージ君 / ????? / 眠里　不可緒
1,683,em-6722337c6d78,雨降る倉敷のみかん姐,15,2718,1963,4,aoe_attack,0.115,0.2708,100,0,6,いいえ,雨降る倉敷のみかん姐 / モチノ・ウオ丸 / ホルトバージ君 / ????? / 眠里　不可緒
1,684,em-6c5c24ebebea,こんぴらさん,15,1100,1100,8,delay,0.115,0.2708,100,0,6,いいえ,こんぴらさん / モチノ・ウオ丸 / ホルトバージ君 / ????? / 眠里　不可緒
1,685,em-6ecee0316b6d,梵天。,15,1100,1300,6,aoe_attack,0.115,0.2708,100,0,6,いいえ,梵天。 / モチノ・ウオ丸 / ホルトバージ君 / ????? / 眠里　不可緒
1,686,em-7960727b4ac3,伝説のひろし,15,1681,1714,5,attack_buff,0.115,0.2708,100,0,6,いいえ,伝説のひろし / モチノ・ウオ丸 / ホルトバージ君 / ????? / 眠里　不可緒
1,687,em-7e8ca5d8d19a,小林伯爵,15,3020,1812,5,revive,0.115,0.2708,100,0,6,いいえ,小林伯爵 / モチノ・ウオ丸 / ホルトバージ君 / ????? / 眠里　不可緒
1,688,em-7f3eb7b8272c,にゅー先生,15,700,2200,2,guard,0.115,0.2708,100,0,6,いいえ,にゅー先生 / モチノ・ウオ丸 / ホルトバージ君 / ????? / 眠里　不可緒
1,689,em-837ddd274c7d,夢見る夢ナマコ,15,2224,1226,6,attribute_guard,0.115,0.2708,100,0,6,いいえ,夢見る夢ナマコ / モチノ・ウオ丸 / ホルトバージ君 / ????? / 眠里　不可緒
1,690,em-8bc827a54303,勝斧・カンムーリ,15,2896,1704,1,attack_buff,0.115,0.2708,100,0,6,いいえ,勝斧・カンムーリ / モチノ・ウオ丸 / ホルトバージ君 / ????? / 眠里　不可緒
1,691,em-9fed59290cda,ユッフィー先生,15,800,800,5,attack_buff,0.115,0.2708,100,0,6,いいえ,ユッフィー先生 / モチノ・ウオ丸 / ホルトバージ君 / ????? / 眠里　不可緒
1,692,em-a48bcdd76e03,サーファー岡田,15,419,1298,4,attack_buff,0.115,0.2708,100,0,6,いいえ,サーファー岡田 / モチノ・ウオ丸 / ホルトバージ君 / ????? / 眠里　不可緒
1,693,em-a71e0044e313,舞楽！いつくしーみん,15,800,1600,1,attack_buff,0.115,0.2708,100,0,6,いいえ,舞楽！いつくしーみん / モチノ・ウオ丸 / ホルトバージ君 / ????? / 眠里　不可緒
1,694,em-b820799215bb,ベレンだガマ,15,1,2145,0,damage_reduction,0.115,0.2708,100,0,6,いいえ,ベレンだガマ / モチノ・ウオ丸 / ホルトバージ君 / ????? / 眠里　不可緒
1,695,em-c358a9d61a43,PiぐPeんとBiぐBeん,15,1208,1510,2,attack_buff,0.115,0.2708,100,0,6,いいえ,PiぐPeんとBiぐBeん / モチノ・ウオ丸 / ホルトバージ君 / ????? / 眠里　不可緒
1,696,em-c912b76e4dda,妖怪雪愛さま,15,950,1350,2,attribute_change,0.115,0.2708,100,0,6,いいえ,妖怪雪愛さま / モチノ・ウオ丸 / ホルトバージ君 / ????? / 眠里　不可緒
1,697,em-db2c3576c544,すわ子☆神,15,1100,1400,3,multi_hit_attack,0.115,0.2708,100,0,6,いいえ,すわ子☆神 / モチノ・ウオ丸 / ホルトバージ君 / ????? / 眠里　不可緒
1,698,em-e931902358ae,弘法大師Ｑ改,15,1359,1963,3,skill_reduction,0.115,0.2708,100,0,6,いいえ,弘法大師Ｑ改 / モチノ・ウオ丸 / ホルトバージ君 / ????? / 眠里　不可緒
1,699,em-ed707603ab87,荒ぶる水島神人,15,1200,600,3,guard,0.115,0.2708,100,0,6,いいえ,荒ぶる水島神人 / モチノ・ウオ丸 / ホルトバージ君 / ????? / 眠里　不可緒
1,700,em-f8a5ad2fd004,どうしん様,15,805,795,1,heal,0.115,0.2708,100,0,6,いいえ,どうしん様 / モチノ・ウオ丸 / ホルトバージ君 / ????? / 眠里　不可緒
1,701,em-124d2df2b85e,ディオクレ君,23,2416,1449,4,skill_reduction,0.115,0.2708,100,0,6,いいえ,ディオクレ君 / アレス暮らし / ホルトバージ君 / ????? / 眠里　不可緒
1,702,em-f21bf8aa6e67,独眼竜！梵天。,23,2254,2576,5,aoe_attack,0.115,0.2708,100,0,6,いいえ,独眼竜！梵天。 / アレス暮らし / ホルトバージ君 / ????? / 眠里　不可緒
1,703,em-59ac9769ef60,神犬八房伏姫様,24,4093,1223,4,guard,0.115,0.2708,100,0,6,いいえ,神犬八房伏姫様 / アレス暮らし / ホルトバージ君 / 呼んでますトムさん / まそお姉ちゃん
1,704,em-076a0181e290,夏の海の天の川伝説,77,9372,5623,6,heal,0.115,0.2708,100,0,2,いいえ,夏の海の天の川伝説 / のり男師匠 / ＢＥＷ雪玉 / ズースくん / 皐月むりょく
1,705,em-0e9d90fcbf69,テオティワちーちゃん,66,11928,149,1,multi_hit_attack,0.1063,0.2511,99,1,4,いいえ,テオティワちーちゃん / 試作型おこしん / 得琉田浜蔵 / ＢＥＷ雪玉 / ハリウッドナナコ師匠
1,706,em-74b9082a787c,暫時バル状態,19,2938,838,4,damage_reduction,0.1055,0.25,98,2,6,いいえ,暫時バル状態 / モチノ・ウオ丸 / 試作型おこしん / みどりのたけしマン / 眠里　不可緒
1,707,em-2f6ae2b54633,フクちゃん,3,300,400,4,attribute_change,0.1042,0.2708,91,9,6,いいえ,フクちゃん / モチノ・ウオ丸 / ホルトバージ君 / ????? / 鎌倉式ＤＢ２涅槃型改
1,708,em-3803f94f5ae7,あろまちゃん,3,350,500,4,revive,0.1042,0.2708,91,9,6,いいえ,あろまちゃん / モチノ・ウオ丸 / ホルトバージ君 / ????? / 鎌倉式ＤＢ２涅槃型改
1,709,em-458c94f99220,ほたるーニャ,3,350,500,5,attribute_change,0.1042,0.2708,91,9,6,いいえ,ほたるーニャ / モチノ・ウオ丸 / ホルトバージ君 / ????? / 鎌倉式ＤＢ２涅槃型改
1,710,em-547d0e27e1f1,魚堅くん,3,400,500,7,skill_reduction,0.1042,0.2708,91,9,6,いいえ,魚堅くん / モチノ・ウオ丸 / ホルトバージ君 / ????? / 鎌倉式ＤＢ２涅槃型改
1,711,em-564e1dfe9c75,コニーちゃん,3,300,300,4,damage_reduction,0.1042,0.2708,91,9,6,いいえ,コニーちゃん / モチノ・ウオ丸 / ホルトバージ君 / ????? / 鎌倉式ＤＢ２涅槃型改
1,712,em-6588c893ceb4,船師かっさーのん,3,300,400,6,attack_buff,0.1042,0.2708,91,9,6,いいえ,船師かっさーのん / モチノ・ウオ丸 / ホルトバージ君 / ????? / 鎌倉式ＤＢ２涅槃型改
1,713,em-70e79fbffe3c,怪人エビユルゲ,3,305,297,4,attribute_change,0.1042,0.2708,91,9,6,いいえ,怪人エビユルゲ / モチノ・ウオ丸 / ホルトバージ君 / ????? / 鎌倉式ＤＢ２涅槃型改
1,714,em-73a9cdab3511,リンゴール子爵,3,300,200,4,delay,0.1042,0.2708,91,9,6,いいえ,リンゴール子爵 / モチノ・ウオ丸 / ホルトバージ君 / ????? / 鎌倉式ＤＢ２涅槃型改
1,715,em-8e8c7fbfac2a,おたべくん,3,315,287,4,delay,0.1042,0.2708,91,9,6,いいえ,おたべくん / モチノ・ウオ丸 / ホルトバージ君 / ????? / 鎌倉式ＤＢ２涅槃型改
1,716,em-9d8b6a4d2c9c,はたはタン,3,300,200,5,heal,0.1042,0.2708,91,9,6,いいえ,はたはタン / モチノ・ウオ丸 / ホルトバージ君 / ????? / 鎌倉式ＤＢ２涅槃型改
1,717,em-ae6ea6bc1914,ズースくん,3,500,400,4,attack_buff,0.1042,0.2708,91,9,6,いいえ,ズースくん / モチノ・ウオ丸 / ホルトバージ君 / ????? / 鎌倉式ＤＢ２涅槃型改
1,718,em-d64cb9cf5bb3,それマジカ,3,350,500,5,attribute_guard,0.1042,0.2708,91,9,6,いいえ,それマジカ / モチノ・ウオ丸 / ホルトバージ君 / ????? / 鎌倉式ＤＢ２涅槃型改
1,719,em-0c931777e175,関くん,4,305,307,4,guard,0.1042,0.2708,92,8,6,いいえ,関くん / モチノ・ウオ丸 / ホルトバージ君 / ????? / 鎌倉式ＤＢ２涅槃型改
1,720,em-144acde7efe5,魚臣！又土くん,4,500,650,7,skill_reduction,0.1042,0.2708,92,8,6,いいえ,魚臣！又土くん / モチノ・ウオ丸 / ホルトバージ君 / ????? / 鎌倉式ＤＢ２涅槃型改
1,721,em-172b59ddb28b,白虎ニート,4,314,296,5,attack_buff,0.1042,0.2708,92,8,6,いいえ,白虎ニート / モチノ・ウオ丸 / ホルトバージ君 / ????? / 鎌倉式ＤＢ２涅槃型改
1,722,em-17aeee13e460,こんにゃくん,4,287,308,9,guard,0.1042,0.2708,92,8,6,いいえ,こんにゃくん / モチノ・ウオ丸 / ホルトバージ君 / ????? / 鎌倉式ＤＢ２涅槃型改
1,723,em-2f505dd0418a,とちぎソウル,4,150,400,5,attack_buff,0.1042,0.2708,92,8,6,いいえ,とちぎソウル / モチノ・ウオ丸 / ホルトバージ君 / ????? / 鎌倉式ＤＢ２涅槃型改
1,724,em-4090b70a0b17,さくらこちゃん,4,495,215,4,attribute_guard,0.1042,0.2708,92,8,6,いいえ,さくらこちゃん / モチノ・ウオ丸 / ホルトバージ君 / ????? / 鎌倉式ＤＢ２涅槃型改
1,725,em-4299af9bd2dc,皐月むりょく,4,614,614,6,skill_reduction,0.1042,0.2708,92,8,6,いいえ,皐月むりょく / モチノ・ウオ丸 / ホルトバージ君 / ????? / 鎌倉式ＤＢ２涅槃型改
1,726,em-462884d3af90,青竜ニート,4,346,397,6,heal,0.1042,0.2708,92,8,6,いいえ,青竜ニート / モチノ・ウオ丸 / ホルトバージ君 / ????? / 鎌倉式ＤＢ２涅槃型改
1,727,em-47f3be71ea63,青竜むりょく,4,198,189,6,heal,0.1042,0.2708,92,8,6,いいえ,青竜むりょく / モチノ・ウオ丸 / ホルトバージ君 / ????? / 鎌倉式ＤＢ２涅槃型改
1,728,em-4900e4471484,モア蔵,4,722,90,4,guard,0.1042,0.2708,92,8,6,いいえ,モア蔵 / モチノ・ウオ丸 / ホルトバージ君 / ????? / 鎌倉式ＤＢ２涅槃型改
1,729,em-525fc1b65a26,吉野スライム,4,411,209,5,guard,0.1042,0.2708,92,8,6,いいえ,吉野スライム / モチノ・ウオ丸 / ホルトバージ君 / ????? / 鎌倉式ＤＢ２涅槃型改
1,730,em-5528cf768569,リンゴール男爵,4,400,300,4,delay,0.1042,0.2708,92,8,6,いいえ,リンゴール男爵 / モチノ・ウオ丸 / ホルトバージ君 / ????? / 鎌倉式ＤＢ２涅槃型改
1,731,em-671838a10625,皐月ニート,4,614,614,6,skill_reduction,0.1042,0.2708,92,8,6,いいえ,皐月ニート / モチノ・ウオ丸 / ホルトバージ君 / ????? / 鎌倉式ＤＢ２涅槃型改
1,732,em-6e37519134b1,スワン君,4,310,302,6,skill_reduction,0.1042,0.2708,92,8,6,いいえ,スワン君 / モチノ・ウオ丸 / ホルトバージ君 / ????? / 鎌倉式ＤＢ２涅槃型改
1,733,em-6f9254f46753,うわマジカ,4,450,650,4,attribute_guard,0.1042,0.2708,92,8,6,いいえ,うわマジカ / モチノ・ウオ丸 / ホルトバージ君 / ????? / 鎌倉式ＤＢ２涅槃型改
1,734,em-7e127d8718a5,魔人エビユルゲ,4,410,370,3,attribute_change,0.1042,0.2708,92,8,6,いいえ,魔人エビユルゲ / モチノ・ウオ丸 / ホルトバージ君 / ????? / 鎌倉式ＤＢ２涅槃型改
1,735,em-8060e6a7ab61,戸隠ちび丸,4,150,700,3,attack_buff,0.1042,0.2708,92,8,6,いいえ,戸隠ちび丸 / モチノ・ウオ丸 / ホルトバージ君 / ????? / 鎌倉式ＤＢ２涅槃型改
1,736,em-81fec3e48762,怪人おたべ,4,415,365,4,delay,0.1042,0.2708,92,8,6,いいえ,怪人おたべ / モチノ・ウオ丸 / ホルトバージ君 / ????? / 鎌倉式ＤＢ２涅槃型改
1,737,em-84a7ce7d3a80,ゴロウ,4,310,302,2,attack_buff,0.1042,0.2708,92,8,6,いいえ,ゴロウ / モチノ・ウオ丸 / ホルトバージ君 / ????? / 鎌倉式ＤＢ２涅槃型改
1,738,em-8ed9900f451e,めい子ちゃん,4,281,309,5,attribute_guard,0.1042,0.2708,92,8,6,いいえ,めい子ちゃん / モチノ・ウオ丸 / ホルトバージ君 / ????? / 鎌倉式ＤＢ２涅槃型改
1,739,em-94033ed8057b,幽子さん,4,300,312,8,revive,0.1042,0.2708,92,8,6,いいえ,幽子さん / モチノ・ウオ丸 / ホルトバージ君 / ????? / 鎌倉式ＤＢ２涅槃型改
1,740,em-9c40d906d190,フィッシャーマン,4,296,314,1,heal,0.1042,0.2708,92,8,6,いいえ,フィッシャーマン / モチノ・ウオ丸 / ホルトバージ君 / ????? / 鎌倉式ＤＢ２涅槃型改
1,741,em-b4ff04580be9,安井のトンちゃん,4,305,297,6,guard,0.1042,0.2708,92,8,6,いいえ,安井のトンちゃん / モチノ・ウオ丸 / ホルトバージ君 / ????? / 鎌倉式ＤＢ２涅槃型改
1,742,em-c61b3e98a989,荒波のはたはタン,4,400,300,5,heal,0.1042,0.2708,92,8,6,いいえ,荒波のはたはタン / モチノ・ウオ丸 / ホルトバージ君 / ????? / 鎌倉式ＤＢ２涅槃型改
1,743,em-ca4955abcfb2,水の供犠ぴよ子,4,120,120,0,none,0.1042,0.2708,92,8,6,いいえ,水の供犠ぴよ子 / モチノ・ウオ丸 / ホルトバージ君 / ????? / 鎌倉式ＤＢ２涅槃型改
1,744,em-d4e50f80f825,コーベリアル,4,305,297,2,attribute_guard,0.1042,0.2708,92,8,6,いいえ,コーベリアル / モチノ・ウオ丸 / ホルトバージ君 / ????? / 鎌倉式ＤＢ２涅槃型改
1,745,em-e275020a88a0,あん子ちゃん,4,289,300,4,heal,0.1042,0.2708,92,8,6,いいえ,あん子ちゃん / モチノ・ウオ丸 / ホルトバージ君 / ????? / 鎌倉式ＤＢ２涅槃型改
1,746,em-f5a7df3892f0,びわ子たん,4,300,302,5,damage_reduction,0.1042,0.2708,92,8,6,いいえ,びわ子たん / モチノ・ウオ丸 / ホルトバージ君 / ????? / 鎌倉式ＤＢ２涅槃型改
1,747,em-fa9285840bae,白虎むりょく,4,158,149,5,attack_buff,0.1042,0.2708,92,8,6,いいえ,白虎むりょく / モチノ・ウオ丸 / ホルトバージ君 / ????? / 鎌倉式ＤＢ２涅槃型改
1,748,em-0560ed78022d,見事にびわ子たん,5,400,400,4,damage_reduction,0.1042,0.2708,93,7,6,いいえ,見事にびわ子たん / モチノ・ウオ丸 / ホルトバージ君 / ????? / 鎌倉式ＤＢ２涅槃型改
1,749,em-0da991c52dd4,ギャリーくん,5,400,400,3,damage_reduction,0.1042,0.2708,93,7,6,いいえ,ギャリーくん / モチノ・ウオ丸 / ホルトバージ君 / ????? / 鎌倉式ＤＢ２涅槃型改
1,750,em-0f9cbc48c65a,船党かっさーのん,5,400,500,5,attack_buff,0.1042,0.2708,93,7,6,いいえ,船党かっさーのん / モチノ・ウオ丸 / ホルトバージ君 / ????? / 鎌倉式ＤＢ２涅槃型改
1,751,em-11e2e69b2674,フクさん,5,400,500,3,attribute_change,0.1042,0.2708,93,7,6,いいえ,フクさん / モチノ・ウオ丸 / ホルトバージ君 / ????? / 鎌倉式ＤＢ２涅槃型改
1,752,em-1287aab83f7d,驚愕！深海のあん子,5,400,400,4,heal,0.1042,0.2708,93,7,6,いいえ,驚愕！深海のあん子 / モチノ・ウオ丸 / ホルトバージ君 / ????? / 鎌倉式ＤＢ２涅槃型改
1,753,em-144424b04d69,あろまさん,5,450,650,4,revive,0.1042,0.2708,93,7,6,いいえ,あろまさん / モチノ・ウオ丸 / ホルトバージ君 / ????? / 鎌倉式ＤＢ２涅槃型改
1,754,em-1a835be38386,朱雀ニート,5,320,320,6,revive,0.1042,0.2708,93,7,6,いいえ,朱雀ニート / モチノ・ウオ丸 / ホルトバージ君 / ????? / 鎌倉式ＤＢ２涅槃型改
1,755,em-24ccb3f9affa,むりょく,5,159,144,5,guard,0.1042,0.2708,93,7,6,いいえ,むりょく / モチノ・ウオ丸 / ホルトバージ君 / ????? / 鎌倉式ＤＢ２涅槃型改
1,756,em-25185336f7f4,しょーかくん,5,400,500,7,multi_hit_attack,0.1042,0.2708,93,7,6,いいえ,しょーかくん / モチノ・ウオ丸 / ホルトバージ君 / ????? / 鎌倉式ＤＢ２涅槃型改
1,757,em-3229594a4a2c,おあげちゃん,5,315,305,3,attack_buff,0.1042,0.2708,93,7,6,いいえ,おあげちゃん / モチノ・ウオ丸 / ホルトバージ君 / ????? / 鎌倉式ＤＢ２涅槃型改
1,758,em-4442b5ee096e,朱雀むりょく,5,165,165,6,revive,0.1042,0.2708,93,7,6,いいえ,朱雀むりょく / モチノ・ウオ丸 / ホルトバージ君 / ????? / 鎌倉式ＤＢ２涅槃型改
1,759,em-51e67cfa8578,さくらこさーん,5,600,300,1,attribute_guard,0.1042,0.2708,93,7,6,いいえ,さくらこさーん / モチノ・ウオ丸 / ホルトバージ君 / ????? / 鎌倉式ＤＢ２涅槃型改
1,760,em-575ad888f045,スワン先生,5,400,380,6,skill_reduction,0.1042,0.2708,93,7,6,いいえ,スワン先生 / モチノ・ウオ丸 / ホルトバージ君 / ????? / 鎌倉式ＤＢ２涅槃型改
1,761,em-5793db0a4078,リンゴール伯爵,5,700,600,4,delay,0.1042,0.2708,93,7,6,いいえ,リンゴール伯爵 / モチノ・ウオ丸 / ホルトバージ君 / ????? / 鎌倉式ＤＢ２涅槃型改
1,762,em-61221298dafe,大内ちゃん,5,603,603,5,heal,0.1042,0.2708,93,7,6,いいえ,大内ちゃん / モチノ・ウオ丸 / ホルトバージ君 / ????? / 鎌倉式ＤＢ２涅槃型改
1,763,em-643d05a15e4e,エビユルゲ大佐,5,520,460,2,attribute_change,0.1042,0.2708,93,7,6,いいえ,エビユルゲ大佐 / モチノ・ウオ丸 / ホルトバージ君 / ????? / 鎌倉式ＤＢ２涅槃型改
1,764,em-8c223847d1b4,皐月ぴよ子,5,555,555,0,none,0.1042,0.2708,93,7,6,いいえ,皐月ぴよ子 / モチノ・ウオ丸 / ホルトバージ君 / ????? / 鎌倉式ＤＢ２涅槃型改
1,765,em-8d7a9845b04b,コーベリアル男爵,5,400,380,2,attribute_guard,0.1042,0.2708,93,7,6,いいえ,コーベリアル男爵 / モチノ・ウオ丸 / ホルトバージ君 / ????? / 鎌倉式ＤＢ２涅槃型改
1,766,em-a0762b5d76ab,シーラちゃん,5,600,550,4,attack_buff,0.1042,0.2708,93,7,6,いいえ,シーラちゃん / モチノ・ウオ丸 / ホルトバージ君 / ????? / 鎌倉式ＤＢ２涅槃型改
1,767,em-a787bb59ceca,トキシッくん,5,600,500,4,revive,0.1042,0.2708,93,7,6,いいえ,トキシッくん / モチノ・ウオ丸 / ホルトバージ君 / ????? / 鎌倉式ＤＢ２涅槃型改
1,768,em-addae93a6fe9,ニート,5,314,296,5,attribute_guard,0.1042,0.2708,93,7,6,いいえ,ニート / モチノ・ウオ丸 / ホルトバージ君 / ????? / 鎌倉式ＤＢ２涅槃型改
1,769,em-b057fb6325c7,常飲！とちぎソウル,5,200,600,5,attack_buff,0.1042,0.2708,93,7,6,いいえ,常飲！とちぎソウル / モチノ・ウオ丸 / ホルトバージ君 / ????? / 鎌倉式ＤＢ２涅槃型改
1,770,em-b83d457ef580,王国民ゴロウ,5,390,390,2,attack_buff,0.1042,0.2708,93,7,6,いいえ,王国民ゴロウ / モチノ・ウオ丸 / ホルトバージ君 / ????? / 鎌倉式ＤＢ２涅槃型改
1,771,em-bb5629a7c096,安井武勇伝,5,405,395,6,guard,0.1042,0.2708,93,7,6,いいえ,安井武勇伝 / モチノ・ウオ丸 / ホルトバージ君 / ????? / 鎌倉式ＤＢ２涅槃型改
1,772,em-d603cde2467a,ほたるーニャん,5,450,650,4,attribute_change,0.1042,0.2708,93,7,6,いいえ,ほたるーニャん / モチノ・ウオ丸 / ホルトバージ君 / ????? / 鎌倉式ＤＢ２涅槃型改
1,773,em-d8349efcae1b,鰹でよくね?,5,700,700,7,skill_reduction,0.1042,0.2708,93,7,6,いいえ,鰹でよくね? / モチノ・ウオ丸 / ホルトバージ君 / ????? / 鎌倉式ＤＢ２涅槃型改
1,774,em-e535034b31b0,吉野スライマー,5,495,305,5,guard,0.1042,0.2708,93,7,6,いいえ,吉野スライマー / モチノ・ウオ丸 / ホルトバージ君 / ????? / 鎌倉式ＤＢ２涅槃型改
1,775,em-e660791c3950,めい子さん,5,400,400,5,attribute_guard,0.1042,0.2708,93,7,6,いいえ,めい子さん / モチノ・ウオ丸 / ホルトバージ君 / ????? / 鎌倉式ＤＢ２涅槃型改
1,776,em-eaad577a957c,関さん,5,390,390,4,guard,0.1042,0.2708,93,7,6,いいえ,関さん / モチノ・ウオ丸 / ホルトバージ君 / ????? / 鎌倉式ＤＢ２涅槃型改
1,777,em-fb6292300fc0,妖怪おたべ,5,525,455,4,delay,0.1042,0.2708,93,7,6,いいえ,妖怪おたべ / モチノ・ウオ丸 / ホルトバージ君 / ????? / 鎌倉式ＤＢ２涅槃型改
1,778,em-0352f52bd9a3,スワン様,6,500,480,5,skill_reduction,0.1042,0.2708,94,6,6,いいえ,スワン様 / モチノ・ウオ丸 / ホルトバージ君 / ????? / 鎌倉式ＤＢ２涅槃型改
1,779,em-08f945aef274,朦朧ボディマン,6,200,500,11,multi_hit_attack,0.1042,0.2708,94,6,6,いいえ,朦朧ボディマン / モチノ・ウオ丸 / ホルトバージ君 / ????? / 鎌倉式ＤＢ２涅槃型改
1,780,em-091b1c77c643,戸隠ちび蔵,6,150,950,3,attack_buff,0.1042,0.2708,94,6,6,いいえ,戸隠ちび蔵 / モチノ・ウオ丸 / ホルトバージ君 / ????? / 鎌倉式ＤＢ２涅槃型改
1,781,em-0d41ec5f78f0,じょーカーくん,6,500,600,6,delay,0.1042,0.2708,94,6,6,いいえ,じょーカーくん / モチノ・ウオ丸 / ホルトバージ君 / ????? / 鎌倉式ＤＢ２涅槃型改
1,782,em-0f41288ed104,青玉の供犠ぴよ子,6,1609,1609,0,none,0.1042,0.2708,94,6,6,いいえ,青玉の供犠ぴよ子 / モチノ・ウオ丸 / ホルトバージ君 / ????? / 鎌倉式ＤＢ２涅槃型改
1,783,em-204ef16c9e26,カピ原雄さん,6,300,500,6,revive,0.1042,0.2708,94,6,6,いいえ,カピ原雄さん / モチノ・ウオ丸 / ホルトバージ君 / ????? / 鎌倉式ＤＢ２涅槃型改
1,784,em-2697b5e55b56,あろまちゃん+空気,6,650,700,4,revive,0.1042,0.2708,94,6,6,いいえ,あろまちゃん+空気 / モチノ・ウオ丸 / ホルトバージ君 / ????? / 鎌倉式ＤＢ２涅槃型改
1,785,em-3d2c7dfded66,サタデーナイト郡上,6,500,600,7,aoe_attack,0.1042,0.2708,94,6,6,いいえ,サタデーナイト郡上 / モチノ・ウオ丸 / ホルトバージ君 / ????? / 鎌倉式ＤＢ２涅槃型改
1,786,em-434faacf4307,Woo怪くん,6,500,600,7,multi_hit_attack,0.1042,0.2708,94,6,6,いいえ,Woo怪くん / モチノ・ウオ丸 / ホルトバージ君 / ????? / 鎌倉式ＤＢ２涅槃型改
1,787,em-4c77b2b8ad46,トキシッくんさん,6,700,600,4,revive,0.1042,0.2708,94,6,6,いいえ,トキシッくんさん / モチノ・ウオ丸 / ホルトバージ君 / ????? / 鎌倉式ＤＢ２涅槃型改
1,788,em-58b6cf5f2d45,忍者！フゥーま,6,500,500,5,guard,0.1042,0.2708,94,6,6,いいえ,忍者！フゥーま / モチノ・ウオ丸 / ホルトバージ君 / ????? / 鎌倉式ＤＢ２涅槃型改
1,789,em-609b9d122d32,ネオむりょく,6,168,149,6,guard,0.1042,0.2708,94,6,6,いいえ,ネオむりょく / モチノ・ウオ丸 / ホルトバージ君 / ????? / 鎌倉式ＤＢ２涅槃型改
1,790,em-60fd008b3a8b,なるとくん,6,700,600,5,attack_buff,0.1042,0.2708,94,6,6,いいえ,なるとくん / モチノ・ウオ丸 / ホルトバージ君 / ????? / 鎌倉式ＤＢ２涅槃型改
1,791,em-6197bad49878,水島神人,6,700,300,5,guard,0.1042,0.2708,94,6,6,いいえ,水島神人 / モチノ・ウオ丸 / ホルトバージ君 / ????? / 鎌倉式ＤＢ２涅槃型改
1,792,em-6572f5492885,ネオニート,6,330,306,6,attribute_guard,0.1042,0.2708,94,6,6,いいえ,ネオニート / モチノ・ウオ丸 / ホルトバージ君 / ????? / 鎌倉式ＤＢ２涅槃型改
1,793,em-674bf61c8b00,海賊衆かっさーのん,6,600,700,4,attack_buff,0.1042,0.2708,94,6,6,いいえ,海賊衆かっさーのん / モチノ・ウオ丸 / ホルトバージ君 / ????? / 鎌倉式ＤＢ２涅槃型改
1,794,em-6e2c76ad098c,まおちゃん,6,500,750,6,skill_reduction,0.1042,0.2708,94,6,6,いいえ,まおちゃん / モチノ・ウオ丸 / ホルトバージ君 / ????? / 鎌倉式ＤＢ２涅槃型改
1,795,em-71820072d6c5,松浦凜子,6,603,603,4,attack_buff,0.1042,0.2708,94,6,6,いいえ,松浦凜子 / モチノ・ウオ丸 / ホルトバージ君 / ????? / 鎌倉式ＤＢ２涅槃型改
1,796,em-7c5fdd7af70d,覚醒むりょく,6,198,89,3,multi_hit_attack,0.1042,0.2708,94,6,6,いいえ,覚醒むりょく / モチノ・ウオ丸 / ホルトバージ君 / ????? / 鎌倉式ＤＢ２涅槃型改
1,797,em-7db55d8e78d1,やまなしーヌさん,6,400,500,6,skill_reduction,0.1042,0.2708,94,6,6,いいえ,やまなしーヌさん / モチノ・ウオ丸 / ホルトバージ君 / ????? / 鎌倉式ＤＢ２涅槃型改
1,798,em-804c07b6fa9a,メル子ちゃん,6,400,600,4,attack_buff,0.1042,0.2708,94,6,6,いいえ,メル子ちゃん / モチノ・ウオ丸 / ホルトバージ君 / ????? / 鎌倉式ＤＢ２涅槃型改
1,799,em-865f442bc56a,神魚！はたはタン,6,700,600,4,heal,0.1042,0.2708,94,6,6,いいえ,神魚！はたはタン / モチノ・ウオ丸 / ホルトバージ君 / ????? / 鎌倉式ＤＢ２涅槃型改
1,800,em-8d320a6b7512,いびるん,6,500,600,5,guard,0.1042,0.2708,94,6,6,いいえ,いびるん / モチノ・ウオ丸 / ホルトバージ君 / ????? / 鎌倉式ＤＢ２涅槃型改
1,801,em-8dfd3b91ca8d,総統エビユルゲ,6,1244,1159,1,attribute_change,0.1042,0.2708,94,6,6,いいえ,総統エビユルゲ / モチノ・ウオ丸 / ホルトバージ君 / ????? / 鎌倉式ＤＢ２涅槃型改
1,802,em-902df874fa74,でらマジカ,6,650,700,3,attribute_guard,0.1042,0.2708,94,6,6,いいえ,でらマジカ / モチノ・ウオ丸 / ホルトバージ君 / ????? / 鎌倉式ＤＢ２涅槃型改
1,803,em-97272e288cf7,ホークくん,6,500,750,1,attribute_guard,0.1042,0.2708,94,6,6,いいえ,ホークくん / モチノ・ウオ丸 / ホルトバージ君 / ????? / 鎌倉式ＤＢ２涅槃型改
1,804,em-9da039c08ead,キャミー先生,6,500,600,4,heal,0.1042,0.2708,94,6,6,いいえ,キャミー先生 / モチノ・ウオ丸 / ホルトバージ君 / ????? / 鎌倉式ＤＢ２涅槃型改
1,805,em-b08be1a4ca3f,中央アルプスの少女,6,500,300,3,damage_reduction,0.1042,0.2708,94,6,6,いいえ,中央アルプスの少女 / モチノ・ウオ丸 / ホルトバージ君 / ????? / 鎌倉式ＤＢ２涅槃型改
1,806,em-b0bd2882f199,タオるん,6,500,600,5,attribute_guard,0.1042,0.2708,94,6,6,いいえ,タオるん / モチノ・ウオ丸 / ホルトバージ君 / ????? / 鎌倉式ＤＢ２涅槃型改
1,807,em-b54c325797a5,フク先生,6,600,700,3,attribute_change,0.1042,0.2708,94,6,6,いいえ,フク先生 / モチノ・ウオ丸 / ホルトバージ君 / ????? / 鎌倉式ＤＢ２涅槃型改
1,808,em-ba8324a2cbef,覚醒ニート,6,354,296,2,multi_hit_attack,0.1042,0.2708,94,6,6,いいえ,覚醒ニート / モチノ・ウオ丸 / ホルトバージ君 / ????? / 鎌倉式ＤＢ２涅槃型改
1,809,em-bb2b760b2dfe,いぬやマン,6,400,400,7,attack_buff,0.1042,0.2708,94,6,6,いいえ,いぬやマン / モチノ・ウオ丸 / ホルトバージ君 / ????? / 鎌倉式ＤＢ２涅槃型改
1,810,em-d05fca3e00df,ほたるん,6,700,1000,3,attribute_change,0.1042,0.2708,94,6,6,いいえ,ほたるん / モチノ・ウオ丸 / ホルトバージ君 / ????? / 鎌倉式ＤＢ２涅槃型改
1,811,em-dac0a350706a,くたにん,6,500,600,3,attribute_change,0.1042,0.2708,94,6,6,いいえ,くたにん / モチノ・ウオ丸 / ホルトバージ君 / ????? / 鎌倉式ＤＢ２涅槃型改
1,812,em-ddba9f91bab7,注入！とちぎソウル,6,280,700,5,attack_buff,0.1042,0.2708,94,6,6,いいえ,注入！とちぎソウル / モチノ・ウオ丸 / ホルトバージ君 / ????? / 鎌倉式ＤＢ２涅槃型改
1,813,em-e507272ab5af,フィッシャーマン２,6,400,400,1,heal,0.1042,0.2708,94,6,6,いいえ,フィッシャーマン２ / モチノ・ウオ丸 / ホルトバージ君 / ????? / 鎌倉式ＤＢ２涅槃型改
1,814,em-e9a4c94598fc,深海人ゴロウ,6,500,480,2,attack_buff,0.1042,0.2708,94,6,6,いいえ,深海人ゴロウ / モチノ・ウオ丸 / ホルトバージ君 / ????? / 鎌倉式ＤＢ２涅槃型改
1,815,em-e9a9af4ae9bc,梨豚ぴぐぺん,6,500,600,2,attack_buff,0.1042,0.2708,94,6,6,いいえ,梨豚ぴぐぺん / モチノ・ウオ丸 / ホルトバージ君 / ????? / 鎌倉式ＤＢ２涅槃型改
1,816,em-4b386c59ef08,キマシ塔の温泉娘,20,1245,2781,5,attack_buff,0.1042,0.2708,94,6,6,いいえ,キマシ塔の温泉娘 / モチノ・ウオ丸 / ホルトバージ君 / 呼んでますトムさん / ハリウッドナナコ師匠
1,817,em-0481f6c14fd9,関先輩,7,475,475,4,guard,0.1042,0.2708,95,5,6,いいえ,関先輩 / モチノ・ウオ丸 / ホルトバージ君 / ????? / 鎌倉式ＤＢ２涅槃型改
1,818,em-0a88e828f44f,あずま京子,7,500,500,4,damage_reduction,0.1042,0.2708,95,5,6,いいえ,あずま京子 / モチノ・ウオ丸 / ホルトバージ君 / ????? / 鎌倉式ＤＢ２涅槃型改
1,819,em-1a5f7bc3661b,萌やし男子,7,300,700,4,attack_buff,0.1042,0.2708,95,5,6,いいえ,萌やし男子 / モチノ・ウオ丸 / ホルトバージ君 / ????? / 鎌倉式ＤＢ２涅槃型改
1,820,em-228697ae4ca1,かつお☆カーニバル,7,1128,1198,2,skill_reduction,0.1042,0.2708,95,5,6,いいえ,かつお☆カーニバル / モチノ・ウオ丸 / ホルトバージ君 / ????? / 鎌倉式ＤＢ２涅槃型改
1,821,em-28f044d525d7,スーリヤ様が見てる,7,489,1446,3,skill_reduction,0.1042,0.2708,95,5,6,いいえ,スーリヤ様が見てる / モチノ・ウオ丸 / ホルトバージ君 / ????? / 鎌倉式ＤＢ２涅槃型改
1,822,em-32f3aa536bcf,境地！絶海のあん子,7,502,488,4,heal,0.1042,0.2708,95,5,6,いいえ,境地！絶海のあん子 / モチノ・ウオ丸 / ホルトバージ君 / ????? / 鎌倉式ＤＢ２涅槃型改
1,823,em-33289e43e28b,ほたるーニャん☆ミ,7,650,700,4,attribute_change,0.1042,0.2708,95,5,6,いいえ,ほたるーニャん☆ミ / モチノ・ウオ丸 / ホルトバージ君 / ????? / 鎌倉式ＤＢ２涅槃型改
1,824,em-3850dfa89114,流浪の騎士,7,510,470,9,attribute_guard,0.1042,0.2708,95,5,6,いいえ,流浪の騎士 / モチノ・ウオ丸 / ホルトバージ君 / ????? / 鎌倉式ＤＢ２涅槃型改
1,825,em-405a608fae19,大内さん,7,702,702,5,heal,0.1042,0.2708,95,5,6,いいえ,大内さん / モチノ・ウオ丸 / ホルトバージ君 / ????? / 鎌倉式ＤＢ２涅槃型改
1,826,em-554c0093231a,おあげさん,7,505,495,3,attack_buff,0.1042,0.2708,95,5,6,いいえ,おあげさん / モチノ・ウオ丸 / ホルトバージ君 / ????? / 鎌倉式ＤＢ２涅槃型改
1,827,em-5fba2111c2ae,くろこップ,7,498,482,9,skill_reduction,0.1042,0.2708,95,5,6,いいえ,くろこップ / モチノ・ウオ丸 / ホルトバージ君 / ????? / 鎌倉式ＤＢ２涅槃型改
1,828,em-62efa937d743,素敵なびわ子たん,7,500,480,4,damage_reduction,0.1042,0.2708,95,5,6,いいえ,素敵なびわ子たん / モチノ・ウオ丸 / ホルトバージ君 / ????? / 鎌倉式ＤＢ２涅槃型改
1,829,em-9f7e593bdb96,鮒麿,7,520,460,5,heal,0.1042,0.2708,95,5,6,いいえ,鮒麿 / モチノ・ウオ丸 / ホルトバージ君 / ????? / 鎌倉式ＤＢ２涅槃型改
1,830,em-a4d82c09dd0f,魂入！とちぎソウル,7,565,1837,4,attack_buff,0.1042,0.2708,95,5,6,いいえ,魂入！とちぎソウル / モチノ・ウオ丸 / ホルトバージ君 / ????? / 鎌倉式ＤＢ２涅槃型改
1,831,em-b5a4cfe168a6,安井大先生,7,505,475,5,guard,0.1042,0.2708,95,5,6,いいえ,安井大先生 / モチノ・ウオ丸 / ホルトバージ君 / ????? / 鎌倉式ＤＢ２涅槃型改
1,832,em-b827590fe52d,芹沢くん,7,500,500,4,guard,0.1042,0.2708,95,5,6,いいえ,芹沢くん / モチノ・ウオ丸 / ホルトバージ君 / ????? / 鎌倉式ＤＢ２涅槃型改
1,833,em-c7cd54f2e503,ケラマ☆マジカ,7,1057,1198,2,attribute_guard,0.1042,0.2708,95,5,6,いいえ,ケラマ☆マジカ / モチノ・ウオ丸 / ホルトバージ君 / ????? / 鎌倉式ＤＢ２涅槃型改
1,834,em-d5d58dc5e468,子供神・わらしちゃん,7,565,1131,4,delay,0.1042,0.2708,95,5,6,いいえ,子供神・わらしちゃん / モチノ・ウオ丸 / ホルトバージ君 / ????? / 鎌倉式ＤＢ２涅槃型改
1,835,em-f14c0a7296cf,コーベリアル伯爵,7,500,480,2,attribute_guard,0.1042,0.2708,95,5,6,いいえ,コーベリアル伯爵 / モチノ・ウオ丸 / ホルトバージ君 / ????? / 鎌倉式ＤＢ２涅槃型改
1,836,em-f2d052955a43,大正義・フクちゃん,7,1128,1269,2,attribute_change,0.1042,0.2708,95,5,6,いいえ,大正義・フクちゃん / モチノ・ウオ丸 / ホルトバージ君 / ????? / 鎌倉式ＤＢ２涅槃型改
1,837,em-06a82dd4f95a,やまとーる海将,18,2567,1208,4,damage_reduction,0.1042,0.2708,100,0,6,いいえ,やまとーる海将 / モチノ・ウオ丸 / ホルトバージ君 / みどりのたけしマン / ハリウッドナナコ師匠
1,838,em-6a50fe1ba475,青き春の酔竜,70,2556,7668,3,attack_buff,0.1042,0.2708,100,0,3,いいえ,青き春の酔竜 / 試作型おこしん / トキシッくんｵｯｽｵｯｽ / ＢＥＷ雪玉 / ハリウッドナナコ師匠
1,839,em-902bd624dbdb,パンタナルの狼男,70,5898,4260,5,revive,0.1042,0.2708,100,0,3,いいえ,パンタナルの狼男 / 試作型おこしん / ＢＥＷ雪玉 / トキシッくんｵｯｽｵｯｽ / ハリウッドナナコ師匠
1,840,em-2d1c8d50a6d1,スマートouぼっと,17,2265,1510,5,damage_reduction,0.0975,0.2292,99,1,6,いいえ,スマートouぼっと / モチノ・ウオ丸 / 試作型おこしん / みどりのたけしマン / 鎌倉式ＤＢ２涅槃型改
1,841,em-2d3e693a8406,ツキマシモン,35,3919,1704,2,attack_buff,0.0941,0.2708,99,1,6,いいえ,ツキマシモン / アレス暮らし / ホルトバージ君 / トキシッくんｵｯｽｵｯｽ / 実はこんにゃくちゃん
1,842,em-3b878e796aba,なまず仙人,35,4941,1618,4,damage_reduction,0.0941,0.2708,99,1,6,いいえ,なまず仙人 / アレス暮らし / ホルトバージ君 / トキシッくんｵｯｽｵｯｽ / 実はこんにゃくちゃん
1,843,em-2d179e9f0835,ﾇｯと出る☆ウイス君,36,5354,2486,2,attack_buff,0.0941,0.2708,100,0,6,いいえ,ﾇｯと出る☆ウイス君 / アレス暮らし / ホルトバージ君 / トキシッくんｵｯｽｵｯｽ / 実はこんにゃくちゃん
1,844,em-7b76cc31326e,迷走のヴァニ江,36,4379,2505,2,damage_reduction,0.0941,0.2708,100,0,6,いいえ,迷走のヴァニ江 / アレス暮らし / ホルトバージ君 / トキシッくんｵｯｽｵｯｽ / 実はこんにゃくちゃん
1,845,em-8d766096773e,おんじとゆかいな子供達,36,5316,1704,1,damage_reduction,0.0941,0.2708,100,0,6,いいえ,おんじとゆかいな子供達 / アレス暮らし / ホルトバージ君 / トキシッくんｵｯｽｵｯｽ / 実はこんにゃくちゃん
1,846,em-7f18b9c64c74,家族贖罪という字面,40,5964,1704,3,damage_reduction,0.0941,0.2708,100,0,4,いいえ,家族贖罪という字面 / アレス暮らし / ホルトバージ君 / トキシッくんｵｯｽｵｯｽ / ハリウッドナナコ師匠
1,847,em-9bad632dc3a9,秋田世界発見伝,24,3838,845,4,guard,0.0939,0.25,96,4,6,いいえ,秋田世界発見伝 / 試作型おこしん / ホルトバージ君 / みどりのたけしマン / 鎌倉式ＤＢ２涅槃型改
1,848,em-cdfbe8acd59f,はんばー先輩,24,4444,563,2,revive,0.0939,0.25,96,4,6,いいえ,はんばー先輩 / アレス暮らし / ホルトバージ君 / ????? / ネムりん
1,849,em-d0ab149939aa,製鉄所★澤先輩,24,5313,1771,3,skill_reduction,0.0939,0.25,96,4,6,いいえ,製鉄所★澤先輩 / アレス暮らし / ホルトバージ君 / ????? / ネムりん
1,850,em-bb16895fa31d,ハルキさんとゲニアさん,26,3074,813,6,delay,0.0939,0.25,98,2,5,いいえ,ハルキさんとゲニアさん / アレス暮らし / ホルトバージ君 / ????? / ネムりん
1,851,em-67086191a83f,マダラなシオマネキ君,27,5490,1059,2,attribute_guard,0.0939,0.25,99,1,6,いいえ,マダラなシオマネキ君 / アレス暮らし / ホルトバージ君 / ????? / ネムりん
1,852,em-cb9a138787d0,摩陀羅　潮真,27,7194,1741,2,attribute_guard,0.0939,0.25,99,1,6,いいえ,摩陀羅　潮真 / アレス暮らし / ホルトバージ君 / ????? / ネムりん
1,853,em-2a20d82018a7,強飯式太子君,43,4771,3408,1,heal,0.0939,0.25,99,1,5,いいえ,強飯式太子君 / アレス暮らし / ????? / ɚすぃとあろま？ / ハリウッドナナコ師匠
1,854,em-52f594fdc52e,後楽園☆池田,43,5623,2896,1,attack_buff,0.0939,0.25,99,1,5,いいえ,後楽園☆池田 / アレス暮らし / ????? / ɚすぃとあろま？ / ハリウッドナナコ師匠
1,855,em-1232a815b671,みさきさん,16,1000,1200,5,multi_hit_attack,0.0939,0.25,100,0,6,いいえ,みさきさん / モチノ・ウオ丸 / ホルトバージ君 / ????? / まそお姉ちゃん
1,856,em-410cc22d32bc,アロハる☆水島神人,16,3246,1887,2,attribute_change,0.0939,0.25,100,0,6,いいえ,アロハる☆水島神人 / モチノ・ウオ丸 / ホルトバージ君 / ????? / まそお姉ちゃん
1,857,em-6c215846fcb0,アン・ごろう,16,1356,1189,2,attack_buff,0.0939,0.25,100,0,6,いいえ,アン・ごろう / モチノ・ウオ丸 / ホルトバージ君 / ????? / まそお姉ちゃん
1,858,em-6ead69ef1b01,精霊ブーナッド,16,4025,805,2,heal,0.0939,0.25,100,0,6,いいえ,精霊ブーナッド / モチノ・ウオ丸 / ホルトバージ君 / ????? / まそお姉ちゃん
1,859,em-c88f65fb7899,グラディ瑛太,16,4653,423,3,delay,0.0939,0.25,100,0,6,いいえ,グラディ瑛太 / モチノ・ウオ丸 / ホルトバージ君 / ????? / まそお姉ちゃん
1,860,em-30e2f325f3af,尾索戦隊ｻﾙﾊﾟﾝｼﾞｬｰ,28,4907,1022,2,multi_hit_attack,0.0939,0.25,100,0,6,いいえ,尾索戦隊ｻﾙﾊﾟﾝｼﾞｬｰ / アレス暮らし / ホルトバージ君 / ????? / ネムりん
1,861,em-af9542637cdd,群れを成すサルパ,28,5453,756,2,multi_hit_attack,0.0939,0.25,100,0,6,いいえ,群れを成すサルパ / アレス暮らし / ホルトバージ君 / ????? / ネムりん
1,862,em-cdd2ac5f0a12,クイーンなコンク様,44,3578,2385,1,damage_reduction,0.0939,0.25,100,0,5,いいえ,クイーンなコンク様 / アレス暮らし / ????? / ɚすぃとあろま？ / ハリウッドナナコ師匠
1,863,em-abcae044297d,ラ・ショー・ドさん,44,5453,3424,5,delay,0.0849,0.2292,100,0,5,いいえ,ラ・ショー・ドさん / アレス暮らし / ????? / ɚすぃとあろま？ / ハリウッドナナコ師匠
1,864,em-872b1096af45,アシナガ,80,3748,6816,1,attack_buff,0.0849,0.2292,100,0,2,いいえ,アシナガ / ケラマ☆マジカ / おあげさん / ズースくん / ほたるーニャ
1,865,em-ca249600bce3,アレス暮らし,24,2737,1932,1,attack_buff,0.0832,0.25,98,2,5,いいえ,アレス暮らし / モチノ・ウオ丸 / ホルトバージ君 / ????? / ハリウッドナナコ師匠
1,866,em-0e376d1892df,メネリくん一世,72,6134,3067,4,guard,0.0832,0.25,99,1,2,いいえ,メネリくん一世 / 総統エビユルゲ / 試作型おこしん / ＢＥＷ雪玉 / ハリウッドナナコ師匠
1,867,em-313faf3b400a,バルパラ★イソ子,36,3237,3067,1,attribute_guard,0.0832,0.25,100,0,6,いいえ,バルパラ★イソ子 / アレス暮らし / ホルトバージ君 / トキシッくんｵｯｽｵｯｽ / 実はこんにゃくちゃん
1,868,em-55cdacc97f8e,バーチャルおぅぼっと,25,4025,1610,7,damage_reduction,0.0733,0.2292,97,3,5,いいえ,バーチャルおぅぼっと / アレス暮らし / ホルトバージ君 / ????? / ネムりん
1,869,em-6d8ed6eb36b3,えかちぇたん,25,4260,2385,1,multi_hit_attack,0.0733,0.2292,97,3,5,いいえ,えかちぇたん / アレス暮らし / ホルトバージ君 / ????? / ネムりん
1,870,em-fc0926b017ef,なまずのおじさん,25,4260,1278,5,damage_reduction,0.0733,0.2292,97,3,5,いいえ,なまずのおじさん / アレス暮らし / ホルトバージ君 / ????? / ネムりん
1,871,em-94a55ee81090,瑠璃の君,27,3067,2453,1,damage_reduction,0.0733,0.2292,99,1,6,いいえ,瑠璃の君 / アレス暮らし / ホルトバージ君 / ????? / ネムりん
1,872,em-049ada05607b,眠里　不可緒,16,3578,2315,5,attack_buff,0.0733,0.2292,100,0,6,いいえ,眠里　不可緒 / モチノ・ウオ丸 / ホルトバージ君 / ????? / まそお姉ちゃん
1,873,em-0ba3ddcc384c,雛段芸人☆さくらんず,16,1510,1887,5,skill_reduction,0.0733,0.2292,100,0,6,いいえ,雛段芸人☆さくらんず / モチノ・ウオ丸 / ホルトバージ君 / ????? / まそお姉ちゃん
1,874,em-25fed9fde1ce,かっさーWoo！,16,1131,2403,4,attack_buff,0.0733,0.2292,100,0,6,いいえ,かっさーWoo！ / モチノ・ウオ丸 / ホルトバージ君 / ????? / まそお姉ちゃん
1,875,em-7c7befcdeb38,メル子大先生,16,1773,1934,2,attack_buff,0.0733,0.2292,100,0,6,いいえ,メル子大先生 / モチノ・ウオ丸 / ホルトバージ君 / ????? / まそお姉ちゃん
1,876,em-85a7b3e2cb7d,剥ぐぞ！ナモミ先生,16,400,2100,2,attack_buff,0.0733,0.2292,100,0,6,いいえ,剥ぐぞ！ナモミ先生 / モチノ・ウオ丸 / ホルトバージ君 / ????? / まそお姉ちゃん
1,877,em-90e071b9735c,乗り海苔カスティリャ,16,2707,1223,2,attribute_guard,0.0733,0.2292,100,0,6,いいえ,乗り海苔カスティリャ / モチノ・ウオ丸 / ホルトバージ君 / ????? / まそお姉ちゃん
1,878,em-9ca244c83a38,ʤouカー＆ʧouカー,16,1510,2124,4,delay,0.0733,0.2292,100,0,6,いいえ,ʤouカー＆ʧouカー / モチノ・ウオ丸 / ホルトバージ君 / ????? / まそお姉ちゃん
1,879,em-c2219f10d4e0,青コリくん,16,1533,2556,0,damage_reduction,0.0733,0.2292,100,0,6,いいえ,青コリくん / モチノ・ウオ丸 / ホルトバージ君 / ????? / まそお姉ちゃん
1,880,em-ce7547fb3ccd,いぬやマンリメイク！,16,1661,1661,7,attack_buff,0.0733,0.2292,100,0,6,いいえ,いぬやマンリメイク！ / モチノ・ウオ丸 / ホルトバージ君 / ????? / まそお姉ちゃん
1,881,em-d09d2f80d34e,トマティーナ少佐,16,3748,2130,2,multi_hit_attack,0.0733,0.2292,100,0,6,いいえ,トマティーナ少佐 / モチノ・ウオ丸 / ホルトバージ君 / ????? / まそお姉ちゃん
1,882,em-36ce9827163b,検非違使なけいび氏,28,6024,878,2,heal,0.0733,0.2292,100,0,6,いいえ,検非違使なけいび氏 / アレス暮らし / ホルトバージ君 / ????? / ネムりん
1,883,em-7e5ff582788f,INする★パンドラ,28,3059,1932,6,attribute_guard,0.0733,0.2292,100,0,6,いいえ,INする★パンドラ / アレス暮らし / ホルトバージ君 / 呼んでますトムさん / ネムりん
1,884,em-fa3191833d67,エヴァン,28,3381,2776,2,damage_reduction,0.0733,0.2292,100,0,6,いいえ,エヴァン / アレス暮らし / ホルトバージ君 / 呼んでますトムさん / ネムりん
1,885,em-c750011c554d,夢奈マコ（16才）,60,7497,2130,5,guard,0.0723,0.1875,100,0,4,いいえ,夢奈マコ（16才） / 試作型おこしん / ????? / ɚすぃとあろま？ / ハリウッドナナコ師匠
1,886,em-5c3bfcbbd109,ネギさん,80,4260,4260,500,attack_buff,0.0648,0.2083,100,0,2,いいえ,ネギさん / ケラマ☆マジカ / おあげさん / ズースくん / ほたるーニャ
1,887,em-490281caead8,にくぁう羽子板・辰,36,3449,3449,0,attack_buff,0.0625,0.2292,100,0,6,いいえ,にくぁう羽子板・辰 / アレス暮らし / ホルトバージ君 / トキシッくんｵｯｽｵｯｽ / 実はこんにゃくちゃん
1,888,em-5d62afcf01d5,転がる！けねず君,37,3408,2044,4,damage_reduction,0.0625,0.2292,100,0,5,いいえ,転がる！けねず君 / アレス暮らし / ホルトバージ君 / ɚすぃとあろま？ / ハリウッドナナコ師匠
1,889,em-ec64495c1963,レブカ大先生,38,5793,2984,5,aoe_attack,0.0625,0.2292,100,0,5,いいえ,レブカ大先生 / アレス暮らし / ホルトバージ君 / おたべ妖精 / 実はこんにゃくちゃん
1,890,em-96c8b7af6f5c,ネギtheダーウィン,30,5112,0,5,attribute_change,0.0581,0.1875,99,1,5,いいえ,ネギtheダーウィン / トマティーナ少佐 / ホルトバージ君 / ????? / 眠里　不可緒
1,891,em-2f3cf0f345e4,ふらっとウッズ子さん,59,5112,2272,0,attribute_guard,0.0581,0.1875,99,1,4,いいえ,ふらっとウッズ子さん / 試作型おこしん / ????? / ɚすぃとあろま？ / ハリウッドナナコ師匠
1,892,em-cdd7690ef318,京都コーラマン,59,5959,2800,4,damage_reduction,0.0581,0.1875,99,1,4,いいえ,京都コーラマン / 試作型おこしん / ????? / ɚすぃとあろま？ / ハリウッドナナコ師匠
1,893,em-48fc0bb31337,踊る☆なまずおじさん,60,5793,2130,3,damage_reduction,0.0581,0.1875,100,0,4,いいえ,踊る☆なまずおじさん / 試作型おこしん / ????? / ɚすぃとあろま？ / ハリウッドナナコ師匠
1,894,em-4e3940289203,スーパー軍師兵衛ズ,60,7838,2385,3,skill_reduction,0.0581,0.1875,100,0,4,いいえ,スーパー軍師兵衛ズ / 試作型おこしん / ????? / ɚすぃとあろま？ / ハリウッドナナコ師匠
1,895,em-814e01d05463,非伝説の潮真,60,7535,2423,1,attribute_guard,0.0581,0.1875,100,0,4,いいえ,非伝説の潮真 / 試作型おこしん / ????? / ɚすぃとあろま？ / ハリウッドナナコ師匠
1,896,em-34853ed0f0f8,ユーコちゃん,24,2556,1533,4,revive,0.0532,0.2083,96,4,6,いいえ,ユーコちゃん / アレス暮らし / ホルトバージ君 / ????? / ネムりん
1,897,em-4dc27428f645,よりりんＫ林スタイル,24,2576,2576,2,attribute_change,0.0532,0.2083,96,4,6,いいえ,よりりんＫ林スタイル / アレス暮らし / ホルトバージ君 / ????? / ネムりん
1,898,em-5c142a19c12c,菅大臣・どうしん様,24,2649,2504,1,heal,0.0532,0.2083,96,4,6,いいえ,菅大臣・どうしん様 / アレス暮らし / ホルトバージ君 / ????? / ネムりん
1,899,em-d0639c20e6b1,ユーコ☆宇宙,24,4260,2556,4,revive,0.0532,0.2083,96,4,6,いいえ,ユーコ☆宇宙 / アレス暮らし / ホルトバージ君 / ????? / ネムりん
1,900,em-e6110f879f18,ユーコ隊,24,3408,2044,4,revive,0.0532,0.2083,96,4,6,いいえ,ユーコ隊 / アレス暮らし / ホルトバージ君 / ????? / ネムりん
1,901,em-8de6e4494a60,称えよ☆メジェド様！,25,2415,2415,2,guard,0.0532,0.2083,97,3,5,いいえ,称えよ☆メジェド様！ / アレス暮らし / ホルトバージ君 / ????? / ネムりん
1,902,em-dade81e05fdb,紫式部@物語執筆中,25,1771,3220,0,damage_reduction,0.0532,0.2083,97,3,5,いいえ,紫式部@物語執筆中 / アレス暮らし / ホルトバージ君 / ????? / ネムりん
1,903,em-ef6acbb9fe3a,ﾌｫﾆｰ・ぴよ・ｶﾞｰﾙｽﾞY,25,3703,1771,4,attribute_change,0.0532,0.2083,97,3,5,いいえ,ﾌｫﾆｰ・ぴよ・ｶﾞｰﾙｽﾞY / アレス暮らし / ホルトバージ君 / ????? / ネムりん
1,904,em-474d7b7d3bbe,イチャン～(から),26,3606,2850,2,aoe_attack,0.0532,0.2083,98,2,5,いいえ,イチャン～(から) / アレス暮らし / ホルトバージ君 / ????? / ネムりん
1,905,em-8b0ee22a5cd7,ドナドナう皮,26,1676,1664,3,guard,0.0532,0.2083,98,2,5,いいえ,ドナドナう皮 / アレス暮らし / ホルトバージ君 / ????? / ネムりん
1,906,em-269e75871422,瑠璃☆瑠璃,27,2726,2181,1,damage_reduction,0.0532,0.2083,99,1,6,いいえ,瑠璃☆瑠璃 / アレス暮らし / ホルトバージ君 / ????? / ネムりん
1,907,em-354b4786550a,魔滅！鷹山先生,27,1283,1283,4,delay,0.0532,0.2083,99,1,6,いいえ,魔滅！鷹山先生 / アレス暮らし / ホルトバージ君 / ????? / ネムりん
1,908,em-e7480334e10e,脱力系アテナ,33,4186,1610,0,attack_buff,0.0532,0.2083,99,1,5,いいえ,脱力系アテナ / アレス暮らし / ホルトバージ君 / ????? / ハリウッドナナコ師匠
1,909,em-0af21062aa7c,ｻﾗﾏﾝﾀﾞｰ祝High気分,30,2898,2817,6,skill_reduction,0.0453,0.1875,99,1,5,いいえ,ｻﾗﾏﾝﾀﾞｰ祝High気分 / トマティーナ少佐 / ホルトバージ君 / ????? / 眠里　不可緒
1,910,em-258850fee1ca,時計塔の魔女娘,30,5523,1614,2,skill_reduction,0.0453,0.1875,99,1,5,いいえ,時計塔の魔女娘 / トマティーナ少佐 / ホルトバージ君 / ????? / 眠里　不可緒
1,911,em-74c87c37d930,むぅむぅ,30,2839,2525,3,multi_hit_attack,0.0453,0.1875,99,1,6,いいえ,むぅむぅ / トマティーナ少佐 / ホルトバージ君 / ????? / 眠里　不可緒
1,912,em-8476f5773554,エーランドちゃん,30,6070,2160,7,delay,0.0453,0.1875,100,0,5,いいえ,エーランドちゃん / モチノ・ウオ丸 / 試作型おこしん / ????? / まそお姉ちゃん
1,913,em-e128354ca2de,シュレーダー帝,31,1795,3097,6,revive,0.0453,0.1875,100,0,5,いいえ,シュレーダー帝 / トマティーナ少佐 / ホルトバージ君 / ????? / 眠里　不可緒
1,914,em-6c9a66a7da8c,抹殺音ズース,40,5623,3408,6,heal,0.0424,0.2083,99,1,4,いいえ,抹殺音ズース / アレス暮らし / ホルトバージ君 / ＢＥＷ雪玉 / ハリウッドナナコ師匠
1,915,em-31758a7d7c63,ﾗｰｶﾞﾙﾌﾘｮｩﾄﾙﾑりん,47,5700,2292,3,damage_reduction,0.0424,0.2083,99,1,4,いいえ,ﾗｰｶﾞﾙﾌﾘｮｩﾄﾙﾑりん / トマティーナ少佐 / ホルトバージ君 / トキシッくんｵｯｽｵｯｽ / ハリウッドナナコ師匠
1,916,em-59636157ae2e,コーベンパイア天爵,45,5282,1757,2,damage_reduction,0.0424,0.2083,100,0,4,いいえ,コーベンパイア天爵 / 試作型おこしん / ホルトバージ君 / トキシッくんｵｯｽｵｯｽ / 眠里　不可緒
1,917,em-6885c7d684d6,雪の美女と魔獣,52,4304,3016,1,heal,0.0424,0.2083,100,0,4,いいえ,雪の美女と魔獣 / 試作型おこしん / ホルトバージ君 / トキシッくんｵｯｽｵｯｽ / 実はこんにゃくちゃん
1,918,em-b791d78202d5,英国面の本気,38,6816,1363,5,multi_hit_attack,0.0392,0.1667,100,0,4,いいえ,英国面の本気 / アレス暮らし / 試作型おこしん / ????? / まそお姉ちゃん
1,919,em-4b24f34b41a1,レジェント・八郎ニキ,42,4941,852,1,multi_hit_attack,0.0392,0.1667,100,0,5,いいえ,レジェント・八郎ニキ / アレス暮らし / ????? / ＢＥＷ雪玉 / ネムりん
1,920,em-d8af1ee7968e,ザ★女王の世界,42,1936,2006,3,attack_buff,0.0392,0.1667,100,0,5,いいえ,ザ★女王の世界 / アレス暮らし / ????? / ＢＥＷ雪玉 / ネムりん
1,921,em-dce9e83b7c07,長靴履いたなろう猫,42,3786,2726,3,attribute_change,0.0392,0.1667,100,0,5,いいえ,長靴履いたなろう猫 / アレス暮らし / ????? / ＢＥＷ雪玉 / ネムりん
1,922,em-0277eca3d9cf,ゆる神の像＆ピヨか？,60,426,511,3,guard,0.0392,0.1667,100,0,4,いいえ,ゆる神の像＆ピヨか？ / 試作型おこしん / ????? / ɚすぃとあろま？ / ハリウッドナナコ師匠
1,923,em-0ee8cd6c9dab,黄金時代！K・ワンダー,60,3,3,1,multi_hit_attack,0.0392,0.1667,100,0,4,いいえ,黄金時代！K・ワンダー / 試作型おこしん / ????? / ɚすぃとあろま？ / ハリウッドナナコ師匠
1,924,em-5c8b9af61816,ぴっよコイン先生,60,1111,1111,12,damage_reduction,0.0392,0.1667,100,0,4,いいえ,ぴっよコイン先生 / 試作型おこしん / ????? / ɚすぃとあろま？ / ハリウッドナナコ師匠
1,925,em-eb4ef5fa8f2f,応援ぴよ子団長,60,1111,1111,12,attack_buff,0.0392,0.1667,100,0,4,いいえ,応援ぴよ子団長 / 試作型おこしん / ????? / ɚすぃとあろま？ / ハリウッドナナコ師匠
1,926,em-1211d6248533,ピンクなコンクさん,32,3067,2044,1,damage_reduction,0.0335,0.1875,98,2,5,いいえ,ピンクなコンクさん / アレス暮らし / ホルトバージ君 / ????? / ハリウッドナナコ師匠
1,927,em-59fa5fa098ba,繭神！おかいこさま,32,5027,1704,3,attribute_change,0.0335,0.1875,98,2,5,いいえ,繭神！おかいこさま / アレス暮らし / ホルトバージ君 / ????? / ハリウッドナナコ師匠
1,928,em-93a9275d427c,肉食ドゥブロさん,32,5106,3404,3,attack_buff,0.0335,0.1875,98,2,5,いいえ,肉食ドゥブロさん / アレス暮らし / ホルトバージ君 / ????? / ハリウッドナナコ師匠
1,929,em-ea05427d05f5,ナポレオーヌくん,32,3121,2603,1,attack_buff,0.0335,0.1875,98,2,5,いいえ,ナポレオーヌくん / アレス暮らし / ホルトバージ君 / ????? / ハリウッドナナコ師匠
1,930,em-f346c1f4c45d,八狗神伏姫様,35,5538,2130,4,guard,0.0335,0.1875,98,2,5,いいえ,八狗神伏姫様 / アレス暮らし / ホルトバージ君 / 得琉田浜蔵 / ハリウッドナナコ師匠
1,931,em-a20c59ca87c1,Let's☆ハチ公,33,6560,1448,5,delay,0.0335,0.1875,99,1,5,いいえ,Let's☆ハチ公 / アレス暮らし / ホルトバージ君 / ????? / ハリウッドナナコ師匠
1,932,em-2080ae65b62a,モヅルン,37,3771,1908,3,attribute_guard,0.0335,0.1875,100,0,5,いいえ,モヅルン / アレス暮らし / ホルトバージ君 / 得琉田浜蔵 / ハリウッドナナコ師匠
1,933,em-6c2ea8631e0d,深海美少年モヅルン,37,5964,2385,3,attribute_guard,0.0335,0.1875,100,0,4,いいえ,深海美少年モヅルン / アレス暮らし / ホルトバージ君 / 得琉田浜蔵 / ハリウッドナナコ師匠
1,934,em-ab9b2ce76191,B・O・B,37,4935,3244,3,delay,0.0335,0.1875,100,0,5,いいえ,B・O・B / アレス暮らし / ホルトバージ君 / 得琉田浜蔵 / ハリウッドナナコ師匠
1,935,em-b041a6f6cf00,テヅルモヅルン,37,5367,2147,3,attribute_guard,0.0335,0.1875,100,0,4,いいえ,テヅルモヅルン / アレス暮らし / ホルトバージ君 / 得琉田浜蔵 / ハリウッドナナコ師匠
1,936,em-2a96e91a2f35,雪男フェス祭カーニバル,38,5793,1874,5,revive,0.0335,0.1875,100,0,4,いいえ,雪男フェス祭カーニバル / アレス暮らし / ホルトバージ君 / おたべ妖精 / 実はこんにゃくちゃん
1,937,em-f4980131820e,ﾊﾛｳｨﾝのヴラドさん,41,4089,1757,2,damage_reduction,0.0262,0.1667,97,3,4,いいえ,ﾊﾛｳｨﾝのヴラドさん / 試作型おこしん / ホルトバージ君 / ????? / ネムりん
1,938,em-2c51c9073e5a,強化ゆる骨格のススメ,50,1704,1704,12,attribute_guard,0.0262,0.1667,100,0,4,いいえ,強化ゆる骨格のススメ / アレス暮らし / 試作型おこしん / トキシッくんｵｯｽｵｯｽ / 実はこんにゃくちゃん
1,939,em-2f152df51cdc,エトナさん,50,5673,1704,1,aoe_attack,0.0262,0.1667,100,0,4,いいえ,エトナさん / アレス暮らし / 試作型おこしん / トキシッくんｵｯｽｵｯｽ / 実はこんにゃくちゃん
1,940,em-378e340695dc,スクナクナクナクス,50,6816,3408,2,aoe_attack,0.0262,0.1667,100,0,4,いいえ,スクナクナクナクス / アレス暮らし / 試作型おこしん / トキシッくんｵｯｽｵｯｽ / 実はこんにゃくちゃん
1,941,em-5a8b6c2acb19,ユスリカ,45,5282,1414,0,aoe_attack,0.0212,0.1042,100,0,6,いいえ,ユスリカ / トマティーナ少佐 / 試作型おこしん / ????? / 眠里　不可緒
1,942,em-eb8dcb3ecb46,ヨーコ須賀パイセン,45,5964,3237,3,attribute_guard,0.0212,0.1042,100,0,6,いいえ,ヨーコ須賀パイセン / トマティーナ少佐 / 試作型おこしん / ????? / 眠里　不可緒
1,943,em-fd155a3410b2,鯰坊主と子供たち,45,5793,2130,3,damage_reduction,0.0212,0.1042,100,0,6,いいえ,鯰坊主と子供たち / トマティーナ少佐 / 試作型おこしん / ????? / 眠里　不可緒
1,944,em-9a1b8b33af97,バレチョコすわ子,46,3646,1874,0,multi_hit_attack,0.021,0.1458,98,2,5,いいえ,バレチョコすわ子 / アレス暮らし / ????? / ＢＥＷ雪玉 / ハリウッドナナコ師匠
1,945,em-99460641a41d,奇岩妖精ペリバじゃん,40,6816,852,3,attack_buff,0.021,0.1458,99,1,4,いいえ,奇岩妖精ペリバじゃん / 総統エビユルゲ / ホルトバージ君 / ????? / 眠里　不可緒
1,946,em-42b503c8643c,姉上と青コリくん,48,3322,3322,0,damage_reduction,0.021,0.1458,100,0,4,いいえ,姉上と青コリくん / アレス暮らし / ????? / ＢＥＷ雪玉 / ハリウッドナナコ師匠
1,947,em-55828eea72b7,スーリヤ大先輩,48,5360,1951,2,aoe_attack,0.021,0.1458,100,0,4,いいえ,スーリヤ大先輩 / アレス暮らし / ????? / ＢＥＷ雪玉 / ハリウッドナナコ師匠
1,948,em-6d1e4c915f30,チートモードな楽趣味さん,48,5964,1278,1,multi_hit_attack,0.021,0.1458,100,0,4,いいえ,チートモードな楽趣味さん / アレス暮らし / ????? / ＢＥＷ雪玉 / ハリウッドナナコ師匠
1,949,em-3767457f6cce,ｷﾗﾒｷﾒﾗ☆ヒラメ様,40,5367,2215,1,attribute_change,0.0187,0.125,98,2,4,いいえ,ｷﾗﾒｷﾒﾗ☆ヒラメ様 / アレス暮らし / 試作型おこしん / ????? / ネムりん
1,950,em-42e9353377ee,吉野スライム♂,40,5078,2078,3,skill_reduction,0.0187,0.125,98,2,4,いいえ,吉野スライム♂ / アレス暮らし / 試作型おこしん / ????? / ネムりん
1,951,em-d76a5850c323,牛追いガウガウ,40,5964,1704,4,damage_reduction,0.0187,0.125,98,2,4,いいえ,牛追いガウガウ / アレス暮らし / 試作型おこしん / ????? / ネムりん
1,952,em-5d34df1253d1,氷点下のレーカさん,40,2044,2556,3,revive,0.0144,0.1667,99,1,4,いいえ,氷点下のレーカさん / アレス暮らし / ホルトバージ君 / ＢＥＷ雪玉 / ハリウッドナナコ師匠
1,953,em-8765daafca7a,トマティーナ中佐,40,3748,2130,2,multi_hit_attack,0.0144,0.1667,99,1,4,いいえ,トマティーナ中佐 / アレス暮らし / ホルトバージ君 / ＢＥＷ雪玉 / ハリウッドナナコ師匠
1,954,em-433922ef3e4e,夏至祭のぺた也君,53,7266,2153,2,skill_reduction,0.0144,0.1667,99,1,4,いいえ,夏至祭のぺた也君 / 総統エビユルゲ / ホルトバージ君 / トキシッくんｵｯｽｵｯｽ / 実はこんにゃくちゃん
1,955,em-0454ff15fbd8,米倉英夫(ゆる),55,1,1,55,attribute_change,0.0078,0.1458,98,2,4,いいえ,米倉英夫(ゆる) / 試作型おこしん / ホルトバージ君 / ＢＥＷ雪玉 / ハリウッドナナコ師匠
1,956,em-7fe5a2875793,米倉英子(大学生),55,1,1,555,attack_buff,0.0078,0.1458,98,2,4,いいえ,米倉英子(大学生) / 試作型おこしん / ホルトバージ君 / ＢＥＷ雪玉 / ハリウッドナナコ師匠
1,957,em-b127f99ae530,キラー・ｻﾞ・ｷﾗｰ,55,5964,3408,2,damage_reduction,0,0.125,98,2,4,いいえ,キラー・ｻﾞ・ｷﾗｰ / 試作型おこしん / ホルトバージ君 / ＢＥＷ雪玉 / ハリウッドナナコ師匠
1,958,em-3488d6542112,クロゴキ,65,6134,2113,2,multi_hit_attack,0,0.0833,100,0,4,いいえ,クロゴキ / 総統エビユルゲ / ????? / トキシッくんｵｯｽｵｯｽ / ハリウッドナナコ師匠
1,959,em-2f36c9341591,☆龍神☆尊氏様,85,9372,5623,2,multi_hit_attack,0,0,101,0,0,いいえ,
1,960,em-b2125332555b,呵々Doの閑雅・ルー,85,9883,4771,5,guard,0,0,101,0,0,いいえ,
1,961,em-22f9d46fe6f4,ウサウサ八幡,88,10872,5964,6,skill_reduction,0,0,101,0,0,いいえ,
1,962,em-523af93f71e3,神田祭らーの集い,88,5027,6901,4,aoe_attack,0,0,101,0,0,いいえ,
1,963,em-a78326864213,発音王・S・サイアン,88,10650,6560,8,attack_buff,0,0,101,0,0,いいえ,
1,964,em-daac43f51729,四悪妖・鵺,88,9542,5964,1,attribute_change,0,0,101,0,0,いいえ,
1,965,em-de301e40803c,どうしんフェス様,88,6816,4515,5,heal,0,0,101,0,0,いいえ,
1,966,em-4d4a6386f8f8,九周年ぴよ子,99,6815,5111,5,guard,0,0,101,0,0,いいえ,
1,967,em-0c2d5864e3da,グルグルなたまご,100,1,1,100,delay,0,0,101,0,0,いいえ,
1,968,em-0c70f71e4c1a,ルナのたまご,100,1,1,999,attack_buff,0,0,101,0,0,いいえ,
1,969,em-4ee2ea427154,タルタルなたまご,100,1,1,12,attribute_change,0,0,101,0,0,いいえ,
1,970,em-53ece7a43871,キステチスのたまご,100,1,1,40,guard,0,0,101,0,0,いいえ,
1,971,em-6eed78e1fe62,リア充の権化安倍晴明,100,6782,6271,3,heal,0,0,101,0,0,いいえ,
1,972,em-a85045965911,まさか殿(マジ),100,7463,6628,3,attack_buff,0,0,101,0,0,いいえ,
1,973,em-f33de53ee597,遊無給(ニート)な小町,100,7327,5623,3,attack_buff,0,0,101,0,0,いいえ,
2,1,em-418076b2d218,イシマンガリソ先輩,42,5367,3067,1,attribute_guard,0.7059,0.8333,100,0,5,いいえ,ハリウッドナナコ師匠 / イシマンガリソ先輩 / ホルトバージ君 / ????? / 眠里　不可緒
2,2,em-dec390a52ee6,英国ストヘン技師,70,8861,4260,1,damage_reduction,0.5124,0.6875,100,0,4,いいえ,ＢＥＷ雪玉 / 英国ストヘン技師 / 試作型おこしん / トキシッくんｵｯｽｵｯｽ / ハリウッドナナコ師匠
2,3,em-313faf3b400a,バルパラ★イソ子,36,3237,3067,1,attribute_guard,0.4845,0.6458,99,1,6,いいえ,ネムりん / バルパラ★イソ子 / ホルトバージ君 / ????? / まそお姉ちゃん
2,4,em-d7873747b412,藤のフヒッティ,75,10735,3578,1,damage_reduction,0.3999,0.5833,98,2,2,いいえ,玄武ニート / 藤のフヒッティ / ＢＥＷ雪玉 / ズースさんとシーラさん / ハリウッドナナコ師匠
2,5,em-8d766096773e,おんじとゆかいな子供達,36,5316,1704,1,damage_reduction,0.3825,0.5625,97,3,6,いいえ,????? / おんじとゆかいな子供達 / ホルトバージ君 / ＢＥＷ雪玉 / 眠里　不可緒
2,6,em-d07cd0c8b0b0,二条城☆浴衣モード,19,2656,2495,1,attribute_guard,0.3824,0.5625,98,2,6,いいえ,ネムりん / 二条城☆浴衣モード / 試作型おこしん / ????? / ラパヌイ先生
2,7,manual-nijo-yukata-mode,二条嬢☆浴衣モード,19,2656,2495,1,attribute_guard,0.3824,0.5625,98,2,6,いいえ,ネムりん / 二条嬢☆浴衣モード / 試作型おこしん / ????? / ラパヌイ先生
2,8,em-53fae101e208,水海　月,34,3288,4260,1,attribute_guard,0.3731,0.5625,90,10,6,いいえ,ネムりん / 水海　月 / ホルトバージ君 / ＢＥＷ雪玉 / まそお姉ちゃん
2,9,em-db1935c2a136,コーベリアル公爵,10,1229,1173,1,attribute_guard,0.3655,0.5416,89,11,6,いいえ,ネムりん / コーベリアル公爵 / 試作型おこしん / ????? / ラパヌイ先生
2,10,em-814e01d05463,非伝説の潮真,60,7535,2423,1,attribute_guard,0.3332,0.5,99,1,4,いいえ,ネムりん / 非伝説の潮真 / 試作型おこしん / ????? / ハリウッドナナコ師匠
2,11,em-9667a89799b5,冬の双子姫,77,9628,4686,2,damage_reduction,0.3135,0.5,98,2,2,いいえ,シーラちゃん / 冬の双子姫 / おあげさん / ズースさんとシーラさん / ズースくん
2,12,em-5cd1890be20b,イーネちゃんの舟屋,41,3748,4771,1,guard,0.3044,0.5,97,3,5,いいえ,ネムりん / イーネちゃんの舟屋 / ホルトバージ君 / ＢＥＷ雪玉 / まそお姉ちゃん
2,13,em-8d38e9c3aa92,オルカアタッカー虎子,70,9202,6134,1,attack_buff,0.2726,0.4583,100,0,3,いいえ,青玉の供犠ぴよ子 / オルカアタッカー虎子 / 試作型おこしん / おたべ妖精 / 実はこんにゃくちゃん
2,14,em-1eee6f61a8bd,キングな勝斧さん,31,4601,2726,1,attack_buff,0.2333,0.4167,92,8,6,いいえ,????? / キングな勝斧さん / ホルトバージ君 / ＢＥＷ雪玉 / 眠里　不可緒
2,15,em-1eb5e932843b,ダンブッラの蘭,38,5112,3578,2,damage_reduction,0.2333,0.4167,99,1,6,いいえ,????? / ダンブッラの蘭 / ホルトバージ君 / ＢＥＷ雪玉 / 眠里　不可緒
2,16,em-cf78c5cc3134,オタテカモ次郎,28,4186,3059,2,attribute_change,0.2191,0.3958,89,11,6,いいえ,????? / オタテカモ次郎 / ホルトバージ君 / ＢＥＷ雪玉 / 眠里　不可緒
2,17,em-c3d00c8f1bd5,竜馬は撃ちぬけない,30,4430,4430,1,attribute_change,0.2191,0.3958,91,9,6,いいえ,????? / 竜馬は撃ちぬけない / ホルトバージ君 / ＢＥＷ雪玉 / 眠里　不可緒
2,18,em-cb9a138787d0,摩陀羅　潮真,27,7194,1741,2,attribute_guard,0.2191,0.3958,92,8,6,いいえ,????? / 摩陀羅　潮真 / ホルトバージ君 / みどりのたけしマン / ハリウッドナナコ師匠
2,19,em-501834a284b1,加賀友☆禅野さん,38,4175,4771,2,attribute_change,0.2056,0.375,99,1,6,いいえ,????? / 加賀友☆禅野さん / ホルトバージ君 / ＢＥＷ雪玉 / 眠里　不可緒
2,20,em-28c6b952551d,海の昇竜貫,33,4601,3408,2,attack_buff,0.1956,0.375,94,6,6,いいえ,????? / 海の昇竜貫 / ホルトバージ君 / ＢＥＷ雪玉 / 眠里　不可緒
2,21,em-7a58e59098c4,森神ブーナッド,36,4941,3408,2,heal,0.1956,0.375,97,3,6,いいえ,????? / 森神ブーナッド / ホルトバージ君 / ＢＥＷ雪玉 / 眠里　不可緒
2,22,em-2c2759ede728,?????,44,4771,2385,1,attack_buff,0.1956,0.375,97,3,5,いいえ,ハリウッドナナコ師匠 / ????? / ホルトバージ君 / ????? / ネムりん
2,23,em-c67ab163f5d6,さくらこはダムです,12,2092,735,1,attribute_guard,0.1956,0.375,99,1,6,いいえ,ハリウッドナナコ師匠 / さくらこはダムです / ホルトバージ君 / ????? / ラパヌイ先生
2,24,em-3767457f6cce,ｷﾗﾒｷﾒﾗ☆ヒラメ様,40,5367,2215,1,attribute_change,0.1956,0.375,100,0,6,いいえ,????? / ｷﾗﾒｷﾒﾗ☆ヒラメ様 / ホルトバージ君 / ＢＥＷ雪玉 / まそお姉ちゃん
2,25,em-258850fee1ca,時計塔の魔女娘,30,5523,1614,2,skill_reduction,0.1928,0.3542,95,5,6,いいえ,????? / 時計塔の魔女娘 / ホルトバージ君 / みどりのたけしマン / ハリウッドナナコ師匠
2,26,em-106b8d6fe4c5,ドヤ顔の女帝瑠璃,60,4430,4089,1,damage_reduction,0.1928,0.3542,99,1,4,いいえ,ネムりん / ドヤ顔の女帝瑠璃 / 試作型おこしん / ????? / ハリウッドナナコ師匠
2,27,em-ec43e91715ed,大谷雪之ちゃん,13,3171,604,2,damage_reduction,0.1928,0.3542,100,0,6,いいえ,ネムりん / 大谷雪之ちゃん / 試作型おこしん / みどりのたけしマン / ラパヌイ先生
2,28,em-d9bd2d5de563,コンクちゃん,20,2556,1704,1,damage_reduction,0.1928,0.3541,99,1,6,いいえ,ネムりん / コンクちゃん / 試作型おこしん / ????? / ラパヌイ先生
2,29,em-b78d9042e361,サルパちゃん,28,4362,3748,2,multi_hit_attack,0.1824,0.3542,89,11,6,いいえ,????? / サルパちゃん / ホルトバージ君 / ＢＥＷ雪玉 / 眠里　不可緒
2,30,em-825d090d7d15,比保々田 真純,31,4601,3714,2,multi_hit_attack,0.1824,0.3542,92,8,6,いいえ,????? / 比保々田 真純 / ホルトバージ君 / ＢＥＷ雪玉 / 眠里　不可緒
2,31,em-d67f8f409078,芋神よしあき,31,4130,2753,2,multi_hit_attack,0.1824,0.3542,92,8,6,いいえ,????? / 芋神よしあき / ホルトバージ君 / ＢＥＷ雪玉 / 眠里　不可緒
2,32,em-2d3e693a8406,ツキマシモン,35,3919,1704,2,attack_buff,0.1824,0.3542,96,4,6,いいえ,????? / ツキマシモン / ホルトバージ君 / ＢＥＷ雪玉 / 眠里　不可緒
2,33,em-9d5a58645c8c,カロニスタ・ヴェニ子,37,4444,4444,2,attack_buff,0.1824,0.3542,98,2,6,いいえ,????? / カロニスタ・ヴェニ子 / ホルトバージ君 / ＢＥＷ雪玉 / 眠里　不可緒
2,34,em-55828eea72b7,スーリヤ大先輩,48,5360,1951,2,aoe_attack,0.1824,0.3542,98,2,5,いいえ,????? / スーリヤ大先輩 / ホルトバージ君 / ＢＥＷ雪玉 / ハリウッドナナコ師匠
2,35,em-82d7b7a877f8,電ドロ白鷺嬢,39,6816,2556,2,heal,0.1824,0.3542,100,0,6,いいえ,????? / 電ドロ白鷺嬢 / ホルトバージ君 / ＢＥＷ雪玉 / 眠里　不可緒
2,36,em-65efdfdd59b3,「ぼ」じゃなくてゔぉたん,40,4941,3408,1,attribute_change,0.1824,0.3542,100,0,6,いいえ,????? / 「ぼ」じゃなくてゔぉたん / ホルトバージ君 / ＢＥＷ雪玉 / まそお姉ちゃん
2,37,em-c1544fb41324,元キャプテン・hɔーク,13,1359,1963,1,attribute_guard,0.1725,0.3542,92,8,6,いいえ,ネムりん / 元キャプテン・hɔーク / 試作型おこしん / ????? / ラパヌイ先生
2,38,em-2d179e9f0835,ﾇｯと出る☆ウイス君,36,5354,2486,2,attack_buff,0.1725,0.3542,97,3,6,いいえ,????? / ﾇｯと出る☆ウイス君 / ホルトバージ君 / ＢＥＷ雪玉 / 眠里　不可緒
2,39,em-d65d8f8b3d2e,エズ in スミス,20,3542,1771,1,attribute_guard,0.1725,0.3542,99,1,6,いいえ,ネムりん / エズ in スミス / 試作型おこしん / ????? / ラパヌイ先生
2,40,em-b8168a7a90ca,大杉に願いを☆ミ,39,5129,3067,2,attribute_guard,0.1725,0.3542,100,0,6,いいえ,????? / 大杉に願いを☆ミ / ホルトバージ君 / ＢＥＷ雪玉 / 眠里　不可緒
2,41,em-4016fa16a6ca,Dr.&萌やﾁﾝｹﾞｰﾙ,14,773,2573,1,heal,0.17,0.3333,93,7,6,いいえ,ネムりん / Dr.&萌やﾁﾝｹﾞｰﾙ / 試作型おこしん / ????? / ラパヌイ先生
2,42,em-bf58cd7d185a,ホーク元船長,12,700,1100,1,attribute_guard,0.17,0.3333,99,1,6,いいえ,ハリウッドナナコ師匠 / ホーク元船長 / ホルトバージ君 / ????? / ラパヌイ先生
2,43,em-69c457dd7e6a,スミθ＆エð,13,3020,755,2,attribute_guard,0.17,0.3333,100,0,6,いいえ,ネムりん / スミθ＆エð / 試作型おこしん / みどりのたけしマン / ラパヌイ先生
2,44,em-2f152df51cdc,エトナさん,50,5673,1704,1,aoe_attack,0.17,0.3333,100,0,5,いいえ,????? / エトナさん / ホルトバージ君 / ＢＥＷ雪玉 / ハリウッドナナコ師匠
2,45,em-4c764571b9ab,お稲荷様のパシリ,47,6816,3408,1,attack_buff,0.1632,0.3542,100,0,5,いいえ,ハリウッドナナコ師匠 / お稲荷様のパシリ / ホルトバージ君 / ????? / ネムりん
2,46,em-a06f040c9490,冬の加奈多パレード,80,9542,5282,2,attack_buff,0.1632,0.3542,100,0,2,いいえ,シーラちゃん / 冬の加奈多パレード / おあげさん / ズースくん / ハリウッドナナコ師匠
2,47,em-2f36c9341591,☆龍神☆尊氏様,85,9372,5623,2,multi_hit_attack,0.1632,0.3542,100,0,2,いいえ,シーラちゃん / ☆龍神☆尊氏様 / 戸隠ちび丸 / ズースくん / あろまちゃん
2,48,em-7c7befcdeb38,メル子大先生,16,1773,1934,2,attack_buff,0.1597,0.3333,95,5,6,いいえ,ネムりん / メル子大先生 / 試作型おこしん / ????? / ラパヌイ先生
2,49,em-4f3eddbe87bf,キルワくん,17,2141,3226,1,attack_buff,0.1597,0.3333,96,4,6,いいえ,ネムりん / キルワくん / 試作型おこしん / ????? / ラパヌイ先生
2,50,em-eb9cb098a2c1,加留多ヘナ造,18,2898,2737,2,damage_reduction,0.1597,0.3333,97,3,6,いいえ,ネムりん / 加留多ヘナ造 / 試作型おこしん / ????? / ラパヌイ先生
2,51,em-f76821f7daba,スライディング・ケベック,18,2532,1993,1,attack_buff,0.1597,0.3333,97,3,6,いいえ,ネムりん / スライディング・ケベック / 試作型おこしん / ????? / ラパヌイ先生
2,52,em-a07828a97733,降臨！いつくしーみん,19,1761,3381,1,attack_buff,0.1597,0.3333,98,2,6,いいえ,ネムりん / 降臨！いつくしーみん / 試作型おこしん / ????? / ラパヌイ先生
2,53,em-ee43bce0e25f,vにゅーさん,51,3567,5271,1,damage_reduction,0.1597,0.3333,98,2,4,いいえ,ハリウッドナナコ師匠 / vにゅーさん / ホルトバージ君 / トキシッくんｵｯｽｵｯｽ / ネムりん
2,54,em-5b3eb6a3a507,なるリッシュ,20,1812,1510,2,attack_buff,0.1597,0.3333,99,1,6,いいえ,ネムりん / なるリッシュ / 試作型おこしん / ????? / ラパヌイ先生
2,55,em-1211d6248533,ピンクなコンクさん,32,3067,2044,1,damage_reduction,0.1597,0.3333,99,1,6,いいえ,ネムりん / ピンクなコンクさん / ホルトバージ君 / ????? / 鎌倉式ＤＢ２涅槃型改
2,56,em-378e340695dc,スクナクナクナクス,50,6816,3408,2,aoe_attack,0.1597,0.3333,100,0,5,いいえ,????? / スクナクナクナクス / ホルトバージ君 / ＢＥＷ雪玉 / ハリウッドナナコ師匠
2,57,em-744815bd68e5,旋回のヘリコプリオン,75,8997,2675,2,aoe_attack,0.1499,0.3333,98,2,2,いいえ,玄武ニート / 旋回のヘリコプリオン / ＢＥＷ雪玉 / ズースさんとシーラさん / ハリウッドナナコ師匠
2,58,em-4c2a43ecd770,ナンマトル君,14,2115,2115,2,skill_reduction,0.1476,0.3125,93,7,6,いいえ,ネムりん / ナンマトル君 / 試作型おこしん / ????? / ラパヌイ先生
2,59,em-a0159af9ab81,カネヒラくん,14,2385,2556,2,attribute_change,0.1476,0.3125,93,7,6,いいえ,ネムりん / カネヒラくん / 試作型おこしん / ????? / ラパヌイ先生
2,60,em-410cc22d32bc,アロハる☆水島神人,16,3246,1887,2,attribute_change,0.1476,0.3125,95,5,6,いいえ,ネムりん / アロハる☆水島神人 / 試作型おこしん / ????? / ラパヌイ先生
2,61,em-d09d2f80d34e,トマティーナ少佐,16,3748,2130,2,multi_hit_attack,0.1476,0.3125,95,5,6,いいえ,ネムりん / トマティーナ少佐 / 試作型おこしん / ????? / ラパヌイ先生
2,62,em-d5ed773d56cd,夏至祭のヴァサクサ君,18,3976,2156,2,skill_reduction,0.1476,0.3125,97,3,6,いいえ,ネムりん / 夏至祭のヴァサクサ君 / 試作型おこしん / ????? / ラパヌイ先生
2,63,em-6d1e4c915f30,チートモードな楽趣味さん,48,5964,1278,1,multi_hit_attack,0.1476,0.3125,98,2,5,いいえ,????? / チートモードな楽趣味さん / ホルトバージ君 / ＢＥＷ雪玉 / ハリウッドナナコ師匠
2,64,em-7fd9b48cee31,七夕星人☆たたるんるん,20,3220,1610,2,attack_buff,0.1476,0.3125,99,1,6,いいえ,ネムりん / 七夕星人☆たたるんるん / 試作型おこしん / ????? / ラパヌイ先生
2,65,em-c8db19de00fd,ワロンマイナー輩先,13,2953,1328,1,heal,0.1476,0.3125,100,0,6,いいえ,ハリウッドナナコ師匠 / ワロンマイナー輩先 / ホルトバージ君 / ????? / ラパヌイ先生
2,66,em-6cd949ff7539,?????,53,1842,6475,2,guard,0.1407,0.3333,100,0,4,いいえ,ネムりん / ????? / ホルトバージ君 / トキシッくんｵｯｽｵｯｽ / ハリウッドナナコ師匠
2,67,em-d941ef4d2c66,紫禁嬢,34,4692,2801,2,damage_reduction,0.1374,0.3125,95,5,6,いいえ,????? / 紫禁嬢 / ホルトバージ君 / ＢＥＷ雪玉 / 眠里　不可緒
2,68,em-f5955c15b029,ばんば新年2026,60,7668,3438,1,attack_buff,0.1374,0.3125,99,1,4,いいえ,ネムりん / ばんば新年2026 / 試作型おこしん / ????? / ハリウッドナナコ師匠
2,69,em-c545b5a51997,トリニダの怪人,13,4077,1057,2,skill_reduction,0.1374,0.3125,100,0,6,いいえ,ハリウッドナナコ師匠 / トリニダの怪人 / ホルトバージ君 / ????? / ラパヌイ先生
2,70,em-4dc27428f645,よりりんＫ林スタイル,24,2576,2576,2,attribute_change,0.1374,0.3125,100,0,6,いいえ,ネムりん / よりりんＫ林スタイル / ????? / ラパヌイ先生 / ハリウッドナナコ師匠
2,71,em-4f7f91fb4514,うどんの天使,42,3067,3748,1,attack_buff,0.1374,0.3125,100,0,5,いいえ,ハリウッドナナコ師匠 / うどんの天使 / ホルトバージ君 / ????? / 眠里　不可緒
2,72,em-f334c541bf84,納得ん★福曼荼羅,17,1763,1860,2,attribute_change,0.1365,0.2917,96,4,6,いいえ,ネムりん / 納得ん★福曼荼羅 / 試作型おこしん / ????? / ラパヌイ先生
2,73,em-a85f091d502f,スウェルくん,11,1452,2058,2,damage_reduction,0.1365,0.2917,98,2,6,いいえ,ハリウッドナナコ師匠 / スウェルくん / ホルトバージ君 / ????? / ラパヌイ先生
2,74,em-b5fa3fe8e44e,ディープワン・ゴロウ,8,1214,1189,2,attack_buff,0.1266,0.2708,95,5,6,いいえ,ハリウッドナナコ師匠 / ディープワン・ゴロウ / ホルトバージ君 / ????? / ラパヌイ先生
2,75,em-842f3d28d20e,のり男師匠,8,1285,1118,2,attribute_guard,0.1266,0.2708,96,4,6,いいえ,ネムりん / のり男師匠 / ホルトバージ君 / みどりのたけしマン / モンさんミッシェル
2,76,em-7a7f1cd12450,スオ面スナイパー,13,1132,1812,1,attack_buff,0.1266,0.2708,100,0,6,いいえ,ハリウッドナナコ師匠 / スオ面スナイパー / ホルトバージ君 / ????? / ラパヌイ先生
2,77,em-dd80c8492923,?????,22,3067,1533,1,attack_buff,0.1257,0.2917,86,14,6,いいえ,ネムりん / ????? / ホルトバージ君 / ????? / 眠里　不可緒
2,78,em-ed68f4e03a58,欣喜ぴよ子,10,1785,1812,2,guard,0.1257,0.2917,89,11,6,いいえ,ネムりん / 欣喜ぴよ子 / 試作型おこしん / ????? / ラパヌイ先生
2,79,em-4e78a5d0dc7a,中央アルプスの少女達,13,1812,1510,1,damage_reduction,0.1257,0.2917,92,8,6,いいえ,ネムりん / 中央アルプスの少女達 / 試作型おこしん / ????? / ラパヌイ先生
2,80,em-cf9464eec3b4,ヒラメちゃん,13,2370,2044,1,attribute_change,0.1257,0.2917,92,8,6,いいえ,ネムりん / ヒラメちゃん / 試作型おこしん / ????? / ラパヌイ先生
2,81,em-e2feaf3c95b1,古の才次郎先生,13,1812,1963,1,attribute_change,0.1257,0.2917,92,8,6,いいえ,ネムりん / 古の才次郎先生 / 試作型おこしん / ????? / ラパヌイ先生
2,82,em-78c90c30a11c,夜光虫ほたるん,14,2265,3020,2,attribute_change,0.1257,0.2917,93,7,6,いいえ,ネムりん / 夜光虫ほたるん / 試作型おこしん / ????? / ラパヌイ先生
2,83,em-86055d05ee01,ラムネ少女じゅんちゃん,14,2113,2113,2,heal,0.1257,0.2917,93,7,6,いいえ,ネムりん / ラムネ少女じゅんちゃん / 試作型おこしん / ????? / ラパヌイ先生
2,84,em-423f5963c7c2,超患部ぴよフェッサー,15,3220,2093,2,revive,0.1257,0.2917,94,6,6,いいえ,ネムりん / 超患部ぴよフェッサー / 試作型おこしん / ????? / ラパヌイ先生
2,85,em-6ead69ef1b01,精霊ブーナッド,16,4025,805,2,heal,0.1257,0.2917,95,5,6,いいえ,ネムりん / 精霊ブーナッド / 試作型おこしん / ????? / ラパヌイ先生
2,86,em-90e071b9735c,乗り海苔カスティリャ,16,2707,1223,2,attribute_guard,0.1257,0.2917,95,5,6,いいえ,ネムりん / 乗り海苔カスティリャ / 試作型おこしん / ????? / ラパヌイ先生
2,87,em-048f5c5385db,Mr.バトラー,34,4771,3067,1,attribute_change,0.1257,0.2917,95,5,6,いいえ,????? / Mr.バトラー / ホルトバージ君 / ＢＥＷ雪玉 / 眠里　不可緒
2,88,em-7f58743c664e,ポリミタス☆おかいこ,34,4771,3069,2,attribute_change,0.1257,0.2917,95,5,6,いいえ,????? / ポリミタス☆おかいこ / ホルトバージ君 / ＢＥＷ雪玉 / 眠里　不可緒
2,89,em-dfa3c95f9720,雪童雪愛たん,17,2495,2656,1,attribute_change,0.1257,0.2917,96,4,6,いいえ,ネムりん / 雪童雪愛たん / 試作型おこしん / ????? / ラパヌイ先生
2,90,em-8f7b014ebd06,すわ子isGOD！,18,2254,2737,2,multi_hit_attack,0.1257,0.2917,97,3,6,いいえ,ネムりん / すわ子isGOD！ / 試作型おこしん / ????? / ラパヌイ先生
2,91,em-cdd2ac5f0a12,クイーンなコンク様,44,3578,2385,1,damage_reduction,0.1257,0.2917,97,3,5,いいえ,ハリウッドナナコ師匠 / クイーンなコンク様 / ホルトバージ君 / ????? / ネムりん
2,92,em-080293573ea5,ダヴィアさん,19,2567,1914,2,attack_buff,0.1257,0.2917,98,2,6,いいえ,ネムりん / ダヴィアさん / 試作型おこしん / ????? / ラパヌイ先生
2,93,em-3ad7d27f7887,ハワイる水島神人,19,2567,1208,2,guard,0.1257,0.2917,98,2,6,いいえ,ネムりん / ハワイる水島神人 / 試作型おこしん / ????? / ラパヌイ先生
2,94,em-d95aa4fb8de0,北海！白川だるま,45,4473,2556,1,attack_buff,0.1257,0.2917,98,2,5,いいえ,ハリウッドナナコ師匠 / 北海！白川だるま / ホルトバージ君 / ????? / ネムりん
2,95,em-b127f99ae530,キラー・ｻﾞ・ｷﾗｰ,55,5964,3408,2,damage_reduction,0.1257,0.2917,98,2,5,いいえ,ネムりん / キラー・ｻﾞ・ｷﾗｰ / ????? / ɚすぃとあろま？ / ハリウッドナナコ師匠
2,96,em-562269adda28,ブルジョワジー下仁田,20,2265,2276,1,guard,0.1257,0.2917,99,1,6,いいえ,ネムりん / ブルジョワジー下仁田 / 試作型おこしん / ????? / ラパヌイ先生
2,97,em-b7b738711fb0,ちくわサンド,23,2817,2656,2,attack_buff,0.1257,0.2917,99,1,6,いいえ,ネムりん / ちくわサンド / ????? / ラパヌイ先生 / ハリウッドナナコ師匠
2,98,em-7b7bc6faa9ba,パティは実況勢,41,5623,3352,2,damage_reduction,0.1257,0.2917,99,1,5,いいえ,ハリウッドナナコ師匠 / パティは実況勢 / ホルトバージ君 / ????? / 眠里　不可緒
2,99,em-a7fc49aa8c73,広報担当：アッシュ,37,5112,3748,2,attribute_guard,0.1257,0.2917,100,0,6,いいえ,ネムりん / 広報担当：アッシュ / ホルトバージ君 / 呼んでますトムさん / まそお姉ちゃん
2,100,em-7419b64dec0e,天の飛龍巻,42,5623,3748,2,attribute_change,0.1257,0.2917,100,0,5,いいえ,ハリウッドナナコ師匠 / 天の飛龍巻 / ホルトバージ君 / ????? / 眠里　不可緒
2,101,em-67086191a83f,マダラなシオマネキ君,27,5490,1059,2,attribute_guard,0.1181,0.25,93,7,6,いいえ,ネムりん / マダラなシオマネキ君 / 試作型おこしん / ????? / モンさんミッシェル
2,102,em-36ce9827163b,検非違使なけいび氏,28,6024,878,2,heal,0.1181,0.25,93,7,6,いいえ,????? / 検非違使なけいび氏 / ホルトバージ君 / みどりのたけしマン / ハリウッドナナコ師匠
2,103,em-53e02d48f02a,It’s a ちーちゃん,33,6816,149,2,multi_hit_attack,0.1181,0.25,94,6,6,いいえ,ハリウッドナナコ師匠 / It’s a ちーちゃん / ホルトバージ君 / ????? / 鎌倉式ＤＢ２涅槃型改
2,104,em-c33cc8cd4298,ほたるんるんるん,12,1100,1600,2,attribute_change,0.1181,0.25,99,1,6,いいえ,ハリウッドナナコ師匠 / ほたるんるんるん / ホルトバージ君 / ????? / ラパヌイ先生
2,105,em-b83d457ef580,王国民ゴロウ,5,390,390,2,attack_buff,0.1155,0.2917,92,8,6,いいえ,ハリウッドナナコ師匠 / 王国民ゴロウ / ホルトバージ君 / ????? / ラパヌイ先生
2,106,em-e9a4c94598fc,深海人ゴロウ,6,500,480,2,attack_buff,0.1155,0.2917,93,7,6,いいえ,ハリウッドナナコ師匠 / 深海人ゴロウ / ホルトバージ君 / ????? / ラパヌイ先生
2,107,em-6b69fff3a46d,怒るよ!!勝斧さん,47,6164,3748,1,attack_buff,0.1155,0.2917,100,0,5,いいえ,ネムりん / 怒るよ!!勝斧さん / ホルトバージ君 / 呼んでますトムさん / ハリウッドナナコ師匠
2,108,em-ca249600bce3,アレス暮らし,24,2737,1932,1,attack_buff,0.115,0.2708,88,12,6,いいえ,ネムりん / アレス暮らし / ホルトバージ君 / ????? / 眠里　不可緒
2,109,em-e3dab98c64af,試作型おこしん,8,2265,1510,2,attribute_guard,0.115,0.2708,95,5,6,いいえ,ハリウッドナナコ師匠 / 試作型おこしん / ホルトバージ君 / ????? / ラパヌイ先生
2,110,em-b08b3e6f22a8,フィッシャーマン三平,17,1286,1316,2,guard,0.115,0.2708,96,4,6,いいえ,ネムりん / フィッシャーマン三平 / 試作型おこしん / ????? / ラパヌイ先生
2,111,em-8b710fe84fda,モチノ・ウオ丸,32,3902,3254,1,attack_buff,0.115,0.2708,96,4,6,いいえ,ネムりん / モチノ・ウオ丸 / ホルトバージ君 / ????? / 眠里　不可緒
2,112,em-d1302899cad6,ナポレオーヌ一世,32,3512,2930,1,attack_buff,0.115,0.2708,96,4,6,いいえ,ネムりん / ナポレオーヌ一世 / ホルトバージ君 / ????? / 眠里　不可緒
2,113,em-ea05427d05f5,ナポレオーヌくん,32,3121,2603,1,attack_buff,0.115,0.2708,96,4,6,いいえ,ネムりん / ナポレオーヌくん / ホルトバージ君 / ????? / 眠里　不可緒
2,114,em-95a2dbeaf4ea,神使！ナモミさま,18,805,4025,2,attack_buff,0.115,0.2708,97,3,6,いいえ,ネムりん / 神使！ナモミさま / 試作型おこしん / ????? / ラパヌイ先生
2,115,em-85a7b3e2cb7d,剥ぐぞ！ナモミ先生,16,400,2100,2,attack_buff,0.1055,0.25,95,5,6,いいえ,ネムりん / 剥ぐぞ！ナモミ先生 / 試作型おこしん / ????? / ラパヌイ先生
2,116,em-f13a3baa139d,伝説のビスカやん！,9,1893,1241,2,skill_reduction,0.1055,0.25,96,4,6,いいえ,ハリウッドナナコ師匠 / 伝説のビスカやん！ / ホルトバージ君 / ????? / ラパヌイ先生
2,117,em-535fe684b32f,新・フィッシャーマン,10,1286,1116,1,heal,0.1055,0.25,97,3,6,いいえ,ハリウッドナナコ師匠 / 新・フィッシャーマン / ホルトバージ君 / ????? / ラパヌイ先生
2,118,em-4e2a71a8e1a6,ハチモドキアブ,55,5623,6100,2,revive,0.1055,0.25,98,2,5,いいえ,ネムりん / ハチモドキアブ / ????? / ɚすぃとあろま？ / ハリウッドナナコ師匠
2,119,em-615e4701fc7f,華麗！いつくしーみん,12,660,1040,2,attack_buff,0.1055,0.25,99,1,6,いいえ,ハリウッドナナコ師匠 / 華麗！いつくしーみん / ホルトバージ君 / ????? / ラパヌイ先生
2,120,em-2449b6ff9d58,スマトラのウータン,12,2703,657,2,attribute_change,0.1042,0.2708,91,9,6,いいえ,ネムりん / スマトラのウータン / 試作型おこしん / ????? / ラパヌイ先生
2,121,em-c547f488bc34,警告！クジラの尊,12,30,1410,1,attribute_change,0.1042,0.2708,91,9,6,いいえ,ネムりん / 警告！クジラの尊 / 試作型おこしん / ????? / ラパヌイ先生
2,122,em-8bc827a54303,勝斧・カンムーリ,15,2896,1704,1,attack_buff,0.1042,0.2708,94,6,6,いいえ,ネムりん / 勝斧・カンムーリ / 試作型おこしん / ????? / ラパヌイ先生
2,123,em-b9b869c15b9f,ルリマダラー,15,3786,378,2,attribute_guard,0.1042,0.2708,94,6,6,いいえ,ネムりん / ルリマダラー / 試作型おこしん / ????? / ラパヌイ先生
2,124,em-47c29240fd33,大晦日のネギそば給仕少女,40,3834,3834,2,guard,0.1042,0.2708,98,2,6,いいえ,ハリウッドナナコ師匠 / 大晦日のネギそば給仕少女 / ホルトバージ君 / ????? / 眠里　不可緒
2,125,em-96c4c1bf7f87,畳リーゼントの御頭,40,4345,4345,2,attack_buff,0.1042,0.2708,98,2,6,いいえ,ハリウッドナナコ師匠 / 畳リーゼントの御頭 / ホルトバージ君 / ????? / 眠里　不可緒
2,126,em-438753e77e6c,デロスの月陽姉弟,41,3237,5453,2,heal,0.1042,0.2708,99,1,5,いいえ,ハリウッドナナコ師匠 / デロスの月陽姉弟 / ホルトバージ君 / ????? / 眠里　不可緒
2,127,em-0c1036483550,kɔにー＆gæりー,13,1128,846,2,damage_reduction,0.1042,0.2708,100,0,6,いいえ,ハリウッドナナコ師匠 / kɔにー＆gæりー / ホルトバージ君 / ????? / ラパヌイ先生
2,128,em-95e1d74be5b6,Ｈ・Ｆ・ウーマン,47,6305,3748,2,guard,0.1042,0.2708,100,0,5,いいえ,ハリウッドナナコ師匠 / Ｈ・Ｆ・ウーマン / ホルトバージ君 / ????? / ネムりん
2,129,em-228697ae4ca1,かつお☆カーニバル,7,1128,1198,2,skill_reduction,0.0975,0.2292,94,6,6,いいえ,ハリウッドナナコ師匠 / かつお☆カーニバル / ホルトバージ君 / ????? / ラパヌイ先生
2,130,em-c7cd54f2e503,ケラマ☆マジカ,7,1057,1198,2,attribute_guard,0.0975,0.2292,94,6,6,いいえ,ハリウッドナナコ師匠 / ケラマ☆マジカ / ホルトバージ君 / ????? / ラパヌイ先生
2,131,em-f2d052955a43,大正義・フクちゃん,7,1128,1269,2,attribute_change,0.0975,0.2292,94,6,6,いいえ,ハリウッドナナコ師匠 / 大正義・フクちゃん / ホルトバージ君 / ????? / ラパヌイ先生
2,132,em-6c215846fcb0,アン・ごろう,16,1356,1189,2,attack_buff,0.0975,0.2292,95,5,6,いいえ,ネムりん / アン・ごろう / 試作型おこしん / ????? / ラパヌイ先生
2,133,em-5275d879d803,ｻｲｯｺくたにん,12,800,1000,2,attribute_change,0.0975,0.2292,100,0,6,いいえ,ネムりん / ｻｲｯｺくたにん / ホルトバージ君 / みどりのたけしマン / モンさんミッシェル
2,134,em-237ca774c5e5,ルナプリ☆かぐや様,66,8861,1584,1,aoe_attack,0.0967,0.2279,100,0,3,いいえ,ハリウッドナナコ師匠 / ルナプリ☆かぐや様 / 試作型おこしん / 得琉田浜蔵 / 実はこんにゃくちゃん
2,135,em-a44b56d26d84,聖夜の又マタドーるん,45,3919,4260,1,damage_reduction,0.0941,0.2708,98,2,5,いいえ,ネムりん / 聖夜の又マタドーるん / ホルトバージ君 / ????? / ハリウッドナナコ師匠
2,136,em-563e34211286,大抵カールのせい,50,4686,5112,1,damage_reduction,0.0941,0.2708,99,1,5,いいえ,ネムりん / 大抵カールのせい / ホルトバージ君 / おたべ妖精 / 実はこんにゃくちゃん
2,137,em-e84c5851ba6b,地下大河のルーシー,73,7668,2641,1,attack_buff,0.0941,0.2708,100,0,3,いいえ,青玉の供犠ぴよ子 / 地下大河のルーシー / 試作型おこしん / ＢＥＷ雪玉 / ハリウッドナナコ師匠
2,138,em-712f122e2051,オロモ君は欝気味,17,1536,2684,1,guard,0.0939,0.25,96,4,6,いいえ,ネムりん / オロモ君は欝気味 / 試作型おこしん / ????? / ラパヌイ先生
2,139,em-0e6d3baf12ca,ネギ少女じゅんちゃん,36,3544,3544,1,heal,0.0939,0.25,97,3,6,いいえ,ハリウッドナナコ師匠 / ネギ少女じゅんちゃん / ホルトバージ君 / ????? / 鎌倉式ＤＢ２涅槃型改
2,140,em-7b76cc31326e,迷走のヴァニ江,36,4379,2505,2,damage_reduction,0.0939,0.25,97,3,6,いいえ,ハリウッドナナコ師匠 / 迷走のヴァニ江 / ホルトバージ君 / ????? / 鎌倉式ＤＢ２涅槃型改
2,141,em-cdfbe8acd59f,はんばー先輩,24,4444,563,2,revive,0.0939,0.25,98,2,6,いいえ,ハリウッドナナコ師匠 / はんばー先輩 / ホルトバージ君 / ????? / モンさんミッシェル
2,142,em-b0799e52d0a8,カヌーイング・ケベック,28,3674,2641,1,attack_buff,0.0939,0.25,99,1,6,いいえ,ネムりん / カヌーイング・ケベック / ????? / とんこつ神！博多美子 / ハリウッドナナコ師匠
2,143,em-ab3947962bd3,姫騎士なコンクさん,60,4856,3237,1,damage_reduction,0.0939,0.25,99,1,4,いいえ,ネムりん / 姫騎士なコンクさん / 試作型おこしん / ????? / ハリウッドナナコ師匠
2,144,em-ceda64319ca1,蜜香のウミリンゴ,75,8520,5453,1,attack_buff,0.0939,0.25,99,1,2,いいえ,シーラちゃん / 蜜香のウミリンゴ / 試作型おこしん / ズースさんとシーラさん / ハリウッドナナコ師匠
2,145,em-9413da55b7e0,ヤマピカリャーコ,47,4515,5095,2,multi_hit_attack,0.0939,0.25,100,0,5,いいえ,ネムりん / ヤマピカリャーコ / ホルトバージ君 / 呼んでますトムさん / ハリウッドナナコ師匠
2,146,em-594e492a6818,ヤンなるネポムちゃん,50,3397,2930,1,attack_buff,0.0939,0.25,100,0,5,いいえ,ネムりん / ヤンなるネポムちゃん / 試作型おこしん / ????? / 眠里　不可緒
2,147,em-433922ef3e4e,夏至祭のぺた也君,53,7266,2153,2,skill_reduction,0.0939,0.25,100,0,4,いいえ,ハリウッドナナコ師匠 / 夏至祭のぺた也君 / ホルトバージ君 / トキシッくんｵｯｽｵｯｽ / ネムりん
2,148,em-35db097208c5,勝斧・冠,60,6816,4089,1,attack_buff,0.0939,0.25,100,0,4,いいえ,ネムりん / 勝斧・冠 / ????? / トキシッくんｵｯｽｵｯｽ / ハリウッドナナコ師匠
2,149,em-86b9ae60356a,ブーナッドさま,14,2100,400,2,heal,0.0849,0.2292,88,12,6,いいえ,ハリウッドナナコ師匠 / ブーナッドさま / ホルトバージ君 / ????? / モンさんミッシェル
2,150,em-ed2bb6e12815,ラスコー原人,14,604,3624,1,attribute_change,0.0849,0.2292,93,7,6,いいえ,ネムりん / ラスコー原人 / 試作型おこしん / ????? / ラパヌイ先生
2,151,em-00734b7bf0e4,アパカ☆アイガー師匠,16,1551,2733,1,attack_buff,0.0849,0.2292,95,5,6,いいえ,ネムりん / アパカ☆アイガー師匠 / 試作型おこしん / ????? / ラパヌイ先生
2,152,em-3725122fa93d,ホーク元船員,9,600,850,1,attribute_guard,0.0849,0.2292,97,3,6,いいえ,ネムりん / ホーク元船員 / ホルトバージ君 / みどりのたけしマン / モンさんミッシェル
2,153,em-ff5dd5331817,デメ子ちゃん,18,1704,3067,2,attribute_change,0.0849,0.2292,97,3,6,いいえ,ネムりん / デメ子ちゃん / 試作型おこしん / ????? / ラパヌイ先生
2,154,em-4ea698949c11,侵略成功!?イカ翁,20,1131,1272,2,revive,0.0849,0.2292,99,1,6,いいえ,ネムりん / 侵略成功!?イカ翁 / 試作型おこしん / ????? / ラパヌイ先生
2,155,em-f4980131820e,ﾊﾛｳｨﾝのヴラドさん,41,4089,1757,2,damage_reduction,0.0849,0.2292,99,1,5,いいえ,ハリウッドナナコ師匠 / ﾊﾛｳｨﾝのヴラドさん / ホルトバージ君 / ????? / 眠里　不可緒
2,156,em-cc1dd429dace,?????,58,4171,4737,1,damage_reduction,0.0849,0.2292,99,1,4,いいえ,ハリウッドナナコ師匠 / ????? / ????? / ɚすぃとあろま？ / 実はこんにゃくちゃん
2,157,em-1749aff71419,ミシャグジさまさま,60,6986,3578,2,attack_buff,0.0849,0.2292,99,1,4,いいえ,ネムりん / ミシャグジさまさま / 試作型おこしん / ????? / ハリウッドナナコ師匠
2,158,em-83954a93a691,閃きのヒラメちゃん,60,6560,4430,2,attribute_change,0.0849,0.2292,99,1,4,いいえ,ネムりん / 閃きのヒラメちゃん / 試作型おこしん / ????? / ハリウッドナナコ師匠
2,159,em-a02f06328adf,ゼネコン大公,60,6134,2726,2,guard,0.0849,0.2292,100,0,4,いいえ,ネムりん / ゼネコン大公 / ????? / トキシッくんｵｯｽｵｯｽ / ハリウッドナナコ師匠
2,160,em-84a7ce7d3a80,ゴロウ,4,310,302,2,attack_buff,0.0832,0.25,91,9,6,いいえ,ハリウッドナナコ師匠 / ゴロウ / ホルトバージ君 / ????? / ラパヌイ先生
2,161,em-51e67cfa8578,さくらこさーん,5,600,300,1,attribute_guard,0.0832,0.25,92,8,6,いいえ,ハリウッドナナコ師匠 / さくらこさーん / ホルトバージ君 / ????? / ラパヌイ先生
2,162,em-627c09c619f8,さくら…こなのか,7,888,482,1,attribute_guard,0.0832,0.25,94,6,6,いいえ,ハリウッドナナコ師匠 / さくら…こなのか / ホルトバージ君 / ????? / ラパヌイ先生
2,163,em-a91eca479689,嗚呼ヴァサクサ君,10,1880,374,2,skill_reduction,0.0832,0.25,97,3,6,いいえ,ハリウッドナナコ師匠 / 嗚呼ヴァサクサ君 / ホルトバージ君 / ????? / ラパヌイ先生
2,164,em-ec5b8324ab06,袴着！いつくしーみん,36,3401,3401,2,attack_buff,0.0832,0.25,97,3,6,いいえ,ハリウッドナナコ師匠 / 袴着！いつくしーみん / ホルトバージ君 / ????? / 鎌倉式ＤＢ２涅槃型改
2,165,em-6885c7d684d6,雪の美女と魔獣,52,4304,3016,1,heal,0.0832,0.25,99,1,4,いいえ,ネムりん / 雪の美女と魔獣 / ホルトバージ君 / トキシッくんｵｯｽｵｯｽ / ハリウッドナナコ師匠
2,166,em-682cda3863fb,脱力コンビあろま＆るる,48,3067,5623,2,skill_reduction,0.0832,0.25,100,0,5,いいえ,ハリウッドナナコ師匠 / 脱力コンビあろま＆るる / ホルトバージ君 / トキシッくんｵｯｽｵｯｽ / 眠里　不可緒
2,167,em-8cafabee26c4,ホルトバージ君,22,5285,830,2,attack_buff,0.0775,0.2083,88,12,6,いいえ,ネムりん / ホルトバージ君 / 試作型おこしん / ????? / モンさんミッシェル
2,168,em-8dfd3b91ca8d,総統エビユルゲ,6,1244,1159,1,attribute_change,0.0775,0.2083,93,7,6,いいえ,ハリウッドナナコ師匠 / 総統エビユルゲ / ホルトバージ君 / ????? / ラパヌイ先生
2,169,em-30e2f325f3af,尾索戦隊ｻﾙﾊﾟﾝｼﾞｬｰ,28,4907,1022,2,multi_hit_attack,0.0775,0.2083,93,7,6,いいえ,????? / 尾索戦隊ｻﾙﾊﾟﾝｼﾞｬｰ / ホルトバージ君 / みどりのたけしマン / ハリウッドナナコ師匠
2,170,em-af9542637cdd,群れを成すサルパ,28,5453,756,2,multi_hit_attack,0.0775,0.2083,93,7,6,いいえ,????? / 群れを成すサルパ / ホルトバージ君 / みどりのたけしマン / ハリウッドナナコ師匠
2,171,em-4b24f34b41a1,レジェント・八郎ニキ,42,4941,852,1,multi_hit_attack,0.0775,0.2083,95,5,5,いいえ,ネムりん / レジェント・八郎ニキ / 試作型おこしん / ????? / 鎌倉式ＤＢ２涅槃型改
2,172,em-97272e288cf7,ホークくん,6,500,750,1,attribute_guard,0.0775,0.2083,97,3,6,いいえ,ネムりん / ホークくん / 試作型おこしん / とんこつ神！博多美子 / モンさんミッシェル
2,173,em-4b42211e8e80,ナモミさん,12,200,1200,2,attack_buff,0.0775,0.2083,99,1,6,いいえ,ハリウッドナナコ師匠 / ナモミさん / ホルトバージ君 / ????? / ラパヌイ先生
2,174,em-7b3e9b66e40d,叶う！クルス様,12,1699,1699,1,attribute_change,0.0775,0.2083,99,1,6,いいえ,ハリウッドナナコ師匠 / 叶う！クルス様 / ホルトバージ君 / ????? / ラパヌイ先生
2,175,em-acc7e76f32c6,満開☆チゥりっぷちゃん,20,563,2957,2,attribute_change,0.0775,0.2083,99,1,6,いいえ,ネムりん / 満開☆チゥりっぷちゃん / 試作型おこしん / ????? / ラパヌイ先生
2,176,em-0b273c3da2d3,ぴぐぺん＆びぐべん,12,700,900,2,attack_buff,0.0775,0.2083,100,0,6,いいえ,ネムりん / ぴぐぺん＆びぐべん / ホルトバージ君 / みどりのたけしマン / モンさんミッシェル
2,177,em-7688ea925e5e,瑠璃ノ宮,27,3408,2726,1,damage_reduction,0.0733,0.2292,88,12,6,いいえ,ハリウッドナナコ師匠 / 瑠璃ノ宮 / ホルトバージ君 / ????? / 鎌倉式ＤＢ２涅槃型改
2,178,em-8de6e4494a60,称えよ☆メジェド様！,25,2415,2415,2,guard,0.0733,0.2292,89,11,6,いいえ,ネムりん / 称えよ☆メジェド様！ / ホルトバージ君 / ????? / 眠里　不可緒
2,179,em-23638c0715eb,ばけごろう,30,1757,5743,1,attribute_change,0.0733,0.2292,91,9,7,いいえ,ハリウッドナナコ師匠 / ばけごろう / ホルトバージ君 / ????? / 鎌倉式ＤＢ２涅槃型改
2,180,em-42c90dd17240,GSPS！秀郷先生,34,3578,4601,2,attack_buff,0.0733,0.2292,95,5,6,いいえ,ハリウッドナナコ師匠 / GSPS！秀郷先生 / ホルトバージ君 / ????? / 鎌倉式ＤＢ２涅槃型改
2,181,em-898fce321115,にゅー師匠,22,1610,4186,1,guard,0.0733,0.2292,96,4,6,いいえ,ハリウッドナナコ師匠 / にゅー師匠 / ホルトバージ君 / ????? / モンさんミッシェル
2,182,em-9991a7ad9a04,ヒラメさん進化中,22,4004,2556,1,attribute_change,0.0733,0.2292,96,4,6,いいえ,ハリウッドナナコ師匠 / ヒラメさん進化中 / ホルトバージ君 / ????? / モンさんミッシェル
2,183,em-95694ab0605a,超★メジェド様,44,2300,3432,2,guard,0.0733,0.2292,97,3,5,いいえ,ハリウッドナナコ師匠 / 超★メジェド様 / ホルトバージ君 / ????? / ネムりん
2,184,em-a818769b8b91,田島の春,44,1618,5112,2,multi_hit_attack,0.0733,0.2292,97,3,5,いいえ,ハリウッドナナコ師匠 / 田島の春 / ホルトバージ君 / ????? / ネムりん
2,185,em-480a0eef6d7b,ピカリャー射的ｽﾀｲﾙ,45,3786,3786,2,aoe_attack,0.0733,0.2292,98,2,5,いいえ,ハリウッドナナコ師匠 / ピカリャー射的ｽﾀｲﾙ / ホルトバージ君 / ????? / ネムりん
2,186,em-4c8a3408455b,泳ぐカネヒラさん,28,3748,3408,2,attribute_change,0.0733,0.2292,99,1,6,いいえ,ネムりん / 泳ぐカネヒラさん / ????? / とんこつ神！博多美子 / ハリウッドナナコ師匠
2,187,em-cc181917eaeb,無双中な宗茂さん,60,6405,4941,2,aoe_attack,0.0733,0.2292,99,1,4,いいえ,ネムりん / 無双中な宗茂さん / 試作型おこしん / ????? / ハリウッドナナコ師匠
2,188,em-5c142a19c12c,菅大臣・どうしん様,24,2649,2504,1,heal,0.0733,0.2292,100,0,6,いいえ,ネムりん / 菅大臣・どうしん様 / ????? / ラパヌイ先生 / ハリウッドナナコ師匠
2,189,em-4e77469f1fc4,綺麗な金平さん,42,5112,4260,1,attribute_change,0.0733,0.2292,100,0,5,いいえ,ハリウッドナナコ師匠 / 綺麗な金平さん / ホルトバージ君 / ????? / 眠里　不可緒
2,190,em-2a20d82018a7,強飯式太子君,43,4771,3408,1,heal,0.0733,0.2292,100,0,5,いいえ,ネムりん / 強飯式太子君 / ホルトバージ君 / トキシッくんｵｯｽｵｯｽ / まそお姉ちゃん
2,191,em-454ebee4a0cd,3人はフォニピュア,60,4941,3578,2,damage_reduction,0.0733,0.2292,100,0,4,いいえ,ネムりん / 3人はフォニピュア / ????? / トキシッくんｵｯｽｵｯｽ / ハリウッドナナコ師匠
2,192,em-c6785d8f86c3,中央アルプスの犬,9,600,400,2,damage_reduction,0.0723,0.1875,97,3,6,いいえ,ネムりん / 中央アルプスの犬 / ホルトバージ君 / みどりのたけしマン / モンさんミッシェル
2,193,em-492dd4b96b0e,中央アルプスの少年,12,800,600,2,damage_reduction,0.0723,0.1875,100,0,6,いいえ,ネムりん / 中央アルプスの少年 / ホルトバージ君 / みどりのたけしマン / モンさんミッシェル
2,194,em-bb2bd26d4796,のり男の浪漫,36,3098,2695,2,attribute_guard,0.0703,0.1667,97,3,6,いいえ,ネムりん / のり男の浪漫 / 試作型おこしん / みどりのたけしマン / 鎌倉式ＤＢ２涅槃型改
2,195,em-cf2619ce2878,俺っち氷河,28,3864,3222,2,attribute_change,0.0648,0.2083,89,11,6,いいえ,ハリウッドナナコ師匠 / 俺っち氷河 / ホルトバージ君 / ????? / 鎌倉式ＤＢ２涅槃型改
2,196,em-39a55990bbc4,願え！クルスさん,11,800,800,1,attribute_change,0.0648,0.2083,90,10,6,いいえ,ネムりん / 願え！クルスさん / 試作型おこしん / ????? / ラパヌイ先生
2,197,em-6c5a2955b199,ほぼネ甲ネイ・テウケ,26,3059,2737,2,attack_buff,0.0648,0.2083,90,10,6,いいえ,ネムりん / ほぼネ甲ネイ・テウケ / ホルトバージ君 / ????? / 眠里　不可緒
2,198,em-fa3191833d67,エヴァン,28,3381,2776,2,damage_reduction,0.0648,0.2083,92,8,6,いいえ,ネムりん / エヴァン / ホルトバージ君 / ????? / 眠里　不可緒
2,199,em-ed21bd124ab2,牛タソ☆行進曲,14,755,1812,2,guard,0.0648,0.2083,93,7,6,いいえ,ネムりん / 牛タソ☆行進曲 / 試作型おこしん / ????? / ラパヌイ先生
2,200,em-210e07c4044b,偉いよ！どうしん先生,19,1245,1155,1,heal,0.0648,0.2083,93,7,6,いいえ,ハリウッドナナコ師匠 / 偉いよ！どうしん先生 / ホルトバージ君 / ????? / モンさんミッシェル
2,201,em-7f3eb7b8272c,にゅー先生,15,700,2200,2,guard,0.0648,0.2083,94,6,6,いいえ,ネムりん / にゅー先生 / 試作型おこしん / ????? / ラパヌイ先生
2,202,em-c358a9d61a43,PiぐPeんとBiぐBeん,15,1208,1510,2,attack_buff,0.0648,0.2083,94,6,6,いいえ,ネムりん / PiぐPeんとBiぐBeん / 試作型おこしん / ????? / ラパヌイ先生
2,203,em-8765daafca7a,トマティーナ中佐,40,3748,2130,2,multi_hit_attack,0.0648,0.2083,98,2,6,いいえ,ハリウッドナナコ師匠 / トマティーナ中佐 / ホルトバージ君 / ????? / 眠里　不可緒
2,204,em-6ceef8f285a4,可愛馬！真純ちゃん,41,5964,4566,2,multi_hit_attack,0.0648,0.2083,99,1,5,いいえ,ハリウッドナナコ師匠 / 可愛馬！真純ちゃん / ホルトバージ君 / ????? / 眠里　不可緒
2,205,em-b16382731bd5,華燭なカネヒラさん,60,5793,4771,2,attribute_change,0.0648,0.2083,99,1,4,いいえ,ネムりん / 華燭なカネヒラさん / 試作型おこしん / ????? / ハリウッドナナコ師匠
2,206,em-474d7b7d3bbe,イチャン～(から),26,3606,2850,2,aoe_attack,0.0648,0.2083,100,0,6,いいえ,ハリウッドナナコ師匠 / イチャン～(から) / ホルトバージ君 / ????? / モンさんミッシェル
2,207,em-583f38470462,さくらエビライダー,26,2414,2414,2,attribute_change,0.0648,0.2083,100,0,6,いいえ,ハリウッドナナコ師匠 / さくらエビライダー / ホルトバージ君 / ????? / モンさんミッシェル
2,208,em-52f594fdc52e,後楽園☆池田,43,5623,2896,1,attack_buff,0.0648,0.2083,100,0,5,いいえ,ネムりん / 後楽園☆池田 / ホルトバージ君 / トキシッくんｵｯｽｵｯｽ / まそお姉ちゃん
2,209,em-52a11488ce9e,新・ウオ丸くん,60,4294,3578,1,attack_buff,0.0648,0.2083,100,0,4,いいえ,ネムりん / 新・ウオ丸くん / ????? / トキシッくんｵｯｽｵｯｽ / ハリウッドナナコ師匠
2,210,em-aefb52be8eca,半間鮫子,52,3411,6823,2,multi_hit_attack,0.0625,0.2292,99,1,4,いいえ,ネムりん / 半間鮫子 / ホルトバージ君 / トキシッくんｵｯｽｵｯｽ / ハリウッドナナコ師匠
2,211,em-37e222cb9f2b,いんばーぬたん,53,3748,4771,2,attack_buff,0.0625,0.2292,100,0,4,いいえ,ネムりん / いんばーぬたん / ホルトバージ君 / トキシッくんｵｯｽｵｯｽ / ハリウッドナナコ師匠
2,212,em-050f0ee87c24,妖精雪愛さん,12,770,830,2,attribute_change,0.0581,0.1875,91,9,6,いいえ,ネムりん / 妖精雪愛さん / 試作型おこしん / ????? / ラパヌイ先生
2,213,em-2be7abbe40d1,大晦日！ナモミ先輩,14,300,1700,2,attack_buff,0.0581,0.1875,93,7,6,いいえ,ネムりん / 大晦日！ナモミ先輩 / 試作型おこしん / ????? / ラパヌイ先生
2,214,em-a71e0044e313,舞楽！いつくしーみん,15,800,1600,1,attack_buff,0.0581,0.1875,94,6,6,いいえ,ネムりん / 舞楽！いつくしーみん / 試作型おこしん / ????? / ラパヌイ先生
2,215,em-c912b76e4dda,妖怪雪愛さま,15,950,1350,2,attribute_change,0.0581,0.1875,94,6,6,いいえ,ネムりん / 妖怪雪愛さま / 試作型おこしん / ????? / ラパヌイ先生
2,216,em-f8a5ad2fd004,どうしん様,15,805,795,1,heal,0.0581,0.1875,94,6,6,いいえ,ネムりん / どうしん様 / 試作型おこしん / ????? / ラパヌイ先生
2,217,em-879d09afc46a,アイアン下仁田,17,907,900,2,guard,0.0581,0.1875,96,4,6,いいえ,ネムりん / アイアン下仁田 / 試作型おこしん / ????? / ラパヌイ先生
2,218,em-c816189f2294,ブッダがやって来る！,17,1510,1510,2,delay,0.0581,0.1875,96,4,6,いいえ,ネムりん / ブッダがやって来る！ / 試作型おこしん / ????? / ラパヌイ先生
2,219,em-1cb67f0b7d2d,スノーな大谷,9,1100,200,2,damage_reduction,0.0581,0.1875,97,3,6,いいえ,ネムりん / スノーな大谷 / ホルトバージ君 / みどりのたけしマン / モンさんミッシェル
2,220,em-b71282ef08a8,出番です！鴨先生！,18,1358,1356,2,guard,0.0581,0.1875,97,3,6,いいえ,ネムりん / 出番です！鴨先生！ / 試作型おこしん / ????? / ラパヌイ先生
2,221,em-804bc17d075c,雪壁の大谷,11,1500,300,2,damage_reduction,0.0581,0.1875,99,1,6,いいえ,ネムりん / 雪壁の大谷 / ホルトバージ君 / みどりのたけしマン / モンさんミッシェル
2,222,em-3e2d46063b3e,なっとくん様,70,8026,4618,1,skill_reduction,0.0581,0.1875,100,0,3,いいえ,ＢＥＷ雪玉 / なっとくん様 / 試作型おこしん / トキシッくんｵｯｽｵｯｽ / ハリウッドナナコ師匠
2,223,em-4d6101ee96b0,フィッシャーマン３,8,520,470,1,heal,0.0537,0.1667,96,4,6,いいえ,ネムりん / フィッシャーマン３ / ホルトバージ君 / みどりのたけしマン / モンさんミッシェル
2,224,em-74a94c7750af,スーちゃん,8,603,603,1,attribute_change,0.0537,0.1667,96,4,6,いいえ,ネムりん / スーちゃん / ホルトバージ君 / みどりのたけしマン / モンさんミッシェル
2,225,em-d46e72def2a2,いつくしーみん,8,380,840,2,attack_buff,0.0537,0.1667,96,4,6,いいえ,ネムりん / いつくしーみん / ホルトバージ君 / みどりのたけしマン / モンさんミッシェル
2,226,em-4fddbba71de4,大熊びぐべん,9,600,700,2,attack_buff,0.0537,0.1667,97,3,6,いいえ,ネムりん / 大熊びぐべん / ホルトバージ君 / みどりのたけしマン / モンさんミッシェル
2,227,em-e4cc96d741ac,クル彦さん,9,702,702,1,attribute_change,0.0537,0.1667,97,3,6,いいえ,ネムりん / クル彦さん / ホルトバージ君 / みどりのたけしマン / モンさんミッシェル
2,228,em-e718c5b250d7,彩れくたにん,9,600,700,2,attribute_change,0.0537,0.1667,97,3,6,いいえ,ネムりん / 彩れくたにん / ホルトバージ君 / みどりのたけしマン / モンさんミッシェル
2,229,em-251852280bcf,どうしんさん,12,615,605,1,heal,0.0537,0.1667,100,0,6,いいえ,ネムりん / どうしんさん / ホルトバージ君 / みどりのたけしマン / モンさんミッシェル
2,230,em-679b3b1b58a8,シャフとリサブス,25,2944,3548,1,heal,0.0532,0.2083,89,11,6,いいえ,ネムりん / シャフとリサブス / ホルトバージ君 / ????? / 眠里　不可緒
2,231,em-c8ed16119cbe,ヴェルラの木こり,28,3014,3162,2,guard,0.0532,0.2083,92,8,6,いいえ,ネムりん / ヴェルラの木こり / ホルトバージ君 / ????? / 眠里　不可緒
2,232,em-e9b3dc6478a4,アヌラさま,33,2495,2978,2,attribute_guard,0.0532,0.2083,94,6,6,いいえ,ハリウッドナナコ師匠 / アヌラさま / ホルトバージ君 / ????? / 鎌倉式ＤＢ２涅槃型改
2,233,em-1bcd64d199fb,ケロッとる☆キング,31,1533,5708,2,attribute_change,0.0532,0.2083,95,5,6,いいえ,ネムりん / ケロッとる☆キング / ホルトバージ君 / ????? / 眠里　不可緒
2,234,em-7c8471edf1df,ハロハロ☆ナモミさま,36,2556,4260,2,attack_buff,0.0532,0.2083,97,3,6,いいえ,ハリウッドナナコ師匠 / ハロハロ☆ナモミさま / ホルトバージ君 / ????? / 鎌倉式ＤＢ２涅槃型改
2,235,em-adcf70bfd425,2人はフェレナント君,37,2982,5964,1,attribute_change,0.0532,0.2083,98,2,6,いいえ,ハリウッドナナコ師匠 / 2人はフェレナント君 / ホルトバージ君 / ????? / 鎌倉式ＤＢ２涅槃型改
2,236,em-59636157ae2e,コーベンパイア天爵,45,5282,1757,2,damage_reduction,0.0532,0.2083,98,2,5,いいえ,ハリウッドナナコ師匠 / コーベンパイア天爵 / ホルトバージ君 / ????? / ネムりん
2,237,em-6d8ed6eb36b3,えかちぇたん,25,4260,2385,1,multi_hit_attack,0.0532,0.2083,99,1,6,いいえ,ハリウッドナナコ師匠 / えかちぇたん / ホルトバージ君 / ????? / モンさんミッシェル
2,238,em-09a7a163b0cd,沼南ぱモーセ,38,2556,5623,2,attack_buff,0.0532,0.2083,99,1,6,いいえ,ハリウッドナナコ師匠 / 沼南ぱモーセ / ホルトバージ君 / ????? / 鎌倉式ＤＢ２涅槃型改
2,239,em-d138d4e46038,きぬたン,48,3067,4771,2,attack_buff,0.0532,0.2083,99,1,5,いいえ,ハリウッドナナコ師匠 / きぬたン / ホルトバージ君 / トキシッくんｵｯｽｵｯｽ / まそお姉ちゃん
2,240,em-9c40d906d190,フィッシャーマン,4,296,314,1,heal,0.0453,0.1875,91,9,6,いいえ,ハリウッドナナコ師匠 / フィッシャーマン / ホルトバージ君 / ????? / ラパヌイ先生
2,241,em-d4e50f80f825,コーベリアル,4,305,297,2,attribute_guard,0.0453,0.1875,91,9,6,いいえ,ハリウッドナナコ師匠 / コーベリアル / ホルトバージ君 / ????? / ラパヌイ先生
2,242,em-643d05a15e4e,エビユルゲ大佐,5,520,460,2,attribute_change,0.0453,0.1875,92,8,6,いいえ,ハリウッドナナコ師匠 / エビユルゲ大佐 / ホルトバージ君 / ????? / ラパヌイ先生
2,243,em-8d7a9845b04b,コーベリアル男爵,5,400,380,2,attribute_guard,0.0453,0.1875,92,8,6,いいえ,ハリウッドナナコ師匠 / コーベリアル男爵 / ホルトバージ君 / ????? / ラパヌイ先生
2,244,em-ba8324a2cbef,覚醒ニート,6,354,296,2,multi_hit_attack,0.0453,0.1875,93,7,6,いいえ,ハリウッドナナコ師匠 / 覚醒ニート / ホルトバージ君 / ????? / ラパヌイ先生
2,245,em-e507272ab5af,フィッシャーマン２,6,400,400,1,heal,0.0453,0.1875,93,7,6,いいえ,ハリウッドナナコ師匠 / フィッシャーマン２ / ホルトバージ君 / ????? / ラパヌイ先生
2,246,em-e9a9af4ae9bc,梨豚ぴぐぺん,6,500,600,2,attack_buff,0.0453,0.1875,93,7,6,いいえ,ハリウッドナナコ師匠 / 梨豚ぴぐぺん / ホルトバージ君 / ????? / ラパヌイ先生
2,247,em-f14c0a7296cf,コーベリアル伯爵,7,500,480,2,attribute_guard,0.0453,0.1875,94,6,6,いいえ,ハリウッドナナコ師匠 / コーベリアル伯爵 / ホルトバージ君 / ????? / ラパヌイ先生
2,248,em-663696ccf728,夏の一次幹,22,3408,2215,2,attack_buff,0.0453,0.1875,96,4,6,いいえ,ハリウッドナナコ師匠 / 夏の一次幹 / ホルトバージ君 / ????? / モンさんミッシェル
2,249,em-d9e193a7c929,斑鳩の太子くん,36,4260,2896,2,heal,0.0453,0.1875,97,3,6,いいえ,ハリウッドナナコ師匠 / 斑鳩の太子くん / ホルトバージ君 / ????? / 鎌倉式ＤＢ２涅槃型改
2,250,em-f3be7c12380c,魔女ランダ,44,3067,5623,2,attribute_change,0.0453,0.1875,97,3,5,いいえ,ハリウッドナナコ師匠 / 魔女ランダ / ホルトバージ君 / ????? / ネムりん
2,251,em-14cb05f591ca,牛鬼だうわーっ！,45,3919,2556,2,multi_hit_attack,0.0453,0.1875,98,2,5,いいえ,ハリウッドナナコ師匠 / 牛鬼だうわーっ！ / ホルトバージ君 / ????? / ネムりん
2,252,em-5088462f1ee9,日本一の桃たろす,45,4260,5964,2,attribute_change,0.0453,0.1875,98,2,5,いいえ,ハリウッドナナコ師匠 / 日本一の桃たろす / ホルトバージ君 / ????? / ネムりん
2,253,em-d518108f13e3,トランシルヴァニア家族,45,5350,6059,2,multi_hit_attack,0.0453,0.1875,98,2,5,いいえ,ハリウッドナナコ師匠 / トランシルヴァニア家族 / ホルトバージ君 / ????? / ネムりん
2,254,em-e4561d587562,幼心のデメ子さん,25,3178,4089,1,attribute_change,0.0453,0.1875,99,1,6,いいえ,ハリウッドナナコ師匠 / 幼心のデメ子さん / ホルトバージ君 / ????? / モンさんミッシェル
2,255,em-ecc88d69f40d,恋愛成就☆どうしん様,25,2649,2504,1,heal,0.0453,0.1875,99,1,6,いいえ,ハリウッドナナコ師匠 / 恋愛成就☆どうしん様 / ホルトバージ君 / ????? / モンさんミッシェル
2,256,em-6262a008b5c9,脱力コンビあろま＆るる,38,3067,5623,2,skill_reduction,0.0453,0.1875,99,1,6,いいえ,ハリウッドナナコ師匠 / 脱力コンビあろま＆るる / ホルトバージ君 / ????? / 鎌倉式ＤＢ２涅槃型改
2,257,em-2b584e87473c,ウルルさんのオフ曜日,41,2958,6816,1,attack_buff,0.0453,0.1875,99,1,5,いいえ,ハリウッドナナコ師匠 / ウルルさんのオフ曜日 / ホルトバージ君 / ????? / 眠里　不可緒
2,258,em-08c96cb40803,ノローニャ・パイセン,43,5964,3410,1,attack_buff,0.0453,0.1875,100,0,5,いいえ,ネムりん / ノローニャ・パイセン / ホルトバージ君 / トキシッくんｵｯｽｵｯｽ / まそお姉ちゃん
2,259,em-6b4baf5a6b1b,ＫＫマリテレ様,51,6368,2926,1,attribute_change,0.0453,0.1875,100,0,5,いいえ,ネムりん / ＫＫマリテレ様 / ????? / クェーサルと仲間たち / ハリウッドナナコ師匠
2,260,em-0984e8e9ee06,加賀のカブキ者,60,4430,6816,2,attack_buff,0.0453,0.1875,100,0,4,いいえ,ネムりん / 加賀のカブキ者 / ????? / トキシッくんｵｯｽｵｯｽ / ハリウッドナナコ師匠
2,261,em-15b63ea7b4c3,タオるんさん先輩師匠,14,1510,2180,2,attribute_guard,0.0392,0.1667,93,7,6,いいえ,ネムりん / タオるんさん先輩師匠 / 試作型おこしん / ????? / ラパヌイ先生
2,262,em-fbb333645878,戸隠ちび大助,14,226,2193,2,attack_buff,0.0392,0.1667,93,7,6,いいえ,ネムりん / 戸隠ちび大助 / 試作型おこしん / ????? / ラパヌイ先生
2,263,em-dba7b79429bc,サルパ王＆女王,60,5453,3748,2,multi_hit_attack,0.0392,0.1667,99,1,4,いいえ,ネムりん / サルパ王＆女王 / 試作型おこしん / ????? / ハリウッドナナコ師匠
2,264,em-5266a394fb35,伊予・タウロス,60,4430,4941,2,multi_hit_attack,0.0392,0.1667,100,0,4,いいえ,ネムりん / 伊予・タウロス / ????? / トキシッくんｵｯｽｵｯｽ / ハリウッドナナコ師匠
2,265,em-bffb26ad3975,アイヌ☆らっくるん,60,2896,6645,2,attack_buff,0.0392,0.1667,100,0,4,いいえ,ネムりん / アイヌ☆らっくるん / ????? / トキシッくんｵｯｽｵｯｽ / ハリウッドナナコ師匠
2,266,em-a6fe320c7afa,戸隠忍者はハント中,31,937,5027,1,attack_buff,0.0335,0.1875,92,8,6,いいえ,ハリウッドナナコ師匠 / 戸隠忍者はハント中 / ホルトバージ君 / ????? / 鎌倉式ＤＢ２涅槃型改
2,267,em-269e75871422,瑠璃☆瑠璃,27,2726,2181,1,damage_reduction,0.0262,0.1667,88,12,6,いいえ,ハリウッドナナコ師匠 / 瑠璃☆瑠璃 / ホルトバージ君 / ????? / 鎌倉式ＤＢ２涅槃型改
2,268,em-94a55ee81090,瑠璃の君,27,3067,2453,1,damage_reduction,0.0262,0.1667,88,12,6,いいえ,ハリウッドナナコ師匠 / 瑠璃の君 / ホルトバージ君 / ????? / 鎌倉式ＤＢ２涅槃型改
2,269,em-06ed1eae98fc,ソンな福ちゃん,31,3377,3377,1,attribute_change,0.0262,0.1667,92,8,6,いいえ,ハリウッドナナコ師匠 / ソンな福ちゃん / ホルトバージ君 / ????? / 鎌倉式ＤＢ２涅槃型改
2,270,em-814151a5ca65,登別ッキー,35,2556,6134,2,skill_reduction,0.0262,0.1667,96,4,6,いいえ,ハリウッドナナコ師匠 / 登別ッキー / ホルトバージ君 / ????? / 鎌倉式ＤＢ２涅槃型改
2,271,em-8a1f54dc1206,讃えよ！ヒンヌー教徒,46,3393,4260,1,attribute_change,0.0262,0.1667,99,1,5,いいえ,ハリウッドナナコ師匠 / 讃えよ！ヒンヌー教徒 / ホルトバージ君 / ????? / ネムりん
2,272,em-3deff3291fd4,有閑カノープス,70,5112,6816,2,attribute_change,0.0262,0.1667,100,0,2,いいえ,ＢＥＷ雪玉 / 有閑カノープス / 試作型おこしん / トキシッくんｵｯｽｵｯｽ / ハリウッドナナコ師匠
2,273,em-0e9d90fcbf69,テオティワちーちゃん,66,11928,149,1,multi_hit_attack,0.0214,0.1051,100,0,3,いいえ,ハリウッドナナコ師匠 / テオティワちーちゃん / 試作型おこしん / 得琉田浜蔵 / 実はこんにゃくちゃん
2,274,em-4debcfcadf66,艶奴太夫,60,3919,5964,1,attribute_change,0.021,0.1458,100,0,4,いいえ,ネムりん / 艶奴太夫 / ????? / トキシッくんｵｯｽｵｯｽ / ハリウッドナナコ師匠
2,275,em-a236725222d2,紺碧のＰＬぴよ子,60,3656,3656,1,attribute_change,0.021,0.1458,100,0,4,いいえ,ネムりん / 紺碧のＰＬぴよ子 / ????? / トキシッくんｵｯｽｵｯｽ / ハリウッドナナコ師匠
2,276,em-beaaa8c15744,カメハメハワイ大王,50,3059,5879,2,attack_buff,0.0187,0.125,100,0,5,いいえ,ネムりん / カメハメハワイ大王 / 試作型おこしん / ????? / 眠里　不可緒
2,277,em-cc5e3cfa7400,綺麗なソフィアさん,62,7157,1704,1,multi_hit_attack,0.0034,0.125,99,1,4,いいえ,ネムりん / 綺麗なソフィアさん / 試作型おこしん / トキシッくんｵｯｽｵｯｽ / 実はこんにゃくちゃん
2,278,em-872b1096af45,アシナガ,80,3748,6816,1,attack_buff,0.0034,0.125,100,0,2,いいえ,シーラちゃん / アシナガ / おあげさん / ズースくん / ハリウッドナナコ師匠
2,279,em-0ee8cd6c9dab,黄金時代！K・ワンダー,60,3,3,1,multi_hit_attack,0.0023,0.1042,99,1,4,いいえ,ネムりん / 黄金時代！K・ワンダー / 試作型おこしん / ????? / ハリウッドナナコ師匠
2,280,em-3488d6542112,クロゴキ,65,6134,2113,2,multi_hit_attack,0,0.0833,99,1,3,いいえ,ハリウッドナナコ師匠 / クロゴキ / 試作型おこしん / 得琉田浜蔵 / 実はこんにゃくちゃん
2,281,em-daac43f51729,四悪妖・鵺,88,9542,5964,1,attribute_change,0,0,101,0,0,いいえ,
3,1,em-47c29240fd33,大晦日のネギそば給仕少女,40,3834,3834,2,guard,0.5033,0.6667,98,2,5,いいえ,ネムりん / 試作型おこしん / 大晦日のネギそば給仕少女 / みどりのたけしマン / 眠里　不可緒
3,2,em-4e2a71a8e1a6,ハチモドキアブ,55,5623,6100,2,revive,0.4456,0.625,100,0,5,いいえ,ネムりん / 試作型おこしん / ハチモドキアブ / ????? / わさわさ大根
3,3,em-f7f78d464e92,ウミウサーヌ,60,3408,4601,3,guard,0.4375,0.6042,99,1,3,いいえ,ハリウッドナナコ師匠 / 試作型おこしん / ウミウサーヌ / ????? / ネムりん
3,4,em-33880cee5e60,三貴子ツクヨミ,75,10735,4686,3,damage_reduction,0.4274,0.6042,100,0,3,いいえ,青玉の供犠ぴよ子 / 総統エビユルゲ / 三貴子ツクヨミ / ＢＥＷ雪玉 / ハリウッドナナコ師匠
3,5,em-4533a7697d48,謀反人ミッツ,60,6645,4430,3,damage_reduction,0.3907,0.5833,100,0,4,いいえ,ネムりん / 試作型おこしん / 謀反人ミッツ / ɚすぃとあろま？ / 実はこんにゃくちゃん
3,6,em-7a8534cb5af6,クレリゴス子様,41,6731,2951,3,guard,0.3825,0.5625,97,3,5,いいえ,ネムりん / モチノ・ウオ丸 / クレリゴス子様 / ＢＥＷ雪玉 / ハリウッドナナコ師匠
3,7,em-6cd949ff7539,?????,53,1842,6475,2,guard,0.3731,0.5625,100,0,5,いいえ,ハリウッドナナコ師匠 / アレス暮らし / ????? / トキシッくんｵｯｽｵｯｽ / 実はこんにゃくちゃん
3,8,em-95694ab0605a,超★メジェド様,44,2300,3432,2,guard,0.3655,0.5417,97,3,4,いいえ,ネムりん / 試作型おこしん / 超★メジェド様 / ????? / 鎌倉式ＤＢ２涅槃型改
3,9,em-b127f99ae530,キラー・ｻﾞ・ｷﾗｰ,55,5964,3408,2,damage_reduction,0.3559,0.5417,100,0,5,いいえ,ハリウッドナナコ師匠 / アレス暮らし / キラー・ｻﾞ・ｷﾗｰ / おたべ妖精 / 実はこんにゃくちゃん
3,10,em-4805525cb8a4,ｴﾝｾﾞﾘｯｸ☆エンゼル,60,6816,4771,3,heal,0.3491,0.5208,99,1,3,いいえ,ハリウッドナナコ師匠 / 試作型おこしん / ｴﾝｾﾞﾘｯｸ☆エンゼル / ????? / ネムりん
3,11,em-d5ea84224259,ﾌﾗﾝﾀﾞｰｽのわんわんお,38,5538,3190,3,guard,0.3392,0.5208,100,0,6,いいえ,ネムりん / アレス暮らし / ﾌﾗﾝﾀﾞｰｽのわんわんお / ɚすぃとあろま？ / まそお姉ちゃん
3,12,em-15545bc62fe7,幽霊烏賊図,60,3408,4260,3,revive,0.3332,0.5,99,1,3,いいえ,ハリウッドナナコ師匠 / 試作型おこしん / 幽霊烏賊図 / ????? / ネムりん
3,13,em-b17b3174de7d,ネギtheフィクサー,45,2405,5135,3,damage_reduction,0.3299,0.5208,97,3,4,いいえ,ハリウッドナナコ師匠 / アレス暮らし / ネギtheフィクサー / ɚすぃとあろま？ / ネムりん
3,14,em-bbda291d459c,漆黒及び純白のポワン,20,1704,2896,3,guard,0.323,0.5,99,1,6,いいえ,ネムりん / 試作型おこしん / 漆黒及び純白のポワン / ????? / ラパヌイ先生
3,15,em-d7e6501e0b63,ダークるる,60,4771,4771,3,damage_reduction,0.323,0.5,99,1,3,いいえ,ハリウッドナナコ師匠 / 試作型おこしん / ダークるる / ????? / ネムりん
3,16,em-f9383e2e4919,ユハンヌスのサウナー,42,5231,3067,3,damage_reduction,0.3135,0.5,97,3,5,いいえ,ハリウッドナナコ師匠 / アレス暮らし / ユハンヌスのサウナー / ????? / ネムりん
3,17,em-1eb5e932843b,ダンブッラの蘭,38,5112,3578,2,damage_reduction,0.3135,0.5,98,2,6,いいえ,ハリウッドナナコ師匠 / アレス暮らし / ダンブッラの蘭 / ????? / 眠里　不可緒
3,18,em-d368809aa822,ﾜﾙﾌﾟﾙｷﾞｽなメル子様,39,6560,3152,3,attribute_guard,0.3135,0.5,100,0,6,いいえ,ネムりん / モチノ・ウオ丸 / ﾜﾙﾌﾟﾙｷﾞｽなメル子様 / トキシッくんｵｯｽｵｯｽ / 実はこんにゃくちゃん
3,19,em-845e49247e45,ウサポワン海人,20,1533,2607,3,guard,0.3074,0.4792,99,1,6,いいえ,ネムりん / 試作型おこしん / ウサポワン海人 / ????? / ラパヌイ先生
3,20,em-904dc3a6cb19,ɚすぃとLulu？,24,4260,2726,3,guard,0.3044,0.5,95,5,6,いいえ,ハリウッドナナコ師匠 / モチノ・ウオ丸 / ɚすぃとLulu？ / ????? / 鎌倉式ＤＢ２涅槃型改
3,21,em-95e1d74be5b6,Ｈ・Ｆ・ウーマン,47,6305,3748,2,guard,0.2975,0.4792,100,0,5,いいえ,ネムりん / 試作型おこしん / Ｈ・Ｆ・ウーマン / ????? / 鎌倉式ＤＢ２涅槃型改
3,22,em-4819d53ddb48,ブハラ師匠,39,5708,3237,3,heal,0.2882,0.4792,99,1,6,いいえ,ハリウッドナナコ師匠 / アレス暮らし / ブハラ師匠 / ????? / 眠里　不可緒
3,23,em-438753e77e6c,デロスの月陽姉弟,41,3237,5453,2,heal,0.2882,0.4792,100,0,5,いいえ,ハリウッドナナコ師匠 / アレス暮らし / デロスの月陽姉弟 / ????? / まそお姉ちゃん
3,24,em-94f677409ee2,月甲のルナタスピス,75,10224,4543,3,guard,0.2882,0.4792,100,0,3,いいえ,タキシラ師匠 / 総統エビユルゲ / 月甲のルナタスピス / ＢＥＷ雪玉 / ハリウッドナナコ師匠
3,25,em-a02f06328adf,ゼネコン大公,60,6134,2726,2,guard,0.2726,0.4583,99,1,3,いいえ,ネムりん / 試作型おこしん / ゼネコン大公 / ????? / ハリウッドナナコ師匠
3,26,em-96a3648b46e2,チョコ染めの安井さん,32,3646,4089,3,guard,0.2726,0.4583,100,0,6,いいえ,ハリウッドナナコ師匠 / モチノ・ウオ丸 / チョコ染めの安井さん / ????? / 眠里　不可緒
3,27,em-dce9e83b7c07,長靴履いたなろう猫,42,3786,2726,3,attribute_change,0.2726,0.4583,100,0,5,いいえ,ネムりん / トマティーナ少佐 / 長靴履いたなろう猫 / ????? / 眠里　不可緒
3,28,em-5d34df1253d1,氷点下のレーカさん,40,2044,2556,3,revive,0.2644,0.4167,100,0,5,いいえ,ハリウッドナナコ師匠 / アレス暮らし / 氷点下のレーカさん / ????? / 眠里　不可緒
3,29,em-2d3e693a8406,ツキマシモン,35,3919,1704,2,attack_buff,0.2634,0.4583,98,2,6,いいえ,ハリウッドナナコ師匠 / アレス暮らし / ツキマシモン / ????? / 鎌倉式ＤＢ２涅槃型改
3,30,em-75c1af17d152,浴衣美人な日女路嬢,38,5623,3748,3,heal,0.2634,0.4583,98,2,6,いいえ,ハリウッドナナコ師匠 / アレス暮らし / 浴衣美人な日女路嬢 / ????? / 眠里　不可緒
3,31,em-e9b3dc6478a4,アヌラさま,33,2495,2978,2,attribute_guard,0.2634,0.4583,100,0,6,いいえ,ハリウッドナナコ師匠 / モチノ・ウオ丸 / アヌラさま / ????? / まそお姉ちゃん
3,32,em-52de8bb54262,ボビンちゃん,33,3748,4771,3,damage_reduction,0.2575,0.4375,99,1,6,いいえ,ネムりん / アレス暮らし / ボビンちゃん / ????? / 眠里　不可緒
3,33,em-54cb13a72721,不思議の海のモヅルン,60,6475,4941,3,attribute_guard,0.2575,0.4375,99,1,3,いいえ,ハリウッドナナコ師匠 / 試作型おこしん / 不思議の海のモヅルン / ????? / ネムりん
3,34,em-6cbfcc23cd10,発光大王ほたるーニャ,9,1057,1198,3,attribute_change,0.2481,0.4375,97,3,6,いいえ,ネムりん / モチノ・ウオ丸 / 発光大王ほたるーニャ / とんこつ神！博多美子 / ハリウッドナナコ師匠
3,35,em-11cceded3ad2,創造主・アヌンナキ,70,4260,5964,3,damage_reduction,0.2481,0.4375,99,1,4,いいえ,ネムりん / 総統エビユルゲ / 創造主・アヌンナキ / おたべ妖精 / ハリウッドナナコ師匠
3,36,em-1749aff71419,ミシャグジさまさま,60,6986,3578,2,attack_buff,0.243,0.4167,99,1,3,いいえ,ハリウッドナナコ師匠 / 試作型おこしん / ミシャグジさまさま / ????? / ネムりん
3,37,em-80894fcaa10c,とんこつ神！博多美子,40,4089,5350,3,attack_buff,0.243,0.4167,100,0,5,いいえ,ハリウッドナナコ師匠 / アレス暮らし / とんこつ神！博多美子 / ????? / 眠里　不可緒
3,38,em-d138d4e46038,きぬたン,48,3067,4771,2,attack_buff,0.243,0.4167,100,0,5,いいえ,ネムりん / アレス暮らし / きぬたン / ＢＥＷ雪玉 / 実はこんにゃくちゃん
3,39,em-7b7bc6faa9ba,パティは実況勢,41,5623,3352,2,damage_reduction,0.2391,0.4375,97,3,5,いいえ,ネムりん / モチノ・ウオ丸 / パティは実況勢 / ＢＥＷ雪玉 / ハリウッドナナコ師匠
3,40,em-59fa5fa098ba,繭神！おかいこさま,32,5027,1704,3,attribute_change,0.2333,0.4167,95,5,6,いいえ,ネムりん / モチノ・ウオ丸 / 繭神！おかいこさま / ????? / ハリウッドナナコ師匠
3,41,em-d941ef4d2c66,紫禁嬢,34,4692,2801,2,damage_reduction,0.2333,0.4167,97,3,6,いいえ,ハリウッドナナコ師匠 / アレス暮らし / 紫禁嬢 / ????? / 鎌倉式ＤＢ２涅槃型改
3,42,em-28c6b952551d,海の昇竜貫,33,4601,3408,2,attack_buff,0.2333,0.4167,99,1,6,いいえ,ネムりん / アレス暮らし / 海の昇竜貫 / ????? / 眠里　不可緒
3,43,em-b8168a7a90ca,大杉に願いを☆ミ,39,5129,3067,2,attribute_guard,0.2333,0.4167,100,0,6,いいえ,ネムりん / モチノ・ウオ丸 / 大杉に願いを☆ミ / トキシッくんｵｯｽｵｯｽ / 実はこんにゃくちゃん
3,44,em-6c2ea8631e0d,深海美少年モヅルン,37,5964,2385,3,attribute_guard,0.2292,0.3958,98,2,6,いいえ,ネムりん / 試作型おこしん / 深海美少年モヅルン / みどりのたけしマン / 鎌倉式ＤＢ２涅槃型改
3,45,em-cc181917eaeb,無双中な宗茂さん,60,6405,4941,2,aoe_attack,0.2292,0.3958,99,1,3,いいえ,ハリウッドナナコ師匠 / 試作型おこしん / 無双中な宗茂さん / ????? / ネムりん
3,46,em-05de078a2e7c,幼妻！エンゼルちゃん,22,1993,2913,3,heal,0.224,0.4167,93,7,6,いいえ,ハリウッドナナコ師匠 / モチノ・ウオ丸 / 幼妻！エンゼルちゃん / ????? / 鎌倉式ＤＢ２涅槃型改
3,47,em-81078d011501,年齢不詳！エンゼル様,22,2215,3237,3,heal,0.224,0.4167,93,7,6,いいえ,ハリウッドナナコ師匠 / モチノ・ウオ丸 / 年齢不詳！エンゼル様 / ????? / 鎌倉式ＤＢ２涅槃型改
3,48,em-1d6b42059506,レーティッシュ凛子,35,5623,3229,3,attack_buff,0.224,0.4167,98,2,6,いいえ,ネムりん / モチノ・ウオ丸 / レーティッシュ凛子 / ＢＥＷ雪玉 / アグスティンさん
3,49,em-7f58743c664e,ポリミタス☆おかいこ,34,4771,3069,2,attribute_change,0.2191,0.3958,100,0,6,いいえ,ネムりん / アレス暮らし / ポリミタス☆おかいこ / ????? / 眠里　不可緒
3,50,em-4efe36123302,輝け☆椛マン！,35,4260,3408,3,heal,0.2191,0.3958,100,0,6,いいえ,ネムりん / アレス暮らし / 輝け☆椛マン！ / ????? / まそお姉ちゃん
3,51,em-7e35b72ac7e4,琵琶子ｲﾘｭｰｼﾞｮﾝ！,13,1809,1190,3,damage_reduction,0.2162,0.375,92,8,6,いいえ,ネムりん / 試作型おこしん / 琵琶子ｲﾘｭｰｼﾞｮﾝ！ / ????? / ラパヌイ先生
3,52,em-6c215846fcb0,アン・ごろう,16,1356,1189,2,attack_buff,0.2095,0.3958,95,5,6,いいえ,ネムりん / 試作型おこしん / アン・ごろう / ????? / ラパヌイ先生
3,53,em-7fd9b48cee31,七夕星人☆たたるんるん,20,3220,1610,2,attack_buff,0.2095,0.3958,97,3,6,いいえ,ネムりん / モチノ・ウオ丸 / 七夕星人☆たたるんるん / ????? / 鎌倉式ＤＢ２涅槃型改
3,54,em-cb9a138787d0,摩陀羅　潮真,27,7194,1741,2,attribute_guard,0.2095,0.3958,98,2,6,いいえ,ハリウッドナナコ師匠 / モチノ・ウオ丸 / 摩陀羅　潮真 / ????? / 鎌倉式ＤＢ２涅槃型改
3,55,em-7a58e59098c4,森神ブーナッド,36,4941,3408,2,heal,0.2095,0.3958,99,1,5,いいえ,ハリウッドナナコ師匠 / アレス暮らし / 森神ブーナッド / ????? / 鎌倉式ＤＢ２涅槃型改
3,56,em-bb2bd26d4796,のり男の浪漫,36,3098,2695,2,attribute_guard,0.2095,0.3958,99,1,6,いいえ,ネムりん / アレス暮らし / のり男の浪漫 / ɚすぃとあろま？ / 眠里　不可緒
3,57,em-5f311c45014a,パーントゥ大先生,37,2409,4819,3,attack_buff,0.2095,0.3958,99,1,5,いいえ,ネムりん / アレス暮らし / パーントゥ大先生 / ????? / アグスティンさん
3,58,em-9667a89799b5,冬の双子姫,77,9628,4686,2,damage_reduction,0.2095,0.3958,99,1,2,いいえ,ズースくん / のり男師匠 / 冬の双子姫 / ズースさんとシーラさん / ハリウッドナナコ師匠
3,59,em-d518108f13e3,トランシルヴァニア家族,45,5350,6059,2,multi_hit_attack,0.2095,0.3958,100,0,5,いいえ,ネムりん / アレス暮らし / トランシルヴァニア家族 / 呼んでますトムさん / ハリウッドナナコ師匠
3,60,em-0bcb369cdcd9,キタキツネの神様,36,3748,4771,3,attack_buff,0.2056,0.375,89,11,5,いいえ,ネムりん / 試作型おこしん / キタキツネの神様 / ????? / 鎌倉式ＤＢ２涅槃型改
3,61,em-454ebee4a0cd,3人はフォニピュア,60,4941,3578,2,damage_reduction,0.2056,0.375,99,1,3,いいえ,ネムりん / 試作型おこしん / 3人はフォニピュア / ????? / ハリウッドナナコ師匠
3,62,em-6193e7af4d97,がうがうは考える,44,1704,5964,3,damage_reduction,0.2056,0.375,100,0,4,いいえ,ハリウッドナナコ師匠 / アレス暮らし / がうがうは考える / ɚすぃとあろま？ / まそお姉ちゃん
3,63,em-fa3191833d67,エヴァン,28,3381,2776,2,damage_reduction,0.2004,0.3958,94,6,6,いいえ,ネムりん / アレス暮らし / エヴァン / ????? / 眠里　不可緒
3,64,em-501834a284b1,加賀友☆禅野さん,38,4175,4771,2,attribute_change,0.2004,0.3958,98,2,6,いいえ,ネムりん / モチノ・ウオ丸 / 加賀友☆禅野さん / ＢＥＷ雪玉 / 実はこんにゃくちゃん
3,65,em-7419b64dec0e,天の飛龍巻,42,5623,3748,2,attribute_change,0.2004,0.3958,98,2,5,いいえ,ネムりん / モチノ・ウオ丸 / 天の飛龍巻 / ＢＥＷ雪玉 / ハリウッドナナコ師匠
3,66,em-9b97e564ea43,ユールシスター☆ノエルん,43,5523,4112,3,multi_hit_attack,0.2004,0.3958,99,1,5,いいえ,ネムりん / モチノ・ウオ丸 / ユールシスター☆ノエルん / ＢＥＷ雪玉 / ハリウッドナナコ師匠
3,67,em-1bcd64d199fb,ケロッとる☆キング,31,1533,5708,2,attribute_change,0.1956,0.375,99,1,6,いいえ,ハリウッドナナコ師匠 / モチノ・ウオ丸 / ケロッとる☆キング / ????? / 眠里　不可緒
3,68,em-99460641a41d,奇岩妖精ペリバじゃん,40,6816,852,3,attack_buff,0.1956,0.375,100,0,5,いいえ,ハリウッドナナコ師匠 / アレス暮らし / 奇岩妖精ペリバじゃん / ????? / 眠里　不可緒
3,69,em-942c8f8de44d,エンゼルちゃん,22,1772,2590,3,heal,0.1861,0.375,97,3,6,いいえ,ネムりん / アレス暮らし / エンゼルちゃん / ＢＥＷ雪玉 / モンさんミッシェル
3,70,em-c8ed16119cbe,ヴェルラの木こり,28,3014,3162,2,guard,0.1861,0.375,99,1,6,いいえ,ハリウッドナナコ師匠 / モチノ・ウオ丸 / ヴェルラの木こり / ????? / 鎌倉式ＤＢ２涅槃型改
3,71,em-bffb26ad3975,アイヌ☆らっくるん,60,2896,6645,2,attack_buff,0.1861,0.375,99,1,3,いいえ,ハリウッドナナコ師匠 / 試作型おこしん / アイヌ☆らっくるん / ????? / ネムりん
3,72,em-5088462f1ee9,日本一の桃たろす,45,4260,5964,2,attribute_change,0.1861,0.375,100,0,5,いいえ,ネムりん / アレス暮らし / 日本一の桃たろす / 呼んでますトムさん / ハリウッドナナコ師匠
3,73,em-314fadaf0ea9,オシラサマ,28,4260,3322,3,heal,0.1824,0.3542,94,6,6,いいえ,ネムりん / アレス暮らし / オシラサマ / ????? / 眠里　不可緒
3,74,em-c7cd54f2e503,ケラマ☆マジカ,7,1057,1198,2,attribute_guard,0.1824,0.3542,95,5,6,いいえ,ネムりん / モチノ・ウオ丸 / ケラマ☆マジカ / とんこつ神！博多美子 / ハリウッドナナコ師匠
3,75,em-7c7befcdeb38,メル子大先生,16,1773,1934,2,attack_buff,0.1824,0.3542,95,5,6,いいえ,ネムりん / 試作型おこしん / メル子大先生 / ????? / ラパヌイ先生
3,76,em-f8e6761b2883,青龍,36,1704,6816,3,attack_buff,0.1824,0.3542,99,1,5,いいえ,ハリウッドナナコ師匠 / アレス暮らし / 青龍 / ????? / 鎌倉式ＤＢ２涅槃型改
3,77,em-682cda3863fb,脱力コンビあろま＆るる,48,3067,5623,2,skill_reduction,0.1824,0.3542,100,0,5,いいえ,ハリウッドナナコ師匠 / トマティーナ少佐 / 脱力コンビあろま＆るる / ????? / 眠里　不可緒
3,78,em-aae1801458f8,ɚすぃとあろま？,12,3748,681,3,guard,0.1725,0.3542,96,4,6,いいえ,ハリウッドナナコ師匠 / モチノ・ウオ丸 / ɚすぃとあろま？ / ????? / モンさんミッシェル
3,79,em-a818769b8b91,田島の春,44,1618,5112,2,multi_hit_attack,0.1725,0.3542,99,1,5,いいえ,ハリウッドナナコ師匠 / アレス暮らし / 田島の春 / ????? / ネムりん
3,80,em-9413da55b7e0,ヤマピカリャーコ,47,4515,5095,2,multi_hit_attack,0.1725,0.3542,99,1,5,いいえ,ネムりん / アレス暮らし / ヤマピカリャーコ / ＢＥＷ雪玉 / 実はこんにゃくちゃん
3,81,em-490ce6c4d005,ア、ショーカ大王,45,3067,4601,3,multi_hit_attack,0.1725,0.3542,100,0,5,いいえ,ネムりん / アレス暮らし / ア、ショーカ大王 / 呼んでますトムさん / ハリウッドナナコ師匠
3,82,em-45d954b40bc4,ジェラする？かめ姫,60,4941,3237,3,multi_hit_attack,0.1703,0.3125,99,1,3,いいえ,ハリウッドナナコ師匠 / 試作型おこしん / ジェラする？かめ姫 / ????? / ネムりん
3,83,em-2d179e9f0835,ﾇｯと出る☆ウイス君,36,5354,2486,2,attack_buff,0.17,0.3333,89,11,5,いいえ,ネムりん / 試作型おこしん / ﾇｯと出る☆ウイス君 / ????? / 鎌倉式ＤＢ２涅槃型改
3,84,em-9d861b51bd30,波乗りキング,18,776,2582,3,attack_buff,0.17,0.3333,97,3,6,いいえ,ネムりん / 試作型おこしん / 波乗りキング / ????? / ラパヌイ先生
3,85,em-bd35a359234a,ジョーカーくん,18,805,3935,3,skill_reduction,0.17,0.3333,97,3,6,いいえ,ネムりん / 試作型おこしん / ジョーカーくん / ????? / ラパヌイ先生
3,86,em-7f906b3752a5,華麗なびわ子たん,10,1213,1190,3,damage_reduction,0.17,0.3333,98,2,6,いいえ,ネムりん / モチノ・ウオ丸 / 華麗なびわ子たん / とんこつ神！博多美子 / ハリウッドナナコ師匠
3,87,em-67086191a83f,マダラなシオマネキ君,27,5490,1059,2,attribute_guard,0.17,0.3333,100,0,6,いいえ,ネムりん / モチノ・ウオ丸 / マダラなシオマネキ君 / ????? / まそお姉ちゃん
3,88,em-419c23e0ec81,新生☆ＢＴ５!!,35,3287,3615,3,damage_reduction,0.17,0.3333,100,0,6,いいえ,ネムりん / アレス暮らし / 新生☆ＢＴ５!! / 呼んでますトムさん / まそお姉ちゃん
3,89,em-48fc0bb31337,踊る☆なまずおじさん,60,5793,2130,3,damage_reduction,0.17,0.3333,100,0,4,いいえ,ネムりん / 試作型おこしん / 踊る☆なまずおじさん / ɚすぃとあろま？ / 実はこんにゃくちゃん
3,90,em-bc2106c87bcd,?????,15,511,2811,3,damage_reduction,0.1632,0.3542,100,0,6,いいえ,ハリウッドナナコ師匠 / アレス暮らし / ????? / とんこつ神！博多美子 / 眠里　不可緒
3,91,em-663696ccf728,夏の一次幹,22,3408,2215,2,attack_buff,0.1597,0.3333,96,4,6,いいえ,ネムりん / モチノ・ウオ丸 / 夏の一次幹 / ????? / 眠里　不可緒
3,92,em-ed21bd124ab2,牛タソ☆行進曲,14,755,1812,2,guard,0.1597,0.3333,97,3,6,いいえ,ネムりん / 試作型おこしん / 牛タソ☆行進曲 / ラパヌイ先生 / 鎌倉式ＤＢ２涅槃型改
3,93,em-95a2dbeaf4ea,神使！ナモミさま,18,805,4025,2,attack_buff,0.1597,0.3333,97,3,6,いいえ,ネムりん / 試作型おこしん / 神使！ナモミさま / ????? / ラパヌイ先生
3,94,em-8de6e4494a60,称えよ☆メジェド様！,25,2415,2415,2,guard,0.1597,0.3333,98,2,6,いいえ,ネムりん / モチノ・ウオ丸 / 称えよ☆メジェド様！ / ????? / まそお姉ちゃん
3,95,em-4d9586371e6c,鞭・打つ子さん,38,4106,4106,3,multi_hit_attack,0.1597,0.3333,98,2,6,いいえ,ハリウッドナナコ師匠 / アレス暮らし / 鞭・打つ子さん / ????? / 眠里　不可緒
3,96,em-6262a008b5c9,脱力コンビあろま＆るる,38,3067,5623,2,skill_reduction,0.1597,0.3333,98,2,6,いいえ,ハリウッドナナコ師匠 / アレス暮らし / 脱力コンビあろま＆るる / ????? / 眠里　不可緒
3,97,em-7747ea5c5a73,諏訪子成長期,38,3067,5623,3,multi_hit_attack,0.1597,0.3333,98,2,6,いいえ,ハリウッドナナコ師匠 / アレス暮らし / 諏訪子成長期 / ????? / 眠里　不可緒
3,98,em-6c5a2955b199,ほぼネ甲ネイ・テウケ,26,3059,2737,2,attack_buff,0.1597,0.3333,99,1,6,いいえ,ネムりん / モチノ・ウオ丸 / ほぼネ甲ネイ・テウケ / ????? / まそお姉ちゃん
3,99,em-beaaa8c15744,カメハメハワイ大王,50,3059,5879,2,attack_buff,0.1597,0.3333,99,1,4,いいえ,ネムりん / アレス暮らし / カメハメハワイ大王 / トキシッくんｵｯｽｵｯｽ / ハリウッドナナコ師匠
3,100,em-a7fc49aa8c73,広報担当：アッシュ,37,5112,3748,2,attribute_guard,0.1597,0.3333,100,0,5,いいえ,ハリウッドナナコ師匠 / アレス暮らし / 広報担当：アッシュ / ????? / 鎌倉式ＤＢ２涅槃型改
3,101,em-37e222cb9f2b,いんばーぬたん,53,3748,4771,2,attack_buff,0.1597,0.3333,100,0,5,いいえ,ハリウッドナナコ師匠 / アレス暮らし / いんばーぬたん / トキシッくんｵｯｽｵｯｽ / 実はこんにゃくちゃん
3,102,em-3deff3291fd4,有閑カノープス,70,5112,6816,2,attribute_change,0.1597,0.3333,100,0,4,いいえ,ＢＥＷ雪玉 / 試作型おこしん / 有閑カノープス / トキシッくんｵｯｽｵｯｽ / ハリウッドナナコ師匠
3,103,em-7f3eb7b8272c,にゅー先生,15,700,2200,2,guard,0.1585,0.3125,95,5,6,いいえ,ネムりん / アレス暮らし / にゅー先生 / とんこつ神！博多美子 / ハリウッドナナコ師匠
3,104,em-b16382731bd5,華燭なカネヒラさん,60,5793,4771,2,attribute_change,0.1585,0.3125,99,1,3,いいえ,ハリウッドナナコ師匠 / 試作型おこしん / 華燭なカネヒラさん / ????? / ネムりん
3,105,em-93a9275d427c,肉食ドゥブロさん,32,5106,3404,3,attack_buff,0.1585,0.3125,100,0,6,いいえ,ハリウッドナナコ師匠 / モチノ・ウオ丸 / 肉食ドゥブロさん / ????? / 眠里　不可緒
3,106,em-cf2619ce2878,俺っち氷河,28,3864,3222,2,attribute_change,0.1499,0.3333,91,9,6,いいえ,ネムりん / モチノ・ウオ丸 / 俺っち氷河 / ????? / ハリウッドナナコ師匠
3,107,em-71504e292ebf,キャミー・the.女,13,1208,2567,3,heal,0.1499,0.3333,93,7,6,いいえ,ネムりん / アレス暮らし / キャミー・the.女 / とんこつ神！博多美子 / ハリウッドナナコ師匠
3,108,em-6ceef8f285a4,可愛馬！真純ちゃん,41,5964,4566,2,multi_hit_attack,0.1499,0.3333,97,3,5,いいえ,ネムりん / モチノ・ウオ丸 / 可愛馬！真純ちゃん / ＢＥＷ雪玉 / ハリウッドナナコ師匠
3,109,em-09a7a163b0cd,沼南ぱモーセ,38,2556,5623,2,attack_buff,0.1499,0.3333,98,2,6,いいえ,ハリウッドナナコ師匠 / アレス暮らし / 沼南ぱモーセ / ????? / 眠里　不可緒
3,110,em-42c90dd17240,GSPS！秀郷先生,34,3578,4601,2,attack_buff,0.1499,0.3333,99,1,6,いいえ,ネムりん / アレス暮らし / GSPS！秀郷先生 / ????? / まそお姉ちゃん
3,111,em-68afa2dec462,みどりのたけしマン,23,2592,2432,3,damage_reduction,0.1499,0.3333,100,0,6,いいえ,ネムりん / モチノ・ウオ丸 / みどりのたけしマン / パラワン探検隊 / 眠里　不可緒
3,112,em-814151a5ca65,登別ッキー,35,2556,6134,2,skill_reduction,0.1499,0.3333,100,0,6,いいえ,ネムりん / アレス暮らし / 登別ッキー / 呼んでますトムさん / まそお姉ちゃん
3,113,em-96c4c1bf7f87,畳リーゼントの御頭,40,4345,4345,2,attack_buff,0.1499,0.3333,100,0,5,いいえ,ハリウッドナナコ師匠 / アレス暮らし / 畳リーゼントの御頭 / ????? / 眠里　不可緒
3,114,em-83954a93a691,閃きのヒラメちゃん,60,6560,4430,2,attribute_change,0.1499,0.3333,100,0,3,いいえ,ネムりん / トマティーナ少佐 / 閃きのヒラメちゃん / ＢＥＷ雪玉 / ハリウッドナナコ師匠
3,115,em-e3dab98c64af,試作型おこしん,8,2265,1510,2,attribute_guard,0.1482,0.2917,96,4,6,いいえ,ネムりん / モチノ・ウオ丸 / 試作型おこしん / とんこつ神！博多美子 / ハリウッドナナコ師匠
3,116,em-8561e29b5d2e,まんまんちゃん,12,1524,1682,3,attack_buff,0.1476,0.3125,91,9,6,いいえ,ネムりん / 試作型おこしん / まんまんちゃん / ????? / ラパヌイ先生
3,117,em-6145c94ca696,ｽﾌﾟﾗ♡な琵琶子たん,13,1213,1190,3,damage_reduction,0.1476,0.3125,92,8,6,いいえ,ネムりん / 試作型おこしん / ｽﾌﾟﾗ♡な琵琶子たん / ????? / ラパヌイ先生
3,118,em-78c90c30a11c,夜光虫ほたるん,14,2265,3020,2,attribute_change,0.1476,0.3125,93,7,6,いいえ,ネムりん / 試作型おこしん / 夜光虫ほたるん / ????? / ラパヌイ先生
3,119,em-a85f091d502f,スウェルくん,11,1452,2058,2,damage_reduction,0.1476,0.3125,95,5,6,いいえ,ハリウッドナナコ師匠 / モチノ・ウオ丸 / スウェルくん / ????? / モンさんミッシェル
3,120,em-fca49f3752f8,電波姫☆いまりちゃん,38,3919,4260,3,delay,0.1476,0.3125,98,2,6,いいえ,ハリウッドナナコ師匠 / アレス暮らし / 電波姫☆いまりちゃん / ????? / 眠里　不可緒
3,121,em-82d7b7a877f8,電ドロ白鷺嬢,39,6816,2556,2,heal,0.1476,0.3125,99,1,6,いいえ,ハリウッドナナコ師匠 / アレス暮らし / 電ドロ白鷺嬢 / ????? / 眠里　不可緒
3,122,em-6a50fe1ba475,青き春の酔竜,70,2556,7668,3,attack_buff,0.1476,0.3125,99,1,4,いいえ,ハリウッドナナコ師匠 / 総統エビユルゲ / 青き春の酔竜 / トキシッくんｵｯｽｵｯｽ / 実はこんにゃくちゃん
3,123,em-eb8dcb3ecb46,ヨーコ須賀パイセン,45,5964,3237,3,attribute_guard,0.1476,0.3125,100,0,5,いいえ,ハリウッドナナコ師匠 / アレス暮らし / ヨーコ須賀パイセン / ????? / ネムりん
3,124,em-de36aab296aa,月下皇帝ランたん様,50,3150,5367,3,revive,0.1476,0.3125,100,0,4,いいえ,ハリウッドナナコ師匠 / アレス暮らし / 月下皇帝ランたん様 / 得琉田浜蔵 / 実はこんにゃくちゃん
3,125,em-14cb05f591ca,牛鬼だうわーっ！,45,3919,2556,2,multi_hit_attack,0.1407,0.3333,100,0,5,いいえ,ネムりん / アレス暮らし / 牛鬼だうわーっ！ / 呼んでますトムさん / ハリウッドナナコ師匠
3,126,em-cf78c5cc3134,オタテカモ次郎,28,4186,3059,2,attribute_change,0.1374,0.3125,94,6,6,いいえ,ネムりん / アレス暮らし / オタテカモ次郎 / ????? / 眠里　不可緒
3,127,em-b7b738711fb0,ちくわサンド,23,2817,2656,2,attack_buff,0.1374,0.3125,97,3,6,いいえ,ネムりん / モチノ・ウオ丸 / ちくわサンド / ????? / 眠里　不可緒
3,128,em-7c8471edf1df,ハロハロ☆ナモミさま,36,2556,4260,2,attack_buff,0.1374,0.3125,98,2,5,いいえ,ネムりん / アレス暮らし / ハロハロ☆ナモミさま / ????? / アグスティンさん
3,129,em-fd155a3410b2,鯰坊主と子供たち,45,5793,2130,3,damage_reduction,0.1374,0.3125,98,2,5,いいえ,ネムりん / 試作型おこしん / 鯰坊主と子供たち / ????? / 鎌倉式ＤＢ２涅槃型改
3,130,em-ec5b8324ab06,袴着！いつくしーみん,36,3401,3401,2,attack_buff,0.1374,0.3125,99,1,5,いいえ,ネムりん / モチノ・ウオ丸 / 袴着！いつくしーみん / ????? / ハリウッドナナコ師匠
3,131,em-0984e8e9ee06,加賀のカブキ者,60,4430,6816,2,attack_buff,0.1374,0.3125,99,1,3,いいえ,ハリウッドナナコ師匠 / 試作型おこしん / 加賀のカブキ者 / ????? / ネムりん
3,132,em-9d5a58645c8c,カロニスタ・ヴェニ子,37,4444,4444,2,attack_buff,0.1374,0.3125,100,0,5,いいえ,ハリウッドナナコ師匠 / アレス暮らし / カロニスタ・ヴェニ子 / ????? / 鎌倉式ＤＢ２涅槃型改
3,133,em-744815bd68e5,旋回のヘリコプリオン,75,8997,2675,2,aoe_attack,0.1374,0.3125,100,0,3,いいえ,青玉の供犠ぴよ子 / 総統エビユルゲ / 旋回のヘリコプリオン / ＢＥＷ雪玉 / ハリウッドナナコ師匠
3,134,em-a04fcf6167db,いはと先生,17,2093,3059,3,delay,0.1365,0.2917,96,4,6,いいえ,ネムりん / 試作型おこしん / いはと先生 / ????? / ラパヌイ先生
3,135,em-f334c541bf84,納得ん★福曼荼羅,17,1763,1860,2,attribute_change,0.1365,0.2917,96,4,6,いいえ,ネムりん / 試作型おこしん / 納得ん★福曼荼羅 / ????? / ラパヌイ先生
3,136,em-3ad7d27f7887,ハワイる水島神人,19,2567,1208,2,guard,0.1365,0.2917,99,1,6,いいえ,ネムりん / アレス暮らし / ハワイる水島神人 / とんこつ神！博多美子 / ハリウッドナナコ師匠
3,137,em-3911cf0df99b,あずま京子という女,14,1687,1687,3,damage_reduction,0.132,0.25,99,1,6,いいえ,ネムりん / モチノ・ウオ丸 / あずま京子という女 / みどりのたけしマン / 鎌倉式ＤＢ２涅槃型改
3,138,em-cea68c425163,跛荒の鉄男大先生,51,4686,6625,3,multi_hit_attack,0.1277,0.3125,100,0,4,いいえ,ハリウッドナナコ師匠 / アレス暮らし / 跛荒の鉄男大先生 / トキシッくんｵｯｽｵｯｽ / ネムりん
3,139,em-1374a3351d4c,忍！fuま＆voたん,17,1510,1510,3,guard,0.1266,0.2708,96,4,6,いいえ,ネムりん / 試作型おこしん / 忍！fuま＆voたん / ????? / ラパヌイ先生
3,140,em-ed68f4e03a58,欣喜ぴよ子,10,1785,1812,2,guard,0.1266,0.2708,98,2,6,いいえ,ネムりん / モチノ・ウオ丸 / 欣喜ぴよ子 / とんこつ神！博多美子 / ハリウッドナナコ師匠
3,141,em-b041a6f6cf00,テヅルモヅルン,37,5367,2147,3,attribute_guard,0.1266,0.2708,98,2,6,いいえ,ネムりん / 試作型おこしん / テヅルモヅルン / みどりのたけしマン / 鎌倉式ＤＢ２涅槃型改
3,142,em-301c11f4a1d7,ウサポワンちゃん,20,1363,2317,3,guard,0.1266,0.2708,99,1,6,いいえ,ネムりん / 試作型おこしん / ウサポワンちゃん / ????? / ラパヌイ先生
3,143,em-5266a394fb35,伊予・タウロス,60,4430,4941,2,multi_hit_attack,0.1266,0.2708,99,1,3,いいえ,ハリウッドナナコ師匠 / 試作型おこしん / 伊予・タウロス / ????? / ネムりん
3,144,em-378e340695dc,スクナクナクナクス,50,6816,3408,2,aoe_attack,0.1266,0.2708,100,0,3,いいえ,ネムりん / 試作型おこしん / スクナクナクナクス / ????? / 眠里　不可緒
3,145,em-4dc27428f645,よりりんＫ林スタイル,24,2576,2576,2,attribute_change,0.1257,0.2917,95,5,6,いいえ,ハリウッドナナコ師匠 / モチノ・ウオ丸 / よりりんＫ林スタイル / ????? / 鎌倉式ＤＢ２涅槃型改
3,146,em-b5fa3fe8e44e,ディープワン・ゴロウ,8,1214,1189,2,attack_buff,0.1257,0.2917,96,4,6,いいえ,ネムりん / モチノ・ウオ丸 / ディープワン・ゴロウ / とんこつ神！博多美子 / ハリウッドナナコ師匠
3,147,em-842f3d28d20e,のり男師匠,8,1285,1118,2,attribute_guard,0.1257,0.2917,99,1,6,いいえ,ネムりん / アレス暮らし / のり男師匠 / とんこつ神！博多美子 / 眠里　不可緒
3,148,em-5b3eb6a3a507,なるリッシュ,20,1812,1510,2,attack_buff,0.1257,0.2917,99,1,6,いいえ,ネムりん / 試作型おこしん / なるリッシュ / ????? / ラパヌイ先生
3,149,em-558066e14c81,ダブル・ブロッコリー,33,2595,2436,3,damage_reduction,0.1257,0.2917,99,1,5,いいえ,ネムりん / モチノ・ウオ丸 / ダブル・ブロッコリー / パラワン探検隊 / ハリウッドナナコ師匠
3,150,em-199bdad6398b,なるティス,12,1000,900,3,attack_buff,0.1257,0.2917,100,0,6,いいえ,ネムりん / モチノ・ウオ丸 / なるティス / とんこつ神！博多美子 / ハリウッドナナコ師匠
3,151,em-c3c3a8e92b71,仮面のいはと先生,25,2095,3063,3,delay,0.1155,0.2917,88,12,6,いいえ,ネムりん / モチノ・ウオ丸 / 仮面のいはと先生 / ????? / ハリウッドナナコ師匠
3,152,em-6c1c64d0e4ed,七夕ぴよ子,7,1104,1104,3,revive,0.1155,0.2917,95,5,6,いいえ,ネムりん / モチノ・ウオ丸 / 七夕ぴよ子 / とんこつ神！博多美子 / ハリウッドナナコ師匠
3,153,em-36ce9827163b,検非違使なけいび氏,28,6024,878,2,heal,0.1155,0.2917,95,5,6,いいえ,ネムりん / モチノ・ウオ丸 / 検非違使なけいび氏 / ＢＥＷ雪玉 / 眠里　不可緒
3,154,em-90e071b9735c,乗り海苔カスティリャ,16,2707,1223,2,attribute_guard,0.1155,0.2917,96,4,6,いいえ,ネムりん / アレス暮らし / 乗り海苔カスティリャ / とんこつ神！博多美子 / ハリウッドナナコ師匠
3,155,em-a0159af9ab81,カネヒラくん,14,2385,2556,2,attribute_change,0.1155,0.2917,97,3,6,いいえ,ネムりん / アレス暮らし / カネヒラくん / 降臨！天草トッキー / ハリウッドナナコ師匠
3,156,em-cdfbe8acd59f,はんばー先輩,24,4444,563,2,revive,0.1155,0.2917,97,3,6,いいえ,ネムりん / モチノ・ウオ丸 / はんばー先輩 / ????? / まそお姉ちゃん
3,157,em-825d090d7d15,比保々田 真純,31,4601,3714,2,multi_hit_attack,0.1155,0.2917,98,2,6,いいえ,ネムりん / モチノ・ウオ丸 / 比保々田 真純 / ＢＥＷ雪玉 / 眠里　不可緒
3,158,em-371b0bc06848,やっとの神,50,2933,2919,3,multi_hit_attack,0.1155,0.2917,98,2,3,いいえ,ネムりん / アレス暮らし / やっとの神 / ＢＥＷ雪玉 / ハリウッドナナコ師匠
3,159,em-f3be7c12380c,魔女ランダ,44,3067,5623,2,attribute_change,0.1155,0.2917,99,1,5,いいえ,ハリウッドナナコ師匠 / アレス暮らし / 魔女ランダ / ????? / ネムりん
3,160,em-5f9efdc805e5,呼んでますトムさん,15,1269,1269,3,attribute_guard,0.1155,0.2917,100,0,6,いいえ,ハリウッドナナコ師匠 / アレス暮らし / 呼んでますトムさん / とんこつ神！博多美子 / 眠里　不可緒
3,161,em-4afb3d011e67,得琉田浜蔵,12,2696,1992,3,attribute_change,0.115,0.2708,91,9,6,いいえ,ネムりん / 試作型おこしん / 得琉田浜蔵 / ????? / ラパヌイ先生
3,162,em-d4e50f80f825,コーベリアル,4,305,297,2,attribute_guard,0.115,0.2708,92,8,6,いいえ,ネムりん / モチノ・ウオ丸 / コーベリアル / とんこつ神！博多美子 / ハリウッドナナコ師匠
3,163,em-8d7a9845b04b,コーベリアル男爵,5,400,380,2,attribute_guard,0.115,0.2708,93,7,6,いいえ,ネムりん / モチノ・ウオ丸 / コーベリアル男爵 / とんこつ神！博多美子 / ハリウッドナナコ師匠
3,164,em-fbb333645878,戸隠ちび大助,14,226,2193,2,attack_buff,0.115,0.2708,93,7,6,いいえ,ネムりん / 試作型おこしん / 戸隠ちび大助 / ????? / ラパヌイ先生
3,165,em-423f5963c7c2,超患部ぴよフェッサー,15,3220,2093,2,revive,0.115,0.2708,95,5,6,いいえ,ネムりん / アレス暮らし / 超患部ぴよフェッサー / とんこつ神！博多美子 / ハリウッドナナコ師匠
3,166,em-85a7b3e2cb7d,剥ぐぞ！ナモミ先生,16,400,2100,2,attack_buff,0.115,0.2708,95,5,6,いいえ,ネムりん / 試作型おこしん / 剥ぐぞ！ナモミ先生 / ????? / ラパヌイ先生
3,167,em-b08b3e6f22a8,フィッシャーマン三平,17,1286,1316,2,guard,0.115,0.2708,96,4,6,いいえ,ネムりん / 試作型おこしん / フィッシャーマン三平 / ????? / ラパヌイ先生
3,168,em-e5027c0cc6fa,みかんの姐御,17,2265,1510,3,aoe_attack,0.115,0.2708,96,4,6,いいえ,ネムりん / 試作型おこしん / みかんの姐御 / ????? / ラパヌイ先生
3,169,em-8cafabee26c4,ホルトバージ君,22,5285,830,2,attack_buff,0.115,0.2708,96,4,6,いいえ,ネムりん / モチノ・ウオ丸 / ホルトバージ君 / ????? / 眠里　不可緒
3,170,em-d8af1ee7968e,ザ★女王の世界,42,1936,2006,3,attack_buff,0.115,0.2708,97,3,5,いいえ,ハリウッドナナコ師匠 / アレス暮らし / ザ★女王の世界 / ????? / ネムりん
3,171,em-080293573ea5,ダヴィアさん,19,2567,1914,2,attack_buff,0.115,0.2708,98,2,6,いいえ,ネムりん / 試作型おこしん / ダヴィアさん / ????? / ラパヌイ先生
3,172,em-96ed71805a40,白鷺日女路嬢,21,4830,1255,3,heal,0.115,0.2708,100,0,6,いいえ,ネムりん / 試作型おこしん / 白鷺日女路嬢 / ????? / ラパヌイ先生
3,173,em-ab9b2ce76191,B・O・B,37,4935,3244,3,delay,0.115,0.2708,100,0,5,いいえ,ネムりん / モチノ・ウオ丸 / B・O・B / ????? / ハリウッドナナコ師匠
3,174,em-480a0eef6d7b,ピカリャー射的ｽﾀｲﾙ,45,3786,3786,2,aoe_attack,0.115,0.2708,100,0,5,いいえ,ハリウッドナナコ師匠 / アレス暮らし / ピカリャー射的ｽﾀｲﾙ / ????? / ネムりん
3,175,em-2be7abbe40d1,大晦日！ナモミ先輩,14,300,1700,2,attack_buff,0.1115,0.2292,98,2,6,いいえ,ハリウッドナナコ師匠 / モチノ・ウオ丸 / 大晦日！ナモミ先輩 / ????? / モンさんミッシェル
3,176,em-b71282ef08a8,出番です！鴨先生！,18,1358,1356,2,guard,0.1115,0.2292,98,2,6,いいえ,ネムりん / アレス暮らし / 出番です！鴨先生！ / とんこつ神！博多美子 / ハリウッドナナコ師匠
3,177,em-acc7e76f32c6,満開☆チゥりっぷちゃん,20,563,2957,2,attribute_change,0.1115,0.2292,99,1,6,いいえ,ネムりん / 試作型おこしん / 満開☆チゥりっぷちゃん / ????? / ラパヌイ先生
3,178,em-26ea85de7340,のり男先輩,7,534,446,3,attribute_guard,0.1059,0.2917,100,0,6,いいえ,ハリウッドナナコ師匠 / モチノ・ウオ丸 / のり男先輩 / とんこつ神！博多美子 / 眠里　不可緒
3,179,em-86055d05ee01,ラムネ少女じゅんちゃん,14,2113,2113,2,heal,0.1055,0.25,94,6,6,いいえ,ネムりん / アレス暮らし / ラムネ少女じゅんちゃん / とんこつ神！博多美子 / ハリウッドナナコ師匠
3,180,em-0592fa7cc27f,クェーサルと仲間たち,18,3542,2898,3,multi_hit_attack,0.1055,0.25,97,3,6,いいえ,ネムりん / 試作型おこしん / クェーサルと仲間たち / ????? / ラパヌイ先生
3,181,em-ff5dd5331817,デメ子ちゃん,18,1704,3067,2,attribute_change,0.1055,0.25,97,3,6,いいえ,ネムりん / 試作型おこしん / デメ子ちゃん / ????? / ラパヌイ先生
3,182,em-fd111e204918,アルビールパイセン,19,467,2608,3,delay,0.1055,0.25,98,2,6,いいえ,ネムりん / 試作型おこしん / アルビールパイセン / ????? / ラパヌイ先生
3,183,em-3fef7ee3dc51,トゥバタハのシレーナ,60,3919,4601,3,aoe_attack,0.1055,0.25,99,1,3,いいえ,ハリウッドナナコ師匠 / 試作型おこしん / トゥバタハのシレーナ / ????? / ネムりん
3,184,em-53a13d10258e,コドモドラゴン！,10,1833,987,3,damage_reduction,0.1055,0.25,100,0,6,いいえ,ネムりん / アレス暮らし / コドモドラゴン！ / とんこつ神！博多美子 / まそお姉ちゃん
3,185,em-272a71a9c15d,キラカードなエッシュ,12,1812,1510,3,skill_reduction,0.1055,0.25,100,0,6,いいえ,ネムりん / モチノ・ウオ丸 / キラカードなエッシュ / とんこつ神！博多美子 / ハリウッドナナコ師匠
3,186,em-228697ae4ca1,かつお☆カーニバル,7,1128,1198,2,skill_reduction,0.1042,0.2708,95,5,6,いいえ,ネムりん / モチノ・ウオ丸 / かつお☆カーニバル / とんこつ神！博多美子 / ハリウッドナナコ師匠
3,187,em-916052b33162,リンゴルモア大王,7,1269,1128,3,delay,0.1042,0.2708,95,5,6,いいえ,ネムりん / モチノ・ウオ丸 / リンゴルモア大王 / とんこつ神！博多美子 / ハリウッドナナコ師匠
3,188,em-f2d052955a43,大正義・フクちゃん,7,1128,1269,2,attribute_change,0.1042,0.2708,95,5,6,いいえ,ネムりん / モチノ・ウオ丸 / 大正義・フクちゃん / とんこつ神！博多美子 / ハリウッドナナコ師匠
3,189,em-74c87c37d930,むぅむぅ,30,2839,2525,3,multi_hit_attack,0.1042,0.2708,96,4,6,いいえ,ネムりん / アレス暮らし / むぅむぅ / ????? / 眠里　不可緒
3,190,em-618de9bba906,関大先生,9,1201,1201,3,guard,0.1042,0.2708,97,3,6,いいえ,ネムりん / モチノ・ウオ丸 / 関大先生 / とんこつ神！博多美子 / ハリウッドナナコ師匠
3,191,em-a16d639a61fc,水軍衆かっさーのん,9,1128,1269,3,attack_buff,0.1042,0.2708,97,3,6,いいえ,ネムりん / モチノ・ウオ丸 / 水軍衆かっさーのん / とんこつ神！博多美子 / ハリウッドナナコ師匠
3,192,em-fcf6ec919e80,ｱﾙﾊﾟ力のお兄(父)さん,10,763,2205,3,heal,0.1042,0.2708,98,2,6,いいえ,ネムりん / モチノ・ウオ丸 / ｱﾙﾊﾟ力のお兄(父)さん / とんこつ神！博多美子 / ハリウッドナナコ師匠
3,193,em-eb9cb098a2c1,加留多ヘナ造,18,2898,2737,2,damage_reduction,0.1042,0.2708,98,2,6,いいえ,ネムりん / アレス暮らし / 加留多ヘナ造 / とんこつ神！博多美子 / ハリウッドナナコ師匠
3,194,em-b78d9042e361,サルパちゃん,28,4362,3748,2,multi_hit_attack,0.1042,0.2708,98,2,6,いいえ,ネムりん / モチノ・ウオ丸 / サルパちゃん / ＢＥＷ雪玉 / 鎌倉式ＤＢ２涅槃型改
3,195,em-7b76cc31326e,迷走のヴァニ江,36,4379,2505,2,damage_reduction,0.1042,0.2708,98,2,5,いいえ,ネムりん / アレス暮らし / 迷走のヴァニ江 / ????? / アグスティンさん
3,196,em-8cdef0bc7893,戸隠ちび太夫,11,150,1200,3,attack_buff,0.1042,0.2708,99,1,6,いいえ,ネムりん / モチノ・ウオ丸 / 戸隠ちび太夫 / とんこつ神！博多美子 / ハリウッドナナコ師匠
3,197,em-2449b6ff9d58,スマトラのウータン,12,2703,657,2,attribute_change,0.1042,0.2708,100,0,6,いいえ,ネムりん / モチノ・ウオ丸 / スマトラのウータン / とんこつ神！博多美子 / ハリウッドナナコ師匠
3,198,em-4b42211e8e80,ナモミさん,12,200,1200,2,attack_buff,0.1042,0.2708,100,0,6,いいえ,ネムりん / モチノ・ウオ丸 / ナモミさん / とんこつ神！博多美子 / ハリウッドナナコ師匠
3,199,em-15b63ea7b4c3,タオるんさん先輩師匠,14,1510,2180,2,attribute_guard,0.0975,0.2292,94,6,6,いいえ,ネムりん / アレス暮らし / タオるんさん先輩師匠 / とんこつ神！博多美子 / ハリウッドナナコ師匠
3,200,em-b9b869c15b9f,ルリマダラー,15,3786,378,2,attribute_guard,0.0975,0.2292,94,6,6,いいえ,ネムりん / 試作型おこしん / ルリマダラー / ????? / ラパヌイ先生
3,201,em-59a8f156dec4,クロアリ,60,4089,4089,3,multi_hit_attack,0.0975,0.2292,99,1,3,いいえ,ハリウッドナナコ師匠 / 試作型おこしん / クロアリ / ????? / ネムりん
3,202,em-aefb52be8eca,半間鮫子,52,3411,6823,2,multi_hit_attack,0.0941,0.2708,99,1,4,いいえ,ハリウッドナナコ師匠 / アレス暮らし / 半間鮫子 / トキシッくんｵｯｽｵｯｽ / 実はこんにゃくちゃん
3,203,em-0da991c52dd4,ギャリーくん,5,400,400,3,damage_reduction,0.0939,0.25,89,11,6,いいえ,ハリウッドナナコ師匠 / モチノ・ウオ丸 / ギャリーくん / ????? / モンさんミッシェル
3,204,em-615e4701fc7f,華麗！いつくしーみん,12,660,1040,2,attack_buff,0.0939,0.25,91,9,6,いいえ,ネムりん / 試作型おこしん / 華麗！いつくしーみん / ????? / ラパヌイ先生
3,205,em-c3ea022d7d2f,にゅーさん,12,500,1900,3,guard,0.0939,0.25,91,9,6,いいえ,ネムりん / 試作型おこしん / にゅーさん / ????? / ラパヌイ先生
3,206,em-bcb9b03bfeed,サンカクドナウ,13,1739,1739,3,multi_hit_attack,0.0939,0.25,92,8,6,いいえ,ネムりん / 試作型おこしん / サンカクドナウ / ????? / ラパヌイ先生
3,207,em-d05fca3e00df,ほたるん,6,700,1000,3,attribute_change,0.0939,0.25,94,6,6,いいえ,ネムりん / モチノ・ウオ丸 / ほたるん / とんこつ神！博多美子 / ハリウッドナナコ師匠
3,208,em-fd2a055eb394,コニー＆ギャリー,10,500,500,3,damage_reduction,0.0939,0.25,94,6,6,いいえ,ハリウッドナナコ師匠 / モチノ・ウオ丸 / コニー＆ギャリー / ????? / モンさんミッシェル
3,209,em-2b7450b3b8b1,トンコー先生,15,1510,1510,3,multi_hit_attack,0.0939,0.25,94,6,6,いいえ,ネムりん / 試作型おこしん / トンコー先生 / ????? / ラパヌイ先生
3,210,em-4d4bf14cc827,いはと先輩,15,1000,1400,3,delay,0.0939,0.25,94,6,6,いいえ,ネムりん / 試作型おこしん / いはと先輩 / ????? / ラパヌイ先生
3,211,em-c358a9d61a43,PiぐPeんとBiぐBeん,15,1208,1510,2,attack_buff,0.0939,0.25,94,6,6,いいえ,ネムりん / 試作型おこしん / PiぐPeんとBiぐBeん / ????? / ラパヌイ先生
3,212,em-db2c3576c544,すわ子☆神,15,1100,1400,3,multi_hit_attack,0.0939,0.25,94,6,6,いいえ,ネムりん / 試作型おこしん / すわ子☆神 / ????? / ラパヌイ先生
3,213,em-e931902358ae,弘法大師Ｑ改,15,1359,1963,3,skill_reduction,0.0939,0.25,94,6,6,いいえ,ネムりん / 試作型おこしん / 弘法大師Ｑ改 / ????? / ラパヌイ先生
3,214,em-f14c0a7296cf,コーベリアル伯爵,7,500,480,2,attribute_guard,0.0939,0.25,95,5,6,いいえ,ネムりん / モチノ・ウオ丸 / コーベリアル伯爵 / とんこつ神！博多美子 / ハリウッドナナコ師匠
3,215,em-c816189f2294,ブッダがやって来る！,17,1510,1510,2,delay,0.0939,0.25,96,4,6,いいえ,ネムりん / 試作型おこしん / ブッダがやって来る！ / ????? / ラパヌイ先生
3,216,em-f5c067498bab,深窓のやまなしーヌ,17,1661,1812,3,skill_reduction,0.0939,0.25,96,4,6,いいえ,ネムりん / 試作型おこしん / 深窓のやまなしーヌ / ????? / ラパヌイ先生
3,217,em-5c824e4dff20,ほたるんるん,9,1000,1500,3,attribute_change,0.0939,0.25,97,3,6,いいえ,ネムりん / モチノ・ウオ丸 / ほたるんるん / とんこつ神！博多美子 / ハリウッドナナコ師匠
3,218,em-bff3cff5162a,トキシッくんｵｯｽｵｯｽ,9,2253,1267,3,revive,0.0939,0.25,97,3,6,いいえ,ネムりん / モチノ・ウオ丸 / トキシッくんｵｯｽｵｯｽ / とんこつ神！博多美子 / ハリウッドナナコ師匠
3,219,em-5275d879d803,ｻｲｯｺくたにん,12,800,1000,2,attribute_change,0.0939,0.25,100,0,6,いいえ,ネムりん / モチノ・ウオ丸 / ｻｲｯｺくたにん / とんこつ神！博多美子 / ハリウッドナナコ師匠
3,220,em-737815742386,タオるんさん先輩,12,800,1000,3,attribute_guard,0.0939,0.25,100,0,6,いいえ,ネムりん / モチノ・ウオ丸 / タオるんさん先輩 / とんこつ神！博多美子 / ハリウッドナナコ師匠
3,221,em-c33cc8cd4298,ほたるんるんるん,12,1100,1600,2,attribute_change,0.0939,0.25,100,0,6,いいえ,ネムりん / モチノ・ウオ丸 / ほたるんるんるん / とんこつ神！博多美子 / ハリウッドナナコ師匠
3,222,em-58dbb7bc9653,六点魔王ノッブ,58,3408,5964,3,multi_hit_attack,0.0939,0.25,100,0,4,いいえ,ハリウッドナナコ師匠 / 総統エビユルゲ / 六点魔王ノッブ / ????? / 眠里　不可緒
3,223,em-8765daafca7a,トマティーナ中佐,40,3748,2130,2,multi_hit_attack,0.0916,0.2083,100,0,6,いいえ,ハリウッドナナコ師匠 / アレス暮らし / トマティーナ中佐 / ????? / 眠里　不可緒
3,224,em-3229594a4a2c,おあげちゃん,5,315,305,3,attack_buff,0.0849,0.2292,93,7,6,いいえ,ネムりん / モチノ・ウオ丸 / おあげちゃん / とんこつ神！博多美子 / ハリウッドナナコ師匠
3,225,em-4ea698949c11,侵略成功!?イカ翁,20,1131,1272,2,revive,0.0849,0.2292,94,6,8,いいえ,ネムりん / モチノ・ウオ丸 / 侵略成功!?イカ翁 / ????? / 眠里　不可緒
3,226,em-46432847d531,ＢＥＷ雪玉,8,2538,705,3,attack_buff,0.0849,0.2292,96,4,6,いいえ,ネムりん / モチノ・ウオ丸 / ＢＥＷ雪玉 / とんこつ神！博多美子 / ハリウッドナナコ師匠
3,227,em-050f0ee87c24,妖精雪愛さん,12,770,830,2,attribute_change,0.0849,0.2292,96,4,6,いいえ,ハリウッドナナコ師匠 / モチノ・ウオ丸 / 妖精雪愛さん / ????? / モンさんミッシェル
3,228,em-879d09afc46a,アイアン下仁田,17,907,900,2,guard,0.0849,0.2292,97,3,6,いいえ,ネムりん / アレス暮らし / アイアン下仁田 / とんこつ神！博多美子 / ハリウッドナナコ師匠
3,229,em-8f7b014ebd06,すわ子isGOD！,18,2254,2737,2,multi_hit_attack,0.0849,0.2292,97,3,6,いいえ,ネムりん / 試作型おこしん / すわ子isGOD！ / ????? / ラパヌイ先生
3,230,em-c912b76e4dda,妖怪雪愛さま,15,950,1350,2,attribute_change,0.0849,0.2292,99,1,6,いいえ,ハリウッドナナコ師匠 / モチノ・ウオ丸 / 妖怪雪愛さま / ????? / モンさんミッシェル
3,231,em-dba7b79429bc,サルパ王＆女王,60,5453,3748,2,multi_hit_attack,0.0849,0.2292,99,1,3,いいえ,ハリウッドナナコ師匠 / 試作型おこしん / サルパ王＆女王 / ????? / ネムりん
3,232,em-31758a7d7c63,ﾗｰｶﾞﾙﾌﾘｮｩﾄﾙﾑりん,47,5700,2292,3,damage_reduction,0.0849,0.2292,100,0,5,いいえ,ハリウッドナナコ師匠 / アレス暮らし / ﾗｰｶﾞﾙﾌﾘｮｩﾄﾙﾑりん / ɚすぃとあろま？ / アグスティンさん
3,233,em-88028fdebb04,オペラハウス侯爵,24,3154,3177,3,revive,0.0832,0.25,95,5,6,いいえ,ハリウッドナナコ師匠 / モチノ・ウオ丸 / オペラハウス侯爵 / ????? / 鎌倉式ＤＢ２涅槃型改
3,234,em-f13a3baa139d,伝説のビスカやん！,9,1893,1241,2,skill_reduction,0.0832,0.25,97,3,6,いいえ,ネムりん / モチノ・ウオ丸 / 伝説のビスカやん！ / とんこつ神！博多美子 / ハリウッドナナコ師匠
3,235,em-4c8a3408455b,泳ぐカネヒラさん,28,3748,3408,2,attribute_change,0.0832,0.25,98,2,6,いいえ,ネムりん / モチノ・ウオ丸 / 泳ぐカネヒラさん / ＢＥＷ雪玉 / 鎌倉式ＤＢ２涅槃型改
3,236,em-e626c795c8a8,スミス＆エズ,12,1200,400,3,attribute_guard,0.0832,0.25,100,0,6,いいえ,ハリウッドナナコ師匠 / モチノ・ウオ丸 / スミス＆エズ / とんこつ神！博多美子 / ネムりん
3,237,em-84a7ce7d3a80,ゴロウ,4,310,302,2,attack_buff,0.0775,0.2083,88,12,6,いいえ,ハリウッドナナコ師匠 / モチノ・ウオ丸 / ゴロウ / ????? / モンさんミッシェル
3,238,em-b83d457ef580,王国民ゴロウ,5,390,390,2,attack_buff,0.0775,0.2083,89,11,6,いいえ,ハリウッドナナコ師匠 / モチノ・ウオ丸 / 王国民ゴロウ / ????? / モンさんミッシェル
3,239,em-28f044d525d7,スーリヤ様が見てる,7,489,1446,3,skill_reduction,0.0775,0.2083,91,9,6,いいえ,ハリウッドナナコ師匠 / モチノ・ウオ丸 / スーリヤ様が見てる / ????? / モンさんミッシェル
3,240,em-455191024aba,偉いぞさいごー丼,15,2718,1132,3,attribute_guard,0.0775,0.2083,94,6,6,いいえ,ハリウッドナナコ師匠 / モチノ・ウオ丸 / 偉いぞさいごー丼 / みどりのたけしマン / 鎌倉式ＤＢ２涅槃型改
3,241,em-474d7b7d3bbe,イチャン～(から),26,3606,2850,2,aoe_attack,0.0775,0.2083,96,4,6,いいえ,ネムりん / モチノ・ウオ丸 / イチャン～(から) / ＢＥＷ雪玉 / 鎌倉式ＤＢ２涅槃型改
3,242,em-d6ea073b633e,鬼八先生,60,8861,2556,3,delay,0.0775,0.2083,99,1,3,いいえ,ハリウッドナナコ師匠 / 試作型おこしん / 鬼八先生 / ????? / ネムりん
3,243,em-7e127d8718a5,魔人エビユルゲ,4,410,370,3,attribute_change,0.0733,0.2292,92,8,6,いいえ,ネムりん / モチノ・ウオ丸 / 魔人エビユルゲ / とんこつ神！博多美子 / ハリウッドナナコ師匠
3,244,em-8060e6a7ab61,戸隠ちび丸,4,150,700,3,attack_buff,0.0733,0.2292,92,8,6,いいえ,ネムりん / モチノ・ウオ丸 / 戸隠ちび丸 / とんこつ神！博多美子 / ハリウッドナナコ師匠
3,245,em-11e2e69b2674,フクさん,5,400,500,3,attribute_change,0.0733,0.2292,93,7,6,いいえ,ネムりん / モチノ・ウオ丸 / フクさん / とんこつ神！博多美子 / ハリウッドナナコ師匠
3,246,em-0c1036483550,kɔにー＆gæりー,13,1128,846,2,damage_reduction,0.0733,0.2292,93,7,6,いいえ,ネムりん / アレス暮らし / kɔにー＆gæりー / とんこつ神！博多美子 / ハリウッドナナコ師匠
3,247,em-091b1c77c643,戸隠ちび蔵,6,150,950,3,attack_buff,0.0733,0.2292,94,6,6,いいえ,ネムりん / モチノ・ウオ丸 / 戸隠ちび蔵 / とんこつ神！博多美子 / ハリウッドナナコ師匠
3,248,em-ba8324a2cbef,覚醒ニート,6,354,296,2,multi_hit_attack,0.0733,0.2292,94,6,6,いいえ,ネムりん / モチノ・ウオ丸 / 覚醒ニート / とんこつ神！博多美子 / ハリウッドナナコ師匠
3,249,em-59636157ae2e,コーベンパイア天爵,45,5282,1757,2,damage_reduction,0.0733,0.2292,97,3,5,いいえ,ハリウッドナナコ師匠 / アレス暮らし / コーベンパイア天爵 / ɚすぃとあろま？ / ネムりん
3,250,em-d09d2f80d34e,トマティーナ少佐,16,3748,2130,2,multi_hit_attack,0.0733,0.2292,99,1,6,いいえ,ネムりん / アレス暮らし / トマティーナ少佐 / 降臨！天草トッキー / ハリウッドナナコ師匠
3,251,em-583f38470462,さくらエビライダー,26,2414,2414,2,attribute_change,0.0733,0.2292,99,1,6,いいえ,ネムりん / モチノ・ウオ丸 / さくらエビライダー / ????? / まそお姉ちゃん
3,252,em-4b8003f0f990,メル子さま,12,800,800,3,attack_buff,0.0733,0.2292,100,0,6,いいえ,ネムりん / モチノ・ウオ丸 / メル子さま / とんこつ神！博多美子 / ハリウッドナナコ師匠
3,253,em-cf62aeacc244,やまたのおろちん,40,2726,2726,3,multi_hit_attack,0.0733,0.2292,100,0,6,いいえ,ハリウッドナナコ師匠 / アレス暮らし / やまたのおろちん / ????? / 眠里　不可緒
3,254,em-2080ae65b62a,モヅルン,37,3771,1908,3,attribute_guard,0.0723,0.1875,90,10,5,いいえ,ネムりん / 試作型おこしん / モヅルン / ????? / 鎌倉式ＤＢ２涅槃型改
3,255,em-55828eea72b7,スーリヤ大先輩,48,5360,1951,2,aoe_attack,0.0723,0.1875,100,0,5,いいえ,ハリウッドナナコ師匠 / トマティーナ少佐 / スーリヤ大先輩 / ????? / 眠里　不可緒
3,256,em-4e3940289203,スーパー軍師兵衛ズ,60,7838,2385,3,skill_reduction,0.0703,0.1667,99,1,3,いいえ,ハリウッドナナコ師匠 / 試作型おこしん / スーパー軍師兵衛ズ / ????? / ネムりん
3,257,em-bbcbbb9fef0a,こっちの大谷,6,1000,100,3,damage_reduction,0.0648,0.2083,90,10,6,いいえ,ハリウッドナナコ師匠 / モチノ・ウオ丸 / こっちの大谷 / ????? / モンさんミッシェル
3,258,em-0b273c3da2d3,ぴぐぺん＆びぐべん,12,700,900,2,attack_buff,0.0648,0.2083,91,9,6,いいえ,ネムりん / 試作型おこしん / ぴぐぺん＆びぐべん / ????? / ラパヌイ先生
3,259,em-4c2a43ecd770,ナンマトル君,14,2115,2115,2,skill_reduction,0.0648,0.2083,93,7,6,いいえ,ネムりん / 試作型おこしん / ナンマトル君 / ????? / ラパヌイ先生
3,260,em-d46e72def2a2,いつくしーみん,8,380,840,2,attack_buff,0.0648,0.2083,96,4,6,いいえ,ネムりん / モチノ・ウオ丸 / いつくしーみん / とんこつ神！博多美子 / ハリウッドナナコ師匠
3,261,em-410cc22d32bc,アロハる☆水島神人,16,3246,1887,2,attribute_change,0.0648,0.2083,99,1,6,いいえ,ネムりん / アレス暮らし / アロハる☆水島神人 / 降臨！天草トッキー / ハリウッドナナコ師匠
3,262,em-53e02d48f02a,It’s a ちーちゃん,33,6816,149,2,multi_hit_attack,0.0648,0.2083,100,0,6,いいえ,ハリウッドナナコ師匠 / モチノ・ウオ丸 / It’s a ちーちゃん / ????? / まそお姉ちゃん
3,263,em-33e6bfd45207,みさきパイセン,22,2737,3059,3,multi_hit_attack,0.0625,0.2292,85,15,6,いいえ,ネムりん / モチノ・ウオ丸 / みさきパイセン / ????? / ハリウッドナナコ師匠
3,264,em-2f9e3ad50fc8,やまなしーヌの心,25,2415,2576,3,skill_reduction,0.0625,0.2292,88,12,6,いいえ,ネムりん / モチノ・ウオ丸 / やまなしーヌの心 / ????? / ハリウッドナナコ師匠
3,265,em-643d05a15e4e,エビユルゲ大佐,5,520,460,2,attribute_change,0.0581,0.1875,89,11,6,いいえ,ハリウッドナナコ師匠 / モチノ・ウオ丸 / エビユルゲ大佐 / ????? / モンさんミッシェル
3,266,em-b08be1a4ca3f,中央アルプスの少女,6,500,300,3,damage_reduction,0.0581,0.1875,90,10,6,いいえ,ハリウッドナナコ師匠 / モチノ・ウオ丸 / 中央アルプスの少女 / ????? / モンさんミッシェル
3,267,em-b54c325797a5,フク先生,6,600,700,3,attribute_change,0.0581,0.1875,90,10,6,いいえ,ハリウッドナナコ師匠 / モチノ・ウオ丸 / フク先生 / ????? / モンさんミッシェル
3,268,em-dac0a350706a,くたにん,6,500,600,3,attribute_change,0.0581,0.1875,90,10,6,いいえ,ハリウッドナナコ師匠 / モチノ・ウオ丸 / くたにん / ????? / モンさんミッシェル
3,269,em-e9a4c94598fc,深海人ゴロウ,6,500,480,2,attack_buff,0.0581,0.1875,90,10,6,いいえ,ハリウッドナナコ師匠 / モチノ・ウオ丸 / 深海人ゴロウ / ????? / モンさんミッシェル
3,270,em-428a2893945d,雪愛ちゃん,8,590,630,3,attribute_change,0.0581,0.1875,92,8,6,いいえ,ハリウッドナナコ師匠 / モチノ・ウオ丸 / 雪愛ちゃん / ????? / モンさんミッシェル
3,271,em-99ad2fb4f1bc,いはとくん,8,580,640,3,delay,0.0581,0.1875,92,8,6,いいえ,ハリウッドナナコ師匠 / モチノ・ウオ丸 / いはとくん / ????? / モンさんミッシェル
3,272,em-1cb67f0b7d2d,スノーな大谷,9,1100,200,2,damage_reduction,0.0581,0.1875,93,7,6,いいえ,ハリウッドナナコ師匠 / モチノ・ウオ丸 / スノーな大谷 / ????? / モンさんミッシェル
3,273,em-c6785d8f86c3,中央アルプスの犬,9,600,400,2,damage_reduction,0.0581,0.1875,93,7,6,いいえ,ハリウッドナナコ師匠 / モチノ・ウオ丸 / 中央アルプスの犬 / ????? / モンさんミッシェル
3,274,em-e718c5b250d7,彩れくたにん,9,600,700,2,attribute_change,0.0581,0.1875,93,7,6,いいえ,ハリウッドナナコ師匠 / モチノ・ウオ丸 / 彩れくたにん / ????? / モンさんミッシェル
3,275,em-492dd4b96b0e,中央アルプスの少年,12,800,600,2,damage_reduction,0.0581,0.1875,96,4,6,いいえ,ハリウッドナナコ師匠 / モチノ・ウオ丸 / 中央アルプスの少年 / ????? / モンさんミッシェル
3,276,em-be212cb2b1d8,いはとさん,12,760,840,3,delay,0.0581,0.1875,96,4,6,いいえ,ハリウッドナナコ師匠 / モチノ・ウオ丸 / いはとさん / ????? / モンさんミッシェル
3,277,em-2a6ad62952da,スホクラント先生,15,1841,904,3,damage_reduction,0.0581,0.1875,98,2,6,いいえ,ネムりん / アレス暮らし / スホクラント先生 / 降臨！天草トッキー / ハリウッドナナコ師匠
3,278,em-d5ed773d56cd,夏至祭のヴァサクサ君,18,3976,2156,2,skill_reduction,0.0581,0.1875,100,0,6,いいえ,ネムりん / アレス暮らし / 夏至祭のヴァサクサ君 / ????? / モンさんミッシェル
3,279,em-a06f040c9490,冬の加奈多パレード,80,9542,5282,2,attack_buff,0.0581,0.1875,100,0,2,いいえ,ズースくん / のり男師匠 / 冬の加奈多パレード / ズースさんとシーラさん / ほたるーニャ
3,280,em-e9a9af4ae9bc,梨豚ぴぐぺん,6,500,600,2,attack_buff,0.0537,0.1667,90,10,6,いいえ,ハリウッドナナコ師匠 / モチノ・ウオ丸 / 梨豚ぴぐぺん / ????? / モンさんミッシェル
3,281,em-554c0093231a,おあげさん,7,505,495,3,attack_buff,0.0537,0.1667,91,9,6,いいえ,ハリウッドナナコ師匠 / モチノ・ウオ丸 / おあげさん / ????? / モンさんミッシェル
3,282,em-2c819cc3029c,お稲荷さん,9,808,808,3,attack_buff,0.0537,0.1667,93,7,6,いいえ,ハリウッドナナコ師匠 / モチノ・ウオ丸 / お稲荷さん / ????? / モンさんミッシェル
3,283,em-4fddbba71de4,大熊びぐべん,9,600,700,2,attack_buff,0.0537,0.1667,93,7,6,いいえ,ハリウッドナナコ師匠 / モチノ・ウオ丸 / 大熊びぐべん / ????? / モンさんミッシェル
3,284,em-8b0ee22a5cd7,ドナドナう皮,26,1676,1664,3,guard,0.0537,0.1667,100,0,6,いいえ,ネムりん / アレス暮らし / ドナドナう皮 / みどりのたけしマン / 眠里　不可緒
3,285,em-f4980131820e,ﾊﾛｳｨﾝのヴラドさん,41,4089,1757,2,damage_reduction,0.0537,0.1667,100,0,5,いいえ,ハリウッドナナコ師匠 / アレス暮らし / ﾊﾛｳｨﾝのヴラドさん / ????? / まそお姉ちゃん
3,286,em-9999a53f68e1,牛タソ,5,500,50,3,guard,0.0532,0.2083,93,7,6,いいえ,ネムりん / モチノ・ウオ丸 / 牛タソ / とんこつ神！博多美子 / ハリウッドナナコ師匠
3,287,em-902df874fa74,でらマジカ,6,650,700,3,attribute_guard,0.0532,0.2083,94,6,6,いいえ,ネムりん / モチノ・ウオ丸 / でらマジカ / とんこつ神！博多美子 / ハリウッドナナコ師匠
3,288,em-5558b35b9413,フゥーま＆ヴォたん,14,800,800,3,guard,0.0532,0.2083,94,6,6,いいえ,ネムりん / アレス暮らし / フゥーま＆ヴォたん / とんこつ神！博多美子 / ハリウッドナナコ師匠
3,289,em-d67f8f409078,芋神よしあき,31,4130,2753,2,multi_hit_attack,0.0532,0.2083,97,3,6,いいえ,ネムりん / アレス暮らし / 芋神よしあき / ????? / 眠里　不可緒
3,290,em-5c4a86842734,芹沢殿,10,703,698,3,guard,0.0532,0.2083,98,2,6,いいえ,ネムりん / モチノ・ウオ丸 / 芹沢殿 / とんこつ神！博多美子 / ハリウッドナナコ師匠
3,291,em-3776e81d3ee0,ヒポポタリーナ,23,3237,2862,3,multi_hit_attack,0.0453,0.1875,86,14,6,いいえ,ネムりん / モチノ・ウオ丸 / ヒポポタリーナ / ????? / ハリウッドナナコ師匠
3,292,em-20df4bd7efaf,白鷺嬢,8,800,420,3,heal,0.0453,0.1875,96,4,6,いいえ,ネムりん / モチノ・ウオ丸 / 白鷺嬢 / とんこつ神！博多美子 / ハリウッドナナコ師匠
3,293,em-874769710492,さふらんらん,8,1734,888,3,skill_reduction,0.0453,0.1875,96,4,6,いいえ,ネムりん / モチノ・ウオ丸 / さふらんらん / とんこつ神！博多美子 / ハリウッドナナコ師匠
3,294,em-d80a2b82ab9f,ブーナッドちゃん,8,1200,200,3,heal,0.0453,0.1875,96,4,6,いいえ,ネムりん / モチノ・ウオ丸 / ブーナッドちゃん / とんこつ神！博多美子 / ハリウッドナナコ師匠
3,295,em-1dbd8ae5b939,国宝！白鷺嬢,12,1200,500,3,heal,0.0453,0.1875,100,0,6,いいえ,ネムりん / モチノ・ウオ丸 / 国宝！白鷺嬢 / とんこつ神！博多美子 / ハリウッドナナコ師匠
3,296,em-433922ef3e4e,夏至祭のぺた也君,53,7266,2153,2,skill_reduction,0.0453,0.1875,100,0,5,いいえ,ハリウッドナナコ師匠 / アレス暮らし / 夏至祭のぺた也君 / トキシッくんｵｯｽｵｯｽ / 実はこんにゃくちゃん
3,297,em-794f6427298a,さいごー丼,8,830,476,3,attribute_guard,0.0424,0.2083,99,1,6,いいえ,ネムりん / アレス暮らし / さいごー丼 / とんこつ神！博多美子 / 眠里　不可緒
3,298,em-fe5ed60fbf2d,強いぞさいごー丼,9,930,574,3,attribute_guard,0.0424,0.2083,100,0,6,いいえ,ネムりん / アレス暮らし / 強いぞさいごー丼 / とんこつ神！博多美子 / 眠里　不可緒
3,299,em-d0ab149939aa,製鉄所★澤先輩,24,5313,1771,3,skill_reduction,0.0392,0.1667,87,13,6,いいえ,ネムりん / モチノ・ウオ丸 / 製鉄所★澤先輩 / ????? / ハリウッドナナコ師匠
3,300,em-7c5fdd7af70d,覚醒むりょく,6,198,89,3,multi_hit_attack,0.0392,0.1667,90,10,6,いいえ,ハリウッドナナコ師匠 / モチノ・ウオ丸 / 覚醒むりょく / ????? / モンさんミッシェル
3,301,em-a94a52532d71,あまのちゃん先輩,20,1200,500,3,multi_hit_attack,0.0392,0.1667,91,9,6,いいえ,ハリウッドナナコ師匠 / モチノ・ウオ丸 / あまのちゃん先輩 / ????? / 鎌倉式ＤＢ２涅槃型改
3,302,em-804bc17d075c,雪壁の大谷,11,1500,300,2,damage_reduction,0.0392,0.1667,95,5,6,いいえ,ハリウッドナナコ師匠 / モチノ・ウオ丸 / 雪壁の大谷 / ????? / モンさんミッシェル
3,303,em-377a00f7a666,のり男,4,334,278,3,attribute_guard,0.0392,0.1667,96,4,6,いいえ,ハリウッドナナコ師匠 / モチノ・ウオ丸 / のり男 / みどりのたけしマン / モンさんミッシェル
3,304,em-357d76cd5b69,のり男さん,5,424,356,3,attribute_guard,0.0392,0.1667,97,3,6,いいえ,ハリウッドナナコ師匠 / モチノ・ウオ丸 / のり男さん / みどりのたけしマン / モンさんミッシェル
3,305,em-10adad665687,コマンドー下仁田,13,597,614,3,guard,0.0392,0.1667,97,3,6,いいえ,ハリウッドナナコ師匠 / モチノ・ウオ丸 / コマンドー下仁田 / ????? / モンさんミッシェル
3,306,em-c545b5a51997,トリニダの怪人,13,4077,1057,2,skill_reduction,0.0392,0.1667,97,3,6,いいえ,ハリウッドナナコ師匠 / モチノ・ウオ丸 / トリニダの怪人 / ????? / モンさんミッシェル
3,307,em-1fcf0af60c7a,老舗の牛タソ,14,1000,150,3,guard,0.0392,0.1667,98,2,6,いいえ,ハリウッドナナコ師匠 / モチノ・ウオ丸 / 老舗の牛タソ / ????? / モンさんミッシェル
3,308,em-90f39743f105,伝説の牛タソ,19,2269,302,3,guard,0.0392,0.1667,98,2,6,いいえ,ハリウッドナナコ師匠 / モチノ・ウオ丸 / 伝説の牛タソ / みどりのたけしマン / 鎌倉式ＤＢ２涅槃型改
3,309,em-258850fee1ca,時計塔の魔女娘,30,5523,1614,2,skill_reduction,0.0392,0.1667,98,2,6,いいえ,ハリウッドナナコ師匠 / モチノ・ウオ丸 / 時計塔の魔女娘 / ????? / 眠里　不可緒
3,310,em-ed707603ab87,荒ぶる水島神人,15,1200,600,3,guard,0.0392,0.1667,99,1,6,いいえ,ハリウッドナナコ師匠 / モチノ・ウオ丸 / 荒ぶる水島神人 / ????? / モンさんミッシェル
3,311,em-fea44f2a7dd8,だが男だ彦にゃん,15,2793,1132,3,skill_reduction,0.0392,0.1667,99,1,6,いいえ,ハリウッドナナコ師匠 / モチノ・ウオ丸 / だが男だ彦にゃん / ????? / モンさんミッシェル
3,312,em-42e9353377ee,吉野スライム♂,40,5078,2078,3,skill_reduction,0.0392,0.1667,100,0,5,いいえ,ハリウッドナナコ師匠 / アレス暮らし / 吉野スライム♂ / ????? / 眠里　不可緒
3,313,em-cfe553ea56a6,あまのちゃんパイセン,22,3220,805,3,multi_hit_attack,0.0262,0.1667,85,15,6,いいえ,ネムりん / モチノ・ウオ丸 / あまのちゃんパイセン / ????? / ハリウッドナナコ師匠
3,314,em-1eb8ca42b88a,日南のモア蔵,14,3534,424,3,guard,0.0262,0.1667,93,7,6,いいえ,ハリウッドナナコ師匠 / モチノ・ウオ丸 / 日南のモア蔵 / みどりのたけしマン / 鎌倉式ＤＢ２涅槃型改
3,315,em-1acdee18dc58,生きろ！モア蔵,7,1540,240,3,guard,0.0262,0.1667,95,5,6,いいえ,ネムりん / モチノ・ウオ丸 / 生きろ！モア蔵 / とんこつ神！博多美子 / ハリウッドナナコ師匠
3,316,em-e63df2359896,世界遺産な白鷺嬢,15,2100,600,3,heal,0.0262,0.1667,95,5,6,いいえ,ネムりん / アレス暮らし / 世界遺産な白鷺嬢 / とんこつ神！博多美子 / ハリウッドナナコ師匠
3,317,em-69c457dd7e6a,スミθ＆エð,13,3020,755,2,attribute_guard,0.0262,0.1667,96,4,6,いいえ,ネムりん / アレス暮らし / スミθ＆エð / 降臨！天草トッキー / ハリウッドナナコ師匠
3,318,em-a91eca479689,嗚呼ヴァサクサ君,10,1880,374,2,skill_reduction,0.0262,0.1667,98,2,6,いいえ,ネムりん / モチノ・ウオ丸 / 嗚呼ヴァサクサ君 / とんこつ神！博多美子 / ハリウッドナナコ師匠
3,319,em-ec43e91715ed,大谷雪之ちゃん,13,3171,604,2,damage_reduction,0.0262,0.1667,98,2,6,いいえ,ネムりん / モチノ・ウオ丸 / 大谷雪之ちゃん / みどりのたけしマン / 鎌倉式ＤＢ２涅槃型改
3,320,em-d9e193a7c929,斑鳩の太子くん,36,4260,2896,2,heal,0.0262,0.1667,99,1,5,いいえ,ネムりん / モチノ・ウオ丸 / 斑鳩の太子くん / ????? / ハリウッドナナコ師匠
3,321,em-8646cdffe6eb,ブーナッドさん,12,1700,300,3,heal,0.0262,0.1667,100,0,6,いいえ,ネムりん / モチノ・ウオ丸 / ブーナッドさん / とんこつ神！博多美子 / ハリウッドナナコ師匠
3,322,em-7f18b9c64c74,家族贖罪という字面,40,5964,1704,3,damage_reduction,0.0212,0.1042,98,2,5,いいえ,ネムりん / 試作型おこしん / 家族贖罪という字面 / みどりのたけしマン / 眠里　不可緒
3,323,em-e900d5955acf,凄いぞさいごー丼,13,1050,650,3,attribute_guard,0.021,0.1458,98,2,6,いいえ,ネムりん / モチノ・ウオ丸 / 凄いぞさいごー丼 / みどりのたけしマン / 鎌倉式ＤＢ２涅槃型改
3,324,em-0277eca3d9cf,ゆる神の像＆ピヨか？,60,426,511,3,guard,0.021,0.1458,99,1,3,いいえ,ハリウッドナナコ師匠 / 試作型おこしん / ゆる神の像＆ピヨか？ / ????? / ネムりん
3,325,em-6ead69ef1b01,精霊ブーナッド,16,4025,805,2,heal,0.021,0.1458,100,0,6,いいえ,ハリウッドナナコ師匠 / モチノ・ウオ丸 / 精霊ブーナッド / ????? / モンさんミッシェル
3,326,em-29a5da4c1e2f,有棘画工,20,4025,805,3,multi_hit_attack,0.021,0.1458,100,0,6,いいえ,ネムりん / アレス暮らし / 有棘画工 / とんこつ神！博多美子 / ハリウッドナナコ師匠
3,327,em-2f36c9341591,☆龍神☆尊氏様,85,9372,5623,2,multi_hit_attack,0.0187,0.125,100,0,2,いいえ,シーラちゃん / フィッシャーマン / ☆龍神☆尊氏様 / ズースくん / ほたるーニャ
3,328,em-98054d952da8,ニート達の日常。,21,2968,296,3,delay,0.0078,0.1458,84,16,6,いいえ,ネムりん / モチノ・ウオ丸 / ニート達の日常。 / ????? / ハリウッドナナコ師匠
3,329,em-30e2f325f3af,尾索戦隊ｻﾙﾊﾟﾝｼﾞｬｰ,28,4907,1022,2,multi_hit_attack,0.0078,0.1458,98,2,6,いいえ,ネムりん / モチノ・ウオ丸 / 尾索戦隊ｻﾙﾊﾟﾝｼﾞｬｰ / ＢＥＷ雪玉 / 鎌倉式ＤＢ２涅槃型改
3,330,em-af9542637cdd,群れを成すサルパ,28,5453,756,2,multi_hit_attack,0.0078,0.1458,98,2,6,いいえ,ネムりん / モチノ・ウオ丸 / 群れを成すサルパ / ＢＥＷ雪玉 / 鎌倉式ＤＢ２涅槃型改
3,331,em-c88f65fb7899,グラディ瑛太,16,4653,423,3,delay,0.0078,0.1458,99,1,6,いいえ,ネムりん / モチノ・ウオ丸 / グラディ瑛太 / ＢＥＷ雪玉 / モンさんミッシェル
3,332,em-86b9ae60356a,ブーナッドさま,14,2100,400,2,heal,0.0034,0.125,94,6,6,いいえ,ネムりん / アレス暮らし / ブーナッドさま / とんこつ神！博多美子 / ハリウッドナナコ師匠
3,333,em-3488d6542112,クロゴキ,65,6134,2113,2,multi_hit_attack,0,0.0625,99,1,4,いいえ,ネムりん / 欣喜ぴよ子 / クロゴキ / ＢＥＷ雪玉 / ハリウッドナナコ師匠
3,334,em-6eed78e1fe62,リア充の権化安倍晴明,100,6782,6271,3,heal,0,0,101,0,0,いいえ,
3,335,em-a85045965911,まさか殿(マジ),100,7463,6628,3,attack_buff,0,0,101,0,0,いいえ,
3,336,em-f33de53ee597,遊無給(ニート)な小町,100,7327,5623,3,attack_buff,0,0,101,0,0,いいえ,
4,1,em-aae1801458f8,ɚすぃとあろま？,12,3748,681,3,guard,0.3655,0.5417,97,3,6,いいえ,????? / モチノ・ウオ丸 / ホルトバージ君 / ɚすぃとあろま？ / 眠里　不可緒
4,2,em-dce9e83b7c07,長靴履いたなろう猫,42,3786,2726,3,attribute_change,0.2882,0.4792,100,0,5,いいえ,ネムりん / アレス暮らし / 試作型おこしん / 長靴履いたなろう猫 / まそお姉ちゃん
4,3,em-ef6acbb9fe3a,ﾌｫﾆｰ・ぴよ・ｶﾞｰﾙｽﾞY,25,3703,1771,4,attribute_change,0.2726,0.4583,99,1,6,いいえ,????? / モチノ・ウオ丸 / ホルトバージ君 / ﾌｫﾆｰ・ぴよ・ｶﾞｰﾙｽﾞY / ハリウッドナナコ師匠
4,4,em-4805525cb8a4,ｴﾝｾﾞﾘｯｸ☆エンゼル,60,6816,4771,3,heal,0.2634,0.4583,99,1,5,いいえ,ネムりん / 試作型おこしん / ????? / ｴﾝｾﾞﾘｯｸ☆エンゼル / ハリウッドナナコ師匠
4,5,em-29a5da4c1e2f,有棘画工,20,4025,805,3,multi_hit_attack,0.2575,0.4375,94,6,6,いいえ,????? / モチノ・ウオ丸 / ホルトバージ君 / 有棘画工 / ハリウッドナナコ師匠
4,6,em-bc840d35c547,ジ・あるじや,20,4025,1610,4,skill_reduction,0.2575,0.4375,94,6,6,いいえ,????? / モチノ・ウオ丸 / ホルトバージ君 / ジ・あるじや / ハリウッドナナコ師匠
4,7,em-cfe553ea56a6,あまのちゃんパイセン,22,3220,805,3,multi_hit_attack,0.2575,0.4375,96,4,6,いいえ,????? / モチノ・ウオ丸 / ホルトバージ君 / あまのちゃんパイセン / ハリウッドナナコ師匠
4,8,em-d0ab149939aa,製鉄所★澤先輩,24,5313,1771,3,skill_reduction,0.2575,0.4375,98,2,6,いいえ,????? / モチノ・ウオ丸 / ホルトバージ君 / 製鉄所★澤先輩 / ハリウッドナナコ師匠
4,9,em-f13588602944,生イカのアーニー,15,3220,1610,4,attack_buff,0.2575,0.4375,100,0,6,いいえ,????? / モチノ・ウオ丸 / ホルトバージ君 / 生イカのアーニー / 眠里　不可緒
4,10,em-c88f65fb7899,グラディ瑛太,16,4653,423,3,delay,0.2333,0.4167,90,10,6,いいえ,????? / モチノ・ウオ丸 / ホルトバージ君 / グラディ瑛太 / ハリウッドナナコ師匠
4,11,em-7a8534cb5af6,クレリゴス子様,41,6731,2951,3,guard,0.2333,0.4167,100,0,5,いいえ,ハリウッドナナコ師匠 / アレス暮らし / ????? / クレリゴス子様 / まそお姉ちゃん
4,12,em-bbda291d459c,漆黒及び純白のポワン,20,1704,2896,3,guard,0.2275,0.375,95,5,6,いいえ,ネムりん / アレス暮らし / 試作型おこしん / 漆黒及び純白のポワン / モンさんミッシェル
4,13,em-98054d952da8,ニート達の日常。,21,2968,296,3,delay,0.2191,0.3958,95,5,6,いいえ,????? / モチノ・ウオ丸 / ホルトバージ君 / ニート達の日常。 / ハリウッドナナコ師匠
4,14,em-904dc3a6cb19,ɚすぃとLulu？,24,4260,2726,3,guard,0.2162,0.375,99,1,6,いいえ,ネムりん / アレス暮らし / 試作型おこしん / ɚすぃとLulu？ / モンさんミッシェル
4,15,em-4533a7697d48,謀反人ミッツ,60,6645,4430,3,damage_reduction,0.2162,0.375,100,0,5,いいえ,ネムりん / トマティーナ少佐 / 試作型おこしん / 謀反人ミッツ / ハリウッドナナコ師匠
4,16,em-33880cee5e60,三貴子ツクヨミ,75,10735,4686,3,damage_reduction,0.2095,0.3958,100,0,3,いいえ,青玉の供犠ぴよ子 / 総統エビユルゲ / 試作型おこしん / 三貴子ツクヨミ / ハリウッドナナコ師匠
4,17,em-82e855b7910f,栗林掬太郎,33,5453,2385,4,heal,0.2056,0.375,99,1,6,いいえ,ネムりん / アレス暮らし / ????? / 栗林掬太郎 / 眠里　不可緒
4,18,em-f7f78d464e92,ウミウサーヌ,60,3408,4601,3,guard,0.2056,0.375,99,1,5,いいえ,ハリウッドナナコ師匠 / 試作型おこしん / ????? / ウミウサーヌ / ネムりん
4,19,em-6c2ea8631e0d,深海美少年モヅルン,37,5964,2385,3,attribute_guard,0.2056,0.375,100,0,5,いいえ,ネムりん / モチノ・ウオ丸 / ????? / 深海美少年モヅルン / ハリウッドナナコ師匠
4,20,em-f9383e2e4919,ユハンヌスのサウナー,42,5231,3067,3,damage_reduction,0.2056,0.375,100,0,5,いいえ,ネムりん / アレス暮らし / 試作型おこしん / ユハンヌスのサウナー / まそお姉ちゃん
4,21,em-d5ea84224259,ﾌﾗﾝﾀﾞｰｽのわんわんお,38,5538,3190,3,guard,0.1861,0.375,98,2,5,いいえ,ハリウッドナナコ師匠 / アレス暮らし / ????? / ﾌﾗﾝﾀﾞｰｽのわんわんお / 眠里　不可緒
4,22,em-ad82a61bcc2a,ｺﾄﾖﾛ!巳ーちゃん様,55,6901,3451,4,damage_reduction,0.1831,0.3125,100,0,5,いいえ,ネムりん / 欣喜ぴよ子 / 試作型おこしん / ｺﾄﾖﾛ!巳ーちゃん様 / 眠里　不可緒
4,23,em-f35caa7e177a,モンポスさん,40,5112,2556,4,damage_reduction,0.181,0.3333,100,0,5,いいえ,ネムりん / モチノ・ウオ丸 / 試作型おこしん / モンポスさん / 実はこんにゃくちゃん
4,24,em-5f311c45014a,パーントゥ大先生,37,2409,4819,3,attack_buff,0.1703,0.3125,97,3,5,いいえ,ネムりん / モチノ・ウオ丸 / 試作型おこしん / パーントゥ大先生 / 実はこんにゃくちゃん
4,25,em-64fa899f397f,ダル飯☆杏,44,5896,3340,4,guard,0.17,0.3333,100,0,5,いいえ,ネムりん / モチノ・ウオ丸 / 試作型おこしん / ダル飯☆杏 / ハリウッドナナコ師匠
4,26,em-d7e6501e0b63,ダークるる,60,4771,4771,3,damage_reduction,0.1632,0.3542,99,1,5,いいえ,ネムりん / 試作型おこしん / ????? / ダークるる / ハリウッドナナコ師匠
4,27,em-bd98030ead3e,首領子襲来!!,33,5680,3786,4,heal,0.1499,0.3333,99,1,6,いいえ,ネムりん / アレス暮らし / ????? / 首領子襲来!! / 眠里　不可緒
4,28,em-40c34074cbb0,おかいこさま,17,2756,2511,4,attribute_change,0.1499,0.3333,100,0,6,いいえ,ネムりん / モチノ・ウオ丸 / 試作型おこしん / おかいこさま / モンさんミッシェル
4,29,em-2080ae65b62a,モヅルン,37,3771,1908,3,attribute_guard,0.1482,0.2917,97,3,5,いいえ,ネムりん / モチノ・ウオ丸 / 試作型おこしん / モヅルン / 実はこんにゃくちゃん
4,30,em-54cb13a72721,不思議の海のモヅルン,60,6475,4941,3,attribute_guard,0.1482,0.2917,100,0,5,いいえ,ネムりん / トマティーナ少佐 / 試作型おこしん / 不思議の海のモヅルン / ハリウッドナナコ師匠
4,31,em-68afa2dec462,みどりのたけしマン,23,2592,2432,3,damage_reduction,0.1476,0.3125,98,2,6,いいえ,ハリウッドナナコ師匠 / モチノ・ウオ丸 / ホルトバージ君 / みどりのたけしマン / 眠里　不可緒
4,32,em-59ac9769ef60,神犬八房伏姫様,24,4093,1223,4,guard,0.1476,0.3125,99,1,6,いいえ,ハリウッドナナコ師匠 / モチノ・ウオ丸 / ホルトバージ君 / 神犬八房伏姫様 / 眠里　不可緒
4,33,em-4819d53ddb48,ブハラ師匠,39,5708,3237,3,heal,0.1476,0.3125,99,1,6,いいえ,ネムりん / モチノ・ウオ丸 / 試作型おこしん / ブハラ師匠 / 実はこんにゃくちゃん
4,34,em-b041a6f6cf00,テヅルモヅルン,37,5367,2147,3,attribute_guard,0.1476,0.3125,100,0,5,いいえ,ネムりん / モチノ・ウオ丸 / ????? / テヅルモヅルン / ハリウッドナナコ師匠
4,35,em-c87499b64151,ラパヌイ先生,45,6441,3067,4,guard,0.1476,0.3125,100,0,5,いいえ,ネムりん / アレス暮らし / 試作型おこしん / ラパヌイ先生 / アグスティンさん
4,36,em-1d6b42059506,レーティッシュ凛子,35,5623,3229,3,attack_buff,0.1407,0.3333,98,2,6,いいえ,ハリウッドナナコ師匠 / モチノ・ウオ丸 / ????? / レーティッシュ凛子 / ネムりん
4,37,em-6cbfcc23cd10,発光大王ほたるーニャ,9,1057,1198,3,attribute_change,0.1374,0.3125,89,11,6,いいえ,ネムりん / モチノ・ウオ丸 / ホルトバージ君 / 発光大王ほたるーニャ / まそお姉ちゃん
4,38,em-96a3648b46e2,チョコ染めの安井さん,32,3646,4089,3,guard,0.1374,0.3125,98,2,6,いいえ,ネムりん / アレス暮らし / ????? / チョコ染めの安井さん / 眠里　不可緒
4,39,em-9b97e564ea43,ユールシスター☆ノエルん,43,5523,4112,3,multi_hit_attack,0.1374,0.3125,98,2,5,いいえ,ネムりん / アレス暮らし / ????? / ユールシスター☆ノエルん / ハリウッドナナコ師匠
4,40,em-59fa5fa098ba,繭神！おかいこさま,32,5027,1704,3,attribute_change,0.1374,0.3125,99,1,6,いいえ,ネムりん / モチノ・ウオ丸 / 試作型おこしん / 繭神！おかいこさま / 眠里　不可緒
4,41,em-83c97b8f4e6e,アルルのキャミー,40,4001,6236,4,heal,0.1374,0.3125,100,0,6,いいえ,ネムりん / モチノ・ウオ丸 / 試作型おこしん / アルルのキャミー / 実はこんにゃくちゃん
4,42,em-b17b3174de7d,ネギtheフィクサー,45,2405,5135,3,damage_reduction,0.1374,0.3125,100,0,5,いいえ,ネムりん / アレス暮らし / 試作型おこしん / ネギtheフィクサー / アグスティンさん
4,43,em-75c1af17d152,浴衣美人な日女路嬢,38,5623,3748,3,heal,0.1365,0.2917,98,2,5,いいえ,ネムりん / モチノ・ウオ丸 / 試作型おこしん / 浴衣美人な日女路嬢 / 実はこんにゃくちゃん
4,44,em-419c23e0ec81,新生☆ＢＴ５!!,35,3287,3615,3,damage_reduction,0.1277,0.3125,100,0,5,いいえ,ネムりん / アレス暮らし / ????? / 新生☆ＢＴ５!! / まそお姉ちゃん
4,45,em-ffdcaffc4a41,雑煮入り☆うるっしー,36,3443,3443,4,guard,0.1266,0.2708,98,2,5,いいえ,ネムりん / アレス暮らし / 試作型おこしん / 雑煮入り☆うるっしー / 鎌倉式ＤＢ２涅槃型改
4,46,em-d368809aa822,ﾜﾙﾌﾟﾙｷﾞｽなメル子様,39,6560,3152,3,attribute_guard,0.1266,0.2708,99,1,6,いいえ,ネムりん / モチノ・ウオ丸 / 試作型おこしん / ﾜﾙﾌﾟﾙｷﾞｽなメル子様 / 実はこんにゃくちゃん
4,47,em-80894fcaa10c,とんこつ神！博多美子,40,4089,5350,3,attack_buff,0.1266,0.2708,100,0,6,いいえ,ネムりん / モチノ・ウオ丸 / 試作型おこしん / とんこつ神！博多美子 / 実はこんにゃくちゃん
4,48,em-9cbbb04818bd,シミ,20,1704,2215,4,heal,0.1257,0.2917,94,6,6,いいえ,ハリウッドナナコ師匠 / モチノ・ウオ丸 / ホルトバージ君 / シミ / まそお姉ちゃん
4,49,em-314fadaf0ea9,オシラサマ,28,4260,3322,3,heal,0.1257,0.2917,98,2,6,いいえ,ハリウッドナナコ師匠 / モチノ・ウオ丸 / ホルトバージ君 / オシラサマ / ネムりん
4,50,em-74b9082a787c,暫時バル状態,19,2938,838,4,damage_reduction,0.1257,0.2917,99,1,6,いいえ,ネムりん / モチノ・ウオ丸 / ホルトバージ君 / 暫時バル状態 / まそお姉ちゃん
4,51,em-11cceded3ad2,創造主・アヌンナキ,70,4260,5964,3,damage_reduction,0.1257,0.2917,100,0,5,いいえ,ネムりん / 総統エビユルゲ / 試作型おこしん / 創造主・アヌンナキ / ハリウッドナナコ師匠
4,52,em-46432847d531,ＢＥＷ雪玉,8,2538,705,3,attack_buff,0.1155,0.2917,97,3,6,いいえ,ネムりん / vにゅーさん / ホルトバージ君 / ＢＥＷ雪玉 / ハリウッドナナコ師匠
4,53,em-99460641a41d,奇岩妖精ペリバじゃん,40,6816,852,3,attack_buff,0.1155,0.2917,100,0,5,いいえ,ハリウッドナナコ師匠 / アレス暮らし / ????? / 奇岩妖精ペリバじゃん / 眠里　不可緒
4,54,em-fd155a3410b2,鯰坊主と子供たち,45,5793,2130,3,damage_reduction,0.1155,0.2917,100,0,5,いいえ,ハリウッドナナコ師匠 / アレス暮らし / ????? / 鯰坊主と子供たち / ネムりん
4,55,em-618de9bba906,関大先生,9,1201,1201,3,guard,0.115,0.2708,89,11,6,いいえ,ネムりん / モチノ・ウオ丸 / ホルトバージ君 / 関大先生 / まそお姉ちゃん
4,56,em-7e35b72ac7e4,琵琶子ｲﾘｭｰｼﾞｮﾝ！,13,1809,1190,3,damage_reduction,0.115,0.2708,93,7,6,いいえ,ネムりん / モチノ・ウオ丸 / ホルトバージ君 / 琵琶子ｲﾘｭｰｼﾞｮﾝ！ / まそお姉ちゃん
4,57,em-5558b35b9413,フゥーま＆ヴォたん,14,800,800,3,guard,0.115,0.2708,94,6,6,いいえ,ネムりん / モチノ・ウオ丸 / ホルトバージ君 / フゥーま＆ヴォたん / まそお姉ちゃん
4,58,em-845e49247e45,ウサポワン海人,20,1533,2607,3,guard,0.115,0.2708,94,6,6,いいえ,ハリウッドナナコ師匠 / モチノ・ウオ丸 / ホルトバージ君 / ウサポワン海人 / まそお姉ちゃん
4,59,em-96ed71805a40,白鷺日女路嬢,21,4830,1255,3,heal,0.115,0.2708,95,5,6,いいえ,ハリウッドナナコ師匠 / モチノ・ウオ丸 / ホルトバージ君 / 白鷺日女路嬢 / まそお姉ちゃん
4,60,em-bc2106c87bcd,?????,15,511,2811,3,damage_reduction,0.115,0.2708,96,4,6,いいえ,ネムりん / モチノ・ウオ丸 / ホルトバージ君 / ????? / 眠里　不可緒
4,61,em-1374a3351d4c,忍！fuま＆voたん,17,1510,1510,3,guard,0.115,0.2708,97,3,6,いいえ,ネムりん / モチノ・ウオ丸 / ホルトバージ君 / 忍！fuま＆voたん / まそお姉ちゃん
4,62,em-9bad632dc3a9,秋田世界発見伝,24,3838,845,4,guard,0.115,0.2708,99,1,6,いいえ,ハリウッドナナコ師匠 / モチノ・ウオ丸 / ホルトバージ君 / 秋田世界発見伝 / 眠里　不可緒
4,63,em-8b0ee22a5cd7,ドナドナう皮,26,1676,1664,3,guard,0.115,0.2708,99,1,6,いいえ,ネムりん / アレス暮らし / ホルトバージ君 / ドナドナう皮 / 眠里　不可緒
4,64,em-eb8dcb3ecb46,ヨーコ須賀パイセン,45,5964,3237,3,attribute_guard,0.115,0.2708,100,0,5,いいえ,ネムりん / アレス暮らし / ????? / ヨーコ須賀パイセン / ハリウッドナナコ師匠
4,65,em-93a9275d427c,肉食ドゥブロさん,32,5106,3404,3,attack_buff,0.1059,0.2917,98,2,6,いいえ,ネムりん / アレス暮らし / ????? / 肉食ドゥブロさん / 眠里　不可緒
4,66,em-3911cf0df99b,あずま京子という女,14,1687,1687,3,damage_reduction,0.1055,0.25,97,3,6,いいえ,ネムりん / モチノ・ウオ丸 / 試作型おこしん / あずま京子という女 / モンさんミッシェル
4,67,em-15545bc62fe7,幽霊烏賊図,60,3408,4260,3,revive,0.1055,0.25,99,1,5,いいえ,ネムりん / 試作型おこしん / ????? / 幽霊烏賊図 / ハリウッドナナコ師匠
4,68,em-52de8bb54262,ボビンちゃん,33,3748,4771,3,damage_reduction,0.1055,0.25,100,0,6,いいえ,ネムりん / モチノ・ウオ丸 / 試作型おこしん / ボビンちゃん / 眠里　不可緒
4,69,em-11e2e69b2674,フクさん,5,400,500,3,attribute_change,0.1042,0.2708,85,15,6,いいえ,ネムりん / モチノ・ウオ丸 / ホルトバージ君 / フクさん / まそお姉ちゃん
4,70,em-5f9efdc805e5,呼んでますトムさん,15,1269,1269,3,attribute_guard,0.1042,0.2708,85,15,6,いいえ,ネムりん / モチノ・ウオ丸 / ホルトバージ君 / 呼んでますトムさん / ハリウッドナナコ師匠
4,71,em-b54c325797a5,フク先生,6,600,700,3,attribute_change,0.1042,0.2708,86,14,6,いいえ,ネムりん / モチノ・ウオ丸 / ホルトバージ君 / フク先生 / まそお姉ちゃん
4,72,em-dac0a350706a,くたにん,6,500,600,3,attribute_change,0.1042,0.2708,86,14,6,いいえ,ネムりん / モチノ・ウオ丸 / ホルトバージ君 / くたにん / まそお姉ちゃん
4,73,em-bff3cff5162a,トキシッくんｵｯｽｵｯｽ,9,2253,1267,3,revive,0.1042,0.2708,89,11,6,いいえ,ネムりん / モチノ・ウオ丸 / ホルトバージ君 / トキシッくんｵｯｽｵｯｽ / まそお姉ちゃん
4,74,em-2a6ad62952da,スホクラント先生,15,1841,904,3,damage_reduction,0.1042,0.2708,96,4,6,いいえ,ネムりん / モチノ・ウオ丸 / ホルトバージ君 / スホクラント先生 / 眠里　不可緒
4,75,em-455191024aba,偉いぞさいごー丼,15,2718,1132,3,attribute_guard,0.1042,0.2708,96,4,6,いいえ,ネムりん / モチノ・ウオ丸 / ホルトバージ君 / 偉いぞさいごー丼 / 眠里　不可緒
4,76,em-4efe36123302,輝け☆椛マン！,35,4260,3408,3,heal,0.1042,0.2708,97,3,5,いいえ,ハリウッドナナコ師匠 / アレス暮らし / ホルトバージ君 / 輝け☆椛マン！ / ネムりん
4,77,em-06a82dd4f95a,やまとーる海将,18,2567,1208,4,damage_reduction,0.1042,0.2708,98,2,6,いいえ,ネムりん / モチノ・ウオ丸 / ホルトバージ君 / やまとーる海将 / まそお姉ちゃん
4,78,em-88028fdebb04,オペラハウス侯爵,24,3154,3177,3,revive,0.1042,0.2708,98,2,6,いいえ,ハリウッドナナコ師匠 / モチノ・ウオ丸 / ホルトバージ君 / オペラハウス侯爵 / まそお姉ちゃん
4,79,em-558066e14c81,ダブル・ブロッコリー,33,2595,2436,3,damage_reduction,0.1042,0.2708,100,0,6,いいえ,ハリウッドナナコ師匠 / アレス暮らし / ホルトバージ君 / ダブル・ブロッコリー / 眠里　不可緒
4,80,em-5d34df1253d1,氷点下のレーカさん,40,2044,2556,3,revive,0.1042,0.2708,100,0,6,いいえ,ハリウッドナナコ師匠 / アレス暮らし / ホルトバージ君 / 氷点下のレーカさん / 実はこんにゃくちゃん
4,81,em-0dca19ae5992,降臨！天草トッキー,43,4260,5964,4,attack_buff,0.1042,0.2708,100,0,5,いいえ,ネムりん / トマティーナ少佐 / ????? / 降臨！天草トッキー / まそお姉ちゃん
4,82,em-3b878e796aba,なまず仙人,35,4941,1618,4,damage_reduction,0.0975,0.2292,95,5,5,いいえ,ネムりん / モチノ・ウオ丸 / 試作型おこしん / なまず仙人 / 実はこんにゃくちゃん
4,83,em-afce812f791d,めい子のMAY DAY,35,4123,4226,4,attribute_guard,0.0975,0.2292,95,5,5,いいえ,ネムりん / モチノ・ウオ丸 / 試作型おこしん / めい子のMAY DAY / 実はこんにゃくちゃん
4,84,em-6145c94ca696,ｽﾌﾟﾗ♡な琵琶子たん,13,1213,1190,3,damage_reduction,0.0975,0.2292,96,4,6,いいえ,ネムりん / モチノ・ウオ丸 / 試作型おこしん / ｽﾌﾟﾗ♡な琵琶子たん / モンさんミッシェル
4,85,em-90c9b7a939a7,九十九里流,37,2982,5112,4,attack_buff,0.0975,0.2292,97,3,5,いいえ,ネムりん / モチノ・ウオ丸 / 試作型おこしん / 九十九里流 / 実はこんにゃくちゃん
4,86,em-48fc0bb31337,踊る☆なまずおじさん,60,5793,2130,3,damage_reduction,0.0975,0.2292,100,0,5,いいえ,ネムりん / トマティーナ少佐 / 試作型おこしん / 踊る☆なまずおじさん / ハリウッドナナコ師匠
4,87,em-d603cde2467a,ほたるーニャん,5,450,650,4,attribute_change,0.0941,0.2708,75,25,6,いいえ,ネムりん / モチノ・ウオ丸 / ホルトバージ君 / ほたるーニャん / ハリウッドナナコ師匠
4,88,em-33289e43e28b,ほたるーニャん☆ミ,7,650,700,4,attribute_change,0.0941,0.2708,77,23,6,いいえ,ネムりん / モチノ・ウオ丸 / ホルトバージ君 / ほたるーニャん☆ミ / ハリウッドナナコ師匠
4,89,em-5d62afcf01d5,転がる！けねず君,37,3408,2044,4,damage_reduction,0.0941,0.2708,99,1,5,いいえ,ハリウッドナナコ師匠 / アレス暮らし / ホルトバージ君 / 転がる！けねず君 / ネムりん
4,90,em-337e85c2cd90,ユーコ☆スターダスト,60,6053,4354,4,revive,0.0941,0.2708,99,1,5,いいえ,ネムりん / 試作型おこしん / ????? / ユーコ☆スターダスト / ハリウッドナナコ師匠
4,91,em-199bdad6398b,なるティス,12,1000,900,3,attack_buff,0.0939,0.25,92,8,6,いいえ,ネムりん / モチノ・ウオ丸 / ホルトバージ君 / なるティス / まそお姉ちゃん
4,92,em-737815742386,タオるんさん先輩,12,800,1000,3,attribute_guard,0.0939,0.25,92,8,6,いいえ,ネムりん / モチノ・ウオ丸 / ホルトバージ君 / タオるんさん先輩 / まそお姉ちゃん
4,93,em-c3ea022d7d2f,にゅーさん,12,500,1900,3,guard,0.0939,0.25,92,8,6,いいえ,ネムりん / モチノ・ウオ丸 / ホルトバージ君 / にゅーさん / まそお姉ちゃん
4,94,em-301c11f4a1d7,ウサポワンちゃん,20,1363,2317,3,guard,0.0939,0.25,94,6,6,いいえ,ハリウッドナナコ師匠 / モチノ・ウオ丸 / ホルトバージ君 / ウサポワンちゃん / まそお姉ちゃん
4,95,em-1eb8ca42b88a,日南のモア蔵,14,3534,424,3,guard,0.0939,0.25,95,5,6,いいえ,ネムりん / モチノ・ウオ丸 / ホルトバージ君 / 日南のモア蔵 / 眠里　不可緒
4,96,em-f346c1f4c45d,八狗神伏姫様,35,5538,2130,4,guard,0.0939,0.25,97,3,6,いいえ,ネムりん / アレス暮らし / 試作型おこしん / 八狗神伏姫様 / 鎌倉式ＤＢ２涅槃型改
4,97,em-9d861b51bd30,波乗りキング,18,776,2582,3,attack_buff,0.0939,0.25,98,2,6,いいえ,ネムりん / モチノ・ウオ丸 / ホルトバージ君 / 波乗りキング / まそお姉ちゃん
4,98,em-51bdb94ec3b1,熱ぅい！地獄雀,43,5964,3408,4,revive,0.0939,0.25,98,2,5,いいえ,ハリウッドナナコ師匠 / アレス暮らし / ????? / 熱ぅい！地獄雀 / ネムりん
4,99,em-90f39743f105,伝説の牛タソ,19,2269,302,3,guard,0.0939,0.25,99,1,6,いいえ,ネムりん / モチノ・ウオ丸 / ホルトバージ君 / 伝説の牛タソ / まそお姉ちゃん
4,100,em-a74603ad2679,白虎,36,5112,3408,4,attack_buff,0.0939,0.25,99,1,5,いいえ,ハリウッドナナコ師匠 / モチノ・ウオ丸 / ????? / 白虎 / ネムりん
4,101,em-5861838d2e36,ばうあー泥棒,35,4771,3033,4,attack_buff,0.0849,0.2292,95,5,6,いいえ,ネムりん / モチノ・ウオ丸 / 試作型おこしん / ばうあー泥棒 / 実はこんにゃくちゃん
4,102,em-c6a0a8b51afe,ライオットうお太,41,3152,4175,4,damage_reduction,0.0849,0.2292,99,1,5,いいえ,ネムりん / トマティーナ少佐 / ????? / ライオットうお太 / 眠里　不可緒
4,103,em-94f677409ee2,月甲のルナタスピス,75,10224,4543,3,guard,0.0849,0.2292,99,1,3,いいえ,ズースくん / のり男師匠 / ＢＥＷ雪玉 / 月甲のルナタスピス / ハリウッドナナコ師匠
4,104,em-34ff44ed1803,富士さんは魔女,42,5112,4260,4,revive,0.0849,0.2292,100,0,5,いいえ,ネムりん / アレス暮らし / 試作型おこしん / 富士さんは魔女 / まそお姉ちゃん
4,105,em-78785b8bf619,企業だ浅ちゃん！,42,1192,7327,4,attack_buff,0.0849,0.2292,100,0,5,いいえ,ネムりん / アレス暮らし / 試作型おこしん / 企業だ浅ちゃん！ / まそお姉ちゃん
4,106,em-2f6ae2b54633,フクちゃん,3,300,400,4,attribute_change,0.0832,0.25,73,27,6,いいえ,ネムりん / モチノ・ウオ丸 / ホルトバージ君 / フクちゃん / ハリウッドナナコ師匠
4,107,em-830856ac5a07,トキシッくん先輩,7,1000,800,4,revive,0.0832,0.25,77,23,6,いいえ,ネムりん / モチノ・ウオ丸 / ホルトバージ君 / トキシッくん先輩 / ハリウッドナナコ師匠
4,108,em-2c819cc3029c,お稲荷さん,9,808,808,3,attack_buff,0.0832,0.25,89,11,6,いいえ,ネムりん / モチノ・ウオ丸 / ホルトバージ君 / お稲荷さん / まそお姉ちゃん
4,109,em-8561e29b5d2e,まんまんちゃん,12,1524,1682,3,attack_buff,0.0832,0.25,92,8,6,いいえ,ネムりん / モチノ・ウオ丸 / ホルトバージ君 / まんまんちゃん / まそお姉ちゃん
4,110,em-53a13d10258e,コドモドラゴン！,10,1833,987,3,damage_reduction,0.0832,0.25,94,6,6,いいえ,ネムりん / モチノ・ウオ丸 / ホルトバージ君 / コドモドラゴン！ / 鎌倉式ＤＢ２涅槃型改
4,111,em-88669edc6480,京子はまだやれる！,10,718,694,4,damage_reduction,0.0832,0.25,94,6,6,いいえ,ネムりん / モチノ・ウオ丸 / ホルトバージ君 / 京子はまだやれる！ / 鎌倉式ＤＢ２涅槃型改
4,112,em-05de078a2e7c,幼妻！エンゼルちゃん,22,1993,2913,3,heal,0.0832,0.25,96,4,6,いいえ,ネムりん / モチノ・ウオ丸 / ホルトバージ君 / 幼妻！エンゼルちゃん / 実はこんにゃくちゃん
4,113,em-81078d011501,年齢不詳！エンゼル様,22,2215,3237,3,heal,0.0832,0.25,96,4,6,いいえ,ネムりん / モチノ・ウオ丸 / ホルトバージ君 / 年齢不詳！エンゼル様 / 実はこんにゃくちゃん
4,114,em-3c1078996c9c,めい子のNEW DAY,25,2760,2862,4,attribute_guard,0.0832,0.25,98,2,6,いいえ,ネムりん / アレス暮らし / ホルトバージ君 / めい子のNEW DAY / 眠里　不可緒
4,115,em-49b522eac464,ジェヴォたんは狼？,43,3006,6022,4,multi_hit_attack,0.0832,0.25,98,2,5,いいえ,ハリウッドナナコ師匠 / アレス暮らし / ????? / ジェヴォたんは狼？ / ネムりん
4,116,em-089a6280b9d6,御嶽さん,32,5112,3067,4,aoe_attack,0.0832,0.25,100,0,6,いいえ,ハリウッドナナコ師匠 / モチノ・ウオ丸 / ホルトバージ君 / 御嶽さん / 実はこんにゃくちゃん
4,117,em-ab9b2ce76191,B・O・B,37,4935,3244,3,delay,0.0832,0.25,100,0,5,いいえ,ネムりん / モチノ・ウオ丸 / ????? / B・O・B / ハリウッドナナコ師匠
4,118,em-7f906b3752a5,華麗なびわ子たん,10,1213,1190,3,damage_reduction,0.0775,0.2083,93,7,6,いいえ,ネムりん / モチノ・ウオ丸 / 試作型おこしん / 華麗なびわ子たん / モンさんミッシェル
4,119,em-0bcb369cdcd9,キタキツネの神様,36,3748,4771,3,attack_buff,0.0775,0.2083,96,4,5,いいえ,ネムりん / モチノ・ウオ丸 / 試作型おこしん / キタキツネの神様 / 実はこんにゃくちゃん
4,120,em-490ce6c4d005,ア、ショーカ大王,45,3067,4601,3,multi_hit_attack,0.0775,0.2083,97,3,5,いいえ,ネムりん / アレス暮らし / 試作型おこしん / ア、ショーカ大王 / 実はこんにゃくちゃん
4,121,em-7747ea5c5a73,諏訪子成長期,38,3067,5623,3,multi_hit_attack,0.0775,0.2083,98,2,5,いいえ,ネムりん / モチノ・ウオ丸 / 試作型おこしん / 諏訪子成長期 / 実はこんにゃくちゃん
4,122,em-de36aab296aa,月下皇帝ランたん様,50,3150,5367,3,revive,0.0775,0.2083,98,2,5,いいえ,ネムりん / アレス暮らし / 試作型おこしん / 月下皇帝ランたん様 / ハリウッドナナコ師匠
4,123,em-cec2f0ad9373,Dr.フォックス,40,4089,4430,4,delay,0.0775,0.2083,100,0,5,いいえ,ネムりん / モチノ・ウオ丸 / 試作型おこしん / Dr.フォックス / 実はこんにゃくちゃん
4,124,em-d111f497df0f,湘南大水曜日ボーイ,40,2044,5623,4,attack_buff,0.0775,0.2083,100,0,6,いいえ,ネムりん / モチノ・ウオ丸 / 試作型おこしん / 湘南大水曜日ボーイ / 実はこんにゃくちゃん
4,125,em-d295de1e4086,海の日シスターズ♪,40,3823,4657,4,attack_buff,0.0775,0.2083,100,0,6,いいえ,ネムりん / モチノ・ウオ丸 / 試作型おこしん / 海の日シスターズ♪ / 実はこんにゃくちゃん
4,126,em-f89a98dd9893,大魔神！せいタン降臨,48,2044,6305,4,attack_buff,0.0775,0.2083,100,0,4,いいえ,ネムりん / アレス暮らし / 試作型おこしん / 大魔神！せいタン降臨 / 実はこんにゃくちゃん
4,127,em-484d995e3adb,くノ一！ヴォたん,9,700,700,4,guard,0.0733,0.2292,79,21,6,いいえ,ネムりん / モチノ・ウオ丸 / ホルトバージ君 / くノ一！ヴォたん / ハリウッドナナコ師匠
4,128,em-377a00f7a666,のり男,4,334,278,3,attribute_guard,0.0733,0.2292,85,15,6,いいえ,ネムりん / モチノ・ウオ丸 / ホルトバージ君 / のり男 / 眠里　不可緒
4,129,em-3229594a4a2c,おあげちゃん,5,315,305,3,attack_buff,0.0733,0.2292,85,15,6,いいえ,ネムりん / モチノ・ウオ丸 / ホルトバージ君 / おあげちゃん / まそお姉ちゃん
4,130,em-357d76cd5b69,のり男さん,5,424,356,3,attribute_guard,0.0733,0.2292,86,14,6,いいえ,ネムりん / モチノ・ウオ丸 / ホルトバージ君 / のり男さん / 眠里　不可緒
4,131,em-091b1c77c643,戸隠ちび蔵,6,150,950,3,attack_buff,0.0733,0.2292,86,14,6,いいえ,ネムりん / モチノ・ウオ丸 / ホルトバージ君 / 戸隠ちび蔵 / まそお姉ちゃん
4,132,em-8d2b5bd68a94,ズースさんとシーラさん,6,800,600,4,attack_buff,0.0733,0.2292,86,14,6,いいえ,ネムりん / モチノ・ウオ丸 / ホルトバージ君 / ズースさんとシーラさん / まそお姉ちゃん
4,133,em-d05fca3e00df,ほたるん,6,700,1000,3,attribute_change,0.0733,0.2292,86,14,6,いいえ,ネムりん / モチノ・ウオ丸 / ホルトバージ君 / ほたるん / まそお姉ちゃん
4,134,em-1a5f7bc3661b,萌やし男子,7,300,700,4,attack_buff,0.0733,0.2292,87,13,6,いいえ,ネムりん / モチノ・ウオ丸 / ホルトバージ君 / 萌やし男子 / まそお姉ちゃん
4,135,em-1acdee18dc58,生きろ！モア蔵,7,1540,240,3,guard,0.0733,0.2292,87,13,6,いいえ,ネムりん / モチノ・ウオ丸 / ホルトバージ君 / 生きろ！モア蔵 / まそお姉ちゃん
4,136,em-28f044d525d7,スーリヤ様が見てる,7,489,1446,3,skill_reduction,0.0733,0.2292,87,13,6,いいえ,ネムりん / モチノ・ウオ丸 / ホルトバージ君 / スーリヤ様が見てる / まそお姉ちゃん
4,137,em-6c1c64d0e4ed,七夕ぴよ子,7,1104,1104,3,revive,0.0733,0.2292,87,13,6,いいえ,ネムりん / モチノ・ウオ丸 / ホルトバージ君 / 七夕ぴよ子 / まそお姉ちゃん
4,138,em-916052b33162,リンゴルモア大王,7,1269,1128,3,delay,0.0733,0.2292,87,13,6,いいえ,ネムりん / モチノ・ウオ丸 / ホルトバージ君 / リンゴルモア大王 / まそお姉ちゃん
4,139,em-999d33621829,おたべ妖精,7,1272,1131,4,delay,0.0733,0.2292,87,13,6,いいえ,ネムりん / モチノ・ウオ丸 / ホルトバージ君 / おたべ妖精 / まそお姉ちゃん
4,140,em-a4d82c09dd0f,魂入！とちぎソウル,7,565,1837,4,attack_buff,0.0733,0.2292,87,13,6,いいえ,ネムりん / モチノ・ウオ丸 / ホルトバージ君 / 魂入！とちぎソウル / まそお姉ちゃん
4,141,em-d5d58dc5e468,子供神・わらしちゃん,7,565,1131,4,delay,0.0733,0.2292,87,13,6,いいえ,ネムりん / モチノ・ウオ丸 / ホルトバージ君 / 子供神・わらしちゃん / まそお姉ちゃん
4,142,em-573a74e6170b,God of 魚ぉ！,8,1269,1128,4,heal,0.0733,0.2292,88,12,6,いいえ,ネムりん / モチノ・ウオ丸 / ホルトバージ君 / God of 魚ぉ！ / まそお姉ちゃん
4,143,em-57e25e9e3446,にゅーくん,8,400,1700,4,guard,0.0733,0.2292,88,12,6,いいえ,ネムりん / モチノ・ウオ丸 / ホルトバージ君 / にゅーくん / まそお姉ちゃん
4,144,em-6ed81c8341b0,萌やし紳士,8,308,898,4,attack_buff,0.0733,0.2292,88,12,6,いいえ,ネムりん / モチノ・ウオ丸 / ホルトバージ君 / 萌やし紳士 / まそお姉ちゃん
4,145,em-874769710492,さふらんらん,8,1734,888,3,skill_reduction,0.0733,0.2292,88,12,6,いいえ,ネムりん / モチノ・ウオ丸 / ホルトバージ君 / さふらんらん / まそお姉ちゃん
4,146,em-794f6427298a,さいごー丼,8,830,476,3,attribute_guard,0.0733,0.2292,89,11,6,いいえ,ネムりん / モチノ・ウオ丸 / ホルトバージ君 / さいごー丼 / 眠里　不可緒
4,147,em-5c824e4dff20,ほたるんるん,9,1000,1500,3,attribute_change,0.0733,0.2292,89,11,6,いいえ,ネムりん / モチノ・ウオ丸 / ホルトバージ君 / ほたるんるん / まそお姉ちゃん
4,148,em-826b6ae61786,スワン王,9,1229,1173,4,skill_reduction,0.0733,0.2292,89,11,6,いいえ,ネムりん / モチノ・ウオ丸 / ホルトバージ君 / スワン王 / まそお姉ちゃん
4,149,em-950b687b1f04,タオるん先輩,9,700,900,4,attribute_guard,0.0733,0.2292,89,11,6,いいえ,ネムりん / モチノ・ウオ丸 / ホルトバージ君 / タオるん先輩 / まそお姉ちゃん
4,150,em-a71ad4631750,絶許！近所のあん子,9,1131,989,4,heal,0.0733,0.2292,89,11,6,いいえ,ネムりん / モチノ・ウオ丸 / ホルトバージ君 / 絶許！近所のあん子 / まそお姉ちゃん
4,151,em-1290652c5171,萌やし博士,10,408,1212,4,attack_buff,0.0733,0.2292,90,10,6,いいえ,ネムりん / モチノ・ウオ丸 / ホルトバージ君 / 萌やし博士 / まそお姉ちゃん
4,152,em-54ee851ff3fb,zuス様とsiラ様,10,1410,987,4,attack_buff,0.0733,0.2292,90,10,6,いいえ,ネムりん / モチノ・ウオ丸 / ホルトバージ君 / zuス様とsiラ様 / まそお姉ちゃん
4,153,em-5c4a86842734,芹沢殿,10,703,698,3,guard,0.0733,0.2292,90,10,6,いいえ,ネムりん / モチノ・ウオ丸 / ホルトバージ君 / 芹沢殿 / まそお姉ちゃん
4,154,em-a66f91385c36,伝説のキャミー,10,700,1100,4,heal,0.0733,0.2292,90,10,6,いいえ,ネムりん / モチノ・ウオ丸 / ホルトバージ君 / 伝説のキャミー / まそお姉ちゃん
4,155,em-fcf6ec919e80,ｱﾙﾊﾟ力のお兄(父)さん,10,763,2205,3,heal,0.0733,0.2292,90,10,6,いいえ,ネムりん / モチノ・ウオ丸 / ホルトバージ君 / ｱﾙﾊﾟ力のお兄(父)さん / まそお姉ちゃん
4,156,em-75c067942d62,大内先生,11,1699,1699,4,heal,0.0733,0.2292,91,9,6,いいえ,ネムりん / モチノ・ウオ丸 / ホルトバージ君 / 大内先生 / まそお姉ちゃん
4,157,em-8cdef0bc7893,戸隠ちび太夫,11,150,1200,3,attack_buff,0.0733,0.2292,91,9,6,いいえ,ネムりん / モチノ・ウオ丸 / ホルトバージ君 / 戸隠ちび太夫 / まそお姉ちゃん
4,158,em-272a71a9c15d,キラカードなエッシュ,12,1812,1510,3,skill_reduction,0.0733,0.2292,92,8,6,いいえ,ネムりん / モチノ・ウオ丸 / ホルトバージ君 / キラカードなエッシュ / まそお姉ちゃん
4,159,em-4afb3d011e67,得琉田浜蔵,12,2696,1992,3,attribute_change,0.0733,0.2292,92,8,6,いいえ,ネムりん / モチノ・ウオ丸 / ホルトバージ君 / 得琉田浜蔵 / まそお姉ちゃん
4,160,em-57204b8d6ee6,伝説のWoo怪,12,1126,2393,4,multi_hit_attack,0.0733,0.2292,92,8,6,いいえ,ネムりん / モチノ・ウオ丸 / ホルトバージ君 / 伝説のWoo怪 / まそお姉ちゃん
4,161,em-58f4a804ff7f,マリンな白良さん,12,710,694,4,attack_buff,0.0733,0.2292,92,8,6,いいえ,ネムりん / モチノ・ウオ丸 / ホルトバージ君 / マリンな白良さん / まそお姉ちゃん
4,162,em-bbff6b354f45,くうかいさん,12,700,1100,4,skill_reduction,0.0733,0.2292,92,8,6,いいえ,ネムりん / モチノ・ウオ丸 / ホルトバージ君 / くうかいさん / まそお姉ちゃん
4,163,em-c5dbda5d8d5b,湘南パボーイ,12,318,911,4,attack_buff,0.0733,0.2292,92,8,6,いいえ,ネムりん / モチノ・ウオ丸 / ホルトバージ君 / 湘南パボーイ / まそお姉ちゃん
4,164,em-e626c795c8a8,スミス＆エズ,12,1200,400,3,attribute_guard,0.0733,0.2292,93,7,6,いいえ,ネムりん / モチノ・ウオ丸 / ホルトバージ君 / スミス＆エズ / 眠里　不可緒
4,165,em-471b1ba55d5c,有馬んば,13,1413,1244,4,heal,0.0733,0.2292,93,7,6,いいえ,ネムりん / モチノ・ウオ丸 / ホルトバージ君 / 有馬んば / まそお姉ちゃん
4,166,em-71504e292ebf,キャミー・the.女,13,1208,2567,3,heal,0.0733,0.2292,93,7,6,いいえ,ネムりん / モチノ・ウオ丸 / ホルトバージ君 / キャミー・the.女 / まそお姉ちゃん
4,167,em-75717188c18a,あ、しょーか大先生,13,1812,1963,4,multi_hit_attack,0.0733,0.2292,93,7,6,いいえ,ネムりん / モチノ・ウオ丸 / ホルトバージ君 / あ、しょーか大先生 / まそお姉ちゃん
4,168,em-bbcd19672515,ＭＲ凜子様,13,1699,1699,4,attack_buff,0.0733,0.2292,93,7,6,いいえ,ネムりん / モチノ・ウオ丸 / ホルトバージ君 / ＭＲ凜子様 / まそお姉ちゃん
4,169,em-bcb9b03bfeed,サンカクドナウ,13,1739,1739,3,multi_hit_attack,0.0733,0.2292,93,7,6,いいえ,ネムりん / モチノ・ウオ丸 / ホルトバージ君 / サンカクドナウ / まそお姉ちゃん
4,170,em-1fcf0af60c7a,老舗の牛タソ,14,1000,150,3,guard,0.0733,0.2292,94,6,6,いいえ,ネムりん / モチノ・ウオ丸 / ホルトバージ君 / 老舗の牛タソ / まそお姉ちゃん
4,171,em-306ef0a3ce60,大納言鮒麿,14,1812,1548,4,heal,0.0733,0.2292,94,6,6,いいえ,ネムりん / モチノ・ウオ丸 / ホルトバージ君 / 大納言鮒麿 / まそお姉ちゃん
4,172,em-309e9bdb12e4,萌やし戦士,14,773,2573,4,attack_buff,0.0733,0.2292,94,6,6,いいえ,ネムりん / モチノ・ウオ丸 / ホルトバージ君 / 萌やし戦士 / まそお姉ちゃん
4,173,em-b09ebd864da6,みずがめəろまちゃん,14,1057,1198,4,revive,0.0733,0.2292,94,6,6,いいえ,ネムりん / モチノ・ウオ丸 / ホルトバージ君 / みずがめəろまちゃん / まそお姉ちゃん
4,174,em-83b1d87342f9,コン美なん吉先生,20,882,3381,4,revive,0.0733,0.2292,94,6,6,いいえ,ハリウッドナナコ師匠 / モチノ・ウオ丸 / ホルトバージ君 / コン美なん吉先生 / まそお姉ちゃん
4,175,em-9eb7fd81d237,ユウ・レーカさん,20,2044,2556,4,revive,0.0733,0.2292,94,6,6,いいえ,ハリウッドナナコ師匠 / モチノ・ウオ丸 / ホルトバージ君 / ユウ・レーカさん / まそお姉ちゃん
4,176,em-ba3e87e06882,ぴよ子ファーザー,20,357,3577,4,attack_buff,0.0733,0.2292,94,6,6,いいえ,ハリウッドナナコ師匠 / モチノ・ウオ丸 / ホルトバージ君 / ぴよ子ファーザー / まそお姉ちゃん
4,177,em-ec978322ece8,タイプ：テン,20,3864,966,4,guard,0.0733,0.2292,94,6,6,いいえ,ハリウッドナナコ師匠 / モチノ・ウオ丸 / ホルトバージ君 / タイプ：テン / まそお姉ちゃん
4,178,em-a58c4fcc6b2e,けねず大先生,14,1699,1699,4,damage_reduction,0.0733,0.2292,95,5,6,いいえ,ネムりん / モチノ・ウオ丸 / ホルトバージ君 / けねず大先生 / 眠里　不可緒
4,179,em-2b7450b3b8b1,トンコー先生,15,1510,1510,3,multi_hit_attack,0.0733,0.2292,95,5,6,いいえ,ネムりん / モチノ・ウオ丸 / ホルトバージ君 / トンコー先生 / まそお姉ちゃん
4,180,em-48b5d909c409,南紀な白良さん,15,800,800,4,attack_buff,0.0733,0.2292,95,5,6,いいえ,ネムりん / モチノ・ウオ丸 / ホルトバージ君 / 南紀な白良さん / まそお姉ちゃん
4,181,em-4d4bf14cc827,いはと先輩,15,1000,1400,3,delay,0.0733,0.2292,95,5,6,いいえ,ネムりん / モチノ・ウオ丸 / ホルトバージ君 / いはと先輩 / まそお姉ちゃん
4,182,em-5284c689c7b6,ジャウー大先生,15,805,3220,4,skill_reduction,0.0733,0.2292,95,5,6,いいえ,ネムりん / モチノ・ウオ丸 / ホルトバージ君 / ジャウー大先生 / まそお姉ちゃん
4,183,em-6722337c6d78,雨降る倉敷のみかん姐,15,2718,1963,4,aoe_attack,0.0733,0.2292,95,5,6,いいえ,ネムりん / モチノ・ウオ丸 / ホルトバージ君 / 雨降る倉敷のみかん姐 / まそお姉ちゃん
4,184,em-a48bcdd76e03,サーファー岡田,15,419,1298,4,attack_buff,0.0733,0.2292,95,5,6,いいえ,ネムりん / モチノ・ウオ丸 / ホルトバージ君 / サーファー岡田 / まそお姉ちゃん
4,185,em-db2c3576c544,すわ子☆神,15,1100,1400,3,multi_hit_attack,0.0733,0.2292,95,5,6,いいえ,ネムりん / モチノ・ウオ丸 / ホルトバージ君 / すわ子☆神 / まそお姉ちゃん
4,186,em-e931902358ae,弘法大師Ｑ改,15,1359,1963,3,skill_reduction,0.0733,0.2292,95,5,6,いいえ,ネムりん / モチノ・ウオ丸 / ホルトバージ君 / 弘法大師Ｑ改 / まそお姉ちゃん
4,187,em-fea44f2a7dd8,だが男だ彦にゃん,15,2793,1132,3,skill_reduction,0.0733,0.2292,95,5,6,いいえ,ネムりん / モチノ・ウオ丸 / ホルトバージ君 / だが男だ彦にゃん / まそお姉ちゃん
4,188,em-12386dff9bd5,サリエリ許さないマン,21,2827,2827,4,revive,0.0733,0.2292,95,5,6,いいえ,ハリウッドナナコ師匠 / モチノ・ウオ丸 / ホルトバージ君 / サリエリ許さないマン / まそお姉ちゃん
4,189,em-25fed9fde1ce,かっさーWoo！,16,1131,2403,4,attack_buff,0.0733,0.2292,96,4,6,いいえ,ネムりん / モチノ・ウオ丸 / ホルトバージ君 / かっさーWoo！ / まそお姉ちゃん
4,190,em-9ca244c83a38,ʤouカー＆ʧouカー,16,1510,2124,4,delay,0.0733,0.2292,96,4,6,いいえ,ネムりん / モチノ・ウオ丸 / ホルトバージ君 / ʤouカー＆ʧouカー / まそお姉ちゃん
4,191,em-942c8f8de44d,エンゼルちゃん,22,1772,2590,3,heal,0.0733,0.2292,96,4,6,いいえ,ハリウッドナナコ師匠 / モチノ・ウオ丸 / ホルトバージ君 / エンゼルちゃん / まそお姉ちゃん
4,192,em-a04fcf6167db,いはと先生,17,2093,3059,3,delay,0.0733,0.2292,97,3,6,いいえ,ネムりん / モチノ・ウオ丸 / ホルトバージ君 / いはと先生 / まそお姉ちゃん
4,193,em-e5027c0cc6fa,みかんの姐御,17,2265,1510,3,aoe_attack,0.0733,0.2292,97,3,7,いいえ,ネムりん / モチノ・ウオ丸 / ホルトバージ君 / みかんの姐御 / まそお姉ちゃん
4,194,em-f5c067498bab,深窓のやまなしーヌ,17,1661,1812,3,skill_reduction,0.0733,0.2292,97,3,6,いいえ,ネムりん / モチノ・ウオ丸 / ホルトバージ君 / 深窓のやまなしーヌ / まそお姉ちゃん
4,195,em-fe9fc4184474,聖えぇじゃないか,17,2817,2334,4,aoe_attack,0.0733,0.2292,97,3,6,いいえ,ネムりん / モチノ・ウオ丸 / ホルトバージ君 / 聖えぇじゃないか / まそお姉ちゃん
4,196,em-124d2df2b85e,ディオクレ君,23,2416,1449,4,skill_reduction,0.0733,0.2292,97,3,6,いいえ,ハリウッドナナコ師匠 / モチノ・ウオ丸 / ホルトバージ君 / ディオクレ君 / まそお姉ちゃん
4,197,em-3776e81d3ee0,ヒポポタリーナ,23,3237,2862,3,multi_hit_attack,0.0733,0.2292,97,3,6,いいえ,ハリウッドナナコ師匠 / モチノ・ウオ丸 / ホルトバージ君 / ヒポポタリーナ / まそお姉ちゃん
4,198,em-354b4786550a,魔滅！鷹山先生,27,1283,1283,4,delay,0.0733,0.2292,97,3,6,いいえ,ハリウッドナナコ師匠 / モチノ・ウオ丸 / ホルトバージ君 / 魔滅！鷹山先生 / ネムりん
4,199,em-0592fa7cc27f,クェーサルと仲間たち,18,3542,2898,3,multi_hit_attack,0.0733,0.2292,98,2,6,いいえ,ネムりん / モチノ・ウオ丸 / ホルトバージ君 / クェーサルと仲間たち / まそお姉ちゃん
4,200,em-1cd0c7153e75,みさき先輩,18,1400,1600,4,multi_hit_attack,0.0733,0.2292,98,2,6,いいえ,ネムりん / モチノ・ウオ丸 / ホルトバージ君 / みさき先輩 / まそお姉ちゃん
4,201,em-7930454375ec,パラワン探検隊,18,3219,3333,4,aoe_attack,0.0733,0.2292,98,2,6,いいえ,ネムりん / モチノ・ウオ丸 / ホルトバージ君 / パラワン探検隊 / まそお姉ちゃん
4,202,em-9e9fc5ee5a9c,深淵のエルフ,18,2537,3059,4,attack_buff,0.0733,0.2292,98,2,6,いいえ,ネムりん / モチノ・ウオ丸 / ホルトバージ君 / 深淵のエルフ / まそお姉ちゃん
4,203,em-bd35a359234a,ジョーカーくん,18,805,3935,3,skill_reduction,0.0733,0.2292,98,2,6,いいえ,ネムりん / モチノ・ウオ丸 / ホルトバージ君 / ジョーカーくん / まそお姉ちゃん
4,204,em-34853ed0f0f8,ユーコちゃん,24,2556,1533,4,revive,0.0733,0.2292,98,2,6,いいえ,ハリウッドナナコ師匠 / モチノ・ウオ丸 / ホルトバージ君 / ユーコちゃん / まそお姉ちゃん
4,205,em-d0639c20e6b1,ユーコ☆宇宙,24,4260,2556,4,revive,0.0733,0.2292,98,2,6,いいえ,ハリウッドナナコ師匠 / モチノ・ウオ丸 / ホルトバージ君 / ユーコ☆宇宙 / まそお姉ちゃん
4,206,em-e6110f879f18,ユーコ隊,24,3408,2044,4,revive,0.0733,0.2292,98,2,6,いいえ,ハリウッドナナコ師匠 / モチノ・ウオ丸 / ホルトバージ君 / ユーコ隊 / まそお姉ちゃん
4,207,em-a81a753351d9,戸定梨香,28,3216,3534,4,revive,0.0733,0.2292,98,2,6,いいえ,ハリウッドナナコ師匠 / モチノ・ウオ丸 / ホルトバージ君 / 戸定梨香 / ネムりん
4,208,em-b50530766df4,夏の妖精白良さん,19,1699,1699,4,attack_buff,0.0733,0.2292,99,1,6,いいえ,ネムりん / モチノ・ウオ丸 / ホルトバージ君 / 夏の妖精白良さん / まそお姉ちゃん
4,209,em-fd111e204918,アルビールパイセン,19,467,2608,3,delay,0.0733,0.2292,99,1,6,いいえ,ネムりん / モチノ・ウオ丸 / ホルトバージ君 / アルビールパイセン / まそお姉ちゃん
4,210,em-2f9e3ad50fc8,やまなしーヌの心,25,2415,2576,3,skill_reduction,0.0733,0.2292,99,1,6,いいえ,ハリウッドナナコ師匠 / モチノ・ウオ丸 / ホルトバージ君 / やまなしーヌの心 / まそお姉ちゃん
4,211,em-c3c3a8e92b71,仮面のいはと先生,25,2095,3063,3,delay,0.0733,0.2292,99,1,6,いいえ,ハリウッドナナコ師匠 / モチノ・ウオ丸 / ホルトバージ君 / 仮面のいはと先生 / まそお姉ちゃん
4,212,em-c42ef00ed018,ｗｗナレースワンｗｗ,25,2560,2584,4,delay,0.0733,0.2292,99,1,6,いいえ,ハリウッドナナコ師匠 / モチノ・ウオ丸 / ホルトバージ君 / ｗｗナレースワンｗｗ / まそお姉ちゃん
4,213,em-d6ea073b633e,鬼八先生,60,8861,2556,3,delay,0.0733,0.2292,99,1,5,いいえ,ネムりん / 試作型おこしん / ????? / 鬼八先生 / ハリウッドナナコ師匠
4,214,em-74c87c37d930,むぅむぅ,30,2839,2525,3,multi_hit_attack,0.0733,0.2292,100,0,5,いいえ,ハリウッドナナコ師匠 / モチノ・ウオ丸 / ホルトバージ君 / むぅむぅ / ネムりん
4,215,em-cea68c425163,跛荒の鉄男大先生,51,4686,6625,3,multi_hit_attack,0.0733,0.2292,100,0,5,いいえ,ネムりん / 試作型おこしん / ????? / 跛荒の鉄男大先生 / まそお姉ちゃん
4,216,em-357427c8f331,反魂タン昼食TIME,27,3067,5623,4,attack_buff,0.0648,0.2083,93,7,6,いいえ,ネムりん / モチノ・ウオ丸 / 試作型おこしん / 反魂タン昼食TIME / まそお姉ちゃん
4,217,em-4e3940289203,スーパー軍師兵衛ズ,60,7838,2385,3,skill_reduction,0.0648,0.2083,99,1,5,いいえ,ハリウッドナナコ師匠 / 試作型おこしん / ????? / スーパー軍師兵衛ズ / ネムりん
4,218,em-d8af1ee7968e,ザ★女王の世界,42,1936,2006,3,attack_buff,0.0648,0.2083,100,0,5,いいえ,ハリウッドナナコ師匠 / トマティーナ少佐 / ホルトバージ君 / ザ★女王の世界 / まそお姉ちゃん
4,219,em-a87c308ef7c4,トミスLOVE様,52,4686,4686,4,revive,0.0648,0.2083,100,0,5,いいえ,ネムりん / アレス暮らし / 試作型おこしん / トミスLOVE様 / ハリウッドナナコ師匠
4,220,em-a8e1bfbd68cd,秋のタツタちゃん,80,10224,4771,4,multi_hit_attack,0.0648,0.2083,100,0,2,いいえ,ズースくん / 総統エビユルゲ / のり男師匠 / 秋のタツタちゃん / ほたるーニャ
4,221,em-a787bb59ceca,トキシッくん,5,600,500,4,revive,0.0625,0.2292,75,25,6,いいえ,ネムりん / モチノ・ウオ丸 / ホルトバージ君 / トキシッくん / ハリウッドナナコ師匠
4,222,em-4c77b2b8ad46,トキシッくんさん,6,700,600,4,revive,0.0625,0.2292,76,24,6,いいえ,ネムりん / モチノ・ウオ丸 / ホルトバージ君 / トキシッくんさん / ハリウッドナナコ師匠
4,223,em-c8d0b7ef1b10,めい子お姉さま,9,1159,1244,4,attribute_guard,0.0625,0.2292,79,21,6,いいえ,ネムりん / モチノ・ウオ丸 / ホルトバージ君 / めい子お姉さま / ハリウッドナナコ師匠
4,224,em-26ea85de7340,のり男先輩,7,534,446,3,attribute_guard,0.0625,0.2292,91,9,6,いいえ,ネムりん / モチノ・ウオ丸 / ホルトバージ君 / のり男先輩 / 鎌倉式ＤＢ２涅槃型改
4,225,em-6b8007792f3c,因幡WAHHH!!,32,3578,4771,4,attack_buff,0.0625,0.2292,98,2,6,いいえ,ネムりん / アレス暮らし / ????? / 因幡WAHHH!! / 眠里　不可緒
4,226,em-6193e7af4d97,がうがうは考える,44,1704,5964,3,damage_reduction,0.0625,0.2292,99,1,5,いいえ,ネムりん / アレス暮らし / ????? / がうがうは考える / ハリウッドナナコ師匠
4,227,em-f8e6761b2883,青龍,36,1704,6816,3,attack_buff,0.0581,0.1875,96,4,5,いいえ,ネムりん / モチノ・ウオ丸 / 試作型おこしん / 青龍 / 実はこんにゃくちゃん
4,228,em-fca49f3752f8,電波姫☆いまりちゃん,38,3919,4260,3,delay,0.0581,0.1875,98,2,5,いいえ,ネムりん / モチノ・ウオ丸 / 試作型おこしん / 電波姫☆いまりちゃん / 実はこんにゃくちゃん
4,229,em-57dce5f944a3,うらうらら,50,4260,6390,4,multi_hit_attack,0.0581,0.1875,98,2,5,いいえ,ネムりん / アレス暮らし / 試作型おこしん / うらうらら / ハリウッドナナコ師匠
4,230,em-4d9586371e6c,鞭・打つ子さん,38,4106,4106,3,multi_hit_attack,0.0537,0.1667,98,2,5,いいえ,ネムりん / モチノ・ウオ丸 / 試作型おこしん / 鞭・打つ子さん / 実はこんにゃくちゃん
4,231,em-42e9353377ee,吉野スライム♂,40,5078,2078,3,skill_reduction,0.0537,0.1667,100,0,5,いいえ,ネムりん / モチノ・ウオ丸 / 試作型おこしん / 吉野スライム♂ / 実はこんにゃくちゃん
4,232,em-f70fc38ed477,栗栖　益子さん,40,4175,4106,4,multi_hit_attack,0.0537,0.1667,100,0,6,いいえ,ネムりん / モチノ・ウオ丸 / 試作型おこしん / 栗栖　益子さん / 実はこんにゃくちゃん
4,233,em-ae6ea6bc1914,ズースくん,3,500,400,4,attack_buff,0.0532,0.2083,73,27,6,いいえ,ネムりん / モチノ・ウオ丸 / ホルトバージ君 / ズースくん / ハリウッドナナコ師匠
4,234,em-9999a53f68e1,牛タソ,5,500,50,3,guard,0.0532,0.2083,75,25,6,いいえ,ネムりん / モチノ・ウオ丸 / ホルトバージ君 / 牛タソ / ハリウッドナナコ師匠
4,235,em-a0762b5d76ab,シーラちゃん,5,600,550,4,attack_buff,0.0532,0.2083,75,25,6,いいえ,ネムりん / モチノ・ウオ丸 / ホルトバージ君 / シーラちゃん / ハリウッドナナコ師匠
4,236,em-804c07b6fa9a,メル子ちゃん,6,400,600,4,attack_buff,0.0532,0.2083,76,24,6,いいえ,ネムりん / モチノ・ウオ丸 / ホルトバージ君 / メル子ちゃん / ハリウッドナナコ師匠
4,237,em-554c0093231a,おあげさん,7,505,495,3,attack_buff,0.0532,0.2083,77,23,6,いいえ,ネムりん / モチノ・ウオ丸 / ホルトバージ君 / おあげさん / ハリウッドナナコ師匠
4,238,em-1b8d4b845182,キャミーという女,8,600,800,4,heal,0.0532,0.2083,78,22,6,いいえ,ネムりん / モチノ・ウオ丸 / ホルトバージ君 / キャミーという女 / ハリウッドナナコ師匠
4,239,em-5a3daf6cbf77,白良さん,8,600,605,4,attack_buff,0.0532,0.2083,78,22,6,いいえ,ネムりん / モチノ・ウオ丸 / ホルトバージ君 / 白良さん / ハリウッドナナコ師匠
4,240,em-e31de348c40b,湘南ボーイ,8,300,700,4,attack_buff,0.0532,0.2083,78,22,6,いいえ,ネムりん / モチノ・ウオ丸 / ホルトバージ君 / 湘南ボーイ / ハリウッドナナコ師匠
4,241,em-198e928f6d0b,なるとマン,9,800,700,4,attack_buff,0.0532,0.2083,79,21,6,いいえ,ネムりん / モチノ・ウオ丸 / ホルトバージ君 / なるとマン / ハリウッドナナコ師匠
4,242,em-2f5dd4b0a739,大内先輩,9,800,800,4,heal,0.0532,0.2083,79,21,6,いいえ,ネムりん / モチノ・ウオ丸 / ホルトバージ君 / 大内先輩 / ハリウッドナナコ師匠
4,243,em-4eb01150430f,ミス・エズさん,9,1100,300,4,attribute_guard,0.0532,0.2083,79,21,6,いいえ,ネムりん / モチノ・ウオ丸 / ホルトバージ君 / ミス・エズさん / ハリウッドナナコ師匠
4,244,em-a16d639a61fc,水軍衆かっさーのん,9,1128,1269,3,attack_buff,0.0532,0.2083,79,21,6,いいえ,ネムりん / モチノ・ウオ丸 / ホルトバージ君 / 水軍衆かっさーのん / ハリウッドナナコ師匠
4,245,em-cc9db541b1b4,メル子さん,9,600,700,4,attack_buff,0.0532,0.2083,79,21,6,いいえ,ネムりん / モチノ・ウオ丸 / ホルトバージ君 / メル子さん / ハリウッドナナコ師匠
4,246,em-fe5ed60fbf2d,強いぞさいごー丼,9,930,574,3,attribute_guard,0.0532,0.2083,79,21,6,いいえ,ネムりん / モチノ・ウオ丸 / ホルトバージ君 / 強いぞさいごー丼 / ハリウッドナナコ師匠
4,247,em-7affb78d3b91,渇求するネギの果て,10,754,754,4,guard,0.0532,0.2083,80,20,6,いいえ,ネムりん / モチノ・ウオ丸 / ホルトバージ君 / 渇求するネギの果て / ハリウッドナナコ師匠
4,248,em-86b8f3a86278,レボリューション凜子,10,800,800,4,attack_buff,0.0532,0.2083,80,20,6,いいえ,ネムりん / モチノ・ウオ丸 / ホルトバージ君 / レボリューション凜子 / ハリウッドナナコ師匠
4,249,em-4b8003f0f990,メル子さま,12,800,800,3,attack_buff,0.0532,0.2083,82,18,6,いいえ,ネムりん / モチノ・ウオ丸 / ホルトバージ君 / メル子さま / ハリウッドナナコ師匠
4,250,em-922ebe667c19,けねず先輩,12,800,800,4,damage_reduction,0.0532,0.2083,82,18,6,いいえ,ネムりん / モチノ・ウオ丸 / ホルトバージ君 / けねず先輩 / ハリウッドナナコ師匠
4,251,em-be212cb2b1d8,いはとさん,12,760,840,3,delay,0.0532,0.2083,82,18,6,いいえ,ネムりん / モチノ・ウオ丸 / ホルトバージ君 / いはとさん / ハリウッドナナコ師匠
4,252,em-10adad665687,コマンドー下仁田,13,597,614,3,guard,0.0532,0.2083,83,17,6,いいえ,ネムりん / モチノ・ウオ丸 / ホルトバージ君 / コマンドー下仁田 / ハリウッドナナコ師匠
4,253,em-3bd6544e0bce,窓辺のやまなしーヌ,13,700,800,4,skill_reduction,0.0532,0.2083,83,17,6,いいえ,ネムりん / モチノ・ウオ丸 / ホルトバージ君 / 窓辺のやまなしーヌ / ハリウッドナナコ師匠
4,254,em-e900d5955acf,凄いぞさいごー丼,13,1050,650,3,attribute_guard,0.0532,0.2083,83,17,6,いいえ,ネムりん / モチノ・ウオ丸 / ホルトバージ君 / 凄いぞさいごー丼 / ハリウッドナナコ師匠
4,255,em-0c931777e175,関くん,4,305,307,4,guard,0.0532,0.2083,84,16,6,いいえ,ネムりん / モチノ・ウオ丸 / ホルトバージ君 / 関くん / まそお姉ちゃん
4,256,em-4090b70a0b17,さくらこちゃん,4,495,215,4,attribute_guard,0.0532,0.2083,84,16,6,いいえ,ネムりん / モチノ・ウオ丸 / ホルトバージ君 / さくらこちゃん / まそお姉ちゃん
4,257,em-5528cf768569,リンゴール男爵,4,400,300,4,delay,0.0532,0.2083,84,16,6,いいえ,ネムりん / モチノ・ウオ丸 / ホルトバージ君 / リンゴール男爵 / まそお姉ちゃん
4,258,em-7e127d8718a5,魔人エビユルゲ,4,410,370,3,attribute_change,0.0532,0.2083,84,16,6,いいえ,ネムりん / モチノ・ウオ丸 / ホルトバージ君 / 魔人エビユルゲ / まそお姉ちゃん
4,259,em-81fec3e48762,怪人おたべ,4,415,365,4,delay,0.0532,0.2083,84,16,6,いいえ,ネムりん / モチノ・ウオ丸 / ホルトバージ君 / 怪人おたべ / まそお姉ちゃん
4,260,em-e275020a88a0,あん子ちゃん,4,289,300,4,heal,0.0532,0.2083,84,16,6,いいえ,ネムりん / モチノ・ウオ丸 / ホルトバージ君 / あん子ちゃん / まそお姉ちゃん
4,261,em-0560ed78022d,見事にびわ子たん,5,400,400,4,damage_reduction,0.0532,0.2083,85,15,6,いいえ,ネムりん / モチノ・ウオ丸 / ホルトバージ君 / 見事にびわ子たん / まそお姉ちゃん
4,262,em-1287aab83f7d,驚愕！深海のあん子,5,400,400,4,heal,0.0532,0.2083,85,15,6,いいえ,ネムりん / モチノ・ウオ丸 / ホルトバージ君 / 驚愕！深海のあん子 / まそお姉ちゃん
4,263,em-1a814a6b20cf,未来のモア蔵,5,920,160,4,guard,0.0532,0.2083,85,15,6,いいえ,ネムりん / モチノ・ウオ丸 / ホルトバージ君 / 未来のモア蔵 / まそお姉ちゃん
4,264,em-eaad577a957c,関さん,5,390,390,4,guard,0.0532,0.2083,85,15,6,いいえ,ネムりん / モチノ・ウオ丸 / ホルトバージ君 / 関さん / まそお姉ちゃん
4,265,em-fb6292300fc0,妖怪おたべ,5,525,455,4,delay,0.0532,0.2083,85,15,6,いいえ,ネムりん / モチノ・ウオ丸 / ホルトバージ君 / 妖怪おたべ / まそお姉ちゃん
4,266,em-ed707603ab87,荒ぶる水島神人,15,1200,600,3,guard,0.0532,0.2083,85,15,6,いいえ,ネムりん / モチノ・ウオ丸 / ホルトバージ君 / 荒ぶる水島神人 / ハリウッドナナコ師匠
4,267,em-b08be1a4ca3f,中央アルプスの少女,6,500,300,3,damage_reduction,0.0532,0.2083,86,14,6,いいえ,ネムりん / モチノ・ウオ丸 / ホルトバージ君 / 中央アルプスの少女 / まそお姉ちゃん
4,268,em-bbcbbb9fef0a,こっちの大谷,6,1000,100,3,damage_reduction,0.0532,0.2083,86,14,6,いいえ,ネムりん / モチノ・ウオ丸 / ホルトバージ君 / こっちの大谷 / まそお姉ちゃん
4,269,em-1555cadff0cf,おぅぼっと,6,800,300,4,damage_reduction,0.0532,0.2083,87,13,6,いいえ,ネムりん / モチノ・ウオ丸 / ホルトバージ君 / おぅぼっと / 眠里　不可緒
4,270,em-0481f6c14fd9,関先輩,7,475,475,4,guard,0.0532,0.2083,87,13,6,いいえ,ネムりん / モチノ・ウオ丸 / ホルトバージ君 / 関先輩 / まそお姉ちゃん
4,271,em-4586795c80d9,スノーガイ,7,1500,300,4,attack_buff,0.0532,0.2083,87,13,6,いいえ,ネムりん / モチノ・ウオ丸 / ホルトバージ君 / スノーガイ / まそお姉ちゃん
4,272,em-6f76a23db620,伏姫さま,17,2006,676,4,guard,0.0532,0.2083,87,13,6,いいえ,ネムりん / モチノ・ウオ丸 / ホルトバージ君 / 伏姫さま / ハリウッドナナコ師匠
4,273,em-20df4bd7efaf,白鷺嬢,8,800,420,3,heal,0.0532,0.2083,88,12,6,いいえ,ネムりん / モチノ・ウオ丸 / ホルトバージ君 / 白鷺嬢 / まそお姉ちゃん
4,274,em-d80a2b82ab9f,ブーナッドちゃん,8,1200,200,3,heal,0.0532,0.2083,88,12,6,いいえ,ネムりん / モチノ・ウオ丸 / ホルトバージ君 / ブーナッドちゃん / まそお姉ちゃん
4,275,em-4bde1481e932,黒電話おぅぼっと,9,1000,400,4,damage_reduction,0.0532,0.2083,90,10,6,いいえ,ネムりん / モチノ・ウオ丸 / ホルトバージ君 / 黒電話おぅぼっと / 眠里　不可緒
4,276,em-2b3991ed5705,伝統の牛タソ,10,600,100,4,guard,0.0532,0.2083,90,10,6,いいえ,ネムりん / モチノ・ウオ丸 / ホルトバージ君 / 伝統の牛タソ / まそお姉ちゃん
4,277,em-a5c7dcdde3ff,水島神人発見される,10,900,400,4,guard,0.0532,0.2083,90,10,6,いいえ,ネムりん / モチノ・ウオ丸 / ホルトバージ君 / 水島神人発見される / まそお姉ちゃん
4,278,em-ec52e54bb473,ﾀｰｷｰﾃﾞ-なじとっこ君,10,706,2403,4,attack_buff,0.0532,0.2083,90,10,6,いいえ,ネムりん / モチノ・ウオ丸 / ホルトバージ君 / ﾀｰｷｰﾃﾞ-なじとっこ君 / まそお姉ちゃん
4,279,em-8527b3dd869a,帰って来たいぬやマン,21,1661,1661,4,attack_buff,0.0532,0.2083,91,9,6,いいえ,ネムりん / モチノ・ウオ丸 / ホルトバージ君 / 帰って来たいぬやマン / ハリウッドナナコ師匠
4,280,em-8646cdffe6eb,ブーナッドさん,12,1700,300,3,heal,0.0532,0.2083,92,8,6,いいえ,ネムりん / モチノ・ウオ丸 / ホルトバージ君 / ブーナッドさん / まそお姉ちゃん
4,281,em-ba09169b5b3d,あまのちゃん,12,300,200,4,multi_hit_attack,0.0532,0.2083,92,8,6,いいえ,ネムりん / モチノ・ウオ丸 / ホルトバージ君 / あまのちゃん / まそお姉ちゃん
4,282,em-33e6bfd45207,みさきパイセン,22,2737,3059,3,multi_hit_attack,0.0532,0.2083,92,8,6,いいえ,ネムりん / モチノ・ウオ丸 / ホルトバージ君 / みさきパイセン / ハリウッドナナコ師匠
4,283,em-1a3ab3b1acf7,聖☆いんてぃないか,19,2817,2334,4,aoe_attack,0.0532,0.2083,93,7,6,いいえ,ハリウッドナナコ師匠 / モチノ・ウオ丸 / ホルトバージ君 / 聖☆いんてぃないか / まそお姉ちゃん
4,284,em-294f61da0084,Ｃ・Ｃ☆電車姫,22,3741,1973,4,attack_buff,0.0532,0.2083,96,4,6,いいえ,ネムりん / モチノ・ウオ丸 / ????? / Ｃ・Ｃ☆電車姫 / 眠里　不可緒
4,285,em-d0ce0f8b817c,あまのさんちゃん,17,600,300,4,multi_hit_attack,0.0532,0.2083,97,3,6,いいえ,ネムりん / モチノ・ウオ丸 / ホルトバージ君 / あまのさんちゃん / まそお姉ちゃん
4,286,em-f49b19428b58,ちび丸のハロウィン,17,255,2896,4,revive,0.0532,0.2083,97,3,6,いいえ,ネムりん / モチノ・ウオ丸 / ホルトバージ君 / ちび丸のハロウィン / まそお姉ちゃん
4,287,em-28a4ccf4cbfc,ステンバーイちび蔵,24,596,3748,4,revive,0.0532,0.2083,98,2,6,いいえ,ハリウッドナナコ師匠 / モチノ・ウオ丸 / ホルトバージ君 / ステンバーイちび蔵 / まそお姉ちゃん
4,288,em-e51e56c23fa1,上級国民ロヴィーサ,44,2832,2984,4,attribute_guard,0.0532,0.2083,99,1,5,いいえ,ハリウッドナナコ師匠 / アレス暮らし / ????? / 上級国民ロヴィーサ / ネムりん
4,289,em-0e376d1892df,メネリくん一世,72,6134,3067,4,guard,0.0532,0.2083,99,1,5,いいえ,ＢＥＷ雪玉 / 総統エビユルゲ / 試作型おこしん / メネリくん一世 / ハリウッドナナコ師匠
4,290,em-05476daa6b31,だんじり鉄砲隊,26,805,3599,4,attack_buff,0.0532,0.2083,100,0,6,いいえ,ハリウッドナナコ師匠 / モチノ・ウオ丸 / ホルトバージ君 / だんじり鉄砲隊 / まそお姉ちゃん
4,291,em-251adb8af3dc,にくぁう餃子権現,30,1365,3638,4,attack_buff,0.0532,0.2083,100,0,5,いいえ,ハリウッドナナコ師匠 / モチノ・ウオ丸 / ホルトバージ君 / にくぁう餃子権現 / ネムりん
4,292,em-a66d3edc0ac1,水戸Come On!,38,3493,3237,4,delay,0.0532,0.2083,100,0,5,いいえ,ハリウッドナナコ師匠 / アレス暮らし / ホルトバージ君 / 水戸Come On! / ネムりん
4,293,em-f3861e35df6f,暗黒王まはーかーらん,47,3731,3926,4,delay,0.0532,0.2083,100,0,6,いいえ,ハリウッドナナコ師匠 / アレス暮らし / ????? / 暗黒王まはーかーらん / 実はこんにゃくちゃん
4,294,em-31758a7d7c63,ﾗｰｶﾞﾙﾌﾘｮｩﾄﾙﾑりん,47,5700,2292,3,damage_reduction,0.0453,0.1875,94,6,5,いいえ,ネムりん / トマティーナ少佐 / ????? / ﾗｰｶﾞﾙﾌﾘｮｩﾄﾙﾑりん / ハリウッドナナコ師匠
4,295,em-f119f767f457,アダム＆エバ,50,5112,4260,4,attack_buff,0.0453,0.1875,97,3,5,いいえ,ネムりん / トマティーナ少佐 / ????? / アダム＆エバ / ハリウッドナナコ師匠
4,296,em-7f18b9c64c74,家族贖罪という字面,40,5964,1704,3,damage_reduction,0.0453,0.1875,98,2,5,いいえ,ネムりん / トマティーナ少佐 / ????? / 家族贖罪という字面 / 眠里　不可緒
4,297,em-05c5072dc080,橘の元祖☆みっちー,75,9798,4515,4,skill_reduction,0.0453,0.1875,99,1,3,いいえ,ズースくん / のり男師匠 / 試作型おこしん / 橘の元祖☆みっちー / ハリウッドナナコ師匠
4,298,em-cdd7690ef318,京都コーラマン,59,5959,2800,4,damage_reduction,0.0453,0.1875,100,0,4,いいえ,ネムりん / 欣喜ぴよ子 / ????? / 京都コーラマン / ハリウッドナナコ師匠
4,299,em-fd2a055eb394,コニー＆ギャリー,10,500,500,3,damage_reduction,0.0424,0.2083,93,7,6,いいえ,ハリウッドナナコ師匠 / アレス暮らし / ホルトバージ君 / コニー＆ギャリー / モンさんミッシェル
4,300,em-0da991c52dd4,ギャリーくん,5,400,400,3,damage_reduction,0.0424,0.2083,94,6,6,いいえ,ネムりん / アレス暮らし / ホルトバージ君 / ギャリーくん / モンさんミッシェル
4,301,em-0a88e828f44f,あずま京子,7,500,500,4,damage_reduction,0.0424,0.2083,96,4,6,いいえ,ネムりん / アレス暮らし / ホルトバージ君 / あずま京子 / モンさんミッシェル
4,302,em-62efa937d743,素敵なびわ子たん,7,500,480,4,damage_reduction,0.0424,0.2083,96,4,6,いいえ,ネムりん / アレス暮らし / ホルトバージ君 / 素敵なびわ子たん / モンさんミッシェル
4,303,em-99d6f9e928d6,京子中学２４年生,8,620,612,4,damage_reduction,0.0424,0.2083,97,3,6,いいえ,ネムりん / アレス暮らし / ホルトバージ君 / 京子中学２４年生 / モンさんミッシェル
4,304,em-cf62aeacc244,やまたのおろちん,40,2726,2726,3,multi_hit_attack,0.0392,0.1667,95,5,6,いいえ,ネムりん / アレス暮らし / ????? / やまたのおろちん / ハリウッドナナコ師匠
4,305,em-371b0bc06848,やっとの神,50,2933,2919,3,multi_hit_attack,0.0392,0.1667,98,2,5,いいえ,ネムりん / アレス暮らし / 試作型おこしん / やっとの神 / ハリウッドナナコ師匠
4,306,em-d25a7727f654,プラハ嬢,32,1482,4991,4,damage_reduction,0.0392,0.1667,99,1,6,いいえ,ネムりん / モチノ・ウオ丸 / 試作型おこしん / プラハ嬢 / 眠里　不可緒
4,307,em-d76a5850c323,牛追いガウガウ,40,5964,1704,4,damage_reduction,0.0392,0.1667,99,1,5,いいえ,ネムりん / アレス暮らし / ????? / 牛追いガウガウ / 実はこんにゃくちゃん
4,308,em-3803f94f5ae7,あろまちゃん,3,350,500,4,revive,0.0335,0.1875,73,27,6,いいえ,ネムりん / モチノ・ウオ丸 / ホルトバージ君 / あろまちゃん / ハリウッドナナコ師匠
4,309,em-564e1dfe9c75,コニーちゃん,3,300,300,4,damage_reduction,0.0335,0.1875,73,27,6,いいえ,ネムりん / モチノ・ウオ丸 / ホルトバージ君 / コニーちゃん / ハリウッドナナコ師匠
4,310,em-70e79fbffe3c,怪人エビユルゲ,3,305,297,4,attribute_change,0.0335,0.1875,73,27,6,いいえ,ネムりん / モチノ・ウオ丸 / ホルトバージ君 / 怪人エビユルゲ / ハリウッドナナコ師匠
4,311,em-73a9cdab3511,リンゴール子爵,3,300,200,4,delay,0.0335,0.1875,73,27,6,いいえ,ネムりん / モチノ・ウオ丸 / ホルトバージ君 / リンゴール子爵 / ハリウッドナナコ師匠
4,312,em-8e8c7fbfac2a,おたべくん,3,315,287,4,delay,0.0335,0.1875,73,27,6,いいえ,ネムりん / モチノ・ウオ丸 / ホルトバージ君 / おたべくん / ハリウッドナナコ師匠
4,313,em-4900e4471484,モア蔵,4,722,90,4,guard,0.0335,0.1875,74,26,6,いいえ,ネムりん / モチノ・ウオ丸 / ホルトバージ君 / モア蔵 / ハリウッドナナコ師匠
4,314,em-6f9254f46753,うわマジカ,4,450,650,4,attribute_guard,0.0335,0.1875,74,26,6,いいえ,ネムりん / モチノ・ウオ丸 / ホルトバージ君 / うわマジカ / ハリウッドナナコ師匠
4,315,em-8060e6a7ab61,戸隠ちび丸,4,150,700,3,attack_buff,0.0335,0.1875,74,26,6,いいえ,ネムりん / モチノ・ウオ丸 / ホルトバージ君 / 戸隠ちび丸 / ハリウッドナナコ師匠
4,316,em-144424b04d69,あろまさん,5,450,650,4,revive,0.0335,0.1875,75,25,6,いいえ,ネムりん / モチノ・ウオ丸 / ホルトバージ君 / あろまさん / ハリウッドナナコ師匠
4,317,em-5793db0a4078,リンゴール伯爵,5,700,600,4,delay,0.0335,0.1875,75,25,6,いいえ,ネムりん / モチノ・ウオ丸 / ホルトバージ君 / リンゴール伯爵 / ハリウッドナナコ師匠
4,318,em-2697b5e55b56,あろまちゃん+空気,6,650,700,4,revive,0.0335,0.1875,76,24,6,いいえ,ネムりん / モチノ・ウオ丸 / ホルトバージ君 / あろまちゃん+空気 / ハリウッドナナコ師匠
4,319,em-674bf61c8b00,海賊衆かっさーのん,6,600,700,4,attack_buff,0.0335,0.1875,76,24,6,いいえ,ネムりん / モチノ・ウオ丸 / ホルトバージ君 / 海賊衆かっさーのん / ハリウッドナナコ師匠
4,320,em-71820072d6c5,松浦凜子,6,603,603,4,attack_buff,0.0335,0.1875,76,24,6,いいえ,ネムりん / モチノ・ウオ丸 / ホルトバージ君 / 松浦凜子 / ハリウッドナナコ師匠
4,321,em-7c5fdd7af70d,覚醒むりょく,6,198,89,3,multi_hit_attack,0.0335,0.1875,76,24,6,いいえ,ネムりん / モチノ・ウオ丸 / ホルトバージ君 / 覚醒むりょく / ハリウッドナナコ師匠
4,322,em-865f442bc56a,神魚！はたはタン,6,700,600,4,heal,0.0335,0.1875,76,24,6,いいえ,ネムりん / モチノ・ウオ丸 / ホルトバージ君 / 神魚！はたはタン / ハリウッドナナコ師匠
4,323,em-902df874fa74,でらマジカ,6,650,700,3,attribute_guard,0.0335,0.1875,76,24,6,いいえ,ネムりん / モチノ・ウオ丸 / ホルトバージ君 / でらマジカ / ハリウッドナナコ師匠
4,324,em-9da039c08ead,キャミー先生,6,500,600,4,heal,0.0335,0.1875,76,24,6,いいえ,ネムりん / モチノ・ウオ丸 / ホルトバージ君 / キャミー先生 / ハリウッドナナコ師匠
4,325,em-32f3aa536bcf,境地！絶海のあん子,7,502,488,4,heal,0.0335,0.1875,77,23,6,いいえ,ネムりん / モチノ・ウオ丸 / ホルトバージ君 / 境地！絶海のあん子 / ハリウッドナナコ師匠
4,326,em-b827590fe52d,芹沢くん,7,500,500,4,guard,0.0335,0.1875,77,23,6,いいえ,ネムりん / モチノ・ウオ丸 / ホルトバージ君 / 芹沢くん / ハリウッドナナコ師匠
4,327,em-0051409a8e1f,芹沢さん,8,604,597,4,guard,0.0335,0.1875,78,22,6,いいえ,ネムりん / モチノ・ウオ丸 / ホルトバージ君 / 芹沢さん / ハリウッドナナコ師匠
4,328,em-428a2893945d,雪愛ちゃん,8,590,630,3,attribute_change,0.0335,0.1875,78,22,6,いいえ,ネムりん / モチノ・ウオ丸 / ホルトバージ君 / 雪愛ちゃん / ハリウッドナナコ師匠
4,329,em-99ad2fb4f1bc,いはとくん,8,580,640,3,delay,0.0335,0.1875,78,22,6,いいえ,ネムりん / モチノ・ウオ丸 / ホルトバージ君 / いはとくん / ハリウッドナナコ師匠
4,330,em-ce7e2e4f30af,らん坊,8,580,626,4,skill_reduction,0.0335,0.1875,78,22,6,いいえ,ネムりん / モチノ・ウオ丸 / ホルトバージ君 / らん坊 / ハリウッドナナコ師匠
4,331,em-ebf10919d982,ミラクル凜子,8,700,704,4,attack_buff,0.0335,0.1875,78,22,6,いいえ,ネムりん / モチノ・ウオ丸 / ホルトバージ君 / ミラクル凜子 / ハリウッドナナコ師匠
4,332,em-da4562cd6142,プレーン下仁田,10,500,500,4,guard,0.0335,0.1875,80,20,6,いいえ,ネムりん / モチノ・ウオ丸 / ホルトバージ君 / プレーン下仁田 / ハリウッドナナコ師匠
4,333,em-1dbd8ae5b939,国宝！白鷺嬢,12,1200,500,3,heal,0.0335,0.1875,82,18,6,いいえ,ネムりん / モチノ・ウオ丸 / ホルトバージ君 / 国宝！白鷺嬢 / ハリウッドナナコ師匠
4,334,em-2a01f5ee5de4,ガラパゴスおぅぼっと,12,1200,600,4,damage_reduction,0.0335,0.1875,82,18,6,いいえ,ネムりん / モチノ・ウオ丸 / ホルトバージ君 / ガラパゴスおぅぼっと / ハリウッドナナコ師匠
4,335,em-0985c7675d5c,みかん姐さん,13,1100,600,4,aoe_attack,0.0335,0.1875,83,17,6,いいえ,ネムりん / モチノ・ウオ丸 / ホルトバージ君 / みかん姐さん / ハリウッドナナコ師匠
4,336,em-e63df2359896,世界遺産な白鷺嬢,15,2100,600,3,heal,0.0335,0.1875,85,15,6,いいえ,ネムりん / モチノ・ウオ丸 / ホルトバージ君 / 世界遺産な白鷺嬢 / ハリウッドナナコ師匠
4,337,em-a94a52532d71,あまのちゃん先輩,20,1200,500,3,multi_hit_attack,0.0335,0.1875,90,10,6,いいえ,ネムりん / モチノ・ウオ丸 / ホルトバージ君 / あまのちゃん先輩 / ハリウッドナナコ師匠
4,338,em-3fef7ee3dc51,トゥバタハのシレーナ,60,3919,4601,3,aoe_attack,0.0262,0.1667,99,1,5,いいえ,ネムりん / 試作型おこしん / ????? / トゥバタハのシレーナ / ハリウッドナナコ師匠
4,339,em-45d954b40bc4,ジェラする？かめ姫,60,4941,3237,3,multi_hit_attack,0.0262,0.1667,99,1,5,いいえ,ネムりん / 試作型おこしん / ????? / ジェラする？かめ姫 / ハリウッドナナコ師匠
4,340,em-40bd3b1e44fa,五月病の悪魔の契約,55,4123,4226,4,aoe_attack,0.0262,0.1667,100,0,5,いいえ,ネムりん / 欣喜ぴよ子 / ????? / 五月病の悪魔の契約 / 実はこんにゃくちゃん
4,341,em-eaadf81fc136,サリー,55,4686,4004,4,aoe_attack,0.0262,0.1667,100,0,5,いいえ,ネムりん / 夜光虫ほたるん / ????? / サリー / ハリウッドナナコ師匠
4,342,em-4c03ad40dce9,源のゴライコー,75,7923,6390,4,attack_buff,0.021,0.1458,99,1,3,いいえ,ズースくん / のり男師匠 / ＢＥＷ雪玉 / 源のゴライコー / ハリウッドナナコ師匠
4,343,em-94dc3d86f691,碧海のオフタルもん,75,10054,3919,4,multi_hit_attack,0.021,0.1458,99,1,3,いいえ,シーラちゃん / のり男師匠 / 試作型おこしん / 碧海のオフタルもん / ズースくん
4,344,em-18279a838450,白刃舞うは存亡の秋,70,6816,4260,4,attack_buff,0.021,0.1458,100,0,5,いいえ,ハリウッドナナコ師匠 / 総統エビユルゲ / 試作型おこしん / 白刃舞うは存亡の秋 / ネムりん
4,345,em-59a8f156dec4,クロアリ,60,4089,4089,3,multi_hit_attack,0.0187,0.125,99,1,5,いいえ,ネムりん / 試作型おこしん / ????? / クロアリ / ハリウッドナナコ師匠
4,346,em-b5e0f2fbff78,養老のバッカス,65,6475,3408,4,revive,0.0187,0.125,100,0,5,いいえ,ハリウッドナナコ師匠 / 総統エビユルゲ / ????? / 養老のバッカス / 実はこんにゃくちゃん
4,347,em-6a50fe1ba475,青き春の酔竜,70,2556,7668,3,attack_buff,0.0187,0.125,100,0,5,いいえ,ハリウッドナナコ師匠 / 総統エビユルゲ / 試作型おこしん / 青き春の酔竜 / ネムりん
4,348,em-da18dad9d936,もけーれ！ムベちゃん,53,2896,6475,4,multi_hit_attack,0.0078,0.1458,98,2,5,いいえ,ネムりん / 欣喜ぴよ子 / ????? / もけーれ！ムベちゃん / 実はこんにゃくちゃん
4,349,em-58dbb7bc9653,六点魔王ノッブ,58,3408,5964,3,multi_hit_attack,0.0078,0.1458,99,1,4,いいえ,ネムりん / 欣喜ぴよ子 / ????? / 六点魔王ノッブ / ハリウッドナナコ師匠
4,350,em-0e768525b557,ヘラクレス先輩,70,5885,6230,4,multi_hit_attack,0.0023,0.1042,100,0,4,いいえ,ネムりん / 総統エビユルゲ / 試作型おこしん / ヘラクレス先輩 / ハリウッドナナコ師匠
4,351,em-0277eca3d9cf,ゆる神の像＆ピヨか？,60,426,511,3,guard,0,0.1042,100,0,5,いいえ,ハリウッドナナコ師匠 / トマティーナ少佐 / ＢＥＷ雪玉 / ゆる神の像＆ピヨか？ / ネムりん
4,352,em-523af93f71e3,神田祭らーの集い,88,5027,6901,4,aoe_attack,0,0,101,0,0,いいえ,
4,353,em-6eed78e1fe62,リア充の権化安倍晴明,100,6782,6271,3,heal,0,0,101,0,0,いいえ,
4,354,em-a85045965911,まさか殿(マジ),100,7463,6628,3,attack_buff,0,0,101,0,0,いいえ,
4,355,em-f33de53ee597,遊無給(ニート)な小町,100,7327,5623,3,attack_buff,0,0,101,0,0,いいえ,
5,1,em-7fafc017f6f6,水蛭子リターンズ,43,6816,3408,7,revive,0.3757,0.5417,99,1,6,いいえ,ハリウッドナナコ師匠 / 夜光虫ほたるん / ホルトバージ君 / ????? / 水蛭子リターンズ
5,2,em-14bbe92902df,ネムりん,11,2726,1633,5,attack_buff,0.2975,0.4792,98,2,6,いいえ,ナポレオーヌ一世 / モチノ・ウオ丸 / 試作型おこしん / ????? / ネムりん
5,3,em-82e855b7910f,栗林掬太郎,33,5453,2385,4,heal,0.2924,0.4583,99,1,6,いいえ,ハリウッドナナコ師匠 / アレス暮らし / ホルトバージ君 / ????? / 栗林掬太郎
5,4,em-bd98030ead3e,首領子襲来!!,33,5680,3786,4,heal,0.2924,0.4583,99,1,6,いいえ,ハリウッドナナコ師匠 / アレス暮らし / ホルトバージ君 / ????? / 首領子襲来!!
5,5,em-64fa899f397f,ダル飯☆杏,44,5896,3340,4,guard,0.2924,0.4583,100,0,6,いいえ,ハリウッドナナコ師匠 / 夜光虫ほたるん / ホルトバージ君 / ????? / ダル飯☆杏
5,6,em-4b4011b90d8c,ロータス先輩,16,1932,1932,6,damage_reduction,0.2726,0.4583,99,1,6,いいえ,ネムりん / アレス暮らし / 試作型おこしん / とんこつ神！博多美子 / ロータス先輩
5,7,em-55cdacc97f8e,バーチャルおぅぼっと,25,4025,1610,7,damage_reduction,0.2674,0.4375,99,1,6,いいえ,ハリウッドナナコ師匠 / モチノ・ウオ丸 / ホルトバージ君 / ????? / バーチャルおぅぼっと
5,8,em-a93e62a47cbd,ホレズ先生,25,3494,3043,6,revive,0.2644,0.4167,99,1,6,いいえ,ハリウッドナナコ師匠 / モチノ・ウオ丸 / ホルトバージ君 / ????? / ホレズ先生
5,9,em-f3234f88661c,氷の大魔女カナリン,43,7497,1641,5,revive,0.2644,0.4167,99,1,6,いいえ,ハリウッドナナコ師匠 / 夜光虫ほたるん / ホルトバージ君 / ????? / 氷の大魔女カナリン
5,10,em-2a26d74bb300,鮫っ子！フカオちゃん,21,4430,2996,5,attack_buff,0.2481,0.4375,98,2,6,いいえ,????? / モチノ・ウオ丸 / ホルトバージ君 / ＢＥＷ雪玉 / 鮫っ子！フカオちゃん
5,11,em-d0639c20e6b1,ユーコ☆宇宙,24,4260,2556,4,revive,0.2333,0.4167,98,2,6,いいえ,ハリウッドナナコ師匠 / モチノ・ウオ丸 / ホルトバージ君 / ????? / ユーコ☆宇宙
5,12,em-24d6f242799c,大浜美波さん,32,3748,3408,5,revive,0.2292,0.3958,98,2,6,いいえ,ハリウッドナナコ師匠 / アレス暮らし / ホルトバージ君 / ????? / 大浜美波さん
5,13,em-469fc4e70bad,エヴァンジェ・凛,48,5091,3428,5,heal,0.2292,0.3958,98,2,5,いいえ,ネムりん / トマティーナ少佐 / 試作型おこしん / ????? / エヴァンジェ・凛
5,14,em-b943dbad0d0c,姫武者伏姫,54,6253,3823,5,guard,0.2292,0.3958,100,0,5,いいえ,ネムりん / 試作型おこしん / ????? / ɚすぃとあろま？ / 姫武者伏姫
5,15,em-40c34074cbb0,おかいこさま,17,2756,2511,4,attribute_change,0.2191,0.3958,91,9,6,いいえ,ハリウッドナナコ師匠 / モチノ・ウオ丸 / ホルトバージ君 / ????? / おかいこさま
5,16,em-bc840d35c547,ジ・あるじや,20,4025,1610,4,skill_reduction,0.2191,0.3958,97,3,6,いいえ,????? / モチノ・ウオ丸 / ホルトバージ君 / ＢＥＷ雪玉 / ジ・あるじや
5,17,em-710becd5b772,雪女フェス祭カーニバル,54,7497,2556,6,attribute_guard,0.2191,0.3958,100,0,5,いいえ,ネムりん / 試作型おこしん / ????? / ɚすぃとあろま？ / 雪女フェス祭カーニバル
5,18,em-b07f62000b94,雪兎フェス祭カーニバル,22,4089,1192,5,revive,0.2162,0.375,96,4,6,いいえ,ハリウッドナナコ師匠 / モチノ・ウオ丸 / ホルトバージ君 / ????? / 雪兎フェス祭カーニバル
5,19,em-ffdcaffc4a41,雑煮入り☆うるっしー,36,3443,3443,4,guard,0.1928,0.3542,94,6,6,いいえ,ネムりん / アレス暮らし / 試作型おこしん / ????? / 雑煮入り☆うるっしー
5,20,em-306ef0a3ce60,大納言鮒麿,14,1812,1548,4,heal,0.1928,0.3542,96,4,6,いいえ,ハリウッドナナコ師匠 / モチノ・ウオ丸 / ホルトバージ君 / みどりのたけしマン / 大納言鮒麿
5,21,em-59ac9769ef60,神犬八房伏姫様,24,4093,1223,4,guard,0.1928,0.3542,98,2,6,いいえ,ハリウッドナナコ師匠 / モチノ・ウオ丸 / ホルトバージ君 / ????? / 神犬八房伏姫様
5,22,em-9cbbb04818bd,シミ,20,1704,2215,4,heal,0.1928,0.3542,100,0,6,いいえ,ネムりん / モチノ・ウオ丸 / ホルトバージ君 / ????? / シミ
5,23,em-74b9082a787c,暫時バル状態,19,2938,838,4,damage_reduction,0.1824,0.3542,93,7,6,いいえ,ハリウッドナナコ師匠 / モチノ・ウオ丸 / ホルトバージ君 / ????? / 暫時バル状態
5,24,em-e6110f879f18,ユーコ隊,24,3408,2044,4,revive,0.1824,0.3542,98,2,6,いいえ,ハリウッドナナコ師匠 / モチノ・ウオ丸 / ホルトバージ君 / ????? / ユーコ隊
5,25,em-7e8ca5d8d19a,小林伯爵,15,3020,1812,5,revive,0.181,0.3333,89,11,6,いいえ,ハリウッドナナコ師匠 / モチノ・ウオ丸 / ホルトバージ君 / ????? / 小林伯爵
5,26,em-4c448c54f095,実底超真幽子さん,15,1187,1215,5,revive,0.181,0.3333,92,8,6,いいえ,ハリウッドナナコ師匠 / モチノ・ウオ丸 / ホルトバージ君 / パラワン探検隊 / 実底超真幽子さん
5,27,em-87d7d883c438,ニートエンペラー,10,459,565,7,damage_reduction,0.181,0.3333,93,7,6,いいえ,ネムりん / アレス暮らし / 試作型おこしん / とんこつ神！博多美子 / ニートエンペラー
5,28,em-a81a753351d9,戸定梨香,28,3216,3534,4,revive,0.181,0.3333,94,6,6,いいえ,ハリウッドナナコ師匠 / アレス暮らし / ホルトバージ君 / ????? / 戸定梨香
5,29,em-76311eb8b6ba,Halloweenな藤原マミー,18,1208,1963,5,revive,0.181,0.3333,95,5,6,いいえ,ハリウッドナナコ師匠 / モチノ・ウオ丸 / ホルトバージ君 / パラワン探検隊 / Halloweenな藤原マミー
5,30,em-83c97b8f4e6e,アルルのキャミー,40,4001,6236,4,heal,0.181,0.3333,98,2,6,いいえ,ネムりん / アレス暮らし / 試作型おこしん / ????? / アルルのキャミー
5,31,em-2d1c8d50a6d1,スマートouぼっと,17,2265,1510,5,damage_reduction,0.181,0.3333,100,0,6,いいえ,ネムりん / アレス暮らし / 試作型おこしん / とんこつ神！博多美子 / スマートouぼっと
5,32,em-c7ca0cfdb77b,護国の盾,14,1887,1510,5,attribute_guard,0.1703,0.3125,97,3,6,いいえ,ネムりん / アレス暮らし / 試作型おこしん / とんこつ神！博多美子 / 護国の盾
5,33,em-06a82dd4f95a,やまとーる海将,18,2567,1208,4,damage_reduction,0.17,0.3333,92,8,6,いいえ,ハリウッドナナコ師匠 / モチノ・ウオ丸 / ホルトバージ君 / ????? / やまとーる海将
5,34,em-7e5ff582788f,INする★パンドラ,28,3059,1932,6,attribute_guard,0.17,0.3333,94,6,6,いいえ,ハリウッドナナコ師匠 / アレス暮らし / ホルトバージ君 / ????? / INする★パンドラ
5,35,em-bd2931324bdc,夢ナマコちゃん,15,1976,1090,6,attribute_guard,0.17,0.3333,97,3,6,いいえ,ハリウッドナナコ師匠 / モチノ・ウオ丸 / ホルトバージ君 / みどりのたけしマン / 夢ナマコちゃん
5,36,em-48860dff9f84,カナ★パラ,20,1661,1812,5,revive,0.17,0.3333,97,3,6,いいえ,ハリウッドナナコ師匠 / モチノ・ウオ丸 / ホルトバージ君 / パラワン探検隊 / カナ★パラ
5,37,em-6c9a66a7da8c,抹殺音ズース,40,5623,3408,6,heal,0.1597,0.3333,98,2,6,いいえ,ハリウッドナナコ師匠 / トマティーナ少佐 / ホルトバージ君 / ????? / 抹殺音ズース
5,38,em-fc0926b017ef,なまずのおじさん,25,4260,1278,5,damage_reduction,0.1597,0.3333,99,1,6,いいえ,ハリウッドナナコ師匠 / モチノ・ウオ丸 / ホルトバージ君 / ????? / なまずのおじさん
5,39,em-d6cc97b363eb,ユウレイイカさん,10,1363,1704,5,revive,0.1585,0.3125,87,13,6,いいえ,ハリウッドナナコ師匠 / モチノ・ウオ丸 / ホルトバージ君 / パラワン探検隊 / ユウレイイカさん
5,40,em-2625991e40c1,恐れない幽子,11,470,510,6,revive,0.1585,0.3125,88,12,6,いいえ,ハリウッドナナコ師匠 / モチノ・ウオ丸 / ホルトバージ君 / パラワン探検隊 / 恐れない幽子
5,41,em-f346c1f4c45d,八狗神伏姫様,35,5538,2130,4,guard,0.1585,0.3125,93,7,6,いいえ,ネムりん / アレス暮らし / 試作型おこしん / ????? / 八狗神伏姫様
5,42,em-f7db929b2ed5,シャボテンの世界,17,1510,1812,5,revive,0.1585,0.3125,94,6,6,いいえ,ハリウッドナナコ師匠 / モチノ・ウオ丸 / ホルトバージ君 / パラワン探検隊 / シャボテンの世界
5,43,em-9bad632dc3a9,秋田世界発見伝,24,3838,845,4,guard,0.1585,0.3125,96,4,6,いいえ,ネムりん / アレス暮らし / ホルトバージ君 / 呼んでますトムさん / 秋田世界発見伝
5,44,em-ad82a61bcc2a,ｺﾄﾖﾛ!巳ーちゃん様,55,6901,3451,4,damage_reduction,0.1585,0.3125,99,1,5,いいえ,ネムりん / 欣喜ぴよ子 / 試作型おこしん / ????? / ｺﾄﾖﾛ!巳ーちゃん様
5,45,em-54ee851ff3fb,zuス様とsiラ様,10,1410,987,4,attack_buff,0.1482,0.2917,93,7,6,いいえ,ネムりん / アレス暮らし / 試作型おこしん / とんこつ神！博多美子 / zuス様とsiラ様
5,46,em-75c067942d62,大内先生,11,1699,1699,4,heal,0.1482,0.2917,94,6,6,いいえ,ネムりん / アレス暮らし / 試作型おこしん / とんこつ神！博多美子 / 大内先生
5,47,em-df28e035685e,ハル先輩,11,626,1096,5,heal,0.1482,0.2917,94,6,6,いいえ,ネムりん / アレス暮らし / 試作型おこしん / とんこつ神！博多美子 / ハル先輩
5,48,em-1d5e8b5832c0,続・いぬやマン,12,400,400,7,attack_buff,0.1482,0.2917,95,5,6,いいえ,ネムりん / アレス暮らし / 試作型おこしん / とんこつ神！博多美子 / 続・いぬやマン
5,49,em-32e57ebd5904,ハンザギルドさん,12,1551,423,5,attribute_guard,0.1482,0.2917,95,5,6,いいえ,ネムりん / アレス暮らし / 試作型おこしん / とんこつ神！博多美子 / ハンザギルドさん
5,50,em-58f4a804ff7f,マリンな白良さん,12,710,694,4,attack_buff,0.1482,0.2917,95,5,6,いいえ,ネムりん / アレス暮らし / 試作型おこしん / とんこつ神！博多美子 / マリンな白良さん
5,51,em-8594f11c20bf,替え玉ひろし,12,790,810,5,attack_buff,0.1482,0.2917,95,5,6,いいえ,ネムりん / アレス暮らし / 試作型おこしん / とんこつ神！博多美子 / 替え玉ひろし
5,52,em-a0e736cc95fd,ユッフィーさん,12,704,700,5,attack_buff,0.1482,0.2917,95,5,6,いいえ,ネムりん / アレス暮らし / 試作型おこしん / とんこつ神！博多美子 / ユッフィーさん
5,53,em-b078ec458c73,ににぎさん,12,770,830,6,attack_buff,0.1482,0.2917,95,5,6,いいえ,ネムりん / アレス暮らし / 試作型おこしん / とんこつ神！博多美子 / ににぎさん
5,54,em-c5dbda5d8d5b,湘南パボーイ,12,318,911,4,attack_buff,0.1482,0.2917,95,5,6,いいえ,ネムりん / アレス暮らし / 試作型おこしん / とんこつ神！博多美子 / 湘南パボーイ
5,55,em-c69e39cf7701,伏ちゃん,12,1597,516,5,guard,0.1482,0.2917,95,5,6,いいえ,ネムりん / アレス暮らし / 試作型おこしん / とんこつ神！博多美子 / 伏ちゃん
5,56,em-5514b5658aa3,ハリウッドナナコ師匠,5,2503,1093,9,delay,0.1482,0.2917,96,4,6,いいえ,ネムりん / モチノ・ウオ丸 / 試作型おこしん / とんこつ神！博多美子 / ハリウッドナナコ師匠
5,57,em-4bb28e84009d,吉野スライメスト,13,1809,735,5,guard,0.1482,0.2917,96,4,6,いいえ,ネムりん / アレス暮らし / 試作型おこしん / とんこつ神！博多美子 / 吉野スライメスト
5,58,em-204ef16c9e26,カピ原雄さん,6,300,500,6,revive,0.1482,0.2917,97,3,6,いいえ,ネムりん / モチノ・ウオ丸 / 試作型おこしん / とんこつ神！博多美子 / カピ原雄さん
5,59,em-58b6cf5f2d45,忍者！フゥーま,6,500,500,5,guard,0.1482,0.2917,97,3,6,いいえ,ネムりん / モチノ・ウオ丸 / 試作型おこしん / とんこつ神！博多美子 / 忍者！フゥーま
5,60,em-b5a4cfe168a6,安井大先生,7,505,475,5,guard,0.1482,0.2917,98,2,6,いいえ,ネムりん / モチノ・ウオ丸 / 試作型おこしん / とんこつ神！博多美子 / 安井大先生
5,61,em-48b5d909c409,南紀な白良さん,15,800,800,4,attack_buff,0.1482,0.2917,98,2,6,いいえ,ネムりん / アレス暮らし / 試作型おこしん / とんこつ神！博多美子 / 南紀な白良さん
5,62,em-5e6cf1fe4c4c,まそお姉ちゃん,15,2898,3059,5,attack_buff,0.1482,0.2917,98,2,6,いいえ,ネムりん / アレス暮らし / 試作型おこしん / とんこつ神！博多美子 / まそお姉ちゃん
5,63,em-7960727b4ac3,伝説のひろし,15,1681,1714,5,attack_buff,0.1482,0.2917,98,2,6,いいえ,ネムりん / アレス暮らし / 試作型おこしん / とんこつ神！博多美子 / 伝説のひろし
5,64,em-9fed59290cda,ユッフィー先生,15,800,800,5,attack_buff,0.1482,0.2917,98,2,6,いいえ,ネムりん / アレス暮らし / 試作型おこしん / とんこつ神！博多美子 / ユッフィー先生
5,65,em-a48bcdd76e03,サーファー岡田,15,419,1298,4,attack_buff,0.1482,0.2917,98,2,6,いいえ,ネムりん / アレス暮らし / 試作型おこしん / とんこつ神！博多美子 / サーファー岡田
5,66,em-f35caa7e177a,モンポスさん,40,5112,2556,4,damage_reduction,0.1482,0.2917,98,2,6,いいえ,ネムりん / アレス暮らし / 試作型おこしん / ????? / モンポスさん
5,67,em-ce7547fb3ccd,いぬやマンリメイク！,16,1661,1661,7,attack_buff,0.1482,0.2917,99,1,6,いいえ,ネムりん / アレス暮らし / 試作型おこしん / とんこつ神！博多美子 / いぬやマンリメイク！
5,68,em-a71ad4631750,絶許！近所のあん子,9,1131,989,4,heal,0.1482,0.2917,100,0,6,いいえ,ネムりん / モチノ・ウオ丸 / 試作型おこしん / とんこつ神！博多美子 / 絶許！近所のあん子
5,69,em-c8d0b7ef1b10,めい子お姉さま,9,1159,1244,4,attribute_guard,0.1482,0.2917,100,0,6,いいえ,ネムりん / モチノ・ウオ丸 / 試作型おこしん / とんこつ神！博多美子 / めい子お姉さま
5,70,em-299066b18ca7,バイカル子,14,2999,499,5,attribute_guard,0.1476,0.3125,88,12,6,いいえ,ハリウッドナナコ師匠 / モチノ・ウオ丸 / ホルトバージ君 / ????? / バイカル子
5,71,em-ec978322ece8,タイプ：テン,20,3864,966,4,guard,0.1476,0.3125,94,6,6,いいえ,ハリウッドナナコ師匠 / モチノ・ウオ丸 / ホルトバージ君 / ????? / タイプ：テン
5,72,em-c87499b64151,ラパヌイ先生,45,6441,3067,4,guard,0.1476,0.3125,95,5,5,いいえ,ネムりん / トマティーナ少佐 / 試作型おこしん / ????? / ラパヌイ先生
5,73,em-34853ed0f0f8,ユーコちゃん,24,2556,1533,4,revive,0.1476,0.3125,98,2,6,いいえ,ハリウッドナナコ師匠 / モチノ・ウオ丸 / ホルトバージ君 / ????? / ユーコちゃん
5,74,em-0183a7a13db2,かーたん・べーり,32,4089,4089,5,attribute_guard,0.1476,0.3125,98,2,6,いいえ,ハリウッドナナコ師匠 / アレス暮らし / ホルトバージ君 / ????? / かーたん・べーり
5,75,em-9c344f264735,カロリスト・カル子,40,6999,2499,5,attribute_guard,0.1476,0.3125,98,2,6,いいえ,ハリウッドナナコ師匠 / トマティーナ少佐 / ホルトバージ君 / ????? / カロリスト・カル子
5,76,em-9625a8dc4056,祟らない幽子,8,370,410,7,revive,0.1476,0.3125,99,1,6,いいえ,ネムりん / モチノ・ウオ丸 / 試作型おこしん / とんこつ神！博多美子 / 祟らない幽子
5,77,em-78804a795640,ズンビージョンきゅん,39,1448,4771,6,revive,0.1476,0.3125,99,1,6,いいえ,ハリウッドナナコ師匠 / アレス暮らし / ホルトバージ君 / トキシッくんｵｯｽｵｯｽ / ズンビージョンきゅん
5,78,em-3803f94f5ae7,あろまちゃん,3,350,500,4,revive,0.1392,0.2708,94,6,6,いいえ,ネムりん / モチノ・ウオ丸 / 試作型おこしん / とんこつ神！博多美子 / あろまちゃん
5,79,em-144424b04d69,あろまさん,5,450,650,4,revive,0.1392,0.2708,96,4,6,いいえ,ネムりん / モチノ・ウオ丸 / 試作型おこしん / とんこつ神！博多美子 / あろまさん
5,80,em-2a96e91a2f35,雪男フェス祭カーニバル,38,5793,1874,5,revive,0.1392,0.2708,96,4,6,いいえ,ネムりん / アレス暮らし / 試作型おこしん / ????? / 雪男フェス祭カーニバル
5,81,em-2697b5e55b56,あろまちゃん+空気,6,650,700,4,revive,0.1392,0.2708,97,3,6,いいえ,ネムりん / モチノ・ウオ丸 / 試作型おこしん / とんこつ神！博多美子 / あろまちゃん+空気
5,82,em-f895c0235d10,アスクとエムブラ,38,2737,4508,5,guard,0.1374,0.3125,98,2,6,いいえ,ハリウッドナナコ師匠 / アレス暮らし / ホルトバージ君 / トキシッくんｵｯｽｵｯｽ / アスクとエムブラ
5,83,em-b791d78202d5,英国面の本気,38,6816,1363,5,multi_hit_attack,0.1374,0.3125,100,0,6,いいえ,ネムりん / アレス暮らし / ????? / ɚすぃとあろま？ / 英国面の本気
5,84,em-ba817035b6a5,ハクさんの本気,38,4601,4089,5,attack_buff,0.1374,0.3125,100,0,6,いいえ,ネムりん / アレス暮らし / ????? / ɚすぃとあろま？ / ハクさんの本気
5,85,em-07a788dc89b4,シャボテン丸,11,400,600,6,revive,0.1365,0.2917,88,12,6,いいえ,ハリウッドナナコ師匠 / モチノ・ウオ丸 / ホルトバージ君 / パラワン探検隊 / シャボテン丸
5,86,em-3bdc05dce56c,シャボテンコンビ,14,600,800,6,revive,0.1365,0.2917,91,9,6,いいえ,ハリウッドナナコ師匠 / モチノ・ウオ丸 / ホルトバージ君 / パラワン探検隊 / シャボテンコンビ
5,87,em-b09ebd864da6,みずがめəろまちゃん,14,1057,1198,4,revive,0.1365,0.2917,91,9,6,いいえ,ハリウッドナナコ師匠 / モチノ・ウオ丸 / ホルトバージ君 / パラワン探検隊 / みずがめəろまちゃん
5,88,em-f49b19428b58,ちび丸のハロウィン,17,255,2896,4,revive,0.1365,0.2917,94,6,6,いいえ,ハリウッドナナコ師匠 / モチノ・ウオ丸 / ホルトバージ君 / クェーサルと仲間たち / ちび丸のハロウィン
5,89,em-9eb7fd81d237,ユウ・レーカさん,20,2044,2556,4,revive,0.1365,0.2917,94,6,6,いいえ,ハリウッドナナコ師匠 / モチノ・ウオ丸 / ホルトバージ君 / ????? / ユウ・レーカさん
5,90,em-0063b3d17f76,玄武むりょく,4,165,165,6,damage_reduction,0.1365,0.2917,95,5,6,いいえ,ネムりん / モチノ・ウオ丸 / 試作型おこしん / とんこつ神！博多美子 / 玄武むりょく
5,91,em-aad8fae6b05f,やまとーる海佐,12,1000,700,5,damage_reduction,0.1365,0.2917,95,5,6,いいえ,ネムりん / アレス暮らし / 試作型おこしん / とんこつ神！博多美子 / やまとーる海佐
5,92,em-12386dff9bd5,サリエリ許さないマン,21,2827,2827,4,revive,0.1365,0.2917,95,5,6,いいえ,ハリウッドナナコ師匠 / モチノ・ウオ丸 / ホルトバージ君 / ????? / サリエリ許さないマン
5,93,em-4442b5ee096e,朱雀むりょく,5,165,165,6,revive,0.1365,0.2917,96,4,6,いいえ,ネムりん / モチノ・ウオ丸 / 試作型おこしん / とんこつ神！博多美子 / 朱雀むりょく
5,94,em-9329de26d52c,iびるん大魔王,14,1812,1963,5,guard,0.1365,0.2917,97,3,6,いいえ,ネムりん / アレス暮らし / 試作型おこしん / とんこつ神！博多美子 / iびるん大魔王
5,95,em-4089c86a52af,夢奈・マコ,15,2470,1363,6,attribute_guard,0.1365,0.2917,98,2,6,いいえ,ネムりん / アレス暮らし / 試作型おこしん / とんこつ神！博多美子 / 夢奈・マコ
5,96,em-83b1d87342f9,コン美なん吉先生,20,882,3381,4,revive,0.1365,0.2917,99,1,6,いいえ,ハリウッドナナコ師匠 / モチノ・ウオ丸 / ホルトバージ君 / 有棘画工 / コン美なん吉先生
5,97,em-72f5e94185a5,MAIKOちゃん,34,3834,3834,6,attribute_guard,0.1365,0.2917,100,0,6,いいえ,ハリウッドナナコ師匠 / アレス暮らし / ホルトバージ君 / ????? / MAIKOちゃん
5,98,em-1290652c5171,萌やし博士,10,408,1212,4,attack_buff,0.1266,0.2708,93,7,6,いいえ,ネムりん / アレス暮らし / 試作型おこしん / とんこつ神！博多美子 / 萌やし博士
5,99,em-86b8f3a86278,レボリューション凜子,10,800,800,4,attack_buff,0.1266,0.2708,93,7,6,いいえ,ネムりん / アレス暮らし / 試作型おこしん / とんこつ神！博多美子 / レボリューション凜子
5,100,em-88669edc6480,京子はまだやれる！,10,718,694,4,damage_reduction,0.1266,0.2708,93,7,6,いいえ,ネムりん / アレス暮らし / 試作型おこしん / とんこつ神！博多美子 / 京子はまだやれる！
5,101,em-2f6ae2b54633,フクちゃん,3,300,400,4,attribute_change,0.1266,0.2708,94,6,6,いいえ,ネムりん / モチノ・ウオ丸 / 試作型おこしん / とんこつ神！博多美子 / フクちゃん
5,102,em-458c94f99220,ほたるーニャ,3,350,500,5,attribute_change,0.1266,0.2708,94,6,6,いいえ,ネムりん / モチノ・ウオ丸 / 試作型おこしん / とんこつ神！博多美子 / ほたるーニャ
5,103,em-547d0e27e1f1,魚堅くん,3,400,500,7,skill_reduction,0.1266,0.2708,94,6,6,いいえ,ネムりん / モチノ・ウオ丸 / 試作型おこしん / とんこつ神！博多美子 / 魚堅くん
5,104,em-ae6ea6bc1914,ズースくん,3,500,400,4,attack_buff,0.1266,0.2708,94,6,6,いいえ,ネムりん / モチノ・ウオ丸 / 試作型おこしん / とんこつ神！博多美子 / ズースくん
5,105,em-d64cb9cf5bb3,それマジカ,3,350,500,5,attribute_guard,0.1266,0.2708,94,6,6,いいえ,ネムりん / モチノ・ウオ丸 / 試作型おこしん / とんこつ神！博多美子 / それマジカ
5,106,em-84808a58aa1d,近江守鮒麿,11,764,640,5,heal,0.1266,0.2708,94,6,6,いいえ,ネムりん / アレス暮らし / 試作型おこしん / とんこつ神！博多美子 / 近江守鮒麿
5,107,em-144acde7efe5,魚臣！又土くん,4,500,650,7,skill_reduction,0.1266,0.2708,95,5,6,いいえ,ネムりん / モチノ・ウオ丸 / 試作型おこしん / とんこつ神！博多美子 / 魚臣！又土くん
5,108,em-2f505dd0418a,とちぎソウル,4,150,400,5,attack_buff,0.1266,0.2708,95,5,6,いいえ,ネムりん / モチノ・ウオ丸 / 試作型おこしん / とんこつ神！博多美子 / とちぎソウル
5,109,em-407710659ecb,玄武ニート,4,330,320,6,damage_reduction,0.1266,0.2708,95,5,6,いいえ,ネムりん / モチノ・ウオ丸 / 試作型おこしん / とんこつ神！博多美子 / 玄武ニート
5,110,em-4299af9bd2dc,皐月むりょく,4,614,614,6,skill_reduction,0.1266,0.2708,95,5,6,いいえ,ネムりん / モチノ・ウオ丸 / 試作型おこしん / とんこつ神！博多美子 / 皐月むりょく
5,111,em-462884d3af90,青竜ニート,4,346,397,6,heal,0.1266,0.2708,95,5,6,いいえ,ネムりん / モチノ・ウオ丸 / 試作型おこしん / とんこつ神！博多美子 / 青竜ニート
5,112,em-671838a10625,皐月ニート,4,614,614,6,skill_reduction,0.1266,0.2708,95,5,6,いいえ,ネムりん / モチノ・ウオ丸 / 試作型おこしん / とんこつ神！博多美子 / 皐月ニート
5,113,em-6f9254f46753,うわマジカ,4,450,650,4,attribute_guard,0.1266,0.2708,95,5,6,いいえ,ネムりん / モチノ・ウオ丸 / 試作型おこしん / とんこつ神！博多美子 / うわマジカ
5,114,em-1a6fa57fc44e,朦朧ボディマンβ,12,400,1500,10,multi_hit_attack,0.1266,0.2708,95,5,6,いいえ,ネムりん / アレス暮らし / 試作型おこしん / とんこつ神！博多美子 / 朦朧ボディマンβ
5,115,em-2a01f5ee5de4,ガラパゴスおぅぼっと,12,1200,600,4,damage_reduction,0.1266,0.2708,95,5,6,いいえ,ネムりん / アレス暮らし / 試作型おこしん / とんこつ神！博多美子 / ガラパゴスおぅぼっと
5,116,em-57204b8d6ee6,伝説のWoo怪,12,1126,2393,4,multi_hit_attack,0.1266,0.2708,95,5,6,いいえ,ネムりん / アレス暮らし / 試作型おこしん / とんこつ神！博多美子 / 伝説のWoo怪
5,117,em-5b5d08d879f7,おかいこさん,12,797,816,5,attribute_change,0.1266,0.2708,95,5,6,いいえ,ネムりん / アレス暮らし / 試作型おこしん / とんこつ神！博多美子 / おかいこさん
5,118,em-91f26ad56eaa,神喫！さくらん兄妹,12,1510,1887,5,skill_reduction,0.1266,0.2708,95,5,6,いいえ,ネムりん / アレス暮らし / 試作型おこしん / とんこつ神！博多美子 / 神喫！さくらん兄妹
5,119,em-deea7d56d1a1,淡路な文楽軒師匠,12,1512,1551,6,skill_reduction,0.1266,0.2708,95,5,6,いいえ,ネムりん / アレス暮らし / 試作型おこしん / とんこつ神！博多美子 / 淡路な文楽軒師匠
5,120,em-0f9cbc48c65a,船党かっさーのん,5,400,500,5,attack_buff,0.1266,0.2708,96,4,6,いいえ,ネムりん / モチノ・ウオ丸 / 試作型おこしん / とんこつ神！博多美子 / 船党かっさーのん
5,121,em-1287aab83f7d,驚愕！深海のあん子,5,400,400,4,heal,0.1266,0.2708,96,4,6,いいえ,ネムりん / モチノ・ウオ丸 / 試作型おこしん / とんこつ神！博多美子 / 驚愕！深海のあん子
5,122,em-1a835be38386,朱雀ニート,5,320,320,6,revive,0.1266,0.2708,96,4,6,いいえ,ネムりん / モチノ・ウオ丸 / 試作型おこしん / とんこつ神！博多美子 / 朱雀ニート
5,123,em-25185336f7f4,しょーかくん,5,400,500,7,multi_hit_attack,0.1266,0.2708,96,4,6,いいえ,ネムりん / モチノ・ウオ丸 / 試作型おこしん / とんこつ神！博多美子 / しょーかくん
5,124,em-5793db0a4078,リンゴール伯爵,5,700,600,4,delay,0.1266,0.2708,96,4,6,いいえ,ネムりん / モチノ・ウオ丸 / 試作型おこしん / とんこつ神！博多美子 / リンゴール伯爵
5,125,em-61221298dafe,大内ちゃん,5,603,603,5,heal,0.1266,0.2708,96,4,6,いいえ,ネムりん / モチノ・ウオ丸 / 試作型おこしん / とんこつ神！博多美子 / 大内ちゃん
5,126,em-a0762b5d76ab,シーラちゃん,5,600,550,4,attack_buff,0.1266,0.2708,96,4,6,いいえ,ネムりん / モチノ・ウオ丸 / 試作型おこしん / とんこつ神！博多美子 / シーラちゃん
5,127,em-a787bb59ceca,トキシッくん,5,600,500,4,revive,0.1266,0.2708,96,4,6,いいえ,ネムりん / モチノ・ウオ丸 / 試作型おこしん / とんこつ神！博多美子 / トキシッくん
5,128,em-b057fb6325c7,常飲！とちぎソウル,5,200,600,5,attack_buff,0.1266,0.2708,96,4,6,いいえ,ネムりん / モチノ・ウオ丸 / 試作型おこしん / とんこつ神！博多美子 / 常飲！とちぎソウル
5,129,em-d603cde2467a,ほたるーニャん,5,450,650,4,attribute_change,0.1266,0.2708,96,4,6,いいえ,ネムりん / モチノ・ウオ丸 / 試作型おこしん / とんこつ神！博多美子 / ほたるーニャん
5,130,em-d8349efcae1b,鰹でよくね?,5,700,700,7,skill_reduction,0.1266,0.2708,96,4,6,いいえ,ネムりん / モチノ・ウオ丸 / 試作型おこしん / とんこつ神！博多美子 / 鰹でよくね?
5,131,em-fb6292300fc0,妖怪おたべ,5,525,455,4,delay,0.1266,0.2708,96,4,6,いいえ,ネムりん / モチノ・ウオ丸 / 試作型おこしん / とんこつ神！博多美子 / 妖怪おたべ
5,132,em-75717188c18a,あ、しょーか大先生,13,1812,1963,4,multi_hit_attack,0.1266,0.2708,96,4,6,いいえ,ネムりん / アレス暮らし / 試作型おこしん / とんこつ神！博多美子 / あ、しょーか大先生
5,133,em-bbcd19672515,ＭＲ凜子様,13,1699,1699,4,attack_buff,0.1266,0.2708,96,4,6,いいえ,ネムりん / アレス暮らし / 試作型おこしん / とんこつ神！博多美子 / ＭＲ凜子様
5,134,em-fc5d66138cad,端午ぴよ子,13,1543,2512,5,aoe_attack,0.1266,0.2708,96,4,6,いいえ,ネムりん / アレス暮らし / 試作型おこしん / とんこつ神！博多美子 / 端午ぴよ子
5,135,em-0352f52bd9a3,スワン様,6,500,480,5,skill_reduction,0.1266,0.2708,97,3,6,いいえ,ネムりん / モチノ・ウオ丸 / 試作型おこしん / とんこつ神！博多美子 / スワン様
5,136,em-08f945aef274,朦朧ボディマン,6,200,500,11,multi_hit_attack,0.1266,0.2708,97,3,6,いいえ,ネムりん / モチノ・ウオ丸 / 試作型おこしん / とんこつ神！博多美子 / 朦朧ボディマン
5,137,em-0d41ec5f78f0,じょーカーくん,6,500,600,6,delay,0.1266,0.2708,97,3,6,いいえ,ネムりん / モチノ・ウオ丸 / 試作型おこしん / とんこつ神！博多美子 / じょーカーくん
5,138,em-1555cadff0cf,おぅぼっと,6,800,300,4,damage_reduction,0.1266,0.2708,97,3,6,いいえ,ネムりん / モチノ・ウオ丸 / 試作型おこしん / とんこつ神！博多美子 / おぅぼっと
5,139,em-2e5137a70580,やまとーる君,6,600,300,7,damage_reduction,0.1266,0.2708,97,3,6,いいえ,ネムりん / モチノ・ウオ丸 / 試作型おこしん / とんこつ神！博多美子 / やまとーる君
5,140,em-3d2c7dfded66,サタデーナイト郡上,6,500,600,7,aoe_attack,0.1266,0.2708,97,3,6,いいえ,ネムりん / モチノ・ウオ丸 / 試作型おこしん / とんこつ神！博多美子 / サタデーナイト郡上
5,141,em-434faacf4307,Woo怪くん,6,500,600,7,multi_hit_attack,0.1266,0.2708,97,3,6,いいえ,ネムりん / モチノ・ウオ丸 / 試作型おこしん / とんこつ神！博多美子 / Woo怪くん
5,142,em-4c77b2b8ad46,トキシッくんさん,6,700,600,4,revive,0.1266,0.2708,97,3,6,いいえ,ネムりん / モチノ・ウオ丸 / 試作型おこしん / とんこつ神！博多美子 / トキシッくんさん
5,143,em-60fd008b3a8b,なるとくん,6,700,600,5,attack_buff,0.1266,0.2708,97,3,6,いいえ,ネムりん / モチノ・ウオ丸 / 試作型おこしん / とんこつ神！博多美子 / なるとくん
5,144,em-6572f5492885,ネオニート,6,330,306,6,attribute_guard,0.1266,0.2708,97,3,6,いいえ,ネムりん / モチノ・ウオ丸 / 試作型おこしん / とんこつ神！博多美子 / ネオニート
5,145,em-674bf61c8b00,海賊衆かっさーのん,6,600,700,4,attack_buff,0.1266,0.2708,97,3,6,いいえ,ネムりん / モチノ・ウオ丸 / 試作型おこしん / とんこつ神！博多美子 / 海賊衆かっさーのん
5,146,em-6e2c76ad098c,まおちゃん,6,500,750,6,skill_reduction,0.1266,0.2708,97,3,6,いいえ,ネムりん / モチノ・ウオ丸 / 試作型おこしん / とんこつ神！博多美子 / まおちゃん
5,147,em-71820072d6c5,松浦凜子,6,603,603,4,attack_buff,0.1266,0.2708,97,3,6,いいえ,ネムりん / モチノ・ウオ丸 / 試作型おこしん / とんこつ神！博多美子 / 松浦凜子
5,148,em-75bbcd3130fb,みかんさん,6,700,500,7,aoe_attack,0.1266,0.2708,97,3,6,いいえ,ネムりん / モチノ・ウオ丸 / 試作型おこしん / とんこつ神！博多美子 / みかんさん
5,149,em-7db55d8e78d1,やまなしーヌさん,6,400,500,6,skill_reduction,0.1266,0.2708,97,3,6,いいえ,ネムりん / モチノ・ウオ丸 / 試作型おこしん / とんこつ神！博多美子 / やまなしーヌさん
5,150,em-804c07b6fa9a,メル子ちゃん,6,400,600,4,attack_buff,0.1266,0.2708,97,3,6,いいえ,ネムりん / モチノ・ウオ丸 / 試作型おこしん / とんこつ神！博多美子 / メル子ちゃん
5,151,em-865f442bc56a,神魚！はたはタン,6,700,600,4,heal,0.1266,0.2708,97,3,6,いいえ,ネムりん / モチノ・ウオ丸 / 試作型おこしん / とんこつ神！博多美子 / 神魚！はたはタン
5,152,em-8d2b5bd68a94,ズースさんとシーラさん,6,800,600,4,attack_buff,0.1266,0.2708,97,3,6,いいえ,ネムりん / モチノ・ウオ丸 / 試作型おこしん / とんこつ神！博多美子 / ズースさんとシーラさん
5,153,em-8d320a6b7512,いびるん,6,500,600,5,guard,0.1266,0.2708,97,3,6,いいえ,ネムりん / モチノ・ウオ丸 / 試作型おこしん / とんこつ神！博多美子 / いびるん
5,154,em-9da039c08ead,キャミー先生,6,500,600,4,heal,0.1266,0.2708,97,3,6,いいえ,ネムりん / モチノ・ウオ丸 / 試作型おこしん / とんこつ神！博多美子 / キャミー先生
5,155,em-b0bd2882f199,タオるん,6,500,600,5,attribute_guard,0.1266,0.2708,97,3,6,いいえ,ネムりん / モチノ・ウオ丸 / 試作型おこしん / とんこつ神！博多美子 / タオるん
5,156,em-bb2b760b2dfe,いぬやマン,6,400,400,7,attack_buff,0.1266,0.2708,97,3,6,いいえ,ネムりん / モチノ・ウオ丸 / 試作型おこしん / とんこつ神！博多美子 / いぬやマン
5,157,em-ddba9f91bab7,注入！とちぎソウル,6,280,700,5,attack_buff,0.1266,0.2708,97,3,6,いいえ,ネムりん / モチノ・ウオ丸 / 試作型おこしん / とんこつ神！博多美子 / 注入！とちぎソウル
5,158,em-309e9bdb12e4,萌やし戦士,14,773,2573,4,attack_buff,0.1266,0.2708,97,3,6,いいえ,ネムりん / アレス暮らし / 試作型おこしん / とんこつ神！博多美子 / 萌やし戦士
5,159,em-a58c4fcc6b2e,けねず大先生,14,1699,1699,4,damage_reduction,0.1266,0.2708,97,3,6,いいえ,ネムりん / アレス暮らし / 試作型おこしん / とんこつ神！博多美子 / けねず大先生
5,160,em-0a88e828f44f,あずま京子,7,500,500,4,damage_reduction,0.1266,0.2708,98,2,6,いいえ,ネムりん / モチノ・ウオ丸 / 試作型おこしん / とんこつ神！博多美子 / あずま京子
5,161,em-1a5f7bc3661b,萌やし男子,7,300,700,4,attack_buff,0.1266,0.2708,98,2,6,いいえ,ネムりん / モチノ・ウオ丸 / 試作型おこしん / とんこつ神！博多美子 / 萌やし男子
5,162,em-32f3aa536bcf,境地！絶海のあん子,7,502,488,4,heal,0.1266,0.2708,98,2,6,いいえ,ネムりん / モチノ・ウオ丸 / 試作型おこしん / とんこつ神！博多美子 / 境地！絶海のあん子
5,163,em-33289e43e28b,ほたるーニャん☆ミ,7,650,700,4,attribute_change,0.1266,0.2708,98,2,6,いいえ,ネムりん / モチノ・ウオ丸 / 試作型おこしん / とんこつ神！博多美子 / ほたるーニャん☆ミ
5,164,em-3850dfa89114,流浪の騎士,7,510,470,9,attribute_guard,0.1266,0.2708,98,2,6,いいえ,ネムりん / モチノ・ウオ丸 / 試作型おこしん / とんこつ神！博多美子 / 流浪の騎士
5,165,em-3e85387d97e5,荒ぶるこんにゃく,7,486,484,8,guard,0.1266,0.2708,98,2,6,いいえ,ネムりん / モチノ・ウオ丸 / 試作型おこしん / とんこつ神！博多美子 / 荒ぶるこんにゃく
5,166,em-405a608fae19,大内さん,7,702,702,5,heal,0.1266,0.2708,98,2,6,いいえ,ネムりん / モチノ・ウオ丸 / 試作型おこしん / とんこつ神！博多美子 / 大内さん
5,167,em-5fba2111c2ae,くろこップ,7,498,482,9,skill_reduction,0.1266,0.2708,98,2,6,いいえ,ネムりん / モチノ・ウオ丸 / 試作型おこしん / とんこつ神！博多美子 / くろこップ
5,168,em-62efa937d743,素敵なびわ子たん,7,500,480,4,damage_reduction,0.1266,0.2708,98,2,6,いいえ,ネムりん / モチノ・ウオ丸 / 試作型おこしん / とんこつ神！博多美子 / 素敵なびわ子たん
5,169,em-830856ac5a07,トキシッくん先輩,7,1000,800,4,revive,0.1266,0.2708,98,2,6,いいえ,ネムりん / モチノ・ウオ丸 / 試作型おこしん / とんこつ神！博多美子 / トキシッくん先輩
5,170,em-999d33621829,おたべ妖精,7,1272,1131,4,delay,0.1266,0.2708,98,2,6,いいえ,ネムりん / モチノ・ウオ丸 / 試作型おこしん / とんこつ神！博多美子 / おたべ妖精
5,171,em-9f7e593bdb96,鮒麿,7,520,460,5,heal,0.1266,0.2708,98,2,6,いいえ,ネムりん / モチノ・ウオ丸 / 試作型おこしん / とんこつ神！博多美子 / 鮒麿
5,172,em-a4d82c09dd0f,魂入！とちぎソウル,7,565,1837,4,attack_buff,0.1266,0.2708,98,2,6,いいえ,ネムりん / モチノ・ウオ丸 / 試作型おこしん / とんこつ神！博多美子 / 魂入！とちぎソウル
5,173,em-cbfa7306b010,めい子姉さん,7,479,511,5,attribute_guard,0.1266,0.2708,98,2,6,いいえ,ネムりん / モチノ・ウオ丸 / 試作型おこしん / とんこつ神！博多美子 / めい子姉さん
5,174,em-d5d58dc5e468,子供神・わらしちゃん,7,565,1131,4,delay,0.1266,0.2708,98,2,6,いいえ,ネムりん / モチノ・ウオ丸 / 試作型おこしん / とんこつ神！博多美子 / 子供神・わらしちゃん
5,175,em-3e54a6be4029,おかいこ先輩,15,1206,1276,5,attribute_change,0.1266,0.2708,98,2,6,いいえ,ネムりん / アレス暮らし / 試作型おこしん / とんこつ神！博多美子 / おかいこ先輩
5,176,em-5284c689c7b6,ジャウー大先生,15,805,3220,4,skill_reduction,0.1266,0.2708,98,2,6,いいえ,ネムりん / アレス暮らし / 試作型おこしん / とんこつ神！博多美子 / ジャウー大先生
5,177,em-6437dd94e076,河口西子,15,900,1300,6,delay,0.1266,0.2708,98,2,6,いいえ,ネムりん / アレス暮らし / 試作型おこしん / とんこつ神！博多美子 / 河口西子
5,178,em-6722337c6d78,雨降る倉敷のみかん姐,15,2718,1963,4,aoe_attack,0.1266,0.2708,98,2,6,いいえ,ネムりん / アレス暮らし / 試作型おこしん / とんこつ神！博多美子 / 雨降る倉敷のみかん姐
5,179,em-6ecee0316b6d,梵天。,15,1100,1300,6,aoe_attack,0.1266,0.2708,98,2,6,いいえ,ネムりん / アレス暮らし / 試作型おこしん / とんこつ神！博多美子 / 梵天。
5,180,em-90b0d123f99e,かんきゅっちゃん,15,2817,2817,5,delay,0.1266,0.2708,98,2,6,いいえ,ネムりん / アレス暮らし / 試作型おこしん / とんこつ神！博多美子 / かんきゅっちゃん
5,181,em-c736bc52077a,漱石先生と吾輩たち,15,1610,3461,5,skill_reduction,0.1266,0.2708,98,2,6,いいえ,ネムりん / アレス暮らし / 試作型おこしん / とんこつ神！博多美子 / 漱石先生と吾輩たち
5,182,em-13af16d2213d,ににぎくん,8,590,630,6,attack_buff,0.1266,0.2708,99,1,6,いいえ,ネムりん / モチノ・ウオ丸 / 試作型おこしん / とんこつ神！博多美子 / ににぎくん
5,183,em-1b8d4b845182,キャミーという女,8,600,800,4,heal,0.1266,0.2708,99,1,6,いいえ,ネムりん / モチノ・ウオ丸 / 試作型おこしん / とんこつ神！博多美子 / キャミーという女
5,184,em-278299c58131,けねず君,8,603,603,5,damage_reduction,0.1266,0.2708,99,1,6,いいえ,ネムりん / モチノ・ウオ丸 / 試作型おこしん / とんこつ神！博多美子 / けねず君
5,185,em-2d8e102d95f3,えぇじゃないか,8,640,580,7,aoe_attack,0.1266,0.2708,99,1,6,いいえ,ネムりん / モチノ・ウオ丸 / 試作型おこしん / とんこつ神！博多美子 / えぇじゃないか
5,186,em-31faaa08a3e5,ジャノメぴよ子,8,1105,1122,7,attribute_guard,0.1266,0.2708,99,1,6,いいえ,ネムりん / モチノ・ウオ丸 / 試作型おこしん / とんこつ神！博多美子 / ジャノメぴよ子
5,187,em-461e884c1b94,ひろし多美子,8,590,615,6,attack_buff,0.1266,0.2708,99,1,6,いいえ,ネムりん / モチノ・ウオ丸 / 試作型おこしん / とんこつ神！博多美子 / ひろし多美子
5,188,em-560cbdf184d6,ユッフィーちゃん,8,606,600,5,attack_buff,0.1266,0.2708,99,1,6,いいえ,ネムりん / モチノ・ウオ丸 / 試作型おこしん / とんこつ神！博多美子 / ユッフィーちゃん
5,189,em-573a74e6170b,God of 魚ぉ！,8,1269,1128,4,heal,0.1266,0.2708,99,1,6,いいえ,ネムりん / モチノ・ウオ丸 / 試作型おこしん / とんこつ神！博多美子 / God of 魚ぉ！
5,190,em-577ab88ffefc,河口精進子,8,800,1100,7,delay,0.1266,0.2708,99,1,6,いいえ,ネムりん / モチノ・ウオ丸 / 試作型おこしん / とんこつ神！博多美子 / 河口精進子
5,191,em-57e25e9e3446,にゅーくん,8,400,1700,4,guard,0.1266,0.2708,99,1,6,いいえ,ネムりん / モチノ・ウオ丸 / 試作型おこしん / とんこつ神！博多美子 / にゅーくん
5,192,em-5a3daf6cbf77,白良さん,8,600,605,4,attack_buff,0.1266,0.2708,99,1,6,いいえ,ネムりん / モチノ・ウオ丸 / 試作型おこしん / とんこつ神！博多美子 / 白良さん
5,193,em-6ed81c8341b0,萌やし紳士,8,308,898,4,attack_buff,0.1266,0.2708,99,1,6,いいえ,ネムりん / モチノ・ウオ丸 / 試作型おこしん / とんこつ神！博多美子 / 萌やし紳士
5,194,em-8421c50f30c7,しょーかさん,8,700,800,6,multi_hit_attack,0.1266,0.2708,99,1,6,いいえ,ネムりん / モチノ・ウオ丸 / 試作型おこしん / とんこつ神！博多美子 / しょーかさん
5,195,em-883c35b094ae,淡路でくろこップ,8,605,600,8,skill_reduction,0.1266,0.2708,99,1,6,いいえ,ネムりん / モチノ・ウオ丸 / 試作型おこしん / とんこつ神！博多美子 / 淡路でくろこップ
5,196,em-89dedc914b10,ふーちゃん,8,1014,413,5,guard,0.1266,0.2708,99,1,6,いいえ,ネムりん / モチノ・ウオ丸 / 試作型おこしん / とんこつ神！博多美子 / ふーちゃん
5,197,em-983228ce32d4,あっしゅTHEｷｬｯﾄ,8,1300,500,5,attribute_guard,0.1266,0.2708,99,1,6,いいえ,ネムりん / モチノ・ウオ丸 / 試作型おこしん / とんこつ神！博多美子 / あっしゅTHEｷｬｯﾄ
5,198,em-99d6f9e928d6,京子中学２４年生,8,620,612,4,damage_reduction,0.1266,0.2708,99,1,6,いいえ,ネムりん / モチノ・ウオ丸 / 試作型おこしん / とんこつ神！博多美子 / 京子中学２４年生
5,199,em-a6927eca01fa,すわ子ちゃん,8,500,800,6,multi_hit_attack,0.1266,0.2708,99,1,6,いいえ,ネムりん / モチノ・ウオ丸 / 試作型おこしん / とんこつ神！博多美子 / すわ子ちゃん
5,200,em-af3decda6522,式部卿鮒麿,8,640,565,5,heal,0.1266,0.2708,99,1,6,いいえ,ネムりん / モチノ・ウオ丸 / 試作型おこしん / とんこつ神！博多美子 / 式部卿鮒麿
5,201,em-ce7e2e4f30af,らん坊,8,580,626,4,skill_reduction,0.1266,0.2708,99,1,6,いいえ,ネムりん / モチノ・ウオ丸 / 試作型おこしん / とんこつ神！博多美子 / らん坊
5,202,em-e31de348c40b,湘南ボーイ,8,300,700,4,attack_buff,0.1266,0.2708,99,1,6,いいえ,ネムりん / モチノ・ウオ丸 / 試作型おこしん / とんこつ神！博多美子 / 湘南ボーイ
5,203,em-e7b02783dd94,梵天ちゃん,8,500,700,8,aoe_attack,0.1266,0.2708,99,1,6,いいえ,ネムりん / モチノ・ウオ丸 / 試作型おこしん / とんこつ神！博多美子 / 梵天ちゃん
5,204,em-ebf10919d982,ミラクル凜子,8,700,704,4,attack_buff,0.1266,0.2708,99,1,6,いいえ,ネムりん / モチノ・ウオ丸 / 試作型おこしん / とんこつ神！博多美子 / ミラクル凜子
5,205,em-f0bd2d18332e,Woo怪さん,8,600,700,6,multi_hit_attack,0.1266,0.2708,99,1,6,いいえ,ネムりん / モチノ・ウオ丸 / 試作型おこしん / とんこつ神！博多美子 / Woo怪さん
5,206,em-f7e845fc0a39,鎌倉式ＤＢ２,8,811,412,7,guard,0.1266,0.2708,99,1,6,いいえ,ネムりん / モチノ・ウオ丸 / 試作型おこしん / とんこつ神！博多美子 / 鎌倉式ＤＢ２
5,207,em-f8d808926639,吉野スライミング,8,690,390,5,guard,0.1266,0.2708,99,1,6,いいえ,ネムりん / モチノ・ウオ丸 / 試作型おこしん / とんこつ神！博多美子 / 吉野スライミング
5,208,em-07c5bc08f69e,朦朧ボディマンΩ,16,755,3020,10,multi_hit_attack,0.1266,0.2708,99,1,6,いいえ,ネムりん / アレス暮らし / 試作型おこしん / とんこつ神！博多美子 / 朦朧ボディマンΩ
5,209,em-0ba3ddcc384c,雛段芸人☆さくらんず,16,1510,1887,5,skill_reduction,0.1266,0.2708,99,1,6,いいえ,ネムりん / アレス暮らし / 試作型おこしん / とんこつ神！博多美子 / 雛段芸人☆さくらんず
5,210,em-25fed9fde1ce,かっさーWoo！,16,1131,2403,4,attack_buff,0.1266,0.2708,99,1,6,いいえ,ネムりん / アレス暮らし / 試作型おこしん / とんこつ神！博多美子 / かっさーWoo！
5,211,em-9ca244c83a38,ʤouカー＆ʧouカー,16,1510,2124,4,delay,0.1266,0.2708,99,1,6,いいえ,ネムりん / アレス暮らし / 試作型おこしん / とんこつ神！博多美子 / ʤouカー＆ʧouカー
5,212,em-04cdb17f3b71,ひろし多め,9,690,714,6,attack_buff,0.1266,0.2708,100,0,6,いいえ,ネムりん / モチノ・ウオ丸 / 試作型おこしん / とんこつ神！博多美子 / ひろし多め
5,213,em-0add6b5a96ff,朦朧ボディマンα,9,300,1000,10,multi_hit_attack,0.1266,0.2708,100,0,6,いいえ,ネムりん / モチノ・ウオ丸 / 試作型おこしん / とんこつ神！博多美子 / 朦朧ボディマンα
5,214,em-198e928f6d0b,なるとマン,9,800,700,4,attack_buff,0.1266,0.2708,100,0,6,いいえ,ネムりん / モチノ・ウオ丸 / 試作型おこしん / とんこつ神！博多美子 / なるとマン
5,215,em-2f5dd4b0a739,大内先輩,9,800,800,4,heal,0.1266,0.2708,100,0,6,いいえ,ネムりん / モチノ・ウオ丸 / 試作型おこしん / とんこつ神！博多美子 / 大内先輩
5,216,em-30a1d9f3d52f,けねずさん,9,702,702,5,damage_reduction,0.1266,0.2708,100,0,6,いいえ,ネムりん / モチノ・ウオ丸 / 試作型おこしん / とんこつ神！博多美子 / けねずさん
5,217,em-4694b1a256f8,悪魔！いびるん,9,600,700,5,guard,0.1266,0.2708,100,0,6,いいえ,ネムりん / モチノ・ウオ丸 / 試作型おこしん / とんこつ神！博多美子 / 悪魔！いびるん
5,218,em-4bde1481e932,黒電話おぅぼっと,9,1000,400,4,damage_reduction,0.1266,0.2708,100,0,6,いいえ,ネムりん / モチノ・ウオ丸 / 試作型おこしん / とんこつ神！博多美子 / 黒電話おぅぼっと
5,219,em-4eb01150430f,ミス・エズさん,9,1100,300,4,attribute_guard,0.1266,0.2708,100,0,6,いいえ,ネムりん / モチノ・ウオ丸 / 試作型おこしん / とんこつ神！博多美子 / ミス・エズさん
5,220,em-826b6ae61786,スワン王,9,1229,1173,4,skill_reduction,0.1266,0.2708,100,0,6,いいえ,ネムりん / モチノ・ウオ丸 / 試作型おこしん / とんこつ神！博多美子 / スワン王
5,221,em-87b19d1c9d4e,ベリーズさん,9,1057,1692,5,attack_buff,0.1266,0.2708,100,0,6,いいえ,ネムりん / モチノ・ウオ丸 / 試作型おこしん / とんこつ神！博多美子 / ベリーズさん
5,222,em-950b687b1f04,タオるん先輩,9,700,900,4,attribute_guard,0.1266,0.2708,100,0,6,いいえ,ネムりん / モチノ・ウオ丸 / 試作型おこしん / とんこつ神！博多美子 / タオるん先輩
5,223,em-c301debd22fc,やまとーる海尉,9,900,600,6,damage_reduction,0.1266,0.2708,100,0,6,いいえ,ネムりん / モチノ・ウオ丸 / 試作型おこしん / とんこつ神！博多美子 / やまとーる海尉
5,224,em-cc9db541b1b4,メル子さん,9,600,700,4,attack_buff,0.1266,0.2708,100,0,6,いいえ,ネムりん / モチノ・ウオ丸 / 試作型おこしん / とんこつ神！博多美子 / メル子さん
5,225,em-cfa8f59c143b,いぬやマン再び,9,500,500,7,attack_buff,0.1266,0.2708,100,0,6,いいえ,ネムりん / モチノ・ウオ丸 / 試作型おこしん / とんこつ神！博多美子 / いぬやマン再び
5,226,em-d7e5ef0e4b97,実はこんにゃくちゃん,9,1198,1204,7,guard,0.1266,0.2708,100,0,6,いいえ,ネムりん / モチノ・ウオ丸 / 試作型おこしん / とんこつ神！博多美子 / 実はこんにゃくちゃん
5,227,em-dd5697e42ab7,まお先輩,9,600,850,5,skill_reduction,0.1266,0.2708,100,0,6,いいえ,ネムりん / モチノ・ウオ丸 / 試作型おこしん / とんこつ神！博多美子 / まお先輩
5,228,em-e37685227f53,さくちゃん,9,680,724,5,skill_reduction,0.1266,0.2708,100,0,6,いいえ,ネムりん / モチノ・ウオ丸 / 試作型おこしん / とんこつ神！博多美子 / さくちゃん
5,229,em-e501cdcbd254,サタデーナイト郡上２,9,600,700,6,aoe_attack,0.1266,0.2708,100,0,6,いいえ,ネムりん / モチノ・ウオ丸 / 試作型おこしん / とんこつ神！博多美子 / サタデーナイト郡上２
5,230,em-e7adf536ba2f,やまなしーヌさま,9,500,600,5,skill_reduction,0.1266,0.2708,100,0,6,いいえ,ネムりん / モチノ・ウオ丸 / 試作型おこしん / とんこつ神！博多美子 / やまなしーヌさま
5,231,em-6f76a23db620,伏姫さま,17,2006,676,4,guard,0.1266,0.2708,100,0,6,いいえ,ネムりん / アレス暮らし / 試作型おこしん / とんこつ神！博多美子 / 伏姫さま
5,232,em-9d5f7901aacf,サタデーナイト☆郡上,17,1812,1963,5,aoe_attack,0.1266,0.2708,100,0,6,いいえ,ネムりん / アレス暮らし / 試作型おこしん / とんこつ神！博多美子 / サタデーナイト☆郡上
5,233,em-fe9fc4184474,聖えぇじゃないか,17,2817,2334,4,aoe_attack,0.1266,0.2708,100,0,6,いいえ,ネムりん / アレス暮らし / 試作型おこしん / とんこつ神！博多美子 / 聖えぇじゃないか
5,234,em-076a0181e290,夏の海の天の川伝説,77,9372,5623,6,heal,0.1266,0.2708,100,0,2,いいえ,シーラちゃん / 大正義・フクちゃん / 試作型おこしん / ズースくん / 夏の海の天の川伝説
5,235,em-3b878e796aba,なまず仙人,35,4941,1618,4,damage_reduction,0.1257,0.2917,97,3,6,いいえ,ネムりん / アレス暮らし / ????? / ɚすぃとあろま？ / なまず仙人
5,236,em-5861838d2e36,ばうあー泥棒,35,4771,3033,4,attack_buff,0.1257,0.2917,97,3,6,いいえ,ネムりん / アレス暮らし / ????? / ɚすぃとあろま？ / ばうあー泥棒
5,237,em-f8bc07a12f5c,Ir☆D☆F！,19,1,2839,6,attribute_guard,0.1257,0.2917,98,2,6,いいえ,ハリウッドナナコ師匠 / モチノ・ウオ丸 / ホルトバージ君 / 有棘画工 / Ir☆D☆F！
5,238,em-ec64495c1963,レブカ大先生,38,5793,2984,5,aoe_attack,0.1257,0.2917,100,0,6,いいえ,ネムりん / アレス暮らし / ????? / ɚすぃとあろま？ / レブカ大先生
5,239,em-0481f6c14fd9,関先輩,7,475,475,4,guard,0.1181,0.25,98,2,6,いいえ,ネムりん / モチノ・ウオ丸 / 試作型おこしん / とんこつ神！博多美子 / 関先輩
5,240,em-b827590fe52d,芹沢くん,7,500,500,4,guard,0.1181,0.25,98,2,6,いいえ,ネムりん / モチノ・ウオ丸 / 試作型おこしん / とんこつ神！博多美子 / 芹沢くん
5,241,em-0051409a8e1f,芹沢さん,8,604,597,4,guard,0.1181,0.25,99,1,6,いいえ,ネムりん / モチノ・ウオ丸 / 試作型おこしん / とんこつ神！博多美子 / 芹沢さん
5,242,em-c6a0a8b51afe,ライオットうお太,41,3152,4175,4,damage_reduction,0.1181,0.25,99,1,6,いいえ,ネムりん / アレス暮らし / 試作型おこしん / ????? / ライオットうお太
5,243,em-484d995e3adb,くノ一！ヴォたん,9,700,700,4,guard,0.1181,0.25,100,0,6,いいえ,ネムりん / モチノ・ウオ丸 / 試作型おこしん / とんこつ神！博多美子 / くノ一！ヴォたん
5,244,em-1ab18da48960,白い悪魔の小町さん,24,3461,3300,5,aoe_attack,0.1155,0.2917,96,4,6,いいえ,ネムりん / アレス暮らし / ホルトバージ君 / 呼んでますトムさん / 白い悪魔の小町さん
5,245,em-3c1078996c9c,めい子のNEW DAY,25,2760,2862,4,attribute_guard,0.1155,0.2917,99,1,6,いいえ,ハリウッドナナコ師匠 / モチノ・ウオ丸 / ホルトバージ君 / ????? / めい子のNEW DAY
5,246,em-049ada05607b,眠里　不可緒,16,3578,2315,5,attack_buff,0.115,0.2708,90,10,6,いいえ,ハリウッドナナコ師匠 / モチノ・ウオ丸 / ホルトバージ君 / ????? / 眠里　不可緒
5,247,em-7930454375ec,パラワン探検隊,18,3219,3333,4,aoe_attack,0.115,0.2708,92,8,6,いいえ,ハリウッドナナコ師匠 / モチノ・ウオ丸 / ホルトバージ君 / ????? / パラワン探検隊
5,248,em-294f61da0084,Ｃ・Ｃ☆電車姫,22,3741,1973,4,attack_buff,0.115,0.2708,94,6,6,いいえ,ネムりん / アレス暮らし / ホルトバージ君 / ????? / Ｃ・Ｃ☆電車姫
5,249,em-4090b70a0b17,さくらこちゃん,4,495,215,4,attribute_guard,0.115,0.2708,95,5,6,いいえ,ネムりん / モチノ・ウオ丸 / 試作型おこしん / とんこつ神！博多美子 / さくらこちゃん
5,250,em-525fc1b65a26,吉野スライム,4,411,209,5,guard,0.115,0.2708,95,5,6,いいえ,ネムりん / モチノ・ウオ丸 / 試作型おこしん / とんこつ神！博多美子 / 吉野スライム
5,251,em-65cc0d6a4bcc,TAGIの映画祭,31,3748,2726,5,multi_hit_attack,0.115,0.2708,97,3,6,いいえ,ハリウッドナナコ師匠 / アレス暮らし / ホルトバージ君 / ????? / TAGIの映画祭
5,252,em-01a16cce900c,伝説のロロちゃん,35,3748,3067,5,attack_buff,0.115,0.2708,97,3,6,いいえ,ネムりん / アレス暮らし / ????? / ɚすぃとあろま？ / 伝説のロロちゃん
5,253,em-2325681e1b59,BON JOVE,24,3220,3220,5,aoe_attack,0.115,0.2708,98,2,6,いいえ,ハリウッドナナコ師匠 / モチノ・ウオ丸 / ホルトバージ君 / ????? / BON JOVE
5,254,em-089a6280b9d6,御嶽さん,32,5112,3067,4,aoe_attack,0.115,0.2708,98,2,6,いいえ,ハリウッドナナコ師匠 / アレス暮らし / ホルトバージ君 / ????? / 御嶽さん
5,255,em-49b522eac464,ジェヴォたんは狼？,43,3006,6022,4,multi_hit_attack,0.115,0.2708,99,1,6,いいえ,ハリウッドナナコ師匠 / アレス暮らし / ????? / ɚすぃとあろま？ / ジェヴォたんは狼？
5,256,em-e51e56c23fa1,上級国民ロヴィーサ,44,2832,2984,4,attribute_guard,0.115,0.2708,100,0,6,いいえ,ハリウッドナナコ師匠 / アレス暮らし / ????? / ɚすぃとあろま？ / 上級国民ロヴィーサ
5,257,em-0d449e302187,水神ヨッカブイ先生,54,3714,5418,5,damage_reduction,0.115,0.2708,100,0,5,いいえ,ネムりん / 試作型おこしん / ????? / ɚすぃとあろま？ / 水神ヨッカブイ先生
5,258,em-c750011c554d,夢奈マコ（16才）,60,7497,2130,5,guard,0.1115,0.2292,88,12,3,いいえ,シーラちゃん / のり男師匠 / トキシッくんｵｯｽｵｯｽ / ズースさんとシーラさん / 夢奈マコ（16才）
5,259,em-19a1ef813069,絶品！さくらん兄妹,10,780,820,5,skill_reduction,0.1055,0.25,93,7,6,いいえ,ネムりん / アレス暮らし / 試作型おこしん / とんこつ神！博多美子 / 絶品！さくらん兄妹
5,260,em-2b3991ed5705,伝統の牛タソ,10,600,100,4,guard,0.1055,0.25,93,7,6,いいえ,ネムりん / アレス暮らし / 試作型おこしん / とんこつ神！博多美子 / 伝統の牛タソ
5,261,em-4980bf27b119,淡路な浄瑠璃さん,10,708,700,7,skill_reduction,0.1055,0.25,93,7,6,いいえ,ネムりん / アレス暮らし / 試作型おこしん / とんこつ神！博多美子 / 淡路な浄瑠璃さん
5,262,em-511e9ea676be,Woo怪さま,10,700,1100,5,multi_hit_attack,0.1055,0.25,93,7,6,いいえ,ネムりん / アレス暮らし / 試作型おこしん / とんこつ神！博多美子 / Woo怪さま
5,263,em-53cfa10130db,みさきちゃん,10,800,1000,5,multi_hit_attack,0.1055,0.25,93,7,6,いいえ,ネムりん / アレス暮らし / 試作型おこしん / とんこつ神！博多美子 / みさきちゃん
5,264,em-54f582db41b4,みかん姉さん,10,1000,500,6,aoe_attack,0.1055,0.25,93,7,6,いいえ,ネムりん / アレス暮らし / 試作型おこしん / とんこつ神！博多美子 / みかん姉さん
5,265,em-618372c0cf56,しょーか先生,10,800,900,5,multi_hit_attack,0.1055,0.25,93,7,6,いいえ,ネムりん / アレス暮らし / 試作型おこしん / とんこつ神！博多美子 / しょーか先生
5,266,em-7affb78d3b91,渇求するネギの果て,10,754,754,4,guard,0.1055,0.25,93,7,6,いいえ,ネムりん / アレス暮らし / 試作型おこしん / とんこつ神！博多美子 / 渇求するネギの果て
5,267,em-a5abadbcbc7d,ちょーカーちゃん,10,700,900,5,delay,0.1055,0.25,93,7,6,いいえ,ネムりん / アレス暮らし / 試作型おこしん / とんこつ神！博多美子 / ちょーカーちゃん
5,268,em-a5c7dcdde3ff,水島神人発見される,10,900,400,4,guard,0.1055,0.25,93,7,6,いいえ,ネムりん / アレス暮らし / 試作型おこしん / とんこつ神！博多美子 / 水島神人発見される
5,269,em-a66f91385c36,伝説のキャミー,10,700,1100,4,heal,0.1055,0.25,93,7,6,いいえ,ネムりん / アレス暮らし / 試作型おこしん / とんこつ神！博多美子 / 伝説のキャミー
5,270,em-da4562cd6142,プレーン下仁田,10,500,500,4,guard,0.1055,0.25,93,7,6,いいえ,ネムりん / アレス暮らし / 試作型おこしん / とんこつ神！博多美子 / プレーン下仁田
5,271,em-ec52e54bb473,ﾀｰｷｰﾃﾞ-なじとっこ君,10,706,2403,4,attack_buff,0.1055,0.25,93,7,6,いいえ,ネムりん / アレス暮らし / 試作型おこしん / とんこつ神！博多美子 / ﾀｰｷｰﾃﾞ-なじとっこ君
5,272,em-f8a40042a8dc,王家の騎士,10,650,550,8,attribute_guard,0.1055,0.25,93,7,6,いいえ,ネムりん / アレス暮らし / 試作型おこしん / とんこつ神！博多美子 / 王家の騎士
5,273,em-564e1dfe9c75,コニーちゃん,3,300,300,4,damage_reduction,0.1055,0.25,94,6,6,いいえ,ネムりん / モチノ・ウオ丸 / 試作型おこしん / とんこつ神！博多美子 / コニーちゃん
5,274,em-6588c893ceb4,船師かっさーのん,3,300,400,6,attack_buff,0.1055,0.25,94,6,6,いいえ,ネムりん / モチノ・ウオ丸 / 試作型おこしん / とんこつ神！博多美子 / 船師かっさーのん
5,275,em-70e79fbffe3c,怪人エビユルゲ,3,305,297,4,attribute_change,0.1055,0.25,94,6,6,いいえ,ネムりん / モチノ・ウオ丸 / 試作型おこしん / とんこつ神！博多美子 / 怪人エビユルゲ
5,276,em-73a9cdab3511,リンゴール子爵,3,300,200,4,delay,0.1055,0.25,94,6,6,いいえ,ネムりん / モチノ・ウオ丸 / 試作型おこしん / とんこつ神！博多美子 / リンゴール子爵
5,277,em-8e8c7fbfac2a,おたべくん,3,315,287,4,delay,0.1055,0.25,94,6,6,いいえ,ネムりん / モチノ・ウオ丸 / 試作型おこしん / とんこつ神！博多美子 / おたべくん
5,278,em-9d8b6a4d2c9c,はたはタン,3,300,200,5,heal,0.1055,0.25,94,6,6,いいえ,ネムりん / モチノ・ウオ丸 / 試作型おこしん / とんこつ神！博多美子 / はたはタン
5,279,em-081cdc2b5b45,スノーボーイ,4,1000,100,6,attack_buff,0.1055,0.25,95,5,6,いいえ,ネムりん / モチノ・ウオ丸 / 試作型おこしん / とんこつ神！博多美子 / スノーボーイ
5,280,em-172b59ddb28b,白虎ニート,4,314,296,5,attack_buff,0.1055,0.25,95,5,6,いいえ,ネムりん / モチノ・ウオ丸 / 試作型おこしん / とんこつ神！博多美子 / 白虎ニート
5,281,em-17aeee13e460,こんにゃくん,4,287,308,9,guard,0.1055,0.25,95,5,6,いいえ,ネムりん / モチノ・ウオ丸 / 試作型おこしん / とんこつ神！博多美子 / こんにゃくん
5,282,em-47f3be71ea63,青竜むりょく,4,198,189,6,heal,0.1055,0.25,95,5,6,いいえ,ネムりん / モチノ・ウオ丸 / 試作型おこしん / とんこつ神！博多美子 / 青竜むりょく
5,283,em-4900e4471484,モア蔵,4,722,90,4,guard,0.1055,0.25,95,5,6,いいえ,ネムりん / モチノ・ウオ丸 / 試作型おこしん / とんこつ神！博多美子 / モア蔵
5,284,em-5528cf768569,リンゴール男爵,4,400,300,4,delay,0.1055,0.25,95,5,6,いいえ,ネムりん / モチノ・ウオ丸 / 試作型おこしん / とんこつ神！博多美子 / リンゴール男爵
5,285,em-6e37519134b1,スワン君,4,310,302,6,skill_reduction,0.1055,0.25,95,5,6,いいえ,ネムりん / モチノ・ウオ丸 / 試作型おこしん / とんこつ神！博多美子 / スワン君
5,286,em-81fec3e48762,怪人おたべ,4,415,365,4,delay,0.1055,0.25,95,5,6,いいえ,ネムりん / モチノ・ウオ丸 / 試作型おこしん / とんこつ神！博多美子 / 怪人おたべ
5,287,em-8ed9900f451e,めい子ちゃん,4,281,309,5,attribute_guard,0.1055,0.25,95,5,6,いいえ,ネムりん / モチノ・ウオ丸 / 試作型おこしん / とんこつ神！博多美子 / めい子ちゃん
5,288,em-94033ed8057b,幽子さん,4,300,312,8,revive,0.1055,0.25,95,5,6,いいえ,ネムりん / モチノ・ウオ丸 / 試作型おこしん / とんこつ神！博多美子 / 幽子さん
5,289,em-b4ff04580be9,安井のトンちゃん,4,305,297,6,guard,0.1055,0.25,95,5,6,いいえ,ネムりん / モチノ・ウオ丸 / 試作型おこしん / とんこつ神！博多美子 / 安井のトンちゃん
5,290,em-c61b3e98a989,荒波のはたはタン,4,400,300,5,heal,0.1055,0.25,95,5,6,いいえ,ネムりん / モチノ・ウオ丸 / 試作型おこしん / とんこつ神！博多美子 / 荒波のはたはタン
5,291,em-e275020a88a0,あん子ちゃん,4,289,300,4,heal,0.1055,0.25,95,5,6,いいえ,ネムりん / モチノ・ウオ丸 / 試作型おこしん / とんこつ神！博多美子 / あん子ちゃん
5,292,em-f5a7df3892f0,びわ子たん,4,300,302,5,damage_reduction,0.1055,0.25,95,5,6,いいえ,ネムりん / モチノ・ウオ丸 / 試作型おこしん / とんこつ神！博多美子 / びわ子たん
5,293,em-fa9285840bae,白虎むりょく,4,158,149,5,attack_buff,0.1055,0.25,95,5,6,いいえ,ネムりん / モチノ・ウオ丸 / 試作型おこしん / とんこつ神！博多美子 / 白虎むりょく
5,294,em-472362bb4365,超えぇじゃないか,12,840,760,6,aoe_attack,0.1055,0.25,95,5,6,いいえ,ネムりん / アレス暮らし / 試作型おこしん / とんこつ神！博多美子 / 超えぇじゃないか
5,295,em-608e027bd3d8,建国の騎士団,12,800,700,8,attribute_guard,0.1055,0.25,95,5,6,いいえ,ネムりん / アレス暮らし / 試作型おこしん / とんこつ神！博多美子 / 建国の騎士団
5,296,em-6a3f787c507e,梵天くん,12,700,900,7,aoe_attack,0.1055,0.25,95,5,6,いいえ,ネムりん / アレス暮らし / 試作型おこしん / とんこつ神！博多美子 / 梵天くん
5,297,em-922ebe667c19,けねず先輩,12,800,800,4,damage_reduction,0.1055,0.25,95,5,6,いいえ,ネムりん / アレス暮らし / 試作型おこしん / とんこつ神！博多美子 / けねず先輩
5,298,em-a2165d67f8cb,こんぴらくん,12,900,900,7,delay,0.1055,0.25,95,5,6,いいえ,ネムりん / アレス暮らし / 試作型おこしん / とんこつ神！博多美子 / こんぴらくん
5,299,em-a4adc4bc9b7c,魁！安井道さん,12,1215,1187,5,guard,0.1055,0.25,95,5,6,いいえ,ネムりん / アレス暮らし / 試作型おこしん / とんこつ神！博多美子 / 魁！安井道さん
5,300,em-a769fc8e5005,真サタデーナイト郡上,12,800,1000,5,aoe_attack,0.1055,0.25,95,5,6,いいえ,ネムりん / アレス暮らし / 試作型おこしん / とんこつ神！博多美子 / 真サタデーナイト郡上
5,301,em-ba09169b5b3d,あまのちゃん,12,300,200,4,multi_hit_attack,0.1055,0.25,95,5,6,いいえ,ネムりん / アレス暮らし / 試作型おこしん / とんこつ神！博多美子 / あまのちゃん
5,302,em-bbff6b354f45,くうかいさん,12,700,1100,4,skill_reduction,0.1055,0.25,95,5,6,いいえ,ネムりん / アレス暮らし / 試作型おこしん / とんこつ神！博多美子 / くうかいさん
5,303,em-c7088988ea18,ガンギマリのメル先生,12,597,341,5,multi_hit_attack,0.1055,0.25,95,5,6,いいえ,ネムりん / アレス暮らし / 試作型おこしん / とんこつ神！博多美子 / ガンギマリのメル先生
5,304,em-cc0425cf3835,鎌倉式ＤＢ２改,12,1200,612,8,guard,0.1055,0.25,95,5,6,いいえ,ネムりん / アレス暮らし / 試作型おこしん / とんこつ神！博多美子 / 鎌倉式ＤＢ２改
5,305,em-e4f94dd73b29,あっしゅTHEﾗｯﾊﾟｰ,12,1500,700,5,attribute_guard,0.1055,0.25,95,5,6,いいえ,ネムりん / アレス暮らし / 試作型おこしん / とんこつ神！博多美子 / あっしゅTHEﾗｯﾊﾟｰ
5,306,em-f18963ac0ea1,すわ子さま,12,700,1000,5,multi_hit_attack,0.1055,0.25,95,5,6,いいえ,ネムりん / アレス暮らし / 試作型おこしん / とんこつ神！博多美子 / すわ子さま
5,307,em-f354ab7f7554,漆黒のいびるん,12,800,1000,5,guard,0.1055,0.25,95,5,6,いいえ,ネムりん / アレス暮らし / 試作型おこしん / とんこつ神！博多美子 / 漆黒のいびるん
5,308,em-0560ed78022d,見事にびわ子たん,5,400,400,4,damage_reduction,0.1055,0.25,96,4,6,いいえ,ネムりん / モチノ・ウオ丸 / 試作型おこしん / とんこつ神！博多美子 / 見事にびわ子たん
5,309,em-1a814a6b20cf,未来のモア蔵,5,920,160,4,guard,0.1055,0.25,96,4,6,いいえ,ネムりん / モチノ・ウオ丸 / 試作型おこしん / とんこつ神！博多美子 / 未来のモア蔵
5,310,em-24ccb3f9affa,むりょく,5,159,144,5,guard,0.1055,0.25,96,4,6,いいえ,ネムりん / モチノ・ウオ丸 / 試作型おこしん / とんこつ神！博多美子 / むりょく
5,311,em-2ce242ee5866,スノーメン,5,1300,200,5,attack_buff,0.1055,0.25,96,4,6,いいえ,ネムりん / モチノ・ウオ丸 / 試作型おこしん / とんこつ神！博多美子 / スノーメン
5,312,em-518934908b79,こんにゃくさん,5,400,400,8,guard,0.1055,0.25,96,4,6,いいえ,ネムりん / モチノ・ウオ丸 / 試作型おこしん / とんこつ神！博多美子 / こんにゃくさん
5,313,em-575ad888f045,スワン先生,5,400,380,6,skill_reduction,0.1055,0.25,96,4,6,いいえ,ネムりん / モチノ・ウオ丸 / 試作型おこしん / とんこつ神！博多美子 / スワン先生
5,314,em-addae93a6fe9,ニート,5,314,296,5,attribute_guard,0.1055,0.25,96,4,6,いいえ,ネムりん / モチノ・ウオ丸 / 試作型おこしん / とんこつ神！博多美子 / ニート
5,315,em-bb5629a7c096,安井武勇伝,5,405,395,6,guard,0.1055,0.25,96,4,6,いいえ,ネムりん / モチノ・ウオ丸 / 試作型おこしん / とんこつ神！博多美子 / 安井武勇伝
5,316,em-e535034b31b0,吉野スライマー,5,495,305,5,guard,0.1055,0.25,96,4,6,いいえ,ネムりん / モチノ・ウオ丸 / 試作型おこしん / とんこつ神！博多美子 / 吉野スライマー
5,317,em-e660791c3950,めい子さん,5,400,400,5,attribute_guard,0.1055,0.25,96,4,6,いいえ,ネムりん / モチノ・ウオ丸 / 試作型おこしん / とんこつ神！博多美子 / めい子さん
5,318,em-0985c7675d5c,みかん姐さん,13,1100,600,4,aoe_attack,0.1055,0.25,96,4,6,いいえ,ネムりん / アレス暮らし / 試作型おこしん / とんこつ神！博多美子 / みかん姐さん
5,319,em-3bd6544e0bce,窓辺のやまなしーヌ,13,700,800,4,skill_reduction,0.1055,0.25,96,4,6,いいえ,ネムりん / アレス暮らし / 試作型おこしん / とんこつ神！博多美子 / 窓辺のやまなしーヌ
5,320,em-471b1ba55d5c,有馬んば,13,1413,1244,4,heal,0.1055,0.25,96,4,6,いいえ,ネムりん / アレス暮らし / 試作型おこしん / とんこつ神！博多美子 / 有馬んば
5,321,em-609b9d122d32,ネオむりょく,6,168,149,6,guard,0.1055,0.25,97,3,6,いいえ,ネムりん / モチノ・ウオ丸 / 試作型おこしん / とんこつ神！博多美子 / ネオむりょく
5,322,em-6197bad49878,水島神人,6,700,300,5,guard,0.1055,0.25,97,3,6,いいえ,ネムりん / モチノ・ウオ丸 / 試作型おこしん / とんこつ神！博多美子 / 水島神人
5,323,em-95d137a7328a,バス・スミスくん,6,900,200,5,attribute_guard,0.1055,0.25,97,3,6,いいえ,ネムりん / モチノ・ウオ丸 / 試作型おこしん / とんこつ神！博多美子 / バス・スミスくん
5,324,em-cce942b02eb0,激えぇじゃないか,14,1300,1100,5,aoe_attack,0.1055,0.25,97,3,6,いいえ,ネムりん / アレス暮らし / 試作型おこしん / とんこつ神！博多美子 / 激えぇじゃないか
5,325,em-ff9248487a17,じょーカー＆ちょーカー,14,800,1000,5,delay,0.1055,0.25,97,3,6,いいえ,ネムりん / アレス暮らし / 試作型おこしん / とんこつ神！博多美子 / じょーカー＆ちょーカー
5,326,em-4586795c80d9,スノーガイ,7,1500,300,4,attack_buff,0.1055,0.25,98,2,6,いいえ,ネムりん / モチノ・ウオ丸 / 試作型おこしん / とんこつ神！博多美子 / スノーガイ
5,327,em-6c5c24ebebea,こんぴらさん,15,1100,1100,8,delay,0.1055,0.25,98,2,6,いいえ,ネムりん / アレス暮らし / 試作型おこしん / とんこつ神！博多美子 / こんぴらさん
5,328,em-837ddd274c7d,夢見る夢ナマコ,15,2224,1226,6,attribute_guard,0.1055,0.25,98,2,6,いいえ,ネムりん / アレス暮らし / 試作型おこしん / とんこつ神！博多美子 / 夢見る夢ナマコ
5,329,em-8a847b9e3d1d,アストロ・あっしゅ,15,1900,1100,5,attribute_guard,0.1055,0.25,98,2,6,いいえ,ネムりん / アレス暮らし / 試作型おこしん / とんこつ神！博多美子 / アストロ・あっしゅ
5,330,em-d35809f53912,鎌倉式ＤＢ２零式,15,1807,856,9,guard,0.1055,0.25,98,2,6,いいえ,ネムりん / アレス暮らし / 試作型おこしん / とんこつ神！博多美子 / 鎌倉式ＤＢ２零式
5,331,em-d9ea7f0897f2,山ガール！？さなこりん,15,2567,1225,6,multi_hit_attack,0.1055,0.25,98,2,6,いいえ,ネムりん / アレス暮らし / 試作型おこしん / とんこつ神！博多美子 / 山ガール！？さなこりん
5,332,em-ceecd3afdba6,おかいこちゃん,8,614,613,6,attribute_change,0.1055,0.25,99,1,6,いいえ,ネムりん / モチノ・ウオ丸 / 試作型おこしん / とんこつ神！博多美子 / おかいこちゃん
5,333,em-1232a815b671,みさきさん,16,1000,1200,5,multi_hit_attack,0.1055,0.25,99,1,6,いいえ,ネムりん / アレス暮らし / 試作型おこしん / とんこつ神！博多美子 / みさきさん
5,334,em-d0ce0f8b817c,あまのさんちゃん,17,600,300,4,multi_hit_attack,0.1055,0.25,100,0,6,いいえ,ネムりん / アレス暮らし / 試作型おこしん / とんこつ神！博多美子 / あまのさんちゃん
5,335,em-2c71a7740b67,エルチェの椰子少女,42,4601,4601,5,attack_buff,0.1055,0.25,100,0,6,いいえ,ハリウッドナナコ師匠 / トマティーナ少佐 / ホルトバージ君 / ????? / エルチェの椰子少女
5,336,em-34ff44ed1803,富士さんは魔女,42,5112,4260,4,revive,0.1055,0.25,100,0,6,いいえ,ハリウッドナナコ師匠 / トマティーナ少佐 / ホルトバージ君 / ????? / 富士さんは魔女
5,337,em-c67e33bb61cf,鎌倉式ＤＢ２涅槃型改,19,4105,1690,9,guard,0.1042,0.2708,93,7,6,いいえ,ハリウッドナナコ師匠 / モチノ・ウオ丸 / ホルトバージ君 / ????? / 鎌倉式ＤＢ２涅槃型改
5,338,em-a74603ad2679,白虎,36,5112,3408,4,attack_buff,0.1042,0.2708,98,2,6,いいえ,ネムりん / アレス暮らし / ????? / ɚすぃとあろま？ / 白虎
5,339,em-0c67088a1447,わさわさ大根,11,2623,1184,6,delay,0.1042,0.2708,99,1,6,いいえ,ネムりん / モチノ・ウオ丸 / ホルトバージ君 / みどりのたけしマン / わさわさ大根
5,340,em-5d62afcf01d5,転がる！けねず君,37,3408,2044,4,damage_reduction,0.1042,0.2708,99,1,6,いいえ,ネムりん / アレス暮らし / ????? / ɚすぃとあろま？ / 転がる！けねず君
5,341,em-908fa1696f0d,速いぞサラマンダー！,12,3186,1431,6,skill_reduction,0.1042,0.2708,100,0,6,いいえ,ネムりん / モチノ・ウオ丸 / ホルトバージ君 / みどりのたけしマン / 速いぞサラマンダー！
5,342,em-0c931777e175,関くん,4,305,307,4,guard,0.0975,0.2292,95,5,6,いいえ,ネムりん / モチノ・ウオ丸 / 試作型おこしん / とんこつ神！博多美子 / 関くん
5,343,em-eaad577a957c,関さん,5,390,390,4,guard,0.0975,0.2292,96,4,6,いいえ,ネムりん / モチノ・ウオ丸 / 試作型おこしん / とんこつ神！博多美子 / 関さん
5,344,em-96c8b7af6f5c,ネギtheダーウィン,30,5112,0,5,attribute_change,0.0975,0.2292,96,4,6,いいえ,ハリウッドナナコ師匠 / アレス暮らし / ホルトバージ君 / ????? / ネギtheダーウィン
5,345,em-f13588602944,生イカのアーニー,15,3220,1610,4,attack_buff,0.0939,0.25,89,11,6,いいえ,ハリウッドナナコ師匠 / モチノ・ウオ丸 / ホルトバージ君 / ????? / 生イカのアーニー
5,346,em-5a3998126178,TAGOのBOOTH,17,2896,2385,6,multi_hit_attack,0.0939,0.25,91,9,6,いいえ,ハリウッドナナコ師匠 / モチノ・ウオ丸 / ホルトバージ君 / ????? / TAGOのBOOTH
5,347,em-9e9fc5ee5a9c,深淵のエルフ,18,2537,3059,4,attack_buff,0.0939,0.25,92,8,6,いいえ,ハリウッドナナコ師匠 / モチノ・ウオ丸 / ホルトバージ君 / ????? / 深淵のエルフ
5,348,em-2e6716824578,横きゅっちゃん,19,2817,2817,5,delay,0.0939,0.25,93,7,6,いいえ,ハリウッドナナコ師匠 / モチノ・ウオ丸 / ホルトバージ君 / ????? / 横きゅっちゃん
5,349,em-28a4ccf4cbfc,ステンバーイちび蔵,24,596,3748,4,revive,0.0939,0.25,93,7,6,いいえ,ハリウッドナナコ師匠 / アレス暮らし / ホルトバージ君 / クェーサルと仲間たち / ステンバーイちび蔵
5,350,em-6b4ea2116a46,降臨先祖★ににぎくん,20,2334,2817,5,attack_buff,0.0939,0.25,94,6,6,いいえ,ハリウッドナナコ師匠 / モチノ・ウオ丸 / ホルトバージ君 / ????? / 降臨先祖★ににぎくん
5,351,em-8476f5773554,エーランドちゃん,30,6070,2160,7,delay,0.0939,0.25,96,4,6,いいえ,ハリウッドナナコ師匠 / アレス暮らし / ホルトバージ君 / ????? / エーランドちゃん
5,352,em-afce812f791d,めい子のMAY DAY,35,4123,4226,4,attribute_guard,0.0939,0.25,97,3,6,いいえ,ネムりん / アレス暮らし / ????? / ɚすぃとあろま？ / めい子のMAY DAY
5,353,em-1c28be3f3366,モンさんミッシェル,32,3748,5623,8,multi_hit_attack,0.0939,0.25,98,2,6,いいえ,ハリウッドナナコ師匠 / アレス暮らし / ホルトバージ君 / ????? / モンさんミッシェル
5,354,em-6b8007792f3c,因幡WAHHH!!,32,3578,4771,4,attack_buff,0.0939,0.25,98,2,6,いいえ,ハリウッドナナコ師匠 / アレス暮らし / ホルトバージ君 / ????? / 因幡WAHHH!!
5,355,em-3a859cb07c11,こんぴらさん先輩,25,2898,2898,10,delay,0.0939,0.25,99,1,6,いいえ,ハリウッドナナコ師匠 / モチノ・ウオ丸 / ホルトバージ君 / ????? / こんぴらさん先輩
5,356,em-6de5eba89049,天孫降臨ににぎくん,25,2334,2817,5,attack_buff,0.0939,0.25,99,1,6,いいえ,ハリウッドナナコ師匠 / モチノ・ウオ丸 / ホルトバージ君 / ????? / 天孫降臨ににぎくん
5,357,em-c42ef00ed018,ｗｗナレースワンｗｗ,25,2560,2584,4,delay,0.0939,0.25,99,1,6,いいえ,ハリウッドナナコ師匠 / モチノ・ウオ丸 / ホルトバージ君 / ????? / ｗｗナレースワンｗｗ
5,358,em-ef6acbb9fe3a,ﾌｫﾆｰ・ぴよ・ｶﾞｰﾙｽﾞY,25,3703,1771,4,attribute_change,0.0939,0.25,99,1,6,いいえ,ハリウッドナナコ師匠 / モチノ・ウオ丸 / ホルトバージ君 / ????? / ﾌｫﾆｰ・ぴよ・ｶﾞｰﾙｽﾞY
5,359,em-a20c59ca87c1,Let's☆ハチ公,33,6560,1448,5,delay,0.0939,0.25,99,1,5,いいえ,ハリウッドナナコ師匠 / アレス暮らし / ホルトバージ君 / ????? / Let's☆ハチ公
5,360,em-90c9b7a939a7,九十九里流,37,2982,5112,4,attack_buff,0.0939,0.25,99,1,6,いいえ,ネムりん / アレス暮らし / ????? / ɚすぃとあろま？ / 九十九里流
5,361,em-df40dba7c56a,高野さん,34,4089,4089,5,skill_reduction,0.0939,0.25,100,0,6,いいえ,ハリウッドナナコ師匠 / アレス暮らし / ホルトバージ君 / ????? / 高野さん
5,362,em-a66d3edc0ac1,水戸Come On!,38,3493,3237,4,delay,0.0939,0.25,100,0,6,いいえ,ネムりん / アレス暮らし / ????? / ɚすぃとあろま？ / 水戸Come On!
5,363,em-f3ce9865b46f,BeasT5,38,4116,4664,7,delay,0.0939,0.25,100,0,6,いいえ,ネムりん / アレス暮らし / ????? / ɚすぃとあろま？ / BeasT5
5,364,em-78c7d71a75d2,美音三銃士を連れてきたよ,50,6475,3748,5,revive,0.0916,0.2083,100,0,5,いいえ,ネムりん / トマティーナ少佐 / 試作型おこしん / ????? / 美音三銃士を連れてきたよ
5,365,em-b97fa105ba34,うまうーさん♪,40,5793,3067,5,attribute_guard,0.0849,0.2292,98,2,6,いいえ,ハリウッドナナコ師匠 / トマティーナ少佐 / ホルトバージ君 / ????? / うまうーさん♪
5,366,em-a97f49a1b6e8,篠島しらす子,41,5453,2726,5,skill_reduction,0.0849,0.2292,99,1,6,いいえ,ハリウッドナナコ師匠 / トマティーナ少佐 / ホルトバージ君 / ????? / 篠島しらす子
5,367,em-0dca19ae5992,降臨！天草トッキー,43,4260,5964,4,attack_buff,0.0849,0.2292,99,1,6,いいえ,ハリウッドナナコ師匠 / 夜光虫ほたるん / ホルトバージ君 / ????? / 降臨！天草トッキー
5,368,em-5ca14322a82d,蓮那由太郎,43,4771,3493,5,attack_buff,0.0849,0.2292,99,1,6,いいえ,ハリウッドナナコ師匠 / 夜光虫ほたるん / ホルトバージ君 / ????? / 蓮那由太郎
5,369,em-e128354ca2de,シュレーダー帝,31,1795,3097,6,revive,0.0832,0.25,97,3,6,いいえ,ネムりん / アレス暮らし / ホルトバージ君 / トキシッくんｵｯｽｵｯｽ / シュレーダー帝
5,370,em-bb16895fa31d,ハルキさんとゲニアさん,26,3074,813,6,delay,0.0832,0.25,98,2,6,いいえ,ネムりん / アレス暮らし / ホルトバージ君 / 呼んでますトムさん / ハルキさんとゲニアさん
5,371,em-357427c8f331,反魂タン昼食TIME,27,3067,5623,4,attack_buff,0.0832,0.25,99,1,6,いいえ,ネムりん / アレス暮らし / ホルトバージ君 / 呼んでますトムさん / 反魂タン昼食TIME
5,372,em-24d2ab142253,アグスティンさん,12,2869,1359,5,multi_hit_attack,0.0832,0.25,100,0,6,いいえ,ネムりん / モチノ・ウオ丸 / ホルトバージ君 / みどりのたけしマン / アグスティンさん
5,373,em-4b386c59ef08,キマシ塔の温泉娘,20,1245,2781,5,attack_buff,0.0832,0.25,100,0,6,いいえ,ネムりん / モチノ・ウオ丸 / ホルトバージ君 / ????? / キマシ塔の温泉娘
5,374,em-05476daa6b31,だんじり鉄砲隊,26,805,3599,4,attack_buff,0.0832,0.25,100,0,5,いいえ,ネムりん / モチノ・ウオ丸 / ホルトバージ君 / トキシッくんｵｯｽｵｯｽ / だんじり鉄砲隊
5,375,em-35e37020b193,æッシュちゃん,17,3542,2254,5,attribute_guard,0.0733,0.2292,91,9,6,いいえ,ハリウッドナナコ師匠 / モチノ・ウオ丸 / ホルトバージ君 / ????? / æッシュちゃん
5,376,em-9467ad3af2e0,大杵社のユッフィー,19,1699,1699,5,attack_buff,0.0733,0.2292,93,7,6,いいえ,ハリウッドナナコ師匠 / モチノ・ウオ丸 / ホルトバージ君 / ????? / 大杵社のユッフィー
5,377,em-49cfaec18be0,富士五子ＢＴ５,20,2415,2737,6,delay,0.0733,0.2292,94,6,6,いいえ,ハリウッドナナコ師匠 / モチノ・ウオ丸 / ホルトバージ君 / ????? / 富士五子ＢＴ５
5,378,em-1cd0c7153e75,みさき先輩,18,1400,1600,4,multi_hit_attack,0.0733,0.2292,97,3,6,いいえ,ハリウッドナナコ師匠 / モチノ・ウオ丸 / ホルトバージ君 / 有棘画工 / みさき先輩
5,379,em-33efacdd0b0b,ににぎ先輩,18,1100,1300,5,attack_buff,0.0733,0.2292,97,3,6,いいえ,ハリウッドナナコ師匠 / モチノ・ウオ丸 / ホルトバージ君 / 有棘画工 / ににぎ先輩
5,380,em-f21bf8aa6e67,独眼竜！梵天。,23,2254,2576,5,aoe_attack,0.0733,0.2292,97,3,6,いいえ,ハリウッドナナコ師匠 / モチノ・ウオ丸 / ホルトバージ君 / ????? / 独眼竜！梵天。
5,381,em-fc0a4778a432,リチャード・リターンズ,23,2576,3220,5,aoe_attack,0.0733,0.2292,97,3,6,いいえ,ハリウッドナナコ師匠 / モチノ・ウオ丸 / ホルトバージ君 / ????? / リチャード・リターンズ
5,382,em-ba3e87e06882,ぴよ子ファーザー,20,357,3577,4,attack_buff,0.0733,0.2292,99,1,6,いいえ,ハリウッドナナコ師匠 / モチノ・ウオ丸 / ホルトバージ君 / 有棘画工 / ぴよ子ファーザー
5,383,em-51bdb94ec3b1,熱ぅい！地獄雀,43,5964,3408,4,revive,0.0733,0.2292,99,1,6,いいえ,ハリウッドナナコ師匠 / 夜光虫ほたるん / ホルトバージ君 / ????? / 熱ぅい！地獄雀
5,384,em-10c2721383dd,京子☆リフレッシュ,23,2035,3239,5,damage_reduction,0.0733,0.2292,100,0,6,いいえ,ハリウッドナナコ師匠 / モチノ・ウオ丸 / ホルトバージ君 / パラワン探検隊 / 京子☆リフレッシュ
5,385,em-7aeb7561c788,ににぎのミコト,50,4941,3748,5,attack_buff,0.0733,0.2292,100,0,5,いいえ,ネムりん / 試作型おこしん / ホルトバージ君 / トキシッくんｵｯｽｵｯｽ / ににぎのミコト
5,386,em-d90aa04af44f,グウィネズ兄弟,34,2066,3197,5,multi_hit_attack,0.073,0.25,100,0,6,いいえ,ネムりん / アレス暮らし / ホルトバージ君 / トキシッくんｵｯｽｵｯｽ / グウィネズ兄弟
5,387,em-f119f767f457,アダム＆エバ,50,5112,4260,4,attack_buff,0.0703,0.1667,100,0,5,いいえ,ネムりん / トマティーナ少佐 / 試作型おこしん / ????? / アダム＆エバ
5,388,em-d295de1e4086,海の日シスターズ♪,40,3823,4657,4,attack_buff,0.0648,0.2083,98,2,6,いいえ,ネムりん / アレス暮らし / ????? / ＢＥＷ雪玉 / 海の日シスターズ♪
5,389,em-d76a5850c323,牛追いガウガウ,40,5964,1704,4,damage_reduction,0.0648,0.2083,98,2,6,いいえ,ハリウッドナナコ師匠 / トマティーナ少佐 / ホルトバージ君 / ????? / 牛追いガウガウ
5,390,em-f70fc38ed477,栗栖　益子さん,40,4175,4106,4,multi_hit_attack,0.0648,0.2083,98,2,6,いいえ,ハリウッドナナコ師匠 / トマティーナ少佐 / ホルトバージ君 / ????? / 栗栖　益子さん
5,391,em-8527b3dd869a,帰って来たいぬやマン,21,1661,1661,4,attack_buff,0.0648,0.2083,99,1,6,いいえ,ネムりん / モチノ・ウオ丸 / ????? / 有棘画工 / 帰って来たいぬやマン
5,392,em-760bb0daf1c9,ゲキ悪オヤジ(神),53,5112,5112,6,delay,0.0648,0.2083,99,1,5,いいえ,ネムりん / 試作型おこしん / ????? / ɚすぃとあろま？ / ゲキ悪オヤジ(神)
5,393,em-124d2df2b85e,ディオクレ君,23,2416,1449,4,skill_reduction,0.0648,0.2083,100,0,6,いいえ,ネムりん / 試作型おこしん / ????? / 降臨！天草トッキー / ディオクレ君
5,394,em-d25a7727f654,プラハ嬢,32,1482,4991,4,damage_reduction,0.0648,0.2083,100,0,6,いいえ,ネムりん / アレス暮らし / ????? / クェーサルと仲間たち / プラハ嬢
5,395,em-abcae044297d,ラ・ショー・ドさん,44,5453,3424,5,delay,0.0648,0.2083,100,0,6,いいえ,ハリウッドナナコ師匠 / 夜光虫ほたるん / ホルトバージ君 / ????? / ラ・ショー・ドさん
5,396,em-251adb8af3dc,にくぁう餃子権現,30,1365,3638,4,attack_buff,0.0625,0.2292,96,4,6,いいえ,ネムりん / アレス暮らし / ホルトバージ君 / トキシッくんｵｯｽｵｯｽ / にくぁう餃子権現
5,397,em-e9d9b60eefb1,鈴鹿忍者,20,1623,2189,5,skill_reduction,0.0625,0.2292,97,3,6,いいえ,ハリウッドナナコ師匠 / モチノ・ウオ丸 / ホルトバージ君 / パラワン探検隊 / 鈴鹿忍者
5,398,em-9cc423bd9843,沼んだーライド！,21,1585,1887,5,aoe_attack,0.0625,0.2292,98,2,6,いいえ,ハリウッドナナコ師匠 / モチノ・ウオ丸 / ホルトバージ君 / パラワン探検隊 / 沼んだーライド！
5,399,em-2110fa48fdc1,グリンすマン・ﾌｨｰﾊﾞｰ!,22,1661,1736,5,delay,0.0625,0.2292,99,1,6,いいえ,ハリウッドナナコ師匠 / モチノ・ウオ丸 / ホルトバージ君 / パラワン探検隊 / グリンすマン・ﾌｨｰﾊﾞｰ!
5,400,em-322b7fbdab7e,むろまち様,34,2556,5112,7,aoe_attack,0.0625,0.2292,100,0,6,いいえ,ネムりん / アレス暮らし / ホルトバージ君 / トキシッくんｵｯｽｵｯｽ / むろまち様
5,401,em-0f3dc5f343f5,?????,40,2954,3316,8,delay,0.0625,0.2292,100,0,6,いいえ,ハリウッドナナコ師匠 / アレス暮らし / ホルトバージ君 / トキシッくんｵｯｽｵｯｽ / ?????
5,402,em-fa2d14d3eb33,大天姿☆ぴよ子,46,7572,756,5,skill_reduction,0.0581,0.1875,96,4,5,いいえ,ネムりん / トマティーナ少佐 / 試作型おこしん / ????? / 大天姿☆ぴよ子
5,403,em-0e2c4b783eb7,南極翁・カノープス,55,3408,5964,7,multi_hit_attack,0.0581,0.1875,98,2,5,いいえ,ネムりん / 試作型おこしん / ????? / トキシッくんｵｯｽｵｯｽ / 南極翁・カノープス
5,404,em-da18dad9d936,もけーれ！ムベちゃん,53,2896,6475,4,multi_hit_attack,0.0581,0.1875,99,1,5,いいえ,ネムりん / 試作型おこしん / ????? / ɚすぃとあろま？ / もけーれ！ムベちゃん
5,405,em-337e85c2cd90,ユーコ☆スターダスト,60,6053,4354,4,revive,0.0581,0.1875,100,0,3,いいえ,ネムりん / 総統エビユルゲ / 試作型おこしん / ????? / ユーコ☆スターダスト
5,406,em-eaadf81fc136,サリー,55,4686,4004,4,aoe_attack,0.0537,0.1667,98,2,5,いいえ,ネムりん / 試作型おこしん / ????? / トキシッくんｵｯｽｵｯｽ / サリー
5,407,em-681c8662f2b6,まさか殿(ｼﾞｬｰｼﾞ),55,6475,3748,6,delay,0.0537,0.1667,99,1,5,いいえ,ネムりん / 欣喜ぴよ子 / 試作型おこしん / ????? / まさか殿(ｼﾞｬｰｼﾞ)
5,408,em-79322ee550e2,スーパーににぎ状態,60,5623,4430,5,attack_buff,0.0537,0.1667,100,0,3,いいえ,ネムりん / 総統エビユルゲ / 試作型おこしん / ????? / スーパーににぎ状態
5,409,em-05c5072dc080,橘の元祖☆みっちー,75,9798,4515,4,skill_reduction,0.0537,0.1667,100,0,2,いいえ,ズースくん / のり男師匠 / 試作型おこしん / ズースさんとシーラさん / 橘の元祖☆みっちー
5,410,em-94dc3d86f691,碧海のオフタルもん,75,10054,3919,4,multi_hit_attack,0.0537,0.1667,100,0,2,いいえ,ズースくん / のり男師匠 / 試作型おこしん / ズースさんとシーラさん / 碧海のオフタルもん
5,411,em-1a3ab3b1acf7,聖☆いんてぃないか,19,2817,2334,4,aoe_attack,0.0532,0.2083,93,7,6,いいえ,ハリウッドナナコ師匠 / モチノ・ウオ丸 / ホルトバージ君 / ????? / 聖☆いんてぃないか
5,412,em-b50530766df4,夏の妖精白良さん,19,1699,1699,4,attack_buff,0.0532,0.2083,93,7,6,いいえ,ハリウッドナナコ師匠 / モチノ・ウオ丸 / ホルトバージ君 / ????? / 夏の妖精白良さん
5,413,em-14ab1de959d7,あくせんと・きゃー子,18,1400,400,6,attribute_change,0.0532,0.2083,95,5,6,いいえ,ハリウッドナナコ師匠 / モチノ・ウオ丸 / ホルトバージ君 / パラワン探検隊 / あくせんと・きゃー子
5,414,em-a33630899eb2,河口本栖子,18,1200,1500,6,delay,0.0532,0.2083,95,5,6,いいえ,ネムりん / モチノ・ウオ丸 / ホルトバージ君 / 得琉田浜蔵 / 河口本栖子
5,415,em-a41e1401ab71,こんぴらさんさん,19,1500,1500,9,delay,0.0532,0.2083,96,4,6,いいえ,ハリウッドナナコ師匠 / モチノ・ウオ丸 / ホルトバージ君 / パラワン探検隊 / こんぴらさんさん
5,416,em-f89a98dd9893,大魔神！せいタン降臨,48,2044,6305,4,attack_buff,0.0532,0.2083,98,2,5,いいえ,ネムりん / 試作型おこしん / ホルトバージ君 / トキシッくんｵｯｽｵｯｽ / 大魔神！せいタン降臨
5,417,em-d111f497df0f,湘南大水曜日ボーイ,40,2044,5623,4,attack_buff,0.0532,0.2083,100,0,6,いいえ,ハリウッドナナコ師匠 / アレス暮らし / ホルトバージ君 / トキシッくんｵｯｽｵｯｽ / 湘南大水曜日ボーイ
5,418,em-5a81e8231a65,宗像スリーピース,39,4601,4089,5,aoe_attack,0.0453,0.1875,97,3,6,いいえ,ハリウッドナナコ師匠 / トマティーナ少佐 / ホルトバージ君 / ????? / 宗像スリーピース
5,419,em-37ae218b7e9e,有砂小町,40,5112,5112,7,skill_reduction,0.0453,0.1875,98,2,6,いいえ,ハリウッドナナコ師匠 / トマティーナ少佐 / ホルトバージ君 / ????? / 有砂小町
5,420,em-cd5bbd27a3ee,熊とか絶対殺すマン,40,4086,4771,5,delay,0.0453,0.1875,98,2,6,いいえ,ハリウッドナナコ師匠 / トマティーナ少佐 / ホルトバージ君 / ????? / 熊とか絶対殺すマン
5,421,em-cec2f0ad9373,Dr.フォックス,40,4089,4430,4,delay,0.0453,0.1875,98,2,6,いいえ,ハリウッドナナコ師匠 / トマティーナ少佐 / ホルトバージ君 / ????? / Dr.フォックス
5,422,em-5819b668aba5,ﾌﾗｲﾝｸﾞ･ﾀﾞｯﾁさん,41,3403,4601,5,delay,0.0453,0.1875,99,1,6,いいえ,ハリウッドナナコ師匠 / トマティーナ少佐 / ホルトバージ君 / ????? / ﾌﾗｲﾝｸﾞ･ﾀﾞｯﾁさん
5,423,em-13df10c62ab6,MUNAKATA,42,5453,4089,6,aoe_attack,0.0453,0.1875,100,0,6,いいえ,ハリウッドナナコ師匠 / トマティーナ少佐 / ホルトバージ君 / ????? / MUNAKATA
5,424,em-c358b6553866,ご機嫌斜めのウィーン様,58,4941,2896,5,attack_buff,0.0365,0.125,98,2,4,いいえ,ネムりん / 総統エビユルゲ / 試作型おこしん / ????? / ご機嫌斜めのウィーン様
5,425,em-05133b447edd,コメツキ,55,5453,5406,5,skill_reduction,0.0365,0.125,99,1,5,いいえ,ネムりん / 欣喜ぴよ子 / 試作型おこしん / ????? / コメツキ
5,426,em-cdd7690ef318,京都コーラマン,59,5959,2800,4,damage_reduction,0.0365,0.125,99,1,3,いいえ,ネムりん / 総統エビユルゲ / 試作型おこしん / ????? / 京都コーラマン
5,427,em-a87c308ef7c4,トミスLOVE様,52,4686,4686,4,revive,0.0365,0.125,100,0,5,いいえ,ネムりん / 夜光虫ほたるん / 試作型おこしん / ????? / トミスLOVE様
5,428,em-09abce425d92,超悦者・有砂小町,60,5453,5453,5,attribute_change,0.0365,0.125,100,0,3,いいえ,ネムりん / 総統エビユルゲ / 試作型おこしん / ????? / 超悦者・有砂小町
5,429,em-a5655f550318,眠れる海のネムリん,60,7327,5282,5,attack_buff,0.0365,0.125,100,0,3,いいえ,ネムりん / 総統エビユルゲ / 試作型おこしん / ????? / 眠れる海のネムリん
5,430,em-b7d1205bd3a7,すーぱーサイアン,60,5964,5964,12,attack_buff,0.0365,0.125,100,0,3,いいえ,ネムりん / 総統エビユルゲ / 試作型おこしん / ????? / すーぱーサイアン
5,431,em-bc5f259cf576,まさか殿(微マジ),60,5453,6305,7,multi_hit_attack,0.0365,0.125,100,0,3,いいえ,ネムりん / 総統エビユルゲ / 試作型おこしん / ????? / まさか殿(微マジ)
5,432,em-32538f7c8341,熊殺しのサンタマン,58,6560,4345,5,delay,0.0358,0.1458,85,15,4,いいえ,シーラちゃん / のり男師匠 / 試作型おこしん / ズースさんとシーラさん / 熊殺しのサンタマン
5,433,em-902bd624dbdb,パンタナルの狼男,70,5898,4260,5,revive,0.0358,0.1458,97,3,2,いいえ,シーラちゃん / のり男師匠 / 試作型おこしん / ズースさんとシーラさん / パンタナルの狼男
5,434,em-9c9f188ea0a8,やる気勢ナルテュール,56,1704,7838,6,attack_buff,0.0358,0.1458,99,1,5,いいえ,ネムりん / 試作型おこしん / ????? / トキシッくんｵｯｽｵｯｽ / やる気勢ナルテュール
5,435,em-354b4786550a,魔滅！鷹山先生,27,1283,1283,4,delay,0.0335,0.1875,96,4,5,いいえ,ハリウッドナナコ師匠 / アレス暮らし / ホルトバージ君 / パラワン探検隊 / 魔滅！鷹山先生
5,436,em-0af21062aa7c,ｻﾗﾏﾝﾀﾞｰ祝High気分,30,2898,2817,6,skill_reduction,0.0335,0.1875,96,4,6,いいえ,ハリウッドナナコ師匠 / アレス暮らし / ホルトバージ君 / ????? / ｻﾗﾏﾝﾀﾞｰ祝High気分
5,437,em-78785b8bf619,企業だ浅ちゃん！,42,1192,7327,4,attack_buff,0.0335,0.1875,100,0,6,いいえ,ハリウッドナナコ師匠 / アレス暮らし / ホルトバージ君 / おたべ妖精 / 企業だ浅ちゃん！
5,438,em-42016d3a2172,織田フィナーレ,42,2556,5964,5,multi_hit_attack,0.0262,0.1667,100,0,6,いいえ,ハリウッドナナコ師匠 / トマティーナ少佐 / ホルトバージ君 / ????? / 織田フィナーレ
5,439,em-c6337efaceae,ｴﾚｶﾞﾝﾄ☆トラボル子,47,4260,4771,5,aoe_attack,0.0212,0.1042,97,3,5,いいえ,ネムりん / トマティーナ少佐 / 試作型おこしん / ????? / ｴﾚｶﾞﾝﾄ☆トラボル子
5,440,em-5a047ed41d97,KJの少女Hi児,48,4941,3919,5,multi_hit_attack,0.0212,0.1042,98,2,5,いいえ,ネムりん / トマティーナ少佐 / 試作型おこしん / ????? / KJの少女Hi児
5,441,em-57dce5f944a3,うらうらら,50,4260,6390,4,multi_hit_attack,0.0212,0.1042,100,0,5,いいえ,ネムりん / トマティーナ少佐 / 試作型おこしん / ????? / うらうらら
5,442,em-70a9a07ea8d9,うさ☆八幡さま,60,5964,5964,6,delay,0.0212,0.1042,100,0,3,いいえ,ネムりん / 総統エビユルゲ / 試作型おこしん / ????? / うさ☆八幡さま
5,443,em-b5e0f2fbff78,養老のバッカス,65,6475,3408,4,revive,0.0187,0.125,92,8,2,いいえ,シーラちゃん / のり男師匠 / 試作型おこしん / ズースさんとシーラさん / 養老のバッカス
5,444,em-18279a838450,白刃舞うは存亡の秋,70,6816,4260,4,attack_buff,0.0187,0.125,97,3,2,いいえ,シーラちゃん / のり男師匠 / 試作型おこしん / ズースさんとシーラさん / 白刃舞うは存亡の秋
5,445,em-0e376d1892df,メネリくん一世,72,6134,3067,4,guard,0.0187,0.125,97,3,2,いいえ,ズースくん / のり男師匠 / ＢＥＷ雪玉 / ズースさんとシーラさん / メネリくん一世
5,446,em-1fcc8f4c1ae3,ヴェルサイユの朝,45,2556,6645,5,attack_buff,0.0078,0.1458,94,6,5,いいえ,ネムりん / 試作型おこしん / ホルトバージ君 / ＢＥＷ雪玉 / ヴェルサイユの朝
5,447,em-83113af84b95,降臨☆三原色ばうあー,45,3578,5868,5,aoe_attack,0.0078,0.1458,94,6,5,いいえ,ネムりん / 試作型おこしん / ホルトバージ君 / ＢＥＷ雪玉 / 降臨☆三原色ばうあー
5,448,em-9cd3d68e61d0,渦巻王ナルテュール,45,1704,6134,6,multi_hit_attack,0.0078,0.1458,98,2,5,いいえ,ネムりん / 試作型おこしん / ホルトバージ君 / 得琉田浜蔵 / 渦巻王ナルテュール
5,449,em-f3861e35df6f,暗黒王まはーかーらん,47,3731,3926,4,delay,0.0078,0.1458,100,0,5,いいえ,ネムりん / 試作型おこしん / ホルトバージ君 / 得琉田浜蔵 / 暗黒王まはーかーらん
5,450,em-40bd3b1e44fa,五月病の悪魔の契約,55,4123,4226,4,aoe_attack,0.0072,0.0833,97,3,5,いいえ,ネムりん / 試作型おこしん / ????? / ＢＥＷ雪玉 / 五月病の悪魔の契約
5,451,em-2eebc4f8633d,すわっ！かつより君,60,5350,4771,5,aoe_attack,0.0072,0.0833,100,0,3,いいえ,ネムりん / 総統エビユルゲ / 試作型おこしん / ????? / すわっ！かつより君
5,452,em-4c03ad40dce9,源のゴライコー,75,7923,6390,4,attack_buff,0.0072,0.0833,100,0,2,いいえ,ズースくん / のり男師匠 / ＢＥＷ雪玉 / ズースさんとシーラさん / 源のゴライコー
5,453,em-c2dc184a86c0,爆誕！さくどん,45,3408,4260,9,delay,0.0023,0.1042,72,28,5,いいえ,シーラちゃん / のり男師匠 / 試作型おこしん / ズースさんとシーラさん / 爆誕！さくどん
5,454,em-2c51c9073e5a,強化ゆる骨格のススメ,50,1704,1704,12,attribute_guard,0,0.125,99,1,5,いいえ,ネムりん / 試作型おこしん / ホルトバージ君 / ＢＥＷ雪玉 / 強化ゆる骨格のススメ
5,455,em-0454ff15fbd8,米倉英夫(ゆる),55,1,1,55,attribute_change,0,0.0833,82,18,5,いいえ,シーラちゃん / のり男師匠 / 試作型おこしん / ズースさんとシーラさん / 米倉英夫(ゆる)
5,456,em-7fe5a2875793,米倉英子(大学生),55,1,1,555,attack_buff,0,0.0833,82,18,5,いいえ,シーラちゃん / のり男師匠 / 試作型おこしん / ズースさんとシーラさん / 米倉英子(大学生)
5,457,em-962f1faafed7,三貴子アマテラス,75,10309,5112,5,revive,0,0.0833,100,0,2,いいえ,ズースくん / のり男師匠 / ＢＥＷ雪玉 / ズースさんとシーラさん / 三貴子アマテラス
5,458,em-5f292317fd1c,墨染のＰＬぴよ子,60,3656,3656,5,attribute_change,0,0.0625,100,0,3,いいえ,ネムりん / 総統エビユルゲ / 試作型おこしん / ????? / 墨染のＰＬぴよ子
5,459,em-773b001a1189,おづぬ様,60,4260,6816,5,attack_buff,0,0.0625,100,0,3,いいえ,ネムりん / 総統エビユルゲ / 試作型おこしん / ????? / おづぬ様
5,460,em-32f5c4968406,正月カナちゃん。,66,5282,5282,6,revive,0,0.0417,91,9,2,いいえ,ズースくん / のり男師匠 / ＢＥＷ雪玉 / ズースさんとシーラさん / 正月カナちゃん。
5,461,em-5c8b9af61816,ぴっよコイン先生,60,1111,1111,12,damage_reduction,0,0.0417,100,0,3,いいえ,ネムりん / 総統エビユルゲ / 試作型おこしん / ????? / ぴっよコイン先生
5,462,em-eb4ef5fa8f2f,応援ぴよ子団長,60,1111,1111,12,attack_buff,0,0.0417,100,0,3,いいえ,ネムりん / 総統エビユルゲ / 試作型おこしん / ????? / 応援ぴよ子団長
5,463,em-0e768525b557,ヘラクレス先輩,70,5885,6230,4,multi_hit_attack,0,0.0208,95,5,2,いいえ,ズースくん / のり男師匠 / ＢＥＷ雪玉 / ズースさんとシーラさん / ヘラクレス先輩
5,464,em-e8331e3aec6c,辰の子ぴよ子,70,6898,4089,10,multi_hit_attack,0,0.0208,95,5,2,いいえ,ズースくん / のり男師匠 / ＢＥＷ雪玉 / ズースさんとシーラさん / 辰の子ぴよ子
5,465,em-45aa4b2348d2,鬼一方眼,80,12780,3578,5,attack_buff,0,0,101,0,0,いいえ,
5,466,em-5c3bfcbbd109,ネギさん,80,4260,4260,500,attack_buff,0,0,101,0,0,いいえ,
5,467,em-60119eda4c9c,猿田彦大先輩,80,7838,7157,5,attack_buff,0,0,101,0,0,いいえ,
5,468,em-a8e1bfbd68cd,秋のタツタちゃん,80,10224,4771,4,multi_hit_attack,0,0,101,0,0,いいえ,
5,469,em-2a5e6ca1207c,ケーンクラちゃん,81,9713,4089,6,damage_reduction,0,0,101,0,0,いいえ,
5,470,em-b2125332555b,呵々Doの閑雅・ルー,85,9883,4771,5,guard,0,0,101,0,0,いいえ,
5,471,em-22f9d46fe6f4,ウサウサ八幡,88,10872,5964,6,skill_reduction,0,0,101,0,0,いいえ,
5,472,em-523af93f71e3,神田祭らーの集い,88,5027,6901,4,aoe_attack,0,0,101,0,0,いいえ,
5,473,em-a78326864213,発音王・S・サイアン,88,10650,6560,8,attack_buff,0,0,101,0,0,いいえ,
5,474,em-de301e40803c,どうしんフェス様,88,6816,4515,5,heal,0,0,101,0,0,いいえ,
5,475,em-4d4a6386f8f8,九周年ぴよ子,99,6815,5111,5,guard,0,0,101,0,0,いいえ,
5,476,em-0c2d5864e3da,グルグルなたまご,100,1,1,100,delay,0,0,101,0,0,いいえ,
5,477,em-0c70f71e4c1a,ルナのたまご,100,1,1,999,attack_buff,0,0,101,0,0,いいえ,
5,478,em-4ee2ea427154,タルタルなたまご,100,1,1,12,attribute_change,0,0,101,0,0,いいえ,
5,479,em-53ece7a43871,キステチスのたまご,100,1,1,40,guard,0,0,101,0,0,いいえ,
