枠,順位,キャラID,名前,コスト,HP,Power,スキルターン,スキル種類,機会勝率差,安定補正後差,候補勝率,代替勝率,候補デッキ,代替デッキ,評価状態
1,1,em-459f1ecad59a,電波姫☆いまりちゃん,28,3919,4260,4,delay,0.0069,-0.0557,0.7361,0.7292,電波姫☆いまりちゃん / さくらこはダムです / メル子大先生 / 明日香大明神 / 甲羅暮らしの201号,スクナクナクナクス / ペーチパイセン / メル子大先生 / 明日香大明神 / ロータス先輩,partial-skill-support
1,2,em-d4cbd1f4bbbf,ハラショー☆ビッツェ,13,1689,1057,0,multi_hit_attack,-0.0069,-0.0696,0.7292,0.7361,ハラショー☆ビッツェ / ペーチパイセン / ????? / 明日香大明神 / ロータス先輩,電波姫☆いまりちゃん / さくらこはダムです / メル子大先生 / 明日香大明神 / 甲羅暮らしの201号,complete
1,3,em-378e340695dc,スクナクナクナクス,50,6816,3408,2,aoe_attack,-0.0069,-0.0696,0.7292,0.7361,スクナクナクナクス / ペーチパイセン / メル子大先生 / 明日香大明神 / ロータス先輩,電波姫☆いまりちゃん / さくらこはダムです / メル子大先生 / 明日香大明神 / 甲羅暮らしの201号,complete
1,4,em-4c764571b9ab,お稲荷様のパシリ,47,6816,3408,1,attack_buff,-0.0208,-0.0834,0.7153,0.7361,お稲荷様のパシリ / ペーチパイセン / メル子大先生 / 明日香大明神 / ロータス先輩,電波姫☆いまりちゃん / さくらこはダムです / メル子大先生 / 明日香大明神 / 甲羅暮らしの201号,complete
1,5,em-aa756f8a10dc,ラグーン☆南,22,2718,3473,2,attribute_change,-0.0208,-0.0859,0.7153,0.7361,ラグーン☆南 / ペーチパイセン / ICHIKIの音楽祭 / 明日香大明神 / ロータス先輩,電波姫☆いまりちゃん / さくらこはダムです / メル子大先生 / 明日香大明神 / 甲羅暮らしの201号,complete
1,6,em-e5f6732bdd63,ラプンツェル・アユ,48,6816,3921,1,attribute_change,-0.0278,-0.0897,0.7083,0.7361,ラプンツェル・アユ / ペーチパイセン / メル子大先生 / 明日香大明神 / ロータス先輩,電波姫☆いまりちゃん / さくらこはダムです / メル子大先生 / 明日香大明神 / 甲羅暮らしの201号,complete
1,7,em-3740a2113341,ぴぐぺん選手,22,950,3220,0,attribute_guard,-0.0278,-0.1004,0.7083,0.7361,ぴぐぺん選手 / さくらこはダムです / ポディアさま / クレリゴス子様 / ガハラさん,電波姫☆いまりちゃん / さくらこはダムです / メル子大先生 / 明日香大明神 / 甲羅暮らしの201号,complete
1,8,em-3c2d84f01c84,休憩。蟹男,35,6105,2726,2,guard,-0.0417,-0.1046,0.6944,0.7361,休憩。蟹男 / 一葉ちゃんは作家さん / メル子大先生 / 明日香大明神 / ロータス先輩,電波姫☆いまりちゃん / さくらこはダムです / メル子大先生 / 明日香大明神 / 甲羅暮らしの201号,complete
1,9,em-f2a813466bbe,The★Youなリバ子,50,5770,3113,0,heal,-0.0417,-0.1071,0.6944,0.7361,The★Youなリバ子 / ペーチパイセン / メル子大先生 / 明日香大明神 / ロータス先輩,電波姫☆いまりちゃん / さくらこはダムです / メル子大先生 / 明日香大明神 / 甲羅暮らしの201号,complete
1,10,em-f46ba2125449,黍deギャリソン,20,3020,1963,1,heal,-0.0486,-0.1082,0.6875,0.7361,黍deギャリソン / ペーチパイセン / 鹿喰らいの狼マン / 明日香大明神 / ロータス先輩,電波姫☆いまりちゃん / さくらこはダムです / メル子大先生 / 明日香大明神 / 甲羅暮らしの201号,complete
1,11,em-bbce42d72486,東がエデン,50,5112,5112,0,attribute_change,-0.0486,-0.1158,0.6875,0.7361,東がエデン / ペーチパイセン / メル子大先生 / 明日香大明神 / ロータス先輩,電波姫☆いまりちゃん / さくらこはダムです / メル子大先生 / 明日香大明神 / 甲羅暮らしの201号,complete
1,12,em-1d6b42059506,レーティッシュ凛子,35,5623,3229,3,attack_buff,-0.0486,-0.1158,0.6875,0.7361,レーティッシュ凛子 / 一葉ちゃんは作家さん / メル子大先生 / 明日香大明神 / ロータス先輩,電波姫☆いまりちゃん / さくらこはダムです / メル子大先生 / 明日香大明神 / 甲羅暮らしの201号,complete
1,13,em-72f5e94185a5,MAIKOちゃん,34,3834,3834,6,attribute_guard,-0.0486,-0.117,0.6875,0.7361,MAIKOちゃん / 一葉ちゃんは作家さん / メル子大先生 / 明日香大明神 / ロータス先輩,電波姫☆いまりちゃん / さくらこはダムです / メル子大先生 / 明日香大明神 / 甲羅暮らしの201号,complete
1,14,em-d7873747b412,藤のフヒッティ,75,10735,3578,1,damage_reduction,-0.0486,-0.1193,0.6875,0.7361,藤のフヒッティ / ペーチパイセン / フク先生 / おあげさん / ガハラさん,電波姫☆いまりちゃん / さくらこはダムです / メル子大先生 / 明日香大明神 / 甲羅暮らしの201号,complete
1,15,em-5981c18a4a99,オシラサマ,33,4260,3322,3,heal,-0.0556,-0.122,0.6806,0.7361,オシラサマ / 一葉ちゃんは作家さん / メル子大先生 / 明日香大明神 / ロータス先輩,電波姫☆いまりちゃん / さくらこはダムです / メル子大先生 / 明日香大明神 / 甲羅暮らしの201号,complete
1,16,em-9765b36aab39,ハズクちゃんナイトモード,33,3771,3101,3,multi_hit_attack,-0.0556,-0.122,0.6806,0.7361,ハズクちゃんナイトモード / 一葉ちゃんは作家さん / メル子大先生 / 明日香大明神 / ロータス先輩,電波姫☆いまりちゃん / さくらこはダムです / メル子大先生 / 明日香大明神 / 甲羅暮らしの201号,complete
1,17,em-e0b5c355755f,ミョイネン様,36,5180,3067,5,revive,-0.0625,-0.1231,0.6736,0.7361,ミョイネン様 / 一葉ちゃんは作家さん / メル子大先生 / 明日香大明神 / ロータス先輩,電波姫☆いまりちゃん / さくらこはダムです / メル子大先生 / 明日香大明神 / 甲羅暮らしの201号,complete
1,18,em-a7fc49aa8c73,広報担当：アッシュ,37,5112,3748,2,attribute_guard,-0.0556,-0.1232,0.6806,0.7361,広報担当：アッシュ / 一葉ちゃんは作家さん / メル子大先生 / 明日香大明神 / ロータス先輩,電波姫☆いまりちゃん / さくらこはダムです / メル子大先生 / 明日香大明神 / 甲羅暮らしの201号,complete
1,19,em-01a16cce900c,伝説のロロちゃん,35,3748,3067,5,attack_buff,-0.0556,-0.1244,0.6806,0.7361,伝説のロロちゃん / 一葉ちゃんは作家さん / メル子大先生 / 明日香大明神 / ロータス先輩,電波姫☆いまりちゃん / さくらこはダムです / メル子大先生 / 明日香大明神 / 甲羅暮らしの201号,complete
1,20,em-d941ef4d2c66,紫禁嬢,34,4692,2801,2,damage_reduction,-0.0556,-0.1244,0.6806,0.7361,紫禁嬢 / 一葉ちゃんは作家さん / メル子大先生 / 明日香大明神 / ロータス先輩,電波姫☆いまりちゃん / さくらこはダムです / メル子大先生 / 明日香大明神 / 甲羅暮らしの201号,complete
1,21,em-5bd7e19b00f4,土田野古子,31,4732,3028,0,damage_reduction,-0.0625,-0.1294,0.6736,0.7361,土田野古子 / 一葉ちゃんは作家さん / メル子大先生 / 明日香大明神 / ロータス先輩,電波姫☆いまりちゃん / さくらこはダムです / メル子大先生 / 明日香大明神 / 甲羅暮らしの201号,complete
1,22,em-0e334d0d8b75,フアイチヴ夫,37,3919,2044,0,heal,-0.0625,-0.1306,0.6736,0.7361,フアイチヴ夫 / 一葉ちゃんは作家さん / メル子大先生 / 明日香大明神 / ロータス先輩,電波姫☆いまりちゃん / さくらこはダムです / メル子大先生 / 明日香大明神 / 甲羅暮らしの201号,complete
1,23,em-7380c7ba233b,大崎どんと先輩,37,4771,3408,3,damage_reduction,-0.0625,-0.1306,0.6736,0.7361,大崎どんと先輩 / 一葉ちゃんは作家さん / メル子大先生 / 明日香大明神 / ロータス先輩,電波姫☆いまりちゃん / さくらこはダムです / メル子大先生 / 明日香大明神 / 甲羅暮らしの201号,complete
1,24,em-06a3d28ae15f,オオガラッパ,36,3783,4771,2,skill_reduction,-0.0625,-0.1306,0.6736,0.7361,オオガラッパ / 一葉ちゃんは作家さん / メル子大先生 / 明日香大明神 / ロータス先輩,電波姫☆いまりちゃん / さくらこはダムです / メル子大先生 / 明日香大明神 / 甲羅暮らしの201号,partial-skill-support
1,25,em-d4ddef9a4e05,大ふわふわさん,36,6247,2839,4,skill_reduction,-0.0694,-0.1319,0.6667,0.7361,大ふわふわさん / 一葉ちゃんは作家さん / メル子大先生 / 明日香大明神 / ロータス先輩,電波姫☆いまりちゃん / さくらこはダムです / メル子大先生 / 明日香大明神 / 甲羅暮らしの201号,partial-skill-support
1,26,em-ec5b8324ab06,袴着！いつくしーみん,36,3401,3401,2,attack_buff,-0.0625,-0.134,0.6736,0.7361,袴着！いつくしーみん / 一葉ちゃんは作家さん / メル子大先生 / 明日香大明神 / ロータス先輩,電波姫☆いまりちゃん / さくらこはダムです / メル子大先生 / 明日香大明神 / 甲羅暮らしの201号,complete
1,27,em-0e6d3baf12ca,ネギ少女じゅんちゃん,36,3544,3544,1,heal,-0.0625,-0.1362,0.6736,0.7361,ネギ少女じゅんちゃん / 一葉ちゃんは作家さん / メル子大先生 / 明日香大明神 / ロータス先輩,電波姫☆いまりちゃん / さくらこはダムです / メル子大先生 / 明日香大明神 / 甲羅暮らしの201号,complete
1,28,em-5d62afcf01d5,転がる！けねず君,37,3408,2044,4,damage_reduction,-0.0694,-0.138,0.6667,0.7361,転がる！けねず君 / 一葉ちゃんは作家さん / メル子大先生 / 明日香大明神 / ロータス先輩,電波姫☆いまりちゃん / さくらこはダムです / メル子大先生 / 明日香大明神 / 甲羅暮らしの201号,complete
1,29,em-bae534d22214,猫キャットとOLさん,37,3786,3786,3,delay,-0.0694,-0.138,0.6667,0.7361,猫キャットとOLさん / 一葉ちゃんは作家さん / メル子大先生 / 明日香大明神 / ロータス先輩,電波姫☆いまりちゃん / さくらこはダムです / メル子大先生 / 明日香大明神 / 甲羅暮らしの201号,partial-skill-support
1,30,em-048f5c5385db,Mr.バトラー,34,4771,3067,1,attribute_change,-0.0694,-0.1391,0.6667,0.7361,Mr.バトラー / 一葉ちゃんは作家さん / メル子大先生 / 明日香大明神 / ロータス先輩,電波姫☆いまりちゃん / さくらこはダムです / メル子大先生 / 明日香大明神 / 甲羅暮らしの201号,complete
1,31,em-24d6f242799c,大浜美波さん,32,3748,3408,5,revive,-0.0833,-0.1399,0.6528,0.7361,大浜美波さん / 一葉ちゃんは作家さん / すわ子isGOD！ / 明日香大明神 / ロータス先輩,電波姫☆いまりちゃん / さくらこはダムです / メル子大先生 / 明日香大明神 / 甲羅暮らしの201号,complete
1,32,em-7b76cc31326e,迷走のヴァニ江,36,4379,2505,2,damage_reduction,-0.0694,-0.1403,0.6667,0.7361,迷走のヴァニ江 / 一葉ちゃんは作家さん / メル子大先生 / 明日香大明神 / ロータス先輩,電波姫☆いまりちゃん / さくらこはダムです / メル子大先生 / 明日香大明神 / 甲羅暮らしの201号,complete
1,33,em-5a8b6c2acb19,ユスリカ,45,5282,1414,0,aoe_attack,-0.0833,-0.1413,0.6528,0.7361,ユスリカ / ペーチパイセン / すわ子isGOD！ / 明日香大明神 / ロータス先輩,電波姫☆いまりちゃん / さくらこはダムです / メル子大先生 / 明日香大明神 / 甲羅暮らしの201号,complete
1,34,em-7f58743c664e,ポリミタス☆おかいこ,34,4771,3069,2,attribute_change,-0.0764,-0.1442,0.6597,0.7361,ポリミタス☆おかいこ / 一葉ちゃんは作家さん / メル子大先生 / 明日香大明神 / ロータス先輩,電波姫☆いまりちゃん / さくらこはダムです / メル子大先生 / 明日香大明神 / 甲羅暮らしの201号,complete
1,35,em-6c2ea8631e0d,深海美少年モヅルン,37,5964,2385,3,attribute_guard,-0.0764,-0.1453,0.6597,0.7361,深海美少年モヅルン / 一葉ちゃんは作家さん / メル子大先生 / 明日香大明神 / ロータス先輩,電波姫☆いまりちゃん / さくらこはダムです / メル子大先生 / 明日香大明神 / 甲羅暮らしの201号,complete
1,36,em-2f05e38437db,女帝！カるたーニャ,37,3408,3408,5,attack_buff,-0.0833,-0.1453,0.6528,0.7361,女帝！カるたーニャ / 一葉ちゃんは作家さん / メル子大先生 / 明日香大明神 / ロータス先輩,電波姫☆いまりちゃん / さくらこはダムです / メル子大先生 / 明日香大明神 / 甲羅暮らしの201号,complete
1,37,em-2ec5c7515f64,甲羅暮らしの201号,36,5455,3751,5,guard,-0.0764,-0.1465,0.6528,0.7292,甲羅暮らしの201号 / 一葉ちゃんは作家さん / メル子大先生 / 明日香大明神 / ロータス先輩,スクナクナクナクス / ペーチパイセン / メル子大先生 / 明日香大明神 / ロータス先輩,complete
1,38,em-5ae7ac6baf45,ɚすぃとRuru？,36,4771,4771,0,attribute_change,-0.0764,-0.1465,0.6597,0.7361,ɚすぃとRuru？ / 一葉ちゃんは作家さん / メル子大先生 / 明日香大明神 / ロータス先輩,電波姫☆いまりちゃん / さくらこはダムです / メル子大先生 / 明日香大明神 / 甲羅暮らしの201号,complete
1,39,em-5ad05ec11a09,三連星のオコオコ,37,3834,3834,3,multi_hit_attack,-0.0764,-0.1465,0.6597,0.7361,三連星のオコオコ / 一葉ちゃんは作家さん / メル子大先生 / 明日香大明神 / ロータス先輩,電波姫☆いまりちゃん / さくらこはダムです / メル子大先生 / 明日香大明神 / 甲羅暮らしの201号,complete
1,40,em-f565b0314902,覚醒大氷怪・雪愛,37,4345,4515,1,attribute_change,-0.0764,-0.1465,0.6597,0.7361,覚醒大氷怪・雪愛 / 一葉ちゃんは作家さん / メル子大先生 / 明日香大明神 / ロータス先輩,電波姫☆いまりちゃん / さくらこはダムです / メル子大先生 / 明日香大明神 / 甲羅暮らしの201号,complete
1,41,em-7fafc017f6f6,水蛭子リターンズ,43,6816,3408,7,revive,-0.0833,-0.1479,0.6528,0.7361,水蛭子リターンズ / ペーチパイセン / すわ子isGOD！ / 明日香大明神 / ロータス先輩,電波姫☆いまりちゃん / さくらこはダムです / メル子大先生 / 明日香大明神 / 甲羅暮らしの201号,complete
1,42,em-049ada05607b,眠里　不可緒,16,3578,2315,5,attack_buff,-0.0903,-0.1487,0.6458,0.7361,眠里　不可緒 / さくらこはダムです / ポディアさま / クレリゴス子様 / かんと師匠,電波姫☆いまりちゃん / さくらこはダムです / メル子大先生 / 明日香大明神 / 甲羅暮らしの201号,complete
1,43,em-52de8bb54262,ボビンちゃん,33,3748,4771,3,damage_reduction,-0.0764,-0.1509,0.6597,0.7361,ボビンちゃん / 一葉ちゃんは作家さん / メル子大先生 / 明日香大明神 / ロータス先輩,電波姫☆いまりちゃん / さくらこはダムです / メル子大先生 / 明日香大明神 / 甲羅暮らしの201号,complete
1,44,em-0bcb369cdcd9,キタキツネの神様,36,3748,4771,3,attack_buff,-0.0764,-0.1509,0.6597,0.7361,キタキツネの神様 / 一葉ちゃんは作家さん / メル子大先生 / 明日香大明神 / ロータス先輩,電波姫☆いまりちゃん / さくらこはダムです / メル子大先生 / 明日香大明神 / 甲羅暮らしの201号,complete
1,45,em-d1302899cad6,ナポレオーヌ一世,32,3512,2930,1,attack_buff,-0.0833,-0.1515,0.6528,0.7361,ナポレオーヌ一世 / 一葉ちゃんは作家さん / すわ子isGOD！ / 明日香大明神 / ロータス先輩,電波姫☆いまりちゃん / さくらこはダムです / メル子大先生 / 明日香大明神 / 甲羅暮らしの201号,complete
1,46,em-ab9b2ce76191,B・O・B,37,4935,3244,3,delay,-0.0833,-0.1515,0.6528,0.7361,B・O・B / 一葉ちゃんは作家さん / メル子大先生 / 明日香大明神 / ロータス先輩,電波姫☆いまりちゃん / さくらこはダムです / メル子大先生 / 明日香大明神 / 甲羅暮らしの201号,partial-skill-support
1,47,em-4efe36123302,輝け☆椛マン！,35,4260,3408,3,heal,-0.0833,-0.1515,0.6528,0.7361,輝け☆椛マン！ / 一葉ちゃんは作家さん / メル子大先生 / 明日香大明神 / ロータス先輩,電波姫☆いまりちゃん / さくらこはダムです / メル子大先生 / 明日香大明神 / 甲羅暮らしの201号,complete
1,48,em-28c6b952551d,海の昇竜貫,33,4601,3408,2,attack_buff,-0.0833,-0.1515,0.6528,0.7361,海の昇竜貫 / 一葉ちゃんは作家さん / メル子大先生 / 明日香大明神 / ロータス先輩,電波姫☆いまりちゃん / さくらこはダムです / メル子大先生 / 明日香大明神 / 甲羅暮らしの201号,complete
1,49,em-7a58e59098c4,森神ブーナッド,36,4941,3408,2,heal,-0.0833,-0.1515,0.6528,0.7361,森神ブーナッド / 一葉ちゃんは作家さん / メル子大先生 / 明日香大明神 / ロータス先輩,電波姫☆いまりちゃん / さくらこはダムです / メル子大先生 / 明日香大明神 / 甲羅暮らしの201号,complete
1,50,em-f2d052955a43,大正義・フクちゃん,7,1128,1269,2,attribute_change,-0.0694,-0.1527,0.6667,0.7361,大正義・フクちゃん / さくらこはダムです / ポディアさま / クレリゴス子様 / リスマニア,電波姫☆いまりちゃん / さくらこはダムです / メル子大先生 / 明日香大明神 / 甲羅暮らしの201号,complete
1,51,em-f647c6633f95,爆誕！さくどん,42,3408,4260,7,delay,-0.1042,-0.1531,0.6319,0.7361,爆誕！さくどん / さくらこはダムです / すわ子isGOD！ / 明日香大明神 / ロータス先輩,電波姫☆いまりちゃん / さくらこはダムです / メル子大先生 / 明日香大明神 / 甲羅暮らしの201号,partial-skill-support
1,52,em-d5ea84224259,ﾌﾗﾝﾀﾞｰｽのわんわんお,38,5538,3190,3,guard,-0.0892,-0.1544,0.6469,0.7361,ﾌﾗﾝﾀﾞｰｽのわんわんお / 一葉ちゃんは作家さん / 時のプラズマ / 明日香大明神 / ロータス先輩,電波姫☆いまりちゃん / さくらこはダムです / メル子大先生 / 明日香大明神 / 甲羅暮らしの201号,complete
1,53,em-b041a6f6cf00,テヅルモヅルン,37,5367,2147,3,attribute_guard,-0.0833,-0.1549,0.6528,0.7361,テヅルモヅルン / 一葉ちゃんは作家さん / メル子大先生 / 明日香大明神 / ロータス先輩,電波姫☆いまりちゃん / さくらこはダムです / メル子大先生 / 明日香大明神 / 甲羅暮らしの201号,complete
1,54,em-7099769414bf,ある半ブラというＰＷ,16,2994,2962,2,skill_reduction,-0.0764,-0.1551,0.6597,0.7361,ある半ブラというＰＷ / さくらこはダムです / ポディアさま / クレリゴス子様 / かんと師匠,電波姫☆いまりちゃん / さくらこはダムです / メル子大先生 / 明日香大明神 / 甲羅暮らしの201号,partial-skill-support
1,55,em-971ee3677529,ポディアさま,20,2254,1127,2,attribute_guard,-0.0833,-0.1561,0.6528,0.7361,ポディアさま / 一葉ちゃんは作家さん / メル子大先生 / 明日香大明神 / 栗林掬太郎,電波姫☆いまりちゃん / さくらこはダムです / メル子大先生 / 明日香大明神 / 甲羅暮らしの201号,complete
1,56,em-edb8ec937948,養老ディオニュソス,49,6475,3208,6,revive,-0.0972,-0.1575,0.6389,0.7361,養老ディオニュソス / ペーチパイセン / メル子大先生 / 明日香大明神 / ロータス先輩,電波姫☆いまりちゃん / さくらこはダムです / メル子大先生 / 明日香大明神 / 甲羅暮らしの201号,complete
1,57,em-d77542ffe604,?????,42,6475,3067,2,attack_buff,-0.0972,-0.1575,0.6389,0.7361,????? / ペーチパイセン / すわ子isGOD！ / 明日香大明神 / ロータス先輩,電波姫☆いまりちゃん / さくらこはダムです / メル子大先生 / 明日香大明神 / 甲羅暮らしの201号,complete
1,58,em-419c23e0ec81,新生☆ＢＴ５!!,35,3287,3615,3,damage_reduction,-0.0903,-0.1577,0.6458,0.7361,新生☆ＢＴ５!! / 一葉ちゃんは作家さん / メル子大先生 / 明日香大明神 / ロータス先輩,電波姫☆いまりちゃん / さくらこはダムです / メル子大先生 / 明日香大明神 / 甲羅暮らしの201号,complete
1,59,em-e7480334e10e,脱力系アテナ,33,4186,1610,0,attack_buff,-0.0903,-0.1577,0.6458,0.7361,脱力系アテナ / 一葉ちゃんは作家さん / メル子大先生 / 明日香大明神 / ロータス先輩,電波姫☆いまりちゃん / さくらこはダムです / メル子大先生 / 明日香大明神 / 甲羅暮らしの201号,complete
1,60,em-93a9275d427c,肉食ドゥブロさん,32,5106,3404,3,attack_buff,-0.0903,-0.1588,0.6458,0.7361,肉食ドゥブロさん / 一葉ちゃんは作家さん / すわ子isGOD！ / 明日香大明神 / ロータス先輩,電波姫☆いまりちゃん / さくらこはダムです / メル子大先生 / 明日香大明神 / 甲羅暮らしの201号,complete
1,61,em-9cc423bd9843,沼んだーライド！,21,1585,1887,5,aoe_attack,-0.0972,-0.1588,0.6389,0.7361,沼んだーライド！ / ペーチパイセン / すわ子isGOD！ / 明日香大明神 / シンハ☆ラジャ様,電波姫☆いまりちゃん / さくらこはダムです / メル子大先生 / 明日香大明神 / 甲羅暮らしの201号,complete
1,62,em-03ca4c2f4e9d,勝手にストゥッツさん,51,6560,3786,0,attribute_change,-0.0972,-0.1588,0.6389,0.7361,勝手にストゥッツさん / ペーチパイセン / メル子大先生 / 明日香大明神 / ロータス先輩,電波姫☆いまりちゃん / さくらこはダムです / メル子大先生 / 明日香大明神 / 甲羅暮らしの201号,complete
1,63,em-4f7f91fb4514,うどんの天使,42,3067,3748,1,attack_buff,-0.1042,-0.1593,0.6319,0.7361,うどんの天使 / さくらこはダムです / すわ子isGOD！ / 明日香大明神 / ロータス先輩,電波姫☆いまりちゃん / さくらこはダムです / メル子大先生 / 明日香大明神 / 甲羅暮らしの201号,complete
1,64,em-2fe87d344c40,都井 岬パイセン,36,3237,2896,2,damage_reduction,-0.0903,-0.16,0.6458,0.7361,都井 岬パイセン / 一葉ちゃんは作家さん / メル子大先生 / 明日香大明神 / ロータス先輩,電波姫☆いまりちゃん / さくらこはダムです / メル子大先生 / 明日香大明神 / 甲羅暮らしの201号,complete
1,65,em-2d179e9f0835,ﾇｯと出る☆ウイス君,36,5354,2486,2,attack_buff,-0.0903,-0.16,0.6458,0.7361,ﾇｯと出る☆ウイス君 / 一葉ちゃんは作家さん / メル子大先生 / 明日香大明神 / ロータス先輩,電波姫☆いまりちゃん / さくらこはダムです / メル子大先生 / 明日香大明神 / 甲羅暮らしの201号,complete
1,66,em-9d5a58645c8c,カロニスタ・ヴェニ子,37,4444,4444,2,attack_buff,-0.0903,-0.16,0.6458,0.7361,カロニスタ・ヴェニ子 / 一葉ちゃんは作家さん / メル子大先生 / 明日香大明神 / ロータス先輩,電波姫☆いまりちゃん / さくらこはダムです / メル子大先生 / 明日香大明神 / 甲羅暮らしの201号,complete
1,67,em-ffdcaffc4a41,雑煮入り☆うるっしー,36,3443,3443,4,guard,-0.0972,-0.1601,0.6389,0.7361,雑煮入り☆うるっしー / 一葉ちゃんは作家さん / メル子大先生 / 明日香大明神 / ロータス先輩,電波姫☆いまりちゃん / さくらこはダムです / メル子大先生 / 明日香大明神 / 甲羅暮らしの201号,complete
1,68,em-1ef7fe92af87,丸見えミナレット,17,2505,852,0,aoe_attack,-0.0903,-0.1611,0.6458,0.7361,丸見えミナレット / さくらこはダムです / ポディアさま / クレリゴス子様 / zuス様とsiラ様,電波姫☆いまりちゃん / さくらこはダムです / メル子大先生 / 明日香大明神 / 甲羅暮らしの201号,complete
1,69,em-908fa1696f0d,速いぞサラマンダー！,12,3186,1431,6,skill_reduction,-0.0903,-0.1611,0.6458,0.7361,速いぞサラマンダー！ / 一葉ちゃんは作家さん / ポディアさま / クレリゴス子様 / ガハラさん,電波姫☆いまりちゃん / さくらこはダムです / メル子大先生 / 明日香大明神 / 甲羅暮らしの201号,partial-skill-support
1,70,em-35fbdd1bfe19,猛然みっけ太郎,13,1812,1963,2,attribute_change,-0.0903,-0.1611,0.6458,0.7361,猛然みっけ太郎 / 一葉ちゃんは作家さん / ポディアさま / クレリゴス子様 / ガハラさん,電波姫☆いまりちゃん / さくらこはダムです / メル子大先生 / 明日香大明神 / 甲羅暮らしの201号,complete
1,71,em-b5317027555c,森神ブーナッド,36,4941,3408,4,heal,-0.0972,-0.1613,0.6389,0.7361,森神ブーナッド / 一葉ちゃんは作家さん / メル子大先生 / 明日香大明神 / ロータス先輩,電波姫☆いまりちゃん / さくらこはダムです / メル子大先生 / 明日香大明神 / 甲羅暮らしの201号,complete
1,72,em-a43c7b67cbc3,ケルトレントさん,47,6816,3067,6,guard,-0.1042,-0.1621,0.6319,0.7361,ケルトレントさん / ペーチパイセン / メル子大先生 / 明日香大明神 / ロータス先輩,電波姫☆いまりちゃん / さくらこはダムです / メル子大先生 / 明日香大明神 / 甲羅暮らしの201号,complete
1,73,em-84d85240bb16,養老のバッカス,47,6475,3408,5,revive,-0.1111,-0.1621,0.625,0.7361,養老のバッカス / さくらこはダムです / メル子大先生 / 明日香大明神 / ロータス先輩,電波姫☆いまりちゃん / さくらこはダムです / メル子大先生 / 明日香大明神 / 甲羅暮らしの201号,complete
1,74,em-1c28be3f3366,モンさんミッシェル,32,3748,5623,8,multi_hit_attack,-0.0972,-0.1626,0.6389,0.7361,モンさんミッシェル / 一葉ちゃんは作家さん / すわ子isGOD！ / 明日香大明神 / ロータス先輩,電波姫☆いまりちゃん / さくらこはダムです / メル子大先生 / 明日香大明神 / 甲羅暮らしの201号,complete
1,75,em-b3efca57f045,ポロンになった日,22,2416,2416,0,attribute_change,-0.0833,-0.1634,0.6528,0.7361,ポロンになった日 / さくらこはダムです / ポディアさま / クレリゴス子様 / ガハラさん,電波姫☆いまりちゃん / さくらこはダムです / メル子大先生 / 明日香大明神 / 甲羅暮らしの201号,complete
1,76,em-bd98030ead3e,首領子襲来!!,33,5680,3786,4,heal,-0.0972,-0.1638,0.6389,0.7361,首領子襲来!! / 一葉ちゃんは作家さん / メル子大先生 / 明日香大明神 / ロータス先輩,電波姫☆いまりちゃん / さくらこはダムです / メル子大先生 / 明日香大明神 / 甲羅暮らしの201号,complete
1,77,em-a4d82c09dd0f,魂入！とちぎソウル,7,565,1837,4,attack_buff,-0.0833,-0.1644,0.6528,0.7361,魂入！とちぎソウル / さくらこはダムです / ポディアさま / クレリゴス子様 / リスマニア,電波姫☆いまりちゃん / さくらこはダムです / メル子大先生 / 明日香大明神 / 甲羅暮らしの201号,complete
1,78,em-cd0a21cda0bb,タキシラ師匠,6,1861,733,0,heal,-0.0833,-0.1654,0.6528,0.7361,タキシラ師匠 / さくらこはダムです / ポディアさま / クレリゴス子様 / リスマニア,電波姫☆いまりちゃん / さくらこはダムです / メル子大先生 / 明日香大明神 / 甲羅暮らしの201号,complete
1,79,em-c0b8a38b4040,鹿喰らいの狼マン,47,4771,3748,2,multi_hit_attack,-0.1042,-0.1661,0.6319,0.7361,鹿喰らいの狼マン / ペーチパイセン / メル子大先生 / 明日香大明神 / ロータス先輩,電波姫☆いまりちゃん / さくらこはダムです / メル子大先生 / 明日香大明神 / 甲羅暮らしの201号,complete
1,80,em-70f1d39031ed,うにうにする虎,50,6816,681,0,attack_buff,-0.0903,-0.1666,0.6458,0.7361,うにうにする虎 / ペーチパイセン / メル子大先生 / 明日香大明神 / ロータス先輩,電波姫☆いまりちゃん / さくらこはダムです / メル子大先生 / 明日香大明神 / 甲羅暮らしの201号,complete
1,81,em-88028fdebb04,オペラハウス侯爵,24,3154,3177,3,revive,-0.0972,-0.1673,0.6389,0.7361,オペラハウス侯爵 / さくらこはダムです / ポディアさま / クレリゴス子様 / ガハラさん,電波姫☆いまりちゃん / さくらこはダムです / メル子大先生 / 明日香大明神 / 甲羅暮らしの201号,complete
1,82,em-5e6cf1fe4c4c,まそお姉ちゃん,15,2898,3059,5,attack_buff,-0.0972,-0.1673,0.6389,0.7361,まそお姉ちゃん / さくらこはダムです / ポディアさま / クレリゴス子様 / かんと師匠,電波姫☆いまりちゃん / さくらこはダムです / メル子大先生 / 明日香大明神 / 甲羅暮らしの201号,complete
1,83,em-96a3648b46e2,チョコ染めの安井さん,32,3646,4089,3,guard,-0.0972,-0.1673,0.6389,0.7361,チョコ染めの安井さん / 一葉ちゃんは作家さん / すわ子isGOD！ / 明日香大明神 / ロータス先輩,電波姫☆いまりちゃん / さくらこはダムです / メル子大先生 / 明日香大明神 / 甲羅暮らしの201号,complete
1,84,em-cb7b4011b532,未確認土産菓子OTB,36,3350,3302,3,skill_reduction,-0.0972,-0.1673,0.6389,0.7361,未確認土産菓子OTB / 一葉ちゃんは作家さん / メル子大先生 / 明日香大明神 / ロータス先輩,電波姫☆いまりちゃん / さくらこはダムです / メル子大先生 / 明日香大明神 / 甲羅暮らしの201号,partial-skill-support
1,85,em-d9e193a7c929,斑鳩の太子くん,36,4260,2896,2,heal,-0.0972,-0.1673,0.6389,0.7361,斑鳩の太子くん / 一葉ちゃんは作家さん / メル子大先生 / 明日香大明神 / ロータス先輩,電波姫☆いまりちゃん / さくらこはダムです / メル子大先生 / 明日香大明神 / 甲羅暮らしの201号,complete
1,86,em-0f41288ed104,青玉の供犠ぴよ子,6,1609,1609,0,none,-0.0903,-0.1676,0.6458,0.7361,青玉の供犠ぴよ子 / さくらこはダムです / ポディアさま / クレリゴス子様 / リスマニア,電波姫☆いまりちゃん / さくらこはダムです / メル子大先生 / 明日香大明神 / 甲羅暮らしの201号,complete
1,87,em-228697ae4ca1,かつお☆カーニバル,7,1128,1198,2,skill_reduction,-0.0833,-0.1683,0.6528,0.7361,かつお☆カーニバル / さくらこはダムです / ポディアさま / クレリゴス子様 / リスマニア,電波姫☆いまりちゃん / さくらこはダムです / メル子大先生 / 明日香大明神 / 甲羅暮らしの201号,partial-skill-support
1,88,em-9974d2b554c4,ｼｬﾐｯ子！シャーミー君,36,4652,3919,1,attack_buff,-0.0972,-0.1684,0.6389,0.7361,ｼｬﾐｯ子！シャーミー君 / 一葉ちゃんは作家さん / メル子大先生 / 明日香大明神 / ロータス先輩,電波姫☆いまりちゃん / さくらこはダムです / メル子大先生 / 明日香大明神 / 甲羅暮らしの201号,complete
1,89,em-78c90c30a11c,夜光虫ほたるん,14,2265,3020,2,attribute_change,-0.0903,-0.1686,0.6458,0.7361,夜光虫ほたるん / さくらこはダムです / ポディアさま / クレリゴス子様 / かんと師匠,電波姫☆いまりちゃん / さくらこはダムです / メル子大先生 / 明日香大明神 / 甲羅暮らしの201号,complete
1,90,em-13eb68eee59d,マーサイ兄さん,34,4260,3834,4,attack_buff,-0.1042,-0.1686,0.6319,0.7361,マーサイ兄さん / 一葉ちゃんは作家さん / メル子大先生 / 明日香大明神 / ロータス先輩,電波姫☆いまりちゃん / さくらこはダムです / メル子大先生 / 明日香大明神 / 甲羅暮らしの201号,complete
1,91,em-d90aa04af44f,グウィネズ兄弟,34,2066,3197,5,multi_hit_attack,-0.0972,-0.1695,0.6389,0.7361,グウィネズ兄弟 / 一葉ちゃんは作家さん / メル子大先生 / 明日香大明神 / ロータス先輩,電波姫☆いまりちゃん / さくらこはダムです / メル子大先生 / 明日香大明神 / 甲羅暮らしの201号,complete
1,92,em-95e1d74be5b6,Ｈ・Ｆ・ウーマン,47,6305,3748,2,guard,-0.1042,-0.1699,0.6319,0.7361,Ｈ・Ｆ・ウーマン / ペーチパイセン / メル子大先生 / 明日香大明神 / ロータス先輩,電波姫☆いまりちゃん / さくらこはダムです / メル子大先生 / 明日香大明神 / 甲羅暮らしの201号,complete
1,93,em-ceac25f15ae4,桜レンジャーズ,35,3843,4013,5,aoe_attack,-0.1042,-0.1699,0.6319,0.7361,桜レンジャーズ / 一葉ちゃんは作家さん / メル子大先生 / 明日香大明神 / ロータス先輩,電波姫☆いまりちゃん / さくらこはダムです / メル子大先生 / 明日香大明神 / 甲羅暮らしの201号,complete
1,94,em-192a5247d83c,マサムネーダー,32,3919,5112,2,attribute_change,-0.1042,-0.1699,0.6319,0.7361,マサムネーダー / 一葉ちゃんは作家さん / すわ子isGOD！ / 明日香大明神 / ロータス先輩,電波姫☆いまりちゃん / さくらこはダムです / メル子大先生 / 明日香大明神 / 甲羅暮らしの201号,complete
1,95,em-bb2bd26d4796,のり男の浪漫,36,3098,2695,2,attribute_guard,-0.0972,-0.1706,0.6389,0.7361,のり男の浪漫 / 一葉ちゃんは作家さん / メル子大先生 / 明日香大明神 / ロータス先輩,電波姫☆いまりちゃん / さくらこはダムです / メル子大先生 / 明日香大明神 / 甲羅暮らしの201号,complete
1,96,em-9ac3c0929f90,オコオコ,11,1704,1704,3,attack_buff,-0.0972,-0.1706,0.6389,0.7361,オコオコ / 一葉ちゃんは作家さん / ポディアさま / クレリゴス子様 / ガハラさん,電波姫☆いまりちゃん / さくらこはダムです / メル子大先生 / 明日香大明神 / 甲羅暮らしの201号,complete
1,97,em-d51ded51621f,華麗なる塚ジェンヌ,13,1684,1676,3,revive,-0.0972,-0.1706,0.6389,0.7361,華麗なる塚ジェンヌ / 一葉ちゃんは作家さん / ポディアさま / クレリゴス子様 / ガハラさん,電波姫☆いまりちゃん / さくらこはダムです / メル子大先生 / 明日香大明神 / 甲羅暮らしの201号,complete
1,98,em-8a1f54dc1206,讃えよ！ヒンヌー教徒,46,3393,4260,1,attribute_change,-0.1181,-0.171,0.6181,0.7361,讃えよ！ヒンヌー教徒 / さくらこはダムです / すわ子isGOD！ / 明日香大明神 / ロータス先輩,電波姫☆いまりちゃん / さくらこはダムです / メル子大先生 / 明日香大明神 / 甲羅暮らしの201号,complete
1,99,em-b8280ba8915c,ゲンゴロウ,50,6475,2585,2,attack_buff,-0.1111,-0.1721,0.625,0.7361,ゲンゴロウ / ペーチパイセン / メル子大先生 / 明日香大明神 / ロータス先輩,電波姫☆いまりちゃん / さくらこはダムです / メル子大先生 / 明日香大明神 / 甲羅暮らしの201号,complete
1,100,em-347ffee895b9,明日香大明神,8,989,1343,3,damage_reduction,-0.1042,-0.1734,0.6042,0.7083,明日香大明神 / 一葉ちゃんは作家さん / ポディアさま / クレリゴス子様 / まつやマン,ぴぐぺん選手 / さくらこはダムです / ポディアさま / クレリゴス子様 / ガハラさん,complete
1,101,em-6b8007792f3c,因幡WAHHH!!,32,3578,4771,4,attack_buff,-0.1042,-0.1734,0.6319,0.7361,因幡WAHHH!! / 一葉ちゃんは作家さん / すわ子isGOD！ / 明日香大明神 / ロータス先輩,電波姫☆いまりちゃん / さくらこはダムです / メル子大先生 / 明日香大明神 / 甲羅暮らしの201号,complete
1,102,em-b9fa4506f938,中空の修道院メテオラ,10,868,2185,1,attribute_change,-0.0972,-0.1738,0.6389,0.7361,中空の修道院メテオラ / ペーチパイセン / ポディアさま / クレリゴス子様 / リスマニア,電波姫☆いまりちゃん / さくらこはダムです / メル子大先生 / 明日香大明神 / 甲羅暮らしの201号,complete
1,103,em-c2dc184a86c0,爆誕！さくどん,45,3408,4260,9,delay,-0.1181,-0.1739,0.6181,0.7361,爆誕！さくどん / さくらこはダムです / すわ子isGOD！ / 明日香大明神 / ロータス先輩,電波姫☆いまりちゃん / さくらこはダムです / メル子大先生 / 明日香大明神 / 甲羅暮らしの201号,partial-skill-support
1,104,em-490281caead8,にくぁう羽子板・辰,36,3449,3449,0,attack_buff,-0.1042,-0.1746,0.6319,0.7361,にくぁう羽子板・辰 / 一葉ちゃんは作家さん / メル子大先生 / 明日香大明神 / ロータス先輩,電波姫☆いまりちゃん / さくらこはダムです / メル子大先生 / 明日香大明神 / 甲羅暮らしの201号,complete
1,105,em-a85f091d502f,スウェルくん,11,1452,2058,2,damage_reduction,-0.1042,-0.1746,0.6319,0.7361,スウェルくん / 一葉ちゃんは作家さん / ポディアさま / クレリゴス子様 / ガハラさん,電波姫☆いまりちゃん / さくらこはダムです / メル子大先生 / 明日香大明神 / 甲羅暮らしの201号,complete
1,106,em-f3234f88661c,氷の大魔女カナリン,43,7497,1641,5,revive,-0.1111,-0.1747,0.625,0.7361,氷の大魔女カナリン / さくらこはダムです / すわ子isGOD！ / 明日香大明神 / ロータス先輩,電波姫☆いまりちゃん / さくらこはダムです / メル子大先生 / 明日香大明神 / 甲羅暮らしの201号,complete
1,107,em-1f563ca1152b,キューバのラムちゃん,47,4703,4703,2,heal,-0.1111,-0.1747,0.625,0.7361,キューバのラムちゃん / ペーチパイセン / メル子大先生 / 明日香大明神 / ロータス先輩,電波姫☆いまりちゃん / さくらこはダムです / メル子大先生 / 明日香大明神 / 甲羅暮らしの201号,complete
1,108,em-00b4dc762ce0,ハクさんはファイター,50,3890,5112,2,attack_buff,-0.1111,-0.1747,0.625,0.7361,ハクさんはファイター / ペーチパイセン / メル子大先生 / 明日香大明神 / ロータス先輩,電波姫☆いまりちゃん / さくらこはダムです / メル子大先生 / 明日香大明神 / 甲羅暮らしの201号,complete
1,109,em-9bc7273dd8d5,シンハ☆ラジャ様,44,4260,6475,7,guard,-0.125,-0.1752,0.6111,0.7361,シンハ☆ラジャ様 / さくらこはダムです / すわ子isGOD！ / 明日香大明神 / ロータス先輩,電波姫☆いまりちゃん / さくらこはダムです / メル子大先生 / 明日香大明神 / 甲羅暮らしの201号,complete
1,110,em-a45ddac1b69c,ハクさんの本気,44,4601,4089,5,attack_buff,-0.125,-0.1752,0.6111,0.7361,ハクさんの本気 / さくらこはダムです / すわ子isGOD！ / 明日香大明神 / ロータス先輩,電波姫☆いまりちゃん / さくらこはダムです / メル子大先生 / 明日香大明神 / 甲羅暮らしの201号,complete
1,111,em-bc6da5addf52,桜ブーナッド,46,5547,4013,5,heal,-0.1181,-0.1754,0.6181,0.7361,桜ブーナッド / ペーチパイセン / すわ子isGOD！ / 明日香大明神 / ロータス先輩,電波姫☆いまりちゃん / さくらこはダムです / メル子大先生 / 明日香大明神 / 甲羅暮らしの201号,complete
1,112,em-423f5963c7c2,超患部ぴよフェッサー,15,3220,2093,2,revive,-0.1042,-0.1757,0.6319,0.7361,超患部ぴよフェッサー / さくらこはダムです / ポディアさま / クレリゴス子様 / かんと師匠,電波姫☆いまりちゃん / さくらこはダムです / メル子大先生 / 明日香大明神 / 甲羅暮らしの201号,complete
1,113,em-1a8cab078d61,イグナシオさんミニ,14,2567,1812,3,attack_buff,-0.1042,-0.1757,0.6319,0.7361,イグナシオさんミニ / 赤城山の風神太郎 / すわ子isGOD！ / 明日香大明神 / ロータス先輩,電波姫☆いまりちゃん / さくらこはダムです / メル子大先生 / 明日香大明神 / 甲羅暮らしの201号,complete
1,114,em-5d063141c6e0,ブルーフェイス姐さん,33,3919,4260,0,attribute_change,-0.1042,-0.1757,0.6319,0.7361,ブルーフェイス姐さん / 一葉ちゃんは作家さん / メル子大先生 / 明日香大明神 / ロータス先輩,電波姫☆いまりちゃん / さくらこはダムです / メル子大先生 / 明日香大明神 / 甲羅暮らしの201号,complete
1,115,em-42c90dd17240,GSPS！秀郷先生,34,3578,4601,2,attack_buff,-0.1042,-0.1757,0.6319,0.7361,GSPS！秀郷先生 / 一葉ちゃんは作家さん / メル子大先生 / 明日香大明神 / ロータス先輩,電波姫☆いまりちゃん / さくらこはダムです / メル子大先生 / 明日香大明神 / 甲羅暮らしの201号,complete
1,116,em-c87499b64151,ラパヌイ先生,45,6441,3067,4,guard,-0.1181,-0.1767,0.6181,0.7361,ラパヌイ先生 / ペーチパイセン / すわ子isGOD！ / 明日香大明神 / ロータス先輩,電波姫☆いまりちゃん / さくらこはダムです / メル子大先生 / 明日香大明神 / 甲羅暮らしの201号,complete
1,117,em-74d3b0f1ac0c,ひみつのメルルン,22,3067,3476,3,skill_reduction,-0.1042,-0.1768,0.6319,0.7361,ひみつのメルルン / さくらこはダムです / ポディアさま / クレリゴス子様 / ガハラさん,電波姫☆いまりちゃん / さくらこはダムです / メル子大先生 / 明日香大明神 / 甲羅暮らしの201号,partial-skill-support
1,118,em-8d766096773e,おんじとゆかいな子供達,36,5316,1704,1,damage_reduction,-0.1042,-0.1768,0.6319,0.7361,おんじとゆかいな子供達 / 一葉ちゃんは作家さん / メル子大先生 / 明日香大明神 / ロータス先輩,電波姫☆いまりちゃん / さくらこはダムです / メル子大先生 / 明日香大明神 / 甲羅暮らしの201号,complete
1,119,em-8cc0455bca09,バンクロ・フッド,25,3220,2093,3,guard,-0.1042,-0.1768,0.6319,0.7361,バンクロ・フッド / 一葉ちゃんは作家さん / メル子大先生 / 明日香大明神 / 電波姫☆いまりちゃん,電波姫☆いまりちゃん / さくらこはダムです / メル子大先生 / 明日香大明神 / 甲羅暮らしの201号,complete
1,120,em-9a1b8b33af97,バレチョコすわ子,46,3646,1874,0,multi_hit_attack,-0.1111,-0.1772,0.625,0.7361,バレチョコすわ子 / さくらこはダムです / すわ子isGOD！ / 明日香大明神 / ロータス先輩,電波姫☆いまりちゃん / さくらこはダムです / メル子大先生 / 明日香大明神 / 甲羅暮らしの201号,complete
1,121,em-bccc8308e871,ぶうやれギュウちゃん,34,3919,5112,5,revive,-0.1111,-0.1772,0.625,0.7361,ぶうやれギュウちゃん / 一葉ちゃんは作家さん / メル子大先生 / 明日香大明神 / ロータス先輩,電波姫☆いまりちゃん / さくらこはダムです / メル子大先生 / 明日香大明神 / 甲羅暮らしの201号,complete
1,122,em-8b710fe84fda,モチノ・ウオ丸,32,3902,3254,1,attack_buff,-0.1111,-0.1772,0.625,0.7361,モチノ・ウオ丸 / 一葉ちゃんは作家さん / すわ子isGOD！ / 明日香大明神 / ロータス先輩,電波姫☆いまりちゃん / さくらこはダムです / メル子大先生 / 明日香大明神 / 甲羅暮らしの201号,complete
1,123,em-7a8534cb5af6,クレリゴス子様,41,6731,2951,3,guard,-0.1042,-0.1779,0.6319,0.7361,クレリゴス子様 / 一葉ちゃんは作家さん / すわ子isGOD！ / 明日香大明神 / zuス様とsiラ様,電波姫☆いまりちゃん / さくらこはダムです / メル子大先生 / 明日香大明神 / 甲羅暮らしの201号,complete
1,124,em-2080ae65b62a,モヅルン,37,3771,1908,3,attribute_guard,-0.1042,-0.1779,0.6319,0.7361,モヅルン / 一葉ちゃんは作家さん / メル子大先生 / 明日香大明神 / ロータス先輩,電波姫☆いまりちゃん / さくらこはダムです / メル子大先生 / 明日香大明神 / 甲羅暮らしの201号,complete
1,125,em-4d6cd3fa7afc,宗像スリーピース,32,4601,4089,5,aoe_attack,-0.1181,-0.1781,0.6181,0.7361,宗像スリーピース / 一葉ちゃんは作家さん / すわ子isGOD！ / 明日香大明神 / ロータス先輩,電波姫☆いまりちゃん / さくらこはダムです / メル子大先生 / 明日香大明神 / 甲羅暮らしの201号,complete
1,126,em-abcae044297d,ラ・ショー・ドさん,44,5453,3424,5,delay,-0.1181,-0.1781,0.6181,0.7361,ラ・ショー・ドさん / ペーチパイセン / すわ子isGOD！ / 明日香大明神 / ロータス先輩,電波姫☆いまりちゃん / さくらこはダムです / メル子大先生 / 明日香大明神 / 甲羅暮らしの201号,partial-skill-support
1,127,em-5088462f1ee9,日本一の桃たろす,45,4260,5964,2,attribute_change,-0.1181,-0.1781,0.6181,0.7361,日本一の桃たろす / さくらこはダムです / すわ子isGOD！ / 明日香大明神 / ロータス先輩,電波姫☆いまりちゃん / さくらこはダムです / メル子大先生 / 明日香大明神 / 甲羅暮らしの201号,complete
1,128,em-563e34211286,大抵カールのせい,50,4686,5112,1,damage_reduction,-0.1111,-0.1784,0.625,0.7361,大抵カールのせい / ペーチパイセン / メル子大先生 / 明日香大明神 / ロータス先輩,電波姫☆いまりちゃん / さくらこはダムです / メル子大先生 / 明日香大明神 / 甲羅暮らしの201号,complete
1,129,em-3776e81d3ee0,ヒポポタリーナ,23,3237,2862,3,multi_hit_attack,-0.1111,-0.1784,0.625,0.7361,ヒポポタリーナ / さくらこはダムです / ポディアさま / クレリゴス子様 / ガハラさん,電波姫☆いまりちゃん / さくらこはダムです / メル子大先生 / 明日香大明神 / 甲羅暮らしの201号,complete
1,130,em-418076b2d218,イシマンガリソ先輩,42,5367,3067,1,attribute_guard,-0.1111,-0.1784,0.625,0.7361,イシマンガリソ先輩 / ペーチパイセン / すわ子isGOD！ / 明日香大明神 / ロータス先輩,電波姫☆いまりちゃん / さくらこはダムです / メル子大先生 / 明日香大明神 / 甲羅暮らしの201号,complete
1,131,em-d4681ac22bb8,フランク,16,2093,2737,4,skill_reduction,-0.0972,-0.1789,0.6389,0.7361,フランク / さくらこはダムです / ポディアさま / クレリゴス子様 / かんと師匠,電波姫☆いまりちゃん / さくらこはダムです / メル子大先生 / 明日香大明神 / 甲羅暮らしの201号,partial-skill-support
1,132,em-d61fdde3a8d0,キジーたん,16,2254,3864,4,attribute_change,-0.0972,-0.1789,0.6389,0.7361,キジーたん / さくらこはダムです / ポディアさま / クレリゴス子様 / かんと師匠,電波姫☆いまりちゃん / さくらこはダムです / メル子大先生 / 明日香大明神 / 甲羅暮らしの201号,complete
1,133,em-2c2759ede728,?????,44,4771,2385,1,attack_buff,-0.1181,-0.1794,0.6181,0.7361,????? / ペーチパイセン / すわ子isGOD！ / 明日香大明神 / ロータス先輩,電波姫☆いまりちゃん / さくらこはダムです / メル子大先生 / 明日香大明神 / 甲羅暮らしの201号,complete
1,134,em-2f92f911f129,ICHIKIの音楽祭,45,4601,2044,2,aoe_attack,-0.1181,-0.1794,0.6181,0.7361,ICHIKIの音楽祭 / ペーチパイセン / すわ子isGOD！ / 明日香大明神 / ロータス先輩,電波姫☆いまりちゃん / さくらこはダムです / メル子大先生 / 明日香大明神 / 甲羅暮らしの201号,complete
1,135,em-7e8ca5d8d19a,小林伯爵,15,3020,1812,5,revive,-0.1181,-0.1794,0.6181,0.7361,小林伯爵 / さくらこはダムです / ポディアさま / クレリゴス子様 / かんと師匠,電波姫☆いまりちゃん / さくらこはダムです / メル子大先生 / 明日香大明神 / 甲羅暮らしの201号,complete
1,136,em-90b0d123f99e,かんきゅっちゃん,15,2817,2817,5,delay,-0.1111,-0.1795,0.625,0.7361,かんきゅっちゃん / さくらこはダムです / ポディアさま / クレリゴス子様 / かんと師匠,電波姫☆いまりちゃん / さくらこはダムです / メル子大先生 / 明日香大明神 / 甲羅暮らしの201号,partial-skill-support
1,137,em-7e35b72ac7e4,琵琶子ｲﾘｭｰｼﾞｮﾝ！,13,1809,1190,3,damage_reduction,-0.1111,-0.1795,0.625,0.7361,琵琶子ｲﾘｭｰｼﾞｮﾝ！ / 一葉ちゃんは作家さん / ポディアさま / クレリゴス子様 / ガハラさん,電波姫☆いまりちゃん / さくらこはダムです / メル子大先生 / 明日香大明神 / 甲羅暮らしの201号,complete
1,138,em-f3861e35df6f,暗黒王まはーかーらん,47,3731,3926,4,delay,-0.125,-0.1798,0.6111,0.7361,暗黒王まはーかーらん / さくらこはダムです / メル子大先生 / 明日香大明神 / ロータス先輩,電波姫☆いまりちゃん / さくらこはダムです / メル子大先生 / 明日香大明神 / 甲羅暮らしの201号,partial-skill-support
1,139,em-2a550653f0a8,時のプラズマ,15,1610,2737,3,attack_buff,-0.0972,-0.1799,0.6389,0.7361,時のプラズマ / さくらこはダムです / ポディアさま / クレリゴス子様 / かんと師匠,電波姫☆いまりちゃん / さくらこはダムです / メル子大先生 / 明日香大明神 / 甲羅暮らしの201号,complete
1,140,em-ea05427d05f5,ナポレオーヌくん,32,3121,2603,1,attack_buff,-0.1111,-0.1807,0.625,0.7361,ナポレオーヌくん / 一葉ちゃんは作家さん / すわ子isGOD！ / 明日香大明神 / ロータス先輩,電波姫☆いまりちゃん / さくらこはダムです / メル子大先生 / 明日香大明神 / 甲羅暮らしの201号,complete
1,141,em-78c7d71a75d2,美音三銃士を連れてきたよ,50,6475,3748,5,revive,-0.1181,-0.1807,0.6181,0.7361,美音三銃士を連れてきたよ / ペーチパイセン / メル子大先生 / 明日香大明神 / ロータス先輩,電波姫☆いまりちゃん / さくらこはダムです / メル子大先生 / 明日香大明神 / 甲羅暮らしの201号,complete
1,142,em-9b4f5ff97dee,モスウーマン師匠,47,6390,4345,2,attribute_change,-0.1181,-0.1807,0.6181,0.7361,モスウーマン師匠 / ペーチパイセン / メル子大先生 / 明日香大明神 / ロータス先輩,電波姫☆いまりちゃん / さくらこはダムです / メル子大先生 / 明日香大明神 / 甲羅暮らしの201号,complete
1,143,em-53fae101e208,水海　月,34,3288,4260,1,attribute_guard,-0.1042,-0.1811,0.6319,0.7361,水海　月 / 一葉ちゃんは作家さん / メル子大先生 / 明日香大明神 / ロータス先輩,電波姫☆いまりちゃん / さくらこはダムです / メル子大先生 / 明日香大明神 / 甲羅暮らしの201号,complete
1,144,em-afce812f791d,めい子のMAY DAY,35,4123,4226,4,attribute_guard,-0.1111,-0.1818,0.625,0.7361,めい子のMAY DAY / 一葉ちゃんは作家さん / メル子大先生 / 明日香大明神 / ロータス先輩,電波姫☆いまりちゃん / さくらこはダムです / メル子大先生 / 明日香大明神 / 甲羅暮らしの201号,complete
1,145,em-89a1a863b8a0,ベファーナさん二千歳,46,7200,1874,1,multi_hit_attack,-0.1111,-0.1818,0.625,0.7361,ベファーナさん二千歳 / ペーチパイセン / すわ子isGOD！ / 明日香大明神 / ロータス先輩,電波姫☆いまりちゃん / さくらこはダムです / メル子大先生 / 明日香大明神 / 甲羅暮らしの201号,complete
1,146,em-6b69fff3a46d,怒るよ!!勝斧さん,47,6164,3748,1,attack_buff,-0.1181,-0.182,0.6181,0.7361,怒るよ!!勝斧さん / ペーチパイセン / すわ子isGOD！ / 明日香大明神 / ロータス先輩,電波姫☆いまりちゃん / さくらこはダムです / メル子大先生 / 明日香大明神 / 甲羅暮らしの201号,complete
1,147,em-2c5d06641a28,ジャックレムリン,55,7497,3748,7,aoe_attack,-0.1181,-0.182,0.6181,0.7361,ジャックレムリン / ペーチパイセン / すわ子isGOD！ / 明日香大明神 / zuス様とsiラ様,電波姫☆いまりちゃん / さくらこはダムです / メル子大先生 / 明日香大明神 / 甲羅暮らしの201号,complete
1,148,em-b7b738711fb0,ちくわサンド,23,2817,2656,2,attack_buff,-0.1042,-0.1821,0.6319,0.7361,ちくわサンド / さくらこはダムです / ポディアさま / クレリゴス子様 / ガハラさん,電波姫☆いまりちゃん / さくらこはダムです / メル子大先生 / 明日香大明神 / 甲羅暮らしの201号,complete
1,149,em-076deec8d0c8,羊蟹☆こ祝いくん,24,2093,2737,3,delay,-0.1042,-0.1821,0.6319,0.7361,羊蟹☆こ祝いくん / さくらこはダムです / ポディアさま / クレリゴス子様 / ガハラさん,電波姫☆いまりちゃん / さくらこはダムです / メル子大先生 / 明日香大明神 / 甲羅暮らしの201号,partial-skill-support
1,150,em-3b7a1f0d70a5,マッコーリー大佐,5,1198,1410,0,attribute_change,-0.1042,-0.1821,0.6319,0.7361,マッコーリー大佐 / さくらこはダムです / ポディアさま / クレリゴス子様 / リスマニア,電波姫☆いまりちゃん / さくらこはダムです / メル子大先生 / 明日香大明神 / 甲羅暮らしの201号,complete
1,151,em-0fa663e82a9a,翠玉の供犠ぴよ子,6,1609,1609,0,none,-0.1042,-0.1821,0.6319,0.7361,翠玉の供犠ぴよ子 / さくらこはダムです / ポディアさま / クレリゴス子様 / リスマニア,電波姫☆いまりちゃん / さくらこはダムです / メル子大先生 / 明日香大明神 / 甲羅暮らしの201号,complete
1,152,em-93778a059b28,mʌんでー＆nuーん,17,2898,2898,3,delay,-0.1111,-0.183,0.625,0.7361,mʌんでー＆nuーん / さくらこはダムです / ポディアさま / クレリゴス子様 / zuス様とsiラ様,電波姫☆いまりちゃん / さくらこはダムです / メル子大先生 / 明日香大明神 / 甲羅暮らしの201号,partial-skill-support
1,153,em-02bbd3e33593,飛んだ！イスタン大王,35,3408,5793,3,delay,-0.1111,-0.183,0.625,0.7361,飛んだ！イスタン大王 / 一葉ちゃんは作家さん / メル子大先生 / 明日香大明神 / ロータス先輩,電波姫☆いまりちゃん / さくらこはダムです / メル子大先生 / 明日香大明神 / 甲羅暮らしの201号,partial-skill-support
1,154,em-e931902358ae,弘法大師Ｑ改,15,1359,1963,3,skill_reduction,-0.1042,-0.1832,0.6319,0.7361,弘法大師Ｑ改 / さくらこはダムです / ポディアさま / クレリゴス子様 / かんと師匠,電波姫☆いまりちゃん / さくらこはダムです / メル子大先生 / 明日香大明神 / 甲羅暮らしの201号,partial-skill-support
1,155,em-0183a7a13db2,かーたん・べーり,32,4089,4089,5,attribute_guard,-0.1181,-0.1832,0.6181,0.7361,かーたん・べーり / 一葉ちゃんは作家さん / すわ子isGOD！ / 明日香大明神 / ロータス先輩,電波姫☆いまりちゃん / さくらこはダムです / メル子大先生 / 明日香大明神 / 甲羅暮らしの201号,complete
1,156,em-59636157ae2e,コーベンパイア天爵,45,5282,1757,2,damage_reduction,-0.1181,-0.1832,0.6181,0.7361,コーベンパイア天爵 / ペーチパイセン / すわ子isGOD！ / 明日香大明神 / ロータス先輩,電波姫☆いまりちゃん / さくらこはダムです / メル子大先生 / 明日香大明神 / 甲羅暮らしの201号,complete
1,157,em-313faf3b400a,バルパラ★イソ子,36,3237,3067,1,attribute_guard,-0.1111,-0.1841,0.625,0.7361,バルパラ★イソ子 / 一葉ちゃんは作家さん / メル子大先生 / 明日香大明神 / ロータス先輩,電波姫☆いまりちゃん / さくらこはダムです / メル子大先生 / 明日香大明神 / 甲羅暮らしの201号,complete
1,158,em-abedd080c9aa,ﾚﾌﾟﾗｺｰﾝな落花妖精,37,5112,2385,4,revive,-0.1181,-0.1844,0.6181,0.7361,ﾚﾌﾟﾗｺｰﾝな落花妖精 / 一葉ちゃんは作家さん / メル子大先生 / 明日香大明神 / ロータス先輩,電波姫☆いまりちゃん / さくらこはダムです / メル子大先生 / 明日香大明神 / 甲羅暮らしの201号,complete
1,159,em-a9738b409d24,カジランガ守り隊員,45,7668,1533,2,attack_buff,-0.1111,-0.1852,0.625,0.7361,カジランガ守り隊員 / ペーチパイセン / すわ子isGOD！ / 明日香大明神 / ロータス先輩,電波姫☆いまりちゃん / さくらこはダムです / メル子大先生 / 明日香大明神 / 甲羅暮らしの201号,complete
1,160,em-5b018e628ca0,道化師・コシャレ,32,3703,4669,5,delay,-0.125,-0.1854,0.6111,0.7361,道化師・コシャレ / 一葉ちゃんは作家さん / すわ子isGOD！ / 明日香大明神 / ロータス先輩,電波姫☆いまりちゃん / さくらこはダムです / メル子大先生 / 明日香大明神 / 甲羅暮らしの201号,partial-skill-support
1,161,em-5861838d2e36,ばうあー泥棒,35,4771,3033,4,attack_buff,-0.1181,-0.1856,0.6181,0.7361,ばうあー泥棒 / 一葉ちゃんは作家さん / メル子大先生 / 明日香大明神 / ロータス先輩,電波姫☆いまりちゃん / さくらこはダムです / メル子大先生 / 明日香大明神 / 甲羅暮らしの201号,complete
1,162,em-82e855b7910f,栗林掬太郎,33,5453,2385,4,heal,-0.1181,-0.1856,0.6181,0.7361,栗林掬太郎 / 一葉ちゃんは作家さん / メル子大先生 / 明日香大明神 / ロータス先輩,電波姫☆いまりちゃん / さくらこはダムです / メル子大先生 / 明日香大明神 / 甲羅暮らしの201号,complete
1,163,em-df40dba7c56a,高野さん,34,4089,4089,5,skill_reduction,-0.1181,-0.1856,0.6181,0.7361,高野さん / 一葉ちゃんは作家さん / メル子大先生 / 明日香大明神 / ロータス先輩,電波姫☆いまりちゃん / さくらこはダムです / メル子大先生 / 明日香大明神 / 甲羅暮らしの201号,partial-skill-support
1,164,em-55828eea72b7,スーリヤ大先輩,48,5360,1951,2,aoe_attack,-0.1181,-0.1856,0.6181,0.7361,スーリヤ大先輩 / ペーチパイセン / メル子大先生 / 明日香大明神 / ロータス先輩,電波姫☆いまりちゃん / さくらこはダムです / メル子大先生 / 明日香大明神 / 甲羅暮らしの201号,complete
1,165,em-e2feaf3c95b1,古の才次郎先生,13,1812,1963,1,attribute_change,-0.1181,-0.1856,0.6181,0.7361,古の才次郎先生 / 一葉ちゃんは作家さん / ポディアさま / クレリゴス子様 / ガハラさん,電波姫☆いまりちゃん / さくらこはダムです / メル子大先生 / 明日香大明神 / 甲羅暮らしの201号,complete
1,166,em-32538f7c8341,熊殺しのサンタマン,58,6560,4345,5,delay,-0.1319,-0.1856,0.6042,0.7361,熊殺しのサンタマン / ペーチパイセン / 時のプラズマ / 明日香大明神 / zuス様とsiラ様,電波姫☆いまりちゃん / さくらこはダムです / メル子大先生 / 明日香大明神 / 甲羅暮らしの201号,partial-skill-support
1,167,em-66ea9ae769d2,白拍子キリコ,22,2898,2898,2,attribute_change,-0.1111,-0.1862,0.625,0.7361,白拍子キリコ / さくらこはダムです / ポディアさま / クレリゴス子様 / ガハラさん,電波姫☆いまりちゃん / さくらこはダムです / メル子大先生 / 明日香大明神 / 甲羅暮らしの201号,complete
1,168,em-c736bc52077a,漱石先生と吾輩たち,15,1610,3461,5,skill_reduction,-0.1111,-0.1862,0.625,0.7361,漱石先生と吾輩たち / さくらこはダムです / ポディアさま / クレリゴス子様 / かんと師匠,電波姫☆いまりちゃん / さくらこはダムです / メル子大先生 / 明日香大明神 / 甲羅暮らしの201号,partial-skill-support
1,169,em-acc7e76f32c6,満開☆チゥりっぷちゃん,20,563,2957,2,attribute_change,-0.1111,-0.1862,0.625,0.7361,満開☆チゥりっぷちゃん / さくらこはダムです / ポディアさま / クレリゴス子様 / まつやマン,電波姫☆いまりちゃん / さくらこはダムです / メル子大先生 / 明日香大明神 / 甲羅暮らしの201号,complete
1,170,em-ceda64319ca1,蜜香のウミリンゴ,75,8520,5453,1,attack_buff,-0.1111,-0.1862,0.625,0.7361,蜜香のウミリンゴ / ペーチパイセン / フク先生 / おあげさん / ガハラさん,電波姫☆いまりちゃん / さくらこはダムです / メル子大先生 / 明日香大明神 / 甲羅暮らしの201号,complete
1,171,em-9f12b7859731,マプングブエの戦士,43,6584,3292,3,multi_hit_attack,-0.1181,-0.1868,0.6181,0.7361,マプングブエの戦士 / ペーチパイセン / すわ子isGOD！ / 明日香大明神 / ロータス先輩,電波姫☆いまりちゃん / さくらこはダムです / メル子大先生 / 明日香大明神 / 甲羅暮らしの201号,complete
1,172,em-f203cae3d671,ペーチパイセン,9,1974,1100,1,attack_buff,-0.1181,-0.1868,0.6181,0.7361,ペーチパイセン / 一葉ちゃんは作家さん / ポディアさま / クレリゴス子様 / まつやマン,電波姫☆いまりちゃん / さくらこはダムです / メル子大先生 / 明日香大明神 / 甲羅暮らしの201号,complete
1,173,em-b932d51bd1fd,もりりんもんそん,16,1005,2974,4,attack_buff,-0.1042,-0.1871,0.6319,0.7361,もりりんもんそん / さくらこはダムです / ポディアさま / クレリゴス子様 / かんと師匠,電波姫☆いまりちゃん / さくらこはダムです / メル子大先生 / 明日香大明神 / 甲羅暮らしの201号,complete
1,174,em-eb82ebf01396,ぶりょぶりょ,16,39,2961,1,attribute_guard,-0.1042,-0.1871,0.6319,0.7361,ぶりょぶりょ / さくらこはダムです / ポディアさま / クレリゴス子様 / かんと師匠,電波姫☆いまりちゃん / さくらこはダムです / メル子大先生 / 明日香大明神 / 甲羅暮らしの201号,complete
1,175,em-c7cd54f2e503,ケラマ☆マジカ,7,1057,1198,2,attribute_guard,-0.1042,-0.1871,0.6319,0.7361,ケラマ☆マジカ / さくらこはダムです / ポディアさま / クレリゴス子様 / リスマニア,電波姫☆いまりちゃん / さくらこはダムです / メル子大先生 / 明日香大明神 / 甲羅暮らしの201号,complete
1,176,em-558066e14c81,ダブル・ブロッコリー,33,2595,2436,3,damage_reduction,-0.1111,-0.1873,0.625,0.7361,ダブル・ブロッコリー / 一葉ちゃんは作家さん / メル子大先生 / 明日香大明神 / ロータス先輩,電波姫☆いまりちゃん / さくらこはダムです / メル子大先生 / 明日香大明神 / 甲羅暮らしの201号,complete
1,177,em-3151d77efe3f,チンチョーロさん,37,4805,4805,7,revive,-0.1181,-0.188,0.6181,0.7361,チンチョーロさん / 一葉ちゃんは作家さん / メル子大先生 / 明日香大明神 / ロータス先輩,電波姫☆いまりちゃん / さくらこはダムです / メル子大先生 / 明日香大明神 / 甲羅暮らしの201号,complete
1,178,em-7c7befcdeb38,メル子大先生,16,1773,1934,2,attack_buff,-0.1181,-0.188,0.6111,0.7292,メル子大先生 / さくらこはダムです / ポディアさま / クレリゴス子様 / かんと師匠,ハラショー☆ビッツェ / ペーチパイセン / ????? / 明日香大明神 / ロータス先輩,complete
1,179,em-469fc4e70bad,エヴァンジェ・凛,48,5091,3428,5,heal,-0.125,-0.188,0.6111,0.7361,エヴァンジェ・凛 / さくらこはダムです / メル子大先生 / 明日香大明神 / ロータス先輩,電波姫☆いまりちゃん / さくらこはダムです / メル子大先生 / 明日香大明神 / 甲羅暮らしの201号,complete
1,180,em-7419b64dec0e,天の飛龍巻,42,5623,3748,2,attribute_change,-0.125,-0.188,0.6111,0.7361,天の飛龍巻 / ペーチパイセン / すわ子isGOD！ / 明日香大明神 / ロータス先輩,電波姫☆いまりちゃん / さくらこはダムです / メル子大先生 / 明日香大明神 / 甲羅暮らしの201号,complete
1,181,em-cbed7e550323,ちわっしータミ,12,2249,1376,3,heal,-0.1181,-0.1891,0.6181,0.7361,ちわっしータミ / 一葉ちゃんは作家さん / ポディアさま / クレリゴス子様 / ガハラさん,電波姫☆いまりちゃん / さくらこはダムです / メル子大先生 / 明日香大明神 / 甲羅暮らしの201号,complete
1,182,em-ad53908276ac,ピコ島ぴーこ,47,4007,5112,1,heal,-0.125,-0.1892,0.6111,0.7361,ピコ島ぴーこ / ペーチパイセン / メル子大先生 / 明日香大明神 / ロータス先輩,電波姫☆いまりちゃん / さくらこはダムです / メル子大先生 / 明日香大明神 / 甲羅暮らしの201号,complete
1,183,em-480a0eef6d7b,ピカリャー射的ｽﾀｲﾙ,45,3786,3786,2,aoe_attack,-0.125,-0.1892,0.6111,0.7361,ピカリャー射的ｽﾀｲﾙ / ペーチパイセン / すわ子isGOD！ / 明日香大明神 / ロータス先輩,電波姫☆いまりちゃん / さくらこはダムです / メル子大先生 / 明日香大明神 / 甲羅暮らしの201号,complete
1,184,em-1c55e9acc3aa,水戸Come On!,32,3493,3237,4,delay,-0.1319,-0.1899,0.6042,0.7361,水戸Come On! / 一葉ちゃんは作家さん / すわ子isGOD！ / 明日香大明神 / ロータス先輩,電波姫☆いまりちゃん / さくらこはダムです / メル子大先生 / 明日香大明神 / 甲羅暮らしの201号,partial-skill-support
1,185,em-bd76ebc15c89,カンテツ,15,1610,3220,5,heal,-0.1181,-0.1902,0.6181,0.7361,カンテツ / さくらこはダムです / ポディアさま / クレリゴス子様 / かんと師匠,電波姫☆いまりちゃん / さくらこはダムです / メル子大先生 / 明日香大明神 / 甲羅暮らしの201号,complete
1,186,em-c1137ad2cb1c,繊細さん？な芥川君,15,1400,3703,5,skill_reduction,-0.1181,-0.1902,0.6181,0.7361,繊細さん？な芥川君 / さくらこはダムです / ポディアさま / クレリゴス子様 / かんと師匠,電波姫☆いまりちゃん / さくらこはダムです / メル子大先生 / 明日香大明神 / 甲羅暮らしの201号,partial-skill-support
1,187,em-d8d31c9ea612,どんこ太郎,4,312,300,2,heal,-0.1181,-0.1902,0.6181,0.7361,どんこ太郎 / ペーチパイセン / ポディアさま / 百華百彩久連子 / 頑張るハクさん,電波姫☆いまりちゃん / さくらこはダムです / メル子大先生 / 明日香大明神 / 甲羅暮らしの201号,complete
1,188,em-e6496091dd0f,シャーミーくん,20,2948,2556,1,attack_buff,-0.1181,-0.1902,0.6181,0.7361,シャーミーくん / さくらこはダムです / ポディアさま / クレリゴス子様 / まつやマン,電波姫☆いまりちゃん / さくらこはダムです / メル子大先生 / 明日香大明神 / 甲羅暮らしの201号,complete
1,189,em-638abcb1284e,パレンケＶＲＳ,49,5282,3386,2,guard,-0.125,-0.1905,0.6111,0.7361,パレンケＶＲＳ / ペーチパイセン / メル子大先生 / 明日香大明神 / ロータス先輩,電波姫☆いまりちゃん / さくらこはダムです / メル子大先生 / 明日香大明神 / 甲羅暮らしの201号,complete
1,190,em-8561e29b5d2e,まんまんちゃん,12,1524,1682,3,attack_buff,-0.125,-0.1905,0.6111,0.7361,まんまんちゃん / 一葉ちゃんは作家さん / ポディアさま / クレリゴス子様 / ガハラさん,電波姫☆いまりちゃん / さくらこはダムです / メル子大先生 / 明日香大明神 / 甲羅暮らしの201号,complete
1,191,em-cf9464eec3b4,ヒラメちゃん,13,2370,2044,1,attribute_change,-0.125,-0.1905,0.6111,0.7361,ヒラメちゃん / 一葉ちゃんは作家さん / ポディアさま / クレリゴス子様 / ガハラさん,電波姫☆いまりちゃん / さくらこはダムです / メル子大先生 / 明日香大明神 / 甲羅暮らしの201号,complete
1,192,em-9329de26d52c,iびるん大魔王,14,1812,1963,5,guard,-0.1181,-0.1913,0.6181,0.7361,iびるん大魔王 / さくらこはダムです / ポディアさま / クレリゴス子様 / かんと師匠,電波姫☆いまりちゃん / さくらこはダムです / メル子大先生 / 明日香大明神 / 甲羅暮らしの201号,complete
1,193,em-51bdb94ec3b1,熱ぅい！地獄雀,43,5964,3408,4,revive,-0.1319,-0.1913,0.6042,0.7361,熱ぅい！地獄雀 / ペーチパイセン / すわ子isGOD！ / 明日香大明神 / ロータス先輩,電波姫☆いまりちゃん / さくらこはダムです / メル子大先生 / 明日香大明神 / 甲羅暮らしの201号,complete
1,194,em-15b63ea7b4c3,タオるんさん先輩師匠,14,1510,2180,2,attribute_guard,-0.1111,-0.1914,0.625,0.7361,タオるんさん先輩師匠 / さくらこはダムです / ポディアさま / クレリゴス子様 / かんと師匠,電波姫☆いまりちゃん / さくらこはダムです / メル子大先生 / 明日香大明神 / 甲羅暮らしの201号,complete
1,195,em-86055d05ee01,ラムネ少女じゅんちゃん,14,2113,2113,2,heal,-0.1111,-0.1914,0.625,0.7361,ラムネ少女じゅんちゃん / さくらこはダムです / ポディアさま / クレリゴス子様 / かんと師匠,電波姫☆いまりちゃん / さくらこはダムです / メル子大先生 / 明日香大明神 / 甲羅暮らしの201号,complete
1,196,em-c2219f10d4e0,青コリくん,16,1533,2556,0,damage_reduction,-0.1111,-0.1914,0.625,0.7361,青コリくん / さくらこはダムです / ポディアさま / クレリゴス子様 / かんと師匠,電波姫☆いまりちゃん / さくらこはダムです / メル子大先生 / 明日香大明神 / 甲羅暮らしの201号,complete
1,197,em-2c71a7740b67,エルチェの椰子少女,42,4601,4601,5,attack_buff,-0.1389,-0.1914,0.5972,0.7361,エルチェの椰子少女 / さくらこはダムです / すわ子isGOD！ / 明日香大明神 / ロータス先輩,電波姫☆いまりちゃん / さくらこはダムです / メル子大先生 / 明日香大明神 / 甲羅暮らしの201号,complete
1,198,em-448c2fa1943c,熊とか絶対殺すマン,44,4086,4771,5,delay,-0.1389,-0.1914,0.5972,0.7361,熊とか絶対殺すマン / さくらこはダムです / すわ子isGOD！ / 明日香大明神 / ロータス先輩,電波姫☆いまりちゃん / さくらこはダムです / メル子大先生 / 明日香大明神 / 甲羅暮らしの201号,partial-skill-support
1,199,em-a38fa612ab4f,ピサ立ちボナンノ君,17,2209,3221,1,attack_buff,-0.1181,-0.1924,0.6181,0.7361,ピサ立ちボナンノ君 / さくらこはダムです / ポディアさま / クレリゴス子様 / zuス様とsiラ様,電波姫☆いまりちゃん / さくらこはダムです / メル子大先生 / 明日香大明神 / 甲羅暮らしの201号,complete
1,200,em-2d3e693a8406,ツキマシモン,35,3919,1704,2,attack_buff,-0.1181,-0.1924,0.6181,0.7361,ツキマシモン / 一葉ちゃんは作家さん / メル子大先生 / 明日香大明神 / ロータス先輩,電波姫☆いまりちゃん / さくらこはダムです / メル子大先生 / 明日香大明神 / 甲羅暮らしの201号,complete
1,201,em-2325681e1b59,BON JOVE,24,3220,3220,5,aoe_attack,-0.1319,-0.1926,0.6042,0.7361,BON JOVE / さくらこはダムです / ポディアさま / クレリゴス子様 / ガハラさん,電波姫☆いまりちゃん / さくらこはダムです / メル子大先生 / 明日香大明神 / 甲羅暮らしの201号,complete
1,202,em-83113af84b95,降臨☆三原色ばうあー,45,3578,5868,5,aoe_attack,-0.1389,-0.1929,0.5972,0.7361,降臨☆三原色ばうあー / さくらこはダムです / すわ子isGOD！ / 明日香大明神 / ロータス先輩,電波姫☆いまりちゃん / さくらこはダムです / メル子大先生 / 明日香大明神 / 甲羅暮らしの201号,complete
1,203,em-2c08686a6d88,猿もの追い払いネキ,42,4171,3977,5,damage_reduction,-0.1389,-0.1929,0.5972,0.7361,猿もの追い払いネキ / さくらこはダムです / すわ子isGOD！ / 明日香大明神 / ロータス先輩,電波姫☆いまりちゃん / さくらこはダムです / メル子大先生 / 明日香大明神 / 甲羅暮らしの201号,complete
1,204,em-bbda291d459c,漆黒及び純白のポワン,20,1704,2896,3,guard,-0.1181,-0.1935,0.6181,0.7361,漆黒及び純白のポワン / さくらこはダムです / ポディアさま / クレリゴス子様 / ガハラさん,電波姫☆いまりちゃん / さくらこはダムです / メル子大先生 / 明日香大明神 / 甲羅暮らしの201号,complete
1,205,em-422d01ea2ac0,走れわだっしー,21,1559,3264,1,attack_buff,-0.1181,-0.1935,0.6181,0.7361,走れわだっしー / さくらこはダムです / ポディアさま / クレリゴス子様 / ガハラさん,電波姫☆いまりちゃん / さくらこはダムです / メル子大先生 / 明日香大明神 / 甲羅暮らしの201号,complete
1,206,em-05de078a2e7c,幼妻！エンゼルちゃん,22,1993,2913,3,heal,-0.1181,-0.1935,0.6181,0.7361,幼妻！エンゼルちゃん / さくらこはダムです / ポディアさま / クレリゴス子様 / ガハラさん,電波姫☆いまりちゃん / さくらこはダムです / メル子大先生 / 明日香大明神 / 甲羅暮らしの201号,complete
1,207,em-7663b2df6537,しずこ大先生,22,1610,3220,3,multi_hit_attack,-0.1181,-0.1935,0.6181,0.7361,しずこ大先生 / さくらこはダムです / ポディアさま / クレリゴス子様 / ガハラさん,電波姫☆いまりちゃん / さくらこはダムです / メル子大先生 / 明日香大明神 / 甲羅暮らしの201号,complete
1,208,em-81078d011501,年齢不詳！エンゼル様,22,2215,3237,3,heal,-0.1181,-0.1935,0.6181,0.7361,年齢不詳！エンゼル様 / さくらこはダムです / ポディアさま / クレリゴス子様 / ガハラさん,電波姫☆いまりちゃん / さくらこはダムです / メル子大先生 / 明日香大明神 / 甲羅暮らしの201号,complete
1,209,em-adcf70bfd425,2人はフェレナント君,37,2982,5964,1,attribute_change,-0.1181,-0.1935,0.6181,0.7361,2人はフェレナント君 / 一葉ちゃんは作家さん / メル子大先生 / 明日香大明神 / ロータス先輩,電波姫☆いまりちゃん / さくらこはダムです / メル子大先生 / 明日香大明神 / 甲羅暮らしの201号,complete
1,210,em-663696ccf728,夏の一次幹,22,3408,2215,2,attack_buff,-0.125,-0.194,0.6111,0.7361,夏の一次幹 / さくらこはダムです / ポディアさま / クレリゴス子様 / ガハラさん,電波姫☆いまりちゃん / さくらこはダムです / メル子大先生 / 明日香大明神 / 甲羅暮らしの201号,complete
1,211,em-a66d3edc0ac1,水戸Come On!,38,3493,3237,4,delay,-0.125,-0.194,0.6111,0.7361,水戸Come On! / ペーチパイセン / すわ子isGOD！ / ウサポワンちゃん / 頑張るハクさん,電波姫☆いまりちゃん / さくらこはダムです / メル子大先生 / 明日香大明神 / 甲羅暮らしの201号,partial-skill-support
1,212,em-4afb3d011e67,得琉田浜蔵,12,2696,1992,3,attribute_change,-0.125,-0.194,0.6111,0.7361,得琉田浜蔵 / 一葉ちゃんは作家さん / ポディアさま / クレリゴス子様 / ガハラさん,電波姫☆いまりちゃん / さくらこはダムです / メル子大先生 / 明日香大明神 / 甲羅暮らしの201号,complete
1,213,em-4486202bf7a9,名代ＰＩＧかっちゃん,13,1812,1812,4,multi_hit_attack,-0.125,-0.194,0.6111,0.7361,名代ＰＩＧかっちゃん / 一葉ちゃんは作家さん / ポディアさま / クレリゴス子様 / ガハラさん,電波姫☆いまりちゃん / さくらこはダムです / メル子大先生 / 明日香大明神 / 甲羅暮らしの201号,complete
1,214,em-dce9e83b7c07,長靴履いたなろう猫,42,3786,2726,3,attribute_change,-0.1319,-0.194,0.6042,0.7361,長靴履いたなろう猫 / ペーチパイセン / すわ子isGOD！ / 明日香大明神 / ロータス先輩,電波姫☆いまりちゃん / さくらこはダムです / メル子大先生 / 明日香大明神 / 甲羅暮らしの201号,complete
1,215,em-690a803a0c00,タッターさん,47,4089,2222,2,multi_hit_attack,-0.1319,-0.194,0.6042,0.7361,タッターさん / ペーチパイセン / すわ子isGOD！ / 明日香大明神 / ロータス先輩,電波姫☆いまりちゃん / さくらこはダムです / メル子大先生 / 明日香大明神 / 甲羅暮らしの201号,complete
1,216,em-abc85163565c,コキリコ・QB,23,2817,2978,2,attribute_change,-0.1181,-0.1945,0.6181,0.7361,コキリコ・QB / さくらこはダムです / ポディアさま / クレリゴス子様 / ガハラさん,電波姫☆いまりちゃん / さくらこはダムです / メル子大先生 / 明日香大明神 / 甲羅暮らしの201号,complete
1,217,em-2f152df51cdc,エトナさん,50,5673,1704,1,aoe_attack,-0.125,-0.1952,0.6111,0.7361,エトナさん / ペーチパイセン / メル子大先生 / 明日香大明神 / ロータス先輩,電波姫☆いまりちゃん / さくらこはダムです / メル子大先生 / 明日香大明神 / 甲羅暮らしの201号,complete
1,218,em-33e6bfd45207,みさきパイセン,22,2737,3059,3,multi_hit_attack,-0.125,-0.1952,0.6111,0.7361,みさきパイセン / さくらこはダムです / ポディアさま / クレリゴス子様 / ガハラさん,電波姫☆いまりちゃん / さくらこはダムです / メル子大先生 / 明日香大明神 / 甲羅暮らしの201号,complete
1,219,em-6ff1562355a9,ファジル先生,12,2256,1128,2,multi_hit_attack,-0.125,-0.1952,0.6111,0.7361,ファジル先生 / 一葉ちゃんは作家さん / ポディアさま / クレリゴス子様 / ガハラさん,電波姫☆いまりちゃん / さくらこはダムです / メル子大先生 / 明日香大明神 / 甲羅暮らしの201号,complete
1,220,em-aae1801458f8,ɚすぃとあろま？,12,3748,681,3,guard,-0.125,-0.1952,0.6111,0.7361,ɚすぃとあろま？ / 一葉ちゃんは作家さん / ポディアさま / クレリゴス子様 / ガハラさん,電波姫☆いまりちゃん / さくらこはダムです / メル子大先生 / 明日香大明神 / 甲羅暮らしの201号,complete
1,221,em-f91f1d179dcb,カナちゃんでつ,12,1661,1661,1,heal,-0.125,-0.1952,0.6111,0.7361,カナちゃんでつ / 一葉ちゃんは作家さん / ポディアさま / クレリゴス子様 / ガハラさん,電波姫☆いまりちゃん / さくらこはダムです / メル子大先生 / 明日香大明神 / 甲羅暮らしの201号,complete
1,222,em-ec6e97efd933,ラホさん,13,2114,1661,3,heal,-0.125,-0.1952,0.6111,0.7361,ラホさん / 一葉ちゃんは作家さん / ポディアさま / クレリゴス子様 / ガハラさん,電波姫☆いまりちゃん / さくらこはダムです / メル子大先生 / 明日香大明神 / 甲羅暮らしの201号,complete
1,223,em-14cb05f591ca,牛鬼だうわーっ！,45,3919,2556,2,multi_hit_attack,-0.1319,-0.1952,0.6042,0.7361,牛鬼だうわーっ！ / ペーチパイセン / すわ子isGOD！ / 明日香大明神 / ロータス先輩,電波姫☆いまりちゃん / さくらこはダムです / メル子大先生 / 明日香大明神 / 甲羅暮らしの201号,complete
1,224,em-7f4209b23c36,狐狗狸コックス,15,805,4025,4,revive,-0.1111,-0.1953,0.625,0.7361,狐狗狸コックス / さくらこはダムです / ポディアさま / クレリゴス子様 / かんと師匠,電波姫☆いまりちゃん / さくらこはダムです / メル子大先生 / 明日香大明神 / 甲羅暮らしの201号,complete
1,225,em-8dfd3b91ca8d,総統エビユルゲ,6,1244,1159,1,attribute_change,-0.1111,-0.1953,0.625,0.7361,総統エビユルゲ / さくらこはダムです / ポディアさま / クレリゴス子様 / リスマニア,電波姫☆いまりちゃん / さくらこはダムです / メル子大先生 / 明日香大明神 / 甲羅暮らしの201号,complete
1,226,em-30b1960a9425,赤城山の風神太郎,43,3446,3919,1,guard,-0.1181,-0.1956,0.6181,0.7361,赤城山の風神太郎 / 一葉ちゃんは作家さん / メル子大先生 / 明日香大明神 / zuス様とsiラ様,電波姫☆いまりちゃん / さくらこはダムです / メル子大先生 / 明日香大明神 / 甲羅暮らしの201号,complete
1,227,em-930a7ba2d377,エルジェムさん,10,1269,846,2,attack_buff,-0.1181,-0.1956,0.6181,0.7361,エルジェムさん / ペーチパイセン / ポディアさま / クレリゴス子様 / リスマニア,電波姫☆いまりちゃん / さくらこはダムです / メル子大先生 / 明日香大明神 / 甲羅暮らしの201号,complete
1,228,em-c6337efaceae,ｴﾚｶﾞﾝﾄ☆トラボル子,47,4260,4771,5,aoe_attack,-0.1389,-0.1958,0.5972,0.7361,ｴﾚｶﾞﾝﾄ☆トラボル子 / さくらこはダムです / メル子大先生 / 明日香大明神 / ロータス先輩,電波姫☆いまりちゃん / さくらこはダムです / メル子大先生 / 明日香大明神 / 甲羅暮らしの201号,complete
1,229,em-4e4ba52f3f8c,おこしん,8,1964,1964,6,aoe_attack,-0.125,-0.1963,0.6111,0.7361,おこしん / ペーチパイセン / ポディアさま / クレリゴス子様 / リスマニア,電波姫☆いまりちゃん / さくらこはダムです / メル子大先生 / 明日香大明神 / 甲羅暮らしの201号,complete
1,230,em-0784bb7beecf,ダリア・宮子・9,42,4771,4089,0,heal,-0.1319,-0.1965,0.6042,0.7361,ダリア・宮子・9 / ペーチパイセン / すわ子isGOD！ / 明日香大明神 / ロータス先輩,電波姫☆いまりちゃん / さくらこはダムです / メル子大先生 / 明日香大明神 / 甲羅暮らしの201号,complete
1,231,em-2a20d82018a7,強飯式太子君,43,4771,3408,1,heal,-0.1319,-0.1965,0.6042,0.7361,強飯式太子君 / ペーチパイセン / すわ子isGOD！ / 明日香大明神 / ロータス先輩,電波姫☆いまりちゃん / さくらこはダムです / メル子大先生 / 明日香大明神 / 甲羅暮らしの201号,complete
1,232,em-45aa4b2348d2,鬼一方眼,80,12780,3578,5,attack_buff,-0.1319,-0.1965,0.6042,0.7361,鬼一方眼 / カナちゃん / タミちゃん / おあげさん / ガハラさん,電波姫☆いまりちゃん / さくらこはダムです / メル子大先生 / 明日香大明神 / 甲羅暮らしの201号,complete
1,233,em-8b935bf6321f,打毬神！みるるん,15,1208,1963,2,attack_buff,-0.1181,-0.1966,0.6181,0.7361,打毬神！みるるん / さくらこはダムです / ポディアさま / クレリゴス子様 / かんと師匠,電波姫☆いまりちゃん / さくらこはダムです / メル子大先生 / 明日香大明神 / 甲羅暮らしの201号,complete
1,234,em-961b8b31de55,竜王！角成馬之助,8,989,2191,2,attribute_change,-0.1181,-0.1966,0.6181,0.7361,竜王！角成馬之助 / ペーチパイセン / ポディアさま / クレリゴス子様 / リスマニア,電波姫☆いまりちゃん / さくらこはダムです / メル子大先生 / 明日香大明神 / 甲羅暮らしの201号,complete
1,235,em-6722337c6d78,雨降る倉敷のみかん姐,15,2718,1963,4,aoe_attack,-0.1181,-0.1976,0.6181,0.7361,雨降る倉敷のみかん姐 / さくらこはダムです / ポディアさま / クレリゴス子様 / かんと師匠,電波姫☆いまりちゃん / さくらこはダムです / メル子大先生 / 明日香大明神 / 甲羅暮らしの201号,complete
1,236,em-79a4cfaf943a,たこ焼きーナ先生,6,252,1210,4,attack_buff,-0.1181,-0.1976,0.6181,0.7361,たこ焼きーナ先生 / さくらこはダムです / ポディアさま / クレリゴス子様 / リスマニア,電波姫☆いまりちゃん / さくらこはダムです / メル子大先生 / 明日香大明神 / 甲羅暮らしの201号,complete
1,237,em-28f044d525d7,スーリヤ様が見てる,7,489,1446,3,skill_reduction,-0.1181,-0.1976,0.6181,0.7361,スーリヤ様が見てる / さくらこはダムです / ポディアさま / クレリゴス子様 / リスマニア,電波姫☆いまりちゃん / さくらこはダムです / メル子大先生 / 明日香大明神 / 甲羅暮らしの201号,partial-skill-support
1,238,em-916052b33162,リンゴルモア大王,7,1269,1128,3,delay,-0.1181,-0.1976,0.6181,0.7361,リンゴルモア大王 / さくらこはダムです / ポディアさま / クレリゴス子様 / リスマニア,電波姫☆いまりちゃん / さくらこはダムです / メル子大先生 / 明日香大明神 / 甲羅暮らしの201号,partial-skill-support
1,239,em-939b27206a32,eっちゃん,7,1057,1198,4,revive,-0.1181,-0.1976,0.6181,0.7361,eっちゃん / さくらこはダムです / ポディアさま / クレリゴス子様 / リスマニア,電波姫☆いまりちゃん / さくらこはダムです / メル子大先生 / 明日香大明神 / 甲羅暮らしの201号,complete
1,240,em-9413da55b7e0,ヤマピカリャーコ,47,4515,5095,2,multi_hit_attack,-0.1319,-0.1977,0.6042,0.7361,ヤマピカリャーコ / ペーチパイセン / メル子大先生 / 明日香大明神 / ロータス先輩,電波姫☆いまりちゃん / さくらこはダムです / メル子大先生 / 明日香大明神 / 甲羅暮らしの201号,complete
1,241,em-272a71a9c15d,キラカードなエッシュ,12,1812,1510,3,skill_reduction,-0.1319,-0.1977,0.6042,0.7361,キラカードなエッシュ / 一葉ちゃんは作家さん / ポディアさま / クレリゴス子様 / ガハラさん,電波姫☆いまりちゃん / さくらこはダムです / メル子大先生 / 明日香大明神 / 甲羅暮らしの201号,partial-skill-support
1,242,em-4e78a5d0dc7a,中央アルプスの少女達,13,1812,1510,1,damage_reduction,-0.1319,-0.1977,0.6042,0.7361,中央アルプスの少女達 / 一葉ちゃんは作家さん / ポディアさま / クレリゴス子様 / ガハラさん,電波姫☆いまりちゃん / さくらこはダムです / メル子大先生 / 明日香大明神 / 甲羅暮らしの201号,complete
1,243,em-f13588602944,生イカのアーニー,15,3220,1610,4,attack_buff,-0.125,-0.1985,0.6111,0.7361,生イカのアーニー / さくらこはダムです / ポディアさま / クレリゴス子様 / かんと師匠,電波姫☆いまりちゃん / さくらこはダムです / メル子大先生 / 明日香大明神 / 甲羅暮らしの201号,complete
1,244,em-410cc22d32bc,アロハる☆水島神人,16,3246,1887,2,attribute_change,-0.125,-0.1985,0.6111,0.7361,アロハる☆水島神人 / さくらこはダムです / ポディアさま / クレリゴス子様 / かんと師匠,電波姫☆いまりちゃん / さくらこはダムです / メル子大先生 / 明日香大明神 / 甲羅暮らしの201号,complete
1,245,em-cfca6fafbe5c,ケレントさん,16,1806,1976,5,delay,-0.125,-0.1985,0.6111,0.7361,ケレントさん / さくらこはダムです / ポディアさま / クレリゴス子様 / かんと師匠,電波姫☆いまりちゃん / さくらこはダムです / メル子大先生 / 明日香大明神 / 甲羅暮らしの201号,partial-skill-support
1,246,em-7fa9f8e8ea8b,ガッサのお嬢,16,2726,2556,2,revive,-0.1181,-0.1986,0.6181,0.7361,ガッサのお嬢 / さくらこはダムです / ポディアさま / クレリゴス子様 / かんと師匠,電波姫☆いまりちゃん / さくらこはダムです / メル子大先生 / 明日香大明神 / 甲羅暮らしの201号,complete
1,247,em-a7819b7b49e4,ホソエガサちゃん,16,2181,2044,2,revive,-0.1181,-0.1986,0.6181,0.7361,ホソエガサちゃん / さくらこはダムです / ポディアさま / クレリゴス子様 / かんと師匠,電波姫☆いまりちゃん / さくらこはダムです / メル子大先生 / 明日香大明神 / 甲羅暮らしの201号,complete
1,248,em-0dca19ae5992,降臨！天草トッキー,43,4260,5964,4,attack_buff,-0.1458,-0.1987,0.5903,0.7361,降臨！天草トッキー / さくらこはダムです / すわ子isGOD！ / 明日香大明神 / ロータス先輩,電波姫☆いまりちゃん / さくらこはダムです / メル子大先生 / 明日香大明神 / 甲羅暮らしの201号,complete
1,249,em-c1bbe00e5d61,ジョンは時を知らない,48,4771,3493,0,attack_buff,-0.1319,-0.1989,0.6042,0.7361,ジョンは時を知らない / ペーチパイセン / メル子大先生 / 明日香大明神 / ロータス先輩,電波姫☆いまりちゃん / さくらこはダムです / メル子大先生 / 明日香大明神 / 甲羅暮らしの201号,complete
1,250,em-6b4baf5a6b1b,ＫＫマリテレ様,51,6368,2926,1,attribute_change,-0.1319,-0.1989,0.6042,0.7361,ＫＫマリテレ様 / ペーチパイセン / メル子大先生 / 明日香大明神 / ロータス先輩,電波姫☆いまりちゃん / さくらこはダムです / メル子大先生 / 明日香大明神 / 甲羅暮らしの201号,complete
1,251,em-59fa5fa098ba,繭神！おかいこさま,32,5027,1704,3,attribute_change,-0.1319,-0.1989,0.6042,0.7361,繭神！おかいこさま / 一葉ちゃんは作家さん / すわ子isGOD！ / 明日香大明神 / ロータス先輩,電波姫☆いまりちゃん / さくらこはダムです / メル子大先生 / 明日香大明神 / 甲羅暮らしの201号,complete
1,252,em-79b4540e0f7f,ヤック(中の人),16,2176,2418,4,multi_hit_attack,-0.1181,-0.1996,0.6181,0.7361,ヤック(中の人) / さくらこはダムです / ポディアさま / クレリゴス子様 / かんと師匠,電波姫☆いまりちゃん / さくらこはダムです / メル子大先生 / 明日香大明神 / 甲羅暮らしの201号,complete
1,253,em-ed2bb6e12815,ラスコー原人,14,604,3624,1,attribute_change,-0.1181,-0.1996,0.6181,0.7361,ラスコー原人 / さくらこはダムです / ポディアさま / クレリゴス子様 / かんと師匠,電波姫☆いまりちゃん / さくらこはダムです / メル子大先生 / 明日香大明神 / 甲羅暮らしの201号,complete
1,254,em-712f122e2051,オロモ君は欝気味,17,1536,2684,1,guard,-0.125,-0.1996,0.6111,0.7361,オロモ君は欝気味 / さくらこはダムです / ポディアさま / クレリゴス子様 / zuス様とsiラ様,電波姫☆いまりちゃん / さくらこはダムです / メル子大先生 / 明日香大明神 / 甲羅暮らしの201号,complete
1,255,em-e72fd59cfccf,フルーツ運ぶネキ,17,1007,3493,1,attack_buff,-0.125,-0.1996,0.6111,0.7361,フルーツ運ぶネキ / さくらこはダムです / ポディアさま / クレリゴス子様 / zuス様とsiラ様,電波姫☆いまりちゃん / さくらこはダムです / メル子大先生 / 明日香大明神 / 甲羅暮らしの201号,complete
1,256,em-a058dba31969,月見だよ！叡智州利偉,10,1100,2002,4,attack_buff,-0.125,-0.1996,0.6111,0.7361,月見だよ！叡智州利偉 / ペーチパイセン / ポディアさま / クレリゴス子様 / リスマニア,電波姫☆いまりちゃん / さくらこはダムです / メル子大先生 / 明日香大明神 / 甲羅暮らしの201号,complete
1,257,em-1ab18da48960,白い悪魔の小町さん,24,3461,3300,5,aoe_attack,-0.1319,-0.2001,0.6042,0.7361,白い悪魔の小町さん / さくらこはダムです / ポディアさま / クレリゴス子様 / ガハラさん,電波姫☆いまりちゃん / さくらこはダムです / メル子大先生 / 明日香大明神 / 甲羅暮らしの201号,complete
1,258,em-fc5d66138cad,端午ぴよ子,13,1543,2512,5,aoe_attack,-0.1319,-0.2001,0.6042,0.7361,端午ぴよ子 / 一葉ちゃんは作家さん / ポディアさま / クレリゴス子様 / ガハラさん,電波姫☆いまりちゃん / さくらこはダムです / メル子大先生 / 明日香大明神 / 甲羅暮らしの201号,complete
1,259,em-00734b7bf0e4,アパカ☆アイガー師匠,16,1551,2733,1,attack_buff,-0.1181,-0.2006,0.6181,0.7361,アパカ☆アイガー師匠 / さくらこはダムです / ポディアさま / クレリゴス子様 / かんと師匠,電波姫☆いまりちゃん / さくらこはダムです / メル子大先生 / 明日香大明神 / 甲羅暮らしの201号,complete
1,260,em-d5d58dc5e468,子供神・わらしちゃん,7,565,1131,4,delay,-0.1181,-0.2006,0.6181,0.7361,子供神・わらしちゃん / さくらこはダムです / ポディアさま / クレリゴス子様 / リスマニア,電波姫☆いまりちゃん / さくらこはダムです / メル子大先生 / 明日香大明神 / 甲羅暮らしの201号,partial-skill-support
1,261,em-d65d8f8b3d2e,エズ in スミス,20,3542,1771,1,attribute_guard,-0.125,-0.2007,0.6111,0.7361,エズ in スミス / ペーチパイセン / ポディアさま / クレリゴス子様 / zuス様とsiラ様,電波姫☆いまりちゃん / さくらこはダムです / メル子大先生 / 明日香大明神 / 甲羅暮らしの201号,complete
1,262,em-d8d7722f9f21,赤パジャマさん,20,2240,3262,5,attribute_guard,-0.1389,-0.2012,0.5972,0.7361,赤パジャマさん / さくらこはダムです / ポディアさま / クレリゴス子様 / まつやマン,電波姫☆いまりちゃん / さくらこはダムです / メル子大先生 / 明日香大明神 / 甲羅暮らしの201号,complete
1,263,em-f9383e2e4919,ユハンヌスのサウナー,42,5231,3067,3,damage_reduction,-0.1389,-0.2012,0.5972,0.7361,ユハンヌスのサウナー / ペーチパイセン / すわ子isGOD！ / 明日香大明神 / ロータス先輩,電波姫☆いまりちゃん / さくらこはダムです / メル子大先生 / 明日香大明神 / 甲羅暮らしの201号,complete
1,264,em-bcb9b03bfeed,サンカクドナウ,13,1739,1739,3,multi_hit_attack,-0.1319,-0.2013,0.6042,0.7361,サンカクドナウ / 一葉ちゃんは作家さん / ポディアさま / クレリゴス子様 / ガハラさん,電波姫☆いまりちゃん / さくらこはダムです / メル子大先生 / 明日香大明神 / 甲羅暮らしの201号,complete
1,265,em-7bc4d997dc30,天壇パンダ,20,2050,4186,2,heal,-0.125,-0.2017,0.6111,0.7361,天壇パンダ / さくらこはダムです / ポディアさま / クレリゴス子様 / ガハラさん,電波姫☆いまりちゃん / さくらこはダムです / メル子大先生 / 明日香大明神 / 甲羅暮らしの201号,complete
1,266,em-6c1c64d0e4ed,七夕ぴよ子,7,1104,1104,3,revive,-0.1181,-0.2025,0.6181,0.7361,七夕ぴよ子 / さくらこはダムです / ポディアさま / クレリゴス子様 / リスマニア,電波姫☆いまりちゃん / さくらこはダムです / メル子大先生 / 明日香大明神 / 甲羅暮らしの201号,complete
1,267,em-52f594fdc52e,後楽園☆池田,43,5623,2896,1,attack_buff,-0.1389,-0.2025,0.5972,0.7361,後楽園☆池田 / ペーチパイセン / すわ子isGOD！ / 明日香大明神 / ロータス先輩,電波姫☆いまりちゃん / さくらこはダムです / メル子大先生 / 明日香大明神 / 甲羅暮らしの201号,complete
1,268,em-d95aa4fb8de0,北海！白川だるま,45,4473,2556,1,attack_buff,-0.1389,-0.2025,0.5972,0.7361,北海！白川だるま / ペーチパイセン / すわ子isGOD！ / 明日香大明神 / ロータス先輩,電波姫☆いまりちゃん / さくらこはダムです / メル子大先生 / 明日香大明神 / 甲羅暮らしの201号,complete
1,269,em-892bebe9d20c,ポtiア＆ポdiア,8,1762,634,2,attribute_guard,-0.125,-0.2028,0.6111,0.7361,ポtiア＆ポdiア / ペーチパイセン / ポディアさま / クレリゴス子様 / リスマニア,電波姫☆いまりちゃん / さくらこはダムです / メル子大先生 / 明日香大明神 / 甲羅暮らしの201号,complete
1,270,em-3113f1eef9dc,棚田さん,10,2058,662,0,heal,-0.125,-0.2028,0.6111,0.7361,棚田さん / ペーチパイセン / ポディアさま / クレリゴス子様 / リスマニア,電波姫☆いまりちゃん / さくらこはダムです / メル子大先生 / 明日香大明神 / 甲羅暮らしの201号,complete
1,271,em-3d15cccd7b04,ジャバラ帝王,10,2375,593,2,attribute_guard,-0.125,-0.2028,0.6111,0.7361,ジャバラ帝王 / ペーチパイセン / ポディアさま / クレリゴス子様 / リスマニア,電波姫☆いまりちゃん / さくらこはダムです / メル子大先生 / 明日香大明神 / 甲羅暮らしの201号,complete
1,272,em-fea44f2a7dd8,だが男だ彦にゃん,15,2793,1132,3,skill_reduction,-0.1181,-0.2034,0.6181,0.7361,だが男だ彦にゃん / さくらこはダムです / ポディアさま / クレリゴス子様 / かんと師匠,電波姫☆いまりちゃん / さくらこはダムです / メル子大先生 / 明日香大明神 / 甲羅暮らしの201号,partial-skill-support
1,273,em-b269f3033038,うすきま先輩,12,840,760,1,attribute_change,-0.1319,-0.2035,0.6042,0.7361,うすきま先輩 / 一葉ちゃんは作家さん / ポディアさま / クレリゴス子様 / ガハラさん,電波姫☆いまりちゃん / さくらこはダムです / メル子大先生 / 明日香大明神 / 甲羅暮らしの201号,complete
1,274,em-c4c6b3b17960,青コリくんは怒らない,24,2350,3834,0,damage_reduction,-0.1319,-0.2035,0.6042,0.7361,青コリくんは怒らない / さくらこはダムです / ポディアさま / クレリゴス子様 / ガハラさん,電波姫☆いまりちゃん / さくらこはダムです / メル子大先生 / 明日香大明神 / 甲羅暮らしの201号,complete
1,275,em-c545b5a51997,トリニダの怪人,13,4077,1057,2,skill_reduction,-0.1319,-0.2035,0.6042,0.7361,トリニダの怪人 / 一葉ちゃんは作家さん / ポディアさま / クレリゴス子様 / ガハラさん,電波姫☆いまりちゃん / さくらこはダムです / メル子大先生 / 明日香大明神 / 甲羅暮らしの201号,partial-skill-support
1,276,em-d751cb04cbae,ショウリョウ,50,6475,3493,3,multi_hit_attack,-0.1389,-0.2037,0.5972,0.7361,ショウリョウ / ペーチパイセン / メル子大先生 / 明日香大明神 / ロータス先輩,電波姫☆いまりちゃん / さくらこはダムです / メル子大先生 / 明日香大明神 / 甲羅暮らしの201号,complete
1,277,em-4320ba79e25e,たけしマン,8,800,900,3,damage_reduction,-0.125,-0.2038,0.6111,0.7361,たけしマン / ペーチパイセン / ポディアさま / クレリゴス子様 / リスマニア,電波姫☆いまりちゃん / さくらこはダムです / メル子大先生 / 明日香大明神 / 甲羅暮らしの201号,complete
1,278,em-f4980131820e,ﾊﾛｳｨﾝのヴラドさん,41,4089,1757,2,damage_reduction,-0.125,-0.2038,0.6111,0.7361,ﾊﾛｳｨﾝのヴラドさん / 一葉ちゃんは作家さん / すわ子isGOD！ / 明日香大明神 / zuス様とsiラ様,電波姫☆いまりちゃん / さくらこはダムです / メル子大先生 / 明日香大明神 / 甲羅暮らしの201号,complete
1,279,em-0de053498de9,犬ひらり屋,25,3542,1771,3,damage_reduction,-0.1319,-0.2047,0.6042,0.7361,犬ひらり屋 / ペーチパイセン / ポディアさま / クレリゴス子様 / ガハラさん,電波姫☆いまりちゃん / さくらこはダムです / メル子大先生 / 明日香大明神 / 甲羅暮らしの201号,complete
1,280,em-85c830931d18,エルヴァスくん,12,2718,1812,5,skill_reduction,-0.1319,-0.2047,0.6042,0.7361,エルヴァスくん / さくらこはダムです / ポディアさま / クレリゴス子様 / 頑張るハクさん,電波姫☆いまりちゃん / さくらこはダムです / メル子大先生 / 明日香大明神 / 甲羅暮らしの201号,partial-skill-support
1,281,em-613b84a77b2d,都市伝説こすもっすん,15,1522,1875,5,skill_reduction,-0.1319,-0.2047,0.6042,0.7361,都市伝説こすもっすん / さくらこはダムです / ポディアさま / クレリゴス子様 / かんと師匠,電波姫☆いまりちゃん / さくらこはダムです / メル子大先生 / 明日香大明神 / 甲羅暮らしの201号,partial-skill-support
1,282,em-0ba3ddcc384c,雛段芸人☆さくらんず,16,1510,1887,5,skill_reduction,-0.1319,-0.2047,0.6042,0.7361,雛段芸人☆さくらんず / さくらこはダムです / ポディアさま / クレリゴス子様 / かんと師匠,電波姫☆いまりちゃん / さくらこはダムです / メル子大先生 / 明日香大明神 / 甲羅暮らしの201号,partial-skill-support
1,283,em-a35460d4d780,タッセル君,12,1551,1551,0,damage_reduction,-0.1319,-0.2047,0.6042,0.7361,タッセル君 / 一葉ちゃんは作家さん / ポディアさま / クレリゴス子様 / ガハラさん,電波姫☆いまりちゃん / さくらこはダムです / メル子大先生 / 明日香大明神 / 甲羅暮らしの201号,complete
1,284,em-a22cc3bfaf50,ミッシェル・もなむー,45,5623,3748,2,multi_hit_attack,-0.1389,-0.2049,0.5972,0.7361,ミッシェル・もなむー / ペーチパイセン / すわ子isGOD！ / 明日香大明神 / ロータス先輩,電波姫☆いまりちゃん / さくらこはダムです / メル子大先生 / 明日香大明神 / 甲羅暮らしの201号,complete
1,285,em-7a7f1cd12450,スオ面スナイパー,13,1132,1812,1,attack_buff,-0.1389,-0.2049,0.5972,0.7361,スオ面スナイパー / 一葉ちゃんは作家さん / ポディアさま / クレリゴス子様 / ガハラさん,電波姫☆いまりちゃん / さくらこはダムです / メル子大先生 / 明日香大明神 / 甲羅暮らしの201号,complete
1,286,em-1bd8d1f41e78,スクーグスローさん,44,4601,6349,4,revive,-0.1597,-0.2051,0.5764,0.7361,スクーグスローさん / さくらこはダムです / すわ子isGOD！ / 明日香大明神 / ロータス先輩,電波姫☆いまりちゃん / さくらこはダムです / メル子大先生 / 明日香大明神 / 甲羅暮らしの201号,complete
1,287,em-5a100f5215c1,オリバーTHEトイ,6,300,600,3,attack_buff,-0.1181,-0.2053,0.6181,0.7361,オリバーTHEトイ / さくらこはダムです / ポディアさま / クレリゴス子様 / リスマニア,電波姫☆いまりちゃん / さくらこはダムです / メル子大先生 / 明日香大明神 / 甲羅暮らしの201号,complete
1,288,em-2f3cf0f345e4,ふらっとウッズ子さん,59,5112,2272,0,attribute_guard,-0.125,-0.2058,0.6111,0.7361,ふらっとウッズ子さん / ペーチパイセン / 人面恐竜の謎 / おあげさん / かんと師匠,電波姫☆いまりちゃん / さくらこはダムです / メル子大先生 / 明日香大明神 / 甲羅暮らしの201号,complete
1,289,em-5c142a19c12c,菅大臣・どうしん様,24,2649,2504,1,heal,-0.1319,-0.2058,0.6042,0.7361,菅大臣・どうしん様 / さくらこはダムです / ポディアさま / クレリゴス子様 / ガハラさん,電波姫☆いまりちゃん / さくらこはダムです / メル子大先生 / 明日香大明神 / 甲羅暮らしの201号,complete
1,290,em-5a047ed41d97,KJの少女Hi児,48,4941,3919,5,multi_hit_attack,-0.1458,-0.2058,0.5903,0.7361,KJの少女Hi児 / さくらこはダムです / メル子大先生 / 明日香大明神 / ロータス先輩,電波姫☆いまりちゃん / さくらこはダムです / メル子大先生 / 明日香大明神 / 甲羅暮らしの201号,complete
1,291,em-7aeb7561c788,ににぎのミコト,50,4941,3748,5,attack_buff,-0.1389,-0.2061,0.5972,0.7361,ににぎのミコト / ペーチパイセン / メル子大先生 / 明日香大明神 / ロータス先輩,電波姫☆いまりちゃん / さくらこはダムです / メル子大先生 / 明日香大明神 / 甲羅暮らしの201号,complete
1,292,em-d518108f13e3,トランシルヴァニア家族,45,5350,6059,2,multi_hit_attack,-0.1389,-0.2061,0.5972,0.7361,トランシルヴァニア家族 / ペーチパイセン / すわ子isGOD！ / 明日香大明神 / ロータス先輩,電波姫☆いまりちゃん / さくらこはダムです / メル子大先生 / 明日香大明神 / 甲羅暮らしの201号,complete
1,293,em-ad82a61bcc2a,ｺﾄﾖﾛ!巳ーちゃん様,55,6901,3451,4,damage_reduction,-0.1389,-0.2061,0.5972,0.7361,ｺﾄﾖﾛ!巳ーちゃん様 / ペーチパイセン / すわ子isGOD！ / 明日香大明神 / zuス様とsiラ様,電波姫☆いまりちゃん / さくらこはダムです / メル子大先生 / 明日香大明神 / 甲羅暮らしの201号,complete
1,294,em-237ca774c5e5,ルナプリ☆かぐや様,66,8861,1584,1,aoe_attack,-0.1319,-0.2068,0.6042,0.7361,ルナプリ☆かぐや様 / ペーチパイセン / 時のプラズマ / おあげさん / ガハラさん,電波姫☆いまりちゃん / さくらこはダムです / メル子大先生 / 明日香大明神 / 甲羅暮らしの201号,complete
1,295,em-bec6f1f283e1,ソテツの分際,6,2397,1128,6,delay,-0.1319,-0.2068,0.6042,0.7361,ソテツの分際 / さくらこはダムです / ポディアさま / クレリゴス子様 / リスマニア,電波姫☆いまりちゃん / さくらこはダムです / メル子大先生 / 明日香大明神 / 甲羅暮らしの201号,partial-skill-support
1,296,em-64fa899f397f,ダル飯☆杏,44,5896,3340,4,guard,-0.1458,-0.2071,0.5903,0.7361,ダル飯☆杏 / ペーチパイセン / すわ子isGOD！ / 明日香大明神 / ロータス先輩,電波姫☆いまりちゃん / さくらこはダムです / メル子大先生 / 明日香大明神 / 甲羅暮らしの201号,complete
1,297,em-5ca14322a82d,蓮那由太郎,43,4771,3493,5,attack_buff,-0.1458,-0.2071,0.5903,0.7361,蓮那由太郎 / ペーチパイセン / すわ子isGOD！ / 明日香大明神 / ロータス先輩,電波姫☆いまりちゃん / さくらこはダムです / メル子大先生 / 明日香大明神 / 甲羅暮らしの201号,complete
1,298,em-6d1e4c915f30,チートモードな楽趣味さん,48,5964,1278,1,multi_hit_attack,-0.1389,-0.2073,0.5972,0.7361,チートモードな楽趣味さん / ペーチパイセン / メル子大先生 / 明日香大明神 / ロータス先輩,電波姫☆いまりちゃん / さくらこはダムです / メル子大先生 / 明日香大明神 / 甲羅暮らしの201号,complete
1,299,em-91f26ad56eaa,神喫！さくらん兄妹,12,1510,1887,5,skill_reduction,-0.1389,-0.2073,0.5972,0.7361,神喫！さくらん兄妹 / 一葉ちゃんは作家さん / ポディアさま / クレリゴス子様 / ガハラさん,電波姫☆いまりちゃん / さくらこはダムです / メル子大先生 / 明日香大明神 / 甲羅暮らしの201号,partial-skill-support
1,300,em-c1544fb41324,元キャプテン・hɔーク,13,1359,1963,1,attribute_guard,-0.1389,-0.2073,0.5972,0.7361,元キャプテン・hɔーク / 一葉ちゃんは作家さん / ポディアさま / クレリゴス子様 / ガハラさん,電波姫☆いまりちゃん / さくらこはダムです / メル子大先生 / 明日香大明神 / 甲羅暮らしの201号,complete
1,301,em-40d3f72da6f1,まいこさま,12,1699,1699,4,heal,-0.1389,-0.2073,0.5972,0.7361,まいこさま / 一葉ちゃんは作家さん / ポディアさま / クレリゴス子様 / ガハラさん,電波姫☆いまりちゃん / さくらこはダムです / メル子大先生 / 明日香大明神 / 甲羅暮らしの201号,complete
1,302,em-6f409bf9b5bd,素敵なステチュさん,14,211,2115,2,damage_reduction,-0.125,-0.2078,0.6111,0.7361,素敵なステチュさん / さくらこはダムです / ポディアさま / クレリゴス子様 / かんと師匠,電波姫☆いまりちゃん / さくらこはダムです / メル子大先生 / 明日香大明神 / 甲羅暮らしの201号,complete
1,303,em-79e1105f3bb7,むろまち様,36,2556,5112,7,aoe_attack,-0.1319,-0.2079,0.6042,0.7361,むろまち様 / 一葉ちゃんは作家さん / メル子大先生 / 明日香大明神 / ロータス先輩,電波姫☆いまりちゃん / さくらこはダムです / メル子大先生 / 明日香大明神 / 甲羅暮らしの201号,complete
1,304,em-6538a8e60763,蘭子さん,37,1704,5964,5,attribute_guard,-0.1319,-0.2079,0.6042,0.7361,蘭子さん / 一葉ちゃんは作家さん / メル子大先生 / 明日香大明神 / ロータス先輩,電波姫☆いまりちゃん / さくらこはダムです / メル子大先生 / 明日香大明神 / 甲羅暮らしの201号,complete
1,305,em-28a4ccf4cbfc,ステンバーイちび蔵,24,596,3748,4,revive,-0.1319,-0.2079,0.6042,0.7361,ステンバーイちび蔵 / さくらこはダムです / ポディアさま / クレリゴス子様 / ガハラさん,電波姫☆いまりちゃん / さくらこはダムです / メル子大先生 / 明日香大明神 / 甲羅暮らしの201号,complete
1,306,em-3434078c33f2,橋の上のかずら,20,2012,2173,2,guard,-0.1319,-0.2079,0.6042,0.7361,橋の上のかずら / さくらこはダムです / ポディアさま / クレリゴス子様 / ガハラさん,電波姫☆いまりちゃん / さくらこはダムです / メル子大先生 / 明日香大明神 / 甲羅暮らしの201号,complete
1,307,em-980bac842ec7,ウシュか☆丸か,5,1410,1404,10,revive,-0.1319,-0.2079,0.6042,0.7361,ウシュか☆丸か / さくらこはダムです / ポディアさま / クレリゴス子様 / リスマニア,電波姫☆いまりちゃん / さくらこはダムです / メル子大先生 / 明日香大明神 / 甲羅暮らしの201号,complete
1,308,em-cdd2ac5f0a12,クイーンなコンク様,44,3578,2385,1,damage_reduction,-0.1458,-0.2084,0.5903,0.7361,クイーンなコンク様 / ペーチパイセン / すわ子isGOD！ / 明日香大明神 / ロータス先輩,電波姫☆いまりちゃん / さくらこはダムです / メル子大先生 / 明日香大明神 / 甲羅暮らしの201号,complete
1,309,em-e3dab98c64af,試作型おこしん,8,2265,1510,2,attribute_guard,-0.1458,-0.2084,0.5903,0.7361,試作型おこしん / キルワくん / ポディアさま / クレリゴス子様 / 頑張るハクさん,電波姫☆いまりちゃん / さくらこはダムです / メル子大先生 / 明日香大明神 / 甲羅暮らしの201号,complete
1,310,em-bc2106c87bcd,?????,15,511,2811,3,damage_reduction,-0.1319,-0.2089,0.6042,0.7361,????? / さくらこはダムです / ポディアさま / クレリゴス子様 / 頑張るハクさん,電波姫☆いまりちゃん / さくらこはダムです / メル子大先生 / 明日香大明神 / 甲羅暮らしの201号,complete
1,311,em-f53a8e32830d,カナちゃんだし,10,800,800,2,heal,-0.1319,-0.2089,0.6042,0.7361,カナちゃんだし / ペーチパイセン / ポディアさま / クレリゴス子様 / リスマニア,電波姫☆いまりちゃん / さくらこはダムです / メル子大先生 / 明日香大明神 / 甲羅暮らしの201号,complete
1,312,em-69643c1d0dd1,かなんで世界師匠,19,2705,2576,3,attack_buff,-0.1319,-0.2089,0.6042,0.7361,かなんで世界師匠 / ペーチパイセン / ポディアさま / クレリゴス子様 / かんと師匠,電波姫☆いまりちゃん / さくらこはダムです / メル子大先生 / 明日香大明神 / 甲羅暮らしの201号,complete
1,313,em-7652802e8fc0,郷大先生,19,2737,2415,3,damage_reduction,-0.1319,-0.2089,0.6042,0.7361,郷大先生 / ペーチパイセン / ポディアさま / クレリゴス子様 / かんと師匠,電波姫☆いまりちゃん / さくらこはダムです / メル子大先生 / 明日香大明神 / 甲羅暮らしの201号,complete
1,314,em-d07cd0c8b0b0,二条城☆浴衣モード,19,2656,2495,1,attribute_guard,-0.1319,-0.2089,0.6042,0.7361,二条城☆浴衣モード / ペーチパイセン / ポディアさま / クレリゴス子様 / かんと師匠,電波姫☆いまりちゃん / さくらこはダムです / メル子大先生 / 明日香大明神 / 甲羅暮らしの201号,complete
1,315,manual-nijo-yukata-mode,二条嬢☆浴衣モード,19,2656,2495,1,attribute_guard,-0.1319,-0.2089,0.6042,0.7361,二条嬢☆浴衣モード / ペーチパイセン / ポディアさま / クレリゴス子様 / かんと師匠,電波姫☆いまりちゃん / さくらこはダムです / メル子大先生 / 明日香大明神 / 甲羅暮らしの201号,complete
1,316,em-eeba5b4dcba6,カニパンだっ！,23,2737,2415,2,guard,-0.1319,-0.2089,0.6042,0.7361,カニパンだっ！ / さくらこはダムです / ポディアさま / クレリゴス子様 / ガハラさん,電波姫☆いまりちゃん / さくらこはダムです / メル子大先生 / 明日香大明神 / 甲羅暮らしの201号,complete
1,317,em-7c8471edf1df,ハロハロ☆ナモミさま,36,2556,4260,2,attack_buff,-0.1319,-0.2089,0.6042,0.7361,ハロハロ☆ナモミさま / 一葉ちゃんは作家さん / メル子大先生 / 明日香大明神 / ロータス先輩,電波姫☆いまりちゃん / さくらこはダムです / メル子大先生 / 明日香大明神 / 甲羅暮らしの201号,complete
1,318,em-f0ac0c756613,カナちゃんなの,8,700,700,2,heal,-0.1319,-0.2089,0.6042,0.7361,カナちゃんなの / ペーチパイセン / ポディアさま / クレリゴス子様 / リスマニア,電波姫☆いまりちゃん / さくらこはダムです / メル子大先生 / 明日香大明神 / 甲羅暮らしの201号,complete
1,319,em-4c982d8aff02,断然みっけ太郎,9,600,700,3,attribute_change,-0.1319,-0.2089,0.6042,0.7361,断然みっけ太郎 / ペーチパイセン / ポディアさま / クレリゴス子様 / リスマニア,電波姫☆いまりちゃん / さくらこはダムです / メル子大先生 / 明日香大明神 / 甲羅暮らしの201号,complete
1,320,em-4fddbba71de4,大熊びぐべん,9,600,700,2,attack_buff,-0.1319,-0.2089,0.6042,0.7361,大熊びぐべん / ペーチパイセン / ポディアさま / クレリゴス子様 / リスマニア,電波姫☆いまりちゃん / さくらこはダムです / メル子大先生 / 明日香大明神 / 甲羅暮らしの201号,complete
1,321,em-ba3d7a48680e,駆けよ！みるるん,10,600,700,2,attack_buff,-0.1319,-0.2089,0.6042,0.7361,駆けよ！みるるん / ペーチパイセン / ポディアさま / クレリゴス子様 / リスマニア,電波姫☆いまりちゃん / さくらこはダムです / メル子大先生 / 明日香大明神 / 甲羅暮らしの201号,complete
1,322,em-e36d35de9441,青谷やよい,42,3578,3374,4,damage_reduction,-0.1528,-0.2089,0.5833,0.7361,青谷やよい / ペーチパイセン / すわ子isGOD！ / 明日香大明神 / ロータス先輩,電波姫☆いまりちゃん / さくらこはダムです / メル子大先生 / 明日香大明神 / 甲羅暮らしの201号,complete
1,323,em-67859050336b,マジ☆マシニッさん,36,4089,4430,6,multi_hit_attack,-0.1389,-0.2096,0.5972,0.7361,マジ☆マシニッさん / 一葉ちゃんは作家さん / メル子大先生 / 明日香大明神 / ロータス先輩,電波姫☆いまりちゃん / さくらこはダムです / メル子大先生 / 明日香大明神 / 甲羅暮らしの201号,complete
1,324,em-594e492a6818,ヤンなるネポムちゃん,50,3397,2930,1,attack_buff,-0.1389,-0.2096,0.5972,0.7361,ヤンなるネポムちゃん / ペーチパイセン / メル子大先生 / 明日香大明神 / ロータス先輩,電波姫☆いまりちゃん / さくらこはダムです / メル子大先生 / 明日香大明神 / 甲羅暮らしの201号,complete
1,325,em-45dad5139056,ベギン改・修道女,37,4565,4467,4,revive,-0.1389,-0.2096,0.5972,0.7361,ベギン改・修道女 / 一葉ちゃんは作家さん / メル子大先生 / 明日香大明神 / ロータス先輩,電波姫☆いまりちゃん / さくらこはダムです / メル子大先生 / 明日香大明神 / 甲羅暮らしの201号,complete
1,326,em-4f3eddbe87bf,キルワくん,17,2141,3226,1,attack_buff,-0.1389,-0.2096,0.5972,0.7361,キルワくん / さくらこはダムです / ポディアさま / クレリゴス子様 / zuス様とsiラ様,電波姫☆いまりちゃん / さくらこはダムです / メル子大先生 / 明日香大明神 / 甲羅暮らしの201号,complete
1,327,em-a04fcf6167db,いはと先生,17,2093,3059,3,delay,-0.1389,-0.2096,0.5972,0.7361,いはと先生 / さくらこはダムです / ポディアさま / クレリゴス子様 / zuス様とsiラ様,電波姫☆いまりちゃん / さくらこはダムです / メル子大先生 / 明日香大明神 / 甲羅暮らしの201号,partial-skill-support
1,328,em-dfa3c95f9720,雪童雪愛たん,17,2495,2656,1,attribute_change,-0.1389,-0.2096,0.5972,0.7361,雪童雪愛たん / さくらこはダムです / ポディアさま / クレリゴス子様 / zuス様とsiラ様,電波姫☆いまりちゃん / さくらこはダムです / メル子大先生 / 明日香大明神 / 甲羅暮らしの201号,complete
1,329,em-13df10c62ab6,MUNAKATA,42,5453,4089,6,aoe_attack,-0.1458,-0.2097,0.5903,0.7361,MUNAKATA / さくらこはダムです / すわ子isGOD！ / 明日香大明神 / ロータス先輩,電波姫☆いまりちゃん / さくらこはダムです / メル子大先生 / 明日香大明神 / 甲羅暮らしの201号,complete
1,330,em-75717188c18a,あ、しょーか大先生,13,1812,1963,4,multi_hit_attack,-0.1458,-0.2097,0.5903,0.7361,あ、しょーか大先生 / 一葉ちゃんは作家さん / ポディアさま / クレリゴス子様 / ガハラさん,電波姫☆いまりちゃん / さくらこはダムです / メル子大先生 / 明日香大明神 / 甲羅暮らしの201号,complete
1,331,em-fd155a3410b2,鯰坊主と子供たち,45,5793,2130,3,damage_reduction,-0.1458,-0.2097,0.5903,0.7361,鯰坊主と子供たち / ペーチパイセン / すわ子isGOD！ / 明日香大明神 / ロータス先輩,電波姫☆いまりちゃん / さくらこはダムです / メル子大先生 / 明日香大明神 / 甲羅暮らしの201号,complete
1,332,em-31758a7d7c63,ﾗｰｶﾞﾙﾌﾘｮｩﾄﾙﾑりん,47,5700,2292,3,damage_reduction,-0.1458,-0.2097,0.5903,0.7361,ﾗｰｶﾞﾙﾌﾘｮｩﾄﾙﾑりん / ペーチパイセン / すわ子isGOD！ / 明日香大明神 / ロータス先輩,電波姫☆いまりちゃん / さくらこはダムです / メル子大先生 / 明日香大明神 / 甲羅暮らしの201号,complete
1,333,em-6dcd90bb7df5,花めく☆まつやマン,24,4669,2173,1,heal,-0.1389,-0.2107,0.5972,0.7361,花めく☆まつやマン / ペーチパイセン / ポディアさま / クレリゴス子様 / まつやマン,電波姫☆いまりちゃん / さくらこはダムです / メル子大先生 / 明日香大明神 / 甲羅暮らしの201号,complete
1,334,em-70cd1f08201b,サモスのヘラ,13,2180,670,2,multi_hit_attack,-0.1389,-0.2107,0.5972,0.7361,サモスのヘラ / 一葉ちゃんは作家さん / ポディアさま / クレリゴス子様 / ガハラさん,電波姫☆いまりちゃん / さくらこはダムです / メル子大先生 / 明日香大明神 / 甲羅暮らしの201号,complete
1,335,em-433922ef3e4e,夏至祭のぺた也君,53,7266,2153,2,skill_reduction,-0.1389,-0.2107,0.5972,0.7361,夏至祭のぺた也君 / ペーチパイセン / すわ子isGOD！ / 明日香大明神 / zuス様とsiラ様,電波姫☆いまりちゃん / さくらこはダムです / メル子大先生 / 明日香大明神 / 甲羅暮らしの201号,partial-skill-support
1,336,em-10db7896577b,人面恐竜の謎,12,1000,1200,2,attack_buff,-0.1389,-0.2107,0.5972,0.7361,人面恐竜の謎 / 一葉ちゃんは作家さん / ポディアさま / クレリゴス子様 / ガハラさん,電波姫☆いまりちゃん / さくらこはダムです / メル子大先生 / 明日香大明神 / 甲羅暮らしの201号,complete
1,337,em-6bda04d6fb8d,中の娘タミちゃん,12,1257,1146,3,attribute_guard,-0.1389,-0.2107,0.5972,0.7361,中の娘タミちゃん / 一葉ちゃんは作家さん / ポディアさま / クレリゴス子様 / ガハラさん,電波姫☆いまりちゃん / さくらこはダムです / メル子大先生 / 明日香大明神 / 甲羅暮らしの201号,complete
1,338,em-285738d60a75,もん先輩,13,2567,1057,3,heal,-0.1389,-0.2107,0.5972,0.7361,もん先輩 / 一葉ちゃんは作家さん / ポディアさま / クレリゴス子様 / ガハラさん,電波姫☆いまりちゃん / さくらこはダムです / メル子大先生 / 明日香大明神 / 甲羅暮らしの201号,complete
1,339,em-ada22420f568,奈良ヘンドリックス,13,1596,1596,2,attack_buff,-0.1389,-0.2107,0.5972,0.7361,奈良ヘンドリックス / 一葉ちゃんは作家さん / ポディアさま / クレリゴス子様 / ガハラさん,電波姫☆いまりちゃん / さくらこはダムです / メル子大先生 / 明日香大明神 / 甲羅暮らしの201号,complete
1,340,em-a97f49a1b6e8,篠島しらす子,41,5453,2726,5,skill_reduction,-0.1458,-0.2109,0.5903,0.7361,篠島しらす子 / 一葉ちゃんは作家さん / すわ子isGOD！ / 明日香大明神 / zuス様とsiラ様,電波姫☆いまりちゃん / さくらこはダムです / メル子大先生 / 明日香大明神 / 甲羅暮らしの201号,partial-skill-support
1,341,em-7b3e9b66e40d,叶う！クルス様,12,1699,1699,1,attribute_change,-0.1458,-0.2109,0.5903,0.7361,叶う！クルス様 / 一葉ちゃんは作家さん / ポディアさま / クレリゴス子様 / ガハラさん,電波姫☆いまりちゃん / さくらこはダムです / メル子大先生 / 明日香大明神 / 甲羅暮らしの201号,complete
1,342,em-0592fa7cc27f,クェーサルと仲間たち,18,3542,2898,3,multi_hit_attack,-0.1319,-0.211,0.6042,0.7361,クェーサルと仲間たち / ペーチパイセン / ポディアさま / クレリゴス子様 / かんと師匠,電波姫☆いまりちゃん / さくらこはダムです / メル子大先生 / 明日香大明神 / 甲羅暮らしの201号,complete
1,343,em-90e071b9735c,乗り海苔カスティリャ,16,2707,1223,2,attribute_guard,-0.1319,-0.211,0.6042,0.7361,乗り海苔カスティリャ / さくらこはダムです / ポディアさま / クレリゴス子様 / かんと師匠,電波姫☆いまりちゃん / さくらこはダムです / メル子大先生 / 明日香大明神 / 甲羅暮らしの201号,complete
1,344,em-1c71acfdc139,星の白金ぴよ子,5,999,999,0,none,-0.125,-0.2116,0.6111,0.7361,星の白金ぴよ子 / さくらこはダムです / ポディアさま / クレリゴス子様 / リスマニア,電波姫☆いまりちゃん / さくらこはダムです / メル子大先生 / 明日香大明神 / 甲羅暮らしの201号,complete
1,345,em-091b1c77c643,戸隠ちび蔵,6,150,950,3,attack_buff,-0.125,-0.2116,0.6111,0.7361,戸隠ちび蔵 / さくらこはダムです / ポディアさま / クレリゴス子様 / リスマニア,電波姫☆いまりちゃん / さくらこはダムです / メル子大先生 / 明日香大明神 / 甲羅暮らしの201号,complete
1,346,em-d05fca3e00df,ほたるん,6,700,1000,3,attribute_change,-0.125,-0.2116,0.6111,0.7361,ほたるん / さくらこはダムです / ポディアさま / クレリゴス子様 / リスマニア,電波姫☆いまりちゃん / さくらこはダムです / メル子大先生 / 明日香大明神 / 甲羅暮らしの201号,complete
1,347,em-29cc8a9cf9cd,ビール売りの小娘,18,1516,3638,3,skill_reduction,-0.1389,-0.2119,0.5972,0.7361,ビール売りの小娘 / ペーチパイセン / ポディアさま / クレリゴス子様 / かんと師匠,電波姫☆いまりちゃん / さくらこはダムです / メル子大先生 / 明日香大明神 / 甲羅暮らしの201号,partial-skill-support
1,348,em-0c25c85edc1c,赤木さん,13,1410,1968,5,attribute_guard,-0.1389,-0.2119,0.5972,0.7361,赤木さん / 一葉ちゃんは作家さん / ポディアさま / クレリゴス子様 / ガハラさん,電波姫☆いまりちゃん / さくらこはダムです / メル子大先生 / 明日香大明神 / 甲羅暮らしの201号,complete
1,349,em-cb9a138787d0,摩陀羅　潮真,27,7194,1741,2,attribute_guard,-0.1389,-0.2119,0.5972,0.7361,摩陀羅　潮真 / ペーチパイセン / ポディアさま / クレリゴス子様 / ガハラさん,電波姫☆いまりちゃん / さくらこはダムです / メル子大先生 / 明日香大明神 / 甲羅暮らしの201号,complete
1,350,em-1abf600d3612,祝宴！さくらぴよ子,8,1359,2265,5,attack_buff,-0.1389,-0.2119,0.5972,0.7361,祝宴！さくらぴよ子 / ペーチパイセン / ポディアさま / クレリゴス子様 / リスマニア,電波姫☆いまりちゃん / さくらこはダムです / メル子大先生 / 明日香大明神 / 甲羅暮らしの201号,complete
1,351,em-4c2a43ecd770,ナンマトル君,14,2115,2115,2,skill_reduction,-0.1319,-0.212,0.6042,0.7361,ナンマトル君 / さくらこはダムです / ポディアさま / クレリゴス子様 / かんと師匠,電波姫☆いまりちゃん / さくらこはダムです / メル子大先生 / 明日香大明神 / 甲羅暮らしの201号,partial-skill-support
1,352,em-deea7d56d1a1,淡路な文楽軒師匠,12,1512,1551,6,skill_reduction,-0.1458,-0.2121,0.5903,0.7361,淡路な文楽軒師匠 / 一葉ちゃんは作家さん / ポディアさま / クレリゴス子様 / ガハラさん,電波姫☆いまりちゃん / さくらこはダムです / メル子大先生 / 明日香大明神 / 甲羅暮らしの201号,partial-skill-support
1,353,em-12386dff9bd5,サリエリ許さないマン,21,2827,2827,4,revive,-0.1458,-0.2121,0.5903,0.7361,サリエリ許さないマン / さくらこはダムです / ポディアさま / クレリゴス子様 / ガハラさん,電波姫☆いまりちゃん / さくらこはダムです / メル子大先生 / 明日香大明神 / 甲羅暮らしの201号,complete
1,354,em-ed68f4e03a58,欣喜ぴよ子,10,1785,1812,2,guard,-0.1389,-0.2129,0.5972,0.7361,欣喜ぴよ子 / ペーチパイセン / ポディアさま / クレリゴス子様 / リスマニア,電波姫☆いまりちゃん / さくらこはダムです / メル子大先生 / 明日香大明神 / 甲羅暮らしの201号,complete
1,355,em-5159963bb3c8,むっこさん,15,2415,2415,5,attack_buff,-0.1389,-0.2129,0.5972,0.7361,むっこさん / さくらこはダムです / ポディアさま / クレリゴス子様 / かんと師匠,電波姫☆いまりちゃん / さくらこはダムです / メル子大先生 / 明日香大明神 / 甲羅暮らしの201号,complete
1,356,em-841f5b6f1015,かŋがえる王,15,493,1762,5,revive,-0.1389,-0.2129,0.5972,0.7361,かŋがえる王 / さくらこはダムです / ポディアさま / クレリゴス子様 / かんと師匠,電波姫☆いまりちゃん / さくらこはダムです / メル子大先生 / 明日香大明神 / 甲羅暮らしの201号,complete
1,357,em-07c5bc08f69e,朦朧ボディマンΩ,16,755,3020,10,multi_hit_attack,-0.1389,-0.2129,0.5972,0.7361,朦朧ボディマンΩ / さくらこはダムです / ポディアさま / クレリゴス子様 / かんと師匠,電波姫☆いまりちゃん / さくらこはダムです / メル子大先生 / 明日香大明神 / 甲羅暮らしの201号,complete
1,358,em-d5ed773d56cd,夏至祭のヴァサクサ君,18,3976,2156,2,skill_reduction,-0.1389,-0.2129,0.5972,0.7361,夏至祭のヴァサクサ君 / ペーチパイセン / ポディアさま / クレリゴス子様 / かんと師匠,電波姫☆いまりちゃん / さくらこはダムです / メル子大先生 / 明日香大明神 / 甲羅暮らしの201号,partial-skill-support
1,359,em-387c8b9a99b8,ﾐｼｼｯぴぃ！201号,16,2047,2047,6,guard,-0.1389,-0.2129,0.5972,0.7361,ﾐｼｼｯぴぃ！201号 / さくらこはダムです / ポディアさま / クレリゴス子様 / かんと師匠,電波姫☆いまりちゃん / さくらこはダムです / メル子大先生 / 明日香大明神 / 甲羅暮らしの201号,complete
1,360,em-5514b5658aa3,ハリウッドナナコ師匠,5,2503,1093,9,delay,-0.1389,-0.2129,0.5972,0.7361,ハリウッドナナコ師匠 / さくらこはダムです / ポディアさま / クレリゴス子様 / リスマニア,電波姫☆いまりちゃん / さくらこはダムです / メル子大先生 / 明日香大明神 / 甲羅暮らしの201号,partial-skill-support
1,361,em-a0159af9ab81,カネヒラくん,14,2385,2556,2,attribute_change,-0.1389,-0.2129,0.5972,0.7361,カネヒラくん / さくらこはダムです / ポディアさま / クレリゴス子様 / 頑張るハクさん,電波姫☆いまりちゃん / さくらこはダムです / メル子大先生 / 明日香大明神 / 甲羅暮らしの201号,complete
1,362,em-4016fa16a6ca,Dr.&萌やﾁﾝｹﾞｰﾙ,14,773,2573,1,heal,-0.1319,-0.213,0.6042,0.7361,Dr.&萌やﾁﾝｹﾞｰﾙ / さくらこはダムです / ポディアさま / クレリゴス子様 / かんと師匠,電波姫☆いまりちゃん / さくらこはダムです / メル子大先生 / 明日香大明神 / 甲羅暮らしの201号,complete
1,363,em-8d38e9c3aa92,オルカアタッカー虎子,70,9202,6134,1,attack_buff,-0.1319,-0.213,0.6042,0.7361,オルカアタッカー虎子 / ペーチパイセン / 華麗なびわ子たん / おあげさん / ガハラさん,電波姫☆いまりちゃん / さくらこはダムです / メル子大先生 / 明日香大明神 / 甲羅暮らしの201号,complete
1,364,em-e2c8365ae02e,ɔリバーくん,10,704,1689,3,attack_buff,-0.1319,-0.213,0.6042,0.7361,ɔリバーくん / ペーチパイセン / ポディアさま / クレリゴス子様 / リスマニア,電波姫☆いまりちゃん / さくらこはダムです / メル子大先生 / 明日香大明神 / 甲羅暮らしの201号,complete
1,365,em-309dc67aa477,かるたーにゃの世界,45,5112,5112,5,attack_buff,-0.1528,-0.213,0.5833,0.7361,かるたーにゃの世界 / ペーチパイセン / すわ子isGOD！ / 明日香大明神 / ロータス先輩,電波姫☆いまりちゃん / さくらこはダムです / メル子大先生 / 明日香大明神 / 甲羅暮らしの201号,complete
1,366,em-5243f0a3b3b5,猫毘沙門天,47,4430,4089,5,aoe_attack,-0.1528,-0.213,0.5833,0.7361,猫毘沙門天 / ペーチパイセン / すわ子isGOD！ / 明日香大明神 / ロータス先輩,電波姫☆いまりちゃん / さくらこはダムです / メル子大先生 / 明日香大明神 / 甲羅暮らしの201号,complete
1,367,em-35e37020b193,æッシュちゃん,17,3542,2254,5,attribute_guard,-0.1458,-0.2133,0.5903,0.7361,æッシュちゃん / さくらこはダムです / ポディアさま / クレリゴス子様 / zuス様とsiラ様,電波姫☆いまりちゃん / さくらこはダムです / メル子大先生 / 明日香大明神 / 甲羅暮らしの201号,complete
1,368,em-a20c59ca87c1,Let's☆ハチ公,33,6560,1448,5,delay,-0.1458,-0.2133,0.5903,0.7361,Let's☆ハチ公 / 一葉ちゃんは作家さん / メル子大先生 / 明日香大明神 / ロータス先輩,電波姫☆いまりちゃん / さくらこはダムです / メル子大先生 / 明日香大明神 / 甲羅暮らしの201号,partial-skill-support
1,369,em-471b1ba55d5c,有馬んば,13,1413,1244,4,heal,-0.1458,-0.2133,0.5903,0.7361,有馬んば / 一葉ちゃんは作家さん / ポディアさま / クレリゴス子様 / ガハラさん,電波姫☆いまりちゃん / さくらこはダムです / メル子大先生 / 明日香大明神 / 甲羅暮らしの201号,complete
1,370,em-eb9cb098a2c1,加留多ヘナ造,18,2898,2737,2,damage_reduction,-0.1389,-0.214,0.5972,0.7361,加留多ヘナ造 / ペーチパイセン / ポディアさま / クレリゴス子様 / かんと師匠,電波姫☆いまりちゃん / さくらこはダムです / メル子大先生 / 明日香大明神 / 甲羅暮らしの201号,complete
1,371,em-5a5c1d1004c1,妖精女王ミカーンニア,42,3408,4771,4,skill_reduction,-0.1667,-0.214,0.5694,0.7361,妖精女王ミカーンニア / さくらこはダムです / すわ子isGOD！ / 明日香大明神 / ロータス先輩,電波姫☆いまりちゃん / さくらこはダムです / メル子大先生 / 明日香大明神 / 甲羅暮らしの201号,partial-skill-support
1,372,em-75c067942d62,大内先生,11,1699,1699,4,heal,-0.1528,-0.2143,0.5833,0.7361,大内先生 / 一葉ちゃんは作家さん / ポディアさま / クレリゴス子様 / ガハラさん,電波姫☆いまりちゃん / さくらこはダムです / メル子大先生 / 明日香大明神 / 甲羅暮らしの201号,complete
1,373,em-bbcd19672515,ＭＲ凜子様,13,1699,1699,4,attack_buff,-0.1528,-0.2143,0.5833,0.7361,ＭＲ凜子様 / 一葉ちゃんは作家さん / ポディアさま / クレリゴス子様 / ガハラさん,電波姫☆いまりちゃん / さくらこはダムです / メル子大先生 / 明日香大明神 / 甲羅暮らしの201号,complete
1,374,em-f346c1f4c45d,八狗神伏姫様,35,5538,2130,4,guard,-0.1458,-0.2145,0.5903,0.7361,八狗神伏姫様 / 一葉ちゃんは作家さん / すわ子isGOD！ / 明日香大明神 / ロータス先輩,電波姫☆いまりちゃん / さくらこはダムです / メル子大先生 / 明日香大明神 / 甲羅暮らしの201号,complete
1,375,em-cea68c425163,跛荒の鉄男大先生,51,4686,6625,3,multi_hit_attack,-0.1458,-0.2145,0.5903,0.7361,跛荒の鉄男大先生 / ペーチパイセン / メル子大先生 / 明日香大明神 / ロータス先輩,電波姫☆いまりちゃん / さくらこはダムです / メル子大先生 / 明日香大明神 / 甲羅暮らしの201号,complete
1,376,em-5284c689c7b6,ジャウー大先生,15,805,3220,4,skill_reduction,-0.1319,-0.2149,0.6042,0.7361,ジャウー大先生 / さくらこはダムです / ポディアさま / クレリゴス子様 / かんと師匠,電波姫☆いまりちゃん / さくらこはダムです / メル子大先生 / 明日香大明神 / 甲羅暮らしの201号,partial-skill-support
1,377,em-3f14ae2f39e9,名人！角成馬之助,7,600,1000,2,attribute_change,-0.1319,-0.2149,0.6042,0.7361,名人！角成馬之助 / さくらこはダムです / ポディアさま / クレリゴス子様 / リスマニア,電波姫☆いまりちゃん / さくらこはダムです / メル子大先生 / 明日香大明神 / 甲羅暮らしの201号,complete
1,378,em-325f53beccfd,魔法のメルルン,11,1533,1738,3,skill_reduction,-0.1389,-0.2151,0.5972,0.7361,魔法のメルルン / 一葉ちゃんは作家さん / ポディアさま / クレリゴス子様 / ガハラさん,電波姫☆いまりちゃん / さくらこはダムです / メル子大先生 / 明日香大明神 / 甲羅暮らしの201号,partial-skill-support
1,379,em-769713d8548b,ザ・NPfLやすなり,20,1800,1800,0,attribute_change,-0.1389,-0.2151,0.5972,0.7361,ザ・NPfLやすなり / さくらこはダムです / ポディアさま / クレリゴス子様 / まつやマン,電波姫☆いまりちゃん / さくらこはダムです / メル子大先生 / 明日香大明神 / 甲羅暮らしの201号,complete
1,380,em-52c5ebfefb96,一服のうっぴー,42,6475,3408,3,heal,-0.1528,-0.2156,0.5833,0.7361,一服のうっぴー / ペーチパイセン / すわ子isGOD！ / 明日香大明神 / ロータス先輩,電波姫☆いまりちゃん / さくらこはダムです / メル子大先生 / 明日香大明神 / 甲羅暮らしの201号,complete
1,381,em-08c96cb40803,ノローニャ・パイセン,43,5964,3410,1,attack_buff,-0.1528,-0.2156,0.5833,0.7361,ノローニャ・パイセン / ペーチパイセン / すわ子isGOD！ / 明日香大明神 / ロータス先輩,電波姫☆いまりちゃん / さくらこはダムです / メル子大先生 / 明日香大明神 / 甲羅暮らしの201号,complete
1,382,em-fc0a4778a432,リチャード・リターンズ,23,2576,3220,5,aoe_attack,-0.1528,-0.2156,0.5833,0.7361,リチャード・リターンズ / さくらこはダムです / ポディアさま / クレリゴス子様 / ガハラさん,電波姫☆いまりちゃん / さくらこはダムです / メル子大先生 / 明日香大明神 / 甲羅暮らしの201号,complete
1,383,em-eb8dcb3ecb46,ヨーコ須賀パイセン,45,5964,3237,3,attribute_guard,-0.1528,-0.2156,0.5833,0.7361,ヨーコ須賀パイセン / ペーチパイセン / すわ子isGOD！ / 明日香大明神 / ロータス先輩,電波姫☆いまりちゃん / さくらこはダムです / メル子大先生 / 明日香大明神 / 甲羅暮らしの201号,complete
1,384,em-d695befcbdc2,収穫☆にいがタン,26,4508,3655,3,attribute_guard,-0.1458,-0.2157,0.5903,0.7361,収穫☆にいがタン / ペーチパイセン / ポディアさま / クレリゴス子様 / ガハラさん,電波姫☆いまりちゃん / さくらこはダムです / メル子大先生 / 明日香大明神 / 甲羅暮らしの201号,complete
1,385,em-a74603ad2679,白虎,36,5112,3408,4,attack_buff,-0.1458,-0.2157,0.5903,0.7361,白虎 / 一葉ちゃんは作家さん / メル子大先生 / 明日香大明神 / ロータス先輩,電波姫☆いまりちゃん / さくらこはダムです / メル子大先生 / 明日香大明神 / 甲羅暮らしの201号,complete
1,386,em-599b57f2e5c4,Halloweenの蘭子さん,37,2044,5964,5,revive,-0.1389,-0.2161,0.5972,0.7361,Halloweenの蘭子さん / 一葉ちゃんは作家さん / メル子大先生 / 明日香大明神 / ロータス先輩,電波姫☆いまりちゃん / さくらこはダムです / メル子大先生 / 明日香大明神 / 甲羅暮らしの201号,complete
1,387,em-dcc49aea103a,恐竜大好き竜也くん,18,2737,3059,2,attack_buff,-0.1389,-0.2161,0.5972,0.7361,恐竜大好き竜也くん / ペーチパイセン / ポディアさま / クレリゴス子様 / かんと師匠,電波姫☆いまりちゃん / さくらこはダムです / メル子大先生 / 明日香大明神 / 甲羅暮らしの201号,complete
1,388,em-831cf6862a55,リスマニア,20,644,4186,4,multi_hit_attack,-0.1389,-0.2161,0.5972,0.7361,リスマニア / さくらこはダムです / ポディアさま / クレリゴス子様 / ガハラさん,電波姫☆いまりちゃん / さくらこはダムです / メル子大先生 / 明日香大明神 / 甲羅暮らしの201号,complete
1,389,em-4a6f3bc3bbfb,けるるんぱさらん,16,906,1884,1,attack_buff,-0.1389,-0.2161,0.5972,0.7361,けるるんぱさらん / さくらこはダムです / ポディアさま / クレリゴス子様 / かんと師匠,電波姫☆いまりちゃん / さくらこはダムです / メル子大先生 / 明日香大明神 / 甲羅暮らしの201号,complete
1,390,em-e4561d587562,幼心のデメ子さん,25,3178,4089,1,attribute_change,-0.1458,-0.2168,0.5903,0.7361,幼心のデメ子さん / ペーチパイセン / ポディアさま / クレリゴス子様 / ガハラさん,電波姫☆いまりちゃん / さくらこはダムです / メル子大先生 / 明日香大明神 / 甲羅暮らしの201号,complete
1,391,em-e5fb3c6a3323,ガジュ・まる子さん,34,3748,4430,5,revive,-0.1458,-0.2168,0.5903,0.7361,ガジュ・まる子さん / 一葉ちゃんは作家さん / メル子大先生 / 明日香大明神 / ロータス先輩,電波姫☆いまりちゃん / さくらこはダムです / メル子大先生 / 明日香大明神 / 甲羅暮らしの201号,complete
1,392,em-71504e292ebf,キャミー・the.女,13,1208,2567,3,heal,-0.1458,-0.2168,0.5903,0.7361,キャミー・the.女 / 一葉ちゃんは作家さん / ポディアさま / クレリゴス子様 / ガハラさん,電波姫☆いまりちゃん / さくらこはダムです / メル子大先生 / 明日香大明神 / 甲羅暮らしの201号,complete
1,393,em-166bce10d212,ギューちゃん,23,2726,3748,5,revive,-0.1528,-0.2169,0.5833,0.7361,ギューちゃん / さくらこはダムです / ポディアさま / クレリゴス子様 / ガハラさん,電波姫☆いまりちゃん / さくらこはダムです / メル子大先生 / 明日香大明神 / 甲羅暮らしの201号,complete
1,394,em-4b386c59ef08,キマシ塔の温泉娘,20,1245,2781,5,attack_buff,-0.1528,-0.2169,0.5833,0.7361,キマシ塔の温泉娘 / さくらこはダムです / ポディアさま / クレリゴス子様 / まつやマン,電波姫☆いまりちゃん / さくらこはダムです / メル子大先生 / 明日香大明神 / 甲羅暮らしの201号,complete
1,395,em-7a5551d5b1ab,琉球童子☆万太郎,42,4260,5623,0,attribute_change,-0.1528,-0.2169,0.5833,0.7361,琉球童子☆万太郎 / ペーチパイセン / すわ子isGOD！ / 明日香大明神 / ロータス先輩,電波姫☆いまりちゃん / さくらこはダムです / メル子大先生 / 明日香大明神 / 甲羅暮らしの201号,complete
1,396,em-6145c94ca696,ｽﾌﾟﾗ♡な琵琶子たん,13,1213,1190,3,damage_reduction,-0.1528,-0.2169,0.5833,0.7361,ｽﾌﾟﾗ♡な琵琶子たん / 一葉ちゃんは作家さん / ポディアさま / クレリゴス子様 / ガハラさん,電波姫☆いまりちゃん / さくらこはダムです / メル子大先生 / 明日香大明神 / 甲羅暮らしの201号,complete
1,397,em-94283a1459c4,充実☆エンジェる道！,15,1610,1914,4,attack_buff,-0.1389,-0.2172,0.5972,0.7361,充実☆エンジェる道！ / さくらこはダムです / ポディアさま / クレリゴス子様 / かんと師匠,電波姫☆いまりちゃん / さくらこはダムです / メル子大先生 / 明日香大明神 / 甲羅暮らしの201号,complete
1,398,em-9b1b7dceab8e,ブダ山ペスト太郎,40,6305,2044,0,damage_reduction,-0.1389,-0.2172,0.5972,0.7361,ブダ山ペスト太郎 / 一葉ちゃんは作家さん / すわ子isGOD！ / おあげさん / かんと師匠,電波姫☆いまりちゃん / さくらこはダムです / メル子大先生 / 明日香大明神 / 甲羅暮らしの201号,complete
1,399,em-ea58b4a58701,切れる？イナフ君,42,3067,3067,1,attack_buff,-0.1597,-0.2175,0.5764,0.7361,切れる？イナフ君 / さくらこはダムです / すわ子isGOD！ / 明日香大明神 / ロータス先輩,電波姫☆いまりちゃん / さくらこはダムです / メル子大先生 / 明日香大明神 / 甲羅暮らしの201号,complete
1,400,em-9898cb7ba23e,富士さんは魔女,45,5112,4260,4,revive,-0.1597,-0.2175,0.5764,0.7361,富士さんは魔女 / ペーチパイセン / すわ子isGOD！ / 明日香大明神 / ロータス先輩,電波姫☆いまりちゃん / さくらこはダムです / メル子大先生 / 明日香大明神 / 甲羅暮らしの201号,complete
1,401,em-49cfaec18be0,富士五子ＢＴ５,20,2415,2737,6,delay,-0.1597,-0.2175,0.5764,0.7361,富士五子ＢＴ５ / さくらこはダムです / ポディアさま / クレリゴス子様 / まつやマン,電波姫☆いまりちゃん / さくらこはダムです / メル子大先生 / 明日香大明神 / 甲羅暮らしの201号,partial-skill-support
1,402,em-801d7ddfee5b,3年ε組！エレナ先生,43,4430,4260,3,attack_buff,-0.1528,-0.2181,0.5833,0.7361,3年ε組！エレナ先生 / ペーチパイセン / すわ子isGOD！ / 明日香大明神 / ロータス先輩,電波姫☆いまりちゃん / さくらこはダムです / メル子大先生 / 明日香大明神 / 甲羅暮らしの201号,complete
1,403,em-8d610f16d330,明日香大怪盗,44,3578,3067,3,attribute_guard,-0.1528,-0.2181,0.5833,0.7361,明日香大怪盗 / ペーチパイセン / すわ子isGOD！ / 明日香大明神 / ロータス先輩,電波姫☆いまりちゃん / さくらこはダムです / メル子大先生 / 明日香大明神 / 甲羅暮らしの201号,complete
1,404,em-42b503c8643c,姉上と青コリくん,48,3322,3322,0,damage_reduction,-0.1528,-0.2181,0.5833,0.7361,姉上と青コリくん / ペーチパイセン / メル子大先生 / 明日香大明神 / ロータス先輩,電波姫☆いまりちゃん / さくらこはダムです / メル子大先生 / 明日香大明神 / 甲羅暮らしの201号,complete
1,405,em-9ca244c83a38,ʤouカー＆ʧouカー,16,1510,2124,4,delay,-0.1389,-0.2182,0.5972,0.7361,ʤouカー＆ʧouカー / さくらこはダムです / ポディアさま / クレリゴス子様 / かんと師匠,電波姫☆いまりちゃん / さくらこはダムです / メル子大先生 / 明日香大明神 / 甲羅暮らしの201号,partial-skill-support
1,406,em-d239e5e972de,ズンビーフック,17,2012,3220,4,multi_hit_attack,-0.1458,-0.219,0.5903,0.7361,ズンビーフック / さくらこはダムです / ポディアさま / クレリゴス子様 / zuス様とsiラ様,電波姫☆いまりちゃん / さくらこはダムです / メル子大先生 / 明日香大明神 / 甲羅暮らしの201号,complete
1,407,em-eb039b6519a5,古代のウルファマン,53,7364,3067,3,skill_reduction,-0.1458,-0.219,0.5903,0.7361,古代のウルファマン / ペーチパイセン / すわ子isGOD！ / 明日香大明神 / zuス様とsiラ様,電波姫☆いまりちゃん / さくらこはダムです / メル子大先生 / 明日香大明神 / 甲羅暮らしの201号,partial-skill-support
1,408,em-562269adda28,ブルジョワジー下仁田,20,2265,2276,1,guard,-0.1458,-0.219,0.5903,0.7361,ブルジョワジー下仁田 / さくらこはダムです / ポディアさま / クレリゴス子様 / ガハラさん,電波姫☆いまりちゃん / さくらこはダムです / メル子大先生 / 明日香大明神 / 甲羅暮らしの201号,complete
1,409,em-4f85690db8f2,メムノン２８号,32,937,3408,1,attribute_guard,-0.1528,-0.2193,0.5833,0.7361,メムノン２８号 / 一葉ちゃんは作家さん / すわ子isGOD！ / 明日香大明神 / ロータス先輩,電波姫☆いまりちゃん / さくらこはダムです / メル子大先生 / 明日香大明神 / 甲羅暮らしの201号,complete
1,410,em-f13a3baa139d,伝説のビスカやん！,9,1893,1241,2,skill_reduction,-0.1528,-0.2193,0.5833,0.7361,伝説のビスカやん！ / キルワくん / ポディアさま / クレリゴス子様 / 頑張るハクさん,電波姫☆いまりちゃん / さくらこはダムです / メル子大先生 / 明日香大明神 / 甲羅暮らしの201号,partial-skill-support
1,411,em-bb32bff9faab,有田星のいまり様,18,2328,2183,1,attribute_change,-0.1458,-0.2201,0.5903,0.7361,有田星のいまり様 / ペーチパイセン / ポディアさま / クレリゴス子様 / かんと師匠,電波姫☆いまりちゃん / さくらこはダムです / メル子大先生 / 明日香大明神 / 甲羅暮らしの201号,complete
1,412,em-640d19558093,聖なる打毬神！みるるん,19,1208,1963,2,attack_buff,-0.1458,-0.2201,0.5903,0.7361,聖なる打毬神！みるるん / ペーチパイセン / ポディアさま / クレリゴス子様 / かんと師匠,電波姫☆いまりちゃん / さくらこはダムです / メル子大先生 / 明日香大明神 / 甲羅暮らしの201号,complete
1,413,em-3ac00001d30a,ネギの向こう側,20,2262,2273,0,heal,-0.1458,-0.2201,0.5903,0.7361,ネギの向こう側 / さくらこはダムです / ポディアさま / クレリゴス子様 / まつやマン,電波姫☆いまりちゃん / さくらこはダムです / メル子大先生 / 明日香大明神 / 甲羅暮らしの201号,complete
1,414,em-7f3eb7b8272c,にゅー先生,15,700,2200,2,guard,-0.1389,-0.2202,0.5972,0.7361,にゅー先生 / さくらこはダムです / ポディアさま / クレリゴス子様 / かんと師匠,電波姫☆いまりちゃん / さくらこはダムです / メル子大先生 / 明日香大明神 / 甲羅暮らしの201号,complete
1,415,em-25fed9fde1ce,かっさーWoo！,16,1131,2403,4,attack_buff,-0.1389,-0.2202,0.5972,0.7361,かっさーWoo！ / さくらこはダムです / ポディアさま / クレリゴス子様 / かんと師匠,電波姫☆いまりちゃん / さくらこはダムです / メル子大先生 / 明日香大明神 / 甲羅暮らしの201号,complete
1,416,em-85a7b3e2cb7d,剥ぐぞ！ナモミ先生,16,400,2100,2,attack_buff,-0.1389,-0.2202,0.5972,0.7361,剥ぐぞ！ナモミ先生 / さくらこはダムです / ポディアさま / クレリゴス子様 / かんと師匠,電波姫☆いまりちゃん / さくらこはダムです / メル子大先生 / 明日香大明神 / 甲羅暮らしの201号,complete
1,417,em-999d33621829,おたべ妖精,7,1272,1131,4,delay,-0.1389,-0.2202,0.5972,0.7361,おたべ妖精 / さくらこはダムです / ポディアさま / クレリゴス子様 / リスマニア,電波姫☆いまりちゃん / さくらこはダムです / メル子大先生 / 明日香大明神 / 甲羅暮らしの201号,partial-skill-support
1,418,em-ffde6d61f228,有頂天☆安倍晴明,45,3936,4771,5,skill_reduction,-0.1597,-0.2202,0.5764,0.7361,有頂天☆安倍晴明 / ペーチパイセン / すわ子isGOD！ / 明日香大明神 / ロータス先輩,電波姫☆いまりちゃん / さくらこはダムです / メル子大先生 / 明日香大明神 / 甲羅暮らしの201号,partial-skill-support
1,419,em-2a26d74bb300,鮫っ子！フカオちゃん,21,4430,2996,5,attack_buff,-0.1528,-0.2205,0.5833,0.7361,鮫っ子！フカオちゃん / さくらこはダムです / ポディアさま / クレリゴス子様 / まつやマン,電波姫☆いまりちゃん / さくらこはダムです / メル子大先生 / 明日香大明神 / 甲羅暮らしの201号,complete
1,420,em-e8c7a220a4d9,清少納言,25,3220,1771,0,attack_buff,-0.1528,-0.2205,0.5833,0.7361,清少納言 / ペーチパイセン / ポディアさま / クレリゴス子様 / ガハラさん,電波姫☆いまりちゃん / さくらこはダムです / メル子大先生 / 明日香大明神 / 甲羅暮らしの201号,complete
1,421,em-e8da10b52c13,田島・ハル,34,937,5793,1,multi_hit_attack,-0.1458,-0.2212,0.5903,0.7361,田島・ハル / 一葉ちゃんは作家さん / メル子大先生 / 明日香大明神 / ロータス先輩,電波姫☆いまりちゃん / さくらこはダムです / メル子大先生 / 明日香大明神 / 甲羅暮らしの201号,complete
1,422,em-19637fe0d04e,カという真実に驚愕,9,2205,763,4,heal,-0.1458,-0.2212,0.5903,0.7361,カという真実に驚愕 / ペーチパイセン / ポディアさま / クレリゴス子様 / リスマニア,電波姫☆いまりちゃん / さくらこはダムです / メル子大先生 / 明日香大明神 / 甲羅暮らしの201号,complete
1,423,em-2c6fd048179d,ジョン・鮭児,23,1448,2726,0,attack_buff,-0.1528,-0.2217,0.5833,0.7361,ジョン・鮭児 / さくらこはダムです / ポディアさま / クレリゴス子様 / ガハラさん,電波姫☆いまりちゃん / さくらこはダムです / メル子大先生 / 明日香大明神 / 甲羅暮らしの201号,complete
1,424,em-294f61da0084,Ｃ・Ｃ☆電車姫,22,3741,1973,4,attack_buff,-0.1528,-0.2217,0.5833,0.7361,Ｃ・Ｃ☆電車姫 / さくらこはダムです / ポディアさま / クレリゴス子様 / ガハラさん,電波姫☆いまりちゃん / さくらこはダムです / メル子大先生 / 明日香大明神 / 甲羅暮らしの201号,complete
1,425,em-94a55ee81090,瑠璃の君,27,3067,2453,1,damage_reduction,-0.1528,-0.2217,0.5833,0.7361,瑠璃の君 / ペーチパイセン / ポディアさま / クレリゴス子様 / ガハラさん,電波姫☆いまりちゃん / さくらこはダムです / メル子大先生 / 明日香大明神 / 甲羅暮らしの201号,complete
1,426,em-1211d6248533,ピンクなコンクさん,32,3067,2044,1,damage_reduction,-0.1528,-0.2217,0.5833,0.7361,ピンクなコンクさん / 一葉ちゃんは作家さん / すわ子isGOD！ / 明日香大明神 / ロータス先輩,電波姫☆いまりちゃん / さくらこはダムです / メル子大先生 / 明日香大明神 / 甲羅暮らしの201号,complete
1,427,em-d0ab149939aa,製鉄所★澤先輩,24,5313,1771,3,skill_reduction,-0.1528,-0.2217,0.5833,0.7361,製鉄所★澤先輩 / ペーチパイセン / ポディアさま / クレリゴス子様 / まつやマン,電波姫☆いまりちゃん / さくらこはダムです / メル子大先生 / 明日香大明神 / 甲羅暮らしの201号,partial-skill-support
1,428,em-8c8bd83ed246,夜王・超人ひきやマン,20,2656,2495,3,attack_buff,-0.1458,-0.2222,0.5903,0.7361,夜王・超人ひきやマン / さくらこはダムです / ポディアさま / クレリゴス子様 / ガハラさん,電波姫☆いまりちゃん / さくらこはダムです / メル子大先生 / 明日香大明神 / 甲羅暮らしの201号,complete
1,429,em-942c8f8de44d,エンゼルちゃん,22,1772,2590,3,heal,-0.1458,-0.2222,0.5903,0.7361,エンゼルちゃん / さくらこはダムです / ポディアさま / クレリゴス子様 / ガハラさん,電波姫☆いまりちゃん / さくらこはダムです / メル子大先生 / 明日香大明神 / 甲羅暮らしの201号,complete
1,430,em-68afa2dec462,みどりのたけしマン,23,2592,2432,3,damage_reduction,-0.1458,-0.2222,0.5903,0.7361,みどりのたけしマン / さくらこはダムです / ポディアさま / クレリゴス子様 / ガハラさん,電波姫☆いまりちゃん / さくらこはダムです / メル子大先生 / 明日香大明神 / 甲羅暮らしの201号,complete
1,431,em-1ee791ea027b,絶許！からっ風太郎,24,2598,2592,2,attack_buff,-0.1458,-0.2222,0.5903,0.7361,絶許！からっ風太郎 / さくらこはダムです / ポディアさま / クレリゴス子様 / ガハラさん,電波姫☆いまりちゃん / さくらこはダムです / メル子大先生 / 明日香大明神 / 甲羅暮らしの201号,complete
1,432,em-4dc27428f645,よりりんＫ林スタイル,24,2576,2576,2,attribute_change,-0.1458,-0.2222,0.5903,0.7361,よりりんＫ林スタイル / さくらこはダムです / ポディアさま / クレリゴス子様 / ガハラさん,電波姫☆いまりちゃん / さくらこはダムです / メル子大先生 / 明日香大明神 / 甲羅暮らしの201号,complete
1,433,em-e62b9e33c2aa,たけしマンＺ,24,2576,2415,3,damage_reduction,-0.1458,-0.2222,0.5903,0.7361,たけしマンＺ / さくらこはダムです / ポディアさま / クレリゴス子様 / ガハラさん,電波姫☆いまりちゃん / さくらこはダムです / メル子大先生 / 明日香大明神 / 甲羅暮らしの201号,complete
1,434,em-9b91966bad2f,顕花植物王熊ぐっすん,9,622,1781,2,attack_buff,-0.1458,-0.2222,0.5903,0.7361,顕花植物王熊ぐっすん / ペーチパイセン / ポディアさま / クレリゴス子様 / リスマニア,電波姫☆いまりちゃん / さくらこはダムです / メル子大先生 / 明日香大明神 / 甲羅暮らしの201号,complete
1,435,em-b193a8ecb394,どんぶりBros.,15,1963,1812,0,heal,-0.1458,-0.2222,0.5903,0.7361,どんぶりBros. / さくらこはダムです / ポディアさま / クレリゴス子様 / かんと師匠,電波姫☆いまりちゃん / さくらこはダムです / メル子大先生 / 明日香大明神 / 甲羅暮らしの201号,complete
1,436,em-0e72749fac67,たこ焼きーナ師匠,8,561,2446,4,attack_buff,-0.1458,-0.2222,0.5903,0.7361,たこ焼きーナ師匠 / ペーチパイセン / ポディアさま / クレリゴス子様 / リスマニア,電波姫☆いまりちゃん / さくらこはダムです / メル子大先生 / 明日香大明神 / 甲羅暮らしの201号,complete
1,437,em-371b0bc06848,やっとの神,50,2933,2919,3,multi_hit_attack,-0.1528,-0.2228,0.5833,0.7361,やっとの神 / ペーチパイセン / メル子大先生 / 明日香大明神 / ロータス先輩,電波姫☆いまりちゃん / さくらこはダムです / メル子大先生 / 明日香大明神 / 甲羅暮らしの201号,complete
1,438,em-d09d2f80d34e,トマティーナ少佐,16,3748,2130,2,multi_hit_attack,-0.1528,-0.2228,0.5833,0.7361,トマティーナ少佐 / さくらこはダムです / ポディアさま / クレリゴス子様 / かんと師匠,電波姫☆いまりちゃん / さくらこはダムです / メル子大先生 / 明日香大明神 / 甲羅暮らしの201号,complete
1,439,em-dade81e05fdb,紫式部@物語執筆中,25,1771,3220,0,damage_reduction,-0.1528,-0.2228,0.5833,0.7361,紫式部@物語執筆中 / ペーチパイセン / ポディアさま / クレリゴス子様 / ガハラさん,電波姫☆いまりちゃん / さくらこはダムです / メル子大先生 / 明日香大明神 / 甲羅暮らしの201号,complete
1,440,em-eae2cf594e90,オオカマキリ,32,2215,5521,0,attack_buff,-0.1528,-0.2228,0.5833,0.7361,オオカマキリ / 一葉ちゃんは作家さん / すわ子isGOD！ / 明日香大明神 / ロータス先輩,電波姫☆いまりちゃん / さくらこはダムです / メル子大先生 / 明日香大明神 / 甲羅暮らしの201号,complete
1,441,em-afeba50fe5b8,ジャイアンツ★こずえ,14,3102,705,2,attack_buff,-0.1528,-0.2228,0.5833,0.7361,ジャイアンツ★こずえ / ペーチパイセン / ポディアさま / クレリゴス子様 / 頑張るハクさん,電波姫☆いまりちゃん / さくらこはダムです / メル子大先生 / 明日香大明神 / 甲羅暮らしの201号,complete
1,442,em-6774cdad21d9,上京！世界師匠,32,1704,4260,3,multi_hit_attack,-0.1528,-0.2228,0.5833,0.7361,上京！世界師匠 / 一葉ちゃんは作家さん / すわ子isGOD！ / 明日香大明神 / ロータス先輩,電波姫☆いまりちゃん / さくらこはダムです / メル子大先生 / 明日香大明神 / 甲羅暮らしの201号,complete
1,443,em-14bbe92902df,ネムりん,11,2726,1633,5,attack_buff,-0.1597,-0.2228,0.5764,0.7361,ネムりん / さくらこはダムです / ポディアさま / クレリゴス子様 / 頑張るハクさん,電波姫☆いまりちゃん / さくらこはダムです / メル子大先生 / 明日香大明神 / 甲羅暮らしの201号,complete
1,444,em-e394b3795363,伝説の少女キャンディ,50,5507,5507,7,skill_reduction,-0.1597,-0.2241,0.5764,0.7361,伝説の少女キャンディ / ペーチパイセン / メル子大先生 / 明日香大明神 / ロータス先輩,電波姫☆いまりちゃん / さくらこはダムです / メル子大先生 / 明日香大明神 / 甲羅暮らしの201号,partial-skill-support
1,445,em-842f3d28d20e,のり男師匠,8,1285,1118,2,attribute_guard,-0.1597,-0.2241,0.5764,0.7361,のり男師匠 / 一葉ちゃんは作家さん / ポディアさま / クレリゴス子様 / まつやマン,電波姫☆いまりちゃん / さくらこはダムです / メル子大先生 / 明日香大明神 / 甲羅暮らしの201号,complete
1,446,em-5f311c45014a,パーントゥ大先生,37,2409,4819,3,attack_buff,-0.1458,-0.2243,0.5903,0.7361,パーントゥ大先生 / 一葉ちゃんは作家さん / メル子大先生 / 明日香大明神 / ロータス先輩,電波姫☆いまりちゃん / さくらこはダムです / メル子大先生 / 明日香大明神 / 甲羅暮らしの201号,complete
1,447,em-22a0a2dd6cac,啓示のエルフ,18,2759,2615,4,attack_buff,-0.1458,-0.2243,0.5903,0.7361,啓示のエルフ / ペーチパイセン / ポディアさま / クレリゴス子様 / かんと師匠,電波姫☆いまりちゃん / さくらこはダムです / メル子大先生 / 明日香大明神 / 甲羅暮らしの201号,complete
1,448,em-1a3ab3b1acf7,聖☆いんてぃないか,19,2817,2334,4,aoe_attack,-0.1458,-0.2243,0.5903,0.7361,聖☆いんてぃないか / ペーチパイセン / ポディアさま / クレリゴス子様 / かんと師匠,電波姫☆いまりちゃん / さくらこはダムです / メル子大先生 / 明日香大明神 / 甲羅暮らしの201号,complete
1,449,em-48f48620a722,ひきやまん,8,618,617,3,attack_buff,-0.1458,-0.2243,0.5903,0.7361,ひきやまん / ペーチパイセン / ポディアさま / クレリゴス子様 / リスマニア,電波姫☆いまりちゃん / さくらこはダムです / メル子大先生 / 明日香大明神 / 甲羅暮らしの201号,complete
1,450,em-4d5398085b0f,うすきまさん,8,640,580,1,attribute_change,-0.1458,-0.2243,0.5903,0.7361,うすきまさん / ペーチパイセン / ポディアさま / クレリゴス子様 / リスマニア,電波姫☆いまりちゃん / さくらこはダムです / メル子大先生 / 明日香大明神 / 甲羅暮らしの201号,complete
1,451,em-54b091af3505,いまりちゃん,8,605,615,3,attribute_change,-0.1458,-0.2243,0.5903,0.7361,いまりちゃん / ペーチパイセン / ポディアさま / クレリゴス子様 / リスマニア,電波姫☆いまりちゃん / さくらこはダムです / メル子大先生 / 明日香大明神 / 甲羅暮らしの201号,complete
1,452,em-afb87379337d,地味に変な大仏,8,600,600,3,attack_buff,-0.1458,-0.2243,0.5903,0.7361,地味に変な大仏 / ペーチパイセン / ポディアさま / クレリゴス子様 / リスマニア,電波姫☆いまりちゃん / さくらこはダムです / メル子大先生 / 明日香大明神 / 甲羅暮らしの201号,complete
1,453,em-e175742da17f,恐怖！蟹男,9,700,600,2,guard,-0.1458,-0.2243,0.5903,0.7361,恐怖！蟹男 / ペーチパイセン / ポディアさま / クレリゴス子様 / リスマニア,電波姫☆いまりちゃん / さくらこはダムです / メル子大先生 / 明日香大明神 / 甲羅暮らしの201号,complete
1,454,em-902df874fa74,でらマジカ,6,650,700,3,attribute_guard,-0.1389,-0.225,0.5972,0.7361,でらマジカ / さくらこはダムです / ポディアさま / クレリゴス子様 / リスマニア,電波姫☆いまりちゃん / さくらこはダムです / メル子大先生 / 明日香大明神 / 甲羅暮らしの201号,complete
1,455,em-b54c325797a5,フク先生,6,600,700,3,attribute_change,-0.1389,-0.225,0.5972,0.7361,フク先生 / さくらこはダムです / ポディアさま / クレリゴス子様 / リスマニア,電波姫☆いまりちゃん / さくらこはダムです / メル子大先生 / 明日香大明神 / 甲羅暮らしの201号,complete
1,456,em-ec43e91715ed,大谷雪之ちゃん,13,3171,604,2,damage_reduction,-0.1528,-0.2251,0.5833,0.7361,大谷雪之ちゃん / 一葉ちゃんは作家さん / ポディアさま / クレリゴス子様 / ガハラさん,電波姫☆いまりちゃん / さくらこはダムです / メル子大先生 / 明日香大明神 / 甲羅暮らしの201号,complete
1,457,em-4e77469f1fc4,綺麗な金平さん,42,5112,4260,1,attribute_change,-0.1528,-0.2251,0.5833,0.7361,綺麗な金平さん / ペーチパイセン / すわ子isGOD！ / 明日香大明神 / ロータス先輩,電波姫☆いまりちゃん / さくらこはダムです / メル子大先生 / 明日香大明神 / 甲羅暮らしの201号,complete
1,458,em-7e81ebc98ef9,稼働！K-MEN,57,6475,3067,1,guard,-0.1528,-0.2251,0.5833,0.7361,稼働！K-MEN / ペーチパイセン / 時のプラズマ / おあげさん / 頑張るハクさん,電波姫☆いまりちゃん / さくらこはダムです / メル子大先生 / 明日香大明神 / 甲羅暮らしの201号,complete
1,459,em-9a400a6535d5,ｸﾗﾌﾄｼﾞﾝｼﾞｬｰの妖精,44,5054,5006,4,skill_reduction,-0.1667,-0.226,0.5694,0.7361,ｸﾗﾌﾄｼﾞﾝｼﾞｬｰの妖精 / ペーチパイセン / すわ子isGOD！ / 明日香大明神 / ロータス先輩,電波姫☆いまりちゃん / さくらこはダムです / メル子大先生 / 明日香大明神 / 甲羅暮らしの201号,partial-skill-support
1,460,em-29b72e94168d,ｽﾎﾟｯって言うとｲﾅﾌ君,42,2726,2726,1,attack_buff,-0.1667,-0.226,0.5694,0.7361,ｽﾎﾟｯって言うとｲﾅﾌ君 / さくらこはダムです / すわ子isGOD！ / 明日香大明神 / ロータス先輩,電波姫☆いまりちゃん / さくらこはダムです / メル子大先生 / 明日香大明神 / 甲羅暮らしの201号,complete
1,461,em-78aa7cb67068,夜鳥の会会長,46,3408,4260,3,attribute_change,-0.1736,-0.2261,0.5625,0.7361,夜鳥の会会長 / さくらこはダムです / すわ子isGOD！ / 明日香大明神 / ロータス先輩,電波姫☆いまりちゃん / さくらこはダムです / メル子大先生 / 明日香大明神 / 甲羅暮らしの201号,complete
1,462,em-8bc827a54303,勝斧・カンムーリ,15,2896,1704,1,attack_buff,-0.1528,-0.2262,0.5833,0.7361,勝斧・カンムーリ / さくらこはダムです / ポディアさま / クレリゴス子様 / 頑張るハクさん,電波姫☆いまりちゃん / さくらこはダムです / メル子大先生 / 明日香大明神 / 甲羅暮らしの201号,complete
1,463,em-690b5b221287,メルクさん,17,2114,1812,2,aoe_attack,-0.1528,-0.2262,0.5833,0.7361,メルクさん / ペーチパイセン / ポディアさま / クレリゴス子様 / 頑張るハクさん,電波姫☆いまりちゃん / さくらこはダムです / メル子大先生 / 明日香大明神 / 甲羅暮らしの201号,complete
1,464,em-2c1766a1d358,でら・ロカ嬢,7,1621,1406,6,damage_reduction,-0.1528,-0.2262,0.5833,0.7361,でら・ロカ嬢 / さくらこはダムです / ポディアさま / クレリゴス子様 / リスマニア,電波姫☆いまりちゃん / さくらこはダムです / メル子大先生 / 明日香大明神 / 甲羅暮らしの201号,complete
1,465,em-13fd4fd7ab5c,きりこさん,12,1100,1100,3,attribute_change,-0.1528,-0.2262,0.5833,0.7361,きりこさん / 一葉ちゃんは作家さん / ポディアさま / クレリゴス子様 / ガハラさん,電波姫☆いまりちゃん / さくらこはダムです / メル子大先生 / 明日香大明神 / 甲羅暮らしの201号,complete
1,466,em-7a8f08b97855,カルボ姉（ねえ）,18,3792,2556,1,multi_hit_attack,-0.1458,-0.2263,0.5903,0.7361,カルボ姉（ねえ） / ペーチパイセン / ポディアさま / クレリゴス子様 / かんと師匠,電波姫☆いまりちゃん / さくらこはダムです / メル子大先生 / 明日香大明神 / 甲羅暮らしの201号,complete
1,467,em-4352c1e3cc20,恋する☆にいがタン,19,4508,1610,3,attribute_guard,-0.1458,-0.2263,0.5903,0.7361,恋する☆にいがタン / ペーチパイセン / ポディアさま / クレリゴス子様 / かんと師匠,電波姫☆いまりちゃん / さくらこはダムです / メル子大先生 / 明日香大明神 / 甲羅暮らしの201号,complete
1,468,em-27802083d7f5,チュニスさん,50,5964,3919,4,skill_reduction,-0.1597,-0.2265,0.5764,0.7361,チュニスさん / ペーチパイセン / メル子大先生 / 明日香大明神 / ロータス先輩,電波姫☆いまりちゃん / さくらこはダムです / メル子大先生 / 明日香大明神 / 甲羅暮らしの201号,partial-skill-support
1,469,em-474d7b7d3bbe,イチャン～(から),26,3606,2850,2,aoe_attack,-0.1597,-0.2265,0.5764,0.7361,イチャン～(から) / ペーチパイセン / ポディアさま / クレリゴス子様 / ガハラさん,電波姫☆いまりちゃん / さくらこはダムです / メル子大先生 / 明日香大明神 / 甲羅暮らしの201号,complete
1,470,em-e7f75bf37d9f,あっついさん,40,6134,2726,0,heal,-0.1458,-0.2273,0.5903,0.7361,あっついさん / ペーチパイセン / ポディアさま / 電波姫☆いまりちゃん / ガハラさん,電波姫☆いまりちゃん / さくらこはダムです / メル子大先生 / 明日香大明神 / 甲羅暮らしの201号,complete
1,471,em-f4b4f3bc039f,棋聖！角成馬之助,5,500,900,3,attribute_change,-0.1458,-0.2273,0.5903,0.7361,棋聖！角成馬之助 / さくらこはダムです / ポディアさま / クレリゴス子様 / リスマニア,電波姫☆いまりちゃん / さくらこはダムです / メル子大先生 / 明日香大明神 / 甲羅暮らしの201号,complete
1,472,em-fbb333645878,戸隠ちび大助,14,226,2193,2,attack_buff,-0.1458,-0.2273,0.5903,0.7361,戸隠ちび大助 / さくらこはダムです / ポディアさま / クレリゴス子様 / かんと師匠,電波姫☆いまりちゃん / さくらこはダムです / メル子大先生 / 明日香大明神 / 甲羅暮らしの201号,complete
1,473,em-62cea78f14d3,ガラッパ,18,2078,3067,2,skill_reduction,-0.1528,-0.2273,0.5833,0.7361,ガラッパ / ペーチパイセン / ポディアさま / クレリゴス子様 / かんと師匠,電波姫☆いまりちゃん / さくらこはダムです / メル子大先生 / 明日香大明神 / 甲羅暮らしの201号,partial-skill-support
1,474,em-6cd60ff1e38a,ひきやまんさん,12,815,817,3,attack_buff,-0.1528,-0.2273,0.5833,0.7361,ひきやまんさん / 一葉ちゃんは作家さん / ポディアさま / クレリゴス子様 / ガハラさん,電波姫☆いまりちゃん / さくらこはダムです / メル子大先生 / 明日香大明神 / 甲羅暮らしの201号,complete
1,475,em-3699794fb820,新・からっ風太郎,13,815,815,3,attack_buff,-0.1528,-0.2273,0.5833,0.7361,新・からっ風太郎 / 一葉ちゃんは作家さん / ポディアさま / クレリゴス子様 / ガハラさん,電波姫☆いまりちゃん / さくらこはダムです / メル子大先生 / 明日香大明神 / 甲羅暮らしの201号,complete
1,476,em-00cb73b242d5,ヴィッセル君,39,5112,2556,3,aoe_attack,-0.1667,-0.2274,0.5694,0.7361,ヴィッセル君 / キルワくん / すわ子isGOD！ / 明日香大明神 / ロータス先輩,電波姫☆いまりちゃん / さくらこはダムです / メル子大先生 / 明日香大明神 / 甲羅暮らしの201号,complete
1,477,em-e51e56c23fa1,上級国民ロヴィーサ,44,2832,2984,4,attribute_guard,-0.1667,-0.2274,0.5694,0.7361,上級国民ロヴィーサ / さくらこはダムです / すわ子isGOD！ / 明日香大明神 / ロータス先輩,電波姫☆いまりちゃん / さくらこはダムです / メル子大先生 / 明日香大明神 / 甲羅暮らしの201号,complete
1,478,em-4c7896c435d3,宮司の尊氏公,48,2556,3036,3,attack_buff,-0.1597,-0.2277,0.5764,0.7361,宮司の尊氏公 / ペーチパイセン / メル子大先生 / 明日香大明神 / ロータス先輩,電波姫☆いまりちゃん / さくらこはダムです / メル子大先生 / 明日香大明神 / 甲羅暮らしの201号,complete
1,479,em-089a6280b9d6,御嶽さん,32,5112,3067,4,aoe_attack,-0.1597,-0.2277,0.5764,0.7361,御嶽さん / 一葉ちゃんは作家さん / すわ子isGOD！ / 明日香大明神 / ロータス先輩,電波姫☆いまりちゃん / さくらこはダムです / メル子大先生 / 明日香大明神 / 甲羅暮らしの201号,complete
1,480,em-8de6e4494a60,称えよ☆メジェド様！,25,2415,2415,2,guard,-0.1597,-0.2277,0.5764,0.7361,称えよ☆メジェド様！ / ペーチパイセン / ポディアさま / クレリゴス子様 / ガハラさん,電波姫☆いまりちゃん / さくらこはダムです / メル子大先生 / 明日香大明神 / 甲羅暮らしの201号,complete
1,481,em-a9c80ff796c8,らんちぇん弐,37,1533,5367,5,attribute_guard,-0.1528,-0.2283,0.5833,0.7361,らんちぇん弐 / 一葉ちゃんは作家さん / メル子大先生 / 明日香大明神 / ロータス先輩,電波姫☆いまりちゃん / さくらこはダムです / メル子大先生 / 明日香大明神 / 甲羅暮らしの201号,complete
1,482,em-080293573ea5,ダヴィアさん,19,2567,1914,2,attack_buff,-0.1528,-0.2283,0.5833,0.7361,ダヴィアさん / ペーチパイセン / ポディアさま / クレリゴス子様 / かんと師匠,電波姫☆いまりちゃん / さくらこはダムです / メル子大先生 / 明日香大明神 / 甲羅暮らしの201号,complete
1,483,em-76e8610f4ab5,ラリベラ大先輩,22,2265,2265,3,damage_reduction,-0.1528,-0.2283,0.5833,0.7361,ラリベラ大先輩 / さくらこはダムです / ポディアさま / クレリゴス子様 / ガハラさん,電波姫☆いまりちゃん / さくらこはダムです / メル子大先生 / 明日香大明神 / 甲羅暮らしの201号,complete
1,484,em-8060e6a7ab61,戸隠ちび丸,4,150,700,3,attack_buff,-0.1528,-0.2283,0.5833,0.7361,戸隠ちび丸 / 一葉ちゃんは作家さん / ポディアさま / クレリゴス子様 / 頑張るハクさん,電波姫☆いまりちゃん / さくらこはダムです / メル子大先生 / 明日香大明神 / 甲羅暮らしの201号,complete
1,485,em-845e49247e45,ウサポワン海人,20,1533,2607,3,guard,-0.1528,-0.2283,0.5833,0.7361,ウサポワン海人 / さくらこはダムです / ポディアさま / クレリゴス子様 / ガハラさん,電波姫☆いまりちゃん / さくらこはダムです / メル子大先生 / 明日香大明神 / 甲羅暮らしの201号,complete
1,486,em-db5f6b243818,頑張るハクさん,12,1000,1200,4,attack_buff,-0.1597,-0.2289,0.5764,0.7361,頑張るハクさん / 一葉ちゃんは作家さん / ポディアさま / クレリゴス子様 / ガハラさん,電波姫☆いまりちゃん / さくらこはダムです / メル子大先生 / 明日香大明神 / 甲羅暮らしの201号,complete
1,487,em-8c8530042873,玉藻先生,13,1128,1198,4,attribute_guard,-0.1597,-0.2289,0.5764,0.7361,玉藻先生 / 一葉ちゃんは作家さん / ポディアさま / クレリゴス子様 / ガハラさん,電波姫☆いまりちゃん / さくらこはダムです / メル子大先生 / 明日香大明神 / 甲羅暮らしの201号,complete
1,488,em-b715ad2ad387,ウサピョイ鏡花さん,19,3016,1780,3,delay,-0.1528,-0.2294,0.5833,0.7361,ウサピョイ鏡花さん / ペーチパイセン / ポディアさま / クレリゴス子様 / かんと師匠,電波姫☆いまりちゃん / さくらこはダムです / メル子大先生 / 明日香大明神 / 甲羅暮らしの201号,partial-skill-support
1,489,em-03d0f3c501c2,きりこくん,8,900,900,4,attribute_change,-0.1528,-0.2294,0.5833,0.7361,きりこくん / ペーチパイセン / ポディアさま / クレリゴス子様 / リスマニア,電波姫☆いまりちゃん / さくらこはダムです / メル子大先生 / 明日香大明神 / 甲羅暮らしの201号,complete
1,490,em-ec52e54bb473,ﾀｰｷｰﾃﾞ-なじとっこ君,10,706,2403,4,attack_buff,-0.1528,-0.2294,0.5833,0.7361,ﾀｰｷｰﾃﾞ-なじとっこ君 / ペーチパイセン / ポディアさま / クレリゴス子様 / リスマニア,電波姫☆いまりちゃん / さくらこはダムです / メル子大先生 / 明日香大明神 / 甲羅暮らしの201号,complete
1,491,em-52f6158a170b,まろやかマロカ先輩,55,7668,3919,0,attack_buff,-0.1597,-0.23,0.5764,0.7361,まろやかマロカ先輩 / ペーチパイセン / すわ子isGOD！ / 明日香大明神 / zuス様とsiラ様,電波姫☆いまりちゃん / さくらこはダムです / メル子大先生 / 明日香大明神 / 甲羅暮らしの201号,complete
1,492,em-d368809aa822,ﾜﾙﾌﾟﾙｷﾞｽなメル子様,39,6560,3152,3,attribute_guard,-0.1528,-0.2304,0.5833,0.7361,ﾜﾙﾌﾟﾙｷﾞｽなメル子様 / ペーチパイセン / すわ子isGOD！ / ウサポワンちゃん / 頑張るハクさん,電波姫☆いまりちゃん / さくらこはダムです / メル子大先生 / 明日香大明神 / 甲羅暮らしの201号,complete
1,493,em-fcf6ec919e80,ｱﾙﾊﾟ力のお兄(父)さん,10,763,2205,3,heal,-0.1528,-0.2304,0.5833,0.7361,ｱﾙﾊﾟ力のお兄(父)さん / さくらこはダムです / ポディアさま / クレリゴス子様 / 頑張るハクさん,電波姫☆いまりちゃん / さくらこはダムです / メル子大先生 / 明日香大明神 / 甲羅暮らしの201号,complete
1,494,em-2544eb31d996,伝説のぼこたそ,8,1187,1215,3,delay,-0.1528,-0.2304,0.5833,0.7361,伝説のぼこたそ / ペーチパイセン / ポディアさま / クレリゴス子様 / リスマニア,電波姫☆いまりちゃん / さくらこはダムです / メル子大先生 / 明日香大明神 / 甲羅暮らしの201号,partial-skill-support
1,495,em-476b83962051,薫風団扇にお夏ちゃん,9,1198,1204,2,heal,-0.1528,-0.2304,0.5833,0.7361,薫風団扇にお夏ちゃん / ペーチパイセン / ポディアさま / クレリゴス子様 / リスマニア,電波姫☆いまりちゃん / さくらこはダムです / メル子大先生 / 明日香大明神 / 甲羅暮らしの201号,complete
1,496,em-39de42aa1107,今宵のさだわん,10,1209,1195,3,damage_reduction,-0.1528,-0.2304,0.5833,0.7361,今宵のさだわん / ペーチパイセン / ポディアさま / クレリゴス子様 / リスマニア,電波姫☆いまりちゃん / さくらこはダムです / メル子大先生 / 明日香大明神 / 甲羅暮らしの201号,complete
1,497,em-a797434bdcf3,カステーラ先生,10,1258,1145,3,heal,-0.1528,-0.2304,0.5833,0.7361,カステーラ先生 / ペーチパイセン / ポディアさま / クレリゴス子様 / リスマニア,電波姫☆いまりちゃん / さくらこはダムです / メル子大先生 / 明日香大明神 / 甲羅暮らしの201号,complete
1,498,em-a93e62a47cbd,ホレズ先生,25,3494,3043,6,revive,-0.1597,-0.2311,0.5764,0.7361,ホレズ先生 / ペーチパイセン / ポディアさま / クレリゴス子様 / ガハラさん,電波姫☆いまりちゃん / さくらこはダムです / メル子大先生 / 明日香大明神 / 甲羅暮らしの201号,complete
1,499,em-fc61ebfabf67,(Ｕ^ω^)亭馬琴,20,2576,644,0,guard,-0.1597,-0.2311,0.5764,0.7361,(Ｕ^ω^)亭馬琴 / ペーチパイセン / ポディアさま / クレリゴス子様 / zuス様とsiラ様,電波姫☆いまりちゃん / さくらこはダムです / メル子大先生 / 明日香大明神 / 甲羅暮らしの201号,complete
1,500,em-3de6064f1850,?????,49,5623,4771,0,guard,-0.1597,-0.2311,0.5764,0.7361,????? / ペーチパイセン / メル子大先生 / 明日香大明神 / ロータス先輩,電波姫☆いまりちゃん / さくらこはダムです / メル子大先生 / 明日香大明神 / 甲羅暮らしの201号,complete
1,501,em-ccfeb40e6439,更にThe★Youなリバ子,50,1509,5770,0,heal,-0.1597,-0.2311,0.5764,0.7361,更にThe★Youなリバ子 / ペーチパイセン / メル子大先生 / 明日香大明神 / ロータス先輩,電波姫☆いまりちゃん / さくらこはダムです / メル子大先生 / 明日香大明神 / 甲羅暮らしの201号,complete
1,502,em-241f8506970c,一葉ちゃんは作家さん,23,3220,1250,1,multi_hit_attack,-0.1597,-0.2311,0.5764,0.7361,一葉ちゃんは作家さん / ペーチパイセン / ポディアさま / クレリゴス子様 / まつやマン,電波姫☆いまりちゃん / さくらこはダムです / メル子大先生 / 明日香大明神 / 甲羅暮らしの201号,complete
1,503,em-23638c0715eb,ばけごろう,30,1757,5743,1,attribute_change,-0.1597,-0.2311,0.5764,0.7361,ばけごろう / 一葉ちゃんは作家さん / すわ子isGOD！ / 明日香大明神 / ロータス先輩,電波姫☆いまりちゃん / さくらこはダムです / メル子大先生 / 明日香大明神 / 甲羅暮らしの201号,complete
1,504,em-7b1e3e0a5bfe,花びらの精霊,15,2309,2480,5,aoe_attack,-0.1597,-0.2311,0.5764,0.7361,花びらの精霊 / さくらこはダムです / ポディアさま / クレリゴス子様 / 頑張るハクさん,電波姫☆いまりちゃん / さくらこはダムです / メル子大先生 / 明日香大明神 / 甲羅暮らしの201号,complete
1,505,em-f5c067498bab,深窓のやまなしーヌ,17,1661,1812,3,skill_reduction,-0.1597,-0.2311,0.5764,0.7361,深窓のやまなしーヌ / さくらこはダムです / ポディアさま / クレリゴス子様 / zuス様とsiラ様,電波姫☆いまりちゃん / さくらこはダムです / メル子大先生 / 明日香大明神 / 甲羅暮らしの201号,partial-skill-support
1,506,em-4b4011b90d8c,ロータス先輩,16,1932,1932,6,damage_reduction,-0.1667,-0.2312,0.5694,0.7361,ロータス先輩 / さくらこはダムです / ポディアさま / クレリゴス子様 / かんと師匠,電波姫☆いまりちゃん / さくらこはダムです / メル子大先生 / 明日香大明神 / 甲羅暮らしの201号,complete
1,507,em-94f677409ee2,月甲のルナタスピス,75,10224,4543,3,guard,-0.1528,-0.2315,0.5833,0.7361,月甲のルナタスピス / ペーチパイセン / フク先生 / おあげさん / ガハラさん,電波姫☆いまりちゃん / さくらこはダムです / メル子大先生 / 明日香大明神 / 甲羅暮らしの201号,complete
1,508,em-ca4955abcfb2,水の供犠ぴよ子,4,120,120,0,none,-0.1528,-0.2315,0.5833,0.7361,水の供犠ぴよ子 / 一葉ちゃんは作家さん / ポディアさま / クレリゴス子様 / 頑張るハクさん,電波姫☆いまりちゃん / さくらこはダムです / メル子大先生 / 明日香大明神 / 甲羅暮らしの201号,complete
1,509,em-09c253fd0a61,オリバーTHEドッグ,5,200,500,3,attack_buff,-0.1458,-0.2321,0.5903,0.7361,オリバーTHEドッグ / さくらこはダムです / ポディアさま / クレリゴス子様 / リスマニア,電波姫☆いまりちゃん / さくらこはダムです / メル子大先生 / 明日香大明神 / 甲羅暮らしの201号,complete
1,510,em-0c0cdd439d51,熊ぐっすん,5,280,500,2,attack_buff,-0.1458,-0.2321,0.5903,0.7361,熊ぐっすん / さくらこはダムです / ポディアさま / クレリゴス子様 / リスマニア,電波姫☆いまりちゃん / さくらこはダムです / メル子大先生 / 明日香大明神 / 甲羅暮らしの201号,complete
1,511,em-1566d5e1d937,怪奇！蟹男,6,600,500,2,guard,-0.1458,-0.2321,0.5903,0.7361,怪奇！蟹男 / さくらこはダムです / ポディアさま / クレリゴス子様 / リスマニア,電波姫☆いまりちゃん / さくらこはダムです / メル子大先生 / 明日香大明神 / 甲羅暮らしの201号,complete
1,512,em-24c2d1e7a74d,悦子ちゃん,6,650,700,4,revive,-0.1458,-0.2321,0.5903,0.7361,悦子ちゃん / さくらこはダムです / ポディアさま / クレリゴス子様 / リスマニア,電波姫☆いまりちゃん / さくらこはダムです / メル子大先生 / 明日香大明神 / 甲羅暮らしの201号,complete
1,513,em-26f9269c5702,カナちゃん,6,600,600,2,heal,-0.1458,-0.2321,0.5903,0.7361,カナちゃん / さくらこはダムです / ポディアさま / クレリゴス子様 / リスマニア,電波姫☆いまりちゃん / さくらこはダムです / メル子大先生 / 明日香大明神 / 甲羅暮らしの201号,complete
1,514,em-424b8d57896a,エンジェル道子,6,600,700,4,attack_buff,-0.1458,-0.2321,0.5903,0.7361,エンジェル道子 / さくらこはダムです / ポディアさま / クレリゴス子様 / リスマニア,電波姫☆いまりちゃん / さくらこはダムです / メル子大先生 / 明日香大明神 / 甲羅暮らしの201号,complete
1,515,em-5c2be564e46b,粘菌博士熊ぐっすん,7,380,600,2,attack_buff,-0.1458,-0.2321,0.5903,0.7361,粘菌博士熊ぐっすん / さくらこはダムです / ポディアさま / クレリゴス子様 / リスマニア,電波姫☆いまりちゃん / さくらこはダムです / メル子大先生 / 明日香大明神 / 甲羅暮らしの201号,complete
1,516,em-00c11732c5ef,伊予まつぴちゅーん,7,1762,634,4,skill_reduction,-0.1458,-0.2321,0.5903,0.7361,伊予まつぴちゅーん / さくらこはダムです / ポディアさま / クレリゴス子様 / リスマニア,電波姫☆いまりちゃん / さくらこはダムです / メル子大先生 / 明日香大明神 / 甲羅暮らしの201号,partial-skill-support
1,517,em-7fd9b48cee31,七夕星人☆たたるんるん,20,3220,1610,2,attack_buff,-0.1597,-0.2323,0.5764,0.7361,七夕星人☆たたるんるん / ペーチパイセン / ポディアさま / クレリゴス子様 / zuス様とsiラ様,電波姫☆いまりちゃん / さくらこはダムです / メル子大先生 / 明日香大明神 / 甲羅暮らしの201号,complete
1,518,em-46432847d531,ＢＥＷ雪玉,8,2538,705,3,attack_buff,-0.1597,-0.2323,0.5764,0.7361,ＢＥＷ雪玉 / ペーチパイセン / ポディアさま / クレリゴス子様 / リスマニア,電波姫☆いまりちゃん / さくらこはダムです / メル子大先生 / 明日香大明神 / 甲羅暮らしの201号,complete
1,519,em-fb18faf80584,妖鬼！蟹男,11,1100,700,2,guard,-0.1597,-0.2323,0.5764,0.7361,妖鬼！蟹男 / 一葉ちゃんは作家さん / ポディアさま / クレリゴス子様 / ガハラさん,電波姫☆いまりちゃん / さくらこはダムです / メル子大先生 / 明日香大明神 / 甲羅暮らしの201号,complete
1,520,em-d36183efe05b,アサシン,17,2093,3059,5,attack_buff,-0.1667,-0.2324,0.5694,0.7361,アサシン / さくらこはダムです / ポディアさま / クレリゴス子様 / zuス様とsiラ様,電波姫☆いまりちゃん / さくらこはダムです / メル子大先生 / 明日香大明神 / 甲羅暮らしの201号,complete
1,521,em-a44b56d26d84,聖夜の又マタドーるん,45,3919,4260,1,damage_reduction,-0.1667,-0.2324,0.5694,0.7361,聖夜の又マタドーるん / ペーチパイセン / すわ子isGOD！ / 明日香大明神 / ロータス先輩,電波姫☆いまりちゃん / さくらこはダムです / メル子大先生 / 明日香大明神 / 甲羅暮らしの201号,complete
1,522,em-14092b64f08d,コハク糖の魔導師,46,4379,5367,3,attribute_change,-0.1667,-0.2324,0.5694,0.7361,コハク糖の魔導師 / ペーチパイセン / すわ子isGOD！ / 明日香大明神 / ロータス先輩,電波姫☆いまりちゃん / さくらこはダムです / メル子大先生 / 明日香大明神 / 甲羅暮らしの201号,complete
1,523,em-24d2ab142253,アグスティンさん,12,2869,1359,5,multi_hit_attack,-0.1667,-0.2324,0.5694,0.7361,アグスティンさん / さくらこはダムです / ポディアさま / クレリゴス子様 / 頑張るハクさん,電波姫☆いまりちゃん / さくらこはダムです / メル子大先生 / 明日香大明神 / 甲羅暮らしの201号,complete
1,524,em-95a2dbeaf4ea,神使！ナモミさま,18,805,4025,2,attack_buff,-0.1528,-0.2325,0.5833,0.7361,神使！ナモミさま / ペーチパイセン / ポディアさま / クレリゴス子様 / かんと師匠,電波姫☆いまりちゃん / さくらこはダムです / メル子大先生 / 明日香大明神 / 甲羅暮らしの201号,complete
1,525,em-bd35a359234a,ジョーカーくん,18,805,3935,3,skill_reduction,-0.1528,-0.2325,0.5833,0.7361,ジョーカーくん / ペーチパイセン / ポディアさま / クレリゴス子様 / かんと師匠,電波姫☆いまりちゃん / さくらこはダムです / メル子大先生 / 明日香大明神 / 甲羅暮らしの201号,partial-skill-support
1,526,em-2da2762b8173,uっぴーちゃん,15,1210,1210,3,skill_reduction,-0.1528,-0.2325,0.5833,0.7361,uっぴーちゃん / さくらこはダムです / ポディアさま / クレリゴス子様 / かんと師匠,電波姫☆いまりちゃん / さくらこはダムです / メル子大先生 / 明日香大明神 / 甲羅暮らしの201号,partial-skill-support
1,527,em-f9894daec60a,ひきやまんさん先輩,16,1209,1267,3,attack_buff,-0.1528,-0.2325,0.5833,0.7361,ひきやまんさん先輩 / さくらこはダムです / ポディアさま / クレリゴス子様 / かんと師匠,電波姫☆いまりちゃん / さくらこはダムです / メル子大先生 / 明日香大明神 / 甲羅暮らしの201号,complete
1,528,em-4bbbb9984d5e,うすきま大師匠,17,3059,2093,1,attribute_change,-0.1597,-0.2333,0.5764,0.7361,うすきま大師匠 / さくらこはダムです / ポディアさま / クレリゴス子様 / zuス様とsiラ様,電波姫☆いまりちゃん / さくらこはダムです / メル子大先生 / 明日香大明神 / 甲羅暮らしの201号,complete
1,529,em-904dc3a6cb19,ɚすぃとLulu？,24,4260,2726,3,guard,-0.1597,-0.2333,0.5764,0.7361,ɚすぃとLulu？ / ペーチパイセン / ポディアさま / クレリゴス子様 / まつやマン,電波姫☆いまりちゃん / さくらこはダムです / メル子大先生 / 明日香大明神 / 甲羅暮らしの201号,complete
1,530,em-7b7bc6faa9ba,パティは実況勢,41,5623,3352,2,damage_reduction,-0.1597,-0.2333,0.5764,0.7361,パティは実況勢 / 一葉ちゃんは作家さん / すわ子isGOD！ / 明日香大明神 / zuス様とsiラ様,電波姫☆いまりちゃん / さくらこはダムです / メル子大先生 / 明日香大明神 / 甲羅暮らしの201号,complete
1,531,em-34cf8a0c175b,なるとびくんの海中遊泳,18,2684,613,1,attack_buff,-0.1597,-0.2333,0.5764,0.7361,なるとびくんの海中遊泳 / ペーチパイセン / ポディアさま / クレリゴス子様 / かんと師匠,電波姫☆いまりちゃん / さくらこはダムです / メル子大先生 / 明日香大明神 / 甲羅暮らしの201号,complete
1,532,em-e6f637d7bc03,なるとびくんの裏側,18,2385,545,1,attack_buff,-0.1597,-0.2333,0.5764,0.7361,なるとびくんの裏側 / ペーチパイセン / ポディアさま / クレリゴス子様 / かんと師匠,電波姫☆いまりちゃん / さくらこはダムです / メル子大先生 / 明日香大明神 / 甲羅暮らしの201号,complete
1,533,em-cb1a83a105ac,大仏の可能性が微レ存,11,707,707,3,attack_buff,-0.1597,-0.2333,0.5764,0.7361,大仏の可能性が微レ存 / 一葉ちゃんは作家さん / ポディアさま / クレリゴス子様 / ガハラさん,電波姫☆いまりちゃん / さくらこはダムです / メル子大先生 / 明日香大明神 / 甲羅暮らしの201号,complete
1,534,em-0c3e6f251b0b,いまりさん,12,795,805,2,attribute_change,-0.1597,-0.2333,0.5764,0.7361,いまりさん / 一葉ちゃんは作家さん / ポディアさま / クレリゴス子様 / ガハラさん,電波姫☆いまりちゃん / さくらこはダムです / メル子大先生 / 明日香大明神 / 甲羅暮らしの201号,complete
1,535,em-b4a2096551c5,金閣明日香,15,1201,1343,4,revive,-0.1528,-0.2335,0.5833,0.7361,金閣明日香 / さくらこはダムです / ポディアさま / クレリゴス子様 / かんと師匠,電波姫☆いまりちゃん / さくらこはダムです / メル子大先生 / 明日香大明神 / 甲羅暮らしの201号,complete
1,536,em-6c5a2955b199,ほぼネ甲ネイ・テウケ,26,3059,2737,2,attack_buff,-0.1667,-0.2337,0.5694,0.7361,ほぼネ甲ネイ・テウケ / ペーチパイセン / ポディアさま / クレリゴス子様 / ガハラさん,電波姫☆いまりちゃん / さくらこはダムです / メル子大先生 / 明日香大明神 / 甲羅暮らしの201号,complete
1,537,em-2f9e3ad50fc8,やまなしーヌの心,25,2415,2576,3,skill_reduction,-0.1667,-0.2337,0.5694,0.7361,やまなしーヌの心 / ペーチパイセン / ポディアさま / クレリゴス子様 / ガハラさん,電波姫☆いまりちゃん / さくらこはダムです / メル子大先生 / 明日香大明神 / 甲羅暮らしの201号,partial-skill-support
1,538,em-ecc88d69f40d,恋愛成就☆どうしん様,25,2649,2504,1,heal,-0.1667,-0.2337,0.5694,0.7361,恋愛成就☆どうしん様 / ペーチパイセン / ポディアさま / クレリゴス子様 / ガハラさん,電波姫☆いまりちゃん / さくらこはダムです / メル子大先生 / 明日香大明神 / 甲羅暮らしの201号,complete
1,539,em-d8af1ee7968e,ザ★女王の世界,42,1936,2006,3,attack_buff,-0.1667,-0.2337,0.5694,0.7361,ザ★女王の世界 / ペーチパイセン / すわ子isGOD！ / 明日香大明神 / ロータス先輩,電波姫☆いまりちゃん / さくらこはダムです / メル子大先生 / 明日香大明神 / 甲羅暮らしの201号,complete
1,540,em-a280c7496ca0,武門の誉れ玄き冬将軍,70,9375,2896,4,attack_buff,-0.1667,-0.2337,0.5694,0.7361,武門の誉れ玄き冬将軍 / ペーチパイセン / 華麗なびわ子たん / おあげさん / ガハラさん,電波姫☆いまりちゃん / さくらこはダムです / メル子大先生 / 明日香大明神 / 甲羅暮らしの201号,complete
1,541,em-86798e95c07f,ほたるん！卒業祭り,18,1132,2567,0,attribute_change,-0.1597,-0.2344,0.5764,0.7361,ほたるん！卒業祭り / ペーチパイセン / ポディアさま / クレリゴス子様 / かんと師匠,電波姫☆いまりちゃん / さくらこはダムです / メル子大先生 / 明日香大明神 / 甲羅暮らしの201号,complete
1,542,em-d0c26ab1312e,シガー☆直哉,22,3542,2125,1,attribute_change,-0.1597,-0.2344,0.5764,0.7361,シガー☆直哉 / ペーチパイセン / ポディアさま / クレリゴス子様 / まつやマン,電波姫☆いまりちゃん / さくらこはダムです / メル子大先生 / 明日香大明神 / 甲羅暮らしの201号,complete
1,543,em-301c11f4a1d7,ウサポワンちゃん,20,1363,2317,3,guard,-0.1597,-0.2344,0.5764,0.7361,ウサポワンちゃん / さくらこはダムです / ポディアさま / クレリゴス子様 / ガハラさん,電波姫☆いまりちゃん / さくらこはダムです / メル子大先生 / 明日香大明神 / 甲羅暮らしの201号,complete
1,544,em-c3ea022d7d2f,にゅーさん,12,500,1900,3,guard,-0.1597,-0.2344,0.5764,0.7361,にゅーさん / さくらこはダムです / ポディアさま / クレリゴス子様 / 頑張るハクさん,電波姫☆いまりちゃん / さくらこはダムです / メル子大先生 / 明日香大明神 / 甲羅暮らしの201号,complete
1,545,em-ed21bd124ab2,牛タソ☆行進曲,14,755,1812,2,guard,-0.1597,-0.2344,0.5764,0.7361,牛タソ☆行進曲 / さくらこはダムです / ポディアさま / クレリゴス子様 / 頑張るハクさん,電波姫☆いまりちゃん / さくらこはダムです / メル子大先生 / 明日香大明神 / 甲羅暮らしの201号,complete
1,546,em-0b273c3da2d3,ぴぐぺん＆びぐべん,12,700,900,2,attack_buff,-0.1597,-0.2344,0.5764,0.7361,ぴぐぺん＆びぐべん / 一葉ちゃんは作家さん / ポディアさま / クレリゴス子様 / ガハラさん,電波姫☆いまりちゃん / さくらこはダムです / メル子大先生 / 明日香大明神 / 甲羅暮らしの201号,complete
1,547,em-d6cc97b363eb,ユウレイイカさん,10,1363,1704,5,revive,-0.1736,-0.2345,0.5625,0.7361,ユウレイイカさん / キルワくん / ポディアさま / クレリゴス子様 / 頑張るハクさん,電波姫☆いまりちゃん / さくらこはダムです / メル子大先生 / 明日香大明神 / 甲羅暮らしの201号,complete
1,548,em-bff3cff5162a,トキシッくんｵｯｽｵｯｽ,9,2253,1267,3,revive,-0.1736,-0.2345,0.5625,0.7361,トキシッくんｵｯｽｵｯｽ / キルワくん / ポディアさま / クレリゴス子様 / 頑張るハクさん,電波姫☆いまりちゃん / さくらこはダムです / メル子大先生 / 明日香大明神 / 甲羅暮らしの201号,complete
1,549,em-535fe684b32f,新・フィッシャーマン,10,1286,1116,1,heal,-0.1736,-0.2345,0.5625,0.7361,新・フィッシャーマン / キルワくん / ポディアさま / クレリゴス子様 / 頑張るハクさん,電波姫☆いまりちゃん / さくらこはダムです / メル子大先生 / 明日香大明神 / 甲羅暮らしの201号,complete
1,550,em-280cb07103f9,あわわ子大師匠,18,2898,2898,3,attack_buff,-0.1597,-0.2355,0.5764,0.7361,あわわ子大師匠 / ペーチパイセン / ポディアさま / クレリゴス子様 / かんと師匠,電波姫☆いまりちゃん / さくらこはダムです / メル子大先生 / 明日香大明神 / 甲羅暮らしの201号,complete
1,551,em-d7aa913cd61c,チョーカーちゃん,18,805,3935,3,skill_reduction,-0.1597,-0.2355,0.5764,0.7361,チョーカーちゃん / ペーチパイセン / ポディアさま / クレリゴス子様 / かんと師匠,電波姫☆いまりちゃん / さくらこはダムです / メル子大先生 / 明日香大明神 / 甲羅暮らしの201号,partial-skill-support
1,552,em-1661134d99fb,魔女っ子ruruとlulu,19,2898,2898,3,attack_buff,-0.1597,-0.2355,0.5764,0.7361,魔女っ子ruruとlulu / ペーチパイセン / ポディアさま / クレリゴス子様 / かんと師匠,電波姫☆いまりちゃん / さくらこはダムです / メル子大先生 / 明日香大明神 / 甲羅暮らしの201号,complete
1,553,em-730d74a11539,らんちゃん,37,1363,4761,5,attribute_guard,-0.1597,-0.2355,0.5764,0.7361,らんちゃん / 一葉ちゃんは作家さん / メル子大先生 / 明日香大明神 / ロータス先輩,電波姫☆いまりちゃん / さくらこはダムです / メル子大先生 / 明日香大明神 / 甲羅暮らしの201号,complete
1,554,em-6ceef8f285a4,可愛馬！真純ちゃん,41,5964,4566,2,multi_hit_attack,-0.1597,-0.2355,0.5764,0.7361,可愛馬！真純ちゃん / 一葉ちゃんは作家さん / すわ子isGOD！ / 明日香大明神 / zuス様とsiラ様,電波姫☆いまりちゃん / さくらこはダムです / メル子大先生 / 明日香大明神 / 甲羅暮らしの201号,complete
1,555,em-41f8257ca22d,ふわふわさん,10,2839,1134,6,skill_reduction,-0.1597,-0.2355,0.5764,0.7361,ふわふわさん / ペーチパイセン / ポディアさま / クレリゴス子様 / リスマニア,電波姫☆いまりちゃん / さくらこはダムです / メル子大先生 / 明日香大明神 / 甲羅暮らしの201号,partial-skill-support
1,556,em-3600ec808f3f,日本海女中,15,1288,2898,0,attack_buff,-0.1597,-0.2355,0.5764,0.7361,日本海女中 / さくらこはダムです / ポディアさま / クレリゴス子様 / 頑張るハクさん,電波姫☆いまりちゃん / さくらこはダムです / メル子大先生 / 明日香大明神 / 甲羅暮らしの201号,complete
1,557,em-526aa019b59e,アリストソテツ,4,700,600,7,delay,-0.1667,-0.236,0.5694,0.7361,アリストソテツ / ペーチパイセン / 王国民ゴロウ / シーラちゃん / 夏の海の天の川伝説,電波姫☆いまりちゃん / さくらこはダムです / メル子大先生 / 明日香大明神 / 甲羅暮らしの201号,partial-skill-support
1,558,em-4089c86a52af,夢奈・マコ,15,2470,1363,6,attribute_guard,-0.1667,-0.236,0.5694,0.7361,夢奈・マコ / さくらこはダムです / ポディアさま / クレリゴス子様 / かんと師匠,電波姫☆いまりちゃん / さくらこはダムです / メル子大先生 / 明日香大明神 / 甲羅暮らしの201号,complete
1,559,em-a8f48fb9a527,タミちゃんの火祭り,15,1,2402,4,aoe_attack,-0.1597,-0.2365,0.5764,0.7361,タミちゃんの火祭り / さくらこはダムです / ポディアさま / クレリゴス子様 / 頑張るハクさん,電波姫☆いまりちゃん / さくらこはダムです / メル子大先生 / 明日香大明神 / 甲羅暮らしの201号,complete
1,560,em-2f3883a74098,jaック・ザ・ナイト,10,1408,1267,4,multi_hit_attack,-0.1597,-0.2365,0.5764,0.7361,jaック・ザ・ナイト / さくらこはダムです / ポディアさま / クレリゴス子様 / 頑張るハクさん,電波姫☆いまりちゃん / さくらこはダムです / メル子大先生 / 明日香大明神 / 甲羅暮らしの201号,complete
1,561,em-dd80c8492923,?????,22,3067,1533,1,attack_buff,-0.1667,-0.2371,0.5694,0.7361,????? / ペーチパイセン / ポディアさま / クレリゴス子様 / まつやマン,電波姫☆いまりちゃん / さくらこはダムです / メル子大先生 / 明日香大明神 / 甲羅暮らしの201号,complete
1,562,em-7960727b4ac3,伝説のひろし,15,1681,1714,5,attack_buff,-0.1667,-0.2371,0.5694,0.7361,伝説のひろし / さくらこはダムです / ポディアさま / クレリゴス子様 / かんと師匠,電波姫☆いまりちゃん / さくらこはダムです / メル子大先生 / 明日香大明神 / 甲羅暮らしの201号,complete
1,563,em-344c7687cce5,アウス大先輩,17,1924,1924,2,attribute_change,-0.1667,-0.2371,0.5694,0.7361,アウス大先輩 / ペーチパイセン / ポディアさま / クレリゴス子様 / 頑張るハクさん,電波姫☆いまりちゃん / さくらこはダムです / メル子大先生 / 明日香大明神 / 甲羅暮らしの201号,complete
1,564,em-364d00ce9330,郷さん,12,1000,800,4,damage_reduction,-0.1667,-0.2371,0.5694,0.7361,郷さん / 一葉ちゃんは作家さん / ポディアさま / クレリゴス子様 / ガハラさん,電波姫☆いまりちゃん / さくらこはダムです / メル子大先生 / 明日香大明神 / 甲羅暮らしの201号,complete
1,565,em-34ff44ed1803,富士さんは魔女,42,5112,4260,4,revive,-0.1736,-0.2371,0.5625,0.7361,富士さんは魔女 / ペーチパイセン / すわ子isGOD！ / 明日香大明神 / ロータス先輩,電波姫☆いまりちゃん / さくらこはダムです / メル子大先生 / 明日香大明神 / 甲羅暮らしの201号,complete
1,566,em-7e5d7b36c1e2,カステーラ先輩,7,530,450,3,heal,-0.1528,-0.2374,0.5833,0.7361,カステーラ先輩 / さくらこはダムです / ポディアさま / クレリゴス子様 / リスマニア,電波姫☆いまりちゃん / さくらこはダムです / メル子大先生 / 明日香大明神 / 甲羅暮らしの201号,complete
1,567,em-edb254f0a679,カナちゃんのなごみ,41,5453,3408,2,heal,-0.1597,-0.2376,0.5764,0.7361,カナちゃんのなごみ / 一葉ちゃんは作家さん / すわ子isGOD！ / 明日香大明神 / zuス様とsiラ様,電波姫☆いまりちゃん / さくらこはダムです / メル子大先生 / 明日香大明神 / 甲羅暮らしの201号,complete
1,568,em-a16d639a61fc,水軍衆かっさーのん,9,1128,1269,3,attack_buff,-0.1597,-0.2376,0.5764,0.7361,水軍衆かっさーのん / さくらこはダムです / ポディアさま / クレリゴス子様 / 頑張るハクさん,電波姫☆いまりちゃん / さくらこはダムです / メル子大先生 / 明日香大明神 / 甲羅暮らしの201号,complete
1,569,em-cfe553ea56a6,あまのちゃんパイセン,22,3220,805,3,multi_hit_attack,-0.1667,-0.2383,0.5694,0.7361,あまのちゃんパイセン / ペーチパイセン / ポディアさま / クレリゴス子様 / まつやマン,電波姫☆いまりちゃん / さくらこはダムです / メル子大先生 / 明日香大明神 / 甲羅暮らしの201号,complete
1,570,em-a0340dd7db63,みっけ太郎,6,500,600,3,attribute_change,-0.1528,-0.2392,0.5833,0.7361,みっけ太郎 / さくらこはダムです / ポディアさま / クレリゴス子様 / リスマニア,電波姫☆いまりちゃん / さくらこはダムです / メル子大先生 / 明日香大明神 / 甲羅暮らしの201号,complete
1,571,em-e9a9af4ae9bc,梨豚ぴぐぺん,6,500,600,2,attack_buff,-0.1528,-0.2392,0.5833,0.7361,梨豚ぴぐぺん / さくらこはダムです / ポディアさま / クレリゴス子様 / リスマニア,電波姫☆いまりちゃん / さくらこはダムです / メル子大先生 / 明日香大明神 / 甲羅暮らしの201号,complete
1,572,em-49eaf567821a,明日香先生,7,470,530,2,damage_reduction,-0.1528,-0.2392,0.5833,0.7361,明日香先生 / さくらこはダムです / ポディアさま / クレリゴス子様 / リスマニア,電波姫☆いまりちゃん / さくらこはダムです / メル子大先生 / 明日香大明神 / 甲羅暮らしの201号,complete
1,573,em-88d646d3b1b4,みるるん,7,500,600,2,attack_buff,-0.1528,-0.2392,0.5833,0.7361,みるるん / さくらこはダムです / ポディアさま / クレリゴス子様 / リスマニア,電波姫☆いまりちゃん / さくらこはダムです / メル子大先生 / 明日香大明神 / 甲羅暮らしの201号,complete
1,574,em-97272e288cf7,ホークくん,6,500,750,1,attribute_guard,-0.1528,-0.2392,0.5833,0.7361,ホークくん / さくらこはダムです / ポディアさま / クレリゴス子様 / リスマニア,電波姫☆いまりちゃん / さくらこはダムです / メル子大先生 / 明日香大明神 / 甲羅暮らしの201号,complete
1,575,em-7930454375ec,パラワン探検隊,18,3219,3333,4,aoe_attack,-0.1667,-0.2394,0.5694,0.7361,パラワン探検隊 / ペーチパイセン / ポディアさま / クレリゴス子様 / 頑張るハクさん,電波姫☆いまりちゃん / さくらこはダムです / メル子大先生 / 明日香大明神 / 甲羅暮らしの201号,complete
1,576,em-7b32a03e6e07,神降ろし！宮子様,27,3578,3152,2,heal,-0.1667,-0.2394,0.5694,0.7361,神降ろし！宮子様 / ペーチパイセン / ポディアさま / クレリゴス子様 / ガハラさん,電波姫☆いまりちゃん / さくらこはダムです / メル子大先生 / 明日香大明神 / 甲羅暮らしの201号,complete
1,577,em-b48f7cea2b0f,鳴門美影,18,2982,681,1,attack_buff,-0.1667,-0.2394,0.5694,0.7361,鳴門美影 / ペーチパイセン / ポディアさま / クレリゴス子様 / 頑張るハクさん,電波姫☆いまりちゃん / さくらこはダムです / メル子大先生 / 明日香大明神 / 甲羅暮らしの201号,complete
1,578,em-ca249600bce3,アレス暮らし,24,2737,1932,1,attack_buff,-0.1667,-0.2394,0.5694,0.7361,アレス暮らし / ペーチパイセン / ポディアさま / クレリゴス子様 / まつやマン,電波姫☆いまりちゃん / さくらこはダムです / メル子大先生 / 明日香大明神 / 甲羅暮らしの201号,complete
1,579,em-d8224a4d0deb,風の供犠ぴよ子,4,120,120,0,none,-0.1667,-0.2394,0.5694,0.7361,風の供犠ぴよ子 / 一葉ちゃんは作家さん / ポディアさま / クレリゴス子様 / 頑張るハクさん,電波姫☆いまりちゃん / さくらこはダムです / メル子大先生 / 明日香大明神 / 甲羅暮らしの201号,complete
1,580,em-3d21182a399b,風流さねお夏ちゃん,8,482,488,3,heal,-0.1597,-0.2396,0.5764,0.7361,風流さねお夏ちゃん / ペーチパイセン / ポディアさま / クレリゴス子様 / リスマニア,電波姫☆いまりちゃん / さくらこはダムです / メル子大先生 / 明日香大明神 / 甲羅暮らしの201号,complete
1,581,em-6b768f05d267,カオヤイ姉さん,17,1063,3007,5,attack_buff,-0.1736,-0.2396,0.5625,0.7361,カオヤイ姉さん / さくらこはダムです / ポディアさま / クレリゴス子様 / zuス様とsiラ様,電波姫☆いまりちゃん / さくらこはダムです / メル子大先生 / 明日香大明神 / 甲羅暮らしの201号,complete
1,582,em-4a7831bec582,春の音連れ,66,10906,3748,6,skill_reduction,-0.1736,-0.2396,0.5625,0.7361,春の音連れ / ペーチパイセン / 時のプラズマ / おあげさん / ガハラさん,電波姫☆いまりちゃん / さくらこはダムです / メル子大先生 / 明日香大明神 / 甲羅暮らしの201号,partial-skill-support
1,583,em-95694ab0605a,超★メジェド様,44,2300,3432,2,guard,-0.1806,-0.2403,0.5556,0.7361,超★メジェド様 / さくらこはダムです / すわ子isGOD！ / 明日香大明神 / ロータス先輩,電波姫☆いまりちゃん / さくらこはダムです / メル子大先生 / 明日香大明神 / 甲羅暮らしの201号,complete
1,584,em-710becd5b772,雪女フェス祭カーニバル,54,7497,2556,6,attribute_guard,-0.1806,-0.2403,0.5556,0.7361,雪女フェス祭カーニバル / ペーチパイセン / すわ子isGOD！ / 明日香大明神 / zuス様とsiラ様,電波姫☆いまりちゃん / さくらこはダムです / メル子大先生 / 明日香大明神 / 甲羅暮らしの201号,complete
1,585,em-285a6b18bfb1,いろはの曙ちゃん,18,2705,2705,0,heal,-0.1667,-0.2405,0.5694,0.7361,いろはの曙ちゃん / ペーチパイセン / ポディアさま / クレリゴス子様 / かんと師匠,電波姫☆いまりちゃん / さくらこはダムです / メル子大先生 / 明日香大明神 / 甲羅暮らしの201号,complete
1,586,em-efe37d2509f9,aiちゃん,19,3542,2254,4,damage_reduction,-0.1667,-0.2405,0.5694,0.7361,aiちゃん / ペーチパイセン / ポディアさま / クレリゴス子様 / かんと師匠,電波姫☆いまりちゃん / さくらこはダムです / メル子大先生 / 明日香大明神 / 甲羅暮らしの201号,complete
1,587,em-684042304ec3,毬れ！みるるん,12,700,800,2,attack_buff,-0.1667,-0.2405,0.5694,0.7361,毬れ！みるるん / 一葉ちゃんは作家さん / ポディアさま / クレリゴス子様 / ガハラさん,電波姫☆いまりちゃん / さくらこはダムです / メル子大先生 / 明日香大明神 / 甲羅暮らしの201号,complete
1,588,em-c912b76e4dda,妖怪雪愛さま,15,950,1350,2,attribute_change,-0.1597,-0.2406,0.5764,0.7361,妖怪雪愛さま / さくらこはダムです / ポディアさま / クレリゴス子様 / かんと師匠,電波姫☆いまりちゃん / さくらこはダムです / メル子大先生 / 明日香大明神 / 甲羅暮らしの201号,complete
1,589,em-296c2c9d656f,雷鳥プリトヴィさん,25,2576,3091,3,aoe_attack,-0.1736,-0.2408,0.5625,0.7361,雷鳥プリトヴィさん / ペーチパイセン / ポディアさま / クレリゴス子様 / ガハラさん,電波姫☆いまりちゃん / さくらこはダムです / メル子大先生 / 明日香大明神 / 甲羅暮らしの201号,complete
1,590,em-89f674ec8b42,ハクさん隊長,25,2737,3059,3,attack_buff,-0.1736,-0.2408,0.5625,0.7361,ハクさん隊長 / ペーチパイセン / ポディアさま / クレリゴス子様 / ガハラさん,電波姫☆いまりちゃん / さくらこはダムです / メル子大先生 / 明日香大明神 / 甲羅暮らしの201号,complete
1,591,em-55f20f5390ee,ホロー家の娘,26,2576,3542,3,damage_reduction,-0.1736,-0.2408,0.5625,0.7361,ホロー家の娘 / ペーチパイセン / ポディアさま / クレリゴス子様 / ガハラさん,電波姫☆いまりちゃん / さくらこはダムです / メル子大先生 / 明日香大明神 / 甲羅暮らしの201号,complete
1,592,em-4ae7fba92e2c,アデヤッコちゃん,27,2351,2556,0,attribute_change,-0.1736,-0.2408,0.5625,0.7361,アデヤッコちゃん / ペーチパイセン / ポディアさま / クレリゴス子様 / ガハラさん,電波姫☆いまりちゃん / さくらこはダムです / メル子大先生 / 明日香大明神 / 甲羅暮らしの201号,complete
1,593,em-018528f8f441,羊アフロ・こ祝いくん,14,1963,1510,3,heal,-0.1597,-0.2416,0.5764,0.7361,羊アフロ・こ祝いくん / さくらこはダムです / ポディアさま / クレリゴス子様 / かんと師匠,電波姫☆いまりちゃん / さくらこはダムです / メル子大先生 / 明日香大明神 / 甲羅暮らしの201号,complete
1,594,em-2e3e250aef5e,IMO NI FESTIVAL 2018,14,1837,1161,3,aoe_attack,-0.1597,-0.2416,0.5764,0.7361,IMO NI FESTIVAL 2018 / さくらこはダムです / ポディアさま / クレリゴス子様 / かんと師匠,電波姫☆いまりちゃん / さくらこはダムです / メル子大先生 / 明日香大明神 / 甲羅暮らしの201号,complete
1,595,em-e5bf71c0bba9,都市伝説！蟹男,14,2393,1126,2,guard,-0.1597,-0.2416,0.5764,0.7361,都市伝説！蟹男 / さくらこはダムです / ポディアさま / クレリゴス子様 / かんと師匠,電波姫☆いまりちゃん / さくらこはダムです / メル子大先生 / 明日香大明神 / 甲羅暮らしの201号,complete
1,596,em-c749ad6eefee,トーテムゆ～る,16,1413,1201,3,delay,-0.1597,-0.2416,0.5764,0.7361,トーテムゆ～る / さくらこはダムです / ポディアさま / クレリゴス子様 / かんと師匠,電波姫☆いまりちゃん / さくらこはダムです / メル子大先生 / 明日香大明神 / 甲羅暮らしの201号,partial-skill-support
1,597,em-3e2d46063b3e,なっとくん様,70,8026,4618,1,skill_reduction,-0.1597,-0.2416,0.5764,0.7361,なっとくん様 / ペーチパイセン / 華麗なびわ子たん / おあげさん / ガハラさん,電波姫☆いまりちゃん / さくらこはダムです / メル子大先生 / 明日香大明神 / 甲羅暮らしの201号,partial-skill-support
1,598,em-874769710492,さふらんらん,8,1734,888,3,skill_reduction,-0.1667,-0.2416,0.5694,0.7361,さふらんらん / ペーチパイセン / ポディアさま / クレリゴス子様 / リスマニア,電波姫☆いまりちゃん / さくらこはダムです / メル子大先生 / 明日香大明神 / 甲羅暮らしの201号,partial-skill-support
1,599,em-f334c541bf84,納得ん★福曼荼羅,17,1763,1860,2,attribute_change,-0.1667,-0.2416,0.5694,0.7361,納得ん★福曼荼羅 / さくらこはダムです / ポディアさま / クレリゴス子様 / zuス様とsiラ様,電波姫☆いまりちゃん / さくらこはダムです / メル子大先生 / 明日香大明神 / 甲羅暮らしの201号,complete
1,600,em-2449b6ff9d58,スマトラのウータン,12,2703,657,2,attribute_change,-0.1667,-0.2416,0.5694,0.7361,スマトラのウータン / 一葉ちゃんは作家さん / ポディアさま / クレリゴス子様 / ガハラさん,電波姫☆いまりちゃん / さくらこはダムです / メル子大先生 / 明日香大明神 / 甲羅暮らしの201号,complete
1,601,em-199d9437f3d7,鈴鹿次郎三郎,8,593,1809,5,attack_buff,-0.1667,-0.2416,0.5694,0.7361,鈴鹿次郎三郎 / ペーチパイセン / ポディアさま / クレリゴス子様 / リスマニア,電波姫☆いまりちゃん / さくらこはダムです / メル子大先生 / 明日香大明神 / 甲羅暮らしの201号,complete
1,602,em-679b3b1b58a8,シャフとリサブス,25,2944,3548,1,heal,-0.1736,-0.242,0.5625,0.7361,シャフとリサブス / ペーチパイセン / ポディアさま / クレリゴス子様 / ガハラさん,電波姫☆いまりちゃん / さくらこはダムです / メル子大先生 / 明日香大明神 / 甲羅暮らしの201号,complete
1,603,em-e6110f879f18,ユーコ隊,24,3408,2044,4,revive,-0.1736,-0.242,0.5625,0.7361,ユーコ隊 / さくらこはダムです / ポディアさま / クレリゴス子様 / ガハラさん,電波姫☆いまりちゃん / さくらこはダムです / メル子大先生 / 明日香大明神 / 甲羅暮らしの201号,complete
1,604,em-57dce5f944a3,うらうらら,50,4260,6390,4,multi_hit_attack,-0.1736,-0.242,0.5625,0.7361,うらうらら / ペーチパイセン / メル子大先生 / 明日香大明神 / ロータス先輩,電波姫☆いまりちゃん / さくらこはダムです / メル子大先生 / 明日香大明神 / 甲羅暮らしの201号,complete
1,605,em-8d1bebbead3e,たこ焼きーナ先輩,5,192,840,4,attack_buff,-0.1597,-0.2426,0.5764,0.7361,たこ焼きーナ先輩 / さくらこはダムです / ポディアさま / クレリゴス子様 / リスマニア,電波姫☆いまりちゃん / さくらこはダムです / メル子大先生 / 明日香大明神 / 甲羅暮らしの201号,complete
1,606,em-f49b19428b58,ちび丸のハロウィン,17,255,2896,4,revive,-0.1667,-0.2426,0.5694,0.7361,ちび丸のハロウィン / さくらこはダムです / ポディアさま / クレリゴス子様 / zuス様とsiラ様,電波姫☆いまりちゃん / さくらこはダムです / メル子大先生 / 明日香大明神 / 甲羅暮らしの201号,complete
1,607,em-6c3fedc97022,ご案内・ユカたん,18,1573,2576,0,attribute_guard,-0.1667,-0.2426,0.5694,0.7361,ご案内・ユカたん / ペーチパイセン / ポディアさま / クレリゴス子様 / かんと師匠,電波姫☆いまりちゃん / さくらこはダムです / メル子大先生 / 明日香大明神 / 甲羅暮らしの201号,complete
1,608,em-d86fc6931627,ふくしメイト・じゅん,19,1812,1661,3,skill_reduction,-0.1667,-0.2426,0.5694,0.7361,ふくしメイト・じゅん / ペーチパイセン / ポディアさま / クレリゴス子様 / かんと師匠,電波姫☆いまりちゃん / さくらこはダムです / メル子大先生 / 明日香大明神 / 甲羅暮らしの201号,partial-skill-support
1,609,em-3911cf0df99b,あずま京子という女,14,1687,1687,3,damage_reduction,-0.1667,-0.2426,0.5694,0.7361,あずま京子という女 / さくらこはダムです / ポディアさま / クレリゴス子様 / 頑張るハクさん,電波姫☆いまりちゃん / さくらこはダムです / メル子大先生 / 明日香大明神 / 甲羅暮らしの201号,complete
1,610,em-f659bbd46281,俄然みっけ太郎,11,800,1000,2,attribute_change,-0.1667,-0.2426,0.5694,0.7361,俄然みっけ太郎 / 一葉ちゃんは作家さん / ポディアさま / クレリゴス子様 / ガハラさん,電波姫☆いまりちゃん / さくらこはダムです / メル子大先生 / 明日香大明神 / 甲羅暮らしの201号,complete
1,611,em-2514a60f07c2,たけしサン,12,1000,1000,3,damage_reduction,-0.1667,-0.2426,0.5694,0.7361,たけしサン / 一葉ちゃんは作家さん / ポディアさま / クレリゴス子様 / ガハラさん,電波姫☆いまりちゃん / さくらこはダムです / メル子大先生 / 明日香大明神 / 甲羅暮らしの201号,complete
1,612,em-618de9bba906,関大先生,9,1201,1201,3,guard,-0.1806,-0.243,0.5556,0.7361,関大先生 / キルワくん / ポディアさま / クレリゴス子様 / 頑張るハクさん,電波姫☆いまりちゃん / さくらこはダムです / メル子大先生 / 明日香大明神 / 甲羅暮らしの201号,complete
1,613,em-357427c8f331,反魂タン昼食TIME,27,3067,5623,4,attack_buff,-0.1736,-0.2431,0.5625,0.7361,反魂タン昼食TIME / ペーチパイセン / ポディアさま / クレリゴス子様 / ガハラさん,電波姫☆いまりちゃん / さくらこはダムです / メル子大先生 / 明日香大明神 / 甲羅暮らしの201号,complete
1,614,em-d9ea7f0897f2,山ガール！？さなこりん,15,2567,1225,6,multi_hit_attack,-0.1736,-0.2431,0.5625,0.7361,山ガール！？さなこりん / さくらこはダムです / ポディアさま / クレリゴス子様 / かんと師匠,電波姫☆いまりちゃん / さくらこはダムです / メル子大先生 / 明日香大明神 / 甲羅暮らしの201号,complete
1,615,em-bc840d35c547,ジ・あるじや,20,4025,1610,4,skill_reduction,-0.1736,-0.2431,0.5625,0.7361,ジ・あるじや / さくらこはダムです / ポディアさま / クレリゴス子様 / まつやマン,電波姫☆いまりちゃん / さくらこはダムです / メル子大先生 / 明日香大明神 / 甲羅暮らしの201号,partial-skill-support
1,616,em-0e9d90fcbf69,テオティワちーちゃん,66,11928,149,1,multi_hit_attack,-0.1736,-0.2431,0.5625,0.7361,テオティワちーちゃん / ペーチパイセン / メル子大先生 / おあげちゃん / ガハラさん,電波姫☆いまりちゃん / さくらこはダムです / メル子大先生 / 明日香大明神 / 甲羅暮らしの201号,complete
1,617,em-b51403a1ad5c,しずこさん,12,800,1200,4,multi_hit_attack,-0.1736,-0.2431,0.5625,0.7361,しずこさん / 一葉ちゃんは作家さん / ポディアさま / クレリゴス子様 / ガハラさん,電波姫☆いまりちゃん / さくらこはダムです / メル子大先生 / 明日香大明神 / 甲羅暮らしの201号,complete
1,618,em-8f7b014ebd06,すわ子isGOD！,18,2254,2737,2,multi_hit_attack,-0.1667,-0.2437,0.5694,0.7361,すわ子isGOD！ / ペーチパイセン / ポディアさま / クレリゴス子様 / かんと師匠,電波姫☆いまりちゃん / さくらこはダムです / メル子大先生 / 明日香大明神 / 甲羅暮らしの201号,complete
1,619,em-ff5dd5331817,デメ子ちゃん,18,1704,3067,2,attribute_change,-0.1667,-0.2437,0.5694,0.7361,デメ子ちゃん / ペーチパイセン / ポディアさま / クレリゴス子様 / かんと師匠,電波姫☆いまりちゃん / さくらこはダムです / メル子大先生 / 明日香大明神 / 甲羅暮らしの201号,complete
1,620,em-552cb7200ab1,エンジェル美夫,9,700,800,4,attack_buff,-0.1667,-0.2437,0.5694,0.7361,エンジェル美夫 / ペーチパイセン / ポディアさま / クレリゴス子様 / リスマニア,電波姫☆いまりちゃん / さくらこはダムです / メル子大先生 / 明日香大明神 / 甲羅暮らしの201号,complete
1,621,em-f7db929b2ed5,シャボテンの世界,17,1510,1812,5,revive,-0.1806,-0.2442,0.5556,0.7361,シャボテンの世界 / さくらこはダムです / ポディアさま / クレリゴス子様 / zuス様とsiラ様,電波姫☆いまりちゃん / さくらこはダムです / メル子大先生 / 明日香大明神 / 甲羅暮らしの201号,complete
1,622,em-ee43bce0e25f,vにゅーさん,51,3567,5271,1,damage_reduction,-0.1736,-0.2443,0.5625,0.7361,vにゅーさん / ペーチパイセン / メル子大先生 / 明日香大明神 / ロータス先輩,電波姫☆いまりちゃん / さくらこはダムです / メル子大先生 / 明日香大明神 / 甲羅暮らしの201号,complete
1,623,em-c67ab163f5d6,さくらこはダムです,12,2092,735,1,attribute_guard,-0.1736,-0.2443,0.5556,0.7292,さくらこはダムです / 一葉ちゃんは作家さん / ポディアさま / クレリゴス子様 / ガハラさん,スクナクナクナクス / ペーチパイセン / メル子大先生 / 明日香大明神 / ロータス先輩,complete
1,624,em-4c8a3408455b,泳ぐカネヒラさん,28,3748,3408,2,attribute_change,-0.1736,-0.2443,0.5625,0.7361,泳ぐカネヒラさん / さくらこはダムです / ポディアさま / 電波姫☆いまりちゃん / かんと師匠,電波姫☆いまりちゃん / さくらこはダムです / メル子大先生 / 明日香大明神 / 甲羅暮らしの201号,complete
1,625,em-ce7547fb3ccd,いぬやマンリメイク！,16,1661,1661,7,attack_buff,-0.1736,-0.2443,0.5625,0.7361,いぬやマンリメイク！ / さくらこはダムです / ポディアさま / クレリゴス子様 / かんと師匠,電波姫☆いまりちゃん / さくらこはダムです / メル子大先生 / 明日香大明神 / 甲羅暮らしの201号,complete
1,626,em-4434ba98ed11,ゴリョカタ副長,11,2416,1510,6,skill_reduction,-0.1736,-0.2443,0.5625,0.7361,ゴリョカタ副長 / 一葉ちゃんは作家さん / ポディアさま / クレリゴス子様 / ガハラさん,電波姫☆いまりちゃん / さくらこはダムです / メル子大先生 / 明日香大明神 / 甲羅暮らしの201号,partial-skill-support
1,627,em-35431f09cee7,ほたるン・トラッキン,12,1673,1654,5,attack_buff,-0.1736,-0.2443,0.5625,0.7361,ほたるン・トラッキン / 一葉ちゃんは作家さん / ポディアさま / クレリゴス子様 / ガハラさん,電波姫☆いまりちゃん / さくらこはダムです / メル子大先生 / 明日香大明神 / 甲羅暮らしの201号,complete
1,628,em-b5242428b87d,ご満悦グリンすマン,13,1736,1661,5,delay,-0.1736,-0.2443,0.5625,0.7361,ご満悦グリンすマン / 一葉ちゃんは作家さん / ポディアさま / クレリゴス子様 / ガハラさん,電波姫☆いまりちゃん / さくらこはダムです / メル子大先生 / 明日香大明神 / 甲羅暮らしの201号,partial-skill-support
1,629,em-9eb7fd81d237,ユウ・レーカさん,20,2044,2556,4,revive,-0.1736,-0.2443,0.5625,0.7361,ユウ・レーカさん / さくらこはダムです / ポディアさま / クレリゴス子様 / ガハラさん,電波姫☆いまりちゃん / さくらこはダムです / メル子大先生 / 明日香大明神 / 甲羅暮らしの201号,complete
1,630,em-962f1faafed7,三貴子アマテラス,75,10309,5112,5,revive,-0.1736,-0.2443,0.5625,0.7361,三貴子アマテラス / ペーチパイセン / たけしマン / おあげちゃん / ガハラさん,電波姫☆いまりちゃん / さくらこはダムです / メル子大先生 / 明日香大明神 / 甲羅暮らしの201号,complete
1,631,em-830a0f543f12,ぬーんちゃん,12,1100,1100,4,delay,-0.1736,-0.2443,0.5625,0.7361,ぬーんちゃん / 一葉ちゃんは作家さん / ポディアさま / クレリゴス子様 / ガハラさん,電波姫☆いまりちゃん / さくらこはダムです / メル子大先生 / 明日香大明神 / 甲羅暮らしの201号,partial-skill-support
1,632,em-b6adaf9bf556,こうせえっつう女中,17,805,2898,0,attack_buff,-0.1667,-0.2447,0.5694,0.7361,こうせえっつう女中 / さくらこはダムです / ポディアさま / クレリゴス子様 / zuス様とsiラ様,電波姫☆いまりちゃん / さくらこはダムです / メル子大先生 / 明日香大明神 / 甲羅暮らしの201号,complete
1,633,em-06ed1eae98fc,ソンな福ちゃん,31,3377,3377,1,attribute_change,-0.1667,-0.2447,0.5694,0.7361,ソンな福ちゃん / ペーチパイセン / ポディアさま / 電波姫☆いまりちゃん / かんと師匠,電波姫☆いまりちゃん / さくらこはダムです / メル子大先生 / 明日香大明神 / 甲羅暮らしの201号,complete
1,634,em-e9b3dc6478a4,アヌラさま,33,2495,2978,2,attribute_guard,-0.1667,-0.2447,0.5694,0.7361,アヌラさま / 一葉ちゃんは作家さん / メル子大先生 / 明日香大明神 / ロータス先輩,電波姫☆いまりちゃん / さくらこはダムです / メル子大先生 / 明日香大明神 / 甲羅暮らしの201号,complete
1,635,em-de449f69edb5,タミフルニキ,14,1257,1147,3,damage_reduction,-0.1667,-0.2447,0.5694,0.7361,タミフルニキ / さくらこはダムです / ポディアさま / クレリゴス子様 / 頑張るハクさん,電波姫☆いまりちゃん / さくらこはダムです / メル子大先生 / 明日香大明神 / 甲羅暮らしの201号,complete
1,636,em-361f82120d03,オイボくん,40,6645,2556,2,attack_buff,-0.1667,-0.2447,0.5694,0.7361,オイボくん / 一葉ちゃんは作家さん / すわ子isGOD！ / おあげさん / 頑張るハクさん,電波姫☆いまりちゃん / さくらこはダムです / メル子大先生 / 明日香大明神 / 甲羅暮らしの201号,complete
1,637,em-3ea6ac9a0933,オリバーWITHソー,8,400,800,3,attack_buff,-0.1667,-0.2447,0.5694,0.7361,オリバーWITHソー / ペーチパイセン / ポディアさま / クレリゴス子様 / リスマニア,電波姫☆いまりちゃん / さくらこはダムです / メル子大先生 / 明日香大明神 / 甲羅暮らしの201号,complete
1,638,em-5c824e4dff20,ほたるんるん,9,1000,1500,3,attribute_change,-0.1667,-0.2447,0.5694,0.7361,ほたるんるん / ペーチパイセン / ポディアさま / クレリゴス子様 / リスマニア,電波姫☆いまりちゃん / さくらこはダムです / メル子大先生 / 明日香大明神 / 甲羅暮らしの201号,complete
1,639,em-372fcda26040,わさび大帝,16,2100,800,3,guard,-0.1736,-0.2454,0.5625,0.7361,わさび大帝 / ペーチパイセン / ポディアさま / クレリゴス子様 / 頑張るハクさん,電波姫☆いまりちゃん / さくらこはダムです / メル子大先生 / 明日香大明神 / 甲羅暮らしの201号,complete
1,640,em-b97fa105ba34,うまうーさん♪,40,5793,3067,5,attribute_guard,-0.1736,-0.2454,0.5625,0.7361,うまうーさん♪ / ペーチパイセン / すわ子isGOD！ / ウサポワンちゃん / 頑張るハクさん,電波姫☆いまりちゃん / さくらこはダムです / メル子大先生 / 明日香大明神 / 甲羅暮らしの201号,complete
1,641,em-87b19d1c9d4e,ベリーズさん,9,1057,1692,5,attack_buff,-0.1736,-0.2454,0.5625,0.7361,ベリーズさん / さくらこはダムです / ポディアさま / クレリゴス子様 / 頑張るハクさん,電波姫☆いまりちゃん / さくらこはダムです / メル子大先生 / 明日香大明神 / 甲羅暮らしの201号,complete
1,642,em-269e75871422,瑠璃☆瑠璃,27,2726,2181,1,damage_reduction,-0.1736,-0.2454,0.5625,0.7361,瑠璃☆瑠璃 / ペーチパイセン / ポディアさま / クレリゴス子様 / ガハラさん,電波姫☆いまりちゃん / さくらこはダムです / メル子大先生 / 明日香大明神 / 甲羅暮らしの201号,complete
1,643,em-7f18b9c64c74,家族贖罪という字面,40,5964,1704,3,damage_reduction,-0.1736,-0.2454,0.5625,0.7361,家族贖罪という字面 / 一葉ちゃんは作家さん / すわ子isGOD！ / 明日香大明神 / zuス様とsiラ様,電波姫☆いまりちゃん / さくらこはダムです / メル子大先生 / 明日香大明神 / 甲羅暮らしの201号,complete
1,644,em-b127f99ae530,キラー・ｻﾞ・ｷﾗｰ,55,5964,3408,2,damage_reduction,-0.1806,-0.2455,0.5556,0.7361,キラー・ｻﾞ・ｷﾗｰ / ペーチパイセン / メル子大先生 / おあげさん / 頑張るハクさん,電波姫☆いまりちゃん / さくらこはダムです / メル子大先生 / 明日香大明神 / 甲羅暮らしの201号,complete
1,645,em-c547f488bc34,警告！クジラの尊,12,30,1410,1,attribute_change,-0.1667,-0.2457,0.5694,0.7361,警告！クジラの尊 / さくらこはダムです / ポディアさま / クレリゴス子様 / 頑張るハクさん,電波姫☆いまりちゃん / さくらこはダムです / メル子大先生 / 明日香大明神 / 甲羅暮らしの201号,complete
1,646,em-57204b8d6ee6,伝説のWoo怪,12,1126,2393,4,multi_hit_attack,-0.1667,-0.2457,0.5694,0.7361,伝説のWoo怪 / さくらこはダムです / ポディアさま / クレリゴス子様 / 頑張るハクさん,電波姫☆いまりちゃん / さくらこはダムです / メル子大先生 / 明日香大明神 / 甲羅暮らしの201号,complete
1,647,em-309e9bdb12e4,萌やし戦士,14,773,2573,4,attack_buff,-0.1667,-0.2457,0.5694,0.7361,萌やし戦士 / さくらこはダムです / ポディアさま / クレリゴス子様 / 頑張るハクさん,電波姫☆いまりちゃん / さくらこはダムです / メル子大先生 / 明日香大明神 / 甲羅暮らしの201号,complete
1,648,em-428dee3a4bd3,びゃ子たん,12,370,1230,5,attack_buff,-0.1736,-0.2465,0.5625,0.7361,びゃ子たん / さくらこはダムです / ポディアさま / クレリゴス子様 / 頑張るハクさん,電波姫☆いまりちゃん / さくらこはダムです / メル子大先生 / 明日香大明神 / 甲羅暮らしの201号,complete
1,649,em-e4f94dd73b29,あっしゅTHEﾗｯﾊﾟｰ,12,1500,700,5,attribute_guard,-0.1736,-0.2465,0.5625,0.7361,あっしゅTHEﾗｯﾊﾟｰ / 一葉ちゃんは作家さん / ポディアさま / クレリゴス子様 / ガハラさん,電波姫☆いまりちゃん / さくらこはダムです / メル子大先生 / 明日香大明神 / 甲羅暮らしの201号,complete
1,650,em-9cbbb04818bd,シミ,20,1704,2215,4,heal,-0.1736,-0.2465,0.5625,0.7361,シミ / さくらこはダムです / ポディアさま / クレリゴス子様 / ガハラさん,電波姫☆いまりちゃん / さくらこはダムです / メル子大先生 / 明日香大明神 / 甲羅暮らしの201号,complete
1,651,em-271fbedbbf39,レオ,22,2737,2093,4,damage_reduction,-0.1736,-0.2465,0.5625,0.7361,レオ / さくらこはダムです / ポディアさま / クレリゴス子様 / ガハラさん,電波姫☆いまりちゃん / さくらこはダムです / メル子大先生 / 明日香大明神 / 甲羅暮らしの201号,complete
1,652,em-0097333c9ab6,切れちゃうイナフさん,42,3408,3408,1,attack_buff,-0.1806,-0.2467,0.5556,0.7361,切れちゃうイナフさん / ペーチパイセン / すわ子isGOD！ / 明日香大明神 / ロータス先輩,電波姫☆いまりちゃん / さくらこはダムです / メル子大先生 / 明日香大明神 / 甲羅暮らしの201号,complete
1,653,em-4b24f34b41a1,レジェント・八郎ニキ,42,4941,852,1,multi_hit_attack,-0.1806,-0.2467,0.5556,0.7361,レジェント・八郎ニキ / ペーチパイセン / すわ子isGOD！ / 明日香大明神 / ロータス先輩,電波姫☆いまりちゃん / さくらこはダムです / メル子大先生 / 明日香大明神 / 甲羅暮らしの201号,complete
1,654,em-3b878e796aba,なまず仙人,35,4941,1618,4,damage_reduction,-0.1806,-0.2467,0.5556,0.7361,なまず仙人 / 一葉ちゃんは作家さん / すわ子isGOD！ / 明日香大明神 / ロータス先輩,電波姫☆いまりちゃん / さくらこはダムです / メル子大先生 / 明日香大明神 / 甲羅暮らしの201号,complete
1,655,em-9b97e564ea43,ユールシスター☆ノエルん,43,5523,4112,3,multi_hit_attack,-0.1806,-0.2467,0.5556,0.7361,ユールシスター☆ノエルん / ペーチパイセン / すわ子isGOD！ / 明日香大明神 / ロータス先輩,電波姫☆いまりちゃん / さくらこはダムです / メル子大先生 / 明日香大明神 / 甲羅暮らしの201号,complete
1,656,em-8c223847d1b4,皐月ぴよ子,5,555,555,0,none,-0.1597,-0.2473,0.5764,0.7361,皐月ぴよ子 / さくらこはダムです / ポディアさま / クレリゴス子様 / リスマニア,電波姫☆いまりちゃん / さくらこはダムです / メル子大先生 / 明日香大明神 / 甲羅暮らしの201号,complete
1,657,em-dac0a350706a,くたにん,6,500,600,3,attribute_change,-0.1597,-0.2473,0.5764,0.7361,くたにん / さくらこはダムです / ポディアさま / クレリゴス子様 / リスマニア,電波姫☆いまりちゃん / さくらこはダムです / メル子大先生 / 明日香大明神 / 甲羅暮らしの201号,complete
1,658,em-4c448c54f095,実底超真幽子さん,15,1187,1215,5,revive,-0.1736,-0.2476,0.5625,0.7361,実底超真幽子さん / さくらこはダムです / ポディアさま / クレリゴス子様 / かんと師匠,電波姫☆いまりちゃん / さくらこはダムです / メル子大先生 / 明日香大明神 / 甲羅暮らしの201号,complete
1,659,em-ba3e87e06882,ぴよ子ファーザー,20,357,3577,4,attack_buff,-0.1736,-0.2476,0.5625,0.7361,ぴよ子ファーザー / さくらこはダムです / ポディアさま / クレリゴス子様 / まつやマン,電波姫☆いまりちゃん / さくらこはダムです / メル子大先生 / 明日香大明神 / 甲羅暮らしの201号,complete
1,660,em-6d8ed6eb36b3,えかちぇたん,25,4260,2385,1,multi_hit_attack,-0.1736,-0.2476,0.5625,0.7361,えかちぇたん / ペーチパイセン / ポディアさま / クレリゴス子様 / ガハラさん,電波姫☆いまりちゃん / さくらこはダムです / メル子大先生 / 明日香大明神 / 甲羅暮らしの201号,complete
1,661,em-a91eca479689,嗚呼ヴァサクサ君,10,1880,374,2,skill_reduction,-0.1736,-0.2476,0.5625,0.7361,嗚呼ヴァサクサ君 / ペーチパイセン / ポディアさま / クレリゴス子様 / リスマニア,電波姫☆いまりちゃん / さくらこはダムです / メル子大先生 / 明日香大明神 / 甲羅暮らしの201号,partial-skill-support
1,662,em-f4f38ea1c2f0,びゃ子さま,15,450,1850,4,attack_buff,-0.1736,-0.2476,0.5625,0.7361,びゃ子さま / さくらこはダムです / ポディアさま / クレリゴス子様 / 頑張るハクさん,電波姫☆いまりちゃん / さくらこはダムです / メル子大先生 / 明日香大明神 / 甲羅暮らしの201号,complete
1,663,em-e160051446cf,賀正ぴよ子,8,1509,1005,3,heal,-0.1667,-0.2477,0.5694,0.7361,賀正ぴよ子 / ペーチパイセン / ポディアさま / クレリゴス子様 / リスマニア,電波姫☆いまりちゃん / さくらこはダムです / メル子大先生 / 明日香大明神 / 甲羅暮らしの201号,complete
1,664,em-0c5139ae3833,輝け！さくらちゃん,14,1509,1509,3,attribute_change,-0.1667,-0.2477,0.5694,0.7361,輝け！さくらちゃん / さくらこはダムです / ポディアさま / クレリゴス子様 / かんと師匠,電波姫☆いまりちゃん / さくらこはダムです / メル子大先生 / 明日香大明神 / 甲羅暮らしの201号,complete
1,665,em-13b101b040d3,有田家の娘,15,1205,1195,2,attribute_change,-0.1667,-0.2477,0.5694,0.7361,有田家の娘 / さくらこはダムです / ポディアさま / クレリゴス子様 / かんと師匠,電波姫☆いまりちゃん / さくらこはダムです / メル子大先生 / 明日香大明神 / 甲羅暮らしの201号,complete
1,666,em-4aaecdf41c4d,えらいわ世界師匠,15,1260,1210,4,attack_buff,-0.1667,-0.2477,0.5694,0.7361,えらいわ世界師匠 / さくらこはダムです / ポディアさま / クレリゴス子様 / かんと師匠,電波姫☆いまりちゃん / さくらこはダムです / メル子大先生 / 明日香大明神 / 甲羅暮らしの201号,complete
1,667,em-c358a9d61a43,PiぐPeんとBiぐBeん,15,1208,1510,2,attack_buff,-0.1667,-0.2477,0.5694,0.7361,PiぐPeんとBiぐBeん / さくらこはダムです / ポディアさま / クレリゴス子様 / かんと師匠,電波姫☆いまりちゃん / さくらこはダムです / メル子大先生 / 明日香大明神 / 甲羅暮らしの201号,complete
1,668,em-16131af7bb8a,人面恐竜亜種,16,1400,1600,2,attack_buff,-0.1667,-0.2477,0.5694,0.7361,人面恐竜亜種 / さくらこはダムです / ポディアさま / クレリゴス子様 / かんと師匠,電波姫☆いまりちゃん / さくらこはダムです / メル子大先生 / 明日香大明神 / 甲羅暮らしの201号,complete
1,669,em-18503fe1a209,きりこさま,16,1500,1500,3,attribute_change,-0.1667,-0.2477,0.5694,0.7361,きりこさま / さくらこはダムです / ポディアさま / クレリゴス子様 / かんと師匠,電波姫☆いまりちゃん / さくらこはダムです / メル子大先生 / 明日香大明神 / 甲羅暮らしの201号,complete
1,670,em-6c215846fcb0,アン・ごろう,16,1356,1189,2,attack_buff,-0.1667,-0.2477,0.5694,0.7361,アン・ごろう / さくらこはダムです / ポディアさま / クレリゴス子様 / かんと師匠,電波姫☆いまりちゃん / さくらこはダムです / メル子大先生 / 明日香大明神 / 甲羅暮らしの201号,complete
1,671,em-9287b5984201,ホソエガサさん,16,1635,1533,2,revive,-0.1667,-0.2477,0.5694,0.7361,ホソエガサさん / さくらこはダムです / ポディアさま / クレリゴス子様 / かんと師匠,電波姫☆いまりちゃん / さくらこはダムです / メル子大先生 / 明日香大明神 / 甲羅暮らしの201号,complete
1,672,em-99502667eee0,たけしメン,16,1300,1200,3,damage_reduction,-0.1667,-0.2477,0.5694,0.7361,たけしメン / さくらこはダムです / ポディアさま / クレリゴス子様 / かんと師匠,電波姫☆いまりちゃん / さくらこはダムです / メル子大先生 / 明日香大明神 / 甲羅暮らしの201号,complete
1,673,em-c3c3a8e92b71,仮面のいはと先生,25,2095,3063,3,delay,-0.1806,-0.2479,0.5556,0.7361,仮面のいはと先生 / ペーチパイセン / ポディアさま / クレリゴス子様 / ガハラさん,電波姫☆いまりちゃん / さくらこはダムです / メル子大先生 / 明日香大明神 / 甲羅暮らしの201号,partial-skill-support
1,674,em-cf3fd175f595,プチさんグロさん,27,2807,2895,2,aoe_attack,-0.1806,-0.2479,0.5556,0.7361,プチさんグロさん / ペーチパイセン / ポディアさま / クレリゴス子様 / ガハラさん,電波姫☆いまりちゃん / さくらこはダムです / メル子大先生 / 明日香大明神 / 甲羅暮らしの201号,complete
1,675,em-53e02d48f02a,It’s a ちーちゃん,33,6816,149,2,multi_hit_attack,-0.1799,-0.2486,0.5562,0.7361,It’s a ちーちゃん / 一葉ちゃんは作家さん / メル子大先生 / 明日香大明神 / ロータス先輩,電波姫☆いまりちゃん / さくらこはダムです / メル子大先生 / 明日香大明神 / 甲羅暮らしの201号,complete
1,676,em-2bce81b8821a,ネオ・まつやマンＺ,14,1661,1661,4,attack_buff,-0.1667,-0.2487,0.5694,0.7361,ネオ・まつやマンＺ / さくらこはダムです / ポディアさま / クレリゴス子様 / かんと師匠,電波姫☆いまりちゃん / さくらこはダムです / メル子大先生 / 明日香大明神 / 甲羅暮らしの201号,complete
1,677,em-95b55d8d6292,宮子inTheスカイ,14,1685,1690,4,heal,-0.1667,-0.2487,0.5694,0.7361,宮子inTheスカイ / さくらこはダムです / ポディアさま / クレリゴス子様 / かんと師匠,電波姫☆いまりちゃん / さくらこはダムです / メル子大先生 / 明日香大明神 / 甲羅暮らしの201号,complete
1,678,em-898fce321115,にゅー師匠,22,1610,4186,1,guard,-0.1736,-0.2487,0.5625,0.7361,にゅー師匠 / さくらこはダムです / ポディアさま / クレリゴス子様 / ガハラさん,電波姫☆いまりちゃん / さくらこはダムです / メル子大先生 / 明日香大明神 / 甲羅暮らしの201号,complete
1,679,em-c8db19de00fd,ワロンマイナー輩先,13,2953,1328,1,heal,-0.1736,-0.2487,0.5625,0.7361,ワロンマイナー輩先 / さくらこはダムです / ポディアさま / クレリゴス子様 / 頑張るハクさん,電波姫☆いまりちゃん / さくらこはダムです / メル子大先生 / 明日香大明神 / 甲羅暮らしの201号,complete
1,680,em-ffd239fbc2e4,わさび宇宙大王,22,4025,1610,2,guard,-0.1736,-0.2487,0.5625,0.7361,わさび宇宙大王 / ペーチパイセン / ポディアさま / クレリゴス子様 / まつやマン,電波姫☆いまりちゃん / さくらこはダムです / メル子大先生 / 明日香大明神 / 甲羅暮らしの201号,complete
1,681,em-5d34df1253d1,氷点下のレーカさん,40,2044,2556,3,revive,-0.1736,-0.2487,0.5625,0.7361,氷点下のレーカさん / ペーチパイセン / すわ子isGOD！ / ウサポワンちゃん / 頑張るハクさん,電波姫☆いまりちゃん / さくらこはダムです / メル子大先生 / 明日香大明神 / 甲羅暮らしの201号,complete
1,682,em-48860dff9f84,カナ★パラ,20,1661,1812,5,revive,-0.1875,-0.2488,0.5486,0.7361,カナ★パラ / さくらこはダムです / ポディアさま / クレリゴス子様 / まつやマン,電波姫☆いまりちゃん / さくらこはダムです / メル子大先生 / 明日香大明神 / 甲羅暮らしの201号,complete
1,683,em-627c09c619f8,さくら…こなのか,7,888,482,1,attribute_guard,-0.1597,-0.2491,0.5764,0.7361,さくら…こなのか / さくらこはダムです / ポディアさま / クレリゴス子様 / リスマニア,電波姫☆いまりちゃん / さくらこはダムです / メル子大先生 / 明日香大明神 / 甲羅暮らしの201号,complete
1,684,em-6b4ea2116a46,降臨先祖★ににぎくん,20,2334,2817,5,attack_buff,-0.1806,-0.2491,0.5556,0.7361,降臨先祖★ににぎくん / さくらこはダムです / ポディアさま / クレリゴス子様 / まつやマン,電波姫☆いまりちゃん / さくらこはダムです / メル子大先生 / 明日香大明神 / 甲羅暮らしの201号,complete
1,685,em-d0639c20e6b1,ユーコ☆宇宙,24,4260,2556,4,revive,-0.1806,-0.2491,0.5556,0.7361,ユーコ☆宇宙 / さくらこはダムです / ポディアさま / クレリゴス子様 / ガハラさん,電波姫☆いまりちゃん / さくらこはダムです / メル子大先生 / 明日香大明神 / 甲羅暮らしの201号,complete
1,686,em-f119f767f457,アダム＆エバ,50,5112,4260,4,attack_buff,-0.1806,-0.2491,0.5556,0.7361,アダム＆エバ / ペーチパイセン / メル子大先生 / 明日香大明神 / ロータス先輩,電波姫☆いまりちゃん / さくらこはダムです / メル子大先生 / 明日香大明神 / 甲羅暮らしの201号,complete
1,687,em-390f996a5d3f,かんと師匠,11,1128,1269,5,multi_hit_attack,-0.1806,-0.2491,0.5556,0.7361,かんと師匠 / さくらこはダムです / ポディアさま / クレリゴス子様 / 頑張るハクさん,電波姫☆いまりちゃん / さくらこはダムです / メル子大先生 / 明日香大明神 / 甲羅暮らしの201号,complete
1,688,em-583f38470462,さくらエビライダー,26,2414,2414,2,attribute_change,-0.1806,-0.2491,0.5556,0.7361,さくらエビライダー / ペーチパイセン / ポディアさま / クレリゴス子様 / ガハラさん,電波姫☆いまりちゃん / さくらこはダムです / メル子大先生 / 明日香大明神 / 甲羅暮らしの201号,complete
1,689,em-9c69c811a77c,ヤック・ザ・ナイト,8,600,700,5,multi_hit_attack,-0.1736,-0.2497,0.5625,0.7361,ヤック・ザ・ナイト / ペーチパイセン / ポディアさま / クレリゴス子様 / リスマニア,電波姫☆いまりちゃん / さくらこはダムです / メル子大先生 / 明日香大明神 / 甲羅暮らしの201号,complete
1,690,em-1b674c13ddf2,伊賀のイカ丸,13,1623,1736,5,skill_reduction,-0.1736,-0.2497,0.5625,0.7361,伊賀のイカ丸 / さくらこはダムです / ポディアさま / クレリゴス子様 / 頑張るハクさん,電波姫☆いまりちゃん / さくらこはダムです / メル子大先生 / 明日香大明神 / 甲羅暮らしの201号,partial-skill-support
1,691,em-d9bd2d5de563,コンクちゃん,20,2556,1704,1,damage_reduction,-0.1736,-0.2497,0.5625,0.7361,コンクちゃん / さくらこはダムです / ポディアさま / クレリゴス子様 / ガハラさん,電波姫☆いまりちゃん / さくらこはダムです / メル子大先生 / 明日香大明神 / 甲羅暮らしの201号,complete
1,692,em-2b7450b3b8b1,トンコー先生,15,1510,1510,3,multi_hit_attack,-0.1736,-0.2497,0.5625,0.7361,トンコー先生 / さくらこはダムです / ポディアさま / クレリゴス子様 / 頑張るハクさん,電波姫☆いまりちゃん / さくらこはダムです / メル子大先生 / 明日香大明神 / 甲羅暮らしの201号,complete
1,693,em-0f73ef7a7bb4,あいちゃん（表）,25,3542,2254,7,damage_reduction,-0.1806,-0.2502,0.5556,0.7361,あいちゃん（表） / ペーチパイセン / ポディアさま / クレリゴス子様 / ガハラさん,電波姫☆いまりちゃん / さくらこはダムです / メル子大先生 / 明日香大明神 / 甲羅暮らしの201号,complete
1,694,em-b0799e52d0a8,カヌーイング・ケベック,28,3674,2641,1,attack_buff,-0.1806,-0.2502,0.5556,0.7361,カヌーイング・ケベック / さくらこはダムです / ポディアさま / 電波姫☆いまりちゃん / かんと師匠,電波姫☆いまりちゃん / さくらこはダムです / メル子大先生 / 明日香大明神 / 甲羅暮らしの201号,complete
1,695,em-5a81e8231a65,宗像スリーピース,39,4601,4089,5,aoe_attack,-0.1806,-0.2502,0.5556,0.7361,宗像スリーピース / キルワくん / すわ子isGOD！ / 明日香大明神 / ロータス先輩,電波姫☆いまりちゃん / さくらこはダムです / メル子大先生 / 明日香大明神 / 甲羅暮らしの201号,complete
1,696,em-ef6acbb9fe3a,ﾌｫﾆｰ・ぴよ・ｶﾞｰﾙｽﾞY,25,3703,1771,4,attribute_change,-0.1806,-0.2502,0.5556,0.7361,ﾌｫﾆｰ・ぴよ・ｶﾞｰﾙｽﾞY / ペーチパイセン / ポディアさま / クレリゴス子様 / ガハラさん,電波姫☆いまりちゃん / さくらこはダムです / メル子大先生 / 明日香大明神 / 甲羅暮らしの201号,complete
1,697,em-0c67088a1447,わさわさ大根,11,2623,1184,6,delay,-0.1806,-0.2502,0.5556,0.7361,わさわさ大根 / 一葉ちゃんは作家さん / ポディアさま / クレリゴス子様 / ガハラさん,電波姫☆いまりちゃん / さくらこはダムです / メル子大先生 / 明日香大明神 / 甲羅暮らしの201号,partial-skill-support
1,698,em-51945f0997a9,藤原マミーさん,12,1963,1208,6,revive,-0.1806,-0.2502,0.5556,0.7361,藤原マミーさん / 一葉ちゃんは作家さん / ポディアさま / クレリゴス子様 / ガハラさん,電波姫☆いまりちゃん / さくらこはダムです / メル子大先生 / 明日香大明神 / 甲羅暮らしの201号,complete
1,699,em-1eb8ca42b88a,日南のモア蔵,14,3534,424,3,guard,-0.1806,-0.2502,0.5556,0.7361,日南のモア蔵 / ペーチパイセン / ポディアさま / クレリゴス子様 / 頑張るハクさん,電波姫☆いまりちゃん / さくらこはダムです / メル子大先生 / 明日香大明神 / 甲羅暮らしの201号,complete
1,700,em-f76821f7daba,スライディング・ケベック,18,2532,1993,1,attack_buff,-0.1736,-0.2508,0.5625,0.7361,スライディング・ケベック / ペーチパイセン / ポディアさま / クレリゴス子様 / かんと師匠,電波姫☆いまりちゃん / さくらこはダムです / メル子大先生 / 明日香大明神 / 甲羅暮らしの201号,complete
1,701,em-83b1d87342f9,コン美なん吉先生,20,882,3381,4,revive,-0.1736,-0.2508,0.5625,0.7361,コン美なん吉先生 / さくらこはダムです / ポディアさま / クレリゴス子様 / まつやマン,電波姫☆いまりちゃん / さくらこはダムです / メル子大先生 / 明日香大明神 / 甲羅暮らしの201号,complete
1,702,em-cfec91c161ef,祭り始めの蟹男,20,3578,1704,2,guard,-0.1736,-0.2508,0.5625,0.7361,祭り始めの蟹男 / ペーチパイセン / ポディアさま / クレリゴス子様 / zuス様とsiラ様,電波姫☆いまりちゃん / さくらこはダムです / メル子大先生 / 明日香大明神 / 甲羅暮らしの201号,complete
1,703,em-4694b1a256f8,悪魔！いびるん,9,600,700,5,guard,-0.1736,-0.2508,0.5625,0.7361,悪魔！いびるん / ペーチパイセン / ポディアさま / クレリゴス子様 / リスマニア,電波姫☆いまりちゃん / さくらこはダムです / メル子大先生 / 明日香大明神 / 甲羅暮らしの201号,complete
1,704,em-1f792483ea28,伝説のタミちゃん,10,514,466,3,attribute_guard,-0.1736,-0.2508,0.5625,0.7361,伝説のタミちゃん / ペーチパイセン / ポディアさま / クレリゴス子様 / リスマニア,電波姫☆いまりちゃん / さくらこはダムです / メル子大先生 / 明日香大明神 / 甲羅暮らしの201号,complete
1,705,em-8ff0428b1c8b,さなこ先生,10,1128,1269,4,delay,-0.1736,-0.2508,0.5625,0.7361,さなこ先生 / さくらこはダムです / ポディアさま / クレリゴス子様 / 頑張るハクさん,電波姫☆いまりちゃん / さくらこはダムです / メル子大先生 / 明日香大明神 / 甲羅暮らしの201号,partial-skill-support
1,706,em-f3be7c12380c,魔女ランダ,44,3067,5623,2,attribute_change,-0.1875,-0.2513,0.5486,0.7361,魔女ランダ / さくらこはダムです / すわ子isGOD！ / 明日香大明神 / ロータス先輩,電波姫☆いまりちゃん / さくらこはダムです / メル子大先生 / 明日香大明神 / 甲羅暮らしの201号,complete
1,707,em-e9d9b60eefb1,鈴鹿忍者,20,1623,2189,5,skill_reduction,-0.1875,-0.2513,0.5486,0.7361,鈴鹿忍者 / さくらこはダムです / ポディアさま / クレリゴス子様 / まつやマン,電波姫☆いまりちゃん / さくらこはダムです / メル子大先生 / 明日香大明神 / 甲羅暮らしの201号,partial-skill-support
1,708,em-5a3998126178,TAGOのBOOTH,17,2896,2385,6,multi_hit_attack,-0.1806,-0.2514,0.5556,0.7361,TAGOのBOOTH / さくらこはダムです / ポディアさま / クレリゴス子様 / zuス様とsiラ様,電波姫☆いまりちゃん / さくらこはダムです / メル子大先生 / 明日香大明神 / 甲羅暮らしの201号,complete
1,709,em-89867a1b17eb,ゴッホさんとおこﾀﾞﾘｱ,25,3158,3220,4,guard,-0.1806,-0.2514,0.5556,0.7361,ゴッホさんとおこﾀﾞﾘｱ / ペーチパイセン / ポディアさま / クレリゴス子様 / ガハラさん,電波姫☆いまりちゃん / さくらこはダムです / メル子大先生 / 明日香大明神 / 甲羅暮らしの201号,complete
1,710,em-a11a3441fd8e,レンネルアルケニー,43,2896,3919,2,damage_reduction,-0.1806,-0.2514,0.5556,0.7361,レンネルアルケニー / ペーチパイセン / メル子大先生 / ウサポワンちゃん / 頑張るハクさん,電波姫☆いまりちゃん / さくらこはダムです / メル子大先生 / 明日香大明神 / 甲羅暮らしの201号,complete
1,711,em-fa860bd30bd0,まつやマン・改,12,800,800,4,attack_buff,-0.1806,-0.2514,0.5556,0.7361,まつやマン・改 / 一葉ちゃんは作家さん / ポディアさま / クレリゴス子様 / ガハラさん,電波姫☆いまりちゃん / さくらこはダムです / メル子大先生 / 明日香大明神 / 甲羅暮らしの201号,complete
1,712,em-41dba7fe5bcf,剛腕！かるたーニャ,15,1120,1300,5,attack_buff,-0.1806,-0.2514,0.5556,0.7361,剛腕！かるたーニャ / さくらこはダムです / ポディアさま / クレリゴス子様 / かんと師匠,電波姫☆いまりちゃん / さくらこはダムです / メル子大先生 / 明日香大明神 / 甲羅暮らしの201号,complete
1,713,em-218dda17d95f,ヒッタ・伊東(日系),26,2567,1510,1,aoe_attack,-0.1806,-0.2514,0.5556,0.7361,ヒッタ・伊東(日系) / ペーチパイセン / ポディアさま / クレリゴス子様 / ガハラさん,電波姫☆いまりちゃん / さくらこはダムです / メル子大先生 / 明日香大明神 / 甲羅暮らしの201号,complete
1,714,em-8b0ee22a5cd7,ドナドナう皮,26,1676,1664,3,guard,-0.1806,-0.2514,0.5556,0.7361,ドナドナう皮 / ペーチパイセン / ポディアさま / クレリゴス子様 / ガハラさん,電波姫☆いまりちゃん / さくらこはダムです / メル子大先生 / 明日香大明神 / 甲羅暮らしの201号,complete
1,715,em-6885c7d684d6,雪の美女と魔獣,52,4304,3016,1,heal,-0.1806,-0.2514,0.5556,0.7361,雪の美女と魔獣 / ペーチパイセン / すわ子isGOD！ / おあげさん / 頑張るハクさん,電波姫☆いまりちゃん / さくらこはダムです / メル子大先生 / 明日香大明神 / 甲羅暮らしの201号,complete
1,716,em-f9ed70b034c7,チロ江さん,16,3020,1510,6,multi_hit_attack,-0.1806,-0.2514,0.5556,0.7361,チロ江さん / さくらこはダムです / ポディアさま / クレリゴス子様 / かんと師匠,電波姫☆いまりちゃん / さくらこはダムです / メル子大先生 / 明日香大明神 / 甲羅暮らしの201号,complete
1,717,em-a07828a97733,降臨！いつくしーみん,19,1761,3381,1,attack_buff,-0.1736,-0.2518,0.5625,0.7361,降臨！いつくしーみん / ペーチパイセン / ポディアさま / クレリゴス子様 / かんと師匠,電波姫☆いまりちゃん / さくらこはダムです / メル子大先生 / 明日香大明神 / 甲羅暮らしの201号,complete
1,718,em-5cd1890be20b,イーネちゃんの舟屋,41,3748,4771,1,guard,-0.1736,-0.2518,0.5625,0.7361,イーネちゃんの舟屋 / 一葉ちゃんは作家さん / すわ子isGOD！ / 明日香大明神 / zuス様とsiラ様,電波姫☆いまりちゃん / さくらこはダムです / メル子大先生 / 明日香大明神 / 甲羅暮らしの201号,complete
1,719,em-c33cc8cd4298,ほたるんるんるん,12,1100,1600,2,attribute_change,-0.1736,-0.2518,0.5625,0.7361,ほたるんるんるん / さくらこはダムです / ポディアさま / クレリゴス子様 / 頑張るハクさん,電波姫☆いまりちゃん / さくらこはダムです / メル子大先生 / 明日香大明神 / 甲羅暮らしの201号,complete
1,720,em-9a37900ca77a,椴椎葉仁久連子,14,830,2567,4,attack_buff,-0.1736,-0.2518,0.5625,0.7361,椴椎葉仁久連子 / さくらこはダムです / ポディアさま / クレリゴス子様 / 頑張るハクさん,電波姫☆いまりちゃん / さくらこはダムです / メル子大先生 / 明日香大明神 / 甲羅暮らしの201号,complete
1,721,em-277268a73e58,三冠王ササニキ,16,1963,1208,6,aoe_attack,-0.1806,-0.2525,0.5556,0.7361,三冠王ササニキ / さくらこはダムです / ポディアさま / クレリゴス子様 / かんと師匠,電波姫☆いまりちゃん / さくらこはダムです / メル子大先生 / 明日香大明神 / 甲羅暮らしの201号,complete
1,722,em-10c2721383dd,京子☆リフレッシュ,23,2035,3239,5,damage_reduction,-0.1875,-0.2526,0.5486,0.7361,京子☆リフレッシュ / さくらこはダムです / ポディアさま / クレリゴス子様 / ガハラさん,電波姫☆いまりちゃん / さくらこはダムです / メル子大先生 / 明日香大明神 / 甲羅暮らしの201号,complete
1,723,em-65efdfdd59b3,「ぼ」じゃなくてゔぉたん,40,4941,3408,1,attribute_change,-0.1875,-0.2526,0.5486,0.7361,「ぼ」じゃなくてゔぉたん / 一葉ちゃんは作家さん / すわ子isGOD！ / おあげさん / 頑張るハクさん,電波姫☆いまりちゃん / さくらこはダムです / メル子大先生 / 明日香大明神 / 甲羅暮らしの201号,complete
1,724,em-db1935c2a136,コーベリアル公爵,10,1229,1173,1,attribute_guard,-0.1736,-0.2528,0.5625,0.7361,コーベリアル公爵 / ペーチパイセン / ポディアさま / クレリゴス子様 / リスマニア,電波姫☆いまりちゃん / さくらこはダムです / メル子大先生 / 明日香大明神 / 甲羅暮らしの201号,complete
1,725,em-b71282ef08a8,出番です！鴨先生！,18,1358,1356,2,guard,-0.1736,-0.2528,0.5625,0.7361,出番です！鴨先生！ / ペーチパイセン / ポディアさま / クレリゴス子様 / かんと師匠,電波姫☆いまりちゃん / さくらこはダムです / メル子大先生 / 明日香大明神 / 甲羅暮らしの201号,complete
1,726,em-b5fa3fe8e44e,ディープワン・ゴロウ,8,1214,1189,2,attack_buff,-0.1736,-0.2528,0.5625,0.7361,ディープワン・ゴロウ / さくらこはダムです / ポディアさま / クレリゴス子様 / 頑張るハクさん,電波姫☆いまりちゃん / さくらこはダムです / メル子大先生 / 明日香大明神 / 甲羅暮らしの201号,complete
1,727,em-340c795c42dd,新・まつやマン,9,700,700,4,attack_buff,-0.1736,-0.2528,0.5625,0.7361,新・まつやマン / ペーチパイセン / ポディアさま / クレリゴス子様 / リスマニア,電波姫☆いまりちゃん / さくらこはダムです / メル子大先生 / 明日香大明神 / 甲羅暮らしの201号,complete
1,728,em-96ddff23dc3f,玉藻さま,9,700,700,4,attribute_guard,-0.1736,-0.2528,0.5625,0.7361,玉藻さま / ペーチパイセン / ポディアさま / クレリゴス子様 / リスマニア,電波姫☆いまりちゃん / さくらこはダムです / メル子大先生 / 明日香大明神 / 甲羅暮らしの201号,complete
1,729,em-7f906b3752a5,華麗なびわ子たん,10,1213,1190,3,damage_reduction,-0.1736,-0.2528,0.5625,0.7361,華麗なびわ子たん / さくらこはダムです / ポディアさま / クレリゴス子様 / 頑張るハクさん,電波姫☆いまりちゃん / さくらこはダムです / メル子大先生 / 明日香大明神 / 甲羅暮らしの201号,complete
1,730,em-681c8662f2b6,まさか殿(ｼﾞｬｰｼﾞ),55,6475,3748,6,delay,-0.1944,-0.2532,0.5417,0.7361,まさか殿(ｼﾞｬｰｼﾞ) / ペーチパイセン / すわ子isGOD！ / 明日香大明神 / zuス様とsiラ様,電波姫☆いまりちゃん / さくらこはダムです / メル子大先生 / 明日香大明神 / 甲羅暮らしの201号,partial-skill-support
1,731,em-9991a7ad9a04,ヒラメさん進化中,22,4004,2556,1,attribute_change,-0.1806,-0.2536,0.5556,0.7361,ヒラメさん進化中 / ペーチパイセン / ポディアさま / クレリゴス子様 / まつやマン,電波姫☆いまりちゃん / さくらこはダムです / メル子大先生 / 明日香大明神 / 甲羅暮らしの201号,complete
1,732,em-7688ea925e5e,瑠璃ノ宮,27,3408,2726,1,damage_reduction,-0.1806,-0.2536,0.5556,0.7361,瑠璃ノ宮 / さくらこはダムです / ポディアさま / 電波姫☆いまりちゃん / 頑張るハクさん,電波姫☆いまりちゃん / さくらこはダムです / メル子大先生 / 明日香大明神 / 甲羅暮らしの201号,complete
1,733,em-455191024aba,偉いぞさいごー丼,15,2718,1132,3,attribute_guard,-0.1806,-0.2536,0.5556,0.7361,偉いぞさいごー丼 / さくらこはダムです / ポディアさま / クレリゴス子様 / 頑張るハクさん,電波姫☆いまりちゃん / さくらこはダムです / メル子大先生 / 明日香大明神 / 甲羅暮らしの201号,complete
1,734,em-682cda3863fb,脱力コンビあろま＆るる,48,3067,5623,2,skill_reduction,-0.1875,-0.2538,0.5486,0.7361,脱力コンビあろま＆るる / さくらこはダムです / メル子大先生 / 明日香大明神 / ロータス先輩,電波姫☆いまりちゃん / さくらこはダムです / メル子大先生 / 明日香大明神 / 甲羅暮らしの201号,partial-skill-support
1,735,em-b9e75bc0b1f9,わっしょいミカ先生,20,4186,3220,5,attack_buff,-0.1875,-0.2538,0.5486,0.7361,わっしょいミカ先生 / さくらこはダムです / ポディアさま / クレリゴス子様 / まつやマン,電波姫☆いまりちゃん / さくらこはダムです / メル子大先生 / 明日香大明神 / 甲羅暮らしの201号,complete
1,736,em-c7ca0cfdb77b,護国の盾,14,1887,1510,5,attribute_guard,-0.1875,-0.2538,0.5486,0.7361,護国の盾 / さくらこはダムです / ポディアさま / クレリゴス子様 / 頑張るハクさん,電波姫☆いまりちゃん / さくらこはダムです / メル子大先生 / 明日香大明神 / 甲羅暮らしの201号,complete
1,737,em-554c0093231a,おあげさん,7,505,495,3,attack_buff,-0.1667,-0.2544,0.5694,0.7361,おあげさん / さくらこはダムです / ポディアさま / クレリゴス子様 / リスマニア,電波姫☆いまりちゃん / さくらこはダムです / メル子大先生 / 明日香大明神 / 甲羅暮らしの201号,complete
1,738,em-428a2893945d,雪愛ちゃん,8,590,630,3,attribute_change,-0.1806,-0.2547,0.5556,0.7361,雪愛ちゃん / ペーチパイセン / ポディアさま / クレリゴス子様 / リスマニア,電波姫☆いまりちゃん / さくらこはダムです / メル子大先生 / 明日香大明神 / 甲羅暮らしの201号,complete
1,739,em-74a94c7750af,スーちゃん,8,603,603,1,attribute_change,-0.1806,-0.2547,0.5556,0.7361,スーちゃん / ペーチパイセン / ポディアさま / クレリゴス子様 / リスマニア,電波姫☆いまりちゃん / さくらこはダムです / メル子大先生 / 明日香大明神 / 甲羅暮らしの201号,complete
1,740,em-99ad2fb4f1bc,いはとくん,8,580,640,3,delay,-0.1806,-0.2547,0.5556,0.7361,いはとくん / ペーチパイセン / ポディアさま / クレリゴス子様 / リスマニア,電波姫☆いまりちゃん / さくらこはダムです / メル子大先生 / 明日香大明神 / 甲羅暮らしの201号,partial-skill-support
1,741,em-2c819cc3029c,お稲荷さん,9,808,808,3,attack_buff,-0.1806,-0.2547,0.5556,0.7361,お稲荷さん / ペーチパイセン / ポディアさま / クレリゴス子様 / リスマニア,電波姫☆いまりちゃん / さくらこはダムです / メル子大先生 / 明日香大明神 / 甲羅暮らしの201号,complete
1,742,em-e4cc96d741ac,クル彦さん,9,702,702,1,attribute_change,-0.1806,-0.2547,0.5556,0.7361,クル彦さん / ペーチパイセン / ポディアさま / クレリゴス子様 / リスマニア,電波姫☆いまりちゃん / さくらこはダムです / メル子大先生 / 明日香大明神 / 甲羅暮らしの201号,complete
1,743,em-e718c5b250d7,彩れくたにん,9,600,700,2,attribute_change,-0.1806,-0.2547,0.5556,0.7361,彩れくたにん / ペーチパイセン / ポディアさま / クレリゴス子様 / リスマニア,電波姫☆いまりちゃん / さくらこはダムです / メル子大先生 / 明日香大明神 / 甲羅暮らしの201号,complete
1,744,em-5c4a86842734,芹沢殿,10,703,698,3,guard,-0.1806,-0.2547,0.5556,0.7361,芹沢殿 / ペーチパイセン / ポディアさま / クレリゴス子様 / リスマニア,電波姫☆いまりちゃん / さくらこはダムです / メル子大先生 / 明日香大明神 / 甲羅暮らしの201号,complete
1,745,em-0a1ba0b1d216,首領・小太郎,10,1215,1187,5,heal,-0.1806,-0.2547,0.5556,0.7361,首領・小太郎 / ペーチパイセン / ポディアさま / クレリゴス子様 / リスマニア,電波姫☆いまりちゃん / さくらこはダムです / メル子大先生 / 明日香大明神 / 甲羅暮らしの201号,complete
1,746,em-5b3eb6a3a507,なるリッシュ,20,1812,1510,2,attack_buff,-0.1806,-0.2547,0.5556,0.7361,なるリッシュ / さくらこはダムです / ポディアさま / クレリゴス子様 / ガハラさん,電波姫☆いまりちゃん / さくらこはダムです / メル子大先生 / 明日香大明神 / 甲羅暮らしの201号,complete
1,747,em-7346620e9a98,福井ザウルス,8,800,1000,2,attack_buff,-0.1736,-0.2558,0.5625,0.7361,福井ザウルス / ペーチパイセン / ポディアさま / クレリゴス子様 / リスマニア,電波姫☆いまりちゃん / さくらこはダムです / メル子大先生 / 明日香大明神 / 甲羅暮らしの201号,complete
1,748,em-2be7abbe40d1,大晦日！ナモミ先輩,14,300,1700,2,attack_buff,-0.1736,-0.2558,0.5625,0.7361,大晦日！ナモミ先輩 / さくらこはダムです / ポディアさま / クレリゴス子様 / かんと師匠,電波姫☆いまりちゃん / さくらこはダムです / メル子大先生 / 明日香大明神 / 甲羅暮らしの201号,complete
1,749,em-4d4bf14cc827,いはと先輩,15,1000,1400,3,delay,-0.1736,-0.2558,0.5625,0.7361,いはと先輩 / さくらこはダムです / ポディアさま / クレリゴス子様 / かんと師匠,電波姫☆いまりちゃん / さくらこはダムです / メル子大先生 / 明日香大明神 / 甲羅暮らしの201号,partial-skill-support
1,750,em-a71e0044e313,舞楽！いつくしーみん,15,800,1600,1,attack_buff,-0.1736,-0.2558,0.5625,0.7361,舞楽！いつくしーみん / さくらこはダムです / ポディアさま / クレリゴス子様 / かんと師匠,電波姫☆いまりちゃん / さくらこはダムです / メル子大先生 / 明日香大明神 / 甲羅暮らしの201号,complete
1,751,em-db2c3576c544,すわ子☆神,15,1100,1400,3,multi_hit_attack,-0.1736,-0.2558,0.5625,0.7361,すわ子☆神 / さくらこはダムです / ポディアさま / クレリゴス子様 / かんと師匠,電波姫☆いまりちゃん / さくらこはダムです / メル子大先生 / 明日香大明神 / 甲羅暮らしの201号,complete
1,752,em-3725122fa93d,ホーク元船員,9,600,850,1,attribute_guard,-0.1806,-0.2558,0.5556,0.7361,ホーク元船員 / ペーチパイセン / ポディアさま / クレリゴス子様 / リスマニア,電波姫☆いまりちゃん / さくらこはダムです / メル子大先生 / 明日香大明神 / 甲羅暮らしの201号,complete
1,753,em-e63df2359896,世界遺産な白鷺嬢,15,2100,600,3,heal,-0.1806,-0.2558,0.5556,0.7361,世界遺産な白鷺嬢 / ペーチパイセン / ポディアさま / クレリゴス子様 / 頑張るハクさん,電波姫☆いまりちゃん / さくらこはダムです / メル子大先生 / 明日香大明神 / 甲羅暮らしの201号,complete
1,754,em-2e6716824578,横きゅっちゃん,19,2817,2817,5,delay,-0.1875,-0.2562,0.5486,0.7361,横きゅっちゃん / ペーチパイセン / ポディアさま / クレリゴス子様 / かんと師匠,電波姫☆いまりちゃん / さくらこはダムです / メル子大先生 / 明日香大明神 / 甲羅暮らしの201号,partial-skill-support
1,755,em-1e8ec25622df,切間・ンジャロさん,39,5871,3442,4,skill_reduction,-0.1875,-0.2562,0.5486,0.7361,切間・ンジャロさん / ペーチパイセン / すわ子isGOD！ / ウサポワンちゃん / 頑張るハクさん,電波姫☆いまりちゃん / さくらこはダムです / メル子大先生 / 明日香大明神 / 甲羅暮らしの201号,partial-skill-support
1,756,em-53a13d10258e,コドモドラゴン！,10,1833,987,3,damage_reduction,-0.1875,-0.2562,0.5486,0.7361,コドモドラゴン！ / 一葉ちゃんは作家さん / ポディアさま / クレリゴス子様 / まつやマン,電波姫☆いまりちゃん / さくらこはダムです / メル子大先生 / 明日香大明神 / 甲羅暮らしの201号,complete
1,757,em-b820799215bb,ベレンだガマ,15,1,2145,0,damage_reduction,-0.1736,-0.2568,0.5625,0.7361,ベレンだガマ / さくらこはダムです / ポディアさま / クレリゴス子様 / かんと師匠,電波姫☆いまりちゃん / さくらこはダムです / メル子大先生 / 明日香大明神 / 甲羅暮らしの201号,complete
1,758,em-aeee7aac1b71,ジンジャーブレッド男,20,4143,2440,2,attack_buff,-0.1806,-0.2568,0.5556,0.7361,ジンジャーブレッド男 / ペーチパイセン / ポディアさま / クレリゴス子様 / zuス様とsiラ様,電波姫☆いまりちゃん / さくらこはダムです / メル子大先生 / 明日香大明神 / 甲羅暮らしの201号,complete
1,759,em-2b210d4c11e4,ラム！セス！シャス！,18,2265,1359,1,attribute_change,-0.1806,-0.2568,0.5556,0.7361,ラム！セス！シャス！ / ペーチパイセン / ポディアさま / クレリゴス子様 / かんと師匠,電波姫☆いまりちゃん / さくらこはダムです / メル子大先生 / 明日香大明神 / 甲羅暮らしの201号,complete
1,760,em-f35caa7e177a,モンポスさん,40,5112,2556,4,damage_reduction,-0.1806,-0.2568,0.5556,0.7361,モンポスさん / ペーチパイセン / すわ子isGOD！ / ウサポワンちゃん / 頑張るハクさん,電波姫☆いまりちゃん / さくらこはダムです / メル子大先生 / 明日香大明神 / 甲羅暮らしの201号,complete
1,761,em-24615318187a,掘joy座長,10,1131,1131,4,skill_reduction,-0.1806,-0.2568,0.5556,0.7361,掘joy座長 / ペーチパイセン / ポディアさま / クレリゴス子様 / リスマニア,電波姫☆いまりちゃん / さくらこはダムです / メル子大先生 / 明日香大明神 / 甲羅暮らしの201号,partial-skill-support
1,762,em-df28e035685e,ハル先輩,11,626,1096,5,heal,-0.1806,-0.2568,0.5556,0.7361,ハル先輩 / 一葉ちゃんは作家さん / ポディアさま / クレリゴス子様 / ガハラさん,電波姫☆いまりちゃん / さくらこはダムです / メル子大先生 / 明日香大明神 / 甲羅暮らしの201号,complete
1,763,em-681f5ba59a2b,角成馬之助,4,500,700,3,attribute_change,-0.1806,-0.2568,0.5556,0.7361,角成馬之助 / 一葉ちゃんは作家さん / ポディアさま / クレリゴス子様 / かんと師匠,電波姫☆いまりちゃん / さくらこはダムです / メル子大先生 / 明日香大明神 / 甲羅暮らしの201号,complete
1,764,em-41c5d9f739e4,健やか泰三,44,3052,5964,5,revive,-0.1944,-0.2572,0.5417,0.7361,健やか泰三 / さくらこはダムです / すわ子isGOD！ / 明日香大明神 / ロータス先輩,電波姫☆いまりちゃん / さくらこはダムです / メル子大先生 / 明日香大明神 / 甲羅暮らしの201号,complete
1,765,em-b943dbad0d0c,姫武者伏姫,54,6253,3823,5,guard,-0.1944,-0.2572,0.5417,0.7361,姫武者伏姫 / ペーチパイセン / すわ子isGOD！ / おあげさん / かんと師匠,電波姫☆いまりちゃん / さくらこはダムです / メル子大先生 / 明日香大明神 / 甲羅暮らしの201号,complete
1,766,em-a9a58521fc9a,皐月ねっつ,4,614,614,6,skill_reduction,-0.1875,-0.2573,0.5486,0.7361,皐月ねっつ / ペーチパイセン / 深海人ゴロウ / おあげちゃん / コトレードさん,電波姫☆いまりちゃん / さくらこはダムです / メル子大先生 / 明日香大明神 / 甲羅暮らしの201号,partial-skill-support
1,767,em-d9d5f56bc25e,マダム・P・コウテイ,23,4543,1986,5,skill_reduction,-0.1875,-0.2573,0.5486,0.7361,マダム・P・コウテイ / さくらこはダムです / ポディアさま / クレリゴス子様 / ガハラさん,電波姫☆いまりちゃん / さくらこはダムです / メル子大先生 / 明日香大明神 / 甲羅暮らしの201号,partial-skill-support
1,768,em-1dbd8ae5b939,国宝！白鷺嬢,12,1200,500,3,heal,-0.1875,-0.2573,0.5486,0.7361,国宝！白鷺嬢 / 一葉ちゃんは作家さん / ポディアさま / クレリゴス子様 / ガハラさん,電波姫☆いまりちゃん / さくらこはダムです / メル子大先生 / 明日香大明神 / 甲羅暮らしの201号,complete
1,769,em-f8e6761b2883,青龍,36,1704,6816,3,attack_buff,-0.1806,-0.2579,0.5556,0.7361,青龍 / 一葉ちゃんは作家さん / メル子大先生 / 明日香大明神 / ロータス先輩,電波姫☆いまりちゃん / さくらこはダムです / メル子大先生 / 明日香大明神 / 甲羅暮らしの201号,complete
1,770,em-fabca79c33ab,泰山春秋さん,40,5112,2633,3,revive,-0.1944,-0.2584,0.5417,0.7361,泰山春秋さん / 一葉ちゃんは作家さん / すわ子isGOD！ / おあげさん / 頑張るハクさん,電波姫☆いまりちゃん / さくらこはダムです / メル子大先生 / 明日香大明神 / 甲羅暮らしの201号,complete
1,771,em-9e9fc5ee5a9c,深淵のエルフ,18,2537,3059,4,attack_buff,-0.1875,-0.2585,0.5486,0.7361,深淵のエルフ / ペーチパイセン / ポディアさま / クレリゴス子様 / かんと師匠,電波姫☆いまりちゃん / さくらこはダムです / メル子大先生 / 明日香大明神 / 甲羅暮らしの201号,complete
1,772,em-4f4f96fc9b98,秋の落花妖精,15,1377,1209,8,revive,-0.1875,-0.2585,0.5486,0.7361,秋の落花妖精 / さくらこはダムです / ポディアさま / クレリゴス子様 / かんと師匠,電波姫☆いまりちゃん / さくらこはダムです / メル子大先生 / 明日香大明神 / 甲羅暮らしの201号,complete
1,773,em-872441b77617,ゴリョカタ先生,10,1300,800,5,skill_reduction,-0.1875,-0.2585,0.5486,0.7361,ゴリョカタ先生 / ペーチパイセン / ポディアさま / クレリゴス子様 / リスマニア,電波姫☆いまりちゃん / さくらこはダムです / メル子大先生 / 明日香大明神 / 甲羅暮らしの201号,partial-skill-support
1,774,em-4e4148d4d231,羊大美麗・こ祝いくん,12,900,700,4,heal,-0.1875,-0.2585,0.5486,0.7361,羊大美麗・こ祝いくん / 一葉ちゃんは作家さん / ポディアさま / クレリゴス子様 / ガハラさん,電波姫☆いまりちゃん / さくらこはダムです / メル子大先生 / 明日香大明神 / 甲羅暮らしの201号,complete
1,775,em-c6a0a8b51afe,ライオットうお太,41,3152,4175,4,damage_reduction,-0.1806,-0.2589,0.5556,0.7361,ライオットうお太 / 一葉ちゃんは作家さん / すわ子isGOD！ / 明日香大明神 / zuス様とsiラ様,電波姫☆いまりちゃん / さくらこはダムです / メル子大先生 / 明日香大明神 / 甲羅暮らしの201号,complete
1,776,em-8cdef0bc7893,戸隠ちび太夫,11,150,1200,3,attack_buff,-0.1806,-0.2589,0.5556,0.7361,戸隠ちび太夫 / さくらこはダムです / ポディアさま / クレリゴス子様 / 頑張るハクさん,電波姫☆いまりちゃん / さくらこはダムです / メル子大先生 / 明日香大明神 / 甲羅暮らしの201号,complete
1,777,em-4b42211e8e80,ナモミさん,12,200,1200,2,attack_buff,-0.1806,-0.2589,0.5556,0.7361,ナモミさん / さくらこはダムです / ポディアさま / クレリゴス子様 / 頑張るハクさん,電波姫☆いまりちゃん / さくらこはダムです / メル子大先生 / 明日香大明神 / 甲羅暮らしの201号,complete
1,778,em-d25a7727f654,プラハ嬢,32,1482,4991,4,damage_reduction,-0.1875,-0.2596,0.5486,0.7361,プラハ嬢 / 一葉ちゃんは作家さん / すわ子isGOD！ / 明日香大明神 / ロータス先輩,電波姫☆いまりちゃん / さくらこはダムです / メル子大先生 / 明日香大明神 / 甲羅暮らしの201号,complete
1,779,em-2a823144560b,パンのん☆春間,56,3919,3408,0,damage_reduction,-0.1875,-0.2596,0.5486,0.7361,パンのん☆春間 / ペーチパイセン / メル子大先生 / 明日香大明神 / zuス様とsiラ様,電波姫☆いまりちゃん / さくらこはダムです / メル子大先生 / 明日香大明神 / 甲羅暮らしの201号,complete
1,780,em-1a6fa57fc44e,朦朧ボディマンβ,12,400,1500,10,multi_hit_attack,-0.1875,-0.2596,0.5486,0.7361,朦朧ボディマンβ / さくらこはダムです / ポディアさま / クレリゴス子様 / 頑張るハクさん,電波姫☆いまりちゃん / さくらこはダムです / メル子大先生 / 明日香大明神 / 甲羅暮らしの201号,complete
1,781,em-40c34074cbb0,おかいこさま,17,2756,2511,4,attribute_change,-0.1875,-0.2596,0.5486,0.7361,おかいこさま / さくらこはダムです / ポディアさま / クレリゴス子様 / zuス様とsiラ様,電波姫☆いまりちゃん / さくらこはダムです / メル子大先生 / 明日香大明神 / 甲羅暮らしの201号,complete
1,782,em-225f7b74580b,Ｗ・大杉ィ！,14,1200,600,3,guard,-0.1875,-0.2596,0.5486,0.7361,Ｗ・大杉ィ！ / ペーチパイセン / ポディアさま / クレリゴス子様 / 頑張るハクさん,電波姫☆いまりちゃん / さくらこはダムです / メル子大先生 / 明日香大明神 / 甲羅暮らしの201号,complete
1,783,em-7ef2a0d30bcc,ケレント・ヴァニ江,26,3340,3510,6,delay,-0.1944,-0.2597,0.5417,0.7361,ケレント・ヴァニ江 / ペーチパイセン / ポディアさま / クレリゴス子様 / ガハラさん,電波姫☆いまりちゃん / さくらこはダムです / メル子大先生 / 明日香大明神 / 甲羅暮らしの201号,partial-skill-support
1,784,em-3a859cb07c11,こんぴらさん先輩,25,2898,2898,10,delay,-0.1944,-0.2597,0.5417,0.7361,こんぴらさん先輩 / ペーチパイセン / ポディアさま / クレリゴス子様 / ガハラさん,電波姫☆いまりちゃん / さくらこはダムです / メル子大先生 / 明日香大明神 / 甲羅暮らしの201号,partial-skill-support
1,785,em-66075c4def49,K・Y・イマガワ,40,5793,3237,5,attack_buff,-0.1944,-0.2597,0.5417,0.7361,K・Y・イマガワ / ペーチパイセン / すわ子isGOD！ / ウサポワンちゃん / 頑張るハクさん,電波姫☆いまりちゃん / さくらこはダムです / メル子大先生 / 明日香大明神 / 甲羅暮らしの201号,complete
1,786,em-eaadf81fc136,サリー,55,4686,4004,4,aoe_attack,-0.1944,-0.2597,0.5417,0.7361,サリー / ペーチパイセン / 人面恐竜の謎 / 明日香大明神 / ロータス先輩,電波姫☆いまりちゃん / さくらこはダムです / メル子大先生 / 明日香大明神 / 甲羅暮らしの201号,complete
1,787,em-c42ef00ed018,ｗｗナレースワンｗｗ,25,2560,2584,4,delay,-0.1944,-0.2597,0.5417,0.7361,ｗｗナレースワンｗｗ / ペーチパイセン / ポディアさま / クレリゴス子様 / ガハラさん,電波姫☆いまりちゃん / さくらこはダムです / メル子大先生 / 明日香大明神 / 甲羅暮らしの201号,partial-skill-support
1,788,em-9d861b51bd30,波乗りキング,18,776,2582,3,attack_buff,-0.1806,-0.2599,0.5556,0.7361,波乗りキング / ペーチパイセン / ポディアさま / クレリゴス子様 / かんと師匠,電波姫☆いまりちゃん / さくらこはダムです / メル子大先生 / 明日香大明神 / 甲羅暮らしの201号,complete
1,789,em-fd111e204918,アルビールパイセン,19,467,2608,3,delay,-0.1806,-0.2599,0.5556,0.7361,アルビールパイセン / ペーチパイセン / ポディアさま / クレリゴス子様 / かんと師匠,電波姫☆いまりちゃん / さくらこはダムです / メル子大先生 / 明日香大明神 / 甲羅暮らしの201号,partial-skill-support
1,790,em-6cbfcc23cd10,発光大王ほたるーニャ,9,1057,1198,3,attribute_change,-0.1806,-0.2599,0.5556,0.7361,発光大王ほたるーニャ / ペーチパイセン / ポディアさま / クレリゴス子様 / リスマニア,電波姫☆いまりちゃん / さくらこはダムです / メル子大先生 / 明日香大明神 / 甲羅暮らしの201号,complete
1,791,em-9999a53f68e1,牛タソ,5,500,50,3,guard,-0.1736,-0.2605,0.5625,0.7361,牛タソ / さくらこはダムです / ポディアさま / クレリゴス子様 / リスマニア,電波姫☆いまりちゃん / さくらこはダムです / メル子大先生 / 明日香大明神 / 甲羅暮らしの201号,complete
1,792,em-bbcbbb9fef0a,こっちの大谷,6,1000,100,3,damage_reduction,-0.1736,-0.2605,0.5625,0.7361,こっちの大谷 / さくらこはダムです / ポディアさま / クレリゴス子様 / リスマニア,電波姫☆いまりちゃん / さくらこはダムです / メル子大先生 / 明日香大明神 / 甲羅暮らしの201号,complete
1,793,em-ed2518ac8873,もんさん,9,1200,400,3,heal,-0.1875,-0.2607,0.5486,0.7361,もんさん / ペーチパイセン / ポディアさま / クレリゴス子様 / リスマニア,電波姫☆いまりちゃん / さくらこはダムです / メル子大先生 / 明日香大明神 / 甲羅暮らしの201号,complete
1,794,em-f1c89b71f7a5,ソクラテツ,3,600,500,8,delay,-0.1875,-0.2607,0.5486,0.7361,ソクラテツ / ペーチパイセン / ゴロウ / ズースくん / ケーンクラちゃん,電波姫☆いまりちゃん / さくらこはダムです / メル子大先生 / 明日香大明神 / 甲羅暮らしの201号,partial-skill-support
1,795,em-9023d3e14dde,まいこくん,10,800,800,5,heal,-0.1875,-0.2607,0.5486,0.7361,まいこくん / ペーチパイセン / ポディアさま / クレリゴス子様 / リスマニア,電波姫☆いまりちゃん / さくらこはダムです / メル子大先生 / 明日香大明神 / 甲羅暮らしの201号,complete
1,796,em-ff3d1a430d0b,中秋ぴよ子,9,1365,1365,6,skill_reduction,-0.1875,-0.2607,0.5486,0.7361,中秋ぴよ子 / ペーチパイセン / ポディアさま / クレリゴス子様 / リスマニア,電波姫☆いまりちゃん / さくらこはダムです / メル子大先生 / 明日香大明神 / 甲羅暮らしの201号,partial-skill-support
1,797,em-cf62aeacc244,やまたのおろちん,40,2726,2726,3,multi_hit_attack,-0.1875,-0.2607,0.5486,0.7361,やまたのおろちん / ペーチパイセン / すわ子isGOD！ / ウサポワンちゃん / 頑張るハクさん,電波姫☆いまりちゃん / さくらこはダムです / メル子大先生 / 明日香大明神 / 甲羅暮らしの201号,complete
1,798,em-82d7b7a877f8,電ドロ白鷺嬢,39,6816,2556,2,heal,-0.1806,-0.2609,0.5556,0.7361,電ドロ白鷺嬢 / ペーチパイセン / すわ子isGOD！ / ウサポワンちゃん / 頑張るハクさん,電波姫☆いまりちゃん / さくらこはダムです / メル子大先生 / 明日香大明神 / 甲羅暮らしの201号,complete
1,799,em-d138d4e46038,きぬたン,48,3067,4771,2,attack_buff,-0.1944,-0.2609,0.5417,0.7361,きぬたン / さくらこはダムです / メル子大先生 / 明日香大明神 / ロータス先輩,電波姫☆いまりちゃん / さくらこはダムです / メル子大先生 / 明日香大明神 / 甲羅暮らしの201号,complete
1,800,em-97a72b4c6dd6,女王！かるたーニャ,19,2495,2656,5,attack_buff,-0.1944,-0.2609,0.5417,0.7361,女王！かるたーニャ / ペーチパイセン / ポディアさま / クレリゴス子様 / かんと師匠,電波姫☆いまりちゃん / さくらこはダムです / メル子大先生 / 明日香大明神 / 甲羅暮らしの201号,complete
1,801,em-55cdacc97f8e,バーチャルおぅぼっと,25,4025,1610,7,damage_reduction,-0.1944,-0.2609,0.5417,0.7361,バーチャルおぅぼっと / ペーチパイセン / ポディアさま / クレリゴス子様 / ガハラさん,電波姫☆いまりちゃん / さくらこはダムです / メル子大先生 / 明日香大明神 / 甲羅暮らしの201号,complete
1,802,em-1fcc8f4c1ae3,ヴェルサイユの朝,45,2556,6645,5,attack_buff,-0.1944,-0.2609,0.5417,0.7361,ヴェルサイユの朝 / ペーチパイセン / すわ子isGOD！ / おあげさん / リスマニア,電波姫☆いまりちゃん / さくらこはダムです / メル子大先生 / 明日香大明神 / 甲羅暮らしの201号,complete
1,803,em-643d05a15e4e,エビユルゲ大佐,5,520,460,2,attribute_change,-0.1736,-0.2615,0.5625,0.7361,エビユルゲ大佐 / さくらこはダムです / ポディアさま / クレリゴス子様 / リスマニア,電波姫☆いまりちゃん / さくらこはダムです / メル子大先生 / 明日香大明神 / 甲羅暮らしの201号,complete
1,804,em-573a74e6170b,God of 魚ぉ！,8,1269,1128,4,heal,-0.2014,-0.2616,0.5347,0.7361,God of 魚ぉ！ / キルワくん / ポディアさま / クレリゴス子様 / 頑張るハクさん,電波姫☆いまりちゃん / さくらこはダムです / メル子大先生 / 明日香大明神 / 甲羅暮らしの201号,complete
1,805,em-5fa0e98e47a3,びゃ子隊長,18,885,4266,4,attack_buff,-0.1875,-0.2618,0.5486,0.7361,びゃ子隊長 / ペーチパイセン / ポディアさま / クレリゴス子様 / かんと師匠,電波姫☆いまりちゃん / さくらこはダムです / メル子大先生 / 明日香大明神 / 甲羅暮らしの201号,complete
1,806,em-2c51c9073e5a,強化ゆる骨格のススメ,50,1704,1704,12,attribute_guard,-0.1875,-0.2618,0.5486,0.7361,強化ゆる骨格のススメ / ペーチパイセン / メル子大先生 / 明日香大明神 / ロータス先輩,電波姫☆いまりちゃん / さくらこはダムです / メル子大先生 / 明日香大明神 / 甲羅暮らしの201号,complete
1,807,em-20df4bd7efaf,白鷺嬢,8,800,420,3,heal,-0.1875,-0.2618,0.5486,0.7361,白鷺嬢 / ペーチパイセン / ポディアさま / クレリゴス子様 / リスマニア,電波姫☆いまりちゃん / さくらこはダムです / メル子大先生 / 明日香大明神 / 甲羅暮らしの201号,complete
1,808,em-c6785d8f86c3,中央アルプスの犬,9,600,400,2,damage_reduction,-0.1875,-0.2618,0.5486,0.7361,中央アルプスの犬 / ペーチパイセン / ポディアさま / クレリゴス子様 / リスマニア,電波姫☆いまりちゃん / さくらこはダムです / メル子大先生 / 明日香大明神 / 甲羅暮らしの201号,complete
1,809,em-feb63aeda54a,古のさくどん,9,1215,1187,6,delay,-0.1875,-0.2618,0.5486,0.7361,古のさくどん / ペーチパイセン / ポディアさま / クレリゴス子様 / リスマニア,電波姫☆いまりちゃん / さくらこはダムです / メル子大先生 / 明日香大明神 / 甲羅暮らしの201号,partial-skill-support
1,810,em-5f9efdc805e5,呼んでますトムさん,15,1269,1269,3,attribute_guard,-0.1875,-0.2618,0.5486,0.7361,呼んでますトムさん / さくらこはダムです / ポディアさま / クレリゴス子様 / 頑張るハクさん,電波姫☆いまりちゃん / さくらこはダムです / メル子大先生 / 明日香大明神 / 甲羅暮らしの201号,complete
1,811,em-6ead69ef1b01,精霊ブーナッド,16,4025,805,2,heal,-0.1875,-0.2618,0.5486,0.7361,精霊ブーナッド / さくらこはダムです / ポディアさま / クレリゴス子様 / かんと師匠,電波姫☆いまりちゃん / さくらこはダムです / メル子大先生 / 明日香大明神 / 甲羅暮らしの201号,complete
1,812,em-95b7f0f77e62,エンジェル道場,12,900,1000,4,attack_buff,-0.1875,-0.2618,0.5486,0.7361,エンジェル道場 / 一葉ちゃんは作家さん / ポディアさま / クレリゴス子様 / ガハラさん,電波姫☆いまりちゃん / さくらこはダムです / メル子大先生 / 明日香大明神 / 甲羅暮らしの201号,complete
1,813,em-63ceffbe70c1,鈴鹿三郎,6,270,710,5,attack_buff,-0.1806,-0.2619,0.5556,0.7361,鈴鹿三郎 / さくらこはダムです / ポディアさま / クレリゴス子様 / リスマニア,電波姫☆いまりちゃん / さくらこはダムです / メル子大先生 / 明日香大明神 / 甲羅暮らしの201号,complete
1,814,em-2741e80418d1,小町さま,18,1887,1887,5,aoe_attack,-0.1944,-0.2621,0.5417,0.7361,小町さま / ペーチパイセン / ポディアさま / クレリゴス子様 / 頑張るハクさん,電波姫☆いまりちゃん / さくらこはダムです / メル子大先生 / 明日香大明神 / 甲羅暮らしの201号,complete
1,815,em-764989efdc82,まつやマン,6,600,600,4,attack_buff,-0.1736,-0.2624,0.5625,0.7361,まつやマン / さくらこはダムです / ポディアさま / クレリゴス子様 / リスマニア,電波姫☆いまりちゃん / さくらこはダムです / メル子大先生 / 明日香大明神 / 甲羅暮らしの201号,complete
1,816,em-11e2e69b2674,フクさん,5,400,500,3,attribute_change,-0.1736,-0.2624,0.5625,0.7361,フクさん / さくらこはダムです / ポディアさま / クレリゴス子様 / リスマニア,電波姫☆いまりちゃん / さくらこはダムです / メル子大先生 / 明日香大明神 / 甲羅暮らしの201号,complete
1,817,em-e9a4c94598fc,深海人ゴロウ,6,500,480,2,attack_buff,-0.1736,-0.2624,0.5625,0.7361,深海人ゴロウ / さくらこはダムです / ポディアさま / クレリゴス子様 / リスマニア,電波姫☆いまりちゃん / さくらこはダムです / メル子大先生 / 明日香大明神 / 甲羅暮らしの201号,complete
1,818,em-f14c0a7296cf,コーベリアル伯爵,7,500,480,2,attribute_guard,-0.1736,-0.2624,0.5625,0.7361,コーベリアル伯爵 / さくらこはダムです / ポディアさま / クレリゴス子様 / リスマニア,電波姫☆いまりちゃん / さくらこはダムです / メル子大先生 / 明日香大明神 / 甲羅暮らしの201号,complete
1,819,em-d8eb593c8b14,まんでー＆ぬーん,15,1500,1500,4,delay,-0.1806,-0.2629,0.5556,0.7361,まんでー＆ぬーん / さくらこはダムです / ポディアさま / クレリゴス子様 / かんと師匠,電波姫☆いまりちゃん / さくらこはダムです / メル子大先生 / 明日香大明神 / 甲羅暮らしの201号,partial-skill-support
1,820,em-26b2b9dc8b6f,魔法使いるる＆るる,16,1500,1500,4,attack_buff,-0.1806,-0.2629,0.5556,0.7361,魔法使いるる＆るる / さくらこはダムです / ポディアさま / クレリゴス子様 / かんと師匠,電波姫☆いまりちゃん / さくらこはダムです / メル子大先生 / 明日香大明神 / 甲羅暮らしの201号,complete
1,821,em-a882d269c658,郷先輩,16,1400,1200,4,damage_reduction,-0.1806,-0.2629,0.5556,0.7361,郷先輩 / さくらこはダムです / ポディアさま / クレリゴス子様 / かんと師匠,電波姫☆いまりちゃん / さくらこはダムです / メル子大先生 / 明日香大明神 / 甲羅暮らしの201号,complete
1,822,em-ceea9992db7d,しずこ先輩,16,900,1600,4,multi_hit_attack,-0.1806,-0.2629,0.5556,0.7361,しずこ先輩 / さくらこはダムです / ポディアさま / クレリゴス子様 / かんと師匠,電波姫☆いまりちゃん / さくらこはダムです / メル子大先生 / 明日香大明神 / 甲羅暮らしの201号,complete
1,823,em-e74f447e061a,あわわ子先生,16,1500,1500,4,attack_buff,-0.1806,-0.2629,0.5556,0.7361,あわわ子先生 / さくらこはダムです / ポディアさま / クレリゴス子様 / かんと師匠,電波姫☆いまりちゃん / さくらこはダムです / メル子大先生 / 明日香大明神 / 甲羅暮らしの201号,complete
1,824,em-74b9082a787c,暫時バル状態,19,2938,838,4,damage_reduction,-0.1875,-0.2629,0.5486,0.7361,暫時バル状態 / ペーチパイセン / ポディアさま / クレリゴス子様 / かんと師匠,電波姫☆いまりちゃん / さくらこはダムです / メル子大先生 / 明日香大明神 / 甲羅暮らしの201号,complete
1,825,em-d46e72def2a2,いつくしーみん,8,380,840,2,attack_buff,-0.1875,-0.2629,0.5486,0.7361,いつくしーみん / ペーチパイセン / ポディアさま / クレリゴス子様 / リスマニア,電波姫☆いまりちゃん / さくらこはダムです / メル子大先生 / 明日香大明神 / 甲羅暮らしの201号,complete
1,826,em-3e54a6be4029,おかいこ先輩,15,1206,1276,5,attribute_change,-0.1875,-0.2629,0.5486,0.7361,おかいこ先輩 / さくらこはダムです / ポディアさま / クレリゴス子様 / かんと師匠,電波姫☆いまりちゃん / さくらこはダムです / メル子大先生 / 明日香大明神 / 甲羅暮らしの201号,complete
1,827,em-776a370b4f6e,隠れ里だよ久連子さん,11,435,1165,5,attack_buff,-0.1875,-0.2629,0.5486,0.7361,隠れ里だよ久連子さん / さくらこはダムです / ポディアさま / クレリゴス子様 / 頑張るハクさん,電波姫☆いまりちゃん / さくらこはダムです / メル子大先生 / 明日香大明神 / 甲羅暮らしの201号,complete
1,828,em-bb256f97e3d5,ダークウォーカー,15,900,1500,5,attack_buff,-0.1875,-0.2629,0.5486,0.7361,ダークウォーカー / さくらこはダムです / ポディアさま / クレリゴス子様 / かんと師匠,電波姫☆いまりちゃん / さくらこはダムです / メル子大先生 / 明日香大明神 / 甲羅暮らしの201号,complete
1,829,em-3ad7d27f7887,ハワイる水島神人,19,2567,1208,2,guard,-0.1875,-0.2629,0.5486,0.7361,ハワイる水島神人 / ペーチパイセン / ポディアさま / クレリゴス子様 / かんと師匠,電波姫☆いまりちゃん / さくらこはダムです / メル子大先生 / 明日香大明神 / 甲羅暮らしの201号,complete
1,830,em-34ca667f5a4f,もん姉さん,11,1400,500,3,heal,-0.1875,-0.2629,0.5486,0.7361,もん姉さん / 一葉ちゃんは作家さん / ポディアさま / クレリゴス子様 / ガハラさん,電波姫☆いまりちゃん / さくらこはダムです / メル子大先生 / 明日香大明神 / 甲羅暮らしの201号,complete
1,831,em-4ea698949c11,侵略成功!?イカ翁,20,1131,1272,2,revive,-0.1875,-0.2629,0.5486,0.7361,侵略成功!?イカ翁 / さくらこはダムです / ポディアさま / クレリゴス子様 / ガハラさん,電波姫☆いまりちゃん / さくらこはダムです / メル子大先生 / 明日香大明神 / 甲羅暮らしの201号,complete
1,832,em-69c457dd7e6a,スミθ＆エð,13,3020,755,2,attribute_guard,-0.1944,-0.2633,0.5417,0.7361,スミθ＆エð / 一葉ちゃんは作家さん / ポディアさま / クレリゴス子様 / ガハラさん,電波姫☆いまりちゃん / さくらこはダムです / メル子大先生 / 明日香大明神 / 甲羅暮らしの201号,complete
1,833,em-d6e944b5ee2a,糖分大好きあいちゃん,16,1900,1100,4,damage_reduction,-0.1806,-0.2639,0.5556,0.7361,糖分大好きあいちゃん / さくらこはダムです / ポディアさま / クレリゴス子様 / かんと師匠,電波姫☆いまりちゃん / さくらこはダムです / メル子大先生 / 明日香大明神 / 甲羅暮らしの201号,complete
1,834,em-6e34e2ee96ae,元祖・からっ風太郎,18,1188,1197,3,attack_buff,-0.1875,-0.2639,0.5486,0.7361,元祖・からっ風太郎 / ペーチパイセン / ポディアさま / クレリゴス子様 / かんと師匠,電波姫☆いまりちゃん / さくらこはダムです / メル子大先生 / 明日香大明神 / 甲羅暮らしの201号,complete
1,835,em-490ce6c4d005,ア、ショーカ大王,45,3067,4601,3,multi_hit_attack,-0.2014,-0.2643,0.5347,0.7361,ア、ショーカ大王 / さくらこはダムです / すわ子isGOD！ / 明日香大明神 / ロータス先輩,電波姫☆いまりちゃん / さくらこはダムです / メル子大先生 / 明日香大明神 / 甲羅暮らしの201号,complete
1,836,em-9688f4bf146a,マツモムシ,40,3748,2385,2,damage_reduction,-0.2014,-0.2643,0.5347,0.7361,マツモムシ / 一葉ちゃんは作家さん / すわ子isGOD！ / おあげさん / かんと師匠,電波姫☆いまりちゃん / さくらこはダムです / メル子大先生 / 明日香大明神 / 甲羅暮らしの201号,complete
1,837,em-abba3b9e6efe,救世主トッキー,24,2576,2576,5,attack_buff,-0.1944,-0.2644,0.5417,0.7361,救世主トッキー / さくらこはダムです / ポディアさま / クレリゴス子様 / ガハラさん,電波姫☆いまりちゃん / さくらこはダムです / メル子大先生 / 明日香大明神 / 甲羅暮らしの201号,complete
1,838,em-de119df9f239,ポティアさま,25,2737,2093,7,delay,-0.1944,-0.2644,0.5417,0.7361,ポティアさま / ペーチパイセン / ポディアさま / クレリゴス子様 / ガハラさん,電波姫☆いまりちゃん / さくらこはダムです / メル子大先生 / 明日香大明神 / 甲羅暮らしの201号,partial-skill-support
1,839,em-2dbc1045b160,うすきま先生,15,1400,1000,1,attribute_change,-0.1806,-0.2648,0.5556,0.7361,うすきま先生 / さくらこはダムです / ポディアさま / クレリゴス子様 / かんと師匠,電波姫☆いまりちゃん / さくらこはダムです / メル子大先生 / 明日香大明神 / 甲羅暮らしの201号,complete
1,840,em-fe5ed60fbf2d,強いぞさいごー丼,9,930,574,3,attribute_guard,-0.1875,-0.265,0.5486,0.7361,強いぞさいごー丼 / 一葉ちゃんは作家さん / ポディアさま / クレリゴス子様 / まつやマン,電波姫☆いまりちゃん / さくらこはダムです / メル子大先生 / 明日香大明神 / 甲羅暮らしの201号,complete
1,841,em-814151a5ca65,登別ッキー,35,2556,6134,2,skill_reduction,-0.1875,-0.265,0.5486,0.7361,登別ッキー / 一葉ちゃんは作家さん / メル子大先生 / 明日香大明神 / ロータス先輩,電波姫☆いまりちゃん / さくらこはダムです / メル子大先生 / 明日香大明神 / 甲羅暮らしの201号,partial-skill-support
1,842,em-82924ccc2fd6,ゴリョカタさん,8,1100,600,4,skill_reduction,-0.1875,-0.265,0.5486,0.7361,ゴリョカタさん / ペーチパイセン / ポディアさま / クレリゴス子様 / リスマニア,電波姫☆いまりちゃん / さくらこはダムです / メル子大先生 / 明日香大明神 / 甲羅暮らしの201号,partial-skill-support
1,843,em-634aa027562b,玄武,40,6816,2385,5,attack_buff,-0.2014,-0.2655,0.5347,0.7361,玄武 / 一葉ちゃんは作家さん / すわ子isGOD！ / おあげさん / 頑張るハクさん,電波姫☆いまりちゃん / さくらこはダムです / メル子大先生 / 明日香大明神 / 甲羅暮らしの201号,complete
1,844,em-ba44670a78e1,まんでーちゃん,8,900,900,5,delay,-0.1944,-0.2656,0.5417,0.7361,まんでーちゃん / ペーチパイセン / ポディアさま / クレリゴス子様 / リスマニア,電波姫☆いまりちゃん / さくらこはダムです / メル子大先生 / 明日香大明神 / 甲羅暮らしの201号,partial-skill-support
1,845,em-66f3b3cb0210,和みぴよ子,11,1145,1145,5,delay,-0.1944,-0.2656,0.5417,0.7361,和みぴよ子 / 一葉ちゃんは作家さん / ポディアさま / クレリゴス子様 / ガハラさん,電波姫☆いまりちゃん / さくらこはダムです / メル子大先生 / 明日香大明神 / 甲羅暮らしの201号,partial-skill-support
1,846,em-f88f213eb120,黄金地蔵とげぬきィ！,12,1201,1201,5,revive,-0.1944,-0.2656,0.5417,0.7361,黄金地蔵とげぬきィ！ / 一葉ちゃんは作家さん / ポディアさま / クレリゴス子様 / ガハラさん,電波姫☆いまりちゃん / さくらこはダムです / メル子大先生 / 明日香大明神 / 甲羅暮らしの201号,complete
1,847,em-06aa04fdf3c0,遠野のわらしちゃん,8,564,1128,4,delay,-0.1875,-0.266,0.5486,0.7361,遠野のわらしちゃん / ペーチパイセン / ポディアさま / クレリゴス子様 / リスマニア,電波姫☆いまりちゃん / さくらこはダムです / メル子大先生 / 明日香大明神 / 甲羅暮らしの201号,partial-skill-support
1,848,em-a3b6474aaf2c,さなこ先輩,8,600,700,5,delay,-0.1875,-0.266,0.5486,0.7361,さなこ先輩 / ペーチパイセン / ポディアさま / クレリゴス子様 / リスマニア,電波姫☆いまりちゃん / さくらこはダムです / メル子大先生 / 明日香大明神 / 甲羅暮らしの201号,partial-skill-support
1,849,em-66de8e9cccc9,花妖精こすもっすん,9,692,712,5,skill_reduction,-0.1875,-0.266,0.5486,0.7361,花妖精こすもっすん / ペーチパイセン / ポディアさま / クレリゴス子様 / リスマニア,電波姫☆いまりちゃん / さくらこはダムです / メル子大先生 / 明日香大明神 / 甲羅暮らしの201号,partial-skill-support
1,850,em-e462513db7c6,かんと先生,9,600,700,5,multi_hit_attack,-0.1875,-0.266,0.5486,0.7361,かんと先生 / ペーチパイセン / ポディアさま / クレリゴス子様 / リスマニア,電波姫☆いまりちゃん / さくらこはダムです / メル子大先生 / 明日香大明神 / 甲羅暮らしの201号,complete
1,851,em-b8168a7a90ca,大杉に願いを☆ミ,39,5129,3067,2,attribute_guard,-0.1875,-0.266,0.5486,0.7361,大杉に願いを☆ミ / ペーチパイセン / すわ子isGOD！ / ウサポワンちゃん / 頑張るハクさん,電波姫☆いまりちゃん / さくらこはダムです / メル子大先生 / 明日香大明神 / 甲羅暮らしの201号,complete
1,852,em-830856ac5a07,トキシッくん先輩,7,1000,800,4,revive,-0.1806,-0.2667,0.5556,0.7361,トキシッくん先輩 / さくらこはダムです / ポディアさま / クレリゴス子様 / リスマニア,電波姫☆いまりちゃん / さくらこはダムです / メル子大先生 / 明日香大明神 / 甲羅暮らしの201号,complete
1,853,em-ec978322ece8,タイプ：テン,20,3864,966,4,guard,-0.1944,-0.2667,0.5417,0.7361,タイプ：テン / さくらこはダムです / ポディアさま / クレリゴス子様 / ガハラさん,電波姫☆いまりちゃん / さくらこはダムです / メル子大先生 / 明日香大明神 / 甲羅暮らしの201号,complete
1,854,em-7a57f923ab2c,ありえんキャット様,61,6069,5622,1,attribute_change,-0.1944,-0.2667,0.5417,0.7361,ありえんキャット様 / ペーチパイセン / 人面恐竜の謎 / 明日香大明神 / zuス様とsiラ様,電波姫☆いまりちゃん / さくらこはダムです / メル子大先生 / 明日香大明神 / 甲羅暮らしの201号,complete
1,855,em-978390ca9213,あかんで世界師匠,12,810,795,4,attack_buff,-0.1944,-0.2667,0.5417,0.7361,あかんで世界師匠 / 一葉ちゃんは作家さん / ポディアさま / クレリゴス子様 / ガハラさん,電波姫☆いまりちゃん / さくらこはダムです / メル子大先生 / 明日香大明神 / 甲羅暮らしの201号,complete
1,856,em-a4adc4bc9b7c,魁！安井道さん,12,1215,1187,5,guard,-0.1944,-0.2667,0.5417,0.7361,魁！安井道さん / 一葉ちゃんは作家さん / ポディアさま / クレリゴス子様 / ガハラさん,電波姫☆いまりちゃん / さくらこはダムです / メル子大先生 / 明日香大明神 / 甲羅暮らしの201号,complete
1,857,em-050f0ee87c24,妖精雪愛さん,12,770,830,2,attribute_change,-0.1944,-0.2667,0.5417,0.7361,妖精雪愛さん / 一葉ちゃんは作家さん / ポディアさま / クレリゴス子様 / ガハラさん,電波姫☆いまりちゃん / さくらこはダムです / メル子大先生 / 明日香大明神 / 甲羅暮らしの201号,complete
1,858,em-be212cb2b1d8,いはとさん,12,760,840,3,delay,-0.1944,-0.2667,0.5417,0.7361,いはとさん / 一葉ちゃんは作家さん / ポディアさま / クレリゴス子様 / ガハラさん,電波姫☆いまりちゃん / さくらこはダムです / メル子大先生 / 明日香大明神 / 甲羅暮らしの201号,partial-skill-support
1,859,em-94dc3d86f691,碧海のオフタルもん,75,10054,3919,4,multi_hit_attack,-0.1944,-0.2667,0.5417,0.7361,碧海のオフタルもん / ペーチパイセン / たけしマン / おあげちゃん / ガハラさん,電波姫☆いまりちゃん / さくらこはダムです / メル子大先生 / 明日香大明神 / 甲羅暮らしの201号,complete
1,860,em-3c1078996c9c,めい子のNEW DAY,25,2760,2862,4,attribute_guard,-0.2014,-0.2668,0.5347,0.7361,めい子のNEW DAY / ペーチパイセン / ポディアさま / クレリゴス子様 / ガハラさん,電波姫☆いまりちゃん / さくらこはダムです / メル子大先生 / 明日香大明神 / 甲羅暮らしの201号,complete
1,861,em-05476daa6b31,だんじり鉄砲隊,26,805,3599,4,attack_buff,-0.2014,-0.2668,0.5347,0.7361,だんじり鉄砲隊 / ペーチパイセン / ポディアさま / クレリゴス子様 / ガハラさん,電波姫☆いまりちゃん / さくらこはダムです / メル子大先生 / 明日香大明神 / 甲羅暮らしの201号,complete
1,862,em-cf2619ce2878,俺っち氷河,28,3864,3222,2,attribute_change,-0.1944,-0.2678,0.5417,0.7361,俺っち氷河 / さくらこはダムです / ポディアさま / 電波姫☆いまりちゃん / かんと師匠,電波姫☆いまりちゃん / さくらこはダムです / メル子大先生 / 明日香大明神 / 甲羅暮らしの201号,complete
1,863,em-6437dd94e076,河口西子,15,900,1300,6,delay,-0.1944,-0.2678,0.5417,0.7361,河口西子 / さくらこはダムです / ポディアさま / クレリゴス子様 / 頑張るハクさん,電波姫☆いまりちゃん / さくらこはダムです / メル子大先生 / 明日香大明神 / 甲羅暮らしの201号,partial-skill-support
1,864,em-6ecee0316b6d,梵天。,15,1100,1300,6,aoe_attack,-0.1944,-0.2678,0.5417,0.7361,梵天。 / さくらこはダムです / ポディアさま / クレリゴス子様 / 頑張るハクさん,電波姫☆いまりちゃん / さくらこはダムです / メル子大先生 / 明日香大明神 / 甲羅暮らしの201号,complete
1,865,em-962fa89cd31d,極東恋姫☆霧子たん,15,1243,1161,5,revive,-0.1944,-0.2678,0.5417,0.7361,極東恋姫☆霧子たん / さくらこはダムです / ポディアさま / クレリゴス子様 / かんと師匠,電波姫☆いまりちゃん / さくらこはダムです / メル子大先生 / 明日香大明神 / 甲羅暮らしの201号,complete
1,866,em-1ac59ba07362,アロエ・ディ・コトマ,11,2013,535,4,attribute_guard,-0.1944,-0.2678,0.5417,0.7361,アロエ・ディ・コトマ / 一葉ちゃんは作家さん / ポディアさま / クレリゴス子様 / ガハラさん,電波姫☆いまりちゃん / さくらこはダムです / メル子大先生 / 明日香大明神 / 甲羅暮らしの201号,complete
1,867,em-7cc5e7a30be0,一番のうっぴー,12,700,700,4,skill_reduction,-0.1944,-0.2678,0.5417,0.7361,一番のうっぴー / 一葉ちゃんは作家さん / ポディアさま / クレリゴス子様 / ガハラさん,電波姫☆いまりちゃん / さくらこはダムです / メル子大先生 / 明日香大明神 / 甲羅暮らしの201号,partial-skill-support
1,868,em-34853ed0f0f8,ユーコちゃん,24,2556,1533,4,revive,-0.1944,-0.2678,0.5417,0.7361,ユーコちゃん / さくらこはダムです / ポディアさま / クレリゴス子様 / ガハラさん,電波姫☆いまりちゃん / さくらこはダムです / メル子大先生 / 明日香大明神 / 甲羅暮らしの201号,complete
1,869,em-19c6989d69ca,世界師匠,8,620,600,4,attack_buff,-0.1875,-0.268,0.5486,0.7361,世界師匠 / ペーチパイセン / ポディアさま / クレリゴス子様 / リスマニア,電波姫☆いまりちゃん / さくらこはダムです / メル子大先生 / 明日香大明神 / 甲羅暮らしの201号,complete
1,870,em-2118276c6dc5,からっ風太郎,8,613,614,4,attack_buff,-0.1875,-0.268,0.5486,0.7361,からっ風太郎 / ペーチパイセン / ポディアさま / クレリゴス子様 / リスマニア,電波姫☆いまりちゃん / さくらこはダムです / メル子大先生 / 明日香大明神 / 甲羅暮らしの201号,complete
1,871,em-5cce2be6a10e,こ祝いくん,8,700,500,4,heal,-0.1875,-0.268,0.5486,0.7361,こ祝いくん / ペーチパイセン / ポディアさま / クレリゴス子様 / リスマニア,電波姫☆いまりちゃん / さくらこはダムです / メル子大先生 / 明日香大明神 / 甲羅暮らしの201号,complete
1,872,em-850c95cbd668,二矢！もりりん,10,700,600,4,attack_buff,-0.1875,-0.268,0.5486,0.7361,二矢！もりりん / ペーチパイセン / ポディアさま / クレリゴス子様 / リスマニア,電波姫☆いまりちゃん / さくらこはダムです / メル子大先生 / 明日香大明神 / 甲羅暮らしの201号,complete
1,873,em-306ef0a3ce60,大納言鮒麿,14,1812,1548,4,heal,-0.1875,-0.268,0.5486,0.7361,大納言鮒麿 / さくらこはダムです / ポディアさま / クレリゴス子様 / かんと師匠,電波姫☆いまりちゃん / さくらこはダムです / メル子大先生 / 明日香大明神 / 甲羅暮らしの201号,complete
1,874,em-30058093183f,ダイソナールの竜也,48,2044,7497,3,attack_buff,-0.2014,-0.268,0.5347,0.7361,ダイソナールの竜也 / さくらこはダムです / メル子大先生 / 明日香大明神 / ロータス先輩,電波姫☆いまりちゃん / さくらこはダムです / メル子大先生 / 明日香大明神 / 甲羅暮らしの201号,complete
1,875,em-9bad632dc3a9,秋田世界発見伝,24,3838,845,4,guard,-0.2014,-0.268,0.5347,0.7361,秋田世界発見伝 / さくらこはダムです / ポディアさま / クレリゴス子様 / ガハラさん,電波姫☆いまりちゃん / さくらこはダムです / メル子大先生 / 明日香大明神 / 甲羅暮らしの201号,complete
1,876,em-2697b5e55b56,あろまちゃん+空気,6,650,700,4,revive,-0.1806,-0.2685,0.5556,0.7361,あろまちゃん+空気 / さくらこはダムです / ポディアさま / クレリゴス子様 / リスマニア,電波姫☆いまりちゃん / さくらこはダムです / メル子大先生 / 明日香大明神 / 甲羅暮らしの201号,complete
1,877,em-674bf61c8b00,海賊衆かっさーのん,6,600,700,4,attack_buff,-0.1806,-0.2685,0.5556,0.7361,海賊衆かっさーのん / さくらこはダムです / ポディアさま / クレリゴス子様 / リスマニア,電波姫☆いまりちゃん / さくらこはダムです / メル子大先生 / 明日香大明神 / 甲羅暮らしの201号,complete
1,878,em-33289e43e28b,ほたるーニャん☆ミ,7,650,700,4,attribute_change,-0.1806,-0.2685,0.5556,0.7361,ほたるーニャん☆ミ / さくらこはダムです / ポディアさま / クレリゴス子様 / リスマニア,電波姫☆いまりちゃん / さくらこはダムです / メル子大先生 / 明日香大明神 / 甲羅暮らしの201号,complete
1,879,em-26ea85de7340,のり男先輩,7,534,446,3,attribute_guard,-0.1806,-0.2685,0.5556,0.7361,のり男先輩 / さくらこはダムです / ポディアさま / クレリゴス子様 / リスマニア,電波姫☆いまりちゃん / さくらこはダムです / メル子大先生 / 明日香大明神 / 甲羅暮らしの201号,complete
1,880,em-5116ae81bf04,猫をまといし者,38,4089,3332,5,damage_reduction,-0.2083,-0.2687,0.5278,0.7361,猫をまといし者 / 一葉ちゃんは作家さん / すわ子isGOD！ / おあげさん / 頑張るハクさん,電波姫☆いまりちゃん / さくらこはダムです / メル子大先生 / 明日香大明神 / 甲羅暮らしの201号,complete
1,881,em-7c293551ccbb,201号ちゃん,26,3751,2899,5,guard,-0.1944,-0.2689,0.5417,0.7361,201号ちゃん / さくらこはダムです / ポディアさま / 電波姫☆いまりちゃん / 頑張るハクさん,電波姫☆いまりちゃん / さくらこはダムです / メル子大先生 / 明日香大明神 / 甲羅暮らしの201号,complete
1,882,em-1e4dd5118669,三春瀧さくら,38,3919,3408,4,damage_reduction,-0.1944,-0.2689,0.5417,0.7361,三春瀧さくら / ペーチパイセン / すわ子isGOD！ / ウサポワンちゃん / 頑張るハクさん,電波姫☆いまりちゃん / さくらこはダムです / メル子大先生 / 明日香大明神 / 甲羅暮らしの201号,complete
1,883,em-4d6101ee96b0,フィッシャーマン３,8,520,470,1,heal,-0.1944,-0.2689,0.5417,0.7361,フィッシャーマン３ / ペーチパイセン / ポディアさま / クレリゴス子様 / リスマニア,電波姫☆いまりちゃん / さくらこはダムです / メル子大先生 / 明日香大明神 / 甲羅暮らしの201号,complete
1,884,em-d80a2b82ab9f,ブーナッドちゃん,8,1200,200,3,heal,-0.1944,-0.2689,0.5417,0.7361,ブーナッドちゃん / ペーチパイセン / ポディアさま / クレリゴス子様 / リスマニア,電波姫☆いまりちゃん / さくらこはダムです / メル子大先生 / 明日香大明神 / 甲羅暮らしの201号,complete
1,885,em-1290652c5171,萌やし博士,10,408,1212,4,attack_buff,-0.1944,-0.2689,0.5417,0.7361,萌やし博士 / さくらこはダムです / ポディアさま / クレリゴス子様 / 頑張るハクさん,電波姫☆いまりちゃん / さくらこはダムです / メル子大先生 / 明日香大明神 / 甲羅暮らしの201号,complete
1,886,em-a98f8dbf76e4,考える男,5,150,700,6,revive,-0.1875,-0.269,0.5486,0.7361,考える男 / さくらこはダムです / ポディアさま / クレリゴス子様 / リスマニア,電波姫☆いまりちゃん / さくらこはダムです / メル子大先生 / 明日香大明神 / 甲羅暮らしの201号,complete
1,887,em-484d995e3adb,くノ一！ヴォたん,9,700,700,4,guard,-0.1875,-0.269,0.5486,0.7361,くノ一！ヴォたん / ペーチパイセン / ポディアさま / クレリゴス子様 / リスマニア,電波姫☆いまりちゃん / さくらこはダムです / メル子大先生 / 明日香大明神 / 甲羅暮らしの201号,complete
1,888,em-57e25e9e3446,にゅーくん,8,400,1700,4,guard,-0.1875,-0.269,0.5486,0.7361,にゅーくん / ペーチパイセン / ポディアさま / クレリゴス子様 / リスマニア,電波姫☆いまりちゃん / さくらこはダムです / メル子大先生 / 明日香大明神 / 甲羅暮らしの201号,complete
1,889,em-cc1dd429dace,?????,58,4171,4737,1,damage_reduction,-0.2014,-0.2692,0.5347,0.7361,????? / ペーチパイセン / 時のプラズマ / 明日香大明神 / zuス様とsiラ様,電波姫☆いまりちゃん / さくらこはダムです / メル子大先生 / 明日香大明神 / 甲羅暮らしの201号,complete
1,890,em-8cb75e870411,マンいーたち,50,3408,6816,4,aoe_attack,-0.2014,-0.2692,0.5347,0.7361,マンいーたち / ペーチパイセン / メル子大先生 / 明日香大明神 / ロータス先輩,電波姫☆いまりちゃん / さくらこはダムです / メル子大先生 / 明日香大明神 / 甲羅暮らしの201号,complete
1,891,em-0da991c52dd4,ギャリーくん,5,400,400,3,damage_reduction,-0.1806,-0.2694,0.5556,0.7361,ギャリーくん / さくらこはダムです / ポディアさま / クレリゴス子様 / リスマニア,電波姫☆いまりちゃん / さくらこはダムです / メル子大先生 / 明日香大明神 / 甲羅暮らしの201号,complete
1,892,em-fd2a055eb394,コニー＆ギャリー,10,500,500,3,damage_reduction,-0.1944,-0.2699,0.5417,0.7361,コニー＆ギャリー / ペーチパイセン / ポディアさま / クレリゴス子様 / リスマニア,電波姫☆いまりちゃん / さくらこはダムです / メル子大先生 / 明日香大明神 / 甲羅暮らしの201号,complete
1,893,em-01f1e4a2b36c,だーらくん三世,10,1500,100,3,guard,-0.1944,-0.2699,0.5417,0.7361,だーらくん三世 / ペーチパイセン / ポディアさま / クレリゴス子様 / リスマニア,電波姫☆いまりちゃん / さくらこはダムです / メル子大先生 / 明日香大明神 / 甲羅暮らしの201号,complete
1,894,em-a6068b231beb,ハトラちゃん,10,299,1488,7,guard,-0.1944,-0.2699,0.5417,0.7361,ハトラちゃん / さくらこはダムです / ポディアさま / クレリゴス子様 / 頑張るハクさん,電波姫☆いまりちゃん / さくらこはダムです / メル子大先生 / 明日香大明神 / 甲羅暮らしの201号,complete
1,895,em-682cd1ab4ae4,ホーリーエンジェるん,16,1812,1661,5,attack_buff,-0.1944,-0.2699,0.5417,0.7361,ホーリーエンジェるん / さくらこはダムです / ポディアさま / クレリゴス子様 / かんと師匠,電波姫☆いまりちゃん / さくらこはダムです / メル子大先生 / 明日香大明神 / 甲羅暮らしの201号,complete
1,896,em-c816189f2294,ブッダがやって来る！,17,1510,1510,2,delay,-0.1944,-0.2699,0.5417,0.7361,ブッダがやって来る！ / さくらこはダムです / ポディアさま / クレリゴス子様 / zuス様とsiラ様,電波姫☆いまりちゃん / さくらこはダムです / メル子大先生 / 明日香大明神 / 甲羅暮らしの201号,partial-skill-support
1,897,em-8765daafca7a,トマティーナ中佐,40,3748,2130,2,multi_hit_attack,-0.1944,-0.2699,0.5417,0.7361,トマティーナ中佐 / ペーチパイセン / すわ子isGOD！ / ウサポワンちゃん / 頑張るハクさん,電波姫☆いまりちゃん / さくらこはダムです / メル子大先生 / 明日香大明神 / 甲羅暮らしの201号,complete
1,898,em-826b6ae61786,スワン王,9,1229,1173,4,skill_reduction,-0.2083,-0.27,0.5278,0.7361,スワン王 / キルワくん / ポディアさま / クレリゴス子様 / 頑張るハクさん,電波姫☆いまりちゃん / さくらこはダムです / メル子大先生 / 明日香大明神 / 甲羅暮らしの201号,partial-skill-support
1,899,em-11d99e0659cb,明日香さん,5,380,420,2,damage_reduction,-0.1875,-0.2709,0.5486,0.7361,明日香さん / さくらこはダムです / ポディアさま / クレリゴス子様 / リスマニア,電波姫☆いまりちゃん / さくらこはダムです / メル子大先生 / 明日香大明神 / 甲羅暮らしの201号,complete
1,900,em-e9680391b2b7,梅ビースト,6,710,370,2,attribute_guard,-0.1875,-0.2709,0.5486,0.7361,梅ビースト / さくらこはダムです / ポディアさま / クレリゴス子様 / リスマニア,電波姫☆いまりちゃん / さくらこはダムです / メル子大先生 / 明日香大明神 / 甲羅暮らしの201号,complete
1,901,em-814e01d05463,非伝説の潮真,60,7535,2423,1,attribute_guard,-0.1875,-0.2709,0.5486,0.7361,非伝説の潮真 / ペーチパイセン / 人面恐竜の謎 / おあげさん / かんと師匠,電波姫☆いまりちゃん / さくらこはダムです / メル子大先生 / 明日香大明神 / 甲羅暮らしの201号,complete
1,902,em-e5027c0cc6fa,みかんの姐御,17,2265,1510,3,aoe_attack,-0.1944,-0.271,0.5417,0.7361,みかんの姐御 / ペーチパイセン / ポディアさま / クレリゴス子様 / 頑張るハクさん,電波姫☆いまりちゃん / さくらこはダムです / メル子大先生 / 明日香大明神 / 甲羅暮らしの201号,complete
1,903,em-c8d0b7ef1b10,めい子お姉さま,9,1159,1244,4,attribute_guard,-0.1944,-0.271,0.5417,0.7361,めい子お姉さま / さくらこはダムです / ポディアさま / クレリゴス子様 / 頑張るハクさん,電波姫☆いまりちゃん / さくらこはダムです / メル子大先生 / 明日香大明神 / 甲羅暮らしの201号,complete
1,904,em-c67e33bb61cf,鎌倉式ＤＢ２涅槃型改,19,4105,1690,9,guard,-0.2083,-0.2713,0.5278,0.7361,鎌倉式ＤＢ２涅槃型改 / ペーチパイセン / ポディアさま / クレリゴス子様 / かんと師匠,電波姫☆いまりちゃん / さくらこはダムです / メル子大先生 / 明日香大明神 / 甲羅暮らしの201号,complete
1,905,em-59904245c69f,極・屋久トレント,20,5474,1288,5,attribute_guard,-0.2083,-0.2713,0.5278,0.7361,極・屋久トレント / さくらこはダムです / ポディアさま / クレリゴス子様 / まつやマン,電波姫☆いまりちゃん / さくらこはダムです / メル子大先生 / 明日香大明神 / 甲羅暮らしの201号,complete
1,906,em-47c29240fd33,大晦日のネギそば給仕少女,40,3834,3834,2,guard,-0.2083,-0.2713,0.5278,0.7361,大晦日のネギそば給仕少女 / 一葉ちゃんは作家さん / すわ子isGOD！ / おあげさん / かんと師匠,電波姫☆いまりちゃん / さくらこはダムです / メル子大先生 / 明日香大明神 / 甲羅暮らしの201号,complete
1,907,em-b9c45079812c,冬籠りだヨ！落花妖精,22,2530,2624,8,revive,-0.2014,-0.2715,0.5347,0.7361,冬籠りだヨ！落花妖精 / さくらこはダムです / ポディアさま / クレリゴス子様 / ガハラさん,電波姫☆いまりちゃん / さくらこはダムです / メル子大先生 / 明日香大明神 / 甲羅暮らしの201号,complete
1,908,em-271cd70345ae,下羅多ひひ次郎,44,2385,6986,1,attribute_change,-0.2014,-0.2715,0.5347,0.7361,下羅多ひひ次郎 / ペーチパイセン / すわ子isGOD！ / おあげさん / リスマニア,電波姫☆いまりちゃん / さくらこはダムです / メル子大先生 / 明日香大明神 / 甲羅暮らしの201号,complete
1,909,em-fe89d9d421f3,竜也エボリューション,45,2044,6305,3,attack_buff,-0.2014,-0.2715,0.5347,0.7361,竜也エボリューション / ペーチパイセン / すわ子isGOD！ / おあげさん / リスマニア,電波姫☆いまりちゃん / さくらこはダムです / メル子大先生 / 明日香大明神 / 甲羅暮らしの201号,complete
1,910,em-90c9b7a939a7,九十九里流,37,2982,5112,4,attack_buff,-0.1944,-0.272,0.5417,0.7361,九十九里流 / 一葉ちゃんは作家さん / メル子大先生 / 明日香大明神 / ロータス先輩,電波姫☆いまりちゃん / さくらこはダムです / メル子大先生 / 明日香大明神 / 甲羅暮らしの201号,complete
1,911,em-5b75b1bce687,ルソーテツ,5,1100,700,7,delay,-0.1944,-0.272,0.5417,0.7361,ルソーテツ / さくらこはダムです / ポディアさま / クレリゴス子様 / リスマニア,電波姫☆いまりちゃん / さくらこはダムです / メル子大先生 / 明日香大明神 / 甲羅暮らしの201号,partial-skill-support
1,912,em-6b657d937678,ゆうれい寺の幽子さん,40,6816,1874,2,attack_buff,-0.1944,-0.272,0.5417,0.7361,ゆうれい寺の幽子さん / ペーチパイセン / すわ子isGOD！ / ウサポワンちゃん / 頑張るハクさん,電波姫☆いまりちゃん / さくらこはダムです / メル子大先生 / 明日香大明神 / 甲羅暮らしの201号,complete
1,913,em-c5ad7d4a88ac,ほのぼのレイフ先輩,41,3408,4260,0,attack_buff,-0.1944,-0.272,0.5417,0.7361,ほのぼのレイフ先輩 / ペーチパイセン / すわ子isGOD！ / ウサポワンちゃん / 頑張るハクさん,電波姫☆いまりちゃん / さくらこはダムです / メル子大先生 / 明日香大明神 / 甲羅暮らしの201号,complete
1,914,em-a3563f41a151,ラクダンデス隊長,38,4941,3578,2,guard,-0.1944,-0.272,0.5417,0.7361,ラクダンデス隊長 / ペーチパイセン / すわ子isGOD！ / ウサポワンちゃん / 頑張るハクさん,電波姫☆いまりちゃん / さくらこはダムです / メル子大先生 / 明日香大明神 / 甲羅暮らしの201号,complete
1,915,em-4f596ae59085,草の魔女るる,8,900,900,6,attack_buff,-0.2014,-0.2726,0.5347,0.7361,草の魔女るる / ペーチパイセン / ポディアさま / クレリゴス子様 / リスマニア,電波姫☆いまりちゃん / さくらこはダムです / メル子大先生 / 明日香大明神 / 甲羅暮らしの201号,complete
1,916,em-d956a0e150da,あわわ子ちゃん,8,900,900,6,attack_buff,-0.2014,-0.2726,0.5347,0.7361,あわわ子ちゃん / ペーチパイセン / ポディアさま / クレリゴス子様 / リスマニア,電波姫☆いまりちゃん / さくらこはダムです / メル子大先生 / 明日香大明神 / 甲羅暮らしの201号,complete
1,917,em-7c1450708051,元祖ＰＩＧかっちゃん,11,900,900,5,multi_hit_attack,-0.2014,-0.2726,0.5347,0.7361,元祖ＰＩＧかっちゃん / 一葉ちゃんは作家さん / ポディアさま / クレリゴス子様 / ガハラさん,電波姫☆いまりちゃん / さくらこはダムです / メル子大先生 / 明日香大明神 / 甲羅暮らしの201号,complete
1,918,em-17d2f7fce357,殉教者トッキー,12,800,800,5,attack_buff,-0.2014,-0.2726,0.5347,0.7361,殉教者トッキー / 一葉ちゃんは作家さん / ポディアさま / クレリゴス子様 / ガハラさん,電波姫☆いまりちゃん / さくらこはダムです / メル子大先生 / 明日香大明神 / 甲羅暮らしの201号,complete
1,919,em-836feb0d56f9,夏の落花妖精,12,815,807,8,revive,-0.2014,-0.2726,0.5347,0.7361,夏の落花妖精 / 一葉ちゃんは作家さん / ポディアさま / クレリゴス子様 / ガハラさん,電波姫☆いまりちゃん / さくらこはダムです / メル子大先生 / 明日香大明神 / 甲羅暮らしの201号,complete
1,920,em-9cd3d68e61d0,渦巻王ナルテュール,45,1704,6134,6,multi_hit_attack,-0.2014,-0.2726,0.5347,0.7361,渦巻王ナルテュール / ペーチパイセン / すわ子isGOD！ / 明日香大明神 / ロータス先輩,電波姫☆いまりちゃん / さくらこはダムです / メル子大先生 / 明日香大明神 / 甲羅暮らしの201号,complete
1,921,em-39a55990bbc4,願え！クルスさん,11,800,800,1,attribute_change,-0.2014,-0.2726,0.5347,0.7361,願え！クルスさん / 一葉ちゃんは作家さん / ポディアさま / クレリゴス子様 / ガハラさん,電波姫☆いまりちゃん / さくらこはダムです / メル子大先生 / 明日香大明神 / 甲羅暮らしの201号,complete
1,922,em-4b8003f0f990,メル子さま,12,800,800,3,attack_buff,-0.2014,-0.2726,0.5347,0.7361,メル子さま / 一葉ちゃんは作家さん / ポディアさま / クレリゴス子様 / ガハラさん,電波姫☆いまりちゃん / さくらこはダムです / メル子大先生 / 明日香大明神 / 甲羅暮らしの201号,complete
1,923,em-a266679a04ae,三矢！もりりん,13,800,700,4,attack_buff,-0.2014,-0.2726,0.5347,0.7361,三矢！もりりん / 一葉ちゃんは作家さん / ポディアさま / クレリゴス子様 / ガハラさん,電波姫☆いまりちゃん / さくらこはダムです / メル子大先生 / 明日香大明神 / 甲羅暮らしの201号,complete
1,924,em-a8e1bfbd68cd,秋のタツタちゃん,80,10224,4771,4,multi_hit_attack,-0.2014,-0.2726,0.5347,0.7361,秋のタツタちゃん / カナちゃん / タミちゃん / おあげさん / ガハラさん,電波姫☆いまりちゃん / さくらこはダムです / メル子大先生 / 明日香大明神 / 甲羅暮らしの201号,complete
1,925,em-4e3940289203,スーパー軍師兵衛ズ,60,7838,2385,3,skill_reduction,-0.1875,-0.2728,0.5486,0.7361,スーパー軍師兵衛ズ / ペーチパイセン / 人面恐竜の謎 / おあげさん / かんと師匠,電波姫☆いまりちゃん / さくらこはダムです / メル子大先生 / 明日香大明神 / 甲羅暮らしの201号,partial-skill-support
1,926,em-a3d4f42756a7,忍術系男子,9,680,724,6,skill_reduction,-0.1944,-0.273,0.5417,0.7361,忍術系男子 / ペーチパイセン / ポディアさま / クレリゴス子様 / リスマニア,電波姫☆いまりちゃん / さくらこはダムです / メル子大先生 / 明日香大明神 / 甲羅暮らしの201号,partial-skill-support
1,927,em-b3b3c9d400b0,燥ぐぞグリンすマン,9,714,690,6,delay,-0.1944,-0.273,0.5417,0.7361,燥ぐぞグリンすマン / ペーチパイセン / ポディアさま / クレリゴス子様 / リスマニア,電波姫☆いまりちゃん / さくらこはダムです / メル子大先生 / 明日香大明神 / 甲羅暮らしの201号,partial-skill-support
1,928,em-e9920083c6ca,まいこさん,9,700,704,6,heal,-0.1944,-0.273,0.5417,0.7361,まいこさん / ペーチパイセン / ポディアさま / クレリゴス子様 / リスマニア,電波姫☆いまりちゃん / さくらこはダムです / メル子大先生 / 明日香大明神 / 甲羅暮らしの201号,complete
1,929,em-0933d818ee52,ブラックナイト,10,703,698,6,attack_buff,-0.1944,-0.273,0.5417,0.7361,ブラックナイト / ペーチパイセン / ポディアさま / クレリゴス子様 / リスマニア,電波姫☆いまりちゃん / さくらこはダムです / メル子大先生 / 明日香大明神 / 甲羅暮らしの201号,complete
1,930,em-9d948dd94d8a,かるたーニャ,8,520,700,5,attack_buff,-0.1944,-0.273,0.5417,0.7361,かるたーニャ / ペーチパイセン / ポディアさま / クレリゴス子様 / リスマニア,電波姫☆いまりちゃん / さくらこはダムです / メル子大先生 / 明日香大明神 / 甲羅暮らしの201号,complete
1,931,em-bb16895fa31d,ハルキさんとゲニアさん,26,3074,813,6,delay,-0.2014,-0.2737,0.5347,0.7361,ハルキさんとゲニアさん / ペーチパイセン / ポディアさま / クレリゴス子様 / ガハラさん,電波姫☆いまりちゃん / さくらこはダムです / メル子大先生 / 明日香大明神 / 甲羅暮らしの201号,partial-skill-support
1,932,em-251852280bcf,どうしんさん,12,615,605,1,heal,-0.2014,-0.2737,0.5347,0.7361,どうしんさん / 一葉ちゃんは作家さん / ポディアさま / クレリゴス子様 / ガハラさん,電波姫☆いまりちゃん / さくらこはダムです / メル子大先生 / 明日香大明神 / 甲羅暮らしの201号,complete
1,933,em-492dd4b96b0e,中央アルプスの少年,12,800,600,2,damage_reduction,-0.2014,-0.2737,0.5347,0.7361,中央アルプスの少年 / 一葉ちゃんは作家さん / ポディアさま / クレリゴス子様 / ガハラさん,電波姫☆いまりちゃん / さくらこはダムです / メル子大先生 / 明日香大明神 / 甲羅暮らしの201号,complete
1,934,em-10adad665687,コマンドー下仁田,13,597,614,3,guard,-0.2014,-0.2737,0.5347,0.7361,コマンドー下仁田 / 一葉ちゃんは作家さん / ポディアさま / クレリゴス子様 / ガハラさん,電波姫☆いまりちゃん / さくらこはダムです / メル子大先生 / 明日香大明神 / 甲羅暮らしの201号,complete
1,935,em-e900d5955acf,凄いぞさいごー丼,13,1050,650,3,attribute_guard,-0.2014,-0.2737,0.5347,0.7361,凄いぞさいごー丼 / 一葉ちゃんは作家さん / ポディアさま / クレリゴス子様 / ガハラさん,電波姫☆いまりちゃん / さくらこはダムです / メル子大先生 / 明日香大明神 / 甲羅暮らしの201号,complete
1,936,em-2a6ad62952da,スホクラント先生,15,1841,904,3,damage_reduction,-0.2014,-0.2737,0.5347,0.7361,スホクラント先生 / ペーチパイセン / ポディアさま / クレリゴス子様 / 頑張るハクさん,電波姫☆いまりちゃん / さくらこはダムです / メル子大先生 / 明日香大明神 / 甲羅暮らしの201号,complete
1,937,em-6b89d5c1e7c1,景虎くん,8,900,900,8,aoe_attack,-0.2014,-0.2737,0.5347,0.7361,景虎くん / 一葉ちゃんは作家さん / ポディアさま / クレリゴス子様 / まつやマン,電波姫☆いまりちゃん / さくらこはダムです / メル子大先生 / 明日香大明神 / 甲羅暮らしの201号,complete
1,938,em-2d25089fd0f5,すげェ！かるたーニャ,12,750,850,5,attack_buff,-0.2014,-0.2737,0.5347,0.7361,すげェ！かるたーニャ / 一葉ちゃんは作家さん / ポディアさま / クレリゴス子様 / ガハラさん,電波姫☆いまりちゃん / さくらこはダムです / メル子大先生 / 明日香大明神 / 甲羅暮らしの201号,complete
1,939,em-449c3db6bb4d,猫フェース,12,1022,1022,5,damage_reduction,-0.2014,-0.2737,0.5347,0.7361,猫フェース / 一葉ちゃんは作家さん / ポディアさま / クレリゴス子様 / ガハラさん,電波姫☆いまりちゃん / さくらこはダムです / メル子大先生 / 明日香大明神 / 甲羅暮らしの201号,complete
1,940,em-67086191a83f,マダラなシオマネキ君,27,5490,1059,2,attribute_guard,-0.2014,-0.2737,0.5347,0.7361,マダラなシオマネキ君 / ペーチパイセン / ポディアさま / クレリゴス子様 / ガハラさん,電波姫☆いまりちゃん / さくらこはダムです / メル子大先生 / 明日香大明神 / 甲羅暮らしの201号,complete
1,941,em-6c9a66a7da8c,抹殺音ズース,40,5623,3408,6,heal,-0.2083,-0.2738,0.5278,0.7361,抹殺音ズース / 一葉ちゃんは作家さん / すわ子isGOD！ / おあげさん / 頑張るハクさん,電波姫☆いまりちゃん / さくらこはダムです / メル子大先生 / 明日香大明神 / 甲羅暮らしの201号,complete
1,942,em-3767457f6cce,ｷﾗﾒｷﾒﾗ☆ヒラメ様,40,5367,2215,1,attribute_change,-0.2083,-0.2738,0.5278,0.7361,ｷﾗﾒｷﾒﾗ☆ヒラメ様 / 一葉ちゃんは作家さん / すわ子isGOD！ / おあげさん / 頑張るハクさん,電波姫☆いまりちゃん / さくらこはダムです / メル子大先生 / 明日香大明神 / 甲羅暮らしの201号,complete
1,943,em-615e4701fc7f,華麗！いつくしーみん,12,660,1040,2,attack_buff,-0.1944,-0.2741,0.5417,0.7361,華麗！いつくしーみん / さくらこはダムです / ポディアさま / クレリゴス子様 / 頑張るハクさん,電波姫☆いまりちゃん / さくらこはダムです / メル子大先生 / 明日香大明神 / 甲羅暮らしの201号,complete
1,944,em-bf58cd7d185a,ホーク元船長,12,700,1100,1,attribute_guard,-0.1944,-0.2741,0.5417,0.7361,ホーク元船長 / さくらこはダムです / ポディアさま / クレリゴス子様 / 頑張るハクさん,電波姫☆いまりちゃん / さくらこはダムです / メル子大先生 / 明日香大明神 / 甲羅暮らしの201号,complete
1,945,em-beaaa8c15744,カメハメハワイ大王,50,3059,5879,2,attack_buff,-0.2014,-0.2748,0.5347,0.7361,カメハメハワイ大王 / ペーチパイセン / メル子大先生 / 明日香大明神 / ロータス先輩,電波姫☆いまりちゃん / さくらこはダムです / メル子大先生 / 明日香大明神 / 甲羅暮らしの201号,complete
1,946,em-31faaa08a3e5,ジャノメぴよ子,8,1105,1122,7,attribute_guard,-0.2014,-0.2748,0.5347,0.7361,ジャノメぴよ子 / さくらこはダムです / ポディアさま / クレリゴス子様 / 頑張るハクさん,電波姫☆いまりちゃん / さくらこはダムです / メル子大先生 / 明日香大明神 / 甲羅暮らしの201号,complete
1,947,em-ed707603ab87,荒ぶる水島神人,15,1200,600,3,guard,-0.2014,-0.2748,0.5347,0.7361,荒ぶる水島神人 / ペーチパイセン / ポディアさま / クレリゴス子様 / 頑張るハクさん,電波姫☆いまりちゃん / さくらこはダムです / メル子大先生 / 明日香大明神 / 甲羅暮らしの201号,complete
1,948,em-1cb67f0b7d2d,スノーな大谷,9,1100,200,2,damage_reduction,-0.2014,-0.2748,0.5347,0.7361,スノーな大谷 / ペーチパイセン / ポディアさま / クレリゴス子様 / リスマニア,電波姫☆いまりちゃん / さくらこはダムです / メル子大先生 / 明日香大明神 / 甲羅暮らしの201号,complete
1,949,em-90f39743f105,伝説の牛タソ,19,2269,302,3,guard,-0.2014,-0.2748,0.5347,0.7361,伝説の牛タソ / ペーチパイセン / ポディアさま / クレリゴス子様 / かんと師匠,電波姫☆いまりちゃん / さくらこはダムです / メル子大先生 / 明日香大明神 / 甲羅暮らしの201号,complete
1,950,em-94d8799def3b,発音鬼リチャード,17,2576,3220,4,aoe_attack,-0.2083,-0.275,0.5278,0.7361,発音鬼リチャード / ペーチパイセン / ポディアさま / クレリゴス子様 / 頑張るハクさん,電波姫☆いまりちゃん / さくらこはダムです / メル子大先生 / 明日香大明神 / 甲羅暮らしの201号,complete
1,951,em-6de5eba89049,天孫降臨ににぎくん,25,2334,2817,5,attack_buff,-0.2083,-0.275,0.5278,0.7361,天孫降臨ににぎくん / ペーチパイセン / ポディアさま / クレリゴス子様 / ガハラさん,電波姫☆いまりちゃん / さくらこはダムです / メル子大先生 / 明日香大明神 / 甲羅暮らしの201号,complete
1,952,em-a447724e3bc1,ヴァレサバ☆関くん,54,4055,5759,0,guard,-0.2083,-0.275,0.5278,0.7361,ヴァレサバ☆関くん / ペーチパイセン / すわ子isGOD！ / 明日香大明神 / zuス様とsiラ様,電波姫☆いまりちゃん / さくらこはダムです / メル子大先生 / 明日香大明神 / 甲羅暮らしの201号,complete
1,953,em-9d5f7901aacf,サタデーナイト☆郡上,17,1812,1963,5,aoe_attack,-0.2083,-0.275,0.5278,0.7361,サタデーナイト☆郡上 / ペーチパイセン / ポディアさま / クレリゴス子様 / 頑張るハクさん,電波姫☆いまりちゃん / さくらこはダムです / メル子大先生 / 明日香大明神 / 甲羅暮らしの201号,complete
1,954,em-4299af9bd2dc,皐月むりょく,4,614,614,6,skill_reduction,-0.1944,-0.2751,0.5417,0.7361,皐月むりょく / 一葉ちゃんは作家さん / ポディアさま / クレリゴス子様 / かんと師匠,電波姫☆いまりちゃん / さくらこはダムです / メル子大先生 / 明日香大明神 / 甲羅暮らしの201号,partial-skill-support
1,955,em-28f21b6f00d7,玉藻さん,5,500,650,4,attribute_guard,-0.1875,-0.2756,0.5486,0.7361,玉藻さん / さくらこはダムです / ポディアさま / クレリゴス子様 / リスマニア,電波姫☆いまりちゃん / さくらこはダムです / メル子大先生 / 明日香大明神 / 甲羅暮らしの201号,complete
1,956,em-d3e31e52c5a0,座敷童という線も…,6,300,500,4,delay,-0.1875,-0.2756,0.5486,0.7361,座敷童という線も… / さくらこはダムです / ポディアさま / クレリゴス子様 / リスマニア,電波姫☆いまりちゃん / さくらこはダムです / メル子大先生 / 明日香大明神 / 甲羅暮らしの201号,partial-skill-support
1,957,em-86b9ae60356a,ブーナッドさま,14,2100,400,2,heal,-0.2014,-0.2759,0.5347,0.7361,ブーナッドさま / ペーチパイセン / ポディアさま / クレリゴス子様 / 頑張るハクさん,電波姫☆いまりちゃん / さくらこはダムです / メル子大先生 / 明日香大明神 / 甲羅暮らしの201号,complete
1,958,em-a58c4fcc6b2e,けねず大先生,14,1699,1699,4,damage_reduction,-0.2014,-0.2759,0.5347,0.7361,けねず大先生 / さくらこはダムです / ポディアさま / クレリゴス子様 / 頑張るハクさん,電波姫☆いまりちゃん / さくらこはダムです / メル子大先生 / 明日香大明神 / 甲羅暮らしの201号,complete
1,959,em-9365e8cd4780,はっさくキング,5,610,270,2,attribute_guard,-0.2014,-0.2759,0.5347,0.7361,はっさくキング / 一葉ちゃんは作家さん / ポディアさま / クレリゴス子様 / かんと師匠,電波姫☆いまりちゃん / さくらこはダムです / メル子大先生 / 明日香大明神 / 甲羅暮らしの201号,complete
1,960,em-405a608fae19,大内さん,7,702,702,5,heal,-0.1944,-0.276,0.5417,0.7361,大内さん / さくらこはダムです / ポディアさま / クレリゴス子様 / リスマニア,電波姫☆いまりちゃん / さくらこはダムです / メル子大先生 / 明日香大明神 / 甲羅暮らしの201号,complete
1,961,em-e3b2b65e9fc4,氏は椴椎葉仁,9,334,1070,5,attack_buff,-0.2014,-0.277,0.5347,0.7361,氏は椴椎葉仁 / さくらこはダムです / ポディアさま / クレリゴス子様 / 頑張るハクさん,電波姫☆いまりちゃん / さくらこはダムです / メル子大先生 / 明日香大明神 / 甲羅暮らしの201号,complete
1,962,em-1232a815b671,みさきさん,16,1000,1200,5,multi_hit_attack,-0.2014,-0.277,0.5347,0.7361,みさきさん / さくらこはダムです / ポディアさま / クレリゴス子様 / かんと師匠,電波姫☆いまりちゃん / さくらこはダムです / メル子大先生 / 明日香大明神 / 甲羅暮らしの201号,complete
1,963,em-8d4f1b618997,コトレードさん,68,8861,3748,5,damage_reduction,-0.2153,-0.2771,0.5208,0.7361,コトレードさん / ペーチパイセン / 時のプラズマ / おあげちゃん / ガハラさん,電波姫☆いまりちゃん / さくらこはダムです / メル子大先生 / 明日香大明神 / 甲羅暮らしの201号,complete
1,964,em-3229594a4a2c,おあげちゃん,5,315,305,3,attack_buff,-0.1875,-0.2774,0.5486,0.7361,おあげちゃん / さくらこはダムです / ポディアさま / クレリゴス子様 / リスマニア,電波姫☆いまりちゃん / さくらこはダムです / メル子大先生 / 明日香大明神 / 甲羅暮らしの201号,complete
1,965,em-51e67cfa8578,さくらこさーん,5,600,300,1,attribute_guard,-0.1875,-0.2774,0.5486,0.7361,さくらこさーん / さくらこはダムです / ポディアさま / クレリゴス子様 / リスマニア,電波姫☆いまりちゃん / さくらこはダムです / メル子大先生 / 明日香大明神 / 甲羅暮らしの201号,complete
1,966,em-b83d457ef580,王国民ゴロウ,5,390,390,2,attack_buff,-0.1875,-0.2774,0.5486,0.7361,王国民ゴロウ / さくらこはダムです / ポディアさま / クレリゴス子様 / リスマニア,電波姫☆いまりちゃん / さくらこはダムです / メル子大先生 / 明日香大明神 / 甲羅暮らしの201号,complete
1,967,em-ba8324a2cbef,覚醒ニート,6,354,296,2,multi_hit_attack,-0.1875,-0.2774,0.5486,0.7361,覚醒ニート / さくらこはダムです / ポディアさま / クレリゴス子様 / リスマニア,電波姫☆いまりちゃん / さくらこはダムです / メル子大先生 / 明日香大明神 / 甲羅暮らしの201号,complete
1,968,em-fa2d14d3eb33,大天姿☆ぴよ子,46,7572,756,5,skill_reduction,-0.2083,-0.2774,0.5278,0.7361,大天姿☆ぴよ子 / ペーチパイセン / すわ子isGOD！ / 明日香大明神 / ロータス先輩,電波姫☆いまりちゃん / さくらこはダムです / メル子大先生 / 明日香大明神 / 甲羅暮らしの201号,partial-skill-support
1,969,em-14d31235a3f8,かっちゃんのBIG強飯,48,3067,4601,4,attack_buff,-0.2083,-0.2774,0.5278,0.7361,かっちゃんのBIG強飯 / ペーチパイセン / メル子大先生 / 明日香大明神 / ロータス先輩,電波姫☆いまりちゃん / さくらこはダムです / メル子大先生 / 明日香大明神 / 甲羅暮らしの201号,complete
1,970,em-8cafabee26c4,ホルトバージ君,22,5285,830,4,attack_buff,-0.2083,-0.2774,0.5278,0.7361,ホルトバージ君 / さくらこはダムです / ポディアさま / クレリゴス子様 / ガハラさん,電波姫☆いまりちゃん / さくらこはダムです / メル子大先生 / 明日香大明神 / 甲羅暮らしの201号,complete
1,971,em-dec390a52ee6,英国ストヘン技師,70,8861,4260,2,damage_reduction,-0.1944,-0.278,0.5417,0.7361,英国ストヘン技師 / ペーチパイセン / 華麗なびわ子たん / おあげさん / ガハラさん,電波姫☆いまりちゃん / さくらこはダムです / メル子大先生 / 明日香大明神 / 甲羅暮らしの201号,complete
1,972,em-32a7d24a1ae1,伝統のタミちゃん,5,404,376,3,attribute_guard,-0.1944,-0.278,0.5417,0.7361,伝統のタミちゃん / さくらこはダムです / ポディアさま / クレリゴス子様 / リスマニア,電波姫☆いまりちゃん / さくらこはダムです / メル子大先生 / 明日香大明神 / 甲羅暮らしの201号,complete
1,973,em-8ce38e2a932c,どんこ次郎,5,410,370,3,heal,-0.1944,-0.278,0.5417,0.7361,どんこ次郎 / さくらこはダムです / ポディアさま / クレリゴス子様 / リスマニア,電波姫☆いまりちゃん / さくらこはダムです / メル子大先生 / 明日香大明神 / 甲羅暮らしの201号,complete
1,974,em-12f1294c9b3b,雅だねお夏ちゃん,6,400,400,3,heal,-0.1944,-0.278,0.5417,0.7361,雅だねお夏ちゃん / さくらこはダムです / ポディアさま / クレリゴス子様 / リスマニア,電波姫☆いまりちゃん / さくらこはダムです / メル子大先生 / 明日香大明神 / 甲羅暮らしの201号,complete
1,975,em-2f1a1d5585bc,ゴリョカタくん,6,900,400,3,skill_reduction,-0.1944,-0.278,0.5417,0.7361,ゴリョカタくん / さくらこはダムです / ポディアさま / クレリゴス子様 / リスマニア,電波姫☆いまりちゃん / さくらこはダムです / メル子大先生 / 明日香大明神 / 甲羅暮らしの201号,partial-skill-support
1,976,em-8cb925c8d331,もんちゃん,6,1000,300,3,heal,-0.1944,-0.278,0.5417,0.7361,もんちゃん / さくらこはダムです / ポディアさま / クレリゴス子様 / リスマニア,電波姫☆いまりちゃん / さくらこはダムです / メル子大先生 / 明日香大明神 / 甲羅暮らしの201号,complete
1,977,em-bb6329ff48fb,ポティア＆ポディア,6,1000,400,3,attribute_guard,-0.1944,-0.278,0.5417,0.7361,ポティア＆ポディア / さくらこはダムです / ポディアさま / クレリゴス子様 / リスマニア,電波姫☆いまりちゃん / さくらこはダムです / メル子大先生 / 明日香大明神 / 甲羅暮らしの201号,complete
1,978,em-44fb3ea29b8e,カナちゃんでい,29,3438,2831,1,heal,-0.2014,-0.278,0.5347,0.7361,カナちゃんでい / さくらこはダムです / ポディアさま / 電波姫☆いまりちゃん / かんと師匠,電波姫☆いまりちゃん / さくらこはダムです / メル子大先生 / 明日香大明神 / 甲羅暮らしの201号,complete
1,979,em-53dc673274c6,暗殺者,8,420,800,5,attack_buff,-0.2014,-0.278,0.5347,0.7361,暗殺者 / ペーチパイセン / ポディアさま / クレリゴス子様 / リスマニア,電波姫☆いまりちゃん / さくらこはダムです / メル子大先生 / 明日香大明神 / 甲羅暮らしの201号,complete
1,980,em-983228ce32d4,あっしゅTHEｷｬｯﾄ,8,1300,500,5,attribute_guard,-0.2014,-0.278,0.5347,0.7361,あっしゅTHEｷｬｯﾄ / ペーチパイセン / ポディアさま / クレリゴス子様 / リスマニア,電波姫☆いまりちゃん / さくらこはダムです / メル子大先生 / 明日香大明神 / 甲羅暮らしの201号,complete
1,981,em-cb48b999d384,金色どーもくん(父),10,800,700,6,revive,-0.2014,-0.278,0.5347,0.7361,金色どーもくん(父) / ペーチパイセン / ポディアさま / クレリゴス子様 / リスマニア,電波姫☆いまりちゃん / さくらこはダムです / メル子大先生 / 明日香大明神 / 甲羅暮らしの201号,complete
1,982,em-9d222b05530c,So!宮子ちゃん,11,715,692,5,heal,-0.2014,-0.278,0.5347,0.7361,So!宮子ちゃん / 一葉ちゃんは作家さん / ポディアさま / クレリゴス子様 / ガハラさん,電波姫☆いまりちゃん / さくらこはダムです / メル子大先生 / 明日香大明神 / 甲羅暮らしの201号,complete
1,983,em-41d3496f38d2,黄こだまん,12,660,740,7,multi_hit_attack,-0.2014,-0.278,0.5347,0.7361,黄こだまん / 一葉ちゃんは作家さん / ポディアさま / クレリゴス子様 / ガハラさん,電波姫☆いまりちゃん / さくらこはダムです / メル子大先生 / 明日香大明神 / 甲羅暮らしの201号,complete
1,984,em-ec64495c1963,レブカ大先生,38,5793,2984,5,aoe_attack,-0.2153,-0.2784,0.5208,0.7361,レブカ大先生 / ペーチパイセン / すわ子isGOD！ / ウサポワンちゃん / 頑張るハクさん,電波姫☆いまりちゃん / さくらこはダムです / メル子大先生 / 明日香大明神 / 甲羅暮らしの201号,complete
1,985,em-0f3dc5f343f5,?????,40,2954,3316,8,delay,-0.2153,-0.2784,0.5208,0.7361,????? / ペーチパイセン / すわ子isGOD！ / ウサポワンちゃん / 頑張るハクさん,電波姫☆いまりちゃん / さくらこはダムです / メル子大先生 / 明日香大明神 / 甲羅暮らしの201号,partial-skill-support
1,986,em-cf978e56c758,大スギですっ♪,19,2718,1057,3,guard,-0.2014,-0.2791,0.5347,0.7361,大スギですっ♪ / ペーチパイセン / ポディアさま / クレリゴス子様 / かんと師匠,電波姫☆いまりちゃん / さくらこはダムです / メル子大先生 / 明日香大明神 / 甲羅暮らしの201号,complete
1,987,em-8522b1e6c291,百華百彩久連子,55,5282,5282,3,multi_hit_attack,-0.2014,-0.2791,0.5347,0.7361,百華百彩久連子 / ペーチパイセン / すわ子isGOD！ / 明日香大明神 / zuス様とsiラ様,電波姫☆いまりちゃん / さくらこはダムです / メル子大先生 / 明日香大明神 / 甲羅暮らしの201号,complete
1,988,em-674193c61ffa,考えようとする男,8,200,900,6,revive,-0.2014,-0.2791,0.5347,0.7361,考えようとする男 / ペーチパイセン / ポディアさま / クレリゴス子様 / リスマニア,電波姫☆いまりちゃん / さくらこはダムです / メル子大先生 / 明日香大明神 / 甲羅暮らしの201号,complete
1,989,em-97e1dd39af25,郷くん,8,800,600,4,damage_reduction,-0.2014,-0.2791,0.5347,0.7361,郷くん / ペーチパイセン / ポディアさま / クレリゴス子様 / リスマニア,電波姫☆いまりちゃん / さくらこはダムです / メル子大先生 / 明日香大明神 / 甲羅暮らしの201号,complete
1,990,em-950b687b1f04,タオるん先輩,9,700,900,4,attribute_guard,-0.2014,-0.2791,0.5347,0.7361,タオるん先輩 / ペーチパイセン / ポディアさま / クレリゴス子様 / リスマニア,電波姫☆いまりちゃん / さくらこはダムです / メル子大先生 / 明日香大明神 / 甲羅暮らしの201号,complete
1,991,em-30dec89ba9f9,大杉妹者,10,800,500,4,guard,-0.2014,-0.2791,0.5347,0.7361,大杉妹者 / ペーチパイセン / ポディアさま / クレリゴス子様 / リスマニア,電波姫☆いまりちゃん / さくらこはダムです / メル子大先生 / 明日香大明神 / 甲羅暮らしの201号,complete
1,992,em-55057254f6ff,乳製品！こ祝いくん,10,800,600,4,heal,-0.2014,-0.2791,0.5347,0.7361,乳製品！こ祝いくん / ペーチパイセン / ポディアさま / クレリゴス子様 / リスマニア,電波姫☆いまりちゃん / さくらこはダムです / メル子大先生 / 明日香大明神 / 甲羅暮らしの201号,complete
1,993,em-7b156c6762e0,忍者系男子,12,760,840,6,skill_reduction,-0.2083,-0.2797,0.5278,0.7361,忍者系男子 / 一葉ちゃんは作家さん / ポディアさま / クレリゴス子様 / ガハラさん,電波姫☆いまりちゃん / さくらこはダムです / メル子大先生 / 明日香大明神 / 甲羅暮らしの201号,partial-skill-support
1,994,em-ca22dd6b32f3,花妖怪こすもっすん,12,782,818,6,skill_reduction,-0.2083,-0.2797,0.5278,0.7361,花妖怪こすもっすん / 一葉ちゃんは作家さん / ポディアさま / クレリゴス子様 / ガハラさん,電波姫☆いまりちゃん / さくらこはダムです / メル子大先生 / 明日香大明神 / 甲羅暮らしの201号,partial-skill-support
1,995,em-837ddd274c7d,夢見る夢ナマコ,15,2224,1226,6,attribute_guard,-0.2083,-0.2797,0.5278,0.7361,夢見る夢ナマコ / さくらこはダムです / ポディアさま / クレリゴス子様 / かんと師匠,電波姫☆いまりちゃん / さくらこはダムです / メル子大先生 / 明日香大明神 / 甲羅暮らしの201号,complete
1,996,em-59ac9769ef60,神犬八房伏姫様,24,4093,1223,4,guard,-0.2083,-0.2797,0.5278,0.7361,神犬八房伏姫様 / ペーチパイセン / ポディアさま / クレリゴス子様 / まつやマン,電波姫☆いまりちゃん / さくらこはダムです / メル子大先生 / 明日香大明神 / 甲羅暮らしの201号,complete
1,997,em-b78d9042e361,サルパちゃん,28,4362,3748,2,multi_hit_attack,-0.2083,-0.2797,0.5278,0.7361,サルパちゃん / さくらこはダムです / ポディアさま / 電波姫☆いまりちゃん / かんと師匠,電波姫☆いまりちゃん / さくらこはダムです / メル子大先生 / 明日香大明神 / 甲羅暮らしの201号,complete
1,998,em-0c1036483550,kɔにー＆gæりー,13,1128,846,2,damage_reduction,-0.2083,-0.2797,0.5278,0.7361,kɔにー＆gæりー / 一葉ちゃんは作家さん / ポディアさま / クレリゴス子様 / ガハラさん,電波姫☆いまりちゃん / さくらこはダムです / メル子大先生 / 明日香大明神 / 甲羅暮らしの201号,complete
1,999,em-b7d11a89973d,どんこ三郎,7,510,470,4,heal,-0.1944,-0.2799,0.5417,0.7361,どんこ三郎 / さくらこはダムです / ポディアさま / クレリゴス子様 / リスマニア,電波姫☆いまりちゃん / さくらこはダムです / メル子大先生 / 明日香大明神 / 甲羅暮らしの201号,complete
1,1000,em-7fe8d05d0c62,艶やかヤッコ,30,3135,3408,0,attribute_change,-0.2014,-0.2801,0.5347,0.7361,艶やかヤッコ / ペーチパイセン / ポディアさま / 電波姫☆いまりちゃん / かんと師匠,電波姫☆いまりちゃん / さくらこはダムです / メル子大先生 / 明日香大明神 / 甲羅暮らしの201号,complete
1,1001,em-f516b3a09f3e,ハクさん,8,800,1000,5,attack_buff,-0.2014,-0.2801,0.5347,0.7361,ハクさん / ペーチパイセン / ポディアさま / クレリゴス子様 / リスマニア,電波姫☆いまりちゃん / さくらこはダムです / メル子大先生 / 明日香大明神 / 甲羅暮らしの201号,complete
1,1002,em-24a892c6ebea,Mt.CACHI×2,38,2556,3578,2,multi_hit_attack,-0.2014,-0.2801,0.5347,0.7361,Mt.CACHI×2 / ペーチパイセン / すわ子isGOD！ / ウサポワンちゃん / 頑張るハクさん,電波姫☆いまりちゃん / さくらこはダムです / メル子大先生 / 明日香大明神 / 甲羅暮らしの201号,complete
1,1003,em-511e9ea676be,Woo怪さま,10,700,1100,5,multi_hit_attack,-0.2014,-0.2801,0.5347,0.7361,Woo怪さま / ペーチパイセン / ポディアさま / クレリゴス子様 / リスマニア,電波姫☆いまりちゃん / さくらこはダムです / メル子大先生 / 明日香大明神 / 甲羅暮らしの201号,complete
1,1004,em-377a00f7a666,のり男,4,334,278,3,attribute_guard,-0.2014,-0.2801,0.5347,0.7361,のり男 / 一葉ちゃんは作家さん / ポディアさま / クレリゴス子様 / 頑張るハクさん,電波姫☆いまりちゃん / さくらこはダムです / メル子大先生 / 明日香大明神 / 甲羅暮らしの201号,complete
1,1005,em-84a7ce7d3a80,ゴロウ,4,310,302,2,attack_buff,-0.2014,-0.2801,0.5347,0.7361,ゴロウ / 一葉ちゃんは作家さん / ポディアさま / クレリゴス子様 / 頑張るハクさん,電波姫☆いまりちゃん / さくらこはダムです / メル子大先生 / 明日香大明神 / 甲羅暮らしの201号,complete
1,1006,em-9c40d906d190,フィッシャーマン,4,296,314,1,heal,-0.2014,-0.2801,0.5347,0.7361,フィッシャーマン / 一葉ちゃんは作家さん / ポディアさま / クレリゴス子様 / 頑張るハクさん,電波姫☆いまりちゃん / さくらこはダムです / メル子大先生 / 明日香大明神 / 甲羅暮らしの201号,complete
1,1007,em-d4e50f80f825,コーベリアル,4,305,297,2,attribute_guard,-0.2014,-0.2801,0.5347,0.7361,コーベリアル / 一葉ちゃんは作家さん / ポディアさま / クレリゴス子様 / 頑張るハクさん,電波姫☆いまりちゃん / さくらこはダムです / メル子大先生 / 明日香大明神 / 甲羅暮らしの201号,complete
1,1008,em-7ff2fa346c81,児玉三兄弟,23,1932,2093,6,multi_hit_attack,-0.2083,-0.2808,0.5278,0.7361,児玉三兄弟 / さくらこはダムです / ポディアさま / クレリゴス子様 / ガハラさん,電波姫☆いまりちゃん / さくらこはダムです / メル子大先生 / 明日香大明神 / 甲羅暮らしの201号,complete
1,1009,em-c5e484c5d286,マウント取瑠代,31,6076,1850,3,revive,-0.2083,-0.2808,0.5278,0.7361,マウント取瑠代 / ペーチパイセン / ポディアさま / 電波姫☆いまりちゃん / かんと師匠,電波姫☆いまりちゃん / さくらこはダムです / メル子大先生 / 明日香大明神 / 甲羅暮らしの201号,complete
1,1010,em-5558b35b9413,フゥーま＆ヴォたん,14,800,800,3,guard,-0.2083,-0.2808,0.5278,0.7361,フゥーま＆ヴォたん / ペーチパイセン / ポディアさま / クレリゴス子様 / 頑張るハクさん,電波姫☆いまりちゃん / さくらこはダムです / メル子大先生 / 明日香大明神 / 甲羅暮らしの201号,complete
1,1011,em-76311eb8b6ba,Halloweenな藤原マミー,18,1208,1963,5,revive,-0.2083,-0.2808,0.5278,0.7361,Halloweenな藤原マミー / ペーチパイセン / ポディアさま / クレリゴス子様 / かんと師匠,電波姫☆いまりちゃん / さくらこはダムです / メル子大先生 / 明日香大明神 / 甲羅暮らしの201号,complete
1,1012,em-42016d3a2172,織田フィナーレ,42,2556,5964,5,multi_hit_attack,-0.2083,-0.2808,0.5278,0.7361,織田フィナーレ / ペーチパイセン / すわ子isGOD！ / 明日香大明神 / ロータス先輩,電波姫☆いまりちゃん / さくらこはダムです / メル子大先生 / 明日香大明神 / 甲羅暮らしの201号,complete
1,1013,em-36832fcaae9c,政虎さん,12,1100,1100,7,aoe_attack,-0.2083,-0.2808,0.5278,0.7361,政虎さん / 一葉ちゃんは作家さん / ポディアさま / クレリゴス子様 / ガハラさん,電波姫☆いまりちゃん / さくらこはダムです / メル子大先生 / 明日香大明神 / 甲羅暮らしの201号,complete
1,1014,em-d8823783dfa4,あわわ子先輩,12,1100,1100,5,attack_buff,-0.2083,-0.2808,0.5278,0.7361,あわわ子先輩 / 一葉ちゃんは作家さん / ポディアさま / クレリゴス子様 / ガハラさん,電波姫☆いまりちゃん / さくらこはダムです / メル子大先生 / 明日香大明神 / 甲羅暮らしの201号,complete
1,1015,em-dde4510af0e1,花の魔女るる,12,1100,1100,5,attack_buff,-0.2083,-0.2808,0.5278,0.7361,花の魔女るる / 一葉ちゃんは作家さん / ポディアさま / クレリゴス子様 / ガハラさん,電波姫☆いまりちゃん / さくらこはダムです / メル子大先生 / 明日香大明神 / 甲羅暮らしの201号,complete
1,1016,em-36ce9827163b,検非違使なけいび氏,28,6024,878,2,heal,-0.2083,-0.2808,0.5278,0.7361,検非違使なけいび氏 / さくらこはダムです / ポディアさま / 電波姫☆いまりちゃん / 頑張るハクさん,電波姫☆いまりちゃん / さくらこはダムです / メル子大先生 / 明日香大明神 / 甲羅暮らしの201号,complete
1,1017,em-a9f11e917d08,さふらんボルギーニャ,40,5163,3970,3,skill_reduction,-0.2153,-0.2808,0.5208,0.7361,さふらんボルギーニャ / 一葉ちゃんは作家さん / すわ子isGOD！ / おあげさん / 頑張るハクさん,電波姫☆いまりちゃん / さくらこはダムです / メル子大先生 / 明日香大明神 / 甲羅暮らしの201号,partial-skill-support
1,1018,em-f681bd79382b,しずこちゃん,8,700,1000,5,multi_hit_attack,-0.2014,-0.2811,0.5347,0.7361,しずこちゃん / ペーチパイセン / ポディアさま / クレリゴス子様 / リスマニア,電波姫☆いまりちゃん / さくらこはダムです / メル子大先生 / 明日香大明神 / 甲羅暮らしの201号,complete
1,1019,em-0dd32666a6ad,島原のトッキー,8,610,610,5,attack_buff,-0.2014,-0.2811,0.5347,0.7361,島原のトッキー / ペーチパイセン / ポディアさま / クレリゴス子様 / リスマニア,電波姫☆いまりちゃん / さくらこはダムです / メル子大先生 / 明日香大明神 / 甲羅暮らしの201号,complete
1,1020,em-2023baf2b5e2,ガハラ大明神,9,1198,1057,4,attack_buff,-0.2014,-0.2811,0.5347,0.7361,ガハラ大明神 / さくらこはダムです / ポディアさま / クレリゴス子様 / 頑張るハクさん,電波姫☆いまりちゃん / さくらこはダムです / メル子大先生 / 明日香大明神 / 甲羅暮らしの201号,complete
1,1021,em-b423f323d7be,夢見る塚ジェンヌ,10,600,605,5,attack_buff,-0.2014,-0.2811,0.5347,0.7361,夢見る塚ジェンヌ / ペーチパイセン / ポディアさま / クレリゴス子様 / リスマニア,電波姫☆いまりちゃん / さくらこはダムです / メル子大先生 / 明日香大明神 / 甲羅暮らしの201号,complete
1,1022,em-a48bcdd76e03,サーファー岡田,15,419,1298,4,attack_buff,-0.2014,-0.2811,0.5347,0.7361,サーファー岡田 / さくらこはダムです / ポディアさま / クレリゴス子様 / かんと師匠,電波姫☆いまりちゃん / さくらこはダムです / メル子大先生 / 明日香大明神 / 甲羅暮らしの201号,complete
1,1023,em-7e127d8718a5,魔人エビユルゲ,4,410,370,3,attribute_change,-0.2014,-0.2811,0.5347,0.7361,魔人エビユルゲ / 一葉ちゃんは作家さん / ポディアさま / クレリゴス子様 / 頑張るハクさん,電波姫☆いまりちゃん / さくらこはダムです / メル子大先生 / 明日香大明神 / 甲羅暮らしの201号,complete
1,1024,em-c358b6553866,ご機嫌斜めのウィーン様,58,4941,2896,5,attack_buff,-0.2222,-0.2814,0.5139,0.7361,ご機嫌斜めのウィーン様 / ペーチパイセン / 時のプラズマ / 明日香大明神 / zuス様とsiラ様,電波姫☆いまりちゃん / さくらこはダムです / メル子大先生 / 明日香大明神 / 甲羅暮らしの201号,complete
1,1025,em-1a5f7bc3661b,萌やし男子,7,300,700,4,attack_buff,-0.1944,-0.2817,0.5417,0.7361,萌やし男子 / さくらこはダムです / ポディアさま / クレリゴス子様 / リスマニア,電波姫☆いまりちゃん / さくらこはダムです / メル子大先生 / 明日香大明神 / 甲羅暮らしの201号,complete
1,1026,em-623023f3cb8c,嫁劇！くーにゃん,50,2556,6816,4,attack_buff,-0.2083,-0.2819,0.5278,0.7361,嫁劇！くーにゃん / ペーチパイセン / メル子大先生 / 明日香大明神 / ロータス先輩,電波姫☆いまりちゃん / さくらこはダムです / メル子大先生 / 明日香大明神 / 甲羅暮らしの201号,complete
1,1027,em-64ab57a69704,大歓喜グリンすマン,11,810,790,6,delay,-0.2083,-0.2819,0.5278,0.7361,大歓喜グリンすマン / 一葉ちゃんは作家さん / ポディアさま / クレリゴス子様 / ガハラさん,電波姫☆いまりちゃん / さくらこはダムです / メル子大先生 / 明日香大明神 / 甲羅暮らしの201号,partial-skill-support
1,1028,em-d558df6f2e69,シーギリヤ先生,13,2383,973,8,damage_reduction,-0.2083,-0.2819,0.5278,0.7361,シーギリヤ先生 / 一葉ちゃんは作家さん / ポディアさま / クレリゴス子様 / ガハラさん,電波姫☆いまりちゃん / さくらこはダムです / メル子大先生 / 明日香大明神 / 甲羅暮らしの201号,complete
1,1029,em-1374a3351d4c,忍！fuま＆voたん,17,1510,1510,3,guard,-0.2083,-0.2819,0.5278,0.7361,忍！fuま＆voたん / ペーチパイセン / ポディアさま / クレリゴス子様 / 頑張るハクさん,電波姫☆いまりちゃん / さくらこはダムです / メル子大先生 / 明日香大明神 / 甲羅暮らしの201号,complete
1,1030,em-f85f36730ace,だーらくん十四世,17,2820,141,2,guard,-0.2083,-0.2819,0.5278,0.7361,だーらくん十四世 / ペーチパイセン / ポディアさま / クレリゴス子様 / 頑張るハクさん,電波姫☆いまりちゃん / さくらこはダムです / メル子大先生 / 明日香大明神 / 甲羅暮らしの201号,complete
1,1031,em-fa3191833d67,エヴァン,28,3381,2776,2,damage_reduction,-0.2083,-0.2819,0.5278,0.7361,エヴァン / さくらこはダムです / ポディアさま / 電波姫☆いまりちゃん / かんと師匠,電波姫☆いまりちゃん / さくらこはダムです / メル子大先生 / 明日香大明神 / 甲羅暮らしの201号,complete
1,1032,em-009ea40e4b39,お夏ちゃん,4,311,329,3,heal,-0.2083,-0.2819,0.5278,0.7361,お夏ちゃん / 一葉ちゃんは作家さん / ポディアさま / クレリゴス子様 / かんと師匠,電波姫☆いまりちゃん / さくらこはダムです / メル子大先生 / 明日香大明神 / 甲羅暮らしの201号,complete
1,1033,em-3dc20cd01b22,みかん大王,4,515,187,2,attribute_guard,-0.2083,-0.2819,0.5278,0.7361,みかん大王 / 一葉ちゃんは作家さん / ポディアさま / クレリゴス子様 / かんと師匠,電波姫☆いまりちゃん / さくらこはダムです / メル子大先生 / 明日香大明神 / 甲羅暮らしの201号,complete
1,1034,em-7db26a11a40b,ぐっすん,4,195,407,2,attack_buff,-0.2083,-0.2819,0.5278,0.7361,ぐっすん / 一葉ちゃんは作家さん / ポディアさま / クレリゴス子様 / かんと師匠,電波姫☆いまりちゃん / さくらこはダムです / メル子大先生 / 明日香大明神 / 甲羅暮らしの201号,complete
1,1035,em-8eb59e6085d5,明日香ちゃん,4,295,325,2,damage_reduction,-0.2083,-0.2819,0.5278,0.7361,明日香ちゃん / 一葉ちゃんは作家さん / ポディアさま / クレリゴス子様 / かんと師匠,電波姫☆いまりちゃん / さくらこはダムです / メル子大先生 / 明日香大明神 / 甲羅暮らしの201号,complete
1,1036,em-35db097208c5,勝斧・冠,60,6816,4089,1,attack_buff,-0.2083,-0.2819,0.5278,0.7361,勝斧・冠 / ペーチパイセン / すわ子isGOD！ / おあげさん / まつやマン,電波姫☆いまりちゃん / さくらこはダムです / メル子大先生 / 明日香大明神 / 甲羅暮らしの201号,complete
1,1037,em-08ce9600ed14,ビルカくん,21,1480,1321,5,guard,-0.2153,-0.2821,0.5208,0.7361,ビルカくん / さくらこはダムです / ポディアさま / クレリゴス子様 / まつやマン,電波姫☆いまりちゃん / さくらこはダムです / メル子大先生 / 明日香大明神 / 甲羅暮らしの201号,complete
1,1038,em-3931715bffec,地味な大仏,7,500,500,4,attack_buff,-0.1944,-0.2827,0.5417,0.7361,地味な大仏 / さくらこはダムです / ポディアさま / クレリゴス子様 / リスマニア,電波姫☆いまりちゃん / さくらこはダムです / メル子大先生 / 明日香大明神 / 甲羅暮らしの201号,complete
1,1039,em-3ee1b9058802,老舗のぼこたそ,7,490,500,4,delay,-0.1944,-0.2827,0.5417,0.7361,老舗のぼこたそ / さくらこはダムです / ポディアさま / クレリゴス子様 / リスマニア,電波姫☆いまりちゃん / さくらこはダムです / メル子大先生 / 明日香大明神 / 甲羅暮らしの201号,partial-skill-support
1,1040,em-7e2c5e9ede5c,シャムロックのガハラ,55,5401,5680,4,attack_buff,-0.2222,-0.2828,0.5139,0.7361,シャムロックのガハラ / ペーチパイセン / すわ子isGOD！ / 明日香大明神 / zuス様とsiラ様,電波姫☆いまりちゃん / さくらこはダムです / メル子大先生 / 明日香大明神 / 甲羅暮らしの201号,complete
1,1041,em-f69cec08bbe4,魔女っ魚☆メルルン,41,3834,4345,2,skill_reduction,-0.2083,-0.283,0.5278,0.7361,魔女っ魚☆メルルン / 一葉ちゃんは作家さん / すわ子isGOD！ / 明日香大明神 / zuス様とsiラ様,電波姫☆いまりちゃん / さくらこはダムです / メル子大先生 / 明日香大明神 / 甲羅暮らしの201号,partial-skill-support
1,1042,em-24bedbdcce05,ｱｲｽ大好きあいちゃん,12,1500,700,5,damage_reduction,-0.2083,-0.283,0.5278,0.7361,ｱｲｽ大好きあいちゃん / 一葉ちゃんは作家さん / ポディアさま / クレリゴス子様 / ガハラさん,電波姫☆いまりちゃん / さくらこはダムです / メル子大先生 / 明日香大明神 / 甲羅暮らしの201号,complete
1,1043,em-4fdecac09ecc,みなぎる！さくらちゃん,12,666,666,4,attribute_change,-0.2083,-0.283,0.5278,0.7361,みなぎる！さくらちゃん / 一葉ちゃんは作家さん / ポディアさま / クレリゴス子様 / ガハラさん,電波姫☆いまりちゃん / さくらこはダムです / メル子大先生 / 明日香大明神 / 甲羅暮らしの201号,complete
1,1044,em-8527b3dd869a,帰って来たいぬやマン,21,1661,1661,4,attack_buff,-0.2083,-0.283,0.5278,0.7361,帰って来たいぬやマン / さくらこはダムです / ポディアさま / クレリゴス子様 / ガハラさん,電波姫☆いまりちゃん / さくらこはダムです / メル子大先生 / 明日香大明神 / 甲羅暮らしの201号,complete
1,1045,em-124d2df2b85e,ディオクレ君,23,2416,1449,4,skill_reduction,-0.2083,-0.283,0.5278,0.7361,ディオクレ君 / さくらこはダムです / ポディアさま / クレリゴス子様 / ガハラさん,電波姫☆いまりちゃん / さくらこはダムです / メル子大先生 / 明日香大明神 / 甲羅暮らしの201号,partial-skill-support
1,1046,em-5275d879d803,ｻｲｯｺくたにん,12,800,1000,2,attribute_change,-0.2014,-0.2831,0.5347,0.7361,ｻｲｯｺくたにん / さくらこはダムです / ポディアさま / クレリゴス子様 / 頑張るハクさん,電波姫☆いまりちゃん / さくらこはダムです / メル子大先生 / 明日香大明神 / 甲羅暮らしの201号,complete
1,1047,em-737815742386,タオるんさん先輩,12,800,1000,3,attribute_guard,-0.2014,-0.2831,0.5347,0.7361,タオるんさん先輩 / さくらこはダムです / ポディアさま / クレリゴス子様 / 頑張るハクさん,電波姫☆いまりちゃん / さくらこはダムです / メル子大先生 / 明日香大明神 / 甲羅暮らしの201号,complete
1,1048,em-d8349efcae1b,鰹でよくね?,5,700,700,7,skill_reduction,-0.2014,-0.2831,0.5347,0.7361,鰹でよくね? / さくらこはダムです / ポディアさま / クレリゴス子様 / リスマニア,電波姫☆いまりちゃん / さくらこはダムです / メル子大先生 / 明日香大明神 / 甲羅暮らしの201号,partial-skill-support
1,1049,em-ddba9f91bab7,注入！とちぎソウル,6,280,700,5,attack_buff,-0.2014,-0.2831,0.5347,0.7361,注入！とちぎソウル / さくらこはダムです / ポディアさま / クレリゴス子様 / リスマニア,電波姫☆いまりちゃん / さくらこはダムです / メル子大先生 / 明日香大明神 / 甲羅暮らしの201号,complete
1,1050,em-314fadaf0ea9,オシラサマ,28,4260,3322,3,heal,-0.2153,-0.2832,0.5208,0.7361,オシラサマ / さくらこはダムです / ポディアさま / 電波姫☆いまりちゃん / かんと師匠,電波姫☆いまりちゃん / さくらこはダムです / メル子大先生 / 明日香大明神 / 甲羅暮らしの201号,complete
1,1051,em-4bb28e84009d,吉野スライメスト,13,1809,735,5,guard,-0.2153,-0.2832,0.5208,0.7361,吉野スライメスト / 一葉ちゃんは作家さん / ポディアさま / クレリゴス子様 / ガハラさん,電波姫☆いまりちゃん / さくらこはダムです / メル子大先生 / 明日香大明神 / 甲羅暮らしの201号,complete
1,1052,em-ba817035b6a5,ハクさんの本気,38,4601,4089,5,attack_buff,-0.2153,-0.2832,0.5208,0.7361,ハクさんの本気 / ペーチパイセン / すわ子isGOD！ / ウサポワンちゃん / 頑張るハクさん,電波姫☆いまりちゃん / さくらこはダムです / メル子大先生 / 明日香大明神 / 甲羅暮らしの201号,complete
1,1053,em-5793db0a4078,リンゴール伯爵,5,700,600,4,delay,-0.1944,-0.2836,0.5417,0.7361,リンゴール伯爵 / さくらこはダムです / ポディアさま / クレリゴス子様 / リスマニア,電波姫☆いまりちゃん / さくらこはダムです / メル子大先生 / 明日香大明神 / 甲羅暮らしの201号,partial-skill-support
1,1054,em-4c77b2b8ad46,トキシッくんさん,6,700,600,4,revive,-0.1944,-0.2836,0.5417,0.7361,トキシッくんさん / さくらこはダムです / ポディアさま / クレリゴス子様 / リスマニア,電波姫☆いまりちゃん / さくらこはダムです / メル子大先生 / 明日香大明神 / 甲羅暮らしの201号,complete
1,1055,em-71820072d6c5,松浦凜子,6,603,603,4,attack_buff,-0.1944,-0.2836,0.5417,0.7361,松浦凜子 / さくらこはダムです / ポディアさま / クレリゴス子様 / リスマニア,電波姫☆いまりちゃん / さくらこはダムです / メル子大先生 / 明日香大明神 / 甲羅暮らしの201号,complete
1,1056,em-865f442bc56a,神魚！はたはタン,6,700,600,4,heal,-0.1944,-0.2836,0.5417,0.7361,神魚！はたはタン / さくらこはダムです / ポディアさま / クレリゴス子様 / リスマニア,電波姫☆いまりちゃん / さくらこはダムです / メル子大先生 / 明日香大明神 / 甲羅暮らしの201号,complete
1,1057,em-8d2b5bd68a94,ズースさんとシーラさん,6,800,600,4,attack_buff,-0.1944,-0.2836,0.5417,0.7361,ズースさんとシーラさん / さくらこはダムです / ポディアさま / クレリゴス子様 / リスマニア,電波姫☆いまりちゃん / さくらこはダムです / メル子大先生 / 明日香大明神 / 甲羅暮らしの201号,complete
1,1058,em-e15fbf6ecd0c,シャーロック&エッジュ,41,4260,5112,2,skill_reduction,-0.2083,-0.284,0.5278,0.7361,シャーロック&エッジュ / 一葉ちゃんは作家さん / すわ子isGOD！ / 明日香大明神 / zuス様とsiラ様,電波姫☆いまりちゃん / さくらこはダムです / メル子大先生 / 明日香大明神 / 甲羅暮らしの201号,partial-skill-support
1,1059,em-dec0ba391522,こまちさん,10,750,750,5,aoe_attack,-0.2083,-0.284,0.5278,0.7361,こまちさん / ペーチパイセン / ポディアさま / クレリゴス子様 / リスマニア,電波姫☆いまりちゃん / さくらこはダムです / メル子大先生 / 明日香大明神 / 甲羅暮らしの201号,complete
1,1060,em-199bdad6398b,なるティス,12,1000,900,3,attack_buff,-0.2083,-0.284,0.5278,0.7361,なるティス / 一葉ちゃんは作家さん / ポディアさま / クレリゴス子様 / ガハラさん,電波姫☆いまりちゃん / さくらこはダムです / メル子大先生 / 明日香大明神 / 甲羅暮らしの201号,complete
1,1061,em-c57b08a735c9,考えたかった男,12,250,1100,6,revive,-0.2083,-0.284,0.5278,0.7361,考えたかった男 / 一葉ちゃんは作家さん / ポディアさま / クレリゴス子様 / ガハラさん,電波姫☆いまりちゃん / さくらこはダムです / メル子大先生 / 明日香大明神 / 甲羅暮らしの201号,complete
1,1062,em-1eb5e932843b,ダンブッラの蘭,38,5112,3578,2,damage_reduction,-0.2083,-0.284,0.5278,0.7361,ダンブッラの蘭 / ペーチパイセン / すわ子isGOD！ / ウサポワンちゃん / 頑張るハクさん,電波姫☆いまりちゃん / さくらこはダムです / メル子大先生 / 明日香大明神 / 甲羅暮らしの201号,complete
1,1063,em-aefeed62ea5c,平家の久連子,8,226,980,5,attack_buff,-0.2014,-0.2841,0.5347,0.7361,平家の久連子 / ペーチパイセン / ポディアさま / クレリゴス子様 / リスマニア,電波姫☆いまりちゃん / さくらこはダムです / メル子大先生 / 明日香大明神 / 甲羅暮らしの201号,complete
1,1064,em-7c5fdd7af70d,覚醒むりょく,6,198,89,3,multi_hit_attack,-0.2014,-0.2841,0.5347,0.7361,覚醒むりょく / さくらこはダムです / ポディアさま / クレリゴス子様 / リスマニア,電波姫☆いまりちゃん / さくらこはダムです / メル子大先生 / 明日香大明神 / 甲羅暮らしの201号,complete
1,1065,em-8d320a6b7512,いびるん,6,500,600,5,guard,-0.2014,-0.2841,0.5347,0.7361,いびるん / さくらこはダムです / ポディアさま / クレリゴス子様 / リスマニア,電波姫☆いまりちゃん / さくらこはダムです / メル子大先生 / 明日香大明神 / 甲羅暮らしの201号,complete
1,1066,em-d5465017bfd1,チュパカブ先輩,59,4819,2811,1,heal,-0.2222,-0.2841,0.5139,0.7361,チュパカブ先輩 / さくらこはダムです / すわ子isGOD！ / おあげさん / ガハラさん,電波姫☆いまりちゃん / さくらこはダムです / メル子大先生 / 明日香大明神 / 甲羅暮らしの201号,complete
1,1067,em-9467ad3af2e0,大杵社のユッフィー,19,1699,1699,5,attack_buff,-0.2153,-0.2844,0.5208,0.7361,大杵社のユッフィー / ペーチパイセン / ポディアさま / クレリゴス子様 / かんと師匠,電波姫☆いまりちゃん / さくらこはダムです / メル子大先生 / 明日香大明神 / 甲羅暮らしの201号,complete
1,1068,em-65cc0d6a4bcc,TAGIの映画祭,31,3748,2726,5,multi_hit_attack,-0.2153,-0.2844,0.5208,0.7361,TAGIの映画祭 / ペーチパイセン / ポディアさま / 電波姫☆いまりちゃん / zuス様とsiラ様,電波姫☆いまりちゃん / さくらこはダムです / メル子大先生 / 明日香大明神 / 甲羅暮らしの201号,complete
1,1069,em-357d76cd5b69,のり男さん,5,424,356,3,attribute_guard,-0.1944,-0.2845,0.5417,0.7361,のり男さん / さくらこはダムです / ポディアさま / クレリゴス子様 / リスマニア,電波姫☆いまりちゃん / さくらこはダムです / メル子大先生 / 明日香大明神 / 甲羅暮らしの201号,complete
1,1070,em-8d7a9845b04b,コーベリアル男爵,5,400,380,2,attribute_guard,-0.1944,-0.2845,0.5417,0.7361,コーベリアル男爵 / さくらこはダムです / ポディアさま / クレリゴス子様 / リスマニア,電波姫☆いまりちゃん / さくらこはダムです / メル子大先生 / 明日香大明神 / 甲羅暮らしの201号,complete
1,1071,em-b08be1a4ca3f,中央アルプスの少女,6,500,300,3,damage_reduction,-0.1944,-0.2845,0.5417,0.7361,中央アルプスの少女 / さくらこはダムです / ポディアさま / クレリゴス子様 / リスマニア,電波姫☆いまりちゃん / さくらこはダムです / メル子大先生 / 明日香大明神 / 甲羅暮らしの201号,complete
1,1072,em-e507272ab5af,フィッシャーマン２,6,400,400,1,heal,-0.1944,-0.2845,0.5417,0.7361,フィッシャーマン２ / さくらこはダムです / ポディアさま / クレリゴス子様 / リスマニア,電波姫☆いまりちゃん / さくらこはダムです / メル子大先生 / 明日香大明神 / 甲羅暮らしの201号,complete
1,1073,em-b09ebd864da6,みずがめəろまちゃん,14,1057,1198,4,revive,-0.2014,-0.285,0.5347,0.7361,みずがめəろまちゃん / さくらこはダムです / ポディアさま / クレリゴス子様 / かんと師匠,電波姫☆いまりちゃん / さくらこはダムです / メル子大先生 / 明日香大明神 / 甲羅暮らしの201号,complete
1,1074,em-f70fc38ed477,栗栖　益子さん,40,4175,4106,4,multi_hit_attack,-0.2083,-0.2851,0.5278,0.7361,栗栖　益子さん / ペーチパイセン / すわ子isGOD！ / ウサポワンちゃん / 頑張るハクさん,電波姫☆いまりちゃん / さくらこはダムです / メル子大先生 / 明日香大明神 / 甲羅暮らしの201号,complete
1,1075,em-71cc97d858a5,うるだ・シュワー,38,3834,2300,1,attack_buff,-0.2083,-0.2851,0.5278,0.7361,うるだ・シュワー / ペーチパイセン / すわ子isGOD！ / ウサポワンちゃん / 頑張るハクさん,電波姫☆いまりちゃん / さくらこはダムです / メル子大先生 / 明日香大明神 / 甲羅暮らしの201号,complete
1,1076,em-83c97b8f4e6e,アルルのキャミー,40,4001,6236,4,heal,-0.2222,-0.2854,0.5139,0.7361,アルルのキャミー / 一葉ちゃんは作家さん / すわ子isGOD！ / おあげさん / 頑張るハクさん,電波姫☆いまりちゃん / さくらこはダムです / メル子大先生 / 明日香大明神 / 甲羅暮らしの201号,complete
1,1077,em-7d3aff4377e1,となりの201号さん,60,7159,3751,5,guard,-0.2222,-0.2854,0.5139,0.7361,となりの201号さん / ペーチパイセン / 人面恐竜の謎 / おあげさん / かんと師匠,電波姫☆いまりちゃん / さくらこはダムです / メル子大先生 / 明日香大明神 / 甲羅暮らしの201号,complete
1,1078,em-5819b668aba5,ﾌﾗｲﾝｸﾞ･ﾀﾞｯﾁさん,41,3403,4601,5,delay,-0.2153,-0.2856,0.5208,0.7361,ﾌﾗｲﾝｸﾞ･ﾀﾞｯﾁさん / 一葉ちゃんは作家さん / すわ子isGOD！ / 明日香大明神 / zuス様とsiラ様,電波姫☆いまりちゃん / さくらこはダムです / メル子大先生 / 明日香大明神 / 甲羅暮らしの201号,partial-skill-support
1,1079,em-eea7e5ad714b,饅頭石餅子,30,3433,4114,5,attribute_guard,-0.2153,-0.2856,0.5208,0.7361,饅頭石餅子 / さくらこはダムです / ポディアさま / 電波姫☆いまりちゃん / zuス様とsiラ様,電波姫☆いまりちゃん / さくらこはダムです / メル子大先生 / 明日香大明神 / 甲羅暮らしの201号,complete
1,1080,em-fc0926b017ef,なまずのおじさん,25,4260,1278,5,damage_reduction,-0.2153,-0.2856,0.5208,0.7361,なまずのおじさん / ペーチパイセン / ポディアさま / クレリゴス子様 / ガハラさん,電波姫☆いまりちゃん / さくらこはダムです / メル子大先生 / 明日香大明神 / 甲羅暮らしの201号,complete
1,1081,em-03bd45a21028,覚醒ねっつ,6,346,297,2,multi_hit_attack,-0.2014,-0.286,0.5347,0.7361,覚醒ねっつ / さくらこはダムです / ポディアさま / クレリゴス子様 / リスマニア,電波姫☆いまりちゃん / さくらこはダムです / メル子大先生 / 明日香大明神 / 甲羅暮らしの201号,complete
1,1082,em-a477cb0da8f6,びゃ子ちゃん,8,290,930,6,attack_buff,-0.2083,-0.2861,0.5278,0.7361,びゃ子ちゃん / ペーチパイセン / ポディアさま / クレリゴス子様 / リスマニア,電波姫☆いまりちゃん / さくらこはダムです / メル子大先生 / 明日香大明神 / 甲羅暮らしの201号,complete
1,1083,em-b057fb6325c7,常飲！とちぎソウル,5,200,600,5,attack_buff,-0.2083,-0.2861,0.5278,0.7361,常飲！とちぎソウル / 一葉ちゃんは作家さん / ポディアさま / クレリゴス子様 / かんと師匠,電波姫☆いまりちゃん / さくらこはダムです / メル子大先生 / 明日香大明神 / 甲羅暮らしの201号,complete
1,1084,em-16f5c5743e68,駆けろわだっしー,42,1559,4968,2,attack_buff,-0.2222,-0.2866,0.5139,0.7361,駆けろわだっしー / さくらこはダムです / すわ子isGOD！ / 明日香大明神 / ロータス先輩,電波姫☆いまりちゃん / さくらこはダムです / メル子大先生 / 明日香大明神 / 甲羅暮らしの201号,complete
1,1085,em-a236725222d2,紺碧のＰＬぴよ子,60,3656,3656,1,attribute_change,-0.2222,-0.2866,0.5139,0.7361,紺碧のＰＬぴよ子 / ペーチパイセン / 人面恐竜の謎 / おあげさん / かんと師匠,電波姫☆いまりちゃん / さくらこはダムです / メル子大先生 / 明日香大明神 / 甲羅暮らしの201号,complete
1,1086,em-de36aab296aa,月下皇帝ランたん様,50,3150,5367,3,revive,-0.2153,-0.2867,0.5208,0.7361,月下皇帝ランたん様 / ペーチパイセン / メル子大先生 / 明日香大明神 / ロータス先輩,電波姫☆いまりちゃん / さくらこはダムです / メル子大先生 / 明日香大明神 / 甲羅暮らしの201号,complete
1,1087,em-fe9fc4184474,聖えぇじゃないか,17,2817,2334,4,aoe_attack,-0.2153,-0.2867,0.5208,0.7361,聖えぇじゃないか / ペーチパイセン / ポディアさま / クレリゴス子様 / 頑張るハクさん,電波姫☆いまりちゃん / さくらこはダムです / メル子大先生 / 明日香大明神 / 甲羅暮らしの201号,complete
1,1088,em-d7e5ef0e4b97,実はこんにゃくちゃん,9,1198,1204,7,guard,-0.2153,-0.2867,0.5208,0.7361,実はこんにゃくちゃん / さくらこはダムです / ポディアさま / クレリゴス子様 / 頑張るハクさん,電波姫☆いまりちゃん / さくらこはダムです / メル子大先生 / 明日香大明神 / 甲羅暮らしの201号,complete
1,1089,em-210e07c4044b,偉いよ！どうしん先生,19,1245,1155,1,heal,-0.2083,-0.2871,0.5278,0.7361,偉いよ！どうしん先生 / ペーチパイセン / ポディアさま / クレリゴス子様 / かんと師匠,電波姫☆いまりちゃん / さくらこはダムです / メル子大先生 / 明日香大明神 / 甲羅暮らしの201号,complete
1,1090,em-577ab88ffefc,河口精進子,8,800,1100,7,delay,-0.2083,-0.2871,0.5278,0.7361,河口精進子 / ペーチパイセン / ポディアさま / クレリゴス子様 / リスマニア,電波姫☆いまりちゃん / さくらこはダムです / メル子大先生 / 明日香大明神 / 甲羅暮らしの201号,partial-skill-support
1,1091,em-6dbb00845177,夢見る☆にいがタン,16,2500,500,4,attribute_guard,-0.2153,-0.2878,0.5208,0.7361,夢見る☆にいがタン / ペーチパイセン / ポディアさま / クレリゴス子様 / 頑張るハクさん,電波姫☆いまりちゃん / さくらこはダムです / メル子大先生 / 明日香大明神 / 甲羅暮らしの201号,complete
1,1092,em-1bcd64d199fb,ケロッとる☆キング,31,1533,5708,2,attribute_change,-0.2153,-0.2878,0.5208,0.7361,ケロッとる☆キング / 一葉ちゃんは作家さん / すわ子isGOD！ / 明日香大明神 / ロータス先輩,電波姫☆いまりちゃん / さくらこはダムです / メル子大先生 / 明日香大明神 / 甲羅暮らしの201号,complete
1,1093,em-b17b3174de7d,ネギtheフィクサー,45,2405,5135,3,damage_reduction,-0.2153,-0.2878,0.5208,0.7361,ネギtheフィクサー / ペーチパイセン / すわ子isGOD！ / おあげさん / リスマニア,電波姫☆いまりちゃん / さくらこはダムです / メル子大先生 / 明日香大明神 / 甲羅暮らしの201号,complete
1,1094,em-33880cee5e60,三貴子ツクヨミ,75,10735,4686,3,damage_reduction,-0.2153,-0.2878,0.5208,0.7361,三貴子ツクヨミ / ペーチパイセン / たけしマン / おあげちゃん / ガハラさん,電波姫☆いまりちゃん / さくらこはダムです / メル子大先生 / 明日香大明神 / 甲羅暮らしの201号,complete
1,1095,em-a363fce734f3,今週のさだわん,7,500,480,4,damage_reduction,-0.2014,-0.2879,0.5347,0.7361,今週のさだわん / さくらこはダムです / ポディアさま / クレリゴス子様 / リスマニア,電波姫☆いまりちゃん / さくらこはダムです / メル子大先生 / 明日香大明神 / 甲羅暮らしの201号,complete
1,1096,em-0507f3696406,真・金色どーもくん,8,700,600,6,revive,-0.2083,-0.2881,0.5278,0.7361,真・金色どーもくん / ペーチパイセン / ポディアさま / クレリゴス子様 / リスマニア,電波姫☆いまりちゃん / さくらこはダムです / メル子大先生 / 明日香大明神 / 甲羅暮らしの201号,complete
1,1097,em-093a94ca0f33,スピードキング,8,607,612,6,attack_buff,-0.2083,-0.2881,0.5278,0.7361,スピードキング / ペーチパイセン / ポディアさま / クレリゴス子様 / リスマニア,電波姫☆いまりちゃん / さくらこはダムです / メル子大先生 / 明日香大明神 / 甲羅暮らしの201号,complete
1,1098,em-9065b5251eba,こすもっすん,8,600,606,6,skill_reduction,-0.2083,-0.2881,0.5278,0.7361,こすもっすん / ペーチパイセン / ポディアさま / クレリゴス子様 / リスマニア,電波姫☆いまりちゃん / さくらこはダムです / メル子大先生 / 明日香大明神 / 甲羅暮らしの201号,partial-skill-support
1,1099,em-a6bb6a2ca6a6,忍法系男子,8,580,625,7,skill_reduction,-0.2083,-0.2881,0.5278,0.7361,忍法系男子 / ペーチパイセン / ポディアさま / クレリゴス子様 / リスマニア,電波姫☆いまりちゃん / さくらこはダムです / メル子大先生 / 明日香大明神 / 甲羅暮らしの201号,partial-skill-support
1,1100,em-c054e8fb0a71,まいこちゃん,8,600,605,7,heal,-0.2083,-0.2881,0.5278,0.7361,まいこちゃん / ペーチパイセン / ポディアさま / クレリゴス子様 / リスマニア,電波姫☆いまりちゃん / さくらこはダムです / メル子大先生 / 明日香大明神 / 甲羅暮らしの201号,complete
1,1101,em-d5cc3c3b432b,新・ＰＩＧかっちゃん,9,600,600,6,multi_hit_attack,-0.2083,-0.2881,0.5278,0.7361,新・ＰＩＧかっちゃん / ペーチパイセン / ポディアさま / クレリゴス子様 / リスマニア,電波姫☆いまりちゃん / さくらこはダムです / メル子大先生 / 明日香大明神 / 甲羅暮らしの201号,complete
1,1102,em-087b0527fee6,代打ササニキ,10,700,600,6,aoe_attack,-0.2083,-0.2881,0.5278,0.7361,代打ササニキ / ペーチパイセン / ポディアさま / クレリゴス子様 / リスマニア,電波姫☆いまりちゃん / さくらこはダムです / メル子大先生 / 明日香大明神 / 甲羅暮らしの201号,complete
1,1103,em-5db3d70b59f7,Yo!宮子ちゃん,8,619,594,5,heal,-0.2083,-0.2881,0.5278,0.7361,Yo!宮子ちゃん / ペーチパイセン / ポディアさま / クレリゴス子様 / リスマニア,電波姫☆いまりちゃん / さくらこはダムです / メル子大先生 / 明日香大明神 / 甲羅暮らしの201号,complete
1,1104,em-49b522eac464,ジェヴォたんは狼？,43,3006,6022,4,multi_hit_attack,-0.2292,-0.2885,0.5069,0.7361,ジェヴォたんは狼？ / さくらこはダムです / すわ子isGOD！ / 明日香大明神 / ロータス先輩,電波姫☆いまりちゃん / さくらこはダムです / メル子大先生 / 明日香大明神 / 甲羅暮らしの201号,complete
1,1105,em-322b7fbdab7e,むろまち様,34,2556,5112,7,aoe_attack,-0.2153,-0.2889,0.5208,0.7361,むろまち様 / 一葉ちゃんは作家さん / すわ子isGOD！ / 明日香大明神 / ロータス先輩,電波姫☆いまりちゃん / さくらこはダムです / メル子大先生 / 明日香大明神 / 甲羅暮らしの201号,complete
1,1106,em-76d5adb90497,青こだまん,15,1000,1100,6,multi_hit_attack,-0.2153,-0.2889,0.5208,0.7361,青こだまん / さくらこはダムです / ポディアさま / クレリゴス子様 / かんと師匠,電波姫☆いまりちゃん / さくらこはダムです / メル子大先生 / 明日香大明神 / 甲羅暮らしの201号,complete
1,1107,em-b08b3e6f22a8,フィッシャーマン三平,17,1286,1316,2,guard,-0.2153,-0.2889,0.5208,0.7361,フィッシャーマン三平 / さくらこはダムです / ポディアさま / クレリゴス子様 / zuス様とsiラ様,電波姫☆いまりちゃん / さくらこはダムです / メル子大先生 / 明日香大明神 / 甲羅暮らしの201号,complete
1,1108,em-b2a34a5cad3d,わさびエンペラー,12,1500,600,4,guard,-0.2153,-0.2889,0.5208,0.7361,わさびエンペラー / 一葉ちゃんは作家さん / ポディアさま / クレリゴス子様 / ガハラさん,電波姫☆いまりちゃん / さくらこはダムです / メル子大先生 / 明日香大明神 / 甲羅暮らしの201号,complete
1,1109,em-57c0701ee61b,タミちゃん,4,314,298,3,attribute_guard,-0.2153,-0.2889,0.5208,0.7361,タミちゃん / 一葉ちゃんは作家さん / ポディアさま / クレリゴス子様 / かんと師匠,電波姫☆いまりちゃん / さくらこはダムです / メル子大先生 / 明日香大明神 / 甲羅暮らしの201号,complete
1,1110,em-87d7d883c438,ニートエンペラー,10,459,565,7,damage_reduction,-0.2083,-0.2891,0.5278,0.7361,ニートエンペラー / ペーチパイセン / ポディアさま / クレリゴス子様 / リスマニア,電波姫☆いまりちゃん / さくらこはダムです / メル子大先生 / 明日香大明神 / 甲羅暮らしの201号,complete
1,1111,em-946a8e6b6b3b,赤こだまん,8,380,540,8,multi_hit_attack,-0.2083,-0.2891,0.5278,0.7361,赤こだまん / ペーチパイセン / ポディアさま / クレリゴス子様 / リスマニア,電波姫☆いまりちゃん / さくらこはダムです / メル子大先生 / 明日香大明神 / 甲羅暮らしの201号,complete
1,1112,em-c88f65fb7899,グラディ瑛太,16,4653,423,3,delay,-0.2222,-0.2891,0.5139,0.7361,グラディ瑛太 / ペーチパイセン / ポディアさま / クレリゴス子様 / 頑張るハクさん,電波姫☆いまりちゃん / さくらこはダムです / メル子大先生 / 明日香大明神 / 甲羅暮らしの201号,partial-skill-support
1,1113,em-144424b04d69,あろまさん,5,450,650,4,revive,-0.2014,-0.2897,0.5347,0.7361,あろまさん / さくらこはダムです / ポディアさま / クレリゴス子様 / リスマニア,電波姫☆いまりちゃん / さくらこはダムです / メル子大先生 / 明日香大明神 / 甲羅暮らしの201号,complete
1,1114,em-d603cde2467a,ほたるーニャん,5,450,650,4,attribute_change,-0.2014,-0.2897,0.5347,0.7361,ほたるーニャん / さくらこはダムです / ポディアさま / クレリゴス子様 / リスマニア,電波姫☆いまりちゃん / さくらこはダムです / メル子大先生 / 明日香大明神 / 甲羅暮らしの201号,complete
1,1115,em-804c07b6fa9a,メル子ちゃん,6,400,600,4,attack_buff,-0.2014,-0.2897,0.5347,0.7361,メル子ちゃん / さくらこはダムです / ポディアさま / クレリゴス子様 / リスマニア,電波姫☆いまりちゃん / さくらこはダムです / メル子大先生 / 明日香大明神 / 甲羅暮らしの201号,complete
1,1116,em-9da039c08ead,キャミー先生,6,500,600,4,heal,-0.2014,-0.2897,0.5347,0.7361,キャミー先生 / さくらこはダムです / ポディアさま / クレリゴス子様 / リスマニア,電波姫☆いまりちゃん / さくらこはダムです / メル子大先生 / 明日香大明神 / 甲羅暮らしの201号,complete
1,1117,em-b27009a57b71,架けろきしわだっしー,49,1559,6672,3,attack_buff,-0.2153,-0.29,0.5208,0.7361,架けろきしわだっしー / ペーチパイセン / メル子大先生 / 明日香大明神 / ロータス先輩,電波姫☆いまりちゃん / さくらこはダムです / メル子大先生 / 明日香大明神 / 甲羅暮らしの201号,complete
1,1118,em-6c5c24ebebea,こんぴらさん,15,1100,1100,8,delay,-0.2153,-0.29,0.5208,0.7361,こんぴらさん / さくらこはダムです / ポディアさま / クレリゴス子様 / 頑張るハクさん,電波姫☆いまりちゃん / さくらこはダムです / メル子大先生 / 明日香大明神 / 甲羅暮らしの201号,partial-skill-support
1,1119,em-8a847b9e3d1d,アストロ・あっしゅ,15,1900,1100,5,attribute_guard,-0.2153,-0.29,0.5208,0.7361,アストロ・あっしゅ / さくらこはダムです / ポディアさま / クレリゴス子様 / かんと師匠,電波姫☆いまりちゃん / さくらこはダムです / メル子大先生 / 明日香大明神 / 甲羅暮らしの201号,complete
1,1120,em-f8a5ad2fd004,どうしん様,15,805,795,1,heal,-0.2153,-0.29,0.5208,0.7361,どうしん様 / ペーチパイセン / ポディアさま / クレリゴス子様 / 頑張るハクさん,電波姫☆いまりちゃん / さくらこはダムです / メル子大先生 / 明日香大明神 / 甲羅暮らしの201号,complete
1,1121,em-8baac39d10ec,鈴鹿一郎,4,85,517,5,attack_buff,-0.2083,-0.2901,0.5278,0.7361,鈴鹿一郎 / 一葉ちゃんは作家さん / ポディアさま / クレリゴス子様 / かんと師匠,電波姫☆いまりちゃん / さくらこはダムです / メル子大先生 / 明日香大明神 / 甲羅暮らしの201号,complete
1,1122,em-e1d73e4ee9e2,鈴鹿次郎,5,170,610,5,attack_buff,-0.2083,-0.2901,0.5278,0.7361,鈴鹿次郎 / 一葉ちゃんは作家さん / ポディアさま / クレリゴス子様 / かんと師匠,電波姫☆いまりちゃん / さくらこはダムです / メル子大先生 / 明日香大明神 / 甲羅暮らしの201号,complete
1,1123,em-dc3f141a4c92,天の民草トッキー,20,1200,1200,5,attack_buff,-0.2222,-0.2903,0.5139,0.7361,天の民草トッキー / さくらこはダムです / ポディアさま / クレリゴス子様 / まつやマン,電波姫☆いまりちゃん / さくらこはダムです / メル子大先生 / 明日香大明神 / 甲羅暮らしの201号,complete
1,1124,em-b07f62000b94,雪兎フェス祭カーニバル,22,4089,1192,5,revive,-0.2222,-0.2903,0.5139,0.7361,雪兎フェス祭カーニバル / ペーチパイセン / ポディアさま / クレリゴス子様 / まつやマン,電波姫☆いまりちゃん / さくらこはダムです / メル子大先生 / 明日香大明神 / 甲羅暮らしの201号,complete
1,1125,em-ceb860c3dbdd,美姫お市,60,5964,2556,0,attack_buff,-0.2222,-0.2903,0.5139,0.7361,美姫お市 / ペーチパイセン / すわ子isGOD！ / おあげさん / まつやマン,電波姫☆いまりちゃん / さくらこはダムです / メル子大先生 / 明日香大明神 / 甲羅暮らしの201号,complete
1,1126,em-1527baa8e6c0,ジャックじゃない！と,6,400,500,6,multi_hit_attack,-0.2083,-0.2911,0.5278,0.7361,ジャックじゃない！と / さくらこはダムです / ポディアさま / クレリゴス子様 / リスマニア,電波姫☆いまりちゃん / さくらこはダムです / メル子大先生 / 明日香大明神 / 甲羅暮らしの201号,complete
1,1127,em-8f0d43ba8a34,一羽のうっぴー,8,500,600,4,skill_reduction,-0.2083,-0.2911,0.5278,0.7361,一羽のうっぴー / ペーチパイセン / ポディアさま / クレリゴス子様 / リスマニア,電波姫☆いまりちゃん / さくらこはダムです / メル子大先生 / 明日香大明神 / 甲羅暮らしの201号,partial-skill-support
1,1128,em-61221298dafe,大内ちゃん,5,603,603,5,heal,-0.2083,-0.2911,0.5278,0.7361,大内ちゃん / さくらこはダムです / ポディアさま / クレリゴス子様 / リスマニア,電波姫☆いまりちゃん / さくらこはダムです / メル子大先生 / 明日香大明神 / 甲羅暮らしの201号,complete
1,1129,em-60fd008b3a8b,なるとくん,6,700,600,5,attack_buff,-0.2083,-0.2911,0.5278,0.7361,なるとくん / さくらこはダムです / ポディアさま / クレリゴス子様 / リスマニア,電波姫☆いまりちゃん / さくらこはダムです / メル子大先生 / 明日香大明神 / 甲羅暮らしの201号,complete
1,1130,em-0d449e302187,水神ヨッカブイ先生,54,3714,5418,5,damage_reduction,-0.2292,-0.2911,0.5069,0.7361,水神ヨッカブイ先生 / ペーチパイセン / すわ子isGOD！ / 明日香大明神 / zuス様とsiラ様,電波姫☆いまりちゃん / さくらこはダムです / メル子大先生 / 明日香大明神 / 甲羅暮らしの201号,complete
1,1131,em-78785b8bf619,企業だ浅ちゃん！,42,1192,7327,4,attack_buff,-0.2222,-0.2914,0.5139,0.7361,企業だ浅ちゃん！ / さくらこはダムです / すわ子isGOD！ / 明日香大明神 / ロータス先輩,電波姫☆いまりちゃん / さくらこはダムです / メル子大先生 / 明日香大明神 / 甲羅暮らしの201号,complete
1,1132,em-4e2a71a8e1a6,ハチモドキアブ,55,5623,6100,2,revive,-0.2222,-0.2914,0.5139,0.7361,ハチモドキアブ / ペーチパイセン / メル子大先生 / おあげさん / 頑張るハクさん,電波姫☆いまりちゃん / さくらこはダムです / メル子大先生 / 明日香大明神 / 甲羅暮らしの201号,complete
1,1133,em-2d1c8d50a6d1,スマートouぼっと,17,2265,1510,5,damage_reduction,-0.2222,-0.2914,0.5139,0.7361,スマートouぼっと / ペーチパイセン / ポディアさま / クレリゴス子様 / 頑張るハクさん,電波姫☆いまりちゃん / さくらこはダムです / メル子大先生 / 明日香大明神 / 甲羅暮らしの201号,complete
1,1134,em-40bd3b1e44fa,五月病の悪魔の契約,55,4123,4226,4,aoe_attack,-0.2222,-0.2914,0.5139,0.7361,五月病の悪魔の契約 / ペーチパイセン / すわ子isGOD！ / おあげさん / かんと師匠,電波姫☆いまりちゃん / さくらこはダムです / メル子大先生 / 明日香大明神 / 甲羅暮らしの201号,complete
1,1135,em-73456986fde8,ガハラ様,6,750,600,5,attack_buff,-0.2083,-0.2921,0.5278,0.7361,ガハラ様 / さくらこはダムです / ポディアさま / クレリゴス子様 / リスマニア,電波姫☆いまりちゃん / さくらこはダムです / メル子大先生 / 明日香大明神 / 甲羅暮らしの201号,complete
1,1136,em-671838a10625,皐月ニート,4,614,614,6,skill_reduction,-0.2153,-0.2921,0.5208,0.7361,皐月ニート / 一葉ちゃんは作家さん / ポディアさま / クレリゴス子様 / かんと師匠,電波姫☆いまりちゃん / さくらこはダムです / メル子大先生 / 明日香大明神 / 甲羅暮らしの201号,partial-skill-support
1,1137,em-9c344f264735,カロリスト・カル子,40,6999,2499,5,attribute_guard,-0.2292,-0.2924,0.5069,0.7361,カロリスト・カル子 / 一葉ちゃんは作家さん / すわ子isGOD！ / おあげさん / 頑張るハクさん,電波姫☆いまりちゃん / さくらこはダムです / メル子大先生 / 明日香大明神 / 甲羅暮らしの201号,complete
1,1138,em-d0ab2c82078b,デルモンテ嬢,23,3020,453,6,attribute_guard,-0.2222,-0.2926,0.5139,0.7361,デルモンテ嬢 / ペーチパイセン / ポディアさま / クレリゴス子様 / まつやマン,電波姫☆いまりちゃん / さくらこはダムです / メル子大先生 / 明日香大明神 / 甲羅暮らしの201号,complete
1,1139,em-f21bf8aa6e67,独眼竜！梵天。,23,2254,2576,5,aoe_attack,-0.2222,-0.2926,0.5139,0.7361,独眼竜！梵天。 / キルワくん / ポディアさま / 電波姫☆いまりちゃん / 頑張るハクさん,電波姫☆いまりちゃん / さくらこはダムです / メル子大先生 / 明日香大明神 / 甲羅暮らしの201号,complete
1,1140,em-ce25d34659e7,だーらくん二世,7,1100,100,3,guard,-0.2083,-0.293,0.5278,0.7361,だーらくん二世 / さくらこはダムです / ポディアさま / クレリゴス子様 / リスマニア,電波姫☆いまりちゃん / さくらこはダムです / メル子大先生 / 明日香大明神 / 甲羅暮らしの201号,complete
1,1141,em-458c94f99220,ほたるーニャ,3,350,500,5,attribute_change,-0.2153,-0.2931,0.5208,0.7361,ほたるーニャ / 一葉ちゃんは作家さん / ポディアさま / クレリゴス子様 / かんと師匠,電波姫☆いまりちゃん / さくらこはダムです / メル子大先生 / 明日香大明神 / 甲羅暮らしの201号,complete
1,1142,em-d64cb9cf5bb3,それマジカ,3,350,500,5,attribute_guard,-0.2153,-0.2931,0.5208,0.7361,それマジカ / 一葉ちゃんは作家さん / ポディアさま / クレリゴス子様 / かんと師匠,電波姫☆いまりちゃん / さくらこはダムです / メル子大先生 / 明日香大明神 / 甲羅暮らしの201号,complete
1,1143,em-cd5bbd27a3ee,熊とか絶対殺すマン,40,4086,4771,5,delay,-0.2292,-0.2936,0.5069,0.7361,熊とか絶対殺すマン / 一葉ちゃんは作家さん / すわ子isGOD！ / おあげさん / 頑張るハクさん,電波姫☆いまりちゃん / さくらこはダムです / メル子大先生 / 明日香大明神 / 甲羅暮らしの201号,partial-skill-support
1,1144,em-5f292317fd1c,墨染のＰＬぴよ子,60,3656,3656,5,attribute_change,-0.2292,-0.2936,0.5069,0.7361,墨染のＰＬぴよ子 / さくらこはダムです / すわ子isGOD！ / おあげさん / ガハラさん,電波姫☆いまりちゃん / さくらこはダムです / メル子大先生 / 明日香大明神 / 甲羅暮らしの201号,complete
1,1145,em-7d756ba8373e,謹賀新年のびゃこ,47,2300,6219,4,attack_buff,-0.2222,-0.2937,0.5139,0.7361,謹賀新年のびゃこ / ペーチパイセン / メル子大先生 / 明日香大明神 / ロータス先輩,電波姫☆いまりちゃん / さくらこはダムです / メル子大先生 / 明日香大明神 / 甲羅暮らしの201号,complete
1,1146,em-8cecf40f83b5,伊予まっちゅん,3,600,300,6,skill_reduction,-0.2222,-0.2937,0.5139,0.7361,伊予まっちゅん / ペーチパイセン / ゴロウ / ズースくん / ケーンクラちゃん,電波姫☆いまりちゃん / さくらこはダムです / メル子大先生 / 明日香大明神 / 甲羅暮らしの201号,partial-skill-support
1,1147,em-618372c0cf56,しょーか先生,10,800,900,5,multi_hit_attack,-0.2222,-0.2937,0.5139,0.7361,しょーか先生 / ペーチパイセン / ポディアさま / クレリゴス子様 / リスマニア,電波姫☆いまりちゃん / さくらこはダムです / メル子大先生 / 明日香大明神 / 甲羅暮らしの201号,complete
1,1148,em-a5abadbcbc7d,ちょーカーちゃん,10,700,900,5,delay,-0.2222,-0.2937,0.5139,0.7361,ちょーカーちゃん / ペーチパイセン / ポディアさま / クレリゴス子様 / リスマニア,電波姫☆いまりちゃん / さくらこはダムです / メル子大先生 / 明日香大明神 / 甲羅暮らしの201号,partial-skill-support
1,1149,em-e8331e3aec6c,辰の子ぴよ子,70,6898,4089,10,multi_hit_attack,-0.2222,-0.2937,0.5139,0.7361,辰の子ぴよ子 / ペーチパイセン / 華麗なびわ子たん / おあげさん / ガハラさん,電波姫☆いまりちゃん / さくらこはダムです / メル子大先生 / 明日香大明神 / 甲羅暮らしの201号,complete
1,1150,em-c8ed16119cbe,ヴェルラの木こり,28,3014,3162,2,guard,-0.2222,-0.2937,0.5139,0.7361,ヴェルラの木こり / ペーチパイセン / ポディアさま / 電波姫☆いまりちゃん / 頑張るハクさん,電波姫☆いまりちゃん / さくらこはダムです / メル子大先生 / 明日香大明神 / 甲羅暮らしの201号,complete
1,1151,em-794f6427298a,さいごー丼,8,830,476,3,attribute_guard,-0.2153,-0.2942,0.5208,0.7361,さいごー丼 / 一葉ちゃんは作家さん / ポディアさま / クレリゴス子様 / まつやマン,電波姫☆いまりちゃん / さくらこはダムです / メル子大先生 / 明日香大明神 / 甲羅暮らしの201号,complete
1,1152,em-75c1af17d152,浴衣美人な日女路嬢,38,5623,3748,3,heal,-0.2153,-0.2942,0.5208,0.7361,浴衣美人な日女路嬢 / ペーチパイセン / すわ子isGOD！ / ウサポワンちゃん / 頑張るハクさん,電波姫☆いまりちゃん / さくらこはダムです / メル子大先生 / 明日香大明神 / 甲羅暮らしの201号,complete
1,1153,em-cc0425cf3835,鎌倉式ＤＢ２改,12,1200,612,8,guard,-0.2222,-0.2948,0.5139,0.7361,鎌倉式ＤＢ２改 / 一葉ちゃんは作家さん / ポディアさま / クレリゴス子様 / ガハラさん,電波姫☆いまりちゃん / さくらこはダムです / メル子大先生 / 明日香大明神 / 甲羅暮らしの201号,complete
1,1154,em-e626c795c8a8,スミス＆エズ,12,1200,400,3,attribute_guard,-0.2222,-0.2948,0.5139,0.7361,スミス＆エズ / ペーチパイセン / ポディアさま / クレリゴス子様 / 頑張るハクさん,電波姫☆いまりちゃん / さくらこはダムです / メル子大先生 / 明日香大明神 / 甲羅暮らしの201号,complete
1,1155,em-0e45f68a7bc6,ツノザヤ君は腕ﾌﾘﾁｭｳ,27,34,2688,0,damage_reduction,-0.2222,-0.2948,0.5139,0.7361,ツノザヤ君は腕ﾌﾘﾁｭｳ / ペーチパイセン / ポディアさま / クレリゴス子様 / ガハラさん,電波姫☆いまりちゃん / さくらこはダムです / メル子大先生 / 明日香大明神 / 甲羅暮らしの201号,complete
1,1156,em-2ddce7bebb05,ツノザヤ君は握手ﾁｭｳ,27,37,3023,0,damage_reduction,-0.2222,-0.2948,0.5139,0.7361,ツノザヤ君は握手ﾁｭｳ / ペーチパイセン / ポディアさま / クレリゴス子様 / ガハラさん,電波姫☆いまりちゃん / さくらこはダムです / メル子大先生 / 明日香大明神 / 甲羅暮らしの201号,complete
1,1157,em-1d111df2ae70,ヤックです,5,300,400,7,multi_hit_attack,-0.2083,-0.2949,0.5278,0.7361,ヤックです / さくらこはダムです / ポディアさま / クレリゴス子様 / リスマニア,電波姫☆いまりちゃん / さくらこはダムです / メル子大先生 / 明日香大明神 / 甲羅暮らしの201号,complete
1,1158,em-a818769b8b91,田島の春,44,1618,5112,2,multi_hit_attack,-0.2292,-0.2949,0.5069,0.7361,田島の春 / さくらこはダムです / すわ子isGOD！ / 明日香大明神 / ロータス先輩,電波姫☆いまりちゃん / さくらこはダムです / メル子大先生 / 明日香大明神 / 甲羅暮らしの201号,complete
1,1159,em-98939d92fea9,グリンすマン,8,613,593,7,delay,-0.2153,-0.2952,0.5208,0.7361,グリンすマン / ペーチパイセン / ポディアさま / クレリゴス子様 / リスマニア,電波姫☆いまりちゃん / さくらこはダムです / メル子大先生 / 明日香大明神 / 甲羅暮らしの201号,partial-skill-support
1,1160,em-e4ef5c29ddf5,春の落花妖精,8,613,597,8,revive,-0.2153,-0.2952,0.5208,0.7361,春の落花妖精 / ペーチパイセン / ポディアさま / クレリゴス子様 / リスマニア,電波姫☆いまりちゃん / さくらこはダムです / メル子大先生 / 明日香大明神 / 甲羅暮らしの201号,complete
1,1161,em-d67f8f409078,芋神よしあき,31,4130,2753,2,multi_hit_attack,-0.2222,-0.2959,0.5139,0.7361,芋神よしあき / ペーチパイセン / ポディアさま / 電波姫☆いまりちゃん / zuス様とsiラ様,電波姫☆いまりちゃん / さくらこはダムです / メル子大先生 / 明日香大明神 / 甲羅暮らしの201号,complete
1,1162,em-6c802650ae9d,鶏ライダー！ムワムブ,30,3542,2737,6,guard,-0.2292,-0.2961,0.5069,0.7361,鶏ライダー！ムワムブ / ペーチパイセン / ポディアさま / 電波姫☆いまりちゃん / かんと師匠,電波姫☆いまりちゃん / さくらこはダムです / メル子大先生 / 明日香大明神 / 甲羅暮らしの201号,complete
1,1163,em-2110fa48fdc1,グリンすマン・ﾌｨｰﾊﾞｰ!,22,1661,1736,5,delay,-0.2292,-0.2961,0.5069,0.7361,グリンすマン・ﾌｨｰﾊﾞｰ! / さくらこはダムです / ポディアさま / クレリゴス子様 / ガハラさん,電波姫☆いまりちゃん / さくらこはダムです / メル子大先生 / 明日香大明神 / 甲羅暮らしの201号,partial-skill-support
1,1164,em-2353b8cab444,パレンケＶＲＳ改,39,5623,3386,1,damage_reduction,-0.2292,-0.2961,0.5069,0.7361,パレンケＶＲＳ改 / 一葉ちゃんは作家さん / すわ子isGOD！ / おあげさん / 頑張るハクさん,電波姫☆いまりちゃん / さくらこはダムです / メル子大先生 / 明日香大明神 / 甲羅暮らしの201号,complete
1,1165,em-501834a284b1,加賀友☆禅野さん,38,4175,4771,2,attribute_change,-0.2292,-0.2961,0.5069,0.7361,加賀友☆禅野さん / 一葉ちゃんは作家さん / すわ子isGOD！ / おあげさん / 頑張るハクさん,電波姫☆いまりちゃん / さくらこはダムです / メル子大先生 / 明日香大明神 / 甲羅暮らしの201号,complete
1,1166,em-37ae218b7e9e,有砂小町,40,5112,5112,7,skill_reduction,-0.2292,-0.2961,0.5069,0.7361,有砂小町 / 一葉ちゃんは作家さん / すわ子isGOD！ / おあげさん / 頑張るハクさん,電波姫☆いまりちゃん / さくらこはダムです / メル子大先生 / 明日香大明神 / 甲羅暮らしの201号,partial-skill-support
1,1167,em-96c4c1bf7f87,畳リーゼントの御頭,40,4345,4345,2,attack_buff,-0.2292,-0.2961,0.5069,0.7361,畳リーゼントの御頭 / 一葉ちゃんは作家さん / すわ子isGOD！ / おあげさん / 頑張るハクさん,電波姫☆いまりちゃん / さくらこはダムです / メル子大先生 / 明日香大明神 / 甲羅暮らしの201号,complete
1,1168,em-a66f91385c36,伝説のキャミー,10,700,1100,4,heal,-0.2153,-0.2962,0.5208,0.7361,伝説のキャミー / さくらこはダムです / ポディアさま / クレリゴス子様 / 頑張るハクさん,電波姫☆いまりちゃん / さくらこはダムです / メル子大先生 / 明日香大明神 / 甲羅暮らしの201号,complete
1,1169,em-bbff6b354f45,くうかいさん,12,700,1100,4,skill_reduction,-0.2153,-0.2962,0.5208,0.7361,くうかいさん / さくらこはダムです / ポディアさま / クレリゴス子様 / 頑張るハクさん,電波姫☆いまりちゃん / さくらこはダムです / メル子大先生 / 明日香大明神 / 甲羅暮らしの201号,partial-skill-support
1,1170,em-32f3aa536bcf,境地！絶海のあん子,7,502,488,4,heal,-0.2083,-0.2967,0.5278,0.7361,境地！絶海のあん子 / さくらこはダムです / ポディアさま / クレリゴス子様 / リスマニア,電波姫☆いまりちゃん / さくらこはダムです / メル子大先生 / 明日香大明神 / 甲羅暮らしの201号,complete
1,1171,em-29a5da4c1e2f,有棘画工,20,4025,805,3,multi_hit_attack,-0.2222,-0.297,0.5139,0.7361,有棘画工 / ペーチパイセン / ポディアさま / クレリゴス子様 / zuス様とsiラ様,電波姫☆いまりちゃん / さくらこはダムです / メル子大先生 / 明日香大明神 / 甲羅暮らしの201号,complete
1,1172,em-879d09afc46a,アイアン下仁田,17,907,900,2,guard,-0.2222,-0.297,0.5139,0.7361,アイアン下仁田 / ペーチパイセン / ポディアさま / クレリゴス子様 / 頑張るハクさん,電波姫☆いまりちゃん / さくらこはダムです / メル子大先生 / 明日香大明神 / 甲羅暮らしの201号,complete
1,1173,em-dff57db6fd11,こまち先輩,12,1000,1000,5,aoe_attack,-0.2222,-0.297,0.5139,0.7361,こまち先輩 / 一葉ちゃんは作家さん / ポディアさま / クレリゴス子様 / ガハラさん,電波姫☆いまりちゃん / さくらこはダムです / メル子大先生 / 明日香大明神 / 甲羅暮らしの201号,complete
1,1174,em-9e229ad31505,ぜんまるくん先輩,13,1410,987,5,attack_buff,-0.2222,-0.297,0.5139,0.7361,ぜんまるくん先輩 / 一葉ちゃんは作家さん / ポディアさま / クレリゴス子様 / ガハラさん,電波姫☆いまりちゃん / さくらこはダムです / メル子大先生 / 明日香大明神 / 甲羅暮らしの201号,complete
1,1175,em-e62419429441,ナナコちゃん先生,13,987,987,5,aoe_attack,-0.2222,-0.297,0.5139,0.7361,ナナコちゃん先生 / 一葉ちゃんは作家さん / ポディアさま / クレリゴス子様 / ガハラさん,電波姫☆いまりちゃん / さくらこはダムです / メル子大先生 / 明日香大明神 / 甲羅暮らしの201号,complete
1,1176,em-f89a98dd9893,大魔神！せいタン降臨,48,2044,6305,4,attack_buff,-0.2222,-0.297,0.5139,0.7361,大魔神！せいタン降臨 / ペーチパイセン / すわ子isGOD！ / 明日香大明神 / ロータス先輩,電波姫☆いまりちゃん / さくらこはダムです / メル子大先生 / 明日香大明神 / 甲羅暮らしの201号,complete
1,1177,em-45d954b40bc4,ジェラする？かめ姫,60,4941,3237,3,multi_hit_attack,-0.2222,-0.297,0.5139,0.7361,ジェラする？かめ姫 / ペーチパイセン / すわ子isGOD！ / おあげさん / まつやマン,電波姫☆いまりちゃん / さくらこはダムです / メル子大先生 / 明日香大明神 / 甲羅暮らしの201号,complete
1,1178,em-56b4dd31512c,イタ子さん,10,200,500,6,revive,-0.2153,-0.2971,0.5208,0.7361,イタ子さん / ペーチパイセン / ポディアさま / クレリゴス子様 / リスマニア,電波姫☆いまりちゃん / さくらこはダムです / メル子大先生 / 明日香大明神 / 甲羅暮らしの201号,complete
1,1179,em-6e2c76ad098c,まおちゃん,6,500,750,6,skill_reduction,-0.2153,-0.2971,0.5208,0.7361,まおちゃん / さくらこはダムです / ポディアさま / クレリゴス子様 / リスマニア,電波姫☆いまりちゃん / さくらこはダムです / メル子大先生 / 明日香大明神 / 甲羅暮らしの201号,partial-skill-support
1,1180,em-d6ea073b633e,鬼八先生,60,8861,2556,3,delay,-0.2153,-0.2971,0.5208,0.7361,鬼八先生 / ペーチパイセン / 人面恐竜の謎 / おあげさん / かんと師匠,電波姫☆いまりちゃん / さくらこはダムです / メル子大先生 / 明日香大明神 / 甲羅暮らしの201号,partial-skill-support
1,1181,em-9d120ca3b0c7,えっぐん,4,350,500,5,revive,-0.2153,-0.2971,0.5208,0.7361,えっぐん / 一葉ちゃんは作家さん / ポディアさま / クレリゴス子様 / かんと師匠,電波姫☆いまりちゃん / さくらこはダムです / メル子大先生 / 明日香大明神 / 甲羅暮らしの201号,complete
1,1182,em-b0bd2882f199,タオるん,6,500,600,5,attribute_guard,-0.2153,-0.2981,0.5208,0.7361,タオるん / さくらこはダムです / ポディアさま / クレリゴス子様 / リスマニア,電波姫☆いまりちゃん / さくらこはダムです / メル子大先生 / 明日香大明神 / 甲羅暮らしの201号,complete
1,1183,em-0fb8a8bf095f,修行るハクさん,18,1400,1600,4,attack_buff,-0.2222,-0.2981,0.5139,0.7361,修行るハクさん / ペーチパイセン / ポディアさま / クレリゴス子様 / かんと師匠,電波姫☆いまりちゃん / さくらこはダムです / メル子大先生 / 明日香大明神 / 甲羅暮らしの201号,complete
1,1184,em-1cd0c7153e75,みさき先輩,18,1400,1600,4,multi_hit_attack,-0.2222,-0.2981,0.5139,0.7361,みさき先輩 / ペーチパイセン / ポディアさま / クレリゴス子様 / かんと師匠,電波姫☆いまりちゃん / さくらこはダムです / メル子大先生 / 明日香大明神 / 甲羅暮らしの201号,complete
1,1185,em-b50530766df4,夏の妖精白良さん,19,1699,1699,4,attack_buff,-0.2222,-0.2981,0.5139,0.7361,夏の妖精白良さん / ペーチパイセン / ポディアさま / クレリゴス子様 / かんと師匠,電波姫☆いまりちゃん / さくらこはダムです / メル子大先生 / 明日香大明神 / 甲羅暮らしの201号,complete
1,1186,em-f2e63b4d4843,パイ大好きあいちゃん,8,1300,500,6,damage_reduction,-0.2222,-0.2981,0.5139,0.7361,パイ大好きあいちゃん / ペーチパイセン / ポディアさま / クレリゴス子様 / リスマニア,電波姫☆いまりちゃん / さくらこはダムです / メル子大先生 / 明日香大明神 / 甲羅暮らしの201号,complete
1,1187,em-804bc17d075c,雪壁の大谷,11,1500,300,2,damage_reduction,-0.2222,-0.2981,0.5139,0.7361,雪壁の大谷 / ペーチパイセン / ポディアさま / クレリゴス子様 / 頑張るハクさん,電波姫☆いまりちゃん / さくらこはダムです / メル子大先生 / 明日香大明神 / 甲羅暮らしの201号,complete
1,1188,em-82278106d090,流浪の殺し手,12,600,1000,5,attack_buff,-0.2222,-0.2981,0.5139,0.7361,流浪の殺し手 / 一葉ちゃんは作家さん / ポディアさま / クレリゴス子様 / ガハラさん,電波姫☆いまりちゃん / さくらこはダムです / メル子大先生 / 明日香大明神 / 甲羅暮らしの201号,complete
1,1189,em-8646cdffe6eb,ブーナッドさん,12,1700,300,3,heal,-0.2222,-0.2981,0.5139,0.7361,ブーナッドさん / ペーチパイセン / ポディアさま / クレリゴス子様 / 頑張るハクさん,電波姫☆いまりちゃん / さくらこはダムです / メル子大先生 / 明日香大明神 / 甲羅暮らしの201号,complete
1,1190,em-83954a93a691,閃きのヒラメちゃん,60,6560,4430,2,attribute_change,-0.2222,-0.2981,0.5139,0.7361,閃きのヒラメちゃん / ペーチパイセン / すわ子isGOD！ / おあげさん / まつやマン,電波姫☆いまりちゃん / さくらこはダムです / メル子大先生 / 明日香大明神 / 甲羅暮らしの201号,complete
1,1191,em-9f99dd4907e3,愛の塚ジェンヌ,19,1684,1676,5,attack_buff,-0.2292,-0.2984,0.5069,0.7361,愛の塚ジェンヌ / ペーチパイセン / ポディアさま / クレリゴス子様 / かんと師匠,電波姫☆いまりちゃん / さくらこはダムです / メル子大先生 / 明日香大明神 / 甲羅暮らしの201号,complete
1,1192,em-a41e1401ab71,こんぴらさんさん,19,1500,1500,9,delay,-0.2292,-0.2984,0.5069,0.7361,こんぴらさんさん / ペーチパイセン / ポディアさま / クレリゴス子様 / かんと師匠,電波姫☆いまりちゃん / さくらこはダムです / メル子大先生 / 明日香大明神 / 甲羅暮らしの201号,partial-skill-support
1,1193,em-1449792f77c2,3900点とヨハンお嬢,24,3900,755,6,revive,-0.2292,-0.2984,0.5069,0.7361,3900点とヨハンお嬢 / さくらこはダムです / ポディアさま / クレリゴス子様 / ガハラさん,電波姫☆いまりちゃん / さくらこはダムです / メル子大先生 / 明日香大明神 / 甲羅暮らしの201号,complete
1,1194,em-1c5a28eee21d,首領子襲来!!,30,5680,3786,4,heal,-0.2292,-0.2984,0.5069,0.7361,首領子襲来!! / さくらこはダムです / ポディアさま / 電波姫☆いまりちゃん / zuス様とsiラ様,電波姫☆いまりちゃん / さくらこはダムです / メル子大先生 / 明日香大明神 / 甲羅暮らしの201号,complete
1,1195,em-c69e39cf7701,伏ちゃん,12,1597,516,5,guard,-0.2292,-0.2984,0.5069,0.7361,伏ちゃん / 一葉ちゃんは作家さん / ポディアさま / クレリゴス子様 / ガハラさん,電波姫☆いまりちゃん / さくらこはダムです / メル子大先生 / 明日香大明神 / 甲羅暮らしの201号,complete
1,1196,em-a0762b5d76ab,シーラちゃん,5,600,550,4,attack_buff,-0.2083,-0.2985,0.5278,0.7361,シーラちゃん / さくらこはダムです / ポディアさま / クレリゴス子様 / リスマニア,電波姫☆いまりちゃん / さくらこはダムです / メル子大先生 / 明日香大明神 / 甲羅暮らしの201号,complete
1,1197,em-a787bb59ceca,トキシッくん,5,600,500,4,revive,-0.2083,-0.2985,0.5278,0.7361,トキシッくん / さくらこはダムです / ポディアさま / クレリゴス子様 / リスマニア,電波姫☆いまりちゃん / さくらこはダムです / メル子大先生 / 明日香大明神 / 甲羅暮らしの201号,complete
1,1198,em-c6f8e46c29ae,えんじぇるん,5,450,650,5,revive,-0.2153,-0.2991,0.5208,0.7361,えんじぇるん / さくらこはダムです / ポディアさま / クレリゴス子様 / リスマニア,電波姫☆いまりちゃん / さくらこはダムです / メル子大先生 / 明日香大明神 / 甲羅暮らしの201号,complete
1,1199,em-a94a52532d71,あまのちゃん先輩,20,1200,500,3,multi_hit_attack,-0.2222,-0.2991,0.5139,0.7361,あまのちゃん先輩 / ペーチパイセン / ポディアさま / クレリゴス子様 / zuス様とsiラ様,電波姫☆いまりちゃん / さくらこはダムです / メル子大先生 / 明日香大明神 / 甲羅暮らしの201号,complete
1,1200,em-2f505dd0418a,とちぎソウル,4,150,400,5,attack_buff,-0.2222,-0.2991,0.5139,0.7361,とちぎソウル / 一葉ちゃんは作家さん / ポディアさま / クレリゴス子様 / 頑張るハクさん,電波姫☆いまりちゃん / さくらこはダムです / メル子大先生 / 明日香大明神 / 甲羅暮らしの201号,complete
1,1201,em-a6d7f70a4c90,ガハラ先輩,5,650,450,5,attack_buff,-0.2222,-0.2991,0.5139,0.7361,ガハラ先輩 / 一葉ちゃんは作家さん / ポディアさま / クレリゴス子様 / かんと師匠,電波姫☆いまりちゃん / さくらこはダムです / メル子大先生 / 明日香大明神 / 甲羅暮らしの201号,complete
1,1202,em-23b2ea75fccd,金野デメ子さん,39,4430,5112,0,attribute_change,-0.2222,-0.2991,0.5139,0.7361,金野デメ子さん / ペーチパイセン / すわ子isGOD！ / ウサポワンちゃん / 頑張るハクさん,電波姫☆いまりちゃん / さくらこはダムです / メル子大先生 / 明日香大明神 / 甲羅暮らしの201号,complete
1,1203,em-0d66cd2274f8,カニバルズム・リオ子,38,3428,2109,3,multi_hit_attack,-0.2361,-0.2994,0.5,0.7361,カニバルズム・リオ子 / 一葉ちゃんは作家さん / すわ子isGOD！ / おあげさん / 頑張るハクさん,電波姫☆いまりちゃん / さくらこはダムです / メル子大先生 / 明日香大明神 / 甲羅暮らしの201号,complete
1,1204,em-2a01f5ee5de4,ガラパゴスおぅぼっと,12,1200,600,4,damage_reduction,-0.2292,-0.2996,0.5069,0.7361,ガラパゴスおぅぼっと / 一葉ちゃんは作家さん / ポディアさま / クレリゴス子様 / ガハラさん,電波姫☆いまりちゃん / さくらこはダムです / メル子大先生 / 明日香大明神 / 甲羅暮らしの201号,complete
1,1205,em-922ebe667c19,けねず先輩,12,800,800,4,damage_reduction,-0.2292,-0.2996,0.5069,0.7361,けねず先輩 / 一葉ちゃんは作家さん / ポディアさま / クレリゴス子様 / ガハラさん,電波姫☆いまりちゃん / さくらこはダムです / メル子大先生 / 明日香大明神 / 甲羅暮らしの201号,complete
1,1206,em-3bd6544e0bce,窓辺のやまなしーヌ,13,700,800,4,skill_reduction,-0.2292,-0.2996,0.5069,0.7361,窓辺のやまなしーヌ / 一葉ちゃんは作家さん / ポディアさま / クレリゴス子様 / ガハラさん,電波姫☆いまりちゃん / さくらこはダムです / メル子大先生 / 明日香大明神 / 甲羅暮らしの201号,partial-skill-support
1,1207,em-076a0181e290,夏の海の天の川伝説,77,9372,5623,6,heal,-0.2292,-0.2996,0.5069,0.7361,夏の海の天の川伝説 / ペーチパイセン / タミちゃん / おあげさん / ガハラさん,電波姫☆いまりちゃん / さくらこはダムです / メル子大先生 / 明日香大明神 / 甲羅暮らしの201号,complete
1,1208,em-19a1ef813069,絶品！さくらん兄妹,10,780,820,5,skill_reduction,-0.2292,-0.3007,0.5069,0.7361,絶品！さくらん兄妹 / ペーチパイセン / ポディアさま / クレリゴス子様 / リスマニア,電波姫☆いまりちゃん / さくらこはダムです / メル子大先生 / 明日香大明神 / 甲羅暮らしの201号,partial-skill-support
1,1209,em-089b38d8a821,超天狗くまのたん,55,1704,7497,3,attack_buff,-0.2292,-0.3007,0.5069,0.7361,超天狗くまのたん / ペーチパイセン / メル子大先生 / おあげさん / 頑張るハクさん,電波姫☆いまりちゃん / さくらこはダムです / メル子大先生 / 明日香大明神 / 甲羅暮らしの201号,complete
1,1210,em-825d090d7d15,比保々田 真純,31,4601,3714,2,multi_hit_attack,-0.2292,-0.3007,0.5069,0.7361,比保々田 真純 / ペーチパイセン / ポディアさま / 電波姫☆いまりちゃん / zuス様とsiラ様,電波姫☆いまりちゃん / さくらこはダムです / メル子大先生 / 明日香大明神 / 甲羅暮らしの201号,complete
1,1211,em-b9b57c4067ef,危険なイナフさん,60,4089,4089,1,attack_buff,-0.2292,-0.3007,0.5069,0.7361,危険なイナフさん / ペーチパイセン / すわ子isGOD！ / おあげさん / まつやマン,電波姫☆いまりちゃん / さくらこはダムです / メル子大先生 / 明日香大明神 / 甲羅暮らしの201号,complete
1,1212,em-377f49ca3728,恐山のイタ子さん,38,2896,3748,0,guard,-0.2222,-0.3012,0.5139,0.7361,恐山のイタ子さん / ペーチパイセン / すわ子isGOD！ / ウサポワンちゃん / 頑張るハクさん,電波姫☆いまりちゃん / さくらこはダムです / メル子大先生 / 明日香大明神 / 甲羅暮らしの201号,complete
1,1213,em-f8bc07a12f5c,Ir☆D☆F！,19,1,2839,6,attribute_guard,-0.2292,-0.3018,0.5069,0.7361,Ir☆D☆F！ / ペーチパイセン / ポディアさま / クレリゴス子様 / かんと師匠,電波姫☆いまりちゃん / さくらこはダムです / メル子大先生 / 明日香大明神 / 甲羅暮らしの201号,complete
1,1214,em-7e5ff582788f,INする★パンドラ,28,3059,1932,6,attribute_guard,-0.2292,-0.3018,0.5069,0.7361,INする★パンドラ / ペーチパイセン / ポディアさま / 電波姫☆いまりちゃん / 頑張るハクさん,電波姫☆いまりちゃん / さくらこはダムです / メル子大先生 / 明日香大明神 / 甲羅暮らしの201号,complete
1,1215,em-32e57ebd5904,ハンザギルドさん,12,1551,423,5,attribute_guard,-0.2292,-0.3018,0.5069,0.7361,ハンザギルドさん / ペーチパイセン / ポディアさま / クレリゴス子様 / 頑張るハクさん,電波姫☆いまりちゃん / さくらこはダムです / メル子大先生 / 明日香大明神 / 甲羅暮らしの201号,complete
1,1216,em-258850fee1ca,時計塔の魔女娘,30,5523,1614,2,skill_reduction,-0.2292,-0.3018,0.5069,0.7361,時計塔の魔女娘 / さくらこはダムです / ポディアさま / 電波姫☆いまりちゃん / zuス様とsiラ様,電波姫☆いまりちゃん / さくらこはダムです / メル子大先生 / 明日香大明神 / 甲羅暮らしの201号,partial-skill-support
1,1217,em-6a3f787c507e,梵天くん,12,700,900,7,aoe_attack,-0.2292,-0.3018,0.5069,0.7361,梵天くん / 一葉ちゃんは作家さん / ポディアさま / クレリゴス子様 / スノーボーイ,電波姫☆いまりちゃん / さくらこはダムです / メル子大先生 / 明日香大明神 / 甲羅暮らしの201号,complete
1,1218,em-773b001a1189,おづぬ様,60,4260,6816,5,attack_buff,-0.2361,-0.3019,0.5,0.7361,おづぬ様 / ペーチパイセン / すわ子isGOD！ / おあげさん / まつやマン,電波姫☆いまりちゃん / さくらこはダムです / メル子大先生 / 明日香大明神 / 甲羅暮らしの201号,complete
1,1219,em-018ed1cdac9e,フユシャク,28,3067,3408,0,heal,-0.2222,-0.3022,0.5139,0.7361,フユシャク / ペーチパイセン / ポディアさま / 電波姫☆いまりちゃん / 頑張るハクさん,電波姫☆いまりちゃん / さくらこはダムです / メル子大先生 / 明日香大明神 / 甲羅暮らしの201号,complete
1,1220,em-53cfa10130db,みさきちゃん,10,800,1000,5,multi_hit_attack,-0.2222,-0.3022,0.5139,0.7361,みさきちゃん / ペーチパイセン / ポディアさま / クレリゴス子様 / リスマニア,電波姫☆いまりちゃん / さくらこはダムです / メル子大先生 / 明日香大明神 / 甲羅暮らしの201号,complete
1,1221,em-3b481c9796d0,糸巻万太朗,38,5623,4260,2,attribute_change,-0.2222,-0.3022,0.5139,0.7361,糸巻万太朗 / ペーチパイセン / すわ子isGOD！ / ウサポワンちゃん / 頑張るハクさん,電波姫☆いまりちゃん / さくらこはダムです / メル子大先生 / 明日香大明神 / 甲羅暮らしの201号,complete
1,1222,em-608e027bd3d8,建国の騎士団,12,800,700,8,attribute_guard,-0.2292,-0.3029,0.5069,0.7361,建国の騎士団 / 一葉ちゃんは作家さん / ポディアさま / クレリゴス子様 / ガハラさん,電波姫☆いまりちゃん / さくらこはダムです / メル子大先生 / 明日香大明神 / 甲羅暮らしの201号,complete
1,1223,em-a0e736cc95fd,ユッフィーさん,12,704,700,5,attack_buff,-0.2292,-0.3029,0.5069,0.7361,ユッフィーさん / 一葉ちゃんは作家さん / ポディアさま / クレリゴス子様 / ガハラさん,電波姫☆いまりちゃん / さくらこはダムです / メル子大先生 / 明日香大明神 / 甲羅暮らしの201号,complete
1,1224,em-aad8fae6b05f,やまとーる海佐,12,1000,700,5,damage_reduction,-0.2292,-0.3029,0.5069,0.7361,やまとーる海佐 / 一葉ちゃんは作家さん / ポディアさま / クレリゴス子様 / ガハラさん,電波姫☆いまりちゃん / さくらこはダムです / メル子大先生 / 明日香大明神 / 甲羅暮らしの201号,complete
1,1225,em-c7bfc44f703b,輝け☆椛マン！,28,4260,3408,1,heal,-0.2292,-0.3029,0.5069,0.7361,輝け☆椛マン！ / ペーチパイセン / ポディアさま / 電波姫☆いまりちゃん / 頑張るハクさん,電波姫☆いまりちゃん / さくらこはダムです / メル子大先生 / 明日香大明神 / 甲羅暮らしの201号,complete
1,1226,em-1405aadf6237,ツマグロヨコバイ,30,3748,3067,2,attribute_guard,-0.2292,-0.3029,0.5069,0.7361,ツマグロヨコバイ / ペーチパイセン / ポディアさま / 電波姫☆いまりちゃん / かんと師匠,電波姫☆いまりちゃん / さくらこはダムです / メル子大先生 / 明日香大明神 / 甲羅暮らしの201号,complete
1,1227,em-744815bd68e5,旋回のヘリコプリオン,75,8997,2675,2,aoe_attack,-0.2292,-0.3029,0.5069,0.7361,旋回のヘリコプリオン / ペーチパイセン / たけしマン / おあげちゃん / ガハラさん,電波姫☆いまりちゃん / さくらこはダムです / メル子大先生 / 明日香大明神 / 甲羅暮らしの201号,complete
1,1228,em-e85f4ced46d6,ツノザヤ君は脳天気,27,43,3360,0,damage_reduction,-0.2292,-0.3029,0.5069,0.7361,ツノザヤ君は脳天気 / ペーチパイセン / ポディアさま / クレリゴス子様 / ガハラさん,電波姫☆いまりちゃん / さくらこはダムです / メル子大先生 / 明日香大明神 / 甲羅暮らしの201号,complete
1,1229,em-cf78c5cc3134,オタテカモ次郎,28,4186,3059,2,attribute_change,-0.2292,-0.3029,0.5069,0.7361,オタテカモ次郎 / さくらこはダムです / ポディアさま / 電波姫☆いまりちゃん / かんと師匠,電波姫☆いまりちゃん / さくらこはダムです / メル子大先生 / 明日香大明神 / 甲羅暮らしの201号,complete
1,1230,em-837d909d76bf,ぼこたそ,4,287,312,4,delay,-0.2292,-0.3029,0.5069,0.7361,ぼこたそ / 一葉ちゃんは作家さん / ポディアさま / クレリゴス子様 / かんと師匠,電波姫☆いまりちゃん / さくらこはダムです / メル子大先生 / 明日香大明神 / 甲羅暮らしの201号,partial-skill-support
1,1231,em-ff5428a9ceca,アブラムシ,30,5112,3408,4,revive,-0.2361,-0.3031,0.5,0.7361,アブラムシ / さくらこはダムです / ポディアさま / 電波姫☆いまりちゃん / zuス様とsiラ様,電波姫☆いまりちゃん / さくらこはダムです / メル子大先生 / 明日香大明神 / 甲羅暮らしの201号,complete
1,1232,em-0e2c4b783eb7,南極翁・カノープス,55,3408,5964,7,multi_hit_attack,-0.2361,-0.3031,0.5,0.7361,南極翁・カノープス / ペーチパイセン / すわ子isGOD！ / おあげさん / かんと師匠,電波姫☆いまりちゃん / さくらこはダムです / メル子大先生 / 明日香大明神 / 甲羅暮らしの201号,complete
1,1233,em-2eebc4f8633d,すわっ！かつより君,60,5350,4771,5,aoe_attack,-0.2361,-0.3031,0.5,0.7361,すわっ！かつより君 / ペーチパイセン / すわ子isGOD！ / おあげさん / まつやマン,電波姫☆いまりちゃん / さくらこはダムです / メル子大先生 / 明日香大明神 / 甲羅暮らしの201号,complete
1,1234,em-7747ea5c5a73,諏訪子成長期,38,3067,5623,3,multi_hit_attack,-0.2361,-0.3031,0.5,0.7361,諏訪子成長期 / 一葉ちゃんは作家さん / すわ子isGOD！ / おあげさん / 頑張るハクさん,電波姫☆いまりちゃん / さくらこはダムです / メル子大先生 / 明日香大明神 / 甲羅暮らしの201号,complete
1,1235,em-f0f55e94d80b,森豊,30,2093,2415,1,attribute_guard,-0.2222,-0.3032,0.5139,0.7361,森豊 / ペーチパイセン / ポディアさま / 電波姫☆いまりちゃん / かんと師匠,電波姫☆いまりちゃん / さくらこはダムです / メル子大先生 / 明日香大明神 / 甲羅暮らしの201号,complete
1,1236,em-37e222cb9f2b,いんばーぬたん,53,3748,4771,2,attack_buff,-0.2222,-0.3032,0.5139,0.7361,いんばーぬたん / ペーチパイセン / すわ子isGOD！ / おあげさん / 頑張るハクさん,電波姫☆いまりちゃん / さくらこはダムです / メル子大先生 / 明日香大明神 / 甲羅暮らしの201号,complete
1,1237,em-c36ac39461d1,こまっちゃん,8,500,500,5,aoe_attack,-0.2222,-0.3032,0.5139,0.7361,こまっちゃん / ペーチパイセン / ポディアさま / クレリゴス子様 / リスマニア,電波姫☆いまりちゃん / さくらこはダムです / メル子大先生 / 明日香大明神 / 甲羅暮らしの201号,complete
1,1238,em-d176a6300617,シルバーとげぬきさん,10,490,490,5,revive,-0.2222,-0.3032,0.5139,0.7361,シルバーとげぬきさん / ペーチパイセン / ポディアさま / クレリゴス子様 / リスマニア,電波姫☆いまりちゃん / さくらこはダムです / メル子大先生 / 明日香大明神 / 甲羅暮らしの201号,complete
1,1239,em-a769fc8e5005,真サタデーナイト郡上,12,800,1000,5,aoe_attack,-0.2292,-0.304,0.5069,0.7361,真サタデーナイト郡上 / さくらこはダムです / ポディアさま / クレリゴス子様 / 頑張るハクさん,電波姫☆いまりちゃん / さくらこはダムです / メル子大先生 / 明日香大明神 / 甲羅暮らしの201号,complete
1,1240,em-f18963ac0ea1,すわ子さま,12,700,1000,5,multi_hit_attack,-0.2292,-0.304,0.5069,0.7361,すわ子さま / さくらこはダムです / ポディアさま / クレリゴス子様 / 頑張るハクさん,電波姫☆いまりちゃん / さくらこはダムです / メル子大先生 / 明日香大明神 / 甲羅暮らしの201号,complete
1,1241,em-a87c308ef7c4,トミスLOVE様,52,4686,4686,4,revive,-0.2292,-0.304,0.5069,0.7361,トミスLOVE様 / ペーチパイセン / すわ子isGOD！ / おあげさん / 頑張るハクさん,電波姫☆いまりちゃん / さくらこはダムです / メル子大先生 / 明日香大明神 / 甲羅暮らしの201号,complete
1,1242,em-f354ab7f7554,漆黒のいびるん,12,800,1000,5,guard,-0.2292,-0.304,0.5069,0.7361,漆黒のいびるん / 一葉ちゃんは作家さん / ポディアさま / クレリゴス子様 / ガハラさん,電波姫☆いまりちゃん / さくらこはダムです / メル子大先生 / 明日香大明神 / 甲羅暮らしの201号,complete
1,1243,em-7462463c2c52,ぜんまるくんさん,6,800,500,5,attack_buff,-0.2222,-0.3042,0.5139,0.7361,ぜんまるくんさん / さくらこはダムです / ポディアさま / クレリゴス子様 / リスマニア,電波姫☆いまりちゃん / さくらこはダムです / メル子大先生 / 明日香大明神 / 甲羅暮らしの201号,complete
1,1244,em-0a88e828f44f,あずま京子,7,500,500,4,damage_reduction,-0.2153,-0.3046,0.5208,0.7361,あずま京子 / さくらこはダムです / ポディアさま / クレリゴス子様 / リスマニア,電波姫☆いまりちゃん / さくらこはダムです / メル子大先生 / 明日香大明神 / 甲羅暮らしの201号,complete
1,1245,em-b827590fe52d,芹沢くん,7,500,500,4,guard,-0.2153,-0.3046,0.5208,0.7361,芹沢くん / さくらこはダムです / ポディアさま / クレリゴス子様 / リスマニア,電波姫☆いまりちゃん / さくらこはダムです / メル子大先生 / 明日香大明神 / 甲羅暮らしの201号,complete
1,1246,em-bc848e4ecf13,マラムさん,38,4703,4532,1,attribute_change,-0.2222,-0.3051,0.5139,0.7361,マラムさん / ペーチパイセン / すわ子isGOD！ / ウサポワンちゃん / 頑張るハクさん,電波姫☆いまりちゃん / さくらこはダムです / メル子大先生 / 明日香大明神 / 甲羅暮らしの201号,complete
1,1247,em-0d41ec5f78f0,じょーカーくん,6,500,600,6,delay,-0.2222,-0.3051,0.5139,0.7361,じょーカーくん / さくらこはダムです / ポディアさま / クレリゴス子様 / リスマニア,電波姫☆いまりちゃん / さくらこはダムです / メル子大先生 / 明日香大明神 / 甲羅暮らしの201号,partial-skill-support
1,1248,em-3d2c7dfded66,サタデーナイト郡上,6,500,600,7,aoe_attack,-0.2222,-0.3051,0.5139,0.7361,サタデーナイト郡上 / さくらこはダムです / ポディアさま / クレリゴス子様 / リスマニア,電波姫☆いまりちゃん / さくらこはダムです / メル子大先生 / 明日香大明神 / 甲羅暮らしの201号,complete
1,1249,em-434faacf4307,Woo怪くん,6,500,600,7,multi_hit_attack,-0.2222,-0.3051,0.5139,0.7361,Woo怪くん / さくらこはダムです / ポディアさま / クレリゴス子様 / リスマニア,電波姫☆いまりちゃん / さくらこはダムです / メル子大先生 / 明日香大明神 / 甲羅暮らしの201号,complete
1,1250,em-54ee851ff3fb,zuス様とsiラ様,10,1410,987,4,attack_buff,-0.2431,-0.3051,0.4931,0.7361,zuス様とsiラ様 / キルワくん / ポディアさま / クレリゴス子様 / 頑張るハクさん,電波姫☆いまりちゃん / さくらこはダムです / メル子大先生 / 明日香大明神 / 甲羅暮らしの201号,complete
1,1251,em-5b5d08d879f7,おかいこさん,12,797,816,5,attribute_change,-0.2361,-0.3054,0.5,0.7361,おかいこさん / 一葉ちゃんは作家さん / ポディアさま / クレリゴス子様 / ガハラさん,電波姫☆いまりちゃん / さくらこはダムです / メル子大先生 / 明日香大明神 / 甲羅暮らしの201号,complete
1,1252,em-8594f11c20bf,替え玉ひろし,12,790,810,5,attack_buff,-0.2361,-0.3054,0.5,0.7361,替え玉ひろし / 一葉ちゃんは作家さん / ポディアさま / クレリゴス子様 / ガハラさん,電波姫☆いまりちゃん / さくらこはダムです / メル子大先生 / 明日香大明神 / 甲羅暮らしの201号,complete
1,1253,em-b078ec458c73,ににぎさん,12,770,830,6,attack_buff,-0.2361,-0.3054,0.5,0.7361,ににぎさん / 一葉ちゃんは作家さん / ポディアさま / クレリゴス子様 / ガハラさん,電波姫☆いまりちゃん / さくらこはダムです / メル子大先生 / 明日香大明神 / 甲羅暮らしの201号,complete
1,1254,em-83688c447c1d,金色どーもくん,6,600,500,7,revive,-0.2222,-0.3061,0.5139,0.7361,金色どーもくん / さくらこはダムです / ポディアさま / クレリゴス子様 / リスマニア,電波姫☆いまりちゃん / さくらこはダムです / メル子大先生 / 明日香大明神 / 甲羅暮らしの201号,complete
1,1255,em-c011a42d2f7f,さなこさん,5,400,500,5,delay,-0.2222,-0.3061,0.5139,0.7361,さなこさん / さくらこはダムです / ポディアさま / クレリゴス子様 / リスマニア,電波姫☆いまりちゃん / さくらこはダムです / メル子大先生 / 明日香大明神 / 甲羅暮らしの201号,partial-skill-support
1,1256,em-ae95739af2da,掘joy三号,7,496,509,5,skill_reduction,-0.2222,-0.3061,0.5139,0.7361,掘joy三号 / さくらこはダムです / ポディアさま / クレリゴス子様 / リスマニア,電波姫☆いまりちゃん / さくらこはダムです / メル子大先生 / 明日香大明神 / 甲羅暮らしの201号,partial-skill-support
1,1257,em-a81a753351d9,戸定梨香,28,3216,3534,4,revive,-0.2292,-0.3061,0.5069,0.7361,戸定梨香 / さくらこはダムです / ポディアさま / 電波姫☆いまりちゃん / かんと師匠,電波姫☆いまりちゃん / さくらこはダムです / メル子大先生 / 明日香大明神 / 甲羅暮らしの201号,complete
1,1258,em-6588c893ceb4,船師かっさーのん,3,300,400,6,attack_buff,-0.2292,-0.3061,0.5069,0.7361,船師かっさーのん / 一葉ちゃんは作家さん / ポディアさま / クレリゴス子様 / 頑張るハクさん,電波姫☆いまりちゃん / さくらこはダムです / メル子大先生 / 明日香大明神 / 甲羅暮らしの201号,complete
1,1259,em-4900e4471484,モア蔵,4,722,90,4,guard,-0.2292,-0.3061,0.5069,0.7361,モア蔵 / 一葉ちゃんは作家さん / ポディアさま / クレリゴス子様 / 頑張るハクさん,電波姫☆いまりちゃん / さくらこはダムです / メル子大先生 / 明日香大明神 / 甲羅暮らしの201号,complete
1,1260,em-0968ff35f616,名君！鷹山先生,17,1283,1283,5,delay,-0.2361,-0.3066,0.5,0.7361,名君！鷹山先生 / ペーチパイセン / ポディアさま / クレリゴス子様 / 頑張るハクさん,電波姫☆いまりちゃん / さくらこはダムです / メル子大先生 / 明日香大明神 / 甲羅暮らしの201号,partial-skill-support
1,1261,em-fb77c2210cce,滅私奉公霧子たん,17,1243,1161,5,revive,-0.2361,-0.3066,0.5,0.7361,滅私奉公霧子たん / ペーチパイセン / ポディアさま / クレリゴス子様 / 頑張るハクさん,電波姫☆いまりちゃん / さくらこはダムです / メル子大先生 / 明日香大明神 / 甲羅暮らしの201号,complete
1,1262,em-479e5e45a614,諏訪湖成長期,55,3067,5623,3,multi_hit_attack,-0.2361,-0.3066,0.5,0.7361,諏訪湖成長期 / ペーチパイセン / メル子大先生 / おあげさん / 頑張るハクさん,電波姫☆いまりちゃん / さくらこはダムです / メル子大先生 / 明日香大明神 / 甲羅暮らしの201号,complete
1,1263,em-52a11488ce9e,新・ウオ丸くん,60,4294,3578,1,attack_buff,-0.2361,-0.3066,0.5,0.7361,新・ウオ丸くん / さくらこはダムです / すわ子isGOD！ / おあげさん / ガハラさん,電波姫☆いまりちゃん / さくらこはダムです / メル子大先生 / 明日香大明神 / 甲羅暮らしの201号,complete
1,1264,em-06a82dd4f95a,やまとーる海将,18,2567,1208,4,damage_reduction,-0.2361,-0.3066,0.5,0.7361,やまとーる海将 / ペーチパイセン / ポディアさま / クレリゴス子様 / かんと師匠,電波姫☆いまりちゃん / さくらこはダムです / メル子大先生 / 明日香大明神 / 甲羅暮らしの201号,complete
1,1265,em-ff9248487a17,じょーカー＆ちょーカー,14,800,1000,5,delay,-0.2292,-0.3071,0.5069,0.7361,じょーカー＆ちょーカー / さくらこはダムです / ポディアさま / クレリゴス子様 / かんと師匠,電波姫☆いまりちゃん / さくらこはダムです / メル子大先生 / 明日香大明神 / 甲羅暮らしの201号,partial-skill-support
1,1266,em-fca49f3752f8,電波姫☆いまりちゃん,38,3919,4260,3,delay,-0.2292,-0.3071,0.5069,0.7361,電波姫☆いまりちゃん / ペーチパイセン / ポディアさま / 電波姫☆いまりちゃん / ガハラさん,電波姫☆いまりちゃん / さくらこはダムです / メル子大先生 / 明日香大明神 / 甲羅暮らしの201号,partial-skill-support
1,1267,em-144acde7efe5,魚臣！又土くん,4,500,650,7,skill_reduction,-0.2292,-0.3071,0.5069,0.7361,魚臣！又土くん / 一葉ちゃんは作家さん / ポディアさま / クレリゴス子様 / かんと師匠,電波姫☆いまりちゃん / さくらこはダムです / メル子大先生 / 明日香大明神 / 甲羅暮らしの201号,partial-skill-support
1,1268,em-2f6ae2b54633,フクちゃん,3,300,400,4,attribute_change,-0.2292,-0.3071,0.5069,0.7361,フクちゃん / 一葉ちゃんは作家さん / ポディアさま / クレリゴス子様 / 頑張るハクさん,電波姫☆いまりちゃん / さくらこはダムです / メル子大先生 / 明日香大明神 / 甲羅暮らしの201号,complete
1,1269,em-45aaafc4cae5,首領・刑部たぬた,40,6645,2726,4,multi_hit_attack,-0.2361,-0.3077,0.5,0.7361,首領・刑部たぬた / ペーチパイセン / すわ子isGOD！ / ウサポワンちゃん / 頑張るハクさん,電波姫☆いまりちゃん / さくらこはダムです / メル子大先生 / 明日香大明神 / 甲羅暮らしの201号,complete
1,1270,em-f7e845fc0a39,鎌倉式ＤＢ２,8,811,412,7,guard,-0.2361,-0.3077,0.5,0.7361,鎌倉式ＤＢ２ / ペーチパイセン / ポディアさま / クレリゴス子様 / リスマニア,電波姫☆いまりちゃん / さくらこはダムです / メル子大先生 / 明日香大明神 / 甲羅暮らしの201号,complete
1,1271,em-58f4a804ff7f,マリンな白良さん,12,710,694,4,attack_buff,-0.2361,-0.3077,0.5,0.7361,マリンな白良さん / 一葉ちゃんは作家さん / ポディアさま / クレリゴス子様 / ガハラさん,電波姫☆いまりちゃん / さくらこはダムです / メル子大先生 / 明日香大明神 / 甲羅暮らしの201号,complete
1,1272,em-a2165d67f8cb,こんぴらくん,12,900,900,7,delay,-0.2361,-0.3077,0.5,0.7361,こんぴらくん / 一葉ちゃんは作家さん / ポディアさま / クレリゴス子様 / ガハラさん,電波姫☆いまりちゃん / さくらこはダムです / メル子大先生 / 明日香大明神 / 甲羅暮らしの201号,partial-skill-support
1,1273,em-bd2931324bdc,夢ナマコちゃん,15,1976,1090,6,attribute_guard,-0.2361,-0.3077,0.5,0.7361,夢ナマコちゃん / さくらこはダムです / ポディアさま / クレリゴス子様 / かんと師匠,電波姫☆いまりちゃん / さくらこはダムです / メル子大先生 / 明日香大明神 / 甲羅暮らしの201号,complete
1,1274,em-6193e7af4d97,がうがうは考える,44,1704,5964,3,damage_reduction,-0.2361,-0.3077,0.5,0.7361,がうがうは考える / ペーチパイセン / すわ子isGOD！ / 明日香大明神 / ロータス先輩,電波姫☆いまりちゃん / さくらこはダムです / メル子大先生 / 明日香大明神 / 甲羅暮らしの201号,complete
1,1275,em-c0166a0fcaf5,ナルトビ★デビル,60,5964,2385,1,attack_buff,-0.2361,-0.3077,0.5,0.7361,ナルトビ★デビル / ペーチパイセン / すわ子isGOD！ / おあげさん / まつやマン,電波姫☆いまりちゃん / さくらこはダムです / メル子大先生 / 明日香大明神 / 甲羅暮らしの201号,complete
1,1276,em-eaad577a957c,関さん,5,390,390,4,guard,-0.2292,-0.3082,0.5069,0.7361,関さん / 一葉ちゃんは作家さん / ポディアさま / クレリゴス子様 / かんと師匠,電波姫☆いまりちゃん / さくらこはダムです / メル子大先生 / 明日香大明神 / 甲羅暮らしの201号,complete
1,1277,em-1b8d4b845182,キャミーという女,8,600,800,4,heal,-0.2361,-0.3088,0.5,0.7361,キャミーという女 / ペーチパイセン / ポディアさま / クレリゴス子様 / リスマニア,電波姫☆いまりちゃん / さくらこはダムです / メル子大先生 / 明日香大明神 / 甲羅暮らしの201号,complete
1,1278,em-2f5dd4b0a739,大内先輩,9,800,800,4,heal,-0.2361,-0.3088,0.5,0.7361,大内先輩 / ペーチパイセン / ポディアさま / クレリゴス子様 / リスマニア,電波姫☆いまりちゃん / さくらこはダムです / メル子大先生 / 明日香大明神 / 甲羅暮らしの201号,complete
1,1279,em-86b8f3a86278,レボリューション凜子,10,800,800,4,attack_buff,-0.2361,-0.3088,0.5,0.7361,レボリューション凜子 / ペーチパイセン / ポディアさま / クレリゴス子様 / リスマニア,電波姫☆いまりちゃん / さくらこはダムです / メル子大先生 / 明日香大明神 / 甲羅暮らしの201号,complete
1,1280,em-b4d8c230226b,風林火山のぶくろ！,40,4089,4430,5,aoe_attack,-0.2361,-0.3088,0.5,0.7361,風林火山のぶくろ！ / ペーチパイセン / すわ子isGOD！ / ウサポワンちゃん / 頑張るハクさん,電波姫☆いまりちゃん / さくらこはダムです / メル子大先生 / 明日香大明神 / 甲羅暮らしの201号,complete
1,1281,em-ffea90d62e77,テイヤさん,55,1874,5282,3,multi_hit_attack,-0.2361,-0.3088,0.5,0.7361,テイヤさん / ペーチパイセン / メル子大先生 / おあげさん / 頑張るハクさん,電波姫☆いまりちゃん / さくらこはダムです / メル子大先生 / 明日香大明神 / 甲羅暮らしの201号,complete
1,1282,em-14ab1de959d7,あくせんと・きゃー子,18,1400,400,6,attribute_change,-0.2361,-0.3088,0.5,0.7361,あくせんと・きゃー子 / ペーチパイセン / ポディアさま / クレリゴス子様 / 頑張るハクさん,電波姫☆いまりちゃん / さくらこはダムです / メル子大先生 / 明日香大明神 / 甲羅暮らしの201号,complete
1,1283,em-fef48f3b2f9e,まん丸！シャーミー君,28,3800,3237,1,attack_buff,-0.2361,-0.3088,0.5,0.7361,まん丸！シャーミー君 / さくらこはダムです / ポディアさま / 電波姫☆いまりちゃん / かんと師匠,電波姫☆いまりちゃん / さくらこはダムです / メル子大先生 / 明日香大明神 / 甲羅暮らしの201号,complete
1,1284,em-1eee6f61a8bd,キングな勝斧さん,31,4601,2726,1,attack_buff,-0.2361,-0.3088,0.5,0.7361,キングな勝斧さん / ペーチパイセン / ポディアさま / 電波姫☆いまりちゃん / zuス様とsiラ様,電波姫☆いまりちゃん / さくらこはダムです / メル子大先生 / 明日香大明神 / 甲羅暮らしの201号,complete
1,1285,em-a5655f550318,眠れる海のネムリん,60,7327,5282,5,attack_buff,-0.2361,-0.3088,0.5,0.7361,眠れる海のネムリん / さくらこはダムです / すわ子isGOD！ / おあげさん / ガハラさん,電波姫☆いまりちゃん / さくらこはダムです / メル子大先生 / 明日香大明神 / 甲羅暮らしの201号,complete
1,1286,em-80894fcaa10c,とんこつ神！博多美子,40,4089,5350,3,attack_buff,-0.2431,-0.3088,0.4931,0.7361,とんこつ神！博多美子 / 一葉ちゃんは作家さん / すわ子isGOD！ / おあげさん / 頑張るハクさん,電波姫☆いまりちゃん / さくらこはダムです / メル子大先生 / 明日香大明神 / 甲羅暮らしの201号,complete
1,1287,em-667dae45fa9f,怪童の金たろす,52,6049,6049,2,damage_reduction,-0.2292,-0.3092,0.5069,0.7361,怪童の金たろす / ペーチパイセン / すわ子isGOD！ / おあげさん / 頑張るハクさん,電波姫☆いまりちゃん / さくらこはダムです / メル子大先生 / 明日香大明神 / 甲羅暮らしの201号,complete
1,1288,em-53967f33f7c3,R&Rレストラン子,52,5230,5230,2,heal,-0.2292,-0.3092,0.5069,0.7361,R&Rレストラン子 / ペーチパイセン / すわ子isGOD！ / おあげさん / 頑張るハクさん,電波姫☆いまりちゃん / さくらこはダムです / メル子大先生 / 明日香大明神 / 甲羅暮らしの201号,complete
1,1289,em-9625a8dc4056,祟らない幽子,8,370,410,7,revive,-0.2361,-0.3099,0.5,0.7361,祟らない幽子 / ペーチパイセン / ポディアさま / クレリゴス子様 / リスマニア,電波姫☆いまりちゃん / さくらこはダムです / メル子大先生 / 明日香大明神 / 甲羅暮らしの201号,complete
1,1290,em-4579f95404b3,ポティアちゃん,3,600,300,5,attribute_guard,-0.2361,-0.3099,0.5,0.7361,ポティアちゃん / 一葉ちゃんは作家さん / ポディアさま / クレリゴス子様 / かんと師匠,電波姫☆いまりちゃん / さくらこはダムです / メル子大先生 / 明日香大明神 / 甲羅暮らしの201号,complete
1,1291,em-60a47d17d0a2,座敷(笑)氏,3,150,300,5,delay,-0.2361,-0.3099,0.5,0.7361,座敷(笑)氏 / 一葉ちゃんは作家さん / ポディアさま / クレリゴス子様 / かんと師匠,電波姫☆いまりちゃん / さくらこはダムです / メル子大先生 / 明日香大明神 / 甲羅暮らしの201号,partial-skill-support
1,1292,em-8b1d35b683d6,さだわん,4,287,307,5,damage_reduction,-0.2361,-0.3099,0.5,0.7361,さだわん / 一葉ちゃんは作家さん / ポディアさま / クレリゴス子様 / かんと師匠,電波姫☆いまりちゃん / さくらこはダムです / メル子大先生 / 明日香大明神 / 甲羅暮らしの201号,complete
1,1293,em-a5062fe00935,座敷(藁)氏,5,200,400,4,delay,-0.2361,-0.3099,0.5,0.7361,座敷(藁)氏 / 一葉ちゃんは作家さん / ポディアさま / クレリゴス子様 / かんと師匠,電波姫☆いまりちゃん / さくらこはダムです / メル子大先生 / 明日香大明神 / 甲羅暮らしの201号,partial-skill-support
1,1294,em-05133b447edd,コメツキ,55,5453,5406,5,skill_reduction,-0.2431,-0.31,0.4931,0.7361,コメツキ / ペーチパイセン / すわ子isGOD！ / おあげさん / かんと師匠,電波姫☆いまりちゃん / さくらこはダムです / メル子大先生 / 明日香大明神 / 甲羅暮らしの201号,partial-skill-support
1,1295,em-18279a838450,白刃舞うは存亡の秋,70,6816,4260,4,attack_buff,-0.2431,-0.31,0.4931,0.7361,白刃舞うは存亡の秋 / ペーチパイセン / 華麗なびわ子たん / おあげさん / ガハラさん,電波姫☆いまりちゃん / さくらこはダムです / メル子大先生 / 明日香大明神 / 甲羅暮らしの201号,complete
1,1296,em-96ed71805a40,白鷺日女路嬢,21,4830,1255,3,heal,-0.2431,-0.31,0.4931,0.7361,白鷺日女路嬢 / さくらこはダムです / ポディアさま / クレリゴス子様 / まつやマン,電波姫☆いまりちゃん / さくらこはダムです / メル子大先生 / 明日香大明神 / 甲羅暮らしの201号,complete
1,1297,em-4819d53ddb48,ブハラ師匠,39,5708,3237,3,heal,-0.2292,-0.3102,0.5069,0.7361,ブハラ師匠 / ペーチパイセン / すわ子isGOD！ / ウサポワンちゃん / 頑張るハクさん,電波姫☆いまりちゃん / さくらこはダムです / メル子大先生 / 明日香大明神 / 甲羅暮らしの201号,complete
1,1298,em-31f11b9a8df8,ももとふFREEダム,40,3408,4260,3,heal,-0.2292,-0.3102,0.5069,0.7361,ももとふFREEダム / ペーチパイセン / すわ子isGOD！ / ウサポワンちゃん / 頑張るハクさん,電波姫☆いまりちゃん / さくらこはダムです / メル子大先生 / 明日香大明神 / 甲羅暮らしの201号,complete
1,1299,em-30086ae737ab,収穫期さくどん,7,510,470,6,delay,-0.2292,-0.3102,0.5069,0.7361,収穫期さくどん / さくらこはダムです / ポディアさま / クレリゴス子様 / リスマニア,電波姫☆いまりちゃん / さくらこはダムです / メル子大先生 / 明日香大明神 / 甲羅暮らしの201号,partial-skill-support
1,1300,em-299066b18ca7,バイカル子,14,2999,499,5,attribute_guard,-0.2361,-0.311,0.5,0.7361,バイカル子 / ペーチパイセン / ポディアさま / クレリゴス子様 / 頑張るハクさん,電波姫☆いまりちゃん / さくらこはダムです / メル子大先生 / 明日香大明神 / 甲羅暮らしの201号,complete
1,1301,em-2a96e91a2f35,雪男フェス祭カーニバル,38,5793,1874,5,revive,-0.2361,-0.311,0.5,0.7361,雪男フェス祭カーニバル / ペーチパイセン / すわ子isGOD！ / ウサポワンちゃん / 頑張るハクさん,電波姫☆いまりちゃん / さくらこはダムです / メル子大先生 / 明日香大明神 / 甲羅暮らしの201号,complete
1,1302,em-748c1a866dbc,Hey Yeah 清盛,75,11417,2896,3,guard,-0.2361,-0.311,0.5,0.7361,Hey Yeah 清盛 / ペーチパイセン / たけしマン / おあげちゃん / ガハラさん,電波姫☆いまりちゃん / さくらこはダムです / メル子大先生 / 明日香大明神 / 甲羅暮らしの201号,complete
1,1303,em-21d36a6dca73,塚ジェンヌ,7,500,480,5,attack_buff,-0.2292,-0.3111,0.5069,0.7361,塚ジェンヌ / さくらこはダムです / ポディアさま / クレリゴス子様 / リスマニア,電波姫☆いまりちゃん / さくらこはダムです / メル子大先生 / 明日香大明神 / 甲羅暮らしの201号,complete
1,1304,em-cce942b02eb0,激えぇじゃないか,14,1300,1100,5,aoe_attack,-0.2431,-0.3112,0.4931,0.7361,激えぇじゃないか / さくらこはダムです / ポディアさま / クレリゴス子様 / 頑張るハクさん,電波姫☆いまりちゃん / さくらこはダムです / メル子大先生 / 明日香大明神 / 甲羅暮らしの201号,complete
1,1305,em-99460641a41d,奇岩妖精ペリバじゃん,40,6816,852,3,attack_buff,-0.2431,-0.3112,0.4931,0.7361,奇岩妖精ペリバじゃん / 一葉ちゃんは作家さん / すわ子isGOD！ / おあげさん / 頑張るハクさん,電波姫☆いまりちゃん / さくらこはダムです / メル子大先生 / 明日香大明神 / 甲羅暮らしの201号,complete
1,1306,em-0481f6c14fd9,関先輩,7,475,475,4,guard,-0.2222,-0.3116,0.5139,0.7361,関先輩 / さくらこはダムです / ポディアさま / クレリゴス子様 / リスマニア,電波姫☆いまりちゃん / さくらこはダムです / メル子大先生 / 明日香大明神 / 甲羅暮らしの201号,complete
1,1307,em-62efa937d743,素敵なびわ子たん,7,500,480,4,damage_reduction,-0.2222,-0.3116,0.5139,0.7361,素敵なびわ子たん / さくらこはダムです / ポディアさま / クレリゴス子様 / リスマニア,電波姫☆いまりちゃん / さくらこはダムです / メル子大先生 / 明日香大明神 / 甲羅暮らしの201号,complete
1,1308,em-ea0b1e4c739b,イタ子大師匠,18,564,1269,4,revive,-0.2361,-0.312,0.5,0.7361,イタ子大師匠 / ペーチパイセン / ポディアさま / クレリゴス子様 / かんと師匠,電波姫☆いまりちゃん / さくらこはダムです / メル子大先生 / 明日香大明神 / 甲羅暮らしの201号,complete
1,1309,em-31da7ca7be23,安倍晴明,40,3919,4566,4,revive,-0.2361,-0.312,0.5,0.7361,安倍晴明 / ペーチパイセン / すわ子isGOD！ / ウサポワンちゃん / 頑張るハクさん,電波姫☆いまりちゃん / さくらこはダムです / メル子大先生 / 明日香大明神 / 甲羅暮らしの201号,complete
1,1310,em-8476f5773554,エーランドちゃん,30,6070,2160,7,delay,-0.2361,-0.312,0.5,0.7361,エーランドちゃん / さくらこはダムです / ポディアさま / 電波姫☆いまりちゃん / zuス様とsiラ様,電波姫☆いまりちゃん / さくらこはダムです / メル子大先生 / 明日香大明神 / 甲羅暮らしの201号,partial-skill-support
1,1311,em-4586795c80d9,スノーガイ,7,1500,300,4,attack_buff,-0.2361,-0.312,0.5,0.7361,スノーガイ / ペーチパイセン / ポディアさま / クレリゴス子様 / リスマニア,電波姫☆いまりちゃん / さくらこはダムです / メル子大先生 / 明日香大明神 / 甲羅暮らしの201号,complete
1,1312,em-3488d6542112,クロゴキ,65,6134,2113,2,multi_hit_attack,-0.25,-0.312,0.4861,0.7361,クロゴキ / ペーチパイセン / メル子大先生 / おあげさん / ガハラさん,電波姫☆いまりちゃん / さくらこはダムです / メル子大先生 / 明日香大明神 / 甲羅暮らしの201号,complete
1,1313,em-58b6cf5f2d45,忍者！フゥーま,6,500,500,5,guard,-0.2292,-0.3121,0.5069,0.7361,忍者！フゥーま / さくらこはダムです / ポディアさま / クレリゴス子様 / リスマニア,電波姫☆いまりちゃん / さくらこはダムです / メル子大先生 / 明日香大明神 / 甲羅暮らしの201号,complete
1,1314,em-b5a4cfe168a6,安井大先生,7,505,475,5,guard,-0.2292,-0.3121,0.5069,0.7361,安井大先生 / さくらこはダムです / ポディアさま / クレリゴス子様 / リスマニア,電波姫☆いまりちゃん / さくらこはダムです / メル子大先生 / 明日香大明神 / 甲羅暮らしの201号,complete
1,1315,em-2e5ec7f48778,たこ焼きーナ,4,136,566,4,attack_buff,-0.2292,-0.3121,0.5069,0.7361,たこ焼きーナ / 一葉ちゃんは作家さん / ポディアさま / クレリゴス子様 / かんと師匠,電波姫☆いまりちゃん / さくらこはダムです / メル子大先生 / 明日香大明神 / 甲羅暮らしの201号,complete
1,1316,em-89dedc914b10,ふーちゃん,8,1014,413,5,guard,-0.2431,-0.3124,0.4931,0.7361,ふーちゃん / ペーチパイセン / ポディアさま / クレリゴス子様 / リスマニア,電波姫☆いまりちゃん / さくらこはダムです / メル子大先生 / 明日香大明神 / 甲羅暮らしの201号,complete
1,1317,em-5faf1b394dcf,ナナコちゃん先輩,6,500,500,6,aoe_attack,-0.2292,-0.3131,0.5069,0.7361,ナナコちゃん先輩 / さくらこはダムです / ポディアさま / クレリゴス子様 / リスマニア,電波姫☆いまりちゃん / さくらこはダムです / メル子大先生 / 明日香大明神 / 甲羅暮らしの201号,complete
1,1318,em-e14358dbf8db,ＰＩＧかっちゃん,6,500,500,7,multi_hit_attack,-0.2292,-0.3131,0.5069,0.7361,ＰＩＧかっちゃん / さくらこはダムです / ポディアさま / クレリゴス子様 / リスマニア,電波姫☆いまりちゃん / さくらこはダムです / メル子大先生 / 明日香大明神 / 甲羅暮らしの201号,complete
1,1319,em-14f9b771848b,ハイウェイスター,7,500,500,6,attack_buff,-0.2292,-0.3131,0.5069,0.7361,ハイウェイスター / さくらこはダムです / ポディアさま / クレリゴス子様 / リスマニア,電波姫☆いまりちゃん / さくらこはダムです / メル子大先生 / 明日香大明神 / 甲羅暮らしの201号,complete
1,1320,em-2293cb606798,Oh!宮子ちゃん,7,500,500,6,heal,-0.2292,-0.3131,0.5069,0.7361,Oh!宮子ちゃん / さくらこはダムです / ポディアさま / クレリゴス子様 / リスマニア,電波姫☆いまりちゃん / さくらこはダムです / メル子大先生 / 明日香大明神 / 甲羅暮らしの201号,complete
1,1321,em-0f9cbc48c65a,船党かっさーのん,5,400,500,5,attack_buff,-0.2292,-0.3131,0.5069,0.7361,船党かっさーのん / さくらこはダムです / ポディアさま / クレリゴス子様 / リスマニア,電波姫☆いまりちゃん / さくらこはダムです / メル子大先生 / 明日香大明神 / 甲羅暮らしの201号,complete
1,1322,em-cbfa7306b010,めい子姉さん,7,479,511,5,attribute_guard,-0.2292,-0.3131,0.5069,0.7361,めい子姉さん / さくらこはダムです / ポディアさま / クレリゴス子様 / リスマニア,電波姫☆いまりちゃん / さくらこはダムです / メル子大先生 / 明日香大明神 / 甲羅暮らしの201号,complete
1,1323,em-d295de1e4086,海の日シスターズ♪,40,3823,4657,4,attack_buff,-0.2361,-0.3131,0.5,0.7361,海の日シスターズ♪ / ペーチパイセン / すわ子isGOD！ / ウサポワンちゃん / 頑張るハクさん,電波姫☆いまりちゃん / さくらこはダムです / メル子大先生 / 明日香大明神 / 甲羅暮らしの201号,complete
1,1324,em-d20a14b121e2,繭神！おかいこさま,28,5027,1704,1,attribute_change,-0.2361,-0.3131,0.5,0.7361,繭神！おかいこさま / さくらこはダムです / ポディアさま / 電波姫☆いまりちゃん / かんと師匠,電波姫☆いまりちゃん / さくらこはダムです / メル子大先生 / 明日香大明神 / 甲羅暮らしの201号,complete
1,1325,em-564e1dfe9c75,コニーちゃん,3,300,300,4,damage_reduction,-0.2361,-0.3131,0.5,0.7361,コニーちゃん / 一葉ちゃんは作家さん / ポディアさま / クレリゴス子様 / 頑張るハクさん,電波姫☆いまりちゃん / さくらこはダムです / メル子大先生 / 明日香大明神 / 甲羅暮らしの201号,complete
1,1326,em-aefb52be8eca,半間鮫子,52,3411,6823,2,multi_hit_attack,-0.2361,-0.3131,0.5,0.7361,半間鮫子 / ペーチパイセン / すわ子isGOD！ / おあげさん / 頑張るハクさん,電波姫☆いまりちゃん / さくらこはダムです / メル子大先生 / 明日香大明神 / 甲羅暮らしの201号,complete
1,1327,em-1a814a6b20cf,未来のモア蔵,5,920,160,4,guard,-0.2361,-0.3131,0.5,0.7361,未来のモア蔵 / 一葉ちゃんは作家さん / ポディアさま / クレリゴス子様 / かんと師匠,電波姫☆いまりちゃん / さくらこはダムです / メル子大先生 / 明日香大明神 / 甲羅暮らしの201号,complete
1,1328,em-760bb0daf1c9,ゲキ悪オヤジ(神),53,5112,5112,6,delay,-0.25,-0.3133,0.4861,0.7361,ゲキ悪オヤジ(神) / ペーチパイセン / すわ子isGOD！ / 明日香大明神 / zuス様とsiラ様,電波姫☆いまりちゃん / さくらこはダムです / メル子大先生 / 明日香大明神 / 甲羅暮らしの201号,partial-skill-support
1,1329,em-3908ae85bb5b,にいがタソ,12,2000,200,4,attribute_guard,-0.2431,-0.3135,0.4931,0.7361,にいがタソ / ペーチパイセン / ポディアさま / クレリゴス子様 / 頑張るハクさん,電波姫☆いまりちゃん / さくらこはダムです / メル子大先生 / 明日香大明神 / 甲羅暮らしの201号,complete
1,1330,em-354b4786550a,魔滅！鷹山先生,27,1283,1283,4,delay,-0.2431,-0.3135,0.4931,0.7361,魔滅！鷹山先生 / ペーチパイセン / ポディアさま / クレリゴス子様 / ガハラさん,電波姫☆いまりちゃん / さくらこはダムです / メル子大先生 / 明日香大明神 / 甲羅暮らしの201号,partial-skill-support
1,1331,em-f3ce9865b46f,BeasT5,38,4116,4664,7,delay,-0.2431,-0.3135,0.4931,0.7361,BeasT5 / ペーチパイセン / すわ子isGOD！ / ウサポワンちゃん / 頑張るハクさん,電波姫☆いまりちゃん / さくらこはダムです / メル子大先生 / 明日香大明神 / 甲羅暮らしの201号,partial-skill-support
1,1332,em-cdfbe8acd59f,はんばー先輩,24,4444,563,2,revive,-0.2431,-0.3135,0.4931,0.7361,はんばー先輩 / ペーチパイセン / ポディアさま / クレリゴス子様 / まつやマン,電波姫☆いまりちゃん / さくらこはダムです / メル子大先生 / 明日香大明神 / 甲羅暮らしの201号,complete
1,1333,em-b16382731bd5,華燭なカネヒラさん,60,5793,4771,2,attribute_change,-0.2431,-0.3135,0.4931,0.7361,華燭なカネヒラさん / ペーチパイセン / すわ子isGOD！ / おあげさん / まつやマン,電波姫☆いまりちゃん / さくらこはダムです / メル子大先生 / 明日香大明神 / 甲羅暮らしの201号,complete
1,1334,em-547d0e27e1f1,魚堅くん,3,400,500,7,skill_reduction,-0.2361,-0.3141,0.5,0.7361,魚堅くん / 一葉ちゃんは作家さん / ポディアさま / クレリゴス子様 / かんと師匠,電波姫☆いまりちゃん / さくらこはダムです / メル子大先生 / 明日香大明神 / 甲羅暮らしの201号,partial-skill-support
1,1335,em-6ed81c8341b0,萌やし紳士,8,308,898,4,attack_buff,-0.2361,-0.3141,0.5,0.7361,萌やし紳士 / ペーチパイセン / ポディアさま / クレリゴス子様 / リスマニア,電波姫☆いまりちゃん / さくらこはダムです / メル子大先生 / 明日香大明神 / 甲羅暮らしの201号,complete
1,1336,em-472362bb4365,超えぇじゃないか,12,840,760,6,aoe_attack,-0.2361,-0.3141,0.5,0.7361,超えぇじゃないか / 一葉ちゃんは作家さん / ポディアさま / クレリゴス子様 / スノーボーイ,電波姫☆いまりちゃん / さくらこはダムです / メル子大先生 / 明日香大明神 / 甲羅暮らしの201号,complete
1,1337,em-d72497692e5c,バリ……トゥンク…王,41,1530,5279,0,guard,-0.2361,-0.3141,0.5,0.7361,バリ……トゥンク…王 / ペーチパイセン / すわ子isGOD！ / ウサポワンちゃん / 頑張るハクさん,電波姫☆いまりちゃん / さくらこはダムです / メル子大先生 / 明日香大明神 / 甲羅暮らしの201号,complete
1,1338,em-70e79fbffe3c,怪人エビユルゲ,3,305,297,4,attribute_change,-0.2361,-0.3141,0.5,0.7361,怪人エビユルゲ / 一葉ちゃんは作家さん / ポディアさま / クレリゴス子様 / 頑張るハクさん,電波姫☆いまりちゃん / さくらこはダムです / メル子大先生 / 明日香大明神 / 甲羅暮らしの201号,complete
1,1339,em-8e8c7fbfac2a,おたべくん,3,315,287,4,delay,-0.2361,-0.3141,0.5,0.7361,おたべくん / 一葉ちゃんは作家さん / ポディアさま / クレリゴス子様 / 頑張るハクさん,電波姫☆いまりちゃん / さくらこはダムです / メル子大先生 / 明日香大明神 / 甲羅暮らしの201号,partial-skill-support
1,1340,em-0c931777e175,関くん,4,305,307,4,guard,-0.2361,-0.3141,0.5,0.7361,関くん / 一葉ちゃんは作家さん / ポディアさま / クレリゴス子様 / 頑張るハクさん,電波姫☆いまりちゃん / さくらこはダムです / メル子大先生 / 明日香大明神 / 甲羅暮らしの201号,complete
1,1341,em-e275020a88a0,あん子ちゃん,4,289,300,4,heal,-0.2361,-0.3141,0.5,0.7361,あん子ちゃん / 一葉ちゃんは作家さん / ポディアさま / クレリゴス子様 / 頑張るハクさん,電波姫☆いまりちゃん / さくらこはダムです / メル子大先生 / 明日香大明神 / 甲羅暮らしの201号,complete
1,1342,em-8ef5d7909215,真・屋久トレント,15,2700,500,5,attribute_guard,-0.2431,-0.3147,0.4931,0.7361,真・屋久トレント / ペーチパイセン / ポディアさま / クレリゴス子様 / 頑張るハクさん,電波姫☆いまりちゃん / さくらこはダムです / メル子大先生 / 明日香大明神 / 甲羅暮らしの201号,complete
1,1343,em-251adb8af3dc,にくぁう餃子権現,30,1365,3638,4,attack_buff,-0.2431,-0.3147,0.4931,0.7361,にくぁう餃子権現 / ペーチパイセン / ポディアさま / 電波姫☆いまりちゃん / かんと師匠,電波姫☆いまりちゃん / さくらこはダムです / メル子大先生 / 明日香大明神 / 甲羅暮らしの201号,complete
1,1344,em-0db7aa7aba43,大杉兄者,8,700,400,5,guard,-0.2431,-0.3147,0.4931,0.7361,大杉兄者 / ペーチパイセン / ポディアさま / クレリゴス子様 / リスマニア,電波姫☆いまりちゃん / さくらこはダムです / メル子大先生 / 明日香大明神 / 甲羅暮らしの201号,complete
1,1345,em-c72361c2c3ed,わさび大王,8,1200,400,5,guard,-0.2431,-0.3147,0.4931,0.7361,わさび大王 / ペーチパイセン / ポディアさま / クレリゴス子様 / リスマニア,電波姫☆いまりちゃん / さくらこはダムです / メル子大先生 / 明日香大明神 / 甲羅暮らしの201号,complete
1,1346,em-1e9e4475c353,ゲラー･ｻﾞ･ｸﾞﾗﾃﾞｨｴｲﾀｰ,55,3408,5964,2,attack_buff,-0.2431,-0.3147,0.4931,0.7361,ゲラー･ｻﾞ･ｸﾞﾗﾃﾞｨｴｲﾀｰ / ペーチパイセン / メル子大先生 / おあげさん / 頑張るハクさん,電波姫☆いまりちゃん / さくらこはダムです / メル子大先生 / 明日香大明神 / 甲羅暮らしの201号,complete
1,1347,em-75bbcd3130fb,みかんさん,6,700,500,7,aoe_attack,-0.2361,-0.3151,0.5,0.7361,みかんさん / 一葉ちゃんは作家さん / ポディアさま / クレリゴス子様 / zuス様とsiラ様,電波姫☆いまりちゃん / さくらこはダムです / メル子大先生 / 明日香大明神 / 甲羅暮らしの201号,complete
1,1348,em-b2d6a846bb36,哀哭のオオウミガラス,75,9713,4941,2,damage_reduction,-0.2361,-0.3151,0.5,0.7361,哀哭のオオウミガラス / ペーチパイセン / たけしマン / おあげちゃん / ガハラさん,電波姫☆いまりちゃん / さくらこはダムです / メル子大先生 / 明日香大明神 / 甲羅暮らしの201号,complete
1,1349,em-278299c58131,けねず君,8,603,603,5,damage_reduction,-0.2431,-0.3158,0.4931,0.7361,けねず君 / ペーチパイセン / ポディアさま / クレリゴス子様 / リスマニア,電波姫☆いまりちゃん / さくらこはダムです / メル子大先生 / 明日香大明神 / 甲羅暮らしの201号,complete
1,1350,em-560cbdf184d6,ユッフィーちゃん,8,606,600,5,attack_buff,-0.2431,-0.3158,0.4931,0.7361,ユッフィーちゃん / ペーチパイセン / ポディアさま / クレリゴス子様 / リスマニア,電波姫☆いまりちゃん / さくらこはダムです / メル子大先生 / 明日香大明神 / 甲羅暮らしの201号,complete
1,1351,em-af3decda6522,式部卿鮒麿,8,640,565,5,heal,-0.2431,-0.3158,0.4931,0.7361,式部卿鮒麿 / ペーチパイセン / ポディアさま / クレリゴス子様 / リスマニア,電波姫☆いまりちゃん / さくらこはダムです / メル子大先生 / 明日香大明神 / 甲羅暮らしの201号,complete
1,1352,em-f8d808926639,吉野スライミング,8,690,390,5,guard,-0.2431,-0.3158,0.4931,0.7361,吉野スライミング / ペーチパイセン / ポディアさま / クレリゴス子様 / リスマニア,電波姫☆いまりちゃん / さくらこはダムです / メル子大先生 / 明日香大明神 / 甲羅暮らしの201号,complete
1,1353,em-30a1d9f3d52f,けねずさん,9,702,702,5,damage_reduction,-0.2431,-0.3158,0.4931,0.7361,けねずさん / ペーチパイセン / ポディアさま / クレリゴス子様 / リスマニア,電波姫☆いまりちゃん / さくらこはダムです / メル子大先生 / 明日香大明神 / 甲羅暮らしの201号,complete
1,1354,em-e37685227f53,さくちゃん,9,680,724,5,skill_reduction,-0.2431,-0.3158,0.4931,0.7361,さくちゃん / ペーチパイセン / ポディアさま / クレリゴス子様 / リスマニア,電波姫☆いまりちゃん / さくらこはダムです / メル子大先生 / 明日香大明神 / 甲羅暮らしの201号,partial-skill-support
1,1355,em-3ea908bf879e,鷹山大先生,10,390,390,6,delay,-0.2431,-0.3158,0.4931,0.7361,鷹山大先生 / ペーチパイセン / ポディアさま / クレリゴス子様 / リスマニア,電波姫☆いまりちゃん / さくらこはダムです / メル子大先生 / 明日香大明神 / 甲羅暮らしの201号,partial-skill-support
1,1356,em-59a8f156dec4,クロアリ,60,4089,4089,3,multi_hit_attack,-0.25,-0.3158,0.4861,0.7361,クロアリ / ペーチパイセン / 人面恐竜の謎 / おあげさん / かんと師匠,電波姫☆いまりちゃん / さくらこはダムです / メル子大先生 / 明日香大明神 / 甲羅暮らしの201号,complete
1,1357,em-c750011c554d,夢奈マコ（16才）,60,7497,2130,5,guard,-0.25,-0.3158,0.4861,0.7361,夢奈マコ（16才） / さくらこはダムです / すわ子isGOD！ / おあげさん / ガハラさん,電波姫☆いまりちゃん / さくらこはダムです / メル子大先生 / 明日香大明神 / 甲羅暮らしの201号,complete
1,1358,em-1acdee18dc58,生きろ！モア蔵,7,1540,240,3,guard,-0.2292,-0.3159,0.5069,0.7361,生きろ！モア蔵 / さくらこはダムです / ポディアさま / クレリゴス子様 / リスマニア,電波姫☆いまりちゃん / さくらこはダムです / メル子大先生 / 明日香大明神 / 甲羅暮らしの201号,complete
1,1359,em-a4434f820061,恋する塚ジェンヌ,15,710,694,5,attack_buff,-0.2361,-0.3161,0.5,0.7361,恋する塚ジェンヌ / さくらこはダムです / ポディアさま / クレリゴス子様 / かんと師匠,電波姫☆いまりちゃん / さくらこはダムです / メル子大先生 / 明日香大明神 / 甲羅暮らしの201号,complete
1,1360,em-42e9353377ee,吉野スライム♂,40,5078,2078,3,skill_reduction,-0.2361,-0.3161,0.5,0.7361,吉野スライム♂ / ペーチパイセン / すわ子isGOD！ / ウサポワンちゃん / 頑張るハクさん,電波姫☆いまりちゃん / さくらこはダムです / メル子大先生 / 明日香大明神 / 甲羅暮らしの201号,partial-skill-support
1,1361,em-8c2d07fc54f7,ぶらけっと・ぽ子,20,1900,700,5,attribute_change,-0.2431,-0.3169,0.4931,0.7361,ぶらけっと・ぽ子 / さくらこはダムです / ポディアさま / クレリゴス子様 / ガハラさん,電波姫☆いまりちゃん / さくらこはダムです / メル子大先生 / 明日香大明神 / 甲羅暮らしの201号,complete
1,1362,em-0538af812aaf,さなこちゃん,3,300,400,5,delay,-0.2431,-0.3169,0.4931,0.7361,さなこちゃん / ペーチパイセン / ゴロウ / ズースくん / ケーンクラちゃん,電波姫☆いまりちゃん / さくらこはダムです / メル子大先生 / 明日香大明神 / 甲羅暮らしの201号,partial-skill-support
1,1363,em-1fcf0af60c7a,老舗の牛タソ,14,1000,150,3,guard,-0.2431,-0.3169,0.4931,0.7361,老舗の牛タソ / ペーチパイセン / ポディアさま / クレリゴス子様 / 頑張るハクさん,電波姫☆いまりちゃん / さくらこはダムです / メル子大先生 / 明日香大明神 / 甲羅暮らしの201号,complete
1,1364,em-0063b3d17f76,玄武むりょく,4,165,165,6,damage_reduction,-0.2431,-0.3169,0.4931,0.7361,玄武むりょく / 一葉ちゃんは作家さん / ポディアさま / クレリゴス子様 / かんと師匠,電波姫☆いまりちゃん / さくらこはダムです / メル子大先生 / 明日香大明神 / 甲羅暮らしの201号,complete
1,1365,em-e90b76cf6268,掘joy一号,4,286,311,6,skill_reduction,-0.2431,-0.3169,0.4931,0.7361,掘joy一号 / 一葉ちゃんは作家さん / ポディアさま / クレリゴス子様 / かんと師匠,電波姫☆いまりちゃん / さくらこはダムです / メル子大先生 / 明日香大明神 / 甲羅暮らしの201号,partial-skill-support
1,1366,em-173b7ab7c19b,かんと君,5,200,300,7,multi_hit_attack,-0.2431,-0.3169,0.4931,0.7361,かんと君 / 一葉ちゃんは作家さん / ポディアさま / クレリゴス子様 / かんと師匠,電波姫☆いまりちゃん / さくらこはダムです / メル子大先生 / 明日香大明神 / 甲羅暮らしの201号,complete
1,1367,em-4442b5ee096e,朱雀むりょく,5,165,165,6,revive,-0.2431,-0.3169,0.4931,0.7361,朱雀むりょく / 一葉ちゃんは作家さん / ポディアさま / クレリゴス子様 / かんと師匠,電波姫☆いまりちゃん / さくらこはダムです / メル子大先生 / 明日香大明神 / 甲羅暮らしの201号,complete
1,1368,em-03a8c7071b85,カステーラちゃん,4,330,282,4,heal,-0.2431,-0.3169,0.4931,0.7361,カステーラちゃん / 一葉ちゃんは作家さん / ポディアさま / クレリゴス子様 / かんと師匠,電波姫☆いまりちゃん / さくらこはダムです / メル子大先生 / 明日香大明神 / 甲羅暮らしの201号,complete
1,1369,em-fa9285840bae,白虎むりょく,4,158,149,5,attack_buff,-0.2431,-0.3169,0.4931,0.7361,白虎むりょく / 一葉ちゃんは作家さん / ポディアさま / クレリゴス子様 / かんと師匠,電波姫☆いまりちゃん / さくらこはダムです / メル子大先生 / 明日香大明神 / 甲羅暮らしの201号,complete
1,1370,em-24ccb3f9affa,むりょく,5,159,144,5,guard,-0.2431,-0.3169,0.4931,0.7361,むりょく / 一葉ちゃんは作家さん / ポディアさま / クレリゴス子様 / かんと師匠,電波姫☆いまりちゃん / さくらこはダムです / メル子大先生 / 明日香大明神 / 甲羅暮らしの201号,complete
1,1371,em-15545bc62fe7,幽霊烏賊図,60,3408,4260,3,revive,-0.25,-0.317,0.4861,0.7361,幽霊烏賊図 / さくらこはダムです / すわ子isGOD！ / おあげさん / ガハラさん,電波姫☆いまりちゃん / さくらこはダムです / メル子大先生 / 明日香大明神 / 甲羅暮らしの201号,complete
1,1372,em-a33630899eb2,河口本栖子,18,1200,1500,6,delay,-0.25,-0.317,0.4861,0.7361,河口本栖子 / ペーチパイセン / ポディアさま / クレリゴス子様 / かんと師匠,電波姫☆いまりちゃん / さくらこはダムです / メル子大先生 / 明日香大明神 / 甲羅暮らしの201号,partial-skill-support
1,1373,em-7df0be49e6e5,有砂・小町(課金C),40,5112,5112,3,attribute_change,-0.25,-0.317,0.4861,0.7361,有砂・小町(課金C) / 一葉ちゃんは作家さん / すわ子isGOD！ / おあげさん / かんと師匠,電波姫☆いまりちゃん / さくらこはダムです / メル子大先生 / 明日香大明神 / 甲羅暮らしの201号,complete
1,1374,em-2a3bca112594,一本のうっぴー,5,400,450,5,skill_reduction,-0.2361,-0.3171,0.5,0.7361,一本のうっぴー / さくらこはダムです / ポディアさま / クレリゴス子様 / リスマニア,電波姫☆いまりちゃん / さくらこはダムです / メル子大先生 / 明日香大明神 / 甲羅暮らしの201号,partial-skill-support
1,1375,em-fb6292300fc0,妖怪おたべ,5,525,455,4,delay,-0.2292,-0.3177,0.5069,0.7361,妖怪おたべ / さくらこはダムです / ポディアさま / クレリゴス子様 / リスマニア,電波姫☆いまりちゃん / さくらこはダムです / メル子大先生 / 明日香大明神 / 甲羅暮らしの201号,partial-skill-support
1,1376,em-e7b02783dd94,梵天ちゃん,8,500,700,8,aoe_attack,-0.2431,-0.3179,0.4931,0.7361,梵天ちゃん / 一葉ちゃんは作家さん / ポディアさま / クレリゴス子様 / ガハラさん,電波姫☆いまりちゃん / さくらこはダムです / メル子大先生 / 明日香大明神 / 甲羅暮らしの201号,complete
1,1377,em-84808a58aa1d,近江守鮒麿,11,764,640,5,heal,-0.2431,-0.3179,0.4931,0.7361,近江守鮒麿 / 一葉ちゃんは作家さん / ポディアさま / クレリゴス子様 / ガハラさん,電波姫☆いまりちゃん / さくらこはダムです / メル子大先生 / 明日香大明神 / 甲羅暮らしの201号,complete
1,1378,em-68c38b69771b,ぱんつぁーぴよ子,28,4412,3287,1,attribute_guard,-0.2431,-0.3179,0.4931,0.7361,ぱんつぁーぴよ子 / ペーチパイセン / ポディアさま / 電波姫☆いまりちゃん / 頑張るハクさん,電波姫☆いまりちゃん / さくらこはダムです / メル子大先生 / 明日香大明神 / 甲羅暮らしの201号,complete
1,1379,em-8d98226e5962,玉稜の首領・たまうー,29,3067,4260,4,delay,-0.2431,-0.3179,0.4931,0.7361,玉稜の首領・たまうー / さくらこはダムです / ポディアさま / 電波姫☆いまりちゃん / かんと師匠,電波姫☆いまりちゃん / さくらこはダムです / メル子大先生 / 明日香大明神 / 甲羅暮らしの201号,partial-skill-support
1,1380,em-0051409a8e1f,芹沢さん,8,604,597,4,guard,-0.2431,-0.3179,0.4931,0.7361,芹沢さん / ペーチパイセン / ポディアさま / クレリゴス子様 / リスマニア,電波姫☆いまりちゃん / さくらこはダムです / メル子大先生 / 明日香大明神 / 甲羅暮らしの201号,complete
1,1381,em-5a3daf6cbf77,白良さん,8,600,605,4,attack_buff,-0.2431,-0.3179,0.4931,0.7361,白良さん / ペーチパイセン / ポディアさま / クレリゴス子様 / リスマニア,電波姫☆いまりちゃん / さくらこはダムです / メル子大先生 / 明日香大明神 / 甲羅暮らしの201号,complete
1,1382,em-99d6f9e928d6,京子中学２４年生,8,620,612,4,damage_reduction,-0.2431,-0.3179,0.4931,0.7361,京子中学２４年生 / ペーチパイセン / ポディアさま / クレリゴス子様 / リスマニア,電波姫☆いまりちゃん / さくらこはダムです / メル子大先生 / 明日香大明神 / 甲羅暮らしの201号,complete
1,1383,em-ce7e2e4f30af,らん坊,8,580,626,4,skill_reduction,-0.2431,-0.3179,0.4931,0.7361,らん坊 / ペーチパイセン / ポディアさま / クレリゴス子様 / リスマニア,電波姫☆いまりちゃん / さくらこはダムです / メル子大先生 / 明日香大明神 / 甲羅暮らしの201号,partial-skill-support
1,1384,em-ebf10919d982,ミラクル凜子,8,700,704,4,attack_buff,-0.2431,-0.3179,0.4931,0.7361,ミラクル凜子 / ペーチパイセン / ポディアさま / クレリゴス子様 / リスマニア,電波姫☆いまりちゃん / さくらこはダムです / メル子大先生 / 明日香大明神 / 甲羅暮らしの201号,complete
1,1385,em-198e928f6d0b,なるとマン,9,800,700,4,attack_buff,-0.2431,-0.3179,0.4931,0.7361,なるとマン / ペーチパイセン / ポディアさま / クレリゴス子様 / リスマニア,電波姫☆いまりちゃん / さくらこはダムです / メル子大先生 / 明日香大明神 / 甲羅暮らしの201号,complete
1,1386,em-cc9db541b1b4,メル子さん,9,600,700,4,attack_buff,-0.2431,-0.3179,0.4931,0.7361,メル子さん / ペーチパイセン / ポディアさま / クレリゴス子様 / リスマニア,電波姫☆いまりちゃん / さくらこはダムです / メル子大先生 / 明日香大明神 / 甲羅暮らしの201号,complete
1,1387,em-7affb78d3b91,渇求するネギの果て,10,754,754,4,guard,-0.2431,-0.3179,0.4931,0.7361,渇求するネギの果て / ペーチパイセン / ポディアさま / クレリゴス子様 / リスマニア,電波姫☆いまりちゃん / さくらこはダムです / メル子大先生 / 明日香大明神 / 甲羅暮らしの201号,complete
1,1388,em-88669edc6480,京子はまだやれる！,10,718,694,4,damage_reduction,-0.2431,-0.3179,0.4931,0.7361,京子はまだやれる！ / ペーチパイセン / ポディアさま / クレリゴス子様 / リスマニア,電波姫☆いまりちゃん / さくらこはダムです / メル子大先生 / 明日香大明神 / 甲羅暮らしの201号,complete
1,1389,em-a5c7dcdde3ff,水島神人発見される,10,900,400,4,guard,-0.2431,-0.3179,0.4931,0.7361,水島神人発見される / ペーチパイセン / ポディアさま / クレリゴス子様 / リスマニア,電波姫☆いまりちゃん / さくらこはダムです / メル子大先生 / 明日香大明神 / 甲羅暮らしの201号,complete
1,1390,em-0add6b5a96ff,朦朧ボディマンα,9,300,1000,10,multi_hit_attack,-0.2361,-0.3181,0.5,0.7361,朦朧ボディマンα / ペーチパイセン / ポディアさま / クレリゴス子様 / リスマニア,電波姫☆いまりちゃん / さくらこはダムです / メル子大先生 / 明日香大明神 / 甲羅暮らしの201号,complete
1,1391,em-81bd9c017f3e,玉藻ちゃん,3,400,500,4,attribute_guard,-0.2361,-0.3181,0.5,0.7361,玉藻ちゃん / 一葉ちゃんは作家さん / ポディアさま / クレリゴス子様 / かんと師匠,電波姫☆いまりちゃん / さくらこはダムです / メル子大先生 / 明日香大明神 / 甲羅暮らしの201号,complete
1,1392,em-8421c50f30c7,しょーかさん,8,700,800,6,multi_hit_attack,-0.25,-0.3182,0.4861,0.7361,しょーかさん / ペーチパイセン / ポディアさま / クレリゴス子様 / リスマニア,電波姫☆いまりちゃん / さくらこはダムです / メル子大先生 / 明日香大明神 / 甲羅暮らしの201号,complete
1,1393,em-dd5697e42ab7,まお先輩,9,600,850,5,skill_reduction,-0.25,-0.3182,0.4861,0.7361,まお先輩 / ペーチパイセン / ポディアさま / クレリゴス子様 / リスマニア,電波姫☆いまりちゃん / さくらこはダムです / メル子大先生 / 明日香大明神 / 甲羅暮らしの201号,partial-skill-support
1,1394,em-74c87c37d930,むぅむぅ,30,2839,2525,3,multi_hit_attack,-0.2431,-0.319,0.4931,0.7361,むぅむぅ / ペーチパイセン / ポディアさま / 電波姫☆いまりちゃん / かんと師匠,電波姫☆いまりちゃん / さくらこはダムです / メル子大先生 / 明日香大明神 / 甲羅暮らしの201号,complete
1,1395,em-a30066999e70,降臨！天草トッキー,40,4260,5964,4,attack_buff,-0.2431,-0.319,0.4931,0.7361,降臨！天草トッキー / ペーチパイセン / すわ子isGOD！ / ウサポワンちゃん / 頑張るハクさん,電波姫☆いまりちゃん / さくらこはダムです / メル子大先生 / 明日香大明神 / 甲羅暮らしの201号,complete
1,1396,em-3850dfa89114,流浪の騎士,7,510,470,9,attribute_guard,-0.2361,-0.3191,0.5,0.7361,流浪の騎士 / さくらこはダムです / ポディアさま / クレリゴス子様 / リスマニア,電波姫☆いまりちゃん / さくらこはダムです / メル子大先生 / 明日香大明神 / 甲羅暮らしの201号,complete
1,1397,em-9f7e593bdb96,鮒麿,7,520,460,5,heal,-0.2361,-0.3191,0.5,0.7361,鮒麿 / さくらこはダムです / ポディアさま / クレリゴス子様 / リスマニア,電波姫☆いまりちゃん / さくらこはダムです / メル子大先生 / 明日香大明神 / 甲羅暮らしの201号,complete
1,1398,em-58dbb7bc9653,六点魔王ノッブ,58,3408,5964,3,multi_hit_attack,-0.25,-0.3193,0.4861,0.7361,六点魔王ノッブ / ペーチパイセン / 時のプラズマ / 明日香大明神 / zuス様とsiラ様,電波姫☆いまりちゃん / さくらこはダムです / メル子大先生 / 明日香大明神 / 甲羅暮らしの201号,complete
1,1399,em-106b8d6fe4c5,ドヤ顔の女帝瑠璃,60,4430,4089,1,damage_reduction,-0.25,-0.3193,0.4861,0.7361,ドヤ顔の女帝瑠璃 / ペーチパイセン / 人面恐竜の謎 / おあげさん / かんと師匠,電波姫☆いまりちゃん / さくらこはダムです / メル子大先生 / 明日香大明神 / 甲羅暮らしの201号,complete
1,1400,em-25185336f7f4,しょーかくん,5,400,500,7,multi_hit_attack,-0.2361,-0.3201,0.5,0.7361,しょーかくん / さくらこはダムです / ポディアさま / クレリゴス子様 / リスマニア,電波姫☆いまりちゃん / さくらこはダムです / メル子大先生 / 明日香大明神 / 甲羅暮らしの201号,complete
1,1401,em-08f945aef274,朦朧ボディマン,6,200,500,11,multi_hit_attack,-0.2361,-0.3201,0.5,0.7361,朦朧ボディマン / さくらこはダムです / ポディアさま / クレリゴス子様 / リスマニア,電波姫☆いまりちゃん / さくらこはダムです / メル子大先生 / 明日香大明神 / 甲羅暮らしの201号,complete
1,1402,em-204ef16c9e26,カピ原雄さん,6,300,500,6,revive,-0.2361,-0.3201,0.5,0.7361,カピ原雄さん / さくらこはダムです / ポディアさま / クレリゴス子様 / リスマニア,電波姫☆いまりちゃん / さくらこはダムです / メル子大先生 / 明日香大明神 / 甲羅暮らしの201号,complete
1,1403,em-7db55d8e78d1,やまなしーヌさん,6,400,500,6,skill_reduction,-0.2361,-0.3201,0.5,0.7361,やまなしーヌさん / さくらこはダムです / ポディアさま / クレリゴス子様 / リスマニア,電波姫☆いまりちゃん / さくらこはダムです / メル子大先生 / 明日香大明神 / 甲羅暮らしの201号,partial-skill-support
1,1404,em-3e85387d97e5,荒ぶるこんにゃく,7,486,484,8,guard,-0.2361,-0.3201,0.5,0.7361,荒ぶるこんにゃく / さくらこはダムです / ポディアさま / クレリゴス子様 / リスマニア,電波姫☆いまりちゃん / さくらこはダムです / メル子大先生 / 明日香大明神 / 甲羅暮らしの201号,complete
1,1405,em-5fba2111c2ae,くろこップ,7,498,482,9,skill_reduction,-0.2361,-0.3201,0.5,0.7361,くろこップ / さくらこはダムです / ポディアさま / クレリゴス子様 / リスマニア,電波姫☆いまりちゃん / さくらこはダムです / メル子大先生 / 明日香大明神 / 甲羅暮らしの201号,partial-skill-support
1,1406,em-0352f52bd9a3,スワン様,6,500,480,5,skill_reduction,-0.2361,-0.3201,0.5,0.7361,スワン様 / さくらこはダムです / ポディアさま / クレリゴス子様 / リスマニア,電波姫☆いまりちゃん / さくらこはダムです / メル子大先生 / 明日香大明神 / 甲羅暮らしの201号,partial-skill-support
1,1407,em-0af21062aa7c,ｻﾗﾏﾝﾀﾞｰ祝High気分,30,2898,2817,6,skill_reduction,-0.2431,-0.3201,0.4931,0.7361,ｻﾗﾏﾝﾀﾞｰ祝High気分 / さくらこはダムです / ポディアさま / 電波姫☆いまりちゃん / zuス様とsiラ様,電波姫☆いまりちゃん / さくらこはダムです / メル子大先生 / 明日香大明神 / 甲羅暮らしの201号,partial-skill-support
1,1408,em-2a1c3fb65344,うかれる！さくらちゃん,9,444,444,5,attribute_change,-0.2431,-0.3201,0.4931,0.7361,うかれる！さくらちゃん / ペーチパイセン / ポディアさま / クレリゴス子様 / リスマニア,電波姫☆いまりちゃん / さくらこはダムです / メル子大先生 / 明日香大明神 / 甲羅暮らしの201号,complete
1,1409,em-35dfd8c60675,はぎみタンさん,55,4430,4771,4,aoe_attack,-0.2569,-0.3202,0.4792,0.7361,はぎみタンさん / ペーチパイセン / すわ子isGOD！ / 明日香大明神 / zuス様とsiラ様,電波姫☆いまりちゃん / さくらこはダムです / メル子大先生 / 明日香大明神 / 甲羅暮らしの201号,complete
1,1410,em-0e768525b557,ヘラクレス先輩,70,5885,6230,4,multi_hit_attack,-0.2569,-0.3202,0.4792,0.7361,ヘラクレス先輩 / ペーチパイセン / 華麗なびわ子たん / おあげさん / ガハラさん,電波姫☆いまりちゃん / さくらこはダムです / メル子大先生 / 明日香大明神 / 甲羅暮らしの201号,complete
1,1411,em-1555cadff0cf,おぅぼっと,6,800,300,4,damage_reduction,-0.2292,-0.3204,0.5069,0.7361,おぅぼっと / さくらこはダムです / ポディアさま / クレリゴス子様 / リスマニア,電波姫☆いまりちゃん / さくらこはダムです / メル子大先生 / 明日香大明神 / 甲羅暮らしの201号,complete
1,1412,em-e128354ca2de,シュレーダー帝,31,1795,3097,6,revive,-0.25,-0.3205,0.4861,0.7361,シュレーダー帝 / ペーチパイセン / ポディアさま / 電波姫☆いまりちゃん / かんと師匠,電波姫☆いまりちゃん / さくらこはダムです / メル子大先生 / 明日香大明神 / 甲羅暮らしの201号,complete
1,1413,em-89d24fcb64fb,輝虎さま,16,1500,1500,6,aoe_attack,-0.25,-0.3205,0.4861,0.7361,輝虎さま / ペーチパイセン / ポディアさま / クレリゴス子様 / 頑張るハクさん,電波姫☆いまりちゃん / さくらこはダムです / メル子大先生 / 明日香大明神 / 甲羅暮らしの201号,complete
1,1414,em-b9b869c15b9f,ルリマダラー,15,3786,378,2,attribute_guard,-0.25,-0.3205,0.4861,0.7361,ルリマダラー / さくらこはダムです / ポディアさま / クレリゴス子様 / かんと師匠,電波姫☆いまりちゃん / さくらこはダムです / メル子大先生 / 明日香大明神 / 甲羅暮らしの201号,complete
1,1415,em-ae6ea6bc1914,ズースくん,3,500,400,4,attack_buff,-0.2431,-0.3211,0.4931,0.7361,ズースくん / 一葉ちゃんは作家さん / ポディアさま / クレリゴス子様 / 頑張るハクさん,電波姫☆いまりちゃん / さくらこはダムです / メル子大先生 / 明日香大明神 / 甲羅暮らしの201号,complete
1,1416,em-81fec3e48762,怪人おたべ,4,415,365,4,delay,-0.2431,-0.3211,0.4931,0.7361,怪人おたべ / 一葉ちゃんは作家さん / ポディアさま / クレリゴス子様 / 頑張るハクさん,電波姫☆いまりちゃん / さくらこはダムです / メル子大先生 / 明日香大明神 / 甲羅暮らしの201号,partial-skill-support
1,1417,em-407710659ecb,玄武ニート,4,330,320,6,damage_reduction,-0.2431,-0.3211,0.4931,0.7361,玄武ニート / 一葉ちゃんは作家さん / ポディアさま / クレリゴス子様 / 頑張るハクさん,電波姫☆いまりちゃん / さくらこはダムです / メル子大先生 / 明日香大明神 / 甲羅暮らしの201号,complete
1,1418,em-462884d3af90,青竜ニート,4,346,397,6,heal,-0.2431,-0.3211,0.4931,0.7361,青竜ニート / 一葉ちゃんは作家さん / ポディアさま / クレリゴス子様 / 頑張るハクさん,電波姫☆いまりちゃん / さくらこはダムです / メル子大先生 / 明日香大明神 / 甲羅暮らしの201号,complete
1,1419,em-172b59ddb28b,白虎ニート,4,314,296,5,attack_buff,-0.2431,-0.3211,0.4931,0.7361,白虎ニート / 一葉ちゃんは作家さん / ポディアさま / クレリゴス子様 / 頑張るハクさん,電波姫☆いまりちゃん / さくらこはダムです / メル子大先生 / 明日香大明神 / 甲羅暮らしの201号,complete
1,1420,em-8ed9900f451e,めい子ちゃん,4,281,309,5,attribute_guard,-0.2431,-0.3211,0.4931,0.7361,めい子ちゃん / 一葉ちゃんは作家さん / ポディアさま / クレリゴス子様 / 頑張るハクさん,電波姫☆いまりちゃん / さくらこはダムです / メル子大先生 / 明日香大明神 / 甲羅暮らしの201号,complete
1,1421,em-f5a7df3892f0,びわ子たん,4,300,302,5,damage_reduction,-0.2431,-0.3211,0.4931,0.7361,びわ子たん / 一葉ちゃんは作家さん / ポディアさま / クレリゴス子様 / 頑張るハクさん,電波姫☆いまりちゃん / さくらこはダムです / メル子大先生 / 明日香大明神 / 甲羅暮らしの201号,complete
1,1422,em-e660791c3950,めい子さん,5,400,400,5,attribute_guard,-0.2431,-0.3211,0.4931,0.7361,めい子さん / 一葉ちゃんは作家さん / ポディアさま / クレリゴス子様 / かんと師匠,電波姫☆いまりちゃん / さくらこはダムです / メル子大先生 / 明日香大明神 / 甲羅暮らしの201号,complete
1,1423,em-287f0053ada3,屋久トレント,8,1180,340,6,attribute_guard,-0.25,-0.3216,0.4861,0.7361,屋久トレント / ペーチパイセン / ポディアさま / クレリゴス子様 / リスマニア,電波姫☆いまりちゃん / さくらこはダムです / メル子大先生 / 明日香大明神 / 甲羅暮らしの201号,complete
1,1424,em-cc5e3cfa7400,綺麗なソフィアさん,62,7157,1704,1,multi_hit_attack,-0.25,-0.3216,0.4861,0.7361,綺麗なソフィアさん / ペーチパイセン / すわ子isGOD！ / おあげさん / ガハラさん,電波姫☆いまりちゃん / さくらこはダムです / メル子大先生 / 明日香大明神 / 甲羅暮らしの201号,complete
1,1425,em-3803f94f5ae7,あろまちゃん,3,350,500,4,revive,-0.2431,-0.3221,0.4931,0.7361,あろまちゃん / 一葉ちゃんは作家さん / ポディアさま / クレリゴス子様 / 頑張るハクさん,電波姫☆いまりちゃん / さくらこはダムです / メル子大先生 / 明日香大明神 / 甲羅暮らしの201号,complete
1,1426,em-6f9254f46753,うわマジカ,4,450,650,4,attribute_guard,-0.2431,-0.3221,0.4931,0.7361,うわマジカ / 一葉ちゃんは作家さん / ポディアさま / クレリゴス子様 / かんと師匠,電波姫☆いまりちゃん / さくらこはダムです / メル子大先生 / 明日香大明神 / 甲羅暮らしの201号,complete
1,1427,em-13af16d2213d,ににぎくん,8,590,630,6,attack_buff,-0.25,-0.3227,0.4861,0.7361,ににぎくん / ペーチパイセン / ポディアさま / クレリゴス子様 / リスマニア,電波姫☆いまりちゃん / さくらこはダムです / メル子大先生 / 明日香大明神 / 甲羅暮らしの201号,complete
1,1428,em-461e884c1b94,ひろし多美子,8,590,615,6,attack_buff,-0.25,-0.3227,0.4861,0.7361,ひろし多美子 / ペーチパイセン / ポディアさま / クレリゴス子様 / リスマニア,電波姫☆いまりちゃん / さくらこはダムです / メル子大先生 / 明日香大明神 / 甲羅暮らしの201号,complete
1,1429,em-883c35b094ae,淡路でくろこップ,8,605,600,8,skill_reduction,-0.25,-0.3227,0.4861,0.7361,淡路でくろこップ / ペーチパイセン / ポディアさま / クレリゴス子様 / リスマニア,電波姫☆いまりちゃん / さくらこはダムです / メル子大先生 / 明日香大明神 / 甲羅暮らしの201号,partial-skill-support
1,1430,em-ceecd3afdba6,おかいこちゃん,8,614,613,6,attribute_change,-0.25,-0.3227,0.4861,0.7361,おかいこちゃん / ペーチパイセン / ポディアさま / クレリゴス子様 / リスマニア,電波姫☆いまりちゃん / さくらこはダムです / メル子大先生 / 明日香大明神 / 甲羅暮らしの201号,complete
1,1431,em-f0bd2d18332e,Woo怪さん,8,600,700,6,multi_hit_attack,-0.25,-0.3227,0.4861,0.7361,Woo怪さん / ペーチパイセン / ポディアさま / クレリゴス子様 / リスマニア,電波姫☆いまりちゃん / さくらこはダムです / メル子大先生 / 明日香大明神 / 甲羅暮らしの201号,complete
1,1432,em-04cdb17f3b71,ひろし多め,9,690,714,6,attack_buff,-0.25,-0.3227,0.4861,0.7361,ひろし多め / ペーチパイセン / ポディアさま / クレリゴス子様 / リスマニア,電波姫☆いまりちゃん / さくらこはダムです / メル子大先生 / 明日香大明神 / 甲羅暮らしの201号,complete
1,1433,em-e501cdcbd254,サタデーナイト郡上２,9,600,700,6,aoe_attack,-0.25,-0.3227,0.4861,0.7361,サタデーナイト郡上２ / ペーチパイセン / ポディアさま / クレリゴス子様 / リスマニア,電波姫☆いまりちゃん / さくらこはダムです / メル子大先生 / 明日香大明神 / 甲羅暮らしの201号,complete
1,1434,em-4980bf27b119,淡路な浄瑠璃さん,10,708,700,7,skill_reduction,-0.25,-0.3227,0.4861,0.7361,淡路な浄瑠璃さん / ペーチパイセン / ポディアさま / クレリゴス子様 / リスマニア,電波姫☆いまりちゃん / さくらこはダムです / メル子大先生 / 明日香大明神 / 甲羅暮らしの201号,partial-skill-support
1,1435,em-f8a40042a8dc,王家の騎士,10,650,550,8,attribute_guard,-0.25,-0.3227,0.4861,0.7361,王家の騎士 / ペーチパイセン / ポディアさま / クレリゴス子様 / リスマニア,電波姫☆いまりちゃん / さくらこはダムです / メル子大先生 / 明日香大明神 / 甲羅暮らしの201号,complete
1,1436,em-0985c7675d5c,みかん姐さん,13,1100,600,4,aoe_attack,-0.25,-0.3227,0.4861,0.7361,みかん姐さん / 一葉ちゃんは作家さん / ポディアさま / クレリゴス子様 / ガハラさん,電波姫☆いまりちゃん / さくらこはダムです / メル子大先生 / 明日香大明神 / 甲羅暮らしの201号,complete
1,1437,em-01c910672cf0,ガハラさん,3,550,300,6,attack_buff,-0.25,-0.3227,0.4861,0.7361,ガハラさん / 一葉ちゃんは作家さん / ポディアさま / クレリゴス子様 / かんと師匠,電波姫☆いまりちゃん / さくらこはダムです / メル子大先生 / 明日香大明神 / 甲羅暮らしの201号,complete
1,1438,em-ed807b4afc1b,ぜんまるくん,5,550,350,6,attack_buff,-0.25,-0.3227,0.4861,0.7361,ぜんまるくん / 一葉ちゃんは作家さん / ポディアさま / クレリゴス子様 / かんと師匠,電波姫☆いまりちゃん / さくらこはダムです / メル子大先生 / 明日香大明神 / 甲羅暮らしの201号,complete
1,1439,em-4debcfcadf66,艶奴太夫,60,3919,5964,1,attribute_change,-0.25,-0.3227,0.4861,0.7361,艶奴太夫 / ペーチパイセン / すわ子isGOD！ / おあげさん / まつやマン,電波姫☆いまりちゃん / さくらこはダムです / メル子大先生 / 明日香大明神 / 甲羅暮らしの201号,complete
1,1440,em-2c8d30d1f946,だーらくん,4,800,100,4,guard,-0.25,-0.3227,0.4861,0.7361,だーらくん / 一葉ちゃんは作家さん / ポディアさま / クレリゴス子様 / かんと師匠,電波姫☆いまりちゃん / さくらこはダムです / メル子大先生 / 明日香大明神 / 甲羅暮らしの201号,complete
1,1441,em-79322ee550e2,スーパーににぎ状態,60,5623,4430,5,attack_buff,-0.2569,-0.3227,0.4792,0.7361,スーパーににぎ状態 / さくらこはダムです / すわ子isGOD！ / おあげさん / ガハラさん,電波姫☆いまりちゃん / さくらこはダムです / メル子大先生 / 明日香大明神 / 甲羅暮らしの201号,complete
1,1442,em-f5955c15b029,ばんば新年2026,60,7668,3438,1,attack_buff,-0.2431,-0.3231,0.4931,0.7361,ばんば新年2026 / ペーチパイセン / 人面恐竜の謎 / おあげさん / かんと師匠,電波姫☆いまりちゃん / さくらこはダムです / メル子大先生 / 明日香大明神 / 甲羅暮らしの201号,complete
1,1443,em-9667a89799b5,冬の双子姫,77,9628,4686,2,damage_reduction,-0.2431,-0.3231,0.4931,0.7361,冬の双子姫 / ペーチパイセン / タミちゃん / おあげさん / ガハラさん,電波姫☆いまりちゃん / さくらこはダムです / メル子大先生 / 明日香大明神 / 甲羅暮らしの201号,complete
1,1444,em-dba7b79429bc,サルパ王＆女王,60,5453,3748,2,multi_hit_attack,-0.25,-0.3238,0.4861,0.7361,サルパ王＆女王 / さくらこはダムです / すわ子isGOD！ / おあげさん / ガハラさん,電波姫☆いまりちゃん / さくらこはダムです / メル子大先生 / 明日香大明神 / 甲羅暮らしの201号,complete
1,1445,em-4bde1481e932,黒電話おぅぼっと,9,1000,400,4,damage_reduction,-0.25,-0.3238,0.4861,0.7361,黒電話おぅぼっと / ペーチパイセン / ポディアさま / クレリゴス子様 / リスマニア,電波姫☆いまりちゃん / さくらこはダムです / メル子大先生 / 明日香大明神 / 甲羅暮らしの201号,complete
1,1446,em-4eb01150430f,ミス・エズさん,9,1100,300,4,attribute_guard,-0.25,-0.3238,0.4861,0.7361,ミス・エズさん / ペーチパイセン / ポディアさま / クレリゴス子様 / リスマニア,電波姫☆いまりちゃん / さくらこはダムです / メル子大先生 / 明日香大明神 / 甲羅暮らしの201号,complete
1,1447,em-c3d00c8f1bd5,竜馬は撃ちぬけない,30,4430,4430,1,attribute_change,-0.25,-0.3238,0.4861,0.7361,竜馬は撃ちぬけない / さくらこはダムです / ポディアさま / 電波姫☆いまりちゃん / zuス様とsiラ様,電波姫☆いまりちゃん / さくらこはダムです / メル子大先生 / 明日香大明神 / 甲羅暮らしの201号,complete
1,1448,em-f9bf1a75faf1,カステーラさん,5,420,360,4,heal,-0.25,-0.3238,0.4861,0.7361,カステーラさん / 一葉ちゃんは作家さん / ポディアさま / クレリゴス子様 / かんと師匠,電波姫☆いまりちゃん / さくらこはダムです / メル子大先生 / 明日香大明神 / 甲羅暮らしの201号,complete
1,1449,em-91e135a19050,ナナコちゃん,3,300,300,8,aoe_attack,-0.25,-0.3238,0.4861,0.7361,ナナコちゃん / 一葉ちゃんは作家さん / ポディアさま / クレリゴス子様 / かんと師匠,電波姫☆いまりちゃん / さくらこはダムです / メル子大先生 / 明日香大明神 / 甲羅暮らしの201号,complete
1,1450,em-5bb58dd6f8ca,玄武ねっつ,4,345,305,6,damage_reduction,-0.25,-0.3238,0.4861,0.7361,玄武ねっつ / 一葉ちゃんは作家さん / ポディアさま / クレリゴス子様 / かんと師匠,電波姫☆いまりちゃん / さくらこはダムです / メル子大先生 / 明日香大明神 / 甲羅暮らしの201号,complete
1,1451,em-827735a9a9c0,さくどん,4,312,300,7,delay,-0.25,-0.3238,0.4861,0.7361,さくどん / 一葉ちゃんは作家さん / ポディアさま / クレリゴス子様 / かんと師匠,電波姫☆いまりちゃん / さくらこはダムです / メル子大先生 / 明日香大明神 / 甲羅暮らしの201号,partial-skill-support
1,1452,em-4d09d9c4c995,朱雀ねっつ,5,335,305,6,revive,-0.25,-0.3238,0.4861,0.7361,朱雀ねっつ / 一葉ちゃんは作家さん / ポディアさま / クレリゴス子様 / かんと師匠,電波姫☆いまりちゃん / さくらこはダムです / メル子大先生 / 明日香大明神 / 甲羅暮らしの201号,complete
1,1453,em-9b80b58d5f7b,とげぬきさん,5,298,317,7,revive,-0.25,-0.3238,0.4861,0.7361,とげぬきさん / 一葉ちゃんは作家さん / ポディアさま / クレリゴス子様 / かんと師匠,電波姫☆いまりちゃん / さくらこはダムです / メル子大先生 / 明日香大明神 / 甲羅暮らしの201号,complete
1,1454,em-be0d1a5c4a35,イタ子ちゃん,5,100,400,7,revive,-0.25,-0.3238,0.4861,0.7361,イタ子ちゃん / 一葉ちゃんは作家さん / ポディアさま / クレリゴス子様 / かんと師匠,電波姫☆いまりちゃん / さくらこはダムです / メル子大先生 / 明日香大明神 / 甲羅暮らしの201号,complete
1,1455,em-1ae3b1da454a,白虎ねっつ,4,306,297,5,attack_buff,-0.25,-0.3238,0.4861,0.7361,白虎ねっつ / 一葉ちゃんは作家さん / ポディアさま / クレリゴス子様 / かんと師匠,電波姫☆いまりちゃん / さくらこはダムです / メル子大先生 / 明日香大明神 / 甲羅暮らしの201号,complete
1,1456,em-7b887f2a23db,ねっつ,5,306,297,5,attribute_guard,-0.25,-0.3238,0.4861,0.7361,ねっつ / 一葉ちゃんは作家さん / ポディアさま / クレリゴス子様 / かんと師匠,電波姫☆いまりちゃん / さくらこはダムです / メル子大先生 / 明日香大明神 / 甲羅暮らしの201号,complete
1,1457,em-ab3947962bd3,姫騎士なコンクさん,60,4856,3237,1,damage_reduction,-0.2569,-0.3239,0.4792,0.7361,姫騎士なコンクさん / さくらこはダムです / すわ子isGOD！ / おあげさん / ガハラさん,電波姫☆いまりちゃん / さくらこはダムです / メル子大先生 / 明日香大明神 / 甲羅暮らしの201号,complete
1,1458,em-63479f6dd7fc,イタ子先生,15,300,700,5,revive,-0.2431,-0.3241,0.4931,0.7361,イタ子先生 / さくらこはダムです / ポディアさま / クレリゴス子様 / かんと師匠,電波姫☆いまりちゃん / さくらこはダムです / メル子大先生 / 明日香大明神 / 甲羅暮らしの201号,complete
1,1459,em-2b3991ed5705,伝統の牛タソ,10,600,100,4,guard,-0.2639,-0.3246,0.4722,0.7361,伝統の牛タソ / キルワくん / ポディアさま / クレリゴス子様 / 頑張るハクさん,電波姫☆いまりちゃん / さくらこはダムです / メル子大先生 / 明日香大明神 / 甲羅暮らしの201号,complete
1,1460,em-cdd7690ef318,京都コーラマン,59,5959,2800,4,damage_reduction,-0.2639,-0.3246,0.4722,0.7361,京都コーラマン / さくらこはダムです / すわ子isGOD！ / おあげさん / ガハラさん,電波姫☆いまりちゃん / さくらこはダムです / メル子大先生 / 明日香大明神 / 甲羅暮らしの201号,complete
1,1461,em-54f582db41b4,みかん姉さん,10,1000,500,6,aoe_attack,-0.25,-0.3249,0.4861,0.7361,みかん姉さん / 一葉ちゃんは作家さん / ポディアさま / クレリゴス子様 / ガハラさん,電波姫☆いまりちゃん / さくらこはダムです / メル子大先生 / 明日香大明神 / 甲羅暮らしの201号,complete
1,1462,em-33efacdd0b0b,ににぎ先輩,18,1100,1300,5,attack_buff,-0.25,-0.3249,0.4861,0.7361,ににぎ先輩 / ペーチパイセン / ポディアさま / クレリゴス子様 / かんと師匠,電波姫☆いまりちゃん / さくらこはダムです / メル子大先生 / 明日香大明神 / 甲羅暮らしの201号,complete
1,1463,em-c5dbda5d8d5b,湘南パボーイ,12,318,911,4,attack_buff,-0.25,-0.3249,0.4861,0.7361,湘南パボーイ / 一葉ちゃんは作家さん / ポディアさま / クレリゴス子様 / ガハラさん,電波姫☆いまりちゃん / さくらこはダムです / メル子大先生 / 明日香大明神 / 甲羅暮らしの201号,complete
1,1464,em-b7d1205bd3a7,すーぱーサイアン,60,5964,5964,12,attack_buff,-0.2569,-0.3251,0.4792,0.7361,すーぱーサイアン / さくらこはダムです / すわ子isGOD！ / おあげさん / ガハラさん,電波姫☆いまりちゃん / さくらこはダムです / メル子大先生 / 明日香大明神 / 甲羅暮らしの201号,complete
1,1465,em-2d8e102d95f3,えぇじゃないか,8,640,580,7,aoe_attack,-0.25,-0.326,0.4861,0.7361,えぇじゃないか / 一葉ちゃんは作家さん / ポディアさま / クレリゴス子様 / かるたーニャ,電波姫☆いまりちゃん / さくらこはダムです / メル子大先生 / 明日香大明神 / 甲羅暮らしの201号,complete
1,1466,em-65dcdf08813a,にいがタン,8,1500,100,4,attribute_guard,-0.25,-0.326,0.4861,0.7361,にいがタン / ペーチパイセン / ポディアさま / クレリゴス子様 / リスマニア,電波姫☆いまりちゃん / さくらこはダムです / メル子大先生 / 明日香大明神 / 甲羅暮らしの201号,complete
1,1467,em-6f76a23db620,伏姫さま,17,2006,676,4,guard,-0.25,-0.327,0.4861,0.7361,伏姫さま / ペーチパイセン / ポディアさま / クレリゴス子様 / 頑張るハクさん,電波姫☆いまりちゃん / さくらこはダムです / メル子大先生 / 明日香大明神 / 甲羅暮らしの201号,complete
1,1468,em-7f5fe06d82f7,特攻のびゃこ,39,2641,6219,2,attack_buff,-0.25,-0.327,0.4861,0.7361,特攻のびゃこ / ペーチパイセン / すわ子isGOD！ / ウサポワンちゃん / 頑張るハクさん,電波姫☆いまりちゃん / さくらこはダムです / メル子大先生 / 明日香大明神 / 甲羅暮らしの201号,complete
1,1469,em-d2350f280cb8,伊賀NINJA!,40,1704,5112,3,skill_reduction,-0.25,-0.327,0.4861,0.7361,伊賀NINJA! / ペーチパイセン / すわ子isGOD！ / ウサポワンちゃん / 頑張るハクさん,電波姫☆いまりちゃん / さくらこはダムです / メル子大先生 / 明日香大明神 / 甲羅暮らしの201号,partial-skill-support
1,1470,em-081cdc2b5b45,スノーボーイ,4,1000,100,6,attack_buff,-0.25,-0.327,0.4861,0.7361,スノーボーイ / 一葉ちゃんは作家さん / ポディアさま / クレリゴス子様 / 頑張るハクさん,電波姫☆いまりちゃん / さくらこはダムです / メル子大先生 / 明日香大明神 / 甲羅暮らしの201号,complete
1,1471,em-d35809f53912,鎌倉式ＤＢ２零式,15,1807,856,9,guard,-0.2569,-0.3274,0.4792,0.7361,鎌倉式ＤＢ２零式 / ペーチパイセン / ポディアさま / クレリゴス子様 / 頑張るハクさん,電波姫☆いまりちゃん / さくらこはダムです / メル子大先生 / 明日香大明神 / 甲羅暮らしの201号,complete
1,1472,em-cec2f0ad9373,Dr.フォックス,40,4089,4430,4,delay,-0.25,-0.328,0.4861,0.7361,Dr.フォックス / ペーチパイセン / すわ子isGOD！ / ウサポワンちゃん / 頑張るハクさん,電波姫☆いまりちゃん / さくらこはダムです / メル子大先生 / 明日香大明神 / 甲羅暮らしの201号,partial-skill-support
1,1473,em-2b584e87473c,ウルルさんのオフ曜日,41,2958,6816,1,attack_buff,-0.25,-0.328,0.4861,0.7361,ウルルさんのオフ曜日 / ペーチパイセン / すわ子isGOD！ / ウサポワンちゃん / 頑張るハクさん,電波姫☆いまりちゃん / さくらこはダムです / メル子大先生 / 明日香大明神 / 甲羅暮らしの201号,complete
1,1474,em-5528cf768569,リンゴール男爵,4,400,300,4,delay,-0.25,-0.328,0.4861,0.7361,リンゴール男爵 / 一葉ちゃんは作家さん / ポディアさま / クレリゴス子様 / 頑張るハクさん,電波姫☆いまりちゃん / さくらこはダムです / メル子大先生 / 明日香大明神 / 甲羅暮らしの201号,partial-skill-support
1,1475,em-73a9cdab3511,リンゴール子爵,3,300,200,4,delay,-0.25,-0.328,0.4861,0.7361,リンゴール子爵 / 一葉ちゃんは作家さん / ポディアさま / クレリゴス子様 / 頑張るハクさん,電波姫☆いまりちゃん / さくらこはダムです / メル子大先生 / 明日香大明神 / 甲羅暮らしの201号,partial-skill-support
1,1476,em-17aeee13e460,こんにゃくん,4,287,308,9,guard,-0.25,-0.328,0.4861,0.7361,こんにゃくん / 一葉ちゃんは作家さん / ポディアさま / クレリゴス子様 / 頑張るハクさん,電波姫☆いまりちゃん / さくらこはダムです / メル子大先生 / 明日香大明神 / 甲羅暮らしの201号,complete
1,1477,em-6e37519134b1,スワン君,4,310,302,6,skill_reduction,-0.25,-0.328,0.4861,0.7361,スワン君 / 一葉ちゃんは作家さん / ポディアさま / クレリゴス子様 / 頑張るハクさん,電波姫☆いまりちゃん / さくらこはダムです / メル子大先生 / 明日香大明神 / 甲羅暮らしの201号,partial-skill-support
1,1478,em-94033ed8057b,幽子さん,4,300,312,8,revive,-0.25,-0.328,0.4861,0.7361,幽子さん / 一葉ちゃんは作家さん / ポディアさま / クレリゴス子様 / 頑張るハクさん,電波姫☆いまりちゃん / さくらこはダムです / メル子大先生 / 明日香大明神 / 甲羅暮らしの201号,complete
1,1479,em-b4ff04580be9,安井のトンちゃん,4,305,297,6,guard,-0.25,-0.328,0.4861,0.7361,安井のトンちゃん / 一葉ちゃんは作家さん / ポディアさま / クレリゴス子様 / 頑張るハクさん,電波姫☆いまりちゃん / さくらこはダムです / メル子大先生 / 明日香大明神 / 甲羅暮らしの201号,complete
1,1480,em-518934908b79,こんにゃくさん,5,400,400,8,guard,-0.25,-0.328,0.4861,0.7361,こんにゃくさん / 一葉ちゃんは作家さん / ポディアさま / クレリゴス子様 / かんと師匠,電波姫☆いまりちゃん / さくらこはダムです / メル子大先生 / 明日香大明神 / 甲羅暮らしの201号,complete
1,1481,em-4eda1d55d2fb,ガッサと5人の小ｷﾉｺ,60,5680,4089,2,revive,-0.2639,-0.3284,0.4722,0.7361,ガッサと5人の小ｷﾉｺ / ペーチパイセン / 人面恐竜の謎 / おあげさん / かんと師匠,電波姫☆いまりちゃん / さくらこはダムです / メル子大先生 / 明日香大明神 / 甲羅暮らしの201号,complete
1,1482,em-c301debd22fc,やまとーる海尉,9,900,600,6,damage_reduction,-0.2569,-0.3285,0.4792,0.7361,やまとーる海尉 / ペーチパイセン / ポディアさま / クレリゴス子様 / リスマニア,電波姫☆いまりちゃん / さくらこはダムです / メル子大先生 / 明日香大明神 / 甲羅暮らしの201号,complete
1,1483,em-f595b4878fcb,ポディアくん,5,800,350,4,attribute_guard,-0.2431,-0.3289,0.4931,0.7361,ポディアくん / さくらこはダムです / ポディアさま / クレリゴス子様 / リスマニア,電波姫☆いまりちゃん / さくらこはダムです / メル子大先生 / 明日香大明神 / 甲羅暮らしの201号,complete
1,1484,em-1a835be38386,朱雀ニート,5,320,320,6,revive,-0.25,-0.3291,0.4861,0.7361,朱雀ニート / 一葉ちゃんは作家さん / ポディアさま / クレリゴス子様 / かんと師匠,電波姫☆いまりちゃん / さくらこはダムです / メル子大先生 / 明日香大明神 / 甲羅暮らしの201号,complete
1,1485,em-addae93a6fe9,ニート,5,314,296,5,attribute_guard,-0.25,-0.3291,0.4861,0.7361,ニート / 一葉ちゃんは作家さん / ポディアさま / クレリゴス子様 / かんと師匠,電波姫☆いまりちゃん / さくらこはダムです / メル子大先生 / 明日香大明神 / 甲羅暮らしの201号,complete
1,1486,em-c80fd39e59c5,謙信どの,22,2898,2898,5,aoe_attack,-0.2639,-0.3296,0.4722,0.7361,謙信どの / キルワくん / ポディアさま / 電波姫☆いまりちゃん / 頑張るハクさん,電波姫☆いまりちゃん / さくらこはダムです / メル子大先生 / 明日香大明神 / 甲羅暮らしの201号,complete
1,1487,em-d76a5850c323,牛追いガウガウ,40,5964,1704,4,damage_reduction,-0.2639,-0.3296,0.4722,0.7361,牛追いガウガウ / 一葉ちゃんは作家さん / すわ子isGOD！ / おあげさん / 頑張るハクさん,電波姫☆いまりちゃん / さくらこはダムです / メル子大先生 / 明日香大明神 / 甲羅暮らしの201号,complete
1,1488,em-bc583c6ff83e,卍石★モチ子,40,4625,4966,5,attribute_guard,-0.2569,-0.3297,0.4792,0.7361,卍石★モチ子 / ペーチパイセン / すわ子isGOD！ / ウサポワンちゃん / 頑張るハクさん,電波姫☆いまりちゃん / さくらこはダムです / メル子大先生 / 明日香大明神 / 甲羅暮らしの201号,complete
1,1489,em-f02f1ba602b7,ぴよ子ロンダリング,50,1893,189,5,delay,-0.2569,-0.3297,0.4792,0.7361,ぴよ子ロンダリング / ペーチパイセン / メル子大先生 / 明日香大明神 / ロータス先輩,電波姫☆いまりちゃん / さくらこはダムです / メル子大先生 / 明日香大明神 / 甲羅暮らしの201号,partial-skill-support
1,1490,em-4533a7697d48,謀反人ミッツ,60,6645,4430,3,damage_reduction,-0.2569,-0.3297,0.4792,0.7361,謀反人ミッツ / さくらこはダムです / すわ子isGOD！ / おあげさん / ガハラさん,電波姫☆いまりちゃん / さくらこはダムです / メル子大先生 / 明日香大明神 / 甲羅暮らしの201号,complete
1,1491,em-30e2f325f3af,尾索戦隊ｻﾙﾊﾟﾝｼﾞｬｰ,28,4907,1022,2,multi_hit_attack,-0.2569,-0.3297,0.4792,0.7361,尾索戦隊ｻﾙﾊﾟﾝｼﾞｬｰ / さくらこはダムです / ポディアさま / 電波姫☆いまりちゃん / かんと師匠,電波姫☆いまりちゃん / さくらこはダムです / メル子大先生 / 明日香大明神 / 甲羅暮らしの201号,complete
1,1492,em-e442a06775e7,祭りだ☆富姫,40,3067,5453,2,attack_buff,-0.25,-0.3301,0.4861,0.7361,祭りだ☆富姫 / ペーチパイセン / すわ子isGOD！ / ウサポワンちゃん / 頑張るハクさん,電波姫☆いまりちゃん / さくらこはダムです / メル子大先生 / 明日香大明神 / 甲羅暮らしの201号,complete
1,1493,em-438753e77e6c,デロスの月陽姉弟,41,3237,5453,2,heal,-0.25,-0.3301,0.4861,0.7361,デロスの月陽姉弟 / ペーチパイセン / すわ子isGOD！ / ウサポワンちゃん / 頑張るハクさん,電波姫☆いまりちゃん / さくらこはダムです / メル子大先生 / 明日香大明神 / 甲羅暮らしの201号,complete
1,1494,em-17bd2a472653,鷹山先生,8,305,305,6,delay,-0.2569,-0.3308,0.4792,0.7361,鷹山先生 / ペーチパイセン / ポディアさま / クレリゴス子様 / リスマニア,電波姫☆いまりちゃん / さくらこはダムです / メル子大先生 / 明日香大明神 / 甲羅暮らしの201号,partial-skill-support
1,1495,em-e7adf536ba2f,やまなしーヌさま,9,500,600,5,skill_reduction,-0.2569,-0.3308,0.4792,0.7361,やまなしーヌさま / ペーチパイセン / ポディアさま / クレリゴス子様 / リスマニア,電波姫☆いまりちゃん / さくらこはダムです / メル子大先生 / 明日香大明神 / 甲羅暮らしの201号,partial-skill-support
1,1496,em-b1fe78970f5a,アルパぢから,5,500,300,6,heal,-0.2569,-0.3308,0.4792,0.7361,アルパぢから / 一葉ちゃんは作家さん / ポディアさま / クレリゴス子様 / かんと師匠,電波姫☆いまりちゃん / さくらこはダムです / メル子大先生 / 明日香大明神 / 甲羅暮らしの201号,complete
1,1497,em-7a2afc8538ad,伊予ぴっちゅん,5,800,350,5,skill_reduction,-0.2569,-0.3308,0.4792,0.7361,伊予ぴっちゅん / 一葉ちゃんは作家さん / ポディアさま / クレリゴス子様 / かんと師匠,電波姫☆いまりちゃん / さくらこはダムです / メル子大先生 / 明日香大明神 / 甲羅暮らしの201号,partial-skill-support
1,1498,em-5266a394fb35,伊予・タウロス,60,4430,4941,2,multi_hit_attack,-0.2569,-0.3308,0.4792,0.7361,伊予・タウロス / ペーチパイセン / すわ子isGOD！ / おあげさん / まつやマン,電波姫☆いまりちゃん / さくらこはダムです / メル子大先生 / 明日香大明神 / 甲羅暮らしの201号,complete
1,1499,em-dd6851927e3d,青竜ねっつ,4,354,396,6,heal,-0.2569,-0.3308,0.4792,0.7361,青竜ねっつ / 一葉ちゃんは作家さん / ポディアさま / クレリゴス子様 / かんと師匠,電波姫☆いまりちゃん / さくらこはダムです / メル子大先生 / 明日香大明神 / 甲羅暮らしの201号,complete
1,1500,em-3fef7ee3dc51,トゥバタハのシレーナ,60,3919,4601,3,aoe_attack,-0.2639,-0.3308,0.4722,0.7361,トゥバタハのシレーナ / さくらこはダムです / すわ子isGOD！ / おあげさん / ガハラさん,電波姫☆いまりちゃん / さくらこはダムです / メル子大先生 / 明日香大明神 / 甲羅暮らしの201号,complete
1,1501,em-78804a795640,ズンビージョンきゅん,39,1448,4771,6,revive,-0.2639,-0.3308,0.4722,0.7361,ズンビージョンきゅん / 一葉ちゃんは作家さん / すわ子isGOD！ / おあげさん / 頑張るハクさん,電波姫☆いまりちゃん / さくらこはダムです / メル子大先生 / 明日香大明神 / 甲羅暮らしの201号,complete
1,1502,em-a71ad4631750,絶許！近所のあん子,9,1131,989,4,heal,-0.25,-0.3311,0.4861,0.7361,絶許！近所のあん子 / ペーチパイセン / ポディアさま / クレリゴス子様 / リスマニア,電波姫☆いまりちゃん / さくらこはダムです / メル子大先生 / 明日香大明神 / 甲羅暮らしの201号,complete
1,1503,em-4d9586371e6c,鞭・打つ子さん,38,4106,4106,3,multi_hit_attack,-0.25,-0.3311,0.4861,0.7361,鞭・打つ子さん / ペーチパイセン / すわ子isGOD！ / ウサポワンちゃん / 頑張るハクさん,電波姫☆いまりちゃん / さくらこはダムです / メル子大先生 / 明日香大明神 / 甲羅暮らしの201号,complete
1,1504,em-47f3be71ea63,青竜むりょく,4,198,189,6,heal,-0.2569,-0.3318,0.4792,0.7361,青竜むりょく / 一葉ちゃんは作家さん / ポディアさま / クレリゴス子様 / かんと師匠,電波姫☆いまりちゃん / さくらこはダムです / メル子大先生 / 明日香大明神 / 甲羅暮らしの201号,complete
1,1505,em-2c691fe63d0d,ブッシュドノエルん,38,3652,5354,2,attack_buff,-0.25,-0.332,0.4861,0.7361,ブッシュドノエルん / ペーチパイセン / すわ子isGOD！ / ウサポワンちゃん / 頑張るハクさん,電波姫☆いまりちゃん / さくらこはダムです / メル子大先生 / 明日香大明神 / 甲羅暮らしの201号,complete
1,1506,em-d111f497df0f,湘南大水曜日ボーイ,40,2044,5623,4,attack_buff,-0.2639,-0.332,0.4722,0.7361,湘南大水曜日ボーイ / 一葉ちゃんは作家さん / すわ子isGOD！ / おあげさん / 頑張るハクさん,電波姫☆いまりちゃん / さくらこはダムです / メル子大先生 / 明日香大明神 / 甲羅暮らしの201号,complete
1,1507,em-07a788dc89b4,シャボテン丸,11,400,600,6,revive,-0.2569,-0.3329,0.4792,0.7361,シャボテン丸 / 一葉ちゃんは作家さん / ポディアさま / クレリゴス子様 / ガハラさん,電波姫☆いまりちゃん / さくらこはダムです / メル子大先生 / 明日香大明神 / 甲羅暮らしの201号,complete
1,1508,em-6cd949ff7539,?????,53,1842,6475,2,guard,-0.2569,-0.3329,0.4792,0.7361,????? / ペーチパイセン / すわ子isGOD！ / おあげさん / 頑張るハクさん,電波姫☆いまりちゃん / さくらこはダムです / メル子大先生 / 明日香大明神 / 甲羅暮らしの201号,complete
1,1509,em-a6927eca01fa,すわ子ちゃん,8,500,800,6,multi_hit_attack,-0.2639,-0.3332,0.4722,0.7361,すわ子ちゃん / ペーチパイセン / ポディアさま / クレリゴス子様 / リスマニア,電波姫☆いまりちゃん / さくらこはダムです / メル子大先生 / 明日香大明神 / 甲羅暮らしの201号,complete
1,1510,em-0560ed78022d,見事にびわ子たん,5,400,400,4,damage_reduction,-0.2431,-0.3335,0.4931,0.7361,見事にびわ子たん / さくらこはダムです / ポディアさま / クレリゴス子様 / リスマニア,電波姫☆いまりちゃん / さくらこはダムです / メル子大先生 / 明日香大明神 / 甲羅暮らしの201号,complete
1,1511,em-1287aab83f7d,驚愕！深海のあん子,5,400,400,4,heal,-0.2431,-0.3335,0.4931,0.7361,驚愕！深海のあん子 / さくらこはダムです / ポディアさま / クレリゴス子様 / リスマニア,電波姫☆いまりちゃん / さくらこはダムです / メル子大先生 / 明日香大明神 / 甲羅暮らしの201号,complete
1,1512,em-388ef9e0ef27,四番ササニキ,13,800,700,6,aoe_attack,-0.2569,-0.3339,0.4792,0.7361,四番ササニキ / さくらこはダムです / ポディアさま / クレリゴス子様 / かんと師匠,電波姫☆いまりちゃん / さくらこはダムです / メル子大先生 / 明日香大明神 / 甲羅暮らしの201号,complete
1,1513,em-06bad6d4123b,猿もの追い払いネキ,31,2556,5367,1,attack_buff,-0.2569,-0.3339,0.4792,0.7361,猿もの追い払いネキ / ペーチパイセン / ポディアさま / 電波姫☆いまりちゃん / かんと師匠,電波姫☆いまりちゃん / さくらこはダムです / メル子大先生 / 明日香大明神 / 甲羅暮らしの201号,complete
1,1514,em-a16b37d47f95,ふわふわちゃんとママ,60,6928,3520,3,skill_reduction,-0.2569,-0.3339,0.4792,0.7361,ふわふわちゃんとママ / ペーチパイセン / 人面恐竜の謎 / おあげさん / かんと師匠,電波姫☆いまりちゃん / さくらこはダムです / メル子大先生 / 明日香大明神 / 甲羅暮らしの201号,partial-skill-support
1,1515,em-580e56007ca7,今日のさだわん,5,400,400,4,damage_reduction,-0.25,-0.334,0.4861,0.7361,今日のさだわん / さくらこはダムです / ポディアさま / クレリゴス子様 / リスマニア,電波姫☆いまりちゃん / さくらこはダムです / メル子大先生 / 明日香大明神 / 甲羅暮らしの201号,complete
1,1516,em-08e0b2a57e58,高級のぼこたそ,6,400,400,4,delay,-0.25,-0.334,0.4861,0.7361,高級のぼこたそ / さくらこはダムです / ポディアさま / クレリゴス子様 / リスマニア,電波姫☆いまりちゃん / さくらこはダムです / メル子大先生 / 明日香大明神 / 甲羅暮らしの201号,partial-skill-support
1,1517,em-b5e0f2fbff78,養老のバッカス,65,6475,3408,4,revive,-0.2639,-0.3343,0.4722,0.7361,養老のバッカス / ペーチパイセン / メル子大先生 / おあげさん / ガハラさん,電波姫☆いまりちゃん / さくらこはダムです / メル子大先生 / 明日香大明神 / 甲羅暮らしの201号,complete
1,1518,em-7fa1cc0147ae,フンコロガシ,66,5453,4430,3,aoe_attack,-0.2639,-0.3343,0.4722,0.7361,フンコロガシ / ペーチパイセン / 時のプラズマ / おあげさん / ガハラさん,電波姫☆いまりちゃん / さくらこはダムです / メル子大先生 / 明日香大明神 / 甲羅暮らしの201号,complete
1,1519,em-c61b3e98a989,荒波のはたはタン,4,400,300,5,heal,-0.2569,-0.335,0.4792,0.7361,荒波のはたはタン / 一葉ちゃんは作家さん / ポディアさま / クレリゴス子様 / 頑張るハクさん,電波姫☆いまりちゃん / さくらこはダムです / メル子大先生 / 明日香大明神 / 甲羅暮らしの201号,complete
1,1520,em-9d8b6a4d2c9c,はたはタン,3,300,200,5,heal,-0.2569,-0.335,0.4792,0.7361,はたはタン / 一葉ちゃんは作家さん / ポディアさま / クレリゴス子様 / 頑張るハクさん,電波姫☆いまりちゃん / さくらこはダムです / メル子大先生 / 明日香大明神 / 甲羅暮らしの201号,complete
1,1521,em-8f2b8365e19a,翠緑のＰＬぴよ子,60,3656,3656,1,attribute_change,-0.2708,-0.3353,0.4653,0.7361,翠緑のＰＬぴよ子 / ペーチパイセン / 人面恐竜の謎 / おあげさん / かんと師匠,電波姫☆いまりちゃん / さくらこはダムです / メル子大先生 / 明日香大明神 / 甲羅暮らしの201号,complete
1,1522,em-77df113e9f3b,聖方理納,80,8350,5118,1,damage_reduction,-0.2708,-0.3353,0.4653,0.7361,聖方理納 / カナちゃん / タミちゃん / おあげさん / ガハラさん,電波姫☆いまりちゃん / さくらこはダムです / メル子大先生 / 明日香大明神 / 甲羅暮らしの201号,complete
1,1523,em-6262a008b5c9,脱力コンビあろま＆るる,38,3067,5623,2,skill_reduction,-0.2569,-0.336,0.4792,0.7361,脱力コンビあろま＆るる / ペーチパイセン / すわ子isGOD！ / ウサポワンちゃん / 頑張るハクさん,電波姫☆いまりちゃん / さくらこはダムです / メル子大先生 / 明日香大明神 / 甲羅暮らしの201号,partial-skill-support
1,1524,em-3deff3291fd4,有閑カノープス,70,5112,6816,2,attribute_change,-0.2708,-0.3365,0.4653,0.7361,有閑カノープス / ペーチパイセン / 華麗なびわ子たん / おあげさん / ガハラさん,電波姫☆いまりちゃん / さくらこはダムです / メル子大先生 / 明日香大明神 / 甲羅暮らしの201号,complete
1,1525,em-2278abfa4b17,ササニキ,8,500,300,6,aoe_attack,-0.2639,-0.3366,0.4722,0.7361,ササニキ / ペーチパイセン / ポディアさま / クレリゴス子様 / リスマニア,電波姫☆いまりちゃん / さくらこはダムです / メル子大先生 / 明日香大明神 / 甲羅暮らしの201号,complete
1,1526,em-bf60c5d7bbe5,ワイン塗れのぐっすん,39,2453,5555,1,attack_buff,-0.2569,-0.337,0.4792,0.7361,ワイン塗れのぐっすん / ペーチパイセン / すわ子isGOD！ / ウサポワンちゃん / 頑張るハクさん,電波姫☆いまりちゃん / さくらこはダムです / メル子大先生 / 明日香大明神 / 甲羅暮らしの201号,complete
1,1527,em-cfa8f59c143b,いぬやマン再び,9,500,500,7,attack_buff,-0.2639,-0.3377,0.4722,0.7361,いぬやマン再び / ペーチパイセン / ポディアさま / クレリゴス子様 / リスマニア,電波姫☆いまりちゃん / さくらこはダムです / メル子大先生 / 明日香大明神 / 甲羅暮らしの201号,complete
1,1528,em-ce8b728f96f9,ぜんまる,3,450,250,7,attack_buff,-0.2639,-0.3377,0.4722,0.7361,ぜんまる / 一葉ちゃんは作家さん / ポディアさま / クレリゴス子様 / かんと師匠,電波姫☆いまりちゃん / さくらこはダムです / メル子大先生 / 明日香大明神 / 甲羅暮らしの201号,complete
1,1529,em-63a2fe414a8a,ナナコちゃんさん,5,400,300,7,aoe_attack,-0.2639,-0.3377,0.4722,0.7361,ナナコちゃんさん / 一葉ちゃんは作家さん / ポディアさま / クレリゴス子様 / かんと師匠,電波姫☆いまりちゃん / さくらこはダムです / メル子大先生 / 明日香大明神 / 甲羅暮らしの201号,complete
1,1530,em-a02f06328adf,ゼネコン大公,60,6134,2726,2,guard,-0.2708,-0.3377,0.4653,0.7361,ゼネコン大公 / ペーチパイセン / 人面恐竜の謎 / おあげさん / かんと師匠,電波姫☆いまりちゃん / さくらこはダムです / メル子大先生 / 明日香大明神 / 甲羅暮らしの201号,complete
1,1531,em-bb7a6030ff92,さくらちゃん,6,333,333,6,attribute_change,-0.2639,-0.3388,0.4722,0.7361,さくらちゃん / 一葉ちゃんは作家さん / ポディアさま / クレリゴス子様 / zuス様とsiラ様,電波姫☆いまりちゃん / さくらこはダムです / メル子大先生 / 明日香大明神 / 甲羅暮らしの201号,complete
1,1532,em-d0338d7151d9,ネオねっつ,6,316,307,6,attribute_guard,-0.2639,-0.3388,0.4722,0.7361,ネオねっつ / 一葉ちゃんは作家さん / ポディアさま / クレリゴス子様 / zuス様とsiラ様,電波姫☆いまりちゃん / さくらこはダムです / メル子大先生 / 明日香大明神 / 甲羅暮らしの201号,complete
1,1533,em-a40959a5dd0d,耐えるよ霧子たん,13,515,465,6,revive,-0.2639,-0.3388,0.4722,0.7361,耐えるよ霧子たん / 一葉ちゃんは作家さん / ポディアさま / クレリゴス子様 / ガハラさん,電波姫☆いまりちゃん / さくらこはダムです / メル子大先生 / 明日香大明神 / 甲羅暮らしの201号,complete
1,1534,em-09abce425d92,超悦者・有砂小町,60,5453,5453,5,attribute_change,-0.2708,-0.3389,0.4653,0.7361,超悦者・有砂小町 / ペーチパイセン / すわ子isGOD！ / おあげさん / まつやマン,電波姫☆いまりちゃん / さくらこはダムです / メル子大先生 / 明日香大明神 / 甲羅暮らしの201号,complete
1,1535,em-7be7f013e14a,一矢！もりりん,8,500,300,4,attack_buff,-0.2639,-0.3398,0.4722,0.7361,一矢！もりりん / ペーチパイセン / ポディアさま / クレリゴス子様 / リスマニア,電波姫☆いまりちゃん / さくらこはダムです / メル子大先生 / 明日香大明神 / 甲羅暮らしの201号,complete
1,1536,em-2625991e40c1,恐れない幽子,11,470,510,6,revive,-0.2639,-0.3398,0.4722,0.7361,恐れない幽子 / 一葉ちゃんは作家さん / ポディアさま / クレリゴス子様 / ガハラさん,電波姫☆いまりちゃん / さくらこはダムです / メル子大先生 / 明日香大明神 / 甲羅暮らしの201号,complete
1,1537,em-4c5fdb8d93e7,新・屋久トレント,12,1550,450,5,attribute_guard,-0.2639,-0.3398,0.4722,0.7361,新・屋久トレント / 一葉ちゃんは作家さん / ポディアさま / クレリゴス子様 / ガハラさん,電波姫☆いまりちゃん / さくらこはダムです / メル子大先生 / 明日香大明神 / 甲羅暮らしの201号,complete
1,1538,em-1be59b60bcb4,アメンボ,30,2215,3919,0,attack_buff,-0.2639,-0.3398,0.4722,0.7361,アメンボ / ペーチパイセン / ポディアさま / 電波姫☆いまりちゃん / かんと師匠,電波姫☆いまりちゃん / さくらこはダムです / メル子大先生 / 明日香大明神 / 甲羅暮らしの201号,complete
1,1539,em-09a7a163b0cd,沼南ぱモーセ,38,2556,5623,2,attack_buff,-0.2639,-0.3398,0.4722,0.7361,沼南ぱモーセ / ペーチパイセン / すわ子isGOD！ / ウサポワンちゃん / 頑張るハクさん,電波姫☆いまりちゃん / さくらこはダムです / メル子大先生 / 明日香大明神 / 甲羅暮らしの201号,complete
1,1540,em-da4562cd6142,プレーン下仁田,10,500,500,4,guard,-0.2639,-0.3409,0.4722,0.7361,プレーン下仁田 / ペーチパイセン / ポディアさま / クレリゴス子様 / リスマニア,電波姫☆いまりちゃん / さくらこはダムです / メル子大先生 / 明日香大明神 / 甲羅暮らしの201号,complete
1,1541,em-9fed59290cda,ユッフィー先生,15,800,800,5,attack_buff,-0.2639,-0.3409,0.4722,0.7361,ユッフィー先生 / さくらこはダムです / ポディアさま / クレリゴス子様 / かんと師匠,電波姫☆いまりちゃん / さくらこはダムです / メル子大先生 / 明日香大明神 / 甲羅暮らしの201号,complete
1,1542,em-4090b70a0b17,さくらこちゃん,4,495,215,4,attribute_guard,-0.2639,-0.3409,0.4722,0.7361,さくらこちゃん / 一葉ちゃんは作家さん / ポディアさま / クレリゴス子様 / 頑張るハクさん,電波姫☆いまりちゃん / さくらこはダムです / メル子大先生 / 明日香大明神 / 甲羅暮らしの201号,complete
1,1543,em-337e85c2cd90,ユーコ☆スターダスト,60,6053,4354,4,revive,-0.2778,-0.3409,0.4583,0.7361,ユーコ☆スターダスト / さくらこはダムです / すわ子isGOD！ / おあげさん / ガハラさん,電波姫☆いまりちゃん / さくらこはダムです / メル子大先生 / 明日香大明神 / 甲羅暮らしの201号,complete
1,1544,em-bb2b760b2dfe,いぬやマン,6,400,400,7,attack_buff,-0.2569,-0.3419,0.4792,0.7361,いぬやマン / さくらこはダムです / ポディアさま / クレリゴス子様 / リスマニア,電波姫☆いまりちゃん / さくらこはダムです / メル子大先生 / 明日香大明神 / 甲羅暮らしの201号,complete
1,1545,em-e31de348c40b,湘南ボーイ,8,300,700,4,attack_buff,-0.2639,-0.3419,0.4722,0.7361,湘南ボーイ / ペーチパイセン / ポディアさま / クレリゴス子様 / リスマニア,電波姫☆いまりちゃん / さくらこはダムです / メル子大先生 / 明日香大明神 / 甲羅暮らしの201号,complete
1,1546,em-cc181917eaeb,無双中な宗茂さん,60,6405,4941,2,aoe_attack,-0.2778,-0.3422,0.4583,0.7361,無双中な宗茂さん / さくらこはダムです / すわ子isGOD！ / おあげさん / ガハラさん,電波姫☆いまりちゃん / さくらこはダムです / メル子大先生 / 明日香大明神 / 甲羅暮らしの201号,complete
1,1547,em-2ce242ee5866,スノーメン,5,1300,200,5,attack_buff,-0.2708,-0.3424,0.4653,0.7361,スノーメン / 一葉ちゃんは作家さん / ポディアさま / クレリゴス子様 / かんと師匠,電波姫☆いまりちゃん / さくらこはダムです / メル子大先生 / 明日香大明神 / 甲羅暮らしの201号,complete
1,1548,em-6197bad49878,水島神人,6,700,300,5,guard,-0.2569,-0.3428,0.4792,0.7361,水島神人 / さくらこはダムです / ポディアさま / クレリゴス子様 / リスマニア,電波姫☆いまりちゃん / さくらこはダムです / メル子大先生 / 明日香大明神 / 甲羅暮らしの201号,complete
1,1549,em-575ad888f045,スワン先生,5,400,380,6,skill_reduction,-0.2639,-0.3429,0.4722,0.7361,スワン先生 / 一葉ちゃんは作家さん / ポディアさま / クレリゴス子様 / かんと師匠,電波姫☆いまりちゃん / さくらこはダムです / メル子大先生 / 明日香大明神 / 甲羅暮らしの201号,partial-skill-support
1,1550,em-bb5629a7c096,安井武勇伝,5,405,395,6,guard,-0.2639,-0.3429,0.4722,0.7361,安井武勇伝 / 一葉ちゃんは作家さん / ポディアさま / クレリゴス子様 / かんと師匠,電波姫☆いまりちゃん / さくらこはダムです / メル子大先生 / 明日香大明神 / 甲羅暮らしの201号,complete
1,1551,em-e535034b31b0,吉野スライマー,5,495,305,5,guard,-0.2639,-0.3429,0.4722,0.7361,吉野スライマー / 一葉ちゃんは作家さん / ポディアさま / クレリゴス子様 / かんと師匠,電波姫☆いまりちゃん / さくらこはダムです / メル子大先生 / 明日香大明神 / 甲羅暮らしの201号,complete
1,1552,em-902bd624dbdb,パンタナルの狼男,70,5898,4260,5,revive,-0.2778,-0.3434,0.4583,0.7361,パンタナルの狼男 / ペーチパイセン / 華麗なびわ子たん / おあげさん / ガハラさん,電波姫☆いまりちゃん / さくらこはダムです / メル子大先生 / 明日香大明神 / 甲羅暮らしの201号,complete
1,1553,em-f895c0235d10,アスクとエムブラ,38,2737,4508,5,guard,-0.2708,-0.3435,0.4653,0.7361,アスクとエムブラ / ペーチパイセン / すわ子isGOD！ / ウサポワンちゃん / 頑張るハクさん,電波姫☆いまりちゃん / さくらこはダムです / メル子大先生 / 明日香大明神 / 甲羅暮らしの201号,complete
1,1554,em-22f9adeaa0c2,祈るよ霧子たん,10,405,375,7,revive,-0.2708,-0.3435,0.4653,0.7361,祈るよ霧子たん / ペーチパイセン / ポディアさま / クレリゴス子様 / リスマニア,電波姫☆いまりちゃん / さくらこはダムです / メル子大先生 / 明日香大明神 / 甲羅暮らしの201号,complete
1,1555,em-e674dd0faa0d,掘joy二号,4,400,400,6,skill_reduction,-0.2708,-0.3446,0.4653,0.7361,掘joy二号 / 一葉ちゃんは作家さん / ポディアさま / クレリゴス子様 / かんと師匠,電波姫☆いまりちゃん / さくらこはダムです / メル子大先生 / 明日香大明神 / 甲羅暮らしの201号,partial-skill-support
1,1556,em-ec4df0583391,アルパりょく,4,412,222,7,heal,-0.2708,-0.3446,0.4653,0.7361,アルパりょく / 一葉ちゃんは作家さん / ポディアさま / クレリゴス子様 / かんと師匠,電波姫☆いまりちゃん / さくらこはダムです / メル子大先生 / 明日香大明神 / 甲羅暮らしの201号,complete
1,1557,em-243b7473214e,成長期さくどん,5,410,370,7,delay,-0.2708,-0.3446,0.4653,0.7361,成長期さくどん / 一葉ちゃんは作家さん / ポディアさま / クレリゴス子様 / かんと師匠,電波姫☆いまりちゃん / さくらこはダムです / メル子大先生 / 明日香大明神 / 甲羅暮らしの201号,partial-skill-support
1,1558,em-6572f5492885,ネオニート,6,330,306,6,attribute_guard,-0.2639,-0.3449,0.4722,0.7361,ネオニート / 一葉ちゃんは作家さん / ポディアさま / クレリゴス子様 / zuス様とsiラ様,電波姫☆いまりちゃん / さくらこはダムです / メル子大先生 / 明日香大明神 / 甲羅暮らしの201号,complete
1,1559,em-4805525cb8a4,ｴﾝｾﾞﾘｯｸ☆エンゼル,60,6816,4771,3,heal,-0.2708,-0.3457,0.4653,0.7361,ｴﾝｾﾞﾘｯｸ☆エンゼル / ペーチパイセン / 人面恐竜の謎 / おあげさん / かんと師匠,電波姫☆いまりちゃん / さくらこはダムです / メル子大先生 / 明日香大明神 / 甲羅暮らしの201号,complete
1,1560,em-2d2362cea0d5,かんとさん,6,300,400,6,multi_hit_attack,-0.2708,-0.3457,0.4653,0.7361,かんとさん / 一葉ちゃんは作家さん / ポディアさま / クレリゴス子様 / zuス様とsiラ様,電波姫☆いまりちゃん / さくらこはダムです / メル子大先生 / 明日香大明神 / 甲羅暮らしの201号,complete
1,1561,em-d7e6501e0b63,ダークるる,60,4771,4771,3,damage_reduction,-0.2778,-0.3458,0.4583,0.7361,ダークるる / さくらこはダムです / すわ子isGOD！ / おあげさん / ガハラさん,電波姫☆いまりちゃん / さくらこはダムです / メル子大先生 / 明日香大明神 / 甲羅暮らしの201号,complete
1,1562,em-1d5e8b5832c0,続・いぬやマン,12,400,400,7,attack_buff,-0.2708,-0.3467,0.4653,0.7361,続・いぬやマン / 一葉ちゃんは作家さん / ポディアさま / クレリゴス子様 / ガハラさん,電波姫☆いまりちゃん / さくらこはダムです / メル子大先生 / 明日香大明神 / 甲羅暮らしの201号,complete
1,1563,em-609b9d122d32,ネオむりょく,6,168,149,6,guard,-0.2708,-0.3467,0.4653,0.7361,ネオむりょく / 一葉ちゃんは作家さん / ポディアさま / クレリゴス子様 / zuス様とsiラ様,電波姫☆いまりちゃん / さくらこはダムです / メル子大先生 / 明日香大明神 / 甲羅暮らしの201号,complete
1,1564,em-9ec6297ea6ca,バスてとにゃん,38,4260,4771,3,attack_buff,-0.2639,-0.3469,0.4722,0.7361,バスてとにゃん / ペーチパイセン / すわ子isGOD！ / ウサポワンちゃん / 頑張るハクさん,電波姫☆いまりちゃん / さくらこはダムです / メル子大先生 / 明日香大明神 / 甲羅暮らしの201号,complete
1,1565,em-b791d78202d5,英国面の本気,38,6816,1363,5,multi_hit_attack,-0.2778,-0.347,0.4583,0.7361,英国面の本気 / さくらこはダムです / すわ子isGOD！ / ウサポワンちゃん / 頑張るハクさん,電波姫☆いまりちゃん / さくらこはダムです / メル子大先生 / 明日香大明神 / 甲羅暮らしの201号,complete
1,1566,em-454ebee4a0cd,3人はフォニピュア,60,4941,3578,2,damage_reduction,-0.2778,-0.347,0.4583,0.7361,3人はフォニピュア / さくらこはダムです / すわ子isGOD！ / おあげさん / ガハラさん,電波姫☆いまりちゃん / さくらこはダムです / メル子大先生 / 明日香大明神 / 甲羅暮らしの201号,complete
1,1567,em-54cb13a72721,不思議の海のモヅルン,60,6475,4941,3,attribute_guard,-0.2778,-0.347,0.4583,0.7361,不思議の海のモヅルン / さくらこはダムです / すわ子isGOD！ / おあげさん / ガハラさん,電波姫☆いまりちゃん / さくらこはダムです / メル子大先生 / 明日香大明神 / 甲羅暮らしの201号,complete
1,1568,em-95d137a7328a,バス・スミスくん,6,900,200,5,attribute_guard,-0.2639,-0.3478,0.4722,0.7361,バス・スミスくん / さくらこはダムです / ポディアさま / クレリゴス子様 / リスマニア,電波姫☆いまりちゃん / さくらこはダムです / メル子大先生 / 明日香大明神 / 甲羅暮らしの201号,complete
1,1569,em-3bdc05dce56c,シャボテンコンビ,14,600,800,6,revive,-0.2708,-0.3478,0.4653,0.7361,シャボテンコンビ / さくらこはダムです / ポディアさま / クレリゴス子様 / かんと師匠,電波姫☆いまりちゃん / さくらこはダムです / メル子大先生 / 明日香大明神 / 甲羅暮らしの201号,complete
1,1570,em-525fc1b65a26,吉野スライム,4,411,209,5,guard,-0.2708,-0.3478,0.4653,0.7361,吉野スライム / 一葉ちゃんは作家さん / ポディアさま / クレリゴス子様 / 頑張るハクさん,電波姫☆いまりちゃん / さくらこはダムです / メル子大先生 / 明日香大明神 / 甲羅暮らしの201号,complete
1,1571,em-c25db2f5b4ff,メルヘン☆グリ子,80,9202,3748,4,damage_reduction,-0.2778,-0.3481,0.4583,0.7361,メルヘン☆グリ子 / カナちゃん / タミちゃん / おあげさん / ガハラさん,電波姫☆いまりちゃん / さくらこはダムです / メル子大先生 / 明日香大明神 / 甲羅暮らしの201号,complete
1,1572,em-1749aff71419,ミシャグジさまさま,60,6986,3578,2,attack_buff,-0.2778,-0.3481,0.4583,0.7361,ミシャグジさまさま / さくらこはダムです / すわ子isGOD！ / おあげさん / ガハラさん,電波姫☆いまりちゃん / さくらこはダムです / メル子大先生 / 明日香大明神 / 甲羅暮らしの201号,complete
1,1573,em-ff810b867f16,改革！鷹山先生,13,490,390,6,delay,-0.2778,-0.3493,0.4583,0.7361,改革！鷹山先生 / ペーチパイセン / ポディアさま / クレリゴス子様 / 頑張るハクさん,電波姫☆いまりちゃん / さくらこはダムです / メル子大先生 / 明日香大明神 / 甲羅暮らしの201号,partial-skill-support
1,1574,em-2e5137a70580,やまとーる君,6,600,300,7,damage_reduction,-0.2639,-0.3497,0.4722,0.7361,やまとーる君 / さくらこはダムです / ポディアさま / クレリゴス子様 / リスマニア,電波姫☆いまりちゃん / さくらこはダムです / メル子大先生 / 明日香大明神 / 甲羅暮らしの201号,complete
1,1575,em-98054d952da8,ニート達の日常。,21,2968,296,3,delay,-0.2708,-0.3498,0.4653,0.7361,ニート達の日常。 / さくらこはダムです / ポディアさま / クレリゴス子様 / ガハラさん,電波姫☆いまりちゃん / さくらこはダムです / メル子大先生 / 明日香大明神 / 甲羅暮らしの201号,partial-skill-support
1,1576,em-5aedbdf577ac,霧子たん,7,312,300,8,revive,-0.2708,-0.3498,0.4653,0.7361,霧子たん / さくらこはダムです / ポディアさま / クレリゴス子様 / リスマニア,電波姫☆いまりちゃん / さくらこはダムです / メル子大先生 / 明日香大明神 / 甲羅暮らしの201号,complete
1,1577,em-901f5531754f,伊予まぁつぁん,6,1000,400,5,skill_reduction,-0.2708,-0.3498,0.4653,0.7361,伊予まぁつぁん / さくらこはダムです / ポディアさま / クレリゴス子様 / リスマニア,電波姫☆いまりちゃん / さくらこはダムです / メル子大先生 / 明日香大明神 / 甲羅暮らしの201号,partial-skill-support
1,1578,em-24bc93c4e1b7,アルパカの可能性,7,900,380,5,heal,-0.2708,-0.3498,0.4653,0.7361,アルパカの可能性 / さくらこはダムです / ポディアさま / クレリゴス子様 / リスマニア,電波姫☆いまりちゃん / さくらこはダムです / メル子大先生 / 明日香大明神 / 甲羅暮らしの201号,complete
1,1579,em-11cceded3ad2,創造主・アヌンナキ,70,4260,5964,3,damage_reduction,-0.2847,-0.3503,0.4514,0.7361,創造主・アヌンナキ / ペーチパイセン / 華麗なびわ子たん / おあげさん / ガハラさん,電波姫☆いまりちゃん / さくらこはダムです / メル子大先生 / 明日香大明神 / 甲羅暮らしの201号,complete
1,1580,em-e84c5851ba6b,地下大河のルーシー,73,7668,2641,1,attack_buff,-0.2708,-0.3508,0.4653,0.7361,地下大河のルーシー / ペーチパイセン / たけしマン / おあげさん / ガハラさん,電波姫☆いまりちゃん / さくらこはダムです / メル子大先生 / 明日香大明神 / 甲羅暮らしの201号,complete
1,1581,em-48b5d909c409,南紀な白良さん,15,800,800,4,attack_buff,-0.2778,-0.3515,0.4583,0.7361,南紀な白良さん / ペーチパイセン / ポディアさま / クレリゴス子様 / 頑張るハクさん,電波姫☆いまりちゃん / さくらこはダムです / メル子大先生 / 明日香大明神 / 甲羅暮らしの201号,complete
1,1582,em-da18dad9d936,もけーれ！ムベちゃん,53,2896,6475,4,multi_hit_attack,-0.2847,-0.3527,0.4514,0.7361,もけーれ！ムベちゃん / ペーチパイセン / すわ子isGOD！ / おあげさん / 頑張るハクさん,電波姫☆いまりちゃん / さくらこはダムです / メル子大先生 / 明日香大明神 / 甲羅暮らしの201号,complete
1,1583,em-32ef1535a66a,ハバキたん,60,6816,4260,3,damage_reduction,-0.2778,-0.3536,0.4583,0.7361,ハバキたん / ペーチパイセン / 人面恐竜の謎 / おあげさん / かんと師匠,電波姫☆いまりちゃん / さくらこはダムです / メル子大先生 / 明日香大明神 / 甲羅暮らしの201号,complete
1,1584,em-32f5c4968406,正月カナちゃん。,66,5282,5282,6,revive,-0.2847,-0.3539,0.4514,0.7361,正月カナちゃん。 / ペーチパイセン / 時のプラズマ / おあげさん / ガハラさん,電波姫☆いまりちゃん / さくらこはダムです / メル子大先生 / 明日香大明神 / 甲羅暮らしの201号,complete
1,1585,em-96c8b7af6f5c,ネギtheダーウィン,30,5112,0,5,attribute_change,-0.2847,-0.355,0.4514,0.7361,ネギtheダーウィン / ペーチパイセン / ポディアさま / 電波姫☆いまりちゃん / かんと師匠,電波姫☆いまりちゃん / さくらこはダムです / メル子大先生 / 明日香大明神 / 甲羅暮らしの201号,complete
1,1586,em-e0ae1e287b90,春のお兄さん,80,9202,5793,2,attribute_change,-0.2847,-0.355,0.4514,0.7361,春のお兄さん / カナちゃん / タミちゃん / おあげさん / ガハラさん,電波姫☆いまりちゃん / さくらこはダムです / メル子大先生 / 明日香大明神 / 甲羅暮らしの201号,complete
1,1587,em-4aa5c06abdbe,クサギカメムシ,70,5589,3493,5,multi_hit_attack,-0.2917,-0.3559,0.4444,0.7361,クサギカメムシ / ペーチパイセン / 華麗なびわ子たん / おあげさん / ガハラさん,電波姫☆いまりちゃん / さくらこはダムです / メル子大先生 / 明日香大明神 / 甲羅暮らしの201号,complete
1,1588,em-c2c77765050a,赤銅とげぬきさん,7,400,400,6,revive,-0.2778,-0.3567,0.4583,0.7361,赤銅とげぬきさん / さくらこはダムです / ポディアさま / クレリゴス子様 / リスマニア,電波姫☆いまりちゃん / さくらこはダムです / メル子大先生 / 明日香大明神 / 甲羅暮らしの201号,complete
1,1589,em-bffb26ad3975,アイヌ☆らっくるん,60,2896,6645,2,attack_buff,-0.2847,-0.3583,0.4514,0.7361,アイヌ☆らっくるん / さくらこはダムです / すわ子isGOD！ / おあげさん / ガハラさん,電波姫☆いまりちゃん / さくらこはダムです / メル子大先生 / 明日香大明神 / 甲羅暮らしの201号,complete
1,1590,em-29be2edf2271,餅子・ﾏｰﾒｲﾄﾞｽﾀｲﾙ,60,4797,5308,5,damage_reduction,-0.2917,-0.3584,0.4444,0.7361,餅子・ﾏｰﾒｲﾄﾞｽﾀｲﾙ / さくらこはダムです / すわ子isGOD！ / おあげさん / ガハラさん,電波姫☆いまりちゃん / さくらこはダムです / メル子大先生 / 明日香大明神 / 甲羅暮らしの201号,complete
1,1591,em-5e492c884ca0,三貴子素戔嗚,75,8946,6475,5,multi_hit_attack,-0.2917,-0.3607,0.4444,0.7361,三貴子素戔嗚 / ペーチパイセン / フク先生 / おあげさん / ガハラさん,電波姫☆いまりちゃん / さくらこはダムです / メル子大先生 / 明日香大明神 / 甲羅暮らしの201号,complete
1,1592,em-9c9f188ea0a8,やる気勢ナルテュール,56,1704,7838,6,attack_buff,-0.2917,-0.3607,0.4444,0.7361,やる気勢ナルテュール / ペーチパイセン / メル子大先生 / おあげさん / 頑張るハクさん,電波姫☆いまりちゃん / さくらこはダムです / メル子大先生 / 明日香大明神 / 甲羅暮らしの201号,complete
1,1593,em-c7088988ea18,ガンギマリのメル先生,12,597,341,5,multi_hit_attack,-0.2847,-0.3615,0.4514,0.7361,ガンギマリのメル先生 / 一葉ちゃんは作家さん / ポディアさま / クレリゴス子様 / ガハラさん,電波姫☆いまりちゃん / さくらこはダムです / メル子大先生 / 明日香大明神 / 甲羅暮らしの201号,complete
1,1594,em-ba09169b5b3d,あまのちゃん,12,300,200,4,multi_hit_attack,-0.2847,-0.3615,0.4514,0.7361,あまのちゃん / 一葉ちゃんは作家さん / ポディアさま / クレリゴス子様 / ガハラさん,電波姫☆いまりちゃん / さくらこはダムです / メル子大先生 / 明日香大明神 / 甲羅暮らしの201号,complete
1,1595,em-bc5f259cf576,まさか殿(微マジ),60,5453,6305,7,multi_hit_attack,-0.2917,-0.3619,0.4444,0.7361,まさか殿(微マジ) / さくらこはダムです / すわ子isGOD！ / おあげさん / ガハラさん,電波姫☆いまりちゃん / さくらこはダムです / メル子大先生 / 明日香大明神 / 甲羅暮らしの201号,complete
1,1596,em-d0ce0f8b817c,あまのさんちゃん,17,600,300,4,multi_hit_attack,-0.2917,-0.3652,0.4444,0.7361,あまのさんちゃん / ペーチパイセン / ポディアさま / クレリゴス子様 / 頑張るハクさん,電波姫☆いまりちゃん / さくらこはダムです / メル子大先生 / 明日香大明神 / 甲羅暮らしの201号,complete
1,1597,em-73652bbd630f,ツノザヤ君とｱｲｺﾃﾞｼｮ,60,2044,5112,0,damage_reduction,-0.2986,-0.3664,0.4375,0.7361,ツノザヤ君とｱｲｺﾃﾞｼｮ / さくらこはダムです / すわ子isGOD！ / おあげさん / ガハラさん,電波姫☆いまりちゃん / さくらこはダムです / メル子大先生 / 明日香大明神 / 甲羅暮らしの201号,complete
1,1598,em-70a9a07ea8d9,うさ☆八幡さま,60,5964,5964,6,delay,-0.2986,-0.3676,0.4375,0.7361,うさ☆八幡さま / さくらこはダムです / すわ子isGOD！ / おあげさん / ガハラさん,電波姫☆いまりちゃん / さくらこはダムです / メル子大先生 / 明日香大明神 / 甲羅暮らしの201号,partial-skill-support
1,1599,em-fe83938fa13c,金魚姫の蘭子さん,60,3834,5964,5,attribute_guard,-0.2986,-0.3676,0.4375,0.7361,金魚姫の蘭子さん / さくらこはダムです / すわ子isGOD！ / おあげさん / ガハラさん,電波姫☆いまりちゃん / さくらこはダムです / メル子大先生 / 明日香大明神 / 甲羅暮らしの201号,complete
1,1600,em-af9542637cdd,群れを成すサルパ,28,5453,756,2,multi_hit_attack,-0.2986,-0.3676,0.4375,0.7361,群れを成すサルパ / さくらこはダムです / ポディアさま / 電波姫☆いまりちゃん / かんと師匠,電波姫☆いまりちゃん / さくらこはダムです / メル子大先生 / 明日香大明神 / 甲羅暮らしの201号,complete
1,1601,em-6a50fe1ba475,青き春の酔竜,70,2556,7668,3,attack_buff,-0.2986,-0.3687,0.4375,0.7361,青き春の酔竜 / ペーチパイセン / 華麗なびわ子たん / おあげさん / ガハラさん,電波姫☆いまりちゃん / さくらこはダムです / メル子大先生 / 明日香大明神 / 甲羅暮らしの201号,complete
1,1602,em-7d5a30231904,「ふ」じゃなくてふゅーま,60,4260,2556,0,attribute_change,-0.3125,-0.38,0.4236,0.7361,「ふ」じゃなくてふゅーま / さくらこはダムです / すわ子isGOD！ / おあげさん / ガハラさん,電波姫☆いまりちゃん / さくらこはダムです / メル子大先生 / 明日香大明神 / 甲羅暮らしの201号,complete
1,1603,em-f47697209ae1,メルっ子☆メルルン,60,4856,5538,2,skill_reduction,-0.3125,-0.38,0.4236,0.7361,メルっ子☆メルルン / ペーチパイセン / 人面恐竜の謎 / おあげさん / かんと師匠,電波姫☆いまりちゃん / さくらこはダムです / メル子大先生 / 明日香大明神 / 甲羅暮らしの201号,partial-skill-support
1,1604,em-2a5e6ca1207c,ケーンクラちゃん,81,9713,4089,6,damage_reduction,-0.3125,-0.38,0.4236,0.7361,ケーンクラちゃん / どんこ太郎 / タミちゃん / おあげさん / ガハラさん,電波姫☆いまりちゃん / さくらこはダムです / メル子大先生 / 明日香大明神 / 甲羅暮らしの201号,complete
1,1605,em-7ba25345ffb0,シーさま,60,4601,4601,3,delay,-0.3125,-0.3812,0.4236,0.7361,シーさま / さくらこはダムです / すわ子isGOD！ / おあげさん / ガハラさん,電波姫☆いまりちゃん / さくらこはダムです / メル子大先生 / 明日香大明神 / 甲羅暮らしの201号,partial-skill-support
1,1606,em-05c5072dc080,橘の元祖☆みっちー,75,9798,4515,4,skill_reduction,-0.3125,-0.3823,0.4236,0.7361,橘の元祖☆みっちー / ペーチパイセン / たけしマン / おあげちゃん / ガハラさん,電波姫☆いまりちゃん / さくらこはダムです / メル子大先生 / 明日香大明神 / 甲羅暮らしの201号,partial-skill-support
1,1607,em-e795d2bbe2f0,北政所ねね様,60,5623,4601,3,attribute_guard,-0.3056,-0.3831,0.4306,0.7361,北政所ねね様 / ペーチパイセン / 人面恐竜の謎 / おあげさん / 頑張るハクさん,電波姫☆いまりちゃん / さくらこはダムです / メル子大先生 / 明日香大明神 / 甲羅暮らしの201号,complete
1,1608,em-0984e8e9ee06,加賀のカブキ者,60,4430,6816,2,attack_buff,-0.3125,-0.3835,0.4236,0.7361,加賀のカブキ者 / さくらこはダムです / すわ子isGOD！ / おあげさん / ガハラさん,電波姫☆いまりちゃん / さくらこはダムです / メル子大先生 / 明日香大明神 / 甲羅暮らしの201号,complete
1,1609,em-f9fcb91b983d,アエネウスと弟くん,60,4175,4175,0,damage_reduction,-0.3125,-0.3835,0.4236,0.7361,アエネウスと弟くん / さくらこはダムです / すわ子isGOD！ / おあげさん / ガハラさん,電波姫☆いまりちゃん / さくらこはダムです / メル子大先生 / 明日香大明神 / 甲羅暮らしの201号,complete
1,1610,em-48fc0bb31337,踊る☆なまずおじさん,60,5793,2130,3,damage_reduction,-0.3125,-0.3868,0.4236,0.7361,踊る☆なまずおじさん / さくらこはダムです / すわ子isGOD！ / おあげさん / ガハラさん,電波姫☆いまりちゃん / さくらこはダムです / メル子大先生 / 明日香大明神 / 甲羅暮らしの201号,complete
1,1611,em-f7f78d464e92,ウミウサーヌ,60,3408,4601,3,guard,-0.3194,-0.388,0.4167,0.7361,ウミウサーヌ / さくらこはダムです / すわ子isGOD！ / おあげさん / ガハラさん,電波姫☆いまりちゃん / さくらこはダムです / メル子大先生 / 明日香大明神 / 甲羅暮らしの201号,complete
1,1612,em-4c03ad40dce9,源のゴライコー,75,7923,6390,4,attack_buff,-0.3125,-0.3889,0.4236,0.7361,源のゴライコー / ペーチパイセン / フク先生 / おあげさん / ガハラさん,電波姫☆いまりちゃん / さくらこはダムです / メル子大先生 / 明日香大明神 / 甲羅暮らしの201号,complete
1,1613,em-a06f040c9490,冬の加奈多パレード,80,9542,5282,2,attack_buff,-0.3125,-0.39,0.4236,0.7361,冬の加奈多パレード / どんこ太郎 / フク先生 / おあげさん / ガハラさん,電波姫☆いまりちゃん / さくらこはダムです / メル子大先生 / 明日香大明神 / 甲羅暮らしの201号,complete
1,1614,em-a6fe320c7afa,戸隠忍者はハント中,31,937,5027,1,attack_buff,-0.3194,-0.3947,0.4167,0.7361,戸隠忍者はハント中 / ペーチパイセン / ポディアさま / 電波姫☆いまりちゃん / かんと師匠,電波姫☆いまりちゃん / さくらこはダムです / メル子大先生 / 明日香大明神 / 甲羅暮らしの201号,complete
1,1615,em-fae18e323cb5,美観之介曳山ん太郎,23,2194,1597,5,aoe_attack,-0.3264,-0.3993,0.4097,0.7361,美観之介曳山ん太郎 / 一葉ちゃんは作家さん / ポディアさま / しずこ大先生 / 頑張るハクさん,電波姫☆いまりちゃん / さくらこはダムです / メル子大先生 / 明日香大明神 / 甲羅暮らしの201号,complete
1,1616,em-eec45136fb23,鋼の肝臓を持つ童子,60,1704,7497,4,revive,-0.3333,-0.4015,0.4028,0.7361,鋼の肝臓を持つ童子 / さくらこはダムです / すわ子isGOD！ / おあげさん / ガハラさん,電波姫☆いまりちゃん / さくらこはダムです / メル子大先生 / 明日香大明神 / 甲羅暮らしの201号,complete
1,1617,em-0e376d1892df,メネリくん一世,72,6134,3067,4,guard,-0.3333,-0.4049,0.4028,0.7361,メネリくん一世 / ペーチパイセン / たけしマン / おあげさん / ガハラさん,電波姫☆いまりちゃん / さくらこはダムです / メル子大先生 / 明日香大明神 / 甲羅暮らしの201号,complete
1,1618,em-879de0bb662d,渦巻王ナルテュール,66,1704,6134,6,multi_hit_attack,-0.3333,-0.4061,0.4028,0.7361,渦巻王ナルテュール / ペーチパイセン / 時のプラズマ / おあげさん / ガハラさん,電波姫☆いまりちゃん / さくらこはダムです / メル子大先生 / 明日香大明神 / 甲羅暮らしの201号,complete
1,1619,em-2f36c9341591,☆龍神☆尊氏様,85,9372,5623,2,multi_hit_attack,-0.3472,-0.4173,0.3889,0.7361,☆龍神☆尊氏様 / どんこ太郎 / タミちゃん / のり男 / ガハラさん,電波姫☆いまりちゃん / さくらこはダムです / メル子大先生 / 明日香大明神 / 甲羅暮らしの201号,complete
1,1620,em-872b1096af45,アシナガ,80,3748,6816,1,attack_buff,-0.3542,-0.424,0.3819,0.7361,アシナガ / どんこ太郎 / フク先生 / おあげさん / ガハラさん,電波姫☆いまりちゃん / さくらこはダムです / メル子大先生 / 明日香大明神 / 甲羅暮らしの201号,complete
1,1621,em-60119eda4c9c,猿田彦大先輩,80,7838,7157,5,attack_buff,-0.3611,-0.433,0.375,0.7361,猿田彦大先輩 / どんこ太郎 / フク先生 / おあげさん / ガハラさん,電波姫☆いまりちゃん / さくらこはダムです / メル子大先生 / 明日香大明神 / 甲羅暮らしの201号,complete
1,1622,em-0454ff15fbd8,米倉英夫(ゆる),55,1,1,55,attribute_change,-0.3611,-0.4352,0.375,0.7361,米倉英夫(ゆる) / ペーチパイセン / すわ子isGOD！ / 明日香大明神 / zuス様とsiラ様,電波姫☆いまりちゃん / さくらこはダムです / メル子大先生 / 明日香大明神 / 甲羅暮らしの201号,complete
1,1623,em-7fe5a2875793,米倉英子(大学生),55,1,1,555,attack_buff,-0.3611,-0.4352,0.375,0.7361,米倉英子(大学生) / ペーチパイセン / すわ子isGOD！ / 明日香大明神 / zuス様とsiラ様,電波姫☆いまりちゃん / さくらこはダムです / メル子大先生 / 明日香大明神 / 甲羅暮らしの201号,complete
1,1624,em-5c3bfcbbd109,ネギさん,80,4260,4260,500,attack_buff,-0.3819,-0.4495,0.3542,0.7361,ネギさん / どんこ太郎 / フク先生 / おあげさん / ガハラさん,電波姫☆いまりちゃん / さくらこはダムです / メル子大先生 / 明日香大明神 / 甲羅暮らしの201号,complete
1,1625,em-b2125332555b,呵々Doの閑雅・ルー,85,9883,4771,5,guard,-0.3889,-0.4596,0.3472,0.7361,呵々Doの閑雅・ルー / どんこ太郎 / タミちゃん / のり男 / ガハラさん,電波姫☆いまりちゃん / さくらこはダムです / メル子大先生 / 明日香大明神 / 甲羅暮らしの201号,complete
1,1626,em-0277eca3d9cf,ゆる神の像＆ピヨか？,60,426,511,3,guard,-0.3889,-0.4702,0.3472,0.7361,ゆる神の像＆ピヨか？ / ペーチパイセン / 人面恐竜の謎 / おあげさん / かんと師匠,電波姫☆いまりちゃん / さくらこはダムです / メル子大先生 / 明日香大明神 / 甲羅暮らしの201号,complete
1,1627,em-0ee8cd6c9dab,黄金時代！K・ワンダー,60,3,3,1,multi_hit_attack,-0.4028,-0.4751,0.3333,0.7361,黄金時代！K・ワンダー / さくらこはダムです / すわ子isGOD！ / おあげさん / ガハラさん,電波姫☆いまりちゃん / さくらこはダムです / メル子大先生 / 明日香大明神 / 甲羅暮らしの201号,complete
1,1628,em-5c8b9af61816,ぴっよコイン先生,60,1111,1111,12,damage_reduction,-0.4167,-0.4905,0.3194,0.7361,ぴっよコイン先生 / ペーチパイセン / 人面恐竜の謎 / おあげさん / かんと師匠,電波姫☆いまりちゃん / さくらこはダムです / メル子大先生 / 明日香大明神 / 甲羅暮らしの201号,complete
1,1629,em-eb4ef5fa8f2f,応援ぴよ子団長,60,1111,1111,12,attack_buff,-0.4167,-0.4905,0.3194,0.7361,応援ぴよ子団長 / ペーチパイセン / 人面恐竜の謎 / おあげさん / かんと師匠,電波姫☆いまりちゃん / さくらこはダムです / メル子大先生 / 明日香大明神 / 甲羅暮らしの201号,complete
1,1630,em-22f9d46fe6f4,ウサウサ八幡,88,10872,5964,6,skill_reduction,-1,-1,,,,,no-include-deck
1,1631,em-404f12535630,祇園祭の素戔嗚さま,88,5964,6390,2,multi_hit_attack,-1,-1,,,,,no-include-deck
1,1632,em-523af93f71e3,神田祭らーの集い,88,5027,6901,4,aoe_attack,-1,-1,,,,,no-include-deck
1,1633,em-5e67f5f55234,?????,88,10224,4941,5,attack_buff,-1,-1,,,,,no-include-deck
1,1634,em-a78326864213,発音王・S・サイアン,88,10650,6560,8,attack_buff,-1,-1,,,,,no-include-deck
1,1635,em-daac43f51729,四悪妖・鵺,88,9542,5964,1,attribute_change,-1,-1,,,,,no-include-deck
1,1636,em-de301e40803c,どうしんフェス様,88,6816,4515,5,heal,-1,-1,,,,,no-include-deck
1,1637,em-ef36b9b34984,外道丸☆酒呑童子,88,8179,7668,4,revive,-1,-1,,,,,no-include-deck
1,1638,em-9c0c703673c5,突撃ジャンヌさん,90,7668,6475,1,multi_hit_attack,-1,-1,,,,,no-include-deck
1,1639,em-9445cdb23342,ハビリスさん,94,10319,5207,0,heal,-1,-1,,,,,no-include-deck
1,1640,em-4d4a6386f8f8,九周年ぴよ子,99,6815,5111,5,guard,-1,-1,,,,,no-include-deck
1,1641,em-0c2d5864e3da,グルグルなたまご,100,1,1,100,delay,-1,-1,,,,,no-include-deck
1,1642,em-0c70f71e4c1a,ルナのたまご,100,1,1,999,attack_buff,-1,-1,,,,,no-include-deck
1,1643,em-207f3b89da64,ピンギヌスのたまご,100,1,1,1,damage_reduction,-1,-1,,,,,no-include-deck
1,1644,em-4ee2ea427154,タルタルなたまご,100,1,1,12,attribute_change,-1,-1,,,,,no-include-deck
1,1645,em-53ece7a43871,キステチスのたまご,100,1,1,40,guard,-1,-1,,,,,no-include-deck
1,1646,em-6eed78e1fe62,リア充の権化安倍晴明,100,6782,6271,3,heal,-1,-1,,,,,no-include-deck
1,1647,em-a85045965911,まさか殿(マジ),100,7463,6628,3,attack_buff,-1,-1,,,,,no-include-deck
1,1648,em-f33de53ee597,遊無給(ニート)な小町,100,7327,5623,3,attack_buff,-1,-1,,,,,no-include-deck
2,1,em-c67ab163f5d6,さくらこはダムです,12,2092,735,1,attribute_guard,0.0069,-0.0557,0.7361,0.7292,電波姫☆いまりちゃん / さくらこはダムです / メル子大先生 / 明日香大明神 / 甲羅暮らしの201号,スクナクナクナクス / ペーチパイセン / メル子大先生 / 明日香大明神 / ロータス先輩,complete
2,2,em-f203cae3d671,ペーチパイセン,9,1974,1100,1,attack_buff,-0.0069,-0.0696,0.7292,0.7361,スクナクナクナクス / ペーチパイセン / メル子大先生 / 明日香大明神 / ロータス先輩,電波姫☆いまりちゃん / さくらこはダムです / メル子大先生 / 明日香大明神 / 甲羅暮らしの201号,complete
2,3,em-06ed1eae98fc,ソンな福ちゃん,31,3377,3377,1,attribute_change,-0.0139,-0.0832,0.7222,0.7361,電波姫☆いまりちゃん / ソンな福ちゃん / 時のプラズマ / 明日香大明神 / ロータス先輩,電波姫☆いまりちゃん / さくらこはダムです / メル子大先生 / 明日香大明神 / 甲羅暮らしの201号,complete
2,4,em-5cd1890be20b,イーネちゃんの舟屋,41,3748,4771,1,guard,-0.0347,-0.1033,0.7014,0.7361,ハラショー☆ビッツェ / イーネちゃんの舟屋 / すわ子isGOD！ / 明日香大明神 / ロータス先輩,電波姫☆いまりちゃん / さくらこはダムです / メル子大先生 / 明日香大明神 / 甲羅暮らしの201号,complete
2,5,em-241f8506970c,一葉ちゃんは作家さん,23,3220,1250,1,multi_hit_attack,-0.0417,-0.1046,0.6944,0.7361,休憩。蟹男 / 一葉ちゃんは作家さん / メル子大先生 / 明日香大明神 / ロータス先輩,電波姫☆いまりちゃん / さくらこはダムです / メル子大先生 / 明日香大明神 / 甲羅暮らしの201号,complete
2,6,em-d8d31c9ea612,どんこ太郎,4,312,300,2,heal,-0.0556,-0.1115,0.6806,0.7361,電波姫☆いまりちゃん / どんこ太郎 / メル子大先生 / 明日香大明神 / 水蛭子リターンズ,電波姫☆いまりちゃん / さくらこはダムです / メル子大先生 / 明日香大明神 / 甲羅暮らしの201号,complete
2,7,em-9b4f5ff97dee,モスウーマン師匠,47,6390,4345,2,attribute_change,-0.0417,-0.1119,0.6944,0.7361,ハラショー☆ビッツェ / モスウーマン師匠 / 時のプラズマ / 明日香大明神 / ロータス先輩,電波姫☆いまりちゃん / さくらこはダムです / メル子大先生 / 明日香大明神 / 甲羅暮らしの201号,complete
2,8,em-4a6f3bc3bbfb,けるるんぱさらん,16,906,1884,1,attack_buff,-0.0556,-0.117,0.6806,0.7361,ハラショー☆ビッツェ / けるるんぱさらん / ポディアさま / クレリゴス子様 / zuス様とsiラ様,電波姫☆いまりちゃん / さくらこはダムです / メル子大先生 / 明日香大明神 / 甲羅暮らしの201号,complete
2,9,em-418076b2d218,イシマンガリソ先輩,42,5367,3067,1,attribute_guard,-0.0486,-0.1193,0.6875,0.7361,ハラショー☆ビッツェ / イシマンガリソ先輩 / すわ子isGOD！ / 明日香大明神 / ロータス先輩,電波姫☆いまりちゃん / さくらこはダムです / メル子大先生 / 明日香大明神 / 甲羅暮らしの201号,complete
2,10,em-192a5247d83c,マサムネーダー,32,3919,5112,2,attribute_change,-0.0625,-0.1204,0.6736,0.7361,電波姫☆いまりちゃん / マサムネーダー / 時のプラズマ / 明日香大明神 / ロータス先輩,電波姫☆いまりちゃん / さくらこはダムです / メル子大先生 / 明日香大明神 / 甲羅暮らしの201号,complete
2,11,em-361f82120d03,オイボくん,40,6645,2556,2,attack_buff,-0.0556,-0.13,0.6806,0.7361,ハラショー☆ビッツェ / オイボくん / すわ子isGOD！ / 明日香大明神 / ロータス先輩,電波姫☆いまりちゃん / さくらこはダムです / メル子大先生 / 明日香大明神 / 甲羅暮らしの201号,complete
2,12,em-cdd2ac5f0a12,クイーンなコンク様,44,3578,2385,1,damage_reduction,-0.0625,-0.1329,0.6736,0.7361,ハラショー☆ビッツェ / クイーンなコンク様 / すわ子isGOD！ / 明日香大明神 / ロータス先輩,電波姫☆いまりちゃん / さくらこはダムです / メル子大先生 / 明日香大明神 / 甲羅暮らしの201号,complete
2,13,em-30e2f325f3af,尾索戦隊ｻﾙﾊﾟﾝｼﾞｬｰ,28,4907,1022,2,multi_hit_attack,-0.0694,-0.1331,0.6667,0.7361,電波姫☆いまりちゃん / 尾索戦隊ｻﾙﾊﾟﾝｼﾞｬｰ / メル子大先生 / 明日香大明神 / ロータス先輩,電波姫☆いまりちゃん / さくらこはダムです / メル子大先生 / 明日香大明神 / 甲羅暮らしの201号,complete
2,14,em-a22cc3bfaf50,ミッシェル・もなむー,45,5623,3748,2,multi_hit_attack,-0.0764,-0.1339,0.6597,0.7361,ハラショー☆ビッツェ / ミッシェル・もなむー / メル子大先生 / 明日香大明神 / ロータス先輩,電波姫☆いまりちゃん / さくらこはダムです / メル子大先生 / 明日香大明神 / 甲羅暮らしの201号,complete
2,15,em-a44b56d26d84,聖夜の又マタドーるん,45,3919,4260,1,damage_reduction,-0.0833,-0.1427,0.6528,0.7361,ハラショー☆ビッツェ / 聖夜の又マタドーるん / メル子大先生 / 明日香大明神 / ロータス先輩,電波姫☆いまりちゃん / さくらこはダムです / メル子大先生 / 明日香大明神 / 甲羅暮らしの201号,complete
2,16,em-1f563ca1152b,キューバのラムちゃん,47,4703,4703,2,heal,-0.0764,-0.143,0.6597,0.7361,ハラショー☆ビッツェ / キューバのラムちゃん / 時のプラズマ / 明日香大明神 / ロータス先輩,電波姫☆いまりちゃん / さくらこはダムです / メル子大先生 / 明日香大明神 / 甲羅暮らしの201号,complete
2,17,em-9b91966bad2f,顕花植物王熊ぐっすん,9,622,1781,2,attack_buff,-0.0764,-0.1442,0.6597,0.7361,ハラショー☆ビッツェ / 顕花植物王熊ぐっすん / ポディアさま / クレリゴス子様 / ロータス先輩,電波姫☆いまりちゃん / さくらこはダムです / メル子大先生 / 明日香大明神 / 甲羅暮らしの201号,complete
2,18,em-7b7bc6faa9ba,パティは実況勢,41,5623,3352,2,damage_reduction,-0.0764,-0.1465,0.6597,0.7361,ハラショー☆ビッツェ / パティは実況勢 / すわ子isGOD！ / 明日香大明神 / ロータス先輩,電波姫☆いまりちゃん / さくらこはダムです / メル子大先生 / 明日香大明神 / 甲羅暮らしの201号,complete
2,19,em-d07cd0c8b0b0,二条城☆浴衣モード,19,2656,2495,1,attribute_guard,-0.0833,-0.1479,0.6528,0.7361,ハラショー☆ビッツェ / 二条城☆浴衣モード / ポディアさま / クレリゴス子様 / ガハラさん,電波姫☆いまりちゃん / さくらこはダムです / メル子大先生 / 明日香大明神 / 甲羅暮らしの201号,complete
2,20,manual-nijo-yukata-mode,二条嬢☆浴衣モード,19,2656,2495,1,attribute_guard,-0.0833,-0.1479,0.6528,0.7361,ハラショー☆ビッツェ / 二条嬢☆浴衣モード / ポディアさま / クレリゴス子様 / ガハラさん,電波姫☆いまりちゃん / さくらこはダムです / メル子大先生 / 明日香大明神 / 甲羅暮らしの201号,complete
2,21,em-2f92f911f129,ICHIKIの音楽祭,45,4601,2044,2,aoe_attack,-0.0903,-0.1501,0.6458,0.7361,ハラショー☆ビッツェ / ICHIKIの音楽祭 / すわ子isGOD！ / 明日香大明神 / ロータス先輩,電波姫☆いまりちゃん / さくらこはダムです / メル子大先生 / 明日香大明神 / 甲羅暮らしの201号,complete
2,22,em-fa3191833d67,エヴァン,28,3381,2776,2,damage_reduction,-0.0903,-0.1514,0.6458,0.7361,電波姫☆いまりちゃん / エヴァン / メル子大先生 / 明日香大明神 / ロータス先輩,電波姫☆いまりちゃん / さくらこはダムです / メル子大先生 / 明日香大明神 / 甲羅暮らしの201号,complete
2,23,em-6b4baf5a6b1b,ＫＫマリテレ様,51,6368,2926,1,attribute_change,-0.0764,-0.152,0.6597,0.7361,ハラショー☆ビッツェ / ＫＫマリテレ様 / すわ子isGOD！ / 明日香大明神 / zuス様とsiラ様,電波姫☆いまりちゃん / さくらこはダムです / メル子大先生 / 明日香大明神 / 甲羅暮らしの201号,complete
2,24,em-a9738b409d24,カジランガ守り隊員,45,7668,1533,2,attack_buff,-0.0903,-0.1552,0.6458,0.7361,ハラショー☆ビッツェ / カジランガ守り隊員 / すわ子isGOD！ / 明日香大明神 / ロータス先輩,電波姫☆いまりちゃん / さくらこはダムです / メル子大先生 / 明日香大明神 / 甲羅暮らしの201号,complete
2,25,em-af9542637cdd,群れを成すサルパ,28,5453,756,2,multi_hit_attack,-0.0972,-0.1561,0.6389,0.7361,電波姫☆いまりちゃん / 群れを成すサルパ / すわ子isGOD！ / 明日香大明神 / ロータス先輩,電波姫☆いまりちゃん / さくらこはダムです / メル子大先生 / 明日香大明神 / 甲羅暮らしの201号,complete
2,26,em-7346620e9a98,福井ザウルス,8,800,1000,2,attack_buff,-0.0903,-0.1565,0.6458,0.7361,ハラショー☆ビッツェ / 福井ザウルス / ポディアさま / クレリゴス子様 / ロータス先輩,電波姫☆いまりちゃん / さくらこはダムです / メル子大先生 / 明日香大明神 / 甲羅暮らしの201号,complete
2,27,em-961b8b31de55,竜王！角成馬之助,8,989,2191,2,attribute_change,-0.0903,-0.1577,0.6458,0.7361,ハラショー☆ビッツェ / 竜王！角成馬之助 / ポディアさま / クレリゴス子様 / ロータス先輩,電波姫☆いまりちゃん / さくらこはダムです / メル子大先生 / 明日香大明神 / 甲羅暮らしの201号,complete
2,28,em-36ce9827163b,検非違使なけいび氏,28,6024,878,2,heal,-0.0972,-0.1638,0.6389,0.7361,電波姫☆いまりちゃん / 検非違使なけいび氏 / すわ子isGOD！ / 明日香大明神 / ロータス先輩,電波姫☆いまりちゃん / さくらこはダムです / メル子大先生 / 明日香大明神 / 甲羅暮らしの201号,complete
2,29,em-29b72e94168d,ｽﾎﾟｯって言うとｲﾅﾌ君,42,2726,2726,1,attack_buff,-0.1111,-0.1666,0.625,0.7361,ハラショー☆ビッツェ / ｽﾎﾟｯって言うとｲﾅﾌ君 / すわ子isGOD！ / 明日香大明神 / ロータス先輩,電波姫☆いまりちゃん / さくらこはダムです / メル子大先生 / 明日香大明神 / 甲羅暮らしの201号,complete
2,30,em-313faf3b400a,バルパラ★イソ子,36,3237,3067,1,attribute_guard,-0.1111,-0.168,0.625,0.7361,電波姫☆いまりちゃん / バルパラ★イソ子 / すわ子isGOD！ / 明日香大明神 / zuス様とsiラ様,電波姫☆いまりちゃん / さくらこはダムです / メル子大先生 / 明日香大明神 / 甲羅暮らしの201号,complete
2,31,em-4f85690db8f2,メムノン２８号,32,937,3408,1,attribute_guard,-0.0972,-0.1684,0.6389,0.7361,電波姫☆いまりちゃん / メムノン２８号 / ジャイアンツ★こずえ / 明日香大明神 / ロータス先輩,電波姫☆いまりちゃん / さくらこはダムです / メル子大先生 / 明日香大明神 / 甲羅暮らしの201号,complete
2,32,em-476b83962051,薫風団扇にお夏ちゃん,9,1198,1204,2,heal,-0.1042,-0.1686,0.6319,0.7361,ハラショー☆ビッツェ / 薫風団扇にお夏ちゃん / ポディアさま / クレリゴス子様 / ロータス先輩,電波姫☆いまりちゃん / さくらこはダムです / メル子大先生 / 明日香大明神 / 甲羅暮らしの201号,complete
2,33,em-53e02d48f02a,It’s a ちーちゃん,33,6816,149,2,multi_hit_attack,-0.1111,-0.1694,0.625,0.7361,電波姫☆いまりちゃん / It’s a ちーちゃん / 時のプラズマ / 明日香大明神 / ロータス先輩,電波姫☆いまりちゃん / さくらこはダムです / メル子大先生 / 明日香大明神 / 甲羅暮らしの201号,complete
2,34,em-c0b8a38b4040,鹿喰らいの狼マン,47,4771,3748,2,multi_hit_attack,-0.1042,-0.1699,0.6319,0.7361,ハラショー☆ビッツェ / 鹿喰らいの狼マン / メル子大先生 / 明日香大明神 / ロータス先輩,電波姫☆いまりちゃん / さくらこはダムです / メル子大先生 / 明日香大明神 / 甲羅暮らしの201号,complete
2,35,em-8d766096773e,おんじとゆかいな子供達,36,5316,1704,1,damage_reduction,-0.1181,-0.1725,0.6181,0.7361,電波姫☆いまりちゃん / おんじとゆかいな子供達 / すわ子isGOD！ / 明日香大明神 / zuス様とsiラ様,電波姫☆いまりちゃん / さくらこはダムです / メル子大先生 / 明日香大明神 / 甲羅暮らしの201号,complete
2,36,em-dd80c8492923,?????,22,3067,1533,1,attack_buff,-0.1042,-0.1734,0.6319,0.7361,ハラショー☆ビッツェ / ????? / ポディアさま / クレリゴス子様 / ガハラさん,電波姫☆いまりちゃん / さくらこはダムです / メル子大先生 / 明日香大明神 / 甲羅暮らしの201号,complete
2,37,em-08c96cb40803,ノローニャ・パイセン,43,5964,3410,1,attack_buff,-0.1111,-0.1734,0.625,0.7361,ハラショー☆ビッツェ / ノローニャ・パイセン / メル子大先生 / 明日香大明神 / ロータス先輩,電波姫☆いまりちゃん / さくらこはダムです / メル子大先生 / 明日香大明神 / 甲羅暮らしの201号,complete
2,38,em-9413da55b7e0,ヤマピカリャーコ,47,4515,5095,2,multi_hit_attack,-0.1111,-0.1747,0.625,0.7361,ハラショー☆ビッツェ / ヤマピカリャーコ / メル子大先生 / 明日香大明神 / ロータス先輩,電波姫☆いまりちゃん / さくらこはダムです / メル子大先生 / 明日香大明神 / 甲羅暮らしの201号,complete
2,39,em-edb254f0a679,カナちゃんのなごみ,41,5453,3408,2,heal,-0.1111,-0.1747,0.625,0.7361,ハラショー☆ビッツェ / カナちゃんのなごみ / すわ子isGOD！ / 明日香大明神 / ロータス先輩,電波姫☆いまりちゃん / さくらこはダムです / メル子大先生 / 明日香大明神 / 甲羅暮らしの201号,complete
2,40,em-44fb3ea29b8e,カナちゃんでい,29,3438,2831,1,heal,-0.1181,-0.1754,0.6181,0.7361,電波姫☆いまりちゃん / カナちゃんでい / メル子大先生 / 明日香大明神 / ロータス先輩,電波姫☆いまりちゃん / さくらこはダムです / メル子大先生 / 明日香大明神 / 甲羅暮らしの201号,complete
2,41,em-e72fd59cfccf,フルーツ運ぶネキ,17,1007,3493,1,attack_buff,-0.1042,-0.1757,0.6319,0.7361,ハラショー☆ビッツェ / フルーツ運ぶネキ / ポディアさま / クレリゴス子様 / ガハラさん,電波姫☆いまりちゃん / さくらこはダムです / メル子大先生 / 明日香大明神 / 甲羅暮らしの201号,complete
2,42,em-30b1960a9425,赤城山の風神太郎,43,3446,3919,1,guard,-0.1042,-0.1757,0.6319,0.7361,イグナシオさんミニ / 赤城山の風神太郎 / すわ子isGOD！ / 明日香大明神 / ロータス先輩,電波姫☆いまりちゃん / さくらこはダムです / メル子大先生 / 明日香大明神 / 甲羅暮らしの201号,complete
2,43,em-258850fee1ca,時計塔の魔女娘,30,5523,1614,2,skill_reduction,-0.1181,-0.1767,0.6181,0.7361,電波姫☆いまりちゃん / 時計塔の魔女娘 / すわ子isGOD！ / 明日香大明神 / ロータス先輩,電波姫☆いまりちゃん / さくらこはダムです / メル子大先生 / 明日香大明神 / 甲羅暮らしの201号,partial-skill-support
2,44,em-d518108f13e3,トランシルヴァニア家族,45,5350,6059,2,multi_hit_attack,-0.1042,-0.1768,0.6319,0.7361,ハラショー☆ビッツェ / トランシルヴァニア家族 / すわ子isGOD！ / 明日香大明神 / ロータス先輩,電波姫☆いまりちゃん / さくらこはダムです / メル子大先生 / 明日香大明神 / 甲羅暮らしの201号,complete
2,45,em-6d1e4c915f30,チートモードな楽趣味さん,48,5964,1278,1,multi_hit_attack,-0.1042,-0.1768,0.6319,0.7361,ハラショー☆ビッツェ / チートモードな楽趣味さん / 時のプラズマ / 明日香大明神 / ロータス先輩,電波姫☆いまりちゃん / さくらこはダムです / メル子大先生 / 明日香大明神 / 甲羅暮らしの201号,complete
2,46,em-b83d457ef580,王国民ゴロウ,5,390,390,2,attack_buff,-0.1111,-0.1772,0.625,0.7361,電波姫☆いまりちゃん / 王国民ゴロウ / ポディアさま / クレリゴス子様 / まつやマン,電波姫☆いまりちゃん / さくらこはダムです / メル子大先生 / 明日香大明神 / 甲羅暮らしの201号,complete
2,47,em-d77542ffe604,?????,42,6475,3067,2,attack_buff,-0.1111,-0.1772,0.625,0.7361,ハラショー☆ビッツェ / ????? / すわ子isGOD！ / 明日香大明神 / ロータス先輩,電波姫☆いまりちゃん / さくらこはダムです / メル子大先生 / 明日香大明神 / 甲羅暮らしの201号,complete
2,48,em-47c29240fd33,大晦日のネギそば給仕少女,40,3834,3834,2,guard,-0.1111,-0.1784,0.625,0.7361,ハラショー☆ビッツェ / 大晦日のネギそば給仕少女 / すわ子isGOD！ / 明日香大明神 / ロータス先輩,電波姫☆いまりちゃん / さくらこはダムです / メル子大先生 / 明日香大明神 / 甲羅暮らしの201号,complete
2,49,em-d20a14b121e2,繭神！おかいこさま,28,5027,1704,1,attribute_change,-0.1181,-0.1794,0.6181,0.7361,電波姫☆いまりちゃん / 繭神！おかいこさま / すわ子isGOD！ / 明日香大明神 / ロータス先輩,電波姫☆いまりちゃん / さくらこはダムです / メル子大先生 / 明日香大明神 / 甲羅暮らしの201号,complete
2,50,em-e5f6732bdd63,ラプンツェル・アユ,48,6816,3921,1,attribute_change,-0.1111,-0.1795,0.625,0.7361,ハラショー☆ビッツェ / ラプンツェル・アユ / 時のプラズマ / 明日香大明神 / ロータス先輩,電波姫☆いまりちゃん / さくらこはダムです / メル子大先生 / 明日香大明神 / 甲羅暮らしの201号,complete
2,51,em-ad53908276ac,ピコ島ぴーこ,47,4007,5112,1,heal,-0.1111,-0.1795,0.625,0.7361,ハラショー☆ビッツェ / ピコ島ぴーこ / 時のプラズマ / 明日香大明神 / ロータス先輩,電波姫☆いまりちゃん / さくらこはダムです / メル子大先生 / 明日香大明神 / 甲羅暮らしの201号,complete
2,52,em-e4cc96d741ac,クル彦さん,9,702,702,1,attribute_change,-0.1181,-0.1807,0.6181,0.7361,ハラショー☆ビッツェ / クル彦さん / ポディアさま / クレリゴス子様 / ロータス先輩,電波姫☆いまりちゃん / さくらこはダムです / メル子大先生 / 明日香大明神 / 甲羅暮らしの201号,complete
2,53,em-ea58b4a58701,切れる？イナフ君,42,3067,3067,1,attack_buff,-0.1181,-0.1807,0.6181,0.7361,ハラショー☆ビッツェ / 切れる？イナフ君 / すわ子isGOD！ / 明日香大明神 / ロータス先輩,電波姫☆いまりちゃん / さくらこはダムです / メル子大先生 / 明日香大明神 / 甲羅暮らしの201号,complete
2,54,em-898fce321115,にゅー師匠,22,1610,4186,1,guard,-0.1111,-0.1818,0.625,0.7361,ハラショー☆ビッツェ / にゅー師匠 / ポディアさま / クレリゴス子様 / ガハラさん,電波姫☆いまりちゃん / さくらこはダムです / メル子大先生 / 明日香大明神 / 甲羅暮らしの201号,complete
2,55,em-6dcd90bb7df5,花めく☆まつやマン,24,4669,2173,1,heal,-0.1111,-0.1818,0.625,0.7361,電波姫☆いまりちゃん / 花めく☆まつやマン / すわ子isGOD！ / 明日香大明神 / ロータス先輩,電波姫☆いまりちゃん / さくらこはダムです / メル子大先生 / 明日香大明神 / 甲羅暮らしの201号,complete
2,56,em-6b657d937678,ゆうれい寺の幽子さん,40,6816,1874,2,attack_buff,-0.1181,-0.182,0.6181,0.7361,ハラショー☆ビッツェ / ゆうれい寺の幽子さん / すわ子isGOD！ / 明日香大明神 / ロータス先輩,電波姫☆いまりちゃん / さくらこはダムです / メル子大先生 / 明日香大明神 / 甲羅暮らしの201号,complete
2,57,em-ed68f4e03a58,欣喜ぴよ子,10,1785,1812,2,guard,-0.1111,-0.183,0.625,0.7361,ハラショー☆ビッツェ / 欣喜ぴよ子 / ポディアさま / クレリゴス子様 / ロータス先輩,電波姫☆いまりちゃん / さくらこはダムです / メル子大先生 / 明日香大明神 / 甲羅暮らしの201号,complete
2,58,em-cf2619ce2878,俺っち氷河,28,3864,3222,2,attribute_change,-0.1181,-0.1832,0.6181,0.7361,電波姫☆いまりちゃん / 俺っち氷河 / メル子大先生 / 明日香大明神 / ロータス先輩,電波姫☆いまりちゃん / さくらこはダムです / メル子大先生 / 明日香大明神 / 甲羅暮らしの201号,complete
2,59,em-28c6b952551d,海の昇竜貫,33,4601,3408,2,attack_buff,-0.125,-0.184,0.6111,0.7361,電波姫☆いまりちゃん / 海の昇竜貫 / 時のプラズマ / 明日香大明神 / ロータス先輩,電波姫☆いまりちゃん / さくらこはダムです / メル子大先生 / 明日香大明神 / 甲羅暮らしの201号,complete
2,60,em-f13a3baa139d,伝説のビスカやん！,9,1893,1241,2,skill_reduction,-0.1111,-0.1841,0.625,0.7361,ハラショー☆ビッツェ / 伝説のビスカやん！ / ポディアさま / クレリゴス子様 / ロータス先輩,電波姫☆いまりちゃん / さくらこはダムです / メル子大先生 / 明日香大明神 / 甲羅暮らしの201号,partial-skill-support
2,61,em-2a20d82018a7,強飯式太子君,43,4771,3408,1,heal,-0.1111,-0.1841,0.625,0.7361,ハラショー☆ビッツェ / 強飯式太子君 / すわ子isGOD！ / 明日香大明神 / ロータス先輩,電波姫☆いまりちゃん / さくらこはダムです / メル子大先生 / 明日香大明神 / 甲羅暮らしの201号,complete
2,62,em-0097333c9ab6,切れちゃうイナフさん,42,3408,3408,1,attack_buff,-0.1181,-0.1844,0.6181,0.7361,ハラショー☆ビッツェ / 切れちゃうイナフさん / すわ子isGOD！ / 明日香大明神 / ロータス先輩,電波姫☆いまりちゃん / さくらこはダムです / メル子大先生 / 明日香大明神 / 甲羅暮らしの201号,complete
2,63,em-e2feaf3c95b1,古の才次郎先生,13,1812,1963,1,attribute_change,-0.1042,-0.1852,0.6319,0.7361,ハラショー☆ビッツェ / 古の才次郎先生 / ポディアさま / クレリゴス子様 / かんと師匠,電波姫☆いまりちゃん / さくらこはダムです / メル子大先生 / 明日香大明神 / 甲羅暮らしの201号,complete
2,64,em-480a0eef6d7b,ピカリャー射的ｽﾀｲﾙ,45,3786,3786,2,aoe_attack,-0.1181,-0.188,0.6181,0.7361,ハラショー☆ビッツェ / ピカリャー射的ｽﾀｲﾙ / メル子大先生 / 明日香大明神 / ロータス先輩,電波姫☆いまりちゃん / さくらこはダムです / メル子大先生 / 明日香大明神 / 甲羅暮らしの201号,complete
2,65,em-825d090d7d15,比保々田 真純,31,4601,3714,2,multi_hit_attack,-0.125,-0.188,0.6111,0.7361,電波姫☆いまりちゃん / 比保々田 真純 / 時のプラズマ / 明日香大明神 / ロータス先輩,電波姫☆いまりちゃん / さくらこはダムです / メル子大先生 / 明日香大明神 / 甲羅暮らしの201号,complete
2,66,em-a6fe320c7afa,戸隠忍者はハント中,31,937,5027,1,attack_buff,-0.125,-0.188,0.6111,0.7361,電波姫☆いまりちゃん / 戸隠忍者はハント中 / 時のプラズマ / 明日香大明神 / ロータス先輩,電波姫☆いまりちゃん / さくらこはダムです / メル子大先生 / 明日香大明神 / 甲羅暮らしの201号,complete
2,67,em-84a7ce7d3a80,ゴロウ,4,310,302,2,attack_buff,-0.125,-0.188,0.6111,0.7361,電波姫☆いまりちゃん / ゴロウ / ポディアさま / クレリゴス子様 / まつやマン,電波姫☆いまりちゃん / さくらこはダムです / メル子大先生 / 明日香大明神 / 甲羅暮らしの201号,complete
2,68,em-b78d9042e361,サルパちゃん,28,4362,3748,2,multi_hit_attack,-0.125,-0.188,0.6111,0.7361,電波姫☆いまりちゃん / サルパちゃん / メル子大先生 / 明日香大明神 / ロータス先輩,電波姫☆いまりちゃん / さくらこはダムです / メル子大先生 / 明日香大明神 / 甲羅暮らしの201号,complete
2,69,em-1405aadf6237,ツマグロヨコバイ,30,3748,3067,2,attribute_guard,-0.125,-0.188,0.6111,0.7361,電波姫☆いまりちゃん / ツマグロヨコバイ / メル子大先生 / 明日香大明神 / ロータス先輩,電波姫☆いまりちゃん / さくらこはダムです / メル子大先生 / 明日香大明神 / 甲羅暮らしの201号,complete
2,70,em-67086191a83f,マダラなシオマネキ君,27,5490,1059,2,attribute_guard,-0.125,-0.188,0.6111,0.7361,電波姫☆いまりちゃん / マダラなシオマネキ君 / すわ子isGOD！ / 明日香大明神 / ロータス先輩,電波姫☆いまりちゃん / さくらこはダムです / メル子大先生 / 明日香大明神 / 甲羅暮らしの201号,complete
2,71,em-474d7b7d3bbe,イチャン～(から),26,3606,2850,2,aoe_attack,-0.1319,-0.1885,0.6042,0.7361,電波姫☆いまりちゃん / イチャン～(から) / すわ子isGOD！ / 明日香大明神 / ロータス先輩,電波姫☆いまりちゃん / さくらこはダムです / メル子大先生 / 明日香大明神 / 甲羅暮らしの201号,complete
2,72,em-06bad6d4123b,猿もの追い払いネキ,31,2556,5367,1,attack_buff,-0.1181,-0.1891,0.6181,0.7361,電波姫☆いまりちゃん / 猿もの追い払いネキ / メル子大先生 / 明日香大明神 / ロータス先輩,電波姫☆いまりちゃん / さくらこはダムです / メル子大先生 / 明日香大明神 / 甲羅暮らしの201号,complete
2,73,em-a91eca479689,嗚呼ヴァサクサ君,10,1880,374,2,skill_reduction,-0.125,-0.1892,0.6111,0.7361,ハラショー☆ビッツェ / 嗚呼ヴァサクサ君 / ポディアさま / クレリゴス子様 / ロータス先輩,電波姫☆いまりちゃん / さくらこはダムです / メル子大先生 / 明日香大明神 / 甲羅暮らしの201号,partial-skill-support
2,74,em-e15fbf6ecd0c,シャーロック&エッジュ,41,4260,5112,2,skill_reduction,-0.125,-0.1892,0.6111,0.7361,ハラショー☆ビッツェ / シャーロック&エッジュ / すわ子isGOD！ / 明日香大明神 / ロータス先輩,電波姫☆いまりちゃん / さくらこはダムです / メル子大先生 / 明日香大明神 / 甲羅暮らしの201号,partial-skill-support
2,75,em-1eb5e932843b,ダンブッラの蘭,38,5112,3578,2,damage_reduction,-0.1319,-0.1899,0.6042,0.7361,電波姫☆いまりちゃん / ダンブッラの蘭 / メル子大先生 / 明日香大明神 / zuス様とsiラ様,電波姫☆いまりちゃん / さくらこはダムです / メル子大先生 / 明日香大明神 / 甲羅暮らしの201号,complete
2,76,em-86055d05ee01,ラムネ少女じゅんちゃん,14,2113,2113,2,heal,-0.1111,-0.1904,0.625,0.7361,ハラショー☆ビッツェ / ラムネ少女じゅんちゃん / ポディアさま / クレリゴス子様 / かんと師匠,電波姫☆いまりちゃん / さくらこはダムです / メル子大先生 / 明日香大明神 / 甲羅暮らしの201号,complete
2,77,em-cf78c5cc3134,オタテカモ次郎,28,4186,3059,2,attribute_change,-0.125,-0.1905,0.6111,0.7361,電波姫☆いまりちゃん / オタテカモ次郎 / メル子大先生 / 明日香大明神 / ロータス先輩,電波姫☆いまりちゃん / さくらこはダムです / メル子大先生 / 明日香大明神 / 甲羅暮らしの201号,complete
2,78,em-fef48f3b2f9e,まん丸！シャーミー君,28,3800,3237,1,attack_buff,-0.125,-0.1905,0.6111,0.7361,電波姫☆いまりちゃん / まん丸！シャーミー君 / すわ子isGOD！ / 明日香大明神 / ロータス先輩,電波姫☆いまりちゃん / さくらこはダムです / メル子大先生 / 明日香大明神 / 甲羅暮らしの201号,complete
2,79,em-a11a3441fd8e,レンネルアルケニー,43,2896,3919,2,damage_reduction,-0.125,-0.1905,0.6111,0.7361,ハラショー☆ビッツェ / レンネルアルケニー / メル子大先生 / 明日香大明神 / ロータス先輩,電波姫☆いまりちゃん / さくらこはダムです / メル子大先生 / 明日香大明神 / 甲羅暮らしの201号,complete
2,80,em-6ceef8f285a4,可愛馬！真純ちゃん,41,5964,4566,2,multi_hit_attack,-0.1181,-0.1913,0.6181,0.7361,ハラショー☆ビッツェ / 可愛馬！真純ちゃん / すわ子isGOD！ / 明日香大明神 / ロータス先輩,電波姫☆いまりちゃん / さくらこはダムです / メル子大先生 / 明日香大明神 / 甲羅暮らしの201号,complete
2,81,em-e9a4c94598fc,深海人ゴロウ,6,500,480,2,attack_buff,-0.125,-0.1917,0.6111,0.7361,電波姫☆いまりちゃん / 深海人ゴロウ / ポディアさま / クレリゴス子様 / ガハラさん,電波姫☆いまりちゃん / さくらこはダムです / メル子大先生 / 明日香大明神 / 甲羅暮らしの201号,complete
2,82,em-4b24f34b41a1,レジェント・八郎ニキ,42,4941,852,1,multi_hit_attack,-0.1181,-0.1924,0.6181,0.7361,ハラショー☆ビッツェ / レジェント・八郎ニキ / すわ子isGOD！ / 明日香大明神 / ロータス先輩,電波姫☆いまりちゃん / さくらこはダムです / メル子大先生 / 明日香大明神 / 甲羅暮らしの201号,complete
2,83,em-9688f4bf146a,マツモムシ,40,3748,2385,2,damage_reduction,-0.1319,-0.1926,0.6042,0.7361,ハラショー☆ビッツェ / マツモムシ / すわ子isGOD！ / 明日香大明神 / ロータス先輩,電波姫☆いまりちゃん / さくらこはダムです / メル子大先生 / 明日香大明神 / 甲羅暮らしの201号,complete
2,84,em-e507272ab5af,フィッシャーマン２,6,400,400,1,heal,-0.125,-0.1929,0.6111,0.7361,ハラショー☆ビッツェ / フィッシャーマン２ / ポディアさま / クレリゴス子様 / リスマニア,電波姫☆いまりちゃん / さくらこはダムです / メル子大先生 / 明日香大明神 / 甲羅暮らしの201号,complete
2,85,em-c7bfc44f703b,輝け☆椛マン！,28,4260,3408,1,heal,-0.1319,-0.194,0.6042,0.7361,電波姫☆いまりちゃん / 輝け☆椛マン！ / メル子大先生 / 明日香大明神 / ロータス先輩,電波姫☆いまりちゃん / さくらこはダムです / メル子大先生 / 明日香大明神 / 甲羅暮らしの201号,complete
2,86,em-68c38b69771b,ぱんつぁーぴよ子,28,4412,3287,1,attribute_guard,-0.1319,-0.194,0.6042,0.7361,電波姫☆いまりちゃん / ぱんつぁーぴよ子 / メル子大先生 / 明日香大明神 / ロータス先輩,電波姫☆いまりちゃん / さくらこはダムです / メル子大先生 / 明日香大明神 / 甲羅暮らしの201号,complete
2,87,em-423f5963c7c2,超患部ぴよフェッサー,15,3220,2093,2,revive,-0.1181,-0.1945,0.6181,0.7361,ハラショー☆ビッツェ / 超患部ぴよフェッサー / ポディアさま / クレリゴス子様 / かんと師匠,電波姫☆いまりちゃん / さくらこはダムです / メル子大先生 / 明日香大明神 / 甲羅暮らしの201号,complete
2,88,em-2353b8cab444,パレンケＶＲＳ改,39,5623,3386,1,damage_reduction,-0.1319,-0.1965,0.6042,0.7361,電波姫☆いまりちゃん / パレンケＶＲＳ改 / 時のプラズマ / 明日香大明神 / zuス様とsiラ様,電波姫☆いまりちゃん / さくらこはダムです / メル子大先生 / 明日香大明神 / 甲羅暮らしの201号,complete
2,89,em-26f9269c5702,カナちゃん,6,600,600,2,heal,-0.1319,-0.1965,0.6042,0.7361,鬼一方眼 / カナちゃん / タミちゃん / おあげさん / ガハラさん,電波姫☆いまりちゃん / さくらこはダムです / メル子大先生 / 明日香大明神 / 甲羅暮らしの201号,complete
2,90,em-d1302899cad6,ナポレオーヌ一世,32,3512,2930,1,attack_buff,-0.1319,-0.1977,0.6042,0.7361,電波姫☆いまりちゃん / ナポレオーヌ一世 / メル子大先生 / 明日香大明神 / ロータス先輩,電波姫☆いまりちゃん / さくらこはダムです / メル子大先生 / 明日香大明神 / 甲羅暮らしの201号,complete
2,91,em-52f594fdc52e,後楽園☆池田,43,5623,2896,1,attack_buff,-0.125,-0.1985,0.6111,0.7361,ハラショー☆ビッツェ / 後楽園☆池田 / すわ子isGOD！ / 明日香大明神 / ロータス先輩,電波姫☆いまりちゃん / さくらこはダムです / メル子大先生 / 明日香大明神 / 甲羅暮らしの201号,complete
2,92,em-f0f55e94d80b,森豊,30,2093,2415,1,attribute_guard,-0.1319,-0.1989,0.6042,0.7361,電波姫☆いまりちゃん / 森豊 / すわ子isGOD！ / 明日香大明神 / ロータス先輩,電波姫☆いまりちゃん / さくらこはダムです / メル子大先生 / 明日香大明神 / 甲羅暮らしの201号,complete
2,93,em-6b69fff3a46d,怒るよ!!勝斧さん,47,6164,3748,1,attack_buff,-0.1319,-0.1989,0.6042,0.7361,ハラショー☆ビッツェ / 怒るよ!!勝斧さん / 時のプラズマ / 明日香大明神 / ロータス先輩,電波姫☆いまりちゃん / さくらこはダムです / メル子大先生 / 明日香大明神 / 甲羅暮らしの201号,complete
2,94,em-14cb05f591ca,牛鬼だうわーっ！,45,3919,2556,2,multi_hit_attack,-0.1319,-0.1989,0.6042,0.7361,ハラショー☆ビッツェ / 牛鬼だうわーっ！ / すわ子isGOD！ / 明日香大明神 / ロータス先輩,電波姫☆いまりちゃん / さくらこはダムです / メル子大先生 / 明日香大明神 / 甲羅暮らしの201号,complete
2,95,em-d95aa4fb8de0,北海！白川だるま,45,4473,2556,1,attack_buff,-0.1319,-0.1989,0.6042,0.7361,ハラショー☆ビッツェ / 北海！白川だるま / メル子大先生 / 明日香大明神 / ロータス先輩,電波姫☆いまりちゃん / さくらこはダムです / メル子大先生 / 明日香大明神 / 甲羅暮らしの201号,complete
2,96,em-a85f091d502f,スウェルくん,11,1452,2058,2,damage_reduction,-0.1181,-0.1996,0.6181,0.7361,ハラショー☆ビッツェ / スウェルくん / ポディアさま / クレリゴス子様 / かんと師匠,電波姫☆いまりちゃん / さくらこはダムです / メル子大先生 / 明日香大明神 / 甲羅暮らしの201号,complete
2,97,em-d67f8f409078,芋神よしあき,31,4130,2753,2,multi_hit_attack,-0.1389,-0.1999,0.5972,0.7361,電波姫☆いまりちゃん / 芋神よしあき / 時のプラズマ / 明日香大明神 / ロータス先輩,電波姫☆いまりちゃん / さくらこはダムです / メル子大先生 / 明日香大明神 / 甲羅暮らしの201号,complete
2,98,em-7e81ebc98ef9,稼働！K-MEN,57,6475,3067,1,guard,-0.1319,-0.2001,0.6042,0.7361,ハラショー☆ビッツェ / 稼働！K-MEN / すわ子isGOD！ / おあげさん / ガハラさん,電波姫☆いまりちゃん / さくらこはダムです / メル子大先生 / 明日香大明神 / 甲羅暮らしの201号,complete
2,99,em-7a58e59098c4,森神ブーナッド,36,4941,3408,2,heal,-0.1389,-0.2012,0.5972,0.7361,電波姫☆いまりちゃん / 森神ブーナッド / すわ子isGOD！ / 明日香大明神 / zuス様とsiラ様,電波姫☆いまりちゃん / さくらこはダムです / メル子大先生 / 明日香大明神 / 甲羅暮らしの201号,complete
2,100,em-a0159af9ab81,カネヒラくん,14,2385,2556,2,attribute_change,-0.125,-0.2017,0.6111,0.7361,ハラショー☆ビッツェ / カネヒラくん / ポディアさま / クレリゴス子様 / かんと師匠,電波姫☆いまりちゃん / さくらこはダムです / メル子大先生 / 明日香大明神 / 甲羅暮らしの201号,complete
2,101,em-1bcd64d199fb,ケロッとる☆キング,31,1533,5708,2,attribute_change,-0.1319,-0.2024,0.6042,0.7361,電波姫☆いまりちゃん / ケロッとる☆キング / 時のプラズマ / 明日香大明神 / ロータス先輩,電波姫☆いまりちゃん / さくらこはダムです / メル子大先生 / 明日香大明神 / 甲羅暮らしの201号,complete
2,102,em-74a94c7750af,スーちゃん,8,603,603,1,attribute_change,-0.1389,-0.2025,0.5972,0.7361,ハラショー☆ビッツェ / スーちゃん / ポディアさま / クレリゴス子様 / ロータス先輩,電波姫☆いまりちゃん / さくらこはダムです / メル子大先生 / 明日香大明神 / 甲羅暮らしの201号,complete
2,103,em-78c90c30a11c,夜光虫ほたるん,14,2265,3020,2,attribute_change,-0.125,-0.2028,0.6111,0.7361,ハラショー☆ビッツェ / 夜光虫ほたるん / ポディアさま / クレリゴス子様 / かんと師匠,電波姫☆いまりちゃん / さくらこはダムです / メル子大先生 / 明日香大明神 / 甲羅暮らしの201号,complete
2,104,em-1211d6248533,ピンクなコンクさん,32,3067,2044,1,damage_reduction,-0.1319,-0.2035,0.6042,0.7361,電波姫☆いまりちゃん / ピンクなコンクさん / 時のプラズマ / 明日香大明神 / ロータス先輩,電波姫☆いまりちゃん / さくらこはダムです / メル子大先生 / 明日香大明神 / 甲羅暮らしの201号,complete
2,105,em-4d6101ee96b0,フィッシャーマン３,8,520,470,1,heal,-0.1389,-0.2037,0.5972,0.7361,ハラショー☆ビッツェ / フィッシャーマン３ / ポディアさま / クレリゴス子様 / ロータス先輩,電波姫☆いまりちゃん / さくらこはダムです / メル子大先生 / 明日香大明神 / 甲羅暮らしの201号,complete
2,106,em-c6785d8f86c3,中央アルプスの犬,9,600,400,2,damage_reduction,-0.1389,-0.2037,0.5972,0.7361,ハラショー☆ビッツェ / 中央アルプスの犬 / ポディアさま / クレリゴス子様 / ロータス先輩,電波姫☆いまりちゃん / さくらこはダムです / メル子大先生 / 明日香大明神 / 甲羅暮らしの201号,complete
2,107,em-f53a8e32830d,カナちゃんだし,10,800,800,2,heal,-0.1389,-0.2037,0.5972,0.7361,ハラショー☆ビッツェ / カナちゃんだし / ポディアさま / クレリゴス子様 / ロータス先輩,電波姫☆いまりちゃん / さくらこはダムです / メル子大先生 / 明日香大明神 / 甲羅暮らしの201号,complete
2,108,em-804bc17d075c,雪壁の大谷,11,1500,300,2,damage_reduction,-0.1389,-0.2037,0.5972,0.7361,イグナシオさんミニ / 雪壁の大谷 / ポディアさま / クレリゴス子様 / 頑張るハクさん,電波姫☆いまりちゃん / さくらこはダムです / メル子大先生 / 明日香大明神 / 甲羅暮らしの201号,complete
2,109,em-8dfd3b91ca8d,総統エビユルゲ,6,1244,1159,1,attribute_change,-0.125,-0.2038,0.6111,0.7361,ハラショー☆ビッツェ / 総統エビユルゲ / ポディアさま / クレリゴス子様 / リスマニア,電波姫☆いまりちゃん / さくらこはダムです / メル子大先生 / 明日香大明神 / 甲羅暮らしの201号,complete
2,110,em-6f409bf9b5bd,素敵なステチュさん,14,211,2115,2,damage_reduction,-0.1319,-0.2047,0.6042,0.7361,ハラショー☆ビッツェ / 素敵なステチュさん / ポディアさま / クレリゴス子様 / かんと師匠,電波姫☆いまりちゃん / さくらこはダムです / メル子大先生 / 明日香大明神 / 甲羅暮らしの201号,complete
2,111,em-8bc827a54303,勝斧・カンムーリ,15,2896,1704,1,attack_buff,-0.1319,-0.2047,0.6042,0.7361,ハラショー☆ビッツェ / 勝斧・カンムーリ / ポディアさま / クレリゴス子様 / かんと師匠,電波姫☆いまりちゃん / さくらこはダムです / メル子大先生 / 明日香大明神 / 甲羅暮らしの201号,complete
2,112,em-7419b64dec0e,天の飛龍巻,42,5623,3748,2,attribute_change,-0.1388,-0.2049,0.5973,0.7361,ハラショー☆ビッツェ / 天の飛龍巻 / すわ子isGOD！ / 明日香大明神 / ロータス先輩,電波姫☆いまりちゃん / さくらこはダムです / メル子大先生 / 明日香大明神 / 甲羅暮らしの201号,complete
2,113,em-d0c26ab1312e,シガー☆直哉,22,3542,2125,1,attribute_change,-0.1389,-0.2049,0.5972,0.7361,電波姫☆いまりちゃん / シガー☆直哉 / すわ子isGOD！ / 明日香大明神 / ロータス先輩,電波姫☆いまりちゃん / さくらこはダムです / メル子大先生 / 明日香大明神 / 甲羅暮らしの201号,complete
2,114,em-65efdfdd59b3,「ぼ」じゃなくてゔぉたん,40,4941,3408,1,attribute_change,-0.1389,-0.2049,0.5972,0.7361,ハラショー☆ビッツェ / 「ぼ」じゃなくてゔぉたん / すわ子isGOD！ / 明日香大明神 / ロータス先輩,電波姫☆いまりちゃん / さくらこはダムです / メル子大先生 / 明日香大明神 / 甲羅暮らしの201号,complete
2,115,em-cfec91c161ef,祭り始めの蟹男,20,3578,1704,2,guard,-0.1319,-0.2058,0.6042,0.7361,ハラショー☆ビッツェ / 祭り始めの蟹男 / ポディアさま / クレリゴス子様 / まつやマン,電波姫☆いまりちゃん / さくらこはダムです / メル子大先生 / 明日香大明神 / 甲羅暮らしの201号,complete
2,116,em-1eee6f61a8bd,キングな勝斧さん,31,4601,2726,1,attack_buff,-0.1458,-0.2058,0.5903,0.7361,電波姫☆いまりちゃん / キングな勝斧さん / 時のプラズマ / 明日香大明神 / ロータス先輩,電波姫☆いまりちゃん / さくらこはダムです / メル子大先生 / 明日香大明神 / 甲羅暮らしの201号,complete
2,117,em-5088462f1ee9,日本一の桃たろす,45,4260,5964,2,attribute_change,-0.1389,-0.2061,0.5972,0.7361,電波姫☆いまりちゃん / 日本一の桃たろす / メル子大先生 / おあげさん / ガハラさん,電波姫☆いまりちゃん / さくらこはダムです / メル子大先生 / 明日香大明神 / 甲羅暮らしの201号,complete
2,118,em-94a55ee81090,瑠璃の君,27,3067,2453,1,damage_reduction,-0.1458,-0.2071,0.5903,0.7361,電波姫☆いまりちゃん / 瑠璃の君 / すわ子isGOD！ / 明日香大明神 / ロータス先輩,電波姫☆いまりちゃん / さくらこはダムです / メル子大先生 / 明日香大明神 / 甲羅暮らしの201号,complete
2,119,em-bc848e4ecf13,マラムさん,38,4703,4532,1,attribute_change,-0.1389,-0.2073,0.5972,0.7361,電波姫☆いまりちゃん / マラムさん / メル子大先生 / 明日香大明神 / zuス様とsiラ様,電波姫☆いまりちゃん / さくらこはダムです / メル子大先生 / 明日香大明神 / 甲羅暮らしの201号,complete
2,120,em-3434078c33f2,橋の上のかずら,20,2012,2173,2,guard,-0.1389,-0.2073,0.5972,0.7361,ハラショー☆ビッツェ / 橋の上のかずら / ポディアさま / クレリゴス子様 / まつやマン,電波姫☆いまりちゃん / さくらこはダムです / メル子大先生 / 明日香大明神 / 甲羅暮らしの201号,complete
2,121,em-e9b3dc6478a4,アヌラさま,33,2495,2978,2,attribute_guard,-0.1528,-0.2074,0.5833,0.7361,電波姫☆いまりちゃん / アヌラさま / 時のプラズマ / 明日香大明神 / ロータス先輩,電波姫☆いまりちゃん / さくらこはダムです / メル子大先生 / 明日香大明神 / 甲羅暮らしの201号,complete
2,122,em-35fbdd1bfe19,猛然みっけ太郎,13,1812,1963,2,attribute_change,-0.1319,-0.2079,0.6042,0.7361,ハラショー☆ビッツェ / 猛然みっけ太郎 / ポディアさま / クレリゴス子様 / かんと師匠,電波姫☆いまりちゃん / さくらこはダムです / メル子大先生 / 明日香大明神 / 甲羅暮らしの201号,complete
2,123,em-cb9a138787d0,摩陀羅　潮真,27,7194,1741,2,attribute_guard,-0.1458,-0.2084,0.5903,0.7361,電波姫☆いまりちゃん / 摩陀羅　潮真 / すわ子isGOD！ / 明日香大明神 / ロータス先輩,電波姫☆いまりちゃん / さくらこはダムです / メル子大先生 / 明日香大明神 / 甲羅暮らしの201号,complete
2,124,em-682cda3863fb,脱力コンビあろま＆るる,48,3067,5623,2,skill_reduction,-0.1458,-0.2084,0.5903,0.7361,ハラショー☆ビッツェ / 脱力コンビあろま＆るる / 時のプラズマ / 明日香大明神 / ロータス先輩,電波姫☆いまりちゃん / さくらこはダムです / メル子大先生 / 明日香大明神 / 甲羅暮らしの201号,partial-skill-support
2,125,em-4f3eddbe87bf,キルワくん,17,2141,3226,1,attack_buff,-0.1458,-0.2084,0.5903,0.7361,試作型おこしん / キルワくん / ポディアさま / クレリゴス子様 / 頑張るハクさん,電波姫☆いまりちゃん / さくらこはダムです / メル子大先生 / 明日香大明神 / 甲羅暮らしの201号,complete
2,126,em-b9fa4506f938,中空の修道院メテオラ,10,868,2185,1,attribute_change,-0.1389,-0.2085,0.5972,0.7361,ハラショー☆ビッツェ / 中空の修道院メテオラ / ポディアさま / クレリゴス子様 / ロータス先輩,電波姫☆いまりちゃん / さくらこはダムです / メル子大先生 / 明日香大明神 / 甲羅暮らしの201号,complete
2,127,em-b8280ba8915c,ゲンゴロウ,50,6475,2585,2,attack_buff,-0.1389,-0.2085,0.5972,0.7361,ハラショー☆ビッツェ / ゲンゴロウ / すわ子isGOD！ / 明日香大明神 / zuス様とsiラ様,電波姫☆いまりちゃん / さくらこはダムです / メル子大先生 / 明日香大明神 / 甲羅暮らしの201号,complete
2,128,em-95694ab0605a,超★メジェド様,44,2300,3432,2,guard,-0.1458,-0.2097,0.5903,0.7361,ハラショー☆ビッツェ / 超★メジェド様 / メル子大先生 / 明日香大明神 / ロータス先輩,電波姫☆いまりちゃん / さくらこはダムです / メル子大先生 / 明日香大明神 / 甲羅暮らしの201号,complete
2,129,em-8b935bf6321f,打毬神！みるるん,15,1208,1963,2,attack_buff,-0.1319,-0.21,0.6042,0.7361,ハラショー☆ビッツェ / 打毬神！みるるん / ポディアさま / クレリゴス子様 / かんと師匠,電波姫☆いまりちゃん / さくらこはダムです / メル子大先生 / 明日香大明神 / 甲羅暮らしの201号,complete
2,130,em-2d179e9f0835,ﾇｯと出る☆ウイス君,36,5354,2486,2,attack_buff,-0.1528,-0.2103,0.5833,0.7361,電波姫☆いまりちゃん / ﾇｯと出る☆ウイス君 / すわ子isGOD！ / 明日香大明神 / zuス様とsiラ様,電波姫☆いまりちゃん / さくらこはダムです / メル子大先生 / 明日香大明神 / 甲羅暮らしの201号,complete
2,131,em-930a7ba2d377,エルジェムさん,10,1269,846,2,attack_buff,-0.1458,-0.2109,0.5903,0.7361,ハラショー☆ビッツェ / エルジェムさん / ポディアさま / クレリゴス子様 / ロータス先輩,電波姫☆いまりちゃん / さくらこはダムです / メル子大先生 / 明日香大明神 / 甲羅暮らしの201号,complete
2,132,em-ffd239fbc2e4,わさび宇宙大王,22,4025,1610,2,guard,-0.1389,-0.2119,0.5972,0.7361,ハラショー☆ビッツェ / わさび宇宙大王 / ポディアさま / クレリゴス子様 / ガハラさん,電波姫☆いまりちゃん / さくらこはダムです / メル子大先生 / 明日香大明神 / 甲羅暮らしの201号,complete
2,133,em-438753e77e6c,デロスの月陽姉弟,41,3237,5453,2,heal,-0.1458,-0.2121,0.5903,0.7361,ハラショー☆ビッツェ / デロスの月陽姉弟 / すわ子isGOD！ / 明日香大明神 / ロータス先輩,電波姫☆いまりちゃん / さくらこはダムです / メル子大先生 / 明日香大明神 / 甲羅暮らしの201号,complete
2,134,em-8765daafca7a,トマティーナ中佐,40,3748,2130,2,multi_hit_attack,-0.1389,-0.2129,0.5972,0.7361,ハラショー☆ビッツェ / トマティーナ中佐 / すわ子isGOD！ / 明日香大明神 / ロータス先輩,電波姫☆いまりちゃん / さくらこはダムです / メル子大先生 / 明日香大明神 / 甲羅暮らしの201号,complete
2,135,em-4e77469f1fc4,綺麗な金平さん,42,5112,4260,1,attribute_change,-0.1389,-0.214,0.5972,0.7361,ハラショー☆ビッツェ / 綺麗な金平さん / すわ子isGOD！ / 明日香大明神 / ロータス先輩,電波姫☆いまりちゃん / さくらこはダムです / メル子大先生 / 明日香大明神 / 甲羅暮らしの201号,complete
2,136,em-7b32a03e6e07,神降ろし！宮子様,27,3578,3152,2,heal,-0.1529,-0.2144,0.5833,0.7361,電波姫☆いまりちゃん / 神降ろし！宮子様 / すわ子isGOD！ / 明日香大明神 / ロータス先輩,電波姫☆いまりちゃん / さくらこはダムです / メル子大先生 / 明日香大明神 / 甲羅暮らしの201号,complete
2,137,em-b5fa3fe8e44e,ディープワン・ゴロウ,8,1214,1189,2,attack_buff,-0.1458,-0.2145,0.5903,0.7361,電波姫☆いまりちゃん / ディープワン・ゴロウ / ポディアさま / クレリゴス子様 / ガハラさん,電波姫☆いまりちゃん / さくらこはダムです / メル子大先生 / 明日香大明神 / 甲羅暮らしの201号,complete
2,138,em-ada22420f568,奈良ヘンドリックス,13,1596,1596,2,attack_buff,-0.1389,-0.2151,0.5972,0.7361,ハラショー☆ビッツェ / 奈良ヘンドリックス / ポディアさま / クレリゴス子様 / かんと師匠,電波姫☆いまりちゃん / さくらこはダムです / メル子大先生 / 明日香大明神 / 甲羅暮らしの201号,complete
2,139,em-c547f488bc34,警告！クジラの尊,12,30,1410,1,attribute_change,-0.1389,-0.2151,0.5972,0.7361,ハラショー☆ビッツェ / 警告！クジラの尊 / ポディアさま / クレリゴス子様 / かんと師匠,電波姫☆いまりちゃん / さくらこはダムです / メル子大先生 / 明日香大明神 / 甲羅暮らしの201号,complete
2,140,em-c8ed16119cbe,ヴェルラの木こり,28,3014,3162,2,guard,-0.1528,-0.2156,0.5833,0.7361,電波姫☆いまりちゃん / ヴェルラの木こり / メル子大先生 / 明日香大明神 / ロータス先輩,電波姫☆いまりちゃん / さくらこはダムです / メル子大先生 / 明日香大明神 / 甲羅暮らしの201号,complete
2,141,em-f69cec08bbe4,魔女っ魚☆メルルン,41,3834,4345,2,skill_reduction,-0.1528,-0.2156,0.5833,0.7361,ハラショー☆ビッツェ / 魔女っ魚☆メルルン / すわ子isGOD！ / 明日香大明神 / ロータス先輩,電波姫☆いまりちゃん / さくらこはダムです / メル子大先生 / 明日香大明神 / 甲羅暮らしの201号,partial-skill-support
2,142,em-f4980131820e,ﾊﾛｳｨﾝのヴラドさん,41,4089,1757,2,damage_reduction,-0.1458,-0.2157,0.5903,0.7361,ハラショー☆ビッツェ / ﾊﾛｳｨﾝのヴラドさん / すわ子isGOD！ / 明日香大明神 / ロータス先輩,電波姫☆いまりちゃん / さくらこはダムです / メル子大先生 / 明日香大明神 / 甲羅暮らしの201号,complete
2,143,em-ba8324a2cbef,覚醒ニート,6,354,296,2,multi_hit_attack,-0.1458,-0.2157,0.5903,0.7361,ハラショー☆ビッツェ / 覚醒ニート / ポディアさま / クレリゴス子様 / リスマニア,電波姫☆いまりちゃん / さくらこはダムです / メル子大先生 / 明日香大明神 / 甲羅暮らしの201号,complete
2,144,em-4c764571b9ab,お稲荷様のパシリ,47,6816,3408,1,attack_buff,-0.1389,-0.2161,0.5972,0.7361,ハラショー☆ビッツェ / お稲荷様のパシリ / すわ子isGOD！ / おあげさん / かんと師匠,電波姫☆いまりちゃん / さくらこはダムです / メル子大先生 / 明日香大明神 / 甲羅暮らしの201号,complete
2,145,em-97272e288cf7,ホークくん,6,500,750,1,attribute_guard,-0.1389,-0.2161,0.5972,0.7361,ハラショー☆ビッツェ / ホークくん / ポディアさま / クレリゴス子様 / リスマニア,電波姫☆いまりちゃん / さくらこはダムです / メル子大先生 / 明日香大明神 / 甲羅暮らしの201号,complete
2,146,em-4016fa16a6ca,Dr.&萌やﾁﾝｹﾞｰﾙ,14,773,2573,1,heal,-0.1389,-0.2172,0.5972,0.7361,ハラショー☆ビッツェ / Dr.&萌やﾁﾝｹﾞｰﾙ / ポディアさま / クレリゴス子様 / かんと師匠,電波姫☆いまりちゃん / さくらこはダムです / メル子大先生 / 明日香大明神 / 甲羅暮らしの201号,complete
2,147,em-7bc4d997dc30,天壇パンダ,20,2050,4186,2,heal,-0.1597,-0.2175,0.5764,0.7361,ハラショー☆ビッツェ / 天壇パンダ / ポディアさま / クレリゴス子様 / ガハラさん,電波姫☆いまりちゃん / さくらこはダムです / メル子大先生 / 明日香大明神 / 甲羅暮らしの201号,complete
2,148,em-15b63ea7b4c3,タオるんさん先輩師匠,14,1510,2180,2,attribute_guard,-0.1389,-0.2182,0.5972,0.7361,ハラショー☆ビッツェ / タオるんさん先輩師匠 / ポディアさま / クレリゴス子様 / かんと師匠,電波姫☆いまりちゃん / さくらこはダムです / メル子大先生 / 明日香大明神 / 甲羅暮らしの201号,complete
2,149,em-2c2759ede728,?????,44,4771,2385,1,attack_buff,-0.1458,-0.219,0.5903,0.7361,ハラショー☆ビッツェ / ????? / メル子大先生 / 明日香大明神 / ロータス先輩,電波姫☆いまりちゃん / さくらこはダムです / メル子大先生 / 明日香大明神 / 甲羅暮らしの201号,complete
2,150,em-95e1d74be5b6,Ｈ・Ｆ・ウーマン,47,6305,3748,2,guard,-0.1458,-0.2201,0.5903,0.7361,ハラショー☆ビッツェ / Ｈ・Ｆ・ウーマン / メル子大先生 / 明日香大明神 / ロータス先輩,電波姫☆いまりちゃん / さくらこはダムです / メル子大先生 / 明日香大明神 / 甲羅暮らしの201号,complete
2,151,em-663696ccf728,夏の一次幹,22,3408,2215,2,attack_buff,-0.1597,-0.2202,0.5764,0.7361,電波姫☆いまりちゃん / 夏の一次幹 / すわ子isGOD！ / 明日香大明神 / ロータス先輩,電波姫☆いまりちゃん / さくらこはダムです / メル子大先生 / 明日香大明神 / 甲羅暮らしの201号,complete
2,152,em-667dae45fa9f,怪童の金たろす,52,6049,6049,2,damage_reduction,-0.1458,-0.2212,0.5903,0.7361,ハラショー☆ビッツェ / 怪童の金たろす / メル子大先生 / 明日香大明神 / zuス様とsiラ様,電波姫☆いまりちゃん / さくらこはダムです / メル子大先生 / 明日香大明神 / 甲羅暮らしの201号,complete
2,153,em-7f58743c664e,ポリミタス☆おかいこ,34,4771,3069,2,attribute_change,-0.1597,-0.2215,0.5764,0.7361,電波姫☆いまりちゃん / ポリミタス☆おかいこ / すわ子isGOD！ / 明日香大明神 / zuス様とsiラ様,電波姫☆いまりちゃん / さくらこはダムです / メル子大先生 / 明日香大明神 / 甲羅暮らしの201号,complete
2,154,em-23638c0715eb,ばけごろう,30,1757,5743,1,attribute_change,-0.1528,-0.2217,0.5833,0.7361,電波姫☆いまりちゃん / ばけごろう / ガッサのお嬢 / 明日香大明神 / ロータス先輩,電波姫☆いまりちゃん / さくらこはダムです / メル子大先生 / 明日香大明神 / 甲羅暮らしの201号,complete
2,155,em-8b710fe84fda,モチノ・ウオ丸,32,3902,3254,1,attack_buff,-0.1528,-0.2217,0.5833,0.7361,電波姫☆いまりちゃん / モチノ・ウオ丸 / メル子大先生 / 明日香大明神 / ロータス先輩,電波姫☆いまりちゃん / さくらこはダムです / メル子大先生 / 明日香大明神 / 甲羅暮らしの201号,complete
2,156,em-86b9ae60356a,ブーナッドさま,14,2100,400,2,heal,-0.1528,-0.2228,0.5833,0.7361,ハラショー☆ビッツェ / ブーナッドさま / ポディアさま / クレリゴス子様 / かんと師匠,電波姫☆いまりちゃん / さくらこはダムです / メル子大先生 / 明日香大明神 / 甲羅暮らしの201号,complete
2,157,em-e9680391b2b7,梅ビースト,6,710,370,2,attribute_guard,-0.1528,-0.2228,0.5833,0.7361,ハラショー☆ビッツェ / 梅ビースト / ポディアさま / クレリゴス子様 / リスマニア,電波姫☆いまりちゃん / さくらこはダムです / メル子大先生 / 明日香大明神 / 甲羅暮らしの201号,complete
2,158,em-e4561d587562,幼心のデメ子さん,25,3178,4089,1,attribute_change,-0.1597,-0.2228,0.5764,0.7361,電波姫☆いまりちゃん / 幼心のデメ子さん / すわ子isGOD！ / 明日香大明神 / ロータス先輩,電波姫☆いまりちゃん / さくらこはダムです / メル子大先生 / 明日香大明神 / 甲羅暮らしの201号,complete
2,159,em-4c2a43ecd770,ナンマトル君,14,2115,2115,2,skill_reduction,-0.1389,-0.2231,0.5972,0.7361,ハラショー☆ビッツェ / ナンマトル君 / ポディアさま / クレリゴス子様 / かんと師匠,電波姫☆いまりちゃん / さくらこはダムです / メル子大先生 / 明日香大明神 / 甲羅暮らしの201号,partial-skill-support
2,160,em-3c2d84f01c84,休憩。蟹男,35,6105,2726,2,guard,-0.1528,-0.224,0.5833,0.7361,電波姫☆いまりちゃん / 休憩。蟹男 / すわ子isGOD！ / 明日香大明神 / zuス様とsiラ様,電波姫☆いまりちゃん / さくらこはダムです / メル子大先生 / 明日香大明神 / 甲羅暮らしの201号,complete
2,161,em-4f7f91fb4514,うどんの天使,42,3067,3748,1,attack_buff,-0.1528,-0.224,0.5833,0.7361,ハラショー☆ビッツェ / うどんの天使 / すわ子isGOD！ / 明日香大明神 / ロータス先輩,電波姫☆いまりちゃん / さくらこはダムです / メル子大先生 / 明日香大明神 / 甲羅暮らしの201号,complete
2,162,em-89a1a863b8a0,ベファーナさん二千歳,46,7200,1874,1,multi_hit_attack,-0.1528,-0.224,0.5833,0.7361,ハラショー☆ビッツェ / ベファーナさん二千歳 / メル子大先生 / 明日香大明神 / ロータス先輩,電波姫☆いまりちゃん / さくらこはダムです / メル子大先生 / 明日香大明神 / 甲羅暮らしの201号,complete
2,163,em-a3563f41a151,ラクダンデス隊長,38,4941,3578,2,guard,-0.1597,-0.2241,0.5764,0.7361,電波姫☆いまりちゃん / ラクダンデス隊長 / 時のプラズマ / おあげさん / 頑張るハクさん,電波姫☆いまりちゃん / さくらこはダムです / メル子大先生 / 明日香大明神 / 甲羅暮らしの201号,complete
2,164,em-4fddbba71de4,大熊びぐべん,9,600,700,2,attack_buff,-0.1597,-0.2253,0.5764,0.7361,ハラショー☆ビッツェ / 大熊びぐべん / ポディアさま / クレリゴス子様 / ロータス先輩,電波姫☆いまりちゃん / さくらこはダムです / メル子大先生 / 明日香大明神 / 甲羅暮らしの201号,complete
2,165,em-e718c5b250d7,彩れくたにん,9,600,700,2,attribute_change,-0.1597,-0.2253,0.5764,0.7361,ハラショー☆ビッツェ / 彩れくたにん / ポディアさま / クレリゴス子様 / ロータス先輩,電波姫☆いまりちゃん / さくらこはダムです / メル子大先生 / 明日香大明神 / 甲羅暮らしの201号,complete
2,166,em-f0ac0c756613,カナちゃんなの,8,700,700,2,heal,-0.1597,-0.2253,0.5764,0.7361,ハラショー☆ビッツェ / カナちゃんなの / ポディアさま / クレリゴス子様 / ロータス先輩,電波姫☆いまりちゃん / さくらこはダムです / メル子大先生 / 明日香大明神 / 甲羅暮らしの201号,complete
2,167,em-d138d4e46038,きぬたン,48,3067,4771,2,attack_buff,-0.1597,-0.2253,0.5764,0.7361,ハラショー☆ビッツェ / きぬたン / 時のプラズマ / 明日香大明神 / ロータス先輩,電波姫☆いまりちゃん / さくらこはダムです / メル子大先生 / 明日香大明神 / 甲羅暮らしの201号,complete
2,168,em-f91f1d179dcb,カナちゃんでつ,12,1661,1661,1,heal,-0.1528,-0.2262,0.5833,0.7361,ハラショー☆ビッツェ / カナちゃんでつ / ポディアさま / クレリゴス子様 / かんと師匠,電波姫☆いまりちゃん / さくらこはダムです / メル子大先生 / 明日香大明神 / 甲羅暮らしの201号,complete
2,169,em-fbb333645878,戸隠ちび大助,14,226,2193,2,attack_buff,-0.1458,-0.2263,0.5903,0.7361,ハラショー☆ビッツェ / 戸隠ちび大助 / ポディアさま / クレリゴス子様 / かんと師匠,電波姫☆いまりちゃん / さくらこはダムです / メル子大先生 / 明日香大明神 / 甲羅暮らしの201号,complete
2,170,em-690a803a0c00,タッターさん,47,4089,2222,2,multi_hit_attack,-0.1597,-0.2265,0.5764,0.7361,ハラショー☆ビッツェ / タッターさん / 時のプラズマ / 明日香大明神 / ロータス先輩,電波姫☆いまりちゃん / さくらこはダムです / メル子大先生 / 明日香大明神 / 甲羅暮らしの201号,complete
2,171,em-10db7896577b,人面恐竜の謎,12,1000,1200,2,attack_buff,-0.1528,-0.2273,0.5833,0.7361,ハラショー☆ビッツェ / 人面恐竜の謎 / ポディアさま / クレリゴス子様 / かんと師匠,電波姫☆いまりちゃん / さくらこはダムです / メル子大先生 / 明日香大明神 / 甲羅暮らしの201号,complete
2,172,em-13b101b040d3,有田家の娘,15,1205,1195,2,attribute_change,-0.1528,-0.2273,0.5833,0.7361,ハラショー☆ビッツェ / 有田家の娘 / ポディアさま / クレリゴス子様 / かんと師匠,電波姫☆いまりちゃん / さくらこはダムです / メル子大先生 / 明日香大明神 / 甲羅暮らしの201号,complete
2,173,em-e9a9af4ae9bc,梨豚ぴぐぺん,6,500,600,2,attack_buff,-0.1528,-0.2273,0.5833,0.7361,ハラショー☆ビッツェ / 梨豚ぴぐぺん / ポディアさま / クレリゴス子様 / リスマニア,電波姫☆いまりちゃん / さくらこはダムです / メル子大先生 / 明日香大明神 / 甲羅暮らしの201号,complete
2,174,em-679b3b1b58a8,シャフとリサブス,25,2944,3548,1,heal,-0.1667,-0.2274,0.5694,0.7361,電波姫☆いまりちゃん / シャフとリサブス / すわ子isGOD！ / 明日香大明神 / ロータス先輩,電波姫☆いまりちゃん / さくらこはダムです / メル子大先生 / 明日香大明神 / 甲羅暮らしの201号,complete
2,175,em-c3d00c8f1bd5,竜馬は撃ちぬけない,30,4430,4430,1,attribute_change,-0.1667,-0.2274,0.5694,0.7361,電波姫☆いまりちゃん / 竜馬は撃ちぬけない / メル子大先生 / 明日香大明神 / ロータス先輩,電波姫☆いまりちゃん / さくらこはダムです / メル子大先生 / 明日香大明神 / 甲羅暮らしの201号,complete
2,176,em-a7fc49aa8c73,広報担当：アッシュ,37,5112,3748,2,attribute_guard,-0.1667,-0.2274,0.5694,0.7361,電波姫☆いまりちゃん / 広報担当：アッシュ / メル子大先生 / 明日香大明神 / zuス様とsiラ様,電波姫☆いまりちゃん / さくらこはダムです / メル子大先生 / 明日香大明神 / 甲羅暮らしの201号,complete
2,177,em-96c4c1bf7f87,畳リーゼントの御頭,40,4345,4345,2,attack_buff,-0.1597,-0.2277,0.5764,0.7361,ハラショー☆ビッツェ / 畳リーゼントの御頭 / すわ子isGOD！ / 明日香大明神 / ロータス先輩,電波姫☆いまりちゃん / さくらこはダムです / メル子大先生 / 明日香大明神 / 甲羅暮らしの201号,complete
2,178,em-8a1f54dc1206,讃えよ！ヒンヌー教徒,46,3393,4260,1,attribute_change,-0.1597,-0.2277,0.5764,0.7361,ハラショー☆ビッツェ / 讃えよ！ヒンヌー教徒 / メル子大先生 / 明日香大明神 / ロータス先輩,電波姫☆いまりちゃん / さくらこはダムです / メル子大先生 / 明日香大明神 / 甲羅暮らしの201号,complete
2,179,em-7a7f1cd12450,スオ面スナイパー,13,1132,1812,1,attack_buff,-0.1458,-0.2283,0.5903,0.7361,ハラショー☆ビッツェ / スオ面スナイパー / ポディアさま / クレリゴス子様 / かんと師匠,電波姫☆いまりちゃん / さくらこはダムです / メル子大先生 / 明日香大明神 / 甲羅暮らしの201号,complete
2,180,em-218dda17d95f,ヒッタ・伊東(日系),26,2567,1510,1,aoe_attack,-0.1667,-0.2287,0.5694,0.7361,電波姫☆いまりちゃん / ヒッタ・伊東(日系) / すわ子isGOD！ / 明日香大明神 / ロータス先輩,電波姫☆いまりちゃん / さくらこはダムです / メル子大先生 / 明日香大明神 / 甲羅暮らしの201号,complete
2,181,em-cf3fd175f595,プチさんグロさん,27,2807,2895,2,aoe_attack,-0.1667,-0.2287,0.5694,0.7361,電波姫☆いまりちゃん / プチさんグロさん / すわ子isGOD！ / 明日香大明神 / ロータス先輩,電波姫☆いまりちゃん / さくらこはダムです / メル子大先生 / 明日香大明神 / 甲羅暮らしの201号,complete
2,182,em-f2d052955a43,大正義・フクちゃん,7,1128,1269,2,attribute_change,-0.1597,-0.2289,0.5764,0.7361,電波姫☆いまりちゃん / 大正義・フクちゃん / ポディアさま / クレリゴス子様 / ガハラさん,電波姫☆いまりちゃん / さくらこはダムです / メル子大先生 / 明日香大明神 / 甲羅暮らしの201号,complete
2,183,em-39a55990bbc4,願え！クルスさん,11,800,800,1,attribute_change,-0.1597,-0.2289,0.5764,0.7361,ハラショー☆ビッツェ / 願え！クルスさん / ポディアさま / クレリゴス子様 / かんと師匠,電波姫☆いまりちゃん / さくらこはダムです / メル子大先生 / 明日香大明神 / 甲羅暮らしの201号,complete
2,184,em-ec43e91715ed,大谷雪之ちゃん,13,3171,604,2,damage_reduction,-0.1597,-0.2289,0.5764,0.7361,ハラショー☆ビッツェ / 大谷雪之ちゃん / ポディアさま / クレリゴス子様 / かんと師匠,電波姫☆いまりちゃん / さくらこはダムです / メル子大先生 / 明日香大明神 / 甲羅暮らしの201号,complete
2,185,em-03bd45a21028,覚醒ねっつ,6,346,297,2,multi_hit_attack,-0.1597,-0.2289,0.5764,0.7361,ハラショー☆ビッツェ / 覚醒ねっつ / ポディアさま / クレリゴス子様 / リスマニア,電波姫☆いまりちゃん / さくらこはダムです / メル子大先生 / 明日香大明神 / 甲羅暮らしの201号,complete
2,186,em-7f3eb7b8272c,にゅー先生,15,700,2200,2,guard,-0.1458,-0.2293,0.5903,0.7361,ハラショー☆ビッツェ / にゅー先生 / ポディアさま / クレリゴス子様 / かんと師匠,電波姫☆いまりちゃん / さくらこはダムです / メル子大先生 / 明日香大明神 / 甲羅暮らしの201号,complete
2,187,em-acc7e76f32c6,満開☆チゥりっぷちゃん,20,563,2957,2,attribute_change,-0.1667,-0.23,0.5694,0.7361,ハラショー☆ビッツェ / 満開☆チゥりっぷちゃん / ポディアさま / クレリゴス子様 / ガハラさん,電波姫☆いまりちゃん / さくらこはダムです / メル子大先生 / 明日香大明神 / 甲羅暮らしの201号,complete
2,188,em-971ee3677529,ポディアさま,20,2254,1127,2,attribute_guard,-0.1736,-0.2304,0.5625,0.7361,電波姫☆いまりちゃん / ポディアさま / すわ子isGOD！ / 明日香大明神 / ロータス先輩,電波姫☆いまりちゃん / さくらこはダムです / メル子大先生 / 明日香大明神 / 甲羅暮らしの201号,complete
2,189,em-ca249600bce3,アレス暮らし,24,2737,1932,1,attack_buff,-0.1736,-0.2304,0.5625,0.7361,電波姫☆いまりちゃん / アレス暮らし / すわ子isGOD！ / 明日香大明神 / ロータス先輩,電波姫☆いまりちゃん / さくらこはダムです / メル子大先生 / 明日香大明神 / 甲羅暮らしの201号,complete
2,190,em-5c142a19c12c,菅大臣・どうしん様,24,2649,2504,1,heal,-0.1736,-0.2304,0.5625,0.7361,電波姫☆いまりちゃん / 菅大臣・どうしん様 / すわ子isGOD！ / 明日香大明神 / ロータス先輩,電波姫☆いまりちゃん / さくらこはダムです / メル子大先生 / 明日香大明神 / 甲羅暮らしの201号,complete
2,191,em-638abcb1284e,パレンケＶＲＳ,49,5282,3386,2,guard,-0.1667,-0.2312,0.5694,0.7361,ハラショー☆ビッツェ / パレンケＶＲＳ / すわ子isGOD！ / 明日香大明神 / zuス様とsiラ様,電波姫☆いまりちゃん / さくらこはダムです / メル子大先生 / 明日香大明神 / 甲羅暮らしの201号,complete
2,192,em-4dc27428f645,よりりんＫ林スタイル,24,2576,2576,2,attribute_change,-0.1736,-0.2318,0.5625,0.7361,電波姫☆いまりちゃん / よりりんＫ林スタイル / すわ子isGOD！ / 明日香大明神 / ロータス先輩,電波姫☆いまりちゃん / さくらこはダムです / メル子大先生 / 明日香大明神 / 甲羅暮らしの201号,complete
2,193,em-59636157ae2e,コーベンパイア天爵,45,5282,1757,2,damage_reduction,-0.1597,-0.2323,0.5764,0.7361,ハラショー☆ビッツェ / コーベンパイア天爵 / すわ子isGOD！ / 明日香大明神 / ロータス先輩,電波姫☆いまりちゃん / さくらこはダムです / メル子大先生 / 明日香大明神 / 甲羅暮らしの201号,complete
2,194,em-3d15cccd7b04,ジャバラ帝王,10,2375,593,2,attribute_guard,-0.1667,-0.2324,0.5694,0.7361,ハラショー☆ビッツェ / ジャバラ帝王 / ポディアさま / クレリゴス子様 / ロータス先輩,電波姫☆いまりちゃん / さくらこはダムです / メル子大先生 / 明日香大明神 / 甲羅暮らしの201号,complete
2,195,em-e6496091dd0f,シャーミーくん,20,2948,2556,1,attack_buff,-0.1667,-0.2324,0.5694,0.7361,電波姫☆いまりちゃん / シャーミーくん / すわ子isGOD！ / 明日香大明神 / ロータス先輩,電波姫☆いまりちゃん / さくらこはダムです / メル子大先生 / 明日香大明神 / 甲羅暮らしの201号,complete
2,196,em-e175742da17f,恐怖！蟹男,9,700,600,2,guard,-0.1667,-0.2324,0.5694,0.7361,ハラショー☆ビッツェ / 恐怖！蟹男 / ポディアさま / クレリゴス子様 / ロータス先輩,電波姫☆いまりちゃん / さくらこはダムです / メル子大先生 / 明日香大明神 / 甲羅暮らしの201号,complete
2,197,em-ed2bb6e12815,ラスコー原人,14,604,3624,1,attribute_change,-0.1528,-0.2325,0.5833,0.7361,ハラショー☆ビッツェ / ラスコー原人 / ポディアさま / クレリゴス子様 / かんと師匠,電波姫☆いまりちゃん / さくらこはダムです / メル子大先生 / 明日香大明神 / 甲羅暮らしの201号,complete
2,198,em-7688ea925e5e,瑠璃ノ宮,27,3408,2726,1,damage_reduction,-0.1736,-0.2332,0.5625,0.7361,電波姫☆いまりちゃん / 瑠璃ノ宮 / すわ子isGOD！ / 明日香大明神 / ロータス先輩,電波姫☆いまりちゃん / さくらこはダムです / メル子大先生 / 明日香大明神 / 甲羅暮らしの201号,complete
2,199,em-cc5e3cfa7400,綺麗なソフィアさん,62,7157,1704,1,multi_hit_attack,-0.1597,-0.2333,0.5764,0.7361,ハラショー☆ビッツェ / 綺麗なソフィアさん / 時のプラズマ / おあげさん / ガハラさん,電波姫☆いまりちゃん / さくらこはダムです / メル子大先生 / 明日香大明神 / 甲羅暮らしの201号,complete
2,200,em-ee43bce0e25f,vにゅーさん,51,3567,5271,1,damage_reduction,-0.1597,-0.2333,0.5764,0.7361,ハラショー☆ビッツェ / vにゅーさん / すわ子isGOD！ / 明日香大明神 / zuス様とsiラ様,電波姫☆いまりちゃん / さくらこはダムです / メル子大先生 / 明日香大明神 / 甲羅暮らしの201号,complete
2,201,em-c358a9d61a43,PiぐPeんとBiぐBeん,15,1208,1510,2,attack_buff,-0.1667,-0.2337,0.5694,0.7361,ハラショー☆ビッツェ / PiぐPeんとBiぐBeん / ポディアさま / クレリゴス子様 / かんと師匠,電波姫☆いまりちゃん / さくらこはダムです / メル子大先生 / 明日香大明神 / 甲羅暮らしの201号,complete
2,202,em-82d7b7a877f8,電ドロ白鷺嬢,39,6816,2556,2,heal,-0.1667,-0.2337,0.5694,0.7361,電波姫☆いまりちゃん / 電ドロ白鷺嬢 / 時のプラズマ / おあげさん / かんと師匠,電波姫☆いまりちゃん / さくらこはダムです / メル子大先生 / 明日香大明神 / 甲羅暮らしの201号,complete
2,203,em-271cd70345ae,下羅多ひひ次郎,44,2385,6986,1,attribute_change,-0.1597,-0.2344,0.5764,0.7361,ハラショー☆ビッツェ / 下羅多ひひ次郎 / メル子大先生 / 明日香大明神 / ロータス先輩,電波姫☆いまりちゃん / さくらこはダムです / メル子大先生 / 明日香大明神 / 甲羅暮らしの201号,complete
2,204,em-c1544fb41324,元キャプテン・hɔーク,13,1359,1963,1,attribute_guard,-0.1528,-0.2345,0.5833,0.7361,ハラショー☆ビッツェ / 元キャプテン・hɔーク / ポディアさま / クレリゴス子様 / かんと師匠,電波姫☆いまりちゃん / さくらこはダムです / メル子大先生 / 明日香大明神 / 甲羅暮らしの201号,complete
2,205,em-640d19558093,聖なる打毬神！みるるん,19,1208,1963,2,attack_buff,-0.1736,-0.2345,0.5625,0.7361,ハラショー☆ビッツェ / 聖なる打毬神！みるるん / ポディアさま / クレリゴス子様 / ガハラさん,電波姫☆いまりちゃん / さくらこはダムです / メル子大先生 / 明日香大明神 / 甲羅暮らしの201号,complete
2,206,em-269e75871422,瑠璃☆瑠璃,27,2726,2181,1,damage_reduction,-0.1806,-0.2347,0.5556,0.7361,電波姫☆いまりちゃん / 瑠璃☆瑠璃 / すわ子isGOD！ / 明日香大明神 / ロータス先輩,電波姫☆いまりちゃん / さくらこはダムです / メル子大先生 / 明日香大明神 / 甲羅暮らしの201号,complete
2,207,em-422d01ea2ac0,走れわだっしー,21,1559,3264,1,attack_buff,-0.1667,-0.2348,0.5694,0.7361,ハラショー☆ビッツェ / 走れわだっしー / ポディアさま / クレリゴス子様 / ガハラさん,電波姫☆いまりちゃん / さくらこはダムです / メル子大先生 / 明日香大明神 / 甲羅暮らしの201号,complete
2,208,em-7b76cc31326e,迷走のヴァニ江,36,4379,2505,2,damage_reduction,-0.1667,-0.236,0.5694,0.7361,電波姫☆いまりちゃん / 迷走のヴァニ江 / すわ子isGOD！ / 明日香大明神 / zuス様とsiラ様,電波姫☆いまりちゃん / さくらこはダムです / メル子大先生 / 明日香大明神 / 甲羅暮らしの201号,complete
2,209,em-a818769b8b91,田島の春,44,1618,5112,2,multi_hit_attack,-0.1667,-0.236,0.5694,0.7361,ハラショー☆ビッツェ / 田島の春 / メル子大先生 / 明日香大明神 / ロータス先輩,電波姫☆いまりちゃん / さくらこはダムです / メル子大先生 / 明日香大明神 / 甲羅暮らしの201号,complete
2,210,em-f3be7c12380c,魔女ランダ,44,3067,5623,2,attribute_change,-0.1667,-0.236,0.5694,0.7361,ハラショー☆ビッツェ / 魔女ランダ / すわ子isGOD！ / 明日香大明神 / ロータス先輩,電波姫☆いまりちゃん / さくらこはダムです / メル子大先生 / 明日香大明神 / 甲羅暮らしの201号,complete
2,211,em-f46ba2125449,黍deギャリソン,20,3020,1963,1,heal,-0.1597,-0.2365,0.5764,0.7361,ハラショー☆ビッツェ / 黍deギャリソン / ポディアさま / クレリゴス子様 / まつやマン,電波姫☆いまりちゃん / さくらこはダムです / メル子大先生 / 明日香大明神 / 甲羅暮らしの201号,complete
2,212,em-080293573ea5,ダヴィアさん,19,2567,1914,2,attack_buff,-0.1667,-0.2371,0.5694,0.7361,ハラショー☆ビッツェ / ダヴィアさん / ポディアさま / クレリゴス子様 / まつやマン,電波姫☆いまりちゃん / さくらこはダムです / メル子大先生 / 明日香大明神 / 甲羅暮らしの201号,complete
2,213,em-a07828a97733,降臨！いつくしーみん,19,1761,3381,1,attack_buff,-0.1667,-0.2371,0.5694,0.7361,ハラショー☆ビッツェ / 降臨！いつくしーみん / ポディアさま / クレリゴス子様 / ガハラさん,電波姫☆いまりちゃん / さくらこはダムです / メル子大先生 / 明日香大明神 / 甲羅暮らしの201号,complete
2,214,em-8de6e4494a60,称えよ☆メジェド様！,25,2415,2415,2,guard,-0.1736,-0.2371,0.5625,0.7361,電波姫☆いまりちゃん / 称えよ☆メジェド様！ / すわ子isGOD！ / 明日香大明神 / ロータス先輩,電波姫☆いまりちゃん / さくらこはダムです / メル子大先生 / 明日香大明神 / 甲羅暮らしの201号,complete
2,215,em-4ea698949c11,侵略成功!?イカ翁,20,1131,1272,2,revive,-0.1736,-0.2371,0.5625,0.7361,ハラショー☆ビッツェ / 侵略成功!?イカ翁 / ポディアさま / クレリゴス子様 / ガハラさん,電波姫☆いまりちゃん / さくらこはダムです / メル子大先生 / 明日香大明神 / 甲羅暮らしの201号,complete
2,216,em-24a892c6ebea,Mt.CACHI×2,38,2556,3578,2,multi_hit_attack,-0.1736,-0.2371,0.5625,0.7361,電波姫☆いまりちゃん / Mt.CACHI×2 / メル子大先生 / おあげさん / かんと師匠,電波姫☆いまりちゃん / さくらこはダムです / メル子大先生 / 明日香大明神 / 甲羅暮らしの201号,complete
2,217,em-aeee7aac1b71,ジンジャーブレッド男,20,4143,2440,2,attack_buff,-0.1597,-0.2376,0.5764,0.7361,ハラショー☆ビッツェ / ジンジャーブレッド男 / ポディアさま / クレリゴス子様 / まつやマン,電波姫☆いまりちゃん / さくらこはダムです / メル子大先生 / 明日香大明神 / 甲羅暮らしの201号,complete
2,218,em-e5bf71c0bba9,都市伝説！蟹男,14,2393,1126,2,guard,-0.1667,-0.2383,0.5694,0.7361,ハラショー☆ビッツェ / 都市伝説！蟹男 / ポディアさま / クレリゴス子様 / かんと師匠,電波姫☆いまりちゃん / さくらこはダムです / メル子大先生 / 明日香大明神 / 甲羅暮らしの201号,complete
2,219,em-f659bbd46281,俄然みっけ太郎,11,800,1000,2,attribute_change,-0.1667,-0.2383,0.5694,0.7361,ハラショー☆ビッツェ / 俄然みっけ太郎 / ポディアさま / クレリゴス子様 / かんと師匠,電波姫☆いまりちゃん / さくらこはダムです / メル子大先生 / 明日香大明神 / 甲羅暮らしの201号,complete
2,220,em-6262a008b5c9,脱力コンビあろま＆るる,38,3067,5623,2,skill_reduction,-0.1667,-0.2383,0.5694,0.7361,電波姫☆いまりちゃん / 脱力コンビあろま＆るる / メル子大先生 / 明日香大明神 / zuス様とsiラ様,電波姫☆いまりちゃん / さくらこはダムです / メル子大先生 / 明日香大明神 / 甲羅暮らしの201号,partial-skill-support
2,221,em-cf9464eec3b4,ヒラメちゃん,13,2370,2044,1,attribute_change,-0.1667,-0.2383,0.5694,0.7361,ハラショー☆ビッツェ / ヒラメちゃん / ポディアさま / クレリゴス子様 / かんと師匠,電波姫☆いまりちゃん / さくらこはダムです / メル子大先生 / 明日香大明神 / 甲羅暮らしの201号,complete
2,222,em-ed21bd124ab2,牛タソ☆行進曲,14,755,1812,2,guard,-0.1667,-0.2383,0.5694,0.7361,ハラショー☆ビッツェ / 牛タソ☆行進曲 / ポディアさま / クレリゴス子様 / かんと師匠,電波姫☆いまりちゃん / さくらこはダムです / メル子大先生 / 明日香大明神 / 甲羅暮らしの201号,complete
2,223,em-b0799e52d0a8,カヌーイング・ケベック,28,3674,2641,1,attack_buff,-0.1736,-0.2384,0.5625,0.7361,電波姫☆いまりちゃん / カヌーイング・ケベック / メル子大先生 / 明日香大明神 / ロータス先輩,電波姫☆いまりちゃん / さくらこはダムです / メル子大先生 / 明日香大明神 / 甲羅暮らしの201号,complete
2,224,em-ea05427d05f5,ナポレオーヌくん,32,3121,2603,1,attack_buff,-0.1736,-0.2384,0.5625,0.7361,電波姫☆いまりちゃん / ナポレオーヌくん / メル子大先生 / 明日香大明神 / ロータス先輩,電波姫☆いまりちゃん / さくらこはダムです / メル子大先生 / 明日香大明神 / 甲羅暮らしの201号,complete
2,225,em-892bebe9d20c,ポtiア＆ポdiア,8,1762,634,2,attribute_guard,-0.1736,-0.2384,0.5625,0.7361,ハラショー☆ビッツェ / ポtiア＆ポdiア / ポディアさま / クレリゴス子様 / ロータス先輩,電波姫☆いまりちゃん / さくらこはダムです / メル子大先生 / 明日香大明神 / 甲羅暮らしの201号,complete
2,226,em-2b584e87473c,ウルルさんのオフ曜日,41,2958,6816,1,attack_buff,-0.1736,-0.2384,0.5625,0.7361,ハラショー☆ビッツェ / ウルルさんのオフ曜日 / すわ子isGOD！ / 明日香大明神 / ロータス先輩,電波姫☆いまりちゃん / さくらこはダムです / メル子大先生 / 明日香大明神 / 甲羅暮らしの201号,complete
2,227,em-2dbc1045b160,うすきま先生,15,1400,1000,1,attribute_change,-0.1667,-0.2394,0.5694,0.7361,ハラショー☆ビッツェ / うすきま先生 / ポディアさま / クレリゴス子様 / かんと師匠,電波姫☆いまりちゃん / さくらこはダムです / メル子大先生 / 明日香大明神 / 甲羅暮らしの201号,complete
2,228,em-e3dab98c64af,試作型おこしん,8,2265,1510,2,attribute_guard,-0.1667,-0.2394,0.5694,0.7361,ハラショー☆ビッツェ / 試作型おこしん / ポディアさま / クレリゴス子様 / ロータス先輩,電波姫☆いまりちゃん / さくらこはダムです / メル子大先生 / 明日香大明神 / 甲羅暮らしの201号,complete
2,229,em-563e34211286,大抵カールのせい,50,4686,5112,1,damage_reduction,-0.1667,-0.2394,0.5694,0.7361,ハラショー☆ビッツェ / 大抵カールのせい / すわ子isGOD！ / 明日香大明神 / zuス様とsiラ様,電波姫☆いまりちゃん / さくらこはダムです / メル子大先生 / 明日香大明神 / 甲羅暮らしの201号,complete
2,230,em-d46e72def2a2,いつくしーみん,8,380,840,2,attack_buff,-0.1736,-0.2396,0.5625,0.7361,ハラショー☆ビッツェ / いつくしーみん / ポディアさま / クレリゴス子様 / ロータス先輩,電波姫☆いまりちゃん / さくらこはダムです / メル子大先生 / 明日香大明神 / 甲羅暮らしの201号,complete
2,231,em-9991a7ad9a04,ヒラメさん進化中,22,4004,2556,1,attribute_change,-0.1736,-0.2396,0.5625,0.7361,ハラショー☆ビッツェ / ヒラメさん進化中 / ポディアさま / クレリゴス子様 / ガハラさん,電波姫☆いまりちゃん / さくらこはダムです / メル子大先生 / 明日香大明神 / 甲羅暮らしの201号,complete
2,232,em-55828eea72b7,スーリヤ大先輩,48,5360,1951,2,aoe_attack,-0.1667,-0.2405,0.5694,0.7361,ハラショー☆ビッツェ / スーリヤ大先輩 / すわ子isGOD！ / おあげさん / 頑張るハクさん,電波姫☆いまりちゃん / さくらこはダムです / メル子大先生 / 明日香大明神 / 甲羅暮らしの201号,complete
2,233,em-aefb52be8eca,半間鮫子,52,3411,6823,2,multi_hit_attack,-0.1667,-0.2405,0.5694,0.7361,ハラショー☆ビッツェ / 半間鮫子 / メル子大先生 / 明日香大明神 / zuス様とsiラ様,電波姫☆いまりちゃん / さくらこはダムです / メル子大先生 / 明日香大明神 / 甲羅暮らしの201号,complete
2,234,em-aa756f8a10dc,ラグーン☆南,22,2718,3473,2,attribute_change,-0.1876,-0.2405,0.5485,0.7361,電波姫☆いまりちゃん / ラグーン☆南 / すわ子isGOD！ / 明日香大明神 / ロータス先輩,電波姫☆いまりちゃん / さくらこはダムです / メル子大先生 / 明日香大明神 / 甲羅暮らしの201号,complete
2,235,em-66ea9ae769d2,白拍子キリコ,22,2898,2898,2,attribute_change,-0.1736,-0.2408,0.5625,0.7361,ハラショー☆ビッツェ / 白拍子キリコ / ポディアさま / クレリゴス子様 / ガハラさん,電波姫☆いまりちゃん / さくらこはダムです / メル子大先生 / 明日香大明神 / 甲羅暮らしの201号,complete
2,236,em-583f38470462,さくらエビライダー,26,2414,2414,2,attribute_change,-0.1806,-0.2417,0.5556,0.7361,電波姫☆いまりちゃん / さくらエビライダー / すわ子isGOD！ / 明日香大明神 / ロータス先輩,電波姫☆いまりちゃん / さくらこはダムです / メル子大先生 / 明日香大明神 / 甲羅暮らしの201号,complete
2,237,em-1cb67f0b7d2d,スノーな大谷,9,1100,200,2,damage_reduction,-0.1736,-0.242,0.5625,0.7361,ハラショー☆ビッツェ / スノーな大谷 / ポディアさま / クレリゴス子様 / ロータス先輩,電波姫☆いまりちゃん / さくらこはダムです / メル子大先生 / 明日香大明神 / 甲羅暮らしの201号,complete
2,238,em-00734b7bf0e4,アパカ☆アイガー師匠,16,1551,2733,1,attack_buff,-0.1667,-0.2426,0.5694,0.7361,ハラショー☆ビッツェ / アパカ☆アイガー師匠 / ポディアさま / クレリゴス子様 / zuス様とsiラ様,電波姫☆いまりちゃん / さくらこはダムです / メル子大先生 / 明日香大明神 / 甲羅暮らしの201号,complete
2,239,em-643d05a15e4e,エビユルゲ大佐,5,520,460,2,attribute_change,-0.1736,-0.2431,0.5625,0.7361,ラグーン☆南 / エビユルゲ大佐 / ポディアさま / クレリゴス子様 / 頑張るハクさん,電波姫☆いまりちゃん / さくらこはダムです / メル子大先生 / 明日香大明神 / 甲羅暮らしの201号,complete
2,240,em-8d7a9845b04b,コーベリアル男爵,5,400,380,2,attribute_guard,-0.1736,-0.2431,0.5625,0.7361,ラグーン☆南 / コーベリアル男爵 / ポディアさま / クレリゴス子様 / 頑張るハクさん,電波姫☆いまりちゃん / さくらこはダムです / メル子大先生 / 明日香大明神 / 甲羅暮らしの201号,complete
2,241,em-501834a284b1,加賀友☆禅野さん,38,4175,4771,2,attribute_change,-0.1736,-0.2431,0.5625,0.7361,電波姫☆いまりちゃん / 加賀友☆禅野さん / メル子大先生 / おあげさん / かんと師匠,電波姫☆いまりちゃん / さくらこはダムです / メル子大先生 / 明日香大明神 / 甲羅暮らしの201号,complete
2,242,em-16f5c5743e68,駆けろわだっしー,42,1559,4968,2,attack_buff,-0.1736,-0.2431,0.5625,0.7361,ハラショー☆ビッツェ / 駆けろわだっしー / すわ子isGOD！ / 明日香大明神 / ロータス先輩,電波姫☆いまりちゃん / さくらこはダムです / メル子大先生 / 明日香大明神 / 甲羅暮らしの201号,complete
2,243,em-8f7b014ebd06,すわ子isGOD！,18,2254,2737,2,multi_hit_attack,-0.1736,-0.2431,0.5625,0.7361,ハラショー☆ビッツェ / すわ子isGOD！ / ポディアさま / クレリゴス子様 / まつやマン,電波姫☆いまりちゃん / さくらこはダムです / メル子大先生 / 明日香大明神 / 甲羅暮らしの201号,complete
2,244,em-eeba5b4dcba6,カニパンだっ！,23,2737,2415,2,guard,-0.1667,-0.2437,0.5694,0.7361,ハラショー☆ビッツェ / カニパンだっ！ / ポディアさま / クレリゴス子様 / ガハラさん,電波姫☆いまりちゃん / さくらこはダムです / メル子大先生 / 明日香大明神 / 甲羅暮らしの201号,complete
2,245,em-378e340695dc,スクナクナクナクス,50,6816,3408,2,aoe_attack,-0.1736,-0.2443,0.5625,0.7361,ハラショー☆ビッツェ / スクナクナクナクス / すわ子isGOD！ / おあげさん / かんと師匠,電波姫☆いまりちゃん / さくらこはダムです / メル子大先生 / 明日香大明神 / 甲羅暮らしの201号,complete
2,246,em-6c5a2955b199,ほぼネ甲ネイ・テウケ,26,3059,2737,2,attack_buff,-0.1875,-0.2447,0.5486,0.7361,電波姫☆いまりちゃん / ほぼネ甲ネイ・テウケ / すわ子isGOD！ / 明日香大明神 / ロータス先輩,電波姫☆いまりちゃん / さくらこはダムです / メル子大先生 / 明日香大明神 / 甲羅暮らしの201号,complete
2,247,em-9974d2b554c4,ｼｬﾐｯ子！シャーミー君,36,4652,3919,1,attack_buff,-0.1736,-0.2465,0.5625,0.7361,電波姫☆いまりちゃん / ｼｬﾐｯ子！シャーミー君 / すわ子isGOD！ / 明日香大明神 / zuス様とsiラ様,電波姫☆いまりちゃん / さくらこはダムです / メル子大先生 / 明日香大明神 / 甲羅暮らしの201号,complete
2,248,em-842f3d28d20e,のり男師匠,8,1285,1118,2,attribute_guard,-0.1806,-0.2467,0.5556,0.7361,ハラショー☆ビッツェ / のり男師匠 / ポディアさま / クレリゴス子様 / ロータス先輩,電波姫☆いまりちゃん / さくらこはダムです / メル子大先生 / 明日香大明神 / 甲羅暮らしの201号,complete
2,249,em-2449b6ff9d58,スマトラのウータン,12,2703,657,2,attribute_change,-0.1806,-0.2467,0.5556,0.7361,イグナシオさんミニ / スマトラのウータン / ポディアさま / クレリゴス子様 / 頑張るハクさん,電波姫☆いまりちゃん / さくらこはダムです / メル子大先生 / 明日香大明神 / 甲羅暮らしの201号,complete
2,250,em-0b273c3da2d3,ぴぐぺん＆びぐべん,12,700,900,2,attack_buff,-0.1806,-0.2479,0.5556,0.7361,ハラショー☆ビッツェ / ぴぐぺん＆びぐべん / ポディアさま / クレリゴス子様 / かんと師匠,電波姫☆いまりちゃん / さくらこはダムです / メル子大先生 / 明日香大明神 / 甲羅暮らしの201号,complete
2,251,em-f76821f7daba,スライディング・ケベック,18,2532,1993,1,attack_buff,-0.1806,-0.2479,0.5556,0.7361,ハラショー☆ビッツェ / スライディング・ケベック / ポディアさま / クレリゴス子様 / ガハラさん,電波姫☆いまりちゃん / さくらこはダムです / メル子大先生 / 明日香大明神 / 甲羅暮らしの201号,complete
2,252,em-51e67cfa8578,さくらこさーん,5,600,300,1,attribute_guard,-0.1736,-0.2497,0.5625,0.7361,ラグーン☆南 / さくらこさーん / ポディアさま / クレリゴス子様 / 頑張るハクさん,電波姫☆いまりちゃん / さくらこはダムです / メル子大先生 / 明日香大明神 / 甲羅暮らしの201号,complete
2,253,em-d9e193a7c929,斑鳩の太子くん,36,4260,2896,2,heal,-0.1875,-0.2501,0.5486,0.7361,電波姫☆いまりちゃん / 斑鳩の太子くん / メル子大先生 / おあげさん / 頑張るハクさん,電波姫☆いまりちゃん / さくらこはダムです / メル子大先生 / 明日香大明神 / 甲羅暮らしの201号,complete
2,254,em-2b210d4c11e4,ラム！セス！シャス！,18,2265,1359,1,attribute_change,-0.1875,-0.2501,0.5486,0.7361,ハラショー☆ビッツェ / ラム！セス！シャス！ / ポディアさま / クレリゴス子様 / ガハラさん,電波姫☆いまりちゃん / さくらこはダムです / メル子大先生 / 明日香大明神 / 甲羅暮らしの201号,complete
2,255,em-34cf8a0c175b,なるとびくんの海中遊泳,18,2684,613,1,attack_buff,-0.1875,-0.2501,0.5486,0.7361,ハラショー☆ビッツェ / なるとびくんの海中遊泳 / ポディアさま / クレリゴス子様 / ガハラさん,電波姫☆いまりちゃん / さくらこはダムです / メル子大先生 / 明日香大明神 / 甲羅暮らしの201号,complete
2,256,em-cdfbe8acd59f,はんばー先輩,24,4444,563,2,revive,-0.1875,-0.2501,0.5486,0.7361,電波姫☆いまりちゃん / はんばー先輩 / すわ子isGOD！ / 明日香大明神 / ロータス先輩,電波姫☆いまりちゃん / さくらこはダムです / メル子大先生 / 明日香大明神 / 甲羅暮らしの201号,complete
2,257,em-16131af7bb8a,人面恐竜亜種,16,1400,1600,2,attack_buff,-0.1806,-0.2502,0.5556,0.7361,ハラショー☆ビッツェ / 人面恐竜亜種 / ポディアさま / クレリゴス子様 / zuス様とsiラ様,電波姫☆いまりちゃん / さくらこはダムです / メル子大先生 / 明日香大明神 / 甲羅暮らしの201号,complete
2,258,em-7fa9f8e8ea8b,ガッサのお嬢,16,2726,2556,2,revive,-0.1806,-0.2502,0.5556,0.7361,ハラショー☆ビッツェ / ガッサのお嬢 / ポディアさま / クレリゴス子様 / zuス様とsiラ様,電波姫☆いまりちゃん / さくらこはダムです / メル子大先生 / 明日香大明神 / 甲羅暮らしの201号,complete
2,259,em-d09d2f80d34e,トマティーナ少佐,16,3748,2130,2,multi_hit_attack,-0.1736,-0.2508,0.5625,0.7361,ハラショー☆ビッツェ / トマティーナ少佐 / ポディアさま / クレリゴス子様 / zuス様とsiラ様,電波姫☆いまりちゃん / さくらこはダムです / メル子大先生 / 明日香大明神 / 甲羅暮らしの201号,complete
2,260,em-4c8a3408455b,泳ぐカネヒラさん,28,3748,3408,2,attribute_change,-0.1875,-0.2513,0.5486,0.7361,電波姫☆いまりちゃん / 泳ぐカネヒラさん / メル子大先生 / 明日香大明神 / ロータス先輩,電波姫☆いまりちゃん / さくらこはダムです / メル子大先生 / 明日香大明神 / 甲羅暮らしの201号,complete
2,261,em-4e78a5d0dc7a,中央アルプスの少女達,13,1812,1510,1,damage_reduction,-0.1736,-0.2518,0.5625,0.7361,イグナシオさんミニ / 中央アルプスの少女達 / ポディアさま / クレリゴス子様 / 頑張るハクさん,電波姫☆いまりちゃん / さくらこはダムです / メル子大先生 / 明日香大明神 / 甲羅暮らしの201号,complete
2,262,em-2f152df51cdc,エトナさん,50,5673,1704,1,aoe_attack,-0.1736,-0.2518,0.5625,0.7361,ハラショー☆ビッツェ / エトナさん / すわ子isGOD！ / 明日香大明神 / zuス様とsiラ様,電波姫☆いまりちゃん / さくらこはダムです / メル子大先生 / 明日香大明神 / 甲羅暮らしの201号,complete
2,263,em-69c457dd7e6a,スミθ＆エð,13,3020,755,2,attribute_guard,-0.1806,-0.2525,0.5556,0.7361,ハラショー☆ビッツェ / スミθ＆エð / ポディアさま / クレリゴス子様 / かんと師匠,電波姫☆いまりちゃん / さくらこはダムです / メル子大先生 / 明日香大明神 / 甲羅暮らしの201号,complete
2,264,em-2c691fe63d0d,ブッシュドノエルん,38,3652,5354,2,attack_buff,-0.1806,-0.2525,0.5556,0.7361,電波姫☆いまりちゃん / ブッシュドノエルん / メル子大先生 / 明日香大明神 / zuス様とsiラ様,電波姫☆いまりちゃん / さくらこはダムです / メル子大先生 / 明日香大明神 / 甲羅暮らしの201号,complete
2,265,em-b7b738711fb0,ちくわサンド,23,2817,2656,2,attack_buff,-0.1806,-0.2525,0.5556,0.7361,ハラショー☆ビッツェ / ちくわサンド / ポディアさま / クレリゴス子様 / ガハラさん,電波姫☆いまりちゃん / さくらこはダムです / メル子大先生 / 明日香大明神 / 甲羅暮らしの201号,complete
2,266,em-ec5b8324ab06,袴着！いつくしーみん,36,3401,3401,2,attack_buff,-0.1944,-0.2532,0.5417,0.7361,電波姫☆いまりちゃん / 袴着！いつくしーみん / すわ子isGOD！ / 明日香大明神 / zuス様とsiラ様,電波姫☆いまりちゃん / さくらこはダムです / メル子大先生 / 明日香大明神 / 甲羅暮らしの201号,complete
2,267,em-b9b869c15b9f,ルリマダラー,15,3786,378,2,attribute_guard,-0.1806,-0.2536,0.5556,0.7361,ハラショー☆ビッツェ / ルリマダラー / ポディアさま / クレリゴス子様 / かんと師匠,電波姫☆いまりちゃん / さくらこはダムです / メル子大先生 / 明日香大明神 / 甲羅暮らしの201号,complete
2,268,em-b8168a7a90ca,大杉に願いを☆ミ,39,5129,3067,2,attribute_guard,-0.1875,-0.2538,0.5486,0.7361,電波姫☆いまりちゃん / 大杉に願いを☆ミ / 時のプラズマ / 明日香大明神 / zuス様とsiラ様,電波姫☆いまりちゃん / さくらこはダムです / メル子大先生 / 明日香大明神 / 甲羅暮らしの201号,complete
2,269,em-c7cd54f2e503,ケラマ☆マジカ,7,1057,1198,2,attribute_guard,-0.1875,-0.255,0.5486,0.7361,電波姫☆いまりちゃん / ケラマ☆マジカ / ポディアさま / クレリゴス子様 / ガハラさん,電波姫☆いまりちゃん / さくらこはダムです / メル子大先生 / 明日香大明神 / 甲羅暮らしの201号,complete
2,270,em-7fd9b48cee31,七夕星人☆たたるんるん,20,3220,1610,2,attack_buff,-0.1806,-0.2558,0.5556,0.7361,ハラショー☆ビッツェ / 七夕星人☆たたるんるん / ポディアさま / クレリゴス子様 / まつやマン,電波姫☆いまりちゃん / さくらこはダムです / メル子大先生 / 明日香大明神 / 甲羅暮らしの201号,complete
2,271,em-ba3d7a48680e,駆けよ！みるるん,10,600,700,2,attack_buff,-0.1875,-0.2562,0.5486,0.7361,ハラショー☆ビッツェ / 駆けよ！みるるん / ポディアさま / クレリゴス子様 / ロータス先輩,電波姫☆いまりちゃん / さくらこはダムです / メル子大先生 / 明日香大明神 / 甲羅暮らしの201号,complete
2,272,em-c545b5a51997,トリニダの怪人,13,4077,1057,2,skill_reduction,-0.1875,-0.2562,0.5486,0.7361,ハラショー☆ビッツェ / トリニダの怪人 / ポディアさま / クレリゴス子様 / かんと師匠,電波姫☆いまりちゃん / さくらこはダムです / メル子大先生 / 明日香大明神 / 甲羅暮らしの201号,partial-skill-support
2,273,em-e442a06775e7,祭りだ☆富姫,40,3067,5453,2,attack_buff,-0.1875,-0.2562,0.5486,0.7361,ハラショー☆ビッツェ / 祭りだ☆富姫 / すわ子isGOD！ / 明日香大明神 / ロータス先輩,電波姫☆いまりちゃん / さくらこはダムです / メル子大先生 / 明日香大明神 / 甲羅暮らしの201号,complete
2,274,em-37e222cb9f2b,いんばーぬたん,53,3748,4771,2,attack_buff,-0.1806,-0.2568,0.5556,0.7361,ハラショー☆ビッツェ / いんばーぬたん / メル子大先生 / 明日香大明神 / zuス様とsiラ様,電波姫☆いまりちゃん / さくらこはダムです / メル子大先生 / 明日香大明神 / 甲羅暮らしの201号,complete
2,275,em-2d3e693a8406,ツキマシモン,35,3919,1704,2,attack_buff,-0.1944,-0.2572,0.5417,0.7361,電波姫☆いまりちゃん / ツキマシモン / すわ子isGOD！ / おあげさん / かんと師匠,電波姫☆いまりちゃん / さくらこはダムです / メル子大先生 / 明日香大明神 / 甲羅暮らしの201号,complete
2,276,em-d65d8f8b3d2e,エズ in スミス,20,3542,1771,1,attribute_guard,-0.1875,-0.2573,0.5486,0.7361,ハラショー☆ビッツェ / エズ in スミス / ポディアさま / クレリゴス子様 / まつやマン,電波姫☆いまりちゃん / さくらこはダムです / メル子大先生 / 明日香大明神 / 甲羅暮らしの201号,complete
2,277,em-53967f33f7c3,R&Rレストラン子,52,5230,5230,2,heal,-0.1875,-0.2573,0.5486,0.7361,ハラショー☆ビッツェ / R&Rレストラン子 / メル子大先生 / 明日香大明神 / zuス様とsiラ様,電波姫☆いまりちゃん / さくらこはダムです / メル子大先生 / 明日香大明神 / 甲羅暮らしの201号,complete
2,278,em-9d5a58645c8c,カロニスタ・ヴェニ子,37,4444,4444,2,attack_buff,-0.1944,-0.2584,0.5417,0.7361,電波姫☆いまりちゃん / カロニスタ・ヴェニ子 / メル子大先生 / おあげさん / かんと師匠,電波姫☆いまりちゃん / さくらこはダムです / メル子大先生 / 明日香大明神 / 甲羅暮らしの201号,complete
2,279,em-09a7a163b0cd,沼南ぱモーセ,38,2556,5623,2,attack_buff,-0.1875,-0.2596,0.5486,0.7361,電波姫☆いまりちゃん / 沼南ぱモーセ / メル子大先生 / 明日香大明神 / zuス様とsiラ様,電波姫☆いまりちゃん / さくらこはダムです / メル子大先生 / 明日香大明神 / 甲羅暮らしの201号,complete
2,280,em-627c09c619f8,さくら…こなのか,7,888,482,1,attribute_guard,-0.1875,-0.2596,0.5486,0.7361,電波姫☆いまりちゃん / さくら…こなのか / ポディアさま / クレリゴス子様 / ガハラさん,電波姫☆いまりちゃん / さくらこはダムです / メル子大先生 / 明日香大明神 / 甲羅暮らしの201号,complete
2,281,em-c33cc8cd4298,ほたるんるんるん,12,1100,1600,2,attribute_change,-0.1875,-0.2596,0.5486,0.7361,イグナシオさんミニ / ほたるんるんるん / ポディアさま / クレリゴス子様 / 頑張るハクさん,電波姫☆いまりちゃん / さくらこはダムです / メル子大先生 / 明日香大明神 / 甲羅暮らしの201号,complete
2,282,em-35db097208c5,勝斧・冠,60,6816,4089,1,attack_buff,-0.1875,-0.2596,0.5486,0.7361,ハラショー☆ビッツェ / 勝斧・冠 / メル子大先生 / おあげさん / ガハラさん,電波姫☆いまりちゃん / さくらこはダムです / メル子大先生 / 明日香大明神 / 甲羅暮らしの201号,complete
2,283,em-3b481c9796d0,糸巻万太朗,38,5623,4260,2,attribute_change,-0.1944,-0.2597,0.5417,0.7361,電波姫☆いまりちゃん / 糸巻万太朗 / メル子大先生 / 明日香大明神 / zuス様とsiラ様,電波姫☆いまりちゃん / さくらこはダムです / メル子大先生 / 明日香大明神 / 甲羅暮らしの201号,complete
2,284,em-6d8ed6eb36b3,えかちぇたん,25,4260,2385,1,multi_hit_attack,-0.1944,-0.2597,0.5417,0.7361,電波姫☆いまりちゃん / えかちぇたん / すわ子isGOD！ / 明日香大明神 / ロータス先輩,電波姫☆いまりちゃん / さくらこはダムです / メル子大先生 / 明日香大明神 / 甲羅暮らしの201号,complete
2,285,em-814e01d05463,非伝説の潮真,60,7535,2423,1,attribute_guard,-0.1944,-0.2597,0.5417,0.7361,ハラショー☆ビッツェ / 非伝説の潮真 / メル子大先生 / おあげさん / ガハラさん,電波姫☆いまりちゃん / さくらこはダムです / メル子大先生 / 明日香大明神 / 甲羅暮らしの201号,complete
2,286,em-eb82ebf01396,ぶりょぶりょ,16,39,2961,1,attribute_guard,-0.1875,-0.2607,0.5486,0.7361,ハラショー☆ビッツェ / ぶりょぶりょ / ポディアさま / クレリゴス子様 / zuス様とsiラ様,電波姫☆いまりちゃん / さくらこはダムです / メル子大先生 / 明日香大明神 / 甲羅暮らしの201号,complete
2,287,em-7b3e9b66e40d,叶う！クルス様,12,1699,1699,1,attribute_change,-0.1806,-0.2609,0.5556,0.7361,ハラショー☆ビッツェ / 叶う！クルス様 / ポディアさま / クレリゴス子様 / かんと師匠,電波姫☆いまりちゃん / さくらこはダムです / メル子大先生 / 明日香大明神 / 甲羅暮らしの201号,complete
2,288,em-1ee791ea027b,絶許！からっ風太郎,24,2598,2592,2,attack_buff,-0.2014,-0.2616,0.5347,0.7361,電波姫☆いまりちゃん / 絶許！からっ風太郎 / すわ子isGOD！ / 明日香大明神 / ロータス先輩,電波姫☆いまりちゃん / さくらこはダムです / メル子大先生 / 明日香大明神 / 甲羅暮らしの201号,complete
2,289,em-42c90dd17240,GSPS！秀郷先生,34,3578,4601,2,attack_buff,-0.2014,-0.2616,0.5347,0.7361,電波姫☆いまりちゃん / GSPS！秀郷先生 / すわ子isGOD！ / 明日香大明神 / zuス様とsiラ様,電波姫☆いまりちゃん / さくらこはダムです / メル子大先生 / 明日香大明神 / 甲羅暮らしの201号,complete
2,290,em-7f5fe06d82f7,特攻のびゃこ,39,2641,6219,2,attack_buff,-0.1944,-0.2621,0.5417,0.7361,電波姫☆いまりちゃん / 特攻のびゃこ / 時のプラズマ / 明日香大明神 / zuス様とsiラ様,電波姫☆いまりちゃん / さくらこはダムです / メル子大先生 / 明日香大明神 / 甲羅暮らしの201号,complete
2,291,em-251852280bcf,どうしんさん,12,615,605,1,heal,-0.1944,-0.2621,0.5417,0.7361,イグナシオさんミニ / どうしんさん / ポディアさま / クレリゴス子様 / 頑張るハクさん,電波姫☆いまりちゃん / さくらこはダムです / メル子大先生 / 明日香大明神 / 甲羅暮らしの201号,complete
2,292,em-a71e0044e313,舞楽！いつくしーみん,15,800,1600,1,attack_buff,-0.1875,-0.2639,0.5486,0.7361,ハラショー☆ビッツェ / 舞楽！いつくしーみん / ポディアさま / クレリゴス子様 / かんと師匠,電波姫☆いまりちゃん / さくらこはダムです / メル子大先生 / 明日香大明神 / 甲羅暮らしの201号,complete
2,293,em-e6f637d7bc03,なるとびくんの裏側,18,2385,545,1,attack_buff,-0.2014,-0.2643,0.5347,0.7361,ハラショー☆ビッツェ / なるとびくんの裏側 / ポディアさま / クレリゴス子様 / ガハラさん,電波姫☆いまりちゃん / さくらこはダムです / メル子大先生 / 明日香大明神 / 甲羅暮らしの201号,complete
2,294,em-d4e50f80f825,コーベリアル,4,305,297,2,attribute_guard,-0.1944,-0.2644,0.5417,0.7361,電波姫☆いまりちゃん / コーベリアル / ポディアさま / クレリゴス子様 / まつやマン,電波姫☆いまりちゃん / さくらこはダムです / メル子大先生 / 明日香大明神 / 甲羅暮らしの201号,complete
2,295,em-0c3e6f251b0b,いまりさん,12,795,805,2,attribute_change,-0.1944,-0.2644,0.5417,0.7361,ハラショー☆ビッツェ / いまりさん / ポディアさま / クレリゴス子様 / かんと師匠,電波姫☆いまりちゃん / さくらこはダムです / メル子大先生 / 明日香大明神 / 甲羅暮らしの201号,complete
2,296,em-684042304ec3,毬れ！みるるん,12,700,800,2,attack_buff,-0.1944,-0.2644,0.5417,0.7361,ハラショー☆ビッツェ / 毬れ！みるるん / ポディアさま / クレリゴス子様 / かんと師匠,電波姫☆いまりちゃん / さくらこはダムです / メル子大先生 / 明日香大明神 / 甲羅暮らしの201号,complete
2,297,em-1566d5e1d937,怪奇！蟹男,6,600,500,2,guard,-0.1944,-0.2644,0.5417,0.7361,ハラショー☆ビッツェ / 怪奇！蟹男 / ポディアさま / クレリゴス子様 / リスマニア,電波姫☆いまりちゃん / さくらこはダムです / メル子大先生 / 明日香大明神 / 甲羅暮らしの201号,complete
2,298,em-4d5398085b0f,うすきまさん,8,640,580,1,attribute_change,-0.1944,-0.2656,0.5417,0.7361,電波姫☆いまりちゃん / うすきまさん / ポディアさま / クレリゴス子様 / ガハラさん,電波姫☆いまりちゃん / さくらこはダムです / メル子大先生 / 明日香大明神 / 甲羅暮らしの201号,complete
2,299,em-410cc22d32bc,アロハる☆水島神人,16,3246,1887,2,attribute_change,-0.1944,-0.2667,0.5417,0.7361,ハラショー☆ビッツェ / アロハる☆水島神人 / ポディアさま / クレリゴス子様 / zuス様とsiラ様,電波姫☆いまりちゃん / さくらこはダムです / メル子大先生 / 明日香大明神 / 甲羅暮らしの201号,complete
2,300,em-83954a93a691,閃きのヒラメちゃん,60,6560,4430,2,attribute_change,-0.1944,-0.2678,0.5417,0.7361,ハラショー☆ビッツェ / 閃きのヒラメちゃん / メル子大先生 / おあげさん / ガハラさん,電波姫☆いまりちゃん / さくらこはダムです / メル子大先生 / 明日香大明神 / 甲羅暮らしの201号,complete
2,301,em-2be7abbe40d1,大晦日！ナモミ先輩,14,300,1700,2,attack_buff,-0.1875,-0.268,0.5486,0.7361,ハラショー☆ビッツェ / 大晦日！ナモミ先輩 / ポディアさま / クレリゴス子様 / かんと師匠,電波姫☆いまりちゃん / さくらこはダムです / メル子大先生 / 明日香大明神 / 甲羅暮らしの201号,complete
2,302,em-a7819b7b49e4,ホソエガサちゃん,16,2181,2044,2,revive,-0.1944,-0.2689,0.5417,0.7361,ハラショー☆ビッツェ / ホソエガサちゃん / ポディアさま / クレリゴス子様 / zuス様とsiラ様,電波姫☆いまりちゃん / さくらこはダムです / メル子大先生 / 明日香大明神 / 甲羅暮らしの201号,complete
2,303,em-db1935c2a136,コーベリアル公爵,10,1229,1173,1,attribute_guard,-0.1944,-0.2689,0.5417,0.7361,ハラショー☆ビッツェ / コーベリアル公爵 / ポディアさま / クレリゴス子様 / ロータス先輩,電波姫☆いまりちゃん / さくらこはダムです / メル子大先生 / 明日香大明神 / 甲羅暮らしの201号,complete
2,304,em-b48f7cea2b0f,鳴門美影,18,2982,681,1,attack_buff,-0.2014,-0.2692,0.5347,0.7361,ハラショー☆ビッツェ / 鳴門美影 / ポディアさま / クレリゴス子様 / ガハラさん,電波姫☆いまりちゃん / さくらこはダムです / メル子大先生 / 明日香大明神 / 甲羅暮らしの201号,complete
2,305,em-b269f3033038,うすきま先輩,12,840,760,1,attribute_change,-0.1944,-0.2699,0.5417,0.7361,ハラショー☆ビッツェ / うすきま先輩 / ポディアさま / クレリゴス子様 / かんと師匠,電波姫☆いまりちゃん / さくらこはダムです / メル子大先生 / 明日香大明神 / 甲羅暮らしの201号,complete
2,306,em-9c40d906d190,フィッシャーマン,4,296,314,1,heal,-0.2014,-0.2703,0.5347,0.7361,電波姫☆いまりちゃん / フィッシャーマン / ポディアさま / クレリゴス子様 / まつやマン,電波姫☆いまりちゃん / さくらこはダムです / メル子大先生 / 明日香大明神 / 甲羅暮らしの201号,complete
2,307,em-f14c0a7296cf,コーベリアル伯爵,7,500,480,2,attribute_guard,-0.2014,-0.2703,0.5347,0.7361,電波姫☆いまりちゃん / コーベリアル伯爵 / ポディアさま / クレリゴス子様 / ガハラさん,電波姫☆いまりちゃん / さくらこはダムです / メル子大先生 / 明日香大明神 / 甲羅暮らしの201号,complete
2,308,em-048f5c5385db,Mr.バトラー,34,4771,3067,1,attribute_change,-0.2014,-0.2703,0.5347,0.7361,電波姫☆いまりちゃん / Mr.バトラー / すわ子isGOD！ / 明日香大明神 / zuス様とsiラ様,電波姫☆いまりちゃん / さくらこはダムです / メル子大先生 / 明日香大明神 / 甲羅暮らしの201号,complete
2,309,em-f5955c15b029,ばんば新年2026,60,7668,3438,1,attack_buff,-0.2014,-0.2703,0.5347,0.7361,ハラショー☆ビッツェ / ばんば新年2026 / たけしマン / おあげさん / 頑張るハクさん,電波姫☆いまりちゃん / さくらこはダムです / メル子大先生 / 明日香大明神 / 甲羅暮らしの201号,complete
2,310,em-6ff1562355a9,ファジル先生,12,2256,1128,2,multi_hit_attack,-0.1944,-0.271,0.5417,0.7361,ハラショー☆ビッツェ / ファジル先生 / ポディアさま / クレリゴス子様 / かんと師匠,電波姫☆いまりちゃん / さくらこはダムです / メル子大先生 / 明日香大明神 / 甲羅暮らしの201号,complete
2,311,em-7c7befcdeb38,メル子大先生,16,1773,1934,2,attack_buff,-0.2014,-0.2715,0.5278,0.7292,ハラショー☆ビッツェ / メル子大先生 / ポディアさま / クレリゴス子様 / zuス様とsiラ様,ハラショー☆ビッツェ / ペーチパイセン / ????? / 明日香大明神 / ロータス先輩,complete
2,312,em-71cc97d858a5,うるだ・シュワー,38,3834,2300,1,attack_buff,-0.2014,-0.2726,0.5347,0.7361,電波姫☆いまりちゃん / うるだ・シュワー / メル子大先生 / 明日香大明神 / zuス様とsiラ様,電波姫☆いまりちゃん / さくらこはダムです / メル子大先生 / 明日香大明神 / 甲羅暮らしの201号,complete
2,313,em-cc181917eaeb,無双中な宗茂さん,60,6405,4941,2,aoe_attack,-0.2014,-0.2726,0.5347,0.7361,ハラショー☆ビッツェ / 無双中な宗茂さん / メル子大先生 / おあげさん / ガハラさん,電波姫☆いまりちゃん / さくらこはダムです / メル子大先生 / 明日香大明神 / 甲羅暮らしの201号,complete
2,314,em-6c215846fcb0,アン・ごろう,16,1356,1189,2,attack_buff,-0.2083,-0.2726,0.5278,0.7361,ハラショー☆ビッツェ / アン・ごろう / ポディアさま / クレリゴス子様 / zuス様とsiラ様,電波姫☆いまりちゃん / さくらこはダムです / メル子大先生 / 明日香大明神 / 甲羅暮らしの201号,complete
2,315,em-ecc88d69f40d,恋愛成就☆どうしん様,25,2649,2504,1,heal,-0.2083,-0.2726,0.5278,0.7361,電波姫☆いまりちゃん / 恋愛成就☆どうしん様 / すわ子isGOD！ / 明日香大明神 / ロータス先輩,電波姫☆いまりちゃん / さくらこはダムです / メル子大先生 / 明日香大明神 / 甲羅暮らしの201号,complete
2,316,em-fb18faf80584,妖鬼！蟹男,11,1100,700,2,guard,-0.2083,-0.2726,0.5278,0.7361,イグナシオさんミニ / 妖鬼！蟹男 / ポディアさま / クレリゴス子様 / 頑張るハクさん,電波姫☆いまりちゃん / さくらこはダムです / メル子大先生 / 明日香大明神 / 甲羅暮らしの201号,complete
2,317,em-8eb59e6085d5,明日香ちゃん,4,295,325,2,damage_reduction,-0.2083,-0.2738,0.5278,0.7361,電波姫☆いまりちゃん / 明日香ちゃん / ポディアさま / クレリゴス子様 / まつやマン,電波姫☆いまりちゃん / さくらこはダムです / メル子大先生 / 明日香大明神 / 甲羅暮らしの201号,complete
2,318,em-3725122fa93d,ホーク元船員,9,600,850,1,attribute_guard,-0.2014,-0.2748,0.5347,0.7361,ハラショー☆ビッツェ / ホーク元船員 / ポディアさま / クレリゴス子様 / ロータス先輩,電波姫☆いまりちゃん / さくらこはダムです / メル子大先生 / 明日香大明神 / 甲羅暮らしの201号,complete
2,319,em-0e6d3baf12ca,ネギ少女じゅんちゃん,36,3544,3544,1,heal,-0.2083,-0.275,0.5278,0.7361,電波姫☆いまりちゃん / ネギ少女じゅんちゃん / すわ子isGOD！ / 明日香大明神 / zuス様とsiラ様,電波姫☆いまりちゃん / さくらこはダムです / メル子大先生 / 明日香大明神 / 甲羅暮らしの201号,complete
2,320,em-e8da10b52c13,田島・ハル,34,937,5793,1,multi_hit_attack,-0.2083,-0.275,0.5278,0.7361,電波姫☆いまりちゃん / 田島・ハル / すわ子isGOD！ / おあげさん / かんと師匠,電波姫☆いまりちゃん / さくらこはダムです / メル子大先生 / 明日香大明神 / 甲羅暮らしの201号,complete
2,321,em-70cd1f08201b,サモスのヘラ,13,2180,670,2,multi_hit_attack,-0.2083,-0.275,0.5278,0.7361,イグナシオさんミニ / サモスのヘラ / ポディアさま / クレリゴス子様 / 頑張るハクさん,電波姫☆いまりちゃん / さくらこはダムです / メル子大先生 / 明日香大明神 / 甲羅暮らしの201号,complete
2,322,em-3f14ae2f39e9,名人！角成馬之助,7,600,1000,2,attribute_change,-0.2083,-0.2762,0.5278,0.7361,電波姫☆いまりちゃん / 名人！角成馬之助 / ポディアさま / クレリゴス子様 / ガハラさん,電波姫☆いまりちゃん / さくらこはダムです / メル子大先生 / 明日香大明神 / 甲羅暮らしの201号,complete
2,323,em-9287b5984201,ホソエガサさん,16,1635,1533,2,revive,-0.2083,-0.2762,0.5278,0.7361,ハラショー☆ビッツェ / ホソエガサさん / ポディアさま / クレリゴス子様 / zuス様とsiラ様,電波姫☆いまりちゃん / さくらこはダムです / メル子大先生 / 明日香大明神 / 甲羅暮らしの201号,complete
2,324,em-adcf70bfd425,2人はフェレナント君,37,2982,5964,1,attribute_change,-0.2083,-0.2762,0.5278,0.7361,電波姫☆いまりちゃん / 2人はフェレナント君 / メル子大先生 / 明日香大明神 / zuス様とsiラ様,電波姫☆いまりちゃん / さくらこはダムです / メル子大先生 / 明日香大明神 / 甲羅暮らしの201号,complete
2,325,em-535fe684b32f,新・フィッシャーマン,10,1286,1116,1,heal,-0.2083,-0.2774,0.5278,0.7361,ハラショー☆ビッツェ / 新・フィッシャーマン / ポディアさま / クレリゴス子様 / ロータス先輩,電波姫☆いまりちゃん / さくらこはダムです / メル子大先生 / 明日香大明神 / 甲羅暮らしの201号,complete
2,326,em-492dd4b96b0e,中央アルプスの少年,12,800,600,2,damage_reduction,-0.2083,-0.2774,0.5278,0.7361,イグナシオさんミニ / 中央アルプスの少年 / ポディアさま / クレリゴス子様 / 頑張るハクさん,電波姫☆いまりちゃん / さくらこはダムです / メル子大先生 / 明日香大明神 / 甲羅暮らしの201号,complete
2,327,em-d7873747b412,藤のフヒッティ,75,10735,3578,1,damage_reduction,-0.2014,-0.278,0.5347,0.7361,王国民ゴロウ / 藤のフヒッティ / 華麗なびわ子たん / おあげさん / ガハラさん,電波姫☆いまりちゃん / さくらこはダムです / メル子大先生 / 明日香大明神 / 甲羅暮らしの201号,complete
2,328,em-53fae101e208,水海　月,34,3288,4260,1,attribute_guard,-0.2153,-0.2784,0.5208,0.7361,電波姫☆いまりちゃん / 水海　月 / すわ子isGOD！ / おあげさん / 頑張るハクさん,電波姫☆いまりちゃん / さくらこはダムです / メル子大先生 / 明日香大明神 / 甲羅暮らしの201号,complete
2,329,em-228697ae4ca1,かつお☆カーニバル,7,1128,1198,2,skill_reduction,-0.2083,-0.2785,0.5278,0.7361,電波姫☆いまりちゃん / かつお☆カーニバル / ポディアさま / クレリゴス子様 / ガハラさん,電波姫☆いまりちゃん / さくらこはダムです / メル子大先生 / 明日香大明神 / 甲羅暮らしの201号,partial-skill-support
2,330,em-f8a5ad2fd004,どうしん様,15,805,795,1,heal,-0.2083,-0.2785,0.5278,0.7361,ハラショー☆ビッツェ / どうしん様 / ポディアさま / クレリゴス子様 / かんと師匠,電波姫☆いまりちゃん / さくらこはダムです / メル子大先生 / 明日香大明神 / 甲羅暮らしの201号,complete
2,331,em-beaaa8c15744,カメハメハワイ大王,50,3059,5879,2,attack_buff,-0.2083,-0.2785,0.5278,0.7361,ハラショー☆ビッツェ / カメハメハワイ大王 / すわ子isGOD！ / 明日香大明神 / zuス様とsiラ様,電波姫☆いまりちゃん / さくらこはダムです / メル子大先生 / 明日香大明神 / 甲羅暮らしの201号,complete
2,332,em-bf60c5d7bbe5,ワイン塗れのぐっすん,39,2453,5555,1,attack_buff,-0.2153,-0.2796,0.5208,0.7361,電波姫☆いまりちゃん / ワイン塗れのぐっすん / 時のプラズマ / 明日香大明神 / zuス様とsiラ様,電波姫☆いまりちゃん / さくらこはダムです / メル子大先生 / 明日香大明神 / 甲羅暮らしの201号,complete
2,333,em-b127f99ae530,キラー・ｻﾞ・ｷﾗｰ,55,5964,3408,2,damage_reduction,-0.2083,-0.2808,0.5278,0.7361,ハラショー☆ビッツェ / キラー・ｻﾞ・ｷﾗｰ / 人面恐竜の謎 / 明日香大明神 / zuス様とsiラ様,電波姫☆いまりちゃん / さくらこはダムです / メル子大先生 / 明日香大明神 / 甲羅暮らしの201号,complete
2,334,em-433922ef3e4e,夏至祭のぺた也君,53,7266,2153,2,skill_reduction,-0.2153,-0.2808,0.5208,0.7361,ハラショー☆ビッツェ / 夏至祭のぺた也君 / メル子大先生 / 明日香大明神 / zuス様とsiラ様,電波姫☆いまりちゃん / さくらこはダムです / メル子大先生 / 明日香大明神 / 甲羅暮らしの201号,partial-skill-support
2,335,em-7099769414bf,ある半ブラというＰＷ,16,2994,2962,2,skill_reduction,-0.2083,-0.2819,0.5278,0.7361,ハラショー☆ビッツェ / ある半ブラというＰＷ / ポディアさま / クレリゴス子様 / zuス様とsiラ様,電波姫☆いまりちゃん / さくらこはダムです / メル子大先生 / 明日香大明神 / 甲羅暮らしの201号,partial-skill-support
2,336,em-6cd949ff7539,?????,53,1842,6475,2,guard,-0.2083,-0.2819,0.5278,0.7361,ハラショー☆ビッツェ / ????? / メル子大先生 / 明日香大明神 / zuス様とsiラ様,電波姫☆いまりちゃん / さくらこはダムです / メル子大先生 / 明日香大明神 / 甲羅暮らしの201号,complete
2,337,em-d9bd2d5de563,コンクちゃん,20,2556,1704,1,damage_reduction,-0.2083,-0.2819,0.5278,0.7361,ハラショー☆ビッツェ / コンクちゃん / ポディアさま / クレリゴス子様 / まつやマン,電波姫☆いまりちゃん / さくらこはダムです / メル子大先生 / 明日香大明神 / 甲羅暮らしの201号,complete
2,338,em-11d99e0659cb,明日香さん,5,380,420,2,damage_reduction,-0.2153,-0.2821,0.5208,0.7361,電波姫☆いまりちゃん / 明日香さん / ポディアさま / クレリゴス子様 / まつやマン,電波姫☆いまりちゃん / さくらこはダムです / メル子大先生 / 明日香大明神 / 甲羅暮らしの201号,complete
2,339,em-5b3eb6a3a507,なるリッシュ,20,1812,1510,2,attack_buff,-0.2083,-0.283,0.5278,0.7361,ハラショー☆ビッツェ / なるリッシュ / ポディアさま / クレリゴス子様 / ガハラさん,電波姫☆いまりちゃん / さくらこはダムです / メル子大先生 / 明日香大明神 / 甲羅暮らしの201号,complete
2,340,em-3dc20cd01b22,みかん大王,4,515,187,2,attribute_guard,-0.2153,-0.2832,0.5208,0.7361,電波姫☆いまりちゃん / みかん大王 / ポディアさま / クレリゴス子様 / まつやマン,電波姫☆いまりちゃん / さくらこはダムです / メル子大先生 / 明日香大明神 / 甲羅暮らしの201号,complete
2,341,em-f565b0314902,覚醒大氷怪・雪愛,37,4345,4515,1,attribute_change,-0.2153,-0.2832,0.5208,0.7361,電波姫☆いまりちゃん / 覚醒大氷怪・雪愛 / メル子大先生 / おあげさん / 頑張るハクさん,電波姫☆いまりちゃん / さくらこはダムです / メル子大先生 / 明日香大明神 / 甲羅暮らしの201号,complete
2,342,em-c8db19de00fd,ワロンマイナー輩先,13,2953,1328,1,heal,-0.2083,-0.284,0.5278,0.7361,ハラショー☆ビッツェ / ワロンマイナー輩先 / ポディアさま / クレリゴス子様 / かんと師匠,電波姫☆いまりちゃん / さくらこはダムです / メル子大先生 / 明日香大明神 / 甲羅暮らしの201号,complete
2,343,em-814151a5ca65,登別ッキー,35,2556,6134,2,skill_reduction,-0.2222,-0.2841,0.5139,0.7361,電波姫☆いまりちゃん / 登別ッキー / すわ子isGOD！ / 明日香大明神 / zuス様とsiラ様,電波姫☆いまりちゃん / さくらこはダムです / メル子大先生 / 明日香大明神 / 甲羅暮らしの201号,partial-skill-support
2,344,em-2fe87d344c40,都井 岬パイセン,36,3237,2896,2,damage_reduction,-0.2153,-0.2856,0.5208,0.7361,電波姫☆いまりちゃん / 都井 岬パイセン / すわ子isGOD！ / 明日香大明神 / zuス様とsiラ様,電波姫☆いまりちゃん / さくらこはダムです / メル子大先生 / 明日香大明神 / 甲羅暮らしの201号,complete
2,345,em-0c1036483550,kɔにー＆gæりー,13,1128,846,2,damage_reduction,-0.2153,-0.2856,0.5208,0.7361,イグナシオさんミニ / kɔにー＆gæりー / ポディアさま / クレリゴス子様 / 頑張るハクさん,電波姫☆いまりちゃん / さくらこはダムです / メル子大先生 / 明日香大明神 / 甲羅暮らしの201号,complete
2,346,em-237ca774c5e5,ルナプリ☆かぐや様,66,8861,1584,1,aoe_attack,-0.2083,-0.2881,0.5278,0.7361,ハラショー☆ビッツェ / ルナプリ☆かぐや様 / 人面恐竜の謎 / おあげちゃん / ガハラさん,電波姫☆いまりちゃん / さくらこはダムです / メル子大先生 / 明日香大明神 / 甲羅暮らしの201号,complete
2,347,em-0c0cdd439d51,熊ぐっすん,5,280,500,2,attack_buff,-0.2222,-0.2891,0.5139,0.7361,電波姫☆いまりちゃん / 熊ぐっすん / ポディアさま / クレリゴス子様 / まつやマン,電波姫☆いまりちゃん / さくらこはダムです / メル子大先生 / 明日香大明神 / 甲羅暮らしの201号,complete
2,348,em-7db26a11a40b,ぐっすん,4,195,407,2,attack_buff,-0.2222,-0.2903,0.5139,0.7361,電波姫☆いまりちゃん / ぐっすん / ポディアさま / クレリゴス子様 / まつやマン,電波姫☆いまりちゃん / さくらこはダムです / メル子大先生 / 明日香大明神 / 甲羅暮らしの201号,complete
2,349,em-9365e8cd4780,はっさくキング,5,610,270,2,attribute_guard,-0.2222,-0.2903,0.5139,0.7361,電波姫☆いまりちゃん / はっさくキング / ポディアさま / クレリゴス子様 / まつやマン,電波姫☆いまりちゃん / さくらこはダムです / メル子大先生 / 明日香大明神 / 甲羅暮らしの201号,complete
2,350,em-712f122e2051,オロモ君は欝気味,17,1536,2684,1,guard,-0.2222,-0.2903,0.5139,0.7361,電波姫☆いまりちゃん / オロモ君は欝気味 / すわ子isGOD！ / ウサポワンちゃん / 頑張るハクさん,電波姫☆いまりちゃん / さくらこはダムです / メル子大先生 / 明日香大明神 / 甲羅暮らしの201号,complete
2,351,em-c912b76e4dda,妖怪雪愛さま,15,950,1350,2,attribute_change,-0.2153,-0.2921,0.5208,0.7361,ハラショー☆ビッツェ / 妖怪雪愛さま / ポディアさま / クレリゴス子様 / かんと師匠,電波姫☆いまりちゃん / さくらこはダムです / メル子大先生 / 明日香大明神 / 甲羅暮らしの201号,complete
2,352,em-594e492a6818,ヤンなるネポムちゃん,50,3397,2930,1,attack_buff,-0.2153,-0.2921,0.5208,0.7361,ハラショー☆ビッツェ / ヤンなるネポムちゃん / すわ子isGOD！ / 明日香大明神 / zuス様とsiラ様,電波姫☆いまりちゃん / さくらこはダムです / メル子大先生 / 明日香大明神 / 甲羅暮らしの201号,complete
2,353,em-6885c7d684d6,雪の美女と魔獣,52,4304,3016,1,heal,-0.2292,-0.2924,0.5069,0.7361,ハラショー☆ビッツェ / 雪の美女と魔獣 / メル子大先生 / 明日香大明神 / zuス様とsiラ様,電波姫☆いまりちゃん / さくらこはダムです / メル子大先生 / 明日香大明神 / 甲羅暮らしの201号,complete
2,354,em-d5465017bfd1,チュパカブ先輩,59,4819,2811,1,heal,-0.2222,-0.2937,0.5139,0.7361,ハラショー☆ビッツェ / チュパカブ先輩 / すわ子isGOD！ / おあげさん / ガハラさん,電波姫☆いまりちゃん / さくらこはダムです / メル子大先生 / 明日香大明神 / 甲羅暮らしの201号,complete
2,355,em-abc85163565c,コキリコ・QB,23,2817,2978,2,attribute_change,-0.2153,-0.2942,0.5208,0.7361,ハラショー☆ビッツェ / コキリコ・QB / ポディアさま / クレリゴス子様 / ガハラさん,電波姫☆いまりちゃん / さくらこはダムです / メル子大先生 / 明日香大明神 / 甲羅暮らしの201号,complete
2,356,em-4e2a71a8e1a6,ハチモドキアブ,55,5623,6100,2,revive,-0.2222,-0.2948,0.5139,0.7361,ハラショー☆ビッツェ / ハチモドキアブ / 人面恐竜の謎 / 明日香大明神 / zuス様とsiラ様,電波姫☆いまりちゃん / さくらこはダムです / メル子大先生 / 明日香大明神 / 甲羅暮らしの201号,complete
2,357,em-90e071b9735c,乗り海苔カスティリャ,16,2707,1223,2,attribute_guard,-0.2222,-0.2948,0.5139,0.7361,ハラショー☆ビッツェ / 乗り海苔カスティリャ / ポディアさま / クレリゴス子様 / zuス様とsiラ様,電波姫☆いまりちゃん / さくらこはダムです / メル子大先生 / 明日香大明神 / 甲羅暮らしの201号,complete
2,358,em-6ead69ef1b01,精霊ブーナッド,16,4025,805,2,heal,-0.2292,-0.2949,0.5069,0.7361,ハラショー☆ビッツェ / 精霊ブーナッド / ポディアさま / クレリゴス子様 / zuス様とsiラ様,電波姫☆いまりちゃん / さくらこはダムです / メル子大先生 / 明日香大明神 / 甲羅暮らしの201号,complete
2,359,em-06a3d28ae15f,オオガラッパ,36,3783,4771,2,skill_reduction,-0.2292,-0.2961,0.5069,0.7361,電波姫☆いまりちゃん / オオガラッパ / メル子大先生 / おあげさん / 頑張るハクさん,電波姫☆いまりちゃん / さくらこはダムです / メル子大先生 / 明日香大明神 / 甲羅暮らしの201号,partial-skill-support
2,360,em-7c8471edf1df,ハロハロ☆ナモミさま,36,2556,4260,2,attack_buff,-0.2361,-0.2968,0.5,0.7361,電波姫☆いまりちゃん / ハロハロ☆ナモミさま / メル子大先生 / おあげさん / 頑張るハクさん,電波姫☆いまりちゃん / さくらこはダムです / メル子大先生 / 明日香大明神 / 甲羅暮らしの201号,complete
2,361,em-3767457f6cce,ｷﾗﾒｷﾒﾗ☆ヒラメ様,40,5367,2215,1,attribute_change,-0.2222,-0.297,0.5139,0.7361,ハラショー☆ビッツェ / ｷﾗﾒｷﾒﾗ☆ヒラメ様 / すわ子isGOD！ / 明日香大明神 / ロータス先輩,電波姫☆いまりちゃん / さくらこはダムです / メル子大先生 / 明日香大明神 / 甲羅暮らしの201号,complete
2,362,em-d941ef4d2c66,紫禁嬢,34,4692,2801,2,damage_reduction,-0.2292,-0.2973,0.5069,0.7361,電波姫☆いまりちゃん / 紫禁嬢 / すわ子isGOD！ / 明日香大明神 / zuス様とsiラ様,電波姫☆いまりちゃん / さくらこはダムです / メル子大先生 / 明日香大明神 / 甲羅暮らしの201号,complete
2,363,em-615e4701fc7f,華麗！いつくしーみん,12,660,1040,2,attack_buff,-0.2292,-0.2984,0.5069,0.7361,イグナシオさんミニ / 華麗！いつくしーみん / ポディアさま / クレリゴス子様 / 頑張るハクさん,電波姫☆いまりちゃん / さくらこはダムです / メル子大先生 / 明日香大明神 / 甲羅暮らしの201号,complete
2,364,em-a02f06328adf,ゼネコン大公,60,6134,2726,2,guard,-0.2292,-0.3007,0.5069,0.7361,ハラショー☆ビッツェ / ゼネコン大公 / メル子大先生 / おあげさん / ガハラさん,電波姫☆いまりちゃん / さくらこはダムです / メル子大先生 / 明日香大明神 / 甲羅暮らしの201号,complete
2,365,em-050f0ee87c24,妖精雪愛さん,12,770,830,2,attribute_change,-0.2292,-0.3018,0.5069,0.7361,ハラショー☆ビッツェ / 妖精雪愛さん / ポディアさま / クレリゴス子様 / かんと師匠,電波姫☆いまりちゃん / さくらこはダムです / メル子大先生 / 明日香大明神 / 甲羅暮らしの201号,complete
2,366,em-5275d879d803,ｻｲｯｺくたにん,12,800,1000,2,attribute_change,-0.2292,-0.3018,0.5069,0.7361,ハラショー☆ビッツェ / ｻｲｯｺくたにん / ポディアさま / クレリゴス子様 / かんと師匠,電波姫☆いまりちゃん / さくらこはダムです / メル子大先生 / 明日香大明神 / 甲羅暮らしの201号,complete
2,367,em-d5ed773d56cd,夏至祭のヴァサクサ君,18,3976,2156,2,skill_reduction,-0.2292,-0.3018,0.5069,0.7361,ラグーン☆南 / 夏至祭のヴァサクサ君 / ポディアさま / 電波姫☆いまりちゃん / 頑張るハクさん,電波姫☆いまりちゃん / さくらこはダムです / メル子大先生 / 明日香大明神 / 甲羅暮らしの201号,partial-skill-support
2,368,em-f47697209ae1,メルっ子☆メルルン,60,4856,5538,2,skill_reduction,-0.2361,-0.3019,0.5,0.7361,ハラショー☆ビッツェ / メルっ子☆メルルン / メル子大先生 / おあげさん / ガハラさん,電波姫☆いまりちゃん / さくらこはダムです / メル子大先生 / 明日香大明神 / 甲羅暮らしの201号,partial-skill-support
2,369,em-49eaf567821a,明日香先生,7,470,530,2,damage_reduction,-0.2361,-0.3031,0.5,0.7361,電波姫☆いまりちゃん / 明日香先生 / ポディアさま / クレリゴス子様 / ガハラさん,電波姫☆いまりちゃん / さくらこはダムです / メル子大先生 / 明日香大明神 / 甲羅暮らしの201号,complete
2,370,em-4b42211e8e80,ナモミさん,12,200,1200,2,attack_buff,-0.2361,-0.3054,0.5,0.7361,イグナシオさんミニ / ナモミさん / ポディアさま / クレリゴス子様 / 頑張るハクさん,電波姫☆いまりちゃん / さくらこはダムです / メル子大先生 / 明日香大明神 / 甲羅暮らしの201号,complete
2,371,em-85a7b3e2cb7d,剥ぐぞ！ナモミ先生,16,400,2100,2,attack_buff,-0.2292,-0.3082,0.5069,0.7361,ハラショー☆ビッツェ / 剥ぐぞ！ナモミ先生 / ポディアさま / クレリゴス子様 / zuス様とsiラ様,電波姫☆いまりちゃん / さくらこはダムです / メル子大先生 / 明日香大明神 / 甲羅暮らしの201号,complete
2,372,em-afeba50fe5b8,ジャイアンツ★こずえ,14,3102,705,2,attack_buff,-0.2361,-0.3088,0.5,0.7361,ハラショー☆ビッツェ / ジャイアンツ★こずえ / ポディアさま / クレリゴス子様 / かんと師匠,電波姫☆いまりちゃん / さくらこはダムです / メル子大先生 / 明日香大明神 / 甲羅暮らしの201号,complete
2,373,em-c0166a0fcaf5,ナルトビ★デビル,60,5964,2385,1,attack_buff,-0.2431,-0.3088,0.4931,0.7361,ハラショー☆ビッツェ / ナルトビ★デビル / メル子大先生 / おあげさん / ガハラさん,電波姫☆いまりちゃん / さくらこはダムです / メル子大先生 / 明日香大明神 / 甲羅暮らしの201号,complete
2,374,em-0e9d90fcbf69,テオティワちーちゃん,66,11928,149,1,multi_hit_attack,-0.2292,-0.3092,0.5069,0.7361,ハラショー☆ビッツェ / テオティワちーちゃん / 華麗なびわ子たん / おあげさん / ガハラさん,電波姫☆いまりちゃん / さくらこはダムです / メル子大先生 / 明日香大明神 / 甲羅暮らしの201号,complete
2,375,em-5c2be564e46b,粘菌博士熊ぐっすん,7,380,600,2,attack_buff,-0.2431,-0.3112,0.4931,0.7361,電波姫☆いまりちゃん / 粘菌博士熊ぐっすん / ポディアさま / クレリゴス子様 / ガハラさん,電波姫☆いまりちゃん / さくらこはダムです / メル子大先生 / 明日香大明神 / 甲羅暮らしの201号,complete
2,376,em-88d646d3b1b4,みるるん,7,500,600,2,attack_buff,-0.2431,-0.3112,0.4931,0.7361,電波姫☆いまりちゃん / みるるん / ポディアさま / クレリゴス子様 / ガハラさん,電波姫☆いまりちゃん / さくらこはダムです / メル子大先生 / 明日香大明神 / 甲羅暮らしの201号,complete
2,377,em-bf58cd7d185a,ホーク元船長,12,700,1100,1,attribute_guard,-0.2361,-0.312,0.5,0.7361,イグナシオさんミニ / ホーク元船長 / ポディアさま / クレリゴス子様 / 頑張るハクさん,電波姫☆いまりちゃん / さくらこはダムです / メル子大先生 / 明日香大明神 / 甲羅暮らしの201号,complete
2,378,em-7a8f08b97855,カルボ姉（ねえ）,18,3792,2556,1,multi_hit_attack,-0.2431,-0.3169,0.4931,0.7361,ラグーン☆南 / カルボ姉（ねえ） / ポディアさま / 電波姫☆いまりちゃん / 頑張るハクさん,電波姫☆いまりちゃん / さくらこはダムです / メル子大先生 / 明日香大明神 / 甲羅暮らしの201号,complete
2,379,em-454ebee4a0cd,3人はフォニピュア,60,4941,3578,2,damage_reduction,-0.2431,-0.3179,0.4931,0.7361,ハラショー☆ビッツェ / 3人はフォニピュア / メル子大先生 / おあげさん / ガハラさん,電波姫☆いまりちゃん / さくらこはダムです / メル子大先生 / 明日香大明神 / 甲羅暮らしの201号,complete
2,380,em-344c7687cce5,アウス大先輩,17,1924,1924,2,attribute_change,-0.25,-0.3182,0.4861,0.7361,電波姫☆いまりちゃん / アウス大先輩 / ポディアさま / しずこ大先生 / 頑張るハクさん,電波姫☆いまりちゃん / さくらこはダムです / メル子大先生 / 明日香大明神 / 甲羅暮らしの201号,complete
2,381,em-690b5b221287,メルクさん,17,2114,1812,2,aoe_attack,-0.25,-0.3182,0.4861,0.7361,電波姫☆いまりちゃん / メルクさん / すわ子isGOD！ / ウサポワンちゃん / 頑張るハクさん,電波姫☆いまりちゃん / さくらこはダムです / メル子大先生 / 明日香大明神 / 甲羅暮らしの201号,complete
2,382,em-bffb26ad3975,アイヌ☆らっくるん,60,2896,6645,2,attack_buff,-0.25,-0.3182,0.4861,0.7361,ハラショー☆ビッツェ / アイヌ☆らっくるん / メル子大先生 / おあげさん / ガハラさん,電波姫☆いまりちゃん / さくらこはダムです / メル子大先生 / 明日香大明神 / 甲羅暮らしの201号,complete
2,383,em-00b4dc762ce0,ハクさんはファイター,50,3890,5112,2,attack_buff,-0.25,-0.3182,0.4861,0.7361,ハラショー☆ビッツェ / ハクさんはファイター / すわ子isGOD！ / 明日香大明神 / zuス様とsiラ様,電波姫☆いまりちゃん / さくらこはダムです / メル子大先生 / 明日香大明神 / 甲羅暮らしの201号,complete
2,384,em-562269adda28,ブルジョワジー下仁田,20,2265,2276,1,guard,-0.2431,-0.319,0.4931,0.7361,ハラショー☆ビッツェ / ブルジョワジー下仁田 / ポディアさま / クレリゴス子様 / ガハラさん,電波姫☆いまりちゃん / さくらこはダムです / メル子大先生 / 明日香大明神 / 甲羅暮らしの201号,complete
2,385,em-cc1dd429dace,?????,58,4171,4737,1,damage_reduction,-0.25,-0.3193,0.4861,0.7361,ハラショー☆ビッツェ / ????? / メル子大先生 / おあげさん / まつやマン,電波姫☆いまりちゃん / さくらこはダムです / メル子大先生 / 明日香大明神 / 甲羅暮らしの201号,complete
2,386,em-3ad7d27f7887,ハワイる水島神人,19,2567,1208,2,guard,-0.2569,-0.3202,0.4792,0.7361,ハラショー☆ビッツェ / ハワイる水島神人 / ポディアさま / クレリゴス子様 / ガハラさん,電波姫☆いまりちゃん / さくらこはダムです / メル子大先生 / 明日香大明神 / 甲羅暮らしの201号,complete
2,387,em-eb9cb098a2c1,加留多ヘナ造,18,2898,2737,2,damage_reduction,-0.2431,-0.3211,0.4931,0.7361,ラグーン☆南 / 加留多ヘナ造 / ポディアさま / 電波姫☆いまりちゃん / 頑張るハクさん,電波姫☆いまりちゃん / さくらこはダムです / メル子大先生 / 明日香大明神 / 甲羅暮らしの201号,complete
2,388,em-ff5dd5331817,デメ子ちゃん,18,1704,3067,2,attribute_change,-0.2431,-0.3211,0.4931,0.7361,ラグーン☆南 / デメ子ちゃん / ポディアさま / 電波姫☆いまりちゃん / 頑張るハクさん,電波姫☆いまりちゃん / さくらこはダムです / メル子大先生 / 明日香大明神 / 甲羅暮らしの201号,complete
2,389,em-95a2dbeaf4ea,神使！ナモミさま,18,805,4025,2,attack_buff,-0.2569,-0.3215,0.4792,0.7361,電波姫☆いまりちゃん / 神使！ナモミさま / すわ子isGOD！ / ウサポワンちゃん / 頑張るハクさん,電波姫☆いまりちゃん / さくらこはダムです / メル子大先生 / 明日香大明神 / 甲羅暮らしの201号,complete
2,390,em-52a11488ce9e,新・ウオ丸くん,60,4294,3578,1,attack_buff,-0.25,-0.3216,0.4861,0.7361,ハラショー☆ビッツェ / 新・ウオ丸くん / すわ子isGOD！ / おあげちゃん / ガハラさん,電波姫☆いまりちゃん / さくらこはダムです / メル子大先生 / 明日香大明神 / 甲羅暮らしの201号,complete
2,391,em-b9b57c4067ef,危険なイナフさん,60,4089,4089,1,attack_buff,-0.25,-0.3238,0.4861,0.7361,ハラショー☆ビッツェ / 危険なイナフさん / メル子大先生 / おあげさん / ガハラさん,電波姫☆いまりちゃん / さくらこはダムです / メル子大先生 / 明日香大明神 / 甲羅暮らしの201号,complete
2,392,em-f334c541bf84,納得ん★福曼荼羅,17,1763,1860,2,attribute_change,-0.25,-0.3249,0.4861,0.7361,ラグーン☆南 / 納得ん★福曼荼羅 / ポディアさま / 電波姫☆いまりちゃん / 頑張るハクさん,電波姫☆いまりちゃん / さくらこはダムです / メル子大先生 / 明日香大明神 / 甲羅暮らしの201号,complete
2,393,em-5266a394fb35,伊予・タウロス,60,4430,4941,2,multi_hit_attack,-0.2569,-0.3251,0.4792,0.7361,ハラショー☆ビッツェ / 伊予・タウロス / メル子大先生 / おあげさん / ガハラさん,電波姫☆いまりちゃん / さくらこはダムです / メル子大先生 / 明日香大明神 / 甲羅暮らしの201号,complete
2,394,em-4eda1d55d2fb,ガッサと5人の小ｷﾉｺ,60,5680,4089,2,revive,-0.2639,-0.3259,0.4722,0.7361,ハラショー☆ビッツェ / ガッサと5人の小ｷﾉｺ / メル子大先生 / おあげさん / ガハラさん,電波姫☆いまりちゃん / さくらこはダムです / メル子大先生 / 明日香大明神 / 甲羅暮らしの201号,complete
2,395,em-ceda64319ca1,蜜香のウミリンゴ,75,8520,5453,1,attack_buff,-0.2569,-0.3263,0.4792,0.7361,王国民ゴロウ / 蜜香のウミリンゴ / 華麗なびわ子たん / おあげさん / ガハラさん,電波姫☆いまりちゃん / さくらこはダムです / メル子大先生 / 明日香大明神 / 甲羅暮らしの201号,complete
2,396,em-b71282ef08a8,出番です！鴨先生！,18,1358,1356,2,guard,-0.2569,-0.3285,0.4792,0.7361,ラグーン☆南 / 出番です！鴨先生！ / ポディアさま / 電波姫☆いまりちゃん / 頑張るハクさん,電波姫☆いまりちゃん / さくらこはダムです / メル子大先生 / 明日香大明神 / 甲羅暮らしの201号,complete
2,397,em-b16382731bd5,華燭なカネヒラさん,60,5793,4771,2,attribute_change,-0.25,-0.3291,0.4861,0.7361,ハラショー☆ビッツェ / 華燭なカネヒラさん / メル子大先生 / おあげさん / ガハラさん,電波姫☆いまりちゃん / さくらこはダムです / メル子大先生 / 明日香大明神 / 甲羅暮らしの201号,complete
2,398,em-c816189f2294,ブッダがやって来る！,17,1510,1510,2,delay,-0.2569,-0.3297,0.4792,0.7361,ラグーン☆南 / ブッダがやって来る！ / ポディアさま / 電波姫☆いまりちゃん / 頑張るハクさん,電波姫☆いまりちゃん / さくらこはダムです / メル子大先生 / 明日香大明神 / 甲羅暮らしの201号,partial-skill-support
2,399,em-ab3947962bd3,姫騎士なコンクさん,60,4856,3237,1,damage_reduction,-0.2569,-0.3297,0.4792,0.7361,ハラショー☆ビッツェ / 姫騎士なコンクさん / メル子大先生 / おあげさん / ガハラさん,電波姫☆いまりちゃん / さくらこはダムです / メル子大先生 / 明日香大明神 / 甲羅暮らしの201号,complete
2,400,em-b08b3e6f22a8,フィッシャーマン三平,17,1286,1316,2,guard,-0.2569,-0.3318,0.4792,0.7361,ラグーン☆南 / フィッシャーマン三平 / ポディアさま / 電波姫☆いまりちゃん / 頑張るハクさん,電波姫☆いまりちゃん / さくらこはダムです / メル子大先生 / 明日香大明神 / 甲羅暮らしの201号,complete
2,401,em-744815bd68e5,旋回のヘリコプリオン,75,8997,2675,2,aoe_attack,-0.2569,-0.3329,0.4792,0.7361,王国民ゴロウ / 旋回のヘリコプリオン / 華麗なびわ子たん / おあげさん / ガハラさん,電波姫☆いまりちゃん / さくらこはダムです / メル子大先生 / 明日香大明神 / 甲羅暮らしの201号,complete
2,402,em-dcc49aea103a,恐竜大好き竜也くん,18,2737,3059,2,attack_buff,-0.2639,-0.3332,0.4722,0.7361,電波姫☆いまりちゃん / 恐竜大好き竜也くん / すわ子isGOD！ / ウサポワンちゃん / 頑張るハクさん,電波姫☆いまりちゃん / さくらこはダムです / メル子大先生 / 明日香大明神 / 甲羅暮らしの201号,complete
2,403,em-bb2bd26d4796,のり男の浪漫,36,3098,2695,2,attribute_guard,-0.2708,-0.3353,0.4653,0.7361,電波姫☆いまりちゃん / のり男の浪漫 / すわ子isGOD！ / おあげさん / かんと師匠,電波姫☆いまりちゃん / さくらこはダムです / メル子大先生 / 明日香大明神 / 甲羅暮らしの201号,complete
2,404,em-0984e8e9ee06,加賀のカブキ者,60,4430,6816,2,attack_buff,-0.2639,-0.3355,0.4722,0.7361,ハラショー☆ビッツェ / 加賀のカブキ者 / メル子大先生 / おあげさん / ガハラさん,電波姫☆いまりちゃん / さくらこはダムです / メル子大先生 / 明日香大明神 / 甲羅暮らしの201号,complete
2,405,em-1e9e4475c353,ゲラー･ｻﾞ･ｸﾞﾗﾃﾞｨｴｲﾀｰ,55,3408,5964,2,attack_buff,-0.2639,-0.3377,0.4722,0.7361,ハラショー☆ビッツェ / ゲラー･ｻﾞ･ｸﾞﾗﾃﾞｨｴｲﾀｰ / 人面恐竜の謎 / 明日香大明神 / zuス様とsiラ様,電波姫☆いまりちゃん / さくらこはダムです / メル子大先生 / 明日香大明神 / 甲羅暮らしの201号,complete
2,406,em-9667a89799b5,冬の双子姫,77,9628,4686,2,damage_reduction,-0.2639,-0.3419,0.4722,0.7361,王国民ゴロウ / 冬の双子姫 / 華麗なびわ子たん / おあげちゃん / ガハラさん,電波姫☆いまりちゃん / さくらこはダムです / メル子大先生 / 明日香大明神 / 甲羅暮らしの201号,complete
2,407,em-a38fa612ab4f,ピサ立ちボナンノ君,17,2209,3221,1,attack_buff,-0.2708,-0.3446,0.4653,0.7361,電波姫☆いまりちゃん / ピサ立ちボナンノ君 / すわ子isGOD！ / ウサポワンちゃん / 頑張るハクさん,電波姫☆いまりちゃん / さくらこはダムです / メル子大先生 / 明日香大明神 / 甲羅暮らしの201号,complete
2,408,em-dfa3c95f9720,雪童雪愛たん,17,2495,2656,1,attribute_change,-0.2708,-0.3446,0.4653,0.7361,ラグーン☆南 / 雪童雪愛たん / ポディアさま / 電波姫☆いまりちゃん / 頑張るハクさん,電波姫☆いまりちゃん / さくらこはダムです / メル子大先生 / 明日香大明神 / 甲羅暮らしの201号,complete
2,409,em-210e07c4044b,偉いよ！どうしん先生,19,1245,1155,1,heal,-0.2778,-0.3458,0.4583,0.7361,ハラショー☆ビッツェ / 偉いよ！どうしん先生 / ポディアさま / クレリゴス子様 / ガハラさん,電波姫☆いまりちゃん / さくらこはダムです / メル子大先生 / 明日香大明神 / 甲羅暮らしの201号,complete
2,410,em-879d09afc46a,アイアン下仁田,17,907,900,2,guard,-0.2778,-0.3481,0.4583,0.7361,ラグーン☆南 / アイアン下仁田 / ポディアさま / 電波姫☆いまりちゃん / 頑張るハクさん,電波姫☆いまりちゃん / さくらこはダムです / メル子大先生 / 明日香大明神 / 甲羅暮らしの201号,complete
2,411,em-106b8d6fe4c5,ドヤ顔の女帝瑠璃,60,4430,4089,1,damage_reduction,-0.2778,-0.3526,0.4583,0.7361,ハラショー☆ビッツェ / ドヤ顔の女帝瑠璃 / たけしマン / おあげさん / 頑張るハクさん,電波姫☆いまりちゃん / さくらこはダムです / メル子大先生 / 明日香大明神 / 甲羅暮らしの201号,complete
2,412,em-62cea78f14d3,ガラッパ,18,2078,3067,2,skill_reduction,-0.2847,-0.355,0.4514,0.7361,電波姫☆いまりちゃん / ガラッパ / すわ子isGOD！ / ウサポワンちゃん / 頑張るハクさん,電波姫☆いまりちゃん / さくらこはダムです / メル子大先生 / 明日香大明神 / 甲羅暮らしの201号,partial-skill-support
2,413,em-dba7b79429bc,サルパ王＆女王,60,5453,3748,2,multi_hit_attack,-0.2847,-0.3561,0.4514,0.7361,ハラショー☆ビッツェ / サルパ王＆女王 / メル子大先生 / おあげさん / ガハラさん,電波姫☆いまりちゃん / さくらこはダムです / メル子大先生 / 明日香大明神 / 甲羅暮らしの201号,complete
2,414,em-bb32bff9faab,有田星のいまり様,18,2328,2183,1,attribute_change,-0.2917,-0.3595,0.4444,0.7361,電波姫☆いまりちゃん / 有田星のいまり様 / すわ子isGOD！ / ウサポワンちゃん / 頑張るハクさん,電波姫☆いまりちゃん / さくらこはダムです / メル子大先生 / 明日香大明神 / 甲羅暮らしの201号,complete
2,415,em-1749aff71419,ミシャグジさまさま,60,6986,3578,2,attack_buff,-0.2917,-0.3652,0.4444,0.7361,ハラショー☆ビッツェ / ミシャグジさまさま / メル子大先生 / おあげさん / ガハラさん,電波姫☆いまりちゃん / さくらこはダムです / メル子大先生 / 明日香大明神 / 甲羅暮らしの201号,complete
2,416,em-7a57f923ab2c,ありえんキャット様,61,6069,5622,1,attribute_change,-0.2917,-0.3663,0.4444,0.7361,ハラショー☆ビッツェ / ありえんキャット様 / たけしマン / おあげさん / かんと師匠,電波姫☆いまりちゃん / さくらこはダムです / メル子大先生 / 明日香大明神 / 甲羅暮らしの201号,complete
2,417,em-f85f36730ace,だーらくん十四世,17,2820,141,2,guard,-0.2986,-0.3698,0.4375,0.7361,ラグーン☆南 / だーらくん十四世 / ポディアさま / 電波姫☆いまりちゃん / 頑張るハクさん,電波姫☆いまりちゃん / さくらこはダムです / メル子大先生 / 明日香大明神 / 甲羅暮らしの201号,complete
2,418,em-8d38e9c3aa92,オルカアタッカー虎子,70,9202,6134,1,attack_buff,-0.2986,-0.3698,0.4375,0.7361,どんこ太郎 / オルカアタッカー虎子 / メル子大先生 / おあげさん / ガハラさん,電波姫☆いまりちゃん / さくらこはダムです / メル子大先生 / 明日香大明神 / 甲羅暮らしの201号,complete
2,419,em-4debcfcadf66,艶奴太夫,60,3919,5964,1,attribute_change,-0.2986,-0.371,0.4375,0.7361,ハラショー☆ビッツェ / 艶奴太夫 / メル子大先生 / おあげさん / ガハラさん,電波姫☆いまりちゃん / さくらこはダムです / メル子大先生 / 明日香大明神 / 甲羅暮らしの201号,complete
2,420,em-4bbbb9984d5e,うすきま大師匠,17,3059,2093,1,attribute_change,-0.2917,-0.3735,0.4444,0.7361,ラグーン☆南 / うすきま大師匠 / ポディアさま / 電波姫☆いまりちゃん / 頑張るハクさん,電波姫☆いまりちゃん / さくらこはダムです / メル子大先生 / 明日香大明神 / 甲羅暮らしの201号,complete
2,421,em-dec390a52ee6,英国ストヘン技師,70,8861,4260,2,damage_reduction,-0.3056,-0.3744,0.4306,0.7361,王国民ゴロウ / 英国ストヘン技師 / 時のプラズマ / おあげさん / ガハラさん,電波姫☆いまりちゃん / さくらこはダムです / メル子大先生 / 明日香大明神 / 甲羅暮らしの201号,complete
2,422,em-e84c5851ba6b,地下大河のルーシー,73,7668,2641,1,attack_buff,-0.2986,-0.3753,0.4375,0.7361,ハラショー☆ビッツェ / 地下大河のルーシー / タミちゃん / おあげさん / ガハラさん,電波姫☆いまりちゃん / さくらこはダムです / メル子大先生 / 明日香大明神 / 甲羅暮らしの201号,complete
2,423,em-3488d6542112,クロゴキ,65,6134,2113,2,multi_hit_attack,-0.3194,-0.3891,0.4167,0.7361,ハラショー☆ビッツェ / クロゴキ / 人面恐竜の謎 / おあげさん / ガハラさん,電波姫☆いまりちゃん / さくらこはダムです / メル子大先生 / 明日香大明神 / 甲羅暮らしの201号,complete
2,424,em-3deff3291fd4,有閑カノープス,70,5112,6816,2,attribute_change,-0.3125,-0.391,0.4236,0.7361,鈴鹿次郎三郎 / 有閑カノープス / 人面恐竜の謎 / おあげさん / ガハラさん,電波姫☆いまりちゃん / さくらこはダムです / メル子大先生 / 明日香大明神 / 甲羅暮らしの201号,complete
2,425,em-8f2b8365e19a,翠緑のＰＬぴよ子,60,3656,3656,1,attribute_change,-0.3194,-0.3914,0.4167,0.7361,ハラショー☆ビッツェ / 翠緑のＰＬぴよ子 / メル子大先生 / おあげさん / ガハラさん,電波姫☆いまりちゃん / さくらこはダムです / メル子大先生 / 明日香大明神 / 甲羅暮らしの201号,complete
2,426,em-3e2d46063b3e,なっとくん様,70,8026,4618,1,skill_reduction,-0.3194,-0.3914,0.4167,0.7361,ハラショー☆ビッツェ / なっとくん様 / たけしマン / おあげちゃん / ガハラさん,電波姫☆いまりちゃん / さくらこはダムです / メル子大先生 / 明日香大明神 / 甲羅暮らしの201号,partial-skill-support
2,427,em-b2d6a846bb36,哀哭のオオウミガラス,75,9713,4941,2,damage_reduction,-0.3125,-0.392,0.4236,0.7361,王国民ゴロウ / 哀哭のオオウミガラス / 華麗なびわ子たん / おあげさん / ガハラさん,電波姫☆いまりちゃん / さくらこはダムです / メル子大先生 / 明日香大明神 / 甲羅暮らしの201号,complete
2,428,em-a236725222d2,紺碧のＰＬぴよ子,60,3656,3656,1,attribute_change,-0.3194,-0.3925,0.4167,0.7361,ハラショー☆ビッツェ / 紺碧のＰＬぴよ子 / メル子大先生 / おあげさん / ガハラさん,電波姫☆いまりちゃん / さくらこはダムです / メル子大先生 / 明日香大明神 / 甲羅暮らしの201号,complete
2,429,em-a06f040c9490,冬の加奈多パレード,80,9542,5282,2,attack_buff,-0.3472,-0.4138,0.3889,0.7361,王国民ゴロウ / 冬の加奈多パレード / 棋聖！角成馬之助 / おあげさん / ガハラさん,電波姫☆いまりちゃん / さくらこはダムです / メル子大先生 / 明日香大明神 / 甲羅暮らしの201号,complete
2,430,em-77df113e9f3b,聖方理納,80,8350,5118,1,damage_reduction,-0.375,-0.4528,0.3611,0.7361,王国民ゴロウ / 聖方理納 / 棋聖！角成馬之助 / おあげさん / ガハラさん,電波姫☆いまりちゃん / さくらこはダムです / メル子大先生 / 明日香大明神 / 甲羅暮らしの201号,complete
2,431,em-0ee8cd6c9dab,黄金時代！K・ワンダー,60,3,3,1,multi_hit_attack,-0.3819,-0.4541,0.3542,0.7361,ハラショー☆ビッツェ / 黄金時代！K・ワンダー / メル子大先生 / おあげさん / ガハラさん,電波姫☆いまりちゃん / さくらこはダムです / メル子大先生 / 明日香大明神 / 甲羅暮らしの201号,complete
2,432,em-e0ae1e287b90,春のお兄さん,80,9202,5793,2,attribute_change,-0.3958,-0.4674,0.3403,0.7361,梵天ちゃん / 春のお兄さん / タミちゃん / おあげちゃん / ガハラさん,電波姫☆いまりちゃん / さくらこはダムです / メル子大先生 / 明日香大明神 / 甲羅暮らしの201号,complete
2,433,em-2f36c9341591,☆龍神☆尊氏様,85,9372,5623,2,multi_hit_attack,-0.3958,-0.4748,0.3403,0.7361,どんこ太郎 / ☆龍神☆尊氏様 / タミちゃん / のり男 / ガハラさん,電波姫☆いまりちゃん / さくらこはダムです / メル子大先生 / 明日香大明神 / 甲羅暮らしの201号,complete
2,434,em-872b1096af45,アシナガ,80,3748,6816,1,attack_buff,-0.4306,-0.5014,0.3056,0.7361,王国民ゴロウ / アシナガ / 棋聖！角成馬之助 / おあげさん / ガハラさん,電波姫☆いまりちゃん / さくらこはダムです / メル子大先生 / 明日香大明神 / 甲羅暮らしの201号,complete
2,435,em-404f12535630,祇園祭の素戔嗚さま,88,5964,6390,2,multi_hit_attack,-1,-1,,,,,no-include-deck
2,436,em-daac43f51729,四悪妖・鵺,88,9542,5964,1,attribute_change,-1,-1,,,,,no-include-deck
2,437,em-9c0c703673c5,突撃ジャンヌさん,90,7668,6475,1,multi_hit_attack,-1,-1,,,,,no-include-deck
2,438,em-207f3b89da64,ピンギヌスのたまご,100,1,1,1,damage_reduction,-1,-1,,,,,no-include-deck
3,1,em-7c7befcdeb38,メル子大先生,16,1773,1934,2,attack_buff,0.0069,-0.0557,0.7361,0.7292,電波姫☆いまりちゃん / さくらこはダムです / メル子大先生 / 明日香大明神 / 甲羅暮らしの201号,ハラショー☆ビッツェ / ペーチパイセン / ????? / 明日香大明神 / ロータス先輩,complete
3,2,em-6cd949ff7539,?????,53,1842,6475,2,guard,-0.0069,-0.0696,0.7292,0.7361,ハラショー☆ビッツェ / ペーチパイセン / ????? / 明日香大明神 / ロータス先輩,電波姫☆いまりちゃん / さくらこはダムです / メル子大先生 / 明日香大明神 / 甲羅暮らしの201号,complete
3,3,em-2a550653f0a8,時のプラズマ,15,1610,2737,3,attack_buff,-0.0139,-0.0832,0.7222,0.7361,電波姫☆いまりちゃん / ソンな福ちゃん / 時のプラズマ / 明日香大明神 / ロータス先輩,電波姫☆いまりちゃん / さくらこはダムです / メル子大先生 / 明日香大明神 / 甲羅暮らしの201号,complete
3,4,em-55828eea72b7,スーリヤ大先輩,48,5360,1951,2,aoe_attack,-0.0139,-0.0832,0.7222,0.7361,ハラショー☆ビッツェ / ペーチパイセン / スーリヤ大先輩 / 明日香大明神 / ロータス先輩,電波姫☆いまりちゃん / さくらこはダムです / メル子大先生 / 明日香大明神 / 甲羅暮らしの201号,complete
3,5,em-2f92f911f129,ICHIKIの音楽祭,45,4601,2044,2,aoe_attack,-0.0208,-0.0859,0.7153,0.7361,ラグーン☆南 / ペーチパイセン / ICHIKIの音楽祭 / 明日香大明神 / ロータス先輩,電波姫☆いまりちゃん / さくらこはダムです / メル子大先生 / 明日香大明神 / 甲羅暮らしの201号,complete
3,6,em-8f7b014ebd06,すわ子isGOD！,18,2254,2737,2,multi_hit_attack,-0.0278,-0.0934,0.7083,0.7361,ラプンツェル・アユ / ペーチパイセン / すわ子isGOD！ / 明日香大明神 / ロータス先輩,電波姫☆いまりちゃん / さくらこはダムです / メル子大先生 / 明日香大明神 / 甲羅暮らしの201号,complete
3,7,em-95e1d74be5b6,Ｈ・Ｆ・ウーマン,47,6305,3748,2,guard,-0.0347,-0.0984,0.7014,0.7361,ハラショー☆ビッツェ / さくらこはダムです / Ｈ・Ｆ・ウーマン / 明日香大明神 / ロータス先輩,電波姫☆いまりちゃん / さくらこはダムです / メル子大先生 / 明日香大明神 / 甲羅暮らしの201号,complete
3,8,em-971ee3677529,ポディアさま,20,2254,1127,2,attribute_guard,-0.0278,-0.1004,0.7083,0.7361,ぴぐぺん選手 / さくらこはダムです / ポディアさま / クレリゴス子様 / ガハラさん,電波姫☆いまりちゃん / さくらこはダムです / メル子大先生 / 明日香大明神 / 甲羅暮らしの201号,complete
3,9,em-a22cc3bfaf50,ミッシェル・もなむー,45,5623,3748,2,multi_hit_attack,-0.0417,-0.1046,0.6944,0.7361,ラグーン☆南 / ペーチパイセン / ミッシェル・もなむー / 明日香大明神 / ロータス先輩,電波姫☆いまりちゃん / さくらこはダムです / メル子大先生 / 明日香大明神 / 甲羅暮らしの201号,complete
3,10,em-930a7ba2d377,エルジェムさん,10,1269,846,2,attack_buff,-0.0417,-0.1059,0.6944,0.7361,電波姫☆いまりちゃん / ペーチパイセン / エルジェムさん / 明日香大明神 / シンハ☆ラジャ様,電波姫☆いまりちゃん / さくらこはダムです / メル子大先生 / 明日香大明神 / 甲羅暮らしの201号,complete
3,11,em-f2d052955a43,大正義・フクちゃん,7,1128,1269,2,attribute_change,-0.0347,-0.1078,0.7014,0.7361,電波姫☆いまりちゃん / ペーチパイセン / 大正義・フクちゃん / 明日香大明神 / シンハ☆ラジャ様,電波姫☆いまりちゃん / さくらこはダムです / メル子大先生 / 明日香大明神 / 甲羅暮らしの201号,complete
3,12,em-c0b8a38b4040,鹿喰らいの狼マン,47,4771,3748,2,multi_hit_attack,-0.0486,-0.1082,0.6875,0.7361,黍deギャリソン / ペーチパイセン / 鹿喰らいの狼マン / 明日香大明神 / ロータス先輩,電波姫☆いまりちゃん / さくらこはダムです / メル子大先生 / 明日香大明神 / 甲羅暮らしの201号,complete
3,13,em-e718c5b250d7,彩れくたにん,9,600,700,2,attribute_change,-0.0417,-0.1141,0.6944,0.7361,電波姫☆いまりちゃん / ペーチパイセン / 彩れくたにん / 明日香大明神 / シンハ☆ラジャ様,電波姫☆いまりちゃん / さくらこはダムです / メル子大先生 / 明日香大明神 / 甲羅暮らしの201号,complete
3,14,em-5088462f1ee9,日本一の桃たろす,45,4260,5964,2,attribute_change,-0.0486,-0.1193,0.6875,0.7361,ラグーン☆南 / ペーチパイセン / 日本一の桃たろす / 明日香大明神 / ロータス先輩,電波姫☆いまりちゃん / さくらこはダムです / メル子大先生 / 明日香大明神 / 甲羅暮らしの201号,complete
3,15,em-b54c325797a5,フク先生,6,600,700,3,attribute_change,-0.0486,-0.1193,0.6875,0.7361,藤のフヒッティ / ペーチパイセン / フク先生 / おあげさん / ガハラさん,電波姫☆いまりちゃん / さくらこはダムです / メル子大先生 / 明日香大明神 / 甲羅暮らしの201号,complete
3,16,em-1eb5e932843b,ダンブッラの蘭,38,5112,3578,2,damage_reduction,-0.0556,-0.1195,0.6806,0.7361,電波姫☆いまりちゃん / ペーチパイセン / ダンブッラの蘭 / 明日香大明神 / ロータス先輩,電波姫☆いまりちゃん / さくらこはダムです / メル子大先生 / 明日香大明神 / 甲羅暮らしの201号,complete
3,17,em-b5fa3fe8e44e,ディープワン・ゴロウ,8,1214,1189,2,attack_buff,-0.075,-0.1215,0.6612,0.7361,電波姫☆いまりちゃん / さくらこはダムです / ディープワン・ゴロウ / 明日香大明神 / シンハ☆ラジャ様,電波姫☆いまりちゃん / さくらこはダムです / メル子大先生 / 明日香大明神 / 甲羅暮らしの201号,complete
3,18,em-66ea9ae769d2,白拍子キリコ,22,2898,2898,2,attribute_change,-0.0625,-0.1257,0.6736,0.7361,電波姫☆いまりちゃん / 一葉ちゃんは作家さん / 白拍子キリコ / 明日香大明神 / ロータス先輩,電波姫☆いまりちゃん / さくらこはダムです / メル子大先生 / 明日香大明神 / 甲羅暮らしの201号,complete
3,19,em-95a2dbeaf4ea,神使！ナモミさま,18,805,4025,2,attack_buff,-0.0694,-0.1292,0.6667,0.7361,電波姫☆いまりちゃん / 一葉ちゃんは作家さん / 神使！ナモミさま / 明日香大明神 / シミ,電波姫☆いまりちゃん / さくらこはダムです / メル子大先生 / 明日香大明神 / 甲羅暮らしの201号,complete
3,20,em-5275d879d803,ｻｲｯｺくたにん,12,800,1000,2,attribute_change,-0.0625,-0.1294,0.6736,0.7361,電波姫☆いまりちゃん / さくらこはダムです / ｻｲｯｺくたにん / 明日香大明神 / うまうーさん♪,電波姫☆いまりちゃん / さくらこはダムです / メル子大先生 / 明日香大明神 / 甲羅暮らしの201号,complete
3,21,em-7c5fdd7af70d,覚醒むりょく,6,198,89,3,multi_hit_attack,-0.0694,-0.1306,0.6667,0.7361,電波姫☆いまりちゃん / さくらこはダムです / 覚醒むりょく / 明日香大明神 / シンハ☆ラジャ様,電波姫☆いまりちゃん / さくらこはダムです / メル子大先生 / 明日香大明神 / 甲羅暮らしの201号,complete
3,22,em-10db7896577b,人面恐竜の謎,12,1000,1200,2,attack_buff,-0.0694,-0.1331,0.6667,0.7361,電波姫☆いまりちゃん / どんこ太郎 / 人面恐竜の謎 / 明日香大明神 / ケルトレントさん,電波姫☆いまりちゃん / さくらこはダムです / メル子大先生 / 明日香大明神 / 甲羅暮らしの201号,complete
3,23,em-f4b4f3bc039f,棋聖！角成馬之助,5,500,900,3,attribute_change,-0.0625,-0.134,0.6736,0.7361,藤のフヒッティ / ペーチパイセン / 棋聖！角成馬之助 / おあげさん / ガハラさん,電波姫☆いまりちゃん / さくらこはダムです / メル子大先生 / 明日香大明神 / 甲羅暮らしの201号,complete
3,24,em-aeee7aac1b71,ジンジャーブレッド男,20,4143,2440,2,attack_buff,-0.0694,-0.1356,0.6667,0.7361,電波姫☆いまりちゃん / 一葉ちゃんは作家さん / ジンジャーブレッド男 / 明日香大明神 / ロータス先輩,電波姫☆いまりちゃん / さくらこはダムです / メル子大先生 / 明日香大明神 / 甲羅暮らしの201号,complete
3,25,em-4819d53ddb48,ブハラ師匠,39,5708,3237,3,heal,-0.0764,-0.138,0.6597,0.7361,電波姫☆いまりちゃん / ペーチパイセン / ブハラ師匠 / 明日香大明神 / ロータス先輩,電波姫☆いまりちゃん / さくらこはダムです / メル子大先生 / 明日香大明神 / 甲羅暮らしの201号,complete
3,26,em-4320ba79e25e,たけしマン,8,800,900,3,damage_reduction,-0.0694,-0.1391,0.6667,0.7361,藤のフヒッティ / ペーチパイセン / たけしマン / おあげちゃん / ガハラさん,電波姫☆いまりちゃん / さくらこはダムです / メル子大先生 / 明日香大明神 / 甲羅暮らしの201号,complete
3,27,em-2d179e9f0835,ﾇｯと出る☆ウイス君,36,5354,2486,2,attack_buff,-0.0833,-0.1413,0.6528,0.7361,電波姫☆いまりちゃん / さくらこはダムです / ﾇｯと出る☆ウイス君 / 明日香大明神 / ロータス先輩,電波姫☆いまりちゃん / さくらこはダムです / メル子大先生 / 明日香大明神 / 甲羅暮らしの201号,complete
3,28,em-7380c7ba233b,大崎どんと先輩,37,4771,3408,3,damage_reduction,-0.0764,-0.1418,0.6597,0.7361,電波姫☆いまりちゃん / ペーチパイセン / 大崎どんと先輩 / 明日香大明神 / ロータス先輩,電波姫☆いまりちゃん / さくらこはダムです / メル子大先生 / 明日香大明神 / 甲羅暮らしの201号,complete
3,29,em-961b8b31de55,竜王！角成馬之助,8,989,2191,2,attribute_change,-0.0972,-0.1422,0.6389,0.7361,電波姫☆いまりちゃん / さくらこはダムです / 竜王！角成馬之助 / 明日香大明神 / シンハ☆ラジャ様,電波姫☆いまりちゃん / さくらこはダムです / メル子大先生 / 明日香大明神 / 甲羅暮らしの201号,complete
3,30,em-1f563ca1152b,キューバのラムちゃん,47,4703,4703,2,heal,-0.0833,-0.1427,0.6528,0.7361,黍deギャリソン / ペーチパイセン / キューバのラムちゃん / 明日香大明神 / ロータス先輩,電波姫☆いまりちゃん / さくらこはダムです / メル子大先生 / 明日香大明神 / 甲羅暮らしの201号,complete
3,31,em-46432847d531,ＢＥＷ雪玉,8,2538,705,3,attack_buff,-0.0833,-0.144,0.6528,0.7361,電波姫☆いまりちゃん / さくらこはダムです / ＢＥＷ雪玉 / 明日香大明神 / シンハ☆ラジャ様,電波姫☆いまりちゃん / さくらこはダムです / メル子大先生 / 明日香大明神 / 甲羅暮らしの201号,complete
3,32,em-554c0093231a,おあげさん,7,505,495,3,attack_buff,-0.0833,-0.144,0.6528,0.7361,電波姫☆いまりちゃん / さくらこはダムです / おあげさん / 明日香大明神 / シンハ☆ラジャ様,電波姫☆いまりちゃん / さくらこはダムです / メル子大先生 / 明日香大明神 / 甲羅暮らしの201号,complete
3,33,em-ec5b8324ab06,袴着！いつくしーみん,36,3401,3401,2,attack_buff,-0.0764,-0.1442,0.6597,0.7361,電波姫☆いまりちゃん / ペーチパイセン / 袴着！いつくしーみん / 明日香大明神 / ロータス先輩,電波姫☆いまりちゃん / さくらこはダムです / メル子大先生 / 明日香大明神 / 甲羅暮らしの201号,complete
3,34,em-296c2c9d656f,雷鳥プリトヴィさん,25,2576,3091,3,aoe_attack,-0.0764,-0.1453,0.6597,0.7361,電波姫☆いまりちゃん / 一葉ちゃんは作家さん / 雷鳥プリトヴィさん / 明日香大明神 / ロータス先輩,電波姫☆いまりちゃん / さくらこはダムです / メル子大先生 / 明日香大明神 / 甲羅暮らしの201号,complete
3,35,em-904dc3a6cb19,ɚすぃとLulu？,24,4260,2726,3,guard,-0.0765,-0.1454,0.6596,0.7361,電波姫☆いまりちゃん / 一葉ちゃんは作家さん / ɚすぃとLulu？ / 明日香大明神 / ロータス先輩,電波姫☆いまりちゃん / さくらこはダムです / メル子大先生 / 明日香大明神 / 甲羅暮らしの201号,complete
3,36,em-89f674ec8b42,ハクさん隊長,25,2737,3059,3,attack_buff,-0.0764,-0.1476,0.6597,0.7361,電波姫☆いまりちゃん / 一葉ちゃんは作家さん / ハクさん隊長 / 明日香大明神 / ロータス先輩,電波姫☆いまりちゃん / さくらこはダムです / メル子大先生 / 明日香大明神 / 甲羅暮らしの201号,complete
3,37,em-03bd45a21028,覚醒ねっつ,6,346,297,2,multi_hit_attack,-0.0972,-0.1489,0.6389,0.7361,電波姫☆いまりちゃん / さくらこはダムです / 覚醒ねっつ / 明日香大明神 / シンハ☆ラジャ様,電波姫☆いまりちゃん / さくらこはダムです / メル子大先生 / 明日香大明神 / 甲羅暮らしの201号,complete
3,38,em-667dae45fa9f,怪童の金たろす,52,6049,6049,2,damage_reduction,-0.0833,-0.1491,0.6528,0.7361,ハラショー☆ビッツェ / ペーチパイセン / 怪童の金たろす / 明日香大明神 / ロータス先輩,電波姫☆いまりちゃん / さくらこはダムです / メル子大先生 / 明日香大明神 / 甲羅暮らしの201号,complete
3,39,em-e62b9e33c2aa,たけしマンＺ,24,2576,2415,3,damage_reduction,-0.0833,-0.1491,0.6528,0.7361,電波姫☆いまりちゃん / 一葉ちゃんは作家さん / たけしマンＺ / 明日香大明神 / ロータス先輩,電波姫☆いまりちゃん / さくらこはダムです / メル子大先生 / 明日香大明神 / 甲羅暮らしの201号,complete
3,40,em-804bc17d075c,雪壁の大谷,11,1500,300,2,damage_reduction,-0.0833,-0.1491,0.6528,0.7361,電波姫☆いまりちゃん / ペーチパイセン / 雪壁の大谷 / 明日香大明神 / シンハ☆ラジャ様,電波姫☆いまりちゃん / さくらこはダムです / メル子大先生 / 明日香大明神 / 甲羅暮らしの201号,complete
3,41,em-cea68c425163,跛荒の鉄男大先生,51,4686,6625,3,multi_hit_attack,-0.0833,-0.1503,0.6528,0.7361,ハラショー☆ビッツェ / ペーチパイセン / 跛荒の鉄男大先生 / 明日香大明神 / ロータス先輩,電波姫☆いまりちゃん / さくらこはダムです / メル子大先生 / 明日香大明神 / 甲羅暮らしの201号,complete
3,42,em-d5ea84224259,ﾌﾗﾝﾀﾞｰｽのわんわんお,38,5538,3190,3,guard,-0.0834,-0.1504,0.6527,0.7361,電波姫☆いまりちゃん / ペーチパイセン / ﾌﾗﾝﾀﾞｰｽのわんわんお / 明日香大明神 / ロータス先輩,電波姫☆いまりちゃん / さくらこはダムです / メル子大先生 / 明日香大明神 / 甲羅暮らしの201号,complete
3,43,em-2d3e693a8406,ツキマシモン,35,3919,1704,2,attack_buff,-0.0972,-0.1504,0.6389,0.7361,電波姫☆いまりちゃん / さくらこはダムです / ツキマシモン / 明日香大明神 / ロータス先輩,電波姫☆いまりちゃん / さくらこはダムです / メル子大先生 / 明日香大明神 / 甲羅暮らしの201号,complete
3,44,em-378e340695dc,スクナクナクナクス,50,6816,3408,2,aoe_attack,-0.0833,-0.1515,0.6528,0.7361,ハラショー☆ビッツェ / ペーチパイセン / スクナクナクナクス / 明日香大明神 / ロータス先輩,電波姫☆いまりちゃん / さくらこはダムです / メル子大先生 / 明日香大明神 / 甲羅暮らしの201号,complete
3,45,em-a85f091d502f,スウェルくん,11,1452,2058,2,damage_reduction,-0.0833,-0.1515,0.6528,0.7361,電波姫☆いまりちゃん / ペーチパイセン / スウェルくん / 明日香大明神 / シンハ☆ラジャ様,電波姫☆いまりちゃん / さくらこはダムです / メル子大先生 / 明日香大明神 / 甲羅暮らしの201号,complete
3,46,em-cfe553ea56a6,あまのちゃんパイセン,22,3220,805,3,multi_hit_attack,-0.0903,-0.1552,0.6458,0.7361,電波姫☆いまりちゃん / 一葉ちゃんは作家さん / あまのちゃんパイセン / 明日香大明神 / ロータス先輩,電波姫☆いまりちゃん / さくらこはダムです / メル子大先生 / 明日香大明神 / 甲羅暮らしの201号,complete
3,47,em-d518108f13e3,トランシルヴァニア家族,45,5350,6059,2,multi_hit_attack,-0.0903,-0.1552,0.6458,0.7361,ラグーン☆南 / ペーチパイセン / トランシルヴァニア家族 / 明日香大明神 / ロータス先輩,電波姫☆いまりちゃん / さくらこはダムです / メル子大先生 / 明日香大明神 / 甲羅暮らしの201号,complete
3,48,em-57c0701ee61b,タミちゃん,4,314,298,3,attribute_guard,-0.1042,-0.1563,0.6319,0.7361,電波姫☆いまりちゃん / さくらこはダムです / タミちゃん / 明日香大明神 / ケルトレントさん,電波姫☆いまりちゃん / さくらこはダムです / メル子大先生 / 明日香大明神 / 甲羅暮らしの201号,complete
3,49,em-2fe87d344c40,都井 岬パイセン,36,3237,2896,2,damage_reduction,-0.0903,-0.1565,0.6458,0.7361,電波姫☆いまりちゃん / ペーチパイセン / 都井 岬パイセン / 明日香大明神 / ロータス先輩,電波姫☆いまりちゃん / さくらこはダムです / メル子大先生 / 明日香大明神 / 甲羅暮らしの201号,complete
3,50,em-42c90dd17240,GSPS！秀郷先生,34,3578,4601,2,attack_buff,-0.0903,-0.1565,0.6458,0.7361,電波姫☆いまりちゃん / ペーチパイセン / GSPS！秀郷先生 / 明日香大明神 / ロータス先輩,電波姫☆いまりちゃん / さくらこはダムです / メル子大先生 / 明日香大明神 / 甲羅暮らしの201号,complete
3,51,em-a7fc49aa8c73,広報担当：アッシュ,37,5112,3748,2,attribute_guard,-0.0903,-0.1565,0.6458,0.7361,電波姫☆いまりちゃん / ペーチパイセン / 広報担当：アッシュ / 明日香大明神 / ロータス先輩,電波姫☆いまりちゃん / さくらこはダムです / メル子大先生 / 明日香大明神 / 甲羅暮らしの201号,complete
3,52,em-afb87379337d,地味に変な大仏,8,600,600,3,attack_buff,-0.1042,-0.1578,0.6319,0.7361,電波姫☆いまりちゃん / さくらこはダムです / 地味に変な大仏 / 明日香大明神 / シンハ☆ラジャ様,電波姫☆いまりちゃん / さくらこはダムです / メル子大先生 / 明日香大明神 / 甲羅暮らしの201号,complete
3,53,em-8765daafca7a,トマティーナ中佐,40,3748,2130,2,multi_hit_attack,-0.0903,-0.16,0.6458,0.7361,ハラショー☆ビッツェ / 一葉ちゃんは作家さん / トマティーナ中佐 / 明日香大明神 / ロータス先輩,電波姫☆いまりちゃん / さくらこはダムです / メル子大先生 / 明日香大明神 / 甲羅暮らしの201号,complete
3,54,em-7fd9b48cee31,七夕星人☆たたるんるん,20,3220,1610,2,attack_buff,-0.0972,-0.1601,0.6389,0.7361,電波姫☆いまりちゃん / 一葉ちゃんは作家さん / 七夕星人☆たたるんるん / 明日香大明神 / ロータス先輩,電波姫☆いまりちゃん / さくらこはダムです / メル子大先生 / 明日香大明神 / 甲羅暮らしの201号,complete
3,55,em-1661134d99fb,魔女っ子ruruとlulu,19,2898,2898,3,attack_buff,-0.0903,-0.1611,0.6458,0.7361,電波姫☆いまりちゃん / 一葉ちゃんは作家さん / 魔女っ子ruruとlulu / 明日香大明神 / ロータス先輩,電波姫☆いまりちゃん / さくらこはダムです / メル子大先生 / 明日香大明神 / 甲羅暮らしの201号,complete
3,56,em-28f044d525d7,スーリヤ様が見てる,7,489,1446,3,skill_reduction,-0.1042,-0.1621,0.6319,0.7361,電波姫☆いまりちゃん / さくらこはダムです / スーリヤ様が見てる / 明日香大明神 / シンハ☆ラジャ様,電波姫☆いまりちゃん / さくらこはダムです / メル子大先生 / 明日香大明神 / 甲羅暮らしの201号,partial-skill-support
3,57,em-7663b2df6537,しずこ大先生,22,1610,3220,3,multi_hit_attack,-0.0972,-0.1626,0.6389,0.7361,電波姫☆いまりちゃん / 一葉ちゃんは作家さん / しずこ大先生 / 明日香大明神 / ロータス先輩,電波姫☆いまりちゃん / さくらこはダムです / メル子大先生 / 明日香大明神 / 甲羅暮らしの201号,complete
3,58,em-00cb73b242d5,ヴィッセル君,39,5112,2556,3,aoe_attack,-0.0972,-0.1626,0.6389,0.7361,電波姫☆いまりちゃん / ペーチパイセン / ヴィッセル君 / 明日香大明神 / ロータス先輩,電波姫☆いまりちゃん / さくらこはダムです / メル子大先生 / 明日香大明神 / 甲羅暮らしの201号,complete
3,59,em-75c1af17d152,浴衣美人な日女路嬢,38,5623,3748,3,heal,-0.1042,-0.1635,0.6319,0.7361,電波姫☆いまりちゃん / ペーチパイセン / 浴衣美人な日女路嬢 / 明日香大明神 / ロータス先輩,電波姫☆いまりちゃん / さくらこはダムです / メル子大先生 / 明日香大明神 / 甲羅暮らしの201号,complete
3,60,em-1a8cab078d61,イグナシオさんミニ,14,2567,1812,3,attack_buff,-0.0972,-0.1638,0.6389,0.7361,電波姫☆いまりちゃん / 一葉ちゃんは作家さん / イグナシオさんミニ / 明日香大明神 / ロータス先輩,電波姫☆いまりちゃん / さくらこはダムです / メル子大先生 / 明日香大明神 / 甲羅暮らしの201号,complete
3,61,em-05de078a2e7c,幼妻！エンゼルちゃん,22,1993,2913,3,heal,-0.0972,-0.1638,0.6389,0.7361,電波姫☆いまりちゃん / 一葉ちゃんは作家さん / 幼妻！エンゼルちゃん / 明日香大明神 / ロータス先輩,電波姫☆いまりちゃん / さくらこはダムです / メル子大先生 / 明日香大明神 / 甲羅暮らしの201号,complete
3,62,em-6c2ea8631e0d,深海美少年モヅルン,37,5964,2385,3,attribute_guard,-0.0972,-0.1638,0.6389,0.7361,電波姫☆いまりちゃん / ペーチパイセン / 深海美少年モヅルン / 明日香大明神 / ロータス先輩,電波姫☆いまりちゃん / さくらこはダムです / メル子大先生 / 明日香大明神 / 甲羅暮らしの201号,complete
3,63,em-14cb05f591ca,牛鬼だうわーっ！,45,3919,2556,2,multi_hit_attack,-0.0972,-0.1638,0.6389,0.7361,ラグーン☆南 / ペーチパイセン / 牛鬼だうわーっ！ / 明日香大明神 / ロータス先輩,電波姫☆いまりちゃん / さくらこはダムです / メル子大先生 / 明日香大明神 / 甲羅暮らしの201号,complete
3,64,em-433922ef3e4e,夏至祭のぺた也君,53,7266,2153,2,skill_reduction,-0.1042,-0.1648,0.6319,0.7361,ハラショー☆ビッツェ / ペーチパイセン / 夏至祭のぺた也君 / 明日香大明神 / ロータス先輩,電波姫☆いまりちゃん / さくらこはダムです / メル子大先生 / 明日香大明神 / 甲羅暮らしの201号,partial-skill-support
3,65,em-2c819cc3029c,お稲荷さん,9,808,808,3,attack_buff,-0.1042,-0.1648,0.6319,0.7361,電波姫☆いまりちゃん / ペーチパイセン / お稲荷さん / 明日香大明神 / シンハ☆ラジャ様,電波姫☆いまりちゃん / さくらこはダムです / メル子大先生 / 明日香大明神 / 甲羅暮らしの201号,complete
3,66,em-7a58e59098c4,森神ブーナッド,36,4941,3408,2,heal,-0.1042,-0.1648,0.6319,0.7361,電波姫☆いまりちゃん / さくらこはダムです / 森神ブーナッド / 明日香大明神 / ロータス先輩,電波姫☆いまりちゃん / さくらこはダムです / メル子大先生 / 明日香大明神 / 甲羅暮らしの201号,complete
3,67,em-7b76cc31326e,迷走のヴァニ江,36,4379,2505,2,damage_reduction,-0.1042,-0.1648,0.6319,0.7361,電波姫☆いまりちゃん / ペーチパイセン / 迷走のヴァニ江 / 明日香大明神 / ロータス先輩,電波姫☆いまりちゃん / さくらこはダムです / メル子大先生 / 明日香大明神 / 甲羅暮らしの201号,complete
3,68,em-e3dab98c64af,試作型おこしん,8,2265,1510,2,attribute_guard,-0.0972,-0.165,0.6389,0.7361,電波姫☆いまりちゃん / ペーチパイセン / 試作型おこしん / 明日香大明神 / シンハ☆ラジャ様,電波姫☆いまりちゃん / さくらこはダムです / メル子大先生 / 明日香大明神 / 甲羅暮らしの201号,complete
3,69,em-6f409bf9b5bd,素敵なステチュさん,14,211,2115,2,damage_reduction,-0.0972,-0.165,0.6389,0.7361,電波姫☆いまりちゃん / さくらこはダムです / 素敵なステチュさん / クレリゴス子様 / ガハラさん,電波姫☆いまりちゃん / さくらこはダムです / メル子大先生 / 明日香大明神 / 甲羅暮らしの201号,complete
3,70,em-3ea6ac9a0933,オリバーWITHソー,8,400,800,3,attack_buff,-0.1111,-0.1651,0.625,0.7361,電波姫☆いまりちゃん / さくらこはダムです / オリバーWITHソー / 明日香大明神 / シンハ☆ラジャ様,電波姫☆いまりちゃん / さくらこはダムです / メル子大先生 / 明日香大明神 / 甲羅暮らしの201号,complete
3,71,em-8c8bd83ed246,夜王・超人ひきやマン,20,2656,2495,3,attack_buff,-0.0972,-0.1661,0.6389,0.7361,電波姫☆いまりちゃん / 一葉ちゃんは作家さん / 夜王・超人ひきやマン / 明日香大明神 / ロータス先輩,電波姫☆いまりちゃん / さくらこはダムです / メル子大先生 / 明日香大明神 / 甲羅暮らしの201号,complete
3,72,em-3c2d84f01c84,休憩。蟹男,35,6105,2726,2,guard,-0.1042,-0.1661,0.6319,0.7361,電波姫☆いまりちゃん / さくらこはダムです / 休憩。蟹男 / 明日香大明神 / ロータス先輩,電波姫☆いまりちゃん / さくらこはダムです / メル子大先生 / 明日香大明神 / 甲羅暮らしの201号,complete
3,73,em-490ce6c4d005,ア、ショーカ大王,45,3067,4601,3,multi_hit_attack,-0.0972,-0.1673,0.6389,0.7361,ラグーン☆南 / ペーチパイセン / ア、ショーカ大王 / 明日香大明神 / ロータス先輩,電波姫☆いまりちゃん / さくらこはダムです / メル子大先生 / 明日香大明神 / 甲羅暮らしの201号,complete
3,74,em-7b7bc6faa9ba,パティは実況勢,41,5623,3352,2,damage_reduction,-0.1181,-0.1679,0.6181,0.7361,電波姫☆いまりちゃん / さくらこはダムです / パティは実況勢 / 明日香大明神 / zuス様とsiラ様,電波姫☆いまりちゃん / さくらこはダムです / メル子大先生 / 明日香大明神 / 甲羅暮らしの201号,complete
3,75,em-9b4f5ff97dee,モスウーマン師匠,47,6390,4345,2,attribute_change,-0.0972,-0.1684,0.6389,0.7361,黍deギャリソン / ペーチパイセン / モスウーマン師匠 / 明日香大明神 / ロータス先輩,電波姫☆いまりちゃん / さくらこはダムです / メル子大先生 / 明日香大明神 / 甲羅暮らしの201号,complete
3,76,em-afeba50fe5b8,ジャイアンツ★こずえ,14,3102,705,2,attack_buff,-0.0972,-0.1684,0.6389,0.7361,電波姫☆いまりちゃん / メムノン２８号 / ジャイアンツ★こずえ / 明日香大明神 / ロータス先輩,電波姫☆いまりちゃん / さくらこはダムです / メル子大先生 / 明日香大明神 / 甲羅暮らしの201号,complete
3,77,em-4d9586371e6c,鞭・打つ子さん,38,4106,4106,3,multi_hit_attack,-0.1042,-0.1699,0.6319,0.7361,電波姫☆いまりちゃん / ペーチパイセン / 鞭・打つ子さん / 明日香大明神 / ロータス先輩,電波姫☆いまりちゃん / さくらこはダムです / メル子大先生 / 明日香大明神 / 甲羅暮らしの201号,complete
3,78,em-690b5b221287,メルクさん,17,2114,1812,2,aoe_attack,-0.0972,-0.1706,0.6389,0.7361,電波姫☆いまりちゃん / 一葉ちゃんは作家さん / メルクさん / 明日香大明神 / ロータス先輩,電波姫☆いまりちゃん / さくらこはダムです / メル子大先生 / 明日香大明神 / 甲羅暮らしの201号,complete
3,79,em-bae534d22214,猫キャットとOLさん,37,3786,3786,3,delay,-0.1111,-0.1708,0.625,0.7361,電波姫☆いまりちゃん / ペーチパイセン / 猫キャットとOLさん / 明日香大明神 / ロータス先輩,電波姫☆いまりちゃん / さくらこはダムです / メル子大先生 / 明日香大明神 / 甲羅暮らしの201号,partial-skill-support
3,80,em-68afa2dec462,みどりのたけしマン,23,2592,2432,3,damage_reduction,-0.1042,-0.1723,0.6319,0.7361,電波姫☆いまりちゃん / 一葉ちゃんは作家さん / みどりのたけしマン / 明日香大明神 / ロータス先輩,電波姫☆いまりちゃん / さくらこはダムです / メル子大先生 / 明日香大明神 / 甲羅暮らしの201号,complete
3,81,em-0de053498de9,犬ひらり屋,25,3542,1771,3,damage_reduction,-0.1042,-0.1723,0.6319,0.7361,電波姫☆いまりちゃん / 一葉ちゃんは作家さん / 犬ひらり屋 / 明日香大明神 / ロータス先輩,電波姫☆いまりちゃん / さくらこはダムです / メル子大先生 / 明日香大明神 / 甲羅暮らしの201号,complete
3,82,em-b041a6f6cf00,テヅルモヅルン,37,5367,2147,3,attribute_guard,-0.1042,-0.1723,0.6319,0.7361,電波姫☆いまりちゃん / ペーチパイセン / テヅルモヅルン / 明日香大明神 / ロータス先輩,電波姫☆いまりちゃん / さくらこはダムです / メル子大先生 / 明日香大明神 / 甲羅暮らしの201号,complete
3,83,em-11e2e69b2674,フクさん,5,400,500,3,attribute_change,-0.1111,-0.1734,0.625,0.7361,電波姫☆いまりちゃん / さくらこはダムです / フクさん / 明日香大明神 / シンハ☆ラジャ様,電波姫☆いまりちゃん / さくらこはダムです / メル子大先生 / 明日香大明神 / 甲羅暮らしの201号,complete
3,84,em-344c7687cce5,アウス大先輩,17,1924,1924,2,attribute_change,-0.1111,-0.1734,0.625,0.7361,電波姫☆いまりちゃん / 一葉ちゃんは作家さん / アウス大先輩 / 明日香大明神 / ロータス先輩,電波姫☆いまりちゃん / さくらこはダムです / メル子大先生 / 明日香大明神 / 甲羅暮らしの201号,complete
3,85,em-0d66cd2274f8,カニバルズム・リオ子,38,3428,2109,3,multi_hit_attack,-0.1111,-0.1734,0.625,0.7361,電波姫☆いまりちゃん / ペーチパイセン / カニバルズム・リオ子 / 明日香大明神 / ロータス先輩,電波姫☆いまりちゃん / さくらこはダムです / メル子大先生 / 明日香大明神 / 甲羅暮らしの201号,complete
3,86,em-2544eb31d996,伝説のぼこたそ,8,1187,1215,3,delay,-0.1181,-0.1739,0.6181,0.7361,電波姫☆いまりちゃん / さくらこはダムです / 伝説のぼこたそ / 明日香大明神 / シンハ☆ラジャ様,電波姫☆いまりちゃん / さくらこはダムです / メル子大先生 / 明日香大明神 / 甲羅暮らしの201号,partial-skill-support
3,87,em-480a0eef6d7b,ピカリャー射的ｽﾀｲﾙ,45,3786,3786,2,aoe_attack,-0.1042,-0.1746,0.6319,0.7361,ラグーン☆南 / ペーチパイセン / ピカリャー射的ｽﾀｲﾙ / 明日香大明神 / ロータス先輩,電波姫☆いまりちゃん / さくらこはダムです / メル子大先生 / 明日香大明神 / 甲羅暮らしの201号,complete
3,88,em-e5bf71c0bba9,都市伝説！蟹男,14,2393,1126,2,guard,-0.1111,-0.1747,0.625,0.7361,電波姫☆いまりちゃん / 一葉ちゃんは作家さん / 都市伝説！蟹男 / 明日香大明神 / ロータス先輩,電波姫☆いまりちゃん / さくらこはダムです / メル子大先生 / 明日香大明神 / 甲羅暮らしの201号,complete
3,89,em-69c457dd7e6a,スミθ＆エð,13,3020,755,2,attribute_guard,-0.0972,-0.1749,0.6389,0.7361,ラグーン☆南 / さくらこはダムです / スミθ＆エð / クレリゴス子様 / 頑張るハクさん,電波姫☆いまりちゃん / さくらこはダムです / メル子大先生 / 明日香大明神 / 甲羅暮らしの201号,complete
3,90,em-09c253fd0a61,オリバーTHEドッグ,5,200,500,3,attack_buff,-0.1181,-0.1754,0.6181,0.7361,電波姫☆いまりちゃん / さくらこはダムです / オリバーTHEドッグ / 明日香大明神 / シンハ☆ラジャ様,電波姫☆いまりちゃん / さくらこはダムです / メル子大先生 / 明日香大明神 / 甲羅暮らしの201号,complete
3,91,em-48f48620a722,ひきやまん,8,618,617,3,attack_buff,-0.1181,-0.1754,0.6181,0.7361,電波姫☆いまりちゃん / さくらこはダムです / ひきやまん / 明日香大明神 / シンハ☆ラジャ様,電波姫☆いまりちゃん / さくらこはダムです / メル子大先生 / 明日香大明神 / 甲羅暮らしの201号,complete
3,92,em-5981c18a4a99,オシラサマ,33,4260,3322,3,heal,-0.1181,-0.1754,0.6181,0.7361,電波姫☆いまりちゃん / ペーチパイセン / オシラサマ / 明日香大明神 / ロータス先輩,電波姫☆いまりちゃん / さくらこはダムです / メル子大先生 / 明日香大明神 / 甲羅暮らしの201号,complete
3,93,em-fcf6ec919e80,ｱﾙﾊﾟ力のお兄(父)さん,10,763,2205,3,heal,-0.1042,-0.1757,0.6319,0.7361,電波姫☆いまりちゃん / ペーチパイセン / ｱﾙﾊﾟ力のお兄(父)さん / 明日香大明神 / シンハ☆ラジャ様,電波姫☆いまりちゃん / さくらこはダムです / メル子大先生 / 明日香大明神 / 甲羅暮らしの201号,complete
3,94,em-f13a3baa139d,伝説のビスカやん！,9,1893,1241,2,skill_reduction,-0.1111,-0.1759,0.625,0.7361,電波姫☆いまりちゃん / ペーチパイセン / 伝説のビスカやん！ / 明日香大明神 / シンハ☆ラジャ様,電波姫☆いまりちゃん / さくらこはダムです / メル子大先生 / 明日香大明神 / 甲羅暮らしの201号,partial-skill-support
3,95,em-81078d011501,年齢不詳！エンゼル様,22,2215,3237,3,heal,-0.1111,-0.1759,0.625,0.7361,電波姫☆いまりちゃん / 一葉ちゃんは作家さん / 年齢不詳！エンゼル様 / 明日香大明神 / ロータス先輩,電波姫☆いまりちゃん / さくらこはダムです / メル子大先生 / 明日香大明神 / 甲羅暮らしの201号,complete
3,96,em-690a803a0c00,タッターさん,47,4089,2222,2,multi_hit_attack,-0.1111,-0.1759,0.625,0.7361,黍deギャリソン / ペーチパイセン / タッターさん / 明日香大明神 / ロータス先輩,電波姫☆いまりちゃん / さくらこはダムです / メル子大先生 / 明日香大明神 / 甲羅暮らしの201号,complete
3,97,em-325f53beccfd,魔法のメルルン,11,1533,1738,3,skill_reduction,-0.1111,-0.1772,0.625,0.7361,電波姫☆いまりちゃん / ペーチパイセン / 魔法のメルルン / 明日香大明神 / シンハ☆ラジャ様,電波姫☆いまりちゃん / さくらこはダムです / メル子大先生 / 明日香大明神 / 甲羅暮らしの201号,partial-skill-support
3,98,em-7bc4d997dc30,天壇パンダ,20,2050,4186,2,heal,-0.1111,-0.1772,0.625,0.7361,電波姫☆いまりちゃん / 一葉ちゃんは作家さん / 天壇パンダ / 明日香大明神 / ロータス先輩,電波姫☆いまりちゃん / さくらこはダムです / メル子大先生 / 明日香大明神 / 甲羅暮らしの201号,complete
3,99,em-1cb67f0b7d2d,スノーな大谷,9,1100,200,2,damage_reduction,-0.1111,-0.1772,0.625,0.7361,電波姫☆いまりちゃん / ペーチパイセン / スノーな大谷 / 明日香大明神 / シンハ☆ラジャ様,電波姫☆いまりちゃん / さくらこはダムです / メル子大先生 / 明日香大明神 / 甲羅暮らしの201号,complete
3,100,em-eeba5b4dcba6,カニパンだっ！,23,2737,2415,2,guard,-0.1111,-0.1772,0.625,0.7361,電波姫☆いまりちゃん / 一葉ちゃんは作家さん / カニパンだっ！ / 明日香大明神 / ロータス先輩,電波姫☆いまりちゃん / さくらこはダムです / メル子大先生 / 明日香大明神 / 甲羅暮らしの201号,complete
3,101,em-3229594a4a2c,おあげちゃん,5,315,305,3,attack_buff,-0.1181,-0.1781,0.6181,0.7361,電波姫☆いまりちゃん / ペーチパイセン / おあげちゃん / 明日香大明神 / シンハ☆ラジャ様,電波姫☆いまりちゃん / さくらこはダムです / メル子大先生 / 明日香大明神 / 甲羅暮らしの201号,complete
3,102,em-06a3d28ae15f,オオガラッパ,36,3783,4771,2,skill_reduction,-0.1181,-0.1781,0.6181,0.7361,電波姫☆いまりちゃん / ペーチパイセン / オオガラッパ / 明日香大明神 / ロータス先輩,電波姫☆いまりちゃん / さくらこはダムです / メル子大先生 / 明日香大明神 / 甲羅暮らしの201号,partial-skill-support
3,103,em-84a7ce7d3a80,ゴロウ,4,310,302,2,attack_buff,-0.125,-0.1783,0.6111,0.7361,電波姫☆いまりちゃん / さくらこはダムです / ゴロウ / 明日香大明神 / シンハ☆ラジャ様,電波姫☆いまりちゃん / さくらこはダムです / メル子大先生 / 明日香大明神 / 甲羅暮らしの201号,complete
3,104,em-f9383e2e4919,ユハンヌスのサウナー,42,5231,3067,3,damage_reduction,-0.1111,-0.1784,0.625,0.7361,電波姫☆いまりちゃん / さくらこはダムです / ユハンヌスのサウナー / 明日香大明神 / zuス様とsiラ様,電波姫☆いまりちゃん / さくらこはダムです / メル子大先生 / 明日香大明神 / 甲羅暮らしの201号,complete
3,105,em-78c90c30a11c,夜光虫ほたるん,14,2265,3020,2,attribute_change,-0.1111,-0.1784,0.625,0.7361,電波姫☆いまりちゃん / 一葉ちゃんは作家さん / 夜光虫ほたるん / 明日香大明神 / ロータス先輩,電波姫☆いまりちゃん / さくらこはダムです / メル子大先生 / 明日香大明神 / 甲羅暮らしの201号,complete
3,106,em-dac0a350706a,くたにん,6,500,600,3,attribute_change,-0.1181,-0.1794,0.6181,0.7361,電波姫☆いまりちゃん / さくらこはダムです / くたにん / 明日香大明神 / シンハ☆ラジャ様,電波姫☆いまりちゃん / さくらこはダムです / メル子大先生 / 明日香大明神 / 甲羅暮らしの201号,complete
3,107,em-423f5963c7c2,超患部ぴよフェッサー,15,3220,2093,2,revive,-0.1181,-0.1794,0.6181,0.7361,電波姫☆いまりちゃん / メムノン２８号 / 超患部ぴよフェッサー / 明日香大明神 / ロータス先輩,電波姫☆いまりちゃん / さくらこはダムです / メル子大先生 / 明日香大明神 / 甲羅暮らしの201号,complete
3,108,em-942c8f8de44d,エンゼルちゃん,22,1772,2590,3,heal,-0.1111,-0.1795,0.625,0.7361,電波姫☆いまりちゃん / 一葉ちゃんは作家さん / エンゼルちゃん / 明日香大明神 / ロータス先輩,電波姫☆いまりちゃん / さくらこはダムです / メル子大先生 / 明日香大明神 / 甲羅暮らしの201号,complete
3,109,em-82d7b7a877f8,電ドロ白鷺嬢,39,6816,2556,2,heal,-0.1111,-0.1795,0.625,0.7361,電波姫☆いまりちゃん / ペーチパイセン / 電ドロ白鷺嬢 / 明日香大明神 / ロータス先輩,電波姫☆いまりちゃん / さくらこはダムです / メル子大先生 / 明日香大明神 / 甲羅暮らしの201号,complete
3,110,em-49eaf567821a,明日香先生,7,470,530,2,damage_reduction,-0.125,-0.1798,0.6111,0.7361,電波姫☆いまりちゃん / さくらこはダムです / 明日香先生 / 明日香大明神 / シンハ☆ラジャ様,電波姫☆いまりちゃん / さくらこはダムです / メル子大先生 / 明日香大明神 / 甲羅暮らしの201号,complete
3,111,em-192a5247d83c,マサムネーダー,32,3919,5112,2,attribute_change,-0.1042,-0.1801,0.6319,0.7361,電波姫☆いまりちゃん / ペーチパイセン / マサムネーダー / 明日香大明神 / ロータス先輩,電波姫☆いまりちゃん / さくらこはダムです / メル子大先生 / 明日香大明神 / 甲羅暮らしの201号,complete
3,112,em-e442a06775e7,祭りだ☆富姫,40,3067,5453,2,attack_buff,-0.1042,-0.1801,0.6319,0.7361,ハラショー☆ビッツェ / 一葉ちゃんは作家さん / 祭りだ☆富姫 / 明日香大明神 / ロータス先輩,電波姫☆いまりちゃん / さくらこはダムです / メル子大先生 / 明日香大明神 / 甲羅暮らしの201号,complete
3,113,em-1374a3351d4c,忍！fuま＆voたん,17,1510,1510,3,guard,-0.1111,-0.1807,0.625,0.7361,電波姫☆いまりちゃん / 一葉ちゃんは作家さん / 忍！fuま＆voたん / 明日香大明神 / ロータス先輩,電波姫☆いまりちゃん / さくらこはダムです / メル子大先生 / 明日香大明神 / 甲羅暮らしの201号,complete
3,114,em-280cb07103f9,あわわ子大師匠,18,2898,2898,3,attack_buff,-0.1111,-0.1807,0.625,0.7361,電波姫☆いまりちゃん / 一葉ちゃんは作家さん / あわわ子大師匠 / 明日香大明神 / ロータス先輩,電波姫☆いまりちゃん / さくらこはダムです / メル子大先生 / 明日香大明神 / 甲羅暮らしの201号,complete
3,115,em-7f906b3752a5,華麗なびわ子たん,10,1213,1190,3,damage_reduction,-0.1111,-0.1807,0.625,0.7361,電波姫☆いまりちゃん / ペーチパイセン / 華麗なびわ子たん / 明日香大明神 / シンハ☆ラジャ様,電波姫☆いまりちゃん / さくらこはダムです / メル子大先生 / 明日香大明神 / 甲羅暮らしの201号,complete
3,116,em-5c2be564e46b,粘菌博士熊ぐっすん,7,380,600,2,attack_buff,-0.125,-0.1813,0.6111,0.7361,電波姫☆いまりちゃん / さくらこはダムです / 粘菌博士熊ぐっすん / 明日香大明神 / シンハ☆ラジャ様,電波姫☆いまりちゃん / さくらこはダムです / メル子大先生 / 明日香大明神 / 甲羅暮らしの201号,complete
3,117,em-7346620e9a98,福井ザウルス,8,800,1000,2,attack_buff,-0.125,-0.1813,0.6111,0.7361,電波姫☆いまりちゃん / さくらこはダムです / 福井ザウルス / 明日香大明神 / シンハ☆ラジャ様,電波姫☆いまりちゃん / さくらこはダムです / メル子大先生 / 明日香大明神 / 甲羅暮らしの201号,complete
3,118,em-7fa9f8e8ea8b,ガッサのお嬢,16,2726,2556,2,revive,-0.125,-0.1813,0.6111,0.7361,電波姫☆いまりちゃん / ペーチパイセン / ガッサのお嬢 / ヴィッセル君 / まつやマン,電波姫☆いまりちゃん / さくらこはダムです / メル子大先生 / 明日香大明神 / 甲羅暮らしの201号,complete
3,119,em-28c6b952551d,海の昇竜貫,33,4601,3408,2,attack_buff,-0.125,-0.1813,0.6111,0.7361,電波姫☆いまりちゃん / さくらこはダムです / 海の昇竜貫 / 明日香大明神 / ロータス先輩,電波姫☆いまりちゃん / さくらこはダムです / メル子大先生 / 明日香大明神 / 甲羅暮らしの201号,complete
3,120,em-dcc49aea103a,恐竜大好き竜也くん,18,2737,3059,2,attack_buff,-0.1111,-0.1818,0.625,0.7361,電波姫☆いまりちゃん / 一葉ちゃんは作家さん / 恐竜大好き竜也くん / 明日香大明神 / ロータス先輩,電波姫☆いまりちゃん / さくらこはダムです / メル子大先生 / 明日香大明神 / 甲羅暮らしの201号,complete
3,121,em-39de42aa1107,今宵のさだわん,10,1209,1195,3,damage_reduction,-0.1181,-0.182,0.6181,0.7361,電波姫☆いまりちゃん / ペーチパイセン / 今宵のさだわん / 明日香大明神 / シンハ☆ラジャ様,電波姫☆いまりちゃん / さくらこはダムです / メル子大先生 / 明日香大明神 / 甲羅暮らしの201号,complete
3,122,em-9ac3c0929f90,オコオコ,11,1704,1704,3,attack_buff,-0.1181,-0.182,0.6181,0.7361,電波姫☆いまりちゃん / ペーチパイセン / オコオコ / 明日香大明神 / シンハ☆ラジャ様,電波姫☆いまりちゃん / さくらこはダムです / メル子大先生 / 明日香大明神 / 甲羅暮らしの201号,complete
3,123,em-cfec91c161ef,祭り始めの蟹男,20,3578,1704,2,guard,-0.1181,-0.182,0.6181,0.7361,電波姫☆いまりちゃん / 一葉ちゃんは作家さん / 祭り始めの蟹男 / 明日香大明神 / ロータス先輩,電波姫☆いまりちゃん / さくらこはダムです / メル子大先生 / 明日香大明神 / 甲羅暮らしの201号,complete
3,124,em-ffd239fbc2e4,わさび宇宙大王,22,4025,1610,2,guard,-0.1181,-0.182,0.6181,0.7361,電波姫☆いまりちゃん / 一葉ちゃんは作家さん / わさび宇宙大王 / 明日香大明神 / ロータス先輩,電波姫☆いまりちゃん / さくらこはダムです / メル子大先生 / 明日香大明神 / 甲羅暮らしの201号,complete
3,125,em-8cc0455bca09,バンクロ・フッド,25,3220,2093,3,guard,-0.1181,-0.182,0.6181,0.7361,電波姫☆いまりちゃん / 一葉ちゃんは作家さん / バンクロ・フッド / 明日香大明神 / ロータス先輩,電波姫☆いまりちゃん / さくらこはダムです / メル子大先生 / 明日香大明神 / 甲羅暮らしの201号,complete
3,126,em-5a100f5215c1,オリバーTHEトイ,6,300,600,3,attack_buff,-0.125,-0.1827,0.6111,0.7361,電波姫☆いまりちゃん / さくらこはダムです / オリバーTHEトイ / 明日香大明神 / シンハ☆ラジャ様,電波姫☆いまりちゃん / さくらこはダムです / メル子大先生 / 明日香大明神 / 甲羅暮らしの201号,complete
3,127,em-ff5dd5331817,デメ子ちゃん,18,1704,3067,2,attribute_change,-0.1181,-0.1832,0.6181,0.7361,電波姫☆いまりちゃん / 一葉ちゃんは作家さん / デメ子ちゃん / 明日香大明神 / ロータス先輩,電波姫☆いまりちゃん / さくらこはダムです / メル子大先生 / 明日香大明神 / 甲羅暮らしの201号,complete
3,128,em-4dc27428f645,よりりんＫ林スタイル,24,2576,2576,2,attribute_change,-0.1181,-0.1832,0.6181,0.7361,電波姫☆いまりちゃん / 一葉ちゃんは作家さん / よりりんＫ林スタイル / 明日香大明神 / ロータス先輩,電波姫☆いまりちゃん / さくらこはダムです / メル子大先生 / 明日香大明神 / 甲羅暮らしの201号,complete
3,129,em-02bbd3e33593,飛んだ！イスタン大王,35,3408,5793,3,delay,-0.1181,-0.1832,0.6181,0.7361,電波姫☆いまりちゃん / ペーチパイセン / 飛んだ！イスタン大王 / 明日香大明神 / ロータス先輩,電波姫☆いまりちゃん / さくらこはダムです / メル子大先生 / 明日香大明神 / 甲羅暮らしの201号,partial-skill-support
3,130,em-bbda291d459c,漆黒及び純白のポワン,20,1704,2896,3,guard,-0.1182,-0.1833,0.6179,0.7361,電波姫☆いまりちゃん / 一葉ちゃんは作家さん / 漆黒及び純白のポワン / 明日香大明神 / ロータス先輩,電波姫☆いまりちゃん / さくらこはダムです / メル子大先生 / 明日香大明神 / 甲羅暮らしの201号,complete
3,131,em-a7819b7b49e4,ホソエガサちゃん,16,2181,2044,2,revive,-0.1181,-0.1844,0.6181,0.7361,電波姫☆いまりちゃん / 一葉ちゃんは作家さん / ホソエガサちゃん / 明日香大明神 / ロータス先輩,電波姫☆いまりちゃん / さくらこはダムです / メル子大先生 / 明日香大明神 / 甲羅暮らしの201号,complete
3,132,em-62cea78f14d3,ガラッパ,18,2078,3067,2,skill_reduction,-0.1181,-0.1844,0.6181,0.7361,電波姫☆いまりちゃん / 一葉ちゃんは作家さん / ガラッパ / 明日香大明神 / ロータス先輩,電波姫☆いまりちゃん / さくらこはダムです / メル子大先生 / 明日香大明神 / 甲羅暮らしの201号,partial-skill-support
3,133,em-d7aa913cd61c,チョーカーちゃん,18,805,3935,3,skill_reduction,-0.1181,-0.1844,0.6181,0.7361,電波姫☆いまりちゃん / 一葉ちゃんは作家さん / チョーカーちゃん / 明日香大明神 / ロータス先輩,電波姫☆いまりちゃん / さくらこはダムです / メル子大先生 / 明日香大明神 / 甲羅暮らしの201号,partial-skill-support
3,134,em-52de8bb54262,ボビンちゃん,33,3748,4771,3,damage_reduction,-0.125,-0.1854,0.6111,0.7361,電波姫☆いまりちゃん / さくらこはダムです / ボビンちゃん / 明日香大明神 / ロータス先輩,電波姫☆いまりちゃん / さくらこはダムです / メル子大先生 / 明日香大明神 / 甲羅暮らしの201号,complete
3,135,em-29cc8a9cf9cd,ビール売りの小娘,18,1516,3638,3,skill_reduction,-0.1181,-0.1856,0.6181,0.7361,電波姫☆いまりちゃん / 一葉ちゃんは作家さん / ビール売りの小娘 / 明日香大明神 / ロータス先輩,電波姫☆いまりちゃん / さくらこはダムです / メル子大先生 / 明日香大明神 / 甲羅暮らしの201号,partial-skill-support
3,136,em-c7cd54f2e503,ケラマ☆マジカ,7,1057,1198,2,attribute_guard,-0.1181,-0.1856,0.6181,0.7361,電波姫☆いまりちゃん / ペーチパイセン / ケラマ☆マジカ / 明日香大明神 / シンハ☆ラジャ様,電波姫☆いまりちゃん / さくらこはダムです / メル子大先生 / 明日香大明神 / 甲羅暮らしの201号,complete
3,137,em-f85f36730ace,だーらくん十四世,17,2820,141,2,guard,-0.1181,-0.1856,0.6181,0.7361,電波姫☆いまりちゃん / 一葉ちゃんは作家さん / だーらくん十四世 / 明日香大明神 / ロータス先輩,電波姫☆いまりちゃん / さくらこはダムです / メル子大先生 / 明日香大明神 / 甲羅暮らしの201号,complete
3,138,em-e9a4c94598fc,深海人ゴロウ,6,500,480,2,attack_buff,-0.1319,-0.1856,0.6042,0.7361,電波姫☆いまりちゃん / さくらこはダムです / 深海人ゴロウ / 明日香大明神 / シンハ☆ラジャ様,電波姫☆いまりちゃん / さくらこはダムです / メル子大先生 / 明日香大明神 / 甲羅暮らしの201号,complete
3,139,em-32ef1535a66a,ハバキたん,60,6816,4260,3,damage_reduction,-0.125,-0.1867,0.6111,0.7361,ハラショー☆ビッツェ / ペーチパイセン / ハバキたん / 明日香大明神 / zuス様とsiラ様,電波姫☆いまりちゃん / さくらこはダムです / メル子大先生 / 明日香大明神 / 甲羅暮らしの201号,complete
3,140,em-5f311c45014a,パーントゥ大先生,37,2409,4819,3,attack_buff,-0.125,-0.1867,0.6111,0.7361,電波姫☆いまりちゃん / ペーチパイセン / パーントゥ大先生 / 明日香大明神 / ロータス先輩,電波姫☆いまりちゃん / さくらこはダムです / メル子大先生 / 明日香大明神 / 甲羅暮らしの201号,complete
3,141,em-9ec6297ea6ca,バスてとにゃん,38,4260,4771,3,attack_buff,-0.125,-0.1867,0.6111,0.7361,電波姫☆いまりちゃん / ペーチパイセン / バスてとにゃん / 明日香大明神 / ロータス先輩,電波姫☆いまりちゃん / さくらこはダムです / メル子大先生 / 明日香大明神 / 甲羅暮らしの201号,complete
3,142,em-96a3648b46e2,チョコ染めの安井さん,32,3646,4089,3,guard,-0.125,-0.1867,0.6111,0.7361,電波姫☆いまりちゃん / ペーチパイセン / チョコ染めの安井さん / 明日香大明神 / ロータス先輩,電波姫☆いまりちゃん / さくらこはダムです / メル子大先生 / 明日香大明神 / 甲羅暮らしの201号,complete
3,143,em-2e3e250aef5e,IMO NI FESTIVAL 2018,14,1837,1161,3,aoe_attack,-0.1181,-0.1868,0.6181,0.7361,電波姫☆いまりちゃん / メムノン２８号 / IMO NI FESTIVAL 2018 / 明日香大明神 / ロータス先輩,電波姫☆いまりちゃん / さくらこはダムです / メル子大先生 / 明日香大明神 / 甲羅暮らしの201号,complete
3,144,em-2080ae65b62a,モヅルン,37,3771,1908,3,attribute_guard,-0.1181,-0.1868,0.6181,0.7361,電波姫☆いまりちゃん / ペーチパイセン / モヅルン / 明日香大明神 / ロータス先輩,電波姫☆いまりちゃん / さくらこはダムです / メル子大先生 / 明日香大明神 / 甲羅暮らしの201号,complete
3,145,em-d05fca3e00df,ほたるん,6,700,1000,3,attribute_change,-0.1319,-0.1871,0.6042,0.7361,電波姫☆いまりちゃん / さくらこはダムです / ほたるん / 明日香大明神 / シンハ☆ラジャ様,電波姫☆いまりちゃん / さくらこはダムです / メル子大先生 / 明日香大明神 / 甲羅暮らしの201号,complete
3,146,em-53e02d48f02a,It’s a ちーちゃん,33,6816,149,2,multi_hit_attack,-0.125,-0.188,0.6111,0.7361,電波姫☆いまりちゃん / ペーチパイセン / It’s a ちーちゃん / 明日香大明神 / ロータス先輩,電波姫☆いまりちゃん / さくらこはダムです / メル子大先生 / 明日香大明神 / 甲羅暮らしの201号,complete
3,147,em-419c23e0ec81,新生☆ＢＴ５!!,35,3287,3615,3,damage_reduction,-0.125,-0.188,0.6111,0.7361,電波姫☆いまりちゃん / ペーチパイセン / 新生☆ＢＴ５!! / 明日香大明神 / ロータス先輩,電波姫☆いまりちゃん / さくらこはダムです / メル子大先生 / 明日香大明神 / 甲羅暮らしの201号,complete
3,148,em-54b091af3505,いまりちゃん,8,605,615,3,attribute_change,-0.1319,-0.1885,0.6042,0.7361,電波姫☆いまりちゃん / さくらこはダムです / いまりちゃん / 明日香大明神 / シンハ☆ラジャ様,電波姫☆いまりちゃん / さくらこはダムです / メル子大先生 / 明日香大明神 / 甲羅暮らしの201号,complete
3,149,em-6c1c64d0e4ed,七夕ぴよ子,7,1104,1104,3,revive,-0.125,-0.1892,0.6111,0.7361,電波姫☆いまりちゃん / ペーチパイセン / 七夕ぴよ子 / 明日香大明神 / シンハ☆ラジャ様,電波姫☆いまりちゃん / さくらこはダムです / メル子大先生 / 明日香大明神 / 甲羅暮らしの201号,complete
3,150,em-501834a284b1,加賀友☆禅野さん,38,4175,4771,2,attribute_change,-0.125,-0.1892,0.6111,0.7361,電波姫☆いまりちゃん / ペーチパイセン / 加賀友☆禅野さん / 明日香大明神 / ロータス先輩,電波姫☆いまりちゃん / さくらこはダムです / メル子大先生 / 明日香大明神 / 甲羅暮らしの201号,complete
3,151,em-88d646d3b1b4,みるるん,7,500,600,2,attack_buff,-0.1319,-0.1899,0.6042,0.7361,電波姫☆いまりちゃん / さくらこはダムです / みるるん / 明日香大明神 / シンハ☆ラジャ様,電波姫☆いまりちゃん / さくらこはダムです / メル子大先生 / 明日香大明神 / 甲羅暮らしの201号,complete
3,152,em-0bcb369cdcd9,キタキツネの神様,36,3748,4771,3,attack_buff,-0.1319,-0.1899,0.6042,0.7361,電波姫☆いまりちゃん / さくらこはダムです / キタキツネの神様 / 明日香大明神 / ロータス先輩,電波姫☆いまりちゃん / さくらこはダムです / メル子大先生 / 明日香大明神 / 甲羅暮らしの201号,complete
3,153,em-347ffee895b9,明日香大明神,8,989,1343,3,damage_reduction,-0.1111,-0.1904,0.5972,0.7083,電波姫☆いまりちゃん / さくらこはダムです / 明日香大明神 / クレリゴス子様 / かんと師匠,ぴぐぺん選手 / さくらこはダムです / ポディアさま / クレリゴス子様 / ガハラさん,complete
3,154,em-4ea698949c11,侵略成功!?イカ翁,20,1131,1272,2,revive,-0.125,-0.1905,0.6111,0.7361,電波姫☆いまりちゃん / 一葉ちゃんは作家さん / 侵略成功!?イカ翁 / 明日香大明神 / ロータス先輩,電波姫☆いまりちゃん / さくらこはダムです / メル子大先生 / 明日香大明神 / 甲羅暮らしの201号,complete
3,155,em-2c691fe63d0d,ブッシュドノエルん,38,3652,5354,2,attack_buff,-0.125,-0.1905,0.6111,0.7361,電波姫☆いまりちゃん / ペーチパイセン / ブッシュドノエルん / 明日香大明神 / ロータス先輩,電波姫☆いまりちゃん / さくらこはダムです / メル子大先生 / 明日香大明神 / 甲羅暮らしの201号,complete
3,156,em-7df0be49e6e5,有砂・小町(課金C),40,5112,5112,3,attribute_change,-0.1181,-0.1913,0.6181,0.7361,ハラショー☆ビッツェ / 一葉ちゃんは作家さん / 有砂・小町(課金C) / 明日香大明神 / ロータス先輩,電波姫☆いまりちゃん / さくらこはダムです / メル子大先生 / 明日香大明神 / 甲羅暮らしの201号,complete
3,157,em-6774cdad21d9,上京！世界師匠,32,1704,4260,3,multi_hit_attack,-0.1389,-0.1914,0.5972,0.7361,電波姫☆いまりちゃん / さくらこはダムです / 上京！世界師匠 / 明日香大明神 / ロータス先輩,電波姫☆いまりちゃん / さくらこはダムです / メル子大先生 / 明日香大明神 / 甲羅暮らしの201号,complete
3,158,em-663696ccf728,夏の一次幹,22,3408,2215,2,attack_buff,-0.125,-0.1917,0.6111,0.7361,電波姫☆いまりちゃん / 一葉ちゃんは作家さん / 夏の一次幹 / 明日香大明神 / ロータス先輩,電波姫☆いまりちゃん / さくらこはダムです / メル子大先生 / 明日香大明神 / 甲羅暮らしの201号,complete
3,159,em-a02f06328adf,ゼネコン大公,60,6134,2726,2,guard,-0.125,-0.1917,0.6111,0.7361,ハラショー☆ビッツェ / ペーチパイセン / ゼネコン大公 / 明日香大明神 / zuス様とsiラ様,電波姫☆いまりちゃん / さくらこはダムです / メル子大先生 / 明日香大明神 / 甲羅暮らしの201号,complete
3,160,em-d138d4e46038,きぬたン,48,3067,4771,2,attack_buff,-0.125,-0.1917,0.6111,0.7361,ハラショー☆ビッツェ / ペーチパイセン / きぬたン / 明日香大明神 / ロータス先輩,電波姫☆いまりちゃん / さくらこはダムです / メル子大先生 / 明日香大明神 / 甲羅暮らしの201号,complete
3,161,em-93a9275d427c,肉食ドゥブロさん,32,5106,3404,3,attack_buff,-0.1319,-0.1926,0.6042,0.7361,電波姫☆いまりちゃん / さくらこはダムです / 肉食ドゥブロさん / 明日香大明神 / ロータス先輩,電波姫☆いまりちゃん / さくらこはダムです / メル子大先生 / 明日香大明神 / 甲羅暮らしの201号,complete
3,162,em-9287b5984201,ホソエガサさん,16,1635,1533,2,revive,-0.125,-0.1929,0.6111,0.7361,電波姫☆いまりちゃん / 一葉ちゃんは作家さん / ホソエガサさん / 明日香大明神 / ロータス先輩,電波姫☆いまりちゃん / さくらこはダムです / メル子大先生 / 明日香大明神 / 甲羅暮らしの201号,complete
3,163,em-d51ded51621f,華麗なる塚ジェンヌ,13,1684,1676,3,revive,-0.125,-0.1929,0.6111,0.7361,電波姫☆いまりちゃん / 一葉ちゃんは作家さん / 華麗なる塚ジェンヌ / 明日香大明神 / ロータス先輩,電波姫☆いまりちゃん / さくらこはダムです / メル子大先生 / 明日香大明神 / 甲羅暮らしの201号,complete
3,164,em-076deec8d0c8,羊蟹☆こ祝いくん,24,2093,2737,3,delay,-0.125,-0.1929,0.6111,0.7361,電波姫☆いまりちゃん / 一葉ちゃんは作家さん / 羊蟹☆こ祝いくん / 明日香大明神 / ロータス先輩,電波姫☆いまりちゃん / さくらこはダムです / メル子大先生 / 明日香大明神 / 甲羅暮らしの201号,partial-skill-support
3,165,em-33e6bfd45207,みさきパイセン,22,2737,3059,3,multi_hit_attack,-0.125,-0.1929,0.6111,0.7361,電波姫☆いまりちゃん / 一葉ちゃんは作家さん / みさきパイセン / 明日香大明神 / ロータス先輩,電波姫☆いまりちゃん / さくらこはダムです / メル子大先生 / 明日香大明神 / 甲羅暮らしの201号,complete
3,166,em-eb8dcb3ecb46,ヨーコ須賀パイセン,45,5964,3237,3,attribute_guard,-0.125,-0.1929,0.6111,0.7361,ラグーン☆南 / ペーチパイセン / ヨーコ須賀パイセン / 明日香大明神 / ロータス先輩,電波姫☆いまりちゃん / さくらこはダムです / メル子大先生 / 明日香大明神 / 甲羅暮らしの201号,complete
3,167,em-a16d639a61fc,水軍衆かっさーのん,9,1128,1269,3,attack_buff,-0.125,-0.194,0.6111,0.7361,電波姫☆いまりちゃん / ペーチパイセン / 水軍衆かっさーのん / 明日香大明神 / シンハ☆ラジャ様,電波姫☆いまりちゃん / さくらこはダムです / メル子大先生 / 明日香大明神 / 甲羅暮らしの201号,complete
3,168,em-6145c94ca696,ｽﾌﾟﾗ♡な琵琶子たん,13,1213,1190,3,damage_reduction,-0.125,-0.194,0.6111,0.7361,電波姫☆いまりちゃん / メムノン２８号 / ｽﾌﾟﾗ♡な琵琶子たん / 明日香大明神 / ロータス先輩,電波姫☆いまりちゃん / さくらこはダムです / メル子大先生 / 明日香大明神 / 甲羅暮らしの201号,complete
3,169,em-371b0bc06848,やっとの神,50,2933,2919,3,multi_hit_attack,-0.125,-0.194,0.6111,0.7361,ハラショー☆ビッツェ / ペーチパイセン / やっとの神 / 明日香大明神 / ロータス先輩,電波姫☆いまりちゃん / さくらこはダムです / メル子大先生 / 明日香大明神 / 甲羅暮らしの201号,complete
3,170,em-d368809aa822,ﾜﾙﾌﾟﾙｷﾞｽなメル子様,39,6560,3152,3,attribute_guard,-0.1319,-0.194,0.6042,0.7361,電波姫☆いまりちゃん / ペーチパイセン / ﾜﾙﾌﾟﾙｷﾞｽなメル子様 / 明日香大明神 / ロータス先輩,電波姫☆いまりちゃん / さくらこはダムです / メル子大先生 / 明日香大明神 / 甲羅暮らしの201号,complete
3,171,em-1d6b42059506,レーティッシュ凛子,35,5623,3229,3,attack_buff,-0.1389,-0.1944,0.5972,0.7361,電波姫☆いまりちゃん / さくらこはダムです / レーティッシュ凛子 / 明日香大明神 / ロータス先輩,電波姫☆いまりちゃん / さくらこはダムです / メル子大先生 / 明日香大明神 / 甲羅暮らしの201号,complete
3,172,em-b83d457ef580,王国民ゴロウ,5,390,390,2,attack_buff,-0.1389,-0.1944,0.5972,0.7361,電波姫☆いまりちゃん / さくらこはダムです / 王国民ゴロウ / 明日香大明神 / シンハ☆ラジャ様,電波姫☆いまりちゃん / さくらこはダムです / メル子大先生 / 明日香大明神 / 甲羅暮らしの201号,complete
3,173,em-cc181917eaeb,無双中な宗茂さん,60,6405,4941,2,aoe_attack,-0.1181,-0.1945,0.6181,0.7361,ハラショー☆ビッツェ / ペーチパイセン / 無双中な宗茂さん / おあげさん / zuス様とsiラ様,電波姫☆いまりちゃん / さくらこはダムです / メル子大先生 / 明日香大明神 / 甲羅暮らしの201号,complete
3,174,em-abc85163565c,コキリコ・QB,23,2817,2978,2,attribute_change,-0.125,-0.1952,0.6111,0.7361,電波姫☆いまりちゃん / 一葉ちゃんは作家さん / コキリコ・QB / 明日香大明神 / ロータス先輩,電波姫☆いまりちゃん / さくらこはダムです / メル子大先生 / 明日香大明神 / 甲羅暮らしの201号,complete
3,175,em-beaaa8c15744,カメハメハワイ大王,50,3059,5879,2,attack_buff,-0.125,-0.1952,0.6111,0.7361,ハラショー☆ビッツェ / ペーチパイセン / カメハメハワイ大王 / 明日香大明神 / ロータス先輩,電波姫☆いまりちゃん / さくらこはダムです / メル子大先生 / 明日香大明神 / 甲羅暮らしの201号,complete
3,176,em-8b0ee22a5cd7,ドナドナう皮,26,1676,1664,3,guard,-0.125,-0.1952,0.6111,0.7361,ハラショー☆ビッツェ / ペーチパイセン / ドナドナう皮 / クレリゴス子様 / かんと師匠,電波姫☆いまりちゃん / さくらこはダムです / メル子大先生 / 明日香大明神 / 甲羅暮らしの201号,complete
3,177,em-f7f78d464e92,ウミウサーヌ,60,3408,4601,3,guard,-0.125,-0.1952,0.6111,0.7361,ハラショー☆ビッツェ / ペーチパイセン / ウミウサーヌ / 明日香大明神 / zuス様とsiラ様,電波姫☆いまりちゃん / さくらこはダムです / メル子大先生 / 明日香大明神 / 甲羅暮らしの201号,complete
3,178,em-372fcda26040,わさび大帝,16,2100,800,3,guard,-0.1319,-0.1952,0.6042,0.7361,電波姫☆いまりちゃん / 一葉ちゃんは作家さん / わさび大帝 / 明日香大明神 / ロータス先輩,電波姫☆いまりちゃん / さくらこはダムです / メル子大先生 / 明日香大明神 / 甲羅暮らしの201号,complete
3,179,em-96ed71805a40,白鷺日女路嬢,21,4830,1255,3,heal,-0.1319,-0.1952,0.6042,0.7361,電波姫☆いまりちゃん / 一葉ちゃんは作家さん / 白鷺日女路嬢 / 明日香大明神 / ロータス先輩,電波姫☆いまりちゃん / さくらこはダムです / メル子大先生 / 明日香大明神 / 甲羅暮らしの201号,complete
3,180,em-d941ef4d2c66,紫禁嬢,34,4692,2801,2,damage_reduction,-0.1319,-0.1952,0.6042,0.7361,電波姫☆いまりちゃん / ペーチパイセン / 紫禁嬢 / 明日香大明神 / ロータス先輩,電波姫☆いまりちゃん / さくらこはダムです / メル子大先生 / 明日香大明神 / 甲羅暮らしの201号,complete
3,181,em-7c8471edf1df,ハロハロ☆ナモミさま,36,2556,4260,2,attack_buff,-0.1319,-0.1952,0.6042,0.7361,電波姫☆いまりちゃん / ペーチパイセン / ハロハロ☆ナモミさま / 明日香大明神 / ロータス先輩,電波姫☆いまりちゃん / さくらこはダムです / メル子大先生 / 明日香大明神 / 甲羅暮らしの201号,complete
3,182,em-9413da55b7e0,ヤマピカリャーコ,47,4515,5095,2,multi_hit_attack,-0.1319,-0.1952,0.6042,0.7361,黍deギャリソン / ペーチパイセン / ヤマピカリャーコ / 明日香大明神 / ロータス先輩,電波姫☆いまりちゃん / さくらこはダムです / メル子大先生 / 明日香大明神 / 甲羅暮らしの201号,complete
3,183,em-0c0cdd439d51,熊ぐっすん,5,280,500,2,attack_buff,-0.1389,-0.1958,0.5972,0.7361,電波姫☆いまりちゃん / さくらこはダムです / 熊ぐっすん / 明日香大明神 / シンハ☆ラジャ様,電波姫☆いまりちゃん / さくらこはダムです / メル子大先生 / 明日香大明神 / 甲羅暮らしの201号,complete
3,184,em-11d99e0659cb,明日香さん,5,380,420,2,damage_reduction,-0.1389,-0.1958,0.5972,0.7361,電波姫☆いまりちゃん / さくらこはダムです / 明日香さん / 明日香大明神 / シンハ☆ラジャ様,電波姫☆いまりちゃん / さくらこはダムです / メル子大先生 / 明日香大明神 / 甲羅暮らしの201号,complete
3,185,em-de36aab296aa,月下皇帝ランたん様,50,3150,5367,3,revive,-0.1249,-0.1962,0.6113,0.7361,ハラショー☆ビッツェ / ペーチパイセン / 月下皇帝ランたん様 / 明日香大明神 / ロータス先輩,電波姫☆いまりちゃん / さくらこはダムです / メル子大先生 / 明日香大明神 / 甲羅暮らしの201号,complete
3,186,em-eb9cb098a2c1,加留多ヘナ造,18,2898,2737,2,damage_reduction,-0.125,-0.1963,0.6111,0.7361,電波姫☆いまりちゃん / 一葉ちゃんは作家さん / 加留多ヘナ造 / 明日香大明神 / ロータス先輩,電波姫☆いまりちゃん / さくらこはダムです / メル子大先生 / 明日香大明神 / 甲羅暮らしの201号,complete
3,187,em-76e8610f4ab5,ラリベラ大先輩,22,2265,2265,3,damage_reduction,-0.125,-0.1963,0.6111,0.7361,ハラショー☆ビッツェ / ペーチパイセン / ラリベラ大先輩 / クレリゴス子様 / 頑張るハクさん,電波姫☆いまりちゃん / さくらこはダムです / メル子大先生 / 明日香大明神 / 甲羅暮らしの201号,complete
3,188,em-476b83962051,薫風団扇にお夏ちゃん,9,1198,1204,2,heal,-0.1319,-0.1965,0.6042,0.7361,電波姫☆いまりちゃん / ペーチパイセン / 薫風団扇にお夏ちゃん / 明日香大明神 / シンハ☆ラジャ様,電波姫☆いまりちゃん / さくらこはダムです / メル子大先生 / 明日香大明神 / 甲羅暮らしの201号,complete
3,189,em-225f7b74580b,Ｗ・大杉ィ！,14,1200,600,3,guard,-0.1319,-0.1965,0.6042,0.7361,電波姫☆いまりちゃん / 一葉ちゃんは作家さん / Ｗ・大杉ィ！ / 明日香大明神 / ロータス先輩,電波姫☆いまりちゃん / さくらこはダムです / メル子大先生 / 明日香大明神 / 甲羅暮らしの201号,complete
3,190,em-301c11f4a1d7,ウサポワンちゃん,20,1363,2317,3,guard,-0.1319,-0.1965,0.6042,0.7361,電波姫☆いまりちゃん / 一葉ちゃんは作家さん / ウサポワンちゃん / 明日香大明神 / ロータス先輩,電波姫☆いまりちゃん / さくらこはダムです / メル子大先生 / 明日香大明神 / 甲羅暮らしの201号,complete
3,191,em-682cda3863fb,脱力コンビあろま＆るる,48,3067,5623,2,skill_reduction,-0.1319,-0.1965,0.6042,0.7361,ハラショー☆ビッツェ / ペーチパイセン / 脱力コンビあろま＆るる / 明日香大明神 / ロータス先輩,電波姫☆いまりちゃん / さくらこはダムです / メル子大先生 / 明日香大明神 / 甲羅暮らしの201号,partial-skill-support
3,192,em-638abcb1284e,パレンケＶＲＳ,49,5282,3386,2,guard,-0.1319,-0.1965,0.6042,0.7361,ハラショー☆ビッツェ / ペーチパイセン / パレンケＶＲＳ / 明日香大明神 / ロータス先輩,電波姫☆いまりちゃん / さくらこはダムです / メル子大先生 / 明日香大明神 / 甲羅暮らしの201号,complete
3,193,em-8060e6a7ab61,戸隠ちび丸,4,150,700,3,attack_buff,-0.1389,-0.1972,0.5972,0.7361,電波姫☆いまりちゃん / さくらこはダムです / 戸隠ちび丸 / 明日香大明神 / シンハ☆ラジャ様,電波姫☆いまりちゃん / さくらこはダムです / メル子大先生 / 明日香大明神 / 甲羅暮らしの201号,complete
3,194,em-681f5ba59a2b,角成馬之助,4,500,700,3,attribute_change,-0.1389,-0.1972,0.5972,0.7361,電波姫☆いまりちゃん / さくらこはダムです / 角成馬之助 / 明日香大明神 / シンハ☆ラジャ様,電波姫☆いまりちゃん / さくらこはダムです / メル子大先生 / 明日香大明神 / 甲羅暮らしの201号,complete
3,195,em-f0ac0c756613,カナちゃんなの,8,700,700,2,heal,-0.1389,-0.1972,0.5972,0.7361,電波姫☆いまりちゃん / さくらこはダムです / カナちゃんなの / 明日香大明神 / シンハ☆ラジャ様,電波姫☆いまりちゃん / さくらこはダムです / メル子大先生 / 明日香大明神 / 甲羅暮らしの201号,complete
3,196,em-bff3cff5162a,トキシッくんｵｯｽｵｯｽ,9,2253,1267,3,revive,-0.1389,-0.1972,0.5972,0.7361,電波姫☆いまりちゃん / ペーチパイセン / トキシッくんｵｯｽｵｯｽ / 明日香大明神 / シンハ☆ラジャ様,電波姫☆いまりちゃん / さくらこはダムです / メル子大先生 / 明日香大明神 / 甲羅暮らしの201号,complete
3,197,em-558066e14c81,ダブル・ブロッコリー,33,2595,2436,3,damage_reduction,-0.1389,-0.1972,0.5972,0.7361,ハラショー☆ビッツェ / ペーチパイセン / ダブル・ブロッコリー / クレリゴス子様 / ガハラさん,電波姫☆いまりちゃん / さくらこはダムです / メル子大先生 / 明日香大明神 / 甲羅暮らしの201号,complete
3,198,em-b127f99ae530,キラー・ｻﾞ・ｷﾗｰ,55,5964,3408,2,damage_reduction,-0.125,-0.1974,0.6111,0.7361,ハラショー☆ビッツェ / さくらこはダムです / キラー・ｻﾞ・ｷﾗｰ / 明日香大明神 / zuス様とsiラ様,電波姫☆いまりちゃん / さくらこはダムです / メル子大先生 / 明日香大明神 / 甲羅暮らしの201号,complete
3,199,em-6e34e2ee96ae,元祖・からっ風太郎,18,1188,1197,3,attack_buff,-0.1319,-0.1977,0.6042,0.7361,電波姫☆いまりちゃん / 一葉ちゃんは作家さん / 元祖・からっ風太郎 / 明日香大明神 / ロータス先輩,電波姫☆いまりちゃん / さくらこはダムです / メル子大先生 / 明日香大明神 / 甲羅暮らしの201号,complete
3,200,em-3434078c33f2,橋の上のかずら,20,2012,2173,2,guard,-0.1319,-0.1977,0.6042,0.7361,電波姫☆いまりちゃん / 一葉ちゃんは作家さん / 橋の上のかずら / 明日香大明神 / ロータス先輩,電波姫☆いまりちゃん / さくらこはダムです / メル子大先生 / 明日香大明神 / 甲羅暮らしの201号,complete
3,201,em-bbcbbb9fef0a,こっちの大谷,6,1000,100,3,damage_reduction,-0.1389,-0.1986,0.5972,0.7361,電波姫☆いまりちゃん / さくらこはダムです / こっちの大谷 / 明日香大明神 / シンハ☆ラジャ様,電波姫☆いまりちゃん / さくらこはダムです / メル子大先生 / 明日香大明神 / 甲羅暮らしの201号,complete
3,202,em-3f14ae2f39e9,名人！角成馬之助,7,600,1000,2,attribute_change,-0.1458,-0.1987,0.5903,0.7361,電波姫☆いまりちゃん / さくらこはダムです / 名人！角成馬之助 / 明日香大明神 / シンハ☆ラジャ様,電波姫☆いまりちゃん / さくらこはダムです / メル子大先生 / 明日香大明神 / 甲羅暮らしの201号,complete
3,203,em-9b91966bad2f,顕花植物王熊ぐっすん,9,622,1781,2,attack_buff,-0.1319,-0.1989,0.6042,0.7361,電波姫☆いまりちゃん / ペーチパイセン / 顕花植物王熊ぐっすん / 明日香大明神 / シンハ☆ラジャ様,電波姫☆いまりちゃん / さくらこはダムです / メル子大先生 / 明日香大明神 / 甲羅暮らしの201号,complete
3,204,em-3699794fb820,新・からっ風太郎,13,815,815,3,attack_buff,-0.1319,-0.1989,0.6042,0.7361,電波姫☆いまりちゃん / 一葉ちゃんは作家さん / 新・からっ風太郎 / 明日香大明神 / ロータス先輩,電波姫☆いまりちゃん / さくらこはダムです / メル子大先生 / 明日香大明神 / 甲羅暮らしの201号,complete
3,205,em-7e35b72ac7e4,琵琶子ｲﾘｭｰｼﾞｮﾝ！,13,1809,1190,3,damage_reduction,-0.1319,-0.1989,0.6042,0.7361,電波姫☆いまりちゃん / 一葉ちゃんは作家さん / 琵琶子ｲﾘｭｰｼﾞｮﾝ！ / 明日香大明神 / ロータス先輩,電波姫☆いまりちゃん / さくらこはダムです / メル子大先生 / 明日香大明神 / 甲羅暮らしの201号,complete
3,206,em-d751cb04cbae,ショウリョウ,50,6475,3493,3,multi_hit_attack,-0.1319,-0.1989,0.6042,0.7361,ハラショー☆ビッツェ / ペーチパイセン / ショウリョウ / 明日香大明神 / ロータス先輩,電波姫☆いまりちゃん / さくらこはダムです / メル子大先生 / 明日香大明神 / 甲羅暮らしの201号,complete
3,207,em-1ee791ea027b,絶許！からっ風太郎,24,2598,2592,2,attack_buff,-0.1319,-0.1989,0.6042,0.7361,電波姫☆いまりちゃん / 一葉ちゃんは作家さん / 絶許！からっ風太郎 / 明日香大明神 / ロータス先輩,電波姫☆いまりちゃん / さくらこはダムです / メル子大先生 / 明日香大明神 / 甲羅暮らしの201号,complete
3,208,em-d09d2f80d34e,トマティーナ少佐,16,3748,2130,2,multi_hit_attack,-0.125,-0.1996,0.6111,0.7361,電波姫☆いまりちゃん / メムノン２８号 / トマティーナ少佐 / 明日香大明神 / ロータス先輩,電波姫☆いまりちゃん / さくらこはダムです / メル子大先生 / 明日香大明神 / 甲羅暮らしの201号,complete
3,209,em-9765b36aab39,ハズクちゃんナイトモード,33,3771,3101,3,multi_hit_attack,-0.1389,-0.1999,0.5972,0.7361,電波姫☆いまりちゃん / ペーチパイセン / ハズクちゃんナイトモード / 明日香大明神 / ロータス先輩,電波姫☆いまりちゃん / さくらこはダムです / メル子大先生 / 明日香大明神 / 甲羅暮らしの201号,complete
3,210,em-1acdee18dc58,生きろ！モア蔵,7,1540,240,3,guard,-0.1389,-0.1999,0.5972,0.7361,電波姫☆いまりちゃん / ペーチパイセン / 生きろ！モア蔵 / 明日香大明神 / シンハ☆ラジャ様,電波姫☆いまりちゃん / さくらこはダムです / メル子大先生 / 明日香大明神 / 甲羅暮らしの201号,complete
3,211,em-b8168a7a90ca,大杉に願いを☆ミ,39,5129,3067,2,attribute_guard,-0.1389,-0.1999,0.5972,0.7361,電波姫☆いまりちゃん / ペーチパイセン / 大杉に願いを☆ミ / 明日香大明神 / ロータス先輩,電波姫☆いまりちゃん / さくらこはダムです / メル子大先生 / 明日香大明神 / 甲羅暮らしの201号,complete
3,212,em-93778a059b28,mʌんでー＆nuーん,17,2898,2898,3,delay,-0.1319,-0.2001,0.6042,0.7361,電波姫☆いまりちゃん / 一葉ちゃんは作家さん / mʌんでー＆nuーん / 明日香大明神 / ロータス先輩,電波姫☆いまりちゃん / さくらこはダムです / メル子大先生 / 明日香大明神 / 甲羅暮らしの201号,partial-skill-support
3,213,em-f334c541bf84,納得ん★福曼荼羅,17,1763,1860,2,attribute_change,-0.1319,-0.2001,0.6042,0.7361,電波姫☆いまりちゃん / 一葉ちゃんは作家さん / 納得ん★福曼荼羅 / 明日香大明神 / ロータス先輩,電波姫☆いまりちゃん / さくらこはダムです / メル子大先生 / 明日香大明神 / 甲羅暮らしの201号,complete
3,214,em-aa756f8a10dc,ラグーン☆南,22,2718,3473,2,attribute_change,-0.1319,-0.2001,0.6042,0.7361,電波姫☆いまりちゃん / 一葉ちゃんは作家さん / ラグーン☆南 / 明日香大明神 / ロータス先輩,電波姫☆いまりちゃん / さくらこはダムです / メル子大先生 / 明日香大明神 / 甲羅暮らしの201号,complete
3,215,em-c3c3a8e92b71,仮面のいはと先生,25,2095,3063,3,delay,-0.1319,-0.2001,0.6042,0.7361,電波姫☆いまりちゃん / 一葉ちゃんは作家さん / 仮面のいはと先生 / 明日香大明神 / ロータス先輩,電波姫☆いまりちゃん / さくらこはダムです / メル子大先生 / 明日香大明神 / 甲羅暮らしの201号,partial-skill-support
3,216,em-53967f33f7c3,R&Rレストラン子,52,5230,5230,2,heal,-0.1319,-0.2001,0.6042,0.7361,ハラショー☆ビッツェ / ペーチパイセン / R&Rレストラン子 / 明日香大明神 / ロータス先輩,電波姫☆いまりちゃん / さくらこはダムです / メル子大先生 / 明日香大明神 / 甲羅暮らしの201号,complete
3,217,em-3d15cccd7b04,ジャバラ帝王,10,2375,593,2,attribute_guard,-0.1319,-0.2001,0.6042,0.7361,電波姫☆いまりちゃん / ペーチパイセン / ジャバラ帝王 / 明日香大明神 / シンハ☆ラジャ様,電波姫☆いまりちゃん / さくらこはダムです / メル子大先生 / 明日香大明神 / 甲羅暮らしの201号,complete
3,218,em-8de6e4494a60,称えよ☆メジェド様！,25,2415,2415,2,guard,-0.1319,-0.2001,0.6042,0.7361,電波姫☆いまりちゃん / 一葉ちゃんは作家さん / 称えよ☆メジェド様！ / 明日香大明神 / ロータス先輩,電波姫☆いまりちゃん / さくらこはダムです / メル子大先生 / 明日香大明神 / 甲羅暮らしの201号,complete
3,219,em-16131af7bb8a,人面恐竜亜種,16,1400,1600,2,attack_buff,-0.1319,-0.2013,0.6042,0.7361,電波姫☆いまりちゃん / 一葉ちゃんは作家さん / 人面恐竜亜種 / 明日香大明神 / ロータス先輩,電波姫☆いまりちゃん / さくらこはダムです / メル子大先生 / 明日香大明神 / 甲羅暮らしの201号,complete
3,220,em-b08be1a4ca3f,中央アルプスの少女,6,500,300,3,damage_reduction,-0.1389,-0.2025,0.5972,0.7361,電波姫☆いまりちゃん / ペーチパイセン / 中央アルプスの少女 / 明日香大明神 / シンハ☆ラジャ様,電波姫☆いまりちゃん / さくらこはダムです / メル子大先生 / 明日香大明神 / 甲羅暮らしの201号,complete
3,221,em-845e49247e45,ウサポワン海人,20,1533,2607,3,guard,-0.1389,-0.2025,0.5972,0.7361,電波姫☆いまりちゃん / 一葉ちゃんは作家さん / ウサポワン海人 / 明日香大明神 / ロータス先輩,電波姫☆いまりちゃん / さくらこはダムです / メル子大先生 / 明日香大明神 / 甲羅暮らしの201号,complete
3,222,em-d7e6501e0b63,ダークるる,60,4771,4771,3,damage_reduction,-0.1389,-0.2025,0.5972,0.7361,ハラショー☆ビッツェ / ペーチパイセン / ダークるる / 明日香大明神 / zuス様とsiラ様,電波姫☆いまりちゃん / さくらこはダムです / メル子大先生 / 明日香大明神 / 甲羅暮らしの201号,complete
3,223,em-5c4a86842734,芹沢殿,10,703,698,3,guard,-0.1389,-0.2025,0.5972,0.7361,電波姫☆いまりちゃん / ペーチパイセン / 芹沢殿 / 明日香大明神 / シンハ☆ラジャ様,電波姫☆いまりちゃん / さくらこはダムです / メル子大先生 / 明日香大明神 / 甲羅暮らしの201号,complete
3,224,em-26f9269c5702,カナちゃん,6,600,600,2,heal,-0.1458,-0.2031,0.5903,0.7361,電波姫☆いまりちゃん / さくらこはダムです / カナちゃん / 明日香大明神 / シンハ☆ラジャ様,電波姫☆いまりちゃん / さくらこはダムです / メル子大先生 / 明日香大明神 / 甲羅暮らしの201号,complete
3,225,em-428a2893945d,雪愛ちゃん,8,590,630,3,attribute_change,-0.1458,-0.2031,0.5903,0.7361,電波姫☆いまりちゃん / さくらこはダムです / 雪愛ちゃん / 明日香大明神 / シンハ☆ラジャ様,電波姫☆いまりちゃん / さくらこはダムです / メル子大先生 / 明日香大明神 / 甲羅暮らしの201号,complete
3,226,em-892bebe9d20c,ポtiア＆ポdiア,8,1762,634,2,attribute_guard,-0.1458,-0.2031,0.5903,0.7361,電波姫☆いまりちゃん / さくらこはダムです / ポtiア＆ポdiア / 明日香大明神 / シンハ☆ラジャ様,電波姫☆いまりちゃん / さくらこはダムです / メル子大先生 / 明日香大明神 / 甲羅暮らしの201号,complete
3,227,em-d46e72def2a2,いつくしーみん,8,380,840,2,attack_buff,-0.1458,-0.2031,0.5903,0.7361,電波姫☆いまりちゃん / さくらこはダムです / いつくしーみん / 明日香大明神 / シンハ☆ラジャ様,電波姫☆いまりちゃん / さくらこはダムです / メル子大先生 / 明日香大明神 / 甲羅暮らしの201号,complete
3,228,em-009ea40e4b39,お夏ちゃん,4,311,329,3,heal,-0.1458,-0.2044,0.5903,0.7361,電波姫☆いまりちゃん / さくらこはダムです / お夏ちゃん / 明日香大明神 / シンハ☆ラジャ様,電波姫☆いまりちゃん / さくらこはダムです / メル子大先生 / 明日香大明神 / 甲羅暮らしの201号,complete
3,229,em-7db26a11a40b,ぐっすん,4,195,407,2,attack_buff,-0.1458,-0.2044,0.5903,0.7361,電波姫☆いまりちゃん / さくらこはダムです / ぐっすん / 明日香大明神 / シンハ☆ラジャ様,電波姫☆いまりちゃん / さくらこはダムです / メル子大先生 / 明日香大明神 / 甲羅暮らしの201号,complete
3,230,em-2f1a1d5585bc,ゴリョカタくん,6,900,400,3,skill_reduction,-0.1458,-0.2044,0.5903,0.7361,電波姫☆いまりちゃん / さくらこはダムです / ゴリョカタくん / 明日香大明神 / シンハ☆ラジャ様,電波姫☆いまりちゃん / さくらこはダムです / メル子大先生 / 明日香大明神 / 甲羅暮らしの201号,partial-skill-support
3,231,em-a0340dd7db63,みっけ太郎,6,500,600,3,attribute_change,-0.1458,-0.2044,0.5903,0.7361,電波姫☆いまりちゃん / さくらこはダムです / みっけ太郎 / 明日香大明神 / シンハ☆ラジャ様,電波姫☆いまりちゃん / さくらこはダムです / メル子大先生 / 明日香大明神 / 甲羅暮らしの201号,complete
3,232,em-091b1c77c643,戸隠ちび蔵,6,150,950,3,attack_buff,-0.1458,-0.2044,0.5903,0.7361,電波姫☆いまりちゃん / さくらこはダムです / 戸隠ちび蔵 / 明日香大明神 / シンハ☆ラジャ様,電波姫☆いまりちゃん / さくらこはダムです / メル子大先生 / 明日香大明神 / 甲羅暮らしの201号,complete
3,233,em-8561e29b5d2e,まんまんちゃん,12,1524,1682,3,attack_buff,-0.1447,-0.2045,0.5915,0.7361,電波姫☆いまりちゃん / メムノン２８号 / まんまんちゃん / 明日香大明神 / ロータス先輩,電波姫☆いまりちゃん / さくらこはダムです / メル子大先生 / 明日香大明神 / 甲羅暮らしの201号,complete
3,234,em-b7b738711fb0,ちくわサンド,23,2817,2656,2,attack_buff,-0.1319,-0.2047,0.6042,0.7361,電波姫☆いまりちゃん / 一葉ちゃんは作家さん / ちくわサンド / 明日香大明神 / ロータス先輩,電波姫☆いまりちゃん / さくらこはダムです / メル子大先生 / 明日香大明神 / 甲羅暮らしの201号,complete
3,235,em-8cb925c8d331,もんちゃん,6,1000,300,3,heal,-0.1389,-0.2049,0.5972,0.7361,電波姫☆いまりちゃん / ペーチパイセン / もんちゃん / 明日香大明神 / シンハ☆ラジャ様,電波姫☆いまりちゃん / さくらこはダムです / メル子大先生 / 明日香大明神 / 甲羅暮らしの201号,complete
3,236,em-2b7450b3b8b1,トンコー先生,15,1510,1510,3,multi_hit_attack,-0.1389,-0.2049,0.5972,0.7361,電波姫☆いまりちゃん / メムノン２８号 / トンコー先生 / 明日香大明神 / ロータス先輩,電波姫☆いまりちゃん / さくらこはダムです / メル子大先生 / 明日香大明神 / 甲羅暮らしの201号,complete
3,237,em-7099769414bf,ある半ブラというＰＷ,16,2994,2962,2,skill_reduction,-0.1389,-0.2049,0.5972,0.7361,電波姫☆いまりちゃん / 一葉ちゃんは作家さん / ある半ブラというＰＷ / 明日香大明神 / ロータス先輩,電波姫☆いまりちゃん / さくらこはダムです / メル子大先生 / 明日香大明神 / 甲羅暮らしの201号,partial-skill-support
3,238,em-74d3b0f1ac0c,ひみつのメルルン,22,3067,3476,3,skill_reduction,-0.1389,-0.2049,0.5972,0.7361,電波姫☆いまりちゃん / 一葉ちゃんは作家さん / ひみつのメルルン / 明日香大明神 / ロータス先輩,電波姫☆いまりちゃん / さくらこはダムです / メル子大先生 / 明日香大明神 / 甲羅暮らしの201号,partial-skill-support
3,239,em-5266a394fb35,伊予・タウロス,60,4430,4941,2,multi_hit_attack,-0.1389,-0.2049,0.5972,0.7361,ハラショー☆ビッツェ / ペーチパイセン / 伊予・タウロス / おあげさん / かんと師匠,電波姫☆いまりちゃん / さくらこはダムです / メル子大先生 / 明日香大明神 / 甲羅暮らしの201号,complete
3,240,em-3ad7d27f7887,ハワイる水島神人,19,2567,1208,2,guard,-0.1319,-0.2058,0.6042,0.7361,電波姫☆いまりちゃん / 一葉ちゃんは作家さん / ハワイる水島神人 / 明日香大明神 / ロータス先輩,電波姫☆いまりちゃん / さくらこはダムです / メル子大先生 / 明日香大明神 / 甲羅暮らしの201号,complete
3,241,em-95694ab0605a,超★メジェド様,44,2300,3432,2,guard,-0.1319,-0.2058,0.6042,0.7361,電波姫☆いまりちゃん / ペーチパイセン / 超★メジェド様 / おあげさん / かんと師匠,電波姫☆いまりちゃん / さくらこはダムです / メル子大先生 / 明日香大明神 / 甲羅暮らしの201号,complete
3,242,em-70cd1f08201b,サモスのヘラ,13,2180,670,2,multi_hit_attack,-0.1458,-0.2058,0.5903,0.7361,電波姫☆いまりちゃん / メムノン２８号 / サモスのヘラ / 明日香大明神 / ロータス先輩,電波姫☆いまりちゃん / さくらこはダムです / メル子大先生 / 明日香大明神 / 甲羅暮らしの201号,complete
3,243,em-814151a5ca65,登別ッキー,35,2556,6134,2,skill_reduction,-0.1528,-0.2059,0.5833,0.7361,電波姫☆いまりちゃん / さくらこはダムです / 登別ッキー / 明日香大明神 / ロータス先輩,電波姫☆いまりちゃん / さくらこはダムです / メル子大先生 / 明日香大明神 / 甲羅暮らしの201号,partial-skill-support
3,244,em-e160051446cf,賀正ぴよ子,8,1509,1005,3,heal,-0.1389,-0.2061,0.5972,0.7361,電波姫☆いまりちゃん / ペーチパイセン / 賀正ぴよ子 / 明日香大明神 / シンハ☆ラジャ様,電波姫☆いまりちゃん / さくらこはダムです / メル子大先生 / 明日香大明神 / 甲羅暮らしの201号,complete
3,245,em-7a8534cb5af6,クレリゴス子様,41,6731,2951,3,guard,-0.1389,-0.2061,0.5972,0.7361,電波姫☆いまりちゃん / さくらこはダムです / クレリゴス子様 / 明日香大明神 / zuス様とsiラ様,電波姫☆いまりちゃん / さくらこはダムです / メル子大先生 / 明日香大明神 / 甲羅暮らしの201号,complete
3,246,em-c6785d8f86c3,中央アルプスの犬,9,600,400,2,damage_reduction,-0.1389,-0.2061,0.5972,0.7361,電波姫☆いまりちゃん / ペーチパイセン / 中央アルプスの犬 / 明日香大明神 / シンハ☆ラジャ様,電波姫☆いまりちゃん / さくらこはダムです / メル子大先生 / 明日香大明神 / 甲羅暮らしの201号,complete
3,247,em-8cdef0bc7893,戸隠ちび太夫,11,150,1200,3,attack_buff,-0.1458,-0.2071,0.5903,0.7361,電波姫☆いまりちゃん / ペーチパイセン / 戸隠ちび太夫 / 明日香大明神 / シンハ☆ラジャ様,電波姫☆いまりちゃん / さくらこはダムです / メル子大先生 / 明日香大明神 / 甲羅暮らしの201号,complete
3,248,em-8b935bf6321f,打毬神！みるるん,15,1208,1963,2,attack_buff,-0.1389,-0.2073,0.5972,0.7361,電波姫☆いまりちゃん / 一葉ちゃんは作家さん / 打毬神！みるるん / 明日香大明神 / ロータス先輩,電波姫☆いまりちゃん / さくらこはダムです / メル子大先生 / 明日香大明神 / 甲羅暮らしの201号,complete
3,249,em-a94a52532d71,あまのちゃん先輩,20,1200,500,3,multi_hit_attack,-0.1319,-0.2079,0.6042,0.7361,電波姫☆いまりちゃん / 一葉ちゃんは作家さん / あまのちゃん先輩 / 明日香大明神 / ロータス先輩,電波姫☆いまりちゃん / さくらこはダムです / メル子大先生 / 明日香大明神 / 甲羅暮らしの201号,complete
3,250,em-6cbfcc23cd10,発光大王ほたるーニャ,9,1057,1198,3,attribute_change,-0.1458,-0.2084,0.5903,0.7361,電波姫☆いまりちゃん / ペーチパイセン / 発光大王ほたるーニャ / 明日香大明神 / シンハ☆ラジャ様,電波姫☆いまりちゃん / さくらこはダムです / メル子大先生 / 明日香大明神 / 甲羅暮らしの201号,complete
3,251,em-9b97e564ea43,ユールシスター☆ノエルん,43,5523,4112,3,multi_hit_attack,-0.1458,-0.2084,0.5903,0.7361,電波姫☆いまりちゃん / ペーチパイセン / ユールシスター☆ノエルん / 明日香大明神 / zuス様とsiラ様,電波姫☆いまりちゃん / さくらこはダムです / メル子大先生 / 明日香大明神 / 甲羅暮らしの201号,complete
3,252,em-d86fc6931627,ふくしメイト・じゅん,19,1812,1661,3,skill_reduction,-0.1389,-0.2085,0.5972,0.7361,電波姫☆いまりちゃん / 一葉ちゃんは作家さん / ふくしメイト・じゅん / 明日香大明神 / ロータス先輩,電波姫☆いまりちゃん / さくらこはダムです / メル子大先生 / 明日香大明神 / 甲羅暮らしの201号,partial-skill-support
3,253,em-f9894daec60a,ひきやまんさん先輩,16,1209,1267,3,attack_buff,-0.1389,-0.2085,0.5972,0.7361,電波姫☆いまりちゃん / 一葉ちゃんは作家さん / ひきやまんさん先輩 / 明日香大明神 / ロータス先輩,電波姫☆いまりちゃん / さくらこはダムです / メル子大先生 / 明日香大明神 / 甲羅暮らしの201号,complete
3,254,em-4805525cb8a4,ｴﾝｾﾞﾘｯｸ☆エンゼル,60,6816,4771,3,heal,-0.1389,-0.2085,0.5972,0.7361,ハラショー☆ビッツェ / ペーチパイセン / ｴﾝｾﾞﾘｯｸ☆エンゼル / 明日香大明神 / zuス様とsiラ様,電波姫☆いまりちゃん / さくらこはダムです / メル子大先生 / 明日香大明神 / 甲羅暮らしの201号,complete
3,255,em-01f1e4a2b36c,だーらくん三世,10,1500,100,3,guard,-0.1389,-0.2096,0.5972,0.7361,電波姫☆いまりちゃん / ペーチパイセン / だーらくん三世 / 明日香大明神 / シンハ☆ラジャ様,電波姫☆いまりちゃん / さくらこはダムです / メル子大先生 / 明日香大明神 / 甲羅暮らしの201号,complete
3,256,em-54cb13a72721,不思議の海のモヅルン,60,6475,4941,3,attribute_guard,-0.1389,-0.2096,0.5972,0.7361,ハラショー☆ビッツェ / ペーチパイセン / 不思議の海のモヅルン / おあげさん / zuス様とsiラ様,電波姫☆いまりちゃん / さくらこはダムです / メル子大先生 / 明日香大明神 / 甲羅暮らしの201号,complete
3,257,em-a91eca479689,嗚呼ヴァサクサ君,10,1880,374,2,skill_reduction,-0.1458,-0.2097,0.5903,0.7361,電波姫☆いまりちゃん / ペーチパイセン / 嗚呼ヴァサクサ君 / 明日香大明神 / シンハ☆ラジャ様,電波姫☆いまりちゃん / さくらこはダムです / メル子大先生 / 明日香大明神 / 甲羅暮らしの201号,partial-skill-support
3,258,em-00b4dc762ce0,ハクさんはファイター,50,3890,5112,2,attack_buff,-0.1319,-0.21,0.6042,0.7361,ハラショー☆ビッツェ / ペーチパイセン / ハクさんはファイター / おあげさん / リスマニア,電波姫☆いまりちゃん / さくらこはダムです / メル子大先生 / 明日香大明神 / 甲羅暮らしの201号,complete
3,259,em-1566d5e1d937,怪奇！蟹男,6,600,500,2,guard,-0.1528,-0.2103,0.5833,0.7361,電波姫☆いまりちゃん / さくらこはダムです / 怪奇！蟹男 / 明日香大明神 / シンハ☆ラジャ様,電波姫☆いまりちゃん / さくらこはダムです / メル子大先生 / 明日香大明神 / 甲羅暮らしの201号,complete
3,260,em-13b101b040d3,有田家の娘,15,1205,1195,2,attribute_change,-0.1458,-0.2109,0.5903,0.7361,電波姫☆いまりちゃん / 一葉ちゃんは作家さん / 有田家の娘 / 明日香大明神 / ロータス先輩,電波姫☆いまりちゃん / さくらこはダムです / メル子大先生 / 明日香大明神 / 甲羅暮らしの201号,complete
3,261,em-a818769b8b91,田島の春,44,1618,5112,2,multi_hit_attack,-0.1458,-0.2109,0.5903,0.7361,電波姫☆いまりちゃん / ペーチパイセン / 田島の春 / おあげさん / 頑張るハクさん,電波姫☆いまりちゃん / さくらこはダムです / メル子大先生 / 明日香大明神 / 甲羅暮らしの201号,complete
3,262,em-6cd60ff1e38a,ひきやまんさん,12,815,817,3,attack_buff,-0.1528,-0.2117,0.5833,0.7361,電波姫☆いまりちゃん / さくらこはダムです / ひきやまんさん / 明日香大明神 / うまうーさん♪,電波姫☆いまりちゃん / さくらこはダムです / メル子大先生 / 明日香大明神 / 甲羅暮らしの201号,complete
3,263,em-8eb59e6085d5,明日香ちゃん,4,295,325,2,damage_reduction,-0.1528,-0.2117,0.5833,0.7361,電波姫☆いまりちゃん / さくらこはダムです / 明日香ちゃん / 明日香大明神 / シンハ☆ラジャ様,電波姫☆いまりちゃん / さくらこはダムです / メル子大先生 / 明日香大明神 / 甲羅暮らしの201号,complete
3,264,em-643d05a15e4e,エビユルゲ大佐,5,520,460,2,attribute_change,-0.1528,-0.2117,0.5833,0.7361,電波姫☆いまりちゃん / さくらこはダムです / エビユルゲ大佐 / 明日香大明神 / シンハ☆ラジャ様,電波姫☆いまりちゃん / さくらこはダムです / メル子大先生 / 明日香大明神 / 甲羅暮らしの201号,complete
3,265,em-8ce38e2a932c,どんこ次郎,5,410,370,3,heal,-0.1528,-0.2117,0.5833,0.7361,電波姫☆いまりちゃん / さくらこはダムです / どんこ次郎 / 明日香大明神 / シンハ☆ラジャ様,電波姫☆いまりちゃん / さくらこはダムです / メル子大先生 / 明日香大明神 / 甲羅暮らしの201号,complete
3,266,em-5ad05ec11a09,三連星のオコオコ,37,3834,3834,3,multi_hit_attack,-0.1528,-0.2117,0.5833,0.7361,電波姫☆いまりちゃん / ペーチパイセン / 三連星のオコオコ / 明日香大明神 / ロータス先輩,電波姫☆いまりちゃん / さくらこはダムです / メル子大先生 / 明日香大明神 / 甲羅暮らしの201号,complete
3,267,em-5b3eb6a3a507,なるリッシュ,20,1812,1510,2,attack_buff,-0.1389,-0.2119,0.5972,0.7361,電波姫☆いまりちゃん / 一葉ちゃんは作家さん / なるリッシュ / 明日香大明神 / ロータス先輩,電波姫☆いまりちゃん / さくらこはダムです / メル子大先生 / 明日香大明神 / 甲羅暮らしの201号,complete
3,268,em-454ebee4a0cd,3人はフォニピュア,60,4941,3578,2,damage_reduction,-0.1389,-0.2119,0.5972,0.7361,ハラショー☆ビッツェ / ペーチパイセン / 3人はフォニピュア / おあげさん / かんと師匠,電波姫☆いまりちゃん / さくらこはダムです / メル子大先生 / 明日香大明神 / 甲羅暮らしの201号,complete
3,269,em-e2c8365ae02e,ɔリバーくん,10,704,1689,3,attack_buff,-0.1458,-0.2121,0.5903,0.7361,電波姫☆いまりちゃん / ペーチパイセン / ɔリバーくん / 明日香大明神 / シンハ☆ラジャ様,電波姫☆いまりちゃん / さくらこはダムです / メル子大先生 / 明日香大明神 / 甲羅暮らしの201号,complete
3,270,em-fd2a055eb394,コニー＆ギャリー,10,500,500,3,damage_reduction,-0.1458,-0.2121,0.5903,0.7361,電波姫☆いまりちゃん / ペーチパイセン / コニー＆ギャリー / 明日香大明神 / シンハ☆ラジャ様,電波姫☆いまりちゃん / さくらこはダムです / メル子大先生 / 明日香大明神 / 甲羅暮らしの201号,complete
3,271,em-7652802e8fc0,郷大先生,19,2737,2415,3,damage_reduction,-0.1389,-0.2129,0.5972,0.7361,ハラショー☆ビッツェ / ペーチパイセン / 郷大先生 / クレリゴス子様 / 頑張るハクさん,電波姫☆いまりちゃん / さくらこはダムです / メル子大先生 / 明日香大明神 / 甲羅暮らしの201号,complete
3,272,em-7e127d8718a5,魔人エビユルゲ,4,410,370,3,attribute_change,-0.1528,-0.213,0.5833,0.7361,電波姫☆いまりちゃん / さくらこはダムです / 魔人エビユルゲ / 明日香大明神 / シンハ☆ラジャ様,電波姫☆いまりちゃん / さくらこはダムです / メル子大先生 / 明日香大明神 / 甲羅暮らしの201号,complete
3,273,em-9999a53f68e1,牛タソ,5,500,50,3,guard,-0.1528,-0.213,0.5833,0.7361,電波姫☆いまりちゃん / ペーチパイセン / 牛タソ / 明日香大明神 / シンハ☆ラジャ様,電波姫☆いまりちゃん / さくらこはダムです / メル子大先生 / 明日香大明神 / 甲羅暮らしの201号,complete
3,274,em-34ca667f5a4f,もん姉さん,11,1400,500,3,heal,-0.1458,-0.2133,0.5903,0.7361,電波姫☆いまりちゃん / メムノン２８号 / もん姉さん / 明日香大明神 / ロータス先輩,電波姫☆いまりちゃん / さくらこはダムです / メル子大先生 / 明日香大明神 / 甲羅暮らしの201号,complete
3,275,em-9d861b51bd30,波乗りキング,18,776,2582,3,attack_buff,-0.1458,-0.2133,0.5903,0.7361,電波姫☆いまりちゃん / 一葉ちゃんは作家さん / 波乗りキング / 明日香大明神 / ロータス先輩,電波姫☆いまりちゃん / さくらこはダムです / メル子大先生 / 明日香大明神 / 甲羅暮らしの201号,complete
3,276,em-aae1801458f8,ɚすぃとあろま？,12,3748,681,3,guard,-0.1459,-0.2134,0.5902,0.7361,電波姫☆いまりちゃん / メムノン２８号 / ɚすぃとあろま？ / 明日香大明神 / ロータス先輩,電波姫☆いまりちゃん / さくらこはダムです / メル子大先生 / 明日香大明神 / 甲羅暮らしの201号,complete
3,277,em-3dc20cd01b22,みかん大王,4,515,187,2,attribute_guard,-0.1528,-0.2143,0.5833,0.7361,電波姫☆いまりちゃん / さくらこはダムです / みかん大王 / 明日香大明神 / シンハ☆ラジャ様,電波姫☆いまりちゃん / さくらこはダムです / メル子大先生 / 明日香大明神 / 甲羅暮らしの201号,complete
3,278,em-618de9bba906,関大先生,9,1201,1201,3,guard,-0.1528,-0.2143,0.5833,0.7361,電波姫☆いまりちゃん / ペーチパイセン / 関大先生 / 明日香大明神 / シンハ☆ラジャ様,電波姫☆いまりちゃん / さくらこはダムです / メル子大先生 / 明日香大明神 / 甲羅暮らしの201号,complete
3,279,em-f659bbd46281,俄然みっけ太郎,11,800,1000,2,attribute_change,-0.1528,-0.2143,0.5833,0.7361,電波姫☆いまりちゃん / ペーチパイセン / 俄然みっけ太郎 / 明日香大明神 / シンハ☆ラジャ様,電波姫☆いまりちゃん / さくらこはダムです / メル子大先生 / 明日香大明神 / 甲羅暮らしの201号,complete
3,280,em-24a892c6ebea,Mt.CACHI×2,38,2556,3578,2,multi_hit_attack,-0.1528,-0.2143,0.5833,0.7361,電波姫☆いまりちゃん / ペーチパイセン / Mt.CACHI×2 / 明日香大明神 / ロータス先輩,電波姫☆いまりちゃん / さくらこはダムです / メル子大先生 / 明日香大明神 / 甲羅暮らしの201号,complete
3,281,em-902df874fa74,でらマジカ,6,650,700,3,attribute_guard,-0.1528,-0.2143,0.5833,0.7361,電波姫☆いまりちゃん / ペーチパイセン / でらマジカ / 明日香大明神 / シンハ☆ラジャ様,電波姫☆いまりちゃん / さくらこはダムです / メル子大先生 / 明日香大明神 / 甲羅暮らしの201号,complete
3,282,em-99502667eee0,たけしメン,16,1300,1200,3,damage_reduction,-0.1458,-0.2145,0.5903,0.7361,電波姫☆いまりちゃん / 一葉ちゃんは作家さん / たけしメン / 明日香大明神 / ロータス先輩,電波姫☆いまりちゃん / さくらこはダムです / メル子大先生 / 明日香大明神 / 甲羅暮らしの201号,complete
3,283,em-ce25d34659e7,だーらくん二世,7,1100,100,3,guard,-0.1458,-0.2145,0.5903,0.7361,電波姫☆いまりちゃん / ペーチパイセン / だーらくん二世 / 明日香大明神 / シンハ☆ラジャ様,電波姫☆いまりちゃん / さくらこはダムです / メル子大先生 / 明日香大明神 / 甲羅暮らしの201号,complete
3,284,em-4b8003f0f990,メル子さま,12,800,800,3,attack_buff,-0.1597,-0.2146,0.5764,0.7361,電波姫☆いまりちゃん / さくらこはダムです / メル子さま / 明日香大明神 / うまうーさん♪,電波姫☆いまりちゃん / さくらこはダムです / メル子大先生 / 明日香大明神 / 甲羅暮らしの201号,complete
3,285,em-20df4bd7efaf,白鷺嬢,8,800,420,3,heal,-0.1528,-0.2156,0.5833,0.7361,電波姫☆いまりちゃん / さくらこはダムです / 白鷺嬢 / 明日香大明神 / シンハ☆ラジャ様,電波姫☆いまりちゃん / さくらこはダムです / メル子大先生 / 明日香大明神 / 甲羅暮らしの201号,complete
3,286,em-d80a2b82ab9f,ブーナッドちゃん,8,1200,200,3,heal,-0.1528,-0.2156,0.5833,0.7361,電波姫☆いまりちゃん / ペーチパイセン / ブーナッドちゃん / 明日香大明神 / シンハ☆ラジャ様,電波姫☆いまりちゃん / さくらこはダムです / メル子大先生 / 明日香大明神 / 甲羅暮らしの201号,complete
3,287,em-cb7b4011b532,未確認土産菓子OTB,36,3350,3302,3,skill_reduction,-0.1528,-0.2156,0.5833,0.7361,電波姫☆いまりちゃん / ペーチパイセン / 未確認土産菓子OTB / 明日香大明神 / ロータス先輩,電波姫☆いまりちゃん / さくらこはダムです / メル子大先生 / 明日香大明神 / 甲羅暮らしの201号,partial-skill-support
3,288,em-acc7e76f32c6,満開☆チゥりっぷちゃん,20,563,2957,2,attribute_change,-0.1458,-0.2157,0.5903,0.7361,電波姫☆いまりちゃん / 一葉ちゃんは作家さん / 満開☆チゥりっぷちゃん / 明日香大明神 / ロータス先輩,電波姫☆いまりちゃん / さくらこはダムです / メル子大先生 / 明日香大明神 / 甲羅暮らしの201号,complete
3,289,em-7419b64dec0e,天の飛龍巻,42,5623,3748,2,attribute_change,-0.1667,-0.2157,0.5694,0.7361,電波姫☆いまりちゃん / さくらこはダムです / 天の飛龍巻 / 明日香大明神 / zuス様とsiラ様,電波姫☆いまりちゃん / さくらこはダムです / メル子大先生 / 明日香大明神 / 甲羅暮らしの201号,complete
3,290,em-ba8324a2cbef,覚醒ニート,6,354,296,2,multi_hit_attack,-0.1597,-0.2161,0.5764,0.7361,電波姫☆いまりちゃん / さくらこはダムです / 覚醒ニート / 明日香大明神 / シンハ☆ラジャ様,電波姫☆いまりちゃん / さくらこはダムです / メル子大先生 / 明日香大明神 / 甲羅暮らしの201号,complete
3,291,em-99460641a41d,奇岩妖精ペリバじゃん,40,6816,852,3,attack_buff,-0.1597,-0.2161,0.5764,0.7361,電波姫☆いまりちゃん / さくらこはダムです / 奇岩妖精ペリバじゃん / 明日香大明神 / zuス様とsiラ様,電波姫☆いまりちゃん / さくらこはダムです / メル子大先生 / 明日香大明神 / 甲羅暮らしの201号,complete
3,292,em-35fbdd1bfe19,猛然みっけ太郎,13,1812,1963,2,attribute_change,-0.1458,-0.2168,0.5903,0.7361,電波姫☆いまりちゃん / 一葉ちゃんは作家さん / 猛然みっけ太郎 / 明日香大明神 / ロータス先輩,電波姫☆いまりちゃん / さくらこはダムです / メル子大先生 / 明日香大明神 / 甲羅暮らしの201号,complete
3,293,em-018528f8f441,羊アフロ・こ祝いくん,14,1963,1510,3,heal,-0.1458,-0.2168,0.5903,0.7361,電波姫☆いまりちゃん / 一葉ちゃんは作家さん / 羊アフロ・こ祝いくん / 明日香大明神 / ロータス先輩,電波姫☆いまりちゃん / さくらこはダムです / メル子大先生 / 明日香大明神 / 甲羅暮らしの201号,complete
3,294,em-1fcf0af60c7a,老舗の牛タソ,14,1000,150,3,guard,-0.1458,-0.2168,0.5903,0.7361,電波姫☆いまりちゃん / 一葉ちゃんは作家さん / 老舗の牛タソ / 明日香大明神 / ロータス先輩,電波姫☆いまりちゃん / さくらこはダムです / メル子大先生 / 明日香大明神 / 甲羅暮らしの201号,complete
3,295,em-c749ad6eefee,トーテムゆ～る,16,1413,1201,3,delay,-0.1458,-0.2168,0.5903,0.7361,電波姫☆いまりちゃん / 一葉ちゃんは作家さん / トーテムゆ～る / 明日香大明神 / ロータス先輩,電波姫☆いまりちゃん / さくらこはダムです / メル子大先生 / 明日香大明神 / 甲羅暮らしの201号,partial-skill-support
3,296,em-29a5da4c1e2f,有棘画工,20,4025,805,3,multi_hit_attack,-0.1458,-0.2168,0.5903,0.7361,電波姫☆いまりちゃん / 一葉ちゃんは作家さん / 有棘画工 / 明日香大明神 / ロータス先輩,電波姫☆いまりちゃん / さくらこはダムです / メル子大先生 / 明日香大明神 / 甲羅暮らしの201号,complete
3,297,em-410cc22d32bc,アロハる☆水島神人,16,3246,1887,2,attribute_change,-0.1458,-0.2168,0.5903,0.7361,電波姫☆いまりちゃん / 一葉ちゃんは作家さん / アロハる☆水島神人 / 明日香大明神 / ロータス先輩,電波姫☆いまりちゃん / さくらこはダムです / メル子大先生 / 明日香大明神 / 甲羅暮らしの201号,complete
3,298,em-6c215846fcb0,アン・ごろう,16,1356,1189,2,attack_buff,-0.1458,-0.2168,0.5903,0.7361,電波姫☆いまりちゃん / 一葉ちゃんは作家さん / アン・ごろう / 明日香大明神 / ロータス先輩,電波姫☆いまりちゃん / さくらこはダムです / メル子大先生 / 明日香大明神 / 甲羅暮らしの201号,complete
3,299,em-bffb26ad3975,アイヌ☆らっくるん,60,2896,6645,2,attack_buff,-0.1458,-0.2168,0.5903,0.7361,ハラショー☆ビッツェ / ペーチパイセン / アイヌ☆らっくるん / 明日香大明神 / zuス様とsiラ様,電波姫☆いまりちゃん / さくらこはダムです / メル子大先生 / 明日香大明神 / 甲羅暮らしの201号,complete
3,300,em-0c5139ae3833,輝け！さくらちゃん,14,1509,1509,3,attribute_change,-0.1528,-0.2169,0.5833,0.7361,電波姫☆いまりちゃん / メムノン２８号 / 輝け！さくらちゃん / 明日香大明神 / ロータス先輩,電波姫☆いまりちゃん / さくらこはダムです / メル子大先生 / 明日香大明神 / 甲羅暮らしの201号,complete
3,301,em-18503fe1a209,きりこさま,16,1500,1500,3,attribute_change,-0.1528,-0.2169,0.5833,0.7361,電波姫☆いまりちゃん / メムノン２８号 / きりこさま / 明日香大明神 / ロータス先輩,電波姫☆いまりちゃん / さくらこはダムです / メル子大先生 / 明日香大明神 / 甲羅暮らしの201号,complete
3,302,em-b08b3e6f22a8,フィッシャーマン三平,17,1286,1316,2,guard,-0.1528,-0.2169,0.5833,0.7361,電波姫☆いまりちゃん / 一葉ちゃんは作家さん / フィッシャーマン三平 / 明日香大明神 / ロータス先輩,電波姫☆いまりちゃん / さくらこはダムです / メル子大先生 / 明日香大明神 / 甲羅暮らしの201号,complete
3,303,em-eb039b6519a5,古代のウルファマン,53,7364,3067,3,skill_reduction,-0.1528,-0.2169,0.5833,0.7361,ハラショー☆ビッツェ / ペーチパイセン / 古代のウルファマン / 明日香大明神 / ロータス先輩,電波姫☆いまりちゃん / さくらこはダムです / メル子大先生 / 明日香大明神 / 甲羅暮らしの201号,partial-skill-support
3,304,em-d8d31c9ea612,どんこ太郎,4,312,300,2,heal,-0.1597,-0.2175,0.5764,0.7361,電波姫☆いまりちゃん / さくらこはダムです / どんこ太郎 / 明日香大明神 / シンハ☆ラジャ様,電波姫☆いまりちゃん / さくらこはダムです / メル子大先生 / 明日香大明神 / 甲羅暮らしの201号,complete
3,305,em-e9a9af4ae9bc,梨豚ぴぐぺん,6,500,600,2,attack_buff,-0.1597,-0.2175,0.5764,0.7361,電波姫☆いまりちゃん / さくらこはダムです / 梨豚ぴぐぺん / 明日香大明神 / シンハ☆ラジャ様,電波姫☆いまりちゃん / さくらこはダムです / メル子大先生 / 明日香大明神 / 甲羅暮らしの201号,complete
3,306,em-7f58743c664e,ポリミタス☆おかいこ,34,4771,3069,2,attribute_change,-0.1597,-0.2175,0.5764,0.7361,電波姫☆いまりちゃん / ペーチパイセン / ポリミタス☆おかいこ / 明日香大明神 / ロータス先輩,電波姫☆いまりちゃん / さくらこはダムです / メル子大先生 / 明日香大明神 / 甲羅暮らしの201号,complete
3,307,em-b9b869c15b9f,ルリマダラー,15,3786,378,2,attribute_guard,-0.1458,-0.2179,0.5903,0.7361,電波姫☆いまりちゃん / 一葉ちゃんは作家さん / ルリマダラー / 明日香大明神 / ロータス先輩,電波姫☆いまりちゃん / さくらこはダムです / メル子大先生 / 明日香大明神 / 甲羅暮らしの201号,complete
3,308,em-5c824e4dff20,ほたるんるん,9,1000,1500,3,attribute_change,-0.1528,-0.2181,0.5833,0.7361,電波姫☆いまりちゃん / ペーチパイセン / ほたるんるん / 明日香大明神 / シンハ☆ラジャ様,電波姫☆いまりちゃん / さくらこはダムです / メル子大先生 / 明日香大明神 / 甲羅暮らしの201号,complete
3,309,em-ed2518ac8873,もんさん,9,1200,400,3,heal,-0.1528,-0.2181,0.5833,0.7361,電波姫☆いまりちゃん / ペーチパイセン / もんさん / 明日香大明神 / シンハ☆ラジャ様,電波姫☆いまりちゃん / さくらこはダムです / メル子大先生 / 明日香大明神 / 甲羅暮らしの201号,complete
3,310,em-cf978e56c758,大スギですっ♪,19,2718,1057,3,guard,-0.1528,-0.2181,0.5833,0.7361,電波姫☆いまりちゃん / 一葉ちゃんは作家さん / 大スギですっ♪ / 明日香大明神 / ロータス先輩,電波姫☆いまりちゃん / さくらこはダムです / メル子大先生 / 明日香大明神 / 甲羅暮らしの201号,complete
3,311,em-7f5fe06d82f7,特攻のびゃこ,39,2641,6219,2,attack_buff,-0.1528,-0.2181,0.5833,0.7361,電波姫☆いまりちゃん / ペーチパイセン / 特攻のびゃこ / 明日香大明神 / ロータス先輩,電波姫☆いまりちゃん / さくらこはダムです / メル子大先生 / 明日香大明神 / 甲羅暮らしの201号,complete
3,312,em-bb6329ff48fb,ポティア＆ポディア,6,1000,400,3,attribute_guard,-0.1597,-0.2189,0.5764,0.7361,電波姫☆いまりちゃん / さくらこはダムです / ポティア＆ポディア / 明日香大明神 / シンハ☆ラジャ様,電波姫☆いまりちゃん / さくらこはダムです / メル子大先生 / 明日香大明神 / 甲羅暮らしの201号,complete
3,313,em-a3563f41a151,ラクダンデス隊長,38,4941,3578,2,guard,-0.1597,-0.2189,0.5764,0.7361,電波姫☆いまりちゃん / ペーチパイセン / ラクダンデス隊長 / 明日香大明神 / ロータス先輩,電波姫☆いまりちゃん / さくらこはダムです / メル子大先生 / 明日香大明神 / 甲羅暮らしの201号,complete
3,314,em-98054d952da8,ニート達の日常。,21,2968,296,3,delay,-0.1458,-0.219,0.5903,0.7361,電波姫☆いまりちゃん / 一葉ちゃんは作家さん / ニート達の日常。 / 明日香大明神 / ロータス先輩,電波姫☆いまりちゃん / さくらこはダムです / メル子大先生 / 明日香大明神 / 甲羅暮らしの201号,partial-skill-support
3,315,em-12f1294c9b3b,雅だねお夏ちゃん,6,400,400,3,heal,-0.1597,-0.2202,0.5764,0.7361,電波姫☆いまりちゃん / さくらこはダムです / 雅だねお夏ちゃん / 明日香大明神 / シンハ☆ラジャ様,電波姫☆いまりちゃん / さくらこはダムです / メル子大先生 / 明日香大明神 / 甲羅暮らしの201号,complete
3,316,em-3d21182a399b,風流さねお夏ちゃん,8,482,488,3,heal,-0.1597,-0.2202,0.5764,0.7361,電波姫☆いまりちゃん / さくらこはダムです / 風流さねお夏ちゃん / 明日香大明神 / シンハ☆ラジャ様,電波姫☆いまりちゃん / さくらこはダムです / メル子大先生 / 明日香大明神 / 甲羅暮らしの201号,complete
3,317,em-874769710492,さふらんらん,8,1734,888,3,skill_reduction,-0.1597,-0.2202,0.5764,0.7361,電波姫☆いまりちゃん / ペーチパイセン / さふらんらん / 明日香大明神 / シンハ☆ラジャ様,電波姫☆いまりちゃん / さくらこはダムです / メル子大先生 / 明日香大明神 / 甲羅暮らしの201号,partial-skill-support
3,318,em-0da991c52dd4,ギャリーくん,5,400,400,3,damage_reduction,-0.1528,-0.2205,0.5833,0.7361,電波姫☆いまりちゃん / ペーチパイセン / ギャリーくん / 明日香大明神 / シンハ☆ラジャ様,電波姫☆いまりちゃん / さくらこはダムです / メル子大先生 / 明日香大明神 / 甲羅暮らしの201号,complete
3,319,em-b715ad2ad387,ウサピョイ鏡花さん,19,3016,1780,3,delay,-0.1528,-0.2205,0.5833,0.7361,電波姫☆いまりちゃん / 一葉ちゃんは作家さん / ウサピョイ鏡花さん / 明日香大明神 / ロータス先輩,電波姫☆いまりちゃん / さくらこはダムです / メル子大先生 / 明日香大明神 / 甲羅暮らしの201号,partial-skill-support
3,320,em-916052b33162,リンゴルモア大王,7,1269,1128,3,delay,-0.1597,-0.2215,0.5764,0.7361,電波姫☆いまりちゃん / ペーチパイセン / リンゴルモア大王 / 明日香大明神 / シンハ☆ラジャ様,電波姫☆いまりちゃん / さくらこはダムです / メル子大先生 / 明日香大明神 / 甲羅暮らしの201号,partial-skill-support
3,321,em-aefb52be8eca,半間鮫子,52,3411,6823,2,multi_hit_attack,-0.1597,-0.2215,0.5764,0.7361,ハラショー☆ビッツェ / ペーチパイセン / 半間鮫子 / 明日香大明神 / ロータス先輩,電波姫☆いまりちゃん / さくらこはダムです / メル子大先生 / 明日香大明神 / 甲羅暮らしの201号,complete
3,322,em-fd155a3410b2,鯰坊主と子供たち,45,5793,2130,3,damage_reduction,-0.1597,-0.2215,0.5764,0.7361,電波姫☆いまりちゃん / ペーチパイセン / 鯰坊主と子供たち / 明日香大明神 / zuス様とsiラ様,電波姫☆いまりちゃん / さくらこはダムです / メル子大先生 / 明日香大明神 / 甲羅暮らしの201号,complete
3,323,em-47c29240fd33,大晦日のネギそば給仕少女,40,3834,3834,2,guard,-0.1597,-0.2215,0.5764,0.7361,ハラショー☆ビッツェ / ペーチパイセン / 大晦日のネギそば給仕少女 / 電波姫☆いまりちゃん / zuス様とsiラ様,電波姫☆いまりちゃん / さくらこはダムです / メル子大先生 / 明日香大明神 / 甲羅暮らしの201号,complete
3,324,em-bd35a359234a,ジョーカーくん,18,805,3935,3,skill_reduction,-0.1528,-0.2217,0.5833,0.7361,電波姫☆いまりちゃん / 一葉ちゃんは作家さん / ジョーカーくん / 明日香大明神 / ロータス先輩,電波姫☆いまりちゃん / さくらこはダムです / メル子大先生 / 明日香大明神 / 甲羅暮らしの201号,partial-skill-support
3,325,em-4c2a43ecd770,ナンマトル君,14,2115,2115,2,skill_reduction,-0.1528,-0.2228,0.5833,0.7361,電波姫☆いまりちゃん / 一葉ちゃんは作家さん / ナンマトル君 / 明日香大明神 / ロータス先輩,電波姫☆いまりちゃん / さくらこはダムです / メル子大先生 / 明日香大明神 / 甲羅暮らしの201号,partial-skill-support
3,326,em-4efe36123302,輝け☆椛マン！,35,4260,3408,3,heal,-0.1528,-0.2228,0.5833,0.7361,電波姫☆いまりちゃん / ペーチパイセン / 輝け☆椛マン！ / 明日香大明神 / ロータス先輩,電波姫☆いまりちゃん / さくらこはダムです / メル子大先生 / 明日香大明神 / 甲羅暮らしの201号,complete
3,327,em-cb1a83a105ac,大仏の可能性が微レ存,11,707,707,3,attack_buff,-0.1597,-0.2228,0.5764,0.7361,電波姫☆いまりちゃん / メムノン２８号 / 大仏の可能性が微レ存 / 明日香大明神 / ロータス先輩,電波姫☆いまりちゃん / さくらこはダムです / メル子大先生 / 明日香大明神 / 甲羅暮らしの201号,complete
3,328,em-32a7d24a1ae1,伝統のタミちゃん,5,404,376,3,attribute_guard,-0.1597,-0.2228,0.5764,0.7361,電波姫☆いまりちゃん / さくらこはダムです / 伝統のタミちゃん / 明日香大明神 / シンハ☆ラジャ様,電波姫☆いまりちゃん / さくらこはダムです / メル子大先生 / 明日香大明神 / 甲羅暮らしの201号,complete
3,329,em-228697ae4ca1,かつお☆カーニバル,7,1128,1198,2,skill_reduction,-0.1597,-0.2228,0.5764,0.7361,電波姫☆いまりちゃん / ペーチパイセン / かつお☆カーニバル / 明日香大明神 / シンハ☆ラジャ様,電波姫☆いまりちゃん / さくらこはダムです / メル子大先生 / 明日香大明神 / 甲羅暮らしの201号,partial-skill-support
3,330,em-6ff1562355a9,ファジル先生,12,2256,1128,2,multi_hit_attack,-0.1597,-0.2228,0.5764,0.7361,電波姫☆いまりちゃん / メムノン２８号 / ファジル先生 / 明日香大明神 / ロータス先輩,電波姫☆いまりちゃん / さくらこはダムです / メル子大先生 / 明日香大明神 / 甲羅暮らしの201号,complete
3,331,em-b8280ba8915c,ゲンゴロウ,50,6475,2585,2,attack_buff,-0.1597,-0.2228,0.5764,0.7361,ハラショー☆ビッツェ / ペーチパイセン / ゲンゴロウ / 明日香大明神 / ロータス先輩,電波姫☆いまりちゃん / さくらこはダムです / メル子大先生 / 明日香大明神 / 甲羅暮らしの201号,complete
3,332,em-f14c0a7296cf,コーベリアル伯爵,7,500,480,2,attribute_guard,-0.1597,-0.2228,0.5764,0.7361,電波姫☆いまりちゃん / ペーチパイセン / コーベリアル伯爵 / 明日香大明神 / シンハ☆ラジャ様,電波姫☆いまりちゃん / さくらこはダムです / メル子大先生 / 明日香大明神 / 甲羅暮らしの201号,complete
3,333,em-ec6e97efd933,ラホさん,13,2114,1661,3,heal,-0.1528,-0.224,0.5833,0.7361,電波姫☆いまりちゃん / 一葉ちゃんは作家さん / ラホさん / 明日香大明神 / ロータス先輩,電波姫☆いまりちゃん / さくらこはダムです / メル子大先生 / 明日香大明神 / 甲羅暮らしの201号,complete
3,334,em-8d7a9845b04b,コーベリアル男爵,5,400,380,2,attribute_guard,-0.1597,-0.2241,0.5764,0.7361,電波姫☆いまりちゃん / ペーチパイセン / コーベリアル男爵 / 明日香大明神 / シンハ☆ラジャ様,電波姫☆いまりちゃん / さくらこはダムです / メル子大先生 / 明日香大明神 / 甲羅暮らしの201号,complete
3,335,em-13fd4fd7ab5c,きりこさん,12,1100,1100,3,attribute_change,-0.1597,-0.2241,0.5764,0.7361,電波姫☆いまりちゃん / メムノン２８号 / きりこさん / 明日香大明神 / ロータス先輩,電波姫☆いまりちゃん / さくらこはダムです / メル子大先生 / 明日香大明神 / 甲羅暮らしの201号,complete
3,336,em-6bda04d6fb8d,中の娘タミちゃん,12,1257,1146,3,attribute_guard,-0.1597,-0.2241,0.5764,0.7361,電波姫☆いまりちゃん / さくらこはダムです / 中の娘タミちゃん / クレリゴス子様 / まつやマン,電波姫☆いまりちゃん / さくらこはダムです / メル子大先生 / 明日香大明神 / 甲羅暮らしの201号,complete
3,337,em-c33cc8cd4298,ほたるんるんるん,12,1100,1600,2,attribute_change,-0.1667,-0.2247,0.5694,0.7361,電波姫☆いまりちゃん / さくらこはダムです / ほたるんるんるん / 明日香大明神 / うまうーさん♪,電波姫☆いまりちゃん / さくらこはダムです / メル子大先生 / 明日香大明神 / 甲羅暮らしの201号,complete
3,338,em-7747ea5c5a73,諏訪子成長期,38,3067,5623,3,multi_hit_attack,-0.1667,-0.2247,0.5694,0.7361,電波姫☆いまりちゃん / ペーチパイセン / 諏訪子成長期 / 明日香大明神 / ロータス先輩,電波姫☆いまりちゃん / さくらこはダムです / メル子大先生 / 明日香大明神 / 甲羅暮らしの201号,complete
3,339,em-0c1036483550,kɔにー＆gæりー,13,1128,846,2,damage_reduction,-0.1597,-0.2253,0.5764,0.7361,電波姫☆いまりちゃん / 一葉ちゃんは作家さん / kɔにー＆gæりー / 明日香大明神 / ロータス先輩,電波姫☆いまりちゃん / さくらこはダムです / メル子大先生 / 明日香大明神 / 甲羅暮らしの201号,complete
3,340,em-8d610f16d330,明日香大怪盗,44,3578,3067,3,attribute_guard,-0.1597,-0.2253,0.5764,0.7361,電波姫☆いまりちゃん / ペーチパイセン / 明日香大怪盗 / 明日香大明神 / zuス様とsiラ様,電波姫☆いまりちゃん / さくらこはダムです / メル子大先生 / 明日香大明神 / 甲羅暮らしの201号,complete
3,341,em-e9680391b2b7,梅ビースト,6,710,370,2,attribute_guard,-0.1667,-0.226,0.5694,0.7361,電波姫☆いまりちゃん / さくらこはダムです / 梅ビースト / 明日香大明神 / シンハ☆ラジャ様,電波姫☆いまりちゃん / さくらこはダムです / メル子大先生 / 明日香大明神 / 甲羅暮らしの201号,complete
3,342,em-2514a60f07c2,たけしサン,12,1000,1000,3,damage_reduction,-0.1597,-0.2265,0.5764,0.7361,電波姫☆いまりちゃん / メムノン２８号 / たけしサン / 明日香大明神 / ロータス先輩,電波姫☆いまりちゃん / さくらこはダムです / メル子大先生 / 明日香大明神 / 甲羅暮らしの201号,complete
3,343,em-a797434bdcf3,カステーラ先生,10,1258,1145,3,heal,-0.1667,-0.2274,0.5694,0.7361,電波姫☆いまりちゃん / ペーチパイセン / カステーラ先生 / 明日香大明神 / シンハ☆ラジャ様,電波姫☆いまりちゃん / さくらこはダムです / メル子大先生 / 明日香大明神 / 甲羅暮らしの201号,complete
3,344,em-bcb9b03bfeed,サンカクドナウ,13,1739,1739,3,multi_hit_attack,-0.1667,-0.2274,0.5694,0.7361,電波姫☆いまりちゃん / ペーチパイセン / サンカクドナウ / 明日香大明神 / うまうーさん♪,電波姫☆いまりちゃん / さくらこはダムです / メル子大先生 / 明日香大明神 / 甲羅暮らしの201号,complete
3,345,em-db2c3576c544,すわ子☆神,15,1100,1400,3,multi_hit_attack,-0.1667,-0.2274,0.5694,0.7361,電波姫☆いまりちゃん / ペーチパイセン / すわ子☆神 / 明日香大明神 / うまうーさん♪,電波姫☆いまりちゃん / さくらこはダムです / メル子大先生 / 明日香大明神 / 甲羅暮らしの201号,complete
3,346,em-2da2762b8173,uっぴーちゃん,15,1210,1210,3,skill_reduction,-0.1597,-0.2277,0.5764,0.7361,電波姫☆いまりちゃん / 一葉ちゃんは作家さん / uっぴーちゃん / 明日香大明神 / ロータス先輩,電波姫☆いまりちゃん / さくらこはダムです / メル子大先生 / 明日香大明神 / 甲羅暮らしの201号,partial-skill-support
3,347,em-74c87c37d930,むぅむぅ,30,2839,2525,3,multi_hit_attack,-0.1597,-0.2277,0.5764,0.7361,電波姫☆いまりちゃん / ペーチパイセン / むぅむぅ / ウサポワンちゃん / 頑張るハクさん,電波姫☆いまりちゃん / さくらこはダムです / メル子大先生 / 明日香大明神 / 甲羅暮らしの201号,complete
3,348,em-ed68f4e03a58,欣喜ぴよ子,10,1785,1812,2,guard,-0.1597,-0.2277,0.5764,0.7361,電波姫☆いまりちゃん / ペーチパイセン / 欣喜ぴよ子 / 明日香大明神 / シンハ☆ラジャ様,電波姫☆いまりちゃん / さくらこはダムです / メル子大先生 / 明日香大明神 / 甲羅暮らしの201号,complete
3,349,em-45d954b40bc4,ジェラする？かめ姫,60,4941,3237,3,multi_hit_attack,-0.1597,-0.2277,0.5764,0.7361,ハラショー☆ビッツェ / ペーチパイセン / ジェラする？かめ姫 / 明日香大明神 / zuス様とsiラ様,電波姫☆いまりちゃん / さくらこはダムです / メル子大先生 / 明日香大明神 / 甲羅暮らしの201号,complete
3,350,em-ab9b2ce76191,B・O・B,37,4935,3244,3,delay,-0.1667,-0.2287,0.5694,0.7361,電波姫☆いまりちゃん / ペーチパイセン / B・O・B / 明日香大明神 / ロータス先輩,電波姫☆いまりちゃん / さくらこはダムです / メル子大先生 / 明日香大明神 / 甲羅暮らしの201号,partial-skill-support
3,351,em-f4980131820e,ﾊﾛｳｨﾝのヴラドさん,41,4089,1757,2,damage_reduction,-0.1597,-0.2289,0.5764,0.7361,電波姫☆いまりちゃん / さくらこはダムです / ﾊﾛｳｨﾝのヴラドさん / 明日香大明神 / zuス様とsiラ様,電波姫☆いまりちゃん / さくらこはダムです / メル子大先生 / 明日香大明神 / 甲羅暮らしの201号,complete
3,352,em-285738d60a75,もん先輩,13,2567,1057,3,heal,-0.1597,-0.2289,0.5764,0.7361,電波姫☆いまりちゃん / 一葉ちゃんは作家さん / もん先輩 / 明日香大明神 / ロータス先輩,電波姫☆いまりちゃん / さくらこはダムです / メル子大先生 / 明日香大明神 / 甲羅暮らしの201号,complete
3,353,em-5558b35b9413,フゥーま＆ヴォたん,14,800,800,3,guard,-0.1597,-0.2289,0.5764,0.7361,電波姫☆いまりちゃん / 一葉ちゃんは作家さん / フゥーま＆ヴォたん / 明日香大明神 / ロータス先輩,電波姫☆いまりちゃん / さくらこはダムです / メル子大先生 / 明日香大明神 / 甲羅暮らしの201号,complete
3,354,em-85a7b3e2cb7d,剥ぐぞ！ナモミ先生,16,400,2100,2,attack_buff,-0.1597,-0.2289,0.5764,0.7361,電波姫☆いまりちゃん / 一葉ちゃんは作家さん / 剥ぐぞ！ナモミ先生 / 明日香大明神 / ロータス先輩,電波姫☆いまりちゃん / さくらこはダムです / メル子大先生 / 明日香大明神 / 甲羅暮らしの201号,complete
3,355,em-2be7abbe40d1,大晦日！ナモミ先輩,14,300,1700,2,attack_buff,-0.1597,-0.23,0.5764,0.7361,電波姫☆いまりちゃん / 一葉ちゃんは作家さん / 大晦日！ナモミ先輩 / 明日香大明神 / ロータス先輩,電波姫☆いまりちゃん / さくらこはダムです / メル子大先生 / 明日香大明神 / 甲羅暮らしの201号,complete
3,356,em-99ad2fb4f1bc,いはとくん,8,580,640,3,delay,-0.1667,-0.23,0.5694,0.7361,電波姫☆いまりちゃん / ペーチパイセン / いはとくん / 明日香大明神 / シンハ☆ラジャ様,電波姫☆いまりちゃん / さくらこはダムです / メル子大先生 / 明日香大明神 / 甲羅暮らしの201号,partial-skill-support
3,357,em-4fddbba71de4,大熊びぐべん,9,600,700,2,attack_buff,-0.1667,-0.23,0.5694,0.7361,電波姫☆いまりちゃん / ペーチパイセン / 大熊びぐべん / 明日香大明神 / シンハ☆ラジャ様,電波姫☆いまりちゃん / さくらこはダムです / メル子大先生 / 明日香大明神 / 甲羅暮らしの201号,complete
3,358,em-7f3eb7b8272c,にゅー先生,15,700,2200,2,guard,-0.1597,-0.2311,0.5764,0.7361,電波姫☆いまりちゃん / 一葉ちゃんは作家さん / にゅー先生 / 明日香大明神 / ロータス先輩,電波姫☆いまりちゃん / さくらこはダムです / メル子大先生 / 明日香大明神 / 甲羅暮らしの201号,complete
3,359,em-3911cf0df99b,あずま京子という女,14,1687,1687,3,damage_reduction,-0.1597,-0.2311,0.5764,0.7361,電波姫☆いまりちゃん / さくらこはダムです / あずま京子という女 / クレリゴス子様 / ガハラさん,電波姫☆いまりちゃん / さくらこはダムです / メル子大先生 / 明日香大明神 / 甲羅暮らしの201号,complete
3,360,em-1bcd64d199fb,ケロッとる☆キング,31,1533,5708,2,attribute_change,-0.1806,-0.2317,0.5556,0.7361,電波姫☆いまりちゃん / さくらこはダムです / ケロッとる☆キング / 明日香大明神 / ロータス先輩,電波姫☆いまりちゃん / さくらこはダムです / メル子大先生 / 明日香大明神 / 甲羅暮らしの201号,complete
3,361,em-b71282ef08a8,出番です！鴨先生！,18,1358,1356,2,guard,-0.1597,-0.2323,0.5764,0.7361,電波姫☆いまりちゃん / 一葉ちゃんは作家さん / 出番です！鴨先生！ / 明日香大明神 / ロータス先輩,電波姫☆いまりちゃん / さくらこはダムです / メル子大先生 / 明日香大明神 / 甲羅暮らしの201号,complete
3,362,em-fb18faf80584,妖鬼！蟹男,11,1100,700,2,guard,-0.1667,-0.2324,0.5694,0.7361,電波姫☆いまりちゃん / ペーチパイセン / 妖鬼！蟹男 / 明日香大明神 / シンハ☆ラジャ様,電波姫☆いまりちゃん / さくらこはダムです / メル子大先生 / 明日香大明神 / 甲羅暮らしの201号,complete
3,363,em-bc2106c87bcd,?????,15,511,2811,3,damage_reduction,-0.1667,-0.2324,0.5694,0.7361,電波姫☆いまりちゃん / ペーチパイセン / ????? / クレリゴス子様 / まつやマン,電波姫☆いまりちゃん / さくらこはダムです / メル子大先生 / 明日香大明神 / 甲羅暮らしの201号,complete
3,364,em-55f20f5390ee,ホロー家の娘,26,2576,3542,3,damage_reduction,-0.1667,-0.2324,0.5694,0.7361,ハラショー☆ビッツェ / ペーチパイセン / ホロー家の娘 / クレリゴス子様 / かんと師匠,電波姫☆いまりちゃん / さくらこはダムです / メル子大先生 / 明日香大明神 / 甲羅暮らしの201号,complete
3,365,em-cbed7e550323,ちわっしータミ,12,2249,1376,3,heal,-0.1736,-0.2332,0.5625,0.7361,電波姫☆いまりちゃん / メムノン２８号 / ちわっしータミ / 明日香大明神 / ロータス先輩,電波姫☆いまりちゃん / さくらこはダムです / メル子大先生 / 明日香大明神 / 甲羅暮らしの201号,complete
3,366,em-2449b6ff9d58,スマトラのウータン,12,2703,657,2,attribute_change,-0.1667,-0.2337,0.5694,0.7361,電波姫☆いまりちゃん / メムノン２８号 / スマトラのウータン / 明日香大明神 / ロータス先輩,電波姫☆いまりちゃん / さくらこはダムです / メル子大先生 / 明日香大明神 / 甲羅暮らしの201号,complete
3,367,em-6ead69ef1b01,精霊ブーナッド,16,4025,805,2,heal,-0.1667,-0.2337,0.5694,0.7361,電波姫☆いまりちゃん / 一葉ちゃんは作家さん / 精霊ブーナッド / 明日香大明神 / ロータス先輩,電波姫☆いまりちゃん / さくらこはダムです / メル子大先生 / 明日香大明神 / 甲羅暮らしの201号,complete
3,368,em-b27009a57b71,架けろきしわだっしー,49,1559,6672,3,attack_buff,-0.1597,-0.2344,0.5764,0.7361,ハラショー☆ビッツェ / ペーチパイセン / 架けろきしわだっしー / 明日香大明神 / ロータス先輩,電波姫☆いまりちゃん / さくらこはダムです / メル子大先生 / 明日香大明神 / 甲羅暮らしの201号,complete
3,369,em-d4e50f80f825,コーベリアル,4,305,297,2,attribute_guard,-0.1736,-0.2345,0.5625,0.7361,電波姫☆いまりちゃん / さくらこはダムです / コーベリアル / 明日香大明神 / シンハ☆ラジャ様,電波姫☆いまりちゃん / さくらこはダムです / メル子大先生 / 明日香大明神 / 甲羅暮らしの201号,complete
3,370,em-fca49f3752f8,電波姫☆いまりちゃん,38,3919,4260,3,delay,-0.1736,-0.2345,0.5625,0.7361,電波姫☆いまりちゃん / ペーチパイセン / 電波姫☆いまりちゃん / 明日香大明神 / ロータス先輩,電波姫☆いまりちゃん / さくらこはダムです / メル子大先生 / 明日香大明神 / 甲羅暮らしの201号,partial-skill-support
3,371,em-ed707603ab87,荒ぶる水島神人,15,1200,600,3,guard,-0.1667,-0.2348,0.5694,0.7361,電波姫☆いまりちゃん / 一葉ちゃんは作家さん / 荒ぶる水島神人 / 明日香大明神 / ロータス先輩,電波姫☆いまりちゃん / さくらこはダムです / メル子大先生 / 明日香大明神 / 甲羅暮らしの201号,complete
3,372,em-9365e8cd4780,はっさくキング,5,610,270,2,attribute_guard,-0.1667,-0.2348,0.5694,0.7361,電波姫☆いまりちゃん / ペーチパイセン / はっさくキング / 明日香大明神 / シンハ☆ラジャ様,電波姫☆いまりちゃん / さくらこはダムです / メル子大先生 / 明日香大明神 / 甲羅暮らしの201号,complete
3,373,em-7e5d7b36c1e2,カステーラ先輩,7,530,450,3,heal,-0.1667,-0.2348,0.5694,0.7361,電波姫☆いまりちゃん / ペーチパイセン / カステーラ先輩 / 明日香大明神 / シンハ☆ラジャ様,電波姫☆いまりちゃん / さくらこはダムです / メル子大先生 / 明日香大明神 / 甲羅暮らしの201号,complete
3,374,em-b17b3174de7d,ネギtheフィクサー,45,2405,5135,3,damage_reduction,-0.1667,-0.236,0.5694,0.7361,電波姫☆いまりちゃん / ペーチパイセン / ネギtheフィクサー / 明日香大明神 / zuス様とsiラ様,電波姫☆いまりちゃん / さくらこはダムです / メル子大先生 / 明日香大明神 / 甲羅暮らしの201号,complete
3,375,em-4c7896c435d3,宮司の尊氏公,48,2556,3036,3,attack_buff,-0.1667,-0.236,0.5694,0.7361,ハラショー☆ビッツェ / ペーチパイセン / 宮司の尊氏公 / 明日香大明神 / ロータス先輩,電波姫☆いまりちゃん / さくらこはダムです / メル子大先生 / 明日香大明神 / 甲羅暮らしの201号,complete
3,376,em-c358a9d61a43,PiぐPeんとBiぐBeん,15,1208,1510,2,attack_buff,-0.1667,-0.2371,0.5694,0.7361,電波姫☆いまりちゃん / 一葉ちゃんは作家さん / PiぐPeんとBiぐBeん / 明日香大明神 / ロータス先輩,電波姫☆いまりちゃん / さくらこはダムです / メル子大先生 / 明日香大明神 / 甲羅暮らしの201号,complete
3,377,em-080293573ea5,ダヴィアさん,19,2567,1914,2,attack_buff,-0.1667,-0.2371,0.5694,0.7361,電波姫☆いまりちゃん / 一葉ちゃんは作家さん / ダヴィアさん / 明日香大明神 / ロータス先輩,電波姫☆いまりちゃん / さくらこはダムです / メル子大先生 / 明日香大明神 / 甲羅暮らしの201号,complete
3,378,em-cb9a138787d0,摩陀羅　潮真,27,7194,1741,2,attribute_guard,-0.1667,-0.2371,0.5694,0.7361,電波姫☆いまりちゃん / 一葉ちゃんは作家さん / 摩陀羅　潮真 / おあげさん / 頑張るハクさん,電波姫☆いまりちゃん / さくらこはダムです / メル子大先生 / 明日香大明神 / 甲羅暮らしの201号,complete
3,379,em-8522b1e6c291,百華百彩久連子,55,5282,5282,3,multi_hit_attack,-0.1667,-0.2371,0.5694,0.7361,ハラショー☆ビッツェ / ペーチパイセン / 百華百彩久連子 / おあげさん / 頑張るハクさん,電波姫☆いまりちゃん / さくらこはダムです / メル子大先生 / 明日香大明神 / 甲羅暮らしの201号,complete
3,380,em-0c3e6f251b0b,いまりさん,12,795,805,2,attribute_change,-0.1736,-0.2371,0.5625,0.7361,電波姫☆いまりちゃん / メムノン２８号 / いまりさん / 明日香大明神 / ロータス先輩,電波姫☆いまりちゃん / さくらこはダムです / メル子大先生 / 明日香大明神 / 甲羅暮らしの201号,complete
3,381,em-684042304ec3,毬れ！みるるん,12,700,800,2,attack_buff,-0.1736,-0.2371,0.5625,0.7361,電波姫☆いまりちゃん / メムノン２８号 / 毬れ！みるるん / 明日香大明神 / ロータス先輩,電波姫☆いまりちゃん / さくらこはダムです / メル子大先生 / 明日香大明神 / 甲羅暮らしの201号,complete
3,382,em-3b481c9796d0,糸巻万太朗,38,5623,4260,2,attribute_change,-0.1736,-0.2371,0.5625,0.7361,電波姫☆いまりちゃん / ペーチパイセン / 糸巻万太朗 / 明日香大明神 / ロータス先輩,電波姫☆いまりちゃん / さくらこはダムです / メル子大先生 / 明日香大明神 / 甲羅暮らしの201号,complete
3,383,em-c88f65fb7899,グラディ瑛太,16,4653,423,3,delay,-0.1667,-0.2383,0.5694,0.7361,電波姫☆いまりちゃん / 一葉ちゃんは作家さん / グラディ瑛太 / 明日香大明神 / ロータス先輩,電波姫☆いまりちゃん / さくらこはダムです / メル子大先生 / 明日香大明神 / 甲羅暮らしの201号,partial-skill-support
3,384,em-640d19558093,聖なる打毬神！みるるん,19,1208,1963,2,attack_buff,-0.1667,-0.2383,0.5694,0.7361,電波姫☆いまりちゃん / 一葉ちゃんは作家さん / 聖なる打毬神！みるるん / 明日香大明神 / ロータス先輩,電波姫☆いまりちゃん / さくらこはダムです / メル子大先生 / 明日香大明神 / 甲羅暮らしの201号,complete
3,385,em-69643c1d0dd1,かなんで世界師匠,19,2705,2576,3,attack_buff,-0.1667,-0.2383,0.5694,0.7361,電波姫☆いまりちゃん / 一葉ちゃんは作家さん / かなんで世界師匠 / 明日香大明神 / ロータス先輩,電波姫☆いまりちゃん / さくらこはダムです / メル子大先生 / 明日香大明神 / 甲羅暮らしの201号,complete
3,386,em-de449f69edb5,タミフルニキ,14,1257,1147,3,damage_reduction,-0.1667,-0.2383,0.5694,0.7361,ラグーン☆南 / ペーチパイセン / タミフルニキ / クレリゴス子様 / 頑張るハクさん,電波姫☆いまりちゃん / さくらこはダムです / メル子大先生 / 明日香大明神 / 甲羅暮らしの201号,complete
3,387,em-3fef7ee3dc51,トゥバタハのシレーナ,60,3919,4601,3,aoe_attack,-0.1667,-0.2383,0.5694,0.7361,ハラショー☆ビッツェ / ペーチパイセン / トゥバタハのシレーナ / 明日香大明神 / zuス様とsiラ様,電波姫☆いまりちゃん / さくらこはダムです / メル子大先生 / 明日香大明神 / 甲羅暮らしの201号,complete
3,388,em-a11a3441fd8e,レンネルアルケニー,43,2896,3919,2,damage_reduction,-0.1667,-0.2383,0.5694,0.7361,電波姫☆いまりちゃん / ペーチパイセン / レンネルアルケニー / おあげさん / かんと師匠,電波姫☆いまりちゃん / さくらこはダムです / メル子大先生 / 明日香大明神 / 甲羅暮らしの201号,complete
3,389,em-d9e193a7c929,斑鳩の太子くん,36,4260,2896,2,heal,-0.1736,-0.2384,0.5625,0.7361,電波姫☆いまりちゃん / さくらこはダムです / 斑鳩の太子くん / 明日香大明神 / ロータス先輩,電波姫☆いまりちゃん / さくらこはダムです / メル子大先生 / 明日香大明神 / 甲羅暮らしの201号,complete
3,390,em-edb254f0a679,カナちゃんのなごみ,41,5453,3408,2,heal,-0.1806,-0.239,0.5556,0.7361,電波姫☆いまりちゃん / さくらこはダムです / カナちゃんのなごみ / おあげさん / かんと師匠,電波姫☆いまりちゃん / さくらこはダムです / メル子大先生 / 明日香大明神 / 甲羅暮らしの201号,complete
3,391,em-86b9ae60356a,ブーナッドさま,14,2100,400,2,heal,-0.1667,-0.2394,0.5694,0.7361,電波姫☆いまりちゃん / 一葉ちゃんは作家さん / ブーナッドさま / 明日香大明神 / ロータス先輩,電波姫☆いまりちゃん / さくらこはダムです / メル子大先生 / 明日香大明神 / 甲羅暮らしの201号,complete
3,392,em-455191024aba,偉いぞさいごー丼,15,2718,1132,3,attribute_guard,-0.1667,-0.2394,0.5694,0.7361,電波姫☆いまりちゃん / さくらこはダムです / 偉いぞさいごー丼 / クレリゴス子様 / ガハラさん,電波姫☆いまりちゃん / さくらこはダムです / メル子大先生 / 明日香大明神 / 甲羅暮らしの201号,complete
3,393,em-4533a7697d48,謀反人ミッツ,60,6645,4430,3,damage_reduction,-0.1736,-0.2396,0.5625,0.7361,ハラショー☆ビッツェ / ペーチパイセン / 謀反人ミッツ / 明日香大明神 / zuス様とsiラ様,電波姫☆いまりちゃん / さくらこはダムです / メル子大先生 / 明日香大明神 / 甲羅暮らしの201号,complete
3,394,em-e175742da17f,恐怖！蟹男,9,700,600,2,guard,-0.1736,-0.2396,0.5625,0.7361,電波姫☆いまりちゃん / ペーチパイセン / 恐怖！蟹男 / 明日香大明神 / シンハ☆ラジャ様,電波姫☆いまりちゃん / さくらこはダムです / メル子大先生 / 明日香大明神 / 甲羅暮らしの201号,complete
3,395,em-59fa5fa098ba,繭神！おかいこさま,32,5027,1704,3,attribute_change,-0.1736,-0.2396,0.5625,0.7361,電波姫☆いまりちゃん / ペーチパイセン / 繭神！おかいこさま / 明日香大明神 / ロータス先輩,電波姫☆いまりちゃん / さくらこはダムです / メル子大先生 / 明日香大明神 / 甲羅暮らしの201号,complete
3,396,em-3776e81d3ee0,ヒポポタリーナ,23,3237,2862,3,multi_hit_attack,-0.1667,-0.2405,0.5694,0.7361,電波姫☆いまりちゃん / ペーチパイセン / ヒポポタリーナ / ウサポワンちゃん / リスマニア,電波姫☆いまりちゃん / さくらこはダムです / メル子大先生 / 明日香大明神 / 甲羅暮らしの201号,complete
3,397,em-e9b3dc6478a4,アヌラさま,33,2495,2978,2,attribute_guard,-0.1736,-0.2408,0.5625,0.7361,電波姫☆いまりちゃん / ペーチパイセン / アヌラさま / 明日香大明神 / ロータス先輩,電波姫☆いまりちゃん / さくらこはダムです / メル子大先生 / 明日香大明神 / 甲羅暮らしの201号,complete
3,398,em-e795d2bbe2f0,北政所ねね様,60,5623,4601,3,attribute_guard,-0.1736,-0.2408,0.5625,0.7361,ハラショー☆ビッツェ / ペーチパイセン / 北政所ねね様 / 明日香大明神 / zuス様とsiラ様,電波姫☆いまりちゃん / さくらこはダムです / メル子大先生 / 明日香大明神 / 甲羅暮らしの201号,complete
3,399,em-90e071b9735c,乗り海苔カスティリャ,16,2707,1223,2,attribute_guard,-0.1737,-0.2409,0.5624,0.7361,電波姫☆いまりちゃん / メムノン２８号 / 乗り海苔カスティリャ / 明日香大明神 / ロータス先輩,電波姫☆いまりちゃん / さくらこはダムです / メル子大先生 / 明日香大明神 / 甲羅暮らしの201号,complete
3,400,em-4e2a71a8e1a6,ハチモドキアブ,55,5623,6100,2,revive,-0.1667,-0.2416,0.5694,0.7361,ハラショー☆ビッツェ / さくらこはダムです / ハチモドキアブ / 明日香大明神 / zuス様とsiラ様,電波姫☆いまりちゃん / さくらこはダムです / メル子大先生 / 明日香大明神 / 甲羅暮らしの201号,complete
3,401,em-5f9efdc805e5,呼んでますトムさん,15,1269,1269,3,attribute_guard,-0.1667,-0.2416,0.5694,0.7361,電波姫☆いまりちゃん / ペーチパイセン / 呼んでますトムさん / クレリゴス子様 / まつやマン,電波姫☆いまりちゃん / さくらこはダムです / メル子大先生 / 明日香大明神 / 甲羅暮らしの201号,complete
3,402,em-a0159af9ab81,カネヒラくん,14,2385,2556,2,attribute_change,-0.1806,-0.2417,0.5556,0.7361,電波姫☆いまりちゃん / メムノン２８号 / カネヒラくん / 明日香大明神 / ロータス先輩,電波姫☆いまりちゃん / さくらこはダムです / メル子大先生 / 明日香大明神 / 甲羅暮らしの201号,complete
3,403,em-801d7ddfee5b,3年ε組！エレナ先生,43,4430,4260,3,attack_buff,-0.1806,-0.2417,0.5556,0.7361,電波姫☆いまりちゃん / ペーチパイセン / 3年ε組！エレナ先生 / おあげさん / かんと師匠,電波姫☆いまりちゃん / さくらこはダムです / メル子大先生 / 明日香大明神 / 甲羅暮らしの201号,complete
3,404,em-c5e484c5d286,マウント取瑠代,31,6076,1850,3,revive,-0.1736,-0.242,0.5625,0.7361,電波姫☆いまりちゃん / 一葉ちゃんは作家さん / マウント取瑠代 / 明日香大明神 / zuス様とsiラ様,電波姫☆いまりちゃん / さくらこはダムです / メル子大先生 / 明日香大明神 / 甲羅暮らしの201号,complete
3,405,em-4c982d8aff02,断然みっけ太郎,9,600,700,3,attribute_change,-0.1736,-0.242,0.5625,0.7361,電波姫☆いまりちゃん / ペーチパイセン / 断然みっけ太郎 / 明日香大明神 / シンハ☆ラジャ様,電波姫☆いまりちゃん / さくらこはダムです / メル子大先生 / 明日香大明神 / 甲羅暮らしの201号,complete
3,406,em-fea44f2a7dd8,だが男だ彦にゃん,15,2793,1132,3,skill_reduction,-0.1736,-0.242,0.5625,0.7361,電波姫☆いまりちゃん / 一葉ちゃんは作家さん / だが男だ彦にゃん / 明日香大明神 / ロータス先輩,電波姫☆いまりちゃん / さくらこはダムです / メル子大先生 / 明日香大明神 / 甲羅暮らしの201号,partial-skill-support
3,407,em-d67f8f409078,芋神よしあき,31,4130,2753,2,multi_hit_attack,-0.1736,-0.242,0.5625,0.7361,電波姫☆いまりちゃん / 一葉ちゃんは作家さん / 芋神よしあき / 明日香大明神 / zuス様とsiラ様,電波姫☆いまりちゃん / さくらこはダムです / メル子大先生 / 明日香大明神 / 甲羅暮らしの201号,complete
3,408,em-48fc0bb31337,踊る☆なまずおじさん,60,5793,2130,3,damage_reduction,-0.1736,-0.242,0.5625,0.7361,ハラショー☆ビッツェ / ペーチパイセン / 踊る☆なまずおじさん / おあげさん / かんと師匠,電波姫☆いまりちゃん / さくらこはダムです / メル子大先生 / 明日香大明神 / 甲羅暮らしの201号,complete
3,409,em-cf62aeacc244,やまたのおろちん,40,2726,2726,3,multi_hit_attack,-0.1736,-0.2431,0.5625,0.7361,ハラショー☆ビッツェ / 一葉ちゃんは作家さん / やまたのおろちん / 明日香大明神 / ロータス先輩,電波姫☆いまりちゃん / さくらこはダムです / メル子大先生 / 明日香大明神 / 甲羅暮らしの201号,complete
3,410,em-ba3d7a48680e,駆けよ！みるるん,10,600,700,2,attack_buff,-0.1736,-0.2431,0.5625,0.7361,電波姫☆いまりちゃん / ペーチパイセン / 駆けよ！みるるん / 明日香大明神 / シンハ☆ラジャ様,電波姫☆いまりちゃん / さくらこはダムです / メル子大先生 / 明日香大明神 / 甲羅暮らしの201号,complete
3,411,em-cdfbe8acd59f,はんばー先輩,24,4444,563,2,revive,-0.1736,-0.2443,0.5625,0.7361,電波姫☆いまりちゃん / 一葉ちゃんは作家さん / はんばー先輩 / 明日香大明神 / ロータス先輩,電波姫☆いまりちゃん / さくらこはダムです / メル子大先生 / 明日香大明神 / 甲羅暮らしの201号,complete
3,412,em-71504e292ebf,キャミー・the.女,13,1208,2567,3,heal,-0.1736,-0.2443,0.5625,0.7361,電波姫☆いまりちゃん / 一葉ちゃんは作家さん / キャミー・the.女 / 明日香大明神 / ロータス先輩,電波姫☆いまりちゃん / さくらこはダムです / メル子大先生 / 明日香大明神 / 甲羅暮らしの201号,complete
3,413,em-15b63ea7b4c3,タオるんさん先輩師匠,14,1510,2180,2,attribute_guard,-0.1736,-0.2443,0.5625,0.7361,電波姫☆いまりちゃん / 一葉ちゃんは作家さん / タオるんさん先輩師匠 / 明日香大明神 / ロータス先輩,電波姫☆いまりちゃん / さくらこはダムです / メル子大先生 / 明日香大明神 / 甲羅暮らしの201号,complete
3,414,em-86055d05ee01,ラムネ少女じゅんちゃん,14,2113,2113,2,heal,-0.1736,-0.2443,0.5625,0.7361,電波姫☆いまりちゃん / 一葉ちゃんは作家さん / ラムネ少女じゅんちゃん / 明日香大明神 / ロータス先輩,電波姫☆いまりちゃん / さくらこはダムです / メル子大先生 / 明日香大明神 / 甲羅暮らしの201号,complete
3,415,em-a04fcf6167db,いはと先生,17,2093,3059,3,delay,-0.1736,-0.2443,0.5625,0.7361,電波姫☆いまりちゃん / 一葉ちゃんは作家さん / いはと先生 / 明日香大明神 / ロータス先輩,電波姫☆いまりちゃん / さくらこはダムです / メル子大先生 / 明日香大明神 / 甲羅暮らしの201号,partial-skill-support
3,416,em-2f9e3ad50fc8,やまなしーヌの心,25,2415,2576,3,skill_reduction,-0.1736,-0.2443,0.5625,0.7361,電波姫☆いまりちゃん / 一葉ちゃんは作家さん / やまなしーヌの心 / 明日香大明神 / ロータス先輩,電波姫☆いまりちゃん / さくらこはダムです / メル子大先生 / 明日香大明神 / 甲羅暮らしの201号,partial-skill-support
3,417,em-88028fdebb04,オペラハウス侯爵,24,3154,3177,3,revive,-0.1736,-0.2443,0.5625,0.7361,電波姫☆いまりちゃん / 一葉ちゃんは作家さん / オペラハウス侯爵 / 明日香大明神 / ロータス先輩,電波姫☆いまりちゃん / さくらこはダムです / メル子大先生 / 明日香大明神 / 甲羅暮らしの201号,complete
3,418,em-ada22420f568,奈良ヘンドリックス,13,1596,1596,2,attack_buff,-0.1736,-0.2454,0.5625,0.7361,電波姫☆いまりちゃん / 一葉ちゃんは作家さん / 奈良ヘンドリックス / 明日香大明神 / ロータス先輩,電波姫☆いまりちゃん / さくらこはダムです / メル子大先生 / 明日香大明神 / 甲羅暮らしの201号,complete
3,419,em-0592fa7cc27f,クェーサルと仲間たち,18,3542,2898,3,multi_hit_attack,-0.1736,-0.2454,0.5625,0.7361,電波姫☆いまりちゃん / 一葉ちゃんは作家さん / クェーサルと仲間たち / 明日香大明神 / ロータス先輩,電波姫☆いまりちゃん / さくらこはダムです / メル子大先生 / 明日香大明神 / 甲羅暮らしの201号,complete
3,420,em-59636157ae2e,コーベンパイア天爵,45,5282,1757,2,damage_reduction,-0.1736,-0.2454,0.5625,0.7361,ハラショー☆ビッツェ / ペーチパイセン / コーベンパイア天爵 / しずこ大先生 / かんと師匠,電波姫☆いまりちゃん / さくらこはダムです / メル子大先生 / 明日香大明神 / 甲羅暮らしの201号,complete
3,421,em-c545b5a51997,トリニダの怪人,13,4077,1057,2,skill_reduction,-0.1806,-0.2467,0.5556,0.7361,電波姫☆いまりちゃん / メムノン２８号 / トリニダの怪人 / 明日香大明神 / ロータス先輩,電波姫☆いまりちゃん / さくらこはダムです / メル子大先生 / 明日香大明神 / 甲羅暮らしの201号,partial-skill-support
3,422,em-58dbb7bc9653,六点魔王ノッブ,58,3408,5964,3,multi_hit_attack,-0.1806,-0.2467,0.5556,0.7361,ハラショー☆ビッツェ / ペーチパイセン / 六点魔王ノッブ / おあげさん / かんと師匠,電波姫☆いまりちゃん / さくらこはダムです / メル子大先生 / 明日香大明神 / 甲羅暮らしの201号,complete
3,423,em-30058093183f,ダイソナールの竜也,48,2044,7497,3,attack_buff,-0.1736,-0.2476,0.5625,0.7361,ハラショー☆ビッツェ / ペーチパイセン / ダイソナールの竜也 / 明日香大明神 / ロータス先輩,電波姫☆いまりちゃん / さくらこはダムです / メル子大先生 / 明日香大明神 / 甲羅暮らしの201号,complete
3,424,em-f53a8e32830d,カナちゃんだし,10,800,800,2,heal,-0.1806,-0.2502,0.5556,0.7361,電波姫☆いまりちゃん / ペーチパイセン / カナちゃんだし / 明日香大明神 / シンハ☆ラジャ様,電波姫☆いまりちゃん / さくらこはダムです / メル子大先生 / 明日香大明神 / 甲羅暮らしの201号,complete
3,425,em-492dd4b96b0e,中央アルプスの少年,12,800,600,2,damage_reduction,-0.1806,-0.2502,0.5556,0.7361,電波姫☆いまりちゃん / メムノン２８号 / 中央アルプスの少年 / 明日香大明神 / ロータス先輩,電波姫☆いまりちゃん / さくらこはダムです / メル子大先生 / 明日香大明神 / 甲羅暮らしの201号,complete
3,426,em-8646cdffe6eb,ブーナッドさん,12,1700,300,3,heal,-0.1806,-0.2502,0.5556,0.7361,電波姫☆いまりちゃん / メムノン２８号 / ブーナッドさん / 明日香大明神 / ロータス先輩,電波姫☆いまりちゃん / さくらこはダムです / メル子大先生 / 明日香大明神 / 甲羅暮らしの201号,complete
3,427,em-fe89d9d421f3,竜也エボリューション,45,2044,6305,3,attack_buff,-0.1806,-0.2502,0.5556,0.7361,ラグーン☆南 / ペーチパイセン / 竜也エボリューション / 明日香大明神 / ロータス先輩,電波姫☆いまりちゃん / さくらこはダムです / メル子大先生 / 明日香大明神 / 甲羅暮らしの201号,complete
3,428,em-7f18b9c64c74,家族贖罪という字面,40,5964,1704,3,damage_reduction,-0.1736,-0.2508,0.5625,0.7361,ハラショー☆ビッツェ / 一葉ちゃんは作家さん / 家族贖罪という字面 / 明日香大明神 / ロータス先輩,電波姫☆いまりちゃん / さくらこはダムです / メル子大先生 / 明日香大明神 / 甲羅暮らしの201号,complete
3,429,em-e931902358ae,弘法大師Ｑ改,15,1359,1963,3,skill_reduction,-0.1806,-0.2514,0.5556,0.7361,電波姫☆いまりちゃん / 一葉ちゃんは作家さん / 弘法大師Ｑ改 / 明日香大明神 / ロータス先輩,電波姫☆いまりちゃん / さくらこはダムです / メル子大先生 / 明日香大明神 / 甲羅暮らしの201号,partial-skill-support
3,430,em-f5c067498bab,深窓のやまなしーヌ,17,1661,1812,3,skill_reduction,-0.1806,-0.2514,0.5556,0.7361,電波姫☆いまりちゃん / 一葉ちゃんは作家さん / 深窓のやまなしーヌ / 明日香大明神 / ロータス先輩,電波姫☆いまりちゃん / さくらこはダムです / メル子大先生 / 明日香大明神 / 甲羅暮らしの201号,partial-skill-support
3,431,em-fd111e204918,アルビールパイセン,19,467,2608,3,delay,-0.1806,-0.2514,0.5556,0.7361,電波姫☆いまりちゃん / 一葉ちゃんは作家さん / アルビールパイセン / 明日香大明神 / ロータス先輩,電波姫☆いまりちゃん / さくらこはダムです / メル子大先生 / 明日香大明神 / 甲羅暮らしの201号,partial-skill-support
3,432,em-ed21bd124ab2,牛タソ☆行進曲,14,755,1812,2,guard,-0.1806,-0.2514,0.5556,0.7361,ラグーン☆南 / ペーチパイセン / 牛タソ☆行進曲 / クレリゴス子様 / 頑張るハクさん,電波姫☆いまりちゃん / さくらこはダムです / メル子大先生 / 明日香大明神 / 甲羅暮らしの201号,complete
3,433,em-9f12b7859731,マプングブエの戦士,43,6584,3292,3,multi_hit_attack,-0.1944,-0.2518,0.5417,0.7361,電波姫☆いまりちゃん / ペーチパイセン / マプングブエの戦士 / 明日香大明神 / zuス様とsiラ様,電波姫☆いまりちゃん / さくらこはダムです / メル子大先生 / 明日香大明神 / 甲羅暮らしの201号,complete
3,434,em-af9542637cdd,群れを成すサルパ,28,5453,756,2,multi_hit_attack,-0.1875,-0.2526,0.5486,0.7361,電波姫☆いまりちゃん / ペーチパイセン / 群れを成すサルパ / ウサポワンちゃん / 頑張るハクさん,電波姫☆いまりちゃん / さくらこはダムです / メル子大先生 / 明日香大明神 / 甲羅暮らしの201号,complete
3,435,em-438753e77e6c,デロスの月陽姉弟,41,3237,5453,2,heal,-0.1875,-0.2526,0.5486,0.7361,電波姫☆いまりちゃん / さくらこはダムです / デロスの月陽姉弟 / おあげさん / 頑張るハクさん,電波姫☆いまりちゃん / さくらこはダムです / メル子大先生 / 明日香大明神 / 甲羅暮らしの201号,complete
3,436,em-fabca79c33ab,泰山春秋さん,40,5112,2633,3,revive,-0.1875,-0.2526,0.5486,0.7361,電波姫☆いまりちゃん / さくらこはダムです / 泰山春秋さん / おあげさん / かんと師匠,電波姫☆いまりちゃん / さくらこはダムです / メル子大先生 / 明日香大明神 / 甲羅暮らしの201号,complete
3,437,em-f8e6761b2883,青龍,36,1704,6816,3,attack_buff,-0.2014,-0.2531,0.5347,0.7361,電波姫☆いまりちゃん / さくらこはダムです / 青龍 / 明日香大明神 / ロータス先輩,電波姫☆いまりちゃん / さくらこはダムです / メル子大先生 / 明日香大明神 / 甲羅暮らしの201号,complete
3,438,em-6262a008b5c9,脱力コンビあろま＆るる,38,3067,5623,2,skill_reduction,-0.1944,-0.2532,0.5417,0.7361,電波姫☆いまりちゃん / ペーチパイセン / 脱力コンビあろま＆るる / 明日香大明神 / ロータス先輩,電波姫☆いまりちゃん / さくらこはダムです / メル子大先生 / 明日香大明神 / 甲羅暮らしの201号,partial-skill-support
3,439,em-52c5ebfefb96,一服のうっぴー,42,6475,3408,3,heal,-0.1944,-0.2532,0.5417,0.7361,電波姫☆いまりちゃん / さくらこはダムです / 一服のうっぴー / 明日香大明神 / zuス様とsiラ様,電波姫☆いまりちゃん / さくらこはダムです / メル子大先生 / 明日香大明神 / 甲羅暮らしの201号,complete
3,440,em-9d5a58645c8c,カロニスタ・ヴェニ子,37,4444,4444,2,attack_buff,-0.1944,-0.2532,0.5417,0.7361,電波姫☆いまりちゃん / ペーチパイセン / カロニスタ・ヴェニ子 / 明日香大明神 / ロータス先輩,電波姫☆いまりちゃん / さくらこはダムです / メル子大先生 / 明日香大明神 / 甲羅暮らしの201号,complete
3,441,em-879d09afc46a,アイアン下仁田,17,907,900,2,guard,-0.1806,-0.2547,0.5556,0.7361,電波姫☆いまりちゃん / 一葉ちゃんは作家さん / アイアン下仁田 / 明日香大明神 / ロータス先輩,電波姫☆いまりちゃん / さくらこはダムです / メル子大先生 / 明日香大明神 / 甲羅暮らしの201号,complete
3,442,em-1dbd8ae5b939,国宝！白鷺嬢,12,1200,500,3,heal,-0.1875,-0.255,0.5486,0.7361,電波姫☆いまりちゃん / メムノン２８号 / 国宝！白鷺嬢 / 明日香大明神 / ロータス先輩,電波姫☆いまりちゃん / さくらこはダムです / メル子大先生 / 明日香大明神 / 甲羅暮らしの201号,complete
3,443,em-e626c795c8a8,スミス＆エズ,12,1200,400,3,attribute_guard,-0.1875,-0.255,0.5486,0.7361,電波姫☆いまりちゃん / ペーチパイセン / スミス＆エズ / クレリゴス子様 / zuス様とsiラ様,電波姫☆いまりちゃん / さくらこはダムです / メル子大先生 / 明日香大明神 / 甲羅暮らしの201号,complete
3,444,em-dba7b79429bc,サルパ王＆女王,60,5453,3748,2,multi_hit_attack,-0.1875,-0.255,0.5486,0.7361,ハラショー☆ビッツェ / ペーチパイセン / サルパ王＆女王 / 明日香大明神 / zuス様とsiラ様,電波姫☆いまりちゃん / さくらこはダムです / メル子大先生 / 明日香大明神 / 甲羅暮らしの201号,complete
3,445,em-357d76cd5b69,のり男さん,5,424,356,3,attribute_guard,-0.1875,-0.255,0.5486,0.7361,電波姫☆いまりちゃん / 一葉ちゃんは作家さん / のり男さん / クレリゴス子様 / ガハラさん,電波姫☆いまりちゃん / さくらこはダムです / メル子大先生 / 明日香大明神 / 甲羅暮らしの201号,complete
3,446,em-ec43e91715ed,大谷雪之ちゃん,13,3171,604,2,damage_reduction,-0.1875,-0.255,0.5486,0.7361,ラグーン☆南 / さくらこはダムです / 大谷雪之ちゃん / クレリゴス子様 / 頑張るハクさん,電波姫☆いまりちゃん / さくらこはダムです / メル子大先生 / 明日香大明神 / 甲羅暮らしの201号,complete
3,447,em-c3ea022d7d2f,にゅーさん,12,500,1900,3,guard,-0.1944,-0.2559,0.5417,0.7361,電波姫☆いまりちゃん / さくらこはダムです / にゅーさん / 明日香大明神 / うまうーさん♪,電波姫☆いまりちゃん / さくらこはダムです / メル子大先生 / 明日香大明神 / 甲羅暮らしの201号,complete
3,448,em-361f82120d03,オイボくん,40,6645,2556,2,attack_buff,-0.2014,-0.2561,0.5347,0.7361,電波姫☆いまりちゃん / さくらこはダムです / オイボくん / 明日香大明神 / zuス様とsiラ様,電波姫☆いまりちゃん / さくらこはダムです / メル子大先生 / 明日香大明神 / 甲羅暮らしの201号,complete
3,449,em-bb2bd26d4796,のり男の浪漫,36,3098,2695,2,attribute_guard,-0.1875,-0.2562,0.5486,0.7361,ハラショー☆ビッツェ / ペーチパイセン / のり男の浪漫 / 電波姫☆いまりちゃん / 頑張るハクさん,電波姫☆いまりちゃん / さくらこはダムです / メル子大先生 / 明日香大明神 / 甲羅暮らしの201号,complete
3,450,em-1f792483ea28,伝説のタミちゃん,10,514,466,3,attribute_guard,-0.1875,-0.2562,0.5486,0.7361,電波姫☆いまりちゃん / ペーチパイセン / 伝説のタミちゃん / 明日香大明神 / シンハ☆ラジャ様,電波姫☆いまりちゃん / さくらこはダムです / メル子大先生 / 明日香大明神 / 甲羅暮らしの201号,complete
3,451,em-a9738b409d24,カジランガ守り隊員,45,7668,1533,2,attack_buff,-0.1944,-0.2572,0.5417,0.7361,電波姫☆いまりちゃん / ペーチパイセン / カジランガ守り隊員 / 明日香大明神 / zuス様とsiラ様,電波姫☆いまりちゃん / さくらこはダムです / メル子大先生 / 明日香大明神 / 甲羅暮らしの201号,complete
3,452,em-c912b76e4dda,妖怪雪愛さま,15,950,1350,2,attribute_change,-0.1875,-0.2573,0.5486,0.7361,電波姫☆いまりちゃん / 一葉ちゃんは作家さん / 妖怪雪愛さま / 明日香大明神 / ロータス先輩,電波姫☆いまりちゃん / さくらこはダムです / メル子大先生 / 明日香大明神 / 甲羅暮らしの201号,complete
3,453,em-e5027c0cc6fa,みかんの姐御,17,2265,1510,3,aoe_attack,-0.1875,-0.2573,0.5486,0.7361,電波姫☆いまりちゃん / ペーチパイセン / みかんの姐御 / しずこ大先生 / リスマニア,電波姫☆いまりちゃん / さくらこはダムです / メル子大先生 / 明日香大明神 / 甲羅暮らしの201号,complete
3,454,em-80894fcaa10c,とんこつ神！博多美子,40,4089,5350,3,attack_buff,-0.2014,-0.2575,0.5347,0.7361,電波姫☆いまりちゃん / さくらこはダムです / とんこつ神！博多美子 / 明日香大明神 / zuス様とsiラ様,電波姫☆いまりちゃん / さくらこはダムです / メル子大先生 / 明日香大明神 / 甲羅暮らしの201号,complete
3,455,em-a9f11e917d08,さふらんボルギーニャ,40,5163,3970,3,skill_reduction,-0.2014,-0.2575,0.5347,0.7361,電波姫☆いまりちゃん / さくらこはダムです / さふらんボルギーニャ / 明日香大明神 / zuス様とsiラ様,電波姫☆いまりちゃん / さくらこはダムです / メル子大先生 / 明日香大明神 / 甲羅暮らしの201号,partial-skill-support
3,456,em-e900d5955acf,凄いぞさいごー丼,13,1050,650,3,attribute_guard,-0.1806,-0.2579,0.5556,0.7361,ラグーン☆南 / さくらこはダムです / 凄いぞさいごー丼 / クレリゴス子様 / 頑張るハクさん,電波姫☆いまりちゃん / さくらこはダムです / メル子大先生 / 明日香大明神 / 甲羅暮らしの201号,complete
3,457,em-4352c1e3cc20,恋する☆にいがタン,19,4508,1610,3,attribute_guard,-0.1944,-0.2584,0.5417,0.7361,電波姫☆いまりちゃん / ペーチパイセン / 恋する☆にいがタン / クレリゴス子様 / ガハラさん,電波姫☆いまりちゃん / さくらこはダムです / メル子大先生 / 明日香大明神 / 甲羅暮らしの201号,complete
3,458,em-4e3940289203,スーパー軍師兵衛ズ,60,7838,2385,3,skill_reduction,-0.1944,-0.2584,0.5417,0.7361,ハラショー☆ビッツェ / ペーチパイセン / スーパー軍師兵衛ズ / 明日香大明神 / zuス様とsiラ様,電波姫☆いまりちゃん / さくらこはダムです / メル子大先生 / 明日香大明神 / 甲羅暮らしの201号,partial-skill-support
3,459,em-e63df2359896,世界遺産な白鷺嬢,15,2100,600,3,heal,-0.1875,-0.2585,0.5486,0.7361,電波姫☆いまりちゃん / 一葉ちゃんは作家さん / 世界遺産な白鷺嬢 / 明日香大明神 / ロータス先輩,電波姫☆いまりちゃん / さくらこはダムです / メル子大先生 / 明日香大明神 / 甲羅暮らしの201号,complete
3,460,em-53a13d10258e,コドモドラゴン！,10,1833,987,3,damage_reduction,-0.1875,-0.2585,0.5486,0.7361,電波姫☆いまりちゃん / ペーチパイセン / コドモドラゴン！ / クレリゴス子様 / zuス様とsiラ様,電波姫☆いまりちゃん / さくらこはダムです / メル子大先生 / 明日香大明神 / 甲羅暮らしの201号,complete
3,461,em-d0ab149939aa,製鉄所★澤先輩,24,5313,1771,3,skill_reduction,-0.1875,-0.2585,0.5486,0.7361,電波姫☆いまりちゃん / 一葉ちゃんは作家さん / 製鉄所★澤先輩 / 明日香大明神 / ロータス先輩,電波姫☆いまりちゃん / さくらこはダムです / メル子大先生 / 明日香大明神 / 甲羅暮らしの201号,partial-skill-support
3,462,em-e15fbf6ecd0c,シャーロック&エッジュ,41,4260,5112,2,skill_reduction,-0.2014,-0.2589,0.5347,0.7361,電波姫☆いまりちゃん / さくらこはダムです / シャーロック&エッジュ / 明日香大明神 / zuス様とsiラ様,電波姫☆いまりちゃん / さくらこはダムです / メル子大先生 / 明日香大明神 / 甲羅暮らしの201号,partial-skill-support
3,463,em-fbb333645878,戸隠ちび大助,14,226,2193,2,attack_buff,-0.1875,-0.2596,0.5486,0.7361,電波姫☆いまりちゃん / 一葉ちゃんは作家さん / 戸隠ちび大助 / 明日香大明神 / ロータス先輩,電波姫☆いまりちゃん / さくらこはダムです / メル子大先生 / 明日香大明神 / 甲羅暮らしの201号,complete
3,464,em-83954a93a691,閃きのヒラメちゃん,60,6560,4430,2,attribute_change,-0.1875,-0.2596,0.5486,0.7361,ハラショー☆ビッツェ / ペーチパイセン / 閃きのヒラメちゃん / 明日香大明神 / zuス様とsiラ様,電波姫☆いまりちゃん / さくらこはダムです / メル子大先生 / 明日香大明神 / 甲羅暮らしの201号,complete
3,465,em-d5ed773d56cd,夏至祭のヴァサクサ君,18,3976,2156,2,skill_reduction,-0.1875,-0.2596,0.5486,0.7361,電波姫☆いまりちゃん / 一葉ちゃんは作家さん / 夏至祭のヴァサクサ君 / 明日香大明神 / ロータス先輩,電波姫☆いまりちゃん / さくらこはダムです / メル子大先生 / 明日香大明神 / 甲羅暮らしの201号,partial-skill-support
3,466,em-050f0ee87c24,妖精雪愛さん,12,770,830,2,attribute_change,-0.1944,-0.2597,0.5417,0.7361,電波姫☆いまりちゃん / メムノン２８号 / 妖精雪愛さん / 明日香大明神 / ロータス先輩,電波姫☆いまりちゃん / さくらこはダムです / メル子大先生 / 明日香大明神 / 甲羅暮らしの201号,complete
3,467,em-4b42211e8e80,ナモミさん,12,200,1200,2,attack_buff,-0.1944,-0.2597,0.5417,0.7361,電波姫☆いまりちゃん / メムノン２８号 / ナモミさん / 明日香大明神 / ロータス先輩,電波姫☆いまりちゃん / さくらこはダムです / メル子大先生 / 明日香大明神 / 甲羅暮らしの201号,complete
3,468,em-09a7a163b0cd,沼南ぱモーセ,38,2556,5623,2,attack_buff,-0.1944,-0.2597,0.5417,0.7361,電波姫☆いまりちゃん / ペーチパイセン / 沼南ぱモーセ / 明日香大明神 / ロータス先輩,電波姫☆いまりちゃん / さくらこはダムです / メル子大先生 / 明日香大明神 / 甲羅暮らしの201号,complete
3,469,em-6b657d937678,ゆうれい寺の幽子さん,40,6816,1874,2,attack_buff,-0.2014,-0.2603,0.5347,0.7361,電波姫☆いまりちゃん / さくらこはダムです / ゆうれい寺の幽子さん / 明日香大明神 / zuス様とsiラ様,電波姫☆いまりちゃん / さくらこはダムです / メル子大先生 / 明日香大明神 / 甲羅暮らしの201号,complete
3,470,em-0984e8e9ee06,加賀のカブキ者,60,4430,6816,2,attack_buff,-0.1875,-0.2607,0.5486,0.7361,ハラショー☆ビッツェ / ペーチパイセン / 加賀のカブキ者 / おあげさん / かんと師匠,電波姫☆いまりちゃん / さくらこはダムです / メル子大先生 / 明日香大明神 / 甲羅暮らしの201号,complete
3,471,em-be212cb2b1d8,いはとさん,12,760,840,3,delay,-0.1944,-0.2609,0.5417,0.7361,電波姫☆いまりちゃん / メムノン２８号 / いはとさん / 明日香大明神 / ロータス先輩,電波姫☆いまりちゃん / さくらこはダムです / メル子大先生 / 明日香大明神 / 甲羅暮らしの201号,partial-skill-support
3,472,em-16f5c5743e68,駆けろわだっしー,42,1559,4968,2,attack_buff,-0.1944,-0.2609,0.5417,0.7361,電波姫☆いまりちゃん / ペーチパイセン / 駆けろわだっしー / 明日香大明神 / zuス様とsiラ様,電波姫☆いまりちゃん / さくらこはダムです / メル子大先生 / 明日香大明神 / 甲羅暮らしの201号,complete
3,473,em-10adad665687,コマンドー下仁田,13,597,614,3,guard,-0.1875,-0.2629,0.5486,0.7361,電波姫☆いまりちゃん / 一葉ちゃんは作家さん / コマンドー下仁田 / 明日香大明神 / ロータス先輩,電波姫☆いまりちゃん / さくらこはダムです / メル子大先生 / 明日香大明神 / 甲羅暮らしの201号,complete
3,474,em-f69cec08bbe4,魔女っ魚☆メルルン,41,3834,4345,2,skill_reduction,-0.2083,-0.2631,0.5278,0.7361,電波姫☆いまりちゃん / さくらこはダムです / 魔女っ魚☆メルルン / 明日香大明神 / zuス様とsiラ様,電波姫☆いまりちゃん / さくらこはダムです / メル子大先生 / 明日香大明神 / 甲羅暮らしの201号,partial-skill-support
3,475,em-37e222cb9f2b,いんばーぬたん,53,3748,4771,2,attack_buff,-0.1944,-0.2633,0.5417,0.7361,ハラショー☆ビッツェ / ペーチパイセン / いんばーぬたん / 明日香大明神 / ロータス先輩,電波姫☆いまりちゃん / さくらこはダムです / メル子大先生 / 明日香大明神 / 甲羅暮らしの201号,complete
3,476,em-377a00f7a666,のり男,4,334,278,3,attribute_guard,-0.1944,-0.2633,0.5417,0.7361,電波姫☆いまりちゃん / 一葉ちゃんは作家さん / のり男 / クレリゴス子様 / ガハラさん,電波姫☆いまりちゃん / さくらこはダムです / メル子大先生 / 明日香大明神 / 甲羅暮らしの201号,complete
3,477,em-cf3fd175f595,プチさんグロさん,27,2807,2895,2,aoe_attack,-0.2014,-0.2643,0.5347,0.7361,電波姫☆いまりちゃん / 一葉ちゃんは作家さん / プチさんグロさん / おあげさん / 頑張るハクさん,電波姫☆いまりちゃん / さくらこはダムです / メル子大先生 / 明日香大明神 / 甲羅暮らしの201号,complete
3,478,em-d77542ffe604,?????,42,6475,3067,2,attack_buff,-0.2083,-0.2646,0.5278,0.7361,電波姫☆いまりちゃん / さくらこはダムです / ????? / 明日香大明神 / zuス様とsiラ様,電波姫☆いまりちゃん / さくらこはダムです / メル子大先生 / 明日香大明神 / 甲羅暮らしの201号,complete
3,479,em-14092b64f08d,コハク糖の魔導師,46,4379,5367,3,attribute_change,-0.1875,-0.265,0.5486,0.7361,ハラショー☆ビッツェ / ペーチパイセン / コハク糖の魔導師 / ウサポワンちゃん / 頑張るハクさん,電波姫☆いまりちゃん / さくらこはダムです / メル子大先生 / 明日香大明神 / 甲羅暮らしの201号,complete
3,480,em-0b273c3da2d3,ぴぐぺん＆びぐべん,12,700,900,2,attack_buff,-0.2014,-0.2655,0.5347,0.7361,電波姫☆いまりちゃん / メムノン２８号 / ぴぐぺん＆びぐべん / 明日香大明神 / ロータス先輩,電波姫☆いまりちゃん / さくらこはダムです / メル子大先生 / 明日香大明神 / 甲羅暮らしの201号,complete
3,481,em-4d4bf14cc827,いはと先輩,15,1000,1400,3,delay,-0.1944,-0.2656,0.5417,0.7361,電波姫☆いまりちゃん / 一葉ちゃんは作家さん / いはと先輩 / 明日香大明神 / ロータス先輩,電波姫☆いまりちゃん / さくらこはダムです / メル子大先生 / 明日香大明神 / 甲羅暮らしの201号,partial-skill-support
3,482,em-c816189f2294,ブッダがやって来る！,17,1510,1510,2,delay,-0.1944,-0.2656,0.5417,0.7361,電波姫☆いまりちゃん / 一葉ちゃんは作家さん / ブッダがやって来る！ / 明日香大明神 / ロータス先輩,電波姫☆いまりちゃん / さくらこはダムです / メル子大先生 / 明日香大明神 / 甲羅暮らしの201号,partial-skill-support
3,483,em-31f11b9a8df8,ももとふFREEダム,40,3408,4260,3,heal,-0.2083,-0.266,0.5278,0.7361,電波姫☆いまりちゃん / さくらこはダムです / ももとふFREEダム / 明日香大明神 / zuス様とsiラ様,電波姫☆いまりちゃん / さくらこはダムです / メル子大先生 / 明日香大明神 / 甲羅暮らしの201号,complete
3,484,em-26ea85de7340,のり男先輩,7,534,446,3,attribute_guard,-0.1944,-0.2667,0.5417,0.7361,電波姫☆いまりちゃん / さくらこはダムです / のり男先輩 / クレリゴス子様 / かんと師匠,電波姫☆いまりちゃん / さくらこはダムです / メル子大先生 / 明日香大明神 / 甲羅暮らしの201号,complete
3,485,em-825d090d7d15,比保々田 真純,31,4601,3714,2,multi_hit_attack,-0.1944,-0.2667,0.5417,0.7361,電波姫☆いまりちゃん / 一葉ちゃんは作家さん / 比保々田 真純 / 明日香大明神 / zuス様とsiラ様,電波姫☆いまりちゃん / さくらこはダムです / メル子大先生 / 明日香大明神 / 甲羅暮らしの201号,complete
3,486,em-59a8f156dec4,クロアリ,60,4089,4089,3,multi_hit_attack,-0.2014,-0.2668,0.5347,0.7361,ハラショー☆ビッツェ / ペーチパイセン / クロアリ / 明日香大明神 / zuス様とsiラ様,電波姫☆いまりちゃん / さくらこはダムです / メル子大先生 / 明日香大明神 / 甲羅暮らしの201号,complete
3,487,em-dce9e83b7c07,長靴履いたなろう猫,42,3786,2726,3,attribute_change,-0.2153,-0.2672,0.5208,0.7361,電波姫☆いまりちゃん / さくらこはダムです / 長靴履いたなろう猫 / 明日香大明神 / zuス様とsiラ様,電波姫☆いまりちゃん / さくらこはダムです / メル子大先生 / 明日香大明神 / 甲羅暮らしの201号,complete
3,488,em-272a71a9c15d,キラカードなエッシュ,12,1812,1510,3,skill_reduction,-0.2014,-0.268,0.5347,0.7361,電波姫☆いまりちゃん / メムノン２８号 / キラカードなエッシュ / 明日香大明神 / ロータス先輩,電波姫☆いまりちゃん / さくらこはダムです / メル子大先生 / 明日香大明神 / 甲羅暮らしの201号,partial-skill-support
3,489,em-615e4701fc7f,華麗！いつくしーみん,12,660,1040,2,attack_buff,-0.2014,-0.268,0.5347,0.7361,電波姫☆いまりちゃん / メムノン２８号 / 華麗！いつくしーみん / 明日香大明神 / ロータス先輩,電波姫☆いまりちゃん / さくらこはダムです / メル子大先生 / 明日香大明神 / 甲羅暮らしの201号,complete
3,490,em-6c5a2955b199,ほぼネ甲ネイ・テウケ,26,3059,2737,2,attack_buff,-0.2014,-0.268,0.5347,0.7361,電波姫☆いまりちゃん / ペーチパイセン / ほぼネ甲ネイ・テウケ / ウサポワンちゃん / 頑張るハクさん,電波姫☆いまりちゃん / さくらこはダムです / メル子大先生 / 明日香大明神 / 甲羅暮らしの201号,complete
3,491,em-474d7b7d3bbe,イチャン～(から),26,3606,2850,2,aoe_attack,-0.2083,-0.27,0.5278,0.7361,電波姫☆いまりちゃん / 一葉ちゃんは作家さん / イチャン～(から) / おあげさん / 頑張るハクさん,電波姫☆いまりちゃん / さくらこはダムです / メル子大先生 / 明日香大明神 / 甲羅暮らしの201号,complete
3,492,em-d2350f280cb8,伊賀NINJA!,40,1704,5112,3,skill_reduction,-0.2153,-0.2702,0.5208,0.7361,電波姫☆いまりちゃん / さくらこはダムです / 伊賀NINJA! / 明日香大明神 / zuス様とsiラ様,電波姫☆いまりちゃん / さくらこはダムです / メル子大先生 / 明日香大明神 / 甲羅暮らしの201号,partial-skill-support
3,493,em-90f39743f105,伝説の牛タソ,19,2269,302,3,guard,-0.1875,-0.2709,0.5486,0.7361,ハラショー☆ビッツェ / さくらこはダムです / 伝説の牛タソ / クレリゴス子様 / 頑張るハクさん,電波姫☆いまりちゃん / さくらこはダムです / メル子大先生 / 明日香大明神 / 甲羅暮らしの201号,complete
3,494,em-30e2f325f3af,尾索戦隊ｻﾙﾊﾟﾝｼﾞｬｰ,28,4907,1022,2,multi_hit_attack,-0.2083,-0.2713,0.5278,0.7361,電波姫☆いまりちゃん / ペーチパイセン / 尾索戦隊ｻﾙﾊﾟﾝｼﾞｬｰ / ウサポワンちゃん / 頑張るハクさん,電波姫☆いまりちゃん / さくらこはダムです / メル子大先生 / 明日香大明神 / 甲羅暮らしの201号,complete
3,495,em-199bdad6398b,なるティス,12,1000,900,3,attack_buff,-0.2014,-0.2726,0.5347,0.7361,電波姫☆いまりちゃん / メムノン２８号 / なるティス / 明日香大明神 / ロータス先輩,電波姫☆いまりちゃん / さくらこはダムです / メル子大先生 / 明日香大明神 / 甲羅暮らしの201号,complete
3,496,em-842f3d28d20e,のり男師匠,8,1285,1118,2,attribute_guard,-0.1944,-0.273,0.5417,0.7361,電波姫☆いまりちゃん / さくらこはダムです / のり男師匠 / クレリゴス子様 / zuス様とsiラ様,電波姫☆いまりちゃん / さくらこはダムです / メル子大先生 / 明日香大明神 / 甲羅暮らしの201号,complete
3,497,em-fe5ed60fbf2d,強いぞさいごー丼,9,930,574,3,attribute_guard,-0.2014,-0.2737,0.5347,0.7361,電波姫☆いまりちゃん / ペーチパイセン / 強いぞさいごー丼 / クレリゴス子様 / かんと師匠,電波姫☆いまりちゃん / さくらこはダムです / メル子大先生 / 明日香大明神 / 甲羅暮らしの201号,complete
3,498,em-d695befcbdc2,収穫☆にいがタン,26,4508,3655,3,attribute_guard,-0.2083,-0.2738,0.5278,0.7361,電波姫☆いまりちゃん / さくらこはダムです / 収穫☆にいがタン / しずこ大先生 / 頑張るハクさん,電波姫☆いまりちゃん / さくらこはダムです / メル子大先生 / 明日香大明神 / 甲羅暮らしの201号,complete
3,499,em-6193e7af4d97,がうがうは考える,44,1704,5964,3,damage_reduction,-0.2083,-0.2762,0.5278,0.7361,電波姫☆いまりちゃん / ペーチパイセン / がうがうは考える / 明日香大明神 / zuス様とsiラ様,電波姫☆いまりちゃん / さくらこはダムです / メル子大先生 / 明日香大明神 / 甲羅暮らしの201号,complete
3,500,em-67086191a83f,マダラなシオマネキ君,27,5490,1059,2,attribute_guard,-0.2083,-0.2762,0.5278,0.7361,電波姫☆いまりちゃん / 一葉ちゃんは作家さん / マダラなシオマネキ君 / おあげさん / かんと師匠,電波姫☆いまりちゃん / さくらこはダムです / メル子大先生 / 明日香大明神 / 甲羅暮らしの201号,complete
3,501,em-31758a7d7c63,ﾗｰｶﾞﾙﾌﾘｮｩﾄﾙﾑりん,47,5700,2292,3,damage_reduction,-0.2014,-0.277,0.5347,0.7361,ハラショー☆ビッツェ / ペーチパイセン / ﾗｰｶﾞﾙﾌﾘｮｩﾄﾙﾑりん / ウサポワンちゃん / zuス様とsiラ様,電波姫☆いまりちゃん / さくらこはダムです / メル子大先生 / 明日香大明神 / 甲羅暮らしの201号,complete
3,502,em-7ba25345ffb0,シーさま,60,4601,4601,3,delay,-0.2083,-0.2785,0.5278,0.7361,ハラショー☆ビッツェ / ペーチパイセン / シーさま / 明日香大明神 / zuス様とsiラ様,電波姫☆いまりちゃん / さくらこはダムです / メル子大先生 / 明日香大明神 / 甲羅暮らしの201号,partial-skill-support
3,503,em-737815742386,タオるんさん先輩,12,800,1000,3,attribute_guard,-0.2222,-0.2787,0.5139,0.7361,電波姫☆いまりちゃん / さくらこはダムです / タオるんさん先輩 / 明日香大明神 / うまうーさん♪,電波姫☆いまりちゃん / さくらこはダムです / メル子大先生 / 明日香大明神 / 甲羅暮らしの201号,complete
3,504,em-3488d6542112,クロゴキ,65,6134,2113,2,multi_hit_attack,-0.2153,-0.2808,0.5208,0.7361,ハラショー☆ビッツェ / ペーチパイセン / クロゴキ / おあげさん / ガハラさん,電波姫☆いまりちゃん / さくらこはダムです / メル子大先生 / 明日香大明神 / 甲羅暮らしの201号,complete
3,505,em-4afb3d011e67,得琉田浜蔵,12,2696,1992,3,attribute_change,-0.2153,-0.2821,0.5208,0.7361,電波姫☆いまりちゃん / メムノン２８号 / 得琉田浜蔵 / 明日香大明神 / ロータス先輩,電波姫☆いまりちゃん / さくらこはダムです / メル子大先生 / 明日香大明神 / 甲羅暮らしの201号,complete
3,506,em-f47697209ae1,メルっ子☆メルルン,60,4856,5538,2,skill_reduction,-0.2153,-0.2821,0.5208,0.7361,ハラショー☆ビッツェ / ペーチパイセン / メルっ子☆メルルン / 明日香大明神 / zuス様とsiラ様,電波姫☆いまりちゃん / さくらこはダムです / メル子大先生 / 明日香大明神 / 甲羅暮らしの201号,partial-skill-support
3,507,em-fa3191833d67,エヴァン,28,3381,2776,2,damage_reduction,-0.2153,-0.2832,0.5208,0.7361,電波姫☆いまりちゃん / ペーチパイセン / エヴァン / ウサポワンちゃん / 頑張るハクさん,電波姫☆いまりちゃん / さくらこはダムです / メル子大先生 / 明日香大明神 / 甲羅暮らしの201号,complete
3,508,em-6ceef8f285a4,可愛馬！真純ちゃん,41,5964,4566,2,multi_hit_attack,-0.2153,-0.2832,0.5208,0.7361,電波姫☆いまりちゃん / ペーチパイセン / 可愛馬！真純ちゃん / おあげさん / 頑張るハクさん,電波姫☆いまりちゃん / さくらこはダムです / メル子大先生 / 明日香大明神 / 甲羅暮らしの201号,complete
3,509,em-4c8a3408455b,泳ぐカネヒラさん,28,3748,3408,2,attribute_change,-0.2222,-0.2841,0.5139,0.7361,電波姫☆いまりちゃん / さくらこはダムです / 泳ぐカネヒラさん / ウサポワンちゃん / 頑張るハクさん,電波姫☆いまりちゃん / さくらこはダムです / メル子大先生 / 明日香大明神 / 甲羅暮らしの201号,complete
3,510,em-f3be7c12380c,魔女ランダ,44,3067,5623,2,attribute_change,-0.2153,-0.2844,0.5208,0.7361,電波姫☆いまりちゃん / ペーチパイセン / 魔女ランダ / おあげさん / 頑張るハクさん,電波姫☆いまりちゃん / さくらこはダムです / メル子大先生 / 明日香大明神 / 甲羅暮らしの201号,complete
3,511,em-15545bc62fe7,幽霊烏賊図,60,3408,4260,3,revive,-0.2153,-0.2856,0.5208,0.7361,ハラショー☆ビッツェ / ペーチパイセン / 幽霊烏賊図 / 明日香大明神 / zuス様とsiラ様,電波姫☆いまりちゃん / さくらこはダムです / メル子大先生 / 明日香大明神 / 甲羅暮らしの201号,complete
3,512,em-c8ed16119cbe,ヴェルラの木こり,28,3014,3162,2,guard,-0.2153,-0.2856,0.5208,0.7361,電波姫☆いまりちゃん / ペーチパイセン / ヴェルラの木こり / ウサポワンちゃん / 頑張るハクさん,電波姫☆いまりちゃん / さくらこはダムです / メル子大先生 / 明日香大明神 / 甲羅暮らしの201号,complete
3,513,em-794f6427298a,さいごー丼,8,830,476,3,attribute_guard,-0.2153,-0.2867,0.5208,0.7361,電波姫☆いまりちゃん / ペーチパイセン / さいごー丼 / クレリゴス子様 / 頑張るハクさん,電波姫☆いまりちゃん / さくらこはダムです / メル子大先生 / 明日香大明神 / 甲羅暮らしの201号,complete
3,514,em-1749aff71419,ミシャグジさまさま,60,6986,3578,2,attack_buff,-0.2222,-0.2879,0.5139,0.7361,ハラショー☆ビッツェ / ペーチパイセン / ミシャグジさまさま / 明日香大明神 / zuス様とsiラ様,電波姫☆いまりちゃん / さくらこはダムです / メル子大先生 / 明日香大明神 / 甲羅暮らしの201号,complete
3,515,em-1405aadf6237,ツマグロヨコバイ,30,3748,3067,2,attribute_guard,-0.2222,-0.2891,0.5139,0.7361,電波姫☆いまりちゃん / 一葉ちゃんは作家さん / ツマグロヨコバイ / おあげさん / かんと師匠,電波姫☆いまりちゃん / さくらこはダムです / メル子大先生 / 明日香大明神 / 甲羅暮らしの201号,complete
3,516,em-d8af1ee7968e,ザ★女王の世界,42,1936,2006,3,attack_buff,-0.2292,-0.2898,0.5069,0.7361,電波姫☆いまりちゃん / さくらこはダムです / ザ★女王の世界 / 明日香大明神 / zuス様とsiラ様,電波姫☆いまりちゃん / さくらこはダムです / メル子大先生 / 明日香大明神 / 甲羅暮らしの201号,complete
3,517,em-b78d9042e361,サルパちゃん,28,4362,3748,2,multi_hit_attack,-0.2153,-0.291,0.5208,0.7361,電波姫☆いまりちゃん / ペーチパイセン / サルパちゃん / ウサポワンちゃん / 頑張るハクさん,電波姫☆いまりちゃん / さくらこはダムです / メル子大先生 / 明日香大明神 / 甲羅暮らしの201号,complete
3,518,em-a16b37d47f95,ふわふわちゃんとママ,60,6928,3520,3,skill_reduction,-0.2222,-0.2914,0.5139,0.7361,ハラショー☆ビッツェ / ペーチパイセン / ふわふわちゃんとママ / 明日香大明神 / zuス様とsiラ様,電波姫☆いまりちゃん / さくらこはダムです / メル子大先生 / 明日香大明神 / 甲羅暮らしの201号,partial-skill-support
3,519,em-2a6ad62952da,スホクラント先生,15,1841,904,3,damage_reduction,-0.2222,-0.2948,0.5139,0.7361,電波姫☆いまりちゃん / ペーチパイセン / スホクラント先生 / クレリゴス子様 / まつやマン,電波姫☆いまりちゃん / さくらこはダムです / メル子大先生 / 明日香大明神 / 甲羅暮らしの201号,complete
3,520,em-36ce9827163b,検非違使なけいび氏,28,6024,878,2,heal,-0.2292,-0.2961,0.5069,0.7361,電波姫☆いまりちゃん / 一葉ちゃんは作家さん / 検非違使なけいび氏 / おあげさん / 頑張るハクさん,電波姫☆いまりちゃん / さくらこはダムです / メル子大先生 / 明日香大明神 / 甲羅暮らしの201号,complete
3,521,em-4eda1d55d2fb,ガッサと5人の小ｷﾉｺ,60,5680,4089,2,revive,-0.2292,-0.2973,0.5069,0.7361,ハラショー☆ビッツェ / ペーチパイセン / ガッサと5人の小ｷﾉｺ / 明日香大明神 / zuス様とsiラ様,電波姫☆いまりちゃん / さくらこはダムです / メル子大先生 / 明日香大明神 / 甲羅暮らしの201号,complete
3,522,em-7b32a03e6e07,神降ろし！宮子様,27,3578,3152,2,heal,-0.2361,-0.2981,0.5,0.7361,電波姫☆いまりちゃん / 一葉ちゃんは作家さん / 神降ろし！宮子様 / おあげさん / 頑張るハクさん,電波姫☆いまりちゃん / さくらこはダムです / メル子大先生 / 明日香大明神 / 甲羅暮らしの201号,complete
3,523,em-9667a89799b5,冬の双子姫,77,9628,4686,2,damage_reduction,-0.2292,-0.2984,0.5069,0.7361,アリストソテツ / ペーチパイセン / 冬の双子姫 / おあげちゃん / びわ子たん,電波姫☆いまりちゃん / さくらこはダムです / メル子大先生 / 明日香大明神 / 甲羅暮らしの201号,complete
3,524,em-96c4c1bf7f87,畳リーゼントの御頭,40,4345,4345,2,attack_buff,-0.2361,-0.2994,0.5,0.7361,電波姫☆いまりちゃん / さくらこはダムです / 畳リーゼントの御頭 / 明日香大明神 / zuス様とsiラ様,電波姫☆いまりちゃん / さくらこはダムです / メル子大先生 / 明日香大明神 / 甲羅暮らしの201号,complete
3,525,em-b16382731bd5,華燭なカネヒラさん,60,5793,4771,2,attribute_change,-0.2361,-0.3006,0.5,0.7361,ハラショー☆ビッツェ / ペーチパイセン / 華燭なカネヒラさん / 明日香大明神 / zuス様とsiラ様,電波姫☆いまりちゃん / さくらこはダムです / メル子大先生 / 明日香大明神 / 甲羅暮らしの201号,complete
3,526,em-cf2619ce2878,俺っち氷河,28,3864,3222,2,attribute_change,-0.2431,-0.3011,0.4931,0.7361,電波姫☆いまりちゃん / 一葉ちゃんは作家さん / 俺っち氷河 / おあげさん / 頑張るハクさん,電波姫☆いまりちゃん / さくらこはダムです / メル子大先生 / 明日香大明神 / 甲羅暮らしの201号,complete
3,527,em-cf78c5cc3134,オタテカモ次郎,28,4186,3059,2,attribute_change,-0.2361,-0.3031,0.5,0.7361,電波姫☆いまりちゃん / 一葉ちゃんは作家さん / オタテカモ次郎 / おあげさん / 頑張るハクさん,電波姫☆いまりちゃん / さくらこはダムです / メル子大先生 / 明日香大明神 / 甲羅暮らしの201号,complete
3,528,em-479e5e45a614,諏訪湖成長期,55,3067,5623,3,multi_hit_attack,-0.2292,-0.3061,0.5069,0.7361,ハラショー☆ビッツェ / ペーチパイセン / 諏訪湖成長期 / おあげさん / かんと師匠,電波姫☆いまりちゃん / さくらこはダムです / メル子大先生 / 明日香大明神 / 甲羅暮らしの201号,complete
3,529,em-7fa1cc0147ae,フンコロガシ,66,5453,4430,3,aoe_attack,-0.2361,-0.3099,0.5,0.7361,ハラショー☆ビッツェ / ペーチパイセン / フンコロガシ / おあげさん / ガハラさん,電波姫☆いまりちゃん / さくらこはダムです / メル子大先生 / 明日香大明神 / 甲羅暮らしの201号,complete
3,530,em-ffea90d62e77,テイヤさん,55,1874,5282,3,multi_hit_attack,-0.2361,-0.3131,0.5,0.7361,ハラショー☆ビッツェ / ペーチパイセン / テイヤさん / おあげさん / かんと師匠,電波姫☆いまりちゃん / さくらこはダムです / メル子大先生 / 明日香大明神 / 甲羅暮らしの201号,complete
3,531,em-5d34df1253d1,氷点下のレーカさん,40,2044,2556,3,revive,-0.25,-0.3133,0.4861,0.7361,電波姫☆いまりちゃん / さくらこはダムです / 氷点下のレーカさん / 明日香大明神 / zuス様とsiラ様,電波姫☆いまりちゃん / さくらこはダムです / メル子大先生 / 明日香大明神 / 甲羅暮らしの201号,complete
3,532,em-1eb8ca42b88a,日南のモア蔵,14,3534,424,3,guard,-0.2431,-0.3135,0.4931,0.7361,電波姫☆いまりちゃん / さくらこはダムです / 日南のモア蔵 / クレリゴス子様 / ガハラさん,電波姫☆いまりちゃん / さくらこはダムです / メル子大先生 / 明日香大明神 / 甲羅暮らしの201号,complete
3,533,em-314fadaf0ea9,オシラサマ,28,4260,3322,3,heal,-0.25,-0.3205,0.4861,0.7361,電波姫☆いまりちゃん / ペーチパイセン / オシラサマ / ウサポワンちゃん / 頑張るハクさん,電波姫☆いまりちゃん / さくらこはダムです / メル子大先生 / 明日香大明神 / 甲羅暮らしの201号,complete
3,534,em-d6ea073b633e,鬼八先生,60,8861,2556,3,delay,-0.2431,-0.3221,0.4931,0.7361,ハラショー☆ビッツェ / ペーチパイセン / 鬼八先生 / おあげさん / かんと師匠,電波姫☆いまりちゃん / さくらこはダムです / メル子大先生 / 明日香大明神 / 甲羅暮らしの201号,partial-skill-support
3,535,em-1e9e4475c353,ゲラー･ｻﾞ･ｸﾞﾗﾃﾞｨｴｲﾀｰ,55,3408,5964,2,attack_buff,-0.2639,-0.3271,0.4722,0.7361,ハラショー☆ビッツェ / さくらこはダムです / ゲラー･ｻﾞ･ｸﾞﾗﾃﾞｨｴｲﾀｰ / 明日香大明神 / zuス様とsiラ様,電波姫☆いまりちゃん / さくらこはダムです / メル子大先生 / 明日香大明神 / 甲羅暮らしの201号,complete
3,536,em-583f38470462,さくらエビライダー,26,2414,2414,2,attribute_change,-0.2639,-0.3271,0.4722,0.7361,電波姫☆いまりちゃん / 一葉ちゃんは作家さん / さくらエビライダー / おあげさん / 頑張るハクさん,電波姫☆いまりちゃん / さくらこはダムです / メル子大先生 / 明日香大明神 / 甲羅暮らしの201号,complete
3,537,em-42e9353377ee,吉野スライム♂,40,5078,2078,3,skill_reduction,-0.2639,-0.332,0.4722,0.7361,電波姫☆いまりちゃん / さくらこはダムです / 吉野スライム♂ / 明日香大明神 / zuス様とsiラ様,電波姫☆いまりちゃん / さくらこはダムです / メル子大先生 / 明日香大明神 / 甲羅暮らしの201号,partial-skill-support
3,538,em-78aa7cb67068,夜鳥の会会長,46,3408,4260,3,attribute_change,-0.2639,-0.332,0.4722,0.7361,電波姫☆いまりちゃん / ペーチパイセン / 夜鳥の会会長 / おあげさん / zuス様とsiラ様,電波姫☆いまりちゃん / さくらこはダムです / メル子大先生 / 明日香大明神 / 甲羅暮らしの201号,complete
3,539,em-9688f4bf146a,マツモムシ,40,3748,2385,2,damage_reduction,-0.2639,-0.3377,0.4722,0.7361,ハラショー☆ビッツェ / ペーチパイセン / マツモムシ / 電波姫☆いまりちゃん / zuス様とsiラ様,電波姫☆いまりちゃん / さくらこはダムです / メル子大先生 / 明日香大明神 / 甲羅暮らしの201号,complete
3,540,em-258850fee1ca,時計塔の魔女娘,30,5523,1614,2,skill_reduction,-0.2639,-0.3398,0.4722,0.7361,電波姫☆いまりちゃん / ペーチパイセン / 時計塔の魔女娘 / ウサポワンちゃん / 頑張るハクさん,電波姫☆いまりちゃん / さくらこはダムです / メル子大先生 / 明日香大明神 / 甲羅暮らしの201号,partial-skill-support
3,541,em-33880cee5e60,三貴子ツクヨミ,75,10735,4686,3,damage_reduction,-0.2639,-0.3398,0.4722,0.7361,アリストソテツ / ペーチパイセン / 三貴子ツクヨミ / シーラちゃん / ズースくん,電波姫☆いまりちゃん / さくらこはダムです / メル子大先生 / 明日香大明神 / 甲羅暮らしの201号,complete
3,542,em-dec390a52ee6,英国ストヘン技師,70,8861,4260,2,damage_reduction,-0.2708,-0.3435,0.4653,0.7361,ハラショー☆ビッツェ / ペーチパイセン / 英国ストヘン技師 / おあげちゃん / ガハラさん,電波姫☆いまりちゃん / さくらこはダムです / メル子大先生 / 明日香大明神 / 甲羅暮らしの201号,complete
3,543,em-744815bd68e5,旋回のヘリコプリオン,75,8997,2675,2,aoe_attack,-0.2708,-0.3467,0.4653,0.7361,アリストソテツ / ペーチパイセン / 旋回のヘリコプリオン / おあげちゃん / びわ子たん,電波姫☆いまりちゃん / さくらこはダムです / メル子大先生 / 明日香大明神 / 甲羅暮らしの201号,complete
3,544,em-089b38d8a821,超天狗くまのたん,55,1704,7497,3,attack_buff,-0.2917,-0.3534,0.4444,0.7361,ハラショー☆ビッツェ / さくらこはダムです / 超天狗くまのたん / 明日香大明神 / zuス様とsiラ様,電波姫☆いまりちゃん / さくらこはダムです / メル子大先生 / 明日香大明神 / 甲羅暮らしの201号,complete
3,545,em-11cceded3ad2,創造主・アヌンナキ,70,4260,5964,3,damage_reduction,-0.2778,-0.3577,0.4583,0.7361,どんこ太郎 / ペーチパイセン / 創造主・アヌンナキ / ｽﾌﾟﾗ♡な琵琶子たん / ガハラさん,電波姫☆いまりちゃん / さくらこはダムです / メル子大先生 / 明日香大明神 / 甲羅暮らしの201号,complete
3,546,em-6a50fe1ba475,青き春の酔竜,70,2556,7668,3,attack_buff,-0.2847,-0.3583,0.4514,0.7361,ハラショー☆ビッツェ / ペーチパイセン / 青き春の酔竜 / おあげちゃん / ガハラさん,電波姫☆いまりちゃん / さくらこはダムです / メル子大先生 / 明日香大明神 / 甲羅暮らしの201号,complete
3,547,em-3deff3291fd4,有閑カノープス,70,5112,6816,2,attribute_change,-0.2986,-0.3721,0.4375,0.7361,ハラショー☆ビッツェ / ペーチパイセン / 有閑カノープス / おあげちゃん / ガハラさん,電波姫☆いまりちゃん / さくらこはダムです / メル子大先生 / 明日香大明神 / 甲羅暮らしの201号,complete
3,548,em-b2d6a846bb36,哀哭のオオウミガラス,75,9713,4941,2,damage_reduction,-0.3056,-0.3767,0.4306,0.7361,アリストソテツ / ペーチパイセン / 哀哭のオオウミガラス / シーラちゃん / ズースくん,電波姫☆いまりちゃん / さくらこはダムです / メル子大先生 / 明日香大明神 / 甲羅暮らしの201号,complete
3,549,em-2f36c9341591,☆龍神☆尊氏様,85,9372,5623,2,multi_hit_attack,-0.3194,-0.3914,0.4167,0.7361,ソクラテツ / ゴロウ / ☆龍神☆尊氏様 / おあげちゃん / ガハラさん,電波姫☆いまりちゃん / さくらこはダムです / メル子大先生 / 明日香大明神 / 甲羅暮らしの201号,complete
3,550,em-a06f040c9490,冬の加奈多パレード,80,9542,5282,2,attack_buff,-0.3264,-0.3993,0.4097,0.7361,ソクラテツ / ペーチパイセン / 冬の加奈多パレード / おあげちゃん / ズースくん,電波姫☆いまりちゃん / さくらこはダムです / メル子大先生 / 明日香大明神 / 甲羅暮らしの201号,complete
3,551,em-0277eca3d9cf,ゆる神の像＆ピヨか？,60,426,511,3,guard,-0.3333,-0.4027,0.4028,0.7361,ハラショー☆ビッツェ / ペーチパイセン / ゆる神の像＆ピヨか？ / 明日香大明神 / zuス様とsiラ様,電波姫☆いまりちゃん / さくらこはダムです / メル子大先生 / 明日香大明神 / 甲羅暮らしの201号,complete
3,552,em-94f677409ee2,月甲のルナタスピス,75,10224,4543,3,guard,-0.3403,-0.415,0.3958,0.7361,アリストソテツ / ペーチパイセン / 月甲のルナタスピス / おあげちゃん / ズースくん,電波姫☆いまりちゃん / さくらこはダムです / メル子大先生 / 明日香大明神 / 甲羅暮らしの201号,complete
3,553,em-748c1a866dbc,Hey Yeah 清盛,75,11417,2896,3,guard,-0.3472,-0.4228,0.3889,0.7361,アリストソテツ / ペーチパイセン / Hey Yeah 清盛 / おあげちゃん / ズースくん,電波姫☆いまりちゃん / さくらこはダムです / メル子大先生 / 明日香大明神 / 甲羅暮らしの201号,complete
3,554,em-e0ae1e287b90,春のお兄さん,80,9202,5793,2,attribute_change,-0.3472,-0.4238,0.3889,0.7361,ソクラテツ / ペーチパイセン / 春のお兄さん / 見事にびわ子たん / ズースくん,電波姫☆いまりちゃん / さくらこはダムです / メル子大先生 / 明日香大明神 / 甲羅暮らしの201号,complete
3,555,em-404f12535630,祇園祭の素戔嗚さま,88,5964,6390,2,multi_hit_attack,-1,-1,,,,,no-include-deck
3,556,em-6eed78e1fe62,リア充の権化安倍晴明,100,6782,6271,3,heal,-1,-1,,,,,no-include-deck
3,557,em-a85045965911,まさか殿(マジ),100,7463,6628,3,attack_buff,-1,-1,,,,,no-include-deck
3,558,em-f33de53ee597,遊無給(ニート)な小町,100,7327,5623,3,attack_buff,-1,-1,,,,,no-include-deck
4,1,em-347ffee895b9,明日香大明神,8,989,1343,3,damage_reduction,0.0278,-0.0448,0.7361,0.7083,電波姫☆いまりちゃん / さくらこはダムです / メル子大先生 / 明日香大明神 / 甲羅暮らしの201号,ぴぐぺん選手 / さくらこはダムです / ポディアさま / クレリゴス子様 / ガハラさん,complete
4,2,em-7a8534cb5af6,クレリゴス子様,41,6731,2951,3,guard,-0.0278,-0.1004,0.7083,0.7361,ぴぐぺん選手 / さくらこはダムです / ポディアさま / クレリゴス子様 / ガハラさん,電波姫☆いまりちゃん / さくらこはダムです / メル子大先生 / 明日香大明神 / 甲羅暮らしの201号,complete
4,3,em-554c0093231a,おあげさん,7,505,495,3,attack_buff,-0.0486,-0.1193,0.6875,0.7361,藤のフヒッティ / ペーチパイセン / フク先生 / おあげさん / ガハラさん,電波姫☆いまりちゃん / さくらこはダムです / メル子大先生 / 明日香大明神 / 甲羅暮らしの201号,complete
4,4,em-3911cf0df99b,あずま京子という女,14,1687,1687,3,damage_reduction,-0.0556,-0.122,0.6806,0.7361,電波姫☆いまりちゃん / 一葉ちゃんは作家さん / メル子大先生 / あずま京子という女 / ロータス先輩,電波姫☆いまりちゃん / さくらこはダムです / メル子大先生 / 明日香大明神 / 甲羅暮らしの201号,complete
4,5,em-3229594a4a2c,おあげちゃん,5,315,305,3,attack_buff,-0.0694,-0.1391,0.6667,0.7361,藤のフヒッティ / ペーチパイセン / たけしマン / おあげちゃん / ガハラさん,電波姫☆いまりちゃん / さくらこはダムです / メル子大先生 / 明日香大明神 / 甲羅暮らしの201号,complete
4,6,em-7380c7ba233b,大崎どんと先輩,37,4771,3408,3,damage_reduction,-0.0764,-0.1509,0.6597,0.7361,ハラショー☆ビッツェ / さくらこはダムです / ポディアさま / 大崎どんと先輩 / ロータス先輩,電波姫☆いまりちゃん / さくらこはダムです / メル子大先生 / 明日香大明神 / 甲羅暮らしの201号,complete
4,7,em-6145c94ca696,ｽﾌﾟﾗ♡な琵琶子たん,13,1213,1190,3,damage_reduction,-0.0833,-0.1624,0.6528,0.7361,ハラショー☆ビッツェ / ペーチパイセン / ????? / ｽﾌﾟﾗ♡な琵琶子たん / 頑張るハクさん,電波姫☆いまりちゃん / さくらこはダムです / メル子大先生 / 明日香大明神 / 甲羅暮らしの201号,complete
4,8,em-53a13d10258e,コドモドラゴン！,10,1833,987,3,damage_reduction,-0.1042,-0.1648,0.6319,0.7361,電波姫☆いまりちゃん / 一葉ちゃんは作家さん / ポディアさま / コドモドラゴン！ / ロータス先輩,電波姫☆いまりちゃん / さくらこはダムです / メル子大先生 / 明日香大明神 / 甲羅暮らしの201号,complete
4,9,em-00cb73b242d5,ヴィッセル君,39,5112,2556,3,aoe_attack,-0.125,-0.1813,0.6111,0.7361,電波姫☆いまりちゃん / ペーチパイセン / ガッサのお嬢 / ヴィッセル君 / まつやマン,電波姫☆いまりちゃん / さくらこはダムです / メル子大先生 / 明日香大明神 / 甲羅暮らしの201号,complete
4,10,em-8522b1e6c291,百華百彩久連子,55,5282,5282,3,multi_hit_attack,-0.1181,-0.1902,0.6181,0.7361,どんこ太郎 / ペーチパイセン / ポディアさま / 百華百彩久連子 / 頑張るハクさん,電波姫☆いまりちゃん / さくらこはダムです / メル子大先生 / 明日香大明神 / 甲羅暮らしの201号,complete
4,11,em-301c11f4a1d7,ウサポワンちゃん,20,1363,2317,3,guard,-0.125,-0.194,0.6111,0.7361,水戸Come On! / ペーチパイセン / すわ子isGOD！ / ウサポワンちゃん / 頑張るハクさん,電波姫☆いまりちゃん / さくらこはダムです / メル子大先生 / 明日香大明神 / 甲羅暮らしの201号,complete
4,12,em-4d9586371e6c,鞭・打つ子さん,38,4106,4106,3,multi_hit_attack,-0.125,-0.1996,0.6111,0.7361,ラグーン☆南 / ペーチパイセン / ポディアさま / 鞭・打つ子さん / かんと師匠,電波姫☆いまりちゃん / さくらこはダムです / メル子大先生 / 明日香大明神 / 甲羅暮らしの201号,complete
4,13,em-9f12b7859731,マプングブエの戦士,43,6584,3292,3,multi_hit_attack,-0.125,-0.1996,0.6111,0.7361,ハラショー☆ビッツェ / さくらこはダムです / ポディアさま / マプングブエの戦士 / かんと師匠,電波姫☆いまりちゃん / さくらこはダムです / メル子大先生 / 明日香大明神 / 甲羅暮らしの201号,complete
4,14,em-9cbbb04818bd,シミ,20,1704,2215,4,heal,-0.1389,-0.2012,0.5972,0.7361,電波姫☆いまりちゃん / 一葉ちゃんは作家さん / メル子大先生 / シミ / 頑張るハクさん,電波姫☆いまりちゃん / さくらこはダムです / メル子大先生 / 明日香大明神 / 甲羅暮らしの201号,complete
4,15,em-2c819cc3029c,お稲荷さん,9,808,808,3,attack_buff,-0.1389,-0.2025,0.5972,0.7361,電波姫☆いまりちゃん / メムノン２８号 / すわ子isGOD！ / お稲荷さん / 頑張るハクさん,電波姫☆いまりちゃん / さくらこはダムです / メル子大先生 / 明日香大明神 / 甲羅暮らしの201号,complete
4,16,em-6c2ea8631e0d,深海美少年モヅルン,37,5964,2385,3,attribute_guard,-0.1319,-0.2035,0.6042,0.7361,ハラショー☆ビッツェ / さくらこはダムです / ポディアさま / 深海美少年モヅルン / ホーリーエンジェるん,電波姫☆いまりちゃん / さくらこはダムです / メル子大先生 / 明日香大明神 / 甲羅暮らしの201号,complete
4,17,em-de449f69edb5,タミフルニキ,14,1257,1147,3,damage_reduction,-0.1389,-0.2061,0.5972,0.7361,電波姫☆いまりちゃん / 一葉ちゃんは作家さん / メル子大先生 / タミフルニキ / ロータス先輩,電波姫☆いまりちゃん / さくらこはダムです / メル子大先生 / 明日香大明神 / 甲羅暮らしの201号,complete
4,18,em-4819d53ddb48,ブハラ師匠,39,5708,3237,3,heal,-0.1458,-0.2071,0.5903,0.7361,電波姫☆いまりちゃん / ペーチパイセン / ポディアさま / ブハラ師匠 / スノーボーイ,電波姫☆いまりちゃん / さくらこはダムです / メル子大先生 / 明日香大明神 / 甲羅暮らしの201号,complete
4,19,em-e5027c0cc6fa,みかんの姐御,17,2265,1510,3,aoe_attack,-0.1319,-0.2079,0.6042,0.7361,電波姫☆いまりちゃん / 一葉ちゃんは作家さん / ポディアさま / みかんの姐御 / 頑張るハクさん,電波姫☆いまりちゃん / さくらこはダムです / メル子大先生 / 明日香大明神 / 甲羅暮らしの201号,complete
4,20,em-81078d011501,年齢不詳！エンゼル様,22,2215,3237,3,heal,-0.1389,-0.2085,0.5972,0.7361,電波姫☆いまりちゃん / ペーチパイセン / ポディアさま / 年齢不詳！エンゼル様 / リスマニア,電波姫☆いまりちゃん / さくらこはダムです / メル子大先生 / 明日香大明神 / 甲羅暮らしの201号,complete
4,21,em-48fc0bb31337,踊る☆なまずおじさん,60,5793,2130,3,damage_reduction,-0.1458,-0.2097,0.5903,0.7361,どんこ太郎 / ペーチパイセン / ポディアさま / 踊る☆なまずおじさん / ウシュか☆丸か,電波姫☆いまりちゃん / さくらこはダムです / メル子大先生 / 明日香大明神 / 甲羅暮らしの201号,complete
4,22,em-2a6ad62952da,スホクラント先生,15,1841,904,3,damage_reduction,-0.1528,-0.2103,0.5833,0.7361,電波姫☆いまりちゃん / 一葉ちゃんは作家さん / メル子大先生 / スホクラント先生 / ロータス先輩,電波姫☆いまりちゃん / さくらこはダムです / メル子大先生 / 明日香大明神 / 甲羅暮らしの201号,complete
4,23,em-bbcd19672515,ＭＲ凜子様,13,1699,1699,4,attack_buff,-0.1458,-0.2121,0.5903,0.7361,ハラショー☆ビッツェ / ペーチパイセン / 怪童の金たろす / ＭＲ凜子様 / かんと師匠,電波姫☆いまりちゃん / さくらこはダムです / メル子大先生 / 明日香大明神 / 甲羅暮らしの201号,complete
4,24,em-459f1ecad59a,電波姫☆いまりちゃん,28,3919,4260,4,delay,-0.1389,-0.2129,0.5903,0.7292,あっついさん / ペーチパイセン / ポディアさま / 電波姫☆いまりちゃん / ガハラさん,スクナクナクナクス / ペーチパイセン / メル子大先生 / 明日香大明神 / ロータス先輩,partial-skill-support
4,25,em-7663b2df6537,しずこ大先生,22,1610,3220,3,multi_hit_attack,-0.1458,-0.2133,0.5903,0.7361,ハラショー☆ビッツェ / ペーチパイセン / 怪童の金たろす / しずこ大先生 / ガハラさん,電波姫☆いまりちゃん / さくらこはダムです / メル子大先生 / 明日香大明神 / 甲羅暮らしの201号,complete
4,26,em-9b97e564ea43,ユールシスター☆ノエルん,43,5523,4112,3,multi_hit_attack,-0.1458,-0.2157,0.5903,0.7361,ハラショー☆ビッツェ / さくらこはダムです / ポディアさま / ユールシスター☆ノエルん / かんと師匠,電波姫☆いまりちゃん / さくらこはダムです / メル子大先生 / 明日香大明神 / 甲羅暮らしの201号,complete
4,27,em-32ef1535a66a,ハバキたん,60,6816,4260,3,damage_reduction,-0.1458,-0.2157,0.5903,0.7361,ハラショー☆ビッツェ / どんこ太郎 / ポディアさま / ハバキたん / ガハラさん,電波姫☆いまりちゃん / さくらこはダムです / メル子大先生 / 明日香大明神 / 甲羅暮らしの201号,complete
4,28,em-5f9efdc805e5,呼んでますトムさん,15,1269,1269,3,attribute_guard,-0.1597,-0.2215,0.5764,0.7361,電波姫☆いまりちゃん / 一葉ちゃんは作家さん / メル子大先生 / 呼んでますトムさん / ロータス先輩,電波姫☆いまりちゃん / さくらこはダムです / メル子大先生 / 明日香大明神 / 甲羅暮らしの201号,complete
4,29,em-7e35b72ac7e4,琵琶子ｲﾘｭｰｼﾞｮﾝ！,13,1809,1190,3,damage_reduction,-0.1528,-0.224,0.5833,0.7361,電波姫☆いまりちゃん / 一葉ちゃんは作家さん / ポディアさま / 琵琶子ｲﾘｭｰｼﾞｮﾝ！ / ロータス先輩,電波姫☆いまりちゃん / さくらこはダムです / メル子大先生 / 明日香大明神 / 甲羅暮らしの201号,complete
4,30,em-309e9bdb12e4,萌やし戦士,14,773,2573,4,attack_buff,-0.1528,-0.224,0.5833,0.7361,電波姫☆いまりちゃん / 一葉ちゃんは作家さん / 時のプラズマ / 萌やし戦士 / リスマニア,電波姫☆いまりちゃん / さくらこはダムです / メル子大先生 / 明日香大明神 / 甲羅暮らしの201号,complete
4,31,em-7652802e8fc0,郷大先生,19,2737,2415,3,damage_reduction,-0.1597,-0.2241,0.5764,0.7361,電波姫☆いまりちゃん / キルワくん / ポディアさま / 郷大先生 / ロータス先輩,電波姫☆いまりちゃん / さくらこはダムです / メル子大先生 / 明日香大明神 / 甲羅暮らしの201号,complete
4,32,em-55f20f5390ee,ホロー家の娘,26,2576,3542,3,damage_reduction,-0.1597,-0.2265,0.5764,0.7361,電波姫☆いまりちゃん / ペーチパイセン / ポディアさま / ホロー家の娘 / ロータス先輩,電波姫☆いまりちゃん / さくらこはダムです / メル子大先生 / 明日香大明神 / 甲羅暮らしの201号,complete
4,33,em-8c8530042873,玉藻先生,13,1128,1198,4,attribute_guard,-0.1667,-0.2274,0.5694,0.7361,電波姫☆いまりちゃん / 一葉ちゃんは作家さん / メル子大先生 / 玉藻先生 / ロータス先輩,電波姫☆いまりちゃん / さくらこはダムです / メル子大先生 / 明日香大明神 / 甲羅暮らしの201号,complete
4,34,em-5981c18a4a99,オシラサマ,33,4260,3322,3,heal,-0.1597,-0.2277,0.5764,0.7361,電波姫☆いまりちゃん / さくらこはダムです / ポディアさま / オシラサマ / まつやマン,電波姫☆いまりちゃん / さくらこはダムです / メル子大先生 / 明日香大明神 / 甲羅暮らしの201号,complete
4,35,em-54cb13a72721,不思議の海のモヅルン,60,6475,4941,3,attribute_guard,-0.1597,-0.2277,0.5764,0.7361,ハラショー☆ビッツェ / どんこ太郎 / ポディアさま / 不思議の海のモヅルン / ガハラさん,電波姫☆いまりちゃん / さくらこはダムです / メル子大先生 / 明日香大明神 / 甲羅暮らしの201号,complete
4,36,em-419c23e0ec81,新生☆ＢＴ５!!,35,3287,3615,3,damage_reduction,-0.1667,-0.23,0.5694,0.7361,電波姫☆いまりちゃん / さくらこはダムです / ポディアさま / 新生☆ＢＴ５!! / ガハラさん,電波姫☆いまりちゃん / さくらこはダムです / メル子大先生 / 明日香大明神 / 甲羅暮らしの201号,complete
4,37,em-6193e7af4d97,がうがうは考える,44,1704,5964,3,damage_reduction,-0.1667,-0.23,0.5694,0.7361,電波姫☆いまりちゃん / ペーチパイセン / メル子大先生 / がうがうは考える / ガハラさん,電波姫☆いまりちゃん / さくらこはダムです / メル子大先生 / 明日香大明神 / 甲羅暮らしの201号,complete
4,38,em-8d610f16d330,明日香大怪盗,44,3578,3067,3,attribute_guard,-0.1528,-0.2304,0.5833,0.7361,ハラショー☆ビッツェ / さくらこはダムです / ポディアさま / 明日香大怪盗 / かんと師匠,電波姫☆いまりちゃん / さくらこはダムです / メル子大先生 / 明日香大明神 / 甲羅暮らしの201号,complete
4,39,em-296c2c9d656f,雷鳥プリトヴィさん,25,2576,3091,3,aoe_attack,-0.1597,-0.2311,0.5764,0.7361,電波姫☆いまりちゃん / さくらこはダムです / ポディアさま / 雷鳥プリトヴィさん / かんと師匠,電波姫☆いまりちゃん / さくらこはダムです / メル子大先生 / 明日香大明神 / 甲羅暮らしの201号,complete
4,40,em-05de078a2e7c,幼妻！エンゼルちゃん,22,1993,2913,3,heal,-0.1597,-0.2311,0.5764,0.7361,電波姫☆いまりちゃん / ペーチパイセン / ポディアさま / 幼妻！エンゼルちゃん / リスマニア,電波姫☆いまりちゃん / さくらこはダムです / メル子大先生 / 明日香大明神 / 甲羅暮らしの201号,complete
4,41,em-f70fc38ed477,栗栖　益子さん,40,4175,4106,4,multi_hit_attack,-0.1667,-0.2312,0.5694,0.7361,電波姫☆いまりちゃん / ペーチパイセン / ポディアさま / 栗栖　益子さん / ガハラさん,電波姫☆いまりちゃん / さくらこはダムです / メル子大先生 / 明日香大明神 / 甲羅暮らしの201号,complete
4,42,em-aae1801458f8,ɚすぃとあろま？,12,3748,681,3,guard,-0.1597,-0.2323,0.5764,0.7361,電波姫☆いまりちゃん / 一葉ちゃんは作家さん / ポディアさま / ɚすぃとあろま？ / ロータス先輩,電波姫☆いまりちゃん / さくらこはダムです / メル子大先生 / 明日香大明神 / 甲羅暮らしの201号,complete
4,43,em-cfe553ea56a6,あまのちゃんパイセン,22,3220,805,3,multi_hit_attack,-0.1597,-0.2323,0.5764,0.7361,電波姫☆いまりちゃん / ペーチパイセン / ポディアさま / あまのちゃんパイセン / リスマニア,電波姫☆いまりちゃん / さくらこはダムです / メル子大先生 / 明日香大明神 / 甲羅暮らしの201号,complete
4,44,em-bbda291d459c,漆黒及び純白のポワン,20,1704,2896,3,guard,-0.1597,-0.2333,0.5764,0.7361,電波姫☆いまりちゃん / 一葉ちゃんは作家さん / メル子大先生 / 漆黒及び純白のポワン / 頑張るハクさん,電波姫☆いまりちゃん / さくらこはダムです / メル子大先生 / 明日香大明神 / 甲羅暮らしの201号,complete
4,45,em-845e49247e45,ウサポワン海人,20,1533,2607,3,guard,-0.1597,-0.2344,0.5764,0.7361,電波姫☆いまりちゃん / 一葉ちゃんは作家さん / メル子大先生 / ウサポワン海人 / 頑張るハクさん,電波姫☆いまりちゃん / さくらこはダムです / メル子大先生 / 明日香大明神 / 甲羅暮らしの201号,complete
4,46,em-cea68c425163,跛荒の鉄男大先生,51,4686,6625,3,multi_hit_attack,-0.1528,-0.2345,0.5833,0.7361,ハラショー☆ビッツェ / さくらこはダムです / ポディアさま / 跛荒の鉄男大先生 / ガハラさん,電波姫☆いまりちゃん / さくらこはダムです / メル子大先生 / 明日香大明神 / 甲羅暮らしの201号,complete
4,47,em-db2c3576c544,すわ子☆神,15,1100,1400,3,multi_hit_attack,-0.1736,-0.2345,0.5625,0.7361,電波姫☆いまりちゃん / ペーチパイセン / GSPS！秀郷先生 / すわ子☆神 / 頑張るハクさん,電波姫☆いまりちゃん / さくらこはダムです / メル子大先生 / 明日香大明神 / 甲羅暮らしの201号,complete
4,48,em-b17b3174de7d,ネギtheフィクサー,45,2405,5135,3,damage_reduction,-0.1667,-0.2348,0.5694,0.7361,ラグーン☆南 / ペーチパイセン / ポディアさま / ネギtheフィクサー / スノーボーイ,電波姫☆いまりちゃん / さくらこはダムです / メル子大先生 / 明日香大明神 / 甲羅暮らしの201号,complete
4,49,em-d695befcbdc2,収穫☆にいがタン,26,4508,3655,3,attribute_guard,-0.1667,-0.2348,0.5694,0.7361,電波姫☆いまりちゃん / ペーチパイセン / ポディアさま / 収穫☆にいがタン / ロータス先輩,電波姫☆いまりちゃん / さくらこはダムです / メル子大先生 / 明日香大明神 / 甲羅暮らしの201号,complete
4,50,em-904dc3a6cb19,ɚすぃとLulu？,24,4260,2726,3,guard,-0.1667,-0.2348,0.5694,0.7361,電波姫☆いまりちゃん / 一葉ちゃんは作家さん / ポディアさま / ɚすぃとLulu？ / ガハラさん,電波姫☆いまりちゃん / さくらこはダムです / メル子大先生 / 明日香大明神 / 甲羅暮らしの201号,complete
4,51,em-a0762b5d76ab,シーラちゃん,5,600,550,4,attack_buff,-0.1667,-0.236,0.5694,0.7361,アリストソテツ / ペーチパイセン / 王国民ゴロウ / シーラちゃん / 夏の海の天の川伝説,電波姫☆いまりちゃん / さくらこはダムです / メル子大先生 / 明日香大明神 / 甲羅暮らしの201号,complete
4,52,em-1bd8d1f41e78,スクーグスローさん,44,4601,6349,4,revive,-0.1667,-0.2371,0.5694,0.7361,ラグーン☆南 / ペーチパイセン / ポディアさま / スクーグスローさん / ガハラさん,電波姫☆いまりちゃん / さくらこはダムです / メル子大先生 / 明日香大明神 / 甲羅暮らしの201号,complete
4,53,em-d5ea84224259,ﾌﾗﾝﾀﾞｰｽのわんわんお,38,5538,3190,3,guard,-0.1667,-0.2371,0.5694,0.7361,ハラショー☆ビッツェ / さくらこはダムです / ポディアさま / ﾌﾗﾝﾀﾞｰｽのわんわんお / ロータス先輩,電波姫☆いまりちゃん / さくらこはダムです / メル子大先生 / 明日香大明神 / 甲羅暮らしの201号,complete
4,54,em-ffea90d62e77,テイヤさん,55,1874,5282,3,multi_hit_attack,-0.1667,-0.2371,0.5694,0.7361,ハラショー☆ビッツェ / どんこ太郎 / メル子大先生 / テイヤさん / 頑張るハクさん,電波姫☆いまりちゃん / さくらこはダムです / メル子大先生 / 明日香大明神 / 甲羅暮らしの201号,complete
4,55,em-7f4209b23c36,狐狗狸コックス,15,805,4025,4,revive,-0.1736,-0.2371,0.5625,0.7361,電波姫☆いまりちゃん / 一葉ちゃんは作家さん / すわ子isGOD！ / 狐狗狸コックス / ロータス先輩,電波姫☆いまりちゃん / さくらこはダムです / メル子大先生 / 明日香大明神 / 甲羅暮らしの201号,complete
4,56,em-6bda04d6fb8d,中の娘タミちゃん,12,1257,1146,3,attribute_guard,-0.1736,-0.2371,0.5625,0.7361,電波姫☆いまりちゃん / 一葉ちゃんは作家さん / ポディアさま / 中の娘タミちゃん / ロータス先輩,電波姫☆いまりちゃん / さくらこはダムです / メル子大先生 / 明日香大明神 / 甲羅暮らしの201号,complete
4,57,em-7930454375ec,パラワン探検隊,18,3219,3333,4,aoe_attack,-0.1597,-0.2376,0.5764,0.7361,電波姫☆いまりちゃん / 一葉ちゃんは作家さん / ポディアさま / パラワン探検隊 / かんと師匠,電波姫☆いまりちゃん / さくらこはダムです / メル子大先生 / 明日香大明神 / 甲羅暮らしの201号,complete
4,58,em-88669edc6480,京子はまだやれる！,10,718,694,4,damage_reduction,-0.1736,-0.2384,0.5625,0.7361,電波姫☆いまりちゃん / 一葉ちゃんは作家さん / メル子大先生 / 京子はまだやれる！ / ロータス先輩,電波姫☆いまりちゃん / さくらこはダムです / メル子大先生 / 明日香大明神 / 甲羅暮らしの201号,complete
4,59,em-a882d269c658,郷先輩,16,1400,1200,4,damage_reduction,-0.1736,-0.2384,0.5625,0.7361,電波姫☆いまりちゃん / 一葉ちゃんは作家さん / メル子大先生 / 郷先輩 / ロータス先輩,電波姫☆いまりちゃん / さくらこはダムです / メル子大先生 / 明日香大明神 / 甲羅暮らしの201号,complete
4,60,em-0de053498de9,犬ひらり屋,25,3542,1771,3,damage_reduction,-0.1736,-0.2396,0.5625,0.7361,電波姫☆いまりちゃん / ペーチパイセン / ポディアさま / 犬ひらり屋 / ロータス先輩,電波姫☆いまりちゃん / さくらこはダムです / メル子大先生 / 明日香大明神 / 甲羅暮らしの201号,complete
4,61,em-a58c4fcc6b2e,けねず大先生,14,1699,1699,4,damage_reduction,-0.1806,-0.2403,0.5556,0.7361,電波姫☆いまりちゃん / 一葉ちゃんは作家さん / メル子大先生 / けねず大先生 / ロータス先輩,電波姫☆いまりちゃん / さくらこはダムです / メル子大先生 / 明日香大明神 / 甲羅暮らしの201号,complete
4,62,em-cbed7e550323,ちわっしータミ,12,2249,1376,3,heal,-0.1736,-0.2408,0.5625,0.7361,電波姫☆いまりちゃん / 一葉ちゃんは作家さん / ポディアさま / ちわっしータミ / ロータス先輩,電波姫☆いまりちゃん / さくらこはダムです / メル子大先生 / 明日香大明神 / 甲羅暮らしの201号,complete
4,63,em-b041a6f6cf00,テヅルモヅルン,37,5367,2147,3,attribute_guard,-0.1736,-0.2408,0.5625,0.7361,ラグーン☆南 / ペーチパイセン / ポディアさま / テヅルモヅルン / zuス様とsiラ様,電波姫☆いまりちゃん / さくらこはダムです / メル子大先生 / 明日香大明神 / 甲羅暮らしの201号,complete
4,64,em-fd155a3410b2,鯰坊主と子供たち,45,5793,2130,3,damage_reduction,-0.1736,-0.2408,0.5625,0.7361,ラグーン☆南 / ペーチパイセン / ポディアさま / 鯰坊主と子供たち / ガハラさん,電波姫☆いまりちゃん / さくらこはダムです / メル子大先生 / 明日香大明神 / 甲羅暮らしの201号,complete
4,65,em-558066e14c81,ダブル・ブロッコリー,33,2595,2436,3,damage_reduction,-0.1667,-0.2416,0.5694,0.7361,ラグーン☆南 / ペーチパイセン / ポディアさま / ダブル・ブロッコリー / ロータス先輩,電波姫☆いまりちゃん / さくらこはダムです / メル子大先生 / 明日香大明神 / 甲羅暮らしの201号,complete
4,66,em-ad82a61bcc2a,ｺﾄﾖﾛ!巳ーちゃん様,55,6901,3451,4,damage_reduction,-0.1667,-0.2416,0.5694,0.7361,ハラショー☆ビッツェ / さくらこはダムです / タミちゃん / ｺﾄﾖﾛ!巳ーちゃん様 / ロータス先輩,電波姫☆いまりちゃん / さくらこはダムです / メル子大先生 / 明日香大明神 / 甲羅暮らしの201号,complete
4,67,em-ea0b1e4c739b,イタ子大師匠,18,564,1269,4,revive,-0.1806,-0.2417,0.5556,0.7361,電波姫☆いまりちゃん / 一葉ちゃんは作家さん / メル子大先生 / イタ子大師匠 / 頑張るハクさん,電波姫☆いまりちゃん / さくらこはダムです / メル子大先生 / 明日香大明神 / 甲羅暮らしの201号,complete
4,68,em-d295de1e4086,海の日シスターズ♪,40,3823,4657,4,attack_buff,-0.1806,-0.243,0.5556,0.7361,電波姫☆いまりちゃん / ペーチパイセン / ポディアさま / 海の日シスターズ♪ / ガハラさん,電波姫☆いまりちゃん / さくらこはダムです / メル子大先生 / 明日香大明神 / 甲羅暮らしの201号,complete
4,69,em-74c87c37d930,むぅむぅ,30,2839,2525,3,multi_hit_attack,-0.1806,-0.243,0.5556,0.7361,電波姫☆いまりちゃん / さくらこはダムです / ポディアさま / むぅむぅ / zuス様とsiラ様,電波姫☆いまりちゃん / さくらこはダムです / メル子大先生 / 明日香大明神 / 甲羅暮らしの201号,complete
4,70,em-8c8bd83ed246,夜王・超人ひきやマン,20,2656,2495,3,attack_buff,-0.1736,-0.2431,0.5625,0.7361,電波姫☆いまりちゃん / さくらこはダムです / ポディアさま / 夜王・超人ひきやマン / リスマニア,電波姫☆いまりちゃん / さくらこはダムです / メル子大先生 / 明日香大明神 / 甲羅暮らしの201号,complete
4,71,em-9898cb7ba23e,富士さんは魔女,45,5112,4260,4,revive,-0.1736,-0.2431,0.5625,0.7361,ラグーン☆南 / ペーチパイセン / ポディアさま / 富士さんは魔女 / ガハラさん,電波姫☆いまりちゃん / さくらこはダムです / メル子大先生 / 明日香大明神 / 甲羅暮らしの201号,complete
4,72,em-9ec6297ea6ca,バスてとにゃん,38,4260,4771,3,attack_buff,-0.1736,-0.2431,0.5625,0.7361,ハラショー☆ビッツェ / さくらこはダムです / ポディアさま / バスてとにゃん / ロータス先輩,電波姫☆いまりちゃん / さくらこはダムです / メル子大先生 / 明日香大明神 / 甲羅暮らしの201号,complete
4,73,em-e62b9e33c2aa,たけしマンＺ,24,2576,2415,3,damage_reduction,-0.1806,-0.2442,0.5556,0.7361,電波姫☆いまりちゃん / さくらこはダムです / ポディアさま / たけしマンＺ / ホーリーエンジェるん,電波姫☆いまりちゃん / さくらこはダムです / メル子大先生 / 明日香大明神 / 甲羅暮らしの201号,complete
4,74,em-089a6280b9d6,御嶽さん,32,5112,3067,4,aoe_attack,-0.1736,-0.2443,0.5625,0.7361,電波姫☆いまりちゃん / ペーチパイセン / ポディアさま / 御嶽さん / かんと師匠,電波姫☆いまりちゃん / さくらこはダムです / メル子大先生 / 明日香大明神 / 甲羅暮らしの201号,complete
4,75,em-8561e29b5d2e,まんまんちゃん,12,1524,1682,3,attack_buff,-0.1736,-0.2443,0.5625,0.7361,電波姫☆いまりちゃん / 一葉ちゃんは作家さん / メル子大先生 / まんまんちゃん / リスマニア,電波姫☆いまりちゃん / さくらこはダムです / メル子大先生 / 明日香大明神 / 甲羅暮らしの201号,complete
4,76,em-4352c1e3cc20,恋する☆にいがタン,19,4508,1610,3,attribute_guard,-0.1806,-0.2455,0.5556,0.7361,電波姫☆いまりちゃん / 一葉ちゃんは作家さん / ポディアさま / 恋する☆にいがタン / zuス様とsiラ様,電波姫☆いまりちゃん / さくらこはダムです / メル子大先生 / 明日香大明神 / 甲羅暮らしの201号,complete
4,77,em-b50530766df4,夏の妖精白良さん,19,1699,1699,4,attack_buff,-0.1806,-0.2455,0.5556,0.7361,電波姫☆いまりちゃん / 一葉ちゃんは作家さん / メル子大先生 / 夏の妖精白良さん / 頑張るハクさん,電波姫☆いまりちゃん / さくらこはダムです / メル子大先生 / 明日香大明神 / 甲羅暮らしの201号,complete
4,78,em-80894fcaa10c,とんこつ神！博多美子,40,4089,5350,3,attack_buff,-0.1806,-0.2455,0.5556,0.7361,電波姫☆いまりちゃん / ペーチパイセン / ポディアさま / とんこつ神！博多美子 / ガハラさん,電波姫☆いまりちゃん / さくらこはダムです / メル子大先生 / 明日香大明神 / 甲羅暮らしの201号,complete
4,79,em-cf62aeacc244,やまたのおろちん,40,2726,2726,3,multi_hit_attack,-0.1806,-0.2467,0.5556,0.7361,電波姫☆いまりちゃん / ペーチパイセン / ポディアさま / やまたのおろちん / ガハラさん,電波姫☆いまりちゃん / さくらこはダムです / メル子大先生 / 明日香大明神 / 甲羅暮らしの201号,complete
4,80,em-6774cdad21d9,上京！世界師匠,32,1704,4260,3,multi_hit_attack,-0.1806,-0.2467,0.5556,0.7361,電波姫☆いまりちゃん / ペーチパイセン / すわ子isGOD！ / 上京！世界師匠 / 頑張るハクさん,電波姫☆いまりちゃん / さくらこはダムです / メル子大先生 / 明日香大明神 / 甲羅暮らしの201号,complete
4,81,em-0d66cd2274f8,カニバルズム・リオ子,38,3428,2109,3,multi_hit_attack,-0.1736,-0.2476,0.5625,0.7361,ラグーン☆南 / ペーチパイセン / ポディアさま / カニバルズム・リオ子 / かんと師匠,電波姫☆いまりちゃん / さくらこはダムです / メル子大先生 / 明日香大明神 / 甲羅暮らしの201号,complete
4,82,em-75c1af17d152,浴衣美人な日女路嬢,38,5623,3748,3,heal,-0.1667,-0.2477,0.5694,0.7361,ラグーン☆南 / ペーチパイセン / ポディアさま / 浴衣美人な日女路嬢 / かんと師匠,電波姫☆いまりちゃん / さくらこはダムです / メル子大先生 / 明日香大明神 / 甲羅暮らしの201号,complete
4,83,em-922ebe667c19,けねず先輩,12,800,800,4,damage_reduction,-0.1875,-0.2488,0.5486,0.7361,電波姫☆いまりちゃん / 一葉ちゃんは作家さん / メル子大先生 / けねず先輩 / ロータス先輩,電波姫☆いまりちゃん / さくらこはダムです / メル子大先生 / 明日香大明神 / 甲羅暮らしの201号,complete
4,84,em-83c97b8f4e6e,アルルのキャミー,40,4001,6236,4,heal,-0.1806,-0.2491,0.5556,0.7361,電波姫☆いまりちゃん / ペーチパイセン / ポディアさま / アルルのキャミー / ガハラさん,電波姫☆いまりちゃん / さくらこはダムです / メル子大先生 / 明日香大明神 / 甲羅暮らしの201号,complete
4,85,em-68afa2dec462,みどりのたけしマン,23,2592,2432,3,damage_reduction,-0.1806,-0.2502,0.5556,0.7361,電波姫☆いまりちゃん / ペーチパイセン / ポディアさま / みどりのたけしマン / ロータス先輩,電波姫☆いまりちゃん / さくらこはダムです / メル子大先生 / 明日香大明神 / 甲羅暮らしの201号,complete
4,86,em-9ac3c0929f90,オコオコ,11,1704,1704,3,attack_buff,-0.1806,-0.2502,0.5556,0.7361,電波姫☆いまりちゃん / 一葉ちゃんは作家さん / ポディアさま / オコオコ / ロータス先輩,電波姫☆いまりちゃん / さくらこはダムです / メル子大先生 / 明日香大明神 / 甲羅暮らしの201号,complete
4,87,em-1a3ab3b1acf7,聖☆いんてぃないか,19,2817,2334,4,aoe_attack,-0.1806,-0.2502,0.5556,0.7361,電波姫☆いまりちゃん / ペーチパイセン / ポディアさま / 聖☆いんてぃないか / リスマニア,電波姫☆いまりちゃん / さくらこはダムです / メル子大先生 / 明日香大明神 / 甲羅暮らしの201号,complete
4,88,em-4533a7697d48,謀反人ミッツ,60,6645,4430,3,damage_reduction,-0.1806,-0.2502,0.5556,0.7361,ハラショー☆ビッツェ / どんこ太郎 / ポディアさま / 謀反人ミッツ / ガハラさん,電波姫☆いまりちゃん / さくらこはダムです / メル子大先生 / 明日香大明神 / 甲羅暮らしの201号,complete
4,89,em-f9383e2e4919,ユハンヌスのサウナー,42,5231,3067,3,damage_reduction,-0.1736,-0.2508,0.5625,0.7361,ハラショー☆ビッツェ / さくらこはダムです / ポディアさま / ユハンヌスのサウナー / かんと師匠,電波姫☆いまりちゃん / さくらこはダムです / メル子大先生 / 明日香大明神 / 甲羅暮らしの201号,complete
4,90,em-bc2106c87bcd,?????,15,511,2811,3,damage_reduction,-0.1875,-0.2513,0.5486,0.7361,電波姫☆いまりちゃん / 一葉ちゃんは作家さん / メル子大先生 / ????? / ロータス先輩,電波姫☆いまりちゃん / さくらこはダムです / メル子大先生 / 明日香大明神 / 甲羅暮らしの201号,complete
4,91,em-95b7f0f77e62,エンジェル道場,12,900,1000,4,attack_buff,-0.1875,-0.2513,0.5486,0.7361,電波姫☆いまりちゃん / メムノン２８号 / メル子大先生 / エンジェル道場 / 頑張るハクさん,電波姫☆いまりちゃん / さくらこはダムです / メル子大先生 / 明日香大明神 / 甲羅暮らしの201号,complete
4,92,em-bcb9b03bfeed,サンカクドナウ,13,1739,1739,3,multi_hit_attack,-0.1806,-0.2514,0.5556,0.7361,電波姫☆いまりちゃん / 一葉ちゃんは作家さん / メル子大先生 / サンカクドナウ / リスマニア,電波姫☆いまりちゃん / さくらこはダムです / メル子大先生 / 明日香大明神 / 甲羅暮らしの201号,complete
4,93,em-99460641a41d,奇岩妖精ペリバじゃん,40,6816,852,3,attack_buff,-0.1806,-0.2514,0.5556,0.7361,ハラショー☆ビッツェ / さくらこはダムです / ポディアさま / 奇岩妖精ペリバじゃん / かんと師匠,電波姫☆いまりちゃん / さくらこはダムです / メル子大先生 / 明日香大明神 / 甲羅暮らしの201号,complete
4,94,em-942c8f8de44d,エンゼルちゃん,22,1772,2590,3,heal,-0.1806,-0.2525,0.5556,0.7361,電波姫☆いまりちゃん / ペーチパイセン / ポディアさま / エンゼルちゃん / リスマニア,電波姫☆いまりちゃん / さくらこはダムです / メル子大先生 / 明日香大明神 / 甲羅暮らしの201号,complete
4,95,em-e626c795c8a8,スミス＆エズ,12,1200,400,3,attribute_guard,-0.1875,-0.2526,0.5486,0.7361,電波姫☆いまりちゃん / 一葉ちゃんは作家さん / メル子大先生 / スミス＆エズ / ロータス先輩,電波姫☆いまりちゃん / さくらこはダムです / メル子大先生 / 明日香大明神 / 甲羅暮らしの201号,complete
4,96,em-9bad632dc3a9,秋田世界発見伝,24,3838,845,4,guard,-0.1876,-0.2527,0.5485,0.7361,電波姫☆いまりちゃん / さくらこはダムです / ポディアさま / 秋田世界発見伝 / ロータス先輩,電波姫☆いまりちゃん / さくらこはダムです / メル子大先生 / 明日香大明神 / 甲羅暮らしの201号,complete
4,97,em-2080ae65b62a,モヅルン,37,3771,1908,3,attribute_guard,-0.1806,-0.2536,0.5556,0.7361,ラグーン☆南 / ペーチパイセン / ポディアさま / モヅルン / 頑張るハクさん,電波姫☆いまりちゃん / さくらこはダムです / メル子大先生 / 明日香大明神 / 甲羅暮らしの201号,complete
4,98,em-96a3648b46e2,チョコ染めの安井さん,32,3646,4089,3,guard,-0.1875,-0.2538,0.5486,0.7361,ハラショー☆ビッツェ / 一葉ちゃんは作家さん / ポディアさま / チョコ染めの安井さん / 頑張るハクさん,電波姫☆いまりちゃん / さくらこはダムです / メル子大先生 / 明日香大明神 / 甲羅暮らしの201号,complete
4,99,em-45aaafc4cae5,首領・刑部たぬた,40,6645,2726,4,multi_hit_attack,-0.1806,-0.2547,0.5556,0.7361,ハラショー☆ビッツェ / さくらこはダムです / ポディアさま / 首領・刑部たぬた / かんと師匠,電波姫☆いまりちゃん / さくらこはダムです / メル子大先生 / 明日香大明神 / 甲羅暮らしの201号,complete
4,100,em-d368809aa822,ﾜﾙﾌﾟﾙｷﾞｽなメル子様,39,6560,3152,3,attribute_guard,-0.1875,-0.2562,0.5486,0.7361,電波姫☆いまりちゃん / ペーチパイセン / ポディアさま / ﾜﾙﾌﾟﾙｷﾞｽなメル子様 / ガハラさん,電波姫☆いまりちゃん / さくらこはダムです / メル子大先生 / 明日香大明神 / 甲羅暮らしの201号,complete
4,101,em-2e3e250aef5e,IMO NI FESTIVAL 2018,14,1837,1161,3,aoe_attack,-0.1875,-0.2562,0.5486,0.7361,電波姫☆いまりちゃん / 一葉ちゃんは作家さん / すわ子isGOD！ / IMO NI FESTIVAL 2018 / 頑張るハクさん,電波姫☆いまりちゃん / さくらこはダムです / メル子大先生 / 明日香大明神 / 甲羅暮らしの201号,complete
4,102,em-1374a3351d4c,忍！fuま＆voたん,17,1510,1510,3,guard,-0.1875,-0.2562,0.5486,0.7361,電波姫☆いまりちゃん / 一葉ちゃんは作家さん / メル子大先生 / 忍！fuま＆voたん / 頑張るハクさん,電波姫☆いまりちゃん / さくらこはダムです / メル子大先生 / 明日香大明神 / 甲羅暮らしの201号,complete
4,103,em-2a01f5ee5de4,ガラパゴスおぅぼっと,12,1200,600,4,damage_reduction,-0.1944,-0.2572,0.5417,0.7361,電波姫☆いまりちゃん / 一葉ちゃんは作家さん / メル子大先生 / ガラパゴスおぅぼっと / ロータス先輩,電波姫☆いまりちゃん / さくらこはダムです / メル子大先生 / 明日香大明神 / 甲羅暮らしの201号,complete
4,104,em-ff5428a9ceca,アブラムシ,30,5112,3408,4,revive,-0.1944,-0.2572,0.5417,0.7361,電波姫☆いまりちゃん / さくらこはダムです / ポディアさま / アブラムシ / zuス様とsiラ様,電波姫☆いまりちゃん / さくらこはダムです / メル子大先生 / 明日香大明神 / 甲羅暮らしの201号,complete
4,105,em-d751cb04cbae,ショウリョウ,50,6475,3493,3,multi_hit_attack,-0.1806,-0.2579,0.5556,0.7361,ハラショー☆ビッツェ / さくらこはダムです / ポディアさま / ショウリョウ / ガハラさん,電波姫☆いまりちゃん / さくらこはダムです / メル子大先生 / 明日香大明神 / 甲羅暮らしの201号,complete
4,106,em-76e8610f4ab5,ラリベラ大先輩,22,2265,2265,3,damage_reduction,-0.1875,-0.2585,0.5486,0.7361,電波姫☆いまりちゃん / ペーチパイセン / ポディアさま / ラリベラ大先輩 / ロータス先輩,電波姫☆いまりちゃん / さくらこはダムです / メル子大先生 / 明日香大明神 / 甲羅暮らしの201号,complete
4,107,em-b5317027555c,森神ブーナッド,36,4941,3408,4,heal,-0.1875,-0.2585,0.5486,0.7361,ラグーン☆南 / ペーチパイセン / ポディアさま / 森神ブーナッド / 頑張るハクさん,電波姫☆いまりちゃん / さくらこはダムです / メル子大先生 / 明日香大明神 / 甲羅暮らしの201号,complete
4,108,em-ec6e97efd933,ラホさん,13,2114,1661,3,heal,-0.1875,-0.2585,0.5486,0.7361,電波姫☆いまりちゃん / 一葉ちゃんは作家さん / ポディアさま / ラホさん / ロータス先輩,電波姫☆いまりちゃん / さくらこはダムです / メル子大先生 / 明日香大明神 / 甲羅暮らしの201号,complete
4,109,em-8cc0455bca09,バンクロ・フッド,25,3220,2093,3,guard,-0.1875,-0.2596,0.5486,0.7361,電波姫☆いまりちゃん / ペーチパイセン / ポディアさま / バンクロ・フッド / ロータス先輩,電波姫☆いまりちゃん / さくらこはダムです / メル子大先生 / 明日香大明神 / 甲羅暮らしの201号,complete
4,110,em-4afb3d011e67,得琉田浜蔵,12,2696,1992,3,attribute_change,-0.1875,-0.2596,0.5486,0.7361,電波姫☆いまりちゃん / 一葉ちゃんは作家さん / ポディアさま / 得琉田浜蔵 / ロータス先輩,電波姫☆いまりちゃん / さくらこはダムです / メル子大先生 / 明日香大明神 / 甲羅暮らしの201号,complete
4,111,em-57204b8d6ee6,伝説のWoo怪,12,1126,2393,4,multi_hit_attack,-0.1875,-0.2596,0.5486,0.7361,電波姫☆いまりちゃん / 一葉ちゃんは作家さん / メル子大先生 / 伝説のWoo怪 / リスマニア,電波姫☆いまりちゃん / さくらこはダムです / メル子大先生 / 明日香大明神 / 甲羅暮らしの201号,complete
4,112,em-0fb8a8bf095f,修行るハクさん,18,1400,1600,4,attack_buff,-0.1944,-0.2597,0.5417,0.7361,電波姫☆いまりちゃん / 一葉ちゃんは作家さん / メル子大先生 / 修行るハクさん / 頑張るハクさん,電波姫☆いまりちゃん / さくらこはダムです / メル子大先生 / 明日香大明神 / 甲羅暮らしの201号,complete
4,113,em-2023baf2b5e2,ガハラ大明神,9,1198,1057,4,attack_buff,-0.1944,-0.2597,0.5417,0.7361,電波姫☆いまりちゃん / 一葉ちゃんは作家さん / メル子大先生 / ガハラ大明神 / リスマニア,電波姫☆いまりちゃん / さくらこはダムです / メル子大先生 / 明日香大明神 / 甲羅暮らしの201号,complete
4,114,em-a94a52532d71,あまのちゃん先輩,20,1200,500,3,multi_hit_attack,-0.1944,-0.2597,0.5417,0.7361,電波姫☆いまりちゃん / 一葉ちゃんは作家さん / メル子大先生 / あまのちゃん先輩 / 頑張るハクさん,電波姫☆いまりちゃん / さくらこはダムです / メル子大先生 / 明日香大明神 / 甲羅暮らしの201号,complete
4,115,em-1661134d99fb,魔女っ子ruruとlulu,19,2898,2898,3,attack_buff,-0.1875,-0.2607,0.5486,0.7361,電波姫☆いまりちゃん / さくらこはダムです / ポディアさま / 魔女っ子ruruとlulu / リスマニア,電波姫☆いまりちゃん / さくらこはダムです / メル子大先生 / 明日香大明神 / 甲羅暮らしの201号,complete
4,116,em-ae6ea6bc1914,ズースくん,3,500,400,4,attack_buff,-0.1875,-0.2607,0.5486,0.7361,ソクラテツ / ペーチパイセン / ゴロウ / ズースくん / ケーンクラちゃん,電波姫☆いまりちゃん / さくらこはダムです / メル子大先生 / 明日香大明神 / 甲羅暮らしの201号,complete
4,117,em-52de8bb54262,ボビンちゃん,33,3748,4771,3,damage_reduction,-0.1875,-0.2607,0.5486,0.7361,ハラショー☆ビッツェ / 一葉ちゃんは作家さん / ポディアさま / ボビンちゃん / かんと師匠,電波姫☆いまりちゃん / さくらこはダムです / メル子大先生 / 明日香大明神 / 甲羅暮らしの201号,complete
4,118,em-e795d2bbe2f0,北政所ねね様,60,5623,4601,3,attribute_guard,-0.1806,-0.2609,0.5556,0.7361,ハラショー☆ビッツェ / さくらこはダムです / タミちゃん / 北政所ねね様 / zuス様とsiラ様,電波姫☆いまりちゃん / さくらこはダムです / メル子大先生 / 明日香大明神 / 甲羅暮らしの201号,complete
4,119,em-efe37d2509f9,aiちゃん,19,3542,2254,4,damage_reduction,-0.1944,-0.2609,0.5417,0.7361,電波姫☆いまりちゃん / キルワくん / ポディアさま / aiちゃん / ロータス先輩,電波姫☆いまりちゃん / さくらこはダムです / メル子大先生 / 明日香大明神 / 甲羅暮らしの201号,complete
4,120,em-8527b3dd869a,帰って来たいぬやマン,21,1661,1661,4,attack_buff,-0.1944,-0.2609,0.5417,0.7361,電波姫☆いまりちゃん / 一葉ちゃんは作家さん / メル子大先生 / 帰って来たいぬやマン / 頑張るハクさん,電波姫☆いまりちゃん / さくらこはダムです / メル子大先生 / 明日香大明神 / 甲羅暮らしの201号,complete
4,121,em-fe9fc4184474,聖えぇじゃないか,17,2817,2334,4,aoe_attack,-0.1944,-0.2609,0.5417,0.7361,電波姫☆いまりちゃん / 一葉ちゃんは作家さん / ポディアさま / 聖えぇじゃないか / 頑張るハクさん,電波姫☆いまりちゃん / さくらこはダムです / メル子大先生 / 明日香大明神 / 甲羅暮らしの201号,complete
4,122,em-0bcb369cdcd9,キタキツネの神様,36,3748,4771,3,attack_buff,-0.2014,-0.2616,0.5347,0.7361,電波姫☆いまりちゃん / ペーチパイセン / ポディアさま / キタキツネの神様 / まつやマン,電波姫☆いまりちゃん / さくらこはダムです / メル子大先生 / 明日香大明神 / 甲羅暮らしの201号,complete
4,123,em-d0ab149939aa,製鉄所★澤先輩,24,5313,1771,3,skill_reduction,-0.2014,-0.2616,0.5347,0.7361,電波姫☆いまりちゃん / 一葉ちゃんは作家さん / ポディアさま / 製鉄所★澤先輩 / ガハラさん,電波姫☆いまりちゃん / さくらこはダムです / メル子大先生 / 明日香大明神 / 甲羅暮らしの201号,partial-skill-support
4,124,em-294f61da0084,Ｃ・Ｃ☆電車姫,22,3741,1973,4,attack_buff,-0.1875,-0.2618,0.5486,0.7361,電波姫☆いまりちゃん / ペーチパイセン / ポディアさま / Ｃ・Ｃ☆電車姫 / リスマニア,電波姫☆いまりちゃん / さくらこはダムです / メル子大先生 / 明日香大明神 / 甲羅暮らしの201号,complete
4,125,em-7747ea5c5a73,諏訪子成長期,38,3067,5623,3,multi_hit_attack,-0.1806,-0.2619,0.5556,0.7361,ラグーン☆南 / ペーチパイセン / ポディアさま / 諏訪子成長期 / かんと師匠,電波姫☆いまりちゃん / さくらこはダムです / メル子大先生 / 明日香大明神 / 甲羅暮らしの201号,complete
4,126,em-831cf6862a55,リスマニア,20,644,4186,4,multi_hit_attack,-0.1944,-0.2633,0.5417,0.7361,電波姫☆いまりちゃん / 一葉ちゃんは作家さん / メル子大先生 / リスマニア / 頑張るハクさん,電波姫☆いまりちゃん / さくらこはダムです / メル子大先生 / 明日香大明神 / 甲羅暮らしの201号,complete
4,127,em-69643c1d0dd1,かなんで世界師匠,19,2705,2576,3,attack_buff,-0.1875,-0.2639,0.5486,0.7361,電波姫☆いまりちゃん / ペーチパイセン / ポディアさま / かなんで世界師匠 / リスマニア,電波姫☆いまりちゃん / さくらこはダムです / メル子大先生 / 明日香大明神 / 甲羅暮らしの201号,complete
4,128,em-bd98030ead3e,首領子襲来!!,33,5680,3786,4,heal,-0.1875,-0.2639,0.5486,0.7361,ハラショー☆ビッツェ / 一葉ちゃんは作家さん / ポディアさま / 首領子襲来!! / かんと師匠,電波姫☆いまりちゃん / さくらこはダムです / メル子大先生 / 明日香大明神 / 甲羅暮らしの201号,complete
4,129,em-364d00ce9330,郷さん,12,1000,800,4,damage_reduction,-0.2014,-0.2643,0.5347,0.7361,電波姫☆いまりちゃん / メムノン２８号 / メル子大先生 / 郷さん / 頑張るハクさん,電波姫☆いまりちゃん / さくらこはダムです / メル子大先生 / 明日香大明神 / 甲羅暮らしの201号,complete
4,130,em-6cd60ff1e38a,ひきやまんさん,12,815,817,3,attack_buff,-0.2014,-0.2643,0.5347,0.7361,電波姫☆いまりちゃん / メムノン２８号 / メル子大先生 / ひきやまんさん / 頑張るハクさん,電波姫☆いまりちゃん / さくらこはダムです / メル子大先生 / 明日香大明神 / 甲羅暮らしの201号,complete
4,131,em-455191024aba,偉いぞさいごー丼,15,2718,1132,3,attribute_guard,-0.1944,-0.2644,0.5417,0.7361,電波姫☆いまりちゃん / 一葉ちゃんは作家さん / ポディアさま / 偉いぞさいごー丼 / zuス様とsiラ様,電波姫☆いまりちゃん / さくらこはダムです / メル子大先生 / 明日香大明神 / 甲羅暮らしの201号,complete
4,132,em-89f674ec8b42,ハクさん隊長,25,2737,3059,3,attack_buff,-0.1944,-0.2644,0.5417,0.7361,電波姫☆いまりちゃん / さくらこはダムです / ポディアさま / ハクさん隊長 / 頑張るハクさん,電波姫☆いまりちゃん / さくらこはダムです / メル子大先生 / 明日香大明神 / 甲羅暮らしの201号,complete
4,133,em-9a37900ca77a,椴椎葉仁久連子,14,830,2567,4,attack_buff,-0.1944,-0.2644,0.5417,0.7361,電波姫☆いまりちゃん / 一葉ちゃんは作家さん / 時のプラズマ / 椴椎葉仁久連子 / リスマニア,電波姫☆いまりちゃん / さくらこはダムです / メル子大先生 / 明日香大明神 / 甲羅暮らしの201号,complete
4,134,em-4b8003f0f990,メル子さま,12,800,800,3,attack_buff,-0.1944,-0.2644,0.5417,0.7361,電波姫☆いまりちゃん / 一葉ちゃんは作家さん / メル子大先生 / メル子さま / リスマニア,電波姫☆いまりちゃん / さくらこはダムです / メル子大先生 / 明日香大明神 / 甲羅暮らしの201号,complete
4,135,em-52c5ebfefb96,一服のうっぴー,42,6475,3408,3,heal,-0.1875,-0.265,0.5486,0.7361,ハラショー☆ビッツェ / さくらこはダムです / ポディアさま / 一服のうっぴー / かんと師匠,電波姫☆いまりちゃん / さくらこはダムです / メル子大先生 / 明日香大明神 / 甲羅暮らしの201号,complete
4,136,em-93a9275d427c,肉食ドゥブロさん,32,5106,3404,3,attack_buff,-0.2014,-0.2655,0.5347,0.7361,電波姫☆いまりちゃん / ペーチパイセン / ポディアさま / 肉食ドゥブロさん / かんと師匠,電波姫☆いまりちゃん / さくらこはダムです / メル子大先生 / 明日香大明神 / 甲羅暮らしの201号,complete
4,137,em-b932d51bd1fd,もりりんもんそん,16,1005,2974,4,attack_buff,-0.2014,-0.2655,0.5347,0.7361,電波姫☆いまりちゃん / 一葉ちゃんは作家さん / メル子大先生 / もりりんもんそん / 頑張るハクさん,電波姫☆いまりちゃん / さくらこはダムです / メル子大先生 / 明日香大明神 / 甲羅暮らしの201号,complete
4,138,em-8cafabee26c4,ホルトバージ君,22,5285,830,4,attack_buff,-0.1944,-0.2667,0.5417,0.7361,電波姫☆いまりちゃん / ペーチパイセン / ポディアさま / ホルトバージ君 / リスマニア,電波姫☆いまりちゃん / さくらこはダムです / メル子大先生 / 明日香大明神 / 甲羅暮らしの201号,complete
4,139,em-05476daa6b31,だんじり鉄砲隊,26,805,3599,4,attack_buff,-0.1944,-0.2667,0.5417,0.7361,電波姫☆いまりちゃん / ペーチパイセン / メル子大先生 / だんじり鉄砲隊 / リスマニア,電波姫☆いまりちゃん / さくらこはダムです / メル子大先生 / 明日香大明神 / 甲羅暮らしの201号,complete
4,140,em-33e6bfd45207,みさきパイセン,22,2737,3059,3,multi_hit_attack,-0.1944,-0.2667,0.5417,0.7361,電波姫☆いまりちゃん / ペーチパイセン / ポディアさま / みさきパイセン / リスマニア,電波姫☆いまりちゃん / さくらこはダムです / メル子大先生 / 明日香大明神 / 甲羅暮らしの201号,complete
4,141,em-ba09169b5b3d,あまのちゃん,12,300,200,4,multi_hit_attack,-0.2014,-0.2668,0.5347,0.7361,電波姫☆いまりちゃん / 一葉ちゃんは作家さん / メル子大先生 / あまのちゃん / リスマニア,電波姫☆いまりちゃん / さくらこはダムです / メル子大先生 / 明日香大明神 / 甲羅暮らしの201号,complete
4,142,em-7f906b3752a5,華麗なびわ子たん,10,1213,1190,3,damage_reduction,-0.2014,-0.2668,0.5347,0.7361,電波姫☆いまりちゃん / 一葉ちゃんは作家さん / すわ子isGOD！ / 華麗なびわ子たん / リスマニア,電波姫☆いまりちゃん / さくらこはダムです / メル子大先生 / 明日香大明神 / 甲羅暮らしの201号,complete
4,143,em-d0639c20e6b1,ユーコ☆宇宙,24,4260,2556,4,revive,-0.2083,-0.2674,0.5278,0.7361,電波姫☆いまりちゃん / さくらこはダムです / ポディアさま / ユーコ☆宇宙 / 頑張るハクさん,電波姫☆いまりちゃん / さくらこはダムです / メル子大先生 / 明日香大明神 / 甲羅暮らしの201号,complete
4,144,em-82e855b7910f,栗林掬太郎,33,5453,2385,4,heal,-0.2014,-0.268,0.5347,0.7361,電波姫☆いまりちゃん / ペーチパイセン / ポディアさま / 栗林掬太郎 / zuス様とsiラ様,電波姫☆いまりちゃん / さくらこはダムです / メル子大先生 / 明日香大明神 / 甲羅暮らしの201号,complete
4,145,em-ab9b2ce76191,B・O・B,37,4935,3244,3,delay,-0.2014,-0.268,0.5347,0.7361,ラグーン☆南 / ペーチパイセン / ポディアさま / B・O・B / 頑張るハクさん,電波姫☆いまりちゃん / さくらこはダムです / メル子大先生 / 明日香大明神 / 甲羅暮らしの201号,partial-skill-support
4,146,em-1c5a28eee21d,首領子襲来!!,30,5680,3786,4,heal,-0.2014,-0.268,0.5347,0.7361,電波姫☆いまりちゃん / ペーチパイセン / ポディアさま / 首領子襲来!! / かんと師匠,電波姫☆いまりちゃん / さくらこはダムです / メル子大先生 / 明日香大明神 / 甲羅暮らしの201号,complete
4,147,em-9a400a6535d5,ｸﾗﾌﾄｼﾞﾝｼﾞｬｰの妖精,44,5054,5006,4,skill_reduction,-0.1944,-0.2689,0.5417,0.7361,ラグーン☆南 / ペーチパイセン / ポディアさま / ｸﾗﾌﾄｼﾞﾝｼﾞｬｰの妖精 / ガハラさん,電波姫☆いまりちゃん / さくらこはダムです / メル子大先生 / 明日香大明神 / 甲羅暮らしの201号,partial-skill-support
4,148,em-db5f6b243818,頑張るハクさん,12,1000,1200,4,attack_buff,-0.2014,-0.2692,0.5347,0.7361,電波姫☆いまりちゃん / 一葉ちゃんは作家さん / メル子大先生 / 頑張るハクさん / リスマニア,電波姫☆いまりちゃん / さくらこはダムです / メル子大先生 / 明日香大明神 / 甲羅暮らしの201号,complete
4,149,em-f9894daec60a,ひきやまんさん先輩,16,1209,1267,3,attack_buff,-0.2014,-0.2692,0.5347,0.7361,電波姫☆いまりちゃん / 一葉ちゃんは作家さん / メル子大先生 / ひきやまんさん先輩 / 頑張るハクさん,電波姫☆いまりちゃん / さくらこはダムです / メル子大先生 / 明日香大明神 / 甲羅暮らしの201号,complete
4,150,em-6f76a23db620,伏姫さま,17,2006,676,4,guard,-0.2083,-0.27,0.5278,0.7361,電波姫☆いまりちゃん / 一葉ちゃんは作家さん / メル子大先生 / 伏姫さま / ロータス先輩,電波姫☆いまりちゃん / さくらこはダムです / メル子大先生 / 明日香大明神 / 甲羅暮らしの201号,complete
4,151,em-59ac9769ef60,神犬八房伏姫様,24,4093,1223,4,guard,-0.2014,-0.2703,0.5347,0.7361,電波姫☆いまりちゃん / ペーチパイセン / ポディアさま / 神犬八房伏姫様 / ロータス先輩,電波姫☆いまりちゃん / さくらこはダムです / メル子大先生 / 明日香大明神 / 甲羅暮らしの201号,complete
4,152,em-c3ea022d7d2f,にゅーさん,12,500,1900,3,guard,-0.2014,-0.2703,0.5347,0.7361,電波姫☆いまりちゃん / 一葉ちゃんは作家さん / メル子大先生 / にゅーさん / リスマニア,電波姫☆いまりちゃん / さくらこはダムです / メル子大先生 / 明日香大明神 / 甲羅暮らしの201号,complete
4,153,em-4bde1481e932,黒電話おぅぼっと,9,1000,400,4,damage_reduction,-0.2083,-0.2713,0.5278,0.7361,電波姫☆いまりちゃん / 一葉ちゃんは作家さん / メル子大先生 / 黒電話おぅぼっと / ロータス先輩,電波姫☆いまりちゃん / さくらこはダムです / メル子大先生 / 明日香大明神 / 甲羅暮らしの201号,complete
4,154,em-830a0f543f12,ぬーんちゃん,12,1100,1100,4,delay,-0.2083,-0.2713,0.5278,0.7361,電波姫☆いまりちゃん / メムノン２８号 / メル子大先生 / ぬーんちゃん / 頑張るハクさん,電波姫☆いまりちゃん / さくらこはダムです / メル子大先生 / 明日香大明神 / 甲羅暮らしの201号,partial-skill-support
4,155,em-13eb68eee59d,マーサイ兄さん,34,4260,3834,4,attack_buff,-0.2014,-0.2715,0.5347,0.7361,電波姫☆いまりちゃん / さくらこはダムです / ポディアさま / マーサイ兄さん / まつやマン,電波姫☆いまりちゃん / さくらこはダムです / メル子大先生 / 明日香大明神 / 甲羅暮らしの201号,complete
4,156,em-748c1a866dbc,Hey Yeah 清盛,75,11417,2896,3,guard,-0.1944,-0.272,0.5417,0.7361,アリストソテツ / ペーチパイセン / 深海人ゴロウ / Hey Yeah 清盛 / ズースくん,電波姫☆いまりちゃん / さくらこはダムです / メル子大先生 / 明日香大明神 / 甲羅暮らしの201号,complete
4,157,em-4486202bf7a9,名代ＰＩＧかっちゃん,13,1812,1812,4,multi_hit_attack,-0.2014,-0.2726,0.5347,0.7361,電波姫☆いまりちゃん / 一葉ちゃんは作家さん / ポディアさま / 名代ＰＩＧかっちゃん / ロータス先輩,電波姫☆いまりちゃん / さくらこはダムです / メル子大先生 / 明日香大明神 / 甲羅暮らしの201号,complete
4,158,em-45dad5139056,ベギン改・修道女,37,4565,4467,4,revive,-0.2014,-0.2726,0.5347,0.7361,電波姫☆いまりちゃん / さくらこはダムです / ポディアさま / ベギン改・修道女 / ガハラさん,電波姫☆いまりちゃん / さくらこはダムです / メル子大先生 / 明日香大明神 / 甲羅暮らしの201号,complete
4,159,em-271fbedbbf39,レオ,22,2737,2093,4,damage_reduction,-0.2014,-0.2726,0.5347,0.7361,電波姫☆いまりちゃん / ペーチパイセン / ポディアさま / レオ / リスマニア,電波姫☆いまりちゃん / さくらこはダムです / メル子大先生 / 明日香大明神 / 甲羅暮らしの201号,complete
4,160,em-1d6b42059506,レーティッシュ凛子,35,5623,3229,3,attack_buff,-0.2014,-0.2726,0.5347,0.7361,ハラショー☆ビッツェ / さくらこはダムです / ポディアさま / レーティッシュ凛子 / リスマニア,電波姫☆いまりちゃん / さくらこはダムです / メル子大先生 / 明日香大明神 / 甲羅暮らしの201号,complete
4,161,em-40d3f72da6f1,まいこさま,12,1699,1699,4,heal,-0.2083,-0.2726,0.5278,0.7361,電波姫☆いまりちゃん / 一葉ちゃんは作家さん / ポディアさま / まいこさま / ロータス先輩,電波姫☆いまりちゃん / さくらこはダムです / メル子大先生 / 明日香大明神 / 甲羅暮らしの201号,complete
4,162,em-54ee851ff3fb,zuス様とsiラ様,10,1410,987,4,attack_buff,-0.2083,-0.2726,0.5278,0.7361,電波姫☆いまりちゃん / 一葉ちゃんは作家さん / メル子大先生 / zuス様とsiラ様 / リスマニア,電波姫☆いまりちゃん / さくらこはダムです / メル子大先生 / 明日香大明神 / 甲羅暮らしの201号,complete
4,163,em-3fef7ee3dc51,トゥバタハのシレーナ,60,3919,4601,3,aoe_attack,-0.1944,-0.273,0.5417,0.7361,ハラショー☆ビッツェ / ペーチパイセン / タミちゃん / トゥバタハのシレーナ / 頑張るハクさん,電波姫☆いまりちゃん / さくらこはダムです / メル子大先生 / 明日香大明神 / 甲羅暮らしの201号,complete
4,164,em-7fa1cc0147ae,フンコロガシ,66,5453,4430,3,aoe_attack,-0.2014,-0.2737,0.5347,0.7361,どんこ太郎 / ペーチパイセン / すわ子isGOD！ / フンコロガシ / ガハラさん,電波姫☆いまりちゃん / さくらこはダムです / メル子大先生 / 明日香大明神 / 甲羅暮らしの201号,complete
4,165,em-26ea85de7340,のり男先輩,7,534,446,3,attribute_guard,-0.2083,-0.2738,0.5278,0.7361,電波姫☆いまりちゃん / 一葉ちゃんは作家さん / メル子大先生 / のり男先輩 / ロータス先輩,電波姫☆いまりちゃん / さくらこはダムです / メル子大先生 / 明日香大明神 / 甲羅暮らしの201号,complete
4,166,em-c8d0b7ef1b10,めい子お姉さま,9,1159,1244,4,attribute_guard,-0.2083,-0.2738,0.5278,0.7361,電波姫☆いまりちゃん / 一葉ちゃんは作家さん / メル子大先生 / めい子お姉さま / ロータス先輩,電波姫☆いまりちゃん / さくらこはダムです / メル子大先生 / 明日香大明神 / 甲羅暮らしの201号,complete
4,167,em-e74f447e061a,あわわ子先生,16,1500,1500,4,attack_buff,-0.2083,-0.2738,0.5278,0.7361,電波姫☆いまりちゃん / 一葉ちゃんは作家さん / メル子大先生 / あわわ子先生 / 頑張るハクさん,電波姫☆いまりちゃん / さくらこはダムです / メル子大先生 / 明日香大明神 / 甲羅暮らしの201号,complete
4,168,em-b51403a1ad5c,しずこさん,12,800,1200,4,multi_hit_attack,-0.2083,-0.2738,0.5278,0.7361,電波姫☆いまりちゃん / メムノン２８号 / メル子大先生 / しずこさん / 頑張るハクさん,電波姫☆いまりちゃん / さくらこはダムです / メル子大先生 / 明日香大明神 / 甲羅暮らしの201号,complete
4,169,em-fa860bd30bd0,まつやマン・改,12,800,800,4,attack_buff,-0.2083,-0.2738,0.5278,0.7361,電波姫☆いまりちゃん / メムノン２８号 / メル子大先生 / まつやマン・改 / 頑張るハクさん,電波姫☆いまりちゃん / さくらこはダムです / メル子大先生 / 明日香大明神 / 甲羅暮らしの201号,complete
4,170,em-48b5d909c409,南紀な白良さん,15,800,800,4,attack_buff,-0.2083,-0.2738,0.5278,0.7361,電波姫☆いまりちゃん / 一葉ちゃんは作家さん / メル子大先生 / 南紀な白良さん / 頑張るハクさん,電波姫☆いまりちゃん / さくらこはダムです / メル子大先生 / 明日香大明神 / 甲羅暮らしの201号,complete
4,171,em-cf978e56c758,大スギですっ♪,19,2718,1057,3,guard,-0.2083,-0.2738,0.5278,0.7361,電波姫☆いまりちゃん / 一葉ちゃんは作家さん / ポディアさま / 大スギですっ♪ / zuス様とsiラ様,電波姫☆いまりちゃん / さくらこはダムです / メル子大先生 / 明日香大明神 / 甲羅暮らしの201号,complete
4,172,em-3908ae85bb5b,にいがタソ,12,2000,200,4,attribute_guard,-0.2083,-0.2738,0.5278,0.7361,電波姫☆いまりちゃん / 一葉ちゃんは作家さん / ポディアさま / にいがタソ / ロータス先輩,電波姫☆いまりちゃん / さくらこはダムです / メル子大先生 / 明日香大明神 / 甲羅暮らしの201号,complete
4,173,em-5f311c45014a,パーントゥ大先生,37,2409,4819,3,attack_buff,-0.2083,-0.2738,0.5278,0.7361,電波姫☆いまりちゃん / さくらこはダムです / ポディアさま / パーントゥ大先生 / ガハラさん,電波姫☆いまりちゃん / さくらこはダムです / メル子大先生 / 明日香大明神 / 甲羅暮らしの201号,complete
4,174,em-7c5fdd7af70d,覚醒むりょく,6,198,89,3,multi_hit_attack,-0.2083,-0.275,0.5278,0.7361,電波姫☆いまりちゃん / メムノン２８号 / すわ子isGOD！ / 覚醒むりょく / 頑張るハクさん,電波姫☆いまりちゃん / さくらこはダムです / メル子大先生 / 明日香大明神 / 甲羅暮らしの201号,complete
4,175,em-0e72749fac67,たこ焼きーナ師匠,8,561,2446,4,attack_buff,-0.2083,-0.275,0.5278,0.7361,電波姫☆いまりちゃん / 一葉ちゃんは作家さん / メル子大先生 / たこ焼きーナ師匠 / リスマニア,電波姫☆いまりちゃん / さくらこはダムです / メル子大先生 / 明日香大明神 / 甲羅暮らしの201号,complete
4,176,em-377a00f7a666,のり男,4,334,278,3,attribute_guard,-0.2153,-0.2758,0.5208,0.7361,電波姫☆いまりちゃん / ペーチパイセン / すわ子isGOD！ / のり男 / ライオットうお太,電波姫☆いまりちゃん / さくらこはダムです / メル子大先生 / 明日香大明神 / 甲羅暮らしの201号,complete
4,177,em-94d8799def3b,発音鬼リチャード,17,2576,3220,4,aoe_attack,-0.2014,-0.2759,0.5347,0.7361,電波姫☆いまりちゃん / ペーチパイセン / ポディアさま / 発音鬼リチャード / リスマニア,電波姫☆いまりちゃん / さくらこはダムです / メル子大先生 / 明日香大明神 / 甲羅暮らしの201号,complete
4,178,em-6722337c6d78,雨降る倉敷のみかん姐,15,2718,1963,4,aoe_attack,-0.2083,-0.2762,0.5278,0.7361,電波姫☆いまりちゃん / 一葉ちゃんは作家さん / ポディアさま / 雨降る倉敷のみかん姐 / かんと師匠,電波姫☆いまりちゃん / さくらこはダムです / メル子大先生 / 明日香大明神 / 甲羅暮らしの201号,complete
4,179,em-31f11b9a8df8,ももとふFREEダム,40,3408,4260,3,heal,-0.2083,-0.2762,0.5278,0.7361,電波姫☆いまりちゃん / ペーチパイセン / ポディアさま / ももとふFREEダム / ガハラさん,電波姫☆いまりちゃん / さくらこはダムです / メル子大先生 / 明日香大明神 / 甲羅暮らしの201号,complete
4,180,em-33880cee5e60,三貴子ツクヨミ,75,10735,4686,3,damage_reduction,-0.2014,-0.277,0.5347,0.7361,アリストソテツ / ペーチパイセン / 深海人ゴロウ / 三貴子ツクヨミ / スノーボーイ,電波姫☆いまりちゃん / さくらこはダムです / メル子大先生 / 明日香大明神 / 甲羅暮らしの201号,complete
4,181,em-1cd0c7153e75,みさき先輩,18,1400,1600,4,multi_hit_attack,-0.2083,-0.2774,0.5278,0.7361,電波姫☆いまりちゃん / 一葉ちゃんは作家さん / メル子大先生 / みさき先輩 / 頑張るハクさん,電波姫☆いまりちゃん / さくらこはダムです / メル子大先生 / 明日香大明神 / 甲羅暮らしの201号,complete
4,182,em-285738d60a75,もん先輩,13,2567,1057,3,heal,-0.2083,-0.2774,0.5278,0.7361,電波姫☆いまりちゃん / 一葉ちゃんは作家さん / ポディアさま / もん先輩 / ロータス先輩,電波姫☆いまりちゃん / さくらこはダムです / メル子大先生 / 明日香大明神 / 甲羅暮らしの201号,complete
4,183,em-fcf6ec919e80,ｱﾙﾊﾟ力のお兄(父)さん,10,763,2205,3,heal,-0.2083,-0.2774,0.5278,0.7361,電波姫☆いまりちゃん / メムノン２８号 / すわ子isGOD！ / ｱﾙﾊﾟ力のお兄(父)さん / 頑張るハクさん,電波姫☆いまりちゃん / さくらこはダムです / メル子大先生 / 明日香大明神 / 甲羅暮らしの201号,complete
4,184,em-737815742386,タオるんさん先輩,12,800,1000,3,attribute_guard,-0.2083,-0.2774,0.5278,0.7361,電波姫☆いまりちゃん / 一葉ちゃんは作家さん / メル子大先生 / タオるんさん先輩 / リスマニア,電波姫☆いまりちゃん / さくらこはダムです / メル子大先生 / 明日香大明神 / 甲羅暮らしの201号,complete
4,185,em-71504e292ebf,キャミー・the.女,13,1208,2567,3,heal,-0.2083,-0.2774,0.5278,0.7361,電波姫☆いまりちゃん / 一葉ちゃんは作家さん / メル子大先生 / キャミー・the.女 / リスマニア,電波姫☆いまりちゃん / さくらこはダムです / メル子大先生 / 明日香大明神 / 甲羅暮らしの201号,complete
4,186,em-89867a1b17eb,ゴッホさんとおこﾀﾞﾘｱ,25,3158,3220,4,guard,-0.2083,-0.2785,0.5278,0.7361,電波姫☆いまりちゃん / さくらこはダムです / ポディアさま / ゴッホさんとおこﾀﾞﾘｱ / 頑張るハクさん,電波姫☆いまりちゃん / さくらこはダムです / メル子大先生 / 明日香大明神 / 甲羅暮らしの201号,complete
4,187,em-4eb01150430f,ミス・エズさん,9,1100,300,4,attribute_guard,-0.2153,-0.2796,0.5208,0.7361,電波姫☆いまりちゃん / 一葉ちゃんは作家さん / メル子大先生 / ミス・エズさん / ロータス先輩,電波姫☆いまりちゃん / さくらこはダムです / メル子大先生 / 明日香大明神 / 甲羅暮らしの201号,complete
4,188,em-96ed71805a40,白鷺日女路嬢,21,4830,1255,3,heal,-0.2083,-0.2797,0.5278,0.7361,電波姫☆いまりちゃん / ペーチパイセン / ポディアさま / 白鷺日女路嬢 / リスマニア,電波姫☆いまりちゃん / さくらこはダムです / メル子大先生 / 明日香大明神 / 甲羅暮らしの201号,complete
4,189,em-939b27206a32,eっちゃん,7,1057,1198,4,revive,-0.2153,-0.2808,0.5208,0.7361,電波姫☆いまりちゃん / メムノン２８号 / すわ子isGOD！ / eっちゃん / 頑張るハクさん,電波姫☆いまりちゃん / さくらこはダムです / メル子大先生 / 明日香大明神 / 甲羅暮らしの201号,complete
4,190,em-ed707603ab87,荒ぶる水島神人,15,1200,600,3,guard,-0.2153,-0.2808,0.5208,0.7361,電波姫☆いまりちゃん / 一葉ちゃんは作家さん / メル子大先生 / 荒ぶる水島神人 / 頑張るハクさん,電波姫☆いまりちゃん / さくらこはダムです / メル子大先生 / 明日香大明神 / 甲羅暮らしの201号,complete
4,191,em-1fcf0af60c7a,老舗の牛タソ,14,1000,150,3,guard,-0.2153,-0.2808,0.5208,0.7361,電波姫☆いまりちゃん / 一葉ちゃんは作家さん / メル子大先生 / 老舗の牛タソ / 頑張るハクさん,電波姫☆いまりちゃん / さくらこはダムです / メル子大先生 / 明日香大明神 / 甲羅暮らしの201号,complete
4,192,em-8b0ee22a5cd7,ドナドナう皮,26,1676,1664,3,guard,-0.2153,-0.2808,0.5208,0.7361,電波姫☆いまりちゃん / ペーチパイセン / すわ子isGOD！ / ドナドナう皮 / ロータス先輩,電波姫☆いまりちゃん / さくらこはダムです / メル子大先生 / 明日香大明神 / 甲羅暮らしの201号,complete
4,193,em-64fa899f397f,ダル飯☆杏,44,5896,3340,4,guard,-0.2083,-0.2819,0.5278,0.7361,ラグーン☆南 / ペーチパイセン / ポディアさま / ダル飯☆杏 / ウシュか☆丸か,電波姫☆いまりちゃん / さくらこはダムです / メル子大先生 / 明日香大明神 / 甲羅暮らしの201号,complete
4,194,em-abedd080c9aa,ﾚﾌﾟﾗｺｰﾝな落花妖精,37,5112,2385,4,revive,-0.2083,-0.2819,0.5278,0.7361,ラグーン☆南 / ペーチパイセン / ポディアさま / ﾚﾌﾟﾗｺｰﾝな落花妖精 / 頑張るハクさん,電波姫☆いまりちゃん / さくらこはダムです / メル子大先生 / 明日香大明神 / 甲羅暮らしの201号,complete
4,195,em-cb1a83a105ac,大仏の可能性が微レ存,11,707,707,3,attack_buff,-0.2153,-0.2821,0.5208,0.7361,電波姫☆いまりちゃん / メムノン２８号 / メル子大先生 / 大仏の可能性が微レ存 / 頑張るハクさん,電波姫☆いまりちゃん / さくらこはダムです / メル子大先生 / 明日香大明神 / 甲羅暮らしの201号,complete
4,196,em-75717188c18a,あ、しょーか大先生,13,1812,1963,4,multi_hit_attack,-0.2153,-0.2821,0.5208,0.7361,電波姫☆いまりちゃん / 一葉ちゃんは作家さん / ポディアさま / あ、しょーか大先生 / ロータス先輩,電波姫☆いまりちゃん / さくらこはダムです / メル子大先生 / 明日香大明神 / 甲羅暮らしの201号,complete
4,197,em-83b1d87342f9,コン美なん吉先生,20,882,3381,4,revive,-0.2153,-0.2821,0.5208,0.7361,電波姫☆いまりちゃん / 一葉ちゃんは作家さん / メル子大先生 / コン美なん吉先生 / 頑張るハクさん,電波姫☆いまりちゃん / さくらこはダムです / メル子大先生 / 明日香大明神 / 甲羅暮らしの201号,complete
4,198,em-40bd3b1e44fa,五月病の悪魔の契約,55,4123,4226,4,aoe_attack,-0.2153,-0.2832,0.5208,0.7361,電波姫☆いまりちゃん / ペーチパイセン / タミちゃん / 五月病の悪魔の契約 / ガハラさん,電波姫☆いまりちゃん / さくらこはダムです / メル子大先生 / 明日香大明神 / 甲羅暮らしの201号,complete
4,199,em-a71ad4631750,絶許！近所のあん子,9,1131,989,4,heal,-0.2153,-0.2832,0.5208,0.7361,電波姫☆いまりちゃん / メムノン２８号 / すわ子isGOD！ / 絶許！近所のあん子 / 頑張るハクさん,電波姫☆いまりちゃん / さくらこはダムです / メル子大先生 / 明日香大明神 / 甲羅暮らしの201号,complete
4,200,em-01f1e4a2b36c,だーらくん三世,10,1500,100,3,guard,-0.2153,-0.2832,0.5208,0.7361,電波姫☆いまりちゃん / メムノン２８号 / すわ子isGOD！ / だーらくん三世 / 頑張るハクさん,電波姫☆いまりちゃん / さくらこはダムです / メル子大先生 / 明日香大明神 / 甲羅暮らしの201号,complete
4,201,em-2f3883a74098,jaック・ザ・ナイト,10,1408,1267,4,multi_hit_attack,-0.2153,-0.2832,0.5208,0.7361,電波姫☆いまりちゃん / 一葉ちゃんは作家さん / メル子大先生 / jaック・ザ・ナイト / リスマニア,電波姫☆いまりちゃん / さくらこはダムです / メル子大先生 / 明日香大明神 / 甲羅暮らしの201号,complete
4,202,em-2514a60f07c2,たけしサン,12,1000,1000,3,damage_reduction,-0.2153,-0.2832,0.5208,0.7361,電波姫☆いまりちゃん / 一葉ちゃんは作家さん / メル子大先生 / たけしサン / リスマニア,電波姫☆いまりちゃん / さくらこはダムです / メル子大先生 / 明日香大明神 / 甲羅暮らしの201号,complete
4,203,em-3c1078996c9c,めい子のNEW DAY,25,2760,2862,4,attribute_guard,-0.2153,-0.2844,0.5208,0.7361,電波姫☆いまりちゃん / ペーチパイセン / ポディアさま / めい子のNEW DAY / ロータス先輩,電波姫☆いまりちゃん / さくらこはダムです / メル子大先生 / 明日香大明神 / 甲羅暮らしの201号,complete
4,204,em-c5e484c5d286,マウント取瑠代,31,6076,1850,3,revive,-0.2153,-0.2844,0.5208,0.7361,電波姫☆いまりちゃん / ペーチパイセン / ポディアさま / マウント取瑠代 / zuス様とsiラ様,電波姫☆いまりちゃん / さくらこはダムです / メル子大先生 / 明日香大明神 / 甲羅暮らしの201号,complete
4,205,em-2b7450b3b8b1,トンコー先生,15,1510,1510,3,multi_hit_attack,-0.2153,-0.2844,0.5208,0.7361,電波姫☆いまりちゃん / 一葉ちゃんは作家さん / ポディアさま / トンコー先生 / 頑張るハクさん,電波姫☆いまりちゃん / さくらこはダムです / メル子大先生 / 明日香大明神 / 甲羅暮らしの201号,complete
4,206,em-5d62afcf01d5,転がる！けねず君,37,3408,2044,4,damage_reduction,-0.2083,-0.2851,0.5278,0.7361,ラグーン☆南 / ペーチパイセン / ポディアさま / 転がる！けねず君 / zuス様とsiラ様,電波姫☆いまりちゃん / さくらこはダムです / メル子大先生 / 明日香大明神 / 甲羅暮らしの201号,complete
4,207,em-74b9082a787c,暫時バル状態,19,2938,838,4,damage_reduction,-0.2222,-0.2854,0.5139,0.7361,電波姫☆いまりちゃん / 一葉ちゃんは作家さん / ポディアさま / 暫時バル状態 / zuス様とsiラ様,電波姫☆いまりちゃん / さくらこはダムです / メル子大先生 / 明日香大明神 / 甲羅暮らしの201号,complete
4,208,em-d0ce0f8b817c,あまのさんちゃん,17,600,300,4,multi_hit_attack,-0.2222,-0.2854,0.5139,0.7361,電波姫☆いまりちゃん / 一葉ちゃんは作家さん / メル子大先生 / あまのさんちゃん / 頑張るハクさん,電波姫☆いまりちゃん / さくらこはダムです / メル子大先生 / 明日香大明神 / 甲羅暮らしの201号,complete
4,209,em-8d2b5bd68a94,ズースさんとシーラさん,6,800,600,4,attack_buff,-0.2222,-0.2854,0.5139,0.7361,電波姫☆いまりちゃん / 一葉ちゃんは作家さん / メル子大先生 / ズースさんとシーラさん / リスマニア,電波姫☆いまりちゃん / さくらこはダムです / メル子大先生 / 明日香大明神 / 甲羅暮らしの201号,complete
4,210,em-1ac59ba07362,アロエ・ディ・コトマ,11,2013,535,4,attribute_guard,-0.2222,-0.2854,0.5139,0.7361,電波姫☆いまりちゃん / 一葉ちゃんは作家さん / ポディアさま / アロエ・ディ・コトマ / ロータス先輩,電波姫☆いまりちゃん / さくらこはダムです / メル子大先生 / 明日香大明神 / 甲羅暮らしの201号,complete
4,211,em-199bdad6398b,なるティス,12,1000,900,3,attack_buff,-0.2222,-0.2854,0.5139,0.7361,電波姫☆いまりちゃん / 一葉ちゃんは作家さん / メル子大先生 / なるティス / リスマニア,電波姫☆いまりちゃん / さくらこはダムです / メル子大先生 / 明日香大明神 / 甲羅暮らしの201号,complete
4,212,em-d51ded51621f,華麗なる塚ジェンヌ,13,1684,1676,3,revive,-0.2153,-0.2856,0.5208,0.7361,電波姫☆いまりちゃん / 一葉ちゃんは作家さん / ポディアさま / 華麗なる塚ジェンヌ / ロータス先輩,電波姫☆いまりちゃん / さくらこはダムです / メル子大先生 / 明日香大明神 / 甲羅暮らしの201号,complete
4,213,em-7df0be49e6e5,有砂・小町(課金C),40,5112,5112,3,attribute_change,-0.2153,-0.2856,0.5208,0.7361,電波姫☆いまりちゃん / ペーチパイセン / ポディアさま / 有砂・小町(課金C) / ガハラさん,電波姫☆いまりちゃん / さくらこはダムです / メル子大先生 / 明日香大明神 / 甲羅暮らしの201号,complete
4,214,em-58dbb7bc9653,六点魔王ノッブ,58,3408,5964,3,multi_hit_attack,-0.2153,-0.2856,0.5208,0.7361,ハラショー☆ビッツェ / どんこ太郎 / ポディアさま / 六点魔王ノッブ / ガハラさん,電波姫☆いまりちゃん / さくらこはダムです / メル子大先生 / 明日香大明神 / 甲羅暮らしの201号,complete
4,215,em-1e4dd5118669,三春瀧さくら,38,3919,3408,4,damage_reduction,-0.2083,-0.2861,0.5278,0.7361,ラグーン☆南 / ペーチパイセン / ポディアさま / 三春瀧さくら / かんと師匠,電波姫☆いまりちゃん / さくらこはダムです / メル子大先生 / 明日香大明神 / 甲羅暮らしの201号,complete
4,216,em-14092b64f08d,コハク糖の魔導師,46,4379,5367,3,attribute_change,-0.2083,-0.2861,0.5278,0.7361,ラグーン☆南 / ペーチパイセン / ポディアさま / コハク糖の魔導師 / ガハラさん,電波姫☆いまりちゃん / さくらこはダムです / メル子大先生 / 明日香大明神 / 甲羅暮らしの201号,complete
4,217,em-3bd6544e0bce,窓辺のやまなしーヌ,13,700,800,4,skill_reduction,-0.2222,-0.2866,0.5139,0.7361,電波姫☆いまりちゃん / 一葉ちゃんは作家さん / メル子大先生 / 窓辺のやまなしーヌ / リスマニア,電波姫☆いまりちゃん / さくらこはダムです / メル子大先生 / 明日香大明神 / 甲羅暮らしの201号,partial-skill-support
4,218,em-4e4148d4d231,羊大美麗・こ祝いくん,12,900,700,4,heal,-0.2222,-0.2866,0.5139,0.7361,電波姫☆いまりちゃん / メムノン２８号 / メル子大先生 / 羊大美麗・こ祝いくん / 頑張るハクさん,電波姫☆いまりちゃん / さくらこはダムです / メル子大先生 / 明日香大明神 / 甲羅暮らしの201号,complete
4,219,em-9ca244c83a38,ʤouカー＆ʧouカー,16,1510,2124,4,delay,-0.2222,-0.2866,0.5139,0.7361,電波姫☆いまりちゃん / 一葉ちゃんは作家さん / メル子大先生 / ʤouカー＆ʧouカー / 頑張るハクさん,電波姫☆いまりちゃん / さくらこはダムです / メル子大先生 / 明日香大明神 / 甲羅暮らしの201号,partial-skill-support
4,220,em-57dce5f944a3,うらうらら,50,4260,6390,4,multi_hit_attack,-0.2153,-0.2867,0.5208,0.7361,ハラショー☆ビッツェ / さくらこはダムです / ポディアさま / うらうらら / ガハラさん,電波姫☆いまりちゃん / さくらこはダムです / メル子大先生 / 明日香大明神 / 甲羅暮らしの201号,complete
4,221,em-46432847d531,ＢＥＷ雪玉,8,2538,705,3,attack_buff,-0.2153,-0.2878,0.5208,0.7361,電波姫☆いまりちゃん / 一葉ちゃんは作家さん / ポディアさま / ＢＥＷ雪玉 / リスマニア,電波姫☆いまりちゃん / さくらこはダムです / メル子大先生 / 明日香大明神 / 甲羅暮らしの201号,complete
4,222,em-f7f78d464e92,ウミウサーヌ,60,3408,4601,3,guard,-0.2222,-0.2879,0.5139,0.7361,ハラショー☆ビッツェ / どんこ太郎 / ポディアさま / ウミウサーヌ / ガハラさん,電波姫☆いまりちゃん / さくらこはダムです / メル子大先生 / 明日香大明神 / 甲羅暮らしの201号,complete
4,223,em-280cb07103f9,あわわ子大師匠,18,2898,2898,3,attack_buff,-0.2153,-0.2889,0.5208,0.7361,電波姫☆いまりちゃん / さくらこはダムです / ポディアさま / あわわ子大師匠 / リスマニア,電波姫☆いまりちゃん / さくらこはダムです / メル子大先生 / 明日香大明神 / 甲羅暮らしの201号,complete
4,224,em-c87499b64151,ラパヌイ先生,45,6441,3067,4,guard,-0.2153,-0.2889,0.5208,0.7361,ラグーン☆南 / ペーチパイセン / ポディアさま / ラパヌイ先生 / スノーボーイ,電波姫☆いまりちゃん / さくらこはダムです / メル子大先生 / 明日香大明神 / 甲羅暮らしの201号,complete
4,225,em-8cb75e870411,マンいーたち,50,3408,6816,4,aoe_attack,-0.2083,-0.2891,0.5278,0.7361,ハラショー☆ビッツェ / さくらこはダムです / ポディアさま / マンいーたち / ガハラさん,電波姫☆いまりちゃん / さくらこはダムです / メル子大先生 / 明日香大明神 / 甲羅暮らしの201号,complete
4,226,em-be212cb2b1d8,いはとさん,12,760,840,3,delay,-0.2222,-0.2891,0.5139,0.7361,電波姫☆いまりちゃん / メムノン２８号 / メル子大先生 / いはとさん / 頑張るハクさん,電波姫☆いまりちゃん / さくらこはダムです / メル子大先生 / 明日香大明神 / 甲羅暮らしの201号,partial-skill-support
4,227,em-e900d5955acf,凄いぞさいごー丼,13,1050,650,3,attribute_guard,-0.2222,-0.2891,0.5139,0.7361,電波姫☆いまりちゃん / 一葉ちゃんは作家さん / メル子大先生 / 凄いぞさいごー丼 / ロータス先輩,電波姫☆いまりちゃん / さくらこはダムです / メル子大先生 / 明日香大明神 / 甲羅暮らしの201号,complete
4,228,em-48f48620a722,ひきやまん,8,618,617,3,attack_buff,-0.2222,-0.2891,0.5139,0.7361,電波姫☆いまりちゃん / メムノン２８号 / すわ子isGOD！ / ひきやまん / 頑張るハクさん,電波姫☆いまりちゃん / さくらこはダムです / メル子大先生 / 明日香大明神 / 甲羅暮らしの201号,complete
4,229,em-6c1c64d0e4ed,七夕ぴよ子,7,1104,1104,3,revive,-0.2292,-0.2898,0.5069,0.7361,電波姫☆いまりちゃん / 一葉ちゃんは作家さん / すわ子isGOD！ / 七夕ぴよ子 / リスマニア,電波姫☆いまりちゃん / さくらこはダムです / メル子大先生 / 明日香大明神 / 甲羅暮らしの201号,complete
4,230,em-28f21b6f00d7,玉藻さん,5,500,650,4,attribute_guard,-0.2361,-0.2898,0.5,0.7361,電波姫☆いまりちゃん / メムノン２８号 / メル子大先生 / 玉藻さん / ロータス先輩,電波姫☆いまりちゃん / さくらこはダムです / メル子大先生 / 明日香大明神 / 甲羅暮らしの201号,complete
4,231,em-4805525cb8a4,ｴﾝｾﾞﾘｯｸ☆エンゼル,60,6816,4771,3,heal,-0.2153,-0.29,0.5208,0.7361,ハラショー☆ビッツェ / どんこ太郎 / ポディアさま / ｴﾝｾﾞﾘｯｸ☆エンゼル / ガハラさん,電波姫☆いまりちゃん / さくらこはダムです / メル子大先生 / 明日香大明神 / 甲羅暮らしの201号,complete
4,232,em-eb8dcb3ecb46,ヨーコ須賀パイセン,45,5964,3237,3,attribute_guard,-0.2153,-0.29,0.5208,0.7361,ラグーン☆南 / ペーチパイセン / ポディアさま / ヨーコ須賀パイセン / ガハラさん,電波姫☆いまりちゃん / さくらこはダムです / メル子大先生 / 明日香大明神 / 甲羅暮らしの201号,complete
4,233,em-31da7ca7be23,安倍晴明,40,3919,4566,4,revive,-0.2222,-0.2903,0.5139,0.7361,電波姫☆いまりちゃん / ペーチパイセン / ポディアさま / 安倍晴明 / ガハラさん,電波姫☆いまりちゃん / さくらこはダムです / メル子大先生 / 明日香大明神 / 甲羅暮らしの201号,complete
4,234,em-0592fa7cc27f,クェーサルと仲間たち,18,3542,2898,3,multi_hit_attack,-0.2222,-0.2903,0.5139,0.7361,電波姫☆いまりちゃん / さくらこはダムです / ポディアさま / クェーサルと仲間たち / リスマニア,電波姫☆いまりちゃん / さくらこはダムです / メル子大先生 / 明日香大明神 / 甲羅暮らしの201号,complete
4,235,em-65dcdf08813a,にいがタン,8,1500,100,4,attribute_guard,-0.2361,-0.2913,0.5,0.7361,電波姫☆いまりちゃん / メムノン２８号 / メル子大先生 / にいがタン / ロータス先輩,電波姫☆いまりちゃん / さくらこはダムです / メル子大先生 / 明日香大明神 / 甲羅暮らしの201号,complete
4,236,em-2f5dd4b0a739,大内先輩,9,800,800,4,heal,-0.2222,-0.2914,0.5139,0.7361,電波姫☆いまりちゃん / メムノン２８号 / すわ子isGOD！ / 大内先輩 / 頑張るハクさん,電波姫☆いまりちゃん / さくらこはダムです / メル子大先生 / 明日香大明神 / 甲羅暮らしの201号,complete
4,237,em-ceea9992db7d,しずこ先輩,16,900,1600,4,multi_hit_attack,-0.2222,-0.2914,0.5139,0.7361,電波姫☆いまりちゃん / 一葉ちゃんは作家さん / メル子大先生 / しずこ先輩 / 頑張るハクさん,電波姫☆いまりちゃん / さくらこはダムです / メル子大先生 / 明日香大明神 / 甲羅暮らしの201号,complete
4,238,em-c5dbda5d8d5b,湘南パボーイ,12,318,911,4,attack_buff,-0.2292,-0.2924,0.5069,0.7361,電波姫☆いまりちゃん / 一葉ちゃんは作家さん / メル子大先生 / 湘南パボーイ / リスマニア,電波姫☆いまりちゃん / さくらこはダムです / メル子大先生 / 明日香大明神 / 甲羅暮らしの201号,complete
4,239,em-eaadf81fc136,サリー,55,4686,4004,4,aoe_attack,-0.2222,-0.2926,0.5139,0.7361,電波姫☆いまりちゃん / ペーチパイセン / タミちゃん / サリー / ガハラさん,電波姫☆いまりちゃん / さくらこはダムです / メル子大先生 / 明日香大明神 / 甲羅暮らしの201号,complete
4,240,em-4aaecdf41c4d,えらいわ世界師匠,15,1260,1210,4,attack_buff,-0.2222,-0.2926,0.5139,0.7361,電波姫☆いまりちゃん / 一葉ちゃんは作家さん / メル子大先生 / えらいわ世界師匠 / 頑張るハクさん,電波姫☆いまりちゃん / さくらこはダムです / メル子大先生 / 明日香大明神 / 甲羅暮らしの201号,complete
4,241,em-29a5da4c1e2f,有棘画工,20,4025,805,3,multi_hit_attack,-0.2222,-0.2926,0.5139,0.7361,電波姫☆いまりちゃん / ペーチパイセン / ポディアさま / 有棘画工 / リスマニア,電波姫☆いまりちゃん / さくらこはダムです / メル子大先生 / 明日香大明神 / 甲羅暮らしの201号,complete
4,242,em-272a71a9c15d,キラカードなエッシュ,12,1812,1510,3,skill_reduction,-0.2222,-0.2926,0.5139,0.7361,電波姫☆いまりちゃん / メムノン２８号 / メル子大先生 / キラカードなエッシュ / 頑張るハクさん,電波姫☆いまりちゃん / さくらこはダムです / メル子大先生 / 明日香大明神 / 甲羅暮らしの201号,partial-skill-support
4,243,em-afce812f791d,めい子のMAY DAY,35,4123,4226,4,attribute_guard,-0.2292,-0.2936,0.5069,0.7361,電波姫☆いまりちゃん / ペーチパイセン / ポディアさま / めい子のMAY DAY / まつやマン,電波姫☆いまりちゃん / さくらこはダムです / メル子大先生 / 明日香大明神 / 甲羅暮らしの201号,complete
4,244,em-5558b35b9413,フゥーま＆ヴォたん,14,800,800,3,guard,-0.2292,-0.2936,0.5069,0.7361,電波姫☆いまりちゃん / 一葉ちゃんは作家さん / メル子大先生 / フゥーま＆ヴォたん / 頑張るハクさん,電波姫☆いまりちゃん / さくらこはダムです / メル子大先生 / 明日香大明神 / 甲羅暮らしの201号,complete
4,245,em-6b8007792f3c,因幡WAHHH!!,32,3578,4771,4,attack_buff,-0.2292,-0.2936,0.5069,0.7361,電波姫☆いまりちゃん / ペーチパイセン / ポディアさま / 因幡WAHHH!! / かんと師匠,電波姫☆いまりちゃん / さくらこはダムです / メル子大先生 / 明日香大明神 / 甲羅暮らしの201号,complete
4,246,em-58f4a804ff7f,マリンな白良さん,12,710,694,4,attack_buff,-0.2292,-0.2936,0.5069,0.7361,電波姫☆いまりちゃん / 一葉ちゃんは作家さん / メル子大先生 / マリンな白良さん / リスマニア,電波姫☆いまりちゃん / さくらこはダムです / メル子大先生 / 明日香大明神 / 甲羅暮らしの201号,complete
4,247,em-471b1ba55d5c,有馬んば,13,1413,1244,4,heal,-0.2292,-0.2936,0.5069,0.7361,電波姫☆いまりちゃん / 一葉ちゃんは作家さん / メル子大先生 / 有馬んば / リスマニア,電波姫☆いまりちゃん / さくらこはダムです / メル子大先生 / 明日香大明神 / 甲羅暮らしの201号,complete
4,248,em-99502667eee0,たけしメン,16,1300,1200,3,damage_reduction,-0.2222,-0.2937,0.5139,0.7361,電波姫☆いまりちゃん / 一葉ちゃんは作家さん / メル子大先生 / たけしメン / 頑張るハクさん,電波姫☆いまりちゃん / さくらこはダムです / メル子大先生 / 明日香大明神 / 甲羅暮らしの201号,complete
4,249,em-13fd4fd7ab5c,きりこさん,12,1100,1100,3,attribute_change,-0.2222,-0.2937,0.5139,0.7361,電波姫☆いまりちゃん / 一葉ちゃんは作家さん / メル子大先生 / きりこさん / リスマニア,電波姫☆いまりちゃん / さくらこはダムです / メル子大先生 / 明日香大明神 / 甲羅暮らしの201号,complete
4,250,em-ec52e54bb473,ﾀｰｷｰﾃﾞ-なじとっこ君,10,706,2403,4,attack_buff,-0.2222,-0.2937,0.5139,0.7361,電波姫☆いまりちゃん / 一葉ちゃんは作家さん / メル子大先生 / ﾀｰｷｰﾃﾞ-なじとっこ君 / リスマニア,電波姫☆いまりちゃん / さくらこはダムです / メル子大先生 / 明日香大明神 / 甲羅暮らしの201号,complete
4,251,em-306ef0a3ce60,大納言鮒麿,14,1812,1548,4,heal,-0.2361,-0.2941,0.5,0.7361,電波姫☆いまりちゃん / 一葉ちゃんは作家さん / すわ子isGOD！ / 大納言鮒麿 / 頑張るハクさん,電波姫☆いまりちゃん / さくらこはダムです / メル子大先生 / 明日香大明神 / 甲羅暮らしの201号,complete
4,252,em-1555cadff0cf,おぅぼっと,6,800,300,4,damage_reduction,-0.2361,-0.2941,0.5,0.7361,電波姫☆いまりちゃん / 一葉ちゃんは作家さん / すわ子isGOD！ / おぅぼっと / ロータス先輩,電波姫☆いまりちゃん / さくらこはダムです / メル子大先生 / 明日香大明神 / 甲羅暮らしの201号,complete
4,253,em-f8e6761b2883,青龍,36,1704,6816,3,attack_buff,-0.2292,-0.2949,0.5069,0.7361,電波姫☆いまりちゃん / ペーチパイセン / メル子大先生 / 青龍 / かんと師匠,電波姫☆いまりちゃん / さくらこはダムです / メル子大先生 / 明日香大明神 / 甲羅暮らしの201号,complete
4,254,em-2da2762b8173,uっぴーちゃん,15,1210,1210,3,skill_reduction,-0.2292,-0.2949,0.5069,0.7361,電波姫☆いまりちゃん / 一葉ちゃんは作家さん / メル子大先生 / uっぴーちゃん / 頑張るハクさん,電波姫☆いまりちゃん / さくらこはダムです / メル子大先生 / 明日香大明神 / 甲羅暮らしの201号,partial-skill-support
4,255,em-b2a34a5cad3d,わさびエンペラー,12,1500,600,4,guard,-0.2292,-0.2949,0.5069,0.7361,電波姫☆いまりちゃん / メムノン２８号 / メル子大先生 / わさびエンペラー / 頑張るハクさん,電波姫☆いまりちゃん / さくらこはダムです / メル子大先生 / 明日香大明神 / 甲羅暮らしの201号,complete
4,256,em-79a4cfaf943a,たこ焼きーナ先生,6,252,1210,4,attack_buff,-0.2292,-0.2949,0.5069,0.7361,電波姫☆いまりちゃん / 一葉ちゃんは作家さん / メル子大先生 / たこ焼きーナ先生 / リスマニア,電波姫☆いまりちゃん / さくらこはダムです / メル子大先生 / 明日香大明神 / 甲羅暮らしの201号,complete
4,257,em-bbff6b354f45,くうかいさん,12,700,1100,4,skill_reduction,-0.2292,-0.2949,0.5069,0.7361,電波姫☆いまりちゃん / 一葉ちゃんは作家さん / メル子大先生 / くうかいさん / リスマニア,電波姫☆いまりちゃん / さくらこはダムです / メル子大先生 / 明日香大明神 / 甲羅暮らしの201号,partial-skill-support
4,258,em-a48bcdd76e03,サーファー岡田,15,419,1298,4,attack_buff,-0.2361,-0.2954,0.5,0.7361,電波姫☆いまりちゃん / 一葉ちゃんは作家さん / すわ子isGOD！ / サーファー岡田 / ロータス先輩,電波姫☆いまりちゃん / さくらこはダムです / メル子大先生 / 明日香大明神 / 甲羅暮らしの201号,complete
4,259,em-d4ddef9a4e05,大ふわふわさん,36,6247,2839,4,skill_reduction,-0.2222,-0.2959,0.5139,0.7361,電波姫☆いまりちゃん / さくらこはダムです / ポディアさま / 大ふわふわさん / ガハラさん,電波姫☆いまりちゃん / さくらこはダムです / メル子大先生 / 明日香大明神 / 甲羅暮らしの201号,partial-skill-support
4,260,em-a30066999e70,降臨！天草トッキー,40,4260,5964,4,attack_buff,-0.2222,-0.2959,0.5139,0.7361,ハラショー☆ビッツェ / さくらこはダムです / ポディアさま / 降臨！天草トッキー / かんと師匠,電波姫☆いまりちゃん / さくらこはダムです / メル子大先生 / 明日香大明神 / 甲羅暮らしの201号,complete
4,261,em-f346c1f4c45d,八狗神伏姫様,35,5538,2130,4,guard,-0.2222,-0.2959,0.5139,0.7361,ラグーン☆南 / ペーチパイセン / ポディアさま / 八狗神伏姫様 / 頑張るハクさん,電波姫☆いまりちゃん / さくらこはダムです / メル子大先生 / 明日香大明神 / 甲羅暮らしの201号,complete
4,262,em-371b0bc06848,やっとの神,50,2933,2919,3,multi_hit_attack,-0.2222,-0.2959,0.5139,0.7361,ハラショー☆ビッツェ / さくらこはダムです / ポディアさま / やっとの神 / ガハラさん,電波姫☆いまりちゃん / さくらこはダムです / メル子大先生 / 明日香大明神 / 甲羅暮らしの201号,complete
4,263,em-24c2d1e7a74d,悦子ちゃん,6,650,700,4,revive,-0.2292,-0.2961,0.5069,0.7361,電波姫☆いまりちゃん / メムノン２８号 / すわ子isGOD！ / 悦子ちゃん / 頑張るハクさん,電波姫☆いまりちゃん / さくらこはダムです / メル子大先生 / 明日香大明神 / 甲羅暮らしの201号,complete
4,264,em-794f6427298a,さいごー丼,8,830,476,3,attribute_guard,-0.2292,-0.2961,0.5069,0.7361,電波姫☆いまりちゃん / 一葉ちゃんは作家さん / メル子大先生 / さいごー丼 / ロータス先輩,電波姫☆いまりちゃん / さくらこはダムです / メル子大先生 / 明日香大明神 / 甲羅暮らしの201号,complete
4,265,em-fe5ed60fbf2d,強いぞさいごー丼,9,930,574,3,attribute_guard,-0.2292,-0.2961,0.5069,0.7361,電波姫☆いまりちゃん / 一葉ちゃんは作家さん / メル子大先生 / 強いぞさいごー丼 / ロータス先輩,電波姫☆いまりちゃん / さくらこはダムです / メル子大先生 / 明日香大明神 / 甲羅暮らしの201号,complete
4,266,em-9d861b51bd30,波乗りキング,18,776,2582,3,attack_buff,-0.2292,-0.2961,0.5069,0.7361,電波姫☆いまりちゃん / 一葉ちゃんは作家さん / メル子大先生 / 波乗りキング / 頑張るハクさん,電波姫☆いまりちゃん / さくらこはダムです / メル子大先生 / 明日香大明神 / 甲羅暮らしの201号,complete
4,267,em-bd35a359234a,ジョーカーくん,18,805,3935,3,skill_reduction,-0.2292,-0.2961,0.5069,0.7361,電波姫☆いまりちゃん / 一葉ちゃんは作家さん / メル子大先生 / ジョーカーくん / 頑張るハクさん,電波姫☆いまりちゃん / さくらこはダムです / メル子大先生 / 明日香大明神 / 甲羅暮らしの201号,partial-skill-support
4,268,em-357427c8f331,反魂タン昼食TIME,27,3067,5623,4,attack_buff,-0.2292,-0.2961,0.5069,0.7361,電波姫☆いまりちゃん / さくらこはダムです / ポディアさま / 反魂タン昼食TIME / かんと師匠,電波姫☆いまりちゃん / さくらこはダムです / メル子大先生 / 明日香大明神 / 甲羅暮らしの201号,complete
4,269,em-0a88e828f44f,あずま京子,7,500,500,4,damage_reduction,-0.2361,-0.2968,0.5,0.7361,電波姫☆いまりちゃん / 一葉ちゃんは作家さん / すわ子isGOD！ / あずま京子 / リスマニア,電波姫☆いまりちゃん / さくらこはダムです / メル子大先生 / 明日香大明神 / 甲羅暮らしの201号,complete
4,270,em-62efa937d743,素敵なびわ子たん,7,500,480,4,damage_reduction,-0.2361,-0.2968,0.5,0.7361,電波姫☆いまりちゃん / 一葉ちゃんは作家さん / すわ子isGOD！ / 素敵なびわ子たん / リスマニア,電波姫☆いまりちゃん / さくらこはダムです / メル子大先生 / 明日香大明神 / 甲羅暮らしの201号,complete
4,271,em-5fa0e98e47a3,びゃ子隊長,18,885,4266,4,attack_buff,-0.2222,-0.297,0.5139,0.7361,電波姫☆いまりちゃん / ペーチパイセン / すわ子isGOD！ / びゃ子隊長 / リスマニア,電波姫☆いまりちゃん / さくらこはダムです / メル子大先生 / 明日香大明神 / 甲羅暮らしの201号,complete
4,272,em-57c0701ee61b,タミちゃん,4,314,298,3,attribute_guard,-0.2292,-0.2973,0.5069,0.7361,電波姫☆いまりちゃん / メムノン２８号 / すわ子isGOD！ / タミちゃん / 頑張るハクさん,電波姫☆いまりちゃん / さくらこはダムです / メル子大先生 / 明日香大明神 / 甲羅暮らしの201号,complete
4,273,em-32a7d24a1ae1,伝統のタミちゃん,5,404,376,3,attribute_guard,-0.2292,-0.2973,0.5069,0.7361,電波姫☆いまりちゃん / メムノン２８号 / すわ子isGOD！ / 伝統のタミちゃん / 頑張るハクさん,電波姫☆いまりちゃん / さくらこはダムです / メル子大先生 / 明日香大明神 / 甲羅暮らしの201号,complete
4,274,em-902df874fa74,でらマジカ,6,650,700,3,attribute_guard,-0.2292,-0.2973,0.5069,0.7361,電波姫☆いまりちゃん / メムノン２８号 / すわ子isGOD！ / でらマジカ / 頑張るハクさん,電波姫☆いまりちゃん / さくらこはダムです / メル子大先生 / 明日香大明神 / 甲羅暮らしの201号,complete
4,275,em-1f792483ea28,伝説のタミちゃん,10,514,466,3,attribute_guard,-0.2292,-0.2973,0.5069,0.7361,電波姫☆いまりちゃん / メムノン２８号 / すわ子isGOD！ / 伝説のタミちゃん / 頑張るハクさん,電波姫☆いまりちゃん / さくらこはダムです / メル子大先生 / 明日香大明神 / 甲羅暮らしの201号,complete
4,276,em-0985c7675d5c,みかん姐さん,13,1100,600,4,aoe_attack,-0.2292,-0.2973,0.5069,0.7361,電波姫☆いまりちゃん / 一葉ちゃんは作家さん / メル子大先生 / みかん姐さん / リスマニア,電波姫☆いまりちゃん / さくらこはダムです / メル子大先生 / 明日香大明神 / 甲羅暮らしの201号,complete
4,277,em-f9bf1a75faf1,カステーラさん,5,420,360,4,heal,-0.2292,-0.2973,0.5069,0.7361,電波姫☆いまりちゃん / メムノン２８号 / すわ子isGOD！ / カステーラさん / 頑張るハクさん,電波姫☆いまりちゃん / さくらこはダムです / メル子大先生 / 明日香大明神 / 甲羅暮らしの201号,complete
4,278,em-32f3aa536bcf,境地！絶海のあん子,7,502,488,4,heal,-0.2292,-0.2973,0.5069,0.7361,電波姫☆いまりちゃん / メムノン２８号 / すわ子isGOD！ / 境地！絶海のあん子 / 頑張るハクさん,電波姫☆いまりちゃん / さくらこはダムです / メル子大先生 / 明日香大明神 / 甲羅暮らしの201号,complete
4,279,em-22a0a2dd6cac,啓示のエルフ,18,2759,2615,4,attack_buff,-0.2292,-0.2973,0.5069,0.7361,電波姫☆いまりちゃん / 一葉ちゃんは作家さん / ポディアさま / 啓示のエルフ / かんと師匠,電波姫☆いまりちゃん / さくらこはダムです / メル子大先生 / 明日香大明神 / 甲羅暮らしの201号,complete
4,280,em-75c067942d62,大内先生,11,1699,1699,4,heal,-0.2361,-0.2981,0.5,0.7361,電波姫☆いまりちゃん / 一葉ちゃんは作家さん / すわ子isGOD！ / 大内先生 / リスマニア,電波姫☆いまりちゃん / さくらこはダムです / メル子大先生 / 明日香大明神 / 甲羅暮らしの201号,complete
4,281,em-8cdef0bc7893,戸隠ちび太夫,11,150,1200,3,attack_buff,-0.2292,-0.2984,0.5069,0.7361,電波姫☆いまりちゃん / メムノン２８号 / メル子大先生 / 戸隠ちび太夫 / 頑張るハクさん,電波姫☆いまりちゃん / さくらこはダムです / メル子大先生 / 明日香大明神 / 甲羅暮らしの201号,complete
4,282,em-ce25d34659e7,だーらくん二世,7,1100,100,3,guard,-0.2292,-0.2984,0.5069,0.7361,電波姫☆いまりちゃん / メムノン２８号 / すわ子isGOD！ / だーらくん二世 / 頑張るハクさん,電波姫☆いまりちゃん / さくらこはダムです / メル子大先生 / 明日香大明神 / 甲羅暮らしの201号,complete
4,283,em-ffdcaffc4a41,雑煮入り☆うるっしー,36,3443,3443,4,guard,-0.2222,-0.2991,0.5139,0.7361,ラグーン☆南 / ペーチパイセン / ポディアさま / 雑煮入り☆うるっしー / 頑張るハクさん,電波姫☆いまりちゃん / さくらこはダムです / メル子大先生 / 明日香大明神 / 甲羅暮らしの201号,complete
4,284,em-e2c8365ae02e,ɔリバーくん,10,704,1689,3,attack_buff,-0.2292,-0.2996,0.5069,0.7361,電波姫☆いまりちゃん / メムノン２８号 / すわ子isGOD！ / ɔリバーくん / 頑張るハクさん,電波姫☆いまりちゃん / さくらこはダムです / メル子大先生 / 明日香大明神 / 甲羅暮らしの201号,complete
4,285,em-2544eb31d996,伝説のぼこたそ,8,1187,1215,3,delay,-0.2361,-0.3006,0.5,0.7361,電波姫☆いまりちゃん / メムノン２８号 / すわ子isGOD！ / 伝説のぼこたそ / 頑張るハクさん,電波姫☆いまりちゃん / さくらこはダムです / メル子大先生 / 明日香大明神 / 甲羅暮らしの201号,partial-skill-support
4,286,em-8ff0428b1c8b,さなこ先生,10,1128,1269,4,delay,-0.2361,-0.3006,0.5,0.7361,電波姫☆いまりちゃん / メムノン２８号 / すわ子isGOD！ / さなこ先生 / 頑張るハクさん,電波姫☆いまりちゃん / さくらこはダムです / メル子大先生 / 明日香大明神 / 甲羅暮らしの201号,partial-skill-support
4,287,em-e931902358ae,弘法大師Ｑ改,15,1359,1963,3,skill_reduction,-0.2361,-0.3006,0.5,0.7361,電波姫☆いまりちゃん / 一葉ちゃんは作家さん / メル子大先生 / 弘法大師Ｑ改 / 頑張るハクさん,電波姫☆いまりちゃん / さくらこはダムです / メル子大先生 / 明日香大明神 / 甲羅暮らしの201号,partial-skill-support
4,288,em-0c5139ae3833,輝け！さくらちゃん,14,1509,1509,3,attribute_change,-0.2292,-0.3007,0.5069,0.7361,電波姫☆いまりちゃん / 一葉ちゃんは作家さん / メル子大先生 / 輝け！さくらちゃん / 頑張るハクさん,電波姫☆いまりちゃん / さくらこはダムです / メル子大先生 / 明日香大明神 / 甲羅暮らしの201号,complete
4,289,em-18503fe1a209,きりこさま,16,1500,1500,3,attribute_change,-0.2292,-0.3007,0.5069,0.7361,電波姫☆いまりちゃん / 一葉ちゃんは作家さん / メル子大先生 / きりこさま / 頑張るハクさん,電波姫☆いまりちゃん / さくらこはダムです / メル子大先生 / 明日香大明神 / 甲羅暮らしの201号,complete
4,290,em-25fed9fde1ce,かっさーWoo！,16,1131,2403,4,attack_buff,-0.2292,-0.3007,0.5069,0.7361,電波姫☆いまりちゃん / ペーチパイセン / すわ子isGOD！ / かっさーWoo！ / リスマニア,電波姫☆いまりちゃん / さくらこはダムです / メル子大先生 / 明日香大明神 / 甲羅暮らしの201号,complete
4,291,em-28a4ccf4cbfc,ステンバーイちび蔵,24,596,3748,4,revive,-0.2292,-0.3018,0.5069,0.7361,電波姫☆いまりちゃん / ペーチパイセン / すわ子isGOD！ / ステンバーイちび蔵 / リスマニア,電波姫☆いまりちゃん / さくらこはダムです / メル子大先生 / 明日香大明神 / 甲羅暮らしの201号,complete
4,292,em-f5c067498bab,深窓のやまなしーヌ,17,1661,1812,3,skill_reduction,-0.2361,-0.3019,0.5,0.7361,電波姫☆いまりちゃん / 一葉ちゃんは作家さん / メル子大先生 / 深窓のやまなしーヌ / 頑張るハクさん,電波姫☆いまりちゃん / さくらこはダムです / メル子大先生 / 明日香大明神 / 甲羅暮らしの201号,partial-skill-support
4,293,em-5c4a86842734,芹沢殿,10,703,698,3,guard,-0.2361,-0.3019,0.5,0.7361,電波姫☆いまりちゃん / メムノン２８号 / すわ子isGOD！ / 芹沢殿 / 頑張るハクさん,電波姫☆いまりちゃん / さくらこはダムです / メル子大先生 / 明日香大明神 / 甲羅暮らしの201号,complete
4,294,em-978390ca9213,あかんで世界師匠,12,810,795,4,attack_buff,-0.2361,-0.3019,0.5,0.7361,電波姫☆いまりちゃん / メムノン２８号 / メル子大先生 / あかんで世界師匠 / 頑張るハクさん,電波姫☆いまりちゃん / さくらこはダムです / メル子大先生 / 明日香大明神 / 甲羅暮らしの201号,complete
4,295,em-8d1bebbead3e,たこ焼きーナ先輩,5,192,840,4,attack_buff,-0.2361,-0.3019,0.5,0.7361,電波姫☆いまりちゃん / 一葉ちゃんは作家さん / メル子大先生 / たこ焼きーナ先輩 / リスマニア,電波姫☆いまりちゃん / さくらこはダムです / メル子大先生 / 明日香大明神 / 甲羅暮らしの201号,complete
4,296,em-618de9bba906,関大先生,9,1201,1201,3,guard,-0.2361,-0.3019,0.5,0.7361,電波姫☆いまりちゃん / メムノン２８号 / すわ子isGOD！ / 関大先生 / 頑張るハクさん,電波姫☆いまりちゃん / さくらこはダムです / メル子大先生 / 明日香大明神 / 甲羅暮らしの201号,complete
4,297,em-9eb7fd81d237,ユウ・レーカさん,20,2044,2556,4,revive,-0.2361,-0.3019,0.5,0.7361,電波姫☆いまりちゃん / 一葉ちゃんは作家さん / メル子大先生 / ユウ・レーカさん / 頑張るハクさん,電波姫☆いまりちゃん / さくらこはダムです / メル子大先生 / 明日香大明神 / 甲羅暮らしの201号,complete
4,298,em-9765b36aab39,ハズクちゃんナイトモード,33,3771,3101,3,multi_hit_attack,-0.2292,-0.3029,0.5069,0.7361,電波姫☆いまりちゃん / さくらこはダムです / ポディアさま / ハズクちゃんナイトモード / まつやマン,電波姫☆いまりちゃん / さくらこはダムです / メル子大先生 / 明日香大明神 / 甲羅暮らしの201号,complete
4,299,em-340c795c42dd,新・まつやマン,9,700,700,4,attack_buff,-0.2361,-0.3031,0.5,0.7361,電波姫☆いまりちゃん / メムノン２８号 / すわ子isGOD！ / 新・まつやマン / 頑張るハクさん,電波姫☆いまりちゃん / さくらこはダムです / メル子大先生 / 明日香大明神 / 甲羅暮らしの201号,complete
4,300,em-552cb7200ab1,エンジェル美夫,9,700,800,4,attack_buff,-0.2361,-0.3031,0.5,0.7361,電波姫☆いまりちゃん / メムノン２８号 / すわ子isGOD！ / エンジェル美夫 / 頑張るハクさん,電波姫☆いまりちゃん / さくらこはダムです / メル子大先生 / 明日香大明神 / 甲羅暮らしの201号,complete
4,301,em-26b2b9dc8b6f,魔法使いるる＆るる,16,1500,1500,4,attack_buff,-0.2361,-0.3031,0.5,0.7361,電波姫☆いまりちゃん / 一葉ちゃんは作家さん / メル子大先生 / 魔法使いるる＆るる / 頑張るハクさん,電波姫☆いまりちゃん / さくらこはダムです / メル子大先生 / 明日香大明神 / 甲羅暮らしの201号,complete
4,302,em-90f39743f105,伝説の牛タソ,19,2269,302,3,guard,-0.2361,-0.3031,0.5,0.7361,電波姫☆いまりちゃん / キルワくん / ポディアさま / 伝説の牛タソ / ロータス先輩,電波姫☆いまりちゃん / さくらこはダムです / メル子大先生 / 明日香大明神 / 甲羅暮らしの201号,complete
4,303,em-564e1dfe9c75,コニーちゃん,3,300,300,4,damage_reduction,-0.2361,-0.3031,0.5,0.7361,電波姫☆いまりちゃん / メムノン２８号 / すわ子isGOD！ / コニーちゃん / 頑張るハクさん,電波姫☆いまりちゃん / さくらこはダムです / メル子大先生 / 明日香大明神 / 甲羅暮らしの201号,complete
4,304,em-580e56007ca7,今日のさだわん,5,400,400,4,damage_reduction,-0.2361,-0.3031,0.5,0.7361,電波姫☆いまりちゃん / メムノン２８号 / すわ子isGOD！ / 今日のさだわん / 頑張るハクさん,電波姫☆いまりちゃん / さくらこはダムです / メル子大先生 / 明日香大明神 / 甲羅暮らしの201号,complete
4,305,em-d05fca3e00df,ほたるん,6,700,1000,3,attribute_change,-0.2361,-0.3031,0.5,0.7361,電波姫☆いまりちゃん / メムノン２８号 / すわ子isGOD！ / ほたるん / 頑張るハクさん,電波姫☆いまりちゃん / さくらこはダムです / メル子大先生 / 明日香大明神 / 甲羅暮らしの201号,complete
4,306,em-a363fce734f3,今週のさだわん,7,500,480,4,damage_reduction,-0.2361,-0.3031,0.5,0.7361,電波姫☆いまりちゃん / メムノン２８号 / すわ子isGOD！ / 今週のさだわん / 頑張るハクさん,電波姫☆いまりちゃん / さくらこはダムです / メル子大先生 / 明日香大明神 / 甲羅暮らしの201号,complete
4,307,em-7cc5e7a30be0,一番のうっぴー,12,700,700,4,skill_reduction,-0.2361,-0.3031,0.5,0.7361,電波姫☆いまりちゃん / メムノン２８号 / メル子大先生 / 一番のうっぴー / 頑張るハクさん,電波姫☆いまりちゃん / さくらこはダムです / メル子大先生 / 明日香大明神 / 甲羅暮らしの201号,partial-skill-support
4,308,em-b09ebd864da6,みずがめəろまちゃん,14,1057,1198,4,revive,-0.2431,-0.3038,0.4931,0.7361,電波姫☆いまりちゃん / 一葉ちゃんは作家さん / すわ子isGOD！ / みずがめəろまちゃん / ロータス先輩,電波姫☆いまりちゃん / さくらこはダムです / メル子大先生 / 明日香大明神 / 甲羅暮らしの201号,complete
4,309,em-99d6f9e928d6,京子中学２４年生,8,620,612,4,damage_reduction,-0.2431,-0.3038,0.4931,0.7361,電波姫☆いまりちゃん / 一葉ちゃんは作家さん / すわ子isGOD！ / 京子中学２４年生 / リスマニア,電波姫☆いまりちゃん / さくらこはダムです / メル子大先生 / 明日香大明神 / 甲羅暮らしの201号,complete
4,310,em-5d34df1253d1,氷点下のレーカさん,40,2044,2556,3,revive,-0.2431,-0.3038,0.4931,0.7361,電波姫☆いまりちゃん / ペーチパイセン / すわ子isGOD！ / 氷点下のレーカさん / ガハラさん,電波姫☆いまりちゃん / さくらこはダムです / メル子大先生 / 明日香大明神 / 甲羅暮らしの201号,complete
4,311,em-12386dff9bd5,サリエリ許さないマン,21,2827,2827,4,revive,-0.2292,-0.304,0.5069,0.7361,電波姫☆いまりちゃん / ペーチパイセン / ポディアさま / サリエリ許さないマン / リスマニア,電波姫☆いまりちゃん / さくらこはダムです / メル子大先生 / 明日香大明神 / 甲羅暮らしの201号,complete
4,312,em-225f7b74580b,Ｗ・大杉ィ！,14,1200,600,3,guard,-0.2361,-0.3042,0.5,0.7361,電波姫☆いまりちゃん / 一葉ちゃんは作家さん / メル子大先生 / Ｗ・大杉ィ！ / 頑張るハクさん,電波姫☆いまりちゃん / さくらこはダムです / メル子大先生 / 明日香大明神 / 甲羅暮らしの201号,complete
4,313,em-1e8ec25622df,切間・ンジャロさん,39,5871,3442,4,skill_reduction,-0.2361,-0.3042,0.5,0.7361,電波姫☆いまりちゃん / ペーチパイセン / ポディアさま / 切間・ンジャロさん / スノーボーイ,電波姫☆いまりちゃん / さくらこはダムです / メル子大先生 / 明日香大明神 / 甲羅暮らしの201号,partial-skill-support
4,314,em-a058dba31969,月見だよ！叡智州利偉,10,1100,2002,4,attack_buff,-0.2361,-0.3042,0.5,0.7361,電波姫☆いまりちゃん / メムノン２８号 / すわ子isGOD！ / 月見だよ！叡智州利偉 / 頑張るハクさん,電波姫☆いまりちゃん / さくらこはダムです / メル子大先生 / 明日香大明神 / 甲羅暮らしの201号,complete
4,315,em-2a550653f0a8,時のプラズマ,15,1610,2737,3,attack_buff,-0.2361,-0.3042,0.5,0.7361,電波姫☆いまりちゃん / 一葉ちゃんは作家さん / ポディアさま / 時のプラズマ / かんと師匠,電波姫☆いまりちゃん / さくらこはダムです / メル子大先生 / 明日香大明神 / 甲羅暮らしの201号,complete
4,316,em-35dfd8c60675,はぎみタンさん,55,4430,4771,4,aoe_attack,-0.2292,-0.3051,0.5069,0.7361,どんこ太郎 / ペーチパイセン / ポディアさま / はぎみタンさん / 頑張るハクさん,電波姫☆いまりちゃん / さくらこはダムです / メル子大先生 / 明日香大明神 / 甲羅暮らしの201号,complete
4,317,em-74d3b0f1ac0c,ひみつのメルルン,22,3067,3476,3,skill_reduction,-0.2292,-0.3051,0.5069,0.7361,電波姫☆いまりちゃん / ペーチパイセン / ポディアさま / ひみつのメルルン / リスマニア,電波姫☆いまりちゃん / さくらこはダムです / メル子大先生 / 明日香大明神 / 甲羅暮らしの201号,partial-skill-support
4,318,em-45d954b40bc4,ジェラする？かめ姫,60,4941,3237,3,multi_hit_attack,-0.2292,-0.3051,0.5069,0.7361,どんこ太郎 / ペーチパイセン / ポディアさま / ジェラする？かめ姫 / まつやマン,電波姫☆いまりちゃん / さくらこはダムです / メル子大先生 / 明日香大明神 / 甲羅暮らしの201号,complete
4,319,em-357d76cd5b69,のり男さん,5,424,356,3,attribute_guard,-0.2431,-0.3051,0.4931,0.7361,電波姫☆いまりちゃん / 一葉ちゃんは作家さん / すわ子isGOD！ / のり男さん / ロータス先輩,電波姫☆いまりちゃん / さくらこはダムです / メル子大先生 / 明日香大明神 / 甲羅暮らしの201号,complete
4,320,em-96ddff23dc3f,玉藻さま,9,700,700,4,attribute_guard,-0.2431,-0.3051,0.4931,0.7361,電波姫☆いまりちゃん / 一葉ちゃんは作家さん / メル子大先生 / 玉藻さま / ロータス先輩,電波姫☆いまりちゃん / さくらこはダムです / メル子大先生 / 明日香大明神 / 甲羅暮らしの201号,complete
4,321,em-0560ed78022d,見事にびわ子たん,5,400,400,4,damage_reduction,-0.2431,-0.3051,0.4931,0.7361,電波姫☆いまりちゃん / 一葉ちゃんは作家さん / すわ子isGOD！ / 見事にびわ子たん / リスマニア,電波姫☆いまりちゃん / さくらこはダムです / メル子大先生 / 明日香大明神 / 甲羅暮らしの201号,complete
4,322,em-03d0f3c501c2,きりこくん,8,900,900,4,attribute_change,-0.2361,-0.3054,0.5,0.7361,電波姫☆いまりちゃん / メムノン２８号 / すわ子isGOD！ / きりこくん / 頑張るハクさん,電波姫☆いまりちゃん / さくらこはダムです / メル子大先生 / 明日香大明神 / 甲羅暮らしの201号,complete
4,323,em-11e2e69b2674,フクさん,5,400,500,3,attribute_change,-0.2361,-0.3054,0.5,0.7361,電波姫☆いまりちゃん / 一葉ちゃんは作家さん / すわ子isGOD！ / フクさん / リスマニア,電波姫☆いまりちゃん / さくらこはダムです / メル子大先生 / 明日香大明神 / 甲羅暮らしの201号,complete
4,324,em-b7d11a89973d,どんこ三郎,7,510,470,4,heal,-0.2361,-0.3054,0.5,0.7361,電波姫☆いまりちゃん / メムノン２８号 / すわ子isGOD！ / どんこ三郎 / 頑張るハクさん,電波姫☆いまりちゃん / さくらこはダムです / メル子大先生 / 明日香大明神 / 甲羅暮らしの201号,complete
4,325,em-1b8d4b845182,キャミーという女,8,600,800,4,heal,-0.2361,-0.3054,0.5,0.7361,電波姫☆いまりちゃん / メムノン２８号 / すわ子isGOD！ / キャミーという女 / 頑張るハクさん,電波姫☆いまりちゃん / さくらこはダムです / メル子大先生 / 明日香大明神 / 甲羅暮らしの201号,complete
4,326,em-a66f91385c36,伝説のキャミー,10,700,1100,4,heal,-0.2361,-0.3054,0.5,0.7361,電波姫☆いまりちゃん / メムノン２８号 / すわ子isGOD！ / 伝説のキャミー / 頑張るハクさん,電波姫☆いまりちゃん / さくらこはダムです / メル子大先生 / 明日香大明神 / 甲羅暮らしの201号,complete
4,327,em-5ad05ec11a09,三連星のオコオコ,37,3834,3834,3,multi_hit_attack,-0.2292,-0.3061,0.5069,0.7361,ラグーン☆南 / ペーチパイセン / ポディアさま / 三連星のオコオコ / 頑張るハクさん,電波姫☆いまりちゃん / さくらこはダムです / メル子大先生 / 明日香大明神 / 甲羅暮らしの201号,complete
4,328,em-fabca79c33ab,泰山春秋さん,40,5112,2633,3,revive,-0.2292,-0.3061,0.5069,0.7361,ハラショー☆ビッツェ / さくらこはダムです / ポディアさま / 泰山春秋さん / かんと師匠,電波姫☆いまりちゃん / さくらこはダムです / メル子大先生 / 明日香大明神 / 甲羅暮らしの201号,complete
4,329,em-4d4bf14cc827,いはと先輩,15,1000,1400,3,delay,-0.2431,-0.3063,0.4931,0.7361,電波姫☆いまりちゃん / 一葉ちゃんは作家さん / メル子大先生 / いはと先輩 / 頑張るハクさん,電波姫☆いまりちゃん / さくらこはダムです / メル子大先生 / 明日香大明神 / 甲羅暮らしの201号,partial-skill-support
4,330,em-95b55d8d6292,宮子inTheスカイ,14,1685,1690,4,heal,-0.2361,-0.3066,0.5,0.7361,電波姫☆いまりちゃん / 一葉ちゃんは作家さん / ポディアさま / 宮子inTheスカイ / かんと師匠,電波姫☆いまりちゃん / さくらこはダムです / メル子大先生 / 明日香大明神 / 甲羅暮らしの201号,complete
4,331,em-3699794fb820,新・からっ風太郎,13,815,815,3,attack_buff,-0.2361,-0.3066,0.5,0.7361,電波姫☆いまりちゃん / 一葉ちゃんは作家さん / メル子大先生 / 新・からっ風太郎 / リスマニア,電波姫☆いまりちゃん / さくらこはダムです / メル子大先生 / 明日香大明神 / 甲羅暮らしの201号,complete
4,332,em-afb87379337d,地味に変な大仏,8,600,600,3,attack_buff,-0.2361,-0.3066,0.5,0.7361,電波姫☆いまりちゃん / メムノン２８号 / すわ子isGOD！ / 地味に変な大仏 / 頑張るハクさん,電波姫☆いまりちゃん / さくらこはダムです / メル子大先生 / 明日香大明神 / 甲羅暮らしの201号,complete
4,333,em-d8eb593c8b14,まんでー＆ぬーん,15,1500,1500,4,delay,-0.2431,-0.3076,0.4931,0.7361,電波姫☆いまりちゃん / 一葉ちゃんは作家さん / メル子大先生 / まんでー＆ぬーん / 頑張るハクさん,電波姫☆いまりちゃん / さくらこはダムです / メル子大先生 / 明日香大明神 / 甲羅暮らしの201号,partial-skill-support
4,334,em-19637fe0d04e,カという真実に驚愕,9,2205,763,4,heal,-0.2431,-0.3076,0.4931,0.7361,電波姫☆いまりちゃん / 一葉ちゃんは作家さん / ポディアさま / カという真実に驚愕 / リスマニア,電波姫☆いまりちゃん / さくらこはダムです / メル子大先生 / 明日香大明神 / 甲羅暮らしの201号,complete
4,335,em-24615318187a,掘joy座長,10,1131,1131,4,skill_reduction,-0.2431,-0.3076,0.4931,0.7361,電波姫☆いまりちゃん / メムノン２８号 / すわ子isGOD！ / 掘joy座長 / 頑張るハクさん,電波姫☆いまりちゃん / さくらこはダムです / メル子大先生 / 明日香大明神 / 甲羅暮らしの201号,partial-skill-support
4,336,em-29cc8a9cf9cd,ビール売りの小娘,18,1516,3638,3,skill_reduction,-0.2361,-0.3077,0.5,0.7361,電波姫☆いまりちゃん / 一葉ちゃんは作家さん / メル子大先生 / ビール売りの小娘 / 頑張るハクさん,電波姫☆いまりちゃん / さくらこはダムです / メル子大先生 / 明日香大明神 / 甲羅暮らしの201号,partial-skill-support
4,337,em-14d31235a3f8,かっちゃんのBIG強飯,48,3067,4601,4,attack_buff,-0.2361,-0.3077,0.5,0.7361,ハラショー☆ビッツェ / さくらこはダムです / ポディアさま / かっちゃんのBIG強飯 / ガハラさん,電波姫☆いまりちゃん / さくらこはダムです / メル子大先生 / 明日香大明神 / 甲羅暮らしの201号,complete
4,338,em-b4a2096551c5,金閣明日香,15,1201,1343,4,revive,-0.25,-0.308,0.4861,0.7361,電波姫☆いまりちゃん / 一葉ちゃんは作家さん / すわ子isGOD！ / 金閣明日香 / ロータス先輩,電波姫☆いまりちゃん / さくらこはダムです / メル子大先生 / 明日香大明神 / 甲羅暮らしの201号,complete
4,339,em-a8e1bfbd68cd,秋のタツタちゃん,80,10224,4771,4,multi_hit_attack,-0.2361,-0.3088,0.5,0.7361,ソクラテツ / ペーチパイセン / 王国民ゴロウ / 秋のタツタちゃん / ズースくん,電波姫☆いまりちゃん / さくらこはダムです / メル子大先生 / 明日香大明神 / 甲羅暮らしの201号,complete
4,340,em-424b8d57896a,エンジェル道子,6,600,700,4,attack_buff,-0.2431,-0.3088,0.4931,0.7361,電波姫☆いまりちゃん / メムノン２８号 / すわ子isGOD！ / エンジェル道子 / 頑張るハクさん,電波姫☆いまりちゃん / さくらこはダムです / メル子大先生 / 明日香大明神 / 甲羅暮らしの201号,complete
4,341,em-06aa04fdf3c0,遠野のわらしちゃん,8,564,1128,4,delay,-0.2431,-0.3088,0.4931,0.7361,電波姫☆いまりちゃん / メムノン２８号 / すわ子isGOD！ / 遠野のわらしちゃん / 頑張るハクさん,電波姫☆いまりちゃん / さくらこはダムです / メル子大先生 / 明日香大明神 / 甲羅暮らしの201号,partial-skill-support
4,342,em-97e1dd39af25,郷くん,8,800,600,4,damage_reduction,-0.2431,-0.3088,0.4931,0.7361,電波姫☆いまりちゃん / メムノン２８号 / すわ子isGOD！ / 郷くん / 頑張るハクさん,電波姫☆いまりちゃん / さくらこはダムです / メル子大先生 / 明日香大明神 / 甲羅暮らしの201号,complete
4,343,em-10adad665687,コマンドー下仁田,13,597,614,3,guard,-0.2431,-0.3088,0.4931,0.7361,電波姫☆いまりちゃん / 一葉ちゃんは作家さん / メル子大先生 / コマンドー下仁田 / リスマニア,電波姫☆いまりちゃん / さくらこはダムです / メル子大先生 / 明日香大明神 / 甲羅暮らしの201号,complete
4,344,em-fca49f3752f8,電波姫☆いまりちゃん,38,3919,4260,3,delay,-0.2431,-0.3088,0.4931,0.7361,電波姫☆いまりちゃん / ペーチパイセン / ポディアさま / 電波姫☆いまりちゃん / ガハラさん,電波姫☆いまりちゃん / さくらこはダムです / メル子大先生 / 明日香大明神 / 甲羅暮らしの201号,partial-skill-support
4,345,em-1dbd8ae5b939,国宝！白鷺嬢,12,1200,500,3,heal,-0.2431,-0.3088,0.4931,0.7361,電波姫☆いまりちゃん / 一葉ちゃんは作家さん / メル子大先生 / 国宝！白鷺嬢 / リスマニア,電波姫☆いまりちゃん / さくらこはダムです / メル子大先生 / 明日香大明神 / 甲羅暮らしの201号,complete
4,346,em-d25a7727f654,プラハ嬢,32,1482,4991,4,damage_reduction,-0.25,-0.3094,0.4861,0.7361,電波姫☆いまりちゃん / さくらこはダムです / すわ子isGOD！ / プラハ嬢 / zuス様とsiラ様,電波姫☆いまりちゃん / さくらこはダムです / メル子大先生 / 明日香大明神 / 甲羅暮らしの201号,complete
4,347,em-251adb8af3dc,にくぁう餃子権現,30,1365,3638,4,attack_buff,-0.2361,-0.3099,0.5,0.7361,電波姫☆いまりちゃん / さくらこはダムです / すわ子isGOD！ / にくぁう餃子権現 / かんと師匠,電波姫☆いまりちゃん / さくらこはダムです / メル子大先生 / 明日香大明神 / 甲羅暮らしの201号,complete
4,348,em-6e34e2ee96ae,元祖・からっ風太郎,18,1188,1197,3,attack_buff,-0.2431,-0.31,0.4931,0.7361,電波姫☆いまりちゃん / 一葉ちゃんは作家さん / メル子大先生 / 元祖・からっ風太郎 / 頑張るハクさん,電波姫☆いまりちゃん / さくらこはダムです / メル子大先生 / 明日香大明神 / 甲羅暮らしの201号,complete
4,349,em-81bd9c017f3e,玉藻ちゃん,3,400,500,4,attribute_guard,-0.2431,-0.31,0.4931,0.7361,電波姫☆いまりちゃん / メムノン２８号 / すわ子isGOD！ / 玉藻ちゃん / 頑張るハクさん,電波姫☆いまりちゃん / さくらこはダムです / メル子大先生 / 明日香大明神 / 甲羅暮らしの201号,complete
4,350,em-8cb925c8d331,もんちゃん,6,1000,300,3,heal,-0.2431,-0.31,0.4931,0.7361,電波姫☆いまりちゃん / メムノン２８号 / すわ子isGOD！ / もんちゃん / 頑張るハクさん,電波姫☆いまりちゃん / さくらこはダムです / メル子大先生 / 明日香大明神 / 甲羅暮らしの201号,complete
4,351,em-5cce2be6a10e,こ祝いくん,8,700,500,4,heal,-0.2431,-0.31,0.4931,0.7361,電波姫☆いまりちゃん / メムノン２８号 / すわ子isGOD！ / こ祝いくん / 頑張るハクさん,電波姫☆いまりちゃん / さくらこはダムです / メル子大先生 / 明日香大明神 / 甲羅暮らしの201号,complete
4,352,em-4c982d8aff02,断然みっけ太郎,9,600,700,3,attribute_change,-0.2431,-0.31,0.4931,0.7361,電波姫☆いまりちゃん / メムノン２８号 / すわ子isGOD！ / 断然みっけ太郎 / 頑張るハクさん,電波姫☆いまりちゃん / さくらこはダムです / メル子大先生 / 明日香大明神 / 甲羅暮らしの201号,complete
4,353,em-5c824e4dff20,ほたるんるん,9,1000,1500,3,attribute_change,-0.2431,-0.31,0.4931,0.7361,電波姫☆いまりちゃん / メムノン２８号 / すわ子isGOD！ / ほたるんるん / 頑張るハクさん,電波姫☆いまりちゃん / さくらこはダムです / メル子大先生 / 明日香大明神 / 甲羅暮らしの201号,complete
4,354,em-30dec89ba9f9,大杉妹者,10,800,500,4,guard,-0.2431,-0.31,0.4931,0.7361,電波姫☆いまりちゃん / メムノン２８号 / すわ子isGOD！ / 大杉妹者 / 頑張るハクさん,電波姫☆いまりちゃん / さくらこはダムです / メル子大先生 / 明日香大明神 / 甲羅暮らしの201号,complete
4,355,em-ba3e87e06882,ぴよ子ファーザー,20,357,3577,4,attack_buff,-0.2361,-0.311,0.5,0.7361,電波姫☆いまりちゃん / ペーチパイセン / すわ子isGOD！ / ぴよ子ファーザー / リスマニア,電波姫☆いまりちゃん / さくらこはダムです / メル子大先生 / 明日香大明神 / 甲羅暮らしの201号,complete
4,356,em-78aa7cb67068,夜鳥の会会長,46,3408,4260,3,attribute_change,-0.2292,-0.3111,0.5069,0.7361,ラグーン☆南 / ペーチパイセン / ポディアさま / 夜鳥の会会長 / ガハラさん,電波姫☆いまりちゃん / さくらこはダムです / メル子大先生 / 明日香大明神 / 甲羅暮らしの201号,complete
4,357,em-a797434bdcf3,カステーラ先生,10,1258,1145,3,heal,-0.2431,-0.3112,0.4931,0.7361,電波姫☆いまりちゃん / メムノン２８号 / すわ子isGOD！ / カステーラ先生 / 頑張るハクさん,電波姫☆いまりちゃん / さくらこはダムです / メル子大先生 / 明日香大明神 / 甲羅暮らしの201号,complete
4,358,em-f49b19428b58,ちび丸のハロウィン,17,255,2896,4,revive,-0.2431,-0.3112,0.4931,0.7361,電波姫☆いまりちゃん / 一葉ちゃんは作家さん / メル子大先生 / ちび丸のハロウィン / 頑張るハクさん,電波姫☆いまりちゃん / さくらこはダムです / メル子大先生 / 明日香大明神 / 甲羅暮らしの201号,complete
4,359,em-bae534d22214,猫キャットとOLさん,37,3786,3786,3,delay,-0.2361,-0.312,0.5,0.7361,ラグーン☆南 / ペーチパイセン / ポディアさま / 猫キャットとOLさん / 頑張るハクさん,電波姫☆いまりちゃん / さくらこはダムです / メル子大先生 / 明日香大明神 / 甲羅暮らしの201号,partial-skill-support
4,360,em-a4d82c09dd0f,魂入！とちぎソウル,7,565,1837,4,attack_buff,-0.25,-0.312,0.4861,0.7361,電波姫☆いまりちゃん / 一葉ちゃんは作家さん / すわ子isGOD！ / 魂入！とちぎソウル / リスマニア,電波姫☆いまりちゃん / さくらこはダムです / メル子大先生 / 明日香大明神 / 甲羅暮らしの201号,complete
4,361,em-f35caa7e177a,モンポスさん,40,5112,2556,4,damage_reduction,-0.2431,-0.3124,0.4931,0.7361,電波姫☆いまりちゃん / ペーチパイセン / ポディアさま / モンポスさん / ガハラさん,電波姫☆いまりちゃん / さくらこはダムです / メル子大先生 / 明日香大明神 / 甲羅暮らしの201号,complete
4,362,em-7e5d7b36c1e2,カステーラ先輩,7,530,450,3,heal,-0.2431,-0.3124,0.4931,0.7361,電波姫☆いまりちゃん / メムノン２８号 / すわ子isGOD！ / カステーラ先輩 / 頑張るハクさん,電波姫☆いまりちゃん / さくらこはダムです / メル子大先生 / 明日香大明神 / 甲羅暮らしの201号,complete
4,363,em-573a74e6170b,God of 魚ぉ！,8,1269,1128,4,heal,-0.2431,-0.3124,0.4931,0.7361,電波姫☆いまりちゃん / メムノン２８号 / すわ子isGOD！ / God of 魚ぉ！ / 頑張るハクさん,電波姫☆いまりちゃん / さくらこはダムです / メル子大先生 / 明日香大明神 / 甲羅暮らしの201号,complete
4,364,em-a5c7dcdde3ff,水島神人発見される,10,900,400,4,guard,-0.2431,-0.3124,0.4931,0.7361,電波姫☆いまりちゃん / メムノン２８号 / すわ子isGOD！ / 水島神人発見される / 頑張るハクさん,電波姫☆いまりちゃん / さくらこはダムです / メル子大先生 / 明日香大明神 / 甲羅暮らしの201号,complete
4,365,em-1acdee18dc58,生きろ！モア蔵,7,1540,240,3,guard,-0.2431,-0.3124,0.4931,0.7361,電波姫☆いまりちゃん / 一葉ちゃんは作家さん / ポディアさま / 生きろ！モア蔵 / リスマニア,電波姫☆いまりちゃん / さくらこはダムです / メル子大先生 / 明日香大明神 / 甲羅暮らしの201号,complete
4,366,em-02bbd3e33593,飛んだ！イスタン大王,35,3408,5793,3,delay,-0.2361,-0.3131,0.5,0.7361,ラグーン☆南 / ペーチパイセン / ポディアさま / 飛んだ！イスタン大王 / 頑張るハクさん,電波姫☆いまりちゃん / さくらこはダムです / メル子大先生 / 明日香大明神 / 甲羅暮らしの201号,partial-skill-support
4,367,em-830856ac5a07,トキシッくん先輩,7,1000,800,4,revive,-0.2431,-0.3135,0.4931,0.7361,電波姫☆いまりちゃん / メムノン２８号 / すわ子isGOD！ / トキシッくん先輩 / 頑張るハクさん,電波姫☆いまりちゃん / さくらこはダムです / メル子大先生 / 明日香大明神 / 甲羅暮らしの201号,complete
4,368,em-1287aab83f7d,驚愕！深海のあん子,5,400,400,4,heal,-0.2431,-0.3135,0.4931,0.7361,電波姫☆いまりちゃん / メムノン２８号 / すわ子isGOD！ / 驚愕！深海のあん子 / 頑張るハクさん,電波姫☆いまりちゃん / さくらこはダムです / メル子大先生 / 明日香大明神 / 甲羅暮らしの201号,complete
4,369,em-865f442bc56a,神魚！はたはタン,6,700,600,4,heal,-0.2431,-0.3135,0.4931,0.7361,電波姫☆いまりちゃん / メムノン２８号 / すわ子isGOD！ / 神魚！はたはタン / 頑張るハクさん,電波姫☆いまりちゃん / さくらこはダムです / メル子大先生 / 明日香大明神 / 甲羅暮らしの201号,complete
4,370,em-dac0a350706a,くたにん,6,500,600,3,attribute_change,-0.2431,-0.3135,0.4931,0.7361,電波姫☆いまりちゃん / 一葉ちゃんは作家さん / すわ子isGOD！ / くたにん / リスマニア,電波姫☆いまりちゃん / さくらこはダムです / メル子大先生 / 明日香大明神 / 甲羅暮らしの201号,complete
4,371,em-1c55e9acc3aa,水戸Come On!,32,3493,3237,4,delay,-0.2431,-0.3147,0.4931,0.7361,電波姫☆いまりちゃん / ペーチパイセン / ポディアさま / 水戸Come On! / zuス様とsiラ様,電波姫☆いまりちゃん / さくらこはダムです / メル子大先生 / 明日香大明神 / 甲羅暮らしの201号,partial-skill-support
4,372,em-8d98226e5962,玉稜の首領・たまうー,29,3067,4260,4,delay,-0.2431,-0.3147,0.4931,0.7361,電波姫☆いまりちゃん / さくらこはダムです / ポディアさま / 玉稜の首領・たまうー / かんと師匠,電波姫☆いまりちゃん / さくらこはダムです / メル子大先生 / 明日香大明神 / 甲羅暮らしの201号,partial-skill-support
4,373,em-54b091af3505,いまりちゃん,8,605,615,3,attribute_change,-0.2431,-0.3147,0.4931,0.7361,電波姫☆いまりちゃん / メムノン２８号 / すわ子isGOD！ / いまりちゃん / 頑張るハクさん,電波姫☆いまりちゃん / さくらこはダムです / メル子大先生 / 明日香大明神 / 甲羅暮らしの201号,complete
4,374,em-3776e81d3ee0,ヒポポタリーナ,23,3237,2862,3,multi_hit_attack,-0.2431,-0.3158,0.4931,0.7361,電波姫☆いまりちゃん / ペーチパイセン / ポディアさま / ヒポポタリーナ / リスマニア,電波姫☆いまりちゃん / さくらこはダムです / メル子大先生 / 明日香大明神 / 甲羅暮らしの201号,complete
4,375,em-484d995e3adb,くノ一！ヴォたん,9,700,700,4,guard,-0.25,-0.3158,0.4861,0.7361,電波姫☆いまりちゃん / メムノン２８号 / すわ子isGOD！ / くノ一！ヴォたん / 頑張るハクさん,電波姫☆いまりちゃん / さくらこはダムです / メル子大先生 / 明日香大明神 / 甲羅暮らしの201号,complete
4,376,em-06a82dd4f95a,やまとーる海将,18,2567,1208,4,damage_reduction,-0.25,-0.3158,0.4861,0.7361,電波姫☆いまりちゃん / 一葉ちゃんは作家さん / ポディアさま / やまとーる海将 / zuス様とsiラ様,電波姫☆いまりちゃん / さくらこはダムです / メル子大先生 / 明日香大明神 / 甲羅暮らしの201号,complete
4,377,em-d7aa913cd61c,チョーカーちゃん,18,805,3935,3,skill_reduction,-0.25,-0.3158,0.4861,0.7361,電波姫☆いまりちゃん / 一葉ちゃんは作家さん / メル子大先生 / チョーカーちゃん / 頑張るハクさん,電波姫☆いまりちゃん / さくらこはダムです / メル子大先生 / 明日香大明神 / 甲羅暮らしの201号,partial-skill-support
4,378,em-b27009a57b71,架けろきしわだっしー,49,1559,6672,3,attack_buff,-0.2361,-0.3161,0.5,0.7361,どんこ太郎 / ペーチパイセン / すわ子isGOD！ / 架けろきしわだっしー / リスマニア,電波姫☆いまりちゃん / さくらこはダムです / メル子大先生 / 明日香大明神 / 甲羅暮らしの201号,complete
4,379,em-a81a753351d9,戸定梨香,28,3216,3534,4,revive,-0.25,-0.317,0.4861,0.7361,電波姫☆いまりちゃん / ペーチパイセン / ポディアさま / 戸定梨香 / 頑張るハクさん,電波姫☆いまりちゃん / さくらこはダムです / メル子大先生 / 明日香大明神 / 甲羅暮らしの201号,complete
4,380,em-3ea6ac9a0933,オリバーWITHソー,8,400,800,3,attack_buff,-0.25,-0.317,0.4861,0.7361,電波姫☆いまりちゃん / 一葉ちゃんは作家さん / メル子大先生 / オリバーWITHソー / リスマニア,電波姫☆いまりちゃん / さくらこはダムです / メル子大先生 / 明日香大明神 / 甲羅暮らしの201号,complete
4,381,em-2c8d30d1f946,だーらくん,4,800,100,4,guard,-0.25,-0.317,0.4861,0.7361,電波姫☆いまりちゃん / メムノン２８号 / すわ子isGOD！ / だーらくん / 頑張るハクさん,電波姫☆いまりちゃん / さくらこはダムです / メル子大先生 / 明日香大明神 / 甲羅暮らしの201号,complete
4,382,em-8ce38e2a932c,どんこ次郎,5,410,370,3,heal,-0.25,-0.317,0.4861,0.7361,電波姫☆いまりちゃん / メムノン２８号 / すわ子isGOD！ / どんこ次郎 / 頑張るハクさん,電波姫☆いまりちゃん / さくらこはダムです / メル子大先生 / 明日香大明神 / 甲羅暮らしの201号,complete
4,383,em-f595b4878fcb,ポディアくん,5,800,350,4,attribute_guard,-0.25,-0.317,0.4861,0.7361,電波姫☆いまりちゃん / メムノン２８号 / すわ子isGOD！ / ポディアくん / 頑張るハクさん,電波姫☆いまりちゃん / さくらこはダムです / メル子大先生 / 明日香大明神 / 甲羅暮らしの201号,complete
4,384,em-2f1a1d5585bc,ゴリョカタくん,6,900,400,3,skill_reduction,-0.25,-0.317,0.4861,0.7361,電波姫☆いまりちゃん / メムノン２８号 / すわ子isGOD！ / ゴリョカタくん / 頑張るハクさん,電波姫☆いまりちゃん / さくらこはダムです / メル子大先生 / 明日香大明神 / 甲羅暮らしの201号,partial-skill-support
4,385,em-ed2518ac8873,もんさん,9,1200,400,3,heal,-0.25,-0.317,0.4861,0.7361,電波姫☆いまりちゃん / メムノン２８号 / すわ子isGOD！ / もんさん / 頑張るハクさん,電波姫☆いまりちゃん / さくらこはダムです / メル子大先生 / 明日香大明神 / 甲羅暮らしの201号,complete
4,386,em-2118276c6dc5,からっ風太郎,8,613,614,4,attack_buff,-0.25,-0.3182,0.4861,0.7361,電波姫☆いまりちゃん / メムノン２８号 / すわ子isGOD！ / からっ風太郎 / 頑張るハクさん,電波姫☆いまりちゃん / さくらこはダムです / メル子大先生 / 明日香大明神 / 甲羅暮らしの201号,complete
4,387,em-70e79fbffe3c,怪人エビユルゲ,3,305,297,4,attribute_change,-0.25,-0.3182,0.4861,0.7361,電波姫☆いまりちゃん / メムノン２８号 / すわ子isGOD！ / 怪人エビユルゲ / 頑張るハクさん,電波姫☆いまりちゃん / さくらこはダムです / メル子大先生 / 明日香大明神 / 甲羅暮らしの201号,complete
4,388,em-009ea40e4b39,お夏ちゃん,4,311,329,3,heal,-0.25,-0.3182,0.4861,0.7361,電波姫☆いまりちゃん / メムノン２８号 / すわ子isGOD！ / お夏ちゃん / 頑張るハクさん,電波姫☆いまりちゃん / さくらこはダムです / メル子大先生 / 明日香大明神 / 甲羅暮らしの201号,complete
4,389,em-03a8c7071b85,カステーラちゃん,4,330,282,4,heal,-0.25,-0.3182,0.4861,0.7361,電波姫☆いまりちゃん / メムノン２８号 / すわ子isGOD！ / カステーラちゃん / 頑張るハクさん,電波姫☆いまりちゃん / さくらこはダムです / メル子大先生 / 明日香大明神 / 甲羅暮らしの201号,complete
4,390,em-0c931777e175,関くん,4,305,307,4,guard,-0.25,-0.3182,0.4861,0.7361,電波姫☆いまりちゃん / メムノン２８号 / すわ子isGOD！ / 関くん / 頑張るハクさん,電波姫☆いまりちゃん / さくらこはダムです / メル子大先生 / 明日香大明神 / 甲羅暮らしの201号,complete
4,391,em-2e5ec7f48778,たこ焼きーナ,4,136,566,4,attack_buff,-0.25,-0.3182,0.4861,0.7361,電波姫☆いまりちゃん / メムノン２８号 / すわ子isGOD！ / たこ焼きーナ / 頑張るハクさん,電波姫☆いまりちゃん / さくらこはダムです / メル子大先生 / 明日香大明神 / 甲羅暮らしの201号,complete
4,392,em-837d909d76bf,ぼこたそ,4,287,312,4,delay,-0.25,-0.3182,0.4861,0.7361,電波姫☆いまりちゃん / メムノン２８号 / すわ子isGOD！ / ぼこたそ / 頑張るハクさん,電波姫☆いまりちゃん / さくらこはダムです / メル子大先生 / 明日香大明神 / 甲羅暮らしの201号,partial-skill-support
4,393,em-a5062fe00935,座敷(藁)氏,5,200,400,4,delay,-0.25,-0.3182,0.4861,0.7361,電波姫☆いまりちゃん / メムノン２８号 / すわ子isGOD！ / 座敷(藁)氏 / 頑張るハクさん,電波姫☆いまりちゃん / さくらこはダムです / メル子大先生 / 明日香大明神 / 甲羅暮らしの201号,partial-skill-support
4,394,em-eaad577a957c,関さん,5,390,390,4,guard,-0.25,-0.3182,0.4861,0.7361,電波姫☆いまりちゃん / メムノン２８号 / すわ子isGOD！ / 関さん / 頑張るハクさん,電波姫☆いまりちゃん / さくらこはダムです / メル子大先生 / 明日香大明神 / 甲羅暮らしの201号,complete
4,395,em-08e0b2a57e58,高級のぼこたそ,6,400,400,4,delay,-0.25,-0.3182,0.4861,0.7361,電波姫☆いまりちゃん / メムノン２８号 / すわ子isGOD！ / 高級のぼこたそ / 頑張るハクさん,電波姫☆いまりちゃん / さくらこはダムです / メル子大先生 / 明日香大明神 / 甲羅暮らしの201号,partial-skill-support
4,396,em-12f1294c9b3b,雅だねお夏ちゃん,6,400,400,3,heal,-0.25,-0.3182,0.4861,0.7361,電波姫☆いまりちゃん / メムノン２８号 / すわ子isGOD！ / 雅だねお夏ちゃん / 頑張るハクさん,電波姫☆いまりちゃん / さくらこはダムです / メル子大先生 / 明日香大明神 / 甲羅暮らしの201号,complete
4,397,em-a0340dd7db63,みっけ太郎,6,500,600,3,attribute_change,-0.25,-0.3182,0.4861,0.7361,電波姫☆いまりちゃん / メムノン２８号 / すわ子isGOD！ / みっけ太郎 / 頑張るハクさん,電波姫☆いまりちゃん / さくらこはダムです / メル子大先生 / 明日香大明神 / 甲羅暮らしの201号,complete
4,398,em-d3e31e52c5a0,座敷童という線も…,6,300,500,4,delay,-0.25,-0.3182,0.4861,0.7361,電波姫☆いまりちゃん / メムノン２８号 / すわ子isGOD！ / 座敷童という線も… / 頑張るハクさん,電波姫☆いまりちゃん / さくらこはダムです / メル子大先生 / 明日香大明神 / 甲羅暮らしの201号,partial-skill-support
4,399,em-3ee1b9058802,老舗のぼこたそ,7,490,500,4,delay,-0.25,-0.3182,0.4861,0.7361,電波姫☆いまりちゃん / メムノン２８号 / すわ子isGOD！ / 老舗のぼこたそ / 頑張るハクさん,電波姫☆いまりちゃん / さくらこはダムです / メル子大先生 / 明日香大明神 / 甲羅暮らしの201号,partial-skill-support
4,400,em-0051409a8e1f,芹沢さん,8,604,597,4,guard,-0.25,-0.3182,0.4861,0.7361,電波姫☆いまりちゃん / メムノン２８号 / すわ子isGOD！ / 芹沢さん / 頑張るハクさん,電波姫☆いまりちゃん / さくらこはダムです / メル子大先生 / 明日香大明神 / 甲羅暮らしの201号,complete
4,401,em-3d21182a399b,風流さねお夏ちゃん,8,482,488,3,heal,-0.25,-0.3182,0.4861,0.7361,電波姫☆いまりちゃん / メムノン２８号 / すわ子isGOD！ / 風流さねお夏ちゃん / 頑張るハクさん,電波姫☆いまりちゃん / さくらこはダムです / メル子大先生 / 明日香大明神 / 甲羅暮らしの201号,complete
4,402,em-7be7f013e14a,一矢！もりりん,8,500,300,4,attack_buff,-0.25,-0.3182,0.4861,0.7361,電波姫☆いまりちゃん / メムノン２８号 / すわ子isGOD！ / 一矢！もりりん / 頑張るハクさん,電波姫☆いまりちゃん / さくらこはダムです / メル子大先生 / 明日香大明神 / 甲羅暮らしの201号,complete
4,403,em-4fdecac09ecc,みなぎる！さくらちゃん,12,666,666,4,attribute_change,-0.25,-0.3182,0.4861,0.7361,電波姫☆いまりちゃん / メムノン２８号 / メル子大先生 / みなぎる！さくらちゃん / 頑張るハクさん,電波姫☆いまりちゃん / さくらこはダムです / メル子大先生 / 明日香大明神 / 甲羅暮らしの201号,complete
4,404,em-c88f65fb7899,グラディ瑛太,16,4653,423,3,delay,-0.25,-0.3182,0.4861,0.7361,電波姫☆いまりちゃん / 一葉ちゃんは作家さん / ポディアさま / グラディ瑛太 / かんと師匠,電波姫☆いまりちゃん / さくらこはダムです / メル子大先生 / 明日香大明神 / 甲羅暮らしの201号,partial-skill-support
4,405,em-a266679a04ae,三矢！もりりん,13,800,700,4,attack_buff,-0.25,-0.3182,0.4861,0.7361,電波姫☆いまりちゃん / 一葉ちゃんは作家さん / メル子大先生 / 三矢！もりりん / リスマニア,電波姫☆いまりちゃん / さくらこはダムです / メル子大先生 / 明日香大明神 / 甲羅暮らしの201号,complete
4,406,em-5284c689c7b6,ジャウー大先生,15,805,3220,4,skill_reduction,-0.25,-0.3182,0.4861,0.7361,電波姫☆いまりちゃん / 一葉ちゃんは作家さん / メル子大先生 / ジャウー大先生 / 頑張るハクさん,電波姫☆いまりちゃん / さくらこはダムです / メル子大先生 / 明日香大明神 / 甲羅暮らしの201号,partial-skill-support
4,407,em-fd111e204918,アルビールパイセン,19,467,2608,3,delay,-0.25,-0.3182,0.4861,0.7361,電波姫☆いまりちゃん / 一葉ちゃんは作家さん / メル子大先生 / アルビールパイセン / 頑張るハクさん,電波姫☆いまりちゃん / さくらこはダムです / メル子大先生 / 明日香大明神 / 甲羅暮らしの201号,partial-skill-support
4,408,em-e6110f879f18,ユーコ隊,24,3408,2044,4,revive,-0.25,-0.3182,0.4861,0.7361,電波姫☆いまりちゃん / 一葉ちゃんは作家さん / ポディアさま / ユーコ隊 / ガハラさん,電波姫☆いまりちゃん / さくらこはダムです / メル子大先生 / 明日香大明神 / 甲羅暮らしの201号,complete
4,409,em-f13588602944,生イカのアーニー,15,3220,1610,4,attack_buff,-0.25,-0.3182,0.4861,0.7361,電波姫☆いまりちゃん / さくらこはダムです / ポディアさま / 生イカのアーニー / リスマニア,電波姫☆いまりちゃん / さくらこはダムです / メル子大先生 / 明日香大明神 / 甲羅暮らしの201号,complete
4,410,em-5861838d2e36,ばうあー泥棒,35,4771,3033,4,attack_buff,-0.2431,-0.319,0.4931,0.7361,ハラショー☆ビッツェ / さくらこはダムです / ポディアさま / ばうあー泥棒 / リスマニア,電波姫☆いまりちゃん / さくらこはダムです / メル子大先生 / 明日香大明神 / 甲羅暮らしの201号,complete
4,411,em-ef6acbb9fe3a,ﾌｫﾆｰ・ぴよ・ｶﾞｰﾙｽﾞY,25,3703,1771,4,attribute_change,-0.2569,-0.319,0.4792,0.7361,電波姫☆いまりちゃん / さくらこはダムです / ポディアさま / ﾌｫﾆｰ・ぴよ・ｶﾞｰﾙｽﾞY / 頑張るハクさん,電波姫☆いまりちゃん / さくらこはダムです / メル子大先生 / 明日香大明神 / 甲羅暮らしの201号,complete
4,412,em-d86fc6931627,ふくしメイト・じゅん,19,1812,1661,3,skill_reduction,-0.2569,-0.319,0.4792,0.7361,電波姫☆いまりちゃん / 一葉ちゃんは作家さん / メル子大先生 / ふくしメイト・じゅん / 頑張るハクさん,電波姫☆いまりちゃん / さくらこはダムです / メル子大先生 / 明日香大明神 / 甲羅暮らしの201号,partial-skill-support
4,413,em-b715ad2ad387,ウサピョイ鏡花さん,19,3016,1780,3,delay,-0.25,-0.3193,0.4861,0.7361,電波姫☆いまりちゃん / さくらこはダムです / ポディアさま / ウサピョイ鏡花さん / リスマニア,電波姫☆いまりちゃん / さくらこはダムです / メル子大先生 / 明日香大明神 / 甲羅暮らしの201号,partial-skill-support
4,414,em-6f9254f46753,うわマジカ,4,450,650,4,attribute_guard,-0.25,-0.3193,0.4861,0.7361,電波姫☆いまりちゃん / メムノン２８号 / すわ子isGOD！ / うわマジカ / 頑張るハクさん,電波姫☆いまりちゃん / さくらこはダムです / メル子大先生 / 明日香大明神 / 甲羅暮らしの201号,complete
4,415,em-a787bb59ceca,トキシッくん,5,600,500,4,revive,-0.25,-0.3193,0.4861,0.7361,電波姫☆いまりちゃん / メムノン２８号 / すわ子isGOD！ / トキシッくん / 頑張るハクさん,電波姫☆いまりちゃん / さくらこはダムです / メル子大先生 / 明日香大明神 / 甲羅暮らしの201号,complete
4,416,em-4c77b2b8ad46,トキシッくんさん,6,700,600,4,revive,-0.25,-0.3193,0.4861,0.7361,電波姫☆いまりちゃん / メムノン２８号 / すわ子isGOD！ / トキシッくんさん / 頑張るハクさん,電波姫☆いまりちゃん / さくらこはダムです / メル子大先生 / 明日香大明神 / 甲羅暮らしの201号,complete
4,417,em-674bf61c8b00,海賊衆かっさーのん,6,600,700,4,attack_buff,-0.25,-0.3193,0.4861,0.7361,電波姫☆いまりちゃん / メムノン２８号 / すわ子isGOD！ / 海賊衆かっさーのん / 頑張るハクさん,電波姫☆いまりちゃん / さくらこはダムです / メル子大先生 / 明日香大明神 / 甲羅暮らしの201号,complete
4,418,em-1a5f7bc3661b,萌やし男子,7,300,700,4,attack_buff,-0.25,-0.3193,0.4861,0.7361,電波姫☆いまりちゃん / メムノン２８号 / すわ子isGOD！ / 萌やし男子 / 頑張るハクさん,電波姫☆いまりちゃん / さくらこはダムです / メル子大先生 / 明日香大明神 / 甲羅暮らしの201号,complete
4,419,em-99ad2fb4f1bc,いはとくん,8,580,640,3,delay,-0.25,-0.3193,0.4861,0.7361,電波姫☆いまりちゃん / メムノン２８号 / すわ子isGOD！ / いはとくん / 頑張るハクさん,電波姫☆いまりちゃん / さくらこはダムです / メル子大先生 / 明日香大明神 / 甲羅暮らしの201号,partial-skill-support
4,420,em-e31de348c40b,湘南ボーイ,8,300,700,4,attack_buff,-0.25,-0.3193,0.4861,0.7361,電波姫☆いまりちゃん / メムノン２８号 / すわ子isGOD！ / 湘南ボーイ / 頑張るハクさん,電波姫☆いまりちゃん / さくらこはダムです / メル子大先生 / 明日香大明神 / 甲羅暮らしの201号,complete
4,421,em-198e928f6d0b,なるとマン,9,800,700,4,attack_buff,-0.25,-0.3193,0.4861,0.7361,電波姫☆いまりちゃん / メムノン２８号 / すわ子isGOD！ / なるとマン / 頑張るハクさん,電波姫☆いまりちゃん / さくらこはダムです / メル子大先生 / 明日香大明神 / 甲羅暮らしの201号,complete
4,422,em-cc9db541b1b4,メル子さん,9,600,700,4,attack_buff,-0.25,-0.3193,0.4861,0.7361,電波姫☆いまりちゃん / メムノン２８号 / すわ子isGOD！ / メル子さん / 頑張るハクさん,電波姫☆いまりちゃん / さくらこはダムです / メル子大先生 / 明日香大明神 / 甲羅暮らしの201号,complete
4,423,em-86b8f3a86278,レボリューション凜子,10,800,800,4,attack_buff,-0.25,-0.3193,0.4861,0.7361,電波姫☆いまりちゃん / メムノン２８号 / すわ子isGOD！ / レボリューション凜子 / 頑張るハクさん,電波姫☆いまりちゃん / さくらこはダムです / メル子大先生 / 明日香大明神 / 甲羅暮らしの201号,complete
4,424,em-bb6329ff48fb,ポティア＆ポディア,6,1000,400,3,attribute_guard,-0.25,-0.3193,0.4861,0.7361,電波姫☆いまりちゃん / メムノン２８号 / すわ子isGOD！ / ポティア＆ポディア / 頑張るハクさん,電波姫☆いまりちゃん / さくらこはダムです / メル子大先生 / 明日香大明神 / 甲羅暮らしの201号,complete
4,425,em-ec978322ece8,タイプ：テン,20,3864,966,4,guard,-0.25,-0.3193,0.4861,0.7361,電波姫☆いまりちゃん / さくらこはダムです / ポディアさま / タイプ：テン / リスマニア,電波姫☆いまりちゃん / さくらこはダムです / メル子大先生 / 明日香大明神 / 甲羅暮らしの201号,complete
4,426,em-479e5e45a614,諏訪湖成長期,55,3067,5623,3,multi_hit_attack,-0.25,-0.3193,0.4861,0.7361,ハラショー☆ビッツェ / どんこ太郎 / ポディアさま / 諏訪湖成長期 / まつやマン,電波姫☆いまりちゃん / さくらこはダムです / メル子大先生 / 明日香大明神 / 甲羅暮らしの201号,complete
4,427,em-f4f38ea1c2f0,びゃ子さま,15,450,1850,4,attack_buff,-0.2431,-0.3201,0.4931,0.7361,電波姫☆いまりちゃん / ペーチパイセン / すわ子isGOD！ / びゃ子さま / リスマニア,電波姫☆いまりちゃん / さくらこはダムです / メル子大先生 / 明日香大明神 / 甲羅暮らしの201号,complete
4,428,em-fea44f2a7dd8,だが男だ彦にゃん,15,2793,1132,3,skill_reduction,-0.2569,-0.3202,0.4792,0.7361,電波姫☆いまりちゃん / 一葉ちゃんは作家さん / ポディアさま / だが男だ彦にゃん / 頑張るハクさん,電波姫☆いまりちゃん / さくらこはダムです / メル子大先生 / 明日香大明神 / 甲羅暮らしの201号,partial-skill-support
4,429,em-a74603ad2679,白虎,36,5112,3408,4,attack_buff,-0.25,-0.3205,0.4861,0.7361,ラグーン☆南 / ペーチパイセン / ポディアさま / 白虎 / 頑張るハクさん,電波姫☆いまりちゃん / さくらこはダムです / メル子大先生 / 明日香大明神 / 甲羅暮らしの201号,complete
4,430,em-1eb8ca42b88a,日南のモア蔵,14,3534,424,3,guard,-0.25,-0.3205,0.4861,0.7361,電波姫☆いまりちゃん / さくらこはダムです / ポディアさま / 日南のモア蔵 / ロータス先輩,電波姫☆いまりちゃん / さくらこはダムです / メル子大先生 / 明日香大明神 / 甲羅暮らしの201号,complete
4,431,em-091b1c77c643,戸隠ちび蔵,6,150,950,3,attack_buff,-0.25,-0.3205,0.4861,0.7361,電波姫☆いまりちゃん / メムノン２８号 / すわ子isGOD！ / 戸隠ちび蔵 / 頑張るハクさん,電波姫☆いまりちゃん / さくらこはダムです / メル子大先生 / 明日香大明神 / 甲羅暮らしの201号,complete
4,432,em-b54c325797a5,フク先生,6,600,700,3,attribute_change,-0.25,-0.3205,0.4861,0.7361,電波姫☆いまりちゃん / 一葉ちゃんは作家さん / すわ子isGOD！ / フク先生 / リスマニア,電波姫☆いまりちゃん / さくらこはダムです / メル子大先生 / 明日香大明神 / 甲羅暮らしの201号,complete
4,433,em-428a2893945d,雪愛ちゃん,8,590,630,3,attribute_change,-0.25,-0.3205,0.4861,0.7361,電波姫☆いまりちゃん / メムノン２８号 / すわ子isGOD！ / 雪愛ちゃん / 頑張るハクさん,電波姫☆いまりちゃん / さくらこはダムです / メル子大先生 / 明日香大明神 / 甲羅暮らしの201号,complete
4,434,em-124d2df2b85e,ディオクレ君,23,2416,1449,4,skill_reduction,-0.25,-0.3205,0.4861,0.7361,電波姫☆いまりちゃん / ペーチパイセン / ポディアさま / ディオクレ君 / リスマニア,電波姫☆いまりちゃん / さくらこはダムです / メル子大先生 / 明日香大明神 / 甲羅暮らしの201号,partial-skill-support
4,435,em-d76a5850c323,牛追いガウガウ,40,5964,1704,4,damage_reduction,-0.2569,-0.3215,0.4792,0.7361,電波姫☆いまりちゃん / ペーチパイセン / ポディアさま / 牛追いガウガウ / ガハラさん,電波姫☆いまりちゃん / さくらこはダムです / メル子大先生 / 明日香大明神 / 甲羅暮らしの201号,complete
4,436,em-39de42aa1107,今宵のさだわん,10,1209,1195,3,damage_reduction,-0.25,-0.3216,0.4861,0.7361,電波姫☆いまりちゃん / メムノン２８号 / すわ子isGOD！ / 今宵のさだわん / 頑張るハクさん,電波姫☆いまりちゃん / さくらこはダムです / メル子大先生 / 明日香大明神 / 甲羅暮らしの201号,complete
4,437,em-5a100f5215c1,オリバーTHEトイ,6,300,600,3,attack_buff,-0.25,-0.3216,0.4861,0.7361,電波姫☆いまりちゃん / 一葉ちゃんは作家さん / メル子大先生 / オリバーTHEトイ / リスマニア,電波姫☆いまりちゃん / さくらこはダムです / メル子大先生 / 明日香大明神 / 甲羅暮らしの201号,complete
4,438,em-3b878e796aba,なまず仙人,35,4941,1618,4,damage_reduction,-0.25,-0.3227,0.4861,0.7361,ラグーン☆南 / ペーチパイセン / ポディアさま / なまず仙人 / 頑張るハクさん,電波姫☆いまりちゃん / さくらこはダムです / メル子大先生 / 明日香大明神 / 甲羅暮らしの201号,complete
4,439,em-f119f767f457,アダム＆エバ,50,5112,4260,4,attack_buff,-0.25,-0.3227,0.4861,0.7361,ハラショー☆ビッツェ / さくらこはダムです / ポディアさま / アダム＆エバ / ガハラさん,電波姫☆いまりちゃん / さくらこはダムです / メル子大先生 / 明日香大明神 / 甲羅暮らしの201号,complete
4,440,em-4320ba79e25e,たけしマン,8,800,900,3,damage_reduction,-0.2569,-0.3227,0.4792,0.7361,電波姫☆いまりちゃん / メムノン２８号 / すわ子isGOD！ / たけしマン / 頑張るハクさん,電波姫☆いまりちゃん / さくらこはダムです / メル子大先生 / 明日香大明神 / 甲羅暮らしの201号,complete
4,441,em-c749ad6eefee,トーテムゆ～る,16,1413,1201,3,delay,-0.2569,-0.3227,0.4792,0.7361,電波姫☆いまりちゃん / 一葉ちゃんは作家さん / メル子大先生 / トーテムゆ～る / 頑張るハクさん,電波姫☆いまりちゃん / さくらこはダムです / メル子大先生 / 明日香大明神 / 甲羅暮らしの201号,partial-skill-support
4,442,em-82924ccc2fd6,ゴリョカタさん,8,1100,600,4,skill_reduction,-0.2569,-0.3227,0.4792,0.7361,電波姫☆いまりちゃん / メムノン２８号 / すわ子isGOD！ / ゴリョカタさん / 頑張るハクさん,電波姫☆いまりちゃん / さくらこはダムです / メル子大先生 / 明日香大明神 / 甲羅暮らしの201号,partial-skill-support
4,443,em-55057254f6ff,乳製品！こ祝いくん,10,800,600,4,heal,-0.2569,-0.3227,0.4792,0.7361,電波姫☆いまりちゃん / メムノン２８号 / すわ子isGOD！ / 乳製品！こ祝いくん / 頑張るハクさん,電波姫☆いまりちゃん / さくらこはダムです / メル子大先生 / 明日香大明神 / 甲羅暮らしの201号,complete
4,444,em-78785b8bf619,企業だ浅ちゃん！,42,1192,7327,4,attack_buff,-0.2569,-0.3239,0.4792,0.7361,電波姫☆いまりちゃん / ペーチパイセン / メル子大先生 / 企業だ浅ちゃん！ / ガハラさん,電波姫☆いまりちゃん / さくらこはダムです / メル子大先生 / 明日香大明神 / 甲羅暮らしの201号,complete
4,445,em-7e127d8718a5,魔人エビユルゲ,4,410,370,3,attribute_change,-0.2569,-0.3239,0.4792,0.7361,電波姫☆いまりちゃん / メムノン２８号 / すわ子isGOD！ / 魔人エビユルゲ / 頑張るハクさん,電波姫☆いまりちゃん / さくらこはダムです / メル子大先生 / 明日香大明神 / 甲羅暮らしの201号,complete
4,446,em-764989efdc82,まつやマン,6,600,600,4,attack_buff,-0.2569,-0.3239,0.4792,0.7361,電波姫☆いまりちゃん / メムノン２８号 / すわ子isGOD！ / まつやマン / 頑張るハクさん,電波姫☆いまりちゃん / さくらこはダムです / メル子大先生 / 明日香大明神 / 甲羅暮らしの201号,complete
4,447,em-57e25e9e3446,にゅーくん,8,400,1700,4,guard,-0.2569,-0.3239,0.4792,0.7361,電波姫☆いまりちゃん / メムノン２８号 / すわ子isGOD！ / にゅーくん / 頑張るハクさん,電波姫☆いまりちゃん / さくらこはダムです / メル子大先生 / 明日香大明神 / 甲羅暮らしの201号,complete
4,448,em-8f0d43ba8a34,一羽のうっぴー,8,500,600,4,skill_reduction,-0.2569,-0.3239,0.4792,0.7361,電波姫☆いまりちゃん / メムノン２８号 / すわ子isGOD！ / 一羽のうっぴー / 頑張るハクさん,電波姫☆いまりちゃん / さくらこはダムです / メル子大先生 / 明日香大明神 / 甲羅暮らしの201号,partial-skill-support
4,449,em-850c95cbd668,二矢！もりりん,10,700,600,4,attack_buff,-0.2569,-0.3239,0.4792,0.7361,電波姫☆いまりちゃん / メムノン２８号 / すわ子isGOD！ / 二矢！もりりん / 頑張るハクさん,電波姫☆いまりちゃん / さくらこはダムです / メル子大先生 / 明日香大明神 / 甲羅暮らしの201号,complete
4,450,em-018528f8f441,羊アフロ・こ祝いくん,14,1963,1510,3,heal,-0.2569,-0.3239,0.4792,0.7361,電波姫☆いまりちゃん / 一葉ちゃんは作家さん / ポディアさま / 羊アフロ・こ祝いくん / かんと師匠,電波姫☆いまりちゃん / さくらこはダムです / メル子大先生 / 明日香大明神 / 甲羅暮らしの201号,complete
4,451,em-a9f11e917d08,さふらんボルギーニャ,40,5163,3970,3,skill_reduction,-0.2431,-0.3241,0.4931,0.7361,ハラショー☆ビッツェ / さくらこはダムです / ポディアさま / さふらんボルギーニャ / かんと師匠,電波姫☆いまりちゃん / さくらこはダムです / メル子大先生 / 明日香大明神 / 甲羅暮らしの201号,partial-skill-support
4,452,em-49b522eac464,ジェヴォたんは狼？,43,3006,6022,4,multi_hit_attack,-0.2431,-0.3241,0.4931,0.7361,ハラショー☆ビッツェ / さくらこはダムです / ポディアさま / ジェヴォたんは狼？ / かんと師匠,電波姫☆いまりちゃん / さくらこはダムです / メル子大先生 / 明日香大明神 / 甲羅暮らしの201号,complete
4,453,em-28f044d525d7,スーリヤ様が見てる,7,489,1446,3,skill_reduction,-0.2569,-0.3251,0.4792,0.7361,電波姫☆いまりちゃん / メムノン２８号 / すわ子isGOD！ / スーリヤ様が見てる / 頑張るハクさん,電波姫☆いまりちゃん / さくらこはダムです / メル子大先生 / 明日香大明神 / 甲羅暮らしの201号,partial-skill-support
4,454,em-089b38d8a821,超天狗くまのたん,55,1704,7497,3,attack_buff,-0.2569,-0.3251,0.4792,0.7361,ハラショー☆ビッツェ / どんこ太郎 / メル子大先生 / 超天狗くまのたん / 頑張るハクさん,電波姫☆いまりちゃん / さくらこはダムです / メル子大先生 / 明日香大明神 / 甲羅暮らしの201号,complete
4,455,em-4900e4471484,モア蔵,4,722,90,4,guard,-0.2569,-0.3251,0.4792,0.7361,電波姫☆いまりちゃん / メムノン２８号 / すわ子isGOD！ / モア蔵 / 頑張るハクさん,電波姫☆いまりちゃん / さくらこはダムです / メル子大先生 / 明日香大明神 / 甲羅暮らしの201号,complete
4,456,em-0481f6c14fd9,関先輩,7,475,475,4,guard,-0.2569,-0.3251,0.4792,0.7361,電波姫☆いまりちゃん / メムノン２８号 / すわ子isGOD！ / 関先輩 / 頑張るハクさん,電波姫☆いまりちゃん / さくらこはダムです / メル子大先生 / 明日香大明神 / 甲羅暮らしの201号,complete
4,457,em-3931715bffec,地味な大仏,7,500,500,4,attack_buff,-0.2569,-0.3251,0.4792,0.7361,電波姫☆いまりちゃん / メムノン２８号 / すわ子isGOD！ / 地味な大仏 / 頑張るハクさん,電波姫☆いまりちゃん / さくらこはダムです / メル子大先生 / 明日香大明神 / 甲羅暮らしの201号,complete
4,458,em-b827590fe52d,芹沢くん,7,500,500,4,guard,-0.2569,-0.3251,0.4792,0.7361,電波姫☆いまりちゃん / メムノン２８号 / すわ子isGOD！ / 芹沢くん / 頑張るハクさん,電波姫☆いまりちゃん / さくらこはダムです / メル子大先生 / 明日香大明神 / 甲羅暮らしの201号,complete
4,459,em-2b3991ed5705,伝統の牛タソ,10,600,100,4,guard,-0.2569,-0.3251,0.4792,0.7361,電波姫☆いまりちゃん / メムノン２８号 / すわ子isGOD！ / 伝統の牛タソ / 頑張るハクさん,電波姫☆いまりちゃん / さくらこはダムです / メル子大先生 / 明日香大明神 / 甲羅暮らしの201号,complete
4,460,em-1290652c5171,萌やし博士,10,408,1212,4,attack_buff,-0.2639,-0.3259,0.4722,0.7361,電波姫☆いまりちゃん / 一葉ちゃんは作家さん / すわ子isGOD！ / 萌やし博士 / リスマニア,電波姫☆いまりちゃん / さくらこはダムです / メル子大先生 / 明日香大明神 / 甲羅暮らしの201号,complete
4,461,em-73a9cdab3511,リンゴール子爵,3,300,200,4,delay,-0.2569,-0.3263,0.4792,0.7361,電波姫☆いまりちゃん / メムノン２８号 / すわ子isGOD！ / リンゴール子爵 / 頑張るハクさん,電波姫☆いまりちゃん / さくらこはダムです / メル子大先生 / 明日香大明神 / 甲羅暮らしの201号,partial-skill-support
4,462,em-8e8c7fbfac2a,おたべくん,3,315,287,4,delay,-0.2569,-0.3263,0.4792,0.7361,電波姫☆いまりちゃん / メムノン２８号 / すわ子isGOD！ / おたべくん / 頑張るハクさん,電波姫☆いまりちゃん / さくらこはダムです / メル子大先生 / 明日香大明神 / 甲羅暮らしの201号,partial-skill-support
4,463,em-5528cf768569,リンゴール男爵,4,400,300,4,delay,-0.2569,-0.3263,0.4792,0.7361,電波姫☆いまりちゃん / メムノン２８号 / すわ子isGOD！ / リンゴール男爵 / 頑張るハクさん,電波姫☆いまりちゃん / さくらこはダムです / メル子大先生 / 明日香大明神 / 甲羅暮らしの201号,partial-skill-support
4,464,em-8060e6a7ab61,戸隠ちび丸,4,150,700,3,attack_buff,-0.2569,-0.3263,0.4792,0.7361,電波姫☆いまりちゃん / メムノン２８号 / すわ子isGOD！ / 戸隠ちび丸 / 頑張るハクさん,電波姫☆いまりちゃん / さくらこはダムです / メル子大先生 / 明日香大明神 / 甲羅暮らしの201号,complete
4,465,em-81fec3e48762,怪人おたべ,4,415,365,4,delay,-0.2569,-0.3263,0.4792,0.7361,電波姫☆いまりちゃん / メムノン２８号 / すわ子isGOD！ / 怪人おたべ / 頑張るハクさん,電波姫☆いまりちゃん / さくらこはダムです / メル子大先生 / 明日香大明神 / 甲羅暮らしの201号,partial-skill-support
4,466,em-09c253fd0a61,オリバーTHEドッグ,5,200,500,3,attack_buff,-0.2569,-0.3263,0.4792,0.7361,電波姫☆いまりちゃん / メムノン２８号 / すわ子isGOD！ / オリバーTHEドッグ / 頑張るハクさん,電波姫☆いまりちゃん / さくらこはダムです / メル子大先生 / 明日香大明神 / 甲羅暮らしの201号,complete
4,467,em-0da991c52dd4,ギャリーくん,5,400,400,3,damage_reduction,-0.2569,-0.3263,0.4792,0.7361,電波姫☆いまりちゃん / メムノン２８号 / すわ子isGOD！ / ギャリーくん / 頑張るハクさん,電波姫☆いまりちゃん / さくらこはダムです / メル子大先生 / 明日香大明神 / 甲羅暮らしの201号,complete
4,468,em-144424b04d69,あろまさん,5,450,650,4,revive,-0.2569,-0.3263,0.4792,0.7361,電波姫☆いまりちゃん / メムノン２８号 / すわ子isGOD！ / あろまさん / 頑張るハクさん,電波姫☆いまりちゃん / さくらこはダムです / メル子大先生 / 明日香大明神 / 甲羅暮らしの201号,complete
4,469,em-5793db0a4078,リンゴール伯爵,5,700,600,4,delay,-0.2569,-0.3263,0.4792,0.7361,電波姫☆いまりちゃん / メムノン２８号 / すわ子isGOD！ / リンゴール伯爵 / 頑張るハクさん,電波姫☆いまりちゃん / さくらこはダムです / メル子大先生 / 明日香大明神 / 甲羅暮らしの201号,partial-skill-support
4,470,em-fb6292300fc0,妖怪おたべ,5,525,455,4,delay,-0.2569,-0.3263,0.4792,0.7361,電波姫☆いまりちゃん / メムノン２８号 / すわ子isGOD！ / 妖怪おたべ / 頑張るハクさん,電波姫☆いまりちゃん / さくらこはダムです / メル子大先生 / 明日香大明神 / 甲羅暮らしの201号,partial-skill-support
4,471,em-2697b5e55b56,あろまちゃん+空気,6,650,700,4,revive,-0.2569,-0.3263,0.4792,0.7361,電波姫☆いまりちゃん / メムノン２８号 / すわ子isGOD！ / あろまちゃん+空気 / 頑張るハクさん,電波姫☆いまりちゃん / さくらこはダムです / メル子大先生 / 明日香大明神 / 甲羅暮らしの201号,complete
4,472,em-71820072d6c5,松浦凜子,6,603,603,4,attack_buff,-0.2569,-0.3263,0.4792,0.7361,電波姫☆いまりちゃん / メムノン２８号 / すわ子isGOD！ / 松浦凜子 / 頑張るハクさん,電波姫☆いまりちゃん / さくらこはダムです / メル子大先生 / 明日香大明神 / 甲羅暮らしの201号,complete
4,473,em-804c07b6fa9a,メル子ちゃん,6,400,600,4,attack_buff,-0.2569,-0.3263,0.4792,0.7361,電波姫☆いまりちゃん / メムノン２８号 / すわ子isGOD！ / メル子ちゃん / 頑張るハクさん,電波姫☆いまりちゃん / さくらこはダムです / メル子大先生 / 明日香大明神 / 甲羅暮らしの201号,complete
4,474,em-9da039c08ead,キャミー先生,6,500,600,4,heal,-0.2569,-0.3263,0.4792,0.7361,電波姫☆いまりちゃん / メムノン２８号 / すわ子isGOD！ / キャミー先生 / 頑張るハクさん,電波姫☆いまりちゃん / さくらこはダムです / メル子大先生 / 明日香大明神 / 甲羅暮らしの201号,complete
4,475,em-20df4bd7efaf,白鷺嬢,8,800,420,3,heal,-0.2569,-0.3263,0.4792,0.7361,電波姫☆いまりちゃん / メムノン２８号 / すわ子isGOD！ / 白鷺嬢 / 頑張るハクさん,電波姫☆いまりちゃん / さくらこはダムです / メル子大先生 / 明日香大明神 / 甲羅暮らしの201号,complete
4,476,em-5a3daf6cbf77,白良さん,8,600,605,4,attack_buff,-0.2569,-0.3263,0.4792,0.7361,電波姫☆いまりちゃん / メムノン２８号 / すわ子isGOD！ / 白良さん / 頑張るハクさん,電波姫☆いまりちゃん / さくらこはダムです / メル子大先生 / 明日香大明神 / 甲羅暮らしの201号,complete
4,477,em-6ed81c8341b0,萌やし紳士,8,308,898,4,attack_buff,-0.2569,-0.3263,0.4792,0.7361,電波姫☆いまりちゃん / メムノン２８号 / すわ子isGOD！ / 萌やし紳士 / 頑張るハクさん,電波姫☆いまりちゃん / さくらこはダムです / メル子大先生 / 明日香大明神 / 甲羅暮らしの201号,complete
4,478,em-ce7e2e4f30af,らん坊,8,580,626,4,skill_reduction,-0.2569,-0.3263,0.4792,0.7361,電波姫☆いまりちゃん / メムノン２８号 / すわ子isGOD！ / らん坊 / 頑張るハクさん,電波姫☆いまりちゃん / さくらこはダムです / メル子大先生 / 明日香大明神 / 甲羅暮らしの201号,partial-skill-support
4,479,em-ebf10919d982,ミラクル凜子,8,700,704,4,attack_buff,-0.2569,-0.3263,0.4792,0.7361,電波姫☆いまりちゃん / メムノン２８号 / すわ子isGOD！ / ミラクル凜子 / 頑張るハクさん,電波姫☆いまりちゃん / さくらこはダムです / メル子大先生 / 明日香大明神 / 甲羅暮らしの201号,complete
4,480,em-950b687b1f04,タオるん先輩,9,700,900,4,attribute_guard,-0.2569,-0.3263,0.4792,0.7361,電波姫☆いまりちゃん / メムノン２８号 / すわ子isGOD！ / タオるん先輩 / 頑張るハクさん,電波姫☆いまりちゃん / さくらこはダムです / メル子大先生 / 明日香大明神 / 甲羅暮らしの201号,complete
4,481,em-7affb78d3b91,渇求するネギの果て,10,754,754,4,guard,-0.2569,-0.3263,0.4792,0.7361,電波姫☆いまりちゃん / メムノン２８号 / すわ子isGOD！ / 渇求するネギの果て / 頑張るハクさん,電波姫☆いまりちゃん / さくらこはダムです / メル子大先生 / 明日香大明神 / 甲羅暮らしの201号,complete
4,482,em-2bce81b8821a,ネオ・まつやマンＺ,14,1661,1661,4,attack_buff,-0.2639,-0.3271,0.4722,0.7361,電波姫☆いまりちゃん / 一葉ちゃんは作家さん / すわ子isGOD！ / ネオ・まつやマンＺ / 頑張るハクさん,電波姫☆いまりちゃん / さくらこはダムです / メル子大先生 / 明日香大明神 / 甲羅暮らしの201号,complete
4,483,em-94283a1459c4,充実☆エンジェる道！,15,1610,1914,4,attack_buff,-0.2639,-0.3271,0.4722,0.7361,電波姫☆いまりちゃん / 一葉ちゃんは作家さん / すわ子isGOD！ / 充実☆エンジェる道！ / 頑張るハクさん,電波姫☆いまりちゃん / さくらこはダムです / メル子大先生 / 明日香大明神 / 甲羅暮らしの201号,complete
4,484,em-a66d3edc0ac1,水戸Come On!,38,3493,3237,4,delay,-0.2639,-0.3271,0.4722,0.7361,電波姫☆いまりちゃん / ペーチパイセン / ポディアさま / 水戸Come On! / ガハラさん,電波姫☆いまりちゃん / さくらこはダムです / メル子大先生 / 明日香大明神 / 甲羅暮らしの201号,partial-skill-support
4,485,em-4efe36123302,輝け☆椛マン！,35,4260,3408,3,heal,-0.2569,-0.3274,0.4792,0.7361,ラグーン☆南 / ペーチパイセン / ポディアさま / 輝け☆椛マン！ / 頑張るハクさん,電波姫☆いまりちゃん / さくらこはダムです / メル子大先生 / 明日香大明神 / 甲羅暮らしの201号,complete
4,486,em-4586795c80d9,スノーガイ,7,1500,300,4,attack_buff,-0.2569,-0.3274,0.4792,0.7361,電波姫☆いまりちゃん / メムノン２８号 / すわ子isGOD！ / スノーガイ / 頑張るハクさん,電波姫☆いまりちゃん / さくらこはダムです / メル子大先生 / 明日香大明神 / 甲羅暮らしの201号,complete
4,487,em-79b4540e0f7f,ヤック(中の人),16,2176,2418,4,multi_hit_attack,-0.2569,-0.3285,0.4792,0.7361,電波姫☆いまりちゃん / 一葉ちゃんは作家さん / ポディアさま / ヤック(中の人) / かんと師匠,電波姫☆いまりちゃん / さくらこはダムです / メル子大先生 / 明日香大明神 / 甲羅暮らしの201号,complete
4,488,em-490ce6c4d005,ア、ショーカ大王,45,3067,4601,3,multi_hit_attack,-0.25,-0.3291,0.4861,0.7361,ラグーン☆南 / ペーチパイセン / ポディアさま / ア、ショーカ大王 / ガハラさん,電波姫☆いまりちゃん / さくらこはダムです / メル子大先生 / 明日香大明神 / 甲羅暮らしの201号,complete
4,489,em-88028fdebb04,オペラハウス侯爵,24,3154,3177,3,revive,-0.2639,-0.3296,0.4722,0.7361,電波姫☆いまりちゃん / 一葉ちゃんは作家さん / ポディアさま / オペラハウス侯爵 / ガハラさん,電波姫☆いまりちゃん / さくらこはダムです / メル子大先生 / 明日香大明神 / 甲羅暮らしの201号,complete
4,490,em-9999a53f68e1,牛タソ,5,500,50,3,guard,-0.2639,-0.3296,0.4722,0.7361,電波姫☆いまりちゃん / 一葉ちゃんは作家さん / すわ子isGOD！ / 牛タソ / リスマニア,電波姫☆いまりちゃん / さくらこはダムです / メル子大先生 / 明日香大明神 / 甲羅暮らしの201号,complete
4,491,em-cec2f0ad9373,Dr.フォックス,40,4089,4430,4,delay,-0.2569,-0.3297,0.4792,0.7361,電波姫☆いまりちゃん / ペーチパイセン / ポディアさま / Dr.フォックス / ガハラさん,電波姫☆いまりちゃん / さくらこはダムです / メル子大先生 / 明日香大明神 / 甲羅暮らしの201号,partial-skill-support
4,492,em-11cceded3ad2,創造主・アヌンナキ,70,4260,5964,3,damage_reduction,-0.2569,-0.3308,0.4792,0.7361,アリストソテツ / ペーチパイセン / 王国民ゴロウ / 創造主・アヌンナキ / スノーボーイ,電波姫☆いまりちゃん / さくらこはダムです / メル子大先生 / 明日香大明神 / 甲羅暮らしの201号,complete
4,493,em-19c6989d69ca,世界師匠,8,620,600,4,attack_buff,-0.2639,-0.3308,0.4722,0.7361,電波姫☆いまりちゃん / メムノン２８号 / すわ子isGOD！ / 世界師匠 / 頑張るハクさん,電波姫☆いまりちゃん / さくらこはダムです / メル子大先生 / 明日香大明神 / 甲羅暮らしの201号,complete
4,494,em-8646cdffe6eb,ブーナッドさん,12,1700,300,3,heal,-0.2639,-0.3308,0.4722,0.7361,電波姫☆いまりちゃん / メムノン２８号 / メル子大先生 / ブーナッドさん / 頑張るハクさん,電波姫☆いまりちゃん / さくらこはダムです / メル子大先生 / 明日香大明神 / 甲羅暮らしの201号,complete
4,495,em-a8f48fb9a527,タミちゃんの火祭り,15,1,2402,4,aoe_attack,-0.2569,-0.3318,0.4792,0.7361,電波姫☆いまりちゃん / ペーチパイセン / すわ子isGOD！ / タミちゃんの火祭り / リスマニア,電波姫☆いまりちゃん / さくらこはダムです / メル子大先生 / 明日香大明神 / 甲羅暮らしの201号,complete
4,496,em-9e9fc5ee5a9c,深淵のエルフ,18,2537,3059,4,attack_buff,-0.2639,-0.332,0.4722,0.7361,電波姫☆いまりちゃん / 一葉ちゃんは作家さん / ポディアさま / 深淵のエルフ / zuス様とsiラ様,電波姫☆いまりちゃん / さくらこはダムです / メル子大先生 / 明日香大明神 / 甲羅暮らしの201号,complete
4,497,em-681f5ba59a2b,角成馬之助,4,500,700,3,attribute_change,-0.2639,-0.332,0.4722,0.7361,電波姫☆いまりちゃん / メムノン２８号 / すわ子isGOD！ / 角成馬之助 / 頑張るハクさん,電波姫☆いまりちゃん / さくらこはダムです / メル子大先生 / 明日香大明神 / 甲羅暮らしの201号,complete
4,498,em-f4b4f3bc039f,棋聖！角成馬之助,5,500,900,3,attribute_change,-0.2639,-0.332,0.4722,0.7361,電波姫☆いまりちゃん / メムノン２８号 / すわ子isGOD！ / 棋聖！角成馬之助 / 頑張るハクさん,電波姫☆いまりちゃん / さくらこはダムです / メル子大先生 / 明日香大明神 / 甲羅暮らしの201号,complete
4,499,em-d5d58dc5e468,子供神・わらしちゃん,7,565,1131,4,delay,-0.2639,-0.332,0.4722,0.7361,電波姫☆いまりちゃん / メムノン２８号 / すわ子isGOD！ / 子供神・わらしちゃん / 頑張るハクさん,電波姫☆いまりちゃん / さくらこはダムです / メル子大先生 / 明日香大明神 / 甲羅暮らしの201号,partial-skill-support
4,500,em-fd2a055eb394,コニー＆ギャリー,10,500,500,3,damage_reduction,-0.2639,-0.332,0.4722,0.7361,電波姫☆いまりちゃん / メムノン２８号 / すわ子isGOD！ / コニー＆ギャリー / 頑張るハクさん,電波姫☆いまりちゃん / さくらこはダムです / メル子大先生 / 明日香大明神 / 甲羅暮らしの201号,complete
4,501,em-1a814a6b20cf,未来のモア蔵,5,920,160,4,guard,-0.2639,-0.332,0.4722,0.7361,電波姫☆いまりちゃん / メムノン２８号 / すわ子isGOD！ / 未来のモア蔵 / 頑張るハクさん,電波姫☆いまりちゃん / さくらこはダムです / メル子大先生 / 明日香大明神 / 甲羅暮らしの201号,complete
4,502,em-27802083d7f5,チュニスさん,50,5964,3919,4,skill_reduction,-0.2569,-0.3329,0.4792,0.7361,ハラショー☆ビッツェ / さくらこはダムです / ポディアさま / チュニスさん / ガハラさん,電波姫☆いまりちゃん / さくらこはダムです / メル子大先生 / 明日香大明神 / 甲羅暮らしの201号,partial-skill-support
4,503,em-59fa5fa098ba,繭神！おかいこさま,32,5027,1704,3,attribute_change,-0.25,-0.333,0.4861,0.7361,ハラショー☆ビッツェ / 一葉ちゃんは作家さん / ポディアさま / 繭神！おかいこさま / 頑張るハクさん,電波姫☆いまりちゃん / さくらこはダムです / メル子大先生 / 明日香大明神 / 甲羅暮らしの201号,complete
4,504,em-d239e5e972de,ズンビーフック,17,2012,3220,4,multi_hit_attack,-0.2639,-0.3332,0.4722,0.7361,電波姫☆いまりちゃん / 一葉ちゃんは作家さん / ポディアさま / ズンビーフック / zuス様とsiラ様,電波姫☆いまりちゃん / さくらこはダムです / メル子大先生 / 明日香大明神 / 甲羅暮らしの201号,complete
4,505,em-3803f94f5ae7,あろまちゃん,3,350,500,4,revive,-0.2639,-0.3332,0.4722,0.7361,電波姫☆いまりちゃん / メムノン２８号 / すわ子isGOD！ / あろまちゃん / 頑張るハクさん,電波姫☆いまりちゃん / さくらこはダムです / メル子大先生 / 明日香大明神 / 甲羅暮らしの201号,complete
4,506,em-4090b70a0b17,さくらこちゃん,4,495,215,4,attribute_guard,-0.2639,-0.3332,0.4722,0.7361,電波姫☆いまりちゃん / メムノン２８号 / すわ子isGOD！ / さくらこちゃん / 頑張るハクさん,電波姫☆いまりちゃん / さくらこはダムです / メル子大先生 / 明日香大明神 / 甲羅暮らしの201号,complete
4,507,em-e275020a88a0,あん子ちゃん,4,289,300,4,heal,-0.2639,-0.3332,0.4722,0.7361,電波姫☆いまりちゃん / メムノン２８号 / すわ子isGOD！ / あん子ちゃん / 頑張るハクさん,電波姫☆いまりちゃん / さくらこはダムです / メル子大先生 / 明日香大明神 / 甲羅暮らしの201号,complete
4,508,em-b08be1a4ca3f,中央アルプスの少女,6,500,300,3,damage_reduction,-0.2639,-0.3332,0.4722,0.7361,電波姫☆いまりちゃん / メムノン２８号 / すわ子isGOD！ / 中央アルプスの少女 / 頑張るハクさん,電波姫☆いまりちゃん / さくらこはダムです / メル子大先生 / 明日香大明神 / 甲羅暮らしの201号,complete
4,509,em-bff3cff5162a,トキシッくんｵｯｽｵｯｽ,9,2253,1267,3,revive,-0.2639,-0.3332,0.4722,0.7361,電波姫☆いまりちゃん / 一葉ちゃんは作家さん / ポディアさま / トキシッくんｵｯｽｵｯｽ / リスマニア,電波姫☆いまりちゃん / さくらこはダムです / メル子大先生 / 明日香大明神 / 甲羅暮らしの201号,complete
4,510,em-da4562cd6142,プレーン下仁田,10,500,500,4,guard,-0.2639,-0.3332,0.4722,0.7361,電波姫☆いまりちゃん / メムノン２８号 / すわ子isGOD！ / プレーン下仁田 / 頑張るハクさん,電波姫☆いまりちゃん / さくらこはダムです / メル子大先生 / 明日香大明神 / 甲羅暮らしの201号,complete
4,511,em-34853ed0f0f8,ユーコちゃん,24,2556,1533,4,revive,-0.2708,-0.334,0.4653,0.7361,電波姫☆いまりちゃん / さくらこはダムです / ポディアさま / ユーコちゃん / 頑張るハクさん,電波姫☆いまりちゃん / さくらこはダムです / メル子大先生 / 明日香大明神 / 甲羅暮らしの201号,complete
4,512,em-42e9353377ee,吉野スライム♂,40,5078,2078,3,skill_reduction,-0.2708,-0.334,0.4653,0.7361,電波姫☆いまりちゃん / ペーチパイセン / ポディアさま / 吉野スライム♂ / ガハラさん,電波姫☆いまりちゃん / さくらこはダムです / メル子大先生 / 明日香大明神 / 甲羅暮らしの201号,partial-skill-support
4,513,em-bc840d35c547,ジ・あるじや,20,4025,1610,4,skill_reduction,-0.2708,-0.334,0.4653,0.7361,電波姫☆いまりちゃん / キルワくん / ポディアさま / ジ・あるじや / 頑張るハクさん,電波姫☆いまりちゃん / さくらこはダムです / メル子大先生 / 明日香大明神 / 甲羅暮らしの201号,partial-skill-support
4,514,em-59a8f156dec4,クロアリ,60,4089,4089,3,multi_hit_attack,-0.2569,-0.335,0.4792,0.7361,ハラショー☆ビッツェ / どんこ太郎 / ポディアさま / クロアリ / ガハラさん,電波姫☆いまりちゃん / さくらこはダムです / メル子大先生 / 明日香大明神 / 甲羅暮らしの201号,complete
4,515,em-5a5c1d1004c1,妖精女王ミカーンニア,42,3408,4771,4,skill_reduction,-0.2569,-0.335,0.4792,0.7361,ハラショー☆ビッツェ / さくらこはダムです / ポディアさま / 妖精女王ミカーンニア / かんと師匠,電波姫☆いまりちゃん / さくらこはダムです / メル子大先生 / 明日香大明神 / 甲羅暮らしの201号,partial-skill-support
4,516,em-801d7ddfee5b,3年ε組！エレナ先生,43,4430,4260,3,attack_buff,-0.2639,-0.3355,0.4722,0.7361,ハラショー☆ビッツェ / さくらこはダムです / ポディアさま / 3年ε組！エレナ先生 / かんと師匠,電波姫☆いまりちゃん / さくらこはダムです / メル子大先生 / 明日香大明神 / 甲羅暮らしの201号,complete
4,517,em-d2350f280cb8,伊賀NINJA!,40,1704,5112,3,skill_reduction,-0.2708,-0.3365,0.4653,0.7361,電波姫☆いまりちゃん / ペーチパイセン / すわ子isGOD！ / 伊賀NINJA! / ガハラさん,電波姫☆いまりちゃん / さくらこはダムです / メル子大先生 / 明日香大明神 / 甲羅暮らしの201号,partial-skill-support
4,518,em-d603cde2467a,ほたるーニャん,5,450,650,4,attribute_change,-0.2639,-0.3366,0.4722,0.7361,電波姫☆いまりちゃん / メムノン２８号 / すわ子isGOD！ / ほたるーニャん / 頑張るハクさん,電波姫☆いまりちゃん / さくらこはダムです / メル子大先生 / 明日香大明神 / 甲羅暮らしの201号,complete
4,519,em-33289e43e28b,ほたるーニャん☆ミ,7,650,700,4,attribute_change,-0.2639,-0.3366,0.4722,0.7361,電波姫☆いまりちゃん / メムノン２８号 / すわ子isGOD！ / ほたるーニャん☆ミ / 頑張るハクさん,電波姫☆いまりちゃん / さくらこはダムです / メル子大先生 / 明日香大明神 / 甲羅暮らしの201号,complete
4,520,em-7e2c5e9ede5c,シャムロックのガハラ,55,5401,5680,4,attack_buff,-0.2639,-0.3366,0.4722,0.7361,どんこ太郎 / ペーチパイセン / ポディアさま / シャムロックのガハラ / 頑張るハクさん,電波姫☆いまりちゃん / さくらこはダムです / メル子大先生 / 明日香大明神 / 甲羅暮らしの201号,complete
4,521,em-1a8cab078d61,イグナシオさんミニ,14,2567,1812,3,attack_buff,-0.2708,-0.3377,0.4653,0.7361,電波姫☆いまりちゃん / 一葉ちゃんは作家さん / ポディアさま / イグナシオさんミニ / zuス様とsiラ様,電波姫☆いまりちゃん / さくらこはダムです / メル子大先生 / 明日香大明神 / 甲羅暮らしの201号,complete
4,522,em-93778a059b28,mʌんでー＆nuーん,17,2898,2898,3,delay,-0.2708,-0.3377,0.4653,0.7361,電波姫☆いまりちゃん / 一葉ちゃんは作家さん / ポディアさま / mʌんでー＆nuーん / zuス様とsiラ様,電波姫☆いまりちゃん / さくらこはダムです / メル子大先生 / 明日香大明神 / 甲羅暮らしの201号,partial-skill-support
4,523,em-d111f497df0f,湘南大水曜日ボーイ,40,2044,5623,4,attack_buff,-0.2708,-0.3377,0.4653,0.7361,電波姫☆いまりちゃん / ペーチパイセン / すわ子isGOD！ / 湘南大水曜日ボーイ / ガハラさん,電波姫☆いまりちゃん / さくらこはダムです / メル子大先生 / 明日香大明神 / 甲羅暮らしの201号,complete
4,524,em-2f6ae2b54633,フクちゃん,3,300,400,4,attribute_change,-0.2708,-0.3377,0.4653,0.7361,電波姫☆いまりちゃん / 一葉ちゃんは作家さん / すわ子isGOD！ / フクちゃん / リスマニア,電波姫☆いまりちゃん / さくらこはダムです / メル子大先生 / 明日香大明神 / 甲羅暮らしの201号,complete
4,525,em-076deec8d0c8,羊蟹☆こ祝いくん,24,2093,2737,3,delay,-0.2708,-0.3377,0.4653,0.7361,電波姫☆いまりちゃん / さくらこはダムです / ポディアさま / 羊蟹☆こ祝いくん / 頑張るハクさん,電波姫☆いまりちゃん / さくらこはダムです / メル子大先生 / 明日香大明神 / 甲羅暮らしの201号,partial-skill-support
4,526,em-d6e944b5ee2a,糖分大好きあいちゃん,16,1900,1100,4,damage_reduction,-0.2708,-0.3389,0.4653,0.7361,電波姫☆いまりちゃん / 一葉ちゃんは作家さん / ポディアさま / 糖分大好きあいちゃん / zuス様とsiラ様,電波姫☆いまりちゃん / さくらこはダムです / メル子大先生 / 明日香大明神 / 甲羅暮らしの201号,complete
4,527,em-eec45136fb23,鋼の肝臓を持つ童子,60,1704,7497,4,revive,-0.2639,-0.3398,0.4722,0.7361,ハラショー☆ビッツェ / ペーチパイセン / タミちゃん / 鋼の肝臓を持つ童子 / 頑張るハクさん,電波姫☆いまりちゃん / さくらこはダムです / メル子大先生 / 明日香大明神 / 甲羅暮らしの201号,complete
4,528,em-e160051446cf,賀正ぴよ子,8,1509,1005,3,heal,-0.2708,-0.3401,0.4653,0.7361,電波姫☆いまりちゃん / 一葉ちゃんは作家さん / ポディアさま / 賀正ぴよ子 / リスマニア,電波姫☆いまりちゃん / さくらこはダムです / メル子大先生 / 明日香大明神 / 甲羅暮らしの201号,complete
4,529,em-90c9b7a939a7,九十九里流,37,2982,5112,4,attack_buff,-0.2708,-0.3401,0.4653,0.7361,電波姫☆いまりちゃん / ペーチパイセン / ポディアさま / 九十九里流 / まつやマン,電波姫☆いまりちゃん / さくらこはダムです / メル子大先生 / 明日香大明神 / 甲羅暮らしの201号,complete
4,530,em-bbcbbb9fef0a,こっちの大谷,6,1000,100,3,damage_reduction,-0.2708,-0.3401,0.4653,0.7361,電波姫☆いまりちゃん / メムノン２８号 / すわ子isGOD！ / こっちの大谷 / 頑張るハクさん,電波姫☆いまりちゃん / さくらこはダムです / メル子大先生 / 明日香大明神 / 甲羅暮らしの201号,complete
4,531,em-916052b33162,リンゴルモア大王,7,1269,1128,3,delay,-0.2708,-0.3401,0.4653,0.7361,電波姫☆いまりちゃん / メムノン２８号 / すわ子isGOD！ / リンゴルモア大王 / 頑張るハクさん,電波姫☆いまりちゃん / さくらこはダムです / メル子大先生 / 明日香大明神 / 甲羅暮らしの201号,partial-skill-support
4,532,em-999d33621829,おたべ妖精,7,1272,1131,4,delay,-0.2708,-0.3401,0.4653,0.7361,電波姫☆いまりちゃん / メムノン２８号 / すわ子isGOD！ / おたべ妖精 / 頑張るハクさん,電波姫☆いまりちゃん / さくらこはダムです / メル子大先生 / 明日香大明神 / 甲羅暮らしの201号,partial-skill-support
4,533,em-d80a2b82ab9f,ブーナッドちゃん,8,1200,200,3,heal,-0.2708,-0.3401,0.4653,0.7361,電波姫☆いまりちゃん / メムノン２８号 / すわ子isGOD！ / ブーナッドちゃん / 頑張るハクさん,電波姫☆いまりちゃん / さくらこはダムです / メル子大先生 / 明日香大明神 / 甲羅暮らしの201号,complete
4,534,em-826b6ae61786,スワン王,9,1229,1173,4,skill_reduction,-0.2708,-0.3401,0.4653,0.7361,電波姫☆いまりちゃん / メムノン２８号 / すわ子isGOD！ / スワン王 / 頑張るハクさん,電波姫☆いまりちゃん / さくらこはダムです / メル子大先生 / 明日香大明神 / 甲羅暮らしの201号,partial-skill-support
4,535,em-34ca667f5a4f,もん姉さん,11,1400,500,3,heal,-0.2778,-0.3409,0.4583,0.7361,電波姫☆いまりちゃん / 一葉ちゃんは作家さん / すわ子isGOD！ / もん姉さん / リスマニア,電波姫☆いまりちゃん / さくらこはダムです / メル子大先生 / 明日香大明神 / 甲羅暮らしの201号,complete
4,536,em-6dbb00845177,夢見る☆にいがタン,16,2500,500,4,attribute_guard,-0.2708,-0.3412,0.4653,0.7361,電波姫☆いまりちゃん / 一葉ちゃんは作家さん / ポディアさま / 夢見る☆にいがタン / かんと師匠,電波姫☆いまりちゃん / さくらこはダムです / メル子大先生 / 明日香大明神 / 甲羅暮らしの201号,complete
4,537,em-a16d639a61fc,水軍衆かっさーのん,9,1128,1269,3,attack_buff,-0.2708,-0.3412,0.4653,0.7361,電波姫☆いまりちゃん / メムノン２８号 / すわ子isGOD！ / 水軍衆かっさーのん / 頑張るハクさん,電波姫☆いまりちゃん / さくらこはダムです / メル子大先生 / 明日香大明神 / 甲羅暮らしの201号,complete
4,538,em-372fcda26040,わさび大帝,16,2100,800,3,guard,-0.2708,-0.3424,0.4653,0.7361,電波姫☆いまりちゃん / 一葉ちゃんは作家さん / ポディアさま / わさび大帝 / zuス様とsiラ様,電波姫☆いまりちゃん / さくらこはダムです / メル子大先生 / 明日香大明神 / 甲羅暮らしの201号,complete
4,539,em-874769710492,さふらんらん,8,1734,888,3,skill_reduction,-0.2708,-0.3424,0.4653,0.7361,電波姫☆いまりちゃん / 一葉ちゃんは作家さん / ポディアさま / さふらんらん / リスマニア,電波姫☆いまりちゃん / さくらこはダムです / メル子大先生 / 明日香大明神 / 甲羅暮らしの201号,partial-skill-support
4,540,em-94f677409ee2,月甲のルナタスピス,75,10224,4543,3,guard,-0.2708,-0.3435,0.4653,0.7361,アリストソテツ / ペーチパイセン / 王国民ゴロウ / 月甲のルナタスピス / スノーボーイ,電波姫☆いまりちゃん / さくらこはダムです / メル子大先生 / 明日香大明神 / 甲羅暮らしの201号,complete
4,541,em-354b4786550a,魔滅！鷹山先生,27,1283,1283,4,delay,-0.2708,-0.3435,0.4653,0.7361,電波姫☆いまりちゃん / ペーチパイセン / すわ子isGOD！ / 魔滅！鷹山先生 / 頑張るハクさん,電波姫☆いまりちゃん / さくらこはダムです / メル子大先生 / 明日香大明神 / 甲羅暮らしの201号,partial-skill-support
4,542,em-d8af1ee7968e,ザ★女王の世界,42,1936,2006,3,attack_buff,-0.2778,-0.3446,0.4583,0.7361,電波姫☆いまりちゃん / ペーチパイセン / メル子大先生 / ザ★女王の世界 / ガハラさん,電波姫☆いまりちゃん / さくらこはダムです / メル子大先生 / 明日香大明神 / 甲羅暮らしの201号,complete
4,543,em-337e85c2cd90,ユーコ☆スターダスト,60,6053,4354,4,revive,-0.2778,-0.3446,0.4583,0.7361,ハラショー☆ビッツェ / どんこ太郎 / ポディアさま / ユーコ☆スターダスト / ガハラさん,電波姫☆いまりちゃん / さくらこはダムです / メル子大先生 / 明日香大明神 / 甲羅暮らしの201号,complete
4,544,em-314fadaf0ea9,オシラサマ,28,4260,3322,3,heal,-0.2778,-0.3458,0.4583,0.7361,電波姫☆いまりちゃん / ペーチパイセン / ポディアさま / オシラサマ / 頑張るハクさん,電波姫☆いまりちゃん / さくらこはダムです / メル子大先生 / 明日香大明神 / 甲羅暮らしの201号,complete
4,545,em-a04fcf6167db,いはと先生,17,2093,3059,3,delay,-0.2847,-0.3465,0.4514,0.7361,電波姫☆いまりちゃん / 一葉ちゃんは作家さん / すわ子isGOD！ / いはと先生 / 頑張るハクさん,電波姫☆いまりちゃん / さくらこはダムです / メル子大先生 / 明日香大明神 / 甲羅暮らしの201号,partial-skill-support
4,546,em-0dca19ae5992,降臨！天草トッキー,43,4260,5964,4,attack_buff,-0.2708,-0.3467,0.4653,0.7361,ハラショー☆ビッツェ / さくらこはダムです / ポディアさま / 降臨！天草トッキー / かんと師匠,電波姫☆いまりちゃん / さくらこはダムです / メル子大先生 / 明日香大明神 / 甲羅暮らしの201号,complete
4,547,em-c25db2f5b4ff,メルヘン☆グリ子,80,9202,3748,4,damage_reduction,-0.2778,-0.3481,0.4583,0.7361,アリストソテツ / ペーチパイセン / ゴロウ / メルヘン☆グリ子 / ズースくん,電波姫☆いまりちゃん / さくらこはダムです / メル子大先生 / 明日香大明神 / 甲羅暮らしの201号,complete
4,548,em-51bdb94ec3b1,熱ぅい！地獄雀,43,5964,3408,4,revive,-0.2778,-0.3493,0.4583,0.7361,ハラショー☆ビッツェ / さくらこはダムです / ポディアさま / 熱ぅい！地獄雀 / 頑張るハクさん,電波姫☆いまりちゃん / さくらこはダムです / メル子大先生 / 明日香大明神 / 甲羅暮らしの201号,complete
4,549,em-94dc3d86f691,碧海のオフタルもん,75,10054,3919,4,multi_hit_attack,-0.2708,-0.3498,0.4653,0.7361,アリストソテツ / ペーチパイセン / 深海人ゴロウ / 碧海のオフタルもん / ズースくん,電波姫☆いまりちゃん / さくらこはダムです / メル子大先生 / 明日香大明神 / 甲羅暮らしの201号,complete
4,550,em-d61fdde3a8d0,キジーたん,16,2254,3864,4,attribute_change,-0.2847,-0.3503,0.4514,0.7361,電波姫☆いまりちゃん / 一葉ちゃんは作家さん / ポディアさま / キジーたん / zuス様とsiラ様,電波姫☆いまりちゃん / さくらこはダムです / メル子大先生 / 明日香大明神 / 甲羅暮らしの201号,complete
4,551,em-98054d952da8,ニート達の日常。,21,2968,296,3,delay,-0.2778,-0.3504,0.4583,0.7361,電波姫☆いまりちゃん / ペーチパイセン / ポディアさま / ニート達の日常。 / リスマニア,電波姫☆いまりちゃん / さくらこはダムです / メル子大先生 / 明日香大明神 / 甲羅暮らしの201号,partial-skill-support
4,552,em-da18dad9d936,もけーれ！ムベちゃん,53,2896,6475,4,multi_hit_attack,-0.2847,-0.3515,0.4514,0.7361,電波姫☆いまりちゃん / さくらこはダムです / タミちゃん / もけーれ！ムベちゃん / ガハラさん,電波姫☆いまりちゃん / さくらこはダムです / メル子大先生 / 明日香大明神 / 甲羅暮らしの201号,complete
4,553,em-e63df2359896,世界遺産な白鷺嬢,15,2100,600,3,heal,-0.2917,-0.352,0.4444,0.7361,電波姫☆いまりちゃん / 一葉ちゃんは作家さん / すわ子isGOD！ / 世界遺産な白鷺嬢 / 頑張るハクさん,電波姫☆いまりちゃん / さくらこはダムです / メル子大先生 / 明日香大明神 / 甲羅暮らしの201号,complete
4,554,em-dce9e83b7c07,長靴履いたなろう猫,42,3786,2726,3,attribute_change,-0.2708,-0.3528,0.4653,0.7361,ハラショー☆ビッツェ / さくらこはダムです / ポディアさま / 長靴履いたなろう猫 / かんと師匠,電波姫☆いまりちゃん / さくらこはダムです / メル子大先生 / 明日香大明神 / 甲羅暮らしの201号,complete
4,555,em-40c34074cbb0,おかいこさま,17,2756,2511,4,attribute_change,-0.2847,-0.3539,0.4514,0.7361,電波姫☆いまりちゃん / 一葉ちゃんは作家さん / ポディアさま / おかいこさま / zuス様とsiラ様,電波姫☆いまりちゃん / さくらこはダムです / メル子大先生 / 明日香大明神 / 甲羅暮らしの201号,complete
4,556,em-325f53beccfd,魔法のメルルン,11,1533,1738,3,skill_reduction,-0.2917,-0.3546,0.4444,0.7361,電波姫☆いまりちゃん / 一葉ちゃんは作家さん / すわ子isGOD！ / 魔法のメルルン / リスマニア,電波姫☆いまりちゃん / さくらこはダムです / メル子大先生 / 明日香大明神 / 甲羅暮らしの201号,partial-skill-support
4,557,em-6cbfcc23cd10,発光大王ほたるーニャ,9,1057,1198,3,attribute_change,-0.2847,-0.355,0.4514,0.7361,電波姫☆いまりちゃん / メムノン２８号 / すわ子isGOD！ / 発光大王ほたるーニャ / 頑張るハクさん,電波姫☆いまりちゃん / さくらこはダムです / メル子大先生 / 明日香大明神 / 甲羅暮らしの201号,complete
4,558,em-cb7b4011b532,未確認土産菓子OTB,36,3350,3302,3,skill_reduction,-0.2778,-0.3557,0.4583,0.7361,ラグーン☆南 / ペーチパイセン / ポディアさま / 未確認土産菓子OTB / 頑張るハクさん,電波姫☆いまりちゃん / さくらこはダムです / メル子大先生 / 明日香大明神 / 甲羅暮らしの201号,partial-skill-support
4,559,em-a280c7496ca0,武門の誉れ玄き冬将軍,70,9375,2896,4,attack_buff,-0.2917,-0.3641,0.4444,0.7361,アリストソテツ / ペーチパイセン / 深海人ゴロウ / 武門の誉れ玄き冬将軍 / ズースくん,電波姫☆いまりちゃん / さくらこはダムです / メル子大先生 / 明日香大明神 / 甲羅暮らしの201号,complete
4,560,em-c6a0a8b51afe,ライオットうお太,41,3152,4175,4,damage_reduction,-0.2917,-0.3652,0.4444,0.7361,ハラショー☆ビッツェ / さくらこはダムです / ポディアさま / ライオットうお太 / かんと師匠,電波姫☆いまりちゃん / さくらこはダムです / メル子大先生 / 明日香大明神 / 甲羅暮らしの201号,complete
4,561,em-c3c3a8e92b71,仮面のいはと先生,25,2095,3063,3,delay,-0.2986,-0.3652,0.4375,0.7361,電波姫☆いまりちゃん / さくらこはダムです / ポディアさま / 仮面のいはと先生 / 頑張るハクさん,電波姫☆いまりちゃん / さくらこはダムです / メル子大先生 / 明日香大明神 / 甲羅暮らしの201号,partial-skill-support
4,562,em-34ff44ed1803,富士さんは魔女,42,5112,4260,4,revive,-0.2986,-0.3652,0.4375,0.7361,ハラショー☆ビッツェ / さくらこはダムです / ポディアさま / 富士さんは魔女 / かんと師匠,電波姫☆いまりちゃん / さくらこはダムです / メル子大先生 / 明日香大明神 / 甲羅暮らしの201号,complete
4,563,em-2f9e3ad50fc8,やまなしーヌの心,25,2415,2576,3,skill_reduction,-0.2986,-0.3664,0.4375,0.7361,電波姫☆いまりちゃん / 一葉ちゃんは作家さん / ポディアさま / やまなしーヌの心 / ガハラさん,電波姫☆いまりちゃん / さくらこはダムです / メル子大先生 / 明日香大明神 / 甲羅暮らしの201号,partial-skill-support
4,564,em-eb039b6519a5,古代のウルファマン,53,7364,3067,3,skill_reduction,-0.2986,-0.3676,0.4375,0.7361,電波姫☆いまりちゃん / さくらこはダムです / タミちゃん / 古代のウルファマン / ガハラさん,電波姫☆いまりちゃん / さくらこはダムです / メル子大先生 / 明日香大明神 / 甲羅暮らしの201号,partial-skill-support
4,565,em-00c11732c5ef,伊予まつぴちゅーん,7,1762,634,4,skill_reduction,-0.2986,-0.3687,0.4375,0.7361,電波姫☆いまりちゃん / 一葉ちゃんは作家さん / ポディアさま / 伊予まつぴちゅーん / リスマニア,電波姫☆いまりちゃん / さくらこはダムです / メル子大先生 / 明日香大明神 / 甲羅暮らしの201号,partial-skill-support
4,566,em-c42ef00ed018,ｗｗナレースワンｗｗ,25,2560,2584,4,delay,-0.2986,-0.3698,0.4375,0.7361,電波姫☆いまりちゃん / ペーチパイセン / ポディアさま / ｗｗナレースワンｗｗ / 頑張るハクさん,電波姫☆いまりちゃん / さくらこはダムです / メル子大先生 / 明日香大明神 / 甲羅暮らしの201号,partial-skill-support
4,567,em-0e768525b557,ヘラクレス先輩,70,5885,6230,4,multi_hit_attack,-0.2986,-0.3698,0.4375,0.7361,アリストソテツ / ペーチパイセン / 深海人ゴロウ / ヘラクレス先輩 / ズースくん,電波姫☆いまりちゃん / さくらこはダムです / メル子大先生 / 明日香大明神 / 甲羅暮らしの201号,complete
4,568,em-7f18b9c64c74,家族贖罪という字面,40,5964,1704,3,damage_reduction,-0.2986,-0.3721,0.4375,0.7361,ハラショー☆ビッツェ / さくらこはダムです / ポディアさま / 家族贖罪という字面 / かんと師匠,電波姫☆いまりちゃん / さくらこはダムです / メル子大先生 / 明日香大明神 / 甲羅暮らしの201号,complete
4,569,em-de36aab296aa,月下皇帝ランたん様,50,3150,5367,3,revive,-0.3056,-0.3755,0.4306,0.7361,ハラショー☆ビッツェ / さくらこはダムです / ポディアさま / 月下皇帝ランたん様 / ガハラさん,電波姫☆いまりちゃん / さくらこはダムです / メル子大先生 / 明日香大明神 / 甲羅暮らしの201号,complete
4,570,em-d4681ac22bb8,フランク,16,2093,2737,4,skill_reduction,-0.3056,-0.3789,0.4306,0.7361,電波姫☆いまりちゃん / 一葉ちゃんは作家さん / ポディアさま / フランク / かんと師匠,電波姫☆いまりちゃん / さくらこはダムです / メル子大先生 / 明日香大明神 / 甲羅暮らしの201号,partial-skill-support
4,571,em-4c7896c435d3,宮司の尊氏公,48,2556,3036,3,attack_buff,-0.3056,-0.38,0.4306,0.7361,ハラショー☆ビッツェ / さくらこはダムです / ポディアさま / 宮司の尊氏公 / ガハラさん,電波姫☆いまりちゃん / さくらこはダムです / メル子大先生 / 明日香大明神 / 甲羅暮らしの201号,complete
4,572,em-4c03ad40dce9,源のゴライコー,75,7923,6390,4,attack_buff,-0.3125,-0.3823,0.4236,0.7361,アリストソテツ / ペーチパイセン / 深海人ゴロウ / 源のゴライコー / ズースくん,電波姫☆いまりちゃん / さくらこはダムです / メル子大先生 / 明日香大明神 / 甲羅暮らしの201号,complete
4,573,em-7d756ba8373e,謹賀新年のびゃこ,47,2300,6219,4,attack_buff,-0.3125,-0.3823,0.4236,0.7361,ハラショー☆ビッツェ / さくらこはダムです / ポディアさま / 謹賀新年のびゃこ / かるたーニャ,電波姫☆いまりちゃん / さくらこはダムです / メル子大先生 / 明日香大明神 / 甲羅暮らしの201号,complete
4,574,em-623023f3cb8c,嫁劇！くーにゃん,50,2556,6816,4,attack_buff,-0.3056,-0.3842,0.4306,0.7361,ハラショー☆ビッツェ / さくらこはダムです / ポディアさま / 嫁劇！くーにゃん / ガハラさん,電波姫☆いまりちゃん / さくらこはダムです / メル子大先生 / 明日香大明神 / 甲羅暮らしの201号,complete
4,575,em-30058093183f,ダイソナールの竜也,48,2044,7497,3,attack_buff,-0.3125,-0.3846,0.4236,0.7361,ハラショー☆ビッツェ / さくらこはダムです / ポディアさま / ダイソナールの竜也 / 地味な大仏,電波姫☆いまりちゃん / さくらこはダムです / メル子大先生 / 明日香大明神 / 甲羅暮らしの201号,complete
4,576,em-fe89d9d421f3,竜也エボリューション,45,2044,6305,3,attack_buff,-0.3056,-0.3852,0.4306,0.7361,ラグーン☆南 / ペーチパイセン / ポディアさま / 竜也エボリューション / ガハラさん,電波姫☆いまりちゃん / さくらこはダムです / メル子大先生 / 明日香大明神 / 甲羅暮らしの201号,complete
4,577,em-a16b37d47f95,ふわふわちゃんとママ,60,6928,3520,3,skill_reduction,-0.3125,-0.3868,0.4236,0.7361,ハラショー☆ビッツェ / どんこ太郎 / ポディアさま / ふわふわちゃんとママ / ガハラさん,電波姫☆いまりちゃん / さくらこはダムです / メル子大先生 / 明日香大明神 / 甲羅暮らしの201号,partial-skill-support
4,578,em-a87c308ef7c4,トミスLOVE様,52,4686,4686,4,revive,-0.3264,-0.3936,0.4097,0.7361,ハラショー☆ビッツェ / どんこ太郎 / ポディアさま / トミスLOVE様 / かんと師匠,電波姫☆いまりちゃん / さくらこはダムです / メル子大先生 / 明日香大明神 / 甲羅暮らしの201号,complete
4,579,em-05c5072dc080,橘の元祖☆みっちー,75,9798,4515,4,skill_reduction,-0.3194,-0.3957,0.4167,0.7361,アリストソテツ / ペーチパイセン / 深海人ゴロウ / 橘の元祖☆みっちー / ズースくん,電波姫☆いまりちゃん / さくらこはダムです / メル子大先生 / 明日香大明神 / 甲羅暮らしの201号,partial-skill-support
4,580,em-e36d35de9441,青谷やよい,42,3578,3374,4,damage_reduction,-0.3194,-0.3988,0.4167,0.7361,ハラショー☆ビッツェ / さくらこはダムです / ポディアさま / 青谷やよい / かんと師匠,電波姫☆いまりちゃん / さくらこはダムです / メル子大先生 / 明日香大明神 / 甲羅暮らしの201号,complete
4,581,em-31758a7d7c63,ﾗｰｶﾞﾙﾌﾘｮｩﾄﾙﾑりん,47,5700,2292,3,damage_reduction,-0.3264,-0.4025,0.4097,0.7361,ハラショー☆ビッツェ / さくらこはダムです / ポディアさま / ﾗｰｶﾞﾙﾌﾘｮｩﾄﾙﾑりん / ウシュか☆丸か,電波姫☆いまりちゃん / さくらこはダムです / メル子大先生 / 明日香大明神 / 甲羅暮らしの201号,complete
4,582,em-4e3940289203,スーパー軍師兵衛ズ,60,7838,2385,3,skill_reduction,-0.3333,-0.4027,0.4028,0.7361,ハラショー☆ビッツェ / どんこ太郎 / ポディアさま / スーパー軍師兵衛ズ / ガハラさん,電波姫☆いまりちゃん / さくらこはダムです / メル子大先生 / 明日香大明神 / 甲羅暮らしの201号,partial-skill-support
4,583,em-f3861e35df6f,暗黒王まはーかーらん,47,3731,3926,4,delay,-0.3333,-0.4027,0.4028,0.7361,ハラショー☆ビッツェ / さくらこはダムです / ポディアさま / 暗黒王まはーかーらん / ガハラさん,電波姫☆いまりちゃん / さくらこはダムです / メル子大先生 / 明日香大明神 / 甲羅暮らしの201号,partial-skill-support
4,584,em-d7e6501e0b63,ダークるる,60,4771,4771,3,damage_reduction,-0.3333,-0.4038,0.4028,0.7361,ハラショー☆ビッツェ / どんこ太郎 / ポディアさま / ダークるる / ガハラさん,電波姫☆いまりちゃん / さくらこはダムです / メル子大先生 / 明日香大明神 / 甲羅暮らしの201号,complete
4,585,em-0e376d1892df,メネリくん一世,72,6134,3067,4,guard,-0.3333,-0.4038,0.4028,0.7361,アリストソテツ / ペーチパイセン / 深海人ゴロウ / メネリくん一世 / スノーボーイ,電波姫☆いまりちゃん / さくらこはダムです / メル子大先生 / 明日香大明神 / 甲羅暮らしの201号,complete
4,586,em-f89a98dd9893,大魔神！せいタン降臨,48,2044,6305,4,attack_buff,-0.3333,-0.4049,0.4028,0.7361,ハラショー☆ビッツェ / さくらこはダムです / ポディアさま / 大魔神！せいタン降臨 / 地味な大仏,電波姫☆いまりちゃん / さくらこはダムです / メル子大先生 / 明日香大明神 / 甲羅暮らしの201号,complete
4,587,em-cdd7690ef318,京都コーラマン,59,5959,2800,4,damage_reduction,-0.3403,-0.4094,0.3958,0.7361,ハラショー☆ビッツェ / どんこ太郎 / ポディアさま / 京都コーラマン / ガハラさん,電波姫☆いまりちゃん / さくらこはダムです / メル子大先生 / 明日香大明神 / 甲羅暮らしの201号,complete
4,588,em-d6ea073b633e,鬼八先生,60,8861,2556,3,delay,-0.3403,-0.4094,0.3958,0.7361,ハラショー☆ビッツェ / どんこ太郎 / ポディアさま / 鬼八先生 / ガハラさん,電波姫☆いまりちゃん / さくらこはダムです / メル子大先生 / 明日香大明神 / 甲羅暮らしの201号,partial-skill-support
4,589,em-e51e56c23fa1,上級国民ロヴィーサ,44,2832,2984,4,attribute_guard,-0.3403,-0.4128,0.3958,0.7361,ハラショー☆ビッツェ / さくらこはダムです / ポディアさま / 上級国民ロヴィーサ / かんと師匠,電波姫☆いまりちゃん / さくらこはダムです / メル子大先生 / 明日香大明神 / 甲羅暮らしの201号,complete
4,590,em-7ba25345ffb0,シーさま,60,4601,4601,3,delay,-0.3472,-0.4184,0.3889,0.7361,ハラショー☆ビッツェ / どんこ太郎 / ポディアさま / シーさま / ガハラさん,電波姫☆いまりちゃん / さくらこはダムです / メル子大先生 / 明日香大明神 / 甲羅暮らしの201号,partial-skill-support
4,591,em-18279a838450,白刃舞うは存亡の秋,70,6816,4260,4,attack_buff,-0.3542,-0.4205,0.3819,0.7361,アリストソテツ / ペーチパイセン / 深海人ゴロウ / 白刃舞うは存亡の秋 / ズースくん,電波姫☆いまりちゃん / さくらこはダムです / メル子大先生 / 明日香大明神 / 甲羅暮らしの201号,complete
4,592,em-b5e0f2fbff78,養老のバッカス,65,6475,3408,4,revive,-0.3611,-0.4352,0.375,0.7361,どんこ太郎 / ペーチパイセン / すわ子isGOD！ / 養老のバッカス / ガハラさん,電波姫☆いまりちゃん / さくらこはダムです / メル子大先生 / 明日香大明神 / 甲羅暮らしの201号,complete
4,593,em-15545bc62fe7,幽霊烏賊図,60,3408,4260,3,revive,-0.3681,-0.4374,0.3681,0.7361,ハラショー☆ビッツェ / どんこ太郎 / ポディアさま / 幽霊烏賊図 / ガハラさん,電波姫☆いまりちゃん / さくらこはダムです / メル子大先生 / 明日香大明神 / 甲羅暮らしの201号,complete
4,594,em-0277eca3d9cf,ゆる神の像＆ピヨか？,60,426,511,3,guard,-0.375,-0.4463,0.3611,0.7361,どんこ太郎 / ペーチパイセン / メル子大先生 / ゆる神の像＆ピヨか？ / かんと師匠,電波姫☆いまりちゃん / さくらこはダムです / メル子大先生 / 明日香大明神 / 甲羅暮らしの201号,complete
4,595,em-6a50fe1ba475,青き春の酔竜,70,2556,7668,3,attack_buff,-0.3819,-0.4518,0.3542,0.7361,アリストソテツ / ペーチパイセン / 深海人ゴロウ / 青き春の酔竜 / びわ子たん,電波姫☆いまりちゃん / さくらこはダムです / メル子大先生 / 明日香大明神 / 甲羅暮らしの201号,complete
4,596,em-523af93f71e3,神田祭らーの集い,88,5027,6901,4,aoe_attack,-1,-1,,,,,no-include-deck
4,597,em-ef36b9b34984,外道丸☆酒呑童子,88,8179,7668,4,revive,-1,-1,,,,,no-include-deck
4,598,em-6eed78e1fe62,リア充の権化安倍晴明,100,6782,6271,3,heal,-1,-1,,,,,no-include-deck
4,599,em-a85045965911,まさか殿(マジ),100,7463,6628,3,attack_buff,-1,-1,,,,,no-include-deck
4,600,em-f33de53ee597,遊無給(ニート)な小町,100,7327,5623,3,attack_buff,-1,-1,,,,,no-include-deck
5,1,em-2ec5c7515f64,甲羅暮らしの201号,36,5455,3751,5,guard,0.0069,-0.0557,0.7361,0.7292,電波姫☆いまりちゃん / さくらこはダムです / メル子大先生 / 明日香大明神 / 甲羅暮らしの201号,スクナクナクナクス / ペーチパイセン / メル子大先生 / 明日香大明神 / ロータス先輩,complete
5,2,em-4b4011b90d8c,ロータス先輩,16,1932,1932,6,damage_reduction,-0.0069,-0.0696,0.7292,0.7361,スクナクナクナクス / ペーチパイセン / メル子大先生 / 明日香大明神 / ロータス先輩,電波姫☆いまりちゃん / さくらこはダムです / メル子大先生 / 明日香大明神 / 甲羅暮らしの201号,complete
5,3,em-6c802650ae9d,鶏ライダー！ムワムブ,30,3542,2737,6,guard,-0.0556,-0.0904,0.6806,0.7361,電波姫☆いまりちゃん / さくらこはダムです / メル子大先生 / 明日香大明神 / 鶏ライダー！ムワムブ,電波姫☆いまりちゃん / さくらこはダムです / メル子大先生 / 明日香大明神 / 甲羅暮らしの201号,complete
5,4,em-bccc8308e871,ぶうやれギュウちゃん,34,3919,5112,5,revive,-0.0556,-0.0904,0.6806,0.7361,電波姫☆いまりちゃん / さくらこはダムです / メル子大先生 / 明日香大明神 / ぶうやれギュウちゃん,電波姫☆いまりちゃん / さくらこはダムです / メル子大先生 / 明日香大明神 / 甲羅暮らしの201号,complete
5,5,em-e0b5c355755f,ミョイネン様,36,5180,3067,5,revive,-0.0486,-0.0928,0.6875,0.7361,電波姫☆いまりちゃん / さくらこはダムです / メル子大先生 / 明日香大明神 / ミョイネン様,電波姫☆いまりちゃん / さくらこはダムです / メル子大先生 / 明日香大明神 / 甲羅暮らしの201号,complete
5,6,em-24d6f242799c,大浜美波さん,32,3748,3408,5,revive,-0.0556,-0.0967,0.6806,0.7361,電波姫☆いまりちゃん / さくらこはダムです / メル子大先生 / 明日香大明神 / 大浜美波さん,電波姫☆いまりちゃん / さくらこはダムです / メル子大先生 / 明日香大明神 / 甲羅暮らしの201号,complete
5,7,em-f346c1f4c45d,八狗神伏姫様,35,5538,2130,4,guard,-0.0625,-0.1003,0.6736,0.7361,電波姫☆いまりちゃん / さくらこはダムです / メル子大先生 / 明日香大明神 / 八狗神伏姫様,電波姫☆いまりちゃん / さくらこはダムです / メル子大先生 / 明日香大明神 / 甲羅暮らしの201号,complete
5,8,em-01c910672cf0,ガハラさん,3,550,300,6,attack_buff,-0.0278,-0.1004,0.7083,0.7361,ぴぐぺん選手 / さくらこはダムです / ポディアさま / クレリゴス子様 / ガハラさん,電波姫☆いまりちゃん / さくらこはダムです / メル子大先生 / 明日香大明神 / 甲羅暮らしの201号,complete
5,9,em-1c5a28eee21d,首領子襲来!!,30,5680,3786,4,heal,-0.0625,-0.1024,0.6736,0.7361,電波姫☆いまりちゃん / さくらこはダムです / メル子大先生 / 明日香大明神 / 首領子襲来!!,電波姫☆いまりちゃん / さくらこはダムです / メル子大先生 / 明日香大明神 / 甲羅暮らしの201号,complete
5,10,em-b5317027555c,森神ブーナッド,36,4941,3408,4,heal,-0.0694,-0.1059,0.6667,0.7361,電波姫☆いまりちゃん / さくらこはダムです / メル子大先生 / 明日香大明神 / 森神ブーナッド,電波姫☆いまりちゃん / さくらこはダムです / メル子大先生 / 明日香大明神 / 甲羅暮らしの201号,complete
5,11,em-9bc7273dd8d5,シンハ☆ラジャ様,44,4260,6475,7,guard,-0.0347,-0.1078,0.7014,0.7361,電波姫☆いまりちゃん / ペーチパイセン / 大正義・フクちゃん / 明日香大明神 / シンハ☆ラジャ様,電波姫☆いまりちゃん / さくらこはダムです / メル子大先生 / 明日香大明神 / 甲羅暮らしの201号,complete
5,12,em-7fafc017f6f6,水蛭子リターンズ,43,6816,3408,7,revive,-0.0556,-0.1115,0.6806,0.7361,電波姫☆いまりちゃん / どんこ太郎 / メル子大先生 / 明日香大明神 / 水蛭子リターンズ,電波姫☆いまりちゃん / さくらこはダムです / メル子大先生 / 明日香大明神 / 甲羅暮らしの201号,complete
5,13,em-7c293551ccbb,201号ちゃん,26,3751,2899,5,guard,-0.0486,-0.1158,0.6875,0.7361,電波姫☆いまりちゃん / 一葉ちゃんは作家さん / 時のプラズマ / 明日香大明神 / 201号ちゃん,電波姫☆いまりちゃん / さくらこはダムです / メル子大先生 / 明日香大明神 / 甲羅暮らしの201号,complete
5,14,em-9cbbb04818bd,シミ,20,1704,2215,4,heal,-0.0556,-0.117,0.6806,0.7361,電波姫☆いまりちゃん / 一葉ちゃんは作家さん / メル子大先生 / 明日香大明神 / シミ,電波姫☆いまりちゃん / さくらこはダムです / メル子大先生 / 明日香大明神 / 甲羅暮らしの201号,complete
5,15,em-54ee851ff3fb,zuス様とsiラ様,10,1410,987,4,attack_buff,-0.0556,-0.117,0.6806,0.7361,ハラショー☆ビッツェ / けるるんぱさらん / ポディアさま / クレリゴス子様 / zuス様とsiラ様,電波姫☆いまりちゃん / さくらこはダムです / メル子大先生 / 明日香大明神 / 甲羅暮らしの201号,complete
5,16,em-bd98030ead3e,首領子襲来!!,33,5680,3786,4,heal,-0.0694,-0.1173,0.6667,0.7361,電波姫☆いまりちゃん / さくらこはダムです / メル子大先生 / 明日香大明神 / 首領子襲来!!,電波姫☆いまりちゃん / さくらこはダムです / メル子大先生 / 明日香大明神 / 甲羅暮らしの201号,complete
5,17,em-55cdacc97f8e,バーチャルおぅぼっと,25,4025,1610,7,damage_reduction,-0.0556,-0.1244,0.6806,0.7361,電波姫☆いまりちゃん / 一葉ちゃんは作家さん / 時のプラズマ / 明日香大明神 / バーチャルおぅぼっと,電波姫☆いまりちゃん / さくらこはダムです / メル子大先生 / 明日香大明神 / 甲羅暮らしの201号,complete
5,18,em-e5fb3c6a3323,ガジュ・まる子さん,34,3748,4430,5,revive,-0.0903,-0.1268,0.6458,0.7361,電波姫☆いまりちゃん / さくらこはダムです / メル子大先生 / 明日香大明神 / ガジュ・まる子さん,電波姫☆いまりちゃん / さくらこはダムです / メル子大先生 / 明日香大明神 / 甲羅暮らしの201号,complete
5,19,em-b97fa105ba34,うまうーさん♪,40,5793,3067,5,attribute_guard,-0.0625,-0.1294,0.6736,0.7361,電波姫☆いまりちゃん / さくらこはダムです / ｻｲｯｺくたにん / 明日香大明神 / うまうーさん♪,電波姫☆いまりちゃん / さくらこはダムです / メル子大先生 / 明日香大明神 / 甲羅暮らしの201号,complete
5,20,em-a43c7b67cbc3,ケルトレントさん,47,6816,3067,6,guard,-0.0694,-0.1331,0.6667,0.7361,電波姫☆いまりちゃん / どんこ太郎 / 人面恐竜の謎 / 明日香大明神 / ケルトレントさん,電波姫☆いまりちゃん / さくらこはダムです / メル子大先生 / 明日香大明神 / 甲羅暮らしの201号,complete
5,21,em-ffdcaffc4a41,雑煮入り☆うるっしー,36,3443,3443,4,guard,-0.0972,-0.1365,0.6389,0.7361,電波姫☆いまりちゃん / さくらこはダムです / メル子大先生 / 明日香大明神 / 雑煮入り☆うるっしー,電波姫☆いまりちゃん / さくらこはダムです / メル子大先生 / 明日香大明神 / 甲羅暮らしの201号,complete
5,22,em-08ce9600ed14,ビルカくん,21,1480,1321,5,guard,-0.0764,-0.138,0.6597,0.7361,電波姫☆いまりちゃん / 一葉ちゃんは作家さん / メル子大先生 / 明日香大明神 / ビルカくん,電波姫☆いまりちゃん / さくらこはダムです / メル子大先生 / 明日香大明神 / 甲羅暮らしの201号,complete
5,23,em-f3234f88661c,氷の大魔女カナリン,43,7497,1641,5,revive,-0.0764,-0.138,0.6597,0.7361,電波姫☆いまりちゃん / どんこ太郎 / メル子大先生 / 明日香大明神 / 氷の大魔女カナリン,電波姫☆いまりちゃん / さくらこはダムです / メル子大先生 / 明日香大明神 / 甲羅暮らしの201号,complete
5,24,em-34853ed0f0f8,ユーコちゃん,24,2556,1533,4,revive,-0.0694,-0.1391,0.6667,0.7361,電波姫☆いまりちゃん / 一葉ちゃんは作家さん / 時のプラズマ / 明日香大明神 / ユーコちゃん,電波姫☆いまりちゃん / さくらこはダムです / メル子大先生 / 明日香大明神 / 甲羅暮らしの201号,complete
5,25,em-ff5428a9ceca,アブラムシ,30,5112,3408,4,revive,-0.1042,-0.1398,0.6319,0.7361,電波姫☆いまりちゃん / さくらこはダムです / メル子大先生 / 明日香大明神 / アブラムシ,電波姫☆いまりちゃん / さくらこはダムです / メル子大先生 / 明日香大明神 / 甲羅暮らしの201号,complete
5,26,em-a93e62a47cbd,ホレズ先生,25,3494,3043,6,revive,-0.0694,-0.1403,0.6667,0.7361,電波姫☆いまりちゃん / 一葉ちゃんは作家さん / 時のプラズマ / 明日香大明神 / ホレズ先生,電波姫☆いまりちゃん / さくらこはダムです / メル子大先生 / 明日香大明神 / 甲羅暮らしの201号,complete
5,27,em-1449792f77c2,3900点とヨハンお嬢,24,3900,755,6,revive,-0.0694,-0.1414,0.6667,0.7361,電波姫☆いまりちゃん / 一葉ちゃんは作家さん / 時のプラズマ / 明日香大明神 / 3900点とヨハンお嬢,電波姫☆いまりちゃん / さくらこはダムです / メル子大先生 / 明日香大明神 / 甲羅暮らしの201号,complete
5,28,em-764989efdc82,まつやマン,6,600,600,4,attack_buff,-0.0694,-0.1436,0.6667,0.7361,ぴぐぺん選手 / ペーチパイセン / ポディアさま / クレリゴス子様 / まつやマン,電波姫☆いまりちゃん / さくらこはダムです / メル子大先生 / 明日香大明神 / 甲羅暮らしの201号,complete
5,29,em-fc0926b017ef,なまずのおじさん,25,4260,1278,5,damage_reduction,-0.0764,-0.1465,0.6597,0.7361,電波姫☆いまりちゃん / 一葉ちゃんは作家さん / 時のプラズマ / 明日香大明神 / なまずのおじさん,電波姫☆いまりちゃん / さくらこはダムです / メル子大先生 / 明日香大明神 / 甲羅暮らしの201号,complete
5,30,em-2c1766a1d358,でら・ロカ嬢,7,1621,1406,6,damage_reduction,-0.0764,-0.1465,0.6597,0.7361,黍deギャリソン / さくらこはダムです / ポディアさま / クレリゴス子様 / でら・ロカ嬢,電波姫☆いまりちゃん / さくらこはダムです / メル子大先生 / 明日香大明神 / 甲羅暮らしの201号,complete
5,31,em-edb8ec937948,養老ディオニュソス,49,6475,3208,6,revive,-0.0833,-0.1466,0.6528,0.7361,ラグーン☆南 / どんこ太郎 / メル子大先生 / 明日香大明神 / 養老ディオニュソス,電波姫☆いまりちゃん / さくらこはダムです / メル子大先生 / 明日香大明神 / 甲羅暮らしの201号,complete
5,32,em-89867a1b17eb,ゴッホさんとおこﾀﾞﾘｱ,25,3158,3220,4,guard,-0.0833,-0.1479,0.6528,0.7361,電波姫☆いまりちゃん / 一葉ちゃんは作家さん / 時のプラズマ / 明日香大明神 / ゴッホさんとおこﾀﾞﾘｱ,電波姫☆いまりちゃん / さくらこはダムです / メル子大先生 / 明日香大明神 / 甲羅暮らしの201号,complete
5,33,em-59ac9769ef60,神犬八房伏姫様,24,4093,1223,4,guard,-0.0833,-0.1491,0.6528,0.7361,電波姫☆いまりちゃん / 一葉ちゃんは作家さん / 時のプラズマ / 明日香大明神 / 神犬八房伏姫様,電波姫☆いまりちゃん / さくらこはダムです / メル子大先生 / 明日香大明神 / 甲羅暮らしの201号,complete
5,34,em-0f73ef7a7bb4,あいちゃん（表）,25,3542,2254,7,damage_reduction,-0.0764,-0.1509,0.6597,0.7361,電波姫☆いまりちゃん / 一葉ちゃんは作家さん / 時のプラズマ / 明日香大明神 / あいちゃん（表）,電波姫☆いまりちゃん / さくらこはダムです / メル子大先生 / 明日香大明神 / 甲羅暮らしの201号,complete
5,35,em-2d1c8d50a6d1,スマートouぼっと,17,2265,1510,5,damage_reduction,-0.0833,-0.1515,0.6528,0.7361,電波姫☆いまりちゃん / 一葉ちゃんは作家さん / メル子大先生 / 明日香大明神 / スマートouぼっと,電波姫☆いまりちゃん / さくらこはダムです / メル子大先生 / 明日香大明神 / 甲羅暮らしの201号,complete
5,36,em-d0639c20e6b1,ユーコ☆宇宙,24,4260,2556,4,revive,-0.0833,-0.1515,0.6528,0.7361,電波姫☆いまりちゃん / 一葉ちゃんは作家さん / 時のプラズマ / 明日香大明神 / ユーコ☆宇宙,電波姫☆いまりちゃん / さくらこはダムです / メル子大先生 / 明日香大明神 / 甲羅暮らしの201号,complete
5,37,em-831cf6862a55,リスマニア,20,644,4186,4,multi_hit_attack,-0.0694,-0.1527,0.6667,0.7361,大正義・フクちゃん / さくらこはダムです / ポディアさま / クレリゴス子様 / リスマニア,電波姫☆いまりちゃん / さくらこはダムです / メル子大先生 / 明日香大明神 / 甲羅暮らしの201号,complete
5,38,em-e6110f879f18,ユーコ隊,24,3408,2044,4,revive,-0.0833,-0.1527,0.6528,0.7361,電波姫☆いまりちゃん / 一葉ちゃんは作家さん / 時のプラズマ / 明日香大明神 / ユーコ隊,電波姫☆いまりちゃん / さくらこはダムです / メル子大先生 / 明日香大明神 / 甲羅暮らしの201号,complete
5,39,em-390f996a5d3f,かんと師匠,11,1128,1269,5,multi_hit_attack,-0.0764,-0.1551,0.6597,0.7361,ある半ブラというＰＷ / さくらこはダムです / ポディアさま / クレリゴス子様 / かんと師匠,電波姫☆いまりちゃん / さくらこはダムです / メル子大先生 / 明日香大明神 / 甲羅暮らしの201号,complete
5,40,em-10c2721383dd,京子☆リフレッシュ,23,2035,3239,5,damage_reduction,-0.0903,-0.1552,0.6458,0.7361,電波姫☆いまりちゃん / 一葉ちゃんは作家さん / メル子大先生 / 明日香大明神 / 京子☆リフレッシュ,電波姫☆いまりちゃん / さくらこはダムです / メル子大先生 / 明日香大明神 / 甲羅暮らしの201号,complete
5,41,em-82e855b7910f,栗林掬太郎,33,5453,2385,4,heal,-0.0833,-0.1561,0.6528,0.7361,ポディアさま / 一葉ちゃんは作家さん / メル子大先生 / 明日香大明神 / 栗林掬太郎,電波姫☆いまりちゃん / さくらこはダムです / メル子大先生 / 明日香大明神 / 甲羅暮らしの201号,complete
5,42,em-b07f62000b94,雪兎フェス祭カーニバル,22,4089,1192,5,revive,-0.0903,-0.1577,0.6458,0.7361,電波姫☆いまりちゃん / 一葉ちゃんは作家さん / メル子大先生 / 明日香大明神 / 雪兎フェス祭カーニバル,電波姫☆いまりちゃん / さくらこはダムです / メル子大先生 / 明日香大明神 / 甲羅暮らしの201号,complete
5,43,em-efe37d2509f9,aiちゃん,19,3542,2254,4,damage_reduction,-0.0972,-0.1588,0.6389,0.7361,電波姫☆いまりちゃん / 一葉ちゃんは作家さん / メル子大先生 / 明日香大明神 / aiちゃん,電波姫☆いまりちゃん / さくらこはダムです / メル子大先生 / 明日香大明神 / 甲羅暮らしの201号,complete
5,44,em-609b9d122d32,ネオむりょく,6,168,149,6,guard,-0.0903,-0.16,0.6458,0.7361,黍deギャリソン / さくらこはダムです / ポディアさま / クレリゴス子様 / ネオむりょく,電波姫☆いまりちゃん / さくらこはダムです / メル子大先生 / 明日香大明神 / 甲羅暮らしの201号,complete
5,45,em-3b878e796aba,なまず仙人,35,4941,1618,4,damage_reduction,-0.1181,-0.161,0.6181,0.7361,電波姫☆いまりちゃん / さくらこはダムです / メル子大先生 / 明日香大明神 / なまず仙人,電波姫☆いまりちゃん / さくらこはダムです / メル子大先生 / 明日香大明神 / 甲羅暮らしの201号,complete
5,46,em-089a6280b9d6,御嶽さん,32,5112,3067,4,aoe_attack,-0.1042,-0.1621,0.6319,0.7361,電波姫☆いまりちゃん / さくらこはダムです / メル子大先生 / 明日香大明神 / 御嶽さん,電波姫☆いまりちゃん / さくらこはダムです / メル子大先生 / 明日香大明神 / 甲羅暮らしの201号,complete
5,47,em-db5f6b243818,頑張るハクさん,12,1000,1200,4,attack_buff,-0.0833,-0.1624,0.6528,0.7361,ハラショー☆ビッツェ / ペーチパイセン / ????? / ｽﾌﾟﾗ♡な琵琶子たん / 頑張るハクさん,電波姫☆いまりちゃん / さくらこはダムです / メル子大先生 / 明日香大明神 / 甲羅暮らしの201号,complete
5,48,em-3151d77efe3f,チンチョーロさん,37,4805,4805,7,revive,-0.1111,-0.1651,0.625,0.7361,電波姫☆いまりちゃん / ペーチパイセン / メル子大先生 / 明日香大明神 / チンチョーロさん,電波姫☆いまりちゃん / さくらこはダムです / メル子大先生 / 明日香大明神 / 甲羅暮らしの201号,complete
5,49,em-bc6da5addf52,桜ブーナッド,46,5547,4013,5,heal,-0.1111,-0.1651,0.625,0.7361,電波姫☆いまりちゃん / さくらこはダムです / タミちゃん / 明日香大明神 / 桜ブーナッド,電波姫☆いまりちゃん / さくらこはダムです / メル子大先生 / 明日香大明神 / 甲羅暮らしの201号,complete
5,50,em-0560ed78022d,見事にびわ子たん,5,400,400,4,damage_reduction,-0.0903,-0.1655,0.6458,0.7361,ラグーン☆南 / さくらこはダムです / ポディアさま / クレリゴス子様 / 見事にびわ子たん,電波姫☆いまりちゃん / さくらこはダムです / メル子大先生 / 明日香大明神 / 甲羅暮らしの201号,complete
5,51,em-d4ddef9a4e05,大ふわふわさん,36,6247,2839,4,skill_reduction,-0.125,-0.1665,0.6111,0.7361,電波姫☆いまりちゃん / さくらこはダムです / メル子大先生 / 明日香大明神 / 大ふわふわさん,電波姫☆いまりちゃん / さくらこはダムです / メル子大先生 / 明日香大明神 / 甲羅暮らしの201号,partial-skill-support
5,52,em-9bad632dc3a9,秋田世界発見伝,24,3838,845,4,guard,-0.0972,-0.1673,0.6389,0.7361,電波姫☆いまりちゃん / 一葉ちゃんは作家さん / 時のプラズマ / 明日香大明神 / 秋田世界発見伝,電波姫☆いまりちゃん / さくらこはダムです / メル子大先生 / 明日香大明神 / 甲羅暮らしの201号,complete
5,53,em-459f1ecad59a,電波姫☆いまりちゃん,28,3919,4260,4,delay,-0.0972,-0.1673,0.6319,0.7292,バンクロ・フッド / 一葉ちゃんは作家さん / メル子大先生 / 明日香大明神 / 電波姫☆いまりちゃん,スクナクナクナクス / ペーチパイセン / メル子大先生 / 明日香大明神 / ロータス先輩,partial-skill-support
5,54,em-682cd1ab4ae4,ホーリーエンジェるん,16,1812,1661,5,attack_buff,-0.0972,-0.1673,0.6389,0.7361,ハラショー☆ビッツェ / さくらこはダムです / ポディアさま / 大崎どんと先輩 / ホーリーエンジェるん,電波姫☆いまりちゃん / さくらこはダムです / メル子大先生 / 明日香大明神 / 甲羅暮らしの201号,complete
5,55,em-64fa899f397f,ダル飯☆杏,44,5896,3340,4,guard,-0.1042,-0.1674,0.6319,0.7361,電波姫☆いまりちゃん / どんこ太郎 / メル子大先生 / 明日香大明神 / ダル飯☆杏,電波姫☆いまりちゃん / さくらこはダムです / メル子大先生 / 明日香大明神 / 甲羅暮らしの201号,complete
5,56,em-4d6cd3fa7afc,宗像スリーピース,32,4601,4089,5,aoe_attack,-0.1181,-0.1679,0.6181,0.7361,電波姫☆いまりちゃん / さくらこはダムです / すわ子isGOD！ / 明日香大明神 / 宗像スリーピース,電波姫☆いまりちゃん / さくらこはダムです / メル子大先生 / 明日香大明神 / 甲羅暮らしの201号,complete
5,57,em-5d62afcf01d5,転がる！けねず君,37,3408,2044,4,damage_reduction,-0.1042,-0.1686,0.6319,0.7361,電波姫☆いまりちゃん / ペーチパイセン / メル子大先生 / 明日香大明神 / 転がる！けねず君,電波姫☆いまりちゃん / さくらこはダムです / メル子大先生 / 明日香大明神 / 甲羅暮らしの201号,complete
5,58,em-7e8ca5d8d19a,小林伯爵,15,3020,1812,5,revive,-0.1111,-0.1694,0.625,0.7361,電波姫☆いまりちゃん / メムノン２８号 / メル子大先生 / 明日香大明神 / 小林伯爵,電波姫☆いまりちゃん / さくらこはダムです / メル子大先生 / 明日香大明神 / 甲羅暮らしの201号,complete
5,59,em-1ab18da48960,白い悪魔の小町さん,24,3461,3300,5,aoe_attack,-0.0972,-0.1695,0.6389,0.7361,電波姫☆いまりちゃん / 一葉ちゃんは作家さん / 時のプラズマ / 明日香大明神 / 白い悪魔の小町さん,電波姫☆いまりちゃん / さくらこはダムです / メル子大先生 / 明日香大明神 / 甲羅暮らしの201号,complete
5,60,em-2325681e1b59,BON JOVE,24,3220,3220,5,aoe_attack,-0.0972,-0.1706,0.6389,0.7361,電波姫☆いまりちゃん / 一葉ちゃんは作家さん / 時のプラズマ / 明日香大明神 / BON JOVE,電波姫☆いまりちゃん / さくらこはダムです / メル子大先生 / 明日香大明神 / 甲羅暮らしの201号,complete
5,61,em-f5a7df3892f0,びわ子たん,4,300,302,5,damage_reduction,-0.0972,-0.1706,0.6389,0.7361,ラグーン☆南 / さくらこはダムです / ポディアさま / クレリゴス子様 / びわ子たん,電波姫☆いまりちゃん / さくらこはダムです / メル子大先生 / 明日香大明神 / 甲羅暮らしの201号,complete
5,62,em-166bce10d212,ギューちゃん,23,2726,3748,5,revive,-0.1042,-0.1711,0.6319,0.7361,電波姫☆いまりちゃん / 一葉ちゃんは作家さん / メル子大先生 / 明日香大明神 / ギューちゃん,電波姫☆いまりちゃん / さくらこはダムです / メル子大先生 / 明日香大明神 / 甲羅暮らしの201号,complete
5,63,em-6de5eba89049,天孫降臨ににぎくん,25,2334,2817,5,attack_buff,-0.0972,-0.1717,0.6389,0.7361,電波姫☆いまりちゃん / 一葉ちゃんは作家さん / 時のプラズマ / 明日香大明神 / 天孫降臨ににぎくん,電波姫☆いまりちゃん / さくらこはダムです / メル子大先生 / 明日香大明神 / 甲羅暮らしの201号,complete
5,64,em-4442b5ee096e,朱雀むりょく,5,165,165,6,revive,-0.0972,-0.1717,0.6389,0.7361,ラグーン☆南 / さくらこはダムです / ポディアさま / クレリゴス子様 / 朱雀むりょく,電波姫☆いまりちゃん / さくらこはダムです / メル子大先生 / 明日香大明神 / 甲羅暮らしの201号,complete
5,65,em-67859050336b,マジ☆マシニッさん,36,4089,4430,6,multi_hit_attack,-0.1042,-0.1723,0.6319,0.7361,電波姫☆いまりちゃん / ペーチパイセン / メル子大先生 / 明日香大明神 / マジ☆マシニッさん,電波姫☆いまりちゃん / さくらこはダムです / メル子大先生 / 明日香大明神 / 甲羅暮らしの201号,complete
5,66,em-d0338d7151d9,ネオねっつ,6,316,307,6,attribute_guard,-0.1042,-0.1723,0.6319,0.7361,黍deギャリソン / さくらこはダムです / ポディアさま / クレリゴス子様 / ネオねっつ,電波姫☆いまりちゃん / さくらこはダムです / メル子大先生 / 明日香大明神 / 甲羅暮らしの201号,complete
5,67,em-fc0a4778a432,リチャード・リターンズ,23,2576,3220,5,aoe_attack,-0.0972,-0.1728,0.6389,0.7361,電波姫☆いまりちゃん / 一葉ちゃんは作家さん / メル子大先生 / 明日香大明神 / リチャード・リターンズ,電波姫☆いまりちゃん / さくらこはダムです / メル子大先生 / 明日香大明神 / 甲羅暮らしの201号,complete
5,68,em-2ce242ee5866,スノーメン,5,1300,200,5,attack_buff,-0.0972,-0.1728,0.6389,0.7361,ラグーン☆南 / さくらこはダムです / ポディアさま / クレリゴス子様 / スノーメン,電波姫☆いまりちゃん / さくらこはダムです / メル子大先生 / 明日香大明神 / 甲羅暮らしの201号,complete
5,69,em-95d137a7328a,バス・スミスくん,6,900,200,5,attribute_guard,-0.0972,-0.1728,0.6389,0.7361,黍deギャリソン / さくらこはダムです / ポディアさま / クレリゴス子様 / バス・スミスくん,電波姫☆いまりちゃん / さくらこはダムです / メル子大先生 / 明日香大明神 / 甲羅暮らしの201号,complete
5,70,em-1a835be38386,朱雀ニート,5,320,320,6,revive,-0.0972,-0.1738,0.6389,0.7361,ラグーン☆南 / さくらこはダムです / ポディアさま / クレリゴス子様 / 朱雀ニート,電波姫☆いまりちゃん / さくらこはダムです / メル子大先生 / 明日香大明神 / 甲羅暮らしの201号,complete
5,71,em-eea7e5ad714b,饅頭石餅子,30,3433,4114,5,attribute_guard,-0.1319,-0.1739,0.6042,0.7361,電波姫☆いまりちゃん / さくらこはダムです / メル子大先生 / 明日香大明神 / 饅頭石餅子,電波姫☆いまりちゃん / さくらこはダムです / メル子大先生 / 明日香大明神 / 甲羅暮らしの201号,complete
5,72,em-ef6acbb9fe3a,ﾌｫﾆｰ・ぴよ・ｶﾞｰﾙｽﾞY,25,3703,1771,4,attribute_change,-0.1042,-0.1746,0.6319,0.7361,電波姫☆いまりちゃん / 一葉ちゃんは作家さん / 時のプラズマ / 明日香大明神 / ﾌｫﾆｰ・ぴよ・ｶﾞｰﾙｽﾞY,電波姫☆いまりちゃん / さくらこはダムです / メル子大先生 / 明日香大明神 / 甲羅暮らしの201号,complete
5,73,em-65cc0d6a4bcc,TAGIの映画祭,31,3748,2726,5,multi_hit_attack,-0.1181,-0.1754,0.6181,0.7361,電波姫☆いまりちゃん / さくらこはダムです / メル子大先生 / 明日香大明神 / TAGIの映画祭,電波姫☆いまりちゃん / さくらこはダムです / メル子大先生 / 明日香大明神 / 甲羅暮らしの201号,complete
5,74,em-299066b18ca7,バイカル子,14,2999,499,5,attribute_guard,-0.1181,-0.1754,0.6181,0.7361,電波姫☆いまりちゃん / メムノン２８号 / メル子大先生 / 明日香大明神 / バイカル子,電波姫☆いまりちゃん / さくらこはダムです / メル子大先生 / 明日香大明神 / 甲羅暮らしの201号,complete
5,75,em-d9ea7f0897f2,山ガール！？さなこりん,15,2567,1225,6,multi_hit_attack,-0.1042,-0.1757,0.6319,0.7361,電波姫☆いまりちゃん / 一葉ちゃんは作家さん / メル子大先生 / 明日香大明神 / 山ガール！？さなこりん,電波姫☆いまりちゃん / さくらこはダムです / メル子大先生 / 明日香大明神 / 甲羅暮らしの201号,complete
5,76,em-59904245c69f,極・屋久トレント,20,5474,1288,5,attribute_guard,-0.1111,-0.1759,0.625,0.7361,電波姫☆いまりちゃん / 一葉ちゃんは作家さん / メル子大先生 / 明日香大明神 / 極・屋久トレント,電波姫☆いまりちゃん / さくらこはダムです / メル子大先生 / 明日香大明神 / 甲羅暮らしの201号,complete
5,77,em-6572f5492885,ネオニート,6,330,306,6,attribute_guard,-0.1042,-0.1768,0.6319,0.7361,黍deギャリソン / さくらこはダムです / ポディアさま / クレリゴス子様 / ネオニート,電波姫☆いまりちゃん / さくらこはダムです / メル子大先生 / 明日香大明神 / 甲羅暮らしの201号,complete
5,78,em-9cc423bd9843,沼んだーライド！,21,1585,1887,5,aoe_attack,-0.1042,-0.1779,0.6319,0.7361,電波姫☆いまりちゃん / 一葉ちゃんは作家さん / メル子大先生 / 明日香大明神 / 沼んだーライド！,電波姫☆いまりちゃん / さくらこはダムです / メル子大先生 / 明日香大明神 / 甲羅暮らしの201号,complete
5,79,em-be0d1a5c4a35,イタ子ちゃん,5,100,400,7,revive,-0.1111,-0.1784,0.625,0.7361,バンクロ・フッド / ペーチパイセン / ポディアさま / クレリゴス子様 / イタ子ちゃん,電波姫☆いまりちゃん / さくらこはダムです / メル子大先生 / 明日香大明神 / 甲羅暮らしの201号,complete
5,80,em-6197bad49878,水島神人,6,700,300,5,guard,-0.1042,-0.179,0.6319,0.7361,黍deギャリソン / さくらこはダムです / ポディアさま / クレリゴス子様 / 水島神人,電波姫☆いまりちゃん / さくらこはダムです / メル子大先生 / 明日香大明神 / 甲羅暮らしの201号,complete
5,81,em-0183a7a13db2,かーたん・べーり,32,4089,4089,5,attribute_guard,-0.1319,-0.1793,0.6042,0.7361,電波姫☆いまりちゃん / さくらこはダムです / メル子大先生 / 明日香大明神 / かーたん・べーり,電波姫☆いまりちゃん / さくらこはダムです / メル子大先生 / 明日香大明神 / 甲羅暮らしの201号,complete
5,82,em-45aaafc4cae5,首領・刑部たぬた,40,6645,2726,4,multi_hit_attack,-0.1181,-0.1807,0.6181,0.7361,電波姫☆いまりちゃん / どんこ太郎 / すわ子isGOD！ / 明日香大明神 / 首領・刑部たぬた,電波姫☆いまりちゃん / さくらこはダムです / メル子大先生 / 明日香大明神 / 甲羅暮らしの201号,complete
5,83,em-a98f8dbf76e4,考える男,5,150,700,6,revive,-0.1042,-0.1811,0.6319,0.7361,ラグーン☆南 / さくらこはダムです / ポディアさま / クレリゴス子様 / 考える男,電波姫☆いまりちゃん / さくらこはダムです / メル子大先生 / 明日香大明神 / 甲羅暮らしの201号,complete
5,84,em-469fc4e70bad,エヴァンジェ・凛,48,5091,3428,5,heal,-0.125,-0.1813,0.6111,0.7361,電波姫☆いまりちゃん / さくらこはダムです / タミちゃん / 明日香大明神 / エヴァンジェ・凛,電波姫☆いまりちゃん / さくらこはダムです / メル子大先生 / 明日香大明神 / 甲羅暮らしの201号,complete
5,85,em-13eb68eee59d,マーサイ兄さん,34,4260,3834,4,attack_buff,-0.1389,-0.1813,0.5972,0.7361,電波姫☆いまりちゃん / さくらこはダムです / メル子大先生 / 明日香大明神 / マーサイ兄さん,電波姫☆いまりちゃん / さくらこはダムです / メル子大先生 / 明日香大明神 / 甲羅暮らしの201号,complete
5,86,em-ec64495c1963,レブカ大先生,38,5793,2984,5,aoe_attack,-0.1111,-0.1818,0.625,0.7361,電波姫☆いまりちゃん / ペーチパイセン / メル子大先生 / 明日香大明神 / レブカ大先生,電波姫☆いまりちゃん / さくらこはダムです / メル子大先生 / 明日香大明神 / 甲羅暮らしの201号,complete
5,87,em-f1c89b71f7a5,ソクラテツ,3,600,500,8,delay,-0.1111,-0.1818,0.625,0.7361,ハラショー☆ビッツェ / 一葉ちゃんは作家さん / ポディアさま / クレリゴス子様 / ソクラテツ,電波姫☆いまりちゃん / さくらこはダムです / メル子大先生 / 明日香大明神 / 甲羅暮らしの201号,partial-skill-support
5,88,em-564e1dfe9c75,コニーちゃん,3,300,300,4,damage_reduction,-0.1042,-0.1821,0.6319,0.7361,ラグーン☆南 / さくらこはダムです / ポディアさま / クレリゴス子様 / コニーちゃん,電波姫☆いまりちゃん / さくらこはダムです / メル子大先生 / 明日香大明神 / 甲羅暮らしの201号,complete
5,89,em-2293cb606798,Oh!宮子ちゃん,7,500,500,6,heal,-0.1111,-0.183,0.625,0.7361,黍deギャリソン / さくらこはダムです / ポディアさま / クレリゴス子様 / Oh!宮子ちゃん,電波姫☆いまりちゃん / さくらこはダムです / メル子大先生 / 明日香大明神 / 甲羅暮らしの201号,complete
5,90,em-3a859cb07c11,こんぴらさん先輩,25,2898,2898,10,delay,-0.1111,-0.1841,0.625,0.7361,電波姫☆いまりちゃん / 一葉ちゃんは作家さん / 時のプラズマ / 明日香大明神 / こんぴらさん先輩,電波姫☆いまりちゃん / さくらこはダムです / メル子大先生 / 明日香大明神 / 甲羅暮らしの201号,partial-skill-support
5,91,em-5a3998126178,TAGOのBOOTH,17,2896,2385,6,multi_hit_attack,-0.1111,-0.1852,0.625,0.7361,電波姫☆いまりちゃん / 一葉ちゃんは作家さん / メル子大先生 / 明日香大明神 / TAGOのBOOTH,電波姫☆いまりちゃん / さくらこはダムです / メル子大先生 / 明日香大明神 / 甲羅暮らしの201号,complete
5,92,em-b4ff04580be9,安井のトンちゃん,4,305,297,6,guard,-0.1111,-0.1852,0.625,0.7361,ラグーン☆南 / さくらこはダムです / ポディアさま / クレリゴス子様 / 安井のトンちゃん,電波姫☆いまりちゃん / さくらこはダムです / メル子大先生 / 明日香大明神 / 甲羅暮らしの201号,complete
5,93,em-bb5629a7c096,安井武勇伝,5,405,395,6,guard,-0.1111,-0.1852,0.625,0.7361,ラグーン☆南 / さくらこはダムです / ポディアさま / クレリゴス子様 / 安井武勇伝,電波姫☆いまりちゃん / さくらこはダムです / メル子大先生 / 明日香大明神 / 甲羅暮らしの201号,complete
5,94,em-bc583c6ff83e,卍石★モチ子,40,4625,4966,5,attribute_guard,-0.125,-0.1854,0.6111,0.7361,電波姫☆いまりちゃん / どんこ太郎 / すわ子isGOD！ / 明日香大明神 / 卍石★モチ子,電波姫☆いまりちゃん / さくらこはダムです / メル子大先生 / 明日香大明神 / 甲羅暮らしの201号,complete
5,95,em-1ac59ba07362,アロエ・ディ・コトマ,11,2013,535,4,attribute_guard,-0.125,-0.1854,0.6111,0.7361,電波姫☆いまりちゃん / メムノン２８号 / メル子大先生 / 明日香大明神 / アロエ・ディ・コトマ,電波姫☆いまりちゃん / さくらこはダムです / メル子大先生 / 明日香大明神 / 甲羅暮らしの201号,complete
5,96,em-06a82dd4f95a,やまとーる海将,18,2567,1208,4,damage_reduction,-0.1181,-0.1856,0.6181,0.7361,電波姫☆いまりちゃん / 一葉ちゃんは作家さん / メル子大先生 / 明日香大明神 / やまとーる海将,電波姫☆いまりちゃん / さくらこはダムです / メル子大先生 / 明日香大明神 / 甲羅暮らしの201号,complete
5,97,em-79e1105f3bb7,むろまち様,36,2556,5112,7,aoe_attack,-0.1319,-0.1856,0.6042,0.7361,電波姫☆いまりちゃん / さくらこはダムです / メル子大先生 / 明日香大明神 / むろまち様,電波姫☆いまりちゃん / さくらこはダムです / メル子大先生 / 明日香大明神 / 甲羅暮らしの201号,complete
5,98,em-462884d3af90,青竜ニート,4,346,397,6,heal,-0.1111,-0.1862,0.625,0.7361,ラグーン☆南 / さくらこはダムです / ポディアさま / クレリゴス子様 / 青竜ニート,電波姫☆いまりちゃん / さくらこはダムです / メル子大先生 / 明日香大明神 / 甲羅暮らしの201号,complete
5,99,em-580e56007ca7,今日のさだわん,5,400,400,4,damage_reduction,-0.1111,-0.1862,0.625,0.7361,ラグーン☆南 / さくらこはダムです / ポディアさま / クレリゴス子様 / 今日のさだわん,電波姫☆いまりちゃん / さくらこはダムです / メル子大先生 / 明日香大明神 / 甲羅暮らしの201号,complete
5,100,em-f595b4878fcb,ポディアくん,5,800,350,4,attribute_guard,-0.1111,-0.1862,0.625,0.7361,ラグーン☆南 / さくらこはダムです / ポディアさま / クレリゴス子様 / ポディアくん,電波姫☆いまりちゃん / さくらこはダムです / メル子大先生 / 明日香大明神 / 甲羅暮らしの201号,complete
5,101,em-2a26d74bb300,鮫っ子！フカオちゃん,21,4430,2996,5,attack_buff,-0.1181,-0.188,0.6181,0.7361,電波姫☆いまりちゃん / 一葉ちゃんは作家さん / メル子大先生 / 明日香大明神 / 鮫っ子！フカオちゃん,電波姫☆いまりちゃん / さくらこはダムです / メル子大先生 / 明日香大明神 / 甲羅暮らしの201号,complete
5,102,em-5faf1b394dcf,ナナコちゃん先輩,6,500,500,6,aoe_attack,-0.1181,-0.188,0.6181,0.7361,黍deギャリソン / さくらこはダムです / ポディアさま / クレリゴス子様 / ナナコちゃん先輩,電波姫☆いまりちゃん / さくらこはダムです / メル子大先生 / 明日香大明神 / 甲羅暮らしの201号,complete
5,103,em-ec978322ece8,タイプ：テン,20,3864,966,4,guard,-0.1181,-0.188,0.6181,0.7361,電波姫☆いまりちゃん / 一葉ちゃんは作家さん / メル子大先生 / 明日香大明神 / タイプ：テン,電波姫☆いまりちゃん / さくらこはダムです / メル子大先生 / 明日香大明神 / 甲羅暮らしの201号,complete
5,104,em-2a96e91a2f35,雪男フェス祭カーニバル,38,5793,1874,5,revive,-0.125,-0.188,0.6111,0.7361,電波姫☆いまりちゃん / ペーチパイセン / メル子大先生 / 明日香大明神 / 雪男フェス祭カーニバル,電波姫☆いまりちゃん / さくらこはダムです / メル子大先生 / 明日香大明神 / 甲羅暮らしの201号,complete
5,105,em-5514b5658aa3,ハリウッドナナコ師匠,5,2503,1093,9,delay,-0.1111,-0.1883,0.625,0.7361,ラグーン☆南 / さくらこはダムです / ポディアさま / クレリゴス子様 / ハリウッドナナコ師匠,電波姫☆いまりちゃん / さくらこはダムです / メル子大先生 / 明日香大明神 / 甲羅暮らしの201号,partial-skill-support
5,106,em-081cdc2b5b45,スノーボーイ,4,1000,100,6,attack_buff,-0.1111,-0.1883,0.625,0.7361,ラグーン☆南 / さくらこはダムです / ポディアさま / クレリゴス子様 / スノーボーイ,電波姫☆いまりちゃん / さくらこはダムです / メル子大先生 / 明日香大明神 / 甲羅暮らしの201号,complete
5,107,em-0c931777e175,関くん,4,305,307,4,guard,-0.1111,-0.1883,0.625,0.7361,ラグーン☆南 / さくらこはダムです / ポディアさま / クレリゴス子様 / 関くん,電波姫☆いまりちゃん / さくらこはダムです / メル子大先生 / 明日香大明神 / 甲羅暮らしの201号,complete
5,108,em-2c8d30d1f946,だーらくん,4,800,100,4,guard,-0.1111,-0.1883,0.625,0.7361,ラグーン☆南 / さくらこはダムです / ポディアさま / クレリゴス子様 / だーらくん,電波姫☆いまりちゃん / さくらこはダムです / メル子大先生 / 明日香大明神 / 甲羅暮らしの201号,complete
5,109,em-eaad577a957c,関さん,5,390,390,4,guard,-0.1111,-0.1883,0.625,0.7361,ラグーン☆南 / さくらこはダムです / ポディアさま / クレリゴス子様 / 関さん,電波姫☆いまりちゃん / さくらこはダムです / メル子大先生 / 明日香大明神 / 甲羅暮らしの201号,complete
5,110,em-79b4540e0f7f,ヤック(中の人),16,2176,2418,4,multi_hit_attack,-0.1181,-0.1891,0.6181,0.7361,電波姫☆いまりちゃん / 一葉ちゃんは作家さん / メル子大先生 / 明日香大明神 / ヤック(中の人),電波姫☆いまりちゃん / さくらこはダムです / メル子大先生 / 明日香大明神 / 甲羅暮らしの201号,complete
5,111,em-fae18e323cb5,美観之介曳山ん太郎,23,2194,1597,5,aoe_attack,-0.1181,-0.1891,0.6181,0.7361,電波姫☆いまりちゃん / 一葉ちゃんは作家さん / メル子大先生 / 明日香大明神 / 美観之介曳山ん太郎,電波姫☆いまりちゃん / さくらこはダムです / メル子大先生 / 明日香大明神 / 甲羅暮らしの201号,complete
5,112,em-3803f94f5ae7,あろまちゃん,3,350,500,4,revive,-0.1181,-0.1891,0.6181,0.7361,ハラショー☆ビッツェ / 一葉ちゃんは作家さん / ポディアさま / クレリゴス子様 / あろまちゃん,電波姫☆いまりちゃん / さくらこはダムです / メル子大先生 / 明日香大明神 / 甲羅暮らしの201号,complete
5,113,em-518934908b79,こんにゃくさん,5,400,400,8,guard,-0.1111,-0.1894,0.625,0.7361,ラグーン☆南 / さくらこはダムです / ポディアさま / クレリゴス子様 / こんにゃくさん,電波姫☆いまりちゃん / さくらこはダムです / メル子大先生 / 明日香大明神 / 甲羅暮らしの201号,complete
5,114,em-73a9cdab3511,リンゴール子爵,3,300,200,4,delay,-0.1111,-0.1894,0.625,0.7361,ラグーン☆南 / さくらこはダムです / ポディアさま / クレリゴス子様 / リンゴール子爵,電波姫☆いまりちゃん / さくらこはダムです / メル子大先生 / 明日香大明神 / 甲羅暮らしの201号,partial-skill-support
5,115,em-8e8c7fbfac2a,おたべくん,3,315,287,4,delay,-0.1111,-0.1894,0.625,0.7361,ラグーン☆南 / さくらこはダムです / ポディアさま / クレリゴス子様 / おたべくん,電波姫☆いまりちゃん / さくらこはダムです / メル子大先生 / 明日香大明神 / 甲羅暮らしの201号,partial-skill-support
5,116,em-17aeee13e460,こんにゃくん,4,287,308,9,guard,-0.1111,-0.1894,0.625,0.7361,ラグーン☆南 / さくらこはダムです / ポディアさま / クレリゴス子様 / こんにゃくん,電波姫☆いまりちゃん / さくらこはダムです / メル子大先生 / 明日香大明神 / 甲羅暮らしの201号,complete
5,117,em-4900e4471484,モア蔵,4,722,90,4,guard,-0.1111,-0.1894,0.625,0.7361,ラグーン☆南 / さくらこはダムです / ポディアさま / クレリゴス子様 / モア蔵,電波姫☆いまりちゃん / さくらこはダムです / メル子大先生 / 明日香大明神 / 甲羅暮らしの201号,complete
5,118,em-5528cf768569,リンゴール男爵,4,400,300,4,delay,-0.1111,-0.1894,0.625,0.7361,ラグーン☆南 / さくらこはダムです / ポディアさま / クレリゴス子様 / リンゴール男爵,電波姫☆いまりちゃん / さくらこはダムです / メル子大先生 / 明日香大明神 / 甲羅暮らしの201号,partial-skill-support
5,119,em-6e37519134b1,スワン君,4,310,302,6,skill_reduction,-0.1111,-0.1894,0.625,0.7361,ラグーン☆南 / さくらこはダムです / ポディアさま / クレリゴス子様 / スワン君,電波姫☆いまりちゃん / さくらこはダムです / メル子大先生 / 明日香大明神 / 甲羅暮らしの201号,partial-skill-support
5,120,em-81fec3e48762,怪人おたべ,4,415,365,4,delay,-0.1111,-0.1894,0.625,0.7361,ラグーン☆南 / さくらこはダムです / ポディアさま / クレリゴス子様 / 怪人おたべ,電波姫☆いまりちゃん / さくらこはダムです / メル子大先生 / 明日香大明神 / 甲羅暮らしの201号,partial-skill-support
5,121,em-94033ed8057b,幽子さん,4,300,312,8,revive,-0.1111,-0.1894,0.625,0.7361,ラグーン☆南 / さくらこはダムです / ポディアさま / クレリゴス子様 / 幽子さん,電波姫☆いまりちゃん / さくらこはダムです / メル子大先生 / 明日香大明神 / 甲羅暮らしの201号,complete
5,122,em-1a814a6b20cf,未来のモア蔵,5,920,160,4,guard,-0.1111,-0.1894,0.625,0.7361,ラグーン☆南 / さくらこはダムです / ポディアさま / クレリゴス子様 / 未来のモア蔵,電波姫☆いまりちゃん / さくらこはダムです / メル子大先生 / 明日香大明神 / 甲羅暮らしの201号,complete
5,123,em-575ad888f045,スワン先生,5,400,380,6,skill_reduction,-0.1111,-0.1894,0.625,0.7361,ラグーン☆南 / さくらこはダムです / ポディアさま / クレリゴス子様 / スワン先生,電波姫☆いまりちゃん / さくらこはダムです / メル子大先生 / 明日香大明神 / 甲羅暮らしの201号,partial-skill-support
5,124,em-9d5f7901aacf,サタデーナイト☆郡上,17,1812,1963,5,aoe_attack,-0.1181,-0.1902,0.6181,0.7361,電波姫☆いまりちゃん / 一葉ちゃんは作家さん / メル子大先生 / 明日香大明神 / サタデーナイト☆郡上,電波姫☆いまりちゃん / さくらこはダムです / メル子大先生 / 明日香大明神 / 甲羅暮らしの201号,complete
5,125,em-81bd9c017f3e,玉藻ちゃん,3,400,500,4,attribute_guard,-0.1181,-0.1902,0.6181,0.7361,ハラショー☆ビッツェ / 一葉ちゃんは作家さん / ポディアさま / クレリゴス子様 / 玉藻ちゃん,電波姫☆いまりちゃん / さくらこはダムです / メル子大先生 / 明日香大明神 / 甲羅暮らしの201号,complete
5,126,em-b1fe78970f5a,アルパぢから,5,500,300,6,heal,-0.1181,-0.1902,0.6181,0.7361,ラグーン☆南 / さくらこはダムです / ポディアさま / クレリゴス子様 / アルパぢから,電波姫☆いまりちゃん / さくらこはダムです / メル子大先生 / 明日香大明神 / 甲羅暮らしの201号,complete
5,127,em-271fbedbbf39,レオ,22,2737,2093,4,damage_reduction,-0.125,-0.1905,0.6111,0.7361,電波姫☆いまりちゃん / 一葉ちゃんは作家さん / メル子大先生 / 明日香大明神 / レオ,電波姫☆いまりちゃん / さくらこはダムです / メル子大先生 / 明日香大明神 / 甲羅暮らしの201号,complete
5,128,em-7930454375ec,パラワン探検隊,18,3219,3333,4,aoe_attack,-0.1181,-0.1913,0.6181,0.7361,電波姫☆いまりちゃん / 一葉ちゃんは作家さん / 神使！ナモミさま / 明日香大明神 / パラワン探検隊,電波姫☆いまりちゃん / さくらこはダムです / メル子大先生 / 明日香大明神 / 甲羅暮らしの201号,complete
5,129,em-5bb58dd6f8ca,玄武ねっつ,4,345,305,6,damage_reduction,-0.1181,-0.1913,0.6181,0.7361,ラグーン☆南 / さくらこはダムです / ポディアさま / クレリゴス子様 / 玄武ねっつ,電波姫☆いまりちゃん / さくらこはダムです / メル子大先生 / 明日香大明神 / 甲羅暮らしの201号,complete
5,130,em-6c9a66a7da8c,抹殺音ズース,40,5623,3408,6,heal,-0.1181,-0.1913,0.6181,0.7361,どんこ太郎 / 一葉ちゃんは作家さん / すわ子isGOD！ / 明日香大明神 / 抹殺音ズース,電波姫☆いまりちゃん / さくらこはダムです / メル子大先生 / 明日香大明神 / 甲羅暮らしの201号,complete
5,131,em-3c1078996c9c,めい子のNEW DAY,25,2760,2862,4,attribute_guard,-0.125,-0.1917,0.6111,0.7361,電波姫☆いまりちゃん / 一葉ちゃんは作家さん / 時のプラズマ / 明日香大明神 / めい子のNEW DAY,電波姫☆いまりちゃん / さくらこはダムです / メル子大先生 / 明日香大明神 / 甲羅暮らしの201号,complete
5,132,em-f21bf8aa6e67,独眼竜！梵天。,23,2254,2576,5,aoe_attack,-0.1181,-0.1924,0.6181,0.7361,電波姫☆いまりちゃん / 一葉ちゃんは作家さん / メル子大先生 / 明日香大明神 / 独眼竜！梵天。,電波姫☆いまりちゃん / さくらこはダムです / メル子大先生 / 明日香大明神 / 甲羅暮らしの201号,complete
5,133,em-9898cb7ba23e,富士さんは魔女,45,5112,4260,4,revive,-0.1319,-0.1926,0.6042,0.7361,電波姫☆いまりちゃん / どんこ太郎 / 時のプラズマ / 明日香大明神 / 富士さんは魔女,電波姫☆いまりちゃん / さくらこはダムです / メル子大先生 / 明日香大明神 / 甲羅暮らしの201号,complete
5,134,em-48860dff9f84,カナ★パラ,20,1661,1812,5,revive,-0.125,-0.1929,0.6111,0.7361,電波姫☆いまりちゃん / 一葉ちゃんは作家さん / メル子大先生 / 明日香大明神 / カナ★パラ,電波姫☆いまりちゃん / さくらこはダムです / メル子大先生 / 明日香大明神 / 甲羅暮らしの201号,complete
5,135,em-204ef16c9e26,カピ原雄さん,6,300,500,6,revive,-0.1181,-0.1935,0.6181,0.7361,黍deギャリソン / さくらこはダムです / ポディアさま / クレリゴス子様 / カピ原雄さん,電波姫☆いまりちゃん / さくらこはダムです / メル子大先生 / 明日香大明神 / 甲羅暮らしの201号,complete
5,136,em-4579f95404b3,ポティアちゃん,3,600,300,5,attribute_guard,-0.1181,-0.1935,0.6181,0.7361,ラグーン☆南 / さくらこはダムです / ポディアさま / クレリゴス子様 / ポティアちゃん,電波姫☆いまりちゃん / さくらこはダムです / メル子大先生 / 明日香大明神 / 甲羅暮らしの201号,complete
5,137,em-8cecf40f83b5,伊予まっちゅん,3,600,300,6,skill_reduction,-0.1181,-0.1935,0.6181,0.7361,ラグーン☆南 / さくらこはダムです / ポディアさま / クレリゴス子様 / 伊予まっちゅん,電波姫☆いまりちゃん / さくらこはダムです / メル子大先生 / 明日香大明神 / 甲羅暮らしの201号,partial-skill-support
5,138,em-9d8b6a4d2c9c,はたはタン,3,300,200,5,heal,-0.1181,-0.1935,0.6181,0.7361,ラグーン☆南 / さくらこはダムです / ポディアさま / クレリゴス子様 / はたはタン,電波姫☆いまりちゃん / さくらこはダムです / メル子大先生 / 明日香大明神 / 甲羅暮らしの201号,complete
5,139,em-0063b3d17f76,玄武むりょく,4,165,165,6,damage_reduction,-0.1181,-0.1935,0.6181,0.7361,ラグーン☆南 / さくらこはダムです / ポディアさま / クレリゴス子様 / 玄武むりょく,電波姫☆いまりちゃん / さくらこはダムです / メル子大先生 / 明日香大明神 / 甲羅暮らしの201号,complete
5,140,em-03a8c7071b85,カステーラちゃん,4,330,282,4,heal,-0.1181,-0.1935,0.6181,0.7361,ラグーン☆南 / さくらこはダムです / ポディアさま / クレリゴス子様 / カステーラちゃん,電波姫☆いまりちゃん / さくらこはダムです / メル子大先生 / 明日香大明神 / 甲羅暮らしの201号,complete
5,141,em-526aa019b59e,アリストソテツ,4,700,600,7,delay,-0.1181,-0.1935,0.6181,0.7361,ラグーン☆南 / さくらこはダムです / ポディアさま / クレリゴス子様 / アリストソテツ,電波姫☆いまりちゃん / さくらこはダムです / メル子大先生 / 明日香大明神 / 甲羅暮らしの201号,partial-skill-support
5,142,em-8b1d35b683d6,さだわん,4,287,307,5,damage_reduction,-0.1181,-0.1935,0.6181,0.7361,ラグーン☆南 / さくらこはダムです / ポディアさま / クレリゴス子様 / さだわん,電波姫☆いまりちゃん / さくらこはダムです / メル子大先生 / 明日香大明神 / 甲羅暮らしの201号,complete
5,143,em-a9a58521fc9a,皐月ねっつ,4,614,614,6,skill_reduction,-0.1181,-0.1935,0.6181,0.7361,ラグーン☆南 / さくらこはダムです / ポディアさま / クレリゴス子様 / 皐月ねっつ,電波姫☆いまりちゃん / さくらこはダムです / メル子大先生 / 明日香大明神 / 甲羅暮らしの201号,partial-skill-support
5,144,em-c61b3e98a989,荒波のはたはタン,4,400,300,5,heal,-0.1181,-0.1935,0.6181,0.7361,ラグーン☆南 / さくらこはダムです / ポディアさま / クレリゴス子様 / 荒波のはたはタン,電波姫☆いまりちゃん / さくらこはダムです / メル子大先生 / 明日香大明神 / 甲羅暮らしの201号,complete
5,145,em-5b75b1bce687,ルソーテツ,5,1100,700,7,delay,-0.1181,-0.1935,0.6181,0.7361,ラグーン☆南 / さくらこはダムです / ポディアさま / クレリゴス子様 / ルソーテツ,電波姫☆いまりちゃん / さくらこはダムです / メル子大先生 / 明日香大明神 / 甲羅暮らしの201号,partial-skill-support
5,146,em-7a2afc8538ad,伊予ぴっちゅん,5,800,350,5,skill_reduction,-0.1181,-0.1935,0.6181,0.7361,ラグーン☆南 / さくらこはダムです / ポディアさま / クレリゴス子様 / 伊予ぴっちゅん,電波姫☆いまりちゃん / さくらこはダムです / メル子大先生 / 明日香大明神 / 甲羅暮らしの201号,partial-skill-support
5,147,em-980bac842ec7,ウシュか☆丸か,5,1410,1404,10,revive,-0.1181,-0.1935,0.6181,0.7361,ラグーン☆南 / さくらこはダムです / ポディアさま / クレリゴス子様 / ウシュか☆丸か,電波姫☆いまりちゃん / さくらこはダムです / メル子大先生 / 明日香大明神 / 甲羅暮らしの201号,complete
5,148,em-4e4ba52f3f8c,おこしん,8,1964,1964,6,aoe_attack,-0.125,-0.194,0.6111,0.7361,ラグーン☆南 / ペーチパイセン / ポディアさま / クレリゴス子様 / おこしん,電波姫☆いまりちゃん / さくらこはダムです / メル子大先生 / 明日香大明神 / 甲羅暮らしの201号,complete
5,149,em-91e135a19050,ナナコちゃん,3,300,300,8,aoe_attack,-0.1181,-0.1945,0.6181,0.7361,ラグーン☆南 / さくらこはダムです / ポディアさま / クレリゴス子様 / ナナコちゃん,電波姫☆いまりちゃん / さくらこはダムです / メル子大先生 / 明日香大明神 / 甲羅暮らしの201号,complete
5,150,em-407710659ecb,玄武ニート,4,330,320,6,damage_reduction,-0.1181,-0.1945,0.6181,0.7361,ラグーン☆南 / さくらこはダムです / ポディアさま / クレリゴス子様 / 玄武ニート,電波姫☆いまりちゃん / さくらこはダムです / メル子大先生 / 明日香大明神 / 甲羅暮らしの201号,complete
5,151,em-47f3be71ea63,青竜むりょく,4,198,189,6,heal,-0.1181,-0.1945,0.6181,0.7361,ラグーン☆南 / さくらこはダムです / ポディアさま / クレリゴス子様 / 青竜むりょく,電波姫☆いまりちゃん / さくらこはダムです / メル子大先生 / 明日香大明神 / 甲羅暮らしの201号,complete
5,152,em-fa9285840bae,白虎むりょく,4,158,149,5,attack_buff,-0.1181,-0.1945,0.6181,0.7361,ラグーン☆南 / さくらこはダムです / ポディアさま / クレリゴス子様 / 白虎むりょく,電波姫☆いまりちゃん / さくらこはダムです / メル子大先生 / 明日香大明神 / 甲羅暮らしの201号,complete
5,153,em-9d120ca3b0c7,えっぐん,4,350,500,5,revive,-0.1181,-0.1945,0.6181,0.7361,ラグーン☆南 / さくらこはダムです / ポディアさま / クレリゴス子様 / えっぐん,電波姫☆いまりちゃん / さくらこはダムです / メル子大先生 / 明日香大明神 / 甲羅暮らしの201号,complete
5,154,em-c6f8e46c29ae,えんじぇるん,5,450,650,5,revive,-0.1181,-0.1945,0.6181,0.7361,ラグーン☆南 / さくらこはダムです / ポディアさま / クレリゴス子様 / えんじぇるん,電波姫☆いまりちゃん / さくらこはダムです / メル子大先生 / 明日香大明神 / 甲羅暮らしの201号,complete
5,155,em-5a81e8231a65,宗像スリーピース,39,4601,4089,5,aoe_attack,-0.125,-0.1952,0.6111,0.7361,電波姫☆いまりちゃん / ペーチパイセン / メル子大先生 / 明日香大明神 / 宗像スリーピース,電波姫☆いまりちゃん / さくらこはダムです / メル子大先生 / 明日香大明神 / 甲羅暮らしの201号,complete
5,156,em-387c8b9a99b8,ﾐｼｼｯぴぃ！201号,16,2047,2047,6,guard,-0.125,-0.1952,0.6111,0.7361,電波姫☆いまりちゃん / 一葉ちゃんは作家さん / メル子大先生 / 明日香大明神 / ﾐｼｼｯぴぃ！201号,電波姫☆いまりちゃん / さくらこはダムです / メル子大先生 / 明日香大明神 / 甲羅暮らしの201号,complete
5,157,em-144424b04d69,あろまさん,5,450,650,4,revive,-0.1181,-0.1956,0.6181,0.7361,ラグーン☆南 / さくらこはダムです / ポディアさま / クレリゴス子様 / あろまさん,電波姫☆いまりちゃん / さくらこはダムです / メル子大先生 / 明日香大明神 / 甲羅暮らしの201号,complete
5,158,em-72f5e94185a5,MAIKOちゃん,34,3834,3834,6,attribute_guard,-0.1458,-0.1956,0.5903,0.7361,電波姫☆いまりちゃん / さくらこはダムです / メル子大先生 / 明日香大明神 / MAIKOちゃん,電波姫☆いまりちゃん / さくらこはダムです / メル子大先生 / 明日香大明神 / 甲羅暮らしの201号,complete
5,159,em-01a16cce900c,伝説のロロちゃん,35,3748,3067,5,attack_buff,-0.1458,-0.1956,0.5903,0.7361,電波姫☆いまりちゃん / さくらこはダムです / メル子大先生 / 明日香大明神 / 伝説のロロちゃん,電波姫☆いまりちゃん / さくらこはダムです / メル子大先生 / 明日香大明神 / 甲羅暮らしの201号,complete
5,160,em-d239e5e972de,ズンビーフック,17,2012,3220,4,multi_hit_attack,-0.125,-0.1963,0.6111,0.7361,電波姫☆いまりちゃん / 一葉ちゃんは作家さん / メル子大先生 / 明日香大明神 / ズンビーフック,電波姫☆いまりちゃん / さくらこはダムです / メル子大先生 / 明日香大明神 / 甲羅暮らしの201号,complete
5,161,em-9b80b58d5f7b,とげぬきさん,5,298,317,7,revive,-0.125,-0.1963,0.6111,0.7361,バンクロ・フッド / ペーチパイセン / ポディアさま / クレリゴス子様 / とげぬきさん,電波姫☆いまりちゃん / さくらこはダムです / メル子大先生 / 明日香大明神 / 甲羅暮らしの201号,complete
5,162,em-4299af9bd2dc,皐月むりょく,4,614,614,6,skill_reduction,-0.1181,-0.1966,0.6181,0.7361,ラグーン☆南 / さくらこはダムです / ポディアさま / クレリゴス子様 / 皐月むりょく,電波姫☆いまりちゃん / さくらこはダムです / メル子大先生 / 明日香大明神 / 甲羅暮らしの201号,partial-skill-support
5,163,em-a787bb59ceca,トキシッくん,5,600,500,4,revive,-0.1181,-0.1966,0.6181,0.7361,ラグーン☆南 / さくらこはダムです / ポディアさま / クレリゴス子様 / トキシッくん,電波姫☆いまりちゃん / さくらこはダムです / メル子大先生 / 明日香大明神 / 甲羅暮らしの201号,complete
5,164,em-fb6292300fc0,妖怪おたべ,5,525,455,4,delay,-0.1181,-0.1966,0.6181,0.7361,ラグーン☆南 / さくらこはダムです / ポディアさま / クレリゴス子様 / 妖怪おたべ,電波姫☆いまりちゃん / さくらこはダムです / メル子大先生 / 明日香大明神 / 甲羅暮らしの201号,partial-skill-support
5,165,em-525fc1b65a26,吉野スライム,4,411,209,5,guard,-0.1181,-0.1966,0.6181,0.7361,ラグーン☆南 / さくらこはダムです / ポディアさま / クレリゴス子様 / 吉野スライム,電波姫☆いまりちゃん / さくらこはダムです / メル子大先生 / 明日香大明神 / 甲羅暮らしの201号,complete
5,166,em-e275020a88a0,あん子ちゃん,4,289,300,4,heal,-0.1181,-0.1966,0.6181,0.7361,ラグーン☆南 / さくらこはダムです / ポディアさま / クレリゴス子様 / あん子ちゃん,電波姫☆いまりちゃん / さくらこはダムです / メル子大先生 / 明日香大明神 / 甲羅暮らしの201号,complete
5,167,em-24ccb3f9affa,むりょく,5,159,144,5,guard,-0.1181,-0.1966,0.6181,0.7361,ラグーン☆南 / さくらこはダムです / ポディアさま / クレリゴス子様 / むりょく,電波姫☆いまりちゃん / さくらこはダムです / メル子大先生 / 明日香大明神 / 甲羅暮らしの201号,complete
5,168,em-addae93a6fe9,ニート,5,314,296,5,attribute_guard,-0.1181,-0.1966,0.6181,0.7361,ラグーン☆南 / さくらこはダムです / ポディアさま / クレリゴス子様 / ニート,電波姫☆いまりちゃん / さくらこはダムです / メル子大先生 / 明日香大明神 / 甲羅暮らしの201号,complete
5,169,em-e535034b31b0,吉野スライマー,5,495,305,5,guard,-0.1181,-0.1966,0.6181,0.7361,ラグーン☆南 / さくらこはダムです / ポディアさま / クレリゴス子様 / 吉野スライマー,電波姫☆いまりちゃん / さくらこはダムです / メル子大先生 / 明日香大明神 / 甲羅暮らしの201号,complete
5,170,em-5e6cf1fe4c4c,まそお姉ちゃん,15,2898,3059,5,attack_buff,-0.125,-0.1974,0.6111,0.7361,電波姫☆いまりちゃん / 一葉ちゃんは作家さん / メル子大先生 / 明日香大明神 / まそお姉ちゃん,電波姫☆いまりちゃん / さくらこはダムです / メル子大先生 / 明日香大明神 / 甲羅暮らしの201号,complete
5,171,em-7ff2fa346c81,児玉三兄弟,23,1932,2093,6,multi_hit_attack,-0.125,-0.1974,0.6111,0.7361,電波姫☆いまりちゃん / 一葉ちゃんは作家さん / メル子大先生 / 明日香大明神 / 児玉三兄弟,電波姫☆いまりちゃん / さくらこはダムです / メル子大先生 / 明日香大明神 / 甲羅暮らしの201号,complete
5,172,em-ce8b728f96f9,ぜんまる,3,450,250,7,attack_buff,-0.125,-0.1974,0.6111,0.7361,ハラショー☆ビッツェ / 一葉ちゃんは作家さん / ポディアさま / クレリゴス子様 / ぜんまる,電波姫☆いまりちゃん / さくらこはダムです / メル子大先生 / 明日香大明神 / 甲羅暮らしの201号,complete
5,173,em-1c55e9acc3aa,水戸Come On!,32,3493,3237,4,delay,-0.1528,-0.1978,0.5833,0.7361,電波姫☆いまりちゃん / さくらこはダムです / メル子大先生 / 明日香大明神 / 水戸Come On!,電波姫☆いまりちゃん / さくらこはダムです / メル子大先生 / 明日香大明神 / 甲羅暮らしの201号,partial-skill-support
5,174,em-5b018e628ca0,道化師・コシャレ,32,3703,4669,5,delay,-0.1528,-0.1978,0.5833,0.7361,電波姫☆いまりちゃん / さくらこはダムです / メル子大先生 / 明日香大明神 / 道化師・コシャレ,電波姫☆いまりちゃん / さくらこはダムです / メル子大先生 / 明日香大明神 / 甲羅暮らしの201号,partial-skill-support
5,175,em-5861838d2e36,ばうあー泥棒,35,4771,3033,4,attack_buff,-0.1528,-0.1978,0.5833,0.7361,電波姫☆いまりちゃん / さくらこはダムです / メル子大先生 / 明日香大明神 / ばうあー泥棒,電波姫☆いまりちゃん / さくらこはダムです / メル子大先生 / 明日香大明神 / 甲羅暮らしの201号,complete
5,176,em-f9ed70b034c7,チロ江さん,16,3020,1510,6,multi_hit_attack,-0.125,-0.1985,0.6111,0.7361,電波姫☆いまりちゃん / 一葉ちゃんは作家さん / メル子大先生 / 明日香大明神 / チロ江さん,電波姫☆いまりちゃん / さくらこはダムです / メル子大先生 / 明日香大明神 / 甲羅暮らしの201号,complete
5,177,em-ed807b4afc1b,ぜんまるくん,5,550,350,6,attack_buff,-0.125,-0.1985,0.6111,0.7361,ラグーン☆南 / さくらこはダムです / ポディアさま / クレリゴス子様 / ぜんまるくん,電波姫☆いまりちゃん / さくらこはダムです / メル子大先生 / 明日香大明神 / 甲羅暮らしの201号,complete
5,178,em-4586795c80d9,スノーガイ,7,1500,300,4,attack_buff,-0.125,-0.1985,0.6111,0.7361,黍deギャリソン / さくらこはダムです / ポディアさま / クレリゴス子様 / スノーガイ,電波姫☆いまりちゃん / さくらこはダムです / メル子大先生 / 明日香大明神 / 甲羅暮らしの201号,complete
5,179,em-a363fce734f3,今週のさだわん,7,500,480,4,damage_reduction,-0.125,-0.1985,0.6111,0.7361,黍deギャリソン / さくらこはダムです / ポディアさま / クレリゴス子様 / 今週のさだわん,電波姫☆いまりちゃん / さくらこはダムです / メル子大先生 / 明日香大明神 / 甲羅暮らしの201号,complete
5,180,em-bd76ebc15c89,カンテツ,15,1610,3220,5,heal,-0.1319,-0.1989,0.6042,0.7361,電波姫☆いまりちゃん / 一葉ちゃんは作家さん / メル子大先生 / 明日香大明神 / カンテツ,電波姫☆いまりちゃん / さくらこはダムです / メル子大先生 / 明日香大明神 / 甲羅暮らしの201号,complete
5,181,em-2697b5e55b56,あろまちゃん+空気,6,650,700,4,revive,-0.125,-0.1996,0.6111,0.7361,黍deギャリソン / さくらこはダムです / ポディアさま / クレリゴス子様 / あろまちゃん+空気,電波姫☆いまりちゃん / さくらこはダムです / メル子大先生 / 明日香大明神 / 甲羅暮らしの201号,complete
5,182,em-0a88e828f44f,あずま京子,7,500,500,4,damage_reduction,-0.125,-0.1996,0.6111,0.7361,黍deギャリソン / さくらこはダムです / ポディアさま / クレリゴス子様 / あずま京子,電波姫☆いまりちゃん / さくらこはダムです / メル子大先生 / 明日香大明神 / 甲羅暮らしの201号,complete
5,183,em-62efa937d743,素敵なびわ子たん,7,500,480,4,damage_reduction,-0.125,-0.1996,0.6111,0.7361,黍deギャリソン / さくらこはダムです / ポディアさま / クレリゴス子様 / 素敵なびわ子たん,電波姫☆いまりちゃん / さくらこはダムです / メル子大先生 / 明日香大明神 / 甲羅暮らしの201号,complete
5,184,em-dd6851927e3d,青竜ねっつ,4,354,396,6,heal,-0.125,-0.1996,0.6111,0.7361,ラグーン☆南 / さくらこはダムです / ポディアさま / クレリゴス子様 / 青竜ねっつ,電波姫☆いまりちゃん / さくらこはダムです / メル子大先生 / 明日香大明神 / 甲羅暮らしの201号,complete
5,185,em-c80fd39e59c5,謙信どの,22,2898,2898,5,aoe_attack,-0.125,-0.1996,0.6111,0.7361,電波姫☆いまりちゃん / 一葉ちゃんは作家さん / メル子大先生 / 明日香大明神 / 謙信どの,電波姫☆いまりちゃん / さくらこはダムです / メル子大先生 / 明日香大明神 / 甲羅暮らしの201号,complete
5,186,em-4d09d9c4c995,朱雀ねっつ,5,335,305,6,revive,-0.125,-0.1996,0.6111,0.7361,ラグーン☆南 / さくらこはダムです / ポディアさま / クレリゴス子様 / 朱雀ねっつ,電波姫☆いまりちゃん / さくらこはダムです / メル子大先生 / 明日香大明神 / 甲羅暮らしの201号,complete
5,187,em-1555cadff0cf,おぅぼっと,6,800,300,4,damage_reduction,-0.125,-0.1996,0.6111,0.7361,黍deギャリソン / さくらこはダムです / ポディアさま / クレリゴス子様 / おぅぼっと,電波姫☆いまりちゃん / さくらこはダムです / メル子大先生 / 明日香大明神 / 甲羅暮らしの201号,complete
5,188,em-83688c447c1d,金色どーもくん,6,600,500,7,revive,-0.125,-0.1996,0.6111,0.7361,黍deギャリソン / さくらこはダムです / ポディアさま / クレリゴス子様 / 金色どーもくん,電波姫☆いまりちゃん / さくらこはダムです / メル子大先生 / 明日香大明神 / 甲羅暮らしの201号,complete
5,189,em-6588c893ceb4,船師かっさーのん,3,300,400,6,attack_buff,-0.125,-0.2007,0.6111,0.7361,ラグーン☆南 / さくらこはダムです / ポディアさま / クレリゴス子様 / 船師かっさーのん,電波姫☆いまりちゃん / さくらこはダムです / メル子大先生 / 明日香大明神 / 甲羅暮らしの201号,complete
5,190,em-a6d7f70a4c90,ガハラ先輩,5,650,450,5,attack_buff,-0.125,-0.2007,0.6111,0.7361,ラグーン☆南 / さくらこはダムです / ポディアさま / クレリゴス子様 / ガハラ先輩,電波姫☆いまりちゃん / さくらこはダムです / メル子大先生 / 明日香大明神 / 甲羅暮らしの201号,complete
5,191,em-f9bf1a75faf1,カステーラさん,5,420,360,4,heal,-0.125,-0.2007,0.6111,0.7361,ラグーン☆南 / さくらこはダムです / ポディアさま / クレリゴス子様 / カステーラさん,電波姫☆いまりちゃん / さくらこはダムです / メル子大先生 / 明日香大明神 / 甲羅暮らしの201号,complete
5,192,em-24c2d1e7a74d,悦子ちゃん,6,650,700,4,revive,-0.125,-0.2007,0.6111,0.7361,黍deギャリソン / さくらこはダムです / ポディアさま / クレリゴス子様 / 悦子ちゃん,電波姫☆いまりちゃん / さくらこはダムです / メル子大先生 / 明日香大明神 / 甲羅暮らしの201号,complete
5,193,em-24bc93c4e1b7,アルパカの可能性,7,900,380,5,heal,-0.125,-0.2007,0.6111,0.7361,黍deギャリソン / さくらこはダムです / ポディアさま / クレリゴス子様 / アルパカの可能性,電波姫☆いまりちゃん / さくらこはダムです / メル子大先生 / 明日香大明神 / 甲羅暮らしの201号,complete
5,194,em-2f505dd0418a,とちぎソウル,4,150,400,5,attack_buff,-0.125,-0.2017,0.6111,0.7361,ラグーン☆南 / さくらこはダムです / ポディアさま / クレリゴス子様 / とちぎソウル,電波姫☆いまりちゃん / さくらこはダムです / メル子大先生 / 明日香大明神 / 甲羅暮らしの201号,complete
5,195,em-1a3ab3b1acf7,聖☆いんてぃないか,19,2817,2334,4,aoe_attack,-0.125,-0.2017,0.6111,0.7361,電波姫☆いまりちゃん / 一葉ちゃんは作家さん / メル子大先生 / 明日香大明神 / 聖☆いんてぃないか,電波姫☆いまりちゃん / さくらこはダムです / メル子大先生 / 明日香大明神 / 甲羅暮らしの201号,complete
5,196,em-0538af812aaf,さなこちゃん,3,300,400,5,delay,-0.125,-0.2017,0.6111,0.7361,ラグーン☆南 / さくらこはダムです / ポディアさま / クレリゴス子様 / さなこちゃん,電波姫☆いまりちゃん / さくらこはダムです / メル子大先生 / 明日香大明神 / 甲羅暮らしの201号,partial-skill-support
5,197,em-172b59ddb28b,白虎ニート,4,314,296,5,attack_buff,-0.125,-0.2017,0.6111,0.7361,ラグーン☆南 / さくらこはダムです / ポディアさま / クレリゴス子様 / 白虎ニート,電波姫☆いまりちゃん / さくらこはダムです / メル子大先生 / 明日香大明神 / 甲羅暮らしの201号,complete
5,198,em-1ae3b1da454a,白虎ねっつ,4,306,297,5,attack_buff,-0.125,-0.2017,0.6111,0.7361,ラグーン☆南 / さくらこはダムです / ポディアさま / クレリゴス子様 / 白虎ねっつ,電波姫☆いまりちゃん / さくらこはダムです / メル子大先生 / 明日香大明神 / 甲羅暮らしの201号,complete
5,199,em-2e5ec7f48778,たこ焼きーナ,4,136,566,4,attack_buff,-0.125,-0.2017,0.6111,0.7361,ラグーン☆南 / さくらこはダムです / ポディアさま / クレリゴス子様 / たこ焼きーナ,電波姫☆いまりちゃん / さくらこはダムです / メル子大先生 / 明日香大明神 / 甲羅暮らしの201号,complete
5,200,em-827735a9a9c0,さくどん,4,312,300,7,delay,-0.125,-0.2017,0.6111,0.7361,ラグーン☆南 / さくらこはダムです / ポディアさま / クレリゴス子様 / さくどん,電波姫☆いまりちゃん / さくらこはダムです / メル子大先生 / 明日香大明神 / 甲羅暮らしの201号,partial-skill-support
5,201,em-837d909d76bf,ぼこたそ,4,287,312,4,delay,-0.125,-0.2017,0.6111,0.7361,ラグーン☆南 / さくらこはダムです / ポディアさま / クレリゴス子様 / ぼこたそ,電波姫☆いまりちゃん / さくらこはダムです / メル子大先生 / 明日香大明神 / 甲羅暮らしの201号,partial-skill-support
5,202,em-8baac39d10ec,鈴鹿一郎,4,85,517,5,attack_buff,-0.125,-0.2017,0.6111,0.7361,ラグーン☆南 / さくらこはダムです / ポディアさま / クレリゴス子様 / 鈴鹿一郎,電波姫☆いまりちゃん / さくらこはダムです / メル子大先生 / 明日香大明神 / 甲羅暮らしの201号,complete
5,203,em-e674dd0faa0d,掘joy二号,4,400,400,6,skill_reduction,-0.125,-0.2017,0.6111,0.7361,ラグーン☆南 / さくらこはダムです / ポディアさま / クレリゴス子様 / 掘joy二号,電波姫☆いまりちゃん / さくらこはダムです / メル子大先生 / 明日香大明神 / 甲羅暮らしの201号,partial-skill-support
5,204,em-e90b76cf6268,掘joy一号,4,286,311,6,skill_reduction,-0.125,-0.2017,0.6111,0.7361,ラグーン☆南 / さくらこはダムです / ポディアさま / クレリゴス子様 / 掘joy一号,電波姫☆いまりちゃん / さくらこはダムです / メル子大先生 / 明日香大明神 / 甲羅暮らしの201号,partial-skill-support
5,205,em-243b7473214e,成長期さくどん,5,410,370,7,delay,-0.125,-0.2017,0.6111,0.7361,ラグーン☆南 / さくらこはダムです / ポディアさま / クレリゴス子様 / 成長期さくどん,電波姫☆いまりちゃん / さくらこはダムです / メル子大先生 / 明日香大明神 / 甲羅暮らしの201号,partial-skill-support
5,206,em-2a3bca112594,一本のうっぴー,5,400,450,5,skill_reduction,-0.125,-0.2017,0.6111,0.7361,ラグーン☆南 / さくらこはダムです / ポディアさま / クレリゴス子様 / 一本のうっぴー,電波姫☆いまりちゃん / さくらこはダムです / メル子大先生 / 明日香大明神 / 甲羅暮らしの201号,partial-skill-support
5,207,em-8d1bebbead3e,たこ焼きーナ先輩,5,192,840,4,attack_buff,-0.125,-0.2017,0.6111,0.7361,ラグーン☆南 / さくらこはダムです / ポディアさま / クレリゴス子様 / たこ焼きーナ先輩,電波姫☆いまりちゃん / さくらこはダムです / メル子大先生 / 明日香大明神 / 甲羅暮らしの201号,complete
5,208,em-a5062fe00935,座敷(藁)氏,5,200,400,4,delay,-0.125,-0.2017,0.6111,0.7361,ラグーン☆南 / さくらこはダムです / ポディアさま / クレリゴス子様 / 座敷(藁)氏,電波姫☆いまりちゃん / さくらこはダムです / メル子大先生 / 明日香大明神 / 甲羅暮らしの201号,partial-skill-support
5,209,em-c011a42d2f7f,さなこさん,5,400,500,5,delay,-0.125,-0.2017,0.6111,0.7361,ラグーン☆南 / さくらこはダムです / ポディアさま / クレリゴス子様 / さなこさん,電波姫☆いまりちゃん / さくらこはダムです / メル子大先生 / 明日香大明神 / 甲羅暮らしの201号,partial-skill-support
5,210,em-e1d73e4ee9e2,鈴鹿次郎,5,170,610,5,attack_buff,-0.125,-0.2017,0.6111,0.7361,ラグーン☆南 / さくらこはダムです / ポディアさま / クレリゴス子様 / 鈴鹿次郎,電波姫☆いまりちゃん / さくらこはダムです / メル子大先生 / 明日香大明神 / 甲羅暮らしの201号,complete
5,211,em-2741e80418d1,小町さま,18,1887,1887,5,aoe_attack,-0.1319,-0.2024,0.6042,0.7361,電波姫☆いまりちゃん / 一葉ちゃんは作家さん / メル子大先生 / 明日香大明神 / 小町さま,電波姫☆いまりちゃん / さくらこはダムです / メル子大先生 / 明日香大明神 / 甲羅暮らしの201号,complete
5,212,em-7f4209b23c36,狐狗狸コックス,15,805,4025,4,revive,-0.1389,-0.2025,0.5972,0.7361,電波姫☆いまりちゃん / メムノン２８号 / すわ子isGOD！ / おあげさん / 狐狗狸コックス,電波姫☆いまりちゃん / さくらこはダムです / メル子大先生 / 明日香大明神 / 甲羅暮らしの201号,complete
5,213,em-388ef9e0ef27,四番ササニキ,13,800,700,6,aoe_attack,-0.125,-0.2028,0.6111,0.7361,ハラショー☆ビッツェ / さくらこはダムです / ポディアさま / クレリゴス子様 / 四番ササニキ,電波姫☆いまりちゃん / さくらこはダムです / メル子大先生 / 明日香大明神 / 甲羅暮らしの201号,complete
5,214,em-6722337c6d78,雨降る倉敷のみかん姐,15,2718,1963,4,aoe_attack,-0.1319,-0.2035,0.6042,0.7361,電波姫☆いまりちゃん / 一葉ちゃんは作家さん / メル子大先生 / 明日香大明神 / 雨降る倉敷のみかん姐,電波姫☆いまりちゃん / さくらこはダムです / メル子大先生 / 明日香大明神 / 甲羅暮らしの201号,complete
5,215,em-94283a1459c4,充実☆エンジェる道！,15,1610,1914,4,attack_buff,-0.1319,-0.2035,0.6042,0.7361,電波姫☆いまりちゃん / 一葉ちゃんは作家さん / メル子大先生 / 明日香大明神 / 充実☆エンジェる道！,電波姫☆いまりちゃん / さくらこはダムです / メル子大先生 / 明日香大明神 / 甲羅暮らしの201号,complete
5,216,em-f7db929b2ed5,シャボテンの世界,17,1510,1812,5,revive,-0.1319,-0.2035,0.6042,0.7361,電波姫☆いまりちゃん / 一葉ちゃんは作家さん / メル子大先生 / 明日香大明神 / シャボテンの世界,電波姫☆いまりちゃん / さくらこはダムです / メル子大先生 / 明日香大明神 / 甲羅暮らしの201号,complete
5,217,em-ceac25f15ae4,桜レンジャーズ,35,3843,4013,5,aoe_attack,-0.1319,-0.2035,0.6042,0.7361,電波姫☆いまりちゃん / ペーチパイセン / メル子大先生 / 明日香大明神 / 桜レンジャーズ,電波姫☆いまりちゃん / さくらこはダムです / メル子大先生 / 明日香大明神 / 甲羅暮らしの201号,complete
5,218,em-458c94f99220,ほたるーニャ,3,350,500,5,attribute_change,-0.1319,-0.2035,0.6042,0.7361,ハラショー☆ビッツェ / 一葉ちゃんは作家さん / ポディアさま / クレリゴス子様 / ほたるーニャ,電波姫☆いまりちゃん / さくらこはダムです / メル子大先生 / 明日香大明神 / 甲羅暮らしの201号,complete
5,219,em-547d0e27e1f1,魚堅くん,3,400,500,7,skill_reduction,-0.125,-0.2038,0.6111,0.7361,ラグーン☆南 / さくらこはダムです / ポディアさま / クレリゴス子様 / 魚堅くん,電波姫☆いまりちゃん / さくらこはダムです / メル子大先生 / 明日香大明神 / 甲羅暮らしの201号,partial-skill-support
5,220,em-ae6ea6bc1914,ズースくん,3,500,400,4,attack_buff,-0.125,-0.2038,0.6111,0.7361,ラグーン☆南 / さくらこはダムです / ポディアさま / クレリゴス子様 / ズースくん,電波姫☆いまりちゃん / さくらこはダムです / メル子大先生 / 明日香大明神 / 甲羅暮らしの201号,complete
5,221,em-d64cb9cf5bb3,それマジカ,3,350,500,5,attribute_guard,-0.125,-0.2038,0.6111,0.7361,ラグーン☆南 / さくらこはダムです / ポディアさま / クレリゴス子様 / それマジカ,電波姫☆いまりちゃん / さくらこはダムです / メル子大先生 / 明日香大明神 / 甲羅暮らしの201号,complete
5,222,em-144acde7efe5,魚臣！又土くん,4,500,650,7,skill_reduction,-0.125,-0.2038,0.6111,0.7361,ラグーン☆南 / さくらこはダムです / ポディアさま / クレリゴス子様 / 魚臣！又土くん,電波姫☆いまりちゃん / さくらこはダムです / メル子大先生 / 明日香大明神 / 甲羅暮らしの201号,partial-skill-support
5,223,em-671838a10625,皐月ニート,4,614,614,6,skill_reduction,-0.125,-0.2038,0.6111,0.7361,ラグーン☆南 / さくらこはダムです / ポディアさま / クレリゴス子様 / 皐月ニート,電波姫☆いまりちゃん / さくらこはダムです / メル子大先生 / 明日香大明神 / 甲羅暮らしの201号,partial-skill-support
5,224,em-6f9254f46753,うわマジカ,4,450,650,4,attribute_guard,-0.125,-0.2038,0.6111,0.7361,ラグーン☆南 / さくらこはダムです / ポディアさま / クレリゴス子様 / うわマジカ,電波姫☆いまりちゃん / さくらこはダムです / メル子大先生 / 明日香大明神 / 甲羅暮らしの201号,complete
5,225,em-0f9cbc48c65a,船党かっさーのん,5,400,500,5,attack_buff,-0.125,-0.2038,0.6111,0.7361,ラグーン☆南 / さくらこはダムです / ポディアさま / クレリゴス子様 / 船党かっさーのん,電波姫☆いまりちゃん / さくらこはダムです / メル子大先生 / 明日香大明神 / 甲羅暮らしの201号,complete
5,226,em-5793db0a4078,リンゴール伯爵,5,700,600,4,delay,-0.125,-0.2038,0.6111,0.7361,ラグーン☆南 / さくらこはダムです / ポディアさま / クレリゴス子様 / リンゴール伯爵,電波姫☆いまりちゃん / さくらこはダムです / メル子大先生 / 明日香大明神 / 甲羅暮らしの201号,partial-skill-support
5,227,em-a0762b5d76ab,シーラちゃん,5,600,550,4,attack_buff,-0.125,-0.2038,0.6111,0.7361,ラグーン☆南 / さくらこはダムです / ポディアさま / クレリゴス子様 / シーラちゃん,電波姫☆いまりちゃん / さくらこはダムです / メル子大先生 / 明日香大明神 / 甲羅暮らしの201号,complete
5,228,em-d8349efcae1b,鰹でよくね?,5,700,700,7,skill_reduction,-0.125,-0.2038,0.6111,0.7361,ラグーン☆南 / さくらこはダムです / ポディアさま / クレリゴス子様 / 鰹でよくね?,電波姫☆いまりちゃん / さくらこはダムです / メル子大先生 / 明日香大明神 / 甲羅暮らしの201号,partial-skill-support
5,229,em-1287aab83f7d,驚愕！深海のあん子,5,400,400,4,heal,-0.125,-0.2038,0.6111,0.7361,ラグーン☆南 / さくらこはダムです / ポディアさま / クレリゴス子様 / 驚愕！深海のあん子,電波姫☆いまりちゃん / さくらこはダムです / メル子大先生 / 明日香大明神 / 甲羅暮らしの201号,complete
5,230,em-32f3aa536bcf,境地！絶海のあん子,7,502,488,4,heal,-0.125,-0.2038,0.6111,0.7361,黍deギャリソン / さくらこはダムです / ポディアさま / クレリゴス子様 / 境地！絶海のあん子,電波姫☆いまりちゃん / さくらこはダムです / メル子大先生 / 明日香大明神 / 甲羅暮らしの201号,complete
5,231,em-70e79fbffe3c,怪人エビユルゲ,3,305,297,4,attribute_change,-0.125,-0.2038,0.6111,0.7361,ラグーン☆南 / さくらこはダムです / ポディアさま / クレリゴス子様 / 怪人エビユルゲ,電波姫☆いまりちゃん / さくらこはダムです / メル子大先生 / 明日香大明神 / 甲羅暮らしの201号,complete
5,232,em-4090b70a0b17,さくらこちゃん,4,495,215,4,attribute_guard,-0.125,-0.2038,0.6111,0.7361,ラグーン☆南 / さくらこはダムです / ポディアさま / クレリゴス子様 / さくらこちゃん,電波姫☆いまりちゃん / さくらこはダムです / メル子大先生 / 明日香大明神 / 甲羅暮らしの201号,complete
5,233,em-8ed9900f451e,めい子ちゃん,4,281,309,5,attribute_guard,-0.125,-0.2038,0.6111,0.7361,ラグーン☆南 / さくらこはダムです / ポディアさま / クレリゴス子様 / めい子ちゃん,電波姫☆いまりちゃん / さくらこはダムです / メル子大先生 / 明日香大明神 / 甲羅暮らしの201号,complete
5,234,em-31da7ca7be23,安倍晴明,40,3919,4566,4,revive,-0.1528,-0.2044,0.5833,0.7361,電波姫☆いまりちゃん / どんこ太郎 / すわ子isGOD！ / 明日香大明神 / 安倍晴明,電波姫☆いまりちゃん / さくらこはダムです / メル子大先生 / 明日香大明神 / 甲羅暮らしの201号,complete
5,235,em-28f21b6f00d7,玉藻さん,5,500,650,4,attribute_guard,-0.1319,-0.2047,0.6042,0.7361,ラグーン☆南 / さくらこはダムです / ポディアさま / クレリゴス子様 / 玉藻さん,電波姫☆いまりちゃん / さくらこはダムです / メル子大先生 / 明日香大明神 / 甲羅暮らしの201号,complete
5,236,em-00c11732c5ef,伊予まつぴちゅーん,7,1762,634,4,skill_reduction,-0.1319,-0.2047,0.6042,0.7361,黍deギャリソン / さくらこはダムです / ポディアさま / クレリゴス子様 / 伊予まつぴちゅーん,電波姫☆いまりちゃん / さくらこはダムです / メル子大先生 / 明日香大明神 / 甲羅暮らしの201号,partial-skill-support
5,237,em-ba817035b6a5,ハクさんの本気,38,4601,4089,5,attack_buff,-0.1389,-0.2049,0.5972,0.7361,電波姫☆いまりちゃん / ペーチパイセン / メル子大先生 / 明日香大明神 / ハクさんの本気,電波姫☆いまりちゃん / さくらこはダムです / メル子大先生 / 明日香大明神 / 甲羅暮らしの201号,complete
5,238,em-3931715bffec,地味な大仏,7,500,500,4,attack_buff,-0.1389,-0.2049,0.5972,0.7361,電波姫☆いまりちゃん / ゴロウ / ポディアさま / クレリゴス子様 / 地味な大仏,電波姫☆いまりちゃん / さくらこはダムです / メル子大先生 / 明日香大明神 / 甲羅暮らしの201号,complete
5,239,em-d9d5f56bc25e,マダム・P・コウテイ,23,4543,1986,5,skill_reduction,-0.1389,-0.2049,0.5972,0.7361,電波姫☆いまりちゃん / 一葉ちゃんは作家さん / 神使！ナモミさま / 明日香大明神 / マダム・P・コウテイ,電波姫☆いまりちゃん / さくらこはダムです / メル子大先生 / 明日香大明神 / 甲羅暮らしの201号,partial-skill-support
5,240,em-c42ef00ed018,ｗｗナレースワンｗｗ,25,2560,2584,4,delay,-0.1319,-0.2058,0.6042,0.7361,電波姫☆いまりちゃん / 一葉ちゃんは作家さん / 時のプラズマ / 明日香大明神 / ｗｗナレースワンｗｗ,電波姫☆いまりちゃん / さくらこはダムです / メル子大先生 / 明日香大明神 / 甲羅暮らしの201号,partial-skill-support
5,241,em-7ef2a0d30bcc,ケレント・ヴァニ江,26,3340,3510,6,delay,-0.1319,-0.2058,0.6042,0.7361,電波姫☆いまりちゃん / 一葉ちゃんは作家さん / 時のプラズマ / 明日香大明神 / ケレント・ヴァニ江,電波姫☆いまりちゃん / さくらこはダムです / メル子大先生 / 明日香大明神 / 甲羅暮らしの201号,partial-skill-support
5,242,em-5aedbdf577ac,霧子たん,7,312,300,8,revive,-0.1319,-0.2058,0.6042,0.7361,黍deギャリソン / さくらこはダムです / ポディアさま / クレリゴス子様 / 霧子たん,電波姫☆いまりちゃん / さくらこはダムです / メル子大先生 / 明日香大明神 / 甲羅暮らしの201号,complete
5,243,em-b7d11a89973d,どんこ三郎,7,510,470,4,heal,-0.1319,-0.2058,0.6042,0.7361,黍deギャリソン / さくらこはダムです / ポディアさま / クレリゴス子様 / どんこ三郎,電波姫☆いまりちゃん / さくらこはダムです / メル子大先生 / 明日香大明神 / 甲羅暮らしの201号,complete
5,244,em-634aa027562b,玄武,40,6816,2385,5,attack_buff,-0.1458,-0.2058,0.5903,0.7361,電波姫☆いまりちゃん / どんこ太郎 / すわ子isGOD！ / 明日香大明神 / 玄武,電波姫☆いまりちゃん / さくらこはダムです / メル子大先生 / 明日香大明神 / 甲羅暮らしの201号,complete
5,245,em-2d2362cea0d5,かんとさん,6,300,400,6,multi_hit_attack,-0.1389,-0.2061,0.5972,0.7361,黍deギャリソン / さくらこはダムです / ポディアさま / クレリゴス子様 / かんとさん,電波姫☆いまりちゃん / さくらこはダムです / メル子大先生 / 明日香大明神 / 甲羅暮らしの201号,complete
5,246,em-bb16895fa31d,ハルキさんとゲニアさん,26,3074,813,6,delay,-0.1319,-0.2068,0.6042,0.7361,電波姫☆いまりちゃん / 一葉ちゃんは作家さん / 時のプラズマ / 明日香大明神 / ハルキさんとゲニアさん,電波姫☆いまりちゃん / さくらこはダムです / メル子大先生 / 明日香大明神 / 甲羅暮らしの201号,partial-skill-support
5,247,em-94d8799def3b,発音鬼リチャード,17,2576,3220,4,aoe_attack,-0.1319,-0.2068,0.6042,0.7361,電波姫☆いまりちゃん / 一葉ちゃんは作家さん / メル子大先生 / 明日香大明神 / 発音鬼リチャード,電波姫☆いまりちゃん / さくらこはダムです / メル子大先生 / 明日香大明神 / 甲羅暮らしの201号,complete
5,248,em-2e5137a70580,やまとーる君,6,600,300,7,damage_reduction,-0.1319,-0.2068,0.6042,0.7361,黍deギャリソン / さくらこはダムです / ポディアさま / クレリゴス子様 / やまとーる君,電波姫☆いまりちゃん / さくらこはダムです / メル子大先生 / 明日香大明神 / 甲羅暮らしの201号,complete
5,249,em-58b6cf5f2d45,忍者！フゥーま,6,500,500,5,guard,-0.1319,-0.2068,0.6042,0.7361,黍deギャリソン / さくらこはダムです / ポディアさま / クレリゴス子様 / 忍者！フゥーま,電波姫☆いまりちゃん / さくらこはダムです / メル子大先生 / 明日香大明神 / 甲羅暮らしの201号,complete
5,250,em-a20c59ca87c1,Let's☆ハチ公,33,6560,1448,5,delay,-0.1597,-0.2068,0.5764,0.7361,電波姫☆いまりちゃん / さくらこはダムです / メル子大先生 / 明日香大明神 / Let's☆ハチ公,電波姫☆いまりちゃん / さくらこはダムです / メル子大先生 / 明日香大明神 / 甲羅暮らしの201号,partial-skill-support
5,251,em-41c5d9f739e4,健やか泰三,44,3052,5964,5,revive,-0.1458,-0.2071,0.5903,0.7361,電波姫☆いまりちゃん / どんこ太郎 / メル子大先生 / 明日香大明神 / 健やか泰三,電波姫☆いまりちゃん / さくらこはダムです / メル子大先生 / 明日香大明神 / 甲羅暮らしの201号,complete
5,252,em-74b9082a787c,暫時バル状態,19,2938,838,4,damage_reduction,-0.1389,-0.2073,0.5972,0.7361,電波姫☆いまりちゃん / 一葉ちゃんは作家さん / メル子大先生 / 明日香大明神 / 暫時バル状態,電波姫☆いまりちゃん / さくらこはダムです / メル子大先生 / 明日香大明神 / 甲羅暮らしの201号,complete
5,253,em-3e85387d97e5,荒ぶるこんにゃく,7,486,484,8,guard,-0.1319,-0.2079,0.6042,0.7361,黍deギャリソン / さくらこはダムです / ポディアさま / クレリゴス子様 / 荒ぶるこんにゃく,電波姫☆いまりちゃん / さくらこはダムです / メル子大先生 / 明日香大明神 / 甲羅暮らしの201号,complete
5,254,em-88669edc6480,京子はまだやれる！,10,718,694,4,damage_reduction,-0.1319,-0.2079,0.6042,0.7361,ハラショー☆ビッツェ / さくらこはダムです / ポディアさま / クレリゴス子様 / 京子はまだやれる！,電波姫☆いまりちゃん / さくらこはダムです / メル子大先生 / 明日香大明神 / 甲羅暮らしの201号,complete
5,255,em-1bd8d1f41e78,スクーグスローさん,44,4601,6349,4,revive,-0.1458,-0.2084,0.5903,0.7361,電波姫☆いまりちゃん / どんこ太郎 / メル子大先生 / 明日香大明神 / スクーグスローさん,電波姫☆いまりちゃん / さくらこはダムです / メル子大先生 / 明日香大明神 / 甲羅暮らしの201号,complete
5,256,em-28a4ccf4cbfc,ステンバーイちび蔵,24,596,3748,4,revive,-0.1458,-0.2084,0.5903,0.7361,電波姫☆いまりちゃん / 一葉ちゃんは作家さん / メル子大先生 / おあげさん / ステンバーイちび蔵,電波姫☆いまりちゃん / さくらこはダムです / メル子大先生 / 明日香大明神 / 甲羅暮らしの201号,complete
5,257,em-afce812f791d,めい子のMAY DAY,35,4123,4226,4,attribute_guard,-0.1458,-0.2084,0.5903,0.7361,電波姫☆いまりちゃん / ペーチパイセン / すわ子isGOD！ / 明日香大明神 / めい子のMAY DAY,電波姫☆いまりちゃん / さくらこはダムです / メル子大先生 / 明日香大明神 / 甲羅暮らしの201号,complete
5,258,em-2c08686a6d88,猿もの追い払いネキ,42,4171,3977,5,damage_reduction,-0.1458,-0.2084,0.5903,0.7361,電波姫☆いまりちゃん / どんこ太郎 / すわ子isGOD！ / 明日香大明神 / 猿もの追い払いネキ,電波姫☆いまりちゃん / さくらこはダムです / メル子大先生 / 明日香大明神 / 甲羅暮らしの201号,complete
5,259,em-294f61da0084,Ｃ・Ｃ☆電車姫,22,3741,1973,4,attack_buff,-0.1389,-0.2085,0.5972,0.7361,電波姫☆いまりちゃん / 一葉ちゃんは作家さん / メル子大先生 / 明日香大明神 / Ｃ・Ｃ☆電車姫,電波姫☆いまりちゃん / さくらこはダムです / メル子大先生 / 明日香大明神 / 甲羅暮らしの201号,complete
5,260,em-12386dff9bd5,サリエリ許さないマン,21,2827,2827,4,revive,-0.1389,-0.2085,0.5972,0.7361,電波姫☆いまりちゃん / 一葉ちゃんは作家さん / メル子大先生 / 明日香大明神 / サリエリ許さないマン,電波姫☆いまりちゃん / さくらこはダムです / メル子大先生 / 明日香大明神 / 甲羅暮らしの201号,complete
5,261,em-25185336f7f4,しょーかくん,5,400,500,7,multi_hit_attack,-0.1319,-0.2089,0.6042,0.7361,ラグーン☆南 / さくらこはダムです / ポディアさま / クレリゴス子様 / しょーかくん,電波姫☆いまりちゃん / さくらこはダムです / メル子大先生 / 明日香大明神 / 甲羅暮らしの201号,complete
5,262,em-d603cde2467a,ほたるーニャん,5,450,650,4,attribute_change,-0.1319,-0.2089,0.6042,0.7361,ラグーン☆南 / さくらこはダムです / ポディアさま / クレリゴス子様 / ほたるーニャん,電波姫☆いまりちゃん / さくらこはダムです / メル子大先生 / 明日香大明神 / 甲羅暮らしの201号,complete
5,263,em-60a47d17d0a2,座敷(笑)氏,3,150,300,5,delay,-0.1319,-0.2089,0.6042,0.7361,ラグーン☆南 / さくらこはダムです / ポディアさま / クレリゴス子様 / 座敷(笑)氏,電波姫☆いまりちゃん / さくらこはダムです / メル子大先生 / 明日香大明神 / 甲羅暮らしの201号,partial-skill-support
5,264,em-7b887f2a23db,ねっつ,5,306,297,5,attribute_guard,-0.1319,-0.2089,0.6042,0.7361,ラグーン☆南 / さくらこはダムです / ポディアさま / クレリゴス子様 / ねっつ,電波姫☆いまりちゃん / さくらこはダムです / メル子大先生 / 明日香大明神 / 甲羅暮らしの201号,complete
5,265,em-a6068b231beb,ハトラちゃん,10,299,1488,7,guard,-0.1319,-0.2089,0.6042,0.7361,ハラショー☆ビッツェ / さくらこはダムです / ポディアさま / クレリゴス子様 / ハトラちゃん,電波姫☆いまりちゃん / さくらこはダムです / メル子大先生 / 明日香大明神 / 甲羅暮らしの201号,complete
5,266,em-95b55d8d6292,宮子inTheスカイ,14,1685,1690,4,heal,-0.1319,-0.2089,0.6042,0.7361,ハラショー☆ビッツェ / さくらこはダムです / ポディアさま / クレリゴス子様 / 宮子inTheスカイ,電波姫☆いまりちゃん / さくらこはダムです / メル子大先生 / 明日香大明神 / 甲羅暮らしの201号,complete
5,267,em-306ef0a3ce60,大納言鮒麿,14,1812,1548,4,heal,-0.1528,-0.2089,0.5833,0.7361,電波姫☆いまりちゃん / 一葉ちゃんは作家さん / すわ子isGOD！ / 明日香大明神 / 大納言鮒麿,電波姫☆いまりちゃん / さくらこはダムです / メル子大先生 / 明日香大明神 / 甲羅暮らしの201号,complete
5,268,em-3bdc05dce56c,シャボテンコンビ,14,600,800,6,revive,-0.1389,-0.2096,0.5972,0.7361,電波姫☆いまりちゃん / 一葉ちゃんは作家さん / 時のプラズマ / ウサポワンちゃん / シャボテンコンビ,電波姫☆いまりちゃん / さくらこはダムです / メル子大先生 / 明日香大明神 / 甲羅暮らしの201号,complete
5,269,em-5116ae81bf04,猫をまといし者,38,4089,3332,5,damage_reduction,-0.1458,-0.2097,0.5903,0.7361,電波姫☆いまりちゃん / ペーチパイセン / メル子大先生 / 明日香大明神 / 猫をまといし者,電波姫☆いまりちゃん / さくらこはダムです / メル子大先生 / 明日香大明神 / 甲羅暮らしの201号,complete
5,270,em-8cafabee26c4,ホルトバージ君,22,5285,830,4,attack_buff,-0.1458,-0.2097,0.5903,0.7361,電波姫☆いまりちゃん / 一葉ちゃんは作家さん / 神使！ナモミさま / 明日香大明神 / ホルトバージ君,電波姫☆いまりちゃん / さくらこはダムです / メル子大先生 / 明日香大明神 / 甲羅暮らしの201号,complete
5,271,em-830856ac5a07,トキシッくん先輩,7,1000,800,4,revive,-0.1319,-0.21,0.6042,0.7361,黍deギャリソン / さくらこはダムです / ポディアさま / クレリゴス子様 / トキシッくん先輩,電波姫☆いまりちゃん / さくらこはダムです / メル子大先生 / 明日香大明神 / 甲羅暮らしの201号,complete
5,272,em-4eb01150430f,ミス・エズさん,9,1100,300,4,attribute_guard,-0.1319,-0.21,0.6042,0.7361,ハラショー☆ビッツェ / さくらこはダムです / ポディアさま / クレリゴス子様 / ミス・エズさん,電波姫☆いまりちゃん / さくらこはダムです / メル子大先生 / 明日香大明神 / 甲羅暮らしの201号,complete
5,273,em-9c344f264735,カロリスト・カル子,40,6999,2499,5,attribute_guard,-0.1528,-0.2103,0.5833,0.7361,電波姫☆いまりちゃん / どんこ太郎 / すわ子isGOD！ / 明日香大明神 / カロリスト・カル子,電波姫☆いまりちゃん / さくらこはダムです / メル子大先生 / 明日香大明神 / 甲羅暮らしの201号,complete
5,274,em-7e5ff582788f,INする★パンドラ,28,3059,1932,6,attribute_guard,-0.1667,-0.2105,0.5694,0.7361,電波姫☆いまりちゃん / さくらこはダムです / すわ子isGOD！ / 明日香大明神 / INする★パンドラ,電波姫☆いまりちゃん / さくらこはダムです / メル子大先生 / 明日香大明神 / 甲羅暮らしの201号,complete
5,275,em-4089c86a52af,夢奈・マコ,15,2470,1363,6,attribute_guard,-0.1389,-0.2107,0.5972,0.7361,電波姫☆いまりちゃん / 一葉ちゃんは作家さん / メル子大先生 / 明日香大明神 / 夢奈・マコ,電波姫☆いまりちゃん / さくらこはダムです / メル子大先生 / 明日香大明神 / 甲羅暮らしの201号,complete
5,276,em-049ada05607b,眠里　不可緒,16,3578,2315,5,attack_buff,-0.1389,-0.2107,0.5972,0.7361,電波姫☆いまりちゃん / 一葉ちゃんは作家さん / メル子大先生 / 明日香大明神 / 眠里　不可緒,電波姫☆いまりちゃん / さくらこはダムです / メル子大先生 / 明日香大明神 / 甲羅暮らしの201号,complete
5,277,em-61221298dafe,大内ちゃん,5,603,603,5,heal,-0.1319,-0.211,0.6042,0.7361,ラグーン☆南 / さくらこはダムです / ポディアさま / クレリゴス子様 / 大内ちゃん,電波姫☆いまりちゃん / さくらこはダムです / メル子大先生 / 明日香大明神 / 甲羅暮らしの201号,complete
5,278,em-b057fb6325c7,常飲！とちぎソウル,5,200,600,5,attack_buff,-0.1319,-0.211,0.6042,0.7361,ラグーン☆南 / さくらこはダムです / ポディアさま / クレリゴス子様 / 常飲！とちぎソウル,電波姫☆いまりちゃん / さくらこはダムです / メル子大先生 / 明日香大明神 / 甲羅暮らしの201号,complete
5,279,em-e660791c3950,めい子さん,5,400,400,5,attribute_guard,-0.1319,-0.211,0.6042,0.7361,ラグーン☆南 / さくらこはダムです / ポディアさま / クレリゴス子様 / めい子さん,電波姫☆いまりちゃん / さくらこはダムです / メル子大先生 / 明日香大明神 / 甲羅暮らしの201号,complete
5,280,em-939b27206a32,eっちゃん,7,1057,1198,4,revive,-0.1319,-0.211,0.6042,0.7361,黍deギャリソン / さくらこはダムです / ポディアさま / クレリゴス子様 / eっちゃん,電波姫☆いまりちゃん / さくらこはダムです / メル子大先生 / 明日香大明神 / 甲羅暮らしの201号,complete
5,281,em-af3decda6522,式部卿鮒麿,8,640,565,5,heal,-0.1528,-0.2117,0.5833,0.7361,ラグーン☆南 / ペーチパイセン / ポディアさま / クレリゴス子様 / 式部卿鮒麿,電波姫☆いまりちゃん / さくらこはダムです / メル子大先生 / 明日香大明神 / 甲羅暮らしの201号,complete
5,282,em-fe9fc4184474,聖えぇじゃないか,17,2817,2334,4,aoe_attack,-0.1389,-0.2119,0.5972,0.7361,電波姫☆いまりちゃん / 一葉ちゃんは作家さん / メル子大先生 / 明日香大明神 / 聖えぇじゃないか,電波姫☆いまりちゃん / さくらこはダムです / メル子大先生 / 明日香大明神 / 甲羅暮らしの201号,complete
5,283,em-33289e43e28b,ほたるーニャん☆ミ,7,650,700,4,attribute_change,-0.1389,-0.2119,0.5972,0.7361,黍deギャリソン / さくらこはダムです / ポディアさま / クレリゴス子様 / ほたるーニャん☆ミ,電波姫☆いまりちゃん / さくらこはダムです / メル子大先生 / 明日香大明神 / 甲羅暮らしの201号,complete
5,284,em-277268a73e58,三冠王ササニキ,16,1963,1208,6,aoe_attack,-0.1389,-0.2119,0.5972,0.7361,電波姫☆いまりちゃん / 一葉ちゃんは作家さん / メル子大先生 / 明日香大明神 / 三冠王ササニキ,電波姫☆いまりちゃん / さくらこはダムです / メル子大先生 / 明日香大明神 / 甲羅暮らしの201号,complete
5,285,em-63ceffbe70c1,鈴鹿三郎,6,270,710,5,attack_buff,-0.1389,-0.2119,0.5972,0.7361,黍deギャリソン / さくらこはダムです / ポディアさま / クレリゴス子様 / 鈴鹿三郎,電波姫☆いまりちゃん / さくらこはダムです / メル子大先生 / 明日香大明神 / 甲羅暮らしの201号,complete
5,286,em-424b8d57896a,エンジェル道子,6,600,700,4,attack_buff,-0.1389,-0.2119,0.5972,0.7361,黍deギャリソン / さくらこはダムです / ポディアさま / クレリゴス子様 / エンジェル道子,電波姫☆いまりちゃん / さくらこはダムです / メル子大先生 / 明日香大明神 / 甲羅暮らしの201号,complete
5,287,em-7462463c2c52,ぜんまるくんさん,6,800,500,5,attack_buff,-0.1389,-0.2119,0.5972,0.7361,黍deギャリソン / さくらこはダムです / ポディアさま / クレリゴス子様 / ぜんまるくんさん,電波姫☆いまりちゃん / さくらこはダムです / メル子大先生 / 明日香大明神 / 甲羅暮らしの201号,complete
5,288,em-901f5531754f,伊予まぁつぁん,6,1000,400,5,skill_reduction,-0.1389,-0.2119,0.5972,0.7361,黍deギャリソン / さくらこはダムです / ポディアさま / クレリゴス子様 / 伊予まぁつぁん,電波姫☆いまりちゃん / さくらこはダムです / メル子大先生 / 明日香大明神 / 甲羅暮らしの201号,partial-skill-support
5,289,em-c2c77765050a,赤銅とげぬきさん,7,400,400,6,revive,-0.1389,-0.2119,0.5972,0.7361,黍deギャリソン / さくらこはダムです / ポディアさま / クレリゴス子様 / 赤銅とげぬきさん,電波姫☆いまりちゃん / さくらこはダムです / メル子大先生 / 明日香大明神 / 甲羅暮らしの201号,complete
5,290,em-24d2ab142253,アグスティンさん,12,2869,1359,5,multi_hit_attack,-0.1389,-0.2129,0.5972,0.7361,電波姫☆いまりちゃん / メムノン２８号 / すわ子isGOD！ / 明日香大明神 / アグスティンさん,電波姫☆いまりちゃん / さくらこはダムです / メル子大先生 / 明日香大明神 / 甲羅暮らしの201号,complete
5,291,em-9467ad3af2e0,大杵社のユッフィー,19,1699,1699,5,attack_buff,-0.1389,-0.2129,0.5972,0.7361,電波姫☆いまりちゃん / 一葉ちゃんは作家さん / メル子大先生 / 明日香大明神 / 大杵社のユッフィー,電波姫☆いまりちゃん / さくらこはダムです / メル子大先生 / 明日香大明神 / 甲羅暮らしの201号,complete
5,292,em-17d2f7fce357,殉教者トッキー,12,800,800,5,attack_buff,-0.1389,-0.2129,0.5972,0.7361,ハラショー☆ビッツェ / さくらこはダムです / ポディアさま / クレリゴス子様 / 殉教者トッキー,電波姫☆いまりちゃん / さくらこはダムです / メル子大先生 / 明日香大明神 / 甲羅暮らしの201号,complete
5,293,em-a882d269c658,郷先輩,16,1400,1200,4,damage_reduction,-0.1528,-0.213,0.5833,0.7361,電波姫☆いまりちゃん / メムノン２８号 / メル子大先生 / 明日香大明神 / 郷先輩,電波姫☆いまりちゃん / さくらこはダムです / メル子大先生 / 明日香大明神 / 甲羅暮らしの201号,complete
5,294,em-78804a795640,ズンビージョンきゅん,39,1448,4771,6,revive,-0.1458,-0.2133,0.5903,0.7361,電波姫☆いまりちゃん / ペーチパイセン / メル子大先生 / 明日香大明神 / ズンビージョンきゅん,電波姫☆いまりちゃん / さくらこはダムです / メル子大先生 / 明日香大明神 / 甲羅暮らしの201号,complete
5,295,em-78c7d71a75d2,美音三銃士を連れてきたよ,50,6475,3748,5,revive,-0.1458,-0.2133,0.5903,0.7361,ラグーン☆南 / どんこ太郎 / メル子大先生 / 明日香大明神 / 美音三銃士を連れてきたよ,電波姫☆いまりちゃん / さくらこはダムです / メル子大先生 / 明日香大明神 / 甲羅暮らしの201号,complete
5,296,em-c67e33bb61cf,鎌倉式ＤＢ２涅槃型改,19,4105,1690,9,guard,-0.1458,-0.2133,0.5903,0.7361,電波姫☆いまりちゃん / 一葉ちゃんは作家さん / 神使！ナモミさま / 明日香大明神 / 鎌倉式ＤＢ２涅槃型改,電波姫☆いまりちゃん / さくらこはダムです / メル子大先生 / 明日香大明神 / 甲羅暮らしの201号,complete
5,297,em-b5a4cfe168a6,安井大先生,7,505,475,5,guard,-0.1389,-0.214,0.5972,0.7361,黍deギャリソン / さくらこはダムです / ポディアさま / クレリゴス子様 / 安井大先生,電波姫☆いまりちゃん / さくらこはダムです / メル子大先生 / 明日香大明神 / 甲羅暮らしの201号,complete
5,298,em-ec4df0583391,アルパりょく,4,412,222,7,heal,-0.1389,-0.214,0.5972,0.7361,ラグーン☆南 / さくらこはダムです / ポディアさま / クレリゴス子様 / アルパりょく,電波姫☆いまりちゃん / さくらこはダムです / メル子大先生 / 明日香大明神 / 甲羅暮らしの201号,complete
5,299,em-1d111df2ae70,ヤックです,5,300,400,7,multi_hit_attack,-0.1389,-0.214,0.5972,0.7361,ラグーン☆南 / さくらこはダムです / ポディアさま / クレリゴス子様 / ヤックです,電波姫☆いまりちゃん / さくらこはダムです / メル子大先生 / 明日香大明神 / 甲羅暮らしの201号,complete
5,300,em-9f7e593bdb96,鮒麿,7,520,460,5,heal,-0.1389,-0.214,0.5972,0.7361,黍deギャリソン / さくらこはダムです / ポディアさま / クレリゴス子様 / 鮒麿,電波姫☆いまりちゃん / さくらこはダムです / メル子大先生 / 明日香大明神 / 甲羅暮らしの201号,complete
5,301,em-f895c0235d10,アスクとエムブラ,38,2737,4508,5,guard,-0.1528,-0.2143,0.5833,0.7361,電波姫☆いまりちゃん / ペーチパイセン / メル子大先生 / 明日香大明神 / アスクとエムブラ,電波姫☆いまりちゃん / さくらこはダムです / メル子大先生 / 明日香大明神 / 甲羅暮らしの201号,complete
5,302,em-9625a8dc4056,祟らない幽子,8,370,410,7,revive,-0.1528,-0.2143,0.5833,0.7361,ラグーン☆南 / ペーチパイセン / ポディアさま / クレリゴス子様 / 祟らない幽子,電波姫☆いまりちゃん / さくらこはダムです / メル子大先生 / 明日香大明神 / 甲羅暮らしの201号,complete
5,303,em-3908ae85bb5b,にいがタソ,12,2000,200,4,attribute_guard,-0.1528,-0.2143,0.5833,0.7361,電波姫☆いまりちゃん / メムノン２８号 / メル子大先生 / 明日香大明神 / にいがタソ,電波姫☆いまりちゃん / さくらこはダムです / メル子大先生 / 明日香大明神 / 甲羅暮らしの201号,complete
5,304,em-8cb75e870411,マンいーたち,50,3408,6816,4,aoe_attack,-0.1458,-0.2145,0.5903,0.7361,ラグーン☆南 / どんこ太郎 / メル子大先生 / 明日香大明神 / マンいーたち,電波姫☆いまりちゃん / さくらこはダムです / メル子大先生 / 明日香大明神 / 甲羅暮らしの201号,complete
5,305,em-abba3b9e6efe,救世主トッキー,24,2576,2576,5,attack_buff,-0.1389,-0.2151,0.5972,0.7361,電波姫☆いまりちゃん / 一葉ちゃんは作家さん / 時のプラズマ / 明日香大明神 / 救世主トッキー,電波姫☆いまりちゃん / さくらこはダムです / メル子大先生 / 明日香大明神 / 甲羅暮らしの201号,complete
5,306,em-3850dfa89114,流浪の騎士,7,510,470,9,attribute_guard,-0.1389,-0.2151,0.5972,0.7361,黍deギャリソン / さくらこはダムです / ポディアさま / クレリゴス子様 / 流浪の騎士,電波姫☆いまりちゃん / さくらこはダムです / メル子大先生 / 明日香大明神 / 甲羅暮らしの201号,complete
5,307,em-0507f3696406,真・金色どーもくん,8,700,600,6,revive,-0.1389,-0.2151,0.5972,0.7361,ハラショー☆ビッツェ / さくらこはダムです / ポディアさま / クレリゴス子様 / 真・金色どーもくん,電波姫☆いまりちゃん / さくらこはダムです / メル子大先生 / 明日香大明神 / 甲羅暮らしの201号,complete
5,308,em-cb48b999d384,金色どーもくん(父),10,800,700,6,revive,-0.1389,-0.2151,0.5972,0.7361,ハラショー☆ビッツェ / さくらこはダムです / ポディアさま / クレリゴス子様 / 金色どーもくん(父),電波姫☆いまりちゃん / さくらこはダムです / メル子大先生 / 明日香大明神 / 甲羅暮らしの201号,complete
5,309,em-51945f0997a9,藤原マミーさん,12,1963,1208,6,revive,-0.1389,-0.2151,0.5972,0.7361,ハラショー☆ビッツェ / さくらこはダムです / ポディアさま / クレリゴス子様 / 藤原マミーさん,電波姫☆いまりちゃん / さくらこはダムです / メル子大先生 / 明日香大明神 / 甲羅暮らしの201号,complete
5,310,em-a45ddac1b69c,ハクさんの本気,44,4601,4089,5,attack_buff,-0.1528,-0.2156,0.5833,0.7361,電波姫☆いまりちゃん / どんこ太郎 / メル子大先生 / 明日香大明神 / ハクさんの本気,電波姫☆いまりちゃん / さくらこはダムです / メル子大先生 / 明日香大明神 / 甲羅暮らしの201号,complete
5,311,em-599b57f2e5c4,Halloweenの蘭子さん,37,2044,5964,5,revive,-0.1528,-0.2156,0.5833,0.7361,電波姫☆いまりちゃん / 一葉ちゃんは作家さん / タミちゃん / 明日香大明神 / Halloweenの蘭子さん,電波姫☆いまりちゃん / さくらこはダムです / メル子大先生 / 明日香大明神 / 甲羅暮らしの201号,complete
5,312,em-fb77c2210cce,滅私奉公霧子たん,17,1243,1161,5,revive,-0.1528,-0.2156,0.5833,0.7361,電波姫☆いまりちゃん / 一葉ちゃんは作家さん / すわ子isGOD！ / 明日香大明神 / 滅私奉公霧子たん,電波姫☆いまりちゃん / さくらこはダムです / メル子大先生 / 明日香大明神 / 甲羅暮らしの201号,complete
5,313,em-2f6ae2b54633,フクちゃん,3,300,400,4,attribute_change,-0.1389,-0.2161,0.5972,0.7361,ラグーン☆南 / さくらこはダムです / ポディアさま / クレリゴス子様 / フクちゃん,電波姫☆いまりちゃん / さくらこはダムです / メル子大先生 / 明日香大明神 / 甲羅暮らしの201号,complete
5,314,em-865f442bc56a,神魚！はたはタン,6,700,600,4,heal,-0.1389,-0.2161,0.5972,0.7361,黍deギャリソン / さくらこはダムです / ポディアさま / クレリゴス子様 / 神魚！はたはタン,電波姫☆いまりちゃん / さくらこはダムです / メル子大先生 / 明日香大明神 / 甲羅暮らしの201号,complete
5,315,em-405a608fae19,大内さん,7,702,702,5,heal,-0.1389,-0.2161,0.5972,0.7361,黍deギャリソン / さくらこはダムです / ポディアさま / クレリゴス子様 / 大内さん,電波姫☆いまりちゃん / さくらこはダムです / メル子大先生 / 明日香大明神 / 甲羅暮らしの201号,complete
5,316,em-9f99dd4907e3,愛の塚ジェンヌ,19,1684,1676,5,attack_buff,-0.1458,-0.2168,0.5903,0.7361,電波姫☆いまりちゃん / 一葉ちゃんは作家さん / メル子大先生 / 明日香大明神 / 愛の塚ジェンヌ,電波姫☆いまりちゃん / さくらこはダムです / メル子大先生 / 明日香大明神 / 甲羅暮らしの201号,complete
5,317,em-31faaa08a3e5,ジャノメぴよ子,8,1105,1122,7,attribute_guard,-0.1528,-0.2169,0.5833,0.7361,ラグーン☆南 / ペーチパイセン / ポディアさま / クレリゴス子様 / ジャノメぴよ子,電波姫☆いまりちゃん / さくらこはダムです / メル子大先生 / 明日香大明神 / 甲羅暮らしの201号,complete
5,318,em-a81a753351d9,戸定梨香,28,3216,3534,4,revive,-0.1667,-0.2173,0.5694,0.7361,電波姫☆いまりちゃん / さくらこはダムです / すわ子isGOD！ / 明日香大明神 / 戸定梨香,電波姫☆いまりちゃん / さくらこはダムです / メル子大先生 / 明日香大明神 / 甲羅暮らしの201号,complete
5,319,em-6b4ea2116a46,降臨先祖★ににぎくん,20,2334,2817,5,attack_buff,-0.1458,-0.2179,0.5903,0.7361,電波姫☆いまりちゃん / 一葉ちゃんは作家さん / メル子大先生 / 明日香大明神 / 降臨先祖★ににぎくん,電波姫☆いまりちゃん / さくらこはダムです / メル子大先生 / 明日香大明神 / 甲羅暮らしの201号,complete
5,320,em-837ddd274c7d,夢見る夢ナマコ,15,2224,1226,6,attribute_guard,-0.1458,-0.2179,0.5903,0.7361,電波姫☆いまりちゃん / 一葉ちゃんは作家さん / メル子大先生 / 明日香大明神 / 夢見る夢ナマコ,電波姫☆いまりちゃん / さくらこはダムです / メル子大先生 / 明日香大明神 / 甲羅暮らしの201号,complete
5,321,em-cbfa7306b010,めい子姉さん,7,479,511,5,attribute_guard,-0.1458,-0.2179,0.5903,0.7361,黍deギャリソン / さくらこはダムです / ポディアさま / クレリゴス子様 / めい子姉さん,電波姫☆いまりちゃん / さくらこはダムです / メル子大先生 / 明日香大明神 / 甲羅暮らしの201号,complete
5,322,em-6dbb00845177,夢見る☆にいがタン,16,2500,500,4,attribute_guard,-0.1528,-0.2181,0.5833,0.7361,電波姫☆いまりちゃん / 一葉ちゃんは作家さん / メル子大先生 / 明日香大明神 / 夢見る☆にいがタン,電波姫☆いまりちゃん / さくらこはダムです / メル子大先生 / 明日香大明神 / 甲羅暮らしの201号,complete
5,323,em-3d2c7dfded66,サタデーナイト郡上,6,500,600,7,aoe_attack,-0.1389,-0.2182,0.5972,0.7361,黍deギャリソン / さくらこはダムです / ポディアさま / クレリゴス子様 / サタデーナイト郡上,電波姫☆いまりちゃん / さくらこはダムです / メル子大先生 / 明日香大明神 / 甲羅暮らしの201号,complete
5,324,em-4c77b2b8ad46,トキシッくんさん,6,700,600,4,revive,-0.1389,-0.2182,0.5972,0.7361,黍deギャリソン / さくらこはダムです / ポディアさま / クレリゴス子様 / トキシッくんさん,電波姫☆いまりちゃん / さくらこはダムです / メル子大先生 / 明日香大明神 / 甲羅暮らしの201号,complete
5,325,em-54f582db41b4,みかん姉さん,10,1000,500,6,aoe_attack,-0.1389,-0.2182,0.5972,0.7361,ハラショー☆ビッツェ / さくらこはダムです / ポディアさま / クレリゴス子様 / みかん姉さん,電波姫☆いまりちゃん / さくらこはダムです / メル子大先生 / 明日香大明神 / 甲羅暮らしの201号,complete
5,326,em-0c25c85edc1c,赤木さん,13,1410,1968,5,attribute_guard,-0.1389,-0.2182,0.5972,0.7361,ハラショー☆ビッツェ / さくらこはダムです / ポディアさま / クレリゴス子様 / 赤木さん,電波姫☆いまりちゃん / さくらこはダムです / メル子大先生 / 明日香大明神 / 甲羅暮らしの201号,complete
5,327,em-6538a8e60763,蘭子さん,37,1704,5964,5,attribute_guard,-0.1597,-0.2189,0.5764,0.7361,電波姫☆いまりちゃん / ペーチパイセン / メル子大先生 / 明日香大明神 / 蘭子さん,電波姫☆いまりちゃん / さくらこはダムです / メル子大先生 / 明日香大明神 / 甲羅暮らしの201号,complete
5,328,em-2c71a7740b67,エルチェの椰子少女,42,4601,4601,5,attack_buff,-0.1597,-0.2189,0.5764,0.7361,電波姫☆いまりちゃん / どんこ太郎 / すわ子isGOD！ / 明日香大明神 / エルチェの椰子少女,電波姫☆いまりちゃん / さくらこはダムです / メル子大先生 / 明日香大明神 / 甲羅暮らしの201号,complete
5,329,em-8527b3dd869a,帰って来たいぬやマン,21,1661,1661,4,attack_buff,-0.1458,-0.219,0.5903,0.7361,電波姫☆いまりちゃん / 一葉ちゃんは作家さん / メル子大先生 / 明日香大明神 / 帰って来たいぬやマン,電波姫☆いまりちゃん / さくらこはダムです / メル子大先生 / 明日香大明神 / 甲羅暮らしの201号,complete
5,330,em-97a72b4c6dd6,女王！かるたーニャ,19,2495,2656,5,attack_buff,-0.1458,-0.219,0.5903,0.7361,電波姫☆いまりちゃん / 一葉ちゃんは作家さん / メル子大先生 / 明日香大明神 / 女王！かるたーニャ,電波姫☆いまりちゃん / さくらこはダムです / メル子大先生 / 明日香大明神 / 甲羅暮らしの201号,complete
5,331,em-fc5d66138cad,端午ぴよ子,13,1543,2512,5,aoe_attack,-0.1389,-0.2192,0.5972,0.7361,ハラショー☆ビッツェ / さくらこはダムです / ポディアさま / クレリゴス子様 / 端午ぴよ子,電波姫☆いまりちゃん / さくらこはダムです / メル子大先生 / 明日香大明神 / 甲羅暮らしの201号,complete
5,332,em-173b7ab7c19b,かんと君,5,200,300,7,multi_hit_attack,-0.1458,-0.2201,0.5903,0.7361,ラグーン☆南 / さくらこはダムです / ポディアさま / クレリゴス子様 / かんと君,電波姫☆いまりちゃん / さくらこはダムです / メル子大先生 / 明日香大明神 / 甲羅暮らしの201号,complete
5,333,em-63a2fe414a8a,ナナコちゃんさん,5,400,300,7,aoe_attack,-0.1458,-0.2201,0.5903,0.7361,ラグーン☆南 / さくらこはダムです / ポディアさま / クレリゴス子様 / ナナコちゃんさん,電波姫☆いまりちゃん / さくらこはダムです / メル子大先生 / 明日香大明神 / 甲羅暮らしの201号,complete
5,334,em-7b1e3e0a5bfe,花びらの精霊,15,2309,2480,5,aoe_attack,-0.1458,-0.2201,0.5903,0.7361,電波姫☆いまりちゃん / 一葉ちゃんは作家さん / メル子大先生 / 明日香大明神 / 花びらの精霊,電波姫☆いまりちゃん / さくらこはダムです / メル子大先生 / 明日香大明神 / 甲羅暮らしの201号,complete
5,335,em-b50530766df4,夏の妖精白良さん,19,1699,1699,4,attack_buff,-0.1458,-0.2201,0.5903,0.7361,電波姫☆いまりちゃん / 一葉ちゃんは作家さん / メル子大先生 / 明日香大明神 / 夏の妖精白良さん,電波姫☆いまりちゃん / さくらこはダムです / メル子大先生 / 明日香大明神 / 甲羅暮らしの201号,complete
5,336,em-08e0b2a57e58,高級のぼこたそ,6,400,400,4,delay,-0.1458,-0.2201,0.5903,0.7361,黍deギャリソン / さくらこはダムです / ポディアさま / クレリゴス子様 / 高級のぼこたそ,電波姫☆いまりちゃん / さくらこはダムです / メル子大先生 / 明日香大明神 / 甲羅暮らしの201号,partial-skill-support
5,337,em-d3e31e52c5a0,座敷童という線も…,6,300,500,4,delay,-0.1458,-0.2201,0.5903,0.7361,黍deギャリソン / さくらこはダムです / ポディアさま / クレリゴス子様 / 座敷童という線も…,電波姫☆いまりちゃん / さくらこはダムです / メル子大先生 / 明日香大明神 / 甲羅暮らしの201号,partial-skill-support
5,338,em-14f9b771848b,ハイウェイスター,7,500,500,6,attack_buff,-0.1458,-0.2201,0.5903,0.7361,黍deギャリソン / さくらこはダムです / ポディアさま / クレリゴス子様 / ハイウェイスター,電波姫☆いまりちゃん / さくらこはダムです / メル子大先生 / 明日香大明神 / 甲羅暮らしの201号,complete
5,339,em-21d36a6dca73,塚ジェンヌ,7,500,480,5,attack_buff,-0.1458,-0.2201,0.5903,0.7361,黍deギャリソン / さくらこはダムです / ポディアさま / クレリゴス子様 / 塚ジェンヌ,電波姫☆いまりちゃん / さくらこはダムです / メル子大先生 / 明日香大明神 / 甲羅暮らしの201号,complete
5,340,em-30086ae737ab,収穫期さくどん,7,510,470,6,delay,-0.1458,-0.2201,0.5903,0.7361,黍deギャリソン / さくらこはダムです / ポディアさま / クレリゴス子様 / 収穫期さくどん,電波姫☆いまりちゃん / さくらこはダムです / メル子大先生 / 明日香大明神 / 甲羅暮らしの201号,partial-skill-support
5,341,em-3ee1b9058802,老舗のぼこたそ,7,490,500,4,delay,-0.1458,-0.2201,0.5903,0.7361,黍deギャリソン / さくらこはダムです / ポディアさま / クレリゴス子様 / 老舗のぼこたそ,電波姫☆いまりちゃん / さくらこはダムです / メル子大先生 / 明日香大明神 / 甲羅暮らしの201号,partial-skill-support
5,342,em-ae95739af2da,掘joy三号,7,496,509,5,skill_reduction,-0.1458,-0.2201,0.5903,0.7361,黍deギャリソン / さくらこはダムです / ポディアさま / クレリゴス子様 / 掘joy三号,電波姫☆いまりちゃん / さくらこはダムです / メル子大先生 / 明日香大明神 / 甲羅暮らしの201号,partial-skill-support
5,343,em-2f05e38437db,女帝！カるたーニャ,37,3408,3408,5,attack_buff,-0.1597,-0.2202,0.5764,0.7361,電波姫☆いまりちゃん / ペーチパイセン / メル子大先生 / 明日香大明神 / 女帝！カるたーニャ,電波姫☆いまりちゃん / さくらこはダムです / メル子大先生 / 明日香大明神 / 甲羅暮らしの201号,complete
5,344,em-448c2fa1943c,熊とか絶対殺すマン,44,4086,4771,5,delay,-0.1597,-0.2202,0.5764,0.7361,電波姫☆いまりちゃん / どんこ太郎 / メル子大先生 / 明日香大明神 / 熊とか絶対殺すマン,電波姫☆いまりちゃん / さくらこはダムです / メル子大先生 / 明日香大明神 / 甲羅暮らしの201号,partial-skill-support
5,345,em-9a400a6535d5,ｸﾗﾌﾄｼﾞﾝｼﾞｬｰの妖精,44,5054,5006,4,skill_reduction,-0.1597,-0.2202,0.5764,0.7361,電波姫☆いまりちゃん / どんこ太郎 / メル子大先生 / 明日香大明神 / ｸﾗﾌﾄｼﾞﾝｼﾞｬｰの妖精,電波姫☆いまりちゃん / さくらこはダムです / メル子大先生 / 明日香大明神 / 甲羅暮らしの201号,partial-skill-support
5,346,em-309dc67aa477,かるたーにゃの世界,45,5112,5112,5,attack_buff,-0.1597,-0.2202,0.5764,0.7361,電波姫☆いまりちゃん / どんこ太郎 / 時のプラズマ / 明日香大明神 / かるたーにゃの世界,電波姫☆いまりちゃん / さくらこはダムです / メル子大先生 / 明日香大明神 / 甲羅暮らしの201号,complete
5,347,em-f7e845fc0a39,鎌倉式ＤＢ２,8,811,412,7,guard,-0.1597,-0.2202,0.5764,0.7361,ラグーン☆南 / ペーチパイセン / ポディアさま / クレリゴス子様 / 鎌倉式ＤＢ２,電波姫☆いまりちゃん / さくらこはダムです / メル子大先生 / 明日香大明神 / 甲羅暮らしの201号,complete
5,348,em-bc840d35c547,ジ・あるじや,20,4025,1610,4,skill_reduction,-0.1528,-0.2205,0.5833,0.7361,電波姫☆いまりちゃん / 一葉ちゃんは作家さん / 神使！ナモミさま / 明日香大明神 / ジ・あるじや,電波姫☆いまりちゃん / さくらこはダムです / メル子大先生 / 明日香大明神 / 甲羅暮らしの201号,partial-skill-support
5,349,em-0481f6c14fd9,関先輩,7,475,475,4,guard,-0.1458,-0.2212,0.5903,0.7361,黍deギャリソン / さくらこはダムです / ポディアさま / クレリゴス子様 / 関先輩,電波姫☆いまりちゃん / さくらこはダムです / メル子大先生 / 明日香大明神 / 甲羅暮らしの201号,complete
5,350,em-999d33621829,おたべ妖精,7,1272,1131,4,delay,-0.1458,-0.2212,0.5903,0.7361,黍deギャリソン / さくらこはダムです / ポディアさま / クレリゴス子様 / おたべ妖精,電波姫☆いまりちゃん / さくらこはダムです / メル子大先生 / 明日香大明神 / 甲羅暮らしの201号,partial-skill-support
5,351,em-b827590fe52d,芹沢くん,7,500,500,4,guard,-0.1458,-0.2212,0.5903,0.7361,黍deギャリソン / さくらこはダムです / ポディアさま / クレリゴス子様 / 芹沢くん,電波姫☆いまりちゃん / さくらこはダムです / メル子大先生 / 明日香大明神 / 甲羅暮らしの201号,complete
5,352,em-d25a7727f654,プラハ嬢,32,1482,4991,4,damage_reduction,-0.1736,-0.2212,0.5625,0.7361,電波姫☆いまりちゃん / さくらこはダムです / メル子大先生 / 明日香大明神 / プラハ嬢,電波姫☆いまりちゃん / さくらこはダムです / メル子大先生 / 明日香大明神 / 甲羅暮らしの201号,complete
5,353,em-a74603ad2679,白虎,36,5112,3408,4,attack_buff,-0.1597,-0.2215,0.5764,0.7361,電波姫☆いまりちゃん / ペーチパイセン / メル子大先生 / 明日香大明神 / 白虎,電波姫☆いまりちゃん / さくらこはダムです / メル子大先生 / 明日香大明神 / 甲羅暮らしの201号,complete
5,354,em-0fb8a8bf095f,修行るハクさん,18,1400,1600,4,attack_buff,-0.1528,-0.2217,0.5833,0.7361,電波姫☆いまりちゃん / 一葉ちゃんは作家さん / メル子大先生 / 明日香大明神 / 修行るハクさん,電波姫☆いまりちゃん / さくらこはダムです / メル子大先生 / 明日香大明神 / 甲羅暮らしの201号,complete
5,355,em-b9e75bc0b1f9,わっしょいミカ先生,20,4186,3220,5,attack_buff,-0.1528,-0.2217,0.5833,0.7361,電波姫☆いまりちゃん / 一葉ちゃんは作家さん / 神使！ナモミさま / 明日香大明神 / わっしょいミカ先生,電波姫☆いまりちゃん / さくらこはダムです / メル子大先生 / 明日香大明神 / 甲羅暮らしの201号,complete
5,356,em-357427c8f331,反魂タン昼食TIME,27,3067,5623,4,attack_buff,-0.1667,-0.2218,0.5694,0.7361,電波姫☆いまりちゃん / さくらこはダムです / すわ子isGOD！ / 明日香大明神 / 反魂タン昼食TIME,電波姫☆いまりちゃん / さくらこはダムです / メル子大先生 / 明日香大明神 / 甲羅暮らしの201号,complete
5,357,em-66075c4def49,K・Y・イマガワ,40,5793,3237,5,attack_buff,-0.1667,-0.2218,0.5694,0.7361,電波姫☆いまりちゃん / どんこ太郎 / すわ子isGOD！ / 明日香大明神 / K・Y・イマガワ,電波姫☆いまりちゃん / さくらこはダムです / メル子大先生 / 明日香大明神 / 甲羅暮らしの201号,complete
5,358,em-de119df9f239,ポティアさま,25,2737,2093,7,delay,-0.1458,-0.2222,0.5903,0.7361,電波姫☆いまりちゃん / 一葉ちゃんは作家さん / 時のプラズマ / 明日香大明神 / ポティアさま,電波姫☆いまりちゃん / さくらこはダムです / メル子大先生 / 明日香大明神 / 甲羅暮らしの201号,partial-skill-support
5,359,em-0352f52bd9a3,スワン様,6,500,480,5,skill_reduction,-0.1458,-0.2222,0.5903,0.7361,黍deギャリソン / さくらこはダムです / ポディアさま / クレリゴス子様 / スワン様,電波姫☆いまりちゃん / さくらこはダムです / メル子大先生 / 明日香大明神 / 甲羅暮らしの201号,partial-skill-support
5,360,em-08f945aef274,朦朧ボディマン,6,200,500,11,multi_hit_attack,-0.1458,-0.2222,0.5903,0.7361,黍deギャリソン / さくらこはダムです / ポディアさま / クレリゴス子様 / 朦朧ボディマン,電波姫☆いまりちゃん / さくらこはダムです / メル子大先生 / 明日香大明神 / 甲羅暮らしの201号,complete
5,361,em-0d41ec5f78f0,じょーカーくん,6,500,600,6,delay,-0.1458,-0.2222,0.5903,0.7361,黍deギャリソン / さくらこはダムです / ポディアさま / クレリゴス子様 / じょーカーくん,電波姫☆いまりちゃん / さくらこはダムです / メル子大先生 / 明日香大明神 / 甲羅暮らしの201号,partial-skill-support
5,362,em-674bf61c8b00,海賊衆かっさーのん,6,600,700,4,attack_buff,-0.1458,-0.2222,0.5903,0.7361,黍deギャリソン / さくらこはダムです / ポディアさま / クレリゴス子様 / 海賊衆かっさーのん,電波姫☆いまりちゃん / さくらこはダムです / メル子大先生 / 明日香大明神 / 甲羅暮らしの201号,complete
5,363,em-6e2c76ad098c,まおちゃん,6,500,750,6,skill_reduction,-0.1458,-0.2222,0.5903,0.7361,黍deギャリソン / さくらこはダムです / ポディアさま / クレリゴス子様 / まおちゃん,電波姫☆いまりちゃん / さくらこはダムです / メル子大先生 / 明日香大明神 / 甲羅暮らしの201号,partial-skill-support
5,364,em-71820072d6c5,松浦凜子,6,603,603,4,attack_buff,-0.1458,-0.2222,0.5903,0.7361,黍deギャリソン / さくらこはダムです / ポディアさま / クレリゴス子様 / 松浦凜子,電波姫☆いまりちゃん / さくらこはダムです / メル子大先生 / 明日香大明神 / 甲羅暮らしの201号,complete
5,365,em-7db55d8e78d1,やまなしーヌさん,6,400,500,6,skill_reduction,-0.1458,-0.2222,0.5903,0.7361,黍deギャリソン / さくらこはダムです / ポディアさま / クレリゴス子様 / やまなしーヌさん,電波姫☆いまりちゃん / さくらこはダムです / メル子大先生 / 明日香大明神 / 甲羅暮らしの201号,partial-skill-support
5,366,em-9da039c08ead,キャミー先生,6,500,600,4,heal,-0.1458,-0.2222,0.5903,0.7361,黍deギャリソン / さくらこはダムです / ポディアさま / クレリゴス子様 / キャミー先生,電波姫☆いまりちゃん / さくらこはダムです / メル子大先生 / 明日香大明神 / 甲羅暮らしの201号,complete
5,367,em-5fba2111c2ae,くろこップ,7,498,482,9,skill_reduction,-0.1458,-0.2222,0.5903,0.7361,黍deギャリソン / さくらこはダムです / ポディアさま / クレリゴス子様 / くろこップ,電波姫☆いまりちゃん / さくらこはダムです / メル子大先生 / 明日香大明神 / 甲羅暮らしの201号,partial-skill-support
5,368,em-32e57ebd5904,ハンザギルドさん,12,1551,423,5,attribute_guard,-0.1458,-0.2222,0.5903,0.7361,ハラショー☆ビッツェ / さくらこはダムです / ポディアさま / クレリゴス子様 / ハンザギルドさん,電波姫☆いまりちゃん / さくらこはダムです / メル子大先生 / 明日香大明神 / 甲羅暮らしの201号,complete
5,369,em-d5d58dc5e468,子供神・わらしちゃん,7,565,1131,4,delay,-0.1458,-0.2222,0.5903,0.7361,黍deギャリソン / さくらこはダムです / ポディアさま / クレリゴス子様 / 子供神・わらしちゃん,電波姫☆いまりちゃん / さくらこはダムです / メル子大先生 / 明日香大明神 / 甲羅暮らしの201号,partial-skill-support
5,370,em-d0ab2c82078b,デルモンテ嬢,23,3020,453,6,attribute_guard,-0.1528,-0.2228,0.5833,0.7361,電波姫☆いまりちゃん / 一葉ちゃんは作家さん / メル子大先生 / 明日香大明神 / デルモンテ嬢,電波姫☆いまりちゃん / さくらこはダムです / メル子大先生 / 明日香大明神 / 甲羅暮らしの201号,complete
5,371,em-d8d7722f9f21,赤パジャマさん,20,2240,3262,5,attribute_guard,-0.1528,-0.2228,0.5833,0.7361,電波姫☆いまりちゃん / 一葉ちゃんは作家さん / メル子大先生 / 明日香大明神 / 赤パジャマさん,電波姫☆いまりちゃん / さくらこはダムです / メル子大先生 / 明日香大明神 / 甲羅暮らしの201号,complete
5,372,em-65dcdf08813a,にいがタン,8,1500,100,4,attribute_guard,-0.1597,-0.2228,0.5764,0.7361,ラグーン☆南 / ペーチパイセン / ポディアさま / クレリゴス子様 / にいがタン,電波姫☆いまりちゃん / さくらこはダムです / メル子大先生 / 明日香大明神 / 甲羅暮らしの201号,complete
5,373,em-4bb28e84009d,吉野スライメスト,13,1809,735,5,guard,-0.1597,-0.2228,0.5764,0.7361,電波姫☆いまりちゃん / メムノン２８号 / すわ子isGOD！ / 明日香大明神 / 吉野スライメスト,電波姫☆いまりちゃん / さくらこはダムです / メル子大先生 / 明日香大明神 / 甲羅暮らしの201号,complete
5,374,em-75bbcd3130fb,みかんさん,6,700,500,7,aoe_attack,-0.1458,-0.2233,0.5903,0.7361,黍deギャリソン / さくらこはダムです / ポディアさま / クレリゴス子様 / みかんさん,電波姫☆いまりちゃん / さくらこはダムです / メル子大先生 / 明日香大明神 / 甲羅暮らしの201号,complete
5,375,em-b0bd2882f199,タオるん,6,500,600,5,attribute_guard,-0.1458,-0.2233,0.5903,0.7361,黍deギャリソン / さくらこはダムです / ポディアさま / クレリゴス子様 / タオるん,電波姫☆いまりちゃん / さくらこはダムです / メル子大先生 / 明日香大明神 / 甲羅暮らしの201号,complete
5,376,em-8d320a6b7512,いびるん,6,500,600,5,guard,-0.1458,-0.2233,0.5903,0.7361,黍deギャリソン / さくらこはダムです / ポディアさま / クレリゴス子様 / いびるん,電波姫☆いまりちゃん / さくらこはダムです / メル子大先生 / 明日香大明神 / 甲羅暮らしの201号,complete
5,377,em-1c28be3f3366,モンさんミッシェル,32,3748,5623,8,multi_hit_attack,-0.1667,-0.2233,0.5694,0.7361,電波姫☆いまりちゃん / さくらこはダムです / メル子大先生 / 明日香大明神 / モンさんミッシェル,電波姫☆いまりちゃん / さくらこはダムです / メル子大先生 / 明日香大明神 / 甲羅暮らしの201号,complete
5,378,em-19637fe0d04e,カという真実に驚愕,9,2205,763,4,heal,-0.1667,-0.2233,0.5694,0.7361,電波姫☆いまりちゃん / メムノン２８号 / メル子大先生 / 明日香大明神 / カという真実に驚愕,電波姫☆いまりちゃん / さくらこはダムです / メル子大先生 / 明日香大明神 / 甲羅暮らしの201号,complete
5,379,em-bd2931324bdc,夢ナマコちゃん,15,1976,1090,6,attribute_guard,-0.1528,-0.224,0.5833,0.7361,電波姫☆いまりちゃん / 一葉ちゃんは作家さん / メル子大先生 / 明日香大明神 / 夢ナマコちゃん,電波姫☆いまりちゃん / さくらこはダムです / メル子大先生 / 明日香大明神 / 甲羅暮らしの201号,complete
5,380,em-0051409a8e1f,芹沢さん,8,604,597,4,guard,-0.1597,-0.2241,0.5764,0.7361,ラグーン☆南 / ペーチパイセン / ポディアさま / クレリゴス子様 / 芹沢さん,電波姫☆いまりちゃん / さくらこはダムです / メル子大先生 / 明日香大明神 / 甲羅暮らしの201号,complete
5,381,em-abedd080c9aa,ﾚﾌﾟﾗｺｰﾝな落花妖精,37,5112,2385,4,revive,-0.1597,-0.2241,0.5764,0.7361,電波姫☆いまりちゃん / ペーチパイセン / すわ子isGOD！ / 明日香大明神 / ﾚﾌﾟﾗｺｰﾝな落花妖精,電波姫☆いまりちゃん / さくらこはダムです / メル子大先生 / 明日香大明神 / 甲羅暮らしの201号,complete
5,382,em-c87499b64151,ラパヌイ先生,45,6441,3067,4,guard,-0.1597,-0.2241,0.5764,0.7361,電波姫☆いまりちゃん / どんこ太郎 / 時のプラズマ / 明日香大明神 / ラパヌイ先生,電波姫☆いまりちゃん / さくらこはダムです / メル子大先生 / 明日香大明神 / 甲羅暮らしの201号,complete
5,383,em-27802083d7f5,チュニスさん,50,5964,3919,4,skill_reduction,-0.1597,-0.2241,0.5764,0.7361,ラグーン☆南 / どんこ太郎 / メル子大先生 / 明日香大明神 / チュニスさん,電波姫☆いまりちゃん / さくらこはダムです / メル子大先生 / 明日香大明神 / 甲羅暮らしの201号,partial-skill-support
5,384,em-ea0b1e4c739b,イタ子大師匠,18,564,1269,4,revive,-0.1597,-0.2241,0.5764,0.7361,電波姫☆いまりちゃん / 一葉ちゃんは作家さん / すわ子isGOD！ / ｽﾌﾟﾗ♡な琵琶子たん / イタ子大師匠,電波姫☆いまりちゃん / さくらこはダムです / メル子大先生 / 明日香大明神 / 甲羅暮らしの201号,complete
5,385,em-2a01f5ee5de4,ガラパゴスおぅぼっと,12,1200,600,4,damage_reduction,-0.1458,-0.2243,0.5903,0.7361,ハラショー☆ビッツェ / さくらこはダムです / ポディアさま / クレリゴス子様 / ガラパゴスおぅぼっと,電波姫☆いまりちゃん / さくらこはダムです / メル子大先生 / 明日香大明神 / 甲羅暮らしの201号,complete
5,386,em-0985c7675d5c,みかん姐さん,13,1100,600,4,aoe_attack,-0.1458,-0.2243,0.5903,0.7361,ハラショー☆ビッツェ / さくらこはダムです / ポディアさま / クレリゴス子様 / みかん姐さん,電波姫☆いまりちゃん / さくらこはダムです / メル子大先生 / 明日香大明神 / 甲羅暮らしの201号,complete
5,387,em-4bde1481e932,黒電話おぅぼっと,9,1000,400,4,damage_reduction,-0.1458,-0.2243,0.5903,0.7361,ハラショー☆ビッツェ / さくらこはダムです / ポディアさま / クレリゴス子様 / 黒電話おぅぼっと,電波姫☆いまりちゃん / さくらこはダムです / メル子大先生 / 明日香大明神 / 甲羅暮らしの201号,complete
5,388,em-1e8ec25622df,切間・ンジャロさん,39,5871,3442,4,skill_reduction,-0.1667,-0.2247,0.5694,0.7361,電波姫☆いまりちゃん / どんこ太郎 / すわ子isGOD！ / 明日香大明神 / 切間・ンジャロさん,電波姫☆いまりちゃん / さくらこはダムです / メル子大先生 / 明日香大明神 / 甲羅暮らしの201号,partial-skill-support
5,389,em-2e6716824578,横きゅっちゃん,19,2817,2817,5,delay,-0.1528,-0.2251,0.5833,0.7361,電波姫☆いまりちゃん / 一葉ちゃんは作家さん / メル子大先生 / 明日香大明神 / 横きゅっちゃん,電波姫☆いまりちゃん / さくらこはダムです / メル子大先生 / 明日香大明神 / 甲羅暮らしの201号,partial-skill-support
5,390,em-2625991e40c1,恐れない幽子,11,470,510,6,revive,-0.1458,-0.2253,0.5903,0.7361,ハラショー☆ビッツェ / さくらこはダムです / ポディアさま / クレリゴス子様 / 恐れない幽子,電波姫☆いまりちゃん / さくらこはダムです / メル子大先生 / 明日香大明神 / 甲羅暮らしの201号,complete
5,391,em-f2e63b4d4843,パイ大好きあいちゃん,8,1300,500,6,damage_reduction,-0.1597,-0.2253,0.5764,0.7361,ラグーン☆南 / ペーチパイセン / ポディアさま / クレリゴス子様 / パイ大好きあいちゃん,電波姫☆いまりちゃん / さくらこはダムです / メル子大先生 / 明日香大明神 / 甲羅暮らしの201号,complete
5,392,em-83c97b8f4e6e,アルルのキャミー,40,4001,6236,4,heal,-0.1667,-0.226,0.5694,0.7361,電波姫☆いまりちゃん / どんこ太郎 / すわ子isGOD！ / 明日香大明神 / アルルのキャミー,電波姫☆いまりちゃん / さくらこはダムです / メル子大先生 / 明日香大明神 / 甲羅暮らしの201号,complete
5,393,em-f70fc38ed477,栗栖　益子さん,40,4175,4106,4,multi_hit_attack,-0.1667,-0.226,0.5694,0.7361,電波姫☆いまりちゃん / どんこ太郎 / すわ子isGOD！ / 明日香大明神 / 栗栖　益子さん,電波姫☆いまりちゃん / さくらこはダムです / メル子大先生 / 明日香大明神 / 甲羅暮らしの201号,complete
5,394,em-84d85240bb16,養老のバッカス,47,6475,3408,5,revive,-0.1736,-0.2261,0.5625,0.7361,電波姫☆いまりちゃん / どんこ太郎 / 人面恐竜の謎 / 明日香大明神 / 養老のバッカス,電波姫☆いまりちゃん / さくらこはダムです / メル子大先生 / 明日香大明神 / 甲羅暮らしの201号,complete
5,395,em-22a0a2dd6cac,啓示のエルフ,18,2759,2615,4,attack_buff,-0.1528,-0.2262,0.5833,0.7361,電波姫☆いまりちゃん / 一葉ちゃんは作家さん / メル子大先生 / 明日香大明神 / 啓示のエルフ,電波姫☆いまりちゃん / さくらこはダムです / メル子大先生 / 明日香大明神 / 甲羅暮らしの201号,complete
5,396,em-73456986fde8,ガハラ様,6,750,600,5,attack_buff,-0.1528,-0.2262,0.5833,0.7361,黍deギャリソン / さくらこはダムです / ポディアさま / クレリゴス子様 / ガハラ様,電波姫☆いまりちゃん / さくらこはダムです / メル子大先生 / 明日香大明神 / 甲羅暮らしの201号,complete
5,397,em-2278abfa4b17,ササニキ,8,500,300,6,aoe_attack,-0.1597,-0.2265,0.5764,0.7361,ラグーン☆南 / ペーチパイセン / ポディアさま / クレリゴス子様 / ササニキ,電波姫☆いまりちゃん / さくらこはダムです / メル子大先生 / 明日香大明神 / 甲羅暮らしの201号,complete
5,398,em-ebf10919d982,ミラクル凜子,8,700,704,4,attack_buff,-0.1597,-0.2265,0.5764,0.7361,ラグーン☆南 / ペーチパイセン / ポディアさま / クレリゴス子様 / ミラクル凜子,電波姫☆いまりちゃん / さくらこはダムです / メル子大先生 / 明日香大明神 / 甲羅暮らしの201号,complete
5,399,em-d6e944b5ee2a,糖分大好きあいちゃん,16,1900,1100,4,damage_reduction,-0.1597,-0.2265,0.5764,0.7361,電波姫☆いまりちゃん / 一葉ちゃんは作家さん / メル子大先生 / 明日香大明神 / 糖分大好きあいちゃん,電波姫☆いまりちゃん / さくらこはダムです / メル子大先生 / 明日香大明神 / 甲羅暮らしの201号,complete
5,400,em-35431f09cee7,ほたるン・トラッキン,12,1673,1654,5,attack_buff,-0.1458,-0.2273,0.5903,0.7361,ハラショー☆ビッツェ / さくらこはダムです / ポディアさま / クレリゴス子様 / ほたるン・トラッキン,電波姫☆いまりちゃん / さくらこはダムです / メル子大先生 / 明日香大明神 / 甲羅暮らしの201号,complete
5,401,em-40c34074cbb0,おかいこさま,17,2756,2511,4,attribute_change,-0.1528,-0.2273,0.5833,0.7361,電波姫☆いまりちゃん / 一葉ちゃんは作家さん / メル子大先生 / 明日香大明神 / おかいこさま,電波姫☆いまりちゃん / さくらこはダムです / メル子大先生 / 明日香大明神 / 甲羅暮らしの201号,complete
5,402,em-89dedc914b10,ふーちゃん,8,1014,413,5,guard,-0.1667,-0.2274,0.5694,0.7361,ラグーン☆南 / ペーチパイセン / ポディアさま / クレリゴス子様 / ふーちゃん,電波姫☆いまりちゃん / さくらこはダムです / メル子大先生 / 明日香大明神 / 甲羅暮らしの201号,complete
5,403,em-c6a0a8b51afe,ライオットうお太,41,3152,4175,4,damage_reduction,-0.1736,-0.2276,0.5625,0.7361,電波姫☆いまりちゃん / どんこ太郎 / すわ子isGOD！ / 明日香大明神 / ライオットうお太,電波姫☆いまりちゃん / さくらこはダムです / メル子大先生 / 明日香大明神 / 甲羅暮らしの201号,complete
5,404,em-e14358dbf8db,ＰＩＧかっちゃん,6,500,500,7,multi_hit_attack,-0.1597,-0.2277,0.5764,0.7361,ラグーン☆南 / ペーチパイセン / ポディアさま / クレリゴス子様 / ＰＩＧかっちゃん,電波姫☆いまりちゃん / さくらこはダムです / メル子大先生 / 明日香大明神 / 甲羅暮らしの201号,complete
5,405,em-9eb7fd81d237,ユウ・レーカさん,20,2044,2556,4,revive,-0.1528,-0.2283,0.5833,0.7361,電波姫☆いまりちゃん / 一葉ちゃんは作家さん / メル子大先生 / 明日香大明神 / ユウ・レーカさん,電波姫☆いまりちゃん / さくらこはダムです / メル子大先生 / 明日香大明神 / 甲羅暮らしの201号,complete
5,406,em-40d3f72da6f1,まいこさま,12,1699,1699,4,heal,-0.1528,-0.2283,0.5833,0.7361,ハラショー☆ビッツェ / さくらこはダムです / ポディアさま / クレリゴス子様 / まいこさま,電波姫☆いまりちゃん / さくらこはダムです / メル子大先生 / 明日香大明神 / 甲羅暮らしの201号,complete
5,407,em-322b7fbdab7e,むろまち様,34,2556,5112,7,aoe_attack,-0.1667,-0.2287,0.5694,0.7361,電波姫☆いまりちゃん / さくらこはダムです / メル子大先生 / 明日香大明神 / むろまち様,電波姫☆いまりちゃん / さくらこはダムです / メル子大先生 / 明日香大明神 / 甲羅暮らしの201号,complete
5,408,em-e9d9b60eefb1,鈴鹿忍者,20,1623,2189,5,skill_reduction,-0.1597,-0.2289,0.5764,0.7361,電波姫☆いまりちゃん / 一葉ちゃんは作家さん / メル子大先生 / 明日香大明神 / 鈴鹿忍者,電波姫☆いまりちゃん / さくらこはダムです / メル子大先生 / 明日香大明神 / 甲羅暮らしの201号,partial-skill-support
5,409,em-2110fa48fdc1,グリンすマン・ﾌｨｰﾊﾞｰ!,22,1661,1736,5,delay,-0.1597,-0.2289,0.5764,0.7361,電波姫☆いまりちゃん / 一葉ちゃんは作家さん / メル子大先生 / 明日香大明神 / グリンすマン・ﾌｨｰﾊﾞｰ!,電波姫☆いまりちゃん / さくらこはダムです / メル子大先生 / 明日香大明神 / 甲羅暮らしの201号,partial-skill-support
5,410,em-26b2b9dc8b6f,魔法使いるる＆るる,16,1500,1500,4,attack_buff,-0.1736,-0.229,0.5625,0.7361,電波姫☆いまりちゃん / メムノン２８号 / メル子大先生 / 明日香大明神 / 魔法使いるる＆るる,電波姫☆いまりちゃん / さくらこはダムです / メル子大先生 / 明日香大明神 / 甲羅暮らしの201号,complete
5,411,em-a30066999e70,降臨！天草トッキー,40,4260,5964,4,attack_buff,-0.1736,-0.229,0.5625,0.7361,電波姫☆いまりちゃん / どんこ太郎 / すわ子isGOD！ / 明日香大明神 / 降臨！天草トッキー,電波姫☆いまりちゃん / さくらこはダムです / メル子大先生 / 明日香大明神 / 甲羅暮らしの201号,complete
5,412,em-99d6f9e928d6,京子中学２４年生,8,620,612,4,damage_reduction,-0.1528,-0.2294,0.5833,0.7361,ハラショー☆ビッツェ / さくらこはダムです / ポディアさま / クレリゴス子様 / 京子中学２４年生,電波姫☆いまりちゃん / さくらこはダムです / メル子大先生 / 明日香大明神 / 甲羅暮らしの201号,complete
5,413,em-60fd008b3a8b,なるとくん,6,700,600,5,attack_buff,-0.1528,-0.2294,0.5833,0.7361,黍deギャリソン / さくらこはダムです / ポディアさま / クレリゴス子様 / なるとくん,電波姫☆いまりちゃん / さくらこはダムです / メル子大先生 / 明日香大明神 / 甲羅暮らしの201号,complete
5,414,em-804c07b6fa9a,メル子ちゃん,6,400,600,4,attack_buff,-0.1528,-0.2294,0.5833,0.7361,黍deギャリソン / さくらこはダムです / ポディアさま / クレリゴス子様 / メル子ちゃん,電波姫☆いまりちゃん / さくらこはダムです / メル子大先生 / 明日香大明神 / 甲羅暮らしの201号,complete
5,415,em-75c067942d62,大内先生,11,1699,1699,4,heal,-0.1528,-0.2294,0.5833,0.7361,ハラショー☆ビッツェ / さくらこはダムです / ポディアさま / クレリゴス子様 / 大内先生,電波姫☆いまりちゃん / さくらこはダムです / メル子大先生 / 明日香大明神 / 甲羅暮らしの201号,complete
5,416,em-df28e035685e,ハル先輩,11,626,1096,5,heal,-0.1528,-0.2294,0.5833,0.7361,ハラショー☆ビッツェ / さくらこはダムです / ポディアさま / クレリゴス子様 / ハル先輩,電波姫☆いまりちゃん / さくらこはダムです / メル子大先生 / 明日香大明神 / 甲羅暮らしの201号,complete
5,417,em-c72361c2c3ed,わさび大王,8,1200,400,5,guard,-0.1667,-0.23,0.5694,0.7361,ラグーン☆南 / ペーチパイセン / ポディアさま / クレリゴス子様 / わさび大王,電波姫☆いまりちゃん / さくらこはダムです / メル子大先生 / 明日香大明神 / 甲羅暮らしの201号,complete
5,418,em-8476f5773554,エーランドちゃん,30,6070,2160,7,delay,-0.1806,-0.2301,0.5556,0.7361,電波姫☆いまりちゃん / さくらこはダムです / メル子大先生 / 明日香大明神 / エーランドちゃん,電波姫☆いまりちゃん / さくらこはダムです / メル子大先生 / 明日香大明神 / 甲羅暮らしの201号,partial-skill-support
5,419,em-434faacf4307,Woo怪くん,6,500,600,7,multi_hit_attack,-0.1528,-0.2304,0.5833,0.7361,黍deギャリソン / さくらこはダムです / ポディアさま / クレリゴス子様 / Woo怪くん,電波姫☆いまりちゃん / さくらこはダムです / メル子大先生 / 明日香大明神 / 甲羅暮らしの201号,complete
5,420,em-bb2b760b2dfe,いぬやマン,6,400,400,7,attack_buff,-0.1528,-0.2304,0.5833,0.7361,黍deギャリソン / さくらこはダムです / ポディアさま / クレリゴス子様 / いぬやマン,電波姫☆いまりちゃん / さくらこはダムです / メル子大先生 / 明日香大明神 / 甲羅暮らしの201号,complete
5,421,em-674193c61ffa,考えようとする男,8,200,900,6,revive,-0.1528,-0.2304,0.5833,0.7361,ハラショー☆ビッツェ / さくらこはダムです / ポディアさま / クレリゴス子様 / 考えようとする男,電波姫☆いまりちゃん / さくらこはダムです / メル子大先生 / 明日香大明神 / 甲羅暮らしの201号,complete
5,422,em-d90aa04af44f,グウィネズ兄弟,34,2066,3197,5,multi_hit_attack,-0.1736,-0.2304,0.5625,0.7361,電波姫☆いまりちゃん / さくらこはダムです / メル子大先生 / 明日香大明神 / グウィネズ兄弟,電波姫☆いまりちゃん / さくらこはダムです / メル子大先生 / 明日香大明神 / 甲羅暮らしの201号,complete
5,423,em-c36ac39461d1,こまっちゃん,8,500,500,5,aoe_attack,-0.1597,-0.2311,0.5764,0.7361,ラグーン☆南 / ペーチパイセン / ポディアさま / クレリゴス子様 / こまっちゃん,電波姫☆いまりちゃん / さくらこはダムです / メル子大先生 / 明日香大明神 / 甲羅暮らしの201号,complete
5,424,em-4f4f96fc9b98,秋の落花妖精,15,1377,1209,8,revive,-0.1667,-0.2312,0.5694,0.7361,電波姫☆いまりちゃん / メムノン２８号 / メル子大先生 / 明日香大明神 / 秋の落花妖精,電波姫☆いまりちゃん / さくらこはダムです / メル子大先生 / 明日香大明神 / 甲羅暮らしの201号,complete
5,425,em-b791d78202d5,英国面の本気,38,6816,1363,5,multi_hit_attack,-0.1667,-0.2312,0.5694,0.7361,電波姫☆いまりちゃん / ペーチパイセン / メル子大先生 / 明日香大明神 / 英国面の本気,電波姫☆いまりちゃん / さくらこはダムです / メル子大先生 / 明日香大明神 / 甲羅暮らしの201号,complete
5,426,em-2118276c6dc5,からっ風太郎,8,613,614,4,attack_buff,-0.1667,-0.2312,0.5694,0.7361,ラグーン☆南 / ペーチパイセン / ポディアさま / クレリゴス子様 / からっ風太郎,電波姫☆いまりちゃん / さくらこはダムです / メル子大先生 / 明日香大明神 / 甲羅暮らしの201号,complete
5,427,em-4486202bf7a9,名代ＰＩＧかっちゃん,13,1812,1812,4,multi_hit_attack,-0.1528,-0.2315,0.5833,0.7361,ハラショー☆ビッツェ / さくらこはダムです / ポディアさま / クレリゴス子様 / 名代ＰＩＧかっちゃん,電波姫☆いまりちゃん / さくらこはダムです / メル子大先生 / 明日香大明神 / 甲羅暮らしの201号,complete
5,428,em-e501cdcbd254,サタデーナイト郡上２,9,600,700,6,aoe_attack,-0.1528,-0.2315,0.5833,0.7361,ハラショー☆ビッツェ / さくらこはダムです / ポディアさま / クレリゴス子様 / サタデーナイト郡上２,電波姫☆いまりちゃん / さくらこはダムです / メル子大先生 / 明日香大明神 / 甲羅暮らしの201号,complete
5,429,em-aad8fae6b05f,やまとーる海佐,12,1000,700,5,damage_reduction,-0.1528,-0.2315,0.5833,0.7361,ハラショー☆ビッツェ / さくらこはダムです / ポディアさま / クレリゴス子様 / やまとーる海佐,電波姫☆いまりちゃん / さくらこはダムです / メル子大先生 / 明日香大明神 / 甲羅暮らしの201号,complete
5,430,em-df40dba7c56a,高野さん,34,4089,4089,5,skill_reduction,-0.1806,-0.2317,0.5556,0.7361,電波姫☆いまりちゃん / さくらこはダムです / メル子大先生 / 明日香大明神 / 高野さん,電波姫☆いまりちゃん / さくらこはダムです / メル子大先生 / 明日香大明神 / 甲羅暮らしの201号,partial-skill-support
5,431,em-8ef5d7909215,真・屋久トレント,15,2700,500,5,attribute_guard,-0.1736,-0.2318,0.5625,0.7361,電波姫☆いまりちゃん / メムノン２８号 / メル子大先生 / 明日香大明神 / 真・屋久トレント,電波姫☆いまりちゃん / さくらこはダムです / メル子大先生 / 明日香大明神 / 甲羅暮らしの201号,complete
5,432,em-0c67088a1447,わさわさ大根,11,2623,1184,6,delay,-0.1736,-0.2318,0.5625,0.7361,電波姫☆いまりちゃん / メムノン２８号 / メル子大先生 / 明日香大明神 / わさわさ大根,電波姫☆いまりちゃん / さくらこはダムです / メル子大先生 / 明日香大明神 / 甲羅暮らしの201号,partial-skill-support
5,433,em-90b0d123f99e,かんきゅっちゃん,15,2817,2817,5,delay,-0.1597,-0.2323,0.5764,0.7361,電波姫☆いまりちゃん / 一葉ちゃんは作家さん / メル子大先生 / 明日香大明神 / かんきゅっちゃん,電波姫☆いまりちゃん / さくらこはダムです / メル子大先生 / 明日香大明神 / 甲羅暮らしの201号,partial-skill-support
5,434,em-f13588602944,生イカのアーニー,15,3220,1610,4,attack_buff,-0.1597,-0.2323,0.5764,0.7361,電波姫☆いまりちゃん / 一葉ちゃんは作家さん / メル子大先生 / 明日香大明神 / 生イカのアーニー,電波姫☆いまりちゃん / さくらこはダムです / メル子大先生 / 明日香大明神 / 甲羅暮らしの201号,complete
5,435,em-cfca6fafbe5c,ケレントさん,16,1806,1976,5,delay,-0.1597,-0.2323,0.5764,0.7361,電波姫☆いまりちゃん / 一葉ちゃんは作家さん / メル子大先生 / 明日香大明神 / ケレントさん,電波姫☆いまりちゃん / さくらこはダムです / メル子大先生 / 明日香大明神 / 甲羅暮らしの201号,partial-skill-support
5,436,em-d61fdde3a8d0,キジーたん,16,2254,3864,4,attribute_change,-0.1597,-0.2323,0.5764,0.7361,電波姫☆いまりちゃん / 一葉ちゃんは作家さん / メル子大先生 / 明日香大明神 / キジーたん,電波姫☆いまりちゃん / さくらこはダムです / メル子大先生 / 明日香大明神 / 甲羅暮らしの201号,complete
5,437,em-d36183efe05b,アサシン,17,2093,3059,5,attack_buff,-0.1597,-0.2323,0.5764,0.7361,電波姫☆いまりちゃん / 一葉ちゃんは作家さん / メル子大先生 / 明日香大明神 / アサシン,電波姫☆いまりちゃん / さくらこはダムです / メル子大先生 / 明日香大明神 / 甲羅暮らしの201号,complete
5,438,em-a41e1401ab71,こんぴらさんさん,19,1500,1500,9,delay,-0.1597,-0.2323,0.5764,0.7361,電波姫☆いまりちゃん / 一葉ちゃんは作家さん / メル子大先生 / 明日香大明神 / こんぴらさんさん,電波姫☆いまりちゃん / さくらこはダムです / メル子大先生 / 明日香大明神 / 甲羅暮らしの201号,partial-skill-support
5,439,em-49cfaec18be0,富士五子ＢＴ５,20,2415,2737,6,delay,-0.1597,-0.2323,0.5764,0.7361,電波姫☆いまりちゃん / 一葉ちゃんは作家さん / メル子大先生 / 明日香大明神 / 富士五子ＢＴ５,電波姫☆いまりちゃん / さくらこはダムです / メル子大先生 / 明日香大明神 / 甲羅暮らしの201号,partial-skill-support
5,440,em-124d2df2b85e,ディオクレ君,23,2416,1449,4,skill_reduction,-0.1597,-0.2323,0.5764,0.7361,電波姫☆いまりちゃん / 一葉ちゃんは作家さん / メル子大先生 / 明日香大明神 / ディオクレ君,電波姫☆いまりちゃん / さくらこはダムです / メル子大先生 / 明日香大明神 / 甲羅暮らしの201号,partial-skill-support
5,441,em-8d2b5bd68a94,ズースさんとシーラさん,6,800,600,4,attack_buff,-0.1597,-0.2323,0.5764,0.7361,黍deギャリソン / さくらこはダムです / ポディアさま / クレリゴス子様 / ズースさんとシーラさん,電波姫☆いまりちゃん / さくらこはダムです / メル子大先生 / 明日香大明神 / 甲羅暮らしの201号,complete
5,442,em-1527baa8e6c0,ジャックじゃない！と,6,400,500,6,multi_hit_attack,-0.1597,-0.2323,0.5764,0.7361,黍deギャリソン / さくらこはダムです / ポディアさま / クレリゴス子様 / ジャックじゃない！と,電波姫☆いまりちゃん / さくらこはダムです / メル子大先生 / 明日香大明神 / 甲羅暮らしの201号,complete
5,443,em-19c6989d69ca,世界師匠,8,620,600,4,attack_buff,-0.1667,-0.2324,0.5694,0.7361,ラグーン☆南 / ペーチパイセン / ポディアさま / クレリゴス子様 / 世界師匠,電波姫☆いまりちゃん / さくらこはダムです / メル子大先生 / 明日香大明神 / 甲羅暮らしの201号,complete
5,444,em-5db3d70b59f7,Yo!宮子ちゃん,8,619,594,5,heal,-0.1667,-0.2324,0.5694,0.7361,ラグーン☆南 / ペーチパイセン / ポディアさま / クレリゴス子様 / Yo!宮子ちゃん,電波姫☆いまりちゃん / さくらこはダムです / メル子大先生 / 明日香大明神 / 甲羅暮らしの201号,complete
5,445,em-7be7f013e14a,一矢！もりりん,8,500,300,4,attack_buff,-0.1667,-0.2324,0.5694,0.7361,ラグーン☆南 / ペーチパイセン / ポディアさま / クレリゴス子様 / 一矢！もりりん,電波姫☆いまりちゃん / さくらこはダムです / メル子大先生 / 明日香大明神 / 甲羅暮らしの201号,complete
5,446,em-ceecd3afdba6,おかいこちゃん,8,614,613,6,attribute_change,-0.1667,-0.2324,0.5694,0.7361,ラグーン☆南 / ペーチパイセン / ポディアさま / クレリゴス子様 / おかいこちゃん,電波姫☆いまりちゃん / さくらこはダムです / メル子大先生 / 明日香大明神 / 甲羅暮らしの201号,complete
5,447,em-f49b19428b58,ちび丸のハロウィン,17,255,2896,4,revive,-0.1667,-0.2324,0.5694,0.7361,電波姫☆いまりちゃん / 一葉ちゃんは作家さん / すわ子isGOD！ / ｽﾌﾟﾗ♡な琵琶子たん / ちび丸のハロウィン,電波姫☆いまりちゃん / さくらこはダムです / メル子大先生 / 明日香大明神 / 甲羅暮らしの201号,complete
5,448,em-a58c4fcc6b2e,けねず大先生,14,1699,1699,4,damage_reduction,-0.1528,-0.2325,0.5833,0.7361,ハラショー☆ビッツェ / さくらこはダムです / ポディアさま / クレリゴス子様 / けねず大先生,電波姫☆いまりちゃん / さくらこはダムです / メル子大先生 / 明日香大明神 / 甲羅暮らしの201号,complete
5,449,em-87d7d883c438,ニートエンペラー,10,459,565,7,damage_reduction,-0.1458,-0.233,0.5903,0.7361,ハラショー☆ビッツェ / さくらこはダムです / ポディアさま / クレリゴス子様 / ニートエンペラー,電波姫☆いまりちゃん / さくらこはダムです / メル子大先生 / 明日香大明神 / 甲羅暮らしの201号,complete
5,450,em-9e9fc5ee5a9c,深淵のエルフ,18,2537,3059,4,attack_buff,-0.1597,-0.2333,0.5764,0.7361,電波姫☆いまりちゃん / 一葉ちゃんは作家さん / メル子大先生 / 明日香大明神 / 深淵のエルフ,電波姫☆いまりちゃん / さくらこはダムです / メル子大先生 / 明日香大明神 / 甲羅暮らしの201号,complete
5,451,em-24bedbdcce05,ｱｲｽ大好きあいちゃん,12,1500,700,5,damage_reduction,-0.1528,-0.2335,0.5833,0.7361,ハラショー☆ビッツェ / さくらこはダムです / ポディアさま / クレリゴス子様 / ｱｲｽ大好きあいちゃん,電波姫☆いまりちゃん / さくらこはダムです / メル子大先生 / 明日香大明神 / 甲羅暮らしの201号,complete
5,452,em-9c69c811a77c,ヤック・ザ・ナイト,8,600,700,5,multi_hit_attack,-0.1667,-0.2337,0.5694,0.7361,ラグーン☆南 / ペーチパイセン / ポディアさま / クレリゴス子様 / ヤック・ザ・ナイト,電波姫☆いまりちゃん / さくらこはダムです / メル子大先生 / 明日香大明神 / 甲羅暮らしの201号,complete
5,453,em-0dd32666a6ad,島原のトッキー,8,610,610,5,attack_buff,-0.1667,-0.2337,0.5694,0.7361,ラグーン☆南 / ペーチパイセン / ポディアさま / クレリゴス子様 / 島原のトッキー,電波姫☆いまりちゃん / さくらこはダムです / メル子大先生 / 明日香大明神 / 甲羅暮らしの201号,complete
5,454,em-0e72749fac67,たこ焼きーナ師匠,8,561,2446,4,attack_buff,-0.1667,-0.2337,0.5694,0.7361,ラグーン☆南 / ペーチパイセン / ポディアさま / クレリゴス子様 / たこ焼きーナ師匠,電波姫☆いまりちゃん / さくらこはダムです / メル子大先生 / 明日香大明神 / 甲羅暮らしの201号,complete
5,455,em-199d9437f3d7,鈴鹿次郎三郎,8,593,1809,5,attack_buff,-0.1667,-0.2337,0.5694,0.7361,ラグーン☆南 / ペーチパイセン / ポディアさま / クレリゴス子様 / 鈴鹿次郎三郎,電波姫☆いまりちゃん / さくらこはダムです / メル子大先生 / 明日香大明神 / 甲羅暮らしの201号,complete
5,456,em-8c2d07fc54f7,ぶらけっと・ぽ子,20,1900,700,5,attribute_change,-0.1667,-0.2337,0.5694,0.7361,電波姫☆いまりちゃん / 一葉ちゃんは作家さん / メル子大先生 / 明日香大明神 / ぶらけっと・ぽ子,電波姫☆いまりちゃん / さくらこはダムです / メル子大先生 / 明日香大明神 / 甲羅暮らしの201号,complete
5,457,em-5159963bb3c8,むっこさん,15,2415,2415,5,attack_buff,-0.1597,-0.2344,0.5764,0.7361,電波姫☆いまりちゃん / 一葉ちゃんは作家さん / メル子大先生 / 明日香大明神 / むっこさん,電波姫☆いまりちゃん / さくらこはダムです / メル子大先生 / 明日香大明神 / 甲羅暮らしの201号,complete
5,458,em-79a4cfaf943a,たこ焼きーナ先生,6,252,1210,4,attack_buff,-0.1597,-0.2344,0.5764,0.7361,黍deギャリソン / さくらこはダムです / ポディアさま / クレリゴス子様 / たこ焼きーナ先生,電波姫☆いまりちゃん / さくらこはダムです / メル子大先生 / 明日香大明神 / 甲羅暮らしの201号,complete
5,459,em-ddba9f91bab7,注入！とちぎソウル,6,280,700,5,attack_buff,-0.1597,-0.2344,0.5764,0.7361,黍deギャリソン / さくらこはダムです / ポディアさま / クレリゴス子様 / 注入！とちぎソウル,電波姫☆いまりちゃん / さくらこはダムです / メル子大先生 / 明日香大明神 / 甲羅暮らしの201号,complete
5,460,em-a058dba31969,月見だよ！叡智州利偉,10,1100,2002,4,attack_buff,-0.1597,-0.2344,0.5764,0.7361,ハラショー☆ビッツェ / さくらこはダムです / ポディアさま / クレリゴス子様 / 月見だよ！叡智州利偉,電波姫☆いまりちゃん / さくらこはダムです / メル子大先生 / 明日香大明神 / 甲羅暮らしの201号,complete
5,461,em-9a37900ca77a,椴椎葉仁久連子,14,830,2567,4,attack_buff,-0.1597,-0.2344,0.5764,0.7361,ハラショー☆ビッツェ / さくらこはダムです / ポディアさま / クレリゴス子様 / 椴椎葉仁久連子,電波姫☆いまりちゃん / さくらこはダムです / メル子大先生 / 明日香大明神 / 甲羅暮らしの201号,complete
5,462,em-bb7a6030ff92,さくらちゃん,6,333,333,6,attribute_change,-0.1597,-0.2344,0.5764,0.7361,黍deギャリソン / さくらこはダムです / ポディアさま / クレリゴス子様 / さくらちゃん,電波姫☆いまりちゃん / さくらこはダムです / メル子大先生 / 明日香大明神 / 甲羅暮らしの201号,complete
5,463,em-0a1ba0b1d216,首領・小太郎,10,1215,1187,5,heal,-0.1528,-0.2354,0.5833,0.7361,ハラショー☆ビッツェ / さくらこはダムです / ポディアさま / クレリゴス子様 / 首領・小太郎,電波姫☆いまりちゃん / さくらこはダムです / メル子大先生 / 明日香大明神 / 甲羅暮らしの201号,complete
5,464,em-30dec89ba9f9,大杉妹者,10,800,500,4,guard,-0.1597,-0.2355,0.5764,0.7361,ハラショー☆ビッツェ / さくらこはダムです / ポディアさま / クレリゴス子様 / 大杉妹者,電波姫☆いまりちゃん / さくらこはダムです / メル子大先生 / 明日香大明神 / 甲羅暮らしの201号,complete
5,465,em-b2a34a5cad3d,わさびエンペラー,12,1500,600,4,guard,-0.1597,-0.2355,0.5764,0.7361,ハラショー☆ビッツェ / さくらこはダムです / ポディアさま / クレリゴス子様 / わさびエンペラー,電波姫☆いまりちゃん / さくらこはダムです / メル子大先生 / 明日香大明神 / 甲羅暮らしの201号,complete
5,466,em-56b4dd31512c,イタ子さん,10,200,500,6,revive,-0.1597,-0.2355,0.5764,0.7361,ハラショー☆ビッツェ / さくらこはダムです / ポディアさま / クレリゴス子様 / イタ子さん,電波姫☆いまりちゃん / さくらこはダムです / メル子大先生 / 明日香大明神 / 甲羅暮らしの201号,complete
5,467,em-5243f0a3b3b5,猫毘沙門天,47,4430,4089,5,aoe_attack,-0.1736,-0.2358,0.5625,0.7361,電波姫☆いまりちゃん / さくらこはダムです / タミちゃん / 明日香大明神 / 猫毘沙門天,電波姫☆いまりちゃん / さくらこはダムです / メル子大先生 / 明日香大明神 / 甲羅暮らしの201号,complete
5,468,em-d35809f53912,鎌倉式ＤＢ２零式,15,1807,856,9,guard,-0.1736,-0.2358,0.5625,0.7361,電波姫☆いまりちゃん / メムノン２８号 / メル子大先生 / 明日香大明神 / 鎌倉式ＤＢ２零式,電波姫☆いまりちゃん / さくらこはダムです / メル子大先生 / 明日香大明神 / 甲羅暮らしの201号,complete
5,469,em-76311eb8b6ba,Halloweenな藤原マミー,18,1208,1963,5,revive,-0.1736,-0.2358,0.5625,0.7361,電波姫☆いまりちゃん / 一葉ちゃんは作家さん / すわ子isGOD！ / ｽﾌﾟﾗ♡な琵琶子たん / Halloweenな藤原マミー,電波姫☆いまりちゃん / さくらこはダムです / メル子大先生 / 明日香大明神 / 甲羅暮らしの201号,complete
5,470,em-c054e8fb0a71,まいこちゃん,8,600,605,7,heal,-0.1667,-0.236,0.5694,0.7361,ラグーン☆南 / ペーチパイセン / ポディアさま / クレリゴス子様 / まいこちゃん,電波姫☆いまりちゃん / さくらこはダムです / メル子大先生 / 明日香大明神 / 甲羅暮らしの201号,complete
5,471,em-e4ef5c29ddf5,春の落花妖精,8,613,597,8,revive,-0.1667,-0.236,0.5694,0.7361,ラグーン☆南 / ペーチパイセン / ポディアさま / クレリゴス子様 / 春の落花妖精,電波姫☆いまりちゃん / さくらこはダムです / メル子大先生 / 明日香大明神 / 甲羅暮らしの201号,complete
5,472,em-f516b3a09f3e,ハクさん,8,800,1000,5,attack_buff,-0.1667,-0.236,0.5694,0.7361,ラグーン☆南 / ペーチパイセン / ポディアさま / クレリゴス子様 / ハクさん,電波姫☆いまりちゃん / さくらこはダムです / メル子大先生 / 明日香大明神 / 甲羅暮らしの201号,complete
5,473,em-076a0181e290,夏の海の天の川伝説,77,9372,5623,6,heal,-0.1667,-0.236,0.5694,0.7361,アリストソテツ / ペーチパイセン / 王国民ゴロウ / シーラちゃん / 夏の海の天の川伝説,電波姫☆いまりちゃん / さくらこはダムです / メル子大先生 / 明日香大明神 / 甲羅暮らしの201号,complete
5,474,em-b9c45079812c,冬籠りだヨ！落花妖精,22,2530,2624,8,revive,-0.1597,-0.2365,0.5764,0.7361,電波姫☆いまりちゃん / 一葉ちゃんは作家さん / メル子大先生 / 明日香大明神 / 冬籠りだヨ！落花妖精,電波姫☆いまりちゃん / さくらこはダムです / メル子大先生 / 明日香大明神 / 甲羅暮らしの201号,complete
5,475,em-1abf600d3612,祝宴！さくらぴよ子,8,1359,2265,5,attack_buff,-0.1597,-0.2365,0.5764,0.7361,ハラショー☆ビッツェ / さくらこはダムです / ポディアさま / クレリゴス子様 / 祝宴！さくらぴよ子,電波姫☆いまりちゃん / さくらこはダムです / メル子大先生 / 明日香大明神 / 甲羅暮らしの201号,complete
5,476,em-2bce81b8821a,ネオ・まつやマンＺ,14,1661,1661,4,attack_buff,-0.1597,-0.2365,0.5764,0.7361,ハラショー☆ビッツェ / さくらこはダムです / ポディアさま / クレリゴス子様 / ネオ・まつやマンＺ,電波姫☆いまりちゃん / さくらこはダムです / メル子大先生 / 明日香大明神 / 甲羅暮らしの201号,complete
5,477,em-75717188c18a,あ、しょーか大先生,13,1812,1963,4,multi_hit_attack,-0.1667,-0.2371,0.5694,0.7361,電波姫☆いまりちゃん / メムノン２８号 / すわ子isGOD！ / 明日香大明神 / あ、しょーか大先生,電波姫☆いまりちゃん / さくらこはダムです / メル子大先生 / 明日香大明神 / 甲羅暮らしの201号,complete
5,478,em-8421c50f30c7,しょーかさん,8,700,800,6,multi_hit_attack,-0.1667,-0.2371,0.5694,0.7361,ラグーン☆南 / ペーチパイセン / ポディアさま / クレリゴス子様 / しょーかさん,電波姫☆いまりちゃん / さくらこはダムです / メル子大先生 / 明日香大明神 / 甲羅暮らしの201号,complete
5,479,em-a6927eca01fa,すわ子ちゃん,8,500,800,6,multi_hit_attack,-0.1667,-0.2371,0.5694,0.7361,ラグーン☆南 / ペーチパイセン / ポディアさま / クレリゴス子様 / すわ子ちゃん,電波姫☆いまりちゃん / さくらこはダムです / メル子大先生 / 明日香大明神 / 甲羅暮らしの201号,complete
5,480,em-35e37020b193,æッシュちゃん,17,3542,2254,5,attribute_guard,-0.1667,-0.2371,0.5694,0.7361,電波姫☆いまりちゃん / 一葉ちゃんは作家さん / メル子大先生 / 明日香大明神 / æッシュちゃん,電波姫☆いまりちゃん / さくらこはダムです / メル子大先生 / 明日香大明神 / 甲羅暮らしの201号,complete
5,481,em-087b0527fee6,代打ササニキ,10,700,600,6,aoe_attack,-0.1667,-0.2371,0.5694,0.7361,ハラショー☆ビッツェ / さくらこはダムです / ポディアさま / クレリゴス子様 / 代打ササニキ,電波姫☆いまりちゃん / さくらこはダムです / メル子大先生 / 明日香大明神 / 甲羅暮らしの201号,complete
5,482,em-1a5f7bc3661b,萌やし男子,7,300,700,4,attack_buff,-0.1597,-0.2376,0.5764,0.7361,黍deギャリソン / さくらこはダムです / ポディアさま / クレリゴス子様 / 萌やし男子,電波姫☆いまりちゃん / さくらこはダムです / メル子大先生 / 明日香大明神 / 甲羅暮らしの201号,complete
5,483,em-a4d82c09dd0f,魂入！とちぎソウル,7,565,1837,4,attack_buff,-0.1597,-0.2376,0.5764,0.7361,黍deギャリソン / さくらこはダムです / ポディアさま / クレリゴス子様 / 魂入！とちぎソウル,電波姫☆いまりちゃん / さくらこはダムです / メル子大先生 / 明日香大明神 / 甲羅暮らしの201号,complete
5,484,em-b09ebd864da6,みずがめəろまちゃん,14,1057,1198,4,revive,-0.1597,-0.2376,0.5764,0.7361,ハラショー☆ビッツェ / さくらこはダムです / ポディアさま / クレリゴス子様 / みずがめəろまちゃん,電波姫☆いまりちゃん / さくらこはダムです / メル子大先生 / 明日香大明神 / 甲羅暮らしの201号,complete
5,485,em-2d25089fd0f5,すげェ！かるたーニャ,12,750,850,5,attack_buff,-0.1597,-0.2376,0.5764,0.7361,ハラショー☆ビッツェ / さくらこはダムです / ポディアさま / クレリゴス子様 / すげェ！かるたーニャ,電波姫☆いまりちゃん / さくらこはダムです / メル子大先生 / 明日香大明神 / 甲羅暮らしの201号,complete
5,486,em-7960727b4ac3,伝説のひろし,15,1681,1714,5,attack_buff,-0.1806,-0.2376,0.5556,0.7361,電波姫☆いまりちゃん / メムノン２８号 / メル子大先生 / 明日香大明神 / 伝説のひろし,電波姫☆いまりちゃん / さくらこはダムです / メル子大先生 / 明日香大明神 / 甲羅暮らしの201号,complete
5,487,em-1e4dd5118669,三春瀧さくら,38,3919,3408,4,damage_reduction,-0.1806,-0.2376,0.5556,0.7361,電波姫☆いまりちゃん / どんこ太郎 / すわ子isGOD！ / 明日香大明神 / 三春瀧さくら,電波姫☆いまりちゃん / さくらこはダムです / メル子大先生 / 明日香大明神 / 甲羅暮らしの201号,complete
5,488,em-8a847b9e3d1d,アストロ・あっしゅ,15,1900,1100,5,attribute_guard,-0.1667,-0.2383,0.5694,0.7361,電波姫☆いまりちゃん / 一葉ちゃんは作家さん / メル子大先生 / 明日香大明神 / アストロ・あっしゅ,電波姫☆いまりちゃん / さくらこはダムです / メル子大先生 / 明日香大明神 / 甲羅暮らしの201号,complete
5,489,em-0dca19ae5992,降臨！天草トッキー,43,4260,5964,4,attack_buff,-0.1736,-0.2384,0.5625,0.7361,電波姫☆いまりちゃん / どんこ太郎 / メル子大先生 / 明日香大明神 / 降臨！天草トッキー,電波姫☆いまりちゃん / さくらこはダムです / メル子大先生 / 明日香大明神 / 甲羅暮らしの201号,complete
5,490,em-51bdb94ec3b1,熱ぅい！地獄雀,43,5964,3408,4,revive,-0.1736,-0.2384,0.5625,0.7361,電波姫☆いまりちゃん / どんこ太郎 / メル子大先生 / 明日香大明神 / 熱ぅい！地獄雀,電波姫☆いまりちゃん / さくらこはダムです / メル子大先生 / 明日香大明神 / 甲羅暮らしの201号,complete
5,491,em-883c35b094ae,淡路でくろこップ,8,605,600,8,skill_reduction,-0.1736,-0.2384,0.5625,0.7361,ラグーン☆南 / ペーチパイセン / ポディアさま / クレリゴス子様 / 淡路でくろこップ,電波姫☆いまりちゃん / さくらこはダムです / メル子大先生 / 明日香大明神 / 甲羅暮らしの201号,partial-skill-support
5,492,em-d558df6f2e69,シーギリヤ先生,13,2383,973,8,damage_reduction,-0.1736,-0.2384,0.5625,0.7361,電波姫☆いまりちゃん / 一葉ちゃんは作家さん / すわ子isGOD！ / 明日香大明神 / シーギリヤ先生,電波姫☆いまりちゃん / さくらこはダムです / メル子大先生 / 明日香大明神 / 甲羅暮らしの201号,complete
5,493,em-17bd2a472653,鷹山先生,8,305,305,6,delay,-0.1736,-0.2384,0.5625,0.7361,ラグーン☆南 / ペーチパイセン / ポディアさま / クレリゴス子様 / 鷹山先生,電波姫☆いまりちゃん / さくらこはダムです / メル子大先生 / 明日香大明神 / 甲羅暮らしの201号,partial-skill-support
5,494,em-2d8e102d95f3,えぇじゃないか,8,640,580,7,aoe_attack,-0.1736,-0.2384,0.5625,0.7361,ラグーン☆南 / ペーチパイセン / ポディアさま / クレリゴス子様 / えぇじゃないか,電波姫☆いまりちゃん / さくらこはダムです / メル子大先生 / 明日香大明神 / 甲羅暮らしの201号,complete
5,495,em-2b3991ed5705,伝統の牛タソ,10,600,100,4,guard,-0.1597,-0.2386,0.5764,0.7361,ハラショー☆ビッツェ / さくらこはダムです / ポディアさま / クレリゴス子様 / 伝統の牛タソ,電波姫☆いまりちゃん / さくらこはダムです / メル子大先生 / 明日香大明神 / 甲羅暮らしの201号,complete
5,496,em-bbcd19672515,ＭＲ凜子様,13,1699,1699,4,attack_buff,-0.1597,-0.2386,0.5764,0.7361,ハラショー☆ビッツェ / さくらこはダムです / ポディアさま / クレリゴス子様 / ＭＲ凜子様,電波姫☆いまりちゃん / さくらこはダムです / メル子大先生 / 明日香大明神 / 甲羅暮らしの201号,complete
5,497,em-6b8007792f3c,因幡WAHHH!!,32,3578,4771,4,attack_buff,-0.1875,-0.2388,0.5486,0.7361,電波姫☆いまりちゃん / さくらこはダムです / メル子大先生 / 明日香大明神 / 因幡WAHHH!!,電波姫☆いまりちゃん / さくらこはダムです / メル子大先生 / 明日香大明神 / 甲羅暮らしの201号,complete
5,498,em-f35caa7e177a,モンポスさん,40,5112,2556,4,damage_reduction,-0.1806,-0.239,0.5556,0.7361,電波姫☆いまりちゃん / どんこ太郎 / すわ子isGOD！ / 明日香大明神 / モンポスさん,電波姫☆いまりちゃん / さくらこはダムです / メル子大先生 / 明日香大明神 / 甲羅暮らしの201号,complete
5,499,em-c1137ad2cb1c,繊細さん？な芥川君,15,1400,3703,5,skill_reduction,-0.1806,-0.239,0.5556,0.7361,電波姫☆いまりちゃん / メムノン２８号 / メル子大先生 / 明日香大明神 / 繊細さん？な芥川君,電波姫☆いまりちゃん / さくらこはダムです / メル子大先生 / 明日香大明神 / 甲羅暮らしの201号,partial-skill-support
5,500,em-0ba3ddcc384c,雛段芸人☆さくらんず,16,1510,1887,5,skill_reduction,-0.1806,-0.239,0.5556,0.7361,電波姫☆いまりちゃん / メムノン２８号 / メル子大先生 / 明日香大明神 / 雛段芸人☆さくらんず,電波姫☆いまりちゃん / さくらこはダムです / メル子大先生 / 明日香大明神 / 甲羅暮らしの201号,partial-skill-support
5,501,em-a5c7dcdde3ff,水島神人発見される,10,900,400,4,guard,-0.1597,-0.2396,0.5764,0.7361,ハラショー☆ビッツェ / さくらこはダムです / ポディアさま / クレリゴス子様 / 水島神人発見される,電波姫☆いまりちゃん / さくらこはダムです / メル子大先生 / 明日香大明神 / 甲羅暮らしの201号,complete
5,502,em-f88f213eb120,黄金地蔵とげぬきィ！,12,1201,1201,5,revive,-0.1597,-0.2396,0.5764,0.7361,ハラショー☆ビッツェ / さくらこはダムです / ポディアさま / クレリゴス子様 / 黄金地蔵とげぬきィ！,電波姫☆いまりちゃん / さくらこはダムです / メル子大先生 / 明日香大明神 / 甲羅暮らしの201号,complete
5,503,em-5ca14322a82d,蓮那由太郎,43,4771,3493,5,attack_buff,-0.1736,-0.2396,0.5625,0.7361,電波姫☆いまりちゃん / どんこ太郎 / メル子大先生 / 明日香大明神 / 蓮那由太郎,電波姫☆いまりちゃん / さくらこはダムです / メル子大先生 / 明日香大明神 / 甲羅暮らしの201号,complete
5,504,em-b4d8c230226b,風林火山のぶくろ！,40,4089,4430,5,aoe_attack,-0.1806,-0.2403,0.5556,0.7361,電波姫☆いまりちゃん / どんこ太郎 / すわ子isGOD！ / 明日香大明神 / 風林火山のぶくろ！,電波姫☆いまりちゃん / さくらこはダムです / メル子大先生 / 明日香大明神 / 甲羅暮らしの201号,complete
5,505,em-bec6f1f283e1,ソテツの分際,6,2397,1128,6,delay,-0.1806,-0.2403,0.5556,0.7361,電波姫☆いまりちゃん / メムノン２８号 / メル子大先生 / 明日香大明神 / ソテツの分際,電波姫☆いまりちゃん / さくらこはダムです / メル子大先生 / 明日香大明神 / 甲羅暮らしの201号,partial-skill-support
5,506,em-41f8257ca22d,ふわふわさん,10,2839,1134,6,skill_reduction,-0.1806,-0.2403,0.5556,0.7361,電波姫☆いまりちゃん / メムノン２８号 / メル子大先生 / 明日香大明神 / ふわふわさん,電波姫☆いまりちゃん / さくらこはダムです / メル子大先生 / 明日香大明神 / 甲羅暮らしの201号,partial-skill-support
5,507,em-e128354ca2de,シュレーダー帝,31,1795,3097,6,revive,-0.1875,-0.2404,0.5486,0.7361,電波姫☆いまりちゃん / さくらこはダムです / メル子大先生 / 明日香大明神 / シュレーダー帝,電波姫☆いまりちゃん / さくらこはダムです / メル子大先生 / 明日香大明神 / 甲羅暮らしの201号,complete
5,508,em-e9920083c6ca,まいこさん,9,700,704,6,heal,-0.1597,-0.2406,0.5764,0.7361,ハラショー☆ビッツェ / さくらこはダムです / ポディアさま / クレリゴス子様 / まいこさん,電波姫☆いまりちゃん / さくらこはダムです / メル子大先生 / 明日香大明神 / 甲羅暮らしの201号,complete
5,509,em-a40959a5dd0d,耐えるよ霧子たん,13,515,465,6,revive,-0.1597,-0.2406,0.5764,0.7361,ハラショー☆ビッツェ / さくらこはダムです / ポディアさま / クレリゴス子様 / 耐えるよ霧子たん,電波姫☆いまりちゃん / さくらこはダムです / メル子大先生 / 明日香大明神 / 甲羅暮らしの201号,complete
5,510,em-8f0d43ba8a34,一羽のうっぴー,8,500,600,4,skill_reduction,-0.1736,-0.2408,0.5625,0.7361,ラグーン☆南 / ペーチパイセン / ポディアさま / クレリゴス子様 / 一羽のうっぴー,電波姫☆いまりちゃん / さくらこはダムです / メル子大先生 / 明日香大明神 / 甲羅暮らしの201号,partial-skill-support
5,511,em-9065b5251eba,こすもっすん,8,600,606,6,skill_reduction,-0.1736,-0.2408,0.5625,0.7361,ラグーン☆南 / ペーチパイセン / ポディアさま / クレリゴス子様 / こすもっすん,電波姫☆いまりちゃん / さくらこはダムです / メル子大先生 / 明日香大明神 / 甲羅暮らしの201号,partial-skill-support
5,512,em-98939d92fea9,グリンすマン,8,613,593,7,delay,-0.1736,-0.2408,0.5625,0.7361,ラグーン☆南 / ペーチパイセン / ポディアさま / クレリゴス子様 / グリンすマン,電波姫☆いまりちゃん / さくらこはダムです / メル子大先生 / 明日香大明神 / 甲羅暮らしの201号,partial-skill-support
5,513,em-a6bb6a2ca6a6,忍法系男子,8,580,625,7,skill_reduction,-0.1736,-0.2408,0.5625,0.7361,ラグーン☆南 / ペーチパイセン / ポディアさま / クレリゴス子様 / 忍法系男子,電波姫☆いまりちゃん / さくらこはダムです / メル子大先生 / 明日香大明神 / 甲羅暮らしの201号,partial-skill-support
5,514,em-9d222b05530c,So!宮子ちゃん,11,715,692,5,heal,-0.1597,-0.2416,0.5764,0.7361,ハラショー☆ビッツェ / さくらこはダムです / ポディアさま / クレリゴス子様 / So!宮子ちゃん,電波姫☆いまりちゃん / さくらこはダムです / メル子大先生 / 明日香大明神 / 甲羅暮らしの201号,complete
5,515,em-90c9b7a939a7,九十九里流,37,2982,5112,4,attack_buff,-0.1806,-0.2417,0.5556,0.7361,電波姫☆いまりちゃん / ペーチパイセン / メル子大先生 / 明日香大明神 / 九十九里流,電波姫☆いまりちゃん / さくらこはダムです / メル子大先生 / 明日香大明神 / 甲羅暮らしの201号,complete
5,516,em-e74f447e061a,あわわ子先生,16,1500,1500,4,attack_buff,-0.1806,-0.2417,0.5556,0.7361,電波姫☆いまりちゃん / メムノン２８号 / メル子大先生 / 明日香大明神 / あわわ子先生,電波姫☆いまりちゃん / さくらこはダムです / メル子大先生 / 明日香大明神 / 甲羅暮らしの201号,complete
5,517,em-841f5b6f1015,かŋがえる王,15,493,1762,5,revive,-0.1806,-0.2417,0.5556,0.7361,電波姫☆いまりちゃん / メムノン２８号 / すわ子isGOD！ / おあげさん / かŋがえる王,電波姫☆いまりちゃん / さくらこはダムです / メル子大先生 / 明日香大明神 / 甲羅暮らしの201号,complete
5,518,em-9ca244c83a38,ʤouカー＆ʧouカー,16,1510,2124,4,delay,-0.1806,-0.2417,0.5556,0.7361,電波姫☆いまりちゃん / メムノン２８号 / メル子大先生 / 明日香大明神 / ʤouカー＆ʧouカー,電波姫☆いまりちゃん / さくらこはダムです / メル子大先生 / 明日香大明神 / 甲羅暮らしの201号,partial-skill-support
5,519,em-96c8b7af6f5c,ネギtheダーウィン,30,5112,0,5,attribute_change,-0.1875,-0.2419,0.5486,0.7361,電波姫☆いまりちゃん / さくらこはダムです / すわ子isGOD！ / 明日香大明神 / ネギtheダーウィン,電波姫☆いまりちゃん / さくらこはダムです / メル子大先生 / 明日香大明神 / 甲羅暮らしの201号,complete
5,520,em-472362bb4365,超えぇじゃないか,12,840,760,6,aoe_attack,-0.1597,-0.2426,0.5764,0.7361,ハラショー☆ビッツェ / さくらこはダムです / ポディアさま / クレリゴス子様 / 超えぇじゃないか,電波姫☆いまりちゃん / さくらこはダムです / メル子大先生 / 明日香大明神 / 甲羅暮らしの201号,complete
5,521,em-0db7aa7aba43,大杉兄者,8,700,400,5,guard,-0.1667,-0.2426,0.5694,0.7361,ハラショー☆ビッツェ / さくらこはダムです / ポディアさま / クレリゴス子様 / 大杉兄者,電波姫☆いまりちゃん / さくらこはダムです / メル子大先生 / 明日香大明神 / 甲羅暮らしの201号,complete
5,522,em-287f0053ada3,屋久トレント,8,1180,340,6,attribute_guard,-0.1667,-0.2426,0.5694,0.7361,ハラショー☆ビッツェ / さくらこはダムです / ポディアさま / クレリゴス子様 / 屋久トレント,電波姫☆いまりちゃん / さくらこはダムです / メル子大先生 / 明日香大明神 / 甲羅暮らしの201号,complete
5,523,em-552cb7200ab1,エンジェル美夫,9,700,800,4,attack_buff,-0.1667,-0.2426,0.5694,0.7361,ハラショー☆ビッツェ / さくらこはダムです / ポディアさま / クレリゴス子様 / エンジェル美夫,電波姫☆いまりちゃん / さくらこはダムです / メル子大先生 / 明日香大明神 / 甲羅暮らしの201号,complete
5,524,em-d176a6300617,シルバーとげぬきさん,10,490,490,5,revive,-0.1667,-0.2426,0.5694,0.7361,ハラショー☆ビッツェ / さくらこはダムです / ポディアさま / クレリゴス子様 / シルバーとげぬきさん,電波姫☆いまりちゃん / さくらこはダムです / メル子大先生 / 明日香大明神 / 甲羅暮らしの201号,complete
5,525,em-4c5fdb8d93e7,新・屋久トレント,12,1550,450,5,attribute_guard,-0.1667,-0.2426,0.5694,0.7361,ハラショー☆ビッツェ / さくらこはダムです / ポディアさま / クレリゴス子様 / 新・屋久トレント,電波姫☆いまりちゃん / さくらこはダムです / メル子大先生 / 明日香大明神 / 甲羅暮らしの201号,complete
5,526,em-49b522eac464,ジェヴォたんは狼？,43,3006,6022,4,multi_hit_attack,-0.1806,-0.243,0.5556,0.7361,電波姫☆いまりちゃん / どんこ太郎 / メル子大先生 / 明日香大明神 / ジェヴォたんは狼？,電波姫☆いまりちゃん / さくらこはダムです / メル子大先生 / 明日香大明神 / 甲羅暮らしの201号,complete
5,527,em-89d24fcb64fb,輝虎さま,16,1500,1500,6,aoe_attack,-0.1806,-0.243,0.5556,0.7361,電波姫☆いまりちゃん / メムノン２８号 / メル子大先生 / 明日香大明神 / 輝虎さま,電波姫☆いまりちゃん / さくらこはダムです / メル子大先生 / 明日香大明神 / 甲羅暮らしの201号,complete
5,528,em-f0bd2d18332e,Woo怪さん,8,600,700,6,multi_hit_attack,-0.1736,-0.2431,0.5625,0.7361,ラグーン☆南 / ペーチパイセン / ポディアさま / クレリゴス子様 / Woo怪さん,電波姫☆いまりちゃん / さくらこはダムです / メル子大先生 / 明日香大明神 / 甲羅暮らしの201号,complete
5,529,em-cec2f0ad9373,Dr.フォックス,40,4089,4430,4,delay,-0.1875,-0.2433,0.5486,0.7361,電波姫☆いまりちゃん / どんこ太郎 / すわ子isGOD！ / 明日香大明神 / Dr.フォックス,電波姫☆いまりちゃん / さくらこはダムです / メル子大先生 / 明日香大明神 / 甲羅暮らしの201号,partial-skill-support
5,530,em-5819b668aba5,ﾌﾗｲﾝｸﾞ･ﾀﾞｯﾁさん,41,3403,4601,5,delay,-0.1875,-0.2433,0.5486,0.7361,電波姫☆いまりちゃん / どんこ太郎 / すわ子isGOD！ / 明日香大明神 / ﾌﾗｲﾝｸﾞ･ﾀﾞｯﾁさん,電波姫☆いまりちゃん / さくらこはダムです / メル子大先生 / 明日香大明神 / 甲羅暮らしの201号,partial-skill-support
5,531,em-5a5c1d1004c1,妖精女王ミカーンニア,42,3408,4771,4,skill_reduction,-0.1875,-0.2433,0.5486,0.7361,電波姫☆いまりちゃん / どんこ太郎 / すわ子isGOD！ / 明日香大明神 / 妖精女王ミカーンニア,電波姫☆いまりちゃん / さくらこはダムです / メル子大先生 / 明日香大明神 / 甲羅暮らしの201号,partial-skill-support
5,532,em-f647c6633f95,爆誕！さくどん,42,3408,4260,7,delay,-0.1875,-0.2433,0.5486,0.7361,電波姫☆いまりちゃん / どんこ太郎 / すわ子isGOD！ / 明日香大明神 / 爆誕！さくどん,電波姫☆いまりちゃん / さくらこはダムです / メル子大先生 / 明日香大明神 / 甲羅暮らしの201号,partial-skill-support
5,533,em-e62419429441,ナナコちゃん先生,13,987,987,5,aoe_attack,-0.1597,-0.2435,0.5764,0.7361,ハラショー☆ビッツェ / さくらこはダムです / ポディアさま / クレリゴス子様 / ナナコちゃん先生,電波姫☆いまりちゃん / さくらこはダムです / メル子大先生 / 明日香大明神 / 甲羅暮らしの201号,complete
5,534,em-f8d808926639,吉野スライミング,8,690,390,5,guard,-0.1667,-0.2437,0.5694,0.7361,ハラショー☆ビッツェ / さくらこはダムです / ポディアさま / クレリゴス子様 / 吉野スライミング,電波姫☆いまりちゃん / さくらこはダムです / メル子大先生 / 明日香大明神 / 甲羅暮らしの201号,complete
5,535,em-9e229ad31505,ぜんまるくん先輩,13,1410,987,5,attack_buff,-0.1667,-0.2437,0.5694,0.7361,ハラショー☆ビッツェ / さくらこはダムです / ポディアさま / クレリゴス子様 / ぜんまるくん先輩,電波姫☆いまりちゃん / さくらこはダムです / メル子大先生 / 明日香大明神 / 甲羅暮らしの201号,complete
5,536,em-45dad5139056,ベギン改・修道女,37,4565,4467,4,revive,-0.1806,-0.2442,0.5556,0.7361,電波姫☆いまりちゃん / ペーチパイセン / すわ子isGOD！ / 明日香大明神 / ベギン改・修道女,電波姫☆いまりちゃん / さくらこはダムです / メル子大先生 / 明日香大明神 / 甲羅暮らしの201号,complete
5,537,em-d5cc3c3b432b,新・ＰＩＧかっちゃん,9,600,600,6,multi_hit_attack,-0.1736,-0.2443,0.5625,0.7361,ハラショー☆ビッツェ / さくらこはダムです / ポディアさま / クレリゴス子様 / 新・ＰＩＧかっちゃん,電波姫☆いまりちゃん / さくらこはダムです / メル子大先生 / 明日香大明神 / 甲羅暮らしの201号,complete
5,538,em-c7ca0cfdb77b,護国の盾,14,1887,1510,5,attribute_guard,-0.1667,-0.2447,0.5694,0.7361,ハラショー☆ビッツェ / さくらこはダムです / ポディアさま / クレリゴス子様 / 護国の盾,電波姫☆いまりちゃん / さくらこはダムです / メル子大先生 / 明日香大明神 / 甲羅暮らしの201号,complete
5,539,em-093a94ca0f33,スピードキング,8,607,612,6,attack_buff,-0.1667,-0.2447,0.5694,0.7361,ハラショー☆ビッツェ / さくらこはダムです / ポディアさま / クレリゴス子様 / スピードキング,電波姫☆いまりちゃん / さくらこはダムです / メル子大先生 / 明日香大明神 / 甲羅暮らしの201号,complete
5,540,em-0933d818ee52,ブラックナイト,10,703,698,6,attack_buff,-0.1667,-0.2447,0.5694,0.7361,ハラショー☆ビッツェ / さくらこはダムです / ポディアさま / クレリゴス子様 / ブラックナイト,電波姫☆いまりちゃん / さくらこはダムです / メル子大先生 / 明日香大明神 / 甲羅暮らしの201号,complete
5,541,em-4e4148d4d231,羊大美麗・こ祝いくん,12,900,700,4,heal,-0.1667,-0.2447,0.5694,0.7361,ハラショー☆ビッツェ / さくらこはダムです / ポディアさま / クレリゴス子様 / 羊大美麗・こ祝いくん,電波姫☆いまりちゃん / さくらこはダムです / メル子大先生 / 明日香大明神 / 甲羅暮らしの201号,complete
5,542,em-251adb8af3dc,にくぁう餃子権現,30,1365,3638,4,attack_buff,-0.1875,-0.2447,0.5486,0.7361,電波姫☆いまりちゃん / さくらこはダムです / すわ子isGOD！ / 明日香大明神 / にくぁう餃子権現,電波姫☆いまりちゃん / さくらこはダムです / メル子大先生 / 明日香大明神 / 甲羅暮らしの201号,complete
5,543,em-a97f49a1b6e8,篠島しらす子,41,5453,2726,5,skill_reduction,-0.1875,-0.2447,0.5486,0.7361,電波姫☆いまりちゃん / どんこ太郎 / すわ子isGOD！ / 明日香大明神 / 篠島しらす子,電波姫☆いまりちゃん / さくらこはダムです / メル子大先生 / 明日香大明神 / 甲羅暮らしの201号,partial-skill-support
5,544,em-1b8d4b845182,キャミーという女,8,600,800,4,heal,-0.1806,-0.2455,0.5556,0.7361,ラグーン☆南 / ペーチパイセン / ポディアさま / クレリゴス子様 / キャミーという女,電波姫☆いまりちゃん / さくらこはダムです / メル子大先生 / 明日香大明神 / 甲羅暮らしの201号,complete
5,545,em-6ed81c8341b0,萌やし紳士,8,308,898,4,attack_buff,-0.1806,-0.2455,0.5556,0.7361,ラグーン☆南 / ペーチパイセン / ポディアさま / クレリゴス子様 / 萌やし紳士,電波姫☆いまりちゃん / さくらこはダムです / メル子大先生 / 明日香大明神 / 甲羅暮らしの201号,complete
5,546,em-e394b3795363,伝説の少女キャンディ,50,5507,5507,7,skill_reduction,-0.1806,-0.2455,0.5556,0.7361,ラグーン☆南 / どんこ太郎 / メル子大先生 / 明日香大明神 / 伝説の少女キャンディ,電波姫☆いまりちゃん / さくらこはダムです / メル子大先生 / 明日香大明神 / 甲羅暮らしの201号,partial-skill-support
5,547,em-573a74e6170b,God of 魚ぉ！,8,1269,1128,4,heal,-0.1667,-0.2457,0.5694,0.7361,ハラショー☆ビッツェ / さくらこはダムです / ポディアさま / クレリゴス子様 / God of 魚ぉ！,電波姫☆いまりちゃん / さくらこはダムです / メル子大先生 / 明日香大明神 / 甲羅暮らしの201号,complete
5,548,em-7c1450708051,元祖ＰＩＧかっちゃん,11,900,900,5,multi_hit_attack,-0.1667,-0.2457,0.5694,0.7361,ハラショー☆ビッツェ / さくらこはダムです / ポディアさま / クレリゴス子様 / 元祖ＰＩＧかっちゃん,電波姫☆いまりちゃん / さくらこはダムです / メル子大先生 / 明日香大明神 / 甲羅暮らしの201号,complete
5,549,em-c57b08a735c9,考えたかった男,12,250,1100,6,revive,-0.1667,-0.2457,0.5694,0.7361,ハラショー☆ビッツェ / さくらこはダムです / ポディアさま / クレリゴス子様 / 考えたかった男,電波姫☆いまりちゃん / さくらこはダムです / メル子大先生 / 明日香大明神 / 甲羅暮らしの201号,complete
5,550,em-278299c58131,けねず君,8,603,603,5,damage_reduction,-0.1806,-0.2467,0.5556,0.7361,ラグーン☆南 / ペーチパイセン / ポディアさま / クレリゴス子様 / けねず君,電波姫☆いまりちゃん / さくらこはダムです / メル子大先生 / 明日香大明神 / 甲羅暮らしの201号,complete
5,551,em-983228ce32d4,あっしゅTHEｷｬｯﾄ,8,1300,500,5,attribute_guard,-0.1806,-0.2467,0.5556,0.7361,ラグーン☆南 / ペーチパイセン / ポディアさま / クレリゴス子様 / あっしゅTHEｷｬｯﾄ,電波姫☆いまりちゃん / さくらこはダムです / メル子大先生 / 明日香大明神 / 甲羅暮らしの201号,complete
5,552,em-ce7e2e4f30af,らん坊,8,580,626,4,skill_reduction,-0.1806,-0.2467,0.5556,0.7361,ラグーン☆南 / ペーチパイセン / ポディアさま / クレリゴス子様 / らん坊,電波姫☆いまりちゃん / さくらこはダムです / メル子大先生 / 明日香大明神 / 甲羅暮らしの201号,partial-skill-support
5,553,em-e7b02783dd94,梵天ちゃん,8,500,700,8,aoe_attack,-0.1806,-0.2467,0.5556,0.7361,ラグーン☆南 / ペーチパイセン / ポディアさま / クレリゴス子様 / 梵天ちゃん,電波姫☆いまりちゃん / さくらこはダムです / メル子大先生 / 明日香大明神 / 甲羅暮らしの201号,complete
5,554,em-946a8e6b6b3b,赤こだまん,8,380,540,8,multi_hit_attack,-0.1806,-0.2467,0.5556,0.7361,ラグーン☆南 / ペーチパイセン / ポディアさま / クレリゴス子様 / 赤こだまん,電波姫☆いまりちゃん / さくらこはダムです / メル子大先生 / 明日香大明神 / 甲羅暮らしの201号,complete
5,555,em-9d948dd94d8a,かるたーニャ,8,520,700,5,attack_buff,-0.1806,-0.2467,0.5556,0.7361,ラグーン☆南 / ペーチパイセン / ポディアさま / クレリゴス子様 / かるたーニャ,電波姫☆いまりちゃん / さくらこはダムです / メル子大先生 / 明日香大明神 / 甲羅暮らしの201号,complete
5,556,em-14bbe92902df,ネムりん,11,2726,1633,5,attack_buff,-0.1875,-0.2475,0.5486,0.7361,電波姫☆いまりちゃん / メムノン２８号 / メル子大先生 / 明日香大明神 / ネムりん,電波姫☆いまりちゃん / さくらこはダムです / メル子大先生 / 明日香大明神 / 甲羅暮らしの201号,complete
5,557,em-908fa1696f0d,速いぞサラマンダー！,12,3186,1431,6,skill_reduction,-0.1875,-0.2475,0.5486,0.7361,電波姫☆いまりちゃん / メムノン２８号 / メル子大先生 / 明日香大明神 / 速いぞサラマンダー！,電波姫☆いまりちゃん / さくらこはダムです / メル子大先生 / 明日香大明神 / 甲羅暮らしの201号,partial-skill-support
5,558,em-613b84a77b2d,都市伝説こすもっすん,15,1522,1875,5,skill_reduction,-0.1875,-0.2475,0.5486,0.7361,電波姫☆いまりちゃん / メムノン２８号 / メル子大先生 / 明日香大明神 / 都市伝説こすもっすん,電波姫☆いまりちゃん / さくらこはダムです / メル子大先生 / 明日香大明神 / 甲羅暮らしの201号,partial-skill-support
5,559,em-d8eb593c8b14,まんでー＆ぬーん,15,1500,1500,4,delay,-0.1875,-0.2475,0.5486,0.7361,電波姫☆いまりちゃん / メムノン２８号 / メル子大先生 / 明日香大明神 / まんでー＆ぬーん,電波姫☆いまりちゃん / さくらこはダムです / メル子大先生 / 明日香大明神 / 甲羅暮らしの201号,partial-skill-support
5,560,em-ce7547fb3ccd,いぬやマンリメイク！,16,1661,1661,7,attack_buff,-0.1875,-0.2475,0.5486,0.7361,電波姫☆いまりちゃん / メムノン２８号 / メル子大先生 / 明日香大明神 / いぬやマンリメイク！,電波姫☆いまりちゃん / さくらこはダムです / メル子大先生 / 明日香大明神 / 甲羅暮らしの201号,complete
5,561,em-9023d3e14dde,まいこくん,10,800,800,5,heal,-0.1667,-0.2477,0.5694,0.7361,ハラショー☆ビッツェ / さくらこはダムです / ポディアさま / クレリゴス子様 / まいこくん,電波姫☆いまりちゃん / さくらこはダムです / メル子大先生 / 明日香大明神 / 甲羅暮らしの201号,complete
5,562,em-84808a58aa1d,近江守鮒麿,11,764,640,5,heal,-0.1667,-0.2477,0.5694,0.7361,ハラショー☆ビッツェ / さくらこはダムです / ポディアさま / クレリゴス子様 / 近江守鮒麿,電波姫☆いまりちゃん / さくらこはダムです / メル子大先生 / 明日香大明神 / 甲羅暮らしの201号,complete
5,563,em-5a047ed41d97,KJの少女Hi児,48,4941,3919,5,multi_hit_attack,-0.1667,-0.2477,0.5694,0.7361,どんこ太郎 / 一葉ちゃんは作家さん / メル子大先生 / 明日香大明神 / KJの少女Hi児,電波姫☆いまりちゃん / さくらこはダムです / メル子大先生 / 明日香大明神 / 甲羅暮らしの201号,complete
5,564,em-461e884c1b94,ひろし多美子,8,590,615,6,attack_buff,-0.1806,-0.2479,0.5556,0.7361,ラグーン☆南 / ペーチパイセン / ポディアさま / クレリゴス子様 / ひろし多美子,電波姫☆いまりちゃん / さくらこはダムです / メル子大先生 / 明日香大明神 / 甲羅暮らしの201号,complete
5,565,em-5a3daf6cbf77,白良さん,8,600,605,4,attack_buff,-0.1806,-0.2479,0.5556,0.7361,ラグーン☆南 / ペーチパイセン / ポディアさま / クレリゴス子様 / 白良さん,電波姫☆いまりちゃん / さくらこはダムです / メル子大先生 / 明日香大明神 / 甲羅暮らしの201号,complete
5,566,em-a4adc4bc9b7c,魁！安井道さん,12,1215,1187,5,guard,-0.1667,-0.2487,0.5694,0.7361,ハラショー☆ビッツェ / さくらこはダムです / ポディアさま / クレリゴス子様 / 魁！安井道さん,電波姫☆いまりちゃん / さくらこはダムです / メル子大先生 / 明日香大明神 / 甲羅暮らしの201号,complete
5,567,em-8c8530042873,玉藻先生,13,1128,1198,4,attribute_guard,-0.1736,-0.2487,0.5625,0.7361,ハラショー☆ビッツェ / さくらこはダムです / ポディアさま / クレリゴス子様 / 玉藻先生,電波姫☆いまりちゃん / さくらこはダムです / メル子大先生 / 明日香大明神 / 甲羅暮らしの201号,complete
5,568,em-f3ce9865b46f,BeasT5,38,4116,4664,7,delay,-0.1875,-0.2488,0.5486,0.7361,電波姫☆いまりちゃん / ペーチパイセン / メル子大先生 / 明日香大明神 / BeasT5,電波姫☆いまりちゃん / さくらこはダムです / メル子大先生 / 明日香大明神 / 甲羅暮らしの201号,partial-skill-support
5,569,em-34ff44ed1803,富士さんは魔女,42,5112,4260,4,revive,-0.1875,-0.2488,0.5486,0.7361,電波姫☆いまりちゃん / どんこ太郎 / すわ子isGOD！ / 明日香大明神 / 富士さんは魔女,電波姫☆いまりちゃん / さくらこはダムです / メル子大先生 / 明日香大明神 / 甲羅暮らしの201号,complete
5,570,em-13df10c62ab6,MUNAKATA,42,5453,4089,6,aoe_attack,-0.1875,-0.2488,0.5486,0.7361,電波姫☆いまりちゃん / どんこ太郎 / すわ子isGOD！ / 明日香大明神 / MUNAKATA,電波姫☆いまりちゃん / さくらこはダムです / メル子大先生 / 明日香大明神 / 甲羅暮らしの201号,complete
5,571,em-57dce5f944a3,うらうらら,50,4260,6390,4,multi_hit_attack,-0.1806,-0.2491,0.5556,0.7361,ラグーン☆南 / どんこ太郎 / メル子大先生 / 明日香大明神 / うらうらら,電波姫☆いまりちゃん / さくらこはダムです / メル子大先生 / 明日香大明神 / 甲羅暮らしの201号,complete
5,572,em-5cce2be6a10e,こ祝いくん,8,700,500,4,heal,-0.1736,-0.2497,0.5625,0.7361,ハラショー☆ビッツェ / さくらこはダムです / ポディアさま / クレリゴス子様 / こ祝いくん,電波姫☆いまりちゃん / さくらこはダムです / メル子大先生 / 明日香大明神 / 甲羅暮らしの201号,complete
5,573,em-978390ca9213,あかんで世界師匠,12,810,795,4,attack_buff,-0.1736,-0.2497,0.5625,0.7361,ハラショー☆ビッツェ / さくらこはダムです / ポディアさま / クレリゴス子様 / あかんで世界師匠,電波姫☆いまりちゃん / さくらこはダムです / メル子大先生 / 明日香大明神 / 甲羅暮らしの201号,complete
5,574,em-a66d3edc0ac1,水戸Come On!,38,3493,3237,4,delay,-0.1875,-0.2501,0.5486,0.7361,電波姫☆いまりちゃん / ペーチパイセン / メル子大先生 / 明日香大明神 / 水戸Come On!,電波姫☆いまりちゃん / さくらこはダムです / メル子大先生 / 明日香大明神 / 甲羅暮らしの201号,partial-skill-support
5,575,em-c69e39cf7701,伏ちゃん,12,1597,516,5,guard,-0.1875,-0.2501,0.5486,0.7361,電波姫☆いまりちゃん / メムノン２８号 / すわ子isGOD！ / 明日香大明神 / 伏ちゃん,電波姫☆いまりちゃん / さくらこはダムです / メル子大先生 / 明日香大明神 / 甲羅暮らしの201号,complete
5,576,em-ffde6d61f228,有頂天☆安倍晴明,45,3936,4771,5,skill_reduction,-0.1875,-0.2501,0.5486,0.7361,電波姫☆いまりちゃん / どんこ太郎 / 時のプラズマ / 明日香大明神 / 有頂天☆安倍晴明,電波姫☆いまりちゃん / さくらこはダムです / メル子大先生 / 明日香大明神 / 甲羅暮らしの201号,partial-skill-support
5,577,em-36832fcaae9c,政虎さん,12,1100,1100,7,aoe_attack,-0.1667,-0.2506,0.5694,0.7361,ハラショー☆ビッツェ / さくらこはダムです / ポディアさま / クレリゴス子様 / 政虎さん,電波姫☆いまりちゃん / さくらこはダムです / メル子大先生 / 明日香大明神 / 甲羅暮らしの201号,complete
5,578,em-57204b8d6ee6,伝説のWoo怪,12,1126,2393,4,multi_hit_attack,-0.1736,-0.2508,0.5625,0.7361,ハラショー☆ビッツェ / さくらこはダムです / ポディアさま / クレリゴス子様 / 伝説のWoo怪,電波姫☆いまりちゃん / さくらこはダムです / メル子大先生 / 明日香大明神 / 甲羅暮らしの201号,complete
5,579,em-6f76a23db620,伏姫さま,17,2006,676,4,guard,-0.1806,-0.2514,0.5556,0.7361,電波姫☆いまりちゃん / 一葉ちゃんは作家さん / メル子大先生 / 明日香大明神 / 伏姫さま,電波姫☆いまりちゃん / さくらこはダムです / メル子大先生 / 明日香大明神 / 甲羅暮らしの201号,complete
5,580,em-91f26ad56eaa,神喫！さくらん兄妹,12,1510,1887,5,skill_reduction,-0.1736,-0.2518,0.5625,0.7361,ハラショー☆ビッツェ / さくらこはダムです / ポディアさま / クレリゴス子様 / 神喫！さくらん兄妹,電波姫☆いまりちゃん / さくらこはダムです / メル子大先生 / 明日香大明神 / 甲羅暮らしの201号,partial-skill-support
5,581,em-deea7d56d1a1,淡路な文楽軒師匠,12,1512,1551,6,skill_reduction,-0.1736,-0.2518,0.5625,0.7361,ハラショー☆ビッツェ / さくらこはダムです / ポディアさま / クレリゴス子様 / 淡路な文楽軒師匠,電波姫☆いまりちゃん / さくらこはダムです / メル子大先生 / 明日香大明神 / 甲羅暮らしの201号,partial-skill-support
5,582,em-e4f94dd73b29,あっしゅTHEﾗｯﾊﾟｰ,12,1500,700,5,attribute_guard,-0.1736,-0.2518,0.5625,0.7361,ハラショー☆ビッツェ / さくらこはダムです / ポディアさま / クレリゴス子様 / あっしゅTHEﾗｯﾊﾟｰ,電波姫☆いまりちゃん / さくらこはダムです / メル子大先生 / 明日香大明神 / 甲羅暮らしの201号,complete
5,583,em-4f596ae59085,草の魔女るる,8,900,900,6,attack_buff,-0.1736,-0.2518,0.5625,0.7361,ハラショー☆ビッツェ / さくらこはダムです / ポディアさま / クレリゴス子様 / 草の魔女るる,電波姫☆いまりちゃん / さくらこはダムです / メル子大先生 / 明日香大明神 / 甲羅暮らしの201号,complete
5,584,em-41d3496f38d2,黄こだまん,12,660,740,7,multi_hit_attack,-0.1736,-0.2518,0.5625,0.7361,ハラショー☆ビッツェ / さくらこはダムです / ポディアさま / クレリゴス子様 / 黄こだまん,電波姫☆いまりちゃん / さくらこはダムです / メル子大先生 / 明日香大明神 / 甲羅暮らしの201号,complete
5,585,em-97e1dd39af25,郷くん,8,800,600,4,damage_reduction,-0.1736,-0.2518,0.5625,0.7361,ハラショー☆ビッツェ / さくらこはダムです / ポディアさま / クレリゴス子様 / 郷くん,電波姫☆いまりちゃん / さくらこはダムです / メル子大先生 / 明日香大明神 / 甲羅暮らしの201号,complete
5,586,em-364d00ce9330,郷さん,12,1000,800,4,damage_reduction,-0.1736,-0.2518,0.5625,0.7361,ハラショー☆ビッツェ / さくらこはダムです / ポディアさま / クレリゴス子様 / 郷さん,電波姫☆いまりちゃん / さくらこはダムです / メル子大先生 / 明日香大明神 / 甲羅暮らしの201号,complete
5,587,em-836feb0d56f9,夏の落花妖精,12,815,807,8,revive,-0.1736,-0.2518,0.5625,0.7361,ハラショー☆ビッツェ / さくらこはダムです / ポディアさま / クレリゴス子様 / 夏の落花妖精,電波姫☆いまりちゃん / さくらこはダムです / メル子大先生 / 明日香大明神 / 甲羅暮らしの201号,complete
5,588,em-d4681ac22bb8,フランク,16,2093,2737,4,skill_reduction,-0.1806,-0.2525,0.5556,0.7361,電波姫☆いまりちゃん / 一葉ちゃんは作家さん / メル子大先生 / 明日香大明神 / フランク,電波姫☆いまりちゃん / さくらこはダムです / メル子大先生 / 明日香大明神 / 甲羅暮らしの201号,partial-skill-support
5,589,em-6b768f05d267,カオヤイ姉さん,17,1063,3007,5,attack_buff,-0.1875,-0.2526,0.5486,0.7361,電波姫☆いまりちゃん / 一葉ちゃんは作家さん / すわ子isGOD！ / ｽﾌﾟﾗ♡な琵琶子たん / カオヤイ姉さん,電波姫☆いまりちゃん / さくらこはダムです / メル子大先生 / 明日香大明神 / 甲羅暮らしの201号,complete
5,590,em-d7e5ef0e4b97,実はこんにゃくちゃん,9,1198,1204,7,guard,-0.1736,-0.2528,0.5625,0.7361,ハラショー☆ビッツェ / さくらこはダムです / ポディアさま / クレリゴス子様 / 実はこんにゃくちゃん,電波姫☆いまりちゃん / さくらこはダムです / メル子大先生 / 明日香大明神 / 甲羅暮らしの201号,complete
5,591,em-484d995e3adb,くノ一！ヴォたん,9,700,700,4,guard,-0.1736,-0.2528,0.5625,0.7361,ハラショー☆ビッツェ / さくらこはダムです / ポディアさま / クレリゴス子様 / くノ一！ヴォたん,電波姫☆いまりちゃん / さくらこはダムです / メル子大先生 / 明日香大明神 / 甲羅暮らしの201号,complete
5,592,em-d6cc97b363eb,ユウレイイカさん,10,1363,1704,5,revive,-0.1736,-0.2528,0.5625,0.7361,ハラショー☆ビッツェ / さくらこはダムです / ポディアさま / クレリゴス子様 / ユウレイイカさん,電波姫☆いまりちゃん / さくらこはダムです / メル子大先生 / 明日香大明神 / 甲羅暮らしの201号,complete
5,593,em-d295de1e4086,海の日シスターズ♪,40,3823,4657,4,attack_buff,-0.1944,-0.2532,0.5417,0.7361,電波姫☆いまりちゃん / どんこ太郎 / すわ子isGOD！ / 明日香大明神 / 海の日シスターズ♪,電波姫☆いまりちゃん / さくらこはダムです / メル子大先生 / 明日香大明神 / 甲羅暮らしの201号,complete
5,594,em-c736bc52077a,漱石先生と吾輩たち,15,1610,3461,5,skill_reduction,-0.1944,-0.2532,0.5417,0.7361,電波姫☆いまりちゃん / メムノン２８号 / メル子大先生 / 明日香大明神 / 漱石先生と吾輩たち,電波姫☆いまりちゃん / さくらこはダムです / メル子大先生 / 明日香大明神 / 甲羅暮らしの201号,partial-skill-support
5,595,em-fa860bd30bd0,まつやマン・改,12,800,800,4,attack_buff,-0.1806,-0.2536,0.5556,0.7361,ハラショー☆ビッツェ / さくらこはダムです / ポディアさま / クレリゴス子様 / まつやマン・改,電波姫☆いまりちゃん / さくらこはダムです / メル子大先生 / 明日香大明神 / 甲羅暮らしの201号,complete
5,596,em-e462513db7c6,かんと先生,9,600,700,5,multi_hit_attack,-0.1806,-0.2536,0.5556,0.7361,ハラショー☆ビッツェ / さくらこはダムです / ポディアさま / クレリゴス子様 / かんと先生,電波姫☆いまりちゃん / さくらこはダムです / メル子大先生 / 明日香大明神 / 甲羅暮らしの201号,complete
5,597,em-9329de26d52c,iびるん大魔王,14,1812,1963,5,guard,-0.1736,-0.2538,0.5625,0.7361,ハラショー☆ビッツェ / さくらこはダムです / ポディアさま / クレリゴス子様 / iびるん大魔王,電波姫☆いまりちゃん / さくらこはダムです / メル子大先生 / 明日香大明神 / 甲羅暮らしの201号,complete
5,598,em-13af16d2213d,ににぎくん,8,590,630,6,attack_buff,-0.1875,-0.2538,0.5486,0.7361,ラグーン☆南 / ペーチパイセン / ポディアさま / クレリゴス子様 / ににぎくん,電波姫☆いまりちゃん / さくらこはダムです / メル子大先生 / 明日香大明神 / 甲羅暮らしの201号,complete
5,599,em-577ab88ffefc,河口精進子,8,800,1100,7,delay,-0.1875,-0.2538,0.5486,0.7361,ラグーン☆南 / ペーチパイセン / ポディアさま / クレリゴス子様 / 河口精進子,電波姫☆いまりちゃん / さくらこはダムです / メル子大先生 / 明日香大明神 / 甲羅暮らしの201号,partial-skill-support
5,600,em-e31de348c40b,湘南ボーイ,8,300,700,4,attack_buff,-0.1875,-0.2538,0.5486,0.7361,ラグーン☆南 / ペーチパイセン / ポディアさま / クレリゴス子様 / 湘南ボーイ,電波姫☆いまりちゃん / さくらこはダムです / メル子大先生 / 明日香大明神 / 甲羅暮らしの201号,complete
5,601,em-623023f3cb8c,嫁劇！くーにゃん,50,2556,6816,4,attack_buff,-0.1875,-0.2538,0.5486,0.7361,ラグーン☆南 / どんこ太郎 / メル子大先生 / 明日香大明神 / 嫁劇！くーにゃん,電波姫☆いまりちゃん / さくらこはダムです / メル子大先生 / 明日香大明神 / 甲羅暮らしの201号,complete
5,602,em-05476daa6b31,だんじり鉄砲隊,26,805,3599,4,attack_buff,-0.1875,-0.2538,0.5486,0.7361,電波姫☆いまりちゃん / 一葉ちゃんは作家さん / メル子大先生 / おあげさん / だんじり鉄砲隊,電波姫☆いまりちゃん / さくらこはダムです / メル子大先生 / 明日香大明神 / 甲羅暮らしの201号,complete
5,603,em-dde4510af0e1,花の魔女るる,12,1100,1100,5,attack_buff,-0.1736,-0.2548,0.5625,0.7361,ハラショー☆ビッツェ / さくらこはダムです / ポディアさま / クレリゴス子様 / 花の魔女るる,電波姫☆いまりちゃん / さくらこはダムです / メル子大先生 / 明日香大明神 / 甲羅暮らしの201号,complete
5,604,em-560cbdf184d6,ユッフィーちゃん,8,606,600,5,attack_buff,-0.1875,-0.255,0.5486,0.7361,ラグーン☆南 / ペーチパイセン / ポディアさま / クレリゴス子様 / ユッフィーちゃん,電波姫☆いまりちゃん / さくらこはダムです / メル子大先生 / 明日香大明神 / 甲羅暮らしの201号,complete
5,605,em-449c3db6bb4d,猫フェース,12,1022,1022,5,damage_reduction,-0.1736,-0.2558,0.5625,0.7361,ハラショー☆ビッツェ / さくらこはダムです / ポディアさま / クレリゴス子様 / 猫フェース,電波姫☆いまりちゃん / さくらこはダムです / メル子大先生 / 明日香大明神 / 甲羅暮らしの201号,complete
5,606,em-dff57db6fd11,こまち先輩,12,1000,1000,5,aoe_attack,-0.1736,-0.2558,0.5625,0.7361,ハラショー☆ビッツェ / さくらこはダムです / ポディアさま / クレリゴス子様 / こまち先輩,電波姫☆いまりちゃん / さくらこはダムです / メル子大先生 / 明日香大明神 / 甲羅暮らしの201号,complete
5,607,em-4434ba98ed11,ゴリョカタ副長,11,2416,1510,6,skill_reduction,-0.1944,-0.2559,0.5417,0.7361,電波姫☆いまりちゃん / メムノン２８号 / メル子大先生 / 明日香大明神 / ゴリョカタ副長,電波姫☆いまりちゃん / さくらこはダムです / メル子大先生 / 明日香大明神 / 甲羅暮らしの201号,partial-skill-support
5,608,em-85c830931d18,エルヴァスくん,12,2718,1812,5,skill_reduction,-0.1944,-0.2559,0.5417,0.7361,電波姫☆いまりちゃん / メムノン２８号 / メル子大先生 / 明日香大明神 / エルヴァスくん,電波姫☆いまりちゃん / さくらこはダムです / メル子大先生 / 明日香大明神 / 甲羅暮らしの201号,partial-skill-support
5,609,em-0af21062aa7c,ｻﾗﾏﾝﾀﾞｰ祝High気分,30,2898,2817,6,skill_reduction,-0.2014,-0.2561,0.5347,0.7361,電波姫☆いまりちゃん / さくらこはダムです / メル子大先生 / 明日香大明神 / ｻﾗﾏﾝﾀﾞｰ祝High気分,電波姫☆いまりちゃん / さくらこはダムです / メル子大先生 / 明日香大明神 / 甲羅暮らしの201号,partial-skill-support
5,610,em-06aa04fdf3c0,遠野のわらしちゃん,8,564,1128,4,delay,-0.1875,-0.2562,0.5486,0.7361,ラグーン☆南 / ペーチパイセン / ポディアさま / クレリゴス子様 / 遠野のわらしちゃん,電波姫☆いまりちゃん / さくらこはダムです / メル子大先生 / 明日香大明神 / 甲羅暮らしの201号,partial-skill-support
5,611,em-14d31235a3f8,かっちゃんのBIG強飯,48,3067,4601,4,attack_buff,-0.1806,-0.2568,0.5556,0.7361,電波姫☆いまりちゃん / ペーチパイセン / 大正義・フクちゃん / 明日香大明神 / かっちゃんのBIG強飯,電波姫☆いまりちゃん / さくらこはダムです / メル子大先生 / 明日香大明神 / 甲羅暮らしの201号,complete
5,612,em-2f3883a74098,jaック・ザ・ナイト,10,1408,1267,4,multi_hit_attack,-0.1806,-0.2568,0.5556,0.7361,ハラショー☆ビッツェ / さくらこはダムです / ポディアさま / クレリゴス子様 / jaック・ザ・ナイト,電波姫☆いまりちゃん / さくらこはダムです / メル子大先生 / 明日香大明神 / 甲羅暮らしの201号,complete
5,613,em-1b674c13ddf2,伊賀のイカ丸,13,1623,1736,5,skill_reduction,-0.1806,-0.2568,0.5556,0.7361,ハラショー☆ビッツェ / さくらこはダムです / ポディアさま / クレリゴス子様 / 伊賀のイカ丸,電波姫☆いまりちゃん / さくらこはダムです / メル子大先生 / 明日香大明神 / 甲羅暮らしの201号,partial-skill-support
5,614,em-b5242428b87d,ご満悦グリンすマン,13,1736,1661,5,delay,-0.1806,-0.2568,0.5556,0.7361,ハラショー☆ビッツェ / さくらこはダムです / ポディアさま / クレリゴス子様 / ご満悦グリンすマン,電波姫☆いまりちゃん / さくらこはダムです / メル子大先生 / 明日香大明神 / 甲羅暮らしの201号,partial-skill-support
5,615,em-ff3d1a430d0b,中秋ぴよ子,9,1365,1365,6,skill_reduction,-0.1806,-0.2568,0.5556,0.7361,ハラショー☆ビッツェ / さくらこはダムです / ポディアさま / クレリゴス子様 / 中秋ぴよ子,電波姫☆いまりちゃん / さくらこはダムです / メル子大先生 / 明日香大明神 / 甲羅暮らしの201号,partial-skill-support
5,616,em-730d74a11539,らんちゃん,37,1363,4761,5,attribute_guard,-0.1944,-0.2572,0.5417,0.7361,電波姫☆いまりちゃん / ペーチパイセン / すわ子isGOD！ / 明日香大明神 / らんちゃん,電波姫☆いまりちゃん / さくらこはダムです / メル子大先生 / 明日香大明神 / 甲羅暮らしの201号,complete
5,617,em-a9c80ff796c8,らんちぇん弐,37,1533,5367,5,attribute_guard,-0.1944,-0.2572,0.5417,0.7361,電波姫☆いまりちゃん / ペーチパイセン / すわ子isGOD！ / 明日香大明神 / らんちぇん弐,電波姫☆いまりちゃん / さくらこはダムです / メル子大先生 / 明日香大明神 / 甲羅暮らしの201号,complete
5,618,em-8d4f1b618997,コトレードさん,68,8861,3748,5,damage_reduction,-0.1875,-0.2573,0.5486,0.7361,アリストソテツ / ペーチパイセン / 深海人ゴロウ / シーラちゃん / コトレードさん,電波姫☆いまりちゃん / さくらこはダムです / メル子大先生 / 明日香大明神 / 甲羅暮らしの201号,complete
5,619,em-82924ccc2fd6,ゴリョカタさん,8,1100,600,4,skill_reduction,-0.1806,-0.2579,0.5556,0.7361,ハラショー☆ビッツェ / さくらこはダムです / ポディアさま / クレリゴス子様 / ゴリョカタさん,電波姫☆いまりちゃん / さくらこはダムです / メル子大先生 / 明日香大明神 / 甲羅暮らしの201号,partial-skill-support
5,620,em-a3b6474aaf2c,さなこ先輩,8,600,700,5,delay,-0.1806,-0.2579,0.5556,0.7361,ハラショー☆ビッツェ / さくらこはダムです / ポディアさま / クレリゴス子様 / さなこ先輩,電波姫☆いまりちゃん / さくらこはダムです / メル子大先生 / 明日香大明神 / 甲羅暮らしの201号,partial-skill-support
5,621,em-340c795c42dd,新・まつやマン,9,700,700,4,attack_buff,-0.1806,-0.2579,0.5556,0.7361,ハラショー☆ビッツェ / さくらこはダムです / ポディアさま / クレリゴス子様 / 新・まつやマン,電波姫☆いまりちゃん / さくらこはダムです / メル子大先生 / 明日香大明神 / 甲羅暮らしの201号,complete
5,622,em-66de8e9cccc9,花妖精こすもっすん,9,692,712,5,skill_reduction,-0.1806,-0.2579,0.5556,0.7361,ハラショー☆ビッツェ / さくらこはダムです / ポディアさま / クレリゴス子様 / 花妖精こすもっすん,電波姫☆いまりちゃん / さくらこはダムです / メル子大先生 / 明日香大明神 / 甲羅暮らしの201号,partial-skill-support
5,623,em-a3d4f42756a7,忍術系男子,9,680,724,6,skill_reduction,-0.1806,-0.2579,0.5556,0.7361,ハラショー☆ビッツェ / さくらこはダムです / ポディアさま / クレリゴス子様 / 忍術系男子,電波姫☆いまりちゃん / さくらこはダムです / メル子大先生 / 明日香大明神 / 甲羅暮らしの201号,partial-skill-support
5,624,em-b3b3c9d400b0,燥ぐぞグリンすマン,9,714,690,6,delay,-0.1806,-0.2579,0.5556,0.7361,ハラショー☆ビッツェ / さくらこはダムです / ポディアさま / クレリゴス子様 / 燥ぐぞグリンすマン,電波姫☆いまりちゃん / さくらこはダムです / メル子大先生 / 明日香大明神 / 甲羅暮らしの201号,partial-skill-support
5,625,em-850c95cbd668,二矢！もりりん,10,700,600,4,attack_buff,-0.1806,-0.2579,0.5556,0.7361,ハラショー☆ビッツェ / さくらこはダムです / ポディアさま / クレリゴス子様 / 二矢！もりりん,電波姫☆いまりちゃん / さくらこはダムです / メル子大先生 / 明日香大明神 / 甲羅暮らしの201号,complete
5,626,em-872441b77617,ゴリョカタ先生,10,1300,800,5,skill_reduction,-0.1806,-0.2579,0.5556,0.7361,ハラショー☆ビッツェ / さくらこはダムです / ポディアさま / クレリゴス子様 / ゴリョカタ先生,電波姫☆いまりちゃん / さくらこはダムです / メル子大先生 / 明日香大明神 / 甲羅暮らしの201号,partial-skill-support
5,627,em-b423f323d7be,夢見る塚ジェンヌ,10,600,605,5,attack_buff,-0.1806,-0.2579,0.5556,0.7361,ハラショー☆ビッツェ / さくらこはダムです / ポディアさま / クレリゴス子様 / 夢見る塚ジェンヌ,電波姫☆いまりちゃん / さくらこはダムです / メル子大先生 / 明日香大明神 / 甲羅暮らしの201号,complete
5,628,em-64ab57a69704,大歓喜グリンすマン,11,810,790,6,delay,-0.1806,-0.2579,0.5556,0.7361,ハラショー☆ビッツェ / さくらこはダムです / ポディアさま / クレリゴス子様 / 大歓喜グリンすマン,電波姫☆いまりちゃん / さくらこはダムです / メル子大先生 / 明日香大明神 / 甲羅暮らしの201号,partial-skill-support
5,629,em-7b156c6762e0,忍者系男子,12,760,840,6,skill_reduction,-0.1806,-0.2579,0.5556,0.7361,ハラショー☆ビッツェ / さくらこはダムです / ポディアさま / クレリゴス子様 / 忍者系男子,電波姫☆いまりちゃん / さくらこはダムです / メル子大先生 / 明日香大明神 / 甲羅暮らしの201号,partial-skill-support
5,630,em-7cc5e7a30be0,一番のうっぴー,12,700,700,4,skill_reduction,-0.1806,-0.2579,0.5556,0.7361,ハラショー☆ビッツェ / さくらこはダムです / ポディアさま / クレリゴス子様 / 一番のうっぴー,電波姫☆いまりちゃん / さくらこはダムです / メル子大先生 / 明日香大明神 / 甲羅暮らしの201号,partial-skill-support
5,631,em-ca22dd6b32f3,花妖怪こすもっすん,12,782,818,6,skill_reduction,-0.1806,-0.2579,0.5556,0.7361,ハラショー☆ビッツェ / さくらこはダムです / ポディアさま / クレリゴス子様 / 花妖怪こすもっすん,電波姫☆いまりちゃん / さくらこはダムです / メル子大先生 / 明日香大明神 / 甲羅暮らしの201号,partial-skill-support
5,632,em-a266679a04ae,三矢！もりりん,13,800,700,4,attack_buff,-0.1806,-0.2579,0.5556,0.7361,ハラショー☆ビッツェ / さくらこはダムです / ポディアさま / クレリゴス子様 / 三矢！もりりん,電波姫☆いまりちゃん / さくらこはダムです / メル子大先生 / 明日香大明神 / 甲羅暮らしの201号,complete
5,633,em-6b89d5c1e7c1,景虎くん,8,900,900,8,aoe_attack,-0.1806,-0.2589,0.5556,0.7361,ハラショー☆ビッツェ / さくらこはダムです / ポディアさま / クレリゴス子様 / 景虎くん,電波姫☆いまりちゃん / さくらこはダムです / メル子大先生 / 明日香大明神 / 甲羅暮らしの201号,complete
5,634,em-f681bd79382b,しずこちゃん,8,700,1000,5,multi_hit_attack,-0.1806,-0.2589,0.5556,0.7361,ハラショー☆ビッツェ / さくらこはダムです / ポディアさま / クレリゴス子様 / しずこちゃん,電波姫☆いまりちゃん / さくらこはダムです / メル子大先生 / 明日香大明神 / 甲羅暮らしの201号,complete
5,635,em-d76a5850c323,牛追いガウガウ,40,5964,1704,4,damage_reduction,-0.2014,-0.2589,0.5347,0.7361,電波姫☆いまりちゃん / どんこ太郎 / すわ子isGOD！ / 明日香大明神 / 牛追いガウガウ,電波姫☆いまりちゃん / さくらこはダムです / メル子大先生 / 明日香大明神 / 甲羅暮らしの201号,complete
5,636,em-e36d35de9441,青谷やよい,42,3578,3374,4,damage_reduction,-0.2014,-0.2589,0.5347,0.7361,電波姫☆いまりちゃん / どんこ太郎 / すわ子isGOD！ / 明日香大明神 / 青谷やよい,電波姫☆いまりちゃん / さくらこはダムです / メル子大先生 / 明日香大明神 / 甲羅暮らしの201号,complete
5,637,em-abcae044297d,ラ・ショー・ドさん,44,5453,3424,5,delay,-0.1944,-0.2597,0.5417,0.7361,電波姫☆いまりちゃん / どんこ太郎 / メル子大先生 / 明日香大明神 / ラ・ショー・ドさん,電波姫☆いまりちゃん / さくらこはダムです / メル子大先生 / 明日香大明神 / 甲羅暮らしの201号,partial-skill-support
5,638,em-04cdb17f3b71,ひろし多め,9,690,714,6,attack_buff,-0.1806,-0.2599,0.5556,0.7361,ハラショー☆ビッツェ / さくらこはダムです / ポディアさま / クレリゴス子様 / ひろし多め,電波姫☆いまりちゃん / さくらこはダムです / メル子大先生 / 明日香大明神 / 甲羅暮らしの201号,complete
5,639,em-cc0425cf3835,鎌倉式ＤＢ２改,12,1200,612,8,guard,-0.1806,-0.2599,0.5556,0.7361,ハラショー☆ビッツェ / さくらこはダムです / ポディアさま / クレリゴス子様 / 鎌倉式ＤＢ２改,電波姫☆いまりちゃん / さくらこはダムです / メル子大先生 / 明日香大明神 / 甲羅暮らしの201号,complete
5,640,em-07a788dc89b4,シャボテン丸,11,400,600,6,revive,-0.1806,-0.2599,0.5556,0.7361,ハラショー☆ビッツェ / さくらこはダムです / ポディアさま / クレリゴス子様 / シャボテン丸,電波姫☆いまりちゃん / さくらこはダムです / メル子大先生 / 明日香大明神 / 甲羅暮らしの201号,complete
5,641,em-ba09169b5b3d,あまのちゃん,12,300,200,4,multi_hit_attack,-0.1875,-0.2607,0.5486,0.7361,電波姫☆いまりちゃん / 一葉ちゃんは作家さん / メル子大先生 / ウサポワンちゃん / あまのちゃん,電波姫☆いまりちゃん / さくらこはダムです / メル子大先生 / 明日香大明神 / 甲羅暮らしの201号,complete
5,642,em-2a5e6ca1207c,ケーンクラちゃん,81,9713,4089,6,damage_reduction,-0.1875,-0.2607,0.5486,0.7361,ソクラテツ / ペーチパイセン / ゴロウ / ズースくん / ケーンクラちゃん,電波姫☆いまりちゃん / さくらこはダムです / メル子大先生 / 明日香大明神 / 甲羅暮らしの201号,complete
5,643,em-57e25e9e3446,にゅーくん,8,400,1700,4,guard,-0.1806,-0.2609,0.5556,0.7361,ハラショー☆ビッツェ / さくらこはダムです / ポディアさま / クレリゴス子様 / にゅーくん,電波姫☆いまりちゃん / さくらこはダムです / メル子大先生 / 明日香大明神 / 甲羅暮らしの201号,complete
5,644,em-c301debd22fc,やまとーる海尉,9,900,600,6,damage_reduction,-0.1806,-0.2609,0.5556,0.7361,ハラショー☆ビッツェ / さくらこはダムです / ポディアさま / クレリゴス子様 / やまとーる海尉,電波姫☆いまりちゃん / さくらこはダムです / メル子大先生 / 明日香大明神 / 甲羅暮らしの201号,complete
5,645,em-55057254f6ff,乳製品！こ祝いくん,10,800,600,4,heal,-0.1806,-0.2609,0.5556,0.7361,ハラショー☆ビッツェ / さくらこはダムです / ポディアさま / クレリゴス子様 / 乳製品！こ祝いくん,電波姫☆いまりちゃん / さくらこはダムです / メル子大先生 / 明日香大明神 / 甲羅暮らしの201号,complete
5,646,em-dec0ba391522,こまちさん,10,750,750,5,aoe_attack,-0.1806,-0.2609,0.5556,0.7361,ハラショー☆ビッツェ / さくらこはダムです / ポディアさま / クレリゴス子様 / こまちさん,電波姫☆いまりちゃん / さくらこはダムです / メル子大先生 / 明日香大明神 / 甲羅暮らしの201号,complete
5,647,em-42016d3a2172,織田フィナーレ,42,2556,5964,5,multi_hit_attack,-0.1944,-0.2609,0.5417,0.7361,電波姫☆いまりちゃん / どんこ太郎 / すわ子isGOD！ / 明日香大明神 / 織田フィナーレ,電波姫☆いまりちゃん / さくらこはダムです / メル子大先生 / 明日香大明神 / 甲羅暮らしの201号,complete
5,648,em-96ddff23dc3f,玉藻さま,9,700,700,4,attribute_guard,-0.1875,-0.2618,0.5486,0.7361,ハラショー☆ビッツェ / さくらこはダムです / ポディアさま / クレリゴス子様 / 玉藻さま,電波姫☆いまりちゃん / さくらこはダムです / メル子大先生 / 明日香大明神 / 甲羅暮らしの201号,complete
5,649,em-03d0f3c501c2,きりこくん,8,900,900,4,attribute_change,-0.1944,-0.2621,0.5417,0.7361,ラグーン☆南 / ペーチパイセン / ポディアさま / クレリゴス子様 / きりこくん,電波姫☆いまりちゃん / さくらこはダムです / メル子大先生 / 明日香大明神 / 甲羅暮らしの201号,complete
5,650,em-d0ce0f8b817c,あまのさんちゃん,17,600,300,4,multi_hit_attack,-0.1944,-0.2621,0.5417,0.7361,電波姫☆いまりちゃん / 一葉ちゃんは作家さん / すわ子isGOD！ / ｽﾌﾟﾗ♡な琵琶子たん / あまのさんちゃん,電波姫☆いまりちゃん / さくらこはダムです / メル子大先生 / 明日香大明神 / 甲羅暮らしの201号,complete
5,651,em-c8d0b7ef1b10,めい子お姉さま,9,1159,1244,4,attribute_guard,-0.1875,-0.2629,0.5486,0.7361,ハラショー☆ビッツェ / さくらこはダムです / ポディアさま / クレリゴス子様 / めい子お姉さま,電波姫☆いまりちゃん / さくらこはダムです / メル子大先生 / 明日香大明神 / 甲羅暮らしの201号,complete
5,652,em-83113af84b95,降臨☆三原色ばうあー,45,3578,5868,5,aoe_attack,-0.1944,-0.2633,0.5417,0.7361,電波姫☆いまりちゃん / どんこ太郎 / 時のプラズマ / 明日香大明神 / 降臨☆三原色ばうあー,電波姫☆いまりちゃん / さくらこはダムです / メル子大先生 / 明日香大明神 / 甲羅暮らしの201号,complete
5,653,em-f119f767f457,アダム＆エバ,50,5112,4260,4,attack_buff,-0.1944,-0.2633,0.5417,0.7361,ラグーン☆南 / どんこ太郎 / メル子大先生 / 明日香大明神 / アダム＆エバ,電波姫☆いまりちゃん / さくらこはダムです / メル子大先生 / 明日香大明神 / 甲羅暮らしの201号,complete
5,654,em-a71ad4631750,絶許！近所のあん子,9,1131,989,4,heal,-0.1806,-0.2639,0.5556,0.7361,ハラショー☆ビッツェ / さくらこはダムです / ポディアさま / クレリゴス子様 / 絶許！近所のあん子,電波姫☆いまりちゃん / さくらこはダムです / メル子大先生 / 明日香大明神 / 甲羅暮らしの201号,complete
5,655,em-8d98226e5962,玉稜の首領・たまうー,29,3067,4260,4,delay,-0.2014,-0.2643,0.5347,0.7361,電波姫☆いまりちゃん / キルワくん / すわ子isGOD！ / 明日香大明神 / 玉稜の首領・たまうー,電波姫☆いまりちゃん / さくらこはダムです / メル子大先生 / 明日香大明神 / 甲羅暮らしの201号,partial-skill-support
5,656,em-e51e56c23fa1,上級国民ロヴィーサ,44,2832,2984,4,attribute_guard,-0.2014,-0.2643,0.5347,0.7361,電波姫☆いまりちゃん / どんこ太郎 / メル子大先生 / 明日香大明神 / 上級国民ロヴィーサ,電波姫☆いまりちゃん / さくらこはダムです / メル子大先生 / 明日香大明神 / 甲羅暮らしの201号,complete
5,657,em-7aeb7561c788,ににぎのミコト,50,4941,3748,5,attack_buff,-0.1944,-0.2644,0.5417,0.7361,ラグーン☆南 / どんこ太郎 / メル子大先生 / 明日香大明神 / ににぎのミコト,電波姫☆いまりちゃん / さくらこはダムです / メル子大先生 / 明日香大明神 / 甲羅暮らしの201号,complete
5,658,em-37ae218b7e9e,有砂小町,40,5112,5112,7,skill_reduction,-0.2083,-0.2646,0.5278,0.7361,電波姫☆いまりちゃん / どんこ太郎 / すわ子isGOD！ / 明日香大明神 / 有砂小町,電波姫☆いまりちゃん / さくらこはダムです / メル子大先生 / 明日香大明神 / 甲羅暮らしの201号,partial-skill-support
5,659,em-4fdecac09ecc,みなぎる！さくらちゃん,12,666,666,4,attribute_change,-0.1875,-0.265,0.5486,0.7361,ハラショー☆ビッツェ / さくらこはダムです / ポディアさま / クレリゴス子様 / みなぎる！さくらちゃん,電波姫☆いまりちゃん / さくらこはダムです / メル子大先生 / 明日香大明神 / 甲羅暮らしの201号,complete
5,660,em-25fed9fde1ce,かっさーWoo！,16,1131,2403,4,attack_buff,-0.2014,-0.2655,0.5347,0.7361,電波姫☆いまりちゃん / 一葉ちゃんは作家さん / すわ子isGOD！ / ｽﾌﾟﾗ♡な琵琶子たん / かっさーWoo！,電波姫☆いまりちゃん / さくらこはダムです / メル子大先生 / 明日香大明神 / 甲羅暮らしの201号,complete
5,661,em-aefeed62ea5c,平家の久連子,8,226,980,5,attack_buff,-0.1875,-0.266,0.5486,0.7361,ハラショー☆ビッツェ / さくらこはダムです / ポディアさま / クレリゴス子様 / 平家の久連子,電波姫☆いまりちゃん / さくらこはダムです / メル子大先生 / 明日香大明神 / 甲羅暮らしの201号,complete
5,662,em-ba44670a78e1,まんでーちゃん,8,900,900,5,delay,-0.1875,-0.266,0.5486,0.7361,ハラショー☆ビッツェ / さくらこはダムです / ポディアさま / クレリゴス子様 / まんでーちゃん,電波姫☆いまりちゃん / さくらこはダムです / メル子大先生 / 明日香大明神 / 甲羅暮らしの201号,partial-skill-support
5,663,em-e3b2b65e9fc4,氏は椴椎葉仁,9,334,1070,5,attack_buff,-0.1875,-0.266,0.5486,0.7361,ハラショー☆ビッツェ / さくらこはダムです / ポディアさま / クレリゴス子様 / 氏は椴椎葉仁,電波姫☆いまりちゃん / さくらこはダムです / メル子大先生 / 明日香大明神 / 甲羅暮らしの201号,complete
5,664,em-ff810b867f16,改革！鷹山先生,13,490,390,6,delay,-0.1875,-0.266,0.5486,0.7361,ハラショー☆ビッツェ / さくらこはダムです / ポディアさま / クレリゴス子様 / 改革！鷹山先生,電波姫☆いまりちゃん / さくらこはダムです / メル子大先生 / 明日香大明神 / 甲羅暮らしの201号,partial-skill-support
5,665,em-b51403a1ad5c,しずこさん,12,800,1200,4,multi_hit_attack,-0.1875,-0.266,0.5486,0.7361,ハラショー☆ビッツェ / さくらこはダムです / ポディアさま / クレリゴス子様 / しずこさん,電波姫☆いまりちゃん / さくらこはダムです / メル子大先生 / 明日香大明神 / 甲羅暮らしの201号,complete
5,666,em-471b1ba55d5c,有馬んば,13,1413,1244,4,heal,-0.1875,-0.267,0.5486,0.7361,ハラショー☆ビッツェ / さくらこはダムです / ポディアさま / クレリゴス子様 / 有馬んば,電波姫☆いまりちゃん / さくらこはダムです / メル子大先生 / 明日香大明神 / 甲羅暮らしの201号,complete
5,667,em-f354ab7f7554,漆黒のいびるん,12,800,1000,5,guard,-0.1875,-0.267,0.5486,0.7361,ハラショー☆ビッツェ / さくらこはダムです / ポディアさま / クレリゴス子様 / 漆黒のいびるん,電波姫☆いまりちゃん / さくらこはダムです / メル子大先生 / 明日香大明神 / 甲羅暮らしの201号,complete
5,668,em-0add6b5a96ff,朦朧ボディマンα,9,300,1000,10,multi_hit_attack,-0.1875,-0.268,0.5486,0.7361,ハラショー☆ビッツェ / さくらこはダムです / ポディアさま / クレリゴス子様 / 朦朧ボディマンα,電波姫☆いまりちゃん / さくらこはダムです / メル子大先生 / 明日香大明神 / 甲羅暮らしの201号,complete
5,669,em-826b6ae61786,スワン王,9,1229,1173,4,skill_reduction,-0.1875,-0.268,0.5486,0.7361,ハラショー☆ビッツェ / さくらこはダムです / ポディアさま / クレリゴス子様 / スワン王,電波姫☆いまりちゃん / さくらこはダムです / メル子大先生 / 明日香大明神 / 甲羅暮らしの201号,partial-skill-support
5,670,em-1a6fa57fc44e,朦朧ボディマンβ,12,400,1500,10,multi_hit_attack,-0.1875,-0.268,0.5486,0.7361,ハラショー☆ビッツェ / さくらこはダムです / ポディアさま / クレリゴス子様 / 朦朧ボディマンβ,電波姫☆いまりちゃん / さくらこはダムです / メル子大先生 / 明日香大明神 / 甲羅暮らしの201号,complete
5,671,em-a477cb0da8f6,びゃ子ちゃん,8,290,930,6,attack_buff,-0.1875,-0.268,0.5486,0.7361,ハラショー☆ビッツェ / さくらこはダムです / ポディアさま / クレリゴス子様 / びゃ子ちゃん,電波姫☆いまりちゃん / さくらこはダムです / メル子大先生 / 明日香大明神 / 甲羅暮らしの201号,complete
5,672,em-d956a0e150da,あわわ子ちゃん,8,900,900,6,attack_buff,-0.1875,-0.268,0.5486,0.7361,ハラショー☆ビッツェ / さくらこはダムです / ポディアさま / クレリゴス子様 / あわわ子ちゃん,電波姫☆いまりちゃん / さくらこはダムです / メル子大先生 / 明日香大明神 / 甲羅暮らしの201号,complete
5,673,em-c7088988ea18,ガンギマリのメル先生,12,597,341,5,multi_hit_attack,-0.1875,-0.268,0.5486,0.7361,ハラショー☆ビッツェ / さくらこはダムです / ポディアさま / クレリゴス子様 / ガンギマリのメル先生,電波姫☆いまりちゃん / さくらこはダムです / メル子大先生 / 明日香大明神 / 甲羅暮らしの201号,complete
5,674,em-6ecee0316b6d,梵天。,15,1100,1300,6,aoe_attack,-0.2014,-0.268,0.5347,0.7361,電波姫☆いまりちゃん / メムノン２８号 / すわ子isGOD！ / おあげさん / 梵天。,電波姫☆いまりちゃん / さくらこはダムです / メル子大先生 / 明日香大明神 / 甲羅暮らしの201号,complete
5,675,em-a33630899eb2,河口本栖子,18,1200,1500,6,delay,-0.2014,-0.268,0.5347,0.7361,電波姫☆いまりちゃん / 一葉ちゃんは作家さん / すわ子isGOD！ / ｽﾌﾟﾗ♡な琵琶子たん / 河口本栖子,電波姫☆いまりちゃん / さくらこはダムです / メル子大先生 / 明日香大明神 / 甲羅暮らしの201号,partial-skill-support
5,676,em-d111f497df0f,湘南大水曜日ボーイ,40,2044,5623,4,attack_buff,-0.2083,-0.2687,0.5278,0.7361,電波姫☆いまりちゃん / どんこ太郎 / すわ子isGOD！ / 明日香大明神 / 湘南大水曜日ボーイ,電波姫☆いまりちゃん / さくらこはダムです / メル子大先生 / 明日香大明神 / 甲羅暮らしの201号,complete
5,677,em-7d3aff4377e1,となりの201号さん,60,7159,3751,5,guard,-0.1944,-0.2689,0.5417,0.7361,アリストソテツ / ペーチパイセン / 深海人ゴロウ / シーラちゃん / となりの201号さん,電波姫☆いまりちゃん / さくらこはダムです / メル子大先生 / 明日香大明神 / 甲羅暮らしの201号,complete
5,678,em-5b5d08d879f7,おかいこさん,12,797,816,5,attribute_change,-0.1944,-0.2689,0.5417,0.7361,ハラショー☆ビッツェ / さくらこはダムです / ポディアさま / クレリゴス子様 / おかいこさん,電波姫☆いまりちゃん / さくらこはダムです / メル子大先生 / 明日香大明神 / 甲羅暮らしの201号,complete
5,679,em-a66f91385c36,伝説のキャミー,10,700,1100,4,heal,-0.1875,-0.269,0.5486,0.7361,ハラショー☆ビッツェ / さくらこはダムです / ポディアさま / クレリゴス子様 / 伝説のキャミー,電波姫☆いまりちゃん / さくらこはダムです / メル子大先生 / 明日香大明神 / 甲羅暮らしの201号,complete
5,680,em-07c5bc08f69e,朦朧ボディマンΩ,16,755,3020,10,multi_hit_attack,-0.2014,-0.2692,0.5347,0.7361,電波姫☆いまりちゃん / メムノン２８号 / メル子大先生 / おあげさん / 朦朧ボディマンΩ,電波姫☆いまりちゃん / さくらこはダムです / メル子大先生 / 明日香大明神 / 甲羅暮らしの201号,complete
5,681,em-a0e736cc95fd,ユッフィーさん,12,704,700,5,attack_buff,-0.1875,-0.27,0.5486,0.7361,ハラショー☆ビッツェ / さくらこはダムです / ポディアさま / クレリゴス子様 / ユッフィーさん,電波姫☆いまりちゃん / さくらこはダムです / メル子大先生 / 明日香大明神 / 甲羅暮らしの201号,complete
5,682,em-cce942b02eb0,激えぇじゃないか,14,1300,1100,5,aoe_attack,-0.1875,-0.27,0.5486,0.7361,ハラショー☆ビッツェ / さくらこはダムです / ポディアさま / クレリゴス子様 / 激えぇじゃないか,電波姫☆いまりちゃん / さくらこはダムです / メル子大先生 / 明日香大明神 / 甲羅暮らしの201号,complete
5,683,em-c6337efaceae,ｴﾚｶﾞﾝﾄ☆トラボル子,47,4260,4771,5,aoe_attack,-0.2083,-0.27,0.5278,0.7361,電波姫☆いまりちゃん / さくらこはダムです / タミちゃん / 明日香大明神 / ｴﾚｶﾞﾝﾄ☆トラボル子,電波姫☆いまりちゃん / さくらこはダムです / メル子大先生 / 明日香大明神 / 甲羅暮らしの201号,complete
5,684,em-922ebe667c19,けねず先輩,12,800,800,4,damage_reduction,-0.1875,-0.2709,0.5486,0.7361,ハラショー☆ビッツェ / さくらこはダムです / ポディアさま / クレリゴス子様 / けねず先輩,電波姫☆いまりちゃん / さくらこはダムです / メル子大先生 / 明日香大明神 / 甲羅暮らしの201号,complete
5,685,em-2a1c3fb65344,うかれる！さくらちゃん,9,444,444,5,attribute_change,-0.1944,-0.272,0.5417,0.7361,ハラショー☆ビッツェ / さくらこはダムです / ポディアさま / クレリゴス子様 / うかれる！さくらちゃん,電波姫☆いまりちゃん / さくらこはダムです / メル子大先生 / 明日香大明神 / 甲羅暮らしの201号,complete
5,686,em-33efacdd0b0b,ににぎ先輩,18,1100,1300,5,attack_buff,-0.2083,-0.2726,0.5278,0.7361,電波姫☆いまりちゃん / 一葉ちゃんは作家さん / すわ子isGOD！ / ｽﾌﾟﾗ♡な琵琶子たん / ににぎ先輩,電波姫☆いまりちゃん / さくらこはダムです / メル子大先生 / 明日香大明神 / 甲羅暮らしの201号,complete
5,687,em-ec52e54bb473,ﾀｰｷｰﾃﾞ-なじとっこ君,10,706,2403,4,attack_buff,-0.1944,-0.273,0.5417,0.7361,ハラショー☆ビッツェ / さくらこはダムです / ポディアさま / クレリゴス子様 / ﾀｰｷｰﾃﾞ-なじとっこ君,電波姫☆いまりちゃん / さくらこはダムです / メル子大先生 / 明日香大明神 / 甲羅暮らしの201号,complete
5,688,em-8594f11c20bf,替え玉ひろし,12,790,810,5,attack_buff,-0.1944,-0.273,0.5417,0.7361,ハラショー☆ビッツェ / さくらこはダムです / ポディアさま / クレリゴス子様 / 替え玉ひろし,電波姫☆いまりちゃん / さくらこはダムです / メル子大先生 / 明日香大明神 / 甲羅暮らしの201号,complete
5,689,em-feb63aeda54a,古のさくどん,9,1215,1187,6,delay,-0.1944,-0.273,0.5417,0.7361,ハラショー☆ビッツェ / さくらこはダムです / ポディアさま / クレリゴス子様 / 古のさくどん,電波姫☆いまりちゃん / さくらこはダムです / メル子大先生 / 明日香大明神 / 甲羅暮らしの201号,partial-skill-support
5,690,em-24615318187a,掘joy座長,10,1131,1131,4,skill_reduction,-0.1944,-0.273,0.5417,0.7361,ハラショー☆ビッツェ / さくらこはダムです / ポディアさま / クレリゴス子様 / 掘joy座長,電波姫☆いまりちゃん / さくらこはダムです / メル子大先生 / 明日香大明神 / 甲羅暮らしの201号,partial-skill-support
5,691,em-8ff0428b1c8b,さなこ先生,10,1128,1269,4,delay,-0.1944,-0.273,0.5417,0.7361,ハラショー☆ビッツェ / さくらこはダムです / ポディアさま / クレリゴス子様 / さなこ先生,電波姫☆いまりちゃん / さくらこはダムです / メル子大先生 / 明日香大明神 / 甲羅暮らしの201号,partial-skill-support
5,692,em-66f3b3cb0210,和みぴよ子,11,1145,1145,5,delay,-0.1944,-0.273,0.5417,0.7361,ハラショー☆ビッツェ / さくらこはダムです / ポディアさま / クレリゴス子様 / 和みぴよ子,電波姫☆いまりちゃん / さくらこはダムです / メル子大先生 / 明日香大明神 / 甲羅暮らしの201号,partial-skill-support
5,693,em-830a0f543f12,ぬーんちゃん,12,1100,1100,4,delay,-0.1944,-0.273,0.5417,0.7361,ハラショー☆ビッツェ / さくらこはダムです / ポディアさま / クレリゴス子様 / ぬーんちゃん,電波姫☆いまりちゃん / さくらこはダムです / メル子大先生 / 明日香大明神 / 甲羅暮らしの201号,partial-skill-support
5,694,em-53dc673274c6,暗殺者,8,420,800,5,attack_buff,-0.1944,-0.2741,0.5417,0.7361,ハラショー☆ビッツェ / さくらこはダムです / ポディアさま / クレリゴス子様 / 暗殺者,電波姫☆いまりちゃん / さくらこはダムです / メル子大先生 / 明日香大明神 / 甲羅暮らしの201号,complete
5,695,em-3ea908bf879e,鷹山大先生,10,390,390,6,delay,-0.1944,-0.2741,0.5417,0.7361,ハラショー☆ビッツェ / さくらこはダムです / ポディアさま / クレリゴス子様 / 鷹山大先生,電波姫☆いまりちゃん / さくらこはダムです / メル子大先生 / 明日香大明神 / 甲羅暮らしの201号,partial-skill-support
5,696,em-198e928f6d0b,なるとマン,9,800,700,4,attack_buff,-0.1944,-0.2751,0.5417,0.7361,ハラショー☆ビッツェ / さくらこはダムです / ポディアさま / クレリゴス子様 / なるとマン,電波姫☆いまりちゃん / さくらこはダムです / メル子大先生 / 明日香大明神 / 甲羅暮らしの201号,complete
5,697,em-950b687b1f04,タオるん先輩,9,700,900,4,attribute_guard,-0.1944,-0.2751,0.5417,0.7361,ハラショー☆ビッツェ / さくらこはダムです / ポディアさま / クレリゴス子様 / タオるん先輩,電波姫☆いまりちゃん / さくらこはダムです / メル子大先生 / 明日香大明神 / 甲羅暮らしの201号,complete
5,698,em-dd5697e42ab7,まお先輩,9,600,850,5,skill_reduction,-0.1944,-0.2751,0.5417,0.7361,ハラショー☆ビッツェ / さくらこはダムです / ポディアさま / クレリゴス子様 / まお先輩,電波姫☆いまりちゃん / さくらこはダムです / メル子大先生 / 明日香大明神 / 甲羅暮らしの201号,partial-skill-support
5,699,em-e37685227f53,さくちゃん,9,680,724,5,skill_reduction,-0.1944,-0.2751,0.5417,0.7361,ハラショー☆ビッツェ / さくらこはダムです / ポディアさま / クレリゴス子様 / さくちゃん,電波姫☆いまりちゃん / さくらこはダムです / メル子大先生 / 明日香大明神 / 甲羅暮らしの201号,partial-skill-support
5,700,em-e7adf536ba2f,やまなしーヌさま,9,500,600,5,skill_reduction,-0.1944,-0.2751,0.5417,0.7361,ハラショー☆ビッツェ / さくらこはダムです / ポディアさま / クレリゴス子様 / やまなしーヌさま,電波姫☆いまりちゃん / さくらこはダムです / メル子大先生 / 明日香大明神 / 甲羅暮らしの201号,partial-skill-support
5,701,em-86b8f3a86278,レボリューション凜子,10,800,800,4,attack_buff,-0.1944,-0.2751,0.5417,0.7361,ハラショー☆ビッツェ / さくらこはダムです / ポディアさま / クレリゴス子様 / レボリューション凜子,電波姫☆いまりちゃん / さくらこはダムです / メル子大先生 / 明日香大明神 / 甲羅暮らしの201号,complete
5,702,em-a2165d67f8cb,こんぴらくん,12,900,900,7,delay,-0.1944,-0.2751,0.5417,0.7361,ハラショー☆ビッツェ / さくらこはダムです / ポディアさま / クレリゴス子様 / こんぴらくん,電波姫☆いまりちゃん / さくらこはダムです / メル子大先生 / 明日香大明神 / 甲羅暮らしの201号,partial-skill-support
5,703,em-c5dbda5d8d5b,湘南パボーイ,12,318,911,4,attack_buff,-0.1944,-0.2751,0.5417,0.7361,ハラショー☆ビッツェ / さくらこはダムです / ポディアさま / クレリゴス子様 / 湘南パボーイ,電波姫☆いまりちゃん / さくらこはダムです / メル子大先生 / 明日香大明神 / 甲羅暮らしの201号,complete
5,704,em-30a1d9f3d52f,けねずさん,9,702,702,5,damage_reduction,-0.1944,-0.276,0.5417,0.7361,ハラショー☆ビッツェ / さくらこはダムです / ポディアさま / クレリゴス子様 / けねずさん,電波姫☆いまりちゃん / さくらこはダムです / メル子大先生 / 明日香大明神 / 甲羅暮らしの201号,complete
5,705,em-f8a40042a8dc,王家の騎士,10,650,550,8,attribute_guard,-0.1944,-0.276,0.5417,0.7361,ハラショー☆ビッツェ / さくらこはダムです / ポディアさま / クレリゴス子様 / 王家の騎士,電波姫☆いまりちゃん / さくらこはダムです / メル子大先生 / 明日香大明神 / 甲羅暮らしの201号,complete
5,706,em-608e027bd3d8,建国の騎士団,12,800,700,8,attribute_guard,-0.1944,-0.276,0.5417,0.7361,ハラショー☆ビッツェ / さくらこはダムです / ポディアさま / クレリゴス子様 / 建国の騎士団,電波姫☆いまりちゃん / さくらこはダムです / メル子大先生 / 明日香大明神 / 甲羅暮らしの201号,complete
5,707,em-b078ec458c73,ににぎさん,12,770,830,6,attack_buff,-0.1944,-0.276,0.5417,0.7361,ハラショー☆ビッツェ / さくらこはダムです / ポディアさま / クレリゴス子様 / ににぎさん,電波姫☆いまりちゃん / さくらこはダムです / メル子大先生 / 明日香大明神 / 甲羅暮らしの201号,complete
5,708,em-bbff6b354f45,くうかいさん,12,700,1100,4,skill_reduction,-0.1944,-0.276,0.5417,0.7361,ハラショー☆ビッツェ / さくらこはダムです / ポディアさま / クレリゴス子様 / くうかいさん,電波姫☆いまりちゃん / さくらこはダムです / メル子大先生 / 明日香大明神 / 甲羅暮らしの201号,partial-skill-support
5,709,em-ff9248487a17,じょーカー＆ちょーカー,14,800,1000,5,delay,-0.1944,-0.276,0.5417,0.7361,ハラショー☆ビッツェ / さくらこはダムです / ポディアさま / クレリゴス子様 / じょーカー＆ちょーカー,電波姫☆いまりちゃん / さくらこはダムです / メル子大先生 / 明日香大明神 / 甲羅暮らしの201号,partial-skill-support
5,710,em-2f5dd4b0a739,大内先輩,9,800,800,4,heal,-0.1944,-0.276,0.5417,0.7361,ハラショー☆ビッツェ / さくらこはダムです / ポディアさま / クレリゴス子様 / 大内先輩,電波姫☆いまりちゃん / さくらこはダムです / メル子大先生 / 明日香大明神 / 甲羅暮らしの201号,complete
5,711,em-1cd0c7153e75,みさき先輩,18,1400,1600,4,multi_hit_attack,-0.2083,-0.2762,0.5278,0.7361,電波姫☆いまりちゃん / 一葉ちゃんは作家さん / すわ子isGOD！ / 明日香大明神 / みさき先輩,電波姫☆いまりちゃん / さくらこはダムです / メル子大先生 / 明日香大明神 / 甲羅暮らしの201号,complete
5,712,em-6a3f787c507e,梵天くん,12,700,900,7,aoe_attack,-0.1944,-0.277,0.5417,0.7361,ハラショー☆ビッツェ / さくらこはダムです / ポディアさま / クレリゴス子様 / 梵天くん,電波姫☆いまりちゃん / さくらこはダムです / メル子大先生 / 明日香大明神 / 甲羅暮らしの201号,complete
5,713,em-d8823783dfa4,あわわ子先輩,12,1100,1100,5,attack_buff,-0.1944,-0.277,0.5417,0.7361,ハラショー☆ビッツェ / さくらこはダムです / ポディアさま / クレリゴス子様 / あわわ子先輩,電波姫☆いまりちゃん / さくらこはダムです / メル子大先生 / 明日香大明神 / 甲羅暮らしの201号,complete
5,714,em-95b7f0f77e62,エンジェル道場,12,900,1000,4,attack_buff,-0.2014,-0.277,0.5347,0.7361,ハラショー☆ビッツェ / さくらこはダムです / ポディアさま / クレリゴス子様 / エンジェル道場,電波姫☆いまりちゃん / さくらこはダムです / メル子大先生 / 明日香大明神 / 甲羅暮らしの201号,complete
5,715,em-f4f38ea1c2f0,びゃ子さま,15,450,1850,4,attack_buff,-0.2083,-0.2774,0.5278,0.7361,電波姫☆いまりちゃん / メムノン２８号 / すわ子isGOD！ / おあげさん / びゃ子さま,電波姫☆いまりちゃん / さくらこはダムです / メル子大先生 / 明日香大明神 / 甲羅暮らしの201号,complete
5,716,em-83b1d87342f9,コン美なん吉先生,20,882,3381,4,revive,-0.2153,-0.2784,0.5208,0.7361,電波姫☆いまりちゃん / ペーチパイセン / ポディアさま / しずこ大先生 / コン美なん吉先生,電波姫☆いまりちゃん / さくらこはダムです / メル子大先生 / 明日香大明神 / 甲羅暮らしの201号,complete
5,717,em-22f9adeaa0c2,祈るよ霧子たん,10,405,375,7,revive,-0.2014,-0.2791,0.5347,0.7361,ハラショー☆ビッツェ / さくらこはダムです / ポディアさま / クレリゴス子様 / 祈るよ霧子たん,電波姫☆いまりちゃん / さくらこはダムです / メル子大先生 / 明日香大明神 / 甲羅暮らしの201号,complete
5,718,em-76d5adb90497,青こだまん,15,1000,1100,6,multi_hit_attack,-0.2153,-0.2796,0.5208,0.7361,電波姫☆いまりちゃん / メムノン２８号 / すわ子isGOD！ / おあげさん / 青こだまん,電波姫☆いまりちゃん / さくらこはダムです / メル子大先生 / 明日香大明神 / 甲羅暮らしの201号,complete
5,719,em-82278106d090,流浪の殺し手,12,600,1000,5,attack_buff,-0.2014,-0.2801,0.5347,0.7361,ハラショー☆ビッツェ / さくらこはダムです / ポディアさま / クレリゴス子様 / 流浪の殺し手,電波姫☆いまりちゃん / さくらこはダムです / メル子大先生 / 明日香大明神 / 甲羅暮らしの201号,complete
5,720,em-cd5bbd27a3ee,熊とか絶対殺すマン,40,4086,4771,5,delay,-0.2222,-0.2801,0.5139,0.7361,電波姫☆いまりちゃん / どんこ太郎 / すわ子isGOD！ / 明日香大明神 / 熊とか絶対殺すマン,電波姫☆いまりちゃん / さくらこはダムです / メル子大先生 / 明日香大明神 / 甲羅暮らしの201号,partial-skill-support
5,721,em-0968ff35f616,名君！鷹山先生,17,1283,1283,5,delay,-0.2153,-0.2808,0.5208,0.7361,電波姫☆いまりちゃん / 一葉ちゃんは作家さん / すわ子isGOD！ / ｽﾌﾟﾗ♡な琵琶子たん / 名君！鷹山先生,電波姫☆いまりちゃん / さくらこはダムです / メル子大先生 / 明日香大明神 / 甲羅暮らしの201号,partial-skill-support
5,722,em-87b19d1c9d4e,ベリーズさん,9,1057,1692,5,attack_buff,-0.2014,-0.2811,0.5347,0.7361,ハラショー☆ビッツェ / さくらこはダムです / ポディアさま / クレリゴス子様 / ベリーズさん,電波姫☆いまりちゃん / さくらこはダムです / メル子大先生 / 明日香大明神 / 甲羅暮らしの201号,complete
5,723,em-1290652c5171,萌やし博士,10,408,1212,4,attack_buff,-0.2014,-0.2811,0.5347,0.7361,ハラショー☆ビッツェ / さくらこはダムです / ポディアさま / クレリゴス子様 / 萌やし博士,電波姫☆いまりちゃん / さくらこはダムです / メル子大先生 / 明日香大明神 / 甲羅暮らしの201号,complete
5,724,em-309e9bdb12e4,萌やし戦士,14,773,2573,4,attack_buff,-0.2014,-0.2811,0.5347,0.7361,ハラショー☆ビッツェ / さくらこはダムです / ポディアさま / クレリゴス子様 / 萌やし戦士,電波姫☆いまりちゃん / さくらこはダムです / メル子大先生 / 明日香大明神 / 甲羅暮らしの201号,complete
5,725,em-776a370b4f6e,隠れ里だよ久連子さん,11,435,1165,5,attack_buff,-0.2014,-0.2811,0.5347,0.7361,ハラショー☆ビッツェ / さくらこはダムです / ポディアさま / クレリゴス子様 / 隠れ里だよ久連子さん,電波姫☆いまりちゃん / さくらこはダムです / メル子大先生 / 明日香大明神 / 甲羅暮らしの201号,complete
5,726,em-428dee3a4bd3,びゃ子たん,12,370,1230,5,attack_buff,-0.2014,-0.2811,0.5347,0.7361,ハラショー☆ビッツェ / さくらこはダムです / ポディアさま / クレリゴス子様 / びゃ子たん,電波姫☆いまりちゃん / さくらこはダムです / メル子大先生 / 明日香大明神 / 甲羅暮らしの201号,complete
5,727,em-ba3e87e06882,ぴよ子ファーザー,20,357,3577,4,attack_buff,-0.2222,-0.2814,0.5139,0.7361,電波姫☆いまりちゃん / 一葉ちゃんは作家さん / すわ子isGOD！ / おあげさん / ぴよ子ファーザー,電波姫☆いまりちゃん / さくらこはダムです / メル子大先生 / 明日香大明神 / 甲羅暮らしの201号,complete
5,728,em-1fcc8f4c1ae3,ヴェルサイユの朝,45,2556,6645,5,attack_buff,-0.2083,-0.2819,0.5278,0.7361,電波姫☆いまりちゃん / どんこ太郎 / 時のプラズマ / 明日香大明神 / ヴェルサイユの朝,電波姫☆いまりちゃん / さくらこはダムです / メル子大先生 / 明日香大明神 / 甲羅暮らしの201号,complete
5,729,em-f8bc07a12f5c,Ir☆D☆F！,19,1,2839,6,attribute_guard,-0.2083,-0.2819,0.5278,0.7361,電波姫☆いまりちゃん / ペーチパイセン / すわ子isGOD！ / ウサポワンちゃん / Ir☆D☆F！,電波姫☆いまりちゃん / さくらこはダムです / メル子大先生 / 明日香大明神 / 甲羅暮らしの201号,complete
5,730,em-2023baf2b5e2,ガハラ大明神,9,1198,1057,4,attack_buff,-0.2014,-0.2821,0.5347,0.7361,ハラショー☆ビッツェ / さくらこはダムです / ポディアさま / クレリゴス子様 / ガハラ大明神,電波姫☆いまりちゃん / さくらこはダムです / メル子大先生 / 明日香大明神 / 甲羅暮らしの201号,complete
5,731,em-7affb78d3b91,渇求するネギの果て,10,754,754,4,guard,-0.2014,-0.2821,0.5347,0.7361,ハラショー☆ビッツェ / さくらこはダムです / ポディアさま / クレリゴス子様 / 渇求するネギの果て,電波姫☆いまりちゃん / さくらこはダムです / メル子大先生 / 明日香大明神 / 甲羅暮らしの201号,complete
5,732,em-da4562cd6142,プレーン下仁田,10,500,500,4,guard,-0.2014,-0.2821,0.5347,0.7361,ハラショー☆ビッツェ / さくらこはダムです / ポディアさま / クレリゴス子様 / プレーン下仁田,電波姫☆いまりちゃん / さくらこはダムです / メル子大先生 / 明日香大明神 / 甲羅暮らしの201号,complete
5,733,em-4694b1a256f8,悪魔！いびるん,9,600,700,5,guard,-0.2014,-0.2821,0.5347,0.7361,ハラショー☆ビッツェ / さくらこはダムです / ポディアさま / クレリゴス子様 / 悪魔！いびるん,電波姫☆いまりちゃん / さくらこはダムです / メル子大先生 / 明日香大明神 / 甲羅暮らしの201号,complete
5,734,em-f18963ac0ea1,すわ子さま,12,700,1000,5,multi_hit_attack,-0.2014,-0.2831,0.5347,0.7361,ハラショー☆ビッツェ / さくらこはダムです / ポディアさま / クレリゴス子様 / すわ子さま,電波姫☆いまりちゃん / さくらこはダムです / メル子大先生 / 明日香大明神 / 甲羅暮らしの201号,complete
5,735,em-19a1ef813069,絶品！さくらん兄妹,10,780,820,5,skill_reduction,-0.2014,-0.2831,0.5347,0.7361,ハラショー☆ビッツェ / さくらこはダムです / ポディアさま / クレリゴス子様 / 絶品！さくらん兄妹,電波姫☆いまりちゃん / さくらこはダムです / メル子大先生 / 明日香大明神 / 甲羅暮らしの201号,partial-skill-support
5,736,em-4980bf27b119,淡路な浄瑠璃さん,10,708,700,7,skill_reduction,-0.2014,-0.2831,0.5347,0.7361,ハラショー☆ビッツェ / さくらこはダムです / ポディアさま / クレリゴス子様 / 淡路な浄瑠璃さん,電波姫☆いまりちゃん / さくらこはダムです / メル子大先生 / 明日香大明神 / 甲羅暮らしの201号,partial-skill-support
5,737,em-a5abadbcbc7d,ちょーカーちゃん,10,700,900,5,delay,-0.2014,-0.2831,0.5347,0.7361,ハラショー☆ビッツェ / さくらこはダムです / ポディアさま / クレリゴス子様 / ちょーカーちゃん,電波姫☆いまりちゃん / さくらこはダムです / メル子大先生 / 明日香大明神 / 甲羅暮らしの201号,partial-skill-support
5,738,em-58f4a804ff7f,マリンな白良さん,12,710,694,4,attack_buff,-0.2014,-0.2831,0.5347,0.7361,ハラショー☆ビッツェ / さくらこはダムです / ポディアさま / クレリゴス子様 / マリンな白良さん,電波姫☆いまりちゃん / さくらこはダムです / メル子大先生 / 明日香大明神 / 甲羅暮らしの201号,complete
5,739,em-3bd6544e0bce,窓辺のやまなしーヌ,13,700,800,4,skill_reduction,-0.2014,-0.2831,0.5347,0.7361,ハラショー☆ビッツェ / さくらこはダムです / ポディアさま / クレリゴス子様 / 窓辺のやまなしーヌ,電波姫☆いまりちゃん / さくらこはダムです / メル子大先生 / 明日香大明神 / 甲羅暮らしの201号,partial-skill-support
5,740,em-a769fc8e5005,真サタデーナイト郡上,12,800,1000,5,aoe_attack,-0.2014,-0.2831,0.5347,0.7361,ハラショー☆ビッツェ / さくらこはダムです / ポディアさま / クレリゴス子様 / 真サタデーナイト郡上,電波姫☆いまりちゃん / さくらこはダムです / メル子大先生 / 明日香大明神 / 甲羅暮らしの201号,complete
5,741,em-14ab1de959d7,あくせんと・きゃー子,18,1400,400,6,attribute_change,-0.2153,-0.2832,0.5208,0.7361,電波姫☆いまりちゃん / 一葉ちゃんは作家さん / すわ子isGOD！ / 明日香大明神 / あくせんと・きゃー子,電波姫☆いまりちゃん / さくらこはダムです / メル子大先生 / 明日香大明神 / 甲羅暮らしの201号,complete
5,742,em-cc9db541b1b4,メル子さん,9,600,700,4,attack_buff,-0.2083,-0.2861,0.5278,0.7361,ハラショー☆ビッツェ / さくらこはダムです / ポディアさま / クレリゴス子様 / メル子さん,電波姫☆いまりちゃん / さくらこはダムです / メル子大先生 / 明日香大明神 / 甲羅暮らしの201号,complete
5,743,em-a8f48fb9a527,タミちゃんの火祭り,15,1,2402,4,aoe_attack,-0.2222,-0.2866,0.5139,0.7361,電波姫☆いまりちゃん / メムノン２８号 / すわ子isGOD！ / おあげさん / タミちゃんの火祭り,電波姫☆いまりちゃん / さくらこはダムです / メル子大先生 / 明日香大明神 / 甲羅暮らしの201号,complete
5,744,em-cfa8f59c143b,いぬやマン再び,9,500,500,7,attack_buff,-0.2083,-0.2881,0.5278,0.7361,ハラショー☆ビッツェ / さくらこはダムです / ポディアさま / クレリゴス子様 / いぬやマン再び,電波姫☆いまりちゃん / さくらこはダムです / メル子大先生 / 明日香大明神 / 甲羅暮らしの201号,complete
5,745,em-1d5e8b5832c0,続・いぬやマン,12,400,400,7,attack_buff,-0.2083,-0.2881,0.5278,0.7361,ハラショー☆ビッツェ / さくらこはダムです / ポディアさま / クレリゴス子様 / 続・いぬやマン,電波姫☆いまりちゃん / さくらこはダムです / メル子大先生 / 明日香大明神 / 甲羅暮らしの201号,complete
5,746,em-511e9ea676be,Woo怪さま,10,700,1100,5,multi_hit_attack,-0.2083,-0.2901,0.5278,0.7361,ハラショー☆ビッツェ / さくらこはダムです / ポディアさま / クレリゴス子様 / Woo怪さま,電波姫☆いまりちゃん / さくらこはダムです / メル子大先生 / 明日香大明神 / 甲羅暮らしの201号,complete
5,747,em-53cfa10130db,みさきちゃん,10,800,1000,5,multi_hit_attack,-0.2083,-0.2901,0.5278,0.7361,ハラショー☆ビッツェ / さくらこはダムです / ポディアさま / クレリゴス子様 / みさきちゃん,電波姫☆いまりちゃん / さくらこはダムです / メル子大先生 / 明日香大明神 / 甲羅暮らしの201号,complete
5,748,em-5284c689c7b6,ジャウー大先生,15,805,3220,4,skill_reduction,-0.2222,-0.2903,0.5139,0.7361,電波姫☆いまりちゃん / メムノン２８号 / すわ子isGOD！ / おあげさん / ジャウー大先生,電波姫☆いまりちゃん / さくらこはダムです / メル子大先生 / 明日香大明神 / 甲羅暮らしの201号,partial-skill-support
5,749,em-dc3f141a4c92,天の民草トッキー,20,1200,1200,5,attack_buff,-0.2153,-0.291,0.5208,0.7361,電波姫☆いまりちゃん / ペーチパイセン / すわ子isGOD！ / ウサポワンちゃん / 天の民草トッキー,電波姫☆いまりちゃん / さくらこはダムです / メル子大先生 / 明日香大明神 / 甲羅暮らしの201号,complete
5,750,em-4b386c59ef08,キマシ塔の温泉娘,20,1245,2781,5,attack_buff,-0.2292,-0.2924,0.5069,0.7361,電波姫☆いまりちゃん / 一葉ちゃんは作家さん / すわ子isGOD！ / おあげさん / キマシ塔の温泉娘,電波姫☆いまりちゃん / さくらこはダムです / メル子大先生 / 明日香大明神 / 甲羅暮らしの201号,complete
5,751,em-f89a98dd9893,大魔神！せいタン降臨,48,2044,6305,4,attack_buff,-0.2361,-0.2954,0.5,0.7361,電波姫☆いまりちゃん / さくらこはダムです / タミちゃん / 明日香大明神 / 大魔神！せいタン降臨,電波姫☆いまりちゃん / さくらこはダムです / メル子大先生 / 明日香大明神 / 甲羅暮らしの201号,complete
5,752,em-c2dc184a86c0,爆誕！さくどん,45,3408,4260,9,delay,-0.2292,-0.2961,0.5069,0.7361,電波姫☆いまりちゃん / どんこ太郎 / 時のプラズマ / 明日香大明神 / 爆誕！さくどん,電波姫☆いまりちゃん / さくらこはダムです / メル子大先生 / 明日香大明神 / 甲羅暮らしの201号,partial-skill-support
5,753,em-618372c0cf56,しょーか先生,10,800,900,5,multi_hit_attack,-0.2153,-0.2971,0.5208,0.7361,ハラショー☆ビッツェ / さくらこはダムです / ポディアさま / クレリゴス子様 / しょーか先生,電波姫☆いまりちゃん / さくらこはダムです / メル子大先生 / 明日香大明神 / 甲羅暮らしの201号,complete
5,754,em-9cd3d68e61d0,渦巻王ナルテュール,45,1704,6134,6,multi_hit_attack,-0.2361,-0.2981,0.5,0.7361,電波姫☆いまりちゃん / さくらこはダムです / タミちゃん / 明日香大明神 / 渦巻王ナルテュール,電波姫☆いまりちゃん / さくらこはダムです / メル子大先生 / 明日香大明神 / 甲羅暮らしの201号,complete
5,755,em-5fa0e98e47a3,びゃ子隊長,18,885,4266,4,attack_buff,-0.2361,-0.3019,0.5,0.7361,電波姫☆いまりちゃん / さくらこはダムです / ポディアさま / しずこ大先生 / びゃ子隊長,電波姫☆いまりちゃん / さくらこはダムです / メル子大先生 / 明日香大明神 / 甲羅暮らしの201号,complete
5,756,em-4aaecdf41c4d,えらいわ世界師匠,15,1260,1210,4,attack_buff,-0.2361,-0.3042,0.5,0.7361,電波姫☆いまりちゃん / 一葉ちゃんは作家さん / すわ子isGOD！ / 明日香大明神 / えらいわ世界師匠,電波姫☆いまりちゃん / さくらこはダムです / メル子大先生 / 明日香大明神 / 甲羅暮らしの201号,complete
5,757,em-ceea9992db7d,しずこ先輩,16,900,1600,4,multi_hit_attack,-0.2431,-0.3051,0.4931,0.7361,電波姫☆いまりちゃん / 一葉ちゃんは作家さん / すわ子isGOD！ / おあげさん / しずこ先輩,電波姫☆いまりちゃん / さくらこはダムです / メル子大先生 / 明日香大明神 / 甲羅暮らしの201号,complete
5,758,em-1232a815b671,みさきさん,16,1000,1200,5,multi_hit_attack,-0.2431,-0.3063,0.4931,0.7361,電波姫☆いまりちゃん / 一葉ちゃんは作家さん / すわ子isGOD！ / おあげさん / みさきさん,電波姫☆いまりちゃん / さくらこはダムです / メル子大先生 / 明日香大明神 / 甲羅暮らしの201号,complete
5,759,em-7d756ba8373e,謹賀新年のびゃこ,47,2300,6219,4,attack_buff,-0.25,-0.3094,0.4861,0.7361,電波姫☆いまりちゃん / さくらこはダムです / タミちゃん / 明日香大明神 / 謹賀新年のびゃこ,電波姫☆いまりちゃん / さくらこはダムです / メル子大先生 / 明日香大明神 / 甲羅暮らしの201号,complete
5,760,em-354b4786550a,魔滅！鷹山先生,27,1283,1283,4,delay,-0.2361,-0.3099,0.5,0.7361,電波姫☆いまりちゃん / ペーチパイセン / メル子大先生 / ウサポワンちゃん / 魔滅！鷹山先生,電波姫☆いまりちゃん / さくらこはダムです / メル子大先生 / 明日香大明神 / 甲羅暮らしの201号,partial-skill-support
5,761,em-b932d51bd1fd,もりりんもんそん,16,1005,2974,4,attack_buff,-0.2361,-0.312,0.5,0.7361,ラグーン☆南 / さくらこはダムです / ポディアさま / 電波姫☆いまりちゃん / もりりんもんそん,電波姫☆いまりちゃん / さくらこはダムです / メル子大先生 / 明日香大明神 / 甲羅暮らしの201号,complete
5,762,em-0f3dc5f343f5,?????,40,2954,3316,8,delay,-0.25,-0.3145,0.4861,0.7361,電波姫☆いまりちゃん / どんこ太郎 / すわ子isGOD！ / 明日香大明神 / ?????,電波姫☆いまりちゃん / さくらこはダムです / メル子大先生 / 明日香大明神 / 甲羅暮らしの201号,partial-skill-support
5,763,em-fa2d14d3eb33,大天姿☆ぴよ子,46,7572,756,5,skill_reduction,-0.25,-0.3145,0.4861,0.7361,電波姫☆いまりちゃん / どんこ太郎 / 人面恐竜の謎 / 明日香大明神 / 大天姿☆ぴよ子,電波姫☆いまりちゃん / さくらこはダムです / メル子大先生 / 明日香大明神 / 甲羅暮らしの201号,partial-skill-support
5,764,em-2c51c9073e5a,強化ゆる骨格のススメ,50,1704,1704,12,attribute_guard,-0.25,-0.3193,0.4861,0.7361,ラグーン☆南 / どんこ太郎 / メル子大先生 / 明日香大明神 / 強化ゆる骨格のススメ,電波姫☆いまりちゃん / さくらこはダムです / メル子大先生 / 明日香大明神 / 甲羅暮らしの201号,complete
5,765,em-b4a2096551c5,金閣明日香,15,1201,1343,4,revive,-0.25,-0.3249,0.4861,0.7361,ラグーン☆南 / さくらこはダムです / ポディアさま / 電波姫☆いまりちゃん / 金閣明日香,電波姫☆いまりちゃん / さくらこはダムです / メル子大先生 / 明日香大明神 / 甲羅暮らしの201号,complete
5,766,em-962fa89cd31d,極東恋姫☆霧子たん,15,1243,1161,5,revive,-0.25,-0.326,0.4861,0.7361,ラグーン☆南 / さくらこはダムです / ポディアさま / 電波姫☆いまりちゃん / 極東恋姫☆霧子たん,電波姫☆いまりちゃん / さくらこはダムです / メル子大先生 / 明日香大明神 / 甲羅暮らしの201号,complete
5,767,em-a8e1bfbd68cd,秋のタツタちゃん,80,10224,4771,4,multi_hit_attack,-0.25,-0.327,0.4861,0.7361,ソクラテツ / ペーチパイセン / 王国民ゴロウ / ズースくん / 秋のタツタちゃん,電波姫☆いまりちゃん / さくらこはダムです / メル子大先生 / 明日香大明神 / 甲羅暮らしの201号,complete
5,768,em-bb256f97e3d5,ダークウォーカー,15,900,1500,5,attack_buff,-0.25,-0.328,0.4861,0.7361,ラグーン☆南 / さくらこはダムです / ポディアさま / 電波姫☆いまりちゃん / ダークウォーカー,電波姫☆いまりちゃん / さくらこはダムです / メル子大先生 / 明日香大明神 / 甲羅暮らしの201号,complete
5,769,em-f02f1ba602b7,ぴよ子ロンダリング,50,1893,189,5,delay,-0.2639,-0.3296,0.4722,0.7361,ラグーン☆南 / どんこ太郎 / メル子大先生 / 明日香大明神 / ぴよ子ロンダリング,電波姫☆いまりちゃん / さくらこはダムです / メル子大先生 / 明日香大明神 / 甲羅暮らしの201号,partial-skill-support
5,770,em-a280c7496ca0,武門の誉れ玄き冬将軍,70,9375,2896,4,attack_buff,-0.2569,-0.3297,0.4792,0.7361,アリストソテツ / ペーチパイセン / 深海人ゴロウ / おあげちゃん / 武門の誉れ玄き冬将軍,電波姫☆いまりちゃん / さくらこはダムです / メル子大先生 / 明日香大明神 / 甲羅暮らしの201号,complete
5,771,em-63479f6dd7fc,イタ子先生,15,300,700,5,revive,-0.2569,-0.3318,0.4792,0.7361,ラグーン☆南 / さくらこはダムです / ポディアさま / 電波姫☆いまりちゃん / イタ子先生,電波姫☆いまりちゃん / さくらこはダムです / メル子大先生 / 明日香大明神 / 甲羅暮らしの201号,complete
5,772,em-9fed59290cda,ユッフィー先生,15,800,800,5,attack_buff,-0.2569,-0.3318,0.4792,0.7361,ラグーン☆南 / さくらこはダムです / ポディアさま / 電波姫☆いまりちゃん / ユッフィー先生,電波姫☆いまりちゃん / さくらこはダムです / メル子大先生 / 明日香大明神 / 甲羅暮らしの201号,complete
5,773,em-b943dbad0d0c,姫武者伏姫,54,6253,3823,5,guard,-0.2569,-0.3329,0.4792,0.7361,アリストソテツ / ペーチパイセン / 深海人ゴロウ / おあげちゃん / 姫武者伏姫,電波姫☆いまりちゃん / さくらこはダムです / メル子大先生 / 明日香大明神 / 甲羅暮らしの201号,complete
5,774,em-3e54a6be4029,おかいこ先輩,15,1206,1276,5,attribute_change,-0.2569,-0.3339,0.4792,0.7361,ラグーン☆南 / さくらこはダムです / ポディアさま / 電波姫☆いまりちゃん / おかいこ先輩,電波姫☆いまりちゃん / さくらこはダムです / メル子大先生 / 明日香大明神 / 甲羅暮らしの201号,complete
5,775,em-41dba7fe5bcf,剛腕！かるたーニャ,15,1120,1300,5,attack_buff,-0.2569,-0.335,0.4792,0.7361,ラグーン☆南 / さくらこはダムです / ポディアさま / 電波姫☆いまりちゃん / 剛腕！かるたーニャ,電波姫☆いまりちゃん / さくらこはダムです / メル子大先生 / 明日香大明神 / 甲羅暮らしの201号,complete
5,776,em-f3861e35df6f,暗黒王まはーかーらん,47,3731,3926,4,delay,-0.2708,-0.3365,0.4653,0.7361,電波姫☆いまりちゃん / どんこ太郎 / 人面恐竜の謎 / 明日香大明神 / 暗黒王まはーかーらん,電波姫☆いまりちゃん / さくらこはダムです / メル子大先生 / 明日香大明神 / 甲羅暮らしの201号,partial-skill-support
5,777,em-4c448c54f095,実底超真幽子さん,15,1187,1215,5,revive,-0.2639,-0.3388,0.4722,0.7361,イグナシオさんミニ / 一葉ちゃんは作家さん / ポディアさま / 電波姫☆いまりちゃん / 実底超真幽子さん,電波姫☆いまりちゃん / さくらこはダムです / メル子大先生 / 明日香大明神 / 甲羅暮らしの201号,complete
5,778,em-c25db2f5b4ff,メルヘン☆グリ子,80,9202,3748,4,damage_reduction,-0.2639,-0.3398,0.4722,0.7361,アリストソテツ / ペーチパイセン / ゴロウ / ズースくん / メルヘン☆グリ子,電波姫☆いまりちゃん / さくらこはダムです / メル子大先生 / 明日香大明神 / 甲羅暮らしの201号,complete
5,779,em-45aa4b2348d2,鬼一方眼,80,12780,3578,5,attack_buff,-0.2708,-0.3467,0.4653,0.7361,ソクラテツ / ペーチパイセン / 王国民ゴロウ / ズースくん / 鬼一方眼,電波姫☆いまりちゃん / さくらこはダムです / メル子大先生 / 明日香大明神 / 甲羅暮らしの201号,complete
5,780,em-ad82a61bcc2a,ｺﾄﾖﾛ!巳ーちゃん様,55,6901,3451,4,damage_reduction,-0.2708,-0.3488,0.4653,0.7361,アリストソテツ / ペーチパイセン / 深海人ゴロウ / おあげちゃん / ｺﾄﾖﾛ!巳ーちゃん様,電波姫☆いまりちゃん / さくらこはダムです / メル子大先生 / 明日香大明神 / 甲羅暮らしの201号,complete
5,781,em-4a7831bec582,春の音連れ,66,10906,3748,6,skill_reduction,-0.2778,-0.3515,0.4583,0.7361,アリストソテツ / ペーチパイセン / 深海人ゴロウ / シーラちゃん / 春の音連れ,電波姫☆いまりちゃん / さくらこはダムです / メル子大先生 / 明日香大明神 / 甲羅暮らしの201号,partial-skill-support
5,782,em-a48bcdd76e03,サーファー岡田,15,419,1298,4,attack_buff,-0.2778,-0.3557,0.4583,0.7361,イグナシオさんミニ / 一葉ちゃんは作家さん / ポディアさま / 電波姫☆いまりちゃん / サーファー岡田,電波姫☆いまりちゃん / さくらこはダムです / メル子大先生 / 明日香大明神 / 甲羅暮らしの201号,complete
5,783,em-78785b8bf619,企業だ浅ちゃん！,42,1192,7327,4,attack_buff,-0.2847,-0.3573,0.4514,0.7361,電波姫☆いまりちゃん / どんこ太郎 / すわ子isGOD！ / おあげさん / 企業だ浅ちゃん！,電波姫☆いまりちゃん / さくらこはダムです / メル子大先生 / 明日香大明神 / 甲羅暮らしの201号,complete
5,784,em-48b5d909c409,南紀な白良さん,15,800,800,4,attack_buff,-0.2847,-0.3594,0.4514,0.7361,ラグーン☆南 / さくらこはダムです / ポディアさま / 電波姫☆いまりちゃん / 南紀な白良さん,電波姫☆いまりちゃん / さくらこはダムです / メル子大先生 / 明日香大明神 / 甲羅暮らしの201号,complete
5,785,em-94dc3d86f691,碧海のオフタルもん,75,10054,3919,4,multi_hit_attack,-0.2847,-0.3605,0.4514,0.7361,アリストソテツ / ペーチパイセン / 深海人ゴロウ / おあげちゃん / 碧海のオフタルもん,電波姫☆いまりちゃん / さくらこはダムです / メル子大先生 / 明日香大明神 / 甲羅暮らしの201号,complete
5,786,em-a4434f820061,恋する塚ジェンヌ,15,710,694,5,attack_buff,-0.2847,-0.3615,0.4514,0.7361,ラグーン☆南 / さくらこはダムです / ポディアさま / 電波姫☆いまりちゃん / 恋する塚ジェンヌ,電波姫☆いまりちゃん / さくらこはダムです / メル子大先生 / 明日香大明神 / 甲羅暮らしの201号,complete
5,787,em-6437dd94e076,河口西子,15,900,1300,6,delay,-0.2847,-0.3636,0.4514,0.7361,イグナシオさんミニ / 一葉ちゃんは作家さん / ポディアさま / 電波姫☆いまりちゃん / 河口西子,電波姫☆いまりちゃん / さくらこはダムです / メル子大先生 / 明日香大明神 / 甲羅暮らしの201号,partial-skill-support
5,788,em-c750011c554d,夢奈マコ（16才）,60,7497,2130,5,guard,-0.2986,-0.3687,0.4375,0.7361,アリストソテツ / ペーチパイセン / 王国民ゴロウ / おあげちゃん / 夢奈マコ（16才）,電波姫☆いまりちゃん / さくらこはダムです / メル子大先生 / 明日香大明神 / 甲羅暮らしの201号,complete
5,789,em-6c5c24ebebea,こんぴらさん,15,1100,1100,8,delay,-0.2917,-0.3694,0.4444,0.7361,イグナシオさんミニ / 一葉ちゃんは作家さん / ポディアさま / 電波姫☆いまりちゃん / こんぴらさん,電波姫☆いまりちゃん / さくらこはダムです / メル子大先生 / 明日香大明神 / 甲羅暮らしの201号,partial-skill-support
5,790,em-b5e0f2fbff78,養老のバッカス,65,6475,3408,4,revive,-0.2986,-0.3698,0.4375,0.7361,アリストソテツ / ペーチパイセン / 王国民ゴロウ / おあげちゃん / 養老のバッカス,電波姫☆いまりちゃん / さくらこはダムです / メル子大先生 / 明日香大明神 / 甲羅暮らしの201号,complete
5,791,em-902bd624dbdb,パンタナルの狼男,70,5898,4260,5,revive,-0.3056,-0.3744,0.4306,0.7361,アリストソテツ / ペーチパイセン / 深海人ゴロウ / シーラちゃん / パンタナルの狼男,電波姫☆いまりちゃん / さくらこはダムです / メル子大先生 / 明日香大明神 / 甲羅暮らしの201号,complete
5,792,em-710becd5b772,雪女フェス祭カーニバル,54,7497,2556,6,attribute_guard,-0.3056,-0.38,0.4306,0.7361,アリストソテツ / ペーチパイセン / 王国民ゴロウ / おあげちゃん / 雪女フェス祭カーニバル,電波姫☆いまりちゃん / さくらこはダムです / メル子大先生 / 明日香大明神 / 甲羅暮らしの201号,complete
5,793,em-0e376d1892df,メネリくん一世,72,6134,3067,4,guard,-0.3056,-0.3821,0.4306,0.7361,アリストソテツ / ペーチパイセン / 深海人ゴロウ / シーラちゃん / メネリくん一世,電波姫☆いまりちゃん / さくらこはダムです / メル子大先生 / 明日香大明神 / 甲羅暮らしの201号,complete
5,794,em-5e492c884ca0,三貴子素戔嗚,75,8946,6475,5,multi_hit_attack,-0.3056,-0.3821,0.4306,0.7361,アリストソテツ / ペーチパイセン / 王国民ゴロウ / シーラちゃん / 三貴子素戔嗚,電波姫☆いまりちゃん / さくらこはダムです / メル子大先生 / 明日香大明神 / 甲羅暮らしの201号,complete
5,795,em-962f1faafed7,三貴子アマテラス,75,10309,5112,5,revive,-0.3125,-0.3857,0.4236,0.7361,アリストソテツ / ペーチパイセン / 深海人ゴロウ / おあげちゃん / 三貴子アマテラス,電波姫☆いまりちゃん / さくらこはダムです / メル子大先生 / 明日香大明神 / 甲羅暮らしの201号,complete
5,796,em-05c5072dc080,橘の元祖☆みっちー,75,9798,4515,4,skill_reduction,-0.3194,-0.3947,0.4167,0.7361,アリストソテツ / ペーチパイセン / 深海人ゴロウ / おあげちゃん / 橘の元祖☆みっちー,電波姫☆いまりちゃん / さくらこはダムです / メル子大先生 / 明日香大明神 / 甲羅暮らしの201号,partial-skill-support
5,797,em-29be2edf2271,餅子・ﾏｰﾒｲﾄﾞｽﾀｲﾙ,60,4797,5308,5,damage_reduction,-0.3264,-0.3993,0.4097,0.7361,アリストソテツ / ペーチパイセン / 深海人ゴロウ / シーラちゃん / 餅子・ﾏｰﾒｲﾄﾞｽﾀｲﾙ,電波姫☆いまりちゃん / さくらこはダムです / メル子大先生 / 明日香大明神 / 甲羅暮らしの201号,complete
5,798,em-32f5c4968406,正月カナちゃん。,66,5282,5282,6,revive,-0.3264,-0.3993,0.4097,0.7361,アリストソテツ / ペーチパイセン / 深海人ゴロウ / シーラちゃん / 正月カナちゃん。,電波姫☆いまりちゃん / さくらこはダムです / メル子大先生 / 明日香大明神 / 甲羅暮らしの201号,complete
5,799,em-337e85c2cd90,ユーコ☆スターダスト,60,6053,4354,4,revive,-0.3264,-0.4025,0.4097,0.7361,アリストソテツ / ペーチパイセン / 深海人ゴロウ / おあげちゃん / ユーコ☆スターダスト,電波姫☆いまりちゃん / さくらこはダムです / メル子大先生 / 明日香大明神 / 甲羅暮らしの201号,complete
5,800,em-0d449e302187,水神ヨッカブイ先生,54,3714,5418,5,damage_reduction,-0.3333,-0.4071,0.4028,0.7361,アリストソテツ / ペーチパイセン / 深海人ゴロウ / シーラちゃん / 水神ヨッカブイ先生,電波姫☆いまりちゃん / さくらこはダムです / メル子大先生 / 明日香大明神 / 甲羅暮らしの201号,complete
5,801,em-4c03ad40dce9,源のゴライコー,75,7923,6390,4,attack_buff,-0.3333,-0.4071,0.4028,0.7361,アリストソテツ / ペーチパイセン / 深海人ゴロウ / おあげちゃん / 源のゴライコー,電波姫☆いまりちゃん / さくらこはダムです / メル子大先生 / 明日香大明神 / 甲羅暮らしの201号,complete
5,802,em-7e2c5e9ede5c,シャムロックのガハラ,55,5401,5680,4,attack_buff,-0.3403,-0.4171,0.3958,0.7361,アリストソテツ / ペーチパイセン / 深海人ゴロウ / おあげちゃん / シャムロックのガハラ,電波姫☆いまりちゃん / さくらこはダムです / メル子大先生 / 明日香大明神 / 甲羅暮らしの201号,complete
5,803,em-2c5d06641a28,ジャックレムリン,55,7497,3748,7,aoe_attack,-0.3472,-0.4206,0.3889,0.7361,アリストソテツ / ペーチパイセン / 深海人ゴロウ / おあげちゃん / ジャックレムリン,電波姫☆いまりちゃん / さくらこはダムです / メル子大先生 / 明日香大明神 / 甲羅暮らしの201号,complete
5,804,em-18279a838450,白刃舞うは存亡の秋,70,6816,4260,4,attack_buff,-0.3542,-0.4228,0.3819,0.7361,アリストソテツ / ペーチパイセン / 深海人ゴロウ / おあげちゃん / 白刃舞うは存亡の秋,電波姫☆いまりちゃん / さくらこはダムです / メル子大先生 / 明日香大明神 / 甲羅暮らしの201号,complete
5,805,em-eaadf81fc136,サリー,55,4686,4004,4,aoe_attack,-0.3542,-0.4263,0.3819,0.7361,アリストソテツ / ペーチパイセン / 深海人ゴロウ / おあげちゃん / サリー,電波姫☆いまりちゃん / さくらこはダムです / メル子大先生 / 明日香大明神 / 甲羅暮らしの201号,complete
5,806,em-79322ee550e2,スーパーににぎ状態,60,5623,4430,5,attack_buff,-0.3542,-0.4295,0.3819,0.7361,アリストソテツ / ペーチパイセン / 深海人ゴロウ / おあげちゃん / スーパーににぎ状態,電波姫☆いまりちゃん / さくらこはダムです / メル子大先生 / 明日香大明神 / 甲羅暮らしの201号,complete
5,807,em-40bd3b1e44fa,五月病の悪魔の契約,55,4123,4226,4,aoe_attack,-0.3542,-0.4306,0.3819,0.7361,アリストソテツ / ペーチパイセン / 深海人ゴロウ / おあげちゃん / 五月病の悪魔の契約,電波姫☆いまりちゃん / さくらこはダムです / メル子大先生 / 明日香大明神 / 甲羅暮らしの201号,complete
5,808,em-4aa5c06abdbe,クサギカメムシ,70,5589,3493,5,multi_hit_attack,-0.3611,-0.433,0.375,0.7361,アリストソテツ / ペーチパイセン / 王国民ゴロウ / シーラちゃん / クサギカメムシ,電波姫☆いまりちゃん / さくらこはダムです / メル子大先生 / 明日香大明神 / 甲羅暮らしの201号,complete
5,809,em-fe83938fa13c,金魚姫の蘭子さん,60,3834,5964,5,attribute_guard,-0.3611,-0.4352,0.375,0.7361,アリストソテツ / ペーチパイセン / 深海人ゴロウ / シーラちゃん / 金魚姫の蘭子さん,電波姫☆いまりちゃん / さくらこはダムです / メル子大先生 / 明日香大明神 / 甲羅暮らしの201号,complete
5,810,em-c358b6553866,ご機嫌斜めのウィーン様,58,4941,2896,5,attack_buff,-0.3611,-0.4352,0.375,0.7361,アリストソテツ / ペーチパイセン / 王国民ゴロウ / おあげちゃん / ご機嫌斜めのウィーン様,電波姫☆いまりちゃん / さくらこはダムです / メル子大先生 / 明日香大明神 / 甲羅暮らしの201号,complete
5,811,em-a5655f550318,眠れる海のネムリん,60,7327,5282,5,attack_buff,-0.3611,-0.4362,0.375,0.7361,アリストソテツ / ペーチパイセン / 深海人ゴロウ / おあげちゃん / 眠れる海のネムリん,電波姫☆いまりちゃん / さくらこはダムです / メル子大先生 / 明日香大明神 / 甲羅暮らしの201号,complete
5,812,em-cdd7690ef318,京都コーラマン,59,5959,2800,4,damage_reduction,-0.3681,-0.4397,0.3681,0.7361,アリストソテツ / ペーチパイセン / 王国民ゴロウ / おあげちゃん / 京都コーラマン,電波姫☆いまりちゃん / さくらこはダムです / メル子大先生 / 明日香大明神 / 甲羅暮らしの201号,complete
5,813,em-0e768525b557,ヘラクレス先輩,70,5885,6230,4,multi_hit_attack,-0.375,-0.4474,0.3611,0.7361,アリストソテツ / ペーチパイセン / 王国民ゴロウ / シーラちゃん / ヘラクレス先輩,電波姫☆いまりちゃん / さくらこはダムです / メル子大先生 / 明日香大明神 / 甲羅暮らしの201号,complete
5,814,em-35dfd8c60675,はぎみタンさん,55,4430,4771,4,aoe_attack,-0.3819,-0.453,0.3542,0.7361,アリストソテツ / ペーチパイセン / 王国民ゴロウ / シーラちゃん / はぎみタンさん,電波姫☆いまりちゃん / さくらこはダムです / メル子大先生 / 明日香大明神 / 甲羅暮らしの201号,complete
5,815,em-bc5f259cf576,まさか殿(微マジ),60,5453,6305,7,multi_hit_attack,-0.3819,-0.453,0.3542,0.7361,アリストソテツ / ペーチパイセン / 王国民ゴロウ / シーラちゃん / まさか殿(微マジ),電波姫☆いまりちゃん / さくらこはダムです / メル子大先生 / 明日香大明神 / 甲羅暮らしの201号,complete
5,816,em-09abce425d92,超悦者・有砂小町,60,5453,5453,5,attribute_change,-0.3819,-0.4552,0.3542,0.7361,アリストソテツ / ペーチパイセン / 深海人ゴロウ / おあげちゃん / 超悦者・有砂小町,電波姫☆いまりちゃん / さくらこはダムです / メル子大先生 / 明日香大明神 / 甲羅暮らしの201号,complete
5,817,em-70a9a07ea8d9,うさ☆八幡さま,60,5964,5964,6,delay,-0.3819,-0.4552,0.3542,0.7361,アリストソテツ / ペーチパイセン / 深海人ゴロウ / おあげちゃん / うさ☆八幡さま,電波姫☆いまりちゃん / さくらこはダムです / メル子大先生 / 明日香大明神 / 甲羅暮らしの201号,partial-skill-support
5,818,em-681c8662f2b6,まさか殿(ｼﾞｬｰｼﾞ),55,6475,3748,6,delay,-0.3819,-0.4574,0.3542,0.7361,アリストソテツ / ペーチパイセン / 深海人ゴロウ / おあげちゃん / まさか殿(ｼﾞｬｰｼﾞ),電波姫☆いまりちゃん / さくらこはダムです / メル子大先生 / 明日香大明神 / 甲羅暮らしの201号,partial-skill-support
5,819,em-32538f7c8341,熊殺しのサンタマン,58,6560,4345,5,delay,-0.3819,-0.4574,0.3542,0.7361,アリストソテツ / ペーチパイセン / 深海人ゴロウ / おあげちゃん / 熊殺しのサンタマン,電波姫☆いまりちゃん / さくらこはダムです / メル子大先生 / 明日香大明神 / 甲羅暮らしの201号,partial-skill-support
5,820,em-60119eda4c9c,猿田彦大先輩,80,7838,7157,5,attack_buff,-0.3819,-0.4574,0.3542,0.7361,ソクラテツ / ペーチパイセン / 王国民ゴロウ / ズースくん / 猿田彦大先輩,電波姫☆いまりちゃん / さくらこはダムです / メル子大先生 / 明日香大明神 / 甲羅暮らしの201号,complete
5,821,em-a87c308ef7c4,トミスLOVE様,52,4686,4686,4,revive,-0.3889,-0.4585,0.3472,0.7361,アリストソテツ / ペーチパイセン / 深海人ゴロウ / おあげちゃん / トミスLOVE様,電波姫☆いまりちゃん / さくらこはダムです / メル子大先生 / 明日香大明神 / 甲羅暮らしの201号,complete
5,822,em-eec45136fb23,鋼の肝臓を持つ童子,60,1704,7497,4,revive,-0.3889,-0.464,0.3472,0.7361,アリストソテツ / ペーチパイセン / 深海人ゴロウ / おあげちゃん / 鋼の肝臓を持つ童子,電波姫☆いまりちゃん / さくらこはダムです / メル子大先生 / 明日香大明神 / 甲羅暮らしの201号,complete
5,823,em-2eebc4f8633d,すわっ！かつより君,60,5350,4771,5,aoe_attack,-0.3958,-0.4685,0.3403,0.7361,アリストソテツ / ペーチパイセン / 王国民ゴロウ / シーラちゃん / すわっ！かつより君,電波姫☆いまりちゃん / さくらこはダムです / メル子大先生 / 明日香大明神 / 甲羅暮らしの201号,complete
5,824,em-e8331e3aec6c,辰の子ぴよ子,70,6898,4089,10,multi_hit_attack,-0.3958,-0.4685,0.3403,0.7361,アリストソテツ / ペーチパイセン / 王国民ゴロウ / シーラちゃん / 辰の子ぴよ子,電波姫☆いまりちゃん / さくらこはダムです / メル子大先生 / 明日香大明神 / 甲羅暮らしの201号,complete
5,825,em-b7d1205bd3a7,すーぱーサイアン,60,5964,5964,12,attack_buff,-0.4028,-0.4728,0.3333,0.7361,アリストソテツ / ペーチパイセン / 深海人ゴロウ / おあげちゃん / すーぱーサイアン,電波姫☆いまりちゃん / さくらこはダムです / メル子大先生 / 明日香大明神 / 甲羅暮らしの201号,complete
5,826,em-5f292317fd1c,墨染のＰＬぴよ子,60,3656,3656,5,attribute_change,-0.4028,-0.4762,0.3333,0.7361,アリストソテツ / ペーチパイセン / 深海人ゴロウ / シーラちゃん / 墨染のＰＬぴよ子,電波姫☆いまりちゃん / さくらこはダムです / メル子大先生 / 明日香大明神 / 甲羅暮らしの201号,complete
5,827,em-05133b447edd,コメツキ,55,5453,5406,5,skill_reduction,-0.4097,-0.4771,0.3264,0.7361,アリストソテツ / ペーチパイセン / 深海人ゴロウ / シーラちゃん / コメツキ,電波姫☆いまりちゃん / さくらこはダムです / メル子大先生 / 明日香大明神 / 甲羅暮らしの201号,partial-skill-support
5,828,em-da18dad9d936,もけーれ！ムベちゃん,53,2896,6475,4,multi_hit_attack,-0.4097,-0.4806,0.3264,0.7361,アリストソテツ / ペーチパイセン / 王国民ゴロウ / シーラちゃん / もけーれ！ムベちゃん,電波姫☆いまりちゃん / さくらこはダムです / メル子大先生 / 明日香大明神 / 甲羅暮らしの201号,complete
5,829,em-5c3bfcbbd109,ネギさん,80,4260,4260,500,attack_buff,-0.4097,-0.485,0.3264,0.7361,アリストソテツ / ペーチパイセン / ゴロウ / ズースくん / ネギさん,電波姫☆いまりちゃん / さくらこはダムです / メル子大先生 / 明日香大明神 / 甲羅暮らしの201号,complete
5,830,em-760bb0daf1c9,ゲキ悪オヤジ(神),53,5112,5112,6,delay,-0.4167,-0.4894,0.3194,0.7361,アリストソテツ / ペーチパイセン / 深海人ゴロウ / シーラちゃん / ゲキ悪オヤジ(神),電波姫☆いまりちゃん / さくらこはダムです / メル子大先生 / 明日香大明神 / 甲羅暮らしの201号,partial-skill-support
5,831,em-0e2c4b783eb7,南極翁・カノープス,55,3408,5964,7,multi_hit_attack,-0.4167,-0.4905,0.3194,0.7361,アリストソテツ / ペーチパイセン / 王国民ゴロウ / シーラちゃん / 南極翁・カノープス,電波姫☆いまりちゃん / さくらこはダムです / メル子大先生 / 明日香大明神 / 甲羅暮らしの201号,complete
5,832,em-773b001a1189,おづぬ様,60,4260,6816,5,attack_buff,-0.4167,-0.4916,0.3194,0.7361,アリストソテツ / ペーチパイセン / 深海人ゴロウ / おあげちゃん / おづぬ様,電波姫☆いまりちゃん / さくらこはダムです / メル子大先生 / 明日香大明神 / 甲羅暮らしの201号,complete
5,833,em-879de0bb662d,渦巻王ナルテュール,66,1704,6134,6,multi_hit_attack,-0.4375,-0.5144,0.2986,0.7361,アリストソテツ / ペーチパイセン / 深海人ゴロウ / シーラちゃん / 渦巻王ナルテュール,電波姫☆いまりちゃん / さくらこはダムです / メル子大先生 / 明日香大明神 / 甲羅暮らしの201号,complete
5,834,em-9c9f188ea0a8,やる気勢ナルテュール,56,1704,7838,6,attack_buff,-0.4514,-0.5209,0.2847,0.7361,アリストソテツ / ペーチパイセン / 深海人ゴロウ / おあげちゃん / やる気勢ナルテュール,電波姫☆いまりちゃん / さくらこはダムです / メル子大先生 / 明日香大明神 / 甲羅暮らしの201号,complete
5,835,em-5c8b9af61816,ぴっよコイン先生,60,1111,1111,12,damage_reduction,-0.5,-0.567,0.2361,0.7361,アリストソテツ / ペーチパイセン / 王国民ゴロウ / おあげちゃん / ぴっよコイン先生,電波姫☆いまりちゃん / さくらこはダムです / メル子大先生 / 明日香大明神 / 甲羅暮らしの201号,complete
5,836,em-eb4ef5fa8f2f,応援ぴよ子団長,60,1111,1111,12,attack_buff,-0.5,-0.567,0.2361,0.7361,アリストソテツ / ペーチパイセン / 王国民ゴロウ / おあげちゃん / 応援ぴよ子団長,電波姫☆いまりちゃん / さくらこはダムです / メル子大先生 / 明日香大明神 / 甲羅暮らしの201号,complete
5,837,em-0454ff15fbd8,米倉英夫(ゆる),55,1,1,55,attribute_change,-0.5208,-0.5883,0.2153,0.7361,アリストソテツ / ペーチパイセン / 王国民ゴロウ / おあげちゃん / 米倉英夫(ゆる),電波姫☆いまりちゃん / さくらこはダムです / メル子大先生 / 明日香大明神 / 甲羅暮らしの201号,complete
5,838,em-7fe5a2875793,米倉英子(大学生),55,1,1,555,attack_buff,-0.5208,-0.5883,0.2153,0.7361,アリストソテツ / ペーチパイセン / 王国民ゴロウ / おあげちゃん / 米倉英子(大学生),電波姫☆いまりちゃん / さくらこはダムです / メル子大先生 / 明日香大明神 / 甲羅暮らしの201号,complete
5,839,em-b2125332555b,呵々Doの閑雅・ルー,85,9883,4771,5,guard,-1,-1,,,,,no-include-deck
5,840,em-22f9d46fe6f4,ウサウサ八幡,88,10872,5964,6,skill_reduction,-1,-1,,,,,no-include-deck
5,841,em-523af93f71e3,神田祭らーの集い,88,5027,6901,4,aoe_attack,-1,-1,,,,,no-include-deck
5,842,em-5e67f5f55234,?????,88,10224,4941,5,attack_buff,-1,-1,,,,,no-include-deck
5,843,em-a78326864213,発音王・S・サイアン,88,10650,6560,8,attack_buff,-1,-1,,,,,no-include-deck
5,844,em-de301e40803c,どうしんフェス様,88,6816,4515,5,heal,-1,-1,,,,,no-include-deck
5,845,em-ef36b9b34984,外道丸☆酒呑童子,88,8179,7668,4,revive,-1,-1,,,,,no-include-deck
5,846,em-4d4a6386f8f8,九周年ぴよ子,99,6815,5111,5,guard,-1,-1,,,,,no-include-deck
5,847,em-0c2d5864e3da,グルグルなたまご,100,1,1,100,delay,-1,-1,,,,,no-include-deck
5,848,em-0c70f71e4c1a,ルナのたまご,100,1,1,999,attack_buff,-1,-1,,,,,no-include-deck
5,849,em-4ee2ea427154,タルタルなたまご,100,1,1,12,attribute_change,-1,-1,,,,,no-include-deck
5,850,em-53ece7a43871,キステチスのたまご,100,1,1,40,guard,-1,-1,,,,,no-include-deck
