枠,順位,キャラID,名前,コスト,HP,Power,スキルターン,スキル種類,v7下限勝率,完成デッキ勝率,完成デッキコスト,残コスト,デッキ探索数,運用例採用,完成デッキ
1,1,em-7547c480c963,ウミユリーず,60,4430,6475,5,skill_reduction,0.5968,0.6944,100,0,7,いいえ,ウミユリーず / カルボ姉（ねえ） / 試作型おこしん / トキシッくんｵｯｽｵｯｽ / ハリウッドナナコ師匠
1,2,em-b16382731bd5,華燭なカネヒラさん,60,5793,4771,2,attribute_change,0.5666,0.7014,100,0,7,いいえ,華燭なカネヒラさん / カルボ姉（ねえ） / 試作型おこしん / トキシッくんｵｯｽｵｯｽ / ハリウッドナナコ師匠
1,3,em-215080a7a05b,?????,39,4924,4413,4,skill_reduction,0.5648,0.6736,94,6,7,いいえ,????? / えかちぇたん / 試作型おこしん / トキシッくんｵｯｽｵｯｽ / 端午ぴよ子
1,4,em-7c0ef69518eb,有砂小町２ＰＣ,40,5112,5112,4,delay,0.564,0.6597,95,5,7,いいえ,有砂小町２ＰＣ / えかちぇたん / 試作型おこしん / トキシッくんｵｯｽｵｯｽ / 端午ぴよ子
1,5,em-95e1d74be5b6,Ｈ・Ｆ・ウーマン,47,6305,3748,2,guard,0.5587,0.6944,95,5,7,いいえ,Ｈ・Ｆ・ウーマン / カルボ姉（ねえ） / 試作型おこしん / トキシッくんｵｯｽｵｯｽ / 端午ぴよ子
1,6,em-d8d7722f9f21,赤パジャマさん,20,2240,3262,5,attribute_guard,0.5584,0.7708,100,0,8,いいえ,赤パジャマさん / カルボ姉（ねえ） / すわ子isGOD！ / トキシッくんｵｯｽｵｯｽ / 八狗神伏姫様
1,7,em-d7d6357dff74,フェニックス師匠,32,4508,4830,0,heal,0.5582,0.6667,94,6,8,いいえ,フェニックス師匠 / カルボ姉（ねえ） / トマティーナ少佐 / みどりのたけしマン / ハリウッドナナコ師匠
1,8,em-32538f7c8341,熊殺しのサンタマン,58,6560,4345,5,delay,0.5582,0.6389,98,2,7,いいえ,熊殺しのサンタマン / カルボ姉（ねえ） / 試作型おこしん / トキシッくんｵｯｽｵｯｽ / ハリウッドナナコ師匠
1,9,em-d5ed773d56cd,夏至祭のヴァサクサ君,18,3976,2156,2,skill_reduction,0.5562,0.7153,96,4,7,いいえ,夏至祭のヴァサクサ君 / カルボ姉（ねえ） / すわ子isGOD！ / 愛のぴよ子 / 八狗神伏姫様
1,10,em-760bb0daf1c9,ゲキ悪オヤジ(神),53,5112,5112,6,delay,0.5559,0.6458,100,0,8,いいえ,ゲキ悪オヤジ(神) / カルボ姉（ねえ） / 試作型おこしん / トキシッくんｵｯｽｵｯｽ / 伝説のWoo怪
1,11,em-70a9a07ea8d9,うさ☆八幡さま,60,5964,5964,6,delay,0.5539,0.6181,100,0,7,いいえ,うさ☆八幡さま / カルボ姉（ねえ） / 試作型おこしん / トキシッくんｵｯｽｵｯｽ / ハリウッドナナコ師匠
1,12,em-2f0a120135a2,神降ろし！宮子様,24,3578,3152,0,heal,0.5506,0.7014,96,4,8,いいえ,神降ろし！宮子様 / カルボ姉（ねえ） / 愛のぴよ子 / ????? / 御嶽さん
1,13,em-c4663d98c2ff,海・百合男,33,3748,4430,5,skill_reduction,0.5477,0.6667,81,19,7,いいえ,海・百合男 / カルボ姉（ねえ） / 試作型おこしん / トキシッくんｵｯｽｵｯｽ / 端午ぴよ子
1,14,em-3434078c33f2,橋の上のかずら,20,2012,2173,2,guard,0.5467,0.7639,100,0,8,いいえ,橋の上のかずら / カルボ姉（ねえ） / すわ子isGOD！ / トキシッくんｵｯｽｵｯｽ / 八狗神伏姫様
1,15,em-d368809aa822,ﾜﾙﾌﾟﾙｷﾞｽなメル子様,39,6560,3152,3,attribute_guard,0.5449,0.6944,97,3,8,いいえ,ﾜﾙﾌﾟﾙｷﾞｽなメル子様 / カルボ姉（ねえ） / 超患部ぴよフェッサー / ɚすぃとあろま？ / 端午ぴよ子
1,16,em-18cdc04bd0d0,ｼﾞｬｯｸｵｰ・ランちゃん,20,1022,3578,5,attribute_guard,0.5442,0.7639,100,0,8,いいえ,ｼﾞｬｯｸｵｰ・ランちゃん / カルボ姉（ねえ） / すわ子isGOD！ / トキシッくんｵｯｽｵｯｽ / 八狗神伏姫様
1,17,em-f5955c15b029,ばんば新年2026,60,7668,3438,1,attack_buff,0.544,0.6528,100,0,7,いいえ,ばんば新年2026 / 北間・クラリス嬢 / 試作型おこしん / トキシッくんｵｯｽｵｯｽ / 端午ぴよ子
1,18,em-e15fbf6ecd0c,シャーロック&エッジュ,41,4260,5112,2,skill_reduction,0.544,0.6389,89,11,7,いいえ,シャーロック&エッジュ / カルボ姉（ねえ） / 試作型おこしん / トキシッくんｵｯｽｵｯｽ / 端午ぴよ子
1,19,em-1eb5e932843b,ダンブッラの蘭,38,5112,3578,2,damage_reduction,0.5423,0.6944,98,2,8,いいえ,ダンブッラの蘭 / カルボ姉（ねえ） / サルパちゃん / トキシッくんｵｯｽｵｯｽ / ハリウッドナナコ師匠
1,20,em-bc840d35c547,ジ・あるじや,20,4025,1610,4,skill_reduction,0.5418,0.6944,100,0,7,いいえ,ジ・あるじや / カルボ姉（ねえ） / ????? / 御嶽さん / 巨大カンテツ
1,21,em-bbda291d459c,漆黒及び純白のポワン,20,1704,2896,3,guard,0.5412,0.75,100,0,8,いいえ,漆黒及び純白のポワン / カルボ姉（ねえ） / すわ子isGOD！ / トキシッくんｵｯｽｵｯｽ / 八狗神伏姫様
1,22,em-563e34211286,大抵カールのせい,50,4686,5112,1,damage_reduction,0.5385,0.6597,100,0,8,いいえ,大抵カールのせい / カルボ姉（ねえ） / すわ子isGOD！ / トキシッくんｵｯｽｵｯｽ / ハリウッドナナコ師匠
1,23,em-4e77469f1fc4,綺麗な金平さん,42,5112,4260,1,attribute_change,0.5383,0.6528,90,10,7,いいえ,綺麗な金平さん / カルボ姉（ねえ） / 試作型おこしん / トキシッくんｵｯｽｵｯｽ / 端午ぴよ子
1,24,em-03ca4c2f4e9d,勝手にストゥッツさん,51,6560,3786,0,attribute_change,0.5381,0.625,99,1,8,いいえ,勝手にストゥッツさん / カルボ姉（ねえ） / 試作型おこしん / トキシッくんｵｯｽｵｯｽ / 端午ぴよ子
1,25,em-a97f49a1b6e8,篠島しらす子,41,5453,2726,5,skill_reduction,0.5362,0.6458,89,11,7,いいえ,篠島しらす子 / カルボ姉（ねえ） / 試作型おこしん / トキシッくんｵｯｽｵｯｽ / 端午ぴよ子
1,26,em-d020ce26e899,ＴＡＳマニア先輩,40,5964,3418,3,skill_reduction,0.5359,0.6389,95,5,7,いいえ,ＴＡＳマニア先輩 / えかちぇたん / 試作型おこしん / トキシッくんｵｯｽｵｯｽ / 端午ぴよ子
1,27,em-39a2f0d8ec72,ロードスのエルフ騎士,44,4430,5623,6,skill_reduction,0.5339,0.625,89,11,7,いいえ,ロードスのエルフ騎士 / カルボ姉（ねえ） / 試作型おこしん / 愛のぴよ子 / 伝説のWoo怪
1,28,em-5819b668aba5,ﾌﾗｲﾝｸﾞ･ﾀﾞｯﾁさん,41,3403,4601,5,delay,0.5334,0.6458,89,11,7,いいえ,ﾌﾗｲﾝｸﾞ･ﾀﾞｯﾁさん / カルボ姉（ねえ） / 試作型おこしん / トキシッくんｵｯｽｵｯｽ / 端午ぴよ子
1,29,em-681c8662f2b6,まさか殿(ｼﾞｬｰｼﾞ),55,6475,3748,6,delay,0.5332,0.6181,100,0,7,いいえ,まさか殿(ｼﾞｬｰｼﾞ) / カルボ姉（ねえ） / 試作型おこしん / 愛のぴよ子 / 伝説のWoo怪
1,30,em-a5655f550318,眠れる海のネムリん,60,7327,5282,5,attack_buff,0.5319,0.6597,100,0,7,いいえ,眠れる海のネムリん / カルボ姉（ねえ） / 試作型おこしん / トキシッくんｵｯｽｵｯｽ / ハリウッドナナコ師匠
1,31,em-c3d00c8f1bd5,竜馬は撃ちぬけない,30,4430,4430,1,attribute_change,0.5318,0.6458,90,10,7,いいえ,竜馬は撃ちぬけない / えかちぇたん / 試作型おこしん / トキシッくんｵｯｽｵｯｽ / 美才能♪かの子さん
1,32,em-6b4baf5a6b1b,ＫＫマリテレ様,51,6368,2926,1,attribute_change,0.5316,0.6528,99,1,8,いいえ,ＫＫマリテレ様 / カルボ姉（ねえ） / 試作型おこしん / トキシッくんｵｯｽｵｯｽ / 端午ぴよ子
1,33,em-aa92178d2205,糸巻万太朗,40,5623,4260,2,attribute_change,0.5311,0.6667,95,5,7,いいえ,糸巻万太朗 / えかちぇたん / 試作型おこしん / トキシッくんｵｯｽｵｯｽ / 端午ぴよ子
1,34,em-aff304b1eab4,日本一の桃たろす,42,4260,5964,2,attribute_change,0.53,0.6597,90,10,7,いいえ,日本一の桃たろす / カルボ姉（ねえ） / 試作型おこしん / トキシッくんｵｯｽｵｯｽ / 端午ぴよ子
1,35,em-f9ca1348e6ed,斎王代「鵺」,48,6884,3748,3,attribute_change,0.5296,0.6736,98,2,7,いいえ,斎王代「鵺」 / カルボ姉（ねえ） / 試作型おこしん / 愛のぴよ子 / 聖えぇじゃないか
1,36,em-f2a813466bbe,The★Youなリバ子,50,5770,3113,0,heal,0.5295,0.6319,100,0,8,いいえ,The★Youなリバ子 / 北間・クラリス嬢 / トマティーナ少佐 / ɚすぃとあろま？ / 伝説のWoo怪
1,37,em-f565b0314902,覚醒大氷怪・雪愛,37,4345,4515,1,attribute_change,0.527,0.6528,85,15,7,いいえ,覚醒大氷怪・雪愛 / カルボ姉（ねえ） / 試作型おこしん / トキシッくんｵｯｽｵｯｽ / 端午ぴよ子
1,38,em-b7d1205bd3a7,すーぱーサイアン,60,5964,5964,12,attack_buff,0.5259,0.6736,100,0,7,いいえ,すーぱーサイアン / カルボ姉（ねえ） / 試作型おこしん / トキシッくんｵｯｽｵｯｽ / ハリウッドナナコ師匠
1,39,em-23b2ea75fccd,金野デメ子さん,39,4430,5112,0,attribute_change,0.5252,0.6111,96,4,7,いいえ,金野デメ子さん / カルボ姉（ねえ） / 愛のぴよ子 / ????? / 聖えぇじゃないか
1,40,em-3111e08d3ca9,ヒラズゲンセイ,40,6134,3067,0,guard,0.5245,0.6389,97,3,8,いいえ,ヒラズゲンセイ / カルボ姉（ねえ） / 愛のぴよ子 / ????? / 聖えぇじゃないか
1,41,em-4784572b893f,シントラーのリスボン,32,5680,3786,0,attribute_change,0.5236,0.6181,92,8,7,いいえ,シントラーのリスボン / えかちぇたん / 試作型おこしん / トキシッくんｵｯｽｵｯｽ / 美才能♪かの子さん
1,42,em-562269adda28,ブルジョワジー下仁田,20,2265,2276,1,guard,0.5233,0.7083,100,0,8,いいえ,ブルジョワジー下仁田 / カルボ姉（ねえ） / すわ子isGOD！ / トキシッくんｵｯｽｵｯｽ / 八狗神伏姫様
1,43,em-bbce42d72486,東がエデン,50,5112,5112,0,attribute_change,0.5224,0.6042,100,0,7,いいえ,東がエデン / カルボ姉（ねえ） / 試作型おこしん / 愛のぴよ子 / 聖えぇじゃないか
1,44,em-bc583c6ff83e,卍石★モチ子,40,4625,4966,5,attribute_guard,0.5221,0.6806,100,0,8,いいえ,卍石★モチ子 / カルボ姉（ねえ） / サルパちゃん / トキシッくんｵｯｽｵｯｽ / ハリウッドナナコ師匠
1,45,em-1e4dd5118669,三春瀧さくら,38,3919,3408,4,damage_reduction,0.521,0.7014,98,2,8,いいえ,三春瀧さくら / カルボ姉（ねえ） / サルパちゃん / トキシッくんｵｯｽｵｯｽ / ハリウッドナナコ師匠
1,46,em-e121ae05cb4a,戦国ドラグーン,32,3919,5112,0,attribute_change,0.521,0.625,92,8,7,いいえ,戦国ドラグーン / カルボ姉（ねえ） / 超患部ぴよフェッサー / ????? / 速いぞサラマンダー！
1,47,em-b97fa105ba34,うまうーさん♪,40,5793,3067,5,attribute_guard,0.5205,0.6875,100,0,8,いいえ,うまうーさん♪ / カルボ姉（ねえ） / サルパちゃん / トキシッくんｵｯｽｵｯｽ / ハリウッドナナコ師匠
1,48,em-5d063141c6e0,ブルーフェイス姐さん,33,3919,4260,0,attribute_change,0.5199,0.625,98,2,7,いいえ,ブルーフェイス姐さん / カルボ姉（ねえ） / 試作型おこしん / 愛のぴよ子 / 御嶽さん
1,49,em-845e49247e45,ウサポワン海人,20,1533,2607,3,guard,0.5188,0.7292,100,0,8,いいえ,ウサポワン海人 / カルボ姉（ねえ） / すわ子isGOD！ / トキシッくんｵｯｽｵｯｽ / 八狗神伏姫様
1,50,em-bc5f259cf576,まさか殿(微マジ),60,5453,6305,7,multi_hit_attack,0.5183,0.6597,100,0,7,いいえ,まさか殿(微マジ) / カルボ姉（ねえ） / 試作型おこしん / トキシッくんｵｯｽｵｯｽ / ハリウッドナナコ師匠
1,51,em-048f5c5385db,Mr.バトラー,34,4771,3067,1,attribute_change,0.5179,0.6528,95,5,7,いいえ,Mr.バトラー / えかちぇたん / ????? / トキシッくんｵｯｽｵｯｽ / 伝説のWoo怪
1,52,em-35db097208c5,勝斧・冠,60,6816,4089,1,attack_buff,0.5176,0.6111,100,0,7,いいえ,勝斧・冠 / カルボ姉（ねえ） / 試作型おこしん / トキシッくんｵｯｽｵｯｽ / ハリウッドナナコ師匠
1,53,em-d6ea073b633e,鬼八先生,60,8861,2556,3,delay,0.5175,0.5903,98,2,7,いいえ,鬼八先生 / 北間・クラリス嬢 / ɚすぃとあろま？ / おこしんMK-2 / ブラジリアン首都術
1,54,em-bd98030ead3e,首領子襲来!!,33,5680,3786,4,heal,0.5157,0.6667,95,5,8,いいえ,首領子襲来!! / カルボ姉（ねえ） / トマティーナ少佐 / みどりのたけしマン / ハリウッドナナコ師匠
1,55,em-bb22778026f9,吸血さん,43,6645,2839,1,attribute_guard,0.5155,0.6458,100,0,8,いいえ,吸血さん / えかちぇたん / すわ子isGOD！ / トキシッくんｵｯｽｵｯｽ / ハリウッドナナコ師匠
1,56,em-0784bb7beecf,ダリア・宮子・9,42,4771,4089,0,heal,0.5155,0.6111,98,2,8,いいえ,ダリア・宮子・9 / カルボ姉（ねえ） / ????? / クェーサルと仲間たち / ハリウッドナナコ師匠
1,57,em-75c1af17d152,浴衣美人な日女路嬢,38,5623,3748,3,heal,0.5153,0.6597,100,0,8,いいえ,浴衣美人な日女路嬢 / カルボ姉（ねえ） / トマティーナ少佐 / みどりのたけしマン / ハリウッドナナコ師匠
1,58,em-c4c6b3b17960,青コリくんは怒らない,24,2350,3834,0,damage_reduction,0.5151,0.6458,96,4,8,いいえ,青コリくんは怒らない / カルボ姉（ねえ） / 愛のぴよ子 / ????? / 御嶽さん
1,59,em-b9e75bc0b1f9,わっしょいミカ先生,20,4186,3220,5,attack_buff,0.514,0.6944,98,2,8,いいえ,わっしょいミカ先生 / 北間・クラリス嬢 / すわ子isGOD！ / ????? / 八狗神伏姫様
1,60,em-301c11f4a1d7,ウサポワンちゃん,20,1363,2317,3,guard,0.5133,0.7292,100,0,8,いいえ,ウサポワンちゃん / カルボ姉（ねえ） / すわ子isGOD！ / トキシッくんｵｯｽｵｯｽ / 八狗神伏姫様
1,61,em-d9bd2d5de563,コンクちゃん,20,2556,1704,1,damage_reduction,0.5124,0.7083,100,0,8,いいえ,コンクちゃん / カルボ姉（ねえ） / すわ子isGOD！ / トキシッくんｵｯｽｵｯｽ / 八狗神伏姫様
1,62,em-d7873747b412,藤のフヒッティ,75,10735,3578,1,damage_reduction,0.512,0.5764,98,2,7,いいえ,藤のフヒッティ / ウナギーヌくん / 試作型おこしん / 愛のぴよ子 / ハリウッドナナコ師匠
1,63,em-df40dba7c56a,高野さん,34,4089,4089,5,skill_reduction,0.5113,0.6111,95,5,7,いいえ,高野さん / えかちぇたん / ????? / トキシッくんｵｯｽｵｯｽ / 伝説のWoo怪
1,64,em-8d38e9c3aa92,オルカアタッカー虎子,70,9202,6134,1,attack_buff,0.5109,0.5486,96,4,6,いいえ,オルカアタッカー虎子 / 総統エビユルゲ / トキシッくんｵｯｽｵｯｽ / ブラジリアン首都術 / 大森さん
1,65,em-21f078527946,マノすん博士,40,4771,3408,7,delay,0.5108,0.625,95,5,7,いいえ,マノすん博士 / えかちぇたん / 試作型おこしん / トキシッくんｵｯｽｵｯｽ / 端午ぴよ子
1,66,em-e7f75bf37d9f,あっついさん,40,6134,2726,0,heal,0.5108,0.6042,97,3,8,いいえ,あっついさん / えかちぇたん / 試作型おこしん / 愛のぴよ子 / 聖えぇじゃないか
1,67,em-3e2d46063b3e,なっとくん様,70,8026,4618,1,skill_reduction,0.5102,0.5556,99,1,7,いいえ,なっとくん様 / 北間・クラリス嬢 / 試作型おこしん / おこしんMK-2 / 大森さん
1,68,em-e394b3795363,伝説の少女キャンディ,50,5507,5507,7,skill_reduction,0.5101,0.5764,100,0,7,いいえ,伝説の少女キャンディ / カルボ姉（ねえ） / 試作型おこしん / 愛のぴよ子 / 聖えぇじゃないか
1,69,em-7419b64dec0e,天の飛龍巻,42,5623,3748,2,attribute_change,0.5099,0.6389,90,10,7,いいえ,天の飛龍巻 / カルボ姉（ねえ） / 試作型おこしん / トキシッくんｵｯｽｵｯｽ / 端午ぴよ子
1,70,em-37ae218b7e9e,有砂小町,40,5112,5112,7,skill_reduction,0.5092,0.5764,95,5,7,いいえ,有砂小町 / えかちぇたん / 試作型おこしん / トキシッくんｵｯｽｵｯｽ / 端午ぴよ子
1,71,em-78c7d71a75d2,美音三銃士を連れてきたよ,50,6475,3748,5,revive,0.5091,0.6597,100,0,8,いいえ,美音三銃士を連れてきたよ / カルボ姉（ねえ） / 試作型おこしん / 愛のぴよ子 / 聖えぇじゃないか
1,72,em-14092b64f08d,コハク糖の魔導師,46,4379,5367,3,attribute_change,0.5089,0.6458,89,11,7,いいえ,コハク糖の魔導師 / カルボ姉（ねえ） / 試作型おこしん / トキシッくんｵｯｽｵｯｽ / おこしんMK-2
1,73,em-010ca8278422,伊賀NINJA!,42,1704,5112,3,skill_reduction,0.5085,0.6389,90,10,7,いいえ,伊賀NINJA! / カルボ姉（ねえ） / 試作型おこしん / トキシッくんｵｯｽｵｯｽ / 端午ぴよ子
1,74,em-6262a008b5c9,脱力コンビあろま＆るる,38,3067,5623,2,skill_reduction,0.5077,0.5972,93,7,7,いいえ,脱力コンビあろま＆るる / えかちぇたん / 試作型おこしん / トキシッくんｵｯｽｵｯｽ / 端午ぴよ子
1,75,em-a11a3441fd8e,レンネルアルケニー,43,2896,3919,2,damage_reduction,0.5076,0.6736,100,0,8,いいえ,レンネルアルケニー / えかちぇたん / すわ子isGOD！ / トキシッくんｵｯｽｵｯｽ / ハリウッドナナコ師匠
1,76,em-a20c59ca87c1,Let's☆ハチ公,33,6560,1448,5,delay,0.5071,0.6319,95,5,7,いいえ,Let's☆ハチ公 / 北間・クラリス嬢 / ????? / 御嶽さん / ハリウッドナナコ師匠
1,77,em-2b9338d5254c,電撃のびゃ子,58,2641,6219,0,attack_buff,0.5071,0.6111,98,2,8,いいえ,電撃のびゃ子 / カルボ姉（ねえ） / 試作型おこしん / トキシッくんｵｯｽｵｯｽ / ハリウッドナナコ師匠
1,78,em-a3563f41a151,ラクダンデス隊長,38,4941,3578,2,guard,0.5066,0.6528,98,2,8,いいえ,ラクダンデス隊長 / カルボ姉（ねえ） / サルパちゃん / トキシッくんｵｯｽｵｯｽ / ハリウッドナナコ師匠
1,79,em-7ba25345ffb0,シーさま,60,4601,4601,3,delay,0.5065,0.5972,100,0,7,いいえ,シーさま / カルボ姉（ねえ） / 試作型おこしん / トキシッくんｵｯｽｵｯｽ / ハリウッドナナコ師匠
1,80,em-039a051d72bb,伊万里の重畳,36,4260,3919,3,delay,0.5048,0.6181,100,0,7,いいえ,伊万里の重畳 / カルボ姉（ねえ） / 愛のぴよ子 / みどりのたけしマン / 眠里　不可緒
1,81,em-fca49f3752f8,電波姫☆いまりちゃん,38,3919,4260,3,delay,0.5048,0.6042,95,5,7,いいえ,電波姫☆いまりちゃん / カルボ姉（ねえ） / 愛のぴよ子 / ????? / 聖えぇじゃないか
1,82,em-814151a5ca65,登別ッキー,35,2556,6134,2,skill_reduction,0.5044,0.5972,100,0,6,いいえ,登別ッキー / カルボ姉（ねえ） / 試作型おこしん / 愛のぴよ子 / 御嶽さん
1,83,em-4819d53ddb48,ブハラ師匠,39,5708,3237,3,heal,0.5041,0.6528,100,0,8,いいえ,ブハラ師匠 / カルボ姉（ねえ） / トマティーナ少佐 / ????? / 速いぞサラマンダー！
1,84,em-c37c2a529421,ディワリのｱﾗｸｼｭﾐｰ,38,4771,3408,2,heal,0.5039,0.6597,100,0,8,いいえ,ディワリのｱﾗｸｼｭﾐｰ / カルボ姉（ねえ） / トマティーナ少佐 / みどりのたけしマン / ハリウッドナナコ師匠
1,85,em-773b001a1189,おづぬ様,60,4260,6816,5,attack_buff,0.5038,0.6389,100,0,7,いいえ,おづぬ様 / カルボ姉（ねえ） / 試作型おこしん / トキシッくんｵｯｽｵｯｽ / ハリウッドナナコ師匠
1,86,em-8476f5773554,エーランドちゃん,30,6070,2160,7,delay,0.5036,0.6111,96,4,7,いいえ,エーランドちゃん / 北間・クラリス嬢 / トマティーナ少佐 / みどりのたけしマン / 聖えぇじゃないか
1,87,em-dec390a52ee6,英国ストヘン技師,70,8861,4260,2,damage_reduction,0.5035,0.5972,100,0,6,いいえ,英国ストヘン技師 / 試作型おこしん / トキシッくんｵｯｽｵｯｽ / 旧市街地の魔物 / ウシュか☆丸か
1,88,em-433922ef3e4e,夏至祭のぺた也君,53,7266,2153,2,skill_reduction,0.5029,0.6042,100,0,8,いいえ,夏至祭のぺた也君 / カルボ姉（ねえ） / 試作型おこしん / トキシッくんｵｯｽｵｯｽ / 伝説のWoo怪
1,89,em-b8c4235090fa,バビるわバビル君。,39,5367,3441,4,damage_reduction,0.5027,0.6667,99,1,8,いいえ,バビるわバビル君。 / カルボ姉（ねえ） / サルパちゃん / トキシッくんｵｯｽｵｯｽ / ハリウッドナナコ師匠
1,90,em-ee43bce0e25f,vにゅーさん,51,3567,5271,1,damage_reduction,0.5022,0.625,99,1,7,いいえ,vにゅーさん / カルボ姉（ねえ） / トマティーナ少佐 / トキシッくんｵｯｽｵｯｽ / ハリウッドナナコ師匠
1,91,em-6ceef8f285a4,可愛馬！真純ちゃん,41,5964,4566,2,multi_hit_attack,0.5019,0.6181,95,5,7,いいえ,可愛馬！真純ちゃん / 北間・クララさん / トマティーナ少佐 / みどりのたけしマン / ハリウッドナナコ師匠
1,92,em-54cb13a72721,不思議の海のモヅルン,60,6475,4941,3,attribute_guard,0.5018,0.625,99,1,7,いいえ,不思議の海のモヅルン / ペーチパイセン / トマティーナ少佐 / トキシッくんｵｯｽｵｯｽ / ハリウッドナナコ師匠
1,93,em-e4561d587562,幼心のデメ子さん,25,3178,4089,1,attribute_change,0.5009,0.6319,97,3,7,いいえ,幼心のデメ子さん / カルボ姉（ねえ） / 愛のぴよ子 / ????? / 御嶽さん
1,94,em-34ff44ed1803,富士さんは魔女,42,5112,4260,4,revive,0.5005,0.6458,98,2,8,いいえ,富士さんは魔女 / カルボ姉（ねえ） / ????? / クェーサルと仲間たち / ハリウッドナナコ師匠
1,95,em-a7fc49aa8c73,広報担当：アッシュ,37,5112,3748,2,attribute_guard,0.5005,0.6389,96,4,8,いいえ,広報担当：アッシュ / 北間・クラリス嬢 / 超患部ぴよフェッサー / みどりのたけしマン / ネムりん
1,96,em-edb254f0a679,カナちゃんのなごみ,41,5453,3408,2,heal,0.5,0.6389,97,3,8,いいえ,カナちゃんのなごみ / カルボ姉（ねえ） / ????? / クェーサルと仲間たち / ハリウッドナナコ師匠
1,97,em-1749aff71419,ミシャグジさまさま,60,6986,3578,2,attack_buff,0.4998,0.6181,100,0,7,いいえ,ミシャグジさまさま / 北間・クラリス嬢 / 試作型おこしん / トキシッくんｵｯｽｵｯｽ / 端午ぴよ子
1,98,em-2eebc4f8633d,すわっ！かつより君,60,5350,4771,5,aoe_attack,0.4995,0.6458,100,0,7,いいえ,すわっ！かつより君 / カルボ姉（ねえ） / 試作型おこしん / トキシッくんｵｯｽｵｯｽ / ハリウッドナナコ師匠
1,99,em-cf78c5cc3134,オタテカモ次郎,28,4186,3059,2,attribute_change,0.4985,0.6528,100,0,6,いいえ,オタテカモ次郎 / カルボ姉（ねえ） / 愛のぴよ子 / ????? / 御嶽さん
1,100,em-c86ef788e307,ベルりん絶好調,40,4089,4686,5,attribute_guard,0.4982,0.6597,100,0,8,いいえ,ベルりん絶好調 / カルボ姉（ねえ） / サルパちゃん / トキシッくんｵｯｽｵｯｽ / ハリウッドナナコ師匠
1,101,em-cc181917eaeb,無双中な宗茂さん,60,6405,4941,2,aoe_attack,0.4976,0.6042,100,0,7,いいえ,無双中な宗茂さん / カルボ姉（ねえ） / 試作型おこしん / トキシッくんｵｯｽｵｯｽ / ハリウッドナナコ師匠
1,102,em-7b7bc6faa9ba,パティは実況勢,41,5623,3352,2,damage_reduction,0.4974,0.6319,99,1,7,いいえ,パティは実況勢 / カルボ姉（ねえ） / サルパちゃん / 愛のぴよ子 / ハリウッドナナコ師匠
1,103,em-a04fcf6167db,いはと先生,17,2093,3059,3,delay,0.4973,0.6389,93,7,7,いいえ,いはと先生 / カルボ姉（ねえ） / サルパちゃん / ????? / 巨大カンテツ
1,104,em-cd23be41d901,美顔なエンパナさん,40,5623,4089,8,revive,0.4965,0.6528,90,10,8,いいえ,美顔なエンパナさん / カルボ姉（ねえ） / 試作型おこしん / ɚすぃとあろま？ / 伝説のWoo怪
1,105,em-4e3940289203,スーパー軍師兵衛ズ,60,7838,2385,3,skill_reduction,0.4963,0.5833,100,0,7,いいえ,スーパー軍師兵衛ズ / カルボ姉（ねえ） / 試作型おこしん / トキシッくんｵｯｽｵｯｽ / ハリウッドナナコ師匠
1,106,em-cf2619ce2878,俺っち氷河,28,3864,3222,2,attribute_change,0.4962,0.6458,100,0,6,いいえ,俺っち氷河 / カルボ姉（ねえ） / 愛のぴよ子 / ????? / 御嶽さん
1,107,em-684248c89e03,ストックレー帝,22,3013,3181,0,attribute_change,0.4961,0.6389,100,0,7,いいえ,ストックレー帝 / カルボ姉（ねえ） / すわ子isGOD！ / 愛のぴよ子 / 八狗神伏姫様
1,108,em-94a55ee81090,瑠璃の君,27,3067,2453,1,damage_reduction,0.4959,0.6528,99,1,8,いいえ,瑠璃の君 / カルボ姉（ねえ） / 愛のぴよ子 / ????? / 御嶽さん
1,109,em-b8168a7a90ca,大杉に願いを☆ミ,39,5129,3067,2,attribute_guard,0.4956,0.6389,99,1,8,いいえ,大杉に願いを☆ミ / カルボ姉（ねえ） / サルパちゃん / トキシッくんｵｯｽｵｯｽ / ハリウッドナナコ師匠
1,110,em-78c90c30a11c,夜光虫ほたるん,14,2265,3020,2,attribute_change,0.4955,0.6667,98,2,7,いいえ,夜光虫ほたるん / えかちぇたん / ????? / ブハラ師匠 / ハリウッドナナコ師匠
1,111,em-09abce425d92,超悦者・有砂小町,60,5453,5453,5,attribute_change,0.4954,0.6319,100,0,7,いいえ,超悦者・有砂小町 / カルボ姉（ねえ） / 試作型おこしん / トキシッくんｵｯｽｵｯｽ / ハリウッドナナコ師匠
1,112,em-5e492c884ca0,三貴子素戔嗚,75,8946,6475,5,multi_hit_attack,0.4954,0.5903,96,4,7,いいえ,三貴子素戔嗚 / ウナギーヌくん / 愛のぴよ子 / 旧市街地の魔物 / 大森さん
1,113,em-68c38b69771b,ぱんつぁーぴよ子,28,4412,3287,1,attribute_guard,0.4947,0.6319,100,0,7,いいえ,ぱんつぁーぴよ子 / カルボ姉（ねえ） / 愛のぴよ子 / ????? / 御嶽さん
1,114,em-8a1f54dc1206,讃えよ！ヒンヌー教徒,46,3393,4260,1,attribute_change,0.4947,0.6181,89,11,7,いいえ,讃えよ！ヒンヌー教徒 / カルボ姉（ねえ） / 試作型おこしん / トキシッくんｵｯｽｵｯｽ / おこしんMK-2
1,115,em-05133b447edd,コメツキ,55,5453,5406,5,skill_reduction,0.4944,0.5486,100,0,7,いいえ,コメツキ / カルボ姉（ねえ） / 試作型おこしん / 愛のぴよ子 / 伝説のWoo怪
1,116,em-bd7b9f8f305f,レドニツェ嬢,36,6816,2556,0,attack_buff,0.4934,0.5903,97,3,7,いいえ,レドニツェ嬢 / 北間・クラリス嬢 / トマティーナ少佐 / みどりのたけしマン / 速いぞサラマンダー！
1,117,em-b2d6a846bb36,哀哭のオオウミガラス,75,9713,4941,2,damage_reduction,0.4925,0.5694,100,0,7,いいえ,哀哭のオオウミガラス / 総統エビユルゲ / 乗っとるダム制度君 / ブラジリアン首都術 / 大森さん
1,118,em-d0c26ab1312e,シガー☆直哉,22,3542,2125,1,attribute_change,0.4923,0.6667,100,0,7,いいえ,シガー☆直哉 / カルボ姉（ねえ） / すわ子isGOD！ / 愛のぴよ子 / 八狗神伏姫様
1,119,em-d65d8f8b3d2e,エズ in スミス,20,3542,1771,1,attribute_guard,0.4922,0.6597,100,0,8,いいえ,エズ in スミス / カルボ姉（ねえ） / すわ子isGOD！ / トキシッくんｵｯｽｵｯｽ / 八狗神伏姫様
1,120,em-814b464a2192,ナナホシ,50,5044,5044,3,skill_reduction,0.4922,0.5694,100,0,7,いいえ,ナナホシ / カルボ姉（ねえ） / 試作型おこしん / 愛のぴよ子 / 聖えぇじゃないか
1,121,em-29cc8a9cf9cd,ビール売りの小娘,18,1516,3638,3,skill_reduction,0.4913,0.6389,94,6,7,いいえ,ビール売りの小娘 / カルボ姉（ねえ） / サルパちゃん / ????? / 巨大カンテツ
1,122,em-c545b5a51997,トリニダの怪人,13,4077,1057,2,skill_reduction,0.4909,0.6597,98,2,7,いいえ,トリニダの怪人 / えかちぇたん / すわ子isGOD！ / 愛のぴよ子 / 八狗神伏姫様
1,123,em-1e8ec25622df,切間・ンジャロさん,39,5871,3442,4,skill_reduction,0.4906,0.5694,99,1,7,いいえ,切間・ンジャロさん / 北間・クラリス嬢 / すわ子isGOD！ / ????? / 聖えぇじゃないか
1,124,em-cd5bbd27a3ee,熊とか絶対殺すマン,40,4086,4771,5,delay,0.4903,0.5694,95,5,7,いいえ,熊とか絶対殺すマン / えかちぇたん / 試作型おこしん / トキシッくんｵｯｽｵｯｽ / 端午ぴよ子
1,125,em-4e2a71a8e1a6,ハチモドキアブ,55,5623,6100,2,revive,0.4902,0.5833,100,0,7,いいえ,ハチモドキアブ / カルボ姉（ねえ） / 試作型おこしん / 愛のぴよ子 / 伝説のWoo怪
1,126,em-27802083d7f5,チュニスさん,50,5964,3919,4,skill_reduction,0.4902,0.5694,100,0,7,いいえ,チュニスさん / カルボ姉（ねえ） / 試作型おこしん / 愛のぴよ子 / 聖えぇじゃないか
1,127,em-225255ba2e90,華美なるミシュル嬢,22,3864,2524,1,heal,0.49,0.6528,100,0,8,いいえ,華美なるミシュル嬢 / カルボ姉（ねえ） / すわ子isGOD！ / 愛のぴよ子 / 八狗神伏姫様
1,128,em-67c9c425e81c,大いなる奇なる皇女,60,4260,4260,5,multi_hit_attack,0.4898,0.6528,100,0,7,いいえ,大いなる奇なる皇女 / カルボ姉（ねえ） / 試作型おこしん / トキシッくんｵｯｽｵｯｽ / ハリウッドナナコ師匠
1,129,em-f3ce9865b46f,BeasT5,38,4116,4664,7,delay,0.4897,0.5694,93,7,7,いいえ,BeasT5 / えかちぇたん / 試作型おこしん / トキシッくんｵｯｽｵｯｽ / 端午ぴよ子
1,130,em-f53bffc021ea,曲弾動物ウーミン,33,2999,3544,5,skill_reduction,0.4896,0.6181,81,19,7,いいえ,曲弾動物ウーミン / カルボ姉（ねえ） / 試作型おこしん / トキシッくんｵｯｽｵｯｽ / 端午ぴよ子
1,131,em-adcf70bfd425,2人はフェレナント君,37,2982,5964,1,attribute_change,0.4896,0.5972,92,8,7,いいえ,2人はフェレナント君 / えかちぇたん / 試作型おこしん / トキシッくんｵｯｽｵｯｽ / 端午ぴよ子
1,132,em-d695befcbdc2,収穫☆にいがタン,26,4508,3655,3,attribute_guard,0.4895,0.6389,98,2,8,いいえ,収穫☆にいがタン / カルボ姉（ねえ） / 愛のぴよ子 / ????? / 御嶽さん
1,133,em-45dad5139056,ベギン改・修道女,37,4565,4467,4,revive,0.4895,0.6389,99,1,8,いいえ,ベギン改・修道女 / カルボ姉（ねえ） / トマティーナ少佐 / みどりのたけしマン / ハリウッドナナコ師匠
1,134,em-cec2f0ad9373,Dr.フォックス,40,4089,4430,4,delay,0.4891,0.5764,95,5,7,いいえ,Dr.フォックス / えかちぇたん / 試作型おこしん / トキシッくんｵｯｽｵｯｽ / 端午ぴよ子
1,135,em-48a7e7dd243f,鮫男子・ニタりん,60,4601,7157,3,multi_hit_attack,0.4889,0.6042,100,0,7,いいえ,鮫男子・ニタりん / カルボ姉（ねえ） / 試作型おこしん / トキシッくんｵｯｽｵｯｽ / ハリウッドナナコ師匠
1,136,em-065f680177c4,ﾍﾟﾀももたろす,17,3059,3059,2,attribute_change,0.4885,0.6597,93,7,7,いいえ,ﾍﾟﾀももたろす / カルボ姉（ねえ） / サルパちゃん / ????? / 巨大カンテツ
1,137,em-2e6716824578,横きゅっちゃん,19,2817,2817,5,delay,0.4877,0.625,97,3,7,いいえ,横きゅっちゃん / カルボ姉（ねえ） / すわ子isGOD！ / 愛のぴよ子 / 八狗神伏姫様
1,138,em-ffde6d61f228,有頂天☆安倍晴明,45,3936,4771,5,skill_reduction,0.4876,0.5833,90,10,7,いいえ,有頂天☆安倍晴明 / カルボ姉（ねえ） / 試作型おこしん / 愛のぴよ子 / 伝説のWoo怪
1,139,em-ac3306faeab5,マサムネーダー,32,3919,5112,1,attribute_change,0.4869,0.6042,92,8,7,いいえ,マサムネーダー / えかちぇたん / 試作型おこしん / トキシッくんｵｯｽｵｯｽ / 美才能♪かの子さん
1,140,em-cc5e3cfa7400,綺麗なソフィアさん,62,7157,1704,1,multi_hit_attack,0.4868,0.6181,95,5,6,いいえ,綺麗なソフィアさん / ペーチパイセン / 愛のぴよ子 / トキシッくんｵｯｽｵｯｽ / 旧市街地の魔物
1,141,em-d74e6be8b4b9,クビキリギス,40,3800,3544,4,damage_reduction,0.4863,0.6597,100,0,8,いいえ,クビキリギス / カルボ姉（ねえ） / サルパちゃん / トキシッくんｵｯｽｵｯｽ / ハリウッドナナコ師匠
1,142,em-748c1a866dbc,Hey Yeah 清盛,75,11417,2896,3,guard,0.4863,0.5833,98,2,7,いいえ,Hey Yeah 清盛 / ウナギーヌくん / ＢＥＷ雪玉 / 愛のぴよ子 / ウシュか☆丸か
1,143,em-7e0f073f3656,年中無休な落花妖精,41,5538,3834,8,damage_reduction,0.4861,0.6458,99,1,7,いいえ,年中無休な落花妖精 / カルボ姉（ねえ） / サルパちゃん / 愛のぴよ子 / ハリウッドナナコ師匠
1,144,em-c42ef00ed018,ｗｗナレースワンｗｗ,25,2560,2584,4,delay,0.486,0.6319,97,3,7,いいえ,ｗｗナレースワンｗｗ / カルボ姉（ねえ） / 愛のぴよ子 / ????? / 御嶽さん
1,145,em-314fadaf0ea9,オシラサマ,28,4260,3322,3,heal,0.4855,0.6319,100,0,8,いいえ,オシラサマ / カルボ姉（ねえ） / 愛のぴよ子 / ????? / 御嶽さん
1,146,em-710becd5b772,雪女フェス祭カーニバル,54,7497,2556,6,attribute_guard,0.4854,0.6319,100,0,6,いいえ,雪女フェス祭カーニバル / 北間・クラリス嬢 / トマティーナ少佐 / おこしんMK-2 / 速いぞサラマンダー！
1,147,em-0984e8e9ee06,加賀のカブキ者,60,4430,6816,2,attack_buff,0.4851,0.5903,100,0,7,いいえ,加賀のカブキ者 / カルボ姉（ねえ） / 試作型おこしん / トキシッくんｵｯｽｵｯｽ / ハリウッドナナコ師匠
1,148,em-ab9b2ce76191,B・O・B,37,4935,3244,3,delay,0.4844,0.5764,92,8,7,いいえ,B・O・B / えかちぇたん / 試作型おこしん / トキシッくんｵｯｽｵｯｽ / 端午ぴよ子
1,149,em-5cd1890be20b,イーネちゃんの舟屋,41,3748,4771,1,guard,0.4843,0.5972,98,2,7,いいえ,イーネちゃんの舟屋 / カルボ姉（ねえ） / 愛のぴよ子 / ????? / 聖えぇじゃないか
1,150,em-79322ee550e2,スーパーににぎ状態,60,5623,4430,5,attack_buff,0.4842,0.625,100,0,7,いいえ,スーパーににぎ状態 / カルボ姉（ねえ） / 試作型おこしん / トキシッくんｵｯｽｵｯｽ / ハリウッドナナコ師匠
1,151,em-31758a7d7c63,ﾗｰｶﾞﾙﾌﾘｮｩﾄﾙﾑりん,47,5700,2292,3,damage_reduction,0.484,0.6319,95,5,7,いいえ,ﾗｰｶﾞﾙﾌﾘｮｩﾄﾙﾑりん / カルボ姉（ねえ） / 試作型おこしん / トキシッくんｵｯｽｵｯｽ / 端午ぴよ子
1,152,em-eb57ed2cb1f2,ペパりんズクッキング,60,6305,3237,3,delay,0.4839,0.5764,100,0,7,いいえ,ペパりんズクッキング / カルボ姉（ねえ） / 試作型おこしん / トキシッくんｵｯｽｵｯｽ / ハリウッドナナコ師匠
1,153,em-dfa3c95f9720,雪童雪愛たん,17,2495,2656,1,attribute_change,0.4838,0.6389,93,7,7,いいえ,雪童雪愛たん / カルボ姉（ねえ） / サルパちゃん / ????? / 巨大カンテツ
1,154,em-4debcfcadf66,艶奴太夫,60,3919,5964,1,attribute_change,0.4835,0.5833,100,0,7,いいえ,艶奴太夫 / カルボ姉（ねえ） / 試作型おこしん / トキシッくんｵｯｽｵｯｽ / ハリウッドナナコ師匠
1,155,em-bd35a359234a,ジョーカーくん,18,805,3935,3,skill_reduction,0.4834,0.6319,94,6,7,いいえ,ジョーカーくん / カルボ姉（ねえ） / サルパちゃん / ????? / 巨大カンテツ
1,156,em-7688ea925e5e,瑠璃ノ宮,27,3408,2726,1,damage_reduction,0.4829,0.625,99,1,8,いいえ,瑠璃ノ宮 / カルボ姉（ねえ） / 愛のぴよ子 / ????? / 御嶽さん
1,157,em-c08850a0aec0,いなば☆うわぁああ！,20,2579,3220,4,skill_reduction,0.4828,0.625,100,0,7,いいえ,いなば☆うわぁああ！ / カルボ姉（ねえ） / ????? / 御嶽さん / 巨大カンテツ
1,158,em-2f9e3ad50fc8,やまなしーヌの心,25,2415,2576,3,skill_reduction,0.4826,0.6319,97,3,7,いいえ,やまなしーヌの心 / カルボ姉（ねえ） / 愛のぴよ子 / ????? / 御嶽さん
1,159,em-7a8534cb5af6,クレリゴス子様,41,6731,2951,3,guard,0.4824,0.6111,98,2,7,いいえ,クレリゴス子様 / カルボ姉（ねえ） / 愛のぴよ子 / ????? / 聖えぇじゃないか
1,160,em-f13a3baa139d,伝説のビスカやん！,9,1893,1241,2,skill_reduction,0.4821,0.6736,100,0,7,いいえ,伝説のビスカやん！ / カルボ姉（ねえ） / 超患部ぴよフェッサー / みどりのたけしマン / 八狗神伏姫様
1,161,em-65efdfdd59b3,「ぼ」じゃなくてゔぉたん,40,4941,3408,1,attribute_change,0.4821,0.5903,88,12,7,いいえ,「ぼ」じゃなくてゔぉたん / カルボ姉（ねえ） / 試作型おこしん / トキシッくんｵｯｽｵｯｽ / 端午ぴよ子
1,162,em-4c8a3408455b,泳ぐカネヒラさん,28,3748,3408,2,attribute_change,0.482,0.625,100,0,6,いいえ,泳ぐカネヒラさん / カルボ姉（ねえ） / 愛のぴよ子 / ????? / 御嶽さん
1,163,em-08c96cb40803,ノローニャ・パイセン,43,5964,3410,1,attack_buff,0.4806,0.5833,93,7,7,いいえ,ノローニャ・パイセン / 北間・クララさん / ????? / ɚすぃとあろま？ / 端午ぴよ子
1,164,em-1bcd64d199fb,ケロッとる☆キング,31,1533,5708,2,attribute_change,0.4799,0.625,91,9,7,いいえ,ケロッとる☆キング / えかちぇたん / 試作型おこしん / トキシッくんｵｯｽｵｯｽ / 美才能♪かの子さん
1,165,em-c2dc184a86c0,爆誕！さくどん,45,3408,4260,9,delay,0.4799,0.5764,90,10,7,いいえ,爆誕！さくどん / カルボ姉（ねえ） / 試作型おこしん / 愛のぴよ子 / 伝説のWoo怪
1,166,em-ae8585ed525d,一服のうっぴー,46,6475,3408,3,heal,0.4796,0.6181,100,0,8,いいえ,一服のうっぴー / カルボ姉（ねえ） / トマティーナ少佐 / ????? / ハリウッドナナコ師匠
1,167,em-ad53908276ac,ピコ島ぴーこ,47,4007,5112,1,heal,0.4787,0.5903,100,0,8,いいえ,ピコ島ぴーこ / カルボ姉（ねえ） / すわ子isGOD！ / ɚすぃとあろま？ / ハリウッドナナコ師匠
1,168,em-edd2253df045,怪奇！変身鬼人形,25,3408,3834,3,attribute_change,0.4786,0.6389,97,3,7,いいえ,怪奇！変身鬼人形 / カルボ姉（ねえ） / 愛のぴよ子 / ????? / 御嶽さん
1,169,em-47c29240fd33,大晦日のネギそば給仕少女,40,3834,3834,2,guard,0.4784,0.6181,97,3,8,いいえ,大晦日のネギそば給仕少女 / えかちぇたん / すわ子isGOD！ / トキシッくんｵｯｽｵｯｽ / ハリウッドナナコ師匠
1,170,em-2849b1a72ff2,生足魅惑の☆ハクさん,80,11246,5112,5,attack_buff,0.4781,0.5694,98,2,4,いいえ,生足魅惑の☆ハクさん / 覚醒けいび / 覚醒ニート / あっぴーちゃん / ハントンくん
1,171,em-ceda64319ca1,蜜香のウミリンゴ,75,8520,5453,1,attack_buff,0.478,0.5278,96,4,7,いいえ,蜜香のウミリンゴ / ウナギーヌくん / 愛のぴよ子 / 旧市街地の魔物 / 大森さん
1,172,em-2a26d74bb300,鮫っ子！フカオちゃん,21,4430,2996,5,attack_buff,0.4777,0.6389,99,1,8,いいえ,鮫っ子！フカオちゃん / 北間・クラリス嬢 / すわ子isGOD！ / ????? / 八狗神伏姫様
1,173,em-10b41d0249c9,ホタル,40,4396,5163,1,attribute_change,0.4777,0.5833,95,5,7,いいえ,ホタル / えかちぇたん / 試作型おこしん / トキシッくんｵｯｽｵｯｽ / 端午ぴよ子
1,174,em-759ef91c7c65,古の灰かぶりロドピス,47,4175,3578,1,damage_reduction,0.4775,0.6111,95,5,7,いいえ,古の灰かぶりロドピス / カルボ姉（ねえ） / 試作型おこしん / トキシッくんｵｯｽｵｯｽ / 端午ぴよ子
1,175,em-c4b0b6848f16,?????,17,2828,2470,3,skill_reduction,0.4774,0.6319,93,7,7,いいえ,????? / カルボ姉（ねえ） / サルパちゃん / ????? / 巨大カンテツ
1,176,em-d0ab149939aa,製鉄所★澤先輩,24,5313,1771,3,skill_reduction,0.477,0.5972,100,0,7,いいえ,製鉄所★澤先輩 / カルボ姉（ねえ） / トマティーナ少佐 / 愛のぴよ子 / 八狗神伏姫様
1,177,em-9b1b7dceab8e,ブダ山ペスト太郎,40,6305,2044,0,damage_reduction,0.4768,0.5764,97,3,8,いいえ,ブダ山ペスト太郎 / えかちぇたん / すわ子isGOD！ / トキシッくんｵｯｽｵｯｽ / ハリウッドナナコ師匠
1,178,em-0e9d90fcbf69,テオティワちーちゃん,66,11928,149,1,multi_hit_attack,0.4767,0.6181,100,0,6,いいえ,テオティワちーちゃん / ペーチパイセン / ɚすぃとあろま？ / おこしんMK-2 / ウシュか☆丸か
1,179,em-42c90dd17240,GSPS！秀郷先生,34,3578,4601,2,attack_buff,0.4767,0.6111,89,11,8,いいえ,GSPS！秀郷先生 / えかちぇたん / 試作型おこしん / トキシッくんｵｯｽｵｯｽ / 端午ぴよ子
1,180,em-2f36c9341591,☆龍神☆尊氏様,85,9372,5623,2,multi_hit_attack,0.4763,0.5347,100,0,4,いいえ,☆龍神☆尊氏様 / 総統エビユルゲ / ウナギーヌくん / ズースくん / 大森さん
1,181,em-aae4f48cb489,もん親方,28,3748,3748,2,attribute_guard,0.4756,0.625,100,0,7,いいえ,もん親方 / カルボ姉（ねえ） / 愛のぴよ子 / ????? / 御嶽さん
1,182,em-49cfaec18be0,富士五子ＢＴ５,20,2415,2737,6,delay,0.4756,0.6111,100,0,7,いいえ,富士五子ＢＴ５ / カルボ姉（ねえ） / ????? / 御嶽さん / 巨大カンテツ
1,183,em-23638c0715eb,ばけごろう,30,1757,5743,1,attribute_change,0.4755,0.6042,90,10,7,いいえ,ばけごろう / えかちぇたん / 試作型おこしん / トキシッくんｵｯｽｵｯｽ / 美才能♪かの子さん
1,184,em-9667a89799b5,冬の双子姫,77,9628,4686,2,damage_reduction,0.4755,0.5486,100,0,6,いいえ,冬の双子姫 / ウナギーヌくん / 愛のぴよ子 / おこしんMK-2 / ハリウッドナナコ師匠
1,185,em-8d98226e5962,玉稜の首領・たまうー,29,3067,4260,4,delay,0.4753,0.5833,90,10,7,いいえ,玉稜の首領・たまうー / えかちぇたん / ????? / トキシッくんｵｯｽｵｯｽ / 伝説のWoo怪
1,186,em-904dc3a6cb19,ɚすぃとLulu？,24,4260,2726,3,guard,0.4752,0.6319,96,4,8,いいえ,ɚすぃとLulu？ / カルボ姉（ねえ） / 愛のぴよ子 / ????? / 御嶽さん
1,187,em-437f98caf8e3,ぺた也君,35,4710,3006,1,multi_hit_attack,0.475,0.6111,100,0,8,いいえ,ぺた也君 / カルボ姉（ねえ） / ????? / ɚすぃとあろま？ / シミ
1,188,em-501834a284b1,加賀友☆禅野さん,38,4175,4771,2,attribute_change,0.475,0.5972,93,7,7,いいえ,加賀友☆禅野さん / えかちぇたん / 試作型おこしん / トキシッくんｵｯｽｵｯｽ / 端午ぴよ子
1,189,em-9d5a58645c8c,カロニスタ・ヴェニ子,37,4444,4444,2,attack_buff,0.475,0.5903,100,0,7,いいえ,カロニスタ・ヴェニ子 / ペーチパイセン / 愛のぴよ子 / ????? / 御嶽さん
1,190,em-4805525cb8a4,ｴﾝｾﾞﾘｯｸ☆エンゼル,60,6816,4771,3,heal,0.4749,0.5833,99,1,7,いいえ,ｴﾝｾﾞﾘｯｸ☆エンゼル / 北間・クラリス嬢 / 試作型おこしん / おこしんMK-2 / 端午ぴよ子
1,191,em-438753e77e6c,デロスの月陽姉弟,41,3237,5453,2,heal,0.4747,0.6042,97,3,8,いいえ,デロスの月陽姉弟 / カルボ姉（ねえ） / すわ子isGOD！ / ????? / ハリウッドナナコ師匠
1,192,em-a87c308ef7c4,トミスLOVE様,52,4686,4686,4,revive,0.4746,0.6111,98,2,8,いいえ,トミスLOVE様 / カルボ姉（ねえ） / 試作型おこしん / 愛のぴよ子 / 端午ぴよ子
1,193,em-3a859cb07c11,こんぴらさん先輩,25,2898,2898,10,delay,0.4746,0.5972,97,3,7,いいえ,こんぴらさん先輩 / カルボ姉（ねえ） / 愛のぴよ子 / ????? / 御嶽さん
1,194,em-a93e62a47cbd,ホレズ先生,25,3494,3043,6,revive,0.4744,0.6458,95,5,8,いいえ,ホレズ先生 / カルボ姉（ねえ） / ????? / 御嶽さん / ハリウッドナナコ師匠
1,195,em-83c97b8f4e6e,アルルのキャミー,40,4001,6236,4,heal,0.4744,0.5972,90,10,8,いいえ,アルルのキャミー / カルボ姉（ねえ） / 試作型おこしん / ɚすぃとあろま？ / 伝説のWoo怪
1,196,em-cd52b65347bc,フローラさま,75,11161,3408,1,attack_buff,0.4744,0.5278,100,0,7,いいえ,フローラさま / 総統エビユルゲ / 乗っとるダム制度君 / ブラジリアン首都術 / 大森さん
1,197,em-4c764571b9ab,お稲荷様のパシリ,47,6816,3408,1,attack_buff,0.4739,0.5625,99,1,7,いいえ,お稲荷様のパシリ / カルボ姉（ねえ） / 愛のぴよ子 / ????? / 速いぞサラマンダー！
1,198,em-ad82a61bcc2a,ｺﾄﾖﾛ!巳ーちゃん様,55,6901,3451,4,damage_reduction,0.4738,0.6042,100,0,7,いいえ,ｺﾄﾖﾛ!巳ーちゃん様 / 北間・クラリス嬢 / トマティーナ少佐 / 愛のぴよ子 / 伝説のWoo怪
1,199,em-85946f26dcf5,鉄人！ガヨーマルト,18,3381,1610,1,attribute_change,0.4737,0.6597,96,4,7,いいえ,鉄人！ガヨーマルト / カルボ姉（ねえ） / すわ子isGOD！ / 愛のぴよ子 / 八狗神伏姫様
1,200,em-ff5dd5331817,デメ子ちゃん,18,1704,3067,2,attribute_change,0.4737,0.6458,94,6,7,いいえ,デメ子ちゃん / カルボ姉（ねえ） / サルパちゃん / ????? / 巨大カンテツ
1,201,em-679b3b1b58a8,シャフとリサブス,25,2944,3548,1,heal,0.4737,0.6111,97,3,8,いいえ,シャフとリサブス / カルボ姉（ねえ） / 愛のぴよ子 / ????? / 御嶽さん
1,202,em-272a71a9c15d,キラカードなエッシュ,12,1812,1510,3,skill_reduction,0.4735,0.6528,100,0,7,いいえ,キラカードなエッシュ / カルボ姉（ねえ） / サルパちゃん / 愛のぴよ子 / 八狗神伏姫様
1,203,em-e5fb3c6a3323,ガジュ・まる子さん,34,3748,4430,5,revive,0.4731,0.6319,96,4,8,いいえ,ガジュ・まる子さん / カルボ姉（ねえ） / トマティーナ少佐 / みどりのたけしマン / ハリウッドナナコ師匠
1,204,em-c1c986f4f89a,爆誕！ももたろす,62,4260,5964,1,attribute_change,0.473,0.5694,100,0,8,いいえ,爆誕！ももたろす / カルボ姉（ねえ） / 試作型おこしん / 愛のぴよ子 / ハリウッドナナコ師匠
1,205,em-5f292317fd1c,墨染のＰＬぴよ子,60,3656,3656,5,attribute_change,0.4729,0.6389,100,0,7,いいえ,墨染のＰＬぴよ子 / カルボ姉（ねえ） / 試作型おこしん / トキシッくんｵｯｽｵｯｽ / ハリウッドナナコ師匠
1,206,em-583f38470462,さくらエビライダー,26,2414,2414,2,attribute_change,0.4727,0.6528,98,2,7,いいえ,さくらエビライダー / カルボ姉（ねえ） / 愛のぴよ子 / ????? / 御嶽さん
1,207,em-e73e837049b5,ｿﾞﾝﾋﾞｶﾞｰﾙ･ガブリン,28,1366,3834,4,revive,0.4724,0.6597,100,0,8,いいえ,ｿﾞﾝﾋﾞｶﾞｰﾙ･ガブリン / ペーチパイセン / トマティーナ少佐 / ????? / 御嶽さん
1,208,em-267a29792afd,ウーミン,33,2249,2658,5,skill_reduction,0.4722,0.625,81,19,7,いいえ,ウーミン / カルボ姉（ねえ） / 試作型おこしん / トキシッくんｵｯｽｵｯｽ / 端午ぴよ子
1,209,em-eb8dcb3ecb46,ヨーコ須賀パイセン,45,5964,3237,3,attribute_guard,0.4718,0.6042,96,4,8,いいえ,ヨーコ須賀パイセン / 北間・クラリス嬢 / すわ子isGOD！ / クェーサルと仲間たち / ハリウッドナナコ師匠
1,210,em-c1bbe00e5d61,ジョンは時を知らない,48,4771,3493,0,attack_buff,0.4718,0.5694,100,0,7,いいえ,ジョンは時を知らない / カルボ姉（ねえ） / 愛のぴよ子 / ????? / 速いぞサラマンダー！
1,211,em-7f847f5ad505,電ドロ白鷺嬢,40,6816,2556,1,heal,0.4717,0.5903,100,0,8,いいえ,電ドロ白鷺嬢 / えかちぇたん / すわ子isGOD！ / ɚすぃとあろま？ / ハリウッドナナコ師匠
1,212,em-744815bd68e5,旋回のヘリコプリオン,75,8997,2675,2,aoe_attack,0.4716,0.5694,100,0,7,いいえ,旋回のヘリコプリオン / 総統エビユルゲ / 乗っとるダム制度君 / ブラジリアン首都術 / 大森さん
1,213,em-4afb3d011e67,得琉田浜蔵,12,2696,1992,3,attribute_change,0.4711,0.6528,100,0,7,いいえ,得琉田浜蔵 / カルボ姉（ねえ） / サルパちゃん / 愛のぴよ子 / 八狗神伏姫様
1,214,em-a66d3edc0ac1,水戸Come On!,38,3493,3237,4,delay,0.4711,0.5833,95,5,7,いいえ,水戸Come On! / カルボ姉（ねえ） / 愛のぴよ子 / ????? / 聖えぇじゃないか
1,215,em-f4025e805468,best of 長田さん,50,3500,7000,1,attribute_change,0.471,0.5625,100,0,7,いいえ,best of 長田さん / カルボ姉（ねえ） / 試作型おこしん / 愛のぴよ子 / 聖えぇじゃないか
1,216,em-88028fdebb04,オペラハウス侯爵,24,3154,3177,3,revive,0.4704,0.6319,100,0,8,いいえ,オペラハウス侯爵 / カルボ姉（ねえ） / トマティーナ少佐 / 愛のぴよ子 / 八狗神伏姫様
1,217,em-5266a394fb35,伊予・タウロス,60,4430,4941,2,multi_hit_attack,0.4704,0.5903,100,0,7,いいえ,伊予・タウロス / カルボ姉（ねえ） / 試作型おこしん / トキシッくんｵｯｽｵｯｽ / ハリウッドナナコ師匠
1,218,em-cb9a138787d0,摩陀羅　潮真,27,7194,1741,2,attribute_guard,0.4702,0.6042,100,0,8,いいえ,摩陀羅　潮真 / 北間・クラリス嬢 / トマティーナ少佐 / ????? / 御嶽さん
1,219,em-acc7e76f32c6,満開☆チゥりっぷちゃん,20,563,2957,2,attribute_change,0.47,0.6667,98,2,7,いいえ,満開☆チゥりっぷちゃん / カルボ姉（ねえ） / すわ子isGOD！ / 愛のぴよ子 / 八狗神伏姫様
1,220,em-d9e193a7c929,斑鳩の太子くん,36,4260,2896,2,heal,0.47,0.6111,98,2,8,いいえ,斑鳩の太子くん / カルボ姉（ねえ） / トマティーナ少佐 / みどりのたけしマン / ハリウッドナナコ師匠
1,221,em-0e6d3baf12ca,ネギ少女じゅんちゃん,36,3544,3544,1,heal,0.4698,0.5972,98,2,8,いいえ,ネギ少女じゅんちゃん / カルボ姉（ねえ） / トマティーナ少佐 / みどりのたけしマン / ハリウッドナナコ師匠
1,222,em-357427c8f331,反魂タン昼食TIME,27,3067,5623,4,attack_buff,0.4694,0.6111,95,5,7,いいえ,反魂タン昼食TIME / カルボ姉（ねえ） / 試作型おこしん / 愛のぴよ子 / 八狗神伏姫様
1,223,em-bffb26ad3975,アイヌ☆らっくるん,60,2896,6645,2,attack_buff,0.4693,0.5903,100,0,7,いいえ,アイヌ☆らっくるん / カルボ姉（ねえ） / 試作型おこしん / トキシッくんｵｯｽｵｯｽ / ハリウッドナナコ師匠
1,224,em-e3e851204c8b,イカすぜ！よりりん,18,2576,2576,2,attribute_change,0.4692,0.6528,94,6,7,いいえ,イカすぜ！よりりん / カルボ姉（ねえ） / サルパちゃん / ????? / 巨大カンテツ
1,225,em-abcae044297d,ラ・ショー・ドさん,44,5453,3424,5,delay,0.4692,0.5486,89,11,7,いいえ,ラ・ショー・ドさん / カルボ姉（ねえ） / 試作型おこしん / 愛のぴよ子 / 伝説のWoo怪
1,226,em-aeee7aac1b71,ジンジャーブレッド男,20,4143,2440,2,attack_buff,0.4686,0.6319,98,2,8,いいえ,ジンジャーブレッド男 / 北間・クラリス嬢 / すわ子isGOD！ / ????? / 八狗神伏姫様
1,227,em-9991a7ad9a04,ヒラメさん進化中,22,4004,2556,1,attribute_change,0.4684,0.6042,100,0,7,いいえ,ヒラメさん進化中 / カルボ姉（ねえ） / すわ子isGOD！ / 愛のぴよ子 / 八狗神伏姫様
1,228,em-378cec222ec5,熱ぅい！地獄雀,45,5964,3408,5,revive,0.4683,0.6181,99,1,8,いいえ,熱ぅい！地獄雀 / カルボ姉（ねえ） / トマティーナ少佐 / ????? / ハリウッドナナコ師匠
1,229,em-0d48fb639618,どうする？リオンさん,18,2093,2737,3,delay,0.4679,0.625,94,6,7,いいえ,どうする？リオンさん / カルボ姉（ねえ） / サルパちゃん / ????? / 巨大カンテツ
1,230,em-02e0499d8e24,朱雀,36,4430,4941,4,attack_buff,0.4675,0.6111,92,8,7,いいえ,朱雀 / ペーチパイセン / 超患部ぴよフェッサー / ????? / 聖えぇじゃないか
1,231,em-0f41288ed104,青玉の供犠ぴよ子,6,1609,1609,0,none,0.4674,0.6389,94,6,7,いいえ,青玉の供犠ぴよ子 / カルボ姉（ねえ） / サルパちゃん / 愛のぴよ子 / 八狗神伏姫様
1,232,em-908fa1696f0d,速いぞサラマンダー！,12,3186,1431,6,skill_reduction,0.4673,0.6181,100,0,7,いいえ,速いぞサラマンダー！ / カルボ姉（ねえ） / サルパちゃん / 愛のぴよ子 / 八狗神伏姫様
1,233,em-53fae101e208,水海　月,34,3288,4260,1,attribute_guard,0.4671,0.5833,97,3,7,いいえ,水海　月 / ペーチパイセン / 愛のぴよ子 / ????? / 御嶽さん
1,234,em-58dbb7bc9653,六点魔王ノッブ,58,3408,5964,3,multi_hit_attack,0.467,0.5972,98,2,8,いいえ,六点魔王ノッブ / カルボ姉（ねえ） / 試作型おこしん / トキシッくんｵｯｽｵｯｽ / ハリウッドナナコ師匠
1,235,em-c3c3a8e92b71,仮面のいはと先生,25,2095,3063,3,delay,0.4663,0.6042,97,3,7,いいえ,仮面のいはと先生 / カルボ姉（ねえ） / 愛のぴよ子 / ????? / 御嶽さん
1,236,em-94f677409ee2,月甲のルナタスピス,75,10224,4543,3,guard,0.4659,0.5417,100,0,7,いいえ,月甲のルナタスピス / 総統エビユルゲ / 乗っとるダム制度君 / ブラジリアン首都術 / 大森さん
1,237,em-05c5072dc080,橘の元祖☆みっちー,75,9798,4515,4,skill_reduction,0.4659,0.4722,100,0,7,いいえ,橘の元祖☆みっちー / 総統エビユルゲ / 乗っとるダム制度君 / ブラジリアン首都術 / 大森さん
1,238,em-7fafc017f6f6,水蛭子リターンズ,43,6816,3408,7,revive,0.4658,0.5972,100,0,8,いいえ,水蛭子リターンズ / カルボ姉（ねえ） / 愛のぴよ子 / ????? / 聖えぇじゃないか
1,239,em-2e6dfffcc947,グレート三重子ちゃん,50,4473,4473,0,attribute_change,0.4658,0.5556,100,0,7,いいえ,グレート三重子ちゃん / カルボ姉（ねえ） / 試作型おこしん / 愛のぴよ子 / 聖えぇじゃないか
1,240,em-82d7b7a877f8,電ドロ白鷺嬢,39,6816,2556,2,heal,0.4657,0.5833,96,4,8,いいえ,電ドロ白鷺嬢 / カルボ姉（ねえ） / 愛のぴよ子 / ????? / 聖えぇじゃないか
1,241,em-33e6bfd45207,みさきパイセン,22,2737,3059,3,multi_hit_attack,0.4653,0.6319,100,0,8,いいえ,みさきパイセン / 北間・クラリス嬢 / すわ子isGOD！ / ????? / 八狗神伏姫様
1,242,em-83954a93a691,閃きのヒラメちゃん,60,6560,4430,2,attribute_change,0.4653,0.5694,100,0,7,いいえ,閃きのヒラメちゃん / カルボ姉（ねえ） / 試作型おこしん / トキシッくんｵｯｽｵｯｽ / ハリウッドナナコ師匠
1,243,em-93bcb3ddcb90,蝦夷の鬼武者,50,5367,4771,1,attack_buff,0.4648,0.5625,98,2,7,いいえ,蝦夷の鬼武者 / 試作型おこしん / すわ子isGOD！ / トキシッくんｵｯｽｵｯｽ / 端午ぴよ子
1,244,em-6d8ed6eb36b3,えかちぇたん,25,4260,2385,1,multi_hit_attack,0.4646,0.5972,98,2,8,いいえ,えかちぇたん / 北間・クラリス嬢 / 試作型おこしん / みどりのたけしマン / 御嶽さん
1,245,em-d0639c20e6b1,ユーコ☆宇宙,24,4260,2556,4,revive,0.4641,0.625,96,4,8,いいえ,ユーコ☆宇宙 / カルボ姉（ねえ） / 愛のぴよ子 / ????? / 御嶽さん
1,246,em-b943dbad0d0c,姫武者伏姫,54,6253,3823,5,guard,0.4637,0.5972,100,0,6,いいえ,姫武者伏姫 / カルボ姉（ねえ） / トマティーナ少佐 / 愛のぴよ子 / ハリウッドナナコ師匠
1,247,em-a236725222d2,紺碧のＰＬぴよ子,60,3656,3656,1,attribute_change,0.4636,0.5903,100,0,7,いいえ,紺碧のＰＬぴよ子 / カルボ姉（ねえ） / 試作型おこしん / トキシッくんｵｯｽｵｯｽ / ハリウッドナナコ師匠
1,248,em-6b8007792f3c,因幡WAHHH!!,32,3578,4771,4,attack_buff,0.4631,0.6042,94,6,7,いいえ,因幡WAHHH!! / 北間・クラリス嬢 / ????? / 御嶽さん / ハリウッドナナコ師匠
1,249,em-8b48dbb598d6,高杉ぃ高杉ぃぃ！,60,7500,1704,1,attack_buff,0.4631,0.5972,100,0,7,いいえ,高杉ぃ高杉ぃぃ！ / 北間・クラリス嬢 / 試作型おこしん / トキシッくんｵｯｽｵｯｽ / 端午ぴよ子
1,250,em-6c9a66a7da8c,抹殺音ズース,40,5623,3408,6,heal,0.4629,0.6042,90,10,8,いいえ,抹殺音ズース / カルボ姉（ねえ） / 試作型おこしん / ɚすぃとあろま？ / 伝説のWoo怪
1,251,em-a62aee8d3548,レゲエじゃまいか,40,5453,3748,4,revive,0.4629,0.6042,90,10,8,いいえ,レゲエじゃまいか / カルボ姉（ねえ） / 試作型おこしん / ɚすぃとあろま？ / 伝説のWoo怪
1,252,em-d72497692e5c,バリ……トゥンク…王,41,1530,5279,0,guard,0.4625,0.5764,99,1,7,いいえ,バリ……トゥンク…王 / カルボ姉（ねえ） / サルパちゃん / 愛のぴよ子 / ハリウッドナナコ師匠
1,253,em-285a6b18bfb1,いろはの曙ちゃん,18,2705,2705,0,heal,0.4624,0.5903,97,3,8,いいえ,いろはの曙ちゃん / えかちぇたん / 愛のぴよ子 / ????? / 御嶽さん
1,254,em-4206205a0bb1,リュウ・ツカイ,60,5708,4515,2,attack_buff,0.4623,0.5764,100,0,7,いいえ,リュウ・ツカイ / カルボ姉（ねえ） / 試作型おこしん / トキシッくんｵｯｽｵｯｽ / ハリウッドナナコ師匠
1,255,em-423f5963c7c2,超患部ぴよフェッサー,15,3220,2093,2,revive,0.4622,0.625,100,0,8,いいえ,超患部ぴよフェッサー / えかちぇたん / すわ子isGOD！ / 愛のぴよ子 / 八狗神伏姫様
1,256,em-e9d9b60eefb1,鈴鹿忍者,20,1623,2189,5,skill_reduction,0.4622,0.625,100,0,7,いいえ,鈴鹿忍者 / カルボ姉（ねえ） / ????? / 御嶽さん / 巨大カンテツ
1,257,em-4efe36123302,輝け☆椛マン！,35,4260,3408,3,heal,0.4621,0.6042,97,3,8,いいえ,輝け☆椛マン！ / カルボ姉（ねえ） / トマティーナ少佐 / みどりのたけしマン / ハリウッドナナコ師匠
1,258,em-ceb860c3dbdd,美姫お市,60,5964,2556,0,attack_buff,0.4619,0.5486,100,0,7,いいえ,美姫お市 / カルボ姉（ねえ） / 試作型おこしん / トキシッくんｵｯｽｵｯｽ / ハリウッドナナコ師匠
1,259,em-f895c0235d10,アスクとエムブラ,38,2737,4508,5,guard,0.4613,0.625,98,2,8,いいえ,アスクとエムブラ / カルボ姉（ねえ） / サルパちゃん / トキシッくんｵｯｽｵｯｽ / ハリウッドナナコ師匠
1,260,em-a81a753351d9,戸定梨香,28,3216,3534,4,revive,0.4613,0.625,100,0,8,いいえ,戸定梨香 / カルボ姉（ねえ） / 愛のぴよ子 / ????? / 御嶽さん
1,261,em-d1a3ff650b2f,メテオ大好きっこ,26,4669,3229,0,attack_buff,0.4613,0.5694,94,6,8,いいえ,メテオ大好きっこ / カルボ姉（ねえ） / 試作型おこしん / 愛のぴよ子 / 八狗神伏姫様
1,262,em-5514b5658aa3,ハリウッドナナコ師匠,5,2503,1093,9,delay,0.4612,0.6319,85,15,7,いいえ,ハリウッドナナコ師匠 / カルボ姉（ねえ） / ????? / 御嶽さん / 巨大カンテツ
1,263,em-cf9464eec3b4,ヒラメちゃん,13,2370,2044,1,attribute_change,0.4612,0.625,97,3,7,いいえ,ヒラメちゃん / えかちぇたん / ????? / ブハラ師匠 / ハリウッドナナコ師匠
1,264,em-1e3b5bb54d35,ナナフシ,30,4175,2999,2,attribute_change,0.4611,0.6111,90,10,7,いいえ,ナナフシ / えかちぇたん / 試作型おこしん / トキシッくんｵｯｽｵｯｽ / 美才能♪かの子さん
1,265,em-a0159af9ab81,カネヒラくん,14,2385,2556,2,attribute_change,0.461,0.625,98,2,7,いいえ,カネヒラくん / えかちぇたん / ????? / ブハラ師匠 / ハリウッドナナコ師匠
1,266,em-5c142a19c12c,菅大臣・どうしん様,24,2649,2504,1,heal,0.461,0.6111,96,4,8,いいえ,菅大臣・どうしん様 / カルボ姉（ねえ） / 愛のぴよ子 / ????? / 御嶽さん
1,267,em-ccfeb40e6439,更にThe★Youなリバ子,50,1509,5770,0,heal,0.4609,0.5694,100,0,8,いいえ,更にThe★Youなリバ子 / カルボ姉（ねえ） / 試作型おこしん / 愛のぴよ子 / 聖えぇじゃないか
1,268,em-c8ed16119cbe,ヴェルラの木こり,28,3014,3162,2,guard,0.4602,0.6111,100,0,7,いいえ,ヴェルラの木こり / カルボ姉（ねえ） / 愛のぴよ子 / ????? / 御嶽さん
1,269,em-7a58e59098c4,森神ブーナッド,36,4941,3408,2,heal,0.4602,0.5833,98,2,8,いいえ,森神ブーナッド / カルボ姉（ねえ） / トマティーナ少佐 / みどりのたけしマン / ハリウッドナナコ師匠
1,270,em-0592fa7cc27f,クェーサルと仲間たち,18,3542,2898,3,multi_hit_attack,0.4601,0.6181,95,5,7,いいえ,クェーサルと仲間たち / カルボ姉（ねえ） / ????? / ブハラ師匠 / ハリウッドナナコ師匠
1,271,em-0183a7a13db2,かーたん・べーり,32,4089,4089,5,attribute_guard,0.4601,0.6042,94,6,7,いいえ,かーたん・べーり / カルボ姉（ねえ） / アウス大先輩 / トキシッくんｵｯｽｵｯｽ / 美才能♪かの子さん
1,272,em-82e546e8de79,ランたん,29,2198,3612,2,attribute_change,0.4598,0.625,89,11,7,いいえ,ランたん / えかちぇたん / 試作型おこしん / トキシッくんｵｯｽｵｯｽ / 美才能♪かの子さん
1,273,em-2c08686a6d88,猿もの追い払いネキ,42,4171,3977,5,damage_reduction,0.4598,0.6111,99,1,7,いいえ,猿もの追い払いネキ / えかちぇたん / すわ子isGOD！ / トキシッくんｵｯｽｵｯｽ / ハリウッドナナコ師匠
1,274,em-33880cee5e60,三貴子ツクヨミ,75,10735,4686,3,damage_reduction,0.4595,0.5278,98,2,7,いいえ,三貴子ツクヨミ / ウナギーヌくん / ＢＥＷ雪玉 / 愛のぴよ子 / ウシュか☆丸か
1,275,em-dba7b79429bc,サルパ王＆女王,60,5453,3748,2,multi_hit_attack,0.4591,0.5764,100,0,7,いいえ,サルパ王＆女王 / カルボ姉（ねえ） / 試作型おこしん / トキシッくんｵｯｽｵｯｽ / ハリウッドナナコ師匠
1,276,em-60119eda4c9c,猿田彦大先輩,80,7838,7157,5,attack_buff,0.4585,0.5417,98,2,4,いいえ,猿田彦大先輩 / 覚醒けいび / 覚醒ニート / あっぴーちゃん / ハントンくん
1,277,em-109e54a3645a,グラン・プラスの魔女,38,1499,3404,3,guard,0.4583,0.6458,98,2,8,いいえ,グラン・プラスの魔女 / カルボ姉（ねえ） / サルパちゃん / トキシッくんｵｯｽｵｯｽ / ハリウッドナナコ師匠
1,278,em-ec64495c1963,レブカ大先生,38,5793,2984,5,aoe_attack,0.4583,0.6042,100,0,7,いいえ,レブカ大先生 / 北間・クラリス嬢 / ????? / 御嶽さん / ハリウッドナナコ師匠
1,279,em-51bdb94ec3b1,熱ぅい！地獄雀,43,5964,3408,4,revive,0.4582,0.5903,100,0,8,いいえ,熱ぅい！地獄雀 / カルボ姉（ねえ） / 愛のぴよ子 / ????? / 聖えぇじゃないか
1,280,em-3f6affd1acff,ハンニバル力(りょく),58,7497,2385,3,aoe_attack,0.4579,0.5972,100,0,8,いいえ,ハンニバル力(りょく) / 北間・クラリス嬢 / 試作型おこしん / ɚすぃとあろま？ / 伝説のWoo怪
1,281,em-c87499b64151,ラパヌイ先生,45,6441,3067,4,guard,0.4579,0.5903,100,0,8,いいえ,ラパヌイ先生 / えかちぇたん / トマティーナ少佐 / トキシッくんｵｯｽｵｯｽ / ハリウッドナナコ師匠
1,282,em-418076b2d218,イシマンガリソ先輩,42,5367,3067,1,attribute_guard,0.4577,0.5625,100,0,7,いいえ,イシマンガリソ先輩 / カルボ姉（ねえ） / サルパちゃん / 愛のぴよ子 / ハリウッドナナコ師匠
1,283,em-85dad7ff7aa2,ディヤの魔人,18,2385,1704,2,heal,0.4575,0.6597,96,4,8,いいえ,ディヤの魔人 / カルボ姉（ねえ） / すわ子isGOD！ / 愛のぴよ子 / 八狗神伏姫様
1,284,em-981bf693e8c3,メガネパンダ系の何か,19,2576,2415,6,skill_reduction,0.4575,0.6111,95,5,7,いいえ,メガネパンダ系の何か / カルボ姉（ねえ） / サルパちゃん / ????? / 巨大カンテツ
1,285,em-3c7a40d5b751,宇和島マタドーるん,19,2737,3059,1,damage_reduction,0.4574,0.6042,98,2,8,いいえ,宇和島マタドーるん / えかちぇたん / 愛のぴよ子 / ????? / 御嶽さん
1,286,em-abc85163565c,コキリコ・QB,23,2817,2978,2,attribute_change,0.4573,0.625,99,1,7,いいえ,コキリコ・QB / カルボ姉（ねえ） / トマティーナ少佐 / 愛のぴよ子 / 八狗神伏姫様
1,287,em-7e4426102b17,タンジャンじゃん,22,3139,3139,3,revive,0.457,0.625,94,6,8,いいえ,タンジャンじゃん / カルボ姉（ねえ） / 愛のぴよ子 / ????? / 御嶽さん
1,288,em-ecc88d69f40d,恋愛成就☆どうしん様,25,2649,2504,1,heal,0.457,0.6111,97,3,8,いいえ,恋愛成就☆どうしん様 / カルボ姉（ねえ） / 愛のぴよ子 / ????? / 御嶽さん
1,289,em-3740a2113341,ぴぐぺん選手,22,950,3220,0,attribute_guard,0.457,0.6042,94,6,8,いいえ,ぴぐぺん選手 / カルボ姉（ねえ） / 愛のぴよ子 / ????? / 御嶽さん
1,290,em-4ea698949c11,侵略成功!?イカ翁,20,1131,1272,2,revive,0.4569,0.6806,98,2,8,いいえ,侵略成功!?イカ翁 / カルボ姉（ねえ） / すわ子isGOD！ / 愛のぴよ子 / 八狗神伏姫様
1,291,em-90b0d123f99e,かんきゅっちゃん,15,2817,2817,5,delay,0.4569,0.5694,100,0,7,いいえ,かんきゅっちゃん / 北間・クラリス嬢 / サルパちゃん / ????? / 御嶽さん
1,292,em-3ac00001d30a,ネギの向こう側,20,2262,2273,0,heal,0.4564,0.6111,98,2,8,いいえ,ネギの向こう側 / カルボ姉（ねえ） / すわ子isGOD！ / 愛のぴよ子 / 八狗神伏姫様
1,293,em-a8e1bfbd68cd,秋のタツタちゃん,80,10224,4771,4,multi_hit_attack,0.4563,0.5347,100,0,4,いいえ,秋のタツタちゃん / ペーチパイセン / エビユルゲ大佐 / わんこールそば / あろまちゃん
1,294,em-99eb90e0260f,傾国の二条嬢,17,2656,2495,2,attribute_guard,0.4562,0.625,96,4,8,いいえ,傾国の二条嬢 / えかちぇたん / 愛のぴよ子 / ????? / 御嶽さん
1,295,em-3767457f6cce,ｷﾗﾒｷﾒﾗ☆ヒラメ様,40,5367,2215,1,attribute_change,0.4562,0.5764,95,5,7,いいえ,ｷﾗﾒｷﾒﾗ☆ヒラメ様 / えかちぇたん / 試作型おこしん / トキシッくんｵｯｽｵｯｽ / 端午ぴよ子
1,296,em-d518108f13e3,トランシルヴァニア家族,45,5350,6059,2,multi_hit_attack,0.4559,0.5417,99,1,7,いいえ,トランシルヴァニア家族 / 北間・クラリス嬢 / トマティーナ少佐 / みどりのたけしマン / ハリウッドナナコ師匠
1,297,em-9d511711422e,禍殃☆ももとふ姫,17,2737,3059,3,heal,0.4558,0.6181,96,4,8,いいえ,禍殃☆ももとふ姫 / えかちぇたん / 愛のぴよ子 / ????? / 御嶽さん
1,298,em-a9738b409d24,カジランガ守り隊員,45,7668,1533,2,attack_buff,0.4557,0.5972,99,1,7,いいえ,カジランガ守り隊員 / 北間・クラリス嬢 / トマティーナ少佐 / みどりのたけしマン / ハリウッドナナコ師匠
1,299,em-32dd2642183e,ハイパーハンギョジン,60,5889,3996,3,attack_buff,0.4556,0.5833,100,0,7,いいえ,ハイパーハンギョジン / 北間・クラリス嬢 / 試作型おこしん / トキシッくんｵｯｽｵｯｽ / 端午ぴよ子
1,300,em-769713d8548b,ザ・NPfLやすなり,20,1800,1800,0,attribute_change,0.4555,0.625,98,2,7,いいえ,ザ・NPfLやすなり / カルボ姉（ねえ） / すわ子isGOD！ / 愛のぴよ子 / 八狗神伏姫様
1,301,em-10c2721383dd,京子☆リフレッシュ,23,2035,3239,5,damage_reduction,0.4554,0.6319,95,5,8,いいえ,京子☆リフレッシュ / カルボ姉（ねえ） / 愛のぴよ子 / ????? / 御嶽さん
1,302,em-62994b487456,浪漫歌人♪晶子さん,25,3059,3059,2,revive,0.455,0.6181,97,3,8,いいえ,浪漫歌人♪晶子さん / カルボ姉（ねえ） / 愛のぴよ子 / ????? / 御嶽さん
1,303,em-2a20d82018a7,強飯式太子君,43,4771,3408,1,heal,0.455,0.5694,99,1,8,いいえ,強飯式太子君 / カルボ姉（ねえ） / すわ子isGOD！ / ????? / ハリウッドナナコ師匠
1,304,em-52a11488ce9e,新・ウオ丸くん,60,4294,3578,1,attack_buff,0.4549,0.5694,100,0,7,いいえ,新・ウオ丸くん / カルボ姉（ねえ） / 試作型おこしん / トキシッくんｵｯｽｵｯｽ / ハリウッドナナコ師匠
1,305,em-e85f4ced46d6,ツノザヤ君は脳天気,27,43,3360,0,damage_reduction,0.4548,0.6111,99,1,8,いいえ,ツノザヤ君は脳天気 / カルボ姉（ねえ） / 愛のぴよ子 / ????? / 御嶽さん
1,306,em-fd03da115e54,まさか殿,35,4396,4413,6,multi_hit_attack,0.4548,0.6042,100,0,8,いいえ,まさか殿 / カルボ姉（ねえ） / ????? / ɚすぃとあろま？ / シミ
1,307,em-c358b6553866,ご機嫌斜めのウィーン様,58,4941,2896,5,attack_buff,0.4547,0.6111,98,2,8,いいえ,ご機嫌斜めのウィーン様 / カルボ姉（ねえ） / 試作型おこしん / トキシッくんｵｯｽｵｯｽ / ハリウッドナナコ師匠
1,308,em-d932b3b4e7ed,狼先生ジョン,18,1963,2869,1,attribute_change,0.4546,0.625,94,6,7,いいえ,狼先生ジョン / カルボ姉（ねえ） / サルパちゃん / ????? / 巨大カンテツ
1,309,em-06ed1eae98fc,ソンな福ちゃん,31,3377,3377,1,attribute_change,0.4546,0.5764,91,9,7,いいえ,ソンな福ちゃん / えかちぇたん / 試作型おこしん / トキシッくんｵｯｽｵｯｽ / 美才能♪かの子さん
1,310,em-fd111e204918,アルビールパイセン,19,467,2608,3,delay,0.4541,0.625,97,3,7,いいえ,アルビールパイセン / カルボ姉（ねえ） / すわ子isGOD！ / 愛のぴよ子 / 八狗神伏姫様
1,311,em-1de8c880f196,ヴィヒー先生,17,2114,2718,2,damage_reduction,0.4539,0.625,96,4,8,いいえ,ヴィヒー先生 / えかちぇたん / 愛のぴよ子 / ????? / 御嶽さん
1,312,em-7a57f923ab2c,ありえんキャット様,61,6069,5622,1,attribute_change,0.4538,0.5208,100,0,8,いいえ,ありえんキャット様 / ペーチパイセン / 試作型おこしん / トキシッくんｵｯｽｵｯｽ / 端午ぴよ子
1,313,em-0bcb369cdcd9,キタキツネの神様,36,3748,4771,3,attack_buff,0.4537,0.5833,96,4,7,いいえ,キタキツネの神様 / カルボ姉（ねえ） / 愛のぴよ子 / みどりのたけしマン / 速いぞサラマンダー！
1,314,em-c8db19de00fd,ワロンマイナー輩先,13,2953,1328,1,heal,0.4536,0.625,98,2,8,いいえ,ワロンマイナー輩先 / えかちぇたん / すわ子isGOD！ / 愛のぴよ子 / 八狗神伏姫様
1,315,em-59a8f156dec4,クロアリ,60,4089,4089,3,multi_hit_attack,0.4536,0.5903,100,0,7,いいえ,クロアリ / カルボ姉（ねえ） / 試作型おこしん / トキシッくんｵｯｽｵｯｽ / ハリウッドナナコ師匠
1,316,em-6dcd90bb7df5,花めく☆まつやマン,24,4669,2173,1,heal,0.4535,0.5972,100,0,8,いいえ,花めく☆まつやマン / カルボ姉（ねえ） / トマティーナ少佐 / 愛のぴよ子 / 八狗神伏姫様
1,317,em-dce9e83b7c07,長靴履いたなろう猫,42,3786,2726,3,attribute_change,0.4534,0.6111,90,10,7,いいえ,長靴履いたなろう猫 / カルボ姉（ねえ） / 試作型おこしん / トキシッくんｵｯｽｵｯｽ / 端午ぴよ子
1,318,em-bff3cff5162a,トキシッくんｵｯｽｵｯｽ,9,2253,1267,3,revive,0.4528,0.6528,97,3,8,いいえ,トキシッくんｵｯｽｵｯｽ / カルボ姉（ねえ） / サルパちゃん / 愛のぴよ子 / 八狗神伏姫様
1,319,em-361f82120d03,オイボくん,40,6645,2556,2,attack_buff,0.4527,0.5764,94,6,7,いいえ,オイボくん / 北間・クラリス嬢 / トマティーナ少佐 / みどりのたけしマン / ハリウッドナナコ師匠
1,320,em-a447724e3bc1,ヴァレサバ☆関くん,54,4055,5759,0,guard,0.4527,0.5069,100,0,6,いいえ,ヴァレサバ☆関くん / カルボ姉（ねえ） / トマティーナ少佐 / 愛のぴよ子 / ハリウッドナナコ師匠
1,321,em-7fe8d05d0c62,艶やかヤッコ,30,3135,3408,0,attribute_change,0.4523,0.5625,95,5,7,いいえ,艶やかヤッコ / カルボ姉（ねえ） / 試作型おこしん / 愛のぴよ子 / 御嶽さん
1,322,em-294f61da0084,Ｃ・Ｃ☆電車姫,22,3741,1973,4,attack_buff,0.4521,0.6319,100,0,8,いいえ,Ｃ・Ｃ☆電車姫 / 北間・クラリス嬢 / すわ子isGOD！ / ????? / 八狗神伏姫様
1,323,em-52de8bb54262,ボビンちゃん,33,3748,4771,3,damage_reduction,0.452,0.5764,94,6,7,いいえ,ボビンちゃん / カルボ姉（ねえ） / アウス大先輩 / ＢＥＷ雪玉 / 美才能♪かの子さん
1,324,em-9372502bc6a4,餞のガブリン,42,1913,5367,4,revive,0.4519,0.6111,98,2,8,いいえ,餞のガブリン / カルボ姉（ねえ） / ????? / クェーサルと仲間たち / ハリウッドナナコ師匠
1,325,em-9c344f264735,カロリスト・カル子,40,6999,2499,5,attribute_guard,0.4517,0.5903,100,0,8,いいえ,カロリスト・カル子 / カルボ姉（ねえ） / サルパちゃん / トキシッくんｵｯｽｵｯｽ / ハリウッドナナコ師匠
1,326,em-832edc9513ca,Ｈ・Ｆ・ウーマン,45,6305,3748,4,guard,0.4517,0.5833,100,0,8,いいえ,Ｈ・Ｆ・ウーマン / えかちぇたん / トマティーナ少佐 / トキシッくんｵｯｽｵｯｽ / ハリウッドナナコ師匠
1,327,em-4d47f8a702ed,モヘン女ダロぉ,47,3374,6202,1,damage_reduction,0.4517,0.5486,100,0,7,いいえ,モヘン女ダロぉ / えかちぇたん / トマティーナ少佐 / 愛のぴよ子 / ハリウッドナナコ師匠
1,328,em-86798e95c07f,ほたるん！卒業祭り,18,1132,2567,0,attribute_change,0.4512,0.6181,96,4,7,いいえ,ほたるん！卒業祭り / カルボ姉（ねえ） / すわ子isGOD！ / 愛のぴよ子 / 八狗神伏姫様
1,329,em-237ca774c5e5,ルナプリ☆かぐや様,66,8861,1584,1,aoe_attack,0.451,0.5556,97,3,6,いいえ,ルナプリ☆かぐや様 / 北間・クラリス嬢 / 試作型おこしん / おこしんMK-2 / ハリウッドナナコ師匠
1,330,em-228697ae4ca1,かつお☆カーニバル,7,1128,1198,2,skill_reduction,0.4509,0.6458,95,5,7,いいえ,かつお☆カーニバル / カルボ姉（ねえ） / サルパちゃん / 愛のぴよ子 / 八狗神伏姫様
1,331,em-a06f040c9490,冬の加奈多パレード,80,9542,5282,2,attack_buff,0.4507,0.5,99,1,4,いいえ,冬の加奈多パレード / 伝説のビスカやん！ / かずらちゃん / あっぴーちゃん / 皐月ニート
1,332,em-24d6f242799c,大浜美波さん,32,3748,3408,5,revive,0.4505,0.6111,94,6,8,いいえ,大浜美波さん / カルボ姉（ねえ） / トマティーナ少佐 / みどりのたけしマン / ハリウッドナナコ師匠
1,333,em-1eee6f61a8bd,キングな勝斧さん,31,4601,2726,1,attack_buff,0.4505,0.5694,93,7,7,いいえ,キングな勝斧さん / 北間・クラリス嬢 / ????? / 御嶽さん / ハリウッドナナコ師匠
1,334,em-3151d77efe3f,チンチョーロさん,37,4805,4805,7,revive,0.4503,0.5903,99,1,8,いいえ,チンチョーロさん / カルボ姉（ねえ） / トマティーナ少佐 / みどりのたけしマン / ハリウッドナナコ師匠
1,335,em-9974d2b554c4,ｼｬﾐｯ子！シャーミー君,36,4652,3919,1,attack_buff,0.4501,0.5625,96,4,7,いいえ,ｼｬﾐｯ子！シャーミー君 / カルボ姉（ねえ） / 愛のぴよ子 / みどりのたけしマン / 速いぞサラマンダー！
1,336,em-68afa2dec462,みどりのたけしマン,23,2592,2432,3,damage_reduction,0.4499,0.625,95,5,8,いいえ,みどりのたけしマン / カルボ姉（ねえ） / 愛のぴよ子 / ????? / 御嶽さん
1,337,em-c25db2f5b4ff,メルヘン☆グリ子,80,9202,3748,4,damage_reduction,0.4498,0.5486,100,0,4,いいえ,メルヘン☆グリ子 / 蓮十郎 / 覚醒ニート / あっぴーちゃん / 魚臣！又土くん
1,338,em-e36d35de9441,青谷やよい,42,3578,3374,4,damage_reduction,0.4494,0.6111,100,0,7,いいえ,青谷やよい / カルボ姉（ねえ） / サルパちゃん / 愛のぴよ子 / ハリウッドナナコ師匠
1,339,em-874769710492,さふらんらん,8,1734,888,3,skill_reduction,0.4493,0.6458,100,0,7,いいえ,さふらんらん / カルボ姉（ねえ） / トマティーナ少佐 / みどりのたけしマン / 八狗神伏姫様
1,340,em-d09d2f80d34e,トマティーナ少佐,16,3748,2130,2,multi_hit_attack,0.4493,0.6111,100,0,7,いいえ,トマティーナ少佐 / えかちぇたん / ????? / ブハラ師匠 / ハリウッドナナコ師匠
1,341,em-7f58743c664e,ポリミタス☆おかいこ,34,4771,3069,2,attribute_change,0.4489,0.5833,99,1,7,いいえ,ポリミタス☆おかいこ / カルボ姉（ねえ） / 試作型おこしん / 愛のぴよ子 / 御嶽さん
1,342,em-0e768525b557,ヘラクレス先輩,70,5885,6230,4,multi_hit_attack,0.4485,0.5486,99,1,6,いいえ,ヘラクレス先輩 / ペーチパイセン / 試作型おこしん / 愛のぴよ子 / ハリウッドナナコ師匠
1,343,em-b95ac93b816d,キタキツネの神様,29,3748,4771,3,attack_buff,0.4483,0.5833,100,0,8,いいえ,キタキツネの神様 / カルボ姉（ねえ） / 試作型おこしん / 愛のぴよ子 / 財閥だ浅ちゃん！
1,344,em-94dc3d86f691,碧海のオフタルもん,75,10054,3919,4,multi_hit_attack,0.4481,0.5347,100,0,7,いいえ,碧海のオフタルもん / 総統エビユルゲ / 乗っとるダム制度君 / ブラジリアン首都術 / 大森さん
1,345,em-826b6ae61786,スワン王,9,1229,1173,4,skill_reduction,0.4479,0.6389,100,0,7,いいえ,スワン王 / カルボ姉（ねえ） / 超患部ぴよフェッサー / みどりのたけしマン / 八狗神伏姫様
1,346,em-ea2d3d13fc78,いなば☆うあー,18,1300,1700,4,skill_reduction,0.4476,0.6389,96,4,7,いいえ,いなば☆うあー / カルボ姉（ねえ） / すわ子isGOD！ / 愛のぴよ子 / 八狗神伏姫様
1,347,em-6c2ea8631e0d,深海美少年モヅルン,37,5964,2385,3,attribute_guard,0.4476,0.5833,99,1,8,いいえ,深海美少年モヅルン / 夏至祭のヴァサクサ君 / すわ子isGOD！ / トキシッくんｵｯｽｵｯｽ / 聖えぇじゃないか
1,348,em-bc6da5addf52,桜ブーナッド,46,5547,4013,5,heal,0.4468,0.5833,100,0,8,いいえ,桜ブーナッド / カルボ姉（ねえ） / トマティーナ少佐 / ????? / ハリウッドナナコ師匠
1,349,em-73652bbd630f,ツノザヤ君とｱｲｺﾃﾞｼｮ,60,2044,5112,0,damage_reduction,0.4466,0.5486,99,1,7,いいえ,ツノザヤ君とｱｲｺﾃﾞｼｮ / ペーチパイセン / トマティーナ少佐 / トキシッくんｵｯｽｵｯｽ / ハリウッドナナコ師匠
1,350,em-40350463a9fa,ハンドさんは泳がない,27,2044,3578,3,damage_reduction,0.4465,0.6181,99,1,8,いいえ,ハンドさんは泳がない / カルボ姉（ねえ） / 愛のぴよ子 / ????? / 御嶽さん
1,351,em-663696ccf728,夏の一次幹,22,3408,2215,2,attack_buff,0.4465,0.6042,100,0,8,いいえ,夏の一次幹 / 北間・クラリス嬢 / すわ子isGOD！ / ????? / 八狗神伏姫様
1,352,em-84d3175a9388,コン勝神☆くー様,48,3809,7024,4,attack_buff,0.4462,0.5694,100,0,7,いいえ,コン勝神☆くー様 / カルボ姉（ねえ） / 愛のぴよ子 / ????? / 速いぞサラマンダー！
1,353,em-898fce321115,にゅー師匠,22,1610,4186,1,guard,0.4461,0.5833,94,6,8,いいえ,にゅー師匠 / カルボ姉（ねえ） / 愛のぴよ子 / ????? / 御嶽さん
1,354,em-a74603ad2679,白虎,36,5112,3408,4,attack_buff,0.4461,0.5764,98,2,7,いいえ,白虎 / 北間・クラリス嬢 / ????? / 御嶽さん / ハリウッドナナコ師匠
1,355,em-299bbc95ef27,タコンナ,60,4260,5964,5,heal,0.446,0.5764,99,1,7,いいえ,タコンナ / カルボ姉（ねえ） / 試作型おこしん / おこしんMK-2 / ハリウッドナナコ師匠
1,356,em-9413da55b7e0,ヤマピカリャーコ,47,4515,5095,2,multi_hit_attack,0.4459,0.5556,99,1,7,いいえ,ヤマピカリャーコ / カルボ姉（ねえ） / 愛のぴよ子 / ????? / 速いぞサラマンダー！
1,357,em-cea68c425163,跛荒の鉄男大先生,51,4686,6625,3,multi_hit_attack,0.4459,0.5486,100,0,8,いいえ,跛荒の鉄男大先生 / 北間・クラリス嬢 / ????? / ɚすぃとあろま？ / 伝説のWoo怪
1,358,em-9298dde558c4,超豹！ペパりんさん,30,2119,2545,2,delay,0.4456,0.5972,90,10,7,いいえ,超豹！ペパりんさん / えかちぇたん / 試作型おこしん / トキシッくんｵｯｽｵｯｽ / 美才能♪かの子さん
1,359,em-42b503c8643c,姉上と青コリくん,48,3322,3322,0,damage_reduction,0.4456,0.5556,98,2,8,いいえ,姉上と青コリくん / カルボ姉（ねえ） / すわ子isGOD！ / トキシッくんｵｯｽｵｯｽ / ハリウッドナナコ師匠
1,360,em-59dbe02c39e1,吸血くん,18,1757,3067,1,attribute_guard,0.4455,0.6042,97,3,8,いいえ,吸血くん / えかちぇたん / 愛のぴよ子 / ????? / 御嶽さん
1,361,em-80894fcaa10c,とんこつ神！博多美子,40,4089,5350,3,attack_buff,0.4455,0.5625,94,6,7,いいえ,とんこつ神！博多美子 / 北間・クララさん / トマティーナ少佐 / みどりのたけしマン / ハリウッドナナコ師匠
1,362,em-6b69fff3a46d,怒るよ!!勝斧さん,47,6164,3748,1,attack_buff,0.4453,0.5278,90,10,7,いいえ,怒るよ!!勝斧さん / トリニダの怪人 / 試作型おこしん / トキシッくんｵｯｽｵｯｽ / 端午ぴよ子
1,363,em-93a9275d427c,肉食ドゥブロさん,32,5106,3404,3,attack_buff,0.4451,0.5764,94,6,7,いいえ,肉食ドゥブロさん / 北間・クラリス嬢 / ????? / 御嶽さん / ハリウッドナナコ師匠
1,364,em-e6110f879f18,ユーコ隊,24,3408,2044,4,revive,0.445,0.625,100,0,8,いいえ,ユーコ隊 / カルボ姉（ねえ） / トマティーナ少佐 / 愛のぴよ子 / 八狗神伏姫様
1,365,em-0f3dc5f343f5,?????,40,2954,3316,8,delay,0.4449,0.5556,97,3,7,いいえ,????? / カルボ姉（ねえ） / 愛のぴよ子 / ????? / 聖えぇじゃないか
1,366,em-269e75871422,瑠璃☆瑠璃,27,2726,2181,1,damage_reduction,0.4448,0.5972,99,1,8,いいえ,瑠璃☆瑠璃 / カルボ姉（ねえ） / 愛のぴよ子 / ????? / 御嶽さん
1,367,em-cf1f3fbef79d,紅玉の供犠ぴよ子,6,1609,1609,0,none,0.4447,0.625,94,6,7,いいえ,紅玉の供犠ぴよ子 / カルボ姉（ねえ） / サルパちゃん / 愛のぴよ子 / 八狗神伏姫様
1,368,em-5088462f1ee9,日本一の桃たろす,45,4260,5964,2,attribute_change,0.4447,0.5347,90,10,7,いいえ,日本一の桃たろす / カルボ姉（ねえ） / 試作型おこしん / 愛のぴよ子 / 伝説のWoo怪
1,369,em-7930454375ec,パラワン探検隊,18,3219,3333,4,aoe_attack,0.4444,0.5972,95,5,7,いいえ,パラワン探検隊 / カルボ姉（ねえ） / ????? / ブハラ師匠 / ハリウッドナナコ師匠
1,370,em-d5ea84224259,ﾌﾗﾝﾀﾞｰｽのわんわんお,38,5538,3190,3,guard,0.4444,0.5694,95,5,8,いいえ,ﾌﾗﾝﾀﾞｰｽのわんわんお / えかちぇたん / すわ子isGOD！ / トキシッくんｵｯｽｵｯｽ / ハリウッドナナコ師匠
1,371,em-378e340695dc,スクナクナクナクス,50,6816,3408,2,aoe_attack,0.4444,0.5486,100,0,7,いいえ,スクナクナクナクス / 北間・クラリス嬢 / 試作型おこしん / ????? / 聖えぇじゃないか
1,372,em-d86fc6931627,ふくしメイト・じゅん,19,1812,1661,3,skill_reduction,0.444,0.625,97,3,7,いいえ,ふくしメイト・じゅん / カルボ姉（ねえ） / すわ子isGOD！ / 愛のぴよ子 / 八狗神伏姫様
1,373,em-c816189f2294,ブッダがやって来る！,17,1510,1510,2,delay,0.444,0.6181,93,7,7,いいえ,ブッダがやって来る！ / カルボ姉（ねえ） / サルパちゃん / ????? / 巨大カンテツ
1,374,em-28604c08091f,純白のアンナ大先輩,51,6305,3748,5,aoe_attack,0.444,0.5833,100,0,8,いいえ,純白のアンナ大先輩 / 北間・クラリス嬢 / ????? / ɚすぃとあろま？ / 伝説のWoo怪
1,375,em-31f11b9a8df8,ももとふFREEダム,40,3408,4260,3,heal,0.4439,0.5903,97,3,8,いいえ,ももとふFREEダム / カルボ姉（ねえ） / 愛のぴよ子 / ????? / 聖えぇじゃないか
1,376,em-e11205ce4a3f,紅蓮のＰＬぴよ子,60,3656,3656,1,attribute_change,0.4438,0.5764,100,0,7,いいえ,紅蓮のＰＬぴよ子 / カルボ姉（ねえ） / 試作型おこしん / トキシッくんｵｯｽｵｯｽ / ハリウッドナナコ師匠
1,377,em-c736bc52077a,漱石先生と吾輩たち,15,1610,3461,5,skill_reduction,0.4436,0.5694,99,1,7,いいえ,漱石先生と吾輩たち / えかちぇたん / ????? / ブハラ師匠 / ハリウッドナナコ師匠
1,378,em-fc61ebfabf67,(Ｕ^ω^)亭馬琴,20,2576,644,0,guard,0.4432,0.6389,100,0,9,いいえ,(Ｕ^ω^)亭馬琴 / カルボ姉（ねえ） / すわ子isGOD！ / トキシッくんｵｯｽｵｯｽ / 八狗神伏姫様
1,379,em-7f18b9c64c74,家族贖罪という字面,40,5964,1704,3,damage_reduction,0.4432,0.5903,100,0,8,いいえ,家族贖罪という字面 / カルボ姉（ねえ） / サルパちゃん / トキシッくんｵｯｽｵｯｽ / ハリウッドナナコ師匠
1,380,em-2d179e9f0835,ﾇｯと出る☆ウイス君,36,5354,2486,2,attack_buff,0.4431,0.5694,98,2,7,いいえ,ﾇｯと出る☆ウイス君 / 北間・クラリス嬢 / ????? / 御嶽さん / ハリウッドナナコ師匠
1,381,em-4c03ad40dce9,源のゴライコー,75,7923,6390,4,attack_buff,0.4428,0.5208,99,1,7,いいえ,源のゴライコー / 総統エビユルゲ / 愛のぴよ子 / おこしんMK-2 / 大森さん
1,382,em-c33cc8cd4298,ほたるんるんるん,12,1100,1600,2,attribute_change,0.4425,0.6458,100,0,7,いいえ,ほたるんるんるん / カルボ姉（ねえ） / サルパちゃん / 愛のぴよ子 / 八狗神伏姫様
1,383,em-ec978322ece8,タイプ：テン,20,3864,966,4,guard,0.4424,0.6319,100,0,8,いいえ,タイプ：テン / カルボ姉（ねえ） / すわ子isGOD！ / トキシッくんｵｯｽｵｯｽ / 八狗神伏姫様
1,384,em-4c2a43ecd770,ナンマトル君,14,2115,2115,2,skill_reduction,0.4424,0.5903,82,18,7,いいえ,ナンマトル君 / カルボ姉（ねえ） / すわ子isGOD！ / ɚすぃとあろま？ / シミ
1,385,em-1ab18da48960,白い悪魔の小町さん,24,3461,3300,5,aoe_attack,0.4423,0.6042,100,0,8,いいえ,白い悪魔の小町さん / 北間・クラリス嬢 / トマティーナ少佐 / ????? / 八狗神伏姫様
1,386,em-13df10c62ab6,MUNAKATA,42,5453,4089,6,aoe_attack,0.4422,0.5694,100,0,7,いいえ,MUNAKATA / ペーチパイセン / トキシッくんｵｯｽｵｯｽ / みどりのたけしマン / 聖えぇじゃないか
1,387,em-7f6d8a20493b,寝起きのクラリス,60,7668,1704,0,heal,0.4421,0.5347,100,0,7,いいえ,寝起きのクラリス / ペーチパイセン / 愛のぴよ子 / ɚすぃとあろま？ / 伝説のWoo怪
1,388,em-3600ec808f3f,日本海女中,15,1288,2898,0,attack_buff,0.442,0.5833,99,1,7,いいえ,日本海女中 / えかちぇたん / ????? / ブハラ師匠 / ハリウッドナナコ師匠
1,389,em-c8baf5b3e504,斑鳩の太子くん,36,4260,2896,4,heal,0.4418,0.6042,98,2,8,いいえ,斑鳩の太子くん / カルボ姉（ねえ） / トマティーナ少佐 / みどりのたけしマン / ハリウッドナナコ師匠
1,390,em-dade81e05fdb,紫式部@物語執筆中,25,1771,3220,0,damage_reduction,0.4418,0.5764,97,3,8,いいえ,紫式部@物語執筆中 / カルボ姉（ねえ） / 愛のぴよ子 / ????? / 御嶽さん
1,391,em-ba817035b6a5,ハクさんの本気,38,4601,4089,5,attack_buff,0.4416,0.5764,100,0,7,いいえ,ハクさんの本気 / 北間・クラリス嬢 / ????? / 御嶽さん / ハリウッドナナコ師匠
1,392,em-b820799215bb,ベレンだガマ,15,1,2145,0,damage_reduction,0.4415,0.6181,94,6,8,いいえ,ベレンだガマ / えかちぇたん / 愛のぴよ子 / ????? / 御嶽さん
1,393,em-0c67088a1447,わさわさ大根,11,2623,1184,6,delay,0.4415,0.6111,99,1,7,いいえ,わさわさ大根 / カルボ姉（ねえ） / サルパちゃん / 愛のぴよ子 / 八狗神伏姫様
1,394,em-0dca19ae5992,降臨！天草トッキー,43,4260,5964,4,attack_buff,0.4414,0.5556,93,7,7,いいえ,降臨！天草トッキー / 北間・クララさん / ????? / ɚすぃとあろま？ / 端午ぴよ子
1,395,em-afce812f791d,めい子のMAY DAY,35,4123,4226,4,attribute_guard,0.4408,0.5694,98,2,7,いいえ,めい子のMAY DAY / ペーチパイセン / 愛のぴよ子 / ????? / 御嶽さん
1,396,em-4ae7fba92e2c,アデヤッコちゃん,27,2351,2556,0,attribute_change,0.4408,0.5694,99,1,7,いいえ,アデヤッコちゃん / カルボ姉（ねえ） / 愛のぴよ子 / ????? / 御嶽さん
1,397,em-5a8b6c2acb19,ユスリカ,45,5282,1414,0,aoe_attack,0.4408,0.5556,99,1,7,いいえ,ユスリカ / 北間・クラリス嬢 / トマティーナ少佐 / みどりのたけしマン / ハリウッドナナコ師匠
1,398,em-f35caa7e177a,モンポスさん,40,5112,2556,4,damage_reduction,0.4404,0.5903,100,0,8,いいえ,モンポスさん / カルボ姉（ねえ） / サルパちゃん / トキシッくんｵｯｽｵｯｽ / ハリウッドナナコ師匠
1,399,em-e84c5851ba6b,地下大河のルーシー,73,7668,2641,1,attack_buff,0.4404,0.5278,100,0,8,いいえ,地下大河のルーシー / ペーチパイセン / 愛のぴよ子 / おこしんMK-2 / 大森さん
1,400,em-5c824e4dff20,ほたるんるん,9,1000,1500,3,attribute_change,0.4403,0.6458,100,0,7,いいえ,ほたるんるん / カルボ姉（ねえ） / 超患部ぴよフェッサー / みどりのたけしマン / 八狗神伏姫様
1,401,em-3ff69ed35fe7,wiーん・ザ・ウルフ,19,2898,2898,4,attribute_change,0.4403,0.6181,97,3,7,いいえ,wiーん・ザ・ウルフ / カルボ姉（ねえ） / すわ子isGOD！ / 愛のぴよ子 / 八狗神伏姫様
1,402,em-4533a7697d48,謀反人ミッツ,60,6645,4430,3,damage_reduction,0.4403,0.5417,99,1,6,いいえ,謀反人ミッツ / 北間・クラリス嬢 / トマティーナ少佐 / ブラジリアン首都術 / ウシュか☆丸か
1,403,em-124d2df2b85e,ディオクレ君,23,2416,1449,4,skill_reduction,0.4402,0.6111,98,2,7,いいえ,ディオクレ君 / 北間・クラリス嬢 / すわ子isGOD！ / ????? / 御嶽さん
1,404,em-b791d78202d5,英国面の本気,38,6816,1363,5,multi_hit_attack,0.4402,0.5972,100,0,7,いいえ,英国面の本気 / 北間・クラリス嬢 / ????? / 御嶽さん / ハリウッドナナコ師匠
1,405,em-2ddce7bebb05,ツノザヤ君は握手ﾁｭｳ,27,37,3023,0,damage_reduction,0.44,0.5972,99,1,8,いいえ,ツノザヤ君は握手ﾁｭｳ / カルボ姉（ねえ） / 愛のぴよ子 / ????? / 御嶽さん
1,406,em-a02f06328adf,ゼネコン大公,60,6134,2726,2,guard,0.4396,0.5556,99,1,7,いいえ,ゼネコン大公 / ペーチパイセン / トマティーナ少佐 / トキシッくんｵｯｽｵｯｽ / ハリウッドナナコ師匠
1,407,em-86055d05ee01,ラムネ少女じゅんちゃん,14,2113,2113,2,heal,0.4395,0.6111,99,1,8,いいえ,ラムネ少女じゅんちゃん / えかちぇたん / すわ子isGOD！ / 愛のぴよ子 / 八狗神伏姫様
1,408,em-b127f99ae530,キラー・ｻﾞ・ｷﾗｰ,55,5964,3408,2,damage_reduction,0.4395,0.5486,100,0,7,いいえ,キラー・ｻﾞ・ｷﾗｰ / 北間・クラリス嬢 / トマティーナ少佐 / 愛のぴよ子 / 伝説のWoo怪
1,409,em-c2219f10d4e0,青コリくん,16,1533,2556,0,damage_reduction,0.4394,0.5764,95,5,8,いいえ,青コリくん / えかちぇたん / 愛のぴよ子 / ????? / 御嶽さん
1,410,em-ed68f4e03a58,欣喜ぴよ子,10,1785,1812,2,guard,0.4393,0.6181,100,0,8,いいえ,欣喜ぴよ子 / カルボ姉（ねえ） / ????? / ブハラ師匠 / 美才能♪かの子さん
1,411,em-e8331e3aec6c,辰の子ぴよ子,70,6898,4089,10,multi_hit_attack,0.4393,0.5625,100,0,6,いいえ,辰の子ぴよ子 / 試作型おこしん / トキシッくんｵｯｽｵｯｽ / ブラジリアン首都術 / ウシュか☆丸か
1,412,em-a03649b8e724,巨大カンテツ,15,3220,3220,5,heal,0.4392,0.6042,100,0,8,いいえ,巨大カンテツ / 北間・クラリス嬢 / サルパちゃん / ????? / 御嶽さん
1,413,em-c5e484c5d286,マウント取瑠代,31,6076,1850,3,revive,0.4392,0.5903,96,4,8,いいえ,マウント取瑠代 / カルボ姉（ねえ） / 試作型おこしん / 愛のぴよ子 / 御嶽さん
1,414,em-8a030b3f4f33,無給の皇帝,44,4601,2790,2,damage_reduction,0.4391,0.5833,99,1,8,いいえ,無給の皇帝 / えかちぇたん / トマティーナ少佐 / トキシッくんｵｯｽｵｯｽ / ハリウッドナナコ師匠
1,415,em-9960799ef9aa,ににぎのミコト,35,4941,3748,5,attack_buff,0.4388,0.5833,100,0,8,いいえ,ににぎのミコト / 北間・クラリス嬢 / 試作型おこしん / ????? / 御嶽さん
1,416,em-f1ed908b1438,竹輪大明神,10,493,1762,2,attack_buff,0.4386,0.6528,100,0,7,いいえ,竹輪大明神 / えかちぇたん / 超患部ぴよフェッサー / ????? / 八狗神伏姫様
1,417,em-5a3998126178,TAGOのBOOTH,17,2896,2385,6,multi_hit_attack,0.4386,0.6181,94,6,7,いいえ,TAGOのBOOTH / カルボ姉（ねえ） / ????? / ブハラ師匠 / ハリウッドナナコ師匠
1,418,em-83113af84b95,降臨☆三原色ばうあー,45,3578,5868,5,aoe_attack,0.4384,0.5694,98,2,7,いいえ,降臨☆三原色ばうあー / カルボ姉（ねえ） / アウス大先輩 / トキシッくんｵｯｽｵｯｽ / 実はこんにゃくちゃん
1,419,em-96ed71805a40,白鷺日女路嬢,21,4830,1255,3,heal,0.4383,0.6042,99,1,8,いいえ,白鷺日女路嬢 / カルボ姉（ねえ） / すわ子isGOD！ / 愛のぴよ子 / 八狗神伏姫様
1,420,em-f2d052955a43,大正義・フクちゃん,7,1128,1269,2,attribute_change,0.4381,0.6458,95,5,7,いいえ,大正義・フクちゃん / カルボ姉（ねえ） / サルパちゃん / 愛のぴよ子 / 八狗神伏姫様
1,421,em-52f594fdc52e,後楽園☆池田,43,5623,2896,1,attack_buff,0.4379,0.5417,97,3,7,いいえ,後楽園☆池田 / 北間・クラリス嬢 / トマティーナ少佐 / みどりのたけしマン / ハリウッドナナコ師匠
1,422,em-d239e5e972de,ズンビーフック,17,2012,3220,4,multi_hit_attack,0.4375,0.6111,94,6,7,いいえ,ズンビーフック / カルボ姉（ねえ） / ????? / ブハラ師匠 / ハリウッドナナコ師匠
1,423,em-962f1faafed7,三貴子アマテラス,75,10309,5112,5,revive,0.4371,0.5139,98,2,7,いいえ,三貴子アマテラス / ウナギーヌくん / 試作型おこしん / 愛のぴよ子 / ハリウッドナナコ師匠
1,424,em-489782f8e31c,愛のぴよ子,7,1631,1993,3,heal,0.4367,0.6319,95,5,7,いいえ,愛のぴよ子 / カルボ姉（ねえ） / ????? / 家族贖罪という字面 / まそお姉ちゃん
1,425,em-0af21062aa7c,ｻﾗﾏﾝﾀﾞｰ祝High気分,30,2898,2817,6,skill_reduction,0.4367,0.5556,90,10,7,いいえ,ｻﾗﾏﾝﾀﾞｰ祝High気分 / えかちぇたん / 試作型おこしん / トキシッくんｵｯｽｵｯｽ / 美才能♪かの子さん
1,426,em-ef6acbb9fe3a,ﾌｫﾆｰ・ぴよ・ｶﾞｰﾙｽﾞY,25,3703,1771,4,attribute_change,0.4366,0.6111,97,3,7,いいえ,ﾌｫﾆｰ・ぴよ・ｶﾞｰﾙｽﾞY / カルボ姉（ねえ） / 愛のぴよ子 / ????? / 御嶽さん
1,427,em-a68c8ce48bea,こんにゃく姫,37,5964,2726,7,attack_buff,0.4364,0.5903,99,1,7,いいえ,こんにゃく姫 / 北間・クラリス嬢 / ????? / 御嶽さん / ハリウッドナナコ師匠
1,428,em-076deec8d0c8,羊蟹☆こ祝いくん,24,2093,2737,3,delay,0.4364,0.5833,100,0,7,いいえ,羊蟹☆こ祝いくん / カルボ姉（ねえ） / トマティーナ少佐 / 愛のぴよ子 / 八狗神伏姫様
1,429,em-8b710fe84fda,モチノ・ウオ丸,32,3902,3254,1,attack_buff,0.4363,0.5486,94,6,7,いいえ,モチノ・ウオ丸 / 北間・クラリス嬢 / ????? / 御嶽さん / ハリウッドナナコ師匠
1,430,em-c6a0a8b51afe,ライオットうお太,41,3152,4175,4,damage_reduction,0.4362,0.5833,98,2,7,いいえ,ライオットうお太 / カルボ姉（ねえ） / 愛のぴよ子 / ????? / 聖えぇじゃないか
1,431,em-7e5ff582788f,INする★パンドラ,28,3059,1932,6,attribute_guard,0.4361,0.6111,100,0,7,いいえ,INする★パンドラ / カルボ姉（ねえ） / 愛のぴよ子 / ????? / 御嶽さん
1,432,em-258850fee1ca,時計塔の魔女娘,30,5523,1614,2,skill_reduction,0.436,0.5347,90,10,7,いいえ,時計塔の魔女娘 / えかちぇたん / 試作型おこしん / トキシッくんｵｯｽｵｯｽ / 美才能♪かの子さん
1,433,em-599b57f2e5c4,Halloweenの蘭子さん,37,2044,5964,5,revive,0.4359,0.5833,99,1,8,いいえ,Halloweenの蘭子さん / カルボ姉（ねえ） / トマティーナ少佐 / みどりのたけしマン / ハリウッドナナコ師匠
1,434,em-d67f8f409078,芋神よしあき,31,4130,2753,2,multi_hit_attack,0.4359,0.5694,93,7,7,いいえ,芋神よしあき / 北間・クラリス嬢 / ????? / 御嶽さん / ハリウッドナナコ師匠
1,435,em-cc1dd429dace,?????,58,4171,4737,1,damage_reduction,0.4358,0.5347,99,1,7,いいえ,????? / ペーチパイセン / すわ子isGOD！ / トキシッくんｵｯｽｵｯｽ / ハリウッドナナコ師匠
1,436,em-9ca244c83a38,ʤouカー＆ʧouカー,16,1510,2124,4,delay,0.4356,0.5833,95,5,7,いいえ,ʤouカー＆ʧouカー / えかちぇたん / 愛のぴよ子 / ????? / 御嶽さん
1,437,em-4dc27428f645,よりりんＫ林スタイル,24,2576,2576,2,attribute_change,0.4354,0.6042,100,0,7,いいえ,よりりんＫ林スタイル / カルボ姉（ねえ） / トマティーナ少佐 / 愛のぴよ子 / 八狗神伏姫様
1,438,em-e49404c0e4be,?????,43,5350,2712,3,attack_buff,0.4352,0.5833,96,4,7,いいえ,????? / カルボ姉（ねえ） / アウス大先輩 / トキシッくんｵｯｽｵｯｽ / 実はこんにゃくちゃん
1,439,em-fa3191833d67,エヴァン,28,3381,2776,2,damage_reduction,0.435,0.5833,100,0,7,いいえ,エヴァン / カルボ姉（ねえ） / 愛のぴよ子 / ????? / 御嶽さん
1,440,em-d07cd0c8b0b0,二条城☆浴衣モード,19,2656,2495,1,attribute_guard,0.435,0.5764,98,2,8,いいえ,二条城☆浴衣モード / えかちぇたん / 愛のぴよ子 / ????? / 御嶽さん
1,441,manual-nijo-yukata-mode,二条嬢☆浴衣モード,19,2656,2495,1,attribute_guard,0.435,0.5764,98,2,8,いいえ,二条嬢☆浴衣モード / えかちぇたん / 愛のぴよ子 / ????? / 御嶽さん
1,442,em-64fa899f397f,ダル飯☆杏,44,5896,3340,4,guard,0.435,0.5556,100,0,8,いいえ,ダル飯☆杏 / 夏至祭のヴァサクサ君 / トマティーナ少佐 / トキシッくんｵｯｽｵｯｽ / 端午ぴよ子
1,443,em-8038935d7100,竜宮の翁,38,4771,3748,2,attack_buff,0.4349,0.5625,98,2,7,いいえ,竜宮の翁 / カルボ姉（ねえ） / 愛のぴよ子 / みどりのたけしマン / 速いぞサラマンダー！
1,444,em-20d0672eefa5,実際かにろう,8,1269,987,4,delay,0.4348,0.6458,100,0,7,いいえ,実際かにろう / カルボ姉（ねえ） / トマティーナ少佐 / みどりのたけしマン / 八狗神伏姫様
1,445,em-2c5d06641a28,ジャックレムリン,55,7497,3748,7,aoe_attack,0.4348,0.5556,100,0,6,いいえ,ジャックレムリン / 北間・クラリス嬢 / すわ子isGOD！ / ɚすぃとあろま？ / ハリウッドナナコ師匠
1,446,em-6b4ea2116a46,降臨先祖★ににぎくん,20,2334,2817,5,attack_buff,0.4345,0.6111,97,3,8,いいえ,降臨先祖★ににぎくん / カルボ姉（ねえ） / ????? / ブハラ師匠 / ハリウッドナナコ師匠
1,447,em-86926ff7d06c,満喫♪新年にくぁう,24,2085,3449,1,damage_reduction,0.4344,0.5833,96,4,8,いいえ,満喫♪新年にくぁう / カルボ姉（ねえ） / 愛のぴよ子 / ????? / 御嶽さん
1,448,em-8bc827a54303,勝斧・カンムーリ,15,2896,1704,1,attack_buff,0.4343,0.5903,99,1,7,いいえ,勝斧・カンムーリ / えかちぇたん / ????? / ブハラ師匠 / ハリウッドナナコ師匠
1,449,em-682cda3863fb,脱力コンビあろま＆るる,48,3067,5623,2,skill_reduction,0.4343,0.5069,94,6,7,いいえ,脱力コンビあろま＆るる / 試作型おこしん / トマティーナ少佐 / トキシッくんｵｯｽｵｯｽ / 端午ぴよ子
1,450,em-5284c689c7b6,ジャウー大先生,15,805,3220,4,skill_reduction,0.4341,0.5764,100,0,7,いいえ,ジャウー大先生 / えかちぇたん / すわ子isGOD！ / 愛のぴよ子 / 八狗神伏姫様
1,451,em-96a3648b46e2,チョコ染めの安井さん,32,3646,4089,3,guard,0.4339,0.5625,94,6,7,いいえ,チョコ染めの安井さん / カルボ姉（ねえ） / アウス大先輩 / トキシッくんｵｯｽｵｯｽ / 美才能♪かの子さん
1,452,em-f9383e2e4919,ユハンヌスのサウナー,42,5231,3067,3,damage_reduction,0.4339,0.5625,100,0,7,いいえ,ユハンヌスのサウナー / カルボ姉（ねえ） / サルパちゃん / 愛のぴよ子 / ハリウッドナナコ師匠
1,453,em-1d6b42059506,レーティッシュ凛子,35,5623,3229,3,attack_buff,0.4339,0.5556,100,0,8,いいえ,レーティッシュ凛子 / 北間・クラリス嬢 / 試作型おこしん / ????? / 御嶽さん
1,454,em-41c5d9f739e4,健やか泰三,44,3052,5964,5,revive,0.4335,0.5694,100,0,8,いいえ,健やか泰三 / カルボ姉（ねえ） / すわ子isGOD！ / ????? / ハリウッドナナコ師匠
1,455,em-149e96a7721b,大黒まはーかーらん,20,2576,2737,10,attack_buff,0.4334,0.625,98,2,8,いいえ,大黒まはーかーらん / 北間・クラリス嬢 / すわ子isGOD！ / ????? / 八狗神伏姫様
1,456,em-2c6fd048179d,ジョン・鮭児,23,1448,2726,0,attack_buff,0.4334,0.5833,100,0,8,いいえ,ジョン・鮭児 / カルボ姉（ねえ） / ????? / ブハラ師匠 / ハリウッドナナコ師匠
1,457,em-d77542ffe604,?????,42,6475,3067,2,attack_buff,0.4334,0.5417,97,3,7,いいえ,????? / 北間・クラリス嬢 / すわ子isGOD！ / ????? / 速いぞサラマンダー！
1,458,em-95a008b67c52,権現くまのたん,22,1030,4234,2,attack_buff,0.4332,0.5972,100,0,8,いいえ,権現くまのたん / 北間・クラリス嬢 / すわ子isGOD！ / ????? / 八狗神伏姫様
1,459,em-90d2686cfd0d,花火戦隊サイガーRe,45,4515,5367,3,multi_hit_attack,0.4331,0.5486,99,1,7,いいえ,花火戦隊サイガーRe / 北間・クラリス嬢 / トマティーナ少佐 / みどりのたけしマン / ハリウッドナナコ師匠
1,460,em-7c7befcdeb38,メル子大先生,16,1773,1934,2,attack_buff,0.433,0.6111,100,0,7,いいえ,メル子大先生 / えかちぇたん / ????? / ブハラ師匠 / ハリウッドナナコ師匠
1,461,em-d941ef4d2c66,紫禁嬢,34,4692,2801,2,damage_reduction,0.433,0.5556,97,3,7,いいえ,紫禁嬢 / ペーチパイセン / 愛のぴよ子 / ????? / 御嶽さん
1,462,em-7b3e9b66e40d,叶う！クルス様,12,1699,1699,1,attribute_change,0.4328,0.6111,100,0,7,いいえ,叶う！クルス様 / カルボ姉（ねえ） / サルパちゃん / 愛のぴよ子 / 八狗神伏姫様
1,463,em-a0601347b042,グラーツ君,36,2896,5282,3,attack_buff,0.4326,0.5625,99,1,7,いいえ,グラーツ君 / ペーチパイセン / 愛のぴよ子 / ????? / 御嶽さん
1,464,em-405f3e1dc3af,べるりん★最高潮,45,5367,3663,6,attribute_guard,0.4325,0.5764,100,0,8,いいえ,べるりん★最高潮 / えかちぇたん / トマティーナ少佐 / トキシッくんｵｯｽｵｯｽ / ハリウッドナナコ師匠
1,465,em-076ae15080b8,ゾウムシ,40,7293,2044,7,damage_reduction,0.4324,0.5833,100,0,8,いいえ,ゾウムシ / カルボ姉（ねえ） / サルパちゃん / トキシッくんｵｯｽｵｯｽ / ハリウッドナナコ師匠
1,466,em-ebd6f9bf2bee,中野華蓮(日本人),17,1516,3638,4,attack_buff,0.4323,0.6111,94,6,7,いいえ,中野華蓮(日本人) / カルボ姉（ねえ） / ????? / ブハラ師匠 / ハリウッドナナコ師匠
1,467,em-08c36f307e1c,3年ε組！エレナ先生,38,4430,4260,3,attack_buff,0.4322,0.5625,100,0,7,いいえ,3年ε組！エレナ先生 / 北間・クラリス嬢 / ????? / 御嶽さん / ハリウッドナナコ師匠
1,468,em-410cc22d32bc,アロハる☆水島神人,16,3246,1887,2,attribute_change,0.432,0.5972,92,8,7,いいえ,アロハる☆水島神人 / カルボ姉（ねえ） / サルパちゃん / ????? / 巨大カンテツ
1,469,em-8de6e4494a60,称えよ☆メジェド様！,25,2415,2415,2,guard,0.432,0.5972,97,3,8,いいえ,称えよ☆メジェド様！ / カルボ姉（ねえ） / 愛のぴよ子 / ????? / 御嶽さん
1,470,em-68e23b3f15d7,あっぴーの外出,15,1610,3500,3,attack_buff,0.4315,0.6042,99,1,7,いいえ,あっぴーの外出 / えかちぇたん / ????? / ブハラ師匠 / ハリウッドナナコ師匠
1,471,em-95694ab0605a,超★メジェド様,44,2300,3432,2,guard,0.4314,0.5833,99,1,8,いいえ,超★メジェド様 / えかちぇたん / トマティーナ少佐 / トキシッくんｵｯｽｵｯｽ / ハリウッドナナコ師匠
1,472,em-bc514db974f0,化石人骨ルーシー,23,3783,2173,3,revive,0.4313,0.6042,99,1,8,いいえ,化石人骨ルーシー / カルボ姉（ねえ） / トマティーナ少佐 / 愛のぴよ子 / 八狗神伏姫様
1,473,em-2a96e91a2f35,雪男フェス祭カーニバル,38,5793,1874,5,revive,0.4313,0.5833,100,0,8,いいえ,雪男フェス祭カーニバル / カルボ姉（ねえ） / トマティーナ少佐 / みどりのたけしマン / ハリウッドナナコ師匠
1,474,em-9a1b8b33af97,バレチョコすわ子,46,3646,1874,0,multi_hit_attack,0.4313,0.5556,100,0,7,いいえ,バレチョコすわ子 / 北間・クラリス嬢 / トマティーナ少佐 / みどりのたけしマン / ハリウッドナナコ師匠
1,475,em-6fd11d4d3308,超天狗くまのたん,35,1704,7497,3,attack_buff,0.4311,0.5556,100,0,8,いいえ,超天狗くまのたん / カルボ姉（ねえ） / アウス大先輩 / ????? / 巨大カンテツ
1,476,em-e931902358ae,弘法大師Ｑ改,15,1359,1963,3,skill_reduction,0.431,0.5903,100,0,7,いいえ,弘法大師Ｑ改 / えかちぇたん / すわ子isGOD！ / 愛のぴよ子 / 八狗神伏姫様
1,477,em-0e45f68a7bc6,ツノザヤ君は腕ﾌﾘﾁｭｳ,27,34,2688,0,damage_reduction,0.4306,0.5903,99,1,8,いいえ,ツノザヤ君は腕ﾌﾘﾁｭｳ / カルボ姉（ねえ） / 愛のぴよ子 / ????? / 御嶽さん
1,478,em-86e0d0475819,使い魔のミナヅキ,22,2385,3067,2,attack_buff,0.4305,0.5972,100,0,8,いいえ,使い魔のミナヅキ / 北間・クラリス嬢 / すわ子isGOD！ / ????? / 八狗神伏姫様
1,479,em-faea6a503d7f,討ち入り☆花子,58,5350,4907,3,aoe_attack,0.4304,0.5417,98,2,8,いいえ,討ち入り☆花子 / カルボ姉（ねえ） / 試作型おこしん / トキシッくんｵｯｽｵｯｽ / ハリウッドナナコ師匠
1,480,em-f3091896bc28,腹話フック,15,1610,3220,4,multi_hit_attack,0.4303,0.6111,99,1,7,いいえ,腹話フック / えかちぇたん / ????? / ブハラ師匠 / ハリウッドナナコ師匠
1,481,em-3c1078996c9c,めい子のNEW DAY,25,2760,2862,4,attribute_guard,0.4303,0.5903,97,3,8,いいえ,めい子のNEW DAY / カルボ姉（ねえ） / 愛のぴよ子 / ????? / 御嶽さん
1,482,em-9d7275c7d84e,ハンドさんの匍匐前進,27,1840,3220,3,damage_reduction,0.4302,0.6042,99,1,8,いいえ,ハンドさんの匍匐前進 / カルボ姉（ねえ） / 愛のぴよ子 / ????? / 御嶽さん
1,483,em-35e37020b193,æッシュちゃん,17,3542,2254,5,attribute_guard,0.43,0.5903,96,4,8,いいえ,æッシュちゃん / えかちぇたん / 愛のぴよ子 / ????? / 御嶽さん
1,484,em-b0799e52d0a8,カヌーイング・ケベック,28,3674,2641,1,attack_buff,0.4299,0.5556,90,10,8,いいえ,カヌーイング・ケベック / 北間・クラリス嬢 / ????? / 御嶽さん / ハリウッドナナコ師匠
1,485,em-f76821f7daba,スライディング・ケベック,18,2532,1993,1,attack_buff,0.4297,0.5833,95,5,7,いいえ,スライディング・ケベック / カルボ姉（ねえ） / ????? / ブハラ師匠 / ハリウッドナナコ師匠
1,486,em-3fef7ee3dc51,トゥバタハのシレーナ,60,3919,4601,3,aoe_attack,0.4297,0.5556,100,0,7,いいえ,トゥバタハのシレーナ / カルボ姉（ねえ） / 試作型おこしん / トキシッくんｵｯｽｵｯｽ / ハリウッドナナコ師匠
1,487,em-d5d58dc5e468,子供神・わらしちゃん,7,565,1131,4,delay,0.4296,0.6319,87,13,7,いいえ,子供神・わらしちゃん / カルボ姉（ねえ） / ????? / 御嶽さん / 巨大カンテツ
1,488,em-942c8f8de44d,エンゼルちゃん,22,1772,2590,3,heal,0.4296,0.6111,100,0,8,いいえ,エンゼルちゃん / カルボ姉（ねえ） / すわ子isGOD！ / 愛のぴよ子 / 八狗神伏姫様
1,489,em-825d090d7d15,比保々田 真純,31,4601,3714,2,multi_hit_attack,0.4295,0.5417,93,7,7,いいえ,比保々田 真純 / 北間・クラリス嬢 / ????? / 御嶽さん / ハリウッドナナコ師匠
1,490,em-67086191a83f,マダラなシオマネキ君,27,5490,1059,2,attribute_guard,0.4292,0.5903,100,0,8,いいえ,マダラなシオマネキ君 / 北間・クラリス嬢 / トマティーナ少佐 / ????? / 御嶽さん
1,491,em-eeba5b4dcba6,カニパンだっ！,23,2737,2415,2,guard,0.4291,0.5972,98,2,8,いいえ,カニパンだっ！ / 北間・クラリス嬢 / すわ子isGOD！ / ????? / 御嶽さん
1,492,em-8803e5b07894,風林火山のぶくろ公,22,2254,2576,5,aoe_attack,0.4288,0.6181,100,0,8,いいえ,風林火山のぶくろ公 / 北間・クラリス嬢 / すわ子isGOD！ / ????? / 八狗神伏姫様
1,493,em-82e855b7910f,栗林掬太郎,33,5453,2385,4,heal,0.4285,0.5694,95,5,8,いいえ,栗林掬太郎 / カルボ姉（ねえ） / トマティーナ少佐 / みどりのたけしマン / ハリウッドナナコ師匠
1,494,em-3dc0af65e330,ランたんちゃん,43,3425,5295,2,attribute_change,0.4285,0.5486,100,0,7,いいえ,ランたんちゃん / カルボ姉（ねえ） / 愛のぴよ子 / ????? / 聖えぇじゃないか
1,495,em-42e9353377ee,吉野スライム♂,40,5078,2078,3,skill_reduction,0.4284,0.5208,97,3,7,いいえ,吉野スライム♂ / カルボ姉（ねえ） / 愛のぴよ子 / ????? / 聖えぇじゃないか
1,496,em-6cbfcc23cd10,発光大王ほたるーニャ,9,1057,1198,3,attribute_change,0.4283,0.6389,100,0,7,いいえ,発光大王ほたるーニャ / カルボ姉（ねえ） / 超患部ぴよフェッサー / みどりのたけしマン / 八狗神伏姫様
1,497,em-572c57cf5e18,湘南大水曜日ボーイ,28,2044,5623,4,attack_buff,0.4283,0.5625,100,0,8,いいえ,湘南大水曜日ボーイ / 夏至祭のヴァサクサ君 / 愛のぴよ子 / ????? / 御嶽さん
1,498,em-5a81e8231a65,宗像スリーピース,39,4601,4089,5,aoe_attack,0.4283,0.5556,100,0,7,いいえ,宗像スリーピース / 北間・クラリス嬢 / トマティーナ少佐 / みどりのたけしマン / 速いぞサラマンダー！
1,499,em-039b9996f6f0,おろろセット先輩,45,1363,5623,5,delay,0.4283,0.5278,90,10,7,いいえ,おろろセット先輩 / カルボ姉（ねえ） / 試作型おこしん / 愛のぴよ子 / 伝説のWoo怪
1,500,em-f5c067498bab,深窓のやまなしーヌ,17,1661,1812,3,skill_reduction,0.4282,0.5764,96,4,7,いいえ,深窓のやまなしーヌ / えかちぇたん / 愛のぴよ子 / ????? / 御嶽さん
1,501,em-2f3883a74098,jaック・ザ・ナイト,10,1408,1267,4,multi_hit_attack,0.4281,0.6458,100,0,7,いいえ,jaック・ザ・ナイト / えかちぇたん / 超患部ぴよフェッサー / ????? / 八狗神伏姫様
1,502,em-d1302899cad6,ナポレオーヌ一世,32,3512,2930,1,attack_buff,0.4281,0.5486,94,6,7,いいえ,ナポレオーヌ一世 / 北間・クラリス嬢 / ????? / 御嶽さん / ハリウッドナナコ師匠
1,503,em-9eb7fd81d237,ユウ・レーカさん,20,2044,2556,4,revive,0.428,0.6042,98,2,8,いいえ,ユウ・レーカさん / カルボ姉（ねえ） / すわ子isGOD！ / 愛のぴよ子 / 八狗神伏姫様
1,504,em-1c28be3f3366,モンさんミッシェル,32,3748,5623,8,multi_hit_attack,0.428,0.5556,94,6,7,いいえ,モンさんミッシェル / 北間・クラリス嬢 / ????? / 御嶽さん / ハリウッドナナコ師匠
1,505,em-9cbbb04818bd,シミ,20,1704,2215,4,heal,0.4279,0.6181,98,2,8,いいえ,シミ / カルボ姉（ねえ） / すわ子isGOD！ / 愛のぴよ子 / 八狗神伏姫様
1,506,em-70f1d39031ed,うにうにする虎,50,6816,681,0,attack_buff,0.4279,0.5694,92,8,7,いいえ,うにうにする虎 / カルボ姉（ねえ） / 愛のぴよ子 / ɚすぃとあろま？ / ハリウッドナナコ師匠
1,507,em-e8fc5c7a59a4,猫毘沙門天,36,4430,4089,4,aoe_attack,0.4277,0.5694,96,4,7,いいえ,猫毘沙門天 / カルボ姉（ねえ） / 愛のぴよ子 / みどりのたけしマン / 速いぞサラマンダー！
1,508,em-e2624c3cfdbc,美才能♪かの子さん,18,1288,4025,5,multi_hit_attack,0.4275,0.6042,95,5,7,いいえ,美才能♪かの子さん / カルボ姉（ねえ） / ????? / ブハラ師匠 / ハリウッドナナコ師匠
1,509,em-e6496091dd0f,シャーミーくん,20,2948,2556,1,attack_buff,0.4275,0.5764,98,2,8,いいえ,シャーミーくん / 北間・クラリス嬢 / すわ子isGOD！ / ????? / 八狗神伏姫様
1,510,em-3776e81d3ee0,ヒポポタリーナ,23,3237,2862,3,multi_hit_attack,0.4272,0.5764,100,0,8,いいえ,ヒポポタリーナ / カルボ姉（ねえ） / ????? / ブハラ師匠 / ハリウッドナナコ師匠
1,511,em-2905dc6523ff,都会の貴腐人,44,6475,2811,6,revive,0.4272,0.5694,100,0,8,いいえ,都会の貴腐人 / カルボ姉（ねえ） / すわ子isGOD！ / ????? / ハリウッドナナコ師匠
1,512,em-2110fa48fdc1,グリンすマン・ﾌｨｰﾊﾞｰ!,22,1661,1736,5,delay,0.4271,0.5903,100,0,7,いいえ,グリンすマン・ﾌｨｰﾊﾞｰ! / カルボ姉（ねえ） / すわ子isGOD！ / 愛のぴよ子 / 八狗神伏姫様
1,513,em-9b97e564ea43,ユールシスター☆ノエルん,43,5523,4112,3,multi_hit_attack,0.427,0.5347,98,2,7,いいえ,ユールシスター☆ノエルん / 北間・クラリス嬢 / すわ子isGOD！ / ????? / 速いぞサラマンダー！
1,514,em-814e01d05463,非伝説の潮真,60,7535,2423,1,attribute_guard,0.427,0.5139,99,1,7,いいえ,非伝説の潮真 / ペーチパイセン / トマティーナ少佐 / トキシッくんｵｯｽｵｯｽ / ハリウッドナナコ師匠
1,515,em-c09c9bb81a01,蓮十郎,7,1215,1187,2,skill_reduction,0.4268,0.625,87,13,7,いいえ,蓮十郎 / カルボ姉（ねえ） / ????? / 御嶽さん / 巨大カンテツ
1,516,em-81078d011501,年齢不詳！エンゼル様,22,2215,3237,3,heal,0.4265,0.5903,100,0,8,いいえ,年齢不詳！エンゼル様 / カルボ姉（ねえ） / すわ子isGOD！ / 愛のぴよ子 / 八狗神伏姫様
1,517,em-90c9b7a939a7,九十九里流,37,2982,5112,4,attack_buff,0.4264,0.5556,100,0,7,いいえ,九十九里流 / ペーチパイセン / 愛のぴよ子 / ????? / 御嶽さん
1,518,em-f119f767f457,アダム＆エバ,50,5112,4260,4,attack_buff,0.4262,0.5486,98,2,7,いいえ,アダム＆エバ / 試作型おこしん / すわ子isGOD！ / トキシッくんｵｯｽｵｯｽ / 端午ぴよ子
1,519,em-75c067942d62,大内先生,11,1699,1699,4,heal,0.4257,0.6111,88,12,8,いいえ,大内先生 / カルボ姉（ねえ） / ????? / 御嶽さん / 速いぞサラマンダー！
1,520,em-12386dff9bd5,サリエリ許さないマン,21,2827,2827,4,revive,0.4257,0.5833,96,4,8,いいえ,サリエリ許さないマン / 北間・クラリス嬢 / すわ子isGOD！ / ????? / 御嶽さん
1,521,em-e2feaf3c95b1,古の才次郎先生,13,1812,1963,1,attribute_change,0.4256,0.5903,97,3,7,いいえ,古の才次郎先生 / えかちぇたん / ????? / ブハラ師匠 / ハリウッドナナコ師匠
1,522,em-5c46e7a79c7f,ギャルド・スイス先輩,45,3408,5453,4,multi_hit_attack,0.4254,0.5625,97,3,7,いいえ,ギャルド・スイス先輩 / カルボ姉（ねえ） / 愛のぴよ子 / ????? / 速いぞサラマンダー！
1,523,em-8cd856412a10,にくぁうぅぅぅぅぅ！,17,1355,3638,4,attack_buff,0.4252,0.6042,94,6,7,いいえ,にくぁうぅぅぅぅぅ！ / カルボ姉（ねえ） / ????? / ブハラ師匠 / ハリウッドナナコ師匠
1,524,em-7e81ebc98ef9,稼働！K-MEN,57,6475,3067,1,guard,0.4252,0.5139,96,4,7,いいえ,稼働！K-MEN / 北間・クラリス嬢 / 試作型おこしん / おこしんMK-2 / 端午ぴよ子
1,525,em-9f9bdf00a915,ハンドフィッシュさん,27,1635,2862,3,damage_reduction,0.4242,0.6042,99,1,8,いいえ,ハンドフィッシュさん / カルボ姉（ねえ） / 愛のぴよ子 / ????? / 御嶽さん
1,526,em-18279a838450,白刃舞うは存亡の秋,70,6816,4260,4,attack_buff,0.4241,0.5278,99,1,6,いいえ,白刃舞うは存亡の秋 / ペーチパイセン / 試作型おこしん / 愛のぴよ子 / ハリウッドナナコ師匠
1,527,em-67aa8e3ee215,川越料理長,17,1175,3655,4,attack_buff,0.424,0.6042,94,6,7,いいえ,川越料理長 / カルボ姉（ねえ） / ????? / ブハラ師匠 / ハリウッドナナコ師匠
1,528,em-1ad78d7d3c2f,狐仮面,22,2215,1789,4,revive,0.4239,0.625,100,0,8,いいえ,狐仮面 / カルボ姉（ねえ） / すわ子isGOD！ / 愛のぴよ子 / 八狗神伏姫様
1,529,em-deea7d56d1a1,淡路な文楽軒師匠,12,1512,1551,6,skill_reduction,0.4239,0.5903,100,0,7,いいえ,淡路な文楽軒師匠 / カルボ姉（ねえ） / サルパちゃん / 愛のぴよ子 / 八狗神伏姫様
1,530,em-8e1d0fa65dc4,厩戸之太子大先生,24,2866,2447,1,heal,0.4238,0.5764,94,6,8,いいえ,厩戸之太子大先生 / カルボ姉（ねえ） / ????? / 御嶽さん / ハリウッドナナコ師匠
1,531,em-f4ac535052c1,ɑム・ɑクト・パップ,13,1341,2416,4,heal,0.4237,0.6111,100,0,8,いいえ,ɑム・ɑクト・パップ / えかちぇたん / 愛のぴよ子 / みどりのたけしマン / 御嶽さん
1,532,em-e6c445da9312,おしゃまなタコむすめ,39,1704,5112,5,heal,0.4237,0.5833,100,0,8,いいえ,おしゃまなタコむすめ / カルボ姉（ねえ） / トマティーナ少佐 / ????? / 速いぞサラマンダー！
1,533,em-a058dba31969,月見だよ！叡智州利偉,10,1100,2002,4,attack_buff,0.4236,0.625,100,0,7,いいえ,月見だよ！叡智州利偉 / えかちぇたん / 超患部ぴよフェッサー / ????? / 八狗神伏姫様
1,534,em-271fbedbbf39,レオ,22,2737,2093,4,damage_reduction,0.4236,0.6042,94,6,8,いいえ,レオ / カルボ姉（ねえ） / 愛のぴよ子 / ????? / 御嶽さん
1,535,em-6fe67318189a,劇場版ＪＡＸＡイル,18,1304,3526,4,multi_hit_attack,0.4233,0.6042,95,5,7,いいえ,劇場版ＪＡＸＡイル / カルボ姉（ねえ） / ????? / ブハラ師匠 / ハリウッドナナコ師匠
1,536,em-15b63ea7b4c3,タオるんさん先輩師匠,14,1510,2180,2,attribute_guard,0.4233,0.5903,93,7,8,いいえ,タオるんさん先輩師匠 / えかちぇたん / 愛のぴよ子 / ????? / 御嶽さん
1,537,em-45d954b40bc4,ジェラする？かめ姫,60,4941,3237,3,multi_hit_attack,0.4233,0.5486,100,0,7,いいえ,ジェラする？かめ姫 / カルボ姉（ねえ） / 試作型おこしん / トキシッくんｵｯｽｵｯｽ / ハリウッドナナコ師匠
1,538,em-96f9283052eb,ロロちゃんさん先輩,22,2254,2737,5,revive,0.4231,0.6042,97,3,8,いいえ,ロロちゃんさん先輩 / 北間・クラリス嬢 / すわ子isGOD！ / ????? / 御嶽さん
1,539,em-b90efc9e636b,婆娑羅でどーよ,18,1046,4105,4,attack_buff,0.4231,0.5972,95,5,7,いいえ,婆娑羅でどーよ / カルボ姉（ねえ） / ????? / ブハラ師匠 / ハリウッドナナコ師匠
1,540,em-91f26ad56eaa,神喫！さくらん兄妹,12,1510,1887,5,skill_reduction,0.423,0.5764,100,0,7,いいえ,神喫！さくらん兄妹 / カルボ姉（ねえ） / サルパちゃん / 愛のぴよ子 / 八狗神伏姫様
1,541,em-fc0a4778a432,リチャード・リターンズ,23,2576,3220,5,aoe_attack,0.4227,0.5833,99,1,8,いいえ,リチャード・リターンズ / 北間・クラリス嬢 / トマティーナ少佐 / ????? / 八狗神伏姫様
1,542,em-e362f95d25c3,巳ーちゃんさん,35,4303,3451,3,multi_hit_attack,0.4226,0.5625,100,0,8,いいえ,巳ーちゃんさん / カルボ姉（ねえ） / ????? / ɚすぃとあろま？ / シミ
1,543,em-49b522eac464,ジェヴォたんは狼？,43,3006,6022,4,multi_hit_attack,0.4225,0.5486,96,4,7,いいえ,ジェヴォたんは狼？ / カルボ姉（ねえ） / アウス大先輩 / トキシッくんｵｯｽｵｯｽ / 実はこんにゃくちゃん
1,544,em-6c5a2955b199,ほぼネ甲ネイ・テウケ,26,3059,2737,2,attack_buff,0.4224,0.5625,88,12,8,いいえ,ほぼネ甲ネイ・テウケ / 北間・クラリス嬢 / ????? / 御嶽さん / ハリウッドナナコ師匠
1,545,em-bdcce3725e8b,修験鬼ギュウちゃん,85,9372,5453,1,damage_reduction,0.4224,0.4375,100,0,4,いいえ,修験鬼ギュウちゃん / 解決猫キャット / ウナギーヌくん / 戸隠ちび丸 / 魚堅くん
1,546,em-99ad2fb4f1bc,いはとくん,8,580,640,3,delay,0.4223,0.6458,100,0,7,いいえ,いはとくん / カルボ姉（ねえ） / トマティーナ少佐 / みどりのたけしマン / 八狗神伏姫様
1,547,em-4d4bf14cc827,いはと先輩,15,1000,1400,3,delay,0.4223,0.6042,100,0,7,いいえ,いはと先輩 / えかちぇたん / すわ子isGOD！ / 愛のぴよ子 / 八狗神伏姫様
1,548,em-ae529aca2139,夜鳥の会会長,35,3408,4260,3,attribute_change,0.4222,0.5625,100,0,6,いいえ,夜鳥の会会長 / カルボ姉（ねえ） / 試作型おこしん / 愛のぴよ子 / 御嶽さん
1,549,em-80d193bc7d7f,あ、シュールさんだ。,43,3408,5112,6,revive,0.422,0.5625,99,1,8,いいえ,あ、シュールさんだ。 / カルボ姉（ねえ） / すわ子isGOD！ / ????? / ハリウッドナナコ師匠
1,550,em-ce7e2e4f30af,らん坊,8,580,626,4,skill_reduction,0.4217,0.6458,100,0,7,いいえ,らん坊 / カルボ姉（ねえ） / トマティーナ少佐 / みどりのたけしマン / 八狗神伏姫様
1,551,em-24b5b550f587,ジョロウグモ,10,937,2113,3,damage_reduction,0.4217,0.6181,100,0,8,いいえ,ジョロウグモ / カルボ姉（ねえ） / ????? / ブハラ師匠 / 美才能♪かの子さん
1,552,em-8522b1e6c291,百華百彩久連子,55,5282,5282,3,multi_hit_attack,0.4215,0.5208,100,0,6,いいえ,百華百彩久連子 / 北間・クラリス嬢 / すわ子isGOD！ / ɚすぃとあろま？ / ハリウッドナナコ師匠
1,553,em-57dce5f944a3,うらうらら,50,4260,6390,4,multi_hit_attack,0.4213,0.5278,98,2,7,いいえ,うらうらら / 北間・クラリス嬢 / すわ子isGOD！ / ????? / ハリウッドナナコ師匠
1,554,em-01ed0ad1bb88,ムガるぞ！フマゆん,78,8350,6805,3,aoe_attack,0.4213,0.4722,100,0,7,いいえ,ムガるぞ！フマゆん / ウナギーヌくん / 乗っとるダム制度君 / 旧市街地の魔物 / 大森さん
1,555,em-577ab88ffefc,河口精進子,8,800,1100,7,delay,0.4208,0.6181,100,0,7,いいえ,河口精進子 / カルボ姉（ねえ） / トマティーナ少佐 / みどりのたけしマン / 八狗神伏姫様
1,556,em-72f5e94185a5,MAIKOちゃん,34,3834,3834,6,attribute_guard,0.4208,0.5556,97,3,7,いいえ,MAIKOちゃん / ペーチパイセン / 愛のぴよ子 / ????? / 御嶽さん
1,557,em-902bd624dbdb,パンタナルの狼男,70,5898,4260,5,revive,0.4208,0.5347,99,1,7,いいえ,パンタナルの狼男 / ペーチパイセン / 試作型おこしん / 愛のぴよ子 / ハリウッドナナコ師匠
1,558,em-6870ddfd0fbb,大道芸！エʃ＆エʒ,12,1661,1661,3,skill_reduction,0.4202,0.5903,80,20,7,いいえ,大道芸！エʃ＆エʒ / カルボ姉（ねえ） / すわ子isGOD！ / ɚすぃとあろま？ / シミ
1,559,em-fcf6ec919e80,ｱﾙﾊﾟ力のお兄(父)さん,10,763,2205,3,heal,0.4201,0.6111,98,2,8,いいえ,ｱﾙﾊﾟ力のお兄(父)さん / カルボ姉（ねえ） / サルパちゃん / 愛のぴよ子 / 八狗神伏姫様
1,560,em-6d1e4c915f30,チートモードな楽趣味さん,48,5964,1278,1,multi_hit_attack,0.4201,0.5556,96,4,7,いいえ,チートモードな楽趣味さん / 北間・クラリス嬢 / すわ子isGOD！ / ????? / ハリウッドナナコ師匠
1,561,em-2f152df51cdc,エトナさん,50,5673,1704,1,aoe_attack,0.4201,0.5486,98,2,7,いいえ,エトナさん / 北間・クラリス嬢 / すわ子isGOD！ / ????? / ハリウッドナナコ師匠
1,562,em-f3be7c12380c,魔女ランダ,44,3067,5623,2,attribute_change,0.4201,0.5208,89,11,7,いいえ,魔女ランダ / カルボ姉（ねえ） / 試作型おこしん / 愛のぴよ子 / 伝説のWoo怪
1,563,em-83b1d87342f9,コン美なん吉先生,20,882,3381,4,revive,0.4199,0.5972,98,2,8,いいえ,コン美なん吉先生 / カルボ姉（ねえ） / すわ子isGOD！ / 愛のぴよ子 / 八狗神伏姫様
1,564,em-de36aab296aa,月下皇帝ランたん様,50,3150,5367,3,revive,0.4196,0.5417,100,0,8,いいえ,月下皇帝ランたん様 / カルボ姉（ねえ） / 試作型おこしん / 愛のぴよ子 / 聖えぇじゃないか
1,565,em-3e7e7e54a83d,妖精女王ミカーンニア,45,3408,4771,2,skill_reduction,0.4196,0.5,95,5,7,いいえ,妖精女王ミカーンニア / 試作型おこしん / トマティーナ少佐 / トキシッくんｵｯｽｵｯｽ / 聖えぇじゃないか
1,566,em-6ead69ef1b01,精霊ブーナッド,16,4025,805,2,heal,0.4195,0.5903,85,15,8,いいえ,精霊ブーナッド / カルボ姉（ねえ） / トマティーナ少佐 / みどりのたけしマン / 速いぞサラマンダー！
1,567,em-d76a5850c323,牛追いガウガウ,40,5964,1704,4,damage_reduction,0.4195,0.5625,100,0,8,いいえ,牛追いガウガウ / カルボ姉（ねえ） / サルパちゃん / トキシッくんｵｯｽｵｯｽ / ハリウッドナナコ師匠
1,568,em-5976d2863ad8,タオるんGT,32,4260,4732,14,guard,0.4195,0.5556,93,7,7,いいえ,タオるんGT / ペーチパイセン / サルパちゃん / トキシッくんｵｯｽｵｯｽ / 巨大カンテツ
1,569,em-6cd949ff7539,?????,53,1842,6475,2,guard,0.4195,0.5347,99,1,6,いいえ,????? / カルボ姉（ねえ） / トマティーナ少佐 / 愛のぴよ子 / ハリウッドナナコ師匠
1,570,em-050f0ee87c24,妖精雪愛さん,12,770,830,2,attribute_change,0.4194,0.6458,100,0,7,いいえ,妖精雪愛さん / カルボ姉（ねえ） / サルパちゃん / 愛のぴよ子 / 八狗神伏姫様
1,571,em-b78d9042e361,サルパちゃん,28,4362,3748,2,multi_hit_attack,0.4194,0.5278,90,10,8,いいえ,サルパちゃん / 北間・クラリス嬢 / ????? / 御嶽さん / ハリウッドナナコ師匠
1,572,em-a44b56d26d84,聖夜の又マタドーるん,45,3919,4260,1,damage_reduction,0.4194,0.5139,100,0,8,いいえ,聖夜の又マタドーるん / えかちぇたん / トマティーナ少佐 / トキシッくんｵｯｽｵｯｽ / ハリウッドナナコ師匠
1,573,em-95a2dbeaf4ea,神使！ナモミさま,18,805,4025,2,attack_buff,0.4193,0.5764,95,5,7,いいえ,神使！ナモミさま / カルボ姉（ねえ） / ????? / ブハラ師匠 / ハリウッドナナコ師匠
1,574,em-8d766096773e,おんじとゆかいな子供達,36,5316,1704,1,damage_reduction,0.4191,0.5486,96,4,8,いいえ,おんじとゆかいな子供達 / 北間・クラリス嬢 / すわ子isGOD！ / ????? / 聖えぇじゃないか
1,575,em-41b8799b7505,まおーちゃん,50,3748,4941,3,revive,0.419,0.5417,100,0,8,いいえ,まおーちゃん / カルボ姉（ねえ） / 試作型おこしん / 愛のぴよ子 / 聖えぇじゃないか
1,576,em-96c4c1bf7f87,畳リーゼントの御頭,40,4345,4345,2,attack_buff,0.419,0.5208,94,6,7,いいえ,畳リーゼントの御頭 / 北間・クララさん / トマティーナ少佐 / みどりのたけしマン / ハリウッドナナコ師匠
1,577,em-40c34074cbb0,おかいこさま,17,2756,2511,4,attribute_change,0.4187,0.5833,94,6,7,いいえ,おかいこさま / カルボ姉（ねえ） / ????? / ブハラ師匠 / ハリウッドナナコ師匠
1,578,em-32ef1535a66a,ハバキたん,60,6816,4260,3,damage_reduction,0.4187,0.5139,92,8,6,いいえ,ハバキたん / ペーチパイセン / 試作型おこしん / 愛のぴよ子 / おこしんMK-2
1,579,em-587d1ec0e30f,偉人さんトーマスん,14,1359,2038,2,attribute_change,0.4185,0.6111,99,1,7,いいえ,偉人さんトーマスん / えかちぇたん / すわ子isGOD！ / 愛のぴよ子 / 八狗神伏姫様
1,580,em-29a5da4c1e2f,有棘画工,20,4025,805,3,multi_hit_attack,0.4185,0.6042,98,2,8,いいえ,有棘画工 / 北間・クラリス嬢 / すわ子isGOD！ / ????? / 八狗神伏姫様
1,581,em-5a047ed41d97,KJの少女Hi児,48,4941,3919,5,multi_hit_attack,0.4185,0.5486,100,0,8,いいえ,KJの少女Hi児 / カルボ姉（ねえ） / 愛のぴよ子 / ????? / 速いぞサラマンダー！
1,582,em-2325681e1b59,BON JOVE,24,3220,3220,5,aoe_attack,0.4184,0.5764,100,0,8,いいえ,BON JOVE / 北間・クラリス嬢 / トマティーナ少佐 / ????? / 八狗神伏姫様
1,583,em-306ef0a3ce60,大納言鮒麿,14,1812,1548,4,heal,0.418,0.6111,99,1,8,いいえ,大納言鮒麿 / えかちぇたん / すわ子isGOD！ / 愛のぴよ子 / 八狗神伏姫様
1,584,em-712f122e2051,オロモ君は欝気味,17,1536,2684,1,guard,0.4179,0.5694,96,4,8,いいえ,オロモ君は欝気味 / えかちぇたん / 愛のぴよ子 / ????? / 御嶽さん
1,585,em-a78326864213,発音王・S・サイアン,88,10650,6560,8,attack_buff,0.4179,0.4792,100,0,4,いいえ,発音王・S・サイアン / ウナギーヌくん / かずらちゃん / デンマーくん / ズースくん
1,586,em-980bac842ec7,ウシュか☆丸か,5,1410,1404,10,revive,0.4177,0.625,93,7,8,いいえ,ウシュか☆丸か / カルボ姉（ねえ） / ????? / 家族贖罪という字面 / まそお姉ちゃん
1,587,em-654601ffb56d,スースちゃん,15,1132,2265,0,damage_reduction,0.4177,0.5833,100,0,8,いいえ,スースちゃん / えかちぇたん / トマティーナ少佐 / ブハラ師匠 / ハリウッドナナコ師匠
1,588,em-dd80c8492923,?????,22,3067,1533,1,attack_buff,0.4177,0.5833,100,0,8,いいえ,????? / 北間・クラリス嬢 / すわ子isGOD！ / ????? / 八狗神伏姫様
1,589,em-d08c9e36ef51,地獄雀！阿蘇さん,17,3413,2061,1,attribute_guard,0.4177,0.5625,96,4,8,いいえ,地獄雀！阿蘇さん / えかちぇたん / 愛のぴよ子 / ????? / 御嶽さん
1,590,em-28c6b952551d,海の昇竜貫,33,4601,3408,2,attack_buff,0.4175,0.5278,95,5,7,いいえ,海の昇竜貫 / 北間・クラリス嬢 / ????? / 御嶽さん / ハリウッドナナコ師匠
1,591,em-6d3c1934f67c,エンパさんの夏,50,5623,4430,2,aoe_attack,0.4173,0.5139,98,2,7,いいえ,エンパさんの夏 / 北間・クラリス嬢 / すわ子isGOD！ / ????? / ハリウッドナナコ師匠
1,592,em-076a0181e290,夏の海の天の川伝説,77,9372,5623,6,heal,0.4173,0.4861,100,0,8,いいえ,夏の海の天の川伝説 / ウナギーヌくん / 試作型おこしん / 愛のぴよ子 / ハリウッドナナコ師匠
1,593,em-5b1667b398d0,?????,46,4430,5112,2,multi_hit_attack,0.4172,0.5208,100,0,7,いいえ,????? / 北間・クラリス嬢 / トマティーナ少佐 / みどりのたけしマン / ハリウッドナナコ師匠
1,594,em-6e1b672bdbe8,いやひこにゃん,18,2718,1057,3,delay,0.417,0.5972,96,4,7,いいえ,いやひこにゃん / カルボ姉（ねえ） / すわ子isGOD！ / 愛のぴよ子 / 八狗神伏姫様
1,595,em-f49b19428b58,ちび丸のハロウィン,17,255,2896,4,revive,0.4169,0.5972,96,4,8,いいえ,ちび丸のハロウィン / えかちぇたん / 愛のぴよ子 / ????? / 御嶽さん
1,596,em-7d5a30231904,「ふ」じゃなくてふゅーま,60,4260,2556,0,attribute_change,0.4168,0.5208,100,0,7,いいえ,「ふ」じゃなくてふゅーま / カルボ姉（ねえ） / 試作型おこしん / トキシッくんｵｯｽｵｯｽ / ハリウッドナナコ師匠
1,597,em-e3dab98c64af,試作型おこしん,8,2265,1510,2,attribute_guard,0.4167,0.5833,93,7,8,いいえ,試作型おこしん / カルボ姉（ねえ） / ????? / ブハラ師匠 / 端午ぴよ子
1,598,em-f938c5c907fd,ももたろす,8,1000,1000,4,attribute_change,0.4165,0.6458,100,0,7,いいえ,ももたろす / カルボ姉（ねえ） / トマティーナ少佐 / みどりのたけしマン / 八狗神伏姫様
1,599,em-36ce9827163b,検非違使なけいび氏,28,6024,878,2,heal,0.4164,0.5694,98,2,8,いいえ,検非違使なけいび氏 / カルボ姉（ねえ） / ????? / 御嶽さん / ハリウッドナナコ師匠
1,600,em-5ca14322a82d,蓮那由太郎,43,4771,3493,5,attack_buff,0.4163,0.5486,96,4,7,いいえ,蓮那由太郎 / カルボ姉（ねえ） / アウス大先輩 / トキシッくんｵｯｽｵｯｽ / 実はこんにゃくちゃん
1,601,em-a5e1e009bda8,くまのたん伝説,80,8861,8179,5,attack_buff,0.4161,0.4583,100,0,4,いいえ,くまのたん伝説 / 猫キャットマンジョン / 覚醒ニート / わんこースそば / ほたるーニャ
1,602,em-22dd126a0f3a,どーん竜馬,17,2898,2898,3,attack_buff,0.4155,0.5764,94,6,7,いいえ,どーん竜馬 / カルボ姉（ねえ） / ????? / ブハラ師匠 / ハリウッドナナコ師匠
1,603,em-594e492a6818,ヤンなるネポムちゃん,50,3397,2930,1,attack_buff,0.4154,0.5347,92,8,7,いいえ,ヤンなるネポムちゃん / カルボ姉（ねえ） / 愛のぴよ子 / ɚすぃとあろま？ / ハリウッドナナコ師匠
1,604,em-c57874d99dcd,三重子大先生,11,1699,1699,1,attribute_change,0.4152,0.6042,99,1,7,いいえ,三重子大先生 / カルボ姉（ねえ） / サルパちゃん / 愛のぴよ子 / 八狗神伏姫様
1,605,em-f3861e35df6f,暗黒王まはーかーらん,47,3731,3926,4,delay,0.4152,0.4931,90,10,7,いいえ,暗黒王まはーかーらん / ペーチパイセン / 試作型おこしん / トキシッくんｵｯｽｵｯｽ / 聖えぇじゃないか
1,606,em-883c35b094ae,淡路でくろこップ,8,605,600,8,skill_reduction,0.4149,0.6389,100,0,7,いいえ,淡路でくろこップ / カルボ姉（ねえ） / トマティーナ少佐 / みどりのたけしマン / 八狗神伏姫様
1,607,em-b343077dd75f,塚井さんは4人乗り,38,4294,3374,2,attack_buff,0.4148,0.5486,98,2,7,いいえ,塚井さんは4人乗り / カルボ姉（ねえ） / 愛のぴよ子 / みどりのたけしマン / 速いぞサラマンダー！
1,608,em-ad084af57188,魔法使い らくがーる,38,4601,3663,2,attack_buff,0.4148,0.5347,100,0,7,いいえ,魔法使い らくがーる / 北間・クラリス嬢 / ????? / 御嶽さん / ハリウッドナナコ師匠
1,609,em-f334c541bf84,納得ん★福曼荼羅,17,1763,1860,2,attribute_change,0.4145,0.5972,93,7,7,いいえ,納得ん★福曼荼羅 / カルボ姉（ねえ） / サルパちゃん / ????? / 巨大カンテツ
1,610,em-5275d879d803,ｻｲｯｺくたにん,12,800,1000,2,attribute_change,0.4142,0.6319,100,0,7,いいえ,ｻｲｯｺくたにん / カルボ姉（ねえ） / サルパちゃん / 愛のぴよ子 / 八狗神伏姫様
1,611,em-55cdacc97f8e,バーチャルおぅぼっと,25,4025,1610,7,damage_reduction,0.4139,0.5764,97,3,8,いいえ,バーチャルおぅぼっと / カルボ姉（ねえ） / 愛のぴよ子 / ????? / 御嶽さん
1,612,em-28a4ccf4cbfc,ステンバーイちび蔵,24,596,3748,4,revive,0.4136,0.5903,100,0,8,いいえ,ステンバーイちび蔵 / カルボ姉（ねえ） / トマティーナ少佐 / 愛のぴよ子 / 八狗神伏姫様
1,613,em-3deff3291fd4,有閑カノープス,70,5112,6816,2,attribute_change,0.4136,0.4792,99,1,7,いいえ,有閑カノープス / 北間・クラリス嬢 / 試作型おこしん / おこしんMK-2 / 大森さん
1,614,em-0d449e302187,水神ヨッカブイ先生,54,3714,5418,5,damage_reduction,0.4134,0.5417,100,0,6,いいえ,水神ヨッカブイ先生 / カルボ姉（ねえ） / トマティーナ少佐 / 愛のぴよ子 / ハリウッドナナコ師匠
1,615,em-57768559e8b8,旋律！タコ幼女,39,1533,4601,5,heal,0.4132,0.5764,100,0,8,いいえ,旋律！タコ幼女 / カルボ姉（ねえ） / トマティーナ少佐 / ????? / 速いぞサラマンダー！
1,616,em-05de078a2e7c,幼妻！エンゼルちゃん,22,1993,2913,3,heal,0.4131,0.5764,94,6,8,いいえ,幼妻！エンゼルちゃん / カルボ姉（ねえ） / 愛のぴよ子 / ????? / 御嶽さん
1,617,em-474d7b7d3bbe,イチャン～(から),26,3606,2850,2,aoe_attack,0.4129,0.5486,88,12,8,いいえ,イチャン～(から) / 北間・クラリス嬢 / ????? / 御嶽さん / ハリウッドナナコ師匠
1,618,em-1290652c5171,萌やし博士,10,408,1212,4,attack_buff,0.4128,0.6319,100,0,7,いいえ,萌やし博士 / えかちぇたん / 超患部ぴよフェッサー / ????? / 八狗神伏姫様
1,619,em-83399e4df86b,必罰のエルフ,18,2093,3281,4,attack_buff,0.4127,0.5833,95,5,7,いいえ,必罰のエルフ / カルボ姉（ねえ） / ????? / ブハラ師匠 / ハリウッドナナコ師匠
1,620,em-a33630899eb2,河口本栖子,18,1200,1500,6,delay,0.4127,0.5833,96,4,7,いいえ,河口本栖子 / カルボ姉（ねえ） / すわ子isGOD！ / 愛のぴよ子 / 八狗神伏姫様
1,621,em-4f3eddbe87bf,キルワくん,17,2141,3226,1,attack_buff,0.4127,0.5417,94,6,7,いいえ,キルワくん / カルボ姉（ねえ） / ????? / ブハラ師匠 / ハリウッドナナコ師匠
1,622,em-fe9fc4184474,聖えぇじゃないか,17,2817,2334,4,aoe_attack,0.4126,0.5764,94,6,7,いいえ,聖えぇじゃないか / カルボ姉（ねえ） / ????? / ブハラ師匠 / ハリウッドナナコ師匠
1,623,em-cf3fd175f595,プチさんグロさん,27,2807,2895,2,aoe_attack,0.4126,0.5625,100,0,8,いいえ,プチさんグロさん / 北間・クラリス嬢 / 試作型おこしん / みどりのたけしマン / 御嶽さん
1,624,em-ab5422bc92f7,猫キャットマンジョン,7,493,1762,1,heal,0.4123,0.6111,95,5,8,いいえ,猫キャットマンジョン / カルボ姉（ねえ） / サルパちゃん / 愛のぴよ子 / 八狗神伏姫様
1,625,em-9e9fc5ee5a9c,深淵のエルフ,18,2537,3059,4,attack_buff,0.4121,0.5694,95,5,7,いいえ,深淵のエルフ / カルボ姉（ねえ） / ????? / ブハラ師匠 / ハリウッドナナコ師匠
1,626,em-c67e33bb61cf,鎌倉式ＤＢ２涅槃型改,19,4105,1690,9,guard,0.4119,0.5764,100,0,8,いいえ,鎌倉式ＤＢ２涅槃型改 / 北間・クラリス嬢 / トマティーナ少佐 / みどりのたけしマン / 御嶽さん
1,627,em-7941e8376c00,堕楽・ぴよボロス,46,756,7572,4,attack_buff,0.4118,0.5486,98,2,7,いいえ,堕楽・ぴよボロス / カルボ姉（ねえ） / 愛のぴよ子 / ????? / 速いぞサラマンダー！
1,628,em-1fcc8f4c1ae3,ヴェルサイユの朝,45,2556,6645,5,attack_buff,0.4118,0.5347,98,2,7,いいえ,ヴェルサイユの朝 / カルボ姉（ねえ） / アウス大先輩 / トキシッくんｵｯｽｵｯｽ / 実はこんにゃくちゃん
1,629,em-d25a7727f654,プラハ嬢,32,1482,4991,4,damage_reduction,0.4116,0.5625,93,7,7,いいえ,プラハ嬢 / ペーチパイセン / サルパちゃん / トキシッくんｵｯｽｵｯｽ / 巨大カンテツ
1,630,em-37e222cb9f2b,いんばーぬたん,53,3748,4771,2,attack_buff,0.4116,0.5069,100,0,7,いいえ,いんばーぬたん / 夏至祭のヴァサクサ君 / 試作型おこしん / トキシッくんｵｯｽｵｯｽ / 伝説のWoo怪
1,631,em-845ebf2f059a,うどんの女神,39,4771,2385,2,multi_hit_attack,0.4115,0.5556,99,1,7,いいえ,うどんの女神 / カルボ姉（ねえ） / 愛のぴよ子 / みどりのたけしマン / 速いぞサラマンダー！
1,632,em-428a2893945d,雪愛ちゃん,8,590,630,3,attribute_change,0.4113,0.6458,100,0,7,いいえ,雪愛ちゃん / カルボ姉（ねえ） / トマティーナ少佐 / みどりのたけしマン / 八狗神伏姫様
1,633,em-309fbe104636,いーびルン,15,2254,2576,7,guard,0.4113,0.5903,100,0,8,いいえ,いーびルン / 北間・クラリス嬢 / サルパちゃん / ????? / 御嶽さん
1,634,em-cb0ef748882f,八狗神伏姫様,35,5538,2130,4,guard,0.4113,0.5556,98,2,7,いいえ,八狗神伏姫様 / ペーチパイセン / 愛のぴよ子 / ????? / 御嶽さん
1,635,em-4d9586371e6c,鞭・打つ子さん,38,4106,4106,3,multi_hit_attack,0.4113,0.5347,100,0,7,いいえ,鞭・打つ子さん / 北間・クラリス嬢 / ????? / 御嶽さん / ハリウッドナナコ師匠
1,636,em-59ac9769ef60,神犬八房伏姫様,24,4093,1223,4,guard,0.4112,0.5764,96,4,8,いいえ,神犬八房伏姫様 / カルボ姉（ねえ） / 愛のぴよ子 / ????? / 御嶽さん
1,637,em-9fe53d26e9cb,ロイ・マタ先輩,46,2726,6816,3,multi_hit_attack,0.411,0.5278,98,2,7,いいえ,ロイ・マタ先輩 / カルボ姉（ねえ） / 愛のぴよ子 / ????? / 速いぞサラマンダー！
1,638,em-712bee050113,ターヌムンゴネキ,35,4089,4089,2,attack_buff,0.411,0.5278,100,0,8,いいえ,ターヌムンゴネキ / カルボ姉（ねえ） / アウス大先輩 / ????? / 巨大カンテツ
1,639,em-916052b33162,リンゴルモア大王,7,1269,1128,3,delay,0.4109,0.5903,95,5,7,いいえ,リンゴルモア大王 / カルボ姉（ねえ） / サルパちゃん / 愛のぴよ子 / 八狗神伏姫様
1,640,em-ec5b8324ab06,袴着！いつくしーみん,36,3401,3401,2,attack_buff,0.4109,0.5347,98,2,7,いいえ,袴着！いつくしーみん / 北間・クラリス嬢 / ????? / 御嶽さん / ハリウッドナナコ師匠
1,641,em-7fd9b48cee31,七夕星人☆たたるんるん,20,3220,1610,2,attack_buff,0.4107,0.5833,98,2,8,いいえ,七夕星人☆たたるんるん / 北間・クラリス嬢 / すわ子isGOD！ / ????? / 八狗神伏姫様
1,642,em-3a0ce37a12ff,おこしんMK-2,8,1510,2265,4,multi_hit_attack,0.4106,0.5972,86,14,8,いいえ,おこしんMK-2 / 北間・クラリス嬢 / すわ子isGOD！ / ????? / 八狗神伏姫様
1,643,em-66075c4def49,K・Y・イマガワ,40,5793,3237,5,attack_buff,0.4106,0.5417,100,0,7,いいえ,K・Y・イマガワ / カルボ姉（ねえ） / 愛のぴよ子 / みどりのたけしマン / 速いぞサラマンダー！
1,644,em-7e8ca5d8d19a,小林伯爵,15,3020,1812,5,revive,0.4105,0.5764,100,0,8,いいえ,小林伯爵 / えかちぇたん / すわ子isGOD！ / 愛のぴよ子 / 八狗神伏姫様
1,645,em-b07f62000b94,雪兎フェス祭カーニバル,22,4089,1192,5,revive,0.4103,0.5833,100,0,8,いいえ,雪兎フェス祭カーニバル / カルボ姉（ねえ） / すわ子isGOD！ / 愛のぴよ子 / 八狗神伏姫様
1,646,em-89a1a863b8a0,ベファーナさん二千歳,46,7200,1874,1,multi_hit_attack,0.4103,0.5139,96,4,7,いいえ,ベファーナさん二千歳 / 夏至祭のヴァサクサ君 / 試作型おこしん / 愛のぴよ子 / 聖えぇじゃないか
1,647,em-b193a8ecb394,どんぶりBros.,15,1963,1812,0,heal,0.4101,0.5694,84,16,8,いいえ,どんぶりBros. / カルボ姉（ねえ） / トマティーナ少佐 / みどりのたけしマン / 速いぞサラマンダー！
1,648,em-0fd17c65da62,大患部！ぴよ子大佐,18,2415,2861,2,multi_hit_attack,0.4101,0.5694,95,5,7,いいえ,大患部！ぴよ子大佐 / カルボ姉（ねえ） / ????? / ブハラ師匠 / ハリウッドナナコ師匠
1,649,em-322b7fbdab7e,むろまち様,34,2556,5112,7,aoe_attack,0.4101,0.5486,99,1,8,いいえ,むろまち様 / 北間・クラリス嬢 / 試作型おこしん / ????? / 御嶽さん
1,650,em-ed2bb6e12815,ラスコー原人,14,604,3624,1,attribute_change,0.4099,0.5556,98,2,7,いいえ,ラスコー原人 / えかちぇたん / ????? / ブハラ師匠 / ハリウッドナナコ師匠
1,651,em-469fc4e70bad,エヴァンジェ・凛,48,5091,3428,5,heal,0.4098,0.5347,99,1,8,いいえ,エヴァンジェ・凛 / カルボ姉（ねえ） / トマティーナ少佐 / ɚすぃとあろま？ / ハリウッドナナコ師匠
1,652,em-5e6cf1fe4c4c,まそお姉ちゃん,15,2898,3059,5,attack_buff,0.4096,0.5625,99,1,7,いいえ,まそお姉ちゃん / えかちぇたん / ????? / ブハラ師匠 / ハリウッドナナコ師匠
1,653,em-eb9cb098a2c1,加留多ヘナ造,18,2898,2737,2,damage_reduction,0.4095,0.5417,95,5,8,いいえ,加留多ヘナ造 / えかちぇたん / トマティーナ少佐 / オペラハウス侯爵 / 速いぞサラマンダー！
1,654,em-344c7687cce5,アウス大先輩,17,1924,1924,2,attribute_change,0.4094,0.5903,93,7,7,いいえ,アウス大先輩 / カルボ姉（ねえ） / サルパちゃん / ????? / 巨大カンテツ
1,655,em-6437dd94e076,河口西子,15,900,1300,6,delay,0.4091,0.5903,100,0,7,いいえ,河口西子 / えかちぇたん / すわ子isGOD！ / 愛のぴよ子 / 八狗神伏姫様
1,656,em-e2135a9d657f,ねぶるータスお前もか,18,2173,2656,2,attack_buff,0.4091,0.5764,95,5,7,いいえ,ねぶるータスお前もか / カルボ姉（ねえ） / ????? / ブハラ師匠 / ハリウッドナナコ師匠
1,657,em-9ffce070b31f,レモなんとかさん,40,5793,2215,3,revive,0.409,0.5486,97,3,8,いいえ,レモなんとかさん / カルボ姉（ねえ） / 愛のぴよ子 / ????? / 聖えぇじゃないか
1,658,em-6193e7af4d97,がうがうは考える,44,1704,5964,3,damage_reduction,0.409,0.5347,99,1,8,いいえ,がうがうは考える / えかちぇたん / トマティーナ少佐 / トキシッくんｵｯｽｵｯｽ / ハリウッドナナコ師匠
1,659,em-5f5281ba5e2a,黄泉還り！反魂タン,9,1812,1963,3,revive,0.4089,0.5903,96,4,8,いいえ,黄泉還り！反魂タン / えかちぇたん / 愛のぴよ子 / みどりのたけしマン / 御嶽さん
1,660,em-9a3bd85e00a2,よりりん,8,605,615,4,attribute_change,0.4088,0.6528,100,0,7,いいえ,よりりん / カルボ姉（ねえ） / トマティーナ少佐 / みどりのたけしマン / 八狗神伏姫様
1,661,em-3ad7d27f7887,ハワイる水島神人,19,2567,1208,2,guard,0.4087,0.5903,100,0,8,いいえ,ハワイる水島神人 / えかちぇたん / すわ子isGOD！ / みどりのたけしマン / 巨大カンテツ
1,662,em-629cc99564e0,帝王ヒルズ様,17,1867,3333,1,attack_buff,0.4085,0.5556,94,6,7,いいえ,帝王ヒルズ様 / カルボ姉（ねえ） / ????? / ブハラ師匠 / ハリウッドナナコ師匠
1,663,em-7499fb228620,にほりん,15,2898,3059,5,attack_buff,0.4084,0.5694,99,1,7,いいえ,にほりん / えかちぇたん / ????? / ブハラ師匠 / ハリウッドナナコ師匠
1,664,em-73250febc8f5,財閥だ浅ちゃん！,38,2556,7327,4,multi_hit_attack,0.4083,0.5208,100,0,7,いいえ,財閥だ浅ちゃん！ / 北間・クラリス嬢 / ????? / 御嶽さん / ハリウッドナナコ師匠
1,665,em-67859050336b,マジ☆マシニッさん,36,4089,4430,6,multi_hit_attack,0.4082,0.5417,98,2,7,いいえ,マジ☆マシニッさん / 北間・クラリス嬢 / ????? / 御嶽さん / ハリウッドナナコ師匠
1,666,em-c92854d63199,さんとくんさん,8,1200,300,4,delay,0.408,0.6458,100,0,7,いいえ,さんとくんさん / カルボ姉（ねえ） / トマティーナ少佐 / みどりのたけしマン / 八狗神伏姫様
1,667,em-ab3947962bd3,姫騎士なコンクさん,60,4856,3237,1,damage_reduction,0.4078,0.5069,99,1,7,いいえ,姫騎士なコンクさん / ペーチパイセン / トマティーナ少佐 / トキシッくんｵｯｽｵｯｽ / ハリウッドナナコ師匠
1,668,em-dfbe69861ff7,餅もちにくぁうさん,36,3449,3789,1,damage_reduction,0.4077,0.5208,98,2,8,いいえ,餅もちにくぁうさん / 夏至祭のヴァサクサ君 / すわ子isGOD！ / トキシッくんｵｯｽｵｯｽ / 聖えぇじゃないか
1,669,em-5861838d2e36,ばうあー泥棒,35,4771,3033,4,attack_buff,0.4076,0.5417,97,3,8,いいえ,ばうあー泥棒 / 北間・クラリス嬢 / ????? / 御嶽さん / ハリウッドナナコ師匠
1,670,em-91479d9f811c,奇術師！エッジュさん,9,700,700,3,skill_reduction,0.4075,0.6319,100,0,7,いいえ,奇術師！エッジュさん / カルボ姉（ねえ） / 超患部ぴよフェッサー / みどりのたけしマン / 八狗神伏姫様
1,671,em-6885c7d684d6,雪の美女と魔獣,52,4304,3016,1,heal,0.4073,0.5139,98,2,8,いいえ,雪の美女と魔獣 / カルボ姉（ねえ） / 試作型おこしん / 愛のぴよ子 / 端午ぴよ子
1,672,em-09a7a163b0cd,沼南ぱモーセ,38,2556,5623,2,attack_buff,0.4072,0.5139,100,0,7,いいえ,沼南ぱモーセ / 北間・クラリス嬢 / ????? / 御嶽さん / ハリウッドナナコ師匠
1,673,em-6acd0e20d832,たこむすめ,39,1363,4089,5,heal,0.407,0.5764,100,0,8,いいえ,たこむすめ / カルボ姉（ねえ） / トマティーナ少佐 / ????? / 速いぞサラマンダー！
1,674,em-370ba5df8d09,悪霊狩人ちび大助,81,8776,5879,5,multi_hit_attack,0.4069,0.4722,100,0,4,いいえ,悪霊狩人ちび大助 / 猫キャットマンジョン / コーベリアル / デンマーくん二世 / ズースくん
1,675,em-a41e1401ab71,こんぴらさんさん,19,1500,1500,9,delay,0.4068,0.5694,97,3,7,いいえ,こんぴらさんさん / カルボ姉（ねえ） / すわ子isGOD！ / 愛のぴよ子 / 八狗神伏姫様
1,676,em-76311eb8b6ba,Halloweenな藤原マミー,18,1208,1963,5,revive,0.4067,0.5972,96,4,8,いいえ,Halloweenな藤原マミー / カルボ姉（ねえ） / すわ子isGOD！ / 愛のぴよ子 / 八狗神伏姫様
1,677,em-00734b7bf0e4,アパカ☆アイガー師匠,16,1551,2733,1,attack_buff,0.4067,0.5486,100,0,7,いいえ,アパカ☆アイガー師匠 / えかちぇたん / ????? / ブハラ師匠 / ハリウッドナナコ師匠
1,678,em-9bad632dc3a9,秋田世界発見伝,24,3838,845,4,guard,0.4066,0.5972,99,1,8,いいえ,秋田世界発見伝 / 北間・クラリス嬢 / すわ子isGOD！ / ????? / 御嶽さん
1,679,em-b6adaf9bf556,こうせえっつう女中,17,805,2898,0,attack_buff,0.4065,0.5556,94,6,7,いいえ,こうせえっつう女中 / カルボ姉（ねえ） / ????? / ブハラ師匠 / ハリウッドナナコ師匠
1,680,em-c0b8a38b4040,鹿喰らいの狼マン,47,4771,3748,2,multi_hit_attack,0.4065,0.5208,99,1,7,いいえ,鹿喰らいの狼マン / カルボ姉（ねえ） / 愛のぴよ子 / ????? / 速いぞサラマンダー！
1,681,em-dff6ba115611,トゥーさん,44,3067,3067,3,revive,0.4064,0.5625,100,0,8,いいえ,トゥーさん / カルボ姉（ねえ） / すわ子isGOD！ / ????? / ハリウッドナナコ師匠
1,682,em-2b266990d35f,エトナさん・ＦＸ,50,5673,2130,1,aoe_attack,0.4063,0.5278,98,2,7,いいえ,エトナさん・ＦＸ / 北間・クラリス嬢 / すわ子isGOD！ / ????? / ハリウッドナナコ師匠
1,683,em-c6e2304d0b02,パプアさん,26,3365,2270,3,damage_reduction,0.4061,0.5694,98,2,8,いいえ,パプアさん / カルボ姉（ねえ） / 愛のぴよ子 / ????? / 御嶽さん
1,684,em-7b3f53eed84e,?????,14,1380,2675,4,attack_buff,0.406,0.5903,98,2,7,いいえ,????? / えかちぇたん / ????? / ブハラ師匠 / ハリウッドナナコ師匠
1,685,em-01a16cce900c,伝説のロロちゃん,35,3748,3067,5,attack_buff,0.406,0.5486,100,0,8,いいえ,伝説のロロちゃん / 北間・クラリス嬢 / 試作型おこしん / ????? / 御嶽さん
1,686,em-b7b738711fb0,ちくわサンド,23,2817,2656,2,attack_buff,0.4059,0.5556,100,0,8,いいえ,ちくわサンド / カルボ姉（ねえ） / ????? / ブハラ師匠 / ハリウッドナナコ師匠
1,687,em-34853ed0f0f8,ユーコちゃん,24,2556,1533,4,revive,0.4056,0.5903,94,6,8,いいえ,ユーコちゃん / カルボ姉（ねえ） / ????? / 御嶽さん / ハリウッドナナコ師匠
1,688,em-fea44f2a7dd8,だが男だ彦にゃん,15,2793,1132,3,skill_reduction,0.4056,0.5694,100,0,7,いいえ,だが男だ彦にゃん / 北間・クラリス嬢 / サルパちゃん / ????? / 御嶽さん
1,689,em-1211d6248533,ピンクなコンクさん,32,3067,2044,1,damage_reduction,0.4056,0.5486,94,6,7,いいえ,ピンクなコンクさん / カルボ姉（ねえ） / アウス大先輩 / トキシッくんｵｯｽｵｯｽ / 美才能♪かの子さん
1,690,em-7747ea5c5a73,諏訪子成長期,38,3067,5623,3,multi_hit_attack,0.4056,0.5139,100,0,7,いいえ,諏訪子成長期 / 北間・クラリス嬢 / ????? / 御嶽さん / ハリウッドナナコ師匠
1,691,em-e4cc96d741ac,クル彦さん,9,702,702,1,attribute_change,0.4054,0.625,100,0,7,いいえ,クル彦さん / カルボ姉（ねえ） / 超患部ぴよフェッサー / みどりのたけしマン / 八狗神伏姫様
1,692,em-2c71a7740b67,エルチェの椰子少女,42,4601,4601,5,attack_buff,0.405,0.5208,100,0,7,いいえ,エルチェの椰子少女 / ペーチパイセン / トキシッくんｵｯｽｵｯｽ / みどりのたけしマン / 聖えぇじゃないか
1,693,em-75717188c18a,あ、しょーか大先生,13,1812,1963,4,multi_hit_attack,0.4048,0.5833,97,3,7,いいえ,あ、しょーか大先生 / えかちぇたん / ????? / ブハラ師匠 / ハリウッドナナコ師匠
1,694,em-bcb9b03bfeed,サンカクドナウ,13,1739,1739,3,multi_hit_attack,0.4048,0.5833,97,3,7,いいえ,サンカクドナウ / えかちぇたん / ????? / ブハラ師匠 / ハリウッドナナコ師匠
1,695,em-252e0359c5e1,巳ーちゃん,25,3451,2599,3,multi_hit_attack,0.4048,0.5625,85,15,8,いいえ,巳ーちゃん / カルボ姉（ねえ） / 超患部ぴよフェッサー / ????? / 速いぞサラマンダー！
1,696,em-c912b76e4dda,妖怪雪愛さま,15,950,1350,2,attribute_change,0.4047,0.6042,100,0,7,いいえ,妖怪雪愛さま / えかちぇたん / すわ子isGOD！ / 愛のぴよ子 / 八狗神伏姫様
1,697,em-7a8f08b97855,カルボ姉（ねえ）,18,3792,2556,1,multi_hit_attack,0.4047,0.5278,94,6,7,いいえ,カルボ姉（ねえ） / キタマクラさん / トマティーナ少佐 / ????? / 八狗神伏姫様
1,698,em-f9fcb91b983d,アエネウスと弟くん,60,4175,4175,0,damage_reduction,0.4047,0.4653,92,8,6,いいえ,アエネウスと弟くん / ペーチパイセン / 試作型おこしん / 愛のぴよ子 / おこしんMK-2
1,699,em-be212cb2b1d8,いはとさん,12,760,840,3,delay,0.4046,0.6111,100,0,7,いいえ,いはとさん / カルボ姉（ねえ） / サルパちゃん / 愛のぴよ子 / 八狗神伏姫様
1,700,em-4016fa16a6ca,Dr.&萌やﾁﾝｹﾞｰﾙ,14,773,2573,1,heal,0.4042,0.5694,99,1,8,いいえ,Dr.&萌やﾁﾝｹﾞｰﾙ / えかちぇたん / すわ子isGOD！ / 愛のぴよ子 / 八狗神伏姫様
1,701,em-e718c5b250d7,彩れくたにん,9,600,700,2,attribute_change,0.404,0.6319,97,3,7,いいえ,彩れくたにん / カルボ姉（ねえ） / サルパちゃん / 愛のぴよ子 / 八狗神伏姫様
1,702,em-c89260e1ef3b,曲芸師・ブンブク,60,6305,2996,4,revive,0.4039,0.5278,99,1,7,いいえ,曲芸師・ブンブク / カルボ姉（ねえ） / 試作型おこしん / おこしんMK-2 / ハリウッドナナコ師匠
1,703,em-e07aaef6bd6e,三重子ちゃん,8,603,602,3,attribute_change,0.4037,0.6458,100,0,7,いいえ,三重子ちゃん / カルボ姉（ねえ） / トマティーナ少佐 / みどりのたけしマン / 八狗神伏姫様
1,704,em-6a0e464e2855,収穫ぴよ子,10,1426,1304,1,attribute_change,0.4037,0.6042,98,2,7,いいえ,収穫ぴよ子 / カルボ姉（ねえ） / サルパちゃん / 愛のぴよ子 / 八狗神伏姫様
1,705,em-9ec6297ea6ca,バスてとにゃん,38,4260,4771,3,attack_buff,0.4037,0.5139,100,0,7,いいえ,バスてとにゃん / 北間・クラリス嬢 / ????? / 御嶽さん / ハリウッドナナコ師匠
1,706,em-a5d6506eec58,瓜だね女中,15,3220,1610,4,heal,0.4035,0.5833,100,0,8,いいえ,瓜だね女中 / えかちぇたん / すわ子isGOD！ / 愛のぴよ子 / 八狗神伏姫様
1,707,em-ffdcaffc4a41,雑煮入り☆うるっしー,36,3443,3443,4,guard,0.4033,0.5417,99,1,8,いいえ,雑煮入り☆うるっしー / ペーチパイセン / 愛のぴよ子 / ????? / 御嶽さん
1,708,em-e5c147f9dafc,異国のトーマスん,9,660,742,4,attribute_change,0.4032,0.6389,100,0,7,いいえ,異国のトーマスん / カルボ姉（ねえ） / 超患部ぴよフェッサー / みどりのたけしマン / 八狗神伏姫様
1,709,em-76691ebd833d,特攻のびゃこ,38,2641,6219,2,attack_buff,0.4032,0.5069,100,0,7,いいえ,特攻のびゃこ / 北間・クラリス嬢 / ????? / 御嶽さん / ハリウッドナナコ師匠
1,710,em-a07828a97733,降臨！いつくしーみん,19,1761,3381,1,attack_buff,0.4031,0.5347,96,4,8,いいえ,降臨！いつくしーみん / カルボ姉（ねえ） / ????? / ブハラ師匠 / ハリウッドナナコ師匠
1,711,em-419c23e0ec81,新生☆ＢＴ５!!,35,3287,3615,3,damage_reduction,0.4031,0.5347,98,2,7,いいえ,新生☆ＢＴ５!! / ペーチパイセン / 愛のぴよ子 / ????? / 御嶽さん
1,712,em-cd0a21cda0bb,タキシラ師匠,6,1861,733,0,heal,0.403,0.5903,94,6,8,いいえ,タキシラ師匠 / カルボ姉（ねえ） / ????? / 家族贖罪という字面 / まそお姉ちゃん
1,713,em-30793b1211b4,ウルルさんは役者やで,15,1310,2189,1,damage_reduction,0.4029,0.5694,94,6,8,いいえ,ウルルさんは役者やで / えかちぇたん / 愛のぴよ子 / ????? / 御嶽さん
1,714,em-aefb52be8eca,半間鮫子,52,3411,6823,2,multi_hit_attack,0.4029,0.4861,100,0,7,いいえ,半間鮫子 / 北間・クラリス嬢 / すわ子isGOD！ / ????? / ハリウッドナナコ師匠
1,715,em-0ba3ddcc384c,雛段芸人☆さくらんず,16,1510,1887,5,skill_reduction,0.4028,0.5556,99,1,7,いいえ,雛段芸人☆さくらんず / えかちぇたん / トマティーナ少佐 / 愛のぴよ子 / 八狗神伏姫様
1,716,em-e37685227f53,さくちゃん,9,680,724,5,skill_reduction,0.4026,0.6111,100,0,7,いいえ,さくちゃん / カルボ姉（ねえ） / 超患部ぴよフェッサー / みどりのたけしマン / 八狗神伏姫様
1,717,em-6f9254f46753,うわマジカ,4,450,650,4,attribute_guard,0.4025,0.6319,91,9,8,いいえ,うわマジカ / えかちぇたん / すわ子isGOD！ / トキシッくんｵｯｽｵｯｽ / 八狗神伏姫様
1,718,em-54ee851ff3fb,zuス様とsiラ様,10,1410,987,4,attack_buff,0.4025,0.6111,100,0,7,いいえ,zuス様とsiラ様 / えかちぇたん / 超患部ぴよフェッサー / ????? / 八狗神伏姫様
1,719,em-1a3ab3b1acf7,聖☆いんてぃないか,19,2817,2334,4,aoe_attack,0.4025,0.5694,97,3,8,いいえ,聖☆いんてぃないか / 北間・クラリス嬢 / すわ子isGOD！ / ????? / 八狗神伏姫様
1,720,em-df95e8471300,名家ぴよ子お嬢様,10,1331,1374,5,attack_buff,0.4024,0.6111,100,0,7,いいえ,名家ぴよ子お嬢様 / えかちぇたん / 超患部ぴよフェッサー / ????? / 八狗神伏姫様
1,721,em-ceecd3afdba6,おかいこちゃん,8,614,613,6,attribute_change,0.4021,0.6389,100,0,7,いいえ,おかいこちゃん / カルボ姉（ねえ） / トマティーナ少佐 / みどりのたけしマン / 八狗神伏姫様
1,722,em-6e2c76ad098c,まおちゃん,6,500,750,6,skill_reduction,0.402,0.6111,86,14,7,いいえ,まおちゃん / カルボ姉（ねえ） / ????? / 御嶽さん / 巨大カンテツ
1,723,em-0a74c35caba2,畳リーゼント総長,10,512,912,4,attack_buff,0.4018,0.6319,100,0,7,いいえ,畳リーゼント総長 / えかちぇたん / 超患部ぴよフェッサー / ????? / 八狗神伏姫様
1,724,em-795ca1ffcb95,カム着火べあぱわー,12,664,2355,2,attack_buff,0.4018,0.5833,100,0,7,いいえ,カム着火べあぱわー / キタマクラさん / サルパちゃん / ????? / 八狗神伏姫様
1,725,em-558066e14c81,ダブル・ブロッコリー,33,2595,2436,3,damage_reduction,0.4018,0.5556,92,8,7,いいえ,ダブル・ブロッコリー / えかちぇたん / トリニダの怪人 / トキシッくんｵｯｽｵｯｽ / 伝説のWoo怪
1,726,em-3ba3c1cd24cc,P.O☆うるっしー,25,3220,1449,4,guard,0.4017,0.5903,100,0,8,いいえ,P.O☆うるっしー / 北間・クラリス嬢 / すわ子isGOD！ / ????? / 御嶽さん
1,727,em-b17b3174de7d,ネギtheフィクサー,45,2405,5135,3,damage_reduction,0.4017,0.5278,100,0,8,いいえ,ネギtheフィクサー / えかちぇたん / トマティーナ少佐 / トキシッくんｵｯｽｵｯｽ / ハリウッドナナコ師匠
1,728,em-c1544fb41324,元キャプテン・hɔーク,13,1359,1963,1,attribute_guard,0.4016,0.5625,100,0,8,いいえ,元キャプテン・hɔーク / えかちぇたん / 愛のぴよ子 / みどりのたけしマン / 御嶽さん
1,729,em-7e9ffb70cffa,企業だ浅ちゃん！,32,1192,7327,4,attack_buff,0.4016,0.5208,97,3,7,いいえ,企業だ浅ちゃん！ / 夏至祭のヴァサクサ君 / 試作型おこしん / 愛のぴよ子 / 御嶽さん
1,730,em-c547f488bc34,警告！クジラの尊,12,30,1410,1,attribute_change,0.4011,0.6042,100,0,7,いいえ,警告！クジラの尊 / カルボ姉（ねえ） / サルパちゃん / 愛のぴよ子 / 八狗神伏姫様
1,731,em-87a6c85241fe,蝶々ペッパーくん,30,1482,1781,2,delay,0.4011,0.5694,90,10,7,いいえ,蝶々ペッパーくん / えかちぇたん / 試作型おこしん / トキシッくんｵｯｽｵｯｽ / 美才能♪かの子さん
1,732,em-fc0926b017ef,なまずのおじさん,25,4260,1278,5,damage_reduction,0.4011,0.5625,97,3,8,いいえ,なまずのおじさん / カルボ姉（ねえ） / 愛のぴよ子 / ????? / 御嶽さん
1,733,em-e0dcffe4d5d0,大魔神！せいタン降臨,44,2044,6305,4,attack_buff,0.4011,0.5347,96,4,7,いいえ,大魔神！せいタン降臨 / カルボ姉（ねえ） / 愛のぴよ子 / ????? / 速いぞサラマンダー！
1,734,em-53a13d10258e,コドモドラゴン！,10,1833,987,3,damage_reduction,0.401,0.5972,100,0,8,いいえ,コドモドラゴン！ / カルボ姉（ねえ） / ????? / ブハラ師匠 / 美才能♪かの子さん
1,735,em-999d33621829,おたべ妖精,7,1272,1131,4,delay,0.401,0.5764,95,5,7,いいえ,おたべ妖精 / カルボ姉（ねえ） / サルパちゃん / 愛のぴよ子 / 八狗神伏姫様
1,736,em-42016d3a2172,織田フィナーレ,42,2556,5964,5,multi_hit_attack,0.401,0.5208,100,0,7,いいえ,織田フィナーレ / ペーチパイセン / トキシッくんｵｯｽｵｯｽ / みどりのたけしマン / 聖えぇじゃないか
1,737,em-dd5697e42ab7,まお先輩,9,600,850,5,skill_reduction,0.4008,0.6042,100,0,7,いいえ,まお先輩 / カルボ姉（ねえ） / 超患部ぴよフェッサー / みどりのたけしマン / 八狗神伏姫様
1,738,em-6f409bf9b5bd,素敵なステチュさん,14,211,2115,2,damage_reduction,0.4008,0.5833,93,7,8,いいえ,素敵なステチュさん / えかちぇたん / 愛のぴよ子 / ????? / 御嶽さん
1,739,em-f4980131820e,ﾊﾛｳｨﾝのヴラドさん,41,4089,1757,2,damage_reduction,0.4007,0.5486,99,1,7,いいえ,ﾊﾛｳｨﾝのヴラドさん / カルボ姉（ねえ） / サルパちゃん / 愛のぴよ子 / ハリウッドナナコ師匠
1,740,em-7b76cc31326e,迷走のヴァニ江,36,4379,2505,2,damage_reduction,0.4007,0.5278,99,1,8,いいえ,迷走のヴァニ江 / ペーチパイセン / 愛のぴよ子 / ????? / 御嶽さん
1,741,em-454ebee4a0cd,3人はフォニピュア,60,4941,3578,2,damage_reduction,0.4004,0.5069,99,1,7,いいえ,3人はフォニピュア / ペーチパイセン / トマティーナ少佐 / トキシッくんｵｯｽｵｯｽ / ハリウッドナナコ師匠
1,742,em-f3234f88661c,氷の大魔女カナリン,43,7497,1641,5,revive,0.4,0.5278,97,3,8,いいえ,氷の大魔女カナリン / カルボ姉（ねえ） / ????? / グラディ瑛太 / ハリウッドナナコ師匠
1,743,em-24679a7881f4,三重子さん,9,704,700,2,attribute_change,0.3999,0.6319,100,0,7,いいえ,三重子さん / カルボ姉（ねえ） / 超患部ぴよフェッサー / みどりのたけしマン / 八狗神伏姫様
1,744,em-d6cc97b363eb,ユウレイイカさん,10,1363,1704,5,revive,0.3999,0.5833,87,13,8,いいえ,ユウレイイカさん / カルボ姉（ねえ） / ????? / 御嶽さん / 速いぞサラマンダー！
1,745,em-eaadf81fc136,サリー,55,4686,4004,4,aoe_attack,0.3998,0.5139,100,0,6,いいえ,サリー / 北間・クラリス嬢 / 試作型おこしん / ????? / 速いぞサラマンダー！
1,746,em-93e0810ca88c,宇壺田ウツ雄,25,3067,3067,6,damage_reduction,0.3995,0.5556,97,3,8,いいえ,宇壺田ウツ雄 / カルボ姉（ねえ） / 愛のぴよ子 / ????? / 御嶽さん
1,747,em-7a5536e43124,因幡WAHHH!!,31,3578,4771,4,attack_buff,0.3995,0.5139,98,2,7,いいえ,因幡WAHHH!! / トリニダの怪人 / 愛のぴよ子 / ????? / 御嶽さん
1,748,em-824a4dbb010c,守護天狗くまのたん,41,1874,7668,3,aoe_attack,0.3995,0.5069,95,5,7,いいえ,守護天狗くまのたん / 北間・クラリス嬢 / トマティーナ少佐 / みどりのたけしマン / ハリウッドナナコ師匠
1,749,em-5b3eb6a3a507,なるリッシュ,20,1812,1510,2,attack_buff,0.3994,0.5833,98,2,8,いいえ,なるリッシュ / 北間・クラリス嬢 / すわ子isGOD！ / ????? / 八狗神伏姫様
1,750,em-ba3e87e06882,ぴよ子ファーザー,20,357,3577,4,attack_buff,0.3994,0.5764,98,2,8,いいえ,ぴよ子ファーザー / 北間・クラリス嬢 / すわ子isGOD！ / ????? / 八狗神伏姫様
1,751,em-7f3eb7b8272c,にゅー先生,15,700,2200,2,guard,0.3994,0.5694,94,6,8,いいえ,にゅー先生 / えかちぇたん / 愛のぴよ子 / ????? / 御嶽さん
1,752,em-106b8d6fe4c5,ドヤ顔の女帝瑠璃,60,4430,4089,1,damage_reduction,0.3994,0.4792,99,1,7,いいえ,ドヤ顔の女帝瑠璃 / ペーチパイセン / トマティーナ少佐 / トキシッくんｵｯｽｵｯｽ / ハリウッドナナコ師匠
1,753,em-b09ebd864da6,みずがめəろまちゃん,14,1057,1198,4,revive,0.3993,0.6042,99,1,8,いいえ,みずがめəろまちゃん / えかちぇたん / すわ子isGOD！ / 愛のぴよ子 / 八狗神伏姫様
1,754,em-fd155a3410b2,鯰坊主と子供たち,45,5793,2130,3,damage_reduction,0.3992,0.5208,100,0,8,いいえ,鯰坊主と子供たち / えかちぇたん / トマティーナ少佐 / トキシッくんｵｯｽｵｯｽ / ハリウッドナナコ師匠
1,755,em-d95aa4fb8de0,北海！白川だるま,45,4473,2556,1,attack_buff,0.3988,0.5069,97,3,7,いいえ,北海！白川だるま / カルボ姉（ねえ） / 愛のぴよ子 / ????? / 速いぞサラマンダー！
1,756,em-79b4540e0f7f,ヤック(中の人),16,2176,2418,4,multi_hit_attack,0.3987,0.5694,100,0,7,いいえ,ヤック(中の人) / えかちぇたん / ????? / ブハラ師匠 / ハリウッドナナコ師匠
1,757,em-ea813aee5d92,ブラジリアン首都術,8,1812,1963,4,aoe_attack,0.3986,0.5833,86,14,8,いいえ,ブラジリアン首都術 / 北間・クラリス嬢 / すわ子isGOD！ / ????? / 八狗神伏姫様
1,758,em-bbff6b354f45,くうかいさん,12,700,1100,4,skill_reduction,0.3983,0.5903,100,0,7,いいえ,くうかいさん / カルボ姉（ねえ） / サルパちゃん / 愛のぴよ子 / 八狗神伏姫様
1,759,em-3cce096dfee9,カギサナ子,15,2415,2415,4,attack_buff,0.3982,0.5694,99,1,7,いいえ,カギサナ子 / えかちぇたん / ????? / ブハラ師匠 / ハリウッドナナコ師匠
1,760,em-99460641a41d,奇岩妖精ペリバじゃん,40,6816,852,3,attack_buff,0.3981,0.5486,94,6,7,いいえ,奇岩妖精ペリバじゃん / 北間・クラリス嬢 / トマティーナ少佐 / みどりのたけしマン / ハリウッドナナコ師匠
1,761,em-2b584e87473c,ウルルさんのオフ曜日,41,2958,6816,1,attack_buff,0.3981,0.4583,95,5,7,いいえ,ウルルさんのオフ曜日 / 北間・クラリス嬢 / トマティーナ少佐 / みどりのたけしマン / ハリウッドナナコ師匠
1,762,em-c750011c554d,夢奈マコ（16才）,60,7497,2130,5,guard,0.3979,0.5208,99,1,7,いいえ,夢奈マコ（16才） / ペーチパイセン / トマティーナ少佐 / トキシッくんｵｯｽｵｯｽ / ハリウッドナナコ師匠
1,763,em-8cff13c7ab2a,ツボの中のウツボン,13,1917,1917,6,damage_reduction,0.3978,0.5833,100,0,8,いいえ,ツボの中のウツボン / えかちぇたん / 愛のぴよ子 / みどりのたけしマン / 御嶽さん
1,764,em-28f044d525d7,スーリヤ様が見てる,7,489,1446,3,skill_reduction,0.3977,0.5764,87,13,7,いいえ,スーリヤ様が見てる / カルボ姉（ねえ） / ????? / 御嶽さん / 巨大カンテツ
1,765,em-59fa5fa098ba,繭神！おかいこさま,32,5027,1704,3,attribute_change,0.3977,0.5347,97,3,7,いいえ,繭神！おかいこさま / カルボ姉（ねえ） / 試作型おこしん / 愛のぴよ子 / 御嶽さん
1,766,em-4f7f91fb4514,うどんの天使,42,3067,3748,1,attack_buff,0.3975,0.5,100,0,7,いいえ,うどんの天使 / ペーチパイセン / トキシッくんｵｯｽｵｯｽ / みどりのたけしマン / 聖えぇじゃないか
1,767,em-30e2f325f3af,尾索戦隊ｻﾙﾊﾟﾝｼﾞｬｰ,28,4907,1022,2,multi_hit_attack,0.3974,0.5486,90,10,8,いいえ,尾索戦隊ｻﾙﾊﾟﾝｼﾞｬｰ / 北間・クラリス嬢 / ????? / 御嶽さん / ハリウッドナナコ師匠
1,768,em-080293573ea5,ダヴィアさん,19,2567,1914,2,attack_buff,0.3972,0.5556,96,4,8,いいえ,ダヴィアさん / カルボ姉（ねえ） / ????? / ブハラ師匠 / ハリウッドナナコ師匠
1,769,em-490281caead8,にくぁう羽子板・辰,36,3449,3449,0,attack_buff,0.3968,0.4792,100,0,7,いいえ,にくぁう羽子板・辰 / えかちぇたん / 愛のぴよ子 / ????? / 聖えぇじゃないか
1,770,em-beaaa8c15744,カメハメハワイ大王,50,3059,5879,2,attack_buff,0.3967,0.4931,95,5,7,いいえ,カメハメハワイ大王 / 北間・クラリス嬢 / すわ子isGOD！ / ɚすぃとあろま？ / ハリウッドナナコ師匠
1,771,em-b5e0f2fbff78,養老のバッカス,65,6475,3408,4,revive,0.3965,0.5,97,3,7,いいえ,養老のバッカス / ペーチパイセン / 試作型おこしん / 愛のぴよ子 / おこしんMK-2
1,772,em-cbed7e550323,ちわっしータミ,12,2249,1376,3,heal,0.3964,0.5903,100,0,8,いいえ,ちわっしータミ / カルボ姉（ねえ） / サルパちゃん / 愛のぴよ子 / 八狗神伏姫様
1,773,em-a2d073a6cd6c,納豆問屋のご隠居様,8,944,893,1,skill_reduction,0.3963,0.6042,100,0,7,いいえ,納豆問屋のご隠居様 / カルボ姉（ねえ） / トマティーナ少佐 / みどりのたけしマン / 八狗神伏姫様
1,774,em-48860dff9f84,カナ★パラ,20,1661,1812,5,revive,0.3963,0.5833,95,5,8,いいえ,カナ★パラ / 北間・クラリス嬢 / すわ子isGOD！ / ????? / 御嶽さん
1,775,em-b8872ecc31c1,オバケな☆らんちぇん,31,1533,5367,5,attribute_guard,0.3963,0.5417,100,0,7,いいえ,オバケな☆らんちぇん / カルボ姉（ねえ） / 愛のぴよ子 / 御嶽さん / 速いぞサラマンダー！
1,776,em-db1935c2a136,コーベリアル公爵,10,1229,1173,1,attribute_guard,0.3962,0.5833,100,0,8,いいえ,コーベリアル公爵 / カルボ姉（ねえ） / ????? / ブハラ師匠 / 美才能♪かの子さん
1,777,em-bc2106c87bcd,?????,15,511,2811,3,damage_reduction,0.3962,0.5694,95,5,8,いいえ,????? / カルボ姉（ねえ） / 愛のぴよ子 / みどりのたけしマン / 御嶽さん
1,778,em-a85f091d502f,スウェルくん,11,1452,2058,2,damage_reduction,0.3962,0.5625,98,2,8,いいえ,スウェルくん / えかちぇたん / 愛のぴよ子 / みどりのたけしマン / 御嶽さん
1,779,em-739aae6480ff,男前やできっしん,14,755,2605,4,attack_buff,0.3958,0.5833,98,2,7,いいえ,男前やできっしん / えかちぇたん / ????? / ブハラ師匠 / ハリウッドナナコ師匠
1,780,em-1c71acfdc139,星の白金ぴよ子,5,999,999,0,none,0.3956,0.5764,85,15,7,いいえ,星の白金ぴよ子 / カルボ姉（ねえ） / ????? / 御嶽さん / 巨大カンテツ
1,781,em-983cb2f685ee,再びニートだ浅ちゃん,40,2044,6816,2,attack_buff,0.3956,0.4931,88,12,7,いいえ,再びニートだ浅ちゃん / 夏至祭のヴァサクサ君 / 試作型おこしん / トキシッくんｵｯｽｵｯｽ / 端午ぴよ子
1,782,em-d3aec6288103,カニシカ大先生,39,6034,1440,5,heal,0.3955,0.5486,100,0,8,いいえ,カニシカ大先生 / カルボ姉（ねえ） / トマティーナ少佐 / ????? / 速いぞサラマンダー！
1,783,em-9cc423bd9843,沼んだーライド！,21,1585,1887,5,aoe_attack,0.3954,0.5833,99,1,8,いいえ,沼んだーライド！ / 北間・クラリス嬢 / すわ子isGOD！ / ????? / 八狗神伏姫様
1,784,em-1be59b60bcb4,アメンボ,30,2215,3919,0,attack_buff,0.3954,0.4861,100,0,8,いいえ,アメンボ / 北間・クラリス嬢 / トリニダの怪人 / ????? / 御嶽さん
1,785,em-04bcad8262b9,現実リオンさん,12,700,1300,4,delay,0.3953,0.5833,80,20,7,いいえ,現実リオンさん / カルボ姉（ねえ） / すわ子isGOD！ / ɚすぃとあろま？ / シミ
1,786,em-594f4648caff,金閣鹿苑大先生,7,1201,1201,4,revive,0.3952,0.6042,95,5,8,いいえ,金閣鹿苑大先生 / カルボ姉（ねえ） / ????? / 家族贖罪という字面 / まそお姉ちゃん
1,787,em-8527b3dd869a,帰って来たいぬやマン,21,1661,1661,4,attack_buff,0.3952,0.5903,99,1,8,いいえ,帰って来たいぬやマン / 北間・クラリス嬢 / すわ子isGOD！ / ????? / 八狗神伏姫様
1,788,em-e9b3dc6478a4,アヌラさま,33,2495,2978,2,attribute_guard,0.3952,0.5278,92,8,7,いいえ,アヌラさま / えかちぇたん / トリニダの怪人 / トキシッくんｵｯｽｵｯｽ / 伝説のWoo怪
1,789,em-bb2bd26d4796,のり男の浪漫,36,3098,2695,2,attribute_guard,0.3949,0.5278,98,2,8,いいえ,のり男の浪漫 / 夏至祭のヴァサクサ君 / すわ子isGOD！ / トキシッくんｵｯｽｵｯｽ / 聖えぇじゃないか
1,790,em-4c448c54f095,実底超真幽子さん,15,1187,1215,5,revive,0.3948,0.5972,100,0,8,いいえ,実底超真幽子さん / えかちぇたん / すわ子isGOD！ / 愛のぴよ子 / 八狗神伏姫様
1,791,em-276d7f996bbe,竜也エボリューション,49,2044,6305,3,attack_buff,0.3948,0.5208,97,3,7,いいえ,竜也エボリューション / 試作型おこしん / すわ子isGOD！ / トキシッくんｵｯｽｵｯｽ / 端午ぴよ子
1,792,em-671838a10625,皐月ニート,4,614,614,6,skill_reduction,0.3942,0.6042,84,16,7,いいえ,皐月ニート / カルボ姉（ねえ） / ????? / 御嶽さん / 巨大カンテツ
1,793,em-ea05427d05f5,ナポレオーヌくん,32,3121,2603,1,attack_buff,0.3941,0.5139,94,6,7,いいえ,ナポレオーヌくん / 北間・クラリス嬢 / ????? / 御嶽さん / ハリウッドナナコ師匠
1,794,em-2449b6ff9d58,スマトラのウータン,12,2703,657,2,attribute_change,0.394,0.5903,100,0,7,いいえ,スマトラのウータン / カルボ姉（ねえ） / サルパちゃん / 愛のぴよ子 / 八狗神伏姫様
1,795,em-2c2759ede728,?????,44,4771,2385,1,attack_buff,0.394,0.5,96,4,7,いいえ,????? / カルボ姉（ねえ） / 愛のぴよ子 / ????? / 速いぞサラマンダー！
1,796,em-74a94c7750af,スーちゃん,8,603,603,1,attribute_change,0.3939,0.6181,100,0,7,いいえ,スーちゃん / カルボ姉（ねえ） / トマティーナ少佐 / みどりのたけしマン / 八狗神伏姫様
1,797,em-78804a795640,ズンビージョンきゅん,39,1448,4771,6,revive,0.3939,0.5486,100,0,8,いいえ,ズンビージョンきゅん / カルボ姉（ねえ） / トマティーナ少佐 / ????? / 速いぞサラマンダー！
1,798,em-71504e292ebf,キャミー・the.女,13,1208,2567,3,heal,0.3938,0.5625,82,18,8,いいえ,キャミー・the.女 / カルボ姉（ねえ） / トマティーナ少佐 / みどりのたけしマン / 速いぞサラマンダー！
1,799,em-3911cf0df99b,あずま京子という女,14,1687,1687,3,damage_reduction,0.3936,0.5625,93,7,8,いいえ,あずま京子という女 / えかちぇたん / 愛のぴよ子 / ????? / 御嶽さん
1,800,em-45aa4b2348d2,鬼一方眼,80,12780,3578,5,attack_buff,0.3936,0.4444,100,0,4,いいえ,鬼一方眼 / 猫キャットマンジョン / 覚醒ニート / わんこースそば / ほたるーニャ
1,801,em-d8349efcae1b,鰹でよくね?,5,700,700,7,skill_reduction,0.3934,0.5972,85,15,7,いいえ,鰹でよくね? / カルボ姉（ねえ） / ????? / 御嶽さん / 巨大カンテツ
1,802,em-f13588602944,生イカのアーニー,15,3220,1610,4,attack_buff,0.3934,0.5556,99,1,7,いいえ,生イカのアーニー / えかちぇたん / ????? / ブハラ師匠 / ハリウッドナナコ師匠
1,803,em-6f8dfc0a39eb,近すぎリオンさん,16,1000,1500,4,delay,0.3933,0.5764,92,8,7,いいえ,近すぎリオンさん / カルボ姉（ねえ） / サルパちゃん / ????? / 巨大カンテツ
1,804,em-a818769b8b91,田島の春,44,1618,5112,2,multi_hit_attack,0.3932,0.5208,96,4,7,いいえ,田島の春 / カルボ姉（ねえ） / 愛のぴよ子 / ????? / 速いぞサラマンダー！
1,805,em-830856ac5a07,トキシッくん先輩,7,1000,800,4,revive,0.393,0.6111,95,5,8,いいえ,トキシッくん先輩 / カルボ姉（ねえ） / サルパちゃん / 愛のぴよ子 / 八狗神伏姫様
1,806,em-ca249600bce3,アレス暮らし,24,2737,1932,1,attack_buff,0.393,0.5347,100,0,8,いいえ,アレス暮らし / 北間・クラリス嬢 / トマティーナ少佐 / ????? / 八狗神伏姫様
1,807,em-698af6462642,反魂タン昼食TIME,32,3067,5623,4,attack_buff,0.3928,0.5,99,1,7,いいえ,反魂タン昼食TIME / トリニダの怪人 / 愛のぴよ子 / ????? / 御嶽さん
1,808,em-3803f94f5ae7,あろまちゃん,3,350,500,4,revive,0.3926,0.625,89,11,8,いいえ,あろまちゃん / カルボ姉（ねえ） / すわ子isGOD！ / ????? / 八狗神伏姫様
1,809,em-8f7b014ebd06,すわ子isGOD！,18,2254,2737,2,multi_hit_attack,0.3926,0.5347,95,5,7,いいえ,すわ子isGOD！ / カルボ姉（ねえ） / ????? / ブハラ師匠 / ハリウッドナナコ師匠
1,810,em-d138d4e46038,きぬたン,48,3067,4771,2,attack_buff,0.3925,0.5,100,0,8,いいえ,きぬたン / カルボ姉（ねえ） / 愛のぴよ子 / ????? / 速いぞサラマンダー！
1,811,em-3c2628783368,すまぁとヤスマサニキ,50,4260,5623,2,attack_buff,0.3924,0.4792,98,2,7,いいえ,すまぁとヤスマサニキ / 北間・クラリス嬢 / すわ子isGOD！ / ????? / ハリウッドナナコ師匠
1,812,em-210e07c4044b,偉いよ！どうしん先生,19,1245,1155,1,heal,0.3923,0.5833,97,3,8,いいえ,偉いよ！どうしん先生 / カルボ姉（ねえ） / すわ子isGOD！ / 愛のぴよ子 / 八狗神伏姫様
1,813,em-fef48f3b2f9e,まん丸！シャーミー君,28,3800,3237,1,attack_buff,0.3923,0.5,100,0,8,いいえ,まん丸！シャーミー君 / えかちぇたん / 試作型おこしん / 愛のぴよ子 / 御嶽さん
1,814,em-3e5e9519eb9b,風林火山のぶくろ！,47,4089,4430,5,aoe_attack,0.3922,0.5208,99,1,7,いいえ,風林火山のぶくろ！ / カルボ姉（ねえ） / 愛のぴよ子 / ????? / 速いぞサラマンダー！
1,815,em-c749ad6eefee,トーテムゆ～る,16,1413,1201,3,delay,0.3919,0.5764,92,8,7,いいえ,トーテムゆ～る / カルボ姉（ねえ） / サルパちゃん / ????? / 巨大カンテツ
1,816,em-4b386c59ef08,キマシ塔の温泉娘,20,1245,2781,5,attack_buff,0.3919,0.5694,97,3,8,いいえ,キマシ塔の温泉娘 / カルボ姉（ねえ） / ????? / ブハラ師匠 / ハリウッドナナコ師匠
1,817,em-628e695d4365,カクラム先生,16,2256,2397,4,multi_hit_attack,0.3918,0.5625,100,0,7,いいえ,カクラム先生 / えかちぇたん / ????? / ブハラ師匠 / ハリウッドナナコ師匠
1,818,em-b54ea6cda2a4,塚井さん,38,3817,2999,2,attack_buff,0.3914,0.5278,98,2,7,いいえ,塚井さん / カルボ姉（ねえ） / 愛のぴよ子 / みどりのたけしマン / 速いぞサラマンダー！
1,819,em-8dfd3b91ca8d,総統エビユルゲ,6,1244,1159,1,attribute_change,0.3912,0.5764,94,6,7,いいえ,総統エビユルゲ / カルボ姉（ねえ） / サルパちゃん / 愛のぴよ子 / 八狗神伏姫様
1,820,em-af9542637cdd,群れを成すサルパ,28,5453,756,2,multi_hit_attack,0.3912,0.5347,100,0,8,いいえ,群れを成すサルパ / 夏至祭のヴァサクサ君 / 愛のぴよ子 / ????? / 御嶽さん
1,821,em-842f3d28d20e,のり男師匠,8,1285,1118,2,attribute_guard,0.391,0.5833,95,5,8,いいえ,のり男師匠 / えかちぇたん / ????? / ブハラ師匠 / 旧市街地の魔物
1,822,em-39a55990bbc4,願え！クルスさん,11,800,800,1,attribute_change,0.3909,0.6042,99,1,7,いいえ,願え！クルスさん / カルボ姉（ねえ） / サルパちゃん / 愛のぴよ子 / 八狗神伏姫様
1,823,em-a58c4fcc6b2e,けねず大先生,14,1699,1699,4,damage_reduction,0.3909,0.5625,93,7,8,いいえ,けねず大先生 / えかちぇたん / 愛のぴよ子 / ????? / 御嶽さん
1,824,em-3e54a6be4029,おかいこ先輩,15,1206,1276,5,attribute_change,0.3906,0.5903,100,0,7,いいえ,おかいこ先輩 / えかちぇたん / すわ子isGOD！ / 愛のぴよ子 / 八狗神伏姫様
1,825,em-65cc0d6a4bcc,TAGIの映画祭,31,3748,2726,5,multi_hit_attack,0.3906,0.5347,93,7,7,いいえ,TAGIの映画祭 / 北間・クラリス嬢 / ????? / 御嶽さん / ハリウッドナナコ師匠
1,826,em-2c51c9073e5a,強化ゆる骨格のススメ,50,1704,1704,12,attribute_guard,0.3905,0.5833,100,0,8,いいえ,強化ゆる骨格のススメ / カルボ姉（ねえ） / すわ子isGOD！ / トキシッくんｵｯｽｵｯｽ / ハリウッドナナコ師匠
1,827,em-2a823144560b,パンのん☆春間,56,3919,3408,0,damage_reduction,0.3904,0.4653,94,6,7,いいえ,パンのん☆春間 / ペーチパイセン / 試作型おこしん / トキシッくんｵｯｽｵｯｽ / 伝説のWoo怪
1,828,em-f3d2c338aec3,セビリアンナ先輩,18,1963,1359,0,multi_hit_attack,0.3903,0.5625,95,5,7,いいえ,セビリアンナ先輩 / カルボ姉（ねえ） / ????? / ブハラ師匠 / ハリウッドナナコ師匠
1,829,em-cf5373dcdc2a,コンゴーニャスパス,17,1886,1723,3,guard,0.3902,0.5694,96,4,8,いいえ,コンゴーニャスパス / えかちぇたん / 愛のぴよ子 / ????? / 御嶽さん
1,830,em-8a9a0a93b442,メジーナ,15,2415,2415,6,attack_buff,0.3901,0.5625,99,1,7,いいえ,メジーナ / えかちぇたん / ????? / ブハラ師匠 / ハリウッドナナコ師匠
1,831,em-70861f8a23e9,ウナギーヌくん,3,800,200,2,heal,0.39,0.6319,89,11,8,いいえ,ウナギーヌくん / カルボ姉（ねえ） / すわ子isGOD！ / ????? / 八狗神伏姫様
1,832,em-4c77b2b8ad46,トキシッくんさん,6,700,600,4,revive,0.39,0.6181,94,6,8,いいえ,トキシッくんさん / カルボ姉（ねえ） / サルパちゃん / 愛のぴよ子 / 八狗神伏姫様
1,833,em-865f442bc56a,神魚！はたはタン,6,700,600,4,heal,0.39,0.6181,94,6,8,いいえ,神魚！はたはタン / カルボ姉（ねえ） / サルパちゃん / 愛のぴよ子 / 八狗神伏姫様
1,834,em-2f5dd4b0a739,大内先輩,9,800,800,4,heal,0.3899,0.6111,97,3,8,いいえ,大内先輩 / カルボ姉（ねえ） / サルパちゃん / 愛のぴよ子 / 八狗神伏姫様
1,835,em-6c1c64d0e4ed,七夕ぴよ子,7,1104,1104,3,revive,0.3898,0.5903,95,5,8,いいえ,七夕ぴよ子 / カルボ姉（ねえ） / サルパちゃん / 愛のぴよ子 / 八狗神伏姫様
1,836,em-c4c0bb3e4292,あっぴーちゃん,3,600,300,3,heal,0.3897,0.6319,89,11,8,いいえ,あっぴーちゃん / カルボ姉（ねえ） / すわ子isGOD！ / ????? / 八狗神伏姫様
1,837,em-7aeb7561c788,ににぎのミコト,50,4941,3748,5,attack_buff,0.3897,0.5069,95,5,7,いいえ,ににぎのミコト / 北間・クラリス嬢 / ????? / ɚすぃとあろま？ / おこしんMK-2
1,838,em-0d41ec5f78f0,じょーカーくん,6,500,600,6,delay,0.3896,0.6042,86,14,7,いいえ,じょーカーくん / カルボ姉（ねえ） / ????? / 御嶽さん / 巨大カンテツ
1,839,em-c623973fc8a5,うおぬまンダーＲ上Ｘ,15,1208,2567,4,aoe_attack,0.3896,0.5694,99,1,7,いいえ,うおぬまンダーＲ上Ｘ / えかちぇたん / ????? / ブハラ師匠 / ハリウッドナナコ師匠
1,840,em-dac0a350706a,くたにん,6,500,600,3,attribute_change,0.3895,0.6181,94,6,7,いいえ,くたにん / カルボ姉（ねえ） / サルパちゃん / 愛のぴよ子 / 八狗神伏姫様
1,841,em-480a0eef6d7b,ピカリャー射的ｽﾀｲﾙ,45,3786,3786,2,aoe_attack,0.3895,0.5,98,2,7,いいえ,ピカリャー射的ｽﾀｲﾙ / カルボ姉（ねえ） / アウス大先輩 / トキシッくんｵｯｽｵｯｽ / 実はこんにゃくちゃん
1,842,em-bb70b91588ed,夜魔・マヤー,12,1661,2114,4,multi_hit_attack,0.3893,0.5694,96,4,7,いいえ,夜魔・マヤー / えかちぇたん / ????? / ブハラ師匠 / ハリウッドナナコ師匠
1,843,em-57e25e9e3446,にゅーくん,8,400,1700,4,guard,0.3892,0.5833,93,7,8,いいえ,にゅーくん / えかちぇたん / すわ子isGOD！ / 愛のぴよ子 / 八狗神伏姫様
1,844,em-fbb333645878,戸隠ちび大助,14,226,2193,2,attack_buff,0.3892,0.5694,98,2,7,いいえ,戸隠ちび大助 / えかちぇたん / ????? / ブハラ師匠 / ハリウッドナナコ師匠
1,845,em-21262d62b170,ホーク＆フック,25,2093,2173,1,attribute_guard,0.3892,0.5486,100,0,8,いいえ,ホーク＆フック / 北間・クラリス嬢 / すわ子isGOD！ / ????? / 御嶽さん
1,846,em-d51ded51621f,華麗なる塚ジェンヌ,13,1684,1676,3,revive,0.389,0.5764,82,18,8,いいえ,華麗なる塚ジェンヌ / カルボ姉（ねえ） / トマティーナ少佐 / みどりのたけしマン / 速いぞサラマンダー！
1,847,em-85a7b3e2cb7d,剥ぐぞ！ナモミ先生,16,400,2100,2,attack_buff,0.3888,0.5694,100,0,7,いいえ,剥ぐぞ！ナモミ先生 / えかちぇたん / ????? / ブハラ師匠 / ハリウッドナナコ師匠
1,848,em-90e071b9735c,乗り海苔カスティリャ,16,2707,1223,2,attribute_guard,0.3888,0.5625,93,7,8,いいえ,乗り海苔カスティリャ / えかちぇたん / トマティーナ少佐 / オペラハウス侯爵 / 速いぞサラマンダー！
1,849,em-e5027c0cc6fa,みかんの姐御,17,2265,1510,3,aoe_attack,0.3887,0.5625,94,6,7,いいえ,みかんの姐御 / カルボ姉（ねえ） / ????? / ブハラ師匠 / ハリウッドナナコ師匠
1,850,em-f346c1f4c45d,八狗神伏姫様,35,5538,2130,4,guard,0.3886,0.5069,98,2,7,いいえ,八狗神伏姫様 / ペーチパイセン / 愛のぴよ子 / ????? / 御嶽さん
1,851,em-1b8d4b845182,キャミーという女,8,600,800,4,heal,0.3884,0.6111,96,4,8,いいえ,キャミーという女 / カルボ姉（ねえ） / サルパちゃん / 愛のぴよ子 / 八狗神伏姫様
1,852,em-f21bf8aa6e67,独眼竜！梵天。,23,2254,2576,5,aoe_attack,0.3884,0.5486,99,1,8,いいえ,独眼竜！梵天。 / 北間・クラリス嬢 / トマティーナ少佐 / ????? / 八狗神伏姫様
1,853,em-a71ad4631750,絶許！近所のあん子,9,1131,989,4,heal,0.3883,0.5972,97,3,8,いいえ,絶許！近所のあん子 / カルボ姉（ねえ） / サルパちゃん / 愛のぴよ子 / 八狗神伏姫様
1,854,em-9da039c08ead,キャミー先生,6,500,600,4,heal,0.3881,0.6181,94,6,8,いいえ,キャミー先生 / カルボ姉（ねえ） / サルパちゃん / 愛のぴよ子 / 八狗神伏姫様
1,855,em-0a34a4b839d5,堕落勇者オトシゴ,60,4732,5111,8,damage_reduction,0.3881,0.5069,99,1,7,いいえ,堕落勇者オトシゴ / ペーチパイセン / トマティーナ少佐 / トキシッくんｵｯｽｵｯｽ / ハリウッドナナコ師匠
1,856,em-7b2daf42204c,モモトじゃねーの?,14,1400,1600,3,heal,0.388,0.5833,83,17,8,いいえ,モモトじゃねーの? / カルボ姉（ねえ） / トマティーナ少佐 / みどりのたけしマン / 速いぞサラマンダー！
1,857,em-313faf3b400a,バルパラ★イソ子,36,3237,3067,1,attribute_guard,0.388,0.5,100,0,8,いいえ,バルパラ★イソ子 / えかちぇたん / 愛のぴよ子 / ????? / 聖えぇじゃないか
1,858,em-cdd7690ef318,京都コーラマン,59,5959,2800,4,damage_reduction,0.3878,0.5,92,8,7,いいえ,京都コーラマン / 北間・クラリス嬢 / 試作型おこしん / 愛のぴよ子 / 旧市街地の魔物
1,859,em-57204b8d6ee6,伝説のWoo怪,12,1126,2393,4,multi_hit_attack,0.3876,0.5625,96,4,7,いいえ,伝説のWoo怪 / えかちぇたん / ????? / ブハラ師匠 / ハリウッドナナコ師匠
1,860,em-d05fca3e00df,ほたるん,6,700,1000,3,attribute_change,0.3875,0.5972,94,6,7,いいえ,ほたるん / カルボ姉（ねえ） / サルパちゃん / 愛のぴよ子 / 八狗神伏姫様
1,861,em-05476daa6b31,だんじり鉄砲隊,26,805,3599,4,attack_buff,0.3875,0.5556,94,6,8,いいえ,だんじり鉄砲隊 / カルボ姉（ねえ） / 試作型おこしん / 愛のぴよ子 / 八狗神伏姫様
1,862,em-14d31235a3f8,かっちゃんのBIG強飯,48,3067,4601,4,attack_buff,0.3875,0.5208,100,0,7,いいえ,かっちゃんのBIG強飯 / カルボ姉（ねえ） / 愛のぴよ子 / ????? / 速いぞサラマンダー！
1,863,em-c6337efaceae,ｴﾚｶﾞﾝﾄ☆トラボル子,47,4260,4771,5,aoe_attack,0.3874,0.5,99,1,7,いいえ,ｴﾚｶﾞﾝﾄ☆トラボル子 / カルボ姉（ねえ） / 愛のぴよ子 / ????? / 速いぞサラマンダー！
1,864,em-535fe684b32f,新・フィッシャーマン,10,1286,1116,1,heal,0.3872,0.5764,98,2,8,いいえ,新・フィッシャーマン / カルボ姉（ねえ） / サルパちゃん / 愛のぴよ子 / 八狗神伏姫様
1,865,em-2b7450b3b8b1,トンコー先生,15,1510,1510,3,multi_hit_attack,0.3872,0.5694,99,1,7,いいえ,トンコー先生 / えかちぇたん / ????? / ブハラ師匠 / ハリウッドナナコ師匠
1,866,em-a7be30f0211a,烏枢さま降臨！,13,1359,2416,2,attack_buff,0.3871,0.5556,97,3,7,いいえ,烏枢さま降臨！ / えかちぇたん / ????? / ブハラ師匠 / ハリウッドナナコ師匠
1,867,em-fc400150cadd,サンタぴよ子,10,1173,1173,4,skill_reduction,0.387,0.5764,98,2,7,いいえ,サンタぴよ子 / カルボ姉（ねえ） / サルパちゃん / 愛のぴよ子 / 八狗神伏姫様
1,868,em-10aded4f89d1,ゲイコツガブリムシ,13,820,2300,5,revive,0.3868,0.5694,100,0,8,いいえ,ゲイコツガブリムシ / えかちぇたん / 愛のぴよ子 / みどりのたけしマン / 御嶽さん
1,869,em-d7e6501e0b63,ダークるる,60,4771,4771,3,damage_reduction,0.3868,0.4792,93,7,7,いいえ,ダークるる / 北間・クラリス嬢 / 試作型おこしん / 愛のぴよ子 / 旧市街地の魔物
1,870,em-f7db929b2ed5,シャボテンの世界,17,1510,1812,5,revive,0.3867,0.5625,96,4,8,いいえ,シャボテンの世界 / えかちぇたん / 愛のぴよ子 / ????? / 御嶽さん
1,871,em-b08b3e6f22a8,フィッシャーマン三平,17,1286,1316,2,guard,0.3866,0.5694,96,4,8,いいえ,フィッシャーマン三平 / えかちぇたん / 愛のぴよ子 / ????? / 御嶽さん
1,872,em-14cb05f591ca,牛鬼だうわーっ！,45,3919,2556,2,multi_hit_attack,0.3866,0.5139,97,3,7,いいえ,牛鬼だうわーっ！ / カルボ姉（ねえ） / 愛のぴよ子 / ????? / 速いぞサラマンダー！
1,873,em-ec43e91715ed,大谷雪之ちゃん,13,3171,604,2,damage_reduction,0.3865,0.5694,100,0,8,いいえ,大谷雪之ちゃん / えかちぇたん / すわ子isGOD！ / ブハラ師匠 / ハリウッドナナコ師匠
1,874,em-86b8f3a86278,レボリューション凜子,10,800,800,4,attack_buff,0.3864,0.6042,100,0,7,いいえ,レボリューション凜子 / えかちぇたん / 超患部ぴよフェッサー / ????? / 八狗神伏姫様
1,875,em-e3dd4898ff56,ﾃﾗももたろす,15,1600,1600,3,attribute_change,0.3864,0.5764,94,6,7,いいえ,ﾃﾗももたろす / えかちぇたん / トマティーナ少佐 / みどりのたけしマン / 巨大カンテツ
1,876,em-35dfd8c60675,はぎみタンさん,55,4430,4771,4,aoe_attack,0.3863,0.5,100,0,6,いいえ,はぎみタンさん / 北間・クラリス嬢 / すわ子isGOD！ / ɚすぃとあろま？ / ハリウッドナナコ師匠
1,877,em-337e85c2cd90,ユーコ☆スターダスト,60,6053,4354,4,revive,0.3861,0.4792,99,1,7,いいえ,ユーコ☆スターダスト / 北間・クラリス嬢 / 試作型おこしん / おこしんMK-2 / 端午ぴよ子
1,878,em-354b4786550a,魔滅！鷹山先生,27,1283,1283,4,delay,0.3858,0.5556,99,1,7,いいえ,魔滅！鷹山先生 / カルボ姉（ねえ） / 愛のぴよ子 / ????? / 御嶽さん
1,879,em-955edfecd83b,天晴！ぶんぶくん,22,1883,1162,4,revive,0.3857,0.5903,100,0,8,いいえ,天晴！ぶんぶくん / カルボ姉（ねえ） / すわ子isGOD！ / 愛のぴよ子 / 八狗神伏姫様
1,880,em-19a1ef813069,絶品！さくらん兄妹,10,780,820,5,skill_reduction,0.3857,0.5833,98,2,7,いいえ,絶品！さくらん兄妹 / カルボ姉（ねえ） / サルパちゃん / 愛のぴよ子 / 八狗神伏姫様
1,881,em-5ad05ec11a09,三連星のオコオコ,37,3834,3834,3,multi_hit_attack,0.3856,0.5069,90,10,7,いいえ,三連星のオコオコ / トリニダの怪人 / 超患部ぴよフェッサー / ɚすぃとあろま？ / 端午ぴよ子
1,882,em-07c5bc08f69e,朦朧ボディマンΩ,16,755,3020,10,multi_hit_attack,0.3854,0.5625,100,0,7,いいえ,朦朧ボディマンΩ / えかちぇたん / ????? / ブハラ師匠 / ハリウッドナナコ師匠
1,883,em-a6fe320c7afa,戸隠忍者はハント中,31,937,5027,1,attack_buff,0.3854,0.5,95,5,7,いいえ,戸隠忍者はハント中 / 夏至祭のヴァサクサ君 / サルパちゃん / トキシッくんｵｯｽｵｯｽ / 実はこんにゃくちゃん
1,884,em-d9f30734dd50,草カロ花子,7,1159,1244,5,heal,0.3853,0.5903,95,5,8,いいえ,草カロ花子 / カルボ姉（ねえ） / ????? / 家族贖罪という字面 / まそお姉ちゃん
1,885,em-bb16895fa31d,ハルキさんとゲニアさん,26,3074,813,6,delay,0.3853,0.5347,98,2,7,いいえ,ハルキさんとゲニアさん / カルボ姉（ねえ） / 愛のぴよ子 / ????? / 御嶽さん
1,886,em-e7adf536ba2f,やまなしーヌさま,9,500,600,5,skill_reduction,0.385,0.5972,100,0,7,いいえ,やまなしーヌさま / カルボ姉（ねえ） / 超患部ぴよフェッサー / みどりのたけしマン / 八狗神伏姫様
1,887,em-d5465017bfd1,チュパカブ先輩,59,4819,2811,1,heal,0.3849,0.4861,98,2,8,いいえ,チュパカブ先輩 / カルボ姉（ねえ） / 試作型おこしん / おこしんMK-2 / ハリウッドナナコ師匠
1,888,em-b0564825039b,わんこールそば,3,200,300,3,heal,0.3848,0.6319,89,11,8,いいえ,わんこールそば / カルボ姉（ねえ） / すわ子isGOD！ / ????? / 八狗神伏姫様
1,889,em-b34fc14eb133,ピカリャーは眠らない,10,800,1000,5,multi_hit_attack,0.3844,0.6042,100,0,7,いいえ,ピカリャーは眠らない / えかちぇたん / 超患部ぴよフェッサー / ????? / 八狗神伏姫様
1,890,em-e99bfc1ea066,ご入学ぴよ子,9,883,2397,2,attack_buff,0.3844,0.5556,93,7,7,いいえ,ご入学ぴよ子 / えかちぇたん / ????? / ブハラ師匠 / ハリウッドナナコ師匠
1,891,em-4b24f34b41a1,レジェント・八郎ニキ,42,4941,852,1,multi_hit_attack,0.3844,0.5278,100,0,7,いいえ,レジェント・八郎ニキ / ペーチパイセン / トキシッくんｵｯｽｵｯｽ / みどりのたけしマン / 聖えぇじゃないか
1,892,em-049ada05607b,眠里　不可緒,16,3578,2315,5,attack_buff,0.3842,0.5278,100,0,7,いいえ,眠里　不可緒 / えかちぇたん / アウス大先輩 / 愛のぴよ子 / 八狗神伏姫様
1,893,em-87b19d1c9d4e,ベリーズさん,9,1057,1692,5,attack_buff,0.3841,0.5694,93,7,8,いいえ,ベリーズさん / えかちぇたん / ????? / ブハラ師匠 / ハリウッドナナコ師匠
1,894,em-4089c86a52af,夢奈・マコ,15,2470,1363,6,attribute_guard,0.384,0.5556,94,6,8,いいえ,夢奈・マコ / えかちぇたん / 愛のぴよ子 / ????? / 御嶽さん
1,895,em-11f22e87203d,骨喰　花蟲,60,2300,5708,4,revive,0.384,0.5069,99,1,7,いいえ,骨喰　花蟲 / カルボ姉（ねえ） / 試作型おこしん / おこしんMK-2 / ハリウッドナナコ師匠
1,896,em-cdd2ac5f0a12,クイーンなコンク様,44,3578,2385,1,damage_reduction,0.384,0.5,99,1,8,いいえ,クイーンなコンク様 / えかちぇたん / トマティーナ少佐 / トキシッくんｵｯｽｵｯｽ / ハリウッドナナコ師匠
1,897,em-144acde7efe5,魚臣！又土くん,4,500,650,7,skill_reduction,0.3839,0.5903,84,16,7,いいえ,魚臣！又土くん / カルボ姉（ねえ） / ????? / 御嶽さん / 巨大カンテツ
1,898,em-7f906b3752a5,華麗なびわ子たん,10,1213,1190,3,damage_reduction,0.3839,0.5764,100,0,8,いいえ,華麗なびわ子たん / カルボ姉（ねえ） / ????? / ブハラ師匠 / 美才能♪かの子さん
1,899,em-2f3cf0f345e4,ふらっとウッズ子さん,59,5112,2272,0,attribute_guard,0.3836,0.4653,100,0,7,いいえ,ふらっとウッズ子さん / ペーチパイセン / すわ子isGOD！ / トキシッくんｵｯｽｵｯｽ / ハリウッドナナコ師匠
1,900,em-f9ed70b034c7,チロ江さん,16,3020,1510,6,multi_hit_attack,0.3835,0.5625,100,0,7,いいえ,チロ江さん / えかちぇたん / ????? / ブハラ師匠 / ハリウッドナナコ師匠
1,901,em-e778e99b9218,不敵な笑みのニタりん,16,1363,2556,3,multi_hit_attack,0.3835,0.5556,100,0,7,いいえ,不敵な笑みのニタりん / えかちぇたん / ????? / ブハラ師匠 / ハリウッドナナコ師匠
1,902,em-690b5b221287,メルクさん,17,2114,1812,2,aoe_attack,0.3834,0.5556,94,6,7,いいえ,メルクさん / カルボ姉（ねえ） / ????? / ブハラ師匠 / ハリウッドナナコ師匠
1,903,em-17a8d3f2a8d3,牛迫 角子さん,31,3282,4260,1,attack_buff,0.3833,0.4792,95,5,7,いいえ,牛迫 角子さん / 夏至祭のヴァサクサ君 / サルパちゃん / トキシッくんｵｯｽｵｯｽ / 実はこんにゃくちゃん
1,904,em-7e70673d97ae,セント・キルダ音楽隊,13,1344,1963,0,attribute_guard,0.3832,0.5417,98,2,8,いいえ,セント・キルダ音楽隊 / えかちぇたん / トマティーナ少佐 / ブハラ師匠 / ハリウッドナナコ師匠
1,905,em-5793db0a4078,リンゴール伯爵,5,700,600,4,delay,0.383,0.5903,85,15,7,いいえ,リンゴール伯爵 / カルボ姉（ねえ） / ????? / 御嶽さん / 巨大カンテツ
1,906,em-6de5eba89049,天孫降臨ににぎくん,25,2334,2817,5,attack_buff,0.3828,0.5347,100,0,8,いいえ,天孫降臨ににぎくん / 北間・クラリス嬢 / すわ子isGOD！ / ????? / 御嶽さん
1,907,em-062228a8b4d2,キャニオン雄大,25,2737,2737,5,attack_buff,0.3827,0.5486,93,7,8,いいえ,キャニオン雄大 / カルボ姉（ねえ） / 試作型おこしん / 愛のぴよ子 / 八狗神伏姫様
1,908,em-9599a14be3a9,歴戦の剣闘士,10,350,1058,5,attack_buff,0.3825,0.6042,100,0,7,いいえ,歴戦の剣闘士 / えかちぇたん / 超患部ぴよフェッサー / ????? / 八狗神伏姫様
1,909,em-59636157ae2e,コーベンパイア天爵,45,5282,1757,2,damage_reduction,0.3825,0.5139,100,0,8,いいえ,コーベンパイア天爵 / 北間・クラリス嬢 / すわ子isGOD！ / ????? / 速いぞサラマンダー！
1,910,em-490ce6c4d005,ア、ショーカ大王,45,3067,4601,3,multi_hit_attack,0.3824,0.5,97,3,7,いいえ,ア、ショーカ大王 / カルボ姉（ねえ） / 愛のぴよ子 / ????? / 速いぞサラマンダー！
1,911,em-036ee10985c7,大正義！反魂タン,7,800,1000,4,revive,0.3823,0.5972,95,5,8,いいえ,大正義！反魂タン / カルボ姉（ねえ） / ????? / 家族贖罪という字面 / まそお姉ちゃん
1,912,em-52b1a63b86dd,ヤマさんヤミーさん,27,1288,3220,1,attack_buff,0.3823,0.5347,95,5,7,いいえ,ヤマさんヤミーさん / カルボ姉（ねえ） / 試作型おこしん / 愛のぴよ子 / 八狗神伏姫様
1,913,em-2c691fe63d0d,ブッシュドノエルん,38,3652,5354,2,attack_buff,0.3823,0.4722,100,0,7,いいえ,ブッシュドノエルん / 北間・クラリス嬢 / ????? / 御嶽さん / ハリウッドナナコ師匠
1,914,em-bca7c94c15fe,ひろしマンＲ,10,1128,1128,2,heal,0.3822,0.5903,98,2,8,いいえ,ひろしマンＲ / カルボ姉（ねえ） / サルパちゃん / 愛のぴよ子 / 八狗神伏姫様
1,915,em-78785b8bf619,企業だ浅ちゃん！,42,1192,7327,4,attack_buff,0.3822,0.5,100,0,7,いいえ,企業だ浅ちゃん！ / ペーチパイセン / トキシッくんｵｯｽｵｯｽ / みどりのたけしマン / 聖えぇじゃないか
1,916,em-1fd25fee47a1,いなば・うあー,15,1000,1400,5,skill_reduction,0.382,0.5625,100,0,7,いいえ,いなば・うあー / 北間・クラリス嬢 / サルパちゃん / ????? / 御嶽さん
1,917,em-3ff47465be07,怪傑猫キャット,6,250,1100,1,heal,0.3818,0.5903,94,6,8,いいえ,怪傑猫キャット / カルボ姉（ねえ） / ????? / 家族贖罪という字面 / まそお姉ちゃん
1,918,em-a8f48fb9a527,タミちゃんの火祭り,15,1,2402,4,aoe_attack,0.3818,0.5694,99,1,7,いいえ,タミちゃんの火祭り / えかちぇたん / ????? / ブハラ師匠 / ハリウッドナナコ師匠
1,919,em-a66f91385c36,伝説のキャミー,10,700,1100,4,heal,0.3816,0.5903,98,2,8,いいえ,伝説のキャミー / カルボ姉（ねえ） / サルパちゃん / 愛のぴよ子 / 八狗神伏姫様
1,920,em-06a82dd4f95a,やまとーる海将,18,2567,1208,4,damage_reduction,0.3816,0.5556,97,3,8,いいえ,やまとーる海将 / えかちぇたん / 愛のぴよ子 / ????? / 御嶽さん
1,921,em-e51e56c23fa1,上級国民ロヴィーサ,44,2832,2984,4,attribute_guard,0.3815,0.5278,99,1,8,いいえ,上級国民ロヴィーサ / えかちぇたん / トマティーナ少佐 / トキシッくんｵｯｽｵｯｽ / ハリウッドナナコ師匠
1,922,em-f70fc38ed477,栗栖　益子さん,40,4175,4106,4,multi_hit_attack,0.3815,0.5,94,6,7,いいえ,栗栖　益子さん / 北間・クララさん / トマティーナ少佐 / みどりのたけしマン / ハリウッドナナコ師匠
1,923,em-6df3fac7ad2e,ウナギーヌ社長,9,1833,775,2,heal,0.3814,0.5903,97,3,8,いいえ,ウナギーヌ社長 / カルボ姉（ねえ） / サルパちゃん / 愛のぴよ子 / 八狗神伏姫様
1,924,em-9d5f7901aacf,サタデーナイト☆郡上,17,1812,1963,5,aoe_attack,0.3814,0.5556,94,6,7,いいえ,サタデーナイト☆郡上 / カルボ姉（ねえ） / ????? / ブハラ師匠 / ハリウッドナナコ師匠
1,925,em-8561e29b5d2e,まんまんちゃん,12,1524,1682,3,attack_buff,0.3814,0.5556,96,4,7,いいえ,まんまんちゃん / えかちぇたん / ????? / ブハラ師匠 / ハリウッドナナコ師匠
1,926,em-e6cd26662fe8,クイーン・ク・うぃーん,15,1500,1500,4,attribute_change,0.3813,0.5764,94,6,7,いいえ,クイーン・ク・うぃーん / えかちぇたん / トマティーナ少佐 / みどりのたけしマン / 巨大カンテツ
1,927,em-7960727b4ac3,伝説のひろし,15,1681,1714,5,attack_buff,0.381,0.5625,99,1,7,いいえ,伝説のひろし / えかちぇたん / ????? / ブハラ師匠 / ハリウッドナナコ師匠
1,928,em-2def672b1533,バターリャ後悔王子,30,3213,3213,3,damage_reduction,0.3809,0.5208,97,3,7,いいえ,バターリャ後悔王子 / カルボ姉（ねえ） / トリニダの怪人 / オペラハウス侯爵 / 伝説のWoo怪
1,929,em-b71282ef08a8,出番です！鴨先生！,18,1358,1356,2,guard,0.3808,0.5556,97,3,8,いいえ,出番です！鴨先生！ / えかちぇたん / 愛のぴよ子 / ????? / 御嶽さん
1,930,em-f89a98dd9893,大魔神！せいタン降臨,48,2044,6305,4,attack_buff,0.3808,0.4931,100,0,8,いいえ,大魔神！せいタン降臨 / 夏至祭のヴァサクサ君 / 試作型おこしん / トキシッくんｵｯｽｵｯｽ / 聖えぇじゃないか
1,931,em-f8e6761b2883,青龍,36,1704,6816,3,attack_buff,0.3807,0.4861,96,4,7,いいえ,青龍 / カルボ姉（ねえ） / 愛のぴよ子 / みどりのたけしマン / 速いぞサラマンダー！
1,932,em-84589d5b3594,コロちゃん,11,1551,1551,1,attack_buff,0.3805,0.5556,95,5,7,いいえ,コロちゃん / えかちぇたん / ????? / ブハラ師匠 / ハリウッドナナコ師匠
1,933,em-db2c3576c544,すわ子☆神,15,1100,1400,3,multi_hit_attack,0.3803,0.5694,99,1,7,いいえ,すわ子☆神 / えかちぇたん / ????? / ブハラ師匠 / ハリウッドナナコ師匠
1,934,em-e7480334e10e,脱力系アテナ,33,4186,1610,0,attack_buff,0.3803,0.4931,95,5,7,いいえ,脱力系アテナ / 北間・クラリス嬢 / ????? / 御嶽さん / ハリウッドナナコ師匠
1,935,em-0ccc51b405ca,初代畳リーゼント,13,1045,2258,4,attack_buff,0.3801,0.5625,97,3,7,いいえ,初代畳リーゼント / えかちぇたん / ????? / ブハラ師匠 / ハリウッドナナコ師匠
1,936,em-b041a6f6cf00,テヅルモヅルン,37,5367,2147,3,attribute_guard,0.3798,0.5,99,1,8,いいえ,テヅルモヅルン / 夏至祭のヴァサクサ君 / すわ子isGOD！ / トキシッくんｵｯｽｵｯｽ / 聖えぇじゃないか
1,937,em-b4a2096551c5,金閣明日香,15,1201,1343,4,revive,0.3797,0.5833,84,16,8,いいえ,金閣明日香 / カルボ姉（ねえ） / トマティーナ少佐 / みどりのたけしマン / 速いぞサラマンダー！
1,938,em-c573b4be1553,ｷﾞｶﾞももたろす,12,1300,1300,3,attribute_change,0.3795,0.5833,100,0,7,いいえ,ｷﾞｶﾞももたろす / カルボ姉（ねえ） / サルパちゃん / 愛のぴよ子 / 八狗神伏姫様
1,939,em-a2165d67f8cb,こんぴらくん,12,900,900,7,delay,0.3795,0.5694,100,0,7,いいえ,こんぴらくん / カルボ姉（ねえ） / サルパちゃん / 愛のぴよ子 / 八狗神伏姫様
1,940,em-4e9bf489ecd9,怒りのマッキニキ,14,2416,1359,3,damage_reduction,0.3795,0.5556,93,7,8,いいえ,怒りのマッキニキ / えかちぇたん / 愛のぴよ子 / ????? / 御嶽さん
1,941,em-ea000314e767,ＫＲ２ジョー少佐,13,921,2476,3,attack_buff,0.3795,0.5556,97,3,7,いいえ,ＫＲ２ジョー少佐 / えかちぇたん / ????? / ブハラ師匠 / ハリウッドナナコ師匠
1,942,em-f439af6dc206,さんとくん大先生,12,3020,755,3,delay,0.3795,0.5486,80,20,7,いいえ,さんとくん大先生 / カルボ姉（ねえ） / すわ子isGOD！ / ɚすぃとあろま？ / シミ
1,943,em-c67ab163f5d6,さくらこはダムです,12,2092,735,1,attribute_guard,0.3794,0.5625,97,3,8,いいえ,さくらこはダムです / えかちぇたん / トマティーナ少佐 / ブハラ師匠 / ハリウッドナナコ師匠
1,944,em-573a74e6170b,God of 魚ぉ！,8,1269,1128,4,heal,0.3792,0.5764,96,4,8,いいえ,God of 魚ぉ！ / カルボ姉（ねえ） / サルパちゃん / 愛のぴよ子 / 八狗神伏姫様
1,945,em-3738f743f200,復活！チワワんこ,8,1128,1269,3,heal,0.3791,0.5833,96,4,8,いいえ,復活！チワワんこ / カルボ姉（ねえ） / サルパちゃん / 愛のぴよ子 / 八狗神伏姫様
1,946,em-a6068b231beb,ハトラちゃん,10,299,1488,7,guard,0.3791,0.5833,100,0,8,いいえ,ハトラちゃん / カルボ姉（ねえ） / ????? / ブハラ師匠 / 美才能♪かの子さん
1,947,em-f8bc07a12f5c,Ir☆D☆F！,19,1,2839,6,attribute_guard,0.3791,0.5625,100,0,8,いいえ,Ir☆D☆F！ / えかちぇたん / すわ子isGOD！ / みどりのたけしマン / 巨大カンテツ
1,948,em-bbcd19672515,ＭＲ凜子様,13,1699,1699,4,attack_buff,0.3791,0.5556,97,3,7,いいえ,ＭＲ凜子様 / えかちぇたん / ????? / ブハラ師匠 / ハリウッドナナコ師匠
1,949,em-53cfa10130db,みさきちゃん,10,800,1000,5,multi_hit_attack,0.3789,0.5903,100,0,7,いいえ,みさきちゃん / えかちぇたん / 超患部ぴよフェッサー / ????? / 八狗神伏姫様
1,950,em-132feeb6206a,傭兵戦隊サイガー３,12,756,2284,4,multi_hit_attack,0.3786,0.5625,96,4,7,いいえ,傭兵戦隊サイガー３ / えかちぇたん / ????? / ブハラ師匠 / ハリウッドナナコ師匠
1,951,em-db7ee0abcada,ＫＲ２ジョーの戦い,30,2385,4601,3,damage_reduction,0.3786,0.5069,96,4,7,いいえ,ＫＲ２ジョーの戦い / 北間・クラリス嬢 / トマティーナ少佐 / みどりのたけしマン / 聖えぇじゃないか
1,952,em-dbd545e946e6,嫁劇！くーにゃん,40,2556,6816,4,attack_buff,0.3785,0.4792,88,12,7,いいえ,嫁劇！くーにゃん / 夏至祭のヴァサクサ君 / 試作型おこしん / トキシッくんｵｯｽｵｯｽ / 端午ぴよ子
1,953,em-14bbe92902df,ネムりん,11,2726,1633,5,attack_buff,0.3783,0.5417,95,5,7,いいえ,ネムりん / えかちぇたん / ????? / ブハラ師匠 / ハリウッドナナコ師匠
1,954,em-b54c325797a5,フク先生,6,600,700,3,attribute_change,0.3778,0.5972,94,6,7,いいえ,フク先生 / カルボ姉（ねえ） / サルパちゃん / 愛のぴよ子 / 八狗神伏姫様
1,955,em-69c457dd7e6a,スミθ＆エð,13,3020,755,2,attribute_guard,0.3775,0.5556,100,0,8,いいえ,スミθ＆エð / えかちぇたん / すわ子isGOD！ / ブハラ師匠 / ハリウッドナナコ師匠
1,956,em-a5abadbcbc7d,ちょーカーちゃん,10,700,900,5,delay,0.3774,0.5694,98,2,7,いいえ,ちょーカーちゃん / カルボ姉（ねえ） / サルパちゃん / 愛のぴよ子 / 八狗神伏姫様
1,957,em-c3ea022d7d2f,にゅーさん,12,500,1900,3,guard,0.377,0.5556,99,1,8,いいえ,にゅーさん / えかちぇたん / 愛のぴよ子 / みどりのたけしマン / 御嶽さん
1,958,em-98730869df6a,朱染めの夏炎・朱雀,70,5282,6475,3,attack_buff,0.3769,0.4444,100,0,6,いいえ,朱染めの夏炎・朱雀 / 試作型おこしん / トキシッくんｵｯｽｵｯｽ / ＢＥＷ雪玉 / ウシュか☆丸か
1,959,em-4e0f06589604,新・やよいチゥりっぷ,9,1100,200,3,attribute_change,0.3768,0.6181,100,0,7,いいえ,新・やよいチゥりっぷ / カルボ姉（ねえ） / 超患部ぴよフェッサー / みどりのたけしマン / 八狗神伏姫様
1,960,em-f88796a335ca,勇者オトシゴ,12,1324,1703,5,damage_reduction,0.3768,0.5694,97,3,8,いいえ,勇者オトシゴ / 北間・クラリス嬢 / サルパちゃん / ????? / 御嶽さん
1,961,em-2d1c8d50a6d1,スマートouぼっと,17,2265,1510,5,damage_reduction,0.3768,0.5417,96,4,8,いいえ,スマートouぼっと / えかちぇたん / 愛のぴよ子 / ????? / 御嶽さん
1,962,em-2697b5e55b56,あろまちゃん+空気,6,650,700,4,revive,0.3767,0.5972,94,6,8,いいえ,あろまちゃん+空気 / カルボ姉（ねえ） / サルパちゃん / 愛のぴよ子 / 八狗神伏姫様
1,963,em-2a2200aaa8bd,バロック神父そん,18,1993,1812,6,attribute_guard,0.3767,0.5556,97,3,8,いいえ,バロック神父そん / えかちぇたん / 愛のぴよ子 / ????? / 御嶽さん
1,964,em-13a4725c1c03,砂のんべぇ,20,3220,1288,1,multi_hit_attack,0.3766,0.5417,98,2,8,いいえ,砂のんべぇ / 北間・クラリス嬢 / すわ子isGOD！ / ????? / 八狗神伏姫様
1,965,em-15545bc62fe7,幽霊烏賊図,60,3408,4260,3,revive,0.3765,0.4861,99,1,7,いいえ,幽霊烏賊図 / カルボ姉（ねえ） / 試作型おこしん / おこしんMK-2 / ハリウッドナナコ師匠
1,966,em-618372c0cf56,しょーか先生,10,800,900,5,multi_hit_attack,0.3764,0.5903,100,0,7,いいえ,しょーか先生 / えかちぇたん / 超患部ぴよフェッサー / ????? / 八狗神伏姫様
1,967,em-ed21bd124ab2,牛タソ☆行進曲,14,755,1812,2,guard,0.3763,0.5486,93,7,8,いいえ,牛タソ☆行進曲 / えかちぇたん / 愛のぴよ子 / ????? / 御嶽さん
1,968,em-33289e43e28b,ほたるーニャん☆ミ,7,650,700,4,attribute_change,0.3762,0.5972,95,5,7,いいえ,ほたるーニャん☆ミ / カルボ姉（ねえ） / サルパちゃん / 愛のぴよ子 / 八狗神伏姫様
1,969,em-b5fa3fe8e44e,ディープワン・ゴロウ,8,1214,1189,2,attack_buff,0.3762,0.5625,92,8,7,いいえ,ディープワン・ゴロウ / えかちぇたん / ????? / ブハラ師匠 / ハリウッドナナコ師匠
1,970,em-4e78a5d0dc7a,中央アルプスの少女達,13,1812,1510,1,damage_reduction,0.3762,0.5347,98,2,8,いいえ,中央アルプスの少女達 / えかちぇたん / トマティーナ少佐 / ブハラ師匠 / ハリウッドナナコ師匠
1,971,em-fa2d14d3eb33,大天姿☆ぴよ子,46,7572,756,5,skill_reduction,0.3761,0.4722,100,0,7,いいえ,大天姿☆ぴよ子 / 北間・クラリス嬢 / トマティーナ少佐 / みどりのたけしマン / ハリウッドナナコ師匠
1,972,em-30e34a964d63,デンマーくん二世,5,700,450,3,guard,0.376,0.6111,92,8,8,いいえ,デンマーくん二世 / えかちぇたん / すわ子isGOD！ / トキシッくんｵｯｽｵｯｽ / 八狗神伏姫様
1,973,em-1a6fa57fc44e,朦朧ボディマンβ,12,400,1500,10,multi_hit_attack,0.3759,0.5764,96,4,7,いいえ,朦朧ボディマンβ / えかちぇたん / ????? / ブハラ師匠 / ハリウッドナナコ師匠
1,974,em-9467ad3af2e0,大杵社のユッフィー,19,1699,1699,5,attack_buff,0.3758,0.5556,96,4,8,いいえ,大杵社のユッフィー / カルボ姉（ねえ） / ????? / ブハラ師匠 / ハリウッドナナコ師匠
1,975,em-309e9bdb12e4,萌やし戦士,14,773,2573,4,attack_buff,0.3757,0.5486,98,2,7,いいえ,萌やし戦士 / えかちぇたん / ????? / ブハラ師匠 / ハリウッドナナコ師匠
1,976,em-e63df2359896,世界遺産な白鷺嬢,15,2100,600,3,heal,0.3754,0.5764,84,16,8,いいえ,世界遺産な白鷺嬢 / カルボ姉（ねえ） / トマティーナ少佐 / みどりのたけしマン / 速いぞサラマンダー！
1,977,em-af839f0be824,譲らざる者,13,966,2394,5,attack_buff,0.3752,0.5556,97,3,7,いいえ,譲らざる者 / えかちぇたん / ????? / ブハラ師匠 / ハリウッドナナコ師匠
1,978,em-a3fc429e3d74,にくぁうさま,15,606,1876,4,attack_buff,0.3751,0.5694,99,1,7,いいえ,にくぁうさま / えかちぇたん / ????? / ブハラ師匠 / ハリウッドナナコ師匠
1,979,em-f14da6dc7d26,チャイナさん,15,606,1876,4,attack_buff,0.3751,0.5694,99,1,7,いいえ,チャイナさん / えかちぇたん / ????? / ブハラ師匠 / ハリウッドナナコ師匠
1,980,em-b422734eb78b,たたーる星人,15,1812,1510,2,attack_buff,0.375,0.5556,99,1,7,いいえ,たたーる星人 / えかちぇたん / ????? / ブハラ師匠 / ハリウッドナナコ師匠
1,981,em-9329de26d52c,iびるん大魔王,14,1812,1963,5,guard,0.3748,0.5486,99,1,8,いいえ,iびるん大魔王 / 北間・クラリス嬢 / サルパちゃん / ????? / 御嶽さん
1,982,em-5d696ecc61dd,カミキリ,75,5845,6134,1,attack_buff,0.3747,0.4028,99,1,7,いいえ,カミキリ / ペーチパイセン / ウナギーヌ課長 / デンマーくん二世 / 魚臣！又土くん
1,983,em-eea7e5ad714b,饅頭石餅子,30,3433,4114,5,attribute_guard,0.3745,0.5,96,4,7,いいえ,饅頭石餅子 / 北間・クラリス嬢 / トマティーナ少佐 / みどりのたけしマン / 聖えぇじゃないか
1,984,em-13a4b4b54b04,北間・クラリス嬢,10,3959,701,1,heal,0.3743,0.5417,98,2,8,いいえ,北間・クラリス嬢 / カルボ姉（ねえ） / サルパちゃん / 愛のぴよ子 / 八狗神伏姫様
1,985,em-3bd6544e0bce,窓辺のやまなしーヌ,13,700,800,4,skill_reduction,0.3742,0.5694,81,19,7,いいえ,窓辺のやまなしーヌ / カルボ姉（ねえ） / すわ子isGOD！ / ɚすぃとあろま？ / シミ
1,986,em-a71e0044e313,舞楽！いつくしーみん,15,800,1600,1,attack_buff,0.3741,0.5486,99,1,7,いいえ,舞楽！いつくしーみん / えかちぇたん / ????? / ブハラ師匠 / ハリウッドナナコ師匠
1,987,em-8cafabee26c4,ホルトバージ君,22,5285,830,4,attack_buff,0.3738,0.5347,100,0,8,いいえ,ホルトバージ君 / 北間・クラリス嬢 / すわ子isGOD！ / ????? / 八狗神伏姫様
1,988,em-b27009a57b71,架けろきしわだっしー,49,1559,6672,3,attack_buff,0.3735,0.4861,91,9,7,いいえ,架けろきしわだっしー / カルボ姉（ねえ） / 愛のぴよ子 / ɚすぃとあろま？ / ハリウッドナナコ師匠
1,989,em-ec52e54bb473,ﾀｰｷｰﾃﾞ-なじとっこ君,10,706,2403,4,attack_buff,0.3732,0.5486,94,6,8,いいえ,ﾀｰｷｰﾃﾞ-なじとっこ君 / えかちぇたん / ????? / ブハラ師匠 / ハリウッドナナコ師匠
1,990,em-640d19558093,聖なる打毬神！みるるん,19,1208,1963,2,attack_buff,0.3732,0.5486,96,4,8,いいえ,聖なる打毬神！みるるん / カルボ姉（ねえ） / ????? / ブハラ師匠 / ハリウッドナナコ師匠
1,991,em-b0a6405ce878,ヒルズキング,15,859,1598,1,attack_buff,0.3731,0.5556,99,1,7,いいえ,ヒルズキング / えかちぇたん / ????? / ブハラ師匠 / ハリウッドナナコ師匠
1,992,em-089a6280b9d6,御嶽さん,32,5112,3067,4,aoe_attack,0.3731,0.4792,100,0,7,いいえ,御嶽さん / 北間・クラリス嬢 / ????? / 諏訪子成長期 / ハリウッドナナコ師匠
1,993,em-9ac3c0929f90,オコオコ,11,1704,1704,3,attack_buff,0.373,0.5486,95,5,7,いいえ,オコオコ / えかちぇたん / ????? / ブハラ師匠 / ハリウッドナナコ師匠
1,994,em-3e1bbfb34a76,芳一大師匠,14,1128,1269,4,revive,0.3727,0.5764,83,17,8,いいえ,芳一大師匠 / カルボ姉（ねえ） / トマティーナ少佐 / みどりのたけしマン / 速いぞサラマンダー！
1,995,em-9d861b51bd30,波乗りキング,18,776,2582,3,attack_buff,0.3725,0.5417,95,5,7,いいえ,波乗りキング / カルボ姉（ねえ） / ????? / ブハラ師匠 / ハリウッドナナコ師匠
1,996,em-8a847b9e3d1d,アストロ・あっしゅ,15,1900,1100,5,attribute_guard,0.3724,0.5694,100,0,8,いいえ,アストロ・あっしゅ / 北間・クラリス嬢 / サルパちゃん / ????? / 御嶽さん
1,997,em-41ff91d7d090,有馬スター,9,1159,1244,4,heal,0.3722,0.5694,86,14,8,いいえ,有馬スター / カルボ姉（ねえ） / ????? / 御嶽さん / 速いぞサラマンダー！
1,998,em-08381d79cfef,大森銀さん,5,1300,150,4,damage_reduction,0.3717,0.6111,92,8,8,いいえ,大森銀さん / えかちぇたん / すわ子isGOD！ / トキシッくんｵｯｽｵｯｽ / 八狗神伏姫様
1,999,em-0828dfd9c618,トーマスん,8,560,645,5,attribute_change,0.3716,0.6042,100,0,7,いいえ,トーマスん / カルボ姉（ねえ） / トマティーナ少佐 / みどりのたけしマン / 八狗神伏姫様
1,1000,em-ae9fd7e6b2dc,ヘヴィなじとっ子君,8,607,1795,4,attack_buff,0.3715,0.5625,92,8,8,いいえ,ヘヴィなじとっ子君 / えかちぇたん / ????? / ブハラ師匠 / ハリウッドナナコ師匠
1,1001,em-2be7abbe40d1,大晦日！ナモミ先輩,14,300,1700,2,attack_buff,0.3715,0.5556,98,2,7,いいえ,大晦日！ナモミ先輩 / えかちぇたん / ????? / ブハラ師匠 / ハリウッドナナコ師匠
1,1002,em-251852280bcf,どうしんさん,12,615,605,1,heal,0.3714,0.5903,100,0,8,いいえ,どうしんさん / カルボ姉（ねえ） / サルパちゃん / 愛のぴよ子 / 八狗神伏姫様
1,1003,em-595b1ebc9a59,戦え！ブルりん,16,1400,1600,4,damage_reduction,0.3714,0.5556,95,5,8,いいえ,戦え！ブルりん / えかちぇたん / 愛のぴよ子 / ????? / 御嶽さん
1,1004,em-fc5d66138cad,端午ぴよ子,13,1543,2512,5,aoe_attack,0.3711,0.5347,97,3,7,いいえ,端午ぴよ子 / えかちぇたん / ????? / ブハラ師匠 / ハリウッドナナコ師匠
1,1005,em-5f311c45014a,パーントゥ大先生,37,2409,4819,3,attack_buff,0.3711,0.4861,100,0,7,いいえ,パーントゥ大先生 / ペーチパイセン / 愛のぴよ子 / ????? / 御嶽さん
1,1006,em-455191024aba,偉いぞさいごー丼,15,2718,1132,3,attribute_guard,0.371,0.5347,94,6,8,いいえ,偉いぞさいごー丼 / えかちぇたん / 愛のぴよ子 / ????? / 御嶽さん
1,1007,em-7d756ba8373e,謹賀新年のびゃこ,47,2300,6219,4,attack_buff,0.3709,0.4861,99,1,7,いいえ,謹賀新年のびゃこ / カルボ姉（ねえ） / 愛のぴよ子 / ????? / 速いぞサラマンダー！
1,1008,em-471b1ba55d5c,有馬んば,13,1413,1244,4,heal,0.3705,0.5694,98,2,8,いいえ,有馬んば / 北間・クラリス嬢 / サルパちゃん / ????? / 御嶽さん
1,1009,em-e2c8365ae02e,ɔリバーくん,10,704,1689,3,attack_buff,0.3705,0.5625,88,12,8,いいえ,ɔリバーくん / 北間・クラリス嬢 / すわ子isGOD！ / ????? / 八狗神伏姫様
1,1010,em-da8da47e0c9c,さるぼぼ・ぼーぼぼ,14,1661,2114,3,aoe_attack,0.3702,0.5417,98,2,7,いいえ,さるぼぼ・ぼーぼぼ / えかちぇたん / ????? / ブハラ師匠 / ハリウッドナナコ師匠
1,1011,em-0e2c4b783eb7,南極翁・カノープス,55,3408,5964,7,multi_hit_attack,0.3699,0.4792,100,0,6,いいえ,南極翁・カノープス / 北間・クラリス嬢 / すわ子isGOD！ / ɚすぃとあろま？ / ハリウッドナナコ師匠
1,1012,em-4980bf27b119,淡路な浄瑠璃さん,10,708,700,7,skill_reduction,0.3698,0.5694,98,2,7,いいえ,淡路な浄瑠璃さん / カルボ姉（ねえ） / サルパちゃん / 愛のぴよ子 / 八狗神伏姫様
1,1013,em-cd7c55cabc32,ゴジュウゲリヲン,19,3020,1132,5,guard,0.3695,0.5556,100,0,8,いいえ,ゴジュウゲリヲン / 北間・クラリス嬢 / トマティーナ少佐 / みどりのたけしマン / 御嶽さん
1,1014,em-5b5d08d879f7,おかいこさん,12,797,816,5,attribute_change,0.3694,0.5833,100,0,7,いいえ,おかいこさん / カルボ姉（ねえ） / サルパちゃん / 愛のぴよ子 / 八狗神伏姫様
1,1015,em-46432847d531,ＢＥＷ雪玉,8,2538,705,3,attack_buff,0.3694,0.5556,100,0,7,いいえ,ＢＥＷ雪玉 / 北間・クララさん / ????? / 御嶽さん / 八狗神伏姫様
1,1016,em-bf54cef3c3e9,タツノコくん,12,1058,1362,5,damage_reduction,0.3687,0.5694,97,3,8,いいえ,タツノコくん / 北間・クラリス嬢 / サルパちゃん / ????? / 御嶽さん
1,1017,em-4b4011b90d8c,ロータス先輩,16,1932,1932,6,damage_reduction,0.3687,0.5417,97,3,8,いいえ,ロータス先輩 / 北間・クラリス嬢 / トマティーナ少佐 / みどりのたけしマン / 御嶽さん
1,1018,em-ce4a4d623424,ケンＺＯ４号,8,502,1901,5,attack_buff,0.3685,0.5625,96,4,8,いいえ,ケンＺＯ４号 / 北間・クラリス嬢 / サルパちゃん / ????? / 八狗神伏姫様
1,1019,em-a16d639a61fc,水軍衆かっさーのん,9,1128,1269,3,attack_buff,0.3683,0.5556,93,7,7,いいえ,水軍衆かっさーのん / えかちぇたん / ????? / ブハラ師匠 / ハリウッドナナコ師匠
1,1020,em-d22cc44e6b53,ニタりん,16,1090,2044,3,multi_hit_attack,0.368,0.5486,100,0,7,いいえ,ニタりん / えかちぇたん / ????? / ブハラ師匠 / ハリウッドナナコ師匠
1,1021,em-5f9efdc805e5,呼んでますトムさん,15,1269,1269,3,attribute_guard,0.3678,0.5486,94,6,8,いいえ,呼んでますトムさん / えかちぇたん / 愛のぴよ子 / ????? / 御嶽さん
1,1022,em-b50530766df4,夏の妖精白良さん,19,1699,1699,4,attack_buff,0.3678,0.5417,96,4,8,いいえ,夏の妖精白良さん / カルボ姉（ねえ） / ????? / ブハラ師匠 / ハリウッドナナコ師匠
1,1023,em-24d2ab142253,アグスティンさん,12,2869,1359,5,multi_hit_attack,0.3678,0.5417,100,0,7,いいえ,アグスティンさん / キタマクラさん / サルパちゃん / ????? / 八狗神伏姫様
1,1024,em-ead779b4526c,乗っとるダム制度君,8,2115,535,2,revive,0.3676,0.5764,96,4,8,いいえ,乗っとるダム制度君 / カルボ姉（ねえ） / サルパちゃん / 愛のぴよ子 / 八狗神伏姫様
1,1025,em-c7cd54f2e503,ケラマ☆マジカ,7,1057,1198,2,attribute_guard,0.3676,0.5486,94,6,7,いいえ,ケラマ☆マジカ / えかちぇたん / 愛のぴよ子 / みどりのたけしマン / 御嶽さん
1,1026,em-960c8d1446c2,GC・アガッシィΩ,42,3578,3578,4,multi_hit_attack,0.3676,0.5,100,0,7,いいえ,GC・アガッシィΩ / ペーチパイセン / トキシッくんｵｯｽｵｯｽ / みどりのたけしマン / 聖えぇじゃないか
1,1027,em-6ecee0316b6d,梵天。,15,1100,1300,6,aoe_attack,0.3675,0.5625,99,1,7,いいえ,梵天。 / えかちぇたん / ????? / ブハラ師匠 / ハリウッドナナコ師匠
1,1028,em-6145c94ca696,ｽﾌﾟﾗ♡な琵琶子たん,13,1213,1190,3,damage_reduction,0.3675,0.5556,100,0,8,いいえ,ｽﾌﾟﾗ♡な琵琶子たん / えかちぇたん / 愛のぴよ子 / みどりのたけしマン / 御嶽さん
1,1029,em-02dd665173e3,超回復！反魂タン,6,600,700,4,revive,0.3674,0.5903,94,6,8,いいえ,超回復！反魂タン / カルボ姉（ねえ） / ????? / 家族贖罪という字面 / まそお姉ちゃん
1,1030,em-c88f65fb7899,グラディ瑛太,16,4653,423,3,delay,0.3674,0.5,92,8,7,いいえ,グラディ瑛太 / カルボ姉（ねえ） / サルパちゃん / ????? / 巨大カンテツ
1,1031,em-188f3b3f954c,凄ェたっくん,8,636,1767,5,attack_buff,0.3673,0.5625,96,4,8,いいえ,凄ェたっくん / 北間・クラリス嬢 / サルパちゃん / ????? / 八狗神伏姫様
1,1032,em-bdf5b4886e9a,シーホーすん,12,1191,1532,5,damage_reduction,0.3672,0.5625,97,3,8,いいえ,シーホーすん / 北間・クラリス嬢 / サルパちゃん / ????? / 御嶽さん
1,1033,em-85da0a137fe9,北間・クララさん,10,3561,629,1,heal,0.367,0.5417,98,2,8,いいえ,北間・クララさん / カルボ姉（ねえ） / サルパちゃん / 愛のぴよ子 / 八狗神伏姫様
1,1034,em-ae65fe2577b0,葉月ぴよ子,8,590,2110,6,attack_buff,0.3669,0.5556,96,4,8,いいえ,葉月ぴよ子 / 北間・クラリス嬢 / サルパちゃん / ????? / 八狗神伏姫様
1,1035,em-1ec49f290f1e,ʌっぴーちゃん,8,1762,634,2,heal,0.3668,0.5764,96,4,8,いいえ,ʌっぴーちゃん / カルボ姉（ねえ） / サルパちゃん / 愛のぴよ子 / 八狗神伏姫様
1,1036,em-549e080062a7,ぶんぶくん,22,1550,895,4,revive,0.3666,0.5764,100,0,8,いいえ,ぶんぶくん / カルボ姉（ねえ） / すわ子isGOD！ / 愛のぴよ子 / 八狗神伏姫様
1,1037,em-199bdad6398b,なるティス,12,1000,900,3,attack_buff,0.3665,0.5694,100,0,7,いいえ,なるティス / キタマクラさん / サルパちゃん / ????? / 八狗神伏姫様
1,1038,em-7e35b72ac7e4,琵琶子ｲﾘｭｰｼﾞｮﾝ！,13,1809,1190,3,damage_reduction,0.3663,0.5556,98,2,8,いいえ,琵琶子ｲﾘｭｰｼﾞｮﾝ！ / 北間・クラリス嬢 / サルパちゃん / ????? / 御嶽さん
1,1039,em-32f5c4968406,正月カナちゃん。,66,5282,5282,6,revive,0.3662,0.4583,99,1,7,いいえ,正月カナちゃん。 / ペーチパイセン / 愛のぴよ子 / おこしんMK-2 / 実はこんにゃくちゃん
1,1040,em-7914d5cdb04d,芋神よしあき,32,4130,2753,3,multi_hit_attack,0.3661,0.4861,99,1,7,いいえ,芋神よしあき / トリニダの怪人 / 愛のぴよ子 / ????? / 御嶽さん
1,1041,em-8cb75e870411,マンいーたち,50,3408,6816,4,aoe_attack,0.3657,0.4583,98,2,7,いいえ,マンいーたち / 北間・クラリス嬢 / すわ子isGOD！ / ????? / ハリウッドナナコ師匠
1,1042,em-7affb78d3b91,渇求するネギの果て,10,754,754,4,guard,0.3656,0.5764,100,0,8,いいえ,渇求するネギの果て / カルボ姉（ねえ） / ????? / ブハラ師匠 / 美才能♪かの子さん
1,1043,em-07a788dc89b4,シャボテン丸,11,400,600,6,revive,0.3654,0.5903,99,1,8,いいえ,シャボテン丸 / カルボ姉（ねえ） / サルパちゃん / 愛のぴよ子 / 八狗神伏姫様
1,1044,em-3f6d9cba0059,いなばうあー,12,700,1100,6,skill_reduction,0.3653,0.5556,97,3,7,いいえ,いなばうあー / 北間・クラリス嬢 / サルパちゃん / ????? / 御嶽さん
1,1045,em-9cd3d68e61d0,渦巻王ナルテュール,45,1704,6134,6,multi_hit_attack,0.3653,0.4861,98,2,7,いいえ,渦巻王ナルテュール / カルボ姉（ねえ） / アウス大先輩 / トキシッくんｵｯｽｵｯｽ / 実はこんにゃくちゃん
1,1046,em-61221298dafe,大内ちゃん,5,603,603,5,heal,0.3652,0.5833,93,7,8,いいえ,大内ちゃん / カルボ姉（ねえ） / ????? / 家族贖罪という字面 / まそお姉ちゃん
1,1047,em-31faaa08a3e5,ジャノメぴよ子,8,1105,1122,7,attribute_guard,0.3652,0.5625,96,4,8,いいえ,ジャノメぴよ子 / カルボ姉（ねえ） / サルパちゃん / 愛のぴよ子 / 八狗神伏姫様
1,1048,em-1232a815b671,みさきさん,16,1000,1200,5,multi_hit_attack,0.3652,0.5625,100,0,7,いいえ,みさきさん / えかちぇたん / ????? / ブハラ師匠 / ハリウッドナナコ師匠
1,1049,em-e6c115665fbd,上宮之太子さま,15,1300,1150,2,heal,0.3651,0.5625,100,0,8,いいえ,上宮之太子さま / えかちぇたん / すわ子isGOD！ / 愛のぴよ子 / 八狗神伏姫様
1,1050,em-1374a3351d4c,忍！fuま＆voたん,17,1510,1510,3,guard,0.3651,0.5347,96,4,8,いいえ,忍！fuま＆voたん / えかちぇたん / 愛のぴよ子 / ????? / 御嶽さん
1,1051,em-9f9a1c0e673f,リアルリオンさん,10,600,1100,5,delay,0.365,0.5556,95,5,7,いいえ,リアルリオンさん / 北間・クラリス嬢 / サルパちゃん / ????? / 御嶽さん
1,1052,em-d3961c13041f,光るぜ！よりりん,15,1200,1200,3,attribute_change,0.3648,0.5625,94,6,7,いいえ,光るぜ！よりりん / えかちぇたん / トマティーナ少佐 / みどりのたけしマン / 巨大カンテツ
1,1053,em-25fed9fde1ce,かっさーWoo！,16,1131,2403,4,attack_buff,0.3647,0.5347,100,0,7,いいえ,かっさーWoo！ / えかちぇたん / ????? / ブハラ師匠 / ハリウッドナナコ師匠
1,1054,em-7fdcbcbf0ae4,ももとふさん,12,1000,1200,3,heal,0.3646,0.5694,100,0,8,いいえ,ももとふさん / カルボ姉（ねえ） / サルパちゃん / 愛のぴよ子 / 八狗神伏姫様
1,1055,em-9dc006cdc69c,解決猫キャット,5,200,900,1,heal,0.3645,0.5764,93,7,8,いいえ,解決猫キャット / カルボ姉（ねえ） / ????? / 家族贖罪という字面 / まそお姉ちゃん
1,1056,em-b9ee6ac8db32,爆走！えるたそ,13,2114,1661,4,attack_buff,0.3645,0.5417,97,3,7,いいえ,爆走！えるたそ / えかちぇたん / ????? / ブハラ師匠 / ハリウッドナナコ師匠
1,1057,em-4b42211e8e80,ナモミさん,12,200,1200,2,attack_buff,0.3644,0.5625,96,4,7,いいえ,ナモミさん / えかちぇたん / ????? / ブハラ師匠 / ハリウッドナナコ師匠
1,1058,em-837ddd274c7d,夢見る夢ナマコ,15,2224,1226,6,attribute_guard,0.3644,0.5347,94,6,8,いいえ,夢見る夢ナマコ / えかちぇたん / 愛のぴよ子 / ????? / 御嶽さん
1,1059,em-c5623c38fcb8,反魂タン,5,500,600,4,revive,0.3643,0.5903,93,7,8,いいえ,反魂タン / カルボ姉（ねえ） / ????? / 家族贖罪という字面 / まそお姉ちゃん
1,1060,em-615e4701fc7f,華麗！いつくしーみん,12,660,1040,2,attack_buff,0.3641,0.5625,96,4,7,いいえ,華麗！いつくしーみん / えかちぇたん / ????? / ブハラ師匠 / ハリウッドナナコ師匠
1,1061,em-55bda88e7993,パンダ系メガネ,16,1300,1200,6,skill_reduction,0.3639,0.5417,97,3,7,いいえ,パンダ系メガネ / 北間・クラリス嬢 / トマティーナ少佐 / みどりのたけしマン / 御嶽さん
1,1062,em-dcc91a9c2ed6,ブルたそ,12,1000,1200,5,damage_reduction,0.3637,0.5694,97,3,8,いいえ,ブルたそ / 北間・クラリス嬢 / サルパちゃん / ????? / 御嶽さん
1,1063,em-24a892c6ebea,Mt.CACHI×2,38,2556,3578,2,multi_hit_attack,0.3637,0.4861,100,0,7,いいえ,Mt.CACHI×2 / 北間・クラリス嬢 / ????? / 御嶽さん / ハリウッドナナコ師匠
1,1064,em-c7ca0cfdb77b,護国の盾,14,1887,1510,5,attribute_guard,0.3635,0.5278,93,7,8,いいえ,護国の盾 / えかちぇたん / 愛のぴよ子 / ????? / 御嶽さん
1,1065,em-ce7547fb3ccd,いぬやマンリメイク！,16,1661,1661,7,attack_buff,0.3633,0.5417,100,0,7,いいえ,いぬやマンリメイク！ / えかちぇたん / ????? / ブハラ師匠 / ハリウッドナナコ師匠
1,1066,em-7a7f1cd12450,スオ面スナイパー,13,1132,1812,1,attack_buff,0.3633,0.5208,97,3,7,いいえ,スオ面スナイパー / えかちぇたん / ????? / ブハラ師匠 / ハリウッドナナコ師匠
1,1067,em-414540146c27,びぐべん選手,30,3220,1610,0,attack_buff,0.3633,0.4931,92,8,8,いいえ,びぐべん選手 / 北間・クラリス嬢 / ????? / 御嶽さん / ハリウッドナナコ師匠
1,1068,em-f8a5ad2fd004,どうしん様,15,805,795,1,heal,0.3632,0.5625,84,16,8,いいえ,どうしん様 / カルボ姉（ねえ） / トマティーナ少佐 / みどりのたけしマン / 速いぞサラマンダー！
1,1069,em-40bd3b1e44fa,五月病の悪魔の契約,55,4123,4226,4,aoe_attack,0.3631,0.4722,100,0,7,いいえ,五月病の悪魔の契約 / 北間・クラリス嬢 / すわ子isGOD！ / ɚすぃとあろま？ / ハリウッドナナコ師匠
1,1070,em-6c215846fcb0,アン・ごろう,16,1356,1189,2,attack_buff,0.363,0.5486,100,0,7,いいえ,アン・ごろう / えかちぇたん / ????? / ブハラ師匠 / ハリウッドナナコ師匠
1,1071,em-1cd0c7153e75,みさき先輩,18,1400,1600,4,multi_hit_attack,0.363,0.5417,95,5,7,いいえ,みさき先輩 / カルボ姉（ねえ） / ????? / ブハラ師匠 / ハリウッドナナコ師匠
1,1072,em-690a803a0c00,タッターさん,47,4089,2222,2,multi_hit_attack,0.363,0.4931,95,5,7,いいえ,タッターさん / 北間・クラリス嬢 / すわ子isGOD！ / ????? / ハリウッドナナコ師匠
1,1073,em-a48bcdd76e03,サーファー岡田,15,419,1298,4,attack_buff,0.3629,0.5625,99,1,7,いいえ,サーファー岡田 / えかちぇたん / ????? / ブハラ師匠 / ハリウッドナナコ師匠
1,1074,em-b9b869c15b9f,ルリマダラー,15,3786,378,2,attribute_guard,0.3627,0.5486,92,8,8,いいえ,ルリマダラー / えかちぇたん / トマティーナ少佐 / オペラハウス侯爵 / 速いぞサラマンダー！
1,1075,em-33efacdd0b0b,ににぎ先輩,18,1100,1300,5,attack_buff,0.3625,0.5556,95,5,7,いいえ,ににぎ先輩 / カルボ姉（ねえ） / ????? / ブハラ師匠 / ハリウッドナナコ師匠
1,1076,em-682cd1ab4ae4,ホーリーエンジェるん,16,1812,1661,5,attack_buff,0.3625,0.5417,100,0,7,いいえ,ホーリーエンジェるん / えかちぇたん / ????? / ブハラ師匠 / ハリウッドナナコ師匠
1,1077,em-900d96f0b1d7,修験くまのたん,12,400,1200,3,attack_buff,0.3624,0.5694,100,0,7,いいえ,修験くまのたん / キタマクラさん / サルパちゃん / ????? / 八狗神伏姫様
1,1078,em-405a608fae19,大内さん,7,702,702,5,heal,0.3623,0.5764,95,5,8,いいえ,大内さん / カルボ姉（ねえ） / ????? / 家族贖罪という字面 / まそお姉ちゃん
1,1079,em-2080ae65b62a,モヅルン,37,3771,1908,3,attribute_guard,0.3622,0.5,96,4,8,いいえ,モヅルン / 北間・クラリス嬢 / 超患部ぴよフェッサー / みどりのたけしマン / ネムりん
1,1080,em-5b97cf2d5a88,やまたのおろちん,40,2726,2726,3,multi_hit_attack,0.3618,0.5139,100,0,7,いいえ,やまたのおろちん / カルボ姉（ねえ） / 愛のぴよ子 / みどりのたけしマン / 速いぞサラマンダー！
1,1081,em-3488d6542112,クロゴキ,65,6134,2113,2,multi_hit_attack,0.3616,0.4583,99,1,7,いいえ,クロゴキ / 北間・クラリス嬢 / ＢＥＷ雪玉 / 愛のぴよ子 / 実はこんにゃくちゃん
1,1082,em-36d4f380dee2,ギャングなウツ雄様,60,4856,4856,5,damage_reduction,0.3615,0.4653,99,1,6,いいえ,ギャングなウツ雄様 / 北間・クラリス嬢 / トマティーナ少佐 / おこしんMK-2 / ハリウッドナナコ師匠
1,1083,em-a24482970c23,ご機嫌斜めのウィーン様,42,4941,2896,5,attack_buff,0.3612,0.4861,100,0,7,いいえ,ご機嫌斜めのウィーン様 / ペーチパイセン / トキシッくんｵｯｽｵｯｽ / みどりのたけしマン / 聖えぇじゃないか
1,1084,em-c08f9d20049a,激辛ふとし君,8,701,1702,5,attack_buff,0.3611,0.5556,96,4,8,いいえ,激辛ふとし君 / 北間・クラリス嬢 / サルパちゃん / ????? / 八狗神伏姫様
1,1085,em-53084d488de2,川越ザ・サード,15,666,1607,4,attack_buff,0.361,0.5556,99,1,7,いいえ,川越ザ・サード / えかちぇたん / ????? / ブハラ師匠 / ハリウッドナナコ師匠
1,1086,em-3b878e796aba,なまず仙人,35,4941,1618,4,damage_reduction,0.361,0.4861,98,2,7,いいえ,なまず仙人 / ペーチパイセン / 愛のぴよ子 / ????? / 御嶽さん
1,1087,em-4f0b20692fd7,コンドアーズ,17,273,2120,3,attack_buff,0.3607,0.5486,94,6,7,いいえ,コンドアーズ / カルボ姉（ねえ） / ????? / ブハラ師匠 / ハリウッドナナコ師匠
1,1088,em-2a5e6ca1207c,ケーンクラちゃん,81,9713,4089,6,damage_reduction,0.3607,0.4236,100,0,4,いいえ,ケーンクラちゃん / ペーチパイセン / ウナギーヌくん / デンマーくん / 魚臣！又土くん
1,1089,em-377c63de8d80,極・S.K.O.Tちゃん,6,1150,300,4,heal,0.3604,0.5903,94,6,8,いいえ,極・S.K.O.Tちゃん / カルボ姉（ねえ） / ????? / 家族贖罪という字面 / まそお姉ちゃん
1,1090,em-64a5161e8307,優美な二条嬢,15,1250,1150,2,attribute_guard,0.3603,0.5556,100,0,8,いいえ,優美な二条嬢 / えかちぇたん / トマティーナ少佐 / ブハラ師匠 / ハリウッドナナコ師匠
1,1091,em-511e9ea676be,Woo怪さま,10,700,1100,5,multi_hit_attack,0.3601,0.5625,100,0,7,いいえ,Woo怪さま / えかちぇたん / 超患部ぴよフェッサー / ????? / 八狗神伏姫様
1,1092,em-cecb4ccbb927,蝶々胡椒鯛くん,30,847,1018,2,delay,0.3601,0.5486,90,10,7,いいえ,蝶々胡椒鯛くん / えかちぇたん / 試作型おこしん / トキシッくんｵｯｽｵｯｽ / 美才能♪かの子さん
1,1093,em-84808a58aa1d,近江守鮒麿,11,764,640,5,heal,0.3598,0.5764,99,1,8,いいえ,近江守鮒麿 / カルボ姉（ねえ） / サルパちゃん / 愛のぴよ子 / 八狗神伏姫様
1,1094,em-94130e0ff2b5,かずら大先生,15,1057,1198,2,guard,0.3597,0.5556,100,0,8,いいえ,かずら大先生 / えかちぇたん / トマティーナ少佐 / ブハラ師匠 / ハリウッドナナコ師匠
1,1095,em-5ff7c4f20f2b,ヤマトタケルぅ！,40,85,8520,5,multi_hit_attack,0.3595,0.4722,94,6,7,いいえ,ヤマトタケルぅ！ / 北間・クラリス嬢 / トマティーナ少佐 / みどりのたけしマン / ハリウッドナナコ師匠
1,1096,em-0e376d1892df,メネリくん一世,72,6134,3067,4,guard,0.3595,0.4583,100,0,6,いいえ,メネリくん一世 / 試作型おこしん / 愛のぴよ子 / おこしんMK-2 / ハリウッドナナコ師匠
1,1097,em-cf62aeacc244,やまたのおろちん,40,2726,2726,3,multi_hit_attack,0.3593,0.4931,100,0,7,いいえ,やまたのおろちん / カルボ姉（ねえ） / 愛のぴよ子 / みどりのたけしマン / 速いぞサラマンダー！
1,1098,em-f7f78d464e92,ウミウサーヌ,60,3408,4601,3,guard,0.3589,0.4653,99,1,7,いいえ,ウミウサーヌ / ペーチパイセン / トマティーナ少佐 / トキシッくんｵｯｽｵｯｽ / ハリウッドナナコ師匠
1,1099,em-1e9e4475c353,ゲラー･ｻﾞ･ｸﾞﾗﾃﾞｨｴｲﾀｰ,55,3408,5964,2,attack_buff,0.3587,0.4375,100,0,6,いいえ,ゲラー･ｻﾞ･ｸﾞﾗﾃﾞｨｴｲﾀｰ / 北間・クラリス嬢 / すわ子isGOD！ / ɚすぃとあろま？ / ハリウッドナナコ師匠
1,1100,em-c78db71c2d7b,ヒルズさん,12,517,1097,1,attack_buff,0.3586,0.5556,96,4,7,いいえ,ヒルズさん / えかちぇたん / ????? / ブハラ師匠 / ハリウッドナナコ師匠
1,1101,em-2d076c59c4b7,わんこーラスそば,6,600,700,3,heal,0.3585,0.5764,94,6,8,いいえ,わんこーラスそば / カルボ姉（ねえ） / ????? / 家族贖罪という字面 / まそお姉ちゃん
1,1102,em-2d728f34a59e,へーい竜馬,14,1500,1500,3,attack_buff,0.3583,0.5417,98,2,7,いいえ,へーい竜馬 / えかちぇたん / ????? / ブハラ師匠 / ハリウッドナナコ師匠
1,1103,em-e128354ca2de,シュレーダー帝,31,1795,3097,6,revive,0.3576,0.5139,96,4,8,いいえ,シュレーダー帝 / カルボ姉（ねえ） / 試作型おこしん / 愛のぴよ子 / 御嶽さん
1,1104,em-3b3dcabfe61f,ク・うぃーん女王,8,900,900,5,attribute_change,0.3574,0.5694,93,7,7,いいえ,ク・うぃーん女王 / 北間・クラリス嬢 / サルパちゃん / ????? / 御嶽さん
1,1105,em-07585cdaab4c,だいこっくんさん,12,1000,1200,9,attack_buff,0.3574,0.5625,100,0,7,いいえ,だいこっくんさん / キタマクラさん / サルパちゃん / ????? / 八狗神伏姫様
1,1106,em-29be2edf2271,餅子・ﾏｰﾒｲﾄﾞｽﾀｲﾙ,60,4797,5308,5,damage_reduction,0.3571,0.4514,99,1,7,いいえ,餅子・ﾏｰﾒｲﾄﾞｽﾀｲﾙ / ペーチパイセン / トマティーナ少佐 / トキシッくんｵｯｽｵｯｽ / ハリウッドナナコ師匠
1,1107,em-eb4ef5fa8f2f,応援ぴよ子団長,60,1111,1111,12,attack_buff,0.357,0.5625,100,0,7,いいえ,応援ぴよ子団長 / カルボ姉（ねえ） / 試作型おこしん / トキシッくんｵｯｽｵｯｽ / ハリウッドナナコ師匠
1,1108,em-8cdef0bc7893,戸隠ちび太夫,11,150,1200,3,attack_buff,0.3568,0.5556,95,5,7,いいえ,戸隠ちび太夫 / えかちぇたん / ????? / ブハラ師匠 / ハリウッドナナコ師匠
1,1109,em-fa48dd1cff0a,祭りだ浅ちゃん！,7,800,1603,4,attack_buff,0.3567,0.5486,95,5,8,いいえ,祭りだ浅ちゃん！ / 北間・クラリス嬢 / サルパちゃん / ????? / 八狗神伏姫様
1,1110,em-df28e035685e,ハル先輩,11,626,1096,5,heal,0.3566,0.5625,96,4,8,いいえ,ハル先輩 / 北間・クラリス嬢 / サルパちゃん / ????? / 御嶽さん
1,1111,em-d90aa04af44f,グウィネズ兄弟,34,2066,3197,5,multi_hit_attack,0.3566,0.5,100,0,8,いいえ,グウィネズ兄弟 / 時計塔の魔女娘 / ????? / トキシッくんｵｯｽｵｯｽ / 伝説のWoo怪
1,1112,em-d111f497df0f,湘南大水曜日ボーイ,40,2044,5623,4,attack_buff,0.3566,0.4653,88,12,7,いいえ,湘南大水曜日ボーイ / 夏至祭のヴァサクサ君 / 試作型おこしん / トキシッくんｵｯｽｵｯｽ / 端午ぴよ子
1,1113,em-e795d2bbe2f0,北政所ねね様,60,5623,4601,3,attribute_guard,0.3562,0.4306,92,8,6,いいえ,北政所ねね様 / ペーチパイセン / 試作型おこしん / 愛のぴよ子 / おこしんMK-2
1,1114,em-090474161194,オム・オクト・パッス,12,888,900,5,heal,0.3561,0.5694,97,3,8,いいえ,オム・オクト・パッス / 北間・クラリス嬢 / サルパちゃん / ????? / 御嶽さん
1,1115,em-98053d851e29,炎上魔女ベファーナ,59,2088,3748,2,revive,0.356,0.4861,96,4,8,いいえ,炎上魔女ベファーナ / ペーチパイセン / トマティーナ少佐 / トキシッくんｵｯｽｵｯｽ / 大森さん
1,1116,em-8421c50f30c7,しょーかさん,8,700,800,6,multi_hit_attack,0.3558,0.5694,86,14,8,いいえ,しょーかさん / 北間・クラリス嬢 / すわ子isGOD！ / ????? / 八狗神伏姫様
1,1117,em-618de9bba906,関大先生,9,1201,1201,3,guard,0.3558,0.5347,96,4,8,いいえ,関大先生 / えかちぇたん / 愛のぴよ子 / みどりのたけしマン / 御嶽さん
1,1118,em-d295de1e4086,海の日シスターズ♪,40,3823,4657,4,attack_buff,0.3557,0.4583,94,6,7,いいえ,海の日シスターズ♪ / 北間・クラリス嬢 / トマティーナ少佐 / みどりのたけしマン / ハリウッドナナコ師匠
1,1119,em-74ebc57ab0a9,ニーハオさん,12,397,1216,5,attack_buff,0.3555,0.5625,100,0,7,いいえ,ニーハオさん / キタマクラさん / サルパちゃん / ????? / 八狗神伏姫様
1,1120,em-8c223847d1b4,皐月ぴよ子,5,555,555,0,none,0.3555,0.5556,85,15,7,いいえ,皐月ぴよ子 / カルボ姉（ねえ） / ????? / 御嶽さん / 巨大カンテツ
1,1121,em-1c72b25f9096,エッシュ＆エッジュ,10,800,800,3,skill_reduction,0.3554,0.5556,98,2,7,いいえ,エッシュ＆エッジュ / カルボ姉（ねえ） / サルパちゃん / 愛のぴよ子 / 八狗神伏姫様
1,1122,em-efebd27cd58d,新・ひろしマン,7,600,600,3,heal,0.3551,0.5764,95,5,8,いいえ,新・ひろしマン / カルボ姉（ねえ） / ????? / 家族贖罪という字面 / まそお姉ちゃん
1,1123,em-16634f0d7475,どーよさん,12,400,1200,5,attack_buff,0.3551,0.5625,100,0,7,いいえ,どーよさん / キタマクラさん / サルパちゃん / ????? / 八狗神伏姫様
1,1124,em-5c4a86842734,芹沢殿,10,703,698,3,guard,0.3549,0.5625,100,0,8,いいえ,芹沢殿 / カルボ姉（ねえ） / ????? / ブハラ師匠 / 美才能♪かの子さん
1,1125,em-8c598f1908e7,ももとふちゃん,8,800,1000,3,heal,0.3544,0.5556,85,15,8,いいえ,ももとふちゃん / カルボ姉（ねえ） / ????? / 御嶽さん / 速いぞサラマンダー！
1,1126,em-6c5c24ebebea,こんぴらさん,15,1100,1100,8,delay,0.3544,0.5208,99,1,7,いいえ,こんぴらさん / えかちぇたん / ????? / ブハラ師匠 / ハリウッドナナコ師匠
1,1127,em-0560ed78022d,見事にびわ子たん,5,400,400,4,damage_reduction,0.3542,0.5833,92,8,8,いいえ,見事にびわ子たん / えかちぇたん / すわ子isGOD！ / トキシッくんｵｯｽｵｯｽ / 八狗神伏姫様
1,1128,em-a6927eca01fa,すわ子ちゃん,8,500,800,6,multi_hit_attack,0.3542,0.5694,86,14,8,いいえ,すわ子ちゃん / 北間・クラリス嬢 / すわ子isGOD！ / ????? / 八狗神伏姫様
1,1129,em-f86c4c085efd,メガネ系ほぬー類,12,700,600,4,skill_reduction,0.3542,0.5625,80,20,7,いいえ,メガネ系ほぬー類 / カルボ姉（ねえ） / すわ子isGOD！ / ɚすぃとあろま？ / シミ
1,1130,em-0da991c52dd4,ギャリーくん,5,400,400,3,damage_reduction,0.3541,0.5833,92,8,8,いいえ,ギャリーくん / えかちぇたん / すわ子isGOD！ / トキシッくんｵｯｽｵｯｽ / 八狗神伏姫様
1,1131,em-8680261975a6,キタマクラさん,10,3166,558,1,heal,0.3541,0.5347,98,2,8,いいえ,キタマクラさん / カルボ姉（ねえ） / サルパちゃん / 愛のぴよ子 / 八狗神伏姫様
1,1132,em-959e9037e6f6,だいこっくん,8,800,900,8,attack_buff,0.354,0.5694,100,0,7,いいえ,だいこっくん / 北間・クララさん / ????? / 御嶽さん / 八狗神伏姫様
1,1133,em-c8d0b7ef1b10,めい子お姉さま,9,1159,1244,4,attribute_guard,0.3539,0.5347,96,4,8,いいえ,めい子お姉さま / えかちぇたん / 愛のぴよ子 / みどりのたけしマン / 御嶽さん
1,1134,em-72aeeb632038,石見神楽どんちっちん,15,1812,1661,6,aoe_attack,0.3539,0.5347,99,1,7,いいえ,石見神楽どんちっちん / えかちぇたん / ????? / ブハラ師匠 / ハリウッドナナコ師匠
1,1135,em-ff9248487a17,じょーカー＆ちょーカー,14,800,1000,5,delay,0.3538,0.5278,99,1,7,いいえ,じょーカー＆ちょーカー / えかちぇたん / すわ子isGOD！ / 愛のぴよ子 / 八狗神伏姫様
1,1136,em-eaad577a957c,関さん,5,390,390,4,guard,0.3537,0.5833,92,8,8,いいえ,関さん / えかちぇたん / すわ子isGOD！ / トキシッくんｵｯｽｵｯｽ / 八狗神伏姫様
1,1137,em-c358a9d61a43,PiぐPeんとBiぐBeん,15,1208,1510,2,attack_buff,0.3536,0.5278,99,1,7,いいえ,PiぐPeんとBiぐBeん / えかちぇたん / ????? / ブハラ師匠 / ハリウッドナナコ師匠
1,1138,em-d6f4ebe1907b,猫キャット,4,150,700,1,heal,0.3533,0.5694,92,8,8,いいえ,猫キャット / カルボ姉（ねえ） / ????? / 家族贖罪という字面 / まそお姉ちゃん
1,1139,em-dab58d0db3e1,夕陽のカウボーイ,17,1661,1661,5,revive,0.3533,0.5347,86,14,8,いいえ,夕陽のカウボーイ / カルボ姉（ねえ） / トマティーナ少佐 / みどりのたけしマン / 速いぞサラマンダー！
1,1140,em-d6397e37a32d,三山くまのたん,17,500,1900,3,attack_buff,0.3531,0.5417,94,6,7,いいえ,三山くまのたん / カルボ姉（ねえ） / ????? / ブハラ師匠 / ハリウッドナナコ師匠
1,1141,em-d9ea7f0897f2,山ガール！？さなこりん,15,2567,1225,6,multi_hit_attack,0.353,0.5278,99,1,7,いいえ,山ガール！？さなこりん / えかちぇたん / ????? / ブハラ師匠 / ハリウッドナナコ師匠
1,1142,em-814278d8eb9b,轟け！阿蘇さん,15,1680,920,1,attribute_guard,0.3529,0.5417,100,0,8,いいえ,轟け！阿蘇さん / 北間・クラリス嬢 / サルパちゃん / ????? / 御嶽さん
1,1143,em-504b87d4019a,ニタリくん,16,817,1533,3,multi_hit_attack,0.3528,0.5417,100,0,7,いいえ,ニタリくん / えかちぇたん / ????? / ブハラ師匠 / ハリウッドナナコ師匠
1,1144,em-c6a3687dad8c,ウナギーヌさん,5,900,350,2,heal,0.3526,0.5764,93,7,8,いいえ,ウナギーヌさん / カルボ姉（ねえ） / ????? / 家族贖罪という字面 / まそお姉ちゃん
1,1145,em-635af81fa283,ＪＡＸＡイルＲ,15,688,1706,5,multi_hit_attack,0.3526,0.5417,99,1,7,いいえ,ＪＡＸＡイルＲ / えかちぇたん / ????? / ブハラ師匠 / ハリウッドナナコ師匠
1,1146,em-6a50fe1ba475,青き春の酔竜,70,2556,7668,3,attack_buff,0.3526,0.4236,100,0,6,いいえ,青き春の酔竜 / 北間・クラリス嬢 / 試作型おこしん / 愛のぴよ子 / ハリウッドナナコ師匠
1,1147,em-d46e72def2a2,いつくしーみん,8,380,840,2,attack_buff,0.3525,0.5556,92,8,8,いいえ,いつくしーみん / えかちぇたん / ????? / ブハラ師匠 / ハリウッドナナコ師匠
1,1148,em-92e16a3efe92,ク・うぃーん王女,12,1100,1100,5,attribute_change,0.3524,0.5556,97,3,7,いいえ,ク・うぃーん王女 / 北間・クラリス嬢 / サルパちゃん / ????? / 御嶽さん
1,1149,em-74b9082a787c,暫時バル状態,19,2938,838,4,damage_reduction,0.3523,0.5347,100,0,8,いいえ,暫時バル状態 / えかちぇたん / すわ子isGOD！ / みどりのたけしマン / 巨大カンテツ
1,1150,em-8ece38ad97a5,デンマーくん大帝,17,1269,1057,2,guard,0.3522,0.5486,94,6,8,いいえ,デンマーくん大帝 / えかちぇたん / トマティーナ少佐 / オペラハウス侯爵 / 速いぞサラマンダー！
1,1151,em-2a6ad62952da,スホクラント先生,15,1841,904,3,damage_reduction,0.3521,0.5278,94,6,8,いいえ,スホクラント先生 / えかちぇたん / 愛のぴよ子 / ????? / 御嶽さん
1,1152,em-8d9e942117e5,ウナギーヌ課長,6,1000,450,2,heal,0.3519,0.5694,94,6,8,いいえ,ウナギーヌ課長 / カルボ姉（ねえ） / ????? / 家族贖罪という字面 / まそお姉ちゃん
1,1153,em-a91eca479689,嗚呼ヴァサクサ君,10,1880,374,2,skill_reduction,0.3514,0.5417,98,2,7,いいえ,嗚呼ヴァサクサ君 / カルボ姉（ねえ） / サルパちゃん / 愛のぴよ子 / 八狗神伏姫様
1,1154,em-da18dad9d936,もけーれ！ムベちゃん,53,2896,6475,4,multi_hit_attack,0.3513,0.4444,96,4,7,いいえ,もけーれ！ムベちゃん / ペーチパイセン / 愛のぴよ子 / ????? / 速いぞサラマンダー！
1,1155,em-9b717b0ffa22,地獄めぐりベッピー,19,1733,1664,5,attack_buff,0.3512,0.5347,100,0,8,いいえ,地獄めぐりベッピー / 北間・クラリス嬢 / トマティーナ少佐 / みどりのたけしマン / 御嶽さん
1,1156,em-4d6101ee96b0,フィッシャーマン３,8,520,470,1,heal,0.3511,0.5694,96,4,8,いいえ,フィッシャーマン３ / カルボ姉（ねえ） / サルパちゃん / 愛のぴよ子 / 八狗神伏姫様
1,1157,em-58f4a804ff7f,マリンな白良さん,12,710,694,4,attack_buff,0.3505,0.5625,100,0,7,いいえ,マリンな白良さん / キタマクラさん / サルパちゃん / ????? / 八狗神伏姫様
1,1158,em-8d7a9845b04b,コーベリアル男爵,5,400,380,2,attribute_guard,0.3503,0.5764,92,8,8,いいえ,コーベリアル男爵 / えかちぇたん / すわ子isGOD！ / トキシッくんｵｯｽｵｯｽ / 八狗神伏姫様
1,1159,em-6722337c6d78,雨降る倉敷のみかん姐,15,2718,1963,4,aoe_attack,0.3503,0.5,99,1,7,いいえ,雨降る倉敷のみかん姐 / えかちぇたん / ????? / ブハラ師匠 / ハリウッドナナコ師匠
1,1160,em-0c931777e175,関くん,4,305,307,4,guard,0.3502,0.5833,91,9,8,いいえ,関くん / えかちぇたん / すわ子isGOD！ / トキシッくんｵｯｽｵｯｽ / 八狗神伏姫様
1,1161,em-8a7e4284ba4a,あっぴーさん,5,800,350,3,heal,0.3501,0.5764,93,7,8,いいえ,あっぴーさん / カルボ姉（ねえ） / ????? / 家族贖罪という字面 / まそお姉ちゃん
1,1162,em-f3d5bcd42444,あっぴー先輩,6,1000,400,2,heal,0.3501,0.5694,94,6,8,いいえ,あっぴー先輩 / カルボ姉（ねえ） / ????? / 家族贖罪という字面 / まそお姉ちゃん
1,1163,em-5d34df1253d1,氷点下のレーカさん,40,2044,2556,3,revive,0.3501,0.4931,97,3,8,いいえ,氷点下のレーカさん / カルボ姉（ねえ） / 愛のぴよ子 / ????? / 聖えぇじゃないか
1,1164,em-55828eea72b7,スーリヤ大先輩,48,5360,1951,2,aoe_attack,0.35,0.4583,100,0,7,いいえ,スーリヤ大先輩 / カルボ姉（ねえ） / 愛のぴよ子 / ????? / 速いぞサラマンダー！
1,1165,em-251adb8af3dc,にくぁう餃子権現,30,1365,3638,4,attack_buff,0.3498,0.4931,100,0,8,いいえ,にくぁう餃子権現 / 北間・クラリス嬢 / トリニダの怪人 / ????? / 御嶽さん
1,1166,em-e507272ab5af,フィッシャーマン２,6,400,400,1,heal,0.3497,0.5694,94,6,8,いいえ,フィッシャーマン２ / カルボ姉（ねえ） / ????? / 家族贖罪という字面 / まそお姉ちゃん
1,1167,em-cdfbe8acd59f,はんばー先輩,24,4444,563,2,revive,0.3495,0.5,100,0,8,いいえ,はんばー先輩 / カルボ姉（ねえ） / トマティーナ少佐 / 愛のぴよ子 / 八狗神伏姫様
1,1168,em-ad0fa41f1980,輝け！叡智通,12,1102,1300,4,attack_buff,0.3492,0.5417,100,0,7,いいえ,輝け！叡智通 / キタマクラさん / サルパちゃん / ????? / 八狗神伏姫様
1,1169,em-c5dbda5d8d5b,湘南パボーイ,12,318,911,4,attack_buff,0.349,0.5556,100,0,7,いいえ,湘南パボーイ / キタマクラさん / サルパちゃん / ????? / 八狗神伏姫様
1,1170,em-2f1780cfd053,どーよ様,15,500,1900,5,attack_buff,0.3489,0.5347,99,1,7,いいえ,どーよ様 / えかちぇたん / ????? / ブハラ師匠 / ハリウッドナナコ師匠
1,1171,em-8b0ee22a5cd7,ドナドナう皮,26,1676,1664,3,guard,0.3489,0.5208,91,9,8,いいえ,ドナドナう皮 / カルボ姉（ねえ） / サルパちゃん / 愛のぴよ子 / 速いぞサラマンダー！
1,1172,em-3b47fb031e0a,上京！世界師匠,36,1704,4260,4,multi_hit_attack,0.3489,0.4792,100,0,7,いいえ,上京！世界師匠 / 北間・クラリス嬢 / 愛のぴよ子 / ????? / 御嶽さん
1,1173,em-da69b63392e4,手品師！エッシュさん,6,600,600,4,skill_reduction,0.3487,0.5556,86,14,7,いいえ,手品師！エッシュさん / カルボ姉（ねえ） / ????? / 御嶽さん / 巨大カンテツ
1,1174,em-b09b44b6b259,くだにょん,13,1128,1269,4,attack_buff,0.3485,0.5417,97,3,7,いいえ,くだにょん / えかちぇたん / ????? / ブハラ師匠 / ハリウッドナナコ師匠
1,1175,em-4090b70a0b17,さくらこちゃん,4,495,215,4,attribute_guard,0.3483,0.5833,91,9,8,いいえ,さくらこちゃん / えかちぇたん / すわ子isGOD！ / トキシッくんｵｯｽｵｯｽ / 八狗神伏姫様
1,1176,em-d35809f53912,鎌倉式ＤＢ２零式,15,1807,856,9,guard,0.348,0.5417,100,0,8,いいえ,鎌倉式ＤＢ２零式 / 北間・クラリス嬢 / サルパちゃん / ????? / 御嶽さん
1,1177,em-a6a4e9c825f7,ハズクの姐御,14,1359,1510,6,multi_hit_attack,0.348,0.5347,98,2,7,いいえ,ハズクの姐御 / えかちぇたん / ????? / ブハラ師匠 / ハリウッドナナコ師匠
1,1178,em-f0bd2d18332e,Woo怪さん,8,600,700,6,multi_hit_attack,0.3479,0.5625,86,14,8,いいえ,Woo怪さん / 北間・クラリス嬢 / すわ子isGOD！ / ????? / 八狗神伏姫様
1,1179,em-452bfe576bb9,ねぶるータス,16,950,1350,2,attack_buff,0.3478,0.5347,100,0,7,いいえ,ねぶるータス / えかちぇたん / ????? / ブハラ師匠 / ハリウッドナナコ師匠
1,1180,em-7c8471edf1df,ハロハロ☆ナモミさま,36,2556,4260,2,attack_buff,0.3477,0.4514,98,2,7,いいえ,ハロハロ☆ナモミさま / 北間・クラリス嬢 / ????? / 御嶽さん / ハリウッドナナコ師匠
1,1181,em-3725122fa93d,ホーク元船員,9,600,850,1,attribute_guard,0.3474,0.5417,100,0,8,いいえ,ホーク元船員 / えかちぇたん / ????? / ブハラ師匠 / 伝説のWoo怪
1,1182,em-4b8003f0f990,メル子さま,12,800,800,3,attack_buff,0.3473,0.5486,100,0,7,いいえ,メル子さま / キタマクラさん / サルパちゃん / ????? / 八狗神伏姫様
1,1183,em-ffea90d62e77,テイヤさん,55,1874,5282,3,multi_hit_attack,0.3471,0.4583,100,0,6,いいえ,テイヤさん / 北間・クラリス嬢 / すわ子isGOD！ / ɚすぃとあろま？ / ハリウッドナナコ師匠
1,1184,em-7ada5b98126c,サイガーブルー,8,250,950,5,multi_hit_attack,0.3469,0.5625,86,14,8,いいえ,サイガーブルー / 北間・クラリス嬢 / すわ子isGOD！ / ????? / 八狗神伏姫様
1,1185,em-c47afb60b613,三重子先輩,10,800,800,2,attribute_change,0.3467,0.5556,98,2,7,いいえ,三重子先輩 / カルボ姉（ねえ） / サルパちゃん / 愛のぴよ子 / 八狗神伏姫様
1,1186,em-4dec28ac375f,いやひこさん,13,800,500,3,delay,0.3466,0.5556,81,19,7,いいえ,いやひこさん / カルボ姉（ねえ） / すわ子isGOD！ / ɚすぃとあろま？ / シミ
1,1187,em-f354ab7f7554,漆黒のいびるん,12,800,1000,5,guard,0.3466,0.5486,97,3,8,いいえ,漆黒のいびるん / 北間・クラリス嬢 / サルパちゃん / ????? / 御嶽さん
1,1188,em-53e02d48f02a,It’s a ちーちゃん,33,6816,149,2,multi_hit_attack,0.3466,0.4931,100,0,7,いいえ,It’s a ちーちゃん / トリニダの怪人 / 愛のぴよ子 / ????? / 御嶽さん
1,1189,em-da4562cd6142,プレーン下仁田,10,500,500,4,guard,0.3465,0.5625,100,0,8,いいえ,プレーン下仁田 / カルボ姉（ねえ） / ????? / ブハラ師匠 / 美才能♪かの子さん
1,1190,em-e7b02783dd94,梵天ちゃん,8,500,700,8,aoe_attack,0.3464,0.5625,86,14,8,いいえ,梵天ちゃん / 北間・クラリス嬢 / すわ子isGOD！ / ????? / 八狗神伏姫様
1,1191,em-a4adc4bc9b7c,魁！安井道さん,12,1215,1187,5,guard,0.3462,0.5278,99,1,8,いいえ,魁！安井道さん / えかちぇたん / 愛のぴよ子 / みどりのたけしマン / 御嶽さん
1,1192,em-d4e50f80f825,コーベリアル,4,305,297,2,attribute_guard,0.3461,0.5764,91,9,8,いいえ,コーベリアル / えかちぇたん / すわ子isGOD！ / トキシッくんｵｯｽｵｯｽ / 八狗神伏姫様
1,1193,em-d7e5ef0e4b97,実はこんにゃくちゃん,9,1198,1204,7,guard,0.3458,0.5278,96,4,8,いいえ,実はこんにゃくちゃん / えかちぇたん / 愛のぴよ子 / みどりのたけしマン / 御嶽さん
1,1194,em-344fce469565,豊聡之太子さん,12,830,775,2,heal,0.3457,0.5556,100,0,8,いいえ,豊聡之太子さん / カルボ姉（ねえ） / サルパちゃん / 愛のぴよ子 / 八狗神伏姫様
1,1195,em-a4d82c09dd0f,魂入！とちぎソウル,7,565,1837,4,attack_buff,0.3457,0.5208,95,5,8,いいえ,魂入！とちぎソウル / 北間・クラリス嬢 / サルパちゃん / ????? / 八狗神伏姫様
1,1196,em-34a894a8519d,ロロ先輩,16,1100,1400,6,revive,0.3456,0.5417,97,3,8,いいえ,ロロ先輩 / 北間・クラリス嬢 / トマティーナ少佐 / みどりのたけしマン / 御嶽さん
1,1197,em-9c40d906d190,フィッシャーマン,4,296,314,1,heal,0.3455,0.5694,92,8,8,いいえ,フィッシャーマン / カルボ姉（ねえ） / ????? / 家族贖罪という字面 / まそお姉ちゃん
1,1198,em-6e472849dc37,ほーい竜馬,12,1100,1100,3,attack_buff,0.3455,0.5417,100,0,7,いいえ,ほーい竜馬 / キタマクラさん / サルパちゃん / ????? / 八狗神伏姫様
1,1199,em-98054d952da8,ニート達の日常。,21,2968,296,3,delay,0.3453,0.5278,99,1,7,いいえ,ニート達の日常。 / カルボ姉（ねえ） / すわ子isGOD！ / 愛のぴよ子 / 八狗神伏姫様
1,1200,em-68c24ce7bf95,女帝！カるたーニャ,40,3408,3408,4,attack_buff,0.3451,0.4722,94,6,7,いいえ,女帝！カるたーニャ / 北間・クララさん / トマティーナ少佐 / みどりのたけしマン / ハリウッドナナコ師匠
1,1201,em-69c72b6c10d2,紳士なトーマスん,12,765,835,3,attribute_change,0.3448,0.5556,100,0,7,いいえ,紳士なトーマスん / カルボ姉（ねえ） / サルパちゃん / 愛のぴよ子 / 八狗神伏姫様
1,1202,em-f203cae3d671,ペーチパイセン,9,1974,1100,1,attack_buff,0.3448,0.5139,100,0,7,いいえ,ペーチパイセン / えかちぇたん / 試作型おこしん / 諏訪子成長期 / シミ
1,1203,em-5d62afcf01d5,転がる！けねず君,37,3408,2044,4,damage_reduction,0.3446,0.4722,100,0,8,いいえ,転がる！けねず君 / ペーチパイセン / 愛のぴよ子 / ????? / 御嶽さん
1,1204,em-6aaeda4f2f3a,ギガキプ☆アガッシイ,35,2726,2726,4,multi_hit_attack,0.3445,0.4931,100,0,8,いいえ,ギガキプ☆アガッシイ / 北間・クラリス嬢 / 試作型おこしん / ????? / 御嶽さん
1,1205,em-f18c065bbb1d,白水大師匠,18,1510,1887,5,aoe_attack,0.3444,0.5208,95,5,7,いいえ,白水大師匠 / カルボ姉（ねえ） / ????? / ブハラ師匠 / ハリウッドナナコ師匠
1,1206,em-2d3e693a8406,ツキマシモン,35,3919,1704,2,attack_buff,0.3444,0.4792,100,0,8,いいえ,ツキマシモン / 北間・クラリス嬢 / 試作型おこしん / ????? / 御嶽さん
1,1207,em-409b16959eac,唸るぜ！よりりん,12,795,805,3,attribute_change,0.3442,0.5556,100,0,7,いいえ,唸るぜ！よりりん / カルボ姉（ねえ） / サルパちゃん / 愛のぴよ子 / 八狗神伏姫様
1,1208,em-fb5bfa8a3429,ひろしマン,4,300,300,3,heal,0.3441,0.5764,92,8,8,いいえ,ひろしマン / カルボ姉（ねえ） / ????? / 家族贖罪という字面 / まそお姉ちゃん
1,1209,em-4db528322142,だいこっくん様,16,1300,1400,9,attack_buff,0.3439,0.5347,100,0,7,いいえ,だいこっくん様 / えかちぇたん / ????? / ブハラ師匠 / ハリウッドナナコ師匠
1,1210,em-fae18e323cb5,美観之介曳山ん太郎,23,2194,1597,5,aoe_attack,0.3438,0.5139,100,0,8,いいえ,美観之介曳山ん太郎 / カルボ姉（ねえ） / ????? / ブハラ師匠 / ハリウッドナナコ師匠
1,1211,em-a787bb59ceca,トキシッくん,5,600,500,4,revive,0.3436,0.5556,93,7,8,いいえ,トキシッくん / カルボ姉（ねえ） / ????? / 家族贖罪という字面 / まそお姉ちゃん
1,1212,em-9164bb93f13d,ロロさん,12,700,1000,7,revive,0.3436,0.5556,100,0,8,いいえ,ロロさん / カルボ姉（ねえ） / サルパちゃん / 愛のぴよ子 / 八狗神伏姫様
1,1213,em-8660ff550c92,うどんの天使,40,3067,3748,1,attack_buff,0.3436,0.4375,94,6,7,いいえ,うどんの天使 / 北間・クラリス嬢 / トマティーナ少佐 / みどりのたけしマン / ハリウッドナナコ師匠
1,1214,em-bca5e711ca4b,あろま・シュワー,16,1060,1201,5,revive,0.3435,0.5417,85,15,8,いいえ,あろま・シュワー / カルボ姉（ねえ） / トマティーナ少佐 / みどりのたけしマン / 速いぞサラマンダー！
1,1215,em-37fd7478d2d8,壺風味の何か,16,2809,888,1,damage_reduction,0.3435,0.5139,95,5,8,いいえ,壺風味の何か / えかちぇたん / 愛のぴよ子 / ????? / 御嶽さん
1,1216,em-4bb28e84009d,吉野スライメスト,13,1809,735,5,guard,0.3432,0.5347,98,2,8,いいえ,吉野スライメスト / 北間・クラリス嬢 / サルパちゃん / ????? / 御嶽さん
1,1217,em-47063c22130f,わんこースそば,4,300,400,3,heal,0.3431,0.5694,92,8,8,いいえ,わんこースそば / カルボ姉（ねえ） / ????? / 家族贖罪という字面 / まそお姉ちゃん
1,1218,em-039828fc85d9,ひろしマン・改,6,400,400,3,heal,0.343,0.5694,94,6,8,いいえ,ひろしマン・改 / カルボ姉（ねえ） / ????? / 家族贖罪という字面 / まそお姉ちゃん
1,1219,em-2c819cc3029c,お稲荷さん,9,808,808,3,attack_buff,0.3428,0.5417,93,7,7,いいえ,お稲荷さん / えかちぇたん / ????? / ブハラ師匠 / ハリウッドナナコ師匠
1,1220,em-144424b04d69,あろまさん,5,450,650,4,revive,0.3417,0.5486,93,7,8,いいえ,あろまさん / カルボ姉（ねえ） / ????? / 家族贖罪という字面 / まそお姉ちゃん
1,1221,em-371b0bc06848,やっとの神,50,2933,2919,3,multi_hit_attack,0.3417,0.4653,92,8,7,いいえ,やっとの神 / カルボ姉（ねえ） / 愛のぴよ子 / ɚすぃとあろま？ / ハリウッドナナコ師匠
1,1222,em-6ed81c8341b0,萌やし紳士,8,308,898,4,attack_buff,0.3414,0.5486,96,4,8,いいえ,萌やし紳士 / 北間・クラリス嬢 / サルパちゃん / ????? / 八狗神伏姫様
1,1223,em-6ff1562355a9,ファジル先生,12,2256,1128,2,multi_hit_attack,0.3413,0.5139,100,0,7,いいえ,ファジル先生 / キタマクラさん / サルパちゃん / ????? / 八狗神伏姫様
1,1224,em-5d34c0af44dd,白兎神★ばうあー,72,3878,5487,3,skill_reduction,0.3412,0.3681,100,0,7,いいえ,白兎神★ばうあー / 北間・クラリス嬢 / 愛のぴよ子 / おこしんMK-2 / 大森さん
1,1225,em-51e67cfa8578,さくらこさーん,5,600,300,1,attribute_guard,0.3411,0.5625,92,8,8,いいえ,さくらこさーん / えかちぇたん / すわ子isGOD！ / トキシッくんｵｯｽｵｯｽ / 八狗神伏姫様
1,1226,em-99d6f9e928d6,京子中学２４年生,8,620,612,4,damage_reduction,0.3405,0.5486,93,7,8,いいえ,京子中学２４年生 / えかちぇたん / すわ子isGOD！ / 愛のぴよ子 / 八狗神伏姫様
1,1227,em-b1988954d3bc,織田フィナーレ,50,2556,5964,5,multi_hit_attack,0.3404,0.4444,100,0,7,いいえ,織田フィナーレ / 北間・クラリス嬢 / 試作型おこしん / ????? / 聖えぇじゃないか
1,1228,em-ab3cf42ca015,銘菓ぴよ子零式,15,1155,1255,3,multi_hit_attack,0.3402,0.5278,99,1,7,いいえ,銘菓ぴよ子零式 / えかちぇたん / ????? / ブハラ師匠 / ハリウッドナナコ師匠
1,1229,em-377a00f7a666,のり男,4,334,278,3,attribute_guard,0.34,0.5694,91,9,8,いいえ,のり男 / えかちぇたん / すわ子isGOD！ / トキシッくんｵｯｽｵｯｽ / 八狗神伏姫様
1,1230,em-1a814a6b20cf,未来のモア蔵,5,920,160,4,guard,0.3399,0.5694,92,8,8,いいえ,未来のモア蔵 / えかちぇたん / すわ子isGOD！ / トキシッくんｵｯｽｵｯｽ / 八狗神伏姫様
1,1231,em-8765daafca7a,トマティーナ中佐,40,3748,2130,2,multi_hit_attack,0.3398,0.4583,94,6,7,いいえ,トマティーナ中佐 / 北間・クラリス嬢 / トマティーナ少佐 / みどりのたけしマン / ハリウッドナナコ師匠
1,1232,em-b2125332555b,呵々Doの閑雅・ルー,85,9883,4771,5,guard,0.3397,0.3819,100,0,4,いいえ,呵々Doの閑雅・ルー / 猫キャット / 戸隠ちび丸 / デンマーくん / 魚臣！又土くん
1,1233,em-48b5d909c409,南紀な白良さん,15,800,800,4,attack_buff,0.3395,0.5417,99,1,7,いいえ,南紀な白良さん / えかちぇたん / ????? / ブハラ師匠 / ハリウッドナナコ師匠
1,1234,em-bf58cd7d185a,ホーク元船長,12,700,1100,1,attribute_guard,0.3393,0.5139,99,1,8,いいえ,ホーク元船長 / えかちぇたん / 愛のぴよ子 / みどりのたけしマン / 御嶽さん
1,1235,em-ab565d3596f4,さんとくん先輩,10,1500,400,4,delay,0.3391,0.5417,98,2,7,いいえ,さんとくん先輩 / カルボ姉（ねえ） / サルパちゃん / 愛のぴよ子 / 八狗神伏姫様
1,1236,em-c9268ab25340,大森銀さま,10,1600,200,3,damage_reduction,0.3386,0.5556,100,0,8,いいえ,大森銀さま / カルボ姉（ねえ） / ????? / ブハラ師匠 / 美才能♪かの子さん
1,1237,em-c70398ce7406,讃岐・S.K.O.T神,9,2106,493,3,heal,0.3385,0.5417,97,3,8,いいえ,讃岐・S.K.O.T神 / カルボ姉（ねえ） / サルパちゃん / 愛のぴよ子 / 八狗神伏姫様
1,1238,em-950b687b1f04,タオるん先輩,9,700,900,4,attribute_guard,0.338,0.5347,100,0,8,いいえ,タオるん先輩 / えかちぇたん / ????? / ブハラ師匠 / 伝説のWoo怪
1,1239,em-872b1096af45,アシナガ,80,3748,6816,1,attack_buff,0.3371,0.3542,100,0,4,いいえ,アシナガ / 猫キャットマンジョン / 覚醒ニート / わんこースそば / ほたるーニャ
1,1240,em-bf60c5d7bbe5,ワイン塗れのぐっすん,39,2453,5555,1,attack_buff,0.337,0.4028,93,7,7,いいえ,ワイン塗れのぐっすん / 北間・クラリス嬢 / トマティーナ少佐 / みどりのたけしマン / ハリウッドナナコ師匠
1,1241,em-66a587f1a726,にくぁうさん,12,497,1116,4,attack_buff,0.3364,0.5347,96,4,7,いいえ,にくぁうさん / えかちぇたん / ????? / ブハラ師匠 / ハリウッドナナコ師匠
1,1242,em-1a5f7bc3661b,萌やし男子,7,300,700,4,attack_buff,0.3361,0.5486,95,5,8,いいえ,萌やし男子 / 北間・クラリス嬢 / サルパちゃん / ????? / 八狗神伏姫様
1,1243,em-39011821f965,さるぼぼぼぼ～ん,12,800,1000,4,aoe_attack,0.3358,0.5347,96,4,7,いいえ,さるぼぼぼぼ～ん / えかちぇたん / ????? / ブハラ師匠 / ハリウッドナナコ師匠
1,1244,em-f781988d359e,ヤル気勢！うっす様,11,500,1300,2,attack_buff,0.3355,0.5208,95,5,7,いいえ,ヤル気勢！うっす様 / えかちぇたん / ????? / ブハラ師匠 / ハリウッドナナコ師匠
1,1245,em-60fd008b3a8b,なるとくん,6,700,600,5,attack_buff,0.3352,0.5417,99,1,8,いいえ,なるとくん / 北間・クラリス嬢 / サルパちゃん / みどりのたけしマン / 御嶽さん
1,1246,em-a769fc8e5005,真サタデーナイト郡上,12,800,1000,5,aoe_attack,0.3352,0.5278,96,4,7,いいえ,真サタデーナイト郡上 / えかちぇたん / ????? / ブハラ師匠 / ハリウッドナナコ師匠
1,1247,em-11cceded3ad2,創造主・アヌンナキ,70,4260,5964,3,damage_reduction,0.3352,0.3958,99,1,6,いいえ,創造主・アヌンナキ / ペーチパイセン / 愛のぴよ子 / おこしんMK-2 / ハリウッドナナコ師匠
1,1248,em-0c10b95e36c6,激走！えるたそ,10,900,800,4,attack_buff,0.3351,0.5417,100,0,7,いいえ,激走！えるたそ / えかちぇたん / 超患部ぴよフェッサー / ????? / 八狗神伏姫様
1,1249,em-6a3f787c507e,梵天くん,12,700,900,7,aoe_attack,0.3349,0.5347,100,0,7,いいえ,梵天くん / キタマクラさん / サルパちゃん / ????? / 八狗神伏姫様
1,1250,em-65d0268c18cf,うっす様。,6,200,900,2,attack_buff,0.3348,0.5417,99,1,8,いいえ,うっす様。 / 北間・クラリス嬢 / サルパちゃん / みどりのたけしマン / 御嶽さん
1,1251,em-fb54694c6adc,サイガーイエロー,9,357,1057,4,multi_hit_attack,0.3347,0.5347,93,7,7,いいえ,サイガーイエロー / えかちぇたん / ????? / ブハラ師匠 / ハリウッドナナコ師匠
1,1252,em-8060e6a7ab61,戸隠ちび丸,4,150,700,3,attack_buff,0.3345,0.5417,100,0,8,いいえ,戸隠ちび丸 / 北間・クラリス嬢 / サルパちゃん / みどりのたけしマン / 八狗神伏姫様
1,1253,em-74c87c37d930,むぅむぅ,30,2839,2525,3,multi_hit_attack,0.3344,0.4653,100,0,8,いいえ,むぅむぅ / 北間・クラリス嬢 / トリニダの怪人 / ????? / 御嶽さん
1,1254,em-f18963ac0ea1,すわ子さま,12,700,1000,5,multi_hit_attack,0.3343,0.5278,96,4,7,いいえ,すわ子さま / えかちぇたん / ????? / ブハラ師匠 / ハリウッドナナコ師匠
1,1255,em-879d09afc46a,アイアン下仁田,17,907,900,2,guard,0.3342,0.5139,96,4,8,いいえ,アイアン下仁田 / えかちぇたん / 愛のぴよ子 / ????? / 御嶽さん
1,1256,em-231cdc0f0757,忠犬八太郎,14,3775,755,6,delay,0.3341,0.4722,82,18,7,いいえ,忠犬八太郎 / カルボ姉（ねえ） / すわ子isGOD！ / ɚすぃとあろま？ / シミ
1,1257,em-97272e288cf7,ホークくん,6,500,750,1,attribute_guard,0.334,0.5208,93,7,7,いいえ,ホークくん / えかちぇたん / 愛のぴよ子 / みどりのたけしマン / 御嶽さん
1,1258,em-aeb1959eaece,ＫＲ２ジョー軍曹,9,394,1010,4,attack_buff,0.3339,0.5347,93,7,7,いいえ,ＫＲ２ジョー軍曹 / えかちぇたん / ????? / ブハラ師匠 / ハリウッドナナコ師匠
1,1259,em-cf865abec5e5,川越マン２世,12,516,1000,4,attack_buff,0.3339,0.5347,96,4,7,いいえ,川越マン２世 / えかちぇたん / ????? / ブハラ師匠 / ハリウッドナナコ師匠
1,1260,em-902df874fa74,でらマジカ,6,650,700,3,attribute_guard,0.3337,0.5347,99,1,7,いいえ,でらマジカ / 北間・クラリス嬢 / サルパちゃん / みどりのたけしマン / 御嶽さん
1,1261,em-b0bd2882f199,タオるん,6,500,600,5,attribute_guard,0.3334,0.5417,99,1,7,いいえ,タオるん / 北間・クラリス嬢 / サルパちゃん / みどりのたけしマン / 御嶽さん
1,1262,em-2998c94ac8cc,ギガ☆キプちゃん,28,1874,1874,4,multi_hit_attack,0.3334,0.4931,100,0,8,いいえ,ギガ☆キプちゃん / 夏至祭のヴァサクサ君 / 愛のぴよ子 / ????? / 御嶽さん
1,1263,em-fa09a3c6aeb6,アイヤーさん,8,314,913,5,attack_buff,0.3333,0.5417,96,4,8,いいえ,アイヤーさん / 北間・クラリス嬢 / サルパちゃん / ????? / 八狗神伏姫様
1,1264,em-3bdc05dce56c,シャボテンコンビ,14,600,800,6,revive,0.3331,0.5347,99,1,8,いいえ,シャボテンコンビ / えかちぇたん / すわ子isGOD！ / 愛のぴよ子 / 八狗神伏姫様
1,1265,em-1287aab83f7d,驚愕！深海のあん子,5,400,400,4,heal,0.3322,0.5486,93,7,8,いいえ,驚愕！深海のあん子 / カルボ姉（ねえ） / ????? / 家族贖罪という字面 / まそお姉ちゃん
1,1266,em-9c1df245a2ec,のぶくろお館,16,1100,1300,6,aoe_attack,0.332,0.5208,100,0,7,いいえ,のぶくろお館 / えかちぇたん / ????? / ブハラ師匠 / ハリウッドナナコ師匠
1,1267,em-c46238c7c677,ケラ,70,3067,7157,3,attack_buff,0.3319,0.3958,100,0,6,いいえ,ケラ / 試作型おこしん / トキシッくんｵｯｽｵｯｽ / ブラジリアン首都術 / ウシュか☆丸か
1,1268,em-9c9f188ea0a8,やる気勢ナルテュール,56,1704,7838,6,attack_buff,0.3316,0.4236,92,8,7,いいえ,やる気勢ナルテュール / 試作型おこしん / トマティーナ少佐 / 愛のぴよ子 / ハリウッドナナコ師匠
1,1269,em-ed707603ab87,荒ぶる水島神人,15,1200,600,3,guard,0.3315,0.5208,94,6,8,いいえ,荒ぶる水島神人 / えかちぇたん / 愛のぴよ子 / ????? / 御嶽さん
1,1270,em-3d2c7dfded66,サタデーナイト郡上,6,500,600,7,aoe_attack,0.3312,0.5417,100,0,8,いいえ,サタデーナイト郡上 / えかちぇたん / ????? / ブハラ師匠 / 巨大カンテツ
1,1271,em-434faacf4307,Woo怪くん,6,500,600,7,multi_hit_attack,0.3312,0.5417,100,0,8,いいえ,Woo怪くん / えかちぇたん / ????? / ブハラ師匠 / 巨大カンテツ
1,1272,em-6f76a23db620,伏姫さま,17,2006,676,4,guard,0.331,0.5069,96,4,8,いいえ,伏姫さま / えかちぇたん / 愛のぴよ子 / ????? / 御嶽さん
1,1273,em-05688a606392,芳一くん,3,300,400,7,revive,0.3308,0.5556,89,11,8,いいえ,芳一くん / カルボ姉（ねえ） / すわ子isGOD！ / ????? / 八狗神伏姫様
1,1274,em-6d0b27bbd976,なっとくんおじさん,7,496,484,2,skill_reduction,0.3308,0.5417,95,5,7,いいえ,なっとくんおじさん / カルボ姉（ねえ） / サルパちゃん / 愛のぴよ子 / 八狗神伏姫様
1,1275,em-1dbd8ae5b939,国宝！白鷺嬢,12,1200,500,3,heal,0.3306,0.5347,100,0,8,いいえ,国宝！白鷺嬢 / カルボ姉（ねえ） / サルパちゃん / 愛のぴよ子 / 八狗神伏姫様
1,1276,em-8594f11c20bf,替え玉ひろし,12,790,810,5,attack_buff,0.3303,0.5278,96,4,7,いいえ,替え玉ひろし / えかちぇたん / ????? / ブハラ師匠 / ハリウッドナナコ師匠
1,1277,em-0b273c3da2d3,ぴぐぺん＆びぐべん,12,700,900,2,attack_buff,0.3303,0.5208,96,4,7,いいえ,ぴぐぺん＆びぐべん / えかちぇたん / ????? / ブハラ師匠 / ハリウッドナナコ師匠
1,1278,em-eece08d90093,罠なくトロイ先輩,18,4830,16,4,multi_hit_attack,0.3301,0.5208,95,5,7,いいえ,罠なくトロイ先輩 / カルボ姉（ねえ） / ????? / ブハラ師匠 / ハリウッドナナコ師匠
1,1279,em-0add6b5a96ff,朦朧ボディマンα,9,300,1000,10,multi_hit_attack,0.33,0.5278,93,7,7,いいえ,朦朧ボディマンα / えかちぇたん / ????? / ブハラ師匠 / ハリウッドナナコ師匠
1,1280,em-32f3aa536bcf,境地！絶海のあん子,7,502,488,4,heal,0.3299,0.5417,95,5,8,いいえ,境地！絶海のあん子 / カルボ姉（ねえ） / ????? / 家族贖罪という字面 / まそお姉ちゃん
1,1281,em-b078ec458c73,ににぎさん,12,770,830,6,attack_buff,0.3299,0.5278,96,4,7,いいえ,ににぎさん / えかちぇたん / ????? / ブハラ師匠 / ハリウッドナナコ師匠
1,1282,em-9fed59290cda,ユッフィー先生,15,800,800,5,attack_buff,0.3298,0.5278,99,1,7,いいえ,ユッフィー先生 / えかちぇたん / ????? / ブハラ師匠 / ハリウッドナナコ師匠
1,1283,em-860d0191c03c,太子くん,8,650,590,2,heal,0.3297,0.5417,96,4,8,いいえ,太子くん / カルボ姉（ねえ） / サルパちゃん / 愛のぴよ子 / 八狗神伏姫様
1,1284,em-bf7beec08736,いやひこちゃん,10,700,400,4,delay,0.3296,0.5417,98,2,7,いいえ,いやひこちゃん / カルボ姉（ねえ） / サルパちゃん / 愛のぴよ子 / 八狗神伏姫様
1,1285,em-5bdefb267838,どーよくん,8,310,910,5,attack_buff,0.3289,0.5347,96,4,8,いいえ,どーよくん / 北間・クラリス嬢 / サルパちゃん / ????? / 八狗神伏姫様
1,1286,em-472362bb4365,超えぇじゃないか,12,840,760,6,aoe_attack,0.3288,0.5278,96,4,7,いいえ,超えぇじゃないか / えかちぇたん / ????? / ブハラ師匠 / ハリウッドナナコ師匠
1,1287,em-2f3689f15f09,ブルりん,8,800,1000,6,damage_reduction,0.3284,0.5278,93,7,8,いいえ,ブルりん / 北間・クラリス嬢 / サルパちゃん / ????? / 御嶽さん
1,1288,em-9c37bba7df0f,ＫＲ２ジョー少尉,11,495,1105,3,attack_buff,0.3282,0.5208,95,5,7,いいえ,ＫＲ２ジョー少尉 / えかちぇたん / ????? / ブハラ師匠 / ハリウッドナナコ師匠
1,1289,em-aae1801458f8,ɚすぃとあろま？,12,3748,681,3,guard,0.3281,0.4861,99,1,8,いいえ,ɚすぃとあろま？ / えかちぇたん / 愛のぴよ子 / みどりのたけしマン / 御嶽さん
1,1290,em-6a28c73fe6b3,はーい竜馬,8,900,900,3,attack_buff,0.3279,0.5278,96,4,8,いいえ,はーい竜馬 / 北間・クラリス嬢 / サルパちゃん / ????? / 八狗神伏姫様
1,1291,em-e275020a88a0,あん子ちゃん,4,289,300,4,heal,0.3277,0.5486,92,8,8,いいえ,あん子ちゃん / カルボ姉（ねえ） / ????? / 家族贖罪という字面 / まそお姉ちゃん
1,1292,em-e31de348c40b,湘南ボーイ,8,300,700,4,attack_buff,0.3271,0.5347,100,0,7,いいえ,湘南ボーイ / 北間・クララさん / ????? / 御嶽さん / 八狗神伏姫様
1,1293,em-0985c7675d5c,みかん姐さん,13,1100,600,4,aoe_attack,0.327,0.5278,97,3,7,いいえ,みかん姐さん / えかちぇたん / ????? / ブハラ師匠 / ハリウッドナナコ師匠
1,1294,em-c98972302fbd,爆誕！うっす様,9,300,1000,2,attack_buff,0.327,0.5208,93,7,7,いいえ,爆誕！うっす様 / えかちぇたん / ????? / ブハラ師匠 / ハリウッドナナコ師匠
1,1295,em-737815742386,タオるんさん先輩,12,800,1000,3,attribute_guard,0.3268,0.5069,99,1,8,いいえ,タオるんさん先輩 / えかちぇたん / 愛のぴよ子 / みどりのたけしマン / 御嶽さん
1,1296,em-3f58266f2bab,スカン・グ☆愛,12,2886,890,1,damage_reduction,0.3268,0.4861,99,1,8,いいえ,スカン・グ☆愛 / えかちぇたん / 愛のぴよ子 / みどりのたけしマン / 御嶽さん
1,1297,em-804c07b6fa9a,メル子ちゃん,6,400,600,4,attack_buff,0.3266,0.5347,99,1,8,いいえ,メル子ちゃん / 北間・クラリス嬢 / サルパちゃん / みどりのたけしマン / 御嶽さん
1,1298,em-8d2b5bd68a94,ズースさんとシーラさん,6,800,600,4,attack_buff,0.3261,0.5278,90,10,8,いいえ,ズースさんとシーラさん / えかちぇたん / ????? / ブハラ師匠 / ハリウッドナナコ師匠
1,1299,em-4299af9bd2dc,皐月むりょく,4,614,614,6,skill_reduction,0.3258,0.5139,84,16,7,いいえ,皐月むりょく / カルボ姉（ねえ） / ????? / 御嶽さん / 巨大カンテツ
1,1300,em-30cf649c4daf,けいび,5,295,300,5,attribute_guard,0.3257,0.5556,92,8,8,いいえ,けいび / えかちぇたん / すわ子isGOD！ / トキシッくんｵｯｽｵｯｽ / 八狗神伏姫様
1,1301,em-cce942b02eb0,激えぇじゃないか,14,1300,1100,5,aoe_attack,0.3257,0.5069,98,2,7,いいえ,激えぇじゃないか / えかちぇたん / ????? / ブハラ師匠 / ハリウッドナナコ師匠
1,1302,em-b34467071fa2,蓮三郎,6,500,450,3,skill_reduction,0.3256,0.5347,86,14,7,いいえ,蓮三郎 / カルボ姉（ねえ） / ????? / 御嶽さん / 巨大カンテツ
1,1303,em-7c00cb96c261,バイオうおぬまンダー,12,700,1100,5,aoe_attack,0.3253,0.5208,100,0,7,いいえ,バイオうおぬまンダー / キタマクラさん / サルパちゃん / ????? / 八狗神伏姫様
1,1304,em-4900e4471484,モア蔵,4,722,90,4,guard,0.3252,0.5556,91,9,8,いいえ,モア蔵 / えかちぇたん / すわ子isGOD！ / トキシッくんｵｯｽｵｯｽ / 八狗神伏姫様
1,1305,em-278299c58131,けねず君,8,603,603,5,damage_reduction,0.325,0.5278,93,7,8,いいえ,けねず君 / えかちぇたん / すわ子isGOD！ / 愛のぴよ子 / 八狗神伏姫様
1,1306,em-ebf10919d982,ミラクル凜子,8,700,704,4,attack_buff,0.325,0.5278,100,0,7,いいえ,ミラクル凜子 / 北間・クララさん / ????? / 御嶽さん / 八狗神伏姫様
1,1307,em-547d0e27e1f1,魚堅くん,3,400,500,7,skill_reduction,0.3249,0.5139,96,4,7,いいえ,魚堅くん / vにゅーさん / サルパちゃん / トキシッくんｵｯｽｵｯｽ / ハリウッドナナコ師匠
1,1308,em-48fc0bb31337,踊る☆なまずおじさん,60,5793,2130,3,damage_reduction,0.3245,0.4097,92,8,6,いいえ,踊る☆なまずおじさん / ペーチパイセン / 試作型おこしん / 愛のぴよ子 / おこしんMK-2
1,1309,em-091b1c77c643,戸隠ちび蔵,6,150,950,3,attack_buff,0.3241,0.5208,100,0,8,いいえ,戸隠ちび蔵 / 北間・クラリス嬢 / トマティーナ少佐 / みどりのたけしマン / ラパヌイ先生
1,1310,em-922ebe667c19,けねず先輩,12,800,800,4,damage_reduction,0.324,0.5139,99,1,8,いいえ,けねず先輩 / えかちぇたん / 愛のぴよ子 / みどりのたけしマン / 御嶽さん
1,1311,em-d603cde2467a,ほたるーニャん,5,450,650,4,attribute_change,0.3238,0.5278,98,2,7,いいえ,ほたるーニャん / 北間・クラリス嬢 / サルパちゃん / みどりのたけしマン / 御嶽さん
1,1312,em-70d6edc2819a,熟練の剣闘士,8,265,940,5,attack_buff,0.3237,0.5278,96,4,8,いいえ,熟練の剣闘士 / 北間・クラリス嬢 / サルパちゃん / ????? / 八狗神伏姫様
1,1313,em-ad8d69dc1ea4,強いできっしん,8,263,942,5,attack_buff,0.3237,0.5278,96,4,8,いいえ,強いできっしん / 北間・クラリス嬢 / サルパちゃん / ????? / 八狗神伏姫様
1,1314,em-198e928f6d0b,なるとマン,9,800,700,4,attack_buff,0.3237,0.5208,93,7,7,いいえ,なるとマン / えかちぇたん / ????? / ブハラ師匠 / ハリウッドナナコ師匠
1,1315,em-fd76872dafaf,くまのたん,8,300,920,3,attack_buff,0.3235,0.5278,96,4,8,いいえ,くまのたん / 北間・クラリス嬢 / サルパちゃん / ????? / 八狗神伏姫様
1,1316,em-72dbaccf035d,新・ＪＡＸＡイル,12,516,1106,6,multi_hit_attack,0.3235,0.5208,100,0,7,いいえ,新・ＪＡＸＡイル / キタマクラさん / サルパちゃん / ????? / 八狗神伏姫様
1,1317,em-5a3daf6cbf77,白良さん,8,600,605,4,attack_buff,0.3234,0.5278,92,8,7,いいえ,白良さん / えかちぇたん / ????? / ブハラ師匠 / ハリウッドナナコ師匠
1,1318,em-a37b305548ef,なっとくんさん,5,400,400,2,skill_reduction,0.3229,0.5347,85,15,7,いいえ,なっとくんさん / カルボ姉（ねえ） / ????? / 御嶽さん / 巨大カンテツ
1,1319,em-1c29986cc8dd,玄武けいび,4,315,335,6,damage_reduction,0.3227,0.5486,91,9,8,いいえ,玄武けいび / えかちぇたん / すわ子isGOD！ / トキシッくんｵｯｽｵｯｽ / 八狗神伏姫様
1,1320,em-2a01f5ee5de4,ガラパゴスおぅぼっと,12,1200,600,4,damage_reduction,0.3222,0.5139,99,1,8,いいえ,ガラパゴスおぅぼっと / えかちぇたん / 愛のぴよ子 / みどりのたけしマン / 御嶽さん
1,1321,em-fbc61d7306d8,ネ申・ぎょざる,11,1198,1204,6,aoe_attack,0.3222,0.5069,95,5,7,いいえ,ネ申・ぎょざる / えかちぇたん / ????? / ブハラ師匠 / ハリウッドナナコ師匠
1,1322,em-a2d0308a3d38,蓮次郎,5,400,380,3,skill_reduction,0.322,0.5347,85,15,7,いいえ,蓮次郎 / カルボ姉（ねえ） / ????? / 御嶽さん / 巨大カンテツ
1,1323,em-cc9db541b1b4,メル子さん,9,600,700,4,attack_buff,0.3218,0.5208,93,7,7,いいえ,メル子さん / えかちぇたん / ????? / ブハラ師匠 / ハリウッドナナコ師匠
1,1324,em-492dd4b96b0e,中央アルプスの少年,12,800,600,2,damage_reduction,0.3217,0.5139,99,1,8,いいえ,中央アルプスの少年 / えかちぇたん / 愛のぴよ子 / みどりのたけしマン / 御嶽さん
1,1325,em-22dd952da197,ハントンの兄貴,11,1057,1198,5,multi_hit_attack,0.3217,0.5069,95,5,7,いいえ,ハントンの兄貴 / えかちぇたん / ????? / ブハラ師匠 / ハリウッドナナコ師匠
1,1326,em-0f6666d2132f,サイガーレッド,7,170,830,5,multi_hit_attack,0.3216,0.5278,100,0,7,いいえ,サイガーレッド / vにゅーさん / サルパちゃん / トキシッくんｵｯｽｵｯｽ / ハリウッドナナコ師匠
1,1327,em-43c2f997e41c,きっしん,7,170,830,5,attack_buff,0.3216,0.5278,100,0,8,いいえ,きっしん / vにゅーさん / サルパちゃん / トキシッくんｵｯｽｵｯｽ / ハリウッドナナコ師匠
1,1328,em-cfe553ea56a6,あまのちゃんパイセン,22,3220,805,3,multi_hit_attack,0.3216,0.4861,99,1,8,いいえ,あまのちゃんパイセン / カルボ姉（ねえ） / ????? / ブハラ師匠 / ハリウッドナナコ師匠
1,1329,em-13af16d2213d,ににぎくん,8,590,630,6,attack_buff,0.3214,0.5278,100,0,7,いいえ,ににぎくん / 北間・クララさん / ????? / 御嶽さん / 八狗神伏姫様
1,1330,em-7db55d8e78d1,やまなしーヌさん,6,400,500,6,skill_reduction,0.3214,0.5139,99,1,7,いいえ,やまなしーヌさん / vにゅーさん / サルパちゃん / トキシッくんｵｯｽｵｯｽ / ハリウッドナナコ師匠
1,1331,em-f78f249e0088,剣闘士,7,168,812,5,attack_buff,0.3211,0.5278,100,0,8,いいえ,剣闘士 / vにゅーさん / サルパちゃん / トキシッくんｵｯｽｵｯｽ / ハリウッドナナコ師匠
1,1332,em-a0e736cc95fd,ユッフィーさん,12,704,700,5,attack_buff,0.3211,0.5208,100,0,7,いいえ,ユッフィーさん / キタマクラさん / サルパちゃん / ????? / 八狗神伏姫様
1,1333,em-a5c7dcdde3ff,水島神人発見される,10,900,400,4,guard,0.3209,0.5278,100,0,8,いいえ,水島神人発見される / カルボ姉（ねえ） / ????? / ブハラ師匠 / 美才能♪かの子さん
1,1334,em-9999a53f68e1,牛タソ,5,500,50,3,guard,0.3208,0.5556,92,8,8,いいえ,牛タソ / えかちぇたん / すわ子isGOD！ / トキシッくんｵｯｽｵｯｽ / 八狗神伏姫様
1,1335,em-40b14b1190a7,芳一先生,6,600,700,5,revive,0.3208,0.5278,94,6,8,いいえ,芳一先生 / カルボ姉（ねえ） / ????? / 家族贖罪という字面 / まそお姉ちゃん
1,1336,em-2276063b9e3e,鳴子姫,11,1128,1128,5,aoe_attack,0.3208,0.5069,95,5,7,いいえ,鳴子姫 / えかちぇたん / ????? / ブハラ師匠 / ハリウッドナナコ師匠
1,1337,em-401fb8fe2284,S.K.O.Tちゃん,3,750,200,6,heal,0.3199,0.5417,89,11,8,いいえ,S.K.O.Tちゃん / カルボ姉（ねえ） / すわ子isGOD！ / ????? / 八狗神伏姫様
1,1338,em-aad8fae6b05f,やまとーる海佐,12,1000,700,5,damage_reduction,0.3196,0.5139,97,3,8,いいえ,やまとーる海佐 / 北間・クラリス嬢 / サルパちゃん / ????? / 御嶽さん
1,1339,em-646a258bedba,ロロちゃん,8,500,800,8,revive,0.3195,0.5278,96,4,8,いいえ,ロロちゃん / カルボ姉（ねえ） / サルパちゃん / 愛のぴよ子 / 八狗神伏姫様
1,1340,em-8646cdffe6eb,ブーナッドさん,12,1700,300,3,heal,0.319,0.5208,100,0,8,いいえ,ブーナッドさん / カルボ姉（ねえ） / サルパちゃん / 愛のぴよ子 / 八狗神伏姫様
1,1341,em-71820072d6c5,松浦凜子,6,603,603,4,attack_buff,0.3187,0.5208,99,1,8,いいえ,松浦凜子 / 北間・クラリス嬢 / サルパちゃん / みどりのたけしマン / 御嶽さん
1,1342,em-bd2931324bdc,夢ナマコちゃん,15,1976,1090,6,attribute_guard,0.3187,0.4861,100,0,8,いいえ,夢ナマコちゃん / 北間・クラリス嬢 / サルパちゃん / ????? / 御嶽さん
1,1343,em-3307021ed6b3,なっとくん,4,286,311,3,skill_reduction,0.3182,0.5347,84,16,7,いいえ,なっとくん / カルボ姉（ねえ） / ????? / 御嶽さん / 巨大カンテツ
1,1344,em-873c09a938ac,蓮太郎,4,310,302,3,skill_reduction,0.3181,0.5347,84,16,7,いいえ,蓮太郎 / カルボ姉（ねえ） / ????? / 御嶽さん / 巨大カンテツ
1,1345,em-d8af1ee7968e,ザ★女王の世界,42,1936,2006,3,attack_buff,0.3181,0.4583,100,0,7,いいえ,ザ★女王の世界 / ペーチパイセン / トキシッくんｵｯｽｵｯｽ / みどりのたけしマン / 聖えぇじゃないか
1,1346,em-10adad665687,コマンドー下仁田,13,597,614,3,guard,0.318,0.5139,100,0,8,いいえ,コマンドー下仁田 / えかちぇたん / 愛のぴよ子 / みどりのたけしマン / 御嶽さん
1,1347,em-1d7c8481ec64,にくぁうちゃん,8,314,913,4,attack_buff,0.3176,0.5208,96,4,8,いいえ,にくぁうちゃん / 北間・クラリス嬢 / サルパちゃん / ????? / 八狗神伏姫様
1,1348,em-74e8fc67e60c,竹輪大臣,5,200,900,4,attack_buff,0.3176,0.5208,99,1,8,いいえ,竹輪大臣 / 北間・クラリス嬢 / トマティーナ少佐 / みどりのたけしマン / ラパヌイ先生
1,1349,em-cc0425cf3835,鎌倉式ＤＢ２改,12,1200,612,8,guard,0.3176,0.5139,97,3,8,いいえ,鎌倉式ＤＢ２改 / 北間・クラリス嬢 / サルパちゃん / ????? / 御嶽さん
1,1350,em-30a1d9f3d52f,けねずさん,9,702,702,5,damage_reduction,0.3175,0.5139,94,6,8,いいえ,けねずさん / 北間・クラリス嬢 / サルパちゃん / ????? / 御嶽さん
1,1351,em-1e1a4317070b,ＫＲ２ジョー,8,295,910,4,attack_buff,0.3174,0.5208,96,4,8,いいえ,ＫＲ２ジョー / 北間・クラリス嬢 / サルパちゃん / ????? / 八狗神伏姫様
1,1352,em-04cdb17f3b71,ひろし多め,9,690,714,6,attack_buff,0.3171,0.5139,93,7,7,いいえ,ひろし多め / えかちぇたん / ????? / ブハラ師匠 / ハリウッドナナコ師匠
1,1353,em-e626c795c8a8,スミス＆エズ,12,1200,400,3,attribute_guard,0.317,0.5208,100,0,8,いいえ,スミス＆エズ / カルボ姉（ねえ） / サルパちゃん / 愛のぴよ子 / 八狗神伏姫様
1,1354,em-560cbdf184d6,ユッフィーちゃん,8,606,600,5,attack_buff,0.3169,0.5208,100,0,7,いいえ,ユッフィーちゃん / 北間・クララさん / ????? / 御嶽さん / 八狗神伏姫様
1,1355,em-461e884c1b94,ひろし多美子,8,590,615,6,attack_buff,0.3166,0.5208,100,0,7,いいえ,ひろし多美子 / 北間・クララさん / ????? / 御嶽さん / 八狗神伏姫様
1,1356,em-fd2a055eb394,コニー＆ギャリー,10,500,500,3,damage_reduction,0.3165,0.5208,100,0,8,いいえ,コニー＆ギャリー / カルボ姉（ねえ） / ????? / ブハラ師匠 / 美才能♪かの子さん
1,1357,em-41c1f9333ff6,エグいできっしん,12,342,1062,5,attack_buff,0.3165,0.5139,100,0,7,いいえ,エグいできっしん / キタマクラさん / サルパちゃん / ????? / 八狗神伏姫様
1,1358,em-608e027bd3d8,建国の騎士団,12,800,700,8,attribute_guard,0.3163,0.5139,97,3,8,いいえ,建国の騎士団 / 北間・クラリス嬢 / サルパちゃん / ????? / 御嶽さん
1,1359,em-4e24a668056b,やよいチゥりっぷ,6,900,100,4,attribute_change,0.316,0.5417,94,6,7,いいえ,やよいチゥりっぷ / カルボ姉（ねえ） / サルパちゃん / 愛のぴよ子 / 八狗神伏姫様
1,1360,em-af3decda6522,式部卿鮒麿,8,640,565,5,heal,0.316,0.5208,96,4,8,いいえ,式部卿鮒麿 / カルボ姉（ねえ） / サルパちゃん / 愛のぴよ子 / 八狗神伏姫様
1,1361,em-c301debd22fc,やまとーる海尉,9,900,600,6,damage_reduction,0.3156,0.5139,94,6,8,いいえ,やまとーる海尉 / 北間・クラリス嬢 / サルパちゃん / ????? / 御嶽さん
1,1362,em-cf71633a3be4,真・やよいチゥりっぷ,12,1500,300,3,attribute_change,0.3153,0.5278,100,0,7,いいえ,真・やよいチゥりっぷ / カルボ姉（ねえ） / サルパちゃん / 愛のぴよ子 / 八狗神伏姫様
1,1363,em-674bf61c8b00,海賊衆かっさーのん,6,600,700,4,attack_buff,0.3151,0.5139,100,0,8,いいえ,海賊衆かっさーのん / 北間・クラリス嬢 / トマティーナ少佐 / みどりのたけしマン / ラパヌイ先生
1,1364,em-20df4bd7efaf,白鷺嬢,8,800,420,3,heal,0.3143,0.5208,96,4,8,いいえ,白鷺嬢 / カルボ姉（ねえ） / サルパちゃん / 愛のぴよ子 / 八狗神伏姫様
1,1365,em-9d8b6a4d2c9c,はたはタン,3,300,200,5,heal,0.3139,0.5347,89,11,8,いいえ,はたはタン / カルボ姉（ねえ） / すわ子isGOD！ / ????? / 八狗神伏姫様
1,1366,em-e900d5955acf,凄いぞさいごー丼,13,1050,650,3,attribute_guard,0.3138,0.5,100,0,8,いいえ,凄いぞさいごー丼 / えかちぇたん / 愛のぴよ子 / みどりのたけしマン / 御嶽さん
1,1367,em-fa255d19986d,出発！えるたそ,8,800,700,4,attack_buff,0.3126,0.5139,95,5,7,いいえ,出発！えるたそ / えかちぇたん / 超患部ぴよフェッサー / ????? / モンさんミッシェル
1,1368,em-458c94f99220,ほたるーニャ,3,350,500,5,attribute_change,0.3125,0.5139,96,4,7,いいえ,ほたるーニャ / vにゅーさん / サルパちゃん / トキシッくんｵｯｽｵｯｽ / ハリウッドナナコ師匠
1,1369,em-75bbcd3130fb,みかんさん,6,700,500,7,aoe_attack,0.3124,0.5139,99,1,8,いいえ,みかんさん / vにゅーさん / サルパちゃん / トキシッくんｵｯｽｵｯｽ / ハリウッドナナコ師匠
1,1370,em-75066f4bfd55,くーにょん,6,600,700,4,attack_buff,0.3119,0.5139,93,7,8,いいえ,くーにょん / えかちぇたん / 超患部ぴよフェッサー / ????? / モンさんミッシェル
1,1371,em-0352f52bd9a3,スワン様,6,500,480,5,skill_reduction,0.3118,0.5,99,1,7,いいえ,スワン様 / vにゅーさん / サルパちゃん / トキシッくんｵｯｽｵｯｽ / ハリウッドナナコ師匠
1,1372,em-5fba2111c2ae,くろこップ,7,498,482,9,skill_reduction,0.3114,0.5,100,0,7,いいえ,くろこップ / vにゅーさん / サルパちゃん / トキシッくんｵｯｽｵｯｽ / ハリウッドナナコ師匠
1,1373,em-0f9cbc48c65a,船党かっさーのん,5,400,500,5,attack_buff,0.3112,0.5139,98,2,8,いいえ,船党かっさーのん / vにゅーさん / サルパちゃん / トキシッくんｵｯｽｵｯｽ / ハリウッドナナコ師匠
1,1374,em-de449f69edb5,タミフルニキ,14,1257,1147,3,damage_reduction,0.3112,0.4861,99,1,8,いいえ,タミフルニキ / えかちぇたん / トマティーナ少佐 / ブハラ師匠 / ハリウッドナナコ師匠
1,1375,em-88669edc6480,京子はまだやれる！,10,718,694,4,damage_reduction,0.3108,0.5,97,3,8,いいえ,京子はまだやれる！ / えかちぇたん / 愛のぴよ子 / みどりのたけしマン / 御嶽さん
1,1376,em-fb6292300fc0,妖怪おたべ,5,525,455,4,delay,0.3104,0.5,85,15,7,いいえ,妖怪おたべ / カルボ姉（ねえ） / ????? / 御嶽さん / 巨大カンテツ
1,1377,em-25185336f7f4,しょーかくん,5,400,500,7,multi_hit_attack,0.3103,0.5139,98,2,8,いいえ,しょーかくん / vにゅーさん / サルパちゃん / トキシッくんｵｯｽｵｯｽ / ハリウッドナナコ師匠
1,1378,em-950c6a19b78f,竹輪総理,6,250,1100,3,attack_buff,0.3101,0.5,100,0,8,いいえ,竹輪総理 / 北間・クラリス嬢 / トマティーナ少佐 / みどりのたけしマン / ラパヌイ先生
1,1379,em-233989ddac07,法隆寺博士,4,480,220,6,guard,0.3097,0.5347,91,9,8,いいえ,法隆寺博士 / えかちぇたん / すわ子isGOD！ / トキシッくんｵｯｽｵｯｽ / 八狗神伏姫様
1,1380,em-204ef16c9e26,カピ原雄さん,6,300,500,6,revive,0.3093,0.5139,94,6,8,いいえ,カピ原雄さん / カルボ姉（ねえ） / ????? / 家族贖罪という字面 / まそお姉ちゃん
1,1381,em-e7a0d1a547b6,ラス・マノスんさん,10,1979,494,1,aoe_attack,0.3089,0.4931,100,0,7,いいえ,ラス・マノスんさん / えかちぇたん / 超患部ぴよフェッサー / ????? / 八狗神伏姫様
1,1382,em-1527baa8e6c0,ジャックじゃない！と,6,400,500,6,multi_hit_attack,0.3086,0.5208,99,1,8,いいえ,ジャックじゃない！と / vにゅーさん / サルパちゃん / トキシッくんｵｯｽｵｯｽ / ハリウッドナナコ師匠
1,1383,em-ceae46610053,火の供犠ぴよ子,4,120,120,0,none,0.3083,0.5347,84,16,7,いいえ,火の供犠ぴよ子 / カルボ姉（ねえ） / ????? / 御嶽さん / 巨大カンテツ
1,1384,em-08f945aef274,朦朧ボディマン,6,200,500,11,multi_hit_attack,0.3077,0.5139,99,1,8,いいえ,朦朧ボディマン / vにゅーさん / サルパちゃん / トキシッくんｵｯｽｵｯｽ / ハリウッドナナコ師匠
1,1385,em-b523340b244f,金のドナドナぴよ子,4,100,100,0,none,0.3071,0.5347,84,16,7,いいえ,金のドナドナぴよ子 / カルボ姉（ねえ） / ????? / 御嶽さん / 巨大カンテツ
1,1386,em-01325fd9f459,いやひこさま,16,1200,600,3,delay,0.3071,0.4931,92,8,7,いいえ,いやひこさま / カルボ姉（ねえ） / サルパちゃん / ????? / 巨大カンテツ
1,1387,em-489695d715f8,ボボ・さるぼぼ,10,600,700,5,aoe_attack,0.3066,0.5069,100,0,7,いいえ,ボボ・さるぼぼ / えかちぇたん / 超患部ぴよフェッサー / ????? / 八狗神伏姫様
1,1388,em-2b3991ed5705,伝統の牛タソ,10,600,100,4,guard,0.3061,0.5278,100,0,8,いいえ,伝統の牛タソ / カルボ姉（ねえ） / ????? / ブハラ師匠 / 美才能♪かの子さん
1,1389,em-e501cdcbd254,サタデーナイト郡上２,9,600,700,6,aoe_attack,0.3061,0.5,93,7,7,いいえ,サタデーナイト郡上２ / えかちぇたん / ????? / ブハラ師匠 / ハリウッドナナコ師匠
1,1390,em-0063b3d17f76,玄武むりょく,4,165,165,6,damage_reduction,0.3058,0.5347,91,9,8,いいえ,玄武むりょく / えかちぇたん / すわ子isGOD！ / トキシッくんｵｯｽｵｯｽ / 八狗神伏姫様
1,1391,em-1b9a55c9478e,熊犬八太郎,12,2100,400,6,delay,0.3057,0.4861,100,0,7,いいえ,熊犬八太郎 / カルボ姉（ねえ） / サルパちゃん / 愛のぴよ子 / 八狗神伏姫様
1,1392,em-2e3e250aef5e,IMO NI FESTIVAL 2018,14,1837,1161,3,aoe_attack,0.3057,0.4722,81,19,7,いいえ,IMO NI FESTIVAL 2018 / えかちぇたん / 超患部ぴよフェッサー / ????? / 速いぞサラマンダー！
1,1393,em-efaa90d2f7dc,竹輪先生,3,150,700,5,attack_buff,0.3051,0.5069,96,4,7,いいえ,竹輪先生 / vにゅーさん / サルパちゃん / トキシッくんｵｯｽｵｯｽ / ハリウッドナナコ師匠
1,1394,em-4c84ff6e1868,カカカのカ治郎,6,700,500,5,delay,0.305,0.5,94,6,7,いいえ,カカカのカ治郎 / カルボ姉（ねえ） / サルパちゃん / 愛のぴよ子 / 八狗神伏姫様
1,1395,em-24ccb3f9affa,むりょく,5,159,144,5,guard,0.3048,0.5347,92,8,8,いいえ,むりょく / えかちぇたん / すわ子isGOD！ / トキシッくんｵｯｽｵｯｽ / 八狗神伏姫様
1,1396,em-c8e560adbea9,草カロ次郎,6,480,500,5,heal,0.3044,0.5139,94,6,8,いいえ,草カロ次郎 / カルボ姉（ねえ） / ????? / 家族贖罪という字面 / まそお姉ちゃん
1,1397,em-9f7e593bdb96,鮒麿,7,520,460,5,heal,0.3044,0.5069,95,5,8,いいえ,鮒麿 / カルボ姉（ねえ） / ????? / 家族贖罪という字面 / まそお姉ちゃん
1,1398,em-1fa3ac88ea78,有馬すた,7,475,505,5,heal,0.3041,0.5139,95,5,8,いいえ,有馬すた / カルボ姉（ねえ） / ????? / 家族贖罪という字面 / まそお姉ちゃん
1,1399,em-ee410ddd5211,鹿苑師匠,6,500,480,5,revive,0.3039,0.5139,94,6,8,いいえ,鹿苑師匠 / カルボ姉（ねえ） / ????? / 家族贖罪という字面 / まそお姉ちゃん
1,1400,em-e660791c3950,めい子さん,5,400,400,5,attribute_guard,0.3038,0.5139,92,8,8,いいえ,めい子さん / えかちぇたん / すわ子isGOD！ / トキシッくんｵｯｽｵｯｽ / 八狗神伏姫様
1,1401,em-cc5744474846,芳一さん,5,400,500,6,revive,0.3038,0.5139,93,7,8,いいえ,芳一さん / カルボ姉（ねえ） / ????? / 家族贖罪という字面 / まそお姉ちゃん
1,1402,em-82f2d0dfc734,マジでたっくん,6,295,885,5,attack_buff,0.3038,0.5,99,1,8,いいえ,マジでたっくん / vにゅーさん / サルパちゃん / トキシッくんｵｯｽｵｯｽ / ハリウッドナナコ師匠
1,1403,em-17e6d828aa8d,かなりたっくん,5,195,685,5,attack_buff,0.3034,0.5069,98,2,8,いいえ,かなりたっくん / vにゅーさん / サルパちゃん / トキシッくんｵｯｽｵｯｽ / ハリウッドナナコ師匠
1,1404,em-bb5629a7c096,安井武勇伝,5,405,395,6,guard,0.3032,0.5139,92,8,8,いいえ,安井武勇伝 / えかちぇたん / すわ子isGOD！ / トキシッくんｵｯｽｵｯｽ / 八狗神伏姫様
1,1405,em-518934908b79,こんにゃくさん,5,400,400,8,guard,0.3029,0.5139,92,8,8,いいえ,こんにゃくさん / えかちぇたん / すわ子isGOD！ / トキシッくんｵｯｽｵｯｽ / 八狗神伏姫様
1,1406,em-feafabb058cc,皐月けいび,4,614,614,6,skill_reduction,0.3028,0.4861,84,16,7,いいえ,皐月けいび / カルボ姉（ねえ） / ????? / 御嶽さん / 巨大カンテツ
1,1407,em-f33518363cb8,マチョリスト☆ばん,13,1410,775,2,attack_buff,0.3028,0.4861,97,3,7,いいえ,マチョリスト☆ばん / えかちぇたん / ????? / ブハラ師匠 / ハリウッドナナコ師匠
1,1408,em-89b0c363f296,川越マン,8,415,798,4,attack_buff,0.3025,0.5,95,5,7,いいえ,川越マン / えかちぇたん / 超患部ぴよフェッサー / ????? / モンさんミッシェル
1,1409,em-5053fe8d941b,カカカのカ二郎,3,400,300,5,delay,0.3023,0.5069,96,4,7,いいえ,カカカのカ二郎 / vにゅーさん / サルパちゃん / トキシッくんｵｯｽｵｯｽ / ハリウッドナナコ師匠
1,1410,em-299066b18ca7,バイカル子,14,2999,499,5,attribute_guard,0.3022,0.4653,99,1,8,いいえ,バイカル子 / 北間・クラリス嬢 / サルパちゃん / ????? / 御嶽さん
1,1411,em-0c1036483550,kɔにー＆gæりー,13,1128,846,2,damage_reduction,0.3021,0.4792,100,0,8,いいえ,kɔにー＆gæりー / えかちぇたん / 愛のぴよ子 / みどりのたけしマン / 御嶽さん
1,1412,em-a91beec21e3d,やよいチゥりっぷ☆神,13,2957,563,2,attribute_change,0.3018,0.4722,92,8,7,いいえ,やよいチゥりっぷ☆神 / えかちぇたん / トマティーナ少佐 / みどりのたけしマン / 巨大カンテツ
1,1413,em-7976e2f3d65d,迷菓ぴよ子先輩,5,502,530,5,attack_buff,0.3017,0.5069,98,2,8,いいえ,迷菓ぴよ子先輩 / vにゅーさん / サルパちゃん / トキシッくんｵｯｽｵｯｽ / ハリウッドナナコ師匠
1,1414,em-f05bf139bdc3,荒野のシンプソン,10,500,500,7,revive,0.3016,0.5139,98,2,8,いいえ,荒野のシンプソン / カルボ姉（ねえ） / サルパちゃん / 愛のぴよ子 / 八狗神伏姫様
1,1415,em-ca4955abcfb2,水の供犠ぴよ子,4,120,120,0,none,0.3014,0.5208,84,16,7,いいえ,水の供犠ぴよ子 / カルボ姉（ねえ） / ????? / 御嶽さん / 巨大カンテツ
1,1416,em-525fc1b65a26,吉野スライム,4,411,209,5,guard,0.3013,0.5208,91,9,8,いいえ,吉野スライム / えかちぇたん / すわ子isGOD！ / トキシッくんｵｯｽｵｯｽ / 八狗神伏姫様
1,1417,em-1926af92f1af,カカカのカ次郎,5,500,300,5,delay,0.3013,0.5069,98,2,7,いいえ,カカカのカ次郎 / vにゅーさん / サルパちゃん / トキシッくんｵｯｽｵｯｽ / ハリウッドナナコ師匠
1,1418,em-e535034b31b0,吉野スライマー,5,495,305,5,guard,0.3011,0.5139,92,8,8,いいえ,吉野スライマー / えかちぇたん / すわ子isGOD！ / トキシッくんｵｯｽｵｯｽ / 八狗神伏姫様
1,1419,em-11e2e69b2674,フクさん,5,400,500,3,attribute_change,0.3009,0.5,89,11,7,いいえ,フクさん / カルボ姉（ねえ） / 試作型おこしん / 諏訪子成長期 / シミ
1,1420,em-4fddbba71de4,大熊びぐべん,9,600,700,2,attack_buff,0.3009,0.4931,93,7,7,いいえ,大熊びぐべん / えかちぇたん / ????? / ブハラ師匠 / ハリウッドナナコ師匠
1,1421,em-81fec3e48762,怪人おたべ,4,415,365,4,delay,0.3008,0.4931,84,16,7,いいえ,怪人おたべ / カルボ姉（ねえ） / ????? / 御嶽さん / 巨大カンテツ
1,1422,em-220d63bfc07c,ハントンくん,3,350,500,8,multi_hit_attack,0.3004,0.5069,96,4,7,いいえ,ハントンくん / vにゅーさん / サルパちゃん / トキシッくんｵｯｽｵｯｽ / ハリウッドナナコ師匠
1,1423,em-407710659ecb,玄武ニート,4,330,320,6,damage_reduction,0.3003,0.5139,91,9,8,いいえ,玄武ニート / えかちぇたん / すわ子isGOD！ / トキシッくんｵｯｽｵｯｽ / 八狗神伏姫様
1,1424,em-d80a2b82ab9f,ブーナッドちゃん,8,1200,200,3,heal,0.3003,0.5069,96,4,8,いいえ,ブーナッドちゃん / カルボ姉（ねえ） / サルパちゃん / 愛のぴよ子 / 八狗神伏姫様
1,1425,em-5e86bff12fb7,ピリ辛ふとし君,5,211,569,5,attack_buff,0.3002,0.5069,98,2,8,いいえ,ピリ辛ふとし君 / vにゅーさん / サルパちゃん / トキシッくんｵｯｽｵｯｽ / ハリウッドナナコ師匠
1,1426,em-8ed9900f451e,めい子ちゃん,4,281,309,5,attribute_guard,0.2997,0.5139,91,9,8,いいえ,めい子ちゃん / えかちぇたん / すわ子isGOD！ / トキシッくんｵｯｽｵｯｽ / 八狗神伏姫様
1,1427,em-f5a7df3892f0,びわ子たん,4,300,302,5,damage_reduction,0.2996,0.5139,91,9,8,いいえ,びわ子たん / えかちぇたん / すわ子isGOD！ / トキシッくんｵｯｽｵｯｽ / 八狗神伏姫様
1,1428,em-962fa89cd31d,極東恋姫☆霧子たん,15,1243,1161,5,revive,0.2995,0.4722,84,16,8,いいえ,極東恋姫☆霧子たん / カルボ姉（ねえ） / トマティーナ少佐 / みどりのたけしマン / 速いぞサラマンダー！
1,1429,em-b4ff04580be9,安井のトンちゃん,4,305,297,6,guard,0.2991,0.5139,91,9,8,いいえ,安井のトンちゃん / えかちぇたん / すわ子isGOD！ / トキシッくんｵｯｽｵｯｽ / 八狗神伏姫様
1,1430,em-addae93a6fe9,ニート,5,314,296,5,attribute_guard,0.299,0.5139,92,8,8,いいえ,ニート / えかちぇたん / すわ子isGOD！ / トキシッくんｵｯｽｵｯｽ / 八狗神伏姫様
1,1431,em-ac023f126b7d,レッサー系メガネ,14,900,800,5,skill_reduction,0.299,0.4722,82,18,7,いいえ,レッサー系メガネ / カルボ姉（ねえ） / すわ子isGOD！ / ɚすぃとあろま？ / シミ
1,1432,em-17aeee13e460,こんにゃくん,4,287,308,9,guard,0.2989,0.5139,91,9,8,いいえ,こんにゃくん / えかちぇたん / すわ子isGOD！ / トキシッくんｵｯｽｵｯｽ / 八狗神伏姫様
1,1433,em-ccd4db81276f,夜間学校な浅子さん,5,200,500,5,attack_buff,0.2981,0.5069,98,2,8,いいえ,夜間学校な浅子さん / vにゅーさん / サルパちゃん / トキシッくんｵｯｽｵｯｽ / ハリウッドナナコ師匠
1,1434,em-1eb8ca42b88a,日南のモア蔵,14,3534,424,3,guard,0.2981,0.4514,93,7,8,いいえ,日南のモア蔵 / えかちぇたん / 愛のぴよ子 / ????? / 御嶽さん
1,1435,em-39adadcf380b,朱雀けいび,5,305,335,6,revive,0.298,0.5139,93,7,8,いいえ,朱雀けいび / カルボ姉（ねえ） / ????? / 家族贖罪という字面 / まそお姉ちゃん
1,1436,em-020eecb1db52,草カロ四朗,4,296,316,7,heal,0.2977,0.5139,92,8,8,いいえ,草カロ四朗 / カルボ姉（ねえ） / ????? / 家族贖罪という字面 / まそお姉ちゃん
1,1437,em-f074d8bb177d,たっくん,4,95,507,5,attack_buff,0.2977,0.5069,97,3,8,いいえ,たっくん / vにゅーさん / サルパちゃん / トキシッくんｵｯｽｵｯｽ / ハリウッドナナコ師匠
1,1438,em-c687e673c7ff,有馬ん,4,285,317,7,heal,0.2976,0.5139,92,8,8,いいえ,有馬ん / カルボ姉（ねえ） / ????? / 家族贖罪という字面 / まそお姉ちゃん
1,1439,em-20b521a22027,ふとし君,4,111,491,5,attack_buff,0.2974,0.5069,97,3,8,いいえ,ふとし君 / vにゅーさん / サルパちゃん / トキシッくんｵｯｽｵｯｽ / ハリウッドナナコ師匠
1,1440,em-4586795c80d9,スノーガイ,7,1500,300,4,attack_buff,0.2974,0.4861,100,0,7,いいえ,スノーガイ / vにゅーさん / サルパちゃん / トキシッくんｵｯｽｵｯｽ / ハリウッドナナコ師匠
1,1441,em-ddba9f91bab7,注入！とちぎソウル,6,280,700,5,attack_buff,0.2973,0.4931,100,0,8,いいえ,注入！とちぎソウル / 北間・クラリス嬢 / トマティーナ少佐 / みどりのたけしマン / ラパヌイ先生
1,1442,em-2a54c7e36890,ばん馬ばん,4,400,250,5,attack_buff,0.2972,0.5139,100,0,8,いいえ,ばん馬ばん / 北間・クラリス嬢 / サルパちゃん / みどりのたけしマン / 八狗神伏姫様
1,1443,em-2d8f15eaba64,のぶくろさん,12,700,900,7,aoe_attack,0.2971,0.4861,96,4,7,いいえ,のぶくろさん / えかちぇたん / ????? / ブハラ師匠 / ハリウッドナナコ師匠
1,1444,em-455f884e0481,迷菓ぴよ子先生,7,662,700,5,attack_buff,0.297,0.4931,100,0,7,いいえ,迷菓ぴよ子先生 / vにゅーさん / サルパちゃん / トキシッくんｵｯｽｵｯｽ / ハリウッドナナコ師匠
1,1445,em-5528cf768569,リンゴール男爵,4,400,300,4,delay,0.2969,0.4931,84,16,7,いいえ,リンゴール男爵 / カルボ姉（ねえ） / ????? / 御嶽さん / 巨大カンテツ
1,1446,em-9bd1ce6f159b,ハントン先輩,6,650,700,6,multi_hit_attack,0.2969,0.4931,99,1,8,いいえ,ハントン先輩 / vにゅーさん / サルパちゃん / トキシッくんｵｯｽｵｯｽ / ハリウッドナナコ師匠
1,1447,em-08c1cf17f632,青竜けいび,4,345,400,6,heal,0.2966,0.5069,92,8,8,いいえ,青竜けいび / カルボ姉（ねえ） / ????? / 家族贖罪という字面 / まそお姉ちゃん
1,1448,em-9bac78901113,有馬すん,5,375,405,6,heal,0.2965,0.5069,93,7,8,いいえ,有馬すん / カルボ姉（ねえ） / ????? / 家族贖罪という字面 / まそお姉ちゃん
1,1449,em-b8d203bbae80,草カロ三郎,5,400,400,6,heal,0.2965,0.5069,93,7,8,いいえ,草カロ三郎 / カルボ姉（ねえ） / ????? / 家族贖罪という字面 / まそお姉ちゃん
1,1450,em-fe5e7769aa81,鹿苑先輩,5,390,390,5,revive,0.2965,0.5069,93,7,8,いいえ,鹿苑先輩 / カルボ姉（ねえ） / ????? / 家族贖罪という字面 / まそお姉ちゃん
1,1451,em-4025a820b0a7,新・ぎょざる,5,400,400,6,aoe_attack,0.2965,0.5069,98,2,8,いいえ,新・ぎょざる / vにゅーさん / サルパちゃん / トキシッくんｵｯｽｵｯｽ / ハリウッドナナコ師匠
1,1452,em-2625991e40c1,恐れない幽子,11,470,510,6,revive,0.2965,0.5,99,1,8,いいえ,恐れない幽子 / カルボ姉（ねえ） / サルパちゃん / 愛のぴよ子 / 八狗神伏姫様
1,1453,em-ce589bb8d6d8,鳴子さん,5,400,400,7,aoe_attack,0.2963,0.5069,98,2,8,いいえ,鳴子さん / vにゅーさん / サルパちゃん / トキシッくんｵｯｽｵｯｽ / ハリウッドナナコ師匠
1,1454,em-575ad888f045,スワン先生,5,400,380,6,skill_reduction,0.2963,0.4861,98,2,7,いいえ,スワン先生 / vにゅーさん / サルパちゃん / トキシッくんｵｯｽｵｯｽ / ハリウッドナナコ師匠
1,1455,em-f230094c0c4f,シンプソン君,5,400,400,8,revive,0.2962,0.5069,93,7,8,いいえ,シンプソン君 / カルボ姉（ねえ） / ????? / 家族贖罪という字面 / まそお姉ちゃん
1,1456,em-8e8c7fbfac2a,おたべくん,3,315,287,4,delay,0.2961,0.4931,83,17,7,いいえ,おたべくん / カルボ姉（ねえ） / ????? / 御嶽さん / 巨大カンテツ
1,1457,em-38a5d43fe466,畳リーゼント先輩,8,393,812,4,attack_buff,0.2961,0.4931,96,4,8,いいえ,畳リーゼント先輩 / 北間・クラリス嬢 / サルパちゃん / ????? / 八狗神伏姫様
1,1458,em-71b88b3e60d7,迷菓ぴよ子,4,346,356,5,attack_buff,0.2956,0.5069,97,3,7,いいえ,迷菓ぴよ子 / vにゅーさん / サルパちゃん / トキシッくんｵｯｽｵｯｽ / ハリウッドナナコ師匠
1,1459,em-e1a6af095fc1,驀進叡智通,7,450,530,4,attack_buff,0.2955,0.5,94,6,7,いいえ,驀進叡智通 / えかちぇたん / 超患部ぴよフェッサー / ????? / モンさんミッシェル
1,1460,em-4b8a1db2788c,ニートな浅子さん,4,112,418,5,attack_buff,0.2952,0.5069,97,3,8,いいえ,ニートな浅子さん / vにゅーさん / サルパちゃん / トキシッくんｵｯｽｵｯｽ / ハリウッドナナコ師匠
1,1461,em-1d111df2ae70,ヤックです,5,300,400,7,multi_hit_attack,0.2952,0.5069,98,2,8,いいえ,ヤックです / vにゅーさん / サルパちゃん / トキシッくんｵｯｽｵｯｽ / ハリウッドナナコ師匠
1,1462,em-484d995e3adb,くノ一！ヴォたん,9,700,700,4,guard,0.2948,0.4861,100,0,8,いいえ,くノ一！ヴォたん / えかちぇたん / ????? / ブハラ師匠 / 伝説のWoo怪
1,1463,em-b3d6d1b7e1a8,たたらん,6,500,300,5,attack_buff,0.2943,0.5069,99,1,8,いいえ,たたらん / vにゅーさん / サルパちゃん / トキシッくんｵｯｽｵｯｽ / ハリウッドナナコ師匠
1,1464,em-37ab32b36f96,ハントンさん,5,450,650,7,multi_hit_attack,0.2942,0.4931,98,2,8,いいえ,ハントンさん / vにゅーさん / サルパちゃん / トキシッくんｵｯｽｵｯｽ / ハリウッドナナコ師匠
1,1465,em-f2bb13033bf0,鳴子ちゃん,3,300,300,8,aoe_attack,0.2936,0.5069,96,4,7,いいえ,鳴子ちゃん / vにゅーさん / サルパちゃん / トキシッくんｵｯｽｵｯｽ / ハリウッドナナコ師匠
1,1466,em-7e369f15337f,超辛ふとし君,6,321,659,5,attack_buff,0.2936,0.4931,99,1,8,いいえ,超辛ふとし君 / vにゅーさん / サルパちゃん / トキシッくんｵｯｽｵｯｽ / ハリウッドナナコ師匠
1,1467,em-4052b050ef42,白虎けいび,4,295,300,5,attack_buff,0.2934,0.5069,97,3,8,いいえ,白虎けいび / vにゅーさん / サルパちゃん / トキシッくんｵｯｽｵｯｽ / ハリウッドナナコ師匠
1,1468,em-6ffc5801eae4,ぎょざる,4,293,312,6,aoe_attack,0.2934,0.5069,97,3,8,いいえ,ぎょざる / vにゅーさん / サルパちゃん / トキシッくんｵｯｽｵｯｽ / ハリウッドナナコ師匠
1,1469,em-2f6ae2b54633,フクちゃん,3,300,400,4,attribute_change,0.2934,0.4931,83,17,7,いいえ,フクちゃん / カルボ姉（ねえ） / ????? / 御嶽さん / 巨大カンテツ
1,1470,em-2f8589eed296,畳リーゼント,7,300,700,4,attack_buff,0.2926,0.4931,95,5,8,いいえ,畳リーゼント / 北間・クラリス嬢 / サルパちゃん / ????? / 八狗神伏姫様
1,1471,em-643d05a15e4e,エビユルゲ大佐,5,520,460,2,attribute_change,0.2926,0.4861,89,11,7,いいえ,エビユルゲ大佐 / カルボ姉（ねえ） / 試作型おこしん / 諏訪子成長期 / シミ
1,1472,em-32b98839a4c2,派遣社員だ浅子さん,6,380,600,5,attack_buff,0.2925,0.4931,99,1,8,いいえ,派遣社員だ浅子さん / vにゅーさん / サルパちゃん / トキシッくんｵｯｽｵｯｽ / ハリウッドナナコ師匠
1,1473,em-eb78da4b3f28,えるたそ,6,500,400,4,attack_buff,0.2924,0.5,93,7,8,いいえ,えるたそ / えかちぇたん / 超患部ぴよフェッサー / ????? / モンさんミッシェル
1,1474,em-86b9ae60356a,ブーナッドさま,14,2100,400,2,heal,0.2923,0.4653,83,17,8,いいえ,ブーナッドさま / カルボ姉（ねえ） / トマティーナ少佐 / みどりのたけしマン / 速いぞサラマンダー！
1,1475,em-fe08214f98fe,さるぼぼん,6,400,600,6,aoe_attack,0.2922,0.4931,99,1,8,いいえ,さるぼぼん / vにゅーさん / サルパちゃん / トキシッくんｵｯｽｵｯｽ / ハリウッドナナコ師匠
1,1476,em-7a89b660417d,くーちゃん,5,400,500,4,attack_buff,0.2921,0.4931,98,2,8,いいえ,くーちゃん / vにゅーさん / サルパちゃん / トキシッくんｵｯｽｵｯｽ / ハリウッドナナコ師匠
1,1477,em-b83d457ef580,王国民ゴロウ,5,390,390,2,attack_buff,0.292,0.4861,98,2,8,いいえ,王国民ゴロウ / vにゅーさん / サルパちゃん / トキシッくんｵｯｽｵｯｽ / ハリウッドナナコ師匠
1,1478,em-fe5ed60fbf2d,強いぞさいごー丼,9,930,574,3,attribute_guard,0.292,0.4792,100,0,8,いいえ,強いぞさいごー丼 / えかちぇたん / ????? / ブハラ師匠 / 伝説のWoo怪
1,1479,em-b68e81559a03,ピカリャー,6,400,600,7,multi_hit_attack,0.2919,0.4931,99,1,8,いいえ,ピカリャー / vにゅーさん / サルパちゃん / トキシッくんｵｯｽｵｯｽ / ハリウッドナナコ師匠
1,1480,em-e9a9af4ae9bc,梨豚ぴぐぺん,6,500,600,2,attack_buff,0.2916,0.4792,99,1,8,いいえ,梨豚ぴぐぺん / vにゅーさん / サルパちゃん / トキシッくんｵｯｽｵｯｽ / ハリウッドナナコ師匠
1,1481,em-6e37519134b1,スワン君,4,310,302,6,skill_reduction,0.2915,0.4861,97,3,7,いいえ,スワン君 / vにゅーさん / サルパちゃん / トキシッくんｵｯｽｵｯｽ / ハリウッドナナコ師匠
1,1482,em-0051409a8e1f,芹沢さん,8,604,597,4,guard,0.291,0.4792,93,7,8,いいえ,芹沢さん / えかちぇたん / すわ子isGOD！ / 愛のぴよ子 / 八狗神伏姫様
1,1483,em-404f12535630,祇園祭の素戔嗚さま,88,5964,6390,2,multi_hit_attack,0.2908,0.2917,100,0,4,いいえ,祇園祭の素戔嗚さま / かずらちゃん / ウナギーヌくん / デンマーくん / ズースくん
1,1484,em-73a9cdab3511,リンゴール子爵,3,300,200,4,delay,0.2905,0.4931,83,17,7,いいえ,リンゴール子爵 / カルボ姉（ねえ） / ????? / 御嶽さん / 巨大カンテツ
1,1485,em-deac9db76555,ヒルズくん,8,408,812,1,attack_buff,0.2901,0.4722,92,8,8,いいえ,ヒルズくん / えかちぇたん / ????? / ブハラ師匠 / ハリウッドナナコ師匠
1,1486,em-d19d4f1b57e1,ロボうおぬまンダー,9,600,800,6,aoe_attack,0.29,0.4861,87,13,8,いいえ,ロボうおぬまンダー / 北間・クラリス嬢 / すわ子isGOD！ / ????? / 八狗神伏姫様
1,1487,em-4d6fe3f2c9ae,くーさん,3,300,400,4,attack_buff,0.2895,0.4931,96,4,7,いいえ,くーさん / vにゅーさん / サルパちゃん / トキシッくんｵｯｽｵｯｽ / ハリウッドナナコ師匠
1,1488,em-89dedc914b10,ふーちゃん,8,1014,413,5,guard,0.2895,0.4861,96,4,8,いいえ,ふーちゃん / カルボ姉（ねえ） / サルパちゃん / 愛のぴよ子 / 八狗神伏姫様
1,1489,em-70e79fbffe3c,怪人エビユルゲ,3,305,297,4,attribute_change,0.2893,0.4931,83,17,7,いいえ,怪人エビユルゲ / カルボ姉（ねえ） / ????? / 御嶽さん / 巨大カンテツ
1,1490,em-a84e9301da18,パワフル☆ばん馬ばん,5,600,350,4,attack_buff,0.2892,0.4931,98,2,8,いいえ,パワフル☆ばん馬ばん / vにゅーさん / サルパちゃん / トキシッくんｵｯｽｵｯｽ / ハリウッドナナコ師匠
1,1491,em-d0ab2c82078b,デルモンテ嬢,23,3020,453,6,attribute_guard,0.2892,0.4653,98,2,8,いいえ,デルモンテ嬢 / 北間・クラリス嬢 / すわ子isGOD！ / ????? / 御嶽さん
1,1492,em-c879fe74178e,唸る！叡智通,5,370,410,4,attack_buff,0.289,0.4931,98,2,8,いいえ,唸る！叡智通 / vにゅーさん / サルパちゃん / トキシッくんｵｯｽｵｯｽ / ハリウッドナナコ師匠
1,1493,em-e2ba004694cc,ＪＡＸＡイル,8,394,794,6,multi_hit_attack,0.2887,0.4861,86,14,8,いいえ,ＪＡＸＡイル / 北間・クラリス嬢 / すわ子isGOD！ / ????? / 八狗神伏姫様
1,1494,em-64f8ad5111a6,マッキニキ,9,1000,500,4,damage_reduction,0.2886,0.4861,100,0,8,いいえ,マッキニキ / えかちぇたん / ????? / ブハラ師匠 / 伝説のWoo怪
1,1495,em-e42e99273751,輪島のうるっしー,12,1200,500,4,guard,0.2884,0.4861,97,3,8,いいえ,輪島のうるっしー / 北間・クラリス嬢 / サルパちゃん / ????? / 御嶽さん
1,1496,em-96c8b7af6f5c,ネギtheダーウィン,30,5112,0,5,attribute_change,0.2883,0.4583,95,5,7,いいえ,ネギtheダーウィン / カルボ姉（ねえ） / 試作型おこしん / 愛のぴよ子 / 御嶽さん
1,1497,em-0697e2f112ca,ケンＺＯ１号,4,102,510,5,attack_buff,0.2882,0.4931,100,0,8,いいえ,ケンＺＯ１号 / 北間・クラリス嬢 / サルパちゃん / みどりのたけしマン / 八狗神伏姫様
1,1498,em-54f582db41b4,みかん姉さん,10,1000,500,6,aoe_attack,0.2882,0.4792,100,0,7,いいえ,みかん姉さん / えかちぇたん / 超患部ぴよフェッサー / ????? / 八狗神伏姫様
1,1499,em-7e127d8718a5,魔人エビユルゲ,4,410,370,3,attribute_change,0.288,0.4861,84,16,7,いいえ,魔人エビユルゲ / カルボ姉（ねえ） / ????? / 御嶽さん / 巨大カンテツ
1,1500,em-9791eaaeef3c,メーピスさん,8,600,700,6,multi_hit_attack,0.2878,0.4861,86,14,8,いいえ,メーピスさん / 北間・クラリス嬢 / すわ子isGOD！ / ????? / 八狗神伏姫様
1,1501,em-84a7ce7d3a80,ゴロウ,4,310,302,2,attack_buff,0.2878,0.4861,97,3,7,いいえ,ゴロウ / vにゅーさん / サルパちゃん / トキシッくんｵｯｽｵｯｽ / ハリウッドナナコ師匠
1,1502,em-57fe43e7ea10,鹿苑さん,4,307,295,6,revive,0.2876,0.5,92,8,8,いいえ,鹿苑さん / カルボ姉（ねえ） / ????? / 家族贖罪という字面 / まそお姉ちゃん
1,1503,em-786d95001098,可憐な二条嬢,12,810,790,2,attribute_guard,0.2873,0.4722,99,1,8,いいえ,可憐な二条嬢 / えかちぇたん / 愛のぴよ子 / みどりのたけしマン / 御嶽さん
1,1504,em-8532615661b1,ハズクさん,10,500,400,8,multi_hit_attack,0.2871,0.4931,100,0,7,いいえ,ハズクさん / えかちぇたん / 超患部ぴよフェッサー / ????? / 八狗神伏姫様
1,1505,em-ba8324a2cbef,覚醒ニート,6,354,296,2,multi_hit_attack,0.2871,0.4861,99,1,8,いいえ,覚醒ニート / vにゅーさん / サルパちゃん / トキシッくんｵｯｽｵｯｽ / ハリウッドナナコ師匠
1,1506,em-4a6952f30578,愛犬八太郎,11,1700,300,6,delay,0.2871,0.4722,99,1,7,いいえ,愛犬八太郎 / カルボ姉（ねえ） / サルパちゃん / 愛のぴよ子 / 八狗神伏姫様
1,1507,em-c69e39cf7701,伏ちゃん,12,1597,516,5,guard,0.287,0.4653,97,3,8,いいえ,伏ちゃん / 北間・クラリス嬢 / サルパちゃん / ????? / 御嶽さん
1,1508,em-e9a4c94598fc,深海人ゴロウ,6,500,480,2,attack_buff,0.2868,0.4722,99,1,8,いいえ,深海人ゴロウ / vにゅーさん / サルパちゃん / トキシッくんｵｯｽｵｯｽ / ハリウッドナナコ師匠
1,1509,em-b7a8623e2b49,のぶくろくん,8,500,700,8,aoe_attack,0.2865,0.4861,86,14,8,いいえ,のぶくろくん / 北間・クラリス嬢 / すわ子isGOD！ / ????? / 八狗神伏姫様
1,1510,em-0f4d66009260,叡智通,4,280,332,4,attack_buff,0.2862,0.4931,97,3,7,いいえ,叡智通 / vにゅーさん / サルパちゃん / トキシッくんｵｯｽｵｯｽ / ハリウッドナナコ師匠
1,1511,em-737d1a27052c,じとっ子,4,202,410,5,attack_buff,0.2861,0.4931,100,0,8,いいえ,じとっ子 / 北間・クラリス嬢 / サルパちゃん / みどりのたけしマン / 八狗神伏姫様
1,1512,em-f6360fa6b0ca,伝統のうるっしー,16,1800,600,4,guard,0.2861,0.4722,95,5,8,いいえ,伝統のうるっしー / えかちぇたん / 愛のぴよ子 / ????? / 御嶽さん
1,1513,em-5d524aa44032,元祖・銘菓ぴよ子,8,605,625,4,multi_hit_attack,0.2859,0.4861,86,14,8,いいえ,元祖・銘菓ぴよ子 / 北間・クラリス嬢 / すわ子isGOD！ / ????? / 八狗神伏姫様
1,1514,em-59482d256e11,大森銀佐摩,15,2679,352,2,damage_reduction,0.2859,0.4653,100,0,8,いいえ,大森銀佐摩 / 北間・クラリス嬢 / サルパちゃん / ????? / 御嶽さん
1,1515,em-422fdd383a00,芋煮百太郎,7,680,300,5,multi_hit_attack,0.2856,0.4931,100,0,7,いいえ,芋煮百太郎 / vにゅーさん / サルパちゃん / トキシッくんｵｯｽｵｯｽ / ハリウッドナナコ師匠
1,1516,em-9c69c811a77c,ヤック・ザ・ナイト,8,600,700,5,multi_hit_attack,0.2852,0.4792,86,14,8,いいえ,ヤック・ザ・ナイト / 北間・クラリス嬢 / すわ子isGOD！ / ????? / 八狗神伏姫様
1,1517,em-a94a52532d71,あまのちゃん先輩,20,1200,500,3,multi_hit_attack,0.2852,0.4722,97,3,8,いいえ,あまのちゃん先輩 / カルボ姉（ねえ） / ????? / ブハラ師匠 / ハリウッドナナコ師匠
1,1518,em-2ce242ee5866,スノーメン,5,1300,200,5,attack_buff,0.285,0.4792,98,2,8,いいえ,スノーメン / vにゅーさん / サルパちゃん / トキシッくんｵｯｽｵｯｽ / ハリウッドナナコ師匠
1,1519,em-667d96cceb87,さんとくん,6,1000,200,5,delay,0.2845,0.4792,99,1,7,いいえ,さんとくん / vにゅーさん / サルパちゃん / トキシッくんｵｯｽｵｯｽ / ハリウッドナナコ師匠
1,1520,em-172b59ddb28b,白虎ニート,4,314,296,5,attack_buff,0.2838,0.4861,97,3,8,いいえ,白虎ニート / vにゅーさん / サルパちゃん / トキシッくんｵｯｽｵｯｽ / ハリウッドナナコ師匠
1,1521,em-f7eb502f39f3,芋煮十郎,5,580,200,6,multi_hit_attack,0.2837,0.4931,98,2,8,いいえ,芋煮十郎 / vにゅーさん / サルパちゃん / トキシッくんｵｯｽｵｯｽ / ハリウッドナナコ師匠
1,1522,em-c19b90bf546d,芋煮太郎,4,510,102,7,multi_hit_attack,0.2835,0.5,100,0,8,いいえ,芋煮太郎 / 北間・クラリス嬢 / サルパちゃん / みどりのたけしマン / 八狗神伏姫様
1,1523,em-69fe49e9031d,かずら姉さん,11,650,700,2,guard,0.2835,0.4722,98,2,8,いいえ,かずら姉さん / えかちぇたん / 愛のぴよ子 / みどりのたけしマン / 御嶽さん
1,1524,em-9625a8dc4056,祟らない幽子,8,370,410,7,revive,0.2828,0.4861,96,4,8,いいえ,祟らない幽子 / カルボ姉（ねえ） / サルパちゃん / 愛のぴよ子 / 八狗神伏姫様
1,1525,em-fa9285840bae,白虎むりょく,4,158,149,5,attack_buff,0.2826,0.5,100,0,8,いいえ,白虎むりょく / 北間・クラリス嬢 / サルパちゃん / みどりのたけしマン / 八狗神伏姫様
1,1526,em-5a100f5215c1,オリバーTHEトイ,6,300,600,3,attack_buff,0.2826,0.4792,96,4,8,いいえ,オリバーTHEトイ / カルボ姉（ねえ） / アウス大先輩 / 家族贖罪という字面 / 巨大カンテツ
1,1527,em-e4050c7db405,オム・オクト・パップ,9,888,400,6,heal,0.2825,0.4861,97,3,8,いいえ,オム・オクト・パップ / カルボ姉（ねえ） / サルパちゃん / 愛のぴよ子 / 八狗神伏姫様
1,1528,em-b057fb6325c7,常飲！とちぎソウル,5,200,600,5,attack_buff,0.2824,0.4722,98,2,8,いいえ,常飲！とちぎソウル / vにゅーさん / サルパちゃん / トキシッくんｵｯｽｵｯｽ / ハリウッドナナコ師匠
1,1529,em-5558b35b9413,フゥーま＆ヴォたん,14,800,800,3,guard,0.2824,0.4583,91,9,8,いいえ,フゥーま＆ヴォたん / えかちぇたん / トマティーナ少佐 / オペラハウス侯爵 / 速いぞサラマンダー！
1,1530,em-18a6642e277e,旧市街地の魔物,8,2799,16,4,attack_buff,0.2822,0.4722,96,4,8,いいえ,旧市街地の魔物 / 北間・クラリス嬢 / サルパちゃん / ????? / 八狗神伏姫様
1,1531,em-462884d3af90,青竜ニート,4,346,397,6,heal,0.2821,0.4792,92,8,8,いいえ,青竜ニート / カルボ姉（ねえ） / ????? / 家族贖罪という字面 / まそお姉ちゃん
1,1532,em-3e7f24f8564c,かずらさん,6,450,650,2,guard,0.282,0.4722,93,7,7,いいえ,かずらさん / えかちぇたん / 愛のぴよ子 / みどりのたけしマン / 御嶽さん
1,1533,em-9671099553c0,唸れ！阿蘇さん,12,1020,680,1,attribute_guard,0.2819,0.4583,97,3,8,いいえ,唸れ！阿蘇さん / えかちぇたん / トマティーナ少佐 / ブハラ師匠 / ハリウッドナナコ師匠
1,1534,em-081cdc2b5b45,スノーボーイ,4,1000,100,6,attack_buff,0.2817,0.4861,100,0,8,いいえ,スノーボーイ / 北間・クラリス嬢 / サルパちゃん / みどりのたけしマン / 八狗神伏姫様
1,1535,em-523af93f71e3,神田祭らーの集い,88,5027,6901,4,aoe_attack,0.2812,0.3056,100,0,4,いいえ,神田祭らーの集い / かずらちゃん / ウナギーヌくん / デンマーくん / 魚堅くん
1,1536,em-9aec6212c779,白水兄さん,8,580,626,8,aoe_attack,0.2798,0.4792,86,14,8,いいえ,白水兄さん / 北間・クラリス嬢 / すわ子isGOD！ / ????? / 八狗神伏姫様
1,1537,em-2d8e102d95f3,えぇじゃないか,8,640,580,7,aoe_attack,0.2798,0.4722,86,14,8,いいえ,えぇじゃないか / 北間・クラリス嬢 / すわ子isGOD！ / ????? / 八狗神伏姫様
1,1538,em-03fc13420b08,鳴子お嬢様,8,600,600,6,aoe_attack,0.2797,0.4792,86,14,8,いいえ,鳴子お嬢様 / 北間・クラリス嬢 / すわ子isGOD！ / ????? / 八狗神伏姫様
1,1539,em-2837181f6574,うおぬまンダー,6,500,600,7,aoe_attack,0.2794,0.4792,84,16,8,いいえ,うおぬまンダー / 北間・クラリス嬢 / すわ子isGOD！ / ????? / 八狗神伏姫様
1,1540,em-c61b3e98a989,荒波のはたはタン,4,400,300,5,heal,0.2794,0.4792,92,8,8,いいえ,荒波のはたはタン / カルボ姉（ねえ） / ????? / 家族贖罪という字面 / まそお姉ちゃん
1,1541,em-1a835be38386,朱雀ニート,5,320,320,6,revive,0.2784,0.4792,93,7,8,いいえ,朱雀ニート / カルボ姉（ねえ） / ????? / 家族贖罪という字面 / まそお姉ちゃん
1,1542,em-6588c893ceb4,船師かっさーのん,3,300,400,6,attack_buff,0.2784,0.4722,96,4,7,いいえ,船師かっさーのん / vにゅーさん / サルパちゃん / トキシッくんｵｯｽｵｯｽ / ハリウッドナナコ師匠
1,1543,em-94033ed8057b,幽子さん,4,300,312,8,revive,0.2781,0.4792,92,8,8,いいえ,幽子さん / カルボ姉（ねえ） / ????? / 家族贖罪という字面 / まそお姉ちゃん
1,1544,em-4694b1a256f8,悪魔！いびるん,9,600,700,5,guard,0.2781,0.4653,100,0,8,いいえ,悪魔！いびるん / えかちぇたん / ????? / ブハラ師匠 / 伝説のWoo怪
1,1545,em-8d320a6b7512,いびるん,6,500,600,5,guard,0.2779,0.4653,99,1,7,いいえ,いびるん / 北間・クラリス嬢 / サルパちゃん / みどりのたけしマン / 御嶽さん
1,1546,em-bb2b760b2dfe,いぬやマン,6,400,400,7,attack_buff,0.2773,0.4722,99,1,8,いいえ,いぬやマン / vにゅーさん / サルパちゃん / トキシッくんｵｯｽｵｯｽ / ハリウッドナナコ師匠
1,1547,em-a368a20e3521,ベッピーちゃん,8,611,595,5,attack_buff,0.2772,0.4722,100,0,7,いいえ,ベッピーちゃん / 北間・クララさん / ????? / 御嶽さん / 八狗神伏姫様
1,1548,em-f1302d2783e5,八太郎,10,1200,200,7,delay,0.277,0.4722,98,2,7,いいえ,八太郎 / カルボ姉（ねえ） / サルパちゃん / 愛のぴよ子 / 八狗神伏姫様
1,1549,em-df4f003ab94e,熱いマッキニキ,11,1100,600,3,damage_reduction,0.277,0.4653,96,4,8,いいえ,熱いマッキニキ / 北間・クラリス嬢 / サルパちゃん / ????? / 御嶽さん
1,1550,em-14ab1de959d7,あくせんと・きゃー子,18,1400,400,6,attribute_change,0.2769,0.4653,96,4,7,いいえ,あくせんと・きゃー子 / カルボ姉（ねえ） / すわ子isGOD！ / 愛のぴよ子 / 八狗神伏姫様
1,1551,em-2f505dd0418a,とちぎソウル,4,150,400,5,attack_buff,0.2764,0.4722,97,3,8,いいえ,とちぎソウル / vにゅーさん / サルパちゃん / トキシッくんｵｯｽｵｯｽ / ハリウッドナナコ師匠
1,1552,em-1d206f58d0b7,マッキ,6,600,300,4,damage_reduction,0.2762,0.4792,99,1,7,いいえ,マッキ / 北間・クラリス嬢 / サルパちゃん / みどりのたけしマン / 御嶽さん
1,1553,em-3ea6ac9a0933,オリバーWITHソー,8,400,800,3,attack_buff,0.276,0.4583,92,8,8,いいえ,オリバーWITHソー / えかちぇたん / ????? / ブハラ師匠 / ハリウッドナナコ師匠
1,1554,em-834effdc39a5,真・ぎょざる,8,499,491,6,aoe_attack,0.2759,0.4792,86,14,8,いいえ,真・ぎょざる / 北間・クラリス嬢 / すわ子isGOD！ / ????? / 八狗神伏姫様
1,1555,em-f8d808926639,吉野スライミング,8,690,390,5,guard,0.2757,0.4722,96,4,8,いいえ,吉野スライミング / カルボ姉（ねえ） / サルパちゃん / 愛のぴよ子 / 八狗神伏姫様
1,1556,em-502c02710bc4,覚醒けいび,6,345,300,2,multi_hit_attack,0.2756,0.4792,100,0,8,いいえ,覚醒けいび / えかちぇたん / ????? / ブハラ師匠 / 巨大カンテツ
1,1557,em-e44c80aa58d3,二条嬢,8,620,600,2,attribute_guard,0.2756,0.4653,93,7,8,いいえ,二条嬢 / 北間・クラリス嬢 / サルパちゃん / ????? / 御嶽さん
1,1558,em-a71cd0e28586,ねぶるーさん,14,770,830,2,attack_buff,0.2753,0.4514,98,2,7,いいえ,ねぶるーさん / えかちぇたん / ????? / ブハラ師匠 / ハリウッドナナコ師匠
1,1559,em-124dc5391da9,オクト・パップ,6,888,200,6,heal,0.2749,0.4792,94,6,8,いいえ,オクト・パップ / カルボ姉（ねえ） / ????? / 家族贖罪という字面 / まそお姉ちゃん
1,1560,em-de4906019fe7,キープ牧場の決斗,14,700,700,6,revive,0.2747,0.4653,99,1,8,いいえ,キープ牧場の決斗 / 北間・クラリス嬢 / サルパちゃん / ????? / 御嶽さん
1,1561,em-6c82396ace3f,マッシブ☆ばん馬ばん,7,800,450,3,attack_buff,0.2747,0.4653,100,0,8,いいえ,マッシブ☆ばん馬ばん / vにゅーさん / サルパちゃん / トキシッくんｵｯｽｵｯｽ / ハリウッドナナコ師匠
1,1562,em-dc6446295503,ハズクちゃん,8,400,300,9,multi_hit_attack,0.2736,0.4861,86,14,8,いいえ,ハズクちゃん / 北間・クラリス嬢 / すわ子isGOD！ / ????? / 八狗神伏姫様
1,1563,em-dc5f853080a2,ねぶるー,12,590,630,2,attack_buff,0.2736,0.4583,96,4,7,いいえ,ねぶるー / えかちぇたん / ????? / ブハラ師匠 / ハリウッドナナコ師匠
1,1564,em-87d7d883c438,ニートエンペラー,10,459,565,7,damage_reduction,0.2733,0.4653,95,5,8,いいえ,ニートエンペラー / 北間・クラリス嬢 / サルパちゃん / ????? / 御嶽さん
1,1565,em-28a408b64836,真・銘菓ぴよ子,12,795,815,3,multi_hit_attack,0.2732,0.4514,96,4,7,いいえ,真・銘菓ぴよ子 / えかちぇたん / ????? / ブハラ師匠 / ハリウッドナナコ師匠
1,1566,em-e668f3d46f31,超・S.K.O.Tちゃん,5,950,250,5,heal,0.2725,0.4722,93,7,8,いいえ,超・S.K.O.Tちゃん / カルボ姉（ねえ） / ????? / 家族贖罪という字面 / まそお姉ちゃん
1,1567,em-3229594a4a2c,おあげちゃん,5,315,305,3,attack_buff,0.2724,0.4653,98,2,8,いいえ,おあげちゃん / vにゅーさん / サルパちゃん / トキシッくんｵｯｽｵｯｽ / ハリウッドナナコ師匠
1,1568,em-f8a40042a8dc,王家の騎士,10,650,550,8,attribute_guard,0.2723,0.4583,95,5,8,いいえ,王家の騎士 / 北間・クラリス嬢 / サルパちゃん / ????? / 御嶽さん
1,1569,em-b0a135da294f,デンマーくん三世,6,800,600,3,guard,0.2722,0.4583,93,7,7,いいえ,デンマーくん三世 / えかちぇたん / 愛のぴよ子 / みどりのたけしマン / 御嶽さん
1,1570,em-4ccfc2b986b5,舞え！どんちっちん,8,900,600,8,aoe_attack,0.2719,0.4653,86,14,8,いいえ,舞え！どんちっちん / 北間・クラリス嬢 / すわ子isGOD！ / ????? / 八狗神伏姫様
1,1571,em-e4f94dd73b29,あっしゅTHEﾗｯﾊﾟｰ,12,1500,700,5,attribute_guard,0.2717,0.4444,97,3,8,いいえ,あっしゅTHEﾗｯﾊﾟｰ / 北間・クラリス嬢 / サルパちゃん / ????? / 御嶽さん
1,1572,em-47f3be71ea63,青竜むりょく,4,198,189,6,heal,0.2704,0.4792,92,8,8,いいえ,青竜むりょく / カルボ姉（ねえ） / ????? / 家族贖罪という字面 / まそお姉ちゃん
1,1573,em-40f4824b1c65,芋煮千十郎,9,1901,502,4,multi_hit_attack,0.2697,0.4444,93,7,7,いいえ,芋煮千十郎 / えかちぇたん / ????? / ブハラ師匠 / ハリウッドナナコ師匠
1,1574,em-91791d21e202,ネオけいび,6,305,310,6,attribute_guard,0.2691,0.4722,99,1,7,いいえ,ネオけいび / 北間・クラリス嬢 / サルパちゃん / みどりのたけしマン / 御嶽さん
1,1575,em-983228ce32d4,あっしゅTHEｷｬｯﾄ,8,1300,500,5,attribute_guard,0.2691,0.4514,93,7,8,いいえ,あっしゅTHEｷｬｯﾄ / 北間・クラリス嬢 / サルパちゃん / ????? / 御嶽さん
1,1576,em-4442b5ee096e,朱雀むりょく,5,165,165,6,revive,0.2689,0.4792,93,7,8,いいえ,朱雀むりょく / カルボ姉（ねえ） / ????? / 家族贖罪という字面 / まそお姉ちゃん
1,1577,em-f1fdf84ea79d,どんちっちん,6,700,500,9,aoe_attack,0.2683,0.4653,84,16,8,いいえ,どんちっちん / 北間・クラリス嬢 / すわ子isGOD！ / ????? / 八狗神伏姫様
1,1578,em-da8dd7644e31,法隆ジェット,7,600,400,6,guard,0.2683,0.4653,100,0,7,いいえ,法隆ジェット / 北間・クラリス嬢 / サルパちゃん / みどりのたけしマン / 御嶽さん
1,1579,em-664c9287613d,阿蘇さん,8,820,500,1,attribute_guard,0.2683,0.4514,93,7,8,いいえ,阿蘇さん / 北間・クラリス嬢 / サルパちゃん / ????? / 御嶽さん
1,1580,em-c6785d8f86c3,中央アルプスの犬,9,600,400,2,damage_reduction,0.2676,0.4583,100,0,8,いいえ,中央アルプスの犬 / えかちぇたん / ????? / ブハラ師匠 / 伝説のWoo怪
1,1581,em-58b6cf5f2d45,忍者！フゥーま,6,500,500,5,guard,0.2662,0.4514,99,1,7,いいえ,忍者！フゥーま / 北間・クラリス嬢 / サルパちゃん / みどりのたけしマン / 御嶽さん
1,1582,em-804bc17d075c,雪壁の大谷,11,1500,300,2,damage_reduction,0.2653,0.4444,96,4,8,いいえ,雪壁の大谷 / 北間・クラリス嬢 / サルパちゃん / ????? / 御嶽さん
1,1583,em-a0762b5d76ab,シーラちゃん,5,600,550,4,attack_buff,0.2651,0.4444,92,8,8,いいえ,シーラちゃん / えかちぇたん / 超患部ぴよフェッサー / ????? / モンさんミッシェル
1,1584,em-1cb67f0b7d2d,スノーな大谷,9,1100,200,2,damage_reduction,0.2646,0.4583,100,0,8,いいえ,スノーな大谷 / えかちぇたん / ????? / ブハラ師匠 / 伝説のWoo怪
1,1585,em-32e57ebd5904,ハンザギルドさん,12,1551,423,5,attribute_guard,0.2643,0.4375,97,3,8,いいえ,ハンザギルドさん / 北間・クラリス嬢 / サルパちゃん / ????? / 御嶽さん
1,1586,em-13467c934268,五神合体法隆Ｇ,15,1050,550,6,guard,0.2636,0.4514,100,0,8,いいえ,五神合体法隆Ｇ / 北間・クラリス嬢 / サルパちゃん / ????? / 御嶽さん
1,1587,em-900c465878ea,たたらん先生,12,800,600,3,attack_buff,0.2631,0.4444,96,4,7,いいえ,たたらん先生 / えかちぇたん / ????? / ブハラ師匠 / ハリウッドナナコ師匠
1,1588,em-ba09169b5b3d,あまのちゃん,12,300,200,4,multi_hit_attack,0.2629,0.4722,100,0,7,いいえ,あまのちゃん / キタマクラさん / サルパちゃん / ????? / 八狗神伏姫様
1,1589,em-627c09c619f8,さくら…こなのか,7,888,482,1,attribute_guard,0.2628,0.4306,100,0,7,いいえ,さくら…こなのか / 北間・クラリス嬢 / サルパちゃん / みどりのたけしマン / 御嶽さん
1,1590,em-554c0093231a,おあげさん,7,505,495,3,attack_buff,0.2624,0.4444,94,6,7,いいえ,おあげさん / えかちぇたん / 超患部ぴよフェッサー / ????? / モンさんミッシェル
1,1591,em-f5eb41dbe671,たたらん先輩,9,600,400,4,attack_buff,0.2621,0.4583,100,0,7,いいえ,たたらん先輩 / えかちぇたん / 試作型おこしん / 諏訪子成長期 / シミ
1,1592,em-cbfa7306b010,めい子姉さん,7,479,511,5,attribute_guard,0.2621,0.4444,100,0,7,いいえ,めい子姉さん / 北間・クラリス嬢 / サルパちゃん / みどりのたけしマン / 御嶽さん
1,1593,em-90f39743f105,伝説の牛タソ,19,2269,302,3,guard,0.2615,0.4306,98,2,8,いいえ,伝説の牛タソ / えかちぇたん / 愛のぴよ子 / ????? / 御嶽さん
1,1594,em-b5a4cfe168a6,安井大先生,7,505,475,5,guard,0.261,0.4444,100,0,7,いいえ,安井大先生 / 北間・クラリス嬢 / サルパちゃん / みどりのたけしマン / 御嶽さん
1,1595,em-a14b58fbc4fa,うるっしー,8,1000,400,5,guard,0.2608,0.4514,93,7,8,いいえ,うるっしー / 北間・クラリス嬢 / サルパちゃん / ????? / 御嶽さん
1,1596,em-4bde1481e932,黒電話おぅぼっと,9,1000,400,4,damage_reduction,0.2607,0.4444,100,0,8,いいえ,黒電話おぅぼっと / えかちぇたん / ????? / ブハラ師匠 / 伝説のWoo怪
1,1597,em-3e85387d97e5,荒ぶるこんにゃく,7,486,484,8,guard,0.2601,0.4444,100,0,7,いいえ,荒ぶるこんにゃく / 北間・クラリス嬢 / サルパちゃん / みどりのたけしマン / 御嶽さん
1,1598,em-3850dfa89114,流浪の騎士,7,510,470,9,attribute_guard,0.2597,0.4444,100,0,7,いいえ,流浪の騎士 / 北間・クラリス嬢 / サルパちゃん / みどりのたけしマン / 御嶽さん
1,1599,em-609b9d122d32,ネオむりょく,6,168,149,6,guard,0.2585,0.4653,99,1,7,いいえ,ネオむりょく / 北間・クラリス嬢 / サルパちゃん / みどりのたけしマン / 御嶽さん
1,1600,em-4eb01150430f,ミス・エズさん,9,1100,300,4,attribute_guard,0.2581,0.4444,100,0,8,いいえ,ミス・エズさん / えかちぇたん / ????? / ブハラ師匠 / 伝説のWoo怪
1,1601,em-d0ce0f8b817c,あまのさんちゃん,17,600,300,4,multi_hit_attack,0.2575,0.4514,94,6,7,いいえ,あまのさんちゃん / カルボ姉（ねえ） / ????? / ブハラ師匠 / ハリウッドナナコ師匠
1,1602,em-0a88e828f44f,あずま京子,7,500,500,4,damage_reduction,0.2572,0.4375,94,6,7,いいえ,あずま京子 / えかちぇたん / 愛のぴよ子 / みどりのたけしマン / 御嶽さん
1,1603,em-b827590fe52d,芹沢くん,7,500,500,4,guard,0.2572,0.4375,94,6,7,いいえ,芹沢くん / えかちぇたん / 愛のぴよ子 / みどりのたけしマン / 御嶽さん
1,1604,em-b06129e327ac,ケンＺＯ３号,6,300,680,5,attack_buff,0.2558,0.4375,90,10,8,いいえ,ケンＺＯ３号 / えかちぇたん / ????? / ブハラ師匠 / ハリウッドナナコ師匠
1,1605,em-2a715d5b73f6,白水師匠,12,780,820,6,aoe_attack,0.2555,0.4306,96,4,7,いいえ,白水師匠 / えかちぇたん / ????? / ブハラ師匠 / ハリウッドナナコ師匠
1,1606,em-f14c0a7296cf,コーベリアル伯爵,7,500,480,2,attribute_guard,0.2541,0.4306,100,0,7,いいえ,コーベリアル伯爵 / 北間・クラリス嬢 / サルパちゃん / みどりのたけしマン / 御嶽さん
1,1607,em-564e1dfe9c75,コニーちゃん,3,300,300,4,damage_reduction,0.2533,0.4444,81,19,7,いいえ,コニーちゃん / ペーチパイセン / ????? / ブハラ師匠 / 巨大カンテツ
1,1608,em-b08be1a4ca3f,中央アルプスの少女,6,500,300,3,damage_reduction,0.2521,0.4375,94,6,7,いいえ,中央アルプスの少女 / 夏至祭のヴァサクサ君 / すわ子isGOD！ / 御嶽さん / シミ
1,1609,em-7c5fdd7af70d,覚醒むりょく,6,198,89,3,multi_hit_attack,0.2518,0.4583,100,0,8,いいえ,覚醒むりょく / えかちぇたん / ????? / ブハラ師匠 / 巨大カンテツ
1,1610,em-79dd6c0e027e,ロックなじとっ子君,6,365,585,5,attack_buff,0.2513,0.4375,96,4,8,いいえ,ロックなじとっ子君 / カルボ姉（ねえ） / アウス大先輩 / 家族贖罪という字面 / 巨大カンテツ
1,1611,em-b080511b902a,かずらちゃん,3,350,500,2,guard,0.2513,0.4306,81,19,7,いいえ,かずらちゃん / ペーチパイセン / ????? / ブハラ師匠 / 巨大カンテツ
1,1612,em-3604a59c8292,囃せ！どんちっちん,12,1000,700,7,aoe_attack,0.2513,0.4306,100,0,7,いいえ,囃せ！どんちっちん / キタマクラさん / サルパちゃん / ????? / 八狗神伏姫様
1,1613,em-62efa937d743,素敵なびわ子たん,7,500,480,4,damage_reduction,0.2511,0.4306,94,6,7,いいえ,素敵なびわ子たん / えかちぇたん / 愛のぴよ子 / みどりのたけしマン / 御嶽さん
1,1614,em-0481f6c14fd9,関先輩,7,475,475,4,guard,0.2507,0.4306,94,6,7,いいえ,関先輩 / えかちぇたん / 愛のぴよ子 / みどりのたけしマン / 御嶽さん
1,1615,em-bfd568eb94ea,ベッピーさん,12,712,692,5,attack_buff,0.2499,0.4306,100,0,7,いいえ,ベッピーさん / キタマクラさん / サルパちゃん / ????? / 八狗神伏姫様
1,1616,em-794f6427298a,さいごー丼,8,830,476,3,attribute_guard,0.2497,0.4236,95,5,8,いいえ,さいごー丼 / えかちぇたん / 愛のぴよ子 / みどりのたけしマン / 御嶽さん
1,1617,em-ae6876a278ca,白水先生,9,680,724,7,aoe_attack,0.2486,0.4236,93,7,7,いいえ,白水先生 / えかちぇたん / ????? / ブハラ師匠 / ハリウッドナナコ師匠
1,1618,em-26ea85de7340,のり男先輩,7,534,446,3,attribute_guard,0.2485,0.4236,94,6,8,いいえ,のり男先輩 / えかちぇたん / ????? / ブハラ師匠 / 旧市街地の魔物
1,1619,em-1acdee18dc58,生きろ！モア蔵,7,1540,240,3,guard,0.2468,0.4167,100,0,7,いいえ,生きろ！モア蔵 / 北間・クラリス嬢 / サルパちゃん / みどりのたけしマン / 御嶽さん
1,1620,em-ec6b6491e6a3,ベッピー先生,15,808,792,5,attack_buff,0.2458,0.4167,99,1,7,いいえ,ベッピー先生 / えかちぇたん / ????? / ブハラ師匠 / ハリウッドナナコ師匠
1,1621,em-f7e845fc0a39,鎌倉式ＤＢ２,8,811,412,7,guard,0.2456,0.4236,93,7,8,いいえ,鎌倉式ＤＢ２ / 北間・クラリス嬢 / サルパちゃん / ????? / 御嶽さん
1,1622,em-1fcf0af60c7a,老舗の牛タソ,14,1000,150,3,guard,0.2453,0.4375,99,1,8,いいえ,老舗の牛タソ / 北間・クラリス嬢 / サルパちゃん / ????? / 御嶽さん
1,1623,em-09c253fd0a61,オリバーTHEドッグ,5,200,500,3,attack_buff,0.2446,0.4236,89,11,8,いいえ,オリバーTHEドッグ / えかちぇたん / ????? / ブハラ師匠 / ハリウッドナナコ師匠
1,1624,em-ae6ea6bc1914,ズースくん,3,500,400,4,attack_buff,0.2431,0.4167,87,13,7,いいえ,ズースくん / 北間・クララさん / トマティーナ少佐 / みどりのたけしマン / 八狗神伏姫様
1,1625,em-bbcbbb9fef0a,こっちの大谷,6,1000,100,3,damage_reduction,0.2422,0.4306,99,1,7,いいえ,こっちの大谷 / 北間・クラリス嬢 / サルパちゃん / みどりのたけしマン / 御嶽さん
1,1626,em-5c3bfcbbd109,ネギさん,80,4260,4260,500,attack_buff,0.2419,0.2986,100,0,4,いいえ,ネギさん / ペーチパイセン / ウナギーヌくん / デンマーくん二世 / 魚堅くん
1,1627,em-4a86c88e71a1,デンマーくん,3,600,300,3,guard,0.2417,0.4236,81,19,7,いいえ,デンマーくん / ペーチパイセン / ????? / ブハラ師匠 / 巨大カンテツ
1,1628,em-95d137a7328a,バス・スミスくん,6,900,200,5,attribute_guard,0.2413,0.4236,99,1,7,いいえ,バス・スミスくん / 北間・クラリス嬢 / サルパちゃん / みどりのたけしマン / 御嶽さん
1,1629,em-b4d695a20bfa,ハズク姉さん,12,700,600,7,multi_hit_attack,0.2413,0.4236,100,0,7,いいえ,ハズク姉さん / キタマクラさん / サルパちゃん / ????? / 八狗神伏姫様
1,1630,em-6197bad49878,水島神人,6,700,300,5,guard,0.2379,0.4167,99,1,7,いいえ,水島神人 / 北間・クラリス嬢 / サルパちゃん / みどりのたけしマン / 御嶽さん
1,1631,em-2e5137a70580,やまとーる君,6,600,300,7,damage_reduction,0.2363,0.4167,99,1,7,いいえ,やまとーる君 / 北間・クラリス嬢 / サルパちゃん / みどりのたけしマン / 御嶽さん
1,1632,em-0ee8cd6c9dab,黄金時代！K・ワンダー,60,3,3,1,multi_hit_attack,0.2356,0.4444,100,0,7,いいえ,黄金時代！K・ワンダー / カルボ姉（ねえ） / 試作型おこしん / トキシッくんｵｯｽｵｯｽ / ハリウッドナナコ師匠
1,1633,em-6572f5492885,ネオニート,6,330,306,6,attribute_guard,0.2345,0.4167,99,1,7,いいえ,ネオニート / 北間・クラリス嬢 / サルパちゃん / みどりのたけしマン / 御嶽さん
1,1634,em-1555cadff0cf,おぅぼっと,6,800,300,4,damage_reduction,0.2343,0.4097,99,1,7,いいえ,おぅぼっと / 北間・クラリス嬢 / サルパちゃん / みどりのたけしマン / 御嶽さん
1,1635,em-357d76cd5b69,のり男さん,5,424,356,3,attribute_guard,0.2342,0.4097,98,2,7,いいえ,のり男さん / 北間・クラリス嬢 / サルパちゃん / みどりのたけしマン / 御嶽さん
1,1636,em-54897d4f731d,ケンＺＯ２号,5,200,580,5,attack_buff,0.2338,0.4097,89,11,8,いいえ,ケンＺＯ２号 / えかちぇたん / ????? / ブハラ師匠 / ハリウッドナナコ師匠
1,1637,em-1d5e8b5832c0,続・いぬやマン,12,400,400,7,attack_buff,0.2335,0.4167,100,0,7,いいえ,続・いぬやマン / キタマクラさん / サルパちゃん / ????? / 八狗神伏姫様
1,1638,em-c7088988ea18,ガンギマリのメル先生,12,597,341,5,multi_hit_attack,0.2334,0.4167,100,0,7,いいえ,ガンギマリのメル先生 / キタマクラさん / サルパちゃん / ????? / 八狗神伏姫様
1,1639,em-f7612fbdd637,大森さん,3,1000,100,5,damage_reduction,0.2333,0.4167,81,19,7,いいえ,大森さん / ペーチパイセン / ????? / ブハラ師匠 / 巨大カンテツ
1,1640,em-f7484444c08c,じとっ子君,5,285,495,5,attack_buff,0.2321,0.4097,89,11,8,いいえ,じとっ子君 / えかちぇたん / ????? / ブハラ師匠 / ハリウッドナナコ師匠
1,1641,em-3a3a23655699,とりころん・ぴー子,16,1200,300,7,attribute_change,0.2305,0.4097,97,3,7,いいえ,とりころん・ぴー子 / 北間・クラリス嬢 / トマティーナ少佐 / みどりのたけしマン / 御嶽さん
1,1642,em-5c8b9af61816,ぴっよコイン先生,60,1111,1111,12,damage_reduction,0.2286,0.375,93,7,7,いいえ,ぴっよコイン先生 / 北間・クラリス嬢 / 試作型おこしん / 愛のぴよ子 / 旧市街地の魔物
1,1643,em-cfa8f59c143b,いぬやマン再び,9,500,500,7,attack_buff,0.226,0.3958,93,7,7,いいえ,いぬやマン再び / えかちぇたん / ????? / ブハラ師匠 / ハリウッドナナコ師匠
1,1644,em-d64cb9cf5bb3,それマジカ,3,350,500,5,attribute_guard,0.2207,0.3819,89,11,7,いいえ,それマジカ / 夏至祭のヴァサクサ君 / トマティーナ少佐 / 御嶽さん / シミ
1,1645,em-0277eca3d9cf,ゆる神の像＆ピヨか？,60,426,511,3,guard,0.2166,0.3819,99,1,7,いいえ,ゆる神の像＆ピヨか？ / ペーチパイセン / トマティーナ少佐 / トキシッくんｵｯｽｵｯｽ / ハリウッドナナコ師匠
1,1646,em-0454ff15fbd8,米倉英夫(ゆる),55,1,1,55,attribute_change,0.1877,0.375,100,0,7,いいえ,米倉英夫(ゆる) / カルボ姉（ねえ） / 愛のぴよ子 / ɚすぃとあろま？ / おこしんMK-2
1,1647,em-7fe5a2875793,米倉英子(大学生),55,1,1,555,attack_buff,0.1607,0.3333,100,0,6,いいえ,米倉英子(大学生) / 北間・クラリス嬢 / すわ子isGOD！ / ɚすぃとあろま？ / ハリウッドナナコ師匠
1,1648,em-22f9d46fe6f4,ウサウサ八幡,88,10872,5964,6,skill_reduction,0,0,101,0,0,いいえ,
1,1649,em-5e67f5f55234,?????,88,10224,4941,5,attack_buff,0,0,101,0,0,いいえ,
1,1650,em-daac43f51729,四悪妖・鵺,88,9542,5964,1,attribute_change,0,0,101,0,0,いいえ,
1,1651,em-de301e40803c,どうしんフェス様,88,6816,4515,5,heal,0,0,101,0,0,いいえ,
1,1652,em-4d4a6386f8f8,九周年ぴよ子,99,6815,5111,5,guard,0,0,101,0,0,いいえ,
1,1653,em-0c2d5864e3da,グルグルなたまご,100,1,1,100,delay,0,0,101,0,0,いいえ,
1,1654,em-0c70f71e4c1a,ルナのたまご,100,1,1,999,attack_buff,0,0,101,0,0,いいえ,
1,1655,em-207f3b89da64,ピンギヌスのたまご,100,1,1,1,damage_reduction,0,0,101,0,0,いいえ,
1,1656,em-4ee2ea427154,タルタルなたまご,100,1,1,12,attribute_change,0,0,101,0,0,いいえ,
1,1657,em-53ece7a43871,キステチスのたまご,100,1,1,40,guard,0,0,101,0,0,いいえ,
1,1658,em-6eed78e1fe62,リア充の権化安倍晴明,100,6782,6271,3,heal,0,0,101,0,0,いいえ,
1,1659,em-a85045965911,まさか殿(マジ),100,7463,6628,3,attack_buff,0,0,101,0,0,いいえ,
1,1660,em-f33de53ee597,遊無給(ニート)な小町,100,7327,5623,3,attack_buff,0,0,101,0,0,いいえ,
2,1,em-7a8f08b97855,カルボ姉（ねえ）,18,3792,2556,1,multi_hit_attack,0.5563,0.6597,98,2,8,いいえ,日本海女中 / カルボ姉（ねえ） / 愛のぴよ子 / みどりのたけしマン / 八狗神伏姫様
2,2,em-6d8ed6eb36b3,えかちぇたん,25,4260,2385,1,multi_hit_attack,0.5483,0.625,96,4,8,いいえ,日本海女中 / えかちぇたん / ????? / オペラハウス侯爵 / 聖えぇじゃないか
2,3,em-d518108f13e3,トランシルヴァニア家族,45,5350,6059,2,multi_hit_attack,0.5331,0.625,97,3,8,いいえ,ハリウッドナナコ師匠 / トランシルヴァニア家族 / 超患部ぴよフェッサー / ????? / 聖えぇじゃないか
2,4,em-b78d9042e361,サルパちゃん,28,4362,3748,2,multi_hit_attack,0.5142,0.6181,95,5,8,いいえ,ハリウッドナナコ師匠 / サルパちゃん / 超患部ぴよフェッサー / ????? / 御嶽さん
2,5,em-cc5e3cfa7400,綺麗なソフィアさん,62,7157,1704,1,multi_hit_attack,0.5089,0.6042,100,0,7,いいえ,青玉の供犠ぴよ子 / 綺麗なソフィアさん / 試作型おこしん / 愛のぴよ子 / 聖えぇじゃないか
2,6,em-744815bd68e5,旋回のヘリコプリオン,75,8997,2675,2,aoe_attack,0.5008,0.6111,100,0,7,いいえ,ハリウッドナナコ師匠 / 旋回のヘリコプリオン / トキシッくんｵｯｽｵｯｽ / 旧市街地の魔物 / 大森さん
2,7,em-378e340695dc,スクナクナクナクス,50,6816,3408,2,aoe_attack,0.4937,0.6111,97,3,8,いいえ,????? / スクナクナクナクス / すわ子isGOD！ / トキシッくんｵｯｽｵｯｽ / ハリウッドナナコ師匠
2,8,em-437f98caf8e3,ぺた也君,35,4710,3006,1,multi_hit_attack,0.4888,0.5556,95,5,8,いいえ,青玉の供犠ぴよ子 / ぺた也君 / 愛のぴよ子 / ????? / 御嶽さん
2,9,em-89a1a863b8a0,ベファーナさん二千歳,46,7200,1874,1,multi_hit_attack,0.4874,0.5903,98,2,8,いいえ,ハリウッドナナコ師匠 / ベファーナさん二千歳 / 超患部ぴよフェッサー / ????? / 聖えぇじゃないか
2,10,em-c0b8a38b4040,鹿喰らいの狼マン,47,4771,3748,2,multi_hit_attack,0.4855,0.5833,87,13,8,いいえ,青玉の供犠ぴよ子 / 鹿喰らいの狼マン / 試作型おこしん / トキシッくんｵｯｽｵｯｽ / 聖えぇじゃないか
2,11,em-5266a394fb35,伊予・タウロス,60,4430,4941,2,multi_hit_attack,0.4805,0.5625,100,0,8,いいえ,青玉の供犠ぴよ子 / 伊予・タウロス / 試作型おこしん / トキシッくんｵｯｽｵｯｽ / 聖えぇじゃないか
2,12,em-cc181917eaeb,無双中な宗茂さん,60,6405,4941,2,aoe_attack,0.4784,0.5556,99,1,8,いいえ,ハリウッドナナコ師匠 / 無双中な宗茂さん / 試作型おこしん / トキシッくんｵｯｽｵｯｽ / 聖えぇじゃないか
2,13,em-9413da55b7e0,ヤマピカリャーコ,47,4515,5095,2,multi_hit_attack,0.4752,0.5556,99,1,8,いいえ,ハリウッドナナコ師匠 / ヤマピカリャーコ / 超患部ぴよフェッサー / ????? / 聖えぇじゃないか
2,14,em-dba7b79429bc,サルパ王＆女王,60,5453,3748,2,multi_hit_attack,0.4733,0.5625,100,0,8,いいえ,青玉の供犠ぴよ子 / サルパ王＆女王 / 試作型おこしん / トキシッくんｵｯｽｵｯｽ / 聖えぇじゃないか
2,15,em-825d090d7d15,比保々田 真純,31,4601,3714,2,multi_hit_attack,0.4719,0.6528,98,2,8,いいえ,ハリウッドナナコ師匠 / 比保々田 真純 / 超患部ぴよフェッサー / ????? / 御嶽さん
2,16,em-8f7b014ebd06,すわ子isGOD！,18,2254,2737,2,multi_hit_attack,0.4707,0.5833,93,7,8,いいえ,ハリウッドナナコ師匠 / すわ子isGOD！ / 超患部ぴよフェッサー / みどりのたけしマン / 御嶽さん
2,17,em-4b24f34b41a1,レジェント・八郎ニキ,42,4941,852,1,multi_hit_attack,0.4702,0.5972,82,18,8,いいえ,青玉の供犠ぴよ子 / レジェント・八郎ニキ / 試作型おこしん / トキシッくんｵｯｽｵｯｽ / 聖えぇじゃないか
2,18,em-2b266990d35f,エトナさん・ＦＸ,50,5673,2130,1,aoe_attack,0.4698,0.5694,94,6,8,いいえ,ハリウッドナナコ師匠 / エトナさん・ＦＸ / 超患部ぴよフェッサー / ɚすぃとあろま？ / 伝説のWoo怪
2,19,em-e15fbf6ecd0c,シャーロック&エッジュ,41,4260,5112,2,skill_reduction,0.4678,0.5694,86,14,7,いいえ,日本海女中 / シャーロック&エッジュ / 試作型おこしん / トキシッくんｵｯｽｵｯｽ / 端午ぴよ子
2,20,em-bb22778026f9,吸血さん,43,6645,2839,1,attribute_guard,0.464,0.6736,100,0,8,いいえ,日本海女中 / 吸血さん / サルパちゃん / トキシッくんｵｯｽｵｯｽ / ハリウッドナナコ師匠
2,21,em-474d7b7d3bbe,イチャン～(から),26,3606,2850,2,aoe_attack,0.464,0.5833,94,6,8,いいえ,有砂小町 / イチャン～(から) / 試作型おこしん / 愛のぴよ子 / 端午ぴよ子
2,22,em-a818769b8b91,田島の春,44,1618,5112,2,multi_hit_attack,0.4631,0.5486,96,4,8,いいえ,ハリウッドナナコ師匠 / 田島の春 / 超患部ぴよフェッサー / ????? / 聖えぇじゃないか
2,23,em-5b1667b398d0,?????,46,4430,5112,2,multi_hit_attack,0.4581,0.5556,86,14,8,いいえ,青玉の供犠ぴよ子 / ????? / 試作型おこしん / トキシッくんｵｯｽｵｯｽ / 聖えぇじゃないか
2,24,em-237ca774c5e5,ルナプリ☆かぐや様,66,8861,1584,1,aoe_attack,0.4562,0.5347,100,0,7,いいえ,ハリウッドナナコ師匠 / ルナプリ☆かぐや様 / 試作型おこしん / トキシッくんｵｯｽｵｯｽ / 伝説のWoo怪
2,25,em-814151a5ca65,登別ッキー,35,2556,6134,2,skill_reduction,0.4545,0.5556,92,8,8,いいえ,試作型おこしん / 登別ッキー / サルパちゃん / トキシッくんｵｯｽｵｯｽ / 伝説のWoo怪
2,26,em-d09d2f80d34e,トマティーナ少佐,16,3748,2130,2,multi_hit_attack,0.4507,0.5625,90,10,8,いいえ,有砂小町 / トマティーナ少佐 / 試作型おこしん / トキシッくんｵｯｽｵｯｽ / 聖えぇじゃないか
2,27,em-258850fee1ca,時計塔の魔女娘,30,5523,1614,2,skill_reduction,0.449,0.5278,97,3,8,いいえ,ハリウッドナナコ師匠 / 時計塔の魔女娘 / 超患部ぴよフェッサー / ????? / 御嶽さん
2,28,em-2f152df51cdc,エトナさん,50,5673,1704,1,aoe_attack,0.4485,0.5278,99,1,8,いいえ,日本海女中 / エトナさん / 愛のぴよ子 / ????? / 速いぞサラマンダー！
2,29,em-6d3c1934f67c,エンパさんの夏,50,5623,4430,2,aoe_attack,0.448,0.5486,100,0,8,いいえ,タキシラ師匠 / エンパさんの夏 / トマティーナ少佐 / みどりのたけしマン / ハリウッドナナコ師匠
2,30,em-6262a008b5c9,脱力コンビあろま＆るる,38,3067,5623,2,skill_reduction,0.4476,0.5278,98,2,8,いいえ,青玉の供犠ぴよ子 / 脱力コンビあろま＆るる / 愛のぴよ子 / ????? / 御嶽さん
2,31,em-0fd17c65da62,大患部！ぴよ子大佐,18,2415,2861,2,multi_hit_attack,0.4458,0.5764,98,2,8,いいえ,日本海女中 / 大患部！ぴよ子大佐 / 愛のぴよ子 / みどりのたけしマン / 八狗神伏姫様
2,32,em-14cb05f591ca,牛鬼だうわーっ！,45,3919,2556,2,multi_hit_attack,0.4456,0.5347,97,3,8,いいえ,ハリウッドナナコ師匠 / 牛鬼だうわーっ！ / 超患部ぴよフェッサー / ????? / 聖えぇじゃないか
2,33,em-480a0eef6d7b,ピカリャー射的ｽﾀｲﾙ,45,3786,3786,2,aoe_attack,0.4437,0.5347,97,3,8,いいえ,ハリウッドナナコ師匠 / ピカリャー射的ｽﾀｲﾙ / 超患部ぴよフェッサー / ????? / 聖えぇじゃないか
2,34,em-7e81ebc98ef9,稼働！K-MEN,57,6475,3067,1,guard,0.4426,0.6111,100,0,8,いいえ,青玉の供犠ぴよ子 / 稼働！K-MEN / トマティーナ少佐 / トキシッくんｵｯｽｵｯｽ / 伝説のWoo怪
2,35,em-af9542637cdd,群れを成すサルパ,28,5453,756,2,multi_hit_attack,0.44,0.625,95,5,8,いいえ,ハリウッドナナコ師匠 / 群れを成すサルパ / 超患部ぴよフェッサー / ????? / 御嶽さん
2,36,em-13a4725c1c03,砂のんべぇ,20,3220,1288,1,multi_hit_attack,0.4399,0.5833,100,0,8,いいえ,タキシラ師匠 / 砂のんべぇ / トマティーナ少佐 / みどりのたけしマン / 八狗神伏姫様
2,37,em-85946f26dcf5,鉄人！ガヨーマルト,18,3381,1610,1,attribute_change,0.4374,0.6806,95,5,8,いいえ,日本海女中 / 鉄人！ガヨーマルト / 愛のぴよ子 / みどりのたけしマン / 御嶽さん
2,38,em-68c38b69771b,ぱんつぁーぴよ子,28,4412,3287,1,attribute_guard,0.4355,0.6667,95,5,8,いいえ,日本海女中 / ぱんつぁーぴよ子 / トマティーナ少佐 / オペラハウス侯爵 / 伝説のWoo怪
2,39,em-690b5b221287,メルクさん,17,2114,1812,2,aoe_attack,0.4352,0.6042,92,8,8,いいえ,ハリウッドナナコ師匠 / メルクさん / 超患部ぴよフェッサー / みどりのたけしマン / 御嶽さん
2,40,em-3e2d46063b3e,なっとくん様,70,8026,4618,1,skill_reduction,0.4344,0.4514,100,0,7,いいえ,試作型おこしん / なっとくん様 / トキシッくんｵｯｽｵｯｽ / 旧市街地の魔物 / ウシュか☆丸か
2,41,em-433922ef3e4e,夏至祭のぺた也君,53,7266,2153,2,skill_reduction,0.4309,0.4931,98,2,8,いいえ,愛のぴよ子 / 夏至祭のぺた也君 / ????? / クェーサルと仲間たち / ハリウッドナナコ師匠
2,42,em-690a803a0c00,タッターさん,47,4089,2222,2,multi_hit_attack,0.4262,0.5556,99,1,8,いいえ,ハリウッドナナコ師匠 / タッターさん / 超患部ぴよフェッサー / ????? / 聖えぇじゃないか
2,43,em-d5ed773d56cd,夏至祭のヴァサクサ君,18,3976,2156,2,skill_reduction,0.4261,0.5139,100,0,8,いいえ,????? / 夏至祭のヴァサクサ君 / サルパちゃん / 愛のぴよ子 / 御嶽さん
2,44,em-2f36c9341591,☆龍神☆尊氏様,85,9372,5623,2,multi_hit_attack,0.4257,0.4514,100,0,4,いいえ,猫キャット / ☆龍神☆尊氏様 / エビユルゲ大佐 / ズースくん / 魚堅くん
2,45,em-30e2f325f3af,尾索戦隊ｻﾙﾊﾟﾝｼﾞｬｰ,28,4907,1022,2,multi_hit_attack,0.4223,0.5764,95,5,8,いいえ,ハリウッドナナコ師匠 / 尾索戦隊ｻﾙﾊﾟﾝｼﾞｬｰ / 超患部ぴよフェッサー / ????? / 御嶽さん
2,46,em-a3563f41a151,ラクダンデス隊長,38,4941,3578,2,guard,0.4212,0.6458,100,0,8,いいえ,ハリウッドナナコ師匠 / ラクダンデス隊長 / トマティーナ少佐 / トキシッくんｵｯｽｵｯｽ / 御嶽さん
2,47,em-4c2a43ecd770,ナンマトル君,14,2115,2115,2,skill_reduction,0.4203,0.5625,100,0,8,いいえ,ダリア・宮子・9 / ナンマトル君 / 試作型おこしん / クェーサルと仲間たち / 美才能♪かの子さん
2,48,em-3488d6542112,クロゴキ,65,6134,2113,2,multi_hit_attack,0.4198,0.5,100,0,8,いいえ,青玉の供犠ぴよ子 / クロゴキ / 試作型おこしん / トキシッくんｵｯｽｵｯｽ / 伝説のWoo怪
2,49,em-814e01d05463,非伝説の潮真,60,7535,2423,1,attribute_guard,0.4179,0.5903,98,2,6,いいえ,青玉の供犠ぴよ子 / 非伝説の潮真 / すわ子isGOD！ / トキシッくんｵｯｽｵｯｽ / ハリウッドナナコ師匠
2,50,em-08c96cb40803,ノローニャ・パイセン,43,5964,3410,1,attack_buff,0.4177,0.5972,90,10,8,いいえ,????? / ノローニャ・パイセン / すわ子isGOD！ / トキシッくんｵｯｽｵｯｽ / ハリウッドナナコ師匠
2,51,em-5cd1890be20b,イーネちゃんの舟屋,41,3748,4771,1,guard,0.4161,0.5486,97,3,7,いいえ,タキシラ師匠 / イーネちゃんの舟屋 / すわ子isGOD！ / ????? / 聖えぇじゃないか
2,52,em-845ebf2f059a,うどんの女神,39,4771,2385,2,multi_hit_attack,0.4153,0.5278,99,1,8,いいえ,青玉の供犠ぴよ子 / うどんの女神 / 愛のぴよ子 / ????? / 御嶽さん
2,53,em-6ceef8f285a4,可愛馬！真純ちゃん,41,5964,4566,2,multi_hit_attack,0.415,0.5556,100,0,7,いいえ,ハリウッドナナコ師匠 / 可愛馬！真純ちゃん / 愛のぴよ子 / ????? / 御嶽さん
2,54,em-682cda3863fb,脱力コンビあろま＆るる,48,3067,5623,2,skill_reduction,0.414,0.5139,96,4,8,いいえ,日本海女中 / 脱力コンビあろま＆るる / トキシッくんｵｯｽｵｯｽ / ɚすぃとあろま？ / 伝説のWoo怪
2,55,em-cd52b65347bc,フローラさま,75,11161,3408,1,attack_buff,0.4129,0.625,100,0,8,いいえ,ハリウッドナナコ師匠 / フローラさま / トキシッくんｵｯｽｵｯｽ / おこしんMK-2 / 大森さん
2,56,em-d08c9e36ef51,地獄雀！阿蘇さん,17,3413,2061,1,attribute_guard,0.4127,0.625,100,0,8,いいえ,有砂小町 / 地獄雀！阿蘇さん / すわ子isGOD！ / 愛のぴよ子 / 美才能♪かの子さん
2,57,em-d67f8f409078,芋神よしあき,31,4130,2753,2,multi_hit_attack,0.4122,0.5694,98,2,8,いいえ,ハリウッドナナコ師匠 / 芋神よしあき / 超患部ぴよフェッサー / ????? / 御嶽さん
2,58,em-898fce321115,にゅー師匠,22,1610,4186,1,guard,0.4113,0.5833,99,1,8,いいえ,日本海女中 / にゅー師匠 / 愛のぴよ子 / みどりのたけしマン / 御嶽さん
2,59,em-dfbe69861ff7,餅もちにくぁうさん,36,3449,3789,1,damage_reduction,0.4111,0.6111,100,0,8,いいえ,ハリウッドナナコ師匠 / 餅もちにくぁうさん / すわ子isGOD！ / トキシッくんｵｯｽｵｯｽ / 御嶽さん
2,60,em-53fae101e208,水海　月,34,3288,4260,1,attribute_guard,0.4109,0.5903,98,2,8,いいえ,ハリウッドナナコ師匠 / 水海　月 / すわ子isGOD！ / トキシッくんｵｯｽｵｯｽ / 御嶽さん
2,61,em-59dbe02c39e1,吸血くん,18,1757,3067,1,attribute_guard,0.4101,0.6528,99,1,8,いいえ,ダリア・宮子・9 / 吸血くん / トマティーナ少佐 / クェーサルと仲間たち / ハリウッドナナコ師匠
2,62,em-3e7e7e54a83d,妖精女王ミカーンニア,45,3408,4771,2,skill_reduction,0.4094,0.5139,89,11,8,いいえ,日本海女中 / 妖精女王ミカーンニア / 試作型おこしん / トキシッくんｵｯｽｵｯｽ / 伝説のWoo怪
2,63,em-7688ea925e5e,瑠璃ノ宮,27,3408,2726,1,damage_reduction,0.4092,0.6181,96,4,8,いいえ,日本海女中 / 瑠璃ノ宮 / 愛のぴよ子 / ????? / 御嶽さん
2,64,em-94a55ee81090,瑠璃の君,27,3067,2453,1,damage_reduction,0.409,0.6319,96,4,8,いいえ,日本海女中 / 瑠璃の君 / 愛のぴよ子 / ????? / 御嶽さん
2,65,em-b2d6a846bb36,哀哭のオオウミガラス,75,9713,4941,2,damage_reduction,0.4089,0.5764,100,0,7,いいえ,ハリウッドナナコ師匠 / 哀哭のオオウミガラス / トキシッくんｵｯｽｵｯｽ / おこしんMK-2 / 大森さん
2,66,em-0e9d90fcbf69,テオティワちーちゃん,66,11928,149,1,multi_hit_attack,0.4087,0.5556,100,0,8,いいえ,ハリウッドナナコ師匠 / テオティワちーちゃん / 試作型おこしん / トキシッくんｵｯｽｵｯｽ / 伝説のWoo怪
2,67,em-28c6b952551d,海の昇竜貫,33,4601,3408,2,attack_buff,0.4077,0.6458,100,0,8,いいえ,ハリウッドナナコ師匠 / 海の昇竜貫 / 超患部ぴよフェッサー / ????? / 御嶽さん
2,68,em-6ff1562355a9,ファジル先生,12,2256,1128,2,multi_hit_attack,0.4073,0.5903,86,14,8,いいえ,有砂小町 / ファジル先生 / 試作型おこしん / トキシッくんｵｯｽｵｯｽ / 聖えぇじゃないか
2,69,em-3c7a40d5b751,宇和島マタドーるん,19,2737,3059,1,damage_reduction,0.4067,0.6319,96,4,8,いいえ,日本海女中 / 宇和島マタドーるん / 愛のぴよ子 / みどりのたけしマン / 御嶽さん
2,70,em-ca249600bce3,アレス暮らし,24,2737,1932,1,attack_buff,0.4036,0.6181,99,1,8,いいえ,ハリウッドナナコ師匠 / アレス暮らし / 超患部ぴよフェッサー / みどりのたけしマン / 御嶽さん
2,71,em-fef48f3b2f9e,まん丸！シャーミー君,28,3800,3237,1,attack_buff,0.4019,0.6389,95,5,8,いいえ,ハリウッドナナコ師匠 / まん丸！シャーミー君 / 超患部ぴよフェッサー / ????? / 御嶽さん
2,72,em-563e34211286,大抵カールのせい,50,4686,5112,1,damage_reduction,0.4016,0.5694,97,3,8,いいえ,日本海女中 / 大抵カールのせい / すわ子isGOD！ / トキシッくんｵｯｽｵｯｽ / ハリウッドナナコ師匠
2,73,em-d7873747b412,藤のフヒッティ,75,10735,3578,1,damage_reduction,0.4011,0.5069,99,1,7,いいえ,青玉の供犠ぴよ子 / 藤のフヒッティ / 愛のぴよ子 / 旧市街地の魔物 / 大森さん
2,74,em-8d38e9c3aa92,オルカアタッカー虎子,70,9202,6134,1,attack_buff,0.3998,0.5903,100,0,7,いいえ,試作型おこしん / オルカアタッカー虎子 / トキシッくんｵｯｽｵｯｽ / ブラジリアン首都術 / ハリウッドナナコ師匠
2,75,em-712f122e2051,オロモ君は欝気味,17,1536,2684,1,guard,0.3963,0.5833,94,6,8,いいえ,日本海女中 / オロモ君は欝気味 / 愛のぴよ子 / みどりのたけしマン / 御嶽さん
2,76,em-8b710fe84fda,モチノ・ウオ丸,32,3902,3254,1,attack_buff,0.3938,0.5972,99,1,8,いいえ,ハリウッドナナコ師匠 / モチノ・ウオ丸 / 超患部ぴよフェッサー / ????? / 御嶽さん
2,77,em-95e1d74be5b6,Ｈ・Ｆ・ウーマン,47,6305,3748,2,guard,0.3938,0.5694,90,10,7,いいえ,ハリウッドナナコ師匠 / Ｈ・Ｆ・ウーマン / トマティーナ少佐 / トキシッくんｵｯｽｵｯｽ / 端午ぴよ子
2,78,em-c1c986f4f89a,爆誕！ももたろす,62,4260,5964,1,attribute_change,0.3937,0.6042,100,0,7,いいえ,試作型おこしん / 爆誕！ももたろす / トマティーナ少佐 / トキシッくんｵｯｽｵｯｽ / ハリウッドナナコ師匠
2,79,em-679b3b1b58a8,シャフとリサブス,25,2944,3548,1,heal,0.393,0.5972,95,5,8,いいえ,ハリウッドナナコ師匠 / シャフとリサブス / すわ子isGOD！ / ????? / 御嶽さん
2,80,em-55828eea72b7,スーリヤ大先輩,48,5360,1951,2,aoe_attack,0.3919,0.4931,100,0,8,いいえ,ハリウッドナナコ師匠 / スーリヤ大先輩 / 超患部ぴよフェッサー / ????? / 聖えぇじゃないか
2,81,em-47c29240fd33,大晦日のネギそば給仕少女,40,3834,3834,2,guard,0.3908,0.5972,100,0,8,いいえ,青玉の供犠ぴよ子 / 大晦日のネギそば給仕少女 / 愛のぴよ子 / ????? / 御嶽さん
2,82,em-d65d8f8b3d2e,エズ in スミス,20,3542,1771,1,attribute_guard,0.3904,0.5486,100,0,8,いいえ,有砂小町 / エズ in スミス / トマティーナ少佐 / 愛のぴよ子 / 聖えぇじゃないか
2,83,em-8d766096773e,おんじとゆかいな子供達,36,5316,1704,1,damage_reduction,0.3895,0.5903,100,0,8,いいえ,ハリウッドナナコ師匠 / おんじとゆかいな子供達 / すわ子isGOD！ / トキシッくんｵｯｽｵｯｽ / 御嶽さん
2,84,em-dec390a52ee6,英国ストヘン技師,70,8861,4260,2,damage_reduction,0.3881,0.5625,100,0,7,いいえ,ハリウッドナナコ師匠 / 英国ストヘン技師 / トキシッくんｵｯｽｵｯｽ / ブラジリアン首都術 / 旧市街地の魔物
2,85,em-8765daafca7a,トマティーナ中佐,40,3748,2130,2,multi_hit_attack,0.3872,0.4792,100,0,8,いいえ,青玉の供犠ぴよ子 / トマティーナ中佐 / 愛のぴよ子 / ????? / 御嶽さん
2,86,em-c545b5a51997,トリニダの怪人,13,4077,1057,2,skill_reduction,0.3854,0.4861,93,7,8,いいえ,ハリウッドナナコ師匠 / トリニダの怪人 / サルパちゃん / ????? / 御嶽さん
2,87,em-ec43e91715ed,大谷雪之ちゃん,13,3171,604,2,damage_reduction,0.3848,0.6181,93,7,8,いいえ,有砂小町 / 大谷雪之ちゃん / すわ子isGOD！ / トキシッくんｵｯｽｵｯｽ / 端午ぴよ子
2,88,em-106b8d6fe4c5,ドヤ顔の女帝瑠璃,60,4430,4089,1,damage_reduction,0.3837,0.5694,98,2,6,いいえ,青玉の供犠ぴよ子 / ドヤ顔の女帝瑠璃 / すわ子isGOD！ / トキシッくんｵｯｽｵｯｽ / ハリウッドナナコ師匠
2,89,em-b9b869c15b9f,ルリマダラー,15,3786,378,2,attribute_guard,0.3833,0.6319,100,0,8,いいえ,有砂小町 / ルリマダラー / すわ子isGOD！ / トキシッくんｵｯｽｵｯｽ / 美才能♪かの子さん
2,90,em-86926ff7d06c,満喫♪新年にくぁう,24,2085,3449,1,damage_reduction,0.3832,0.5972,93,7,7,いいえ,日本海女中 / 満喫♪新年にくぁう / 愛のぴよ子 / ????? / 御嶽さん
2,91,em-ab3947962bd3,姫騎士なコンクさん,60,4856,3237,1,damage_reduction,0.3831,0.5347,98,2,6,いいえ,青玉の供犠ぴよ子 / 姫騎士なコンクさん / すわ子isGOD！ / トキシッくんｵｯｽｵｯｽ / ハリウッドナナコ師匠
2,92,em-9974d2b554c4,ｼｬﾐｯ子！シャーミー君,36,4652,3919,1,attack_buff,0.3813,0.5972,97,3,8,いいえ,ハリウッドナナコ師匠 / ｼｬﾐｯ子！シャーミー君 / トキシッくんｵｯｽｵｯｽ / ????? / 御嶽さん
2,93,em-d77542ffe604,?????,42,6475,3067,2,attack_buff,0.3806,0.6181,89,11,8,いいえ,????? / ????? / すわ子isGOD！ / トキシッくんｵｯｽｵｯｽ / ハリウッドナナコ師匠
2,94,em-bdcce3725e8b,修験鬼ギュウちゃん,85,9372,5453,1,damage_reduction,0.3805,0.5139,100,0,4,いいえ,魚堅くん / 修験鬼ギュウちゃん / 覚醒ニート / デンマーくん / あろまちゃん
2,95,em-10b41d0249c9,ホタル,40,4396,5163,1,attribute_change,0.3801,0.6042,100,0,8,いいえ,青玉の供犠ぴよ子 / ホタル / 愛のぴよ子 / ????? / 御嶽さん
2,96,em-ee43bce0e25f,vにゅーさん,51,3567,5271,1,damage_reduction,0.3798,0.5208,99,1,8,いいえ,青玉の供犠ぴよ子 / vにゅーさん / トマティーナ少佐 / トキシッくんｵｯｽｵｯｽ / 聖えぇじゃないか
2,97,em-9298dde558c4,超豹！ペパりんさん,30,2119,2545,2,delay,0.3796,0.5278,97,3,8,いいえ,ハリウッドナナコ師匠 / 超豹！ペパりんさん / 超患部ぴよフェッサー / ????? / 御嶽さん
2,98,em-f203cae3d671,ペーチパイセン,9,1974,1100,1,attack_buff,0.3793,0.5764,100,0,8,いいえ,ハリウッドナナコ師匠 / ペーチパイセン / ????? / ブハラ師匠 / 御嶽さん
2,99,em-cf3fd175f595,プチさんグロさん,27,2807,2895,2,aoe_attack,0.3791,0.625,94,6,8,いいえ,有砂小町 / プチさんグロさん / 試作型おこしん / 愛のぴよ子 / 伝説のWoo怪
2,100,em-53e02d48f02a,It’s a ちーちゃん,33,6816,149,2,multi_hit_attack,0.3791,0.5972,100,0,8,いいえ,ハリウッドナナコ師匠 / It’s a ちーちゃん / 超患部ぴよフェッサー / ????? / 御嶽さん
2,101,em-6d1e4c915f30,チートモードな楽趣味さん,48,5964,1278,1,multi_hit_attack,0.379,0.4444,88,12,8,いいえ,青玉の供犠ぴよ子 / チートモードな楽趣味さん / 試作型おこしん / トキシッくんｵｯｽｵｯｽ / 聖えぇじゃないか
2,102,em-629cc99564e0,帝王ヒルズ様,17,1867,3333,1,attack_buff,0.3789,0.6111,92,8,8,いいえ,ハリウッドナナコ師匠 / 帝王ヒルズ様 / 超患部ぴよフェッサー / みどりのたけしマン / 御嶽さん
2,103,em-c8ed16119cbe,ヴェルラの木こり,28,3014,3162,2,guard,0.3788,0.5903,95,5,8,いいえ,日本海女中 / ヴェルラの木こり / トマティーナ少佐 / オペラハウス侯爵 / 伝説のWoo怪
2,104,em-418076b2d218,イシマンガリソ先輩,42,5367,3067,1,attribute_guard,0.3782,0.5486,99,1,8,いいえ,日本海女中 / イシマンガリソ先輩 / サルパちゃん / トキシッくんｵｯｽｵｯｽ / ハリウッドナナコ師匠
2,105,em-4d47f8a702ed,モヘン女ダロぉ,47,3374,6202,1,damage_reduction,0.3773,0.5903,92,8,7,いいえ,日本海女中 / モヘン女ダロぉ / トマティーナ少佐 / トキシッくんｵｯｽｵｯｽ / ハリウッドナナコ師匠
2,106,em-ea05427d05f5,ナポレオーヌくん,32,3121,2603,1,attack_buff,0.3772,0.5972,99,1,8,いいえ,ハリウッドナナコ師匠 / ナポレオーヌくん / 超患部ぴよフェッサー / ????? / 御嶽さん
2,107,em-00734b7bf0e4,アパカ☆アイガー師匠,16,1551,2733,1,attack_buff,0.3766,0.6181,90,10,8,いいえ,有砂小町 / アパカ☆アイガー師匠 / 試作型おこしん / トキシッくんｵｯｽｵｯｽ / 聖えぇじゃないか
2,108,em-7f847f5ad505,電ドロ白鷺嬢,40,6816,2556,1,heal,0.3763,0.5903,99,1,8,いいえ,日本海女中 / 電ドロ白鷺嬢 / トマティーナ少佐 / みどりのたけしマン / ハリウッドナナコ師匠
2,109,em-17a8d3f2a8d3,牛迫 角子さん,31,3282,4260,1,attack_buff,0.3757,0.6042,98,2,8,いいえ,ハリウッドナナコ師匠 / 牛迫 角子さん / 超患部ぴよフェッサー / ????? / 御嶽さん
2,110,em-d9bd2d5de563,コンクちゃん,20,2556,1704,1,damage_reduction,0.3754,0.5764,100,0,8,いいえ,有砂小町 / コンクちゃん / トマティーナ少佐 / 愛のぴよ子 / 聖えぇじゃないか
2,111,em-cdd2ac5f0a12,クイーンなコンク様,44,3578,2385,1,damage_reduction,0.3744,0.5486,98,2,8,いいえ,日本海女中 / クイーンなコンク様 / 愛のぴよ子 / ????? / 聖えぇじゃないか
2,112,em-9667a89799b5,冬の双子姫,77,9628,4686,2,damage_reduction,0.3741,0.5417,100,0,6,いいえ,ハリウッドナナコ師匠 / 冬の双子姫 / ＢＥＷ雪玉 / 愛のぴよ子 / 大森さん
2,113,em-69c457dd7e6a,スミθ＆エð,13,3020,755,2,attribute_guard,0.3738,0.5972,93,7,8,いいえ,有砂小町 / スミθ＆エð / すわ子isGOD！ / トキシッくんｵｯｽｵｯｽ / 端午ぴよ子
2,114,em-b8168a7a90ca,大杉に願いを☆ミ,39,5129,3067,2,attribute_guard,0.3737,0.5764,99,1,7,いいえ,青玉の供犠ぴよ子 / 大杉に願いを☆ミ / 愛のぴよ子 / ????? / 御嶽さん
2,115,em-a11a3441fd8e,レンネルアルケニー,43,2896,3919,2,damage_reduction,0.3728,0.6181,100,0,8,いいえ,日本海女中 / レンネルアルケニー / サルパちゃん / トキシッくんｵｯｽｵｯｽ / ハリウッドナナコ師匠
2,116,em-7b7bc6faa9ba,パティは実況勢,41,5623,3352,2,damage_reduction,0.3717,0.5764,85,15,7,いいえ,青玉の供犠ぴよ子 / パティは実況勢 / トマティーナ少佐 / トキシッくんｵｯｽｵｯｽ / 端午ぴよ子
2,117,em-ad53908276ac,ピコ島ぴーこ,47,4007,5112,1,heal,0.3684,0.6111,100,0,7,いいえ,日本海女中 / ピコ島ぴーこ / すわ子isGOD！ / ????? / ハリウッドナナコ師匠
2,118,em-cf2619ce2878,俺っち氷河,28,3864,3222,2,attribute_change,0.3683,0.6111,97,3,8,いいえ,日本海女中 / 俺っち氷河 / 愛のぴよ子 / ????? / 御嶽さん
2,119,em-4f7f91fb4514,うどんの天使,42,3067,3748,1,attack_buff,0.3682,0.5417,95,5,8,いいえ,青玉の供犠ぴよ子 / うどんの天使 / 愛のぴよ子 / みどりのたけしマン / 聖えぇじゃないか
2,120,em-d1302899cad6,ナポレオーヌ一世,32,3512,2930,1,attack_buff,0.3675,0.5625,99,1,8,いいえ,ハリウッドナナコ師匠 / ナポレオーヌ一世 / 超患部ぴよフェッサー / ????? / 御嶽さん
2,121,em-edb254f0a679,カナちゃんのなごみ,41,5453,3408,2,heal,0.3666,0.6111,100,0,8,いいえ,日本海女中 / カナちゃんのなごみ / トマティーナ少佐 / みどりのたけしマン / ハリウッドナナコ師匠
2,122,em-99eb90e0260f,傾国の二条嬢,17,2656,2495,2,attribute_guard,0.3643,0.6111,100,0,8,いいえ,有砂小町 / 傾国の二条嬢 / すわ子isGOD！ / 愛のぴよ子 / 美才能♪かの子さん
2,123,em-048f5c5385db,Mr.バトラー,34,4771,3067,1,attribute_change,0.3643,0.5903,99,1,8,いいえ,ハリウッドナナコ師匠 / Mr.バトラー / トマティーナ少佐 / トキシッくんｵｯｽｵｯｽ / 八狗神伏姫様
2,124,em-663696ccf728,夏の一次幹,22,3408,2215,2,attack_buff,0.3642,0.5972,96,4,8,いいえ,有砂小町 / 夏の一次幹 / 試作型おこしん / トキシッくんｵｯｽｵｯｽ / 聖えぇじゃないか
2,125,em-1bcd64d199fb,ケロッとる☆キング,31,1533,5708,2,attribute_change,0.3633,0.6111,98,2,8,いいえ,ハリウッドナナコ師匠 / ケロッとる☆キング / 超患部ぴよフェッサー / ????? / 御嶽さん
2,126,em-cb9a138787d0,摩陀羅　潮真,27,7194,1741,2,attribute_guard,0.3629,0.5417,100,0,8,いいえ,青玉の供犠ぴよ子 / 摩陀羅　潮真 / サルパちゃん / 愛のぴよ子 / 御嶽さん
2,127,em-eb9cb098a2c1,加留多ヘナ造,18,2898,2737,2,damage_reduction,0.3624,0.5764,100,0,8,いいえ,有砂小町 / 加留多ヘナ造 / すわ子isGOD！ / 愛のぴよ子 / 聖えぇじゃないか
2,128,em-454ebee4a0cd,3人はフォニピュア,60,4941,3578,2,damage_reduction,0.3624,0.5625,98,2,6,いいえ,青玉の供犠ぴよ子 / 3人はフォニピュア / すわ子isGOD！ / トキシッくんｵｯｽｵｯｽ / ハリウッドナナコ師匠
2,129,em-52a11488ce9e,新・ウオ丸くん,60,4294,3578,1,attack_buff,0.3624,0.5347,98,2,8,いいえ,試作型おこしん / 新・ウオ丸くん / 愛のぴよ子 / クェーサルと仲間たち / ハリウッドナナコ師匠
2,130,em-225255ba2e90,華美なるミシュル嬢,22,3864,2524,1,heal,0.3621,0.5694,98,2,8,いいえ,ハリウッドナナコ師匠 / 華美なるミシュル嬢 / トマティーナ少佐 / みどりのたけしマン / 御嶽さん
2,131,em-e6496091dd0f,シャーミーくん,20,2948,2556,1,attack_buff,0.3617,0.5833,95,5,8,いいえ,ハリウッドナナコ師匠 / シャーミーくん / 超患部ぴよフェッサー / みどりのたけしマン / 御嶽さん
2,132,em-13a4b4b54b04,北間・クラリス嬢,10,3959,701,1,heal,0.3615,0.5556,98,2,8,いいえ,ハリウッドナナコ師匠 / 北間・クラリス嬢 / サルパちゃん / みどりのたけしマン / 御嶽さん
2,133,em-f76821f7daba,スライディング・ケベック,18,2532,1993,1,attack_buff,0.3611,0.5903,94,6,8,いいえ,有砂小町２ＰＣ / スライディング・ケベック / すわ子isGOD！ / トキシッくんｵｯｽｵｯｽ / 実はこんにゃくちゃん
2,134,em-361f82120d03,オイボくん,40,6645,2556,2,attack_buff,0.3601,0.5764,87,13,8,いいえ,????? / オイボくん / すわ子isGOD！ / トキシッくんｵｯｽｵｯｽ / ハリウッドナナコ師匠
2,135,em-84589d5b3594,コロちゃん,11,1551,1551,1,attack_buff,0.36,0.5556,98,2,8,いいえ,有砂小町 / コロちゃん / 愛のぴよ子 / みどりのたけしマン / 聖えぇじゃないか
2,136,em-562269adda28,ブルジョワジー下仁田,20,2265,2276,1,guard,0.36,0.5347,97,3,8,いいえ,日本海女中 / ブルジョワジー下仁田 / 愛のぴよ子 / みどりのたけしマン / 御嶽さん
2,137,em-37fd7478d2d8,壺風味の何か,16,2809,888,1,damage_reduction,0.3592,0.5625,93,7,8,いいえ,日本海女中 / 壺風味の何か / 愛のぴよ子 / みどりのたけしマン / 御嶽さん
2,138,em-3f58266f2bab,スカン・グ☆愛,12,2886,890,1,damage_reduction,0.3592,0.5625,100,0,7,いいえ,ハリウッドナナコ師匠 / スカン・グ☆愛 / サルパちゃん / みどりのたけしマン / 御嶽さん
2,139,em-f13a3baa139d,伝説のビスカやん！,9,1893,1241,2,skill_reduction,0.3592,0.4931,95,5,8,いいえ,ダリア・宮子・9 / 伝説のビスカやん！ / トマティーナ少佐 / みどりのたけしマン / ハリウッドナナコ師匠
2,140,em-f565b0314902,覚醒大氷怪・雪愛,37,4345,4515,1,attribute_change,0.359,0.5625,97,3,8,いいえ,青玉の供犠ぴよ子 / 覚醒大氷怪・雪愛 / 愛のぴよ子 / ????? / 御嶽さん
2,141,em-7b76cc31326e,迷走のヴァニ江,36,4379,2505,2,damage_reduction,0.3588,0.5764,92,8,8,いいえ,こうせえっつう女中 / 迷走のヴァニ江 / すわ子isGOD！ / トキシッくんｵｯｽｵｯｽ / 速いぞサラマンダー！
2,142,em-a7fc49aa8c73,広報担当：アッシュ,37,5112,3748,2,attribute_guard,0.3584,0.5486,99,1,8,いいえ,ハリウッドナナコ師匠 / 広報担当：アッシュ / トマティーナ少佐 / トキシッくんｵｯｽｵｯｽ / 御嶽さん
2,143,em-b0799e52d0a8,カヌーイング・ケベック,28,3674,2641,1,attack_buff,0.3578,0.5694,95,5,8,いいえ,ハリウッドナナコ師匠 / カヌーイング・ケベック / 超患部ぴよフェッサー / ????? / 御嶽さん
2,144,em-4e2a71a8e1a6,ハチモドキアブ,55,5623,6100,2,revive,0.3577,0.5833,100,0,7,いいえ,ハリウッドナナコ師匠 / ハチモドキアブ / トマティーナ少佐 / ɚすぃとあろま？ / 伝説のWoo怪
2,145,em-594e492a6818,ヤンなるネポムちゃん,50,3397,2930,1,attack_buff,0.3575,0.5556,86,14,8,いいえ,青玉の供犠ぴよ子 / ヤンなるネポムちゃん / 試作型おこしん / トキシッくんｵｯｽｵｯｽ / 端午ぴよ子
2,146,em-7a7f1cd12450,スオ面スナイパー,13,1132,1812,1,attack_buff,0.357,0.6042,87,13,8,いいえ,有砂小町 / スオ面スナイパー / 試作型おこしん / トキシッくんｵｯｽｵｯｽ / 聖えぇじゃないか
2,147,em-6f409bf9b5bd,素敵なステチュさん,14,211,2115,2,damage_reduction,0.3569,0.625,99,1,7,いいえ,日本海女中 / 素敵なステチュさん / 超患部ぴよフェッサー / みどりのたけしマン / 御嶽さん
2,148,em-313faf3b400a,バルパラ★イソ子,36,3237,3067,1,attribute_guard,0.3568,0.5556,95,5,8,いいえ,ハリウッドナナコ師匠 / バルパラ★イソ子 / サルパちゃん / トキシッくんｵｯｽｵｯｽ / 聖えぇじゃないか
2,149,em-228697ae4ca1,かつお☆カーニバル,7,1128,1198,2,skill_reduction,0.3568,0.5,95,5,8,いいえ,ハリウッドナナコ師匠 / かつお☆カーニバル / サルパちゃん / みどりのたけしマン / 御嶽さん
2,150,em-6b69fff3a46d,怒るよ!!勝斧さん,47,6164,3748,1,attack_buff,0.3561,0.5347,99,1,8,いいえ,ハリウッドナナコ師匠 / 怒るよ!!勝斧さん / 超患部ぴよフェッサー / ????? / 聖えぇじゃないか
2,151,em-8660ff550c92,うどんの天使,40,3067,3748,1,attack_buff,0.3557,0.5278,99,1,8,いいえ,ハリウッドナナコ師匠 / うどんの天使 / 愛のぴよ子 / ????? / 御嶽さん
2,152,em-a6fe320c7afa,戸隠忍者はハント中,31,937,5027,1,attack_buff,0.3555,0.5764,98,2,8,いいえ,ハリウッドナナコ師匠 / 戸隠忍者はハント中 / 超患部ぴよフェッサー / ????? / 御嶽さん
2,153,em-9d5a58645c8c,カロニスタ・ヴェニ子,37,4444,4444,2,attack_buff,0.3552,0.5833,97,3,8,いいえ,青玉の供犠ぴよ子 / カロニスタ・ヴェニ子 / 愛のぴよ子 / ????? / 御嶽さん
2,154,em-a07828a97733,降臨！いつくしーみん,19,1761,3381,1,attack_buff,0.3551,0.5972,93,7,8,いいえ,有砂小町 / 降臨！いつくしーみん / 試作型おこしん / トキシッくんｵｯｽｵｯｽ / 聖えぇじゃないか
2,155,em-1e3b5bb54d35,ナナフシ,30,4175,2999,2,attribute_change,0.355,0.5972,97,3,8,いいえ,ハリウッドナナコ師匠 / ナナフシ / 超患部ぴよフェッサー / ????? / 御嶽さん
2,156,em-ac3306faeab5,マサムネーダー,32,3919,5112,1,attribute_change,0.3545,0.5833,100,0,8,いいえ,(Ｕ^ω^)亭馬琴 / マサムネーダー / イチャン～(から) / トキシッくんｵｯｽｵｯｽ / 端午ぴよ子
2,157,em-aa92178d2205,糸巻万太朗,40,5623,4260,2,attribute_change,0.3544,0.5833,100,0,8,いいえ,青玉の供犠ぴよ子 / 糸巻万太朗 / 愛のぴよ子 / ????? / 御嶽さん
2,158,em-d941ef4d2c66,紫禁嬢,34,4692,2801,2,damage_reduction,0.3544,0.5486,98,2,8,いいえ,ハリウッドナナコ師匠 / 紫禁嬢 / すわ子isGOD！ / トキシッくんｵｯｽｵｯｽ / 御嶽さん
2,159,em-a02f06328adf,ゼネコン大公,60,6134,2726,2,guard,0.3544,0.5208,98,2,6,いいえ,青玉の供犠ぴよ子 / ゼネコン大公 / すわ子isGOD！ / トキシッくんｵｯｽｵｯｽ / ハリウッドナナコ師匠
2,160,em-4016fa16a6ca,Dr.&萌やﾁﾝｹﾞｰﾙ,14,773,2573,1,heal,0.3537,0.5486,99,1,8,いいえ,日本海女中 / Dr.&萌やﾁﾝｹﾞｰﾙ / サルパちゃん / 愛のぴよ子 / 八狗神伏姫様
2,161,em-6dcd90bb7df5,花めく☆まつやマン,24,4669,2173,1,heal,0.353,0.5625,95,5,7,いいえ,日本海女中 / 花めく☆まつやマン / ????? / 御嶽さん / 実はこんにゃくちゃん
2,162,em-2d179e9f0835,ﾇｯと出る☆ウイス君,36,5354,2486,2,attack_buff,0.3528,0.5556,96,4,8,いいえ,青玉の供犠ぴよ子 / ﾇｯと出る☆ウイス君 / 愛のぴよ子 / ????? / 御嶽さん
2,163,em-a9738b409d24,カジランガ守り隊員,45,7668,1533,2,attack_buff,0.3527,0.5903,95,5,8,いいえ,青玉の供犠ぴよ子 / カジランガ守り隊員 / サルパちゃん / 愛のぴよ子 / 実はこんにゃくちゃん
2,164,em-c816189f2294,ブッダがやって来る！,17,1510,1510,2,delay,0.3518,0.4861,97,3,8,いいえ,ダリア・宮子・9 / ブッダがやって来る！ / すわ子isGOD！ / ????? / ハリウッドナナコ師匠
2,165,em-759ef91c7c65,古の灰かぶりロドピス,47,4175,3578,1,damage_reduction,0.3512,0.5417,94,6,7,いいえ,日本海女中 / 古の灰かぶりロドピス / すわ子isGOD！ / トキシッくんｵｯｽｵｯｽ / ハリウッドナナコ師匠
2,166,em-f5955c15b029,ばんば新年2026,60,7668,3438,1,attack_buff,0.3511,0.5486,99,1,8,いいえ,ハリウッドナナコ師匠 / ばんば新年2026 / 試作型おこしん / トキシッくんｵｯｽｵｯｽ / 聖えぇじゃないか
2,167,em-aff304b1eab4,日本一の桃たろす,42,4260,5964,2,attribute_change,0.3505,0.5833,87,13,8,いいえ,日本海女中 / 日本一の桃たろす / 試作型おこしん / トキシッくんｵｯｽｵｯｽ / 端午ぴよ子
2,168,em-7a57f923ab2c,ありえんキャット様,61,6069,5622,1,attribute_change,0.3504,0.5694,100,0,7,いいえ,ハリウッドナナコ師匠 / ありえんキャット様 / 試作型おこしん / トキシッくんｵｯｽｵｯｽ / 聖えぇじゃないか
2,169,em-8680261975a6,キタマクラさん,10,3166,558,1,heal,0.3502,0.5625,92,8,8,いいえ,有砂小町 / キタマクラさん / すわ子isGOD！ / ɚすぃとあろま？ / 伝説のWoo怪
2,170,em-e84c5851ba6b,地下大河のルーシー,73,7668,2641,1,attack_buff,0.35,0.5069,99,1,7,いいえ,青玉の供犠ぴよ子 / 地下大河のルーシー / ＢＥＷ雪玉 / 愛のぴよ子 / ウシュか☆丸か
2,171,em-1211d6248533,ピンクなコンクさん,32,3067,2044,1,damage_reduction,0.3498,0.5208,99,1,8,いいえ,ハリウッドナナコ師匠 / ピンクなコンクさん / 超患部ぴよフェッサー / ????? / 御嶽さん
2,172,em-8a030b3f4f33,無給の皇帝,44,4601,2790,2,damage_reduction,0.3494,0.5625,99,1,8,いいえ,ハリウッドナナコ師匠 / 無給の皇帝 / サルパちゃん / トキシッくんｵｯｽｵｯｽ / 端午ぴよ子
2,173,em-7419b64dec0e,天の飛龍巻,42,5623,3748,2,attribute_change,0.3481,0.5833,100,0,8,いいえ,ハリウッドナナコ師匠 / 天の飛龍巻 / ????? / クェーサルと仲間たち / シミ
2,174,em-db1935c2a136,コーベリアル公爵,10,1229,1173,1,attribute_guard,0.3474,0.5625,87,13,8,いいえ,日本海女中 / コーベリアル公爵 / 愛のぴよ子 / みどりのたけしマン / 御嶽さん
2,175,em-c09c9bb81a01,蓮十郎,7,1215,1187,2,skill_reduction,0.3472,0.5139,95,5,8,いいえ,ハリウッドナナコ師匠 / 蓮十郎 / サルパちゃん / みどりのたけしマン / 御嶽さん
2,176,em-1749aff71419,ミシャグジさまさま,60,6986,3578,2,attack_buff,0.3463,0.5694,100,0,8,いいえ,青玉の供犠ぴよ子 / ミシャグジさまさま / 試作型おこしん / トキシッくんｵｯｽｵｯｽ / 聖えぇじゃないか
2,177,em-c8db19de00fd,ワロンマイナー輩先,13,2953,1328,1,heal,0.3462,0.5486,90,10,8,いいえ,日本海女中 / ワロンマイナー輩先 / 愛のぴよ子 / みどりのたけしマン / 御嶽さん
2,178,em-2c691fe63d0d,ブッシュドノエルん,38,3652,5354,2,attack_buff,0.3461,0.5764,99,1,8,いいえ,ハリウッドナナコ師匠 / ブッシュドノエルん / トキシッくんｵｯｽｵｯｽ / ????? / 御嶽さん
2,179,em-3767457f6cce,ｷﾗﾒｷﾒﾗ☆ヒラメ様,40,5367,2215,1,attribute_change,0.346,0.5417,100,0,8,いいえ,青玉の供犠ぴよ子 / ｷﾗﾒｷﾒﾗ☆ヒラメ様 / 愛のぴよ子 / ????? / 御嶽さん
2,180,em-2b584e87473c,ウルルさんのオフ曜日,41,2958,6816,1,attack_buff,0.3449,0.5139,83,17,7,いいえ,青玉の供犠ぴよ子 / ウルルさんのオフ曜日 / すわ子isGOD！ / トキシッくんｵｯｽｵｯｽ / 実はこんにゃくちゃん
2,181,em-eeba5b4dcba6,カニパンだっ！,23,2737,2415,2,guard,0.3445,0.5694,99,1,8,いいえ,有砂小町 / カニパンだっ！ / トマティーナ少佐 / 愛のぴよ子 / 端午ぴよ子
2,182,em-85da0a137fe9,北間・クララさん,10,3561,629,1,heal,0.3444,0.5417,87,13,8,いいえ,日本海女中 / 北間・クララさん / 愛のぴよ子 / みどりのたけしマン / 御嶽さん
2,183,em-501834a284b1,加賀友☆禅野さん,38,4175,4771,2,attribute_change,0.3443,0.5625,99,1,8,いいえ,ハリウッドナナコ師匠 / 加賀友☆禅野さん / トキシッくんｵｯｽｵｯｽ / ????? / 御嶽さん
2,184,em-c1544fb41324,元キャプテン・hɔーク,13,1359,1963,1,attribute_guard,0.3442,0.5417,96,4,7,いいえ,ダリア・宮子・9 / 元キャプテン・hɔーク / すわ子isGOD！ / クェーサルと仲間たち / ハリウッドナナコ師匠
2,185,em-e9b3dc6478a4,アヌラさま,33,2495,2978,2,attribute_guard,0.3436,0.5694,100,0,8,いいえ,ハリウッドナナコ師匠 / アヌラさま / 超患部ぴよフェッサー / ????? / 御嶽さん
2,186,em-7f3eb7b8272c,にゅー先生,15,700,2200,2,guard,0.3432,0.5903,100,0,8,いいえ,有砂小町 / にゅー先生 / すわ子isGOD！ / トキシッくんｵｯｽｵｯｽ / 美才能♪かの子さん
2,187,em-1eee6f61a8bd,キングな勝斧さん,31,4601,2726,1,attack_buff,0.3432,0.5278,99,1,8,いいえ,青玉の供犠ぴよ子 / キングな勝斧さん / 愛のぴよ子 / みどりのたけしマン / 御嶽さん
2,188,em-fa3191833d67,エヴァン,28,3381,2776,2,damage_reduction,0.3431,0.5486,95,5,8,いいえ,日本海女中 / エヴァン / トマティーナ少佐 / オペラハウス侯爵 / 伝説のWoo怪
2,189,em-a85f091d502f,スウェルくん,11,1452,2058,2,damage_reduction,0.343,0.5903,90,10,8,いいえ,有砂小町 / スウェルくん / すわ子isGOD！ / トキシッくんｵｯｽｵｯｽ / 伝説のWoo怪
2,190,em-24a892c6ebea,Mt.CACHI×2,38,2556,3578,2,multi_hit_attack,0.3424,0.5625,99,1,8,いいえ,ハリウッドナナコ師匠 / Mt.CACHI×2 / トキシッくんｵｯｽｵｯｽ / ????? / 御嶽さん
2,191,em-ed2bb6e12815,ラスコー原人,14,604,3624,1,attribute_change,0.3423,0.5833,100,0,8,いいえ,ダリア・宮子・9 / ラスコー原人 / 試作型おこしん / クェーサルと仲間たち / 美才能♪かの子さん
2,192,em-583f38470462,さくらエビライダー,26,2414,2414,2,attribute_change,0.3421,0.5972,93,7,8,いいえ,ハリウッドナナコ師匠 / さくらエビライダー / 超患部ぴよフェッサー / ????? / 御嶽さん
2,193,em-1eb5e932843b,ダンブッラの蘭,38,5112,3578,2,damage_reduction,0.342,0.5347,100,0,8,いいえ,ハリウッドナナコ師匠 / ダンブッラの蘭 / トマティーナ少佐 / トキシッくんｵｯｽｵｯｽ / 御嶽さん
2,194,em-82d7b7a877f8,電ドロ白鷺嬢,39,6816,2556,2,heal,0.3418,0.5625,99,1,7,いいえ,青玉の供犠ぴよ子 / 電ドロ白鷺嬢 / 愛のぴよ子 / ????? / 御嶽さん
2,195,em-4c764571b9ab,お稲荷様のパシリ,47,6816,3408,1,attack_buff,0.3409,0.5347,99,1,8,いいえ,ハリウッドナナコ師匠 / お稲荷様のパシリ / 超患部ぴよフェッサー / ????? / 聖えぇじゃないか
2,196,em-a44b56d26d84,聖夜の又マタドーるん,45,3919,4260,1,damage_reduction,0.3399,0.5208,100,0,8,いいえ,日本海女中 / 聖夜の又マタドーるん / サルパちゃん / 愛のぴよ子 / ハリウッドナナコ師匠
2,197,em-aeee7aac1b71,ジンジャーブレッド男,20,4143,2440,2,attack_buff,0.3394,0.5625,92,8,8,いいえ,有砂小町 / ジンジャーブレッド男 / 試作型おこしん / 愛のぴよ子 / 聖えぇじゃないか
2,198,em-35db097208c5,勝斧・冠,60,6816,4089,1,attack_buff,0.3394,0.5139,100,0,8,いいえ,青玉の供犠ぴよ子 / 勝斧・冠 / 試作型おこしん / トキシッくんｵｯｽｵｯｽ / 聖えぇじゃないか
2,199,em-423f5963c7c2,超患部ぴよフェッサー,15,3220,2093,2,revive,0.3392,0.5764,96,4,8,いいえ,青玉の供犠ぴよ子 / 超患部ぴよフェッサー / サルパちゃん / ????? / 御嶽さん
2,200,em-4f3eddbe87bf,キルワくん,17,2141,3226,1,attack_buff,0.3384,0.5556,92,8,8,いいえ,ハリウッドナナコ師匠 / キルワくん / 超患部ぴよフェッサー / みどりのたけしマン / 御嶽さん
2,201,em-21262d62b170,ホーク＆フック,25,2093,2173,1,attribute_guard,0.3382,0.5486,93,7,8,いいえ,日本海女中 / ホーク＆フック / トマティーナ少佐 / オペラハウス侯爵 / 端午ぴよ子
2,202,em-52b1a63b86dd,ヤマさんヤミーさん,27,1288,3220,1,attack_buff,0.3377,0.5208,93,7,8,いいえ,日本海女中 / ヤマさんヤミーさん / ????? / オペラハウス侯爵 / 伝説のWoo怪
2,203,em-0e6d3baf12ca,ネギ少女じゅんちゃん,36,3544,3544,1,heal,0.3376,0.5278,96,4,8,いいえ,青玉の供犠ぴよ子 / ネギ少女じゅんちゃん / 愛のぴよ子 / ????? / 御嶽さん
2,204,em-e7a0d1a547b6,ラス・マノスんさん,10,1979,494,1,aoe_attack,0.3363,0.5139,97,3,8,いいえ,有砂小町 / ラス・マノスんさん / 愛のぴよ子 / みどりのたけしマン / 聖えぇじゃないか
2,205,em-d138d4e46038,きぬたン,48,3067,4771,2,attack_buff,0.3357,0.5347,100,0,8,いいえ,ハリウッドナナコ師匠 / きぬたン / 超患部ぴよフェッサー / ????? / 聖えぇじゃないか
2,206,em-abc85163565c,コキリコ・QB,23,2817,2978,2,attribute_change,0.3355,0.5764,100,0,8,いいえ,日本海女中 / コキリコ・QB / 愛のぴよ子 / みどりのたけしマン / 御嶽さん
2,207,em-4e77469f1fc4,綺麗な金平さん,42,5112,4260,1,attribute_change,0.335,0.5208,86,14,7,いいえ,日本海女中 / 綺麗な金平さん / 試作型おこしん / トキシッくんｵｯｽｵｯｽ / 伝説のWoo怪
2,208,em-4debcfcadf66,艶奴太夫,60,3919,5964,1,attribute_change,0.3346,0.5278,100,0,8,いいえ,青玉の供犠ぴよ子 / 艶奴太夫 / 試作型おこしん / トキシッくんｵｯｽｵｯｽ / 聖えぇじゃないか
2,209,em-96c4c1bf7f87,畳リーゼントの御頭,40,4345,4345,2,attack_buff,0.3345,0.5625,100,0,8,いいえ,青玉の供犠ぴよ子 / 畳リーゼントの御頭 / 愛のぴよ子 / ????? / 御嶽さん
2,210,em-8de6e4494a60,称えよ☆メジェド様！,25,2415,2415,2,guard,0.3344,0.5486,100,0,8,いいえ,有砂小町 / 称えよ☆メジェド様！ / トマティーナ少佐 / 愛のぴよ子 / 伝説のWoo怪
2,211,em-87a6c85241fe,蝶々ペッパーくん,30,1482,1781,2,delay,0.3336,0.4931,97,3,8,いいえ,ハリウッドナナコ師匠 / 蝶々ペッパーくん / 超患部ぴよフェッサー / ????? / 御嶽さん
2,212,em-09a7a163b0cd,沼南ぱモーセ,38,2556,5623,2,attack_buff,0.3332,0.5625,99,1,8,いいえ,ハリウッドナナコ師匠 / 沼南ぱモーセ / トキシッくんｵｯｽｵｯｽ / ????? / 御嶽さん
2,213,em-a7be30f0211a,烏枢さま降臨！,13,1359,2416,2,attack_buff,0.3329,0.5764,100,0,8,いいえ,有砂小町 / 烏枢さま降臨！ / 愛のぴよ子 / みどりのたけしマン / 聖えぇじゃないか
2,214,em-1de8c880f196,ヴィヒー先生,17,2114,2718,2,damage_reduction,0.3328,0.5764,99,1,8,いいえ,有砂小町 / ヴィヒー先生 / すわ子isGOD！ / 愛のぴよ子 / 聖えぇじゃないか
2,215,em-814278d8eb9b,轟け！阿蘇さん,15,1680,920,1,attribute_guard,0.3327,0.5625,100,0,8,いいえ,有砂小町 / 轟け！阿蘇さん / すわ子isGOD！ / トキシッくんｵｯｽｵｯｽ / 美才能♪かの子さん
2,216,em-f4025e805468,best of 長田さん,50,3500,7000,1,attribute_change,0.3326,0.5417,100,0,8,いいえ,????? / best of 長田さん / トマティーナ少佐 / 愛のぴよ子 / 伝説のWoo怪
2,217,em-8bc827a54303,勝斧・カンムーリ,15,2896,1704,1,attack_buff,0.3326,0.5278,89,11,8,いいえ,有砂小町 / 勝斧・カンムーリ / 試作型おこしん / トキシッくんｵｯｽｵｯｽ / 聖えぇじゃないか
2,218,em-65efdfdd59b3,「ぼ」じゃなくてゔぉたん,40,4941,3408,1,attribute_change,0.3322,0.5347,100,0,8,いいえ,青玉の供犠ぴよ子 / 「ぼ」じゃなくてゔぉたん / 愛のぴよ子 / ????? / 御嶽さん
2,219,em-d0c26ab1312e,シガー☆直哉,22,3542,2125,1,attribute_change,0.3319,0.5417,100,0,8,いいえ,ダリア・宮子・9 / シガー☆直哉 / トマティーナ少佐 / ????? / ハリウッドナナコ師匠
2,220,em-b127f99ae530,キラー・ｻﾞ・ｷﾗｰ,55,5964,3408,2,damage_reduction,0.3317,0.5208,100,0,8,いいえ,日本海女中 / キラー・ｻﾞ・ｷﾗｰ / トマティーナ少佐 / トキシッくんｵｯｽｵｯｽ / ハリウッドナナコ師匠
2,221,em-7fd9b48cee31,七夕星人☆たたるんるん,20,3220,1610,2,attack_buff,0.3316,0.5556,92,8,8,いいえ,有砂小町 / 七夕星人☆たたるんるん / 試作型おこしん / 愛のぴよ子 / 聖えぇじゃないか
2,222,em-23638c0715eb,ばけごろう,30,1757,5743,1,attribute_change,0.3315,0.5417,98,2,10,いいえ,ハリウッドナナコ師匠 / ばけごろう / トマティーナ少佐 / ????? / 御嶽さん
2,223,em-5088462f1ee9,日本一の桃たろす,45,4260,5964,2,attribute_change,0.3314,0.5625,89,11,8,いいえ,日本海女中 / 日本一の桃たろす / 試作型おこしん / トキシッくんｵｯｽｵｯｽ / 伝説のWoo怪
2,224,em-269e75871422,瑠璃☆瑠璃,27,2726,2181,1,damage_reduction,0.3313,0.5208,96,4,8,いいえ,日本海女中 / 瑠璃☆瑠璃 / 愛のぴよ子 / ????? / 御嶽さん
2,225,em-bf58cd7d185a,ホーク元船長,12,700,1100,1,attribute_guard,0.3309,0.5694,97,3,8,いいえ,日本海女中 / ホーク元船長 / 超患部ぴよフェッサー / みどりのたけしマン / 御嶽さん
2,226,em-59482d256e11,大森銀佐摩,15,2679,352,2,damage_reduction,0.3305,0.5764,100,0,8,いいえ,有砂小町 / 大森銀佐摩 / すわ子isGOD！ / トキシッくんｵｯｽｵｯｽ / 美才能♪かの子さん
2,227,em-cf9464eec3b4,ヒラメちゃん,13,2370,2044,1,attribute_change,0.33,0.5486,99,1,8,いいえ,ダリア・宮子・9 / ヒラメちゃん / トマティーナ少佐 / みどりのたけしマン / ハリウッドナナコ師匠
2,228,em-c3d00c8f1bd5,竜馬は撃ちぬけない,30,4430,4430,1,attribute_change,0.3297,0.5278,99,1,8,いいえ,日本海女中 / 竜馬は撃ちぬけない / 愛のぴよ子 / ????? / 御嶽さん
2,229,em-dd80c8492923,?????,22,3067,1533,1,attack_buff,0.3296,0.5486,97,3,8,いいえ,ハリウッドナナコ師匠 / ????? / 超患部ぴよフェッサー / みどりのたけしマン / 御嶽さん
2,230,em-d07cd0c8b0b0,二条城☆浴衣モード,19,2656,2495,1,attribute_guard,0.3295,0.5278,96,4,8,いいえ,日本海女中 / 二条城☆浴衣モード / 愛のぴよ子 / みどりのたけしマン / 御嶽さん
2,231,manual-nijo-yukata-mode,二条嬢☆浴衣モード,19,2656,2495,1,attribute_guard,0.3295,0.5278,96,4,8,いいえ,日本海女中 / 二条嬢☆浴衣モード / 愛のぴよ子 / みどりのたけしマン / 御嶽さん
2,232,em-4e78a5d0dc7a,中央アルプスの少女達,13,1812,1510,1,damage_reduction,0.3292,0.5208,90,10,7,いいえ,日本海女中 / 中央アルプスの少女達 / 愛のぴよ子 / みどりのたけしマン / 御嶽さん
2,233,em-adcf70bfd425,2人はフェレナント君,37,2982,5964,1,attribute_change,0.3291,0.5347,98,2,8,いいえ,ハリウッドナナコ師匠 / 2人はフェレナント君 / トキシッくんｵｯｽｵｯｽ / ????? / 御嶽さん
2,234,em-f3be7c12380c,魔女ランダ,44,3067,5623,2,attribute_change,0.329,0.5625,88,12,8,いいえ,日本海女中 / 魔女ランダ / 試作型おこしん / トキシッくんｵｯｽｵｯｽ / 伝説のWoo怪
2,235,em-ed68f4e03a58,欣喜ぴよ子,10,1785,1812,2,guard,0.3287,0.5417,100,0,8,いいえ,ダリア・宮子・9 / 欣喜ぴよ子 / トマティーナ少佐 / ????? / 聖えぇじゃないか
2,236,em-0984e8e9ee06,加賀のカブキ者,60,4430,6816,2,attack_buff,0.328,0.5417,100,0,8,いいえ,青玉の供犠ぴよ子 / 加賀のカブキ者 / 試作型おこしん / トキシッくんｵｯｽｵｯｽ / 聖えぇじゃないか
2,237,em-3725122fa93d,ホーク元船員,9,600,850,1,attribute_guard,0.3257,0.5625,89,11,8,いいえ,有砂小町 / ホーク元船員 / すわ子isGOD！ / トキシッくんｵｯｽｵｯｽ / 端午ぴよ子
2,238,em-e2feaf3c95b1,古の才次郎先生,13,1812,1963,1,attribute_change,0.3256,0.5486,100,0,8,いいえ,日本海女中 / 古の才次郎先生 / ????? / ブハラ師匠 / 美才能♪かの子さん
2,239,em-cc1dd429dace,?????,58,4171,4737,1,damage_reduction,0.3256,0.4792,96,4,7,いいえ,紅玉の供犠ぴよ子 / ????? / すわ子isGOD！ / トキシッくんｵｯｽｵｯｽ / ハリウッドナナコ師匠
2,240,em-3434078c33f2,橋の上のかずら,20,2012,2173,2,guard,0.3255,0.5486,100,0,8,いいえ,有砂小町 / 橋の上のかずら / トマティーナ少佐 / 愛のぴよ子 / 聖えぇじゃないか
2,241,em-8038935d7100,竜宮の翁,38,4771,3748,2,attack_buff,0.3249,0.5278,99,1,8,いいえ,ハリウッドナナコ師匠 / 竜宮の翁 / トキシッくんｵｯｽｵｯｽ / ????? / 御嶽さん
2,242,em-b08b3e6f22a8,フィッシャーマン三平,17,1286,1316,2,guard,0.3248,0.5625,100,0,8,いいえ,有砂小町 / フィッシャーマン三平 / すわ子isGOD！ / 愛のぴよ子 / 美才能♪かの子さん
2,243,em-6cd949ff7539,?????,53,1842,6475,2,guard,0.3246,0.5347,100,0,7,いいえ,日本海女中 / ????? / すわ子isGOD！ / トキシッくんｵｯｽｵｯｽ / ハリウッドナナコ師匠
2,244,em-065f680177c4,ﾍﾟﾀももたろす,17,3059,3059,2,attribute_change,0.3245,0.5556,99,1,8,いいえ,????? / ﾍﾟﾀももたろす / サルパちゃん / 愛のぴよ子 / 御嶽さん
2,245,em-06ed1eae98fc,ソンな福ちゃん,31,3377,3377,1,attribute_change,0.3244,0.5347,98,2,8,いいえ,ハリウッドナナコ師匠 / ソンな福ちゃん / 超患部ぴよフェッサー / ????? / 御嶽さん
2,246,em-e3dab98c64af,試作型おこしん,8,2265,1510,2,attribute_guard,0.3243,0.5139,100,0,8,いいえ,有砂小町 / 試作型おこしん / サルパちゃん / 愛のぴよ子 / 聖えぇじゃないか
2,247,em-36ce9827163b,検非違使なけいび氏,28,6024,878,2,heal,0.3241,0.5486,98,2,8,いいえ,ハリウッドナナコ師匠 / 検非違使なけいび氏 / すわ子isGOD！ / ????? / 御嶽さん
2,248,em-a0159af9ab81,カネヒラくん,14,2385,2556,2,attribute_change,0.3241,0.5417,100,0,8,いいえ,ダリア・宮子・9 / カネヒラくん / 試作型おこしん / クェーサルと仲間たち / 美才能♪かの子さん
2,249,em-c37c2a529421,ディワリのｱﾗｸｼｭﾐｰ,38,4771,3408,2,heal,0.324,0.5556,99,1,8,いいえ,ハリウッドナナコ師匠 / ディワリのｱﾗｸｼｭﾐｰ / トマティーナ少佐 / みどりのたけしマン / 聖えぇじゃないか
2,250,em-30793b1211b4,ウルルさんは役者やで,15,1310,2189,1,damage_reduction,0.3239,0.5625,100,0,8,いいえ,有砂小町 / ウルルさんは役者やで / すわ子isGOD！ / トキシッくんｵｯｽｵｯｽ / 美才能♪かの子さん
2,251,em-7f58743c664e,ポリミタス☆おかいこ,34,4771,3069,2,attribute_change,0.3237,0.5347,94,6,8,いいえ,青玉の供犠ぴよ子 / ポリミタス☆おかいこ / 愛のぴよ子 / ????? / 御嶽さん
2,252,em-4206205a0bb1,リュウ・ツカイ,60,5708,4515,2,attack_buff,0.3234,0.5278,99,1,8,いいえ,ハリウッドナナコ師匠 / リュウ・ツカイ / 試作型おこしん / トキシッくんｵｯｽｵｯｽ / 聖えぇじゃないか
2,253,em-3ad7d27f7887,ハワイる水島神人,19,2567,1208,2,guard,0.3234,0.5208,99,1,8,いいえ,有砂小町 / ハワイる水島神人 / トマティーナ少佐 / 愛のぴよ子 / 聖えぇじゃないか
2,254,em-9671099553c0,唸れ！阿蘇さん,12,1020,680,1,attribute_guard,0.3231,0.5764,97,3,8,いいえ,日本海女中 / 唸れ！阿蘇さん / 超患部ぴよフェッサー / みどりのたけしマン / 御嶽さん
2,255,em-5c142a19c12c,菅大臣・どうしん様,24,2649,2504,1,heal,0.3229,0.5278,93,7,7,いいえ,日本海女中 / 菅大臣・どうしん様 / 愛のぴよ子 / ????? / 御嶽さん
2,256,em-4dc27428f645,よりりんＫ林スタイル,24,2576,2576,2,attribute_change,0.3227,0.5625,99,1,8,いいえ,日本海女中 / よりりんＫ林スタイル / すわ子isGOD！ / 愛のぴよ子 / 八狗神伏姫様
2,257,em-3dc0af65e330,ランたんちゃん,43,3425,5295,2,attribute_change,0.3226,0.5556,88,12,8,いいえ,日本海女中 / ランたんちゃん / 試作型おこしん / トキシッくんｵｯｽｵｯｽ / 端午ぴよ子
2,258,em-93bcb3ddcb90,蝦夷の鬼武者,50,5367,4771,1,attack_buff,0.3222,0.4722,96,4,8,いいえ,ハリウッドナナコ師匠 / 蝦夷の鬼武者 / トキシッくんｵｯｽｵｯｽ / ????? / 聖えぇじゃないか
2,259,em-9991a7ad9a04,ヒラメさん進化中,22,4004,2556,1,attribute_change,0.3221,0.5278,81,19,8,いいえ,????? / ヒラメさん進化中 / すわ子isGOD！ / トキシッくんｵｯｽｵｯｽ / 聖えぇじゃないか
2,260,em-7c7befcdeb38,メル子大先生,16,1773,1934,2,attack_buff,0.3218,0.5694,90,10,8,いいえ,有砂小町 / メル子大先生 / 試作型おこしん / トキシッくんｵｯｽｵｯｽ / 聖えぇじゃないか
2,261,em-52f594fdc52e,後楽園☆池田,43,5623,2896,1,attack_buff,0.3213,0.5069,90,10,8,いいえ,????? / 後楽園☆池田 / すわ子isGOD！ / トキシッくんｵｯｽｵｯｽ / ハリウッドナナコ師匠
2,262,em-a2d073a6cd6c,納豆問屋のご隠居様,8,944,893,1,skill_reduction,0.321,0.5139,85,15,8,いいえ,日本海女中 / 納豆問屋のご隠居様 / 愛のぴよ子 / みどりのたけしマン / 御嶽さん
2,263,em-e4561d587562,幼心のデメ子さん,25,3178,4089,1,attribute_change,0.3206,0.5278,100,0,8,いいえ,ハリウッドナナコ師匠 / 幼心のデメ子さん / 超患部ぴよフェッサー / みどりのたけしマン / 御嶽さん
2,264,em-bb2bd26d4796,のり男の浪漫,36,3098,2695,2,attribute_guard,0.3205,0.5208,98,2,8,いいえ,ハリウッドナナコ師匠 / のり男の浪漫 / トマティーナ少佐 / トキシッくんｵｯｽｵｯｽ / 御嶽さん
2,265,em-aefb52be8eca,半間鮫子,52,3411,6823,2,multi_hit_attack,0.3204,0.5069,98,2,7,いいえ,ハリウッドナナコ師匠 / 半間鮫子 / トキシッくんｵｯｽｵｯｽ / ????? / 聖えぇじゃないか
2,266,em-bf60c5d7bbe5,ワイン塗れのぐっすん,39,2453,5555,1,attack_buff,0.3203,0.5208,100,0,8,いいえ,ハリウッドナナコ師匠 / ワイン塗れのぐっすん / トキシッくんｵｯｽｵｯｽ / ????? / 御嶽さん
2,267,em-d5465017bfd1,チュパカブ先輩,59,4819,2811,1,heal,0.3202,0.4792,97,3,7,いいえ,青玉の供犠ぴよ子 / チュパカブ先輩 / 愛のぴよ子 / ɚすぃとあろま？ / 端午ぴよ子
2,268,em-3c2628783368,すまぁとヤスマサニキ,50,4260,5623,2,attack_buff,0.3201,0.5347,86,14,8,いいえ,青玉の供犠ぴよ子 / すまぁとヤスマサニキ / 試作型おこしん / トキシッくんｵｯｽｵｯｽ / 端午ぴよ子
2,269,em-ed21bd124ab2,牛タソ☆行進曲,14,755,1812,2,guard,0.3198,0.5556,99,1,8,いいえ,日本海女中 / 牛タソ☆行進曲 / 超患部ぴよフェッサー / みどりのたけしマン / 御嶽さん
2,270,em-97272e288cf7,ホークくん,6,500,750,1,attribute_guard,0.3193,0.5486,100,0,8,いいえ,有砂小町 / ホークくん / 愛のぴよ子 / ????? / 御嶽さん
2,271,em-d932b3b4e7ed,狼先生ジョン,18,1963,2869,1,attribute_change,0.3189,0.5208,98,2,8,いいえ,ハリウッドナナコ師匠 / 狼先生ジョン / サルパちゃん / ????? / 御嶽さん
2,272,em-1cb67f0b7d2d,スノーな大谷,9,1100,200,2,damage_reduction,0.3182,0.5903,89,11,8,いいえ,有砂小町 / スノーな大谷 / すわ子isGOD！ / トキシッくんｵｯｽｵｯｽ / 端午ぴよ子
2,273,em-a91eca479689,嗚呼ヴァサクサ君,10,1880,374,2,skill_reduction,0.318,0.5,98,2,8,いいえ,ハリウッドナナコ師匠 / 嗚呼ヴァサクサ君 / サルパちゃん / みどりのたけしマン / 御嶽さん
2,274,em-5b3eb6a3a507,なるリッシュ,20,1812,1510,2,attack_buff,0.3179,0.5625,92,8,8,いいえ,有砂小町 / なるリッシュ / 試作型おこしん / 愛のぴよ子 / 聖えぇじゃないか
2,275,em-e3e851204c8b,イカすぜ！よりりん,18,2576,2576,2,attribute_change,0.3177,0.5486,98,2,8,いいえ,ハリウッドナナコ師匠 / イカすぜ！よりりん / サルパちゃん / ????? / 御嶽さん
2,276,em-78c90c30a11c,夜光虫ほたるん,14,2265,3020,2,attribute_change,0.3177,0.5417,100,0,8,いいえ,ダリア・宮子・9 / 夜光虫ほたるん / トマティーナ少佐 / みどりのたけしマン / ハリウッドナナコ師匠
2,277,em-502c02710bc4,覚醒けいび,6,345,300,2,multi_hit_attack,0.3176,0.5833,100,0,8,いいえ,有砂小町 / 覚醒けいび / 愛のぴよ子 / ????? / 御嶽さん
2,278,em-f1ed908b1438,竹輪大明神,10,493,1762,2,attack_buff,0.317,0.5625,96,4,8,いいえ,有砂小町 / 竹輪大明神 / サルパちゃん / トキシッくんｵｯｽｵｯｽ / 実はこんにゃくちゃん
2,279,em-712bee050113,ターヌムンゴネキ,35,4089,4089,2,attack_buff,0.3167,0.5069,96,4,8,いいえ,ハリウッドナナコ師匠 / ターヌムンゴネキ / トキシッくんｵｯｽｵｯｽ / ????? / 御嶽さん
2,280,em-410cc22d32bc,アロハる☆水島神人,16,3246,1887,2,attribute_change,0.3163,0.5347,98,2,8,いいえ,????? / アロハる☆水島神人 / サルパちゃん / 愛のぴよ子 / 御嶽さん
2,281,em-404f12535630,祇園祭の素戔嗚さま,88,5964,6390,2,multi_hit_attack,0.3161,0.2847,100,0,4,いいえ,おたべくん / 祇園祭の素戔嗚さま / かずらちゃん / あっぴーちゃん / 魚堅くん
2,282,em-b080511b902a,かずらちゃん,3,350,500,2,guard,0.3156,0.5833,100,0,8,いいえ,有砂小町 / かずらちゃん / トマティーナ少佐 / トキシッくんｵｯｽｵｯｽ / 御嶽さん
2,283,em-aae4f48cb489,もん親方,28,3748,3748,2,attribute_guard,0.3156,0.5139,95,5,8,いいえ,日本海女中 / もん親方 / トマティーナ少佐 / オペラハウス侯爵 / 伝説のWoo怪
2,284,em-dfa3c95f9720,雪童雪愛たん,17,2495,2656,1,attribute_change,0.3151,0.5208,94,6,8,いいえ,日本海女中 / 雪童雪愛たん / 愛のぴよ子 / みどりのたけしマン / 御嶽さん
2,285,em-080293573ea5,ダヴィアさん,19,2567,1914,2,attack_buff,0.314,0.5486,95,5,8,いいえ,有砂小町２ＰＣ / ダヴィアさん / すわ子isGOD！ / トキシッくんｵｯｽｵｯｽ / 実はこんにゃくちゃん
2,286,em-c67ab163f5d6,さくらこはダムです,12,2092,735,1,attribute_guard,0.3139,0.5278,97,3,8,いいえ,日本海女中 / さくらこはダムです / 超患部ぴよフェッサー / みどりのたけしマン / 御嶽さん
2,287,em-344c7687cce5,アウス大先輩,17,1924,1924,2,attribute_change,0.3138,0.5208,94,6,8,いいえ,日本海女中 / アウス大先輩 / 愛のぴよ子 / みどりのたけしマン / 御嶽さん
2,288,em-804bc17d075c,雪壁の大谷,11,1500,300,2,damage_reduction,0.3135,0.5694,90,10,8,いいえ,有砂小町 / 雪壁の大谷 / すわ子isGOD！ / トキシッくんｵｯｽｵｯｽ / 伝説のWoo怪
2,289,em-7a58e59098c4,森神ブーナッド,36,4941,3408,2,heal,0.3128,0.5208,96,4,8,いいえ,青玉の供犠ぴよ子 / 森神ブーナッド / 愛のぴよ子 / ????? / 御嶽さん
2,290,em-d95aa4fb8de0,北海！白川だるま,45,4473,2556,1,attack_buff,0.3128,0.4931,90,10,8,いいえ,????? / 北海！白川だるま / トマティーナ少佐 / トキシッくんｵｯｽｵｯｽ / ハリウッドナナコ師匠
2,291,em-b343077dd75f,塚井さんは4人乗り,38,4294,3374,2,attack_buff,0.3125,0.5208,100,0,8,いいえ,日本海女中 / 塚井さんは4人乗り / 超患部ぴよフェッサー / ????? / 聖えぇじゃないか
2,292,em-62994b487456,浪漫歌人♪晶子さん,25,3059,3059,2,revive,0.3123,0.5486,91,9,8,いいえ,日本海女中 / 浪漫歌人♪晶子さん / ????? / クェーサルと仲間たち / 美才能♪かの子さん
2,293,em-beaaa8c15744,カメハメハワイ大王,50,3059,5879,2,attack_buff,0.3121,0.5278,86,14,8,いいえ,青玉の供犠ぴよ子 / カメハメハワイ大王 / 試作型おこしん / トキシッくんｵｯｽｵｯｽ / 端午ぴよ子
2,294,em-6c5a2955b199,ほぼネ甲ネイ・テウケ,26,3059,2737,2,attack_buff,0.3118,0.5278,93,7,8,いいえ,ハリウッドナナコ師匠 / ほぼネ甲ネイ・テウケ / 超患部ぴよフェッサー / ????? / 御嶽さん
2,295,em-3ff47465be07,怪傑猫キャット,6,250,1100,1,heal,0.3118,0.5278,100,0,8,いいえ,有砂小町 / 怪傑猫キャット / 愛のぴよ子 / ????? / 御嶽さん
2,296,em-6885c7d684d6,雪の美女と魔獣,52,4304,3016,1,heal,0.3114,0.4653,100,0,7,いいえ,日本海女中 / 雪の美女と魔獣 / トマティーナ少佐 / ɚすぃとあろま？ / ハリウッドナナコ師匠
2,297,em-86e0d0475819,使い魔のミナヅキ,22,2385,3067,2,attack_buff,0.311,0.5417,97,3,8,いいえ,ハリウッドナナコ師匠 / 使い魔のミナヅキ / 超患部ぴよフェッサー / みどりのたけしマン / 御嶽さん
2,298,em-cf78c5cc3134,オタテカモ次郎,28,4186,3059,2,attribute_change,0.311,0.5278,100,0,8,いいえ,(Ｕ^ω^)亭馬琴 / オタテカモ次郎 / サルパちゃん / 愛のぴよ子 / 聖えぇじゃないか
2,299,em-15b63ea7b4c3,タオるんさん先輩師匠,14,1510,2180,2,attribute_guard,0.3106,0.5347,96,4,8,いいえ,金野デメ子さん / タオるんさん先輩師匠 / すわ子isGOD！ / 愛のぴよ子 / 美才能♪かの子さん
2,300,em-ab5422bc92f7,猫キャットマンジョン,7,493,1762,1,heal,0.3103,0.5139,95,5,8,いいえ,ハリウッドナナコ師匠 / 猫キャットマンジョン / サルパちゃん / みどりのたけしマン / 御嶽さん
2,301,em-c6785d8f86c3,中央アルプスの犬,9,600,400,2,damage_reduction,0.3094,0.5833,89,11,8,いいえ,有砂小町 / 中央アルプスの犬 / すわ子isGOD！ / トキシッくんｵｯｽｵｯｽ / 端午ぴよ子
2,302,em-2449b6ff9d58,スマトラのウータン,12,2703,657,2,attribute_change,0.3094,0.5556,89,11,8,いいえ,日本海女中 / スマトラのウータン / 愛のぴよ子 / みどりのたけしマン / 御嶽さん
2,303,em-95a2dbeaf4ea,神使！ナモミさま,18,805,4025,2,attack_buff,0.3094,0.5347,93,7,8,いいえ,ハリウッドナナコ師匠 / 神使！ナモミさま / 超患部ぴよフェッサー / みどりのたけしマン / 御嶽さん
2,304,em-95a008b67c52,権現くまのたん,22,1030,4234,2,attack_buff,0.3087,0.5347,99,1,8,いいえ,タキシラ師匠 / 権現くまのたん / トマティーナ少佐 / みどりのたけしマン / 御嶽さん
2,305,em-ba8324a2cbef,覚醒ニート,6,354,296,2,multi_hit_attack,0.3085,0.5556,100,0,8,いいえ,有砂小町 / 覚醒ニート / 愛のぴよ子 / ????? / 御嶽さん
2,306,em-6b4baf5a6b1b,ＫＫマリテレ様,51,6368,2926,1,attribute_change,0.3076,0.4931,94,6,8,いいえ,試作型おこしん / ＫＫマリテレ様 / すわ子isGOD！ / トキシッくんｵｯｽｵｯｽ / ブラジリアン首都術
2,307,em-76691ebd833d,特攻のびゃこ,38,2641,6219,2,attack_buff,0.3075,0.5208,98,2,8,いいえ,青玉の供犠ぴよ子 / 特攻のびゃこ / 愛のぴよ子 / ????? / 御嶽さん
2,308,em-4c8a3408455b,泳ぐカネヒラさん,28,3748,3408,2,attribute_change,0.3074,0.5139,95,5,8,いいえ,ハリウッドナナコ師匠 / 泳ぐカネヒラさん / 超患部ぴよフェッサー / ????? / 御嶽さん
2,309,em-67086191a83f,マダラなシオマネキ君,27,5490,1059,2,attribute_guard,0.3071,0.4792,96,4,8,いいえ,日本海女中 / マダラなシオマネキ君 / 愛のぴよ子 / ????? / 御嶽さん
2,310,em-e2135a9d657f,ねぶるータスお前もか,18,2173,2656,2,attack_buff,0.3067,0.5486,92,8,8,いいえ,有砂小町 / ねぶるータスお前もか / 試作型おこしん / トキシッくんｵｯｽｵｯｽ / 聖えぇじゃないか
2,311,em-e99bfc1ea066,ご入学ぴよ子,9,883,2397,2,attack_buff,0.3059,0.5347,100,0,8,いいえ,ハリウッドナナコ師匠 / ご入学ぴよ子 / ????? / ブハラ師匠 / 御嶽さん
2,312,em-d9e193a7c929,斑鳩の太子くん,36,4260,2896,2,heal,0.3057,0.5069,96,4,8,いいえ,青玉の供犠ぴよ子 / 斑鳩の太子くん / 愛のぴよ子 / ????? / 御嶽さん
2,313,em-842f3d28d20e,のり男師匠,8,1285,1118,2,attribute_guard,0.305,0.5208,100,0,8,いいえ,有砂小町 / のり男師匠 / サルパちゃん / 愛のぴよ子 / 聖えぇじゃないか
2,314,em-94130e0ff2b5,かずら大先生,15,1057,1198,2,guard,0.3049,0.5486,100,0,8,いいえ,有砂小町 / かずら大先生 / すわ子isGOD！ / トキシッくんｵｯｽｵｯｽ / 美才能♪かの子さん
2,315,em-b16382731bd5,華燭なカネヒラさん,60,5793,4771,2,attribute_change,0.3048,0.5,100,0,8,いいえ,青玉の供犠ぴよ子 / 華燭なカネヒラさん / 試作型おこしん / トキシッくんｵｯｽｵｯｽ / 聖えぇじゃないか
2,316,em-2c2759ede728,?????,44,4771,2385,1,attack_buff,0.304,0.4861,96,4,8,いいえ,ハリウッドナナコ師匠 / ????? / 超患部ぴよフェッサー / ????? / 聖えぇじゃないか
2,317,em-ad084af57188,魔法使い らくがーる,38,4601,3663,2,attack_buff,0.3035,0.5139,99,1,8,いいえ,ハリウッドナナコ師匠 / 魔法使い らくがーる / トキシッくんｵｯｽｵｯｽ / ????? / 御嶽さん
2,318,em-8a1f54dc1206,讃えよ！ヒンヌー教徒,46,3393,4260,1,attribute_change,0.3029,0.4861,90,10,8,いいえ,日本海女中 / 讃えよ！ヒンヌー教徒 / 試作型おこしん / トキシッくんｵｯｽｵｯｽ / 伝説のWoo怪
2,319,em-9dc006cdc69c,解決猫キャット,5,200,900,1,heal,0.3027,0.5139,99,1,8,いいえ,有砂小町 / 解決猫キャット / 愛のぴよ子 / ????? / 御嶽さん
2,320,em-8e1d0fa65dc4,厩戸之太子大先生,24,2866,2447,1,heal,0.3021,0.5069,100,0,7,いいえ,ハリウッドナナコ師匠 / 厩戸之太子大先生 / トマティーナ少佐 / みどりのたけしマン / 御嶽さん
2,321,em-b422734eb78b,たたーる星人,15,1812,1510,2,attack_buff,0.3019,0.5347,90,10,8,いいえ,ハリウッドナナコ師匠 / たたーる星人 / 超患部ぴよフェッサー / みどりのたけしマン / 御嶽さん
2,322,em-b54ea6cda2a4,塚井さん,38,3817,2999,2,attack_buff,0.3004,0.5,98,2,8,いいえ,青玉の供犠ぴよ子 / 塚井さん / 愛のぴよ子 / ????? / 御嶽さん
2,323,em-d6f4ebe1907b,猫キャット,4,150,700,1,heal,0.3001,0.5139,98,2,8,いいえ,有砂小町 / 猫キャット / 愛のぴよ子 / ????? / 御嶽さん
2,324,em-438753e77e6c,デロスの月陽姉弟,41,3237,5453,2,heal,0.2996,0.4931,100,0,8,いいえ,ハリウッドナナコ師匠 / デロスの月陽姉弟 / 愛のぴよ子 / ????? / 御嶽さん
2,325,em-65d0268c18cf,うっす様。,6,200,900,2,attack_buff,0.2991,0.5486,100,0,8,いいえ,有砂小町 / うっす様。 / 愛のぴよ子 / ????? / 御嶽さん
2,326,em-ec5b8324ab06,袴着！いつくしーみん,36,3401,3401,2,attack_buff,0.2989,0.5069,96,4,8,いいえ,青玉の供犠ぴよ子 / 袴着！いつくしーみん / 愛のぴよ子 / ????? / 御嶽さん
2,327,em-b7b738711fb0,ちくわサンド,23,2817,2656,2,attack_buff,0.2981,0.5069,98,2,8,いいえ,ハリウッドナナコ師匠 / ちくわサンド / 超患部ぴよフェッサー / みどりのたけしマン / 御嶽さん
2,328,em-c547f488bc34,警告！クジラの尊,12,30,1410,1,attribute_change,0.298,0.5278,100,0,8,いいえ,ハリウッドナナコ師匠 / 警告！クジラの尊 / サルパちゃん / みどりのたけしマン / 御嶽さん
2,329,em-2d3e693a8406,ツキマシモン,35,3919,1704,2,attack_buff,0.2979,0.4931,95,5,8,いいえ,青玉の供犠ぴよ子 / ツキマシモン / 愛のぴよ子 / ????? / 御嶽さん
2,330,em-f781988d359e,ヤル気勢！うっす様,11,500,1300,2,attack_buff,0.2977,0.5417,98,2,8,いいえ,有砂小町 / ヤル気勢！うっす様 / 愛のぴよ子 / みどりのたけしマン / 聖えぇじゃないか
2,331,em-ecc88d69f40d,恋愛成就☆どうしん様,25,2649,2504,1,heal,0.2975,0.5,96,4,8,いいえ,青玉の供犠ぴよ子 / 恋愛成就☆どうしん様 / すわ子isGOD！ / ????? / 御嶽さん
2,332,em-8dfd3b91ca8d,総統エビユルゲ,6,1244,1159,1,attribute_change,0.2971,0.5069,100,0,8,いいえ,ダリア・宮子・9 / 総統エビユルゲ / ????? / 御嶽さん / ハリウッドナナコ師匠
2,333,em-90e071b9735c,乗り海苔カスティリャ,16,2707,1223,2,attribute_guard,0.2967,0.5,98,2,8,いいえ,有砂小町 / 乗り海苔カスティリャ / すわ子isGOD！ / 愛のぴよ子 / 聖えぇじゃないか
2,334,em-86055d05ee01,ラムネ少女じゅんちゃん,14,2113,2113,2,heal,0.2961,0.5139,98,2,8,いいえ,有砂小町 / ラムネ少女じゅんちゃん / トマティーナ少佐 / みどりのたけしマン / ハリウッドナナコ師匠
2,335,em-82e546e8de79,ランたん,29,2198,3612,2,attribute_change,0.2959,0.5208,96,4,8,いいえ,ハリウッドナナコ師匠 / ランたん / 超患部ぴよフェッサー / ????? / 御嶽さん
2,336,em-7c8471edf1df,ハロハロ☆ナモミさま,36,2556,4260,2,attack_buff,0.2959,0.5069,97,3,8,いいえ,ハリウッドナナコ師匠 / ハロハロ☆ナモミさま / トキシッくんｵｯｽｵｯｽ / ????? / 御嶽さん
2,337,em-64a5161e8307,優美な二条嬢,15,1250,1150,2,attribute_guard,0.2953,0.5417,100,0,8,いいえ,有砂小町 / 優美な二条嬢 / すわ子isGOD！ / トキシッくんｵｯｽｵｯｽ / 美才能♪かの子さん
2,338,em-ead779b4526c,乗っとるダム制度君,8,2115,535,2,revive,0.2948,0.5347,100,0,8,いいえ,有砂小町 / 乗っとるダム制度君 / サルパちゃん / ɚすぃとあろま？ / 伝説のWoo怪
2,339,em-b71282ef08a8,出番です！鴨先生！,18,1358,1356,2,guard,0.2948,0.5069,100,0,8,いいえ,金野デメ子さん / 出番です！鴨先生！ / すわ子isGOD！ / 愛のぴよ子 / 美才能♪かの子さん
2,340,em-983cb2f685ee,再びニートだ浅ちゃん,40,2044,6816,2,attack_buff,0.2948,0.5,100,0,8,いいえ,青玉の供犠ぴよ子 / 再びニートだ浅ちゃん / 愛のぴよ子 / ????? / 御嶽さん
2,341,em-95694ab0605a,超★メジェド様,44,2300,3432,2,guard,0.2938,0.4861,94,6,8,いいえ,ハリウッドナナコ師匠 / 超★メジェド様 / イチャン～(から) / 愛のぴよ子 / 伝説のWoo怪
2,342,em-42c90dd17240,GSPS！秀郷先生,34,3578,4601,2,attack_buff,0.2935,0.4931,94,6,8,いいえ,青玉の供犠ぴよ子 / GSPS！秀郷先生 / 愛のぴよ子 / ????? / 御嶽さん
2,343,em-bca7c94c15fe,ひろしマンＲ,10,1128,1128,2,heal,0.2934,0.5417,94,6,8,いいえ,有砂小町 / ひろしマンＲ / トマティーナ少佐 / みどりのたけしマン / ハリウッドナナコ師匠
2,344,em-6df3fac7ad2e,ウナギーヌ社長,9,1833,775,2,heal,0.2928,0.5278,93,7,8,いいえ,有砂小町 / ウナギーヌ社長 / トマティーナ少佐 / みどりのたけしマン / ハリウッドナナコ師匠
2,345,em-8ece38ad97a5,デンマーくん大帝,17,1269,1057,2,guard,0.2927,0.5208,94,6,8,いいえ,日本海女中 / デンマーくん大帝 / 愛のぴよ子 / みどりのたけしマン / 御嶽さん
2,346,em-e11205ce4a3f,紅蓮のＰＬぴよ子,60,3656,3656,1,attribute_change,0.2917,0.5069,100,0,8,いいえ,青玉の供犠ぴよ子 / 紅蓮のＰＬぴよ子 / 試作型おこしん / トキシッくんｵｯｽｵｯｽ / 聖えぇじゃないか
2,347,em-fbb333645878,戸隠ちび大助,14,226,2193,2,attack_buff,0.2913,0.5278,100,0,8,いいえ,ダリア・宮子・9 / 戸隠ちび大助 / トマティーナ少佐 / みどりのたけしマン / ハリウッドナナコ師匠
2,348,em-a236725222d2,紺碧のＰＬぴよ子,60,3656,3656,1,attribute_change,0.291,0.5,100,0,8,いいえ,青玉の供犠ぴよ子 / 紺碧のＰＬぴよ子 / 試作型おこしん / トキシッくんｵｯｽｵｯｽ / 聖えぇじゃないか
2,349,em-cdfbe8acd59f,はんばー先輩,24,4444,563,2,revive,0.2907,0.5139,100,0,7,いいえ,ハリウッドナナコ師匠 / はんばー先輩 / トマティーナ少佐 / みどりのたけしマン / 御嶽さん
2,350,em-ff5dd5331817,デメ子ちゃん,18,1704,3067,2,attribute_change,0.2896,0.5139,98,2,8,いいえ,ダリア・宮子・9 / デメ子ちゃん / すわ子isGOD！ / ????? / ハリウッドナナコ師匠
2,351,em-4d6101ee96b0,フィッシャーマン３,8,520,470,1,heal,0.2894,0.5417,100,0,8,いいえ,有砂小町 / フィッシャーマン３ / ????? / 御嶽さん / ハリウッドナナコ師匠
2,352,em-ceda64319ca1,蜜香のウミリンゴ,75,8520,5453,1,attack_buff,0.2894,0.4236,100,0,8,いいえ,ウシュか☆丸か / 蜜香のウミリンゴ / ＢＥＷ雪玉 / 愛のぴよ子 / ハリウッドナナコ師匠
2,353,em-640d19558093,聖なる打毬神！みるるん,19,1208,1963,2,attack_buff,0.2891,0.5208,94,6,8,いいえ,ハリウッドナナコ師匠 / 聖なる打毬神！みるるん / 超患部ぴよフェッサー / みどりのたけしマン / 御嶽さん
2,354,em-a37b305548ef,なっとくんさん,5,400,400,2,skill_reduction,0.2887,0.5139,99,1,8,いいえ,有砂小町 / なっとくんさん / 愛のぴよ子 / ????? / 御嶽さん
2,355,em-7b3e9b66e40d,叶う！クルス様,12,1699,1699,1,attribute_change,0.2883,0.5,98,2,8,いいえ,ダリア・宮子・9 / 叶う！クルス様 / トマティーナ少佐 / みどりのたけしマン / ハリウッドナナコ師匠
2,356,em-6a0e464e2855,収穫ぴよ子,10,1426,1304,1,attribute_change,0.2879,0.5139,87,13,8,いいえ,日本海女中 / 収穫ぴよ子 / 愛のぴよ子 / みどりのたけしマン / 御嶽さん
2,357,em-a91beec21e3d,やよいチゥりっぷ☆神,13,2957,563,2,attribute_change,0.2871,0.5139,90,10,8,いいえ,日本海女中 / やよいチゥりっぷ☆神 / 愛のぴよ子 / みどりのたけしマン / 御嶽さん
2,358,em-795ca1ffcb95,カム着火べあぱわー,12,664,2355,2,attack_buff,0.287,0.5069,87,13,8,いいえ,ハリウッドナナコ師匠 / カム着火べあぱわー / 超患部ぴよフェッサー / みどりのたけしマン / 御嶽さん
2,359,em-535fe684b32f,新・フィッシャーマン,10,1286,1116,1,heal,0.287,0.5,100,0,8,いいえ,有砂小町 / 新・フィッシャーマン / イチャン～(から) / ɚすぃとあろま？ / 伝説のWoo怪
2,360,em-51e67cfa8578,さくらこさーん,5,600,300,1,attribute_guard,0.2861,0.5278,99,1,8,いいえ,有砂小町 / さくらこさーん / 愛のぴよ子 / ????? / 御嶽さん
2,361,em-f4980131820e,ﾊﾛｳｨﾝのヴラドさん,41,4089,1757,2,damage_reduction,0.2861,0.4653,100,0,7,いいえ,ハリウッドナナコ師匠 / ﾊﾛｳｨﾝのヴラドさん / 愛のぴよ子 / ????? / 御嶽さん
2,362,em-59636157ae2e,コーベンパイア天爵,45,5282,1757,2,damage_reduction,0.2851,0.4444,100,0,8,いいえ,ハリウッドナナコ師匠 / コーベンパイア天爵 / サルパちゃん / トキシッくんｵｯｽｵｯｽ / 端午ぴよ子
2,363,em-c7cd54f2e503,ケラマ☆マジカ,7,1057,1198,2,attribute_guard,0.2849,0.5,99,1,8,いいえ,ダリア・宮子・9 / ケラマ☆マジカ / すわ子isGOD！ / ????? / 聖えぇじゃないか
2,364,em-e6c115665fbd,上宮之太子さま,15,1300,1150,2,heal,0.2848,0.5347,99,1,8,いいえ,有砂小町 / 上宮之太子さま / トマティーナ少佐 / みどりのたけしマン / ハリウッドナナコ師匠
2,365,em-5d696ecc61dd,カミキリ,75,5845,6134,1,attack_buff,0.2846,0.4167,98,2,7,いいえ,ウシュか☆丸か / カミキリ / ＢＥＷ雪玉 / 愛のぴよ子 / 大森さん
2,366,em-acc7e76f32c6,満開☆チゥりっぷちゃん,20,563,2957,2,attribute_change,0.2845,0.5139,97,3,8,いいえ,日本海女中 / 満開☆チゥりっぷちゃん / 愛のぴよ子 / みどりのたけしマン / 御嶽さん
2,367,em-1e9e4475c353,ゲラー･ｻﾞ･ｸﾞﾗﾃﾞｨｴｲﾀｰ,55,3408,5964,2,attack_buff,0.2839,0.4861,94,6,8,いいえ,ハリウッドナナコ師匠 / ゲラー･ｻﾞ･ｸﾞﾗﾃﾞｨｴｲﾀｰ / トマティーナ少佐 / トキシッくんｵｯｽｵｯｽ / 実はこんにゃくちゃん
2,368,em-3deff3291fd4,有閑カノープス,70,5112,6816,2,attribute_change,0.2839,0.4861,100,0,7,いいえ,試作型おこしん / 有閑カノープス / トキシッくんｵｯｽｵｯｽ / 旧市街地の魔物 / ウシュか☆丸か
2,369,em-2a20d82018a7,強飯式太子君,43,4771,3408,1,heal,0.2827,0.4444,97,3,8,いいえ,日本海女中 / 強飯式太子君 / 愛のぴよ子 / ????? / 聖えぇじゃないか
2,370,em-70861f8a23e9,ウナギーヌくん,3,800,200,2,heal,0.2825,0.5208,99,1,8,いいえ,ハリウッドナナコ師匠 / ウナギーヌくん / 田島の春 / ????? / 御嶽さん
2,371,em-6ead69ef1b01,精霊ブーナッド,16,4025,805,2,heal,0.2825,0.4931,93,7,8,いいえ,日本海女中 / 精霊ブーナッド / 愛のぴよ子 / みどりのたけしマン / 御嶽さん
2,372,em-1ec49f290f1e,ʌっぴーちゃん,8,1762,634,2,heal,0.282,0.5139,100,0,8,いいえ,有砂小町 / ʌっぴーちゃん / ????? / 御嶽さん / ハリウッドナナコ師匠
2,373,em-0c1036483550,kɔにー＆gæりー,13,1128,846,2,damage_reduction,0.2809,0.5208,94,6,7,いいえ,ダリア・宮子・9 / kɔにー＆gæりー / トマティーナ少佐 / クェーサルと仲間たち / ハリウッドナナコ師匠
2,374,em-37e222cb9f2b,いんばーぬたん,53,3748,4771,2,attack_buff,0.2808,0.4792,98,2,8,いいえ,青玉の供犠ぴよ子 / いんばーぬたん / 愛のぴよ子 / ????? / 聖えぇじゃないか
2,375,em-4fddbba71de4,大熊びぐべん,9,600,700,2,attack_buff,0.28,0.5347,95,5,8,いいえ,有砂小町 / 大熊びぐべん / サルパちゃん / トキシッくんｵｯｽｵｯｽ / 実はこんにゃくちゃん
2,376,em-e9a9af4ae9bc,梨豚ぴぐぺん,6,500,600,2,attack_buff,0.2791,0.5347,89,11,8,いいえ,愛のぴよ子 / 梨豚ぴぐぺん / すわ子isGOD！ / みどりのたけしマン / 八狗神伏姫様
2,377,em-85dad7ff7aa2,ディヤの魔人,18,2385,1704,2,heal,0.2787,0.5,98,2,8,いいえ,ハリウッドナナコ師匠 / ディヤの魔人 / サルパちゃん / ????? / 御嶽さん
2,378,em-587d1ec0e30f,偉人さんトーマスん,14,1359,2038,2,attribute_change,0.2784,0.5,100,0,8,いいえ,ダリア・宮子・9 / 偉人さんトーマスん / 試作型おこしん / クェーサルと仲間たち / 美才能♪かの子さん
2,379,em-86b9ae60356a,ブーナッドさま,14,2100,400,2,heal,0.278,0.5208,98,2,8,いいえ,有砂小町 / ブーナッドさま / トマティーナ少佐 / みどりのたけしマン / ハリウッドナナコ師匠
2,380,em-cecb4ccbb927,蝶々胡椒鯛くん,30,847,1018,2,delay,0.2775,0.4514,99,1,8,いいえ,日本海女中 / 蝶々胡椒鯛くん / 愛のぴよ子 / ????? / 御嶽さん
2,381,em-f334c541bf84,納得ん★福曼荼羅,17,1763,1860,2,attribute_change,0.2773,0.5,97,3,8,いいえ,ダリア・宮子・9 / 納得ん★福曼荼羅 / すわ子isGOD！ / ????? / ハリウッドナナコ師匠
2,382,em-c6a3687dad8c,ウナギーヌさん,5,900,350,2,heal,0.2772,0.5208,100,0,8,いいえ,有砂小町 / ウナギーヌさん / イチャン～(から) / ɚすぃとあろま？ / 聖えぇじゃないか
2,383,em-b0a6405ce878,ヒルズキング,15,859,1598,1,attack_buff,0.2772,0.4931,99,1,8,いいえ,タキシラ師匠 / ヒルズキング / サルパちゃん / ????? / 八狗神伏姫様
2,384,em-e4cc96d741ac,クル彦さん,9,702,702,1,attribute_change,0.2768,0.5208,86,14,8,いいえ,日本海女中 / クル彦さん / 愛のぴよ子 / みどりのたけしマン / 御嶽さん
2,385,em-b5fa3fe8e44e,ディープワン・ゴロウ,8,1214,1189,2,attack_buff,0.2758,0.5,95,5,8,いいえ,有砂小町 / ディープワン・ゴロウ / 試作型おこしん / 愛のぴよ子 / 御嶽さん
2,386,em-4b42211e8e80,ナモミさん,12,200,1200,2,attack_buff,0.2754,0.5139,98,2,8,いいえ,ダリア・宮子・9 / ナモミさん / トマティーナ少佐 / みどりのたけしマン / ハリウッドナナコ師匠
2,387,em-8d9e942117e5,ウナギーヌ課長,6,1000,450,2,heal,0.2754,0.5139,100,0,8,いいえ,有砂小町 / ウナギーヌ課長 / 愛のぴよ子 / ????? / 御嶽さん
2,388,em-85a7b3e2cb7d,剥ぐぞ！ナモミ先生,16,400,2100,2,attack_buff,0.2747,0.5,91,9,8,いいえ,ハリウッドナナコ師匠 / 剥ぐぞ！ナモミ先生 / 超患部ぴよフェッサー / みどりのたけしマン / 御嶽さん
2,389,em-c33cc8cd4298,ほたるんるんるん,12,1100,1600,2,attribute_change,0.2746,0.5,86,14,8,いいえ,有砂小町 / ほたるんるんるん / トリニダの怪人 / トキシッくんｵｯｽｵｯｽ / 速いぞサラマンダー！
2,390,em-3e7f24f8564c,かずらさん,6,450,650,2,guard,0.274,0.5139,100,0,8,いいえ,有砂小町 / かずらさん / 愛のぴよ子 / ????? / 御嶽さん
2,391,em-bffb26ad3975,アイヌ☆らっくるん,60,2896,6645,2,attack_buff,0.274,0.4792,99,1,8,いいえ,ハリウッドナナコ師匠 / アイヌ☆らっくるん / 試作型おこしん / トキシッくんｵｯｽｵｯｽ / 聖えぇじゃないか
2,392,em-e507272ab5af,フィッシャーマン２,6,400,400,1,heal,0.2739,0.5139,100,0,8,いいえ,有砂小町 / フィッシャーマン２ / 愛のぴよ子 / ????? / 御嶽さん
2,393,em-f3d5bcd42444,あっぴー先輩,6,1000,400,2,heal,0.2738,0.5139,100,0,8,いいえ,有砂小町 / あっぴー先輩 / 愛のぴよ子 / ????? / 御嶽さん
2,394,em-492dd4b96b0e,中央アルプスの少年,12,800,600,2,damage_reduction,0.2737,0.5208,97,3,8,いいえ,日本海女中 / 中央アルプスの少年 / 超患部ぴよフェッサー / みどりのたけしマン / 御嶽さん
2,395,em-6d0b27bbd976,なっとくんおじさん,7,496,484,2,skill_reduction,0.2734,0.4861,84,16,8,いいえ,日本海女中 / なっとくんおじさん / 愛のぴよ子 / みどりのたけしマン / 御嶽さん
2,396,em-344fce469565,豊聡之太子さん,12,830,775,2,heal,0.2732,0.5278,96,4,8,いいえ,有砂小町 / 豊聡之太子さん / トマティーナ少佐 / みどりのたけしマン / ハリウッドナナコ師匠
2,397,em-8d7a9845b04b,コーベリアル男爵,5,400,380,2,attribute_guard,0.2725,0.5208,83,17,8,いいえ,有砂小町 / コーベリアル男爵 / トマティーナ少佐 / トキシッくんｵｯｽｵｯｽ / 端午ぴよ子
2,398,em-a71e0044e313,舞楽！いつくしーみん,15,800,1600,1,attack_buff,0.272,0.4931,90,10,8,いいえ,ハリウッドナナコ師匠 / 舞楽！いつくしーみん / 超患部ぴよフェッサー / みどりのたけしマン / 御嶽さん
2,399,em-69fe49e9031d,かずら姉さん,11,650,700,2,guard,0.2717,0.5069,90,10,8,いいえ,有砂小町 / かずら姉さん / すわ子isGOD！ / トキシッくんｵｯｽｵｯｽ / 伝説のWoo怪
2,400,em-83954a93a691,閃きのヒラメちゃん,60,6560,4430,2,attribute_change,0.2711,0.4375,100,0,8,いいえ,青玉の供犠ぴよ子 / 閃きのヒラメちゃん / 試作型おこしん / トキシッくんｵｯｽｵｯｽ / 聖えぇじゃないか
2,401,em-664c9287613d,阿蘇さん,8,820,500,1,attribute_guard,0.271,0.4931,89,11,8,いいえ,ダリア・宮子・9 / 阿蘇さん / トマティーナ少佐 / クェーサルと仲間たち / ハリウッドナナコ師匠
2,402,em-f8a5ad2fd004,どうしん様,15,805,795,1,heal,0.2701,0.5069,99,1,8,いいえ,有砂小町 / どうしん様 / トマティーナ少佐 / みどりのたけしマン / ハリウッドナナコ師匠
2,403,em-2be7abbe40d1,大晦日！ナモミ先輩,14,300,1700,2,attack_buff,0.27,0.5,100,0,8,いいえ,ダリア・宮子・9 / 大晦日！ナモミ先輩 / トマティーナ少佐 / みどりのたけしマン / ハリウッドナナコ師匠
2,404,em-74a94c7750af,スーちゃん,8,603,603,1,attribute_change,0.2699,0.5139,85,15,8,いいえ,日本海女中 / スーちゃん / 愛のぴよ子 / みどりのたけしマン / 御嶽さん
2,405,em-8b48dbb598d6,高杉ぃ高杉ぃぃ！,60,7500,1704,1,attack_buff,0.2695,0.4444,99,1,8,いいえ,ハリウッドナナコ師匠 / 高杉ぃ高杉ぃぃ！ / 試作型おこしん / トキシッくんｵｯｽｵｯｽ / 聖えぇじゃないか
2,406,em-d4e50f80f825,コーベリアル,4,305,297,2,attribute_guard,0.2688,0.5139,98,2,8,いいえ,有砂小町 / コーベリアル / 愛のぴよ子 / ????? / 御嶽さん
2,407,em-f2d052955a43,大正義・フクちゃん,7,1128,1269,2,attribute_change,0.2686,0.4792,90,10,8,いいえ,ダリア・宮子・9 / 大正義・フクちゃん / トマティーナ少佐 / ɚすぃとあろま？ / 端午ぴよ子
2,408,em-879d09afc46a,アイアン下仁田,17,907,900,2,guard,0.2685,0.4931,100,0,8,いいえ,有砂小町 / アイアン下仁田 / すわ子isGOD！ / 愛のぴよ子 / 美才能♪かの子さん
2,409,em-251852280bcf,どうしんさん,12,615,605,1,heal,0.2683,0.5069,100,0,8,いいえ,ハリウッドナナコ師匠 / どうしんさん / サルパちゃん / みどりのたけしマン / 御嶽さん
2,410,em-9c40d906d190,フィッシャーマン,4,296,314,1,heal,0.2676,0.5069,98,2,8,いいえ,有砂小町 / フィッシャーマン / 愛のぴよ子 / ????? / 御嶽さん
2,411,em-b83d457ef580,王国民ゴロウ,5,390,390,2,attack_buff,0.2672,0.5139,99,1,8,いいえ,有砂小町 / 王国民ゴロウ / 愛のぴよ子 / ????? / 御嶽さん
2,412,em-643d05a15e4e,エビユルゲ大佐,5,520,460,2,attribute_change,0.2667,0.5069,99,1,8,いいえ,有砂小町 / エビユルゲ大佐 / 愛のぴよ子 / ????? / 御嶽さん
2,413,em-c78db71c2d7b,ヒルズさん,12,517,1097,1,attack_buff,0.266,0.4931,99,1,8,いいえ,有砂小町 / ヒルズさん / 愛のぴよ子 / みどりのたけしマン / 聖えぇじゃないか
2,414,em-39a55990bbc4,願え！クルスさん,11,800,800,1,attribute_change,0.2656,0.5,88,12,8,いいえ,日本海女中 / 願え！クルスさん / 愛のぴよ子 / みどりのたけしマン / 御嶽さん
2,415,em-c98972302fbd,爆誕！うっす様,9,300,1000,2,attack_buff,0.2641,0.5,95,5,8,いいえ,ダリア・宮子・9 / 爆誕！うっす様 / トマティーナ少佐 / みどりのたけしマン / ハリウッドナナコ師匠
2,416,em-c57874d99dcd,三重子大先生,11,1699,1699,1,attribute_change,0.2639,0.4653,100,0,8,いいえ,タキシラ師匠 / 三重子大先生 / サルパちゃん / みどりのたけしマン / 御嶽さん
2,417,em-c358a9d61a43,PiぐPeんとBiぐBeん,15,1208,1510,2,attack_buff,0.2633,0.4861,90,10,8,いいえ,ハリウッドナナコ師匠 / PiぐPeんとBiぐBeん / 超患部ぴよフェッサー / みどりのたけしマン / 御嶽さん
2,418,em-e9a4c94598fc,深海人ゴロウ,6,500,480,2,attack_buff,0.2621,0.5,100,0,8,いいえ,有砂小町 / 深海人ゴロウ / 愛のぴよ子 / ????? / 御嶽さん
2,419,em-e718c5b250d7,彩れくたにん,9,600,700,2,attribute_change,0.262,0.5069,86,14,8,いいえ,日本海女中 / 彩れくたにん / 愛のぴよ子 / みどりのたけしマン / 御嶽さん
2,420,em-c912b76e4dda,妖怪雪愛さま,15,950,1350,2,attribute_change,0.2619,0.4931,100,0,8,いいえ,ダリア・宮子・9 / 妖怪雪愛さま / すわ子isGOD！ / ɚすぃとあろま？ / 端午ぴよ子
2,421,em-84a7ce7d3a80,ゴロウ,4,310,302,2,attack_buff,0.2618,0.5069,98,2,8,いいえ,有砂小町 / ゴロウ / 愛のぴよ子 / ????? / 御嶽さん
2,422,em-4ea698949c11,侵略成功!?イカ翁,20,1131,1272,2,revive,0.2614,0.5,100,0,8,いいえ,ハリウッドナナコ師匠 / 侵略成功!?イカ翁 / サルパちゃん / ????? / 御嶽さん
2,423,em-d46e72def2a2,いつくしーみん,8,380,840,2,attack_buff,0.2608,0.5,95,5,8,いいえ,有砂小町 / いつくしーみん / 愛のぴよ子 / みどりのたけしマン / 聖えぇじゃないか
2,424,em-627c09c619f8,さくら…こなのか,7,888,482,1,attribute_guard,0.2605,0.4792,99,1,8,いいえ,有砂小町 / さくら…こなのか / サルパちゃん / 愛のぴよ子 / 聖えぇじゃないか
2,425,em-210e07c4044b,偉いよ！どうしん先生,19,1245,1155,1,heal,0.2599,0.4722,100,0,8,いいえ,青玉の供犠ぴよ子 / 偉いよ！どうしん先生 / サルパちゃん / ????? / 御嶽さん
2,426,em-6c215846fcb0,アン・ごろう,16,1356,1189,2,attack_buff,0.2579,0.4861,90,10,8,いいえ,有砂小町 / アン・ごろう / 試作型おこしん / トキシッくんｵｯｽｵｯｽ / 聖えぇじゃないか
2,427,em-786d95001098,可憐な二条嬢,12,810,790,2,attribute_guard,0.2578,0.4931,89,11,8,いいえ,日本海女中 / 可憐な二条嬢 / 愛のぴよ子 / みどりのたけしマン / 御嶽さん
2,428,em-0b273c3da2d3,ぴぐぺん＆びぐべん,12,700,900,2,attack_buff,0.2573,0.4931,99,1,8,いいえ,有砂小町 / ぴぐぺん＆びぐべん / 愛のぴよ子 / みどりのたけしマン / 聖えぇじゃないか
2,429,em-f14c0a7296cf,コーベリアル伯爵,7,500,480,2,attribute_guard,0.2566,0.4861,93,7,8,いいえ,有砂小町 / コーベリアル伯爵 / イチャン～(から) / 愛のぴよ子 / 端午ぴよ子
2,430,em-860d0191c03c,太子くん,8,650,590,2,heal,0.2563,0.5,100,0,8,いいえ,有砂小町 / 太子くん / ????? / 御嶽さん / ハリウッドナナコ師匠
2,431,em-a06f040c9490,冬の加奈多パレード,80,9542,5282,2,attack_buff,0.2559,0.3889,99,1,4,いいえ,皐月むりょく / 冬の加奈多パレード / 覚醒ニート / リンゴール伯爵 / 魚臣！又土くん
2,432,em-c47afb60b613,三重子先輩,10,800,800,2,attribute_change,0.254,0.4931,87,13,8,いいえ,日本海女中 / 三重子先輩 / 愛のぴよ子 / みどりのたけしマン / 御嶽さん
2,433,em-615e4701fc7f,華麗！いつくしーみん,12,660,1040,2,attack_buff,0.2533,0.4861,99,1,8,いいえ,有砂小町 / 華麗！いつくしーみん / 愛のぴよ子 / みどりのたけしマン / 聖えぇじゃないか
2,434,em-24679a7881f4,三重子さん,9,704,700,2,attribute_change,0.2526,0.4931,86,14,8,いいえ,日本海女中 / 三重子さん / 愛のぴよ子 / みどりのたけしマン / 御嶽さん
2,435,em-f33518363cb8,マチョリスト☆ばん,13,1410,775,2,attack_buff,0.2506,0.4861,88,12,8,いいえ,ハリウッドナナコ師匠 / マチョリスト☆ばん / 超患部ぴよフェッサー / みどりのたけしマン / 御嶽さん
2,436,em-5275d879d803,ｻｲｯｺくたにん,12,800,1000,2,attribute_change,0.2476,0.4722,100,0,8,いいえ,ハリウッドナナコ師匠 / ｻｲｯｺくたにん / サルパちゃん / みどりのたけしマン / 御嶽さん
2,437,em-deac9db76555,ヒルズくん,8,408,812,1,attack_buff,0.2476,0.4653,95,5,8,いいえ,有砂小町 / ヒルズくん / 愛のぴよ子 / みどりのたけしマン / 聖えぇじゃないか
2,438,em-050f0ee87c24,妖精雪愛さん,12,770,830,2,attribute_change,0.2473,0.4792,98,2,8,いいえ,ダリア・宮子・9 / 妖精雪愛さん / トマティーナ少佐 / みどりのたけしマン / ハリウッドナナコ師匠
2,439,em-e44c80aa58d3,二条嬢,8,620,600,2,attribute_guard,0.2443,0.4722,94,6,8,いいえ,有砂小町 / 二条嬢 / イチャン～(から) / 愛のぴよ子 / 端午ぴよ子
2,440,em-452bfe576bb9,ねぶるータス,16,950,1350,2,attack_buff,0.2439,0.4722,91,9,8,いいえ,ハリウッドナナコ師匠 / ねぶるータス / 超患部ぴよフェッサー / みどりのたけしマン / 御嶽さん
2,441,em-dc5f853080a2,ねぶるー,12,590,630,2,attack_buff,0.2364,0.4722,99,1,8,いいえ,有砂小町 / ねぶるー / 愛のぴよ子 / みどりのたけしマン / 聖えぇじゃないか
2,442,em-a71cd0e28586,ねぶるーさん,14,770,830,2,attack_buff,0.2303,0.4583,82,18,8,いいえ,青玉の供犠ぴよ子 / ねぶるーさん / 愛のぴよ子 / みどりのたけしマン / 御嶽さん
2,443,em-daac43f51729,四悪妖・鵺,88,9542,5964,1,attribute_change,0.2201,0.3333,100,0,4,いいえ,ハントンくん / 四悪妖・鵺 / かずらちゃん / あっぴーちゃん / ズースくん
2,444,em-872b1096af45,アシナガ,80,3748,6816,1,attack_buff,0.2104,0.2847,99,1,4,いいえ,魚臣！又土くん / アシナガ / ウナギーヌ課長 / デンマーくん二世 / 皐月ニート
2,445,em-98053d851e29,炎上魔女ベファーナ,59,2088,3748,2,revive,0.2086,0.3819,100,0,7,いいえ,青玉の供犠ぴよ子 / 炎上魔女ベファーナ / すわ子isGOD！ / ɚすぃとあろま？ / ハリウッドナナコ師匠
2,446,em-0ee8cd6c9dab,黄金時代！K・ワンダー,60,3,3,1,multi_hit_attack,0.182,0.3403,99,1,8,いいえ,ハリウッドナナコ師匠 / 黄金時代！K・ワンダー / 試作型おこしん / トキシッくんｵｯｽｵｯｽ / 聖えぇじゃないか
2,447,em-207f3b89da64,ピンギヌスのたまご,100,1,1,1,damage_reduction,0,0,101,0,0,いいえ,
3,1,em-cc181917eaeb,無双中な宗茂さん,60,6405,4941,2,aoe_attack,0.6367,0.7014,100,0,7,いいえ,試作型おこしん / カルボ姉（ねえ） / 無双中な宗茂さん / トキシッくんｵｯｽｵｯｽ / ハリウッドナナコ師匠
3,2,em-5266a394fb35,伊予・タウロス,60,4430,4941,2,multi_hit_attack,0.6246,0.6875,100,0,7,いいえ,試作型おこしん / カルボ姉（ねえ） / 伊予・タウロス / トキシッくんｵｯｽｵｯｽ / ハリウッドナナコ師匠
3,3,em-dba7b79429bc,サルパ王＆女王,60,5453,3748,2,multi_hit_attack,0.6054,0.6736,100,0,7,いいえ,試作型おこしん / カルボ姉（ねえ） / サルパ王＆女王 / トキシッくんｵｯｽｵｯｽ / ハリウッドナナコ師匠
3,4,em-8f7b014ebd06,すわ子isGOD！,18,2254,2737,2,multi_hit_attack,0.5879,0.6806,94,6,8,いいえ,有砂小町 / カルボ姉（ねえ） / すわ子isGOD！ / トキシッくんｵｯｽｵｯｽ / 実はこんにゃくちゃん
3,5,em-3fef7ee3dc51,トゥバタハのシレーナ,60,3919,4601,3,aoe_attack,0.5822,0.6944,100,0,7,いいえ,試作型おこしん / カルボ姉（ねえ） / トゥバタハのシレーナ / トキシッくんｵｯｽｵｯｽ / ハリウッドナナコ師匠
3,6,em-d518108f13e3,トランシルヴァニア家族,45,5350,6059,2,multi_hit_attack,0.5703,0.5903,97,3,7,いいえ,タキシラ師匠 / カルボ姉（ねえ） / トランシルヴァニア家族 / みどりのたけしマン / ハリウッドナナコ師匠
3,7,em-474d7b7d3bbe,イチャン～(から),26,3606,2850,2,aoe_attack,0.561,0.6458,100,0,8,いいえ,タキシラ師匠 / カルボ姉（ねえ） / イチャン～(から) / ????? / 八狗神伏姫様
3,8,em-45d954b40bc4,ジェラする？かめ姫,60,4941,3237,3,multi_hit_attack,0.5464,0.6458,100,0,7,いいえ,試作型おこしん / カルボ姉（ねえ） / ジェラする？かめ姫 / トキシッくんｵｯｽｵｯｽ / ハリウッドナナコ師匠
3,9,em-95e1d74be5b6,Ｈ・Ｆ・ウーマン,47,6305,3748,2,guard,0.5447,0.7083,88,12,7,いいえ,青玉の供犠ぴよ子 / カルボ姉（ねえ） / Ｈ・Ｆ・ウーマン / トキシッくんｵｯｽｵｯｽ / おこしんMK-2
3,10,em-14cb05f591ca,牛鬼だうわーっ！,45,3919,2556,2,multi_hit_attack,0.5437,0.5972,97,3,7,いいえ,タキシラ師匠 / カルボ姉（ねえ） / 牛鬼だうわーっ！ / みどりのたけしマン / ハリウッドナナコ師匠
3,11,em-480a0eef6d7b,ピカリャー射的ｽﾀｲﾙ,45,3786,3786,2,aoe_attack,0.5334,0.5833,97,3,7,いいえ,タキシラ師匠 / カルボ姉（ねえ） / ピカリャー射的ｽﾀｲﾙ / みどりのたけしマン / ハリウッドナナコ師匠
3,12,em-b78d9042e361,サルパちゃん,28,4362,3748,2,multi_hit_attack,0.5312,0.5556,98,2,8,いいえ,ハリウッドナナコ師匠 / 北間・クラリス嬢 / サルパちゃん / みどりのたけしマン / 御嶽さん
3,13,em-47c29240fd33,大晦日のネギそば給仕少女,40,3834,3834,2,guard,0.5306,0.7083,90,10,8,いいえ,青玉の供犠ぴよ子 / カルボ姉（ねえ） / 大晦日のネギそば給仕少女 / トキシッくんｵｯｽｵｯｽ / 聖えぇじゃないか
3,14,em-9413da55b7e0,ヤマピカリャーコ,47,4515,5095,2,multi_hit_attack,0.5299,0.5556,99,1,8,いいえ,タキシラ師匠 / カルボ姉（ねえ） / ヤマピカリャーコ / みどりのたけしマン / ハリウッドナナコ師匠
3,15,em-c0b8a38b4040,鹿喰らいの狼マン,47,4771,3748,2,multi_hit_attack,0.529,0.5625,99,1,8,いいえ,タキシラ師匠 / カルボ姉（ねえ） / 鹿喰らいの狼マン / みどりのたけしマン / ハリウッドナナコ師匠
3,16,em-5b1667b398d0,?????,46,4430,5112,2,multi_hit_attack,0.5288,0.5694,98,2,8,いいえ,タキシラ師匠 / カルボ姉（ねえ） / ????? / みどりのたけしマン / ハリウッドナナコ師匠
3,17,em-252e0359c5e1,巳ーちゃん,25,3451,2599,3,multi_hit_attack,0.5275,0.6736,99,1,8,いいえ,タキシラ師匠 / カルボ姉（ねえ） / 巳ーちゃん / ????? / 八狗神伏姫様
3,18,em-c8ed16119cbe,ヴェルラの木こり,28,3014,3162,2,guard,0.5262,0.7222,89,11,8,いいえ,青玉の供犠ぴよ子 / カルボ姉（ねえ） / ヴェルラの木こり / オペラハウス侯爵 / 端午ぴよ子
3,19,em-a818769b8b91,田島の春,44,1618,5112,2,multi_hit_attack,0.526,0.5556,95,5,8,いいえ,タキシラ師匠 / カルボ姉（ねえ） / 田島の春 / ????? / 速いぞサラマンダー！
3,20,em-a02f06328adf,ゼネコン大公,60,6134,2726,2,guard,0.5248,0.6875,98,2,8,いいえ,青玉の供犠ぴよ子 / カルボ姉（ねえ） / ゼネコン大公 / トキシッくんｵｯｽｵｯｽ / ハリウッドナナコ師匠
3,21,em-8522b1e6c291,百華百彩久連子,55,5282,5282,3,multi_hit_attack,0.5197,0.5833,94,6,7,いいえ,試作型おこしん / ペーチパイセン / 百華百彩久連子 / トキシッくんｵｯｽｵｯｽ / 端午ぴよ子
3,22,em-0fd17c65da62,大患部！ぴよ子大佐,18,2415,2861,2,multi_hit_attack,0.5126,0.6042,99,1,8,いいえ,タキシラ師匠 / えかちぇたん / 大患部！ぴよ子大佐 / ????? / 八狗神伏姫様
3,23,em-490ce6c4d005,ア、ショーカ大王,45,3067,4601,3,multi_hit_attack,0.5126,0.5833,97,3,7,いいえ,タキシラ師匠 / カルボ姉（ねえ） / ア、ショーカ大王 / みどりのたけしマン / ハリウッドナナコ師匠
3,24,em-d6ea073b633e,鬼八先生,60,8861,2556,3,delay,0.5089,0.5764,100,0,7,いいえ,試作型おこしん / カルボ姉（ねえ） / 鬼八先生 / トキシッくんｵｯｽｵｯｽ / ハリウッドナナコ師匠
3,25,em-48a7e7dd243f,鮫男子・ニタりん,60,4601,7157,3,multi_hit_attack,0.5077,0.5903,100,0,7,いいえ,青玉の供犠ぴよ子 / カルボ姉（ねえ） / 鮫男子・ニタりん / 愛のぴよ子 / 実はこんにゃくちゃん
3,26,em-4d9586371e6c,鞭・打つ子さん,38,4106,4106,3,multi_hit_attack,0.5047,0.5764,97,3,7,いいえ,タキシラ師匠 / カルボ姉（ねえ） / 鞭・打つ子さん / みどりのたけしマン / 速いぞサラマンダー！
3,27,em-845ebf2f059a,うどんの女神,39,4771,2385,2,multi_hit_attack,0.5044,0.5833,98,2,8,いいえ,タキシラ師匠 / カルボ姉（ねえ） / うどんの女神 / みどりのたけしマン / 速いぞサラマンダー！
3,28,em-378e340695dc,スクナクナクナクス,50,6816,3408,2,aoe_attack,0.5041,0.5208,88,12,8,いいえ,試作型おこしん / カルボ姉（ねえ） / スクナクナクナクス / 愛のぴよ子 / ハリウッドナナコ師匠
3,29,em-690a803a0c00,タッターさん,47,4089,2222,2,multi_hit_attack,0.5035,0.5903,99,1,8,いいえ,タキシラ師匠 / カルボ姉（ねえ） / タッターさん / みどりのたけしマン / ハリウッドナナコ師匠
3,30,em-ffea90d62e77,テイヤさん,55,1874,5282,3,multi_hit_attack,0.5035,0.5833,95,5,7,いいえ,青玉の供犠ぴよ子 / カルボ姉（ねえ） / テイヤさん / 愛のぴよ子 / 実はこんにゃくちゃん
3,31,em-6cd949ff7539,?????,53,1842,6475,2,guard,0.5031,0.7222,99,1,8,いいえ,青玉の供犠ぴよ子 / カルボ姉（ねえ） / ????? / トキシッくんｵｯｽｵｯｽ / 端午ぴよ子
3,32,em-e362f95d25c3,巳ーちゃんさん,35,4303,3451,3,multi_hit_attack,0.5012,0.6042,94,6,8,いいえ,タキシラ師匠 / カルボ姉（ねえ） / 巳ーちゃんさん / みどりのたけしマン / 速いぞサラマンダー！
3,33,em-904dc3a6cb19,ɚすぃとLulu？,24,4260,2726,3,guard,0.5,0.7361,85,15,8,いいえ,青玉の供犠ぴよ子 / カルボ姉（ねえ） / ɚすぃとLulu？ / オペラハウス侯爵 / 端午ぴよ子
3,34,em-cea68c425163,跛荒の鉄男大先生,51,4686,6625,3,multi_hit_attack,0.4999,0.5486,95,5,8,いいえ,タキシラ師匠 / カルボ姉（ねえ） / 跛荒の鉄男大先生 / ????? / ハリウッドナナコ師匠
3,35,em-90d2686cfd0d,花火戦隊サイガーRe,45,4515,5367,3,multi_hit_attack,0.4986,0.5486,97,3,7,いいえ,タキシラ師匠 / カルボ姉（ねえ） / 花火戦隊サイガーRe / みどりのたけしマン / ハリウッドナナコ師匠
3,36,em-d09d2f80d34e,トマティーナ少佐,16,3748,2130,2,multi_hit_attack,0.4975,0.5556,86,14,8,いいえ,ハリウッドナナコ師匠 / 北間・クラリス嬢 / トマティーナ少佐 / みどりのたけしマン / 御嶽さん
3,37,em-6d3c1934f67c,エンパさんの夏,50,5623,4430,2,aoe_attack,0.4962,0.5208,88,12,8,いいえ,試作型おこしん / カルボ姉（ねえ） / エンパさんの夏 / 愛のぴよ子 / ハリウッドナナコ師匠
3,38,em-7a8534cb5af6,クレリゴス子様,41,6731,2951,3,guard,0.4951,0.6944,95,5,8,いいえ,日本海女中 / えかちぇたん / クレリゴス子様 / トキシッくんｵｯｽｵｯｽ / ハリウッドナナコ師匠
3,39,em-d5ed773d56cd,夏至祭のヴァサクサ君,18,3976,2156,2,skill_reduction,0.493,0.625,100,0,8,いいえ,日本海女中 / えかちぇたん / 夏至祭のヴァサクサ君 / 愛のぴよ子 / 八狗神伏姫様
3,40,em-6ceef8f285a4,可愛馬！真純ちゃん,41,5964,4566,2,multi_hit_attack,0.4914,0.6181,100,0,8,いいえ,タキシラ師匠 / カルボ姉（ねえ） / 可愛馬！真純ちゃん / みどりのたけしマン / 速いぞサラマンダー！
3,41,em-30e2f325f3af,尾索戦隊ｻﾙﾊﾟﾝｼﾞｬｰ,28,4907,1022,2,multi_hit_attack,0.4902,0.5972,99,1,8,いいえ,青玉の供犠ぴよ子 / 北間・クラリス嬢 / 尾索戦隊ｻﾙﾊﾟﾝｼﾞｬｰ / みどりのたけしマン / 御嶽さん
3,42,em-d5ea84224259,ﾌﾗﾝﾀﾞｰｽのわんわんお,38,5538,3190,3,guard,0.4901,0.6875,100,0,7,いいえ,青玉の供犠ぴよ子 / カルボ姉（ねえ） / ﾌﾗﾝﾀﾞｰｽのわんわんお / クェーサルと仲間たち / シミ
3,43,em-258850fee1ca,時計塔の魔女娘,30,5523,1614,2,skill_reduction,0.4882,0.5903,88,12,8,いいえ,日本海女中 / えかちぇたん / 時計塔の魔女娘 / トキシッくんｵｯｽｵｯｽ / 実はこんにゃくちゃん
3,44,em-0592fa7cc27f,クェーサルと仲間たち,18,3542,2898,3,multi_hit_attack,0.4872,0.6528,98,2,8,いいえ,ダリア・宮子・9 / カルボ姉（ねえ） / クェーサルと仲間たち / ????? / ハリウッドナナコ師匠
3,45,em-33e6bfd45207,みさきパイセン,22,2737,3059,3,multi_hit_attack,0.4869,0.6736,96,4,8,いいえ,タキシラ師匠 / カルボ姉（ねえ） / みさきパイセン / ????? / 八狗神伏姫様
3,46,em-4e3940289203,スーパー軍師兵衛ズ,60,7838,2385,3,skill_reduction,0.4866,0.5764,100,0,7,いいえ,試作型おこしん / カルボ姉（ねえ） / スーパー軍師兵衛ズ / トキシッくんｵｯｽｵｯｽ / ハリウッドナナコ師匠
3,47,em-faea6a503d7f,討ち入り☆花子,58,5350,4907,3,aoe_attack,0.4862,0.5556,100,0,7,いいえ,青玉の供犠ぴよ子 / カルボ姉（ねえ） / 討ち入り☆花子 / トキシッくんｵｯｽｵｯｽ / 実はこんにゃくちゃん
3,48,em-8765daafca7a,トマティーナ中佐,40,3748,2130,2,multi_hit_attack,0.4859,0.5556,99,1,8,いいえ,タキシラ師匠 / カルボ姉（ねえ） / トマティーナ中佐 / みどりのたけしマン / 速いぞサラマンダー！
3,49,em-af9542637cdd,群れを成すサルパ,28,5453,756,2,multi_hit_attack,0.4855,0.6042,87,13,8,いいえ,タキシラ師匠 / カルボ姉（ねえ） / 群れを成すサルパ / みどりのたけしマン / 速いぞサラマンダー！
3,50,em-7747ea5c5a73,諏訪子成長期,38,3067,5623,3,multi_hit_attack,0.4851,0.5278,100,0,7,いいえ,ハリウッドナナコ師匠 / 北間・クラリス嬢 / 諏訪子成長期 / ????? / 御嶽さん
3,51,em-824a4dbb010c,守護天狗くまのたん,41,1874,7668,3,aoe_attack,0.4834,0.5486,97,3,8,いいえ,青玉の供犠ぴよ子 / 北間・クラリス嬢 / 守護天狗くまのたん / みどりのたけしマン / 聖えぇじゃないか
3,52,em-74c87c37d930,むぅむぅ,30,2839,2525,3,multi_hit_attack,0.4831,0.5833,100,0,7,いいえ,ハリウッドナナコ師匠 / 北間・クラリス嬢 / むぅむぅ / みどりのたけしマン / 御嶽さん
3,53,em-8de6e4494a60,称えよ☆メジェド様！,25,2415,2415,2,guard,0.4817,0.6944,86,14,8,いいえ,青玉の供犠ぴよ子 / カルボ姉（ねえ） / 称えよ☆メジェド様！ / オペラハウス侯爵 / 端午ぴよ子
3,54,em-cf62aeacc244,やまたのおろちん,40,2726,2726,3,multi_hit_attack,0.4796,0.5556,99,1,8,いいえ,タキシラ師匠 / カルボ姉（ねえ） / やまたのおろちん / みどりのたけしマン / 速いぞサラマンダー！
3,55,em-433922ef3e4e,夏至祭のぺた也君,53,7266,2153,2,skill_reduction,0.4792,0.5694,100,0,7,いいえ,試作型おこしん / カルボ姉（ねえ） / 夏至祭のぺた也君 / トキシッくんｵｯｽｵｯｽ / 伝説のWoo怪
3,56,em-4e2a71a8e1a6,ハチモドキアブ,55,5623,6100,2,revive,0.4791,0.7292,100,0,8,いいえ,試作型おこしん / カルボ姉（ねえ） / ハチモドキアブ / 愛のぴよ子 / 伝説のWoo怪
3,57,em-3776e81d3ee0,ヒポポタリーナ,23,3237,2862,3,multi_hit_attack,0.4785,0.6667,97,3,7,いいえ,タキシラ師匠 / カルボ姉（ねえ） / ヒポポタリーナ / ????? / 八狗神伏姫様
3,58,em-744815bd68e5,旋回のヘリコプリオン,75,8997,2675,2,aoe_attack,0.4777,0.4583,99,1,7,いいえ,ハリウッドナナコ師匠 / ペーチパイセン / 旋回のヘリコプリオン / 愛のぴよ子 / 大森さん
3,59,em-55828eea72b7,スーリヤ大先輩,48,5360,1951,2,aoe_attack,0.4774,0.5417,99,1,8,いいえ,タキシラ師匠 / カルボ姉（ねえ） / スーリヤ大先輩 / ????? / 速いぞサラマンダー！
3,60,em-cb9a138787d0,摩陀羅　潮真,27,7194,1741,2,attribute_guard,0.4772,0.6528,88,12,8,いいえ,青玉の供犠ぴよ子 / カルボ姉（ねえ） / 摩陀羅　潮真 / オペラハウス侯爵 / 端午ぴよ子
3,61,em-c3c3a8e92b71,仮面のいはと先生,25,2095,3063,3,delay,0.4764,0.6389,96,4,8,いいえ,タキシラ師匠 / カルボ姉（ねえ） / 仮面のいはと先生 / ????? / 御嶽さん
3,62,em-3488d6542112,クロゴキ,65,6134,2113,2,multi_hit_attack,0.4756,0.4931,95,5,6,いいえ,試作型おこしん / ペーチパイセン / クロゴキ / ブラジリアン首都術 / ウシュか☆丸か
3,63,em-29a5da4c1e2f,有棘画工,20,4025,805,3,multi_hit_attack,0.475,0.6458,94,6,8,いいえ,タキシラ師匠 / カルボ姉（ねえ） / 有棘画工 / ????? / 八狗神伏姫様
3,64,em-825d090d7d15,比保々田 真純,31,4601,3714,2,multi_hit_attack,0.4728,0.5972,94,6,8,いいえ,青玉の供犠ぴよ子 / 北間・クラリス嬢 / 比保々田 真純 / ????? / 御嶽さん
3,65,em-371b0bc06848,やっとの神,50,2933,2919,3,multi_hit_attack,0.4712,0.5417,94,6,8,いいえ,タキシラ師匠 / カルボ姉（ねえ） / やっとの神 / ????? / ハリウッドナナコ師匠
3,66,em-32ef1535a66a,ハバキたん,60,6816,4260,3,damage_reduction,0.4703,0.6597,98,2,8,いいえ,青玉の供犠ぴよ子 / カルボ姉（ねえ） / ハバキたん / トキシッくんｵｯｽｵｯｽ / ハリウッドナナコ師匠
3,67,em-fa3191833d67,エヴァン,28,3381,2776,2,damage_reduction,0.4697,0.6667,89,11,8,いいえ,青玉の供犠ぴよ子 / カルボ姉（ねえ） / エヴァン / オペラハウス侯爵 / 端午ぴよ子
3,68,em-5b97cf2d5a88,やまたのおろちん,40,2726,2726,3,multi_hit_attack,0.4696,0.5903,99,1,8,いいえ,タキシラ師匠 / カルボ姉（ねえ） / やまたのおろちん / みどりのたけしマン / 速いぞサラマンダー！
3,69,em-2f9e3ad50fc8,やまなしーヌの心,25,2415,2576,3,skill_reduction,0.469,0.625,96,4,8,いいえ,タキシラ師匠 / カルボ姉（ねえ） / やまなしーヌの心 / ????? / 御嶽さん
3,70,em-95694ab0605a,超★メジェド様,44,2300,3432,2,guard,0.4682,0.6736,98,2,8,いいえ,日本海女中 / えかちぇたん / 超★メジェド様 / トキシッくんｵｯｽｵｯｽ / ハリウッドナナコ師匠
3,71,em-a3563f41a151,ラクダンデス隊長,38,4941,3578,2,guard,0.4669,0.6319,99,1,7,いいえ,タキシラ師匠 / カルボ姉（ねえ） / ラクダンデス隊長 / 御嶽さん / ハリウッドナナコ師匠
3,72,em-690b5b221287,メルクさん,17,2114,1812,2,aoe_attack,0.4669,0.5833,97,3,8,いいえ,ダリア・宮子・9 / カルボ姉（ねえ） / メルクさん / ????? / ハリウッドナナコ師匠
3,73,em-454ebee4a0cd,3人はフォニピュア,60,4941,3578,2,damage_reduction,0.4647,0.6319,98,2,8,いいえ,青玉の供犠ぴよ子 / カルボ姉（ねえ） / 3人はフォニピュア / トキシッくんｵｯｽｵｯｽ / ハリウッドナナコ師匠
3,74,em-58dbb7bc9653,六点魔王ノッブ,58,3408,5964,3,multi_hit_attack,0.4635,0.625,100,0,7,いいえ,青玉の供犠ぴよ子 / カルボ姉（ねえ） / 六点魔王ノッブ / トキシッくんｵｯｽｵｯｽ / 実はこんにゃくちゃん
3,75,em-2b7450b3b8b1,トンコー先生,15,1510,1510,3,multi_hit_attack,0.4626,0.5972,95,5,8,いいえ,ダリア・宮子・9 / カルボ姉（ねえ） / トンコー先生 / ????? / ハリウッドナナコ師匠
3,76,em-d0ab149939aa,製鉄所★澤先輩,24,5313,1771,3,skill_reduction,0.4605,0.5694,99,1,8,いいえ,日本海女中 / カルボ姉（ねえ） / 製鉄所★澤先輩 / 愛のぴよ子 / 八狗神伏姫様
3,77,em-a04fcf6167db,いはと先生,17,2093,3059,3,delay,0.4601,0.5833,99,1,8,いいえ,日本海女中 / えかちぇたん / いはと先生 / 愛のぴよ子 / 八狗神伏姫様
3,78,em-7f3eb7b8272c,にゅー先生,15,700,2200,2,guard,0.4578,0.6875,95,5,8,いいえ,有砂小町 / カルボ姉（ねえ） / にゅー先生 / トキシッくんｵｯｽｵｯｽ / 端午ぴよ子
3,79,em-5ad05ec11a09,三連星のオコオコ,37,3834,3834,3,multi_hit_attack,0.4578,0.6181,96,4,8,いいえ,タキシラ師匠 / カルボ姉（ねえ） / 三連星のオコオコ / みどりのたけしマン / 速いぞサラマンダー！
3,80,em-039a051d72bb,伊万里の重畳,36,4260,3919,3,delay,0.4568,0.5764,100,0,8,いいえ,タキシラ師匠 / カルボ姉（ねえ） / 伊万里の重畳 / みどりのたけしマン / 聖えぇじゃないか
3,81,em-814151a5ca65,登別ッキー,35,2556,6134,2,skill_reduction,0.4561,0.5625,99,1,8,いいえ,タキシラ師匠 / カルボ姉（ねえ） / 登別ッキー / みどりのたけしマン / 聖えぇじゃないか
3,82,em-7914d5cdb04d,芋神よしあき,32,4130,2753,3,multi_hit_attack,0.4556,0.6667,98,2,8,いいえ,青玉の供犠ぴよ子 / カルボ姉（ねえ） / 芋神よしあき / 愛のぴよ子 / 八狗神伏姫様
3,83,em-59a8f156dec4,クロアリ,60,4089,4089,3,multi_hit_attack,0.4517,0.6111,100,0,7,いいえ,試作型おこしん / カルボ姉（ねえ） / クロアリ / トキシッくんｵｯｽｵｯｽ / ハリウッドナナコ師匠
3,84,em-d941ef4d2c66,紫禁嬢,34,4692,2801,2,damage_reduction,0.4503,0.6528,97,3,8,いいえ,青玉の供犠ぴよ子 / カルボ姉（ねえ） / 紫禁嬢 / 愛のぴよ子 / 御嶽さん
3,85,em-6ff1562355a9,ファジル先生,12,2256,1128,2,multi_hit_attack,0.4503,0.6042,94,6,8,いいえ,タキシラ師匠 / カルボ姉（ねえ） / ファジル先生 / みどりのたけしマン / 八狗神伏姫様
3,86,em-52de8bb54262,ボビンちゃん,33,3748,4771,3,damage_reduction,0.4498,0.6597,96,4,8,いいえ,青玉の供犠ぴよ子 / カルボ姉（ねえ） / ボビンちゃん / 愛のぴよ子 / 御嶽さん
3,87,em-d67f8f409078,芋神よしあき,31,4130,2753,2,multi_hit_attack,0.4496,0.5764,94,6,8,いいえ,北間・クラリス嬢 / カルボ姉（ねえ） / 芋神よしあき / みどりのたけしマン / 速いぞサラマンダー！
3,88,em-f5c067498bab,深窓のやまなしーヌ,17,1661,1812,3,skill_reduction,0.4477,0.6181,99,1,8,いいえ,日本海女中 / えかちぇたん / 深窓のやまなしーヌ / 愛のぴよ子 / 八狗神伏姫様
3,89,em-29cc8a9cf9cd,ビール売りの小娘,18,1516,3638,3,skill_reduction,0.4467,0.6042,100,0,8,いいえ,日本海女中 / えかちぇたん / ビール売りの小娘 / 愛のぴよ子 / 八狗神伏姫様
3,90,em-fca49f3752f8,電波姫☆いまりちゃん,38,3919,4260,3,delay,0.4464,0.5139,100,0,7,いいえ,ハリウッドナナコ師匠 / 北間・クラリス嬢 / 電波姫☆いまりちゃん / ????? / 御嶽さん
3,91,em-c4b0b6848f16,?????,17,2828,2470,3,skill_reduction,0.4461,0.6042,99,1,8,いいえ,日本海女中 / えかちぇたん / ????? / 愛のぴよ子 / 八狗神伏姫様
3,92,em-0d48fb639618,どうする？リオンさん,18,2093,2737,3,delay,0.446,0.6181,100,0,8,いいえ,日本海女中 / えかちぇたん / どうする？リオンさん / 愛のぴよ子 / 八狗神伏姫様
3,93,em-f13a3baa139d,伝説のビスカやん！,9,1893,1241,2,skill_reduction,0.4452,0.6319,100,0,8,いいえ,ダリア・宮子・9 / カルボ姉（ねえ） / 伝説のビスカやん！ / ????? / 眠里　不可緒
3,94,em-7b7bc6faa9ba,パティは実況勢,41,5623,3352,2,damage_reduction,0.4445,0.6319,95,5,8,いいえ,日本海女中 / えかちぇたん / パティは実況勢 / トキシッくんｵｯｽｵｯｽ / ハリウッドナナコ師匠
3,95,em-d7e6501e0b63,ダークるる,60,4771,4771,3,damage_reduction,0.4443,0.6806,98,2,8,いいえ,青玉の供犠ぴよ子 / カルボ姉（ねえ） / ダークるる / トキシッくんｵｯｽｵｯｽ / ハリウッドナナコ師匠
3,96,em-e15fbf6ecd0c,シャーロック&エッジュ,41,4260,5112,2,skill_reduction,0.4437,0.5347,100,0,8,いいえ,(Ｕ^ω^)亭馬琴 / えかちぇたん / シャーロック&エッジュ / トキシッくんｵｯｽｵｯｽ / ハリウッドナナコ師匠
3,97,em-7f18b9c64c74,家族贖罪という字面,40,5964,1704,3,damage_reduction,0.4431,0.625,86,14,8,いいえ,青玉の供犠ぴよ子 / カルボ姉（ねえ） / 家族贖罪という字面 / トキシッくんｵｯｽｵｯｽ / 端午ぴよ子
3,98,em-aae4f48cb489,もん親方,28,3748,3748,2,attribute_guard,0.4423,0.6597,89,11,8,いいえ,青玉の供犠ぴよ子 / カルボ姉（ねえ） / もん親方 / オペラハウス侯爵 / 端午ぴよ子
3,99,em-d020ce26e899,ＴＡＳマニア先輩,40,5964,3418,3,skill_reduction,0.442,0.5278,96,4,7,いいえ,タキシラ師匠 / カルボ姉（ねえ） / ＴＡＳマニア先輩 / ????? / 聖えぇじゃないか
3,100,em-eb57ed2cb1f2,ペパりんズクッキング,60,6305,3237,3,delay,0.4417,0.5347,100,0,7,いいえ,試作型おこしん / カルボ姉（ねえ） / ペパりんズクッキング / トキシッくんｵｯｽｵｯｽ / ハリウッドナナコ師匠
3,101,em-6262a008b5c9,脱力コンビあろま＆るる,38,3067,5623,2,skill_reduction,0.4417,0.5208,100,0,7,いいえ,ハリウッドナナコ師匠 / 北間・クラリス嬢 / 脱力コンビあろま＆るる / ????? / 御嶽さん
3,102,em-b8168a7a90ca,大杉に願いを☆ミ,39,5129,3067,2,attribute_guard,0.4414,0.6319,100,0,8,いいえ,タキシラ師匠 / カルボ姉（ねえ） / 大杉に願いを☆ミ / 御嶽さん / ハリウッドナナコ師匠
3,103,em-272a71a9c15d,キラカードなエッシュ,12,1812,1510,3,skill_reduction,0.4406,0.6042,100,0,8,いいえ,ダリア・宮子・9 / カルボ姉（ねえ） / キラカードなエッシュ / みどりのたけしマン / ハリウッドナナコ師匠
3,104,em-7ba25345ffb0,シーさま,60,4601,4601,3,delay,0.4406,0.5347,100,0,7,いいえ,試作型おこしん / カルボ姉（ねえ） / シーさま / トキシッくんｵｯｽｵｯｽ / ハリウッドナナコ師匠
3,105,em-68afa2dec462,みどりのたけしマン,23,2592,2432,3,damage_reduction,0.4404,0.6667,98,2,8,いいえ,ハリウッドナナコ師匠 / カルボ姉（ねえ） / みどりのたけしマン / 御嶽さん / シミ
3,106,em-cfe553ea56a6,あまのちゃんパイセン,22,3220,805,3,multi_hit_attack,0.4386,0.6528,96,4,8,いいえ,タキシラ師匠 / カルボ姉（ねえ） / あまのちゃんパイセン / ????? / 八狗神伏姫様
3,107,em-ab9b2ce76191,B・O・B,37,4935,3244,3,delay,0.4384,0.5139,90,10,8,いいえ,????? / カルボ姉（ねえ） / B・O・B / 愛のぴよ子 / 端午ぴよ子
3,108,em-2f36c9341591,☆龍神☆尊氏様,85,9372,5623,2,multi_hit_attack,0.4368,0.3472,100,0,4,いいえ,猫キャット / 解決猫キャット / ☆龍神☆尊氏様 / ズースくん / 大森さん
3,109,em-4819d53ddb48,ブハラ師匠,39,5708,3237,3,heal,0.4353,0.6667,100,0,8,いいえ,日本海女中 / カルボ姉（ねえ） / ブハラ師匠 / みどりのたけしマン / ハリウッドナナコ師匠
3,110,em-1749aff71419,ミシャグジさまさま,60,6986,3578,2,attack_buff,0.4353,0.6458,100,0,7,いいえ,試作型おこしん / カルボ姉（ねえ） / ミシャグジさまさま / トキシッくんｵｯｽｵｯｽ / ハリウッドナナコ師匠
3,111,em-aeee7aac1b71,ジンジャーブレッド男,20,4143,2440,2,attack_buff,0.4338,0.6528,94,6,8,いいえ,タキシラ師匠 / カルボ姉（ねえ） / ジンジャーブレッド男 / ????? / 八狗神伏姫様
3,112,em-9b97e564ea43,ユールシスター☆ノエルん,43,5523,4112,3,multi_hit_attack,0.4333,0.5764,94,6,7,いいえ,タキシラ師匠 / カルボ姉（ねえ） / ユールシスター☆ノエルん / ????? / 速いぞサラマンダー！
3,113,em-42e9353377ee,吉野スライム♂,40,5078,2078,3,skill_reduction,0.4311,0.5,96,4,7,いいえ,タキシラ師匠 / カルボ姉（ねえ） / 吉野スライム♂ / ????? / 聖えぇじゃないか
3,114,em-682cda3863fb,脱力コンビあろま＆るる,48,3067,5623,2,skill_reduction,0.431,0.5417,100,0,8,いいえ,タキシラ師匠 / カルボ姉（ねえ） / 脱力コンビあろま＆るる / みどりのたけしマン / ハリウッドナナコ師匠
3,115,em-f9383e2e4919,ユハンヌスのサウナー,42,5231,3067,3,damage_reduction,0.4308,0.6458,98,2,8,いいえ,ハリウッドナナコ師匠 / えかちぇたん / ユハンヌスのサウナー / トキシッくんｵｯｽｵｯｽ / 聖えぇじゃないか
3,116,em-bd35a359234a,ジョーカーくん,18,805,3935,3,skill_reduction,0.4308,0.5764,100,0,8,いいえ,日本海女中 / えかちぇたん / ジョーカーくん / 愛のぴよ子 / 八狗神伏姫様
3,117,em-7b76cc31326e,迷走のヴァニ江,36,4379,2505,2,damage_reduction,0.4304,0.6389,99,1,8,いいえ,青玉の供犠ぴよ子 / カルボ姉（ねえ） / 迷走のヴァニ江 / 愛のぴよ子 / 御嶽さん
3,118,em-a11a3441fd8e,レンネルアルケニー,43,2896,3919,2,damage_reduction,0.4302,0.6181,99,1,8,いいえ,タキシラ師匠 / カルボ姉（ねえ） / レンネルアルケニー / ????? / 聖えぇじゃないか
3,119,em-67086191a83f,マダラなシオマネキ君,27,5490,1059,2,attribute_guard,0.4296,0.625,88,12,8,いいえ,青玉の供犠ぴよ子 / カルボ姉（ねえ） / マダラなシオマネキ君 / オペラハウス侯爵 / 端午ぴよ子
3,120,em-4533a7697d48,謀反人ミッツ,60,6645,4430,3,damage_reduction,0.4293,0.625,98,2,8,いいえ,青玉の供犠ぴよ子 / カルボ姉（ねえ） / 謀反人ミッツ / トキシッくんｵｯｽｵｯｽ / ハリウッドナナコ師匠
3,121,em-c816189f2294,ブッダがやって来る！,17,1510,1510,2,delay,0.4286,0.6111,99,1,8,いいえ,日本海女中 / えかちぇたん / ブッダがやって来る！ / 愛のぴよ子 / 八狗神伏姫様
3,122,em-b7b738711fb0,ちくわサンド,23,2817,2656,2,attack_buff,0.4278,0.6528,97,3,8,いいえ,タキシラ師匠 / カルボ姉（ねえ） / ちくわサンド / ????? / 八狗神伏姫様
3,123,em-f7f78d464e92,ウミウサーヌ,60,3408,4601,3,guard,0.4266,0.6528,98,2,8,いいえ,青玉の供犠ぴよ子 / カルボ姉（ねえ） / ウミウサーヌ / トキシッくんｵｯｽｵｯｽ / ハリウッドナナコ師匠
3,124,em-15b63ea7b4c3,タオるんさん先輩師匠,14,1510,2180,2,attribute_guard,0.4262,0.6806,94,6,8,いいえ,有砂小町 / カルボ姉（ねえ） / タオるんさん先輩師匠 / トキシッくんｵｯｽｵｯｽ / 端午ぴよ子
3,125,em-228697ae4ca1,かつお☆カーニバル,7,1128,1198,2,skill_reduction,0.4253,0.6111,95,5,8,いいえ,ダリア・宮子・9 / カルボ姉（ねえ） / かつお☆カーニバル / みどりのたけしマン / ハリウッドナナコ師匠
3,126,em-4c2a43ecd770,ナンマトル君,14,2115,2115,2,skill_reduction,0.4252,0.5694,77,23,8,いいえ,日本海女中 / カルボ姉（ねえ） / ナンマトル君 / ????? / 巨大カンテツ
3,127,em-2d3e693a8406,ツキマシモン,35,3919,1704,2,attack_buff,0.4249,0.6111,94,6,8,いいえ,タキシラ師匠 / カルボ姉（ねえ） / ツキマシモン / みどりのたけしマン / 速いぞサラマンダー！
3,128,em-d138d4e46038,きぬたン,48,3067,4771,2,attack_buff,0.4241,0.5764,99,1,8,いいえ,タキシラ師匠 / カルボ姉（ねえ） / きぬたン / ????? / 速いぞサラマンダー！
3,129,em-96a3648b46e2,チョコ染めの安井さん,32,3646,4089,3,guard,0.4233,0.625,95,5,8,いいえ,青玉の供犠ぴよ子 / カルボ姉（ねえ） / チョコ染めの安井さん / 愛のぴよ子 / 御嶽さん
3,130,em-9fe53d26e9cb,ロイ・マタ先輩,46,2726,6816,3,multi_hit_attack,0.4228,0.5694,98,2,8,いいえ,タキシラ師匠 / カルボ姉（ねえ） / ロイ・マタ先輩 / みどりのたけしマン / ハリウッドナナコ師匠
3,131,em-076deec8d0c8,羊蟹☆こ祝いくん,24,2093,2737,3,delay,0.4215,0.5694,95,5,8,いいえ,タキシラ師匠 / カルボ姉（ねえ） / 羊蟹☆こ祝いくん / ????? / 御嶽さん
3,132,em-e778e99b9218,不敵な笑みのニタりん,16,1363,2556,3,multi_hit_attack,0.4208,0.5417,93,7,8,いいえ,ダリア・宮子・9 / カルボ姉（ねえ） / 不敵な笑みのニタりん / ɚすぃとあろま？ / ハリウッドナナコ師匠
3,133,em-2d179e9f0835,ﾇｯと出る☆ウイス君,36,5354,2486,2,attack_buff,0.4206,0.5833,95,5,8,いいえ,タキシラ師匠 / カルボ姉（ねえ） / ﾇｯと出る☆ウイス君 / みどりのたけしマン / 速いぞサラマンダー！
3,134,em-d368809aa822,ﾜﾙﾌﾟﾙｷﾞｽなメル子様,39,6560,3152,3,attribute_guard,0.4177,0.6111,100,0,8,いいえ,タキシラ師匠 / カルボ姉（ねえ） / ﾜﾙﾌﾟﾙｷﾞｽなメル子様 / 御嶽さん / ハリウッドナナコ師匠
3,135,em-3f6affd1acff,ハンニバル力(りょく),58,7497,2385,3,aoe_attack,0.4177,0.6042,100,0,7,いいえ,青玉の供犠ぴよ子 / カルボ姉（ねえ） / ハンニバル力(りょく) / トキシッくんｵｯｽｵｯｽ / 実はこんにゃくちゃん
3,136,em-916052b33162,リンゴルモア大王,7,1269,1128,3,delay,0.4174,0.5972,95,5,8,いいえ,ダリア・宮子・9 / カルボ姉（ねえ） / リンゴルモア大王 / みどりのたけしマン / ハリウッドナナコ師匠
3,137,em-814b464a2192,ナナホシ,50,5044,5044,3,skill_reduction,0.4168,0.4861,99,1,8,いいえ,タキシラ師匠 / カルボ姉（ねえ） / ナナホシ / ɚすぃとあろま？ / 端午ぴよ子
3,138,em-3e7e7e54a83d,妖精女王ミカーンニア,45,3408,4771,2,skill_reduction,0.4167,0.5278,97,3,7,いいえ,タキシラ師匠 / カルボ姉（ねえ） / 妖精女王ミカーンニア / みどりのたけしマン / ハリウッドナナコ師匠
3,139,em-e3dab98c64af,試作型おこしん,8,2265,1510,2,attribute_guard,0.4162,0.6042,98,2,7,いいえ,ダリア・宮子・9 / えかちぇたん / 試作型おこしん / クェーサルと仲間たち / ハリウッドナナコ師匠
3,140,em-88028fdebb04,オペラハウス侯爵,24,3154,3177,3,revive,0.4158,0.6736,95,5,8,いいえ,青玉の供犠ぴよ子 / カルボ姉（ねえ） / オペラハウス侯爵 / ????? / 御嶽さん
3,141,em-46432847d531,ＢＥＷ雪玉,8,2538,705,3,attack_buff,0.4143,0.6597,96,4,8,いいえ,ダリア・宮子・9 / カルボ姉（ねえ） / ＢＥＷ雪玉 / みどりのたけしマン / ハリウッドナナコ師匠
3,142,em-aae1801458f8,ɚすぃとあろま？,12,3748,681,3,guard,0.4141,0.625,97,3,8,いいえ,有砂小町２ＰＣ / 夏至祭のヴァサクサ君 / ɚすぃとあろま？ / トキシッくんｵｯｽｵｯｽ / 美才能♪かの子さん
3,143,em-a7fc49aa8c73,広報担当：アッシュ,37,5112,3748,2,attribute_guard,0.4132,0.5903,100,0,8,いいえ,青玉の供犠ぴよ子 / カルボ姉（ねえ） / 広報担当：アッシュ / 愛のぴよ子 / 御嶽さん
3,144,em-c545b5a51997,トリニダの怪人,13,4077,1057,2,skill_reduction,0.4131,0.5347,99,1,8,いいえ,タキシラ師匠 / えかちぇたん / トリニダの怪人 / みどりのたけしマン / 御嶽さん
3,145,em-eb9cb098a2c1,加留多ヘナ造,18,2898,2737,2,damage_reduction,0.4127,0.5972,100,0,7,いいえ,有砂小町 / カルボ姉（ねえ） / 加留多ヘナ造 / 愛のぴよ子 / 聖えぇじゃないか
3,146,em-2e3e250aef5e,IMO NI FESTIVAL 2018,14,1837,1161,3,aoe_attack,0.412,0.6458,94,6,8,いいえ,ダリア・宮子・9 / カルボ姉（ねえ） / IMO NI FESTIVAL 2018 / ????? / ハリウッドナナコ師匠
3,147,em-6c2ea8631e0d,深海美少年モヅルン,37,5964,2385,3,attribute_guard,0.4113,0.625,99,1,8,いいえ,青玉の供犠ぴよ子 / カルボ姉（ねえ） / 深海美少年モヅルン / クェーサルと仲間たち / シミ
3,148,em-99eb90e0260f,傾国の二条嬢,17,2656,2495,2,attribute_guard,0.4112,0.6389,100,0,7,いいえ,ダリア・宮子・9 / カルボ姉（ねえ） / 傾国の二条嬢 / クェーサルと仲間たち / ハリウッドナナコ師匠
3,149,em-d695befcbdc2,収穫☆にいがタン,26,4508,3655,3,attribute_guard,0.4108,0.6181,87,13,8,いいえ,青玉の供犠ぴよ子 / カルボ姉（ねえ） / 収穫☆にいがタン / オペラハウス侯爵 / 端午ぴよ子
3,150,em-8ece38ad97a5,デンマーくん大帝,17,1269,1057,2,guard,0.4094,0.6319,100,0,7,いいえ,ダリア・宮子・9 / カルボ姉（ねえ） / デンマーくん大帝 / クェーサルと仲間たち / ハリウッドナナコ師匠
3,151,em-ed68f4e03a58,欣喜ぴよ子,10,1785,1812,2,guard,0.4081,0.6042,100,0,7,いいえ,ダリア・宮子・9 / えかちぇたん / 欣喜ぴよ子 / クェーサルと仲間たち / ハリウッドナナコ師匠
3,152,em-d9e193a7c929,斑鳩の太子くん,36,4260,2896,2,heal,0.4074,0.6181,100,0,8,いいえ,青玉の供犠ぴよ子 / カルボ姉（ねえ） / 斑鳩の太子くん / みどりのたけしマン / 聖えぇじゃないか
3,153,em-f4980131820e,ﾊﾛｳｨﾝのヴラドさん,41,4089,1757,2,damage_reduction,0.4072,0.6111,95,5,7,いいえ,日本海女中 / えかちぇたん / ﾊﾛｳｨﾝのヴラドさん / トキシッくんｵｯｽｵｯｽ / ハリウッドナナコ師匠
3,154,em-7fd9b48cee31,七夕星人☆たたるんるん,20,3220,1610,2,attack_buff,0.4071,0.5972,100,0,8,いいえ,ダリア・宮子・9 / カルボ姉（ねえ） / 七夕星人☆たたるんるん / ????? / ハリウッドナナコ師匠
3,155,em-b08b3e6f22a8,フィッシャーマン三平,17,1286,1316,2,guard,0.4069,0.625,100,0,7,いいえ,ダリア・宮子・9 / カルボ姉（ねえ） / フィッシャーマン三平 / クェーサルと仲間たち / ハリウッドナナコ師匠
3,156,em-da8da47e0c9c,さるぼぼ・ぼーぼぼ,14,1661,2114,3,aoe_attack,0.4064,0.5278,85,15,8,いいえ,青玉の供犠ぴよ子 / 北間・クラリス嬢 / さるぼぼ・ぼーぼぼ / みどりのたけしマン / 御嶽さん
3,157,em-0984e8e9ee06,加賀のカブキ者,60,4430,6816,2,attack_buff,0.4056,0.5903,100,0,7,いいえ,試作型おこしん / カルボ姉（ねえ） / 加賀のカブキ者 / トキシッくんｵｯｽｵｯｽ / ハリウッドナナコ師匠
3,158,em-314fadaf0ea9,オシラサマ,28,4260,3322,3,heal,0.4027,0.6389,99,1,8,いいえ,青玉の供犠ぴよ子 / カルボ姉（ねえ） / オシラサマ / ????? / 御嶽さん
3,159,em-4206205a0bb1,リュウ・ツカイ,60,5708,4515,2,attack_buff,0.4022,0.5764,100,0,7,いいえ,青玉の供犠ぴよ子 / カルボ姉（ねえ） / リュウ・ツカイ / 愛のぴよ子 / 実はこんにゃくちゃん
3,160,em-d77542ffe604,?????,42,6475,3067,2,attack_buff,0.4022,0.5625,84,16,8,いいえ,青玉の供犠ぴよ子 / カルボ姉（ねえ） / ????? / トキシッくんｵｯｽｵｯｽ / 実はこんにゃくちゃん
3,161,em-edb254f0a679,カナちゃんのなごみ,41,5453,3408,2,heal,0.4019,0.6111,97,3,8,いいえ,青玉の供犠ぴよ子 / カルボ姉（ねえ） / カナちゃんのなごみ / ????? / 聖えぇじゃないか
3,162,em-874769710492,さふらんらん,8,1734,888,3,skill_reduction,0.4018,0.5764,96,4,8,いいえ,ダリア・宮子・9 / カルボ姉（ねえ） / さふらんらん / みどりのたけしマン / ハリウッドナナコ師匠
3,163,em-6e1b672bdbe8,いやひこにゃん,18,2718,1057,3,delay,0.4014,0.6042,100,0,8,いいえ,日本海女中 / えかちぇたん / いやひこにゃん / 愛のぴよ子 / 八狗神伏姫様
3,164,em-6c5a2955b199,ほぼネ甲ネイ・テウケ,26,3059,2737,2,attack_buff,0.401,0.6181,100,0,8,いいえ,タキシラ師匠 / カルボ姉（ねえ） / ほぼネ甲ネイ・テウケ / ????? / 八狗神伏姫様
3,165,em-bcb9b03bfeed,サンカクドナウ,13,1739,1739,3,multi_hit_attack,0.4009,0.5764,90,10,8,いいえ,ダリア・宮子・9 / カルボ姉（ねえ） / サンカクドナウ / ɚすぃとあろま？ / ハリウッドナナコ師匠
3,166,em-4e9bf489ecd9,怒りのマッキニキ,14,2416,1359,3,damage_reduction,0.4005,0.6528,98,2,8,いいえ,日本海女中 / えかちぇたん / 怒りのマッキニキ / ブハラ師匠 / ハリウッドナナコ師匠
3,167,em-bb2bd26d4796,のり男の浪漫,36,3098,2695,2,attribute_guard,0.3999,0.5903,97,3,7,いいえ,タキシラ師匠 / カルボ姉（ねえ） / のり男の浪漫 / 御嶽さん / ハリウッドナナコ師匠
3,168,em-a94a52532d71,あまのちゃん先輩,20,1200,500,3,multi_hit_attack,0.3995,0.6458,94,6,8,いいえ,タキシラ師匠 / カルボ姉（ねえ） / あまのちゃん先輩 / ????? / 八狗神伏姫様
3,169,em-9ac3c0929f90,オコオコ,11,1704,1704,3,attack_buff,0.3995,0.6458,100,0,8,いいえ,タキシラ師匠 / えかちぇたん / オコオコ / みどりのたけしマン / 八狗神伏姫様
3,170,em-eb8dcb3ecb46,ヨーコ須賀パイセン,45,5964,3237,3,attribute_guard,0.3995,0.5972,99,1,8,いいえ,日本海女中 / えかちぇたん / ヨーコ須賀パイセン / トキシッくんｵｯｽｵｯｽ / ハリウッドナナコ師匠
3,171,em-d22cc44e6b53,ニタりん,16,1090,2044,3,multi_hit_attack,0.3995,0.5347,87,13,8,いいえ,青玉の供犠ぴよ子 / 北間・クラリス嬢 / ニタりん / みどりのたけしマン / 御嶽さん
3,172,em-db2c3576c544,すわ子☆神,15,1100,1400,3,multi_hit_attack,0.3994,0.5278,85,15,8,いいえ,ハリウッドナナコ師匠 / 北間・クラリス嬢 / すわ子☆神 / みどりのたけしマン / 御嶽さん
3,173,em-361f82120d03,オイボくん,40,6645,2556,2,attack_buff,0.3991,0.5625,99,1,8,いいえ,タキシラ師匠 / カルボ姉（ねえ） / オイボくん / みどりのたけしマン / 速いぞサラマンダー！
3,174,em-7a58e59098c4,森神ブーナッド,36,4941,3408,2,heal,0.3988,0.6389,100,0,8,いいえ,青玉の供犠ぴよ子 / カルボ姉（ねえ） / 森神ブーナッド / みどりのたけしマン / 聖えぇじゃないか
3,175,em-7e35b72ac7e4,琵琶子ｲﾘｭｰｼﾞｮﾝ！,13,1809,1190,3,damage_reduction,0.3987,0.6528,96,4,7,いいえ,ダリア・宮子・9 / カルボ姉（ねえ） / 琵琶子ｲﾘｭｰｼﾞｮﾝ！ / クェーサルと仲間たち / ハリウッドナナコ師匠
3,176,em-36ce9827163b,検非違使なけいび氏,28,6024,878,2,heal,0.3983,0.6042,99,1,8,いいえ,青玉の供犠ぴよ子 / カルボ姉（ねえ） / 検非違使なけいび氏 / ????? / 御嶽さん
3,177,em-9f9bdf00a915,ハンドフィッシュさん,27,1635,2862,3,damage_reduction,0.3977,0.6528,88,12,8,いいえ,青玉の供犠ぴよ子 / カルボ姉（ねえ） / ハンドフィッシュさん / オペラハウス侯爵 / 端午ぴよ子
3,178,em-3ad7d27f7887,ハワイる水島神人,19,2567,1208,2,guard,0.3973,0.5556,97,3,7,いいえ,有砂小町 / カルボ姉（ねえ） / ハワイる水島神人 / 愛のぴよ子 / 端午ぴよ子
3,179,em-85dad7ff7aa2,ディヤの魔人,18,2385,1704,2,heal,0.3971,0.6528,100,0,8,いいえ,日本海女中 / えかちぇたん / ディヤの魔人 / 愛のぴよ子 / 八狗神伏姫様
3,180,em-31758a7d7c63,ﾗｰｶﾞﾙﾌﾘｮｩﾄﾙﾑりん,47,5700,2292,3,damage_reduction,0.396,0.5764,88,12,7,いいえ,青玉の供犠ぴよ子 / カルボ姉（ねえ） / ﾗｰｶﾞﾙﾌﾘｮｩﾄﾙﾑりん / トキシッくんｵｯｽｵｯｽ / おこしんMK-2
3,181,em-32dd2642183e,ハイパーハンギョジン,60,5889,3996,3,attack_buff,0.3959,0.6042,100,0,7,いいえ,青玉の供犠ぴよ子 / カルボ姉（ねえ） / ハイパーハンギョジン / 愛のぴよ子 / 実はこんにゃくちゃん
3,182,em-9298dde558c4,超豹！ペパりんさん,30,2119,2545,2,delay,0.3956,0.5556,88,12,8,いいえ,日本海女中 / えかちぇたん / 超豹！ペパりんさん / トキシッくんｵｯｽｵｯｽ / 実はこんにゃくちゃん
3,183,em-28f044d525d7,スーリヤ様が見てる,7,489,1446,3,skill_reduction,0.3955,0.5833,95,5,8,いいえ,ダリア・宮子・9 / カルボ姉（ねえ） / スーリヤ様が見てる / みどりのたけしマン / ハリウッドナナコ師匠
3,184,em-69c457dd7e6a,スミθ＆エð,13,3020,755,2,attribute_guard,0.3952,0.5625,88,12,8,いいえ,青玉の供犠ぴよ子 / カルボ姉（ねえ） / スミθ＆エð / ブハラ師匠 / 伝説のWoo怪
3,185,em-53a13d10258e,コドモドラゴン！,10,1833,987,3,damage_reduction,0.3947,0.6319,100,0,7,いいえ,ダリア・宮子・9 / えかちぇたん / コドモドラゴン！ / クェーサルと仲間たち / ハリウッドナナコ師匠
3,186,em-663696ccf728,夏の一次幹,22,3408,2215,2,attack_buff,0.3943,0.5764,97,3,8,いいえ,有砂小町 / 北間・クラリス嬢 / 夏の一次幹 / ɚすぃとあろま？ / 端午ぴよ子
3,187,em-53e02d48f02a,It’s a ちーちゃん,33,6816,149,2,multi_hit_attack,0.3938,0.5486,99,1,8,いいえ,青玉の供犠ぴよ子 / カルボ姉（ねえ） / It’s a ちーちゃん / 愛のぴよ子 / 八狗神伏姫様
3,188,em-95a008b67c52,権現くまのたん,22,1030,4234,2,attack_buff,0.3937,0.6181,96,4,8,いいえ,タキシラ師匠 / カルボ姉（ねえ） / 権現くまのたん / ????? / 八狗神伏姫様
3,189,em-e9b3dc6478a4,アヌラさま,33,2495,2978,2,attribute_guard,0.3934,0.5972,97,3,8,いいえ,タキシラ師匠 / カルボ姉（ねえ） / アヌラさま / みどりのたけしマン / 聖えぇじゃないか
3,190,em-b127f99ae530,キラー・ｻﾞ・ｷﾗｰ,55,5964,3408,2,damage_reduction,0.3933,0.5833,100,0,8,いいえ,青玉の供犠ぴよ子 / カルボ姉（ねえ） / キラー・ｻﾞ・ｷﾗｰ / トキシッくんｵｯｽｵｯｽ / 伝説のWoo怪
3,191,em-4afb3d011e67,得琉田浜蔵,12,2696,1992,3,attribute_change,0.3931,0.6458,100,0,8,いいえ,ダリア・宮子・9 / カルボ姉（ねえ） / 得琉田浜蔵 / みどりのたけしマン / ハリウッドナナコ師匠
3,192,em-ed21bd124ab2,牛タソ☆行進曲,14,755,1812,2,guard,0.3931,0.6042,89,11,8,いいえ,青玉の供犠ぴよ子 / カルボ姉（ねえ） / 牛タソ☆行進曲 / ブハラ師匠 / 伝説のWoo怪
3,193,em-fd155a3410b2,鯰坊主と子供たち,45,5793,2130,3,damage_reduction,0.3931,0.5972,99,1,8,いいえ,日本海女中 / えかちぇたん / 鯰坊主と子供たち / トキシッくんｵｯｽｵｯｽ / ハリウッドナナコ師匠
3,194,em-6870ddfd0fbb,大道芸！エʃ＆エʒ,12,1661,1661,3,skill_reduction,0.393,0.5694,100,0,8,いいえ,ダリア・宮子・9 / カルボ姉（ねえ） / 大道芸！エʃ＆エʒ / みどりのたけしマン / ハリウッドナナコ師匠
3,195,em-438753e77e6c,デロスの月陽姉弟,41,3237,5453,2,heal,0.3928,0.5764,97,3,8,いいえ,青玉の供犠ぴよ子 / カルボ姉（ねえ） / デロスの月陽姉弟 / ????? / 聖えぇじゃないか
3,196,em-48fc0bb31337,踊る☆なまずおじさん,60,5793,2130,3,damage_reduction,0.3927,0.5972,98,2,8,いいえ,青玉の供犠ぴよ子 / カルボ姉（ねえ） / 踊る☆なまずおじさん / トキシッくんｵｯｽｵｯｽ / ハリウッドナナコ師匠
3,197,em-e931902358ae,弘法大師Ｑ改,15,1359,1963,3,skill_reduction,0.3927,0.5347,99,1,8,いいえ,ダリア・宮子・9 / えかちぇたん / 弘法大師Ｑ改 / ɚすぃとあろま？ / ハリウッドナナコ師匠
3,198,em-b95ac93b816d,キタキツネの神様,29,3748,4771,3,attack_buff,0.3924,0.6111,100,0,8,いいえ,タキシラ師匠 / カルボ姉（ねえ） / キタキツネの神様 / ????? / 御嶽さん
3,199,em-558066e14c81,ダブル・ブロッコリー,33,2595,2436,3,damage_reduction,0.3923,0.6111,96,4,8,いいえ,青玉の供犠ぴよ子 / カルボ姉（ねえ） / ダブル・ブロッコリー / 愛のぴよ子 / 御嶽さん
3,200,em-68e23b3f15d7,あっぴーの外出,15,1610,3500,3,attack_buff,0.3921,0.6111,96,4,8,いいえ,タキシラ師匠 / えかちぇたん / あっぴーの外出 / ????? / 八狗神伏姫様
3,201,em-abc85163565c,コキリコ・QB,23,2817,2978,2,attribute_change,0.3915,0.6181,98,2,8,いいえ,日本海女中 / カルボ姉（ねえ） / コキリコ・QB / 愛のぴよ子 / 八狗神伏姫様
3,202,em-cf2619ce2878,俺っち氷河,28,3864,3222,2,attribute_change,0.3904,0.6042,98,2,8,いいえ,ハリウッドナナコ師匠 / 北間・クラリス嬢 / 俺っち氷河 / みどりのたけしマン / 御嶽さん
3,203,em-b041a6f6cf00,テヅルモヅルン,37,5367,2147,3,attribute_guard,0.3904,0.6042,99,1,8,いいえ,青玉の供犠ぴよ子 / カルボ姉（ねえ） / テヅルモヅルン / クェーサルと仲間たち / シミ
3,204,em-fd111e204918,アルビールパイセン,19,467,2608,3,delay,0.3903,0.5417,97,3,8,いいえ,タキシラ師匠 / えかちぇたん / アルビールパイセン / ????? / 御嶽さん
3,205,em-e5027c0cc6fa,みかんの姐御,17,2265,1510,3,aoe_attack,0.3901,0.6319,94,6,8,いいえ,ダリア・宮子・9 / カルボ姉（ねえ） / みかんの姐御 / ɚすぃとあろま？ / ハリウッドナナコ師匠
3,206,em-cf78c5cc3134,オタテカモ次郎,28,4186,3059,2,attribute_change,0.39,0.6111,99,1,8,いいえ,タキシラ師匠 / カルボ姉（ねえ） / オタテカモ次郎 / ????? / 御嶽さん
3,207,em-8038935d7100,竜宮の翁,38,4771,3748,2,attack_buff,0.3899,0.5694,97,3,7,いいえ,タキシラ師匠 / カルボ姉（ねえ） / 竜宮の翁 / みどりのたけしマン / 速いぞサラマンダー！
3,208,em-410cc22d32bc,アロハる☆水島神人,16,3246,1887,2,attribute_change,0.3898,0.6181,95,5,8,いいえ,タキシラ師匠 / カルボ姉（ねえ） / アロハる☆水島神人 / みどりのたけしマン / 御嶽さん
3,209,em-28c6b952551d,海の昇竜貫,33,4601,3408,2,attack_buff,0.3897,0.5486,95,5,8,いいえ,ハリウッドナナコ師匠 / 北間・クラリス嬢 / 海の昇竜貫 / ????? / 御嶽さん
3,210,em-bc514db974f0,化石人骨ルーシー,23,3783,2173,3,revive,0.3896,0.6528,94,6,8,いいえ,青玉の供犠ぴよ子 / カルボ姉（ねえ） / 化石人骨ルーシー / ????? / 御嶽さん
3,211,em-6f409bf9b5bd,素敵なステチュさん,14,211,2115,2,damage_reduction,0.3892,0.625,98,2,8,いいえ,日本海女中 / えかちぇたん / 素敵なステチュさん / ブハラ師匠 / ハリウッドナナコ師匠
3,212,em-e3e851204c8b,イカすぜ！よりりん,18,2576,2576,2,attribute_change,0.3889,0.5972,98,2,8,いいえ,日本海女中 / 北間・クラリス嬢 / イカすぜ！よりりん / みどりのたけしマン / 御嶽さん
3,213,em-8a030b3f4f33,無給の皇帝,44,4601,2790,2,damage_reduction,0.3889,0.5694,89,11,8,いいえ,青玉の供犠ぴよ子 / カルボ姉（ねえ） / 無給の皇帝 / トキシッくんｵｯｽｵｯｽ / 伝説のWoo怪
3,214,em-93a9275d427c,肉食ドゥブロさん,32,5106,3404,3,attack_buff,0.3883,0.5972,88,12,8,いいえ,青玉の供犠ぴよ子 / カルボ姉（ねえ） / 肉食ドゥブロさん / ɚすぃとあろま？ / シミ
3,215,em-1eb5e932843b,ダンブッラの蘭,38,5112,3578,2,damage_reduction,0.3879,0.5764,99,1,7,いいえ,タキシラ師匠 / カルボ姉（ねえ） / ダンブッラの蘭 / 御嶽さん / ハリウッドナナコ師匠
3,216,em-a9738b409d24,カジランガ守り隊員,45,7668,1533,2,attack_buff,0.3876,0.5833,97,3,7,いいえ,タキシラ師匠 / カルボ姉（ねえ） / カジランガ守り隊員 / みどりのたけしマン / ハリウッドナナコ師匠
3,217,em-bbda291d459c,漆黒及び純白のポワン,20,1704,2896,3,guard,0.3873,0.6111,77,23,7,いいえ,青玉の供犠ぴよ子 / えかちぇたん / 漆黒及び純白のポワン / トキシッくんｵｯｽｵｯｽ / 聖えぇじゃないか
3,218,em-cf3fd175f595,プチさんグロさん,27,2807,2895,2,aoe_attack,0.3869,0.6042,99,1,8,いいえ,日本海女中 / 北間・クラリス嬢 / プチさんグロさん / ????? / 御嶽さん
3,219,em-c6e2304d0b02,パプアさん,26,3365,2270,3,damage_reduction,0.3859,0.625,87,13,8,いいえ,青玉の供犠ぴよ子 / カルボ姉（ねえ） / パプアさん / オペラハウス侯爵 / 端午ぴよ子
3,220,em-b9b869c15b9f,ルリマダラー,15,3786,378,2,attribute_guard,0.3858,0.5972,98,2,6,いいえ,ダリア・宮子・9 / カルボ姉（ねえ） / ルリマダラー / クェーサルと仲間たち / ハリウッドナナコ師匠
3,221,em-4dc27428f645,よりりんＫ林スタイル,24,2576,2576,2,attribute_change,0.3857,0.6111,95,5,8,いいえ,タキシラ師匠 / カルボ姉（ねえ） / よりりんＫ林スタイル / ????? / 御嶽さん
3,222,em-c09c9bb81a01,蓮十郎,7,1215,1187,2,skill_reduction,0.385,0.5764,95,5,8,いいえ,ダリア・宮子・9 / カルボ姉（ねえ） / 蓮十郎 / みどりのたけしマン / ハリウッドナナコ師匠
3,223,em-eeba5b4dcba6,カニパンだっ！,23,2737,2415,2,guard,0.3847,0.5556,76,24,7,いいえ,青玉の供犠ぴよ子 / えかちぇたん / カニパンだっ！ / トキシッくんｵｯｽｵｯｽ / 端午ぴよ子
3,224,em-080293573ea5,ダヴィアさん,19,2567,1914,2,attack_buff,0.3844,0.6181,100,0,8,いいえ,タキシラ師匠 / えかちぇたん / ダヴィアさん / ????? / 八狗神伏姫様
3,225,em-f781988d359e,ヤル気勢！うっす様,11,500,1300,2,attack_buff,0.3843,0.625,99,1,8,いいえ,ダリア・宮子・9 / カルボ姉（ねえ） / ヤル気勢！うっす様 / みどりのたけしマン / ハリウッドナナコ師匠
3,226,em-795ca1ffcb95,カム着火べあぱわー,12,664,2355,2,attack_buff,0.3842,0.6111,100,0,8,いいえ,ダリア・宮子・9 / カルボ姉（ねえ） / カム着火べあぱわー / みどりのたけしマン / ハリウッドナナコ師匠
3,227,em-344c7687cce5,アウス大先輩,17,1924,1924,2,attribute_change,0.3842,0.5625,99,1,8,いいえ,日本海女中 / えかちぇたん / アウス大先輩 / 愛のぴよ子 / 八狗神伏姫様
3,228,em-09a7a163b0cd,沼南ぱモーセ,38,2556,5623,2,attack_buff,0.3838,0.5903,87,13,7,いいえ,青玉の供犠ぴよ子 / えかちぇたん / 沼南ぱモーセ / トキシッくんｵｯｽｵｯｽ / 実はこんにゃくちゃん
3,229,em-7419b64dec0e,天の飛龍巻,42,5623,3748,2,attribute_change,0.3837,0.5972,100,0,8,いいえ,日本海女中 / えかちぇたん / 天の飛龍巻 / トキシッくんｵｯｽｵｯｽ / 実はこんにゃくちゃん
3,230,em-c88f65fb7899,グラディ瑛太,16,4653,423,3,delay,0.3834,0.5139,94,6,8,いいえ,タキシラ師匠 / えかちぇたん / グラディ瑛太 / ????? / 御嶽さん
3,231,em-010ca8278422,伊賀NINJA!,42,1704,5112,3,skill_reduction,0.3832,0.5069,100,0,8,いいえ,(Ｕ^ω^)亭馬琴 / カルボ姉（ねえ） / 伊賀NINJA! / 愛のぴよ子 / 端午ぴよ子
3,232,em-109e54a3645a,グラン・プラスの魔女,38,1499,3404,3,guard,0.3827,0.6181,99,1,7,いいえ,タキシラ師匠 / カルボ姉（ねえ） / グラン・プラスの魔女 / 御嶽さん / ハリウッドナナコ師匠
3,233,em-423f5963c7c2,超患部ぴよフェッサー,15,3220,2093,2,revive,0.3827,0.6181,100,0,8,いいえ,ハリウッドナナコ師匠 / えかちぇたん / 超患部ぴよフェッサー / みどりのたけしマン / 御嶽さん
3,234,em-aff304b1eab4,日本一の桃たろす,42,4260,5964,2,attribute_change,0.3827,0.5764,100,0,8,いいえ,日本海女中 / えかちぇたん / 日本一の桃たろす / トキシッくんｵｯｽｵｯｽ / 実はこんにゃくちゃん
3,235,em-42c90dd17240,GSPS！秀郷先生,34,3578,4601,2,attack_buff,0.3824,0.625,100,0,8,いいえ,青玉の供犠ぴよ子 / カルボ姉（ねえ） / GSPS！秀郷先生 / 愛のぴよ子 / 八狗神伏姫様
3,236,em-842f3d28d20e,のり男師匠,8,1285,1118,2,attribute_guard,0.3822,0.5833,100,0,8,いいえ,ダリア・宮子・9 / えかちぇたん / のり男師匠 / ɚすぃとあろま？ / 端午ぴよ子
3,237,em-de449f69edb5,タミフルニキ,14,1257,1147,3,damage_reduction,0.3818,0.6528,98,2,8,いいえ,日本海女中 / えかちぇたん / タミフルニキ / ブハラ師匠 / ハリウッドナナコ師匠
3,238,em-83954a93a691,閃きのヒラメちゃん,60,6560,4430,2,attribute_change,0.3815,0.5903,100,0,7,いいえ,試作型おこしん / カルボ姉（ねえ） / 閃きのヒラメちゃん / トキシッくんｵｯｽｵｯｽ / ハリウッドナナコ師匠
3,239,em-4805525cb8a4,ｴﾝｾﾞﾘｯｸ☆エンゼル,60,6816,4771,3,heal,0.3814,0.6042,100,0,8,いいえ,青玉の供犠ぴよ子 / カルボ姉（ねえ） / ｴﾝｾﾞﾘｯｸ☆エンゼル / 愛のぴよ子 / 実はこんにゃくちゃん
3,240,em-b16382731bd5,華燭なカネヒラさん,60,5793,4771,2,attribute_change,0.3813,0.5972,100,0,7,いいえ,試作型おこしん / カルボ姉（ねえ） / 華燭なカネヒラさん / トキシッくんｵｯｽｵｯｽ / ハリウッドナナコ師匠
3,241,em-2c691fe63d0d,ブッシュドノエルん,38,3652,5354,2,attack_buff,0.3813,0.5625,100,0,7,いいえ,ハリウッドナナコ師匠 / 北間・クラリス嬢 / ブッシュドノエルん / ????? / 御嶽さん
3,242,em-15545bc62fe7,幽霊烏賊図,60,3408,4260,3,revive,0.3808,0.6528,100,0,8,いいえ,青玉の供犠ぴよ子 / カルボ姉（ねえ） / 幽霊烏賊図 / 愛のぴよ子 / 実はこんにゃくちゃん
3,243,em-95a2dbeaf4ea,神使！ナモミさま,18,805,4025,2,attack_buff,0.3808,0.5903,98,2,8,いいえ,ダリア・宮子・9 / カルボ姉（ねえ） / 神使！ナモミさま / ????? / ハリウッドナナコ師匠
3,244,em-9ec6297ea6ca,バスてとにゃん,38,4260,4771,3,attack_buff,0.3801,0.5903,97,3,7,いいえ,タキシラ師匠 / カルボ姉（ねえ） / バスてとにゃん / みどりのたけしマン / 速いぞサラマンダー！
3,245,em-3434078c33f2,橋の上のかずら,20,2012,2173,2,guard,0.3801,0.5625,100,0,7,いいえ,日本海女中 / 北間・クラリス嬢 / 橋の上のかずら / みどりのたけしマン / 御嶽さん
3,246,em-4c8a3408455b,泳ぐカネヒラさん,28,3748,3408,2,attribute_change,0.3799,0.6042,99,1,8,いいえ,タキシラ師匠 / カルボ姉（ねえ） / 泳ぐカネヒラさん / ????? / 御嶽さん
3,247,em-1d6b42059506,レーティッシュ凛子,35,5623,3229,3,attack_buff,0.3797,0.5903,94,6,8,いいえ,タキシラ師匠 / カルボ姉（ねえ） / レーティッシュ凛子 / みどりのたけしマン / 速いぞサラマンダー！
3,248,em-2def672b1533,バターリャ後悔王子,30,3213,3213,3,damage_reduction,0.3793,0.6042,98,2,8,いいえ,タキシラ師匠 / カルボ姉（ねえ） / バターリャ後悔王子 / 御嶽さん / 速いぞサラマンダー！
3,249,em-1374a3351d4c,忍！fuま＆voたん,17,1510,1510,3,guard,0.379,0.625,100,0,7,いいえ,ダリア・宮子・9 / カルボ姉（ねえ） / 忍！fuま＆voたん / クェーサルと仲間たち / ハリウッドナナコ師匠
3,250,em-82d7b7a877f8,電ドロ白鷺嬢,39,6816,2556,2,heal,0.379,0.5833,100,0,8,いいえ,日本海女中 / カルボ姉（ねえ） / 電ドロ白鷺嬢 / みどりのたけしマン / ハリウッドナナコ師匠
3,251,em-504b87d4019a,ニタリくん,16,817,1533,3,multi_hit_attack,0.3789,0.5347,93,7,8,いいえ,ダリア・宮子・9 / カルボ姉（ねえ） / ニタリくん / ɚすぃとあろま？ / ハリウッドナナコ師匠
3,252,em-712bee050113,ターヌムンゴネキ,35,4089,4089,2,attack_buff,0.3787,0.5347,94,6,8,いいえ,タキシラ師匠 / カルボ姉（ねえ） / ターヌムンゴネキ / みどりのたけしマン / 速いぞサラマンダー！
3,253,em-cf5373dcdc2a,コンゴーニャスパス,17,1886,1723,3,guard,0.3786,0.6181,100,0,7,いいえ,ダリア・宮子・9 / カルボ姉（ねえ） / コンゴーニャスパス / クェーサルと仲間たち / ハリウッドナナコ師匠
3,254,em-fea44f2a7dd8,だが男だ彦にゃん,15,2793,1132,3,skill_reduction,0.3785,0.5208,93,7,8,いいえ,タキシラ師匠 / えかちぇたん / だが男だ彦にゃん / ????? / 御嶽さん
3,255,em-be212cb2b1d8,いはとさん,12,760,840,3,delay,0.3779,0.5972,100,0,8,いいえ,ダリア・宮子・9 / カルボ姉（ねえ） / いはとさん / みどりのたけしマン / ハリウッドナナコ師匠
3,256,em-a16d639a61fc,水軍衆かっさーのん,9,1128,1269,3,attack_buff,0.3776,0.6389,97,3,8,いいえ,ダリア・宮子・9 / カルボ姉（ねえ） / 水軍衆かっさーのん / みどりのたけしマン / ハリウッドナナコ師匠
3,257,em-f439af6dc206,さんとくん大先生,12,3020,755,3,delay,0.3769,0.5625,100,0,8,いいえ,ダリア・宮子・9 / カルボ姉（ねえ） / さんとくん大先生 / みどりのたけしマン / ハリウッドナナコ師匠
3,258,em-8b0ee22a5cd7,ドナドナう皮,26,1676,1664,3,guard,0.3764,0.6042,87,13,8,いいえ,青玉の供犠ぴよ子 / カルボ姉（ねえ） / ドナドナう皮 / オペラハウス侯爵 / 端午ぴよ子
3,259,em-a7be30f0211a,烏枢さま降臨！,13,1359,2416,2,attack_buff,0.3762,0.5764,84,16,8,いいえ,青玉の供犠ぴよ子 / 北間・クラリス嬢 / 烏枢さま降臨！ / みどりのたけしマン / 御嶽さん
3,260,em-501834a284b1,加賀友☆禅野さん,38,4175,4771,2,attribute_change,0.376,0.5903,94,6,7,いいえ,タキシラ師匠 / カルボ姉（ねえ） / 加賀友☆禅野さん / ????? / 聖えぇじゃないか
3,261,em-90e071b9735c,乗り海苔カスティリャ,16,2707,1223,2,attribute_guard,0.3752,0.5833,99,1,7,いいえ,ダリア・宮子・9 / カルボ姉（ねえ） / 乗り海苔カスティリャ / クェーサルと仲間たち / ハリウッドナナコ師匠
3,262,em-845e49247e45,ウサポワン海人,20,1533,2607,3,guard,0.374,0.5972,77,23,7,いいえ,青玉の供犠ぴよ子 / えかちぇたん / ウサポワン海人 / トキシッくんｵｯｽｵｯｽ / 聖えぇじゃないか
3,263,em-748c1a866dbc,Hey Yeah 清盛,75,11417,2896,3,guard,0.374,0.4931,99,1,7,いいえ,ハリウッドナナコ師匠 / ウナギーヌくん / Hey Yeah 清盛 / おこしんMK-2 / ブラジリアン首都術
3,264,em-4d4bf14cc827,いはと先輩,15,1000,1400,3,delay,0.3737,0.5417,93,7,8,いいえ,タキシラ師匠 / えかちぇたん / いはと先輩 / ????? / 御嶽さん
3,265,em-aefb52be8eca,半間鮫子,52,3411,6823,2,multi_hit_attack,0.3735,0.5556,90,10,8,いいえ,試作型おこしん / カルボ姉（ねえ） / 半間鮫子 / 愛のぴよ子 / ハリウッドナナコ師匠
3,266,em-6cbfcc23cd10,発光大王ほたるーニャ,9,1057,1198,3,attribute_change,0.3734,0.6458,100,0,8,いいえ,ダリア・宮子・9 / カルボ姉（ねえ） / 発光大王ほたるーニャ / ????? / 眠里　不可緒
3,267,em-1e3b5bb54d35,ナナフシ,30,4175,2999,2,attribute_change,0.3734,0.5833,88,12,7,いいえ,日本海女中 / えかちぇたん / ナナフシ / トキシッくんｵｯｽｵｯｽ / 実はこんにゃくちゃん
3,268,em-b71282ef08a8,出番です！鴨先生！,18,1358,1356,2,guard,0.3732,0.5625,100,0,7,いいえ,有砂小町 / カルボ姉（ねえ） / 出番です！鴨先生！ / 愛のぴよ子 / 聖えぇじゃないか
3,269,em-e49404c0e4be,?????,43,5350,2712,3,attack_buff,0.3729,0.5972,95,5,7,いいえ,タキシラ師匠 / カルボ姉（ねえ） / ????? / みどりのたけしマン / ハリウッドナナコ師匠
3,270,em-aa92178d2205,糸巻万太朗,40,5623,4260,2,attribute_change,0.3726,0.5556,96,4,7,いいえ,タキシラ師匠 / カルボ姉（ねえ） / 糸巻万太朗 / ????? / 聖えぇじゃないか
3,271,em-75c1af17d152,浴衣美人な日女路嬢,38,5623,3748,3,heal,0.3721,0.6111,99,1,8,いいえ,日本海女中 / カルボ姉（ねえ） / 浴衣美人な日女路嬢 / みどりのたけしマン / ハリウッドナナコ師匠
3,272,em-9d511711422e,禍殃☆ももとふ姫,17,2737,3059,3,heal,0.372,0.6181,99,1,8,いいえ,日本海女中 / えかちぇたん / 禍殃☆ももとふ姫 / 愛のぴよ子 / 八狗神伏姫様
3,273,em-f334c541bf84,納得ん★福曼荼羅,17,1763,1860,2,attribute_change,0.3719,0.5972,97,3,8,いいえ,日本海女中 / 北間・クラリス嬢 / 納得ん★福曼荼羅 / みどりのたけしマン / 御嶽さん
3,274,em-28a408b64836,真・銘菓ぴよ子,12,795,815,3,multi_hit_attack,0.3718,0.5764,100,0,8,いいえ,ダリア・宮子・9 / カルボ姉（ねえ） / 真・銘菓ぴよ子 / みどりのたけしマン / ハリウッドナナコ師匠
3,275,em-4efe36123302,輝け☆椛マン！,35,4260,3408,3,heal,0.3715,0.6111,95,5,8,いいえ,紅玉の供犠ぴよ子 / カルボ姉（ねえ） / 輝け☆椛マン！ / みどりのたけしマン / 端午ぴよ子
3,276,em-62994b487456,浪漫歌人♪晶子さん,25,3059,3059,2,revive,0.3708,0.625,96,4,8,いいえ,青玉の供犠ぴよ子 / カルボ姉（ねえ） / 浪漫歌人♪晶子さん / ????? / 御嶽さん
3,277,em-9d861b51bd30,波乗りキング,18,776,2582,3,attack_buff,0.3705,0.6389,94,6,8,いいえ,有砂小町 / カルボ姉（ねえ） / 波乗りキング / トキシッくんｵｯｽｵｯｽ / 実はこんにゃくちゃん
3,278,em-f1ed908b1438,竹輪大明神,10,493,1762,2,attack_buff,0.3704,0.5833,100,0,8,いいえ,有砂小町 / 北間・クラリス嬢 / 竹輪大明神 / みどりのたけしマン / 聖えぇじゃないか
3,279,em-beaaa8c15744,カメハメハワイ大王,50,3059,5879,2,attack_buff,0.3702,0.5694,99,1,8,いいえ,タキシラ師匠 / カルボ姉（ねえ） / カメハメハワイ大王 / ɚすぃとあろま？ / 端午ぴよ子
3,280,em-640d19558093,聖なる打毬神！みるるん,19,1208,1963,2,attack_buff,0.3698,0.6042,100,0,8,いいえ,タキシラ師匠 / えかちぇたん / 聖なる打毬神！みるるん / ????? / 八狗神伏姫様
3,281,em-7c8471edf1df,ハロハロ☆ナモミさま,36,2556,4260,2,attack_buff,0.3698,0.5694,95,5,8,いいえ,タキシラ師匠 / カルボ姉（ねえ） / ハロハロ☆ナモミさま / みどりのたけしマン / 速いぞサラマンダー！
3,282,em-065f680177c4,ﾍﾟﾀももたろす,17,3059,3059,2,attribute_change,0.3695,0.5972,99,1,8,いいえ,日本海女中 / えかちぇたん / ﾍﾟﾀももたろす / 愛のぴよ子 / 八狗神伏姫様
3,283,em-301c11f4a1d7,ウサポワンちゃん,20,1363,2317,3,guard,0.3693,0.5972,98,2,7,いいえ,有砂小町 / カルボ姉（ねえ） / ウサポワンちゃん / 愛のぴよ子 / 端午ぴよ子
3,284,em-85a7b3e2cb7d,剥ぐぞ！ナモミ先生,16,400,2100,2,attack_buff,0.3691,0.6042,97,3,8,いいえ,タキシラ師匠 / えかちぇたん / 剥ぐぞ！ナモミ先生 / ????? / 八狗神伏姫様
3,285,em-3c2628783368,すまぁとヤスマサニキ,50,4260,5623,2,attack_buff,0.3691,0.5417,94,6,8,いいえ,タキシラ師匠 / カルボ姉（ねえ） / すまぁとヤスマサニキ / ????? / ハリウッドナナコ師匠
3,286,em-b422734eb78b,たたーる星人,15,1812,1510,2,attack_buff,0.369,0.5903,91,9,8,いいえ,有砂小町 / カルボ姉（ねえ） / たたーる星人 / トキシッくんｵｯｽｵｯｽ / 実はこんにゃくちゃん
3,287,em-d86fc6931627,ふくしメイト・じゅん,19,1812,1661,3,skill_reduction,0.369,0.5347,99,1,8,いいえ,ダリア・宮子・9 / カルボ姉（ねえ） / ふくしメイト・じゅん / ????? / ハリウッドナナコ師匠
3,288,em-ec43e91715ed,大谷雪之ちゃん,13,3171,604,2,damage_reduction,0.3687,0.5347,88,12,8,いいえ,青玉の供犠ぴよ子 / カルボ姉（ねえ） / 大谷雪之ちゃん / ブハラ師匠 / 伝説のWoo怪
3,289,em-1de8c880f196,ヴィヒー先生,17,2114,2718,2,damage_reduction,0.3683,0.6181,100,0,7,いいえ,ダリア・宮子・9 / カルボ姉（ねえ） / ヴィヒー先生 / クェーサルと仲間たち / ハリウッドナナコ師匠
3,290,em-99460641a41d,奇岩妖精ペリバじゃん,40,6816,852,3,attack_buff,0.3683,0.5486,99,1,8,いいえ,タキシラ師匠 / カルボ姉（ねえ） / 奇岩妖精ペリバじゃん / みどりのたけしマン / 速いぞサラマンダー！
3,291,em-1eb8ca42b88a,日南のモア蔵,14,3534,424,3,guard,0.3682,0.5625,97,3,8,いいえ,ダリア・宮子・9 / カルボ姉（ねえ） / 日南のモア蔵 / クェーサルと仲間たち / ハリウッドナナコ師匠
3,292,em-419c23e0ec81,新生☆ＢＴ５!!,35,3287,3615,3,damage_reduction,0.3674,0.6042,98,2,8,いいえ,青玉の供犠ぴよ子 / カルボ姉（ねえ） / 新生☆ＢＴ５!! / 愛のぴよ子 / 御嶽さん
3,293,em-5f311c45014a,パーントゥ大先生,37,2409,4819,3,attack_buff,0.3674,0.5694,99,1,8,いいえ,ハリウッドナナコ師匠 / 北間・クラリス嬢 / パーントゥ大先生 / ????? / 御嶽さん
3,294,em-11cceded3ad2,創造主・アヌンナキ,70,4260,5964,3,damage_reduction,0.3673,0.5208,99,1,7,いいえ,試作型おこしん / ペーチパイセン / 創造主・アヌンナキ / 愛のぴよ子 / ハリウッドナナコ師匠
3,295,em-bff3cff5162a,トキシッくんｵｯｽｵｯｽ,9,2253,1267,3,revive,0.3669,0.5972,94,6,8,いいえ,ハリウッドナナコ師匠 / えかちぇたん / トキシッくんｵｯｽｵｯｽ / みどりのたけしマン / 御嶽さん
3,296,em-c98972302fbd,爆誕！うっす様,9,300,1000,2,attack_buff,0.3668,0.6111,97,3,8,いいえ,ダリア・宮子・9 / カルボ姉（ねえ） / 爆誕！うっす様 / みどりのたけしマン / ハリウッドナナコ師匠
3,297,em-80894fcaa10c,とんこつ神！博多美子,40,4089,5350,3,attack_buff,0.3663,0.5764,99,1,8,いいえ,タキシラ師匠 / カルボ姉（ねえ） / とんこつ神！博多美子 / みどりのたけしマン / 速いぞサラマンダー！
3,298,em-618de9bba906,関大先生,9,1201,1201,3,guard,0.3661,0.5972,99,1,7,いいえ,ダリア・宮子・9 / えかちぇたん / 関大先生 / クェーサルと仲間たち / ハリウッドナナコ師匠
3,299,em-0bcb369cdcd9,キタキツネの神様,36,3748,4771,3,attack_buff,0.3653,0.5694,95,5,8,いいえ,タキシラ師匠 / カルボ姉（ねえ） / キタキツネの神様 / みどりのたけしマン / 速いぞサラマンダー！
3,300,em-bc2106c87bcd,?????,15,511,2811,3,damage_reduction,0.3646,0.5833,99,1,7,いいえ,日本海女中 / えかちぇたん / ????? / ブハラ師匠 / ハリウッドナナコ師匠
3,301,em-94130e0ff2b5,かずら大先生,15,1057,1198,2,guard,0.3645,0.5833,98,2,6,いいえ,ダリア・宮子・9 / カルボ姉（ねえ） / かずら大先生 / クェーサルと仲間たち / ハリウッドナナコ師匠
3,302,em-54cb13a72721,不思議の海のモヅルン,60,6475,4941,3,attribute_guard,0.3644,0.5486,99,1,8,いいえ,青玉の供犠ぴよ子 / カルボ姉（ねえ） / 不思議の海のモヅルン / 愛のぴよ子 / おこしんMK-2
3,303,em-7c7befcdeb38,メル子大先生,16,1773,1934,2,attack_buff,0.3642,0.6181,92,8,8,いいえ,有砂小町 / カルボ姉（ねえ） / メル子大先生 / トキシッくんｵｯｽｵｯｽ / 実はこんにゃくちゃん
3,304,em-81078d011501,年齢不詳！エンゼル様,22,2215,3237,3,heal,0.3641,0.6042,100,0,8,いいえ,青玉の供犠ぴよ子 / えかちぇたん / 年齢不詳！エンゼル様 / ????? / 御嶽さん
3,305,em-2449b6ff9d58,スマトラのウータン,12,2703,657,2,attribute_change,0.3635,0.6111,100,0,8,いいえ,ダリア・宮子・9 / カルボ姉（ねえ） / スマトラのウータン / みどりのたけしマン / ハリウッドナナコ師匠
3,306,em-5b3eb6a3a507,なるリッシュ,20,1812,1510,2,attack_buff,0.3633,0.5833,98,2,8,いいえ,タキシラ師匠 / えかちぇたん / なるリッシュ / ????? / 御嶽さん
3,307,em-33880cee5e60,三貴子ツクヨミ,75,10735,4686,3,damage_reduction,0.363,0.4514,100,0,7,いいえ,ＢＥＷ雪玉 / 総統エビユルゲ / 三貴子ツクヨミ / 旧市街地の魔物 / 大森さん
3,308,em-5c824e4dff20,ほたるんるん,9,1000,1500,3,attribute_change,0.3629,0.6319,97,3,8,いいえ,ダリア・宮子・9 / カルボ姉（ねえ） / ほたるんるん / みどりのたけしマン / ハリウッドナナコ師匠
3,309,em-9d5a58645c8c,カロニスタ・ヴェニ子,37,4444,4444,2,attack_buff,0.3627,0.5625,96,4,8,いいえ,タキシラ師匠 / カルボ姉（ねえ） / カロニスタ・ヴェニ子 / みどりのたけしマン / 速いぞサラマンダー！
3,310,em-b54ea6cda2a4,塚井さん,38,3817,2999,2,attack_buff,0.3622,0.5486,97,3,7,いいえ,タキシラ師匠 / カルボ姉（ねえ） / 塚井さん / みどりのたけしマン / 速いぞサラマンダー！
3,311,em-a91eca479689,嗚呼ヴァサクサ君,10,1880,374,2,skill_reduction,0.3621,0.5764,98,2,8,いいえ,ダリア・宮子・9 / カルボ姉（ねえ） / 嗚呼ヴァサクサ君 / みどりのたけしマン / ハリウッドナナコ師匠
3,312,em-24a892c6ebea,Mt.CACHI×2,38,2556,3578,2,multi_hit_attack,0.3619,0.5625,100,0,7,いいえ,(Ｕ^ω^)亭馬琴 / 夏至祭のヴァサクサ君 / Mt.CACHI×2 / 愛のぴよ子 / 聖えぇじゃないか
3,313,em-b343077dd75f,塚井さんは4人乗り,38,4294,3374,2,attack_buff,0.361,0.5347,97,3,7,いいえ,タキシラ師匠 / カルボ姉（ねえ） / 塚井さんは4人乗り / みどりのたけしマン / 速いぞサラマンダー！
3,314,em-3911cf0df99b,あずま京子という女,14,1687,1687,3,damage_reduction,0.3607,0.6042,98,2,8,いいえ,日本海女中 / えかちぇたん / あずま京子という女 / ブハラ師匠 / ハリウッドナナコ師匠
3,315,em-b5fa3fe8e44e,ディープワン・ゴロウ,8,1214,1189,2,attack_buff,0.3605,0.6111,96,4,8,いいえ,ダリア・宮子・9 / カルボ姉（ねえ） / ディープワン・ゴロウ / みどりのたけしマン / ハリウッドナナコ師匠
3,316,em-86055d05ee01,ラムネ少女じゅんちゃん,14,2113,2113,2,heal,0.3602,0.5694,100,0,8,いいえ,青玉の供犠ぴよ子 / えかちぇたん / ラムネ少女じゅんちゃん / みどりのたけしマン / 御嶽さん
3,317,em-e99bfc1ea066,ご入学ぴよ子,9,883,2397,2,attack_buff,0.3601,0.5903,97,3,8,いいえ,ダリア・宮子・9 / カルボ姉（ねえ） / ご入学ぴよ子 / みどりのたけしマン / ハリウッドナナコ師匠
3,318,em-983cb2f685ee,再びニートだ浅ちゃん,40,2044,6816,2,attack_buff,0.3597,0.5347,99,1,8,いいえ,タキシラ師匠 / カルボ姉（ねえ） / 再びニートだ浅ちゃん / みどりのたけしマン / 速いぞサラマンダー！
3,319,em-c37c2a529421,ディワリのｱﾗｸｼｭﾐｰ,38,4771,3408,2,heal,0.3596,0.5625,99,1,8,いいえ,ハリウッドナナコ師匠 / ペーチパイセン / ディワリのｱﾗｸｼｭﾐｰ / ????? / 御嶽さん
3,320,em-c33cc8cd4298,ほたるんるんるん,12,1100,1600,2,attribute_change,0.3594,0.6181,100,0,8,いいえ,ダリア・宮子・9 / カルボ姉（ねえ） / ほたるんるんるん / みどりのたけしマン / ハリウッドナナコ師匠
3,321,em-455191024aba,偉いぞさいごー丼,15,2718,1132,3,attribute_guard,0.3594,0.5833,99,1,8,いいえ,日本海女中 / えかちぇたん / 偉いぞさいごー丼 / ブハラ師匠 / ハリウッドナナコ師匠
3,322,em-583f38470462,さくらエビライダー,26,2414,2414,2,attribute_change,0.359,0.5972,97,3,8,いいえ,タキシラ師匠 / カルボ姉（ねえ） / さくらエビライダー / ????? / 御嶽さん
3,323,em-5558b35b9413,フゥーま＆ヴォたん,14,800,800,3,guard,0.3585,0.625,97,3,7,いいえ,ダリア・宮子・9 / カルボ姉（ねえ） / フゥーま＆ヴォたん / クェーサルと仲間たち / ハリウッドナナコ師匠
3,324,em-6c215846fcb0,アン・ごろう,16,1356,1189,2,attack_buff,0.3583,0.6319,92,8,8,いいえ,有砂小町 / カルボ姉（ねえ） / アン・ごろう / トキシッくんｵｯｽｵｯｽ / 実はこんにゃくちゃん
3,325,em-d51ded51621f,華麗なる塚ジェンヌ,13,1684,1676,3,revive,0.3581,0.625,99,1,8,いいえ,青玉の供犠ぴよ子 / えかちぇたん / 華麗なる塚ジェンヌ / みどりのたけしマン / 御嶽さん
3,326,em-e2135a9d657f,ねぶるータスお前もか,18,2173,2656,2,attack_buff,0.358,0.6111,99,1,8,いいえ,タキシラ師匠 / えかちぇたん / ねぶるータスお前もか / ????? / 八狗神伏姫様
3,327,em-99ad2fb4f1bc,いはとくん,8,580,640,3,delay,0.358,0.5833,96,4,8,いいえ,ダリア・宮子・9 / カルボ姉（ねえ） / いはとくん / みどりのたけしマン / ハリウッドナナコ師匠
3,328,em-22dd126a0f3a,どーん竜馬,17,2898,2898,3,attack_buff,0.3572,0.5833,98,2,8,いいえ,タキシラ師匠 / えかちぇたん / どーん竜馬 / ????? / 八狗神伏姫様
3,329,em-b17b3174de7d,ネギtheフィクサー,45,2405,5135,3,damage_reduction,0.3568,0.5486,88,12,8,いいえ,青玉の供犠ぴよ子 / カルボ姉（ねえ） / ネギtheフィクサー / 愛のぴよ子 / 伝説のWoo怪
3,330,em-59482d256e11,大森銀佐摩,15,2679,352,2,damage_reduction,0.3563,0.5556,95,5,6,いいえ,日本海女中 / 北間・クラリス嬢 / 大森銀佐摩 / みどりのたけしマン / 御嶽さん
3,331,em-59636157ae2e,コーベンパイア天爵,45,5282,1757,2,damage_reduction,0.3557,0.5,100,0,8,いいえ,ハリウッドナナコ師匠 / 北間・クラリス嬢 / コーベンパイア天爵 / 御嶽さん / おこしんMK-2
3,332,em-c7cd54f2e503,ケラマ☆マジカ,7,1057,1198,2,attribute_guard,0.3555,0.5694,99,1,7,いいえ,ダリア・宮子・9 / カルボ姉（ねえ） / ケラマ☆マジカ / ????? / 聖えぇじゃないか
3,333,em-ba8324a2cbef,覚醒ニート,6,354,296,2,multi_hit_attack,0.3548,0.6181,94,6,8,いいえ,ダリア・宮子・9 / カルボ姉（ねえ） / 覚醒ニート / みどりのたけしマン / ハリウッドナナコ師匠
3,334,em-7e4426102b17,タンジャンじゃん,22,3139,3139,3,revive,0.3547,0.6042,100,0,8,いいえ,青玉の供犠ぴよ子 / えかちぇたん / タンジャンじゃん / ????? / 御嶽さん
3,335,em-76691ebd833d,特攻のびゃこ,38,2641,6219,2,attack_buff,0.3543,0.5486,97,3,7,いいえ,タキシラ師匠 / カルボ姉（ねえ） / 特攻のびゃこ / みどりのたけしマン / 速いぞサラマンダー！
3,336,em-e2c8365ae02e,ɔリバーくん,10,704,1689,3,attack_buff,0.3542,0.5972,98,2,8,いいえ,ダリア・宮子・9 / カルボ姉（ねえ） / ɔリバーくん / みどりのたけしマン / ハリウッドナナコ師匠
3,337,em-7f58743c664e,ポリミタス☆おかいこ,34,4771,3069,2,attribute_change,0.3537,0.5486,98,2,8,いいえ,タキシラ師匠 / カルボ姉（ねえ） / ポリミタス☆おかいこ / みどりのたけしマン / 聖えぇじゃないか
3,338,em-a91beec21e3d,やよいチゥりっぷ☆神,13,2957,563,2,attribute_change,0.3533,0.5694,96,4,8,いいえ,ダリア・宮子・9 / カルボ姉（ねえ） / やよいチゥりっぷ☆神 / ????? / 旧市街地の魔物
3,339,em-40350463a9fa,ハンドさんは泳がない,27,2044,3578,3,damage_reduction,0.3531,0.5486,84,16,8,いいえ,青玉の供犠ぴよ子 / えかちぇたん / ハンドさんは泳がない / トキシッくんｵｯｽｵｯｽ / 聖えぇじゃないか
3,340,em-a0601347b042,グラーツ君,36,2896,5282,3,attack_buff,0.3524,0.5625,98,2,8,いいえ,ハリウッドナナコ師匠 / 北間・クラリス嬢 / グラーツ君 / ????? / 御嶽さん
3,341,em-4b42211e8e80,ナモミさん,12,200,1200,2,attack_buff,0.3521,0.6042,100,0,8,いいえ,ダリア・宮子・9 / カルボ姉（ねえ） / ナモミさん / みどりのたけしマン / ハリウッドナナコ師匠
3,342,em-ed707603ab87,荒ぶる水島神人,15,1200,600,3,guard,0.352,0.6042,98,2,6,いいえ,ダリア・宮子・9 / カルボ姉（ねえ） / 荒ぶる水島神人 / クェーサルと仲間たち / ハリウッドナナコ師匠
3,343,em-65d0268c18cf,うっす様。,6,200,900,2,attack_buff,0.352,0.5972,94,6,8,いいえ,ダリア・宮子・9 / カルボ姉（ねえ） / うっす様。 / みどりのたけしマン / ハリウッドナナコ師匠
3,344,em-2a6ad62952da,スホクラント先生,15,1841,904,3,damage_reduction,0.3516,0.5833,99,1,7,いいえ,日本海女中 / えかちぇたん / スホクラント先生 / ブハラ師匠 / ハリウッドナナコ師匠
3,345,em-bffb26ad3975,アイヌ☆らっくるん,60,2896,6645,2,attack_buff,0.3513,0.5833,100,0,7,いいえ,試作型おこしん / カルボ姉（ねえ） / アイヌ☆らっくるん / トキシッくんｵｯｽｵｯｽ / ハリウッドナナコ師匠
3,346,em-90f39743f105,伝説の牛タソ,19,2269,302,3,guard,0.3512,0.5625,84,16,8,いいえ,青玉の供犠ぴよ子 / カルボ姉（ねえ） / 伝説の牛タソ / オペラハウス侯爵 / 聖えぇじゃないか
3,347,em-c5e484c5d286,マウント取瑠代,31,6076,1850,3,revive,0.3506,0.5833,99,1,8,いいえ,日本海女中 / カルボ姉（ねえ） / マウント取瑠代 / みどりのたけしマン / 速いぞサラマンダー！
3,348,em-41b8799b7505,まおーちゃん,50,3748,4941,3,revive,0.3492,0.5903,100,0,7,いいえ,日本海女中 / カルボ姉（ねえ） / まおーちゃん / ɚすぃとあろま？ / ハリウッドナナコ師匠
3,349,em-edd2253df045,怪奇！変身鬼人形,25,3408,3834,3,attribute_change,0.3486,0.5833,100,0,8,いいえ,日本海女中 / カルボ姉（ねえ） / 怪奇！変身鬼人形 / 愛のぴよ子 / 八狗神伏姫様
3,350,em-ae529aca2139,夜鳥の会会長,35,3408,4260,3,attribute_change,0.3486,0.5764,99,1,8,いいえ,タキシラ師匠 / カルボ姉（ねえ） / 夜鳥の会会長 / みどりのたけしマン / 聖えぇじゃないか
3,351,em-c749ad6eefee,トーテムゆ～る,16,1413,1201,3,delay,0.3486,0.5278,94,6,8,いいえ,タキシラ師匠 / えかちぇたん / トーテムゆ～る / ????? / 御嶽さん
3,352,em-ab3cf42ca015,銘菓ぴよ子零式,15,1155,1255,3,multi_hit_attack,0.3485,0.4931,85,15,8,いいえ,ハリウッドナナコ師匠 / 北間・クラリス嬢 / 銘菓ぴよ子零式 / みどりのたけしマン / 御嶽さん
3,353,em-82e546e8de79,ランたん,29,2198,3612,2,attribute_change,0.3482,0.5694,100,0,8,いいえ,タキシラ師匠 / カルボ姉（ねえ） / ランたん / ????? / 御嶽さん
3,354,em-6145c94ca696,ｽﾌﾟﾗ♡な琵琶子たん,13,1213,1190,3,damage_reduction,0.348,0.6181,100,0,7,いいえ,有砂小町 / えかちぇたん / ｽﾌﾟﾗ♡な琵琶子たん / トキシッくんｵｯｽｵｯｽ / 端午ぴよ子
3,355,em-489782f8e31c,愛のぴよ子,7,1631,1993,3,heal,0.348,0.5625,86,14,8,いいえ,青玉の供犠ぴよ子 / カルボ姉（ねえ） / 愛のぴよ子 / みどりのたけしマン / モンさんミッシェル
3,356,em-a85f091d502f,スウェルくん,11,1452,2058,2,damage_reduction,0.3478,0.5764,96,4,6,いいえ,有砂小町２ＰＣ / 夏至祭のヴァサクサ君 / スウェルくん / トキシッくんｵｯｽｵｯｽ / 美才能♪かの子さん
3,357,em-71504e292ebf,キャミー・the.女,13,1208,2567,3,heal,0.3474,0.5903,99,1,8,いいえ,青玉の供犠ぴよ子 / えかちぇたん / キャミー・the.女 / みどりのたけしマン / 御嶽さん
3,358,em-05de078a2e7c,幼妻！エンゼルちゃん,22,1993,2913,3,heal,0.3474,0.5833,100,0,8,いいえ,青玉の供犠ぴよ子 / えかちぇたん / 幼妻！エンゼルちゃん / ????? / 御嶽さん
3,359,em-942c8f8de44d,エンゼルちゃん,22,1772,2590,3,heal,0.3471,0.5903,100,0,8,いいえ,青玉の供犠ぴよ子 / えかちぇたん / エンゼルちゃん / ????? / 御嶽さん
3,360,em-dec390a52ee6,英国ストヘン技師,70,8861,4260,2,damage_reduction,0.3459,0.4236,100,0,7,いいえ,試作型おこしん / ペーチパイセン / 英国ストヘン技師 / おこしんMK-2 / ウシュか☆丸か
3,361,em-502c02710bc4,覚醒けいび,6,345,300,2,multi_hit_attack,0.3458,0.6181,94,6,8,いいえ,ダリア・宮子・9 / カルボ姉（ねえ） / 覚醒けいび / みどりのたけしマン / ハリウッドナナコ師匠
3,362,em-0c1036483550,kɔにー＆gæりー,13,1128,846,2,damage_reduction,0.3455,0.5972,96,4,7,いいえ,ダリア・宮子・9 / カルボ姉（ねえ） / kɔにー＆gæりー / クェーサルと仲間たち / ハリウッドナナコ師匠
3,363,em-91479d9f811c,奇術師！エッジュさん,9,700,700,3,skill_reduction,0.3455,0.5833,100,0,8,いいえ,ダリア・宮子・9 / カルボ姉（ねえ） / 奇術師！エッジュさん / ????? / 眠里　不可緒
3,364,em-69fe49e9031d,かずら姉さん,11,650,700,2,guard,0.3455,0.5694,96,4,7,いいえ,有砂小町２ＰＣ / 夏至祭のヴァサクサ君 / かずら姉さん / トキシッくんｵｯｽｵｯｽ / 美才能♪かの子さん
3,365,em-b0a135da294f,デンマーくん三世,6,800,600,3,guard,0.3453,0.5903,98,2,8,いいえ,ダリア・宮子・9 / カルボ姉（ねえ） / デンマーくん三世 / ????? / 聖えぇじゃないか
3,366,em-96c4c1bf7f87,畳リーゼントの御頭,40,4345,4345,2,attack_buff,0.3453,0.5625,99,1,8,いいえ,タキシラ師匠 / カルボ姉（ねえ） / 畳リーゼントの御頭 / みどりのたけしマン / 速いぞサラマンダー！
3,367,em-ff5dd5331817,デメ子ちゃん,18,1704,3067,2,attribute_change,0.3452,0.5833,100,0,8,いいえ,日本海女中 / えかちぇたん / デメ子ちゃん / 愛のぴよ子 / 八狗神伏姫様
3,368,em-587d1ec0e30f,偉人さんトーマスん,14,1359,2038,2,attribute_change,0.3452,0.5764,97,3,8,いいえ,ダリア・宮子・9 / カルボ姉（ねえ） / 偉人さんトーマスん / ????? / 旧市街地の魔物
3,369,em-fbb333645878,戸隠ちび大助,14,226,2193,2,attack_buff,0.345,0.5764,95,5,8,いいえ,タキシラ師匠 / えかちぇたん / 戸隠ちび大助 / ????? / 八狗神伏姫様
3,370,em-1c72b25f9096,エッシュ＆エッジュ,10,800,800,3,skill_reduction,0.3448,0.5694,98,2,8,いいえ,ダリア・宮子・9 / カルボ姉（ねえ） / エッシュ＆エッジュ / みどりのたけしマン / ハリウッドナナコ師匠
3,371,em-4f0b20692fd7,コンドアーズ,17,273,2120,3,attack_buff,0.3443,0.5833,93,7,8,いいえ,有砂小町 / カルボ姉（ねえ） / コンドアーズ / トキシッくんｵｯｽｵｯｽ / 実はこんにゃくちゃん
3,372,em-cdfbe8acd59f,はんばー先輩,24,4444,563,2,revive,0.3441,0.5694,95,5,8,いいえ,青玉の供犠ぴよ子 / カルボ姉（ねえ） / はんばー先輩 / ????? / 御嶽さん
3,373,em-98053d851e29,炎上魔女ベファーナ,59,2088,3748,2,revive,0.3438,0.5486,100,0,7,いいえ,青玉の供犠ぴよ子 / カルボ姉（ねえ） / 炎上魔女ベファーナ / ɚすぃとあろま？ / ハリウッドナナコ師匠
3,374,em-409b16959eac,唸るぜ！よりりん,12,795,805,3,attribute_change,0.3436,0.6111,100,0,8,いいえ,ダリア・宮子・9 / カルボ姉（ねえ） / 唸るぜ！よりりん / みどりのたけしマン / ハリウッドナナコ師匠
3,375,em-96ed71805a40,白鷺日女路嬢,21,4830,1255,3,heal,0.3431,0.5625,99,1,8,いいえ,青玉の供犠ぴよ子 / えかちぇたん / 白鷺日女路嬢 / ????? / 御嶽さん
3,376,em-4a86c88e71a1,デンマーくん,3,600,300,3,guard,0.343,0.5903,100,0,8,いいえ,ダリア・宮子・9 / カルボ姉（ねえ） / デンマーくん / 御嶽さん / ハリウッドナナコ師匠
3,377,em-94f677409ee2,月甲のルナタスピス,75,10224,4543,3,guard,0.3429,0.4167,100,0,7,いいえ,ハリウッドナナコ師匠 / 北間・クラリス嬢 / 月甲のルナタスピス / 愛のぴよ子 / 大森さん
3,378,em-01ed0ad1bb88,ムガるぞ！フマゆん,78,8350,6805,3,aoe_attack,0.3429,0.3958,99,1,5,いいえ,ハリウッドナナコ師匠 / 総統エビユルゲ / ムガるぞ！フマゆん / 愛のぴよ子 / 大森さん
3,379,em-c573b4be1553,ｷﾞｶﾞももたろす,12,1300,1300,3,attribute_change,0.3426,0.6111,100,0,8,いいえ,ダリア・宮子・9 / カルボ姉（ねえ） / ｷﾞｶﾞももたろす / みどりのたけしマン / ハリウッドナナコ師匠
3,380,em-b2d6a846bb36,哀哭のオオウミガラス,75,9713,4941,2,damage_reduction,0.3426,0.3889,100,0,7,いいえ,ハリウッドナナコ師匠 / 北間・クラリス嬢 / 哀哭のオオウミガラス / 愛のぴよ子 / 大森さん
3,381,em-5f5281ba5e2a,黄泉還り！反魂タン,9,1812,1963,3,revive,0.3419,0.5833,95,5,8,いいえ,青玉の供犠ぴよ子 / えかちぇたん / 黄泉還り！反魂タン / みどりのたけしマン / 御嶽さん
3,382,em-ad084af57188,魔法使い らくがーる,38,4601,3663,2,attack_buff,0.3419,0.5486,97,3,6,いいえ,タキシラ師匠 / カルボ姉（ねえ） / 魔法使い らくがーる / みどりのたけしマン / 速いぞサラマンダー！
3,383,em-804bc17d075c,雪壁の大谷,11,1500,300,2,damage_reduction,0.3418,0.5833,94,6,7,いいえ,ダリア・宮子・9 / カルボ姉（ねえ） / 雪壁の大谷 / クェーサルと仲間たち / ハリウッドナナコ師匠
3,384,em-5f9efdc805e5,呼んでますトムさん,15,1269,1269,3,attribute_guard,0.3417,0.5764,99,1,7,いいえ,日本海女中 / えかちぇたん / 呼んでますトムさん / ブハラ師匠 / ハリウッドナナコ師匠
3,385,em-199bdad6398b,なるティス,12,1000,900,3,attack_buff,0.3416,0.6042,100,0,8,いいえ,ダリア・宮子・9 / カルボ姉（ねえ） / なるティス / みどりのたけしマン / ハリウッドナナコ師匠
3,386,em-8561e29b5d2e,まんまんちゃん,12,1524,1682,3,attack_buff,0.3416,0.5833,100,0,8,いいえ,ダリア・宮子・9 / カルボ姉（ねえ） / まんまんちゃん / みどりのたけしマン / ハリウッドナナコ師匠
3,387,em-a0159af9ab81,カネヒラくん,14,2385,2556,2,attribute_change,0.3412,0.5417,100,0,8,いいえ,タキシラ師匠 / えかちぇたん / カネヒラくん / みどりのたけしマン / 御嶽さん
3,388,em-6ead69ef1b01,精霊ブーナッド,16,4025,805,2,heal,0.3411,0.5486,94,6,8,いいえ,青玉の供犠ぴよ子 / えかちぇたん / 精霊ブーナッド / ????? / 御嶽さん
3,389,em-f2d052955a43,大正義・フクちゃん,7,1128,1269,2,attribute_change,0.3406,0.5764,95,5,8,いいえ,ダリア・宮子・9 / カルボ姉（ねえ） / 大正義・フクちゃん / みどりのたけしマン / ハリウッドナナコ師匠
3,390,em-2be7abbe40d1,大晦日！ナモミ先輩,14,300,1700,2,attack_buff,0.3399,0.5764,95,5,8,いいえ,タキシラ師匠 / えかちぇたん / 大晦日！ナモミ先輩 / ????? / 八狗神伏姫様
3,391,em-9d7275c7d84e,ハンドさんの匍匐前進,27,1840,3220,3,damage_reduction,0.3398,0.5347,84,16,8,いいえ,青玉の供犠ぴよ子 / えかちぇたん / ハンドさんの匍匐前進 / トキシッくんｵｯｽｵｯｽ / 聖えぇじゃないか
3,392,em-5c4a86842734,芹沢殿,10,703,698,3,guard,0.338,0.5833,100,0,8,いいえ,ダリア・宮子・9 / えかちぇたん / 芹沢殿 / クェーサルと仲間たち / ハリウッドナナコ師匠
3,393,em-879d09afc46a,アイアン下仁田,17,907,900,2,guard,0.338,0.5694,100,0,7,いいえ,ダリア・宮子・9 / カルボ姉（ねえ） / アイアン下仁田 / クェーサルと仲間たち / ハリウッドナナコ師匠
3,394,em-1acdee18dc58,生きろ！モア蔵,7,1540,240,3,guard,0.3377,0.5833,99,1,8,いいえ,ダリア・宮子・9 / カルボ姉（ねえ） / 生きろ！モア蔵 / ????? / 聖えぇじゃないか
3,395,em-ec5b8324ab06,袴着！いつくしーみん,36,3401,3401,2,attack_buff,0.3375,0.5486,95,5,8,いいえ,タキシラ師匠 / カルボ姉（ねえ） / 袴着！いつくしーみん / みどりのたけしマン / 速いぞサラマンダー！
3,396,em-acc7e76f32c6,満開☆チゥりっぷちゃん,20,563,2957,2,attribute_change,0.3374,0.5625,100,0,8,いいえ,日本海女中 / 北間・クラリス嬢 / 満開☆チゥりっぷちゃん / みどりのたけしマン / 御嶽さん
3,397,em-f9ca1348e6ed,斎王代「鵺」,48,6884,3748,3,attribute_change,0.3374,0.5556,100,0,8,いいえ,タキシラ師匠 / カルボ姉（ねえ） / 斎王代「鵺」 / みどりのたけしマン / ハリウッドナナコ師匠
3,398,em-e795d2bbe2f0,北政所ねね様,60,5623,4601,3,attribute_guard,0.3367,0.5139,99,1,8,いいえ,青玉の供犠ぴよ子 / カルボ姉（ねえ） / 北政所ねね様 / 愛のぴよ子 / おこしんMK-2
3,399,em-fcf6ec919e80,ｱﾙﾊﾟ力のお兄(父)さん,10,763,2205,3,heal,0.3366,0.5556,95,5,8,いいえ,ハリウッドナナコ師匠 / えかちぇたん / ｱﾙﾊﾟ力のお兄(父)さん / みどりのたけしマン / 御嶽さん
3,400,em-4ea698949c11,侵略成功!?イカ翁,20,1131,1272,2,revive,0.3363,0.6111,98,2,9,いいえ,青玉の供犠ぴよ子 / えかちぇたん / 侵略成功!?イカ翁 / ????? / 御嶽さん
3,401,em-cf71633a3be4,真・やよいチゥりっぷ,12,1500,300,3,attribute_change,0.3362,0.6042,100,0,8,いいえ,ダリア・宮子・9 / カルボ姉（ねえ） / 真・やよいチゥりっぷ / みどりのたけしマン / ハリウッドナナコ師匠
3,402,em-64a5161e8307,優美な二条嬢,15,1250,1150,2,attribute_guard,0.3361,0.5764,98,2,6,いいえ,ダリア・宮子・9 / カルボ姉（ねえ） / 優美な二条嬢 / クェーサルと仲間たち / ハリウッドナナコ師匠
3,403,em-78c90c30a11c,夜光虫ほたるん,14,2265,3020,2,attribute_change,0.3361,0.5417,77,23,8,いいえ,日本海女中 / カルボ姉（ねえ） / 夜光虫ほたるん / ????? / 巨大カンテツ
3,404,em-f3be7c12380c,魔女ランダ,44,3067,5623,2,attribute_change,0.3359,0.5556,100,0,8,いいえ,タキシラ師匠 / カルボ姉（ねえ） / 魔女ランダ / ????? / 聖えぇじゃないか
3,405,em-c358a9d61a43,PiぐPeんとBiぐBeん,15,1208,1510,2,attack_buff,0.3355,0.5764,96,4,8,いいえ,タキシラ師匠 / えかちぇたん / PiぐPeんとBiぐBeん / ????? / 八狗神伏姫様
3,406,em-1e9e4475c353,ゲラー･ｻﾞ･ｸﾞﾗﾃﾞｨｴｲﾀｰ,55,3408,5964,2,attack_buff,0.3355,0.5069,89,11,7,いいえ,試作型おこしん / ペーチパイセン / ゲラー･ｻﾞ･ｸﾞﾗﾃﾞｨｴｲﾀｰ / トキシッくんｵｯｽｵｯｽ / おこしんMK-2
3,407,em-b080511b902a,かずらちゃん,3,350,500,2,guard,0.3351,0.5833,100,0,8,いいえ,有砂小町 / 北間・クラリス嬢 / かずらちゃん / ????? / 御嶽さん
3,408,em-5d34df1253d1,氷点下のレーカさん,40,2044,2556,3,revive,0.335,0.5903,100,0,8,いいえ,日本海女中 / えかちぇたん / 氷点下のレーカさん / ????? / ハリウッドナナコ師匠
3,409,em-c9268ab25340,大森銀さま,10,1600,200,3,damage_reduction,0.3346,0.5833,100,0,8,いいえ,ダリア・宮子・9 / えかちぇたん / 大森銀さま / クェーサルと仲間たち / ハリウッドナナコ師匠
3,410,em-8cdef0bc7893,戸隠ちび太夫,11,150,1200,3,attack_buff,0.3344,0.6042,99,1,8,いいえ,ダリア・宮子・9 / カルボ姉（ねえ） / 戸隠ちび太夫 / みどりのたけしマン / ハリウッドナナコ師匠
3,411,em-2c819cc3029c,お稲荷さん,9,808,808,3,attack_buff,0.3339,0.5972,97,3,8,いいえ,ダリア・宮子・9 / カルボ姉（ねえ） / お稲荷さん / みどりのたけしマン / ハリウッドナナコ師匠
3,412,em-6df3fac7ad2e,ウナギーヌ社長,9,1833,775,2,heal,0.3336,0.5556,95,5,8,いいえ,青玉の供犠ぴよ子 / えかちぇたん / ウナギーヌ社長 / みどりのたけしマン / 御嶽さん
3,413,em-615e4701fc7f,華麗！いつくしーみん,12,660,1040,2,attack_buff,0.3334,0.6042,100,0,8,いいえ,ダリア・宮子・9 / カルボ姉（ねえ） / 華麗！いつくしーみん / みどりのたけしマン / ハリウッドナナコ師匠
3,414,em-e6c115665fbd,上宮之太子さま,15,1300,1150,2,heal,0.333,0.5833,93,7,8,いいえ,青玉の供犠ぴよ子 / えかちぇたん / 上宮之太子さま / ????? / 御嶽さん
3,415,em-ae8585ed525d,一服のうっぴー,46,6475,3408,3,heal,0.3327,0.5486,97,3,8,いいえ,青玉の供犠ぴよ子 / カルボ姉（ねえ） / 一服のうっぴー / ????? / 速いぞサラマンダー！
3,416,em-4e0f06589604,新・やよいチゥりっぷ,9,1100,200,3,attribute_change,0.3325,0.6042,100,0,8,いいえ,ダリア・宮子・9 / カルボ姉（ねえ） / 新・やよいチゥりっぷ / ????? / 眠里　不可緒
3,417,em-7f906b3752a5,華麗なびわ子たん,10,1213,1190,3,damage_reduction,0.3319,0.5764,100,0,7,いいえ,ダリア・宮子・9 / えかちぇたん / 華麗なびわ子たん / クェーサルと仲間たち / ハリウッドナナコ師匠
3,418,em-d8af1ee7968e,ザ★女王の世界,42,1936,2006,3,attack_buff,0.3318,0.5833,84,16,8,いいえ,青玉の供犠ぴよ子 / カルボ姉（ねえ） / ザ★女王の世界 / トキシッくんｵｯｽｵｯｽ / 実はこんにゃくちゃん
3,419,em-86e0d0475819,使い魔のミナヅキ,22,2385,3067,2,attack_buff,0.3318,0.5486,100,0,8,いいえ,タキシラ師匠 / えかちぇたん / 使い魔のミナヅキ / ????? / 御嶽さん
3,420,em-737815742386,タオるんさん先輩,12,800,1000,3,attribute_guard,0.3315,0.5972,95,5,7,いいえ,ダリア・宮子・9 / カルボ姉（ねえ） / タオるんさん先輩 / クェーサルと仲間たち / ハリウッドナナコ師匠
3,421,em-2080ae65b62a,モヅルン,37,3771,1908,3,attribute_guard,0.3313,0.5486,100,0,8,いいえ,青玉の供犠ぴよ子 / カルボ姉（ねえ） / モヅルン / 愛のぴよ子 / 御嶽さん
3,422,em-d05fca3e00df,ほたるん,6,700,1000,3,attribute_change,0.3305,0.5903,96,4,8,いいえ,有砂小町 / カルボ姉（ねえ） / ほたるん / ????? / 聖えぇじゃないか
3,423,em-ead779b4526c,乗っとるダム制度君,8,2115,535,2,revive,0.3295,0.5764,100,0,9,いいえ,(Ｕ^ω^)亭馬琴 / えかちぇたん / 乗っとるダム制度君 / ????? / 御嶽さん
3,424,em-3738f743f200,復活！チワワんこ,8,1128,1269,3,heal,0.3292,0.5625,87,13,8,いいえ,青玉の供犠ぴよ子 / カルボ姉（ねえ） / 復活！チワワんこ / みどりのたけしマン / モンさんミッシェル
3,425,em-5d34c0af44dd,白兎神★ばうあー,72,3878,5487,3,skill_reduction,0.329,0.3681,99,1,7,いいえ,試作型おこしん / ペーチパイセン / 白兎神★ばうあー / 愛のぴよ子 / 大森さん
3,426,em-1fcf0af60c7a,老舗の牛タソ,14,1000,150,3,guard,0.3286,0.5903,97,3,8,いいえ,ダリア・宮子・9 / カルボ姉（ねえ） / 老舗の牛タソ / クェーサルと仲間たち / ハリウッドナナコ師匠
3,427,em-c70398ce7406,讃岐・S.K.O.T神,9,2106,493,3,heal,0.3278,0.5625,95,5,8,いいえ,青玉の供犠ぴよ子 / えかちぇたん / 讃岐・S.K.O.T神 / みどりのたけしマン / 御嶽さん
3,428,em-59fa5fa098ba,繭神！おかいこさま,32,5027,1704,3,attribute_change,0.3277,0.5417,96,4,8,いいえ,タキシラ師匠 / カルボ姉（ねえ） / 繭神！おかいこさま / みどりのたけしマン / 聖えぇじゃないか
3,429,em-900c465878ea,たたらん先生,12,800,600,3,attack_buff,0.3275,0.5903,100,0,8,いいえ,ダリア・宮子・9 / カルボ姉（ねえ） / たたらん先生 / みどりのたけしマン / ハリウッドナナコ師匠
3,430,em-9667a89799b5,冬の双子姫,77,9628,4686,2,damage_reduction,0.3272,0.3472,100,0,5,いいえ,ハリウッドナナコ師匠 / ウナギーヌくん / 冬の双子姫 / 愛のぴよ子 / おこしんMK-2
3,431,em-4fddbba71de4,大熊びぐべん,9,600,700,2,attack_buff,0.327,0.5903,97,3,8,いいえ,ダリア・宮子・9 / カルボ姉（ねえ） / 大熊びぐべん / みどりのたけしマン / ハリウッドナナコ師匠
3,432,em-d46e72def2a2,いつくしーみん,8,380,840,2,attack_buff,0.3262,0.5972,96,4,8,いいえ,ダリア・宮子・9 / カルボ姉（ねえ） / いつくしーみん / みどりのたけしマン / ハリウッドナナコ師匠
3,433,em-492dd4b96b0e,中央アルプスの少年,12,800,600,2,damage_reduction,0.3257,0.5764,95,5,8,いいえ,ダリア・宮子・9 / カルボ姉（ねえ） / 中央アルプスの少年 / クェーサルと仲間たち / ハリウッドナナコ師匠
3,434,em-7c5fdd7af70d,覚醒むりょく,6,198,89,3,multi_hit_attack,0.3254,0.6111,94,6,8,いいえ,ダリア・宮子・9 / カルボ姉（ねえ） / 覚醒むりょく / みどりのたけしマン / ハリウッドナナコ師匠
3,435,em-091b1c77c643,戸隠ちび蔵,6,150,950,3,attack_buff,0.3253,0.5903,94,6,8,いいえ,ダリア・宮子・9 / カルボ姉（ねえ） / 戸隠ちび蔵 / みどりのたけしマン / ハリウッドナナコ師匠
3,436,em-0b273c3da2d3,ぴぐぺん＆びぐべん,12,700,900,2,attack_buff,0.3249,0.5833,100,0,8,いいえ,ダリア・宮子・9 / カルボ姉（ねえ） / ぴぐぺん＆びぐべん / みどりのたけしマン / ハリウッドナナコ師匠
3,437,em-b27009a57b71,架けろきしわだっしー,49,1559,6672,3,attack_buff,0.3248,0.5139,100,0,8,いいえ,タキシラ師匠 / カルボ姉（ねえ） / 架けろきしわだっしー / ????? / 速いぞサラマンダー！
3,438,em-276d7f996bbe,竜也エボリューション,49,2044,6305,3,attack_buff,0.3245,0.5208,100,0,8,いいえ,タキシラ師匠 / カルボ姉（ねえ） / 竜也エボリューション / ????? / 速いぞサラマンダー！
3,439,em-6fd11d4d3308,超天狗くまのたん,35,1704,7497,3,attack_buff,0.3243,0.5278,94,6,8,いいえ,タキシラ師匠 / カルボ姉（ねえ） / 超天狗くまのたん / みどりのたけしマン / 速いぞサラマンダー！
3,440,em-6a28c73fe6b3,はーい竜馬,8,900,900,3,attack_buff,0.3241,0.5764,96,4,8,いいえ,ダリア・宮子・9 / カルボ姉（ねえ） / はーい竜馬 / みどりのたけしマン / ハリウッドナナコ師匠
3,441,em-4b8003f0f990,メル子さま,12,800,800,3,attack_buff,0.3237,0.5972,100,0,8,いいえ,ダリア・宮子・9 / カルボ姉（ねえ） / メル子さま / みどりのたけしマン / ハリウッドナナコ師匠
3,442,em-900d96f0b1d7,修験くまのたん,12,400,1200,3,attack_buff,0.3237,0.5764,100,0,8,いいえ,ダリア・宮子・9 / カルボ姉（ねえ） / 修験くまのたん / みどりのたけしマン / ハリウッドナナコ師匠
3,443,em-2d728f34a59e,へーい竜馬,14,1500,1500,3,attack_buff,0.3237,0.5625,95,5,8,いいえ,タキシラ師匠 / えかちぇたん / へーい竜馬 / ????? / 八狗神伏姫様
3,444,em-3dc0af65e330,ランたんちゃん,43,3425,5295,2,attribute_change,0.323,0.5139,99,1,8,いいえ,タキシラ師匠 / カルボ姉（ねえ） / ランたんちゃん / ????? / 聖えぇじゃないか
3,445,em-24b5b550f587,ジョロウグモ,10,937,2113,3,damage_reduction,0.3227,0.5556,100,0,8,いいえ,ダリア・宮子・9 / えかちぇたん / ジョロウグモ / クェーサルと仲間たち / ハリウッドナナコ師匠
3,446,em-31f11b9a8df8,ももとふFREEダム,40,3408,4260,3,heal,0.3227,0.5486,100,0,8,いいえ,日本海女中 / カルボ姉（ねえ） / ももとふFREEダム / ????? / 速いぞサラマンダー！
3,447,em-69c72b6c10d2,紳士なトーマスん,12,765,835,3,attribute_change,0.3213,0.5972,100,0,8,いいえ,ダリア・宮子・9 / カルボ姉（ねえ） / 紳士なトーマスん / みどりのたけしマン / ハリウッドナナコ師匠
3,448,em-f8e6761b2883,青龍,36,1704,6816,3,attack_buff,0.3213,0.5278,98,2,8,いいえ,ハリウッドナナコ師匠 / 北間・クラリス嬢 / 青龍 / ????? / 御嶽さん
3,449,em-dff6ba115611,トゥーさん,44,3067,3067,3,revive,0.3211,0.5694,100,0,8,いいえ,青玉の供犠ぴよ子 / カルボ姉（ねえ） / トゥーさん / ????? / 聖えぇじゃないか
3,450,em-050f0ee87c24,妖精雪愛さん,12,770,830,2,attribute_change,0.321,0.5903,100,0,8,いいえ,ダリア・宮子・9 / カルボ姉（ねえ） / 妖精雪愛さん / みどりのたけしマン / ハリウッドナナコ師匠
3,451,em-5a100f5215c1,オリバーTHEトイ,6,300,600,3,attack_buff,0.3209,0.5833,94,6,8,いいえ,ダリア・宮子・9 / カルボ姉（ねえ） / オリバーTHEトイ / みどりのたけしマン / ハリウッドナナコ師匠
3,452,em-786d95001098,可憐な二条嬢,12,810,790,2,attribute_guard,0.3207,0.5694,95,5,8,いいえ,ダリア・宮子・9 / カルボ姉（ねえ） / 可憐な二条嬢 / クェーサルと仲間たち / ハリウッドナナコ師匠
3,453,em-70861f8a23e9,ウナギーヌくん,3,800,200,2,heal,0.3204,0.5694,94,6,8,いいえ,ダリア・宮子・9 / カルボ姉（ねえ） / ウナギーヌくん / ????? / 眠里　不可緒
3,454,em-b54c325797a5,フク先生,6,600,700,3,attribute_change,0.3203,0.5903,96,4,8,いいえ,有砂小町 / カルボ姉（ねえ） / フク先生 / ????? / 聖えぇじゃないか
3,455,em-950c6a19b78f,竹輪総理,6,250,1100,3,attack_buff,0.32,0.5625,94,6,8,いいえ,ダリア・宮子・9 / カルボ姉（ねえ） / 竹輪総理 / みどりのたけしマン / ハリウッドナナコ師匠
3,456,em-e9a9af4ae9bc,梨豚ぴぐぺん,6,500,600,2,attack_buff,0.3198,0.5764,94,6,8,いいえ,ダリア・宮子・9 / カルボ姉（ねえ） / 梨豚ぴぐぺん / みどりのたけしマン / ハリウッドナナコ師匠
3,457,em-08c36f307e1c,3年ε組！エレナ先生,38,4430,4260,3,attack_buff,0.3196,0.5347,97,3,6,いいえ,タキシラ師匠 / カルボ姉（ねえ） / 3年ε組！エレナ先生 / みどりのたけしマン / 速いぞサラマンダー！
3,458,em-554c0093231a,おあげさん,7,505,495,3,attack_buff,0.3195,0.5903,95,5,8,いいえ,ダリア・宮子・9 / カルボ姉（ねえ） / おあげさん / みどりのたけしマン / ハリウッドナナコ師匠
3,459,em-10adad665687,コマンドー下仁田,13,597,614,3,guard,0.319,0.5833,96,4,7,いいえ,ダリア・宮子・9 / カルボ姉（ねえ） / コマンドー下仁田 / クェーサルと仲間たち / ハリウッドナナコ師匠
3,460,em-902df874fa74,でらマジカ,6,650,700,3,attribute_guard,0.3187,0.5694,98,2,8,いいえ,ダリア・宮子・9 / カルボ姉（ねえ） / でらマジカ / ????? / 聖えぇじゃないか
3,461,em-6e472849dc37,ほーい竜馬,12,1100,1100,3,attack_buff,0.3185,0.5694,100,0,8,いいえ,ダリア・宮子・9 / カルボ姉（ねえ） / ほーい竜馬 / みどりのたけしマン / ハリウッドナナコ師匠
3,462,em-3e7f24f8564c,かずらさん,6,450,650,2,guard,0.3185,0.5556,98,2,8,いいえ,ダリア・宮子・9 / カルボ姉（ねえ） / かずらさん / ????? / 聖えぇじゃないか
3,463,em-3ea6ac9a0933,オリバーWITHソー,8,400,800,3,attack_buff,0.3178,0.5694,96,4,8,いいえ,ダリア・宮子・9 / カルボ姉（ねえ） / オリバーWITHソー / みどりのたけしマン / ハリウッドナナコ師匠
3,464,em-f33518363cb8,マチョリスト☆ばん,13,1410,775,2,attack_buff,0.3175,0.5764,75,25,8,いいえ,青玉の供犠ぴよ子 / カルボ姉（ねえ） / マチョリスト☆ばん / みどりのたけしマン / 巨大カンテツ
3,465,em-6c1c64d0e4ed,七夕ぴよ子,7,1104,1104,3,revive,0.3175,0.5625,86,14,8,いいえ,青玉の供犠ぴよ子 / カルボ姉（ねえ） / 七夕ぴよ子 / みどりのたけしマン / モンさんミッシェル
3,466,em-de36aab296aa,月下皇帝ランたん様,50,3150,5367,3,revive,0.3174,0.5486,100,0,7,いいえ,試作型おこしん / カルボ姉（ねえ） / 月下皇帝ランたん様 / 愛のぴよ子 / 聖えぇじゃないか
3,467,em-dce9e83b7c07,長靴履いたなろう猫,42,3786,2726,3,attribute_change,0.3173,0.5208,100,0,8,いいえ,日本海女中 / えかちぇたん / 長靴履いたなろう猫 / トキシッくんｵｯｽｵｯｽ / 実はこんにゃくちゃん
3,468,em-e9a4c94598fc,深海人ゴロウ,6,500,480,2,attack_buff,0.3172,0.5833,94,6,8,いいえ,ダリア・宮子・9 / カルボ姉（ねえ） / 深海人ゴロウ / みどりのたけしマン / ハリウッドナナコ師匠
3,469,em-1ec49f290f1e,ʌっぴーちゃん,8,1762,634,2,heal,0.3172,0.5347,87,13,8,いいえ,青玉の供犠ぴよ子 / カルボ姉（ねえ） / ʌっぴーちゃん / みどりのたけしマン / モンさんミッシェル
3,470,em-db7ee0abcada,ＫＲ２ジョーの戦い,30,2385,4601,3,damage_reduction,0.317,0.5347,94,6,7,いいえ,タキシラ師匠 / カルボ姉（ねえ） / ＫＲ２ジョーの戦い / みどりのたけしマン / 聖えぇじゃないか
3,471,em-dac0a350706a,くたにん,6,500,600,3,attribute_change,0.3163,0.5903,96,4,8,いいえ,有砂小町 / カルボ姉（ねえ） / くたにん / ????? / 聖えぇじゃないか
3,472,em-5275d879d803,ｻｲｯｺくたにん,12,800,1000,2,attribute_change,0.3163,0.5694,100,0,8,いいえ,ダリア・宮子・9 / カルボ姉（ねえ） / ｻｲｯｺくたにん / みどりのたけしマン / ハリウッドナナコ師匠
3,473,em-47063c22130f,わんこースそば,4,300,400,3,heal,0.3162,0.5833,95,5,8,いいえ,ダリア・宮子・9 / カルボ姉（ねえ） / わんこースそば / ????? / 眠里　不可緒
3,474,em-1cb67f0b7d2d,スノーな大谷,9,1100,200,2,damage_reduction,0.316,0.5556,99,1,8,いいえ,ダリア・宮子・9 / えかちぇたん / スノーな大谷 / クェーサルと仲間たち / ハリウッドナナコ師匠
3,475,em-c3ea022d7d2f,にゅーさん,12,500,1900,3,guard,0.3157,0.5208,80,20,7,いいえ,タキシラ師匠 / カルボ姉（ねえ） / にゅーさん / 御嶽さん / 速いぞサラマンダー！
3,476,em-6d0b27bbd976,なっとくんおじさん,7,496,484,2,skill_reduction,0.3155,0.5556,95,5,8,いいえ,ダリア・宮子・9 / カルボ姉（ねえ） / なっとくんおじさん / みどりのたけしマン / ハリウッドナナコ師匠
3,477,em-b34467071fa2,蓮三郎,6,500,450,3,skill_reduction,0.3151,0.5556,94,6,8,いいえ,ダリア・宮子・9 / カルボ姉（ねえ） / 蓮三郎 / みどりのたけしマン / ハリウッドナナコ師匠
3,478,em-ea000314e767,ＫＲ２ジョー少佐,13,921,2476,3,attack_buff,0.3151,0.5486,83,17,8,いいえ,(Ｕ^ω^)亭馬琴 / 北間・クラリス嬢 / ＫＲ２ジョー少佐 / みどりのたけしマン / 聖えぇじゃないか
3,479,em-87a6c85241fe,蝶々ペッパーくん,30,1482,1781,2,delay,0.315,0.4653,94,6,8,いいえ,タキシラ師匠 / カルボ姉（ねえ） / 蝶々ペッパーくん / みどりのたけしマン / 聖えぇじゃないか
3,480,em-d6397e37a32d,三山くまのたん,17,500,1900,3,attack_buff,0.3142,0.5556,98,2,8,いいえ,タキシラ師匠 / えかちぇたん / 三山くまのたん / ????? / 八狗神伏姫様
3,481,em-5088462f1ee9,日本一の桃たろす,45,4260,5964,2,attribute_change,0.314,0.5069,97,3,7,いいえ,タキシラ師匠 / カルボ姉（ねえ） / 日本一の桃たろす / みどりのたけしマン / ハリウッドナナコ師匠
3,482,em-357d76cd5b69,のり男さん,5,424,356,3,attribute_guard,0.3139,0.5625,99,1,7,いいえ,ハリウッドナナコ師匠 / カルボ姉（ねえ） / のり男さん / ブハラ師匠 / 御嶽さん
3,483,em-fd76872dafaf,くまのたん,8,300,920,3,attack_buff,0.3136,0.5625,96,4,8,いいえ,ダリア・宮子・9 / カルボ姉（ねえ） / くまのたん / みどりのたけしマン / ハリウッドナナコ師匠
3,484,em-8060e6a7ab61,戸隠ちび丸,4,150,700,3,attack_buff,0.3133,0.5764,88,12,8,いいえ,金野デメ子さん / カルボ姉（ねえ） / 戸隠ちび丸 / ????? / 速いぞサラマンダー！
3,485,em-bbcbbb9fef0a,こっちの大谷,6,1000,100,3,damage_reduction,0.3125,0.5764,98,2,8,いいえ,ダリア・宮子・9 / カルボ姉（ねえ） / こっちの大谷 / ????? / 聖えぇじゃないか
3,486,em-428a2893945d,雪愛ちゃん,8,590,630,3,attribute_change,0.3122,0.5833,96,4,8,いいえ,ダリア・宮子・9 / カルボ姉（ねえ） / 雪愛ちゃん / みどりのたけしマン / ハリウッドナナコ師匠
3,487,em-e718c5b250d7,彩れくたにん,9,600,700,2,attribute_change,0.3116,0.5694,97,3,8,いいえ,ダリア・宮子・9 / カルボ姉（ねえ） / 彩れくたにん / みどりのたけしマン / ハリウッドナナコ師匠
3,488,em-c6785d8f86c3,中央アルプスの犬,9,600,400,2,damage_reduction,0.3115,0.5625,95,5,8,いいえ,有砂小町 / えかちぇたん / 中央アルプスの犬 / トキシッくんｵｯｽｵｯｽ / 伝説のWoo怪
3,489,em-c4c0bb3e4292,あっぴーちゃん,3,600,300,3,heal,0.3113,0.5694,94,6,8,いいえ,ダリア・宮子・9 / カルボ姉（ねえ） / あっぴーちゃん / ????? / 眠里　不可緒
3,490,em-377a00f7a666,のり男,4,334,278,3,attribute_guard,0.3107,0.5625,98,2,7,いいえ,ハリウッドナナコ師匠 / カルボ姉（ねえ） / のり男 / ブハラ師匠 / 御嶽さん
3,491,em-f14c0a7296cf,コーベリアル伯爵,7,500,480,2,attribute_guard,0.3105,0.5486,99,1,8,いいえ,ダリア・宮子・9 / カルボ姉（ねえ） / コーベリアル伯爵 / ????? / 聖えぇじゃないか
3,492,em-37e222cb9f2b,いんばーぬたん,53,3748,4771,2,attack_buff,0.3103,0.4861,100,0,6,いいえ,青玉の供犠ぴよ子 / えかちぇたん / いんばーぬたん / 愛のぴよ子 / 実はこんにゃくちゃん
3,493,em-14092b64f08d,コハク糖の魔導師,46,4379,5367,3,attribute_change,0.3101,0.5,93,7,8,いいえ,青玉の供犠ぴよ子 / えかちぇたん / コハク糖の魔導師 / 愛のぴよ子 / 実はこんにゃくちゃん
3,494,em-8a7e4284ba4a,あっぴーさん,5,800,350,3,heal,0.3098,0.5764,100,0,8,いいえ,こうせえっつう女中 / カルボ姉（ねえ） / あっぴーさん / ????? / ラパヌイ先生
3,495,em-c6a3687dad8c,ウナギーヌさん,5,900,350,2,heal,0.3085,0.5556,100,0,8,いいえ,こうせえっつう女中 / カルボ姉（ねえ） / ウナギーヌさん / ????? / ラパヌイ先生
3,496,em-98054d952da8,ニート達の日常。,21,2968,296,3,delay,0.3085,0.5,99,1,8,いいえ,タキシラ師匠 / えかちぇたん / ニート達の日常。 / ????? / 御嶽さん
3,497,em-bca7c94c15fe,ひろしマンＲ,10,1128,1128,2,heal,0.3083,0.5347,88,12,8,いいえ,青玉の供犠ぴよ子 / えかちぇたん / ひろしマンＲ / ????? / モンさんミッシェル
3,498,em-30e34a964d63,デンマーくん二世,5,700,450,3,guard,0.3071,0.5278,87,13,7,いいえ,青玉の供犠ぴよ子 / カルボ姉（ねえ） / デンマーくん二世 / 諏訪子成長期 / シミ
3,499,em-fe5ed60fbf2d,強いぞさいごー丼,9,930,574,3,attribute_guard,0.307,0.5556,99,1,8,いいえ,ダリア・宮子・9 / えかちぇたん / 強いぞさいごー丼 / クェーサルと仲間たち / ハリウッドナナコ師匠
3,500,em-cbed7e550323,ちわっしータミ,12,2249,1376,3,heal,0.3067,0.5139,92,8,8,いいえ,日本海女中 / 北間・クラリス嬢 / ちわっしータミ / みどりのたけしマン / 御嶽さん
3,501,em-8d9e942117e5,ウナギーヌ課長,6,1000,450,2,heal,0.306,0.5347,85,15,8,いいえ,青玉の供犠ぴよ子 / カルボ姉（ねえ） / ウナギーヌ課長 / みどりのたけしマン / モンさんミッシェル
3,502,em-9ffce070b31f,レモなんとかさん,40,5793,2215,3,revive,0.3059,0.5278,100,0,8,いいえ,日本海女中 / えかちぇたん / レモなんとかさん / ????? / ハリウッドナナコ師匠
3,503,em-d3961c13041f,光るぜ！よりりん,15,1200,1200,3,attribute_change,0.3057,0.5417,95,5,8,いいえ,日本海女中 / 北間・クラリス嬢 / 光るぜ！よりりん / みどりのたけしマン / 御嶽さん
3,504,em-df4f003ab94e,熱いマッキニキ,11,1100,600,3,damage_reduction,0.3054,0.5486,86,14,8,いいえ,青玉の供犠ぴよ子 / カルボ姉（ねえ） / 熱いマッキニキ / ブハラ師匠 / 伝説のWoo怪
3,505,em-84a7ce7d3a80,ゴロウ,4,310,302,2,attack_buff,0.3032,0.5694,88,12,8,いいえ,金野デメ子さん / カルボ姉（ねえ） / ゴロウ / ????? / 速いぞサラマンダー！
3,506,em-fb5bfa8a3429,ひろしマン,4,300,300,3,heal,0.3029,0.5764,95,5,8,いいえ,ダリア・宮子・9 / カルボ姉（ねえ） / ひろしマン / ????? / 眠里　不可緒
3,507,em-8c598f1908e7,ももとふちゃん,8,800,1000,3,heal,0.3028,0.5486,87,13,8,いいえ,青玉の供犠ぴよ子 / カルボ姉（ねえ） / ももとふちゃん / みどりのたけしマン / モンさんミッシェル
3,508,em-1bcd64d199fb,ケロッとる☆キング,31,1533,5708,2,attribute_change,0.3028,0.4861,95,5,8,いいえ,タキシラ師匠 / カルボ姉（ねえ） / ケロッとる☆キング / みどりのたけしマン / 聖えぇじゃないか
3,509,em-2d076c59c4b7,わんこーラスそば,6,600,700,3,heal,0.3016,0.5417,85,15,8,いいえ,青玉の供犠ぴよ子 / カルボ姉（ねえ） / わんこーラスそば / みどりのたけしマン / モンさんミッシェル
3,510,em-7b2daf42204c,モモトじゃねーの?,14,1400,1600,3,heal,0.3016,0.5347,100,0,8,いいえ,青玉の供犠ぴよ子 / えかちぇたん / モモトじゃねーの? / みどりのたけしマン / 御嶽さん
3,511,em-643d05a15e4e,エビユルゲ大佐,5,520,460,2,attribute_change,0.3014,0.5625,100,0,8,いいえ,vにゅーさん / カルボ姉（ねえ） / エビユルゲ大佐 / トキシッくんｵｯｽｵｯｽ / 聖えぇじゃないか
3,512,em-a37b305548ef,なっとくんさん,5,400,400,2,skill_reduction,0.3013,0.5417,100,0,8,いいえ,vにゅーさん / カルボ姉（ねえ） / なっとくんさん / トキシッくんｵｯｽｵｯｽ / 聖えぇじゃないか
3,513,em-3229594a4a2c,おあげちゃん,5,315,305,3,attack_buff,0.3007,0.5764,89,11,8,いいえ,金野デメ子さん / カルボ姉（ねえ） / おあげちゃん / ????? / 速いぞサラマンダー！
3,514,em-e44c80aa58d3,二条嬢,8,620,600,2,attribute_guard,0.3003,0.5417,100,0,8,いいえ,ダリア・宮子・9 / カルボ姉（ねえ） / 二条嬢 / ????? / 聖えぇじゃないか
3,515,em-e626c795c8a8,スミス＆エズ,12,1200,400,3,attribute_guard,0.3001,0.5278,87,13,8,いいえ,青玉の供犠ぴよ子 / カルボ姉（ねえ） / スミス＆エズ / ブハラ師匠 / 伝説のWoo怪
3,516,em-6193e7af4d97,がうがうは考える,44,1704,5964,3,damage_reduction,0.3,0.4931,100,0,8,いいえ,こうせえっつう女中 / 夏至祭のヴァサクサ君 / がうがうは考える / トキシッくんｵｯｽｵｯｽ / 伝説のWoo怪
3,517,em-a2d0308a3d38,蓮次郎,5,400,380,3,skill_reduction,0.2998,0.5417,100,0,8,いいえ,vにゅーさん / カルボ姉（ねえ） / 蓮次郎 / トキシッくんｵｯｽｵｯｽ / 聖えぇじゃないか
3,518,em-fd2a055eb394,コニー＆ギャリー,10,500,500,3,damage_reduction,0.2992,0.5625,100,0,8,いいえ,ダリア・宮子・9 / えかちぇたん / コニー＆ギャリー / クェーサルと仲間たち / ハリウッドナナコ師匠
3,519,em-e63df2359896,世界遺産な白鷺嬢,15,2100,600,3,heal,0.298,0.5347,93,7,8,いいえ,青玉の供犠ぴよ子 / えかちぇたん / 世界遺産な白鷺嬢 / ????? / 御嶽さん
3,520,em-c47afb60b613,三重子先輩,10,800,800,2,attribute_change,0.2979,0.5556,98,2,8,いいえ,ダリア・宮子・9 / カルボ姉（ねえ） / 三重子先輩 / みどりのたけしマン / ハリウッドナナコ師匠
3,521,em-9c37bba7df0f,ＫＲ２ジョー少尉,11,495,1105,3,attack_buff,0.2974,0.5556,99,1,8,いいえ,ダリア・宮子・9 / カルボ姉（ねえ） / ＫＲ２ジョー少尉 / みどりのたけしマン / ハリウッドナナコ師匠
3,522,em-b08be1a4ca3f,中央アルプスの少女,6,500,300,3,damage_reduction,0.2972,0.5625,98,2,8,いいえ,ダリア・宮子・9 / カルボ姉（ねえ） / 中央アルプスの少女 / ????? / 聖えぇじゃないか
3,523,em-b0564825039b,わんこールそば,3,200,300,3,heal,0.2968,0.5556,89,11,8,いいえ,青玉の供犠ぴよ子 / えかちぇたん / わんこールそば / みどりのたけしマン / 御嶽さん
3,524,em-b83d457ef580,王国民ゴロウ,5,390,390,2,attack_buff,0.296,0.5556,89,11,8,いいえ,金野デメ子さん / カルボ姉（ねえ） / 王国民ゴロウ / ????? / 速いぞサラマンダー！
3,525,em-6c82396ace3f,マッシブ☆ばん馬ばん,7,800,450,3,attack_buff,0.2953,0.5556,95,5,8,いいえ,ダリア・宮子・9 / カルボ姉（ねえ） / マッシブ☆ばん馬ばん / みどりのたけしマン / ハリウッドナナコ師匠
3,526,em-cecb4ccbb927,蝶々胡椒鯛くん,30,847,1018,2,delay,0.2953,0.4861,94,6,8,いいえ,タキシラ師匠 / カルボ姉（ねえ） / 蝶々胡椒鯛くん / みどりのたけしマン / 聖えぇじゃないか
3,527,em-dc5f853080a2,ねぶるー,12,590,630,2,attack_buff,0.2952,0.5625,100,0,8,いいえ,ダリア・宮子・9 / カルボ姉（ねえ） / ねぶるー / みどりのたけしマン / ハリウッドナナコ師匠
3,528,em-24679a7881f4,三重子さん,9,704,700,2,attribute_change,0.2951,0.5556,100,0,8,いいえ,ダリア・宮子・9 / カルボ姉（ねえ） / 三重子さん / ????? / 眠里　不可緒
3,529,em-8d7a9845b04b,コーベリアル男爵,5,400,380,2,attribute_guard,0.295,0.5208,100,0,7,いいえ,有砂小町 / 北間・クラリス嬢 / コーベリアル男爵 / 御嶽さん / 端午ぴよ子
3,530,em-f3d5bcd42444,あっぴー先輩,6,1000,400,2,heal,0.2939,0.5208,85,15,8,いいえ,青玉の供犠ぴよ子 / カルボ姉（ねえ） / あっぴー先輩 / みどりのたけしマン / モンさんミッシェル
3,531,em-860d0191c03c,太子くん,8,650,590,2,heal,0.2911,0.5417,87,13,8,いいえ,青玉の供犠ぴよ子 / カルボ姉（ねえ） / 太子くん / みどりのたけしマン / モンさんミッシェル
3,532,em-efebd27cd58d,新・ひろしマン,7,600,600,3,heal,0.2905,0.5417,86,14,8,いいえ,青玉の供犠ぴよ子 / カルボ姉（ねえ） / 新・ひろしマン / みどりのたけしマン / モンさんミッシェル
3,533,em-01325fd9f459,いやひこさま,16,1200,600,3,delay,0.2899,0.5,96,4,8,いいえ,日本海女中 / 北間・クラリス嬢 / いやひこさま / みどりのたけしマン / 御嶽さん
3,534,em-11e2e69b2674,フクさん,5,400,500,3,attribute_change,0.2895,0.5486,100,0,8,いいえ,vにゅーさん / カルボ姉（ねえ） / フクさん / トキシッくんｵｯｽｵｯｽ / 聖えぇじゃないか
3,535,em-794f6427298a,さいごー丼,8,830,476,3,attribute_guard,0.2884,0.5347,100,0,8,いいえ,ダリア・宮子・9 / えかちぇたん / さいごー丼 / ɚすぃとあろま？ / 端午ぴよ子
3,536,em-3307021ed6b3,なっとくん,4,286,311,3,skill_reduction,0.2884,0.5278,100,0,8,いいえ,(Ｕ^ω^)亭馬琴 / カルボ姉（ねえ） / なっとくん / 諏訪子成長期 / シミ
3,537,em-d4e50f80f825,コーベリアル,4,305,297,2,attribute_guard,0.2881,0.5208,99,1,7,いいえ,有砂小町 / 北間・クラリス嬢 / コーベリアル / 御嶽さん / 端午ぴよ子
3,538,em-e3dd4898ff56,ﾃﾗももたろす,15,1600,1600,3,attribute_change,0.2875,0.5208,95,5,8,いいえ,日本海女中 / 北間・クラリス嬢 / ﾃﾗももたろす / みどりのたけしマン / 御嶽さん
3,539,em-c912b76e4dda,妖怪雪愛さま,15,950,1350,2,attribute_change,0.2849,0.5208,95,5,8,いいえ,日本海女中 / 北間・クラリス嬢 / 妖怪雪愛さま / みどりのたけしマン / 御嶽さん
3,540,em-452bfe576bb9,ねぶるータス,16,950,1350,2,attack_buff,0.2845,0.5278,97,3,8,いいえ,タキシラ師匠 / えかちぇたん / ねぶるータス / ????? / 八狗神伏姫様
3,541,em-86b9ae60356a,ブーナッドさま,14,2100,400,2,heal,0.2844,0.5,100,0,8,いいえ,青玉の供犠ぴよ子 / えかちぇたん / ブーナッドさま / みどりのたけしマン / 御嶽さん
3,542,em-873c09a938ac,蓮太郎,4,310,302,3,skill_reduction,0.2836,0.5208,100,0,8,いいえ,(Ｕ^ω^)亭馬琴 / カルボ姉（ねえ） / 蓮太郎 / 諏訪子成長期 / シミ
3,543,em-09c253fd0a61,オリバーTHEドッグ,5,200,500,3,attack_buff,0.2832,0.5347,89,11,8,いいえ,金野デメ子さん / カルボ姉（ねえ） / オリバーTHEドッグ / ????? / 速いぞサラマンダー！
3,544,em-6a50fe1ba475,青き春の酔竜,70,2556,7668,3,attack_buff,0.2824,0.4306,99,1,6,いいえ,試作型おこしん / ペーチパイセン / 青き春の酔竜 / 愛のぴよ子 / ハリウッドナナコ師匠
3,545,em-e07aaef6bd6e,三重子ちゃん,8,603,602,3,attribute_change,0.2817,0.5417,96,4,8,いいえ,ダリア・宮子・9 / カルボ姉（ねえ） / 三重子ちゃん / みどりのたけしマン / ハリウッドナナコ師匠
3,546,em-4dec28ac375f,いやひこさん,13,800,500,3,delay,0.2802,0.5,93,7,8,いいえ,日本海女中 / 北間・クラリス嬢 / いやひこさん / みどりのたけしマン / 御嶽さん
3,547,em-7e127d8718a5,魔人エビユルゲ,4,410,370,3,attribute_change,0.2797,0.5347,100,0,8,いいえ,(Ｕ^ω^)亭馬琴 / カルボ姉（ねえ） / 魔人エビユルゲ / 諏訪子成長期 / シミ
3,548,em-0da991c52dd4,ギャリーくん,5,400,400,3,damage_reduction,0.2784,0.5208,100,0,7,いいえ,有砂小町 / 北間・クラリス嬢 / ギャリーくん / 御嶽さん / 端午ぴよ子
3,549,em-344fce469565,豊聡之太子さん,12,830,775,2,heal,0.276,0.5139,100,0,8,いいえ,日本海女中 / 夏至祭のヴァサクサ君 / 豊聡之太子さん / みどりのたけしマン / 御嶽さん
3,550,em-26ea85de7340,のり男先輩,7,534,446,3,attribute_guard,0.2759,0.5,82,18,8,いいえ,青玉の供犠ぴよ子 / カルボ姉（ねえ） / のり男先輩 / ブハラ師匠 / 伝説のWoo怪
3,551,em-7fdcbcbf0ae4,ももとふさん,12,1000,1200,3,heal,0.2755,0.5069,90,10,8,いいえ,青玉の供犠ぴよ子 / えかちぇたん / ももとふさん / ????? / モンさんミッシェル
3,552,em-e900d5955acf,凄いぞさいごー丼,13,1050,650,3,attribute_guard,0.2747,0.5069,88,12,8,いいえ,青玉の供犠ぴよ子 / カルボ姉（ねえ） / 凄いぞさいごー丼 / ブハラ師匠 / 伝説のWoo怪
3,553,em-a06f040c9490,冬の加奈多パレード,80,9542,5282,2,attack_buff,0.2739,0.3264,98,2,5,いいえ,ハントンくん / 猫キャットマンジョン / 冬の加奈多パレード / わんこースそば / ぎょざる
3,554,em-9999a53f68e1,牛タソ,5,500,50,3,guard,0.2726,0.5,100,0,7,いいえ,有砂小町 / 北間・クラリス嬢 / 牛タソ / 御嶽さん / 端午ぴよ子
3,555,em-039828fc85d9,ひろしマン・改,6,400,400,3,heal,0.2721,0.5208,85,15,8,いいえ,青玉の供犠ぴよ子 / カルボ姉（ねえ） / ひろしマン・改 / みどりのたけしマン / モンさんミッシェル
3,556,em-a71cd0e28586,ねぶるーさん,14,770,830,2,attack_buff,0.2714,0.5208,95,5,8,いいえ,タキシラ師匠 / えかちぇたん / ねぶるーさん / ????? / 八狗神伏姫様
3,557,em-d80a2b82ab9f,ブーナッドちゃん,8,1200,200,3,heal,0.2703,0.5139,87,13,8,いいえ,青玉の供犠ぴよ子 / カルボ姉（ねえ） / ブーナッドちゃん / みどりのたけしマン / モンさんミッシェル
3,558,em-20df4bd7efaf,白鷺嬢,8,800,420,3,heal,0.2702,0.5139,87,13,8,いいえ,青玉の供犠ぴよ子 / カルボ姉（ねえ） / 白鷺嬢 / みどりのたけしマン / モンさんミッシェル
3,559,em-1dbd8ae5b939,国宝！白鷺嬢,12,1200,500,3,heal,0.2605,0.4931,90,10,8,いいえ,青玉の供犠ぴよ子 / えかちぇたん / 国宝！白鷺嬢 / ????? / モンさんミッシェル
3,560,em-0277eca3d9cf,ゆる神の像＆ピヨか？,60,426,511,3,guard,0.2597,0.5208,98,2,8,いいえ,青玉の供犠ぴよ子 / カルボ姉（ねえ） / ゆる神の像＆ピヨか？ / トキシッくんｵｯｽｵｯｽ / ハリウッドナナコ師匠
3,561,em-8646cdffe6eb,ブーナッドさん,12,1700,300,3,heal,0.2582,0.4861,92,8,8,いいえ,日本海女中 / 北間・クラリス嬢 / ブーナッドさん / みどりのたけしマン / 御嶽さん
3,562,em-c46238c7c677,ケラ,70,3067,7157,3,attack_buff,0.2581,0.4167,99,1,6,いいえ,試作型おこしん / ペーチパイセン / ケラ / 愛のぴよ子 / ハリウッドナナコ師匠
3,563,em-98730869df6a,朱染めの夏炎・朱雀,70,5282,6475,3,attack_buff,0.2527,0.4167,99,1,6,いいえ,試作型おこしん / ペーチパイセン / 朱染めの夏炎・朱雀 / 愛のぴよ子 / ハリウッドナナコ師匠
3,564,em-3deff3291fd4,有閑カノープス,70,5112,6816,2,attribute_change,0.2426,0.3958,99,1,7,いいえ,試作型おこしん / ペーチパイセン / 有閑カノープス / 愛のぴよ子 / ハリウッドナナコ師匠
3,565,em-404f12535630,祇園祭の素戔嗚さま,88,5964,6390,2,multi_hit_attack,0,0,101,0,0,いいえ,
3,566,em-6eed78e1fe62,リア充の権化安倍晴明,100,6782,6271,3,heal,0,0,101,0,0,いいえ,
3,567,em-a85045965911,まさか殿(マジ),100,7463,6628,3,attack_buff,0,0,101,0,0,いいえ,
3,568,em-f33de53ee597,遊無給(ニート)な小町,100,7327,5623,3,attack_buff,0,0,101,0,0,いいえ,
4,1,em-cea68c425163,跛荒の鉄男大先生,51,4686,6625,3,multi_hit_attack,0.5497,0.5486,97,3,7,いいえ,日本海女中 / カルボ姉（ねえ） / 試作型おこしん / 跛荒の鉄男大先生 / ハリウッドナナコ師匠
4,2,em-3fef7ee3dc51,トゥバタハのシレーナ,60,3919,4601,3,aoe_attack,0.5376,0.5486,100,0,7,いいえ,青玉の供犠ぴよ子 / カルボ姉（ねえ） / 愛のぴよ子 / トゥバタハのシレーナ / 実はこんにゃくちゃん
4,3,em-45d954b40bc4,ジェラする？かめ姫,60,4941,3237,3,multi_hit_attack,0.5362,0.5556,100,0,7,いいえ,青玉の供犠ぴよ子 / カルボ姉（ねえ） / 愛のぴよ子 / ジェラする？かめ姫 / 実はこんにゃくちゃん
4,4,em-8522b1e6c291,百華百彩久連子,55,5282,5282,3,multi_hit_attack,0.5308,0.5278,100,0,5,いいえ,????? / カルボ姉（ねえ） / 愛のぴよ子 / 百華百彩久連子 / ハリウッドナナコ師匠
4,5,em-fe9fc4184474,聖えぇじゃないか,17,2817,2334,4,aoe_attack,0.5282,0.6111,97,3,8,いいえ,ダリア・宮子・9 / カルボ姉（ねえ） / ????? / 聖えぇじゃないか / ハリウッドナナコ師匠
4,6,em-7747ea5c5a73,諏訪子成長期,38,3067,5623,3,multi_hit_attack,0.5241,0.5208,84,16,8,いいえ,日本海女中 / カルボ姉（ねえ） / 試作型おこしん / 諏訪子成長期 / ハリウッドナナコ師匠
4,7,em-089a6280b9d6,御嶽さん,32,5112,3067,4,aoe_attack,0.5199,0.5486,95,5,8,いいえ,ダリア・宮子・9 / ペーチパイセン / トキシッくんｵｯｽｵｯｽ / 御嶽さん / 大森さん
4,8,em-faea6a503d7f,討ち入り☆花子,58,5350,4907,3,aoe_attack,0.5184,0.5347,98,2,7,いいえ,青玉の供犠ぴよ子 / カルボ姉（ねえ） / 愛のぴよ子 / 討ち入り☆花子 / 実はこんにゃくちゃん
4,9,em-4d9586371e6c,鞭・打つ子さん,38,4106,4106,3,multi_hit_attack,0.5165,0.5208,84,16,8,いいえ,日本海女中 / カルボ姉（ねえ） / 試作型おこしん / 鞭・打つ子さん / ハリウッドナナコ師匠
4,10,em-74c87c37d930,むぅむぅ,30,2839,2525,3,multi_hit_attack,0.5158,0.5625,100,0,8,いいえ,有砂小町 / 北間・クラリス嬢 / 試作型おこしん / むぅむぅ / 伝説のWoo怪
4,11,em-1a3ab3b1acf7,聖☆いんてぃないか,19,2817,2334,4,aoe_attack,0.5125,0.6042,99,1,8,いいえ,ダリア・宮子・9 / カルボ姉（ねえ） / ????? / 聖☆いんてぃないか / ハリウッドナナコ師匠
4,12,em-371b0bc06848,やっとの神,50,2933,2919,3,multi_hit_attack,0.5119,0.5278,100,0,8,いいえ,日本海女中 / カルボ姉（ねえ） / 試作型おこしん / やっとの神 / 実はこんにゃくちゃん
4,13,em-f70fc38ed477,栗栖　益子さん,40,4175,4106,4,multi_hit_attack,0.5096,0.5556,98,2,8,いいえ,ハリウッドナナコ師匠 / カルボ姉（ねえ） / ????? / 栗栖　益子さん / シミ
4,14,em-90d2686cfd0d,花火戦隊サイガーRe,45,4515,5367,3,multi_hit_attack,0.5089,0.4931,92,8,7,いいえ,ハリウッドナナコ師匠 / 北間・クラリス嬢 / ????? / 花火戦隊サイガーRe / 聖えぇじゃないか
4,15,em-a04fcf6167db,いはと先生,17,2093,3059,3,delay,0.5072,0.6597,99,1,8,いいえ,日本海女中 / えかちぇたん / 愛のぴよ子 / いはと先生 / 八狗神伏姫様
4,16,em-57dce5f944a3,うらうらら,50,4260,6390,4,multi_hit_attack,0.5065,0.5417,96,4,8,いいえ,日本海女中 / カルボ姉（ねえ） / 試作型おこしん / うらうらら / ハリウッドナナコ師匠
4,17,em-490ce6c4d005,ア、ショーカ大王,45,3067,4601,3,multi_hit_attack,0.5036,0.4931,89,11,7,いいえ,日本海女中 / カルボ姉（ねえ） / 試作型おこしん / ア、ショーカ大王 / 大森さん
4,18,em-2b7450b3b8b1,トンコー先生,15,1510,1510,3,multi_hit_attack,0.5024,0.5972,90,10,8,いいえ,有砂小町 / 北間・クラリス嬢 / トマティーナ少佐 / トンコー先生 / 実はこんにゃくちゃん
4,19,em-48a7e7dd243f,鮫男子・ニタりん,60,4601,7157,3,multi_hit_attack,0.5009,0.5208,100,0,7,いいえ,青玉の供犠ぴよ子 / カルボ姉（ねえ） / 愛のぴよ子 / 鮫男子・ニタりん / 実はこんにゃくちゃん
4,20,em-7a8534cb5af6,クレリゴス子様,41,6731,2951,3,guard,0.5008,0.6319,100,0,7,いいえ,ハリウッドナナコ師匠 / カルボ姉（ねえ） / トマティーナ少佐 / クレリゴス子様 / シミ
4,21,em-6722337c6d78,雨降る倉敷のみかん姐,15,2718,1963,4,aoe_attack,0.4964,0.6181,96,4,8,いいえ,????? / カルボ姉（ねえ） / サルパちゃん / 雨降る倉敷のみかん姐 / シミ
4,22,em-252e0359c5e1,巳ーちゃん,25,3451,2599,3,multi_hit_attack,0.4952,0.5556,88,12,8,いいえ,日本海女中 / えかちぇたん / 試作型おこしん / 巳ーちゃん / 巨大カンテツ
4,23,em-d5ea84224259,ﾌﾗﾝﾀﾞｰｽのわんわんお,38,5538,3190,3,guard,0.4946,0.6042,100,0,8,いいえ,ハリウッドナナコ師匠 / 北間・クラリス嬢 / ????? / ﾌﾗﾝﾀﾞｰｽのわんわんお / 御嶽さん
4,24,em-c623973fc8a5,うおぬまンダーＲ上Ｘ,15,1208,2567,4,aoe_attack,0.4903,0.6111,90,10,8,いいえ,有砂小町 / 北間・クラリス嬢 / トマティーナ少佐 / うおぬまンダーＲ上Ｘ / 実はこんにゃくちゃん
4,25,em-73250febc8f5,財閥だ浅ちゃん！,38,2556,7327,4,multi_hit_attack,0.4898,0.5069,84,16,8,いいえ,日本海女中 / カルボ姉（ねえ） / 試作型おこしん / 財閥だ浅ちゃん！ / ウシュか☆丸か
4,26,em-a8f48fb9a527,タミちゃんの火祭り,15,1,2402,4,aoe_attack,0.4891,0.6042,90,10,8,いいえ,有砂小町 / 北間・クラリス嬢 / トマティーナ少佐 / タミちゃんの火祭り / 実はこんにゃくちゃん
4,27,em-0592fa7cc27f,クェーサルと仲間たち,18,3542,2898,3,multi_hit_attack,0.4889,0.6111,98,2,8,いいえ,ダリア・宮子・9 / カルボ姉（ねえ） / ????? / クェーサルと仲間たち / ハリウッドナナコ師匠
4,28,em-57204b8d6ee6,伝説のWoo怪,12,1126,2393,4,multi_hit_attack,0.4884,0.5625,87,13,8,いいえ,有砂小町 / 北間・クラリス嬢 / 試作型おこしん / 伝説のWoo怪 / 聖えぇじゃないか
4,29,em-ffea90d62e77,テイヤさん,55,1874,5282,3,multi_hit_attack,0.4873,0.4861,100,0,5,いいえ,試作型おこしん / カルボ姉（ねえ） / 愛のぴよ子 / テイヤさん / 速いぞサラマンダー！
4,30,em-bd35a359234a,ジョーカーくん,18,805,3935,3,skill_reduction,0.4869,0.6667,100,0,8,いいえ,日本海女中 / えかちぇたん / 愛のぴよ子 / ジョーカーくん / 八狗神伏姫様
4,31,em-35dfd8c60675,はぎみタンさん,55,4430,4771,4,aoe_attack,0.4868,0.5069,100,0,5,いいえ,試作型おこしん / カルボ姉（ねえ） / 愛のぴよ子 / はぎみタンさん / 速いぞサラマンダー！
4,32,em-cf62aeacc244,やまたのおろちん,40,2726,2726,3,multi_hit_attack,0.4848,0.4931,86,14,8,いいえ,日本海女中 / カルボ姉（ねえ） / 試作型おこしん / やまたのおろちん / ウシュか☆丸か
4,33,em-79b4540e0f7f,ヤック(中の人),16,2176,2418,4,multi_hit_attack,0.4847,0.5833,100,0,8,いいえ,タキシラ師匠 / えかちぇたん / すわ子isGOD！ / ヤック(中の人) / 八狗神伏姫様
4,34,em-e362f95d25c3,巳ーちゃんさん,35,4303,3451,3,multi_hit_attack,0.4846,0.5069,97,3,8,いいえ,ハリウッドナナコ師匠 / 北間・クラリス嬢 / ????? / 巳ーちゃんさん / 御嶽さん
4,35,em-628e695d4365,カクラム先生,16,2256,2397,4,multi_hit_attack,0.4822,0.5833,100,0,8,いいえ,タキシラ師匠 / えかちぇたん / すわ子isGOD！ / カクラム先生 / 八狗神伏姫様
4,36,em-824a4dbb010c,守護天狗くまのたん,41,1874,7668,3,aoe_attack,0.4816,0.4792,87,13,8,いいえ,日本海女中 / カルボ姉（ねえ） / 試作型おこしん / 守護天狗くまのたん / ハリウッドナナコ師匠
4,37,em-d0ab149939aa,製鉄所★澤先輩,24,5313,1771,3,skill_reduction,0.4778,0.5972,99,1,8,いいえ,日本海女中 / カルボ姉（ねえ） / 愛のぴよ子 / 製鉄所★澤先輩 / 八狗神伏姫様
4,38,em-6fe67318189a,劇場版ＪＡＸＡイル,18,1304,3526,4,multi_hit_attack,0.4775,0.5625,96,4,8,いいえ,????? / えかちぇたん / すわ子isGOD！ / 劇場版ＪＡＸＡイル / シミ
4,39,em-32ef1535a66a,ハバキたん,60,6816,4260,3,damage_reduction,0.4748,0.5903,99,1,7,いいえ,青玉の供犠ぴよ子 / カルボ姉（ねえ） / 愛のぴよ子 / ハバキたん / 旧市街地の魔物
4,40,em-18a6642e277e,旧市街地の魔物,8,2799,16,4,attack_buff,0.4729,0.625,95,5,8,いいえ,タキシラ師匠 / カルボ姉（ねえ） / サルパちゃん / 旧市街地の魔物 / 八狗神伏姫様
4,41,em-29a5da4c1e2f,有棘画工,20,4025,805,3,multi_hit_attack,0.4695,0.5833,100,0,8,いいえ,ダリア・宮子・9 / カルボ姉（ねえ） / ????? / 有棘画工 / ハリウッドナナコ師匠
4,42,em-52de8bb54262,ボビンちゃん,33,3748,4771,3,damage_reduction,0.4685,0.6181,96,4,8,いいえ,青玉の供犠ぴよ子 / カルボ姉（ねえ） / 愛のぴよ子 / ボビンちゃん / 御嶽さん
4,43,em-f5c067498bab,深窓のやまなしーヌ,17,1661,1812,3,skill_reduction,0.4683,0.6528,99,1,8,いいえ,日本海女中 / えかちぇたん / 愛のぴよ子 / 深窓のやまなしーヌ / 八狗神伏姫様
4,44,em-29cc8a9cf9cd,ビール売りの小娘,18,1516,3638,3,skill_reduction,0.4683,0.6389,100,0,8,いいえ,日本海女中 / えかちぇたん / 愛のぴよ子 / ビール売りの小娘 / 八狗神伏姫様
4,45,em-88028fdebb04,オペラハウス侯爵,24,3154,3177,3,revive,0.4673,0.7153,99,1,8,いいえ,日本海女中 / カルボ姉（ねえ） / 愛のぴよ子 / オペラハウス侯爵 / 八狗神伏姫様
4,46,em-fca49f3752f8,電波姫☆いまりちゃん,38,3919,4260,3,delay,0.4669,0.5486,100,0,8,いいえ,(Ｕ^ω^)亭馬琴 / カルボ姉（ねえ） / 愛のぴよ子 / 電波姫☆いまりちゃん / 聖えぇじゃないか
4,47,em-0e768525b557,ヘラクレス先輩,70,5885,6230,4,multi_hit_attack,0.4665,0.4514,99,1,7,いいえ,試作型おこしん / ペーチパイセン / 愛のぴよ子 / ヘラクレス先輩 / ハリウッドナナコ師匠
4,48,em-c4b0b6848f16,?????,17,2828,2470,3,skill_reduction,0.4638,0.6319,99,1,8,いいえ,日本海女中 / えかちぇたん / 愛のぴよ子 / ????? / 八狗神伏姫様
4,49,em-5b97cf2d5a88,やまたのおろちん,40,2726,2726,3,multi_hit_attack,0.4635,0.5139,86,14,8,いいえ,日本海女中 / カルボ姉（ねえ） / 試作型おこしん / やまたのおろちん / ウシュか☆丸か
4,50,em-3a0ce37a12ff,おこしんMK-2,8,1510,2265,4,multi_hit_attack,0.4623,0.5694,100,0,8,いいえ,タキシラ師匠 / えかちぇたん / イチャン～(から) / おこしんMK-2 / 八狗神伏姫様
4,51,em-272a71a9c15d,キラカードなエッシュ,12,1812,1510,3,skill_reduction,0.4611,0.6389,99,1,8,いいえ,タキシラ師匠 / カルボ姉（ねえ） / サルパちゃん / キラカードなエッシュ / 八狗神伏姫様
4,52,em-bc840d35c547,ジ・あるじや,20,4025,1610,4,skill_reduction,0.4601,0.5694,100,0,8,いいえ,ダリア・宮子・9 / カルボ姉（ねえ） / ????? / ジ・あるじや / ハリウッドナナコ師匠
4,53,em-904dc3a6cb19,ɚすぃとLulu？,24,4260,2726,3,guard,0.4586,0.6042,85,15,8,いいえ,日本海女中 / カルボ姉（ねえ） / 試作型おこしん / ɚすぃとLulu？ / シミ
4,54,em-c3c3a8e92b71,仮面のいはと先生,25,2095,3063,3,delay,0.4575,0.6111,100,0,8,いいえ,日本海女中 / カルボ姉（ねえ） / 愛のぴよ子 / 仮面のいはと先生 / 八狗神伏姫様
4,55,em-d6ea073b633e,鬼八先生,60,8861,2556,3,delay,0.4566,0.4861,100,0,7,いいえ,青玉の供犠ぴよ子 / カルボ姉（ねえ） / 愛のぴよ子 / 鬼八先生 / 実はこんにゃくちゃん
4,56,em-ab9b2ce76191,B・O・B,37,4935,3244,3,delay,0.4564,0.5417,99,1,8,いいえ,(Ｕ^ω^)亭馬琴 / カルボ姉（ねえ） / 愛のぴよ子 / B・O・B / 聖えぇじゃないか
4,57,em-33e6bfd45207,みさきパイセン,22,2737,3059,3,multi_hit_attack,0.4533,0.5833,95,5,8,いいえ,ダリア・宮子・9 / カルボ姉（ねえ） / 試作型おこしん / みさきパイセン / ハリウッドナナコ師匠
4,58,em-2f9e3ad50fc8,やまなしーヌの心,25,2415,2576,3,skill_reduction,0.4531,0.6042,100,0,8,いいえ,日本海女中 / カルボ姉（ねえ） / 愛のぴよ子 / やまなしーヌの心 / 八狗神伏姫様
4,59,em-ea813aee5d92,ブラジリアン首都術,8,1812,1963,4,aoe_attack,0.4515,0.5625,100,0,8,いいえ,タキシラ師匠 / えかちぇたん / イチャン～(から) / ブラジリアン首都術 / 八狗神伏姫様
4,60,em-db2c3576c544,すわ子☆神,15,1100,1400,3,multi_hit_attack,0.45,0.5625,96,4,8,いいえ,????? / カルボ姉（ねえ） / サルパちゃん / すわ子☆神 / シミ
4,61,em-ad82a61bcc2a,ｺﾄﾖﾛ!巳ーちゃん様,55,6901,3451,4,damage_reduction,0.4488,0.5972,99,1,5,いいえ,日本海女中 / カルボ姉（ねえ） / 試作型おこしん / ｺﾄﾖﾛ!巳ーちゃん様 / 大森さん
4,62,em-a8e1bfbd68cd,秋のタツタちゃん,80,10224,4771,4,multi_hit_attack,0.4488,0.4097,100,0,4,いいえ,魚臣！又土くん / ペーチパイセン / のり男 / 秋のタツタちゃん / あろまちゃん
4,63,em-0d48fb639618,どうする？リオンさん,18,2093,2737,3,delay,0.4477,0.625,100,0,8,いいえ,日本海女中 / えかちぇたん / 愛のぴよ子 / どうする？リオンさん / 八狗神伏姫様
4,64,em-c42ef00ed018,ｗｗナレースワンｗｗ,25,2560,2584,4,delay,0.4473,0.5903,100,0,8,いいえ,日本海女中 / カルボ姉（ねえ） / 愛のぴよ子 / ｗｗナレースワンｗｗ / 八狗神伏姫様
4,65,em-bff3cff5162a,トキシッくんｵｯｽｵｯｽ,9,2253,1267,3,revive,0.4472,0.6875,95,5,8,いいえ,ハリウッドナナコ師匠 / カルボ姉（ねえ） / サルパちゃん / トキシッくんｵｯｽｵｯｽ / 八狗神伏姫様
4,66,em-3776e81d3ee0,ヒポポタリーナ,23,3237,2862,3,multi_hit_attack,0.4466,0.5764,100,0,8,いいえ,有砂小町 / 北間・クラリス嬢 / すわ子isGOD！ / ヒポポタリーナ / 実はこんにゃくちゃん
4,67,em-3b47fb031e0a,上京！世界師匠,36,1704,4260,4,multi_hit_attack,0.4465,0.4931,82,18,8,いいえ,日本海女中 / カルボ姉（ねえ） / 試作型おこしん / 上京！世界師匠 / ウシュか☆丸か
4,68,em-94dc3d86f691,碧海のオフタルもん,75,10054,3919,4,multi_hit_attack,0.4463,0.3889,99,1,6,いいえ,ハリウッドナナコ師匠 / ペーチパイセン / 愛のぴよ子 / 碧海のオフタルもん / 大森さん
4,69,em-31758a7d7c63,ﾗｰｶﾞﾙﾌﾘｮｩﾄﾙﾑりん,47,5700,2292,3,damage_reduction,0.4462,0.5972,100,0,7,いいえ,ハリウッドナナコ師匠 / カルボ姉（ねえ） / ????? / ﾗｰｶﾞﾙﾌﾘｮｩﾄﾙﾑりん / 巨大カンテツ
4,70,em-109e54a3645a,グラン・プラスの魔女,38,1499,3404,3,guard,0.4451,0.6528,97,3,8,いいえ,ハリウッドナナコ師匠 / カルボ姉（ねえ） / トマティーナ少佐 / グラン・プラスの魔女 / シミ
4,71,em-8cb75e870411,マンいーたち,50,3408,6816,4,aoe_attack,0.4437,0.5486,96,4,8,いいえ,日本海女中 / カルボ姉（ねえ） / 試作型おこしん / マンいーたち / ハリウッドナナコ師匠
4,72,em-7f18b9c64c74,家族贖罪という字面,40,5964,1704,3,damage_reduction,0.4435,0.5694,86,14,8,いいえ,日本海女中 / カルボ姉（ねえ） / 試作型おこしん / 家族贖罪という字面 / ハリウッドナナコ師匠
4,73,em-58dbb7bc9653,六点魔王ノッブ,58,3408,5964,3,multi_hit_attack,0.4432,0.5486,98,2,7,いいえ,青玉の供犠ぴよ子 / カルボ姉（ねえ） / 愛のぴよ子 / 六点魔王ノッブ / 実はこんにゃくちゃん
4,74,em-e778e99b9218,不敵な笑みのニタりん,16,1363,2556,3,multi_hit_attack,0.4424,0.5278,96,4,8,いいえ,ダリア・宮子・9 / えかちぇたん / 試作型おこしん / 不敵な笑みのニタりん / ハリウッドナナコ師匠
4,75,em-a66d3edc0ac1,水戸Come On!,38,3493,3237,4,delay,0.4412,0.5278,100,0,8,いいえ,(Ｕ^ω^)亭馬琴 / カルボ姉（ねえ） / 愛のぴよ子 / 水戸Come On! / 聖えぇじゃないか
4,76,em-4e3940289203,スーパー軍師兵衛ズ,60,7838,2385,3,skill_reduction,0.4404,0.5,100,0,7,いいえ,青玉の供犠ぴよ子 / カルボ姉（ねえ） / 愛のぴよ子 / スーパー軍師兵衛ズ / 実はこんにゃくちゃん
4,77,em-99460641a41d,奇岩妖精ペリバじゃん,40,6816,852,3,attack_buff,0.4402,0.5347,98,2,8,いいえ,ハリウッドナナコ師匠 / カルボ姉（ねえ） / ????? / 奇岩妖精ペリバじゃん / シミ
4,78,em-7930454375ec,パラワン探検隊,18,3219,3333,4,aoe_attack,0.4397,0.6458,94,6,8,いいえ,青玉の供犠ぴよ子 / カルボ姉（ねえ） / 愛のぴよ子 / パラワン探検隊 / ラパヌイ先生
4,79,em-bbda291d459c,漆黒及び純白のポワン,20,1704,2896,3,guard,0.4394,0.625,99,1,7,いいえ,有砂小町 / 北間・クラリス嬢 / トマティーナ少佐 / 漆黒及び純白のポワン / 端午ぴよ子
4,80,em-f346c1f4c45d,八狗神伏姫様,35,5538,2130,4,guard,0.4378,0.5694,98,2,8,いいえ,青玉の供犠ぴよ子 / カルボ姉（ねえ） / 愛のぴよ子 / 八狗神伏姫様 / 御嶽さん
4,81,em-f3091896bc28,腹話フック,15,1610,3220,4,multi_hit_attack,0.4376,0.6042,96,4,8,いいえ,????? / カルボ姉（ねえ） / サルパちゃん / 腹話フック / シミ
4,82,em-132feeb6206a,傭兵戦隊サイガー３,12,756,2284,4,multi_hit_attack,0.437,0.5347,87,13,8,いいえ,有砂小町 / 北間・クラリス嬢 / トマティーナ少佐 / 傭兵戦隊サイガー３ / 実はこんにゃくちゃん
4,83,em-826b6ae61786,スワン王,9,1229,1173,4,skill_reduction,0.4364,0.6389,96,4,8,いいえ,タキシラ師匠 / カルボ姉（ねえ） / サルパちゃん / スワン王 / 八狗神伏姫様
4,84,em-96a3648b46e2,チョコ染めの安井さん,32,3646,4089,3,guard,0.436,0.5694,95,5,8,いいえ,青玉の供犠ぴよ子 / カルボ姉（ねえ） / 愛のぴよ子 / チョコ染めの安井さん / 御嶽さん
4,85,em-64fa899f397f,ダル飯☆杏,44,5896,3340,4,guard,0.4359,0.5625,100,0,7,いいえ,????? / カルボ姉（ねえ） / すわ子isGOD！ / ダル飯☆杏 / ウシュか☆丸か
4,86,em-bb70b91588ed,夜魔・マヤー,12,1661,2114,4,multi_hit_attack,0.4353,0.5278,87,13,8,いいえ,有砂小町 / 北間・クラリス嬢 / 試作型おこしん / 夜魔・マヤー / 聖えぇじゃないか
4,87,em-83b1d87342f9,コン美なん吉先生,20,882,3381,4,revive,0.433,0.7361,94,6,8,いいえ,ハリウッドナナコ師匠 / カルボ姉（ねえ） / トマティーナ少佐 / コン美なん吉先生 / 八狗神伏姫様
4,88,em-b8c4235090fa,バビるわバビル君。,39,5367,3441,4,damage_reduction,0.4328,0.5903,96,4,8,いいえ,タキシラ師匠 / カルボ姉（ねえ） / サルパちゃん / バビるわバビル君。 / ハリウッドナナコ師匠
4,89,em-1e8ec25622df,切間・ンジャロさん,39,5871,3442,4,skill_reduction,0.432,0.4931,97,3,7,いいえ,ハリウッドナナコ師匠 / カルボ姉（ねえ） / ????? / 切間・ンジャロさん / シミ
4,90,em-27802083d7f5,チュニスさん,50,5964,3919,4,skill_reduction,0.4319,0.4931,96,4,8,いいえ,日本海女中 / カルボ姉（ねえ） / 試作型おこしん / チュニスさん / ハリウッドナナコ師匠
4,91,em-53a13d10258e,コドモドラゴン！,10,1833,987,3,damage_reduction,0.4318,0.6528,97,3,8,いいえ,タキシラ師匠 / カルボ姉（ねえ） / サルパちゃん / コドモドラゴン！ / 八狗神伏姫様
4,92,em-da8da47e0c9c,さるぼぼ・ぼーぼぼ,14,1661,2114,3,aoe_attack,0.4312,0.5139,94,6,8,いいえ,ダリア・宮子・9 / えかちぇたん / 試作型おこしん / さるぼぼ・ぼーぼぼ / ハリウッドナナコ師匠
4,93,em-59a8f156dec4,クロアリ,60,4089,4089,3,multi_hit_attack,0.4294,0.5347,100,0,7,いいえ,青玉の供犠ぴよ子 / カルボ姉（ねえ） / 愛のぴよ子 / クロアリ / 実はこんにゃくちゃん
4,94,em-2e3e250aef5e,IMO NI FESTIVAL 2018,14,1837,1161,3,aoe_attack,0.429,0.6389,89,11,8,いいえ,有砂小町 / 北間・クラリス嬢 / トマティーナ少佐 / IMO NI FESTIVAL 2018 / 実はこんにゃくちゃん
4,95,em-c87499b64151,ラパヌイ先生,45,6441,3067,4,guard,0.4285,0.5278,100,0,7,いいえ,こうせえっつう女中 / えかちぇたん / 試作型おこしん / ラパヌイ先生 / ウシュか☆丸か
4,96,em-42e9353377ee,吉野スライム♂,40,5078,2078,3,skill_reduction,0.4274,0.4931,98,2,8,いいえ,ハリウッドナナコ師匠 / カルボ姉（ねえ） / ????? / 吉野スライム♂ / シミ
4,97,em-4819d53ddb48,ブハラ師匠,39,5708,3237,3,heal,0.4272,0.5764,100,0,7,いいえ,ハリウッドナナコ師匠 / ペーチパイセン / ????? / ブハラ師匠 / 御嶽さん
4,98,em-7914d5cdb04d,芋神よしあき,32,4130,2753,3,multi_hit_attack,0.427,0.5903,98,2,8,いいえ,青玉の供犠ぴよ子 / カルボ姉（ねえ） / 愛のぴよ子 / 芋神よしあき / 八狗神伏姫様
4,99,em-68afa2dec462,みどりのたけしマン,23,2592,2432,3,damage_reduction,0.4265,0.5694,100,0,8,いいえ,有砂小町 / 北間・クララさん / トマティーナ少佐 / みどりのたけしマン / ネムりん
4,100,em-845e49247e45,ウサポワン海人,20,1533,2607,3,guard,0.4251,0.6111,99,1,7,いいえ,有砂小町 / 北間・クラリス嬢 / トマティーナ少佐 / ウサポワン海人 / 端午ぴよ子
4,101,em-9b97e564ea43,ユールシスター☆ノエルん,43,5523,4112,3,multi_hit_attack,0.425,0.5208,87,13,7,いいえ,日本海女中 / カルボ姉（ねえ） / 試作型おこしん / ユールシスター☆ノエルん / 大森さん
4,102,em-7c0ef69518eb,有砂小町２ＰＣ,40,5112,5112,4,delay,0.4249,0.4931,98,2,8,いいえ,ハリウッドナナコ師匠 / カルボ姉（ねえ） / ????? / 有砂小町２ＰＣ / シミ
4,103,em-6c2ea8631e0d,深海美少年モヅルン,37,5964,2385,3,attribute_guard,0.4242,0.6181,100,0,7,いいえ,青玉の供犠ぴよ子 / カルボ姉（ねえ） / 愛のぴよ子 / 深海美少年モヅルン / 御嶽さん
4,104,em-d020ce26e899,ＴＡＳマニア先輩,40,5964,3418,3,skill_reduction,0.4242,0.5,98,2,8,いいえ,ハリウッドナナコ師匠 / カルボ姉（ねえ） / ????? / ＴＡＳマニア先輩 / シミ
4,105,em-960c8d1446c2,GC・アガッシィΩ,42,3578,3578,4,multi_hit_attack,0.4241,0.5625,86,14,7,いいえ,日本海女中 / カルボ姉（ねえ） / 試作型おこしん / GC・アガッシィΩ / 大森さん
4,106,em-ec978322ece8,タイプ：テン,20,3864,966,4,guard,0.4236,0.6111,99,1,7,いいえ,有砂小町 / 北間・クラリス嬢 / トマティーナ少佐 / タイプ：テン / 端午ぴよ子
4,107,em-271fbedbbf39,レオ,22,2737,2093,4,damage_reduction,0.4232,0.6458,100,0,7,いいえ,有砂小町 / 北間・クラリス嬢 / トマティーナ少佐 / レオ / 伝説のWoo怪
4,108,em-40350463a9fa,ハンドさんは泳がない,27,2044,3578,3,damage_reduction,0.4216,0.5903,83,17,8,いいえ,日本海女中 / カルボ姉（ねえ） / 試作型おこしん / ハンドさんは泳がない / 巨大カンテツ
4,109,em-40bd3b1e44fa,五月病の悪魔の契約,55,4123,4226,4,aoe_attack,0.4215,0.5347,100,0,5,いいえ,????? / カルボ姉（ねえ） / 愛のぴよ子 / 五月病の悪魔の契約 / ハリウッドナナコ師匠
4,110,em-832edc9513ca,Ｈ・Ｆ・ウーマン,45,6305,3748,4,guard,0.4208,0.5833,89,11,7,いいえ,日本海女中 / カルボ姉（ねえ） / 試作型おこしん / Ｈ・Ｆ・ウーマン / 大森さん
4,111,em-814b464a2192,ナナホシ,50,5044,5044,3,skill_reduction,0.4204,0.4931,96,4,8,いいえ,日本海女中 / カルボ姉（ねえ） / 試作型おこしん / ナナホシ / ハリウッドナナコ師匠
4,112,em-f35caa7e177a,モンポスさん,40,5112,2556,4,damage_reduction,0.4202,0.5903,99,1,8,いいえ,ハリウッドナナコ師匠 / カルボ姉（ねえ） / トマティーナ少佐 / モンポスさん / シミ
4,113,em-c08850a0aec0,いなば☆うわぁああ！,20,2579,3220,4,skill_reduction,0.42,0.5556,88,12,8,いいえ,日本海女中 / えかちぇたん / 試作型おこしん / いなば☆うわぁああ！ / シミ
4,114,em-5ad05ec11a09,三連星のオコオコ,37,3834,3834,3,multi_hit_attack,0.4192,0.5139,83,17,8,いいえ,日本海女中 / カルボ姉（ねえ） / 試作型おこしん / 三連星のオコオコ / ウシュか☆丸か
4,115,em-aae1801458f8,ɚすぃとあろま？,12,3748,681,3,guard,0.418,0.5625,97,3,8,いいえ,有砂小町 / 北間・クラリス嬢 / すわ子isGOD！ / ɚすぃとあろま？ / 聖えぇじゃないか
4,116,em-33880cee5e60,三貴子ツクヨミ,75,10735,4686,3,damage_reduction,0.418,0.4583,99,1,6,いいえ,ハリウッドナナコ師匠 / ペーチパイセン / 愛のぴよ子 / 三貴子ツクヨミ / 大森さん
4,117,em-215080a7a05b,?????,39,4924,4413,4,skill_reduction,0.4179,0.4931,100,0,7,いいえ,????? / えかちぇたん / トマティーナ少佐 / ????? / ハリウッドナナコ師匠
4,118,em-ab3cf42ca015,銘菓ぴよ子零式,15,1155,1255,3,multi_hit_attack,0.4177,0.5694,96,4,8,いいえ,????? / カルボ姉（ねえ） / サルパちゃん / 銘菓ぴよ子零式 / シミ
4,119,em-f3861e35df6f,暗黒王まはーかーらん,47,3731,3926,4,delay,0.4177,0.5069,98,2,8,いいえ,(Ｕ^ω^)亭馬琴 / カルボ姉（ねえ） / 試作型おこしん / 暗黒王まはーかーらん / ハリウッドナナコ師匠
4,120,em-a81a753351d9,戸定梨香,28,3216,3534,4,revive,0.4168,0.6875,98,2,8,いいえ,ハリウッドナナコ師匠 / カルボ姉（ねえ） / ????? / 戸定梨香 / 御嶽さん
4,121,em-5c46e7a79c7f,ギャルド・スイス先輩,45,3408,5453,4,multi_hit_attack,0.4164,0.5347,96,4,7,いいえ,ハリウッドナナコ師匠 / カルボ姉（ねえ） / 試作型おこしん / ギャルド・スイス先輩 / シミ
4,122,em-fd111e204918,アルビールパイセン,19,467,2608,3,delay,0.4161,0.5833,100,0,8,いいえ,(Ｕ^ω^)亭馬琴 / えかちぇたん / トマティーナ少佐 / アルビールパイセン / シミ
4,123,em-2f3883a74098,jaック・ザ・ナイト,10,1408,1267,4,multi_hit_attack,0.4159,0.5486,100,0,7,いいえ,有砂小町 / 北間・クラリス嬢 / 試作型おこしん / jaック・ザ・ナイト / 御嶽さん
4,124,em-6e1b672bdbe8,いやひこにゃん,18,2718,1057,3,delay,0.4152,0.625,100,0,8,いいえ,日本海女中 / えかちぇたん / 愛のぴよ子 / いやひこにゃん / 八狗神伏姫様
4,125,em-da18dad9d936,もけーれ！ムベちゃん,53,2896,6475,4,multi_hit_attack,0.4139,0.5208,99,1,6,いいえ,日本海女中 / カルボ姉（ねえ） / 試作型おこしん / もけーれ！ムベちゃん / ハリウッドナナコ師匠
4,126,em-9fe53d26e9cb,ロイ・マタ先輩,46,2726,6816,3,multi_hit_attack,0.4137,0.5139,97,3,7,いいえ,ハリウッドナナコ師匠 / カルボ姉（ねえ） / 試作型おこしん / ロイ・マタ先輩 / シミ
4,127,em-1eb8ca42b88a,日南のモア蔵,14,3534,424,3,guard,0.4136,0.5764,98,2,8,いいえ,タキシラ師匠 / えかちぇたん / すわ子isGOD！ / 日南のモア蔵 / 八狗神伏姫様
4,128,em-2def672b1533,バターリャ後悔王子,30,3213,3213,3,damage_reduction,0.4134,0.6111,100,0,8,いいえ,青玉の供犠ぴよ子 / えかちぇたん / 愛のぴよ子 / バターリャ後悔王子 / 御嶽さん
4,129,em-40c34074cbb0,おかいこさま,17,2756,2511,4,attribute_change,0.4122,0.6458,99,1,8,いいえ,日本海女中 / えかちぇたん / 愛のぴよ子 / おかいこさま / 八狗神伏姫様
4,130,em-6aaeda4f2f3a,ギガキプ☆アガッシイ,35,2726,2726,4,multi_hit_attack,0.4122,0.5625,100,0,8,いいえ,????? / えかちぇたん / トマティーナ少佐 / ギガキプ☆アガッシイ / 実はこんにゃくちゃん
4,131,em-cec2f0ad9373,Dr.フォックス,40,4089,4430,4,delay,0.4121,0.4653,98,2,8,いいえ,ハリウッドナナコ師匠 / カルボ姉（ねえ） / ????? / Dr.フォックス / シミ
4,132,em-7e35b72ac7e4,琵琶子ｲﾘｭｰｼﾞｮﾝ！,13,1809,1190,3,damage_reduction,0.4113,0.6042,98,2,7,いいえ,有砂小町 / 北間・クラリス嬢 / すわ子isGOD！ / 琵琶子ｲﾘｭｰｼﾞｮﾝ！ / 聖えぇじゃないか
4,133,em-d22cc44e6b53,ニタりん,16,1090,2044,3,multi_hit_attack,0.4102,0.5069,96,4,8,いいえ,ダリア・宮子・9 / えかちぇたん / 試作型おこしん / ニタりん / ハリウッドナナコ師匠
4,134,em-4533a7697d48,謀反人ミッツ,60,6645,4430,3,damage_reduction,0.41,0.5417,100,0,7,いいえ,ハリウッドナナコ師匠 / 北間・クラリス嬢 / 試作型おこしん / 謀反人ミッツ / 聖えぇじゃないか
4,135,em-9d511711422e,禍殃☆ももとふ姫,17,2737,3059,3,heal,0.4099,0.6528,99,1,8,いいえ,日本海女中 / えかちぇたん / 愛のぴよ子 / 禍殃☆ももとふ姫 / 八狗神伏姫様
4,136,em-bbff6b354f45,くうかいさん,12,700,1100,4,skill_reduction,0.4099,0.6319,99,1,8,いいえ,タキシラ師匠 / カルボ姉（ねえ） / サルパちゃん / くうかいさん / 八狗神伏姫様
4,137,em-7ba25345ffb0,シーさま,60,4601,4601,3,delay,0.4097,0.4861,100,0,7,いいえ,青玉の供犠ぴよ子 / カルボ姉（ねえ） / 愛のぴよ子 / シーさま / 実はこんにゃくちゃん
4,138,em-124d2df2b85e,ディオクレ君,23,2416,1449,4,skill_reduction,0.4096,0.5833,98,2,8,いいえ,日本海女中 / カルボ姉（ねえ） / 愛のぴよ子 / ディオクレ君 / 八狗神伏姫様
4,139,em-558066e14c81,ダブル・ブロッコリー,33,2595,2436,3,damage_reduction,0.4091,0.5625,96,4,8,いいえ,青玉の供犠ぴよ子 / カルボ姉（ねえ） / 愛のぴよ子 / ダブル・ブロッコリー / 御嶽さん
4,140,em-9ac3c0929f90,オコオコ,11,1704,1704,3,attack_buff,0.4089,0.5972,89,11,8,いいえ,????? / えかちぇたん / すわ子isGOD！ / オコオコ / シミ
4,141,em-f7f78d464e92,ウミウサーヌ,60,3408,4601,3,guard,0.4085,0.5556,99,1,7,いいえ,青玉の供犠ぴよ子 / カルボ姉（ねえ） / 愛のぴよ子 / ウミウサーヌ / おこしんMK-2
4,142,em-504b87d4019a,ニタリくん,16,817,1533,3,multi_hit_attack,0.4084,0.5417,100,0,8,いいえ,タキシラ師匠 / えかちぇたん / すわ子isGOD！ / ニタリくん / 八狗神伏姫様
4,143,em-51bdb94ec3b1,熱ぅい！地獄雀,43,5964,3408,4,revive,0.4079,0.6319,98,2,7,いいえ,ハリウッドナナコ師匠 / カルボ姉（ねえ） / ????? / 熱ぅい！地獄雀 / 聖えぇじゃないか
4,144,em-ea2d3d13fc78,いなば☆うあー,18,1300,1700,4,skill_reduction,0.4077,0.6181,100,0,8,いいえ,日本海女中 / えかちぇたん / 愛のぴよ子 / いなば☆うあー / 八狗神伏姫様
4,145,em-b041a6f6cf00,テヅルモヅルン,37,5367,2147,3,attribute_guard,0.4071,0.6042,100,0,7,いいえ,青玉の供犠ぴよ子 / カルボ姉（ねえ） / 愛のぴよ子 / テヅルモヅルン / 御嶽さん
4,146,em-bc2106c87bcd,?????,15,511,2811,3,damage_reduction,0.4067,0.6042,99,1,8,いいえ,タキシラ師匠 / えかちぇたん / すわ子isGOD！ / ????? / 八狗神伏姫様
4,147,em-32dd2642183e,ハイパーハンギョジン,60,5889,3996,3,attack_buff,0.4063,0.5347,100,0,7,いいえ,青玉の供犠ぴよ子 / カルボ姉（ねえ） / 愛のぴよ子 / ハイパーハンギョジン / 実はこんにゃくちゃん
4,148,em-8d98226e5962,玉稜の首領・たまうー,29,3067,4260,4,delay,0.4058,0.5069,90,10,8,いいえ,日本海女中 / カルボ姉（ねえ） / 試作型おこしん / 玉稜の首領・たまうー / シミ
4,149,em-301c11f4a1d7,ウサポワンちゃん,20,1363,2317,3,guard,0.4054,0.5903,99,1,7,いいえ,有砂小町 / 北間・クラリス嬢 / トマティーナ少佐 / ウサポワンちゃん / 端午ぴよ子
4,150,em-81078d011501,年齢不詳！エンゼル様,22,2215,3237,3,heal,0.4053,0.6389,96,4,8,いいえ,ハリウッドナナコ師匠 / カルボ姉（ねえ） / トマティーナ少佐 / 年齢不詳！エンゼル様 / 八狗神伏姫様
4,151,em-1ad78d7d3c2f,狐仮面,22,2215,1789,4,revive,0.405,0.7083,98,2,8,いいえ,ハリウッドナナコ師匠 / カルボ姉（ねえ） / すわ子isGOD！ / 狐仮面 / 八狗神伏姫様
4,152,em-9cbbb04818bd,シミ,20,1704,2215,4,heal,0.4048,0.625,94,6,8,いいえ,ハリウッドナナコ師匠 / カルボ姉（ねえ） / トマティーナ少佐 / シミ / 八狗神伏姫様
4,153,em-314fadaf0ea9,オシラサマ,28,4260,3322,3,heal,0.4038,0.5833,98,2,8,いいえ,ハリウッドナナコ師匠 / カルボ姉（ねえ） / ????? / オシラサマ / 御嶽さん
4,154,em-28a4ccf4cbfc,ステンバーイちび蔵,24,596,3748,4,revive,0.4037,0.6875,100,0,8,いいえ,ハリウッドナナコ師匠 / カルボ姉（ねえ） / すわ子isGOD！ / ステンバーイちび蔵 / 八狗神伏姫様
4,155,em-9ca244c83a38,ʤouカー＆ʧouカー,16,1510,2124,4,delay,0.4035,0.5417,100,0,8,いいえ,タキシラ師匠 / えかちぇたん / すわ子isGOD！ / ʤouカー＆ʧouカー / 八狗神伏姫様
4,156,em-d368809aa822,ﾜﾙﾌﾟﾙｷﾞｽなメル子様,39,6560,3152,3,attribute_guard,0.4032,0.5417,98,2,8,いいえ,ハリウッドナナコ師匠 / カルボ姉（ねえ） / トマティーナ少佐 / ﾜﾙﾌﾟﾙｷﾞｽなメル子様 / シミ
4,157,em-cfe553ea56a6,あまのちゃんパイセン,22,3220,805,3,multi_hit_attack,0.4026,0.5625,95,5,8,いいえ,ダリア・宮子・9 / カルボ姉（ねえ） / 試作型おこしん / あまのちゃんパイセン / ハリウッドナナコ師匠
4,158,em-6870ddfd0fbb,大道芸！エʃ＆エʒ,12,1661,1661,3,skill_reduction,0.4023,0.5903,99,1,8,いいえ,タキシラ師匠 / カルボ姉（ねえ） / サルパちゃん / 大道芸！エʃ＆エʒ / 八狗神伏姫様
4,159,em-2998c94ac8cc,ギガ☆キプちゃん,28,1874,1874,4,multi_hit_attack,0.4019,0.5903,94,6,8,いいえ,ハリウッドナナコ師匠 / 北間・クラリス嬢 / トマティーナ少佐 / ギガ☆キプちゃん / 八狗神伏姫様
4,160,em-fea44f2a7dd8,だが男だ彦にゃん,15,2793,1132,3,skill_reduction,0.4018,0.5625,99,1,8,いいえ,タキシラ師匠 / えかちぇたん / すわ子isGOD！ / だが男だ彦にゃん / 八狗神伏姫様
4,161,em-eb57ed2cb1f2,ペパりんズクッキング,60,6305,3237,3,delay,0.4015,0.4722,100,0,7,いいえ,青玉の供犠ぴよ子 / カルボ姉（ねえ） / 愛のぴよ子 / ペパりんズクッキング / 実はこんにゃくちゃん
4,162,em-748c1a866dbc,Hey Yeah 清盛,75,11417,2896,3,guard,0.4013,0.4653,99,1,6,いいえ,ハリウッドナナコ師匠 / ペーチパイセン / 愛のぴよ子 / Hey Yeah 清盛 / 大森さん
4,163,em-ffdcaffc4a41,雑煮入り☆うるっしー,36,3443,3443,4,guard,0.4012,0.5694,99,1,8,いいえ,青玉の供犠ぴよ子 / カルボ姉（ねえ） / 愛のぴよ子 / 雑煮入り☆うるっしー / 御嶽さん
4,164,em-bd98030ead3e,首領子襲来!!,33,5680,3786,4,heal,0.4002,0.5833,89,11,8,いいえ,????? / カルボ姉（ねえ） / すわ子isGOD！ / 首領子襲来!! / ハリウッドナナコ師匠
4,165,em-076deec8d0c8,羊蟹☆こ祝いくん,24,2093,2737,3,delay,0.4,0.5417,99,1,8,いいえ,日本海女中 / カルボ姉（ねえ） / 愛のぴよ子 / 羊蟹☆こ祝いくん / 八狗神伏姫様
4,166,em-46432847d531,ＢＥＷ雪玉,8,2538,705,3,attack_buff,0.3999,0.5903,90,10,8,いいえ,ダリア・宮子・9 / カルボ姉（ねえ） / トリニダの怪人 / ＢＥＷ雪玉 / 実はこんにゃくちゃん
4,167,em-9eb7fd81d237,ユウ・レーカさん,20,2044,2556,4,revive,0.3997,0.6806,94,6,8,いいえ,ハリウッドナナコ師匠 / カルボ姉（ねえ） / トマティーナ少佐 / ユウ・レーカさん / 八狗神伏姫様
4,168,em-eb8dcb3ecb46,ヨーコ須賀パイセン,45,5964,3237,3,attribute_guard,0.3992,0.5556,89,11,7,いいえ,日本海女中 / カルボ姉（ねえ） / 試作型おこしん / ヨーコ須賀パイセン / 大森さん
4,169,em-fcf6ec919e80,ｱﾙﾊﾟ力のお兄(父)さん,10,763,2205,3,heal,0.3991,0.6181,96,4,8,いいえ,ハリウッドナナコ師匠 / カルボ姉（ねえ） / サルパちゃん / ｱﾙﾊﾟ力のお兄(父)さん / 八狗神伏姫様
4,170,em-039a051d72bb,伊万里の重畳,36,4260,3919,3,delay,0.3987,0.4792,98,2,8,いいえ,ハリウッドナナコ師匠 / 北間・クラリス嬢 / ????? / 伊万里の重畳 / 御嶽さん
4,171,em-f9383e2e4919,ユハンヌスのサウナー,42,5231,3067,3,damage_reduction,0.3982,0.5556,99,1,7,いいえ,日本海女中 / 北間・クラリス嬢 / ????? / ユハンヌスのサウナー / 聖えぇじゃないか
4,172,em-e5027c0cc6fa,みかんの姐御,17,2265,1510,3,aoe_attack,0.3981,0.6181,100,0,8,いいえ,青玉の供犠ぴよ子 / えかちぇたん / 愛のぴよ子 / みかんの姐御 / ラパヌイ先生
4,173,em-e931902358ae,弘法大師Ｑ改,15,1359,1963,3,skill_reduction,0.3975,0.5417,99,1,8,いいえ,タキシラ師匠 / えかちぇたん / すわ子isGOD！ / 弘法大師Ｑ改 / 八狗神伏姫様
4,174,em-c88f65fb7899,グラディ瑛太,16,4653,423,3,delay,0.3971,0.5417,96,4,8,いいえ,ダリア・宮子・9 / カルボ姉（ねえ） / ????? / グラディ瑛太 / ハリウッドナナコ師匠
4,175,em-306ef0a3ce60,大納言鮒麿,14,1812,1548,4,heal,0.3967,0.6319,100,0,8,いいえ,ハリウッドナナコ師匠 / カルボ姉（ねえ） / サルパちゃん / 大納言鮒麿 / 八狗神伏姫様
4,176,em-cb0ef748882f,八狗神伏姫様,35,5538,2130,4,guard,0.3962,0.5347,98,2,8,いいえ,青玉の供犠ぴよ子 / カルボ姉（ねえ） / 愛のぴよ子 / 八狗神伏姫様 / 御嶽さん
4,177,em-5284c689c7b6,ジャウー大先生,15,805,3220,4,skill_reduction,0.3961,0.5278,89,11,8,いいえ,(Ｕ^ω^)亭馬琴 / カルボ姉（ねえ） / トマティーナ少佐 / ジャウー大先生 / シミ
4,178,em-bcb9b03bfeed,サンカクドナウ,13,1739,1739,3,multi_hit_attack,0.395,0.5208,88,12,8,いいえ,有砂小町 / 北間・クラリス嬢 / 試作型おこしん / サンカクドナウ / 聖えぇじゃないか
4,179,em-b0a135da294f,デンマーくん三世,6,800,600,3,guard,0.3945,0.6111,93,7,8,いいえ,タキシラ師匠 / カルボ姉（ねえ） / サルパちゃん / デンマーくん三世 / 八狗神伏姫様
4,180,em-eaadf81fc136,サリー,55,4686,4004,4,aoe_attack,0.3943,0.5833,100,0,5,いいえ,????? / カルボ姉（ねえ） / 愛のぴよ子 / サリー / ハリウッドナナコ師匠
4,181,em-b95ac93b816d,キタキツネの神様,29,3748,4771,3,attack_buff,0.3934,0.5486,100,0,8,いいえ,有砂小町 / 北間・クラリス嬢 / 試作型おこしん / キタキツネの神様 / 端午ぴよ子
4,182,em-80894fcaa10c,とんこつ神！博多美子,40,4089,5350,3,attack_buff,0.3929,0.5694,98,2,8,いいえ,ハリウッドナナコ師匠 / カルボ姉（ねえ） / ????? / とんこつ神！博多美子 / シミ
4,183,em-be212cb2b1d8,いはとさん,12,760,840,3,delay,0.3923,0.625,99,1,8,いいえ,タキシラ師匠 / カルボ姉（ねえ） / サルパちゃん / いはとさん / 八狗神伏姫様
4,184,em-955edfecd83b,天晴！ぶんぶくん,22,1883,1162,4,revive,0.392,0.7014,98,2,8,いいえ,ハリウッドナナコ師匠 / カルボ姉（ねえ） / すわ子isGOD！ / 天晴！ぶんぶくん / 八狗神伏姫様
4,185,em-3f6affd1acff,ハンニバル力(りょく),58,7497,2385,3,aoe_attack,0.3917,0.5208,98,2,7,いいえ,青玉の供犠ぴよ子 / カルボ姉（ねえ） / 愛のぴよ子 / ハンニバル力(りょく) / 実はこんにゃくちゃん
4,186,em-06a82dd4f95a,やまとーる海将,18,2567,1208,4,damage_reduction,0.3915,0.5764,99,1,8,いいえ,ダリア・宮子・9 / カルボ姉（ねえ） / トマティーナ少佐 / やまとーる海将 / ハリウッドナナコ師匠
4,187,em-05de078a2e7c,幼妻！エンゼルちゃん,22,1993,2913,3,heal,0.391,0.625,96,4,8,いいえ,ハリウッドナナコ師匠 / カルボ姉（ねえ） / トマティーナ少佐 / 幼妻！エンゼルちゃん / 八狗神伏姫様
4,188,em-3cce096dfee9,カギサナ子,15,2415,2415,4,attack_buff,0.3909,0.5903,96,4,8,いいえ,????? / カルボ姉（ねえ） / サルパちゃん / カギサナ子 / シミ
4,189,em-4e9bf489ecd9,怒りのマッキニキ,14,2416,1359,3,damage_reduction,0.3898,0.5972,97,3,8,いいえ,ダリア・宮子・9 / カルボ姉（ねえ） / すわ子isGOD！ / 怒りのマッキニキ / ハリウッドナナコ師匠
4,190,em-68e23b3f15d7,あっぴーの外出,15,1610,3500,3,attack_buff,0.3896,0.5347,90,10,8,いいえ,有砂小町 / 北間・クララさん / トマティーナ少佐 / あっぴーの外出 / 実はこんにゃくちゃん
4,191,em-942c8f8de44d,エンゼルちゃん,22,1772,2590,3,heal,0.3895,0.6319,96,4,8,いいえ,ハリウッドナナコ師匠 / カルボ姉（ねえ） / トマティーナ少佐 / エンゼルちゃん / 八狗神伏姫様
4,192,em-93a9275d427c,肉食ドゥブロさん,32,5106,3404,3,attack_buff,0.3894,0.5417,94,6,8,いいえ,ハリウッドナナコ師匠 / 北間・クラリス嬢 / ????? / 肉食ドゥブロさん / 御嶽さん
4,193,em-b17b3174de7d,ネギtheフィクサー,45,2405,5135,3,damage_reduction,0.3892,0.5278,93,7,7,いいえ,ハリウッドナナコ師匠 / 北間・クラリス嬢 / トマティーナ少佐 / ネギtheフィクサー / 聖えぇじゃないか
4,194,em-01ed0ad1bb88,ムガるぞ！フマゆん,78,8350,6805,3,aoe_attack,0.389,0.4167,99,1,4,いいえ,魚臣！又土くん / ペーチパイセン / のり男さん / ムガるぞ！フマゆん / あろまちゃん
4,195,em-cf5373dcdc2a,コンゴーニャスパス,17,1886,1723,3,guard,0.3882,0.5694,100,0,7,いいえ,ダリア・宮子・9 / カルボ姉（ねえ） / すわ子isGOD！ / コンゴーニャスパス / ハリウッドナナコ師匠
4,196,em-11cceded3ad2,創造主・アヌンナキ,70,4260,5964,3,damage_reduction,0.3882,0.4722,99,1,7,いいえ,タキシラ師匠 / 北間・クラリス嬢 / 試作型おこしん / 創造主・アヌンナキ / ハリウッドナナコ師匠
4,197,em-3bd6544e0bce,窓辺のやまなしーヌ,13,700,800,4,skill_reduction,0.3881,0.625,100,0,8,いいえ,タキシラ師匠 / カルボ姉（ねえ） / サルパちゃん / 窓辺のやまなしーヌ / 八狗神伏姫様
4,198,em-f13588602944,生イカのアーニー,15,3220,1610,4,attack_buff,0.3872,0.5903,96,4,8,いいえ,????? / カルボ姉（ねえ） / サルパちゃん / 生イカのアーニー / シミ
4,199,em-f439af6dc206,さんとくん大先生,12,3020,755,3,delay,0.3872,0.5833,99,1,8,いいえ,タキシラ師匠 / カルボ姉（ねえ） / サルパちゃん / さんとくん大先生 / 八狗神伏姫様
4,200,em-d76a5850c323,牛追いガウガウ,40,5964,1704,4,damage_reduction,0.3869,0.5556,99,1,8,いいえ,ハリウッドナナコ師匠 / カルボ姉（ねえ） / トマティーナ少佐 / 牛追いガウガウ / シミ
4,201,em-1d6b42059506,レーティッシュ凛子,35,5623,3229,3,attack_buff,0.3867,0.5417,100,0,8,いいえ,ダリア・宮子・9 / ペーチパイセン / トキシッくんｵｯｽｵｯｽ / レーティッシュ凛子 / ハリウッドナナコ師匠
4,202,em-549e080062a7,ぶんぶくん,22,1550,895,4,revive,0.3862,0.7014,98,2,8,いいえ,ハリウッドナナコ師匠 / カルボ姉（ねえ） / すわ子isGOD！ / ぶんぶくん / 八狗神伏姫様
4,203,em-e8fc5c7a59a4,猫毘沙門天,36,4430,4089,4,aoe_attack,0.3853,0.5764,100,0,8,いいえ,????? / カルボ姉（ねえ） / イチャン～(から) / 猫毘沙門天 / ウシュか☆丸か
4,204,em-34853ed0f0f8,ユーコちゃん,24,2556,1533,4,revive,0.3849,0.6736,100,0,8,いいえ,ハリウッドナナコ師匠 / カルボ姉（ねえ） / すわ子isGOD！ / ユーコちゃん / 八狗神伏姫様
4,205,em-d0639c20e6b1,ユーコ☆宇宙,24,4260,2556,4,revive,0.3849,0.6389,99,1,8,いいえ,日本海女中 / カルボ姉（ねえ） / 愛のぴよ子 / ユーコ☆宇宙 / 八狗神伏姫様
4,206,em-bc514db974f0,化石人骨ルーシー,23,3783,2173,3,revive,0.3845,0.625,98,2,8,いいえ,日本海女中 / カルボ姉（ねえ） / 愛のぴよ子 / 化石人骨ルーシー / 八狗神伏姫様
4,207,em-d695befcbdc2,収穫☆にいがタン,26,4508,3655,3,attribute_guard,0.3844,0.5347,82,18,8,いいえ,日本海女中 / カルボ姉（ねえ） / 試作型おこしん / 収穫☆にいがタン / 巨大カンテツ
4,208,em-f49b19428b58,ちび丸のハロウィン,17,255,2896,4,revive,0.3841,0.6597,99,1,8,いいえ,日本海女中 / えかちぇたん / 愛のぴよ子 / ちび丸のハロウィン / 八狗神伏姫様
4,209,em-c8d0b7ef1b10,めい子お姉さま,9,1159,1244,4,attribute_guard,0.384,0.6528,96,4,8,いいえ,タキシラ師匠 / カルボ姉（ねえ） / サルパちゃん / めい子お姉さま / 八狗神伏姫様
4,210,em-1374a3351d4c,忍！fuま＆voたん,17,1510,1510,3,guard,0.3832,0.5694,100,0,7,いいえ,有砂小町 / 北間・クラリス嬢 / トマティーナ少佐 / 忍！fuま＆voたん / 聖えぇじゃないか
4,211,em-9f9bdf00a915,ハンドフィッシュさん,27,1635,2862,3,damage_reduction,0.3831,0.5764,99,1,8,いいえ,青玉の供犠ぴよ子 / カルボ姉（ねえ） / サルパちゃん / ハンドフィッシュさん / シミ
4,212,em-8cafabee26c4,ホルトバージ君,22,5285,830,4,attack_buff,0.3824,0.5972,95,5,8,いいえ,ダリア・宮子・9 / カルボ姉（ねえ） / 試作型おこしん / ホルトバージ君 / ハリウッドナナコ師匠
4,213,em-05476daa6b31,だんじり鉄砲隊,26,805,3599,4,attack_buff,0.3821,0.6042,87,13,8,いいえ,タキシラ師匠 / カルボ姉（ねえ） / サルパちゃん / だんじり鉄砲隊 / 実はこんにゃくちゃん
4,214,em-999d33621829,おたべ妖精,7,1272,1131,4,delay,0.3821,0.5417,88,12,8,いいえ,ダリア・宮子・9 / カルボ姉（ねえ） / 試作型おこしん / おたべ妖精 / 端午ぴよ子
4,215,em-573a74e6170b,God of 魚ぉ！,8,1269,1128,4,heal,0.382,0.625,94,6,8,いいえ,ハリウッドナナコ師匠 / カルボ姉（ねえ） / サルパちゃん / God of 魚ぉ！ / 八狗神伏姫様
4,216,em-f119f767f457,アダム＆エバ,50,5112,4260,4,attack_buff,0.382,0.5417,100,0,8,いいえ,日本海女中 / カルボ姉（ねえ） / 試作型おこしん / アダム＆エバ / 実はこんにゃくちゃん
4,217,em-916052b33162,リンゴルモア大王,7,1269,1128,3,delay,0.3818,0.5417,88,12,8,いいえ,ダリア・宮子・9 / カルボ姉（ねえ） / 試作型おこしん / リンゴルモア大王 / 端午ぴよ子
4,218,em-9d7275c7d84e,ハンドさんの匍匐前進,27,1840,3220,3,damage_reduction,0.3818,0.5347,90,10,8,いいえ,ハリウッドナナコ師匠 / 北間・クラリス嬢 / トマティーナ少佐 / ハンドさんの匍匐前進 / 御嶽さん
4,219,em-3e1bbfb34a76,芳一大師匠,14,1128,1269,4,revive,0.3809,0.6736,100,0,8,いいえ,ハリウッドナナコ師匠 / カルボ姉（ねえ） / サルパちゃん / 芳一大師匠 / 八狗神伏姫様
4,220,em-e626c795c8a8,スミス＆エズ,12,1200,400,3,attribute_guard,0.3799,0.625,99,1,8,いいえ,タキシラ師匠 / カルボ姉（ねえ） / サルパちゃん / スミス＆エズ / 八狗神伏姫様
4,221,em-b09ebd864da6,みずがめəろまちゃん,14,1057,1198,4,revive,0.3798,0.6667,100,0,8,いいえ,ハリウッドナナコ師匠 / カルボ姉（ねえ） / サルパちゃん / みずがめəろまちゃん / 八狗神伏姫様
4,222,em-75717188c18a,あ、しょーか大先生,13,1812,1963,4,multi_hit_attack,0.3798,0.5069,88,12,8,いいえ,有砂小町 / 北間・クラリス嬢 / 試作型おこしん / あ、しょーか大先生 / 聖えぇじゃないか
4,223,em-8527b3dd869a,帰って来たいぬやマン,21,1661,1661,4,attack_buff,0.3794,0.5903,82,18,8,いいえ,タキシラ師匠 / カルボ姉（ねえ） / サルパちゃん / 帰って来たいぬやマン / 実はこんにゃくちゃん
4,224,em-fc400150cadd,サンタぴよ子,10,1173,1173,4,skill_reduction,0.3794,0.5903,97,3,8,いいえ,タキシラ師匠 / カルボ姉（ねえ） / サルパちゃん / サンタぴよ子 / 八狗神伏姫様
4,225,em-b27009a57b71,架けろきしわだっしー,49,1559,6672,3,attack_buff,0.3793,0.5278,100,0,8,いいえ,日本海女中 / えかちぇたん / 試作型おこしん / 架けろきしわだっしー / 大森さん
4,226,em-294f61da0084,Ｃ・Ｃ☆電車姫,22,3741,1973,4,attack_buff,0.3785,0.5764,95,5,8,いいえ,ダリア・宮子・9 / カルボ姉（ねえ） / 試作型おこしん / Ｃ・Ｃ☆電車姫 / ハリウッドナナコ師匠
4,227,em-49b522eac464,ジェヴォたんは狼？,43,3006,6022,4,multi_hit_attack,0.3784,0.5625,94,6,7,いいえ,ハリウッドナナコ師匠 / カルボ姉（ねえ） / 試作型おこしん / ジェヴォたんは狼？ / シミ
4,228,em-05c5072dc080,橘の元祖☆みっちー,75,9798,4515,4,skill_reduction,0.3783,0.3333,99,1,6,いいえ,ハリウッドナナコ師匠 / ペーチパイセン / 愛のぴよ子 / 橘の元祖☆みっちー / 大森さん
4,229,em-2a01f5ee5de4,ガラパゴスおぅぼっと,12,1200,600,4,damage_reduction,0.3782,0.6181,99,1,8,いいえ,タキシラ師匠 / カルボ姉（ねえ） / サルパちゃん / ガラパゴスおぅぼっと / 八狗神伏姫様
4,230,em-4afb3d011e67,得琉田浜蔵,12,2696,1992,3,attribute_change,0.3778,0.6111,99,1,8,いいえ,タキシラ師匠 / カルボ姉（ねえ） / サルパちゃん / 得琉田浜蔵 / 八狗神伏姫様
4,231,em-c6e2304d0b02,パプアさん,26,3365,2270,3,damage_reduction,0.3775,0.5764,98,2,8,いいえ,青玉の供犠ぴよ子 / カルボ姉（ねえ） / サルパちゃん / パプアさん / シミ
4,232,em-ec52e54bb473,ﾀｰｷｰﾃﾞ-なじとっこ君,10,706,2403,4,attack_buff,0.3774,0.6389,97,3,7,いいえ,タキシラ師匠 / カルボ姉（ねえ） / サルパちゃん / ﾀｰｷｰﾃﾞ-なじとっこ君 / 八狗神伏姫様
4,233,em-c3ea022d7d2f,にゅーさん,12,500,1900,3,guard,0.3767,0.5556,97,3,8,いいえ,有砂小町 / 北間・クラリス嬢 / すわ子isGOD！ / にゅーさん / 聖えぇじゃないか
4,234,em-edd2253df045,怪奇！変身鬼人形,25,3408,3834,3,attribute_change,0.3766,0.5972,100,0,8,いいえ,日本海女中 / カルボ姉（ねえ） / 愛のぴよ子 / 怪奇！変身鬼人形 / 八狗神伏姫様
4,235,em-4d4bf14cc827,いはと先輩,15,1000,1400,3,delay,0.3764,0.5486,99,1,8,いいえ,タキシラ師匠 / えかちぇたん / すわ子isGOD！ / いはと先輩 / 八狗神伏姫様
4,236,em-34ff44ed1803,富士さんは魔女,42,5112,4260,4,revive,0.3762,0.6111,97,3,8,いいえ,ハリウッドナナコ師匠 / カルボ姉（ねえ） / ????? / 富士さんは魔女 / 聖えぇじゃないか
4,237,em-5d62afcf01d5,転がる！けねず君,37,3408,2044,4,damage_reduction,0.3762,0.5833,100,0,7,いいえ,青玉の供犠ぴよ子 / カルボ姉（ねえ） / 愛のぴよ子 / 転がる！けねず君 / 御嶽さん
4,238,em-afce812f791d,めい子のMAY DAY,35,4123,4226,4,attribute_guard,0.376,0.5694,98,2,8,いいえ,青玉の供犠ぴよ子 / カルボ姉（ねえ） / 愛のぴよ子 / めい子のMAY DAY / 御嶽さん
4,239,em-572c57cf5e18,湘南大水曜日ボーイ,28,2044,5623,4,attack_buff,0.3757,0.5764,89,11,7,いいえ,タキシラ師匠 / カルボ姉（ねえ） / サルパちゃん / 湘南大水曜日ボーイ / 実はこんにゃくちゃん
4,240,em-c5e484c5d286,マウント取瑠代,31,6076,1850,3,revive,0.3754,0.5972,93,7,8,いいえ,こうせえっつう女中 / えかちぇたん / 試作型おこしん / マウント取瑠代 / 速いぞサラマンダー！
4,241,em-d74e6be8b4b9,クビキリギス,40,3800,3544,4,damage_reduction,0.3754,0.5694,97,3,7,いいえ,タキシラ師匠 / カルボ姉（ねえ） / サルパちゃん / クビキリギス / ハリウッドナナコ師匠
4,242,em-90f39743f105,伝説の牛タソ,19,2269,302,3,guard,0.3751,0.5347,100,0,8,いいえ,ダリア・宮子・9 / カルボ姉（ねえ） / トマティーナ少佐 / 伝説の牛タソ / ハリウッドナナコ師匠
4,243,em-04bcad8262b9,現実リオンさん,12,700,1300,4,delay,0.375,0.5903,99,1,8,いいえ,タキシラ師匠 / カルボ姉（ねえ） / サルパちゃん / 現実リオンさん / 八狗神伏姫様
4,244,em-5f9efdc805e5,呼んでますトムさん,15,1269,1269,3,attribute_guard,0.3743,0.5903,98,2,8,いいえ,ダリア・宮子・9 / カルボ姉（ねえ） / すわ子isGOD！ / 呼んでますトムさん / ハリウッドナナコ師匠
4,245,em-618de9bba906,関大先生,9,1201,1201,3,guard,0.3743,0.5556,100,0,8,いいえ,有砂小町 / 北間・クラリス嬢 / サルパちゃん / 関大先生 / 端午ぴよ子
4,246,em-1cd0c7153e75,みさき先輩,18,1400,1600,4,multi_hit_attack,0.3743,0.5347,89,11,8,いいえ,有砂小町 / 北間・クラリス嬢 / 試作型おこしん / みさき先輩 / 端午ぴよ子
4,247,em-d86fc6931627,ふくしメイト・じゅん,19,1812,1661,3,skill_reduction,0.3738,0.5417,100,0,8,いいえ,(Ｕ^ω^)亭馬琴 / えかちぇたん / トマティーナ少佐 / ふくしメイト・じゅん / シミ
4,248,em-2a6ad62952da,スホクラント先生,15,1841,904,3,damage_reduction,0.3737,0.5833,98,2,8,いいえ,ダリア・宮子・9 / カルボ姉（ねえ） / すわ子isGOD！ / スホクラント先生 / ハリウッドナナコ師匠
4,249,em-6f76a23db620,伏姫さま,17,2006,676,4,guard,0.3736,0.5694,100,0,8,いいえ,有砂小町 / 北間・クラリス嬢 / トマティーナ少佐 / 伏姫さま / 聖えぇじゃないか
4,250,em-28f044d525d7,スーリヤ様が見てる,7,489,1446,3,skill_reduction,0.3734,0.5486,88,12,8,いいえ,ダリア・宮子・9 / カルボ姉（ねえ） / 試作型おこしん / スーリヤ様が見てる / 端午ぴよ子
4,251,em-e6110f879f18,ユーコ隊,24,3408,2044,4,revive,0.3733,0.6389,99,1,8,いいえ,日本海女中 / カルボ姉（ねえ） / 愛のぴよ子 / ユーコ隊 / 八狗神伏姫様
4,252,em-94f677409ee2,月甲のルナタスピス,75,10224,4543,3,guard,0.3733,0.3889,99,1,6,いいえ,ハリウッドナナコ師匠 / ペーチパイセン / 愛のぴよ子 / 月甲のルナタスピス / 大森さん
4,253,em-8b0ee22a5cd7,ドナドナう皮,26,1676,1664,3,guard,0.3725,0.5347,82,18,8,いいえ,日本海女中 / カルボ姉（ねえ） / 試作型おこしん / ドナドナう皮 / 巨大カンテツ
4,254,em-75c067942d62,大内先生,11,1699,1699,4,heal,0.3721,0.6181,97,3,8,いいえ,ハリウッドナナコ師匠 / カルボ姉（ねえ） / サルパちゃん / 大内先生 / 八狗神伏姫様
4,255,em-874769710492,さふらんらん,8,1734,888,3,skill_reduction,0.3721,0.5208,100,0,8,いいえ,ダリア・宮子・9 / えかちぇたん / 試作型おこしん / さふらんらん / 聖えぇじゃないか
4,256,em-4805525cb8a4,ｴﾝｾﾞﾘｯｸ☆エンゼル,60,6816,4771,3,heal,0.3716,0.5417,100,0,7,いいえ,青玉の供犠ぴよ子 / カルボ姉（ねえ） / 愛のぴよ子 / ｴﾝｾﾞﾘｯｸ☆エンゼル / 実はこんにゃくちゃん
4,257,em-5f311c45014a,パーントゥ大先生,37,2409,4819,3,attack_buff,0.3716,0.4931,83,17,7,いいえ,日本海女中 / カルボ姉（ねえ） / 試作型おこしん / パーントゥ大先生 / ハリウッドナナコ師匠
4,258,em-3911cf0df99b,あずま京子という女,14,1687,1687,3,damage_reduction,0.3713,0.6042,97,3,8,いいえ,ダリア・宮子・9 / カルボ姉（ねえ） / すわ子isGOD！ / あずま京子という女 / ハリウッドナナコ師匠
4,259,em-a787bb59ceca,トキシッくん,5,600,500,4,revive,0.3712,0.6458,89,11,8,いいえ,青玉の供犠ぴよ子 / えかちぇたん / すわ子isGOD！ / トキシッくん / 八狗神伏姫様
4,260,em-4eb01150430f,ミス・エズさん,9,1100,300,4,attribute_guard,0.3711,0.6389,96,4,8,いいえ,タキシラ師匠 / カルボ姉（ねえ） / サルパちゃん / ミス・エズさん / 八狗神伏姫様
4,261,em-2c819cc3029c,お稲荷さん,9,808,808,3,attack_buff,0.3707,0.6458,96,4,7,いいえ,タキシラ師匠 / カルボ姉（ねえ） / サルパちゃん / お稲荷さん / 八狗神伏姫様
4,262,em-e2c8365ae02e,ɔリバーくん,10,704,1689,3,attack_buff,0.3703,0.5903,97,3,7,いいえ,タキシラ師匠 / カルボ姉（ねえ） / サルパちゃん / ɔリバーくん / 八狗神伏姫様
4,263,em-a71ad4631750,絶許！近所のあん子,9,1131,989,4,heal,0.3698,0.6319,95,5,8,いいえ,ハリウッドナナコ師匠 / カルボ姉（ねえ） / サルパちゃん / 絶許！近所のあん子 / 八狗神伏姫様
4,264,em-fb54694c6adc,サイガーイエロー,9,357,1057,4,multi_hit_attack,0.3694,0.5347,91,9,8,いいえ,ダリア・宮子・9 / カルボ姉（ねえ） / トリニダの怪人 / サイガーイエロー / 実はこんにゃくちゃん
4,265,em-71504e292ebf,キャミー・the.女,13,1208,2567,3,heal,0.3693,0.6042,99,1,8,いいえ,ハリウッドナナコ師匠 / カルボ姉（ねえ） / サルパちゃん / キャミー・the.女 / 八狗神伏姫様
4,266,em-7b3f53eed84e,?????,14,1380,2675,4,attack_buff,0.3692,0.5764,92,8,8,いいえ,????? / えかちぇたん / すわ子isGOD！ / ????? / シミ
4,267,em-4a86c88e71a1,デンマーくん,3,600,300,3,guard,0.3683,0.5694,100,0,8,いいえ,有砂小町 / カルボ姉（ねえ） / 愛のぴよ子 / デンマーくん / 御嶽さん
4,268,em-377a00f7a666,のり男,4,334,278,3,attribute_guard,0.3682,0.6319,100,0,8,いいえ,金野デメ子さん / カルボ姉（ねえ） / 愛のぴよ子 / のり男 / 御嶽さん
4,269,em-a62aee8d3548,レゲエじゃまいか,40,5453,3748,4,revive,0.3673,0.5833,95,5,7,いいえ,ハリウッドナナコ師匠 / カルボ姉（ねえ） / ????? / レゲエじゃまいか / 聖えぇじゃないか
4,270,em-0bcb369cdcd9,キタキツネの神様,36,3748,4771,3,attack_buff,0.3669,0.5,98,2,8,いいえ,ハリウッドナナコ師匠 / 北間・クラリス嬢 / ????? / キタキツネの神様 / 御嶽さん
4,271,em-d295de1e4086,海の日シスターズ♪,40,3823,4657,4,attack_buff,0.3668,0.5625,98,2,8,いいえ,ハリウッドナナコ師匠 / カルボ姉（ねえ） / ????? / 海の日シスターズ♪ / シミ
4,272,em-cbed7e550323,ちわっしータミ,12,2249,1376,3,heal,0.3667,0.5694,98,2,8,いいえ,ハリウッドナナコ師匠 / カルボ姉（ねえ） / サルパちゃん / ちわっしータミ / 八狗神伏姫様
4,273,em-54ee851ff3fb,zuス様とsiラ様,10,1410,987,4,attack_buff,0.3664,0.5903,100,0,8,いいえ,有砂小町 / 北間・クラリス嬢 / 試作型おこしん / zuス様とsiラ様 / 御嶽さん
4,274,em-e73e837049b5,ｿﾞﾝﾋﾞｶﾞｰﾙ･ガブリン,28,1366,3834,4,revive,0.3661,0.6319,89,11,8,いいえ,青玉の供犠ぴよ子 / カルボ姉（ねえ） / サルパちゃん / ｿﾞﾝﾋﾞｶﾞｰﾙ･ガブリン / 実はこんにゃくちゃん
4,275,em-276d7f996bbe,竜也エボリューション,49,2044,6305,3,attack_buff,0.366,0.5139,100,0,8,いいえ,日本海女中 / えかちぇたん / 試作型おこしん / 竜也エボリューション / 大森さん
4,276,em-2697b5e55b56,あろまちゃん+空気,6,650,700,4,revive,0.3659,0.6458,89,11,8,いいえ,有砂小町 / カルボ姉（ねえ） / 試作型おこしん / あろまちゃん+空気 / 聖えぇじゃないか
4,277,em-3b878e796aba,なまず仙人,35,4941,1618,4,damage_reduction,0.3648,0.5556,98,2,8,いいえ,青玉の供犠ぴよ子 / カルボ姉（ねえ） / 愛のぴよ子 / なまず仙人 / 御嶽さん
4,278,em-9ec6297ea6ca,バスてとにゃん,38,4260,4771,3,attack_buff,0.3645,0.5,84,16,8,いいえ,日本海女中 / カルボ姉（ねえ） / 試作型おこしん / バスてとにゃん / ウシュか☆丸か
4,279,em-d5d58dc5e468,子供神・わらしちゃん,7,565,1131,4,delay,0.3643,0.5556,88,12,8,いいえ,ダリア・宮子・9 / カルボ姉（ねえ） / 試作型おこしん / 子供神・わらしちゃん / 端午ぴよ子
4,280,em-d25a7727f654,プラハ嬢,32,1482,4991,4,damage_reduction,0.3636,0.5833,95,5,8,いいえ,青玉の供犠ぴよ子 / カルボ姉（ねえ） / 愛のぴよ子 / プラハ嬢 / 御嶽さん
4,281,em-bbcd19672515,ＭＲ凜子様,13,1699,1699,4,attack_buff,0.3634,0.5694,88,12,8,いいえ,有砂小町 / 北間・クララさん / トマティーナ少佐 / ＭＲ凜子様 / 実はこんにゃくちゃん
4,282,em-e51e56c23fa1,上級国民ロヴィーサ,44,2832,2984,4,attribute_guard,0.363,0.5486,99,1,7,いいえ,青玉の供犠ぴよ子 / えかちぇたん / 愛のぴよ子 / 上級国民ロヴィーサ / 聖えぇじゃないか
4,283,em-28a408b64836,真・銘菓ぴよ子,12,795,815,3,multi_hit_attack,0.363,0.5347,94,6,8,いいえ,ダリア・宮子・9 / カルボ姉（ねえ） / トリニダの怪人 / 真・銘菓ぴよ子 / 実はこんにゃくちゃん
4,284,em-471b1ba55d5c,有馬んば,13,1413,1244,4,heal,0.3624,0.625,99,1,8,いいえ,ハリウッドナナコ師匠 / カルボ姉（ねえ） / サルパちゃん / 有馬んば / 八狗神伏姫様
4,285,em-c749ad6eefee,トーテムゆ～る,16,1413,1201,3,delay,0.3623,0.5556,100,0,8,いいえ,タキシラ師匠 / えかちぇたん / すわ子isGOD！ / トーテムゆ～る / 八狗神伏姫様
4,286,em-902df874fa74,でらマジカ,6,650,700,3,attribute_guard,0.362,0.6111,93,7,8,いいえ,タキシラ師匠 / カルボ姉（ねえ） / サルパちゃん / でらマジカ / 八狗神伏姫様
4,287,em-de449f69edb5,タミフルニキ,14,1257,1147,3,damage_reduction,0.362,0.5833,97,3,8,いいえ,ダリア・宮子・9 / カルボ姉（ねえ） / すわ子isGOD！ / タミフルニキ / ハリウッドナナコ師匠
4,288,em-59ac9769ef60,神犬八房伏姫様,24,4093,1223,4,guard,0.3616,0.4861,99,1,8,いいえ,ハリウッドナナコ師匠 / 北間・クラリス嬢 / サルパちゃん / 神犬八房伏姫様 / 御嶽さん
4,289,em-5c4a86842734,芹沢殿,10,703,698,3,guard,0.3614,0.5764,94,6,8,いいえ,タキシラ師匠 / カルボ姉（ねえ） / サルパちゃん / 芹沢殿 / 御嶽さん
4,290,em-ed707603ab87,荒ぶる水島神人,15,1200,600,3,guard,0.3614,0.5625,87,13,7,いいえ,青玉の供犠ぴよ子 / カルボ姉（ねえ） / サルパちゃん / 荒ぶる水島神人 / シミ
4,291,em-a58c4fcc6b2e,けねず大先生,14,1699,1699,4,damage_reduction,0.3612,0.5903,95,5,8,いいえ,ダリア・宮子・9 / カルボ姉（ねえ） / トマティーナ少佐 / けねず大先生 / ハリウッドナナコ師匠
4,292,em-ae529aca2139,夜鳥の会会長,35,3408,4260,3,attribute_change,0.3612,0.5556,100,0,8,いいえ,ダリア・宮子・9 / ペーチパイセン / トキシッくんｵｯｽｵｯｽ / 夜鳥の会会長 / ハリウッドナナコ師匠
4,293,em-010ca8278422,伊賀NINJA!,42,1704,5112,3,skill_reduction,0.3609,0.4722,100,0,8,いいえ,(Ｕ^ω^)亭馬琴 / カルボ姉（ねえ） / 愛のぴよ子 / 伊賀NINJA! / 端午ぴよ子
4,294,em-3ba3c1cd24cc,P.O☆うるっしー,25,3220,1449,4,guard,0.3608,0.5347,81,19,8,いいえ,日本海女中 / カルボ姉（ねえ） / 試作型おこしん / P.O☆うるっしー / 巨大カンテツ
4,295,em-a4d82c09dd0f,魂入！とちぎソウル,7,565,1837,4,attack_buff,0.3603,0.5694,97,3,8,いいえ,有砂小町 / 北間・クラリス嬢 / 試作型おこしん / 魂入！とちぎソウル / 御嶽さん
4,296,em-419c23e0ec81,新生☆ＢＴ５!!,35,3287,3615,3,damage_reduction,0.3603,0.5694,98,2,8,いいえ,青玉の供犠ぴよ子 / カルボ姉（ねえ） / 愛のぴよ子 / 新生☆ＢＴ５!! / 御嶽さん
4,297,em-39011821f965,さるぼぼぼぼ～ん,12,800,1000,4,aoe_attack,0.36,0.5417,94,6,8,いいえ,ダリア・宮子・9 / カルボ姉（ねえ） / トリニダの怪人 / さるぼぼぼぼ～ん / 実はこんにゃくちゃん
4,298,em-2080ae65b62a,モヅルン,37,3771,1908,3,attribute_guard,0.3598,0.5764,100,0,7,いいえ,青玉の供犠ぴよ子 / カルボ姉（ねえ） / 愛のぴよ子 / モヅルン / 御嶽さん
4,299,em-d7e6501e0b63,ダークるる,60,4771,4771,3,damage_reduction,0.359,0.5,99,1,7,いいえ,青玉の供犠ぴよ子 / カルボ姉（ねえ） / 愛のぴよ子 / ダークるる / おこしんMK-2
4,300,em-ae8585ed525d,一服のうっぴー,46,6475,3408,3,heal,0.3586,0.5556,97,3,8,いいえ,ハリウッドナナコ師匠 / カルボ姉（ねえ） / ????? / 一服のうっぴー / 端午ぴよ子
4,301,em-48fc0bb31337,踊る☆なまずおじさん,60,5793,2130,3,damage_reduction,0.3586,0.5139,99,1,7,いいえ,青玉の供犠ぴよ子 / カルボ姉（ねえ） / 愛のぴよ子 / 踊る☆なまずおじさん / 旧市街地の魔物
4,302,em-d239e5e972de,ズンビーフック,17,2012,3220,4,multi_hit_attack,0.3584,0.5556,97,3,8,いいえ,ダリア・宮子・9 / えかちぇたん / 試作型おこしん / ズンビーフック / ハリウッドナナコ師匠
4,303,em-30e34a964d63,デンマーくん二世,5,700,450,3,guard,0.3583,0.5556,98,2,8,いいえ,ダリア・宮子・9 / カルボ姉（ねえ） / サルパちゃん / デンマーくん二世 / ハリウッドナナコ師匠
4,304,em-cf71633a3be4,真・やよいチゥりっぷ,12,1500,300,3,attribute_change,0.3582,0.6111,99,1,8,いいえ,タキシラ師匠 / カルボ姉（ねえ） / サルパちゃん / 真・やよいチゥりっぷ / 八狗神伏姫様
4,305,em-83c97b8f4e6e,アルルのキャミー,40,4001,6236,4,heal,0.3579,0.5486,95,5,7,いいえ,ハリウッドナナコ師匠 / カルボ姉（ねえ） / ????? / アルルのキャミー / 聖えぇじゃないか
4,306,em-22dd126a0f3a,どーん竜馬,17,2898,2898,3,attack_buff,0.3579,0.5417,97,3,8,いいえ,ダリア・宮子・9 / カルボ姉（ねえ） / ????? / どーん竜馬 / ハリウッドナナコ師匠
4,307,em-455191024aba,偉いぞさいごー丼,15,2718,1132,3,attribute_guard,0.3576,0.5625,98,2,8,いいえ,ダリア・宮子・9 / カルボ姉（ねえ） / すわ子isGOD！ / 偉いぞさいごー丼 / ハリウッドナナコ師匠
4,308,em-144424b04d69,あろまさん,5,450,650,4,revive,0.3575,0.6389,88,12,8,いいえ,有砂小町 / カルボ姉（ねえ） / 試作型おこしん / あろまさん / 聖えぇじゃないか
4,309,em-74b9082a787c,暫時バル状態,19,2938,838,4,damage_reduction,0.3575,0.5694,100,0,8,いいえ,ダリア・宮子・9 / カルボ姉（ねえ） / トマティーナ少佐 / 暫時バル状態 / ハリウッドナナコ師匠
4,310,em-9e9fc5ee5a9c,深淵のエルフ,18,2537,3059,4,attack_buff,0.3571,0.5694,79,21,8,いいえ,タキシラ師匠 / カルボ姉（ねえ） / サルパちゃん / 深淵のエルフ / 実はこんにゃくちゃん
4,311,em-7e9ffb70cffa,企業だ浅ちゃん！,32,1192,7327,4,attack_buff,0.357,0.5347,98,2,8,いいえ,ハリウッドナナコ師匠 / 北間・クラリス嬢 / トマティーナ少佐 / 企業だ浅ちゃん！ / 八狗神伏姫様
4,312,em-ba3e87e06882,ぴよ子ファーザー,20,357,3577,4,attack_buff,0.3559,0.5486,100,0,8,いいえ,ダリア・宮子・9 / えかちぇたん / 試作型おこしん / ぴよ子ファーザー / ハリウッドナナコ師匠
4,313,em-5c824e4dff20,ほたるんるん,9,1000,1500,3,attribute_change,0.3553,0.6111,96,4,8,いいえ,タキシラ師匠 / カルボ姉（ねえ） / サルパちゃん / ほたるんるん / 八狗神伏姫様
4,314,em-a87c308ef7c4,トミスLOVE様,52,4686,4686,4,revive,0.3551,0.5903,96,4,6,いいえ,日本海女中 / カルボ姉（ねえ） / 試作型おこしん / トミスLOVE様 / 大森さん
4,315,em-e900d5955acf,凄いぞさいごー丼,13,1050,650,3,attribute_guard,0.3549,0.6319,100,0,8,いいえ,タキシラ師匠 / カルボ姉（ねえ） / サルパちゃん / 凄いぞさいごー丼 / 八狗神伏姫様
4,316,em-fe5ed60fbf2d,強いぞさいごー丼,9,930,574,3,attribute_guard,0.3546,0.6319,96,4,8,いいえ,タキシラ師匠 / カルボ姉（ねえ） / サルパちゃん / 強いぞさいごー丼 / 八狗神伏姫様
4,317,em-ef6acbb9fe3a,ﾌｫﾆｰ・ぴよ・ｶﾞｰﾙｽﾞY,25,3703,1771,4,attribute_change,0.3537,0.6111,100,0,8,いいえ,日本海女中 / カルボ姉（ねえ） / 愛のぴよ子 / ﾌｫﾆｰ・ぴよ・ｶﾞｰﾙｽﾞY / 八狗神伏姫様
4,318,em-357427c8f331,反魂タン昼食TIME,27,3067,5623,4,attack_buff,0.3535,0.5694,100,0,8,いいえ,ダリア・宮子・9 / カルボ姉（ねえ） / 試作型おこしん / 反魂タン昼食TIME / ハリウッドナナコ師匠
4,319,em-a66f91385c36,伝説のキャミー,10,700,1100,4,heal,0.3534,0.625,96,4,8,いいえ,ハリウッドナナコ師匠 / カルボ姉（ねえ） / サルパちゃん / 伝説のキャミー / 八狗神伏姫様
4,320,em-d51ded51621f,華麗なる塚ジェンヌ,13,1684,1676,3,revive,0.3533,0.6042,99,1,8,いいえ,ハリウッドナナコ師匠 / カルボ姉（ねえ） / サルパちゃん / 華麗なる塚ジェンヌ / 八狗神伏姫様
4,321,em-354b4786550a,魔滅！鷹山先生,27,1283,1283,4,delay,0.3525,0.5278,95,5,8,いいえ,ダリア・宮子・9 / ペーチパイセン / トキシッくんｵｯｽｵｯｽ / 魔滅！鷹山先生 / 旧市街地の魔物
4,322,em-fd155a3410b2,鯰坊主と子供たち,45,5793,2130,3,damage_reduction,0.352,0.5069,89,11,7,いいえ,日本海女中 / カルボ姉（ねえ） / 試作型おこしん / 鯰坊主と子供たち / 大森さん
4,323,em-8d2b5bd68a94,ズースさんとシーラさん,6,800,600,4,attack_buff,0.3519,0.5833,96,4,8,いいえ,有砂小町 / 北間・クラリス嬢 / 試作型おこしん / ズースさんとシーラさん / 御嶽さん
4,324,em-1acdee18dc58,生きろ！モア蔵,7,1540,240,3,guard,0.3518,0.5694,100,0,8,いいえ,ダリア・宮子・9 / カルボ姉（ねえ） / サルパちゃん / 生きろ！モア蔵 / ハリウッドナナコ師匠
4,325,em-5d34df1253d1,氷点下のレーカさん,40,2044,2556,3,revive,0.3516,0.6111,91,9,7,いいえ,日本海女中 / えかちぇたん / 試作型おこしん / 氷点下のレーカさん / 大森さん
4,326,em-794f6427298a,さいごー丼,8,830,476,3,attribute_guard,0.3508,0.6319,95,5,8,いいえ,タキシラ師匠 / カルボ姉（ねえ） / サルパちゃん / さいごー丼 / 八狗神伏姫様
4,327,em-f4ac535052c1,ɑム・ɑクト・パップ,13,1341,2416,4,heal,0.3505,0.5556,99,1,8,いいえ,ハリウッドナナコ師匠 / カルボ姉（ねえ） / サルパちゃん / ɑム・ɑクト・パップ / 八狗神伏姫様
4,328,em-4e0f06589604,新・やよいチゥりっぷ,9,1100,200,3,attribute_change,0.3503,0.6042,96,4,8,いいえ,タキシラ師匠 / カルボ姉（ねえ） / サルパちゃん / 新・やよいチゥりっぷ / 八狗神伏姫様
4,329,em-1c72b25f9096,エッシュ＆エッジュ,10,800,800,3,skill_reduction,0.3503,0.5833,97,3,8,いいえ,タキシラ師匠 / カルボ姉（ねえ） / サルパちゃん / エッシュ＆エッジュ / 八狗神伏姫様
4,330,em-c6a0a8b51afe,ライオットうお太,41,3152,4175,4,damage_reduction,0.3502,0.5208,95,5,7,いいえ,青玉の供犠ぴよ子 / えかちぇたん / すわ子isGOD！ / ライオットうお太 / ウシュか☆丸か
4,331,em-45dad5139056,ベギン改・修道女,37,4565,4467,4,revive,0.3499,0.5764,99,1,8,いいえ,(Ｕ^ω^)亭馬琴 / カルボ姉（ねえ） / 愛のぴよ子 / ベギン改・修道女 / 聖えぇじゃないか
4,332,em-309e9bdb12e4,萌やし戦士,14,773,2573,4,attack_buff,0.3497,0.5417,89,11,8,いいえ,有砂小町 / 北間・クララさん / トマティーナ少佐 / 萌やし戦士 / 実はこんにゃくちゃん
4,333,em-88669edc6480,京子はまだやれる！,10,718,694,4,damage_reduction,0.3493,0.6319,97,3,8,いいえ,タキシラ師匠 / カルボ姉（ねえ） / サルパちゃん / 京子はまだやれる！ / 八狗神伏姫様
4,334,em-a16d639a61fc,水軍衆かっさーのん,9,1128,1269,3,attack_buff,0.3489,0.5625,91,9,8,いいえ,ダリア・宮子・9 / カルボ姉（ねえ） / トリニダの怪人 / 水軍衆かっさーのん / 実はこんにゃくちゃん
4,335,em-9372502bc6a4,餞のガブリン,42,1913,5367,4,revive,0.3487,0.5903,98,2,8,いいえ,????? / カルボ姉（ねえ） / すわ子isGOD！ / 餞のガブリン / ハリウッドナナコ師匠
4,336,em-4f0b20692fd7,コンドアーズ,17,273,2120,3,attack_buff,0.3485,0.5556,96,4,8,いいえ,ダリア・宮子・9 / カルボ姉（ねえ） / トマティーナ少佐 / コンドアーズ / 大森さん
4,337,em-3c1078996c9c,めい子のNEW DAY,25,2760,2862,4,attribute_guard,0.3481,0.5486,81,19,8,いいえ,日本海女中 / カルボ姉（ねえ） / 試作型おこしん / めい子のNEW DAY / 巨大カンテツ
4,338,em-830856ac5a07,トキシッくん先輩,7,1000,800,4,revive,0.3477,0.5903,100,0,8,いいえ,ハリウッドナナコ師匠 / えかちぇたん / サルパちゃん / トキシッくん先輩 / 八狗神伏姫様
4,339,em-57e25e9e3446,にゅーくん,8,400,1700,4,guard,0.3477,0.5417,99,1,8,いいえ,有砂小町 / 北間・クラリス嬢 / サルパちゃん / にゅーくん / 端午ぴよ子
4,340,em-c25db2f5b4ff,メルヘン☆グリ子,80,9202,3748,4,damage_reduction,0.3477,0.4375,100,0,4,いいえ,魚臣！又土くん / ペーチパイセン / のり男 / メルヘン☆グリ子 / あろまちゃん
4,341,em-90c9b7a939a7,九十九里流,37,2982,5112,4,attack_buff,0.3476,0.5069,83,17,7,いいえ,日本海女中 / カルボ姉（ねえ） / 試作型おこしん / 九十九里流 / ハリウッドナナコ師匠
4,342,em-5558b35b9413,フゥーま＆ヴォたん,14,800,800,3,guard,0.3474,0.5556,86,14,7,いいえ,青玉の供犠ぴよ子 / カルボ姉（ねえ） / サルパちゃん / フゥーま＆ヴォたん / シミ
4,343,em-a0762b5d76ab,シーラちゃん,5,600,550,4,attack_buff,0.3468,0.5833,95,5,8,いいえ,有砂小町 / 北間・クラリス嬢 / 試作型おこしん / シーラちゃん / 御嶽さん
4,344,em-4c77b2b8ad46,トキシッくんさん,6,700,600,4,revive,0.3461,0.6042,89,11,8,いいえ,有砂小町 / カルボ姉（ねえ） / 試作型おこしん / トキシッくんさん / 聖えぇじゃないか
4,345,em-739aae6480ff,男前やできっしん,14,755,2605,4,attack_buff,0.3461,0.5417,89,11,8,いいえ,有砂小町 / 北間・クララさん / トマティーナ少佐 / 男前やできっしん / 実はこんにゃくちゃん
4,346,em-f89a98dd9893,大魔神！せいタン降臨,48,2044,6305,4,attack_buff,0.346,0.5278,99,1,8,いいえ,ハリウッドナナコ師匠 / カルボ姉（ねえ） / 試作型おこしん / 大魔神！せいタン降臨 / シミ
4,347,em-cdd7690ef318,京都コーラマン,59,5959,2800,4,damage_reduction,0.3459,0.5,98,2,7,いいえ,青玉の供犠ぴよ子 / カルボ姉（ねえ） / 愛のぴよ子 / 京都コーラマン / おこしんMK-2
4,348,em-7e4426102b17,タンジャンじゃん,22,3139,3139,3,revive,0.3458,0.5764,97,3,8,いいえ,日本海女中 / カルボ姉（ねえ） / 愛のぴよ子 / タンジャンじゃん / 八狗神伏姫様
4,349,em-1dbd8ae5b939,国宝！白鷺嬢,12,1200,500,3,heal,0.3456,0.6181,98,2,8,いいえ,ハリウッドナナコ師匠 / カルボ姉（ねえ） / サルパちゃん / 国宝！白鷺嬢 / 八狗神伏姫様
4,350,em-3738f743f200,復活！チワワんこ,8,1128,1269,3,heal,0.3449,0.5556,94,6,8,いいえ,ハリウッドナナコ師匠 / カルボ姉（ねえ） / サルパちゃん / 復活！チワワんこ / 八狗神伏姫様
4,351,em-5861838d2e36,ばうあー泥棒,35,4771,3033,4,attack_buff,0.3449,0.5208,100,0,8,いいえ,ダリア・宮子・9 / ペーチパイセン / トキシッくんｵｯｽｵｯｽ / ばうあー泥棒 / ハリウッドナナコ師匠
4,352,em-96ed71805a40,白鷺日女路嬢,21,4830,1255,3,heal,0.3448,0.5347,98,2,8,いいえ,ハリウッドナナコ師匠 / えかちぇたん / ????? / 白鷺日女路嬢 / 御嶽さん
4,353,em-54cb13a72721,不思議の海のモヅルン,60,6475,4941,3,attribute_guard,0.3447,0.4931,99,1,7,いいえ,青玉の供犠ぴよ子 / カルボ姉（ねえ） / 愛のぴよ子 / 不思議の海のモヅルン / おこしんMK-2
4,354,em-91479d9f811c,奇術師！エッジュさん,9,700,700,3,skill_reduction,0.3444,0.5833,96,4,8,いいえ,タキシラ師匠 / カルボ姉（ねえ） / サルパちゃん / 奇術師！エッジュさん / 八狗神伏姫様
4,355,em-ae9fd7e6b2dc,ヘヴィなじとっ子君,8,607,1795,4,attack_buff,0.3438,0.5972,95,5,8,いいえ,タキシラ師匠 / カルボ姉（ねえ） / サルパちゃん / ヘヴィなじとっ子君 / 八狗神伏姫様
4,356,em-e0dcffe4d5d0,大魔神！せいタン降臨,44,2044,6305,4,attack_buff,0.3437,0.5347,100,0,7,いいえ,????? / カルボ姉（ねえ） / すわ子isGOD！ / 大魔神！せいタン降臨 / ウシュか☆丸か
4,357,em-1e4dd5118669,三春瀧さくら,38,3919,3408,4,damage_reduction,0.3436,0.5347,97,3,8,いいえ,ハリウッドナナコ師匠 / カルボ姉（ねえ） / トマティーナ少佐 / 三春瀧さくら / シミ
4,358,em-0e376d1892df,メネリくん一世,72,6134,3067,4,guard,0.3435,0.4236,99,1,7,いいえ,試作型おこしん / ペーチパイセン / 愛のぴよ子 / メネリくん一世 / 大森さん
4,359,em-2f5dd4b0a739,大内先輩,9,800,800,4,heal,0.3433,0.6111,95,5,8,いいえ,ハリウッドナナコ師匠 / カルボ姉（ねえ） / サルパちゃん / 大内先輩 / 八狗神伏姫様
4,360,em-8646cdffe6eb,ブーナッドさん,12,1700,300,3,heal,0.3432,0.6111,98,2,8,いいえ,ハリウッドナナコ師匠 / カルボ姉（ねえ） / サルパちゃん / ブーナッドさん / 八狗神伏姫様
4,361,em-69c72b6c10d2,紳士なトーマスん,12,765,835,3,attribute_change,0.3431,0.625,99,1,8,いいえ,タキシラ師匠 / カルボ姉（ねえ） / サルパちゃん / 紳士なトーマスん / 八狗神伏姫様
4,362,em-e795d2bbe2f0,北政所ねね様,60,5623,4601,3,attribute_guard,0.343,0.5,99,1,7,いいえ,青玉の供犠ぴよ子 / カルボ姉（ねえ） / 愛のぴよ子 / 北政所ねね様 / 旧市街地の魔物
4,363,em-14d31235a3f8,かっちゃんのBIG強飯,48,3067,4601,4,attack_buff,0.3429,0.4931,94,6,8,いいえ,日本海女中 / カルボ姉（ねえ） / 試作型おこしん / かっちゃんのBIG強飯 / ハリウッドナナコ師匠
4,364,em-c70398ce7406,讃岐・S.K.O.T神,9,2106,493,3,heal,0.3427,0.5486,95,5,8,いいえ,ハリウッドナナコ師匠 / カルボ姉（ねえ） / サルパちゃん / 讃岐・S.K.O.T神 / 八狗神伏姫様
4,365,em-82e855b7910f,栗林掬太郎,33,5453,2385,4,heal,0.3427,0.5417,89,11,8,いいえ,????? / カルボ姉（ねえ） / すわ子isGOD！ / 栗林掬太郎 / ハリウッドナナコ師匠
4,366,em-489782f8e31c,愛のぴよ子,7,1631,1993,3,heal,0.3424,0.5139,100,0,8,いいえ,????? / 夏至祭のヴァサクサ君 / サルパちゃん / 愛のぴよ子 / 御嶽さん
4,367,em-24b5b550f587,ジョロウグモ,10,937,2113,3,damage_reduction,0.342,0.5764,92,8,8,いいえ,こうせえっつう女中 / えかちぇたん / 試作型おこしん / ジョロウグモ / 御嶽さん
4,368,em-0dca19ae5992,降臨！天草トッキー,43,4260,5964,4,attack_buff,0.3418,0.5139,100,0,7,いいえ,日本海女中 / 北間・クラリス嬢 / ????? / 降臨！天草トッキー / 聖えぇじゃないか
4,369,em-75c1af17d152,浴衣美人な日女路嬢,38,5623,3748,3,heal,0.3417,0.5347,100,0,8,いいえ,(Ｕ^ω^)亭馬琴 / カルボ姉（ねえ） / 愛のぴよ子 / 浴衣美人な日女路嬢 / 聖えぇじゃないか
4,370,em-d80a2b82ab9f,ブーナッドちゃん,8,1200,200,3,heal,0.3405,0.6181,94,6,8,いいえ,ハリウッドナナコ師匠 / カルボ姉（ねえ） / サルパちゃん / ブーナッドちゃん / 八狗神伏姫様
4,371,em-922ebe667c19,けねず先輩,12,800,800,4,damage_reduction,0.3405,0.6181,99,1,8,いいえ,タキシラ師匠 / カルボ姉（ねえ） / サルパちゃん / けねず先輩 / 八狗神伏姫様
4,372,em-4586795c80d9,スノーガイ,7,1500,300,4,attack_buff,0.3404,0.5625,97,3,8,いいえ,有砂小町 / 北間・クラリス嬢 / 試作型おこしん / スノーガイ / 御嶽さん
4,373,em-fa48dd1cff0a,祭りだ浅ちゃん！,7,800,1603,4,attack_buff,0.3404,0.5486,89,11,8,いいえ,ダリア・宮子・9 / カルボ姉（ねえ） / トリニダの怪人 / 祭りだ浅ちゃん！ / 実はこんにゃくちゃん
4,374,em-e49404c0e4be,?????,43,5350,2712,3,attack_buff,0.3402,0.4792,90,10,8,いいえ,ハリウッドナナコ師匠 / 北間・クラリス嬢 / ????? / ????? / 聖えぇじゃないか
4,375,em-c573b4be1553,ｷﾞｶﾞももたろす,12,1300,1300,3,attribute_change,0.3397,0.5972,99,1,8,いいえ,タキシラ師匠 / カルボ姉（ねえ） / サルパちゃん / ｷﾞｶﾞももたろす / 八狗神伏姫様
4,376,em-5793db0a4078,リンゴール伯爵,5,700,600,4,delay,0.3396,0.5417,99,1,8,いいえ,タキシラ師匠 / えかちぇたん / サルパちゃん / リンゴール伯爵 / 八狗神伏姫様
4,377,em-4efe36123302,輝け☆椛マン！,35,4260,3408,3,heal,0.3395,0.5347,100,0,8,いいえ,ダリア・宮子・9 / ペーチパイセン / トキシッくんｵｯｽｵｯｽ / 輝け☆椛マン！ / ウシュか☆丸か
4,378,em-1b8d4b845182,キャミーという女,8,600,800,4,heal,0.3391,0.6111,94,6,8,いいえ,ハリウッドナナコ師匠 / カルボ姉（ねえ） / サルパちゃん / キャミーという女 / 八狗神伏姫様
4,379,em-f86c4c085efd,メガネ系ほぬー類,12,700,600,4,skill_reduction,0.3391,0.5903,99,1,8,いいえ,タキシラ師匠 / カルボ姉（ねえ） / サルパちゃん / メガネ系ほぬー類 / 八狗神伏姫様
4,380,em-b08be1a4ca3f,中央アルプスの少女,6,500,300,3,damage_reduction,0.339,0.6111,93,7,8,いいえ,タキシラ師匠 / カルボ姉（ねえ） / サルパちゃん / 中央アルプスの少女 / 八狗神伏姫様
4,381,em-6b8007792f3c,因幡WAHHH!!,32,3578,4771,4,attack_buff,0.3384,0.5139,94,6,8,いいえ,ハリウッドナナコ師匠 / 北間・クラリス嬢 / ????? / 因幡WAHHH!! / 御嶽さん
4,382,em-41b8799b7505,まおーちゃん,50,3748,4941,3,revive,0.338,0.5486,96,4,7,いいえ,日本海女中 / カルボ姉（ねえ） / 試作型おこしん / まおーちゃん / ハリウッドナナコ師匠
4,383,em-5f5281ba5e2a,黄泉還り！反魂タン,9,1812,1963,3,revive,0.3379,0.5625,95,5,8,いいえ,ハリウッドナナコ師匠 / カルボ姉（ねえ） / サルパちゃん / 黄泉還り！反魂タン / 八狗神伏姫様
4,384,em-6f8dfc0a39eb,近すぎリオンさん,16,1000,1500,4,delay,0.3374,0.5139,100,0,8,いいえ,タキシラ師匠 / えかちぇたん / すわ子isGOD！ / 近すぎリオンさん / 八狗神伏姫様
4,385,em-f14da6dc7d26,チャイナさん,15,606,1876,4,attack_buff,0.3369,0.5833,96,4,8,いいえ,????? / カルボ姉（ねえ） / サルパちゃん / チャイナさん / シミ
4,386,em-ab565d3596f4,さんとくん先輩,10,1500,400,4,delay,0.3369,0.5833,97,3,8,いいえ,タキシラ師匠 / カルボ姉（ねえ） / サルパちゃん / さんとくん先輩 / 八狗神伏姫様
4,387,em-a058dba31969,月見だよ！叡智州利偉,10,1100,2002,4,attack_buff,0.3367,0.5486,92,8,8,いいえ,ダリア・宮子・9 / カルボ姉（ねえ） / トリニダの怪人 / 月見だよ！叡智州利偉 / 実はこんにゃくちゃん
4,388,em-20df4bd7efaf,白鷺嬢,8,800,420,3,heal,0.3365,0.6111,94,6,8,いいえ,ハリウッドナナコ師匠 / カルボ姉（ねえ） / サルパちゃん / 白鷺嬢 / 八狗神伏姫様
4,389,em-9bad632dc3a9,秋田世界発見伝,24,3838,845,4,guard,0.3362,0.4722,100,0,8,いいえ,日本海女中 / 時計塔の魔女娘 / トマティーナ少佐 / 秋田世界発見伝 / 巨大カンテツ
4,390,em-357d76cd5b69,のり男さん,5,424,356,3,attribute_guard,0.3361,0.5764,98,2,8,いいえ,ダリア・宮子・9 / カルボ姉（ねえ） / サルパちゃん / のり男さん / ハリウッドナナコ師匠
4,391,em-6fd11d4d3308,超天狗くまのたん,35,1704,7497,3,attack_buff,0.3359,0.4861,100,0,8,いいえ,????? / えかちぇたん / トマティーナ少佐 / 超天狗くまのたん / 実はこんにゃくちゃん
4,392,em-a5d6506eec58,瓜だね女中,15,3220,1610,4,heal,0.3356,0.5069,99,1,8,いいえ,(Ｕ^ω^)亭馬琴 / えかちぇたん / 愛のぴよ子 / 瓜だね女中 / 御嶽さん
4,393,em-08381d79cfef,大森銀さん,5,1300,150,4,damage_reduction,0.3354,0.5625,98,2,8,いいえ,ダリア・宮子・9 / カルボ姉（ねえ） / サルパちゃん / 大森銀さん / ハリウッドナナコ師匠
4,394,em-ae6ea6bc1914,ズースくん,3,500,400,4,attack_buff,0.3353,0.5625,93,7,8,いいえ,有砂小町 / 北間・クラリス嬢 / 試作型おこしん / ズースくん / 御嶽さん
4,395,em-a94a52532d71,あまのちゃん先輩,20,1200,500,3,multi_hit_attack,0.3352,0.5139,95,5,8,いいえ,有砂小町 / 北間・クララさん / トマティーナ少佐 / あまのちゃん先輩 / 実はこんにゃくちゃん
4,396,em-df4f003ab94e,熱いマッキニキ,11,1100,600,3,damage_reduction,0.3351,0.5694,98,2,8,いいえ,タキシラ師匠 / カルボ姉（ねえ） / サルパちゃん / 熱いマッキニキ / 八狗神伏姫様
4,397,em-5d524aa44032,元祖・銘菓ぴよ子,8,605,625,4,multi_hit_attack,0.3349,0.5278,90,10,8,いいえ,ダリア・宮子・9 / カルボ姉（ねえ） / トリニダの怪人 / 元祖・銘菓ぴよ子 / 実はこんにゃくちゃん
4,398,em-e5c147f9dafc,異国のトーマスん,9,660,742,4,attribute_change,0.3348,0.6181,96,4,8,いいえ,タキシラ師匠 / カルボ姉（ねえ） / サルパちゃん / 異国のトーマスん / 八狗神伏姫様
4,399,em-11f22e87203d,骨喰　花蟲,60,2300,5708,4,revive,0.3345,0.5625,100,0,7,いいえ,青玉の供犠ぴよ子 / カルボ姉（ねえ） / 愛のぴよ子 / 骨喰　花蟲 / 実はこんにゃくちゃん
4,400,em-c89260e1ef3b,曲芸師・ブンブク,60,6305,2996,4,revive,0.3345,0.5556,100,0,7,いいえ,青玉の供犠ぴよ子 / カルボ姉（ねえ） / 愛のぴよ子 / 曲芸師・ブンブク / 実はこんにゃくちゃん
4,401,em-3803f94f5ae7,あろまちゃん,3,350,500,4,revive,0.3343,0.6042,87,13,8,いいえ,青玉の供犠ぴよ子 / えかちぇたん / すわ子isGOD！ / あろまちゃん / 八狗神伏姫様
4,402,em-9d861b51bd30,波乗りキング,18,776,2582,3,attack_buff,0.3343,0.5486,79,21,8,いいえ,タキシラ師匠 / カルボ姉（ねえ） / サルパちゃん / 波乗りキング / 実はこんにゃくちゃん
4,403,em-a74603ad2679,白虎,36,5112,3408,4,attack_buff,0.3341,0.5069,100,0,8,いいえ,????? / カルボ姉（ねえ） / イチャン～(から) / 白虎 / ウシュか☆丸か
4,404,em-6ed81c8341b0,萌やし紳士,8,308,898,4,attack_buff,0.3338,0.5694,100,0,8,いいえ,タキシラ師匠 / えかちぇたん / イチャン～(から) / 萌やし紳士 / 八狗神伏姫様
4,405,em-1290652c5171,萌やし博士,10,408,1212,4,attack_buff,0.3333,0.5625,100,0,8,いいえ,有砂小町 / 北間・クラリス嬢 / 試作型おこしん / 萌やし博士 / 御嶽さん
4,406,em-b827590fe52d,芹沢くん,7,500,500,4,guard,0.3329,0.5764,100,0,8,いいえ,ダリア・宮子・9 / カルボ姉（ねえ） / サルパちゃん / 芹沢くん / ハリウッドナナコ師匠
4,407,em-9999a53f68e1,牛タソ,5,500,50,3,guard,0.3328,0.5556,94,6,8,いいえ,日本海女中 / えかちぇたん / アウス大先輩 / 牛タソ / 御嶽さん
4,408,em-c9268ab25340,大森銀さま,10,1600,200,3,damage_reduction,0.3324,0.5347,94,6,8,いいえ,タキシラ師匠 / カルボ姉（ねえ） / サルパちゃん / 大森銀さま / 御嶽さん
4,409,em-31f11b9a8df8,ももとふFREEダム,40,3408,4260,3,heal,0.3324,0.5278,91,9,7,いいえ,日本海女中 / えかちぇたん / 試作型おこしん / ももとふFREEダム / 大森さん
4,410,em-865f442bc56a,神魚！はたはタン,6,700,600,4,heal,0.3323,0.5694,89,11,8,いいえ,有砂小町 / カルボ姉（ねえ） / 試作型おこしん / 神魚！はたはタン / 聖えぇじゃないか
4,411,em-6cbfcc23cd10,発光大王ほたるーニャ,9,1057,1198,3,attribute_change,0.3322,0.5556,96,4,8,いいえ,タキシラ師匠 / カルボ姉（ねえ） / サルパちゃん / 発光大王ほたるーニャ / 八狗神伏姫様
4,412,em-0481f6c14fd9,関先輩,7,475,475,4,guard,0.3319,0.5764,100,0,8,いいえ,ダリア・宮子・9 / カルボ姉（ねえ） / サルパちゃん / 関先輩 / ハリウッドナナコ師匠
4,413,em-eaad577a957c,関さん,5,390,390,4,guard,0.3317,0.5764,98,2,8,いいえ,ダリア・宮子・9 / カルボ姉（ねえ） / サルパちゃん / 関さん / ハリウッドナナコ師匠
4,414,em-a5c7dcdde3ff,水島神人発見される,10,900,400,4,guard,0.3312,0.5625,78,22,8,いいえ,日本海女中 / えかちぇたん / 試作型おこしん / 水島神人発見される / シミ
4,415,em-84d3175a9388,コン勝神☆くー様,48,3809,7024,4,attack_buff,0.331,0.4931,94,6,8,いいえ,日本海女中 / カルボ姉（ねえ） / 試作型おこしん / コン勝神☆くー様 / ハリウッドナナコ師匠
4,416,em-26ea85de7340,のり男先輩,7,534,446,3,attribute_guard,0.3307,0.5625,100,0,8,いいえ,ダリア・宮子・9 / カルボ姉（ねえ） / サルパちゃん / のり男先輩 / ハリウッドナナコ師匠
4,417,em-6193e7af4d97,がうがうは考える,44,1704,5964,3,damage_reduction,0.3307,0.5208,99,1,7,いいえ,青玉の供犠ぴよ子 / えかちぇたん / 愛のぴよ子 / がうがうは考える / 聖えぇじゃないか
4,418,em-a0601347b042,グラーツ君,36,2896,5282,3,attack_buff,0.3305,0.4722,100,0,8,いいえ,????? / えかちぇたん / トマティーナ少佐 / グラーツ君 / おこしんMK-2
4,419,em-b9ee6ac8db32,爆走！えるたそ,13,2114,1661,4,attack_buff,0.3299,0.5625,91,9,8,いいえ,????? / えかちぇたん / すわ子isGOD！ / 爆走！えるたそ / シミ
4,420,em-20d0672eefa5,実際かにろう,8,1269,987,4,delay,0.3299,0.5069,100,0,8,いいえ,ダリア・宮子・9 / えかちぇたん / 試作型おこしん / 実際かにろう / 聖えぇじゃないか
4,421,em-4dec28ac375f,いやひこさん,13,800,500,3,delay,0.3292,0.5833,100,0,8,いいえ,タキシラ師匠 / カルボ姉（ねえ） / サルパちゃん / いやひこさん / 八狗神伏姫様
4,422,em-7941e8376c00,堕楽・ぴよボロス,46,756,7572,4,attack_buff,0.329,0.4931,97,3,7,いいえ,ハリウッドナナコ師匠 / カルボ姉（ねえ） / 試作型おこしん / 堕楽・ぴよボロス / シミ
4,423,em-b50530766df4,夏の妖精白良さん,19,1699,1699,4,attack_buff,0.3289,0.5347,99,1,8,いいえ,ダリア・宮子・9 / えかちぇたん / 試作型おこしん / 夏の妖精白良さん / ハリウッドナナコ師匠
4,424,em-1fcf0af60c7a,老舗の牛タソ,14,1000,150,3,guard,0.3287,0.5347,99,1,7,いいえ,有砂小町 / 北間・クラリス嬢 / すわ子isGOD！ / 老舗の牛タソ / 聖えぇじゃないか
4,425,em-0985c7675d5c,みかん姐さん,13,1100,600,4,aoe_attack,0.3284,0.5764,91,9,8,いいえ,ハリウッドナナコ師匠 / 北間・クラリス嬢 / すわ子isGOD！ / みかん姐さん / ラパヌイ先生
4,426,em-9ffce070b31f,レモなんとかさん,40,5793,2215,3,revive,0.3283,0.5486,95,5,7,いいえ,ハリウッドナナコ師匠 / カルボ姉（ねえ） / ????? / レモなんとかさん / 聖えぇじゃないか
4,427,em-f9ca1348e6ed,斎王代「鵺」,48,6884,3748,3,attribute_change,0.3282,0.5069,100,0,8,いいえ,????? / カルボ姉（ねえ） / 愛のぴよ子 / 斎王代「鵺」 / 伝説のWoo怪
4,428,em-fd76872dafaf,くまのたん,8,300,920,3,attack_buff,0.328,0.5486,100,0,8,いいえ,タキシラ師匠 / えかちぇたん / イチャン～(から) / くまのたん / 八狗神伏姫様
4,429,em-48b5d909c409,南紀な白良さん,15,800,800,4,attack_buff,0.3279,0.5694,96,4,8,いいえ,????? / カルボ姉（ねえ） / サルパちゃん / 南紀な白良さん / シミ
4,430,em-78785b8bf619,企業だ浅ちゃん！,42,1192,7327,4,attack_buff,0.3278,0.4931,86,14,7,いいえ,日本海女中 / カルボ姉（ねえ） / 試作型おこしん / 企業だ浅ちゃん！ / 大森さん
4,431,em-15545bc62fe7,幽霊烏賊図,60,3408,4260,3,revive,0.3269,0.5556,100,0,7,いいえ,青玉の供犠ぴよ子 / カルボ姉（ねえ） / 愛のぴよ子 / 幽霊烏賊図 / 実はこんにゃくちゃん
4,432,em-950c6a19b78f,竹輪総理,6,250,1100,3,attack_buff,0.3267,0.5347,100,0,8,いいえ,タキシラ師匠 / えかちぇたん / サルパちゃん / 竹輪総理 / 八狗神伏姫様
4,433,em-fb6292300fc0,妖怪おたべ,5,525,455,4,delay,0.3263,0.5486,99,1,8,いいえ,タキシラ師匠 / えかちぇたん / サルパちゃん / 妖怪おたべ / 八狗神伏姫様
4,434,em-199bdad6398b,なるティス,12,1000,900,3,attack_buff,0.326,0.5556,94,6,8,いいえ,ダリア・宮子・9 / カルボ姉（ねえ） / トリニダの怪人 / なるティス / 実はこんにゃくちゃん
4,435,em-db7ee0abcada,ＫＲ２ジョーの戦い,30,2385,4601,3,damage_reduction,0.3253,0.5208,100,0,8,いいえ,青玉の供犠ぴよ子 / えかちぇたん / 愛のぴよ子 / ＫＲ２ジョーの戦い / 御嶽さん
4,436,em-2d076c59c4b7,わんこーラスそば,6,600,700,3,heal,0.3251,0.5486,89,11,8,いいえ,有砂小町 / カルボ姉（ねえ） / 試作型おこしん / わんこーラスそば / 聖えぇじゃないか
4,437,em-7b2daf42204c,モモトじゃねーの?,14,1400,1600,3,heal,0.325,0.5556,100,0,8,いいえ,ハリウッドナナコ師匠 / カルボ姉（ねえ） / サルパちゃん / モモトじゃねーの? / 八狗神伏姫様
4,438,em-41ff91d7d090,有馬スター,9,1159,1244,4,heal,0.3242,0.5625,95,5,8,いいえ,ハリウッドナナコ師匠 / カルボ姉（ねえ） / サルパちゃん / 有馬スター / 八狗神伏姫様
4,439,em-bf7beec08736,いやひこちゃん,10,700,400,4,delay,0.3238,0.5833,97,3,8,いいえ,タキシラ師匠 / カルボ姉（ねえ） / サルパちゃん / いやひこちゃん / 八狗神伏姫様
4,440,em-de36aab296aa,月下皇帝ランたん様,50,3150,5367,3,revive,0.3238,0.5417,96,4,7,いいえ,日本海女中 / カルボ姉（ねえ） / 試作型おこしん / 月下皇帝ランたん様 / ハリウッドナナコ師匠
4,441,em-1287aab83f7d,驚愕！深海のあん子,5,400,400,4,heal,0.3234,0.5903,89,11,8,いいえ,青玉の供犠ぴよ子 / えかちぇたん / すわ子isGOD！ / 驚愕！深海のあん子 / 八狗神伏姫様
4,442,em-7c5fdd7af70d,覚醒むりょく,6,198,89,3,multi_hit_attack,0.3228,0.5903,96,4,8,いいえ,有砂小町 / 北間・クラリス嬢 / 試作型おこしん / 覚醒むりょく / 御嶽さん
4,443,em-564e1dfe9c75,コニーちゃん,3,300,300,4,damage_reduction,0.3228,0.5903,100,0,8,いいえ,有砂小町 / カルボ姉（ねえ） / 愛のぴよ子 / コニーちゃん / 御嶽さん
4,444,em-a3fc429e3d74,にくぁうさま,15,606,1876,4,attack_buff,0.3228,0.5833,96,4,8,いいえ,????? / カルボ姉（ねえ） / サルパちゃん / にくぁうさま / シミ
4,445,em-99ad2fb4f1bc,いはとくん,8,580,640,3,delay,0.3222,0.5208,100,0,8,いいえ,ダリア・宮子・9 / えかちぇたん / 試作型おこしん / いはとくん / 聖えぇじゃないか
4,446,em-25fed9fde1ce,かっさーWoo！,16,1131,2403,4,attack_buff,0.3219,0.5139,96,4,8,いいえ,ダリア・宮子・9 / えかちぇたん / 試作型おこしん / かっさーWoo！ / ハリウッドナナコ師匠
4,447,em-64f8ad5111a6,マッキニキ,9,1000,500,4,damage_reduction,0.3216,0.5694,96,4,8,いいえ,タキシラ師匠 / カルボ姉（ねえ） / サルパちゃん / マッキニキ / 八狗神伏姫様
4,448,em-8cdef0bc7893,戸隠ちび太夫,11,150,1200,3,attack_buff,0.3212,0.5625,93,7,8,いいえ,ダリア・宮子・9 / カルボ姉（ねえ） / トリニダの怪人 / 戸隠ちび太夫 / 実はこんにゃくちゃん
4,449,em-8561e29b5d2e,まんまんちゃん,12,1524,1682,3,attack_buff,0.3212,0.5278,92,8,8,いいえ,ダリア・宮子・9 / えかちぇたん / 試作型おこしん / まんまんちゃん / ハリウッドナナコ師匠
4,450,em-ce7e2e4f30af,らん坊,8,580,626,4,skill_reduction,0.3212,0.5208,100,0,8,いいえ,ダリア・宮子・9 / えかちぇたん / 試作型おこしん / らん坊 / 聖えぇじゃないか
4,451,em-337e85c2cd90,ユーコ☆スターダスト,60,6053,4354,4,revive,0.3211,0.5347,100,0,7,いいえ,青玉の供犠ぴよ子 / カルボ姉（ねえ） / 愛のぴよ子 / ユーコ☆スターダスト / 実はこんにゃくちゃん
4,452,em-7affb78d3b91,渇求するネギの果て,10,754,754,4,guard,0.3208,0.5625,78,22,8,いいえ,日本海女中 / えかちぇたん / 試作型おこしん / 渇求するネギの果て / シミ
4,453,em-75066f4bfd55,くーにょん,6,600,700,4,attack_buff,0.3206,0.5417,88,12,8,いいえ,ダリア・宮子・9 / カルボ姉（ねえ） / トリニダの怪人 / くーにょん / 実はこんにゃくちゃん
4,454,em-6145c94ca696,ｽﾌﾟﾗ♡な琵琶子たん,13,1213,1190,3,damage_reduction,0.3204,0.5625,96,4,7,いいえ,ダリア・宮子・9 / カルボ姉（ねえ） / すわ子isGOD！ / ｽﾌﾟﾗ♡な琵琶子たん / ハリウッドナナコ師匠
4,455,em-ebd6f9bf2bee,中野華蓮(日本人),17,1516,3638,4,attack_buff,0.3203,0.5208,97,3,8,いいえ,ダリア・宮子・9 / えかちぇたん / 試作型おこしん / 中野華蓮(日本人) / ハリウッドナナコ師匠
4,456,em-0c931777e175,関くん,4,305,307,4,guard,0.3199,0.5625,97,3,8,いいえ,ダリア・宮子・9 / カルボ姉（ねえ） / サルパちゃん / 関くん / ハリウッドナナコ師匠
4,457,em-0da991c52dd4,ギャリーくん,5,400,400,3,damage_reduction,0.3195,0.5764,98,2,8,いいえ,ダリア・宮子・9 / カルボ姉（ねえ） / サルパちゃん / ギャリーくん / ハリウッドナナコ師匠
4,458,em-1a5f7bc3661b,萌やし男子,7,300,700,4,attack_buff,0.3194,0.5625,89,11,8,いいえ,ダリア・宮子・9 / カルボ姉（ねえ） / トリニダの怪人 / 萌やし男子 / 実はこんにゃくちゃん
4,459,em-f6360fa6b0ca,伝統のうるっしー,16,1800,600,4,guard,0.3194,0.5347,88,12,7,いいえ,青玉の供犠ぴよ子 / カルボ姉（ねえ） / サルパちゃん / 伝統のうるっしー / シミ
4,460,em-47063c22130f,わんこースそば,4,300,400,3,heal,0.3192,0.5625,88,12,8,いいえ,青玉の供犠ぴよ子 / えかちぇたん / すわ子isGOD！ / わんこースそば / 八狗神伏姫様
4,461,em-5d34c0af44dd,白兎神★ばうあー,72,3878,5487,3,skill_reduction,0.3191,0.3542,99,1,7,いいえ,タキシラ師匠 / 北間・クラリス嬢 / 試作型おこしん / 白兎神★ばうあー / 大森さん
4,462,em-08c36f307e1c,3年ε組！エレナ先生,38,4430,4260,3,attack_buff,0.319,0.5069,84,16,8,いいえ,日本海女中 / カルボ姉（ねえ） / 試作型おこしん / 3年ε組！エレナ先生 / ハリウッドナナコ師匠
4,463,em-6a50fe1ba475,青き春の酔竜,70,2556,7668,3,attack_buff,0.319,0.4167,99,1,7,いいえ,試作型おこしん / ペーチパイセン / 愛のぴよ子 / 青き春の酔竜 / ハリウッドナナコ師匠
4,464,em-6f9254f46753,うわマジカ,4,450,650,4,attribute_guard,0.3189,0.5556,97,3,8,いいえ,ダリア・宮子・9 / カルボ姉（ねえ） / サルパちゃん / うわマジカ / ハリウッドナナコ師匠
4,465,em-3ff69ed35fe7,wiーん・ザ・ウルフ,19,2898,2898,4,attribute_change,0.3186,0.5347,99,1,8,いいえ,ダリア・宮子・9 / カルボ姉（ねえ） / ????? / wiーん・ザ・ウルフ / ハリウッドナナコ師匠
4,466,em-40f4824b1c65,芋煮千十郎,9,1901,502,4,multi_hit_attack,0.3184,0.5417,91,9,8,いいえ,ダリア・宮子・9 / カルボ姉（ねえ） / トリニダの怪人 / 芋煮千十郎 / 実はこんにゃくちゃん
4,467,em-b09b44b6b259,くだにょん,13,1128,1269,4,attack_buff,0.318,0.5208,94,6,8,いいえ,ダリア・宮子・9 / 試作型おこしん / すわ子isGOD！ / くだにょん / 端午ぴよ子
4,468,em-428a2893945d,雪愛ちゃん,8,590,630,3,attribute_change,0.3178,0.5833,100,0,8,いいえ,ダリア・宮子・9 / えかちぇたん / 試作型おこしん / 雪愛ちゃん / 聖えぇじゃないか
4,469,em-674bf61c8b00,海賊衆かっさーのん,6,600,700,4,attack_buff,0.3178,0.5556,88,12,8,いいえ,ダリア・宮子・9 / カルボ姉（ねえ） / トリニダの怪人 / 海賊衆かっさーのん / 実はこんにゃくちゃん
4,470,em-7f906b3752a5,華麗なびわ子たん,10,1213,1190,3,damage_reduction,0.3176,0.5486,100,0,8,いいえ,ダリア・宮子・9 / えかちぇたん / すわ子isGOD！ / 華麗なびわ子たん / ハリウッドナナコ師匠
4,471,em-0ccc51b405ca,初代畳リーゼント,13,1045,2258,4,attack_buff,0.3175,0.5208,93,7,8,いいえ,ダリア・宮子・9 / えかちぇたん / 試作型おこしん / 初代畳リーゼント / ハリウッドナナコ師匠
4,472,em-ad0fa41f1980,輝け！叡智通,12,1102,1300,4,attack_buff,0.3172,0.5486,94,6,8,いいえ,ダリア・宮子・9 / カルボ姉（ねえ） / トリニダの怪人 / 輝け！叡智通 / 実はこんにゃくちゃん
4,473,em-e275020a88a0,あん子ちゃん,4,289,300,4,heal,0.3171,0.5903,88,12,8,いいえ,青玉の供犠ぴよ子 / えかちぇたん / すわ子isGOD！ / あん子ちゃん / 八狗神伏姫様
4,474,em-1555cadff0cf,おぅぼっと,6,800,300,4,damage_reduction,0.317,0.5486,99,1,8,いいえ,ダリア・宮子・9 / カルボ姉（ねえ） / サルパちゃん / おぅぼっと / ハリウッドナナコ師匠
4,475,em-68c24ce7bf95,女帝！カるたーニャ,40,3408,3408,4,attack_buff,0.3168,0.5069,98,2,8,いいえ,ハリウッドナナコ師匠 / カルボ姉（ねえ） / ????? / 女帝！カるたーニャ / シミ
4,476,em-d111f497df0f,湘南大水曜日ボーイ,40,2044,5623,4,attack_buff,0.3167,0.5,86,14,8,いいえ,日本海女中 / カルボ姉（ねえ） / 試作型おこしん / 湘南大水曜日ボーイ / ハリウッドナナコ師匠
4,477,em-4e24a668056b,やよいチゥりっぷ,6,900,100,4,attribute_change,0.3165,0.5694,100,0,8,いいえ,タキシラ師匠 / えかちぇたん / サルパちゃん / やよいチゥりっぷ / 八狗神伏姫様
4,478,em-d05fca3e00df,ほたるん,6,700,1000,3,attribute_change,0.3161,0.5556,87,13,8,いいえ,ダリア・宮子・9 / カルボ姉（ねえ） / 試作型おこしん / ほたるん / 端午ぴよ子
4,479,em-7fdcbcbf0ae4,ももとふさん,12,1000,1200,3,heal,0.3158,0.5556,98,2,8,いいえ,ハリウッドナナコ師匠 / カルボ姉（ねえ） / サルパちゃん / ももとふさん / 八狗神伏姫様
4,480,em-b4a2096551c5,金閣明日香,15,1201,1343,4,revive,0.3152,0.5556,98,2,8,いいえ,ハリウッドナナコ師匠 / えかちぇたん / すわ子isGOD！ / 金閣明日香 / 八狗神伏姫様
4,481,em-81fec3e48762,怪人おたべ,4,415,365,4,delay,0.3149,0.5417,98,2,8,いいえ,タキシラ師匠 / えかちぇたん / サルパちゃん / 怪人おたべ / 八狗神伏姫様
4,482,em-ebf10919d982,ミラクル凜子,8,700,704,4,attack_buff,0.3148,0.5486,98,2,8,いいえ,有砂小町 / 北間・クラリス嬢 / 試作型おこしん / ミラクル凜子 / 御嶽さん
4,483,em-1d206f58d0b7,マッキ,6,600,300,4,damage_reduction,0.3147,0.5694,99,1,8,いいえ,ダリア・宮子・9 / カルボ姉（ねえ） / サルパちゃん / マッキ / ハリウッドナナコ師匠
4,484,em-6c1c64d0e4ed,七夕ぴよ子,7,1104,1104,3,revive,0.3147,0.5417,100,0,8,いいえ,ハリウッドナナコ師匠 / えかちぇたん / サルパちゃん / 七夕ぴよ子 / 八狗神伏姫様
4,485,em-83399e4df86b,必罰のエルフ,18,2093,3281,4,attack_buff,0.3147,0.5069,89,11,8,いいえ,有砂小町 / 北間・クラリス嬢 / 試作型おこしん / 必罰のエルフ / 端午ぴよ子
4,486,em-484d995e3adb,くノ一！ヴォたん,9,700,700,4,guard,0.3146,0.5278,100,0,8,いいえ,有砂小町 / 北間・クラリス嬢 / サルパちゃん / くノ一！ヴォたん / 端午ぴよ子
4,487,em-8c598f1908e7,ももとふちゃん,8,800,1000,3,heal,0.3144,0.5556,94,6,8,いいえ,ハリウッドナナコ師匠 / カルボ姉（ねえ） / サルパちゃん / ももとふちゃん / 八狗神伏姫様
4,488,em-900d96f0b1d7,修験くまのたん,12,400,1200,3,attack_buff,0.3143,0.5278,94,6,8,いいえ,ダリア・宮子・9 / カルボ姉（ねえ） / トリニダの怪人 / 修験くまのたん / 実はこんにゃくちゃん
4,489,em-10adad665687,コマンドー下仁田,13,597,614,3,guard,0.3142,0.5417,85,15,7,いいえ,青玉の供犠ぴよ子 / カルボ姉（ねえ） / サルパちゃん / コマンドー下仁田 / シミ
4,490,em-0051409a8e1f,芹沢さん,8,604,597,4,guard,0.3141,0.5278,99,1,8,いいえ,有砂小町 / 北間・クラリス嬢 / サルパちゃん / 芹沢さん / 端午ぴよ子
4,491,em-091b1c77c643,戸隠ちび蔵,6,150,950,3,attack_buff,0.3139,0.5556,88,12,8,いいえ,ダリア・宮子・9 / カルボ姉（ねえ） / トリニダの怪人 / 戸隠ちび蔵 / 実はこんにゃくちゃん
4,492,em-6a28c73fe6b3,はーい竜馬,8,900,900,3,attack_buff,0.3139,0.5347,100,0,8,いいえ,タキシラ師匠 / えかちぇたん / イチャン～(から) / はーい竜馬 / 八狗神伏姫様
4,493,em-b90efc9e636b,婆娑羅でどーよ,18,1046,4105,4,attack_buff,0.3133,0.5278,96,4,8,いいえ,タキシラ師匠 / カルボ姉（ねえ） / トランシルヴァニア家族 / 婆娑羅でどーよ / 実はこんにゃくちゃん
4,494,em-c5623c38fcb8,反魂タン,5,500,600,4,revive,0.3126,0.5764,89,11,8,いいえ,青玉の供犠ぴよ子 / えかちぇたん / すわ子isGOD！ / 反魂タン / 八狗神伏姫様
4,495,em-595b1ebc9a59,戦え！ブルりん,16,1400,1600,4,damage_reduction,0.3126,0.5486,88,12,7,いいえ,青玉の供犠ぴよ子 / カルボ姉（ねえ） / サルパちゃん / 戦え！ブルりん / シミ
4,496,em-900c465878ea,たたらん先生,12,800,600,3,attack_buff,0.3124,0.5347,94,6,8,いいえ,ダリア・宮子・9 / カルボ姉（ねえ） / トリニダの怪人 / たたらん先生 / 実はこんにゃくちゃん
4,497,em-3ea6ac9a0933,オリバーWITHソー,8,400,800,3,attack_buff,0.3124,0.5278,98,2,8,いいえ,有砂小町 / 北間・クラリス嬢 / 試作型おこしん / オリバーWITHソー / 御嶽さん
4,498,em-a48bcdd76e03,サーファー岡田,15,419,1298,4,attack_buff,0.3121,0.5556,90,10,8,いいえ,有砂小町 / 北間・クラリス嬢 / トマティーナ少佐 / サーファー岡田 / 実はこんにゃくちゃん
4,499,em-da4562cd6142,プレーン下仁田,10,500,500,4,guard,0.3118,0.5625,78,22,8,いいえ,日本海女中 / えかちぇたん / 試作型おこしん / プレーン下仁田 / シミ
4,500,em-86b8f3a86278,レボリューション凜子,10,800,800,4,attack_buff,0.3109,0.5347,100,0,8,いいえ,有砂小町 / 北間・クラリス嬢 / 試作型おこしん / レボリューション凜子 / 御嶽さん
4,501,em-9a3bd85e00a2,よりりん,8,605,615,4,attribute_change,0.3104,0.5486,100,0,8,いいえ,ダリア・宮子・9 / えかちぇたん / 試作型おこしん / よりりん / 聖えぇじゃないか
4,502,em-377c63de8d80,極・S.K.O.Tちゃん,6,1150,300,4,heal,0.3104,0.5347,94,6,8,いいえ,有砂小町 / カルボ姉（ねえ） / ɚすぃとあろま？ / 極・S.K.O.Tちゃん / 美才能♪かの子さん
4,503,em-7d756ba8373e,謹賀新年のびゃこ,47,2300,6219,4,attack_buff,0.3102,0.4792,91,9,7,いいえ,日本海女中 / カルボ姉（ねえ） / 試作型おこしん / 謹賀新年のびゃこ / 大森さん
4,504,em-1a814a6b20cf,未来のモア蔵,5,920,160,4,guard,0.3099,0.5486,98,2,8,いいえ,ダリア・宮子・9 / カルボ姉（ねえ） / サルパちゃん / 未来のモア蔵 / ハリウッドナナコ師匠
4,505,em-53084d488de2,川越ザ・サード,15,666,1607,4,attack_buff,0.3098,0.5625,96,4,8,いいえ,????? / カルボ姉（ねえ） / サルパちゃん / 川越ザ・サード / シミ
4,506,em-e36d35de9441,青谷やよい,42,3578,3374,4,damage_reduction,0.3097,0.5,99,1,7,いいえ,タキシラ師匠 / カルボ姉（ねえ） / サルパちゃん / 青谷やよい / ハリウッドナナコ師匠
4,507,em-ba09169b5b3d,あまのちゃん,12,300,200,4,multi_hit_attack,0.3094,0.5556,94,6,8,いいえ,ダリア・宮子・9 / カルボ姉（ねえ） / トリニダの怪人 / あまのちゃん / 実はこんにゃくちゃん
4,508,em-737815742386,タオるんさん先輩,12,800,1000,3,attribute_guard,0.3091,0.5347,97,3,8,いいえ,有砂小町 / 北間・クラリス嬢 / すわ子isGOD！ / タオるんさん先輩 / 聖えぇじゃないか
4,509,em-71820072d6c5,松浦凜子,6,603,603,4,attack_buff,0.309,0.5486,96,4,8,いいえ,有砂小町 / 北間・クラリス嬢 / 試作型おこしん / 松浦凜子 / 御嶽さん
4,510,em-c4c0bb3e4292,あっぴーちゃん,3,600,300,3,heal,0.3087,0.5486,87,13,8,いいえ,青玉の供犠ぴよ子 / えかちぇたん / すわ子isGOD！ / あっぴーちゃん / 八狗神伏姫様
4,511,em-2d728f34a59e,へーい竜馬,14,1500,1500,3,attack_buff,0.3085,0.5,94,6,8,いいえ,ダリア・宮子・9 / えかちぇたん / 試作型おこしん / へーい竜馬 / ハリウッドナナコ師匠
4,512,em-c8baf5b3e504,斑鳩の太子くん,36,4260,2896,4,heal,0.3083,0.5069,82,18,8,いいえ,日本海女中 / カルボ姉（ねえ） / 試作型おこしん / 斑鳩の太子くん / ハリウッドナナコ師匠
4,513,em-dbd545e946e6,嫁劇！くーにゃん,40,2556,6816,4,attack_buff,0.3081,0.4931,86,14,8,いいえ,日本海女中 / カルボ姉（ねえ） / 試作型おこしん / 嫁劇！くーにゃん / ハリウッドナナコ師匠
4,514,em-dce9e83b7c07,長靴履いたなろう猫,42,3786,2726,3,attribute_change,0.3081,0.4514,99,1,8,いいえ,????? / カルボ姉（ねえ） / 愛のぴよ子 / 長靴履いたなろう猫 / 聖えぇじゃないか
4,515,em-d3961c13041f,光るぜ！よりりん,15,1200,1200,3,attribute_change,0.3079,0.5069,99,1,8,いいえ,タキシラ師匠 / えかちぇたん / すわ子isGOD！ / 光るぜ！よりりん / 八狗神伏姫様
4,516,em-0a88e828f44f,あずま京子,7,500,500,4,damage_reduction,0.3076,0.5764,100,0,8,いいえ,ダリア・宮子・9 / カルボ姉（ねえ） / サルパちゃん / あずま京子 / ハリウッドナナコ師匠
4,517,em-5a3daf6cbf77,白良さん,8,600,605,4,attack_buff,0.3075,0.5556,100,0,8,いいえ,タキシラ師匠 / えかちぇたん / イチャン～(から) / 白良さん / 八狗神伏姫様
4,518,em-eece08d90093,罠なくトロイ先輩,18,4830,16,4,multi_hit_attack,0.3073,0.5417,98,2,8,いいえ,ダリア・宮子・9 / カルボ姉（ねえ） / ????? / 罠なくトロイ先輩 / ハリウッドナナコ師匠
4,519,em-594f4648caff,金閣鹿苑大先生,7,1201,1201,4,revive,0.3073,0.5347,100,0,8,いいえ,ハリウッドナナコ師匠 / えかちぇたん / サルパちゃん / 金閣鹿苑大先生 / 八狗神伏姫様
4,520,em-8a7e4284ba4a,あっぴーさん,5,800,350,3,heal,0.3072,0.5486,89,11,8,いいえ,青玉の供犠ぴよ子 / えかちぇたん / すわ子isGOD！ / あっぴーさん / 八狗神伏姫様
4,521,em-62efa937d743,素敵なびわ子たん,7,500,480,4,damage_reduction,0.3071,0.5764,100,0,8,いいえ,ダリア・宮子・9 / カルボ姉（ねえ） / サルパちゃん / 素敵なびわ子たん / ハリウッドナナコ師匠
4,522,em-9da039c08ead,キャミー先生,6,500,600,4,heal,0.3071,0.5625,89,11,8,いいえ,有砂小町 / カルボ姉（ねえ） / 試作型おこしん / キャミー先生 / 聖えぇじゃないか
4,523,em-698af6462642,反魂タン昼食TIME,32,3067,5623,4,attack_buff,0.3071,0.5069,100,0,8,いいえ,ダリア・宮子・9 / ペーチパイセン / ɚすぃとあろま？ / 反魂タン昼食TIME / ハリウッドナナコ師匠
4,524,em-198e928f6d0b,なるとマン,9,800,700,4,attack_buff,0.307,0.5486,99,1,8,いいえ,有砂小町 / 北間・クラリス嬢 / 試作型おこしん / なるとマン / 御嶽さん
4,525,em-0560ed78022d,見事にびわ子たん,5,400,400,4,damage_reduction,0.3069,0.5764,98,2,8,いいえ,ダリア・宮子・9 / カルボ姉（ねえ） / サルパちゃん / 見事にびわ子たん / ハリウッドナナコ師匠
4,526,em-38a5d43fe466,畳リーゼント先輩,8,393,812,4,attack_buff,0.3067,0.5556,100,0,8,いいえ,タキシラ師匠 / えかちぇたん / イチャン～(から) / 畳リーゼント先輩 / 八狗神伏姫様
4,527,em-6e472849dc37,ほーい竜馬,12,1100,1100,3,attack_buff,0.3062,0.5278,94,6,8,いいえ,ダリア・宮子・9 / カルボ姉（ねえ） / トリニダの怪人 / ほーい竜馬 / 実はこんにゃくちゃん
4,528,em-bbcbbb9fef0a,こっちの大谷,6,1000,100,3,damage_reduction,0.3059,0.5486,99,1,8,いいえ,ダリア・宮子・9 / カルボ姉（ねえ） / サルパちゃん / こっちの大谷 / ハリウッドナナコ師匠
4,529,em-8060e6a7ab61,戸隠ちび丸,4,150,700,3,attack_buff,0.3057,0.5486,100,0,8,いいえ,タキシラ師匠 / えかちぇたん / イチャン～(から) / 戸隠ちび丸 / バビるわバビル君。
4,530,em-da69b63392e4,手品師！エッシュさん,6,600,600,4,skill_reduction,0.3057,0.5208,100,0,8,いいえ,タキシラ師匠 / えかちぇたん / サルパちゃん / 手品師！エッシュさん / 八狗神伏姫様
4,531,em-4900e4471484,モア蔵,4,722,90,4,guard,0.3055,0.5486,97,3,8,いいえ,ダリア・宮子・9 / カルボ姉（ねえ） / サルパちゃん / モア蔵 / ハリウッドナナコ師匠
4,532,em-d6397e37a32d,三山くまのたん,17,500,1900,3,attack_buff,0.3053,0.5,97,3,8,いいえ,ダリア・宮子・9 / えかちぇたん / 試作型おこしん / 三山くまのたん / ハリウッドナナコ師匠
4,533,em-02e0499d8e24,朱雀,36,4430,4941,4,attack_buff,0.3051,0.5,100,0,8,いいえ,????? / カルボ姉（ねえ） / イチャン～(から) / 朱雀 / ウシュか☆丸か
4,534,em-f8e6761b2883,青龍,36,1704,6816,3,attack_buff,0.3048,0.4653,82,18,8,いいえ,日本海女中 / カルボ姉（ねえ） / 試作型おこしん / 青龍 / ウシュか☆丸か
4,535,em-409b16959eac,唸るぜ！よりりん,12,795,805,3,attribute_change,0.3045,0.5208,99,1,8,いいえ,タキシラ師匠 / カルボ姉（ねえ） / サルパちゃん / 唸るぜ！よりりん / 八狗神伏姫様
4,536,em-4d6fe3f2c9ae,くーさん,3,300,400,4,attack_buff,0.3038,0.5347,95,5,8,いいえ,タキシラ師匠 / えかちぇたん / イチャン～(から) / くーさん / 八狗神伏姫様
4,537,em-09c253fd0a61,オリバーTHEドッグ,5,200,500,3,attack_buff,0.3036,0.5486,93,7,8,いいえ,タキシラ師匠 / えかちぇたん / すわ子isGOD！ / オリバーTHEドッグ / バビるわバビル君。
4,538,em-8e8c7fbfac2a,おたべくん,3,315,287,4,delay,0.3036,0.5347,97,3,8,いいえ,タキシラ師匠 / えかちぇたん / サルパちゃん / おたべくん / 八狗神伏姫様
4,539,em-7a5536e43124,因幡WAHHH!!,31,3578,4771,4,attack_buff,0.3036,0.5069,94,6,8,いいえ,ダリア・宮子・9 / ペーチパイセン / トキシッくんｵｯｽｵｯｽ / 因幡WAHHH!! / 大森さん
4,540,em-59fa5fa098ba,繭神！おかいこさま,32,5027,1704,3,attribute_change,0.3035,0.4722,100,0,8,いいえ,ダリア・宮子・9 / ペーチパイセン / ɚすぃとあろま？ / 繭神！おかいこさま / ハリウッドナナコ師匠
4,541,em-5528cf768569,リンゴール男爵,4,400,300,4,delay,0.3033,0.5347,98,2,8,いいえ,タキシラ師匠 / えかちぇたん / サルパちゃん / リンゴール男爵 / 八狗神伏姫様
4,542,em-14092b64f08d,コハク糖の魔導師,46,4379,5367,3,attribute_change,0.3033,0.4444,99,1,8,いいえ,????? / カルボ姉（ねえ） / 愛のぴよ子 / コハク糖の魔導師 / 端午ぴよ子
4,543,em-18279a838450,白刃舞うは存亡の秋,70,6816,4260,4,attack_buff,0.3028,0.4236,99,1,7,いいえ,試作型おこしん / ペーチパイセン / 愛のぴよ子 / 白刃舞うは存亡の秋 / ハリウッドナナコ師匠
4,544,em-5a100f5215c1,オリバーTHEトイ,6,300,600,3,attack_buff,0.3027,0.5278,96,4,8,いいえ,有砂小町 / 北間・クラリス嬢 / 試作型おこしん / オリバーTHEトイ / 御嶽さん
4,545,em-2b3991ed5705,伝統の牛タソ,10,600,100,4,guard,0.3025,0.5417,78,22,8,いいえ,日本海女中 / えかちぇたん / 試作型おこしん / 伝統の牛タソ / シミ
4,546,em-e31de348c40b,湘南ボーイ,8,300,700,4,attack_buff,0.3023,0.5556,98,2,8,いいえ,有砂小町 / 北間・クラリス嬢 / 試作型おこしん / 湘南ボーイ / 御嶽さん
4,547,em-950b687b1f04,タオるん先輩,9,700,900,4,attribute_guard,0.3018,0.5347,100,0,8,いいえ,有砂小町 / 北間・クラリス嬢 / サルパちゃん / タオるん先輩 / 端午ぴよ子
4,548,em-e42e99273751,輪島のうるっしー,12,1200,500,4,guard,0.3018,0.5139,94,6,8,いいえ,有砂小町 / ペーチパイセン / すわ子isGOD！ / 輪島のうるっしー / 巨大カンテツ
4,549,em-98054d952da8,ニート達の日常。,21,2968,296,3,delay,0.3016,0.4931,82,18,8,いいえ,タキシラ師匠 / カルボ姉（ねえ） / サルパちゃん / ニート達の日常。 / 実はこんにゃくちゃん
4,550,em-12386dff9bd5,サリエリ許さないマン,21,2827,2827,4,revive,0.3002,0.5,98,2,8,いいえ,ハリウッドナナコ師匠 / えかちぇたん / ????? / サリエリ許さないマン / 御嶽さん
4,551,em-4c03ad40dce9,源のゴライコー,75,7923,6390,4,attack_buff,0.2999,0.3889,96,4,6,いいえ,魚臣！又土くん / ペーチパイセン / のり男さん / 源のゴライコー / あろまちゃん
4,552,em-b0564825039b,わんこールそば,3,200,300,3,heal,0.2996,0.5417,87,13,8,いいえ,青玉の供犠ぴよ子 / えかちぇたん / すわ子isGOD！ / わんこールそば / 八狗神伏姫様
4,553,em-99d6f9e928d6,京子中学２４年生,8,620,612,4,damage_reduction,0.2991,0.5486,99,1,8,いいえ,有砂小町 / 北間・クラリス嬢 / サルパちゃん / 京子中学２４年生 / 端午ぴよ子
4,554,em-01325fd9f459,いやひこさま,16,1200,600,3,delay,0.2983,0.5139,100,0,8,いいえ,タキシラ師匠 / えかちぇたん / すわ子isGOD！ / いやひこさま / 八狗神伏姫様
4,555,em-e3dd4898ff56,ﾃﾗももたろす,15,1600,1600,3,attribute_change,0.2981,0.5208,94,6,8,いいえ,ダリア・宮子・9 / トマティーナ少佐 / 試作型おこしん / ﾃﾗももたろす / 端午ぴよ子
4,556,em-02dd665173e3,超回復！反魂タン,6,600,700,4,revive,0.2979,0.5486,89,11,8,いいえ,有砂小町 / カルボ姉（ねえ） / 試作型おこしん / 超回復！反魂タン / 聖えぇじゃないか
4,557,em-251adb8af3dc,にくぁう餃子権現,30,1365,3638,4,attack_buff,0.2976,0.5069,100,0,7,いいえ,有砂小町 / 北間・クラリス嬢 / 試作型おこしん / にくぁう餃子権現 / 伝説のWoo怪
4,558,em-e1a6af095fc1,驀進叡智通,7,450,530,4,attack_buff,0.2975,0.5417,89,11,8,いいえ,ダリア・宮子・9 / カルボ姉（ねえ） / トリニダの怪人 / 驀進叡智通 / 実はこんにゃくちゃん
4,559,em-58f4a804ff7f,マリンな白良さん,12,710,694,4,attack_buff,0.2972,0.5417,94,6,8,いいえ,ダリア・宮子・9 / カルボ姉（ねえ） / トリニダの怪人 / マリンな白良さん / 実はこんにゃくちゃん
4,560,em-dff6ba115611,トゥーさん,44,3067,3067,3,revive,0.2966,0.5139,100,0,7,いいえ,????? / カルボ姉（ねえ） / すわ子isGOD！ / トゥーさん / ハリウッドナナコ師匠
4,561,em-d0ce0f8b817c,あまのさんちゃん,17,600,300,4,multi_hit_attack,0.2957,0.5069,97,3,8,いいえ,ダリア・宮子・9 / えかちぇたん / 試作型おこしん / あまのさんちゃん / ハリウッドナナコ師匠
4,562,em-fb5bfa8a3429,ひろしマン,4,300,300,3,heal,0.2948,0.5486,88,12,8,いいえ,青玉の供犠ぴよ子 / えかちぇたん / すわ子isGOD！ / ひろしマン / 八狗神伏姫様
4,563,em-fd2a055eb394,コニー＆ギャリー,10,500,500,3,damage_reduction,0.2946,0.5417,94,6,8,いいえ,タキシラ師匠 / カルボ姉（ねえ） / サルパちゃん / コニー＆ギャリー / 御嶽さん
4,564,em-0a74c35caba2,畳リーゼント総長,10,512,912,4,attack_buff,0.2946,0.5208,100,0,8,いいえ,有砂小町 / 北間・クラリス嬢 / 試作型おこしん / 畳リーゼント総長 / 御嶽さん
4,565,em-c5dbda5d8d5b,湘南パボーイ,12,318,911,4,attack_buff,0.2944,0.5417,94,6,8,いいえ,ダリア・宮子・9 / カルボ姉（ねえ） / トリニダの怪人 / 湘南パボーイ / 実はこんにゃくちゃん
4,566,em-804c07b6fa9a,メル子ちゃん,6,400,600,4,attack_buff,0.2942,0.5486,96,4,8,いいえ,有砂小町 / 北間・クラリス嬢 / 試作型おこしん / メル子ちゃん / 御嶽さん
4,567,em-fa255d19986d,出発！えるたそ,8,800,700,4,attack_buff,0.294,0.5486,100,0,8,いいえ,タキシラ師匠 / えかちぇたん / イチャン～(から) / 出発！えるたそ / 八狗神伏姫様
4,568,em-0f4d66009260,叡智通,4,280,332,4,attack_buff,0.2937,0.5486,100,0,8,いいえ,タキシラ師匠 / えかちぇたん / イチャン～(から) / 叡智通 / バビるわバビル君。
4,569,em-b34467071fa2,蓮三郎,6,500,450,3,skill_reduction,0.2933,0.5208,100,0,8,いいえ,タキシラ師匠 / えかちぇたん / サルパちゃん / 蓮三郎 / 八狗神伏姫様
4,570,em-73a9cdab3511,リンゴール子爵,3,300,200,4,delay,0.2932,0.5347,97,3,8,いいえ,タキシラ師匠 / えかちぇたん / サルパちゃん / リンゴール子爵 / 八狗神伏姫様
4,571,em-4bde1481e932,黒電話おぅぼっと,9,1000,400,4,damage_reduction,0.2925,0.4931,99,1,8,いいえ,ダリア・宮子・9 / えかちぇたん / すわ子isGOD！ / 黒電話おぅぼっと / ハリウッドナナコ師匠
4,572,em-7a89b660417d,くーちゃん,5,400,500,4,attack_buff,0.2924,0.5139,95,5,8,いいえ,有砂小町 / 北間・クラリス嬢 / 試作型おこしん / くーちゃん / 御嶽さん
4,573,em-8cd856412a10,にくぁうぅぅぅぅぅ！,17,1355,3638,4,attack_buff,0.292,0.5069,100,0,8,いいえ,????? / えかちぇたん / サルパちゃん / にくぁうぅぅぅぅぅ！ / 巨大カンテツ
4,574,em-4090b70a0b17,さくらこちゃん,4,495,215,4,attribute_guard,0.2914,0.5556,93,7,8,いいえ,日本海女中 / えかちぇたん / アウス大先輩 / さくらこちゃん / 御嶽さん
4,575,em-9c37bba7df0f,ＫＲ２ジョー少尉,11,495,1105,3,attack_buff,0.2912,0.5417,93,7,8,いいえ,ダリア・宮子・9 / カルボ姉（ねえ） / トリニダの怪人 / ＫＲ２ジョー少尉 / 実はこんにゃくちゃん
4,576,em-4b8003f0f990,メル子さま,12,800,800,3,attack_buff,0.2902,0.5347,94,6,8,いいえ,ダリア・宮子・9 / カルボ姉（ねえ） / トリニダの怪人 / メル子さま / 実はこんにゃくちゃん
4,577,em-f938c5c907fd,ももたろす,8,1000,1000,4,attribute_change,0.2896,0.5208,100,0,8,いいえ,ダリア・宮子・9 / えかちぇたん / 試作型おこしん / ももたろす / 聖えぇじゃないか
4,578,em-a2d0308a3d38,蓮次郎,5,400,380,3,skill_reduction,0.2887,0.5208,99,1,8,いいえ,タキシラ師匠 / えかちぇたん / サルパちゃん / 蓮次郎 / 八狗神伏姫様
4,579,em-554c0093231a,おあげさん,7,505,495,3,attack_buff,0.2884,0.5208,97,3,8,いいえ,有砂小町 / 北間・クラリス嬢 / 試作型おこしん / おあげさん / 御嶽さん
4,580,em-f5eb41dbe671,たたらん先輩,9,600,400,4,attack_buff,0.2883,0.5278,91,9,8,いいえ,ダリア・宮子・9 / カルボ姉（ねえ） / トリニダの怪人 / たたらん先輩 / 実はこんにゃくちゃん
4,581,em-1d7c8481ec64,にくぁうちゃん,8,314,913,4,attack_buff,0.288,0.5417,100,0,8,いいえ,タキシラ師匠 / えかちぇたん / イチャン～(から) / にくぁうちゃん / 八狗神伏姫様
4,582,em-74e8fc67e60c,竹輪大臣,5,200,900,4,attack_buff,0.2872,0.5069,95,5,8,いいえ,有砂小町 / 北間・クラリス嬢 / 試作型おこしん / 竹輪大臣 / 御嶽さん
4,583,em-cc9db541b1b4,メル子さん,9,600,700,4,attack_buff,0.2871,0.5347,99,1,8,いいえ,有砂小町 / 北間・クラリス嬢 / 試作型おこしん / メル子さん / 御嶽さん
4,584,em-67aa8e3ee215,川越料理長,17,1175,3655,4,attack_buff,0.2859,0.4931,97,3,8,いいえ,ダリア・宮子・9 / えかちぇたん / 試作型おこしん / 川越料理長 / ハリウッドナナコ師匠
4,585,em-b5e0f2fbff78,養老のバッカス,65,6475,3408,4,revive,0.2858,0.4792,97,3,7,いいえ,試作型おこしん / ペーチパイセン / 愛のぴよ子 / 養老のバッカス / おこしんMK-2
4,586,em-ea000314e767,ＫＲ２ジョー少佐,13,921,2476,3,attack_buff,0.2853,0.4861,93,7,8,いいえ,ダリア・宮子・9 / えかちぇたん / 試作型おこしん / ＫＲ２ジョー少佐 / ハリウッドナナコ師匠
4,587,em-d603cde2467a,ほたるーニャん,5,450,650,4,attribute_change,0.2849,0.5069,99,1,8,いいえ,タキシラ師匠 / えかちぇたん / サルパちゃん / ほたるーニャん / 八狗神伏姫様
4,588,em-2f8589eed296,畳リーゼント,7,300,700,4,attack_buff,0.2847,0.5347,89,11,8,いいえ,ダリア・宮子・9 / カルボ姉（ねえ） / トリニダの怪人 / 畳リーゼント / 実はこんにゃくちゃん
4,589,em-1e1a4317070b,ＫＲ２ジョー,8,295,910,4,attack_buff,0.2841,0.5347,100,0,8,いいえ,タキシラ師匠 / えかちぇたん / イチャン～(から) / ＫＲ２ジョー / 八狗神伏姫様
4,590,em-aeb1959eaece,ＫＲ２ジョー軍曹,9,394,1010,4,attack_buff,0.2836,0.5347,91,9,8,いいえ,ダリア・宮子・9 / カルボ姉（ねえ） / トリニダの怪人 / ＫＲ２ジョー軍曹 / 実はこんにゃくちゃん
4,591,em-3307021ed6b3,なっとくん,4,286,311,3,skill_reduction,0.2836,0.5208,98,2,8,いいえ,タキシラ師匠 / えかちぇたん / サルパちゃん / なっとくん / 八狗神伏姫様
4,592,em-873c09a938ac,蓮太郎,4,310,302,3,skill_reduction,0.2836,0.5208,98,2,8,いいえ,タキシラ師匠 / えかちぇたん / サルパちゃん / 蓮太郎 / 八狗神伏姫様
4,593,em-036ee10985c7,大正義！反魂タン,7,800,1000,4,revive,0.2832,0.5139,100,0,8,いいえ,????? / 夏至祭のヴァサクサ君 / サルパちゃん / 大正義！反魂タン / 御嶽さん
4,594,em-66a587f1a726,にくぁうさん,12,497,1116,4,attack_buff,0.2829,0.5347,94,6,8,いいえ,ダリア・宮子・9 / カルボ姉（ねえ） / トリニダの怪人 / にくぁうさん / 実はこんにゃくちゃん
4,595,em-89b0c363f296,川越マン,8,415,798,4,attack_buff,0.2826,0.5347,100,0,8,いいえ,タキシラ師匠 / えかちぇたん / イチャン～(から) / 川越マン / 八狗神伏姫様
4,596,em-e63df2359896,世界遺産な白鷺嬢,15,2100,600,3,heal,0.2823,0.4931,81,19,8,いいえ,日本海女中 / えかちぇたん / アウス大先輩 / 世界遺産な白鷺嬢 / 実はこんにゃくちゃん
4,597,em-6c82396ace3f,マッシブ☆ばん馬ばん,7,800,450,3,attack_buff,0.2819,0.5278,89,11,8,いいえ,ダリア・宮子・9 / カルボ姉（ねえ） / トリニダの怪人 / マッシブ☆ばん馬ばん / 実はこんにゃくちゃん
4,598,em-c46238c7c677,ケラ,70,3067,7157,3,attack_buff,0.2808,0.4028,99,1,7,いいえ,試作型おこしん / ペーチパイセン / 愛のぴよ子 / ケラ / ハリウッドナナコ師匠
4,599,em-b54c325797a5,フク先生,6,600,700,3,attribute_change,0.2804,0.5139,87,13,8,いいえ,ダリア・宮子・9 / カルボ姉（ねえ） / 試作型おこしん / フク先生 / 端午ぴよ子
4,600,em-039828fc85d9,ひろしマン・改,6,400,400,3,heal,0.2802,0.5208,89,11,8,いいえ,有砂小町 / カルボ姉（ねえ） / 試作型おこしん / ひろしマン・改 / 聖えぇじゃないか
4,601,em-7e127d8718a5,魔人エビユルゲ,4,410,370,3,attribute_change,0.2786,0.5278,98,2,8,いいえ,タキシラ師匠 / えかちぇたん / サルパちゃん / 魔人エビユルゲ / 八狗神伏姫様
4,602,em-3229594a4a2c,おあげちゃん,5,315,305,3,attack_buff,0.2773,0.5278,95,5,8,いいえ,有砂小町 / 北間・クラリス嬢 / 試作型おこしん / おあげちゃん / 御嶽さん
4,603,em-e6cd26662fe8,クイーン・ク・うぃーん,15,1500,1500,4,attribute_change,0.277,0.5,99,1,8,いいえ,タキシラ師匠 / えかちぇたん / すわ子isGOD！ / クイーン・ク・うぃーん / 八狗神伏姫様
4,604,em-0c10b95e36c6,激走！えるたそ,10,900,800,4,attack_buff,0.2767,0.5208,92,8,8,いいえ,ダリア・宮子・9 / カルボ姉（ねえ） / トリニダの怪人 / 激走！えるたそ / 実はこんにゃくちゃん
4,605,em-2f6ae2b54633,フクちゃん,3,300,400,4,attribute_change,0.2767,0.5208,97,3,8,いいえ,タキシラ師匠 / えかちぇたん / サルパちゃん / フクちゃん / 八狗神伏姫様
4,606,em-c879fe74178e,唸る！叡智通,5,370,410,4,attack_buff,0.2765,0.5069,95,5,8,いいえ,有砂小町 / 北間・クラリス嬢 / 試作型おこしん / 唸る！叡智通 / 御嶽さん
4,607,em-eb78da4b3f28,えるたそ,6,500,400,4,attack_buff,0.2734,0.5278,100,0,8,いいえ,タキシラ師匠 / えかちぇたん / サルパちゃん / えるたそ / 八狗神伏姫様
4,608,em-c92854d63199,さんとくんさん,8,1200,300,4,delay,0.2732,0.4861,100,0,8,いいえ,ダリア・宮子・9 / えかちぇたん / 試作型おこしん / さんとくんさん / 聖えぇじゃないか
4,609,em-33289e43e28b,ほたるーニャん☆ミ,7,650,700,4,attribute_change,0.2727,0.4931,88,12,8,いいえ,ダリア・宮子・9 / カルボ姉（ねえ） / 試作型おこしん / ほたるーニャん☆ミ / 端午ぴよ子
4,610,em-32f3aa536bcf,境地！絶海のあん子,7,502,488,4,heal,0.2724,0.5,100,0,8,いいえ,ハリウッドナナコ師匠 / えかちぇたん / サルパちゃん / 境地！絶海のあん子 / 八狗神伏姫様
4,611,em-dac0a350706a,くたにん,6,500,600,3,attribute_change,0.2722,0.5069,100,0,8,いいえ,タキシラ師匠 / えかちぇたん / サルパちゃん / くたにん / 八狗神伏姫様
4,612,em-70e79fbffe3c,怪人エビユルゲ,3,305,297,4,attribute_change,0.2705,0.5208,97,3,8,いいえ,タキシラ師匠 / えかちぇたん / サルパちゃん / 怪人エビユルゲ / 八狗神伏姫様
4,613,em-11e2e69b2674,フクさん,5,400,500,3,attribute_change,0.2699,0.5069,99,1,8,いいえ,タキシラ師匠 / えかちぇたん / サルパちゃん / フクさん / 八狗神伏姫様
4,614,em-efebd27cd58d,新・ひろしマン,7,600,600,3,heal,0.2698,0.4861,100,0,8,いいえ,????? / 夏至祭のヴァサクサ君 / サルパちゃん / 新・ひろしマン / 御嶽さん
4,615,em-d8af1ee7968e,ザ★女王の世界,42,1936,2006,3,attack_buff,0.2694,0.4514,88,12,8,いいえ,日本海女中 / カルボ姉（ねえ） / 試作型おこしん / ザ★女王の世界 / ウシュか☆丸か
4,616,em-cf865abec5e5,川越マン２世,12,516,1000,4,attack_buff,0.269,0.5139,94,6,8,いいえ,ダリア・宮子・9 / カルボ姉（ねえ） / トリニダの怪人 / 川越マン２世 / 実はこんにゃくちゃん
4,617,em-a84e9301da18,パワフル☆ばん馬ばん,5,600,350,4,attack_buff,0.2683,0.5069,95,5,8,いいえ,有砂小町 / 北間・クラリス嬢 / 試作型おこしん / パワフル☆ばん馬ばん / 御嶽さん
4,618,em-e07aaef6bd6e,三重子ちゃん,8,603,602,3,attribute_change,0.2652,0.5069,100,0,8,いいえ,ダリア・宮子・9 / えかちぇたん / 試作型おこしん / 三重子ちゃん / 聖えぇじゃないか
4,619,em-98730869df6a,朱染めの夏炎・朱雀,70,5282,6475,3,attack_buff,0.2491,0.3889,99,1,7,いいえ,試作型おこしん / ペーチパイセン / 愛のぴよ子 / 朱染めの夏炎・朱雀 / ハリウッドナナコ師匠
4,620,em-0277eca3d9cf,ゆる神の像＆ピヨか？,60,426,511,3,guard,0.2105,0.4375,99,1,7,いいえ,青玉の供犠ぴよ子 / カルボ姉（ねえ） / 愛のぴよ子 / ゆる神の像＆ピヨか？ / おこしんMK-2
4,621,em-523af93f71e3,神田祭らーの集い,88,5027,6901,4,aoe_attack,0,0,101,0,0,いいえ,
4,622,em-6eed78e1fe62,リア充の権化安倍晴明,100,6782,6271,3,heal,0,0,101,0,0,いいえ,
4,623,em-a85045965911,まさか殿(マジ),100,7463,6628,3,attack_buff,0,0,101,0,0,いいえ,
4,624,em-f33de53ee597,遊無給(ニート)な小町,100,7327,5623,3,attack_buff,0,0,101,0,0,いいえ,
5,1,em-089a6280b9d6,御嶽さん,32,5112,3067,4,aoe_attack,0.6134,0.6458,97,3,8,いいえ,????? / えかちぇたん / トマティーナ少佐 / トキシッくんｵｯｽｵｯｽ / 御嶽さん
5,2,em-f346c1f4c45d,八狗神伏姫様,35,5538,2130,4,guard,0.5766,0.7222,97,3,8,いいえ,日本海女中 / えかちぇたん / 愛のぴよ子 / ????? / 八狗神伏姫様
5,3,em-64fa899f397f,ダル飯☆杏,44,5896,3340,4,guard,0.5743,0.7222,99,1,8,いいえ,日本海女中 / カルボ姉（ねえ） / 愛のぴよ子 / ????? / ダル飯☆杏
5,4,em-f70fc38ed477,栗栖　益子さん,40,4175,4106,4,multi_hit_attack,0.5711,0.6042,94,6,8,いいえ,青玉の供犠ぴよ子 / カルボ姉（ねえ） / 愛のぴよ子 / みどりのたけしマン / 栗栖　益子さん
5,5,em-322b7fbdab7e,むろまち様,34,2556,5112,7,aoe_attack,0.5606,0.6111,99,1,8,いいえ,????? / えかちぇたん / トマティーナ少佐 / トキシッくんｵｯｽｵｯｽ / むろまち様
5,6,em-1c28be3f3366,モンさんミッシェル,32,3748,5623,8,multi_hit_attack,0.5574,0.6042,99,1,8,いいえ,タキシラ師匠 / カルボ姉（ねえ） / サルパちゃん / ????? / モンさんミッシェル
5,7,em-cb0ef748882f,八狗神伏姫様,35,5538,2130,4,guard,0.5554,0.7222,97,3,8,いいえ,日本海女中 / えかちぇたん / 愛のぴよ子 / ????? / 八狗神伏姫様
5,8,em-5ff7c4f20f2b,ヤマトタケルぅ！,40,85,8520,5,multi_hit_attack,0.5506,0.5833,99,1,8,いいえ,日本海女中 / えかちぇたん / 愛のぴよ子 / ɚすぃとあろま？ / ヤマトタケルぅ！
5,9,em-d90aa04af44f,グウィネズ兄弟,34,2066,3197,5,multi_hit_attack,0.5502,0.6319,99,1,8,いいえ,????? / えかちぇたん / トマティーナ少佐 / トキシッくんｵｯｽｵｯｽ / グウィネズ兄弟
5,10,em-a8f48fb9a527,タミちゃんの火祭り,15,1,2402,4,aoe_attack,0.5497,0.6597,90,10,7,いいえ,有砂小町 / カルボ姉（ねえ） / 試作型おこしん / トキシッくんｵｯｽｵｯｽ / タミちゃんの火祭り
5,11,em-e2624c3cfdbc,美才能♪かの子さん,18,1288,4025,5,multi_hit_attack,0.5494,0.6181,89,11,8,いいえ,日本海女中 / えかちぇたん / 試作型おこしん / みどりのたけしマン / 美才能♪かの子さん
5,12,em-83113af84b95,降臨☆三原色ばうあー,45,3578,5868,5,aoe_attack,0.5459,0.5764,99,1,8,いいえ,青玉の供犠ぴよ子 / カルボ姉（ねえ） / 愛のぴよ子 / みどりのたけしマン / 降臨☆三原色ばうあー
5,13,em-c87499b64151,ラパヌイ先生,45,6441,3067,4,guard,0.5457,0.6528,100,0,8,いいえ,日本海女中 / カルボ姉（ねえ） / 愛のぴよ子 / ????? / ラパヌイ先生
5,14,em-5a047ed41d97,KJの少女Hi児,48,4941,3919,5,multi_hit_attack,0.5448,0.5972,100,0,8,いいえ,日本海女中 / カルボ姉（ねえ） / 愛のぴよ子 / ɚすぃとあろま？ / KJの少女Hi児
5,15,em-67859050336b,マジ☆マシニッさん,36,4089,4430,6,multi_hit_attack,0.5447,0.5972,97,3,7,いいえ,青玉の供犠ぴよ子 / えかちぇたん / 愛のぴよ子 / みどりのたけしマン / マジ☆マシニッさん
5,16,em-c623973fc8a5,うおぬまンダーＲ上Ｘ,15,1208,2567,4,aoe_attack,0.5443,0.6597,90,10,7,いいえ,有砂小町 / カルボ姉（ねえ） / 試作型おこしん / トキシッくんｵｯｽｵｯｽ / うおぬまンダーＲ上Ｘ
5,17,em-b8c4235090fa,バビるわバビル君。,39,5367,3441,4,damage_reduction,0.5411,0.6944,94,6,5,いいえ,日本海女中 / カルボ姉（ねえ） / 愛のぴよ子 / ????? / バビるわバビル君。
5,18,em-1a3ab3b1acf7,聖☆いんてぃないか,19,2817,2334,4,aoe_attack,0.5399,0.5972,96,4,7,いいえ,ハリウッドナナコ師匠 / カルボ姉（ねえ） / ????? / ブハラ師匠 / 聖☆いんてぃないか
5,19,em-73250febc8f5,財閥だ浅ちゃん！,38,2556,7327,4,multi_hit_attack,0.5372,0.5347,99,1,5,いいえ,青玉の供犠ぴよ子 / えかちぇたん / 愛のぴよ子 / みどりのたけしマン / 財閥だ浅ちゃん！
5,20,em-9cd3d68e61d0,渦巻王ナルテュール,45,1704,6134,6,multi_hit_attack,0.5322,0.5694,99,1,8,いいえ,青玉の供犠ぴよ子 / カルボ姉（ねえ） / 愛のぴよ子 / みどりのたけしマン / 渦巻王ナルテュール
5,21,em-832edc9513ca,Ｈ・Ｆ・ウーマン,45,6305,3748,4,guard,0.5319,0.7083,100,0,8,いいえ,日本海女中 / カルボ姉（ねえ） / 愛のぴよ子 / ????? / Ｈ・Ｆ・ウーマン
5,22,em-24d2ab142253,アグスティンさん,12,2869,1359,5,multi_hit_attack,0.5266,0.6806,87,13,8,いいえ,有砂小町 / カルボ姉（ねえ） / 試作型おこしん / トキシッくんｵｯｽｵｯｽ / アグスティンさん
5,23,em-d9ea7f0897f2,山ガール！？さなこりん,15,2567,1225,6,multi_hit_attack,0.5244,0.6944,90,10,7,いいえ,有砂小町 / カルボ姉（ねえ） / 試作型おこしん / トキシッくんｵｯｽｵｯｽ / 山ガール！？さなこりん
5,24,em-fc5d66138cad,端午ぴよ子,13,1543,2512,5,aoe_attack,0.5205,0.5694,98,2,8,いいえ,????? / カルボ姉（ねえ） / トランシルヴァニア家族 / 愛のぴよ子 / 端午ぴよ子
5,25,em-fe9fc4184474,聖えぇじゃないか,17,2817,2334,4,aoe_attack,0.5198,0.5556,97,3,7,いいえ,有砂小町 / カルボ姉（ねえ） / 愛のぴよ子 / ????? / 聖えぇじゃないか
5,26,em-f21bf8aa6e67,独眼竜！梵天。,23,2254,2576,5,aoe_attack,0.519,0.5833,100,0,8,いいえ,ハリウッドナナコ師匠 / カルボ姉（ねえ） / ????? / ブハラ師匠 / 独眼竜！梵天。
5,27,em-2d1c8d50a6d1,スマートouぼっと,17,2265,1510,5,damage_reduction,0.5176,0.7361,100,0,8,いいえ,有砂小町 / カルボ姉（ねえ） / トマティーナ少佐 / トキシッくんｵｯｽｵｯｽ / スマートouぼっと
5,28,em-13df10c62ab6,MUNAKATA,42,5453,4089,6,aoe_attack,0.5169,0.6458,96,4,8,いいえ,青玉の供犠ぴよ子 / カルボ姉（ねえ） / 愛のぴよ子 / みどりのたけしマン / MUNAKATA
5,29,em-f88796a335ca,勇者オトシゴ,12,1324,1703,5,damage_reduction,0.5146,0.7708,97,3,8,いいえ,有砂小町 / カルボ姉（ねえ） / すわ子isGOD！ / トキシッくんｵｯｽｵｯｽ / 勇者オトシゴ
5,30,em-f3ce9865b46f,BeasT5,38,4116,4664,7,delay,0.5132,0.6181,100,0,5,いいえ,日本海女中 / えかちぇたん / 愛のぴよ子 / ????? / BeasT5
5,31,em-65cc0d6a4bcc,TAGIの映画祭,31,3748,2726,5,multi_hit_attack,0.5104,0.6667,96,4,8,いいえ,????? / えかちぇたん / トマティーナ少佐 / トキシッくんｵｯｽｵｯｽ / TAGIの映画祭
5,32,em-6fe67318189a,劇場版ＪＡＸＡイル,18,1304,3526,4,multi_hit_attack,0.5103,0.5764,89,11,8,いいえ,日本海女中 / えかちぇたん / 試作型おこしん / みどりのたけしマン / 劇場版ＪＡＸＡイル
5,33,em-8476f5773554,エーランドちゃん,30,6070,2160,7,delay,0.5101,0.625,100,0,8,いいえ,日本海女中 / えかちぇたん / 愛のぴよ子 / みどりのたけしマン / エーランドちゃん
5,34,em-57dce5f944a3,うらうらら,50,4260,6390,4,multi_hit_attack,0.51,0.5139,98,2,7,いいえ,日本海女中 / カルボ姉（ねえ） / 試作型おこしん / 愛のぴよ子 / うらうらら
5,35,em-f35caa7e177a,モンポスさん,40,5112,2556,4,damage_reduction,0.5074,0.6736,95,5,8,いいえ,日本海女中 / カルボ姉（ねえ） / 愛のぴよ子 / ????? / モンポスさん
5,36,em-bd98030ead3e,首領子襲来!!,33,5680,3786,4,heal,0.5058,0.6944,95,5,8,いいえ,日本海女中 / えかちぇたん / 愛のぴよ子 / ????? / 首領子襲来!!
5,37,em-59ac9769ef60,神犬八房伏姫様,24,4093,1223,4,guard,0.5058,0.6597,94,6,8,いいえ,日本海女中 / えかちぇたん / 愛のぴよ子 / みどりのたけしマン / 神犬八房伏姫様
5,38,em-ec64495c1963,レブカ大先生,38,5793,2984,5,aoe_attack,0.5039,0.6528,99,1,5,いいえ,青玉の供犠ぴよ子 / えかちぇたん / 愛のぴよ子 / みどりのたけしマン / レブカ大先生
5,39,em-bdf5b4886e9a,シーホーすん,12,1191,1532,5,damage_reduction,0.5013,0.7569,97,3,8,いいえ,有砂小町 / カルボ姉（ねえ） / すわ子isGOD！ / トキシッくんｵｯｽｵｯｽ / シーホーすん
5,40,em-94dc3d86f691,碧海のオフタルもん,75,10054,3919,4,multi_hit_attack,0.4997,0.4306,99,1,4,いいえ,魚臣！又土くん / ペーチパイセン / ウナギーヌ課長 / のり男さん / 碧海のオフタルもん
5,41,em-3b47fb031e0a,上京！世界師匠,36,1704,4260,4,multi_hit_attack,0.4978,0.5347,100,0,7,いいえ,タキシラ師匠 / カルボ姉（ねえ） / サルパちゃん / ɚすぃとあろま？ / 上京！世界師匠
5,42,em-6ecee0316b6d,梵天。,15,1100,1300,6,aoe_attack,0.495,0.6597,90,10,7,いいえ,有砂小町 / カルボ姉（ねえ） / 試作型おこしん / トキシッくんｵｯｽｵｯｽ / 梵天。
5,43,em-9d5f7901aacf,サタデーナイト☆郡上,17,1812,1963,5,aoe_attack,0.4949,0.5694,94,6,8,いいえ,ハリウッドナナコ師匠 / カルボ姉（ねえ） / ????? / ブハラ師匠 / サタデーナイト☆郡上
5,44,em-72aeeb632038,石見神楽どんちっちん,15,1812,1661,6,aoe_attack,0.4929,0.6597,90,10,7,いいえ,有砂小町 / カルボ姉（ねえ） / 試作型おこしん / トキシッくんｵｯｽｵｯｽ / 石見神楽どんちっちん
5,45,em-57204b8d6ee6,伝説のWoo怪,12,1126,2393,4,multi_hit_attack,0.4929,0.5347,95,5,8,いいえ,日本海女中 / 北間・クラリス嬢 / ターヌムンゴネキ / みどりのたけしマン / 伝説のWoo怪
5,46,em-635af81fa283,ＪＡＸＡイルＲ,15,688,1706,5,multi_hit_attack,0.4913,0.6528,90,10,7,いいえ,有砂小町 / カルボ姉（ねえ） / 試作型おこしん / トキシッくんｵｯｽｵｯｽ / ＪＡＸＡイルＲ
5,47,em-ffdcaffc4a41,雑煮入り☆うるっしー,36,3443,3443,4,guard,0.4904,0.6528,99,1,7,いいえ,日本海女中 / カルボ姉（ねえ） / 愛のぴよ子 / みどりのたけしマン / 雑煮入り☆うるっしー
5,48,em-1e8ec25622df,切間・ンジャロさん,39,5871,3442,4,skill_reduction,0.4899,0.5833,94,6,5,いいえ,日本海女中 / カルボ姉（ねえ） / 愛のぴよ子 / ????? / 切間・ンジャロさん
5,49,em-a20c59ca87c1,Let's☆ハチ公,33,6560,1448,5,delay,0.4894,0.6111,95,5,8,いいえ,日本海女中 / えかちぇたん / 愛のぴよ子 / ????? / Let's☆ハチ公
5,50,em-37ae218b7e9e,有砂小町,40,5112,5112,7,skill_reduction,0.4894,0.5556,95,5,8,いいえ,日本海女中 / カルボ姉（ねえ） / 愛のぴよ子 / ????? / 有砂小町
5,51,em-5a81e8231a65,宗像スリーピース,39,4601,4089,5,aoe_attack,0.4892,0.6111,100,0,5,いいえ,青玉の供犠ぴよ子 / えかちぇたん / 愛のぴよ子 / みどりのたけしマン / 宗像スリーピース
5,52,em-2325681e1b59,BON JOVE,24,3220,3220,5,aoe_attack,0.4892,0.5278,97,3,8,いいえ,日本海女中 / ヤマさんヤミーさん / 試作型おこしん / みどりのたけしマン / BON JOVE
5,53,em-f3091896bc28,腹話フック,15,1610,3220,4,multi_hit_attack,0.4891,0.6667,90,10,7,いいえ,有砂小町 / カルボ姉（ねえ） / 試作型おこしん / トキシッくんｵｯｽｵｯｽ / 腹話フック
5,54,em-28604c08091f,純白のアンナ大先輩,51,6305,3748,5,aoe_attack,0.4887,0.5139,99,1,7,いいえ,日本海女中 / カルボ姉（ねえ） / 試作型おこしん / 愛のぴよ子 / 純白のアンナ大先輩
5,55,em-fc0a4778a432,リチャード・リターンズ,23,2576,3220,5,aoe_attack,0.4879,0.6181,94,6,8,いいえ,日本海女中 / えかちぇたん / 試作型おこしん / みどりのたけしマン / リチャード・リターンズ
5,56,em-bf54cef3c3e9,タツノコくん,12,1058,1362,5,damage_reduction,0.4869,0.7431,97,3,8,いいえ,有砂小町 / カルボ姉（ねえ） / すわ子isGOD！ / トキシッくんｵｯｽｵｯｽ / タツノコくん
5,57,em-1ab18da48960,白い悪魔の小町さん,24,3461,3300,5,aoe_attack,0.4843,0.6042,97,3,8,いいえ,日本海女中 / ヤマさんヤミーさん / 試作型おこしん / みどりのたけしマン / 白い悪魔の小町さん
5,58,em-35dfd8c60675,はぎみタンさん,55,4430,4771,4,aoe_attack,0.4823,0.4514,100,0,5,いいえ,青玉の供犠ぴよ子 / 北間・クラリス嬢 / トリニダの怪人 / グラディ瑛太 / はぎみタンさん
5,59,em-309fbe104636,いーびルン,15,2254,2576,7,guard,0.482,0.7222,100,0,8,いいえ,有砂小町 / カルボ姉（ねえ） / すわ子isGOD！ / トキシッくんｵｯｽｵｯｽ / いーびルン
5,60,em-79b4540e0f7f,ヤック(中の人),16,2176,2418,4,multi_hit_attack,0.481,0.5347,95,5,8,いいえ,金野デメ子さん / ペーチパイセン / 試作型おこしん / みどりのたけしマン / ヤック(中の人)
5,61,em-628e695d4365,カクラム先生,16,2256,2397,4,multi_hit_attack,0.4807,0.5347,95,5,8,いいえ,金野デメ子さん / ペーチパイセン / 試作型おこしん / みどりのたけしマン / カクラム先生
5,62,em-cce942b02eb0,激えぇじゃないか,14,1300,1100,5,aoe_attack,0.4806,0.6458,89,11,7,いいえ,有砂小町 / カルボ姉（ねえ） / 試作型おこしん / トキシッくんｵｯｽｵｯｽ / 激えぇじゃないか
5,63,em-a8e1bfbd68cd,秋のタツタちゃん,80,10224,4771,4,multi_hit_attack,0.4796,0.4097,100,0,4,いいえ,魚臣！又土くん / ペーチパイセン / かずらちゃん / わんこースそば / 秋のタツタちゃん
5,64,em-8803e5b07894,風林火山のぶくろ公,22,2254,2576,5,aoe_attack,0.4786,0.5764,93,7,8,いいえ,日本海女中 / えかちぇたん / 試作型おこしん / みどりのたけしマン / 風林火山のぶくろ公
5,65,em-9bad632dc3a9,秋田世界発見伝,24,3838,845,4,guard,0.4773,0.6458,94,6,8,いいえ,日本海女中 / えかちぇたん / 愛のぴよ子 / みどりのたけしマン / 秋田世界発見伝
5,66,em-fd03da115e54,まさか殿,35,4396,4413,6,multi_hit_attack,0.4773,0.6319,100,0,8,いいえ,(Ｕ^ω^)亭馬琴 / カルボ姉（ねえ） / すわ子isGOD！ / トキシッくんｵｯｽｵｯｽ / まさか殿
5,67,em-42016d3a2172,織田フィナーレ,42,2556,5964,5,multi_hit_attack,0.4758,0.6042,96,4,8,いいえ,青玉の供犠ぴよ子 / カルボ姉（ねえ） / 愛のぴよ子 / みどりのたけしマン / 織田フィナーレ
5,68,em-9cbbb04818bd,シミ,20,1704,2215,4,heal,0.4741,0.6667,90,10,8,いいえ,????? / カルボ姉（ねえ） / サルパちゃん / トキシッくんｵｯｽｵｯｽ / シミ
5,69,em-c6337efaceae,ｴﾚｶﾞﾝﾄ☆トラボル子,47,4260,4771,5,aoe_attack,0.4733,0.5833,100,0,8,いいえ,(Ｕ^ω^)亭馬琴 / カルボ姉（ねえ） / 試作型おこしん / 愛のぴよ子 / ｴﾚｶﾞﾝﾄ☆トラボル子
5,70,em-a97f49a1b6e8,篠島しらす子,41,5453,2726,5,skill_reduction,0.4717,0.5556,99,1,8,いいえ,????? / カルボ姉（ねえ） / すわ子isGOD！ / 愛のぴよ子 / 篠島しらす子
5,71,em-960c8d1446c2,GC・アガッシィΩ,42,3578,3578,4,multi_hit_attack,0.4715,0.6111,96,4,8,いいえ,青玉の供犠ぴよ子 / カルボ姉（ねえ） / 愛のぴよ子 / みどりのたけしマン / GC・アガッシィΩ
5,72,em-abcae044297d,ラ・ショー・ドさん,44,5453,3424,5,delay,0.4715,0.5556,99,1,8,いいえ,日本海女中 / カルボ姉（ねえ） / 愛のぴよ子 / ????? / ラ・ショー・ドさん
5,73,em-3cce096dfee9,カギサナ子,15,2415,2415,4,attack_buff,0.4702,0.6667,90,10,7,いいえ,有砂小町 / カルボ姉（ねえ） / 試作型おこしん / トキシッくんｵｯｽｵｯｽ / カギサナ子
5,74,em-f895c0235d10,アスクとエムブラ,38,2737,4508,5,guard,0.47,0.6944,100,0,5,いいえ,日本海女中 / えかちぇたん / 愛のぴよ子 / ????? / アスクとエムブラ
5,75,em-8cff13c7ab2a,ツボの中のウツボン,13,1917,1917,6,damage_reduction,0.4697,0.7361,98,2,8,いいえ,有砂小町 / カルボ姉（ねえ） / すわ子isGOD！ / トキシッくんｵｯｽｵｯｽ / ツボの中のウツボン
5,76,em-7c0ef69518eb,有砂小町２ＰＣ,40,5112,5112,4,delay,0.4693,0.5625,95,5,8,いいえ,日本海女中 / カルボ姉（ねえ） / 愛のぴよ子 / ????? / 有砂小町２ＰＣ
5,77,em-6aaeda4f2f3a,ギガキプ☆アガッシイ,35,2726,2726,4,multi_hit_attack,0.4692,0.6319,100,0,8,いいえ,(Ｕ^ω^)亭馬琴 / カルボ姉（ねえ） / すわ子isGOD！ / トキシッくんｵｯｽｵｯｽ / ギガキプ☆アガッシイ
5,78,em-8d98226e5962,玉稜の首領・たまうー,29,3067,4260,4,delay,0.4679,0.6042,99,1,8,いいえ,日本海女中 / えかちぇたん / 愛のぴよ子 / みどりのたけしマン / 玉稜の首領・たまうー
5,79,em-370ba5df8d09,悪霊狩人ちび大助,81,8776,5879,5,multi_hit_attack,0.4673,0.4236,100,0,4,いいえ,皐月ニート / ペーチパイセン / かずらちゃん / あっぴーちゃん / 悪霊狩人ちび大助
5,80,em-cd5bbd27a3ee,熊とか絶対殺すマン,40,4086,4771,5,delay,0.466,0.5417,98,2,8,いいえ,????? / カルボ姉（ねえ） / すわ子isGOD！ / 愛のぴよ子 / 熊とか絶対殺すマン
5,81,em-a66d3edc0ac1,水戸Come On!,38,3493,3237,4,delay,0.4658,0.5694,100,0,5,いいえ,日本海女中 / えかちぇたん / 愛のぴよ子 / ????? / 水戸Come On!
5,82,em-8cb75e870411,マンいーたち,50,3408,6816,4,aoe_attack,0.4657,0.5556,98,2,7,いいえ,日本海女中 / カルボ姉（ねえ） / 試作型おこしん / 愛のぴよ子 / マンいーたち
5,83,em-2c5d06641a28,ジャックレムリン,55,7497,3748,7,aoe_attack,0.4657,0.4653,100,0,5,いいえ,青玉の供犠ぴよ子 / 北間・クラリス嬢 / トリニダの怪人 / グラディ瑛太 / ジャックレムリン
5,84,em-5e492c884ca0,三貴子素戔嗚,75,8946,6475,5,multi_hit_attack,0.4644,0.4306,99,1,4,いいえ,魚臣！又土くん / ペーチパイセン / ウナギーヌ課長 / のり男さん / 三貴子素戔嗚
5,85,em-6722337c6d78,雨降る倉敷のみかん姐,15,2718,1963,4,aoe_attack,0.464,0.5278,99,1,8,いいえ,ハリウッドナナコ師匠 / えかちぇたん / ????? / ブハラ師匠 / 雨降る倉敷のみかん姐
5,86,em-3a859cb07c11,こんぴらさん先輩,25,2898,2898,10,delay,0.4637,0.5764,95,5,8,いいえ,日本海女中 / えかちぇたん / 愛のぴよ子 / みどりのたけしマン / こんぴらさん先輩
5,87,em-48860dff9f84,カナ★パラ,20,1661,1812,5,revive,0.463,0.7292,90,10,8,いいえ,????? / カルボ姉（ねえ） / サルパちゃん / トキシッくんｵｯｽｵｯｽ / カナ★パラ
5,88,em-215080a7a05b,?????,39,4924,4413,4,skill_reduction,0.4623,0.5625,94,6,5,いいえ,日本海女中 / カルボ姉（ねえ） / 愛のぴよ子 / ????? / ?????
5,89,em-ec978322ece8,タイプ：テン,20,3864,966,4,guard,0.4618,0.625,85,15,8,いいえ,????? / えかちぇたん / トマティーナ少佐 / トキシッくんｵｯｽｵｯｽ / タイプ：テン
5,90,em-b07f62000b94,雪兎フェス祭カーニバル,22,4089,1192,5,revive,0.4617,0.7153,100,0,8,いいえ,(Ｕ^ω^)亭馬琴 / カルボ姉（ねえ） / トマティーナ少佐 / オペラハウス侯爵 / 雪兎フェス祭カーニバル
5,91,em-df40dba7c56a,高野さん,34,4089,4089,5,skill_reduction,0.4615,0.5625,99,1,8,いいえ,(Ｕ^ω^)亭馬琴 / カルボ姉（ねえ） / すわ子isGOD！ / トキシッくんｵｯｽｵｯｽ / 高野さん
5,92,em-5c46e7a79c7f,ギャルド・スイス先輩,45,3408,5453,4,multi_hit_attack,0.4602,0.5833,99,1,8,いいえ,青玉の供犠ぴよ子 / カルボ姉（ねえ） / 愛のぴよ子 / みどりのたけしマン / ギャルド・スイス先輩
5,93,em-d76a5850c323,牛追いガウガウ,40,5964,1704,4,damage_reduction,0.4599,0.6389,95,5,8,いいえ,日本海女中 / カルボ姉（ねえ） / 愛のぴよ子 / ????? / 牛追いガウガウ
5,94,em-c42ef00ed018,ｗｗナレースワンｗｗ,25,2560,2584,4,delay,0.4594,0.6042,95,5,8,いいえ,日本海女中 / えかちぇたん / 愛のぴよ子 / みどりのたけしマン / ｗｗナレースワンｗｗ
5,95,em-b943dbad0d0c,姫武者伏姫,54,6253,3823,5,guard,0.4589,0.5833,99,1,5,いいえ,青玉の供犠ぴよ子 / 北間・クラリス嬢 / トリニダの怪人 / グラディ瑛太 / 姫武者伏姫
5,96,em-bb70b91588ed,夜魔・マヤー,12,1661,2114,4,multi_hit_attack,0.4582,0.5347,79,21,8,いいえ,タキシラ師匠 / カルボ姉（ねえ） / サルパちゃん / ????? / 夜魔・マヤー
5,97,em-4bb28e84009d,吉野スライメスト,13,1809,735,5,guard,0.4577,0.6806,98,2,8,いいえ,有砂小町 / カルボ姉（ねえ） / すわ子isGOD！ / トキシッくんｵｯｽｵｯｽ / 吉野スライメスト
5,98,em-5a3998126178,TAGOのBOOTH,17,2896,2385,6,multi_hit_attack,0.4576,0.5833,100,0,7,いいえ,有砂小町 / 北間・クラリス嬢 / すわ子isGOD！ / ????? / TAGOのBOOTH
5,99,em-18a6642e277e,旧市街地の魔物,8,2799,16,4,attack_buff,0.4574,0.5833,97,3,8,いいえ,有砂小町 / 北間・クラリス嬢 / トマティーナ少佐 / みどりのたけしマン / 旧市街地の魔物
5,100,em-c4663d98c2ff,海・百合男,33,3748,4430,5,skill_reduction,0.457,0.5833,100,0,8,いいえ,タキシラ師匠 / カルボ姉（ねえ） / サルパちゃん / ????? / 海・百合男
5,101,em-ea813aee5d92,ブラジリアン首都術,8,1812,1963,4,aoe_attack,0.457,0.5347,91,9,8,いいえ,日本海女中 / 北間・クラリス嬢 / ターヌムンゴネキ / みどりのたけしマン / ブラジリアン首都術
5,102,em-a93e62a47cbd,ホレズ先生,25,3494,3043,6,revive,0.4569,0.6944,95,5,8,いいえ,日本海女中 / えかちぇたん / 愛のぴよ子 / みどりのたけしマン / ホレズ先生
5,103,em-39a2f0d8ec72,ロードスのエルフ騎士,44,4430,5623,6,skill_reduction,0.4563,0.5556,99,1,8,いいえ,日本海女中 / カルボ姉（ねえ） / 愛のぴよ子 / ????? / ロードスのエルフ騎士
5,104,em-8a9a0a93b442,メジーナ,15,2415,2415,6,attack_buff,0.4538,0.6806,90,10,7,いいえ,有砂小町 / カルボ姉（ねえ） / 試作型おこしん / トキシッくんｵｯｽｵｯｽ / メジーナ
5,105,em-7b3f53eed84e,?????,14,1380,2675,4,attack_buff,0.4536,0.6667,89,11,7,いいえ,有砂小町 / カルボ姉（ねえ） / 試作型おこしん / トキシッくんｵｯｽｵｯｽ / ?????
5,106,em-6f76a23db620,伏姫さま,17,2006,676,4,guard,0.4516,0.6528,100,0,8,いいえ,有砂小町 / カルボ姉（ねえ） / トマティーナ少佐 / トキシッくんｵｯｽｵｯｽ / 伏姫さま
5,107,em-0af21062aa7c,ｻﾗﾏﾝﾀﾞｰ祝High気分,30,2898,2817,6,skill_reduction,0.4514,0.5903,100,0,8,いいえ,日本海女中 / えかちぇたん / 愛のぴよ子 / みどりのたけしマン / ｻﾗﾏﾝﾀﾞｰ祝High気分
5,108,em-06a82dd4f95a,やまとーる海将,18,2567,1208,4,damage_reduction,0.4512,0.6181,99,1,8,いいえ,有砂小町 / カルボ姉（ねえ） / トマティーナ少佐 / 愛のぴよ子 / やまとーる海将
5,109,em-c736bc52077a,漱石先生と吾輩たち,15,1610,3461,5,skill_reduction,0.451,0.5833,100,0,8,いいえ,(Ｕ^ω^)亭馬琴 / えかちぇたん / トマティーナ少佐 / オペラハウス侯爵 / 漱石先生と吾輩たち
5,110,em-4b4011b90d8c,ロータス先輩,16,1932,1932,6,damage_reduction,0.4507,0.7153,99,1,8,いいえ,有砂小町 / カルボ姉（ねえ） / トマティーナ少佐 / トキシッくんｵｯｽｵｯｽ / ロータス先輩
5,111,em-3e5e9519eb9b,風林火山のぶくろ！,47,4089,4430,5,aoe_attack,0.4506,0.5833,100,0,8,いいえ,(Ｕ^ω^)亭馬琴 / カルボ姉（ねえ） / 試作型おこしん / 愛のぴよ子 / 風林火山のぶくろ！
5,112,em-90b0d123f99e,かんきゅっちゃん,15,2817,2817,5,delay,0.4503,0.5347,93,7,8,いいえ,有砂小町 / 北間・クラリス嬢 / トマティーナ少佐 / ɚすぃとあろま？ / かんきゅっちゃん
5,113,em-5284c689c7b6,ジャウー大先生,15,805,3220,4,skill_reduction,0.4501,0.6111,85,15,8,いいえ,????? / カルボ姉（ねえ） / サルパちゃん / トキシッくんｵｯｽｵｯｽ / ジャウー大先生
5,114,em-0e768525b557,ヘラクレス先輩,70,5885,6230,4,multi_hit_attack,0.4501,0.3681,94,6,4,いいえ,魚臣！又土くん / ペーチパイセン / ウナギーヌ課長 / のり男さん / ヘラクレス先輩
5,115,em-93e0810ca88c,宇壺田ウツ雄,25,3067,3067,6,damage_reduction,0.4499,0.6875,95,5,8,いいえ,日本海女中 / えかちぇたん / 愛のぴよ子 / みどりのたけしマン / 宇壺田ウツ雄
5,116,em-309e9bdb12e4,萌やし戦士,14,773,2573,4,attack_buff,0.4496,0.6597,89,11,7,いいえ,有砂小町 / カルボ姉（ねえ） / 試作型おこしん / トキシッくんｵｯｽｵｯｽ / 萌やし戦士
5,117,em-c2dc184a86c0,爆誕！さくどん,45,3408,4260,9,delay,0.449,0.5417,100,0,8,いいえ,日本海女中 / えかちぇたん / 試作型おこしん / 愛のぴよ子 / 爆誕！さくどん
5,118,em-132feeb6206a,傭兵戦隊サイガー３,12,756,2284,4,multi_hit_attack,0.4486,0.5208,95,5,8,いいえ,日本海女中 / 北間・クラリス嬢 / ターヌムンゴネキ / みどりのたけしマン / 傭兵戦隊サイガー３
5,119,em-9c344f264735,カロリスト・カル子,40,6999,2499,5,attribute_guard,0.4481,0.6458,95,5,8,いいえ,日本海女中 / カルボ姉（ねえ） / 愛のぴよ子 / ????? / カロリスト・カル子
5,120,em-cec2f0ad9373,Dr.フォックス,40,4089,4430,4,delay,0.4479,0.5278,98,2,8,いいえ,????? / カルボ姉（ねえ） / すわ子isGOD！ / 愛のぴよ子 / Dr.フォックス
5,121,em-eea7e5ad714b,饅頭石餅子,30,3433,4114,5,attribute_guard,0.4477,0.6875,100,0,8,いいえ,日本海女中 / えかちぇたん / 愛のぴよ子 / みどりのたけしマン / 饅頭石餅子
5,122,em-2a96e91a2f35,雪男フェス祭カーニバル,38,5793,1874,5,revive,0.4476,0.6875,100,0,5,いいえ,日本海女中 / えかちぇたん / 愛のぴよ子 / ????? / 雪男フェス祭カーニバル
5,123,em-9cc423bd9843,沼んだーライド！,21,1585,1887,5,aoe_attack,0.4465,0.6181,92,8,8,いいえ,日本海女中 / えかちぇたん / 試作型おこしん / みどりのたけしマン / 沼んだーライド！
5,124,em-ad82a61bcc2a,ｺﾄﾖﾛ!巳ーちゃん様,55,6901,3451,4,damage_reduction,0.4448,0.5278,100,0,5,いいえ,青玉の供犠ぴよ子 / 北間・クラリス嬢 / トリニダの怪人 / グラディ瑛太 / ｺﾄﾖﾛ!巳ーちゃん様
5,125,em-49cfaec18be0,富士五子ＢＴ５,20,2415,2737,6,delay,0.4424,0.5556,97,3,8,いいえ,ハリウッドナナコ師匠 / カルボ姉（ねえ） / ????? / ブハラ師匠 / 富士五子ＢＴ５
5,126,em-3ba3c1cd24cc,P.O☆うるっしー,25,3220,1449,4,guard,0.4421,0.6111,95,5,8,いいえ,日本海女中 / えかちぇたん / 愛のぴよ子 / みどりのたけしマン / P.O☆うるっしー
5,127,em-3a0ce37a12ff,おこしんMK-2,8,1510,2265,4,multi_hit_attack,0.442,0.5069,91,9,8,いいえ,日本海女中 / 北間・クラリス嬢 / ターヌムンゴネキ / みどりのたけしマン / おこしんMK-2
5,128,em-271fbedbbf39,レオ,22,2737,2093,4,damage_reduction,0.4414,0.625,87,13,8,いいえ,????? / えかちぇたん / トマティーナ少佐 / トキシッくんｵｯｽｵｯｽ / レオ
5,129,em-c67e33bb61cf,鎌倉式ＤＢ２涅槃型改,19,4105,1690,9,guard,0.4412,0.6042,100,0,7,いいえ,有砂小町 / カルボ姉（ねえ） / トマティーナ少佐 / 愛のぴよ子 / 鎌倉式ＤＢ２涅槃型改
5,130,em-739aae6480ff,男前やできっしん,14,755,2605,4,attack_buff,0.4407,0.6528,89,11,7,いいえ,有砂小町 / カルボ姉（ねえ） / 試作型おこしん / トキシッくんｵｯｽｵｯｽ / 男前やできっしん
5,131,em-05476daa6b31,だんじり鉄砲隊,26,805,3599,4,attack_buff,0.44,0.6458,96,4,7,いいえ,????? / カルボ姉（ねえ） / サルパちゃん / トキシッくんｵｯｽｵｯｽ / だんじり鉄砲隊
5,132,em-82e855b7910f,栗林掬太郎,33,5453,2385,4,heal,0.4389,0.6667,95,5,8,いいえ,日本海女中 / えかちぇたん / 愛のぴよ子 / ????? / 栗林掬太郎
5,133,em-5514b5658aa3,ハリウッドナナコ師匠,5,2503,1093,9,delay,0.4388,0.5764,98,2,8,いいえ,ダリア・宮子・9 / カルボ姉（ねえ） / すわ子isGOD！ / ????? / ハリウッドナナコ師匠
5,134,em-908fa1696f0d,速いぞサラマンダー！,12,3186,1431,6,skill_reduction,0.4385,0.5486,100,0,8,いいえ,有砂小町 / カルボ姉（ねえ） / 愛のぴよ子 / みどりのたけしマン / 速いぞサラマンダー！
5,135,em-14d31235a3f8,かっちゃんのBIG強飯,48,3067,4601,4,attack_buff,0.4382,0.5764,100,0,8,いいえ,日本海女中 / カルボ姉（ねえ） / 愛のぴよ子 / ɚすぃとあろま？ / かっちゃんのBIG強飯
5,136,em-bc840d35c547,ジ・あるじや,20,4025,1610,4,skill_reduction,0.4382,0.5347,95,5,8,いいえ,タキシラ師匠 / カルボ姉（ねえ） / サルパちゃん / みどりのたけしマン / ジ・あるじや
5,137,em-ffde6d61f228,有頂天☆安倍晴明,45,3936,4771,5,skill_reduction,0.4377,0.5417,100,0,8,いいえ,日本海女中 / カルボ姉（ねえ） / 愛のぴよ子 / ????? / 有頂天☆安倍晴明
5,138,em-14bbe92902df,ネムりん,11,2726,1633,5,attack_buff,0.4376,0.6181,78,22,7,いいえ,????? / えかちぇたん / すわ子isGOD！ / トキシッくんｵｯｽｵｯｽ / ネムりん
5,139,em-7e5ff582788f,INする★パンドラ,28,3059,1932,6,attribute_guard,0.4371,0.6736,98,2,8,いいえ,????? / カルボ姉（ねえ） / サルパちゃん / トキシッくんｵｯｽｵｯｽ / INする★パンドラ
5,140,em-2e6716824578,横きゅっちゃん,19,2817,2817,5,delay,0.4368,0.5486,96,4,8,いいえ,ハリウッドナナコ師匠 / カルボ姉（ねえ） / ????? / ブハラ師匠 / 横きゅっちゃん
5,141,em-21f078527946,マノすん博士,40,4771,3408,7,delay,0.4365,0.5417,95,5,8,いいえ,日本海女中 / カルボ姉（ねえ） / 愛のぴよ子 / ????? / マノすん博士
5,142,em-bb16895fa31d,ハルキさんとゲニアさん,26,3074,813,6,delay,0.4355,0.6181,96,4,8,いいえ,????? / カルボ姉（ねえ） / サルパちゃん / トキシッくんｵｯｽｵｯｽ / ハルキさんとゲニアさん
5,143,em-fa2d14d3eb33,大天姿☆ぴよ子,46,7572,756,5,skill_reduction,0.4352,0.5764,100,0,8,いいえ,青玉の供犠ぴよ子 / カルボ姉（ねえ） / 愛のぴよ子 / みどりのたけしマン / 大天姿☆ぴよ子
5,144,em-5819b668aba5,ﾌﾗｲﾝｸﾞ･ﾀﾞｯﾁさん,41,3403,4601,5,delay,0.435,0.5278,99,1,8,いいえ,????? / カルボ姉（ねえ） / すわ子isGOD！ / 愛のぴよ子 / ﾌﾗｲﾝｸﾞ･ﾀﾞｯﾁさん
5,145,em-27802083d7f5,チュニスさん,50,5964,3919,4,skill_reduction,0.4345,0.5,98,2,7,いいえ,日本海女中 / カルボ姉（ねえ） / 試作型おこしん / 愛のぴよ子 / チュニスさん
5,146,em-7930454375ec,パラワン探検隊,18,3219,3333,4,aoe_attack,0.434,0.625,98,2,7,いいえ,有砂小町 / カルボ姉（ねえ） / 愛のぴよ子 / ????? / パラワン探検隊
5,147,em-d7e5ef0e4b97,実はこんにゃくちゃん,9,1198,1204,7,guard,0.4335,0.6319,97,3,8,いいえ,(Ｕ^ω^)亭馬琴 / カルボ姉（ねえ） / イチャン～(から) / オペラハウス侯爵 / 実はこんにゃくちゃん
5,148,em-e394b3795363,伝説の少女キャンディ,50,5507,5507,7,skill_reduction,0.4331,0.4931,98,2,7,いいえ,日本海女中 / カルボ姉（ねえ） / 試作型おこしん / 愛のぴよ子 / 伝説の少女キャンディ
5,149,em-ba817035b6a5,ハクさんの本気,38,4601,4089,5,attack_buff,0.4328,0.5694,99,1,5,いいえ,青玉の供犠ぴよ子 / えかちぇたん / 愛のぴよ子 / みどりのたけしマン / ハクさんの本気
5,150,em-9960799ef9aa,ににぎのミコト,35,4941,3748,5,attack_buff,0.4326,0.6319,100,0,8,いいえ,(Ｕ^ω^)亭馬琴 / カルボ姉（ねえ） / すわ子isGOD！ / トキシッくんｵｯｽｵｯｽ / ににぎのミコト
5,151,em-076ae15080b8,ゾウムシ,40,7293,2044,7,damage_reduction,0.4323,0.6389,95,5,8,いいえ,日本海女中 / カルボ姉（ねえ） / 愛のぴよ子 / ????? / ゾウムシ
5,152,em-c6a0a8b51afe,ライオットうお太,41,3152,4175,4,damage_reduction,0.432,0.6181,96,4,8,いいえ,日本海女中 / カルボ姉（ねえ） / 愛のぴよ子 / ????? / ライオットうお太
5,153,em-57e25e9e3446,にゅーくん,8,400,1700,4,guard,0.4315,0.6389,96,4,8,いいえ,(Ｕ^ω^)亭馬琴 / カルボ姉（ねえ） / イチャン～(から) / オペラハウス侯爵 / にゅーくん
5,154,em-b97fa105ba34,うまうーさん♪,40,5793,3067,5,attribute_guard,0.4315,0.6181,95,5,8,いいえ,日本海女中 / カルボ姉（ねえ） / 愛のぴよ子 / ????? / うまうーさん♪
5,155,em-aad8fae6b05f,やまとーる海佐,12,1000,700,5,damage_reduction,0.4301,0.6806,97,3,8,いいえ,有砂小町 / カルボ姉（ねえ） / すわ子isGOD！ / トキシッくんｵｯｽｵｯｽ / やまとーる海佐
5,156,em-2998c94ac8cc,ギガ☆キプちゃん,28,1874,1874,4,multi_hit_attack,0.4301,0.6181,99,1,8,いいえ,日本海女中 / えかちぇたん / 試作型おこしん / みどりのたけしマン / ギガ☆キプちゃん
5,157,em-07c5bc08f69e,朦朧ボディマンΩ,16,755,3020,10,multi_hit_attack,0.4301,0.5069,100,0,8,いいえ,ハリウッドナナコ師匠 / えかちぇたん / ????? / ブハラ師匠 / 朦朧ボディマンΩ
5,158,em-f9ed70b034c7,チロ江さん,16,3020,1510,6,multi_hit_attack,0.4298,0.6111,99,1,7,いいえ,有砂小町 / 北間・クラリス嬢 / すわ子isGOD！ / ????? / チロ江さん
5,159,em-51bdb94ec3b1,熱ぅい！地獄雀,43,5964,3408,4,revive,0.4297,0.6389,98,2,8,いいえ,日本海女中 / カルボ姉（ねえ） / 愛のぴよ子 / ????? / 熱ぅい！地獄雀
5,160,em-2a01f5ee5de4,ガラパゴスおぅぼっと,12,1200,600,4,damage_reduction,0.4291,0.6528,97,3,8,いいえ,有砂小町 / カルボ姉（ねえ） / すわ子isGOD！ / トキシッくんｵｯｽｵｯｽ / ガラパゴスおぅぼっと
5,161,em-4089c86a52af,夢奈・マコ,15,2470,1363,6,attribute_guard,0.4283,0.6736,100,0,8,いいえ,有砂小町 / カルボ姉（ねえ） / すわ子isGOD！ / トキシッくんｵｯｽｵｯｽ / 夢奈・マコ
5,162,em-bc583c6ff83e,卍石★モチ子,40,4625,4966,5,attribute_guard,0.4283,0.6389,95,5,8,いいえ,日本海女中 / カルボ姉（ねえ） / 愛のぴよ子 / ????? / 卍石★モチ子
5,163,em-d74e6be8b4b9,クビキリギス,40,3800,3544,4,damage_reduction,0.4282,0.6111,95,5,8,いいえ,日本海女中 / カルボ姉（ねえ） / 愛のぴよ子 / ????? / クビキリギス
5,164,em-3b878e796aba,なまず仙人,35,4941,1618,4,damage_reduction,0.4272,0.6389,97,3,8,いいえ,日本海女中 / えかちぇたん / 愛のぴよ子 / ????? / なまず仙人
5,165,em-6c9a66a7da8c,抹殺音ズース,40,5623,3408,6,heal,0.4272,0.6181,95,5,8,いいえ,日本海女中 / カルボ姉（ねえ） / 愛のぴよ子 / ????? / 抹殺音ズース
5,166,em-a6a4e9c825f7,ハズクの姐御,14,1359,1510,6,multi_hit_attack,0.4271,0.6528,89,11,7,いいえ,有砂小町 / カルボ姉（ねえ） / 試作型おこしん / トキシッくんｵｯｽｵｯｽ / ハズクの姐御
5,167,em-7e9ffb70cffa,企業だ浅ちゃん！,32,1192,7327,4,attack_buff,0.4268,0.5903,99,1,8,いいえ,????? / えかちぇたん / すわ子isGOD！ / トキシッくんｵｯｽｵｯｽ / 企業だ浅ちゃん！
5,168,em-b9e75bc0b1f9,わっしょいミカ先生,20,4186,3220,5,attack_buff,0.4259,0.6042,100,0,8,いいえ,有砂小町 / カルボ姉（ねえ） / 愛のぴよ子 / ????? / わっしょいミカ先生
5,169,em-c08850a0aec0,いなば☆うわぁああ！,20,2579,3220,4,skill_reduction,0.4258,0.5625,97,3,7,いいえ,ハリウッドナナコ師匠 / カルボ姉（ねえ） / ????? / ブハラ師匠 / いなば☆うわぁああ！
5,170,em-cd7c55cabc32,ゴジュウゲリヲン,19,3020,1132,5,guard,0.4256,0.6111,86,14,8,いいえ,タキシラ師匠 / カルボ姉（ねえ） / サルパちゃん / ????? / ゴジュウゲリヲン
5,171,em-c7ca0cfdb77b,護国の盾,14,1887,1510,5,attribute_guard,0.4253,0.6667,99,1,8,いいえ,有砂小町 / カルボ姉（ねえ） / すわ子isGOD！ / トキシッくんｵｯｽｵｯｽ / 護国の盾
5,172,em-75717188c18a,あ、しょーか大先生,13,1812,1963,4,multi_hit_attack,0.425,0.5625,98,2,8,いいえ,????? / カルボ姉（ねえ） / トランシルヴァニア家族 / 愛のぴよ子 / あ、しょーか大先生
5,173,em-a81a753351d9,戸定梨香,28,3216,3534,4,revive,0.4246,0.6806,98,2,8,いいえ,日本海女中 / えかちぇたん / 愛のぴよ子 / みどりのたけしマン / 戸定梨香
5,174,em-a24482970c23,ご機嫌斜めのウィーン様,42,4941,2896,5,attack_buff,0.4246,0.5903,96,4,8,いいえ,青玉の供犠ぴよ子 / カルボ姉（ねえ） / 愛のぴよ子 / みどりのたけしマン / ご機嫌斜めのウィーン様
5,175,em-c301debd22fc,やまとーる海尉,9,900,600,6,damage_reduction,0.4245,0.6806,97,3,8,いいえ,(Ｕ^ω^)亭馬琴 / カルボ姉（ねえ） / イチャン～(から) / オペラハウス侯爵 / やまとーる海尉
5,176,em-9329de26d52c,iびるん大魔王,14,1812,1963,5,guard,0.4244,0.6667,99,1,8,いいえ,有砂小町 / カルボ姉（ねえ） / すわ子isGOD！ / トキシッくんｵｯｽｵｯｽ / iびるん大魔王
5,177,em-049ada05607b,眠里　不可緒,16,3578,2315,5,attack_buff,0.4243,0.5833,96,4,7,いいえ,有砂小町 / カルボ姉（ねえ） / 愛のぴよ子 / ????? / 眠里　不可緒
5,178,em-5861838d2e36,ばうあー泥棒,35,4771,3033,4,attack_buff,0.4241,0.5972,100,0,8,いいえ,????? / えかちぇたん / トマティーナ少佐 / トキシッくんｵｯｽｵｯｽ / ばうあー泥棒
5,179,em-0f3dc5f343f5,?????,40,2954,3316,8,delay,0.423,0.5139,98,2,8,いいえ,????? / カルボ姉（ねえ） / すわ子isGOD！ / 愛のぴよ子 / ?????
5,180,em-a4adc4bc9b7c,魁！安井道さん,12,1215,1187,5,guard,0.4221,0.6667,97,3,8,いいえ,有砂小町 / カルボ姉（ねえ） / すわ子isGOD！ / トキシッくんｵｯｽｵｯｽ / 魁！安井道さん
5,181,em-7fafc017f6f6,水蛭子リターンズ,43,6816,3408,7,revive,0.4221,0.6528,98,2,8,いいえ,日本海女中 / カルボ姉（ねえ） / 愛のぴよ子 / ????? / 水蛭子リターンズ
5,182,em-a58c4fcc6b2e,けねず大先生,14,1699,1699,4,damage_reduction,0.4218,0.6736,99,1,8,いいえ,有砂小町 / カルボ姉（ねえ） / すわ子isGOD！ / トキシッくんｵｯｽｵｯｽ / けねず大先生
5,183,em-f3234f88661c,氷の大魔女カナリン,43,7497,1641,5,revive,0.4218,0.6597,98,2,8,いいえ,日本海女中 / カルボ姉（ねえ） / 愛のぴよ子 / ????? / 氷の大魔女カナリン
5,184,em-2905dc6523ff,都会の貴腐人,44,6475,2811,6,revive,0.4206,0.6667,99,1,8,いいえ,日本海女中 / カルボ姉（ねえ） / 愛のぴよ子 / ????? / 都会の貴腐人
5,185,em-2a26d74bb300,鮫っ子！フカオちゃん,21,4430,2996,5,attack_buff,0.4204,0.5625,89,11,8,いいえ,(Ｕ^ω^)亭馬琴 / えかちぇたん / トマティーナ少佐 / 愛のぴよ子 / 鮫っ子！フカオちゃん
5,186,em-7960727b4ac3,伝説のひろし,15,1681,1714,5,attack_buff,0.4203,0.6597,90,10,7,いいえ,有砂小町 / カルボ姉（ねえ） / 試作型おこしん / トキシッくんｵｯｽｵｯｽ / 伝説のひろし
5,187,em-5ca14322a82d,蓮那由太郎,43,4771,3493,5,attack_buff,0.42,0.5694,97,3,8,いいえ,青玉の供犠ぴよ子 / カルボ姉（ねえ） / 愛のぴよ子 / みどりのたけしマン / 蓮那由太郎
5,188,em-f6360fa6b0ca,伝統のうるっしー,16,1800,600,4,guard,0.4198,0.6597,99,1,8,いいえ,有砂小町 / カルボ姉（ねえ） / トマティーナ少佐 / トキシッくんｵｯｽｵｯｽ / 伝統のうるっしー
5,189,em-d35809f53912,鎌倉式ＤＢ２零式,15,1807,856,9,guard,0.4193,0.6528,100,0,8,いいえ,有砂小町 / カルボ姉（ねえ） / すわ子isGOD！ / トキシッくんｵｯｽｵｯｽ / 鎌倉式ＤＢ２零式
5,190,em-4c448c54f095,実底超真幽子さん,15,1187,1215,5,revive,0.4192,0.7014,90,10,8,いいえ,有砂小町 / カルボ姉（ねえ） / 試作型おこしん / トキシッくんｵｯｽｵｯｽ / 実底超真幽子さん
5,191,em-96f9283052eb,ロロちゃんさん先輩,22,2254,2737,5,revive,0.4191,0.6875,100,0,8,いいえ,(Ｕ^ω^)亭馬琴 / カルボ姉（ねえ） / トマティーナ少佐 / オペラハウス侯爵 / ロロちゃんさん先輩
5,192,em-378cec222ec5,熱ぅい！地獄雀,45,5964,3408,5,revive,0.4185,0.6597,100,0,8,いいえ,日本海女中 / カルボ姉（ねえ） / 愛のぴよ子 / ????? / 熱ぅい！地獄雀
5,193,em-c69e39cf7701,伏ちゃん,12,1597,516,5,guard,0.4179,0.6458,97,3,8,いいえ,有砂小町 / カルボ姉（ねえ） / すわ子isGOD！ / トキシッくんｵｯｽｵｯｽ / 伏ちゃん
5,194,em-2f3883a74098,jaック・ザ・ナイト,10,1408,1267,4,multi_hit_attack,0.4168,0.5208,94,6,8,いいえ,ハリウッドナナコ師匠 / えかちぇたん / ????? / ブハラ師匠 / jaック・ザ・ナイト
5,195,em-f18c065bbb1d,白水大師匠,18,1510,1887,5,aoe_attack,0.4167,0.6111,89,11,8,いいえ,日本海女中 / えかちぇたん / 試作型おこしん / みどりのたけしマン / 白水大師匠
5,196,em-6b8007792f3c,因幡WAHHH!!,32,3578,4771,4,attack_buff,0.4165,0.6042,97,3,8,いいえ,????? / えかちぇたん / トマティーナ少佐 / トキシッくんｵｯｽｵｯｽ / 因幡WAHHH!!
5,197,em-a6068b231beb,ハトラちゃん,10,299,1488,7,guard,0.4158,0.6806,100,0,8,いいえ,有砂小町 / えかちぇたん / トマティーナ少佐 / トキシッくんｵｯｽｵｯｽ / ハトラちゃん
5,198,em-2eebc4f8633d,すわっ！かつより君,60,5350,4771,5,aoe_attack,0.4158,0.3611,84,16,4,いいえ,魚臣！又土くん / ペーチパイセン / ウナギーヌ課長 / のり男さん / すわっ！かつより君
5,199,em-980bac842ec7,ウシュか☆丸か,5,1410,1404,10,revive,0.4157,0.6458,80,20,8,いいえ,有砂小町 / カルボ姉（ねえ） / 試作型おこしん / トキシッくんｵｯｽｵｯｽ / ウシュか☆丸か
5,200,em-6437dd94e076,河口西子,15,900,1300,6,delay,0.4146,0.6181,85,15,8,いいえ,????? / カルボ姉（ねえ） / サルパちゃん / トキシッくんｵｯｽｵｯｽ / 河口西子
5,201,em-b1988954d3bc,織田フィナーレ,50,2556,5964,5,multi_hit_attack,0.4142,0.5347,98,2,7,いいえ,日本海女中 / カルボ姉（ねえ） / 試作型おこしん / 愛のぴよ子 / 織田フィナーレ
5,202,em-d3aec6288103,カニシカ大先生,39,6034,1440,5,heal,0.4141,0.6042,94,6,5,いいえ,日本海女中 / カルボ姉（ねえ） / 愛のぴよ子 / ????? / カニシカ大先生
5,203,em-f53bffc021ea,曲弾動物ウーミン,33,2999,3544,5,skill_reduction,0.4133,0.5417,98,2,8,いいえ,(Ｕ^ω^)亭馬琴 / カルボ姉（ねえ） / すわ子isGOD！ / トキシッくんｵｯｽｵｯｽ / 曲弾動物ウーミン
5,204,em-4bde1481e932,黒電話おぅぼっと,9,1000,400,4,damage_reduction,0.4128,0.6458,97,3,8,いいえ,(Ｕ^ω^)亭馬琴 / カルボ姉（ねえ） / イチャン～(から) / オペラハウス侯爵 / 黒電話おぅぼっと
5,205,em-cd23be41d901,美顔なエンパナさん,40,5623,4089,8,revive,0.4121,0.625,95,5,8,いいえ,日本海女中 / カルボ姉（ねえ） / 愛のぴよ子 / ????? / 美顔なエンパナさん
5,206,em-9eb7fd81d237,ユウ・レーカさん,20,2044,2556,4,revive,0.4113,0.6875,90,10,8,いいえ,????? / カルボ姉（ねえ） / サルパちゃん / トキシッくんｵｯｽｵｯｽ / ユウ・レーカさん
5,207,em-837ddd274c7d,夢見る夢ナマコ,15,2224,1226,6,attribute_guard,0.4107,0.6597,100,0,8,いいえ,有砂小町 / カルボ姉（ねえ） / すわ子isGOD！ / トキシッくんｵｯｽｵｯｽ / 夢見る夢ナマコ
5,208,em-6c5c24ebebea,こんぴらさん,15,1100,1100,8,delay,0.4102,0.6181,85,15,8,いいえ,????? / カルボ姉（ねえ） / サルパちゃん / トキシッくんｵｯｽｵｯｽ / こんぴらさん
5,209,em-05c5072dc080,橘の元祖☆みっちー,75,9798,4515,4,skill_reduction,0.4091,0.3889,99,1,4,いいえ,魚臣！又土くん / ペーチパイセン / ウナギーヌ課長 / のり男さん / 橘の元祖☆みっちー
5,210,em-e8fc5c7a59a4,猫毘沙門天,36,4430,4089,4,aoe_attack,0.409,0.5972,100,0,7,いいえ,タキシラ師匠 / えかちぇたん / すわ子isGOD！ / ????? / 猫毘沙門天
5,211,em-5d62afcf01d5,転がる！けねず君,37,3408,2044,4,damage_reduction,0.408,0.6181,96,4,5,いいえ,青玉の供犠ぴよ子 / カルボ姉（ねえ） / サルパちゃん / 愛のぴよ子 / 転がる！けねず君
5,212,em-d25a7727f654,プラハ嬢,32,1482,4991,4,damage_reduction,0.408,0.6181,99,1,8,いいえ,????? / えかちぇたん / すわ子isGOD！ / トキシッくんｵｯｽｵｯｽ / プラハ嬢
5,213,em-405f3e1dc3af,べるりん★最高潮,45,5367,3663,6,attribute_guard,0.4079,0.6111,100,0,8,いいえ,日本海女中 / カルボ姉（ねえ） / 愛のぴよ子 / ????? / べるりん★最高潮
5,214,em-a74603ad2679,白虎,36,5112,3408,4,attack_buff,0.4072,0.5972,100,0,7,いいえ,タキシラ師匠 / カルボ姉（ねえ） / サルパちゃん / ɚすぃとあろま？ / 白虎
5,215,em-0e376d1892df,メネリくん一世,72,6134,3067,4,guard,0.4066,0.4653,96,4,4,いいえ,魚臣！又土くん / ペーチパイセン / ウナギーヌ課長 / のり男さん / メネリくん一世
5,216,em-0c67088a1447,わさわさ大根,11,2623,1184,6,delay,0.4065,0.5556,100,0,7,いいえ,有砂小町 / 北間・クラリス嬢 / トマティーナ少佐 / みどりのたけしマン / わさわさ大根
5,217,em-1e4dd5118669,三春瀧さくら,38,3919,3408,4,damage_reduction,0.406,0.6181,100,0,5,いいえ,日本海女中 / えかちぇたん / 愛のぴよ子 / ????? / 三春瀧さくら
5,218,em-afce812f791d,めい子のMAY DAY,35,4123,4226,4,attribute_guard,0.4059,0.6042,100,0,8,いいえ,(Ｕ^ω^)亭馬琴 / カルボ姉（ねえ） / すわ子isGOD！ / トキシッくんｵｯｽｵｯｽ / めい子のMAY DAY
5,219,em-d6cc97b363eb,ユウレイイカさん,10,1363,1704,5,revive,0.4054,0.6875,100,0,8,いいえ,有砂小町 / カルボ姉（ねえ） / 試作型おこしん / オペラハウス侯爵 / ユウレイイカさん
5,220,em-49b522eac464,ジェヴォたんは狼？,43,3006,6022,4,multi_hit_attack,0.4053,0.5972,97,3,8,いいえ,青玉の供犠ぴよ子 / カルボ姉（ねえ） / 愛のぴよ子 / みどりのたけしマン / ジェヴォたんは狼？
5,221,em-80d193bc7d7f,あ、シュールさんだ。,43,3408,5112,6,revive,0.4051,0.6181,98,2,8,いいえ,日本海女中 / カルボ姉（ねえ） / 愛のぴよ子 / ????? / あ、シュールさんだ。
5,222,em-f7db929b2ed5,シャボテンの世界,17,1510,1812,5,revive,0.4049,0.6458,82,18,8,いいえ,(Ｕ^ω^)亭馬琴 / カルボ姉（ねえ） / すわ子isGOD！ / トキシッくんｵｯｽｵｯｽ / シャボテンの世界
5,223,em-1cd0c7153e75,みさき先輩,18,1400,1600,4,multi_hit_attack,0.4047,0.5694,95,5,8,いいえ,ハリウッドナナコ師匠 / カルボ姉（ねえ） / ????? / ブハラ師匠 / みさき先輩
5,224,em-962fa89cd31d,極東恋姫☆霧子たん,15,1243,1161,5,revive,0.4045,0.7153,90,10,8,いいえ,有砂小町 / カルボ姉（ねえ） / 試作型おこしん / トキシッくんｵｯｽｵｯｽ / 極東恋姫☆霧子たん
5,225,em-981bf693e8c3,メガネパンダ系の何か,19,2576,2415,6,skill_reduction,0.4042,0.5486,96,4,7,いいえ,ハリウッドナナコ師匠 / カルボ姉（ねえ） / ????? / ブハラ師匠 / メガネパンダ系の何か
5,226,em-45dad5139056,ベギン改・修道女,37,4565,4467,4,revive,0.4041,0.6458,99,1,5,いいえ,ハリウッドナナコ師匠 / カルボ姉（ねえ） / トマティーナ少佐 / みどりのたけしマン / ベギン改・修道女
5,227,em-32e57ebd5904,ハンザギルドさん,12,1551,423,5,attribute_guard,0.4035,0.6458,97,3,8,いいえ,有砂小町 / カルボ姉（ねえ） / すわ子isGOD！ / トキシッくんｵｯｽｵｯｽ / ハンザギルドさん
5,228,em-0dca19ae5992,降臨！天草トッキー,43,4260,5964,4,attack_buff,0.4035,0.5764,97,3,8,いいえ,青玉の供犠ぴよ子 / カルボ姉（ねえ） / 愛のぴよ子 / みどりのたけしマン / 降臨！天草トッキー
5,229,em-fc0926b017ef,なまずのおじさん,25,4260,1278,5,damage_reduction,0.4033,0.6181,95,5,8,いいえ,日本海女中 / えかちぇたん / 愛のぴよ子 / みどりのたけしマン / なまずのおじさん
5,230,em-294f61da0084,Ｃ・Ｃ☆電車姫,22,3741,1973,4,attack_buff,0.4031,0.5625,87,13,7,いいえ,????? / えかちぇたん / トマティーナ少佐 / トキシッくんｵｯｽｵｯｽ / Ｃ・Ｃ☆電車姫
5,231,em-bd2931324bdc,夢ナマコちゃん,15,1976,1090,6,attribute_guard,0.4028,0.6597,100,0,8,いいえ,有砂小町 / カルボ姉（ねえ） / すわ子isGOD！ / トキシッくんｵｯｽｵｯｽ / 夢ナマコちゃん
5,232,em-573a74e6170b,God of 魚ぉ！,8,1269,1128,4,heal,0.4025,0.625,83,17,8,いいえ,有砂小町 / カルボ姉（ねえ） / 試作型おこしん / トキシッくんｵｯｽｵｯｽ / God of 魚ぉ！
5,233,em-84d3175a9388,コン勝神☆くー様,48,3809,7024,4,attack_buff,0.4025,0.5694,100,0,8,いいえ,日本海女中 / カルボ姉（ねえ） / 愛のぴよ子 / ɚすぃとあろま？ / コン勝神☆くー様
5,234,em-ba3e87e06882,ぴよ子ファーザー,20,357,3577,4,attack_buff,0.4022,0.5764,91,9,8,いいえ,日本海女中 / えかちぇたん / 試作型おこしん / みどりのたけしマン / ぴよ子ファーザー
5,235,em-55cdacc97f8e,バーチャルおぅぼっと,25,4025,1610,7,damage_reduction,0.4021,0.6111,95,5,8,いいえ,日本海女中 / えかちぇたん / 愛のぴよ子 / みどりのたけしマン / バーチャルおぅぼっと
5,236,em-e51e56c23fa1,上級国民ロヴィーサ,44,2832,2984,4,attribute_guard,0.402,0.5764,99,1,8,いいえ,日本海女中 / カルボ姉（ねえ） / 愛のぴよ子 / ????? / 上級国民ロヴィーサ
5,237,em-469fc4e70bad,エヴァンジェ・凛,48,5091,3428,5,heal,0.4019,0.5694,100,0,8,いいえ,日本海女中 / カルボ姉（ねえ） / 愛のぴよ子 / ɚすぃとあろま？ / エヴァンジェ・凛
5,238,em-f8d808926639,吉野スライミング,8,690,390,5,guard,0.4018,0.6389,96,4,8,いいえ,(Ｕ^ω^)亭馬琴 / カルボ姉（ねえ） / イチャン～(から) / オペラハウス侯爵 / 吉野スライミング
5,239,em-a62aee8d3548,レゲエじゃまいか,40,5453,3748,4,revive,0.4013,0.6111,95,5,8,いいえ,日本海女中 / カルボ姉（ねえ） / 愛のぴよ子 / ????? / レゲエじゃまいか
5,240,em-bc5f259cf576,まさか殿(微マジ),60,5453,6305,7,multi_hit_attack,0.4011,0.3403,84,16,4,いいえ,魚臣！又土くん / ペーチパイセン / ウナギーヌ課長 / のり男さん / まさか殿(微マジ)
5,241,em-f3861e35df6f,暗黒王まはーかーらん,47,3731,3926,4,delay,0.401,0.4792,95,5,8,いいえ,日本海女中 / カルボ姉（ねえ） / 試作型おこしん / 愛のぴよ子 / 暗黒王まはーかーらん
5,242,em-89dedc914b10,ふーちゃん,8,1014,413,5,guard,0.4008,0.6389,96,4,8,いいえ,(Ｕ^ω^)亭馬琴 / カルボ姉（ねえ） / イチャン～(から) / オペラハウス侯爵 / ふーちゃん
5,243,em-87d7d883c438,ニートエンペラー,10,459,565,7,damage_reduction,0.4005,0.6528,100,0,8,いいえ,有砂小町 / えかちぇたん / トマティーナ少佐 / トキシッくんｵｯｽｵｯｽ / ニートエンペラー
5,244,em-90c9b7a939a7,九十九里流,37,2982,5112,4,attack_buff,0.4003,0.5347,98,2,5,いいえ,青玉の供犠ぴよ子 / えかちぇたん / 愛のぴよ子 / みどりのたけしマン / 九十九里流
5,245,em-484d995e3adb,くノ一！ヴォたん,9,700,700,4,guard,0.3983,0.6319,97,3,8,いいえ,(Ｕ^ω^)亭馬琴 / カルボ姉（ねえ） / イチャン～(から) / オペラハウス侯爵 / くノ一！ヴォたん
5,246,em-a5c7dcdde3ff,水島神人発見される,10,900,400,4,guard,0.3982,0.6319,98,2,8,いいえ,(Ｕ^ω^)亭馬琴 / カルボ姉（ねえ） / イチャン～(から) / オペラハウス侯爵 / 水島神人発見される
5,247,em-66075c4def49,K・Y・イマガワ,40,5793,3237,5,attack_buff,0.3979,0.625,94,6,8,いいえ,青玉の供犠ぴよ子 / カルボ姉（ねえ） / 愛のぴよ子 / みどりのたけしマン / K・Y・イマガワ
5,248,em-8527b3dd869a,帰って来たいぬやマン,21,1661,1661,4,attack_buff,0.3978,0.5625,92,8,8,いいえ,日本海女中 / えかちぇたん / 試作型おこしん / みどりのたけしマン / 帰って来たいぬやマン
5,249,em-d8349efcae1b,鰹でよくね?,5,700,700,7,skill_reduction,0.3975,0.625,80,20,8,いいえ,有砂小町 / カルボ姉（ねえ） / 試作型おこしん / トキシッくんｵｯｽｵｯｽ / 鰹でよくね?
5,250,em-0051409a8e1f,芹沢さん,8,604,597,4,guard,0.3974,0.6319,96,4,8,いいえ,(Ｕ^ω^)亭馬琴 / カルボ姉（ねえ） / イチャン～(から) / オペラハウス侯爵 / 芹沢さん
5,251,em-5e6cf1fe4c4c,まそお姉ちゃん,15,2898,3059,5,attack_buff,0.3969,0.5764,95,5,7,いいえ,有砂小町 / カルボ姉（ねえ） / 愛のぴよ子 / ????? / まそお姉ちゃん
5,252,em-511e9ea676be,Woo怪さま,10,700,1100,5,multi_hit_attack,0.3969,0.5139,100,0,8,いいえ,有砂小町 / 北間・クラリス嬢 / サルパちゃん / ɚすぃとあろま？ / Woo怪さま
5,253,em-b791d78202d5,英国面の本気,38,6816,1363,5,multi_hit_attack,0.3963,0.6181,99,1,5,いいえ,青玉の供犠ぴよ子 / えかちぇたん / 愛のぴよ子 / みどりのたけしマン / 英国面の本気
5,254,em-572c57cf5e18,湘南大水曜日ボーイ,28,2044,5623,4,attack_buff,0.3962,0.5694,99,1,8,いいえ,日本海女中 / えかちぇたん / 試作型おこしん / みどりのたけしマン / 湘南大水曜日ボーイ
5,255,em-9ca244c83a38,ʤouカー＆ʧouカー,16,1510,2124,4,delay,0.3957,0.5208,94,6,8,いいえ,有砂小町 / 北間・クラリス嬢 / トマティーナ少佐 / ɚすぃとあろま？ / ʤouカー＆ʧouカー
5,256,em-ff9248487a17,じょーカー＆ちょーカー,14,800,1000,5,delay,0.3956,0.6111,84,16,8,いいえ,????? / カルボ姉（ねえ） / サルパちゃん / トキシッくんｵｯｽｵｯｽ / じょーカー＆ちょーカー
5,257,em-74b9082a787c,暫時バル状態,19,2938,838,4,damage_reduction,0.3956,0.6042,100,0,8,いいえ,有砂小町 / カルボ姉（ねえ） / トマティーナ少佐 / 愛のぴよ子 / 暫時バル状態
5,258,em-b827590fe52d,芹沢くん,7,500,500,4,guard,0.3954,0.6389,95,5,8,いいえ,(Ｕ^ω^)亭馬琴 / カルボ姉（ねえ） / イチャン～(から) / オペラハウス侯爵 / 芹沢くん
5,259,em-357427c8f331,反魂タン昼食TIME,27,3067,5623,4,attack_buff,0.3952,0.6181,97,3,7,いいえ,????? / カルボ姉（ねえ） / サルパちゃん / トキシッくんｵｯｽｵｯｽ / 反魂タン昼食TIME
5,260,em-f119f767f457,アダム＆エバ,50,5112,4260,4,attack_buff,0.3951,0.5,98,2,7,いいえ,日本海女中 / カルボ姉（ねえ） / 試作型おこしん / 愛のぴよ子 / アダム＆エバ
5,261,em-8cafabee26c4,ホルトバージ君,22,5285,830,4,attack_buff,0.3946,0.5833,87,13,8,いいえ,(Ｕ^ω^)亭馬琴 / カルボ姉（ねえ） / すわ子isGOD！ / トキシッくんｵｯｽｵｯｽ / ホルトバージ君
5,262,em-d295de1e4086,海の日シスターズ♪,40,3823,4657,4,attack_buff,0.3946,0.5694,94,6,8,いいえ,青玉の供犠ぴよ子 / カルボ姉（ねえ） / 愛のぴよ子 / みどりのたけしマン / 海の日シスターズ♪
5,263,em-999d33621829,おたべ妖精,7,1272,1131,4,delay,0.3944,0.5625,97,3,7,いいえ,ダリア・宮子・9 / カルボ姉（ねえ） / すわ子isGOD！ / ɚすぃとあろま？ / おたべ妖精
5,264,em-0481f6c14fd9,関先輩,7,475,475,4,guard,0.3942,0.6389,95,5,8,いいえ,(Ｕ^ω^)亭馬琴 / カルボ姉（ねえ） / イチャン～(から) / オペラハウス侯爵 / 関先輩
5,265,em-671838a10625,皐月ニート,4,614,614,6,skill_reduction,0.3939,0.625,79,21,8,いいえ,有砂小町 / カルボ姉（ねえ） / 試作型おこしん / トキシッくんｵｯｽｵｯｽ / 皐月ニート
5,266,em-2c08686a6d88,猿もの追い払いネキ,42,4171,3977,5,damage_reduction,0.3939,0.6111,97,3,8,いいえ,日本海女中 / カルボ姉（ねえ） / 愛のぴよ子 / ????? / 猿もの追い払いネキ
5,267,em-144acde7efe5,魚臣！又土くん,4,500,650,7,skill_reduction,0.3937,0.625,79,21,8,いいえ,有砂小町 / カルボ姉（ねえ） / 試作型おこしん / トキシッくんｵｯｽｵｯｽ / 魚臣！又土くん
5,268,em-01a16cce900c,伝説のロロちゃん,35,3748,3067,5,attack_buff,0.3936,0.5972,100,0,8,いいえ,????? / えかちぇたん / トマティーナ少佐 / トキシッくんｵｯｽｵｯｽ / 伝説のロロちゃん
5,269,em-c86ef788e307,ベルりん絶好調,40,4089,4686,5,attribute_guard,0.393,0.5903,95,5,8,いいえ,日本海女中 / カルボ姉（ねえ） / 愛のぴよ子 / ????? / ベルりん絶好調
5,270,em-1fd25fee47a1,いなば・うあー,15,1000,1400,5,skill_reduction,0.3924,0.6042,85,15,8,いいえ,????? / カルボ姉（ねえ） / サルパちゃん / トキシッくんｵｯｽｵｯｽ / いなば・うあー
5,271,em-2a5e6ca1207c,ケーンクラちゃん,81,9713,4089,6,damage_reduction,0.3921,0.4722,100,0,4,いいえ,皐月ニート / ペーチパイセン / かずらちゃん / あっぴーちゃん / ケーンクラちゃん
5,272,em-24d6f242799c,大浜美波さん,32,3748,3408,5,revive,0.392,0.6181,97,3,8,いいえ,(Ｕ^ω^)亭馬琴 / カルボ姉（ねえ） / すわ子isGOD！ / トキシッくんｵｯｽｵｯｽ / 大浜美波さん
5,273,em-78785b8bf619,企業だ浅ちゃん！,42,1192,7327,4,attack_buff,0.3918,0.5417,100,0,8,いいえ,????? / カルボ姉（ねえ） / すわ子isGOD！ / 愛のぴよ子 / 企業だ浅ちゃん！
5,274,em-5976d2863ad8,タオるんGT,32,4260,4732,14,guard,0.3916,0.5972,99,1,8,いいえ,タキシラ師匠 / カルボ姉（ねえ） / サルパちゃん / ????? / タオるんGT
5,275,em-0183a7a13db2,かーたん・べーり,32,4089,4089,5,attribute_guard,0.3912,0.6042,97,3,8,いいえ,(Ｕ^ω^)亭馬琴 / カルボ姉（ねえ） / すわ子isGOD！ / トキシッくんｵｯｽｵｯｽ / かーたん・べーり
5,276,em-13467c934268,五神合体法隆Ｇ,15,1050,550,6,guard,0.3911,0.625,100,0,8,いいえ,有砂小町 / カルボ姉（ねえ） / すわ子isGOD！ / トキシッくんｵｯｽｵｯｽ / 五神合体法隆Ｇ
5,277,em-7e8ca5d8d19a,小林伯爵,15,3020,1812,5,revive,0.3911,0.6181,95,5,8,いいえ,ダリア・宮子・9 / カルボ姉（ねえ） / 試作型おこしん / ɚすぃとあろま？ / 小林伯爵
5,278,em-a5d6506eec58,瓜だね女中,15,3220,1610,4,heal,0.391,0.5486,95,5,8,いいえ,ダリア・宮子・9 / カルボ姉（ねえ） / 試作型おこしん / ɚすぃとあろま？ / 瓜だね女中
5,279,em-4299af9bd2dc,皐月むりょく,4,614,614,6,skill_reduction,0.3909,0.6319,79,21,8,いいえ,有砂小町 / カルボ姉（ねえ） / 試作型おこしん / トキシッくんｵｯｽｵｯｽ / 皐月むりょく
5,280,em-da8dd7644e31,法隆ジェット,7,600,400,6,guard,0.3908,0.6389,95,5,8,いいえ,(Ｕ^ω^)亭馬琴 / カルボ姉（ねえ） / イチャン～(から) / オペラハウス侯爵 / 法隆ジェット
5,281,em-4eb01150430f,ミス・エズさん,9,1100,300,4,attribute_guard,0.3908,0.6389,97,3,8,いいえ,(Ｕ^ω^)亭馬琴 / カルボ姉（ねえ） / イチャン～(から) / オペラハウス侯爵 / ミス・エズさん
5,282,em-ec6b6491e6a3,ベッピー先生,15,808,792,5,attack_buff,0.3907,0.6597,90,10,7,いいえ,有砂小町 / カルボ姉（ねえ） / 試作型おこしん / トキシッくんｵｯｽｵｯｽ / ベッピー先生
5,283,em-e42e99273751,輪島のうるっしー,12,1200,500,4,guard,0.3907,0.625,97,3,8,いいえ,有砂小町 / カルボ姉（ねえ） / すわ子isGOD！ / トキシッくんｵｯｽｵｯｽ / 輪島のうるっしー
5,284,em-f14da6dc7d26,チャイナさん,15,606,1876,4,attack_buff,0.3906,0.6458,90,10,7,いいえ,有砂小町 / カルボ姉（ねえ） / 試作型おこしん / トキシッくんｵｯｽｵｯｽ / チャイナさん
5,285,em-d0639c20e6b1,ユーコ☆宇宙,24,4260,2556,4,revive,0.3903,0.6389,94,6,8,いいえ,日本海女中 / えかちぇたん / 愛のぴよ子 / みどりのたけしマン / ユーコ☆宇宙
5,286,em-e9d9b60eefb1,鈴鹿忍者,20,1623,2189,5,skill_reduction,0.3902,0.5278,97,3,7,いいえ,ハリウッドナナコ師匠 / カルボ姉（ねえ） / ????? / ブハラ師匠 / 鈴鹿忍者
5,287,em-1555cadff0cf,おぅぼっと,6,800,300,4,damage_reduction,0.39,0.6319,94,6,8,いいえ,(Ｕ^ω^)亭馬琴 / カルボ姉（ねえ） / イチャン～(から) / オペラハウス侯爵 / おぅぼっと
5,288,em-267a29792afd,ウーミン,33,2249,2658,5,skill_reduction,0.3899,0.5417,98,2,8,いいえ,(Ｕ^ω^)亭馬琴 / カルボ姉（ねえ） / すわ子isGOD！ / トキシッくんｵｯｽｵｯｽ / ウーミン
5,289,em-5793db0a4078,リンゴール伯爵,5,700,600,4,delay,0.3897,0.625,80,20,8,いいえ,有砂小町 / カルボ姉（ねえ） / 試作型おこしん / トキシッくんｵｯｽｵｯｽ / リンゴール伯爵
5,290,em-681c8662f2b6,まさか殿(ｼﾞｬｰｼﾞ),55,6475,3748,6,delay,0.3897,0.4097,100,0,5,いいえ,青玉の供犠ぴよ子 / 北間・クラリス嬢 / トリニダの怪人 / グラディ瑛太 / まさか殿(ｼﾞｬｰｼﾞ)
5,291,em-c8d0b7ef1b10,めい子お姉さま,9,1159,1244,4,attribute_guard,0.3895,0.6458,97,3,8,いいえ,(Ｕ^ω^)亭馬琴 / カルボ姉（ねえ） / イチャン～(から) / オペラハウス侯爵 / めい子お姉さま
5,292,em-3c1078996c9c,めい子のNEW DAY,25,2760,2862,4,attribute_guard,0.3894,0.5972,95,5,8,いいえ,日本海女中 / えかちぇたん / 愛のぴよ子 / みどりのたけしマン / めい子のNEW DAY
5,293,em-826b6ae61786,スワン王,9,1229,1173,4,skill_reduction,0.3887,0.5625,99,1,7,いいえ,ダリア・宮子・9 / カルボ姉（ねえ） / すわ子isGOD！ / ɚすぃとあろま？ / スワン王
5,294,em-124d2df2b85e,ディオクレ君,23,2416,1449,4,skill_reduction,0.3886,0.5486,100,0,8,いいえ,(Ｕ^ω^)亭馬琴 / カルボ姉（ねえ） / 愛のぴよ子 / 御嶽さん / ディオクレ君
5,295,em-fae18e323cb5,美観之介曳山ん太郎,23,2194,1597,5,aoe_attack,0.3876,0.625,94,6,8,いいえ,日本海女中 / えかちぇたん / 試作型おこしん / みどりのたけしマン / 美観之介曳山ん太郎
5,296,em-91f26ad56eaa,神喫！さくらん兄妹,12,1510,1887,5,skill_reduction,0.3874,0.5139,100,0,8,いいえ,ダリア・宮子・9 / カルボ姉（ねえ） / トマティーナ少佐 / ɚすぃとあろま？ / 神喫！さくらん兄妹
5,297,em-3e85387d97e5,荒ぶるこんにゃく,7,486,484,8,guard,0.3872,0.6319,95,5,8,いいえ,(Ｕ^ω^)亭馬琴 / カルボ姉（ねえ） / イチャン～(から) / オペラハウス侯爵 / 荒ぶるこんにゃく
5,298,em-d239e5e972de,ズンビーフック,17,2012,3220,4,multi_hit_attack,0.3872,0.5903,94,6,8,いいえ,ハリウッドナナコ師匠 / カルボ姉（ねえ） / ????? / ブハラ師匠 / ズンビーフック
5,299,em-83b1d87342f9,コン美なん吉先生,20,882,3381,4,revive,0.387,0.6597,98,2,7,いいえ,有砂小町 / 北間・クラリス嬢 / トマティーナ少佐 / ɚすぃとあろま？ / コン美なん吉先生
5,300,em-72f5e94185a5,MAIKOちゃん,34,3834,3834,6,attribute_guard,0.3866,0.5903,99,1,8,いいえ,????? / えかちぇたん / トマティーナ少佐 / トキシッくんｵｯｽｵｯｽ / MAIKOちゃん
5,301,em-05133b447edd,コメツキ,55,5453,5406,5,skill_reduction,0.3865,0.3889,100,0,5,いいえ,青玉の供犠ぴよ子 / 北間・クラリス嬢 / トリニダの怪人 / グラディ瑛太 / コメツキ
5,302,em-34ff44ed1803,富士さんは魔女,42,5112,4260,4,revive,0.3864,0.6181,97,3,8,いいえ,日本海女中 / カルボ姉（ねえ） / 愛のぴよ子 / ????? / 富士さんは魔女
5,303,em-08381d79cfef,大森銀さん,5,1300,150,4,damage_reduction,0.3861,0.6042,95,5,8,いいえ,有砂小町 / えかちぇたん / トマティーナ少佐 / トキシッくんｵｯｽｵｯｽ / 大森銀さん
5,304,em-e73e837049b5,ｿﾞﾝﾋﾞｶﾞｰﾙ･ガブリン,28,1366,3834,4,revive,0.386,0.6458,98,2,8,いいえ,ハリウッドナナコ師匠 / カルボ姉（ねえ） / ????? / 御嶽さん / ｿﾞﾝﾋﾞｶﾞｰﾙ･ガブリン
5,305,em-306ef0a3ce60,大納言鮒麿,14,1812,1548,4,heal,0.3857,0.5694,92,8,8,いいえ,ダリア・宮子・9 / ペーチパイセン / すわ子isGOD！ / トキシッくんｵｯｽｵｯｽ / 大納言鮒麿
5,306,em-31faaa08a3e5,ジャノメぴよ子,8,1105,1122,7,attribute_guard,0.3852,0.6319,96,4,8,いいえ,(Ｕ^ω^)亭馬琴 / カルボ姉（ねえ） / イチャン～(から) / オペラハウス侯爵 / ジャノメぴよ子
5,307,em-f354ab7f7554,漆黒のいびるん,12,800,1000,5,guard,0.3851,0.6458,97,3,8,いいえ,有砂小町 / カルボ姉（ねえ） / すわ子isGOD！ / トキシッくんｵｯｽｵｯｽ / 漆黒のいびるん
5,308,em-2110fa48fdc1,グリンすマン・ﾌｨｰﾊﾞｰ!,22,1661,1736,5,delay,0.3851,0.5417,98,2,8,いいえ,ダリア・宮子・9 / カルボ姉（ねえ） / 試作型おこしん / おこしんMK-2 / グリンすマン・ﾌｨｰﾊﾞｰ!
5,309,em-e8331e3aec6c,辰の子ぴよ子,70,6898,4089,10,multi_hit_attack,0.385,0.3472,94,6,4,いいえ,魚臣！又土くん / ペーチパイセン / ウナギーヌ課長 / のり男さん / 辰の子ぴよ子
5,310,em-83c97b8f4e6e,アルルのキャミー,40,4001,6236,4,heal,0.3842,0.5694,95,5,8,いいえ,日本海女中 / カルボ姉（ねえ） / 愛のぴよ子 / ????? / アルルのキャミー
5,311,em-0d449e302187,水神ヨッカブイ先生,54,3714,5418,5,damage_reduction,0.3842,0.5069,99,1,5,いいえ,青玉の供犠ぴよ子 / 北間・クラリス嬢 / トリニダの怪人 / グラディ瑛太 / 水神ヨッカブイ先生
5,312,em-594f4648caff,金閣鹿苑大先生,7,1201,1201,4,revive,0.3836,0.6458,82,18,8,いいえ,有砂小町 / カルボ姉（ねえ） / 試作型おこしん / トキシッくんｵｯｽｵｯｽ / 金閣鹿苑大先生
5,313,em-039b9996f6f0,おろろセット先輩,45,1363,5623,5,delay,0.3834,0.5139,97,3,8,いいえ,日本海女中 / カルボ姉（ねえ） / 愛のぴよ子 / ɚすぃとあろま？ / おろろセット先輩
5,314,em-cc0425cf3835,鎌倉式ＤＢ２改,12,1200,612,8,guard,0.3831,0.625,97,3,8,いいえ,有砂小町 / カルボ姉（ねえ） / すわ子isGOD！ / トキシッくんｵｯｽｵｯｽ / 鎌倉式ＤＢ２改
5,315,em-3151d77efe3f,チンチョーロさん,37,4805,4805,7,revive,0.3823,0.625,99,1,5,いいえ,ハリウッドナナコ師匠 / カルボ姉（ねえ） / トマティーナ少佐 / みどりのたけしマン / チンチョーロさん
5,316,em-9fed59290cda,ユッフィー先生,15,800,800,5,attack_buff,0.3822,0.6389,90,10,7,いいえ,有砂小町 / カルボ姉（ねえ） / 試作型おこしん / トキシッくんｵｯｽｵｯｽ / ユッフィー先生
5,317,em-b5a4cfe168a6,安井大先生,7,505,475,5,guard,0.3822,0.6389,95,5,8,いいえ,(Ｕ^ω^)亭馬琴 / カルボ姉（ねえ） / イチャン～(から) / オペラハウス侯爵 / 安井大先生
5,318,em-7499fb228620,にほりん,15,2898,3059,5,attack_buff,0.382,0.5625,98,2,8,いいえ,有砂小町 / 北間・クラリス嬢 / すわ子isGOD！ / ????? / にほりん
5,319,em-95d137a7328a,バス・スミスくん,6,900,200,5,attribute_guard,0.3819,0.6458,94,6,8,いいえ,(Ｕ^ω^)亭馬琴 / カルボ姉（ねえ） / イチャン～(から) / オペラハウス侯爵 / バス・スミスくん
5,320,em-48b5d909c409,南紀な白良さん,15,800,800,4,attack_buff,0.3816,0.6319,90,10,7,いいえ,有砂小町 / カルボ姉（ねえ） / 試作型おこしん / トキシッくんｵｯｽｵｯｽ / 南紀な白良さん
5,321,em-76311eb8b6ba,Halloweenな藤原マミー,18,1208,1963,5,revive,0.3815,0.6319,96,4,8,いいえ,有砂小町 / 北間・クラリス嬢 / トマティーナ少佐 / ɚすぃとあろま？ / Halloweenな藤原マミー
5,322,em-b4a2096551c5,金閣明日香,15,1201,1343,4,revive,0.3813,0.6458,90,10,8,いいえ,有砂小町 / カルボ姉（ねえ） / 試作型おこしん / トキシッくんｵｯｽｵｯｽ / 金閣明日香
5,323,em-64f8ad5111a6,マッキニキ,9,1000,500,4,damage_reduction,0.3813,0.6389,97,3,8,いいえ,(Ｕ^ω^)亭馬琴 / カルボ姉（ねえ） / イチャン～(から) / オペラハウス侯爵 / マッキニキ
5,324,em-a03649b8e724,巨大カンテツ,15,3220,3220,5,heal,0.3812,0.5833,95,5,8,いいえ,ダリア・宮子・9 / カルボ姉（ねえ） / 試作型おこしん / ɚすぃとあろま？ / 巨大カンテツ
5,325,em-1fcc8f4c1ae3,ヴェルサイユの朝,45,2556,6645,5,attack_buff,0.3812,0.5556,99,1,8,いいえ,青玉の供犠ぴよ子 / カルボ姉（ねえ） / 愛のぴよ子 / みどりのたけしマン / ヴェルサイユの朝
5,326,em-a14b58fbc4fa,うるっしー,8,1000,400,5,guard,0.3811,0.6319,96,4,8,いいえ,(Ｕ^ω^)亭馬琴 / カルボ姉（ねえ） / イチャン～(から) / オペラハウス侯爵 / うるっしー
5,327,em-760bb0daf1c9,ゲキ悪オヤジ(神),53,5112,5112,6,delay,0.3807,0.4097,98,2,5,いいえ,青玉の供犠ぴよ子 / 北間・クラリス嬢 / トリニダの怪人 / グラディ瑛太 / ゲキ悪オヤジ(神)
5,328,em-6197bad49878,水島神人,6,700,300,5,guard,0.3805,0.6319,94,6,8,いいえ,(Ｕ^ω^)亭馬琴 / カルボ姉（ねえ） / イチャン～(から) / オペラハウス侯爵 / 水島神人
5,329,em-88669edc6480,京子はまだやれる！,10,718,694,4,damage_reduction,0.3803,0.6667,98,2,8,いいえ,(Ｕ^ω^)亭馬琴 / カルボ姉（ねえ） / イチャン～(から) / オペラハウス侯爵 / 京子はまだやれる！
5,330,em-40bd3b1e44fa,五月病の悪魔の契約,55,4123,4226,4,aoe_attack,0.38,0.4375,100,0,5,いいえ,青玉の供犠ぴよ子 / 北間・クラリス嬢 / トリニダの怪人 / グラディ瑛太 / 五月病の悪魔の契約
5,331,em-28a4ccf4cbfc,ステンバーイちび蔵,24,596,3748,4,revive,0.3799,0.6319,94,6,8,いいえ,ハリウッドナナコ師匠 / カルボ姉（ねえ） / ????? / 御嶽さん / ステンバーイちび蔵
5,332,em-dab58d0db3e1,夕陽のカウボーイ,17,1661,1661,5,revive,0.3795,0.6181,94,6,8,いいえ,ハリウッドナナコ師匠 / えかちぇたん / ????? / 御嶽さん / 夕陽のカウボーイ
5,333,em-2b3991ed5705,伝統の牛タソ,10,600,100,4,guard,0.379,0.6319,98,2,8,いいえ,(Ｕ^ω^)亭馬琴 / カルボ姉（ねえ） / イチャン～(から) / オペラハウス侯爵 / 伝統の牛タソ
5,334,em-e5fb3c6a3323,ガジュ・まる子さん,34,3748,4430,5,revive,0.3789,0.625,96,4,8,いいえ,ハリウッドナナコ師匠 / カルボ姉（ねえ） / トマティーナ少佐 / みどりのたけしマン / ガジュ・まる子さん
5,335,em-595b1ebc9a59,戦え！ブルりん,16,1400,1600,4,damage_reduction,0.3788,0.6389,99,1,8,いいえ,有砂小町 / カルボ姉（ねえ） / トマティーナ少佐 / トキシッくんｵｯｽｵｯｽ / 戦え！ブルりん
5,336,em-feafabb058cc,皐月けいび,4,614,614,6,skill_reduction,0.3788,0.625,79,21,8,いいえ,有砂小町 / カルボ姉（ねえ） / 試作型おこしん / トキシッくんｵｯｽｵｯｽ / 皐月けいび
5,337,em-3bd6544e0bce,窓辺のやまなしーヌ,13,700,800,4,skill_reduction,0.3786,0.6042,83,17,8,いいえ,????? / カルボ姉（ねえ） / サルパちゃん / トキシッくんｵｯｽｵｯｽ / 窓辺のやまなしーヌ
5,338,em-fbc61d7306d8,ネ申・ぎょざる,11,1198,1204,6,aoe_attack,0.3786,0.5833,94,6,8,いいえ,日本海女中 / 北間・クラリス嬢 / ターヌムンゴネキ / みどりのたけしマン / ネ申・ぎょざる
5,339,em-682cd1ab4ae4,ホーリーエンジェるん,16,1812,1661,5,attack_buff,0.3786,0.5764,99,1,8,いいえ,有砂小町 / 北間・クラリス嬢 / ????? / クェーサルと仲間たち / ホーリーエンジェるん
5,340,em-f4ac535052c1,ɑム・ɑクト・パップ,13,1341,2416,4,heal,0.3779,0.5486,97,3,8,いいえ,タキシラ師匠 / カルボ姉（ねえ） / トランシルヴァニア家族 / ????? / ɑム・ɑクト・パップ
5,341,em-2e5137a70580,やまとーる君,6,600,300,7,damage_reduction,0.3776,0.6319,94,6,8,いいえ,(Ｕ^ω^)亭馬琴 / カルボ姉（ねえ） / イチャン～(から) / オペラハウス侯爵 / やまとーる君
5,342,em-0ba3ddcc384c,雛段芸人☆さくらんず,16,1510,1887,5,skill_reduction,0.3776,0.5208,94,6,8,いいえ,有砂小町 / 北間・クラリス嬢 / トマティーナ少佐 / ɚすぃとあろま？ / 雛段芸人☆さくらんず
5,343,em-deea7d56d1a1,淡路な文楽軒師匠,12,1512,1551,6,skill_reduction,0.3772,0.5139,100,0,8,いいえ,ダリア・宮子・9 / カルボ姉（ねえ） / トマティーナ少佐 / ɚすぃとあろま？ / 淡路な文楽軒師匠
5,344,em-bbcd19672515,ＭＲ凜子様,13,1699,1699,4,attack_buff,0.3771,0.5486,93,7,8,いいえ,ダリア・宮子・9 / カルボ姉（ねえ） / 試作型おこしん / ɚすぃとあろま？ / ＭＲ凜子様
5,345,em-8a847b9e3d1d,アストロ・あっしゅ,15,1900,1100,5,attribute_guard,0.3769,0.6389,100,0,8,いいえ,有砂小町 / カルボ姉（ねえ） / すわ子isGOD！ / トキシッくんｵｯｽｵｯｽ / アストロ・あっしゅ
5,346,em-3e54a6be4029,おかいこ先輩,15,1206,1276,5,attribute_change,0.3766,0.6181,85,15,8,いいえ,????? / カルボ姉（ねえ） / サルパちゃん / トキシッくんｵｯｽｵｯｽ / おかいこ先輩
5,347,em-a41e1401ab71,こんぴらさんさん,19,1500,1500,9,delay,0.3764,0.5208,97,3,7,いいえ,有砂小町 / 北間・クラリス嬢 / トマティーナ少佐 / ɚすぃとあろま？ / こんぴらさんさん
5,348,em-7e0f073f3656,年中無休な落花妖精,41,5538,3834,8,damage_reduction,0.3762,0.5833,96,4,8,いいえ,日本海女中 / カルボ姉（ねえ） / 愛のぴよ子 / ????? / 年中無休な落花妖精
5,349,em-a4d82c09dd0f,魂入！とちぎソウル,7,565,1837,4,attack_buff,0.3762,0.5486,97,3,8,いいえ,有砂小町 / 北間・クラリス嬢 / サルパちゃん / ɚすぃとあろま？ / 魂入！とちぎソウル
5,350,em-3803f94f5ae7,あろまちゃん,3,350,500,4,revive,0.376,0.6597,100,0,8,いいえ,有砂小町 / 北間・クラリス嬢 / ????? / 御嶽さん / あろまちゃん
5,351,em-f18963ac0ea1,すわ子さま,12,700,1000,5,multi_hit_attack,0.376,0.5,95,5,8,いいえ,日本海女中 / 北間・クラリス嬢 / ターヌムンゴネキ / みどりのたけしマン / すわ子さま
5,352,em-577ab88ffefc,河口精進子,8,800,1100,7,delay,0.3758,0.5625,98,2,7,いいえ,ダリア・宮子・9 / カルボ姉（ねえ） / すわ子isGOD！ / ɚすぃとあろま？ / 河口精進子
5,353,em-c8baf5b3e504,斑鳩の太子くん,36,4260,2896,4,heal,0.3754,0.5903,98,2,7,いいえ,ハリウッドナナコ師匠 / カルボ姉（ねえ） / トマティーナ少佐 / みどりのたけしマン / 斑鳩の太子くん
5,354,em-9c1df245a2ec,のぶくろお館,16,1100,1300,6,aoe_attack,0.3753,0.5069,96,4,8,いいえ,有砂小町 / 北間・クラリス嬢 / すわ子isGOD！ / ɚすぃとあろま？ / のぶくろお館
5,355,em-609b9d122d32,ネオむりょく,6,168,149,6,guard,0.3752,0.6458,94,6,8,いいえ,(Ｕ^ω^)亭馬琴 / カルボ姉（ねえ） / イチャン～(から) / オペラハウス侯爵 / ネオむりょく
5,356,em-9e9fc5ee5a9c,深淵のエルフ,18,2537,3059,4,attack_buff,0.3749,0.5694,95,5,7,いいえ,ハリウッドナナコ師匠 / カルボ姉（ねえ） / ????? / ブハラ師匠 / 深淵のエルフ
5,357,em-dbd545e946e6,嫁劇！くーにゃん,40,2556,6816,4,attack_buff,0.3741,0.5694,94,6,8,いいえ,青玉の供犠ぴよ子 / カルボ姉（ねえ） / 愛のぴよ子 / みどりのたけしマン / 嫁劇！くーにゃん
5,358,em-a769fc8e5005,真サタデーナイト郡上,12,800,1000,5,aoe_attack,0.374,0.5069,96,4,8,いいえ,ハリウッドナナコ師匠 / えかちぇたん / ????? / ブハラ師匠 / 真サタデーナイト郡上
5,359,em-40c34074cbb0,おかいこさま,17,2756,2511,4,attribute_change,0.3739,0.5556,97,3,8,いいえ,有砂小町 / カルボ姉（ねえ） / 愛のぴよ子 / ????? / おかいこさま
5,360,em-1d206f58d0b7,マッキ,6,600,300,4,damage_reduction,0.3738,0.6389,94,6,8,いいえ,(Ｕ^ω^)亭馬琴 / カルボ姉（ねえ） / イチャン～(から) / オペラハウス侯爵 / マッキ
5,361,em-58b6cf5f2d45,忍者！フゥーま,6,500,500,5,guard,0.3735,0.625,94,6,8,いいえ,(Ｕ^ω^)亭馬琴 / カルボ姉（ねえ） / イチャン～(から) / オペラハウス侯爵 / 忍者！フゥーま
5,362,em-a68c8ce48bea,こんにゃく姫,37,5964,2726,7,attack_buff,0.3727,0.5833,98,2,5,いいえ,青玉の供犠ぴよ子 / えかちぇたん / 愛のぴよ子 / みどりのたけしマン / こんにゃく姫
5,363,em-fb6292300fc0,妖怪おたべ,5,525,455,4,delay,0.3726,0.625,80,20,8,いいえ,有砂小町 / カルボ姉（ねえ） / 試作型おこしん / トキシッくんｵｯｽｵｯｽ / 妖怪おたべ
5,364,em-f13588602944,生イカのアーニー,15,3220,1610,4,attack_buff,0.3726,0.5347,95,5,7,いいえ,有砂小町 / カルボ姉（ねえ） / 愛のぴよ子 / ????? / 生イカのアーニー
5,365,em-7941e8376c00,堕楽・ぴよボロス,46,756,7572,4,attack_buff,0.3713,0.5208,98,2,8,いいえ,日本海女中 / カルボ姉（ねえ） / 愛のぴよ子 / ɚすぃとあろま？ / 堕楽・ぴよボロス
5,366,em-599b57f2e5c4,Halloweenの蘭子さん,37,2044,5964,5,revive,0.3711,0.625,99,1,5,いいえ,ハリウッドナナコ師匠 / カルボ姉（ねえ） / トマティーナ少佐 / みどりのたけしマン / Halloweenの蘭子さん
5,367,em-35e37020b193,æッシュちゃん,17,3542,2254,5,attribute_guard,0.3709,0.5625,100,0,8,いいえ,有砂小町 / カルボ姉（ねえ） / すわ子isGOD！ / 愛のぴよ子 / æッシュちゃん
5,368,em-231cdc0f0757,忠犬八太郎,14,3775,755,6,delay,0.3709,0.5347,97,3,8,いいえ,有砂小町 / 北間・クラリス嬢 / すわ子isGOD！ / ????? / 忠犬八太郎
5,369,em-7affb78d3b91,渇求するネギの果て,10,754,754,4,guard,0.3704,0.6181,98,2,8,いいえ,(Ｕ^ω^)亭馬琴 / カルボ姉（ねえ） / イチャン～(から) / オペラハウス侯爵 / 渇求するネギの果て
5,370,em-1a6fa57fc44e,朦朧ボディマンβ,12,400,1500,10,multi_hit_attack,0.3702,0.4861,96,4,8,いいえ,ハリウッドナナコ師匠 / えかちぇたん / ????? / ブハラ師匠 / 朦朧ボディマンβ
5,371,em-53cfa10130db,みさきちゃん,10,800,1000,5,multi_hit_attack,0.3701,0.5625,100,0,8,いいえ,有砂小町 / 北間・クラリス嬢 / サルパちゃん / ɚすぃとあろま？ / みさきちゃん
5,372,em-dcc91a9c2ed6,ブルたそ,12,1000,1200,5,damage_reduction,0.3699,0.6458,97,3,8,いいえ,有砂小町 / カルボ姉（ねえ） / すわ子isGOD！ / トキシッくんｵｯｽｵｯｽ / ブルたそ
5,373,em-a33630899eb2,河口本栖子,18,1200,1500,6,delay,0.3698,0.5208,96,4,8,いいえ,有砂小町 / 北間・クラリス嬢 / トマティーナ少佐 / ɚすぃとあろま？ / 河口本栖子
5,374,em-9467ad3af2e0,大杵社のユッフィー,19,1699,1699,5,attack_buff,0.3679,0.5764,90,10,8,いいえ,日本海女中 / えかちぇたん / 試作型おこしん / みどりのたけしマン / 大杵社のユッフィー
5,375,em-f89a98dd9893,大魔神！せいタン降臨,48,2044,6305,4,attack_buff,0.3679,0.5278,100,0,8,いいえ,日本海女中 / カルボ姉（ねえ） / 愛のぴよ子 / ɚすぃとあろま？ / 大魔神！せいタン降臨
5,376,em-e128354ca2de,シュレーダー帝,31,1795,3097,6,revive,0.3675,0.6042,98,2,7,いいえ,????? / えかちぇたん / すわ子isGOD！ / トキシッくんｵｯｽｵｯｽ / シュレーダー帝
5,377,em-f49b19428b58,ちび丸のハロウィン,17,255,2896,4,revive,0.3672,0.6181,95,5,8,いいえ,有砂小町 / 北間・クラリス嬢 / トマティーナ少佐 / ɚすぃとあろま？ / ちび丸のハロウィン
5,378,em-d5d58dc5e468,子供神・わらしちゃん,7,565,1131,4,delay,0.367,0.5625,97,3,7,いいえ,ダリア・宮子・9 / カルボ姉（ねえ） / すわ子isGOD！ / ɚすぃとあろま？ / 子供神・わらしちゃん
5,379,em-b50530766df4,夏の妖精白良さん,19,1699,1699,4,attack_buff,0.3669,0.5625,96,4,8,いいえ,ハリウッドナナコ師匠 / カルボ姉（ねえ） / ????? / ブハラ師匠 / 夏の妖精白良さん
5,380,em-950b687b1f04,タオるん先輩,9,700,900,4,attribute_guard,0.3668,0.6319,97,3,8,いいえ,(Ｕ^ω^)亭馬琴 / カルボ姉（ねえ） / イチャン～(から) / オペラハウス侯爵 / タオるん先輩
5,381,em-78804a795640,ズンビージョンきゅん,39,1448,4771,6,revive,0.3668,0.5972,98,2,5,いいえ,日本海女中 / えかちぇたん / 愛のぴよ子 / ɚすぃとあろま？ / ズンビージョンきゅん
5,382,em-a6927eca01fa,すわ子ちゃん,8,500,800,6,multi_hit_attack,0.3668,0.5069,98,2,8,いいえ,有砂小町 / 北間・クラリス嬢 / サルパちゃん / ɚすぃとあろま？ / すわ子ちゃん
5,383,em-22dd952da197,ハントンの兄貴,11,1057,1198,5,multi_hit_attack,0.3666,0.5069,95,5,8,いいえ,ハリウッドナナコ師匠 / えかちぇたん / ????? / ブハラ師匠 / ハントンの兄貴
5,384,em-c750011c554d,夢奈マコ（16才）,60,7497,2130,5,guard,0.3664,0.4514,84,16,4,いいえ,魚臣！又土くん / ペーチパイセン / ウナギーヌ課長 / のり男さん / 夢奈マコ（16才）
5,385,em-da4562cd6142,プレーン下仁田,10,500,500,4,guard,0.3657,0.625,98,2,8,いいえ,(Ｕ^ω^)亭馬琴 / カルボ姉（ねえ） / イチャン～(から) / オペラハウス侯爵 / プレーン下仁田
5,386,em-53084d488de2,川越ザ・サード,15,666,1607,4,attack_buff,0.3656,0.6458,90,10,7,いいえ,有砂小町 / カルボ姉（ねえ） / 試作型おこしん / トキシッくんｵｯｽｵｯｽ / 川越ザ・サード
5,387,em-ae6ea6bc1914,ズースくん,3,500,400,4,attack_buff,0.3653,0.5903,100,0,8,いいえ,有砂小町 / 北間・クラリス嬢 / ????? / 御嶽さん / ズースくん
5,388,em-a3fc429e3d74,にくぁうさま,15,606,1876,4,attack_buff,0.3652,0.6458,90,10,7,いいえ,有砂小町 / カルボ姉（ねえ） / 試作型おこしん / トキシッくんｵｯｽｵｯｽ / にくぁうさま
5,389,em-e0dcffe4d5d0,大魔神！せいタン降臨,44,2044,6305,4,attack_buff,0.3652,0.5417,98,2,8,いいえ,青玉の供犠ぴよ子 / カルボ姉（ねえ） / 愛のぴよ子 / みどりのたけしマン / 大魔神！せいタン降臨
5,390,em-81fec3e48762,怪人おたべ,4,415,365,4,delay,0.365,0.625,79,21,8,いいえ,有砂小町 / カルボ姉（ねえ） / 試作型おこしん / トキシッくんｵｯｽｵｯｽ / 怪人おたべ
5,391,em-2f3689f15f09,ブルりん,8,800,1000,6,damage_reduction,0.3649,0.6389,96,4,8,いいえ,(Ｕ^ω^)亭馬琴 / カルボ姉（ねえ） / イチャン～(から) / オペラハウス侯爵 / ブルりん
5,392,em-608e027bd3d8,建国の騎士団,12,800,700,8,attribute_guard,0.3649,0.6319,97,3,8,いいえ,有砂小町 / カルボ姉（ねえ） / すわ子isGOD！ / トキシッくんｵｯｽｵｯｽ / 建国の騎士団
5,393,em-d111f497df0f,湘南大水曜日ボーイ,40,2044,5623,4,attack_buff,0.3647,0.5486,94,6,8,いいえ,青玉の供犠ぴよ子 / カルボ姉（ねえ） / 愛のぴよ子 / みどりのたけしマン / 湘南大水曜日ボーイ
5,394,em-a48bcdd76e03,サーファー岡田,15,419,1298,4,attack_buff,0.3646,0.625,90,10,7,いいえ,有砂小町 / カルボ姉（ねえ） / 試作型おこしん / トキシッくんｵｯｽｵｯｽ / サーファー岡田
5,395,em-ef6acbb9fe3a,ﾌｫﾆｰ・ぴよ・ｶﾞｰﾙｽﾞY,25,3703,1771,4,attribute_change,0.3646,0.6181,95,5,8,いいえ,日本海女中 / えかちぇたん / 愛のぴよ子 / みどりのたけしマン / ﾌｫﾆｰ・ぴよ・ｶﾞｰﾙｽﾞY
5,396,em-e4f94dd73b29,あっしゅTHEﾗｯﾊﾟｰ,12,1500,700,5,attribute_guard,0.3643,0.6389,97,3,8,いいえ,有砂小町 / カルボ姉（ねえ） / すわ子isGOD！ / トキシッくんｵｯｽｵｯｽ / あっしゅTHEﾗｯﾊﾟｰ
5,397,em-9372502bc6a4,餞のガブリン,42,1913,5367,4,revive,0.3643,0.5972,100,0,8,いいえ,????? / カルボ姉（ねえ） / すわ子isGOD！ / 愛のぴよ子 / 餞のガブリン
5,398,em-f7e845fc0a39,鎌倉式ＤＢ２,8,811,412,7,guard,0.3641,0.6181,96,4,8,いいえ,(Ｕ^ω^)亭馬琴 / カルボ姉（ねえ） / イチャン～(から) / オペラハウス侯爵 / 鎌倉式ＤＢ２
5,399,em-830856ac5a07,トキシッくん先輩,7,1000,800,4,revive,0.3638,0.5972,88,12,8,いいえ,日本海女中 / カルボ姉（ねえ） / 試作型おこしん / 家族贖罪という字面 / トキシッくん先輩
5,400,em-f0bd2d18332e,Woo怪さん,8,600,700,6,multi_hit_attack,0.3629,0.5139,98,2,8,いいえ,有砂小町 / 北間・クラリス嬢 / サルパちゃん / ɚすぃとあろま？ / Woo怪さん
5,401,em-575ad888f045,スワン先生,5,400,380,6,skill_reduction,0.3627,0.625,80,20,8,いいえ,有砂小町 / カルボ姉（ねえ） / 試作型おこしん / トキシッくんｵｯｽｵｯｽ / スワン先生
5,402,em-7d756ba8373e,謹賀新年のびゃこ,47,2300,6219,4,attack_buff,0.3626,0.5278,99,1,8,いいえ,日本海女中 / カルボ姉（ねえ） / 愛のぴよ子 / ɚすぃとあろま？ / 謹賀新年のびゃこ
5,403,em-83399e4df86b,必罰のエルフ,18,2093,3281,4,attack_buff,0.3624,0.5556,95,5,8,いいえ,ハリウッドナナコ師匠 / カルボ姉（ねえ） / ????? / ブハラ師匠 / 必罰のエルフ
5,404,em-c25db2f5b4ff,メルヘン☆グリ子,80,9202,3748,4,damage_reduction,0.3624,0.4097,99,1,4,いいえ,ハントンくん / 猫キャットマンジョン / 覚醒ニート / あっぴーちゃん / メルヘン☆グリ子
5,405,em-68c24ce7bf95,女帝！カるたーニャ,40,3408,3408,4,attack_buff,0.362,0.5417,94,6,8,いいえ,青玉の供犠ぴよ子 / カルボ姉（ねえ） / 愛のぴよ子 / みどりのたけしマン / 女帝！カるたーニャ
5,406,em-bc6da5addf52,桜ブーナッド,46,5547,4013,5,heal,0.3619,0.5903,100,0,8,いいえ,青玉の供犠ぴよ子 / カルボ姉（ねえ） / 愛のぴよ子 / みどりのたけしマン / 桜ブーナッド
5,407,em-2f1780cfd053,どーよ様,15,500,1900,5,attack_buff,0.3618,0.6458,90,10,7,いいえ,有砂小町 / カルボ姉（ねえ） / 試作型おこしん / トキシッくんｵｯｽｵｯｽ / どーよ様
5,408,em-10aded4f89d1,ゲイコツガブリムシ,13,820,2300,5,revive,0.3614,0.625,97,3,8,いいえ,タキシラ師匠 / カルボ姉（ねえ） / トランシルヴァニア家族 / ????? / ゲイコツガブリムシ
5,409,em-0a88e828f44f,あずま京子,7,500,500,4,damage_reduction,0.3612,0.6528,95,5,8,いいえ,(Ｕ^ω^)亭馬琴 / カルボ姉（ねえ） / イチャン～(から) / オペラハウス侯爵 / あずま京子
5,410,em-2a2200aaa8bd,バロック神父そん,18,1993,1812,6,attribute_guard,0.3611,0.6042,99,1,8,いいえ,有砂小町 / カルボ姉（ねえ） / トマティーナ少佐 / 愛のぴよ子 / バロック神父そん
5,411,em-a66f91385c36,伝説のキャミー,10,700,1100,4,heal,0.3609,0.625,100,0,8,いいえ,有砂小町 / カルボ姉（ねえ） / 試作型おこしん / オペラハウス侯爵 / 伝説のキャミー
5,412,em-62efa937d743,素敵なびわ子たん,7,500,480,4,damage_reduction,0.3606,0.6528,95,5,8,いいえ,(Ｕ^ω^)亭馬琴 / カルボ姉（ねえ） / イチャン～(から) / オペラハウス侯爵 / 素敵なびわ子たん
5,413,em-618372c0cf56,しょーか先生,10,800,900,5,multi_hit_attack,0.3602,0.5556,100,0,8,いいえ,有砂小町 / 北間・クラリス嬢 / サルパちゃん / ɚすぃとあろま？ / しょーか先生
5,414,em-78c7d71a75d2,美音三銃士を連れてきたよ,50,6475,3748,5,revive,0.3598,0.5625,98,2,7,いいえ,日本海女中 / カルボ姉（ねえ） / 試作型おこしん / 愛のぴよ子 / 美音三銃士を連れてきたよ
5,415,em-ebd6f9bf2bee,中野華蓮(日本人),17,1516,3638,4,attack_buff,0.3598,0.5486,94,6,8,いいえ,ハリウッドナナコ師匠 / カルボ姉（ねえ） / ????? / ブハラ師匠 / 中野華蓮(日本人)
5,416,em-99d6f9e928d6,京子中学２４年生,8,620,612,4,damage_reduction,0.3595,0.6458,96,4,8,いいえ,(Ｕ^ω^)亭馬琴 / カルボ姉（ねえ） / イチャン～(から) / オペラハウス侯爵 / 京子中学２４年生
5,417,em-6a3f787c507e,梵天くん,12,700,900,7,aoe_attack,0.3594,0.5,95,5,8,いいえ,日本海女中 / 北間・クラリス嬢 / ターヌムンゴネキ / みどりのたけしマン / 梵天くん
5,418,em-fb54694c6adc,サイガーイエロー,9,357,1057,4,multi_hit_attack,0.3593,0.4931,93,7,8,いいえ,ハリウッドナナコ師匠 / えかちぇたん / ????? / ブハラ師匠 / サイガーイエロー
5,419,em-a5abadbcbc7d,ちょーカーちゃん,10,700,900,5,delay,0.359,0.5625,100,0,7,いいえ,ダリア・宮子・9 / カルボ姉（ねえ） / すわ子isGOD！ / ɚすぃとあろま？ / ちょーカーちゃん
5,420,em-df28e035685e,ハル先輩,11,626,1096,5,heal,0.359,0.5625,100,0,8,いいえ,日本海女中 / ノローニャ・パイセン / 試作型おこしん / みどりのたけしマン / ハル先輩
5,421,em-a058dba31969,月見だよ！叡智州利偉,10,1100,2002,4,attack_buff,0.359,0.5417,100,0,8,いいえ,有砂小町 / 北間・クラリス嬢 / サルパちゃん / ɚすぃとあろま？ / 月見だよ！叡智州利偉
5,422,em-7aeb7561c788,ににぎのミコト,50,4941,3748,5,attack_buff,0.359,0.5139,98,2,7,いいえ,日本海女中 / カルボ姉（ねえ） / 試作型おこしん / 愛のぴよ子 / ににぎのミコト
5,423,em-d8d7722f9f21,赤パジャマさん,20,2240,3262,5,attribute_guard,0.3584,0.5694,90,10,7,いいえ,(Ｕ^ω^)亭馬琴 / えかちぇたん / トマティーナ少佐 / トキシッくんｵｯｽｵｯｽ / 赤パジャマさん
5,424,em-30a1d9f3d52f,けねずさん,9,702,702,5,damage_reduction,0.3583,0.6389,97,3,8,いいえ,(Ｕ^ω^)亭馬琴 / カルボ姉（ねえ） / イチャン～(から) / オペラハウス侯爵 / けねずさん
5,425,em-149e96a7721b,大黒まはーかーらん,20,2576,2737,10,attack_buff,0.3583,0.5556,97,3,8,いいえ,ハリウッドナナコ師匠 / カルボ姉（ねえ） / ????? / ブハラ師匠 / 大黒まはーかーらん
5,426,em-5528cf768569,リンゴール男爵,4,400,300,4,delay,0.3581,0.625,79,21,8,いいえ,有砂小町 / カルボ姉（ねえ） / 試作型おこしん / トキシッくんｵｯｽｵｯｽ / リンゴール男爵
5,427,em-da18dad9d936,もけーれ！ムベちゃん,53,2896,6475,4,multi_hit_attack,0.3581,0.4028,98,2,5,いいえ,青玉の供犠ぴよ子 / 北間・クラリス嬢 / トリニダの怪人 / グラディ瑛太 / もけーれ！ムベちゃん
5,428,em-4694b1a256f8,悪魔！いびるん,9,600,700,5,guard,0.358,0.6111,97,3,8,いいえ,(Ｕ^ω^)亭馬琴 / カルボ姉（ねえ） / イチャン～(から) / オペラハウス侯爵 / 悪魔！いびるん
5,429,em-12386dff9bd5,サリエリ許さないマン,21,2827,2827,4,revive,0.358,0.5833,91,9,8,いいえ,日本海女中 / えかちぇたん / 愛のぴよ子 / みどりのたけしマン / サリエリ許さないマン
5,430,em-9b717b0ffa22,地獄めぐりベッピー,19,1733,1664,5,attack_buff,0.3578,0.5694,90,10,8,いいえ,日本海女中 / えかちぇたん / 試作型おこしん / みどりのたけしマン / 地獄めぐりベッピー
5,431,em-eece08d90093,罠なくトロイ先輩,18,4830,16,4,multi_hit_attack,0.357,0.6042,99,1,7,いいえ,有砂小町 / 北間・クラリス嬢 / トマティーナ少佐 / ????? / 罠なくトロイ先輩
5,432,em-062228a8b4d2,キャニオン雄大,25,2737,2737,5,attack_buff,0.3568,0.5347,98,2,8,いいえ,日本海女中 / ヤマさんヤミーさん / 試作型おこしん / みどりのたけしマン / キャニオン雄大
5,433,em-eaad577a957c,関さん,5,390,390,4,guard,0.3566,0.5833,95,5,8,いいえ,有砂小町 / えかちぇたん / トマティーナ少佐 / トキシッくんｵｯｽｵｯｽ / 関さん
5,434,em-2c71a7740b67,エルチェの椰子少女,42,4601,4601,5,attack_buff,0.3564,0.5625,100,0,8,いいえ,????? / カルボ姉（ねえ） / すわ子isGOD！ / 愛のぴよ子 / エルチェの椰子少女
5,435,em-19a1ef813069,絶品！さくらん兄妹,10,780,820,5,skill_reduction,0.3561,0.5625,100,0,7,いいえ,ダリア・宮子・9 / カルボ姉（ねえ） / すわ子isGOD！ / ɚすぃとあろま？ / 絶品！さくらん兄妹
5,436,em-dd5697e42ab7,まお先輩,9,600,850,5,skill_reduction,0.3559,0.5625,99,1,7,いいえ,ダリア・宮子・9 / カルボ姉（ねえ） / すわ子isGOD！ / ɚすぃとあろま？ / まお先輩
5,437,em-6e37519134b1,スワン君,4,310,302,6,skill_reduction,0.3556,0.625,79,21,8,いいえ,有砂小町 / カルボ姉（ねえ） / 試作型おこしん / トキシッくんｵｯｽｵｯｽ / スワン君
5,438,em-f7612fbdd637,大森さん,3,1000,100,5,damage_reduction,0.3556,0.5764,93,7,8,いいえ,有砂小町 / えかちぇたん / トマティーナ少佐 / トキシッくんｵｯｽｵｯｽ / 大森さん
5,439,em-7c00cb96c261,バイオうおぬまンダー,12,700,1100,5,aoe_attack,0.3555,0.4931,95,5,8,いいえ,日本海女中 / 北間・クラリス嬢 / ターヌムンゴネキ / みどりのたけしマン / バイオうおぬまンダー
5,440,em-922ebe667c19,けねず先輩,12,800,800,4,damage_reduction,0.3554,0.6319,97,3,8,いいえ,有砂小町 / カルボ姉（ねえ） / すわ子isGOD！ / トキシッくんｵｯｽｵｯｽ / けねず先輩
5,441,em-91791d21e202,ネオけいび,6,305,310,6,attribute_guard,0.3552,0.6458,94,6,8,いいえ,(Ｕ^ω^)亭馬琴 / カルボ姉（ねえ） / イチャン～(から) / オペラハウス侯爵 / ネオけいび
5,442,em-ae65fe2577b0,葉月ぴよ子,8,590,2110,6,attack_buff,0.355,0.5208,98,2,8,いいえ,有砂小町 / 北間・クラリス嬢 / サルパちゃん / ɚすぃとあろま？ / 葉月ぴよ子
5,443,em-32538f7c8341,熊殺しのサンタマン,58,6560,4345,5,delay,0.355,0.3264,82,18,4,いいえ,魚臣！又土くん / ペーチパイセン / ウナギーヌ課長 / のり男さん / 熊殺しのサンタマン
5,444,em-698af6462642,反魂タン昼食TIME,32,3067,5623,4,attack_buff,0.3547,0.5694,97,3,8,いいえ,(Ｕ^ω^)亭馬琴 / カルボ姉（ねえ） / すわ子isGOD！ / トキシッくんｵｯｽｵｯｽ / 反魂タン昼食TIME
5,445,em-10c2721383dd,京子☆リフレッシュ,23,2035,3239,5,damage_reduction,0.3544,0.5764,100,0,8,いいえ,????? / えかちぇたん / サルパちゃん / トキシッくんｵｯｽｵｯｽ / 京子☆リフレッシュ
5,446,em-0c931777e175,関くん,4,305,307,4,guard,0.3542,0.5833,94,6,8,いいえ,有砂小町 / えかちぇたん / トマティーナ少佐 / トキシッくんｵｯｽｵｯｽ / 関くん
5,447,em-2a715d5b73f6,白水師匠,12,780,820,6,aoe_attack,0.3542,0.5833,95,5,8,いいえ,日本海女中 / 北間・クラリス嬢 / ターヌムンゴネキ / みどりのたけしマン / 白水師匠
5,448,em-6e2c76ad098c,まおちゃん,6,500,750,6,skill_reduction,0.3542,0.5625,96,4,7,いいえ,ダリア・宮子・9 / カルボ姉（ねえ） / すわ子isGOD！ / ɚすぃとあろま？ / まおちゃん
5,449,em-472362bb4365,超えぇじゃないか,12,840,760,6,aoe_attack,0.3541,0.5,95,5,8,いいえ,日本海女中 / 北間・クラリス嬢 / ターヌムンゴネキ / みどりのたけしマン / 超えぇじゃないか
5,450,em-7a5536e43124,因幡WAHHH!!,31,3578,4771,4,attack_buff,0.354,0.5764,98,2,8,いいえ,タキシラ師匠 / カルボ姉（ねえ） / サルパちゃん / ????? / 因幡WAHHH!!
5,451,em-e6cd26662fe8,クイーン・ク・うぃーん,15,1500,1500,4,attribute_change,0.3536,0.6181,85,15,8,いいえ,????? / カルボ姉（ねえ） / サルパちゃん / トキシッくんｵｯｽｵｯｽ / クイーン・ク・うぃーん
5,452,em-9164bb93f13d,ロロさん,12,700,1000,7,revive,0.3533,0.6389,100,0,8,いいえ,金野デメ子さん / カルボ姉（ねえ） / 試作型おこしん / みどりのたけしマン / ロロさん
5,453,em-3e1bbfb34a76,芳一大師匠,14,1128,1269,4,revive,0.3528,0.6181,98,2,8,いいえ,タキシラ師匠 / カルボ姉（ねえ） / トランシルヴァニア家族 / ????? / 芳一大師匠
5,454,em-72dbaccf035d,新・ＪＡＸＡイル,12,516,1106,6,multi_hit_attack,0.3528,0.4931,79,21,8,いいえ,タキシラ師匠 / カルボ姉（ねえ） / サルパちゃん / ????? / 新・ＪＡＸＡイル
5,455,em-e6110f879f18,ユーコ隊,24,3408,2044,4,revive,0.3523,0.5972,94,6,8,いいえ,日本海女中 / えかちぇたん / 愛のぴよ子 / みどりのたけしマン / ユーコ隊
5,456,em-bca5e711ca4b,あろま・シュワー,16,1060,1201,5,revive,0.3522,0.6042,94,6,8,いいえ,有砂小町 / 北間・クラリス嬢 / トマティーナ少佐 / ɚすぃとあろま？ / あろま・シュワー
5,457,em-20d0672eefa5,実際かにろう,8,1269,987,4,delay,0.3521,0.5486,98,2,7,いいえ,ダリア・宮子・9 / カルボ姉（ねえ） / すわ子isGOD！ / ɚすぃとあろま？ / 実際かにろう
5,458,em-8d320a6b7512,いびるん,6,500,600,5,guard,0.3518,0.6111,94,6,8,いいえ,(Ｕ^ω^)亭馬琴 / カルボ姉（ねえ） / イチャン～(から) / オペラハウス侯爵 / いびるん
5,459,em-b0bd2882f199,タオるん,6,500,600,5,attribute_guard,0.3517,0.625,94,6,8,いいえ,(Ｕ^ω^)亭馬琴 / カルボ姉（ねえ） / イチャン～(から) / オペラハウス侯爵 / タオるん
5,460,em-0add6b5a96ff,朦朧ボディマンα,9,300,1000,10,multi_hit_attack,0.3514,0.4931,99,1,8,いいえ,有砂小町 / 北間・クラリス嬢 / サルパちゃん / ɚすぃとあろま？ / 朦朧ボディマンα
5,461,em-bbff6b354f45,くうかいさん,12,700,1100,4,skill_reduction,0.3512,0.5347,100,0,8,いいえ,ダリア・宮子・9 / カルボ姉（ねえ） / トマティーナ少佐 / ɚすぃとあろま？ / くうかいさん
5,462,em-fc400150cadd,サンタぴよ子,10,1173,1173,4,skill_reduction,0.3509,0.5417,100,0,7,いいえ,ダリア・宮子・9 / カルボ姉（ねえ） / すわ子isGOD！ / ɚすぃとあろま？ / サンタぴよ子
5,463,em-54ee851ff3fb,zuス様とsiラ様,10,1410,987,4,attack_buff,0.3507,0.5347,93,7,8,いいえ,日本海女中 / 北間・クラリス嬢 / ターヌムンゴネキ / みどりのたけしマン / zuス様とsiラ様
5,464,em-3bdc05dce56c,シャボテンコンビ,14,600,800,6,revive,0.3505,0.6042,97,3,8,いいえ,金野デメ子さん / カルボ姉（ねえ） / アウス大先輩 / トキシッくんｵｯｽｵｯｽ / シャボテンコンビ
5,465,em-ea2d3d13fc78,いなば☆うあー,18,1300,1700,4,skill_reduction,0.3505,0.5208,95,5,8,いいえ,ハリウッドナナコ師匠 / カルボ姉（ねえ） / ????? / ブハラ師匠 / いなば☆うあー
5,466,em-b09ebd864da6,みずがめəろまちゃん,14,1057,1198,4,revive,0.3504,0.6042,95,5,8,いいえ,ダリア・宮子・9 / ペーチパイセン / すわ子isGOD！ / ɚすぃとあろま？ / みずがめəろまちゃん
5,467,em-cbfa7306b010,めい子姉さん,7,479,511,5,attribute_guard,0.3497,0.6319,95,5,8,いいえ,(Ｕ^ω^)亭馬琴 / カルボ姉（ねえ） / イチャン～(から) / オペラハウス侯爵 / めい子姉さん
5,468,em-a71ad4631750,絶許！近所のあん子,9,1131,989,4,heal,0.3497,0.5764,100,0,8,いいえ,有砂小町 / カルボ姉（ねえ） / すわ子isGOD！ / ????? / 絶許！近所のあん子
5,469,em-b09b44b6b259,くだにょん,13,1128,1269,4,attack_buff,0.3497,0.5278,89,11,8,いいえ,ダリア・宮子・9 / カルボ姉（ねえ） / 試作型おこしん / おこしんMK-2 / くだにょん
5,470,em-ac023f126b7d,レッサー系メガネ,14,900,800,5,skill_reduction,0.3496,0.5833,84,16,8,いいえ,????? / カルボ姉（ねえ） / サルパちゃん / トキシッくんｵｯｽｵｯｽ / レッサー系メガネ
5,471,em-b34fc14eb133,ピカリャーは眠らない,10,800,1000,5,multi_hit_attack,0.3496,0.4931,94,6,8,いいえ,ハリウッドナナコ師匠 / えかちぇたん / ????? / ブハラ師匠 / ピカリャーは眠らない
5,472,em-4c77b2b8ad46,トキシッくんさん,6,700,600,4,revive,0.3495,0.5903,87,13,8,いいえ,日本海女中 / カルボ姉（ねえ） / 試作型おこしん / 家族贖罪という字面 / トキシッくんさん
5,473,em-e37685227f53,さくちゃん,9,680,724,5,skill_reduction,0.3495,0.5625,99,1,7,いいえ,ダリア・宮子・9 / カルボ姉（ねえ） / すわ子isGOD！ / ɚすぃとあろま？ / さくちゃん
5,474,em-fa48dd1cff0a,祭りだ浅ちゃん！,7,800,1603,4,attack_buff,0.349,0.5208,74,26,8,いいえ,タキシラ師匠 / カルボ姉（ねえ） / サルパちゃん / ????? / 祭りだ浅ちゃん！
5,475,em-8421c50f30c7,しょーかさん,8,700,800,6,multi_hit_attack,0.3489,0.5486,98,2,8,いいえ,有砂小町 / 北間・クラリス嬢 / サルパちゃん / ɚすぃとあろま？ / しょーかさん
5,476,em-de4906019fe7,キープ牧場の決斗,14,700,700,6,revive,0.3482,0.6042,94,6,8,いいえ,有砂小町 / 北間・クラリス嬢 / すわ子isGOD！ / ɚすぃとあろま？ / キープ牧場の決斗
5,477,em-547d0e27e1f1,魚堅くん,3,400,500,7,skill_reduction,0.3482,0.5625,100,0,8,いいえ,有砂小町 / 北間・クラリス嬢 / ????? / 御嶽さん / 魚堅くん
5,478,em-1926af92f1af,カカカのカ次郎,5,500,300,5,delay,0.3481,0.625,80,20,8,いいえ,有砂小町 / カルボ姉（ねえ） / 試作型おこしん / トキシッくんｵｯｽｵｯｽ / カカカのカ次郎
5,479,em-983228ce32d4,あっしゅTHEｷｬｯﾄ,8,1300,500,5,attribute_guard,0.3479,0.6181,96,4,8,いいえ,(Ｕ^ω^)亭馬琴 / カルボ姉（ねえ） / イチャン～(から) / オペラハウス侯爵 / あっしゅTHEｷｬｯﾄ
5,480,em-6572f5492885,ネオニート,6,330,306,6,attribute_guard,0.3478,0.6319,94,6,8,いいえ,(Ｕ^ω^)亭馬琴 / カルボ姉（ねえ） / イチャン～(から) / オペラハウス侯爵 / ネオニート
5,481,em-9bd1ce6f159b,ハントン先輩,6,650,700,6,multi_hit_attack,0.3474,0.5347,96,4,8,いいえ,有砂小町 / 北間・クラリス嬢 / サルパちゃん / ɚすぃとあろま？ / ハントン先輩
5,482,em-e36d35de9441,青谷やよい,42,3578,3374,4,damage_reduction,0.3473,0.5486,97,3,8,いいえ,日本海女中 / カルボ姉（ねえ） / 愛のぴよ子 / ????? / 青谷やよい
5,483,em-4980bf27b119,淡路な浄瑠璃さん,10,708,700,7,skill_reduction,0.3471,0.5625,100,0,7,いいえ,ダリア・宮子・9 / カルボ姉（ねえ） / すわ子isGOD！ / ɚすぃとあろま？ / 淡路な浄瑠璃さん
5,484,em-4586795c80d9,スノーガイ,7,1500,300,4,attack_buff,0.3468,0.5417,90,10,8,いいえ,日本海女中 / 北間・クラリス嬢 / ターヌムンゴネキ / みどりのたけしマン / スノーガイ
5,485,em-434faacf4307,Woo怪くん,6,500,600,7,multi_hit_attack,0.3467,0.5069,96,4,8,いいえ,有砂小町 / 北間・クラリス嬢 / サルパちゃん / ɚすぃとあろま？ / Woo怪くん
5,486,em-75c067942d62,大内先生,11,1699,1699,4,heal,0.3466,0.5556,100,0,8,いいえ,日本海女中 / ノローニャ・パイセン / 試作型おこしん / みどりのたけしマン / 大内先生
5,487,em-ce7547fb3ccd,いぬやマンリメイク！,16,1661,1661,7,attack_buff,0.3462,0.5069,95,5,8,いいえ,金野デメ子さん / ペーチパイセン / 試作型おこしん / みどりのたけしマン / いぬやマンリメイク！
5,488,em-1ad78d7d3c2f,狐仮面,22,2215,1789,4,revive,0.3461,0.6042,100,0,8,いいえ,????? / カルボ姉（ねえ） / 愛のぴよ子 / 諏訪子成長期 / 狐仮面
5,489,em-f8a40042a8dc,王家の騎士,10,650,550,8,attribute_guard,0.346,0.6181,98,2,8,いいえ,(Ｕ^ω^)亭馬琴 / カルボ姉（ねえ） / イチャン～(から) / オペラハウス侯爵 / 王家の騎士
5,490,em-a787bb59ceca,トキシッくん,5,600,500,4,revive,0.3459,0.5903,86,14,8,いいえ,日本海女中 / カルボ姉（ねえ） / 試作型おこしん / 家族贖罪という字面 / トキシッくん
5,491,em-220d63bfc07c,ハントンくん,3,350,500,8,multi_hit_attack,0.3456,0.5625,100,0,8,いいえ,有砂小町 / 北間・クラリス嬢 / ????? / 御嶽さん / ハントンくん
5,492,em-1232a815b671,みさきさん,16,1000,1200,5,multi_hit_attack,0.3454,0.5139,95,5,8,いいえ,金野デメ子さん / ペーチパイセン / 試作型おこしん / みどりのたけしマン / みさきさん
5,493,em-39011821f965,さるぼぼぼぼ～ん,12,800,1000,4,aoe_attack,0.3454,0.4861,95,5,8,いいえ,日本海女中 / 北間・クラリス嬢 / ターヌムンゴネキ / みどりのたけしマン / さるぼぼぼぼ～ん
5,494,em-34853ed0f0f8,ユーコちゃん,24,2556,1533,4,revive,0.3448,0.6042,94,6,8,いいえ,ハリウッドナナコ師匠 / カルボ姉（ねえ） / ????? / 御嶽さん / ユーコちゃん
5,495,em-e501cdcbd254,サタデーナイト郡上２,9,600,700,6,aoe_attack,0.3446,0.5,99,1,8,いいえ,有砂小町 / 北間・クラリス嬢 / サルパちゃん / ɚすぃとあろま？ / サタデーナイト郡上２
5,496,em-bb5629a7c096,安井武勇伝,5,405,395,6,guard,0.344,0.5903,95,5,8,いいえ,有砂小町 / えかちぇたん / トマティーナ少佐 / トキシッくんｵｯｽｵｯｽ / 安井武勇伝
5,497,em-d603cde2467a,ほたるーニャん,5,450,650,4,attribute_change,0.3438,0.5903,80,20,8,いいえ,有砂小町 / カルボ姉（ねえ） / 試作型おこしん / トキシッくんｵｯｽｵｯｽ / ほたるーニャん
5,498,em-b8872ecc31c1,オバケな☆らんちぇん,31,1533,5367,5,attribute_guard,0.3438,0.5556,98,2,8,いいえ,????? / えかちぇたん / すわ子isGOD！ / トキシッくんｵｯｽｵｯｽ / オバケな☆らんちぇん
5,499,em-710becd5b772,雪女フェス祭カーニバル,54,7497,2556,6,attribute_guard,0.3438,0.4792,99,1,5,いいえ,青玉の供犠ぴよ子 / 北間・クラリス嬢 / トリニダの怪人 / グラディ瑛太 / 雪女フェス祭カーニバル
5,500,em-f8bc07a12f5c,Ir☆D☆F！,19,1,2839,6,attribute_guard,0.3435,0.5903,100,0,8,いいえ,有砂小町 / カルボ姉（ねえ） / トマティーナ少佐 / 愛のぴよ子 / Ir☆D☆F！
5,501,em-41c5d9f739e4,健やか泰三,44,3052,5964,5,revive,0.3434,0.5764,99,1,8,いいえ,日本海女中 / カルボ姉（ねえ） / 愛のぴよ子 / ????? / 健やか泰三
5,502,em-233989ddac07,法隆寺博士,4,480,220,6,guard,0.3424,0.5833,88,12,8,いいえ,有砂小町 / 北間・クラリス嬢 / トマティーナ少佐 / クェーサルと仲間たち / 法隆寺博士
5,503,em-4b386c59ef08,キマシ塔の温泉娘,20,1245,2781,5,attack_buff,0.3424,0.5764,91,9,8,いいえ,日本海女中 / えかちぇたん / 試作型おこしん / みどりのたけしマン / キマシ塔の温泉娘
5,504,em-7ada5b98126c,サイガーブルー,8,250,950,5,multi_hit_attack,0.342,0.4861,98,2,8,いいえ,有砂小町 / 北間・クラリス嬢 / サルパちゃん / ɚすぃとあろま？ / サイガーブルー
5,505,em-07a788dc89b4,シャボテン丸,11,400,600,6,revive,0.3419,0.5972,91,9,8,いいえ,有砂小町 / 北間・クラリス嬢 / すわ子isGOD！ / ɚすぃとあろま？ / シャボテン丸
5,506,em-299066b18ca7,バイカル子,14,2999,499,5,attribute_guard,0.3419,0.5556,79,21,8,いいえ,(Ｕ^ω^)亭馬琴 / カルボ姉（ねえ） / すわ子isGOD！ / トキシッくんｵｯｽｵｯｽ / バイカル子
5,507,em-1a814a6b20cf,未来のモア蔵,5,920,160,4,guard,0.3417,0.5764,100,0,8,いいえ,ダリア・宮子・9 / カルボ姉（ねえ） / ????? / 有棘画工 / 未来のモア蔵
5,508,em-b4ff04580be9,安井のトンちゃん,4,305,297,6,guard,0.341,0.5903,94,6,8,いいえ,有砂小町 / えかちぇたん / トマティーナ少佐 / トキシッくんｵｯｽｵｯｽ / 安井のトンちゃん
5,509,em-25fed9fde1ce,かっさーWoo！,16,1131,2403,4,attack_buff,0.3404,0.5,95,5,8,いいえ,金野デメ子さん / ペーチパイセン / 試作型おこしん / みどりのたけしマン / かっさーWoo！
5,510,em-3850dfa89114,流浪の騎士,7,510,470,9,attribute_guard,0.3403,0.625,95,5,8,いいえ,(Ｕ^ω^)亭馬琴 / カルボ姉（ねえ） / イチャン～(から) / オペラハウス侯爵 / 流浪の騎士
5,511,em-278299c58131,けねず君,8,603,603,5,damage_reduction,0.3403,0.625,96,4,8,いいえ,(Ｕ^ω^)亭馬琴 / カルボ姉（ねえ） / イチャン～(から) / オペラハウス侯爵 / けねず君
5,512,em-6de5eba89049,天孫降臨ににぎくん,25,2334,2817,5,attack_buff,0.3403,0.5069,97,3,8,いいえ,日本海女中 / 北間・クラリス嬢 / ????? / 御嶽さん / 天孫降臨ににぎくん
5,513,em-70a9a07ea8d9,うさ☆八幡さま,60,5964,5964,6,delay,0.3397,0.2986,84,16,4,いいえ,魚臣！又土くん / ペーチパイセン / ウナギーヌ課長 / のり男さん / うさ☆八幡さま
5,514,em-e7b02783dd94,梵天ちゃん,8,500,700,8,aoe_attack,0.3391,0.4931,98,2,8,いいえ,有砂小町 / 北間・クラリス嬢 / サルパちゃん / ɚすぃとあろま？ / 梵天ちゃん
5,515,em-9f9a1c0e673f,リアルリオンさん,10,600,1100,5,delay,0.339,0.5417,100,0,7,いいえ,ダリア・宮子・9 / カルボ姉（ねえ） / すわ子isGOD！ / ɚすぃとあろま？ / リアルリオンさん
5,516,em-24ccb3f9affa,むりょく,5,159,144,5,guard,0.3388,0.5833,89,11,8,いいえ,有砂小町 / 北間・クラリス嬢 / トマティーナ少佐 / クェーサルと仲間たち / むりょく
5,517,em-41ff91d7d090,有馬スター,9,1159,1244,4,heal,0.3388,0.5625,100,0,8,いいえ,有砂小町 / カルボ姉（ねえ） / すわ子isGOD！ / ????? / 有馬スター
5,518,em-0ccc51b405ca,初代畳リーゼント,13,1045,2258,4,attack_buff,0.3388,0.5208,89,11,8,いいえ,ダリア・宮子・9 / カルボ姉（ねえ） / 試作型おこしん / おこしんMK-2 / 初代畳リーゼント
5,519,em-ce7e2e4f30af,らん坊,8,580,626,4,skill_reduction,0.3387,0.5556,98,2,7,いいえ,ダリア・宮子・9 / カルボ姉（ねえ） / すわ子isGOD！ / ɚすぃとあろま？ / らん坊
5,520,em-458c94f99220,ほたるーニャ,3,350,500,5,attribute_change,0.338,0.5833,100,0,8,いいえ,有砂小町 / 北間・クラリス嬢 / ????? / 御嶽さん / ほたるーニャ
5,521,em-9c69c811a77c,ヤック・ザ・ナイト,8,600,700,5,multi_hit_attack,0.3377,0.4931,98,2,8,いいえ,有砂小町 / 北間・クラリス嬢 / サルパちゃん / ɚすぃとあろま？ / ヤック・ザ・ナイト
5,522,em-a2165d67f8cb,こんぴらくん,12,900,900,7,delay,0.3375,0.5208,100,0,8,いいえ,ダリア・宮子・9 / カルボ姉（ねえ） / トマティーナ少佐 / ɚすぃとあろま？ / こんぴらくん
5,523,em-4c03ad40dce9,源のゴライコー,75,7923,6390,4,attack_buff,0.3373,0.3819,99,1,4,いいえ,魚臣！又土くん / ペーチパイセン / ウナギーヌ課長 / のり男さん / 源のゴライコー
5,524,em-34a894a8519d,ロロ先輩,16,1100,1400,6,revive,0.3365,0.5903,94,6,8,いいえ,有砂小町 / 北間・クラリス嬢 / トマティーナ少佐 / ɚすぃとあろま？ / ロロ先輩
5,525,em-d64cb9cf5bb3,それマジカ,3,350,500,5,attribute_guard,0.336,0.5764,100,0,8,いいえ,有砂小町 / カルボ姉（ねえ） / 愛のぴよ子 / 御嶽さん / それマジカ
5,526,em-2276063b9e3e,鳴子姫,11,1128,1128,5,aoe_attack,0.336,0.5278,94,6,8,いいえ,日本海女中 / 北間・クラリス嬢 / ターヌムンゴネキ / みどりのたけしマン / 鳴子姫
5,527,em-37ab32b36f96,ハントンさん,5,450,650,7,multi_hit_attack,0.336,0.5278,95,5,8,いいえ,有砂小町 / 北間・クラリス嬢 / サルパちゃん / ɚすぃとあろま？ / ハントンさん
5,528,em-204ef16c9e26,カピ原雄さん,6,300,500,6,revive,0.3356,0.5972,87,13,8,いいえ,日本海女中 / カルボ姉（ねえ） / 試作型おこしん / 家族贖罪という字面 / カピ原雄さん
5,529,em-05688a606392,芳一くん,3,300,400,7,revive,0.3354,0.6181,100,0,8,いいえ,有砂小町 / 北間・クラリス嬢 / ????? / 御嶽さん / 芳一くん
5,530,em-251adb8af3dc,にくぁう餃子権現,30,1365,3638,4,attack_buff,0.3352,0.5625,97,3,8,いいえ,????? / えかちぇたん / すわ子isGOD！ / トキシッくんｵｯｽｵｯｽ / にくぁう餃子権現
5,531,em-e535034b31b0,吉野スライマー,5,495,305,5,guard,0.3351,0.5694,100,0,8,いいえ,ダリア・宮子・9 / カルボ姉（ねえ） / ????? / 有棘画工 / 吉野スライマー
5,532,em-e2ba004694cc,ＪＡＸＡイル,8,394,794,6,multi_hit_attack,0.3347,0.4861,98,2,8,いいえ,有砂小町 / 北間・クラリス嬢 / サルパちゃん / ɚすぃとあろま？ / ＪＡＸＡイル
5,533,em-4d6fe3f2c9ae,くーさん,3,300,400,4,attack_buff,0.3346,0.5556,100,0,8,いいえ,有砂小町 / 北間・クラリス嬢 / ????? / 御嶽さん / くーさん
5,534,em-0d41ec5f78f0,じょーカーくん,6,500,600,6,delay,0.3345,0.5486,96,4,7,いいえ,ダリア・宮子・9 / カルボ姉（ねえ） / すわ子isGOD！ / ɚすぃとあろま？ / じょーカーくん
5,535,em-6f8dfc0a39eb,近すぎリオンさん,16,1000,1500,4,delay,0.3338,0.5069,100,0,8,いいえ,ダリア・宮子・9 / ペーチパイセン / すわ子isGOD！ / ????? / 近すぎリオンさん
5,536,em-0063b3d17f76,玄武むりょく,4,165,165,6,damage_reduction,0.3333,0.5833,94,6,8,いいえ,有砂小町 / えかちぇたん / トマティーナ少佐 / トキシッくんｵｯｽｵｯｽ / 玄武むりょく
5,537,em-188f3b3f954c,凄ェたっくん,8,636,1767,5,attack_buff,0.3332,0.5139,98,2,8,いいえ,有砂小町 / 北間・クラリス嬢 / サルパちゃん / ɚすぃとあろま？ / 凄ェたっくん
5,538,em-5d524aa44032,元祖・銘菓ぴよ子,8,605,625,4,multi_hit_attack,0.3329,0.4931,98,2,8,いいえ,有砂小町 / 北間・クラリス嬢 / サルパちゃん / ɚすぃとあろま？ / 元祖・銘菓ぴよ子
5,539,em-2697b5e55b56,あろまちゃん+空気,6,650,700,4,revive,0.3324,0.5833,87,13,8,いいえ,日本海女中 / カルボ姉（ねえ） / 試作型おこしん / 家族贖罪という字面 / あろまちゃん+空気
5,540,em-883c35b094ae,淡路でくろこップ,8,605,600,8,skill_reduction,0.3324,0.5486,98,2,7,いいえ,ダリア・宮子・9 / カルボ姉（ねえ） / すわ子isGOD！ / ɚすぃとあろま？ / 淡路でくろこップ
5,541,em-d9f30734dd50,草カロ花子,7,1159,1244,5,heal,0.3324,0.5278,88,12,8,いいえ,日本海女中 / カルボ姉（ねえ） / 試作型おこしん / 家族贖罪という字面 / 草カロ花子
5,542,em-6f9254f46753,うわマジカ,4,450,650,4,attribute_guard,0.3316,0.5556,97,3,8,いいえ,有砂小町 / カルボ姉（ねえ） / サルパちゃん / 愛のぴよ子 / うわマジカ
5,543,em-0f6666d2132f,サイガーレッド,7,170,830,5,multi_hit_attack,0.3315,0.4861,97,3,8,いいえ,有砂小町 / 北間・クラリス嬢 / サルパちゃん / ɚすぃとあろま？ / サイガーレッド
5,544,em-40b14b1190a7,芳一先生,6,600,700,5,revive,0.3307,0.5972,87,13,8,いいえ,日本海女中 / カルボ姉（ねえ） / 試作型おこしん / 家族贖罪という字面 / 芳一先生
5,545,em-04bcad8262b9,現実リオンさん,12,700,1300,4,delay,0.3306,0.5139,100,0,8,いいえ,ダリア・宮子・9 / カルボ姉（ねえ） / トマティーナ少佐 / ɚすぃとあろま？ / 現実リオンさん
5,546,em-6b4ea2116a46,降臨先祖★ににぎくん,20,2334,2817,5,attack_buff,0.3303,0.5347,91,9,8,いいえ,日本海女中 / えかちぇたん / 試作型おこしん / みどりのたけしマン / 降臨先祖★ににぎくん
5,547,em-40f4824b1c65,芋煮千十郎,9,1901,502,4,multi_hit_attack,0.3302,0.5417,99,1,8,いいえ,有砂小町 / 北間・クラリス嬢 / サルパちゃん / ɚすぃとあろま？ / 芋煮千十郎
5,548,em-67c9c425e81c,大いなる奇なる皇女,60,4260,4260,5,multi_hit_attack,0.3301,0.3681,84,16,4,いいえ,魚臣！又土くん / ペーチパイセン / ウナギーヌ課長 / のり男さん / 大いなる奇なる皇女
5,549,em-2ce242ee5866,スノーメン,5,1300,200,5,attack_buff,0.33,0.5347,88,12,8,いいえ,日本海女中 / 北間・クラリス嬢 / ターヌムンゴネキ / みどりのたけしマン / スノーメン
5,550,em-2d8f15eaba64,のぶくろさん,12,700,900,7,aoe_attack,0.33,0.4931,95,5,8,いいえ,日本海女中 / 北間・クラリス嬢 / ターヌムンゴネキ / みどりのたけしマン / のぶくろさん
5,551,em-c08f9d20049a,激辛ふとし君,8,701,1702,5,attack_buff,0.3295,0.5069,98,2,8,いいえ,有砂小町 / 北間・クラリス嬢 / サルパちゃん / ɚすぃとあろま？ / 激辛ふとし君
5,552,em-e7adf536ba2f,やまなしーヌさま,9,500,600,5,skill_reduction,0.3294,0.5486,99,1,7,いいえ,ダリア・宮子・9 / カルボ姉（ねえ） / すわ子isGOD！ / ɚすぃとあろま？ / やまなしーヌさま
5,553,em-efaa90d2f7dc,竹輪先生,3,150,700,5,attack_buff,0.3292,0.5694,100,0,8,いいえ,有砂小町 / 北間・クラリス嬢 / ????? / 御嶽さん / 竹輪先生
5,554,em-2d8e102d95f3,えぇじゃないか,8,640,580,7,aoe_attack,0.3292,0.4861,98,2,8,いいえ,有砂小町 / 北間・クラリス嬢 / サルパちゃん / ɚすぃとあろま？ / えぇじゃないか
5,555,em-865f442bc56a,神魚！はたはタン,6,700,600,4,heal,0.3286,0.5347,87,13,8,いいえ,日本海女中 / カルボ姉（ねえ） / 試作型おこしん / 家族贖罪という字面 / 神魚！はたはタン
5,556,em-75066f4bfd55,くーにょん,6,600,700,4,attack_buff,0.3286,0.5069,96,4,8,いいえ,有砂小町 / 北間・クラリス嬢 / サルパちゃん / ɚすぃとあろま？ / くーにょん
5,557,em-471b1ba55d5c,有馬んば,13,1413,1244,4,heal,0.3285,0.5486,97,3,8,いいえ,タキシラ師匠 / カルボ姉（ねえ） / トランシルヴァニア家族 / ????? / 有馬んば
5,558,em-4900e4471484,モア蔵,4,722,90,4,guard,0.3283,0.5625,94,6,8,いいえ,有砂小町 / えかちぇたん / トマティーナ少佐 / トキシッくんｵｯｽｵｯｽ / モア蔵
5,559,em-3ff69ed35fe7,wiーん・ザ・ウルフ,19,2898,2898,4,attribute_change,0.3283,0.5417,94,6,8,いいえ,タキシラ師匠 / カルボ姉（ねえ） / サルパちゃん / みどりのたけしマン / wiーん・ザ・ウルフ
5,560,em-144424b04d69,あろまさん,5,450,650,4,revive,0.328,0.5833,86,14,8,いいえ,日本海女中 / カルボ姉（ねえ） / 試作型おこしん / 家族贖罪という字面 / あろまさん
5,561,em-02e0499d8e24,朱雀,36,4430,4941,4,attack_buff,0.328,0.5347,100,0,7,いいえ,タキシラ師匠 / カルボ姉（ねえ） / サルパちゃん / ɚすぃとあろま？ / 朱雀
5,562,em-955edfecd83b,天晴！ぶんぶくん,22,1883,1162,4,revive,0.3277,0.5903,99,1,8,いいえ,ハリウッドナナコ師匠 / えかちぇたん / ????? / 御嶽さん / 天晴！ぶんぶくん
5,563,em-c7088988ea18,ガンギマリのメル先生,12,597,341,5,multi_hit_attack,0.3276,0.5833,95,5,8,いいえ,日本海女中 / 北間・クラリス嬢 / ターヌムンゴネキ / みどりのたけしマン / ガンギマリのメル先生
5,564,em-401fb8fe2284,S.K.O.Tちゃん,3,750,200,6,heal,0.3274,0.5556,100,0,8,いいえ,有砂小町 / 北間・クラリス嬢 / ????? / 御嶽さん / S.K.O.Tちゃん
5,565,em-0985c7675d5c,みかん姐さん,13,1100,600,4,aoe_attack,0.327,0.5694,89,11,8,いいえ,ダリア・宮子・9 / カルボ姉（ねえ） / 試作型おこしん / おこしんMK-2 / みかん姐さん
5,566,em-df95e8471300,名家ぴよ子お嬢様,10,1331,1374,5,attack_buff,0.327,0.5347,100,0,8,いいえ,有砂小町 / 北間・クラリス嬢 / サルパちゃん / ɚすぃとあろま？ / 名家ぴよ子お嬢様
5,567,em-33289e43e28b,ほたるーニャん☆ミ,7,650,700,4,attribute_change,0.3268,0.5625,97,3,7,いいえ,ダリア・宮子・9 / カルボ姉（ねえ） / すわ子isGOD！ / ɚすぃとあろま？ / ほたるーニャん☆ミ
5,568,em-1290652c5171,萌やし博士,10,408,1212,4,attack_buff,0.3268,0.5139,100,0,8,いいえ,有砂小町 / 北間・クラリス嬢 / サルパちゃん / ɚすぃとあろま？ / 萌やし博士
5,569,em-ce4a4d623424,ケンＺＯ４号,8,502,1901,5,attack_buff,0.3268,0.5069,98,2,8,いいえ,有砂小町 / 北間・クラリス嬢 / サルパちゃん / ɚすぃとあろま？ / ケンＺＯ４号
5,570,em-354b4786550a,魔滅！鷹山先生,27,1283,1283,4,delay,0.3263,0.4861,99,1,8,いいえ,(Ｕ^ω^)亭馬琴 / えかちぇたん / すわ子isGOD！ / トキシッくんｵｯｽｵｯｽ / 魔滅！鷹山先生
5,571,em-1c29986cc8dd,玄武けいび,4,315,335,6,damage_reduction,0.3259,0.5833,88,12,8,いいえ,有砂小町 / 北間・クラリス嬢 / トマティーナ少佐 / クェーサルと仲間たち / 玄武けいび
5,572,em-55bda88e7993,パンダ系メガネ,16,1300,1200,6,skill_reduction,0.3257,0.5069,100,0,8,いいえ,ダリア・宮子・9 / ペーチパイセン / すわ子isGOD！ / ????? / パンダ系メガネ
5,573,em-33efacdd0b0b,ににぎ先輩,18,1100,1300,5,attack_buff,0.3256,0.5347,95,5,8,いいえ,ハリウッドナナコ師匠 / カルボ姉（ねえ） / ????? / ブハラ師匠 / ににぎ先輩
5,574,em-8d2b5bd68a94,ズースさんとシーラさん,6,800,600,4,attack_buff,0.3255,0.5139,89,11,8,いいえ,日本海女中 / 北間・クラリス嬢 / ターヌムンゴネキ / みどりのたけしマン / ズースさんとシーラさん
5,575,em-0352f52bd9a3,スワン様,6,500,480,5,skill_reduction,0.3253,0.5486,96,4,7,いいえ,ダリア・宮子・9 / カルボ姉（ねえ） / すわ子isGOD！ / ɚすぃとあろま？ / スワン様
5,576,em-d19d4f1b57e1,ロボうおぬまンダー,9,600,800,6,aoe_attack,0.3252,0.4861,93,7,8,いいえ,ハリウッドナナコ師匠 / えかちぇたん / ????? / ブハラ師匠 / ロボうおぬまンダー
5,577,em-7db55d8e78d1,やまなしーヌさん,6,400,500,6,skill_reduction,0.3251,0.5486,96,4,7,いいえ,ダリア・宮子・9 / カルボ姉（ねえ） / すわ子isGOD！ / ɚすぃとあろま？ / やまなしーヌさん
5,578,em-36d4f380dee2,ギャングなウツ雄様,60,4856,4856,5,damage_reduction,0.3251,0.4514,84,16,4,いいえ,魚臣！又土くん / ペーチパイセン / ウナギーヌ課長 / のり男さん / ギャングなウツ雄様
5,579,em-b90efc9e636b,婆娑羅でどーよ,18,1046,4105,4,attack_buff,0.3245,0.5347,95,5,8,いいえ,ハリウッドナナコ師匠 / カルボ姉（ねえ） / ????? / ブハラ師匠 / 婆娑羅でどーよ
5,580,em-8cd856412a10,にくぁうぅぅぅぅぅ！,17,1355,3638,4,attack_buff,0.3241,0.5417,94,6,8,いいえ,ハリウッドナナコ師匠 / カルボ姉（ねえ） / ????? / ブハラ師匠 / にくぁうぅぅぅぅぅ！
5,581,em-525fc1b65a26,吉野スライム,4,411,209,5,guard,0.3237,0.5625,94,6,8,いいえ,有砂小町 / えかちぇたん / トマティーナ少佐 / トキシッくんｵｯｽｵｯｽ / 吉野スライム
5,582,em-87b19d1c9d4e,ベリーズさん,9,1057,1692,5,attack_buff,0.3236,0.5208,99,1,8,いいえ,有砂小町 / 北間・クラリス嬢 / サルパちゃん / ɚすぃとあろま？ / ベリーズさん
5,583,em-5fba2111c2ae,くろこップ,7,498,482,9,skill_reduction,0.3235,0.5486,97,3,7,いいえ,ダリア・宮子・9 / カルボ姉（ねえ） / すわ子isGOD！ / ɚすぃとあろま？ / くろこップ
5,584,em-96c8b7af6f5c,ネギtheダーウィン,30,5112,0,5,attribute_change,0.3234,0.5903,100,0,8,いいえ,日本海女中 / えかちぇたん / 愛のぴよ子 / みどりのたけしマン / ネギtheダーウィン
5,585,em-564e1dfe9c75,コニーちゃん,3,300,300,4,damage_reduction,0.323,0.5764,93,7,8,いいえ,有砂小町 / えかちぇたん / トマティーナ少佐 / トキシッくんｵｯｽｵｯｽ / コニーちゃん
5,586,em-9791eaaeef3c,メーピスさん,8,600,700,6,multi_hit_attack,0.3229,0.4931,91,9,8,いいえ,日本海女中 / 北間・クラリス嬢 / ターヌムンゴネキ / みどりのたけしマン / メーピスさん
5,587,em-f938c5c907fd,ももたろす,8,1000,1000,4,attribute_change,0.3225,0.5694,98,2,7,いいえ,ダリア・宮子・9 / カルボ姉（ねえ） / すわ子isGOD！ / ɚすぃとあろま？ / ももたろす
5,588,em-54f582db41b4,みかん姉さん,10,1000,500,6,aoe_attack,0.3224,0.5694,93,7,8,いいえ,日本海女中 / 北間・クラリス嬢 / ターヌムンゴネキ / みどりのたけしマン / みかん姉さん
5,589,em-407710659ecb,玄武ニート,4,330,320,6,damage_reduction,0.3223,0.5764,94,6,8,いいえ,有砂小町 / えかちぇたん / トマティーナ少佐 / トキシッくんｵｯｽｵｯｽ / 玄武ニート
5,590,em-549e080062a7,ぶんぶくん,22,1550,895,4,revive,0.3214,0.5903,100,0,8,いいえ,????? / カルボ姉（ねえ） / 愛のぴよ子 / 諏訪子成長期 / ぶんぶくん
5,591,em-3d2c7dfded66,サタデーナイト郡上,6,500,600,7,aoe_attack,0.321,0.4792,96,4,8,いいえ,有砂小町 / 北間・クラリス嬢 / サルパちゃん / ɚすぃとあろま？ / サタデーナイト郡上
5,592,em-af3decda6522,式部卿鮒麿,8,640,565,5,heal,0.3204,0.5347,89,11,8,いいえ,日本海女中 / カルボ姉（ねえ） / 試作型おこしん / 家族贖罪という字面 / 式部卿鮒麿
5,593,em-67aa8e3ee215,川越料理長,17,1175,3655,4,attack_buff,0.3203,0.5347,94,6,8,いいえ,ハリウッドナナコ師匠 / カルボ姉（ねえ） / ????? / ブハラ師匠 / 川越料理長
5,594,em-a87c308ef7c4,トミスLOVE様,52,4686,4686,4,revive,0.3198,0.5278,100,0,7,いいえ,日本海女中 / カルボ姉（ねえ） / 試作型おこしん / 愛のぴよ子 / トミスLOVE様
5,595,em-18cdc04bd0d0,ｼﾞｬｯｸｵｰ・ランちゃん,20,1022,3578,5,attribute_guard,0.3197,0.5347,96,4,7,いいえ,ダリア・宮子・9 / カルボ姉（ねえ） / 試作型おこしん / おこしんMK-2 / ｼﾞｬｯｸｵｰ・ランちゃん
5,596,em-518934908b79,こんにゃくさん,5,400,400,8,guard,0.3192,0.5417,95,5,8,いいえ,有砂小町 / えかちぇたん / トマティーナ少佐 / トキシッくんｵｯｽｵｯｽ / こんにゃくさん
5,597,em-eaadf81fc136,サリー,55,4686,4004,4,aoe_attack,0.3188,0.4444,100,0,5,いいえ,青玉の供犠ぴよ子 / 北間・クラリス嬢 / トリニダの怪人 / グラディ瑛太 / サリー
5,598,em-6ed81c8341b0,萌やし紳士,8,308,898,4,attack_buff,0.3186,0.5069,98,2,8,いいえ,有砂小町 / 北間・クラリス嬢 / サルパちゃん / ɚすぃとあろま？ / 萌やし紳士
5,599,em-e6c445da9312,おしゃまなタコむすめ,39,1704,5112,5,heal,0.3182,0.5139,98,2,5,いいえ,日本海女中 / えかちぇたん / 愛のぴよ子 / ɚすぃとあろま？ / おしゃまなタコむすめ
5,600,em-8e8c7fbfac2a,おたべくん,3,315,287,4,delay,0.318,0.5556,100,0,8,いいえ,有砂小町 / 北間・クラリス嬢 / ????? / 御嶽さん / おたべくん
5,601,em-2f5dd4b0a739,大内先輩,9,800,800,4,heal,0.318,0.5556,100,0,8,いいえ,タキシラ師匠 / カルボ姉（ねえ） / 田島の春 / みどりのたけしマン / 大内先輩
5,602,em-a0762b5d76ab,シーラちゃん,5,600,550,4,attack_buff,0.318,0.5139,88,12,8,いいえ,日本海女中 / 北間・クラリス嬢 / ターヌムンゴネキ / みどりのたけしマン / シーラちゃん
5,603,em-2625991e40c1,恐れない幽子,11,470,510,6,revive,0.3177,0.5694,91,9,8,いいえ,有砂小町 / 北間・クラリス嬢 / すわ子isGOD！ / ɚすぃとあろま？ / 恐れない幽子
5,604,em-6588c893ceb4,船師かっさーのん,3,300,400,6,attack_buff,0.3172,0.5556,100,0,8,いいえ,有砂小町 / 北間・クラリス嬢 / ????? / 御嶽さん / 船師かっさーのん
5,605,em-3f6d9cba0059,いなばうあー,12,700,1100,6,skill_reduction,0.3172,0.5069,100,0,8,いいえ,ダリア・宮子・9 / カルボ姉（ねえ） / トマティーナ少佐 / ɚすぃとあろま？ / いなばうあー
5,606,em-30cf649c4daf,けいび,5,295,300,5,attribute_guard,0.3163,0.5764,89,11,8,いいえ,有砂小町 / 北間・クラリス嬢 / トマティーナ少佐 / クェーサルと仲間たち / けいび
5,607,em-e4050c7db405,オム・オクト・パップ,9,888,400,6,heal,0.3162,0.5417,100,0,8,いいえ,タキシラ師匠 / カルボ姉（ねえ） / 田島の春 / みどりのたけしマン / オム・オクト・パップ
5,608,em-0560ed78022d,見事にびわ子たん,5,400,400,4,damage_reduction,0.3161,0.5833,95,5,8,いいえ,有砂小町 / えかちぇたん / トマティーナ少佐 / トキシッくんｵｯｽｵｯｽ / 見事にびわ子たん
5,609,em-86b8f3a86278,レボリューション凜子,10,800,800,4,attack_buff,0.316,0.5139,100,0,8,いいえ,有砂小町 / 北間・クラリス嬢 / サルパちゃん / ɚすぃとあろま？ / レボリューション凜子
5,610,em-6acd0e20d832,たこむすめ,39,1363,4089,5,heal,0.3158,0.5208,98,2,5,いいえ,日本海女中 / えかちぇたん / 愛のぴよ子 / ɚすぃとあろま？ / たこむすめ
5,611,em-b68e81559a03,ピカリャー,6,400,600,7,multi_hit_attack,0.3157,0.4931,96,4,8,いいえ,有砂小町 / 北間・クラリス嬢 / サルパちゃん / ɚすぃとあろま？ / ピカリャー
5,612,em-377c63de8d80,極・S.K.O.Tちゃん,6,1150,300,4,heal,0.3155,0.5208,87,13,8,いいえ,日本海女中 / カルボ姉（ねえ） / 試作型おこしん / 家族贖罪という字面 / 極・S.K.O.Tちゃん
5,613,em-4e24a668056b,やよいチゥりっぷ,6,900,100,4,attribute_change,0.3154,0.5417,96,4,7,いいえ,ダリア・宮子・9 / カルボ姉（ねえ） / すわ子isGOD！ / ɚすぃとあろま？ / やよいチゥりっぷ
5,614,em-d0ce0f8b817c,あまのさんちゃん,17,600,300,4,multi_hit_attack,0.3153,0.5278,97,3,8,いいえ,有砂小町 / 北間・クラリス嬢 / すわ子isGOD！ / ɚすぃとあろま？ / あまのさんちゃん
5,615,em-962f1faafed7,三貴子アマテラス,75,10309,5112,5,revive,0.3152,0.4722,99,1,4,いいえ,魚臣！又土くん / ペーチパイセン / ウナギーヌ課長 / のり男さん / 三貴子アマテラス
5,616,em-57768559e8b8,旋律！タコ幼女,39,1533,4601,5,heal,0.3147,0.5139,98,2,5,いいえ,日本海女中 / えかちぇたん / 愛のぴよ子 / ɚすぃとあろま？ / 旋律！タコ幼女
5,617,em-ec52e54bb473,ﾀｰｷｰﾃﾞ-なじとっこ君,10,706,2403,4,attack_buff,0.3145,0.5208,100,0,8,いいえ,有砂小町 / 北間・クラリス嬢 / サルパちゃん / ɚすぃとあろま？ / ﾀｰｷｰﾃﾞ-なじとっこ君
5,618,em-75bbcd3130fb,みかんさん,6,700,500,7,aoe_attack,0.3144,0.5486,96,4,8,いいえ,有砂小町 / 北間・クラリス嬢 / サルパちゃん / ɚすぃとあろま？ / みかんさん
5,619,em-081cdc2b5b45,スノーボーイ,4,1000,100,6,attack_buff,0.3137,0.5208,94,6,8,いいえ,有砂小町 / 北間・クラリス嬢 / サルパちゃん / ɚすぃとあろま？ / スノーボーイ
5,620,em-b9ee6ac8db32,爆走！えるたそ,13,2114,1661,4,attack_buff,0.3134,0.5208,93,7,8,いいえ,ダリア・宮子・9 / カルボ姉（ねえ） / 試作型おこしん / ɚすぃとあろま？ / 爆走！えるたそ
5,621,em-ceecd3afdba6,おかいこちゃん,8,614,613,6,attribute_change,0.3133,0.5417,98,2,7,いいえ,ダリア・宮子・9 / カルボ姉（ねえ） / すわ子isGOD！ / ɚすぃとあろま？ / おかいこちゃん
5,622,em-2849b1a72ff2,生足魅惑の☆ハクさん,80,11246,5112,5,attack_buff,0.3133,0.3542,99,1,4,いいえ,ハントンくん / 猫キャットマンジョン / 覚醒ニート / あっぴーちゃん / 生足魅惑の☆ハクさん
5,623,em-25185336f7f4,しょーかくん,5,400,500,7,multi_hit_attack,0.313,0.5278,95,5,8,いいえ,有砂小町 / 北間・クラリス嬢 / サルパちゃん / ɚすぃとあろま？ / しょーかくん
5,624,em-3604a59c8292,囃せ！どんちっちん,12,1000,700,7,aoe_attack,0.3127,0.4861,79,21,8,いいえ,タキシラ師匠 / カルボ姉（ねえ） / サルパちゃん / ????? / 囃せ！どんちっちん
5,625,em-84808a58aa1d,近江守鮒麿,11,764,640,5,heal,0.3121,0.5208,94,6,8,いいえ,タキシラ師匠 / カルボ姉（ねえ） / 田島の春 / ????? / 近江守鮒麿
5,626,em-1527baa8e6c0,ジャックじゃない！と,6,400,500,6,multi_hit_attack,0.312,0.4861,96,4,8,いいえ,有砂小町 / 北間・クラリス嬢 / サルパちゃん / ɚすぃとあろま？ / ジャックじゃない！と
5,627,em-489695d715f8,ボボ・さるぼぼ,10,600,700,5,aoe_attack,0.3115,0.4792,100,0,8,いいえ,有砂小町 / 北間・クラリス嬢 / サルパちゃん / ɚすぃとあろま？ / ボボ・さるぼぼ
5,628,em-9a3bd85e00a2,よりりん,8,605,615,4,attribute_change,0.3113,0.5278,98,2,7,いいえ,ダリア・宮子・9 / カルボ姉（ねえ） / すわ子isGOD！ / ɚすぃとあろま？ / よりりん
5,629,em-ae6876a278ca,白水先生,9,680,724,7,aoe_attack,0.3111,0.5347,92,8,8,いいえ,日本海女中 / 北間・クラリス嬢 / ターヌムンゴネキ / みどりのたけしマン / 白水先生
5,630,em-f5a7df3892f0,びわ子たん,4,300,302,5,damage_reduction,0.311,0.5833,94,6,8,いいえ,有砂小町 / えかちぇたん / トマティーナ少佐 / トキシッくんｵｯｽｵｯｽ / びわ子たん
5,631,em-5053fe8d941b,カカカのカ二郎,3,400,300,5,delay,0.3099,0.5486,100,0,8,いいえ,有砂小町 / 北間・クラリス嬢 / ????? / 御嶽さん / カカカのカ二郎
5,632,em-ebf10919d982,ミラクル凜子,8,700,704,4,attack_buff,0.3097,0.5139,98,2,8,いいえ,有砂小町 / 北間・クラリス嬢 / サルパちゃん / ɚすぃとあろま？ / ミラクル凜子
5,633,em-addae93a6fe9,ニート,5,314,296,5,attribute_guard,0.3096,0.5694,100,0,8,いいえ,ダリア・宮子・9 / カルボ姉（ねえ） / ????? / 有棘画工 / ニート
5,634,em-5b5d08d879f7,おかいこさん,12,797,816,5,attribute_change,0.3094,0.5278,100,0,8,いいえ,ダリア・宮子・9 / カルボ姉（ねえ） / トマティーナ少佐 / ɚすぃとあろま？ / おかいこさん
5,635,em-2f6ae2b54633,フクちゃん,3,300,400,4,attribute_change,0.3092,0.5625,100,0,8,いいえ,有砂小町 / 北間・クラリス嬢 / ????? / 御嶽さん / フクちゃん
5,636,em-af839f0be824,譲らざる者,13,966,2394,5,attack_buff,0.309,0.5069,89,11,8,いいえ,ダリア・宮子・9 / カルボ姉（ねえ） / 試作型おこしん / おこしんMK-2 / 譲らざる者
5,637,em-124dc5391da9,オクト・パップ,6,888,200,6,heal,0.3086,0.5278,87,13,8,いいえ,日本海女中 / カルボ姉（ねえ） / 試作型おこしん / 家族贖罪という字面 / オクト・パップ
5,638,em-674bf61c8b00,海賊衆かっさーのん,6,600,700,4,attack_buff,0.3086,0.5069,96,4,8,いいえ,有砂小町 / 北間・クラリス嬢 / サルパちゃん / ɚすぃとあろま？ / 海賊衆かっさーのん
5,639,em-9d8b6a4d2c9c,はたはタン,3,300,200,5,heal,0.3083,0.5486,100,0,8,いいえ,有砂小町 / 北間・クラリス嬢 / ????? / 御嶽さん / はたはタン
5,640,em-ad0fa41f1980,輝け！叡智通,12,1102,1300,4,attack_buff,0.308,0.5069,95,5,8,いいえ,日本海女中 / 北間・クラリス嬢 / ターヌムンゴネキ / みどりのたけしマン / 輝け！叡智通
5,641,em-cfa8f59c143b,いぬやマン再び,9,500,500,7,attack_buff,0.3079,0.5139,99,1,8,いいえ,有砂小町 / 北間・クラリス嬢 / サルパちゃん / ɚすぃとあろま？ / いぬやマン再び
5,642,em-090474161194,オム・オクト・パッス,12,888,900,5,heal,0.3077,0.5,92,8,8,いいえ,有砂小町 / 北間・クラリス嬢 / すわ子isGOD！ / ɚすぃとあろま？ / オム・オクト・パッス
5,643,em-73a9cdab3511,リンゴール子爵,3,300,200,4,delay,0.3076,0.5556,100,0,8,いいえ,有砂小町 / 北間・クラリス嬢 / ????? / 御嶽さん / リンゴール子爵
5,644,em-076a0181e290,夏の海の天の川伝説,77,9372,5623,6,heal,0.3074,0.4097,100,0,4,いいえ,魚臣！又土くん / ペーチパイセン / ウナギーヌさん / のり男さん / 夏の海の天の川伝説
5,645,em-cc5744474846,芳一さん,5,400,500,6,revive,0.3072,0.5764,86,14,8,いいえ,日本海女中 / カルボ姉（ねえ） / 試作型おこしん / 家族贖罪という字面 / 芳一さん
5,646,em-0a74c35caba2,畳リーゼント総長,10,512,912,4,attack_buff,0.3069,0.5069,100,0,8,いいえ,有砂小町 / 北間・クラリス嬢 / サルパちゃん / ɚすぃとあろま？ / 畳リーゼント総長
5,647,em-7a89b660417d,くーちゃん,5,400,500,4,attack_buff,0.3064,0.5,95,5,8,いいえ,有砂小町 / 北間・クラリス嬢 / サルパちゃん / ɚすぃとあろま？ / くーちゃん
5,648,em-1a5f7bc3661b,萌やし男子,7,300,700,4,attack_buff,0.3062,0.5069,97,3,8,いいえ,有砂小町 / 北間・クラリス嬢 / サルパちゃん / ɚすぃとあろま？ / 萌やし男子
5,649,em-da69b63392e4,手品師！エッシュさん,6,600,600,4,skill_reduction,0.3057,0.5208,96,4,7,いいえ,ダリア・宮子・9 / カルボ姉（ねえ） / すわ子isGOD！ / ɚすぃとあろま？ / 手品師！エッシュさん
5,650,em-4ccfc2b986b5,舞え！どんちっちん,8,900,600,8,aoe_attack,0.3055,0.4792,98,2,8,いいえ,有砂小町 / 北間・クラリス嬢 / サルパちゃん / ɚすぃとあろま？ / 舞え！どんちっちん
5,651,em-4c84ff6e1868,カカカのカ治郎,6,700,500,5,delay,0.3053,0.5278,96,4,7,いいえ,ダリア・宮子・9 / カルボ姉（ねえ） / すわ子isGOD！ / ɚすぃとあろま？ / カカカのカ治郎
5,652,em-08f945aef274,朦朧ボディマン,6,200,500,11,multi_hit_attack,0.3052,0.4792,96,4,8,いいえ,有砂小町 / 北間・クラリス嬢 / サルパちゃん / ɚすぃとあろま？ / 朦朧ボディマン
5,653,em-9f7e593bdb96,鮒麿,7,520,460,5,heal,0.3051,0.5208,88,12,8,いいえ,日本海女中 / カルボ姉（ねえ） / 試作型おこしん / 家族贖罪という字面 / 鮒麿
5,654,em-b7a8623e2b49,のぶくろくん,8,500,700,8,aoe_attack,0.3043,0.4722,98,2,8,いいえ,有砂小町 / 北間・クラリス嬢 / サルパちゃん / ɚすぃとあろま？ / のぶくろくん
5,655,em-b4d695a20bfa,ハズク姉さん,12,700,600,7,multi_hit_attack,0.3038,0.5278,95,5,8,いいえ,日本海女中 / 北間・クラリス嬢 / ターヌムンゴネキ / みどりのたけしマン / ハズク姉さん
5,656,em-03fc13420b08,鳴子お嬢様,8,600,600,6,aoe_attack,0.3034,0.5278,91,9,8,いいえ,日本海女中 / 北間・クラリス嬢 / ターヌムンゴネキ / みどりのたけしマン / 鳴子お嬢様
5,657,em-cdd7690ef318,京都コーラマン,59,5959,2800,4,damage_reduction,0.3034,0.3958,83,17,4,いいえ,魚臣！又土くん / ペーチパイセン / ウナギーヌ課長 / のり男さん / 京都コーラマン
5,658,em-2837181f6574,うおぬまンダー,6,500,600,7,aoe_attack,0.3033,0.4722,96,4,8,いいえ,有砂小町 / 北間・クラリス嬢 / サルパちゃん / ɚすぃとあろま？ / うおぬまンダー
5,659,em-ddba9f91bab7,注入！とちぎソウル,6,280,700,5,attack_buff,0.3024,0.5069,96,4,8,いいえ,有砂小町 / 北間・クラリス嬢 / サルパちゃん / ɚすぃとあろま？ / 注入！とちぎソウル
5,660,em-4442b5ee096e,朱雀むりょく,5,165,165,6,revive,0.3021,0.5833,86,14,8,いいえ,日本海女中 / カルボ姉（ねえ） / 試作型おこしん / 家族贖罪という字面 / 朱雀むりょく
5,661,em-04cdb17f3b71,ひろし多め,9,690,714,6,attack_buff,0.301,0.5139,99,1,8,いいえ,有砂小町 / 北間・クラリス嬢 / サルパちゃん / ɚすぃとあろま？ / ひろし多め
5,662,em-f05bf139bdc3,荒野のシンプソン,10,500,500,7,revive,0.3008,0.5417,93,7,8,いいえ,金野デメ子さん / カルボ姉（ねえ） / アウス大先輩 / トキシッくんｵｯｽｵｯｽ / 荒野のシンプソン
5,663,em-f2bb13033bf0,鳴子ちゃん,3,300,300,8,aoe_attack,0.3006,0.5417,100,0,8,いいえ,有砂小町 / 北間・クラリス嬢 / ????? / 御嶽さん / 鳴子ちゃん
5,664,em-4db528322142,だいこっくん様,16,1300,1400,9,attack_buff,0.3006,0.4931,95,5,8,いいえ,金野デメ子さん / ペーチパイセン / 試作型おこしん / みどりのたけしマン / だいこっくん様
5,665,em-c8e560adbea9,草カロ次郎,6,480,500,5,heal,0.3001,0.5208,87,13,8,いいえ,日本海女中 / カルボ姉（ねえ） / 試作型おこしん / 家族贖罪という字面 / 草カロ次郎
5,666,em-ab565d3596f4,さんとくん先輩,10,1500,400,4,delay,0.3,0.5208,100,0,7,いいえ,ダリア・宮子・9 / カルボ姉（ねえ） / すわ子isGOD！ / ɚすぃとあろま？ / さんとくん先輩
5,667,em-bb2b760b2dfe,いぬやマン,6,400,400,7,attack_buff,0.2994,0.5069,96,4,8,いいえ,有砂小町 / 北間・クラリス嬢 / サルパちゃん / ɚすぃとあろま？ / いぬやマン
5,668,em-e1a6af095fc1,驀進叡智通,7,450,530,4,attack_buff,0.2983,0.5139,97,3,8,いいえ,有砂小町 / 北間・クラリス嬢 / サルパちゃん / ɚすぃとあろま？ / 驀進叡智通
5,669,em-17aeee13e460,こんにゃくん,4,287,308,9,guard,0.2979,0.5417,94,6,8,いいえ,有砂小町 / えかちぇたん / トマティーナ少佐 / トキシッくんｵｯｽｵｯｽ / こんにゃくん
5,670,em-560cbdf184d6,ユッフィーちゃん,8,606,600,5,attack_buff,0.2978,0.5139,98,2,8,いいえ,有砂小町 / 北間・クラリス嬢 / サルパちゃん / ɚすぃとあろま？ / ユッフィーちゃん
5,671,em-1b8d4b845182,キャミーという女,8,600,800,4,heal,0.2976,0.5278,89,11,8,いいえ,日本海女中 / カルボ姉（ねえ） / 試作型おこしん / 家族贖罪という字面 / キャミーという女
5,672,em-e668f3d46f31,超・S.K.O.Tちゃん,5,950,250,5,heal,0.2976,0.5139,86,14,8,いいえ,日本海女中 / カルボ姉（ねえ） / 試作型おこしん / 家族贖罪という字面 / 超・S.K.O.Tちゃん
5,673,em-41c1f9333ff6,エグいできっしん,12,342,1062,5,attack_buff,0.2976,0.4861,79,21,8,いいえ,タキシラ師匠 / カルボ姉（ねえ） / サルパちゃん / ????? / エグいできっしん
5,674,em-198e928f6d0b,なるとマン,9,800,700,4,attack_buff,0.2974,0.5139,99,1,8,いいえ,有砂小町 / 北間・クラリス嬢 / サルパちゃん / ɚすぃとあろま？ / なるとマン
5,675,em-0e2c4b783eb7,南極翁・カノープス,55,3408,5964,7,multi_hit_attack,0.2973,0.4236,100,0,5,いいえ,青玉の供犠ぴよ子 / 北間・クラリス嬢 / トリニダの怪人 / グラディ瑛太 / 南極翁・カノープス
5,676,em-fe08214f98fe,さるぼぼん,6,400,600,6,aoe_attack,0.2971,0.4722,96,4,8,いいえ,有砂小町 / 北間・クラリス嬢 / サルパちゃん / ɚすぃとあろま？ / さるぼぼん
5,677,em-ad8d69dc1ea4,強いできっしん,8,263,942,5,attack_buff,0.297,0.5,98,2,8,いいえ,有砂小町 / 北間・クラリス嬢 / サルパちゃん / ɚすぃとあろま？ / 強いできっしん
5,678,em-3b3dcabfe61f,ク・うぃーん女王,8,900,900,5,attribute_change,0.2967,0.5417,98,2,7,いいえ,ダリア・宮子・9 / カルボ姉（ねえ） / すわ子isGOD！ / ɚすぃとあろま？ / ク・うぃーん女王
5,679,em-7547c480c963,ウミユリーず,60,4430,6475,5,skill_reduction,0.2965,0.2847,84,16,4,いいえ,魚臣！又土くん / ペーチパイセン / ウナギーヌ課長 / のり男さん / ウミユリーず
5,680,em-b06129e327ac,ケンＺＯ３号,6,300,680,5,attack_buff,0.2959,0.4931,96,4,8,いいえ,有砂小町 / 北間・クラリス嬢 / サルパちゃん / ɚすぃとあろま？ / ケンＺＯ３号
5,681,em-1d5e8b5832c0,続・いぬやマン,12,400,400,7,attack_buff,0.2957,0.5,92,8,8,いいえ,有砂小町 / 北間・クラリス嬢 / すわ子isGOD！ / ɚすぃとあろま？ / 続・いぬやマン
5,682,em-39adadcf380b,朱雀けいび,5,305,335,6,revive,0.2953,0.5694,86,14,8,いいえ,日本海女中 / カルボ姉（ねえ） / 試作型おこしん / 家族贖罪という字面 / 朱雀けいび
5,683,em-32b98839a4c2,派遣社員だ浅子さん,6,380,600,5,attack_buff,0.2949,0.4931,96,4,8,いいえ,有砂小町 / 北間・クラリス嬢 / サルパちゃん / ɚすぃとあろま？ / 派遣社員だ浅子さん
5,684,em-d0ab2c82078b,デルモンテ嬢,23,3020,453,6,attribute_guard,0.2942,0.5278,98,2,8,いいえ,タキシラ師匠 / カルボ姉（ねえ） / サルパちゃん / みどりのたけしマン / デルモンテ嬢
5,685,em-1d111df2ae70,ヤックです,5,300,400,7,multi_hit_attack,0.2939,0.4792,95,5,8,いいえ,有砂小町 / 北間・クラリス嬢 / サルパちゃん / ɚすぃとあろま？ / ヤックです
5,686,em-e5c147f9dafc,異国のトーマスん,9,660,742,4,attribute_change,0.2937,0.5417,99,1,7,いいえ,ダリア・宮子・9 / カルボ姉（ねえ） / すわ子isGOD！ / ɚすぃとあろま？ / 異国のトーマスん
5,687,em-07585cdaab4c,だいこっくんさん,12,1000,1200,9,attack_buff,0.2931,0.4931,79,21,8,いいえ,タキシラ師匠 / カルボ姉（ねえ） / サルパちゃん / ????? / だいこっくんさん
5,688,em-70e79fbffe3c,怪人エビユルゲ,3,305,297,4,attribute_change,0.2927,0.5486,100,0,8,いいえ,有砂小町 / 北間・クラリス嬢 / ????? / 御嶽さん / 怪人エビユルゲ
5,689,em-74e8fc67e60c,竹輪大臣,5,200,900,4,attack_buff,0.2927,0.4861,95,5,8,いいえ,有砂小町 / 北間・クラリス嬢 / サルパちゃん / ɚすぃとあろま？ / 竹輪大臣
5,690,em-45aa4b2348d2,鬼一方眼,80,12780,3578,5,attack_buff,0.2922,0.3403,99,1,4,いいえ,ハントンくん / 猫キャットマンジョン / 覚醒ニート / あっぴーちゃん / 鬼一方眼
5,691,em-036ee10985c7,大正義！反魂タン,7,800,1000,4,revive,0.2921,0.5278,88,12,8,いいえ,日本海女中 / カルボ姉（ねえ） / 試作型おこしん / 家族贖罪という字面 / 大正義！反魂タン
5,692,em-422fdd383a00,芋煮百太郎,7,680,300,5,multi_hit_attack,0.292,0.5278,97,3,8,いいえ,有砂小町 / 北間・クラリス嬢 / サルパちゃん / ɚすぃとあろま？ / 芋煮百太郎
5,693,em-54897d4f731d,ケンＺＯ２号,5,200,580,5,attack_buff,0.292,0.4931,95,5,8,いいえ,有砂小町 / 北間・クラリス嬢 / サルパちゃん / ɚすぃとあろま？ / ケンＺＯ２号
5,694,em-a5655f550318,眠れる海のネムリん,60,7327,5282,5,attack_buff,0.292,0.3403,84,16,4,いいえ,魚臣！又土くん / ペーチパイセン / ウナギーヌ課長 / のり男さん / 眠れる海のネムリん
5,695,em-c61b3e98a989,荒波のはたはタン,4,400,300,5,heal,0.2919,0.5139,85,15,8,いいえ,日本海女中 / カルボ姉（ねえ） / 試作型おこしん / 家族贖罪という字面 / 荒波のはたはタン
5,696,em-29be2edf2271,餅子・ﾏｰﾒｲﾄﾞｽﾀｲﾙ,60,4797,5308,5,damage_reduction,0.2918,0.4167,84,16,4,いいえ,魚臣！又土くん / ペーチパイセン / ウナギーヌ課長 / のり男さん / 餅子・ﾏｰﾒｲﾄﾞｽﾀｲﾙ
5,697,em-646a258bedba,ロロちゃん,8,500,800,8,revive,0.2917,0.5417,89,11,8,いいえ,日本海女中 / カルボ姉（ねえ） / 試作型おこしん / 家族贖罪という字面 / ロロちゃん
5,698,em-bf7beec08736,いやひこちゃん,10,700,400,4,delay,0.2917,0.5278,100,0,7,いいえ,ダリア・宮子・9 / カルボ姉（ねえ） / すわ子isGOD！ / ɚすぃとあろま？ / いやひこちゃん
5,699,em-7976e2f3d65d,迷菓ぴよ子先輩,5,502,530,5,attack_buff,0.2916,0.5139,95,5,8,いいえ,有砂小町 / 北間・クラリス嬢 / サルパちゃん / ɚすぃとあろま？ / 迷菓ぴよ子先輩
5,700,em-bfd568eb94ea,ベッピーさん,12,712,692,5,attack_buff,0.2915,0.5069,95,5,8,いいえ,日本海女中 / 北間・クラリス嬢 / ターヌムンゴネキ / みどりのたけしマン / ベッピーさん
5,701,em-405a608fae19,大内さん,7,702,702,5,heal,0.2913,0.5208,88,12,8,いいえ,日本海女中 / カルボ姉（ねえ） / 試作型おこしん / 家族贖罪という字面 / 大内さん
5,702,em-ae9fd7e6b2dc,ヘヴィなじとっ子君,8,607,1795,4,attack_buff,0.2913,0.4931,98,2,8,いいえ,有砂小町 / 北間・クラリス嬢 / サルパちゃん / ɚすぃとあろま？ / ヘヴィなじとっ子君
5,703,em-834effdc39a5,真・ぎょざる,8,499,491,6,aoe_attack,0.2911,0.5139,98,2,8,いいえ,有砂小町 / 北間・クラリス嬢 / サルパちゃん / ɚすぃとあろま？ / 真・ぎょざる
5,704,em-61221298dafe,大内ちゃん,5,603,603,5,heal,0.2909,0.5208,86,14,8,いいえ,日本海女中 / カルボ姉（ねえ） / 試作型おこしん / 家族贖罪という字面 / 大内ちゃん
5,705,em-455f884e0481,迷菓ぴよ子先生,7,662,700,5,attack_buff,0.2908,0.5069,97,3,8,いいえ,有砂小町 / 北間・クラリス嬢 / サルパちゃん / ɚすぃとあろま？ / 迷菓ぴよ子先生
5,706,em-5a3daf6cbf77,白良さん,8,600,605,4,attack_buff,0.2903,0.5069,98,2,8,いいえ,有砂小町 / 北間・クラリス嬢 / サルパちゃん / ɚすぃとあろま？ / 白良さん
5,707,em-32f3aa536bcf,境地！絶海のあん子,7,502,488,4,heal,0.2902,0.5139,88,12,8,いいえ,日本海女中 / カルボ姉（ねえ） / 試作型おこしん / 家族贖罪という字面 / 境地！絶海のあん子
5,708,em-b057fb6325c7,常飲！とちぎソウル,5,200,600,5,attack_buff,0.2902,0.5,95,5,8,いいえ,有砂小町 / 北間・クラリス嬢 / サルパちゃん / ɚすぃとあろま？ / 常飲！とちぎソウル
5,709,em-43c2f997e41c,きっしん,7,170,830,5,attack_buff,0.2901,0.4931,97,3,8,いいえ,有砂小町 / 北間・クラリス嬢 / サルパちゃん / ɚすぃとあろま？ / きっしん
5,710,em-f230094c0c4f,シンプソン君,5,400,400,8,revive,0.2899,0.5278,86,14,8,いいえ,日本海女中 / カルボ姉（ねえ） / 試作型おこしん / 家族贖罪という字面 / シンプソン君
5,711,em-4025a820b0a7,新・ぎょざる,5,400,400,6,aoe_attack,0.2898,0.5139,95,5,8,いいえ,有砂小町 / 北間・クラリス嬢 / サルパちゃん / ɚすぃとあろま？ / 新・ぎょざる
5,712,em-8594f11c20bf,替え玉ひろし,12,790,810,5,attack_buff,0.2898,0.4931,95,5,8,いいえ,日本海女中 / 北間・クラリス嬢 / ターヌムンゴネキ / みどりのたけしマン / 替え玉ひろし
5,713,em-2f505dd0418a,とちぎソウル,4,150,400,5,attack_buff,0.2893,0.5278,100,0,8,いいえ,有砂小町 / 北間・クラリス嬢 / 試作型おこしん / 諏訪子成長期 / とちぎソウル
5,714,em-e660791c3950,めい子さん,5,400,400,5,attribute_guard,0.2884,0.5486,100,0,8,いいえ,ダリア・宮子・9 / カルボ姉（ねえ） / ????? / 有棘画工 / めい子さん
5,715,em-461e884c1b94,ひろし多美子,8,590,615,6,attack_buff,0.2883,0.5139,98,2,8,いいえ,有砂小町 / 北間・クラリス嬢 / サルパちゃん / ɚすぃとあろま？ / ひろし多美子
5,716,em-a368a20e3521,ベッピーちゃん,8,611,595,5,attack_buff,0.2883,0.5,98,2,8,いいえ,有砂小町 / 北間・クラリス嬢 / サルパちゃん / ɚすぃとあろま？ / ベッピーちゃん
5,717,em-ba09169b5b3d,あまのちゃん,12,300,200,4,multi_hit_attack,0.2879,0.5069,92,8,8,いいえ,有砂小町 / 北間・クラリス嬢 / すわ子isGOD！ / ɚすぃとあろま？ / あまのちゃん
5,718,em-ce589bb8d6d8,鳴子さん,5,400,400,7,aoe_attack,0.2878,0.5139,95,5,8,いいえ,有砂小町 / 北間・クラリス嬢 / サルパちゃん / ɚすぃとあろま？ / 鳴子さん
5,719,em-f1fdf84ea79d,どんちっちん,6,700,500,9,aoe_attack,0.2878,0.4653,96,4,8,いいえ,有砂小町 / 北間・クラリス嬢 / サルパちゃん / ɚすぃとあろま？ / どんちっちん
5,720,em-1b9a55c9478e,熊犬八太郎,12,2100,400,6,delay,0.2874,0.4861,100,0,8,いいえ,ダリア・宮子・9 / カルボ姉（ねえ） / トマティーナ少佐 / ɚすぃとあろま？ / 熊犬八太郎
5,721,em-959e9037e6f6,だいこっくん,8,800,900,8,attack_buff,0.2874,0.4792,98,2,8,いいえ,有砂小町 / 北間・クラリス嬢 / サルパちゃん / ɚすぃとあろま？ / だいこっくん
5,722,em-a0e736cc95fd,ユッフィーさん,12,704,700,5,attack_buff,0.2872,0.4931,95,5,8,いいえ,日本海女中 / 北間・クラリス嬢 / ターヌムンゴネキ / みどりのたけしマン / ユッフィーさん
5,723,em-1fa3ac88ea78,有馬すた,7,475,505,5,heal,0.2871,0.5278,88,12,8,いいえ,日本海女中 / カルボ姉（ねえ） / 試作型おこしん / 家族贖罪という字面 / 有馬すた
5,724,em-0f9cbc48c65a,船党かっさーのん,5,400,500,5,attack_buff,0.2871,0.5,95,5,8,いいえ,有砂小町 / 北間・クラリス嬢 / サルパちゃん / ɚすぃとあろま？ / 船党かっさーのん
5,725,em-1a835be38386,朱雀ニート,5,320,320,6,revive,0.287,0.5486,86,14,8,いいえ,日本海女中 / カルボ姉（ねえ） / 試作型おこしん / 家族贖罪という字面 / 朱雀ニート
5,726,em-b8d203bbae80,草カロ三郎,5,400,400,6,heal,0.2867,0.5139,86,14,8,いいえ,日本海女中 / カルボ姉（ねえ） / 試作型おこしん / 家族贖罪という字面 / 草カロ三郎
5,727,em-71820072d6c5,松浦凜子,6,603,603,4,attack_buff,0.2867,0.4931,96,4,8,いいえ,有砂小町 / 北間・クラリス嬢 / サルパちゃん / ɚすぃとあろま？ / 松浦凜子
5,728,em-c92854d63199,さんとくんさん,8,1200,300,4,delay,0.2866,0.5139,98,2,7,いいえ,ダリア・宮子・9 / カルボ姉（ねえ） / すわ子isGOD！ / ɚすぃとあろま？ / さんとくんさん
5,729,em-f7eb502f39f3,芋煮十郎,5,580,200,6,multi_hit_attack,0.2865,0.5278,95,5,8,いいえ,有砂小町 / 北間・クラリス嬢 / サルパちゃん / ɚすぃとあろま？ / 芋煮十郎
5,730,em-c879fe74178e,唸る！叡智通,5,370,410,4,attack_buff,0.286,0.5,95,5,8,いいえ,有砂小町 / 北間・クラリス嬢 / サルパちゃん / ɚすぃとあろま？ / 唸る！叡智通
5,731,em-82f2d0dfc734,マジでたっくん,6,295,885,5,attack_buff,0.2852,0.4861,96,4,8,いいえ,有砂小町 / 北間・クラリス嬢 / サルパちゃん / ɚすぃとあろま？ / マジでたっくん
5,732,em-667d96cceb87,さんとくん,6,1000,200,5,delay,0.2851,0.5208,96,4,7,いいえ,ダリア・宮子・9 / カルボ姉（ねえ） / すわ子isGOD！ / ɚすぃとあろま？ / さんとくん
5,733,em-9625a8dc4056,祟らない幽子,8,370,410,7,revive,0.285,0.5347,89,11,8,いいえ,日本海女中 / カルボ姉（ねえ） / 試作型おこしん / 家族贖罪という字面 / 祟らない幽子
5,734,em-6ffc5801eae4,ぎょざる,4,293,312,6,aoe_attack,0.285,0.5139,94,6,8,いいえ,有砂小町 / 北間・クラリス嬢 / サルパちゃん / ɚすぃとあろま？ / ぎょざる
5,735,em-60fd008b3a8b,なるとくん,6,700,600,5,attack_buff,0.285,0.5069,96,4,8,いいえ,有砂小町 / 北間・クラリス嬢 / サルパちゃん / ɚすぃとあろま？ / なるとくん
5,736,em-0828dfd9c618,トーマスん,8,560,645,5,attribute_change,0.2849,0.5347,98,2,7,いいえ,ダリア・宮子・9 / カルボ姉（ねえ） / すわ子isGOD！ / ɚすぃとあろま？ / トーマスん
5,737,em-38a5d43fe466,畳リーゼント先輩,8,393,812,4,attack_buff,0.2846,0.4931,98,2,8,いいえ,有砂小町 / 北間・クラリス嬢 / サルパちゃん / ɚすぃとあろま？ / 畳リーゼント先輩
5,738,em-b078ec458c73,ににぎさん,12,770,830,6,attack_buff,0.283,0.4931,95,5,8,いいえ,日本海女中 / 北間・クラリス嬢 / ターヌムンゴネキ / みどりのたけしマン / ににぎさん
5,739,em-9da039c08ead,キャミー先生,6,500,600,4,heal,0.2825,0.5139,87,13,8,いいえ,日本海女中 / カルボ姉（ねえ） / 試作型おこしん / 家族贖罪という字面 / キャミー先生
5,740,em-ccd4db81276f,夜間学校な浅子さん,5,200,500,5,attack_buff,0.2824,0.4861,95,5,8,いいえ,有砂小町 / 北間・クラリス嬢 / サルパちゃん / ɚすぃとあろま？ / 夜間学校な浅子さん
5,741,em-4090b70a0b17,さくらこちゃん,4,495,215,4,attribute_guard,0.2816,0.5347,97,3,8,いいえ,有砂小町 / カルボ姉（ねえ） / サルパちゃん / 愛のぴよ子 / さくらこちゃん
5,742,em-e31de348c40b,湘南ボーイ,8,300,700,4,attack_buff,0.2815,0.5069,98,2,8,いいえ,有砂小町 / 北間・クラリス嬢 / サルパちゃん / ɚすぃとあろま？ / 湘南ボーイ
5,743,em-13af16d2213d,ににぎくん,8,590,630,6,attack_buff,0.2814,0.5139,98,2,8,いいえ,有砂小町 / 北間・クラリス嬢 / サルパちゃん / ɚすぃとあろま？ / ににぎくん
5,744,em-18279a838450,白刃舞うは存亡の秋,70,6816,4260,4,attack_buff,0.2814,0.3333,94,6,4,いいえ,魚臣！又土くん / ペーチパイセン / ウナギーヌ課長 / のり男さん / 白刃舞うは存亡の秋
5,745,em-f5eb41dbe671,たたらん先輩,9,600,400,4,attack_buff,0.2808,0.4792,99,1,8,いいえ,有砂小町 / 北間・クラリス嬢 / サルパちゃん / ɚすぃとあろま？ / たたらん先輩
5,746,em-7e369f15337f,超辛ふとし君,6,321,659,5,attack_buff,0.2802,0.4861,96,4,8,いいえ,有砂小町 / 北間・クラリス嬢 / サルパちゃん / ɚすぃとあろま？ / 超辛ふとし君
5,747,em-02dd665173e3,超回復！反魂タン,6,600,700,4,revive,0.2797,0.5208,87,13,8,いいえ,日本海女中 / カルボ姉（ねえ） / 試作型おこしん / 家族贖罪という字面 / 超回復！反魂タン
5,748,em-8ed9900f451e,めい子ちゃん,4,281,309,5,attribute_guard,0.2794,0.5347,94,6,8,いいえ,有砂小町 / えかちぇたん / トマティーナ少佐 / トキシッくんｵｯｽｵｯｽ / めい子ちゃん
5,749,em-9599a14be3a9,歴戦の剣闘士,10,350,1058,5,attack_buff,0.2791,0.4931,100,0,8,いいえ,有砂小町 / 北間・クラリス嬢 / サルパちゃん / ɚすぃとあろま？ / 歴戦の剣闘士
5,750,em-58f4a804ff7f,マリンな白良さん,12,710,694,4,attack_buff,0.2789,0.4931,96,4,8,いいえ,ハリウッドナナコ師匠 / えかちぇたん / ????? / ブハラ師匠 / マリンな白良さん
5,751,em-0697e2f112ca,ケンＺＯ１号,4,102,510,5,attack_buff,0.2789,0.4792,94,6,8,いいえ,有砂小町 / 北間・クラリス嬢 / サルパちゃん / ɚすぃとあろま？ / ケンＺＯ１号
5,752,em-c5dbda5d8d5b,湘南パボーイ,12,318,911,4,attack_buff,0.2777,0.5,96,4,8,いいえ,ハリウッドナナコ師匠 / えかちぇたん / ????? / ブハラ師匠 / 湘南パボーイ
5,753,em-c358b6553866,ご機嫌斜めのウィーン様,58,4941,2896,5,attack_buff,0.2777,0.3194,82,18,4,いいえ,魚臣！又土くん / ペーチパイセン / ウナギーヌ課長 / のり男さん / ご機嫌斜めのウィーン様
5,754,em-ee410ddd5211,鹿苑師匠,6,500,480,5,revive,0.2773,0.5208,87,13,8,いいえ,日本海女中 / カルボ姉（ねえ） / 試作型おこしん / 家族贖罪という字面 / 鹿苑師匠
5,755,em-1287aab83f7d,驚愕！深海のあん子,5,400,400,4,heal,0.2772,0.5,86,14,8,いいえ,日本海女中 / カルボ姉（ねえ） / 試作型おこしん / 家族贖罪という字面 / 驚愕！深海のあん子
5,756,em-f86c4c085efd,メガネ系ほぬー類,12,700,600,4,skill_reduction,0.2769,0.4861,100,0,8,いいえ,ダリア・宮子・9 / カルボ姉（ねえ） / トマティーナ少佐 / ɚすぃとあろま？ / メガネ系ほぬー類
5,757,em-020eecb1db52,草カロ四朗,4,296,316,7,heal,0.2768,0.5139,85,15,8,いいえ,日本海女中 / カルボ姉（ねえ） / 試作型おこしん / 家族贖罪という字面 / 草カロ四朗
5,758,em-17e6d828aa8d,かなりたっくん,5,195,685,5,attack_buff,0.2768,0.4861,95,5,8,いいえ,有砂小町 / 北間・クラリス嬢 / サルパちゃん / ɚすぃとあろま？ / かなりたっくん
5,759,em-f1302d2783e5,八太郎,10,1200,200,7,delay,0.2765,0.5139,100,0,7,いいえ,ダリア・宮子・9 / カルボ姉（ねえ） / すわ子isGOD！ / ɚすぃとあろま？ / 八太郎
5,760,em-9aec6212c779,白水兄さん,8,580,626,8,aoe_attack,0.2757,0.4861,75,25,8,いいえ,タキシラ師匠 / カルボ姉（ねえ） / サルパちゃん / ????? / 白水兄さん
5,761,em-08c1cf17f632,青竜けいび,4,345,400,6,heal,0.2755,0.5139,85,15,8,いいえ,日本海女中 / カルボ姉（ねえ） / 試作型おこしん / 家族贖罪という字面 / 青竜けいび
5,762,em-4b8a1db2788c,ニートな浅子さん,4,112,418,5,attack_buff,0.275,0.4861,94,6,8,いいえ,有砂小町 / 北間・クラリス嬢 / サルパちゃん / ɚすぃとあろま？ / ニートな浅子さん
5,763,em-9bac78901113,有馬すん,5,375,405,6,heal,0.2746,0.5139,86,14,8,いいえ,日本海女中 / カルボ姉（ねえ） / 試作型おこしん / 家族贖罪という字面 / 有馬すん
5,764,em-94033ed8057b,幽子さん,4,300,312,8,revive,0.2743,0.5208,85,15,8,いいえ,日本海女中 / カルボ姉（ねえ） / 試作型おこしん / 家族贖罪という字面 / 幽子さん
5,765,em-4a6952f30578,愛犬八太郎,11,1700,300,6,delay,0.2743,0.4861,99,1,8,いいえ,ダリア・宮子・9 / カルボ姉（ねえ） / トマティーナ少佐 / ɚすぃとあろま？ / 愛犬八太郎
5,766,em-5e86bff12fb7,ピリ辛ふとし君,5,211,569,5,attack_buff,0.2737,0.4931,95,5,8,いいえ,有砂小町 / 北間・クラリス嬢 / サルパちゃん / ɚすぃとあろま？ / ピリ辛ふとし君
5,767,em-e275020a88a0,あん子ちゃん,4,289,300,4,heal,0.2733,0.5069,85,15,8,いいえ,日本海女中 / カルボ姉（ねえ） / 試作型おこしん / 家族贖罪という字面 / あん子ちゃん
5,768,em-fa09a3c6aeb6,アイヤーさん,8,314,913,5,attack_buff,0.2732,0.4861,98,2,8,いいえ,有砂小町 / 北間・クラリス嬢 / サルパちゃん / ɚすぃとあろま？ / アイヤーさん
5,769,em-cc9db541b1b4,メル子さん,9,600,700,4,attack_buff,0.2725,0.5,99,1,8,いいえ,有砂小町 / 北間・クラリス嬢 / サルパちゃん / ɚすぃとあろま？ / メル子さん
5,770,em-fe5e7769aa81,鹿苑先輩,5,390,390,5,revive,0.272,0.5208,86,14,8,いいえ,日本海女中 / カルボ姉（ねえ） / 試作型おこしん / 家族贖罪という字面 / 鹿苑先輩
5,771,em-f074d8bb177d,たっくん,4,95,507,5,attack_buff,0.2719,0.4931,94,6,8,いいえ,有砂小町 / 北間・クラリス嬢 / サルパちゃん / ɚすぃとあろま？ / たっくん
5,772,em-92e16a3efe92,ク・うぃーん王女,12,1100,1100,5,attribute_change,0.2717,0.5,100,0,8,いいえ,ダリア・宮子・9 / カルボ姉（ねえ） / トマティーナ少佐 / ɚすぃとあろま？ / ク・うぃーん王女
5,773,em-c19b90bf546d,芋煮太郎,4,510,102,7,multi_hit_attack,0.2712,0.5139,94,6,8,いいえ,有砂小町 / 北間・クラリス嬢 / サルパちゃん / ɚすぃとあろま？ / 芋煮太郎
5,774,em-462884d3af90,青竜ニート,4,346,397,6,heal,0.2705,0.5,85,15,8,いいえ,日本海女中 / カルボ姉（ねえ） / 試作型おこしん / 家族贖罪という字面 / 青竜ニート
5,775,em-c5623c38fcb8,反魂タン,5,500,600,4,revive,0.2697,0.5069,86,14,8,いいえ,日本海女中 / カルボ姉（ねえ） / 試作型おこしん / 家族贖罪という字面 / 反魂タン
5,776,em-b3d6d1b7e1a8,たたらん,6,500,300,5,attack_buff,0.2696,0.4792,96,4,8,いいえ,有砂小町 / 北間・クラリス嬢 / サルパちゃん / ɚすぃとあろま？ / たたらん
5,777,em-c687e673c7ff,有馬ん,4,285,317,7,heal,0.2686,0.5139,85,15,8,いいえ,日本海女中 / カルボ姉（ねえ） / 試作型おこしん / 家族贖罪という字面 / 有馬ん
5,778,em-2f8589eed296,畳リーゼント,7,300,700,4,attack_buff,0.2682,0.4861,97,3,8,いいえ,有砂小町 / 北間・クラリス嬢 / サルパちゃん / ɚすぃとあろま？ / 畳リーゼント
5,779,em-8532615661b1,ハズクさん,10,500,400,8,multi_hit_attack,0.2682,0.4861,100,0,8,いいえ,有砂小町 / 北間・クラリス嬢 / サルパちゃん / ɚすぃとあろま？ / ハズクさん
5,780,em-0c10b95e36c6,激走！えるたそ,10,900,800,4,attack_buff,0.2681,0.5,77,23,8,いいえ,タキシラ師匠 / カルボ姉（ねえ） / サルパちゃん / ????? / 激走！えるたそ
5,781,em-57fe43e7ea10,鹿苑さん,4,307,295,6,revive,0.2679,0.5208,85,15,8,いいえ,日本海女中 / カルボ姉（ねえ） / 試作型おこしん / 家族贖罪という字面 / 鹿苑さん
5,782,em-aeb1959eaece,ＫＲ２ジョー軍曹,9,394,1010,4,attack_buff,0.2673,0.4931,99,1,8,いいえ,有砂小町 / 北間・クラリス嬢 / サルパちゃん / ɚすぃとあろま？ / ＫＲ２ジョー軍曹
5,783,em-70d6edc2819a,熟練の剣闘士,8,265,940,5,attack_buff,0.2673,0.4861,98,2,8,いいえ,有砂小町 / 北間・クラリス嬢 / サルパちゃん / ɚすぃとあろま？ / 熟練の剣闘士
5,784,em-74ebc57ab0a9,ニーハオさん,12,397,1216,5,attack_buff,0.2673,0.4722,79,21,8,いいえ,タキシラ師匠 / カルボ姉（ねえ） / サルパちゃん / ????? / ニーハオさん
5,785,em-71b88b3e60d7,迷菓ぴよ子,4,346,356,5,attack_buff,0.2664,0.4861,94,6,8,いいえ,有砂小町 / 北間・クラリス嬢 / サルパちゃん / ɚすぃとあろま？ / 迷菓ぴよ子
5,786,em-47f3be71ea63,青竜むりょく,4,198,189,6,heal,0.2657,0.5069,85,15,8,いいえ,日本海女中 / カルボ姉（ねえ） / 試作型おこしん / 家族贖罪という字面 / 青竜むりょく
5,787,em-14ab1de959d7,あくせんと・きゃー子,18,1400,400,6,attribute_change,0.2656,0.5139,100,0,8,いいえ,(Ｕ^ω^)亭馬琴 / えかちぇたん / サルパちゃん / トキシッくんｵｯｽｵｯｽ / あくせんと・きゃー子
5,788,em-f78f249e0088,剣闘士,7,168,812,5,attack_buff,0.2654,0.4931,97,3,8,いいえ,有砂小町 / 北間・クラリス嬢 / サルパちゃん / ɚすぃとあろま？ / 剣闘士
5,789,em-fa255d19986d,出発！えるたそ,8,800,700,4,attack_buff,0.2637,0.4861,98,2,8,いいえ,有砂小町 / 北間・クラリス嬢 / サルパちゃん / ɚすぃとあろま？ / 出発！えるたそ
5,790,em-0f4d66009260,叡智通,4,280,332,4,attack_buff,0.2632,0.4792,94,6,8,いいえ,有砂小町 / 北間・クラリス嬢 / サルパちゃん / ɚすぃとあろま？ / 叡智通
5,791,em-3a3a23655699,とりころん・ぴー子,16,1200,300,7,attribute_change,0.2623,0.5,100,0,8,いいえ,ダリア・宮子・9 / ペーチパイセン / すわ子isGOD！ / ????? / とりころん・ぴー子
5,792,em-804c07b6fa9a,メル子ちゃん,6,400,600,4,attack_buff,0.262,0.4861,96,4,8,いいえ,有砂小町 / 北間・クラリス嬢 / サルパちゃん / ɚすぃとあろま？ / メル子ちゃん
5,793,em-60119eda4c9c,猿田彦大先輩,80,7838,7157,5,attack_buff,0.2615,0.3333,99,1,4,いいえ,ハントンくん / 猫キャットマンジョン / 覚醒ニート / あっぴーちゃん / 猿田彦大先輩
5,794,em-2c51c9073e5a,強化ゆる骨格のススメ,50,1704,1704,12,attribute_guard,0.2613,0.4792,98,2,7,いいえ,日本海女中 / カルボ姉（ねえ） / 試作型おこしん / 愛のぴよ子 / 強化ゆる骨格のススメ
5,795,em-a5e1e009bda8,くまのたん伝説,80,8861,8179,5,attack_buff,0.2598,0.3125,99,1,4,いいえ,ハントンくん / 猫キャットマンジョン / 覚醒ニート / あっぴーちゃん / くまのたん伝説
5,796,em-773b001a1189,おづぬ様,60,4260,6816,5,attack_buff,0.2597,0.2986,84,16,4,いいえ,魚臣！又土くん / ペーチパイセン / ウナギーヌ課長 / のり男さん / おづぬ様
5,797,em-89b0c363f296,川越マン,8,415,798,4,attack_buff,0.2588,0.4861,98,2,8,いいえ,有砂小町 / 北間・クラリス嬢 / サルパちゃん / ɚすぃとあろま？ / 川越マン
5,798,em-a84e9301da18,パワフル☆ばん馬ばん,5,600,350,4,attack_buff,0.2578,0.4861,72,28,8,いいえ,タキシラ師匠 / カルボ姉（ねえ） / サルパちゃん / ????? / パワフル☆ばん馬ばん
5,799,em-b7d1205bd3a7,すーぱーサイアン,60,5964,5964,12,attack_buff,0.2563,0.3264,84,16,4,いいえ,魚臣！又土くん / ペーチパイセン / ウナギーヌ課長 / のり男さん / すーぱーサイアン
5,800,em-79dd6c0e027e,ロックなじとっ子君,6,365,585,5,attack_buff,0.2562,0.4792,96,4,8,いいえ,有砂小町 / 北間・クラリス嬢 / サルパちゃん / ɚすぃとあろま？ / ロックなじとっ子君
5,801,em-1e1a4317070b,ＫＲ２ジョー,8,295,910,4,attack_buff,0.2561,0.4792,98,2,8,いいえ,有砂小町 / 北間・クラリス嬢 / サルパちゃん / ɚすぃとあろま？ / ＫＲ２ジョー
5,802,em-f7484444c08c,じとっ子君,5,285,495,5,attack_buff,0.2549,0.4792,95,5,8,いいえ,有砂小町 / 北間・クラリス嬢 / サルパちゃん / ɚすぃとあろま？ / じとっ子君
5,803,em-1d7c8481ec64,にくぁうちゃん,8,314,913,4,attack_buff,0.2545,0.4792,98,2,8,いいえ,有砂小町 / 北間・クラリス嬢 / サルパちゃん / ɚすぃとあろま？ / にくぁうちゃん
5,804,em-cf865abec5e5,川越マン２世,12,516,1000,4,attack_buff,0.2544,0.4792,95,5,8,いいえ,日本海女中 / 北間・クラリス嬢 / ターヌムンゴネキ / みどりのたけしマン / 川越マン２世
5,805,em-172b59ddb28b,白虎ニート,4,314,296,5,attack_buff,0.2539,0.4792,87,13,8,いいえ,日本海女中 / 北間・クラリス嬢 / ターヌムンゴネキ / みどりのたけしマン / 白虎ニート
5,806,em-dc6446295503,ハズクちゃん,8,400,300,9,multi_hit_attack,0.2535,0.4722,98,2,8,いいえ,有砂小町 / 北間・クラリス嬢 / サルパちゃん / ɚすぃとあろま？ / ハズクちゃん
5,807,em-16634f0d7475,どーよさん,12,400,1200,5,attack_buff,0.2529,0.4792,95,5,8,いいえ,日本海女中 / 北間・クラリス嬢 / ターヌムンゴネキ / みどりのたけしマン / どーよさん
5,808,em-5bdefb267838,どーよくん,8,310,910,5,attack_buff,0.2523,0.4792,98,2,8,いいえ,有砂小町 / 北間・クラリス嬢 / サルパちゃん / ɚすぃとあろま？ / どーよくん
5,809,em-4052b050ef42,白虎けいび,4,295,300,5,attack_buff,0.2514,0.4722,94,6,8,いいえ,有砂小町 / 北間・クラリス嬢 / サルパちゃん / ɚすぃとあろま？ / 白虎けいび
5,810,em-20b521a22027,ふとし君,4,111,491,5,attack_buff,0.2512,0.4722,94,6,8,いいえ,有砂小町 / 北間・クラリス嬢 / サルパちゃん / ɚすぃとあろま？ / ふとし君
5,811,em-66a587f1a726,にくぁうさん,12,497,1116,4,attack_buff,0.2512,0.4722,95,5,8,いいえ,日本海女中 / 北間・クラリス嬢 / ターヌムンゴネキ / みどりのたけしマン / にくぁうさん
5,812,em-737d1a27052c,じとっ子,4,202,410,5,attack_buff,0.2477,0.4722,94,6,8,いいえ,有砂小町 / 北間・クラリス嬢 / サルパちゃん / ɚすぃとあろま？ / じとっ子
5,813,em-2a54c7e36890,ばん馬ばん,4,400,250,5,attack_buff,0.2476,0.4792,71,29,8,いいえ,タキシラ師匠 / カルボ姉（ねえ） / サルパちゃん / ????? / ばん馬ばん
5,814,em-79322ee550e2,スーパーににぎ状態,60,5623,4430,5,attack_buff,0.2454,0.3125,84,16,4,いいえ,魚臣！又土くん / ペーチパイセン / ウナギーヌ課長 / のり男さん / スーパーににぎ状態
5,815,em-eb78da4b3f28,えるたそ,6,500,400,4,attack_buff,0.2423,0.4653,96,4,8,いいえ,有砂小町 / 北間・クラリス嬢 / サルパちゃん / ɚすぃとあろま？ / えるたそ
5,816,em-fa9285840bae,白虎むりょく,4,158,149,5,attack_buff,0.2414,0.4583,94,6,8,いいえ,有砂小町 / 北間・クラリス嬢 / サルパちゃん / ɚすぃとあろま？ / 白虎むりょく
5,817,em-902bd624dbdb,パンタナルの狼男,70,5898,4260,5,revive,0.241,0.3542,94,6,4,いいえ,魚臣！又土くん / ペーチパイセン / ウナギーヌ課長 / のり男さん / パンタナルの狼男
5,818,em-b5e0f2fbff78,養老のバッカス,65,6475,3408,4,revive,0.2339,0.375,89,11,4,いいえ,魚臣！又土くん / ペーチパイセン / ウナギーヌ課長 / のり男さん / 養老のバッカス
5,819,em-c89260e1ef3b,曲芸師・ブンブク,60,6305,2996,4,revive,0.2337,0.3611,84,16,4,いいえ,魚臣！又土くん / ペーチパイセン / ウナギーヌ課長 / のり男さん / 曲芸師・ブンブク
5,820,em-0a34a4b839d5,堕落勇者オトシゴ,60,4732,5111,8,damage_reduction,0.2328,0.3056,84,16,4,いいえ,魚臣！又土くん / ペーチパイセン / ウナギーヌ課長 / のり男さん / 堕落勇者オトシゴ
5,821,em-09abce425d92,超悦者・有砂小町,60,5453,5453,5,attribute_change,0.22,0.3403,84,16,4,いいえ,魚臣！又土くん / ペーチパイセン / ウナギーヌ課長 / のり男さん / 超悦者・有砂小町
5,822,em-9c9f188ea0a8,やる気勢ナルテュール,56,1704,7838,6,attack_buff,0.2188,0.2986,80,20,4,いいえ,魚臣！又土くん / ペーチパイセン / ウナギーヌ課長 / デンマーくん二世 / やる気勢ナルテュール
5,823,em-337e85c2cd90,ユーコ☆スターダスト,60,6053,4354,4,revive,0.2164,0.3403,84,16,4,いいえ,魚臣！又土くん / ペーチパイセン / ウナギーヌ課長 / のり男さん / ユーコ☆スターダスト
5,824,em-32f5c4968406,正月カナちゃん。,66,5282,5282,6,revive,0.21,0.3403,90,10,4,いいえ,魚臣！又土くん / ペーチパイセン / ウナギーヌ課長 / のり男さん / 正月カナちゃん。
5,825,em-299bbc95ef27,タコンナ,60,4260,5964,5,heal,0.2093,0.3056,84,16,4,いいえ,魚臣！又土くん / ペーチパイセン / ウナギーヌ課長 / のり男さん / タコンナ
5,826,em-11f22e87203d,骨喰　花蟲,60,2300,5708,4,revive,0.2032,0.3194,80,20,4,いいえ,ハントンくん / 覚醒ニート / 覚醒けいび / リンゴール伯爵 / 骨喰　花蟲
5,827,em-5f292317fd1c,墨染のＰＬぴよ子,60,3656,3656,5,attribute_change,0.1767,0.3056,84,16,4,いいえ,魚臣！又土くん / ペーチパイセン / ウナギーヌ課長 / のり男さん / 墨染のＰＬぴよ子
5,828,em-5c3bfcbbd109,ネギさん,80,4260,4260,500,attack_buff,0.1431,0.25,99,1,4,いいえ,ハントンくん / 猫キャットマンジョン / 覚醒ニート / あっぴーちゃん / ネギさん
5,829,em-eb4ef5fa8f2f,応援ぴよ子団長,60,1111,1111,12,attack_buff,0.1365,0.2222,84,16,4,いいえ,魚臣！又土くん / ペーチパイセン / ウナギーヌ課長 / デンマーくん二世 / 応援ぴよ子団長
5,830,em-0454ff15fbd8,米倉英夫(ゆる),55,1,1,55,attribute_change,0.125,0.2847,100,0,5,いいえ,青玉の供犠ぴよ子 / 北間・クラリス嬢 / トリニダの怪人 / グラディ瑛太 / 米倉英夫(ゆる)
5,831,em-5c8b9af61816,ぴっよコイン先生,60,1111,1111,12,damage_reduction,0.1227,0.2222,84,16,4,いいえ,魚臣！又土くん / ペーチパイセン / ウナギーヌ課長 / デンマーくん二世 / ぴっよコイン先生
5,832,em-7fe5a2875793,米倉英子(大学生),55,1,1,555,attack_buff,0.1119,0.2847,100,0,5,いいえ,青玉の供犠ぴよ子 / 北間・クラリス嬢 / トリニダの怪人 / グラディ瑛太 / 米倉英子(大学生)
5,833,em-b2125332555b,呵々Doの閑雅・ルー,85,9883,4771,5,guard,0,0,101,0,0,いいえ,
5,834,em-22f9d46fe6f4,ウサウサ八幡,88,10872,5964,6,skill_reduction,0,0,101,0,0,いいえ,
5,835,em-523af93f71e3,神田祭らーの集い,88,5027,6901,4,aoe_attack,0,0,101,0,0,いいえ,
5,836,em-5e67f5f55234,?????,88,10224,4941,5,attack_buff,0,0,101,0,0,いいえ,
5,837,em-a78326864213,発音王・S・サイアン,88,10650,6560,8,attack_buff,0,0,101,0,0,いいえ,
5,838,em-de301e40803c,どうしんフェス様,88,6816,4515,5,heal,0,0,101,0,0,いいえ,
5,839,em-4d4a6386f8f8,九周年ぴよ子,99,6815,5111,5,guard,0,0,101,0,0,いいえ,
5,840,em-0c2d5864e3da,グルグルなたまご,100,1,1,100,delay,0,0,101,0,0,いいえ,
5,841,em-0c70f71e4c1a,ルナのたまご,100,1,1,999,attack_buff,0,0,101,0,0,いいえ,
5,842,em-4ee2ea427154,タルタルなたまご,100,1,1,12,attribute_change,0,0,101,0,0,いいえ,
5,843,em-53ece7a43871,キステチスのたまご,100,1,1,40,guard,0,0,101,0,0,いいえ,
